motivo_rejeicao,nome_original_csv,nome_limpo,estado,data_publicacao,tipo_ato,cargo,orgao,fonte_url,arquivo_markdown,arquivo_csv,linha_csv
inicio_suspeito;termo_administrativo,VINCULADO À GERÊNCIA DE GESTÃO DE RISCOS CORPORATIVOS - GERCO,VINCULADO À GERÊNCIA DE GESTÃO DE RISCOS CORPORATIVOS - GERCO,RJ,2024-12-23,exoneracao,,,https://www.ioerj.com.br/portal/modules/conteudoonline/mostra_edicao.php?session=VDFSR1FrMUVhekpSYTFGMFVsVk9SMDVETURCUmEwMHpURlZKZVU5RlZYUk9hbEpHVVZWVk1rNUVSa2RPYTBVd1RWUmpNMDU2VlhoUFJGbDZUMEU5UFE9PQ==,LAKE\RJ\2024\12\DOERJ_PARTE_I_PODER_EXECUTIVO_2024-12-23.md,saida\RJ\DOERJ_2024.csv,38
tem_numero;termo_administrativo,BEM COMO QUAISQUER NOMEAÇÕES E EXO￾NERAÇÕES CONFORME O DISPOSTO NO ARTIGO 5º DO,BEM COMO QUAISQUER NOMEAÇÕES E EXO￾NERAÇÕES CONFORME O DISPOSTO NO ARTIGO 5º DO,RJ,2024-12-20,exoneracao,,,https://www.ioerj.com.br/portal/modules/conteudoonline/mostra_edicao.php?session=VGxSTmVWRnFWa0pOYWsxMFRXcGplRkY1TURCTmFrRjRURlJuZUUxcVkzUlJhbU40VFdwV1FrMTZUa2RSVlU1SFRWUmpNMDU2VlhoUFJGa3dUWGM5UFE9PQ==,LAKE\RJ\2024\12\DOERJ_PARTE_I_PODER_EXECUTIVO_2024-12-20.md,saida\RJ\DOERJ_2024.csv,63
inicio_suspeito;frase_administrativa;termo_administrativo,OS CANDIDATOS ABAIXO RELACIONADOS,OS CANDIDATOS ABAIXO RELACIONADOS,RJ,2024-12-10,nomeacao,,,https://www.ioerj.com.br/portal/modules/conteudoonline/mostra_edicao.php?session=VFhwbmQwNXJWa0pOVlVsMFVWUk5NMDE1TURCT1JFVTBURlZHUkZGVldYUlJWRnBIVFd0T1IwMXFXWGROZWxWNFRWUmpNMDU2VlhoUFJGazBUWGM5UFE9PQ==,LAKE\RJ\2024\12\DOERJ_PARTE_I_PODER_EXECUTIVO_2024-12-10.md,saida\RJ\DOERJ_2024.csv,183
termo_administrativo,ENTIDADE VINCULADA À,ENTIDADE VINCULADA À,RJ,2024-12-10,nomeacao,,do Departamento de Trânsito do Estado do Rio de Janeiro - DETRAN/RJ,https://www.ioerj.com.br/portal/modules/conteudoonline/mostra_edicao.php?session=VFhwbmQwNXJWa0pOVlVsMFVWUk5NMDE1TURCT1JFVTBURlZHUkZGVldYUlJWRnBIVFd0T1IwMXFXWGROZWxWNFRWUmpNMDU2VlhoUFJGazBUWGM5UFE9PQ==,LAKE\RJ\2024\12\DOERJ_PARTE_I_PODER_EXECUTIVO_2024-12-10.md,saida\RJ\DOERJ_2024.csv,226
inicio_suspeito;termo_administrativo,POR NÃO CONTAR COM ESTES PROFISSIONAIS NA UNIDADE PRISIONAL,POR NÃO CONTAR COM ESTES PROFISSIONAIS NA UNIDADE PRISIONAL,RJ,2024-11-22,nomeacao,,,https://www.ioerj.com.br/portal/modules/conteudoonline/mostra_edicao.php?session=VVZWRk1FMUVUa1JPYTFsMFRrVkdRMDU1TURCU2Ewa3hURlJyZWsxcVZYUlNWRmt3VWxSSmVVMXFRVEZTYWxVd1RWUmpNMDU2VlhoUFJHTjZUbWM5UFE9PQ==,LAKE\RJ\2024\11\DOERJ_PARTE_I_PODER_EXECUTIVO_2024-11-22.md,saida\RJ\DOERJ_2024.csv,623
menos_de_2_tokens;tem_numero,SEI-210001/090177/2024. ID: 2608401,SEI-210001/090177/2024,RJ,2024-11-14,nomeacao,,,https://www.ioerj.com.br/portal/modules/conteudoonline/mostra_edicao.php?session=VWxSbk5FMHdVWGhQVlZWMFVXcEtRMDE1TURCU1JGcEhURlJvUWxGNlZYUk9lbHBDVFhwWk5WRXdUWHBTYTBaRVRWUmpNMDU2VlhoUFJHTXdUbWM5UFE9PQ==,LAKE\RJ\2024\11\DOERJ_PARTE_I_PODER_EXECUTIVO_2024-11-14.md,saida\RJ\DOERJ_2024.csv,674
inicio_suspeito,OS NOMES DOS AVALIADORES,OS NOMES DOS AVALIADORES,RJ,2024-11-13,nomeacao,,,https://www.ioerj.com.br/portal/modules/conteudoonline/mostra_edicao.php?session=VWxSYVFsSlViRU5SVkdkMFRsUkNSVTVETURCUmVrVjZURlZGZVU5RVZYUk5WR3hFVG10T1JsRjZXVE5OZWtreFRWUmpNMDU2VlhoUFJHTXhUWGM5UFE9PQ==,LAKE\RJ\2024\11\DOERJ_PARTE_I_PODER_EXECUTIVO_2024-11-13.md,saida\RJ\DOERJ_2024.csv,715
inicio_suspeito;termo_administrativo,CONFORME PRECEITUA O,CONFORME PRECEITUA O,RJ,2024-11-11,nomeacao,,,https://www.ioerj.com.br/portal/modules/conteudoonline/mostra_edicao.php?session=VFdwRk5WSnFTVFZQUkZWMFRWUlplRkpwTURCTmVrRjVURlZLUlZGNlRYUlJWVlV4VGpCSmVsRlVVa1pOZW1zd1RWUmpNMDU2VlhoUFJHTXlUV2M5UFE9PQ==,LAKE\RJ\2024\11\DOERJ_PARTE_I_PODER_EXECUTIVO_2024-11-11.md,saida\RJ\DOERJ_2024.csv,836
tem_numero;termo_administrativo,AUDITOR FISCAL DA RECEITA ESTA￾DUAL DE 1ª CATEGORIA,AUDITOR FISCAL DA RECEITA ESTA￾DUAL DE 1ª CATEGORIA,RJ,2024-11-07,nomeacao,,da Subsecretaria de Es￾tado de Receita,https://www.ioerj.com.br/portal/modules/conteudoonline/mostra_edicao.php?session=VDFST1FsRnFVVE5PVkd0MFRWUmFSazlETURCU1ZHc3pURlZHUWxKRlNYUlJWVkpFVDBWV1IxSlZTa2RPVkVrMVRWUmpNMDU2VlhoUFJHTXpUVkU5UFE9PQ==,LAKE\RJ\2024\11\DOERJ_PARTE_I_PODER_EXECUTIVO_2024-11-07.md,saida\RJ\DOERJ_2024.csv,873
termo_administrativo,ENTIDADE VINCULADA À,ENTIDADE VINCULADA À,RJ,2024-11-06,nomeacao,,do Departamento de Trânsito do Estado do Rio de Janeiro - DETRAN/RJ,https://www.ioerj.com.br/portal/modules/conteudoonline/mostra_edicao.php?session=VGtSWk5VMHdXa1JTUkdkMFVWVlJOVkY1TURCTlZWSkRURlZGTWxGVWEzUk5SRTB3VVdwWk0wMXJVa1ZOVkdkNlRWUmpNMDU2VlhoUFJHTXpUbWM5UFE9PQ==,LAKE\RJ\2024\11\DOERJ_PARTE_I_PODER_EXECUTIVO_2024-11-06.md,saida\RJ\DOERJ_2024.csv,974
tem_numero,MATRÍ￾CULA 2036”... LEIA-SE: ... “,MATRÍ￾CULA 2036”... LEIA-SE: ... “,RJ,2024-11-05,exoneracao,,,https://www.ioerj.com.br/portal/modules/conteudoonline/mostra_edicao.php?session=VFdwck1FMUVWWGxOUlVWMFVWUkJOVTFETURCTlJWSkVURlJuZVU1clJYUlBWRVUwVVhwSk0xRnFaRVZOUlUxNFRWUmpNMDU2VlhoUFJHTTBUV2M5UFE9PQ==,LAKE\RJ\2024\11\DOERJ_PARTE_I_PODER_EXECUTIVO_2024-11-05.md,saida\RJ\DOERJ_2024.csv,1021
tem_numero,MA￾TRÍCULA 2036”... ID: 2605926 COMPANHIA ESTADUAL DE ÁGUAS E ESGOTOS,MA￾TRÍCULA 2036”,RJ,2024-11-05,exoneracao,,,https://www.ioerj.com.br/portal/modules/conteudoonline/mostra_edicao.php?session=VFdwck1FMUVWWGxOUlVWMFVWUkJOVTFETURCTlJWSkVURlJuZVU1clJYUlBWRVUwVVhwSk0xRnFaRVZOUlUxNFRWUmpNMDU2VlhoUFJHTTBUV2M5UFE9PQ==,LAKE\RJ\2024\11\DOERJ_PARTE_I_PODER_EXECUTIVO_2024-11-05.md,saida\RJ\DOERJ_2024.csv,1022
inicio_suspeito;muito_longo,OS POLICIAIS DA RESERVA RE￾MUNERADA EMPREGADOS NO PROGRAMA TAREFA POR TEMPO CERTO,OS POLICIAIS DA RESERVA RE￾MUNERADA EMPREGADOS NO PROGRAMA TAREFA POR TEMPO CERTO,RJ,2024-11-05,exoneracao,,,https://www.ioerj.com.br/portal/modules/conteudoonline/mostra_edicao.php?session=VFdwck1FMUVWWGxOUlVWMFVWUkJOVTFETURCTlJWSkVURlJuZVU1clJYUlBWRVUwVVhwSk0xRnFaRVZOUlUxNFRWUmpNMDU2VlhoUFJHTTBUV2M5UFE9PQ==,LAKE\RJ\2024\11\DOERJ_PARTE_I_PODER_EXECUTIVO_2024-11-05.md,saida\RJ\DOERJ_2024.csv,1026
tem_numero;termo_administrativo,BEM COMO QUAISQUER NOMEAÇÕES E EXO￾NERAÇÕES CONFORME O DISPOSTO NO ARTIGO 5º DO,BEM COMO QUAISQUER NOMEAÇÕES E EXO￾NERAÇÕES CONFORME O DISPOSTO NO ARTIGO 5º DO,RJ,2024-11-05,exoneracao,,,https://www.ioerj.com.br/portal/modules/conteudoonline/mostra_edicao.php?session=VFdwck1FMUVWWGxOUlVWMFVWUkJOVTFETURCTlJWSkVURlJuZVU1clJYUlBWRVUwVVhwSk0xRnFaRVZOUlUxNFRWUmpNMDU2VlhoUFJHTTBUV2M5UFE9PQ==,LAKE\RJ\2024\11\DOERJ_PARTE_I_PODER_EXECUTIVO_2024-11-05.md,saida\RJ\DOERJ_2024.csv,1028
inicio_suspeito;termo_administrativo,DESTA IMPRENSA OFICIAL DO ESTADO DO RIO DE JANEIRO,DESTA IMPRENSA OFICIAL DO ESTADO DO RIO DE JANEIRO,RJ,2024-11-04,exoneracao,,,https://www.ioerj.com.br/portal/modules/conteudoonline/mostra_edicao.php?session=VG1wbk1WSlZTa1pSVkZGMFRWUnNRMDFETURCU2EwWkRURlZKZUU5VVozUk5WRlV6VVZWRk0xSkZUa1ZQUlVVd1RWUmpNMDU2VlhoUFJHTTBUbWM5UFE9PQ==,LAKE\RJ\2024\11\DOERJ_PARTE_I_PODER_EXECUTIVO_2024-11-04.md,saida\RJ\DOERJ_2024.csv,1122
termo_administrativo,(UM) SERVIDOR PARA,(UM) SERVIDOR PARA,RJ,2024-11-04,nomeacao,,,https://www.ioerj.com.br/portal/modules/conteudoonline/mostra_edicao.php?session=VG1wbk1WSlZTa1pSVkZGMFRWUnNRMDFETURCU2EwWkRURlZKZUU5VVozUk5WRlV6VVZWRk0xSkZUa1ZQUlVVd1RWUmpNMDU2VlhoUFJHTTBUbWM5UFE9PQ==,LAKE\RJ\2024\11\DOERJ_PARTE_I_PODER_EXECUTIVO_2024-11-04.md,saida\RJ\DOERJ_2024.csv,1124
inicio_suspeito,DE AMARO VITOR DE SOUZA DELFINO,DE AMARO VITOR DE SOUZA DELFINO,RJ,2024-10-31,exoneracao,do cargo efetivo de Assistente Previdenciário,,https://www.ioerj.com.br/portal/modules/conteudoonline/mostra_edicao.php?session=VDFWRk0wMVZWVEZPYTBWMFVtdFplbEZUTURCTlZFNUNURlJuTTFGNmEzUk5WR2hGVFVScmVrNUVTa05SVkVWNVRWUmpNMDU2VlhoUFJHTTFUbmM5UFE9PQ==,LAKE\RJ\2024\10\DOERJ_PARTE_I_PODER_EXECUTIVO_2024-10-31.md,saida\RJ\DOERJ_2024.csv,1217
inicio_suspeito,EM VIRTUDE DE HABILITAÇÃO,EM VIRTUDE DE HABILITAÇÃO,RJ,2024-10-30,nomeacao,,,https://www.ioerj.com.br/portal/modules/conteudoonline/mostra_edicao.php?session=VFVWSmVWSlVWVFJTYTFGMFQwUm9RazFUTURCUmFtc3lURlZGTlZGVlZYUk5hbWhDVFdwa1FrMXJXa05TVkVGNFRWUmpNMDU2VlhoUFJHZDNUV2M5UFE9PQ==,LAKE\RJ\2024\10\DOERJ_PARTE_I_PODER_EXECUTIVO_2024-10-30.md,saida\RJ\DOERJ_2024.csv,1246
inicio_suspeito,EM VIRTUDE DE HABILITAÇÃO E NA ORDEM DE CLASSIFICAÇÃO,EM VIRTUDE DE HABILITAÇÃO E NA ORDEM DE CLASSIFICAÇÃO,RJ,2024-10-18,nomeacao,,,https://www.ioerj.com.br/portal/modules/conteudoonline/mostra_edicao.php?session=VFdwSk1FNHdUa1pQVlVWMFRsUmpNMDVETURCTmVtUkRURlZKZUZKVVkzUlBSVlpDVWxSck5FMVZSVEJSTUZwRFRWUmpNMDU2VlhoUFJHZDZUbWM5UFE9PQ==,LAKE\RJ\2024\10\DOERJ_PARTE_I_PODER_EXECUTIVO_2024-10-18.md,saida\RJ\DOERJ_2024.csv,1467
tem_numero;inicio_suspeito;termo_administrativo;muito_longo,VINCULADA À GERÊNCIA DE ADMINISTRAÇÃO E ENGENHARIAGEADE. (REFERÊNCIA: PRO￾CESSO Nº SEI-220002/000277/2024),VINCULADA À GERÊNCIA DE ADMINISTRAÇÃO E ENGENHARIAGEADE. (REFERÊNCIA: PRO￾CESSO Nº SEI-220002/000277/2024),RJ,2024-10-15,nomeacao,,,https://www.ioerj.com.br/portal/modules/conteudoonline/mostra_edicao.php?session=VFVSRk1FNXFUVFZTYTFsMFVWUkpOVTVETURCTk1FWkRURlZGTUUxclNYUk5WRVV6VFVWWmVFMTZTVEJPVlVWNVRWUmpNMDU2VlhoUFJHY3hUV2M5UFE9PQ==,LAKE\RJ\2024\10\DOERJ_PARTE_I_PODER_EXECUTIVO_2024-10-15.md,saida\RJ\DOERJ_2024.csv,1618
termo_administrativo,LOTADO NA GERÊNCIA DE ADMINISTRA￾ÇÃO E ENGENHARIA - GEADE,LOTADO NA GERÊNCIA DE ADMINISTRA￾ÇÃO E ENGENHARIA - GEADE,RJ,2024-10-11,exoneracao,,,https://www.ioerj.com.br/portal/modules/conteudoonline/mostra_edicao.php?session=VGxSQ1JWSnJXVEZTVkZsMFRWUmFSVTVwTURCT1JVMDFURlZGTUU1clRYUk9WRUpDVDFSU1IwOVVRa2RTUlZGNVRWUmpNMDU2VlhoUFJHY3hUMEU5UFE9PQ==,LAKE\RJ\2024\10\DOERJ_PARTE_I_PODER_EXECUTIVO_2024-10-11.md,saida\RJ\DOERJ_2024.csv,1674
tem_numero;inicio_suspeito;frase_administrativa;termo_administrativo;muito_longo,VINCULADO À GERÊNCIA DE ADMINISTRAÇÃO E ENGENHARIA - GEADE. (RE￾FERÊNCIA: PROCESSO Nº SEI-220002/000275/2024),VINCULADO À GERÊNCIA DE ADMINISTRAÇÃO E ENGENHARIA - GEADE. (RE￾FERÊNCIA: PROCESSO Nº SEI-220002/000275/2024),RJ,2024-10-11,nomeacao,,,https://www.ioerj.com.br/portal/modules/conteudoonline/mostra_edicao.php?session=VGxSQ1JWSnJXVEZTVkZsMFRWUmFSVTVwTURCT1JVMDFURlZGTUU1clRYUk9WRUpDVDFSU1IwOVVRa2RTUlZGNVRWUmpNMDU2VlhoUFJHY3hUMEU5UFE9PQ==,LAKE\RJ\2024\10\DOERJ_PARTE_I_PODER_EXECUTIVO_2024-10-11.md,saida\RJ\DOERJ_2024.csv,1675
inicio_suspeito,EM VIRTUDE DE HABILITAÇÃO E NA ORDEM DE CLASSIFICAÇÃO,EM VIRTUDE DE HABILITAÇÃO E NA ORDEM DE CLASSIFICAÇÃO,RJ,2024-10-04,nomeacao,,,https://www.ioerj.com.br/portal/modules/conteudoonline/mostra_edicao.php?session=VGxWUk5FMUZXVEJPZWtsMFRVVkdSVTE1TURCTmVsVTBURlJuTWs1clRYUk5NRnBIVFZSak1rNXJVa2RSYWtGNlRWUmpNMDU2VlhoUFJHYzBUWGM5UFE9PQ==,LAKE\RJ\2024\10\DOERJ_PARTE_I_PODER_EXECUTIVO_2024-10-04.md,saida\RJ\DOERJ_2024.csv,1793
termo_administrativo,ASSISTENTE TÉCNICO DE TRÂNSITO,ASSISTENTE TÉCNICO DE TRÂNSITO,RJ,2025-12-26,exoneracao,,do Departamento de Trânsito do Estado do Rio de Janeiro - DETRAN/RJ,https://www.ioerj.com.br/portal/modules/conteudoonline/mostra_edicao.php?session=VG10RmVGRjZRVFZPVlZGMFVXcFZlVkpUTURCT2VrNUhURlJvUkU5RVJYUk9hMHBHVFdwUk0wMVZTVEZTYWtaRVRWUmpNMDU2VlhoTmFtTXpUWGM5UFE9PQ==,LAKE\RJ\2025\12\DOERJ_PARTE_I_PODER_EXECUTIVO_2025-12-26.md,saida\RJ\DOERJ_2025.csv,25
inicio_suspeito,DE ESTRATÉGIA CORPORATIVA E DE G,DE ESTRATÉGIA CORPORATIVA E DE G,RJ,2025-12-17,exoneracao,,,https://www.ioerj.com.br/portal/modules/conteudoonline/mostra_edicao.php?session=VWtSU1IwMUVhekJQUlZsMFRsVlJlRTFETURCUmFrazBURlZGZDFKRldYUlJha1Y1VGpCS1JrMUZXVEZPYWtwRFRWUmpNMDU2VlhoTmFtY3pUbEU5UFE9PQ==,LAKE\RJ\2025\12\DOERJ_PARTE_I_PODER_EXECUTIVO_2025-12-17.md,saida\RJ\DOERJ_2025.csv,158
inicio_suspeito,DE ESTRATÉGIA CORPORATIVA E DE GESTÃO DE RISCOS - DIFIN,DE ESTRATÉGIA CORPORATIVA E DE GESTÃO DE RISCOS - DIFIN,RJ,2025-12-17,exoneracao,,,https://www.ioerj.com.br/portal/modules/conteudoonline/mostra_edicao.php?session=VWtSU1IwMUVhekJQUlZsMFRsVlJlRTFETURCUmFrazBURlZGZDFKRldYUlJha1Y1VGpCS1JrMUZXVEZPYWtwRFRWUmpNMDU2VlhoTmFtY3pUbEU5UFE9PQ==,LAKE\RJ\2025\12\DOERJ_PARTE_I_PODER_EXECUTIVO_2025-12-17.md,saida\RJ\DOERJ_2025.csv,159
inicio_suspeito;termo_administrativo,POR NÃO CONTAR COM ESTES PROFISSIONAIS NA UNIDADE PRISIONAL,POR NÃO CONTAR COM ESTES PROFISSIONAIS NA UNIDADE PRISIONAL,RJ,2025-12-11,nomeacao,,,https://www.ioerj.com.br/portal/modules/conteudoonline/mostra_edicao.php?session=VWtSck1GSkVZM2xQUlZGMFVWVldRazFUTURCUlZWWkVURlZGTkZGclRYUk9hbHBEVFZWU1JWSlVVa1ZSVlVVelRWUmpNMDU2VlhoTmFtczFUMEU5UFE9PQ==,LAKE\RJ\2025\12\DOERJ_PARTE_I_PODER_EXECUTIVO_2025-12-11.md,saida\RJ\DOERJ_2025.csv,309
tem_numero;termo_administrativo,BEM COMO QUAISQUER NOMEAÇÕES E EXONERAÇÕES CONFORME O DISPOSTO NO ARTIGO 5º DO,BEM COMO QUAISQUER NOMEAÇÕES E EXONERAÇÕES CONFORME O DISPOSTO NO ARTIGO 5º DO,RJ,2025-12-11,exoneracao,,,https://www.ioerj.com.br/portal/modules/conteudoonline/mostra_edicao.php?session=VWtSck1GSkVZM2xQUlZGMFVWVldRazFUTURCUlZWWkVURlZGTkZGclRYUk9hbHBEVFZWU1JWSlVVa1ZSVlVVelRWUmpNMDU2VlhoTmFtczFUMEU5UFE9PQ==,LAKE\RJ\2025\12\DOERJ_PARTE_I_PODER_EXECUTIVO_2025-12-11.md,saida\RJ\DOERJ_2025.csv,310
inicio_suspeito,EM VIRTUDE DE HABILITAÇÃO,EM VIRTUDE DE HABILITAÇÃO,RJ,2025-12-10,nomeacao,,,https://www.ioerj.com.br/portal/modules/conteudoonline/mostra_edicao.php?session=VFZSR1JVNXJSWGxTYTBsMFQwUkZOVTlUTURCTmEwVTFURlJuZUUxVVozUlNSVkV6VFZWTk1sRjZXa1JTUkZWNlRWUmpNMDU2VlhoTmVrRjZUVUU5UFE9PQ==,LAKE\RJ\2025\12\DOERJ_PARTE_I_PODER_EXECUTIVO_2025-12-10.md,saida\RJ\DOERJ_2025.csv,311
inicio_suspeito,EM VIRTUDE DE HABILITAÇÃO,EM VIRTUDE DE HABILITAÇÃO,RJ,2025-12-08,nomeacao,,,https://www.ioerj.com.br/portal/modules/conteudoonline/mostra_edicao.php?session=VG1wVmVrMHdXWHBPUlZWMFRXcGtSVTVwTURCUmFtaEZURlZHUTA5RlNYUk9la2t6VFhwQ1JGRlVXa1JSYW1oRVRWUmpNMDU2VlhoTmVrRXpUbWM5UFE9PQ==,LAKE\RJ\2025\12\DOERJ_PARTE_I_PODER_EXECUTIVO_2025-12-08.md,saida\RJ\DOERJ_2025.csv,345
inicio_suspeito,EM VIRTUDE DE HABILITAÇÃO,EM VIRTUDE DE HABILITAÇÃO,RJ,2025-12-08,nomeacao,,,https://www.ioerj.com.br/portal/modules/conteudoonline/mostra_edicao.php?session=VG1wVmVrMHdXWHBPUlZWMFRXcGtSVTVwTURCUmFtaEZURlZHUTA5RlNYUk9la2t6VFhwQ1JGRlVXa1JSYW1oRVRWUmpNMDU2VlhoTmVrRXpUbWM5UFE9PQ==,LAKE\RJ\2025\12\DOERJ_PARTE_I_PODER_EXECUTIVO_2025-12-08.md,saida\RJ\DOERJ_2025.csv,346
tem_numero;termo_administrativo;muito_longo,LOTADA NA GERÊNCIA DE CONTRATOS E LICITAÇÕES - GECLA. (PROC SEI-220002/000470/2025),LOTADA NA GERÊNCIA DE CONTRATOS E LICITAÇÕES - GECLA. (PROC SEI-220002/000470/2025),RJ,2025-11-27,exoneracao,,,https://www.ioerj.com.br/portal/modules/conteudoonline/mostra_edicao.php?session=VGpCT1JWSnFRa2RPYTFsMFQxUkZNbEpETURCTlJGa3dURlJzUTA5RlRYUk9hbVJIVDFWVk0wMHdSVEpPUkZsNlRWUmpNMDU2VlhoTmVra3dUbEU5UFE9PQ==,LAKE\RJ\2025\11\DOERJ_PARTE_I_PODER_EXECUTIVO_2025-11-27.md,saida\RJ\DOERJ_2025.csv,647
inicio_suspeito;termo_administrativo,VINCULADA À GERÊNCIA DE CONTRATOS E LICITAÇÕESGECLA,VINCULADA À GERÊNCIA DE CONTRATOS E LICITAÇÕESGECLA,RJ,2025-11-27,nomeacao,,,https://www.ioerj.com.br/portal/modules/conteudoonline/mostra_edicao.php?session=VGpCT1JWSnFRa2RPYTFsMFQxUkZNbEpETURCTlJGa3dURlJzUTA5RlRYUk9hbVJIVDFWVk0wMHdSVEpPUkZsNlRWUmpNMDU2VlhoTmVra3dUbEU5UFE9PQ==,LAKE\RJ\2025\11\DOERJ_PARTE_I_PODER_EXECUTIVO_2025-11-27.md,saida\RJ\DOERJ_2025.csv,648
termo_administrativo,LOTADO NA PRESIDÊNCIA - PRESI,LOTADO NA PRESIDÊNCIA - PRESI,RJ,2025-11-26,exoneracao,,,https://www.ioerj.com.br/portal/modules/conteudoonline/mostra_edicao.php?session=VFVWR1JFNHdXVFJPTUZWMFQwUlJlbEZUTURCT1JGSkRURlJyTVUwd1NYUk5WVTB6VFRCR1JFMHdSVE5PUlUwMVRWUmpNMDU2VlhoTmVra3pUMEU5UFE9PQ==,LAKE\RJ\2025\11\DOERJ_PARTE_I_PODER_EXECUTIVO_2025-11-26.md,saida\RJ\DOERJ_2025.csv,680
tem_numero;inicio_suspeito,QUE SERÃO REPRESENTANTES DA SOCIEDADE CIVIL E 1 (UM) REPRESENTANTE DA,QUE SERÃO REPRESENTANTES DA SOCIEDADE CIVIL E 1 (UM) REPRESENTANTE DA,RJ,2025-11-26,nomeacao,,,https://www.ioerj.com.br/portal/modules/conteudoonline/mostra_edicao.php?session=VFVWR1JFNHdXVFJPTUZWMFQwUlJlbEZUTURCT1JGSkRURlJyTVUwd1NYUk5WVTB6VFRCR1JFMHdSVE5PUlUwMVRWUmpNMDU2VlhoTmVra3pUMEU5UFE9PQ==,LAKE\RJ\2025\11\DOERJ_PARTE_I_PODER_EXECUTIVO_2025-11-26.md,saida\RJ\DOERJ_2025.csv,681
termo_administrativo,ASSISTENTE TÉCNICO DE TRÂNSITO,ASSISTENTE TÉCNICO DE TRÂNSITO,RJ,2025-11-25,exoneracao,,do Departamento de Trânsito do Estado do Rio de Janeiro - DETRAN/RJ,https://www.ioerj.com.br/portal/modules/conteudoonline/mostra_edicao.php?session=VW10YVJFMXFZelJOZWtWMFVXdEZlVkY1TURCUFJHTjZURlZLUjA5RVRYUlNWRVpDVFd0SmVVNUZTa1pPYTFwSFRWUmpNMDU2VlhoTmVrazFUbEU5UFE9PQ==,LAKE\RJ\2025\11\DOERJ_PARTE_I_PODER_EXECUTIVO_2025-11-25.md,saida\RJ\DOERJ_2025.csv,682
tem_numero;inicio_suspeito;termo_administrativo,VINCULADO À PRESIDÊNCIA - PRESI. PROC. SEI-220002/000443/2025,VINCULADO À PRESIDÊNCIA - PRESI. PROC. SEI-220002/000443/2025,RJ,2025-11-25,exoneracao,,,https://www.ioerj.com.br/portal/modules/conteudoonline/mostra_edicao.php?session=VW10YVJFMXFZelJOZWtWMFVXdEZlVkY1TURCUFJHTjZURlZLUjA5RVRYUlNWRVpDVFd0SmVVNUZTa1pPYTFwSFRWUmpNMDU2VlhoTmVrazFUbEU5UFE9PQ==,LAKE\RJ\2025\11\DOERJ_PARTE_I_PODER_EXECUTIVO_2025-11-25.md,saida\RJ\DOERJ_2025.csv,711
menos_de_2_tokens;tem_numero,SEI-210001/144602/2025. ID: 2695909,SEI-210001/144602/2025,RJ,2025-11-25,nomeacao,,,https://www.ioerj.com.br/portal/modules/conteudoonline/mostra_edicao.php?session=VW10YVJFMXFZelJOZWtWMFVXdEZlVkY1TURCUFJHTjZURlZLUjA5RVRYUlNWRVpDVFd0SmVVNUZTa1pPYTFwSFRWUmpNMDU2VlhoTmVrazFUbEU5UFE9PQ==,LAKE\RJ\2025\11\DOERJ_PARTE_I_PODER_EXECUTIVO_2025-11-25.md,saida\RJ\DOERJ_2025.csv,713
tem_numero;frase_administrativa;termo_administrativo;muito_longo,LOTADA NA GERÊNCIA DE MICRO E PEQUENAS EMPRESAS - GEMPE. PROCESSO Nº SEI-220009/000367/2022,LOTADA NA GERÊNCIA DE MICRO E PEQUENAS EMPRESAS - GEMPE. PROCESSO Nº SEI-220009/000367/2022,RJ,2025-11-24,exoneracao,,,https://www.ioerj.com.br/portal/modules/conteudoonline/mostra_edicao.php?session=VDFSUmVrMXFTWHBPYWtGMFVXdE9SVkZUTURCU1ZWWkZURlZKZDFKRVRYUlJNRlY0VDFSWmVsRjZaM2RPYTFFMFRWUmpNMDU2VlhoTmVrMTRUVUU5UFE9PQ==,LAKE\RJ\2025\11\DOERJ_PARTE_I_PODER_EXECUTIVO_2025-11-24.md,saida\RJ\DOERJ_2025.csv,756
inicio_suspeito;termo_administrativo,VINCULADO À GERÊNCIA DE MICRO E PEQUENAS EMPRESAS - GEMPE,VINCULADO À GERÊNCIA DE MICRO E PEQUENAS EMPRESAS - GEMPE,RJ,2025-11-24,nomeacao,,,https://www.ioerj.com.br/portal/modules/conteudoonline/mostra_edicao.php?session=VDFSUmVrMXFTWHBPYWtGMFVXdE9SVkZUTURCU1ZWWkZURlZKZDFKRVRYUlJNRlY0VDFSWmVsRjZaM2RPYTFFMFRWUmpNMDU2VlhoTmVrMTRUVUU5UFE9PQ==,LAKE\RJ\2025\11\DOERJ_PARTE_I_PODER_EXECUTIVO_2025-11-24.md,saida\RJ\DOERJ_2025.csv,757
tem_numero;frase_administrativa;termo_administrativo,LOTADA NA AUDITORIA INTERNA - AUDIT. PROCESSO Nº SEI-220002/000208/2024,LOTADA NA AUDITORIA INTERNA - AUDIT. PROCESSO Nº SEI-220002/000208/2024,RJ,2025-11-24,exoneracao,,,https://www.ioerj.com.br/portal/modules/conteudoonline/mostra_edicao.php?session=VDFSUmVrMXFTWHBPYWtGMFVXdE9SVkZUTURCU1ZWWkZURlZKZDFKRVRYUlJNRlY0VDFSWmVsRjZaM2RPYTFFMFRWUmpNMDU2VlhoTmVrMTRUVUU5UFE9PQ==,LAKE\RJ\2025\11\DOERJ_PARTE_I_PODER_EXECUTIVO_2025-11-24.md,saida\RJ\DOERJ_2025.csv,758
inicio_suspeito;termo_administrativo,VINCULADA À AUDITORIA INTERNA - AUDIT,VINCULADA À AUDITORIA INTERNA - AUDIT,RJ,2025-11-24,nomeacao,,,https://www.ioerj.com.br/portal/modules/conteudoonline/mostra_edicao.php?session=VDFSUmVrMXFTWHBPYWtGMFVXdE9SVkZUTURCU1ZWWkZURlZKZDFKRVRYUlJNRlY0VDFSWmVsRjZaM2RPYTFFMFRWUmpNMDU2VlhoTmVrMTRUVUU5UFE9PQ==,LAKE\RJ\2025\11\DOERJ_PARTE_I_PODER_EXECUTIVO_2025-11-24.md,saida\RJ\DOERJ_2025.csv,759
inicio_suspeito;termo_administrativo,VINCULADA À GERÊNCIA DE GESTÃO DE PESSOAS - GEGEP,VINCULADA À GERÊNCIA DE GESTÃO DE PESSOAS - GEGEP,RJ,2025-11-24,nomeacao,,,https://www.ioerj.com.br/portal/modules/conteudoonline/mostra_edicao.php?session=VDFSUmVrMXFTWHBPYWtGMFVXdE9SVkZUTURCU1ZWWkZURlZKZDFKRVRYUlJNRlY0VDFSWmVsRjZaM2RPYTFFMFRWUmpNMDU2VlhoTmVrMTRUVUU5UFE9PQ==,LAKE\RJ\2025\11\DOERJ_PARTE_I_PODER_EXECUTIVO_2025-11-24.md,saida\RJ\DOERJ_2025.csv,760
tem_numero;frase_administrativa;termo_administrativo,DOCUMENTAÇÃO E MANUTENÇÃO - GEADM. PROCESSO Nº SEI- 220002/000275/2024,DOCUMENTAÇÃO E MANUTENÇÃO - GEADM. PROCESSO Nº SEI- 220002/000275/2024,RJ,2025-11-24,exoneracao,,,https://www.ioerj.com.br/portal/modules/conteudoonline/mostra_edicao.php?session=VDFSUmVrMXFTWHBPYWtGMFVXdE9SVkZUTURCU1ZWWkZURlZKZDFKRVRYUlJNRlY0VDFSWmVsRjZaM2RPYTFFMFRWUmpNMDU2VlhoTmVrMTRUVUU5UFE9PQ==,LAKE\RJ\2025\11\DOERJ_PARTE_I_PODER_EXECUTIVO_2025-11-24.md,saida\RJ\DOERJ_2025.csv,761
inicio_suspeito;termo_administrativo,VINCULADO À GERÊNCIA DE GESTÃO DE PESSOAS - GEGEP,VINCULADO À GERÊNCIA DE GESTÃO DE PESSOAS - GEGEP,RJ,2025-11-24,nomeacao,,,https://www.ioerj.com.br/portal/modules/conteudoonline/mostra_edicao.php?session=VDFSUmVrMXFTWHBPYWtGMFVXdE9SVkZUTURCU1ZWWkZURlZKZDFKRVRYUlJNRlY0VDFSWmVsRjZaM2RPYTFFMFRWUmpNMDU2VlhoTmVrMTRUVUU5UFE9PQ==,LAKE\RJ\2025\11\DOERJ_PARTE_I_PODER_EXECUTIVO_2025-11-24.md,saida\RJ\DOERJ_2025.csv,762
tem_numero,ID: 2695507,ID: 2695507,RJ,2025-11-24,nomeacao,,,https://www.ioerj.com.br/portal/modules/conteudoonline/mostra_edicao.php?session=VDFSUmVrMXFTWHBPYWtGMFVXdE9SVkZUTURCU1ZWWkZURlZKZDFKRVRYUlJNRlY0VDFSWmVsRjZaM2RPYTFFMFRWUmpNMDU2VlhoTmVrMTRUVUU5UFE9PQ==,LAKE\RJ\2025\11\DOERJ_PARTE_I_PODER_EXECUTIVO_2025-11-24.md,saida\RJ\DOERJ_2025.csv,764
tem_numero;frase_administrativa;termo_administrativo,CONTROLADORIA E ADMINISTRAÇÃO - DISOP. PROCESSO Nº SEI-220002/000451/2025,CONTROLADORIA E ADMINISTRAÇÃO - DISOP. PROCESSO Nº SEI-220002/000451/2025,RJ,2025-11-14,nomeacao,,,https://www.ioerj.com.br/portal/modules/conteudoonline/mostra_edicao.php?session=VWtSak0xSlVaekJOYW1OMFRYcEdSazVETURCTmVrVjNURlZGTUUxclNYUlJhMWt5VGxWWk0wMHdXVEJTYTA1Q1RWUmpNMDU2VlhoTmVsRjNUbWM5UFE9PQ==,LAKE\RJ\2025\11\DOERJ_PARTE_I_PODER_EXECUTIVO_2025-11-14.md,saida\RJ\DOERJ_2025.csv,959
tem_numero;termo_administrativo,AUDITOR FISCAL DA RECEITA ESTADUAL 2ª CATEGORIA,AUDITOR FISCAL DA RECEITA ESTADUAL 2ª CATEGORIA,RJ,2025-11-12,exoneracao,do cargo em comissão de Assessor,da Subsecretaria de Tecnolo- gia da Informação e Comunicação,https://www.ioerj.com.br/portal/modules/conteudoonline/mostra_edicao.php?session=VVRCWmVFNXFhM2xOYWtWMFVWVlJNVkZwTURCT1JFMTNURlJyZDFGVVdYUk9hMDE2VFVSR1JWSnFhelZPUkVwQ1RWUmpNMDU2VlhoTmVsRjZUbWM5UFE9PQ==,LAKE\RJ\2025\11\DOERJ_PARTE_I_PODER_EXECUTIVO_2025-11-12.md,saida\RJ\DOERJ_2025.csv,977
inicio_suspeito;termo_administrativo,CONFORME PRECEITUA O,CONFORME PRECEITUA O,RJ,2025-11-10,nomeacao,,,https://www.ioerj.com.br/portal/modules/conteudoonline/mostra_edicao.php?session=VG1wTmVGRnFaM2xPYWtWMFQxUlJkMUpUTURCT1JWSkNURlZGTTAxNldYUlNSVVpFVW1wQk1FNXFaRU5TYTBaSFRWUmpNMDU2VlhoTmVsRXhUMEU5UFE9PQ==,LAKE\RJ\2025\11\DOERJ_PARTE_I_PODER_EXECUTIVO_2025-11-10.md,saida\RJ\DOERJ_2025.csv,1032
menos_de_2_tokens;tem_numero,SEI-210001/2090/2025. ID: 2692148,SEI-210001/2090/2025,RJ,2025-11-07,nomeacao,,,https://www.ioerj.com.br/portal/modules/conteudoonline/mostra_edicao.php?session=VWtWUk0wMVVSa1pOVlUxMFVUQkZlVkpUTURCU1JFbDRURlZKTTFGcVNYUlBWRVV6VFdwSmQwMXJTVEZTVkVKR1RWUmpNMDU2VlhoTmVsRXlUbmM5UFE9PQ==,LAKE\RJ\2025\11\DOERJ_PARTE_I_PODER_EXECUTIVO_2025-11-07.md,saida\RJ\DOERJ_2025.csv,1106
inicio_suspeito,AS ATAS DAS REUNIÕES,AS ATAS DAS REUNIÕES,RJ,2025-11-07,nomeacao,,,https://www.ioerj.com.br/portal/modules/conteudoonline/mostra_edicao.php?session=VWtWUk0wMVVSa1pOVlUxMFVUQkZlVkpUTURCU1JFbDRURlZKTTFGcVNYUlBWRVV6VFdwSmQwMXJTVEZTVkVKR1RWUmpNMDU2VlhoTmVsRXlUbmM5UFE9PQ==,LAKE\RJ\2025\11\DOERJ_PARTE_I_PODER_EXECUTIVO_2025-11-07.md,saida\RJ\DOERJ_2025.csv,1107
tem_numero;frase_administrativa;termo_administrativo,CONTROLADORIA E ADMINISTRAÇÃO - DISOP. PROCESSO Nº SEI-220002/000442/2025,CONTROLADORIA E ADMINISTRAÇÃO - DISOP. PROCESSO Nº SEI-220002/000442/2025,RJ,2025-11-06,nomeacao,,,https://www.ioerj.com.br/portal/modules/conteudoonline/mostra_edicao.php?session=VW10Wk1sRlVaM2xPYW1kMFVsVktRazVUTURCU2FsVTBURlZKTkZGVWEzUlJWRUYzVW1wRk5VMVZVWGxOVkdjd1RWUmpNMDU2VlhoTmVsVjNUbWM5UFE9PQ==,LAKE\RJ\2025\11\DOERJ_PARTE_I_PODER_EXECUTIVO_2025-11-06.md,saida\RJ\DOERJ_2025.csv,1143
tem_numero;inicio_suspeito;frase_administrativa;termo_administrativo,VINCULADO À PRESIDÊNCIA - PRESI. PROCESSO Nº SEI-220002/000443/2025,VINCULADO À PRESIDÊNCIA - PRESI. PROCESSO Nº SEI-220002/000443/2025,RJ,2025-11-05,nomeacao,,,https://www.ioerj.com.br/portal/modules/conteudoonline/mostra_edicao.php?session=VFZSV1JVNVZXWGxPZWtGMFRsUm9SVTlUTURCT2Fsa3dURlJzUjAxcVRYUk9SVVV3VW1wVmVVOUZUa05SZWxwR1RWUmpNMDU2VlhoTmVsVjZUMEU5UFE9PQ==,LAKE\RJ\2025\11\DOERJ_PARTE_I_PODER_EXECUTIVO_2025-11-05.md,saida\RJ\DOERJ_2025.csv,1209
inicio_suspeito;frase_administrativa;termo_administrativo,EM VAGA RESULTANTE DA TRANSFORMAÇÃO ESTABELECIDA PELO,EM VAGA RESULTANTE DA TRANSFORMAÇÃO ESTABELECIDA PELO,RJ,2025-11-03,nomeacao,,da Fundação Anita Mantuano de Artes do Estado do Rio de Janeiro - FUNARJ,https://www.ioerj.com.br/portal/modules/conteudoonline/mostra_edicao.php?session=VFVWVmVWSnFhM2xPUkZGMFRsUkNSazVUTURCTlJWVXdURlZKZVUwd1VYUk5NRVV3VGxSWk1VNXFWa1JPUkZVd1RWUmpNMDU2VlhoTmVsVTBUa0U5UFE9PQ==,LAKE\RJ\2025\11\DOERJ_PARTE_I_PODER_EXECUTIVO_2025-11-03.md,saida\RJ\DOERJ_2025.csv,1330
tem_numero;inicio_suspeito;termo_administrativo,CONFORME ARTIGO 2º A SEGUIR,CONFORME ARTIGO 2º A SEGUIR,RJ,2025-10-29,nomeacao,,,https://www.ioerj.com.br/portal/modules/conteudoonline/mostra_edicao.php?session=VFZWVk5VNVZUVEZPUkZsMFRtcGpNVkpwTURCU1JVbDVURlZLUmxGcVJYUlNSRmsxVWxWU1ExSnJVWGhPUlVWM1RWUmpNMDU2VlhoTmVsbDVUVkU5UFE9PQ==,LAKE\RJ\2025\10\DOERJ_PARTE_I_PODER_EXECUTIVO_2025-10-29.md,saida\RJ\DOERJ_2025.csv,1389
termo_administrativo,AGENTE ADMINISTRATIVO,AGENTE ADMINISTRATIVO,RJ,2025-10-23,exoneracao,do cargo em comissão de Auxiliar Técnico II,do Instituto de Terras e Cartografia do Estado do Rio de Janeiro - ITERJ,https://www.ioerj.com.br/portal/modules/conteudoonline/mostra_edicao.php?session=VDFWU1IxRXdUVFJOYW1kMFRVVlZlRkY1TURCU2FtYzFURlJuTUU1NlozUlBWRTVGVGxSa1FrNTZUVEJOYTA1R1RWUmpNMDU2VlhoTmVsa3pUa0U5UFE9PQ==,LAKE\RJ\2025\10\DOERJ_PARTE_I_PODER_EXECUTIVO_2025-10-23.md,saida\RJ\DOERJ_2025.csv,1447
inicio_suspeito;frase_administrativa;termo_administrativo,OS CANDIDATOS RELACIONADOS NO ANEXO DESTE,OS CANDIDATOS RELACIONADOS NO ANEXO DESTE,RJ,2025-10-21,nomeacao,,,https://www.ioerj.com.br/portal/modules/conteudoonline/mostra_edicao.php?session=VWxSck0xSnFWWGRPVkVGMFVUQldSazVUTURCTlZGRjNURlJyTUU1NlRYUk5la1pDVDFSUk1WRnJVWGhTVkZaRlRWUmpNMDU2VlhoTmVtTjVUWGM5UFE9PQ==,LAKE\RJ\2025\10\DOERJ_PARTE_I_PODER_EXECUTIVO_2025-10-21.md,saida\RJ\DOERJ_2025.csv,1520
tem_numero;inicio_suspeito;frase_administrativa;termo_administrativo,VINCULADO À PRESIDÊNCIA - PRESI. PROCESSO Nº SEI-220002/000415/2025,VINCULADO À PRESIDÊNCIA - PRESI. PROCESSO Nº SEI-220002/000415/2025,RJ,2025-10-21,nomeacao,,,https://www.ioerj.com.br/portal/modules/conteudoonline/mostra_edicao.php?session=VWxSck0xSnFWWGRPVkVGMFVUQldSazVUTURCTlZGRjNURlJyTUU1NlRYUk5la1pDVDFSUk1WRnJVWGhTVkZaRlRWUmpNMDU2VlhoTmVtTjVUWGM5UFE9PQ==,LAKE\RJ\2025\10\DOERJ_PARTE_I_PODER_EXECUTIVO_2025-10-21.md,saida\RJ\DOERJ_2025.csv,1574
inicio_suspeito;termo_administrativo,VINCULADO À GERÊNCIA DE GESTÃO DE RISCOS CORPORATIVOS - GERCO,VINCULADO À GERÊNCIA DE GESTÃO DE RISCOS CORPORATIVOS - GERCO,RJ,2025-10-21,exoneracao,,,https://www.ioerj.com.br/portal/modules/conteudoonline/mostra_edicao.php?session=VWxSck0xSnFWWGRPVkVGMFVUQldSazVUTURCTlZGRjNURlJyTUU1NlRYUk5la1pDVDFSUk1WRnJVWGhTVkZaRlRWUmpNMDU2VlhoTmVtTjVUWGM5UFE9PQ==,LAKE\RJ\2025\10\DOERJ_PARTE_I_PODER_EXECUTIVO_2025-10-21.md,saida\RJ\DOERJ_2025.csv,1575
inicio_suspeito;termo_administrativo,VINCULADA À GERÊNCIA DE OPERAÇÕES ESTRUTURADAS - GEOPE,VINCULADA À GERÊNCIA DE OPERAÇÕES ESTRUTURADAS - GEOPE,RJ,2025-10-21,exoneracao,,,https://www.ioerj.com.br/portal/modules/conteudoonline/mostra_edicao.php?session=VWxSck0xSnFWWGRPVkVGMFVUQldSazVUTURCTlZGRjNURlJyTUU1NlRYUk5la1pDVDFSUk1WRnJVWGhTVkZaRlRWUmpNMDU2VlhoTmVtTjVUWGM5UFE9PQ==,LAKE\RJ\2025\10\DOERJ_PARTE_I_PODER_EXECUTIVO_2025-10-21.md,saida\RJ\DOERJ_2025.csv,1576
inicio_suspeito;termo_administrativo,VINCULADO À GERÊNCIA DE ANÁLISE DE CRÉDITO - GERIC,VINCULADO À GERÊNCIA DE ANÁLISE DE CRÉDITO - GERIC,RJ,2025-10-20,exoneracao,,,https://www.ioerj.com.br/portal/modules/conteudoonline/mostra_edicao.php?session=VFd0Uk5FMUVWWGhPVlVWMFVUQlZOVkZUTURCU1ZFbDNURlZLUTAxRVZYUlJha2w0VWxWSk1VNUVSVEpOZWxaRFRWUmpNMDU2VlhoTmVtTjZUMEU5UFE9PQ==,LAKE\RJ\2025\10\DOERJ_PARTE_I_PODER_EXECUTIVO_2025-10-20.md,saida\RJ\DOERJ_2025.csv,1622
tem_numero;inicio_suspeito;frase_administrativa;termo_administrativo;muito_longo,DE ESTRATÉGIA CORPORATIVA E DE GESTÃO DE RISCOS - DIFIN. PROCESSO Nº SEI- 220002/000128/2024,DE ESTRATÉGIA CORPORATIVA E DE GESTÃO DE RISCOS - DIFIN. PROCESSO Nº SEI- 220002/000128/2024,RJ,2025-10-20,exoneracao,,,https://www.ioerj.com.br/portal/modules/conteudoonline/mostra_edicao.php?session=VFd0Uk5FMUVWWGhPVlVWMFVUQlZOVkZUTURCU1ZFbDNURlZLUTAxRVZYUlJha2w0VWxWSk1VNUVSVEpOZWxaRFRWUmpNMDU2VlhoTmVtTjZUMEU5UFE9PQ==,LAKE\RJ\2025\10\DOERJ_PARTE_I_PODER_EXECUTIVO_2025-10-20.md,saida\RJ\DOERJ_2025.csv,1623
inicio_suspeito;termo_administrativo,VINCULADO À SUPERINTENDÊNCIA DE TECNOLOGIA DA INFORMAÇÃO - SUTEC,VINCULADO À SUPERINTENDÊNCIA DE TECNOLOGIA DA INFORMAÇÃO - SUTEC,RJ,2025-10-20,nomeacao,,,https://www.ioerj.com.br/portal/modules/conteudoonline/mostra_edicao.php?session=VFd0Uk5FMUVWWGhPVlVWMFVUQlZOVkZUTURCU1ZFbDNURlZLUTAxRVZYUlJha2w0VWxWSk1VNUVSVEpOZWxaRFRWUmpNMDU2VlhoTmVtTjZUMEU5UFE9PQ==,LAKE\RJ\2025\10\DOERJ_PARTE_I_PODER_EXECUTIVO_2025-10-20.md,saida\RJ\DOERJ_2025.csv,1624
tem_numero;inicio_suspeito;frase_administrativa;termo_administrativo,VINCULADO À PRESIDÊNCIA - PRESI. PROCESSO Nº SEI-220002/000414/2025,VINCULADO À PRESIDÊNCIA - PRESI. PROCESSO Nº SEI-220002/000414/2025,RJ,2025-10-17,nomeacao,,,https://www.ioerj.com.br/portal/modules/conteudoonline/mostra_edicao.php?session=VVdwcmVWSkZXa2RQUkdOMFVXcFpOVkpUTURCT1ZGRXpURlZLUTFGclJYUlBWVVpEVWtSQk5FNXFWa2RTUlZWNFRWUmpNMDU2VlhoTmVtTXpUa0U5UFE9PQ==,LAKE\RJ\2025\10\DOERJ_PARTE_I_PODER_EXECUTIVO_2025-10-17.md,saida\RJ\DOERJ_2025.csv,1688
termo_administrativo,SUBSECRETARIA DE POLÍTICAS INCLUSIVAS,SUBSECRETARIA DE POLÍTICAS INCLUSIVAS,RJ,2025-10-13,nomeacao,para exercer o cargo em comissão de Assis- tente II,,https://www.ioerj.com.br/portal/modules/conteudoonline/mostra_edicao.php?session=VFVSc1IxSnFWWGhSVkd0MFVrUkZORkZUTURCTmVsa3lURlZLUlUxRlRYUk9hazB5VFVWU1IxSnFUVEZPYTBWNFRWUmpNMDU2VlhoTmVtY3lUMEU5UFE9PQ==,LAKE\RJ\2025\10\DOERJ_PARTE_I_PODER_EXECUTIVO_2025-10-13.md,saida\RJ\DOERJ_2025.csv,1864
termo_administrativo,SUBSECRETARIA DE POLÍTICAS INCLUSIVAS,SUBSECRETARIA DE POLÍTICAS INCLUSIVAS,RJ,2025-10-13,nomeacao,para exercer o cargo em comissão de Assis- tente II,,https://www.ioerj.com.br/portal/modules/conteudoonline/mostra_edicao.php?session=VFVSc1IxSnFWWGhSVkd0MFVrUkZORkZUTURCTmVsa3lURlZLUlUxRlRYUk9hazB5VFVWU1IxSnFUVEZPYTBWNFRWUmpNMDU2VlhoTmVtY3lUMEU5UFE9PQ==,LAKE\RJ\2025\10\DOERJ_PARTE_I_PODER_EXECUTIVO_2025-10-13.md,saida\RJ\DOERJ_2025.csv,1866
tem_numero;frase_administrativa;termo_administrativo,LOTADA NA GERÊNCIA DE MARKETING - GMARK. PROCESSO Nº SEI-220009/000385/2023,LOTADA NA GERÊNCIA DE MARKETING - GMARK. PROCESSO Nº SEI-220009/000385/2023,RJ,2025-10-07,exoneracao,,,https://www.ioerj.com.br/portal/modules/conteudoonline/mostra_edicao.php?session=VFVWUmVsSnJSVE5OTUZWMFVXdE9RazFwTURCUFZVWkVURlJyTkUwd1VYUk5hazAxVG5wU1EwOVVRVFJOYW1zeVRWUmpNMDU2VlhoTmVtczFUa0U5UFE9PQ==,LAKE\RJ\2025\10\DOERJ_PARTE_I_PODER_EXECUTIVO_2025-10-07.md,saida\RJ\DOERJ_2025.csv,2222
inicio_suspeito;termo_administrativo,VINCULADA À GERÊNCIA DE MARKETING - GMARK,VINCULADA À GERÊNCIA DE MARKETING - GMARK,RJ,2025-10-07,nomeacao,,,https://www.ioerj.com.br/portal/modules/conteudoonline/mostra_edicao.php?session=VFVWUmVsSnJSVE5OTUZWMFVXdE9RazFwTURCUFZVWkVURlJyTkUwd1VYUk5hazAxVG5wU1EwOVVRVFJOYW1zeVRWUmpNMDU2VlhoTmVtczFUa0U5UFE9PQ==,LAKE\RJ\2025\10\DOERJ_PARTE_I_PODER_EXECUTIVO_2025-10-07.md,saida\RJ\DOERJ_2025.csv,2223
tem_numero;frase_administrativa;termo_administrativo,LOTADA NA GERÊNCIA DE MARKETING - GMARK. PROCESSO Nº SEI-220009/000313/2022,LOTADA NA GERÊNCIA DE MARKETING - GMARK. PROCESSO Nº SEI-220009/000313/2022,RJ,2025-10-07,exoneracao,,,https://www.ioerj.com.br/portal/modules/conteudoonline/mostra_edicao.php?session=VFVWUmVsSnJSVE5OTUZWMFVXdE9RazFwTURCUFZVWkVURlJyTkUwd1VYUk5hazAxVG5wU1EwOVVRVFJOYW1zeVRWUmpNMDU2VlhoTmVtczFUa0U5UFE9PQ==,LAKE\RJ\2025\10\DOERJ_PARTE_I_PODER_EXECUTIVO_2025-10-07.md,saida\RJ\DOERJ_2025.csv,2224
inicio_suspeito;termo_administrativo,VINCULADA À GERÊNCIA DE MARKETING - GMARK,VINCULADA À GERÊNCIA DE MARKETING - GMARK,RJ,2025-10-07,nomeacao,,,https://www.ioerj.com.br/portal/modules/conteudoonline/mostra_edicao.php?session=VFVWUmVsSnJSVE5OTUZWMFVXdE9RazFwTURCUFZVWkVURlJyTkUwd1VYUk5hazAxVG5wU1EwOVVRVFJOYW1zeVRWUmpNMDU2VlhoTmVtczFUa0U5UFE9PQ==,LAKE\RJ\2025\10\DOERJ_PARTE_I_PODER_EXECUTIVO_2025-10-07.md,saida\RJ\DOERJ_2025.csv,2225
inicio_suspeito;termo_administrativo,VINCULADO À PRESIDÊNCIA - PRESI,VINCULADO À PRESIDÊNCIA - PRESI,RJ,2025-10-01,exoneracao,,,https://www.ioerj.com.br/portal/modules/conteudoonline/mostra_edicao.php?session=VGpCUk5GSkZUWHBOZWxsMFVrUkJNVTU1TURCUk1GcEVURlZLUkZGcVJYUk9NRkpEVFhwc1JWRjZWa0pQUkVrMFRWUmpNMDU2VlhoT1JFRTBUVkU5UFE9PQ==,LAKE\RJ\2025\10\DOERJ_PARTE_I_PODER_EXECUTIVO_2025-10-01.md,saida\RJ\DOERJ_2025.csv,2504
tem_numero;termo_administrativo,AUDITOR FISCAL DA RECEITA ESTADUAL DE 2ª CATEGORIA,AUDITOR FISCAL DA RECEITA ESTADUAL DE 2ª CATEGORIA,RJ,2025-09-24,exoneracao,do cargo em comissão de Auditor Fiscal Chefe,da Superintendência de Fiscalização e Inteligência Fiscal,https://www.ioerj.com.br/portal/modules/conteudoonline/mostra_edicao.php?session=VVd0YVJrMHdSWGxOTUUxMFRWVlplbEpUTURCU2EwMTNURlJyTTA1NldYUlNWRnBFVFVWTk1sRXdXVFJTUlZKR1RWUmpNMDU2VlhoT1JFVXpUVkU5UFE9PQ==,LAKE\RJ\2025\09\DOERJ_PARTE_I_PODER_EXECUTIVO_2025-09-24.md,saida\RJ\DOERJ_2025.csv,2613
inicio_suspeito;termo_administrativo,VINCULADO À DIRETORIA COMERCIAL - DICOM,VINCULADO À DIRETORIA COMERCIAL - DICOM,RJ,2025-09-24,exoneracao,,,https://www.ioerj.com.br/portal/modules/conteudoonline/mostra_edicao.php?session=VVd0YVJrMHdSWGxOTUUxMFRWVlplbEpUTURCU2EwMTNURlJyTTA1NldYUlNWRnBFVFVWTk1sRXdXVFJTUlZKR1RWUmpNMDU2VlhoT1JFVXpUVkU5UFE9PQ==,LAKE\RJ\2025\09\DOERJ_PARTE_I_PODER_EXECUTIVO_2025-09-24.md,saida\RJ\DOERJ_2025.csv,2719
inicio_suspeito;termo_administrativo,CONFORME PRECEITUA O,CONFORME PRECEITUA O,RJ,2025-09-23,nomeacao,,,https://www.ioerj.com.br/portal/modules/conteudoonline/mostra_edicao.php?session=VFdwYVEwNXFhekpPTUVWMFRWUlJOVTlETURCU2FtTXpURlZKTUUxNlNYUlNhbU4zVW1wQk1VMUVVVEZOYTBsNlRWUmpNMDU2VlhoT1JFVTFUbEU5UFE9PQ==,LAKE\RJ\2025\09\DOERJ_PARTE_I_PODER_EXECUTIVO_2025-09-23.md,saida\RJ\DOERJ_2025.csv,2770
frase_administrativa;termo_administrativo,ATRAVÉS DE ATO PRÓPRIO PUBLICADO NO DIÁRIO OFICIAL DO ESTADO,ATRAVÉS DE ATO PRÓPRIO PUBLICADO NO DIÁRIO OFICIAL DO ESTADO,RJ,2025-09-15,nomeacao,,,https://www.ioerj.com.br/portal/modules/conteudoonline/mostra_edicao.php?session=VG5wa1JrNVVUa1JSVkd0MFQwVkdRbEpETURCU2FsVXlURlZKTWxGVlVYUlJhMUpHVG5wR1JFMHdXWHBPTUVaR1RWUmpNMDU2VlhoT1JFMHdUbmM5UFE9PQ==,LAKE\RJ\2025\09\DOERJ_PARTE_I_PODER_EXECUTIVO_2025-09-15.md,saida\RJ\DOERJ_2025.csv,2961
tem_numero;termo_administrativo,BEM COMO QUAISQUER NOMEAÇÕES E EXONERAÇÕES CONFORME O DISPOSTO NO ARTIGO 5º DO,BEM COMO QUAISQUER NOMEAÇÕES E EXONERAÇÕES CONFORME O DISPOSTO NO ARTIGO 5º DO,RJ,2025-09-15,exoneracao,,,https://www.ioerj.com.br/portal/modules/conteudoonline/mostra_edicao.php?session=VG5wa1JrNVVUa1JSVkd0MFQwVkdRbEpETURCU2FsVXlURlZKTWxGVlVYUlJhMUpHVG5wR1JFMHdXWHBPTUVaR1RWUmpNMDU2VlhoT1JFMHdUbmM5UFE9PQ==,LAKE\RJ\2025\09\DOERJ_PARTE_I_PODER_EXECUTIVO_2025-09-15.md,saida\RJ\DOERJ_2025.csv,2962
inicio_suspeito;frase_administrativa;termo_administrativo,OS CANDIDATOS ABAIXO RELACIONADOS,OS CANDIDATOS ABAIXO RELACIONADOS,RJ,2025-09-12,nomeacao,,,https://www.ioerj.com.br/portal/modules/conteudoonline/mostra_edicao.php?session=VFdwR1IwOVZVVE5QUkdOMFRYcFZOVTFETURCU2FrMDFURlJyZUZKRlVYUlJWVkV5VWxSQ1JGSnJVVFZTVkdkNFRWUmpNMDU2VlhoT1JFMHpUVUU5UFE9PQ==,LAKE\RJ\2025\09\DOERJ_PARTE_I_PODER_EXECUTIVO_2025-09-12.md,saida\RJ\DOERJ_2025.csv,2964
termo_administrativo,ASSISTENTE TÉCNICO DE INFORMÁTICA,ASSISTENTE TÉCNICO DE INFORMÁTICA,RJ,2025-09-12,exoneracao,,do Departamento de Trânsito do Estado do Rio de Janeiro - DETRAN/RJ,https://www.ioerj.com.br/portal/modules/conteudoonline/mostra_edicao.php?session=VFdwR1IwOVZVVE5QUkdOMFRYcFZOVTFETURCU2FrMDFURlJyZUZKRlVYUlJWVkV5VWxSQ1JGSnJVVFZTVkdkNFRWUmpNMDU2VlhoT1JFMHpUVUU5UFE9PQ==,LAKE\RJ\2025\09\DOERJ_PARTE_I_PODER_EXECUTIVO_2025-09-12.md,saida\RJ\DOERJ_2025.csv,2965
frase_administrativa;termo_administrativo,ATRAVÉS DE ATO PRÓPRIO PUBLICADO NO DIÁRIO OFICIAL DO ESTADO,ATRAVÉS DE ATO PRÓPRIO PUBLICADO NO DIÁRIO OFICIAL DO ESTADO,RJ,2025-09-12,nomeacao,,,https://www.ioerj.com.br/portal/modules/conteudoonline/mostra_edicao.php?session=VFdwR1IwOVZVVE5QUkdOMFRYcFZOVTFETURCU2FrMDFURlJyZUZKRlVYUlJWVkV5VWxSQ1JGSnJVVFZTVkdkNFRWUmpNMDU2VlhoT1JFMHpUVUU5UFE9PQ==,LAKE\RJ\2025\09\DOERJ_PARTE_I_PODER_EXECUTIVO_2025-09-12.md,saida\RJ\DOERJ_2025.csv,3025
inicio_suspeito;frase_administrativa;termo_administrativo,OS CANDIDATOS ABAIXO RELACIONADOS,OS CANDIDATOS ABAIXO RELACIONADOS,RJ,2025-09-11,nomeacao,,,https://www.ioerj.com.br/portal/modules/conteudoonline/mostra_edicao.php?session=VWtWRmVWSnFVVEJPVkdkMFVXcE5NRTE1TURCU1ZFazBURlJzUms0d1NYUk9SVkY2VGxSRk1sRlZXa05OVkdkNFRWUmpNMDU2VlhoT1JFMDFUa0U5UFE9PQ==,LAKE\RJ\2025\09\DOERJ_PARTE_I_PODER_EXECUTIVO_2025-09-11.md,saida\RJ\DOERJ_2025.csv,3027
inicio_suspeito;frase_administrativa;termo_administrativo,OS CANDIDATOS ABAIXO RELACIONADOS,OS CANDIDATOS ABAIXO RELACIONADOS,RJ,2025-09-11,nomeacao,,,https://www.ioerj.com.br/portal/modules/conteudoonline/mostra_edicao.php?session=VWtWRmVWSnFVVEJPVkdkMFVXcE5NRTE1TURCU1ZFazBURlJzUms0d1NYUk9SVkY2VGxSRk1sRlZXa05OVkdkNFRWUmpNMDU2VlhoT1JFMDFUa0U5UFE9PQ==,LAKE\RJ\2025\09\DOERJ_PARTE_I_PODER_EXECUTIVO_2025-09-11.md,saida\RJ\DOERJ_2025.csv,3029
tem_numero,§ 3º DO,§ 3º DO,RJ,2025-09-11,exoneracao,da Assessoria Jurídica,,https://www.ioerj.com.br/portal/modules/conteudoonline/mostra_edicao.php?session=VWtWRmVWSnFVVEJPVkdkMFVXcE5NRTE1TURCU1ZFazBURlJzUms0d1NYUk9SVkY2VGxSRk1sRlZXa05OVkdkNFRWUmpNMDU2VlhoT1JFMDFUa0U5UFE9PQ==,LAKE\RJ\2025\09\DOERJ_PARTE_I_PODER_EXECUTIVO_2025-09-11.md,saida\RJ\DOERJ_2025.csv,3080
tem_numero;inicio_suspeito;termo_administrativo;muito_longo,VINCULADO À GERÊNCIA DE COBRANÇA DE OPERAÇÕES DE CRÉDITO - GECOB. PROC. Nº SEI-220002/000360/2025,VINCULADO À GERÊNCIA DE COBRANÇA DE OPERAÇÕES DE CRÉDITO - GECOB. PROC. Nº SEI-220002/000360/2025,RJ,2025-09-08,nomeacao,,,https://www.ioerj.com.br/portal/modules/conteudoonline/mostra_edicao.php?session=VVRCTmVrNVZTa1JPYWtGMFVsUnNRazU1TURCU1ZVcENURlZGTUU0d1JYUk9ha1Y0VFdwbk0wMXJXVEZPVkZrMFRWUmpNMDU2VlhoT1JGRXdUVUU5UFE9PQ==,LAKE\RJ\2025\09\DOERJ_PARTE_I_PODER_EXECUTIVO_2025-09-08.md,saida\RJ\DOERJ_2025.csv,3240
inicio_suspeito;frase_administrativa;termo_administrativo,OS CANDIDATOS ABAIXO RELACIONADOS,OS CANDIDATOS ABAIXO RELACIONADOS,RJ,2025-09-02,nomeacao,,,https://www.ioerj.com.br/portal/modules/conteudoonline/mostra_edicao.php?session=VWtSUmVWSnJWVE5OUkVGMFRtcHJlazFUTURCT1JFazFURlJvUmxFd1RYUlNSRUpEVWxSRk1VOVVWa1ZQVkVKRFRWUmpNMDU2VlhoT1JGVXdUa0U5UFE9PQ==,LAKE\RJ\2025\09\DOERJ_PARTE_I_PODER_EXECUTIVO_2025-09-02.md,saida\RJ\DOERJ_2025.csv,3360
frase_administrativa;termo_administrativo,ATRAVÉS DE ATO PRÓPRIO PUBLICADO NO DIÁRIO OFICIAL DO ESTADO,ATRAVÉS DE ATO PRÓPRIO PUBLICADO NO DIÁRIO OFICIAL DO ESTADO,RJ,2025-09-02,nomeacao,,,https://www.ioerj.com.br/portal/modules/conteudoonline/mostra_edicao.php?session=VWtSUmVWSnJWVE5OUkVGMFRtcHJlazFUTURCT1JFazFURlJvUmxFd1RYUlNSRUpEVWxSRk1VOVVWa1ZQVkVKRFRWUmpNMDU2VlhoT1JGVXdUa0U5UFE9PQ==,LAKE\RJ\2025\09\DOERJ_PARTE_I_PODER_EXECUTIVO_2025-09-02.md,saida\RJ\DOERJ_2025.csv,3415
inicio_suspeito,EM ORDEM ALFABÉTICA,EM ORDEM ALFABÉTICA,RJ,2025-08-28,nomeacao,,,https://www.ioerj.com.br/portal/modules/conteudoonline/mostra_edicao.php?session=VFdwVmVVNXJVa1ZSZWtGMFRsUlZOVTE1TURCUk1FbDNURlJuZWswd1JYUk5lbU13VVhwUk0wNTZXa1JTUlZwRVRWUmpNMDU2VlhoT1JGbDNUV2M5UFE9PQ==,LAKE\RJ\2025\08\DOERJ_PARTE_I_PODER_EXECUTIVO_2025-08-28.md,saida\RJ\DOERJ_2025.csv,3538
frase_administrativa;termo_administrativo,PESQUISAS E FORMAÇÃO DE SERVIDORES PÚBLICOS DO ESTADO,PESQUISAS E FORMAÇÃO DE SERVIDORES PÚBLICOS DO ESTADO,RJ,2025-08-28,exoneracao,do cargo em comissão de Assessor,da Fundação Centro Estadual de Estatística,https://www.ioerj.com.br/portal/modules/conteudoonline/mostra_edicao.php?session=VFdwVmVVNXJVa1ZSZWtGMFRsUlZOVTE1TURCUk1FbDNURlJuZWswd1JYUk5lbU13VVhwUk0wNTZXa1JTUlZwRVRWUmpNMDU2VlhoT1JGbDNUV2M5UFE9PQ==,LAKE\RJ\2025\08\DOERJ_PARTE_I_PODER_EXECUTIVO_2025-08-28.md,saida\RJ\DOERJ_2025.csv,3539
termo_administrativo,PSICÓLOGO E PSIQUIATRA POR NÃO CONTAR COM ESTES PROFISSIONAIS NA UNIDADE. ID: 2673152,PSICÓLOGO E PSIQUIATRA POR NÃO CONTAR COM ESTES PROFISSIONAIS NA UNIDADE,RJ,2025-08-26,nomeacao,,,https://www.ioerj.com.br/portal/modules/conteudoonline/mostra_edicao.php?session=VG10YVFrOUVXa1ZOYWsxMFRUQlNRbEpwTURCUFZWVTBURlZGZDA1VVRYUlJhMXBIVG5wa1IwNXJXWGRQVkU1RlRWUmpNMDU2VlhoT1JGbDZUVkU5UFE9PQ==,LAKE\RJ\2025\08\DOERJ_PARTE_I_PODER_EXECUTIVO_2025-08-26.md,saida\RJ\DOERJ_2025.csv,3620
inicio_suspeito;frase_administrativa;termo_administrativo,OS MEMBROS INTEGRANTES,OS MEMBROS INTEGRANTES,RJ,2025-08-25,nomeacao,,,https://www.ioerj.com.br/portal/modules/conteudoonline/mostra_edicao.php?session=VDFSU1JWRnFaelZOZWtWMFVXdFNRazFETURCUFZGWkdURlZGTlZGVlZYUk9WRkV3VDFSU1JVOUVWVEpOUkVKSFRWUmpNMDU2VlhoT1JGa3dUV2M5UFE9PQ==,LAKE\RJ\2025\08\DOERJ_PARTE_I_PODER_EXECUTIVO_2025-08-25.md,saida\RJ\DOERJ_2025.csv,3655
termo_administrativo,ASSISTENTE TÉCNICO ADMINISTRATIVO,ASSISTENTE TÉCNICO ADMINISTRATIVO,RJ,2025-08-13,exoneracao,,do Departamento de Trânsito do Estado do Rio de Janeiro - DETRAN/RJ,https://www.ioerj.com.br/portal/modules/conteudoonline/mostra_edicao.php?session=VFhwTk5FOUVWVEJQUkdOMFVYcGFSRTlUTURCUmExbDRURlZKTlZFd1JYUk9hbGw0VDFSc1JrNHdSVEZOVlUweFRWUmpNMDU2VlhoT1JHTTFUVkU5UFE9PQ==,LAKE\RJ\2025\08\DOERJ_PARTE_I_PODER_EXECUTIVO_2025-08-13.md,saida\RJ\DOERJ_2025.csv,3911
inicio_suspeito;termo_administrativo,DESTA IMPRENSA OFICIAL DO ESTADO,DESTA IMPRENSA OFICIAL DO ESTADO,RJ,2025-08-13,exoneracao,do Cargo de Confiança Assessor Especial II,,https://www.ioerj.com.br/portal/modules/conteudoonline/mostra_edicao.php?session=VFhwTk5FOUVWVEJQUkdOMFVYcGFSRTlUTURCUmExbDRURlZKTlZFd1JYUk9hbGw0VDFSc1JrNHdSVEZOVlUweFRWUmpNMDU2VlhoT1JHTTFUVkU5UFE9PQ==,LAKE\RJ\2025\08\DOERJ_PARTE_I_PODER_EXECUTIVO_2025-08-13.md,saida\RJ\DOERJ_2025.csv,3968
tem_numero;termo_administrativo,AUDITOR FISCAL DA RECEITA ESTADUAL DE 1º CATEGORIA,AUDITOR FISCAL DA RECEITA ESTADUAL DE 1º CATEGORIA,RJ,2025-08-12,exoneracao,do cargo em comissão de Assessor Especial,do Departamento Geral de Ad- ministração e Finanças,https://www.ioerj.com.br/portal/modules/conteudoonline/mostra_edicao.php?session=VVd0Wk0wNXJVWGxQUkd0MFRXcE5kMDlUTURCTlZHaEVURlJzUkZKclZYUlBSRnBEVWxWWmVVMTZVWGROZWtaR1RWUmpNMDU2VlhoT1JHZDRUMEU5UFE9PQ==,LAKE\RJ\2025\08\DOERJ_PARTE_I_PODER_EXECUTIVO_2025-08-12.md,saida\RJ\DOERJ_2025.csv,3974
tem_numero;termo_administrativo,AUDITOR FISCAL DA RECEITA ESTADUAL DE 1ª CATEGORIA,AUDITOR FISCAL DA RECEITA ESTADUAL DE 1ª CATEGORIA,RJ,2025-08-12,nomeacao,para exercer o cargo em comissão de Assessor Especial,do Departamento Geral de Administração e Finanças,https://www.ioerj.com.br/portal/modules/conteudoonline/mostra_edicao.php?session=VVd0Wk0wNXJVWGxQUkd0MFRXcE5kMDlUTURCTlZHaEVURlJzUkZKclZYUlBSRnBEVWxWWmVVMTZVWGROZWtaR1RWUmpNMDU2VlhoT1JHZDRUMEU5UFE9PQ==,LAKE\RJ\2025\08\DOERJ_PARTE_I_PODER_EXECUTIVO_2025-08-12.md,saida\RJ\DOERJ_2025.csv,3975
tem_numero;termo_administrativo,AUDITOR FISCAL DA RECEITA ESTADUAL DE 1ª CATEGORIA,AUDITOR FISCAL DA RECEITA ESTADUAL DE 1ª CATEGORIA,RJ,2025-08-12,exoneracao,do cargo em comissão de Auditor Fiscal Chefe,da Subsecretaria de Estado de Receita,https://www.ioerj.com.br/portal/modules/conteudoonline/mostra_edicao.php?session=VVd0Wk0wNXJVWGxQUkd0MFRXcE5kMDlUTURCTlZHaEVURlJzUkZKclZYUlBSRnBEVWxWWmVVMTZVWGROZWtaR1RWUmpNMDU2VlhoT1JHZDRUMEU5UFE9PQ==,LAKE\RJ\2025\08\DOERJ_PARTE_I_PODER_EXECUTIVO_2025-08-12.md,saida\RJ\DOERJ_2025.csv,3976
inicio_suspeito;frase_administrativa;termo_administrativo,EM VAGA RESULTANTE,EM VAGA RESULTANTE,RJ,2025-08-11,nomeacao,para exercer o cargo em comissão de Aju- dante I,do Departamento de Trânsito do Estado do Rio de Janeiro - DETRAN/RJ,https://www.ioerj.com.br/portal/modules/conteudoonline/mostra_edicao.php?session=VW1wSmVFMUVXVE5QUlZsMFQxUkJkMUY1TURCT2VtaEVURlZHUms5RlRYUlNWRWt4VFhwTmVVNXFTVEJSZWtWNFRWUmpNMDU2VlhoT1JHZDZUV2M5UFE9PQ==,LAKE\RJ\2025\08\DOERJ_PARTE_I_PODER_EXECUTIVO_2025-08-11.md,saida\RJ\DOERJ_2025.csv,4045
tem_numero;termo_administrativo,BEM COMO QUAISQUER NOMEAÇÕES E EXONERAÇÕES CONFORME O DISPOSTO NO ARTIGO 5º DO,BEM COMO QUAISQUER NOMEAÇÕES E EXONERAÇÕES CONFORME O DISPOSTO NO ARTIGO 5º DO,RJ,2025-08-11,exoneracao,,,https://www.ioerj.com.br/portal/modules/conteudoonline/mostra_edicao.php?session=VW1wSmVFMUVXVE5QUlZsMFQxUkJkMUY1TURCT2VtaEVURlZHUms5RlRYUlNWRWt4VFhwTmVVNXFTVEJSZWtWNFRWUmpNMDU2VlhoT1JHZDZUV2M5UFE9PQ==,LAKE\RJ\2025\08\DOERJ_PARTE_I_PODER_EXECUTIVO_2025-08-11.md,saida\RJ\DOERJ_2025.csv,4072
termo_administrativo,ASSISTENTE TÉCNICO DE TRÂNSITO,ASSISTENTE TÉCNICO DE TRÂNSITO,RJ,2025-08-05,exoneracao,,do Departamento de Trânsito do Estado do Rio de Janeiro - DETRAN/RJ,https://www.ioerj.com.br/portal/modules/conteudoonline/mostra_edicao.php?session=VVd0UmVsRnFWa1JPZWxGMFVWVktSbEY1TURCU1ZFMHpURlJuTlU5RlRYUk9hazVIVFhwRk5VNXFhM2xQUkZreVRWUmpNMDU2VlhoT1JHdDVUMEU5UFE9PQ==,LAKE\RJ\2025\08\DOERJ_PARTE_I_PODER_EXECUTIVO_2025-08-05.md,saida\RJ\DOERJ_2025.csv,4189
tem_numero;frase_administrativa;termo_administrativo,DOCUMENTAÇÃO E MANUTENÇÃO - GEADM. PROCESSO Nº SEI-220002/000318/2025,DOCUMENTAÇÃO E MANUTENÇÃO - GEADM. PROCESSO Nº SEI-220002/000318/2025,RJ,2025-08-05,nomeacao,,,https://www.ioerj.com.br/portal/modules/conteudoonline/mostra_edicao.php?session=VVd0UmVsRnFWa1JPZWxGMFVWVktSbEY1TURCU1ZFMHpURlJuTlU5RlRYUk9hazVIVFhwRk5VNXFhM2xQUkZreVRWUmpNMDU2VlhoT1JHdDVUMEU5UFE9PQ==,LAKE\RJ\2025\08\DOERJ_PARTE_I_PODER_EXECUTIVO_2025-08-05.md,saida\RJ\DOERJ_2025.csv,4228
tem_numero;inicio_suspeito;frase_administrativa;termo_administrativo;muito_longo,VINCULADO À GERÊNCIA DE COBRANÇA DE OPERAÇÕES DE CRÉDITO - GECOB. PROCESSO Nº SEI-220002/000319/2025,VINCULADO À GERÊNCIA DE COBRANÇA DE OPERAÇÕES DE CRÉDITO - GECOB. PROCESSO Nº SEI-220002/000319/2025,RJ,2025-08-05,nomeacao,,,https://www.ioerj.com.br/portal/modules/conteudoonline/mostra_edicao.php?session=VVd0UmVsRnFWa1JPZWxGMFVWVktSbEY1TURCU1ZFMHpURlJuTlU5RlRYUk9hazVIVFhwRk5VNXFhM2xQUkZreVRWUmpNMDU2VlhoT1JHdDVUMEU5UFE9PQ==,LAKE\RJ\2025\08\DOERJ_PARTE_I_PODER_EXECUTIVO_2025-08-05.md,saida\RJ\DOERJ_2025.csv,4229
tem_numero;termo_administrativo,AUDITOR FISCAL DA RECEITA ESTADUAL DE 2ª CATEGORIA,AUDITOR FISCAL DA RECEITA ESTADUAL DE 2ª CATEGORIA,RJ,2025-07-30,exoneracao,do cargo em comissão de Auditor Fiscal Subchefe,da Subsecretaria de Estado de Receita,https://www.ioerj.com.br/portal/modules/conteudoonline/mostra_edicao.php?session=VFRCS1JsSnJSVEpPYTBsMFRVUnNSVTlUTURCUFZVVjRURlJzUms1VVVYUlNha1pEVFhwbmVWRjZUWHBOYWs1RlRWUmpNMDU2VlhoT1ZFRjVUVUU5UFE9PQ==,LAKE\RJ\2025\07\DOERJ_PARTE_I_PODER_EXECUTIVO_2025-07-30.md,saida\RJ\DOERJ_2025.csv,4429
inicio_suspeito;frase_administrativa;termo_administrativo,POR ATO PRÓPRIO,POR ATO PRÓPRIO,RJ,2025-07-30,nomeacao,,,https://www.ioerj.com.br/portal/modules/conteudoonline/mostra_edicao.php?session=VFRCS1JsSnJSVEpPYTBsMFRVUnNSVTlUTURCUFZVVjRURlJzUms1VVVYUlNha1pEVFhwbmVWRjZUWHBOYWs1RlRWUmpNMDU2VlhoT1ZFRjVUVUU5UFE9PQ==,LAKE\RJ\2025\07\DOERJ_PARTE_I_PODER_EXECUTIVO_2025-07-30.md,saida\RJ\DOERJ_2025.csv,4434
frase_administrativa;termo_administrativo,ATRAVÉS DE ATO PRÓPRIO PUBLICADO NO DIÁRIO OFICIAL DO ESTADO,ATRAVÉS DE ATO PRÓPRIO PUBLICADO NO DIÁRIO OFICIAL DO ESTADO,RJ,2025-07-25,nomeacao,,,https://www.ioerj.com.br/portal/modules/conteudoonline/mostra_edicao.php?session=VVhwSmVFOUZSa05PYTFsMFRqQlpOVkY1TURCT2VtZDVURlJvUWs1cVdYUlNha2swVVRCRk5FNHdUWGhOUkVrMFRWUmpNMDU2VlhoT1ZFRXlUVkU5UFE9PQ==,LAKE\RJ\2025\07\DOERJ_PARTE_I_PODER_EXECUTIVO_2025-07-25.md,saida\RJ\DOERJ_2025.csv,4534
inicio_suspeito;termo_administrativo,VINCULADO À GERÊNCIA DE COBRANÇA DE OPERAÇÕES DE CRÉDITO - GECOB,VINCULADO À GERÊNCIA DE COBRANÇA DE OPERAÇÕES DE CRÉDITO - GECOB,RJ,2025-07-24,exoneracao,,,https://www.ioerj.com.br/portal/modules/conteudoonline/mostra_edicao.php?session=VGxWUk1FMUVWa1ZTUlUxMFRucGpORTE1TURCT2VrNUZURlZKTkU1VVJYUlBSVWt6VGxSWmVGSnJXVFJPZWtWNlRWUmpNMDU2VlhoT1ZFRTFUMUU5UFE9PQ==,LAKE\RJ\2025\07\DOERJ_PARTE_I_PODER_EXECUTIVO_2025-07-24.md,saida\RJ\DOERJ_2025.csv,4566
termo_administrativo;muito_longo,ALÉM DO COORDENADOR DA COMISSÃO DE INVESTIGAÇÃO DE ACIDENTE OPERACIONAL DA CONCESSIONÁRIA,ALÉM DO COORDENADOR DA COMISSÃO DE INVESTIGAÇÃO DE ACIDENTE OPERACIONAL DA CONCESSIONÁRIA,RJ,2025-07-21,nomeacao,,,https://www.ioerj.com.br/portal/modules/conteudoonline/mostra_edicao.php?session=VGtScmQwNXFiRUpTUkZsMFRWVlZNVkY1TURCUk1FNUZURlJzUkUxVWEzUlNSR2hEVDFSUk1VMXJSVEZTYW1zd1RWUmpNMDU2VlhoT1ZFVjZUVUU5UFE9PQ==,LAKE\RJ\2025\07\DOERJ_PARTE_I_PODER_EXECUTIVO_2025-07-21.md,saida\RJ\DOERJ_2025.csv,4605
termo_administrativo,AGENTE ADMINISTRATIVO DE SAÚDE,AGENTE ADMINISTRATIVO DE SAÚDE,RJ,2025-07-15,exoneracao,,,https://www.ioerj.com.br/portal/modules/conteudoonline/mostra_edicao.php?session=VG5wc1JWRlVZM2hTYW1kMFQxUnJlbEpUTURCT2FscEVURlZKTlUwd1NYUlNSRkY2VDBWRk1FNXFUa0pPVlUwd1RWUmpNMDU2VlhoT1ZFVTBUa0U5UFE9PQ==,LAKE\RJ\2025\07\DOERJ_PARTE_I_PODER_EXECUTIVO_2025-07-15.md,saida\RJ\DOERJ_2025.csv,4723
inicio_suspeito;termo_administrativo,DESTA IMPRENSA OFICIAL DO ESTADO DO RIO DE JANEIRO - IOERJ,DESTA IMPRENSA OFICIAL DO ESTADO DO RIO DE JANEIRO - IOERJ,RJ,2025-07-15,nomeacao,,,https://www.ioerj.com.br/portal/modules/conteudoonline/mostra_edicao.php?session=VG5wc1JWRlVZM2hTYW1kMFQxUnJlbEpUTURCT2FscEVURlZKTlUwd1NYUlNSRkY2VDBWRk1FNXFUa0pPVlUwd1RWUmpNMDU2VlhoT1ZFVTBUa0U5UFE9PQ==,LAKE\RJ\2025\07\DOERJ_PARTE_I_PODER_EXECUTIVO_2025-07-15.md,saida\RJ\DOERJ_2025.csv,4762
termo_administrativo,R E N ATO DE FREITAS CORREA,R E N ATO DE FREITAS CORREA,RJ,2025-07-03,exoneracao,do cargo em comissão de Assistente,da Subsecretaria de Administração,https://www.ioerj.com.br/portal/modules/conteudoonline/mostra_edicao.php?session=VVdwSk0xRXdXVFZPYTAxMFRsUmtSVTlUTURCUFZGRXlURlZLUWxGVVkzUk9WVkV3VDFWSk1rNVVWa1ZQUlZrd1RWUmpNMDU2VlhoT1ZFMTRUMEU5UFE9PQ==,LAKE\RJ\2025\07\DOERJ_PARTE_I_PODER_EXECUTIVO_2025-07-03.md,saida\RJ\DOERJ_2025.csv,4974
inicio_suspeito;frase_administrativa;termo_administrativo,EM VAGA RESULTANTE,EM VAGA RESULTANTE,RJ,2025-07-02,nomeacao,,da Fundação Anita Mantuano de Artes do Estado do Rio de Janeiro - FUNARJ,https://www.ioerj.com.br/portal/modules/conteudoonline/mostra_edicao.php?session=VVhwak5VNXFUWGRPUlZWMFRtcHNSazlETURCU1ZWcENURlZKTVU1cVFYUlNhbEV4VVZSV1JrNVVVa05PVkVFMVRWUmpNMDU2VlhoT1ZFMHdUWGM5UFE9PQ==,LAKE\RJ\2025\07\DOERJ_PARTE_I_PODER_EXECUTIVO_2025-07-02.md,saida\RJ\DOERJ_2025.csv,5041
termo_administrativo,DOCARGO EM COMISSÃO DE ADJUNTO II,DOCARGO EM COMISSÃO DE ADJUNTO II,RJ,2025-06-30,exoneracao,,do Instituto Estadual do Ambiente - INEA,https://www.ioerj.com.br/portal/modules/conteudoonline/mostra_edicao.php?session=VGxSamQwOVVRa1JPZWtsMFRYcHNSbEpUTURCTmVtUkZURlZLUjAxNlZYUlJha1pFVWxWR1JrMUVRWHBOYWs1R1RWUmpNMDU2VlhoT1ZGRjNUa0U5UFE9PQ==,LAKE\RJ\2025\06\DOERJ_PARTE_I_PODER_EXECUTIVO_2025-06-30.md,saida\RJ\DOERJ_2025.csv,5128
frase_administrativa,COMPOSTA PELOS SEGUINTES MEMBROS: - EDNEWTON SOUZA DAS VIRGENS,COMPOSTA PELOS SEGUINTES MEMBROS: - EDNEWTON SOUZA DAS VIRGENS,RJ,2025-06-30,nomeacao,,da Autarquia de Proteção e De- fesa do Consumidor - Procon-RJ,https://www.ioerj.com.br/portal/modules/conteudoonline/mostra_edicao.php?session=VGxSamQwOVVRa1JPZWtsMFRYcHNSbEpUTURCTmVtUkZURlZLUjAxNlZYUlJha1pFVWxWR1JrMUVRWHBOYWs1R1RWUmpNMDU2VlhoT1ZGRjNUa0U5UFE9PQ==,LAKE\RJ\2025\06\DOERJ_PARTE_I_PODER_EXECUTIVO_2025-06-30.md,saida\RJ\DOERJ_2025.csv,5135
tem_numero,ID. 5.162.909-7,ID. 5.162.909-7,RJ,2025-06-23,nomeacao,para exercer o cargo de Assessor da Presidência,,https://www.ioerj.com.br/portal/modules/conteudoonline/mostra_edicao.php?session=VFRCWmVGRlVUVEpPZWtWMFRUQlplRTFETURCUFJGVXlURlJuTUU1RldYUlJhbEUwVDBWU1JrMVVVWGxQVkd4R1RWUmpNMDU2VlhoT1ZGRTBUMEU5UFE9PQ==,LAKE\RJ\2025\06\DOERJ_PARTE_I_PODER_EXECUTIVO_2025-06-23.md,saida\RJ\DOERJ_2025.csv,5200
inicio_suspeito,QUE ATUARÃO COMO PONTO FOCAL PARA IMPLANTAÇÃO,QUE ATUARÃO COMO PONTO FOCAL PARA IMPLANTAÇÃO,RJ,2025-06-17,nomeacao,,,https://www.ioerj.com.br/portal/modules/conteudoonline/mostra_edicao.php?session=VGtWR1ExRjZSVE5QUlZsMFRXdE9SVTFUTURCU2Fsa3hURlJyTTAxcVozUk9WRTEzVVRCR1FrMXFSVFZQUkd4R1RWUmpNMDU2VlhoT1ZGVjZUbEU5UFE9PQ==,LAKE\RJ\2025\06\DOERJ_PARTE_I_PODER_EXECUTIVO_2025-06-17.md,saida\RJ\DOERJ_2025.csv,5266
inicio_suspeito;termo_administrativo,VINCULADO À GERÊNCIA DE GESTÃO DE RISCOS CORPORATIVOS - GERCO,VINCULADO À GERÊNCIA DE GESTÃO DE RISCOS CORPORATIVOS - GERCO,RJ,2025-06-16,exoneracao,,,https://www.ioerj.com.br/portal/modules/conteudoonline/mostra_edicao.php?session=VG5wRmVWRnFWVE5OTUVWMFQwUlNRazFUTURCTlJFSkdURlJvUjFKRlVYUk5SR3QzVGxWR1JrMXFTa0pSYTFVeVRWUmpNMDU2VlhoT1ZGVXlUbEU5UFE9PQ==,LAKE\RJ\2025\06\DOERJ_PARTE_I_PODER_EXECUTIVO_2025-06-16.md,saida\RJ\DOERJ_2025.csv,5323
tem_numero;termo_administrativo,BEM COMO QUAISQUER NOMEAÇÕES E EXONERAÇÕES CONFORME O DISPOSTO NO ARTIGO 5º DO,BEM COMO QUAISQUER NOMEAÇÕES E EXONERAÇÕES CONFORME O DISPOSTO NO ARTIGO 5º DO,RJ,2025-06-09,exoneracao,,,https://www.ioerj.com.br/portal/modules/conteudoonline/mostra_edicao.php?session=VWtSU1JVMVZXWGhOUkZGMFVtdEZNRTFwTURCU1JGWkRURlJuZDFKclVYUk9SVXBGVGxSVk1rNXJWa2ROYWsxNFRWUmpNMDU2VlhoT1ZGa3pUbmM5UFE9PQ==,LAKE\RJ\2025\06\DOERJ_PARTE_I_PODER_EXECUTIVO_2025-06-09.md,saida\RJ\DOERJ_2025.csv,5518
inicio_suspeito;frase_administrativa;termo_administrativo,SERVIDORES PÚBLICOS,SERVIDORES PÚBLICOS,RJ,2025-06-06,nomeacao,,,https://www.ioerj.com.br/portal/modules/conteudoonline/mostra_edicao.php?session=VWtWUk1VMUZVa1ZTVkZsMFRtdE9SazE1TURCTlZHZDVURlJvUTA1RVZYUk5SR2hIVDFSWk1GRnFSa05PUkd0NlRWUmpNMDU2VlhoT1ZHTjNUa0U5UFE9PQ==,LAKE\RJ\2025\06\DOERJ_PARTE_I_PODER_EXECUTIVO_2025-06-06.md,saida\RJ\DOERJ_2025.csv,5561
inicio_suspeito;termo_administrativo,CONFORME DETERMINAÇÃO DO COMANDO-GERAL,CONFORME DETERMINAÇÃO DO COMANDO-GERAL,RJ,2025-05-26,nomeacao,da função,,https://www.ioerj.com.br/portal/modules/conteudoonline/mostra_edicao.php?session=VGtSWk1GRjZXVFJPZWxGMFQwVkpNVkZUTURCUmExcEhURlZGTTAxVVozUk9hMWswVFd0Rk1GSlVXWGxPUkVKRlRWUmpNMDU2VlhoT1ZHdDNUVUU5UFE9PQ==,LAKE\RJ\2025\05\DOERJ_PARTE_I_PODER_EXECUTIVO_2025-05-26.md,saida\RJ\DOERJ_2025.csv,5869
tem_numero;termo_administrativo,AUDITOR FISCAL DA RECEITA ESTADUAL 1ª CATEGORIA,AUDITOR FISCAL DA RECEITA ESTADUAL 1ª CATEGORIA,RJ,2025-05-23,nomeacao,para exercer o cargo em comissão de Coordenador,da Subsecretaria de Estado de Receita,https://www.ioerj.com.br/portal/modules/conteudoonline/mostra_edicao.php?session=VFZSS1IxRXdUWGRPUlUxMFRXcEdRMDVwTURCT1JHc3pURlZGTWxGcVFYUlBWRUV4VFRCYVJGSnJSa05SVlU1Q1RWUmpNMDU2VlhoT1ZHdDVUbEU5UFE9PQ==,LAKE\RJ\2025\05\DOERJ_PARTE_I_PODER_EXECUTIVO_2025-05-23.md,saida\RJ\DOERJ_2025.csv,5889
tem_numero;termo_administrativo,AUDITOR FISCAL DA RECEITA ESTADUAL DE 2º CATEGORIA,AUDITOR FISCAL DA RECEITA ESTADUAL DE 2º CATEGORIA,RJ,2025-05-23,nomeacao,para exercer o cargo em comissão de Chefe de Posto Fiscal,da Superintendência de Fiscalização e Inteligência Fiscal,https://www.ioerj.com.br/portal/modules/conteudoonline/mostra_edicao.php?session=VFZSS1IxRXdUWGRPUlUxMFRXcEdRMDVwTURCT1JHc3pURlZGTWxGcVFYUlBWRUV4VFRCYVJGSnJSa05SVlU1Q1RWUmpNMDU2VlhoT1ZHdDVUbEU5UFE9PQ==,LAKE\RJ\2025\05\DOERJ_PARTE_I_PODER_EXECUTIVO_2025-05-23.md,saida\RJ\DOERJ_2025.csv,5890
termo_administrativo,ASSISTENTE TÉCNICO DE IDENTIFICAÇÃO CIVIL,ASSISTENTE TÉCNICO DE IDENTIFICAÇÃO CIVIL,RJ,2025-05-21,exoneracao,,do Departamento de Trânsito do Estado do Rio de Janeiro - DETRAN/RJ,https://www.ioerj.com.br/portal/modules/conteudoonline/mostra_edicao.php?session=VW1wbk1rNVVaM2hTUkZGMFVWVkpORTVETURCT1JFRjZURlJyZVUxNlVYUk9WVVpDVGtSTmQxRnFWa2RTYTFwR1RWUmpNMDU2VlhoT1ZHc3hUMEU5UFE9PQ==,LAKE\RJ\2025\05\DOERJ_PARTE_I_PODER_EXECUTIVO_2025-05-21.md,saida\RJ\DOERJ_2025.csv,5961
tem_numero;termo_administrativo,CAIO CESAR FERRAZ SALIM PEREIRA - MATRÍCULA 2097,CAIO CESAR FERRAZ SALIM PEREIRA - MATRÍCULA 2097,RJ,2025-05-21,nomeacao,para exercer o Cargo de Chefe da Divisão Administrativa,,https://www.ioerj.com.br/portal/modules/conteudoonline/mostra_edicao.php?session=VW1wbk1rNVVaM2hTUkZGMFVWVkpORTVETURCT1JFRjZURlJyZVUxNlVYUk9WVVpDVGtSTmQxRnFWa2RTYTFwR1RWUmpNMDU2VlhoT1ZHc3hUMEU5UFE9PQ==,LAKE\RJ\2025\05\DOERJ_PARTE_I_PODER_EXECUTIVO_2025-05-21.md,saida\RJ\DOERJ_2025.csv,6005
frase_administrativa;termo_administrativo,PESQUISAS E FORMAÇÃO DE SERVIDORES PÚBLICOS DO ESTADO,PESQUISAS E FORMAÇÃO DE SERVIDORES PÚBLICOS DO ESTADO,RJ,2025-05-15,exoneracao,do cargo em comissão de Secretário I,da Fundação Centro Estadual de Estatística,https://www.ioerj.com.br/portal/modules/conteudoonline/mostra_edicao.php?session=VVdwSk1VNUVRa1pPUkVWMFRtcFJkMDFETURCTmVsSkdURlZKZUU5VVFYUk9la2sxVFhwVmVFOVVVVEZOUlVWM1RWUmpNMDU2VlhoT2FrRjRUVkU5UFE9PQ==,LAKE\RJ\2025\05\DOERJ_PARTE_I_PODER_EXECUTIVO_2025-05-15.md,saida\RJ\DOERJ_2025.csv,6131
termo_administrativo,LOTADA NA GERÊNCIA DE GESTÃO DE PESSOAS - GEGEP,LOTADA NA GERÊNCIA DE GESTÃO DE PESSOAS - GEGEP,RJ,2025-05-09,exoneracao,,,https://www.ioerj.com.br/portal/modules/conteudoonline/mostra_edicao.php?session=VG5wbmQwMXJVVEZOVlZWMFRUQlZNVTFETURCT1JGazFURlZKZDAxRVdYUlJhbU13VG5wamVVMVVhM3BOZWs1R1RWUmpNMDU2VlhoT2FrRTFUVUU5UFE9PQ==,LAKE\RJ\2025\05\DOERJ_PARTE_I_PODER_EXECUTIVO_2025-05-09.md,saida\RJ\DOERJ_2025.csv,6288
tem_numero;inicio_suspeito;frase_administrativa;termo_administrativo;muito_longo,VINCULADA À GERÊNCIA DE GESTÃO DE PESSOAS - GEGEP. (PROCESSO Nº SEI- 220002/000087/2025),VINCULADA À GERÊNCIA DE GESTÃO DE PESSOAS - GEGEP. (PROCESSO Nº SEI- 220002/000087/2025),RJ,2025-05-09,nomeacao,,,https://www.ioerj.com.br/portal/modules/conteudoonline/mostra_edicao.php?session=VG5wbmQwMXJVVEZOVlZWMFRUQlZNVTFETURCT1JGazFURlZKZDAxRVdYUlJhbU13VG5wamVVMVVhM3BOZWs1R1RWUmpNMDU2VlhoT2FrRTFUVUU5UFE9PQ==,LAKE\RJ\2025\05\DOERJ_PARTE_I_PODER_EXECUTIVO_2025-05-09.md,saida\RJ\DOERJ_2025.csv,6289
inicio_suspeito;termo_administrativo,DESTA IMPRENSA OFICIAL DO ESTADO DO RIO DE JANEIRO - IOERJ,DESTA IMPRENSA OFICIAL DO ESTADO DO RIO DE JANEIRO - IOERJ,RJ,2025-05-07,exoneracao,,,https://www.ioerj.com.br/portal/modules/conteudoonline/mostra_edicao.php?session=VFVSWk1rNXFhekZOVkZGMFRtdFZNRkpwTURCTmEwMTVURlJyTTFGVldYUk9hbEpHVFdwSk5WRlZVa2RSVkVreVRWUmpNMDU2VlhoT2FrVXdUVkU5UFE9PQ==,LAKE\RJ\2025\05\DOERJ_PARTE_I_PODER_EXECUTIVO_2025-05-07.md,saida\RJ\DOERJ_2025.csv,6359
inicio_suspeito;termo_administrativo,DESTA IMPRENSA OFICIAL DO ESTADO DO RIO DE JANEIRO - IOERJ,DESTA IMPRENSA OFICIAL DO ESTADO DO RIO DE JANEIRO - IOERJ,RJ,2025-05-07,exoneracao,,,https://www.ioerj.com.br/portal/modules/conteudoonline/mostra_edicao.php?session=VFVSWk1rNXFhekZOVkZGMFRtdFZNRkpwTURCTmEwMTVURlJyTTFGVldYUk9hbEpHVFdwSk5WRlZVa2RSVkVreVRWUmpNMDU2VlhoT2FrVXdUVkU5UFE9PQ==,LAKE\RJ\2025\05\DOERJ_PARTE_I_PODER_EXECUTIVO_2025-05-07.md,saida\RJ\DOERJ_2025.csv,6361
inicio_suspeito;termo_administrativo,DESTA IMPRENSA OFICIAL DO ESTADO DO RIO DE JANEIRO - IOERJ,DESTA IMPRENSA OFICIAL DO ESTADO DO RIO DE JANEIRO - IOERJ,RJ,2025-05-07,exoneracao,,,https://www.ioerj.com.br/portal/modules/conteudoonline/mostra_edicao.php?session=VFVSWk1rNXFhekZOVkZGMFRtdFZNRkpwTURCTmEwMTVURlJyTTFGVldYUk9hbEpHVFdwSk5WRlZVa2RSVkVreVRWUmpNMDU2VlhoT2FrVXdUVkU5UFE9PQ==,LAKE\RJ\2025\05\DOERJ_PARTE_I_PODER_EXECUTIVO_2025-05-07.md,saida\RJ\DOERJ_2025.csv,6362
termo_administrativo,AUDITOR FISCAL,AUDITOR FISCAL,RJ,2025-05-05,exoneracao,do cargo em comissão de Assistente,,https://www.ioerj.com.br/portal/modules/conteudoonline/mostra_edicao.php?session=VWxSWk0xRlVVVFJOZW10MFQxVkpNazE1TURCUmFrWkdURlJzUlUwd1NYUk9SRWt3VVdwc1JrMXJWWHBPZWxsNlRWUmpNMDU2VlhoT2FrVXpUVkU5UFE9PQ==,LAKE\RJ\2025\05\DOERJ_PARTE_I_PODER_EXECUTIVO_2025-05-05.md,saida\RJ\DOERJ_2025.csv,6459
inicio_suspeito;termo_administrativo,DESTA IMPRENSA OFICIAL DO ESTADO DO RIO DE JANEIRO - IOERJ,DESTA IMPRENSA OFICIAL DO ESTADO DO RIO DE JANEIRO - IOERJ,RJ,2025-04-25,exoneracao,,,https://www.ioerj.com.br/portal/modules/conteudoonline/mostra_edicao.php?session=VDFSV1JGRXdXVFJOYTBWMFVXcHNSazU1TURCU2EwVXhURlJyZUU5VlRYUk9hMHBEVFdwUk1FNTZaM3BTVkZaR1RWUmpNMDU2VlhoT2Fra3dUa0U5UFE9PQ==,LAKE\RJ\2025\04\DOERJ_PARTE_I_PODER_EXECUTIVO_2025-04-25.md,saida\RJ\DOERJ_2025.csv,6583
inicio_suspeito;termo_administrativo,SERVIDOR PARA A FUNÇÃO DE GERENTE EXECUTIVO DOS CONVÊNIOS FIRMADOS NO ÂMBITO DA,SERVIDOR PARA A FUNÇÃO DE GERENTE EXECUTIVO DOS CONVÊNIOS FIRMADOS NO ÂMBITO DA,RJ,2025-04-08,nomeacao,,,https://www.ioerj.com.br/portal/modules/conteudoonline/mostra_edicao.php?session=VG1wb1IxRnFWa1JPVkZGMFRVUlplVTlUTURCU1JWRjZURlZKZDA1clRYUk9hbU0wVFVWUk5FMUVUVFJSVkdzelRWUmpNMDU2VlhoT2FsRjRUV2M5UFE9PQ==,LAKE\RJ\2025\04\DOERJ_PARTE_I_PODER_EXECUTIVO_2025-04-08.md,saida\RJ\DOERJ_2025.csv,6863
inicio_suspeito,Á LVA R O CANDIDO COSTA DE OLIVEIRA,Á LVA R O CANDIDO COSTA DE OLIVEIRA,RJ,2025-04-01,exoneracao,do cargo em comissão de Ajudante I,,https://www.ioerj.com.br/portal/modules/conteudoonline/mostra_edicao.php?session=VFVSa1ExRjZSVE5QUkVWMFVXdEpNazE1TURCU2EwcEdURlJuTlU5VlJYUlNhMHBHVFhwR1ExSlVSa05SVkVWNFRWUmpNMDU2VlhoT2FsRTFUbmM5UFE9PQ==,LAKE\RJ\2025\04\DOERJ_PARTE_I_PODER_EXECUTIVO_2025-04-01.md,saida\RJ\DOERJ_2025.csv,7077
tem_numero;termo_administrativo,AUDITOR FISCAL DA RECEITA ESTADUAL 1ª CATEGORIA,AUDITOR FISCAL DA RECEITA ESTADUAL 1ª CATEGORIA,RJ,2025-03-31,exoneracao,do cargo em comissão de Coordenador,da Superintendência de Arrecadação,https://www.ioerj.com.br/portal/modules/conteudoonline/mostra_edicao.php?session=VFZSSk5GRjZUa0pTVlVsMFRsUkpORTVUTURCU1JGbDVURlZKTVZGcVFYUk9SRlpFVDFSamVWSlVVVFJSTUVwQ1RWUmpNMDU2VlhoT2FsVjNUMEU5UFE9PQ==,LAKE\RJ\2025\03\DOERJ_PARTE_I_PODER_EXECUTIVO_2025-03-31.md,saida\RJ\DOERJ_2025.csv,7110
inicio_suspeito;frase_administrativa;termo_administrativo,SERVIDORES PARA OS CARGOS EM COMISSÃO,SERVIDORES PARA OS CARGOS EM COMISSÃO,RJ,2025-03-31,nomeacao,,,https://www.ioerj.com.br/portal/modules/conteudoonline/mostra_edicao.php?session=VFZSSk5GRjZUa0pTVlVsMFRsUkpORTVUTURCU1JGbDVURlZKTVZGcVFYUk9SRlpFVDFSamVWSlVVVFJSTUVwQ1RWUmpNMDU2VlhoT2FsVjNUMEU5UFE9PQ==,LAKE\RJ\2025\03\DOERJ_PARTE_I_PODER_EXECUTIVO_2025-03-31.md,saida\RJ\DOERJ_2025.csv,7128
inicio_suspeito;termo_administrativo,VINCULADA À GERÊNCIA DE GOVERNANÇA E,VINCULADA À GERÊNCIA DE GOVERNANÇA E,RJ,2025-03-28,nomeacao,,,https://www.ioerj.com.br/portal/modules/conteudoonline/mostra_edicao.php?session=VGxSU1JFMHdXWHBQVkdOMFRtdFJORTFwTURCT1JFa3pURlJuTTA0d1RYUk5hMVV4VFhwTmVrOVVXWGROTUUwMVRWUmpNMDU2VlhoT2FsVjVUV2M5UFE9PQ==,LAKE\RJ\2025\03\DOERJ_PARTE_I_PODER_EXECUTIVO_2025-03-28.md,saida\RJ\DOERJ_2025.csv,7166
tem_numero;inicio_suspeito;frase_administrativa;termo_administrativo;muito_longo,VINCULADA À GERÊNCIA DE CONTRATOS E LICITAÇÕES - GECLA. PROCESSO Nº SEI- 220002/000130/2025,VINCULADA À GERÊNCIA DE CONTRATOS E LICITAÇÕES - GECLA. PROCESSO Nº SEI- 220002/000130/2025,RJ,2025-03-28,nomeacao,,,https://www.ioerj.com.br/portal/modules/conteudoonline/mostra_edicao.php?session=VGxSU1JFMHdXWHBQVkdOMFRtdFJORTFwTURCT1JFa3pURlJuTTA0d1RYUk5hMVV4VFhwTmVrOVVXWGROTUUwMVRWUmpNMDU2VlhoT2FsVjVUV2M5UFE9PQ==,LAKE\RJ\2025\03\DOERJ_PARTE_I_PODER_EXECUTIVO_2025-03-28.md,saida\RJ\DOERJ_2025.csv,7167
tem_numero;frase_administrativa;termo_administrativo;muito_longo,ACOMPANHAMENTO DE OPERAÇÕES DE CRÉDITO E FUNDES - GECAF. PROCESSO Nº SEI-220002/000119/2025,ACOMPANHAMENTO DE OPERAÇÕES DE CRÉDITO E FUNDES - GECAF. PROCESSO Nº SEI-220002/000119/2025,RJ,2025-03-27,nomeacao,,,https://www.ioerj.com.br/portal/modules/conteudoonline/mostra_edicao.php?session=VDBSTk1WSlVSWGRPVkVWMFVWUlNSazlUTURCUlZVWkVURlZKZUZKRlRYUk5WRUpEVVRCU1IwMXJTWGRPVkZKR1RWUmpNMDU2VlhoT2FsVXhUbmM5UFE9PQ==,LAKE\RJ\2025\03\DOERJ_PARTE_I_PODER_EXECUTIVO_2025-03-27.md,saida\RJ\DOERJ_2025.csv,7198
tem_numero;inicio_suspeito;frase_administrativa;termo_administrativo;muito_longo,VINCULADA À GERÊNCIA DE GESTÃO DE PESSOAS - GEGEP. PROCESSO Nº SEI- 220002/000120/2025,VINCULADA À GERÊNCIA DE GESTÃO DE PESSOAS - GEGEP. PROCESSO Nº SEI- 220002/000120/2025,RJ,2025-03-27,nomeacao,,,https://www.ioerj.com.br/portal/modules/conteudoonline/mostra_edicao.php?session=VDBSTk1WSlVSWGRPVkVWMFVWUlNSazlUTURCUlZVWkVURlZKZUZKRlRYUk5WRUpEVVRCU1IwMXJTWGRPVkZKR1RWUmpNMDU2VlhoT2FsVXhUbmM5UFE9PQ==,LAKE\RJ\2025\03\DOERJ_PARTE_I_PODER_EXECUTIVO_2025-03-27.md,saida\RJ\DOERJ_2025.csv,7199
tem_numero;inicio_suspeito;termo_administrativo;muito_longo,VINCULADA À GERÊNCIA DE INFRAESTRUTURA DE TECNOLOGIA - GEINF. (REFERÊNCIA: PROC SEI-220002/000121/2025),VINCULADA À GERÊNCIA DE INFRAESTRUTURA DE TECNOLOGIA - GEINF. (REFERÊNCIA: PROC SEI-220002/000121/2025),RJ,2025-03-27,nomeacao,,,https://www.ioerj.com.br/portal/modules/conteudoonline/mostra_edicao.php?session=VDBSTk1WSlVSWGRPVkVWMFVWUlNSazlUTURCUlZVWkVURlZKZUZKRlRYUk5WRUpEVVRCU1IwMXJTWGRPVkZKR1RWUmpNMDU2VlhoT2FsVXhUbmM5UFE9PQ==,LAKE\RJ\2025\03\DOERJ_PARTE_I_PODER_EXECUTIVO_2025-03-27.md,saida\RJ\DOERJ_2025.csv,7200
termo_administrativo,LOTADA NA GERÊNCIA DE MICROCRÉDITO - GEMPO,LOTADA NA GERÊNCIA DE MICROCRÉDITO - GEMPO,RJ,2025-03-27,exoneracao,,,https://www.ioerj.com.br/portal/modules/conteudoonline/mostra_edicao.php?session=VDBSTk1WSlVSWGRPVkVWMFVWUlNSazlUTURCUlZVWkVURlZKZUZKRlRYUk5WRUpEVVRCU1IwMXJTWGRPVkZKR1RWUmpNMDU2VlhoT2FsVXhUbmM5UFE9PQ==,LAKE\RJ\2025\03\DOERJ_PARTE_I_PODER_EXECUTIVO_2025-03-27.md,saida\RJ\DOERJ_2025.csv,7201
tem_numero;inicio_suspeito;frase_administrativa;termo_administrativo,VINCULADA À AUDITORIA INTERNA - AUDIT. PROCESSO Nº SEI-220002/000133/2025,VINCULADA À AUDITORIA INTERNA - AUDIT. PROCESSO Nº SEI-220002/000133/2025,RJ,2025-03-27,nomeacao,,,https://www.ioerj.com.br/portal/modules/conteudoonline/mostra_edicao.php?session=VDBSTk1WSlVSWGRPVkVWMFVWUlNSazlUTURCUlZVWkVURlZKZUZKRlRYUk5WRUpEVVRCU1IwMXJTWGRPVkZKR1RWUmpNMDU2VlhoT2FsVXhUbmM5UFE9PQ==,LAKE\RJ\2025\03\DOERJ_PARTE_I_PODER_EXECUTIVO_2025-03-27.md,saida\RJ\DOERJ_2025.csv,7202
inicio_suspeito;termo_administrativo,CONFORME O,CONFORME O,RJ,2025-03-25,exoneracao,,,https://www.ioerj.com.br/portal/modules/conteudoonline/mostra_edicao.php?session=VVhwck1FMVVTVFZPUkd0MFVtdGFSRkpwTURCU1JGSkVURlZHUjA5VVFYUk5NRVpEVGxWV1JGRlVRVEpOUlZaR1RWUmpNMDU2VlhoT2FsVTFUbWM5UFE9PQ==,LAKE\RJ\2025\03\DOERJ_PARTE_I_PODER_EXECUTIVO_2025-03-25.md,saida\RJ\DOERJ_2025.csv,7229
tem_numero;termo_administrativo,ID. FUNCIONAL Nº 26918528,ID. FUNCIONAL Nº 26918528,RJ,2025-03-25,exoneracao,do Cargo em Comissionado de Assessor de Controle In- terno do Escritório Central da EMATER-RIO,,https://www.ioerj.com.br/portal/modules/conteudoonline/mostra_edicao.php?session=VVhwck1FMVVTVFZPUkd0MFVtdGFSRkpwTURCU1JGSkVURlZHUjA5VVFYUk5NRVpEVGxWV1JGRlVRVEpOUlZaR1RWUmpNMDU2VlhoT2FsVTFUbWM5UFE9PQ==,LAKE\RJ\2025\03\DOERJ_PARTE_I_PODER_EXECUTIVO_2025-03-25.md,saida\RJ\DOERJ_2025.csv,7230
menos_de_2_tokens;tem_numero,SEI-210001/002090/2025. ID: 2634828,SEI-210001/002090/2025,RJ,2025-03-21,nomeacao,,,https://www.ioerj.com.br/portal/modules/conteudoonline/mostra_edicao.php?session=VWtWWmQwOUVWVFZOUlVsMFRqQldSbEY1TURCTk1Ga3pURlJuTWs0d1RYUk9NRVY0VVZWTmVWRlZXa0pQVlVVelRWUmpNMDU2VlhoT2Fsa3hUWGM5UFE9PQ==,LAKE\RJ\2025\03\DOERJ_PARTE_I_PODER_EXECUTIVO_2025-03-21.md,saida\RJ\DOERJ_2025.csv,7308
termo_administrativo,ASSISTENTE TÉCNICO DE TRÂNSITO,ASSISTENTE TÉCNICO DE TRÂNSITO,RJ,2025-03-19,exoneracao,,do Departamento de Trânsito do Es- tado do Rio de Janeiro - DETRAN/RJ,https://www.ioerj.com.br/portal/modules/conteudoonline/mostra_edicao.php?session=VW1wRmVrNVZSWGRTYW1kMFRUQlZlazU1TURCU1JFVjVURlJyTUU5VVRYUk5WRTB3VWxSVk5VMVZVa1JQUlUxNlRWUmpNMDU2VlhoT2Fsa3lUbWM5UFE9PQ==,LAKE\RJ\2025\03\DOERJ_PARTE_I_PODER_EXECUTIVO_2025-03-19.md,saida\RJ\DOERJ_2025.csv,7314
menos_de_2_tokens;tem_numero,SEI-210001/2090/2025. ID: 2634148,SEI-210001/2090/2025,RJ,2025-03-19,nomeacao,,,https://www.ioerj.com.br/portal/modules/conteudoonline/mostra_edicao.php?session=VW1wRmVrNVZSWGRTYW1kMFRUQlZlazU1TURCU1JFVjVURlJyTUU5VVRYUk5WRTB3VWxSVk5VMVZVa1JQUlUxNlRWUmpNMDU2VlhoT2Fsa3lUbWM5UFE9PQ==,LAKE\RJ\2025\03\DOERJ_PARTE_I_PODER_EXECUTIVO_2025-03-19.md,saida\RJ\DOERJ_2025.csv,7354
termo_administrativo,ASSISTENTE TÉCNICO DE TRÂNSITO,ASSISTENTE TÉCNICO DE TRÂNSITO,RJ,2025-03-17,exoneracao,,do Departamento de Trânsito do Estado do Rio de Janeiro - DETRAN/RJ,https://www.ioerj.com.br/portal/modules/conteudoonline/mostra_edicao.php?session=VVRCSk1rMVZSa1ZOZWxWMFQwUm9SMDFETURCTlZFMHpURlZKZWs1VldYUlJWRUV6VW1wWk1rNVVZM2hTVkdSRlRWUmpNMDU2VlhoT2FtTjRUWGM5UFE9PQ==,LAKE\RJ\2025\03\DOERJ_PARTE_I_PODER_EXECUTIVO_2025-03-17.md,saida\RJ\DOERJ_2025.csv,7420
inicio_suspeito,OS POLICIAIS DA RESERVA REMUNERADA EMPREGADOS NO PROGRAMA TAREFA POR TEMPO CERTO,OS POLICIAIS DA RESERVA REMUNERADA EMPREGADOS NO PROGRAMA TAREFA POR TEMPO CERTO,RJ,2025-03-17,exoneracao,,,https://www.ioerj.com.br/portal/modules/conteudoonline/mostra_edicao.php?session=VVRCSk1rMVZSa1ZOZWxWMFQwUm9SMDFETURCTlZFMHpURlZKZWs1VldYUlJWRUV6VW1wWk1rNVVZM2hTVkdSRlRWUmpNMDU2VlhoT2FtTjRUWGM5UFE9PQ==,LAKE\RJ\2025\03\DOERJ_PARTE_I_PODER_EXECUTIVO_2025-03-17.md,saida\RJ\DOERJ_2025.csv,7499
termo_administrativo,ASSISTENTE ADMINISTRATIVO DE SAÚDE,ASSISTENTE ADMINISTRATIVO DE SAÚDE,RJ,2025-03-13,nomeacao,,da Fundação Santa Cabrini - FSC,https://www.ioerj.com.br/portal/modules/conteudoonline/mostra_edicao.php?session=VGxWSk5FMTZaRVJPUkd0MFRucGFSMUZUTURCU2FtZDRURlZKTkU1RVozUk9NRmswVVhwUk1rMVVWa05OYTAxNFRWUmpNMDU2VlhoT2FtTXdUVkU5UFE9PQ==,LAKE\RJ\2025\03\DOERJ_PARTE_I_PODER_EXECUTIVO_2025-03-13.md,saida\RJ\DOERJ_2025.csv,7556
termo_administrativo,ANALISTA DE CONTROLE INTERNO,ANALISTA DE CONTROLE INTERNO,RJ,2025-03-12,nomeacao,,,https://www.ioerj.com.br/portal/modules/conteudoonline/mostra_edicao.php?session=VVdwTmQxSnJUa05QVkZGMFQxVkdSVkpUTURCU1ZFNUNURlZGTVUxcVFYUk5hbXhEVWxSSmVsRnFVWGxOYWxGNVRWUmpNMDU2VlhoT2FtTXhUMEU5UFE9PQ==,LAKE\RJ\2025\03\DOERJ_PARTE_I_PODER_EXECUTIVO_2025-03-12.md,saida\RJ\DOERJ_2025.csv,7614
tem_numero;inicio_suspeito;frase_administrativa;termo_administrativo,VINCULADO À PRESIDÊNCIA - PR. (PROCESSO Nº SEI-220002/000088/2025),VINCULADO À PRESIDÊNCIA - PR. (PROCESSO Nº SEI-220002/000088/2025),RJ,2025-03-12,nomeacao,,,https://www.ioerj.com.br/portal/modules/conteudoonline/mostra_edicao.php?session=VVdwTmQxSnJUa05QVkZGMFQxVkdSVkpUTURCU1ZFNUNURlZGTVUxcVFYUk5hbXhEVWxSSmVsRnFVWGxOYWxGNVRWUmpNMDU2VlhoT2FtTXhUMEU5UFE9PQ==,LAKE\RJ\2025\03\DOERJ_PARTE_I_PODER_EXECUTIVO_2025-03-12.md,saida\RJ\DOERJ_2025.csv,7621
termo_administrativo,ASSISTENTE TÉCNICO ADMINISTRATIVO,ASSISTENTE TÉCNICO ADMINISTRATIVO,RJ,2025-03-11,exoneracao,,do Departamento de Trânsito do Estado do Rio de Janeiro - DETRAN/RJ,https://www.ioerj.com.br/portal/modules/conteudoonline/mostra_edicao.php?session=VWtSVk5FNVVUVFJPYTFGMFRsUk5NVTlETURCUmFrVjVURlZHUmxGclVYUk5hMFY1VDFSWmVFMVZUWGRQUlZsNFRWUmpNMDU2VlhoT2FtTTFUbWM5UFE9PQ==,LAKE\RJ\2025\03\DOERJ_PARTE_I_PODER_EXECUTIVO_2025-03-11.md,saida\RJ\DOERJ_2025.csv,7625
termo_administrativo,ASSISTENTE TÉCNICO ADMINISTRATIVO,ASSISTENTE TÉCNICO ADMINISTRATIVO,RJ,2025-02-26,exoneracao,,do Departamento de Trânsito do Estado do Rio de Janeiro - DETRAN/RJ,https://www.ioerj.com.br/portal/modules/conteudoonline/mostra_edicao.php?session=VFhwUk0wNUVRWGxSVlVWMFRucGpORTlUTURCU1JVVXlURlJvUmxKVVkzUk5lbEY1VDFWSk5GRjZVWGRSVlZKR1RWUmpNMDU2VlhoT2FtdDRUMEU5UFE9PQ==,LAKE\RJ\2025\02\DOERJ_PARTE_I_PODER_EXECUTIVO_2025-02-26.md,saida\RJ\DOERJ_2025.csv,7901
inicio_suspeito;frase_administrativa;termo_administrativo,OS MEMBROS INTEGRANTES,OS MEMBROS INTEGRANTES,RJ,2025-02-26,nomeacao,,,https://www.ioerj.com.br/portal/modules/conteudoonline/mostra_edicao.php?session=VFhwUk0wNUVRWGxSVlVWMFRucGpORTlUTURCU1JVVXlURlJvUmxKVVkzUk5lbEY1VDFWSk5GRjZVWGRSVlZKR1RWUmpNMDU2VlhoT2FtdDRUMEU5UFE9PQ==,LAKE\RJ\2025\02\DOERJ_PARTE_I_PODER_EXECUTIVO_2025-02-26.md,saida\RJ\DOERJ_2025.csv,7956
termo_administrativo,ASSISTENTE TÉCNICO DE TRÂNSITO,ASSISTENTE TÉCNICO DE TRÂNSITO,RJ,2025-02-20,exoneracao,,do Departamento de Trânsito do Estado do Rio de Janeiro - DETRAN/RJ,https://www.ioerj.com.br/portal/modules/conteudoonline/mostra_edicao.php?session=VFVWTk1WSnJUa0pOYWxsMFRsVkZNRTVETURCU2FrVXlURlZLUkUxcWEzUlNhbFUxVVhwa1IwMUVUWGRSYWtKR1RWUmpNMDU2VlhoT2Ftc3lUa0U5UFE9PQ==,LAKE\RJ\2025\02\DOERJ_PARTE_I_PODER_EXECUTIVO_2025-02-20.md,saida\RJ\DOERJ_2025.csv,8033
termo_administrativo,ASSISTENTE TÉCNICO DE TRÂNSITO,ASSISTENTE TÉCNICO DE TRÂNSITO,RJ,2025-02-20,exoneracao,,do Departamento de Trânsito do Estado do Rio de Janeiro - DETRAN/RJ,https://www.ioerj.com.br/portal/modules/conteudoonline/mostra_edicao.php?session=VFVWTk1WSnJUa0pOYWxsMFRsVkZNRTVETURCU2FrVXlURlZLUkUxcWEzUlNhbFUxVVhwa1IwMUVUWGRSYWtKR1RWUmpNMDU2VlhoT2Ftc3lUa0U5UFE9PQ==,LAKE\RJ\2025\02\DOERJ_PARTE_I_PODER_EXECUTIVO_2025-02-20.md,saida\RJ\DOERJ_2025.csv,8034
tem_numero,OCORRIDA EM 18 DE SETEMBRO DE 2023,OCORRIDA EM 18 DE SETEMBRO DE 2023,RJ,2025-02-20,nomeacao,,,https://www.ioerj.com.br/portal/modules/conteudoonline/mostra_edicao.php?session=VFVWTk1WSnJUa0pOYWxsMFRsVkZNRTVETURCU2FrVXlURlZLUkUxcWEzUlNhbFUxVVhwa1IwMUVUWGRSYWtKR1RWUmpNMDU2VlhoT2Ftc3lUa0U5UFE9PQ==,LAKE\RJ\2025\02\DOERJ_PARTE_I_PODER_EXECUTIVO_2025-02-20.md,saida\RJ\DOERJ_2025.csv,8056
tem_numero,OCORRIDA EM 03 DE JUNHO DE 2024,OCORRIDA EM 03 DE JUNHO DE 2024,RJ,2025-02-20,nomeacao,,,https://www.ioerj.com.br/portal/modules/conteudoonline/mostra_edicao.php?session=VFVWTk1WSnJUa0pOYWxsMFRsVkZNRTVETURCU2FrVXlURlZLUkUxcWEzUlNhbFUxVVhwa1IwMUVUWGRSYWtKR1RWUmpNMDU2VlhoT2Ftc3lUa0U5UFE9PQ==,LAKE\RJ\2025\02\DOERJ_PARTE_I_PODER_EXECUTIVO_2025-02-20.md,saida\RJ\DOERJ_2025.csv,8059
tem_numero,OCORRIDA EM 01 DE NOVEMBRO DE 2024,OCORRIDA EM 01 DE NOVEMBRO DE 2024,RJ,2025-02-20,nomeacao,,,https://www.ioerj.com.br/portal/modules/conteudoonline/mostra_edicao.php?session=VFVWTk1WSnJUa0pOYWxsMFRsVkZNRTVETURCU2FrVXlURlZLUkUxcWEzUlNhbFUxVVhwa1IwMUVUWGRSYWtKR1RWUmpNMDU2VlhoT2Ftc3lUa0U5UFE9PQ==,LAKE\RJ\2025\02\DOERJ_PARTE_I_PODER_EXECUTIVO_2025-02-20.md,saida\RJ\DOERJ_2025.csv,8060
termo_administrativo,ASSISTENTE TÉCNICO ADMINISTRATIVO,ASSISTENTE TÉCNICO ADMINISTRATIVO,RJ,2025-02-19,exoneracao,,do Departamento de Trânsito do Estado do Rio de Janeiro - DETRAN/RJ,https://www.ioerj.com.br/portal/modules/conteudoonline/mostra_edicao.php?session=VFRCRk1VMUVaM2xTUkZWMFVsUktRMUpwTURCT2EwVXhURlJyTVZKcVozUlBSVVY1VFVSQ1JGSkVTVEZQUlUwd1RWUmpNMDU2VlhoT2FtczBUVUU5UFE9PQ==,LAKE\RJ\2025\02\DOERJ_PARTE_I_PODER_EXECUTIVO_2025-02-19.md,saida\RJ\DOERJ_2025.csv,8065
termo_administrativo,ASSISTENTE TÉCNICO ADMINISTRATIVO,ASSISTENTE TÉCNICO ADMINISTRATIVO,RJ,2025-02-19,exoneracao,,do Departamento de Trânsito do Estado do Rio de Janeiro - DETRAN/RJ,https://www.ioerj.com.br/portal/modules/conteudoonline/mostra_edicao.php?session=VFRCRk1VMUVaM2xTUkZWMFVsUktRMUpwTURCT2EwVXhURlJyTVZKcVozUlBSVVY1VFVSQ1JGSkVTVEZQUlUwd1RWUmpNMDU2VlhoT2FtczBUVUU5UFE9PQ==,LAKE\RJ\2025\02\DOERJ_PARTE_I_PODER_EXECUTIVO_2025-02-19.md,saida\RJ\DOERJ_2025.csv,8066
termo_administrativo,LOTADO NA GERÊNCIA DE ADMINISTRAÇÃO - GEADE,LOTADO NA GERÊNCIA DE ADMINISTRAÇÃO - GEADE,RJ,2025-02-18,exoneracao,,,https://www.ioerj.com.br/portal/modules/conteudoonline/mostra_edicao.php?session=VVZWWk5GSlZUWGhSVkdkMFRUQlJlazFETURCU1JFazFURlJuTTA1NldYUk5SRnBGVVdwWk1sSkViRVJOTUZVeFRWUmpNMDU2VlhoT2VrRjNUVkU5UFE9PQ==,LAKE\RJ\2025\02\DOERJ_PARTE_I_PODER_EXECUTIVO_2025-02-18.md,saida\RJ\DOERJ_2025.csv,8131
tem_numero;frase_administrativa;termo_administrativo,DOCUMENTAÇÃO E MANUTENÇÃO - GEADM. PROCESSO Nº SEI-220002/000130/2024,DOCUMENTAÇÃO E MANUTENÇÃO - GEADM. PROCESSO Nº SEI-220002/000130/2024,RJ,2025-02-18,nomeacao,,,https://www.ioerj.com.br/portal/modules/conteudoonline/mostra_edicao.php?session=VVZWWk5GSlZUWGhSVkdkMFRUQlJlazFETURCU1JFazFURlJuTTA1NldYUk5SRnBGVVdwWk1sSkViRVJOTUZVeFRWUmpNMDU2VlhoT2VrRjNUVkU5UFE9PQ==,LAKE\RJ\2025\02\DOERJ_PARTE_I_PODER_EXECUTIVO_2025-02-18.md,saida\RJ\DOERJ_2025.csv,8132
tem_numero;inicio_suspeito;frase_administrativa;termo_administrativo;muito_longo,VINCULADA À GERÊNCIA DE COBRANÇA DE OPERAÇÕES DE CRÉDITO - GECOB. PROCESSO Nº SEI-220002/000129/2024,VINCULADA À GERÊNCIA DE COBRANÇA DE OPERAÇÕES DE CRÉDITO - GECOB. PROCESSO Nº SEI-220002/000129/2024,RJ,2025-02-18,nomeacao,,,https://www.ioerj.com.br/portal/modules/conteudoonline/mostra_edicao.php?session=VVZWWk5GSlZUWGhSVkdkMFRUQlJlazFETURCU1JFazFURlJuTTA1NldYUk5SRnBGVVdwWk1sSkViRVJOTUZVeFRWUmpNMDU2VlhoT2VrRjNUVkU5UFE9PQ==,LAKE\RJ\2025\02\DOERJ_PARTE_I_PODER_EXECUTIVO_2025-02-18.md,saida\RJ\DOERJ_2025.csv,8134
termo_administrativo,LOTADA NA PRESIDÊNCIA - PR,LOTADA NA PRESIDÊNCIA - PR,RJ,2025-02-18,exoneracao,,,https://www.ioerj.com.br/portal/modules/conteudoonline/mostra_edicao.php?session=VVZWWk5GSlZUWGhSVkdkMFRUQlJlazFETURCU1JFazFURlJuTTA1NldYUk5SRnBGVVdwWk1sSkViRVJOTUZVeFRWUmpNMDU2VlhoT2VrRjNUVkU5UFE9PQ==,LAKE\RJ\2025\02\DOERJ_PARTE_I_PODER_EXECUTIVO_2025-02-18.md,saida\RJ\DOERJ_2025.csv,8135
inicio_suspeito;termo_administrativo,VINCULADA À GEGOV - GERÊNCIA DE GOVERNANÇA E,VINCULADA À GEGOV - GERÊNCIA DE GOVERNANÇA E,RJ,2025-02-18,nomeacao,,,https://www.ioerj.com.br/portal/modules/conteudoonline/mostra_edicao.php?session=VVZWWk5GSlZUWGhSVkdkMFRUQlJlazFETURCU1JFazFURlJuTTA1NldYUk5SRnBGVVdwWk1sSkViRVJOTUZVeFRWUmpNMDU2VlhoT2VrRjNUVkU5UFE9PQ==,LAKE\RJ\2025\02\DOERJ_PARTE_I_PODER_EXECUTIVO_2025-02-18.md,saida\RJ\DOERJ_2025.csv,8136
tem_numero,ID. Nº: 5092693-4,ID. Nº: 5092693-4,RJ,2025-02-18,exoneracao,do Cargo Comissionado de Coordenadora de Recursos Humanos da EMATER-RIO,,https://www.ioerj.com.br/portal/modules/conteudoonline/mostra_edicao.php?session=VVZWWk5GSlZUWGhSVkdkMFRUQlJlazFETURCU1JFazFURlJuTTA1NldYUk5SRnBGVVdwWk1sSkViRVJOTUZVeFRWUmpNMDU2VlhoT2VrRjNUVkU5UFE9PQ==,LAKE\RJ\2025\02\DOERJ_PARTE_I_PODER_EXECUTIVO_2025-02-18.md,saida\RJ\DOERJ_2025.csv,8137
tem_numero,ID.Nº: 5157613-9,ID.Nº: 5157613-9,RJ,2025-02-18,exoneracao,do Cargo Comissionado de Coordenadora de Administração da Diretoria de Administração e Finanças - DIREA da EMATER-RIO,,https://www.ioerj.com.br/portal/modules/conteudoonline/mostra_edicao.php?session=VVZWWk5GSlZUWGhSVkdkMFRUQlJlazFETURCU1JFazFURlJuTTA1NldYUk5SRnBGVVdwWk1sSkViRVJOTUZVeFRWUmpNMDU2VlhoT2VrRjNUVkU5UFE9PQ==,LAKE\RJ\2025\02\DOERJ_PARTE_I_PODER_EXECUTIVO_2025-02-18.md,saida\RJ\DOERJ_2025.csv,8139
inicio_suspeito;frase_administrativa;termo_administrativo,AS CANDIDATAS ABAIXO RELACIONADAS,AS CANDIDATAS ABAIXO RELACIONADAS,RJ,2025-02-17,nomeacao,,,https://www.ioerj.com.br/portal/modules/conteudoonline/mostra_edicao.php?session=VFdwa1IxRnFZekpOVlUxMFRrUmFSRkpwTURCUFJWa3hURlZKTlZGcVVYUlJla0V4VVd0Vk1rNXFVa05OVkU1RlRWUmpNMDU2VlhoT2VrRjVUVkU5UFE9PQ==,LAKE\RJ\2025\02\DOERJ_PARTE_I_PODER_EXECUTIVO_2025-02-17.md,saida\RJ\DOERJ_2025.csv,8141
tem_numero;termo_administrativo,AUDITOR FISCAL DA RECEITA ESTADUAL DE 1º CATEGORIA,AUDITOR FISCAL DA RECEITA ESTADUAL DE 1º CATEGORIA,RJ,2025-02-12,nomeacao,para exercer o cargo em comissão de Assessor Especial,,https://www.ioerj.com.br/portal/modules/conteudoonline/mostra_edicao.php?session=VFZWYVJVNTZhM2RTVkZsMFRXdFplRTFUTURCTlZHY3lURlZGTTAxNlozUlNhMWw1VVhwc1JrMVVSa1pTYTFKRVRWUmpNMDU2VlhoT2VrRXlUa0U5UFE9PQ==,LAKE\RJ\2025\02\DOERJ_PARTE_I_PODER_EXECUTIVO_2025-02-12.md,saida\RJ\DOERJ_2025.csv,8286
termo_administrativo,ANALISTA DE FINANÇAS PÚBLICAS,ANALISTA DE FINANÇAS PÚBLICAS,RJ,2025-02-07,nomeacao,para exercer o cargo em comissão de Coordenador,da Subsecretaria Adjunta de Finan- ças,https://www.ioerj.com.br/portal/modules/conteudoonline/mostra_edicao.php?session=VFRCUmVrNXJVVEpPZWtWMFVrVlplazFETURCU1ZWbDZURlJyTWs1NlkzUlJlazE2VVd0UmVFOVVUWHBPUkUweFRWUmpNMDU2VlhoT2VrVXhUVUU5UFE9PQ==,LAKE\RJ\2025\02\DOERJ_PARTE_I_PODER_EXECUTIVO_2025-02-07.md,saida\RJ\DOERJ_2025.csv,8469
tem_numero;frase_administrativa;termo_administrativo;muito_longo,ACOMPANHAMENTO DAS OPERAÇÕES DE CRÉDITO E FUNDES. (REFERÊNCIA: PROCESSO Nº SEI- 220002/000054/2025),ACOMPANHAMENTO DAS OPERAÇÕES DE CRÉDITO E FUNDES. (REFERÊNCIA: PROCESSO Nº SEI- 220002/000054/2025),RJ,2025-02-05,nomeacao,,,https://www.ioerj.com.br/portal/modules/conteudoonline/mostra_edicao.php?session=VDBSck5VOUZWWGRSYTFGMFRsVkZkMDVUTURCTlZGRjNURlZHUms1cVkzUlBSVlUxVFZWSk0wNUVWa05OUkU1R1RWUmpNMDU2VlhoT2VrVTBUbWM5UFE9PQ==,LAKE\RJ\2025\02\DOERJ_PARTE_I_PODER_EXECUTIVO_2025-02-05.md,saida\RJ\DOERJ_2025.csv,8569
inicio_suspeito;frase_administrativa;termo_administrativo,OS MEMBROS DA COMISSÃO ELEITORAL,OS MEMBROS DA COMISSÃO ELEITORAL,RJ,2025-01-29,nomeacao,,,https://www.ioerj.com.br/portal/modules/conteudoonline/mostra_edicao.php?session=VFZST1JVNXFTWGRQUkVWMFQxVk5OVTFUTURCUmFsRTBURlJuZVZKRlNYUlJhMVV3VFhwc1FrNUVWWGxSZWtWNVRWUmpNMDU2VlhoT2Vra3hUVUU5UFE9PQ==,LAKE\RJ\2025\01\DOERJ_PARTE_I_PODER_EXECUTIVO_2025-01-29.md,saida\RJ\DOERJ_2025.csv,8805
termo_administrativo,ASSISTENTE TÉCNICO DE IDENTIFICAÇÃO CIVIL,ASSISTENTE TÉCNICO DE IDENTIFICAÇÃO CIVIL,RJ,2025-01-24,exoneracao,,do Departamento de Trânsito do Estado do Rio de Janeiro - DETRAN/RJ,https://www.ioerj.com.br/portal/modules/conteudoonline/mostra_edicao.php?session=VG1wUk1FNVVTa1pTUkdOMFVsUlZNbEZwTURCT1ZHaERURlJuTWs5RVkzUlJNRlV5VVZWSk1FOUViRU5TUkdjMFRWUmpNMDU2VlhoT2VrazBUa0U5UFE9PQ==,LAKE\RJ\2025\01\DOERJ_PARTE_I_PODER_EXECUTIVO_2025-01-24.md,saida\RJ\DOERJ_2025.csv,8846
termo_administrativo,LOTADO NO GABINETE DA PRESIDÊNCIA - GABIN,LOTADO NO GABINETE DA PRESIDÊNCIA - GABIN,RJ,2025-01-23,exoneracao,,,https://www.ioerj.com.br/portal/modules/conteudoonline/mostra_edicao.php?session=VFdwQk0wMXFVVEJQUkdkMFRYcFdSRTVwTURCU2FrazFURlJyTlZKVVJYUk5hMVUwVFhwV1IxSkZTVEpOYW1OM1RWUmpNMDU2VlhoT2VrazFUMUU5UFE9PQ==,LAKE\RJ\2025\01\DOERJ_PARTE_I_PODER_EXECUTIVO_2025-01-23.md,saida\RJ\DOERJ_2025.csv,8890
tem_numero;muito_longo,CONTRATOS E POLÍTICAS INTERNAS - SUADE. (REFERÊNCIA: PROC SEI-220002/000163/2024),CONTRATOS E POLÍTICAS INTERNAS - SUADE. (REFERÊNCIA: PROC SEI-220002/000163/2024),RJ,2025-01-23,nomeacao,,,https://www.ioerj.com.br/portal/modules/conteudoonline/mostra_edicao.php?session=VFdwQk0wMXFVVEJQUkdkMFRYcFdSRTVwTURCU2FrazFURlJyTlZKVVJYUk5hMVUwVFhwV1IxSkZTVEpOYW1OM1RWUmpNMDU2VlhoT2VrazFUMUU5UFE9PQ==,LAKE\RJ\2025\01\DOERJ_PARTE_I_PODER_EXECUTIVO_2025-01-23.md,saida\RJ\DOERJ_2025.csv,8891
inicio_suspeito;termo_administrativo,VINCULADO À DIRETORIA COMERCIAL - DICOM,VINCULADO À DIRETORIA COMERCIAL - DICOM,RJ,2025-01-22,nomeacao,,,https://www.ioerj.com.br/portal/modules/conteudoonline/mostra_edicao.php?session=VFdwb1JrOVVVVE5SZW1OMFVYcFJNazFwTURCU1JGcEZURlJzUkU1VlNYUlJla1Y0VVZWT1IwMXFSa0pTYWs1RlRWUmpNMDU2VlhoT2VrMTVUbEU5UFE9PQ==,LAKE\RJ\2025\01\DOERJ_PARTE_I_PODER_EXECUTIVO_2025-01-22.md,saida\RJ\DOERJ_2025.csv,8928
termo_administrativo,LOTADA NA GERÊNCIA DE COMUNICAÇÃO - GECOM,LOTADA NA GERÊNCIA DE COMUNICAÇÃO - GECOM,RJ,2025-01-22,exoneracao,,,https://www.ioerj.com.br/portal/modules/conteudoonline/mostra_edicao.php?session=VFdwb1JrOVVVVE5SZW1OMFVYcFJNazFwTURCU1JGcEZURlJzUkU1VlNYUlJla1Y0VVZWT1IwMXFSa0pTYWs1RlRWUmpNMDU2VlhoT2VrMTVUbEU5UFE9PQ==,LAKE\RJ\2025\01\DOERJ_PARTE_I_PODER_EXECUTIVO_2025-01-22.md,saida\RJ\DOERJ_2025.csv,8929
inicio_suspeito;termo_administrativo,VINCULADA À GERÊNCIA DE COMUNICAÇÃO - GECOM,VINCULADA À GERÊNCIA DE COMUNICAÇÃO - GECOM,RJ,2025-01-22,nomeacao,,,https://www.ioerj.com.br/portal/modules/conteudoonline/mostra_edicao.php?session=VFdwb1JrOVVVVE5SZW1OMFVYcFJNazFwTURCU1JGcEZURlJzUkU1VlNYUlJla1Y0VVZWT1IwMXFSa0pTYWs1RlRWUmpNMDU2VlhoT2VrMTVUbEU5UFE9PQ==,LAKE\RJ\2025\01\DOERJ_PARTE_I_PODER_EXECUTIVO_2025-01-22.md,saida\RJ\DOERJ_2025.csv,8930
termo_administrativo,LOTADA NA GERÊNCIA DE COMUNICAÇÃO - GECOM,LOTADA NA GERÊNCIA DE COMUNICAÇÃO - GECOM,RJ,2025-01-22,exoneracao,,,https://www.ioerj.com.br/portal/modules/conteudoonline/mostra_edicao.php?session=VFdwb1JrOVVVVE5SZW1OMFVYcFJNazFwTURCU1JGcEZURlJzUkU1VlNYUlJla1Y0VVZWT1IwMXFSa0pTYWs1RlRWUmpNMDU2VlhoT2VrMTVUbEU5UFE9PQ==,LAKE\RJ\2025\01\DOERJ_PARTE_I_PODER_EXECUTIVO_2025-01-22.md,saida\RJ\DOERJ_2025.csv,8931
inicio_suspeito;termo_administrativo,VINCULADA À GERÊNCIA DE COMUNICAÇÃO - GECOM,VINCULADA À GERÊNCIA DE COMUNICAÇÃO - GECOM,RJ,2025-01-22,nomeacao,,,https://www.ioerj.com.br/portal/modules/conteudoonline/mostra_edicao.php?session=VFdwb1JrOVVVVE5SZW1OMFVYcFJNazFwTURCU1JGcEZURlJzUkU1VlNYUlJla1Y0VVZWT1IwMXFSa0pTYWs1RlRWUmpNMDU2VlhoT2VrMTVUbEU5UFE9PQ==,LAKE\RJ\2025\01\DOERJ_PARTE_I_PODER_EXECUTIVO_2025-01-22.md,saida\RJ\DOERJ_2025.csv,8932
inicio_suspeito;frase_administrativa;termo_administrativo,EM VAGA PREVISTA PELO,EM VAGA PREVISTA PELO,RJ,2025-01-21,nomeacao,,,https://www.ioerj.com.br/portal/modules/conteudoonline/mostra_edicao.php?session=VG5wSk1VMUVWVEZOYWxGMFRVVkpOVTVETURCU1ZHeEdURlJuZVZKVldYUlJla3BHVGtScmVVOUZWa1ZSYWxVMVRWUmpNMDU2VlhoT2VrMHdUa0U5UFE9PQ==,LAKE\RJ\2025\01\DOERJ_PARTE_I_PODER_EXECUTIVO_2025-01-21.md,saida\RJ\DOERJ_2025.csv,8941
inicio_suspeito,POR VIA DE CONSEQUÊNCIA,POR VIA DE CONSEQUÊNCIA,RJ,2025-01-15,nomeacao,,,https://www.ioerj.com.br/portal/modules/conteudoonline/mostra_edicao.php?session=VFZSQk0wNTZVa0pSTUVsMFVsUnNRMDFUTURCU2ExVXdURlJuTWs1NlVYUlJhMVYzVFRCVk1FNTZRVFJTYTA1RlRWUmpNMDU2VlhoT2VrMDBUVkU5UFE9PQ==,LAKE\RJ\2025\01\DOERJ_PARTE_I_PODER_EXECUTIVO_2025-01-15.md,saida\RJ\DOERJ_2025.csv,9079
termo_administrativo,ASSISTENTE TÉCNICO DE TRÂNSITO,ASSISTENTE TÉCNICO DE TRÂNSITO,RJ,2025-01-10,exoneracao,,do Departamento de Trânsito do Estado do Rio de Janeiro - DETRAN/RJ,https://www.ioerj.com.br/portal/modules/conteudoonline/mostra_edicao.php?session=VFdwamVGSkVZek5OUkdkMFRUQkpNRTlETURCTlZGWkVURlJyZDA0d1ZYUk5WVmt6VVZSbmVGSkVRWGhSTUUwMVRWUmpNMDU2VlhoUFJFVXhUa0U5UFE9PQ==,LAKE\RJ\2025\01\DOERJ_PARTE_I_PODER_EXECUTIVO_2025-01-10.md,saida\RJ\DOERJ_2025.csv,9208
termo_administrativo,ASSISTENTE TÉCNICO DE TRÂNSITO,ASSISTENTE TÉCNICO DE TRÂNSITO,RJ,2025-01-10,exoneracao,,do Departamento de Trânsito do Es- tado do Rio de Janeiro - DETRAN/RJ,https://www.ioerj.com.br/portal/modules/conteudoonline/mostra_edicao.php?session=VFdwamVGSkVZek5OUkdkMFRUQkpNRTlETURCTlZGWkVURlJyZDA0d1ZYUk5WVmt6VVZSbmVGSkVRWGhSTUUwMVRWUmpNMDU2VlhoUFJFVXhUa0U5UFE9PQ==,LAKE\RJ\2025\01\DOERJ_PARTE_I_PODER_EXECUTIVO_2025-01-10.md,saida\RJ\DOERJ_2025.csv,9209
inicio_suspeito,POR MOTIVO DE DESISTÊNCIA DURANTE ESTÁGIO PROBATÓRIO,POR MOTIVO DE DESISTÊNCIA DURANTE ESTÁGIO PROBATÓRIO,RJ,2025-01-09,exoneracao,do cargo de provimento efetivo de Especialista em Regulação do Quadro Permanente da Agência Reguladora de Energia e Saneamento Básico do Estado do Rio de Janeiro - AGENERSA,,https://www.ioerj.com.br/portal/modules/conteudoonline/mostra_edicao.php?session=VGtSVk5GSlZSVEpSVkdkMFRrUmpORTFUTURCUmEwbDNURlJvUmxGcWEzUlJNRVUxVFVWT1ExRlVUVEJTYW1zeFRWUmpNMDU2VlhoUFJFVTBUWGM5UFE9PQ==,LAKE\RJ\2025\01\DOERJ_PARTE_I_PODER_EXECUTIVO_2025-01-09.md,saida\RJ\DOERJ_2025.csv,9262
inicio_suspeito;frase_administrativa;termo_administrativo;muito_longo,SERVIDORES EM CARGOS COMISSIONADOS; V - SOLICITAR A CESSÃO E DEVOLUÇÃO DE SERVIDORES,SERVIDORES EM CARGOS COMISSIONADOS; V - SOLICITAR A CESSÃO E DEVOLUÇÃO DE SERVIDORES,RJ,2025-01-09,nomeacao,,,https://www.ioerj.com.br/portal/modules/conteudoonline/mostra_edicao.php?session=VGtSVk5GSlZSVEpSVkdkMFRrUmpORTFUTURCUmEwbDNURlJvUmxGcWEzUlJNRVUxVFVWT1ExRlVUVEJTYW1zeFRWUmpNMDU2VlhoUFJFVTBUWGM5UFE9PQ==,LAKE\RJ\2025\01\DOERJ_PARTE_I_PODER_EXECUTIVO_2025-01-09.md,saida\RJ\DOERJ_2025.csv,9319
inicio_suspeito,POR RECONDUÇÃO,POR RECONDUÇÃO,RJ,2025-01-07,nomeacao,para exercer o cargo de Conselheiro,,https://www.ioerj.com.br/portal/modules/conteudoonline/mostra_edicao.php?session=VFdwck0wNVVRa1ZSVlZGMFRqQlZNRTVwTURCUFJVMTNURlZLUjA1VVZYUk5WRWw2VVZSQmVVNXFhekpSYWxKR1RWUmpNMDU2VlhoUFJFbDZUWGM5UFE9PQ==,LAKE\RJ\2025\01\DOERJ_PARTE_I_PODER_EXECUTIVO_2025-01-07.md,saida\RJ\DOERJ_2025.csv,9408
termo_administrativo,ASSISTENTE TÉCNICO ADMINISTRATIVO,ASSISTENTE TÉCNICO ADMINISTRATIVO,RJ,2025-01-03,exoneracao,,do Departamento de Trânsito do Estado do Rio de Janeiro - DETRAN/RJ,https://www.ioerj.com.br/portal/modules/conteudoonline/mostra_edicao.php?session=VFdwS1ExSlVRa2ROZWxGMFRrUnNSVkpETURCT2FsSkhURlZKTUZKRldYUk5hMUY0VG5wa1IwNXJTWGROUlZWM1RWUmpNMDU2VlhoUFJGbDRUMUU5UFE9PQ==,LAKE\RJ\2025\01\DOERJ_PARTE_I_PODER_EXECUTIVO_2025-01-03.md,saida\RJ\DOERJ_2025.csv,9499
inicio_suspeito;termo_administrativo,POR NÃO CONTAR COM ESSES PROFISSIONAIS NO QUADRO FUNCIONAL DESTA UNIDADE,POR NÃO CONTAR COM ESSES PROFISSIONAIS NO QUADRO FUNCIONAL DESTA UNIDADE,RJ,2026-04-22,nomeacao,,,https://www.ioerj.com.br/portal/modules/conteudoonline/mostra_edicao.php?session=VFRCSmQwNXJXVE5SVkVGMFRVUm5ORkY1TURCTmFtTjVURlJuZUU1clNYUk5WRTB4VFdwbk0xRlVXa05TYWtKR1RWUmpNMDU2VlhkT2FtY3hUbmM5UFE9PQ==,LAKE\RJ\2026\04\DOERJ_PARTE_I_PODER_EXECUTIVO_2026-04-22.md,saida\RJ\DOERJ_2026.csv,345
termo_administrativo,R E N ATO RODRIGUES BARTHOLOMEU VIEIRA,R E N ATO RODRIGUES BARTHOLOMEU VIEIRA,RJ,2026-04-16,exoneracao,do cargo em comissão de Assistente II,,https://www.ioerj.com.br/portal/modules/conteudoonline/mostra_edicao.php?session=VVdwV1IwNXFhekJPZWxWMFQxUkpNMDVUTURCUlZWa3lURlJyZDA1cldYUlBWR3N4VVZWUmVVMHdVWHBSVlZGNFRWUmpNMDU2VlhkT2VrazFUVUU5UFE9PQ==,LAKE\RJ\2026\04\DOERJ_PARTE_I_PODER_EXECUTIVO_2026-04-16.md,saida\RJ\DOERJ_2026.csv,719
termo_administrativo,R E N ATO GARCIA DE OLIVEIRA,R E N ATO GARCIA DE OLIVEIRA,RJ,2026-04-15,exoneracao,do cargo em comissão de Assistente,da Superintendência Técnica de Infraestrutura e Logística,https://www.ioerj.com.br/portal/modules/conteudoonline/mostra_edicao.php?session=VG1wS1JGRlVXWGROZWxsMFQwUkplazlETURCUFZWSkNURlZKTlZKRldYUk5SVVV3VG10SmVrNUZXa1pTVlZrMFRWUmpNMDU2VlhkT2VrMTRUVkU5UFE9PQ==,LAKE\RJ\2026\04\DOERJ_PARTE_I_PODER_EXECUTIVO_2026-04-15.md,saida\RJ\DOERJ_2026.csv,887
inicio_suspeito,OS POLICIAIS DA RESERVA REMUNERADA EMPREGADOS NO PROGRAMA TAREFA POR TEMPO CERTO,OS POLICIAIS DA RESERVA REMUNERADA EMPREGADOS NO PROGRAMA TAREFA POR TEMPO CERTO,RJ,2026-04-07,exoneracao,,,https://www.ioerj.com.br/portal/modules/conteudoonline/mostra_edicao.php?session=VW1wT1FrOVVXVEJQVkZsMFQxUkNSazU1TURCUFJWa3hURlJzUTAxVVkzUlJlbEpIVWxSa1JrMUVhRU5TUkVFMFRWUmpNMDU2VlhkUFJFRXhUVUU5UFE9PQ==,LAKE\RJ\2026\04\DOERJ_PARTE_I_PODER_EXECUTIVO_2026-04-07.md,saida\RJ\DOERJ_2026.csv,1111
inicio_suspeito;frase_administrativa;termo_administrativo,EM VAGA RESULTANTE DA TRANSFORMAÇÃO ESTABELECIDA PELO,EM VAGA RESULTANTE DA TRANSFORMAÇÃO ESTABELECIDA PELO,RJ,2026-03-25,nomeacao,,,https://www.ioerj.com.br/portal/modules/conteudoonline/mostra_edicao.php?session=VWtWV1ExSkVaM2RPVkVsMFVYcFpOVTFwTURCU2FsWkdURlJvUjFKRlZYUlNWRVpDVVZWUk0wMXJUVE5SVkVFMVRWUmpNMDU2VlhkUFJGbDZUbEU5UFE9PQ==,LAKE\RJ\2026\03\DOERJ_PARTE_I_PODER_EXECUTIVO_2026-03-25.md,saida\RJ\DOERJ_2026.csv,1324
inicio_suspeito;termo_administrativo,CONFORME PRECEITUA O,CONFORME PRECEITUA O,RJ,2026-03-23,nomeacao,,,https://www.ioerj.com.br/portal/modules/conteudoonline/mostra_edicao.php?session=VW1wQ1IwNTZSVE5SYTFsMFRWUkJNazVwTURCT01Fa3dURlJzUmxKVlVYUlBWR1JEVFdwc1IwNHdXWGROZWtFeFRWUmpNMDU2VlhkUFJHdDZUWGM5UFE9PQ==,LAKE\RJ\2026\03\DOERJ_PARTE_I_PODER_EXECUTIVO_2026-03-23.md,saida\RJ\DOERJ_2026.csv,1583
termo_administrativo,(UM) SERVIDOR PARA,(UM) SERVIDOR PARA,RJ,2026-03-23,nomeacao,,,https://www.ioerj.com.br/portal/modules/conteudoonline/mostra_edicao.php?session=VW1wQ1IwNTZSVE5SYTFsMFRWUkJNazVwTURCT01Fa3dURlJzUmxKVlVYUlBWR1JEVFdwc1IwNHdXWGROZWtFeFRWUmpNMDU2VlhkUFJHdDZUWGM5UFE9PQ==,LAKE\RJ\2026\03\DOERJ_PARTE_I_PODER_EXECUTIVO_2026-03-23.md,saida\RJ\DOERJ_2026.csv,1584
tem_numero;inicio_suspeito;frase_administrativa;termo_administrativo;muito_longo,VINCULADA À GERÊNCIA DE GESTÃO DE RISCOS CORPORATIVOS - GERCO. PROCESSO Nº SEI-220002/000482/2026,VINCULADA À GERÊNCIA DE GESTÃO DE RISCOS CORPORATIVOS - GERCO. PROCESSO Nº SEI-220002/000482/2026,RJ,2026-03-20,nomeacao,,,https://www.ioerj.com.br/portal/modules/conteudoonline/mostra_edicao.php?session=VVhwR1EwNUZWVEJSYTBsMFQxVk5kMDlUTURCTk1Fa3hURlZKZWxKRlJYUk5NRkpEVVZWRk1sRXdUWGRPVlZWM1RWUmpNMDU2VlhkUFZFRTBUbmM5UFE9PQ==,LAKE\RJ\2026\03\DOERJ_PARTE_I_PODER_EXECUTIVO_2026-03-20.md,saida\RJ\DOERJ_2026.csv,1729
menos_de_2_tokens;tem_numero,SEI-210001/035420/2026. ID: 2722731 ##,SEI-210001/035420/2026,RJ,2026-03-20,nomeacao,,,https://www.ioerj.com.br/portal/modules/conteudoonline/mostra_edicao.php?session=VVhwR1EwNUZWVEJSYTBsMFQxVk5kMDlUTURCTk1Fa3hURlZKZWxKRlJYUk5NRkpEVVZWRk1sRXdUWGRPVlZWM1RWUmpNMDU2VlhkUFZFRTBUbmM5UFE9PQ==,LAKE\RJ\2026\03\DOERJ_PARTE_I_PODER_EXECUTIVO_2026-03-20.md,saida\RJ\DOERJ_2026.csv,1730
tem_numero;frase_administrativa;termo_administrativo,ID: 51536609; ESTE PROFISSIONAL NA UNIDADE. PROCESSO Nº SEI-210001/034834/2026 ID: 2722700 ##,ID: 51536609; ESTE PROFISSIONAL NA UNIDADE. PROCESSO Nº SEI-210001/034834/2026,RJ,2026-03-20,nomeacao,,,https://www.ioerj.com.br/portal/modules/conteudoonline/mostra_edicao.php?session=VVhwR1EwNUZWVEJSYTBsMFQxVk5kMDlUTURCTk1Fa3hURlZKZWxKRlJYUk5NRkpEVVZWRk1sRXdUWGRPVlZWM1RWUmpNMDU2VlhkUFZFRTBUbmM5UFE9PQ==,LAKE\RJ\2026\03\DOERJ_PARTE_I_PODER_EXECUTIVO_2026-03-20.md,saida\RJ\DOERJ_2026.csv,1731
menos_de_2_tokens;tem_numero,35. ID: 2722663 ##,35,RJ,2026-03-20,nomeacao,,,https://www.ioerj.com.br/portal/modules/conteudoonline/mostra_edicao.php?session=VVhwR1EwNUZWVEJSYTBsMFQxVk5kMDlUTURCTk1Fa3hURlZKZWxKRlJYUk5NRkpEVVZWRk1sRXdUWGRPVlZWM1RWUmpNMDU2VlhkUFZFRTBUbmM5UFE9PQ==,LAKE\RJ\2026\03\DOERJ_PARTE_I_PODER_EXECUTIVO_2026-03-20.md,saida\RJ\DOERJ_2026.csv,1732
inicio_suspeito;frase_administrativa;termo_administrativo,EM VAGA RESULTANTE ÇÃO ESTABELECIDA PELO,EM VAGA RESULTANTE ÇÃO ESTABELECIDA PELO,RJ,2026-03-13,nomeacao,,,https://www.ioerj.com.br/portal/modules/conteudoonline/mostra_edicao.php?session=VG10Uk5VMUZSVEZTUlZsMFRucEZOVTFUTURCTmFteEhURlJvUlU1clZYUk9SRWt6VFhwb1IwOVZTVEpOUlVsNFRWUmpNMDU2VlhkUFZHZDVUa0U5UFE9PQ==,LAKE\RJ\2026\03\DOERJ_PARTE_I_PODER_EXECUTIVO_2026-03-13.md,saida\RJ\DOERJ_2026.csv,2088
termo_administrativo,ID FUNCIONAL,ID FUNCIONAL,RJ,2026-03-13,exoneracao,do cargo símbolo DAS-8,,https://www.ioerj.com.br/portal/modules/conteudoonline/mostra_edicao.php?session=VG10Uk5VMUZSVEZTUlZsMFRucEZOVTFUTURCTmFteEhURlJvUlU1clZYUk9SRWt6VFhwb1IwOVZTVEpOUlVsNFRWUmpNMDU2VlhkUFZHZDVUa0U5UFE9PQ==,LAKE\RJ\2026\03\DOERJ_PARTE_I_PODER_EXECUTIVO_2026-03-13.md,saida\RJ\DOERJ_2026.csv,2099
termo_administrativo,ASSISTENTE TÉCNICO DE TRÂNSITO,ASSISTENTE TÉCNICO DE TRÂNSITO,RJ,2026-03-10,exoneracao,,do Departamento de Trânsito do Estado do Rio de Janeiro - DETRAN/RJ,https://www.ioerj.com.br/portal/modules/conteudoonline/mostra_edicao.php?session=VDBWWmVrOUZUa1JSYWtsMFVYcEtRMDFwTURCT1ZWVTFURlJuTUUxRlRYUk9WVmswVWtSVk5WSnFUa1JQUkZVeFRWUmpNMDU2VlhkUFZHczBUbmM5UFE9PQ==,LAKE\RJ\2026\03\DOERJ_PARTE_I_PODER_EXECUTIVO_2026-03-10.md,saida\RJ\DOERJ_2026.csv,2227
inicio_suspeito;frase_administrativa;termo_administrativo,EM VAGA RESULTANTE DA TRANSFORMAÇÃO ESTABELECIDA PELO,EM VAGA RESULTANTE DA TRANSFORMAÇÃO ESTABELECIDA PELO,RJ,2026-03-06,nomeacao,,,https://www.ioerj.com.br/portal/modules/conteudoonline/mostra_edicao.php?session=VGxSS1ExRnFXa1JSYWxGMFVYcENRMUY1TURCUFJWbDRURlJvUWs1clRYUlJWVTVGVGxSTk0wNTZSa0pOYWs1R1RWUmpNMDU2VlhoTlJFVTFUVUU5UFE9PQ==,LAKE\RJ\2026\03\DOERJ_PARTE_I_PODER_EXECUTIVO_2026-03-06.md,saida\RJ\DOERJ_2026.csv,2408
tem_numero;frase_administrativa;termo_administrativo,03 (TRÊS) SERVIDORES LOTADOS NA DIRETORIA PARA COMPOR A COMISSÃO ESPECIAL,03 (TRÊS) SERVIDORES LOTADOS NA DIRETORIA PARA COMPOR A COMISSÃO ESPECIAL,RJ,2026-03-05,nomeacao,,,https://www.ioerj.com.br/portal/modules/conteudoonline/mostra_edicao.php?session=VWxSYVJrNVZVa1JTUkZGMFVWUmFSazVwTURCUk1FVXpURlJuTVU1VlVYUlBSVmt6VVd0Vk5GSkZXWHBTUkZwRFRWUmpNMDU2VlhoTlJFMTRUVUU5UFE9PQ==,LAKE\RJ\2026\03\DOERJ_PARTE_I_PODER_EXECUTIVO_2026-03-05.md,saida\RJ\DOERJ_2026.csv,2480
inicio_suspeito;termo_administrativo,VINCULADO À SUPERINTENDÊNCIA DE GESTÃO DE RISCOS - SURID,VINCULADO À SUPERINTENDÊNCIA DE GESTÃO DE RISCOS - SURID,RJ,2026-03-04,exoneracao,,,https://www.ioerj.com.br/portal/modules/conteudoonline/mostra_edicao.php?session=VG5wT1IwMVVhRUpOUlVsMFVWUnNSazVUTURCUmFscEZURlZGTTA1RVozUlJWR1JGVWtWUk5GSlVhelJSVkZKRlRWUmpNMDU2VlhoTlJGRjZUVUU5UFE9PQ==,LAKE\RJ\2026\03\DOERJ_PARTE_I_PODER_EXECUTIVO_2026-03-04.md,saida\RJ\DOERJ_2026.csv,2533
inicio_suspeito;frase_administrativa;termo_administrativo,EM VAGA RESULTANTE DA TRANSFORMAÇÃO ESTABELECIDA PELO,EM VAGA RESULTANTE DA TRANSFORMAÇÃO ESTABELECIDA PELO,RJ,2026-03-09,nomeacao,,,https://www.ioerj.com.br/portal/modules/conteudoonline/mostra_edicao.php?session=VVRCSk5GRnFiRVJSVlZGMFVrVkplRTFUTURCUmFrWkRURlJvUkU1RldYUlBSR3N4VG1wc1JVMXJTa1pQVkZKR1RWUmpNMDU2VlhoTlZHTjZUMEU5UFE9PQ==,LAKE\RJ\2026\03\DOERJ_PARTE_I_PODER_EXECUTIVO_2026-03-09.md,saida\RJ\DOERJ_2026.csv,3013
inicio_suspeito;frase_administrativa;termo_administrativo,EM VAGA RESULTANTE DA TRANSFORMAÇÃO ESTABELECIDA PELO,EM VAGA RESULTANTE DA TRANSFORMAÇÃO ESTABELECIDA PELO,RJ,2026-02-23,nomeacao,,,https://www.ioerj.com.br/portal/modules/conteudoonline/mostra_edicao.php?session=VG1wSk1FNUZSVFZOVkdkMFVXdFNRMUpETURCTlZHeERURlZKZDFGNldYUk5hazVEVVRCTmVsSlVZelJPYWxKR1RWUmpNMDU2VlhoTlZHYzBUMEU5UFE9PQ==,LAKE\RJ\2026\02\DOERJ_PARTE_I_PODER_EXECUTIVO_2026-02-23.md,saida\RJ\DOERJ_2026.csv,3066
tem_numero;inicio_suspeito;frase_administrativa;termo_administrativo;muito_longo,VINCULADA À GERÊNCIA DE ATENDIMENTO AO CLIENTE - GERAC. PROCESSO Nº SEI- 220002/000412/2026,VINCULADA À GERÊNCIA DE ATENDIMENTO AO CLIENTE - GERAC. PROCESSO Nº SEI- 220002/000412/2026,RJ,2026-02-11,nomeacao,,,https://www.ioerj.com.br/portal/modules/conteudoonline/mostra_edicao.php?session=VFZSR1EwMHdWWGhPVkUxMFRYcEdRMDFETURCT1ZHUkdURlZGZWxGcVJYUk9lbXQ1VG1wbk5WSkVXa1ZSYTFVd1RWUmpNMDU2VlhoTlZHc3lUbmM5UFE9PQ==,LAKE\RJ\2026\02\DOERJ_PARTE_I_PODER_EXECUTIVO_2026-02-11.md,saida\RJ\DOERJ_2026.csv,3247
frase_administrativa;termo_administrativo,ATRAVÉS DE ATO PRÓPRIO PUBLICADO NO DIÁRIO OFICIAL DO ESTADO,ATRAVÉS DE ATO PRÓPRIO PUBLICADO NO DIÁRIO OFICIAL DO ESTADO,RJ,2026-02-09,nomeacao,,,https://www.ioerj.com.br/portal/modules/conteudoonline/mostra_edicao.php?session=VFhwVk1rNUZWWGxSZWtsMFRXdEtSazVETURCT1JHTjNURlZLUkU5RlZYUlJla0pHVFdwSk1VMUVRVFZSZWswMVRWUmpNMDU2VlhoTmFrRjNUVkU5UFE9PQ==,LAKE\RJ\2026\02\DOERJ_PARTE_I_PODER_EXECUTIVO_2026-02-09.md,saida\RJ\DOERJ_2026.csv,3294
frase_administrativa;termo_administrativo,ATRAVÉS DE ATO PRÓPRIO PUBLICADO NO DIÁRIO OFICIAL,ATRAVÉS DE ATO PRÓPRIO PUBLICADO NO DIÁRIO OFICIAL,RJ,2026-02-05,nomeacao,,,https://www.ioerj.com.br/portal/modules/conteudoonline/mostra_edicao.php?session=VDFSU1EwNUVSVFJQVlZGMFRVVldSVTlETURCUlZGRTBURlZKZWs5RVFYUk5SVkUwVDBSc1JsSkZVVEpPZW1zMVRWUmpNMDU2VlhoTmFrRXhUbWM5UFE9PQ==,LAKE\RJ\2026\02\DOERJ_PARTE_I_PODER_EXECUTIVO_2026-02-05.md,saida\RJ\DOERJ_2026.csv,3401
termo_administrativo,LOTADA NA GERÊNCIA DE OPERAÇÕES ESTRUTURADAS - GEOPE,LOTADA NA GERÊNCIA DE OPERAÇÕES ESTRUTURADAS - GEOPE,RJ,2026-02-04,exoneracao,,,https://www.ioerj.com.br/portal/modules/conteudoonline/mostra_edicao.php?session=VW1wWmVrNUVaRVJOYTFWMFRWVkZOVTVETURCUFJVVXhURlZLUjAxVVVYUlBSVkV3VVZWS1FsSkZTVEJSVkVVeFRWUmpNMDU2VlhoTmFrVjNUMUU5UFE9PQ==,LAKE\RJ\2026\02\DOERJ_PARTE_I_PODER_EXECUTIVO_2026-02-04.md,saida\RJ\DOERJ_2026.csv,3437
tem_numero;inicio_suspeito;frase_administrativa;termo_administrativo;muito_longo,VINCULADA À GERÊNCIA DE OPERAÇÕES ESTRUTURADAS - GEOPE. PROCESSO Nº SEI- 220002/000413/2026,VINCULADA À GERÊNCIA DE OPERAÇÕES ESTRUTURADAS - GEOPE. PROCESSO Nº SEI- 220002/000413/2026,RJ,2026-02-04,nomeacao,,,https://www.ioerj.com.br/portal/modules/conteudoonline/mostra_edicao.php?session=VW1wWmVrNUVaRVJOYTFWMFRWVkZOVTVETURCUFJVVXhURlZLUjAxVVVYUlBSVkV3VVZWS1FsSkZTVEJSVkVVeFRWUmpNMDU2VlhoTmFrVjNUMUU5UFE9PQ==,LAKE\RJ\2026\02\DOERJ_PARTE_I_PODER_EXECUTIVO_2026-02-04.md,saida\RJ\DOERJ_2026.csv,3438
inicio_suspeito;termo_administrativo,VINCULADA À GECLA - GERÊNCIA DE CONTRATOS E LICITAÇÕES,VINCULADA À GECLA - GERÊNCIA DE CONTRATOS E LICITAÇÕES,RJ,2026-02-02,exoneracao,,,https://www.ioerj.com.br/portal/modules/conteudoonline/mostra_edicao.php?session=VWtSck5GSkVSa1pTYTFGMFVXcG9SbEZUTURCT1ZGWkNURlJzUkZGVVozUlNSVlpFVGtSQk1VMXFhRUpOUkZaR1RWUmpNMDU2VlhoTmFrVXlUVkU5UFE9PQ==,LAKE\RJ\2026\02\DOERJ_PARTE_I_PODER_EXECUTIVO_2026-02-02.md,saida\RJ\DOERJ_2026.csv,3543
inicio_suspeito;termo_administrativo,CONFORME PRECEITUA O,CONFORME PRECEITUA O,RJ,2026-01-30,nomeacao,,,https://www.ioerj.com.br/portal/modules/conteudoonline/mostra_edicao.php?session=VW1wQ1JVNTZSWGROUkUxMFRXcEtSMDVwTURCTlZFMHlURlJyTVUxNlVYUlNWRlY1VFd0S1EwNVVXVFJOYTFWM1RWUmpNMDU2VlhoTmFrVTFUWGM5UFE9PQ==,LAKE\RJ\2026\01\DOERJ_PARTE_I_PODER_EXECUTIVO_2026-01-30.md,saida\RJ\DOERJ_2026.csv,3574
inicio_suspeito;termo_administrativo,VINCULADO À GERÊNCIA DE INFRAESTRUTURA DE TECNOLOGIA - GEINF,VINCULADO À GERÊNCIA DE INFRAESTRUTURA DE TECNOLOGIA - GEINF,RJ,2026-01-29,exoneracao,,,https://www.ioerj.com.br/portal/modules/conteudoonline/mostra_edicao.php?session=VDBWSk0xSlZVVEJOVlUxMFRUQlpNazFETURCU1ZFVXdURlJvUkUxRVozUk9WRUV5VWtST1IwNXJWWHBQUkZWNFRWUmpNMDU2VlhoTmFrbDVUWGM5UFE9PQ==,LAKE\RJ\2026\01\DOERJ_PARTE_I_PODER_EXECUTIVO_2026-01-29.md,saida\RJ\DOERJ_2026.csv,3618
tem_numero;inicio_suspeito;frase_administrativa;termo_administrativo;muito_longo,VINCULADA À GERÊNCIA DE TECNOLOGIA DA INFORMAÇÃO - GEATI. PROCESSO Nº SEI- 220002/000022/2026,VINCULADA À GERÊNCIA DE TECNOLOGIA DA INFORMAÇÃO - GEATI. PROCESSO Nº SEI- 220002/000022/2026,RJ,2026-01-22,nomeacao,,,https://www.ioerj.com.br/portal/modules/conteudoonline/mostra_edicao.php?session=VW10Vk5FNVVSa0pQVkZsMFRWVk5ORTFwTURCT1JFNUNURlJyTVUxclJYUlJla0Y2VWtSQk5WSkZSa05TYWxWNFRWUmpNMDU2VlhoTmFrMHdUMEU5UFE9PQ==,LAKE\RJ\2026\01\DOERJ_PARTE_I_PODER_EXECUTIVO_2026-01-22.md,saida\RJ\DOERJ_2026.csv,3788
termo_administrativo,ASSISTENTE TÉCNICO ADMINISTRATIVO,ASSISTENTE TÉCNICO ADMINISTRATIVO,RJ,2026-01-21,exoneracao,,do Departamento de Trânsito do Estado do Rio de Janeiro - DETRAN/RJ,https://www.ioerj.com.br/portal/modules/conteudoonline/mostra_edicao.php?session=VW10Tk1GSnFTVFJPYTFGMFVsVk5NVkZwTURCUlZVcENURlJvUWs1VVVYUlJla3BEVW1wak1VNXFWa2ROYWtaRlRWUmpNMDU2VlhoTmFrMDBUa0U5UFE9PQ==,LAKE\RJ\2026\01\DOERJ_PARTE_I_PODER_EXECUTIVO_2026-01-21.md,saida\RJ\DOERJ_2026.csv,3789
termo_administrativo,ASSISTENTE SOCIAL,ASSISTENTE SOCIAL,RJ,2026-01-19,nomeacao,,,https://www.ioerj.com.br/portal/modules/conteudoonline/mostra_edicao.php?session=VWtWT1FsSkVSWGhOYTBWMFRYcEplVkZwTURCUFZGWkdURlZKTUZGVVVYUlJWR014VWtSc1ExRjZRa2RSVlZsM1RWUmpNMDU2VlhoTmFsRjNUMEU5UFE9PQ==,LAKE\RJ\2026\01\DOERJ_PARTE_I_PODER_EXECUTIVO_2026-01-19.md,saida\RJ\DOERJ_2026.csv,3864
termo_administrativo,ASSISTENTE TÉCNICO DE TRÂNSITO,ASSISTENTE TÉCNICO DE TRÂNSITO,RJ,2026-01-08,exoneracao,,do Departamento de Trânsito do Estado do Rio de Janeiro - DETRAN/RJ,https://www.ioerj.com.br/portal/modules/conteudoonline/mostra_edicao.php?session=VFVSTk1rMTZVVE5QUlZGMFRYcHNSMDlUTURCTlZFVjVURlZGTlU1RVkzUlJhMVV3VVRCU1JrOUZVa1pQVkd4SFRWUmpNMDU2VlhoTmFsbDZUV2M5UFE9PQ==,LAKE\RJ\2026\01\DOERJ_PARTE_I_PODER_EXECUTIVO_2026-01-08.md,saida\RJ\DOERJ_2026.csv,4084
inicio_suspeito;termo_administrativo,VINCULADO À PRESIDÊNCIA - PRESI,VINCULADO À PRESIDÊNCIA - PRESI,RJ,2026-01-07,exoneracao,,,https://www.ioerj.com.br/portal/modules/conteudoonline/mostra_edicao.php?session=VG10Sk5VNVVVa1pPUkdkMFVtdFZNazlUTURCT2EwcEVURlZKZWs1VVNYUlBSR015VW1wc1IwNTZZekJQUkd4SFRWUmpNMDU2VlhoTmFsa3hUV2M5UFE9PQ==,LAKE\RJ\2026\01\DOERJ_PARTE_I_PODER_EXECUTIVO_2026-01-07.md,saida\RJ\DOERJ_2026.csv,4152
