motivo_rejeicao,nome_original_csv,nome_limpo,spacy_pessoa,spacy_entidades,estado,data_publicacao,tipo_ato,cargo,orgao,assinante,cargo_assinante,categoria_assinante,governador_edicao,representante_governo,origem_representante,fonte_url,arquivo_markdown,arquivo_csv,linha_csv
tem_numero;termo_administrativo,ID FUNCIONAL Nº 50173162/1,ID FUNCIONAL Nº 50173162/1,sim,ID FUNCIONAL:PER,RJ,2014-12-29,exoneracao,do cargo em comissão de Assistente I,da Fundação Teatro Municipal do Rio de Janeiro - FTM/RJ,,Secretario,5,Wilson Jose Witzel - Governador,Wilson Jose Witzel,Executivo estadual,https://www.ioerj.com.br/portal/modules/conteudoonline/mostra_edicao.php?session=VVd0Wk5WSnJUa2ROYWtsMFRUQk5NMDFETURCUFZFa3dURlZGTlU5RVZYUlJWR2Q0VFZSWk5GSlZXa2RQVkZsNVRWUmpNMDlFV1hwT2Ftc3hUWGM5UFE9PQ==,D:\github\exoneracoes_nomeacoes_dou\LAKE\RJ\2014\12\DOERJ_PARTE_I_PODER_EXECUTIVO_2014-12-29.md,D:\github\exoneracoes_nomeacoes_dou\saida\RJ\DOERJ_2014.csv,4
menos_de_2_tokens,LEIA-SE,LEIA-SE,sim,LEIA-SE:PER,RJ,2014-12-18,nomeacao,,,,Secretario,5,Wilson Jose Witzel - Governador,Wilson Jose Witzel,Executivo estadual,https://www.ioerj.com.br/portal/modules/conteudoonline/mostra_edicao.php?session=VDBSRk1FMVZUWGhOVlZGMFVWUmplazVETURCU2FrSkhURlJuTVZKRldYUk5lbFYzVFRCTk1VOUZSa1pTUkZGNFRWUmpNMDlFV1RCT1ZFVXpUa0U5UFE9PQ==,D:\github\exoneracoes_nomeacoes_dou\LAKE\RJ\2014\12\DOERJ_PARTE_I_PODER_EXECUTIVO_2014-12-18.md,D:\github\exoneracoes_nomeacoes_dou\saida\RJ\DOERJ_2014.csv,38
menos_de_2_tokens,LEIA-SE,LEIA-SE,sim,LEIA-SE:PER,RJ,2014-12-18,nomeacao,,,,Secretario,5,Wilson Jose Witzel - Governador,Wilson Jose Witzel,Executivo estadual,https://www.ioerj.com.br/portal/modules/conteudoonline/mostra_edicao.php?session=VDBSRk1FMVZUWGhOVlZGMFVWUmplazVETURCU2FrSkhURlJuTVZKRldYUk5lbFYzVFRCTk1VOUZSa1pTUkZGNFRWUmpNMDlFV1RCT1ZFVXpUa0U5UFE9PQ==,D:\github\exoneracoes_nomeacoes_dou\LAKE\RJ\2014\12\DOERJ_PARTE_I_PODER_EXECUTIVO_2014-12-18.md,D:\github\exoneracoes_nomeacoes_dou\saida\RJ\DOERJ_2014.csv,39
termo_administrativo,FABIANO DE ARAÚJO MARIANO COMO COORDENADOR GERAL,FABIANO DE ARAÚJO MARIANO COMO COORDENADOR GERAL,sim,FABIANO DE ARAÚJO:MISC|COORDENADOR:ORG|Fabiano De Araújo Mariano:PER,RJ,2015-12-30,nomeacao,,,NOMEAR FABIANO DE ARAÚJO MARIANO COMO,Coordenador,12,Wilson Jose Witzel - Governador,Wilson Jose Witzel,Executivo estadual,https://www.ioerj.com.br/portal/modules/conteudoonline/mostra_edicao.php?session=VG5wV1IwNVZXWGxSVkVGMFRYcFplVTVETURCT2FtaENURlJyZUZGVVFYUk5WR013VW10V1ExRnFaM3BSZW1kNFRWUmpNMDlFVlhsTmFtdDNUV2M5UFE9PQ==,D:\github\exoneracoes_nomeacoes_dou\LAKE\RJ\2015\12\DOERJ_DO_CAMPOS_PODER_EXECUTIVO_2015-12-30.md,D:\github\exoneracoes_nomeacoes_dou\saida\RJ\DOERJ_2015.csv,35
inicio_suspeito;frase_administrativa;termo_administrativo,SERVIDORES PÚBLICOS DA,SERVIDORES PÚBLICOS DA,sim,PÚBLICOS:ORG|DA:ORG|Servidores Públicos:PER,RJ,2015-12-29,nomeacao,,,,Secretario,5,Wilson Jose Witzel - Governador,Wilson Jose Witzel,Executivo estadual,https://www.ioerj.com.br/portal/modules/conteudoonline/mostra_edicao.php?session=VVRCTk1GSlVUVEZSTUUxMFRYcFpOVTE1TURCUFJWRTBURlJuZUU1VlZYUlJWVTE2VWtWTk5FOUVRa2RTVkVaSFRWUmpNMDlFVlhsTmVsazBUa0U5UFE9PQ==,D:\github\exoneracoes_nomeacoes_dou\LAKE\RJ\2015\12\DOERJ_PARTE_I_PODER_EXECUTIVO_2015-12-29.md,D:\github\exoneracoes_nomeacoes_dou\saida\RJ\DOERJ_2015.csv,45
termo_administrativo,ID FUNCIONAL,ID FUNCIONAL,sim,ID FUNCIONAL:PER,RJ,2015-12-02,exoneracao,,,,Governador,1,Wilson Jose Witzel - Governador,Wilson Jose Witzel,Executivo estadual,https://www.ioerj.com.br/portal/modules/conteudoonline/mostra_edicao.php?session=VFVWVk0xSnFXWGRSYTAxMFRVVktSRTU1TURCU1ZWRTFURlZHUmxGcVJYUlJla1pGVDBWWk0xSlVZM2RQVlZwR1RWUmpNMDlFVlhwTlZFRXpUbWM5UFE9PQ==,D:\github\exoneracoes_nomeacoes_dou\LAKE\RJ\2015\12\DOERJ_PARTE_I_PODER_EXECUTIVO_2015-12-02.md,D:\github\exoneracoes_nomeacoes_dou\saida\RJ\DOERJ_2015.csv,394
tem_numero;termo_administrativo,ID FUNCIONAL Nº 5014639-4/1,ID FUNCIONAL Nº 5014639-4/1,sim,ID FUNCIONAL:PER,RJ,2015-11-16,nomeacao,,da Superintendência de Infraestrutura,,Secretario,5,Wilson Jose Witzel - Governador,Wilson Jose Witzel,Executivo estadual,https://www.ioerj.com.br/portal/modules/conteudoonline/mostra_edicao.php?session=VWxWU1IwOVVXVEpSZW1kMFVrUlJlbEpETURCU1JFMDFURlZKZVUxclRYUk9SRTE2VFdwb1IwOVVaM2hPYTBaR1RWUmpNMDlFVlRCTmVtdDNUVkU5UFE9PQ==,D:\github\exoneracoes_nomeacoes_dou\LAKE\RJ\2015\11\DOERJ_PARTE_I_PODER_EXECUTIVO_2015-11-16.md,D:\github\exoneracoes_nomeacoes_dou\saida\RJ\DOERJ_2015.csv,513
tem_numero;termo_administrativo,ID FUNCIONAL Nº 5017721-4/1,ID FUNCIONAL Nº 5017721-4/1,sim,ID FUNCIONAL:PER,RJ,2015-11-16,nomeacao,,do Departamento Geral de Ações Sócioeducativas - DEGASE,,Secretario,5,Wilson Jose Witzel - Governador,Wilson Jose Witzel,Executivo estadual,https://www.ioerj.com.br/portal/modules/conteudoonline/mostra_edicao.php?session=VWxWU1IwOVVXVEpSZW1kMFVrUlJlbEpETURCU1JFMDFURlZKZVUxclRYUk9SRTE2VFdwb1IwOVVaM2hPYTBaR1RWUmpNMDlFVlRCTmVtdDNUVkU5UFE9PQ==,D:\github\exoneracoes_nomeacoes_dou\LAKE\RJ\2015\11\DOERJ_PARTE_I_PODER_EXECUTIVO_2015-11-16.md,D:\github\exoneracoes_nomeacoes_dou\saida\RJ\DOERJ_2015.csv,514
menos_de_2_tokens;termo_administrativo,FUNCIONAL,FUNCIONAL,sim,ID REBECA VIANA:PER,RJ,2015-11-16,nomeacao,,,,Secretario,5,Wilson Jose Witzel - Governador,Wilson Jose Witzel,Executivo estadual,https://www.ioerj.com.br/portal/modules/conteudoonline/mostra_edicao.php?session=VWxWU1IwOVVXVEpSZW1kMFVrUlJlbEpETURCU1JFMDFURlZKZVUxclRYUk9SRTE2VFdwb1IwOVVaM2hPYTBaR1RWUmpNMDlFVlRCTmVtdDNUVkU5UFE9PQ==,D:\github\exoneracoes_nomeacoes_dou\LAKE\RJ\2015\11\DOERJ_PARTE_I_PODER_EXECUTIVO_2015-11-16.md,D:\github\exoneracoes_nomeacoes_dou\saida\RJ\DOERJ_2015.csv,516
menos_de_2_tokens,LEIA-SE,LEIA-SE,sim,LEIA-SE:PER,RJ,2015-11-11,nomeacao,,,,Secretario,5,Wilson Jose Witzel - Governador,Wilson Jose Witzel,Executivo estadual,https://www.ioerj.com.br/portal/modules/conteudoonline/mostra_edicao.php?session=VGtSUk5GRlVhelJOZW10MFRVVktRMDVwTURCTk1GRjNURlZKTVU1cVVYUlBWRXBDVFhwUk1VNTZiRVJOVkZFd1RWUmpNMDlFVlRCT1JHY3pUMUU5UFE9PQ==,D:\github\exoneracoes_nomeacoes_dou\LAKE\RJ\2015\11\DOERJ_PARTE_I_PODER_EXECUTIVO_2015-11-11.md,D:\github\exoneracoes_nomeacoes_dou\saida\RJ\DOERJ_2015.csv,564
menos_de_2_tokens,LEIA-SE,LEIA-SE,sim,LEIA-SE:PER,RJ,2015-11-11,nomeacao,,,,Secretario,5,Wilson Jose Witzel - Governador,Wilson Jose Witzel,Executivo estadual,https://www.ioerj.com.br/portal/modules/conteudoonline/mostra_edicao.php?session=VGtSUk5GRlVhelJOZW10MFRVVktRMDVwTURCTk1GRjNURlZKTVU1cVVYUlBWRXBDVFhwUk1VNTZiRVJOVkZFd1RWUmpNMDlFVlRCT1JHY3pUMUU5UFE9PQ==,D:\github\exoneracoes_nomeacoes_dou\LAKE\RJ\2015\11\DOERJ_PARTE_I_PODER_EXECUTIVO_2015-11-11.md,D:\github\exoneracoes_nomeacoes_dou\saida\RJ\DOERJ_2015.csv,565
menos_de_2_tokens,LEIA-SE,LEIA-SE,sim,LEIA-SE:PER,RJ,2015-11-11,nomeacao,,,,Secretario,5,Wilson Jose Witzel - Governador,Wilson Jose Witzel,Executivo estadual,https://www.ioerj.com.br/portal/modules/conteudoonline/mostra_edicao.php?session=VGtSUk5GRlVhelJOZW10MFRVVktRMDVwTURCTk1GRjNURlZKTVU1cVVYUlBWRXBDVFhwUk1VNTZiRVJOVkZFd1RWUmpNMDlFVlRCT1JHY3pUMUU5UFE9PQ==,D:\github\exoneracoes_nomeacoes_dou\LAKE\RJ\2015\11\DOERJ_PARTE_I_PODER_EXECUTIVO_2015-11-11.md,D:\github\exoneracoes_nomeacoes_dou\saida\RJ\DOERJ_2015.csv,566
termo_administrativo;muito_longo,ARTUR NOGUEIRA PESSNHA NO CARGO DE INSPETOR DE ALUNOS. O MESMO DEVERÁ COMPARECER NA,ARTUR NOGUEIRA PESSNHA NO CARGO DE INSPETOR DE ALUNOS. O MESMO DEVERÁ COMPARECER NA,sim,ARTUR:MISC|NOGUEIRA PESSNHA:MISC|CARGO DE INSPETOR DE ALUNOS:MISC|Artur Nogueira Pessnha:PER,RJ,2015-11-11,nomeacao,,,,,,Wilson Jose Witzel - Governador,Wilson Jose Witzel,Executivo estadual,https://www.ioerj.com.br/portal/modules/conteudoonline/mostra_edicao.php?session=VGpCT1JVMVVZM2xOYWxWMFRVUldSMUY1TURCTmEwcERURlZGZWxGNlNYUk5hbFpIVDFSTk1sRXdUWGxPUlVrMVRWUmpNMDlFVlRCT1JHY3pUMUU5UFE9PQ==,D:\github\exoneracoes_nomeacoes_dou\LAKE\RJ\2015\11\DOERJ_DO_CAMPOS_PODER_EXECUTIVO_2015-11-11.md,D:\github\exoneracoes_nomeacoes_dou\saida\RJ\DOERJ_2015.csv,567
termo_administrativo,LUCIANA CANO FERNANDES NO CARGO DE PSICÓLOGA. A MESMA DEVERÁ COMPARECER NA,LUCIANA CANO FERNANDES NO CARGO DE PSICÓLOGA. A MESMA DEVERÁ COMPARECER NA,sim,LUCIANA CANO FERNANDES:PER,RJ,2015-11-11,nomeacao,,,,,,Wilson Jose Witzel - Governador,Wilson Jose Witzel,Executivo estadual,https://www.ioerj.com.br/portal/modules/conteudoonline/mostra_edicao.php?session=VGpCT1JVMVVZM2xOYWxWMFRVUldSMUY1TURCTmEwcERURlZGZWxGNlNYUk5hbFpIVDFSTk1sRXdUWGxPUlVrMVRWUmpNMDlFVlRCT1JHY3pUMUU5UFE9PQ==,D:\github\exoneracoes_nomeacoes_dou\LAKE\RJ\2015\11\DOERJ_DO_CAMPOS_PODER_EXECUTIVO_2015-11-11.md,D:\github\exoneracoes_nomeacoes_dou\saida\RJ\DOERJ_2015.csv,568
termo_administrativo;muito_longo,ROZIMERI BARRETO BASTOS NO CARGO DE TÉCNICO EM ENFERMAGEM. A MESMA DEVERÁ COMPARECER NA,ROZIMERI BARRETO BASTOS NO CARGO DE TÉCNICO EM ENFERMAGEM. A MESMA DEVERÁ COMPARECER NA,sim,ROZIMERI BARRETO BASTOS NO CARGO DE TÉCNICO:MISC|ENFERMAGEM:MISC|MESMA DEVERÁ COMPARECER:MISC|Rozimeri Barreto Bastos:PER,RJ,2015-11-06,nomeacao,,,,,,Wilson Jose Witzel - Governador,Wilson Jose Witzel,Executivo estadual,https://www.ioerj.com.br/portal/modules/conteudoonline/mostra_edicao.php?session=VWtWVmVGSkViRVpTUkVGMFVYcFNSbEpUTURCTk1Ga3hURlZKTkZGcVkzUlJWRTB3VWtSamVWRjZSVEpTVkVrMFRWUmpNMDlFVlRCT1ZGRjVUVkU5UFE9PQ==,D:\github\exoneracoes_nomeacoes_dou\LAKE\RJ\2015\11\DOERJ_DO_CAMPOS_PODER_EXECUTIVO_2015-11-06.md,D:\github\exoneracoes_nomeacoes_dou\saida\RJ\DOERJ_2015.csv,628
menos_de_2_tokens,LEIA-SE,LEIA-SE,sim,LEIA-SE:PER,RJ,2015-11-05,nomeacao,,,,Secretario,5,Wilson Jose Witzel - Governador,Wilson Jose Witzel,Executivo estadual,https://www.ioerj.com.br/portal/modules/conteudoonline/mostra_edicao.php?session=VDFSa1ExSlZWVEZQVkZsMFVsUkZORTFETURCUFZWa3dURlJuTVUxVVRYUlJWVVV3VG5wT1IxSlZSVEJOVkdkNVRWUmpNMDlFVlRCT1ZGbDZUa0U5UFE9PQ==,D:\github\exoneracoes_nomeacoes_dou\LAKE\RJ\2015\11\DOERJ_PARTE_I_PODER_EXECUTIVO_2015-11-05.md,D:\github\exoneracoes_nomeacoes_dou\saida\RJ\DOERJ_2015.csv,664
tem_numero;termo_administrativo,ID FUNCIONAL Nº2040082-9,ID FUNCIONAL Nº2040082-9,sim,ID FUNCIONAL:PER,RJ,2015-10-20,exoneracao,do cargo em comissão de Assessor de Liquidação,,,Secretario,5,Wilson Jose Witzel - Governador,Wilson Jose Witzel,Executivo estadual,https://www.ioerj.com.br/portal/modules/conteudoonline/mostra_edicao.php?session=VG1wb1ExSkVSVEJOUkZWMFQxUkJlRTFwTURCU1ZGVjNURlJvUTAxVVVYUk9WRlY1VG5wV1JFMVZVVFZPYWtFeVRWUmpNMDlFVlRGTlJFRTBUMEU5UFE9PQ==,D:\github\exoneracoes_nomeacoes_dou\LAKE\RJ\2015\10\DOERJ_PARTE_I_PODER_EXECUTIVO_2015-10-20.md,D:\github\exoneracoes_nomeacoes_dou\saida\RJ\DOERJ_2015.csv,889
tem_numero;termo_administrativo,ID FUNCIONAL Nº2713357-5,ID FUNCIONAL Nº2713357-5,sim,ID FUNCIONAL:PER,RJ,2015-10-20,exoneracao,do cargo em comissão de Assessor Financeiro,,,Secretario,5,Wilson Jose Witzel - Governador,Wilson Jose Witzel,Executivo estadual,https://www.ioerj.com.br/portal/modules/conteudoonline/mostra_edicao.php?session=VG1wb1ExSkVSVEJOUkZWMFQxUkJlRTFwTURCU1ZGVjNURlJvUTAxVVVYUk9WRlY1VG5wV1JFMVZVVFZPYWtFeVRWUmpNMDlFVlRGTlJFRTBUMEU5UFE9PQ==,D:\github\exoneracoes_nomeacoes_dou\LAKE\RJ\2015\10\DOERJ_PARTE_I_PODER_EXECUTIVO_2015-10-20.md,D:\github\exoneracoes_nomeacoes_dou\saida\RJ\DOERJ_2015.csv,890
termo_administrativo;muito_longo,VANESSA CAROLINE BRAGA NO CARGO DE ANALISTA DE SISTEMAS. A MESMA DEVERÁ COMPARECER NA,VANESSA CAROLINE BRAGA NO CARGO DE ANALISTA DE SISTEMAS. A MESMA DEVERÁ COMPARECER NA,sim,CARGO DE ANALISTA:MISC|SISTEMAS:MISC|MESMA DEVERÁ COMPARECER:MISC|Vanessa Caroline Braga:PER,RJ,2015-10-09,nomeacao,,,,,,Wilson Jose Witzel - Governador,Wilson Jose Witzel,Executivo estadual,https://www.ioerj.com.br/portal/modules/conteudoonline/mostra_edicao.php?session=VVdwYVJVMTZVa1JOVkZGMFRsUnJNazFETURCT01FbDZURlJvUmxKcVZYUk9lbWhIVWxSSk5GRlVUVE5OZWsxNlRWUmpNMDlFVlRGTmFrRXpUMUU5UFE9PQ==,D:\github\exoneracoes_nomeacoes_dou\LAKE\RJ\2015\10\DOERJ_DO_CAMPOS_PODER_EXECUTIVO_2015-10-09.md,D:\github\exoneracoes_nomeacoes_dou\saida\RJ\DOERJ_2015.csv,988
menos_de_2_tokens,LEIA-SE,LEIA-SE,sim,LEIA-SE:PER,RJ,2015-09-14,nomeacao,,,,Secretario,5,Wilson Jose Witzel - Governador,Wilson Jose Witzel,Executivo estadual,https://www.ioerj.com.br/portal/modules/conteudoonline/mostra_edicao.php?session=VFhwV1JsSkVTa1JTUkVsMFRrVkdSazFETURCU1JHTXpURlJzUmsxNlNYUk5WRTEzVVRCWk1sRnFaelZQVkZaSFRWUmpNMDlFVlRGUFJFMHpUa0U5UFE9PQ==,D:\github\exoneracoes_nomeacoes_dou\LAKE\RJ\2015\09\DOERJ_PARTE_I_PODER_EXECUTIVO_2015-09-14.md,D:\github\exoneracoes_nomeacoes_dou\saida\RJ\DOERJ_2015.csv,1318
termo_administrativo;muito_longo,RHAUANNE ARAUJO RODRIGUES NO CARGO DE AUXILIAR DE TURMA. A MESMA DEVERÁ COMPARECER NA,RHAUANNE ARAUJO RODRIGUES NO CARGO DE AUXILIAR DE TURMA. A MESMA DEVERÁ COMPARECER NA,sim,RHAUANNE ARAUJO RODRIGUES:MISC|CARGO DE AUXILIAR:MISC|TURMA:ORG|MESMA DEVERÁ COMPARECER:MISC|Rhauanne Araujo Rodrigues:PER,RJ,2015-08-24,nomeacao,,,,,,Wilson Jose Witzel - Governador,Wilson Jose Witzel,Executivo estadual,https://www.ioerj.com.br/portal/modules/conteudoonline/mostra_edicao.php?session=VGtSQ1FrMXJSVEJOYW1kMFRXcFZlazlUTURCUlZHUkhURlJuTkU1RVozUk5la0Y0VGtSYVExSkVaRU5PYW1ONVRWUmpNMDlFVlRKTmFrRXlUWGM5UFE9PQ==,D:\github\exoneracoes_nomeacoes_dou\LAKE\RJ\2015\08\DOERJ_DO_CAMPOS_PODER_EXECUTIVO_2015-08-24.md,D:\github\exoneracoes_nomeacoes_dou\saida\RJ\DOERJ_2015.csv,1523
termo_administrativo,ID FUNCIO,ID FUNCIO,sim,ID FUNCIO-:PER,RJ,2015-08-17,exoneracao,,,,Governador,1,Wilson Jose Witzel - Governador,Wilson Jose Witzel,Executivo estadual,https://www.ioerj.com.br/portal/modules/conteudoonline/mostra_edicao.php?session=VGxWV1IwMTZVVFJSYWxWMFRXdGFSMDE1TURCUFJFMTZURlZLUmxKcVkzUlBWVlV6VDBWS1JsSkZTVEpQUlZsNFRWUmpNMDlFVlRKT1JGRXdUV2M5UFE9PQ==,D:\github\exoneracoes_nomeacoes_dou\LAKE\RJ\2015\08\DOERJ_PARTE_I_PODER_EXECUTIVO_2015-08-17.md,D:\github\exoneracoes_nomeacoes_dou\saida\RJ\DOERJ_2015.csv,1617
termo_administrativo,JHAYANA COUTO AMORIM LINS NO CARGO DE PSICÓLOGO. A MESMA DEVERÁ COMPARECER NA,JHAYANA COUTO AMORIM LINS NO CARGO DE PSICÓLOGO. A MESMA DEVERÁ COMPARECER NA,sim,JHAYANA:PER,RJ,2015-08-17,nomeacao,,,,,,Wilson Jose Witzel - Governador,Wilson Jose Witzel,Executivo estadual,https://www.ioerj.com.br/portal/modules/conteudoonline/mostra_edicao.php?session=VVRCTmVGRXdUWHBPYW10MFRYcHNSazU1TURCT1JFNUNURlJuTkZKRlZYUlJlazAwVFdwTk1FNVVRVEpOUlZVeVRWUmpNMDlFVlRKT1JGRXdUV2M5UFE9PQ==,D:\github\exoneracoes_nomeacoes_dou\LAKE\RJ\2015\08\DOERJ_DO_CAMPOS_PODER_EXECUTIVO_2015-08-17.md,D:\github\exoneracoes_nomeacoes_dou\saida\RJ\DOERJ_2015.csv,1631
menos_de_2_tokens,LEIA-SE,LEIA-SE,sim,LEIA-SE:PER,RJ,2015-08-05,nomeacao,,,,Secretario,5,Wilson Jose Witzel - Governador,Wilson Jose Witzel,Executivo estadual,https://www.ioerj.com.br/portal/modules/conteudoonline/mostra_edicao.php?session=VVZSWmQwNXFZM2RQUlZsMFVtdFNSRTU1TURCU1JGcERURlJuTUZGclJYUlNSVTE1VGpCVk5WRjZTWHBSVkZGM1RWUmpNMDlFVlRKT2FrVTFUVkU5UFE9PQ==,D:\github\exoneracoes_nomeacoes_dou\LAKE\RJ\2015\08\DOERJ_PARTE_I_PODER_EXECUTIVO_2015-08-05.md,D:\github\exoneracoes_nomeacoes_dou\saida\RJ\DOERJ_2015.csv,1803
termo_administrativo;muito_longo,GIANNE FERREIRA SOARES DE SIQUEIRA NO CARGO DE PSICÓLOGA. A MESMA DEVERÁ COMPARECER NA,GIANNE FERREIRA SOARES DE SIQUEIRA NO CARGO DE PSICÓLOGA. A MESMA DEVERÁ COMPARECER NA,sim,GIANNE FERREIRA:MISC|CARGO DE PSICÓLOGA:MISC|MESMA DEVERÁ COMPARECER:MISC|Gianne Ferreira Soares:PER,RJ,2015-07-28,nomeacao,,,,,,Wilson Jose Witzel - Governador,Wilson Jose Witzel,Executivo estadual,https://www.ioerj.com.br/portal/modules/conteudoonline/mostra_edicao.php?session=VG10R1JFMVVXa05SZW1OMFVYcG5NVkY1TURCUFZGcEVURlZKZWxKRVFYUlJhbEV4VVRCVmQwMVVUa1pOVkdzMVRWUmpNMDlFVlRKT2Vsa3lUWGM5UFE9PQ==,D:\github\exoneracoes_nomeacoes_dou\LAKE\RJ\2015\07\DOERJ_DO_CAMPOS_PODER_EXECUTIVO_2015-07-28.md,D:\github\exoneracoes_nomeacoes_dou\saida\RJ\DOERJ_2015.csv,1893
menos_de_2_tokens,LEIA-SE,LEIA-SE,sim,LEIA-SE:PER,RJ,2015-07-22,nomeacao,,,,Secretario,5,Wilson Jose Witzel - Governador,Wilson Jose Witzel,Executivo estadual,https://www.ioerj.com.br/portal/modules/conteudoonline/mostra_edicao.php?session=VDFWYVIxRjZhek5TVlZsMFRsUk9SMDVwTURCUFJWcEhURlZKZDFGVldYUlNhbEY1VFZSak1GRlZSVFJOVkdzMVRWUmpNMDlFVlRKUFJGVXpUa0U5UFE9PQ==,D:\github\exoneracoes_nomeacoes_dou\LAKE\RJ\2015\07\DOERJ_PARTE_I_PODER_EXECUTIVO_2015-07-22.md,D:\github\exoneracoes_nomeacoes_dou\saida\RJ\DOERJ_2015.csv,2021
termo_administrativo;muito_longo,GIANNE FERREIRA DE SIQUEIRA NO CARGO DE PSICÓLOGA. - A MESMA DEVERÁ COMPARECER NA,GIANNE FERREIRA DE SIQUEIRA NO CARGO DE PSICÓLOGA. - A MESMA DEVERÁ COMPARECER NA,sim,GIANNE FERREIRA:MISC|CARGO DE PSICÓLOGA:MISC|MESMA DEVERÁ:MISC|Gianne Ferreira De Siqueira:PER,RJ,2015-07-22,nomeacao,,,,,,Wilson Jose Witzel - Governador,Wilson Jose Witzel,Executivo estadual,https://www.ioerj.com.br/portal/modules/conteudoonline/mostra_edicao.php?session=VG5wRmVFNVZVWHBSYTBWMFVYcFdSVkZUTURCUFZGRjNURlZLUWswd1VYUk9hMHBIVDFSb1JrMUVhRVZTYTFFelRWUmpNMDlFVlRKUFJGVXpUa0U5UFE9PQ==,D:\github\exoneracoes_nomeacoes_dou\LAKE\RJ\2015\07\DOERJ_DO_CAMPOS_PODER_EXECUTIVO_2015-07-22.md,D:\github\exoneracoes_nomeacoes_dou\saida\RJ\DOERJ_2015.csv,2022
menos_de_2_tokens,LEIA-SE,LEIA-SE,sim,LEIA-SE:PER,RJ,2015-07-21,nomeacao,,,,Secretario,5,Wilson Jose Witzel - Governador,Wilson Jose Witzel,Executivo estadual,https://www.ioerj.com.br/portal/modules/conteudoonline/mostra_edicao.php?session=VW10Uk5FNUVVa1ZPUkd0MFVtcHJOVkY1TURCUFZVMDFURlZKTVUxNmEzUk9WVlV5VFRCTmQwMXJTVEJQVlZreFRWUmpNMDlFVlRKUFJHczFUWGM5UFE9PQ==,D:\github\exoneracoes_nomeacoes_dou\LAKE\RJ\2015\07\DOERJ_PARTE_I_PODER_EXECUTIVO_2015-07-21.md,D:\github\exoneracoes_nomeacoes_dou\saida\RJ\DOERJ_2015.csv,2031
tem_numero;termo_administrativo,ID FUNCIONAL Nº 01931015-3,ID FUNCIONAL Nº 01931015-3,sim,ID FUNCIONAL:PER,RJ,2015-07-14,exoneracao,do cargo em comissão de Coordenador,,,Governador,1,Wilson Jose Witzel - Governador,Wilson Jose Witzel,Executivo estadual,https://www.ioerj.com.br/portal/modules/conteudoonline/mostra_edicao.php?session=VVZWYVFsSnFUVE5SYTBsMFRWVlplazlUTURCUFZWSkVURlJzUWsxVVZYUk5lbWMxVVRCT1IwNVViRVpOVlZwQ1RWUmpNMDlFVlROTlJGRjZUWGM5UFE9PQ==,D:\github\exoneracoes_nomeacoes_dou\LAKE\RJ\2015\07\DOERJ_PARTE_I_PODER_EXECUTIVO_2015-07-14.md,D:\github\exoneracoes_nomeacoes_dou\saida\RJ\DOERJ_2015.csv,2117
tem_numero;termo_administrativo,ID FUNCIONAL Nº 5013826-0/1,ID FUNCIONAL Nº 5013826-0/1,sim,ID FUNCIONAL:PER,RJ,2015-07-06,nomeacao,,da Superintendência Pedagógica,,Secretario,5,Wilson Jose Witzel - Governador,Wilson Jose Witzel,Executivo estadual,https://www.ioerj.com.br/portal/modules/conteudoonline/mostra_edicao.php?session=VVdwTmVFMVVWWGRTUkVWMFVWUkJlVTE1TURCTlZGcEVURlZKTWxKclNYUlNSVlUxVWxSRk1FNVZWVFZSTUVVeVRWUmpNMDlFVlROTlZHc3pUa0U5UFE9PQ==,D:\github\exoneracoes_nomeacoes_dou\LAKE\RJ\2015\07\DOERJ_PARTE_I_PODER_EXECUTIVO_2015-07-06.md,D:\github\exoneracoes_nomeacoes_dou\saida\RJ\DOERJ_2015.csv,2314
tem_numero;termo_administrativo,ID FUNCIONAL Nº 5027499-6/1,ID FUNCIONAL Nº 5027499-6/1,sim,ID FUNCIONAL:PER,RJ,2015-07-06,nomeacao,,da Superintendência Pedagógica,,Secretario,5,Wilson Jose Witzel - Governador,Wilson Jose Witzel,Executivo estadual,https://www.ioerj.com.br/portal/modules/conteudoonline/mostra_edicao.php?session=VVdwTmVFMVVWWGRTUkVWMFVWUkJlVTE1TURCTlZGcEVURlZKTWxKclNYUlNSVlUxVWxSRk1FNVZWVFZSTUVVeVRWUmpNMDlFVlROTlZHc3pUa0U5UFE9PQ==,D:\github\exoneracoes_nomeacoes_dou\LAKE\RJ\2015\07\DOERJ_PARTE_I_PODER_EXECUTIVO_2015-07-06.md,D:\github\exoneracoes_nomeacoes_dou\saida\RJ\DOERJ_2015.csv,2315
termo_administrativo;muito_longo,JAQUELINE ALVES ROVETTA NO CARGO DE ASSESSOR TÉCNICO. - A MESMA DEVERÁ COMPARECER NA,JAQUELINE ALVES ROVETTA NO CARGO DE ASSESSOR TÉCNICO. - A MESMA DEVERÁ COMPARECER NA,sim,JAQUELINE ALVES ROVETTA NO CARGO DE ASSESSOR TÉCNICO:MISC|MESMA DEVERÁ:MISC|Jaqueline Alves Rovetta:PER,RJ,2015-07-06,nomeacao,,,,,,Wilson Jose Witzel - Governador,Wilson Jose Witzel,Executivo estadual,https://www.ioerj.com.br/portal/modules/conteudoonline/mostra_edicao.php?session=VFVST1JrNVVXVEZTYTFWMFRqQlNRMDFETURCU2FtaEVURlZKZVU1cVkzUlJNRTE0VVZSR1JrNXFRVEZPVkd4R1RWUmpNMDlFVlROTlZHc3pUa0U5UFE9PQ==,D:\github\exoneracoes_nomeacoes_dou\LAKE\RJ\2015\07\DOERJ_DO_CAMPOS_PODER_EXECUTIVO_2015-07-06.md,D:\github\exoneracoes_nomeacoes_dou\saida\RJ\DOERJ_2015.csv,2335
termo_administrativo;muito_longo,PRISCILA CRISTINA NUNES SOARES NO CARGO DE FARMACÊUTICO/BIOQUÍMICO. A MESMA DEVERÁ COMPARECER NA,PRISCILA CRISTINA NUNES SOARES NO CARGO DE FARMACÊUTICO/BIOQUÍMICO. A MESMA DEVERÁ COMPARECER NA,sim,CRISTINA NUNES SOARES:MISC|CARGO DE FARMACÊUTICO:MISC|BIOQUÍMICO:MISC|MESMA DEVERÁ COMPARECER:MISC|Priscila Cristina Nunes Soares:PER,RJ,2015-07-06,nomeacao,,,,,,Wilson Jose Witzel - Governador,Wilson Jose Witzel,Executivo estadual,https://www.ioerj.com.br/portal/modules/conteudoonline/mostra_edicao.php?session=VFVST1JrNVVXVEZTYTFWMFRqQlNRMDFETURCU2FtaEVURlZKZVU1cVkzUlJNRTE0VVZSR1JrNXFRVEZPVkd4R1RWUmpNMDlFVlROTlZHc3pUa0U5UFE9PQ==,D:\github\exoneracoes_nomeacoes_dou\LAKE\RJ\2015\07\DOERJ_DO_CAMPOS_PODER_EXECUTIVO_2015-07-06.md,D:\github\exoneracoes_nomeacoes_dou\saida\RJ\DOERJ_2015.csv,2337
termo_administrativo,GABRIEL ARAGÃO SOARES NO CARGO DE ENFERMEIRO. - A MESMA DEVERÁ COMPARECER NA,GABRIEL ARAGÃO SOARES NO CARGO DE ENFERMEIRO. - A MESMA DEVERÁ COMPARECER NA,sim,GABRIEL ARAGÃO:PER,RJ,2015-07-06,nomeacao,,,,,,Wilson Jose Witzel - Governador,Wilson Jose Witzel,Executivo estadual,https://www.ioerj.com.br/portal/modules/conteudoonline/mostra_edicao.php?session=VFVST1JrNVVXVEZTYTFWMFRqQlNRMDFETURCU2FtaEVURlZKZVU1cVkzUlJNRTE0VVZSR1JrNXFRVEZPVkd4R1RWUmpNMDlFVlROTlZHc3pUa0U5UFE9PQ==,D:\github\exoneracoes_nomeacoes_dou\LAKE\RJ\2015\07\DOERJ_DO_CAMPOS_PODER_EXECUTIVO_2015-07-06.md,D:\github\exoneracoes_nomeacoes_dou\saida\RJ\DOERJ_2015.csv,2338
termo_administrativo;muito_longo,RAPHAEL LAIBER BONADIMAN NO CARGO DE FARMACÊUTICO/BIOQUÍMICO. O MESMO DEVERÁ COMPARECER NA,RAPHAEL LAIBER BONADIMAN NO CARGO DE FARMACÊUTICO/BIOQUÍMICO. O MESMO DEVERÁ COMPARECER NA,sim,RAPHAEL:ORG|CARGO DE FARMACÊUTICO:MISC|BIOQUÍMICO:MISC|Raphael Laiber Bonadiman:PER,RJ,2015-07-02,nomeacao,,,,,,Wilson Jose Witzel - Governador,Wilson Jose Witzel,Executivo estadual,https://www.ioerj.com.br/portal/modules/conteudoonline/mostra_edicao.php?session=VFd0TmVVMVVRVEpPYWxsMFVrUkNRMDFwTURCUlZFRjVURlZGTUU0d1RYUlNSR3QzVWtWSk1GSkVSVFZPYWtaRVRWUmpNMDlFVlROTmFsRXpUWGM5UFE9PQ==,D:\github\exoneracoes_nomeacoes_dou\LAKE\RJ\2015\07\DOERJ_DO_CAMPOS_PODER_EXECUTIVO_2015-07-02.md,D:\github\exoneracoes_nomeacoes_dou\saida\RJ\DOERJ_2015.csv,2404
menos_de_2_tokens,LEIA-SE,LEIA-SE,sim,LEIA-SE:PER,RJ,2015-06-26,nomeacao,,,,Secretario,5,Wilson Jose Witzel - Governador,Wilson Jose Witzel,Executivo estadual,https://www.ioerj.com.br/portal/modules/conteudoonline/mostra_edicao.php?session=VDBSQk1FMVZSVEpOTUZGMFRtdFplbEY1TURCTlJHY3dURlJuZDFGcVozUk5WRUYzVWxST1IxRlVTa1pTYWswMFRWUmpNMDlFVlROTmVsa3pUbmM5UFE9PQ==,D:\github\exoneracoes_nomeacoes_dou\LAKE\RJ\2015\06\DOERJ_PARTE_I_PODER_EXECUTIVO_2015-06-26.md,D:\github\exoneracoes_nomeacoes_dou\saida\RJ\DOERJ_2015.csv,2460
tem_numero;termo_administrativo,ID FUNCIONAL 5004659-4,ID FUNCIONAL 5004659-4,sim,ID FUNCIONAL 5004659-4:PER,RJ,2015-06-25,nomeacao,,da Superintendência de Desportos do Estado do Rio de Janeiro - SUDERJ,,Secretario,5,Wilson Jose Witzel - Governador,Wilson Jose Witzel,Executivo estadual,https://www.ioerj.com.br/portal/modules/conteudoonline/mostra_edicao.php?session=VW1wak1VOUZXVFJOUkdOMFVXcENSRTlETURCTmFrcERURlZKZUU1RVkzUlJWRkpEVGxSQk0xSkVTa0pSVlVWNVRWUmpNMDlFVlROTmVtc3hUWGM5UFE9PQ==,D:\github\exoneracoes_nomeacoes_dou\LAKE\RJ\2015\06\DOERJ_PARTE_I_PODER_EXECUTIVO_2015-06-25.md,D:\github\exoneracoes_nomeacoes_dou\saida\RJ\DOERJ_2015.csv,2485
menos_de_2_tokens,LEIA-SE,LEIA-SE,sim,LEIA-SE:PER,RJ,2015-06-25,nomeacao,,,,Secretario,5,Wilson Jose Witzel - Governador,Wilson Jose Witzel,Executivo estadual,https://www.ioerj.com.br/portal/modules/conteudoonline/mostra_edicao.php?session=VW1wak1VOUZXVFJOUkdOMFVXcENSRTlETURCTmFrcERURlZKZUU1RVkzUlJWRkpEVGxSQk0xSkVTa0pSVlVWNVRWUmpNMDlFVlROTmVtc3hUWGM5UFE9PQ==,D:\github\exoneracoes_nomeacoes_dou\LAKE\RJ\2015\06\DOERJ_PARTE_I_PODER_EXECUTIVO_2015-06-25.md,D:\github\exoneracoes_nomeacoes_dou\saida\RJ\DOERJ_2015.csv,2487
termo_administrativo,MÁRCIA CRISTINA SIQUEIRA DE SOUZA NO CARGO DE ENFERMEIRO,MÁRCIA CRISTINA SIQUEIRA DE SOUZA NO CARGO DE ENFERMEIRO,sim,MÁRCIA CRISTINA SIQUEIRA DE SOUZA:MISC|CARGO DE ENFERMEIRO:MISC|Márcia Cristina Siqueira:PER,RJ,2015-06-10,nomeacao,,,,,,Wilson Jose Witzel - Governador,Wilson Jose Witzel,Executivo estadual,https://www.ioerj.com.br/portal/modules/conteudoonline/mostra_edicao.php?session=VDFSR1EwNTZhRWRSYTFWMFQxUlJNVTFUTURCTk1GRTFURlZGTVU1NlozUk5NRTE1VWxWSk1sRnFXWGhTVlVwRlRWUmpNMDlFVlRSTlZFRjZUbEU5UFE9PQ==,D:\github\exoneracoes_nomeacoes_dou\LAKE\RJ\2015\06\DOERJ_DO_CAMPOS_PODER_EXECUTIVO_2015-06-10.md,D:\github\exoneracoes_nomeacoes_dou\saida\RJ\DOERJ_2015.csv,2781
termo_administrativo,ID FUNCIONAL Nº,ID FUNCIONAL Nº,sim,ID FUNCIONAL:PER,RJ,2015-06-08,nomeacao,,,,Governador,1,Wilson Jose Witzel - Governador,Wilson Jose Witzel,Executivo estadual,https://www.ioerj.com.br/portal/modules/conteudoonline/mostra_edicao.php?session=VGxSVmVVNXFSa1JSYTFWMFRsUkNRMDVwTURCU1JVWkVURlZKTWxKclZYUlNSVTVDVWtWWk1FMVVaelZSVlZreFRWUmpNMDlFVlRSTlZGRjRUV2M5UFE9PQ==,D:\github\exoneracoes_nomeacoes_dou\LAKE\RJ\2015\06\DOERJ_PARTE_I_PODER_EXECUTIVO_2015-06-08.md,D:\github\exoneracoes_nomeacoes_dou\saida\RJ\DOERJ_2015.csv,2807
menos_de_2_tokens,LEIA-SE,LEIA-SE,sim,LEIA-SE:PER,RJ,2015-06-01,nomeacao,,,,Secretario,5,Wilson Jose Witzel - Governador,Wilson Jose Witzel,Executivo estadual,https://www.ioerj.com.br/portal/modules/conteudoonline/mostra_edicao.php?session=VFRCWk1rMVVRWGRQUlVsMFRYcE5OVTVwTURCUmEwcEdURlJyZUZKRVZYUlBSR2MwVFd0S1JVNTZSa05TVkVVeVRWUmpNMDlFVlRSTmFrVXdUbmM5UFE9PQ==,D:\github\exoneracoes_nomeacoes_dou\LAKE\RJ\2015\06\DOERJ_PARTE_I_PODER_EXECUTIVO_2015-06-01.md,D:\github\exoneracoes_nomeacoes_dou\saida\RJ\DOERJ_2015.csv,2934
menos_de_2_tokens,LEIA-SE,LEIA-SE,sim,LEIA-SE:PER,RJ,2015-06-01,nomeacao,,,,Secretario,5,Wilson Jose Witzel - Governador,Wilson Jose Witzel,Executivo estadual,https://www.ioerj.com.br/portal/modules/conteudoonline/mostra_edicao.php?session=VFRCWk1rMVVRWGRQUlVsMFRYcE5OVTVwTURCUmEwcEdURlJyZUZKRVZYUlBSR2MwVFd0S1JVNTZSa05TVkVVeVRWUmpNMDlFVlRSTmFrVXdUbmM5UFE9PQ==,D:\github\exoneracoes_nomeacoes_dou\LAKE\RJ\2015\06\DOERJ_PARTE_I_PODER_EXECUTIVO_2015-06-01.md,D:\github\exoneracoes_nomeacoes_dou\saida\RJ\DOERJ_2015.csv,2935
menos_de_2_tokens,LEIA-SE,LEIA-SE,sim,LEIA-SE:PER,RJ,2015-06-01,nomeacao,,,,Secretario,5,Wilson Jose Witzel - Governador,Wilson Jose Witzel,Executivo estadual,https://www.ioerj.com.br/portal/modules/conteudoonline/mostra_edicao.php?session=VFRCWk1rMVVRWGRQUlVsMFRYcE5OVTVwTURCUmEwcEdURlJyZUZKRVZYUlBSR2MwVFd0S1JVNTZSa05TVkVVeVRWUmpNMDlFVlRSTmFrVXdUbmM5UFE9PQ==,D:\github\exoneracoes_nomeacoes_dou\LAKE\RJ\2015\06\DOERJ_PARTE_I_PODER_EXECUTIVO_2015-06-01.md,D:\github\exoneracoes_nomeacoes_dou\saida\RJ\DOERJ_2015.csv,2936
menos_de_2_tokens,LEIA-SE,LEIA-SE,sim,LEIA-SE:PER,RJ,2015-05-26,nomeacao,,,,Secretario,5,Wilson Jose Witzel - Governador,Wilson Jose Witzel,Executivo estadual,https://www.ioerj.com.br/portal/modules/conteudoonline/mostra_edicao.php?session=VW10TmQwMHdWWHBSVkZGMFVUQktRazU1TURCTmVsa3dURlJzUms5VVNYUlNha0UwVDFSa1FrNUVWa2RSZWtwQ1RWUmpNMDlFVlRST2VrbDRUMEU5UFE9PQ==,D:\github\exoneracoes_nomeacoes_dou\LAKE\RJ\2015\05\DOERJ_PARTE_I_PODER_EXECUTIVO_2015-05-26.md,D:\github\exoneracoes_nomeacoes_dou\saida\RJ\DOERJ_2015.csv,2990
menos_de_2_tokens,LEIA-SE,LEIA-SE,sim,LEIA-SE:PER,RJ,2015-05-26,nomeacao,,,,Secretario,5,Wilson Jose Witzel - Governador,Wilson Jose Witzel,Executivo estadual,https://www.ioerj.com.br/portal/modules/conteudoonline/mostra_edicao.php?session=VW10TmQwMHdWWHBSVkZGMFVUQktRazU1TURCTmVsa3dURlJzUms5VVNYUlNha0UwVDFSa1FrNUVWa2RSZWtwQ1RWUmpNMDlFVlRST2VrbDRUMEU5UFE9PQ==,D:\github\exoneracoes_nomeacoes_dou\LAKE\RJ\2015\05\DOERJ_PARTE_I_PODER_EXECUTIVO_2015-05-26.md,D:\github\exoneracoes_nomeacoes_dou\saida\RJ\DOERJ_2015.csv,2991
frase_administrativa;termo_administrativo,NOVA COMPOSIÇÃO DOS MEMBROS TITULARES E SUPLENTES,NOVA COMPOSIÇÃO DOS MEMBROS TITULARES E SUPLENTES,sim,COMPOSIÇÃO DOS MEMBROS:LOC|TITULARES:MISC|SUPLENTES:MISC|Nova Composição Dos Membros Titulares:LOC|Suplentes:PER,RJ,2015-05-26,nomeacao,,,,Secretario,5,Wilson Jose Witzel - Governador,Wilson Jose Witzel,Executivo estadual,https://www.ioerj.com.br/portal/modules/conteudoonline/mostra_edicao.php?session=VFVSb1JsRnJUa2RTVlVWMFVsUmplRkZUTURCUmFtc3dURlZLUTA0d1NYUlNSRWt5VFVSamVWSlVUa0pPUlVrelRWUmpNMDlFVlRST2VrbDRUMEU5UFE9PQ==,D:\github\exoneracoes_nomeacoes_dou\LAKE\RJ\2015\05\DOERJ_DO_CAMPOS_PODER_EXECUTIVO_2015-05-26.md,D:\github\exoneracoes_nomeacoes_dou\saida\RJ\DOERJ_2015.csv,2993
menos_de_2_tokens,LEIA-SE,LEIA-SE,sim,LEIA-SE:PER,RJ,2015-05-20,nomeacao,,,,Secretario,5,Wilson Jose Witzel - Governador,Wilson Jose Witzel,Executivo estadual,https://www.ioerj.com.br/portal/modules/conteudoonline/mostra_edicao.php?session=VGxWR1ExSnFZekZOVlVWMFRsUlZlRkZwTURCU1JFazBURlZKZDFKRVFYUlJla0UwVFZSR1IxSkVXWGRSTUUwd1RWUmpNMDlFVlRWT1JFVjZUa0U5UFE9PQ==,D:\github\exoneracoes_nomeacoes_dou\LAKE\RJ\2015\05\DOERJ_PARTE_I_PODER_EXECUTIVO_2015-05-20.md,D:\github\exoneracoes_nomeacoes_dou\saida\RJ\DOERJ_2015.csv,3099
tem_numero,11DE MAIO DE 2015 LUIZ FERNANDO DE SOUZA,11DE MAIO DE 2015 LUIZ FERNANDO DE SOUZA,sim,MAIO:MISC|LUIZ FERNANDO DE SOUZA ID:PER,RJ,2015-05-12,nomeacao,,,,Governador,1,Wilson Jose Witzel - Governador,Wilson Jose Witzel,Executivo estadual,https://www.ioerj.com.br/portal/modules/conteudoonline/mostra_edicao.php?session=VW1wVmVrMXFXa05SVkZsMFRsUkNSazVETURCT2VrVXpURlJzUkU5VlJYUk5WR3Q1VFRCVk1GRjZXWGhPUkdONlRWUmpNMDlFVlRWT2VrRXdUVkU5UFE9PQ==,D:\github\exoneracoes_nomeacoes_dou\LAKE\RJ\2015\05\DOERJ_PARTE_I_PODER_EXECUTIVO_2015-05-12.md,D:\github\exoneracoes_nomeacoes_dou\saida\RJ\DOERJ_2015.csv,3307
inicio_suspeito,POR ESCRITO,POR ESCRITO,sim,ESCRITO:PER,RJ,2015-05-11,nomeacao,para exercer o cargo de provimento em comissão de Chefe de Gabinete Parlamentar,,ORAVIO DE CAMPOS SOARES,Presidente,6,Wilson Jose Witzel - Governador,Wilson Jose Witzel,Executivo estadual,https://www.ioerj.com.br/portal/modules/conteudoonline/mostra_edicao.php?session=VG1wWk5FMTZWVEpSYWtGMFVXdEplbEY1TURCTlZHdDZURlJuZUZGVVVYUk5NRTB4VVhwRk5VMTZZekpSZWxKRFRWUmpNMDlFVlRWT2VrbDZUWGM5UFE9PQ==,D:\github\exoneracoes_nomeacoes_dou\LAKE\RJ\2015\05\DOERJ_DO_CAMPOS_PODER_EXECUTIVO_2015-05-11.md,D:\github\exoneracoes_nomeacoes_dou\saida\RJ\DOERJ_2015.csv,3365
tem_numero,CONTAR DE DE 01 A A PEDIDO BIANCA GABRIEL MAGALHÃES SILVA,CONTAR DE DE 01 A A PEDIDO BIANCA GABRIEL MAGALHÃES SILVA,sim,CONTAR:LOC|Contar:LOC|De 01:MISC|Gabriel Magalhães Silva:PER,RJ,2015-05-08,exoneracao,do cargo em comissão de Coordenador,da Subsecretaria Operacio- nal,BIANCA GABRIEL MAGALHÃES SILVA DO CARGO EM COMISSÃO DE,Coordenador,12,Wilson Jose Witzel - Governador,Wilson Jose Witzel,Executivo estadual,https://www.ioerj.com.br/portal/modules/conteudoonline/mostra_edicao.php?session=VVdwU1JrOUVZek5TYTFsMFVsUk5kMDU1TURCTlZGWkNURlZGTVU5RlVYUlJhbFpHVGxSV1IwNXJWa05PUkZVeVRWUmpNMDlFVlRWT2VrMDFUVkU5UFE9PQ==,D:\github\exoneracoes_nomeacoes_dou\LAKE\RJ\2015\05\DOERJ_PARTE_I_PODER_EXECUTIVO_2015-05-08.md,D:\github\exoneracoes_nomeacoes_dou\saida\RJ\DOERJ_2015.csv,3374
menos_de_2_tokens,LEIA-SE,LEIA-SE,sim,LEIA-SE:PER,RJ,2015-05-04,nomeacao,,,,Secretario,5,Wilson Jose Witzel - Governador,Wilson Jose Witzel,Executivo estadual,https://www.ioerj.com.br/portal/modules/conteudoonline/mostra_edicao.php?session=VGtSak1sSkZUVEZQUlVsMFQxUm5NVkZUTURCU1ZHTTFURlJyTVUxRVNYUk9ha2w0VDFSQ1JsRnFSa2RPUkVVeVRWUmpNMDlFV1hkT1JFa3dUV2M5UFE9PQ==,D:\github\exoneracoes_nomeacoes_dou\LAKE\RJ\2015\05\DOERJ_PARTE_I_PODER_EXECUTIVO_2015-05-04.md,D:\github\exoneracoes_nomeacoes_dou\saida\RJ\DOERJ_2015.csv,3478
termo_administrativo,LUISA LIMA MARTINS NO CARGO DE ASSESSOR TÉCNICO. - A MESMA DEVERÁ COMPARECER NA,LUISA LIMA MARTINS NO CARGO DE ASSESSOR TÉCNICO. - A MESMA DEVERÁ COMPARECER NA,sim,LIMA MARTINS:MISC|CARGO DE ASSESSOR TÉCNICO:MISC|MESMA DEVERÁ:MISC|Luisa Lima Martins No:PER,RJ,2015-04-24,nomeacao,,,,,,Wilson Jose Witzel - Governador,Wilson Jose Witzel,Executivo estadual,https://www.ioerj.com.br/portal/modules/conteudoonline/mostra_edicao.php?session=VG1wc1JrMVVRWGhOYWxGMFVtdFJlVkZwTURCUlZFSkVURlZKTUU5RVozUk5SR015VG5wbmVsRjZUWGxQVkZKQ1RWUmpNMDlFV1hkT1ZGbDRUMUU5UFE9PQ==,D:\github\exoneracoes_nomeacoes_dou\LAKE\RJ\2015\04\DOERJ_DO_CAMPOS_PODER_EXECUTIVO_2015-04-24.md,D:\github\exoneracoes_nomeacoes_dou\saida\RJ\DOERJ_2015.csv,3589
menos_de_2_tokens,LEIA-SE,LEIA-SE,sim,LEIA-SE:PER,RJ,2015-04-16,nomeacao,,,,Secretario,5,Wilson Jose Witzel - Governador,Wilson Jose Witzel,Executivo estadual,https://www.ioerj.com.br/portal/modules/conteudoonline/mostra_edicao.php?session=VG1wc1IwNXFXVEZOUlVsMFRsUm9SbEpUTURCU1ZHczBURlJzUkZFd1VYUlJhbVJHVW10U1JrOUZXVEJTVlVVelRWUmpNMDlFV1hkT2VsRXdUVkU5UFE9PQ==,D:\github\exoneracoes_nomeacoes_dou\LAKE\RJ\2015\04\DOERJ_PARTE_I_PODER_EXECUTIVO_2015-04-16.md,D:\github\exoneracoes_nomeacoes_dou\saida\RJ\DOERJ_2015.csv,3752
menos_de_2_tokens,LEIA-SE,LEIA-SE,sim,LEIA-SE:PER,RJ,2015-04-16,nomeacao,,,,Secretario,5,Wilson Jose Witzel - Governador,Wilson Jose Witzel,Executivo estadual,https://www.ioerj.com.br/portal/modules/conteudoonline/mostra_edicao.php?session=VG1wc1IwNXFXVEZOUlVsMFRsUm9SbEpUTURCU1ZHczBURlJzUkZFd1VYUlJhbVJHVW10U1JrOUZXVEJTVlVVelRWUmpNMDlFV1hkT2VsRXdUVkU5UFE9PQ==,D:\github\exoneracoes_nomeacoes_dou\LAKE\RJ\2015\04\DOERJ_PARTE_I_PODER_EXECUTIVO_2015-04-16.md,D:\github\exoneracoes_nomeacoes_dou\saida\RJ\DOERJ_2015.csv,3753
menos_de_2_tokens,LEIA-SE,LEIA-SE,sim,LEIA-SE:PER,RJ,2015-04-16,nomeacao,,,,Secretario,5,Wilson Jose Witzel - Governador,Wilson Jose Witzel,Executivo estadual,https://www.ioerj.com.br/portal/modules/conteudoonline/mostra_edicao.php?session=VG1wc1IwNXFXVEZOUlVsMFRsUm9SbEpUTURCU1ZHczBURlJzUkZFd1VYUlJhbVJHVW10U1JrOUZXVEJTVlVVelRWUmpNMDlFV1hkT2VsRXdUVkU5UFE9PQ==,D:\github\exoneracoes_nomeacoes_dou\LAKE\RJ\2015\04\DOERJ_PARTE_I_PODER_EXECUTIVO_2015-04-16.md,D:\github\exoneracoes_nomeacoes_dou\saida\RJ\DOERJ_2015.csv,3754
menos_de_2_tokens,LEIA-SE,LEIA-SE,sim,LEIA-SE:PER,RJ,2015-04-16,nomeacao,,,,Secretario,5,Wilson Jose Witzel - Governador,Wilson Jose Witzel,Executivo estadual,https://www.ioerj.com.br/portal/modules/conteudoonline/mostra_edicao.php?session=VG1wc1IwNXFXVEZOUlVsMFRsUm9SbEpUTURCU1ZHczBURlJzUkZFd1VYUlJhbVJHVW10U1JrOUZXVEJTVlVVelRWUmpNMDlFV1hkT2VsRXdUVkU5UFE9PQ==,D:\github\exoneracoes_nomeacoes_dou\LAKE\RJ\2015\04\DOERJ_PARTE_I_PODER_EXECUTIVO_2015-04-16.md,D:\github\exoneracoes_nomeacoes_dou\saida\RJ\DOERJ_2015.csv,3755
menos_de_2_tokens,LEIA-SE,LEIA-SE,sim,LEIA-SE:PER,RJ,2015-04-16,nomeacao,,,,Secretario,5,Wilson Jose Witzel - Governador,Wilson Jose Witzel,Executivo estadual,https://www.ioerj.com.br/portal/modules/conteudoonline/mostra_edicao.php?session=VG1wc1IwNXFXVEZOUlVsMFRsUm9SbEpUTURCU1ZHczBURlJzUkZFd1VYUlJhbVJHVW10U1JrOUZXVEJTVlVVelRWUmpNMDlFV1hkT2VsRXdUVkU5UFE9PQ==,D:\github\exoneracoes_nomeacoes_dou\LAKE\RJ\2015\04\DOERJ_PARTE_I_PODER_EXECUTIVO_2015-04-16.md,D:\github\exoneracoes_nomeacoes_dou\saida\RJ\DOERJ_2015.csv,3756
menos_de_2_tokens,LEIA-SE,LEIA-SE,sim,LEIA-SE:PER,RJ,2015-04-15,nomeacao,,,,Secretario,5,Wilson Jose Witzel - Governador,Wilson Jose Witzel,Executivo estadual,https://www.ioerj.com.br/portal/modules/conteudoonline/mostra_edicao.php?session=VFdwc1FrMXFXa2RPTUVsMFRrVmFSRTE1TURCT1JHaEZURlJzUjFGNmEzUk5hMGt6VVZSQ1JsSnFXWGhOUkVKRFRWUmpNMDlFV1hkT2Vsa3hUMEU5UFE9PQ==,D:\github\exoneracoes_nomeacoes_dou\LAKE\RJ\2015\04\DOERJ_PARTE_I_PODER_EXECUTIVO_2015-04-15.md,D:\github\exoneracoes_nomeacoes_dou\saida\RJ\DOERJ_2015.csv,3760
tem_numero,MAT. 19536 GESTORA DE TODOS OS CONTRATOS REFERENTES A ALUGUERES,MAT. 19536 GESTORA DE TODOS OS CONTRATOS REFERENTES A ALUGUERES,sim,MAT:MISC|GESTORA:MISC|TODOS OS CONTRATOS REFERENTES:MISC|ALUGUERES:MISC|Mat:PER,RJ,2015-04-07,nomeacao,,,,Secretario,5,Wilson Jose Witzel - Governador,Wilson Jose Witzel,Executivo estadual,https://www.ioerj.com.br/portal/modules/conteudoonline/mostra_edicao.php?session=VFRCWk1rNVVVVFZQUkVWMFRVVkZlazVUTURCTlZFRjVURlZHUkUxVVVYUlBWRVpDVVRCSk5FMVVRVEZPYWswelRWUmpNMDlFV1hoTlJHTXpUMUU5UFE9PQ==,D:\github\exoneracoes_nomeacoes_dou\LAKE\RJ\2015\04\DOERJ_DO_CAMPOS_PODER_EXECUTIVO_2015-04-07.md,D:\github\exoneracoes_nomeacoes_dou\saida\RJ\DOERJ_2015.csv,3917
tem_numero;frase_administrativa,LUIS AUGUSTO DE BARROS SISTENTE A CONTAR DE 20 DE MARÇO DE,LUIS AUGUSTO DE BARROS SISTENTE A CONTAR DE 20 DE MARÇO DE,sim,LUIS AUGUSTO:ORG|A CONTAR:MISC|MARÇO DE:MISC|Luis Augusto De Barros Sistente:PER,RJ,2015-03-25,exoneracao,do cargo em comissão de As- II,da Subsecretaria da,,Governador,1,Wilson Jose Witzel - Governador,Wilson Jose Witzel,Executivo estadual,https://www.ioerj.com.br/portal/modules/conteudoonline/mostra_edicao.php?session=VDBSTmVVMVVTWGxQUlVWMFVUQktSazFETURCTlJFRXlURlZGTlU1RlJYUk9hMVY2VDFSRk1FNUVZM3BPUkd0NVRWUmpNMDlFV1hoTmFrMDFUVUU5UFE9PQ==,D:\github\exoneracoes_nomeacoes_dou\LAKE\RJ\2015\03\DOERJ_PARTE_I_PODER_EXECUTIVO_2015-03-25.md,D:\github\exoneracoes_nomeacoes_dou\saida\RJ\DOERJ_2015.csv,4088
tem_numero,MAT. 18348,MAT. 18348,sim,MAT:MISC|Mat:PER,RJ,2015-02-19,nomeacao,,,,Secretario,5,Wilson Jose Witzel - Governador,Wilson Jose Witzel,Executivo estadual,https://www.ioerj.com.br/portal/modules/conteudoonline/mostra_edicao.php?session=VVhwV1EwMUVSa1JPUkdOMFVtcFplVkpwTURCUFZHUkdURlJyZUZKRlNYUk9lbGw0VWtWTmVrNVZVWHBQVkdNMFRWUmpNMDlFV1hsTmFrbDVUa0U5UFE9PQ==,D:\github\exoneracoes_nomeacoes_dou\LAKE\RJ\2015\02\DOERJ_DO_CAMPOS_PODER_EXECUTIVO_2015-02-19.md,D:\github\exoneracoes_nomeacoes_dou\saida\RJ\DOERJ_2015.csv,4807
tem_numero;termo_administrativo,ID FUNCIONAL Nº4462546-4,ID FUNCIONAL Nº4462546-4,sim,ID FUNCIONAL:PER,RJ,2015-02-06,exoneracao,do cargo em comissão de Vice-Presidente,da Fundação Leão XIII,,Governador,1,Wilson Jose Witzel - Governador,Wilson Jose Witzel,Executivo estadual,https://www.ioerj.com.br/portal/modules/conteudoonline/mostra_edicao.php?session=VVdwb1JFMHdTVFZPVkZsMFRsVkpOVTVETURCTmVteEhURlJuTTFGclRYUk9hMDB3VVRCR1FsSnFVVEJOZWxGM1RWUmpNMDlFV1hsTmVsRTBUVUU5UFE9PQ==,D:\github\exoneracoes_nomeacoes_dou\LAKE\RJ\2015\02\DOERJ_PARTE_I_PODER_EXECUTIVO_2015-02-06.md,D:\github\exoneracoes_nomeacoes_dou\saida\RJ\DOERJ_2015.csv,5078
menos_de_2_tokens,LEIA-SE,LEIA-SE,sim,LEIA-SE:PER,RJ,2015-02-06,nomeacao,,,,Secretario,5,Wilson Jose Witzel - Governador,Wilson Jose Witzel,Executivo estadual,https://www.ioerj.com.br/portal/modules/conteudoonline/mostra_edicao.php?session=VVdwb1JFMHdTVFZPVkZsMFRsVkpOVTVETURCTmVteEhURlJuTTFGclRYUk9hMDB3VVRCR1FsSnFVVEJOZWxGM1RWUmpNMDlFV1hsTmVsRTBUVUU5UFE9PQ==,D:\github\exoneracoes_nomeacoes_dou\LAKE\RJ\2015\02\DOERJ_PARTE_I_PODER_EXECUTIVO_2015-02-06.md,D:\github\exoneracoes_nomeacoes_dou\saida\RJ\DOERJ_2015.csv,5145
menos_de_2_tokens,LEIA-SE,LEIA-SE,sim,LEIA-SE:PER,RJ,2015-02-06,nomeacao,,,,Secretario,5,Wilson Jose Witzel - Governador,Wilson Jose Witzel,Executivo estadual,https://www.ioerj.com.br/portal/modules/conteudoonline/mostra_edicao.php?session=VVdwb1JFMHdTVFZPVkZsMFRsVkpOVTVETURCTmVteEhURlJuTTFGclRYUk9hMDB3VVRCR1FsSnFVVEJOZWxGM1RWUmpNMDlFV1hsTmVsRTBUVUU5UFE9PQ==,D:\github\exoneracoes_nomeacoes_dou\LAKE\RJ\2015\02\DOERJ_PARTE_I_PODER_EXECUTIVO_2015-02-06.md,D:\github\exoneracoes_nomeacoes_dou\saida\RJ\DOERJ_2015.csv,5146
tem_numero;termo_administrativo,ID FUNCIONAL Nº 6064280,ID FUNCIONAL Nº 6064280,sim,ID FUNCIONAL:PER,RJ,2015-02-05,exoneracao,do cargo em comissão de Coordenador,,,Secretario,5,Wilson Jose Witzel - Governador,Wilson Jose Witzel,Executivo estadual,https://www.ioerj.com.br/portal/modules/conteudoonline/mostra_edicao.php?session=VWtSQk5FMTZUWGxPZW10MFRVVktSbEY1TURCT2ExcEVURlZHUWs1VVNYUlJWVmswVDFSTk5GRXdWVEJOUkVwSFRWUmpNMDlFV1hsTmVtTjZUMUU5UFE9PQ==,D:\github\exoneracoes_nomeacoes_dou\LAKE\RJ\2015\02\DOERJ_PARTE_I_PODER_EXECUTIVO_2015-02-05.md,D:\github\exoneracoes_nomeacoes_dou\saida\RJ\DOERJ_2015.csv,5202
tem_numero;termo_administrativo,ID FUNCIONAL Nº 2027274-0,ID FUNCIONAL Nº 2027274-0,sim,ID FUNCIONAL:PER,RJ,2015-02-05,exoneracao,do cargo em comissão de Assistente,,,Secretario,5,Wilson Jose Witzel - Governador,Wilson Jose Witzel,Executivo estadual,https://www.ioerj.com.br/portal/modules/conteudoonline/mostra_edicao.php?session=VWtSQk5FMTZUWGxPZW10MFRVVktSbEY1TURCT2ExcEVURlZHUWs1VVNYUlJWVmswVDFSTk5GRXdWVEJOUkVwSFRWUmpNMDlFV1hsTmVtTjZUMUU5UFE9PQ==,D:\github\exoneracoes_nomeacoes_dou\LAKE\RJ\2015\02\DOERJ_PARTE_I_PODER_EXECUTIVO_2015-02-05.md,D:\github\exoneracoes_nomeacoes_dou\saida\RJ\DOERJ_2015.csv,5245
tem_numero;termo_administrativo,ID FUNCIONAL Nº 418341-4,ID FUNCIONAL Nº 418341-4,sim,ID FUNCIONAL:PER,RJ,2015-02-05,exoneracao,do cargo em comissão de Gerente de Divisão,do Instituto de Pesos e Medidas do Estado do Rio de Janeiro - IPEM/RJ,,Secretario,5,Wilson Jose Witzel - Governador,Wilson Jose Witzel,Executivo estadual,https://www.ioerj.com.br/portal/modules/conteudoonline/mostra_edicao.php?session=VWtSQk5FMTZUWGxPZW10MFRVVktSbEY1TURCT2ExcEVURlZHUWs1VVNYUlJWVmswVDFSTk5GRXdWVEJOUkVwSFRWUmpNMDlFV1hsTmVtTjZUMUU5UFE9PQ==,D:\github\exoneracoes_nomeacoes_dou\LAKE\RJ\2015\02\DOERJ_PARTE_I_PODER_EXECUTIVO_2015-02-05.md,D:\github\exoneracoes_nomeacoes_dou\saida\RJ\DOERJ_2015.csv,5249
tem_numero;termo_administrativo,ID FUNCIONAL Nº4265362-2,ID FUNCIONAL Nº4265362-2,sim,ID FUNCIONAL:PER,RJ,2015-02-02,exoneracao,do cargo em comissão de Diretor,do Instituto Estadual do Ambiente - INEA,,Governador,1,Wilson Jose Witzel - Governador,Wilson Jose Witzel,Executivo estadual,https://www.ioerj.com.br/portal/modules/conteudoonline/mostra_edicao.php?session=VFZSWk5FNUZWa1JTYTBWMFRXdEplVTU1TURCTlZVVjRURlJuZVUxVlJYUlNWVmw0VG5wWk1rNUVSVFZPYW1Nd1RWUmpNMDlFV1hsT1JGVTFUV2M5UFE9PQ==,D:\github\exoneracoes_nomeacoes_dou\LAKE\RJ\2015\02\DOERJ_PARTE_I_PODER_EXECUTIVO_2015-02-02.md,D:\github\exoneracoes_nomeacoes_dou\saida\RJ\DOERJ_2015.csv,5378
tem_numero;termo_administrativo,ID FUNCIONAL Nº4265362-2,ID FUNCIONAL Nº4265362-2,sim,ID FUNCIONAL:PER,RJ,2015-02-02,nomeacao,,da Superintendência de Articulação Institucional,,Governador,1,Wilson Jose Witzel - Governador,Wilson Jose Witzel,Executivo estadual,https://www.ioerj.com.br/portal/modules/conteudoonline/mostra_edicao.php?session=VFZSWk5FNUZWa1JTYTBWMFRXdEplVTU1TURCTlZVVjRURlJuZVUxVlJYUlNWVmw0VG5wWk1rNUVSVFZPYW1Nd1RWUmpNMDlFV1hsT1JGVTFUV2M5UFE9PQ==,D:\github\exoneracoes_nomeacoes_dou\LAKE\RJ\2015\02\DOERJ_PARTE_I_PODER_EXECUTIVO_2015-02-02.md,D:\github\exoneracoes_nomeacoes_dou\saida\RJ\DOERJ_2015.csv,5379
tem_numero;termo_administrativo,ID FUNCIONAL Nº 21481644,ID FUNCIONAL Nº 21481644,sim,ID FUNCIONAL:PER,RJ,2015-01-28,exoneracao,do cargo em comissão de Chefe de Serviço,do Instituto Estadual do Ambiente - INEA,,Governador,1,Wilson Jose Witzel - Governador,Wilson Jose Witzel,Executivo estadual,https://www.ioerj.com.br/portal/modules/conteudoonline/mostra_edicao.php?session=VGxSTk1rMVVUa1JSYWxWMFQwUkdSbEZUTURCTmFsWkdURlZGTWs5RlVYUlBSRVY0VG1wTmVVOVZXa1ZSYWtVMFRWUmpNMDlFV1hsT1ZFMHdUV2M5UFE9PQ==,D:\github\exoneracoes_nomeacoes_dou\LAKE\RJ\2015\01\DOERJ_PARTE_I_PODER_EXECUTIVO_2015-01-28.md,D:\github\exoneracoes_nomeacoes_dou\saida\RJ\DOERJ_2015.csv,5505
termo_administrativo,ASSISTENTE SOCIAL,ASSISTENTE SOCIAL,sim,Assistente Social:PER,RJ,2015-01-28,exoneracao,do cargo em comissão de Coordenador,da Subsecretaria-Adjunta de Tratamento Penitenciário,,Secretario,5,Wilson Jose Witzel - Governador,Wilson Jose Witzel,Executivo estadual,https://www.ioerj.com.br/portal/modules/conteudoonline/mostra_edicao.php?session=VGxSTk1rMVVUa1JSYWxWMFQwUkdSbEZUTURCTmFsWkdURlZGTWs5RlVYUlBSRVY0VG1wTmVVOVZXa1ZSYWtVMFRWUmpNMDlFV1hsT1ZFMHdUV2M5UFE9PQ==,D:\github\exoneracoes_nomeacoes_dou\LAKE\RJ\2015\01\DOERJ_PARTE_I_PODER_EXECUTIVO_2015-01-28.md,D:\github\exoneracoes_nomeacoes_dou\saida\RJ\DOERJ_2015.csv,5510
termo_administrativo,GABINETE DO VICE PREFEITO E,GABINETE DO VICE PREFEITO E,sim,GABINETE DO:LOC|Gabinete Do Vice Prefeito:PER,RJ,2015-01-14,nomeacao,,,,Secretario,5,Wilson Jose Witzel - Governador,Wilson Jose Witzel,Executivo estadual,https://www.ioerj.com.br/portal/modules/conteudoonline/mostra_edicao.php?session=VWxSak1FNUVRWGhQUkZsMFRXcGFSVTU1TURCUk1FMDFURlZKTTFKRlVYUlJha0UxVVdwTmVsSnJXa0pOZW1zd1RWUmpNMDlFV1hwTlJHY3lUWGM5UFE9PQ==,D:\github\exoneracoes_nomeacoes_dou\LAKE\RJ\2015\01\DOERJ_DO_CAMPOS_PODER_EXECUTIVO_2015-01-14.md,D:\github\exoneracoes_nomeacoes_dou\saida\RJ\DOERJ_2015.csv,5859
tem_numero;termo_administrativo,ID FUNCIONAL Nº5007966-2,ID FUNCIONAL Nº5007966-2,sim,ID FUNCIONAL:PER,RJ,2015-01-07,exoneracao,do cargo em comissão de Assessor-Chefe,,,Secretario,5,Wilson Jose Witzel - Governador,Wilson Jose Witzel,Executivo estadual,https://www.ioerj.com.br/portal/modules/conteudoonline/mostra_edicao.php?session=VGxWRk5VMXFUa2RPVkUxMFRqQlNSVTVUTURCUlZGcERURlJyZDA5VlVYUk5SRVV5VWtWUk5WRlZUVE5OVlVVeVRWUmpNMDlFV1hwT1ZGVXdUMEU5UFE9PQ==,D:\github\exoneracoes_nomeacoes_dou\LAKE\RJ\2015\01\DOERJ_PARTE_I_PODER_EXECUTIVO_2015-01-07.md,D:\github\exoneracoes_nomeacoes_dou\saida\RJ\DOERJ_2015.csv,6084
tem_numero;termo_administrativo,ID FUNCIONAL Nº 1952963-5,ID FUNCIONAL Nº 1952963-5,sim,ID FUNCIONAL:PER,RJ,2015-01-05,exoneracao,do cargo em comissão de Consultor Geral Tributário,,,Governador,1,Wilson Jose Witzel - Governador,Wilson Jose Witzel,Executivo estadual,https://www.ioerj.com.br/portal/modules/conteudoonline/mostra_edicao.php?session=VVZWVmVsRlVXWGRPYW10MFVWVlNRazFETURCT01Fa3hURlZKZDA5RVFYUk9la1pHVFRCWmVFMXFhRVZQVlVrelRWUmpNMDlFV1hwT2FrVjVUbmM5UFE9PQ==,D:\github\exoneracoes_nomeacoes_dou\LAKE\RJ\2015\01\DOERJ_PARTE_I_PODER_EXECUTIVO_2015-01-05.md,D:\github\exoneracoes_nomeacoes_dou\saida\RJ\DOERJ_2015.csv,6220
frase_administrativa;termo_administrativo,ELIAS JOSE RABHA DO CARGO EM COMISSÃO DE ASSESSOR,ELIAS JOSE RABHA DO CARGO EM COMISSÃO DE ASSESSOR,sim,ELIAS JOSE RABHA DO CARGO:PER,RJ,2015-01-05,nomeacao,do cargo em comissão de Assessor,,,Governador,1,Wilson Jose Witzel - Governador,Wilson Jose Witzel,Executivo estadual,https://www.ioerj.com.br/portal/modules/conteudoonline/mostra_edicao.php?session=VVZWVmVsRlVXWGRPYW10MFVWVlNRazFETURCT01Fa3hURlZKZDA5RVFYUk9la1pHVFRCWmVFMXFhRVZQVlVrelRWUmpNMDlFV1hwT2FrVjVUbmM5UFE9PQ==,D:\github\exoneracoes_nomeacoes_dou\LAKE\RJ\2015\01\DOERJ_PARTE_I_PODER_EXECUTIVO_2015-01-05.md,D:\github\exoneracoes_nomeacoes_dou\saida\RJ\DOERJ_2015.csv,6238
termo_administrativo;muito_longo,TAMIRIS BATISTA VITORINO NO CARGO DE ASSESSOR TÉCNICO. A MESMA DEVERÁ COMPARECER NA,TAMIRIS BATISTA VITORINO NO CARGO DE ASSESSOR TÉCNICO. A MESMA DEVERÁ COMPARECER NA,sim,BATISTA VITORINO:MISC|CARGO DE ASSESSOR TÉCNICO:MISC|MESMA DEVERÁ COMPARECER:MISC|Tamiris Batista Vitorino:PER,RJ,2016-12-30,nomeacao,,,,,,Wilson Jose Witzel - Governador,Wilson Jose Witzel,Executivo estadual,https://www.ioerj.com.br/portal/modules/conteudoonline/mostra_edicao.php?session=VFRCRk5GSkVhRVpPZW10MFRWUkNSMDVUTURCUlZFcEdURlZGTlZGNldYUlNSR3hDVGxSamQxSkVhekpQVlUweFRWUmpNMDlFVVRCUFZHY3pUbWM5UFE9PQ==,D:\github\exoneracoes_nomeacoes_dou\LAKE\RJ\2016\12\DOERJ_DO_CAMPOS_PODER_EXECUTIVO_2016-12-30.md,D:\github\exoneracoes_nomeacoes_dou\saida\RJ\DOERJ_2016.csv,16
tem_numero;termo_administrativo,ID FUNCIONAL Nº 2878444-8,ID FUNCIONAL Nº 2878444-8,sim,ID FUNCIONAL:PER,RJ,2016-12-27,nomeacao,para exercer o cargo em comissão de Assistente III,da Fundação Teatro Municipal do Rio de Janeiro -FTM/RJ,,Governador,1,Wilson Jose Witzel - Governador,Wilson Jose Witzel,Executivo estadual,https://www.ioerj.com.br/portal/modules/conteudoonline/mostra_edicao.php?session=VVdwc1JGRlVWVFZQVkUxMFRXcFZlVTU1TURCT1JHUkRURlJvUWsxRVJYUk9hbVJDVVhwR1JVNTZSVFJSZWtKRVRWUmpNMDlFVVRGTlZHZDNUVkU5UFE9PQ==,D:\github\exoneracoes_nomeacoes_dou\LAKE\RJ\2016\12\DOERJ_PARTE_I_PODER_EXECUTIVO_COMPLEMENTAR_2_2016-12-27.md,D:\github\exoneracoes_nomeacoes_dou\saida\RJ\DOERJ_2016.csv,84
termo_administrativo,EDISON ELIAS BOTHOMÉ JUNIOR NO CARGO DE OFICIAL DE CARTÓRIO,EDISON ELIAS BOTHOMÉ JUNIOR NO CARGO DE OFICIAL DE CARTÓRIO,sim,EDISON ELIAS:MISC|CARGO DE OFICIAL:MISC|CARTÓRIO:MISC|Edison Elias Bothomé Junior:PER,RJ,2016-12-19,nomeacao,,,,Secretario,5,Wilson Jose Witzel - Governador,Wilson Jose Witzel,Executivo estadual,https://www.ioerj.com.br/portal/modules/conteudoonline/mostra_edicao.php?session=VFVWSmVFOVVTWHBPYWxWMFRXdEpkMUZwTURCTlZFbDZURlJuTVZGVlVYUk9NRVV3VWtSVk1VNTZhRVpSYWtWNlRWUmpNMDlFVVRGT1JGRXdUVkU5UFE9PQ==,D:\github\exoneracoes_nomeacoes_dou\LAKE\RJ\2016\12\DOERJ_PARTE_I_PODER_EXECUTIVO_2016-12-19.md,D:\github\exoneracoes_nomeacoes_dou\saida\RJ\DOERJ_2016.csv,107
termo_administrativo,ROSANA ROSA RIBEIRO NO CARGO DE ASSESSOR TÉCNICO. A MESMA DEVERÁ COMPARECER NA,ROSANA ROSA RIBEIRO NO CARGO DE ASSESSOR TÉCNICO. A MESMA DEVERÁ COMPARECER NA,sim,ROSA RIBEIRO:PER,RJ,2016-12-13,nomeacao,,,,,,Wilson Jose Witzel - Governador,Wilson Jose Witzel,Executivo estadual,https://www.ioerj.com.br/portal/modules/conteudoonline/mostra_edicao.php?session=VFRCTk1rNUVRWGRPYWxGMFVXcG5lVkpETURCT1JGRXpURlJyTVZGcVFYUk9hMVpFVG1wWk5WRlVUWGRPUlZFelRWUmpNMDlFVVRGT1ZGazFUMUU5UFE9PQ==,D:\github\exoneracoes_nomeacoes_dou\LAKE\RJ\2016\12\DOERJ_DO_CAMPOS_PODER_EXECUTIVO_2016-12-13.md,D:\github\exoneracoes_nomeacoes_dou\saida\RJ\DOERJ_2016.csv,183
termo_administrativo,ANDRESSA SANTOS TARDEM NO CARGO DE BIÓLOGO. A MESMA DEVERÁ COMPARECER NA,ANDRESSA SANTOS TARDEM NO CARGO DE BIÓLOGO. A MESMA DEVERÁ COMPARECER NA,sim,ANDRESSA SANTOS:MISC|MESMA DEVERÁ COMPARECER:MISC|Andressa Santos Tardem:PER,RJ,2016-11-24,nomeacao,,,,,,Wilson Jose Witzel - Governador,Wilson Jose Witzel,Executivo estadual,https://www.ioerj.com.br/portal/modules/conteudoonline/mostra_edicao.php?session=VVdwQ1FsSlZVa05QVkVWMFVsUnNSazVETURCUlZHeEhURlJvUlU1VlRYUk9hMDE1VWtSc1IwNXJTVEJOVlVsNFRWUmpNMDlFVVRGUFJHdDVUMUU5UFE9PQ==,D:\github\exoneracoes_nomeacoes_dou\LAKE\RJ\2016\11\DOERJ_DO_CAMPOS_PODER_EXECUTIVO_2016-11-24.md,D:\github\exoneracoes_nomeacoes_dou\saida\RJ\DOERJ_2016.csv,295
termo_administrativo;muito_longo,MARCUS VINÍCIUS MARIO MIRANDA NO CARGO DE MÉDICO INFECTOLOGISTA/ADULTO. O MESMO DEVERÁ COMPARECER NA,MARCUS VINÍCIUS MARIO MIRANDA NO CARGO DE MÉDICO INFECTOLOGISTA/ADULTO. O MESMO DEVERÁ COMPARECER NA,sim,MARCUS VINÍCIUS MARIO MIRANDA:PER,RJ,2016-11-24,nomeacao,,,,,,Wilson Jose Witzel - Governador,Wilson Jose Witzel,Executivo estadual,https://www.ioerj.com.br/portal/modules/conteudoonline/mostra_edicao.php?session=VVdwQ1FsSlZVa05QVkVWMFVsUnNSazVETURCUlZHeEhURlJvUlU1VlRYUk9hMDE1VWtSc1IwNXJTVEJOVlVsNFRWUmpNMDlFVVRGUFJHdDVUMUU5UFE9PQ==,D:\github\exoneracoes_nomeacoes_dou\LAKE\RJ\2016\11\DOERJ_DO_CAMPOS_PODER_EXECUTIVO_2016-11-24.md,D:\github\exoneracoes_nomeacoes_dou\saida\RJ\DOERJ_2016.csv,296
termo_administrativo;muito_longo,CRISTIANE ABILIO FREITAS BRAGA NO CARGO DE FARMACÊUTICO-BIOQUÍMICO. - A MESMA DEVERÁ COMPARECER NA,CRISTIANE ABILIO FREITAS BRAGA NO CARGO DE FARMACÊUTICO-BIOQUÍMICO. - A MESMA DEVERÁ COMPARECER NA,sim,CRISTIANE ABILIO FREITAS BRAGA:MISC|CARGO DE FARMACÊUTICO-BIOQUÍMICO:MISC|MESMA DEVERÁ:MISC|Cristiane Abilio Freitas Braga:PER,RJ,2016-11-24,nomeacao,,,,,,Wilson Jose Witzel - Governador,Wilson Jose Witzel,Executivo estadual,https://www.ioerj.com.br/portal/modules/conteudoonline/mostra_edicao.php?session=VVdwQ1FsSlZVa05QVkVWMFVsUnNSazVETURCUlZHeEhURlJvUlU1VlRYUk9hMDE1VWtSc1IwNXJTVEJOVlVsNFRWUmpNMDlFVVRGUFJHdDVUMUU5UFE9PQ==,D:\github\exoneracoes_nomeacoes_dou\LAKE\RJ\2016\11\DOERJ_DO_CAMPOS_PODER_EXECUTIVO_2016-11-24.md,D:\github\exoneracoes_nomeacoes_dou\saida\RJ\DOERJ_2016.csv,297
termo_administrativo;muito_longo,VIVIAN DE MELO FONSECA NO CARGO DE FARMACÊUTICO-BIOQUÍMICO. A MESMA DEVERÁ COMPARECER NA,VIVIAN DE MELO FONSECA NO CARGO DE FARMACÊUTICO-BIOQUÍMICO. A MESMA DEVERÁ COMPARECER NA,sim,DE MELO FONSECA NO:MISC|CARGO DE FARMACÊUTICO-BIOQUÍMICO:MISC|MESMA DEVERÁ COMPARECER:MISC|Vivian De Melo Fonseca:PER,RJ,2016-11-22,nomeacao,,,,,,Wilson Jose Witzel - Governador,Wilson Jose Witzel,Executivo estadual,https://www.ioerj.com.br/portal/modules/conteudoonline/mostra_edicao.php?session=VFRCTmQxRnJTVEpOTUZsMFRWUlJlazE1TURCTk1FcENURlJyZWsxcVNYUlJhMFpEVFd0Sk1FOUVXa05PUkU1RlRWUmpNMDlFVVRGUFZGRXhUMUU5UFE9PQ==,D:\github\exoneracoes_nomeacoes_dou\LAKE\RJ\2016\11\DOERJ_DO_CAMPOS_PODER_EXECUTIVO_2016-11-22.md,D:\github\exoneracoes_nomeacoes_dou\saida\RJ\DOERJ_2016.csv,312
termo_administrativo;muito_longo,LIANA VIEIRA ROCHA NO CARGO DE FARMACÊUTICO-BIOQUÍMICO. - A MESMA DEVERÁ COMPARECER NA,LIANA VIEIRA ROCHA NO CARGO DE FARMACÊUTICO-BIOQUÍMICO. - A MESMA DEVERÁ COMPARECER NA,sim,LIANA VIEIRA ROCHA:PER,RJ,2016-11-22,nomeacao,,,,,,Wilson Jose Witzel - Governador,Wilson Jose Witzel,Executivo estadual,https://www.ioerj.com.br/portal/modules/conteudoonline/mostra_edicao.php?session=VFRCTmQxRnJTVEpOTUZsMFRWUlJlazE1TURCTk1FcENURlJyZWsxcVNYUlJhMFpEVFd0Sk1FOUVXa05PUkU1RlRWUmpNMDlFVVRGUFZGRXhUMUU5UFE9PQ==,D:\github\exoneracoes_nomeacoes_dou\LAKE\RJ\2016\11\DOERJ_DO_CAMPOS_PODER_EXECUTIVO_2016-11-22.md,D:\github\exoneracoes_nomeacoes_dou\saida\RJ\DOERJ_2016.csv,313
menos_de_2_tokens,LEIA-SE,LEIA-SE,sim,LEIA-SE:PER,RJ,2016-11-21,nomeacao,,,,Secretario,5,Wilson Jose Witzel - Governador,Wilson Jose Witzel,Executivo estadual,https://www.ioerj.com.br/portal/modules/conteudoonline/mostra_edicao.php?session=VGtSR1JrMTZTVEZPYWxGMFRrUkNRMDlUTURCU1JVbDVURlJyZDAxcVVYUk9hbU4zVVZWVk1GRlVUa1JPVlZwRVRWUmpNMDlFVVRGUFZHTjNUbWM5UFE9PQ==,D:\github\exoneracoes_nomeacoes_dou\LAKE\RJ\2016\11\DOERJ_PARTE_I_PODER_EXECUTIVO_2016-11-21.md,D:\github\exoneracoes_nomeacoes_dou\saida\RJ\DOERJ_2016.csv,334
tem_numero,LEIA-SE: 'MATRÍCULA Nº 39.725-7,LEIA-SE: 'MATRÍCULA Nº 39.725-7,sim,LEIA-SE:PER,RJ,2016-11-21,nomeacao,,,,Secretario,5,Wilson Jose Witzel - Governador,Wilson Jose Witzel,Executivo estadual,https://www.ioerj.com.br/portal/modules/conteudoonline/mostra_edicao.php?session=VGtSR1JrMTZTVEZPYWxGMFRrUkNRMDlUTURCU1JVbDVURlJyZDAxcVVYUk9hbU4zVVZWVk1GRlVUa1JPVlZwRVRWUmpNMDlFVVRGUFZHTjNUbWM5UFE9PQ==,D:\github\exoneracoes_nomeacoes_dou\LAKE\RJ\2016\11\DOERJ_PARTE_I_PODER_EXECUTIVO_2016-11-21.md,D:\github\exoneracoes_nomeacoes_dou\saida\RJ\DOERJ_2016.csv,335
termo_administrativo,ASSISTENTE PREVIDENCIÁRIO,ASSISTENTE PREVIDENCIÁRIO,sim,PREVIDENCIÁRIO:LOC|Assistente Previdenciário:PER,RJ,2016-11-10,nomeacao,,,,Secretario,5,Wilson Jose Witzel - Governador,Wilson Jose Witzel,Executivo estadual,https://www.ioerj.com.br/portal/modules/conteudoonline/mostra_edicao.php?session=VWxSak1WSnJSVEZPUlZGMFVWVkpkMUpUTURCTlJFWkVURlJuZVU1NlVYUlNha1UxVGxSc1JrMHdUWHBQUkZsNFRWUmpNMDlFVVRKTlZFRXpUbWM5UFE9PQ==,D:\github\exoneracoes_nomeacoes_dou\LAKE\RJ\2016\11\DOERJ_PARTE_I_PODER_EXECUTIVO_2016-11-10.md,D:\github\exoneracoes_nomeacoes_dou\saida\RJ\DOERJ_2016.csv,375
menos_de_2_tokens,LEIA-SE,LEIA-SE,sim,LEIA-SE:PER,RJ,2016-11-10,nomeacao,,,,Secretario,5,Wilson Jose Witzel - Governador,Wilson Jose Witzel,Executivo estadual,https://www.ioerj.com.br/portal/modules/conteudoonline/mostra_edicao.php?session=VWxSak1WSnJSVEZPUlZGMFVWVkpkMUpUTURCTlJFWkVURlJuZVU1NlVYUlNha1UxVGxSc1JrMHdUWHBQUkZsNFRWUmpNMDlFVVRKTlZFRXpUbWM5UFE9PQ==,D:\github\exoneracoes_nomeacoes_dou\LAKE\RJ\2016\11\DOERJ_PARTE_I_PODER_EXECUTIVO_2016-11-10.md,D:\github\exoneracoes_nomeacoes_dou\saida\RJ\DOERJ_2016.csv,386
termo_administrativo,LUZANDA VELASCO PAES NO CARGO DE ASSESSOR TÉCNICO. A MESMA DEVERÁ COMPARECER NA,LUZANDA VELASCO PAES NO CARGO DE ASSESSOR TÉCNICO. A MESMA DEVERÁ COMPARECER NA,sim,LUZANDA VELASCO PAES NO CARGO DE ASSESSOR TÉCNICO:MISC|MESMA DEVERÁ COMPARECER:MISC|Luzanda Velasco Paes:PER,RJ,2016-10-24,nomeacao,,,,,,Wilson Jose Witzel - Governador,Wilson Jose Witzel,Executivo estadual,https://www.ioerj.com.br/portal/modules/conteudoonline/mostra_edicao.php?session=VGtSQ1ExSnFRa0pTYW10MFVtcE9SMUpUTURCTmFtc3dURlZGZDAxNmEzUk9NRmt5VVZSVk1sRlZUWGxPTUZWNlRWUmpNMDlFVVRKT1JFMHdUbWM5UFE9PQ==,D:\github\exoneracoes_nomeacoes_dou\LAKE\RJ\2016\10\DOERJ_DO_CAMPOS_PODER_EXECUTIVO_2016-10-24.md,D:\github\exoneracoes_nomeacoes_dou\saida\RJ\DOERJ_2016.csv,468
menos_de_2_tokens,LEIA-SE,LEIA-SE,sim,LEIA-SE:PER,RJ,2016-09-26,nomeacao,,,,Secretario,5,Wilson Jose Witzel - Governador,Wilson Jose Witzel,Executivo estadual,https://www.ioerj.com.br/portal/modules/conteudoonline/mostra_edicao.php?session=VDBWSmVFOUZVVFZOUlZsMFRtcFplVTFwTURCUmEwVjRURlJyTlUxRlZYUlJWRVUwVGxSU1IwOVVVVFJPYWtrMVRWUmpNMDlFVVROTlJFRXpUV2M5UFE9PQ==,D:\github\exoneracoes_nomeacoes_dou\LAKE\RJ\2016\09\DOERJ_PARTE_I_PODER_EXECUTIVO_2016-09-26.md,D:\github\exoneracoes_nomeacoes_dou\saida\RJ\DOERJ_2016.csv,584
menos_de_2_tokens,LEIA-SE,LEIA-SE,sim,LEIA-SE:PER,RJ,2016-09-20,nomeacao,,,,Secretario,5,Wilson Jose Witzel - Governador,Wilson Jose Witzel,Executivo estadual,https://www.ioerj.com.br/portal/modules/conteudoonline/mostra_edicao.php?session=VGtSb1FrMHdWa2ROYWtWMFQxVlZNVTlUTURCTlJVVXpURlZHUjA5RVdYUlNhMHBEVFd0Wk5WSnJTVE5SVlVVMVRWUmpNMDlFVVROTlJHY3dUWGM5UFE9PQ==,D:\github\exoneracoes_nomeacoes_dou\LAKE\RJ\2016\09\DOERJ_PARTE_I_PODER_EXECUTIVO_2016-09-20.md,D:\github\exoneracoes_nomeacoes_dou\saida\RJ\DOERJ_2016.csv,647
menos_de_2_tokens,LEIA-SE,LEIA-SE,sim,LEIA-SE:PER,RJ,2016-09-20,nomeacao,,,,Secretario,5,Wilson Jose Witzel - Governador,Wilson Jose Witzel,Executivo estadual,https://www.ioerj.com.br/portal/modules/conteudoonline/mostra_edicao.php?session=VGtSb1FrMHdWa2ROYWtWMFQxVlZNVTlUTURCTlJVVXpURlZHUjA5RVdYUlNhMHBEVFd0Wk5WSnJTVE5SVlVVMVRWUmpNMDlFVVROTlJHY3dUWGM5UFE9PQ==,D:\github\exoneracoes_nomeacoes_dou\LAKE\RJ\2016\09\DOERJ_PARTE_I_PODER_EXECUTIVO_2016-09-20.md,D:\github\exoneracoes_nomeacoes_dou\saida\RJ\DOERJ_2016.csv,649
tem_numero;termo_administrativo,RÔMULO RANGEL MATRÍCULA 017810627-57 Nº 12581,RÔMULO RANGEL MATRÍCULA 017810627-57 Nº 12581,sim,RÔMULO RANGEL MATRÍCULA:PER,RJ,2016-09-05,nomeacao,,,,,,Wilson Jose Witzel - Governador,Wilson Jose Witzel,Executivo estadual,https://www.ioerj.com.br/portal/modules/conteudoonline/mostra_edicao.php?session=VG10WmVGSnFZekpPZW1OMFVWVlJkMDVUTURCUFZHUkhURlJvUjFKRlVYUk9SVVV6VFhwU1EwNVVVa05OUkd4RVRWUmpNMDlFVVROTmVrazFUWGM5UFE9PQ==,D:\github\exoneracoes_nomeacoes_dou\LAKE\RJ\2016\09\DOERJ_DO_CAMPOS_PODER_EXECUTIVO_2016-09-05.md,D:\github\exoneracoes_nomeacoes_dou\saida\RJ\DOERJ_2016.csv,835
tem_numero;termo_administrativo,JORGE ALVES MELLO MATRÍCULA 170.755.147-68 Nº 6811,JORGE ALVES MELLO MATRÍCULA 170.755.147-68 Nº 6811,sim,JORGE ALVES MELLO:PER,RJ,2016-09-05,nomeacao,,,,,,Wilson Jose Witzel - Governador,Wilson Jose Witzel,Executivo estadual,https://www.ioerj.com.br/portal/modules/conteudoonline/mostra_edicao.php?session=VG10WmVGSnFZekpPZW1OMFVWVlJkMDVUTURCUFZHUkhURlJvUjFKRlVYUk9SVVV6VFhwU1EwNVVVa05OUkd4RVRWUmpNMDlFVVROTmVrazFUWGM5UFE9PQ==,D:\github\exoneracoes_nomeacoes_dou\LAKE\RJ\2016\09\DOERJ_DO_CAMPOS_PODER_EXECUTIVO_2016-09-05.md,D:\github\exoneracoes_nomeacoes_dou\saida\RJ\DOERJ_2016.csv,836
tem_numero;termo_administrativo,ALEX SANTOS FERNANDES MATRÍCULA 074.913.637-50 Nº 13761,ALEX SANTOS FERNANDES MATRÍCULA 074.913.637-50 Nº 13761,sim,ALEX:MISC|Nº 13761:MISC|Alex Santos Fernandes Matrícula:PER,RJ,2016-09-05,nomeacao,,,,,,Wilson Jose Witzel - Governador,Wilson Jose Witzel,Executivo estadual,https://www.ioerj.com.br/portal/modules/conteudoonline/mostra_edicao.php?session=VG10WmVGSnFZekpPZW1OMFVWVlJkMDVUTURCUFZHUkhURlJvUjFKRlVYUk9SVVV6VFhwU1EwNVVVa05OUkd4RVRWUmpNMDlFVVROTmVrazFUWGM5UFE9PQ==,D:\github\exoneracoes_nomeacoes_dou\LAKE\RJ\2016\09\DOERJ_DO_CAMPOS_PODER_EXECUTIVO_2016-09-05.md,D:\github\exoneracoes_nomeacoes_dou\saida\RJ\DOERJ_2016.csv,837
tem_numero;termo_administrativo,CATHARINE FONSECA DE SÁ MATRÍCULA Nº 34995,CATHARINE FONSECA DE SÁ MATRÍCULA Nº 34995,sim,CATHARINE FONSECA DE SÁ MATRÍCULA:MISC|Catharine Fonseca De Sá Matrícula:PER,RJ,2016-09-05,nomeacao,,,,,,Wilson Jose Witzel - Governador,Wilson Jose Witzel,Executivo estadual,https://www.ioerj.com.br/portal/modules/conteudoonline/mostra_edicao.php?session=VG10WmVGSnFZekpPZW1OMFVWVlJkMDVUTURCUFZHUkhURlJvUjFKRlVYUk9SVVV6VFhwU1EwNVVVa05OUkd4RVRWUmpNMDlFVVROTmVrazFUWGM5UFE9PQ==,D:\github\exoneracoes_nomeacoes_dou\LAKE\RJ\2016\09\DOERJ_DO_CAMPOS_PODER_EXECUTIVO_2016-09-05.md,D:\github\exoneracoes_nomeacoes_dou\saida\RJ\DOERJ_2016.csv,838
termo_administrativo;muito_longo,LARISSA MARTINS ALMEIDA NO CARGO DE MÉDICO ENDOCRINOLOGISTA. - A MESMA DEVERÁ COMPARECER NA,LARISSA MARTINS ALMEIDA NO CARGO DE MÉDICO ENDOCRINOLOGISTA. - A MESMA DEVERÁ COMPARECER NA,sim,LARISSA:PER,RJ,2016-08-31,nomeacao,,,,,,Wilson Jose Witzel - Governador,Wilson Jose Witzel,Executivo estadual,https://www.ioerj.com.br/portal/modules/conteudoonline/mostra_edicao.php?session=VGtScmVWRlVZek5STUVWMFVrUlZlbEY1TURCT2VrWkhURlJvUkUxRlZYUlBSVTVFVDFSVk5GSlZWWGRTVkdjMFRWUmpNMDlFVVROTmVtY3lUbEU5UFE9PQ==,D:\github\exoneracoes_nomeacoes_dou\LAKE\RJ\2016\08\DOERJ_DO_CAMPOS_PODER_EXECUTIVO_2016-08-31.md,D:\github\exoneracoes_nomeacoes_dou\saida\RJ\DOERJ_2016.csv,900
tem_numero;termo_administrativo,ID FUNCIONAL Nº 42070490/1,ID FUNCIONAL Nº 42070490/1,sim,ID FUNCIONAL:PER,RJ,2016-08-30,nomeacao,,da Superintendência Técnica Administrativa,,Secretario,5,Wilson Jose Witzel - Governador,Wilson Jose Witzel,Executivo estadual,https://www.ioerj.com.br/portal/modules/conteudoonline/mostra_edicao.php?session=VVhwb1JsSnJSWGxQVlUxMFQxVk5lRkpETURCUFZFVjZURlJuTlZGcVkzUlJlbGwzVFRCUk0wNXFWVEZPZWxsNVRWUmpNMDlFVVROT1JFRXdUbmM5UFE9PQ==,D:\github\exoneracoes_nomeacoes_dou\LAKE\RJ\2016\08\DOERJ_PARTE_I_PODER_EXECUTIVO_2016-08-30.md,D:\github\exoneracoes_nomeacoes_dou\saida\RJ\DOERJ_2016.csv,931
termo_administrativo,VALÉRIA AGUIAR DOS REIS NO CARGO DE ACOMPANHANTE. A MESMA DEVERÁ COMPARECER NA,VALÉRIA AGUIAR DOS REIS NO CARGO DE ACOMPANHANTE. A MESMA DEVERÁ COMPARECER NA,sim,VALÉRIA:ORG|CARGO DE ACOMPANHANTE:MISC|MESMA DEVERÁ COMPARECER:MISC|Valéria Aguiar Dos Reis:PER,RJ,2016-08-26,nomeacao,,,,,,Wilson Jose Witzel - Governador,Wilson Jose Witzel,Executivo estadual,https://www.ioerj.com.br/portal/modules/conteudoonline/mostra_edicao.php?session=VWtSa1EwMVVWVFZSZWtWMFVXcGpNRTFwTURCUFZFSkhURlJyTkZGVlZYUlJWRTVEVGtSa1JVNVVUWGhOZWtFeFRWUmpNMDlFVVROT1JFazFUWGM5UFE9PQ==,D:\github\exoneracoes_nomeacoes_dou\LAKE\RJ\2016\08\DOERJ_DO_CAMPOS_PODER_EXECUTIVO_2016-08-26.md,D:\github\exoneracoes_nomeacoes_dou\saida\RJ\DOERJ_2016.csv,982
termo_administrativo,ELIANE RANGEL MOURA NO CARGO DE ASSESSOR TÉCNICO. A MESMA DEVERÁ COMPARECER NA,ELIANE RANGEL MOURA NO CARGO DE ASSESSOR TÉCNICO. A MESMA DEVERÁ COMPARECER NA,sim,ELIANE RANGEL MOURA:PER,RJ,2016-08-23,nomeacao,,,,,,Wilson Jose Witzel - Governador,Wilson Jose Witzel,Executivo estadual,https://www.ioerj.com.br/portal/modules/conteudoonline/mostra_edicao.php?session=VDBWVk1rOVZTWGhSZWxGMFRYcFpNVkY1TURCUFJGRXlURlJvUkU1RVFYUlJWRkV6VWtSR1IwOUVRVFZSYWxaRFRWUmpNMDlFVVROT1JHZDVUV2M5UFE9PQ==,D:\github\exoneracoes_nomeacoes_dou\LAKE\RJ\2016\08\DOERJ_DO_CAMPOS_PODER_EXECUTIVO_2016-08-23.md,D:\github\exoneracoes_nomeacoes_dou\saida\RJ\DOERJ_2016.csv,1030
termo_administrativo,GISELE DOS SANTOS BARRETO NO CARGO DE TÉCNICO EM ENFERMAGEM,GISELE DOS SANTOS BARRETO NO CARGO DE TÉCNICO EM ENFERMAGEM,sim,GISELE:ORG|CARGO DE TÉCNICO:MISC|ENFERMAGEM:MISC|Gisele Dos Santos Barreto:PER,RJ,2016-08-23,nomeacao,,,,,,Wilson Jose Witzel - Governador,Wilson Jose Witzel,Executivo estadual,https://www.ioerj.com.br/portal/modules/conteudoonline/mostra_edicao.php?session=VDBWVk1rOVZTWGhSZWxGMFRYcFpNVkY1TURCUFJGRXlURlJvUkU1RVFYUlJWRkV6VWtSR1IwOUVRVFZSYWxaRFRWUmpNMDlFVVROT1JHZDVUV2M5UFE9PQ==,D:\github\exoneracoes_nomeacoes_dou\LAKE\RJ\2016\08\DOERJ_DO_CAMPOS_PODER_EXECUTIVO_2016-08-23.md,D:\github\exoneracoes_nomeacoes_dou\saida\RJ\DOERJ_2016.csv,1031
termo_administrativo,EVELYN REBOUÇAS DE GOUVÊA NO CARGO DE PSICÓLOGO. A MESMA DEVERÁ COMPARECER NA,EVELYN REBOUÇAS DE GOUVÊA NO CARGO DE PSICÓLOGO. A MESMA DEVERÁ COMPARECER NA,sim,EVELYN REBOUÇAS DE GOUVÊA:MISC|CARGO DE PSICÓLOGO:MISC|MESMA DEVERÁ COMPARECER:MISC|Evelyn Rebouças:PER,RJ,2016-07-25,nomeacao,,,,,,Wilson Jose Witzel - Governador,Wilson Jose Witzel,Executivo estadual,https://www.ioerj.com.br/portal/modules/conteudoonline/mostra_edicao.php?session=VDBSamVFMXJWWGRTUkdOMFQxVk5lRkpETURCUFZWcERURlZLUkZGcVZYUk9SVlpHVGxSUk5GSnFSWGRSYWsweFRWUmpNMDlFVVROUFZGazBUa0U5UFE9PQ==,D:\github\exoneracoes_nomeacoes_dou\LAKE\RJ\2016\07\DOERJ_DO_CAMPOS_PODER_EXECUTIVO_2016-07-25.md,D:\github\exoneracoes_nomeacoes_dou\saida\RJ\DOERJ_2016.csv,1268
termo_administrativo;muito_longo,LIANA VIEIRA ROCHA NO CARGO DE FARMACÊUTICO-BIOQUÍMICO. A MESMA DEVERÁ COMPARECER NA,LIANA VIEIRA ROCHA NO CARGO DE FARMACÊUTICO-BIOQUÍMICO. A MESMA DEVERÁ COMPARECER NA,sim,LIANA VIEIRA ROCHA:PER,RJ,2016-07-22,nomeacao,,,,,,Wilson Jose Witzel - Governador,Wilson Jose Witzel,Executivo estadual,https://www.ioerj.com.br/portal/modules/conteudoonline/mostra_edicao.php?session=VFVSWmVFNUZTWGxQUlZsMFQwUm5lbEY1TURCT2VtUkRURlZGTUZKcVZYUlJWR2Q2VWxWU1JsSlZXa0pPTUVaSFRWUmpNMDlFVVROUFZHY3dUVUU5UFE9PQ==,D:\github\exoneracoes_nomeacoes_dou\LAKE\RJ\2016\07\DOERJ_DO_CAMPOS_PODER_EXECUTIVO_2016-07-22.md,D:\github\exoneracoes_nomeacoes_dou\saida\RJ\DOERJ_2016.csv,1270
termo_administrativo,GABRIEL ARAGÃO SOARES NO CARGO DE ENFERMEIRO. O MESMO DEVERÁ COMPARECER NA,GABRIEL ARAGÃO SOARES NO CARGO DE ENFERMEIRO. O MESMO DEVERÁ COMPARECER NA,sim,GABRIEL ARAGÃO:PER,RJ,2016-07-01,nomeacao,,,,,,Wilson Jose Witzel - Governador,Wilson Jose Witzel,Executivo estadual,https://www.ioerj.com.br/portal/modules/conteudoonline/mostra_edicao.php?session=VDFSQ1JrNXFaekpSTUVWMFVWUm5kMDFUTURCTlZVWkRURlZHUkUxRVJYUlBWRTVDVFdwbmVWRnFSa1JTVlZreFRWUmpNMDlFVVRWTlZGRXdUVkU5UFE9PQ==,D:\github\exoneracoes_nomeacoes_dou\LAKE\RJ\2016\07\DOERJ_DO_CAMPOS_PODER_EXECUTIVO_2016-07-01.md,D:\github\exoneracoes_nomeacoes_dou\saida\RJ\DOERJ_2016.csv,1427
tem_numero;termo_administrativo,ID FUNCIONAL Nº 4432020,ID FUNCIONAL Nº 4432020,sim,ID FUNCIONAL:PER,RJ,2016-06-16,exoneracao,,,ATOS DO,Governador em exercicio,2,Wilson Jose Witzel - Governador,Wilson Jose Witzel,Executivo estadual,https://www.ioerj.com.br/portal/modules/conteudoonline/mostra_edicao.php?session=VVhwQmQwOVVSWGxPZWxsMFVYcEJORkZUTURCUmFteEdURlJzUjA0d1NYUk9hMFUxVVZWR1JGSlZVa1ZQUkVrMFRWUmpNMDlFVVRWTmVrbDVUMEU5UFE9PQ==,D:\github\exoneracoes_nomeacoes_dou\LAKE\RJ\2016\06\DOERJ_PARTE_I_PODER_EXECUTIVO_2016-06-16.md,D:\github\exoneracoes_nomeacoes_dou\saida\RJ\DOERJ_2016.csv,1527
termo_administrativo;muito_longo,LEONARDO MARTINS CASTRO NO CARGO DE TERAPEUTA OCUPACIONAL. O MESMO DEVERÁ COMPARECER NA,LEONARDO MARTINS CASTRO NO CARGO DE TERAPEUTA OCUPACIONAL. O MESMO DEVERÁ COMPARECER NA,sim,LEONARDO MARTINS CASTRO:PER,RJ,2016-06-16,nomeacao,,,,,,Wilson Jose Witzel - Governador,Wilson Jose Witzel,Executivo estadual,https://www.ioerj.com.br/portal/modules/conteudoonline/mostra_edicao.php?session=VDFSR1FrMVVTa1JOZWtsMFVtcEJNVkY1TURCT1ZFazFURlJyTTAxRVJYUlJla2sxVVRCS1FsSnFRWGRQVkZwRVRWUmpNMDlFVVRWTmVrbDVUMEU5UFE9PQ==,D:\github\exoneracoes_nomeacoes_dou\LAKE\RJ\2016\06\DOERJ_DO_CAMPOS_PODER_EXECUTIVO_2016-06-16.md,D:\github\exoneracoes_nomeacoes_dou\saida\RJ\DOERJ_2016.csv,1549
termo_administrativo;muito_longo,LUCIANA SOARES BATISTA NO CARGO DE ASSESSOR TÉCNICO. - A MESMA DEVERÁ COMPARECER NA,LUCIANA SOARES BATISTA NO CARGO DE ASSESSOR TÉCNICO. - A MESMA DEVERÁ COMPARECER NA,sim,LUCIANA SOARES BATISTA:PER,RJ,2016-06-16,nomeacao,,,,,,Wilson Jose Witzel - Governador,Wilson Jose Witzel,Executivo estadual,https://www.ioerj.com.br/portal/modules/conteudoonline/mostra_edicao.php?session=VDFSR1FrMVVTa1JOZWtsMFVtcEJNVkY1TURCT1ZFazFURlJyTTAxRVJYUlJla2sxVVRCS1FsSnFRWGRQVkZwRVRWUmpNMDlFVVRWTmVrbDVUMEU5UFE9PQ==,D:\github\exoneracoes_nomeacoes_dou\LAKE\RJ\2016\06\DOERJ_DO_CAMPOS_PODER_EXECUTIVO_2016-06-16.md,D:\github\exoneracoes_nomeacoes_dou\saida\RJ\DOERJ_2016.csv,1550
termo_administrativo;muito_longo,FERNANDA SANTOS CHAGAS MONTANHA NO CARGO DE PSICÓLOGA. A MESMA DEVERÁ COMPARECER NA,FERNANDA SANTOS CHAGAS MONTANHA NO CARGO DE PSICÓLOGA. A MESMA DEVERÁ COMPARECER NA,sim,FERNANDA SANTOS CHAGAS MONTANHA:PER,RJ,2016-06-14,nomeacao,,,,,,Wilson Jose Witzel - Governador,Wilson Jose Witzel,Executivo estadual,https://www.ioerj.com.br/portal/modules/conteudoonline/mostra_edicao.php?session=VVZSRk5VNXJVa1pOYW1kMFQxVlpNMDlUTURCT1JWWkZURlJyTkUxVVozUk9lbEY2VFRCR1JFMUZXa1ZSVlZKR1RWUmpNMDlFVVRWTmVsazFUVkU5UFE9PQ==,D:\github\exoneracoes_nomeacoes_dou\LAKE\RJ\2016\06\DOERJ_DO_CAMPOS_PODER_EXECUTIVO_2016-06-14.md,D:\github\exoneracoes_nomeacoes_dou\saida\RJ\DOERJ_2016.csv,1605
termo_administrativo,FERNANDA SANTOS CHAGAS MONTANHA NO CARGO DE PSICÓLOGA,FERNANDA SANTOS CHAGAS MONTANHA NO CARGO DE PSICÓLOGA,sim,FERNANDA SANTOS CHAGAS MONTANHA:PER,RJ,2016-06-13,nomeacao,,,,,,Wilson Jose Witzel - Governador,Wilson Jose Witzel,Executivo estadual,https://www.ioerj.com.br/portal/modules/conteudoonline/mostra_edicao.php?session=VFRCSmVFMVVTVEpSVlVsMFVsVlZOVkpETURCU2FsazFURlZGTVU1NlVYUlBSRkpDVWxSR1FsSnFiRUpOVlZWNVRWUmpNMDlFVVRWTmVtZDNUVUU5UFE9PQ==,D:\github\exoneracoes_nomeacoes_dou\LAKE\RJ\2016\06\DOERJ_DO_CAMPOS_PODER_EXECUTIVO_2016-06-13.md,D:\github\exoneracoes_nomeacoes_dou\saida\RJ\DOERJ_2016.csv,1607
termo_administrativo,VÂNIA MAHLER DA SILVA LIDADE CHEFE TAÇÃO,VÂNIA MAHLER DA SILVA LIDADE CHEFE TAÇÃO,sim,MAHLER DA SILVA LIDADE:MISC|Vânia Mahler Da Silva:PER,RJ,2016-06-09,nomeacao,,,,Secretario,5,Wilson Jose Witzel - Governador,Wilson Jose Witzel,Executivo estadual,https://www.ioerj.com.br/portal/modules/conteudoonline/mostra_edicao.php?session=VG10VmVWRnJXWGhTUkUxMFVYcFpORTVwTURCTmVsRXlURlZGTVU0d1RYUlJWRkpDVWtWV1JVMHdWVEJOVkd0NlRWUmpNMDlFVVRWT1JFazBUVkU5UFE9PQ==,D:\github\exoneracoes_nomeacoes_dou\LAKE\RJ\2016\06\DOERJ_PARTE_I_PODER_EXECUTIVO_2016-06-09.md,D:\github\exoneracoes_nomeacoes_dou\saida\RJ\DOERJ_2016.csv,1620
termo_administrativo;muito_longo,FRANCINI MAYERHOFER GUIMARÃES REIS NO CARGO DE MÉDICO ENDOCRINOLOGISTA. A MESMA DEVERÁ COMPARECER NA,FRANCINI MAYERHOFER GUIMARÃES REIS NO CARGO DE MÉDICO ENDOCRINOLOGISTA. A MESMA DEVERÁ COMPARECER NA,sim,FRANCINI MAYERHOFER GUIMARÃES REIS:MISC|CARGO DE MÉDICO ENDOCRINOLOGISTA:MISC|MESMA DEVERÁ COMPARECER:MISC|Francini Mayerhofer Guimarães Reis:PER,RJ,2016-06-02,nomeacao,,,,,,Wilson Jose Witzel - Governador,Wilson Jose Witzel,Executivo estadual,https://www.ioerj.com.br/portal/modules/conteudoonline/mostra_edicao.php?session=VFRCUk5WRjZSVFJQUlVsMFVXcFZNMDVUTURCU2ExVTBURlJyTlUxRVdYUk9hMUYzVVZSRk1sSnFUa2RPZW1Nd1RWUmpNMDlFVVRWT1JHc3lUMEU5UFE9PQ==,D:\github\exoneracoes_nomeacoes_dou\LAKE\RJ\2016\06\DOERJ_DO_CAMPOS_PODER_EXECUTIVO_2016-06-02.md,D:\github\exoneracoes_nomeacoes_dou\saida\RJ\DOERJ_2016.csv,1731
termo_administrativo;muito_longo,LILIANE PINHEIRO DA SILVA NO CARGO DE FARMACÊUTICO/BIOQUÍMICO. - A MESMA DEVERÁ COMPARECER NA,LILIANE PINHEIRO DA SILVA NO CARGO DE FARMACÊUTICO/BIOQUÍMICO. - A MESMA DEVERÁ COMPARECER NA,sim,PINHEIRO DA SILVA:MISC|BIOQUÍMICO:MISC|MESMA DEVERÁ:MISC|Liliane Pinheiro:PER,RJ,2016-05-30,nomeacao,,,,,,Wilson Jose Witzel - Governador,Wilson Jose Witzel,Executivo estadual,https://www.ioerj.com.br/portal/modules/conteudoonline/mostra_edicao.php?session=VVZWTmVFNTZVa1ZPUkUxMFVsUkZNRkpUTURCUFZWWkZURlJyTTFKclVYUlJhMDVEVFVSU1FrOVVXa0pTVkZrMVRWUmpNMDlFVVRWT1ZGa3hUWGM5UFE9PQ==,D:\github\exoneracoes_nomeacoes_dou\LAKE\RJ\2016\05\DOERJ_DO_CAMPOS_PODER_EXECUTIVO_2016-05-30.md,D:\github\exoneracoes_nomeacoes_dou\saida\RJ\DOERJ_2016.csv,1857
termo_administrativo;muito_longo,MACIELLE DA SILVA MOREIRA NO CARGO DE ASSESSOR TÉCNICO. A MESMA DEVERÁ COMPARECER NA,MACIELLE DA SILVA MOREIRA NO CARGO DE ASSESSOR TÉCNICO. A MESMA DEVERÁ COMPARECER NA,sim,MACIELLE DA SILVA MOREIRA NO:MISC|CARGO DE ASSESSOR TÉCNICO:MISC|MESMA DEVERÁ COMPARECER:MISC|Macielle Da Silva Moreira:PER,RJ,2016-05-24,nomeacao,,,,,,Wilson Jose Witzel - Governador,Wilson Jose Witzel,Executivo estadual,https://www.ioerj.com.br/portal/modules/conteudoonline/mostra_edicao.php?session=VFVSYVJrNXJSa0pTYWsxMFRXdEdSazFwTURCUFZVMHpURlZGZWs1RlZYUk5hMHBDVDFWUmQxSnFRVEZTYWs1R1RWUmpNMDlFVVRWT2FtZDZUVUU5UFE9PQ==,D:\github\exoneracoes_nomeacoes_dou\LAKE\RJ\2016\05\DOERJ_DO_CAMPOS_PODER_EXECUTIVO_2016-05-24.md,D:\github\exoneracoes_nomeacoes_dou\saida\RJ\DOERJ_2016.csv,1882
termo_administrativo;muito_longo,SIMONE VIEIRA DA GAMA BRITO NO CARGO DE FARMACÊUTICO/BIOQUÍMICO. O MESMO DEVERÁ COMPARECER NA,SIMONE VIEIRA DA GAMA BRITO NO CARGO DE FARMACÊUTICO/BIOQUÍMICO. O MESMO DEVERÁ COMPARECER NA,sim,CARGO DE FARMACÊUTICO:MISC|BIOQUÍMICO:MISC|Simone Vieira:PER,RJ,2016-05-24,nomeacao,,,,,,Wilson Jose Witzel - Governador,Wilson Jose Witzel,Executivo estadual,https://www.ioerj.com.br/portal/modules/conteudoonline/mostra_edicao.php?session=VFVSYVJrNXJSa0pTYWsxMFRXdEdSazFwTURCUFZVMHpURlZGZWs1RlZYUk5hMHBDVDFWUmQxSnFRVEZTYWs1R1RWUmpNMDlFVVRWT2FtZDZUVUU5UFE9PQ==,D:\github\exoneracoes_nomeacoes_dou\LAKE\RJ\2016\05\DOERJ_DO_CAMPOS_PODER_EXECUTIVO_2016-05-24.md,D:\github\exoneracoes_nomeacoes_dou\saida\RJ\DOERJ_2016.csv,1883
termo_administrativo;muito_longo,LUISA BARRETO PEREIRA SOARES NO CARGO DE MÉDICO ENDOCRINOLOGISTA. A MESMA DEVERÁ COMPARECER NA,LUISA BARRETO PEREIRA SOARES NO CARGO DE MÉDICO ENDOCRINOLOGISTA. A MESMA DEVERÁ COMPARECER NA,sim,LUISA BARRETO:MISC|CARGO DE MÉDICO ENDOCRINOLOGISTA:MISC|MESMA DEVERÁ COMPARECER:MISC|Luisa Barreto Pereira Soares:PER,RJ,2016-05-24,nomeacao,,,,,,Wilson Jose Witzel - Governador,Wilson Jose Witzel,Executivo estadual,https://www.ioerj.com.br/portal/modules/conteudoonline/mostra_edicao.php?session=VFVSYVJrNXJSa0pTYWsxMFRXdEdSazFwTURCUFZVMHpURlZGZWs1RlZYUk5hMHBDVDFWUmQxSnFRVEZTYWs1R1RWUmpNMDlFVVRWT2FtZDZUVUU5UFE9PQ==,D:\github\exoneracoes_nomeacoes_dou\LAKE\RJ\2016\05\DOERJ_DO_CAMPOS_PODER_EXECUTIVO_2016-05-24.md,D:\github\exoneracoes_nomeacoes_dou\saida\RJ\DOERJ_2016.csv,1884
menos_de_2_tokens,LEIA-SE,LEIA-SE,sim,LEIA-SE:PER,RJ,2016-05-04,nomeacao,,,,Secretario,5,Wilson Jose Witzel - Governador,Wilson Jose Witzel,Executivo estadual,https://www.ioerj.com.br/portal/modules/conteudoonline/mostra_edicao.php?session=VFhwUmQwMXFWVE5OZWxWMFVWVk9RazE1TURCTlZFNURURlJyZVUxNlVYUk5WVkpIVWxWUk1FMVVZM2xPUlZsNlRWUmpNMDlFVVRWUFZHc3hUMUU5UFE9PQ==,D:\github\exoneracoes_nomeacoes_dou\LAKE\RJ\2016\05\DOERJ_PARTE_I_PODER_EXECUTIVO_2016-05-04.md,D:\github\exoneracoes_nomeacoes_dou\saida\RJ\DOERJ_2016.csv,2160
tem_numero;termo_administrativo,ID FUNCIONAL Nº4365023-6,ID FUNCIONAL Nº4365023-6,sim,ID FUNCIONAL:PER,RJ,2016-04-29,exoneracao,do cargo em comissão de Assessor de Contabilidade,,,Secretario,5,Wilson Jose Witzel - Governador,Wilson Jose Witzel,Executivo estadual,https://www.ioerj.com.br/portal/modules/conteudoonline/mostra_edicao.php?session=VDFSQk0xSkVVWHBTYTFGMFRrUldSVTlETURCT1ZHTXdURlZGTUU1VVRYUlJWR2Q0VFVWSk1VNXJTWGROVlZaQ1RWUmpNMDlFVlhkTlJGa3hUbmM5UFE9PQ==,D:\github\exoneracoes_nomeacoes_dou\LAKE\RJ\2016\04\DOERJ_PARTE_I_PODER_EXECUTIVO_2016-04-29.md,D:\github\exoneracoes_nomeacoes_dou\saida\RJ\DOERJ_2016.csv,2234
frase_administrativa;termo_administrativo,CUJO MANDATO EXPIRARÁ COM A POSSE DOS MEMBROS A SEDOS GOYTACA,CUJO MANDATO EXPIRARÁ COM A POSSE DOS MEMBROS A SEDOS GOYTACA,sim,CUJO MANDATO EXPIRARÁ:MISC|A POSSE DOS MEMBROS:MISC|SEDOS GOYTACA:MISC|Cujo Mandato Expirará:PER,RJ,2016-04-19,nomeacao,,,,,,Wilson Jose Witzel - Governador,Wilson Jose Witzel,Executivo estadual,https://www.ioerj.com.br/portal/modules/conteudoonline/mostra_edicao.php?session=VGxWSmVrMXJVVEJTVlVsMFVWUm5OVTlUTURCTlZVcEhURlJyTTFKRlZYUlNWR1JFVFVWSmVsRnFXVEpPTUVWNFRWUmpNMDlFVlhkTmFrRXlUbWM5UFE9PQ==,D:\github\exoneracoes_nomeacoes_dou\LAKE\RJ\2016\04\DOERJ_DO_CAMPOS_PODER_EXECUTIVO_2016-04-19.md,D:\github\exoneracoes_nomeacoes_dou\saida\RJ\DOERJ_2016.csv,2380
frase_administrativa;termo_administrativo;muito_longo,COMO PRESIDENTE: JORGE WILLIAN PEREIRA CABRAL MEMBROS TITULARES SUBSTITUIR: JORGE WILLIAN PEREIRA CABRAL,COMO PRESIDENTE: JORGE WILLIAN PEREIRA CABRAL MEMBROS TITULARES SUBSTITUIR: JORGE WILLIAN PEREIRA CABRAL,sim,PRESIDENTE:MISC|JORGE WILLIAN PEREIRA:PER,RJ,2016-04-05,nomeacao,,,NOMEAR COMO,Presidente,6,Wilson Jose Witzel - Governador,Wilson Jose Witzel,Executivo estadual,https://www.ioerj.com.br/portal/modules/conteudoonline/mostra_edicao.php?session=VWxSamVGRnJSWHBPUkd0MFQwUldSVTU1TURCT1ZFWkVURlJzUms1RlNYUk5hMDB4VVhwbmVGRjZWVEpPYTBaQ1RWUmpNMDlFVlhkTmVtY3pUVUU5UFE9PQ==,D:\github\exoneracoes_nomeacoes_dou\LAKE\RJ\2016\04\DOERJ_DO_CAMPOS_PODER_EXECUTIVO_2016-04-05.md,D:\github\exoneracoes_nomeacoes_dou\saida\RJ\DOERJ_2016.csv,2598
tem_numero;muito_longo,30 DE MARÇO DE 2016. ROSANGELA RIBEIRO DA SILVA TAVARES SUPERINTENDENTE DO PROCON,30 DE MARÇO DE 2016. ROSANGELA RIBEIRO DA SILVA TAVARES SUPERINTENDENTE DO PROCON,sim,RIBEIRO DA SILVA:MISC|De Março:MISC|Rosangela Ribeiro Da Silva Tavares Superintendente:PER,RJ,2016-03-31,nomeacao,,,ROSANGELA RIBEIRO DA SILVA TAVARES,Superintendente,10,Wilson Jose Witzel - Governador,Wilson Jose Witzel,Executivo estadual,https://www.ioerj.com.br/portal/modules/conteudoonline/mostra_edicao.php?session=VFdwWmVVNXFVVE5TUlZGMFRrUmpNMDVwTURCTmFtY3hURlZKTTA1cVNYUlJhbXQ1VVZWRk1GRjZZekpTUlVVelRWUmpNMDlFVlhkT1ZFMHdUWGM5UFE9PQ==,D:\github\exoneracoes_nomeacoes_dou\LAKE\RJ\2016\03\DOERJ_DO_CAMPOS_PODER_EXECUTIVO_2016-03-31.md,D:\github\exoneracoes_nomeacoes_dou\saida\RJ\DOERJ_2016.csv,2651
termo_administrativo,NEWSONIA COELHO LIMA NO CARGO DE FARMACÊUTICO. A MESMA DEVERÁ COMPARECER NA,NEWSONIA COELHO LIMA NO CARGO DE FARMACÊUTICO. A MESMA DEVERÁ COMPARECER NA,sim,COELHO LIMA:PER,RJ,2016-03-08,nomeacao,,,,,,Wilson Jose Witzel - Governador,Wilson Jose Witzel,Executivo estadual,https://www.ioerj.com.br/portal/modules/conteudoonline/mostra_edicao.php?session=VVRCT1ExSlVVWGROUkdOMFRVVkZNVTVwTURCT2VsVXhURlJzUlU1cVVYUlJNRWswVG10Uk5FNVVXVEJOZWxrelRWUmpNMDlFVlhkUFJHTTFUbEU5UFE9PQ==,D:\github\exoneracoes_nomeacoes_dou\LAKE\RJ\2016\03\DOERJ_DO_CAMPOS_PODER_EXECUTIVO_2016-03-08.md,D:\github\exoneracoes_nomeacoes_dou\saida\RJ\DOERJ_2016.csv,3048
termo_administrativo;muito_longo,PETRÚCIO PESSANHA DE OLIVEIRA NO CARGO DE ASSESSOR TÉCNICO. O MESMO DEVERÁ COMPARECER NA,PETRÚCIO PESSANHA DE OLIVEIRA NO CARGO DE ASSESSOR TÉCNICO. O MESMO DEVERÁ COMPARECER NA,sim,PETRÚCIO PESSANHA DE OLIVEIRA:MISC|CARGO DE ASSESSOR TÉCNICO:MISC|Petrúcio Pessanha:PER,RJ,2016-03-08,nomeacao,,,,,,Wilson Jose Witzel - Governador,Wilson Jose Witzel,Executivo estadual,https://www.ioerj.com.br/portal/modules/conteudoonline/mostra_edicao.php?session=VVRCT1ExSlVVWGROUkdOMFRVVkZNVTVwTURCT2VsVXhURlJzUlU1cVVYUlJNRWswVG10Uk5FNVVXVEJOZWxrelRWUmpNMDlFVlhkUFJHTTFUbEU5UFE9PQ==,D:\github\exoneracoes_nomeacoes_dou\LAKE\RJ\2016\03\DOERJ_DO_CAMPOS_PODER_EXECUTIVO_2016-03-08.md,D:\github\exoneracoes_nomeacoes_dou\saida\RJ\DOERJ_2016.csv,3049
tem_numero,MAT. 33148,MAT. 33148,sim,MAT:MISC|Mat:PER,RJ,2016-02-26,nomeacao,,,,,,Wilson Jose Witzel - Governador,Wilson Jose Witzel,Executivo estadual,https://www.ioerj.com.br/portal/modules/conteudoonline/mostra_edicao.php?session=VWxWR1JFNUZTa2RPUkVsMFVrUktSazlUTURCU1ZFVXdURlZKTTAxclJYUlNWR3N4VVRCT1JVOVVUa05SYTAwelRWUmpNMDlFVlhoTlJGa3pUMUU5UFE9PQ==,D:\github\exoneracoes_nomeacoes_dou\LAKE\RJ\2016\02\DOERJ_DO_CAMPOS_PODER_EXECUTIVO_2016-02-26.md,D:\github\exoneracoes_nomeacoes_dou\saida\RJ\DOERJ_2016.csv,3175
menos_de_2_tokens,LEIA-SE,LEIA-SE,sim,LEIA-SE:PER,RJ,2016-02-24,nomeacao,,,,Secretario,5,Wilson Jose Witzel - Governador,Wilson Jose Witzel,Executivo estadual,https://www.ioerj.com.br/portal/modules/conteudoonline/mostra_edicao.php?session=VVhwck1rMTZSVEpTUkZWMFQxVlNRMUpwTURCU1ZHaEdURlZGTVU1VldYUk9WVmsxVFZWSk1rMTZhM2RPYWxFelRWUmpNMDlFVlhoTlZFMTRUbWM5UFE9PQ==,D:\github\exoneracoes_nomeacoes_dou\LAKE\RJ\2016\02\DOERJ_PARTE_I_PODER_EXECUTIVO_2016-02-24.md,D:\github\exoneracoes_nomeacoes_dou\saida\RJ\DOERJ_2016.csv,3220
menos_de_2_tokens,LEIA-SE,LEIA-SE,sim,LEIA-SE:PER,RJ,2016-02-17,nomeacao,,,,Secretario,5,Wilson Jose Witzel - Governador,Wilson Jose Witzel,Executivo estadual,https://www.ioerj.com.br/portal/modules/conteudoonline/mostra_edicao.php?session=VG1wbk5VOVVSVEpTUlZGMFVUQkZlVTFwTURCT2FrVXdURlZGTlUxNlRYUk9SR3hGVGpCRk0xSkVXa1pPUlU1RVRWUmpNMDlFVlhoTmFsRXhUV2M5UFE9PQ==,D:\github\exoneracoes_nomeacoes_dou\LAKE\RJ\2016\02\DOERJ_PARTE_I_PODER_EXECUTIVO_2016-02-17.md,D:\github\exoneracoes_nomeacoes_dou\saida\RJ\DOERJ_2016.csv,3319
menos_de_2_tokens,LEIA-SE,LEIA-SE,sim,LEIA-SE:PER,RJ,2016-02-16,nomeacao,,,,Secretario,5,Wilson Jose Witzel - Governador,Wilson Jose Witzel,Executivo estadual,https://www.ioerj.com.br/portal/modules/conteudoonline/mostra_edicao.php?session=VFhwWmVVMXFWa2ROYWxsMFRWUlJlVkpwTURCUlZVVjZURlZHUmxGNlRYUk5hbFY0VGtSUk1VMVVRVFZOVkVVeVRWUmpNMDlFVlhoTmFsVXdUbWM5UFE9PQ==,D:\github\exoneracoes_nomeacoes_dou\LAKE\RJ\2016\02\DOERJ_PARTE_I_PODER_EXECUTIVO_2016-02-16.md,D:\github\exoneracoes_nomeacoes_dou\saida\RJ\DOERJ_2016.csv,3354
menos_de_2_tokens,LEIA-SE,LEIA-SE,sim,LEIA-SE:PER,RJ,2016-02-15,nomeacao,,,,Secretario,5,Wilson Jose Witzel - Governador,Wilson Jose Witzel,Executivo estadual,https://www.ioerj.com.br/portal/modules/conteudoonline/mostra_edicao.php?session=VGxSVk1rMTZUa1pPYTBsMFVtcENSMDFUTURCTlZGbDRURlJuTkUwd1dYUk5WVTE0VFhwVmQxSnJWVE5QVlU1RFRWUmpNMDlFVlhoTmFsa3lUWGM5UFE9PQ==,D:\github\exoneracoes_nomeacoes_dou\LAKE\RJ\2016\02\DOERJ_PARTE_I_PODER_EXECUTIVO_2016-02-15.md,D:\github\exoneracoes_nomeacoes_dou\saida\RJ\DOERJ_2016.csv,3365
tem_numero;muito_longo,26 DE JANEIRO DE 2016. FRANCISCO ARTHUR DE SOUZA OLIVEIRA - PREFEITO EM EXERCÍCIO,26 DE JANEIRO DE 2016. FRANCISCO ARTHUR DE SOUZA OLIVEIRA - PREFEITO EM EXERCÍCIO,sim,FRANCISCO ARTHUR DE SOUZA OLIVEIRA:MISC|EXERCÍCIO:MISC|De Janeiro:MISC|Francisco Arthur De Souza Oliveira - Prefeito:PER,RJ,2016-01-27,nomeacao,,,,,,Wilson Jose Witzel - Governador,Wilson Jose Witzel,Executivo estadual,https://www.ioerj.com.br/portal/modules/conteudoonline/mostra_edicao.php?session=VVd0YVJVMVZWa0pSYWxsMFQwUm5lVkZwTURCT2FsSkhURlJvUjFGVWEzUk9hMFUxVDBSTmVWSkZUWGhOVlZKQ1RWUmpNMDlFVlhoT1JHY3hUa0U5UFE9PQ==,D:\github\exoneracoes_nomeacoes_dou\LAKE\RJ\2016\01\DOERJ_DO_CAMPOS_PODER_EXECUTIVO_2016-01-27.md,D:\github\exoneracoes_nomeacoes_dou\saida\RJ\DOERJ_2016.csv,3511
termo_administrativo,ASSISTENTE PREVIDENCIÁRIO,ASSISTENTE PREVIDENCIÁRIO,sim,PREVIDENCIÁRIO:LOC|Assistente Previdenciário:PER,RJ,2017-12-27,nomeacao,,,,Secretario,5,Wilson Jose Witzel - Governador,Wilson Jose Witzel,Executivo estadual,https://www.ioerj.com.br/portal/modules/conteudoonline/mostra_edicao.php?session=VVRCSmVVMHdTVEJTYWxWMFRVUkJlazlETURCTlZFVTFURlZHUlU5VWEzUlNhbEUwVVRCT1JVMXFaekpPVlVVd1RWUmpNMDlFVFRCT1ZHTjNUVUU5UFE9PQ==,D:\github\exoneracoes_nomeacoes_dou\LAKE\RJ\2017\12\DOERJ_PARTE_I_PODER_EXECUTIVO_2017-12-27.md,D:\github\exoneracoes_nomeacoes_dou\saida\RJ\DOERJ_2017.csv,13
termo_administrativo,LOTADA MUNICIPAL,LOTADA MUNICIPAL,sim,LOTADA MUNICIPAL:PER,RJ,2017-11-14,exoneracao,,,,,,Wilson Jose Witzel - Governador,Wilson Jose Witzel,Executivo estadual,https://www.ioerj.com.br/portal/modules/conteudoonline/mostra_edicao.php?session=VGxWWmVFNUVZekpPYWxGMFVXcHJlRkpwTURCT2VrMTZURlJyZVU5VVNYUlNhbFV3VWtSQ1EwMVVZM2xSVkZFeFRWUmpNMDlFVFRGTlZHTXlUbWM5UFE9PQ==,D:\github\exoneracoes_nomeacoes_dou\LAKE\RJ\2017\11\DOERJ_DO_CAMPOS_PODER_EXECUTIVO_2017-11-14.md,D:\github\exoneracoes_nomeacoes_dou\saida\RJ\DOERJ_2017.csv,656
tem_numero;frase_administrativa;termo_administrativo,GM MATRÍCULA 14.777 COMO MEMBROS,GM MATRÍCULA 14.777 COMO MEMBROS,sim,GM:ORG|MEMBROS:ORG|Gm Matrícula:PER,RJ,2017-11-10,nomeacao,,,,,,Wilson Jose Witzel - Governador,Wilson Jose Witzel,Executivo estadual,https://www.ioerj.com.br/portal/modules/conteudoonline/mostra_edicao.php?session=VDBSWk1VMVVSa0pOUlVsMFVWUk9SRTVwTURCUFZVVXhURlZHUWs1NlFYUlJhbVJHVFhwUk1FNTZZekpSVkdzMFRWUmpNMDlFVFRGTmFrVjNUV2M5UFE9PQ==,D:\github\exoneracoes_nomeacoes_dou\LAKE\RJ\2017\11\DOERJ_DO_CAMPOS_PODER_EXECUTIVO_2017-11-10.md,D:\github\exoneracoes_nomeacoes_dou\saida\RJ\DOERJ_2017.csv,739
tem_numero;termo_administrativo,GM MATRÍCULA 13.958,GM MATRÍCULA 13.958,sim,GM:ORG|Gm Matrícula:PER,RJ,2017-11-10,nomeacao,,,,,,Wilson Jose Witzel - Governador,Wilson Jose Witzel,Executivo estadual,https://www.ioerj.com.br/portal/modules/conteudoonline/mostra_edicao.php?session=VDBSWk1VMVVSa0pOUlVsMFVWUk9SRTVwTURCUFZVVXhURlZHUWs1NlFYUlJhbVJHVFhwUk1FNTZZekpSVkdzMFRWUmpNMDlFVFRGTmFrVjNUV2M5UFE9PQ==,D:\github\exoneracoes_nomeacoes_dou\LAKE\RJ\2017\11\DOERJ_DO_CAMPOS_PODER_EXECUTIVO_2017-11-10.md,D:\github\exoneracoes_nomeacoes_dou\saida\RJ\DOERJ_2017.csv,740
termo_administrativo,JOSUÉ ALVES DE OLIVEIRA NO CARGO DE ASSISTENTE PREVIDENCIÁRIO,JOSUÉ ALVES DE OLIVEIRA NO CARGO DE ASSISTENTE PREVIDENCIÁRIO,sim,JOSUÉ ALVES DE OLIVEIRA:MISC|CARGO DE ASSISTENTE PREVIDENCIÁRIO:MISC|Josué Alves De Oliveira:PER,RJ,2017-10-30,nomeacao,,,,Secretario,5,Wilson Jose Witzel - Governador,Wilson Jose Witzel,Executivo estadual,https://www.ioerj.com.br/portal/modules/conteudoonline/mostra_edicao.php?session=VDFWV1JsSlZWWHBSVkZsMFVtcHNRazlUTURCTlZGVjZURlZGTVZKVlRYUk5WRWw2VFhwQk0xSnFhRVZSYWxKRVRWUmpNMDlFVFRGTmVrMHpUWGM5UFE9PQ==,D:\github\exoneracoes_nomeacoes_dou\LAKE\RJ\2017\10\DOERJ_PARTE_I_PODER_EXECUTIVO_2017-10-30.md,D:\github\exoneracoes_nomeacoes_dou\saida\RJ\DOERJ_2017.csv,901
termo_administrativo,ASSISTENTE PREVIDENCIÁRIO,ASSISTENTE PREVIDENCIÁRIO,sim,PREVIDENCIÁRIO:LOC|Assistente Previdenciário:PER,RJ,2017-10-19,nomeacao,,,,Governador,1,Wilson Jose Witzel - Governador,Wilson Jose Witzel,Executivo estadual,https://www.ioerj.com.br/portal/modules/conteudoonline/mostra_edicao.php?session=VVdwR1JFMXFXWGhPVlVWMFQwUlJlVTFETURCUFJWRXlURlZKTlZKVVkzUk9WR2N4VG5wc1JVOUVTa05PTUZreFRWUmpNMDlFVFRGT1JHTXdUWGM5UFE9PQ==,D:\github\exoneracoes_nomeacoes_dou\LAKE\RJ\2017\10\DOERJ_PARTE_I_PODER_EXECUTIVO_2017-10-19.md,D:\github\exoneracoes_nomeacoes_dou\saida\RJ\DOERJ_2017.csv,991
termo_administrativo,ASSISTENTE PREVIDENCIÁRIO,ASSISTENTE PREVIDENCIÁRIO,sim,PREVIDENCIÁRIO:LOC|Assistente Previdenciário:PER,RJ,2017-10-19,exoneracao,do cargo em comissão de Gerente,,ATOS DO,Governador,1,Wilson Jose Witzel - Governador,Wilson Jose Witzel,Executivo estadual,https://www.ioerj.com.br/portal/modules/conteudoonline/mostra_edicao.php?session=VVdwR1JFMXFXWGhPVlVWMFQwUlJlVTFETURCUFJWRXlURlZKTlZKVVkzUk9WR2N4VG5wc1JVOUVTa05PTUZreFRWUmpNMDlFVFRGT1JHTXdUWGM5UFE9PQ==,D:\github\exoneracoes_nomeacoes_dou\LAKE\RJ\2017\10\DOERJ_PARTE_I_PODER_EXECUTIVO_2017-10-19.md,D:\github\exoneracoes_nomeacoes_dou\saida\RJ\DOERJ_2017.csv,992
termo_administrativo,ASSISTENTE PREVIDENCIÁRIO,ASSISTENTE PREVIDENCIÁRIO,sim,PREVIDENCIÁRIO:LOC|Assistente Previdenciário:PER,RJ,2017-10-19,exoneracao,do cargo em comissão de Coordenador,,,Governador,1,Wilson Jose Witzel - Governador,Wilson Jose Witzel,Executivo estadual,https://www.ioerj.com.br/portal/modules/conteudoonline/mostra_edicao.php?session=VVdwR1JFMXFXWGhPVlVWMFQwUlJlVTFETURCUFJWRXlURlZKTlZKVVkzUk9WR2N4VG5wc1JVOUVTa05PTUZreFRWUmpNMDlFVFRGT1JHTXdUWGM5UFE9PQ==,D:\github\exoneracoes_nomeacoes_dou\LAKE\RJ\2017\10\DOERJ_PARTE_I_PODER_EXECUTIVO_2017-10-19.md,D:\github\exoneracoes_nomeacoes_dou\saida\RJ\DOERJ_2017.csv,994
termo_administrativo,ID FUNCIONAL,ID FUNCIONAL,sim,ID FUNCIONAL:PER,RJ,2017-12-20,nomeacao,,da Subsecretaria de Gestão Administrativa,,Governador,1,Wilson Jose Witzel - Governador,Wilson Jose Witzel,Executivo estadual,https://www.ioerj.com.br/portal/modules/conteudoonline/mostra_edicao.php?session=VWtSTmQwOUVRa05SZWsxMFRtcHJOVTVETURCUmVsbDRURlJzUkUxVWEzUlBWR2Q1VDBSSmVGSlZUa1pSYWtGNlRWUmpNMDlFVFRGUFJHdDNUVkU5UFE9PQ==,D:\github\exoneracoes_nomeacoes_dou\LAKE\RJ\2017\12\DOERJ_PARTE_I_PODER_EXECUTIVO_2017-12-20.md,D:\github\exoneracoes_nomeacoes_dou\saida\RJ\DOERJ_2017.csv,1448
tem_numero;termo_administrativo,ID FUNCIONAL Nº 5035863-4/1,ID FUNCIONAL Nº 5035863-4/1,sim,ID FUNCIONAL:PER,RJ,2017-10-19,nomeacao,para exercer o cargo em comissão de Coordenador,do Departamento Geral de Ações Sócioeducativas - DEGASE,,Secretario,5,Wilson Jose Witzel - Governador,Wilson Jose Witzel,Executivo estadual,https://www.ioerj.com.br/portal/modules/conteudoonline/mostra_edicao.php?session=VVdwR1JFMXFXWGhPVlVWMFQwUlJlVTFETURCUFJWRXlURlZKTlZKVVkzUk9WR2N4VG5wc1JVOUVTa05PTUZreFRWUmpNMDlFVFRGUFJHc3dUV2M5UFE9PQ==,D:\github\exoneracoes_nomeacoes_dou\LAKE\RJ\2017\10\DOERJ_PARTE_I_PODER_EXECUTIVO_2017-10-19.md,D:\github\exoneracoes_nomeacoes_dou\saida\RJ\DOERJ_2017.csv,1508
termo_administrativo,AGENTE AUX. ADMINISTRATIVO II,AGENTE AUX. ADMINISTRATIVO II,sim,AGENTE AUX:MISC|ADMINISTRATIVO II:PER,RJ,2017-09-21,exoneracao,do cargo em comissão de Diretor de Divisão,do Departamento Geral de Administração e Finanças,,Governador,1,Wilson Jose Witzel - Governador,Wilson Jose Witzel,Executivo estadual,https://www.ioerj.com.br/portal/modules/conteudoonline/mostra_edicao.php?session=VVZSU1EwMXFTWGRSZWxWMFRrUmtSRkpETURCT1JHZDZURlZLUkUxclJYUk9SR2MxVGxWVk1rNTZXVEZPUkd4Q1RWUmpNMDlFVFRGUFZFbDVUbWM5UFE9PQ==,D:\github\exoneracoes_nomeacoes_dou\LAKE\RJ\2017\09\DOERJ_PARTE_I_PODER_EXECUTIVO_2017-09-21.md,D:\github\exoneracoes_nomeacoes_dou\saida\RJ\DOERJ_2017.csv,1542
termo_administrativo,ASSISTENTE PREVIDENCIÁRIO,ASSISTENTE PREVIDENCIÁRIO,sim,PREVIDENCIÁRIO:LOC|Assistente Previdenciário:PER,RJ,2017-09-18,nomeacao,,,,Secretario,5,Wilson Jose Witzel - Governador,Wilson Jose Witzel,Executivo estadual,https://www.ioerj.com.br/portal/modules/conteudoonline/mostra_edicao.php?session=VGpCUk1VNUZUVE5TUkd0MFRXcEpNVTFwTURCUlZWa3dURlZGTlU0d1NYUk5SRlV5VFdwVmVWSkVTVFJSVkZKQ1RWUmpNMDlFVFRGUFZHZDNUWGM5UFE9PQ==,D:\github\exoneracoes_nomeacoes_dou\LAKE\RJ\2017\09\DOERJ_PARTE_I_PODER_EXECUTIVO_2017-09-18.md,D:\github\exoneracoes_nomeacoes_dou\saida\RJ\DOERJ_2017.csv,1652
termo_administrativo,LILIAN DA SILVA ROCHA MARTINS NO CARGO DE PEDAGOGO. A MESMA DEVERÁ COMPARECER NA,LILIAN DA SILVA ROCHA MARTINS NO CARGO DE PEDAGOGO. A MESMA DEVERÁ COMPARECER NA,sim,LILIAN DA SILVA ROCHA MARTINS:MISC|CARGO DE PEDAGOGO:MISC|MESMA DEVERÁ COMPARECER:MISC|Lilian Da Silva Rocha Martins:PER,RJ,2017-09-13,nomeacao,,,,,,Wilson Jose Witzel - Governador,Wilson Jose Witzel,Executivo estadual,https://www.ioerj.com.br/portal/modules/conteudoonline/mostra_edicao.php?session=VVhwTk1VNUVZekJSTUZGMFRrUmplVTFUTURCUlZVcEhURlZLUjFKcVkzUk5SR3hIVFRCT1JrNXJSVFJSTUZVeVRWUmpNMDlFVFRKTlJHdDZUWGM5UFE9PQ==,D:\github\exoneracoes_nomeacoes_dou\LAKE\RJ\2017\09\DOERJ_DO_CAMPOS_PODER_EXECUTIVO_2017-09-13.md,D:\github\exoneracoes_nomeacoes_dou\saida\RJ\DOERJ_2017.csv,1734
termo_administrativo,ASSISTENTE SOCIAL,ASSISTENTE SOCIAL,sim,Assistente Social:PER,RJ,2017-09-12,nomeacao,,da Subsecretaria-Adjunta de Tratamento Penitenciário,,Secretario,5,Wilson Jose Witzel - Governador,Wilson Jose Witzel,Executivo estadual,https://www.ioerj.com.br/portal/modules/conteudoonline/mostra_edicao.php?session=VWxST1IwMVZTa2RSTUZsMFRucHJOVTFETURCT2FsSkRURlZLUTFKRVozUk5ha2t4VFd0SmQwNXFZM2hOZWxwRFRWUmpNMDlFVFRKTlZFVjNUVkU5UFE9PQ==,D:\github\exoneracoes_nomeacoes_dou\LAKE\RJ\2017\09\DOERJ_PARTE_I_PODER_EXECUTIVO_2017-09-12.md,D:\github\exoneracoes_nomeacoes_dou\saida\RJ\DOERJ_2017.csv,1741
termo_administrativo;muito_longo,JULIO MARCO SOUTELINO COSTA NO CARGO DE MÉDICO CLÍNICO. O MESMO DEVERÁ COMPARECER NA,JULIO MARCO SOUTELINO COSTA NO CARGO DE MÉDICO CLÍNICO. O MESMO DEVERÁ COMPARECER NA,sim,JULIO MARCO SOUTELINO COSTA:MISC|CARGO DE MÉDICO CLÍNICO:MISC|Julio Marco Soutelino Costa:PER,RJ,2017-09-06,nomeacao,,,,,,Wilson Jose Witzel - Governador,Wilson Jose Witzel,Executivo estadual,https://www.ioerj.com.br/portal/modules/conteudoonline/mostra_edicao.php?session=VFd0Tk5VMTZVVEJSTUZsMFRsVlplazVETURCT1JWWkdURlZHUTFKRVZYUk5hMVY1VFZST1JsSlVUa2RSVlVrelRWUmpNMDlFVFRKTlZGRjRUVkU5UFE9PQ==,D:\github\exoneracoes_nomeacoes_dou\LAKE\RJ\2017\09\DOERJ_DO_CAMPOS_PODER_EXECUTIVO_2017-09-06.md,D:\github\exoneracoes_nomeacoes_dou\saida\RJ\DOERJ_2017.csv,1793
termo_administrativo;muito_longo,CRISTIANE GOMES PESSANHA NO CARGO DE TÉCNICO EM ENFERMAGEM. A MESMA DEVERÁ COMPARECER NA,CRISTIANE GOMES PESSANHA NO CARGO DE TÉCNICO EM ENFERMAGEM. A MESMA DEVERÁ COMPARECER NA,sim,CRISTIANE GOMES PESSANHA NO:MISC|CARGO DE TÉCNICO:MISC|ENFERMAGEM:MISC|MESMA DEVERÁ COMPARECER:MISC|Cristiane:LOC|Gomes Pessanha:PER,RJ,2017-09-04,nomeacao,,,,,,Wilson Jose Witzel - Governador,Wilson Jose Witzel,Executivo estadual,https://www.ioerj.com.br/portal/modules/conteudoonline/mostra_edicao.php?session=VFhwSmQwMXFVWHBSYWsxMFRVUlpNRTVwTURCUFJFa3dURlZHUkZGclVYUk9SRUpGVGpCVk5WSkVTWHBSYWsweFRWUmpNMDlFVFRKTlZHYzFUbWM5UFE9PQ==,D:\github\exoneracoes_nomeacoes_dou\LAKE\RJ\2017\09\DOERJ_DO_CAMPOS_PODER_EXECUTIVO_2017-09-04.md,D:\github\exoneracoes_nomeacoes_dou\saida\RJ\DOERJ_2017.csv,1821
tem_numero;frase_administrativa;termo_administrativo,ID FUNCIONAL Nº 2023746-4. PROCESSO Nº E08/002/3372017,ID FUNCIONAL Nº 2023746-4. PROCESSO Nº E08/002/3372017,sim,Nº 2023746-4:MISC|Id Funcional Nº 2023746-4:MISC|Nº:PER,RJ,2017-09-01,nomeacao,,da Superintendência de Unidades Hospitalares II -Metro II,,Governador,1,Wilson Jose Witzel - Governador,Wilson Jose Witzel,Executivo estadual,https://www.ioerj.com.br/portal/modules/conteudoonline/mostra_edicao.php?session=VWxSR1JGSnJVVEJOZWxGMFVtcFJlRTVETURCTmFteENURlJuTkU1NlkzUlNSR1JIVDBSRk1VMTZaM2xPZWxVMFRWUmpNMDlFVFRKTmFrRXlUVkU5UFE9PQ==,D:\github\exoneracoes_nomeacoes_dou\LAKE\RJ\2017\09\DOERJ_PARTE_I_PODER_EXECUTIVO_2017-09-01.md,D:\github\exoneracoes_nomeacoes_dou\saida\RJ\DOERJ_2017.csv,1824
termo_administrativo,ASSESSORA CHEFE DE ZELADORIA E PATRIMÔNIO,ASSESSORA CHEFE DE ZELADORIA E PATRIMÔNIO,sim,ASSESSORA CHEFE:MISC|PATRIMÔNIO:ORG|Assessora Chefe:PER,RJ,2017-09-01,nomeacao,,,,Secretario,5,Wilson Jose Witzel - Governador,Wilson Jose Witzel,Executivo estadual,https://www.ioerj.com.br/portal/modules/conteudoonline/mostra_edicao.php?session=VWtSU1JFMUVTVEpTYWtWMFVXdFplRkY1TURCTmVrSkRURlZLUlUxNlFYUk9hbWhGVVhwQmVsSkVTa1pSZW1zMFRWUmpNMDlFVFRKTmFrRXlUVkU5UFE9PQ==,D:\github\exoneracoes_nomeacoes_dou\LAKE\RJ\2017\09\DOERJ_DO_CAMPOS_PODER_EXECUTIVO_2017-09-01.md,D:\github\exoneracoes_nomeacoes_dou\saida\RJ\DOERJ_2017.csv,1869
tem_numero;termo_administrativo,ID FUNCIONAL Nº 43448640/3,ID FUNCIONAL Nº 43448640/3,sim,ID FUNCIONAL:PER,RJ,2017-08-22,exoneracao,do cargo em comissão de Ajudante I,do Departamento Geral de Ações Sócioeducativas - DEGASE,,Secretario,5,Wilson Jose Witzel - Governador,Wilson Jose Witzel,Executivo estadual,https://www.ioerj.com.br/portal/modules/conteudoonline/mostra_edicao.php?session=VFdwQmQwMUVSVEZSVkZWMFQxUk5OVTlUTURCTk1GcEhURlZHUWsxNlNYUk5WRWwzVDFSYVExSnFVVEZQUkUwd1RWUmpNMDlFVFROTmFtc3dUa0U5UFE9PQ==,D:\github\exoneracoes_nomeacoes_dou\LAKE\RJ\2017\08\DOERJ_PARTE_I_PODER_EXECUTIVO_2017-08-22.md,D:\github\exoneracoes_nomeacoes_dou\saida\RJ\DOERJ_2017.csv,2108
termo_administrativo,ASSISTENTE PREVIDENCIÁRIO,ASSISTENTE PREVIDENCIÁRIO,sim,PREVIDENCIÁRIO:LOC|Assistente Previdenciário:PER,RJ,2017-08-18,nomeacao,,,,Secretario,5,Wilson Jose Witzel - Governador,Wilson Jose Witzel,Executivo estadual,https://www.ioerj.com.br/portal/modules/conteudoonline/mostra_edicao.php?session=VG10Rk5FMXJWVE5PYWtWMFQxUlZlazVwTURCUFZWVjVURlJuTWsxVVNYUlNhbHBGVVhwSmQxRnJXa1ZPYWtVMVRWUmpNMDlFVFROTmVrbDNUV2M5UFE9PQ==,D:\github\exoneracoes_nomeacoes_dou\LAKE\RJ\2017\08\DOERJ_PARTE_I_PODER_EXECUTIVO_2017-08-18.md,D:\github\exoneracoes_nomeacoes_dou\saida\RJ\DOERJ_2017.csv,2147
termo_administrativo;muito_longo,PALOMA GOMES MONTEIRO NO CARGO DE INSPETOR DE ALUNOS. A MESMA DEVERÁ COMPARECER À,PALOMA GOMES MONTEIRO NO CARGO DE INSPETOR DE ALUNOS. A MESMA DEVERÁ COMPARECER À,sim,PALOMA GOMES MONTEIRO:MISC|CARGO DE INSPETOR DE ALUNOS:MISC|MESMA DEVERÁ COMPARECER:MISC|Paloma Gomes Monteiro:PER,RJ,2017-08-17,nomeacao,,,,,,Wilson Jose Witzel - Governador,Wilson Jose Witzel,Executivo estadual,https://www.ioerj.com.br/portal/modules/conteudoonline/mostra_edicao.php?session=VDFSWk0wOUVTa0pOUkUxMFRqQlZlVTVUTURCUFJFWkdURlZGTlU1NlJYUk5hMDVDVWxSRk1VMXJTVEZPUlZWNFRWUmpNMDlFVFROTmVsVXhUMUU5UFE9PQ==,D:\github\exoneracoes_nomeacoes_dou\LAKE\RJ\2017\08\DOERJ_DO_CAMPOS_PODER_EXECUTIVO_2017-08-17.md,D:\github\exoneracoes_nomeacoes_dou\saida\RJ\DOERJ_2017.csv,2153
termo_administrativo,DOUGLAS COUTINHO MENANDRO NO CARGO DE AGENTE SOCIOEDUCATIVO MASCULINO,DOUGLAS COUTINHO MENANDRO NO CARGO DE AGENTE SOCIOEDUCATIVO MASCULINO,sim,DOUGLAS COUTINHO MENANDRO NO CARGO DE AGENTE SOCIOEDUCATIVO MASCULINO:MISC|Douglas Coutinho Menandro:PER,RJ,2017-08-15,nomeacao,,do Departamento Geral de Ações Socioeducativas - DEGASE,,Secretario,5,Wilson Jose Witzel - Governador,Wilson Jose Witzel,Executivo estadual,https://www.ioerj.com.br/portal/modules/conteudoonline/mostra_edicao.php?session=VG1wUmVrOUVUVE5OYW1OMFRXdEpNbEpETURCU1JHTTFURlJyTWs5RVVYUlNWRUpDVFZWS1FrOVVZM2hOUlVwRVRWUmpNMDlFVFROTmVtYzFUbEU5UFE9PQ==,D:\github\exoneracoes_nomeacoes_dou\LAKE\RJ\2017\08\DOERJ_PARTE_I_PODER_EXECUTIVO_2017-08-15.md,D:\github\exoneracoes_nomeacoes_dou\saida\RJ\DOERJ_2017.csv,2220
tem_numero;termo_administrativo,ID FUNCIONAL Nº 558586-4/5,ID FUNCIONAL Nº 558586-4/5,sim,ID FUNCIONAL:PER,RJ,2017-08-14,exoneracao,do cargo em comissão de Coordenador,da Superintendência de Infraestrutura,,Secretario,5,Wilson Jose Witzel - Governador,Wilson Jose Witzel,Executivo estadual,https://www.ioerj.com.br/portal/modules/conteudoonline/mostra_edicao.php?session=VFZSQ1IwMHdVa2RTVlUxMFVYcEpOVkZUTURCUFJHYzBURlJzUmxKcVJYUk5lbEV6VFRCV1IxRnFSVFJQUkVKSFRWUmpNMDlFVFROT1JFVjRUbmM5UFE9PQ==,D:\github\exoneracoes_nomeacoes_dou\LAKE\RJ\2017\08\DOERJ_PARTE_I_PODER_EXECUTIVO_2017-08-14.md,D:\github\exoneracoes_nomeacoes_dou\saida\RJ\DOERJ_2017.csv,2232
tem_numero;termo_administrativo,ID FUNCIONAL Nº 558586-4/5,ID FUNCIONAL Nº 558586-4/5,sim,ID FUNCIONAL:PER,RJ,2017-08-14,nomeacao,para exercer o cargo em comissão de Assistente,da Superintendência de Gestão das Regionais Pedagógicas,,Secretario,5,Wilson Jose Witzel - Governador,Wilson Jose Witzel,Executivo estadual,https://www.ioerj.com.br/portal/modules/conteudoonline/mostra_edicao.php?session=VFZSQ1IwMHdVa2RTVlUxMFVYcEpOVkZUTURCUFJHYzBURlJzUmxKcVJYUk5lbEV6VFRCV1IxRnFSVFJQUkVKSFRWUmpNMDlFVFROT1JFVjRUbmM5UFE9PQ==,D:\github\exoneracoes_nomeacoes_dou\LAKE\RJ\2017\08\DOERJ_PARTE_I_PODER_EXECUTIVO_2017-08-14.md,D:\github\exoneracoes_nomeacoes_dou\saida\RJ\DOERJ_2017.csv,2236
termo_administrativo,ID FUNCIONAL,ID FUNCIONAL,sim,ID FUNCIONAL:PER,RJ,2017-07-26,nomeacao,,do Instituto Socioambiental,,Secretario,5,Wilson Jose Witzel - Governador,Wilson Jose Witzel,Executivo estadual,https://www.ioerj.com.br/portal/modules/conteudoonline/mostra_edicao.php?session=VVd0R1JrNVVVa1JTUlZWMFRXcFJNRTVETURCU2EwMTRURlJvUkU1VlZYUlNWRTEzVW1wcmQwNHdWa1JSVkZwR1RWUmpNMDlFVFROT2Ftc3dUbWM5UFE9PQ==,D:\github\exoneracoes_nomeacoes_dou\LAKE\RJ\2017\07\DOERJ_PARTE_I_PODER_EXECUTIVO_2017-07-26.md,D:\github\exoneracoes_nomeacoes_dou\saida\RJ\DOERJ_2017.csv,2491
termo_administrativo,ID FUNCIONAL,ID FUNCIONAL,sim,ID FUNCIONAL:PER,RJ,2017-07-26,nomeacao,,do Instituto de do Estadual INEA,,Secretario,5,Wilson Jose Witzel - Governador,Wilson Jose Witzel,Executivo estadual,https://www.ioerj.com.br/portal/modules/conteudoonline/mostra_edicao.php?session=VVd0R1JrNVVVa1JTUlZWMFRXcFJNRTVETURCU2EwMTRURlJvUkU1VlZYUlNWRTEzVW1wcmQwNHdWa1JSVkZwR1RWUmpNMDlFVFROT2Ftc3dUbWM5UFE9PQ==,D:\github\exoneracoes_nomeacoes_dou\LAKE\RJ\2017\07\DOERJ_PARTE_I_PODER_EXECUTIVO_2017-07-26.md,D:\github\exoneracoes_nomeacoes_dou\saida\RJ\DOERJ_2017.csv,2493
termo_administrativo,ID FUNCIONAL,ID FUNCIONAL,sim,ID FUNCIONAL:PER,RJ,2017-07-26,nomeacao,,do Instituto INEA,,Secretario,5,Wilson Jose Witzel - Governador,Wilson Jose Witzel,Executivo estadual,https://www.ioerj.com.br/portal/modules/conteudoonline/mostra_edicao.php?session=VVd0R1JrNVVVa1JTUlZWMFRXcFJNRTVETURCU2EwMTRURlJvUkU1VlZYUlNWRTEzVW1wcmQwNHdWa1JSVkZwR1RWUmpNMDlFVFROT2Ftc3dUbWM5UFE9PQ==,D:\github\exoneracoes_nomeacoes_dou\LAKE\RJ\2017\07\DOERJ_PARTE_I_PODER_EXECUTIVO_2017-07-26.md,D:\github\exoneracoes_nomeacoes_dou\saida\RJ\DOERJ_2017.csv,2496
termo_administrativo,ID FUNCIONAL,ID FUNCIONAL,sim,ID FUNCIONAL:PER,RJ,2017-07-26,nomeacao,,do Instituto Estadual do Ambiente - INEA,,Secretario,5,Wilson Jose Witzel - Governador,Wilson Jose Witzel,Executivo estadual,https://www.ioerj.com.br/portal/modules/conteudoonline/mostra_edicao.php?session=VVd0R1JrNVVVa1JTUlZWMFRXcFJNRTVETURCU2EwMTRURlJvUkU1VlZYUlNWRTEzVW1wcmQwNHdWa1JSVkZwR1RWUmpNMDlFVFROT2Ftc3dUbWM5UFE9PQ==,D:\github\exoneracoes_nomeacoes_dou\LAKE\RJ\2017\07\DOERJ_PARTE_I_PODER_EXECUTIVO_2017-07-26.md,D:\github\exoneracoes_nomeacoes_dou\saida\RJ\DOERJ_2017.csv,2497
termo_administrativo,ID FUNCIONAL Nº,ID FUNCIONAL Nº,sim,ID FUNCIONAL:PER,RJ,2017-07-26,nomeacao,,do Instituto Estadual do Ambiente - INEA,,Secretario,5,Wilson Jose Witzel - Governador,Wilson Jose Witzel,Executivo estadual,https://www.ioerj.com.br/portal/modules/conteudoonline/mostra_edicao.php?session=VVd0R1JrNVVVa1JTUlZWMFRXcFJNRTVETURCU2EwMTRURlJvUkU1VlZYUlNWRTEzVW1wcmQwNHdWa1JSVkZwR1RWUmpNMDlFVFROT2Ftc3dUbWM5UFE9PQ==,D:\github\exoneracoes_nomeacoes_dou\LAKE\RJ\2017\07\DOERJ_PARTE_I_PODER_EXECUTIVO_2017-07-26.md,D:\github\exoneracoes_nomeacoes_dou\saida\RJ\DOERJ_2017.csv,2501
termo_administrativo,FÁBIO VIANA DO NASCIMENTO NO CARGO DE ACOMPANHANTE. O MESMO DEVERÁ COMPARECER NA,FÁBIO VIANA DO NASCIMENTO NO CARGO DE ACOMPANHANTE. O MESMO DEVERÁ COMPARECER NA,sim,FÁBIO VIANA DO NASCIMENTO NO CARGO DE ACOMPANHANTE:MISC|Fábio Viana Do Nascimento No Cargo De Acompanhante:PER,RJ,2017-07-24,nomeacao,,,,,,Wilson Jose Witzel - Governador,Wilson Jose Witzel,Executivo estadual,https://www.ioerj.com.br/portal/modules/conteudoonline/mostra_edicao.php?session=VFZWWmQxRnFiRVJTUkZGMFRWVk9RMUY1TURCUFJFRXpURlJzUWs5VldYUlJNRmw1VG1wU1FrMUVWVEJPZWxVd1RWUmpNMDlFVFROT2VtZDNUMUU5UFE9PQ==,D:\github\exoneracoes_nomeacoes_dou\LAKE\RJ\2017\07\DOERJ_DO_CAMPOS_PODER_EXECUTIVO_2017-07-24.md,D:\github\exoneracoes_nomeacoes_dou\saida\RJ\DOERJ_2017.csv,2556
termo_administrativo,ASSISTENTE PREVIDENCIÁRIO,ASSISTENTE PREVIDENCIÁRIO,sim,PREVIDENCIÁRIO:LOC|Assistente Previdenciário:PER,RJ,2017-07-20,nomeacao,,,,Secretario,5,Wilson Jose Witzel - Governador,Wilson Jose Witzel,Executivo estadual,https://www.ioerj.com.br/portal/modules/conteudoonline/mostra_edicao.php?session=VW10Tk5GSnJUa05SZWsxMFRWUlNSRTlUTURCUmFsSkhURlJvUmxKRlVYUk9la1V3VFZScmVVNXJVa05OVkZrMVRWUmpNMDlFVFROUFJGVjRUa0U5UFE9PQ==,D:\github\exoneracoes_nomeacoes_dou\LAKE\RJ\2017\07\DOERJ_PARTE_I_PODER_EXECUTIVO_2017-07-20.md,D:\github\exoneracoes_nomeacoes_dou\saida\RJ\DOERJ_2017.csv,2576
termo_administrativo,UM SERVIDOR EFETIVO,UM SERVIDOR EFETIVO,sim,SERVIDOR EFETIVO:MISC|Servidor Efetivo:PER,RJ,2017-07-19,nomeacao,para exercer o cargo de Tesoureiro do FUNPROGER,,,,,Wilson Jose Witzel - Governador,Wilson Jose Witzel,Executivo estadual,https://www.ioerj.com.br/portal/modules/conteudoonline/mostra_edicao.php?session=VFZSUmVsRlZTWGhPYW1kMFQxUlplRTlETURCT1JWbDRURlJuTkUxRVdYUk5WRTB4VFd0VmQwMUZXa1ZSVkVrelRWUmpNMDlFVFROUFZFRjRUbWM5UFE9PQ==,D:\github\exoneracoes_nomeacoes_dou\LAKE\RJ\2017\07\DOERJ_DO_CAMPOS_PODER_EXECUTIVO_2017-07-19.md,D:\github\exoneracoes_nomeacoes_dou\saida\RJ\DOERJ_2017.csv,2604
termo_administrativo;muito_longo,JÚLIO CESAR NOGUEIRA CARDOSO NO CARGO DE FISIOTERAPEUTA. A MESMA DEVERÁ COMPARECER NA,JÚLIO CESAR NOGUEIRA CARDOSO NO CARGO DE FISIOTERAPEUTA. A MESMA DEVERÁ COMPARECER NA,sim,JÚLIO CESAR:PER,RJ,2017-07-18,nomeacao,,,,Secretario,5,Wilson Jose Witzel - Governador,Wilson Jose Witzel,Executivo estadual,https://www.ioerj.com.br/portal/modules/conteudoonline/mostra_edicao.php?session=VVZSUk1rNHdSa05QVlZWMFVsUk9SMDFUTURCTlZFVXhURlJuTVZGcVdYUlJhMVV6VGtSc1JWRlVXa1pPZWxGNlRWUmpNMDlFVFROUFZFVXpUa0U5UFE9PQ==,D:\github\exoneracoes_nomeacoes_dou\LAKE\RJ\2017\07\DOERJ_DO_CAMPOS_PODER_EXECUTIVO_2017-07-18.md,D:\github\exoneracoes_nomeacoes_dou\saida\RJ\DOERJ_2017.csv,2655
termo_administrativo;muito_longo,FERNANDA BARCELOS PESSANHA NO CARGO DE ACOMPANHANTE. A MESMA DEVERÁ COMPARECER NA,FERNANDA BARCELOS PESSANHA NO CARGO DE ACOMPANHANTE. A MESMA DEVERÁ COMPARECER NA,sim,FERNANDA BARCELOS PESSANHA:PER,RJ,2017-07-17,nomeacao,,,,,,Wilson Jose Witzel - Governador,Wilson Jose Witzel,Executivo estadual,https://www.ioerj.com.br/portal/modules/conteudoonline/mostra_edicao.php?session=VWxSS1FrNUZXa1ZPYWtsMFVtcGFSMUpUTURCTlJVMDFURlJyZWs1cVVYUlJhbGt6VFdwT1IxSlVWa1pQUkVFeFRWUmpNMDlFVFROUFZFMDBUbEU5UFE9PQ==,D:\github\exoneracoes_nomeacoes_dou\LAKE\RJ\2017\07\DOERJ_DO_CAMPOS_PODER_EXECUTIVO_2017-07-17.md,D:\github\exoneracoes_nomeacoes_dou\saida\RJ\DOERJ_2017.csv,2668
termo_administrativo;muito_longo,GRAZIELLA PEIXOTO GONÇALVES DA SILVA NO CARGO DE ACOMPANHANTE. A MESMA DEVERÁ COMPARECER NA,GRAZIELLA PEIXOTO GONÇALVES DA SILVA NO CARGO DE ACOMPANHANTE. A MESMA DEVERÁ COMPARECER NA,sim,GRAZIELLA PEIXOTO:MISC|CARGO DE ACOMPANHANTE:MISC|MESMA DEVERÁ COMPARECER:MISC|Graziella Peixoto Gonçalves Da Silva:PER,RJ,2017-07-12,nomeacao,,,,,,Wilson Jose Witzel - Governador,Wilson Jose Witzel,Executivo estadual,https://www.ioerj.com.br/portal/modules/conteudoonline/mostra_edicao.php?session=VFZSVk5VNVZTa2ROUkUxMFQxVlNSVkZwTURCTk1GcENURlZKZWsxVlRYUk9SRXBFVFVWRk5WRlZVa0pTYWsxNFRWUmpNMDlFVFRSTlJFRTFUWGM5UFE9PQ==,D:\github\exoneracoes_nomeacoes_dou\LAKE\RJ\2017\07\DOERJ_DO_CAMPOS_PODER_EXECUTIVO_2017-07-12.md,D:\github\exoneracoes_nomeacoes_dou\saida\RJ\DOERJ_2017.csv,2771
termo_administrativo,LEANDRO PEREIRA BITENCOURT NO CARGO DE PSICÓLOGO. O MESMO DEVERÁ COMPARECER NA,LEANDRO PEREIRA BITENCOURT NO CARGO DE PSICÓLOGO. O MESMO DEVERÁ COMPARECER NA,sim,LEANDRO PEREIRA BITENCOURT:MISC|CARGO DE PSICÓLOGO:MISC|Leandro Pereira Bitencourt:PER,RJ,2017-07-12,nomeacao,,,,,,Wilson Jose Witzel - Governador,Wilson Jose Witzel,Executivo estadual,https://www.ioerj.com.br/portal/modules/conteudoonline/mostra_edicao.php?session=VFZSVk5VNVZTa2ROUkUxMFQxVlNSVkZwTURCTk1GcENURlZKZWsxVlRYUk9SRXBFVFVWRk5WRlZVa0pTYWsxNFRWUmpNMDlFVFRSTlJFRTFUWGM5UFE9PQ==,D:\github\exoneracoes_nomeacoes_dou\LAKE\RJ\2017\07\DOERJ_DO_CAMPOS_PODER_EXECUTIVO_2017-07-12.md,D:\github\exoneracoes_nomeacoes_dou\saida\RJ\DOERJ_2017.csv,2772
termo_administrativo;muito_longo,ALAINE GOMES VICENTE NO CARGO DE TÉCNICO EM FARMÁCIA. A MESMA DEVERÁ COMPARECER NA,ALAINE GOMES VICENTE NO CARGO DE TÉCNICO EM FARMÁCIA. A MESMA DEVERÁ COMPARECER NA,sim,ALAINE GOMES VICENTE:MISC|CARGO DE TÉCNICO:MISC|FARMÁCIA:ORG|MESMA DEVERÁ COMPARECER:MISC|Alaine Gomes Vicente:PER,RJ,2017-07-06,nomeacao,,,,,,Wilson Jose Witzel - Governador,Wilson Jose Witzel,Executivo estadual,https://www.ioerj.com.br/portal/modules/conteudoonline/mostra_edicao.php?session=VFVSa1JFOUVTa05OUkd0MFVYcFdSVkZwTURCTlJFWkRURlJyZUZGNldYUlJlbXhGVW10U1FsRjZRWGxPVkd4SFRWUmpNMDlFVFRSTlJHdDVUVkU5UFE9PQ==,D:\github\exoneracoes_nomeacoes_dou\LAKE\RJ\2017\07\DOERJ_DO_CAMPOS_PODER_EXECUTIVO_2017-07-06.md,D:\github\exoneracoes_nomeacoes_dou\saida\RJ\DOERJ_2017.csv,2870
termo_administrativo,MONICA RIBEIRO DA SILVA NO CARGO DE ACOMPANHANTE. - A MESMA DEVERÁ COMPARECER NA,MONICA RIBEIRO DA SILVA NO CARGO DE ACOMPANHANTE. - A MESMA DEVERÁ COMPARECER NA,sim,MONICA RIBEIRO DA SILVA:PER,RJ,2017-06-29,nomeacao,,,,,,Wilson Jose Witzel - Governador,Wilson Jose Witzel,Executivo estadual,https://www.ioerj.com.br/portal/modules/conteudoonline/mostra_edicao.php?session=VFVSS1JGRXdVWGxOVkdkMFQwVkdSRTU1TURCU1JWcENURlJvUjAxcVNYUlJWR2N3VWxSRmVVNTZaekZPUkVwRlRWUmpNMDlFVFRSTlZHdDRUVkU5UFE9PQ==,D:\github\exoneracoes_nomeacoes_dou\LAKE\RJ\2017\06\DOERJ_DO_CAMPOS_PODER_EXECUTIVO_2017-06-29.md,D:\github\exoneracoes_nomeacoes_dou\saida\RJ\DOERJ_2017.csv,2946
termo_administrativo,ASSESSORA CHEFE DE ZELADORIA E PATRIMÔNIO,ASSESSORA CHEFE DE ZELADORIA E PATRIMÔNIO,sim,ASSESSORA CHEFE:MISC|PATRIMÔNIO:ORG|Assessora Chefe:PER,RJ,2017-06-29,nomeacao,,,,Secretario,5,Wilson Jose Witzel - Governador,Wilson Jose Witzel,Executivo estadual,https://www.ioerj.com.br/portal/modules/conteudoonline/mostra_edicao.php?session=VFVSS1JGRXdVWGxOVkdkMFQwVkdSRTU1TURCU1JWcENURlJvUjAxcVNYUlJWR2N3VWxSRmVVNTZaekZPUkVwRlRWUmpNMDlFVFRSTlZHdDRUVkU5UFE9PQ==,D:\github\exoneracoes_nomeacoes_dou\LAKE\RJ\2017\06\DOERJ_DO_CAMPOS_PODER_EXECUTIVO_2017-06-29.md,D:\github\exoneracoes_nomeacoes_dou\saida\RJ\DOERJ_2017.csv,2947
menos_de_2_tokens,LEIA-SE,LEIA-SE,sim,LEIA-SE:PER,RJ,2017-06-28,nomeacao,,,,Secretario,5,Wilson Jose Witzel - Governador,Wilson Jose Witzel,Executivo estadual,https://www.ioerj.com.br/portal/modules/conteudoonline/mostra_edicao.php?session=VWtWWmVVMVVTVFZSZWxsMFVsUlplRTFETURCUFJHZDNURlJyTUU1cVdYUlNSVVV3VG5wSmVVNUZSWHBPUkdSRFRWUmpNMDlFVFRSTlZHczFUVkU5UFE9PQ==,D:\github\exoneracoes_nomeacoes_dou\LAKE\RJ\2017\06\DOERJ_PARTE_I_PODER_EXECUTIVO_2017-06-28.md,D:\github\exoneracoes_nomeacoes_dou\saida\RJ\DOERJ_2017.csv,2959
termo_administrativo;muito_longo,FILIPE FREITAS BARRETO NO CARGO DE ASSESSOR TÉCNICO . O MESMO DEVERÁ COMPARECER NA,FILIPE FREITAS BARRETO NO CARGO DE ASSESSOR TÉCNICO . O MESMO DEVERÁ COMPARECER NA,sim,FILIPE FREITAS:MISC|CARGO DE ASSESSOR TÉCNICO:MISC|Filipe Freitas Barreto:PER,RJ,2017-06-28,nomeacao,,,,,,Wilson Jose Witzel - Governador,Wilson Jose Witzel,Executivo estadual,https://www.ioerj.com.br/portal/modules/conteudoonline/mostra_edicao.php?session=VG5wYVJFMVZXa05TUlZGMFRVUkpORTFwTURCT2Vra3hURlJzUkUxNmEzUk5la1V3VFhwWmVVMXFaRVJSYWtwRlRWUmpNMDlFVFRSTlZHczFUVkU5UFE9PQ==,D:\github\exoneracoes_nomeacoes_dou\LAKE\RJ\2017\06\DOERJ_DO_CAMPOS_PODER_EXECUTIVO_2017-06-28.md,D:\github\exoneracoes_nomeacoes_dou\saida\RJ\DOERJ_2017.csv,2960
termo_administrativo,ASSISTENTE PREVIDENCIÁRIO,ASSISTENTE PREVIDENCIÁRIO,sim,PREVIDENCIÁRIO:LOC|Assistente Previdenciário:PER,RJ,2017-06-21,exoneracao,do cargo em comissão de Coordenador,,,Secretario,5,Wilson Jose Witzel - Governador,Wilson Jose Witzel,Executivo estadual,https://www.ioerj.com.br/portal/modules/conteudoonline/mostra_edicao.php?session=VFhwak5FNXFaM3BTYWxGMFVrUk5NVTVUTURCT2EwWkRURlZLUTA0d1NYUk5hMVpEVW10SmVGRnJUVEJSVkU1SFRWUmpNMDlFVFRSTmVtZDZUV2M5UFE9PQ==,D:\github\exoneracoes_nomeacoes_dou\LAKE\RJ\2017\06\DOERJ_PARTE_I_PODER_EXECUTIVO_2017-06-21.md,D:\github\exoneracoes_nomeacoes_dou\saida\RJ\DOERJ_2017.csv,3083
termo_administrativo;muito_longo,BIANCA FAGUNDES GONÇALVES NO CARGO DE FISIOTERAPEUTA. A MESMA DEVERÁ COMPARECER NA,BIANCA FAGUNDES GONÇALVES NO CARGO DE FISIOTERAPEUTA. A MESMA DEVERÁ COMPARECER NA,sim,BIANCA FAGUNDES GONÇALVES:MISC|CARGO DE FISIOTERAPEUTA:MISC|MESMA DEVERÁ COMPARECER:MISC|Bianca Fagundes Gonçalves:PER,RJ,2017-06-14,nomeacao,,,,,,Wilson Jose Witzel - Governador,Wilson Jose Witzel,Executivo estadual,https://www.ioerj.com.br/portal/modules/conteudoonline/mostra_edicao.php?session=VFZWUk1sRnJWWGRPUlZWMFRYcHJlazVETURCT2FtczBURlJuTVU5VWEzUlNhbXMxVW1wVmVrNUZWVE5OYW1zelRWUmpNMDlFVFRST1JGbDVUbWM5UFE9PQ==,D:\github\exoneracoes_nomeacoes_dou\LAKE\RJ\2017\06\DOERJ_DO_CAMPOS_PODER_EXECUTIVO_2017-06-14.md,D:\github\exoneracoes_nomeacoes_dou\saida\RJ\DOERJ_2017.csv,3187
termo_administrativo,ASSESSORA CHEFE DE ZELADORIA E PATRIMÔNIO,ASSESSORA CHEFE DE ZELADORIA E PATRIMÔNIO,sim,ASSESSORA CHEFE:MISC|PATRIMÔNIO:ORG|Assessora Chefe:PER,RJ,2017-06-14,nomeacao,,,,,,Wilson Jose Witzel - Governador,Wilson Jose Witzel,Executivo estadual,https://www.ioerj.com.br/portal/modules/conteudoonline/mostra_edicao.php?session=VFZWUk1sRnJWWGRPUlZWMFRYcHJlazVETURCT2FtczBURlJuTVU5VWEzUlNhbXMxVW1wVmVrNUZWVE5OYW1zelRWUmpNMDlFVFRST1JGbDVUbWM5UFE9PQ==,D:\github\exoneracoes_nomeacoes_dou\LAKE\RJ\2017\06\DOERJ_DO_CAMPOS_PODER_EXECUTIVO_2017-06-14.md,D:\github\exoneracoes_nomeacoes_dou\saida\RJ\DOERJ_2017.csv,3188
termo_administrativo,EDUARDO EMERENCIANO TAVARES NO CARGO DE PROFESSOR INSPETOR ESCOLAR,EDUARDO EMERENCIANO TAVARES NO CARGO DE PROFESSOR INSPETOR ESCOLAR,sim,EDUARDO:PER,RJ,2017-06-09,nomeacao,,,,Secretario,5,Wilson Jose Witzel - Governador,Wilson Jose Witzel,Executivo estadual,https://www.ioerj.com.br/portal/modules/conteudoonline/mostra_edicao.php?session=VG5wTk5VMVVZekpSZWtGMFRucHJlVkpUTURCTmVsSkhURlZLUlU5RVdYUlJWRVpEVWxSWk5WRnFhRVpTVkdoRlRWUmpNMDlFVFRST1ZFa3pUa0U5UFE9PQ==,D:\github\exoneracoes_nomeacoes_dou\LAKE\RJ\2017\06\DOERJ_PARTE_I_PODER_EXECUTIVO_2017-06-09.md,D:\github\exoneracoes_nomeacoes_dou\saida\RJ\DOERJ_2017.csv,3243
termo_administrativo,ASSESSORA CHEFE DE ZELADORIA E PATRIMÔNIO,ASSESSORA CHEFE DE ZELADORIA E PATRIMÔNIO,sim,ASSESSORA CHEFE:MISC|PATRIMÔNIO:ORG|Assessora Chefe:PER,RJ,2017-06-07,nomeacao,,,,Secretario,5,Wilson Jose Witzel - Governador,Wilson Jose Witzel,Executivo estadual,https://www.ioerj.com.br/portal/modules/conteudoonline/mostra_edicao.php?session=VW1wTk5VNUZSa05QUkd0MFVtcE5lbEpUTURCU1ZFNUZURlJyTWxGVVNYUlJNRWwzVGtWR1JWRnFRVEJOVkd0NFRWUmpNMDlFVFRST1ZGVjZUV2M5UFE9PQ==,D:\github\exoneracoes_nomeacoes_dou\LAKE\RJ\2017\06\DOERJ_DO_CAMPOS_PODER_EXECUTIVO_2017-06-07.md,D:\github\exoneracoes_nomeacoes_dou\saida\RJ\DOERJ_2017.csv,3305
termo_administrativo,ASSISTENTE PREVIDENCIÁRIO,ASSISTENTE PREVIDENCIÁRIO,sim,PREVIDENCIÁRIO:LOC|Assistente Previdenciário:PER,RJ,2017-06-05,nomeacao,,,,Secretario,5,Wilson Jose Witzel - Governador,Wilson Jose Witzel,Executivo estadual,https://www.ioerj.com.br/portal/modules/conteudoonline/mostra_edicao.php?session=VVdwcmQxSlVaRVpOUkVGMFRsUnJNazlUTURCT1JWVXpURlJuTTFKRVRYUlJWVTVHVFRCYVFrNUVXWHBTVkZFMFRWUmpNMDlFVFRST1ZHczFUbEU5UFE9PQ==,D:\github\exoneracoes_nomeacoes_dou\LAKE\RJ\2017\06\DOERJ_PARTE_I_PODER_EXECUTIVO_2017-06-05.md,D:\github\exoneracoes_nomeacoes_dou\saida\RJ\DOERJ_2017.csv,3342
termo_administrativo,ANDRESSA SANTOS TARDEM NO CARGO DE BIÓLOGO . - A MESMA DEVERÁ COMPARECER NA,ANDRESSA SANTOS TARDEM NO CARGO DE BIÓLOGO . - A MESMA DEVERÁ COMPARECER NA,sim,ANDRESSA SANTOS:MISC|CARGO DE BIÓLOGO:MISC|MESMA DEVERÁ:MISC|Andressa Santos Tardem:PER,RJ,2017-05-30,nomeacao,,,,,,Wilson Jose Witzel - Governador,Wilson Jose Witzel,Executivo estadual,https://www.ioerj.com.br/portal/modules/conteudoonline/mostra_edicao.php?session=VG5wS1IxSlZVVFJOYWxWMFRUQkZNazlUTURCU2ExcEhURlJyZDFKVlNYUk5NRkV5VWxSck5VMXFUWGRQVlZGNlRWUmpNMDlFVFRST2FtdDZUV2M5UFE9PQ==,D:\github\exoneracoes_nomeacoes_dou\LAKE\RJ\2017\05\DOERJ_DO_CAMPOS_PODER_EXECUTIVO_2017-05-30.md,D:\github\exoneracoes_nomeacoes_dou\saida\RJ\DOERJ_2017.csv,3411
termo_administrativo,FELIPE LUSTOZA ALVES NO CARGO DE CADETE BOMBEIRO MILITAR,FELIPE LUSTOZA ALVES NO CARGO DE CADETE BOMBEIRO MILITAR,sim,FELIPE LUSTOZA ALVES:PER,RJ,2017-05-29,nomeacao,,,,Secretario,5,Wilson Jose Witzel - Governador,Wilson Jose Witzel,Executivo estadual,https://www.ioerj.com.br/portal/modules/conteudoonline/mostra_edicao.php?session=VG1wS1JVMXJTVEJQUkdOMFVWUnNSMDVwTURCTlZWWkVURlZGZUU1RVZYUk5WVnBDVW10Uk5VNUVTWGxOVkdONFRWUmpNMDlFVFRST2VrVjNUMEU5UFE9PQ==,D:\github\exoneracoes_nomeacoes_dou\LAKE\RJ\2017\05\DOERJ_PARTE_I_PODER_EXECUTIVO_2017-05-29.md,D:\github\exoneracoes_nomeacoes_dou\saida\RJ\DOERJ_2017.csv,3420
termo_administrativo;muito_longo,FABIANA SIQUEIRA SALES NO CARGO DE ASSESSOR TÉCNICO. - A MESMA DEVERÁ COMPARECER NA,FABIANA SIQUEIRA SALES NO CARGO DE ASSESSOR TÉCNICO. - A MESMA DEVERÁ COMPARECER NA,sim,SIQUEIRA SALES:MISC|CARGO DE ASSESSOR TÉCNICO:MISC|MESMA DEVERÁ:MISC|Fabiana Siqueira Sales:PER,RJ,2017-05-22,nomeacao,,,,,,Wilson Jose Witzel - Governador,Wilson Jose Witzel,Executivo estadual,https://www.ioerj.com.br/portal/modules/conteudoonline/mostra_edicao.php?session=VVhwWmVGRXdXa1JTVkdOMFVYcFZkMDVETURCT1JVWkhURlZGZUUxVVVYUlNhbFpHVVdwYVEwOUVhelZPVlUxM1RWUmpNMDlFVFRSUFJGazFUVUU5UFE9PQ==,D:\github\exoneracoes_nomeacoes_dou\LAKE\RJ\2017\05\DOERJ_DO_CAMPOS_PODER_EXECUTIVO_2017-05-22.md,D:\github\exoneracoes_nomeacoes_dou\saida\RJ\DOERJ_2017.csv,3516
termo_administrativo,FLAVIA MENDES MARTINS NO CARGO DE FISIOTERAPEUTA. - A MESMA DEVERÁ COMPARECER NA,FLAVIA MENDES MARTINS NO CARGO DE FISIOTERAPEUTA. - A MESMA DEVERÁ COMPARECER NA,sim,FLAVIA MENDES MARTINS:PER,RJ,2017-05-19,nomeacao,,,,,,Wilson Jose Witzel - Governador,Wilson Jose Witzel,Executivo estadual,https://www.ioerj.com.br/portal/modules/conteudoonline/mostra_edicao.php?session=VFZWRk1sSnJXa2RSYWtsMFVsUkJOVkpUTURCT2FsWkdURlJyTVUwd1NYUlBWVnBDVDBWSk1FMVZVVFJTYTBaSFRWUmpNMDlFVFRSUFJHZDRUV2M5UFE9PQ==,D:\github\exoneracoes_nomeacoes_dou\LAKE\RJ\2017\05\DOERJ_DO_CAMPOS_PODER_EXECUTIVO_2017-05-19.md,D:\github\exoneracoes_nomeacoes_dou\saida\RJ\DOERJ_2017.csv,3557
termo_administrativo,ASSESSORA CHEFE DE ZELADORIA E PATRIMÔNIO,ASSESSORA CHEFE DE ZELADORIA E PATRIMÔNIO,sim,ASSESSORA CHEFE:MISC|PATRIMÔNIO:ORG|Assessora Chefe:PER,RJ,2017-05-19,nomeacao,,,,Secretario,5,Wilson Jose Witzel - Governador,Wilson Jose Witzel,Executivo estadual,https://www.ioerj.com.br/portal/modules/conteudoonline/mostra_edicao.php?session=VFZWRk1sSnJXa2RSYWtsMFVsUkJOVkpUTURCT2FsWkdURlJyTVUwd1NYUlBWVnBDVDBWSk1FMVZVVFJTYTBaSFRWUmpNMDlFVFRSUFJHZDRUV2M5UFE9PQ==,D:\github\exoneracoes_nomeacoes_dou\LAKE\RJ\2017\05\DOERJ_DO_CAMPOS_PODER_EXECUTIVO_2017-05-19.md,D:\github\exoneracoes_nomeacoes_dou\saida\RJ\DOERJ_2017.csv,3558
termo_administrativo,ADRIANA MELO DE ABREU NO CARGO DE PEDAGOGO. A MESMA DEVERÁ COMPARECER NA,ADRIANA MELO DE ABREU NO CARGO DE PEDAGOGO. A MESMA DEVERÁ COMPARECER NA,sim,ADRIANA MELO DE ABREU NO:PER,RJ,2017-05-17,nomeacao,,,,,,Wilson Jose Witzel - Governador,Wilson Jose Witzel,Executivo estadual,https://www.ioerj.com.br/portal/modules/conteudoonline/mostra_edicao.php?session=VDFSbk0xRlVXVEpTVkUxMFVXcFNSMDlUTURCT2VrVjZURlJuTlUwd1ZYUk5WVWwzVGtSYVJVNXFXVEJTUlVwSFRWUmpNMDlFVFRSUFZFbDRUV2M5UFE9PQ==,D:\github\exoneracoes_nomeacoes_dou\LAKE\RJ\2017\05\DOERJ_DO_CAMPOS_PODER_EXECUTIVO_2017-05-17.md,D:\github\exoneracoes_nomeacoes_dou\saida\RJ\DOERJ_2017.csv,3607
tem_numero;termo_administrativo,ID FUNCIONAL Nº 1984361-5/1,ID FUNCIONAL Nº 1984361-5/1,sim,ID FUNCIONAL:PER,RJ,2017-05-15,nomeacao,para exercer o cargo em comissão de Chefe de Setor - Coordenador de Plantão,do Departamento Geral de Ações Sócioeducativas - DEGASE,,Secretario,5,Wilson Jose Witzel - Governador,Wilson Jose Witzel,Executivo estadual,https://www.ioerj.com.br/portal/modules/conteudoonline/mostra_edicao.php?session=VVdwbk1rOUZWWGxPVlVsMFVtcGplbEY1TURCU2FsWkdURlJuTWs5VVozUk9la0Y2VFVScmVFNVZTa2RQUkZVeFRWUmpNMDlFVFRWTlJGRXpUa0U5UFE9PQ==,D:\github\exoneracoes_nomeacoes_dou\LAKE\RJ\2017\05\DOERJ_PARTE_I_PODER_EXECUTIVO_2017-05-15.md,D:\github\exoneracoes_nomeacoes_dou\saida\RJ\DOERJ_2017.csv,3644
termo_administrativo;muito_longo,SIMONE PESSANHA CORDEIRO NO CARGO DE ASSESSOR TÉCNICO. - A MESMA DEVERÁ COMPARECER NA,SIMONE PESSANHA CORDEIRO NO CARGO DE ASSESSOR TÉCNICO. - A MESMA DEVERÁ COMPARECER NA,sim,PESSANHA CORDEIRO:MISC|CARGO DE ASSESSOR TÉCNICO:MISC|MESMA DEVERÁ:MISC|Simone Pessanha Cordeiro:PER,RJ,2017-05-05,nomeacao,,,,,,Wilson Jose Witzel - Governador,Wilson Jose Witzel,Executivo estadual,https://www.ioerj.com.br/portal/modules/conteudoonline/mostra_edicao.php?session=VDFSV1JrOVVXVEJPYWtWMFRVUk5lVTFETURCU1JFRXhURlZKZUUxVWEzUlNWVkY2VDBWTmVVNVVaRU5SZWxFMFRWUmpNMDlFVFRWTlZGVjRUMUU5UFE9PQ==,D:\github\exoneracoes_nomeacoes_dou\LAKE\RJ\2017\05\DOERJ_DO_CAMPOS_PODER_EXECUTIVO_2017-05-05.md,D:\github\exoneracoes_nomeacoes_dou\saida\RJ\DOERJ_2017.csv,3837
termo_administrativo;muito_longo,MARIANA MORAIS MARTINS NO CARGO DE ASSESSOR TÉCNICO. - A MESMA DEVERÁ COMPARECER NA,MARIANA MORAIS MARTINS NO CARGO DE ASSESSOR TÉCNICO. - A MESMA DEVERÁ COMPARECER NA,sim,MORAIS MARTINS:MISC|CARGO DE ASSESSOR TÉCNICO:MISC|MESMA DEVERÁ:MISC|Mariana Morais Martins No Cargo De Assessor Técnico:PER,RJ,2017-05-05,nomeacao,,,,,,Wilson Jose Witzel - Governador,Wilson Jose Witzel,Executivo estadual,https://www.ioerj.com.br/portal/modules/conteudoonline/mostra_edicao.php?session=VDFSV1JrOVVXVEJPYWtWMFRVUk5lVTFETURCU1JFRXhURlZKZUUxVWEzUlNWVkY2VDBWTmVVNVVaRU5SZWxFMFRWUmpNMDlFVFRWTlZGVjRUMUU5UFE9PQ==,D:\github\exoneracoes_nomeacoes_dou\LAKE\RJ\2017\05\DOERJ_DO_CAMPOS_PODER_EXECUTIVO_2017-05-05.md,D:\github\exoneracoes_nomeacoes_dou\saida\RJ\DOERJ_2017.csv,3838
termo_administrativo,DANIEL CAMPOS FREIRE NO CARGO DE MÉDICO PEDIATRA . O MESMO DEVERÁ COMPARECER NA,DANIEL CAMPOS FREIRE NO CARGO DE MÉDICO PEDIATRA . O MESMO DEVERÁ COMPARECER NA,sim,DANIEL CAMPOS FREIRE:MISC|CARGO DE MÉDICO PEDIATRA:MISC|Daniel Campos Freire:PER,RJ,2017-05-05,nomeacao,,,,,,Wilson Jose Witzel - Governador,Wilson Jose Witzel,Executivo estadual,https://www.ioerj.com.br/portal/modules/conteudoonline/mostra_edicao.php?session=VDFSV1JrOVVXVEJPYWtWMFRVUk5lVTFETURCU1JFRXhURlZKZUUxVWEzUlNWVkY2VDBWTmVVNVVaRU5SZWxFMFRWUmpNMDlFVFRWTlZGVjRUMUU5UFE9PQ==,D:\github\exoneracoes_nomeacoes_dou\LAKE\RJ\2017\05\DOERJ_DO_CAMPOS_PODER_EXECUTIVO_2017-05-05.md,D:\github\exoneracoes_nomeacoes_dou\saida\RJ\DOERJ_2017.csv,3839
termo_administrativo,MARCELO GOMES MOÇO NO CARGO DE TÉCNICO EM FARMÁCIA. O MESMO DEVERÁ COMPARECER NA,MARCELO GOMES MOÇO NO CARGO DE TÉCNICO EM FARMÁCIA. O MESMO DEVERÁ COMPARECER NA,sim,MARCELO GOMES MOÇO:MISC|CARGO DE TÉCNICO:MISC|FARMÁCIA:ORG|Marcelo Gomes Moço:PER,RJ,2017-04-27,nomeacao,,,,,,Wilson Jose Witzel - Governador,Wilson Jose Witzel,Executivo estadual,https://www.ioerj.com.br/portal/modules/conteudoonline/mostra_edicao.php?session=VWtWRmQwOVVZekpSVkZGMFRtdEpOVTVUTURCTlJHdDNURlZGTlUxNlozUlNhbXQ0VVdwa1EwNXFUWGxOZWtFd1RWUmpNMDlFVFRWTmFsRXhUbEU5UFE9PQ==,D:\github\exoneracoes_nomeacoes_dou\LAKE\RJ\2017\04\DOERJ_DO_CAMPOS_PODER_EXECUTIVO_2017-04-27.md,D:\github\exoneracoes_nomeacoes_dou\saida\RJ\DOERJ_2017.csv,4007
termo_administrativo,LEILÇA SILVA JUNQUEIRA NO CARGO DE PSICÓLOGO. A MESMA DEVERÁ COMPARECER NA,LEILÇA SILVA JUNQUEIRA NO CARGO DE PSICÓLOGO. A MESMA DEVERÁ COMPARECER NA,sim,LEILÇA SILVA JUNQUEIRA:PER,RJ,2017-04-27,nomeacao,,,,,,Wilson Jose Witzel - Governador,Wilson Jose Witzel,Executivo estadual,https://www.ioerj.com.br/portal/modules/conteudoonline/mostra_edicao.php?session=VWtWRmQwOVVZekpSVkZGMFRtdEpOVTVUTURCTlJHdDNURlZGTlUxNlozUlNhbXQ0VVdwa1EwNXFUWGxOZWtFd1RWUmpNMDlFVFRWTmFsRXhUbEU5UFE9PQ==,D:\github\exoneracoes_nomeacoes_dou\LAKE\RJ\2017\04\DOERJ_DO_CAMPOS_PODER_EXECUTIVO_2017-04-27.md,D:\github\exoneracoes_nomeacoes_dou\saida\RJ\DOERJ_2017.csv,4008
termo_administrativo,ASSISTENTE PREVIDENCIÁRIO,ASSISTENTE PREVIDENCIÁRIO,sim,PREVIDENCIÁRIO:LOC|Assistente Previdenciário:PER,RJ,2017-04-26,nomeacao,,,,Secretario,5,Wilson Jose Witzel - Governador,Wilson Jose Witzel,Executivo estadual,https://www.ioerj.com.br/portal/modules/conteudoonline/mostra_edicao.php?session=VG1wWk5FMVZXVEpOUkdkMFRWUlpORkZwTURCTmVsRXdURlZLUTA0d1JYUk9ha0Y1VFZSUk1sSkZWa1pTUkdjMVRWUmpNMDlFVFRWTmFsa3lUMEU5UFE9PQ==,D:\github\exoneracoes_nomeacoes_dou\LAKE\RJ\2017\04\DOERJ_PARTE_I_PODER_EXECUTIVO_2017-04-26.md,D:\github\exoneracoes_nomeacoes_dou\saida\RJ\DOERJ_2017.csv,4016
termo_administrativo,SENDO SUBSTITUÍDO PELO SERVIDOR NOMEADO POR NOVA PORTARIA DO CHEFE,SENDO SUBSTITUÍDO PELO SERVIDOR NOMEADO POR NOVA PORTARIA DO CHEFE,sim,SENDO SUBSTITUÍDO:MISC|SERVIDOR:MISC|NOVA PORTARIA DO CHEFE:LOC|Substituído Pelo Servidor Nomeado:PER,RJ,2017-04-17,nomeacao,,,,,,Wilson Jose Witzel - Governador,Wilson Jose Witzel,Executivo estadual,https://www.ioerj.com.br/portal/modules/conteudoonline/mostra_edicao.php?session=VW1wbk1rOVVUa1ZOTUUxMFQxVlpOVkpUTURCTlZVVXlURlJyTWs5RlRYUlBWVnBDVWtSak1sRlZXa2RSVlUxNFRWUmpNMDlFVFRWT1JHTXlUV2M5UFE9PQ==,D:\github\exoneracoes_nomeacoes_dou\LAKE\RJ\2017\04\DOERJ_DO_CAMPOS_PODER_EXECUTIVO_2017-04-17.md,D:\github\exoneracoes_nomeacoes_dou\saida\RJ\DOERJ_2017.csv,4146
termo_administrativo,ASSESSORA CHEFE DE ZELADORIA E PATRIMÔNIO,ASSESSORA CHEFE DE ZELADORIA E PATRIMÔNIO,sim,ASSESSORA CHEFE:MISC|PATRIMÔNIO:ORG|Assessora Chefe:PER,RJ,2017-04-10,nomeacao,,,,Secretario,5,Wilson Jose Witzel - Governador,Wilson Jose Witzel,Executivo estadual,https://www.ioerj.com.br/portal/modules/conteudoonline/mostra_edicao.php?session=VFdwUmVWSkZTVFJPVkVGMFRqQk9SMUpETURCTlZWcEVURlZKTVU1VVkzUlBWRVV6VDBSSk1FMXFVVEpQVlUxM1RWUmpNMDlFVFRWT1ZFa3lUVUU5UFE9PQ==,D:\github\exoneracoes_nomeacoes_dou\LAKE\RJ\2017\04\DOERJ_DO_CAMPOS_PODER_EXECUTIVO_2017-04-10.md,D:\github\exoneracoes_nomeacoes_dou\saida\RJ\DOERJ_2017.csv,4322
termo_administrativo,ASSISTENTE PREVIDENCIÁRIO,ASSISTENTE PREVIDENCIÁRIO,sim,PREVIDENCIÁRIO:LOC|Assistente Previdenciário:PER,RJ,2017-04-07,nomeacao,,,,Secretario,5,Wilson Jose Witzel - Governador,Wilson Jose Witzel,Executivo estadual,https://www.ioerj.com.br/portal/modules/conteudoonline/mostra_edicao.php?session=VFVWWk1rMXJSVEZPYWsxMFVWUnJNazFETURCT2EwVXdURlJzUTFGcVFYUlJla1pFVVhwQk5WRjZWa05PVkVreFRWUmpNMDlFVFRWT1ZGRjVUVUU5UFE9PQ==,D:\github\exoneracoes_nomeacoes_dou\LAKE\RJ\2017\04\DOERJ_PARTE_I_PODER_EXECUTIVO_2017-04-07.md,D:\github\exoneracoes_nomeacoes_dou\saida\RJ\DOERJ_2017.csv,4358
termo_administrativo,ASSISTENTE PREVIDENCIÁRIO,ASSISTENTE PREVIDENCIÁRIO,sim,PREVIDENCIÁRIO:LOC|Assistente Previdenciário:PER,RJ,2017-04-05,nomeacao,,,,Secretario,5,Wilson Jose Witzel - Governador,Wilson Jose Witzel,Executivo estadual,https://www.ioerj.com.br/portal/modules/conteudoonline/mostra_edicao.php?session=VG5wbmQwNUVXa2ROTUUxMFQwVlZOVTE1TURCUmVsRXhURlJyZDFKRVFYUk5WVWt5VWtWTmVrNHdWVEJSVkVwQ1RWUmpNMDlFVFRWT1ZHTXdUMEU5UFE9PQ==,D:\github\exoneracoes_nomeacoes_dou\LAKE\RJ\2017\04\DOERJ_PARTE_I_PODER_EXECUTIVO_2017-04-05.md,D:\github\exoneracoes_nomeacoes_dou\saida\RJ\DOERJ_2017.csv,4384
termo_administrativo,ASSISTENTE PREVIDENCIÁRIO,ASSISTENTE PREVIDENCIÁRIO,sim,PREVIDENCIÁRIO:LOC|Assistente Previdenciário:PER,RJ,2017-04-05,nomeacao,,,,Secretario,5,Wilson Jose Witzel - Governador,Wilson Jose Witzel,Executivo estadual,https://www.ioerj.com.br/portal/modules/conteudoonline/mostra_edicao.php?session=VG5wbmQwNUVXa2ROTUUxMFQwVlZOVTE1TURCUmVsRXhURlJyZDFKRVFYUk5WVWt5VWtWTmVrNHdWVEJSVkVwQ1RWUmpNMDlFVFRWT1ZHTXdUMEU5UFE9PQ==,D:\github\exoneracoes_nomeacoes_dou\LAKE\RJ\2017\04\DOERJ_PARTE_I_PODER_EXECUTIVO_2017-04-05.md,D:\github\exoneracoes_nomeacoes_dou\saida\RJ\DOERJ_2017.csv,4385
termo_administrativo,ASSISTENTE PREVIDENCIÁRIO,ASSISTENTE PREVIDENCIÁRIO,sim,PREVIDENCIÁRIO:LOC|Assistente Previdenciário:PER,RJ,2017-04-05,exoneracao,do cargo em comissão de Auxiliar,,,Secretario,5,Wilson Jose Witzel - Governador,Wilson Jose Witzel,Executivo estadual,https://www.ioerj.com.br/portal/modules/conteudoonline/mostra_edicao.php?session=VG5wbmQwNUVXa2ROTUUxMFQwVlZOVTE1TURCUmVsRXhURlJyZDFKRVFYUk5WVWt5VWtWTmVrNHdWVEJSVkVwQ1RWUmpNMDlFVFRWT1ZHTXdUMEU5UFE9PQ==,D:\github\exoneracoes_nomeacoes_dou\LAKE\RJ\2017\04\DOERJ_PARTE_I_PODER_EXECUTIVO_2017-04-05.md,D:\github\exoneracoes_nomeacoes_dou\saida\RJ\DOERJ_2017.csv,4395
termo_administrativo,ASSISTENTE PREVIDENCIÁRIO,ASSISTENTE PREVIDENCIÁRIO,sim,PREVIDENCIÁRIO:LOC|Assistente Previdenciário:PER,RJ,2017-04-05,nomeacao,,,,Secretario,5,Wilson Jose Witzel - Governador,Wilson Jose Witzel,Executivo estadual,https://www.ioerj.com.br/portal/modules/conteudoonline/mostra_edicao.php?session=VG5wbmQwNUVXa2ROTUUxMFQwVlZOVTE1TURCUmVsRXhURlJyZDFKRVFYUk5WVWt5VWtWTmVrNHdWVEJSVkVwQ1RWUmpNMDlFVFRWT1ZHTXdUMEU5UFE9PQ==,D:\github\exoneracoes_nomeacoes_dou\LAKE\RJ\2017\04\DOERJ_PARTE_I_PODER_EXECUTIVO_2017-04-05.md,D:\github\exoneracoes_nomeacoes_dou\saida\RJ\DOERJ_2017.csv,4396
tem_numero;termo_administrativo,ID FUNCIONAL Nº 4373444-8,ID FUNCIONAL Nº 4373444-8,sim,ID FUNCIONAL:PER,RJ,2017-04-03,exoneracao,do cargo em comissão de Ajudante I,,,Secretario,5,Wilson Jose Witzel - Governador,Wilson Jose Witzel,Executivo estadual,https://www.ioerj.com.br/portal/modules/conteudoonline/mostra_edicao.php?session=VGtWV1EwMHdXWHBQVlZWMFRXcHJkMUpwTURCTk1FNUNURlZKTVU1NldYUlJWVTVFVVZSbmQxSnFWWGxPUlVWNlRWUmpNMDlFVFRWT2FsRXdUa0U5UFE9PQ==,D:\github\exoneracoes_nomeacoes_dou\LAKE\RJ\2017\04\DOERJ_PARTE_I_PODER_EXECUTIVO_2017-04-03.md,D:\github\exoneracoes_nomeacoes_dou\saida\RJ\DOERJ_2017.csv,4455
termo_administrativo;muito_longo,MARBELLY BARRETO FERREIRA DOS SANTOS NO CARGO DE PEDAGOGO. A MESMA DEVERÁ COMPARECER NA,MARBELLY BARRETO FERREIRA DOS SANTOS NO CARGO DE PEDAGOGO. A MESMA DEVERÁ COMPARECER NA,sim,MARBELLY:MISC|CARGO DE PEDAGOGO:MISC|MESMA DEVERÁ COMPARECER:MISC|Marbelly Barreto Ferreira Dos Santos:PER,RJ,2017-04-03,nomeacao,,,,,,Wilson Jose Witzel - Governador,Wilson Jose Witzel,Executivo estadual,https://www.ioerj.com.br/portal/modules/conteudoonline/mostra_edicao.php?session=VFZSbk5FNXFhM2hPTUVWMFRVUkZNVkY1TURCUlZFSkRURlZKTUU1cldYUlJha0Y0VWxSTk0wNUVXWGxPVkZwRlRWUmpNMDlFVFRWT2FsRXdUa0U5UFE9PQ==,D:\github\exoneracoes_nomeacoes_dou\LAKE\RJ\2017\04\DOERJ_DO_CAMPOS_PODER_EXECUTIVO_2017-04-03.md,D:\github\exoneracoes_nomeacoes_dou\saida\RJ\DOERJ_2017.csv,4462
termo_administrativo,DENIS GONÇALVES BARBOSA CARGO DE AGENTE SOCIOEDUCATIVO MASCULINO,DENIS GONÇALVES BARBOSA CARGO DE AGENTE SOCIOEDUCATIVO MASCULINO,sim,Denis Gonçalves Barbosa Cargo De Agente Socioeducativo Masculino:PER,RJ,2017-03-31,nomeacao,,do Departamento Geral de Ações Socioeducativas - DEGASE,,Secretario,5,Wilson Jose Witzel - Governador,Wilson Jose Witzel,Executivo estadual,https://www.ioerj.com.br/portal/modules/conteudoonline/mostra_edicao.php?session=VVZWT1FrNXFVWHBOYWxsMFVUQldSbEZUTURCUmVtTjRURlZGTlUxRVFYUk9ha0YzVG5wTk5WSkZXVEJOVkZsNFRWUmpNMDlFVFRWT2FsVjZUVkU5UFE9PQ==,D:\github\exoneracoes_nomeacoes_dou\LAKE\RJ\2017\03\DOERJ_PARTE_I_PODER_EXECUTIVO_2017-03-31.md,D:\github\exoneracoes_nomeacoes_dou\saida\RJ\DOERJ_2017.csv,4469
termo_administrativo;muito_longo,RACHEL RIBEIRO DE OLIVEIRA PESSANHA NO CARGO DE PEDAGOGO. A MESMA DEVERÁ COMPARECER NA,RACHEL RIBEIRO DE OLIVEIRA PESSANHA NO CARGO DE PEDAGOGO. A MESMA DEVERÁ COMPARECER NA,sim,RACHEL RIBEIRO DE OLIVEIRA PESSANHA:PER,RJ,2017-03-30,nomeacao,,,,,,Wilson Jose Witzel - Governador,Wilson Jose Witzel,Executivo estadual,https://www.ioerj.com.br/portal/modules/conteudoonline/mostra_edicao.php?session=VW10S1JrMXFUVEpOZWsxMFVtdE9RMDVUTURCUlZHczBURlJuTTFKcVRYUlBSR2hFVFZWU1IwNTZaRWROYW1kNVRWUmpNMDlFVFRWT2FtdDVUVkU5UFE9PQ==,D:\github\exoneracoes_nomeacoes_dou\LAKE\RJ\2017\03\DOERJ_DO_CAMPOS_PODER_EXECUTIVO_2017-03-30.md,D:\github\exoneracoes_nomeacoes_dou\saida\RJ\DOERJ_2017.csv,4533
termo_administrativo,ASSESSOR ESPECIAL,ASSESSOR ESPECIAL,sim,ASSESSOR:ORG|Assessor Especial:PER,RJ,2017-03-28,nomeacao,,,,,,Wilson Jose Witzel - Governador,Wilson Jose Witzel,Executivo estadual,https://www.ioerj.com.br/portal/modules/conteudoonline/mostra_edicao.php?session=VFVWTmVVOUVRWGxSYWtGMFRYcG5NMUpwTURCT1JGRXdURlJvUWxGclVYUk5WRlV3VWtWRmVrOUZXVEJTVlVWNFRWUmpNMDlFVFRWT2VrVTBUbmM5UFE9PQ==,D:\github\exoneracoes_nomeacoes_dou\LAKE\RJ\2017\03\DOERJ_DO_CAMPOS_PODER_EXECUTIVO_2017-03-28.md,D:\github\exoneracoes_nomeacoes_dou\saida\RJ\DOERJ_2017.csv,4579
termo_administrativo,ASSESSOR ESPECIAL,ASSESSOR ESPECIAL,sim,ASSESSOR:ORG|Assessor Especial:PER,RJ,2017-03-28,nomeacao,,,,,,Wilson Jose Witzel - Governador,Wilson Jose Witzel,Executivo estadual,https://www.ioerj.com.br/portal/modules/conteudoonline/mostra_edicao.php?session=VFVWTmVVOUVRWGxSYWtGMFRYcG5NMUpwTURCT1JGRXdURlJvUWxGclVYUk5WRlV3VWtWRmVrOUZXVEJTVlVWNFRWUmpNMDlFVFRWT2VrVTBUbmM5UFE9PQ==,D:\github\exoneracoes_nomeacoes_dou\LAKE\RJ\2017\03\DOERJ_DO_CAMPOS_PODER_EXECUTIVO_2017-03-28.md,D:\github\exoneracoes_nomeacoes_dou\saida\RJ\DOERJ_2017.csv,4580
tem_numero;termo_administrativo,MATRÍCULA N° 12.258,MATRÍCULA N° 12.258,sim,N:MISC|Matrícula N:PER,RJ,2017-03-22,nomeacao,,,,Secretario,5,Wilson Jose Witzel - Governador,Wilson Jose Witzel,Executivo estadual,https://www.ioerj.com.br/portal/modules/conteudoonline/mostra_edicao.php?session=VDBWS1JVOUVhRU5TUkZGMFQwUm5ORTU1TURCTlZGbDRURlJyTTAxclVYUlJWR3hEVG1wT1JsSnFWWHBQVlVsNFRWUmpNMDlFVFRWT2VtZDZUV2M5UFE9PQ==,D:\github\exoneracoes_nomeacoes_dou\LAKE\RJ\2017\03\DOERJ_DO_CAMPOS_PODER_EXECUTIVO_2017-03-22.md,D:\github\exoneracoes_nomeacoes_dou\saida\RJ\DOERJ_2017.csv,4739
termo_administrativo,ASSISTENTE PREVIDENCIÁRIO,ASSISTENTE PREVIDENCIÁRIO,sim,PREVIDENCIÁRIO:LOC|Assistente Previdenciário:PER,RJ,2017-03-21,nomeacao,,,,Governador,1,Wilson Jose Witzel - Governador,Wilson Jose Witzel,Executivo estadual,https://www.ioerj.com.br/portal/modules/conteudoonline/mostra_edicao.php?session=VFVSS1IwMUViRVZTYWxsMFRsUnJlVTFETURCUFJGRXlURlZGZVU5RlZYUk5WR2Q1VW1wUk1GRnJTWGhSVkUweFRWUmpNMDlFVFRWT2Vtc3dUWGM5UFE9PQ==,D:\github\exoneracoes_nomeacoes_dou\LAKE\RJ\2017\03\DOERJ_PARTE_I_PODER_EXECUTIVO_2017-03-21.md,D:\github\exoneracoes_nomeacoes_dou\saida\RJ\DOERJ_2017.csv,4740
termo_administrativo,ASSISTENTE PREVIDENCIÁRIO,ASSISTENTE PREVIDENCIÁRIO,sim,PREVIDENCIÁRIO:LOC|Assistente Previdenciário:PER,RJ,2017-03-21,exoneracao,do cargo em comissão de Coordenador,,,Governador,1,Wilson Jose Witzel - Governador,Wilson Jose Witzel,Executivo estadual,https://www.ioerj.com.br/portal/modules/conteudoonline/mostra_edicao.php?session=VFVSS1IwMUViRVZTYWxsMFRsUnJlVTFETURCUFJGRXlURlZGZVU5RlZYUk5WR2Q1VW1wUk1GRnJTWGhSVkUweFRWUmpNMDlFVFRWT2Vtc3dUWGM5UFE9PQ==,D:\github\exoneracoes_nomeacoes_dou\LAKE\RJ\2017\03\DOERJ_PARTE_I_PODER_EXECUTIVO_2017-03-21.md,D:\github\exoneracoes_nomeacoes_dou\saida\RJ\DOERJ_2017.csv,4741
menos_de_2_tokens,LEIA-SE,LEIA-SE,sim,LEIA-SE:PER,RJ,2017-03-20,nomeacao,,,,Secretario,5,Wilson Jose Witzel - Governador,Wilson Jose Witzel,Executivo estadual,https://www.ioerj.com.br/portal/modules/conteudoonline/mostra_edicao.php?session=VWxSRk1WRlVVVFJPYWxsMFVXcFdSRTFwTURCUFZFazFURlJyTWxGclZYUlJNRmswVG10WmVVNUVaRWRTYTFwSFRWUmpNMDlFVFRWUFJFRjRUMUU5UFE9PQ==,D:\github\exoneracoes_nomeacoes_dou\LAKE\RJ\2017\03\DOERJ_PARTE_I_PODER_EXECUTIVO_2017-03-20.md,D:\github\exoneracoes_nomeacoes_dou\saida\RJ\DOERJ_2017.csv,4773
tem_numero,3º SARGENTO PM LANA CRISTINA DE ARAÚJO PIMENTEL CARDOSO,3º SARGENTO PM LANA CRISTINA DE ARAÚJO PIMENTEL CARDOSO,sim,PM LANA:PER,RJ,2017-03-15,exoneracao,do cargo de Secretária Escolar do Colégio da Polícia Militar do Estado do Rio de Janeiro,,,Secretario,5,Wilson Jose Witzel - Governador,Wilson Jose Witzel,Executivo estadual,https://www.ioerj.com.br/portal/modules/conteudoonline/mostra_edicao.php?session=VWxSS1FrMUZTWGROVkZGMFRtcHJkMUpETURCT1ZFSkRURlZKZDA5RldYUk9SVVUxVFVSa1JWRjZZekJTVkdoSFRWUmpNMDlFVFRWUFJGRXdUVkU5UFE9PQ==,D:\github\exoneracoes_nomeacoes_dou\LAKE\RJ\2017\03\DOERJ_PARTE_I_PODER_EXECUTIVO_2017-03-15.md,D:\github\exoneracoes_nomeacoes_dou\saida\RJ\DOERJ_2017.csv,4920
termo_administrativo,ASSESSORA CHEFE DE ZELADORIA E PATRIMÔNIO,ASSESSORA CHEFE DE ZELADORIA E PATRIMÔNIO,sim,ASSESSORA CHEFE:MISC|PATRIMÔNIO:ORG|Assessora Chefe:PER,RJ,2017-03-15,nomeacao,,,,,,Wilson Jose Witzel - Governador,Wilson Jose Witzel,Executivo estadual,https://www.ioerj.com.br/portal/modules/conteudoonline/mostra_edicao.php?session=VVdwbk1VMVZWVFZTVlZGMFVYcEtSRkpETURCT1JHZDNURlZKZDFKVldYUlNWVWwzVVdwa1IwNUVTVFJPVkdOM1RWUmpNMDlFVFRWUFJGRXdUVkU5UFE9PQ==,D:\github\exoneracoes_nomeacoes_dou\LAKE\RJ\2017\03\DOERJ_DO_CAMPOS_PODER_EXECUTIVO_2017-03-15.md,D:\github\exoneracoes_nomeacoes_dou\saida\RJ\DOERJ_2017.csv,4921
termo_administrativo,ASSESSORA CHEFE DE ZELADORIA E PATRIMÔNIO,ASSESSORA CHEFE DE ZELADORIA E PATRIMÔNIO,sim,ASSESSORA CHEFE:MISC|PATRIMÔNIO:ORG|Assessora Chefe:PER,RJ,2017-03-09,nomeacao,,,,,,Wilson Jose Witzel - Governador,Wilson Jose Witzel,Executivo estadual,https://www.ioerj.com.br/portal/modules/conteudoonline/mostra_edicao.php?session=VFVSU1FsSkVUWGxPUkdkMFRsUlJNMDVwTURCUFJGWkNURlJvUjAxRlRYUlJNRlUxVW1wRk5GSlZUa2RPYTAwMFRWUmpNMDlFVFRWUFZFRXlUMEU5UFE9PQ==,D:\github\exoneracoes_nomeacoes_dou\LAKE\RJ\2017\03\DOERJ_DO_CAMPOS_PODER_EXECUTIVO_2017-03-09.md,D:\github\exoneracoes_nomeacoes_dou\saida\RJ\DOERJ_2017.csv,5110
termo_administrativo,ASSESSORA CHEFE DE ZELADORIA E PATRIMÔNIO,ASSESSORA CHEFE DE ZELADORIA E PATRIMÔNIO,sim,ASSESSORA CHEFE:MISC|PATRIMÔNIO:ORG|Assessora Chefe:PER,RJ,2017-03-08,nomeacao,,,,Secretario,5,Wilson Jose Witzel - Governador,Wilson Jose Witzel,Executivo estadual,https://www.ioerj.com.br/portal/modules/conteudoonline/mostra_edicao.php?session=VFRCV1JrMHdTWHBSVlVWMFVtcHJNMDFETURCT1JWVXlURlJuTlZKclJYUk9NRVpHVVZWVk1FNHdSa2RPZWxWNlRWUmpNMDlFVFRWUFZFa3pUa0U5UFE9PQ==,D:\github\exoneracoes_nomeacoes_dou\LAKE\RJ\2017\03\DOERJ_DO_CAMPOS_PODER_EXECUTIVO_2017-03-08.md,D:\github\exoneracoes_nomeacoes_dou\saida\RJ\DOERJ_2017.csv,5133
termo_administrativo,SIRLEI CORREA PAES TINOCO NO CARGO DE PSICÓLOGA . A MESMA DEVERÁ COMPARECER NA,SIRLEI CORREA PAES TINOCO NO CARGO DE PSICÓLOGA . A MESMA DEVERÁ COMPARECER NA,sim,SIRLEI:LOC|PAES:MISC|CARGO DE PSICÓLOGA:MISC|MESMA DEVERÁ COMPARECER:MISC|Sirlei Correa Paes Tinoco:PER,RJ,2017-02-20,nomeacao,,,,,,Wilson Jose Witzel - Governador,Wilson Jose Witzel,Executivo estadual,https://www.ioerj.com.br/portal/modules/conteudoonline/mostra_edicao.php?session=VGtST1JGSlZWa2ROUkZsMFRucG5NRTFwTURCU2EwNURURlZGTWs5VVdYUk5la2t5VVZSYVJWSnFXWHBSVkdjMVRWUmpNMDlFVVhkTlJFMHdUbmM5UFE9PQ==,D:\github\exoneracoes_nomeacoes_dou\LAKE\RJ\2017\02\DOERJ_DO_CAMPOS_PODER_EXECUTIVO_2017-02-20.md,D:\github\exoneracoes_nomeacoes_dou\saida\RJ\DOERJ_2017.csv,5444
termo_administrativo,ASSISTENTE PREVIDENCIÁRIO,ASSISTENTE PREVIDENCIÁRIO,sim,PREVIDENCIÁRIO:LOC|Assistente Previdenciário:PER,RJ,2017-02-17,nomeacao,,,,Secretario,5,Wilson Jose Witzel - Governador,Wilson Jose Witzel,Executivo estadual,https://www.ioerj.com.br/portal/modules/conteudoonline/mostra_edicao.php?session=VVdwU1EwMUVTa05SYW1kMFVsVk5NazlUTURCUFZVVTFURlJyZWxGVVFYUlJlbFYzVWtWVk0wMTZiRUpQVlZFd1RWUmpNMDlFVVhkTlJGVjNUbEU5UFE9PQ==,D:\github\exoneracoes_nomeacoes_dou\LAKE\RJ\2017\02\DOERJ_PARTE_I_PODER_EXECUTIVO_2017-02-17.md,D:\github\exoneracoes_nomeacoes_dou\saida\RJ\DOERJ_2017.csv,5454
termo_administrativo,ASSISTENTE PREVIDENCIÁRIO,ASSISTENTE PREVIDENCIÁRIO,sim,PREVIDENCIÁRIO:LOC|Assistente Previdenciário:PER,RJ,2017-02-17,exoneracao,do cargo em comissão de Assistente II,,,Secretario,5,Wilson Jose Witzel - Governador,Wilson Jose Witzel,Executivo estadual,https://www.ioerj.com.br/portal/modules/conteudoonline/mostra_edicao.php?session=VVdwU1EwMUVTa05SYW1kMFVsVk5NazlUTURCUFZVVTFURlJyZWxGVVFYUlJlbFYzVWtWVk0wMTZiRUpQVlZFd1RWUmpNMDlFVVhkTlJGVjNUbEU5UFE9PQ==,D:\github\exoneracoes_nomeacoes_dou\LAKE\RJ\2017\02\DOERJ_PARTE_I_PODER_EXECUTIVO_2017-02-17.md,D:\github\exoneracoes_nomeacoes_dou\saida\RJ\DOERJ_2017.csv,5456
termo_administrativo,ASSISTENTE PREVIDENCIÁRIO,ASSISTENTE PREVIDENCIÁRIO,sim,PREVIDENCIÁRIO:LOC|Assistente Previdenciário:PER,RJ,2017-02-17,nomeacao,,,,Secretario,5,Wilson Jose Witzel - Governador,Wilson Jose Witzel,Executivo estadual,https://www.ioerj.com.br/portal/modules/conteudoonline/mostra_edicao.php?session=VVdwU1EwMUVTa05SYW1kMFVsVk5NazlUTURCUFZVVTFURlJyZWxGVVFYUlJlbFYzVWtWVk0wMTZiRUpQVlZFd1RWUmpNMDlFVVhkTlJGVjNUbEU5UFE9PQ==,D:\github\exoneracoes_nomeacoes_dou\LAKE\RJ\2017\02\DOERJ_PARTE_I_PODER_EXECUTIVO_2017-02-17.md,D:\github\exoneracoes_nomeacoes_dou\saida\RJ\DOERJ_2017.csv,5459
termo_administrativo,CLEITON SILVESTRE OROFINO NO CARGO DE AGENTE SOCIOEDUCATIVO MASCULINO,CLEITON SILVESTRE OROFINO NO CARGO DE AGENTE SOCIOEDUCATIVO MASCULINO,sim,CLEITON SILVESTRE OROFINO NO CARGO DE AGENTE SOCIOEDUCATIVO MASCULINO:MISC|Cleiton Silvestre Orofino:PER,RJ,2017-02-09,nomeacao,,do Departamento Geral de Ações Socioeducativas - DEGASE,,Secretario,5,Wilson Jose Witzel - Governador,Wilson Jose Witzel,Executivo estadual,https://www.ioerj.com.br/portal/modules/conteudoonline/mostra_edicao.php?session=VW1wWk5VNTZUWGhQVkd0MFQwVlpOVTU1TURCT1ZWSkdURlJuTkU5VVFYUk9WVlV6VVRCSmVWSlZUWGRQUkVVelRWUmpNMDlFVVhkTlZHc3pUbEU5UFE9PQ==,D:\github\exoneracoes_nomeacoes_dou\LAKE\RJ\2017\02\DOERJ_PARTE_I_PODER_EXECUTIVO_2017-02-09.md,D:\github\exoneracoes_nomeacoes_dou\saida\RJ\DOERJ_2017.csv,5696
tem_numero;frase_administrativa;termo_administrativo;muito_longo,LOUVADO NAS INFORMAÇÕES CONTIDAS ÀS FLS 04 DO REFERIDO PROCESSO LARISSA MUNIZ MARQUES,LOUVADO NAS INFORMAÇÕES CONTIDAS ÀS FLS 04 DO REFERIDO PROCESSO LARISSA MUNIZ MARQUES,sim,LOUVADO:MISC|CONTIDAS:MISC|FLS:MISC|PROCESSO LARISSA:MISC|Fls 04 Do Referido Processo:MISC|Larissa Muniz Marques:PER,RJ,2017-02-02,nomeacao,,,,Secretario,5,Wilson Jose Witzel - Governador,Wilson Jose Witzel,Executivo estadual,https://www.ioerj.com.br/portal/modules/conteudoonline/mostra_edicao.php?session=VFhwWk0wMXFVWHBOUlZGMFRUQlJNMUZwTURCUmVtTXdURlJuZWs1VWEzUlJhbVJGVFd0Vk1FNTZWVFZOUkVFMFRWUmpNMDlFVVhkTmFtY3lUbWM5UFE9PQ==,D:\github\exoneracoes_nomeacoes_dou\LAKE\RJ\2017\02\DOERJ_PARTE_I_PODER_EXECUTIVO_2017-02-02.md,D:\github\exoneracoes_nomeacoes_dou\saida\RJ\DOERJ_2017.csv,5979
termo_administrativo,ASSISTENTE SOCIAL,ASSISTENTE SOCIAL,sim,Assistente Social:PER,RJ,2017-02-01,exoneracao,do cargo em comissão de Diretor,da Fundação para a Infância e Adolescência - FIA/RJ,,Governador,1,Wilson Jose Witzel - Governador,Wilson Jose Witzel,Executivo estadual,https://www.ioerj.com.br/portal/modules/conteudoonline/mostra_edicao.php?session=VVZST1JWSkZTWHBQUkZGMFRrUkpNazVETURCUk1GRTBURlZLUjA5RVozUlJWRnBGVGxSU1FrOUViRVpPUkdONVRWUmpNMDlFVVhkTmVrVjVUVUU5UFE9PQ==,D:\github\exoneracoes_nomeacoes_dou\LAKE\RJ\2017\02\DOERJ_PARTE_I_PODER_EXECUTIVO_2017-02-01.md,D:\github\exoneracoes_nomeacoes_dou\saida\RJ\DOERJ_2017.csv,6007
tem_numero;frase_administrativa;muito_longo,LOUVADO NAS INFORMAÇÕES CONTIDAS ÀS FLS 03/04 DO REFERIDO PROCESSO. WANDER CANDIDO DE OLIVEIRA,LOUVADO NAS INFORMAÇÕES CONTIDAS ÀS FLS 03/04 DO REFERIDO PROCESSO. WANDER CANDIDO DE OLIVEIRA,sim,LOUVADO:MISC|CONTIDAS:MISC|FLS:MISC|REFERIDO PROCESSO:MISC|CANDIDO DE OLIVEIRA:MISC|Fls:MISC|Do Referido Processo:MISC|Wander Candido De Oliveira:PER,RJ,2017-02-01,nomeacao,,do Gabinete do Secretário,,Secretario,5,Wilson Jose Witzel - Governador,Wilson Jose Witzel,Executivo estadual,https://www.ioerj.com.br/portal/modules/conteudoonline/mostra_edicao.php?session=VVZST1JWSkZTWHBQUkZGMFRrUkpNazVETURCUk1GRTBURlZLUjA5RVozUlJWRnBGVGxSU1FrOUViRVpPUkdONVRWUmpNMDlFVVhkTmVrVjVUVUU5UFE9PQ==,D:\github\exoneracoes_nomeacoes_dou\LAKE\RJ\2017\02\DOERJ_PARTE_I_PODER_EXECUTIVO_2017-02-01.md,D:\github\exoneracoes_nomeacoes_dou\saida\RJ\DOERJ_2017.csv,6072
termo_administrativo;muito_longo,ALEXANDRE HATCHER DA SILVA PAVIE NO CARGO DE FISIOTERAPEUTA. O MESMO DEVERÁ COMPARECER NA,ALEXANDRE HATCHER DA SILVA PAVIE NO CARGO DE FISIOTERAPEUTA. O MESMO DEVERÁ COMPARECER NA,sim,ALEXANDRE:MISC|CARGO DE FISIOTERAPEUTA:ORG|Alexandre Hatcher Da Silva Pavie:PER,RJ,2017-01-26,nomeacao,,,,,,Wilson Jose Witzel - Governador,Wilson Jose Witzel,Executivo estadual,https://www.ioerj.com.br/portal/modules/conteudoonline/mostra_edicao.php?session=VFZSSk1FMVVVWGhOZW10MFRucEZORTFUTURCTk1GWkZURlJuZVZGVlJYUlBSRkV5VDBSbk5FOUVXWGxQUlZKRVRWUmpNMDlFVVhkT1JFRXlUbmM5UFE9PQ==,D:\github\exoneracoes_nomeacoes_dou\LAKE\RJ\2017\01\DOERJ_DO_CAMPOS_PODER_EXECUTIVO_2017-01-26.md,D:\github\exoneracoes_nomeacoes_dou\saida\RJ\DOERJ_2017.csv,6247
tem_numero,LOUVADO NAS INFORMAÇÕES CONTIDAS ÀS FLS 06 JOSÉ RICARDO FERREIRA DE BRITO,LOUVADO NAS INFORMAÇÕES CONTIDAS ÀS FLS 06 JOSÉ RICARDO FERREIRA DE BRITO,sim,LOUVADO:MISC|CONTIDAS:MISC|FLS:MISC|JOSÉ RICARDO FERREIRA DE BRITO:PER,RJ,2017-01-25,nomeacao,,,,Governador,1,Wilson Jose Witzel - Governador,Wilson Jose Witzel,Executivo estadual,https://www.ioerj.com.br/portal/modules/conteudoonline/mostra_edicao.php?session=VFRCYVIwMXFaek5TYTFGMFVYcFNSRkpUTURCU2EwVjZURlZGTkUxcVdYUlBSVWswVGpCUk5FNTZTa1ZQUlZGNVRWUmpNMDlFVVhkT1JFa3lUV2M5UFE9PQ==,D:\github\exoneracoes_nomeacoes_dou\LAKE\RJ\2017\01\DOERJ_PARTE_I_PODER_EXECUTIVO_2017-01-25.md,D:\github\exoneracoes_nomeacoes_dou\saida\RJ\DOERJ_2017.csv,6260
termo_administrativo,ASSISTENTE PREVIDENCIÁRIO,ASSISTENTE PREVIDENCIÁRIO,sim,PREVIDENCIÁRIO:LOC|Assistente Previdenciário:PER,RJ,2017-01-23,nomeacao,,,,Secretario,5,Wilson Jose Witzel - Governador,Wilson Jose Witzel,Executivo estadual,https://www.ioerj.com.br/portal/modules/conteudoonline/mostra_edicao.php?session=VFZWS1JGRXdVa1pOYTFWMFVsVk9SMDFwTURCTlJFNUhURlJuTVZFd1VYUlJlbFpGVGtSamVGSlVhRVZOUlVaRFRWUmpNMDlFVVhkT1JGVjNUMUU5UFE9PQ==,D:\github\exoneracoes_nomeacoes_dou\LAKE\RJ\2017\01\DOERJ_PARTE_I_PODER_EXECUTIVO_2017-01-23.md,D:\github\exoneracoes_nomeacoes_dou\saida\RJ\DOERJ_2017.csv,6407
termo_administrativo,ASSISTENTE PREVIDENCIÁRIO,ASSISTENTE PREVIDENCIÁRIO,sim,PREVIDENCIÁRIO:LOC|Assistente Previdenciário:PER,RJ,2017-01-23,exoneracao,do cargo em comissão de Assistente,,,Secretario,5,Wilson Jose Witzel - Governador,Wilson Jose Witzel,Executivo estadual,https://www.ioerj.com.br/portal/modules/conteudoonline/mostra_edicao.php?session=VFZWS1JGRXdVa1pOYTFWMFVsVk9SMDFwTURCTlJFNUhURlJuTVZFd1VYUlJlbFpGVGtSamVGSlVhRVZOUlVaRFRWUmpNMDlFVVhkT1JGVjNUMUU5UFE9PQ==,D:\github\exoneracoes_nomeacoes_dou\LAKE\RJ\2017\01\DOERJ_PARTE_I_PODER_EXECUTIVO_2017-01-23.md,D:\github\exoneracoes_nomeacoes_dou\saida\RJ\DOERJ_2017.csv,6429
termo_administrativo,ASSISTENTE PREVIDENCIÁRIO,ASSISTENTE PREVIDENCIÁRIO,sim,PREVIDENCIÁRIO:LOC|Assistente Previdenciário:PER,RJ,2017-01-23,exoneracao,do cargo em comissão de Assistente,,,Secretario,5,Wilson Jose Witzel - Governador,Wilson Jose Witzel,Executivo estadual,https://www.ioerj.com.br/portal/modules/conteudoonline/mostra_edicao.php?session=VFZWS1JGRXdVa1pOYTFWMFVsVk9SMDFwTURCTlJFNUhURlJuTVZFd1VYUlJlbFpGVGtSamVGSlVhRVZOUlVaRFRWUmpNMDlFVVhkT1JGVjNUMUU5UFE9PQ==,D:\github\exoneracoes_nomeacoes_dou\LAKE\RJ\2017\01\DOERJ_PARTE_I_PODER_EXECUTIVO_2017-01-23.md,D:\github\exoneracoes_nomeacoes_dou\saida\RJ\DOERJ_2017.csv,6431
tem_numero;frase_administrativa;muito_longo,LOUVADO NAS INFORMAÇÕES CONTIDAS ÀS FLS 04 DO REFERIDO PROCESSO. ANTONIO FRANCISCO NETO,LOUVADO NAS INFORMAÇÕES CONTIDAS ÀS FLS 04 DO REFERIDO PROCESSO. ANTONIO FRANCISCO NETO,sim,LOUVADO:MISC|CONTIDAS:MISC|FLS:MISC|REFERIDO PROCESSO:MISC|ANTONIO FRANCISCO NETO:PER,RJ,2017-01-19,nomeacao,,do Gabinete do Secretário,,Secretario,5,Wilson Jose Witzel - Governador,Wilson Jose Witzel,Executivo estadual,https://www.ioerj.com.br/portal/modules/conteudoonline/mostra_edicao.php?session=VDBSV1JrMUVUWHBQVkdOMFRYcG9SazVETURCUFZWVjNURlZHUms5RVFYUk5SRUpEVWxSTmVsRjZWVEpPTUVwRlRWUmpNMDlFVVhkT1JGazBUV2M5UFE9PQ==,D:\github\exoneracoes_nomeacoes_dou\LAKE\RJ\2017\01\DOERJ_PARTE_I_PODER_EXECUTIVO_2017-01-19.md,D:\github\exoneracoes_nomeacoes_dou\saida\RJ\DOERJ_2017.csv,6471
menos_de_2_tokens,LEIA-SE,LEIA-SE,sim,LEIA-SE:PER,RJ,2017-01-18,nomeacao,,,,Secretario,5,Wilson Jose Witzel - Governador,Wilson Jose Witzel,Executivo estadual,https://www.ioerj.com.br/portal/modules/conteudoonline/mostra_edicao.php?session=VDFSYVJGRXdWa05TUkVGMFVYcFplVkZwTURCTmVrbDRURlJvUWxKVlVYUlNhMDB5VFdwck5VMUZUVEpSTUZKRVRWUmpNMDlFVVhkT1JHZDVUbEU5UFE9PQ==,D:\github\exoneracoes_nomeacoes_dou\LAKE\RJ\2017\01\DOERJ_PARTE_I_PODER_EXECUTIVO_COMPLEMENTAR_2_2017-01-18.md,D:\github\exoneracoes_nomeacoes_dou\saida\RJ\DOERJ_2017.csv,6512
tem_numero;termo_administrativo,ID FUNCIONAL 3000425-0,ID FUNCIONAL 3000425-0,sim,ID FUNCIONAL 3000425-0:PER,RJ,2017-01-16,exoneracao,do cargo em comissão de Ajudante I,,,Secretario,5,Wilson Jose Witzel - Governador,Wilson Jose Witzel,Executivo estadual,https://www.ioerj.com.br/portal/modules/conteudoonline/mostra_edicao.php?session=VWtWT1JFOUZSa1pPUlVWMFVsVkplRkpwTURCU1JGWkVURlZHUlUxNlJYUlNSRUV3VFhwSk1rMTZXVFJSVkdkM1RWUmpNMDlFVVRCT2VrRXlUMEU5UFE9PQ==,D:\github\exoneracoes_nomeacoes_dou\LAKE\RJ\2017\01\DOERJ_PARTE_I_PODER_EXECUTIVO_2017-01-16.md,D:\github\exoneracoes_nomeacoes_dou\saida\RJ\DOERJ_2017.csv,6592
termo_administrativo,SIMARA MENEZES DE SOUZA NO CARGO DE PSICÓLOGA. A MESMA DEVERÁ COMPARECER NA,SIMARA MENEZES DE SOUZA NO CARGO DE PSICÓLOGA. A MESMA DEVERÁ COMPARECER NA,sim,SIMARA MENEZES DE SOUZA:MISC|CARGO DE PSICÓLOGA:MISC|MESMA DEVERÁ COMPARECER:MISC|Simara Menezes De Souza:PER,RJ,2017-01-16,nomeacao,,,,,,Wilson Jose Witzel - Governador,Wilson Jose Witzel,Executivo estadual,https://www.ioerj.com.br/portal/modules/conteudoonline/mostra_edicao.php?session=VGtWT1JFMUZSVEZOUkd0MFVYcEpOVTFETURCT1JGa3hURlJuZVZGcVJYUlBWRkpFVFhwYVJsSkVaelZTVkVGNFRWUmpNMDlFVVRCT2VrRXlUMEU5UFE9PQ==,D:\github\exoneracoes_nomeacoes_dou\LAKE\RJ\2017\01\DOERJ_DO_CAMPOS_PODER_EXECUTIVO_2017-01-16.md,D:\github\exoneracoes_nomeacoes_dou\saida\RJ\DOERJ_2017.csv,6607
tem_numero;frase_administrativa;termo_administrativo;muito_longo,LOUVADO NAS INFORMAÇÕES CONTIDAS ÀS FLS 03/04 DO REFERIDO PROCESSO ADRIANA FREITAS BARRETO,LOUVADO NAS INFORMAÇÕES CONTIDAS ÀS FLS 03/04 DO REFERIDO PROCESSO ADRIANA FREITAS BARRETO,sim,LOUVADO:MISC|CONTIDAS:MISC|FLS:MISC|PROCESSO ADRIANA:MISC|Fls:MISC|Do Referido Processo:MISC|Adriana Freitas Barreto:PER,RJ,2017-01-09,nomeacao,,da Subsecretaria de Ação Social,,Governador,1,Wilson Jose Witzel - Governador,Wilson Jose Witzel,Executivo estadual,https://www.ioerj.com.br/portal/modules/conteudoonline/mostra_edicao.php?session=VVhwSmQwOVVRa0pQUkVGMFRucEZkMUpwTURCTmVtY3lURlJuTWxGcVRYUk9hMWt4VVhwUmQwOVVaelZTYTFrelRWUmpNMDlFVVRCUFJFMTRUV2M5UFE9PQ==,D:\github\exoneracoes_nomeacoes_dou\LAKE\RJ\2017\01\DOERJ_PARTE_I_PODER_EXECUTIVO_2017-01-09.md,D:\github\exoneracoes_nomeacoes_dou\saida\RJ\DOERJ_2017.csv,6671
tem_numero,CEL EB R1,CEL EB R1,sim,EB R1:MISC|Cel Eb R1:PER,RJ,2018-12-28,exoneracao,do cargo em comissão de Subsecretário,da Subsecretaria de Inteligência,,Governador em exercicio,2,Wilson Jose Witzel - Governador,Wilson Jose Witzel,Executivo estadual,https://www.ioerj.com.br/portal/modules/conteudoonline/mostra_edicao.php?session=VFVWTk0xSkVZekpPTUZGMFVWUm9SazVwTURCUmFrcERURlJuZDAwd1NYUk5lbXN5VDFSWk5GRlZXa1ZSVlZVMFRWUmpNMDlFU1RWT1JHYzBUbEU5UFE9PQ==,D:\github\exoneracoes_nomeacoes_dou\LAKE\RJ\2018\12\DOERJ_PARTE_I_PODER_EXECUTIVO_2018-12-28.md,D:\github\exoneracoes_nomeacoes_dou\saida\RJ\DOERJ_2018.csv,309
termo_administrativo,COMO DIRETOR,COMO DIRETOR,sim,DIRETOR:LOC|Diretor:PER,RJ,2018-11-08,nomeacao,,,,Secretario,5,Wilson Jose Witzel - Governador,Wilson Jose Witzel,Executivo estadual,https://www.ioerj.com.br/portal/modules/conteudoonline/mostra_edicao.php?session=VW1wTk1rOVZXWGRTUlVWMFVWUk5NRTVETURCUmExRjVURlJuZDFKVlVYUlJhbWN4VFZSYVIwOVVVa2RSVkdjd1RWUmpNMDlFVFhkT2Ftc3pUa0U5UFE9PQ==,D:\github\exoneracoes_nomeacoes_dou\LAKE\RJ\2018\11\DOERJ_PARTE_I_PODER_EXECUTIVO_2018-11-08.md,D:\github\exoneracoes_nomeacoes_dou\saida\RJ\DOERJ_2018.csv,1182
termo_administrativo,SUBSECRETARIA DE ASSUNTOS ESTRATÉGICOS,SUBSECRETARIA DE ASSUNTOS ESTRATÉGICOS,sim,Subsecretaria De Assuntos Estratégicos:PER,RJ,2018-10-31,nomeacao,para exercer o cargo em comissão de Assistente II,,,Secretario,5,Wilson Jose Witzel - Governador,Wilson Jose Witzel,Executivo estadual,https://www.ioerj.com.br/portal/modules/conteudoonline/mostra_edicao.php?session=VVd0WmVrMUZWVFJOTUVsMFRsVlpNRTFwTURCTmFrcEVURlJzUkZKVlRYUlBWR3Q2VWxScmVWSnFaRWRSZWxsNlRWUmpNMDlFVFhkT2Vsa3lUWGM5UFE9PQ==,D:\github\exoneracoes_nomeacoes_dou\LAKE\RJ\2018\10\DOERJ_PARTE_I_PODER_EXECUTIVO_2018-10-31.md,D:\github\exoneracoes_nomeacoes_dou\saida\RJ\DOERJ_2018.csv,1338
termo_administrativo,SUBSECRETARIA DE ASSUNTOS ESTRATÉGICOS,SUBSECRETARIA DE ASSUNTOS ESTRATÉGICOS,sim,Subsecretaria De Assuntos Estratégicos:PER,RJ,2018-10-31,nomeacao,para exercer o cargo em comissão de Assistente II,,,Secretario,5,Wilson Jose Witzel - Governador,Wilson Jose Witzel,Executivo estadual,https://www.ioerj.com.br/portal/modules/conteudoonline/mostra_edicao.php?session=VVd0WmVrMUZWVFJOTUVsMFRsVlpNRTFwTURCTmFrcEVURlJzUkZKVlRYUlBWR3Q2VWxScmVWSnFaRWRSZWxsNlRWUmpNMDlFVFhkT2Vsa3lUWGM5UFE9PQ==,D:\github\exoneracoes_nomeacoes_dou\LAKE\RJ\2018\10\DOERJ_PARTE_I_PODER_EXECUTIVO_2018-10-31.md,D:\github\exoneracoes_nomeacoes_dou\saida\RJ\DOERJ_2018.csv,1339
termo_administrativo,AGENTE DE DISCIPLINA DEGASE,AGENTE DE DISCIPLINA DEGASE,sim,DISCIPLINA DEGASE:PER,RJ,2018-10-24,nomeacao,da Assessoria de Controle Interno,do Departamento Geral de Ações Socioeducativas - DEGASE,,Governador,1,Wilson Jose Witzel - Governador,Wilson Jose Witzel,Executivo estadual,https://www.ioerj.com.br/portal/modules/conteudoonline/mostra_edicao.php?session=VVhwTk1sSkVUVEZOUkd0MFRsVkZlVTlETURCUFJHaERURlZKTkU1VVFYUlJlbU40VGtSRmQwMTZVVE5TUkdNd1RWUmpNMDlFVFhkUFJFbDNUa0U5UFE9PQ==,D:\github\exoneracoes_nomeacoes_dou\LAKE\RJ\2018\10\DOERJ_PARTE_I_PODER_EXECUTIVO_2018-10-24.md,D:\github\exoneracoes_nomeacoes_dou\saida\RJ\DOERJ_2018.csv,1392
termo_administrativo,ANALISTA EXECUTIVA,ANALISTA EXECUTIVA,sim,ANALISTA EXECUTIVA:MISC|Analista Executiva:PER,RJ,2018-09-19,nomeacao,,,,Secretario,5,Wilson Jose Witzel - Governador,Wilson Jose Witzel,Executivo estadual,https://www.ioerj.com.br/portal/modules/conteudoonline/mostra_edicao.php?session=VVZSak5FMUZXVEpSYTFsMFQxUmFRMUZwTURCU1JFRXdURlJvUkUxVVozUlJhbEpGVFRCSmQxSlViRU5SZWxaQ1RWUmpNMDlFVFhoTmFrRjRUMUU5UFE9PQ==,D:\github\exoneracoes_nomeacoes_dou\LAKE\RJ\2018\09\DOERJ_PARTE_I_PODER_EXECUTIVO_2018-09-19.md,D:\github\exoneracoes_nomeacoes_dou\saida\RJ\DOERJ_2018.csv,1792
menos_de_2_tokens,LEIA-SE,LEIA-SE,sim,LEIA-SE:PER,RJ,2018-09-13,nomeacao,,,,Secretario,5,Wilson Jose Witzel - Governador,Wilson Jose Witzel,Executivo estadual,https://www.ioerj.com.br/portal/modules/conteudoonline/mostra_edicao.php?session=VFdwUk1VNXFSVEpQUkd0MFRWUkZORTFUTURCTlJFSkhURlZGTWxKVVkzUlJhMFUxVFVWV1JVMXJVa0pTYTBaRlRWUmpNMDlFVFhoTmFtdDNUbEU5UFE9PQ==,D:\github\exoneracoes_nomeacoes_dou\LAKE\RJ\2018\09\DOERJ_PARTE_I_PODER_EXECUTIVO_2018-09-13.md,D:\github\exoneracoes_nomeacoes_dou\saida\RJ\DOERJ_2018.csv,1891
termo_administrativo,SUBSECRETARIA DE PLANEJAMENTO E GESTÃO,SUBSECRETARIA DE PLANEJAMENTO E GESTÃO,sim,PLANEJAMENTO:ORG|GESTÃO:ORG|Subsecretaria De Planejamento E:PER,RJ,2018-07-30,nomeacao,para exercer o cargo em comissão de Coordenador,,,Governador,1,Wilson Jose Witzel - Governador,Wilson Jose Witzel,Executivo estadual,https://www.ioerj.com.br/portal/modules/conteudoonline/mostra_edicao.php?session=VDFWTk1sSnJWa1ZPUkdOMFVWUlpNRTVwTURCUFZGbDRURlJyTlU5RVdYUk5SVkV3VWtSRk1VMXJVWGxOZW10NVRWUmpNMDlFVFhoUFJGRXhUWGM5UFE9PQ==,D:\github\exoneracoes_nomeacoes_dou\LAKE\RJ\2018\07\DOERJ_PARTE_I_PODER_EXECUTIVO_2018-07-30.md,D:\github\exoneracoes_nomeacoes_dou\saida\RJ\DOERJ_2018.csv,2629
termo_administrativo,SUBSECRETARIA DE PLANEJAMENTO E GESTÃO,SUBSECRETARIA DE PLANEJAMENTO E GESTÃO,sim,PLANEJAMENTO:ORG|GESTÃO:ORG|Subsecretaria De Planejamento E:PER,RJ,2018-07-26,nomeacao,para exercer o cargo em comissão de Coordenador,,,Governador,1,Wilson Jose Witzel - Governador,Wilson Jose Witzel,Executivo estadual,https://www.ioerj.com.br/portal/modules/conteudoonline/mostra_edicao.php?session=VWxWU1JrMUVTWGhTUlZGMFRUQkdRMDVUTURCUmEwa3lURlJyTWs1NlRYUk5SRVV4VG5wRk0wNUZVVEpOVkZWNVRWUmpNMDlFVFhoUFJHc3lUWGM5UFE9PQ==,D:\github\exoneracoes_nomeacoes_dou\LAKE\RJ\2018\07\DOERJ_PARTE_I_PODER_EXECUTIVO_2018-07-26.md,D:\github\exoneracoes_nomeacoes_dou\saida\RJ\DOERJ_2018.csv,2701
termo_administrativo,ASSISTENTE PREVIDENCIÁRIO,ASSISTENTE PREVIDENCIÁRIO,sim,PREVIDENCIÁRIO:LOC|Assistente Previdenciário:PER,RJ,2018-07-18,nomeacao,,,,Governador,1,Wilson Jose Witzel - Governador,Wilson Jose Witzel,Executivo estadual,https://www.ioerj.com.br/portal/modules/conteudoonline/mostra_edicao.php?session=VVhwa1JsSnJUVEJQVlUxMFRrVlpNRTVUTURCT2VscERURlZKTVUwd1VYUk5NRkpEVGxSUmQwNXFUWGRPTUVVd1RWUmpNMDlFVFhsTlJGRjVUbWM5UFE9PQ==,D:\github\exoneracoes_nomeacoes_dou\LAKE\RJ\2018\07\DOERJ_PARTE_I_PODER_EXECUTIVO_2018-07-18.md,D:\github\exoneracoes_nomeacoes_dou\saida\RJ\DOERJ_2018.csv,2887
menos_de_2_tokens,LEIA-SE,LEIA-SE,sim,LEIA-SE:PER,RJ,2018-07-18,nomeacao,,,,Secretario,5,Wilson Jose Witzel - Governador,Wilson Jose Witzel,Executivo estadual,https://www.ioerj.com.br/portal/modules/conteudoonline/mostra_edicao.php?session=VVhwa1JsSnJUVEJQVlUxMFRrVlpNRTVUTURCT2VscERURlZKTVUwd1VYUk5NRkpEVGxSUmQwNXFUWGRPTUVVd1RWUmpNMDlFVFhsTlJGRjVUbWM5UFE9PQ==,D:\github\exoneracoes_nomeacoes_dou\LAKE\RJ\2018\07\DOERJ_PARTE_I_PODER_EXECUTIVO_2018-07-18.md,D:\github\exoneracoes_nomeacoes_dou\saida\RJ\DOERJ_2018.csv,2906
menos_de_2_tokens,LEIA-SE,LEIA-SE,sim,LEIA-SE:PER,RJ,2018-07-18,nomeacao,,,,Secretario,5,Wilson Jose Witzel - Governador,Wilson Jose Witzel,Executivo estadual,https://www.ioerj.com.br/portal/modules/conteudoonline/mostra_edicao.php?session=VVhwa1JsSnJUVEJQVlUxMFRrVlpNRTVUTURCT2VscERURlZKTVUwd1VYUk5NRkpEVGxSUmQwNXFUWGRPTUVVd1RWUmpNMDlFVFhsTlJGRjVUbWM5UFE9PQ==,D:\github\exoneracoes_nomeacoes_dou\LAKE\RJ\2018\07\DOERJ_PARTE_I_PODER_EXECUTIVO_2018-07-18.md,D:\github\exoneracoes_nomeacoes_dou\saida\RJ\DOERJ_2018.csv,2907
termo_administrativo,ASSISTENTE JURÍDICO,ASSISTENTE JURÍDICO,sim,JURÍDICO:ORG|Assistente Jurídico:PER,RJ,2018-07-17,exoneracao,do cargo em comissão de Chefe de Gabinete,da Fundação Departamento de Estradas de Rodagem do Estado do Rio de Janeiro DER-RJ,,Governador,1,Wilson Jose Witzel - Governador,Wilson Jose Witzel,Executivo estadual,https://www.ioerj.com.br/portal/modules/conteudoonline/mostra_edicao.php?session=VG5wU1JrNHdTWGROUkZGMFQxVlNSVkY1TURCT2VrSkRURlJvUWs5RVkzUk9hbWQ1VFhwQmVsSlZVa1ZOUkVrMVRWUmpNMDlFVFhsTlJGa3dUV2M5UFE9PQ==,D:\github\exoneracoes_nomeacoes_dou\LAKE\RJ\2018\07\DOERJ_PARTE_I_PODER_EXECUTIVO_2018-07-17.md,D:\github\exoneracoes_nomeacoes_dou\saida\RJ\DOERJ_2018.csv,2925
menos_de_2_tokens,LEIA-SE,LEIA-SE,sim,LEIA-SE:PER,RJ,2018-07-12,nomeacao,,,,Secretario,5,Wilson Jose Witzel - Governador,Wilson Jose Witzel,Executivo estadual,https://www.ioerj.com.br/portal/modules/conteudoonline/mostra_edicao.php?session=VVRCWmQxRXdWVEZOUlVsMFQwVkdRMUpETURCU1ZVbDZURlJuTlUwd1RYUk5NRkpGVWtSTk5FMTZWWGRQUkUwMFRWUmpNMDlFVFhsTlJHc3lUMUU5UFE9PQ==,D:\github\exoneracoes_nomeacoes_dou\LAKE\RJ\2018\07\DOERJ_PARTE_I_PODER_EXECUTIVO_2018-07-12.md,D:\github\exoneracoes_nomeacoes_dou\saida\RJ\DOERJ_2018.csv,3015
menos_de_2_tokens,LEIA-SE,LEIA-SE,sim,LEIA-SE:PER,RJ,2018-07-11,nomeacao,,,,Secretario,5,Wilson Jose Witzel - Governador,Wilson Jose Witzel,Executivo estadual,https://www.ioerj.com.br/portal/modules/conteudoonline/mostra_edicao.php?session=VFZWR1JVOUZVa1pPUlVWMFRVVk5NazVUTURCTmFrNUdURlJuTlUxNmEzUlJlbEUxVW1wWmVrNUZWVE5SVkdSSFRWUmpNMDlFVFhsTlZFVjVUMUU5UFE9PQ==,D:\github\exoneracoes_nomeacoes_dou\LAKE\RJ\2018\07\DOERJ_PARTE_I_PODER_EXECUTIVO_2018-07-11.md,D:\github\exoneracoes_nomeacoes_dou\saida\RJ\DOERJ_2018.csv,3069
termo_administrativo,ASSISTENTE PREVIDENCIÁRIO,ASSISTENTE PREVIDENCIÁRIO,sim,PREVIDENCIÁRIO:LOC|Assistente Previdenciário:PER,RJ,2018-07-10,nomeacao,,,,Governador,1,Wilson Jose Witzel - Governador,Wilson Jose Witzel,Executivo estadual,https://www.ioerj.com.br/portal/modules/conteudoonline/mostra_edicao.php?session=VVZSTk1sRlZSWGxPUlVsMFVtcHJORkZwTURCTmVrRjZURlJuTTAxNlkzUlBSRTVIVFVWRmVsRnFaekZTVlZreVRWUmpNMDlFVFhsTlZFbDVUV2M5UFE9PQ==,D:\github\exoneracoes_nomeacoes_dou\LAKE\RJ\2018\07\DOERJ_PARTE_I_PODER_EXECUTIVO_2018-07-10.md,D:\github\exoneracoes_nomeacoes_dou\saida\RJ\DOERJ_2018.csv,3072
menos_de_2_tokens,LEIA-SE,LEIA-SE,sim,LEIA-SE:PER,RJ,2018-07-10,nomeacao,,,,Governador,1,Wilson Jose Witzel - Governador,Wilson Jose Witzel,Executivo estadual,https://www.ioerj.com.br/portal/modules/conteudoonline/mostra_edicao.php?session=VVZSTk1sRlZSWGxPUlVsMFVtcHJORkZwTURCTmVrRjZURlJuTTAxNlkzUlBSRTVIVFVWRmVsRnFaekZTVlZreVRWUmpNMDlFVFhsTlZFbDVUV2M5UFE9PQ==,D:\github\exoneracoes_nomeacoes_dou\LAKE\RJ\2018\07\DOERJ_PARTE_I_PODER_EXECUTIVO_2018-07-10.md,D:\github\exoneracoes_nomeacoes_dou\saida\RJ\DOERJ_2018.csv,3077
inicio_suspeito,DE SOUZA RAMOS ALINE,DE SOUZA RAMOS ALINE,sim,SOUZA RAMOS ALINE:MISC|Souza Ramos Aline:PER,RJ,2018-07-05,exoneracao,do cargo em co- missão de Assistente,da Fundação para a Infância e Adolescência da,,Governador,1,Wilson Jose Witzel - Governador,Wilson Jose Witzel,Executivo estadual,https://www.ioerj.com.br/portal/modules/conteudoonline/mostra_edicao.php?session=VFZSak1FMUVhRVpOVkZsMFVrVlZNVkpETURCU1JHY3lURlJuZWs5RldYUk5WVmt5VFZWTmVFOUZUVEJPTUZWNlRWUmpNMDlFVFhsTlZGVjZUbWM5UFE9PQ==,D:\github\exoneracoes_nomeacoes_dou\LAKE\RJ\2018\07\DOERJ_PARTE_I_PODER_EXECUTIVO_2018-07-05.md,D:\github\exoneracoes_nomeacoes_dou\saida\RJ\DOERJ_2018.csv,3164
inicio_suspeito,DE SOUZA BENTO FERNANDES,DE SOUZA BENTO FERNANDES,sim,SOUZA BENTO FERNANDES:PER,RJ,2018-06-11,exoneracao,,do Departamento de Recursos Minerais - DRM-RJ,,Governador,1,Wilson Jose Witzel - Governador,Wilson Jose Witzel,Executivo estadual,https://www.ioerj.com.br/portal/modules/conteudoonline/mostra_edicao.php?session=VFd0Uk0wMXJUa2ROVlZGMFRsVktRMDFwTURCUlZGVjVURlJyZWswd1VYUlJlbWN5VDBSV1FrMVVUa1ZSTUUwd1RWUmpNMDlFVFhsT1ZFMTVUbWM5UFE9PQ==,D:\github\exoneracoes_nomeacoes_dou\LAKE\RJ\2018\06\DOERJ_PARTE_I_PODER_EXECUTIVO_2018-06-11.md,D:\github\exoneracoes_nomeacoes_dou\saida\RJ\DOERJ_2018.csv,3634
termo_administrativo,MARCOS ENOQUE DA SILVA NO CARGO DE AGENTE SOCIOEDUCATIVO MASCULINO,MARCOS ENOQUE DA SILVA NO CARGO DE AGENTE SOCIOEDUCATIVO MASCULINO,sim,MARCOS ENOQUE DA SILVA:PER,RJ,2018-06-05,nomeacao,,do Departamento Geral de Ações Socioeducativas - DEGASE,,Governador,1,Wilson Jose Witzel - Governador,Wilson Jose Witzel,Executivo estadual,https://www.ioerj.com.br/portal/modules/conteudoonline/mostra_edicao.php?session=VDFSQk1WRlVWVFJTVkZWMFVrUmFRazlETURCU1ZHUkhURlZHUTAxNmEzUk5WRTE2VDBSTmVVMXFXa2RTUlZFelRWUmpNMDlFVFhsT1ZHczBUV2M5UFE9PQ==,D:\github\exoneracoes_nomeacoes_dou\LAKE\RJ\2018\06\DOERJ_PARTE_I_PODER_EXECUTIVO_2018-06-05.md,D:\github\exoneracoes_nomeacoes_dou\saida\RJ\DOERJ_2018.csv,3706
termo_administrativo,NATAN PORTO FERREIRA EM COMISSÃO DE SECRETÁRIO II,NATAN PORTO FERREIRA EM COMISSÃO DE SECRETÁRIO II,sim,NATAN:ORG|COMISSÃO DE SECRETÁRIO II:MISC|Natan Porto Ferreira:PER,RJ,2018-05-07,exoneracao,da Assessoria de formática,do Departamento Geral de Administração e Finanças,NATAN PORTO FERREIRA EM COMISSÃO DE,Secretario,5,Wilson Jose Witzel - Governador,Wilson Jose Witzel,Executivo estadual,https://www.ioerj.com.br/portal/modules/conteudoonline/mostra_edicao.php?session=VDFSRk5FNUZTa1ZSZWtGMFRtdFZNazVwTURCU1JHeENURlZKZWxKVVkzUk5hMVV3VVhwSk5VNVVhekZPYTFwRlRWUmpNMDlFVFhsUFZGa3dUMEU5UFE9PQ==,D:\github\exoneracoes_nomeacoes_dou\LAKE\RJ\2018\05\DOERJ_PARTE_I_PODER_EXECUTIVO_2018-05-07.md,D:\github\exoneracoes_nomeacoes_dou\saida\RJ\DOERJ_2018.csv,4179
menos_de_2_tokens,LEIA-SE,LEIA-SE,sim,LEIA-SE:PER,RJ,2018-04-18,nomeacao,,,,Secretario,5,Wilson Jose Witzel - Governador,Wilson Jose Witzel,Executivo estadual,https://www.ioerj.com.br/portal/modules/conteudoonline/mostra_edicao.php?session=VGxSS1JWRlZTVEpTYWxGMFVtcENSVTFUTURCT2FtTTBURlZHUjA0d1RYUlJla3BHVGtWRmVsSnJVVFJOVkVFMFRWUmpNMDlFVFhwTlZFVTFUbmM5UFE9PQ==,D:\github\exoneracoes_nomeacoes_dou\LAKE\RJ\2018\04\DOERJ_PARTE_I_PODER_EXECUTIVO_2018-04-18.md,D:\github\exoneracoes_nomeacoes_dou\saida\RJ\DOERJ_2018.csv,4532
menos_de_2_tokens,LEIA-SE,LEIA-SE,sim,LEIA-SE:PER,RJ,2018-04-18,nomeacao,,,,Secretario,5,Wilson Jose Witzel - Governador,Wilson Jose Witzel,Executivo estadual,https://www.ioerj.com.br/portal/modules/conteudoonline/mostra_edicao.php?session=VGxSS1JWRlZTVEpTYWxGMFVtcENSVTFUTURCT2FtTTBURlZHUjA0d1RYUlJla3BHVGtWRmVsSnJVVFJOVkVFMFRWUmpNMDlFVFhwTlZFVTFUbmM5UFE9PQ==,D:\github\exoneracoes_nomeacoes_dou\LAKE\RJ\2018\04\DOERJ_PARTE_I_PODER_EXECUTIVO_2018-04-18.md,D:\github\exoneracoes_nomeacoes_dou\saida\RJ\DOERJ_2018.csv,4533
menos_de_2_tokens,LEIA-SE,LEIA-SE,sim,LEIA-SE:PER,RJ,2018-04-18,nomeacao,,,,Secretario,5,Wilson Jose Witzel - Governador,Wilson Jose Witzel,Executivo estadual,https://www.ioerj.com.br/portal/modules/conteudoonline/mostra_edicao.php?session=VGxSS1JWRlZTVEpTYWxGMFVtcENSVTFUTURCT2FtTTBURlZHUjA0d1RYUlJla3BHVGtWRmVsSnJVVFJOVkVFMFRWUmpNMDlFVFhwTlZFVTFUbmM5UFE9PQ==,D:\github\exoneracoes_nomeacoes_dou\LAKE\RJ\2018\04\DOERJ_PARTE_I_PODER_EXECUTIVO_2018-04-18.md,D:\github\exoneracoes_nomeacoes_dou\saida\RJ\DOERJ_2018.csv,4534
menos_de_2_tokens,LEIA-SE,LEIA-SE,sim,LEIA-SE:PER,RJ,2018-04-18,nomeacao,,,,Secretario,5,Wilson Jose Witzel - Governador,Wilson Jose Witzel,Executivo estadual,https://www.ioerj.com.br/portal/modules/conteudoonline/mostra_edicao.php?session=VGxSS1JWRlZTVEpTYWxGMFVtcENSVTFUTURCT2FtTTBURlZHUjA0d1RYUlJla3BHVGtWRmVsSnJVVFJOVkVFMFRWUmpNMDlFVFhwTlZFVTFUbmM5UFE9PQ==,D:\github\exoneracoes_nomeacoes_dou\LAKE\RJ\2018\04\DOERJ_PARTE_I_PODER_EXECUTIVO_2018-04-18.md,D:\github\exoneracoes_nomeacoes_dou\saida\RJ\DOERJ_2018.csv,4535
menos_de_2_tokens,LEIA-SE,LEIA-SE,sim,LEIA-SE:PER,RJ,2018-04-18,nomeacao,,,,Secretario,5,Wilson Jose Witzel - Governador,Wilson Jose Witzel,Executivo estadual,https://www.ioerj.com.br/portal/modules/conteudoonline/mostra_edicao.php?session=VGxSS1JWRlZTVEpTYWxGMFVtcENSVTFUTURCT2FtTTBURlZHUjA0d1RYUlJla3BHVGtWRmVsSnJVVFJOVkVFMFRWUmpNMDlFVFhwTlZFVTFUbmM5UFE9PQ==,D:\github\exoneracoes_nomeacoes_dou\LAKE\RJ\2018\04\DOERJ_PARTE_I_PODER_EXECUTIVO_2018-04-18.md,D:\github\exoneracoes_nomeacoes_dou\saida\RJ\DOERJ_2018.csv,4536
menos_de_2_tokens,LEIA-SE,LEIA-SE,sim,LEIA-SE:PER,RJ,2018-04-18,nomeacao,,,,Secretario,5,Wilson Jose Witzel - Governador,Wilson Jose Witzel,Executivo estadual,https://www.ioerj.com.br/portal/modules/conteudoonline/mostra_edicao.php?session=VGxSS1JWRlZTVEpTYWxGMFVtcENSVTFUTURCT2FtTTBURlZHUjA0d1RYUlJla3BHVGtWRmVsSnJVVFJOVkVFMFRWUmpNMDlFVFhwTlZFVTFUbmM5UFE9PQ==,D:\github\exoneracoes_nomeacoes_dou\LAKE\RJ\2018\04\DOERJ_PARTE_I_PODER_EXECUTIVO_2018-04-18.md,D:\github\exoneracoes_nomeacoes_dou\saida\RJ\DOERJ_2018.csv,4537
menos_de_2_tokens,LEIA-SE,LEIA-SE,sim,LEIA-SE:PER,RJ,2018-04-18,nomeacao,,,,Secretario,5,Wilson Jose Witzel - Governador,Wilson Jose Witzel,Executivo estadual,https://www.ioerj.com.br/portal/modules/conteudoonline/mostra_edicao.php?session=VGxSS1JWRlZTVEpTYWxGMFVtcENSVTFUTURCT2FtTTBURlZHUjA0d1RYUlJla3BHVGtWRmVsSnJVVFJOVkVFMFRWUmpNMDlFVFhwTlZFVTFUbmM5UFE9PQ==,D:\github\exoneracoes_nomeacoes_dou\LAKE\RJ\2018\04\DOERJ_PARTE_I_PODER_EXECUTIVO_2018-04-18.md,D:\github\exoneracoes_nomeacoes_dou\saida\RJ\DOERJ_2018.csv,4538
termo_administrativo,CARLOS EDUARDO GOMES MARINHO NO CARGO DE AGENTE SOCIOEDUCATIVO MASCULINO,CARLOS EDUARDO GOMES MARINHO NO CARGO DE AGENTE SOCIOEDUCATIVO MASCULINO,sim,CARLOS EDUARDO:PER,RJ,2018-04-09,nomeacao,,do Departamento Geral de Ações Socioeducativas - DEGASE,,Secretario,5,Wilson Jose Witzel - Governador,Wilson Jose Witzel,Executivo estadual,https://www.ioerj.com.br/portal/modules/conteudoonline/mostra_edicao.php?session=VG5wYVIwNXFTa1JPUkVsMFVrVlJlazlETURCTlJHTXdURlZGZVZKVVdYUk9lazVEVWtSbk5FMHdXa1JSVkZFd1RWUmpNMDlFVFhwTmFsRXpUVUU5UFE9PQ==,D:\github\exoneracoes_nomeacoes_dou\LAKE\RJ\2018\04\DOERJ_PARTE_I_PODER_EXECUTIVO_2018-04-09.md,D:\github\exoneracoes_nomeacoes_dou\saida\RJ\DOERJ_2018.csv,4710
menos_de_2_tokens,LEIA-SE,LEIA-SE,sim,LEIA-SE:PER,RJ,2018-03-16,nomeacao,,,,Secretario,5,Wilson Jose Witzel - Governador,Wilson Jose Witzel,Executivo estadual,https://www.ioerj.com.br/portal/modules/conteudoonline/mostra_edicao.php?session=VWtSbmVrMXJVa1ZPVkZsMFRtdFNSRTE1TURCUFZVcEZURlJyTVZKRlJYUk5NRVY2VG1wV1ExRlVWa2RPVkd4RVRWUmpNMDlFVFhwT1ZGbDNUVUU5UFE9PQ==,D:\github\exoneracoes_nomeacoes_dou\LAKE\RJ\2018\03\DOERJ_PARTE_I_PODER_EXECUTIVO_2018-03-16.md,D:\github\exoneracoes_nomeacoes_dou\saida\RJ\DOERJ_2018.csv,5112
menos_de_2_tokens,LEIA-SE,LEIA-SE,sim,LEIA-SE:PER,RJ,2018-03-13,nomeacao,,,,Secretario,5,Wilson Jose Witzel - Governador,Wilson Jose Witzel,Executivo estadual,https://www.ioerj.com.br/portal/modules/conteudoonline/mostra_edicao.php?session=VDBSUk1GRnFWWGRQUkZGMFQwVldSRkZUTURCUlZFMTVURlZGTWs1VVdYUk9SVWt4VWxSS1IwNXFaekJSYWs1RFRWUmpNMDlFVFhwT2FrVjRUa0U5UFE9PQ==,D:\github\exoneracoes_nomeacoes_dou\LAKE\RJ\2018\03\DOERJ_PARTE_I_PODER_EXECUTIVO_2018-03-13.md,D:\github\exoneracoes_nomeacoes_dou\saida\RJ\DOERJ_2018.csv,5163
tem_numero;termo_administrativo,MATRÍCULA 1842... LEIA-SE,MATRÍCULA 1842... LEIA-SE,sim,MATRÍCULA:MISC|LEIA-SE:PER,RJ,2018-03-12,exoneracao,,,,Secretario,5,Wilson Jose Witzel - Governador,Wilson Jose Witzel,Executivo estadual,https://www.ioerj.com.br/portal/modules/conteudoonline/mostra_edicao.php?session=VFdwSk1VNTZXVFJPYWxWMFRsUmpNVTlUTURCT2VrMHdURlJyTVZKRlJYUlJlbXhGVG1wamVVNUZUVEpQUkdSSFRWUmpNMDlFVFhwT2FrMTZUbEU5UFE9PQ==,D:\github\exoneracoes_nomeacoes_dou\LAKE\RJ\2018\03\DOERJ_PARTE_I_PODER_EXECUTIVO_2018-03-12.md,D:\github\exoneracoes_nomeacoes_dou\saida\RJ\DOERJ_2018.csv,5219
tem_numero;termo_administrativo,MATRÍCULA 1842... LEIA-SE,MATRÍCULA 1842... LEIA-SE,sim,MATRÍCULA:MISC|LEIA-SE:PER,RJ,2018-03-12,nomeacao,,,,Secretario,5,Wilson Jose Witzel - Governador,Wilson Jose Witzel,Executivo estadual,https://www.ioerj.com.br/portal/modules/conteudoonline/mostra_edicao.php?session=VFdwSk1VNTZXVFJPYWxWMFRsUmpNVTlUTURCT2VrMHdURlJyTVZKRlJYUlJlbXhGVG1wamVVNUZUVEpQUkdSSFRWUmpNMDlFVFhwT2FrMTZUbEU5UFE9PQ==,D:\github\exoneracoes_nomeacoes_dou\LAKE\RJ\2018\03\DOERJ_PARTE_I_PODER_EXECUTIVO_2018-03-12.md,D:\github\exoneracoes_nomeacoes_dou\saida\RJ\DOERJ_2018.csv,5220
menos_de_2_tokens,LEIA-SE,LEIA-SE,sim,LEIA-SE:PER,RJ,2018-02-27,nomeacao,,,,Secretario,5,Wilson Jose Witzel - Governador,Wilson Jose Witzel,Executivo estadual,https://www.ioerj.com.br/portal/modules/conteudoonline/mostra_edicao.php?session=VFd0Uk5WSnFWWGhTVlVsMFRUQk9RazlUTURCTlJHdDRURlJzUms5RVZYUk9WVWw1VDBSQ1JVMVZUVEJOUlVwR1RWUmpNMDlFVFhwT2VtZDNUa0U5UFE9PQ==,D:\github\exoneracoes_nomeacoes_dou\LAKE\RJ\2018\02\DOERJ_PARTE_I_PODER_EXECUTIVO_2018-02-27.md,D:\github\exoneracoes_nomeacoes_dou\saida\RJ\DOERJ_2018.csv,5408
menos_de_2_tokens,LEIA-SE,LEIA-SE,sim,LEIA-SE:PER,RJ,2018-02-27,nomeacao,,,,Secretario,5,Wilson Jose Witzel - Governador,Wilson Jose Witzel,Executivo estadual,https://www.ioerj.com.br/portal/modules/conteudoonline/mostra_edicao.php?session=VFd0Uk5WSnFWWGhTVlVsMFRUQk9RazlUTURCTlJHdDRURlJzUms5RVZYUk9WVWw1VDBSQ1JVMVZUVEJOUlVwR1RWUmpNMDlFVFhwT2VtZDNUa0U5UFE9PQ==,D:\github\exoneracoes_nomeacoes_dou\LAKE\RJ\2018\02\DOERJ_PARTE_I_PODER_EXECUTIVO_2018-02-27.md,D:\github\exoneracoes_nomeacoes_dou\saida\RJ\DOERJ_2018.csv,5409
menos_de_2_tokens,LEIA-SE,LEIA-SE,sim,LEIA-SE:PER,RJ,2018-02-21,nomeacao,,,,Secretario,5,Wilson Jose Witzel - Governador,Wilson Jose Witzel,Executivo estadual,https://www.ioerj.com.br/portal/modules/conteudoonline/mostra_edicao.php?session=VGtWYVJsSlZSWGxPUkZsMFVrUk9RazU1TURCUFJHaEVURlJuTWs1cWEzUlNSRnBHVW10T1FrOUZTVEZSYTFVeFRWUmpNMDlFVFhwUFJFMHdUbEU5UFE9PQ==,D:\github\exoneracoes_nomeacoes_dou\LAKE\RJ\2018\02\DOERJ_PARTE_I_PODER_EXECUTIVO_2018-02-21.md,D:\github\exoneracoes_nomeacoes_dou\saida\RJ\DOERJ_2018.csv,5493
menos_de_2_tokens,LEIA-SE,LEIA-SE,sim,LEIA-SE:PER,RJ,2018-02-16,nomeacao,,,,Secretario,5,Wilson Jose Witzel - Governador,Wilson Jose Witzel,Executivo estadual,https://www.ioerj.com.br/portal/modules/conteudoonline/mostra_edicao.php?session=VWxSYVFrOVZXVEpPYWtWMFRXdFplVTlUTURCU1JHaERURlJuZVU1NlVYUlBWVVpDVDFWUk5GSnFTWGhPVlVVMFRWUmpNMDlFVFhwUFJGazBUa0U5UFE9PQ==,D:\github\exoneracoes_nomeacoes_dou\LAKE\RJ\2018\02\DOERJ_PARTE_I_PODER_EXECUTIVO_2018-02-16.md,D:\github\exoneracoes_nomeacoes_dou\saida\RJ\DOERJ_2018.csv,5526
termo_administrativo,ASSISTENTE PREVIDENCIÁRIO,ASSISTENTE PREVIDENCIÁRIO,sim,PREVIDENCIÁRIO:LOC|Assistente Previdenciário:PER,RJ,2018-02-08,exoneracao,do cargo em comissão de Coordenador,,,Secretario,5,Wilson Jose Witzel - Governador,Wilson Jose Witzel,Executivo estadual,https://www.ioerj.com.br/portal/modules/conteudoonline/mostra_edicao.php?session=VFZWTk1GRlZSa1pOVkVsMFVXcENSVTFUTURCTlZVMTRURlJuZVU1RVFYUlJlbEYzVDFSS1JGRXdUa1ZTYTBwSFRWUmpNMDlFVFhwUFZFRjNUMEU5UFE9PQ==,D:\github\exoneracoes_nomeacoes_dou\LAKE\RJ\2018\02\DOERJ_PARTE_I_PODER_EXECUTIVO_2018-02-08.md,D:\github\exoneracoes_nomeacoes_dou\saida\RJ\DOERJ_2018.csv,5546
termo_administrativo,ASSISTENTE PREVIDENCIÁRIO,ASSISTENTE PREVIDENCIÁRIO,sim,PREVIDENCIÁRIO:LOC|Assistente Previdenciário:PER,RJ,2018-02-08,nomeacao,,,,Secretario,5,Wilson Jose Witzel - Governador,Wilson Jose Witzel,Executivo estadual,https://www.ioerj.com.br/portal/modules/conteudoonline/mostra_edicao.php?session=VFZWTk1GRlZSa1pOVkVsMFVXcENSVTFUTURCTlZVMTRURlJuZVU1RVFYUlJlbEYzVDFSS1JGRXdUa1ZTYTBwSFRWUmpNMDlFVFhwUFZFRjNUMEU5UFE9PQ==,D:\github\exoneracoes_nomeacoes_dou\LAKE\RJ\2018\02\DOERJ_PARTE_I_PODER_EXECUTIVO_2018-02-08.md,D:\github\exoneracoes_nomeacoes_dou\saida\RJ\DOERJ_2018.csv,5547
termo_administrativo,ASSISTENTE PREVIDENCIÁRIO,ASSISTENTE PREVIDENCIÁRIO,sim,PREVIDENCIÁRIO:LOC|Assistente Previdenciário:PER,RJ,2018-02-08,nomeacao,,,,Secretario,5,Wilson Jose Witzel - Governador,Wilson Jose Witzel,Executivo estadual,https://www.ioerj.com.br/portal/modules/conteudoonline/mostra_edicao.php?session=VFZWTk1GRlZSa1pOVkVsMFVXcENSVTFUTURCTlZVMTRURlJuZVU1RVFYUlJlbEYzVDFSS1JGRXdUa1ZTYTBwSFRWUmpNMDlFVFhwUFZFRjNUMEU5UFE9PQ==,D:\github\exoneracoes_nomeacoes_dou\LAKE\RJ\2018\02\DOERJ_PARTE_I_PODER_EXECUTIVO_2018-02-08.md,D:\github\exoneracoes_nomeacoes_dou\saida\RJ\DOERJ_2018.csv,5548
termo_administrativo,ASSISTENTE PREVIDENCIÁRIO,ASSISTENTE PREVIDENCIÁRIO,sim,PREVIDENCIÁRIO:LOC|Assistente Previdenciário:PER,RJ,2018-02-08,exoneracao,do cargo em comissão de Assistente,,,Secretario,5,Wilson Jose Witzel - Governador,Wilson Jose Witzel,Executivo estadual,https://www.ioerj.com.br/portal/modules/conteudoonline/mostra_edicao.php?session=VFZWTk1GRlZSa1pOVkVsMFVXcENSVTFUTURCTlZVMTRURlJuZVU1RVFYUlJlbEYzVDFSS1JGRXdUa1ZTYTBwSFRWUmpNMDlFVFhwUFZFRjNUMEU5UFE9PQ==,D:\github\exoneracoes_nomeacoes_dou\LAKE\RJ\2018\02\DOERJ_PARTE_I_PODER_EXECUTIVO_2018-02-08.md,D:\github\exoneracoes_nomeacoes_dou\saida\RJ\DOERJ_2018.csv,5550
termo_administrativo,ASSISTENTE PREVIDENCIÁRIO,ASSISTENTE PREVIDENCIÁRIO,sim,PREVIDENCIÁRIO:LOC|Assistente Previdenciário:PER,RJ,2018-01-25,exoneracao,do cargo em comissão de Assistente II,,,Secretario,5,Wilson Jose Witzel - Governador,Wilson Jose Witzel,Executivo estadual,https://www.ioerj.com.br/portal/modules/conteudoonline/mostra_edicao.php?session=VFVWV1IxSlVXa1JTUkVsMFVtcEZORTlUTURCUFJVcEVURlJyTWxKRVJYUk5NRWt6VVhwR1JFOVVSa1JOYWxreVRWUmpNMDlFVFRCTlZFVXhUV2M5UFE9PQ==,D:\github\exoneracoes_nomeacoes_dou\LAKE\RJ\2018\01\DOERJ_PARTE_I_PODER_EXECUTIVO_2018-01-25.md,D:\github\exoneracoes_nomeacoes_dou\saida\RJ\DOERJ_2018.csv,5761
termo_administrativo,ASSISTENTE PREVIDENCIÁRIO,ASSISTENTE PREVIDENCIÁRIO,sim,PREVIDENCIÁRIO:LOC|Assistente Previdenciário:PER,RJ,2018-01-12,nomeacao,,,,Secretario,5,Wilson Jose Witzel - Governador,Wilson Jose Witzel,Executivo estadual,https://www.ioerj.com.br/portal/modules/conteudoonline/mostra_edicao.php?session=VFVWU1JsSlViRU5SYWtsMFVsUm5ORkpETURCUFJVMHlURlZHUWs1VlJYUlBWRUY2VVdwbmVGSlZTa2ROVkdoRFRWUmpNMDlFVFRCTmFra3pUbmM5UFE9PQ==,D:\github\exoneracoes_nomeacoes_dou\LAKE\RJ\2018\01\DOERJ_PARTE_I_PODER_EXECUTIVO_2018-01-12.md,D:\github\exoneracoes_nomeacoes_dou\saida\RJ\DOERJ_2018.csv,5937
termo_administrativo,ASSISTENTE PREVIDENCIÁRIO,ASSISTENTE PREVIDENCIÁRIO,sim,PREVIDENCIÁRIO:LOC|Assistente Previdenciário:PER,RJ,2018-01-12,nomeacao,,,,Secretario,5,Wilson Jose Witzel - Governador,Wilson Jose Witzel,Executivo estadual,https://www.ioerj.com.br/portal/modules/conteudoonline/mostra_edicao.php?session=VFVWU1JsSlViRU5SYWtsMFVsUm5ORkpETURCUFJVMHlURlZHUWs1VlJYUlBWRUY2VVdwbmVGSlZTa2ROVkdoRFRWUmpNMDlFVFRCTmFra3pUbmM5UFE9PQ==,D:\github\exoneracoes_nomeacoes_dou\LAKE\RJ\2018\01\DOERJ_PARTE_I_PODER_EXECUTIVO_2018-01-12.md,D:\github\exoneracoes_nomeacoes_dou\saida\RJ\DOERJ_2018.csv,5939
tem_numero,LEIA-SE: 'MATRÍCULA Nº 40.051-5,LEIA-SE: 'MATRÍCULA Nº 40.051-5,sim,LEIA-SE:PER,RJ,2019-12-10,nomeacao,,,,Secretario,5,Wilson Jose Witzel - Governador,Wilson Jose Witzel,Executivo estadual,https://www.ioerj.com.br/portal/modules/conteudoonline/mostra_edicao.php?session=VGpCUmQxSlZUVFJPVlZsMFRsVkZkMDVETURCT1ZWVXhURlZKTWxGNlkzUk5WRTVFVFRCVmQxSnFRa1ZSVkdkNFRWUmpNMDlFU1hoT1ZFRjRUVkU5UFE9PQ==,D:\github\exoneracoes_nomeacoes_dou\LAKE\RJ\2019\12\DOERJ_PARTE_I_PODER_EXECUTIVO_2019-12-10.md,D:\github\exoneracoes_nomeacoes_dou\saida\RJ\DOERJ_2019.csv,435
termo_administrativo,PRISCILA DA MOTA MELLO NO CARGO DE ASSISTENTE TÉCNICO ADMINISTRATIVO,PRISCILA DA MOTA MELLO NO CARGO DE ASSISTENTE TÉCNICO ADMINISTRATIVO,sim,MOTA:MISC|TÉCNICO:ORG|Priscila Da Mota Mello:PER,RJ,2019-12-03,nomeacao,,do Departamento de Trânsito do Estado do Rio de Janeiro - DETRAN,APOSTILA DO,Secretario,5,Wilson Jose Witzel - Governador,Wilson Jose Witzel,Executivo estadual,https://www.ioerj.com.br/portal/modules/conteudoonline/mostra_edicao.php?session=VG5wak1VNVZUVE5OVkVGMFRVUm5lVTFETURCT1JHYzBURlZKTUU5RVkzUlNSVlpFVVdwSmVGSkViRUpTVkZVeVRWUmpNMDlFU1hoT2Fra3pUWGM5UFE9PQ==,D:\github\exoneracoes_nomeacoes_dou\LAKE\RJ\2019\12\DOERJ_PARTE_I_PODER_EXECUTIVO_2019-12-03.md,D:\github\exoneracoes_nomeacoes_dou\saida\RJ\DOERJ_2019.csv,675
termo_administrativo,MÁRIO FRANCO REIS PARA O CARGO DE DIRETOR DE ADMINISTRAÇÃO E FINANÇAS,MÁRIO FRANCO REIS PARA O CARGO DE DIRETOR DE ADMINISTRAÇÃO E FINANÇAS,sim,MÁRIO FRANCO REIS:PER,RJ,2019-11-18,nomeacao,,,,Secretario,5,Wilson Jose Witzel - Governador,Wilson Jose Witzel,Executivo estadual,https://www.ioerj.com.br/portal/modules/conteudoonline/mostra_edicao.php?session=VGxSQk1rMUVZM2hPTUZWMFRsUnJkMUpUTURCTlJWWkNURlJuZUUxcVZYUlBWR2N4VG10YVFsRnFiRVpOVkZaRVRWUmpNMDlFU1hoUFJHTjNUa0U5UFE9PQ==,D:\github\exoneracoes_nomeacoes_dou\LAKE\RJ\2019\11\DOERJ_PARTE_I_PODER_EXECUTIVO_2019-11-18.md,D:\github\exoneracoes_nomeacoes_dou\saida\RJ\DOERJ_2019.csv,1126
tem_numero;termo_administrativo;muito_longo,MÁRIO JOSÉ FEREU CANEDO DA CRUZ AUDITOR FISCAL DA RECEITA ESTADUAL DE 1ª CATEGORIA,MÁRIO JOSÉ FEREU CANEDO DA CRUZ AUDITOR FISCAL DA RECEITA ESTADUAL DE 1ª CATEGORIA,sim,MÁRIO JOSÉ FEREU:PER,RJ,2019-10-17,nomeacao,,da Subsecretaria de Estado de Receita,,Secretario,5,Wilson Jose Witzel - Governador,Wilson Jose Witzel,Executivo estadual,https://www.ioerj.com.br/portal/modules/conteudoonline/mostra_edicao.php?session=VVdwak5GRlVSVE5OUkVsMFRtdE5NazE1TURCTlZFMTVURlZGTlU1VVozUlJWR3hEVWtSQ1JFNUVXVEpQVlZwRVRWUmpNMDlFU1hsTlZHZDZUV2M5UFE9PQ==,D:\github\exoneracoes_nomeacoes_dou\LAKE\RJ\2019\10\DOERJ_PARTE_I_PODER_EXECUTIVO_2019-10-17.md,D:\github\exoneracoes_nomeacoes_dou\saida\RJ\DOERJ_2019.csv,1951
muito_longo,VIVIANE ALVES PEREIRA SOUZA COSTA INSPETOR DE SEGURANÇA E ADMINISTRAÇÃO PENITENCIÁRIA,VIVIANE ALVES PEREIRA SOUZA COSTA INSPETOR DE SEGURANÇA E ADMINISTRAÇÃO PENITENCIÁRIA,sim,VIVIANE ALVES PEREIRA:MISC|Viviane Alves Pereira Souza Costa Inspetor De Segurança E Administração Penitenciária:PER,RJ,2019-10-17,nomeacao,,da Subsecretaria Adjunta de Gestão Operacional,,Secretario,5,Wilson Jose Witzel - Governador,Wilson Jose Witzel,Executivo estadual,https://www.ioerj.com.br/portal/modules/conteudoonline/mostra_edicao.php?session=VVdwak5GRlVSVE5OUkVsMFRtdE5NazE1TURCTlZFMTVURlZGTlU1VVozUlJWR3hEVWtSQ1JFNUVXVEpQVlZwRVRWUmpNMDlFU1hsTlZHZDZUV2M5UFE9PQ==,D:\github\exoneracoes_nomeacoes_dou\LAKE\RJ\2019\10\DOERJ_PARTE_I_PODER_EXECUTIVO_2019-10-17.md,D:\github\exoneracoes_nomeacoes_dou\saida\RJ\DOERJ_2019.csv,1974
menos_de_2_tokens,LEIA-SE,LEIA-SE,sim,LEIA-SE:PER,RJ,2019-10-04,nomeacao,,,,Secretario,5,Wilson Jose Witzel - Governador,Wilson Jose Witzel,Executivo estadual,https://www.ioerj.com.br/portal/modules/conteudoonline/mostra_edicao.php?session=VGtSYVJWRXdUWGRSYWxsMFQwVktSazFwTURCU2ExazFURlJvUjFGcldYUlBWVmt3VVd0R1IwMUViRU5OUlVWNFRWUmpNMDlFU1hsTmVrbDRUbEU5UFE9PQ==,D:\github\exoneracoes_nomeacoes_dou\LAKE\RJ\2019\10\DOERJ_PARTE_I_PODER_EXECUTIVO_COMPLEMENTAR_2_2019-10-04.md,D:\github\exoneracoes_nomeacoes_dou\saida\RJ\DOERJ_2019.csv,2369
termo_administrativo,ASSISTENTE II,ASSISTENTE II,sim,ASSISTENTE II:PER,RJ,2019-09-23,exoneracao,,,,Secretario,5,Wilson Jose Witzel - Governador,Wilson Jose Witzel,Executivo estadual,https://www.ioerj.com.br/portal/modules/conteudoonline/mostra_edicao.php?session=VGtSUk5FNXJWa2RQUlVsMFRXdEpOVkY1TURCTlZFa3lURlJyTTA5VVdYUk5hMUUxVVd0Vk5FNUZSa05SZWtWNFRWUmpNMDlFU1hsT1JGa3lUbmM5UFE9PQ==,D:\github\exoneracoes_nomeacoes_dou\LAKE\RJ\2019\09\DOERJ_PARTE_I_PODER_EXECUTIVO_2019-09-23.md,D:\github\exoneracoes_nomeacoes_dou\saida\RJ\DOERJ_2019.csv,2744
menos_de_2_tokens,LEIA-SE,LEIA-SE,sim,LEIA-SE:PER,RJ,2019-07-26,nomeacao,,,,Secretario,5,Wilson Jose Witzel - Governador,Wilson Jose Witzel,Executivo estadual,https://www.ioerj.com.br/portal/modules/conteudoonline/mostra_edicao.php?session=VFZSYVEwNTZaelJSYTBWMFVYcGFSRkY1TURCT1ZHeEdURlJzUWxKRldYUlBWRXBDVFVWS1EwMXFRa1JTVkZaSFRWUmpNMDlFU1hwTmFrazFUV2M5UFE9PQ==,D:\github\exoneracoes_nomeacoes_dou\LAKE\RJ\2019\07\DOERJ_PARTE_I_PODER_EXECUTIVO_2019-07-26.md,D:\github\exoneracoes_nomeacoes_dou\saida\RJ\DOERJ_2019.csv,4482
menos_de_2_tokens,LEIA-SE,LEIA-SE,sim,LEIA-SE:PER,RJ,2019-07-26,nomeacao,,,,Secretario,5,Wilson Jose Witzel - Governador,Wilson Jose Witzel,Executivo estadual,https://www.ioerj.com.br/portal/modules/conteudoonline/mostra_edicao.php?session=VFZSYVEwNTZaelJSYTBWMFVYcGFSRkY1TURCT1ZHeEdURlJzUWxKRldYUlBWRXBDVFVWS1EwMXFRa1JTVkZaSFRWUmpNMDlFU1hwTmFrazFUV2M5UFE9PQ==,D:\github\exoneracoes_nomeacoes_dou\LAKE\RJ\2019\07\DOERJ_PARTE_I_PODER_EXECUTIVO_2019-07-26.md,D:\github\exoneracoes_nomeacoes_dou\saida\RJ\DOERJ_2019.csv,4483
menos_de_2_tokens,LEIA-SE,LEIA-SE,sim,LEIA-SE:PER,RJ,2019-07-26,nomeacao,,,,Secretario,5,Wilson Jose Witzel - Governador,Wilson Jose Witzel,Executivo estadual,https://www.ioerj.com.br/portal/modules/conteudoonline/mostra_edicao.php?session=VFZSYVEwNTZaelJSYTBWMFVYcGFSRkY1TURCT1ZHeEdURlJzUWxKRldYUlBWRXBDVFVWS1EwMXFRa1JTVkZaSFRWUmpNMDlFU1hwTmFrazFUV2M5UFE9PQ==,D:\github\exoneracoes_nomeacoes_dou\LAKE\RJ\2019\07\DOERJ_PARTE_I_PODER_EXECUTIVO_2019-07-26.md,D:\github\exoneracoes_nomeacoes_dou\saida\RJ\DOERJ_2019.csv,4484
termo_administrativo,IMÓVEL INTEGRANTE DA ESTRUTURA DA SUBSECRETARIA MILITAR DO GSI-RJ,IMÓVEL INTEGRANTE DA ESTRUTURA DA SUBSECRETARIA MILITAR DO GSI-RJ,sim,IMÓVEL INTEGRANTE DA ESTRUTURA DA SUBSECRETARIA:PER,RJ,2019-07-12,nomeacao,,da Subsecretaria Militar,,Governador,1,Wilson Jose Witzel - Governador,Wilson Jose Witzel,Executivo estadual,https://www.ioerj.com.br/portal/modules/conteudoonline/mostra_edicao.php?session=VWtSTk5FNTZhRVZQVkZWMFVYcEtSVkY1TURCU2EwNURURlJvUTFKclZYUlBWRkpFVG5wa1EwOUZUa2RTYW14RVRWUmpNMDlFU1hwTmVsazBUbWM5UFE9PQ==,D:\github\exoneracoes_nomeacoes_dou\LAKE\RJ\2019\07\DOERJ_PARTE_I_PODER_EXECUTIVO_2019-07-12.md,D:\github\exoneracoes_nomeacoes_dou\saida\RJ\DOERJ_2019.csv,4776
tem_numero;termo_administrativo,ID. FUNCIONAL 5024356-0,ID. FUNCIONAL 5024356-0,sim,ID:LOC|FUNCIONAL 5024356-0:PER,RJ,2019-06-26,exoneracao,do cargo em comissão de Assessor,,,Secretario,5,Wilson Jose Witzel - Governador,Wilson Jose Witzel,Executivo estadual,https://www.ioerj.com.br/portal/modules/conteudoonline/mostra_edicao.php?session=VGxWT1JWRlZSa1JOUlZGMFVWUm5lazU1TURCT2FscEVURlJvUlZFd1VYUlBSRVY0VDBSWk5VNHdTVEZOVkdzeFRWUmpNMDlFU1hwT1ZGazBUMUU5UFE9PQ==,D:\github\exoneracoes_nomeacoes_dou\LAKE\RJ\2019\06\DOERJ_PARTE_I_PODER_EXECUTIVO_2019-06-26.md,D:\github\exoneracoes_nomeacoes_dou\saida\RJ\DOERJ_2019.csv,5194
termo_administrativo,ASSISTENTE PREVIDENCIÁRIO,ASSISTENTE PREVIDENCIÁRIO,sim,PREVIDENCIÁRIO:LOC|Assistente Previdenciário:PER,RJ,2019-06-25,nomeacao,,,,Secretario,5,Wilson Jose Witzel - Governador,Wilson Jose Witzel,Executivo estadual,https://www.ioerj.com.br/portal/modules/conteudoonline/mostra_edicao.php?session=VWxSb1EwNVVUVE5QVkZWMFRucFpkMDFwTURCTmVsVjNURlZLUlZKRlZYUlNhazB4VFhwVk1GRnFRVEpTYTFwQ1RWUmpNMDlFU1hwT1ZHTTBUVkU5UFE9PQ==,D:\github\exoneracoes_nomeacoes_dou\LAKE\RJ\2019\06\DOERJ_PARTE_I_PODER_EXECUTIVO_2019-06-25.md,D:\github\exoneracoes_nomeacoes_dou\saida\RJ\DOERJ_2019.csv,5256
termo_administrativo,ASSISTENTE SOCIAL,ASSISTENTE SOCIAL,sim,Assistente Social:PER,RJ,2019-06-19,exoneracao,do cargo em comissão de Chefe de Equipe Técnica,do Departamento Geral de Serviço Social,,Secretario,5,Wilson Jose Witzel - Governador,Wilson Jose Witzel,Executivo estadual,https://www.ioerj.com.br/portal/modules/conteudoonline/mostra_edicao.php?session=VFhwV1FrNXFZM2hTUkdOMFVsVkdSVkY1TURCTlJHeEVURlZGTlUxVlVYUlJNRkY1VWtWYVFrOUVWVEpOYTBaQ1RWUmpNMDlFU1hwT2FrVXdUWGM5UFE9PQ==,D:\github\exoneracoes_nomeacoes_dou\LAKE\RJ\2019\06\DOERJ_PARTE_I_PODER_EXECUTIVO_2019-06-19.md,D:\github\exoneracoes_nomeacoes_dou\saida\RJ\DOERJ_2019.csv,5298
termo_administrativo,ASSISTENTE PREVIDENCIÁRIO,ASSISTENTE PREVIDENCIÁRIO,sim,PREVIDENCIÁRIO:LOC|Assistente Previdenciário:PER,RJ,2019-06-11,nomeacao,,,,Secretario,5,Wilson Jose Witzel - Governador,Wilson Jose Witzel,Executivo estadual,https://www.ioerj.com.br/portal/modules/conteudoonline/mostra_edicao.php?session=VVdwVk5GSnJXWGxSZWtsMFVrUkZlRkpETURCUlZWa3pURlZKTTFKRVRYUk5ha0pGVVhwc1IxSlZSWGhQUkU1RlRWUmpNMDlFU1hwT2FtY3hUWGM5UFE9PQ==,D:\github\exoneracoes_nomeacoes_dou\LAKE\RJ\2019\06\DOERJ_PARTE_I_PODER_EXECUTIVO_2019-06-11.md,D:\github\exoneracoes_nomeacoes_dou\saida\RJ\DOERJ_2019.csv,5549
termo_administrativo,ASSISTENTE PREVIDENCIÁRIO,ASSISTENTE PREVIDENCIÁRIO,sim,PREVIDENCIÁRIO:LOC|Assistente Previdenciário:PER,RJ,2019-06-10,nomeacao,,,,Secretario,5,Wilson Jose Witzel - Governador,Wilson Jose Witzel,Executivo estadual,https://www.ioerj.com.br/portal/modules/conteudoonline/mostra_edicao.php?session=VG5wT1JsSlVRVE5TYWxsMFRWUkNRMUpUTURCTlZVa3hURlZLUms5VWEzUk5SRkY0VG5wb1JVMUVRa2RPZWxreFRWUmpNMDlFU1hwT2FtdDZUWGM5UFE9PQ==,D:\github\exoneracoes_nomeacoes_dou\LAKE\RJ\2019\06\DOERJ_PARTE_I_PODER_EXECUTIVO_2019-06-10.md,D:\github\exoneracoes_nomeacoes_dou\saida\RJ\DOERJ_2019.csv,5611
termo_administrativo,ASSISTENTE PREVIDENCIÁRIO,ASSISTENTE PREVIDENCIÁRIO,sim,PREVIDENCIÁRIO:LOC|Assistente Previdenciário:PER,RJ,2019-06-10,exoneracao,do cargo em comissão de Assistente II,,,Secretario,5,Wilson Jose Witzel - Governador,Wilson Jose Witzel,Executivo estadual,https://www.ioerj.com.br/portal/modules/conteudoonline/mostra_edicao.php?session=VG5wT1JsSlVRVE5TYWxsMFRWUkNRMUpUTURCTlZVa3hURlZLUms5VWEzUk5SRkY0VG5wb1JVMUVRa2RPZWxreFRWUmpNMDlFU1hwT2FtdDZUWGM5UFE9PQ==,D:\github\exoneracoes_nomeacoes_dou\LAKE\RJ\2019\06\DOERJ_PARTE_I_PODER_EXECUTIVO_2019-06-10.md,D:\github\exoneracoes_nomeacoes_dou\saida\RJ\DOERJ_2019.csv,5612
tem_numero,IRINEU MATIAS RIBEIRO (RG 51.041),IRINEU MATIAS RIBEIRO (RG 51.041),sim,MATIAS RIBEIRO:PER,RJ,2019-06-04,nomeacao,,,,Secretario,5,Wilson Jose Witzel - Governador,Wilson Jose Witzel,Executivo estadual,https://www.ioerj.com.br/portal/modules/conteudoonline/mostra_edicao.php?session=VFd0S1IwMTZaekJTYTAxMFRWUkNSazlUTURCUlZVNUVURlZLUjAxcVJYUk9WR3hIVVRCU1EwMUVRa1ZOYTFFd1RWUmpNMDlFU1hwT2VsRTBUbWM5UFE9PQ==,D:\github\exoneracoes_nomeacoes_dou\LAKE\RJ\2019\06\DOERJ_PARTE_I_PODER_EXECUTIVO_2019-06-04.md,D:\github\exoneracoes_nomeacoes_dou\saida\RJ\DOERJ_2019.csv,5783
termo_administrativo,ASSISTENTE PREVIDENCIÁRIO,ASSISTENTE PREVIDENCIÁRIO,sim,PREVIDENCIÁRIO:LOC|Assistente Previdenciário:PER,RJ,2019-05-14,nomeacao,,,,Secretario,5,Wilson Jose Witzel - Governador,Wilson Jose Witzel,Executivo estadual,https://www.ioerj.com.br/portal/modules/conteudoonline/mostra_edicao.php?session=VGxWSk1VMVVUVEZQVlZGMFRXdEZkMUpETURCTmExVXhURlJzUjA5RlJYUk5WR3hHVFdwV1ExSlVaM2xPYTFGNVRWUmpNMDlFU1hwUFZGa3pUVUU5UFE9PQ==,D:\github\exoneracoes_nomeacoes_dou\LAKE\RJ\2019\05\DOERJ_PARTE_I_PODER_EXECUTIVO_2019-05-14.md,D:\github\exoneracoes_nomeacoes_dou\saida\RJ\DOERJ_2019.csv,6519
termo_administrativo,ASSISTENTE PREVIDENCIÁRIO,ASSISTENTE PREVIDENCIÁRIO,sim,PREVIDENCIÁRIO:LOC|Assistente Previdenciário:PER,RJ,2019-05-10,exoneracao,do cargo em comissão de Assistente II,,,Secretario,5,Wilson Jose Witzel - Governador,Wilson Jose Witzel,Executivo estadual,https://www.ioerj.com.br/portal/modules/conteudoonline/mostra_edicao.php?session=VGxWR1IwNTZVVE5QUkZsMFRsUmpORTlETURCUFZWazFURlJyTUU1RlNYUk9SVlY1VDBSQk1GSlZUVEJSVkVVeFRWUmpNMDlFU1RCT2VsVjRUbWM5UFE9PQ==,D:\github\exoneracoes_nomeacoes_dou\LAKE\RJ\2019\05\DOERJ_PARTE_I_PODER_EXECUTIVO_2019-05-10.md,D:\github\exoneracoes_nomeacoes_dou\saida\RJ\DOERJ_2019.csv,6660
termo_administrativo,ASSISTENTE PREVIDENCIÁRIO,ASSISTENTE PREVIDENCIÁRIO,sim,PREVIDENCIÁRIO:LOC|Assistente Previdenciário:PER,RJ,2019-05-10,nomeacao,,,,Secretario,5,Wilson Jose Witzel - Governador,Wilson Jose Witzel,Executivo estadual,https://www.ioerj.com.br/portal/modules/conteudoonline/mostra_edicao.php?session=VGxWR1IwNTZVVE5QUkZsMFRsUmpORTlETURCUFZWazFURlJyTUU1RlNYUk9SVlY1VDBSQk1GSlZUVEJSVkVVeFRWUmpNMDlFU1RCT2VsVjRUbWM5UFE9PQ==,D:\github\exoneracoes_nomeacoes_dou\LAKE\RJ\2019\05\DOERJ_PARTE_I_PODER_EXECUTIVO_2019-05-10.md,D:\github\exoneracoes_nomeacoes_dou\saida\RJ\DOERJ_2019.csv,6661
termo_administrativo,LOTADA NA SUPERINTENDÊNCIA DE CONTROLADORIA - SUCON,LOTADA NA SUPERINTENDÊNCIA DE CONTROLADORIA - SUCON,sim,LOTADA NA SUPERINTENDÊNCIA:MISC|CONTROLADORIA:ORG|SUCON:ORG|Sucon:PER,RJ,2019-05-07,nomeacao,,,,Secretario,5,Wilson Jose Witzel - Governador,Wilson Jose Witzel,Executivo estadual,https://www.ioerj.com.br/portal/modules/conteudoonline/mostra_edicao.php?session=VFRCS1IxSlZSa1pTYW1OMFRrUldSVTlUTURCT2VscEZURlJyTUUxcVozUlJlbFV3VFdwRk5VMVZUWGxPVkZsNlRWUmpNMDlFU1RCUFJFa3dUVUU5UFE9PQ==,D:\github\exoneracoes_nomeacoes_dou\LAKE\RJ\2019\05\DOERJ_PARTE_I_PODER_EXECUTIVO_2019-05-07.md,D:\github\exoneracoes_nomeacoes_dou\saida\RJ\DOERJ_2019.csv,7015
termo_administrativo,ASSISTENTE PREVIDENCIÁRIO,ASSISTENTE PREVIDENCIÁRIO,sim,PREVIDENCIÁRIO:LOC|Assistente Previdenciário:PER,RJ,2019-04-26,nomeacao,,,,Secretario,5,Wilson Jose Witzel - Governador,Wilson Jose Witzel,Executivo estadual,https://www.ioerj.com.br/portal/modules/conteudoonline/mostra_edicao.php?session=VDBWU1IwOVZUa1ZSVlZWMFRXdGFSVkpETURCUFJFRXpURlZGTTFKclVYUk9NRVV6VGxSSk5GSkZUa05TYW1kNVRWUmpNMDlFU1RCUFZGVjVUV2M5UFE9PQ==,D:\github\exoneracoes_nomeacoes_dou\LAKE\RJ\2019\04\DOERJ_PARTE_I_PODER_EXECUTIVO_2019-04-26.md,D:\github\exoneracoes_nomeacoes_dou\saida\RJ\DOERJ_2019.csv,7145
termo_administrativo,ASSISTENTE DE ESTUDOS E PESQUISAS,ASSISTENTE DE ESTUDOS E PESQUISAS,sim,DE ESTUDOS E PESQUISAS:MISC|Assistente De Estudos E:PER,RJ,2019-04-04,exoneracao,do cargo em comissão de Vogal de Comissão de Inquérito,da Superintendência de Regime Disciplinar,,Secretario,5,Wilson Jose Witzel - Governador,Wilson Jose Witzel,Executivo estadual,https://www.ioerj.com.br/portal/modules/conteudoonline/mostra_edicao.php?session=VGpCRk5GRnFTWGRTYTFGMFRtcE5kMDFUTURCTmExVjVURlZKTWs5RVRYUlBSRUUxVG1wSmVWRnJSa05QVkZrMVRWUmpNMDlFU1RGTlZFazFUV2M5UFE9PQ==,D:\github\exoneracoes_nomeacoes_dou\LAKE\RJ\2019\04\DOERJ_PARTE_I_PODER_EXECUTIVO_2019-04-04.md,D:\github\exoneracoes_nomeacoes_dou\saida\RJ\DOERJ_2019.csv,7752
tem_numero;termo_administrativo,MARCELO GONÇALVES GOMES NO CARGO DE OFICIAL DE CARTÓRIO DE 6ª CLASSE DA,MARCELO GONÇALVES GOMES NO CARGO DE OFICIAL DE CARTÓRIO DE 6ª CLASSE DA,sim,MARCELO GONÇALVES GOMES NO CARGO DE OFICIAL DE CARTÓRIO:MISC|Marcelo Gonçalves Gomes:PER,RJ,2019-03-27,nomeacao,,,,Governador,1,Wilson Jose Witzel - Governador,Wilson Jose Witzel,Executivo estadual,https://www.ioerj.com.br/portal/modules/conteudoonline/mostra_edicao.php?session=VGxSWk1GRlVaekpTVlZGMFRsUkpNazE1TURCU1JGSkNURlJuZWs1VldYUk5WRUV6VDBSRk1FNXJUVE5SYTAweVRWUmpNMDlFU1RGTmFsa3dUbmM5UFE9PQ==,D:\github\exoneracoes_nomeacoes_dou\LAKE\RJ\2019\03\DOERJ_PARTE_I_PODER_EXECUTIVO_2019-03-27.md,D:\github\exoneracoes_nomeacoes_dou\saida\RJ\DOERJ_2019.csv,8055
tem_numero;termo_administrativo,ID 5074252-3,ID 5074252-3,sim,ID 5074252-3:PER,RJ,2019-03-18,exoneracao,do cargo comissionado de Chefe da Seção de Banco de Alimentos da Unidade de Itaocara,,,Secretario,5,Wilson Jose Witzel - Governador,Wilson Jose Witzel,Executivo estadual,https://www.ioerj.com.br/portal/modules/conteudoonline/mostra_edicao.php?session=VVdwQk5FOUZTa1pSVkdOMFRXcGtSRkZUTURCUFJHc3dURlZKTWxKRVozUk5ha1pFVVhwRmVVMXFTa1pTUkVsNlRWUmpNMDlFU1RGT1ZFVXpUVUU5UFE9PQ==,D:\github\exoneracoes_nomeacoes_dou\LAKE\RJ\2019\03\DOERJ_PARTE_I_PODER_EXECUTIVO_2019-03-18.md,D:\github\exoneracoes_nomeacoes_dou\saida\RJ\DOERJ_2019.csv,8465
termo_administrativo,ASSISTENTE SOCIAL,ASSISTENTE SOCIAL,sim,Assistente Social:PER,RJ,2019-03-15,nomeacao,,da Fundação para a Infância e Adolescência -FIA/RJ,,Governador,1,Wilson Jose Witzel - Governador,Wilson Jose Witzel,Executivo estadual,https://www.ioerj.com.br/portal/modules/conteudoonline/mostra_edicao.php?session=VWxSTk5FNXJTWGhPTUZsMFRucFplVkpwTURCT2VsWkZURlJvUkZGVVozUk5WVlpIVGtWUmVrMHdXVEJSYTAweFRWUmpNMDlFU1RGT1ZFazFUV2M5UFE9PQ==,D:\github\exoneracoes_nomeacoes_dou\LAKE\RJ\2019\03\DOERJ_PARTE_I_PODER_EXECUTIVO_2019-03-15.md,D:\github\exoneracoes_nomeacoes_dou\saida\RJ\DOERJ_2019.csv,8475
tem_numero,12 DE MARÇO DE 2019 WILSON WITZEL,12 DE MARÇO DE 2019 WILSON WITZEL,sim,MARÇO:LOC|WILSON WITZEL ID:MISC|ATOS:MISC|De Março:PER,RJ,2019-03-13,nomeacao,,,ATOS DO,Governador,1,Wilson Jose Witzel - Governador,Wilson Jose Witzel,Executivo estadual,https://www.ioerj.com.br/portal/modules/conteudoonline/mostra_edicao.php?session=VVhwVk5FMTZVWGhPVkVWMFRucE5lRkZwTURCTlJWRjVURlJvUTFGcVNYUlJWRTB6VVdwbmQxRjZaM2hTUkVwQ1RWUmpNMDlFU1RGT1ZGbDNUV2M5UFE9PQ==,D:\github\exoneracoes_nomeacoes_dou\LAKE\RJ\2019\03\DOERJ_PARTE_I_PODER_EXECUTIVO_2019-03-13.md,D:\github\exoneracoes_nomeacoes_dou\saida\RJ\DOERJ_2019.csv,8528
termo_administrativo,ASSISTENTE SOCIAL,ASSISTENTE SOCIAL,sim,Assistente Social:PER,RJ,2019-03-13,exoneracao,do cargo em comissão de Assessor Técnico,da Fundação para a Infância e Adolescência - FIA/RJ,,Secretario,5,Wilson Jose Witzel - Governador,Wilson Jose Witzel,Executivo estadual,https://www.ioerj.com.br/portal/modules/conteudoonline/mostra_edicao.php?session=VVhwVk5FMTZVWGhPVkVWMFRucE5lRkZwTURCTlJWRjVURlJvUTFGcVNYUlJWRTB6VVdwbmQxRjZaM2hTUkVwQ1RWUmpNMDlFU1RGT1ZGbDNUV2M5UFE9PQ==,D:\github\exoneracoes_nomeacoes_dou\LAKE\RJ\2019\03\DOERJ_PARTE_I_PODER_EXECUTIVO_2019-03-13.md,D:\github\exoneracoes_nomeacoes_dou\saida\RJ\DOERJ_2019.csv,8570
tem_numero;termo_administrativo,ALINE MOREIRA DA COSTA NO CARGO DE OFICIAL DE CARTÓRIO DE 6ª CLASSE DA,ALINE MOREIRA DA COSTA NO CARGO DE OFICIAL DE CARTÓRIO DE 6ª CLASSE DA,sim,ALINE MOREIRA:MISC|CARGO DE OFICIAL:MISC|CARTÓRIO:MISC|Aline Moreira Da Costa:PER,RJ,2019-02-28,nomeacao,,,,Governador,1,Wilson Jose Witzel - Governador,Wilson Jose Witzel,Executivo estadual,https://www.ioerj.com.br/portal/modules/conteudoonline/mostra_edicao.php?session=VFRCS1JVMXFUVEJQVkVGMFRtdE5NazFwTURCTmExa3hURlJyTTA1VVkzUlNWRnBFVGxWS1JrNTZXVFJOTUZWNFRWUmpNMDlFU1RGT2FrVjZUV2M5UFE9PQ==,D:\github\exoneracoes_nomeacoes_dou\LAKE\RJ\2019\02\DOERJ_PARTE_I_PODER_EXECUTIVO_2019-02-28.md,D:\github\exoneracoes_nomeacoes_dou\saida\RJ\DOERJ_2019.csv,9021
tem_numero;termo_administrativo,RAFAEL TEIXEIRA DO NASCIMENTO NO CARGO DE OFICIAL DE CARTÓRIO DE 6ª CLASSE DA,RAFAEL TEIXEIRA DO NASCIMENTO NO CARGO DE OFICIAL DE CARTÓRIO DE 6ª CLASSE DA,sim,RAFAEL TEIXEIRA DO NASCIMENTO:MISC|CARTÓRIO:MISC|Rafael Teixeira Do Nascimento No Cargo De Oficial:PER,RJ,2019-02-28,nomeacao,,,,Governador,1,Wilson Jose Witzel - Governador,Wilson Jose Witzel,Executivo estadual,https://www.ioerj.com.br/portal/modules/conteudoonline/mostra_edicao.php?session=VFRCS1JVMXFUVEJQVkVGMFRtdE5NazFwTURCTmExa3hURlJyTTA1VVkzUlNWRnBFVGxWS1JrNTZXVFJOTUZWNFRWUmpNMDlFU1RGT2FrVjZUV2M5UFE9PQ==,D:\github\exoneracoes_nomeacoes_dou\LAKE\RJ\2019\02\DOERJ_PARTE_I_PODER_EXECUTIVO_2019-02-28.md,D:\github\exoneracoes_nomeacoes_dou\saida\RJ\DOERJ_2019.csv,9022
termo_administrativo,THAINÁ GUEDES DE BRITO MISSÃO DE ASSISTENTE,THAINÁ GUEDES DE BRITO MISSÃO DE ASSISTENTE,sim,THAINÁ GUEDES DE BRITO:ORG|Thainá Guedes De Brito Missão De Assistente:PER,RJ,2019-02-22,nomeacao,,,,Secretario,5,Wilson Jose Witzel - Governador,Wilson Jose Witzel,Executivo estadual,https://www.ioerj.com.br/portal/modules/conteudoonline/mostra_edicao.php?session=VG5wQ1FsSkViRVJTYTFWMFRucFpNMUZUTURCUmExa3dURlJyTUZGVVVYUk5SRWt4VDFSU1JVNTZUa1pPUlZrMVRWUmpNMDlFU1RKUFJHc3pUbEU5UFE9PQ==,D:\github\exoneracoes_nomeacoes_dou\LAKE\RJ\2019\02\DOERJ_PARTE_I_PODER_EXECUTIVO_2019-02-22.md,D:\github\exoneracoes_nomeacoes_dou\saida\RJ\DOERJ_2019.csv,9339
termo_administrativo,ASSISTENTE PREVIDENCIÁRIO,ASSISTENTE PREVIDENCIÁRIO,sim,PREVIDENCIÁRIO:LOC|Assistente Previdenciário:PER,RJ,2019-02-20,nomeacao,,,,Secretario,5,Wilson Jose Witzel - Governador,Wilson Jose Witzel,Executivo estadual,https://www.ioerj.com.br/portal/modules/conteudoonline/mostra_edicao.php?session=VFd0U1JWRXdWa1pOYWxWMFRtdEZNazFwTURCU2EwWkRURlZHUmsxRVNYUk9WVVY1VVdwU1JVNXFVVFJSVlZKSFRWUmpNMDlFU1RKUFZFbDVUa0U5UFE9PQ==,D:\github\exoneracoes_nomeacoes_dou\LAKE\RJ\2019\02\DOERJ_PARTE_I_PODER_EXECUTIVO_2019-02-20.md,D:\github\exoneracoes_nomeacoes_dou\saida\RJ\DOERJ_2019.csv,9427
termo_administrativo,LU- DO ESTADO DO RIO DE JANEIRO CIANA SANTIAGO FRANCISCO,LU- DO ESTADO DO RIO DE JANEIRO CIANA SANTIAGO FRANCISCO,sim,LU-:MISC|IMAGE:MISC|ESTADO DO RIO DE JANEIRO CIANA SANTIAGO FRANCISCO:LOC|Lu-:MISC|Estado Do Rio:LOC|Ciana Santiago Francisco:PER,RJ,2019-02-01,exoneracao,do cargo em comissão de Assistente,,,Governador,1,Wilson Jose Witzel - Governador,Wilson Jose Witzel,Executivo estadual,https://www.ioerj.com.br/portal/modules/conteudoonline/mostra_edicao.php?session=VDFSQk1rOVVWVEZQUlZWMFVrUnJNbEpwTURCU1ZGRjVURlJuZUZKVVRYUk9WVkV6VDFSYVJVMUVXWGRPUlZVMFRWUmpNMDlFU1ROUFJHZDNUV2M5UFE9PQ==,D:\github\exoneracoes_nomeacoes_dou\LAKE\RJ\2019\02\DOERJ_PARTE_I_PODER_EXECUTIVO_2019-02-01.md,D:\github\exoneracoes_nomeacoes_dou\saida\RJ\DOERJ_2019.csv,10520
termo_administrativo,ASSISTENTE PREVIDENCIÁRIO,ASSISTENTE PREVIDENCIÁRIO,sim,PREVIDENCIÁRIO:LOC|Assistente Previdenciário:PER,RJ,2019-01-15,nomeacao,,,,Secretario,5,Wilson Jose Witzel - Governador,Wilson Jose Witzel,Executivo estadual,https://www.ioerj.com.br/portal/modules/conteudoonline/mostra_edicao.php?session=VDFSRk1VMUVTa0pOYWxsMFVrUnJOVTFETURCUmVtaEVURlJzUWsxRldYUk5SVlpGVVhwVk1rMXFaekpTVkVFeVRWUmpNMDlFU1RSTlJHc3pUV2M5UFE9PQ==,D:\github\exoneracoes_nomeacoes_dou\LAKE\RJ\2019\01\DOERJ_PARTE_I_PODER_EXECUTIVO_2019-01-15.md,D:\github\exoneracoes_nomeacoes_dou\saida\RJ\DOERJ_2019.csv,12101
termo_administrativo,LUIS CLAUDIO FELIX DE VASCONCELLOS SÃO DE ASSISTENTE,LUIS CLAUDIO FELIX DE VASCONCELLOS SÃO DE ASSISTENTE,sim,LUIS CLAUDIO:MISC|VASCONCELLOS:ORG|Luis Claudio Felix:PER,RJ,2019-01-10,nomeacao,,,,Secretario,5,Wilson Jose Witzel - Governador,Wilson Jose Witzel,Executivo estadual,https://www.ioerj.com.br/portal/modules/conteudoonline/mostra_edicao.php?session=VGxSVmVFNVZVVEJQUkZGMFRrUk9SbEpwTURCTlJWRjVURlZGTlU1VlZYUk9SVkpDVG1wUk1sSnFXVEZPTUZwRVRWUmpNMDlFU1RSTlZFVTFUMUU5UFE9PQ==,D:\github\exoneracoes_nomeacoes_dou\LAKE\RJ\2019\01\DOERJ_PARTE_I_PODER_EXECUTIVO_2019-01-10.md,D:\github\exoneracoes_nomeacoes_dou\saida\RJ\DOERJ_2019.csv,12727
termo_administrativo,GLEICE KELLY MARINHO MONTEL ASSESSOR,GLEICE KELLY MARINHO MONTEL ASSESSOR,sim,GLEICE KELLY MARINHO:MISC|Gleice Kelly Marinho Montel Assessor:PER,RJ,2020-12-16,nomeacao,,,,,,Claudio Bomfim de Castro e Silva - Governador em exercicio,Claudio Bomfim de Castro e Silva,Executivo estadual,https://www.ioerj.com.br/portal/modules/conteudoonline/mostra_edicao.php?session=VVZSVmVFMVVXWHBOVkdkMFQwUldSRkZUTURCUFZVa3dURlZKTkU1VVNYUlJNRlY0VG1wWk0wOVVVWHBPUkd4Q1RWUmpNMDlFUVRGT2VsVjRUMUU5UFE9PQ==,D:\github\exoneracoes_nomeacoes_dou\LAKE\RJ\2020\12\DOERJ_PARTE_I_PODER_EXECUTIVO_2020-12-16.md,D:\github\exoneracoes_nomeacoes_dou\saida\RJ\DOERJ_2020.csv,273
tem_numero;termo_administrativo,ID FUNCIODAI-5,ID FUNCIODAI-5,sim,ID FUNCIODAI-5:PER,RJ,2020-12-16,exoneracao,,da Superintendência de Articulação e Promoção da Juventude,,,,Claudio Bomfim de Castro e Silva - Governador em exercicio,Claudio Bomfim de Castro e Silva,Executivo estadual,https://www.ioerj.com.br/portal/modules/conteudoonline/mostra_edicao.php?session=VVZSVmVFMVVXWHBOVkdkMFQwUldSRkZUTURCUFZVa3dURlZKTkU1VVNYUlJNRlY0VG1wWk0wOVVVWHBPUkd4Q1RWUmpNMDlFUVRGT2VsVjRUMUU5UFE9PQ==,D:\github\exoneracoes_nomeacoes_dou\LAKE\RJ\2020\12\DOERJ_PARTE_I_PODER_EXECUTIVO_2020-12-16.md,D:\github\exoneracoes_nomeacoes_dou\saida\RJ\DOERJ_2020.csv,279
termo_administrativo,DIEGO HENRIQUE FERREIRA DOS SANTOS ANALISTA EXECUTIVO,DIEGO HENRIQUE FERREIRA DOS SANTOS ANALISTA EXECUTIVO,sim,HENRIQUE FERREIRA DOS:MISC|Diego Henrique Ferreira Dos Santos Analista Executivo:PER,RJ,2020-12-02,exoneracao,do cargo em comissão de Assistente,,,,,Claudio Bomfim de Castro e Silva - Governador em exercicio,Claudio Bomfim de Castro e Silva,Executivo estadual,https://www.ioerj.com.br/portal/modules/conteudoonline/mostra_edicao.php?session=VFd0R1IwNVVRVFZSTUVsMFRWUlZkMDlUTURCUmExa3lURlZKZDAxNlozUlBWRVY1VDBSUk0xRjZTa1JQVlVwSFRWUmpNMDlFUVRGUFZFazFUMUU5UFE9PQ==,D:\github\exoneracoes_nomeacoes_dou\LAKE\RJ\2020\12\DOERJ_PARTE_I_PODER_EXECUTIVO_2020-12-02.md,D:\github\exoneracoes_nomeacoes_dou\saida\RJ\DOERJ_2020.csv,970
termo_administrativo,ASSISTENTE PREVIDENCIÁRIO,ASSISTENTE PREVIDENCIÁRIO,sim,PREVIDENCIÁRIO:LOC|Assistente Previdenciário:PER,RJ,2020-11-30,nomeacao,,,,,,Claudio Bomfim de Castro e Silva - Governador em exercicio,Claudio Bomfim de Castro e Silva,Executivo estadual,https://www.ioerj.com.br/portal/modules/conteudoonline/mostra_edicao.php?session=VWtWWk1VOVZWWHBPTUZsMFRqQlZNazU1TURCUFZWRjRURlZHUkU5RVJYUlJhMWt4VVZWV1ExRnJSWGxOZWxWNVRWUmpNMDlFUVRGUFZGVXlUVkU5UFE9PQ==,D:\github\exoneracoes_nomeacoes_dou\LAKE\RJ\2020\11\DOERJ_PARTE_I_PODER_EXECUTIVO_2020-11-30.md,D:\github\exoneracoes_nomeacoes_dou\saida\RJ\DOERJ_2020.csv,1066
termo_administrativo,ASSISTENTE PREVIDENCIÁRIO,ASSISTENTE PREVIDENCIÁRIO,sim,PREVIDENCIÁRIO:LOC|Assistente Previdenciário:PER,RJ,2020-11-30,nomeacao,,,,,,Claudio Bomfim de Castro e Silva - Governador em exercicio,Claudio Bomfim de Castro e Silva,Executivo estadual,https://www.ioerj.com.br/portal/modules/conteudoonline/mostra_edicao.php?session=VWtWWk1VOVZWWHBPTUZsMFRqQlZNazU1TURCUFZWRjRURlZHUkU5RVJYUlJhMWt4VVZWV1ExRnJSWGxOZWxWNVRWUmpNMDlFUVRGUFZGVXlUVkU5UFE9PQ==,D:\github\exoneracoes_nomeacoes_dou\LAKE\RJ\2020\11\DOERJ_PARTE_I_PODER_EXECUTIVO_2020-11-30.md,D:\github\exoneracoes_nomeacoes_dou\saida\RJ\DOERJ_2020.csv,1069
termo_administrativo,ASSISTENTE PREVIDENCIÁRIO,ASSISTENTE PREVIDENCIÁRIO,sim,PREVIDENCIÁRIO:LOC|Assistente Previdenciário:PER,RJ,2020-11-30,nomeacao,,,,,,Claudio Bomfim de Castro e Silva - Governador em exercicio,Claudio Bomfim de Castro e Silva,Executivo estadual,https://www.ioerj.com.br/portal/modules/conteudoonline/mostra_edicao.php?session=VWtWWk1VOVZWWHBPTUZsMFRqQlZNazU1TURCUFZWRjRURlZHUkU5RVJYUlJhMWt4VVZWV1ExRnJSWGxOZWxWNVRWUmpNMDlFUVRGUFZGVXlUVkU5UFE9PQ==,D:\github\exoneracoes_nomeacoes_dou\LAKE\RJ\2020\11\DOERJ_PARTE_I_PODER_EXECUTIVO_2020-11-30.md,D:\github\exoneracoes_nomeacoes_dou\saida\RJ\DOERJ_2020.csv,1070
termo_administrativo,COMISSÃO ORGANIZADORA,COMISSÃO ORGANIZADORA,sim,COMISSÃO ORGANIZADORA:MISC|Comissão Organizadora:PER,RJ,2020-11-03,nomeacao,,,,,,Claudio Bomfim de Castro e Silva - Governador em exercicio,Claudio Bomfim de Castro e Silva,Executivo estadual,https://www.ioerj.com.br/portal/modules/conteudoonline/mostra_edicao.php?session=VDFSa1ExSlZWa1ZQVlVWMFVXdE5NMDlUTURCU1JWVjZURlZLUlU1RldYUk5lbHBIVW10U1JFNXFTVFZTVlU1RlRWUmpNMDlFUVRKTmVrVjRUbmM5UFE9PQ==,D:\github\exoneracoes_nomeacoes_dou\LAKE\RJ\2020\11\DOERJ_PARTE_I_PODER_EXECUTIVO_2020-11-03.md,D:\github\exoneracoes_nomeacoes_dou\saida\RJ\DOERJ_2020.csv,2014
termo_administrativo,DANIELLE RANGEL PINHEIRO CARVALHO AUDITOR DO ESTADO,DANIELLE RANGEL PINHEIRO CARVALHO AUDITOR DO ESTADO,sim,DANIELLE RANGEL PINHEIRO CARVALHO AUDITOR:MISC|Danielle Rangel Pinheiro Carvalho Auditor:PER,RJ,2020-10-23,exoneracao,do cargo em comissão de Coordenador,da Superintendência de Normas Técnicas,,,,Claudio Bomfim de Castro e Silva - Governador em exercicio,Claudio Bomfim de Castro e Silva,Executivo estadual,https://www.ioerj.com.br/portal/modules/conteudoonline/mostra_edicao.php?session=VGpCV1JWSnFUa1ZPVlUxMFVYcE5lazVETURCUlZFVXdURlZGTlZKRVNYUlBWR2N3VDBSamVrMVVRVEpTUkVVeVRWUmpNMDlFUVRKT1JGRjVUVUU5UFE9PQ==,D:\github\exoneracoes_nomeacoes_dou\LAKE\RJ\2020\10\DOERJ_PARTE_I_PODER_EXECUTIVO_2020-10-23.md,D:\github\exoneracoes_nomeacoes_dou\saida\RJ\DOERJ_2020.csv,2206
termo_administrativo,ASSISTENTE PREVIDENCIÁRIO,ASSISTENTE PREVIDENCIÁRIO,sim,PREVIDENCIÁRIO:LOC|Assistente Previdenciário:PER,RJ,2020-10-21,nomeacao,,,,,,Claudio Bomfim de Castro e Silva - Governador em exercicio,Claudio Bomfim de Castro e Silva,Executivo estadual,https://www.ioerj.com.br/portal/modules/conteudoonline/mostra_edicao.php?session=VGxWSk1FOUZUWGhSYTAxMFRrUnJkMUZUTURCTlZVVjZURlZGZWs1NlozUk9SVXBFVFdwT1EwOUZXWGROYWxaRFRWUmpNMDlFUVRKT1JGazBUMEU5UFE9PQ==,D:\github\exoneracoes_nomeacoes_dou\LAKE\RJ\2020\10\DOERJ_PARTE_I_PODER_EXECUTIVO_2020-10-21.md,D:\github\exoneracoes_nomeacoes_dou\saida\RJ\DOERJ_2020.csv,2310
termo_administrativo,ASSISTENTE PREVIDENCIÁRIO,ASSISTENTE PREVIDENCIÁRIO,sim,PREVIDENCIÁRIO:LOC|Assistente Previdenciário:PER,RJ,2020-10-21,exoneracao,do cargo em comissão de Assistente,,,,,Claudio Bomfim de Castro e Silva - Governador em exercicio,Claudio Bomfim de Castro e Silva,Executivo estadual,https://www.ioerj.com.br/portal/modules/conteudoonline/mostra_edicao.php?session=VGxWSk1FOUZUWGhSYTAxMFRrUnJkMUZUTURCTlZVVjZURlZGZWs1NlozUk9SVXBFVFdwT1EwOUZXWGROYWxaRFRWUmpNMDlFUVRKT1JGazBUMEU5UFE9PQ==,D:\github\exoneracoes_nomeacoes_dou\LAKE\RJ\2020\10\DOERJ_PARTE_I_PODER_EXECUTIVO_2020-10-21.md,D:\github\exoneracoes_nomeacoes_dou\saida\RJ\DOERJ_2020.csv,2311
tem_numero;termo_administrativo,ID FUNCIOEM COMISSÃO DE ASSISTENTE DAI-6,ID FUNCIOEM COMISSÃO DE ASSISTENTE DAI-6,sim,DAI-6:MISC|Id Funcioem Comissão:PER,RJ,2020-10-15,exoneracao,do cargo,,,,,Claudio Bomfim de Castro e Silva - Governador em exercicio,Claudio Bomfim de Castro e Silva,Executivo estadual,https://www.ioerj.com.br/portal/modules/conteudoonline/mostra_edicao.php?session=VFdwQk5VOVViRUpOZWxWMFVrUkZlbEZwTURCTmVtaERURlJvUTFKcVZYUlJla1Y2VVd0S1FrMTZiRUpTUkVrd1RWUmpNMDlFUVRKT1JHTTBUVUU5UFE9PQ==,D:\github\exoneracoes_nomeacoes_dou\LAKE\RJ\2020\10\DOERJ_PARTE_I_PODER_EXECUTIVO_2020-10-15.md,D:\github\exoneracoes_nomeacoes_dou\saida\RJ\DOERJ_2020.csv,2394
inicio_suspeito;termo_administrativo,VINCULADA AO GABINETE DA PRESIDÊNCIA,VINCULADA AO GABINETE DA PRESIDÊNCIA,sim,VINCULADA AO GABINETE:PER,RJ,2020-12-14,nomeacao,,,,Secretario,5,Claudio Bomfim de Castro e Silva - Governador em exercicio,Claudio Bomfim de Castro e Silva,Executivo estadual,https://www.ioerj.com.br/portal/modules/conteudoonline/mostra_edicao.php?session=VFdwcmQwOVZUa05PUlZGMFRtdEdRMDFwTURCT2VsbDNURlJzUWxFd1VYUk5WRmt6VVRCTmVFMUZTVEJTVkZFd1RWUmpNMDlFUlROT2VrRTBUV2M5UFE9PQ==,D:\github\exoneracoes_nomeacoes_dou\LAKE\RJ\2020\12\DOERJ_PARTE_I_PODER_EXECUTIVO_COMPLEMENTAR_2_2020-12-14.md,D:\github\exoneracoes_nomeacoes_dou\saida\RJ\DOERJ_2020.csv,2782
tem_numero,40 LUIS AUGUSTO DAMASCENO MELO,40 LUIS AUGUSTO DAMASCENO MELO,sim,LUIS AUGUSTO:ORG|Luis Augusto Damasceno Melo:PER,RJ,2020-10-01,exoneracao,do cargo em comissão de Defensor de Ofício,da Superintendência de Regime Disciplinar,,Secretario,5,Claudio Bomfim de Castro e Silva - Governador em exercicio,Claudio Bomfim de Castro e Silva,Executivo estadual,https://www.ioerj.com.br/portal/modules/conteudoonline/mostra_edicao.php?session=VG1wbk5WRlVRa0pSYWtGMFRYcHJlazVwTURCUFZGazBURlZKZDA1cVVYUlBWR3MxVFZWTmQwNXFRWHBSYTFVelRWUmpNMDlFUlRSTlJFVTFUWGM5UFE9PQ==,D:\github\exoneracoes_nomeacoes_dou\LAKE\RJ\2020\10\DOERJ_PARTE_I_PODER_EXECUTIVO_2020-10-01.md,D:\github\exoneracoes_nomeacoes_dou\saida\RJ\DOERJ_2020.csv,3404
tem_numero;termo_administrativo,ID 4206035-4,ID 4206035-4,sim,ID 4206035-4:PER,RJ,2020-08-14,nomeacao,,do Departamento Geral de Ações Socioeducativas - DEGASE,,Secretario,5,Wilson Jose Witzel - Governador,Wilson Jose Witzel,Executivo estadual,https://www.ioerj.com.br/portal/modules/conteudoonline/mostra_edicao.php?session=VDFSck1WRjZXa1ZPYTBWMFVWUkZlRTFUTURCTlJFMTZURlZHUkZGVlRYUk9WRkYzVDBWTmVGRnFVVE5PVlUweFRWUmpNMDlFUlRST1JFVjRUbWM5UFE9PQ==,D:\github\exoneracoes_nomeacoes_dou\LAKE\RJ\2020\08\DOERJ_PARTE_I_PODER_EXECUTIVO_2020-08-14.md,D:\github\exoneracoes_nomeacoes_dou\saida\RJ\DOERJ_2020.csv,4603
inicio_suspeito,POR OCASIÃO DA LIBERAÇÃO DOS BENS,POR OCASIÃO DA LIBERAÇÃO DOS BENS,sim,OCASIÃO DA LIBERAÇÃO DOS:MISC|Ocasião Da Liberação Dos Bens:PER,RJ,2020-08-10,exoneracao,,,,Secretario,5,Wilson Jose Witzel - Governador,Wilson Jose Witzel,Executivo estadual,https://www.ioerj.com.br/portal/modules/conteudoonline/mostra_edicao.php?session=VVRCTmVFNHdUWGRTUkdOMFVtcEZlVkZwTURCUmExWkhURlJvUmxKRVFYUk5hMGt5VDFSUmVrNVVUWGRPTUZVd1RWUmpNMDlFUlRST1JGVXpUMUU5UFE9PQ==,D:\github\exoneracoes_nomeacoes_dou\LAKE\RJ\2020\08\DOERJ_PARTE_I_PODER_EXECUTIVO_COMPLEMENTAR_3_2020-08-10.md,D:\github\exoneracoes_nomeacoes_dou\saida\RJ\DOERJ_2020.csv,4868
tem_numero;termo_administrativo,MATRÍCULA 370 ... LEIA-SE,MATRÍCULA 370 ... LEIA-SE,sim,MATRÍCULA:MISC|LEIA-SE:PER,RJ,2020-08-10,nomeacao,,,,Secretario,5,Wilson Jose Witzel - Governador,Wilson Jose Witzel,Executivo estadual,https://www.ioerj.com.br/portal/modules/conteudoonline/mostra_edicao.php?session=VVRCTmVFNHdUWGRTUkdOMFVtcEZlVkZwTURCUmExWkhURlJvUmxKRVFYUk5hMGt5VDFSUmVrNVVUWGRPTUZVd1RWUmpNMDlFUlRST1JGVXpUMUU5UFE9PQ==,D:\github\exoneracoes_nomeacoes_dou\LAKE\RJ\2020\08\DOERJ_PARTE_I_PODER_EXECUTIVO_COMPLEMENTAR_3_2020-08-10.md,D:\github\exoneracoes_nomeacoes_dou\saida\RJ\DOERJ_2020.csv,4869
termo_administrativo,ANALISTA DE PLANEJAMENTO ORÇAMENTÁRIO,ANALISTA DE PLANEJAMENTO ORÇAMENTÁRIO,sim,ANALISTA DE PLANEJAMENTO:MISC|Analista De Planejamento:PER,RJ,2020-08-06,nomeacao,,da Subsecretaria de Estado de Finanças,,Secretario,5,Wilson Jose Witzel - Governador,Wilson Jose Witzel,Executivo estadual,https://www.ioerj.com.br/portal/modules/conteudoonline/mostra_edicao.php?session=VWtST1IxSnJTWGRQUkVGMFRrUlJlVkZwTURCUFJGVXdURlJzUWs0d1dYUk5SRlY1VFZSc1IxSlZXa05QVlZrMVRWUmpNMDlFUlRST1JHTjZUa0U5UFE9PQ==,D:\github\exoneracoes_nomeacoes_dou\LAKE\RJ\2020\08\DOERJ_PARTE_I_PODER_EXECUTIVO_COMPLEMENTAR_2_2020-08-06.md,D:\github\exoneracoes_nomeacoes_dou\saida\RJ\DOERJ_2020.csv,4902
inicio_suspeito,DE EVELLYN PINHEIRO CARDOSO,DE EVELLYN PINHEIRO CARDOSO,sim,EVELLYN PINHEIRO CARDOSO:PER,RJ,2020-07-06,exoneracao,do cargo em comissão de Assistente II símbolo DAI-6,do Gabinete do Secretário,,Secretario,5,Wilson Jose Witzel - Governador,Wilson Jose Witzel,Executivo estadual,https://www.ioerj.com.br/portal/modules/conteudoonline/mostra_edicao.php?session=VVd0U1FrNVVVa0pPVlUxMFRXcEZlVTFETURCT1ZGbDNURlZKZUZKcVNYUlJhMFpIVGtSWmVVOVVWa0pSYW1zd1RWUmpNMDlFUlRST2VsVjZUVUU5UFE9PQ==,D:\github\exoneracoes_nomeacoes_dou\LAKE\RJ\2020\07\DOERJ_PARTE_I_PODER_EXECUTIVO_2020-07-06.md,D:\github\exoneracoes_nomeacoes_dou\saida\RJ\DOERJ_2020.csv,5720
inicio_suspeito;termo_administrativo,QUE DAR-SE-Á POR MEIO DE PUBLICAÇÃO NO DIÁRIO OFICIAL DO ESTADO,QUE DAR-SE-Á POR MEIO DE PUBLICAÇÃO NO DIÁRIO OFICIAL DO ESTADO,sim,MEIO DE PUBLICAÇÃO:PER,RJ,2020-06-08,nomeacao,,,,Governador,1,Wilson Jose Witzel - Governador,Wilson Jose Witzel,Executivo estadual,https://www.ioerj.com.br/portal/modules/conteudoonline/mostra_edicao.php?session=VFVSQmQxSnFZek5SYWsxMFRXcEpNazVETURCUk1GRTBURlJyTUU0d1dYUk9SR3Q2VGtWVmVFMUZWVFJPZWxsNFRWUmpNMDlFUlRSUFZHdDVUMEU5UFE9PQ==,D:\github\exoneracoes_nomeacoes_dou\LAKE\RJ\2020\06\DOERJ_PARTE_I_PODER_EXECUTIVO_2020-06-08.md,D:\github\exoneracoes_nomeacoes_dou\saida\RJ\DOERJ_2020.csv,6369
tem_numero;termo_administrativo,ID. FUNCIONAL 2447606-0... LEIA-SE,ID. FUNCIONAL 2447606-0... LEIA-SE,sim,ID:LOC|LEIA-SE:PER,RJ,2020-05-21,nomeacao,,,,Secretario,5,Wilson Jose Witzel - Governador,Wilson Jose Witzel,Executivo estadual,https://www.ioerj.com.br/portal/modules/conteudoonline/mostra_edicao.php?session=VGtSQmVGSnJTVEJTVlZWMFRVVkdRMDVwTURCT01GWkdURlZKTUZKVVkzUk9lazAxVVZSTk5FNXFaM2ROZW1NeVRWUmpNMDlFUlRWTlZHc3pUa0U5UFE9PQ==,D:\github\exoneracoes_nomeacoes_dou\LAKE\RJ\2020\05\DOERJ_PARTE_I_PODER_EXECUTIVO_2020-05-21.md,D:\github\exoneracoes_nomeacoes_dou\saida\RJ\DOERJ_2020.csv,6832
tem_numero;termo_administrativo,ID. FUNCIONAL 2447606-0... LEIA-SE,ID. FUNCIONAL 2447606-0... LEIA-SE,sim,ID:LOC|LEIA-SE:PER,RJ,2020-05-21,nomeacao,,,,Secretario,5,Wilson Jose Witzel - Governador,Wilson Jose Witzel,Executivo estadual,https://www.ioerj.com.br/portal/modules/conteudoonline/mostra_edicao.php?session=VGtSQmVGSnJTVEJTVlZWMFRVVkdRMDVwTURCT01GWkdURlZKTUZKVVkzUk9lazAxVVZSTk5FNXFaM2ROZW1NeVRWUmpNMDlFUlRWTlZHc3pUa0U5UFE9PQ==,D:\github\exoneracoes_nomeacoes_dou\LAKE\RJ\2020\05\DOERJ_PARTE_I_PODER_EXECUTIVO_2020-05-21.md,D:\github\exoneracoes_nomeacoes_dou\saida\RJ\DOERJ_2020.csv,6833
tem_numero,CHAYENNE FURTADO DE SOUZA DE DE 07,CHAYENNE FURTADO DE SOUZA DE DE 07,sim,CHAYENNE FURTADO:PER,RJ,2020-04-13,exoneracao,do cargo em comissão símbolo DAS-7,da Fundação Centro Estadual de Estatística,,Secretario,5,Wilson Jose Witzel - Governador,Wilson Jose Witzel,Executivo estadual,https://www.ioerj.com.br/portal/modules/conteudoonline/mostra_edicao.php?session=VVhwUk5VMUZVa1ZOVlZsMFRXcG9SMUpwTURCT2FrWkdURlZHUlZGclRYUk5NRVV3VGtSUmVVNXJXVFJSVkdkNFRWUmpNMDlFUlRWT1ZFMTNUV2M5UFE9PQ==,D:\github\exoneracoes_nomeacoes_dou\LAKE\RJ\2020\04\DOERJ_PARTE_I_PODER_EXECUTIVO_2020-04-13.md,D:\github\exoneracoes_nomeacoes_dou\saida\RJ\DOERJ_2020.csv,7460
inicio_suspeito;termo_administrativo,QUE DAR-SE-Á POR MEIO DE PUBLICAÇÃO NO DIÁRIO OFICIAL DO ESTADO,QUE DAR-SE-Á POR MEIO DE PUBLICAÇÃO NO DIÁRIO OFICIAL DO ESTADO,sim,MEIO DE PUBLICAÇÃO:PER,RJ,2020-03-20,nomeacao,,,,Governador,1,Wilson Jose Witzel - Governador,Wilson Jose Witzel,Executivo estadual,https://www.ioerj.com.br/portal/modules/conteudoonline/mostra_edicao.php?session=VVZSRk1GRjZVVEJSTUZGMFRtcFpNVTE1TURCUmVtdDVURlZHUms1VlNYUk9WVVUwVGxWU1JsRjZRVEZOTUZVd1RWUmpNMDlFUlRWT2FtZDNUVkU5UFE9PQ==,D:\github\exoneracoes_nomeacoes_dou\LAKE\RJ\2020\03\DOERJ_PARTE_I_PODER_EXECUTIVO_2020-03-20.md,D:\github\exoneracoes_nomeacoes_dou\saida\RJ\DOERJ_2020.csv,7929
inicio_suspeito;termo_administrativo,CONFORME ATA DE CONSELHO DELIBERTIVO DA REGIÃO METROPOLITANA,CONFORME ATA DE CONSELHO DELIBERTIVO DA REGIÃO METROPOLITANA,sim,ATA:MISC|CONSELHO DELIBERTIVO:MISC|REGIÃO METROPOLITANA:LOC|Ata De Conselho Delibertivo Da Região Metropolitana:PER,RJ,2020-01-07,nomeacao,para exercer o cargo em comissão de Presidente,do Instituto Rio Metrópole - IRM,,Secretario,5,Wilson Jose Witzel - Governador,Wilson Jose Witzel,Executivo estadual,https://www.ioerj.com.br/portal/modules/conteudoonline/mostra_edicao.php?session=VFdwWk1VOVVUa2ROUlZsMFVXcG5NMDlUTURCTlJWRTBURlZGZUZKVVJYUlNhMFV5VW1wb1JVNTZSa05QVkZFeVRWUmpNMDlFU1hoTlJGVjNUWGM5UFE9PQ==,D:\github\exoneracoes_nomeacoes_dou\LAKE\RJ\2020\01\DOERJ_PARTE_I_PODER_EXECUTIVO_2020-01-07.md,D:\github\exoneracoes_nomeacoes_dou\saida\RJ\DOERJ_2020.csv,10427
tem_numero,ANDRÉ AIRES DE ARAÚJO FILHO (...) PROC. Nº SEI-350088/001219/2021,ANDRÉ AIRES DE ARAÚJO FILHO (...) PROC. Nº SEI-350088/001219/2021,sim,Nº SEI-350088/001219/2021:MISC|André Aires De Araújo Filho:PER,RJ,2021-11-30,exoneracao,,,,,,Claudio Bomfim de Castro e Silva - Governador,Claudio Bomfim de Castro e Silva,Executivo estadual,https://www.ioerj.com.br/portal/modules/conteudoonline/mostra_edicao.php?session=VFVWWmVFNTZaRWRSZWsxMFVrUldSRkpETURCTmFsVXpURlJuZUZGNlozUk5lbXQ2VFhwT1JWSlVVa2RTVkU1SFRWUmpNMDlFUVhkT1JFVjRUbWM5UFE9PQ==,D:\github\exoneracoes_nomeacoes_dou\LAKE\RJ\2021\11\DOERJ_PARTE_I_PODER_EXECUTIVO_2021-11-30.md,D:\github\exoneracoes_nomeacoes_dou\saida\RJ\DOERJ_2021.csv,565
tem_numero;termo_administrativo,ID. FUNCIONAL N.º 5107090-1,ID. FUNCIONAL N.º 5107090-1,sim,ID:LOC|N.º 5107090-1:PER,RJ,2021-11-29,exoneracao,do cargo em comissão de Assessor III,do Instituto Estadual do Ambiente INEA,,,,Claudio Bomfim de Castro e Silva - Governador,Claudio Bomfim de Castro e Silva,Executivo estadual,https://www.ioerj.com.br/portal/modules/conteudoonline/mostra_edicao.php?session=VVRCUmVFMTZWVFJOVlZGMFVsUmpNRTFwTURCUmVtZDVURlJyTWs0d1dYUk5WRTB4VG10TmVFOUVWa1pTUlVWNlRWUmpNMDlFUVhkT1JFbDNUVkU5UFE9PQ==,D:\github\exoneracoes_nomeacoes_dou\LAKE\RJ\2021\11\DOERJ_PARTE_I_PODER_EXECUTIVO_2021-11-29.md,D:\github\exoneracoes_nomeacoes_dou\saida\RJ\DOERJ_2021.csv,579
inicio_suspeito,DE DESENVOLVIMENTO SOCIAL,DE DESENVOLVIMENTO SOCIAL,sim,DESENVOLVIMENTO SOCIAL:PER,RJ,2021-11-19,nomeacao,,,,,,Claudio Bomfim de Castro e Silva - Governador,Claudio Bomfim de Castro e Silva,Executivo estadual,https://www.ioerj.com.br/portal/modules/conteudoonline/mostra_edicao.php?session=VWxSak1sRlVSa0pPYWxWMFVtcEtSRTU1TURCUmFtZDNURlJyTTA5RlJYUlNSVTE2VWtSRmVWRnFUWHBSTUZKRVRWUmpNMDlFUVhkT1ZGVjVUVkU5UFE9PQ==,D:\github\exoneracoes_nomeacoes_dou\LAKE\RJ\2021\11\DOERJ_PARTE_I_PODER_EXECUTIVO_2021-11-19.md,D:\github\exoneracoes_nomeacoes_dou\saida\RJ\DOERJ_2021.csv,763
tem_numero;frase_administrativa;termo_administrativo,ID GOVERNADORIA DO ESTADO. PROCESSO Nº SEI-150001/013077/2021,ID GOVERNADORIA DO ESTADO. PROCESSO Nº SEI-150001/013077/2021,sim,ID GOVERNADORIA:PER,RJ,2021-11-11,exoneracao,,,,,,Claudio Bomfim de Castro e Silva - Governador,Claudio Bomfim de Castro e Silva,Executivo estadual,https://www.ioerj.com.br/portal/modules/conteudoonline/mostra_edicao.php?session=VVdwRk5GRnJWVEZSYW1kMFQwUkJlVTlUTURCTk1FVXpURlZKZUZKVVRYUk5SRnBDVGxWSk5FMXFhM3BQUkZFeVRWUmpNMDlFUVhkT2FrVXpUMUU5UFE9PQ==,D:\github\exoneracoes_nomeacoes_dou\LAKE\RJ\2021\11\DOERJ_PARTE_I_PODER_EXECUTIVO_2021-11-11.md,D:\github\exoneracoes_nomeacoes_dou\saida\RJ\DOERJ_2021.csv,907
tem_numero,RODRIGO MANOEL PENTAGNA GUIMARÃES DAI-4,RODRIGO MANOEL PENTAGNA GUIMARÃES DAI-4,sim,RODRIGO:ORG|Rodrigo Manoel Pentagna Guimarães Dai-4:PER,RJ,2021-10-06,exoneracao,do cargo em comissão de Encarregado II,da Fundação Museu da Imagem e 180007/002194/2021,,,,Claudio Bomfim de Castro e Silva - Governador,Claudio Bomfim de Castro e Silva,Executivo estadual,https://www.ioerj.com.br/portal/modules/conteudoonline/mostra_edicao.php?session=VGpCSk1VMVVVVFJOVlVWMFRXdFdRazVUTURCU1JFMHdURlZKTTA1RlZYUk5la2t4VDFWSmVGRlZSWGhQUlUxM1RWUmpNMDlFUVhoT2FrMHhUbmM5UFE9PQ==,D:\github\exoneracoes_nomeacoes_dou\LAKE\RJ\2021\10\DOERJ_PARTE_I_PODER_EXECUTIVO_2021-10-06.md,D:\github\exoneracoes_nomeacoes_dou\saida\RJ\DOERJ_2021.csv,1504
inicio_suspeito,POR OCASIÃO DA LIBERAÇÃO DOS BENS,POR OCASIÃO DA LIBERAÇÃO DOS BENS,sim,OCASIÃO DA LIBERAÇÃO DOS:MISC|Ocasião Da Liberação Dos Bens:PER,RJ,2021-08-09,exoneracao,,,,,,Claudio Bomfim de Castro e Silva - Governador,Claudio Bomfim de Castro e Silva,Executivo estadual,https://www.ioerj.com.br/portal/modules/conteudoonline/mostra_edicao.php?session=VVhwWmVVNXFWVEJSZWxGMFRucGplRkY1TURCTk1GbDRURlZLUWxFd1dYUk5ha0V6VFZSTmVWRnJXVEpOYTFrelRWUmpNMDlFUVhwTlZFRjVUMUU5UFE9PQ==,D:\github\exoneracoes_nomeacoes_dou\LAKE\RJ\2021\08\DOERJ_PARTE_I_PODER_EXECUTIVO_2021-08-09.md,D:\github\exoneracoes_nomeacoes_dou\saida\RJ\DOERJ_2021.csv,3241
tem_numero;termo_administrativo,ID FUNICONAL Nº 5114414-0,ID FUNICONAL Nº 5114414-0,sim,ID FUNICONAL:PER,RJ,2021-07-29,exoneracao,do cargo em comissão de Assessor,,,,,Claudio Bomfim de Castro e Silva - Governador,Claudio Bomfim de Castro e Silva,Executivo estadual,https://www.ioerj.com.br/portal/modules/conteudoonline/mostra_edicao.php?session=VDBSck1VNHdUa0pPUkd0MFQxUkpNMUY1TURCUlZWSkhURlJyTlU5VVkzUk9SR2N6VVhwV1FrNVVWWGhPZWtGNVRWUmpNMDlFUVhwTmFrVXdUVkU5UFE9PQ==,D:\github\exoneracoes_nomeacoes_dou\LAKE\RJ\2021\07\DOERJ_PARTE_I_PODER_EXECUTIVO_2021-07-29.md,D:\github\exoneracoes_nomeacoes_dou\saida\RJ\DOERJ_2021.csv,3547
tem_numero;termo_administrativo,ID FUNICONAL Nº 5114537-5,ID FUNICONAL Nº 5114537-5,sim,ID FUNICONAL:PER,RJ,2021-07-29,exoneracao,do cargo em comissão de Assistente II,,,,,Claudio Bomfim de Castro e Silva - Governador,Claudio Bomfim de Castro e Silva,Executivo estadual,https://www.ioerj.com.br/portal/modules/conteudoonline/mostra_edicao.php?session=VDBSck1VNHdUa0pPUkd0MFQxUkpNMUY1TURCUlZWSkhURlJyTlU5VVkzUk9SR2N6VVhwV1FrNVVWWGhPZWtGNVRWUmpNMDlFUVhwTmFrVXdUVkU5UFE9PQ==,D:\github\exoneracoes_nomeacoes_dou\LAKE\RJ\2021\07\DOERJ_PARTE_I_PODER_EXECUTIVO_2021-07-29.md,D:\github\exoneracoes_nomeacoes_dou\saida\RJ\DOERJ_2021.csv,3549
tem_numero;termo_administrativo,ID. FUNCIONAL 5106698-0,ID. FUNCIONAL 5106698-0,sim,ID:LOC|5106698-0:PER,RJ,2021-07-27,nomeacao,para exercer o cargo em comissão de Assistente II,,,,,Claudio Bomfim de Castro e Silva - Governador,Claudio Bomfim de Castro e Silva,Executivo estadual,https://www.ioerj.com.br/portal/modules/conteudoonline/mostra_edicao.php?session=VWxWYVJWSlVUWGhQVkZsMFRrVlpOVkpUTURCT1JFMDBURlZKTWsxVVJYUk9NRlV3VG10Rk5GRnJXVFZSYTBaRFRWUmpNMDlFUVhwTmFrMDFUMUU5UFE9PQ==,D:\github\exoneracoes_nomeacoes_dou\LAKE\RJ\2021\07\DOERJ_PARTE_I_PODER_EXECUTIVO_2021-07-27.md,D:\github\exoneracoes_nomeacoes_dou\saida\RJ\DOERJ_2021.csv,3665
tem_numero;termo_administrativo,ID 5093344-2,ID 5093344-2,sim,ID 5093344-2:PER,RJ,2021-07-26,nomeacao,para exercer o cargo em comissão de Assistente,,,,,Claudio Bomfim de Castro e Silva - Governador,Claudio Bomfim de Castro e Silva,Executivo estadual,https://www.ioerj.com.br/portal/modules/conteudoonline/mostra_edicao.php?session=VFZSUmVrNUVRVEJSYWxGMFRtcE9SMDFUTURCU2FrcEhURlJzUlZGNlFYUlJla1UwVWxWSmVrMUVTa1ZPVlZaRVRWUmpNMDlFUVhwTmFsVjRUbEU5UFE9PQ==,D:\github\exoneracoes_nomeacoes_dou\LAKE\RJ\2021\07\DOERJ_PARTE_I_PODER_EXECUTIVO_2021-07-26.md,D:\github\exoneracoes_nomeacoes_dou\saida\RJ\DOERJ_2021.csv,3697
tem_numero;termo_administrativo,ID 5093344-2,ID 5093344-2,sim,ID 5093344-2:PER,RJ,2021-07-26,exoneracao,do cargo em comissão de Assessor,,,,,Claudio Bomfim de Castro e Silva - Governador,Claudio Bomfim de Castro e Silva,Executivo estadual,https://www.ioerj.com.br/portal/modules/conteudoonline/mostra_edicao.php?session=VFZSUmVrNUVRVEJSYWxGMFRtcE9SMDFUTURCU2FrcEhURlJzUlZGNlFYUlJla1UwVWxWSmVrMUVTa1ZPVlZaRVRWUmpNMDlFUVhwTmFsVjRUbEU5UFE9PQ==,D:\github\exoneracoes_nomeacoes_dou\LAKE\RJ\2021\07\DOERJ_PARTE_I_PODER_EXECUTIVO_2021-07-26.md,D:\github\exoneracoes_nomeacoes_dou\saida\RJ\DOERJ_2021.csv,3725
inicio_suspeito;termo_administrativo,VINCULADO À GERÊNCIA DE MICRO E PEQUENAS EMPRESAS - GEMPE,VINCULADO À GERÊNCIA DE MICRO E PEQUENAS EMPRESAS - GEMPE,sim,VINCULADO:LOC|PEQUENAS EMPRESAS:ORG|Gerência De Micro:LOC|Pequenas Empresas - Gempe:PER,RJ,2021-07-26,nomeacao,,,,,,Claudio Bomfim de Castro e Silva - Governador,Claudio Bomfim de Castro e Silva,Executivo estadual,https://www.ioerj.com.br/portal/modules/conteudoonline/mostra_edicao.php?session=VFZSUmVrNUVRVEJSYWxGMFRtcE9SMDFUTURCU2FrcEhURlJzUlZGNlFYUlJla1UwVWxWSmVrMUVTa1ZPVlZaRVRWUmpNMDlFUVhwTmFsVjRUbEU5UFE9PQ==,D:\github\exoneracoes_nomeacoes_dou\LAKE\RJ\2021\07\DOERJ_PARTE_I_PODER_EXECUTIVO_2021-07-26.md,D:\github\exoneracoes_nomeacoes_dou\saida\RJ\DOERJ_2021.csv,3727
tem_numero;termo_administrativo,TAWANDA FERNANDA NASCIMENTO DA SILVA FUNCIONAL Nº 51102935,TAWANDA FERNANDA NASCIMENTO DA SILVA FUNCIONAL Nº 51102935,sim,TAWANDA FERNANDA NASCIMENTO DA SILVA:MISC|Nº 51102935:MISC|Tawanda Fernanda Nascimento Da Silva Funcional Nº 51102935:PER,RJ,2021-07-22,exoneracao,do cargo símbolo DAI-5,do Gabinete da Presidência,,,,Claudio Bomfim de Castro e Silva - Governador,Claudio Bomfim de Castro e Silva,Executivo estadual,https://www.ioerj.com.br/portal/modules/conteudoonline/mostra_edicao.php?session=VWtWUk1VMXJXVEZPYWxGMFQwVldSazVwTURCUFJVVXdURlJyTTA1clJYUlJNRkpEVWxWS1JrNUViRVpPZW1kNVRWUmpNMDlFUVhwTmFtY3pUV2M5UFE9PQ==,D:\github\exoneracoes_nomeacoes_dou\LAKE\RJ\2021\07\DOERJ_PARTE_I_PODER_EXECUTIVO_2021-07-22.md,D:\github\exoneracoes_nomeacoes_dou\saida\RJ\DOERJ_2021.csv,3789
inicio_suspeito;termo_administrativo,VINCULADO À GERÊNCIA DE MICRO E PEQUENAS EMPRESAS - GEMPE,VINCULADO À GERÊNCIA DE MICRO E PEQUENAS EMPRESAS - GEMPE,sim,VINCULADO:LOC|PEQUENAS EMPRESAS:ORG|Gerência De Micro:LOC|Pequenas Empresas - Gempe:PER,RJ,2021-07-21,nomeacao,,,,,,Claudio Bomfim de Castro e Silva - Governador,Claudio Bomfim de Castro e Silva,Executivo estadual,https://www.ioerj.com.br/portal/modules/conteudoonline/mostra_edicao.php?session=VWxSTk1GSlVRa0pPUkVGMFRXcFpORTE1TURCUFZWcEZURlJuTTAxcVozUk9SRlpDVG1wamVVOUZVa2ROUkd0M1RWUmpNMDlFUVhwTmFtczBUbmM5UFE9PQ==,D:\github\exoneracoes_nomeacoes_dou\LAKE\RJ\2021\07\DOERJ_PARTE_I_PODER_EXECUTIVO_2021-07-21.md,D:\github\exoneracoes_nomeacoes_dou\saida\RJ\DOERJ_2021.csv,3890
inicio_suspeito;termo_administrativo,VINCULADO À GERÊNCIA DE MICRO E PEQUENAS EMPRESAS - GEMPE,VINCULADO À GERÊNCIA DE MICRO E PEQUENAS EMPRESAS - GEMPE,sim,VINCULADO:LOC|PEQUENAS EMPRESAS:ORG|Gerência De Micro:LOC|Pequenas Empresas - Gempe:PER,RJ,2021-07-21,nomeacao,,,,,,Claudio Bomfim de Castro e Silva - Governador,Claudio Bomfim de Castro e Silva,Executivo estadual,https://www.ioerj.com.br/portal/modules/conteudoonline/mostra_edicao.php?session=VWxSTk1GSlVRa0pPUkVGMFRXcFpORTE1TURCUFZWcEZURlJuTTAxcVozUk9SRlpDVG1wamVVOUZVa2ROUkd0M1RWUmpNMDlFUVhwTmFtczBUbmM5UFE9PQ==,D:\github\exoneracoes_nomeacoes_dou\LAKE\RJ\2021\07\DOERJ_PARTE_I_PODER_EXECUTIVO_2021-07-21.md,D:\github\exoneracoes_nomeacoes_dou\saida\RJ\DOERJ_2021.csv,3891
inicio_suspeito;termo_administrativo,VINCULADA À GABINETE DA PRESIDÊNCIA - GABIN,VINCULADA À GABINETE DA PRESIDÊNCIA - GABIN,sim,À GABINETE:MISC|PRESIDÊNCIA:MISC|GABIN:MISC|Vinculada À Gabinete Da Presidência:PER,RJ,2021-07-15,nomeacao,,,,,,Claudio Bomfim de Castro e Silva - Governador,Claudio Bomfim de Castro e Silva,Executivo estadual,https://www.ioerj.com.br/portal/modules/conteudoonline/mostra_edicao.php?session=VFVWVmVGRnFXVEpOVkdkMFVYcENSVTFUTURCT2FrbDVURlZKTUU1RVJYUlBSVXBIVVd0Rk1GRXdSVFZPTUUwMFRWUmpNMDlFUVhwTmVsVTFUMEU5UFE9PQ==,D:\github\exoneracoes_nomeacoes_dou\LAKE\RJ\2021\07\DOERJ_PARTE_I_PODER_EXECUTIVO_2021-07-15.md,D:\github\exoneracoes_nomeacoes_dou\saida\RJ\DOERJ_2021.csv,3978
termo_administrativo,RENÉRIO AMARAL DE AGUIAR FILHO ASSESSOR,RENÉRIO AMARAL DE AGUIAR FILHO ASSESSOR,sim,RENÉRIO AMARAL DE AGUIAR FILHO:MISC|Renério Amaral De Aguiar Filho Assessor:PER,RJ,2021-07-09,nomeacao,,da Superintendência de Licitações,,,,Claudio Bomfim de Castro e Silva - Governador,Claudio Bomfim de Castro e Silva,Executivo estadual,https://www.ioerj.com.br/portal/modules/conteudoonline/mostra_edicao.php?session=VVd0T1ExSnFTa1pSZWtGMFRqQk5lbEpUTURCTlJWcEZURlZGZUUxRVdYUlJWR3hDVVZSck1rMXFVVE5OYTFwRVRWUmpNMDlFUVhwT1JFRXlUMEU5UFE9PQ==,D:\github\exoneracoes_nomeacoes_dou\LAKE\RJ\2021\07\DOERJ_PARTE_I_PODER_EXECUTIVO_2021-07-09.md,D:\github\exoneracoes_nomeacoes_dou\saida\RJ\DOERJ_2021.csv,4233
tem_numero;termo_administrativo,ID Nº FUNCIONAL 51194937,ID Nº FUNCIONAL 51194937,sim,ID Nº FUNCIONAL:PER,RJ,2021-06-24,exoneracao,do cargo em comissão de Superintendente,,,,,Claudio Bomfim de Castro e Silva - Governador,Claudio Bomfim de Castro e Silva,Executivo estadual,https://www.ioerj.com.br/portal/modules/conteudoonline/mostra_edicao.php?session=VFZSQk1VNXFhRU5PZW1OMFVsVk5lRkpETURCTmExcEhURlZGZVZKcVdYUk5WRUUwVWtSVmVWSlVaekJOYW1kNFRWUmpNMDlFUVhwT1ZGRjZUa0U5UFE9PQ==,D:\github\exoneracoes_nomeacoes_dou\LAKE\RJ\2021\06\DOERJ_PARTE_I_PODER_EXECUTIVO_2021-06-24.md,D:\github\exoneracoes_nomeacoes_dou\saida\RJ\DOERJ_2021.csv,4877
termo_administrativo,ID FUNCIONAL EM COMISSÃO DE COORDENADOR,ID FUNCIONAL EM COMISSÃO DE COORDENADOR,sim,ID FUNCIONAL:PER,RJ,2021-06-21,exoneracao,do cargo junho de,,ID FUNCIONAL EM COMISSÃO DE,Coordenador,12,Claudio Bomfim de Castro e Silva - Governador,Claudio Bomfim de Castro e Silva,Executivo estadual,https://www.ioerj.com.br/portal/modules/conteudoonline/mostra_edicao.php?session=VFRCU1ExRlVWa1ZPUlZGMFVXdFJORTU1TURCT2FrcEdURlZGZUZKRlJYUk9lbXQ1VGxSTk5GSkZUWGxOZWxVeVRWUmpNMDlFUVhwT1ZHTTFUbEU5UFE9PQ==,D:\github\exoneracoes_nomeacoes_dou\LAKE\RJ\2021\06\DOERJ_PARTE_I_PODER_EXECUTIVO_2021-06-21.md,D:\github\exoneracoes_nomeacoes_dou\saida\RJ\DOERJ_2021.csv,5083
termo_administrativo,ASSISTENTE PREVIDENCIÁRIO,ASSISTENTE PREVIDENCIÁRIO,sim,PREVIDENCIÁRIO:LOC|Assistente Previdenciário:PER,RJ,2021-06-16,exoneracao,do cargo em comissão de Assistente II,,,,,Claudio Bomfim de Castro e Silva - Governador,Claudio Bomfim de Castro e Silva,Executivo estadual,https://www.ioerj.com.br/portal/modules/conteudoonline/mostra_edicao.php?session=VG1wS1JVNXJWa05OYW10MFRqQkdRMDFETURCUFJVVXlURlZHUWxKVVozUk5hMFUxVVhwUk1FOVVTa1JQUlVsM1RWUmpNMDlFUVhwT2FrVXdUbWM5UFE9PQ==,D:\github\exoneracoes_nomeacoes_dou\LAKE\RJ\2021\06\DOERJ_PARTE_I_PODER_EXECUTIVO_2021-06-16.md,D:\github\exoneracoes_nomeacoes_dou\saida\RJ\DOERJ_2021.csv,5329
termo_administrativo,CAÍQUE COSTA GREGÓRIO MISSÃO DE ASSESSOR,CAÍQUE COSTA GREGÓRIO MISSÃO DE ASSESSOR,sim,CAÍQUE COSTA GREGÓRIO MISSÃO DE ASSESSOR:MISC|Caíque Costa Gregório Missão De Assessor:PER,RJ,2021-05-20,nomeacao,,,,,,Claudio Bomfim de Castro e Silva - Governador,Claudio Bomfim de Castro e Silva,Executivo estadual,https://www.ioerj.com.br/portal/modules/conteudoonline/mostra_edicao.php?session=VG1wWmQwMTZTa1ZQVkdkMFVWUmtSbEpETURCTlZHTjNURlJuTlZKcVJYUk9SRWwzVG5wYVFrNVVaM3BTYTFaRFRWUmpNMDlFUVhwUFJHTXpUbWM5UFE9PQ==,D:\github\exoneracoes_nomeacoes_dou\LAKE\RJ\2021\05\DOERJ_PARTE_I_PODER_EXECUTIVO_2021-05-20.md,D:\github\exoneracoes_nomeacoes_dou\saida\RJ\DOERJ_2021.csv,5972
termo_administrativo,LUIZ FERNANDO DA SILVA NOGUEIRA CARGO EM ASSISTENTE,LUIZ FERNANDO DA SILVA NOGUEIRA CARGO EM ASSISTENTE,sim,LUIZ FERNANDO DA SILVA NOGUEIRA:PER,RJ,2021-05-07,nomeacao,,,,,,Claudio Bomfim de Castro e Silva - Governador,Claudio Bomfim de Castro e Silva,Executivo estadual,https://www.ioerj.com.br/portal/modules/conteudoonline/mostra_edicao.php?session=VGpCS1IwOUZUVE5PYW1kMFRXcG9SVTFETURCT1ZVMHhURlJvUlZGNldYUk9SRXBGVFdwamVWRjZTWHBTUkdzMFRWUmpNMDlFUVhwUFZHYzBUV2M5UFE9PQ==,D:\github\exoneracoes_nomeacoes_dou\LAKE\RJ\2021\05\DOERJ_PARTE_I_PODER_EXECUTIVO_2021-05-07.md,D:\github\exoneracoes_nomeacoes_dou\saida\RJ\DOERJ_2021.csv,6269
termo_administrativo,COMO DIRETOR,COMO DIRETOR,sim,DIRETOR:LOC|Diretor:PER,RJ,2021-05-07,nomeacao,,,,,,Claudio Bomfim de Castro e Silva - Governador,Claudio Bomfim de Castro e Silva,Executivo estadual,https://www.ioerj.com.br/portal/modules/conteudoonline/mostra_edicao.php?session=VGpCS1IwOUZUVE5PYW1kMFRXcG9SVTFETURCT1ZVMHhURlJvUlZGNldYUk9SRXBGVFdwamVWRjZTWHBTUkdzMFRWUmpNMDlFUVhwUFZHYzBUV2M5UFE9PQ==,D:\github\exoneracoes_nomeacoes_dou\LAKE\RJ\2021\05\DOERJ_PARTE_I_PODER_EXECUTIVO_2021-05-07.md,D:\github\exoneracoes_nomeacoes_dou\saida\RJ\DOERJ_2021.csv,6275
inicio_suspeito;termo_administrativo,VINCULADA À GERÊNCIA DE CONTROLADORIA - GECOL,VINCULADA À GERÊNCIA DE CONTROLADORIA - GECOL,sim,Vinculada:LOC|Gerência De Controladoria:LOC|Gecol:PER,RJ,2021-05-04,nomeacao,,,,,,Claudio Bomfim de Castro e Silva - Governador,Claudio Bomfim de Castro e Silva,Executivo estadual,https://www.ioerj.com.br/portal/modules/conteudoonline/mostra_edicao.php?session=VWxWTk5VMTZSa1JPVlVsMFRsUlpkMDVwTURCT2EwcEVURlZGZUZGclVYUk9WRkY1VW10UmVsSlZXVFJQVkVVMVRWUmpNMDlFUVRCTlJGbDZUa0U5UFE9PQ==,D:\github\exoneracoes_nomeacoes_dou\LAKE\RJ\2021\05\DOERJ_PARTE_I_PODER_EXECUTIVO_2021-05-04.md,D:\github\exoneracoes_nomeacoes_dou\saida\RJ\DOERJ_2021.csv,6418
tem_numero,NÍVEL CC-11,NÍVEL CC-11,sim,NÍVEL CC-11:PER,RJ,2021-04-13,exoneracao,do Cargo de Supervisor,,,,,Claudio Bomfim de Castro e Silva - Governador em exercicio,Claudio Bomfim de Castro e Silva,Executivo estadual,https://www.ioerj.com.br/portal/modules/conteudoonline/mostra_edicao.php?session=VVZWWk5VNTZVWHBPZWxGMFVtdEtSVkY1TURCTk1GVXhURlZGZWxKclVYUk5lbFpHVGpCS1JrOUVVa1pTYWtGNlRWUmpNMDlFUVRCTmFrazFUVUU5UFE9PQ==,D:\github\exoneracoes_nomeacoes_dou\LAKE\RJ\2021\04\DOERJ_PARTE_I_PODER_EXECUTIVO_2021-04-13.md,D:\github\exoneracoes_nomeacoes_dou\saida\RJ\DOERJ_2021.csv,6875
tem_numero,NÍVEL CC-11,NÍVEL CC-11,sim,NÍVEL CC-11:PER,RJ,2021-04-13,nomeacao,para exercer o Cargo de Supervisor,,,,,Claudio Bomfim de Castro e Silva - Governador em exercicio,Claudio Bomfim de Castro e Silva,Executivo estadual,https://www.ioerj.com.br/portal/modules/conteudoonline/mostra_edicao.php?session=VVZWWk5VNTZVWHBPZWxGMFVtdEtSVkY1TURCTk1GVXhURlZGZWxKclVYUk5lbFpHVGpCS1JrOUVVa1pTYWtGNlRWUmpNMDlFUVRCTmFrazFUVUU5UFE9PQ==,D:\github\exoneracoes_nomeacoes_dou\LAKE\RJ\2021\04\DOERJ_PARTE_I_PODER_EXECUTIVO_2021-04-13.md,D:\github\exoneracoes_nomeacoes_dou\saida\RJ\DOERJ_2021.csv,6876
termo_administrativo,COMO DIRETOR,COMO DIRETOR,sim,DIRETOR:LOC|Diretor:PER,RJ,2021-04-13,nomeacao,,,,,,Claudio Bomfim de Castro e Silva - Governador em exercicio,Claudio Bomfim de Castro e Silva,Executivo estadual,https://www.ioerj.com.br/portal/modules/conteudoonline/mostra_edicao.php?session=VVZWWk5VNTZVWHBPZWxGMFVtdEtSVkY1TURCTk1GVXhURlZGZWxKclVYUk5lbFpHVGpCS1JrOUVVa1pTYWtGNlRWUmpNMDlFUVRCTmFrazFUVUU5UFE9PQ==,D:\github\exoneracoes_nomeacoes_dou\LAKE\RJ\2021\04\DOERJ_PARTE_I_PODER_EXECUTIVO_2021-04-13.md,D:\github\exoneracoes_nomeacoes_dou\saida\RJ\DOERJ_2021.csv,6881
inicio_suspeito;termo_administrativo,VINCULADA A GERÊNCIA DE COBRANÇA - GEREC,VINCULADA A GERÊNCIA DE COBRANÇA - GEREC,sim,VINCULADA:LOC|COBRANÇA:ORG|GEREC:MISC|Vinculada:LOC|Gerência De Cobrança:LOC|Gerec:PER,RJ,2021-03-24,nomeacao,,,,,,Claudio Bomfim de Castro e Silva - Governador em exercicio,Claudio Bomfim de Castro e Silva,Executivo estadual,https://www.ioerj.com.br/portal/modules/conteudoonline/mostra_edicao.php?session=VGpCSk5FOUVSWGhQUkVsMFRtcFpNRTFwTURCUlZHeENURlJyTkU1RlRYUlJWRVY0VGxSb1ExRnJUa05QVkdoR1RWUmpNMDlFUVRCTmVrVTFUMEU5UFE9PQ==,D:\github\exoneracoes_nomeacoes_dou\LAKE\RJ\2021\03\DOERJ_PARTE_I_PODER_EXECUTIVO_2021-03-24.md,D:\github\exoneracoes_nomeacoes_dou\saida\RJ\DOERJ_2021.csv,7263
inicio_suspeito;termo_administrativo,VINCULADA A GERÊNCIA DE MICRO E PEQUENAS EMPRESAS - GEMPE,VINCULADA A GERÊNCIA DE MICRO E PEQUENAS EMPRESAS - GEMPE,sim,VINCULADA:LOC|PEQUENAS EMPRESAS:ORG|Vinculada:LOC|Pequenas Empresas - Gempe:PER,RJ,2021-03-24,nomeacao,,,,,,Claudio Bomfim de Castro e Silva - Governador em exercicio,Claudio Bomfim de Castro e Silva,Executivo estadual,https://www.ioerj.com.br/portal/modules/conteudoonline/mostra_edicao.php?session=VGpCSk5FOUVSWGhQUkVsMFRtcFpNRTFwTURCUlZHeENURlJyTkU1RlRYUlJWRVY0VGxSb1ExRnJUa05QVkdoR1RWUmpNMDlFUVRCTmVrVTFUMEU5UFE9PQ==,D:\github\exoneracoes_nomeacoes_dou\LAKE\RJ\2021\03\DOERJ_PARTE_I_PODER_EXECUTIVO_2021-03-24.md,D:\github\exoneracoes_nomeacoes_dou\saida\RJ\DOERJ_2021.csv,7264
tem_numero;termo_administrativo,ID. FUNCIONAL N° 5111429-1,ID. FUNCIONAL N° 5111429-1,sim,ID:LOC|Id:LOC|Funcional N:PER,RJ,2021-03-19,exoneracao,do cargo em comissão de Assessor,da Subsecretaria do Programa Comunidade Cidade,,,,Claudio Bomfim de Castro e Silva - Governador em exercicio,Claudio Bomfim de Castro e Silva,Executivo estadual,https://www.ioerj.com.br/portal/modules/conteudoonline/mostra_edicao.php?session=VG5wTk0wMXFRVEZOYWtsMFVYcGFSRTVUTURCTlJFRXlURlJuTWxGNlZYUk5hMVpFVVZWYVIxRnFVVFZQUkVFMFRWUmpNMDlFUVRCTmVsa3hUMUU5UFE9PQ==,D:\github\exoneracoes_nomeacoes_dou\LAKE\RJ\2021\03\DOERJ_PARTE_I_PODER_EXECUTIVO_2021-03-19.md,D:\github\exoneracoes_nomeacoes_dou\saida\RJ\DOERJ_2021.csv,7345
muito_longo,GRAZIELLE BARRETO GOMES ESPECIALISTA EM POLÍTICAS. PÚBLICAS E GESTÃO GOVERNAMENTAL,GRAZIELLE BARRETO GOMES ESPECIALISTA EM POLÍTICAS. PÚBLICAS E GESTÃO GOVERNAMENTAL,sim,GRAZIELLE BARRETO GOMES ESPECIALISTA:ORG|POLÍTICAS:ORG|PÚBLICAS:ORG|GESTÃO GOVERNAMENTAL:MISC|Grazielle Barreto Gomes Especialista:PER,RJ,2021-03-15,nomeacao,,da Superintendência de Inteligência Logística,,,,Claudio Bomfim de Castro e Silva - Governador em exercicio,Claudio Bomfim de Castro e Silva,Executivo estadual,https://www.ioerj.com.br/portal/modules/conteudoonline/mostra_edicao.php?session=VGxWWk1GSlVRa1pTVlVWMFRYcFNSazVETURCT2EwMTNURlZLUlUxVVNYUlBWRkpFVWxWUk5FMTZaRUpPVkZFMVRWUmpNMDlFUVRCT1JGVXdUbmM5UFE9PQ==,D:\github\exoneracoes_nomeacoes_dou\LAKE\RJ\2021\03\DOERJ_PARTE_I_PODER_EXECUTIVO_2021-03-15.md,D:\github\exoneracoes_nomeacoes_dou\saida\RJ\DOERJ_2021.csv,7582
termo_administrativo,ASSISTENTE PREVIDENCIÁRIO,ASSISTENTE PREVIDENCIÁRIO,sim,PREVIDENCIÁRIO:LOC|Assistente Previdenciário:PER,RJ,2021-03-12,nomeacao,,,,,,Claudio Bomfim de Castro e Silva - Governador em exercicio,Claudio Bomfim de Castro e Silva,Executivo estadual,https://www.ioerj.com.br/portal/modules/conteudoonline/mostra_edicao.php?session=VFRCU1IxRnJSVEJSYW10MFRXdFJNVTVwTURCT2VsSkNURlZGTlZKVVFYUlJWVVY2VG1wSmVFMUZXVE5STUUwMFRWUmpNMDlFUVRCT1JHTjZUVkU5UFE9PQ==,D:\github\exoneracoes_nomeacoes_dou\LAKE\RJ\2021\03\DOERJ_PARTE_I_PODER_EXECUTIVO_2021-03-12.md,D:\github\exoneracoes_nomeacoes_dou\saida\RJ\DOERJ_2021.csv,7642
termo_administrativo,ASSISTENTE PREVIDENCIÁRIO,ASSISTENTE PREVIDENCIÁRIO,sim,PREVIDENCIÁRIO:LOC|Assistente Previdenciário:PER,RJ,2021-03-12,exoneracao,do cargo em comissão de Assistente,,,,,Claudio Bomfim de Castro e Silva - Governador em exercicio,Claudio Bomfim de Castro e Silva,Executivo estadual,https://www.ioerj.com.br/portal/modules/conteudoonline/mostra_edicao.php?session=VFRCU1IxRnJSVEJSYW10MFRXdFJNVTVwTURCT2VsSkNURlZGTlZKVVFYUlJWVVY2VG1wSmVFMUZXVE5STUUwMFRWUmpNMDlFUVRCT1JHTjZUVkU5UFE9PQ==,D:\github\exoneracoes_nomeacoes_dou\LAKE\RJ\2021\03\DOERJ_PARTE_I_PODER_EXECUTIVO_2021-03-12.md,D:\github\exoneracoes_nomeacoes_dou\saida\RJ\DOERJ_2021.csv,7643
inicio_suspeito;termo_administrativo,VINCULADA AO GABINETE DA PRESIDÊNCIA - GABIN,VINCULADA AO GABINETE DA PRESIDÊNCIA - GABIN,sim,VINCULADA AO GABINETE:PER,RJ,2021-03-03,nomeacao,,,,,,Claudio Bomfim de Castro e Silva - Governador em exercicio,Claudio Bomfim de Castro e Silva,Executivo estadual,https://www.ioerj.com.br/portal/modules/conteudoonline/mostra_edicao.php?session=VFhwRmVsSlVTWHBTUkdkMFVYcEpNRTFUTURCT1ZVWkRURlJyTkUxcldYUk5SVWt3VFhwR1JFNVVSWGRPVkVwR1RWUmpNMDlFUVRCT2FtTXhUVkU5UFE9PQ==,D:\github\exoneracoes_nomeacoes_dou\LAKE\RJ\2021\03\DOERJ_PARTE_I_PODER_EXECUTIVO_2021-03-03.md,D:\github\exoneracoes_nomeacoes_dou\saida\RJ\DOERJ_2021.csv,8105
inicio_suspeito,DE GLICIA GONÇALVES FERREIRA,DE GLICIA GONÇALVES FERREIRA,sim,FERREIRA:ORG|Glicia Gonçalves Ferreira:PER,RJ,2021-02-18,exoneracao,do cargo em comissão de Assessor,,,,,Claudio Bomfim de Castro e Silva - Governador em exercicio,Claudio Bomfim de Castro e Silva,Executivo estadual,https://www.ioerj.com.br/portal/modules/conteudoonline/mostra_edicao.php?session=VGpCR1FrMXJTWGxQVkVWMFVXcFZNMDE1TURCT1JWSkZURlZLUlU1RlJYUlJhMFpHVWtSQk1rNUVUa1JPYW1oRFRWUmpNMDlFUVRCT2VtYzFUV2M5UFE9PQ==,D:\github\exoneracoes_nomeacoes_dou\LAKE\RJ\2021\02\DOERJ_PARTE_I_PODER_EXECUTIVO_2021-02-18.md,D:\github\exoneracoes_nomeacoes_dou\saida\RJ\DOERJ_2021.csv,8689
inicio_suspeito,DE ALEXANDRE BICKEL LEITE,DE ALEXANDRE BICKEL LEITE,sim,Alexandre Bickel Leite:PER,RJ,2021-02-18,exoneracao,do cargo em comissão de Coordenador,da Superintendência de Programas Habitacionais,,,,Claudio Bomfim de Castro e Silva - Governador em exercicio,Claudio Bomfim de Castro e Silva,Executivo estadual,https://www.ioerj.com.br/portal/modules/conteudoonline/mostra_edicao.php?session=VGpCR1FrMXJTWGxQVkVWMFVXcFZNMDE1TURCT1JWSkZURlZLUlU1RlJYUlJhMFpHVWtSQk1rNUVUa1JPYW1oRFRWUmpNMDlFUVRCT2VtYzFUV2M5UFE9PQ==,D:\github\exoneracoes_nomeacoes_dou\LAKE\RJ\2021\02\DOERJ_PARTE_I_PODER_EXECUTIVO_2021-02-18.md,D:\github\exoneracoes_nomeacoes_dou\saida\RJ\DOERJ_2021.csv,8690
termo_administrativo,E A FIM DE REGULARIZAR A VIDA FUNCIONAL DA SERVIDORA MARCIA THOMAZ DE ARAUJO,E A FIM DE REGULARIZAR A VIDA FUNCIONAL DA SERVIDORA MARCIA THOMAZ DE ARAUJO,sim,A FIM DE REGULARIZAR:MISC|SERVIDORA MARCIA:MISC|A Fim:MISC|Marcia Thomaz:PER,RJ,2021-02-12,exoneracao,do cargo em comissão de Assessor,,,,,Claudio Bomfim de Castro e Silva - Governador em exercicio,Claudio Bomfim de Castro e Silva,Executivo estadual,https://www.ioerj.com.br/portal/modules/conteudoonline/mostra_edicao.php?session=VGxWVk5GSkVUVEpQVlUxMFRtdFJlRTE1TURCUlZFNUhURlJzUms5VlNYUk9lbXQ1VWtSQmVGRnFaRVZOYTFrMVRWUmpNMDlFUVRCUFJFRXlUVkU5UFE9PQ==,D:\github\exoneracoes_nomeacoes_dou\LAKE\RJ\2021\02\DOERJ_PARTE_I_PODER_EXECUTIVO_2021-02-12.md,D:\github\exoneracoes_nomeacoes_dou\saida\RJ\DOERJ_2021.csv,8767
termo_administrativo,CLAYTON DA SILVA FERRAZ MISSÃO DE ASSESSOR II,CLAYTON DA SILVA FERRAZ MISSÃO DE ASSESSOR II,sim,CLAYTON DA SILVA FERRAZ:MISC|DE ASSESSOR II:MISC|Assessor Ii:PER,RJ,2021-02-12,nomeacao,,do Instituto Estadual biente INEA,,,,Claudio Bomfim de Castro e Silva - Governador em exercicio,Claudio Bomfim de Castro e Silva,Executivo estadual,https://www.ioerj.com.br/portal/modules/conteudoonline/mostra_edicao.php?session=VGxWVk5GSkVUVEpQVlUxMFRtdFJlRTE1TURCUlZFNUhURlJzUms5VlNYUk9lbXQ1VWtSQmVGRnFaRVZOYTFrMVRWUmpNMDlFUVRCUFJFRXlUVkU5UFE9PQ==,D:\github\exoneracoes_nomeacoes_dou\LAKE\RJ\2021\02\DOERJ_PARTE_I_PODER_EXECUTIVO_2021-02-12.md,D:\github\exoneracoes_nomeacoes_dou\saida\RJ\DOERJ_2021.csv,8788
tem_numero,LUCIANO FERNANDES RODRIGUES CAETANO NAL Nº 50915800,LUCIANO FERNANDES RODRIGUES CAETANO NAL Nº 50915800,sim,LUCIANO FERNANDES RODRIGUES CAETANO:PER,RJ,2021-02-12,exoneracao,do cargo em comissão de Assistente DAI-6,,,,,Claudio Bomfim de Castro e Silva - Governador em exercicio,Claudio Bomfim de Castro e Silva,Executivo estadual,https://www.ioerj.com.br/portal/modules/conteudoonline/mostra_edicao.php?session=VGxWVk5GSkVUVEpQVlUxMFRtdFJlRTE1TURCUlZFNUhURlJzUms5VlNYUk9lbXQ1VWtSQmVGRnFaRVZOYTFrMVRWUmpNMDlFUVRCUFJFRXlUVkU5UFE9PQ==,D:\github\exoneracoes_nomeacoes_dou\LAKE\RJ\2021\02\DOERJ_PARTE_I_PODER_EXECUTIVO_2021-02-12.md,D:\github\exoneracoes_nomeacoes_dou\saida\RJ\DOERJ_2021.csv,8803
termo_administrativo,SUBSECRETARIA EXECUTIVA,SUBSECRETARIA EXECUTIVA,sim,SUBSECRETARIA EXECUTIVA:MISC|Subsecretaria Executiva:PER,RJ,2021-07-02,exoneracao,do cargo em comissão de Assistente,,,Secretario,5,Claudio Bomfim de Castro e Silva - Governador,Claudio Bomfim de Castro e Silva,Executivo estadual,https://www.ioerj.com.br/portal/modules/conteudoonline/mostra_edicao.php?session=VDFWWk1rNHdSWGhTYWsxMFVYcE5NVTlUTURCTmVsRjRURlZGTkZGcVozUk9WRlY1VVdwQk5GSlVWa1JTVlZWNVRWUmpNMDlFUlRKUFJGRjRUbEU5UFE9PQ==,D:\github\exoneracoes_nomeacoes_dou\LAKE\RJ\2021\07\DOERJ_PARTE_I_PODER_EXECUTIVO_COMPLEMENTAR_2_2021-07-02.md,D:\github\exoneracoes_nomeacoes_dou\saida\RJ\DOERJ_2021.csv,11049
termo_administrativo,SUBSECRETARIA EXECUTIVA,SUBSECRETARIA EXECUTIVA,sim,SUBSECRETARIA EXECUTIVA:MISC|Subsecretaria Executiva:PER,RJ,2021-07-02,nomeacao,,,,Secretario,5,Claudio Bomfim de Castro e Silva - Governador,Claudio Bomfim de Castro e Silva,Executivo estadual,https://www.ioerj.com.br/portal/modules/conteudoonline/mostra_edicao.php?session=VDFWWk1rNHdSWGhTYWsxMFVYcE5NVTlUTURCTmVsRjRURlZGTkZGcVozUk9WRlY1VVdwQk5GSlVWa1JTVlZWNVRWUmpNMDlFUlRKUFJGRjRUbEU5UFE9PQ==,D:\github\exoneracoes_nomeacoes_dou\LAKE\RJ\2021\07\DOERJ_PARTE_I_PODER_EXECUTIVO_COMPLEMENTAR_2_2021-07-02.md,D:\github\exoneracoes_nomeacoes_dou\saida\RJ\DOERJ_2021.csv,11050
inicio_suspeito;termo_administrativo,VINCULADA À GERÊNCIA DE COBRANÇA - GEREC,VINCULADA À GERÊNCIA DE COBRANÇA - GEREC,sim,GEREC:MISC|Vinculada:LOC|Gerência De Cobrança:LOC|Gerec:PER,RJ,2021-04-23,nomeacao,,,,Secretario,5,Claudio Bomfim de Castro e Silva - Governador em exercicio,Claudio Bomfim de Castro e Silva,Executivo estadual,https://www.ioerj.com.br/portal/modules/conteudoonline/mostra_edicao.php?session=VVZSYVExSnFWa0pQVlVWMFVsVkpNMUpETURCT2VsRjZURlZGTWxKcVJYUk5SR3N5VW10Rk1FNXJSWGhPTUZWNFRWUmpNMDlFUlRKUFZHdDRUbmM5UFE9PQ==,D:\github\exoneracoes_nomeacoes_dou\LAKE\RJ\2021\04\DOERJ_PARTE_I_PODER_EXECUTIVO_COMPLEMENTAR_2_2021-04-23.md,D:\github\exoneracoes_nomeacoes_dou\saida\RJ\DOERJ_2021.csv,11415
tem_numero,PROFESSOR DOCENTE I-16H,PROFESSOR DOCENTE I-16H,sim,PROFESSOR DOCENTE I-16H:MISC|Professor Docente:PER,RJ,2022-12-29,exoneracao,,,,,,Claudio Bomfim de Castro e Silva - Governador,Claudio Bomfim de Castro e Silva,Executivo estadual,https://www.ioerj.com.br/portal/modules/conteudoonline/mostra_edicao.php?session=VGpCSk5GRnJXWGROUlUxMFRqQmFRMDVUTURCUk1FazBURlJzUjA0d1NYUk5hMFY2VG5wQ1FrMVZSWGROUlUxNlRWUmpNMDU2YTNsUFJFRTFUMUU5UFE9PQ==,D:\github\exoneracoes_nomeacoes_dou\LAKE\RJ\2022\12\DOERJ_PARTE_I_PODER_EXECUTIVO_2022-12-29.md,D:\github\exoneracoes_nomeacoes_dou\saida\RJ\DOERJ_2022.csv,38
inicio_suspeito;termo_administrativo,VINCULADA AO GABINETE DA PRESIDÊNCIA - GABIN,VINCULADA AO GABINETE DA PRESIDÊNCIA - GABIN,sim,VINCULADA AO GABINETE:PER,RJ,2022-11-18,nomeacao,,,,,,Claudio Bomfim de Castro e Silva - Governador,Claudio Bomfim de Castro e Silva,Executivo estadual,https://www.ioerj.com.br/portal/modules/conteudoonline/mostra_edicao.php?session=VGtSR1JrNTZRa1ZOUlVWMFRrUnJORTE1TURCTlJHaENURlJzUmsxNlVYUk5hbEpDVVRCSk0xSlZSWGxQVkdoRFRWUmpNMDU2YTNwT2FsRjVUWGM5UFE9PQ==,D:\github\exoneracoes_nomeacoes_dou\LAKE\RJ\2022\11\DOERJ_PARTE_I_PODER_EXECUTIVO_2022-11-18.md,D:\github\exoneracoes_nomeacoes_dou\saida\RJ\DOERJ_2022.csv,485
termo_administrativo,ASSISTENTE TÉCNICO DE TRÂNSITO,ASSISTENTE TÉCNICO DE TRÂNSITO,sim,TÉCNICO:MISC|TRÂNSITO:LOC|De Trânsito:PER,RJ,2022-11-16,exoneracao,,do Departamento de Trânsito do Estado do Rio de Janeiro -DETRAN/RJ,,,,Claudio Bomfim de Castro e Silva - Governador,Claudio Bomfim de Castro e Silva,Executivo estadual,https://www.ioerj.com.br/portal/modules/conteudoonline/mostra_edicao.php?session=VFdwWmQwMHdSa1ZOYTFWMFQxVk5lVTU1TURCTmVtYzBURlZGTTFKclZYUk9la0V4VG5wU1IxRjZaekpTUkVGM1RWUmpNMDU2YTNwT2Ftc3pUMUU5UFE9PQ==,D:\github\exoneracoes_nomeacoes_dou\LAKE\RJ\2022\11\DOERJ_PARTE_I_PODER_EXECUTIVO_2022-11-16.md,D:\github\exoneracoes_nomeacoes_dou\saida\RJ\DOERJ_2022.csv,519
inicio_suspeito;termo_administrativo,VINCULADA À GERÊNCIA DE CONTROLADORIA - GECOL,VINCULADA À GERÊNCIA DE CONTROLADORIA - GECOL,sim,Vinculada:LOC|Gerência De Controladoria:LOC|Gecol:PER,RJ,2022-11-03,nomeacao,,,,,,Claudio Bomfim de Castro e Silva - Governador,Claudio Bomfim de Castro e Silva,Executivo estadual,https://www.ioerj.com.br/portal/modules/conteudoonline/mostra_edicao.php?session=VW10Rk1VMHdTVEZTVkVGMFVsVmFSazlETURCT2FtczBURlJvUlU5RVkzUk5SVkV6VFdwSk1VMXFZM2RSYTBwRVRWUmpNMDU2YTNwUFJHdDVUa0U5UFE9PQ==,D:\github\exoneracoes_nomeacoes_dou\LAKE\RJ\2022\11\DOERJ_PARTE_I_PODER_EXECUTIVO_2022-11-03.md,D:\github\exoneracoes_nomeacoes_dou\saida\RJ\DOERJ_2022.csv,788
inicio_suspeito;termo_administrativo,VINCULADA À GERÊNCIA DE MICRO E PEQUENAS EMPRESAS - GEMPE,VINCULADA À GERÊNCIA DE MICRO E PEQUENAS EMPRESAS - GEMPE,sim,PEQUENAS EMPRESAS:ORG|Vinculada:LOC|Pequenas Empresas - Gempe:PER,RJ,2022-10-17,nomeacao,,,,,,Claudio Bomfim de Castro e Silva - Governador,Claudio Bomfim de Castro e Silva,Executivo estadual,https://www.ioerj.com.br/portal/modules/conteudoonline/mostra_edicao.php?session=VFVWSk1rMHdVa05OVlVWMFVtcEtSMUpETURCT1ZFWkRURlJzUjA5VVFYUlJWR2hGVWxWUk1GRlVXVE5PUlZFeVRWUmpNMDU2YXpCTlZFVTFUbEU5UFE9PQ==,D:\github\exoneracoes_nomeacoes_dou\LAKE\RJ\2022\10\DOERJ_PARTE_I_PODER_EXECUTIVO_2022-10-17.md,D:\github\exoneracoes_nomeacoes_dou\saida\RJ\DOERJ_2022.csv,1067
inicio_suspeito,POR MEIO DA,POR MEIO DA,sim,MEIO:PER,RJ,2022-09-28,nomeacao,,,,,,Claudio Bomfim de Castro e Silva - Governador,Claudio Bomfim de Castro e Silva,Executivo estadual,https://www.ioerj.com.br/portal/modules/conteudoonline/mostra_edicao.php?session=VG5wck1VMVVhM2xPUkdOMFRVUkNSRkY1TURCU1ZFcEdURlZGTVU5RlZYUlNWR3hIVWtWWmVrOUVSa05OVlZsNVRWUmpNMDU2YXpCTmFsa3hUMUU5UFE9PQ==,D:\github\exoneracoes_nomeacoes_dou\LAKE\RJ\2022\09\DOERJ_PARTE_I_PODER_EXECUTIVO_2022-09-28.md,D:\github\exoneracoes_nomeacoes_dou\saida\RJ\DOERJ_2022.csv,1166
termo_administrativo,CRISTIANE SILVA DE OLIVEIRA NO CARGO DE PEDAGOGA,CRISTIANE SILVA DE OLIVEIRA NO CARGO DE PEDAGOGA,sim,CRISTIANE:ORG|OLIVEIRA:ORG|CARGO DE PEDAGOGA:MISC|Cristiane Silva:PER,RJ,2022-08-15,nomeacao,,do Departamento Geral de Ações Socioeducativas - DEGASE,,,,Claudio Bomfim de Castro e Silva - Governador,Claudio Bomfim de Castro e Silva,Executivo estadual,https://www.ioerj.com.br/portal/modules/conteudoonline/mostra_edicao.php?session=VGxSS1JrOVVaekZPZWxWMFRucHJNbEZUTURCUFJGRjRURlZKTlU1NlozUlNSVVUwVWtSVmQxRlZSVEJSVlU1SFRWUmpNMDU2YXpCUFZHYzFUMUU5UFE9PQ==,D:\github\exoneracoes_nomeacoes_dou\LAKE\RJ\2022\08\DOERJ_PARTE_I_PODER_EXECUTIVO_2022-08-15.md,D:\github\exoneracoes_nomeacoes_dou\saida\RJ\DOERJ_2022.csv,1921
inicio_suspeito;termo_administrativo,VINCULADO À GERÊNCIA FINANCEIRA - GEFIN,VINCULADO À GERÊNCIA FINANCEIRA - GEFIN,sim,VINCULADO:LOC|FINANCEIRA:ORG|Gerência Financeira:LOC|Gefin:PER,RJ,2022-07-27,nomeacao,,,,,,Claudio Bomfim de Castro e Silva - Governador,Claudio Bomfim de Castro e Silva,Executivo estadual,https://www.ioerj.com.br/portal/modules/conteudoonline/mostra_edicao.php?session=VG5wVmVFNUZSVFJTVkUxMFVtdFZlRkpwTURCUmVrNUVURlJzUTA1RVdYUlNWRkUxVDBSS1JVMUVTa05OVkdoRVRWUmpNMDU2YXpGTmFtZDNUa0U5UFE9PQ==,D:\github\exoneracoes_nomeacoes_dou\LAKE\RJ\2022\07\DOERJ_PARTE_I_PODER_EXECUTIVO_2022-07-27.md,D:\github\exoneracoes_nomeacoes_dou\saida\RJ\DOERJ_2022.csv,2432
inicio_suspeito,DE PROFESSOR DO QUADRO I - PERMANENTE DO MAGISTÉRIO DA,DE PROFESSOR DO QUADRO I - PERMANENTE DO MAGISTÉRIO DA,sim,PROFESSOR DO QUADRO I - PERMANENTE DO MAGISTÉRIO:MISC|Professor Do Quadro I:PER,RJ,2022-07-26,nomeacao,para exercer o cargo de provimento efetivo Docente I,,,,,Claudio Bomfim de Castro e Silva - Governador,Claudio Bomfim de Castro e Silva,Executivo estadual,https://www.ioerj.com.br/portal/modules/conteudoonline/mostra_edicao.php?session=VG5wa1JFMVZSWGxOVkd0MFVXdFdRMDFUTURCUk1FazBURlZKTlZGVVZYUlNWRWwzVWxWUk1VMVVRVE5SVlZVelRWUmpNMDU2YXpGTmVrRXpUbEU5UFE9PQ==,D:\github\exoneracoes_nomeacoes_dou\LAKE\RJ\2022\07\DOERJ_PARTE_I_PODER_EXECUTIVO_2022-07-26.md,D:\github\exoneracoes_nomeacoes_dou\saida\RJ\DOERJ_2022.csv,2433
frase_administrativa;termo_administrativo,COMO MEMBROS TITULARES,COMO MEMBROS TITULARES,sim,MEMBROS:ORG|TITULARES:MISC|Membros Titulares:PER,RJ,2022-07-18,nomeacao,,,,,,Claudio Bomfim de Castro e Silva - Governador,Claudio Bomfim de Castro e Silva,Executivo estadual,https://www.ioerj.com.br/portal/modules/conteudoonline/mostra_edicao.php?session=VW1wR1FsSlVhRVpOYTFsMFVrVktSRTFUTURCUFJGRjNURlJvUlZKclJYUk9SVVpIVVZSYVJVNTZhM2hTUkVKRFRWUmpNMDU2YXpGT1JFbDNUbWM5UFE9PQ==,D:\github\exoneracoes_nomeacoes_dou\LAKE\RJ\2022\07\DOERJ_PARTE_I_PODER_EXECUTIVO_2022-07-18.md,D:\github\exoneracoes_nomeacoes_dou\saida\RJ\DOERJ_2022.csv,2606
tem_numero;termo_administrativo,AGENTE PROFESSOR DOCENTE I-16H,AGENTE PROFESSOR DOCENTE I-16H,sim,PROFESSOR DOCENTE I-16H:MISC|Professor Docente:PER,RJ,2022-07-07,exoneracao,,,,,,Claudio Bomfim de Castro e Silva - Governador,Claudio Bomfim de Castro e Silva,Executivo estadual,https://www.ioerj.com.br/portal/modules/conteudoonline/mostra_edicao.php?session=VVZSWmVFNXFVVE5SVlZsMFRXcEJNVTU1TURCU1JFcEhURlZLUjA5RldYUk9SRXBHVFhwTk5FNVZXWHBPUlZKRlRWUmpNMDU2YXpGT1ZHY3dUbmM5UFE9PQ==,D:\github\exoneracoes_nomeacoes_dou\LAKE\RJ\2022\07\DOERJ_PARTE_I_PODER_EXECUTIVO_2022-07-07.md,D:\github\exoneracoes_nomeacoes_dou\saida\RJ\DOERJ_2022.csv,2838
tem_numero,PROFESSOR DOCENTE I-16H,PROFESSOR DOCENTE I-16H,sim,PROFESSOR DOCENTE I-16H:MISC|Professor Docente:PER,RJ,2022-07-07,exoneracao,,,,,,Claudio Bomfim de Castro e Silva - Governador,Claudio Bomfim de Castro e Silva,Executivo estadual,https://www.ioerj.com.br/portal/modules/conteudoonline/mostra_edicao.php?session=VVZSWmVFNXFVVE5SVlZsMFRXcEJNVTU1TURCU1JFcEhURlZLUjA5RldYUk9SRXBHVFhwTk5FNVZXWHBPUlZKRlRWUmpNMDU2YXpGT1ZHY3dUbmM5UFE9PQ==,D:\github\exoneracoes_nomeacoes_dou\LAKE\RJ\2022\07\DOERJ_PARTE_I_PODER_EXECUTIVO_2022-07-07.md,D:\github\exoneracoes_nomeacoes_dou\saida\RJ\DOERJ_2022.csv,2839
tem_numero,16 DE MAIO DE 2022 FERNANDA LESSA FLORES RODRIGUES PRESIDENTE,16 DE MAIO DE 2022 FERNANDA LESSA FLORES RODRIGUES PRESIDENTE,sim,FERNANDA LESSA:PER,RJ,2022-05-17,nomeacao,,,FERNANDA LESSA FLORES RODRIGUES,Presidente,6,Claudio Bomfim de Castro e Silva - Governador,Claudio Bomfim de Castro e Silva,Executivo estadual,https://www.ioerj.com.br/portal/modules/conteudoonline/mostra_edicao.php?session=VVhwYVJWSkVXVEJOVkdkMFVXcFdSVkpETURCTlJVNUdURlJzUjA1clJYUlBWRTVEVGpCUk1WSlVhM2xTYTFKRVRWUmpNMDU2YXpKT1JGVXhUV2M5UFE9PQ==,D:\github\exoneracoes_nomeacoes_dou\LAKE\RJ\2022\05\DOERJ_PARTE_I_PODER_EXECUTIVO_2022-05-17.md,D:\github\exoneracoes_nomeacoes_dou\saida\RJ\DOERJ_2022.csv,3918
termo_administrativo,SUBSECRETARIA DE GESTÃO DE PESSOAS,SUBSECRETARIA DE GESTÃO DE PESSOAS,sim,GESTÃO:ORG|PESSOAS:ORG|Subsecretaria De Gestão:PER,RJ,2022-05-12,nomeacao,para exercer o cargo em comissão de Assistente II,,,,,Claudio Bomfim de Castro e Silva - Governador,Claudio Bomfim de Castro e Silva,Executivo estadual,https://www.ioerj.com.br/portal/modules/conteudoonline/mostra_edicao.php?session=VDBWV1JFMXFhM2ROZWtWMFQwVlNSMDE1TURCUlZFRXhURlJyTkZGVVRYUk5hMFpIVW1wYVEwMUVXWGhSYWsxNlRWUmpNMDU2YXpKT1ZFRTFUV2M5UFE9PQ==,D:\github\exoneracoes_nomeacoes_dou\LAKE\RJ\2022\05\DOERJ_PARTE_I_PODER_EXECUTIVO_2022-05-12.md,D:\github\exoneracoes_nomeacoes_dou\saida\RJ\DOERJ_2022.csv,4003
tem_numero,REFERENTE AO PERÍODO DE 20/02/2022 A 20/05/2022,REFERENTE AO PERÍODO DE 20/02/2022 A 20/05/2022,sim,REFERENTE AO:PER,RJ,2022-05-10,nomeacao,,,DESPACHOS DO,Superintendente,10,Claudio Bomfim de Castro e Silva - Governador,Claudio Bomfim de Castro e Silva,Executivo estadual,https://www.ioerj.com.br/portal/modules/conteudoonline/mostra_edicao.php?session=VDBSak1rNXFaRVpPYWxsMFRWVlJlRTFETURCT1ZHY3dURlJvUlU5RWEzUlJhbWQ0VW1wbk1WRlZSWHBQUkZaRVRWUmpNMDU2YXpKT1ZGVjNUVUU5UFE9PQ==,D:\github\exoneracoes_nomeacoes_dou\LAKE\RJ\2022\05\DOERJ_PARTE_I_PODER_EXECUTIVO_2022-05-10.md,D:\github\exoneracoes_nomeacoes_dou\saida\RJ\DOERJ_2022.csv,4135
inicio_suspeito,DE ABREU PESSANHA SIMONE,DE ABREU PESSANHA SIMONE,sim,Abreu Pessanha:PER,RJ,2022-05-02,exoneracao,do cargo em comissão de Adjunto II,da Superintendência de Inte- gração Governamental,,,,Claudio Bomfim de Castro e Silva - Governador,Claudio Bomfim de Castro e Silva,Executivo estadual,https://www.ioerj.com.br/portal/modules/conteudoonline/mostra_edicao.php?session=VVRCSk0xRnFVWHBTVlVsMFVsVkpNRkZwTURCUFZFNUhURlZKTkU1NlRYUk9hbU16VVhwTmVsSkZWVEJSYW1OM1RWUmpNMDU2YXpKT2FtYzFUWGM5UFE9PQ==,D:\github\exoneracoes_nomeacoes_dou\LAKE\RJ\2022\05\DOERJ_PARTE_I_PODER_EXECUTIVO_2022-05-02.md,D:\github\exoneracoes_nomeacoes_dou\saida\RJ\DOERJ_2022.csv,4274
tem_numero;termo_administrativo,CHEFE DA 3ª SEÇÃO DA DIRETORIA DE FINANÇAS DF/DGAF,CHEFE DA 3ª SEÇÃO DA DIRETORIA DE FINANÇAS DF/DGAF,sim,CHEFE:ORG|SEÇÃO:MISC|DIRETORIA DE FINANÇAS DF:MISC|DGAF:LOC|Dgaf:PER,RJ,2022-04-27,nomeacao,,,,,,Claudio Bomfim de Castro e Silva - Governador,Claudio Bomfim de Castro e Silva,Executivo estadual,https://www.ioerj.com.br/portal/modules/conteudoonline/mostra_edicao.php?session=VG1wak1sSnJVWGhOZWxGMFQwVktSVTlUTURCT2FtUkRURlJyTlZKVlZYUk5SVmwzVDBSS1JGSlVRVEZSVkVaQ1RWUmpNMDU2YXpKT2VrVXlUa0U5UFE9PQ==,D:\github\exoneracoes_nomeacoes_dou\LAKE\RJ\2022\04\DOERJ_PARTE_I_PODER_EXECUTIVO_2022-04-27.md,D:\github\exoneracoes_nomeacoes_dou\saida\RJ\DOERJ_2022.csv,4358
tem_numero,ANDRÉ LUIZ DE SOUZA BATISTA - CEL 55.545,ANDRÉ LUIZ DE SOUZA BATISTA - CEL 55.545,sim,ANDRÉ LUIZ DE SOUZA:PER,RJ,2022-04-26,nomeacao,,,,,,Claudio Bomfim de Castro e Silva - Governador,Claudio Bomfim de Castro e Silva,Executivo estadual,https://www.ioerj.com.br/portal/modules/conteudoonline/mostra_edicao.php?session=VW10R1JVOUVRWGhTYTFWMFRYcEZNbEpETURCTlZVWkNURlZKZUU5VlZYUk5SRUpHVFVSWmVWSnFSVFZPVkdzelRWUmpNMDU2YXpKT2VrazFUV2M5UFE9PQ==,D:\github\exoneracoes_nomeacoes_dou\LAKE\RJ\2022\04\DOERJ_PARTE_I_PODER_EXECUTIVO_2022-04-26.md,D:\github\exoneracoes_nomeacoes_dou\saida\RJ\DOERJ_2022.csv,4426
termo_administrativo,ID FUNCIONAL Nº CARGO EM COMISSÃO DE ASSISTENTE,ID FUNCIONAL Nº CARGO EM COMISSÃO DE ASSISTENTE,sim,ID FUNCIONAL:PER,RJ,2022-04-01,exoneracao,,,,,,Claudio Bomfim de Castro e Silva - Governador,Claudio Bomfim de Castro e Silva,Executivo estadual,https://www.ioerj.com.br/portal/modules/conteudoonline/mostra_edicao.php?session=VFhwUk0wMHdTWHBOUlZsMFVtcENRazlETURCTmVtTjZURlZGZDAxRldYUlNhMVV6VDFWSk1rOVZWa2ROZWtrMFRWUmpNMDU2YXpOTlZGVTFUMEU5UFE9PQ==,D:\github\exoneracoes_nomeacoes_dou\LAKE\RJ\2022\04\DOERJ_PARTE_I_PODER_EXECUTIVO_2022-04-01.md,D:\github\exoneracoes_nomeacoes_dou\saida\RJ\DOERJ_2022.csv,4886
tem_numero;termo_administrativo,ID. FUNCIONAL N.º 5107092-8,ID. FUNCIONAL N.º 5107092-8,sim,ID:LOC|N.º 5107092-8:PER,RJ,2022-03-08,exoneracao,do cargo em comissão de Adjunto II,do Instituto Estadual do Ambiente -INEA,,,,Claudio Bomfim de Castro e Silva - Governador,Claudio Bomfim de Castro e Silva,Executivo estadual,https://www.ioerj.com.br/portal/modules/conteudoonline/mostra_edicao.php?session=VGtSYVJVNVVaM2RPVkVGMFRqQlJNRkpwTURCTlJVWkhURlZHUWsxNlozUlBSRXBEVG10Uk5GSlZUVFJPTUZGNFRWUmpNMDU2YXpOT2VsazBUa0U5UFE9PQ==,D:\github\exoneracoes_nomeacoes_dou\LAKE\RJ\2022\03\DOERJ_PARTE_I_PODER_EXECUTIVO_2022-03-08.md,D:\github\exoneracoes_nomeacoes_dou\saida\RJ\DOERJ_2022.csv,5379
tem_numero;termo_administrativo,ID FUNICONAL Nº 5034821-3,ID FUNICONAL Nº 5034821-3,sim,ID FUNICONAL:PER,RJ,2022-01-27,nomeacao,,,,,,Claudio Bomfim de Castro e Silva - Governador,Claudio Bomfim de Castro e Silva,Executivo estadual,https://www.ioerj.com.br/portal/modules/conteudoonline/mostra_edicao.php?session=VG10Vk0wNHdXa05TYW1OMFVUQlplazVUTURCTlJVcEVURlZLUWxGNlozUlJNRVUxVDBSQ1EwNVZXVEpOVlUwMFRWUmpNMDU2YXpSTmVsRXhUWGM5UFE9PQ==,D:\github\exoneracoes_nomeacoes_dou\LAKE\RJ\2022\01\DOERJ_PARTE_I_PODER_EXECUTIVO_2022-01-27.md,D:\github\exoneracoes_nomeacoes_dou\saida\RJ\DOERJ_2022.csv,6030
inicio_suspeito;termo_administrativo,VINCULADO À GERÊNCIA DE CONTROLADORIA - GECOL,VINCULADO À GERÊNCIA DE CONTROLADORIA - GECOL,sim,VINCULADO:LOC|GERÊNCIA DE CONTROLADORIA - GECOL:LOC|Gerência De Controladoria:LOC|Gecol:PER,RJ,2022-01-27,nomeacao,,,,,,Claudio Bomfim de Castro e Silva - Governador,Claudio Bomfim de Castro e Silva,Executivo estadual,https://www.ioerj.com.br/portal/modules/conteudoonline/mostra_edicao.php?session=VG10Vk0wNHdXa05TYW1OMFVUQlplazVUTURCTlJVcEVURlZLUWxGNlozUlJNRVUxVDBSQ1EwNVZXVEpOVlUwMFRWUmpNMDU2YXpSTmVsRXhUWGM5UFE9PQ==,D:\github\exoneracoes_nomeacoes_dou\LAKE\RJ\2022\01\DOERJ_PARTE_I_PODER_EXECUTIVO_2022-01-27.md,D:\github\exoneracoes_nomeacoes_dou\saida\RJ\DOERJ_2022.csv,6031
tem_numero;termo_administrativo,ID FUNICONAL Nº 5034821-3,ID FUNICONAL Nº 5034821-3,sim,ID FUNICONAL:PER,RJ,2022-01-26,nomeacao,,,,,,Claudio Bomfim de Castro e Silva - Governador,Claudio Bomfim de Castro e Silva,Executivo estadual,https://www.ioerj.com.br/portal/modules/conteudoonline/mostra_edicao.php?session=VVdwV1IwMUVUWGxOYTBWMFRtcEJlRkpwTURCUFJVMHlURlZKTVUxcVZYUlBWR3MwVDBSTmQwNVZTa05SVlVWNVRWUmpNMDU2YXpSTmVtdDVUMUU5UFE9PQ==,D:\github\exoneracoes_nomeacoes_dou\LAKE\RJ\2022\01\DOERJ_PARTE_I_PODER_EXECUTIVO_2022-01-26.md,D:\github\exoneracoes_nomeacoes_dou\saida\RJ\DOERJ_2022.csv,6034
termo_administrativo,LOUS SOARES DO NASCIMENTO DEPARTAMENTO DE TRANSPORTES RODOVIÁRIOS DO ESTADO,LOUS SOARES DO NASCIMENTO DEPARTAMENTO DE TRANSPORTES RODOVIÁRIOS DO ESTADO,sim,LOUS SOARES DO NASCIMENTO DEPARTAMENTO DE TRANSPORTES RODOVIÁRIOS DO ESTADO:MISC|Lous Soares Do Nascimento Departamento De Transportes Rodoviários Do Estado:PER,RJ,2022-01-24,exoneracao,,,,,,Claudio Bomfim de Castro e Silva - Governador,Claudio Bomfim de Castro e Silva,Executivo estadual,https://www.ioerj.com.br/portal/modules/conteudoonline/mostra_edicao.php?session=VFhwVmVrMHdUWGRPYWxWMFQwUlpNRTVwTURCT2Exa3dURlJuZWsxcVkzUlNhMUV3VDFSa1FsSlVUVEJPUkVsM1RWUmpNMDU2YXpST1JFRjVUa0U5UFE9PQ==,D:\github\exoneracoes_nomeacoes_dou\LAKE\RJ\2022\01\DOERJ_PARTE_I_PODER_EXECUTIVO_2022-01-24.md,D:\github\exoneracoes_nomeacoes_dou\saida\RJ\DOERJ_2022.csv,6094
termo_administrativo,ASSISTENTE PREVIDENCIÁRIO,ASSISTENTE PREVIDENCIÁRIO,sim,PREVIDENCIÁRIO:LOC|Assistente Previdenciário:PER,RJ,2022-12-01,exoneracao,do cargo em comissão de Assistente II,,,Secretario,5,Claudio Bomfim de Castro e Silva - Governador,Claudio Bomfim de Castro e Silva,Executivo estadual,https://www.ioerj.com.br/portal/modules/conteudoonline/mostra_edicao.php?session=VGtWTk0xRnFaRWRTVlZWMFVtdFdRMUY1TURCTlZGWkVURlJzUTFKVlNYUk9lbFV4VG10Vk5GRXdSWGxPVkdNeFRWUmpNMDlFUlhwUFZHdDVUVUU5UFE9PQ==,D:\github\exoneracoes_nomeacoes_dou\LAKE\RJ\2022\12\DOERJ_PARTE_I_PODER_EXECUTIVO_COMPLEMENTAR_2_2022-12-01.md,D:\github\exoneracoes_nomeacoes_dou\saida\RJ\DOERJ_2022.csv,6531
tem_numero,ID. FUNCIOANAL Nº 5132519-5,ID. FUNCIOANAL Nº 5132519-5,sim,ID:LOC|FUNCIOANAL Nº 5132519-5:PER,RJ,2022-11-28,nomeacao,,do Departamento Geral de Ações Socioeducativas - DEGASE,,Secretario,5,Claudio Bomfim de Castro e Silva - Governador,Claudio Bomfim de Castro e Silva,Executivo estadual,https://www.ioerj.com.br/portal/modules/conteudoonline/mostra_edicao.php?session=VGxSc1IwMHdVWHBQVlVWMFQwVkZNMUY1TURCT01GVXdURlZKZVUxcVJYUk5SRmw1VDFSWk1FMVVVa0pTVlUxNFRWUmpNMDlFUlRCTlJFMHhUMEU5UFE9PQ==,D:\github\exoneracoes_nomeacoes_dou\LAKE\RJ\2022\11\DOERJ_PARTE_I_PODER_EXECUTIVO_COMPLEMENTAR_2_2022-11-28.md,D:\github\exoneracoes_nomeacoes_dou\saida\RJ\DOERJ_2022.csv,6576
termo_administrativo,LOTADO NA GERÊNCIA DE OPERAÇÕES ESTRUTURADAS - GEOPE,LOTADO NA GERÊNCIA DE OPERAÇÕES ESTRUTURADAS - GEOPE,sim,LOTADO NA:MISC|Geope:PER,RJ,2022-11-23,exoneracao,,,,Secretario,5,Claudio Bomfim de Castro e Silva - Governador,Claudio Bomfim de Castro e Silva,Executivo estadual,https://www.ioerj.com.br/portal/modules/conteudoonline/mostra_edicao.php?session=VGxWSmVFMXFiRUpSYW10MFRrVlJkMUZwTURCT1ZVcENURlZHUWs0d1ZYUk5WRkpGVVdwV1IwOUVhRU5OVkd0NFRWUmpNMDlFUlRCTlJGRXpUVkU5UFE9PQ==,D:\github\exoneracoes_nomeacoes_dou\LAKE\RJ\2022\11\DOERJ_PARTE_I_PODER_EXECUTIVO_COMPLEMENTAR_2_2022-11-23.md,D:\github\exoneracoes_nomeacoes_dou\saida\RJ\DOERJ_2022.csv,6625
termo_administrativo,ASSISTENTE SOCIAL,ASSISTENTE SOCIAL,sim,Assistente Social:PER,RJ,2022-07-21,exoneracao,do cargo em comissão de Coordenador,da Superintendência de Tratamento Penitenciário,,Secretario,5,Claudio Bomfim de Castro e Silva - Governador,Claudio Bomfim de Castro e Silva,Executivo estadual,https://www.ioerj.com.br/portal/modules/conteudoonline/mostra_edicao.php?session=VVd0T1EwNUVSa0pOUkVGMFRsVkplbEpUTURCTlJFNUdURlJuZUZGVVZYUlBWVkpEVFdwU1FrMUVVa2ROTUVWNVRWUmpNMDlFUlRCTmFtY3pUa0U5UFE9PQ==,D:\github\exoneracoes_nomeacoes_dou\LAKE\RJ\2022\07\DOERJ_PARTE_I_PODER_EXECUTIVO_COMPLEMENTAR_2_2022-07-21.md,D:\github\exoneracoes_nomeacoes_dou\saida\RJ\DOERJ_2022.csv,6983
termo_administrativo,ASSISTENTE SOCIAL,ASSISTENTE SOCIAL,sim,Assistente Social:PER,RJ,2022-07-21,nomeacao,,da Superintendência de Tratamento Penitenciário,,Secretario,5,Claudio Bomfim de Castro e Silva - Governador,Claudio Bomfim de Castro e Silva,Executivo estadual,https://www.ioerj.com.br/portal/modules/conteudoonline/mostra_edicao.php?session=VVd0T1EwNUVSa0pOUkVGMFRsVkplbEpUTURCTlJFNUdURlJuZUZGVVZYUlBWVkpEVFdwU1FrMUVVa2ROTUVWNVRWUmpNMDlFUlRCTmFtY3pUa0U5UFE9PQ==,D:\github\exoneracoes_nomeacoes_dou\LAKE\RJ\2022\07\DOERJ_PARTE_I_PODER_EXECUTIVO_COMPLEMENTAR_2_2022-07-21.md,D:\github\exoneracoes_nomeacoes_dou\saida\RJ\DOERJ_2022.csv,6984
termo_administrativo,ASSISTENTE SOCIAL,ASSISTENTE SOCIAL,sim,Assistente Social:PER,RJ,2022-07-21,exoneracao,do cargo em comissão de Diretor,da Superintendência de Tratamento Penitenciário,,Secretario,5,Claudio Bomfim de Castro e Silva - Governador,Claudio Bomfim de Castro e Silva,Executivo estadual,https://www.ioerj.com.br/portal/modules/conteudoonline/mostra_edicao.php?session=VVd0T1EwNUVSa0pOUkVGMFRsVkplbEpUTURCTlJFNUdURlJuZUZGVVZYUlBWVkpEVFdwU1FrMUVVa2ROTUVWNVRWUmpNMDlFUlRCTmFtY3pUa0U5UFE9PQ==,D:\github\exoneracoes_nomeacoes_dou\LAKE\RJ\2022\07\DOERJ_PARTE_I_PODER_EXECUTIVO_COMPLEMENTAR_2_2022-07-21.md,D:\github\exoneracoes_nomeacoes_dou\saida\RJ\DOERJ_2022.csv,6985
termo_administrativo,ASSISTENTE SOCIAL,ASSISTENTE SOCIAL,sim,Assistente Social:PER,RJ,2022-07-21,nomeacao,,da Superintendência de Tratamento Penitenciário,,Secretario,5,Claudio Bomfim de Castro e Silva - Governador,Claudio Bomfim de Castro e Silva,Executivo estadual,https://www.ioerj.com.br/portal/modules/conteudoonline/mostra_edicao.php?session=VVd0T1EwNUVSa0pOUkVGMFRsVkplbEpUTURCTlJFNUdURlJuZUZGVVZYUlBWVkpEVFdwU1FrMUVVa2ROTUVWNVRWUmpNMDlFUlRCTmFtY3pUa0U5UFE9PQ==,D:\github\exoneracoes_nomeacoes_dou\LAKE\RJ\2022\07\DOERJ_PARTE_I_PODER_EXECUTIVO_COMPLEMENTAR_2_2022-07-21.md,D:\github\exoneracoes_nomeacoes_dou\saida\RJ\DOERJ_2022.csv,6986
termo_administrativo,DIRETOR DA FACULDADE DE EDUCAÇÃO (EDU),DIRETOR DA FACULDADE DE EDUCAÇÃO (EDU),sim,DIRETOR:LOC|FACULDADE DE EDUCAÇÃO:LOC|EDU:ORG|Diretor Da Faculdade De Educação:PER,RJ,2022-03-30,nomeacao,,do Departamento de Ciências Sociais e Educação (DCSE),,Secretario,5,Claudio Bomfim de Castro e Silva - Governador,Claudio Bomfim de Castro e Silva,Executivo estadual,https://www.ioerj.com.br/portal/modules/conteudoonline/mostra_edicao.php?session=VVRCWmVrNHdSVEpOUlVWMFVsUlpkMUpETURCUmVscERURlZKZUU0d1JYUk9ha2swVWxWRk0wOUVWa2RQVkdjd1RWUmpNMDlFUlRCUFJFMHlUVUU5UFE9PQ==,D:\github\exoneracoes_nomeacoes_dou\LAKE\RJ\2022\03\DOERJ_PARTE_I_PODER_EXECUTIVO_COMPLEMENTAR_2_2022-03-30.md,D:\github\exoneracoes_nomeacoes_dou\saida\RJ\DOERJ_2022.csv,7617
termo_administrativo,MARCOS ANDRÉ RAIMUNDO TURQUES NO CARGO DE AGENTE ADMINISTRATIVO,MARCOS ANDRÉ RAIMUNDO TURQUES NO CARGO DE AGENTE ADMINISTRATIVO,sim,MARCOS ANDRÉ RAIMUNDO:PER,RJ,2022-03-16,nomeacao,,da Fundação Santa Cabrini - FSC,,Secretario,5,Claudio Bomfim de Castro e Silva - Governador,Claudio Bomfim de Castro e Silva,Executivo estadual,https://www.ioerj.com.br/portal/modules/conteudoonline/mostra_edicao.php?session=VGtWVmVGSkZSVEZPUkVsMFRrUlpNbEpwTURCTmVtUkhURlZLUTA5RldYUlNhbXN4VDBSc1JFNUVhRVpTYTFWM1RWUmpNMDlFUlRCUFJGbDVUVkU5UFE9PQ==,D:\github\exoneracoes_nomeacoes_dou\LAKE\RJ\2022\03\DOERJ_PARTE_I_PODER_EXECUTIVO_COMPLEMENTAR_2_2022-03-16.md,D:\github\exoneracoes_nomeacoes_dou\saida\RJ\DOERJ_2022.csv,7655
inicio_suspeito;termo_administrativo,VINCULADA À GERÊNCIA DE CONTROLADORIA - GECOL,VINCULADA À GERÊNCIA DE CONTROLADORIA - GECOL,sim,Vinculada:LOC|Gerência De Controladoria:LOC|Gecol:PER,RJ,2022-01-25,nomeacao,,,,Secretario,5,Claudio Bomfim de Castro e Silva - Governador,Claudio Bomfim de Castro e Silva,Executivo estadual,https://www.ioerj.com.br/portal/modules/conteudoonline/mostra_edicao.php?session=VFVSU1EwMVZUa2ROYTAxMFRVVlpOVTFUTURCUFJWVjRURlZKZVU5RlVYUk9hbFpIVVdwT1IxRlVWa1ZOYTFKSFRWUmpNMDlFUlRGTlJGRjVUV2M5UFE9PQ==,D:\github\exoneracoes_nomeacoes_dou\LAKE\RJ\2022\01\DOERJ_PARTE_I_PODER_EXECUTIVO_COMPLEMENTAR_2_2022-01-25.md,D:\github\exoneracoes_nomeacoes_dou\saida\RJ\DOERJ_2022.csv,7829
termo_administrativo,VAGA REGULAR,VAGA REGULAR,sim,VAGA REGULAR:ORG|Vaga Regular:PER,RJ,2022-01-14,nomeacao,para exercer o cargo efetivo de Agente Administrativo do Departamento Geral de Ações Socioeducativas DEGASE,do Departamento Geral de Ações Socioeducativas DEGASE,,Secretario,5,Claudio Bomfim de Castro e Silva - Governador,Claudio Bomfim de Castro e Silva,Executivo estadual,https://www.ioerj.com.br/portal/modules/conteudoonline/mostra_edicao.php?session=VFZWRk0wOVVVVEpOZWxGMFRWVktRazlUTURCUmFsRXhURlJuZUZGVVJYUlBWVVY2VFdwUk1GRnFXVFJPVlVVeVRWUmpNMDlFUlRGT2FrVjRUV2M5UFE9PQ==,D:\github\exoneracoes_nomeacoes_dou\LAKE\RJ\2022\01\DOERJ_PARTE_I_PODER_EXECUTIVO_COMPLEMENTAR_2_2022-01-14.md,D:\github\exoneracoes_nomeacoes_dou\saida\RJ\DOERJ_2022.csv,7833
termo_administrativo,CHEFE DA SEÇÃO DE TURMA IV,CHEFE DA SEÇÃO DE TURMA IV,sim,CHEFE:ORG|SEÇÃO:MISC|ID:MISC|Turma Iv:PER,RJ,2023-12-22,nomeacao,,,,,,Claudio Bomfim de Castro e Silva - Governador,Claudio Bomfim de Castro e Silva,Executivo estadual,https://www.ioerj.com.br/portal/modules/conteudoonline/mostra_edicao.php?session=VVhwVk1VOUVWWGRTYWxsMFVrVldSazlETURCTlZHZDRURlJvUmsxcVJYUlJlbEUwVVd0RmQwNUVhM3BPYTFrMFRWUmpNMDU2WnpOUFJGVTFUa0U5UFE9PQ==,D:\github\exoneracoes_nomeacoes_dou\LAKE\RJ\2023\12\DOERJ_PARTE_I_PODER_EXECUTIVO_2023-12-22.md,D:\github\exoneracoes_nomeacoes_dou\saida\RJ\DOERJ_2023.csv,109
inicio_suspeito,DE FORMA RECÍPROCA DENTRO DA,DE FORMA RECÍPROCA DENTRO DA,sim,Forma Recíproca Dentro:PER,RJ,2023-12-19,nomeacao,,,,,,Claudio Bomfim de Castro e Silva - Governador,Claudio Bomfim de Castro e Silva,Executivo estadual,https://www.ioerj.com.br/portal/modules/conteudoonline/mostra_edicao.php?session=VFRCUk0xRnFRa1pTYTBsMFRYcFpNazFUTURCUFJWSkVURlJvUjFGcVRYUlJWRXBDVVZWS1JVNVVUVEJQUkd4RVRWUmpNMDU2WnpOUFZGRXhUWGM5UFE9PQ==,D:\github\exoneracoes_nomeacoes_dou\LAKE\RJ\2023\12\DOERJ_PARTE_I_PODER_EXECUTIVO_2023-12-19.md,D:\github\exoneracoes_nomeacoes_dou\saida\RJ\DOERJ_2023.csv,204
tem_numero,PROFESSOR DOCENTE I-16H,PROFESSOR DOCENTE I-16H,sim,PROFESSOR DOCENTE I-16H:MISC|Professor Docente:PER,RJ,2023-12-11,exoneracao,,,,,,Claudio Bomfim de Castro e Silva - Governador,Claudio Bomfim de Castro e Silva,Executivo estadual,https://www.ioerj.com.br/portal/modules/conteudoonline/mostra_edicao.php?session=VDFSYVJrOVZTVFJPUlZWMFRWVlpNMDFwTURCT2Vra3hURlZKTTA5VWEzUk5SVTEzVFZWV1JsSkVVVFJSZWtrelRWUmpNMDU2WnpSTlJGVjRUWGM5UFE9PQ==,D:\github\exoneracoes_nomeacoes_dou\LAKE\RJ\2023\12\DOERJ_PARTE_I_PODER_EXECUTIVO_2023-12-11.md,D:\github\exoneracoes_nomeacoes_dou\saida\RJ\DOERJ_2023.csv,329
tem_numero,JUCIA GOMES DE SOUZA FIGUEIREDO BOLO DAS-6,JUCIA GOMES DE SOUZA FIGUEIREDO BOLO DAS-6,sim,JUCIA GOMES DE SOUZA FIGUEIREDO:MISC|Jucia Gomes De Souza Figueiredo Bolo:PER,RJ,2023-12-04,nomeacao,,da Superintendência de Gestão de Contratos e Convênios,,,,Claudio Bomfim de Castro e Silva - Governador,Claudio Bomfim de Castro e Silva,Executivo estadual,https://www.ioerj.com.br/portal/modules/conteudoonline/mostra_edicao.php?session=VWtSYVIwOVVTVEpTUkVsMFRqQlZNRkpUTURCT2ExbDNURlJyZUUxVldYUk5SR3hFVFZWR1JVMTZVa1pQUkVKSFRWUmpNMDU2WnpSTlZGRXhUbmM5UFE9PQ==,D:\github\exoneracoes_nomeacoes_dou\LAKE\RJ\2023\12\DOERJ_PARTE_I_PODER_EXECUTIVO_2023-12-04.md,D:\github\exoneracoes_nomeacoes_dou\saida\RJ\DOERJ_2023.csv,533
tem_numero,PROFESSOR DOCENTE I-18H,PROFESSOR DOCENTE I-18H,sim,PROFESSOR DOCENTE I-18H:MISC|Professor Docente I-18H:PER,RJ,2023-11-29,exoneracao,,,,,,Claudio Bomfim de Castro e Silva - Governador,Claudio Bomfim de Castro e Silva,Executivo estadual,https://www.ioerj.com.br/portal/modules/conteudoonline/mostra_edicao.php?session=VFd0S1IwMHdVVEJPYWtGMFVtcG9RMDVETURCT2ExcEhURlZLUms1clVYUk5WVlpGVW1wck5VNXJXVFJSZWtreVRWUmpNMDU2WnpSTmFtZDNUMUU5UFE9PQ==,D:\github\exoneracoes_nomeacoes_dou\LAKE\RJ\2023\11\DOERJ_PARTE_I_PODER_EXECUTIVO_2023-11-29.md,D:\github\exoneracoes_nomeacoes_dou\saida\RJ\DOERJ_2023.csv,666
tem_numero,PROFESSOR DOCENTE I-18H,PROFESSOR DOCENTE I-18H,sim,PROFESSOR DOCENTE I-18H:MISC|Professor Docente I-18H:PER,RJ,2023-11-29,exoneracao,,,,,,Claudio Bomfim de Castro e Silva - Governador,Claudio Bomfim de Castro e Silva,Executivo estadual,https://www.ioerj.com.br/portal/modules/conteudoonline/mostra_edicao.php?session=VFd0S1IwMHdVVEJPYWtGMFVtcG9RMDVETURCT2ExcEhURlZLUms1clVYUk5WVlpGVW1wck5VNXJXVFJSZWtreVRWUmpNMDU2WnpSTmFtZDNUMUU5UFE9PQ==,D:\github\exoneracoes_nomeacoes_dou\LAKE\RJ\2023\11\DOERJ_PARTE_I_PODER_EXECUTIVO_2023-11-29.md,D:\github\exoneracoes_nomeacoes_dou\saida\RJ\DOERJ_2023.csv,667
tem_numero;termo_administrativo,ID N° 5.077.070-5,ID N° 5.077.070-5,sim,ID N:PER,RJ,2023-11-21,nomeacao,,,,,,Claudio Bomfim de Castro e Silva - Governador,Claudio Bomfim de Castro e Silva,Executivo estadual,https://www.ioerj.com.br/portal/modules/conteudoonline/mostra_edicao.php?session=VFZSSk5FNVVUa1pTVkVsMFVtcFNSVkpwTURCUFJFRXdURlZKZVZGclRYUk9WRXBIVFZST1EwNUZXVFJPVlZKQ1RWUmpNMDU2WnpST1ZGVXhUbmM5UFE9PQ==,D:\github\exoneracoes_nomeacoes_dou\LAKE\RJ\2023\11\DOERJ_PARTE_I_PODER_EXECUTIVO_2023-11-21.md,D:\github\exoneracoes_nomeacoes_dou\saida\RJ\DOERJ_2023.csv,853
termo_administrativo,LOTADA NA GERÊNCIA DE MICRO E PEQUENAS EMPRESAS - GEMPE,LOTADA NA GERÊNCIA DE MICRO E PEQUENAS EMPRESAS - GEMPE,sim,LOTADA NA:MISC|GERÊNCIA DE MICRO:LOC|PEQUENAS EMPRESAS:ORG|Lotada:LOC|Gerência De Micro:LOC|Pequenas Empresas - Gempe:PER,RJ,2023-10-03,exoneracao,,,,,,Claudio Bomfim de Castro e Silva - Governador,Claudio Bomfim de Castro e Silva,Executivo estadual,https://www.ioerj.com.br/portal/modules/conteudoonline/mostra_edicao.php?session=VFZSamQwMTZTa05TYTBWMFVrVktSMDU1TURCTlJGazBURlZHUms1clVYUlNhMVpEVVdwQ1JGRnJVVFZOTUZFd1RWUmpNMDU2WnpWTmFrMHhUbEU5UFE9PQ==,D:\github\exoneracoes_nomeacoes_dou\LAKE\RJ\2023\10\DOERJ_PARTE_I_PODER_EXECUTIVO_2023-10-03.md,D:\github\exoneracoes_nomeacoes_dou\saida\RJ\DOERJ_2023.csv,1964
termo_administrativo,ASSISTENTE TÉCNICO DE TRÂNSITO,ASSISTENTE TÉCNICO DE TRÂNSITO,sim,TÉCNICO:MISC|TRÂNSITO:LOC|De Trânsito:PER,RJ,2023-09-01,exoneracao,,do Departamento de Trânsito do Estado do Rio de Janeiro - DETRAN/RJ,,,,Thiago Pampolha - Governador em exercicio,Thiago Pampolha,Vice-governadoria,https://www.ioerj.com.br/portal/modules/conteudoonline/mostra_edicao.php?session=VFdwRk1FMTZXa1ZOZW1OMFVWVldSMUpwTURCT1ZHdDNURlZHUTA1clRYUlBSR2N6VG5wb1JGRXdUWGhPUlZGNFRWUmpNMDU2WnpWT2FrVXpUbEU5UFE9PQ==,D:\github\exoneracoes_nomeacoes_dou\LAKE\RJ\2023\09\DOERJ_PARTE_I_PODER_EXECUTIVO_2023-09-01.md,D:\github\exoneracoes_nomeacoes_dou\saida\RJ\DOERJ_2023.csv,2463
tem_numero,INSPETOR DE POLÍCIA DE 4ª CLASSE,INSPETOR DE POLÍCIA DE 4ª CLASSE,sim,Inspetor De Polícia:PER,RJ,2023-08-24,exoneracao,,,,,,Claudio Bomfim de Castro e Silva - Governador,Claudio Bomfim de Castro e Silva,Executivo estadual,https://www.ioerj.com.br/portal/modules/conteudoonline/mostra_edicao.php?session=VDFSak5GRlZUa1ZOUkd0MFVrUkpOVkZUTURCTlJHY3pURlZGTlZKcVNYUk9NRmw1VWxWWmVFMTZVa2ROUlVreVRWUmpNMDU2WnpWT2VsRXhUMUU5UFE9PQ==,D:\github\exoneracoes_nomeacoes_dou\LAKE\RJ\2023\08\DOERJ_PARTE_I_PODER_EXECUTIVO_2023-08-24.md,D:\github\exoneracoes_nomeacoes_dou\saida\RJ\DOERJ_2023.csv,2614
tem_numero,INSPETOR DE POLÍCIA DE 5ª CLASSE,INSPETOR DE POLÍCIA DE 5ª CLASSE,sim,POLÍCIA:ORG|Inspetor De Polícia:PER,RJ,2023-08-24,exoneracao,,,,,,Claudio Bomfim de Castro e Silva - Governador,Claudio Bomfim de Castro e Silva,Executivo estadual,https://www.ioerj.com.br/portal/modules/conteudoonline/mostra_edicao.php?session=VDFSak5GRlZUa1ZOUkd0MFVrUkpOVkZUTURCTlJHY3pURlZGTlZKcVNYUk9NRmw1VWxWWmVFMTZVa2ROUlVreVRWUmpNMDU2WnpWT2VsRXhUMUU5UFE9PQ==,D:\github\exoneracoes_nomeacoes_dou\LAKE\RJ\2023\08\DOERJ_PARTE_I_PODER_EXECUTIVO_2023-08-24.md,D:\github\exoneracoes_nomeacoes_dou\saida\RJ\DOERJ_2023.csv,2615
termo_administrativo,ASSISTENTE TÉCNICO DE TRÂNSITO,ASSISTENTE TÉCNICO DE TRÂNSITO,sim,TÉCNICO:MISC|TRÂNSITO:LOC|De Trânsito:PER,RJ,2023-08-07,exoneracao,,do Departamento de Trânsito do Estado do Rio de Janeiro - DETRAN/RJ,,,,Claudio Bomfim de Castro e Silva - Governador,Claudio Bomfim de Castro e Silva,Executivo estadual,https://www.ioerj.com.br/portal/modules/conteudoonline/mostra_edicao.php?session=VG1wSmVFNUZVa0pPTUZGMFVXdEZlRkY1TURCTlZHUkVURlZLUWs5RlNYUlNhMUpFVGxSR1FrNVVSWGhQVkZFeVRWUmpNMDU2YTNkTlZFRjRUVkU5UFE9PQ==,D:\github\exoneracoes_nomeacoes_dou\LAKE\RJ\2023\08\DOERJ_PARTE_I_PODER_EXECUTIVO_2023-08-07.md,D:\github\exoneracoes_nomeacoes_dou\saida\RJ\DOERJ_2023.csv,3151
termo_administrativo,PROFESSORA ASSISTENTE DE ADMINISTRAÇÃO EDUCACIONAL II,PROFESSORA ASSISTENTE DE ADMINISTRAÇÃO EDUCACIONAL II,sim,PROFESSORA ASSISTENTE DE ADMINISTRAÇÃO EDUCACIONAL II:MISC|Professora Assistente:PER,RJ,2023-07-10,exoneracao,,,,,,Claudio Bomfim de Castro e Silva - Governador,Claudio Bomfim de Castro e Silva,Executivo estadual,https://www.ioerj.com.br/portal/modules/conteudoonline/mostra_edicao.php?session=VFVScmVrOUVRVE5TUkdOMFRYcE5NRkpUTURCU1JFNUVURlJyZDAxVVdYUlJWRVV4VVdwRk5FNUVRWGhOVkUwMVRWUmpNMDU2YTNkT1JHY3pUMEU5UFE9PQ==,D:\github\exoneracoes_nomeacoes_dou\LAKE\RJ\2023\07\DOERJ_PARTE_I_PODER_EXECUTIVO_2023-07-10.md,D:\github\exoneracoes_nomeacoes_dou\saida\RJ\DOERJ_2023.csv,3938
tem_numero;frase_administrativa,DENILSON CASTRO DA SILVA SOUZA VALIDADE A CONTAR DE 03 DE JULHO,DENILSON CASTRO DA SILVA SOUZA VALIDADE A CONTAR DE 03 DE JULHO,sim,DENILSON CASTRO DA SILVA SOUZA VALIDADE:MISC|Denilson Castro Da Silva Souza Validade:PER,RJ,2023-07-06,nomeacao,,,,,,Claudio Bomfim de Castro e Silva - Governador,Claudio Bomfim de Castro e Silva,Executivo estadual,https://www.ioerj.com.br/portal/modules/conteudoonline/mostra_edicao.php?session=VWxSQk5WRnJVa0pSTUVsMFRVUnNRazlETURCU1ZFMHpURlJyTTFKcVdYUk5SVWwzVDFSU1IwMUVTWHBOUlZVd1RWUmpNMDU2YTNkT1ZFazFUa0U5UFE9PQ==,D:\github\exoneracoes_nomeacoes_dou\LAKE\RJ\2023\07\DOERJ_PARTE_I_PODER_EXECUTIVO_2023-07-06.md,D:\github\exoneracoes_nomeacoes_dou\saida\RJ\DOERJ_2023.csv,4072
termo_administrativo,ID FUNCIONAL,ID FUNCIONAL,sim,ID FUNCIONAL:PER,RJ,2023-07-04,nomeacao,,,,,,Claudio Bomfim de Castro e Silva - Governador,Claudio Bomfim de Castro e Silva,Executivo estadual,https://www.ioerj.com.br/portal/modules/conteudoonline/mostra_edicao.php?session=VG1wQmVVMHdSa1JPZWxsMFQwUmplazlUTURCUmFtYzFURlJvUTFKRVdYUk5WVXBGVWtSSk1WSlZVWGROUlVsNlRWUmpNMDU2YTNkT1ZHTjNUV2M5UFE9PQ==,D:\github\exoneracoes_nomeacoes_dou\LAKE\RJ\2023\07\DOERJ_PARTE_I_PODER_EXECUTIVO_2023-07-04.md,D:\github\exoneracoes_nomeacoes_dou\saida\RJ\DOERJ_2023.csv,4157
termo_administrativo,RAFAEL VIEIRA RODRIGUES COMISSÃO DE ASSISTENTE II,RAFAEL VIEIRA RODRIGUES COMISSÃO DE ASSISTENTE II,sim,RAFAEL VIEIRA:PER,RJ,2023-07-04,nomeacao,para exercer o cargo em símbolo DAI-6,da Subsecretaria de Pro- - RJPE,,,,Claudio Bomfim de Castro e Silva - Governador,Claudio Bomfim de Castro e Silva,Executivo estadual,https://www.ioerj.com.br/portal/modules/conteudoonline/mostra_edicao.php?session=VG1wQmVVMHdSa1JPZWxsMFQwUmplazlUTURCUmFtYzFURlJvUTFKRVdYUk5WVXBGVWtSSk1WSlZVWGROUlVsNlRWUmpNMDU2YTNkT1ZHTjNUV2M5UFE9PQ==,D:\github\exoneracoes_nomeacoes_dou\LAKE\RJ\2023\07\DOERJ_PARTE_I_PODER_EXECUTIVO_2023-07-04.md,D:\github\exoneracoes_nomeacoes_dou\saida\RJ\DOERJ_2023.csv,4190
termo_administrativo,ASSISTENTE TÉCNICO DE TRÂNSITO,ASSISTENTE TÉCNICO DE TRÂNSITO,sim,TÉCNICO:MISC|TRÂNSITO:LOC|De Trânsito:PER,RJ,2023-06-07,exoneracao,,do Departamento de Trânsito do Estado do Rio de Janeiro - DETRAN/RJ,,,,Claudio Bomfim de Castro e Silva - Governador,Claudio Bomfim de Castro e Silva,Executivo estadual,https://www.ioerj.com.br/portal/modules/conteudoonline/mostra_edicao.php?session=VGxWUmQwMVZUWGxTVkVGMFVXdFJlbEpETURCU1JHZDVURlZKZUUwd1dYUk5lbU16VVd0UmVWRlVUa1JOVkUxNVRWUmpNMDU2YTNkUFJFMHpUbmM5UFE9PQ==,D:\github\exoneracoes_nomeacoes_dou\LAKE\RJ\2023\06\DOERJ_PARTE_I_PODER_EXECUTIVO_2023-06-07.md,D:\github\exoneracoes_nomeacoes_dou\saida\RJ\DOERJ_2023.csv,4727
termo_administrativo,IGOR PEREIRA STELLET DE MENEZES CARGO EM ASSISTENTE,IGOR PEREIRA STELLET DE MENEZES CARGO EM ASSISTENTE,sim,IGOR PEREIRA:MISC|Igor Pereira Stellet:PER,RJ,2023-06-05,nomeacao,,,,,,Claudio Bomfim de Castro e Silva - Governador,Claudio Bomfim de Castro e Silva,Executivo estadual,https://www.ioerj.com.br/portal/modules/conteudoonline/mostra_edicao.php?session=VG10WmVVMXFWVFZQVkdOMFRXcEpORTVETURCTmFrazBURlJuZUZKRVRYUlBSRlY0VVZSS1JrMXFaM2RSZW1jeFRWUmpNMDU2YTNkUFZFRTBUVUU5UFE9PQ==,D:\github\exoneracoes_nomeacoes_dou\LAKE\RJ\2023\06\DOERJ_PARTE_I_PODER_EXECUTIVO_2023-06-05.md,D:\github\exoneracoes_nomeacoes_dou\saida\RJ\DOERJ_2023.csv,4918
termo_administrativo,UANDERSON BARRETO DE SOUZA EM COMISSÃO DE ASSESSOR,UANDERSON BARRETO DE SOUZA EM COMISSÃO DE ASSESSOR,sim,UANDERSON:LOC|BARRETO DE SOUZA:LOC|COMISSÃO DE ASSESSOR:LOC|Uanderson Barreto De Souza:PER,RJ,2023-05-18,nomeacao,,do Gabinete do Secretário,,,,Claudio Bomfim de Castro e Silva - Governador,Claudio Bomfim de Castro e Silva,Executivo estadual,https://www.ioerj.com.br/portal/modules/conteudoonline/mostra_edicao.php?session=VGtWSk1VMVVTWGRSTUUxMFRWVkZNRTlUTURCUFZVNUhURlZHUWxKRlRYUk9la1V6VFZSQmVsSnFaekJSVkVVeFRWUmpNMDU2YTNoTmVtTjRUbEU5UFE9PQ==,D:\github\exoneracoes_nomeacoes_dou\LAKE\RJ\2023\05\DOERJ_PARTE_I_PODER_EXECUTIVO_2023-05-18.md,D:\github\exoneracoes_nomeacoes_dou\saida\RJ\DOERJ_2023.csv,5310
inicio_suspeito;termo_administrativo,CONFORME RESULTADO FINAL DO CERTAME E OS INDICADOS PARA MATRÍCULA,CONFORME RESULTADO FINAL DO CERTAME E OS INDICADOS PARA MATRÍCULA,sim,RESULTADO FINAL:MISC|CERTAME:MISC|Resultado Final Do Certame:MISC|Os Indicados Para:MISC|Matrícula:PER,RJ,2023-05-11,nomeacao,,,ATOS DO,Governador em exercicio,2,Thiago Pampolha - Governador em exercicio,Thiago Pampolha,Vice-governadoria,https://www.ioerj.com.br/portal/modules/conteudoonline/mostra_edicao.php?session=VG5wTk5WSnJXWGhPZWtsMFVWVkZNVkpETURCT1ZFWkhURlJvUTA1VVozUlNhbFY2VGxWSmQwMUVVWGhSYW14RlRWUmpNMDU2YTNoT1JGazBUa0U5UFE9PQ==,D:\github\exoneracoes_nomeacoes_dou\LAKE\RJ\2023\05\DOERJ_PARTE_I_PODER_EXECUTIVO_2023-05-11.md,D:\github\exoneracoes_nomeacoes_dou\saida\RJ\DOERJ_2023.csv,5481
termo_administrativo,LUIZ AL- DO ESTADO DO RIO DE JANEIRO BERTO RABELO,LUIZ AL- DO ESTADO DO RIO DE JANEIRO BERTO RABELO,sim,LUIZ AL-:PER,RJ,2023-04-24,exoneracao,do cargo em comissão de Assistente,da Superintendência Técnica de Infraestrutura e Logística,,,,Thiago Pampolha - Governador em exercicio,Thiago Pampolha,Vice-governadoria,https://www.ioerj.com.br/portal/modules/conteudoonline/mostra_edicao.php?session=VWxWS1FsRnFVVEZTUlZWMFQxUmtSazFUTURCUlZVa3lURlJvUTFKRVJYUk5SRXBGVFZWRk1WSlZWa1pPVkZVd1RWUmpNMDU2YTNoT2FrVjZUVkU5UFE9PQ==,D:\github\exoneracoes_nomeacoes_dou\LAKE\RJ\2023\04\DOERJ_PARTE_I_PODER_EXECUTIVO_2023-04-24.md,D:\github\exoneracoes_nomeacoes_dou\saida\RJ\DOERJ_2023.csv,5977
termo_administrativo,TIAGO DO ESTADO DO RIO DE JANEIRO GONÇALVES DO PAÇO PEREIRA,TIAGO DO ESTADO DO RIO DE JANEIRO GONÇALVES DO PAÇO PEREIRA,sim,TIAGO:MISC|IMAGE:MISC|ESTADO DO RIO DE JANEIRO GONÇALVES:LOC|PAÇO PEREIRA:MISC|Tiago:PER,RJ,2023-04-17,exoneracao,do cargo em comissão de Coordenador,,,,,Claudio Bomfim de Castro e Silva - Governador,Claudio Bomfim de Castro e Silva,Executivo estadual,https://www.ioerj.com.br/portal/modules/conteudoonline/mostra_edicao.php?session=VGpCT1JsSkVUa0pOUkVGMFRsVkpNazFwTURCT2FtYzBURlZHUlZGNlRYUk5hMXBGVW1wak5GSlVhRVpOVkVKRFRWUmpNMDU2YTNoT2Ftc3pUVkU5UFE9PQ==,D:\github\exoneracoes_nomeacoes_dou\LAKE\RJ\2023\04\DOERJ_PARTE_I_PODER_EXECUTIVO_2023-04-17.md,D:\github\exoneracoes_nomeacoes_dou\saida\RJ\DOERJ_2023.csv,6223
frase_administrativa,ELEN CLER AFONCIO SILVA A CONTAR DE,ELEN CLER AFONCIO SILVA A CONTAR DE,sim,ELEN:ORG|CONTAR:LOC|Afoncio Silva:PER,RJ,2023-04-14,nomeacao,,da Subsecretaria de Governo,,,,Claudio Bomfim de Castro e Silva - Governador,Claudio Bomfim de Castro e Silva,Executivo estadual,https://www.ioerj.com.br/portal/modules/conteudoonline/mostra_edicao.php?session=VW10Tk0xSkVhRVpOVkVsMFVsUk5NVkZUTURCT1JFSkNURlJvUjFKVWEzUlBWVlpGVG10Wk5FMUVSWGhOZW1Nd1RWUmpNMDU2YTNoT2VrVXpUVkU5UFE9PQ==,D:\github\exoneracoes_nomeacoes_dou\LAKE\RJ\2023\04\DOERJ_PARTE_I_PODER_EXECUTIVO_2023-04-14.md,D:\github\exoneracoes_nomeacoes_dou\saida\RJ\DOERJ_2023.csv,6255
termo_administrativo,JANAÍNA VIEIRA ELIAS GOMES COMISSÃO DE ASSESSOR,JANAÍNA VIEIRA ELIAS GOMES COMISSÃO DE ASSESSOR,sim,JANAÍNA VIEIRA:PER,RJ,2023-04-14,nomeacao,,,,,,Claudio Bomfim de Castro e Silva - Governador,Claudio Bomfim de Castro e Silva,Executivo estadual,https://www.ioerj.com.br/portal/modules/conteudoonline/mostra_edicao.php?session=VW10Tk0xSkVhRVpOVkVsMFVsUk5NVkZUTURCT1JFSkNURlJvUjFKVWEzUlBWVlpGVG10Wk5FMUVSWGhOZW1Nd1RWUmpNMDU2YTNoT2VrVXpUVkU5UFE9PQ==,D:\github\exoneracoes_nomeacoes_dou\LAKE\RJ\2023\04\DOERJ_PARTE_I_PODER_EXECUTIVO_2023-04-14.md,D:\github\exoneracoes_nomeacoes_dou\saida\RJ\DOERJ_2023.csv,6260
termo_administrativo,LIBERALINO FREITAS DE ASSIS MELO CARGO EM,LIBERALINO FREITAS DE ASSIS MELO CARGO EM,sim,LIBERALINO FREITAS DE ASSIS MELO CARGO:MISC|Liberalino Freitas:PER,RJ,2023-04-11,nomeacao,,do Gabinete do Secretário,,,,Claudio Bomfim de Castro e Silva - Governador,Claudio Bomfim de Castro e Silva,Executivo estadual,https://www.ioerj.com.br/portal/modules/conteudoonline/mostra_edicao.php?session=VDFWYVIwOUVVa1JSVkUxMFVsVk9RMDE1TURCUmExSkZURlZHUjA1clZYUk9hMWswVFVWR1JVMUVWa1ZPZWtWNVRWUmpNMDU2YTNoT2VsRXdUbWM5UFE9PQ==,D:\github\exoneracoes_nomeacoes_dou\LAKE\RJ\2023\04\DOERJ_PARTE_I_PODER_EXECUTIVO_2023-04-11.md,D:\github\exoneracoes_nomeacoes_dou\saida\RJ\DOERJ_2023.csv,6435
tem_numero,PROFESSOR DOCENTE I-30H,PROFESSOR DOCENTE I-30H,sim,PROFESSOR DOCENTE I-30H:MISC|Professor Docente:PER,RJ,2023-03-22,exoneracao,,,,,,Claudio Bomfim de Castro e Silva - Governador,Claudio Bomfim de Castro e Silva,Executivo estadual,https://www.ioerj.com.br/portal/modules/conteudoonline/mostra_edicao.php?session=VWxSQk5FNXJSa1ZOUkUxMFRtcEJNazU1TURCT1JGa3pURlJvUTFKVlJYUlJla1V5VFdwc1IwNHdTa1pSYTFrMVRWUmpNMDU2YTNoUFJHZDVUa0U5UFE9PQ==,D:\github\exoneracoes_nomeacoes_dou\LAKE\RJ\2023\03\DOERJ_PARTE_I_PODER_EXECUTIVO_2023-03-22.md,D:\github\exoneracoes_nomeacoes_dou\saida\RJ\DOERJ_2023.csv,6855
tem_numero,MARÇO DE DE 07 RE,MARÇO DE DE 07 RE,sim,MARÇO DE DE 07 RE:MISC|Março:PER,RJ,2023-03-17,exoneracao,do cargo em comissão de tadual de DAI-6,,,,,Claudio Bomfim de Castro e Silva - Governador,Claudio Bomfim de Castro e Silva,Executivo estadual,https://www.ioerj.com.br/portal/modules/conteudoonline/mostra_edicao.php?session=VDFSWmVrOVVUa0pOVkd0MFRYcFNSVkZUTURCUmFrMTRURlJuTlU1clRYUk9WVVpDVDBSR1JVMHdTVEZSVkU1R1RWUmpNMDU2YTNoUFZGRXlUWGM5UFE9PQ==,D:\github\exoneracoes_nomeacoes_dou\LAKE\RJ\2023\03\DOERJ_PARTE_I_PODER_EXECUTIVO_2023-03-17.md,D:\github\exoneracoes_nomeacoes_dou\saida\RJ\DOERJ_2023.csv,7071
tem_numero,PROFESSOR DOCENTE I-16H,PROFESSOR DOCENTE I-16H,sim,PROFESSOR DOCENTE I-16H:MISC|Professor Docente:PER,RJ,2023-03-06,exoneracao,,,,,,Claudio Bomfim de Castro e Silva - Governador,Claudio Bomfim de Castro e Silva,Executivo estadual,https://www.ioerj.com.br/portal/modules/conteudoonline/mostra_edicao.php?session=VGtWSk5VMUVZelJQVlVsMFVrUlZlbEY1TURCUlZFVjRURlJzUWs1RlJYUlJhbXhIVG1wUk1rMUVUVFJPVkdzelRWUmpNMDU2YTNsTlJGazBUbEU5UFE9PQ==,D:\github\exoneracoes_nomeacoes_dou\LAKE\RJ\2023\03\DOERJ_PARTE_I_PODER_EXECUTIVO_2023-03-06.md,D:\github\exoneracoes_nomeacoes_dou\saida\RJ\DOERJ_2023.csv,7600
tem_numero,PROFESSOR DOCENTE I-16H,PROFESSOR DOCENTE I-16H,sim,PROFESSOR DOCENTE I-16H:MISC|Professor Docente:PER,RJ,2023-03-03,exoneracao,,,,,,Claudio Bomfim de Castro e Silva - Governador,Claudio Bomfim de Castro e Silva,Executivo estadual,https://www.ioerj.com.br/portal/modules/conteudoonline/mostra_edicao.php?session=VWtSU1FrOVVRVE5PYW1OMFRXcENRMDFETURCUlZFSkRURlJyZVZKRlRYUk5WVVpGVFdwTk1sSnJSWGhTYTBwR1RWUmpNMDU2YTNsTlZFRXpUVkU5UFE9PQ==,D:\github\exoneracoes_nomeacoes_dou\LAKE\RJ\2023\03\DOERJ_PARTE_I_PODER_EXECUTIVO_2023-03-03.md,D:\github\exoneracoes_nomeacoes_dou\saida\RJ\DOERJ_2023.csv,7660
termo_administrativo,DERSON LUIZ DA SILVA DRUMOND GERAL DO ESTADO,DERSON LUIZ DA SILVA DRUMOND GERAL DO ESTADO,sim,DERSON LUIZ DA SILVA DRUMOND GERAL:PER,RJ,2023-03-02,exoneracao,,,,,,Claudio Bomfim de Castro e Silva - Governador,Claudio Bomfim de Castro e Silva,Executivo estadual,https://www.ioerj.com.br/portal/modules/conteudoonline/mostra_edicao.php?session=VDBSbk1FNTZaRVpOYWtsMFVUQkZORTE1TURCTmVtUkRURlJuTUU1cldYUk5hbU14VG1wTk1FMTZXa1ZTUlZKRlRWUmpNMDU2YTNsTlZFVTBUMEU5UFE9PQ==,D:\github\exoneracoes_nomeacoes_dou\LAKE\RJ\2023\03\DOERJ_PARTE_I_PODER_EXECUTIVO_2023-03-02.md,D:\github\exoneracoes_nomeacoes_dou\saida\RJ\DOERJ_2023.csv,7748
inicio_suspeito;termo_administrativo,VINCULADO À GERÊNCIA DE MICRO E PEQUENAS EMPRESAS - GEMPE,VINCULADO À GERÊNCIA DE MICRO E PEQUENAS EMPRESAS - GEMPE,sim,VINCULADO:LOC|PEQUENAS EMPRESAS:ORG|Gerência De Micro:LOC|Pequenas Empresas - Gempe:PER,RJ,2023-03-02,nomeacao,,,,,,Claudio Bomfim de Castro e Silva - Governador,Claudio Bomfim de Castro e Silva,Executivo estadual,https://www.ioerj.com.br/portal/modules/conteudoonline/mostra_edicao.php?session=VDBSbk1FNTZaRVpOYWtsMFVUQkZORTE1TURCTmVtUkRURlJuTUU1cldYUk5hbU14VG1wTk1FMTZXa1ZTUlZKRlRWUmpNMDU2YTNsTlZFVTBUMEU5UFE9PQ==,D:\github\exoneracoes_nomeacoes_dou\LAKE\RJ\2023\03\DOERJ_PARTE_I_PODER_EXECUTIVO_2023-03-02.md,D:\github\exoneracoes_nomeacoes_dou\saida\RJ\DOERJ_2023.csv,7754
termo_administrativo,FLA- DO ESTADO DO RIO DE JANEIRO VIO DUTRA VIANA,FLA- DO ESTADO DO RIO DE JANEIRO VIO DUTRA VIANA,sim,IMAGE:MISC|ESTADO DO RIO DE JANEIRO VIO DUTRA:LOC|Estado Do Rio:LOC|Vio Dutra Viana:PER,RJ,2023-03-01,exoneracao,do cargo em comissão de Auxiliar Técnico,da Superintendência de Desportos do Estado do Rio de Janeiro - SUDERJ,,,,Claudio Bomfim de Castro e Silva - Governador,Claudio Bomfim de Castro e Silva,Executivo estadual,https://www.ioerj.com.br/portal/modules/conteudoonline/mostra_edicao.php?session=VDFWSk1rMVZTVEJPVkdkMFRWUkNSRTE1TURCU1JHeEdURlZGTWs5VVRYUk5WVWw2VGtWTk1WRnFTWGxOYW1SQ1RWUmpNMDU2YTNsTlZGRTBUWGM5UFE9PQ==,D:\github\exoneracoes_nomeacoes_dou\LAKE\RJ\2023\03\DOERJ_PARTE_I_PODER_EXECUTIVO_2023-03-01.md,D:\github\exoneracoes_nomeacoes_dou\saida\RJ\DOERJ_2023.csv,7848
termo_administrativo,LOTADA NO GABINETE DA PRESIDÊNCIA,LOTADA NO GABINETE DA PRESIDÊNCIA,sim,LOTADA NO:PER,RJ,2023-02-15,exoneracao,,,,,,Claudio Bomfim de Castro e Silva - Governador,Claudio Bomfim de Castro e Silva,Executivo estadual,https://www.ioerj.com.br/portal/modules/conteudoonline/mostra_edicao.php?session=VVhwamVrNXJVVFJOZWtWMFVtcFpNRTFwTURCUmEwVXdURlZKZVU1VlVYUlNSRmw2VGpCSk1GSnFSa1ZSVkdkM1RWUmpNMDU2YTNsTmFrMHlUWGM5UFE9PQ==,D:\github\exoneracoes_nomeacoes_dou\LAKE\RJ\2023\02\DOERJ_PARTE_I_PODER_EXECUTIVO_2023-02-15.md,D:\github\exoneracoes_nomeacoes_dou\saida\RJ\DOERJ_2023.csv,8170
tem_numero,JU- 5 DISON BERNARDO DE SOUZA,JU- 5 DISON BERNARDO DE SOUZA,sim,JU-:ORG|DISON BERNARDO DE SOUZA:LOC|Dison Bernardo De Souza:PER,RJ,2023-02-06,exoneracao,do cargo em comissão de Ajudante I,,,,,Thiago Pampolha - Governador em exercicio,Thiago Pampolha,Vice-governadoria,https://www.ioerj.com.br/portal/modules/conteudoonline/mostra_edicao.php?session=VFZSbmVrNUZTVEpQUlZWMFRVUlplRTFwTURCTmEwWkZURlJyTWs5RlZYUlJhMVV3VFhwc1FsRlVWVEZPUkZGNVRWUmpNMDU2YTNsTmVtTTFUMEU5UFE9PQ==,D:\github\exoneracoes_nomeacoes_dou\LAKE\RJ\2023\02\DOERJ_PARTE_I_PODER_EXECUTIVO_2023-02-06.md,D:\github\exoneracoes_nomeacoes_dou\saida\RJ\DOERJ_2023.csv,8640
termo_administrativo,ASSISTENTE TÉCNICO DE TRÂNSITO,ASSISTENTE TÉCNICO DE TRÂNSITO,sim,TÉCNICO:MISC|TRÂNSITO:LOC|De Trânsito:PER,RJ,2023-01-27,exoneracao,,do Departamento de Trânsito do Estado do Rio de Janeiro - DETRAN/RJ,,,,Claudio Bomfim de Castro e Silva - Governador,Claudio Bomfim de Castro e Silva,Executivo estadual,https://www.ioerj.com.br/portal/modules/conteudoonline/mostra_edicao.php?session=VDBSRk1WSnFaRUpPVkUxMFRrVmFSazVUTURCUFZHY3pURlZKTVU1cVkzUlJha2t3VWxSQ1JVOVVZekJSTUUxNFRWUmpNMDU2YTNsT1JHY3hUa0U5UFE9PQ==,D:\github\exoneracoes_nomeacoes_dou\LAKE\RJ\2023\01\DOERJ_PARTE_I_PODER_EXECUTIVO_2023-01-27.md,D:\github\exoneracoes_nomeacoes_dou\saida\RJ\DOERJ_2023.csv,9007
termo_administrativo,THANIE GOMES DA SILVA EM COMISSÃO DE COORDENADOR,THANIE GOMES DA SILVA EM COMISSÃO DE COORDENADOR,sim,COMISSÃO DE COORDENADOR:MISC|Thanie Gomes Da Silva:PER,RJ,2023-01-19,exoneracao,,da Superintendência de Promoção e Defesa dos Direitos Humanos,THANIE GOMES DA SILVA EM COMISSÃO DE,Coordenador,12,Claudio Bomfim de Castro e Silva - Governador,Claudio Bomfim de Castro e Silva,Executivo estadual,https://www.ioerj.com.br/portal/modules/conteudoonline/mostra_edicao.php?session=VVhwUmVWRnFUa1pPVlZsMFRXdFZORTFwTURCT1ZVWkZURlJvUlZKVVkzUlBWRlYzVGtScmVrMUVVa1pSYWxrMVRWUmpNMDU2YTNsT1ZGVjVUWGM5UFE9PQ==,D:\github\exoneracoes_nomeacoes_dou\LAKE\RJ\2023\01\DOERJ_PARTE_I_PODER_EXECUTIVO_2023-01-19.md,D:\github\exoneracoes_nomeacoes_dou\saida\RJ\DOERJ_2023.csv,9314
termo_administrativo,ASSISTENTE TÉCNICO DE TRÂNSITO,ASSISTENTE TÉCNICO DE TRÂNSITO,sim,TÉCNICO:MISC|TRÂNSITO:LOC|De Trânsito:PER,RJ,2023-01-10,exoneracao,,do Departamento de Trânsito do Estado do Rio de Janeiro - DETRAN/RJ,,,,Claudio Bomfim de Castro e Silva - Governador,Claudio Bomfim de Castro e Silva,Executivo estadual,https://www.ioerj.com.br/portal/modules/conteudoonline/mostra_edicao.php?session=VGpCRk1sRXdTVE5QVlUxMFRVUlJNazE1TURCT2FrRjNURlZGZVZGVlJYUlNWRTAwVVZSWk1WSkVVa05OYWtKRFRWUmpNMDU2YTNsT2FtdDRUV2M5UFE9PQ==,D:\github\exoneracoes_nomeacoes_dou\LAKE\RJ\2023\01\DOERJ_PARTE_I_PODER_EXECUTIVO_2023-01-10.md,D:\github\exoneracoes_nomeacoes_dou\saida\RJ\DOERJ_2023.csv,9858
tem_numero;frase_administrativa;termo_administrativo,TIANE CARDOSO MENDES DE TRABALHO E RENDA. PROCESSO Nº SEI-400001/000028/2023,TIANE CARDOSO MENDES DE TRABALHO E RENDA. PROCESSO Nº SEI-400001/000028/2023,sim,TIANE CARDOSO MENDES DE TRABALHO:LOC|RENDA:ORG|Tiane Cardoso Mendes De Trabalho E Renda:PER,RJ,2023-01-09,exoneracao,,,,,,Claudio Bomfim de Castro e Silva - Governador,Claudio Bomfim de Castro e Silva,Executivo estadual,https://www.ioerj.com.br/portal/modules/conteudoonline/mostra_edicao.php?session=VW1wU1JVMUVaelJQVkVGMFVYcGpOVTlETURCU1JWRTFURlJzUTFKRVVYUlJWRlV5VVd0YVJWRlZXa05SVkdkM1RWUmpNMDU2YTNsT2VrRTBUVkU5UFE9PQ==,D:\github\exoneracoes_nomeacoes_dou\LAKE\RJ\2023\01\DOERJ_PARTE_I_PODER_EXECUTIVO_2023-01-09.md,D:\github\exoneracoes_nomeacoes_dou\saida\RJ\DOERJ_2023.csv,10014
tem_numero,PROFESSOR DOCENTE I-16H,PROFESSOR DOCENTE I-16H,sim,PROFESSOR DOCENTE I-16H:MISC|Professor Docente:PER,RJ,2023-12-28,exoneracao,,,,Governador,1,Claudio Bomfim de Castro e Silva - Governador,Claudio Bomfim de Castro e Silva,Executivo estadual,https://www.ioerj.com.br/portal/modules/conteudoonline/mostra_edicao.php?session=VWtSbk1rMUVWWGhPUkdOMFRXdGFSbEpwTURCT01GazFURlZLUkU1RVJYUlNhMDVIVGxSQk5FMUZWa1JOYWxsNVRWUmpNMDlFUlhkT1ZFRjNUV2M5UFE9PQ==,D:\github\exoneracoes_nomeacoes_dou\LAKE\RJ\2023\12\DOERJ_PARTE_I_PODER_EXECUTIVO_COMPLEMENTAR_2_2023-12-28.md,D:\github\exoneracoes_nomeacoes_dou\saida\RJ\DOERJ_2023.csv,10190
termo_administrativo,LO LEITE SANTOS DORNA EM COMISSÃO RÔMUL,LO LEITE SANTOS DORNA EM COMISSÃO RÔMUL,sim,LO LEITE SANTOS:PER,RJ,2023-04-28,exoneracao,do cargo Setor,,,Secretario,5,Claudio Bomfim de Castro e Silva - Governador,Claudio Bomfim de Castro e Silva,Executivo estadual,https://www.ioerj.com.br/portal/modules/conteudoonline/mostra_edicao.php?session=VGxWS1JGSnJSVFZSVkdOMFRWUkNSMUpUTURCT2FsVjNURlJuZDAxNlFYUk5SVkYzVVd0Uk5VMUVTWHBSYW1jelRWUmpNMDlFUlhoT2VrVXhUbEU5UFE9PQ==,D:\github\exoneracoes_nomeacoes_dou\LAKE\RJ\2023\04\DOERJ_PARTE_I_PODER_EXECUTIVO_COMPLEMENTAR_2_2023-04-28.md,D:\github\exoneracoes_nomeacoes_dou\saida\RJ\DOERJ_2023.csv,11633
tem_numero,3 DE JANEIRO DE 2023 BARBOSA PINHEIRO,3 DE JANEIRO DE 2023 BARBOSA PINHEIRO,sim,PINHEIRO:ORG|De Janeiro:MISC|Barbosa Pinheiro:PER,RJ,2023-01-03,exoneracao,do cargo em comissão de Chefe de Gabinete,,,Governador,1,Claudio Bomfim de Castro e Silva - Governador,Claudio Bomfim de Castro e Silva,Executivo estadual,https://www.ioerj.com.br/portal/modules/conteudoonline/mostra_edicao.php?session=VVd0Vk1FNXFVWGhPVkVGMFRYcG5lVTlETURCTk1GWkhURlJzUlU1RVNYUlJWVWswVWxSb1JrOVVTa1JOUkVFelRWUmpNMDlFUlhwT1ZGRjNUa0U5UFE9PQ==,D:\github\exoneracoes_nomeacoes_dou\LAKE\RJ\2023\01\DOERJ_PARTE_I_PODER_EXECUTIVO_COMPLEMENTAR_2_2023-01-03.md,D:\github\exoneracoes_nomeacoes_dou\saida\RJ\DOERJ_2023.csv,12582
inicio_suspeito;termo_administrativo,CONFORME ATA DE CONSELHO DELIBERATIVO DA REGIÃO METROPOLITANA,CONFORME ATA DE CONSELHO DELIBERATIVO DA REGIÃO METROPOLITANA,sim,ATA:MISC|REGIÃO METROPOLITANA:LOC|Ata De Conselho Deliberativo:PER,RJ,2023-01-03,nomeacao,para exercer o cargo em comissão de Presidente,do Instituto Rio Metrópole - IRM,ATOS DO,Governador,1,Claudio Bomfim de Castro e Silva - Governador,Claudio Bomfim de Castro e Silva,Executivo estadual,https://www.ioerj.com.br/portal/modules/conteudoonline/mostra_edicao.php?session=VGxWWk1GSlVTa1JQVkVsMFRXdEdRbEZwTURCT1JFWkdURlZKTWxGVlRYUk9SR2hHVFVSYVIwNUZXWGRPZW1kNFRWUmpNMDlFUlhwT1ZGRjNUa0U5UFE9PQ==,D:\github\exoneracoes_nomeacoes_dou\LAKE\RJ\2023\01\DOERJ_PARTE_I_PODER_EXECUTIVO_COMPLEMENTAR_4_2023-01-03.md,D:\github\exoneracoes_nomeacoes_dou\saida\RJ\DOERJ_2023.csv,12596
termo_administrativo,DOUGLAS SANTOS DE ALMEIDA EM COMISSÃO DE ASSESSOR,DOUGLAS SANTOS DE ALMEIDA EM COMISSÃO DE ASSESSOR,sim,DOUGLAS SANTOS DE ALMEIDA:PER,RJ,2024-11-12,nomeacao,para exercer o cargo DAS-6,,,,,Claudio Bomfim de Castro e Silva - Governador,Claudio Bomfim de Castro e Silva,Executivo estadual,https://www.ioerj.com.br/portal/modules/conteudoonline/mostra_edicao.php?session=VGxWRk1VNUVhekZPYWtGMFRWUk5NbEpwTURCU1JFRjZURlJyZWs0d1dYUlJWRWsxVVdwck1sSlVTa1JOZWxwSFRWUmpNMDU2WTNwT2FsRXdUWGM5UFE9PQ==,D:\github\exoneracoes_nomeacoes_dou\LAKE\RJ\2024\11\DOERJ_PARTE_I_PODER_EXECUTIVO_2024-11-12.md,D:\github\exoneracoes_nomeacoes_dou\saida\RJ\DOERJ_2024.csv,687
inicio_suspeito,DE AMARO VITOR DE SOUZA DELFINO,DE AMARO VITOR DE SOUZA DELFINO,sim,AMARO VITOR:PER,RJ,2024-10-31,exoneracao,do cargo efetivo de Assistente Previdenciário,,,,,Claudio Bomfim de Castro e Silva - Governador,Claudio Bomfim de Castro e Silva,Executivo estadual,https://www.ioerj.com.br/portal/modules/conteudoonline/mostra_edicao.php?session=VDFWRk0wMVZWVEZPYTBWMFVtdFplbEZUTURCTlZFNUNURlJuTTFGNmEzUk5WR2hGVFVScmVrNUVTa05SVkVWNVRWUmpNMDU2WTNwUFJGVTBUVUU5UFE9PQ==,D:\github\exoneracoes_nomeacoes_dou\LAKE\RJ\2024\10\DOERJ_PARTE_I_PODER_EXECUTIVO_2024-10-31.md,D:\github\exoneracoes_nomeacoes_dou\saida\RJ\DOERJ_2024.csv,1089
termo_administrativo,LOTADA NO GABINETE DA PRESIDÊNCIA - GABIN,LOTADA NO GABINETE DA PRESIDÊNCIA - GABIN,sim,LOTADA NO:PER,RJ,2024-09-16,exoneracao,,,,,,Claudio Bomfim de Castro e Silva - Governador,Claudio Bomfim de Castro e Silva,Executivo estadual,https://www.ioerj.com.br/portal/modules/conteudoonline/mostra_edicao.php?session=VFZSc1IwNTZaekZPZWsxMFVWUlZNRTFETURCT2FrcEdURlZGTlZFd1NYUk9WVlYzVFdwb1JVMUVZM3BTUkVGNFRWUmpNMDU2WXpCT1ZGVXpUVUU5UFE9PQ==,D:\github\exoneracoes_nomeacoes_dou\LAKE\RJ\2024\09\DOERJ_PARTE_I_PODER_EXECUTIVO_2024-09-16.md,D:\github\exoneracoes_nomeacoes_dou\saida\RJ\DOERJ_2024.csv,1885
inicio_suspeito;termo_administrativo,VINCULADA AO GABINETE DA PRESIDÊNCIA - GABIN,VINCULADA AO GABINETE DA PRESIDÊNCIA - GABIN,sim,VINCULADA AO GABINETE:PER,RJ,2024-09-16,nomeacao,,,,,,Claudio Bomfim de Castro e Silva - Governador,Claudio Bomfim de Castro e Silva,Executivo estadual,https://www.ioerj.com.br/portal/modules/conteudoonline/mostra_edicao.php?session=VFZSc1IwNTZaekZPZWsxMFVWUlZNRTFETURCT2FrcEdURlZGTlZFd1NYUk9WVlYzVFdwb1JVMUVZM3BTUkVGNFRWUmpNMDU2WXpCT1ZGVXpUVUU5UFE9PQ==,D:\github\exoneracoes_nomeacoes_dou\LAKE\RJ\2024\09\DOERJ_PARTE_I_PODER_EXECUTIVO_2024-09-16.md,D:\github\exoneracoes_nomeacoes_dou\saida\RJ\DOERJ_2024.csv,1886
termo_administrativo,ASSISTENTE TÉCNICO DE TRÂNSITO,ASSISTENTE TÉCNICO DE TRÂNSITO,sim,TÉCNICO:MISC|TRÂNSITO:LOC|De Trânsito:PER,RJ,2024-09-05,exoneracao,,do Departamento de Trânsito do Estado do Rio de Janeiro - DETRAN/RJ,,,,Claudio Bomfim de Castro e Silva - Governador,Claudio Bomfim de Castro e Silva,Executivo estadual,https://www.ioerj.com.br/portal/modules/conteudoonline/mostra_edicao.php?session=VG10WmQwNVVZek5TYTFsMFRucENRMDFETURCT1ZWa3pURlZHUjAxRVRYUk5hbWQ1VFRCV1JFNVVhRUpSVlU1RFRWUmpNMDU2WXpCT2Vra3hUbmM5UFE9PQ==,D:\github\exoneracoes_nomeacoes_dou\LAKE\RJ\2024\09\DOERJ_PARTE_I_PODER_EXECUTIVO_2024-09-05.md,D:\github\exoneracoes_nomeacoes_dou\saida\RJ\DOERJ_2024.csv,2066
termo_administrativo,ASSISTENTE TÉCNICO DE TRÂNSITO,ASSISTENTE TÉCNICO DE TRÂNSITO,sim,TÉCNICO:MISC|TRÂNSITO:LOC|De Trânsito:PER,RJ,2024-08-29,exoneracao,,do Departamento de Trânsito do Estado do Rio de Janeiro - DETRAN/RJ,,,,Claudio Bomfim de Castro e Silva - Governador,Claudio Bomfim de Castro e Silva,Executivo estadual,https://www.ioerj.com.br/portal/modules/conteudoonline/mostra_edicao.php?session=VFdwUk5VMTZaM3BOUlZGMFRYcEdRazVUTURCT1JGRjZURlZKZDA1VVdYUlBWRTVDVW1wbk1FNVVTWGRTYWtsNFRWUmpNMDU2WXpCUFJHTXpUbmM5UFE9PQ==,D:\github\exoneracoes_nomeacoes_dou\LAKE\RJ\2024\08\DOERJ_PARTE_I_PODER_EXECUTIVO_2024-08-29.md,D:\github\exoneracoes_nomeacoes_dou\saida\RJ\DOERJ_2024.csv,2221
menos_de_2_tokens,LEIA-SE,LEIA-SE,sim,LEIA-SE:PER,RJ,2024-07-22,nomeacao,,,,,,Claudio Bomfim de Castro e Silva - Governador,Claudio Bomfim de Castro e Silva,Executivo estadual,https://www.ioerj.com.br/portal/modules/conteudoonline/mostra_edicao.php?session=VVdwWk5VOVZUWGxSZWtWMFVWVkZOVTFwTURCT1ZVVXlURlZHUjA5RlNYUlJNRWwzVGxSVk5VNVVWa0pSYTAwd1RWUmpNMDU2WnpCT2VrMTRUbmM5UFE9PQ==,D:\github\exoneracoes_nomeacoes_dou\LAKE\RJ\2024\07\DOERJ_PARTE_I_PODER_EXECUTIVO_2024-07-22.md,D:\github\exoneracoes_nomeacoes_dou\saida\RJ\DOERJ_2024.csv,3015
menos_de_2_tokens,LEIA-SE,LEIA-SE,sim,LEIA-SE:PER,RJ,2024-07-22,nomeacao,,,,,,Claudio Bomfim de Castro e Silva - Governador,Claudio Bomfim de Castro e Silva,Executivo estadual,https://www.ioerj.com.br/portal/modules/conteudoonline/mostra_edicao.php?session=VVdwWk5VOVZUWGxSZWtWMFVWVkZOVTFwTURCT1ZVVXlURlZHUjA5RlNYUlJNRWwzVGxSVk5VNVVWa0pSYTAwd1RWUmpNMDU2WnpCT2VrMTRUbmM5UFE9PQ==,D:\github\exoneracoes_nomeacoes_dou\LAKE\RJ\2024\07\DOERJ_PARTE_I_PODER_EXECUTIVO_2024-07-22.md,D:\github\exoneracoes_nomeacoes_dou\saida\RJ\DOERJ_2024.csv,3016
tem_numero;frase_administrativa;termo_administrativo,FILIPE CODEÇO WAGNER'. PROCESSO Nº SEI-260006/019429/2024,FILIPE CODEÇO WAGNER'. PROCESSO Nº SEI-260006/019429/2024,sim,FILIPE CODEÇO:MISC|Nº SEI-260006/019429/2024:MISC|Filipe Codeço Wagner:PER,RJ,2024-07-22,nomeacao,,,,,,Claudio Bomfim de Castro e Silva - Governador,Claudio Bomfim de Castro e Silva,Executivo estadual,https://www.ioerj.com.br/portal/modules/conteudoonline/mostra_edicao.php?session=VVdwWk5VOVZUWGxSZWtWMFVWVkZOVTFwTURCT1ZVVXlURlZHUjA5RlNYUlJNRWwzVGxSVk5VNVVWa0pSYTAwd1RWUmpNMDU2WnpCT2VrMTRUbmM5UFE9PQ==,D:\github\exoneracoes_nomeacoes_dou\LAKE\RJ\2024\07\DOERJ_PARTE_I_PODER_EXECUTIVO_2024-07-22.md,D:\github\exoneracoes_nomeacoes_dou\saida\RJ\DOERJ_2024.csv,3017
termo_administrativo,ASSISTENTE TÉCNICO DE TRÂNSITO,ASSISTENTE TÉCNICO DE TRÂNSITO,sim,TÉCNICO:MISC|TRÂNSITO:LOC|De Trânsito:PER,RJ,2024-07-15,exoneracao,,do Departamento de Trânsito do Estado do Rio de Janeiro - DETRAN/RJ,,,,Claudio Bomfim de Castro e Silva - Governador,Claudio Bomfim de Castro e Silva,Executivo estadual,https://www.ioerj.com.br/portal/modules/conteudoonline/mostra_edicao.php?session=VG10Wk0wOVVUWGRPUkUxMFRsVlpNVkZUTURCUFZWRXpURlJzUTFGNlFYUlJlbFUxVDFWT1JGSkVWWGRPUkdSRVRWUmpNMDU2WnpCUFJHc3hUbWM5UFE9PQ==,D:\github\exoneracoes_nomeacoes_dou\LAKE\RJ\2024\07\DOERJ_PARTE_I_PODER_EXECUTIVO_2024-07-15.md,D:\github\exoneracoes_nomeacoes_dou\saida\RJ\DOERJ_2024.csv,3108
tem_numero,MARIA ELIZABETH DE SOUZA E SILVA BOLO DAI-6,MARIA ELIZABETH DE SOUZA E SILVA BOLO DAI-6,sim,MARIA ELIZABETH DE SOUZA E:PER,RJ,2024-07-15,nomeacao,,,,,,Claudio Bomfim de Castro e Silva - Governador,Claudio Bomfim de Castro e Silva,Executivo estadual,https://www.ioerj.com.br/portal/modules/conteudoonline/mostra_edicao.php?session=VG10Wk0wOVVUWGRPUkUxMFRsVlpNVkZUTURCUFZWRXpURlJzUTFGNlFYUlJlbFUxVDFWT1JGSkVWWGRPUkdSRVRWUmpNMDU2WnpCUFJHc3hUbWM5UFE9PQ==,D:\github\exoneracoes_nomeacoes_dou\LAKE\RJ\2024\07\DOERJ_PARTE_I_PODER_EXECUTIVO_2024-07-15.md,D:\github\exoneracoes_nomeacoes_dou\saida\RJ\DOERJ_2024.csv,3144
inicio_suspeito;termo_administrativo,VINCULADA AO GABINETE DA PRESIDÊNCIA - GABIN,VINCULADA AO GABINETE DA PRESIDÊNCIA - GABIN,sim,VINCULADA AO GABINETE:PER,RJ,2024-06-26,nomeacao,,,,,,Claudio Bomfim de Castro e Silva - Governador,Claudio Bomfim de Castro e Silva,Executivo estadual,https://www.ioerj.com.br/portal/modules/conteudoonline/mostra_edicao.php?session=VGxSYVJsSlVUWGxTVkZWMFVYcG5OVTFUTURCT1JGRjNURlJyZWs0d1VYUlNSRmsxVWtSak1VMUVZM2hSVkVwRlRWUmpNMDU2WnpGTlZFa3hUMUU5UFE9PQ==,D:\github\exoneracoes_nomeacoes_dou\LAKE\RJ\2024\06\DOERJ_PARTE_I_PODER_EXECUTIVO_2024-06-26.md,D:\github\exoneracoes_nomeacoes_dou\saida\RJ\DOERJ_2024.csv,3685
tem_numero;frase_administrativa;termo_administrativo,IGOR RIBEIRO PRADO - PROCESSO 0072483-20.2023.8.19.0001,IGOR RIBEIRO PRADO - PROCESSO 0072483-20.2023.8.19.0001,sim,IGOR RIBEIRO PRADO:PER,RJ,2024-06-12,nomeacao,,,,,,Claudio Bomfim de Castro e Silva - Governador,Claudio Bomfim de Castro e Silva,Executivo estadual,https://www.ioerj.com.br/portal/modules/conteudoonline/mostra_edicao.php?session=VG1wb1JrOUZTVFZSYWtsMFVXdEZlbEZUTURCU1ZFNURURlJyTTFKVlVYUk5hazEzVFZWV1JGSnFUa0pQVkdoRVRWUmpNMDU2WnpGTmVtYzFUa0U5UFE9PQ==,D:\github\exoneracoes_nomeacoes_dou\LAKE\RJ\2024\06\DOERJ_PARTE_I_PODER_EXECUTIVO_2024-06-12.md,D:\github\exoneracoes_nomeacoes_dou\saida\RJ\DOERJ_2024.csv,3976
tem_numero,BOLO DAS-6,BOLO DAS-6,sim,BOLO:ORG|DAS-6:MISC|Bolo:PER,RJ,2024-04-08,exoneracao,do cargo em comissão de Diretor Adjunto,,,,,Claudio Bomfim de Castro e Silva - Governador,Claudio Bomfim de Castro e Silva,Executivo estadual,https://www.ioerj.com.br/portal/modules/conteudoonline/mostra_edicao.php?session=VFZSRk1GRnFaRUpSZWsxMFVXcFpNVkZUTURCTlJGa3lURlZHUmswd1JYUlBWR3N4VG5wQ1JGRnJVa0pTVkZwRlRWUmpNMDU2WnpKTmFrVjNUbmM5UFE9PQ==,D:\github\exoneracoes_nomeacoes_dou\LAKE\RJ\2024\04\DOERJ_PARTE_I_PODER_EXECUTIVO_2024-04-08.md,D:\github\exoneracoes_nomeacoes_dou\saida\RJ\DOERJ_2024.csv,5607
termo_administrativo,ID FUNCIOEM COMISSÃO DE ASSESSOR,ID FUNCIOEM COMISSÃO DE ASSESSOR,sim,ID FUNCIOEM:PER,RJ,2024-04-08,exoneracao,do cargo abril de,,,,,Claudio Bomfim de Castro e Silva - Governador,Claudio Bomfim de Castro e Silva,Executivo estadual,https://www.ioerj.com.br/portal/modules/conteudoonline/mostra_edicao.php?session=VFZSRk1GRnFaRUpSZWsxMFVXcFpNVkZUTURCTlJGa3lURlZHUmswd1JYUlBWR3N4VG5wQ1JGRnJVa0pTVkZwRlRWUmpNMDU2WnpKTmFrVjNUbmM5UFE9PQ==,D:\github\exoneracoes_nomeacoes_dou\LAKE\RJ\2024\04\DOERJ_PARTE_I_PODER_EXECUTIVO_2024-04-08.md,D:\github\exoneracoes_nomeacoes_dou\saida\RJ\DOERJ_2024.csv,5610
tem_numero;termo_administrativo,ID DAS-6,ID DAS-6,sim,ID DAS-6:PER,RJ,2024-04-05,nomeacao,para exercer o cargo em comissão de Assistente,,,,,Claudio Bomfim de Castro e Silva - Governador,Claudio Bomfim de Castro e Silva,Executivo estadual,https://www.ioerj.com.br/portal/modules/conteudoonline/mostra_edicao.php?session=VFhwRmVVNXFXVEJPVkZsMFQwUlJkMDlUTURCT2VteEZURlJuTTFGVVkzUk9ha0UwVVhwT1FsSkVTWGhPTUUxNlRWUmpNMDU2WnpKTmFrazFUV2M5UFE9PQ==,D:\github\exoneracoes_nomeacoes_dou\LAKE\RJ\2024\04\DOERJ_PARTE_I_PODER_EXECUTIVO_2024-04-05.md,D:\github\exoneracoes_nomeacoes_dou\saida\RJ\DOERJ_2024.csv,5698
tem_numero,COELHO OLIVA ROSANSÍMBOLO DAS-8,COELHO OLIVA ROSANSÍMBOLO DAS-8,sim,COELHO OLIVA ROSANSÍMBOLO DAS-8:PER,RJ,2024-04-05,exoneracao,,,,,,Claudio Bomfim de Castro e Silva - Governador,Claudio Bomfim de Castro e Silva,Executivo estadual,https://www.ioerj.com.br/portal/modules/conteudoonline/mostra_edicao.php?session=VFhwRmVVNXFXVEJPVkZsMFQwUlJkMDlUTURCT2VteEZURlJuTTFGVVkzUk9ha0UwVVhwT1FsSkVTWGhPTUUxNlRWUmpNMDU2WnpKTmFrazFUV2M5UFE9PQ==,D:\github\exoneracoes_nomeacoes_dou\LAKE\RJ\2024\04\DOERJ_PARTE_I_PODER_EXECUTIVO_2024-04-05.md,D:\github\exoneracoes_nomeacoes_dou\saida\RJ\DOERJ_2024.csv,5701
tem_numero;termo_administrativo,ID FUNCIODAI-1,ID FUNCIODAI-1,sim,ID FUNCIODAI-1:PER,RJ,2024-04-05,nomeacao,para exercer o cargo em comissão de Ajudante I,do Gabinete do Secretário,,,,Claudio Bomfim de Castro e Silva - Governador,Claudio Bomfim de Castro e Silva,Executivo estadual,https://www.ioerj.com.br/portal/modules/conteudoonline/mostra_edicao.php?session=VFhwRmVVNXFXVEJPVkZsMFQwUlJkMDlUTURCT2VteEZURlJuTTFGVVkzUk9ha0UwVVhwT1FsSkVTWGhPTUUxNlRWUmpNMDU2WnpKTmFrazFUV2M5UFE9PQ==,D:\github\exoneracoes_nomeacoes_dou\LAKE\RJ\2024\04\DOERJ_PARTE_I_PODER_EXECUTIVO_2024-04-05.md,D:\github\exoneracoes_nomeacoes_dou\saida\RJ\DOERJ_2024.csv,5704
tem_numero;termo_administrativo,CUNHA SILVA EM COMISSÃO DE SÍMBOLO DAI-4,CUNHA SILVA EM COMISSÃO DE SÍMBOLO DAI-4,sim,CUNHA SILVA:PER,RJ,2024-04-04,exoneracao,do cargo Instituto ID,,,,,Claudio Bomfim de Castro e Silva - Governador,Claudio Bomfim de Castro e Silva,Executivo estadual,https://www.ioerj.com.br/portal/modules/conteudoonline/mostra_edicao.php?session=VVhwSmQwMTZZM2hOVlZGMFRtcEdSMDVwTURCTmEwbDVURlZKTVUxcVkzUk5NRVV4VVdwRmQwOVVSWGhOUlVrMFRWUmpNMDU2WnpKTmFsbDNUbmM5UFE9PQ==,D:\github\exoneracoes_nomeacoes_dou\LAKE\RJ\2024\04\DOERJ_PARTE_I_PODER_EXECUTIVO_2024-04-04.md,D:\github\exoneracoes_nomeacoes_dou\saida\RJ\DOERJ_2024.csv,5736
termo_administrativo,ID ADJUNTO II,ID ADJUNTO II,sim,ID ADJUNTO II:PER,RJ,2024-04-04,exoneracao,do cargo em comissão de Instituto Nº FUNCIONAL,,,,,Claudio Bomfim de Castro e Silva - Governador,Claudio Bomfim de Castro e Silva,Executivo estadual,https://www.ioerj.com.br/portal/modules/conteudoonline/mostra_edicao.php?session=VVhwSmQwMTZZM2hOVlZGMFRtcEdSMDVwTURCTmEwbDVURlZKTVUxcVkzUk5NRVV4VVdwRmQwOVVSWGhOUlVrMFRWUmpNMDU2WnpKTmFsbDNUbmM5UFE9PQ==,D:\github\exoneracoes_nomeacoes_dou\LAKE\RJ\2024\04\DOERJ_PARTE_I_PODER_EXECUTIVO_2024-04-04.md,D:\github\exoneracoes_nomeacoes_dou\saida\RJ\DOERJ_2024.csv,5747
tem_numero;termo_administrativo,ID. FUNCIONAL Nº 23016779... LEIA-SE,ID. FUNCIONAL Nº 23016779... LEIA-SE,sim,ID:LOC|Nº 23016779...:MISC|LEIA-SE:PER,RJ,2024-04-03,exoneracao,,,,,,Claudio Bomfim de Castro e Silva - Governador,Claudio Bomfim de Castro e Silva,Executivo estadual,https://www.ioerj.com.br/portal/modules/conteudoonline/mostra_edicao.php?session=VG1wSk5VNTZVVFZQVlUxMFRUQktSVTE1TURCUFZHeEZURlZGTUUxcVRYUk9WRVUwVDFST1IwOUVSVEZOVlUwd1RWUmpNMDU2WnpKTmFtTXlUa0U5UFE9PQ==,D:\github\exoneracoes_nomeacoes_dou\LAKE\RJ\2024\04\DOERJ_PARTE_I_PODER_EXECUTIVO_2024-04-03.md,D:\github\exoneracoes_nomeacoes_dou\saida\RJ\DOERJ_2024.csv,5853
tem_numero;termo_administrativo,ID. FUNCIONAL N° 23016779,ID. FUNCIONAL N° 23016779,sim,ID:LOC|Id:LOC|Funcional N:PER,RJ,2024-04-03,exoneracao,,,,,,Claudio Bomfim de Castro e Silva - Governador,Claudio Bomfim de Castro e Silva,Executivo estadual,https://www.ioerj.com.br/portal/modules/conteudoonline/mostra_edicao.php?session=VG1wSk5VNTZVVFZQVlUxMFRUQktSVTE1TURCUFZHeEZURlZGTUUxcVRYUk9WRVUwVDFST1IwOUVSVEZOVlUwd1RWUmpNMDU2WnpKTmFtTXlUa0U5UFE9PQ==,D:\github\exoneracoes_nomeacoes_dou\LAKE\RJ\2024\04\DOERJ_PARTE_I_PODER_EXECUTIVO_2024-04-03.md,D:\github\exoneracoes_nomeacoes_dou\saida\RJ\DOERJ_2024.csv,5854
termo_administrativo,LOTADA NA GERÊNCIA FINANCEIRA - GEFIN,LOTADA NA GERÊNCIA FINANCEIRA - GEFIN,sim,LOTADA NA:MISC|FINANCEIRA:ORG|Lotada:LOC|Gerência Financeira:LOC|Gefin:PER,RJ,2024-04-01,exoneracao,,,,,,Claudio Bomfim de Castro e Silva - Governador,Claudio Bomfim de Castro e Silva,Executivo estadual,https://www.ioerj.com.br/portal/modules/conteudoonline/mostra_edicao.php?session=VFhwV1FsSkVUVEJTYWtsMFRWUlZNRkZwTURCT2VteENURlZHUlZGNlFYUk5lazAxVFhwb1EwNVVTWHBSVkZrelRWUmpNMDU2WnpKTmVra3lUV2M5UFE9PQ==,D:\github\exoneracoes_nomeacoes_dou\LAKE\RJ\2024\04\DOERJ_PARTE_I_PODER_EXECUTIVO_2024-04-01.md,D:\github\exoneracoes_nomeacoes_dou\saida\RJ\DOERJ_2024.csv,5971
termo_administrativo,LOTADA NA GERÊNCIA DE MICRO E PEQUENAS EMPRESAS - GEMPE,LOTADA NA GERÊNCIA DE MICRO E PEQUENAS EMPRESAS - GEMPE,sim,LOTADA NA:MISC|GERÊNCIA DE MICRO:LOC|PEQUENAS EMPRESAS:ORG|Lotada:LOC|Gerência De Micro:LOC|Pequenas Empresas - Gempe:PER,RJ,2024-03-04,exoneracao,,,,,,Claudio Bomfim de Castro e Silva - Governador,Claudio Bomfim de Castro e Silva,Executivo estadual,https://www.ioerj.com.br/portal/modules/conteudoonline/mostra_edicao.php?session=VWtSTk1FMXJSVEZTVlZWMFRWVlplRkZwTURCTmFrbDNURlZLUTFKclJYUk9WR3N3VDFSWk5VNVZXWGhQUkU1RlRWUmpNMDU2WnpKT2FsRjZUVUU5UFE9PQ==,D:\github\exoneracoes_nomeacoes_dou\LAKE\RJ\2024\03\DOERJ_PARTE_I_PODER_EXECUTIVO_2024-03-04.md,D:\github\exoneracoes_nomeacoes_dou\saida\RJ\DOERJ_2024.csv,6500
termo_administrativo,LOTADA NA GERÊNCIA DE CONTROLADORIA - GECOL,LOTADA NA GERÊNCIA DE CONTROLADORIA - GECOL,sim,LOTADA NA:MISC|GERÊNCIA DE:LOC|Lotada:LOC|Gerência De Controladoria:LOC|Gecol:PER,RJ,2024-03-04,exoneracao,,,,,,Claudio Bomfim de Castro e Silva - Governador,Claudio Bomfim de Castro e Silva,Executivo estadual,https://www.ioerj.com.br/portal/modules/conteudoonline/mostra_edicao.php?session=VWtSTk1FMXJSVEZTVlZWMFRWVlplRkZwTURCTmFrbDNURlZLUTFKclJYUk9WR3N3VDFSWk5VNVZXWGhQUkU1RlRWUmpNMDU2WnpKT2FsRjZUVUU5UFE9PQ==,D:\github\exoneracoes_nomeacoes_dou\LAKE\RJ\2024\03\DOERJ_PARTE_I_PODER_EXECUTIVO_2024-03-04.md,D:\github\exoneracoes_nomeacoes_dou\saida\RJ\DOERJ_2024.csv,6501
termo_administrativo,LOTADA NA GERÊNCIA DE PLANEJAMENTO E GENTE GPLAN,LOTADA NA GERÊNCIA DE PLANEJAMENTO E GENTE GPLAN,sim,LOTADA NA:MISC|GERÊNCIA DE PLANEJAMENTO:LOC|GENTE GPLAN:PER,RJ,2024-03-04,exoneracao,,,,,,Claudio Bomfim de Castro e Silva - Governador,Claudio Bomfim de Castro e Silva,Executivo estadual,https://www.ioerj.com.br/portal/modules/conteudoonline/mostra_edicao.php?session=VWtSTk1FMXJSVEZTVlZWMFRWVlplRkZwTURCTmFrbDNURlZLUTFKclJYUk9WR3N3VDFSWk5VNVZXWGhQUkU1RlRWUmpNMDU2WnpKT2FsRjZUVUU5UFE9PQ==,D:\github\exoneracoes_nomeacoes_dou\LAKE\RJ\2024\03\DOERJ_PARTE_I_PODER_EXECUTIVO_2024-03-04.md,D:\github\exoneracoes_nomeacoes_dou\saida\RJ\DOERJ_2024.csv,6502
tem_numero;frase_administrativa;termo_administrativo,IGOR RIBEIRO PRADO - PROCESSO 0072483-20.2023.8.19.0001,IGOR RIBEIRO PRADO - PROCESSO 0072483-20.2023.8.19.0001,sim,IGOR RIBEIRO PRADO:PER,RJ,2024-02-23,nomeacao,,,,,,Claudio Bomfim de Castro e Silva - Governador,Claudio Bomfim de Castro e Silva,Executivo estadual,https://www.ioerj.com.br/portal/modules/conteudoonline/mostra_edicao.php?session=VWxWWmVrMUVTa05SZWxsMFQwVk5lVkpwTURCT1JGVXhURlJyZUZGclVYUlJlbEpGVGtSV1JVNHdUVFZPYWtVd1RWUmpNMDU2WnpKUFZFRXdUWGM5UFE9PQ==,D:\github\exoneracoes_nomeacoes_dou\LAKE\RJ\2024\02\DOERJ_PARTE_I_PODER_EXECUTIVO_2024-02-23.md,D:\github\exoneracoes_nomeacoes_dou\saida\RJ\DOERJ_2024.csv,6736
tem_numero,PROFESSOR DOCENTE I-18H,PROFESSOR DOCENTE I-18H,sim,PROFESSOR DOCENTE I-18H:MISC|Professor Docente I-18H:PER,RJ,2024-02-22,exoneracao,,,,,,Claudio Bomfim de Castro e Silva - Governador,Claudio Bomfim de Castro e Silva,Executivo estadual,https://www.ioerj.com.br/portal/modules/conteudoonline/mostra_edicao.php?session=VGtSVk1GSlVXa1JOYTFGMFVtdFpNbEpETURCU1JWSkRURlZGZDA1RlJYUlJla1UxVWtWS1FrNXFWWGhTUlVVMVRWUmpNMDU2WnpKUFZGVXpUV2M5UFE9PQ==,D:\github\exoneracoes_nomeacoes_dou\LAKE\RJ\2024\02\DOERJ_PARTE_I_PODER_EXECUTIVO_2024-02-22.md,D:\github\exoneracoes_nomeacoes_dou\saida\RJ\DOERJ_2024.csv,6741
tem_numero,PROFESSOR DOCENTE I-16H,PROFESSOR DOCENTE I-16H,sim,PROFESSOR DOCENTE I-16H:MISC|Professor Docente:PER,RJ,2024-02-21,exoneracao,,,,,,Claudio Bomfim de Castro e Silva - Governador,Claudio Bomfim de Castro e Silva,Executivo estadual,https://www.ioerj.com.br/portal/modules/conteudoonline/mostra_edicao.php?session=VFVSbk1rOUVVa0pTYTBsMFVXcFdSRTFETURCU2EwVXpURlZLUlU5RlZYUk9hMVV3VWtWWk5GRlZUVEZOYTFwRlRWUmpNMDU2WnpKUFZHTXpUMUU5UFE9PQ==,D:\github\exoneracoes_nomeacoes_dou\LAKE\RJ\2024\02\DOERJ_PARTE_I_PODER_EXECUTIVO_2024-02-21.md,D:\github\exoneracoes_nomeacoes_dou\saida\RJ\DOERJ_2024.csv,6774
tem_numero,PROFESSOR DOCENTE I-16H,PROFESSOR DOCENTE I-16H,sim,PROFESSOR DOCENTE I-16H:MISC|Professor Docente:PER,RJ,2024-02-16,exoneracao,,,,,,Claudio Bomfim de Castro e Silva - Governador,Claudio Bomfim de Castro e Silva,Executivo estadual,https://www.ioerj.com.br/portal/modules/conteudoonline/mostra_edicao.php?session=VGtSSk1GSnFhRU5QVkdOMFRVVlJlbEpUTURCTmVtUkZURlZLUjA1RlVYUk9SVkV6VFZWRk0wNUVRWGRQVlVVMVRWUmpNMDU2WnpOTlJHTjNUbWM5UFE9PQ==,D:\github\exoneracoes_nomeacoes_dou\LAKE\RJ\2024\02\DOERJ_PARTE_I_PODER_EXECUTIVO_2024-02-16.md,D:\github\exoneracoes_nomeacoes_dou\saida\RJ\DOERJ_2024.csv,6835
termo_administrativo,ASSISTENTE PREVIDENCIÁRIO,ASSISTENTE PREVIDENCIÁRIO,sim,PREVIDENCIÁRIO:LOC|Assistente Previdenciário:PER,RJ,2024-02-16,nomeacao,para exercer o cargo em comissão de Coordenador,,,,,Claudio Bomfim de Castro e Silva - Governador,Claudio Bomfim de Castro e Silva,Executivo estadual,https://www.ioerj.com.br/portal/modules/conteudoonline/mostra_edicao.php?session=VGtSSk1GSnFhRU5QVkdOMFRVVlJlbEpUTURCTmVtUkZURlZLUjA1RlVYUk9SVkV6VFZWRk0wNUVRWGRQVlVVMVRWUmpNMDU2WnpOTlJHTjNUbWM5UFE9PQ==,D:\github\exoneracoes_nomeacoes_dou\LAKE\RJ\2024\02\DOERJ_PARTE_I_PODER_EXECUTIVO_2024-02-16.md,D:\github\exoneracoes_nomeacoes_dou\saida\RJ\DOERJ_2024.csv,6847
tem_numero,PROFESSOR DOCENTE I-18H,PROFESSOR DOCENTE I-18H,sim,PROFESSOR DOCENTE I-18H:MISC|Professor Docente I-18H:PER,RJ,2024-02-15,exoneracao,,,,,,Claudio Bomfim de Castro e Silva - Governador,Claudio Bomfim de Castro e Silva,Executivo estadual,https://www.ioerj.com.br/portal/modules/conteudoonline/mostra_edicao.php?session=VFdwQk1VNXFTVFZTVlZWMFRXdE5lbEY1TURCTlJWRXpURlZKTUU1NlFYUlBWVVV4VFRCYVJrMUVhekZOZW1ONlRWUmpNMDU2WnpOTlJHY3lUbWM5UFE9PQ==,D:\github\exoneracoes_nomeacoes_dou\LAKE\RJ\2024\02\DOERJ_PARTE_I_PODER_EXECUTIVO_2024-02-15.md,D:\github\exoneracoes_nomeacoes_dou\saida\RJ\DOERJ_2024.csv,6888
tem_numero,PROFESSOR DOCENTE I-16H,PROFESSOR DOCENTE I-16H,sim,PROFESSOR DOCENTE I-16H:MISC|Professor Docente:PER,RJ,2024-02-15,exoneracao,,,,,,Claudio Bomfim de Castro e Silva - Governador,Claudio Bomfim de Castro e Silva,Executivo estadual,https://www.ioerj.com.br/portal/modules/conteudoonline/mostra_edicao.php?session=VFdwQk1VNXFTVFZTVlZWMFRXdE5lbEY1TURCTlJWRXpURlZKTUU1NlFYUlBWVVV4VFRCYVJrMUVhekZOZW1ONlRWUmpNMDU2WnpOTlJHY3lUbWM5UFE9PQ==,D:\github\exoneracoes_nomeacoes_dou\LAKE\RJ\2024\02\DOERJ_PARTE_I_PODER_EXECUTIVO_2024-02-15.md,D:\github\exoneracoes_nomeacoes_dou\saida\RJ\DOERJ_2024.csv,6889
tem_numero,PROFESSOR DOCENTE I-18H,PROFESSOR DOCENTE I-18H,sim,PROFESSOR DOCENTE I-18H:MISC|Professor Docente I-18H:PER,RJ,2024-02-15,exoneracao,,,,,,Claudio Bomfim de Castro e Silva - Governador,Claudio Bomfim de Castro e Silva,Executivo estadual,https://www.ioerj.com.br/portal/modules/conteudoonline/mostra_edicao.php?session=VFdwQk1VNXFTVFZTVlZWMFRXdE5lbEY1TURCTlJWRXpURlZKTUU1NlFYUlBWVVV4VFRCYVJrMUVhekZOZW1ONlRWUmpNMDU2WnpOTlJHY3lUbWM5UFE9PQ==,D:\github\exoneracoes_nomeacoes_dou\LAKE\RJ\2024\02\DOERJ_PARTE_I_PODER_EXECUTIVO_2024-02-15.md,D:\github\exoneracoes_nomeacoes_dou\saida\RJ\DOERJ_2024.csv,6890
tem_numero,AUID: 2542347 GUSTO MOTTA BUCH,AUID: 2542347 GUSTO MOTTA BUCH,sim,AUID:ORG|BUCH:ORG|Motta Buch:PER,RJ,2024-01-29,exoneracao,do cargo em comissão de Diretor Geral,do Departamento Geral de Inteligência,,,,Claudio Bomfim de Castro e Silva - Governador,Claudio Bomfim de Castro e Silva,Executivo estadual,https://www.ioerj.com.br/portal/modules/conteudoonline/mostra_edicao.php?session=VDBSTk5FNUVUVFJSYTFGMFRucEJOVTU1TURCT1ZVNUNURlJvUkU1clJYUk9WRnBGVG5wamVrNUVVWGhSYW1jelRWUmpNMDU2WnpOTmFtZDNUV2M5UFE9PQ==,D:\github\exoneracoes_nomeacoes_dou\LAKE\RJ\2024\01\DOERJ_PARTE_I_PODER_EXECUTIVO_2024-01-29.md,D:\github\exoneracoes_nomeacoes_dou\saida\RJ\DOERJ_2024.csv,7217
inicio_suspeito;termo_administrativo,VINCULADO À GERÊNCIA DE MICRO E PEQUENAS EMPRESAS - GEMPE,VINCULADO À GERÊNCIA DE MICRO E PEQUENAS EMPRESAS - GEMPE,sim,VINCULADO:LOC|PEQUENAS EMPRESAS:ORG|Gerência De Micro:LOC|Pequenas Empresas - Gempe:PER,RJ,2024-01-12,exoneracao,,,,,,Thiago Pampolha - Governador em exercicio,Thiago Pampolha,Vice-governadoria,https://www.ioerj.com.br/portal/modules/conteudoonline/mostra_edicao.php?session=VGtSWk1GRjZRa1ZQUkUxMFRrUmpOVTE1TURCUk1FNUVURlJuTkUxNlRYUlBWR2Q2VFdwTk5FMXJSVE5TYTA1Q1RWUmpNMDU2WnpOT1JFbDNUV2M5UFE9PQ==,D:\github\exoneracoes_nomeacoes_dou\LAKE\RJ\2024\01\DOERJ_PARTE_I_PODER_EXECUTIVO_2024-01-12.md,D:\github\exoneracoes_nomeacoes_dou\saida\RJ\DOERJ_2024.csv,7540
tem_numero;frase_administrativa,ISABEL ANDRADE LENGRUBE DE A CONTAR DE 02 DE,ISABEL ANDRADE LENGRUBE DE A CONTAR DE 02 DE,sim,ISABEL ANDRADE LENGRUBE:MISC|A CONTAR:MISC|Isabel Andrade Lengrube:PER,RJ,2024-01-11,nomeacao,,,,,,Claudio Bomfim de Castro e Silva - Governador,Claudio Bomfim de Castro e Silva,Executivo estadual,https://www.ioerj.com.br/portal/modules/conteudoonline/mostra_edicao.php?session=VDFSUmVVNUZUVEpTVkVWMFRYcHNRazVwTURCTlJHc3hURlZHUTA1RVkzUk9WRkY0VGtSV1ExRnJWa1JOZWtsNVRWUmpNMDU2WnpOT1JGRTBUMEU5UFE9PQ==,D:\github\exoneracoes_nomeacoes_dou\LAKE\RJ\2024\01\DOERJ_PARTE_I_PODER_EXECUTIVO_2024-01-11.md,D:\github\exoneracoes_nomeacoes_dou\saida\RJ\DOERJ_2024.csv,7570
tem_numero,JONATHAN NERES DA SILVA 51453053. PRO,JONATHAN NERES DA SILVA 51453053. PRO,sim,JONATHAN:MISC|Jonathan Neres:PER,RJ,2024-01-11,nomeacao,,,,,,Claudio Bomfim de Castro e Silva - Governador,Claudio Bomfim de Castro e Silva,Executivo estadual,https://www.ioerj.com.br/portal/modules/conteudoonline/mostra_edicao.php?session=VDFSUmVVNUZUVEpTVkVWMFRYcHNRazVwTURCTlJHc3hURlZHUTA1RVkzUk9WRkY0VGtSV1ExRnJWa1JOZWtsNVRWUmpNMDU2WnpOT1JGRTBUMEU5UFE9PQ==,D:\github\exoneracoes_nomeacoes_dou\LAKE\RJ\2024\01\DOERJ_PARTE_I_PODER_EXECUTIVO_2024-01-11.md,D:\github\exoneracoes_nomeacoes_dou\saida\RJ\DOERJ_2024.csv,7576
termo_administrativo,ASSISTENTE TÉCNICO DE TRÂNSITO,ASSISTENTE TÉCNICO DE TRÂNSITO,sim,TÉCNICO:MISC|TRÂNSITO:LOC|De Trânsito:PER,RJ,2025-12-26,exoneracao,,do Departamento de Trânsito do Estado do Rio de Janeiro - DETRAN/RJ,,,,Claudio Bomfim de Castro e Silva - Governador,Claudio Bomfim de Castro e Silva,Executivo estadual,https://www.ioerj.com.br/portal/modules/conteudoonline/mostra_edicao.php?session=VG10RmVGRjZRVFZPVlZGMFVXcFZlVkpUTURCT2VrNUhURlJvUkU5RVJYUk9hMHBHVFdwUk0wMVZTVEZTYWtaRVRWUmpNMDU2VlRWT1JGa3pUbEU5UFE9PQ==,D:\github\exoneracoes_nomeacoes_dou\LAKE\RJ\2025\12\DOERJ_PARTE_I_PODER_EXECUTIVO_2025-12-26.md,D:\github\exoneracoes_nomeacoes_dou\saida\RJ\DOERJ_2025.csv,23
termo_administrativo,LOTADO NA PRESIDÊNCIA - PRESI,LOTADO NA PRESIDÊNCIA - PRESI,sim,LOTADO NA:MISC|PRESIDÊNCIA:MISC|Presidência:MISC|Presi:PER,RJ,2025-11-26,exoneracao,,,,,,Claudio Bomfim de Castro e Silva - Governador,Claudio Bomfim de Castro e Silva,Executivo estadual,https://www.ioerj.com.br/portal/modules/conteudoonline/mostra_edicao.php?session=VFVWR1JFNHdXVFJPTUZWMFQwUlJlbEZUTURCT1JGSkRURlJyTVUwd1NYUk5WVTB6VFRCR1JFMHdSVE5PUlUwMVRWUmpNMDU2V1hkTlJFVXpUVkU5UFE9PQ==,D:\github\exoneracoes_nomeacoes_dou\LAKE\RJ\2025\11\DOERJ_PARTE_I_PODER_EXECUTIVO_2025-11-26.md,D:\github\exoneracoes_nomeacoes_dou\saida\RJ\DOERJ_2025.csv,620
termo_administrativo,ASSISTENTE TÉCNICO DE TRÂNSITO,ASSISTENTE TÉCNICO DE TRÂNSITO,sim,TÉCNICO:MISC|TRÂNSITO:LOC|De Trânsito:PER,RJ,2025-11-25,exoneracao,,do Departamento de Trânsito do Estado do Rio de Janeiro - DETRAN/RJ,,,,Claudio Bomfim de Castro e Silva - Governador,Claudio Bomfim de Castro e Silva,Executivo estadual,https://www.ioerj.com.br/portal/modules/conteudoonline/mostra_edicao.php?session=VW10YVJFMXFZelJOZWtWMFVXdEZlVkY1TURCUFJHTjZURlZLUjA5RVRYUlNWRVpDVFd0SmVVNUZTa1pPYTFwSFRWUmpNMDU2V1hkTlJGVjVUMUU5UFE9PQ==,D:\github\exoneracoes_nomeacoes_dou\LAKE\RJ\2025\11\DOERJ_PARTE_I_PODER_EXECUTIVO_2025-11-25.md,D:\github\exoneracoes_nomeacoes_dou\saida\RJ\DOERJ_2025.csv,622
tem_numero;inicio_suspeito;termo_administrativo,VINCULADO À PRESIDÊNCIA - PRESI. PROC. SEI-220002/000443/2025,VINCULADO À PRESIDÊNCIA - PRESI. PROC. SEI-220002/000443/2025,sim,VINCULADO:MISC|PRESIDÊNCIA:MISC|SEI-220002/000443/2025:PER,RJ,2025-11-25,exoneracao,,,,,,Claudio Bomfim de Castro e Silva - Governador,Claudio Bomfim de Castro e Silva,Executivo estadual,https://www.ioerj.com.br/portal/modules/conteudoonline/mostra_edicao.php?session=VW10YVJFMXFZelJOZWtWMFVXdEZlVkY1TURCUFJHTjZURlZLUjA5RVRYUlNWRVpDVFd0SmVVNUZTa1pPYTFwSFRWUmpNMDU2V1hkTlJGVjVUMUU5UFE9PQ==,D:\github\exoneracoes_nomeacoes_dou\LAKE\RJ\2025\11\DOERJ_PARTE_I_PODER_EXECUTIVO_2025-11-25.md,D:\github\exoneracoes_nomeacoes_dou\saida\RJ\DOERJ_2025.csv,649
tem_numero;frase_administrativa;termo_administrativo;muito_longo,LOTADA NA GERÊNCIA DE MICRO E PEQUENAS EMPRESAS - GEMPE. PROCESSO Nº SEI-220009/000367/2022,LOTADA NA GERÊNCIA DE MICRO E PEQUENAS EMPRESAS - GEMPE. PROCESSO Nº SEI-220009/000367/2022,sim,LOTADA NA:MISC|GERÊNCIA DE MICRO:LOC|PEQUENAS EMPRESAS:ORG|Nº SEI-220009/000367/2022:MISC|Lotada:LOC|Gerência De Micro:LOC|Pequenas Empresas - Gempe:PER,RJ,2025-11-24,exoneracao,,,,,,Claudio Bomfim de Castro e Silva - Governador,Claudio Bomfim de Castro e Silva,Executivo estadual,https://www.ioerj.com.br/portal/modules/conteudoonline/mostra_edicao.php?session=VDFSUmVrMXFTWHBPYWtGMFVXdE9SVkZUTURCU1ZWWkZURlZKZDFKRVRYUlJNRlY0VDFSWmVsRjZaM2RPYTFFMFRWUmpNMDU2V1hkTlJHTTFUVkU5UFE9PQ==,D:\github\exoneracoes_nomeacoes_dou\LAKE\RJ\2025\11\DOERJ_PARTE_I_PODER_EXECUTIVO_2025-11-24.md,D:\github\exoneracoes_nomeacoes_dou\saida\RJ\DOERJ_2025.csv,692
inicio_suspeito;termo_administrativo,VINCULADO À GERÊNCIA DE MICRO E PEQUENAS EMPRESAS - GEMPE,VINCULADO À GERÊNCIA DE MICRO E PEQUENAS EMPRESAS - GEMPE,sim,VINCULADO:LOC|PEQUENAS EMPRESAS:ORG|Gerência De Micro:LOC|Pequenas Empresas - Gempe:PER,RJ,2025-11-24,nomeacao,,,,,,Claudio Bomfim de Castro e Silva - Governador,Claudio Bomfim de Castro e Silva,Executivo estadual,https://www.ioerj.com.br/portal/modules/conteudoonline/mostra_edicao.php?session=VDFSUmVrMXFTWHBPYWtGMFVXdE9SVkZUTURCU1ZWWkZURlZKZDFKRVRYUlJNRlY0VDFSWmVsRjZaM2RPYTFFMFRWUmpNMDU2V1hkTlJHTTFUVkU5UFE9PQ==,D:\github\exoneracoes_nomeacoes_dou\LAKE\RJ\2025\11\DOERJ_PARTE_I_PODER_EXECUTIVO_2025-11-24.md,D:\github\exoneracoes_nomeacoes_dou\saida\RJ\DOERJ_2025.csv,693
tem_numero;frase_administrativa;termo_administrativo,DOCUMENTAÇÃO E MANUTENÇÃO -GEADM. PROCESSO Nº SEI220002/000275/2024,DOCUMENTAÇÃO E MANUTENÇÃO -GEADM. PROCESSO Nº SEI220002/000275/2024,sim,MANUTENÇÃO:MISC|Nº SEI220002/000275/2024:MISC|Documentação E Manutenção:MISC|Nº Sei220002/000275/2024:PER,RJ,2025-11-24,exoneracao,,,,,,Claudio Bomfim de Castro e Silva - Governador,Claudio Bomfim de Castro e Silva,Executivo estadual,https://www.ioerj.com.br/portal/modules/conteudoonline/mostra_edicao.php?session=VDFSUmVrMXFTWHBPYWtGMFVXdE9SVkZUTURCU1ZWWkZURlZKZDFKRVRYUlJNRlY0VDFSWmVsRjZaM2RPYTFFMFRWUmpNMDU2V1hkTlJHTTFUVkU5UFE9PQ==,D:\github\exoneracoes_nomeacoes_dou\LAKE\RJ\2025\11\DOERJ_PARTE_I_PODER_EXECUTIVO_2025-11-24.md,D:\github\exoneracoes_nomeacoes_dou\saida\RJ\DOERJ_2025.csv,694
tem_numero;frase_administrativa;termo_administrativo,CONTROLADORIA E ADMINISTRAÇÃO - DISOP. PROCESSO Nº SEI-220002/000451/2025,CONTROLADORIA E ADMINISTRAÇÃO - DISOP. PROCESSO Nº SEI-220002/000451/2025,sim,CONTROLADORIA E ADMINISTRAÇÃO:ORG|Nº SEI-220002/000451/2025:MISC|Controladoria:LOC|Disop:PER,RJ,2025-11-14,nomeacao,,,,,,Claudio Bomfim de Castro e Silva - Governador,Claudio Bomfim de Castro e Silva,Executivo estadual,https://www.ioerj.com.br/portal/modules/conteudoonline/mostra_edicao.php?session=VWtSak0xSlVaekJOYW1OMFRYcEdSazVETURCTmVrVjNURlZGTUUxclNYUlJhMWt5VGxWWk0wMHdXVEJTYTA1Q1RWUmpNMDU2V1hkTlZGbDVUV2M5UFE9PQ==,D:\github\exoneracoes_nomeacoes_dou\LAKE\RJ\2025\11\DOERJ_PARTE_I_PODER_EXECUTIVO_2025-11-14.md,D:\github\exoneracoes_nomeacoes_dou\saida\RJ\DOERJ_2025.csv,874
tem_numero;frase_administrativa;termo_administrativo,CONTROLADORIA E ADMINISTRAÇÃO - DISOP. PROCESSO Nº SEI-220002/000442/2025,CONTROLADORIA E ADMINISTRAÇÃO - DISOP. PROCESSO Nº SEI-220002/000442/2025,sim,CONTROLADORIA E ADMINISTRAÇÃO:ORG|Nº SEI-220002/000442/2025:MISC|Controladoria:LOC|Disop:PER,RJ,2025-11-06,nomeacao,,,,,,Claudio Bomfim de Castro e Silva - Governador,Claudio Bomfim de Castro e Silva,Executivo estadual,https://www.ioerj.com.br/portal/modules/conteudoonline/mostra_edicao.php?session=VW10Wk1sRlVaM2xPYW1kMFVsVktRazVUTURCU2FsVTBURlZKTkZGVWEzUlJWRUYzVW1wRk5VMVZVWGxOVkdjd1RWUmpNMDU2V1hkTmFtYzFUa0U5UFE9PQ==,D:\github\exoneracoes_nomeacoes_dou\LAKE\RJ\2025\11\DOERJ_PARTE_I_PODER_EXECUTIVO_2025-11-06.md,D:\github\exoneracoes_nomeacoes_dou\saida\RJ\DOERJ_2025.csv,1042
tem_numero;inicio_suspeito;frase_administrativa;termo_administrativo,VINCULADO À PRESIDÊNCIA - PRESI. PROCESSO Nº SEI-220002/000443/2025,VINCULADO À PRESIDÊNCIA - PRESI. PROCESSO Nº SEI-220002/000443/2025,sim,VINCULADO:MISC|PRESIDÊNCIA:MISC|Nº SEI-220002/000443/2025:MISC|À Presidência:MISC|Presi:PER,RJ,2025-11-05,nomeacao,,,,,,Claudio Bomfim de Castro e Silva - Governador,Claudio Bomfim de Castro e Silva,Executivo estadual,https://www.ioerj.com.br/portal/modules/conteudoonline/mostra_edicao.php?session=VFZSV1JVNVZXWGxPZWtGMFRsUm9SVTlUTURCT2Fsa3dURlJzUjAxcVRYUk9SVVV3VW1wVmVVOUZUa05SZWxwR1RWUmpNMDU2V1hkTmVra3hUV2M5UFE9PQ==,D:\github\exoneracoes_nomeacoes_dou\LAKE\RJ\2025\11\DOERJ_PARTE_I_PODER_EXECUTIVO_2025-11-05.md,D:\github\exoneracoes_nomeacoes_dou\saida\RJ\DOERJ_2025.csv,1105
tem_numero;inicio_suspeito;frase_administrativa;termo_administrativo,VINCULADO À PRESIDÊNCIA - PRESI. PROCESSO Nº SEI-220002/000415/2025,VINCULADO À PRESIDÊNCIA - PRESI. PROCESSO Nº SEI-220002/000415/2025,sim,VINCULADO:MISC|PRESIDÊNCIA:MISC|Nº SEI-220002/000415/2025:MISC|À Presidência:MISC|Presi:PER,RJ,2025-10-21,nomeacao,,,,,,Claudio Bomfim de Castro e Silva - Governador,Claudio Bomfim de Castro e Silva,Executivo estadual,https://www.ioerj.com.br/portal/modules/conteudoonline/mostra_edicao.php?session=VWxSck0xSnFWWGRPVkVGMFVUQldSazVUTURCTlZGRjNURlJyTUU1NlRYUk5la1pDVDFSUk1WRnJVWGhTVkZaRlRWUmpNMDU2V1hkT1ZHTTFUbWM5UFE9PQ==,D:\github\exoneracoes_nomeacoes_dou\LAKE\RJ\2025\10\DOERJ_PARTE_I_PODER_EXECUTIVO_2025-10-21.md,D:\github\exoneracoes_nomeacoes_dou\saida\RJ\DOERJ_2025.csv,1451
tem_numero;inicio_suspeito;frase_administrativa;termo_administrativo;muito_longo,DE ESTRATÉGIA CORPORATIVA E DE GESTÃO DE RISCOS -DIFIN. PROCESSO Nº SEI220002/000128/2024,DE ESTRATÉGIA CORPORATIVA E DE GESTÃO DE RISCOS -DIFIN. PROCESSO Nº SEI220002/000128/2024,sim,ESTRATÉGIA:ORG|RISCOS:MISC|PROCESSO Nº SEI220002/000128/2024:MISC|Estratégia Corporativa:ORG|De Gestão De Riscos:MISC|Nº Sei220002/000128/2024:PER,RJ,2025-10-20,exoneracao,,,,,,Claudio Bomfim de Castro e Silva - Governador,Claudio Bomfim de Castro e Silva,Executivo estadual,https://www.ioerj.com.br/portal/modules/conteudoonline/mostra_edicao.php?session=VFd0Uk5FMUVWWGhPVlVWMFVUQlZOVkZUTURCU1ZFbDNURlZLUTAxRVZYUlJha2w0VWxWSk1VNUVSVEpOZWxaRFRWUmpNMDU2V1hkT1ZHdDRUbmM5UFE9PQ==,D:\github\exoneracoes_nomeacoes_dou\LAKE\RJ\2025\10\DOERJ_PARTE_I_PODER_EXECUTIVO_2025-10-20.md,D:\github\exoneracoes_nomeacoes_dou\saida\RJ\DOERJ_2025.csv,1494
frase_administrativa;termo_administrativo,MERIANA MONTEIRO DE OLIVEIRA SILVA COM PELO PROCESSO Nº,MERIANA MONTEIRO DE OLIVEIRA SILVA COM PELO PROCESSO Nº,sim,MERIANA MONTEIRO DE OLIVEIRA SILVA:MISC|PROCESSO:ORG|Meriana Monteiro De Oliveira Silva:PER,RJ,2025-10-17,nomeacao,,,,,,Claudio Bomfim de Castro e Silva - Governador,Claudio Bomfim de Castro e Silva,Executivo estadual,https://www.ioerj.com.br/portal/modules/conteudoonline/mostra_edicao.php?session=VVdwcmVWSkZXa2RQUkdOMFVXcFpOVkpUTURCT1ZGRXpURlZLUTFGclJYUlBWVVpEVWtSQk5FNXFWa2RTUlZWNFRWUmpNMDU2V1hkT2FsRXpUVkU5UFE9PQ==,D:\github\exoneracoes_nomeacoes_dou\LAKE\RJ\2025\10\DOERJ_PARTE_I_PODER_EXECUTIVO_2025-10-17.md,D:\github\exoneracoes_nomeacoes_dou\saida\RJ\DOERJ_2025.csv,1545
tem_numero;inicio_suspeito;frase_administrativa;termo_administrativo,VINCULADO À PRESIDÊNCIA - PRESI. PROCESSO Nº SEI-220002/000414/2025,VINCULADO À PRESIDÊNCIA - PRESI. PROCESSO Nº SEI-220002/000414/2025,sim,VINCULADO:MISC|PRESIDÊNCIA:MISC|Nº SEI-220002/000414/2025:MISC|À Presidência:MISC|Presi:PER,RJ,2025-10-17,nomeacao,,,,,,Claudio Bomfim de Castro e Silva - Governador,Claudio Bomfim de Castro e Silva,Executivo estadual,https://www.ioerj.com.br/portal/modules/conteudoonline/mostra_edicao.php?session=VVdwcmVWSkZXa2RQUkdOMFVXcFpOVkpUTURCT1ZGRXpURlZLUTFGclJYUlBWVVpEVWtSQk5FNXFWa2RTUlZWNFRWUmpNMDU2V1hkT2FsRXpUVkU5UFE9PQ==,D:\github\exoneracoes_nomeacoes_dou\LAKE\RJ\2025\10\DOERJ_PARTE_I_PODER_EXECUTIVO_2025-10-17.md,D:\github\exoneracoes_nomeacoes_dou\saida\RJ\DOERJ_2025.csv,1549
termo_administrativo,ASSISTENTE TÉCNICO DE TRÂNSITO,ASSISTENTE TÉCNICO DE TRÂNSITO,sim,TÉCNICO:MISC|TRÂNSITO:LOC|De Trânsito:PER,RJ,2025-10-09,exoneracao,,do Departamento de Trânsito do Estado do Rio de Janeiro - DETRAN/RJ,,,,Claudio Bomfim de Castro e Silva - Governador,Claudio Bomfim de Castro e Silva,Executivo estadual,https://www.ioerj.com.br/portal/modules/conteudoonline/mostra_edicao.php?session=VDBSa1JrMUVVa1JPVkVsMFRrUktRMDFUTURCU2EwVjRURlZGTVZKRVZYUk9hMFpFVVRCUk1FMHdWVEJQVkZGNFRWUmpNMDU2V1hkUFJFRjRUa0U5UFE9PQ==,D:\github\exoneracoes_nomeacoes_dou\LAKE\RJ\2025\10\DOERJ_PARTE_I_PODER_EXECUTIVO_2025-10-09.md,D:\github\exoneracoes_nomeacoes_dou\saida\RJ\DOERJ_2025.csv,1909
tem_numero;frase_administrativa;termo_administrativo,LOTADA NA GERÊNCIA DE MARKETING - GMARK. PROCESSO Nº SEI-220009/000313/2022,LOTADA NA GERÊNCIA DE MARKETING - GMARK. PROCESSO Nº SEI-220009/000313/2022,sim,LOTADA NA:MISC|GERÊNCIA DE:LOC|GMARK:MISC|Nº SEI-220009/000313/2022:MISC|Lotada:LOC|Gerência De Marketing:LOC|Gmark:PER,RJ,2025-10-07,exoneracao,,,,,,Claudio Bomfim de Castro e Silva - Governador,Claudio Bomfim de Castro e Silva,Executivo estadual,https://www.ioerj.com.br/portal/modules/conteudoonline/mostra_edicao.php?session=VFVWUmVsSnJSVE5OTUZWMFVXdE9RazFwTURCUFZVWkVURlJyTkUwd1VYUk5hazAxVG5wU1EwOVVRVFJOYW1zeVRWUmpNMDU2V1hkUFJFazFUbWM5UFE9PQ==,D:\github\exoneracoes_nomeacoes_dou\LAKE\RJ\2025\10\DOERJ_PARTE_I_PODER_EXECUTIVO_2025-10-07.md,D:\github\exoneracoes_nomeacoes_dou\saida\RJ\DOERJ_2025.csv,2053
termo_administrativo,MARCUS VINICIUS LOURENÇO DE ASSIS O CARGO EM,MARCUS VINICIUS LOURENÇO DE ASSIS O CARGO EM,sim,MARCUS VINICIUS LOURENÇO DE ASSIS:MISC|CARGO:ORG|Marcus Vinicius Lourenço:PER,RJ,2025-08-14,nomeacao,,,,,,Claudio Bomfim de Castro e Silva - Governador,Claudio Bomfim de Castro e Silva,Executivo estadual,https://www.ioerj.com.br/portal/modules/conteudoonline/mostra_edicao.php?session=VW1wUk5FNXJWVEZSYWtGMFRYcEZlRTlETURCU2FtdDZURlZHUmsxRVJYUk5WRlpGVWxSVk1rNTZUa1pTUkVWNFRWUmpNMDU2V1hwT2VrMHpUMUU5UFE9PQ==,D:\github\exoneracoes_nomeacoes_dou\LAKE\RJ\2025\08\DOERJ_PARTE_I_PODER_EXECUTIVO_2025-08-14.md,D:\github\exoneracoes_nomeacoes_dou\saida\RJ\DOERJ_2025.csv,3588
termo_administrativo,ASSISTENTE TÉCNICO DE TRÂNSITO,ASSISTENTE TÉCNICO DE TRÂNSITO,sim,TÉCNICO:MISC|TRÂNSITO:LOC|De Trânsito:PER,RJ,2025-08-05,exoneracao,,do Departamento de Trânsito do Estado do Rio de Janeiro - DETRAN/RJ,,,,Claudio Bomfim de Castro e Silva - Governador,Claudio Bomfim de Castro e Silva,Executivo estadual,https://www.ioerj.com.br/portal/modules/conteudoonline/mostra_edicao.php?session=VVd0UmVsRnFWa1JPZWxGMFVWVktSbEY1TURCU1ZFMHpURlJuTlU5RlRYUk9hazVIVFhwRk5VNXFhM2xQUkZreVRWUmpNMDU2V1hwUFZHczFUbmM5UFE9PQ==,D:\github\exoneracoes_nomeacoes_dou\LAKE\RJ\2025\08\DOERJ_PARTE_I_PODER_EXECUTIVO_2025-08-05.md,D:\github\exoneracoes_nomeacoes_dou\saida\RJ\DOERJ_2025.csv,3868
inicio_suspeito;termo_administrativo,VINCULADO À GERÊNCIA DE COBRANÇA DE OPERAÇÕES DE CRÉDITO - GECOB,VINCULADO À GERÊNCIA DE COBRANÇA DE OPERAÇÕES DE CRÉDITO - GECOB,sim,VINCULADO:LOC|GECOB:MISC|Gerência De Cobrança:LOC|De Operações De Crédito:MISC|Gecob:PER,RJ,2025-07-24,exoneracao,,,,,,Claudio Bomfim de Castro e Silva - Governador,Claudio Bomfim de Castro e Silva,Executivo estadual,https://www.ioerj.com.br/portal/modules/conteudoonline/mostra_edicao.php?session=VGxWUk1FMUVWa1ZTUlUxMFRucGpORTE1TURCT2VrNUZURlZKTkU1VVJYUlBSVWt6VGxSWmVGSnJXVFJPZWtWNlRWUmpNMDU2V1RCTlZHZDVUbWM5UFE9PQ==,D:\github\exoneracoes_nomeacoes_dou\LAKE\RJ\2025\07\DOERJ_PARTE_I_PODER_EXECUTIVO_2025-07-24.md,D:\github\exoneracoes_nomeacoes_dou\saida\RJ\DOERJ_2025.csv,4211
termo_administrativo,CAMILA ARAÚJO MARTINS PROCÓPIO CARGO SÍMBOLO EM COMISSÃO DE ASSISTENTE,CAMILA ARAÚJO MARTINS PROCÓPIO CARGO SÍMBOLO EM COMISSÃO DE ASSISTENTE,sim,COMISSÃO DE ASSISTENTE:LOC|Camila Araújo Martins Procópio Cargo Símbolo:PER,RJ,2025-07-18,nomeacao,,da Subsecretaria Estado de Saúde,,,,Claudio Bomfim de Castro e Silva - Governador,Claudio Bomfim de Castro e Silva,Executivo estadual,https://www.ioerj.com.br/portal/modules/conteudoonline/mostra_edicao.php?session=VVZSSmQxSlVhRVJQVlVsMFRWVkZlVkpwTURCUk1GcENURlZLUlU0d1VYUk9NRlUxVDFSR1EwNVZSWHBPUlZFelRWUmpNMDU2V1RCTmFsVjNUWGM5UFE9PQ==,D:\github\exoneracoes_nomeacoes_dou\LAKE\RJ\2025\07\DOERJ_PARTE_I_PODER_EXECUTIVO_2025-07-18.md,D:\github\exoneracoes_nomeacoes_dou\saida\RJ\DOERJ_2025.csv,4262
inicio_suspeito;termo_administrativo,DESTA IMPRENSA OFICIAL DO ESTADO DO RIO DE JANEIRO - IOERJ,DESTA IMPRENSA OFICIAL DO ESTADO DO RIO DE JANEIRO - IOERJ,sim,IMPRENSA:MISC|OFICIAL:ORG|DO ESTADO DO RIO DE JANEIRO:MISC|IOERJ:ORG|Imprensa Oficial:MISC|Ioerj:PER,RJ,2025-07-15,nomeacao,,,,,,Claudio Bomfim de Castro e Silva - Governador,Claudio Bomfim de Castro e Silva,Executivo estadual,https://www.ioerj.com.br/portal/modules/conteudoonline/mostra_edicao.php?session=VG5wc1JWRlVZM2hTYW1kMFQxUnJlbEpUTURCT2FscEVURlZKTlUwd1NYUlNSRkY2VDBWRk1FNXFUa0pPVlUwd1RWUmpNMDU2V1RCTmVrVTBUMUU5UFE9PQ==,D:\github\exoneracoes_nomeacoes_dou\LAKE\RJ\2025\07\DOERJ_PARTE_I_PODER_EXECUTIVO_2025-07-15.md,D:\github\exoneracoes_nomeacoes_dou\saida\RJ\DOERJ_2025.csv,4386
termo_administrativo,HUGO FERREIRA DA SILVA MISSÃO CHEFE SERVIÇO,HUGO FERREIRA DA SILVA MISSÃO CHEFE SERVIÇO,sim,HUGO FERREIRA DA SILVA:MISC|Hugo Ferreira Da Silva Missão Chefe Serviço:PER,RJ,2025-07-03,nomeacao,para exercer o cargo em co- DAI-6,,,,,Claudio Bomfim de Castro e Silva - Governador,Claudio Bomfim de Castro e Silva,Executivo estadual,https://www.ioerj.com.br/portal/modules/conteudoonline/mostra_edicao.php?session=VVdwSk0xRXdXVFZPYTAxMFRsUmtSVTlUTURCUFZGRXlURlZLUWxGVVkzUk9WVkV3VDFWSk1rNVVWa1ZQUlZrd1RWUmpNMDU2V1RCT1JGRjVUMUU5UFE9PQ==,D:\github\exoneracoes_nomeacoes_dou\LAKE\RJ\2025\07\DOERJ_PARTE_I_PODER_EXECUTIVO_2025-07-03.md,D:\github\exoneracoes_nomeacoes_dou\saida\RJ\DOERJ_2025.csv,4575
frase_administrativa,COMPOSTA PELOS SEGUINTES MEMBROS: - EDNEWTON SOUZA DAS VIRGENS,COMPOSTA PELOS SEGUINTES MEMBROS: - EDNEWTON SOUZA DAS VIRGENS,sim,COMPOSTA:ORG|SEGUINTES MEMBROS:ORG|Composta Pelos Seguintes Membros:ORG|Ednewton Souza Das Virgens:PER,RJ,2025-06-30,nomeacao,,da Autarquia de Proteção e Defesa do Consumidor - Procon-RJ,,,,Claudio Bomfim de Castro e Silva - Governador,Claudio Bomfim de Castro e Silva,Executivo estadual,https://www.ioerj.com.br/portal/modules/conteudoonline/mostra_edicao.php?session=VGxSamQwOVVRa1JPZWtsMFRYcHNSbEpUTURCTmVtUkZURlZLUjAxNlZYUlJha1pFVWxWR1JrMUVRWHBOYWs1R1RWUmpNMDU2V1RCT1ZGVXhUbEU5UFE9PQ==,D:\github\exoneracoes_nomeacoes_dou\LAKE\RJ\2025\06\DOERJ_PARTE_I_PODER_EXECUTIVO_2025-06-30.md,D:\github\exoneracoes_nomeacoes_dou\saida\RJ\DOERJ_2025.csv,4725
inicio_suspeito,QUE ATUARÃO COMO PONTO FOCAL PARA IMPLANTAÇÃO,QUE ATUARÃO COMO PONTO FOCAL PARA IMPLANTAÇÃO,sim,ATUARÃO:PER,RJ,2025-06-17,nomeacao,,,,,,Claudio Bomfim de Castro e Silva - Governador,Claudio Bomfim de Castro e Silva,Executivo estadual,https://www.ioerj.com.br/portal/modules/conteudoonline/mostra_edicao.php?session=VGtWR1ExRjZSVE5QUlZsMFRXdE9SVTFUTURCU2Fsa3hURlJyTTAxcVozUk9WRTEzVVRCR1FrMXFSVFZQUkd4R1RWUmpNMDU2V1RCT2VrRTBUVkU5UFE9PQ==,D:\github\exoneracoes_nomeacoes_dou\LAKE\RJ\2025\06\DOERJ_PARTE_I_PODER_EXECUTIVO_2025-06-17.md,D:\github\exoneracoes_nomeacoes_dou\saida\RJ\DOERJ_2025.csv,4841
inicio_suspeito,QUE ATUARÃO COMO PONTO FOCAL PARA IMPLANTAÇÃO,QUE ATUARÃO COMO PONTO FOCAL PARA IMPLANTAÇÃO,sim,ATUARÃO:PER,RJ,2025-06-06,nomeacao,,,,,,Claudio Bomfim de Castro e Silva - Governador,Claudio Bomfim de Castro e Silva,Executivo estadual,https://www.ioerj.com.br/portal/modules/conteudoonline/mostra_edicao.php?session=VWtWUk1VMUZVa1ZTVkZsMFRtdE9SazE1TURCTlZHZDVURlJvUTA1RVZYUk5SR2hIVDFSWk1GRnFSa05PUkd0NlRWUmpNMDU2V1RCUFJGVXlUMEU5UFE9PQ==,D:\github\exoneracoes_nomeacoes_dou\LAKE\RJ\2025\06\DOERJ_PARTE_I_PODER_EXECUTIVO_2025-06-06.md,D:\github\exoneracoes_nomeacoes_dou\saida\RJ\DOERJ_2025.csv,5113
inicio_suspeito;frase_administrativa;termo_administrativo,SERVIDORES PÚBLICOS,SERVIDORES PÚBLICOS,sim,PÚBLICOS:LOC|Servidores Públicos:PER,RJ,2025-06-06,nomeacao,,,,,,Claudio Bomfim de Castro e Silva - Governador,Claudio Bomfim de Castro e Silva,Executivo estadual,https://www.ioerj.com.br/portal/modules/conteudoonline/mostra_edicao.php?session=VWtWUk1VMUZVa1ZTVkZsMFRtdE9SazE1TURCTlZHZDVURlJvUTA1RVZYUk5SR2hIVDFSWk1GRnFSa05PUkd0NlRWUmpNMDU2V1RCUFJGVXlUMEU5UFE9PQ==,D:\github\exoneracoes_nomeacoes_dou\LAKE\RJ\2025\06\DOERJ_PARTE_I_PODER_EXECUTIVO_2025-06-06.md,D:\github\exoneracoes_nomeacoes_dou\saida\RJ\DOERJ_2025.csv,5114
tem_numero;termo_administrativo,CAIO CESAR FERRAZ SALIM PEREIRA - MATRÍCULA 2097,CAIO CESAR FERRAZ SALIM PEREIRA - MATRÍCULA 2097,sim,CAIO CESAR:PER,RJ,2025-05-21,nomeacao,para exercer o Cargo de Chefe da Divisão Administrativa,,,,,Claudio Bomfim de Castro e Silva - Governador,Claudio Bomfim de Castro e Silva,Executivo estadual,https://www.ioerj.com.br/portal/modules/conteudoonline/mostra_edicao.php?session=VW1wbk1rNVVaM2hTUkZGMFVWVkpORTVETURCT1JFRjZURlJyZVUxNlVYUk9WVVpDVGtSTmQxRnFWa2RTYTFwR1RWUmpNMDU2V1RGTmFra3hUMEU5UFE9PQ==,D:\github\exoneracoes_nomeacoes_dou\LAKE\RJ\2025\05\DOERJ_PARTE_I_PODER_EXECUTIVO_2025-05-21.md,D:\github\exoneracoes_nomeacoes_dou\saida\RJ\DOERJ_2025.csv,5517
termo_administrativo,ASSISTENTE TÉCNICO DE TRÂNSITO,ASSISTENTE TÉCNICO DE TRÂNSITO,sim,TÉCNICO:MISC|TRÂNSITO:LOC|De Trânsito:PER,RJ,2025-03-19,exoneracao,,do Departamento de Trânsito do Estado do Rio de Janeiro - DETRAN/RJ,,,,Claudio Bomfim de Castro e Silva - Governador,Claudio Bomfim de Castro e Silva,Executivo estadual,https://www.ioerj.com.br/portal/modules/conteudoonline/mostra_edicao.php?session=VW1wRmVrNVZSWGRTYW1kMFRUQlZlazU1TURCU1JFVjVURlJyTUU5VVRYUk5WRTB3VWxSVk5VMVZVa1JQUlUxNlRWUmpNMDU2V1RKT1JFa3dUa0U5UFE9PQ==,D:\github\exoneracoes_nomeacoes_dou\LAKE\RJ\2025\03\DOERJ_PARTE_I_PODER_EXECUTIVO_2025-03-19.md,D:\github\exoneracoes_nomeacoes_dou\saida\RJ\DOERJ_2025.csv,6677
termo_administrativo,ASSISTENTE TÉCNICO DE TRÂNSITO,ASSISTENTE TÉCNICO DE TRÂNSITO,sim,TÉCNICO:MISC|TRÂNSITO:LOC|De Trânsito:PER,RJ,2025-03-17,exoneracao,,do Departamento de Trânsito do Estado do Rio de Janeiro - DETRAN/RJ,,,,Claudio Bomfim de Castro e Silva - Governador,Claudio Bomfim de Castro e Silva,Executivo estadual,https://www.ioerj.com.br/portal/modules/conteudoonline/mostra_edicao.php?session=VVRCSk1rMVZSa1ZOZWxWMFQwUm9SMDFETURCTlZFMHpURlZKZWs1VldYUlJWRUV6VW1wWk1rNVVZM2hTVkdSRlRWUmpNMDU2V1RKT1JHTXhUMUU5UFE9PQ==,D:\github\exoneracoes_nomeacoes_dou\LAKE\RJ\2025\03\DOERJ_PARTE_I_PODER_EXECUTIVO_2025-03-17.md,D:\github\exoneracoes_nomeacoes_dou\saida\RJ\DOERJ_2025.csv,6790
termo_administrativo,ASSISTENTE TÉCNICO DE TRÂNSITO,ASSISTENTE TÉCNICO DE TRÂNSITO,sim,TÉCNICO:MISC|TRÂNSITO:LOC|De Trânsito:PER,RJ,2025-02-20,exoneracao,,do Departamento de Trânsito do Estado do Rio de Janeiro - DETRAN/RJ,,,,Claudio Bomfim de Castro e Silva - Governador,Claudio Bomfim de Castro e Silva,Executivo estadual,https://www.ioerj.com.br/portal/modules/conteudoonline/mostra_edicao.php?session=VFVWTk1WSnJUa0pOYWxsMFRsVkZNRTVETURCU2FrVXlURlZLUkUxcWEzUlNhbFUxVVhwa1IwMUVUWGRSYWtKR1RWUmpNMDU2V1ROTlJHZDVUbEU5UFE9PQ==,D:\github\exoneracoes_nomeacoes_dou\LAKE\RJ\2025\02\DOERJ_PARTE_I_PODER_EXECUTIVO_2025-02-20.md,D:\github\exoneracoes_nomeacoes_dou\saida\RJ\DOERJ_2025.csv,7337
termo_administrativo,ASSISTENTE TÉCNICO DE TRÂNSITO,ASSISTENTE TÉCNICO DE TRÂNSITO,sim,TÉCNICO:MISC|TRÂNSITO:LOC|De Trânsito:PER,RJ,2025-02-20,exoneracao,,do Departamento de Trânsito do Estado do Rio de Janeiro - DETRAN/RJ,,,,Claudio Bomfim de Castro e Silva - Governador,Claudio Bomfim de Castro e Silva,Executivo estadual,https://www.ioerj.com.br/portal/modules/conteudoonline/mostra_edicao.php?session=VFVWTk1WSnJUa0pOYWxsMFRsVkZNRTVETURCU2FrVXlURlZLUkUxcWEzUlNhbFUxVVhwa1IwMUVUWGRSYWtKR1RWUmpNMDU2V1ROTlJHZDVUbEU5UFE9PQ==,D:\github\exoneracoes_nomeacoes_dou\LAKE\RJ\2025\02\DOERJ_PARTE_I_PODER_EXECUTIVO_2025-02-20.md,D:\github\exoneracoes_nomeacoes_dou\saida\RJ\DOERJ_2025.csv,7338
tem_numero;inicio_suspeito;frase_administrativa;termo_administrativo;muito_longo,VINCULADA À GERÊNCIA DE COBRANÇA DE OPERAÇÕES DE CRÉDITO - GECOB. PROCESSO Nº SEI-220002/000129/2024,VINCULADA À GERÊNCIA DE COBRANÇA DE OPERAÇÕES DE CRÉDITO - GECOB. PROCESSO Nº SEI-220002/000129/2024,sim,GECOB:MISC|Vinculada:LOC|Gerência De Cobrança:LOC|De Operações De Crédito:MISC|Gecob:PER,RJ,2025-02-18,nomeacao,,,,,,Claudio Bomfim de Castro e Silva - Governador,Claudio Bomfim de Castro e Silva,Executivo estadual,https://www.ioerj.com.br/portal/modules/conteudoonline/mostra_edicao.php?session=VVZWWk5GSlZUWGhSVkdkMFRUQlJlazFETURCU1JFazFURlJuTTA1NldYUk5SRnBGVVdwWk1sSkViRVJOTUZVeFRWUmpNMDU2V1ROTlZFMDFUWGM5UFE9PQ==,D:\github\exoneracoes_nomeacoes_dou\LAKE\RJ\2025\02\DOERJ_PARTE_I_PODER_EXECUTIVO_2025-02-18.md,D:\github\exoneracoes_nomeacoes_dou\saida\RJ\DOERJ_2025.csv,7420
inicio_suspeito;termo_administrativo,VINCULADA À GEGOV - GERÊNCIA DE GOVERNANÇA E,VINCULADA À GEGOV - GERÊNCIA DE GOVERNANÇA E,sim,VINCULADA À GEGOV:MISC|GOVERNANÇA:ORG|Vinculada:LOC|Gegov:ORG|Gerência De Governança:PER,RJ,2025-02-18,nomeacao,,,,,,Claudio Bomfim de Castro e Silva - Governador,Claudio Bomfim de Castro e Silva,Executivo estadual,https://www.ioerj.com.br/portal/modules/conteudoonline/mostra_edicao.php?session=VVZWWk5GSlZUWGhSVkdkMFRUQlJlazFETURCU1JFazFURlJuTTA1NldYUk5SRnBGVVdwWk1sSkViRVJOTUZVeFRWUmpNMDU2V1ROTlZFMDFUWGM5UFE9PQ==,D:\github\exoneracoes_nomeacoes_dou\LAKE\RJ\2025\02\DOERJ_PARTE_I_PODER_EXECUTIVO_2025-02-18.md,D:\github\exoneracoes_nomeacoes_dou\saida\RJ\DOERJ_2025.csv,7421
tem_numero;frase_administrativa;termo_administrativo;muito_longo,ACOMPANHAMENTO DAS OPERAÇÕES DE CRÉDITO E FUNDES. (REFERÊNCIA: PROCESSO Nº SEI220002/000054/2025),ACOMPANHAMENTO DAS OPERAÇÕES DE CRÉDITO E FUNDES. (REFERÊNCIA: PROCESSO Nº SEI220002/000054/2025),sim,ACOMPANHAMENTO DAS OPERAÇÕES DE CRÉDITO:MISC|FUNDES:ORG|REFERÊNCIA:ORG|PROCESSO Nº SEI220002/000054/2025:MISC|Acompanhamento Das Operações De Crédito:PER,RJ,2025-02-05,nomeacao,,,,,,Claudio Bomfim de Castro e Silva - Governador,Claudio Bomfim de Castro e Silva,Executivo estadual,https://www.ioerj.com.br/portal/modules/conteudoonline/mostra_edicao.php?session=VDBSck5VOUZWWGRSYTFGMFRsVkZkMDVUTURCTlZGRjNURlZHUms1cVkzUlBSVlUxVFZWSk0wNUVWa05OUkU1R1RWUmpNMDU2V1ROUFZGbDVUbmM5UFE9PQ==,D:\github\exoneracoes_nomeacoes_dou\LAKE\RJ\2025\02\DOERJ_PARTE_I_PODER_EXECUTIVO_2025-02-05.md,D:\github\exoneracoes_nomeacoes_dou\saida\RJ\DOERJ_2025.csv,7821
inicio_suspeito;termo_administrativo,SERVIDOR RESPONSÁVEL PELOS ATOS INDICADOS NO CAPUT DESTE ARTIGO,SERVIDOR RESPONSÁVEL PELOS ATOS INDICADOS NO CAPUT DESTE ARTIGO,sim,SERVIDOR RESPONSÁVEL:MISC|PELOS:ORG|CAPUT DESTE ARTIGO:MISC|Servidor Responsável Pelos:PER,RJ,2025-01-10,nomeacao,,,,,,Claudio Bomfim de Castro e Silva - Governador,Claudio Bomfim de Castro e Silva,Executivo estadual,https://www.ioerj.com.br/portal/modules/conteudoonline/mostra_edicao.php?session=VFdwamVGSkVZek5OUkdkMFRUQkpNRTlETURCTlZGWkVURlJyZDA0d1ZYUk5WVmt6VVZSbmVGSkVRWGhSTUUwMVRWUmpNMDU2V1RST2VrbDNUa0U5UFE9PQ==,D:\github\exoneracoes_nomeacoes_dou\LAKE\RJ\2025\01\DOERJ_PARTE_I_PODER_EXECUTIVO_2025-01-10.md,D:\github\exoneracoes_nomeacoes_dou\saida\RJ\DOERJ_2025.csv,8403
termo_administrativo,ASSISTENTE TÉCNICO DE TRÂNSITO,ASSISTENTE TÉCNICO DE TRÂNSITO,sim,TÉCNICO:MISC|TRÂNSITO:LOC|De Trânsito:PER,RJ,2025-01-10,exoneracao,,do Departamento de Trânsito do Estado do Rio de Janeiro - DETRAN/RJ,,,,Claudio Bomfim de Castro e Silva - Governador,Claudio Bomfim de Castro e Silva,Executivo estadual,https://www.ioerj.com.br/portal/modules/conteudoonline/mostra_edicao.php?session=VFdwamVGSkVZek5OUkdkMFRUQkpNRTlETURCTlZGWkVURlJyZDA0d1ZYUk5WVmt6VVZSbmVGSkVRWGhSTUUwMVRWUmpNMDU2V1RST2VrbDNUa0U5UFE9PQ==,D:\github\exoneracoes_nomeacoes_dou\LAKE\RJ\2025\01\DOERJ_PARTE_I_PODER_EXECUTIVO_2025-01-10.md,D:\github\exoneracoes_nomeacoes_dou\saida\RJ\DOERJ_2025.csv,8407
termo_administrativo,ASSISTENTE TÉCNICO DE TRÂNSITO,ASSISTENTE TÉCNICO DE TRÂNSITO,sim,TÉCNICO:MISC|TRÂNSITO:LOC|De Trânsito:PER,RJ,2025-01-10,exoneracao,,do Departamento de Trânsito do Estado do Rio de Janeiro - DETRAN/RJ,,,,Claudio Bomfim de Castro e Silva - Governador,Claudio Bomfim de Castro e Silva,Executivo estadual,https://www.ioerj.com.br/portal/modules/conteudoonline/mostra_edicao.php?session=VFdwamVGSkVZek5OUkdkMFRUQkpNRTlETURCTlZGWkVURlJyZDA0d1ZYUk5WVmt6VVZSbmVGSkVRWGhSTUUwMVRWUmpNMDU2V1RST2VrbDNUa0U5UFE9PQ==,D:\github\exoneracoes_nomeacoes_dou\LAKE\RJ\2025\01\DOERJ_PARTE_I_PODER_EXECUTIVO_2025-01-10.md,D:\github\exoneracoes_nomeacoes_dou\saida\RJ\DOERJ_2025.csv,8408
termo_administrativo,ASSISTENTE SOCIAL,ASSISTENTE SOCIAL,sim,Assistente Social:PER,RJ,2025-12-30,nomeacao,,,,Secretario,5,Claudio Bomfim de Castro e Silva - Governador,Claudio Bomfim de Castro e Silva,Executivo estadual,https://www.ioerj.com.br/portal/modules/conteudoonline/mostra_edicao.php?session=VWxSRmQxRlVXVE5OYTFGMFRqQkZORkpwTURCUFZFbDRURlZKTUUxclVYUk5WVmwzVWtSRmQwNUVSa1ZTYW1oRFRWUmpNMDlFUVROUFZHTTFUMEU5UFE9PQ==,D:\github\exoneracoes_nomeacoes_dou\LAKE\RJ\2025\12\DOERJ_PARTE_I_PODER_EXECUTIVO_COMPLEMENTAR_2_2025-12-30.md,D:\github\exoneracoes_nomeacoes_dou\saida\RJ\DOERJ_2025.csv,8745
tem_numero;inicio_suspeito;frase_administrativa;termo_administrativo;muito_longo,DE ESTRATÉGIA CORPORATIVA E DE GESTÃO DE RISCOS - DIFIN PROCESSO Nº SEI-220002/000450/2025,DE ESTRATÉGIA CORPORATIVA E DE GESTÃO DE RISCOS - DIFIN PROCESSO Nº SEI-220002/000450/2025,sim,ESTRATÉGIA:ORG|RISCOS:MISC|Estratégia Corporativa:ORG|De Gestão De Riscos:MISC|Difin Processo Nº:PER,RJ,2025-11-13,nomeacao,,,,Secretario,5,Claudio Bomfim de Castro e Silva - Governador,Claudio Bomfim de Castro e Silva,Executivo estadual,https://www.ioerj.com.br/portal/modules/conteudoonline/mostra_edicao.php?session=VDBST1JVMTZiRVZOVkUxMFRucHJOVTVETURCTmEwMHdURlZLUkU5RVZYUk9NRWwzVG1wSk1sRjZXVEJPZWxKR1RWUmpNMDlFUVRSTlZGRXdUbWM5UFE9PQ==,D:\github\exoneracoes_nomeacoes_dou\LAKE\RJ\2025\11\DOERJ_PARTE_I_PODER_EXECUTIVO_COMPLEMENTAR_2_2025-11-13.md,D:\github\exoneracoes_nomeacoes_dou\saida\RJ\DOERJ_2025.csv,8833
inicio_suspeito;termo_administrativo,VINCULADO À PRESIDÊNCIA - PRESI,VINCULADO À PRESIDÊNCIA - PRESI,indisponivel,,RJ,2026-01-07,exoneracao,,,,Secretario,5,Claudio Bomfim de Castro e Silva - Governador,Claudio Bomfim de Castro e Silva,Executivo estadual,,D:\github\exoneracoes_nomeacoes_dou\LAKE\RJ\2026\01\DOERJ_PARTE_I_PODER_EXECUTIVO_2026-01-07.md,D:\github\exoneracoes_nomeacoes_dou\saida\RJ\DOERJ_2026.csv,123
termo_administrativo,ASSISTENTE TÉCNICO DE TRÂNSITO,ASSISTENTE TÉCNICO DE TRÂNSITO,indisponivel,,RJ,2026-01-08,exoneracao,,do Departamento de Trânsito do Estado do Rio de Janeiro - DETRAN/RJ,,Governador,1,Claudio Bomfim de Castro e Silva - Governador,Claudio Bomfim de Castro e Silva,Executivo estadual,,D:\github\exoneracoes_nomeacoes_dou\LAKE\RJ\2026\01\DOERJ_PARTE_I_PODER_EXECUTIVO_2026-01-08.md,D:\github\exoneracoes_nomeacoes_dou\saida\RJ\DOERJ_2026.csv,124
termo_administrativo,ASSISTENTE SOCIAL,ASSISTENTE SOCIAL,indisponivel,,RJ,2026-01-19,nomeacao,,,,Secretario,5,Claudio Bomfim de Castro e Silva - Governador,Claudio Bomfim de Castro e Silva,Executivo estadual,,D:\github\exoneracoes_nomeacoes_dou\LAKE\RJ\2026\01\DOERJ_PARTE_I_PODER_EXECUTIVO_2026-01-19.md,D:\github\exoneracoes_nomeacoes_dou\saida\RJ\DOERJ_2026.csv,423
termo_administrativo,ASSISTENTE TÉCNICO ADMINISTRATIVO,ASSISTENTE TÉCNICO ADMINISTRATIVO,indisponivel,,RJ,2026-01-21,exoneracao,,do Departamento de Trânsito do Estado do Rio de Janeiro - DETRAN/RJ,,Governador,1,Claudio Bomfim de Castro e Silva - Governador,Claudio Bomfim de Castro e Silva,Executivo estadual,,D:\github\exoneracoes_nomeacoes_dou\LAKE\RJ\2026\01\DOERJ_PARTE_I_PODER_EXECUTIVO_2026-01-21.md,D:\github\exoneracoes_nomeacoes_dou\saida\RJ\DOERJ_2026.csv,424
tem_numero;inicio_suspeito;frase_administrativa;termo_administrativo;muito_longo,VINCULADA À GERÊNCIA DE TECNOLOGIA DA INFORMAÇÃO - GEATI. PROCESSO Nº SEI- 220002/000022/2026,VINCULADA À GERÊNCIA DE TECNOLOGIA DA INFORMAÇÃO - GEATI. PROCESSO Nº SEI- 220002/000022/2026,indisponivel,,RJ,2026-01-22,nomeacao,,,,Secretario,5,Claudio Bomfim de Castro e Silva - Governador,Claudio Bomfim de Castro e Silva,Executivo estadual,,D:\github\exoneracoes_nomeacoes_dou\LAKE\RJ\2026\01\DOERJ_PARTE_I_PODER_EXECUTIVO_2026-01-22.md,D:\github\exoneracoes_nomeacoes_dou\saida\RJ\DOERJ_2026.csv,499
inicio_suspeito;termo_administrativo,VINCULADO À GERÊNCIA DE INFRAESTRUTURA DE TECNOLOGIA - GEINF,VINCULADO À GERÊNCIA DE INFRAESTRUTURA DE TECNOLOGIA - GEINF,indisponivel,,RJ,2026-01-29,exoneracao,,,,Secretario,5,Claudio Bomfim de Castro e Silva - Governador,Claudio Bomfim de Castro e Silva,Executivo estadual,,D:\github\exoneracoes_nomeacoes_dou\LAKE\RJ\2026\01\DOERJ_PARTE_I_PODER_EXECUTIVO_2026-01-29.md,D:\github\exoneracoes_nomeacoes_dou\saida\RJ\DOERJ_2026.csv,667
inicio_suspeito;termo_administrativo,CONFORME PRECEITUA O,CONFORME PRECEITUA O,indisponivel,,RJ,2026-01-30,nomeacao,,,,Secretario,5,Claudio Bomfim de Castro e Silva - Governador,Claudio Bomfim de Castro e Silva,Executivo estadual,,D:\github\exoneracoes_nomeacoes_dou\LAKE\RJ\2026\01\DOERJ_PARTE_I_PODER_EXECUTIVO_2026-01-30.md,D:\github\exoneracoes_nomeacoes_dou\saida\RJ\DOERJ_2026.csv,697
inicio_suspeito;termo_administrativo,VINCULADA À GECLA - GERÊNCIA DE CONTRATOS E LICITAÇÕES,VINCULADA À GECLA - GERÊNCIA DE CONTRATOS E LICITAÇÕES,indisponivel,,RJ,2026-02-02,exoneracao,,,,Secretario,5,Claudio Bomfim de Castro e Silva - Governador,Claudio Bomfim de Castro e Silva,Executivo estadual,,D:\github\exoneracoes_nomeacoes_dou\LAKE\RJ\2026\02\DOERJ_PARTE_I_PODER_EXECUTIVO_2026-02-02.md,D:\github\exoneracoes_nomeacoes_dou\saida\RJ\DOERJ_2026.csv,740
termo_administrativo,LOTADA NA GERÊNCIA DE OPERAÇÕES ESTRUTURADAS - GEOPE,LOTADA NA GERÊNCIA DE OPERAÇÕES ESTRUTURADAS - GEOPE,indisponivel,,RJ,2026-02-04,exoneracao,,,,Secretario,5,Claudio Bomfim de Castro e Silva - Governador,Claudio Bomfim de Castro e Silva,Executivo estadual,,D:\github\exoneracoes_nomeacoes_dou\LAKE\RJ\2026\02\DOERJ_PARTE_I_PODER_EXECUTIVO_2026-02-04.md,D:\github\exoneracoes_nomeacoes_dou\saida\RJ\DOERJ_2026.csv,840
tem_numero;inicio_suspeito;frase_administrativa;termo_administrativo;muito_longo,VINCULADA À GERÊNCIA DE OPERAÇÕES ESTRUTURADAS - GEOPE. PROCESSO Nº SEI- 220002/000413/2026,VINCULADA À GERÊNCIA DE OPERAÇÕES ESTRUTURADAS - GEOPE. PROCESSO Nº SEI- 220002/000413/2026,indisponivel,,RJ,2026-02-04,nomeacao,,,,Secretario,5,Claudio Bomfim de Castro e Silva - Governador,Claudio Bomfim de Castro e Silva,Executivo estadual,,D:\github\exoneracoes_nomeacoes_dou\LAKE\RJ\2026\02\DOERJ_PARTE_I_PODER_EXECUTIVO_2026-02-04.md,D:\github\exoneracoes_nomeacoes_dou\saida\RJ\DOERJ_2026.csv,841
frase_administrativa;termo_administrativo,ATRAVÉS DE ATO PRÓPRIO PUBLICADO NO DIÁRIO OFICIAL,ATRAVÉS DE ATO PRÓPRIO PUBLICADO NO DIÁRIO OFICIAL,indisponivel,,RJ,2026-02-05,nomeacao,,,,Secretario,5,Claudio Bomfim de Castro e Silva - Governador,Claudio Bomfim de Castro e Silva,Executivo estadual,,D:\github\exoneracoes_nomeacoes_dou\LAKE\RJ\2026\02\DOERJ_PARTE_I_PODER_EXECUTIVO_2026-02-05.md,D:\github\exoneracoes_nomeacoes_dou\saida\RJ\DOERJ_2026.csv,913
frase_administrativa;termo_administrativo,ATRAVÉS DE ATO PRÓPRIO PUBLICADO NO DIÁRIO OFICIAL DO ESTADO,ATRAVÉS DE ATO PRÓPRIO PUBLICADO NO DIÁRIO OFICIAL DO ESTADO,indisponivel,,RJ,2026-02-09,nomeacao,,,,Secretario,5,Claudio Bomfim de Castro e Silva - Governador,Claudio Bomfim de Castro e Silva,Executivo estadual,,D:\github\exoneracoes_nomeacoes_dou\LAKE\RJ\2026\02\DOERJ_PARTE_I_PODER_EXECUTIVO_2026-02-09.md,D:\github\exoneracoes_nomeacoes_dou\saida\RJ\DOERJ_2026.csv,995
tem_numero;inicio_suspeito;frase_administrativa;termo_administrativo;muito_longo,VINCULADA À GERÊNCIA DE ATENDIMENTO AO CLIENTE - GERAC. PROCESSO Nº SEI- 220002/000412/2026,VINCULADA À GERÊNCIA DE ATENDIMENTO AO CLIENTE - GERAC. PROCESSO Nº SEI- 220002/000412/2026,indisponivel,,RJ,2026-02-11,nomeacao,,,,Secretario,5,Claudio Bomfim de Castro e Silva - Governador,Claudio Bomfim de Castro e Silva,Executivo estadual,,D:\github\exoneracoes_nomeacoes_dou\LAKE\RJ\2026\02\DOERJ_PARTE_I_PODER_EXECUTIVO_2026-02-11.md,D:\github\exoneracoes_nomeacoes_dou\saida\RJ\DOERJ_2026.csv,1126
inicio_suspeito;termo_administrativo,VINCULADO À SUPERINTENDÊNCIA DE GESTÃO DE RISCOS - SURID,VINCULADO À SUPERINTENDÊNCIA DE GESTÃO DE RISCOS - SURID,indisponivel,,RJ,2026-03-04,exoneracao,,,,Secretario,5,Claudio Bomfim de Castro e Silva - Governador,Claudio Bomfim de Castro e Silva,Executivo estadual,,D:\github\exoneracoes_nomeacoes_dou\LAKE\RJ\2026\03\DOERJ_PARTE_I_PODER_EXECUTIVO_2026-03-04.md,D:\github\exoneracoes_nomeacoes_dou\saida\RJ\DOERJ_2026.csv,1612
tem_numero;frase_administrativa;termo_administrativo,03 (TRÊS) SERVIDORES LOTADOS NA DIRETORIA PARA COMPOR A COMISSÃO ESPECIAL,03 (TRÊS) SERVIDORES LOTADOS NA DIRETORIA PARA COMPOR A COMISSÃO ESPECIAL,indisponivel,,RJ,2026-03-05,nomeacao,,,,Secretario,5,Claudio Bomfim de Castro e Silva - Governador,Claudio Bomfim de Castro e Silva,Executivo estadual,,D:\github\exoneracoes_nomeacoes_dou\LAKE\RJ\2026\03\DOERJ_PARTE_I_PODER_EXECUTIVO_2026-03-05.md,D:\github\exoneracoes_nomeacoes_dou\saida\RJ\DOERJ_2026.csv,1634
termo_administrativo,ASSISTENTE TÉCNICO DE TRÂNSITO,ASSISTENTE TÉCNICO DE TRÂNSITO,indisponivel,,RJ,2026-03-10,exoneracao,,do Departamento de Trânsito do Estado do Rio de Janeiro - DETRAN/RJ,,Governador,1,Claudio Bomfim de Castro e Silva - Governador,Claudio Bomfim de Castro e Silva,Executivo estadual,,D:\github\exoneracoes_nomeacoes_dou\LAKE\RJ\2026\03\DOERJ_PARTE_I_PODER_EXECUTIVO_2026-03-10.md,D:\github\exoneracoes_nomeacoes_dou\saida\RJ\DOERJ_2026.csv,1790
tem_numero;frase_administrativa;termo_administrativo,ID FUNCIONAL DO CARGO SÍMBOLO DAS-8,ID FUNCIONAL DO CARGO SÍMBOLO DAS-8,indisponivel,,RJ,2026-03-13,exoneracao,do cargo símbolo DAS-8,,,Governador,1,Claudio Bomfim de Castro e Silva - Governador,Claudio Bomfim de Castro e Silva,Executivo estadual,,D:\github\exoneracoes_nomeacoes_dou\LAKE\RJ\2026\03\DOERJ_PARTE_I_PODER_EXECUTIVO_2026-03-13.md,D:\github\exoneracoes_nomeacoes_dou\saida\RJ\DOERJ_2026.csv,1986
tem_numero;inicio_suspeito;frase_administrativa;termo_administrativo;muito_longo,VINCULADA À GERÊNCIA DE GESTÃO DE RISCOS CORPORATIVOS - GERCO. PROCESSO Nº SEI-220002/000482/2026,VINCULADA À GERÊNCIA DE GESTÃO DE RISCOS CORPORATIVOS - GERCO. PROCESSO Nº SEI-220002/000482/2026,indisponivel,,RJ,2026-03-20,nomeacao,,,,Secretario,5,Claudio Bomfim de Castro e Silva - Governador,Claudio Bomfim de Castro e Silva,Executivo estadual,,D:\github\exoneracoes_nomeacoes_dou\LAKE\RJ\2026\03\DOERJ_PARTE_I_PODER_EXECUTIVO_2026-03-20.md,D:\github\exoneracoes_nomeacoes_dou\saida\RJ\DOERJ_2026.csv,2495
menos_de_2_tokens;tem_numero,SEI-210001/035420/2026,SEI-210001/035420/2026,indisponivel,,RJ,2026-03-20,nomeacao,,,,Secretario,5,Claudio Bomfim de Castro e Silva - Governador,Claudio Bomfim de Castro e Silva,Executivo estadual,,D:\github\exoneracoes_nomeacoes_dou\LAKE\RJ\2026\03\DOERJ_PARTE_I_PODER_EXECUTIVO_2026-03-20.md,D:\github\exoneracoes_nomeacoes_dou\saida\RJ\DOERJ_2026.csv,2496
tem_numero;frase_administrativa;termo_administrativo,ID: 51536609; ESTE PROFISSIONAL NA UNIDADE. PROCESSO Nº SEI-210001/034834/2026,ID: 51536609; ESTE PROFISSIONAL NA UNIDADE. PROCESSO Nº SEI-210001/034834/2026,indisponivel,,RJ,2026-03-20,nomeacao,,,,Secretario,5,Claudio Bomfim de Castro e Silva - Governador,Claudio Bomfim de Castro e Silva,Executivo estadual,,D:\github\exoneracoes_nomeacoes_dou\LAKE\RJ\2026\03\DOERJ_PARTE_I_PODER_EXECUTIVO_2026-03-20.md,D:\github\exoneracoes_nomeacoes_dou\saida\RJ\DOERJ_2026.csv,2497
menos_de_2_tokens;tem_numero,35,35,indisponivel,,RJ,2026-03-20,nomeacao,,,DESPACHO DO,Coordenador,12,Claudio Bomfim de Castro e Silva - Governador,Claudio Bomfim de Castro e Silva,Executivo estadual,,D:\github\exoneracoes_nomeacoes_dou\LAKE\RJ\2026\03\DOERJ_PARTE_I_PODER_EXECUTIVO_2026-03-20.md,D:\github\exoneracoes_nomeacoes_dou\saida\RJ\DOERJ_2026.csv,2498
inicio_suspeito;termo_administrativo,CONFORME PRECEITUA O,CONFORME PRECEITUA O,indisponivel,,RJ,2026-03-23,nomeacao,,,,Secretario,5,Claudio Bomfim de Castro e Silva - Governador,Claudio Bomfim de Castro e Silva,Executivo estadual,,D:\github\exoneracoes_nomeacoes_dou\LAKE\RJ\2026\03\DOERJ_PARTE_I_PODER_EXECUTIVO_2026-03-23.md,D:\github\exoneracoes_nomeacoes_dou\saida\RJ\DOERJ_2026.csv,2601
termo_administrativo,(UM) SERVIDOR PARA,(UM) SERVIDOR PARA,indisponivel,,RJ,2026-03-23,nomeacao,,,,Secretario,5,Claudio Bomfim de Castro e Silva - Governador,Claudio Bomfim de Castro e Silva,Executivo estadual,,D:\github\exoneracoes_nomeacoes_dou\LAKE\RJ\2026\03\DOERJ_PARTE_I_PODER_EXECUTIVO_2026-03-23.md,D:\github\exoneracoes_nomeacoes_dou\saida\RJ\DOERJ_2026.csv,2602
termo_administrativo,R E N ATO GARCIA DE OLIVEIRA,R E N ATO GARCIA DE OLIVEIRA,indisponivel,,RJ,2026-04-15,exoneracao,do cargo em comissão de Assistente,da Superintendência Técnica de Infraestrutura e Logística,,Secretario,5,Ricardo Couto de Castro - Governador em exercicio,Ricardo Couto de Castro,TJ-RJ,,D:\github\exoneracoes_nomeacoes_dou\LAKE\RJ\2026\04\DOERJ_PARTE_I_PODER_EXECUTIVO_2026-04-15.md,D:\github\exoneracoes_nomeacoes_dou\saida\RJ\DOERJ_2026.csv,3190
termo_administrativo,R E N ATO RODRIGUES BARTHOLOMEU VIEIRA,R E N ATO RODRIGUES BARTHOLOMEU VIEIRA,indisponivel,,RJ,2026-04-16,exoneracao,do cargo em comissão de Assistente II,,RICARDO COUTO DE CASTRO,Governador em exercicio,2,Ricardo Couto de Castro - Governador em exercicio,Ricardo Couto de Castro,TJ-RJ,,D:\github\exoneracoes_nomeacoes_dou\LAKE\RJ\2026\04\DOERJ_PARTE_I_PODER_EXECUTIVO_2026-04-16.md,D:\github\exoneracoes_nomeacoes_dou\saida\RJ\DOERJ_2026.csv,3235
inicio_suspeito;termo_administrativo,POR NÃO CONTAR COM ESSES PROFISSIONAIS NO QUADRO FUNCIONAL DESTA UNIDADE,POR NÃO CONTAR COM ESSES PROFISSIONAIS NO QUADRO FUNCIONAL DESTA UNIDADE,indisponivel,,RJ,2026-04-22,nomeacao,,,,Secretario,5,Ricardo Couto de Castro - Governador em exercicio,Ricardo Couto de Castro,TJ-RJ,,D:\github\exoneracoes_nomeacoes_dou\LAKE\RJ\2026\04\DOERJ_PARTE_I_PODER_EXECUTIVO_2026-04-22.md,D:\github\exoneracoes_nomeacoes_dou\saida\RJ\DOERJ_2026.csv,3773
inicio_suspeito,POR TEREM SIDO APROVADOS EM TODAS AS FASES,POR TEREM SIDO APROVADOS EM TODAS AS FASES,indisponivel,,RJ,2026-04-30,nomeacao,,,,Governador em exercicio,2,Ricardo Couto de Castro - Governador em exercicio,Ricardo Couto de Castro,TJ-RJ,,D:\github\exoneracoes_nomeacoes_dou\LAKE\RJ\2026\04\DOERJ_PARTE_I_PODER_EXECUTIVO_2026-04-30.md,D:\github\exoneracoes_nomeacoes_dou\saida\RJ\DOERJ_2026.csv,4082
inicio_suspeito;termo_administrativo,CONFORME PRECEITUA O,CONFORME PRECEITUA O,indisponivel,,RJ,2026-04-30,nomeacao,,,,Secretario,5,Ricardo Couto de Castro - Governador em exercicio,Ricardo Couto de Castro,TJ-RJ,,D:\github\exoneracoes_nomeacoes_dou\LAKE\RJ\2026\04\DOERJ_PARTE_I_PODER_EXECUTIVO_2026-04-30.md,D:\github\exoneracoes_nomeacoes_dou\saida\RJ\DOERJ_2026.csv,4152
inicio_suspeito;termo_administrativo,POR NÃO CONTAR COM ESTES PROFISSIONAIS NA UNIDADE PRISIONAL,POR NÃO CONTAR COM ESTES PROFISSIONAIS NA UNIDADE PRISIONAL,indisponivel,,RJ,2026-05-04,nomeacao,,,,Secretario,5,Ricardo Couto de Castro - Governador em exercicio,Ricardo Couto de Castro,TJ-RJ,,D:\github\exoneracoes_nomeacoes_dou\LAKE\RJ\2026\05\DOERJ_PARTE_I_PODER_EXECUTIVO_2026-05-04.md,D:\github\exoneracoes_nomeacoes_dou\saida\RJ\DOERJ_2026.csv,4287
tem_numero;termo_administrativo,BEM COMO QUAISQUER NOMEAÇÕES E EXONERAÇÕES CONFORME O DISPOSTO NO ARTIGO 5º DO,BEM COMO QUAISQUER NOMEAÇÕES E EXONERAÇÕES CONFORME O DISPOSTO NO ARTIGO 5º DO,indisponivel,,RJ,2026-05-04,exoneracao,,,,Secretario,5,Ricardo Couto de Castro - Governador em exercicio,Ricardo Couto de Castro,TJ-RJ,,D:\github\exoneracoes_nomeacoes_dou\LAKE\RJ\2026\05\DOERJ_PARTE_I_PODER_EXECUTIVO_2026-05-04.md,D:\github\exoneracoes_nomeacoes_dou\saida\RJ\DOERJ_2026.csv,4288
tem_numero;frase_administrativa;termo_administrativo,CONTROLADORIA E ADMINISTRAÇÃO DISOP. PROCESSO Nº SEI-220002/000019/2026,CONTROLADORIA E ADMINISTRAÇÃO DISOP. PROCESSO Nº SEI-220002/000019/2026,sim,CONTROLADORIA:ORG|Nº SEI-220002/000019/2026:MISC|Controladoria:LOC|Nº:PER,RJ,2026-01-16,nomeacao,,,,Secretario,5,Claudio Bomfim de Castro e Silva - Governador,Claudio Bomfim de Castro e Silva,Executivo estadual,https://www.ioerj.com.br/portal/modules/conteudoonline/mostra_edicao.php?session=VFZSQk5GSkVaekZQVkVsMFVsUmpNMUY1TURCT01GcENURlJuZWsxRldYUk9WVTE2VGxWWk1rMUVTWHBOVlUwd1RWUmpNMDlFUVROT1JHZDVUMEU5UFE9PQ==,D:\github\exoneracoes_nomeacoes_dou\LAKE\RJ\2026\01\DOERJ_PARTE_I_PODER_EXECUTIVO_COMPLEMENTAR_2_2026-01-16.md,D:\github\exoneracoes_nomeacoes_dou\saida\RJ\DOERJ_2026.csv,4948
termo_administrativo,SUBSECRETARIA ADJUNTA DE PROJETOS ESPECIAIS,SUBSECRETARIA ADJUNTA DE PROJETOS ESPECIAIS,sim,SUBSECRETARIA ADJUNTA:MISC|Subsecretaria Adjunta:PER,RJ,2026-04-17,exoneracao,do cargo em comissão de Superintendente,da Superintendência de Sustentabilidade Organizacional,,Governador em exercicio,2,Ricardo Couto de Castro - Governador em exercicio,Ricardo Couto de Castro,TJ-RJ,https://www.ioerj.com.br/portal/modules/conteudoonline/mostra_edicao.php?session=VDBWV1JrNVVRa1ZQUlZGMFVsUlNSVTVETURCUFZHUkVURlJyTkU1clJYUlBSVXBEVVhwamVrMTZhelJQUkVaRFRWUmpNMDlFVFRGUFJFMHhUMUU5UFE9PQ==,D:\github\exoneracoes_nomeacoes_dou\LAKE\RJ\2026\04\DOERJ_PARTE_I_PODER_EXECUTIVO_2026-04-17.md,D:\github\exoneracoes_nomeacoes_dou\saida\RJ\DOERJ_2026.csv,5166
tem_numero;termo_administrativo,ID FUNCIONAL Nº SEI-150001/004412/2026. DO ESTADO DO RIO DE JANEIRO,ID FUNCIONAL Nº SEI-150001/004412/2026. DO ESTADO DO RIO DE JANEIRO,sim,ID FUNCIONAL:PER,RJ,2026-04-17,exoneracao,,,,Secretario,5,Ricardo Couto de Castro - Governador em exercicio,Ricardo Couto de Castro,TJ-RJ,https://www.ioerj.com.br/portal/modules/conteudoonline/mostra_edicao.php?session=VDBWV1JrNVVRa1ZQUlZGMFVsUlNSVTVETURCUFZHUkVURlJyTkU1clJYUlBSVXBEVVhwamVrMTZhelJQUkVaRFRWUmpNMDlFVFRGUFJFMHhUMUU5UFE9PQ==,D:\github\exoneracoes_nomeacoes_dou\LAKE\RJ\2026\04\DOERJ_PARTE_I_PODER_EXECUTIVO_2026-04-17.md,D:\github\exoneracoes_nomeacoes_dou\saida\RJ\DOERJ_2026.csv,5169
tem_numero,SÍM-BOLO DAI-1,SÍM-BOLO DAI-1,sim,SÍM-BOLO DAI-1:PER,RJ,2026-04-17,exoneracao,do cargo em comissão de Ajudante I,,,Secretario,5,Ricardo Couto de Castro - Governador em exercicio,Ricardo Couto de Castro,TJ-RJ,https://www.ioerj.com.br/portal/modules/conteudoonline/mostra_edicao.php?session=VDBWV1JrNVVRa1ZQUlZGMFVsUlNSVTVETURCUFZHUkVURlJyTkU1clJYUlBSVXBEVVhwamVrMTZhelJQUkVaRFRWUmpNMDlFVFRGUFJFMHhUMUU5UFE9PQ==,D:\github\exoneracoes_nomeacoes_dou\LAKE\RJ\2026\04\DOERJ_PARTE_I_PODER_EXECUTIVO_2026-04-17.md,D:\github\exoneracoes_nomeacoes_dou\saida\RJ\DOERJ_2026.csv,5177
tem_numero,SÍM BOLO DAI-6,SÍM BOLO DAI-6,sim,SÍM BOLO:MISC|DAI-6:MISC|Sím Bolo:PER,RJ,2026-04-17,exoneracao,do cargo em comissão de Assistente II,,,Secretario,5,Ricardo Couto de Castro - Governador em exercicio,Ricardo Couto de Castro,TJ-RJ,https://www.ioerj.com.br/portal/modules/conteudoonline/mostra_edicao.php?session=VDBWV1JrNVVRa1ZQUlZGMFVsUlNSVTVETURCUFZHUkVURlJyTkU1clJYUlBSVXBEVVhwamVrMTZhelJQUkVaRFRWUmpNMDlFVFRGUFJFMHhUMUU5UFE9PQ==,D:\github\exoneracoes_nomeacoes_dou\LAKE\RJ\2026\04\DOERJ_PARTE_I_PODER_EXECUTIVO_2026-04-17.md,D:\github\exoneracoes_nomeacoes_dou\saida\RJ\DOERJ_2026.csv,5195
tem_numero;termo_administrativo,ID FUNCIONAL Nº 29424054,ID FUNCIONAL Nº 29424054,sim,ID FUNCIONAL:PER,RJ,2026-04-01,exoneracao,do cargo em comissão de Superintendente,do Gabinete de Segurança Institucional do Governo,,Secretario,5,Ricardo Couto de Castro - Governador em exercicio,Ricardo Couto de Castro,TJ-RJ,https://www.ioerj.com.br/portal/modules/conteudoonline/mostra_edicao.php?session=VG10Wk1VOVZVa1ZPTUVWMFQwUlpNMDFETURCTmFtaEVURlJyZUZGVVkzUk9SVmt6VDBSTk5WRlVRWGxOZWtVeVRWUmpNMDlFVFRGUFJFMDBUVkU5UFE9PQ==,D:\github\exoneracoes_nomeacoes_dou\LAKE\RJ\2026\04\DOERJ_PARTE_I_PODER_EXECUTIVO_2026-04-01.md,D:\github\exoneracoes_nomeacoes_dou\saida\RJ\DOERJ_2026.csv,5292
tem_numero;termo_administrativo,ID FUNCIONAL N º 5024765-4,ID FUNCIONAL N º 5024765-4,sim,ID FUNCIONAL:PER,RJ,2026-03-23,nomeacao,para exercer o cargo em comissão de Ajudante I,,,Secretario,5,Claudio Bomfim de Castro e Silva - Governador,Claudio Bomfim de Castro e Silva,Executivo estadual,https://www.ioerj.com.br/portal/modules/conteudoonline/mostra_edicao.php?session=VW1wQ1IwNTZSVE5SYTFsMFRWUkJNazVwTURCT01Fa3dURlJzUmxKVlVYUlBWR1JEVFdwc1IwNHdXWGROZWtFeFRWUmpNMDlFVFRGUFJFMDFUbWM5UFE9PQ==,D:\github\exoneracoes_nomeacoes_dou\LAKE\RJ\2026\03\DOERJ_PARTE_I_PODER_EXECUTIVO_2026-03-23.md,D:\github\exoneracoes_nomeacoes_dou\saida\RJ\DOERJ_2026.csv,5327
termo_administrativo,ID FUNCIONAL,ID FUNCIONAL,sim,ID FUNCIONAL:PER,RJ,2026-03-13,exoneracao,do cargo símbolo DAS-8,,,Governador,1,Claudio Bomfim de Castro e Silva - Governador,Claudio Bomfim de Castro e Silva,Executivo estadual,https://www.ioerj.com.br/portal/modules/conteudoonline/mostra_edicao.php?session=VG10Uk5VMUZSVEZTUlZsMFRucEZOVTFUTURCTmFteEhURlJvUlU1clZYUk9SRWt6VFhwb1IwOVZTVEpOUlVsNFRWUmpNMDlFVFRGUFJGRjRUV2M5UFE9PQ==,D:\github\exoneracoes_nomeacoes_dou\LAKE\RJ\2026\03\DOERJ_PARTE_I_PODER_EXECUTIVO_2026-03-13.md,D:\github\exoneracoes_nomeacoes_dou\saida\RJ\DOERJ_2026.csv,5387
tem_numero;termo_administrativo,ID FUNCIONAL Nº51680955,ID FUNCIONAL Nº51680955,sim,ID FUNCIONAL:PER,RJ,2026-02-20,exoneracao,do cargo em comissão de Assistente II,da Fundação Leão XIII,,Secretario,5,Claudio Bomfim de Castro e Silva - Governador,Claudio Bomfim de Castro e Silva,Executivo estadual,https://www.ioerj.com.br/portal/modules/conteudoonline/mostra_edicao.php?session=VVhwbk5FOUVhM2RTYWsxMFRWUmplVkpUTURCT2FsRjVURlZLUkUxNlkzUk5WVTB6VGxSTk0wOVVRa2RQUkd0NlRWUmpNMDlFVFRGUFJGbDRUVkU5UFE9PQ==,D:\github\exoneracoes_nomeacoes_dou\LAKE\RJ\2026\02\DOERJ_PARTE_I_PODER_EXECUTIVO_2026-02-20.md,D:\github\exoneracoes_nomeacoes_dou\saida\RJ\DOERJ_2026.csv,5501
termo_administrativo,SUBSECRETARIA DE POLÍTICAS INCLUSIVAS,SUBSECRETARIA DE POLÍTICAS INCLUSIVAS,sim,SUBSECRETARIA:ORG|POLÍTICAS INCLUSIVAS:ORG|Subsecretaria De Políticas Inclusivas:PER,RJ,2026-05-11,exoneracao,do cargo de Subsecretária Adjunta,,RICARDO COUTO DE CASTRO,Governador em exercicio,2,Ricardo Couto de Castro - Governador em exercicio,Ricardo Couto de Castro,TJ-RJ,https://www.ioerj.com.br/portal/modules/conteudoonline/mostra_edicao.php?session=VDBWTmQwMVZXVFZPYTBsMFRWUnJNazE1TURCT1ZGRXhURlZLUTA0d1JYUlJNRlY0VGtWUmVsSnFWa1JTVkVKR1RWUmpNMDlFVlRCTlZHZDVUbEU5UFE9PQ==,D:\github\exoneracoes_nomeacoes_dou\LAKE\RJ\2026\05\DOERJ_PARTE_I_PODER_EXECUTIVO_2026-05-11.md,D:\github\exoneracoes_nomeacoes_dou\saida\RJ\DOERJ_2026.csv,5675
tem_numero;termo_administrativo,ID FUNCIONAL Nº51287854,ID FUNCIONAL Nº51287854,sim,Id Funcional:PER,RJ,2026-05-11,exoneracao,do cargo em comissão de Assistente II,,,Secretario,5,Ricardo Couto de Castro - Governador em exercicio,Ricardo Couto de Castro,TJ-RJ,https://www.ioerj.com.br/portal/modules/conteudoonline/mostra_edicao.php?session=VDBWTmQwMVZXVFZPYTBsMFRWUnJNazE1TURCT1ZGRXhURlZLUTA0d1JYUlJNRlY0VGtWUmVsSnFWa1JTVkVKR1RWUmpNMDlFVlRCTlZHZDVUbEU5UFE9PQ==,D:\github\exoneracoes_nomeacoes_dou\LAKE\RJ\2026\05\DOERJ_PARTE_I_PODER_EXECUTIVO_2026-05-11.md,D:\github\exoneracoes_nomeacoes_dou\saida\RJ\DOERJ_2026.csv,5683
tem_numero;termo_administrativo,ID FUNCIONAL Nº51722402,ID FUNCIONAL Nº51722402,sim,ID FUNCIONAL:PER,RJ,2026-05-11,exoneracao,do cargo em comissão de Ajudante II,,,Secretario,5,Ricardo Couto de Castro - Governador em exercicio,Ricardo Couto de Castro,TJ-RJ,https://www.ioerj.com.br/portal/modules/conteudoonline/mostra_edicao.php?session=VDBWTmQwMVZXVFZPYTBsMFRWUnJNazE1TURCT1ZGRXhURlZLUTA0d1JYUlJNRlY0VGtWUmVsSnFWa1JTVkVKR1RWUmpNMDlFVlRCTlZHZDVUbEU5UFE9PQ==,D:\github\exoneracoes_nomeacoes_dou\LAKE\RJ\2026\05\DOERJ_PARTE_I_PODER_EXECUTIVO_2026-05-11.md,D:\github\exoneracoes_nomeacoes_dou\saida\RJ\DOERJ_2026.csv,5684
tem_numero;frase_administrativa;termo_administrativo,ID FUNCIONAL Nº 41893182. PROCESSO Nº SEI-390001/000099/2026,ID FUNCIONAL Nº 41893182. PROCESSO Nº SEI-390001/000099/2026,sim,ID FUNCIONAL:PER,RJ,2026-05-11,nomeacao,,da Superintendência de Manutenção Aeronáutica,,Secretario,5,Ricardo Couto de Castro - Governador em exercicio,Ricardo Couto de Castro,TJ-RJ,https://www.ioerj.com.br/portal/modules/conteudoonline/mostra_edicao.php?session=VDBWTmQwMVZXVFZPYTBsMFRWUnJNazE1TURCT1ZGRXhURlZLUTA0d1JYUlJNRlY0VGtWUmVsSnFWa1JTVkVKR1RWUmpNMDlFVlRCTlZHZDVUbEU5UFE9PQ==,D:\github\exoneracoes_nomeacoes_dou\LAKE\RJ\2026\05\DOERJ_PARTE_I_PODER_EXECUTIVO_2026-05-11.md,D:\github\exoneracoes_nomeacoes_dou\saida\RJ\DOERJ_2026.csv,5706
tem_numero;frase_administrativa;termo_administrativo,ID FUNCIONAL Nº 24693588/4. PROCESSO Nº SEI-390001/000099/2026,ID FUNCIONAL Nº 24693588/4. PROCESSO Nº SEI-390001/000099/2026,sim,ID FUNCIONAL:PER,RJ,2026-05-11,nomeacao,,da Superintendência Segurança Operacional,,Secretario,5,Ricardo Couto de Castro - Governador em exercicio,Ricardo Couto de Castro,TJ-RJ,https://www.ioerj.com.br/portal/modules/conteudoonline/mostra_edicao.php?session=VDBWTmQwMVZXVFZPYTBsMFRWUnJNazE1TURCT1ZGRXhURlZLUTA0d1JYUlJNRlY0VGtWUmVsSnFWa1JTVkVKR1RWUmpNMDlFVlRCTlZHZDVUbEU5UFE9PQ==,D:\github\exoneracoes_nomeacoes_dou\LAKE\RJ\2026\05\DOERJ_PARTE_I_PODER_EXECUTIVO_2026-05-11.md,D:\github\exoneracoes_nomeacoes_dou\saida\RJ\DOERJ_2026.csv,5708
tem_numero;frase_administrativa;termo_administrativo,ID FUNCIONAL Nº 24476374/4. PROCESSO Nº SEI-390001/000099/2026,ID FUNCIONAL Nº 24476374/4. PROCESSO Nº SEI-390001/000099/2026,sim,ID FUNCIONAL:PER,RJ,2026-05-11,nomeacao,,da Superintendência de Operações Aéreas,,Secretario,5,Ricardo Couto de Castro - Governador em exercicio,Ricardo Couto de Castro,TJ-RJ,https://www.ioerj.com.br/portal/modules/conteudoonline/mostra_edicao.php?session=VDBWTmQwMVZXVFZPYTBsMFRWUnJNazE1TURCT1ZGRXhURlZLUTA0d1JYUlJNRlY0VGtWUmVsSnFWa1JTVkVKR1RWUmpNMDlFVlRCTlZHZDVUbEU5UFE9PQ==,D:\github\exoneracoes_nomeacoes_dou\LAKE\RJ\2026\05\DOERJ_PARTE_I_PODER_EXECUTIVO_2026-05-11.md,D:\github\exoneracoes_nomeacoes_dou\saida\RJ\DOERJ_2026.csv,5710
