nome_normalizado,nome_exemplo,total_atos,total_nomeacoes,total_exoneracoes,total_retornos_apos_exoneracao,primeira_data,ultima_data,cargos_distintos,orgaos_distintos,teve_nomeacao_e_exoneracao,teve_retorno_apos_exoneracao
ABIGAIL RIBEIRO GOMES,ABIGAIL RIBEIRO GOMES,1,1,0,0,2026-03-09,2026-03-09,0,1,nao,nao
ACACIO BARBOSA SILVA,ACACIO BARBOSA SILVA,1,0,1,0,2026-04-27,2026-04-27,1,1,nao,nao
ACA￾GEPAN LUIZ DE AZEVEDO DA SILVA,ACA￾GEPAN LUIZ DE AZEVEDO DA SILVA,1,0,1,0,2024-10-25,2024-10-25,1,1,nao,nao
ACHILLES SOARES MARTINS,ACHILLES SOARES MARTINS,1,1,0,0,2024-11-05,2024-11-05,0,0,nao,nao
ADAH ROSA DA CONCEICAO PEREIRA,ADAH ROSA DA CONCEIÇÃO PEREIRA,1,1,0,0,2024-12-23,2024-12-23,1,0,nao,nao
ADAMO FERREIRA REUTHER,ADAMO FERREIRA REUTHER,1,1,0,0,2026-03-23,2026-03-23,0,1,nao,nao
ADEILDO BISPO DA SILVA,ADEILDO BISPO DA SILVA,1,0,1,0,2024-10-16,2024-10-16,1,1,nao,nao
ADEMIR DE OLIVEIRA SANTOS,ADEMIR DE OLIVEIRA SANTOS,1,1,0,0,2025-12-16,2025-12-16,1,0,nao,nao
ADEMIR VIEIRA FORTUNATO,ADEMIR VIEIRA FORTUNATO,1,1,0,0,2026-03-20,2026-03-20,1,1,nao,nao
ADENILSON HONORATO DA SILVA,ADENILSON HONORATO DA SILVA,1,1,0,0,2024-10-10,2024-10-10,0,0,nao,nao
ADIEL CUNHA MORAIS NETO,ADIEL CUNHA MORAIS NETO,1,0,1,0,2024-11-05,2024-11-05,1,0,nao,nao
ADILSON BLOISE JUNIOR,ADILSON BLOISE JUNIOR,1,1,0,0,2024-10-21,2024-10-21,0,0,nao,nao
ADILSON DE ASSIS MARTINS,ADILSON DE ASSIS MARTINS,2,1,1,0,2026-03-02,2026-04-17,2,0,sim,nao
ADILSON DE FARIA MACIEL,ADILSON DE FARIA MACIEL,1,0,1,0,2026-04-29,2026-04-29,1,0,nao,nao
ADILSON DE OLIVEIRA MACHADO JUNIOR,ADILSON DE OLIVEIRA MACHADO JUNIOR,1,0,1,0,2026-04-17,2026-04-17,1,0,nao,nao
ADILSON JUSTINO PEREIRA JUNIOR,ADILSON JUSTINO PEREIRA JUNIOR,1,0,1,0,2026-03-27,2026-03-27,1,1,nao,nao
ADIMILTON DO NASCIMENTO PONTES,ADIMILTON DO NASCIMENTO PONTES,1,0,1,0,2024-11-08,2024-11-08,1,0,nao,nao
ADNARA DE SOUZA FERNANDES,ADNARA DE SOUZA FERNANDES,2,1,1,1,2024-11-06,2024-11-06,1,2,sim,sim
ADONIS LOPES DE OLIVEIRA,ADONIS LOPES DE OLIVEIRA,1,0,1,0,2026-04-13,2026-04-13,1,1,nao,nao
ADRIANA CIPRIANO DE SOUZA DE OLIVEIRA,ADRIANA CIPRIANO DE SOUZA DE OLIVEIRA,1,0,1,0,2026-03-24,2026-03-24,1,1,nao,nao
ADRIANA CRISTINA DA SILVA SANTOS,ADRIANA CRISTINA DA SILVA SANTOS,1,0,1,0,2026-01-19,2026-01-19,1,0,nao,nao
ADRIANA DA SILVA DE ALCANTARA,ADRIANA DA SILVA DE ALCÂNTARA,1,1,0,0,2024-12-16,2024-12-16,0,0,nao,nao
ADRIANA DE SOUZA RODRIGUES,ADRIANA DE SOUZA RODRIGUES,1,0,1,0,2026-03-23,2026-03-23,1,0,nao,nao
ADRIANA DOS SANTOS SOUZA MARTINS,ADRIANA DOS SANTOS SOUZA MARTINS,1,0,1,0,2024-11-21,2024-11-21,1,0,nao,nao
ADRIANA ELIAS MONTEIRO DE SANTA BARBARA,ADRIANA ELIAS MONTEIRO DE SANTA BARBARA,1,0,1,0,2024-10-11,2024-10-11,1,0,nao,nao
ADRIANA ESTRELLA,ADRIANA ESTRELLA,1,0,1,0,2024-10-16,2024-10-16,1,1,nao,nao
ADRIANA LOPES GOMES,ADRIANA LOPES GOMES,1,1,0,0,2026-03-24,2026-03-24,1,0,nao,nao
ADRIANA MARA OLIVEIRA OSBORNE DA COSTA,ADRIANA MARA OLIVEIRA OSBORNE DA COSTA,1,0,1,0,2024-11-04,2024-11-04,1,0,nao,nao
ADRIANA MARTINS ROUX PEREZ,ADRIANA MARTINS ROUX PEREZ,2,1,1,0,2024-12-17,2026-03-19,2,0,sim,nao
ADRIANA MIRANDA PEDRO,ADRIANA MIRANDA PEDRO,2,1,1,0,2026-01-29,2026-04-07,1,0,sim,nao
ADRIANA MOREIRA DE OLIVEIRA,ADRIANA MOREIRA DE OLIVEIRA,1,1,0,0,2024-11-05,2024-11-05,1,1,nao,nao
ADRIANA OLIVEIRA DONATO,ADRIANA OLIVEIRA DONATO,2,1,1,1,2024-11-04,2024-11-12,0,1,sim,sim
ADRIANA PAULO DE CARVALHO,ADRIANA PAULO DE CARVALHO,1,1,0,0,2026-01-15,2026-01-15,1,0,nao,nao
ADRIANA PIZAO NOGUEIRA DE OLIVEIRA,ADRIANA PIZÃO NOGUEIRA DE OLIVEIRA,3,2,1,1,2025-11-05,2025-11-17,3,2,sim,sim
ADRIANA RIBEIRO DE CASTRO,ADRIANA RIBEIRO DE CASTRO,1,1,0,0,2026-03-24,2026-03-24,1,0,nao,nao
ADRIANA RIO CUBEIRO DOS SANTOS,ADRIANA RIO CUBEIRO DOS SANTOS,1,0,1,0,2026-03-23,2026-03-23,1,1,nao,nao
ADRIANA VALLIM CECILIO,ADRIANA VALLIM CECILIO,1,0,1,0,2026-01-23,2026-01-23,1,1,nao,nao
ADRIANO CONCEICAO MAGALHAES,ADRIANO CONCEIÇÃO MAGALHÃES,1,1,0,0,2024-11-27,2024-11-27,0,1,nao,nao
ADRIANO DA SILVA CRUZ,ADRIANO DA SILVA CRUZ,1,1,0,0,2024-11-04,2024-11-04,0,0,nao,nao
ADRIANO JOSE DOS SANTOS,ADRIANO JOSÉ DOS SANTOS,1,1,0,0,2025-11-26,2025-11-26,0,0,nao,nao
ADRIANO LIMA MARTINS,ADRIANO LIMA MARTINS,1,1,0,0,2026-03-24,2026-03-24,1,0,nao,nao
ADRIANO RODRIGUES DA SILVA,ADRIANO RODRIGUES DA SILVA,1,1,0,0,2026-01-28,2026-01-28,1,1,nao,nao
ADVALDO RODRIGUES SOUZA,ADVALDO RODRIGUES SOUZA,1,1,0,0,2024-11-05,2024-11-05,0,0,nao,nao
AFFONSO D'ANZICOURT E SILVA,AFFONSO D'ANZICOURT E SILVA,2,1,1,1,2026-03-19,2026-03-19,2,0,sim,sim
AGNES ALESSANDRO MARTINS DALZINI,AGNES ALESSANDRO MARTINS DALZINI,1,0,1,0,2024-11-06,2024-11-06,1,1,nao,nao
AGOSTINHO MACSON TARCISO SILVA,AGOSTINHO MACSON TARCISO SILVA,1,0,1,0,2026-03-26,2026-03-26,1,0,nao,nao
AGUINALDO LEAL NOGUEIRA,AGUINALDO LEAL NOGUEIRA,1,0,1,0,2026-04-17,2026-04-17,1,1,nao,nao
AGUINALDO MOREIRA DE SOUZA,AGUINALDO MOREIRA DE SOUZA,1,1,0,0,2026-03-13,2026-03-13,1,0,nao,nao
AILTON ALVES DE OLIVEIRA,AILTON ALVES DE OLIVEIRA,1,1,0,0,2024-10-15,2024-10-15,1,0,nao,nao
AIRAM SILVA DOS SANTOS,AIRAM SILVA DOS SANTOS,2,1,1,1,2024-12-02,2024-12-02,2,2,sim,sim
AIRYS DHANY CARDOSO,AIRYS DHANY CARDOSO,1,1,0,0,2026-01-23,2026-01-23,1,1,nao,nao
AISLAN MENEZES DA SILVA,AISLAN MENEZES DA SILVA,4,2,2,2,2024-10-21,2024-10-29,4,3,sim,sim
AI￾MEE WEISS FERNANDES,AI￾MÉE WEISS FERNANDES,1,0,1,0,2024-10-23,2024-10-23,1,1,nao,nao
ALAN DA CONCEICAO ALVES,ALAN DA CONCEICAO ALVES,1,0,1,0,2025-12-16,2025-12-16,1,0,nao,nao
ALAN DA COSTA TAVARES,ALAN DA COSTA TAVARES,1,1,0,0,2026-03-10,2026-03-10,0,1,nao,nao
ALAN DE OLIVEIRA MELO,ALAN DE OLIVEIRA MELO,1,1,0,0,2026-01-05,2026-01-05,1,0,nao,nao
ALAN ELSON DE OLIVEIRA GOMES,ALAN ELSON DE OLIVEIRA GOMES,1,1,0,0,2026-01-09,2026-01-09,1,0,nao,nao
ALAN FIGUEIREDO MARQUES,ALAN FIGUEIREDO MARQUES,1,0,1,0,2024-10-21,2024-10-21,1,0,nao,nao
ALAN JEFFERSON DE MOURA FERREIRA,ALAN JEFFERSON DE MOURA FERREIRA,1,1,0,0,2025-11-25,2025-11-25,0,1,nao,nao
ALAN LUIS OLIVEIRA DE ANDRADE,ALAN LUIS OLIVEIRA DE ANDRADE,1,1,0,0,2024-10-01,2024-10-01,1,1,nao,nao
ALAN LUIZ DA SILVA PIMENTA,ALAN LUIZ DA SILVA PIMENTA,1,1,0,0,2024-12-19,2024-12-19,1,0,nao,nao
ALAN MARCELO CAVALCANTE DA CONCEICAO,ALAN MARCELO CAVALCANTE DA CONCEICAO,1,1,0,0,2026-01-19,2026-01-19,1,1,nao,nao
ALAN MATHEUS DOS REIS PALMA,ALAN MATHEUS DOS REIS PALMA,1,1,0,0,2026-03-06,2026-03-06,1,0,nao,nao
ALAN MENDONCA DA SILVA JUNIOR,ALAN MENDONCA DA SILVA JUNIOR,1,0,1,0,2026-01-02,2026-01-02,1,1,nao,nao
ALAN SANTOS DE OLIVEIRA,ALAN SANTOS DE OLIVEIRA,1,1,0,0,2024-11-21,2024-11-21,1,1,nao,nao
ALAN TOME DE SOUZA,ALAN TOMÉ DE SOUZA,2,1,1,0,2025-11-17,2026-01-07,1,2,sim,nao
ALAN VIEIRA,ALAN VIEIRA,4,3,1,3,2026-03-13,2026-03-20,3,0,sim,sim
ALBA RODRIGUES CRUZ,ALBA RODRIGUES CRUZ,2,0,2,0,2026-03-09,2026-03-09,1,2,nao,nao
ALBERJAN AZEVEDO DOS SANTOS,ALBERJAN AZEVEDO DOS SANTOS,2,1,1,0,2026-02-09,2026-04-16,2,0,sim,nao
ALBERTO FARIA E SILVA,ALBERTO FARIA E SILVA,2,1,1,0,2026-02-12,2026-04-15,2,0,sim,nao
ALBERTO RAMOS DE ARAUJO OLIVEIRA,ALBERTO RAMOS DE ARAUJO OLIVEIRA,1,1,0,0,2026-03-23,2026-03-23,1,1,nao,nao
ALBERTO RIBEIRO FILHO,ALBERTO RIBEIRO FILHO,1,1,0,0,2024-12-16,2024-12-16,1,1,nao,nao
ALCEMIR VIEIRA JUNIOR,ALCEMIR VIEIRA JUNIOR,1,0,1,0,2025-12-17,2025-12-17,1,1,nao,nao
ALCENIR DE OLIVEIRA AZEVEDO,ALCENIR DE OLIVEIRA AZEVEDO,2,0,2,0,2026-03-06,2026-03-06,1,1,nao,nao
ALCIENE ALVES RANCATO,ALCIENE ALVES RANÇATO,2,1,1,0,2025-11-12,2026-04-17,2,0,sim,nao
ALCIMAR TARGINO DA SILVA,ALCIMAR TARGINO DA SILVA,1,0,1,0,2026-01-27,2026-01-27,1,0,nao,nao
ALCIMAR TEIXEIRA FRAGA NETO,ALCIMAR TEIXEIRA FRAGA NETO,1,0,1,0,2026-03-02,2026-03-02,1,1,nao,nao
ALCIONE SILVA QUINTAS,ALCIONE SILVA QUINTAS,1,0,1,0,2026-03-02,2026-03-02,1,1,nao,nao
ALCIONE SOARES MENEZES FILHO,ALCIONE SOARES MENEZES FILHO,1,0,1,0,2026-01-28,2026-01-28,1,0,nao,nao
ALDA LUCIA DOS SANTOS MACHADO,ALDA LUCIA DOS SANTOS MACHADO,1,0,1,0,2026-04-17,2026-04-17,1,0,nao,nao
ALDA VANESSA TEIXEIRA XAVIER PIONTKOVSKY,ALDA VANESSA TEIXEIRA XAVIER PIONTKOVSKY,1,0,1,0,2026-04-29,2026-04-29,1,1,nao,nao
ALDACIR DE SOUZA CUSTODIO,ALDACIR DE SOUZA CUSTÓDIO,1,1,0,0,2024-11-05,2024-11-05,0,1,nao,nao
ALDEMAR TADEU COSTA FURTADO,ALDEMAR TADEU COSTA FURTADO,1,1,0,0,2026-03-23,2026-03-23,0,1,nao,nao
ALDIR ALVES DE OLIVEIRA,ALDIR ALVES DE OLIVEIRA,1,0,1,0,2026-04-16,2026-04-16,1,0,nao,nao
ALDIR MAICON DE SOUSA SALUCCI,ALDIR MAICON DE SOUSA SALUCCI,1,1,0,0,2026-01-02,2026-01-02,0,0,nao,nao
ALECSANDRA COSTA NARCIZO,ALECSANDRA COSTA NARCIZO,1,0,1,0,2026-01-27,2026-01-27,1,1,nao,nao
ALEKSANDRO SILVA DE SOUSA,ALEKSANDRO SILVA DE SOUSA,1,1,0,0,2025-12-23,2025-12-23,0,0,nao,nao
ALESSANDRA BABO ARAUJO DE MATOS,ALESSANDRA BABO ARAUJO DE MATOS,1,1,0,0,2026-02-26,2026-02-26,1,0,nao,nao
ALESSANDRA CASAES GUERRA,ALESSANDRA CASAES GUERRA,1,1,0,0,2025-12-01,2025-12-01,0,0,nao,nao
ALESSANDRA CONCEICAO HIRLE DE OLIVEIRA,ALESSANDRA CONCEICAO HIRLE DE OLIVEIRA,1,0,1,0,2026-04-16,2026-04-16,1,0,nao,nao
ALESSANDRA DE JESUS LISBOA,ALESSANDRA DE JESUS LISBOA,1,0,1,0,2026-02-04,2026-02-04,1,1,nao,nao
ALESSANDRA DE PAULA FERNANDES,ALESSANDRA DE PAULA FERNANDES,1,0,1,0,2024-10-25,2024-10-25,1,0,nao,nao
ALESSANDRA DINIZ DIAS LIMA,ALESSANDRA DINIZ DIAS LIMA,1,0,1,0,2026-04-17,2026-04-17,1,0,nao,nao
ALESSANDRA DO NASCIMENTO GONCALVES,ALESSANDRA DO NASCIMENTO GONÇALVES,1,1,0,0,2024-10-15,2024-10-15,0,0,nao,nao
ALESSANDRA FRASNELLI FARIA,ALESSANDRA FRASNELLI FARIA,1,0,1,0,2026-03-02,2026-03-02,1,0,nao,nao
ALESSANDRA LOPES DE SOUZA,ALESSANDRA LOPES DE SOUZA,1,1,0,0,2026-03-04,2026-03-04,1,0,nao,nao
ALESSANDRA LUCINDA VENTURA,ALESSANDRA LUCINDA VENTURA,1,1,0,0,2026-01-30,2026-01-30,1,1,nao,nao
ALESSANDRA MACHADO MAHMOUD,ALESSANDRA MACHADO MAHMOUD,4,2,2,2,2026-01-15,2026-02-04,2,1,sim,sim
ALESSANDRA OLIVEIRA DINIZ SIQUEIRA,ALESSANDRA OLIVEIRA DINIZ SIQUEIRA,1,1,0,0,2025-11-14,2025-11-14,1,1,nao,nao
ALESSANDRA RIBEIRO DA SILVA WANDERMUREN,ALESSANDRA RIBEIRO DA SILVA WANDERMUREN,1,0,1,0,2026-01-09,2026-01-09,1,1,nao,nao
ALESSANDRA VASQUES WERNER,ALESSANDRA VASQUES WERNER,3,1,2,1,2026-01-08,2026-03-02,3,2,sim,sim
ALESSANDRO CAHET DA SILVA,ALESSANDRO CAHET DA SILVA,1,1,0,0,2024-10-17,2024-10-17,1,1,nao,nao
ALESSANDRO DA COSTA GOMES,ALESSANDRO DA COSTA GOMES,1,1,0,0,2025-11-05,2025-11-05,1,0,nao,nao
ALESSANDRO DA MATA DIEDERICHS,ALESSANDRO DA MATA DIEDERICHS,1,1,0,0,2026-03-09,2026-03-09,0,0,nao,nao
ALESSANDRO DOS SANTOS MARQUES,ALESSANDRO DOS SANTOS MARQUES,1,0,1,0,2024-10-23,2024-10-23,1,1,nao,nao
ALESSANDRO EREIRA PINHO,ALESSANDRO EREIRA PINHO,1,1,0,0,2025-12-23,2025-12-23,0,0,nao,nao
ALESSANDRO FELIPE VEIGA,ALESSANDRO FELIPE VEIGA,1,1,0,0,2026-04-06,2026-04-06,0,1,nao,nao
ALESSANDRO FERREIRA LEAL,ALESSANDRO FERREIRA LEAL,1,0,1,0,2026-03-09,2026-03-09,1,1,nao,nao
ALESSANDRO GARITANO,ALESSANDRO GARITANO,2,1,1,1,2025-11-14,2025-11-14,1,1,sim,sim
ALESSANDRO MATIAS GOMES,ALESSANDRO MATIAS GOMES,1,0,1,0,2024-11-04,2024-11-04,1,0,nao,nao
ALESSANDRO OLIVEIRA VIANA,ALESSANDRO OLIVEIRA VIANA,1,1,0,0,2026-04-28,2026-04-28,0,1,nao,nao
ALESSANDRO PAIVA JORDAO DE SOUZA GABRIEL DA S I LVA,ALESSANDRO PAIVA JORDAO DE SOUZA GABRIEL DA S I LVA,1,1,0,0,2026-03-17,2026-03-17,1,1,nao,nao
ALESSANDRO PAULO DE SOUZA,ALESSANDRO PAULO DE SOUZA,1,0,1,0,2024-11-08,2024-11-08,1,1,nao,nao
ALESSANDRO PEREIRA PINHO,ALESSANDRO PEREIRA PINHO,1,0,1,0,2026-03-23,2026-03-23,1,0,nao,nao
ALESSANDRO ROSA DE CARVALHO,ALESSANDRO ROSA DE CARVALHO,2,1,1,1,2024-12-11,2024-12-11,1,2,sim,sim
ALESSANDRO SATHLER LEAL DA SILVA,ALESSANDRO SATHLER LEAL DA SILVA,1,0,1,0,2026-01-28,2026-01-28,1,0,nao,nao
ALESSANDRO SEVERINO DA COSTA,ALESSANDRO SEVERINO DA COSTA,1,0,1,0,2024-10-01,2024-10-01,1,1,nao,nao
ALESSANDRO THIAGO FRANCISCO,ALESSANDRO THIAGO FRANCISCO,2,1,1,1,2024-12-02,2024-12-05,2,1,sim,sim
ALESSANDRO VICENTE DOS SANTOS,ALESSANDRO VICENTE DOS SANTOS,1,1,0,0,2025-11-25,2025-11-25,1,1,nao,nao
ALES￾SANDRA VALOIS COUTO BECKMAN,ALES￾SANDRA VALOIS COUTO BECKMAN,1,0,1,0,2024-10-01,2024-10-01,1,1,nao,nao
ALEX BESSA RIBAS,ALEX BESSA RIBAS,1,0,1,0,2024-12-02,2024-12-02,1,1,nao,nao
ALEX CARLOS PINTO DE CASTRO,ALEX CARLOS PINTO DE CASTRO,1,1,0,0,2026-02-12,2026-02-12,1,1,nao,nao
ALEX COSTA ALMEIDA,ALEX COSTA ALMEIDA,1,0,1,0,2026-03-31,2026-03-31,1,0,nao,nao
ALEX DE OLIVEIRA ARAUJO,ALEX DE OLIVEIRA ARAUJO,2,1,1,0,2024-10-31,2026-02-12,2,0,sim,nao
ALEX FERREIRA DUTRA,ALEX FERREIRA DUTRA,1,1,0,0,2025-12-23,2025-12-23,0,0,nao,nao
ALEX LEAO DA FONSECA,ALEX LEAO DA FONSECA,1,0,1,0,2026-01-07,2026-01-07,1,1,nao,nao
ALEX SANDRO ALVES DA ROCHA,ALEX SANDRO ALVES DA ROCHA,1,1,0,0,2026-01-27,2026-01-27,1,1,nao,nao
ALEX SANDRO PEDROSA GRILLO,ALEX SANDRO PEDROSA GRILLO,1,1,0,0,2026-03-17,2026-03-17,1,1,nao,nao
ALEX SANDRO SILVA DOS SANTOS,ALEX SANDRO SILVA DOS SANTOS,1,1,0,0,2025-12-11,2025-12-11,0,0,nao,nao
ALEX TEIXEIRA DE FARIA JUNIOR,ALEX TEIXEIRA DE FARIA JUNIOR,1,1,0,0,2026-01-13,2026-01-13,1,0,nao,nao
ALEXANDER BILHALBA VIEIRA,ALEXANDER BILHALBA VIEIRA,1,1,0,0,2026-02-11,2026-02-11,1,1,nao,nao
ALEXANDER DA COSTA JUNIOR,ALEXANDER DA COSTA JUNIOR,1,1,0,0,2026-02-27,2026-02-27,1,0,nao,nao
ALEXANDER FLORINDO BAPTISTA JUNIOR,ALEXANDER FLORINDO BAPTISTA JUNIOR,1,1,0,0,2026-02-20,2026-02-20,1,0,nao,nao
ALEXANDER GOMES MUNIZ,ALEXANDER GOMES MUNIZ,2,2,0,0,2026-03-06,2026-03-06,0,1,nao,nao
ALEXANDER LUIZ ALVES DIAS,ALEXANDER LUIZ ALVES DIAS,3,2,1,0,2026-03-09,2026-03-17,1,0,sim,nao
ALEXANDER VINAGRE CORREA,ALEXANDER VINAGRE CORREA,2,1,1,0,2026-03-25,2026-04-20,1,1,sim,nao
ALEXANDRA CRYSTINA ASSIS DE SOUSA,ALEXANDRA CRYSTINA ASSIS DE SOUSA,1,1,0,0,2024-10-30,2024-10-30,1,0,nao,nao
ALEXANDRA DE JESUS,ALEXANDRA DE JESUS,1,1,0,0,2026-03-23,2026-03-23,1,0,nao,nao
ALEXANDRA MATTOS DE SOUZA,ALEXANDRA MATTOS DE SOUZA,2,1,1,1,2024-12-05,2024-12-05,2,1,sim,sim
ALEXANDRA NASCIMENTO NASSAR E SILVA,ALEXANDRA NASCIMENTO NASSAR E SILVA,1,0,1,0,2024-12-18,2024-12-18,1,1,nao,nao
ALEXANDRE ALVES CARNEIRO,ALEXANDRE ALVES CARNEIRO,1,1,0,0,2025-12-16,2025-12-16,1,1,nao,nao
ALEXANDRE AUGUSTO CARDONI RIOS GONCALVES,ALEXANDRE AUGUSTO CARDONI RIOS GONÇALVES,1,1,0,0,2024-12-09,2024-12-09,1,0,nao,nao
ALEXANDRE AUGUSTO GONCALVES,ALEXANDRE AUGUSTO GONÇALVES,1,0,1,0,2025-11-04,2025-11-04,1,1,nao,nao
ALEXANDRE BARBOSA CAMARINHA,ALEXANDRE BARBOSA CAMARINHA,1,1,0,0,2026-01-15,2026-01-15,1,1,nao,nao
ALEXANDRE BARBOSA LAMELLA,ALEXANDRE BARBOSA LAMELLA,1,0,1,0,2024-10-23,2024-10-23,1,0,nao,nao
ALEXANDRE BASTOS MATTIOLI,ALEXANDRE BASTOS MATTIOLI,2,1,1,1,2024-10-07,2024-10-07,2,1,sim,sim
ALEXANDRE BATISTA PINTO,ALEXANDRE BATISTA PINTO,1,1,0,0,2024-11-01,2024-11-01,1,0,nao,nao
ALEXANDRE CAPOTE PINTO,ALEXANDRE CAPOTE PINTO,1,1,0,0,2026-04-20,2026-04-20,0,0,nao,nao
ALEXANDRE CARVALHO DE MEDEIROS,ALEXANDRE CARVALHO DE MEDEIROS,2,2,0,0,2026-03-09,2026-03-09,1,1,nao,nao
ALEXANDRE COBBETT STAEL COSME,ALEXANDRE COBBETT STAEL COSME,1,0,1,0,2026-04-17,2026-04-17,1,0,nao,nao
ALEXANDRE CORDEIRO DOS SANTOS,ALEXANDRE CORDEIRO DOS SANTOS,1,1,0,0,2024-11-13,2024-11-13,1,0,nao,nao
ALEXANDRE DA COSTA PEIXOTO,ALEXANDRE DA COSTA PEIXOTO,1,0,1,0,2026-04-28,2026-04-28,1,0,nao,nao
ALEXANDRE DA SILVA MEIRELLES,ALEXANDRE DA SILVA MEIRELLES,1,1,0,0,2026-03-23,2026-03-23,0,0,nao,nao
ALEXANDRE DA SILVA MIRANDA,ALEXANDRE DA SILVA MIRANDA,1,1,0,0,2026-01-05,2026-01-05,1,0,nao,nao
ALEXANDRE DA SILVA OLIVEIRA,ALEXANDRE DA SILVA OLIVEIRA,1,1,0,0,2024-12-06,2024-12-06,1,1,nao,nao
ALEXANDRE DAVID SILVESTRE,ALEXANDRE DAVID SILVESTRE,1,0,1,0,2026-01-15,2026-01-15,1,1,nao,nao
ALEXANDRE DE ANDRADE,ALEXANDRE DE ANDRADE,3,3,0,0,2024-10-01,2026-02-24,2,0,nao,nao
ALEXANDRE DE CARVALHO UEMA,ALEXANDRE DE CARVALHO UEMA,1,0,1,0,2026-04-20,2026-04-20,1,1,nao,nao
ALEXANDRE DE MACEDO FERNANDES LOPES,ALEXANDRE DE MACEDO FERNANDES LOPES,2,1,1,0,2024-12-10,2026-01-12,1,1,sim,nao
ALEXANDRE DE OLIVEIRA MACHADO,ALEXANDRE DE OLIVEIRA MACHADO,1,0,1,0,2026-04-17,2026-04-17,1,0,nao,nao
ALEXANDRE DE OLIVEIRA PESSANHA,ALEXANDRE DE OLIVEIRA PESSANHA,1,1,0,0,2026-01-23,2026-01-23,0,0,nao,nao
ALEXANDRE DE PAULA PINTO,ALEXANDRE DE PAULA PINTO,1,0,1,0,2026-03-17,2026-03-17,1,0,nao,nao
ALEXANDRE EMILIO ZALUAR,ALEXANDRE EMILIO ZALUAR,2,1,1,1,2024-12-02,2024-12-02,1,2,sim,sim
ALEXANDRE ESPINDOLA VIANNA,ALEXANDRE ESPINDOLA VIANNA,1,0,1,0,2026-04-14,2026-04-14,1,1,nao,nao
ALEXANDRE FERNANDES LUIZ,ALEXANDRE FERNANDES LUIZ,1,0,1,0,2026-04-17,2026-04-17,1,0,nao,nao
ALEXANDRE FERNANDES VIEIRA,ALEXANDRE FERNANDES VIEIRA,1,1,0,0,2025-11-17,2025-11-17,0,1,nao,nao
ALEXANDRE FONSECA LISBOA,ALEXANDRE FONSECA LISBOA,1,1,0,0,2026-03-20,2026-03-20,1,0,nao,nao
ALEXANDRE FREIRE ROSA,ALEXANDRE FREIRE ROSA,1,1,0,0,2026-02-11,2026-02-11,1,0,nao,nao
ALEXANDRE GUIMARAES DE ALMEIDA COUTO CESAR,ALEXANDRE GUIMARAES DE ALMEIDA COUTO CESAR,1,1,0,0,2026-01-22,2026-01-22,1,1,nao,nao
ALEXANDRE HABRAHAO DE LIMA,ALEXANDRE HABRAHÃO DE LIMA,1,1,0,0,2025-12-02,2025-12-02,0,1,nao,nao
ALEXANDRE ISQUIERDO MOREIRA,ALEXANDRE ISQUIERDO MOREIRA,1,0,1,0,2026-03-20,2026-03-20,1,0,nao,nao
ALEXANDRE JORGE DE CARVALHO TEIXEIRA,ALEXANDRE JORGE DE CARVALHO TEIXEIRA,1,0,1,0,2026-04-22,2026-04-22,1,0,nao,nao
ALEXANDRE JORGE ESTEVES,ALEXANDRE JORGE ESTEVES,2,1,1,0,2025-12-12,2026-02-26,1,0,sim,nao
ALEXANDRE JOSE MARTINS,ALEXANDRE JOSÉ MARTINS,1,0,1,0,2024-11-04,2024-11-04,1,0,nao,nao
ALEXANDRE JOSE SILVA SABINO,ALEXANDRE JOSÉ SILVA SABINO,2,1,1,1,2026-01-22,2026-01-22,2,0,sim,sim
ALEXANDRE LISBOA DE CARVALHO,ALEXANDRE LISBOA DE CARVALHO,1,0,1,0,2026-04-07,2026-04-07,1,1,nao,nao
ALEXANDRE LOURENCO MARTINEZ,ALEXANDRE LOURENCO MARTINEZ,1,1,0,0,2026-04-15,2026-04-15,0,1,nao,nao
ALEXANDRE MAGNO NEVES,ALEXANDRE MAGNO NEVES,1,0,1,0,2025-12-16,2025-12-16,1,1,nao,nao
ALEXANDRE MARCOS ALVES PEREIRA,ALEXANDRE MARCOS ALVES PEREIRA,1,0,1,0,2026-04-16,2026-04-16,1,1,nao,nao
ALEXANDRE MARINHO HERINGER,ALEXANDRE MARINHO HERINGER,1,0,1,0,2026-04-17,2026-04-17,1,1,nao,nao
ALEXANDRE MARQUES CORDEIRO,ALEXANDRE MARQUES CORDEIRO,1,0,1,0,2026-04-16,2026-04-16,1,0,nao,nao
ALEXANDRE MAURO PRADO,ALEXANDRE MAURO PRADO,3,1,2,1,2025-12-03,2026-04-16,3,0,sim,sim
ALEXANDRE NICOLAU DE CARVALHO,ALEXANDRE NICOLAU DE CARVALHO,1,1,0,0,2025-11-28,2025-11-28,1,1,nao,nao
ALEXANDRE NOVO BRAGA,ALEXANDRE NOVO BRAGA,2,1,1,0,2026-03-10,2026-04-09,1,1,sim,nao
ALEXANDRE PAIXAO DA SILVA JUNIOR,ALEXANDRE PAIXAO DA SILVA JUNIOR,1,1,0,0,2026-01-15,2026-01-15,1,1,nao,nao
ALEXANDRE PEDRO JACOB MELLO,ALEXANDRE PEDRO JACOB MELLO,1,0,1,0,2025-12-03,2025-12-03,1,1,nao,nao
ALEXANDRE PEREIRA VELLOSO,ALEXANDRE PEREIRA VELLOSO,2,1,1,1,2026-03-19,2026-03-19,2,0,sim,sim
ALEXANDRE RAMOS MATTAR,ALEXANDRE RAMOS MATTAR,1,1,0,0,2024-10-25,2024-10-25,1,1,nao,nao
ALEXANDRE RANGEL DA ROCHA,ALEXANDRE RANGEL DA ROCHA,1,1,0,0,2025-12-03,2025-12-03,1,1,nao,nao
ALEXANDRE RIBEIRO PINTO,ALEXANDRE RIBEIRO PINTO,2,1,1,1,2025-11-05,2025-11-05,1,0,sim,sim
ALEXANDRE RODRIGUES PINTO,ALEXANDRE RODRIGUES PINTO,1,1,0,0,2025-12-10,2025-12-10,0,1,nao,nao
ALEXANDRE RODRIGUES SAMPAIO,ALEXANDRE RODRIGUES SAMPAIO,1,0,1,0,2025-12-03,2025-12-03,1,1,nao,nao
ALEXANDRE SANTOS TAMBASCO,ALEXANDRE SANTOS TAMBASCO,2,1,1,0,2026-03-24,2026-04-16,1,0,sim,nao
ALEXANDRE SILVA MOREIRA,ALEXANDRE SILVA MOREIRA,1,1,0,0,2026-02-11,2026-02-11,1,0,nao,nao
ALEXANDRE VALLE CARDOSO,ALEXANDRE VALLE CARDOSO,1,1,0,0,2024-11-07,2024-11-07,1,1,nao,nao
ALEXANDRE VIEIRA BANDEIRA,ALEXANDRE VIEIRA BANDEIRA,1,1,0,0,2026-02-20,2026-02-20,1,0,nao,nao
ALEXEY VICTOR ALVES PEREIRA,ALEXEY VICTOR ALVES PEREIRA,1,0,1,0,2026-04-28,2026-04-28,1,0,nao,nao
ALEXIA KELLY MELO GOULART DA SILVA,ALEXIA KELLY MELO GOULART DA SILVA,1,1,0,0,2026-01-06,2026-01-06,0,0,nao,nao
ALEXON LEITE PADILHA,ALEXON LEITE PADILHA,1,1,0,0,2026-01-13,2026-01-13,1,1,nao,nao
ALEXSANDRA MARIA DE SOUSA FERNANDES FARIA,ALEXSANDRA MARIA DE SOUSA FERNANDES FARIA,1,1,0,0,2026-01-08,2026-01-08,0,0,nao,nao
ALEXSANDRO DA SILVA COSTA,ALEXSANDRO DA SILVA COSTA,1,1,0,0,2024-10-15,2024-10-15,1,0,nao,nao
ALEXSANDRO FORTUNATO,ALEXSANDRO FORTUNATO,1,0,1,0,2025-11-14,2025-11-14,1,0,nao,nao
ALEXSANY MATOS GONZAGA,ALEXSANY MATOS GONZAGA,1,1,0,0,2026-03-02,2026-03-02,1,1,nao,nao
ALE￾XANDER CELESTINO DE BARROS,ALE￾XANDER CELESTINO DE BARROS,1,0,1,0,2024-10-01,2024-10-01,1,0,nao,nao
ALE￾XANDRE GOULART GALVAO,ALE￾XANDRE GOULART GALVÃO,1,0,1,0,2024-10-23,2024-10-23,1,1,nao,nao
ALICE ALMEIDA CAROPRESE,ALICE ALMEIDA CAROPRESE,1,1,0,0,2025-11-26,2025-11-26,0,1,nao,nao
ALICE EDWIGES DOMINGOS BRAGA,ALICE EDWIGES DOMINGOS BRAGA,1,1,0,0,2026-02-02,2026-02-02,0,0,nao,nao
ALICE HELENA RODRIGUES,ALICE HELENA RODRIGUES,1,1,0,0,2026-03-23,2026-03-23,0,0,nao,nao
ALICE RODRIGUES DE SOUZA,ALICE RODRIGUES DE SOUZA,1,1,0,0,2025-12-15,2025-12-15,1,0,nao,nao
ALINA MARQUES MARTINS,ALINA MARQUES MARTINS,1,0,1,0,2024-12-05,2024-12-05,0,0,nao,nao
ALINE AGUIAR DA ROCHA,ALINE AGUIAR DA ROCHA,1,0,1,0,2026-03-25,2026-03-25,1,0,nao,nao
ALINE ALMEIDA SILVA,ALINE ALMEIDA SILVA,1,1,0,0,2026-02-26,2026-02-26,1,0,nao,nao
ALINE ALVES FELIX,ALINE ALVES FELIX,2,0,2,0,2026-02-09,2026-04-28,1,1,nao,nao
ALINE BARBOSA DOS SANTOS DE OLIVEIRA REIS,ALINE BARBOSA DOS SANTOS DE OLIVEIRA REIS,1,0,1,0,2026-03-23,2026-03-23,1,0,nao,nao
ALINE BATISTA DA ANUNCIACAO DE OLIVEIRA,ALINE BATISTA DA ANUNCIACAO DE OLIVEIRA,1,1,0,0,2026-03-25,2026-03-25,0,1,nao,nao
ALINE CARVALHO FERREIRA,ALINE CARVALHO FERREIRA,3,2,1,2,2026-02-27,2026-03-16,2,2,sim,sim
ALINE CRISTINA CRUZ DOS SANTOS,ALINE CRISTINA CRUZ DOS SANTOS,1,0,1,0,2026-03-18,2026-03-18,1,1,nao,nao
ALINE CRISTINA DA SILVA CUNHA PRESTES,ALINE CRISTINA DA SILVA CUNHA PRESTES,2,1,1,1,2026-03-13,2026-03-20,2,1,sim,sim
ALINE DA COSTA DE CARVALHO,ALINE DA COSTA DE CARVALHO,1,0,1,0,2026-04-27,2026-04-27,1,1,nao,nao
ALINE DA COSTA MUGER MONTEIRO,ALINE DA COSTA MUGER MONTEIRO,2,1,1,0,2026-01-29,2026-03-23,1,0,sim,nao
ALINE DA CRUZ FONSECA SANTOS,ALINE DA CRUZ FONSECA SANTOS,1,1,0,0,2026-02-06,2026-02-06,0,0,nao,nao
ALINE DANIELE BARBOSA ANDRADE,ALINE DANIELE BARBOSA ANDRADE,1,1,0,0,2024-12-10,2024-12-10,1,1,nao,nao
ALINE DE OLIVEIRA RAMOS,ALINE DE OLIVEIRA RAMOS,1,1,0,0,2026-01-12,2026-01-12,1,1,nao,nao
ALINE DOS SANTOS BEZERRA,ALINE DOS SANTOS BEZERRA,1,1,0,0,2024-12-02,2024-12-02,0,0,nao,nao
ALINE GOMES MEDEIROS,ALINE GOMES MEDEIROS,2,1,1,1,2026-03-02,2026-03-24,2,1,sim,sim
ALINE LAUDELINA LOPES DOS SANTOS PIRES,ALINE LAUDELINA LOPES DOS SANTOS PIRES,1,0,1,0,2024-12-05,2024-12-05,1,0,nao,nao
ALINE LUCIA LEAL DE OLIVEIRA,ALINE LUCIA LEAL DE OLIVEIRA,2,2,0,0,2026-02-05,2026-03-18,0,0,nao,nao
ALINE OLIVEIRA DA SILVA,ALINE OLIVEIRA DA SILVA,1,0,1,0,2024-11-06,2024-11-06,1,1,nao,nao
ALINE PAPERA MONTEIRO NESTI,ALINE PAPERA MONTEIRO NESTI,2,1,1,1,2024-12-02,2024-12-02,1,1,sim,sim
ALINE PEREIRA,ALINE PEREIRA,2,1,1,1,2026-03-19,2026-03-25,1,1,sim,sim
ALINE PEREIRA GONCALVES,ALINE PEREIRA GONCALVES,1,1,0,0,2026-01-13,2026-01-13,0,1,nao,nao
ALINE RIBEIRO FONSECA,ALINE RIBEIRO FONSECA,1,1,0,0,2026-03-04,2026-03-04,1,1,nao,nao
ALINE RIBEIRO MOREIRA,ALINE RIBEIRO MOREIRA,2,1,1,1,2024-10-04,2024-10-04,2,1,sim,sim
ALINE RIBEIRO SILVA LEITAO,ALINE RIBEIRO SILVA LEITAO,1,1,0,0,2026-02-05,2026-02-05,0,0,nao,nao
ALINE RODRIGUES ALMEIDA PIMENTEL,ALINE RODRIGUES ALMEIDA PIMENTEL,1,0,1,0,2025-12-04,2025-12-04,1,1,nao,nao
ALINE RODRIGUES SEGURO,ALINE RODRIGUES SEGURO,1,0,1,0,2026-03-13,2026-03-13,1,0,nao,nao
ALINE SILVA FERNANDES,ALINE SILVA FERNANDES,1,0,1,0,2026-01-15,2026-01-15,1,1,nao,nao
ALINE SOUZA AGUIAR IVITUHY,ALINE SOUZA AGUIAR IVITUHY,1,1,0,0,2025-11-17,2025-11-17,1,1,nao,nao
ALINE VELOSO LUZ,ALINE VELOSO LUZ,3,1,2,0,2026-02-06,2026-03-10,3,0,sim,nao
ALINNE ALVES CAMPOS DA SILVA,ALINNE ALVES CAMPOS DA SILVA,1,1,0,0,2024-12-10,2024-12-10,1,0,nao,nao
ALISON SILVA SANT ANA,ALISON SILVA SANT ANA,2,0,2,0,2026-03-10,2026-03-10,1,0,nao,nao
ALISSON JOSE RAMOS BATISTA,ALISSON JOSE RAMOS BATISTA,2,1,1,1,2024-11-12,2024-11-12,2,2,sim,sim
ALISSON SILVA SANT ANA,ALISSON SILVA SANT ANA,1,1,0,0,2026-03-04,2026-03-04,1,0,nao,nao
ALI￾ZALDO RIBEIRO DOS SANTOS,ALI￾ZALDO RIBEIRO DOS SANTOS,1,0,1,0,2024-10-25,2024-10-25,1,0,nao,nao
ALLAN ALEX DE CASTRO PINTO,ALLAN ALEX DE CASTRO PINTO,1,0,1,0,2025-11-18,2025-11-18,1,0,nao,nao
ALLAN CAUA GOMES VIANA VARGAS DA COSTA,ALLAN CAUA GOMES VIANA VARGAS DA COSTA,1,1,0,0,2025-12-11,2025-12-11,1,0,nao,nao
ALLAN CESAR DO NASCIMENTO OLIVEIRA,ALLAN CESAR DO NASCIMENTO OLIVEIRA,1,0,1,0,2026-01-12,2026-01-12,1,1,nao,nao
ALLAN COSTA DOS REIS,ALLAN COSTA DOS REIS,2,1,1,1,2026-04-20,2026-04-27,1,0,sim,sim
ALLAN DE MATTOS DANTAS,ALLAN DE MATTOS DANTAS,1,1,0,0,2024-12-09,2024-12-09,1,0,nao,nao
ALLAN MORGADO NACIF,ALLAN MORGADO NACIF,1,1,0,0,2025-12-29,2025-12-29,0,1,nao,nao
ALLAN SOUZA SILVA,ALLAN SOUZA SILVA,2,2,0,0,2026-02-23,2026-02-23,2,0,nao,nao
ALLAN VIANNA FEIJO,ALLAN VIANNA FEIJO,1,1,0,0,2026-01-08,2026-01-08,1,1,nao,nao
ALLANA SILVA DE JESUS,ALLANA SILVA DE JESUS,1,0,1,0,2026-01-13,2026-01-13,1,0,nao,nao
ALLANA VEREDIANO DOS SANTOS,ALLANA VEREDIANO DOS SANTOS,1,1,0,0,2026-01-15,2026-01-15,1,1,nao,nao
ALLEF FARIA PINHEIRO,ALLEF FARIA PINHEIRO,1,1,0,0,2025-11-24,2025-11-24,0,0,nao,nao
ALLEN CARVALHO CORREA,ALLEN CARVALHO CORREA,1,1,0,0,2026-01-27,2026-01-27,1,1,nao,nao
ALLYSON SILVA TEIXEIRA,ALLYSON SILVA TEIXEIRA,1,1,0,0,2025-11-19,2025-11-19,1,1,nao,nao
ALMIR MACHADO VIEIRA,ALMIR MACHADO VIEIRA,1,0,1,0,2024-10-11,2024-10-11,1,0,nao,nao
ALMIR ROSA VALGAS,ALMIR ROSA VALGAS,1,1,0,0,2024-11-01,2024-11-01,0,0,nao,nao
ALOISIO GERALDO SABINO LOPES,ALOISIO GERALDO SABINO LOPES,1,0,1,0,2024-12-10,2024-12-10,1,1,nao,nao
ALTAIR RICARDO GERONIMO,ALTAIR RICARDO GERÔNIMO,1,1,0,0,2026-01-05,2026-01-05,1,0,nao,nao
ALTAIR SILVA,ALTAIR SILVA,2,1,1,1,2024-12-05,2024-12-05,2,0,sim,sim
ALVARO GOMES DE PINHO JUNIOR,ALVARO GOMES DE PINHO JUNIOR,1,1,0,0,2026-03-04,2026-03-04,1,1,nao,nao
ALVARO JOSE TEIXEIRA ANANIAS DIAS,ALVARO JOSE TEIXEIRA ANANIAS DIAS,1,1,0,0,2026-02-02,2026-02-02,1,0,nao,nao
ALVARO JOSE VALENTE DA FONSECA,ALVARO JOSE VALENTE DA FONSECA,1,1,0,0,2025-12-16,2025-12-16,1,1,nao,nao
ALVARO LIMA MACHADO,ALVARO LIMA MACHADO,1,0,1,0,2026-04-17,2026-04-17,1,0,nao,nao
ALVARO LUCAS COUTINHO JUNIOR,ALVARO LUCAS COUTINHO JUNIOR,1,0,1,0,2026-04-29,2026-04-29,1,1,nao,nao
ALVARO MAXIMILIANO PINO COVIELLO,ALVARO MAXIMILIANO PINO COVIELLO,1,0,1,0,2026-02-05,2026-02-05,1,1,nao,nao
ALVARO RAFAEL OUVINA MACHADO,ÁLVARO RAFAEL OUVINÃ MACHADO,1,1,0,0,2024-11-25,2024-11-25,0,1,nao,nao
ALVARO TAVARES DA SILVA,ÁLVARO TAVARES DA SILVA,1,0,1,0,2024-10-01,2024-10-01,1,0,nao,nao
ALVIM BELLIS DE SOUZA NETO,ALVIM BELLIS DE SOUZA NETO,1,0,1,0,2026-03-26,2026-03-26,1,0,nao,nao
ALYSSON DARLAN COSTA BRAGA,ALYSSON DARLAN COSTA BRAGA,1,1,0,0,2025-12-26,2025-12-26,1,0,nao,nao
ALYTA DA COSTA LIMA,ALYTA DA COSTA LIMA,1,1,0,0,2025-11-27,2025-11-27,0,1,nao,nao
ALZIMAR FERNANDES GOMES,ALZIMAR FERNANDES GOMES,1,1,0,0,2026-03-09,2026-03-09,0,1,nao,nao
AL￾FREDO DA SILVA CUNHA,AL￾FREDO DA SILVA CUNHA,1,0,1,0,2024-10-11,2024-10-11,1,0,nao,nao
AL￾LAN JEFFERSON MAURICIO MIRANDA DE LIMA,AL￾LAN JEFFERSON MAURICIO MIRANDA DE LIMA,1,0,1,0,2024-12-02,2024-12-02,1,0,nao,nao
AMADEU RIBEIRO DUARTE,AMADEU RIBEIRO DUARTE,1,0,1,0,2026-04-16,2026-04-16,1,0,nao,nao
AMANCIO MENDONCA CORREIA,AMANCIO MENDONCA CORREIA,1,0,1,0,2026-04-16,2026-04-16,1,1,nao,nao
AMANDA APARECIDA DOS SANTOS QUEIROZ,AMANDA APARECIDA DOS SANTOS QUEIROZ,1,1,0,0,2026-03-24,2026-03-24,1,1,nao,nao
AMANDA ARAUJO DE PAIVA LORENA,AMANDA ARAUJO DE PAIVA LORENA,2,1,1,1,2024-10-11,2024-10-11,2,1,sim,sim
AMANDA ARCANJO BARBOSA BRIEL,AMANDA ARCANJO BARBOSA BRIEL,2,2,0,0,2024-12-10,2025-11-12,1,1,nao,nao
AMANDA BARBOSA DE FARIAS,AMANDA BARBOSA DE FARIAS,2,1,1,1,2026-03-19,2026-03-24,1,0,sim,sim
AMANDA COELHO DE FREITAS FERNANDES,AMANDA COELHO DE FREITAS FERNANDES,1,0,1,0,2026-02-09,2026-02-09,1,1,nao,nao
AMANDA DA SILVA RODRIGUES,AMANDA DA SILVA RODRIGUES,1,0,1,0,2026-03-23,2026-03-23,1,0,nao,nao
AMANDA DE CARVALHO BORBA,AMANDA DE CARVALHO BORBA,1,1,0,0,2026-01-19,2026-01-19,0,0,nao,nao
AMANDA DE CARVALHO FREITAS,AMANDA DE CARVALHO FREITAS,1,1,0,0,2026-03-23,2026-03-23,1,0,nao,nao
AMANDA DO CARMO DOMINGUES,AMANDA DO CARMO DOMINGUES,1,0,1,0,2026-04-17,2026-04-17,1,0,nao,nao
AMANDA FERNANDES LIMA,AMANDA FERNANDES LIMA,1,1,0,0,2025-12-15,2025-12-15,1,1,nao,nao
AMANDA FILGUEIRAS DE SALLES,AMANDA FILGUEIRAS DE SALLES,1,1,0,0,2026-01-02,2026-01-02,1,0,nao,nao
AMANDA GONCALVES FLOR,AMANDA GONCALVES FLOR,2,1,1,0,2026-02-06,2026-03-25,2,0,sim,nao
AMANDA GONCALVES TEIXEIRA,AMANDA GONCALVES TEIXEIRA,1,0,1,0,2026-01-13,2026-01-13,1,1,nao,nao
AMANDA HELENA TEIXEIRA DE OLIVEIRA,AMANDA HELENA TEIXEIRA DE OLIVEIRA,2,2,0,0,2025-11-28,2026-01-02,2,2,nao,nao
AMANDA KUCHENBECKER PACHECO,AMANDA KUCHENBECKER PACHECO,1,0,1,0,2026-04-15,2026-04-15,1,1,nao,nao
AMANDA LUCIA DE SANTANA CAMPELLO,AMANDA LUCIA DE SANTANA CAMPELLO,1,1,0,0,2026-03-27,2026-03-27,0,1,nao,nao
AMANDA MARTINS NEVES,AMANDA MARTINS NEVES,2,2,0,0,2026-02-24,2026-02-24,2,1,nao,nao
AMANDA MAYRA DOS REIS,AMANDA MAYRA DOS REIS,2,1,1,0,2026-03-13,2026-03-27,2,0,sim,nao
AMANDA MEDEIROS GAYOSO SILVA,AMANDA MEDEIROS GAYOSO SILVA,1,1,0,0,2026-03-17,2026-03-17,1,0,nao,nao
AMANDA MONTAVANELI CARVALHO,AMANDA MONTAVANELI CARVALHO,2,1,1,1,2024-11-28,2025-11-19,1,1,sim,sim
AMANDA NICK DE OLIVEIRA CALDAS,AMANDA NICK DE OLIVEIRA CALDAS,1,1,0,0,2026-02-05,2026-02-05,0,1,nao,nao
AMANDA OLIVEIRA SCARPARO,AMANDA OLIVEIRA SCARPARO,1,0,1,0,2025-11-19,2025-11-19,1,0,nao,nao
AMANDA PARMEGIANI FERNANDES,AMANDA PARMEGIANI FERNANDES,1,0,1,0,2026-04-08,2026-04-08,1,1,nao,nao
AMANDA ROSA DE OLIVEIRA COSTA,AMANDA ROSA DE OLIVEIRA COSTA,1,1,0,0,2025-12-15,2025-12-15,0,1,nao,nao
AMANDA TINOCO CALDAS,AMANDA TINOCO CALDAS,1,0,1,0,2025-12-16,2025-12-16,0,0,nao,nao
AMANDIO DE CARVALHO PEREIRA,AMANDIO DE CARVALHO PEREIRA,1,1,0,0,2026-03-06,2026-03-06,1,1,nao,nao
AMARA DA SILVA MONTEIRO,AMARA DA SILVA MONTEIRO,1,0,1,0,2026-03-19,2026-03-19,1,1,nao,nao
AMARO ACCIOLY RAMOS,AMARO ACCIOLY RAMOS,1,1,0,0,2025-12-05,2025-12-05,1,1,nao,nao
AMAURI RODRIGUES SIQUEIRA,AMAURI RODRIGUES SIQUEIRA,1,0,1,0,2024-10-09,2024-10-09,1,0,nao,nao
AMIL￾SEM DE AGUIAR MUZER JUNIOR,AMIL￾SEM DE AGUIAR MUZER JUNIOR,1,0,1,0,2024-10-01,2024-10-01,1,1,nao,nao
ANA BEATRIZ CUTALO DE LIRA BASQUES,ANA BEATRIZ CUTALO DE LIRA BASQUES,1,0,1,0,2026-04-14,2026-04-14,1,1,nao,nao
ANA BEATRIZ DA SILVA PEREIRA,ANA BEATRIZ DA SILVA PEREIRA,1,1,0,0,2026-03-09,2026-03-09,1,0,nao,nao
ANA BEATRIZ DE SOUZA,ANA BEATRIZ DE SOUZA,2,1,1,1,2024-12-04,2024-12-04,1,1,sim,sim
ANA BEATRIZ DOS SANTOS FIRMINO,ANA BEATRIZ DOS SANTOS FIRMINO,1,1,0,0,2026-01-15,2026-01-15,1,1,nao,nao
ANA BEATRIZ JACOMELLI POMBO FREITAS,ANA BEATRIZ JACOMELLI POMBO FREITAS,1,0,1,0,2024-10-31,2024-10-31,1,0,nao,nao
ANA BEATRIZ LEAL,ANA BEATRIZ LEAL,1,1,0,0,2025-11-14,2025-11-14,1,0,nao,nao
ANA BEATRIZ MELO DE SOUZA,ANA BEATRIZ MELO DE SOUZA,1,0,1,0,2024-12-20,2024-12-20,1,1,nao,nao
ANA BEATRIZ PEREIRA SANTOS,ANA BEATRIZ PEREIRA SANTOS,1,0,1,0,2024-10-31,2024-10-31,1,0,nao,nao
ANA BEATRIZ TEIXEIRA BRANDAO CAMELLO FERREI￾RA,ANA BEATRIZ TEIXEIRA BRANDÃO CAMELLO FERREI￾RA,1,1,0,0,2024-12-17,2024-12-17,1,0,nao,nao
ANA CARLA CASCIANO DE VITERBO,ANA CARLA CASCIANO DE VITERBO,1,1,0,0,2024-10-04,2024-10-04,0,0,nao,nao
ANA CARLA COSTA RAMIRO DE OLIVEIRA,ANA CARLA COSTA RAMIRO DE OLIVEIRA,1,1,0,0,2025-12-08,2025-12-08,1,1,nao,nao
ANA CARLA DA COSTA SILVA,ANA CARLA DA COSTA SILVA,1,0,1,0,2026-01-06,2026-01-06,1,0,nao,nao
ANA CAROLINA ALMEIDA BRITO,ANA CAROLINA ALMEIDA BRITO,1,1,0,0,2026-01-29,2026-01-29,1,0,nao,nao
ANA CAROLINA ALMEIDA E ALMEIDA,ANA CAROLINA ALMEIDA E ALMEIDA,1,1,0,0,2024-12-10,2024-12-10,0,0,nao,nao
ANA CAROLINA ALVES CAVALVANTE,ANA CAROLINA ALVES CAVALVANTE,2,2,0,0,2026-02-23,2026-02-23,1,2,nao,nao
ANA CAROLINA COUTO DE PAULA,ANA CAROLINA COUTO DE PAULA,1,1,0,0,2025-12-02,2025-12-02,1,1,nao,nao
ANA CAROLINA DA COSTA ANTUNES LEAL,ANA CAROLINA DA COSTA ANTUNES LEAL,1,1,0,0,2026-01-02,2026-01-02,0,1,nao,nao
ANA CAROLINA DE ABREU PESSOA,ANA CAROLINA DE ABREU PESSOA,2,1,1,1,2024-11-11,2024-11-11,1,0,sim,sim
ANA CAROLINA DE ALMEIDA TAVARES,ANA CAROLINA DE ALMEIDA TAVARES,1,1,0,0,2025-11-27,2025-11-27,0,1,nao,nao
ANA CAROLINA DE ANDRADE CHATEAUBRIAND LOURENCO,ANA CAROLINA DE ANDRADE CHATEAUBRIAND LOURENCO,1,0,1,0,2026-04-29,2026-04-29,1,1,nao,nao
ANA CAROLINA DE SOUZA LIMA,ANA CAROLINA DE SOUZA LIMA,1,1,0,0,2024-12-10,2024-12-10,0,1,nao,nao
ANA CAROLINA DINIZ DE LIMA,ANA CAROLINA DINIZ DE LIMA,1,1,0,0,2025-12-02,2025-12-02,1,1,nao,nao
ANA CAROLINA DOS SANTOS SENRA CORTES,ANA CAROLINA DOS SANTOS SENRA CORTES,1,0,1,0,2026-02-03,2026-02-03,1,1,nao,nao
ANA CAROLINA FARIA BRITO,ANA CAROLINA FARIA BRITO,2,1,1,1,2024-12-23,2024-12-23,1,1,sim,sim
ANA CAROLINA FREIRE DE CARVALHO,ANA CAROLINA FREIRE DE CARVALHO,1,1,0,0,2024-11-11,2024-11-11,1,0,nao,nao
ANA CAROLINA GOMES DE MELLO,ANA CAROLINA GOMES DE MELLO,2,1,1,1,2024-10-01,2024-10-10,2,1,sim,sim
ANA CAROLINA MAIA DE MORAES,ANA CAROLINA MAIA DE MORAES,1,1,0,0,2026-01-05,2026-01-05,0,1,nao,nao
ANA CAROLINA MODESTO DA SILVA FERREIRA,ANA CAROLINA MODESTO DA SILVA FERREIRA,1,1,0,0,2024-10-02,2024-10-02,0,0,nao,nao
ANA CAROLINA MONTEIRO LOPES,ANA CAROLINA MONTEIRO LOPES,1,1,0,0,2026-03-20,2026-03-20,1,0,nao,nao
ANA CAROLINA NOGUEIRA BEIRAO,ANA CAROLINA NOGUEIRA BEIRAO,2,1,1,1,2026-03-13,2026-04-27,1,0,sim,sim
ANA CAROLINA PACHECO OLIMPIO MEDEIROS,ANA CAROLINA PACHECO OLIMPIO MEDEIROS,1,0,1,0,2026-03-11,2026-03-11,1,1,nao,nao
ANA CAROLINA PEREIRA DE ALMEIDA,ANA CAROLINA PEREIRA DE ALMEIDA,1,1,0,0,2024-12-06,2024-12-06,1,0,nao,nao
ANA CAROLINA RADD LIMA,ANA CAROLINA RADD LIMA,1,1,0,0,2026-03-04,2026-03-04,0,0,nao,nao
ANA CAROLINA SANTOS DE JESUS,ANA CAROLINA SANTOS DE JESUS,1,1,0,0,2026-03-20,2026-03-20,1,0,nao,nao
ANA CAROLINA SILVA DOS SANTOS,ANA CAROLINA SILVA DOS SANTOS,1,0,1,0,2026-03-24,2026-03-24,1,1,nao,nao
ANA CAROLINA SILVA REIS,ANA CAROLINA SILVA REIS,1,1,0,0,2026-04-14,2026-04-14,1,1,nao,nao
ANA CAROLINE CARVALHO CALDAS,ANA CAROLINE CARVALHO CALDAS,1,0,1,0,2026-03-24,2026-03-24,1,0,nao,nao
ANA CECILIA DE SOUZA,ANA CECILIA DE SOUZA,1,0,1,0,2025-11-12,2025-11-12,1,1,nao,nao
ANA CELIA DE SOUSA SILVA COUTO,ANA CELIA DE SOUSA SILVA COUTO,1,0,1,0,2026-02-05,2026-02-05,1,0,nao,nao
ANA CLARA COSTA RADOVICZ,ANA CLARA COSTA RADOVICZ,1,0,1,0,2026-04-09,2026-04-09,1,0,nao,nao
ANA CLARA FERNANDES DA COSTA,ANA CLARA FERNANDES DA COSTA,1,1,0,0,2026-02-05,2026-02-05,1,0,nao,nao
ANA CLARA FONTES CARACIOLA FONSECA,ANA CLARA FONTES CARACIOLA FONSECA,1,0,1,0,2024-11-08,2024-11-08,1,0,nao,nao
ANA CLARA LIMA SOUZA,ANA CLARA LIMA SOUZA,1,1,0,0,2025-12-12,2025-12-12,1,0,nao,nao
ANA CLARA MANTOVANI FRANCA,ANA CLARA MANTOVANI FRANÇA,1,1,0,0,2024-10-02,2024-10-02,0,1,nao,nao
ANA CLARA PEREIRA BARBOSA TAVARES,ANA CLARA PEREIRA BARBOSA TAVARES,1,1,0,0,2026-02-26,2026-02-26,1,1,nao,nao
ANA CLARA RANIERE DOS SANTOS VIEIRA,ANA CLARA RANIERE DOS SANTOS VIEIRA,1,1,0,0,2026-03-23,2026-03-23,1,0,nao,nao
ANA CLARA SALES DE LIMA,ANA CLARA SALES DE LIMA,1,1,0,0,2026-03-10,2026-03-10,0,0,nao,nao
ANA CLAUDIA BULE RIBEIRO ARENARI,ANA CLAUDIA BULE RIBEIRO ARENARI,1,0,1,0,2026-01-27,2026-01-27,1,1,nao,nao
ANA CLAUDIA DA SILVA BARCELLOS,ANA CLAUDIA DA SILVA BARCELLOS,1,0,1,0,2026-04-16,2026-04-16,1,1,nao,nao
ANA CLAUDIA DE FREITAS,ANA CLAUDIA DE FREITAS,1,1,0,0,2025-11-28,2025-11-28,1,1,nao,nao
ANA CLAUDIA DE MELO CARVALHO,ANA CLAUDIA DE MELO CARVALHO,1,1,0,0,2026-02-26,2026-02-26,1,1,nao,nao
ANA CLAUDIA DE MOURA FONTES ARARUNA,ANA CLAUDIA DE MOURA FONTES ARARUNA,1,1,0,0,2026-02-27,2026-02-27,1,0,nao,nao
ANA CLAUDIA FARIAS MONSUETA GONCALVES,ANA CLAUDIA FARIAS MONSUETA GONÇALVES,1,1,0,0,2024-11-12,2024-11-12,0,1,nao,nao
ANA CLAUDIA POITE HERMENEGILDO DE MATTO S,ANA CLAUDIA POITE HERMENEGILDO DE MATTO S,1,1,0,0,2024-10-29,2024-10-29,1,1,nao,nao
ANA CLAUDIA POITE HERMENEGILDO DE MATTOS,ANA CLAUDIA POITE HERMENEGILDO DE MATTOS,1,0,1,0,2024-10-29,2024-10-29,1,1,nao,nao
ANA CLAUDIA SANTOS ABRANTES,ANA CLAUDIA SANTOS ABRANTES,1,0,1,0,2026-04-14,2026-04-14,1,0,nao,nao
ANA CLAUDIA SOUZA LIMA,ANA CLAUDIA SOUZA LIMA,1,1,0,0,2026-01-19,2026-01-19,1,1,nao,nao
ANA CLAUDIA XAVIER DA SILVA,ANA CLAUDIA XAVIER DA SILVA,1,1,0,0,2024-11-12,2024-11-12,0,1,nao,nao
ANA CRISTINA CUNHA DA SILVA,ANA CRISTINA CUNHA DA SILVA,1,0,1,0,2026-04-29,2026-04-29,1,1,nao,nao
ANA CRISTINA DA COSTA FREITAS,ANA CRISTINA DA COSTA FREITAS,2,1,1,0,2026-01-29,2026-03-23,1,0,sim,nao
ANA CRISTINA DA GAMA LIMA FUZEIRA,ANA CRISTINA DA GAMA LIMA FUZEIRA,2,2,0,0,2026-03-25,2026-04-14,0,1,nao,nao
ANA CRISTINA DOS ANTUNES DO NASCIMENTO,ANA CRISTINA DOS ANTUNES DO NASCIMENTO,1,1,0,0,2026-03-13,2026-03-13,1,0,nao,nao
ANA CRISTINA DOS SANTOS ANTUNES,ANA CRISTINA DOS SANTOS ANTUNES,1,0,1,0,2026-04-17,2026-04-17,1,1,nao,nao
ANA CRISTINA DOS SANTOS DE BARROS,ANA CRISTINA DOS SANTOS DE BARROS,2,1,1,0,2026-03-24,2026-04-16,1,1,sim,nao
ANA CRISTINA FERREIRA DE ANDRADE MACHADO,ANA CRISTINA FERREIRA DE ANDRADE MACHADO,1,0,1,0,2025-11-19,2025-11-19,1,0,nao,nao
ANA CRISTINA MIRANDA DE ARAUJO COSTA,ANA CRISTINA MIRANDA DE ARAÚJO COSTA,1,1,0,0,2024-12-05,2024-12-05,1,0,nao,nao
ANA CRISTINA OLIVEIRA LIMA,ANA CRISTINA OLIVEIRA LIMA,1,1,0,0,2026-01-27,2026-01-27,0,1,nao,nao
ANA CRISTINA RAMOS BRITTO TEIXEIRA,ANA CRISTINA RAMOS BRITTO TEIXEIRA,3,2,1,1,2026-03-17,2026-03-27,3,2,sim,sim
ANA CRISTINA TARGAT ROCHA,ANA CRISTINA TARGAT ROCHA,1,0,1,0,2026-01-19,2026-01-19,1,1,nao,nao
ANA DE ALBUQUERQUE DA SILVA,ANA DE ALBUQUERQUE DA SILVA,1,0,1,0,2026-04-15,2026-04-15,1,1,nao,nao
ANA ELISA NUNES DOS SANTOS,ANA ELISA NUNES DOS SANTOS,1,1,0,0,2025-11-14,2025-11-14,1,1,nao,nao
ANA FLAVIA CAIXETA DE OLIVEIRA,ANA FLAVIA CAIXETA DE OLIVEIRA,2,1,1,0,2025-12-19,2026-04-28,1,1,sim,nao
ANA GISELA OLIVEIRA CUNHA DE SOUZA,ANA GISELA OLIVEIRA CUNHA DE SOUZA,1,1,0,0,2024-11-11,2024-11-11,0,1,nao,nao
ANA ISABEL BARBOSA PEREIRA,ANA ISABEL BARBOSA PEREIRA,2,1,1,0,2024-10-04,2026-02-02,1,1,sim,nao
ANA KAREN SILVA FERREIRA,ANA KAREN SILVA FERREIRA,2,1,1,0,2026-01-29,2026-04-17,2,0,sim,nao
ANA KAROLINE NORONHA COUTO,ANA KAROLINE NORONHA COUTO,1,1,0,0,2025-11-17,2025-11-17,1,0,nao,nao
ANA LARA DOS SANTOS VIEIRA,ANA LARA DOS SANTOS VIEIRA,1,1,0,0,2026-02-02,2026-02-02,0,1,nao,nao
ANA LETICIA PEREIRA MARTINS JOCA,ANA LETICIA PEREIRA MARTINS JOCA,1,0,1,0,2026-04-15,2026-04-15,1,1,nao,nao
ANA LUCIA FERNANDEZ BOTELHO,ANA LUCIA FERNANDEZ BOTELHO,2,1,1,1,2026-03-02,2026-04-15,1,1,sim,sim
ANA LUCIA GARCIA BARRETO,ANA LUCIA GARCIA BARRETO,2,1,1,1,2024-11-11,2024-12-09,1,1,sim,sim
ANA LUCIA MENDES LOBATO,ANA LUCIA MENDES LOBATO,1,1,0,0,2026-03-24,2026-03-24,1,0,nao,nao
ANA LUISA DA SILVA PORTILHO,ANA LUISA DA SILVA PORTILHO,1,1,0,0,2026-01-30,2026-01-30,0,0,nao,nao
ANA LUISA MELLO DE MORAES,ANA LUISA MELLO DE MORAES,1,1,0,0,2026-03-06,2026-03-06,1,0,nao,nao
ANA LUISA VIEIRA DE AZEVEDO,ANA LUISA VIEIRA DE AZEVEDO,1,0,1,0,2026-02-25,2026-02-25,1,1,nao,nao
ANA LUIZA CORDEIRO DUTRA,ANA LUIZA CORDEIRO DUTRA,1,1,0,0,2026-02-27,2026-02-27,1,0,nao,nao
ANA LUIZA DE OLIVEIRA PALHEIROS,ANA LUIZA DE OLIVEIRA PALHEIROS,1,0,1,0,2026-03-25,2026-03-25,1,1,nao,nao
ANA LUIZA FERNANDES INACIO,ANA LUIZA FERNANDES INACIO,1,1,0,0,2026-01-30,2026-01-30,0,0,nao,nao
ANA LUIZA MOREIRA DINIZ,ANA LUIZA MOREIRA DINIZ,1,0,1,0,2024-10-11,2024-10-11,1,0,nao,nao
ANA LUIZA ROCHA DE OLIVEIRA,ANA LUIZA ROCHA DE OLIVEIRA,1,0,1,0,2024-10-17,2024-10-17,0,1,nao,nao
ANA MARIA DO NASCIMENTO SILVA,ANA MARIA DO NASCIMENTO SILVA,1,0,1,0,2025-11-18,2025-11-18,1,1,nao,nao
ANA MARIA DOS SANTOS ANDRE,ANA MARIA DOS SANTOS ANDRE,1,1,0,0,2026-03-04,2026-03-04,1,0,nao,nao
ANA MARIA NASCIMENTO DA SILVA,ANA MARIA NASCIMENTO DA SILVA,2,1,1,1,2026-04-17,2026-04-28,2,1,sim,sim
ANA MARIA TORRES D ALMEIDA,ANA MARIA TORRES D ALMEIDA,1,1,0,0,2026-02-27,2026-02-27,1,1,nao,nao
ANA MARIA VARANDAS PIRES,ANA MARIA VARANDAS PIRES,1,0,1,0,2026-03-19,2026-03-19,1,0,nao,nao
ANA NASCIMENTO DOS SANTOS,ANA NASCIMENTO DOS SANTOS,1,1,0,0,2026-03-23,2026-03-23,1,1,nao,nao
ANA OTILIA SOBRAL MOREIRA,ANA OTILIA SOBRAL MOREIRA,1,0,1,0,2025-12-17,2025-12-17,1,1,nao,nao
ANA PAULA BARBOSA SILVA,ANA PAULA BARBOSA SILVA,1,1,0,0,2024-10-01,2024-10-01,0,1,nao,nao
ANA PAULA BATISTA TAVARES CHADIMENOS,ANA PAULA BATISTA TAVARES CHADIMENOS,1,0,1,0,2026-02-04,2026-02-04,1,0,nao,nao
ANA PAULA CORREIA,ANA PAULA CORREIA,1,0,1,0,2026-01-05,2026-01-05,1,1,nao,nao
ANA PAULA DA SILVA SANTOS,ANA PAULA DA SILVA SANTOS,1,0,1,0,2026-04-17,2026-04-17,1,0,nao,nao
ANA PAULA DA SILVA SOUZA,ANA PAULA DA SILVA SOUZA,1,0,1,0,2026-04-17,2026-04-17,1,0,nao,nao
ANA PAULA DOS SANTOS NASCIMENTO,ANA PAULA DOS SANTOS NASCIMENTO,1,1,0,0,2024-12-02,2024-12-02,0,0,nao,nao
ANA PAULA GONCALVES DA CRUZ,ANA PAULA GONCALVES DA CRUZ,1,0,1,0,2026-03-23,2026-03-23,1,1,nao,nao
ANA PAULA MACHADO DUTRA,ANA PAULA MACHADO DUTRA,1,1,0,0,2026-03-24,2026-03-24,1,0,nao,nao
ANA PAULA NEVES PEREIRA,ANA PAULA NEVES PEREIRA,1,1,0,0,2026-03-18,2026-03-18,0,1,nao,nao
ANA PAULA PERAZO SANTOS REIS,ANA PAULA PERAZO SANTOS REIS,1,0,1,0,2024-11-08,2024-11-08,1,1,nao,nao
ANA PAULA PERAZOLI,ANA PAULA PERAZOLI,1,0,1,0,2024-10-23,2024-10-23,1,1,nao,nao
ANA PAULA PORTO DOS SANTOS SILVA,ANA PAULA PORTO DOS SANTOS SILVA,1,0,1,0,2026-03-17,2026-03-17,1,1,nao,nao
ANA PAULA PROCOPIO DE AZEVEDO,ANA PAULA PROCOPIO DE AZEVEDO,1,0,1,0,2024-12-02,2024-12-02,1,1,nao,nao
ANA PAULA QUEIROZ DOS SANTOS,ANA PAULA QUEIROZ DOS SANTOS,1,1,0,0,2026-03-25,2026-03-25,1,1,nao,nao
ANA VALENTINA NATAL MEIRELLES,ANA VALENTINA NATAL MEIRELLES,1,0,1,0,2026-03-02,2026-03-02,1,1,nao,nao
ANA VITORIA DA SILVA BOMFIM,ANA VITÓRIA DA SILVA BOMFIM,1,1,0,0,2024-12-02,2024-12-02,0,0,nao,nao
ANATIELY MATTOS DE OLIVEIRA BARBOSA,ANATIELY MATTOS DE OLIVEIRA BARBOSA,1,0,1,0,2025-11-28,2025-11-28,1,0,nao,nao
ANDERSON BARROS LENCASTRE,ANDERSON BARROS LENCASTRE,1,0,1,0,2026-03-26,2026-03-26,1,1,nao,nao
ANDERSON BRUNO DA SILVA FARIA,ANDERSON BRUNO DA SILVA FARIA,1,0,1,0,2026-04-16,2026-04-16,1,0,nao,nao
ANDERSON CAMPOS DE OLIVEIRA,ANDERSON CAMPOS DE OLIVEIRA,1,1,0,0,2024-11-01,2024-11-01,0,1,nao,nao
ANDERSON DA SILVA DE CAMPOS,ANDERSON DA SILVA DE CAMPOS,1,0,1,0,2026-01-13,2026-01-13,1,0,nao,nao
ANDERSON DA SILVA RIBEIRO,ANDERSON DA SILVA RIBEIRO,1,0,1,0,2026-03-26,2026-03-26,1,0,nao,nao
ANDERSON DE AZEVEDO COELHO,ANDERSON DE AZEVEDO COELHO,2,1,1,1,2026-03-20,2026-03-20,2,0,sim,sim
ANDERSON DE OLIVEIRA SILVA,ANDERSON DE OLIVEIRA SILVA,1,1,0,0,2024-11-13,2024-11-13,0,0,nao,nao
ANDERSON DE OLIVEIRA VERDAM,ANDERSON DE OLIVEIRA VERDAM,2,1,1,1,2026-04-07,2026-04-14,1,2,sim,sim
ANDERSON DE PAULA SAMPAIO,ANDERSON DE PAULA SAMPAIO,2,1,1,0,2026-02-27,2026-04-27,1,2,sim,nao
ANDERSON GONCALVES VIEIRA,ANDERSON GONÇALVES VIEIRA,2,1,1,0,2026-03-25,2026-04-17,2,1,sim,nao
ANDERSON GUILHERME DA SILVA,ANDERSON GUILHERME DA SILVA,1,1,0,0,2026-03-23,2026-03-23,1,0,nao,nao
ANDERSON JOSE DA FONSECA,ANDERSON JOSE DA FONSECA,1,0,1,0,2026-03-05,2026-03-05,1,1,nao,nao
ANDERSON LINHARES DE MIRANDA,ANDERSON LINHARES DE MIRANDA,1,0,1,0,2026-04-22,2026-04-22,1,1,nao,nao
ANDERSON LUIS BATISTA MONTEIRO,ANDERSON LUIS BATISTA MONTEIRO,1,0,1,0,2026-03-11,2026-03-11,1,0,nao,nao
ANDERSON LUIS DE MORAES,ANDERSON LUIS DE MORAES,1,0,1,0,2026-03-20,2026-03-20,1,0,nao,nao
ANDERSON LUIS OLSEN GOMES,ANDERSON LUIS OLSEN GOMES,2,2,0,0,2025-11-26,2026-02-04,0,0,nao,nao
ANDERSON LUIZ DA SILVA,ANDERSON LUIZ DA SILVA,1,1,0,0,2024-11-05,2024-11-05,1,1,nao,nao
ANDERSON MAGALHAES DA SILVA PEREIRA,ANDERSON MAGALHAES DA SILVA PEREIRA,1,0,1,0,2026-03-06,2026-03-06,1,1,nao,nao
ANDERSON MARTINS DOS SANTOS,ANDERSON MARTINS DOS SANTOS,1,1,0,0,2025-11-28,2025-11-28,0,0,nao,nao
ANDERSON MENDONCA DA SILVA,ANDERSON MENDONÇA DA SILVA,1,1,0,0,2024-11-07,2024-11-07,1,0,nao,nao
ANDERSON MORAIS ALVES DE LIMA,ANDERSON MORAIS ALVES DE LIMA,2,1,1,1,2025-11-17,2025-11-17,2,1,sim,sim
ANDERSON NEIMAR MATOS LEITE,ANDERSON NEIMAR MATOS LEITE,1,0,1,0,2026-04-16,2026-04-16,1,0,nao,nao
ANDERSON NUNES BARBOSA,ANDERSON NUNES BARBOSA,1,1,0,0,2025-12-01,2025-12-01,0,1,nao,nao
ANDERSON RANGEL ANTUNES DE VASCONCELLOS,ANDERSON RANGEL ANTUNES DE VASCONCELLOS,1,1,0,0,2026-01-30,2026-01-30,0,0,nao,nao
ANDERSON ROCHA DA SILVA,ANDERSON ROCHA DA SILVA,1,1,0,0,2024-12-09,2024-12-09,0,0,nao,nao
ANDERSON ROSETI,ANDERSON ROSETI,1,0,1,0,2024-11-12,2024-11-12,1,0,nao,nao
ANDERSON SAMPAIO CHAGAS,ANDERSON SAMPAIO CHAGAS,1,1,0,0,2026-01-07,2026-01-07,0,0,nao,nao
ANDERSON SANTOS DE ALMEIDA,ANDERSON SANTOS DE ALMEIDA,1,1,0,0,2026-04-01,2026-04-01,0,1,nao,nao
ANDERSON SANTOS DE SOUZA,ANDERSON SANTOS DE SOUZA,1,0,1,0,2026-04-28,2026-04-28,1,0,nao,nao
ANDERSON SANTOS VIEIRA,ANDERSON SANTOS VIEIRA,1,1,0,0,2026-02-26,2026-02-26,1,0,nao,nao
ANDERSSON DOS SANTOS MOURA,ANDERSSON DOS SANTOS MOURA,1,1,0,0,2026-04-14,2026-04-14,0,1,nao,nao
ANDRE ALVES DE SOUZA,ANDRÉ ALVES DE SOUZA,1,1,0,0,2024-10-17,2024-10-17,1,0,nao,nao
ANDRE ARAUJO DOS SANTOS,ANDRÉ ARAUJO DOS SANTOS,1,1,0,0,2024-11-13,2024-11-13,0,0,nao,nao
ANDRE CARDOSO DE CARVALHO,ANDRÉ CARDOSO DE CARVALHO,1,1,0,0,2024-12-09,2024-12-09,1,1,nao,nao
ANDRE CARVALHO ALVES,ANDRE CARVALHO ALVES,1,0,1,0,2026-04-08,2026-04-08,1,1,nao,nao
ANDRE DA SILVA LIMA,ANDRE DA SILVA LIMA,1,0,1,0,2026-03-19,2026-03-19,1,0,nao,nao
ANDRE DE ARAUJO COSTA,ANDRE DE ARAUJO COSTA,1,1,0,0,2025-12-03,2025-12-03,1,1,nao,nao
ANDRE DE OLIVEIRA NOGUEIRA,ANDRE DE OLIVEIRA NOGUEIRA,1,0,1,0,2026-03-11,2026-03-11,1,1,nao,nao
ANDRE ERSE CYRINO,ANDRE ERSE CYRINO,1,1,0,0,2026-03-19,2026-03-19,1,1,nao,nao
ANDRE FERREIRA RODRIGUES,ANDRE FERREIRA RODRIGUES,2,1,1,1,2024-12-19,2024-12-19,1,0,sim,sim
ANDRE GOMES DA SILVA,ANDRÉ GOMES DA SILVA,2,0,2,0,2024-12-05,2026-01-30,2,1,nao,nao
ANDRE HONORIO DE SOUZA SZAPIRO,ANDRE HONORIO DE SOUZA SZAPIRO,1,0,1,0,2026-04-17,2026-04-17,1,0,nao,nao
ANDRE LOUREIRO DIAS PAIVA,ANDRE LOUREIRO DIAS PAIVA,1,0,1,0,2026-04-17,2026-04-17,1,1,nao,nao
ANDRE LUIS CAVALCANTE PEIXOTO,ANDRE LUIS CAVALCANTE PEIXOTO,1,0,1,0,2026-01-14,2026-01-14,1,0,nao,nao
ANDRE LUIS DANTAS FERREIRA,ANDRÉ LUÍS DANTAS FERREIRA,1,0,1,0,2026-03-23,2026-03-23,1,0,nao,nao
ANDRE LUIS MELLO SILVA NEVES,ANDRE LUIS MELLO SILVA NEVES,1,1,0,0,2026-03-24,2026-03-24,0,1,nao,nao
ANDRE LUIS SEARA RIBEIRO,ANDRÉ LUIS SEARA RIBEIRO,1,1,0,0,2024-11-12,2024-11-12,0,0,nao,nao
ANDRE LUIZ BUTILHEIROS LOPES,ANDRÉ LUIZ BUTILHEIROS LOPES,1,0,1,0,2024-11-21,2024-11-21,1,1,nao,nao
ANDRE LUIZ CARESTIATO FARIA,ANDRE LUIZ CARESTIATO FARIA,1,0,1,0,2026-04-15,2026-04-15,1,1,nao,nao
ANDRE LUIZ DA SILVA,ANDRE LUIZ DA SILVA,1,1,0,0,2026-02-06,2026-02-06,0,1,nao,nao
ANDRE LUIZ DA SILVA BOTELHO,ANDRE LUIZ DA SILVA BOTELHO,1,0,1,0,2026-03-19,2026-03-19,1,0,nao,nao
ANDRE LUIZ DA SILVA MARIA,ANDRÉ LUIZ DA SILVA MARIA,1,0,1,0,2024-10-24,2024-10-24,1,0,nao,nao
ANDRE LUIZ DE SOUSA FERNANDES,ANDRE LUIZ DE SOUSA FERNANDES,1,0,1,0,2026-04-17,2026-04-17,1,0,nao,nao
ANDRE LUIZ DE SOUZA FERNANDES,ANDRE LUIZ DE SOUZA FERNANDES,1,1,0,0,2024-12-02,2024-12-02,1,0,nao,nao
ANDRE LUIZ GAMA FILHO,ANDRE LUIZ GAMA FILHO,2,1,1,1,2025-11-10,2025-11-10,2,2,sim,sim
ANDRE LUIZ GUIMARAES FERREIRA,ANDRÉ LUIZ GUIMARÃES FERREIRA,2,1,1,1,2024-10-21,2024-10-21,2,1,sim,sim
ANDRE LUIZ MAGALHAES CERQUEIRA,ANDRE LUIZ MAGALHAES CERQUEIRA,1,0,1,0,2026-03-27,2026-03-27,1,0,nao,nao
ANDRE LUIZ MEDEIROS DE SOUZA,ANDRE LUIZ MEDEIROS DE SOUZA,1,0,1,0,2026-02-09,2026-02-09,1,1,nao,nao
ANDRE LUIZ MONICA E SILVA,ANDRÉ LUIZ MÔNICA E SILVA,1,1,0,0,2024-10-16,2024-10-16,1,1,nao,nao
ANDRE LUIZ MOREIRA CONCEICAO,ANDRE LUIZ MOREIRA CONCEICAO,1,1,0,0,2026-03-20,2026-03-20,1,1,nao,nao
ANDRE LUIZ SANTOS DE SOUZA,ANDRE LUIZ SANTOS DE SOUZA,2,1,1,0,2024-11-13,2026-04-17,2,0,sim,nao
ANDRE LUIZ TORRES FERREIRA,ANDRE LUIZ TORRES FERREIRA,1,1,0,0,2025-12-11,2025-12-11,0,0,nao,nao
ANDRE MOTTA DE MORAIS,ANDRE MOTTA DE MORAIS,1,1,0,0,2024-11-12,2024-11-12,1,0,nao,nao
ANDRE OTAVIO FERNANDES FIGUEIREDO,ANDRE OTAVIO FERNANDES FIGUEIREDO,2,0,2,0,2024-10-25,2026-04-28,2,1,nao,nao
ANDRE PINHEIRO DE OLIVEIRA JUNIOR,ANDRE PINHEIRO DE OLIVEIRA JUNIOR,1,0,1,0,2026-04-29,2026-04-29,1,1,nao,nao
ANDRE RAYA DE LEAL SANTOS E SILVA,ANDRÉ RAYA DE LEAL SANTOS E SILVA,1,0,1,0,2024-12-18,2024-12-18,1,1,nao,nao
ANDRE RICARDO BRANDAO DOS SANTOS VASQUEZ,ANDRÉ RICARDO BRANDÃO DOS SANTOS VASQUEZ,1,1,0,0,2026-03-20,2026-03-20,1,0,nao,nao
ANDRE RICARDO FERREIRA,ANDRE RICARDO FERREIRA,2,1,1,0,2026-01-15,2026-03-17,1,1,sim,nao
ANDRE RODRIGUES VIDAL,ANDRE RODRIGUES VIDAL,1,1,0,0,2026-02-05,2026-02-05,0,0,nao,nao
ANDRE SILVA DE OLIVEIRA,ANDRE SILVA DE OLIVEIRA,1,0,1,0,2026-02-12,2026-02-12,1,0,nao,nao
ANDRE VAZ BRAGA,ANDRE VAZ BRAGA,2,1,1,1,2024-10-07,2024-10-07,2,0,sim,sim
ANDRE VINICIUS,ANDRE VINICIUS,1,0,1,0,2026-03-19,2026-03-19,1,0,nao,nao
ANDRE VINICIUS DO ESPIRITO SANTOS,ANDRE VINICIUS DO ESPIRITO SANTOS,2,1,1,1,2024-12-05,2024-12-11,1,1,sim,sim
ANDREA APARECIDA DA SILVA CUKIER,ANDREA APARECIDA DA SILVA CUKIER,1,1,0,0,2024-12-20,2024-12-20,1,1,nao,nao
ANDREA APARECIDA SIQUEIRA DE LIMA,ANDREA APARECIDA SIQUEIRA DE LIMA,1,1,0,0,2026-02-23,2026-02-23,1,1,nao,nao
ANDREA CAMILO DA SILVA,ANDREA CAMILO DA SILVA,1,1,0,0,2026-02-05,2026-02-05,1,1,nao,nao
ANDREA COPOLILO,ANDREA COPOLILO,2,1,1,0,2026-02-02,2026-04-29,1,1,sim,nao
ANDREA CRISTIANE LADEIRA DOS SANTOS,ANDREA CRISTIANE LADEIRA DOS SANTOS,1,1,0,0,2026-03-20,2026-03-20,1,0,nao,nao
ANDREA DA PAZ CAMARA,ANDRÉA DA PAZ CÂMARA,1,1,0,0,2024-10-21,2024-10-21,0,1,nao,nao
ANDREA DA SILVA MENEZES AZEVEDO,ANDREA DA SILVA MENEZES AZEVEDO,1,0,1,0,2026-01-15,2026-01-15,1,1,nao,nao
ANDREA DE OLIVEIRA COSTA,ANDREA DE OLIVEIRA COSTA,1,0,1,0,2026-04-17,2026-04-17,1,0,nao,nao
ANDREA DE SOUZA GOMES,ANDREA DE SOUZA GOMES,1,1,0,0,2026-03-17,2026-03-17,1,0,nao,nao
ANDREA DIAS LANNES,ANDREA DIAS LANNES,1,1,0,0,2026-03-19,2026-03-19,1,1,nao,nao
ANDREA DOS ANJOS MALVEIRA SICILIANO DE MENEZES,ANDREA DOS ANJOS MALVEIRA SICILIANO DE MENEZES,1,0,1,0,2026-03-04,2026-03-04,1,1,nao,nao
ANDREA DOS SANTOS GOMES BASILE,ANDREA DOS SANTOS GOMES BASILE,1,0,1,0,2026-04-14,2026-04-14,1,1,nao,nao
ANDREA DOS SANTOS SILVA,ANDREA DOS SANTOS SILVA,1,0,1,0,2025-12-23,2025-12-23,1,0,nao,nao
ANDREA FINGOLO MACEDO DA CUNHA,ANDREA FINGOLO MACEDO DA CUNHA,1,1,0,0,2025-11-28,2025-11-28,1,1,nao,nao
ANDREA GOMES BORGES RANGEL,ANDREA GOMES BORGES RANGEL,1,1,0,0,2025-11-05,2025-11-05,0,0,nao,nao
ANDREA GOMES DA SILVA,ANDREA GOMES DA SILVA,1,1,0,0,2026-02-11,2026-02-11,1,0,nao,nao
ANDREA LOUREIRO DO VALLE GUIMARAES,ANDREA LOUREIRO DO VALLE GUIMARÃES,1,1,0,0,2024-11-25,2024-11-25,0,0,nao,nao
ANDREA MACHADO CORREA DE CARVALHO CAR￾DOZO,ANDREA MACHADO CORRÊA DE CARVALHO CAR￾DOZO,1,0,1,0,2024-11-29,2024-11-29,1,0,nao,nao
ANDREA MARQUES LEONARDO BOUCAS,ANDRÉA MARQUES LEONARDO BOUÇAS,2,1,1,1,2025-11-17,2025-11-17,1,2,sim,sim
ANDREA MEDRADO MARTINS,ANDREA MEDRADO MARTINS,1,0,1,0,2026-04-29,2026-04-29,1,1,nao,nao
ANDREA MONTEIRO DOS SANTOS,ANDRÉA MONTEIRO DOS SANTOS,1,1,0,0,2025-11-28,2025-11-28,1,1,nao,nao
ANDREA PEREIRA DA SILVA,ANDREA PEREIRA DA SILVA,1,0,1,0,2026-04-20,2026-04-20,1,1,nao,nao
ANDREA RAMOS CARIUS,ANDREA RAMOS CARIUS,1,1,0,0,2024-11-06,2024-11-06,1,1,nao,nao
ANDREA ROCHA DOS SANTOS,ANDRÉA ROCHA DOS SANTOS,1,1,0,0,2024-11-08,2024-11-08,1,0,nao,nao
ANDREA SILVA MARTINS DOS SANTOS,ANDREA SILVA MARTINS DOS SANTOS,1,1,0,0,2026-02-10,2026-02-10,1,1,nao,nao
ANDREA SOUZA DE PAULA,ANDREA SOUZA DE PAULA,1,1,0,0,2026-04-13,2026-04-13,1,1,nao,nao
ANDREA VILLELA MAFRA DA SILVA,ANDRÉA VILLELA MAFRA DA SILVA,1,1,0,0,2024-10-02,2024-10-02,1,1,nao,nao
ANDREI DOMINGUES PERNI DA SILVA,ANDREI DOMINGUES PERNI DA SILVA,1,1,0,0,2026-02-10,2026-02-10,0,0,nao,nao
ANDREIA ABREU MERLY DE OLIVEIRA,ANDREIA ABREU MERLY DE OLIVEIRA,1,1,0,0,2026-01-15,2026-01-15,1,0,nao,nao
ANDREIA BATISTA RODRIGUES,ANDREIA BATISTA RODRIGUES,1,0,1,0,2026-04-28,2026-04-28,1,0,nao,nao
ANDREIA DOS SANTOS FERREIRA,ANDREIA DOS SANTOS FERREIRA,1,1,0,0,2026-02-10,2026-02-10,1,0,nao,nao
ANDREIA FERREIRA DA SILVA,ANDREIA FERREIRA DA SILVA,1,1,0,0,2026-04-06,2026-04-06,0,0,nao,nao
ANDREIA GOMES ANSELMO AROUCA,ANDREIA GOMES ANSELMO AROUCA,2,0,2,0,2026-03-11,2026-03-11,1,0,nao,nao
ANDREIA GUILHERME DA SILVA PUCCIONI,ANDREIA GUILHERME DA SILVA PUCCIONI,1,1,0,0,2024-10-01,2024-10-01,0,1,nao,nao
ANDREIA MARIA OLIVEIRA DE DEUS,ANDREIA MARIA OLIVEIRA DE DEUS,1,1,0,0,2024-11-04,2024-11-04,0,1,nao,nao
ANDREIA SANTOS FERREIRA,ANDREIA SANTOS FERREIRA,1,0,1,0,2026-04-17,2026-04-17,1,0,nao,nao
ANDREIA SILVA FERNANDES,ANDREIA SILVA FERNANDES,1,0,1,0,2026-01-15,2026-01-15,1,1,nao,nao
ANDRESSA BARBOSA PIRES,ANDRESSA BARBOSA PIRES,1,0,1,0,2026-02-05,2026-02-05,1,1,nao,nao
ANDRESSA BARROS PINTO DA SILVA,ANDRESSA BARROS PINTO DA SILVA,1,1,0,0,2026-02-10,2026-02-10,1,1,nao,nao
ANDRESSA BENEDITO DE OLIVEIRA ROCHA,ANDRESSA BENEDITO DE OLIVEIRA ROCHA,1,0,1,0,2025-12-08,2025-12-08,1,0,nao,nao
ANDRESSA DA SILVA DE CAMPOS,ANDRESSA DA SILVA DE CAMPOS,1,1,0,0,2026-01-15,2026-01-15,1,1,nao,nao
ANDRESSA DE SOUZA DA FONSECA,ANDRESSA DE SOUZA DA FONSECA,1,1,0,0,2026-01-08,2026-01-08,0,0,nao,nao
ANDRESSA DE VASCONCELLOS PINHEIRO,ANDRESSA DE VASCONCELLOS PINHEIRO,2,1,1,0,2026-01-28,2026-03-13,2,0,sim,nao
ANDRESSA DOS SANTOS TAVEIRA AMADOR,ANDRESSA DOS SANTOS TAVEIRA AMADOR,1,1,0,0,2026-02-27,2026-02-27,1,0,nao,nao
ANDRESSA MALIZIA DE PAULA,ANDRESSA MALIZIA DE PAULA,1,1,0,0,2026-03-24,2026-03-24,1,0,nao,nao
ANDRESSA SILVA FARIAS MENDES,ANDRESSA SILVA FARIAS MENDES,2,1,1,0,2025-12-02,2026-01-07,2,2,sim,nao
ANDRESSA VASCONCELLOS NUNES GODINHO,ANDRESSA VASCONCELLOS NUNES GODINHO,1,0,1,0,2024-11-14,2024-11-14,1,1,nao,nao
ANDREYA ATAIDE FERRAZ SARGES,ANDREYA ATAIDE FERRAZ SARGES,1,0,1,0,2025-11-25,2025-11-25,1,0,nao,nao
ANDREZA ALVES DE OLIVEIRA AVILA,ANDREZA ALVES DE OLIVEIRA AVILA,1,0,1,0,2026-03-23,2026-03-23,1,1,nao,nao
ANDREZA DA SILVA ALMEIDA,ANDREZA DA SILVA ALMEIDA,1,1,0,0,2026-03-02,2026-03-02,1,0,nao,nao
ANDREZA FERNANDES TONICO,ANDREZA FERNANDES TONICO,1,1,0,0,2026-03-18,2026-03-18,0,0,nao,nao
ANELIZA SANTOS DA SILVA,ANELIZA SANTOS DA SILVA,1,0,1,0,2025-12-08,2025-12-08,1,1,nao,nao
ANGELA APARECIDA DE MATOS SERTHORE,ANGELA APARECIDA DE MATOS SERTHORE,1,1,0,0,2024-11-04,2024-11-04,1,0,nao,nao
ANGELA FABIANI BATISTA RONCADA,ANGELA FABIANI BATISTA RONCADA,1,1,0,0,2026-02-27,2026-02-27,0,0,nao,nao
ANGELA MARIA MIRANDA LOPES,ANGELA MARIA MIRANDA LOPES,1,0,1,0,2026-03-18,2026-03-18,1,0,nao,nao
ANGELA MARIA RANGEL DOS SANTOS,ANGELA MARIA RANGEL DOS SANTOS,1,0,1,0,2026-04-16,2026-04-16,1,0,nao,nao
ANGELA MARIA VICENTE BRAZ,ANGELA MARIA VICENTE BRAZ,1,1,0,0,2024-12-06,2024-12-06,1,0,nao,nao
ANGELICA DA SILVA BARBOZA,ANGELICA DA SILVA BARBOZA,1,0,1,0,2026-04-17,2026-04-17,1,0,nao,nao
ANGELICA GOMES FELIX DA COSTA TORRACA,ANGELICA GOMES FELIX DA COSTA TORRACA,1,0,1,0,2026-04-16,2026-04-16,1,1,nao,nao
ANGELITA DA CONCEICAO ALMEIDA,ANGELITA DA CONCEIÇÃO ALMEIDA,2,1,1,0,2026-02-26,2026-04-17,2,0,sim,nao
ANGELO DAMACENO HOTTZ,ANGELO DAMACENO HOTTZ,1,0,1,0,2026-04-28,2026-04-28,1,1,nao,nao
ANGELO MARCIO DIAS VALVIESSE DE OLIVEIRA,ANGELO MARCIO DIAS VALVIESSE DE OLIVEIRA,1,1,0,0,2026-03-26,2026-03-26,1,1,nao,nao
ANIELLI FERREIRA DE BRITO,ANIELLI FERREIRA DE BRITO,1,0,1,0,2026-04-28,2026-04-28,1,0,nao,nao
ANILTON REIS DOS SANTOS,ANILTON REIS DOS SANTOS,3,2,1,0,2026-03-11,2026-04-10,2,2,sim,nao
ANITA GOMES DOS SANTOS,ANITA GOMES DOS SANTOS,1,1,0,0,2026-03-17,2026-03-17,1,0,nao,nao
ANITA NEVES PINHEIRO,ANITA NEVES PINHEIRO,1,0,1,0,2026-04-28,2026-04-28,1,0,nao,nao
ANNA BEATRIZ SANTA RITA,ANNA BEATRIZ SANTA RITA,1,0,1,0,2026-01-13,2026-01-13,1,0,nao,nao
ANNA BEATRIZ SANTA RITA DA SILVA BATISTA,ANNA BEATRIZ SANTA RITA DA SILVA BATISTA,1,1,0,0,2026-01-14,2026-01-14,0,0,nao,nao
ANNA CAROLINA MAGALHAES DA CRUZ DE SOUZA CAMPOS,ANNA CAROLINA MAGALHAES DA CRUZ DE SOUZA CAMPOS,2,1,1,0,2026-02-09,2026-04-16,2,0,sim,nao
ANNA CAROLINA PROCOPIO DE AZEVEDO,ANNA CAROLINA PROCÓPIO DE AZEVEDO,1,1,0,0,2024-12-02,2024-12-02,1,1,nao,nao
ANNA CAROLINNA MARQUES,ANNA CAROLINNA MARQUES,1,0,1,0,2026-04-17,2026-04-17,1,0,nao,nao
ANNA CLARA OLIVEIRA PILLONI,ANNA CLARA OLIVEIRA PILLONI,1,0,1,0,2026-04-08,2026-04-08,1,0,nao,nao
ANNA JULIA ASSUNCAO MIRANDA,ANNA JULIA ASSUNCAO MIRANDA,1,1,0,0,2025-12-08,2025-12-08,0,0,nao,nao
ANNA JULIA COSTA DE ALMEIDA,ANNA JULIA COSTA DE ALMEIDA,1,1,0,0,2026-01-15,2026-01-15,0,1,nao,nao
ANNA JULIA SILVA GOULART,ANNA JULIA SILVA GOULART,1,1,0,0,2024-12-23,2024-12-23,1,0,nao,nao
ANNA KAROLINA ARCHER PINTO TEIXEIRA,ANNA KAROLINA ARCHER PINTO TEIXEIRA,1,0,1,0,2025-12-01,2025-12-01,0,1,nao,nao
ANNA LUIZA DELVALLE BRANDAO,ANNA LUIZA DELVALLE BRANDAO,1,1,0,0,2025-12-17,2025-12-17,1,1,nao,nao
ANNA LUIZA DOS SANTOS XAVIER,ANNA LUIZA DOS SANTOS XAVIER,2,1,1,0,2026-03-25,2026-04-17,2,1,sim,nao
ANNA LUIZA PERNI DA CRUZ CARDOSO,ANNA LUIZA PERNI DA CRUZ CARDOSO,2,1,1,0,2024-12-02,2026-04-29,2,2,sim,nao
ANNA WANESSA NOBREGA DOS SANTOS,ANNA WANESSA NOBREGA DOS SANTOS,1,1,0,0,2026-04-14,2026-04-14,1,1,nao,nao
ANNE CAROLINE DA SILVA DINIZ,ANNE CAROLINE DA SILVA DINIZ,1,0,1,0,2026-04-16,2026-04-16,1,1,nao,nao
ANNE CAROLINE GEVU GOMES LINO,ANNE CAROLINE GEVU GOMES LINO,2,1,1,0,2026-03-17,2026-04-13,2,1,sim,nao
ANNY ROSE MOTA DA SILVA,ANNY ROSE MOTA DA SILVA,1,1,0,0,2025-11-05,2025-11-05,1,1,nao,nao
ANSELMO DOMINGOS BIASSE,ANSELMO DOMINGOS BIASSE,1,1,0,0,2025-11-28,2025-11-28,1,1,nao,nao
ANTERIORMENTE OCUPADO POR ADRIANA CRISTINA DA SILVA SANTOS,ANTERIORMENTE OCUPADO POR ADRIANA CRISTINA DA SILVA SANTOS,1,1,0,0,2026-01-19,2026-01-19,1,0,nao,nao
ANTERIORMENTE OCUPADO POR ALAN TOME DE SOUZA,ANTERIORMENTE OCUPADO POR ALAN TOME DE SOUZA,1,1,0,0,2026-03-11,2026-03-11,0,1,nao,nao
ANTERIORMENTE OCUPADO POR ANTONIO MANOEL DE SOUZA,ANTERIORMENTE OCUPADO POR ANTONIO MANOEL DE SOUZA,1,1,0,0,2025-11-06,2025-11-06,1,1,nao,nao
ANTERIORMENTE OCUPADO POR FLAVIO MOTTA DA SILVA,ANTERIORMENTE OCUPADO POR FLÁVIO MOTTA DA SILVA,1,1,0,0,2025-11-26,2025-11-26,1,1,nao,nao
ANTERIORMENTE OCUPADO POR GLAUBER DANIEL DE LIMA FIGUEIREDO,ANTERIORMENTE OCUPADO POR GLAUBER DANIEL DE LIMA FIGUEIREDO,1,1,0,0,2025-12-04,2025-12-04,1,1,nao,nao
ANTERIORMENTE OCUPADO POR MARCIA GEORGINA BENAZZI,ANTERIORMENTE OCUPADO POR MARCIA GEORGINA BENAZZI,1,1,0,0,2026-01-09,2026-01-09,0,1,nao,nao
ANTERIORMENTE OCUPADO POR MARCIA REGINA DE MATOS CHRISOSTOMO DIAS,ANTERIORMENTE OCUPADO POR MARCIA REGINA DE MATOS CHRISOSTOMO DIAS,1,1,0,0,2025-12-03,2025-12-03,0,0,nao,nao
ANTONELLA LIMA PARESCHI,ANTONELLA LIMA PARESCHI,1,0,1,0,2026-04-13,2026-04-13,1,1,nao,nao
ANTONIA CARINE OLIVEIRA MARTINS,ANTONIA CARINE OLIVEIRA MARTINS,1,1,0,0,2026-03-24,2026-03-24,1,0,nao,nao
ANTONIA ISALENA CHAVES,ANTONIA ISALENA CHAVES,1,0,1,0,2024-11-25,2024-11-25,1,1,nao,nao
ANTONIO ALEXANDRE COSTA DE PAULA,ANTONIO ALEXANDRE COSTA DE PAULA,1,1,0,0,2026-03-27,2026-03-27,0,1,nao,nao
ANTONIO AUGUSTO DE CARVALHO CASTELO BRANCO,ANTONIO AUGUSTO DE CARVALHO CASTELO BRANCO,1,0,1,0,2024-10-23,2024-10-23,1,0,nao,nao
ANTONIO AUGUSTO RODRIGUES DE MELLO TASQUINO DA SILVA,ANTONIO AUGUSTO RODRIGUES DE MELLO TASQUINO DA SILVA,1,1,0,0,2025-11-07,2025-11-07,1,1,nao,nao
ANTONIO CARLOS AMARAL DE SOUZA,ANTONIO CARLOS AMARAL DE SOUZA,1,1,0,0,2026-02-26,2026-02-26,1,0,nao,nao
ANTONIO CARLOS DE OLIVEIRA,ANTONIO CARLOS DE OLIVEIRA,1,1,0,0,2025-12-12,2025-12-12,0,0,nao,nao
ANTONIO CARLOS NASCIMENTO,ANTONIO CARLOS NASCIMENTO,2,1,1,1,2024-12-16,2024-12-16,2,1,sim,sim
ANTONIO CARLOS PEREIRA DA SILVA,ANTONIO CARLOS PEREIRA DA SILVA,1,1,0,0,2026-01-26,2026-01-26,1,1,nao,nao
ANTONIO CARLOS REIS SILVA,ANTONIO CARLOS REIS SILVA,1,1,0,0,2026-03-24,2026-03-24,0,1,nao,nao
ANTONIO CESAR DOS SANTOS,ANTONIO CESAR DOS SANTOS,1,0,1,0,2025-11-12,2025-11-12,1,1,nao,nao
ANTONIO CESARINO DA SILVA PARREIRA,ANTONIO CESARINO DA SILVA PARREIRA,1,1,0,0,2026-01-29,2026-01-29,0,0,nao,nao
ANTONIO DIEGO DA SILVA,ANTONIO DIEGO DA SILVA,1,1,0,0,2026-01-21,2026-01-21,0,0,nao,nao
ANTONIO EDUARDO RODRIGUES FONSECA,ANTONIO EDUARDO RODRIGUES FONSECA,1,1,0,0,2026-02-05,2026-02-05,0,0,nao,nao
ANTONIO FERNANDES DA SILVA FRIAS,ANTONIO FERNANDES DA SILVA FRIAS,1,0,1,0,2024-11-29,2024-11-29,1,0,nao,nao
ANTONIO FERNANDO CORSO,ANTONIO FERNANDO CORSO,1,0,1,0,2026-03-10,2026-03-10,1,1,nao,nao
ANTONIO FRANCISCO SOARES DE SIQUEIRA FILHO,ANTONIO FRANCISCO SOARES DE SIQUEIRA FILHO,1,1,0,0,2026-02-11,2026-02-11,1,0,nao,nao
ANTONIO JOSE DA SILVA,ANTONIO JOSE DA SILVA,2,1,1,1,2026-01-22,2026-01-26,1,1,sim,sim
ANTONIO JOSE DA SILVA ABREU WERNECK,ANTONIO JOSE DA SILVA ABREU WERNECK,1,0,1,0,2026-03-17,2026-03-17,1,1,nao,nao
ANTONIO MANOEL DA SILVEIRA NETO,ANTONIO MANOEL DA SILVEIRA NETO,1,0,1,0,2026-02-09,2026-02-09,1,1,nao,nao
ANTONIO MANOEL DE SOUZA,ANTONIO MANOEL DE SOUZA,1,1,0,0,2026-01-13,2026-01-13,0,0,nao,nao
ANTONIO MARCOS,ANTÔNIO MARCOS,1,0,1,0,2025-11-10,2025-11-10,1,1,nao,nao
ANTONIO MORAES VIANA DA COSTA,ANTONIO MORAES VIANA DA COSTA,1,1,0,0,2026-02-27,2026-02-27,1,0,nao,nao
ANTONIO MOREIRA NETO,ANTONIO MOREIRA NETO,1,1,0,0,2026-01-02,2026-01-02,0,0,nao,nao
ANTONIO NADSON AVELINO FREITAS,ANTÔNIO NÁDSON AVELINO FREITAS,1,1,0,0,2025-11-10,2025-11-10,0,0,nao,nao
ANTONIO RODRIGUES MENDES,ANTONIO RODRIGUES MENDES,1,1,0,0,2026-03-17,2026-03-17,0,1,nao,nao
AN￾DERSON DOUGLAS DA SILVA XAVIER,AN￾DERSON DOUGLAS DA SILVA XAVIER,1,0,1,0,2024-11-06,2024-11-06,1,0,nao,nao
AN￾DERSON OLIVEIRA DOS SANTOS E SA,AN￾DERSON OLIVEIRA DOS SANTOS E SÁ,1,0,1,0,2024-10-15,2024-10-15,1,0,nao,nao
AN￾DERSON ROCHA DA SILVA,AN￾DERSON ROCHA DA SILVA,1,0,1,0,2024-12-09,2024-12-09,0,0,nao,nao
AN￾DERSON TEIXEIRA DA SILVA,AN￾DERSON TEIXEIRA DA SILVA,1,0,1,0,2024-11-06,2024-11-06,1,0,nao,nao
AN￾DRE LUIS SEARA RIBEIRO,AN￾DRÉ LUIS SEARA RIBEIRO,1,0,1,0,2024-11-04,2024-11-04,1,1,nao,nao
AN￾DREI DE OLIVEIRA DA SILVA,AN￾DREI DE OLIVEIRA DA SILVA,1,0,1,0,2024-12-04,2024-12-04,1,1,nao,nao
AN￾DREIA MARIA OLIVEIRA DE DEUS,AN￾DREIA MARIA OLIVEIRA DE DEUS,1,0,1,0,2024-11-04,2024-11-04,1,1,nao,nao
AN￾NA PAULA ROCHA DO NASCIMENTO,AN￾NA PAULA ROCHA DO NASCIMENTO,1,0,1,0,2024-10-11,2024-10-11,1,0,nao,nao
AN￾TONIO BARBOSA NECO,AN￾TONIO BARBOSA NECO,1,0,1,0,2024-11-13,2024-11-13,1,0,nao,nao
AN￾TONIO CARLOS MACEDO DA SILVA,AN￾TONIO CARLOS MACEDO DA SILVA,1,0,1,0,2024-11-01,2024-11-01,1,0,nao,nao
AQUILES SANTOS DA SILVA,AQUILES SANTOS DA SILVA,2,1,1,0,2026-01-07,2026-04-16,2,0,sim,nao
ARCELE MARIA AGUIAR DE ALMEIDA,ARCELE MARIA AGUIAR DE ALMEIDA,1,0,1,0,2026-03-24,2026-03-24,1,0,nao,nao
ARIDINEI POUBELL GONCALVES,ARIDINEI POUBELL GONCALVES,1,1,0,0,2026-03-27,2026-03-27,1,0,nao,nao
ARILTON CHERU JUNIOR,ARILTON CHERU JUNIOR,1,1,0,0,2026-02-12,2026-02-12,1,0,nao,nao
ARISTEU VIEIRA DE SOUZA FILHO,ARISTEU VIEIRA DE SOUZA FILHO,1,1,0,0,2025-12-11,2025-12-11,0,0,nao,nao
ARISTIDES DA COSTA BARBOSA,ARISTIDES DA COSTA BARBOSA,1,1,0,0,2026-03-23,2026-03-23,0,0,nao,nao
ARISTON SILVA DE MORAES,ARISTON SILVA DE MORAES,1,0,1,0,2026-03-20,2026-03-20,1,1,nao,nao
ARISTOTELES CLITON DA SILVA SANTOS,ARISTOTELES CLITON DA SILVA SANTOS,1,0,1,0,2026-02-04,2026-02-04,1,1,nao,nao
ARLENE ANDRADE GARCIA BRAGA,ARLENE ANDRADE GARCIA BRAGA,1,1,0,0,2025-12-17,2025-12-17,0,1,nao,nao
ARLENE BEZERRA DO NASCIMENTO GOMES,ARLENE BEZERRA DO NASCIMENTO GOMES,1,0,1,0,2026-04-22,2026-04-22,1,1,nao,nao
ARLETE GUSMAO PETRY,ARLETE GUSMAO PETRY,1,1,0,0,2026-03-27,2026-03-27,0,0,nao,nao
ARLETE MACHADO DE PAIVA GONCALVES,ARLETE MACHADO DE PAIVA GONCALVES,2,2,0,0,2026-03-10,2026-03-10,1,2,nao,nao
ARLINDO BASILIO DOS SANTOS FILHO,ARLINDO BASILIO DOS SANTOS FILHO,1,0,1,0,2026-03-20,2026-03-20,1,1,nao,nao
ARMANDO COSTA VIEIRA JUNIOR,ARMANDO COSTA VIEIRA JUNIOR,1,1,0,0,2026-03-24,2026-03-24,0,1,nao,nao
ARMANDO RAMON SILVA RIBEIRO,ARMANDO RAMON SILVA RIBEIRO,2,1,1,1,2026-04-17,2026-04-29,1,1,sim,sim
ARMANDO SERGIO CARVALHO FONSECA,ARMANDO SERGIO CARVALHO FONSECA,1,0,1,0,2026-04-17,2026-04-17,1,0,nao,nao
ARNALDO FRANCISCO DE ALCANTARA SILVA JUNIOR,ARNALDO FRANCISCO DE ALCANTARA SILVA JUNIOR,1,1,0,0,2024-12-05,2024-12-05,0,1,nao,nao
ARNALDO LESSA SANCHES,ARNALDO LESSA SANCHES,1,1,0,0,2026-03-26,2026-03-26,0,0,nao,nao
ARNALDO TINOCO DE SOUZA,ARNALDO TINOCO DE SOUZA,1,0,1,0,2026-04-17,2026-04-17,1,0,nao,nao
ARNAUD MISAEL DA SILVA SANTIAGO,ARNAUD MISAEL DA SILVA SANTIAGO,1,1,0,0,2024-10-24,2024-10-24,1,1,nao,nao
AROLDO MORAIS ELLIOT,AROLDO MORAIS ELLIOT,1,0,1,0,2026-04-07,2026-04-07,1,0,nao,nao
ARTHUR BEZERRA DOS SANTOS,ARTHUR BEZERRA DOS SANTOS,1,1,0,0,2026-02-05,2026-02-05,1,0,nao,nao
ARTHUR CEZAR BRAGA DA SILVA,ARTHUR CEZAR BRAGA DA SILVA,1,1,0,0,2026-04-15,2026-04-15,1,1,nao,nao
ARTHUR DE OLIVEIRA FARIAS,ARTHUR DE OLIVEIRA FARIAS,1,1,0,0,2024-12-02,2024-12-02,0,0,nao,nao
ARTHUR JOSE DOS SANTOS DE ALBUQUERQUE,ARTHUR JOSÉ DOS SANTOS DE ALBUQUERQUE,1,1,0,0,2025-12-02,2025-12-02,0,0,nao,nao
ARTHUR LIMA DE SOUZA,ARTHUR LIMA DE SOUZA,1,1,0,0,2024-11-12,2024-11-12,1,1,nao,nao
ARTHUR LOPES LACERDA,ARTHUR LOPES LACERDA,1,0,1,0,2026-01-26,2026-01-26,0,1,nao,nao
ARTHUR PACHECO BORGES DE PINHO,ARTHUR PACHECO BORGES DE PINHO,1,0,1,0,2026-03-17,2026-03-17,1,1,nao,nao
ARTHUR SAMPAIO MAGALHAES,ARTHUR SAMPAIO MAGALHAES,1,1,0,0,2026-03-20,2026-03-20,1,1,nao,nao
ARTHUR SOARES RIBEIRO PEREIRA,ARTHUR SOARES RIBEIRO PEREIRA,1,1,0,0,2026-03-11,2026-03-11,1,0,nao,nao
AR￾NALDO RAMILO DOS SANTOS,AR￾NALDO RAMILO DOS SANTOS,1,0,1,0,2024-10-11,2024-10-11,1,0,nao,nao
AUGUSTO CESAR CASTRO EVANGELISTA,AUGUSTO CESAR CASTRO EVANGELISTA,1,1,0,0,2026-03-24,2026-03-24,1,0,nao,nao
AUGUSTO CESAR LARROSA DE AMORIM,AUGUSTO CESAR LARROSA DE AMORIM,1,0,1,0,2024-11-06,2024-11-06,1,0,nao,nao
AUGUSTO CESAR LEMOS DE ANDRADE,AUGUSTO CESAR LEMOS DE ANDRADE,1,1,0,0,2026-03-20,2026-03-20,1,1,nao,nao
AUGUSTO CESAR SAMPAIO DO PRADO DOREA,AUGUSTO CESAR SAMPAIO DO PRADO DOREA,1,0,1,0,2026-01-09,2026-01-09,1,1,nao,nao
AUGUSTO MARTINS MACHADO,AUGUSTO MARTINS MACHADO,1,1,0,0,2026-02-12,2026-02-12,1,1,nao,nao
AUGUSTO MOTTA BUCH,AUGUSTO MOTTA BUCH,1,1,0,0,2026-02-10,2026-02-10,1,1,nao,nao
AULIETE DE PAULA MENDES,AULIETE DE PAULA MENDES,1,1,0,0,2026-03-06,2026-03-06,1,0,nao,nao
AVELIAN ELIANE DE MATTOS,AVELIAN ELIANE DE MATTOS,1,0,1,0,2026-03-02,2026-03-02,1,1,nao,nao
BARBARA ALYCE BATISTA DOS SANTOS,BARBARA ALYCE BATISTA DOS SANTOS,1,1,0,0,2026-04-14,2026-04-14,0,1,nao,nao
BARBARA APARECIDA DE ABREU FILGUEIRAS,BARBARA APARECIDA DE ABREU FILGUEIRAS,1,1,0,0,2026-03-19,2026-03-19,1,1,nao,nao
BARBARA BARRETO FERNANDES,BÁRBARA BARRETO FERNANDES,2,1,1,0,2026-02-11,2026-03-23,2,0,sim,nao
BARBARA CABALLERO DE ANDRADE,BÁRBARA CABALLERO DE ANDRADE,1,1,0,0,2026-04-02,2026-04-02,1,1,nao,nao
BARBARA CARDOSO LEITE,BÁRBARA CARDOSO LEITE,1,1,0,0,2025-12-02,2025-12-02,0,1,nao,nao
BARBARA CRISTINA APRIGIO MORAES,BARBARA CRISTINA APRIGIO MORAES,1,0,1,0,2026-03-24,2026-03-24,1,1,nao,nao
BARBARA CRISTINA MOREIRA LIMA,BÁRBARA CRISTINA MOREIRA LIMA,1,1,0,0,2024-11-25,2024-11-25,1,1,nao,nao
BARBARA DA COSTA PRAGANA,BÁRBARA DA COSTA PRAGANA,1,0,1,0,2024-11-01,2024-11-01,1,0,nao,nao
BARBARA DE MELO CID BARRIL,BÁRBARA DE MELO CID BARRIL,1,1,0,0,2026-02-27,2026-02-27,1,1,nao,nao
BARBARA FIGUEIREDO GONCALVES,BÁRBARA FIGUEIREDO GONÇALVES,2,2,0,0,2024-12-20,2026-02-11,1,0,nao,nao
BARBARA LUCIA DA COSTA MAIA,BÁRBARA LÚCIA DA COSTA MAIA,1,0,1,0,2024-10-23,2024-10-23,1,1,nao,nao
BARBARA LUCIA DE SOUZA SANTOS,BÁRBARA LÚCIA DE SOUZA SANTOS,1,0,1,0,2025-12-01,2025-12-01,1,1,nao,nao
BARBARA MARIA ALENCAR GONCALVES,BÁRBARA MARIA ALENCAR GONÇALVES,1,1,0,0,2025-11-06,2025-11-06,1,1,nao,nao
BARBARA SANT'ANNA DUARTE PINTO,BÁRBARA SANT'ANNA DUARTE PINTO,2,2,0,0,2026-02-12,2026-02-26,1,1,nao,nao
BARBARA SCHELBLE,BARBARA SCHELBLE,2,1,1,0,2024-10-15,2026-02-10,1,0,sim,nao
BARBARA VIEIRA BASTOS,BARBARA VIEIRA BASTOS,1,1,0,0,2026-01-19,2026-01-19,1,0,nao,nao
BEATRIZ ALVES MACHADO FILHA,BEATRIZ ALVES MACHADO FILHA,1,1,0,0,2026-03-24,2026-03-24,0,1,nao,nao
BEATRIZ ARAUJO DA SILVA,BEATRIZ ARAUJO DA SILVA,1,1,0,0,2026-02-27,2026-02-27,0,0,nao,nao
BEATRIZ BANDEIRA DE MELLO SOUZA E SILVA,BEATRIZ BANDEIRA DE MELLO SOUZA E SILVA,1,1,0,0,2026-03-25,2026-03-25,1,1,nao,nao
BEATRIZ CARDOSO DA SILVA DIAS,BEATRIZ CARDOSO DA SILVA DIAS,1,1,0,0,2025-11-17,2025-11-17,1,0,nao,nao
BEATRIZ COSTA DA SILVA,BEATRIZ COSTA DA SILVA,1,0,1,0,2024-12-02,2024-12-02,1,1,nao,nao
BEATRIZ COSTA DE JESUS,BEATRIZ COSTA DE JESUS,1,1,0,0,2024-11-04,2024-11-04,0,1,nao,nao
BEATRIZ DE ARAUJO MARTINS,BEATRIZ DE ARAUJO MARTINS,1,1,0,0,2024-11-12,2024-11-12,0,0,nao,nao
BEATRIZ DE SANTANA PEDRA,BEATRIZ DE SANTANA PEDRA,2,1,1,0,2025-11-14,2026-04-28,2,0,sim,nao
BEATRIZ GUERREIRO FERREIRA,BEATRIZ GUERREIRO FERREIRA,1,1,0,0,2026-02-10,2026-02-10,1,1,nao,nao
BEATRIZ HELENA MARTES,BEATRIZ HELENA MARTES,1,1,0,0,2025-12-01,2025-12-01,0,1,nao,nao
BEATRIZ HELENA MARTES DO NASCIMENTO,BEATRIZ HELENA MARTES DO NASCIMENTO,1,0,1,0,2025-12-01,2025-12-01,1,1,nao,nao
BEATRIZ LOBO VALENTE TORRES,BEATRIZ LOBO VALENTE TORRES,1,0,1,0,2026-04-20,2026-04-20,1,1,nao,nao
BEATRIZ MARINATO SILVA SACRAMENTO,BEATRIZ MARINATO SILVA SACRAMENTO,1,1,0,0,2026-01-15,2026-01-15,1,1,nao,nao
BEATRIZ NERY MEISSONIER PASSINI,BEATRIZ NERY MEISSONIER PASSINI,1,1,0,0,2026-03-02,2026-03-02,0,1,nao,nao
BEATRIZ OLIVEIRA DE PAULA,BEATRIZ OLIVEIRA DE PAULA,1,0,1,0,2026-03-27,2026-03-27,1,1,nao,nao
BEATRIZ RIBEIRO DA SILVA DE MELO,BEATRIZ RIBEIRO DA SILVA DE MELO,1,0,1,0,2026-04-29,2026-04-29,1,1,nao,nao
BEATRIZ VIEIRA DA CUNHA,BEATRIZ VIEIRA DA CUNHA,1,0,1,0,2024-10-04,2024-10-04,1,1,nao,nao
BELARICE RODRIGUES DE OLIVEIRA DO ROSARIO,BELARICE RODRIGUES DE OLIVEIRA DO ROSARIO,1,1,0,0,2025-11-12,2025-11-12,1,0,nao,nao
BENEDITO DE OLIVEIRA,BENEDITO DE OLIVEIRA,1,1,0,0,2026-01-19,2026-01-19,1,0,nao,nao
BERILIO JOSE DA SILVA MELLO,BERILIO JOSE DA SILVA MELLO,1,0,1,0,2025-11-07,2025-11-07,1,1,nao,nao
BERNARD CABRAL BENCARDINI,BERNARD CABRAL BENCARDINI,1,1,0,0,2025-12-11,2025-12-11,0,0,nao,nao
BERNARDO CHIM ROSSI,BERNARDO CHIM ROSSI,1,0,1,0,2026-03-20,2026-03-20,1,0,nao,nao
BERNARDO DE PAULA LEMOS,BERNARDO DE PAULA LEMOS,1,0,1,0,2026-04-29,2026-04-29,1,1,nao,nao
BERNARDO FRIDMAN,BERNARDO FRIDMAN,1,1,0,0,2026-02-12,2026-02-12,1,0,nao,nao
BERNARDO HEVIA LIMA MEIRELES,BERNARDO HEVIA LIMA MEIRELES,1,1,0,0,2024-11-14,2024-11-14,0,1,nao,nao
BERNARDO LUIS SUCUPIRA D OLIVEIRA,BERNARDO LUIS SUCUPIRA D OLIVEIRA,1,1,0,0,2026-01-12,2026-01-12,1,1,nao,nao
BERNARDO LUIS SUCUPIRA D'OLIVEIRA,BERNARDO LUIS SUCUPIRA D'OLIVEIRA,1,0,1,0,2024-10-08,2024-10-08,1,0,nao,nao
BERNARDO MARTINS BARBOSA,BERNARDO MARTINS BARBOSA,2,0,2,0,2026-01-27,2026-03-02,1,1,nao,nao
BERNARDO OLIVEIRA BORGES,BERNARDO OLIVEIRA BORGES,1,0,1,0,2025-12-01,2025-12-01,1,1,nao,nao
BERNARDO RODRIGUES GOMES SAMPAIO,BERNARDO RODRIGUES GOMES SAMPAIO,1,1,0,0,2024-10-10,2024-10-10,0,0,nao,nao
BERNARDO WERNECK MACIEL SCHUELER,BERNARDO WERNECK MACIEL SCHUELER,1,1,0,0,2026-03-10,2026-03-10,1,0,nao,nao
BIANCA CHRISTIAN CORBO,BIANCA CHRISTIAN CORBO,2,0,2,0,2026-03-16,2026-03-16,1,2,nao,nao
BIANCA DA COSTA GUIMARAES,BIANCA DA COSTA GUIMARAES,1,1,0,0,2026-03-19,2026-03-19,1,1,nao,nao
BIANCA DE SOUZA ARAUJO DA SILVA,BIANCA DE SOUZA ARAUJO DA SILVA,1,1,0,0,2026-02-10,2026-02-10,1,1,nao,nao
BIANCA DIAS LEMOS,BIANCA DIAS LEMOS,1,1,0,0,2025-11-06,2025-11-06,0,1,nao,nao
BIANCA MARTINS ZANATTA,BIANCA MARTINS ZANATTA,1,1,0,0,2026-03-20,2026-03-20,1,0,nao,nao
BIANCA MOTA DE OLIVEIRA,BIANCA MOTA DE OLIVEIRA,1,0,1,0,2026-04-28,2026-04-28,1,0,nao,nao
BIANCA PRESTES DOMINGOS,BIANCA PRESTES DOMINGOS,1,1,0,0,2024-10-23,2024-10-23,1,0,nao,nao
BIANCA RAMOS DE MENEZES,BIANCA RAMOS DE MENEZES,2,1,1,1,2026-03-13,2026-03-19,1,0,sim,sim
BIANCA REGINA LEARDE SIMOES DA SILVA,BIANCA REGINA LEARDE SIMÕES DA SILVA,2,2,0,0,2026-02-23,2026-02-23,1,1,nao,nao
BIANCA RIBEIRO CHATEAUBRIAND,BIANCA RIBEIRO CHATEAUBRIAND,2,2,0,0,2025-11-17,2026-02-04,2,0,nao,nao
BOHDAN GRABAS,BOHDAN GRABAS,2,1,1,1,2024-10-23,2024-11-01,2,2,sim,sim
BRAULIO DO CARMO VIEIRA DE MELO,BRAULIO DO CARMO VIEIRA DE MELO,1,1,0,0,2026-03-03,2026-03-03,1,0,nao,nao
BRAYAN SEGUINS NUNES,BRAYAN SEGUINS NUNES,1,1,0,0,2026-04-14,2026-04-14,1,1,nao,nao
BRENDA ALVES GUIMARAES BAPTISTA,BRENDA ALVES GUIMARÃES BAPTISTA,1,1,0,0,2026-02-12,2026-02-12,1,0,nao,nao
BRENDA COSTA DE OLIVEIRA,BRENDA COSTA DE OLIVEIRA,1,0,1,0,2026-03-17,2026-03-17,1,1,nao,nao
BRENDA MARTINS SPERENDIO DE OLIVEIRA,BRENDA MARTINS SPERENDIO DE OLIVEIRA,1,1,0,0,2026-03-27,2026-03-27,0,1,nao,nao
BRENDA NASCIMENTO DE SOUZA ANDRADE,BRENDA NASCIMENTO DE SOUZA ANDRADE,1,0,1,0,2026-04-28,2026-04-28,1,0,nao,nao
BRENDA SILVA DE OLIVEIRA,BRENDA SILVA DE OLIVEIRA,2,0,2,0,2026-03-16,2026-03-16,1,2,nao,nao
BRENDA SILVA GONCALVES CARNEIRO,BRENDA SILVA GONCALVES CARNEIRO,1,1,0,0,2026-03-04,2026-03-04,1,1,nao,nao
BRENDALY DE SOUZA PROCOLI MOREIRA,BRENDALY DE SOUZA PROCOLI MOREIRA,1,0,1,0,2026-04-28,2026-04-28,1,0,nao,nao
BRENDON DE MOURA XAVIER,BRENDON DE MOURA XAVIER,2,1,1,0,2026-01-29,2026-04-28,2,0,sim,nao
BRENEY GONCALVES PEREIRA,BRENEY GONCALVES PEREIRA,2,1,1,0,2025-12-19,2026-03-25,2,2,sim,nao
BRENNO LUCAS SANTIAGO GOMES,BRENNO LUCAS SANTIAGO GOMES,1,0,1,0,2026-04-17,2026-04-17,1,0,nao,nao
BRENNO MARQUES MAIA,BRENNO MARQUES MAIA,1,0,1,0,2026-04-16,2026-04-16,1,0,nao,nao
BRENO ALEXANDRE CYSNE ESTEVES,BRENO ALEXANDRE CYSNE ESTEVES,2,1,1,0,2025-12-12,2026-04-28,2,0,sim,nao
BRENO BAPTISTA DE OLIVEIRA ROCHA,BRENO BAPTISTA DE OLIVEIRA ROCHA,1,0,1,0,2024-11-14,2024-11-14,1,1,nao,nao
BRENO GONCALVES DA SILVA BORGES,BRENO GONCALVES DA SILVA BORGES,1,1,0,0,2026-03-24,2026-03-24,1,0,nao,nao
BRENO MAURICIO PANTOJA DA SILVA,BRENO MAURÍCIO PANTOJA DA SILVA,1,0,1,0,2025-11-07,2025-11-07,1,1,nao,nao
BRISA MARIA PERES DA SILVA,BRISA MARIA PERES DA SILVA,2,1,1,0,2025-12-10,2026-03-10,1,1,sim,nao
BRUNA DANIELLE ALMEIDA DA SILVA,BRUNA DANIELLE ALMEIDA DA SILVA,1,0,1,0,2026-01-08,2026-01-08,1,1,nao,nao
BRUNA DE OLIVEIRA DA SILVA ANTUNES GOMES,BRUNA DE OLIVEIRA DA SILVA ANTUNES GOMES,1,0,1,0,2024-10-01,2024-10-01,1,1,nao,nao
BRUNA DIAS GOMES,BRUNA DIAS GOMES,1,0,1,0,2026-04-17,2026-04-17,1,0,nao,nao
BRUNA SOARES DE LIMA,BRUNA SOARES DE LIMA,1,1,0,0,2026-03-06,2026-03-06,1,0,nao,nao
BRUNA SOARES PEREIRA,BRUNA SOARES PEREIRA,1,1,0,0,2026-03-18,2026-03-18,1,0,nao,nao
BRUNIELE SANT ANNA SANTOS,BRUNIELE SANT ANNA SANTOS,1,1,0,0,2026-02-11,2026-02-11,0,0,nao,nao
BRUNNA ROCHA REZENDE,BRUNNA ROCHA REZENDE,1,0,1,0,2025-11-14,2025-11-14,1,0,nao,nao
BRUNO ALVES DA SILVA,BRUNO ALVES DA SILVA,1,1,0,0,2026-03-06,2026-03-06,1,0,nao,nao
BRUNO ANTONIO DA SILVA MENDONCA,BRUNO ANTONIO DA SILVA MENDONCA,1,1,0,0,2026-02-24,2026-02-24,1,0,nao,nao
BRUNO BASTOS LESSA,BRUNO BASTOS LESSA,1,0,1,0,2026-04-09,2026-04-09,1,1,nao,nao
BRUNO BATISTA LEGORA,BRUNO BATISTA LEGORA,1,1,0,0,2026-03-19,2026-03-19,0,1,nao,nao
BRUNO BIERRENBACH BONETTI,BRUNO BIERRENBACH BONETTI,1,0,1,0,2025-12-09,2025-12-09,1,0,nao,nao
BRUNO BORGES ROCHA,BRUNO BORGES ROCHA,1,1,0,0,2026-03-18,2026-03-18,0,0,nao,nao
BRUNO CARVALHO PEREIRA,BRUNO CARVALHO PEREIRA,2,1,1,1,2025-11-07,2025-11-07,1,0,sim,sim
BRUNO CESAR FERREIRA GONCALVES,BRUNO CESAR FERREIRA GONÇALVES,2,1,1,1,2024-10-25,2024-10-25,2,1,sim,sim
BRUNO CESAR FERREIRA MACIEL GOMES,BRUNO CESAR FERREIRA MACIEL GOMES,1,1,0,0,2025-12-02,2025-12-02,1,0,nao,nao
BRUNO CESAR GONCALVES VINHAES,BRUNO CÉSAR GONÇALVES VINHAES,1,1,0,0,2024-11-22,2024-11-22,1,0,nao,nao
BRUNO CESAR SILVA MARQUES,BRUNO CESAR SILVA MARQUES,1,1,0,0,2024-12-10,2024-12-10,1,1,nao,nao
BRUNO COARACY DUARTE,BRUNO COARACY DUARTE,3,0,3,0,2024-12-02,2024-12-06,1,0,nao,nao
BRUNO CORREA REZENDE,BRUNO CORREA REZENDE,1,1,0,0,2026-01-29,2026-01-29,1,1,nao,nao
BRUNO COSTA ABREU,BRUNO COSTA ABREU,1,1,0,0,2024-10-08,2024-10-08,0,0,nao,nao
BRUNO DANIEL RODRIGUES DE SOUZA,BRUNO DANIEL RODRIGUES DE SOUZA,1,1,0,0,2026-03-25,2026-03-25,1,1,nao,nao
BRUNO DE ALMEIDA MARTINS,BRUNO DE ALMEIDA MARTINS,2,1,1,0,2025-11-28,2026-01-29,2,0,sim,nao
BRUNO DE FARIA BARBOSA,BRUNO DE FARIA BARBOSA,1,1,0,0,2026-03-10,2026-03-10,1,0,nao,nao
BRUNO DE OLIVEIRA ALVES,BRUNO DE OLIVEIRA ALVES,1,1,0,0,2026-02-04,2026-02-04,0,0,nao,nao
BRUNO DE OLIVEIRA LEITE NUNES,BRUNO DE OLIVEIRA LEITE NUNES,1,0,1,0,2026-04-22,2026-04-22,1,1,nao,nao
BRUNO DOS SANTOS LOPES,BRUNO DOS SANTOS LOPES,2,2,0,0,2026-03-10,2026-03-10,0,2,nao,nao
BRUNO EDUARDO DA COSTA,BRUNO EDUARDO DA COSTA,1,0,1,0,2026-03-13,2026-03-13,1,1,nao,nao
BRUNO FELIX MACHADO,BRUNO FELIX MACHADO,1,1,0,0,2026-01-27,2026-01-27,0,1,nao,nao
BRUNO FILIPPO POLICANI BORSETI,BRUNO FILIPPO POLICANI BORSETI,2,1,1,0,2025-12-26,2026-03-11,1,0,sim,nao
BRUNO FRANCA DE CASTRO POGGIANELLA,BRUNO FRANÇA DE CASTRO POGGIANELLA,1,0,1,0,2025-12-01,2025-12-01,1,1,nao,nao
BRUNO GARCIA CALACA,BRUNO GARCIA CALAÇA,1,0,1,0,2025-11-14,2025-11-14,1,1,nao,nao
BRUNO GUIMARAES CARVALHO,BRUNO GUIMARAES CARVALHO,1,1,0,0,2026-03-24,2026-03-24,0,1,nao,nao
BRUNO HENRIQUE DE ALMEIDA,BRUNO HENRIQUE DE ALMEIDA,1,1,0,0,2026-03-04,2026-03-04,0,1,nao,nao
BRUNO HENRIQUE IGNACIO,BRUNO HENRIQUE IGNACIO,1,1,0,0,2026-03-23,2026-03-23,1,1,nao,nao
BRUNO JOSE FERREIRA DE SOUZA PEIXOTO,BRUNO JOSE FERREIRA DE SOUZA PEIXOTO,2,2,0,0,2026-03-10,2026-03-10,1,2,nao,nao
BRUNO LEONARDO SANTANNA TEIXEIRA,BRUNO LEONARDO SANTANNA TEIXEIRA,1,1,0,0,2025-12-26,2025-12-26,0,0,nao,nao
BRUNO LOPES BONFANTE NUNES,BRUNO LOPES BONFANTE NUNES,1,1,0,0,2026-04-28,2026-04-28,1,0,nao,nao
BRUNO LUIS LACERDA DOS SANTOS,BRUNO LUIS LACERDA DOS SANTOS,2,0,2,0,2024-12-17,2025-11-04,2,0,nao,nao
BRUNO MACHADO TETE,BRUNO MACHADO TETÉ,2,0,2,0,2024-11-22,2024-12-05,1,0,nao,nao
BRUNO MAGALHAES COSTA,BRUNO MAGALHÃES COSTA,1,0,1,0,2024-11-04,2024-11-04,1,0,nao,nao
BRUNO MAGALHAES E SILVA,BRUNO MAGALHÃES E SILVA,1,1,0,0,2024-10-21,2024-10-21,1,1,nao,nao
BRUNO MENDES DE LIMA,BRUNO MENDES DE LIMA,1,1,0,0,2026-01-30,2026-01-30,1,0,nao,nao
BRUNO MENDONCA DA COSTA,BRUNO MENDONCA DA COSTA,1,1,0,0,2026-02-03,2026-02-03,1,0,nao,nao
BRUNO MENEZES PEREIRA,BRUNO MENEZES PEREIRA,2,2,0,0,2026-03-10,2026-03-10,2,2,nao,nao
BRUNO MORAES COTELO,BRUNO MORAES COTELO,1,0,1,0,2025-12-10,2025-12-10,1,1,nao,nao
BRUNO OGLIARUSO SAAD,BRUNO OGLIARUSO SAAD,4,2,2,1,2024-10-01,2026-04-28,2,3,sim,sim
BRUNO PEREIRA DA CUNHA,BRUNO PEREIRA DA CUNHA,1,0,1,0,2024-11-04,2024-11-04,0,0,nao,nao
BRUNO RANGEL GANDRA,BRUNO RANGEL GANDRA,2,1,1,1,2026-03-20,2026-03-23,1,2,sim,sim
BRUNO RAPOSO DE OLIVEIRA,BRUNO RAPOSO DE OLIVEIRA,1,0,1,0,2024-12-18,2024-12-18,1,1,nao,nao
BRUNO RIBEIRO DA SILVA,BRUNO RIBEIRO DA SILVA,1,1,0,0,2026-03-06,2026-03-06,1,0,nao,nao
BRUNO ROBERTO NASCIMENTO,BRUNO ROBERTO NASCIMENTO,2,1,1,0,2026-03-26,2026-04-29,2,1,sim,nao
BRUNO RODRIGUES DE SOUZA E SOUZA,BRUNO RODRIGUES DE SOUZA E SOUZA,1,0,1,0,2026-04-17,2026-04-17,1,1,nao,nao
BRUNO RODRIGUES DI FILIPPI,BRUNO RODRIGUES DI FILIPPI,1,0,1,0,2026-02-04,2026-02-04,1,1,nao,nao
BRUNO TARGINO GARCIA,BRUNO TARGINO GARCIA,1,1,0,0,2025-11-28,2025-11-28,0,1,nao,nao
BRUNO TEIXEIRA DUBEUX,BRUNO TEIXEIRA DUBEUX,1,1,0,0,2026-04-29,2026-04-29,1,0,nao,nao
BRUNO VINICIUS CARDOSO RESENDE DE OLIVEIRA,BRUNO VINICIUS CARDOSO RESENDE DE OLIVEIRA,3,1,2,1,2025-11-27,2026-04-17,3,1,sim,sim
BRUNO WENCESLAU DOS SANTOS,BRUNO WENCESLAU DOS SANTOS,1,0,1,0,2026-03-17,2026-03-17,1,0,nao,nao
BRU￾NA DE SOUZA LOPES,BRU￾NA DE SOUZA LOPES,1,0,1,0,2024-10-31,2024-10-31,1,0,nao,nao
C AT I A NUNES DA SILVA,C AT I A NUNES DA SILVA,1,0,1,0,2026-04-28,2026-04-28,1,0,nao,nao
CACILDA APARECIDA ROSA,CACILDA APARECIDA ROSA,1,0,1,0,2026-04-16,2026-04-16,1,1,nao,nao
CAIO CARLOS CESARIO,CAIO CARLOS CESARIO,1,1,0,0,2026-01-30,2026-01-30,0,0,nao,nao
CAIO FABIANO DOS SANTOS DINIZ,CAIO FABIANO DOS SANTOS DINIZ,1,1,0,0,2026-01-13,2026-01-13,0,0,nao,nao
CAIO GABRIEL ARAGAO BALBINO,CAIO GABRIEL ARAGÃO BALBINO,1,1,0,0,2025-11-05,2025-11-05,0,0,nao,nao
CAIO NOGUEIRA GOMES DA SILVA,CAIO NOGUEIRA GOMES DA SILVA,2,1,1,0,2026-01-15,2026-04-27,1,0,sim,nao
CAIO ROBERTO DE SOUZA SOARES DE LIMA,CAIO ROBERTO DE SOUZA SOARES DE LIMA,2,2,0,0,2026-03-10,2026-03-10,1,1,nao,nao
CAIO RODRIGUES PIMENTEL,CAIO RODRIGUES PIMENTEL,1,1,0,0,2024-11-12,2024-11-12,1,1,nao,nao
CAIO SERRANO ZARRO,CAIO SERRANO ZARRO,1,0,1,0,2026-03-24,2026-03-24,1,1,nao,nao
CALINE KARLA HIPOLITO VILAS BOAS,CALINE KARLA HIPOLITO VILAS BOAS,1,1,0,0,2026-03-24,2026-03-24,1,0,nao,nao
CAMELIA AMORIM SILVA,CAMELIA AMORIM SILVA,3,1,2,1,2026-03-16,2026-03-20,1,2,sim,sim
CAMILA ALVES RIBEIRO,CAMILA ALVES RIBEIRO,1,1,0,0,2026-02-10,2026-02-10,1,0,nao,nao
CAMILA ANTONIO DE SOUZA NOGUEIRA,CAMILA ANTONIO DE SOUZA NOGUEIRA,1,1,0,0,2024-12-10,2024-12-10,1,1,nao,nao
CAMILA CABRAL DE MOURA GASS,CAMILA CABRAL DE MOURA GASS,1,0,1,0,2026-04-28,2026-04-28,1,0,nao,nao
CAMILA CHAVES MARTINS,CAMILA CHAVES MARTINS,1,0,1,0,2024-11-22,2024-11-22,1,0,nao,nao
CAMILA DE ALMEIDA AGUIAR,CAMILA DE ALMEIDA AGUIAR,1,0,1,0,2026-03-05,2026-03-05,1,1,nao,nao
CAMILA FERNANDA DA SILVA RIBEIRO,CAMILA FERNANDA DA SILVA RIBEIRO,1,1,0,0,2025-11-05,2025-11-05,0,0,nao,nao
CAMILA FERREIRA DA MOTA,CAMILA FERREIRA DA MOTA,2,1,1,1,2026-01-12,2026-01-12,2,1,sim,sim
CAMILA MEIRELLES PEGORIM,CAMILA MEIRELLES PEGORIM,1,0,1,0,2026-04-01,2026-04-01,1,1,nao,nao
CAMILA NUNES SOBRINHO,CAMILA NUNES SOBRINHO,1,1,0,0,2025-11-28,2025-11-28,1,1,nao,nao
CAMILA OLIVEIRA DA COSTA FONTES,CAMILA OLIVEIRA DA COSTA FONTES,1,0,1,0,2026-04-17,2026-04-17,1,1,nao,nao
CAMILA PALERMO TOBLER,CAMILA PALERMO TOBLER,2,1,1,0,2025-12-12,2026-02-26,2,1,sim,nao
CAMILA SOARES DE SOUSA CASTRO,CAMILA SOARES DE SOUSA CASTRO,1,1,0,0,2025-12-05,2025-12-05,1,0,nao,nao
CAMILA THAIS DE SOUZA CALACA DAS NEVES,CAMILA THAIS DE SOUZA CALACA DAS NEVES,1,1,0,0,2026-04-15,2026-04-15,0,1,nao,nao
CAMILLA BAERE DE MATTOS,CAMILLA BAERE DE MATTOS,1,1,0,0,2024-12-26,2024-12-26,1,0,nao,nao
CAMILLA BASTOS DO CARMO,CAMILLA BASTOS DO CARMO,1,1,0,0,2025-12-01,2025-12-01,0,1,nao,nao
CAMILLA DA SILVA PROCOPIO,CAMILLA DA SILVA PROCOPIO,1,0,1,0,2026-04-17,2026-04-17,1,1,nao,nao
CAMILLA FERREIRA BARROZO,CAMILLA FERREIRA BARROZO,1,0,1,0,2026-03-04,2026-03-04,1,1,nao,nao
CAMILLA GUERCON FIUZA,CAMILLA GUERÇON FIUZA,2,1,1,1,2024-11-08,2024-11-11,1,0,sim,sim
CAMILLI SILVA DE LIMA,CAMILLI SILVA DE LIMA,1,1,0,0,2026-03-20,2026-03-20,1,0,nao,nao
CAMILY VITORIA CORREA DA SILVA,CAMILY VITORIA CORREA DA SILVA,1,1,0,0,2026-02-27,2026-02-27,0,0,nao,nao
CANDIDA MARIA MENDES,CANDIDA MARIA MENDES,1,0,1,0,2026-04-27,2026-04-27,1,1,nao,nao
CARINE DE ALMEIDA PEREIRA,CARINE DE ALMEIDA PEREIRA,1,0,1,0,2026-02-02,2026-02-02,1,0,nao,nao
CARLA ANDREA NUNES PEREIRA BARROSO,CARLA ANDREA NUNES PEREIRA BARROSO,1,1,0,0,2025-12-05,2025-12-05,0,1,nao,nao
CARLA CHRISTINA ARRUDA BONAN,CARLA CHRISTINA ARRUDA BONAN,1,1,0,0,2024-11-12,2024-11-12,1,1,nao,nao
CARLA CRISTINA DA COSTA LOYOLA,CARLA CRISTINA DA COSTA LOYOLA,1,1,0,0,2026-03-19,2026-03-19,0,1,nao,nao
CARLA CRISTINA OLIVEIRA DE PINHO,CARLA CRISTINA OLIVEIRA DE PINHO,2,0,2,0,2024-11-13,2026-04-16,1,2,nao,nao
CARLA CRISTINA PEREIRA SANTOS,CARLA CRISTINA PEREIRA SANTOS,1,1,0,0,2024-10-24,2024-10-24,0,0,nao,nao
CARLA CRISTINE AMORIM DE OLIVEIRA MENDES,CARLA CRISTINE AMORIM DE OLIVEIRA MENDES,1,0,1,0,2025-12-23,2025-12-23,1,0,nao,nao
CARLA DE AMORIM MALHADO,CARLA DE AMORIM MALHADO,1,1,0,0,2026-01-07,2026-01-07,1,0,nao,nao
CARLA FELIX DO NASCIMENTO,CARLA FELIX DO NASCIMENTO,1,0,1,0,2026-04-14,2026-04-14,1,1,nao,nao
CARLA FRANCO MARTINS,CARLA FRANCO MARTINS,1,1,0,0,2026-03-18,2026-03-18,0,0,nao,nao
CARLA GUIMARAES DA SILVA E SOUSA,CARLA GUIMARAES DA SILVA E SOUSA,1,1,0,0,2026-01-07,2026-01-07,0,0,nao,nao
CARLA LUIZA SCHULZ ARRAES DE ALENCAR,CARLA LUIZA SCHULZ ARRAES DE ALENCAR,1,1,0,0,2026-02-11,2026-02-11,1,0,nao,nao
CARLA MACHADO LOPES,CARLA MACHADO LOPES,1,1,0,0,2026-03-27,2026-03-27,0,1,nao,nao
CARLA MARQUES CARNEIRO LESSA,CARLA MARQUES CARNEIRO LESSA,1,0,1,0,2024-11-25,2024-11-25,1,1,nao,nao
CARLA NASSER MONNERAT,CARLA NASSER MONNERAT,3,2,1,2,2026-03-20,2026-03-24,2,0,sim,sim
CARLA OLIVEIRA MIGUEL,CARLA OLIVEIRA MIGUEL,1,0,1,0,2025-11-24,2025-11-24,1,1,nao,nao
CARLA REGINA DE CARVALHO LOPES BARBOZA,CARLA REGINA DE CARVALHO LOPES BARBOZA,1,0,1,0,2026-04-17,2026-04-17,1,0,nao,nao
CARLA ROSILENE MENDES GOUVEIA,CARLA ROSILENE MENDES GOUVEIA,1,0,1,0,2026-04-17,2026-04-17,1,0,nao,nao
CARLA TATHIANE CABRAL TEIXEIRA,CARLA TATHIANE CABRAL TEIXEIRA,1,0,1,0,2026-04-28,2026-04-28,1,0,nao,nao
CARLA VITORIA QUINTAS GOMES,CARLA VITORIA QUINTAS GOMES,1,0,1,0,2024-11-07,2024-11-07,1,0,nao,nao
CARLOS ADALBERTO PINHEIRO PRATA,CARLOS ADALBERTO PINHEIRO PRATA,1,1,0,0,2025-11-07,2025-11-07,1,1,nao,nao
CARLOS ADAM ABRANTES DE SOUZA DUARTE SEABRA,CARLOS ADAM ABRANTES DE SOUZA DUARTE SEABRA,1,0,1,0,2026-04-16,2026-04-16,1,0,nao,nao
CARLOS ALBERTO BARBOSA,CARLOS ALBERTO BARBOSA,1,1,0,0,2024-10-11,2024-10-11,0,0,nao,nao
CARLOS ALBERTO DA SILVA,CARLOS ALBERTO DA SILVA,2,2,0,0,2026-01-15,2026-02-05,0,0,nao,nao
CARLOS ALBERTO DE CAMPOS MARQUES,CARLOS ALBERTO DE CAMPOS MARQUES,1,1,0,0,2024-10-15,2024-10-15,1,0,nao,nao
CARLOS ALBERTO DE OLIVEIRA APOLONIO TEIXEIRA,CARLOS ALBERTO DE OLIVEIRA APOLONIO TEIXEIRA,1,1,0,0,2024-12-09,2024-12-09,1,1,nao,nao
CARLOS ALBERTO FERREIRA,CARLOS ALBERTO FERREIRA,1,0,1,0,2026-04-08,2026-04-08,1,0,nao,nao
CARLOS ALBERTO GALLO DE FREITAS NETO,CARLOS ALBERTO GALLO DE FREITAS NETO,2,1,1,0,2024-12-02,2026-04-17,2,0,sim,nao
CARLOS ALBERTO GOMES ROCHA,CARLOS ALBERTO GOMES ROCHA,1,1,0,0,2024-11-06,2024-11-06,0,0,nao,nao
CARLOS ALBERTO HORA DE OLIVEIRA,CARLOS ALBERTO HORA DE OLIVEIRA,1,0,1,0,2026-03-19,2026-03-19,1,1,nao,nao
CARLOS ALBERTO MENDES,CARLOS ALBERTO MENDES,2,1,1,0,2026-02-12,2026-04-17,1,0,sim,nao
CARLOS ALBERTO OLIVEIRA DE PINHO,CARLOS ALBERTO OLIVEIRA DE PINHO,1,1,0,0,2024-11-13,2024-11-13,1,1,nao,nao
CARLOS ALBERTO PEREIRA DE CARVALHO,CARLOS ALBERTO PEREIRA DE CARVALHO,1,1,0,0,2026-03-24,2026-03-24,1,0,nao,nao
CARLOS ALBERTO PEREIRA RAMALHO,CARLOS ALBERTO PEREIRA RAMALHO,1,1,0,0,2026-03-23,2026-03-23,1,1,nao,nao
CARLOS ALBERTO SILVESTRE,CARLOS ALBERTO SILVESTRE,1,1,0,0,2026-03-23,2026-03-23,0,0,nao,nao
CARLOS ALBERTO SIRATI,CARLOS ALBERTO SIRATI,1,0,1,0,2026-04-29,2026-04-29,1,1,nao,nao
CARLOS ALBERTO TEIXEIRA DE SOUZA,CARLOS ALBERTO TEIXEIRA DE SOUZA,1,1,0,0,2025-12-26,2025-12-26,0,0,nao,nao
CARLOS ALEXANDRE CUNHA BARROS,CARLOS ALEXANDRE CUNHA BARROS,2,1,1,1,2024-11-05,2024-11-05,2,1,sim,sim
CARLOS ALEXANDRE DE OLIVEIRA GONCALVES,CARLOS ALEXANDRE DE OLIVEIRA GONCALVES,1,1,0,0,2026-01-19,2026-01-19,1,0,nao,nao
CARLOS ALEXANDRE SOUZA DA SILVA,CARLOS ALEXANDRE SOUZA DA SILVA,1,0,1,0,2025-11-27,2025-11-27,1,1,nao,nao
CARLOS ALEXANDRE SOUZA GRIPP,CARLOS ALEXANDRE SOUZA GRIPP,1,1,0,0,2025-12-03,2025-12-03,0,1,nao,nao
CARLOS ANDERSON GOMES FIORE,CARLOS ANDERSON GOMES FIORE,1,0,1,0,2026-03-20,2026-03-20,1,1,nao,nao
CARLOS ANDRE LIMA MOTA,CARLOS ANDRE LIMA MOTA,1,1,0,0,2024-10-04,2024-10-04,0,0,nao,nao
CARLOS ANDRE MACIEL PINHEIRO,CARLOS ANDRE MACIEL PINHEIRO,1,1,0,0,2026-01-22,2026-01-22,0,0,nao,nao
CARLOS ANDRE NUNES BARRETO,CARLOS ANDRE NUNES BARRETO,2,1,1,0,2024-12-02,2026-04-17,2,0,sim,nao
CARLOS ANDRE TEIXEIRA DE SOUZA SILVA,CARLOS ANDRE TEIXEIRA DE SOUZA SILVA,1,1,0,0,2026-03-23,2026-03-23,1,1,nao,nao
CARLOS ANTONIO ERVA DO VALE,CARLOS ANTONIO ERVA DO VALE,1,1,0,0,2026-02-05,2026-02-05,0,0,nao,nao
CARLOS ANTONIO RIBEIRO GOMES,CARLOS ANTONIO RIBEIRO GOMES,2,1,1,1,2026-04-17,2026-04-28,2,0,sim,sim
CARLOS ARTHUR BANDEIRA DE MELLO,CARLOS ARTHUR BANDEIRA DE MELLO,2,1,1,1,2025-11-18,2025-11-24,1,0,sim,sim
CARLOS AUDI LIMA DE SOUSA,CARLOS AUDI LIMA DE SOUSA,1,0,1,0,2026-04-08,2026-04-08,1,0,nao,nao
CARLOS AUGUSTO CANELI MACIEL,CARLOS AUGUSTO CANELI MACIEL,1,0,1,0,2026-04-20,2026-04-20,1,1,nao,nao
CARLOS AUGUSTO DE CASTRO AVILA ALUZ,CARLOS AUGUSTO DE CASTRO AVILA ALUZ,2,0,2,0,2025-11-06,2025-12-18,2,2,nao,nao
CARLOS AUGUSTO MAGALHAES,CARLOS AUGUSTO MAGALHAES,1,1,0,0,2026-02-23,2026-02-23,1,0,nao,nao
CARLOS AUGUSTO ROCHA DE OLIVEIRA,CARLOS AUGUSTO ROCHA DE OLIVEIRA,1,1,0,0,2026-02-23,2026-02-23,1,0,nao,nao
CARLOS AUGUSTO SOUZA ALVES,CARLOS AUGUSTO SOUZA ALVES,1,1,0,0,2026-01-23,2026-01-23,0,0,nao,nao
CARLOS BRUNO CAVALCANTI VINHAIS,CARLOS BRUNO CAVALCANTI VINHAIS,2,1,1,1,2026-03-24,2026-03-25,1,2,sim,sim
CARLOS CESAR DE CIMA AIRES,CARLOS CESAR DE CIMA AIRES,2,2,0,0,2026-02-10,2026-03-20,0,2,nao,nao
CARLOS CESAR DOS SANTOS SOARES,CARLOS CESAR DOS SANTOS SOARES,1,1,0,0,2026-04-29,2026-04-29,0,0,nao,nao
CARLOS CESAR SRULEVIHCT E SILVA,CARLOS CESAR SRULEVIHCT E SILVA,1,0,1,0,2025-12-05,2025-12-05,1,1,nao,nao
CARLOS DANILO DA CUNHA RIBEIRO JUNIOR,CARLOS DANILO DA CUNHA RIBEIRO JUNIOR,1,0,1,0,2025-11-10,2025-11-10,1,1,nao,nao
CARLOS DELAVY BORGES,CARLOS DELAVY BORGES,1,1,0,0,2025-12-15,2025-12-15,0,0,nao,nao
CARLOS DOS SANTOS DIAS,CARLOS DOS SANTOS DIAS,2,1,1,0,2025-11-25,2026-04-16,2,1,sim,nao
CARLOS EDSON ALVES CARVALHO,CARLOS EDSON ALVES CARVALHO,2,2,0,0,2026-02-23,2026-02-23,1,2,nao,nao
CARLOS EDUARDO ALVES DE ARCANJO,CARLOS EDUARDO ALVES DE ARCANJO,3,3,0,0,2026-02-23,2026-03-16,2,1,nao,nao
CARLOS EDUARDO ANGELO SALGADO,CARLOS EDUARDO ANGELO SALGADO,2,2,0,0,2026-03-06,2026-03-06,0,2,nao,nao
CARLOS EDUARDO AZEVEDO DE ANDRADE,CARLOS EDUARDO AZEVEDO DE ANDRADE,1,1,0,0,2026-02-26,2026-02-26,1,1,nao,nao
CARLOS EDUARDO BASTOS COSTA,CARLOS EDUARDO BASTOS COSTA,2,1,1,0,2025-11-17,2026-04-14,1,1,sim,nao
CARLOS EDUARDO CAMARA MACHADO,CARLOS EDUARDO CAMARA MACHADO,1,1,0,0,2025-12-02,2025-12-02,0,0,nao,nao
CARLOS EDUARDO CHAVES PEQUENO,CARLOS EDUARDO CHAVES PEQUENO,2,2,0,0,2026-02-20,2026-02-20,1,2,nao,nao
CARLOS EDUARDO DA PUREZA SANTOS,CARLOS EDUARDO DA PUREZA SANTOS,1,1,0,0,2026-03-23,2026-03-23,1,0,nao,nao
CARLOS EDUARDO DA SILVA,CARLOS EDUARDO DA SILVA,1,0,1,0,2026-04-17,2026-04-17,1,1,nao,nao
CARLOS EDUARDO DA SILVA FARIAS,CARLOS EDUARDO DA SILVA FARIAS,2,1,1,0,2025-11-17,2026-02-10,1,2,sim,nao
CARLOS EDUARDO DA SILVA SANCHES,CARLOS EDUARDO DA SILVA SANCHES,1,1,0,0,2026-04-15,2026-04-15,0,1,nao,nao
CARLOS EDUARDO HENRIQUE LEITE,CARLOS EDUARDO HENRIQUE LEITE,1,1,0,0,2026-02-02,2026-02-02,1,0,nao,nao
CARLOS EDUARDO LIMA DE SOUSA,CARLOS EDUARDO LIMA DE SOUSA,1,0,1,0,2026-02-12,2026-02-12,1,0,nao,nao
CARLOS EDUARDO LIMA DOS SANTOS,CARLOS EDUARDO LIMA DOS SANTOS,1,0,1,0,2026-02-03,2026-02-03,1,1,nao,nao
CARLOS EDUARDO NASCIMENTO DELPHIM,CARLOS EDUARDO NASCIMENTO DELPHIM,1,0,1,0,2026-04-17,2026-04-17,1,0,nao,nao
CARLOS EDUARDO PEIXOTO BASTOS,CARLOS EDUARDO PEIXOTO BASTOS,1,1,0,0,2026-03-24,2026-03-24,0,1,nao,nao
CARLOS EDUARDO RODRIGUES DIAS,CARLOS EDUARDO RODRIGUES DIAS,1,0,1,0,2026-04-16,2026-04-16,1,0,nao,nao
CARLOS EDUARDO SCHUMACK DE OLIVEIRA,CARLOS EDUARDO SCHUMACK DE OLIVEIRA,1,0,1,0,2024-11-04,2024-11-04,1,0,nao,nao
CARLOS FELIPE ROCHA DE SOUZA,CARLOS FELIPE ROCHA DE SOUZA,1,0,1,0,2024-11-14,2024-11-14,1,1,nao,nao
CARLOS FERNANDO MAGGIOLO XAVIER DE OLIVEIRA,CARLOS FERNANDO MAGGIOLO XAVIER DE OLIVEIRA,1,0,1,0,2026-04-22,2026-04-22,1,0,nao,nao
CARLOS FERNANDO MENDES DE PRASSA,CARLOS FERNANDO MENDES DE PRASSA,2,1,1,0,2026-01-22,2026-04-17,2,0,sim,nao
CARLOS FREDERICO MACHADO DOS SANTOS,CARLOS FREDERICO MACHADO DOS SANTOS,1,0,1,0,2026-04-16,2026-04-16,1,0,nao,nao
CARLOS HENRIQUE ALCANTARA DA SILVA,CARLOS HENRIQUE ALCÂNTARA DA SILVA,1,1,0,0,2025-12-03,2025-12-03,0,0,nao,nao
CARLOS HENRIQUE BUENAGA PACHECO FILHO,CARLOS HENRIQUE BUENAGA PACHECO FILHO,1,0,1,0,2024-10-23,2024-10-23,1,1,nao,nao
CARLOS HENRIQUE DE ARAUJO,CARLOS HENRIQUE DE ARAUJO,1,0,1,0,2026-03-23,2026-03-23,1,0,nao,nao
CARLOS HENRIQUE DE MOURA CORREA,CARLOS HENRIQUE DE MOURA CORREA,1,0,1,0,2026-02-02,2026-02-02,1,0,nao,nao
CARLOS HENRIQUE DOS SANTOS COSTA VIANNA,CARLOS HENRIQUE DOS SANTOS COSTA VIANNA,2,1,1,0,2026-03-18,2026-04-29,2,2,sim,nao
CARLOS HENRIQUE GONCALVES DE OLIVEIRA,CARLOS HENRIQUE GONÇALVES DE OLIVEIRA,1,1,0,0,2024-12-06,2024-12-06,0,1,nao,nao
CARLOS HENRIQUE LOPES DE FREITAS,CARLOS HENRIQUE LOPES DE FREITAS,1,1,0,0,2026-02-20,2026-02-20,1,0,nao,nao
CARLOS JANAN CORREA RIMOLA,CARLOS JANAN CORREA RIMOLA,2,1,1,1,2025-12-01,2025-12-01,1,1,sim,sim
CARLOS LEANDRO DO BOMFIM FILHO,CARLOS LEANDRO DO BOMFIM FILHO,1,0,1,0,2026-04-09,2026-04-09,1,0,nao,nao
CARLOS LUIZ MACHADO PEREIRA JUNIOR,CARLOS LUIZ MACHADO PEREIRA JUNIOR,1,1,0,0,2026-01-05,2026-01-05,0,1,nao,nao
CARLOS MAGNO RODRIGUES PINHEIRO,CARLOS MAGNO RODRIGUES PINHEIRO,1,1,0,0,2024-10-17,2024-10-17,0,1,nao,nao
CARLOS RAPHAEL GALVAO DE LUCA,CARLOS RAPHAEL GALVAO DE LUCA,1,0,1,0,2026-01-07,2026-01-07,1,0,nao,nao
CARLOS ROBERTO CRUZ JUNIOR,CARLOS ROBERTO CRUZ JUNIOR,1,1,0,0,2025-12-23,2025-12-23,0,0,nao,nao
CARLOS ROBERTO DE SOUSA,CARLOS ROBERTO DE SOUSA,1,0,1,0,2026-04-15,2026-04-15,1,1,nao,nao
CARLOS ROBERTO DE SOUZA,CARLOS ROBERTO DE SOUZA,1,1,0,0,2026-01-29,2026-01-29,1,1,nao,nao
CARLOS ROBERTO GONCALVES DE AMORIM,CARLOS ROBERTO GONÇALVES DE AMORIM,1,0,1,0,2024-12-18,2024-12-18,1,1,nao,nao
CARLOS ROBERTO NOGUEIRA DOS SANTOS,CARLOS ROBERTO NOGUEIRA DOS SANTOS,1,1,0,0,2025-11-17,2025-11-17,0,0,nao,nao
CARLOS THIAGO DA SILVA FONSECA,CARLOS THIAGO DA SILVA FONSECA,1,0,1,0,2024-11-04,2024-11-04,1,0,nao,nao
CARLOS VINICIUS DA ROCHA RITA FILHO,CARLOS VINICIUS DA ROCHA RITA FILHO,1,0,1,0,2026-04-07,2026-04-07,1,1,nao,nao
CARLOS YURI DE AQUINO RODRIGUES,CARLOS YURI DE AQUINO RODRIGUES,3,1,2,1,2024-11-22,2024-12-05,2,0,sim,sim
CARMELINDA DE ARAUJO FERREIRA,CARMELINDA DE ARAUJO FERREIRA,2,1,1,0,2026-02-12,2026-04-16,2,0,sim,nao
CARMEN LUCIA CABRAL DE BARROS,CARMEN LUCIA CABRAL DE BARROS,1,1,0,0,2024-10-15,2024-10-15,1,1,nao,nao
CAROL RAMOS CONSTANTINO,CAROL RAMOS CONSTANTINO,1,1,0,0,2025-11-28,2025-11-28,1,0,nao,nao
CAROLINA ALVES GARZUZI,CAROLINA ALVES GARZUZI,1,0,1,0,2026-03-19,2026-03-19,1,1,nao,nao
CAROLINA BRAGA DE OLIVEIRA,CAROLINA BRAGA DE OLIVEIRA,1,0,1,0,2025-12-10,2025-12-10,1,1,nao,nao
CAROLINA BRUM,CAROLINA BRUM,1,1,0,0,2024-11-07,2024-11-07,0,1,nao,nao
CAROLINA DIAZ DE CASTRO,CAROLINA DIAZ DE CASTRO,1,1,0,0,2026-03-18,2026-03-18,1,0,nao,nao
CAROLINA DINIZ DAMASCENA,CAROLINA DINIZ DAMASCENA,1,1,0,0,2026-01-06,2026-01-06,0,0,nao,nao
CAROLINA GOMES PAYSAN,CAROLINA GOMES PAYSAN,1,1,0,0,2026-03-26,2026-03-26,1,1,nao,nao
CAROLINA GUIMARAES GEVU,CAROLINA GUIMARAES GEVU,1,0,1,0,2026-04-17,2026-04-17,1,0,nao,nao
CAROLINA MATTOS DE BARROS LEITE,CAROLINA MATTOS DE BARROS LEITE,1,1,0,0,2026-02-04,2026-02-04,1,1,nao,nao
CAROLINA RODRIGUES DE OLIVEIRA,CAROLINA RODRIGUES DE OLIVEIRA,1,1,0,0,2024-11-13,2024-11-13,0,1,nao,nao
CAROLINA RODRIGUES MARTINS,CAROLINA RODRIGUES MARTINS,2,1,1,0,2025-11-06,2026-04-16,1,0,sim,nao
CAROLINA SILVA DE ALMEIDA,CAROLINA SILVA DE ALMEIDA,1,0,1,0,2026-03-02,2026-03-02,1,1,nao,nao
CAROLINA THAIS MULLER,CAROLINA THAIS MULLER,1,0,1,0,2026-02-09,2026-02-09,0,1,nao,nao
CAROLINE ALVES DA COSTA,CAROLINE ALVES DA COSTA,2,1,1,1,2024-11-07,2024-11-07,2,2,sim,sim
CAROLINE AMORIM DE CASTRO,CAROLINE AMORIM DE CASTRO,1,1,0,0,2025-12-29,2025-12-29,0,0,nao,nao
CAROLINE CARLA CRUZ FERNANDES,CAROLINE CARLA CRUZ FERNANDES,1,0,1,0,2024-10-29,2024-10-29,1,0,nao,nao
CAROLINE CRISTINE FARIA,CAROLINE CRISTINE FARIA,1,0,1,0,2026-04-28,2026-04-28,1,0,nao,nao
CAROLINE DE SOUZA RODRIGUES SOPHIA,CAROLINE DE SOUZA RODRIGUES SOPHIA,1,1,0,0,2024-11-07,2024-11-07,0,0,nao,nao
CAROLINE DOS SANTOS DE CASTRO,CAROLINE DOS SANTOS DE CASTRO,1,1,0,0,2025-11-05,2025-11-05,1,0,nao,nao
CAROLINE KLEM DE CASTRO,CAROLINE KLEM DE CASTRO,1,1,0,0,2026-03-13,2026-03-13,1,1,nao,nao
CAROLINE MARIA SANTANA BAPTISTA,CAROLINE MARIA SANTANA BAPTISTA,1,1,0,0,2024-12-02,2024-12-02,1,0,nao,nao
CAROLINE MARINHO DOS SANTOS,CAROLINE MARINHO DOS SANTOS,1,0,1,0,2026-02-03,2026-02-03,1,1,nao,nao
CAROLINE MARTINS DE SOUZA,CAROLINE MARTINS DE SOUZA,1,1,0,0,2026-01-19,2026-01-19,0,1,nao,nao
CAROLINE MARTINS SARDINHA,CAROLINE MARTINS SARDINHA,1,0,1,0,2026-04-17,2026-04-17,1,0,nao,nao
CAROLINE MORENO RIBEIRO DOS SANTOS,CAROLINE MORENO RIBEIRO DOS SANTOS,1,1,0,0,2024-10-10,2024-10-10,0,1,nao,nao
CAROLINE ROSA BARRETO MAIA,CAROLINE ROSA BARRETO MAIA,1,0,1,0,2026-01-27,2026-01-27,1,1,nao,nao
CAROLINE ROSA MIRANDA DE ARAUJO,CAROLINE ROSA MIRANDA DE ARAUJO,1,0,1,0,2024-12-10,2024-12-10,1,0,nao,nao
CAROLINE SOUZA SEGUI,CAROLINE SOUZA SEGUI,1,1,0,0,2026-01-14,2026-01-14,1,1,nao,nao
CAROLINE VIANNA CARNEIRO COSTA,CAROLINE VIANNA CARNEIRO COSTA,1,1,0,0,2026-03-20,2026-03-20,1,0,nao,nao
CAROLINNE COSTA MIRANDA JOVIANO DA SILVA,CAROLINNE COSTA MIRANDA JOVIANO DA SILVA,2,1,1,0,2024-12-05,2025-12-16,1,1,sim,nao
CAR￾LA DE ASSUNCAO SIGNORELLI,CAR￾LA DE ASSUNÇÃO SIGNORELLI,1,0,1,0,2024-10-18,2024-10-18,1,1,nao,nao
CAR￾LOS EDUARDO PIMENTA DA LUZ,CAR￾LOS EDUARDO PIMENTA DA LUZ,1,0,1,0,2024-10-23,2024-10-23,1,1,nao,nao
CASSIA LOPES QUEIROZ,CASSIA LOPES QUEIROZ,1,1,0,0,2024-11-21,2024-11-21,1,1,nao,nao
CASSIA MARIA DE SOUZA COUTINHO,CASSIA MARIA DE SOUZA COUTINHO,1,0,1,0,2026-01-27,2026-01-27,1,0,nao,nao
CASSIA MARIA OLIVEIRA LINHARES,CASSIA MARIA OLIVEIRA LINHARES,3,1,2,1,2024-11-06,2024-12-02,2,0,sim,sim
CASSIO AVELAR DAFLON VIEIRA,CASSIO AVELAR DAFLON VIEIRA,1,1,0,0,2026-03-20,2026-03-20,1,0,nao,nao
CASSIO CRISTINO PEREIRA RIBEIRO,CASSIO CRISTINO PEREIRA RIBEIRO,1,1,0,0,2024-11-12,2024-11-12,0,1,nao,nao
CASSIO DA CONCEICAO COELHO,CASSIO DA CONCEIÇÃO COELHO,2,1,1,1,2024-10-18,2024-10-18,2,1,sim,sim
CASSIUS VALERIO TEIXEIRA DA SILVEIRA,CASSIUS VALERIO TEIXEIRA DA SILVEIRA,1,1,0,0,2026-02-03,2026-02-03,0,1,nao,nao
CASTELAR CAROTA PEREIRA NETO,CASTELAR CAROTA PEREIRA NETO,1,1,0,0,2026-01-21,2026-01-21,0,0,nao,nao
CATARINA BARCELLOS DE SOUZA,CATARINA BARCELLOS DE SOUZA,1,1,0,0,2026-03-20,2026-03-20,0,1,nao,nao
CATHARINA MARIANO CONSTATINO WERNECK DE AZEVEDO,CATHARINA MARIANO CONSTATINO WERNECK DE AZEVEDO,2,1,1,1,2024-12-05,2024-12-05,2,0,sim,sim
CATIA DOS SANTOS SINGELO,CATIA DOS SANTOS SINGELO,1,1,0,0,2026-01-15,2026-01-15,1,0,nao,nao
CATIA MARIA FONSECA DA CRUZ,CATIA MARIA FONSECA DA CRUZ,1,0,1,0,2026-04-28,2026-04-28,1,1,nao,nao
CATIA VALERIA DO AMARAL,CATIA VALERIA DO AMARAL,1,0,1,0,2026-04-28,2026-04-28,1,0,nao,nao
CAUA ANDERSON SAVERNINI SANTOS,CAUA ANDERSON SAVERNINI SANTOS,1,0,1,0,2026-04-17,2026-04-17,1,0,nao,nao
CAUA HENRIQUE GONCALVES PINHEIRO,CAUÃ HENRIQUE GONÇALVES PINHEIRO,2,1,1,0,2026-02-26,2026-04-17,2,0,sim,nao
CAUA THURLER PINHEIRO DE AZEVEDO,CAUA THURLER PINHEIRO DE AZEVEDO,1,0,1,0,2026-01-14,2026-01-14,1,1,nao,nao
CAYLANE SALGADO BATISTA,CAYLANE SALGADO BATISTA,1,1,0,0,2026-01-21,2026-01-21,0,0,nao,nao
CA￾ROLINE ALVES GONZAGA,CA￾ROLINE ALVES GONZAGA,1,0,1,0,2024-10-23,2024-10-23,1,1,nao,nao
CA￾ROLINE MARIA SANTANA BAPTISTA,CA￾ROLINE MARIA SANTANA BAPTISTA,1,0,1,0,2024-11-01,2024-11-01,1,1,nao,nao
CECILIA ANDRIES NOGUEIRA CANEDO,CECILIA ANDRIES NOGUEIRA CANEDO,1,1,0,0,2026-04-15,2026-04-15,1,0,nao,nao
CECILIA ROXO BRUNO,CECÍLIA ROXO BRUNO,1,1,0,0,2024-11-12,2024-11-12,1,1,nao,nao
CEL PM,CEL PM,1,0,1,0,2026-04-28,2026-04-28,1,1,nao,nao
CELIA AGOSTINHO DE SOUSA,CELIA AGOSTINHO DE SOUSA,1,1,0,0,2026-01-19,2026-01-19,1,0,nao,nao
CELIA CRISTINA PINTO DE OLIVEIRA,CELIA CRISTINA PINTO DE OLIVEIRA,1,1,0,0,2024-10-07,2024-10-07,0,1,nao,nao
CELIA MARIA GOMES TERRA GUIMARAES,CELIA MARIA GOMES TERRA GUIMARAES,1,1,0,0,2026-02-03,2026-02-03,0,0,nao,nao
CELIA NAZARETH BRAGA VIRMOND,CELIA NAZARETH BRAGA VIRMOND,1,1,0,0,2026-03-25,2026-03-25,0,1,nao,nao
CELIA REGINA DE QUEIROZ RIBEIRO,CÉLIA REGINA DE QUEIROZ RIBEIRO,1,1,0,0,2026-03-24,2026-03-24,1,0,nao,nao
CELIA REGINA DO NASCIMENTO DE PAULA,CELIA REGINA DO NASCIMENTO DE PAULA,1,1,0,0,2024-11-06,2024-11-06,0,1,nao,nao
CELIA REGINA FIGUEIREDO CAMPOS,CELIA REGINA FIGUEIREDO CAMPOS,1,0,1,0,2025-12-18,2025-12-18,1,1,nao,nao
CELIA REGINA RODRIGUES DRUMOND FLORES,CELIA REGINA RODRIGUES DRUMOND FLORES,1,1,0,0,2025-11-19,2025-11-19,1,1,nao,nao
CELIO GONZAGA DE OLIVEIRA,CELIO GONZAGA DE OLIVEIRA,1,0,1,0,2026-04-28,2026-04-28,1,0,nao,nao
CELSO ALVES DA COSTA,CELSO ALVES DA COSTA,2,1,1,0,2024-12-26,2026-04-28,2,0,sim,nao
CELSO ALVES JUNIOR,CELSO ALVES JUNIOR,1,0,1,0,2026-03-02,2026-03-02,1,0,nao,nao
CELSO LUCAS DE AZEVEDO,CELSO LUCAS DE AZEVEDO,1,1,0,0,2026-03-09,2026-03-09,0,0,nao,nao
CELSO SANTOS CARDOSO,CELSO SANTOS CARDOSO,2,1,1,0,2026-01-09,2026-04-01,1,1,sim,nao
CESAR AUGUSTO DE CARVALHO JUNQUEIRA,CESAR AUGUSTO DE CARVALHO JUNQUEIRA,1,1,0,0,2024-12-09,2024-12-09,0,0,nao,nao
CESAR AUGUSTO RAMOS F PINTO,CESAR AUGUSTO RAMOS F PINTO,1,1,0,0,2026-03-24,2026-03-24,0,1,nao,nao
CESAR DA CUNHA MACEDO,CESAR DA CUNHA MACEDO,1,0,1,0,2026-02-03,2026-02-03,1,0,nao,nao
CESAR DO CARMO LUCIANO,CESAR DO CARMO LUCIANO,1,1,0,0,2024-10-30,2024-10-30,1,1,nao,nao
CESAR LAGE PRAXEDES,CESAR LAGE PRAXEDES,1,0,1,0,2026-02-04,2026-02-04,1,0,nao,nao
CESAR SILVA SUCUPIRA,CESAR SILVA SUCUPIRA,1,0,1,0,2026-02-20,2026-02-20,1,0,nao,nao
CESAR SOARES BALBI,CESAR SOARES BALBI,1,1,0,0,2024-11-01,2024-11-01,0,1,nao,nao
CE￾LINA BATISTA DE PAULA,CE￾LINA BATISTA DE PAULA,1,0,1,0,2024-11-04,2024-11-04,1,1,nao,nao
CE￾SAR AUGUSTO DE CARVALHO JUNQUEIRA,CE￾SAR AUGUSTO DE CARVALHO JUNQUEIRA,1,0,1,0,2024-12-09,2024-12-09,1,1,nao,nao
CE￾SAR SOARES BALBI,CE￾SAR SOARES BALBI,1,0,1,0,2024-11-01,2024-11-01,1,1,nao,nao
CHAIANE NATALIA TEIXEIRA,CHAIANE NATALIA TEIXEIRA,1,0,1,0,2026-04-28,2026-04-28,1,0,nao,nao
CHARLES ALEXANDRE DE ALMEIDA GRECO,CHARLES ALEXANDRE DE ALMEIDA GRECO,2,2,0,0,2026-04-28,2026-04-29,0,1,nao,nao
CHARLES CRUZ,CHARLES CRUZ,1,0,1,0,2026-04-17,2026-04-17,1,0,nao,nao
CHARLES MOREIRA SOBRINHO JUNIOR,CHARLES MOREIRA SOBRINHO JUNIOR,1,1,0,0,2024-10-02,2024-10-02,1,1,nao,nao
CHARLLES BATISTA DA SILVA,CHARLLES BATISTA DA SILVA,1,1,0,0,2026-04-14,2026-04-14,1,0,nao,nao
CHARLLES DA FONSECA LUCAS,CHARLLES DA FONSECA LUCAS,1,1,0,0,2025-11-28,2025-11-28,0,1,nao,nao
CHRISTIAN GOMES DE FIGUEIREDO ARAUJO,CHRISTIAN GOMES DE FIGUEIREDO ARAUJO,1,1,0,0,2025-12-04,2025-12-04,0,1,nao,nao
CHRISTIAN SIMON,CHRISTIAN SIMON,1,0,1,0,2026-03-18,2026-03-18,1,1,nao,nao
CHRISTIANE ZIEHFUSS HESKETH MARCONDES,CHRISTIANE ZIEHFUSS HESKETH MARCONDES,2,1,1,1,2025-11-25,2025-11-25,1,0,sim,sim
CHRISTIANNE APARECIDA PEREIRA DOS SANTOS,CHRISTIANNE APARECIDA PEREIRA DOS SANTOS,1,1,0,0,2026-01-21,2026-01-21,0,0,nao,nao
CHRISTINE COUTINHO AGUIAR DE ANDRADE,CHRISTINE COUTINHO AGUIAR DE ANDRADE,2,1,1,1,2024-10-21,2024-10-21,2,1,sim,sim
CHRISTOPHER DA CRUZ CONCEICAO,CHRISTOPHER DA CRUZ CONCEICAO,1,0,1,0,2026-04-10,2026-04-10,1,1,nao,nao
CH￾RISTOPHER DE SOUZA PONTES DA SILVA,CH￾RISTOPHER DE SOUZA PONTES DA SILVA,1,0,1,0,2024-10-11,2024-10-11,1,0,nao,nao
CICERA DELIANE MARCELINO DE JESUS,CICERA DELIANE MARCELINO DE JESUS,1,0,1,0,2026-04-08,2026-04-08,1,1,nao,nao
CICERO BATISTA DE ARAUJO,CICERO BATISTA DE ARAUJO,1,0,1,0,2024-12-02,2024-12-02,1,1,nao,nao
CID TAVARES VASCONCELOS,CID TAVARES VASCONCELOS,1,1,0,0,2026-04-15,2026-04-15,0,1,nao,nao
CINTHIA MARTINS GONCALVES,CINTHIA MARTINS GONCALVES,2,1,1,1,2026-04-08,2026-04-15,1,2,sim,sim
CINTHIA PERES CASTRO DE SOUZA,CINTHIA PERES CASTRO DE SOUZA,1,1,0,0,2026-02-12,2026-02-12,1,0,nao,nao
CINTHIA PITZ PIMENTA PINHEIRO,CINTHIA PITZ PIMENTA PINHEIRO,1,0,1,0,2026-03-24,2026-03-24,1,1,nao,nao
CINTIA AMANDA FERREIRA SILVA,CINTIA AMANDA FERREIRA SILVA,1,1,0,0,2024-10-24,2024-10-24,1,1,nao,nao
CINTIA CRISTINA DA COSTA GERALDO,CINTIA CRISTINA DA COSTA GERALDO,1,0,1,0,2026-04-17,2026-04-17,1,0,nao,nao
CINTIA DE LIMA PAIVA,CINTIA DE LIMA PAIVA,1,1,0,0,2026-03-25,2026-03-25,1,1,nao,nao
CIRLENE DA SILVA FERNANDES,CIRLENE DA SILVA FERNANDES,1,0,1,0,2026-03-02,2026-03-02,1,1,nao,nao
CLARA DE ALBUQUERQUE DUARTE,CLARA DE ALBUQUERQUE DUARTE,1,1,0,0,2026-03-17,2026-03-17,1,0,nao,nao
CLARA DUARTE SILVESTRE CAVALCANTI LIMA,CLARA DUARTE SILVESTRE CAVALCANTI LIMA,2,1,1,1,2024-10-11,2024-10-11,2,1,sim,sim
CLARA MARIA NOGUEIRA LUGON,CLARA MARIA NOGUEIRA LUGON,2,1,1,0,2025-11-17,2026-03-16,2,1,sim,nao
CLARO MARIANO DE LIMA FILHO,CLARO MARIANO DE LIMA FILHO,1,1,0,0,2026-01-15,2026-01-15,1,0,nao,nao
CLARYANNE DE AZEREDO MORAES,CLARYANNE DE AZEREDO MORAES,1,0,1,0,2026-03-02,2026-03-02,1,1,nao,nao
CLAUDE DA SILVA CHAVES,CLAUDE DA SILVA CHAVES,3,2,1,0,2026-02-23,2026-03-17,3,0,sim,nao
CLAUDIA ANDRADE DOS SANTOS,CLAUDIA ANDRADE DOS SANTOS,1,1,0,0,2024-12-20,2024-12-20,0,0,nao,nao
CLAUDIA ANTONIA DA SILVA PAULO,CLAUDIA ANTONIA DA SILVA PAULO,2,1,1,1,2024-11-07,2024-11-07,1,2,sim,sim
CLAUDIA BARRETO DOS SANTOS,CLAUDIA BARRETO DOS SANTOS,1,0,1,0,2026-01-05,2026-01-05,1,0,nao,nao
CLAUDIA CHRISTINA SILVA PEREIRA,CLÁUDIA CHRISTINA SILVA PEREIRA,1,0,1,0,2024-10-25,2024-10-25,1,1,nao,nao
CLAUDIA DA COSTA PAULO GOMES,CLAUDIA DA COSTA PAULO GOMES,1,1,0,0,2026-04-14,2026-04-14,0,0,nao,nao
CLAUDIA DA COSTA RAMOS JANIQUES,CLAUDIA DA COSTA RAMOS JANIQUES,1,0,1,0,2024-12-04,2024-12-04,1,0,nao,nao
CLAUDIA DA SILVA BERMOND,CLÁUDIA DA SILVA BERMOND,2,1,1,0,2026-01-22,2026-04-16,1,0,sim,nao
CLAUDIA DE MELLO GENTIL,CLAUDIA DE MELLO GENTIL,2,1,1,0,2026-02-27,2026-03-13,1,2,sim,nao
CLAUDIA DOMINGOS TORRES,CLÁUDIA DOMINGOS TORRES,1,1,0,0,2024-10-29,2024-10-29,1,1,nao,nao
CLAUDIA GOMES FERNANDES,CLAUDIA GOMES FERNANDES,1,0,1,0,2026-03-05,2026-03-05,1,1,nao,nao
CLAUDIA GUIMARAES,CLÁUDIA GUIMARÃES,2,2,0,0,2024-10-21,2025-11-28,0,1,nao,nao
CLAUDIA MARCIA DE ALMEIDA ALVES,CLAUDIA MARCIA DE ALMEIDA ALVES,1,0,1,0,2026-04-15,2026-04-15,1,0,nao,nao
CLAUDIA MARCIA DOS ANJOS MACHADO,CLAUDIA MARCIA DOS ANJOS MACHADO,1,0,1,0,2024-10-23,2024-10-23,1,1,nao,nao
CLAUDIA MARIA BRAGA DE MELLO,CLAUDIA MARIA BRAGA DE MELLO,1,0,1,0,2026-04-28,2026-04-28,1,0,nao,nao
CLAUDIA MARIA DE FREITAS ARAGAO,CLÁUDIA MARIA DE FREITAS ARAGÃO,1,1,0,0,2024-10-25,2024-10-25,1,0,nao,nao
CLAUDIA NUNES BITTENCOURT,CLAUDIA NUNES BITTENCOURT,1,1,0,0,2026-03-19,2026-03-19,0,1,nao,nao
CLAUDIA OLSIESKI DA CRUZ,CLAUDIA OLSIESKI DA CRUZ,1,0,1,0,2026-04-15,2026-04-15,1,1,nao,nao
CLAUDIA REGINA DURAES DA SILVA,CLAUDIA REGINA DURAES DA SILVA,1,0,1,0,2025-12-19,2025-12-19,1,0,nao,nao
CLAUDIA SIMOES CARVALHO,CLAUDIA SIMÕES CARVALHO,2,1,1,1,2024-10-02,2024-10-02,2,2,sim,sim
CLAUDIA TANABE SCOTELARO ALVES,CLAUDIA TANABE SCOTELARO ALVES,1,1,0,0,2026-01-02,2026-01-02,1,0,nao,nao
CLAUDIA VAL DOS SANTOS,CLAUDIA VAL DOS SANTOS,1,1,0,0,2026-03-09,2026-03-09,0,1,nao,nao
CLAUDIA VALERIA MARTINS DA SILVA,CLAUDIA VALÉRIA MARTINS DA SILVA,1,1,0,0,2024-12-10,2024-12-10,1,1,nao,nao
CLAUDINEA SILVA DE OLIVEIRA,CLAUDINEA SILVA DE OLIVEIRA,2,1,1,0,2024-11-11,2025-11-19,2,0,sim,nao
CLAUDINEI BESSA CHAGAS,CLAUDINEI BESSA CHAGAS,1,1,0,0,2024-11-05,2024-11-05,1,0,nao,nao
CLAUDINEIA BELEM DE ASSIS CONDE,CLAUDINEIA BELEM DE ASSIS CONDE,1,0,1,0,2026-04-17,2026-04-17,1,1,nao,nao
CLAUDIO ALMEIDA DA SILVEIRA,CLAUDIO ALMEIDA DA SILVEIRA,1,1,0,0,2026-02-23,2026-02-23,1,0,nao,nao
CLAUDIO ANTONIO QUARESMA DE MENEZES,CLAUDIO ANTONIO QUARESMA DE MENEZES,1,0,1,0,2026-04-13,2026-04-13,1,1,nao,nao
CLAUDIO BRAGA DE MELLO,CLAUDIO BRAGA DE MELLO,2,1,1,0,2026-02-27,2026-04-28,2,0,sim,nao
CLAUDIO CABRAL DOS SANTOS,CLAUDIO CABRAL DOS SANTOS,2,0,2,0,2026-03-16,2026-03-16,1,1,nao,nao
CLAUDIO DE CASTRO RIZZO,CLAUDIO DE CASTRO RIZZO,1,1,0,0,2025-12-23,2025-12-23,0,0,nao,nao
CLAUDIO DE SOUZA QUARESMA,CLAUDIO DE SOUZA QUARESMA,1,0,1,0,2026-04-17,2026-04-17,1,0,nao,nao
CLAUDIO FERREIRA DOS SANTOS,CLAUDIO FERREIRA DOS SANTOS,1,0,1,0,2026-03-13,2026-03-13,1,1,nao,nao
CLAUDIO GUIMARAES TEIXEIRA,CLAUDIO GUIMARAES TEIXEIRA,1,0,1,0,2026-01-12,2026-01-12,1,1,nao,nao
CLAUDIO HENRIQUE DE MORAES LADEIRA JUNIOR,CLAUDIO HENRIQUE DE MORAES LADEIRA JUNIOR,1,0,1,0,2026-04-17,2026-04-17,1,0,nao,nao
CLAUDIO LUCAS RAMOS ACOSTA,CLAUDIO LUCAS RAMOS ACOSTA,1,0,1,0,2026-04-22,2026-04-22,1,1,nao,nao
CLAUDIO MAURICIO DE SOUZA,CLAUDIO MAURICIO DE SOUZA,1,1,0,0,2025-11-28,2025-11-28,0,0,nao,nao
CLAUDIO MONTEIRO DE ARAUJO JUNIOR,CLAUDIO MONTEIRO DE ARAUJO JUNIOR,1,1,0,0,2025-12-08,2025-12-08,1,0,nao,nao
CLAUDIO RENATO DE LIMA DIAS,CLAUDIO RENATO DE LIMA DIAS,1,0,1,0,2024-12-05,2024-12-05,1,0,nao,nao
CLAUDIO ROSALINO NUSS,CLÁUDIO ROSALINO NUSS,1,1,0,0,2025-11-07,2025-11-07,0,0,nao,nao
CLAUDIO SILVA DE ALMEIDA,CLAUDIO SILVA DE ALMEIDA,1,0,1,0,2024-11-01,2024-11-01,1,0,nao,nao
CLAUDIO TORRES CARVALHO,CLÁUDIO TORRES CARVALHO,1,1,0,0,2024-11-01,2024-11-01,1,1,nao,nao
CLAUDIO VIEIRA DE MELO,CLAUDIO VIEIRA DE MELO,1,1,0,0,2026-03-09,2026-03-09,0,1,nao,nao
CLAUDIUS FERREIRA DA SILVA,CLAUDIUS FERREIRA DA SILVA,1,0,1,0,2026-04-20,2026-04-20,1,1,nao,nao
CLAYTON LUIZ DE SOUZA GOMES,CLAYTON LUIZ DE SOUZA GOMES,1,0,1,0,2026-04-27,2026-04-27,1,0,nao,nao
CLEBER BITTENCOURT DA SILVA,CLEBER BITTENCOURT DA SILVA,2,1,1,1,2025-11-10,2025-11-10,2,2,sim,sim
CLEBER DA COSTA TEIXEIRA,CLEBER DA COSTA TEIXEIRA,1,1,0,0,2025-12-23,2025-12-23,0,0,nao,nao
CLEBER JOSE ABRAO,CLEBER JOSE ABRAO,1,0,1,0,2026-04-29,2026-04-29,1,1,nao,nao
CLEBER LUCIANO SILVA NASCIMENTO,CLEBER LUCIANO SILVA NASCIMENTO,1,0,1,0,2026-03-23,2026-03-23,1,1,nao,nao
CLEBER LUIZ IZAIAS,CLEBER LUIZ IZAIAS,1,0,1,0,2024-10-31,2024-10-31,1,0,nao,nao
CLEBER RODRIGUES MAZZINI,CLEBER RODRIGUES MAZZINI,2,2,0,0,2024-10-16,2026-03-11,0,0,nao,nao
CLEIDE DA SILVA CABRAL QUARESMA,CLEIDE DA SILVA CABRAL QUARESMA,1,1,0,0,2026-01-09,2026-01-09,0,0,nao,nao
CLEIDE FERREIRA,CLEIDE FERREIRA,1,1,0,0,2026-03-09,2026-03-09,0,1,nao,nao
CLEIDE FERREIRA DA SILVA,CLEIDE FERREIRA DA SILVA,1,1,0,0,2025-12-17,2025-12-17,0,0,nao,nao
CLEIDE FERREIRA DA SILVA ALBUQUERQUE,CLEIDE FERREIRA DA SILVA ALBUQUERQUE,1,1,0,0,2026-03-09,2026-03-09,0,1,nao,nao
CLEITON COSTA GONCALVES,CLEITON COSTA GONÇALVES,1,1,0,0,2024-11-01,2024-11-01,0,0,nao,nao
CLEITON JOSE FERREIRA DA SILVA,CLEITON JOSE FERREIRA DA SILVA,1,1,0,0,2026-01-07,2026-01-07,0,1,nao,nao
CLEITON TEIXEIRA DE CARVALHO,CLEITON TEIXEIRA DE CARVALHO,2,1,1,1,2024-12-09,2026-01-06,1,1,sim,sim
CLEIZA SIMONE LOPES FREIRE,CLEIZA SIMONE LOPES FREIRE,1,1,0,0,2026-02-06,2026-02-06,1,1,nao,nao
CLELIA SANDRA DOS ANJOS SOARES,CLELIA SANDRA DOS ANJOS SOARES,1,0,1,0,2026-04-28,2026-04-28,1,0,nao,nao
CLEMILDA MARIA MAGALHAES CAMELO,CLEMILDA MARIA MAGALHÃES CAMELO,2,1,1,1,2024-11-04,2024-11-12,2,0,sim,sim
CLEVER MAIA LAMEIRA,CLEVER MAIA LAMEIRA,1,1,0,0,2026-03-04,2026-03-04,1,0,nao,nao
CLEYTON MURILO DA SILVA CHAVES,CLEYTON MURILO DA SILVA CHAVES,2,2,0,0,2026-02-23,2026-02-23,1,0,nao,nao
CLEYTON OLIVEIRA DA CONCEICAO,CLEYTON OLIVEIRA DA CONCEICAO,1,0,1,0,2026-02-09,2026-02-09,1,1,nao,nao
CLEYTON ROBERTO DE JESUS PACHECO,CLEYTON ROBERTO DE JESUS PACHECO,1,0,1,0,2026-03-19,2026-03-19,1,0,nao,nao
CLE￾VERSON DUTRA NETO,CLE￾VERSON DUTRA NETO,1,0,1,0,2024-10-08,2024-10-08,1,0,nao,nao
CLICIA SILVA CRUZ,CLICIA SILVA CRUZ,1,0,1,0,2026-04-10,2026-04-10,1,1,nao,nao
CLOVIS DE SA LEITAO NETO,CLOVIS DE SÁ LEITÃO NETO,1,1,0,0,2024-10-01,2024-10-01,0,0,nao,nao
CLOVIS RAFAEL PIRES BASTOS,CLOVIS RAFAEL PIRES BASTOS,1,1,0,0,2026-02-05,2026-02-05,0,0,nao,nao
CLOVIS SILVEIRA NETO,CLOVIS SILVEIRA NETO,2,1,1,1,2026-03-17,2026-03-18,1,1,sim,sim
CLO￾VIS DE SA LEITAO NETO,CLO￾VIS DE SÁ LEITÃO NETO,1,0,1,0,2024-10-01,2024-10-01,1,1,nao,nao
CONCEICAO DE MARIA RAPOSO MONTEIRO NOVO,CONCEICAO DE MARIA RAPOSO MONTEIRO NOVO,1,0,1,0,2026-02-05,2026-02-05,1,0,nao,nao
CONRADO BARBOSA DA SILVA,CONRADO BARBOSA DA SILVA,1,1,0,0,2026-03-06,2026-03-06,1,0,nao,nao
CONTROLADORIA E ADMINISTRACAO - DISOP,CONTROLADORIA E ADMINISTRAÇÃO - DISOP,1,0,1,0,2026-02-09,2026-02-09,0,0,nao,nao
CORINA AGUIAR PEREIRA,CORINA AGUIAR PEREIRA,1,0,1,0,2024-10-01,2024-10-01,1,0,nao,nao
COSME ANDERSON SOUZA DOS SANTOS,COSME ANDERSON SOUZA DOS SANTOS,1,1,0,0,2026-02-26,2026-02-26,1,0,nao,nao
COSME RODRIGUES DA COSTA,COSME RODRIGUES DA COSTA,2,0,2,0,2026-03-11,2026-03-11,1,1,nao,nao
COSME SILVA DE SANT ANNA,COSME SILVA DE SANT ANNA,1,1,0,0,2026-02-05,2026-02-05,0,0,nao,nao
CREUZA DOLORES DA S DE MOURA,CREUZA DOLORES DA S DE MOURA,1,0,1,0,2026-01-02,2026-01-02,1,0,nao,nao
CRISLAINE FIDELIS TAVARES ALVES,CRISLAINE FIDELIS TAVARES ALVES,1,1,0,0,2025-12-01,2025-12-01,0,0,nao,nao
CRISLAYNE DA SILVA CANTARINE,CRISLAYNE DA SILVA CANTARINE,1,0,1,0,2026-04-22,2026-04-22,1,1,nao,nao
CRISTIANE AMARAL DE ARAUJO SILVA,CRISTIANE AMARAL DE ARAUJO SILVA,1,0,1,0,2026-04-16,2026-04-16,1,0,nao,nao
CRISTIANE CAETANO SANTIAGO,CRISTIANE CAETANO SANTIAGO,1,1,0,0,2026-03-16,2026-03-16,1,0,nao,nao
CRISTIANE DA SILVA BAHIA,CRISTIANE DA SILVA BAHIA,1,1,0,0,2024-12-09,2024-12-09,1,1,nao,nao
CRISTIANE DA SILVA CARVALHO,CRISTIANE DA SILVA CARVALHO,1,0,1,0,2024-11-01,2024-11-01,1,0,nao,nao
CRISTIANE DE ALMEIDA SILVA,CRISTIANE DE ALMEIDA SILVA,2,1,1,0,2026-01-29,2026-04-28,2,0,sim,nao
CRISTIANE DE OLIVEIRA THEOPHILO,CRISTIANE DE OLIVEIRA THEOPHILO,1,1,0,0,2025-11-10,2025-11-10,0,1,nao,nao
CRISTIANE DUARTE AMARAL,CRISTIANE DUARTE AMARAL,1,0,1,0,2024-12-02,2024-12-02,1,1,nao,nao
CRISTIANE JUCA SAUERBRONN DE SOUZA,CRISTIANE JUCA SAUERBRONN DE SOUZA,2,2,0,0,2026-03-11,2026-03-11,0,0,nao,nao
CRISTIANE MIRANCOS POMBO,CRISTIANE MIRANCOS POMBO,1,1,0,0,2026-02-09,2026-02-09,1,0,nao,nao
CRISTIANE OLIVEIRA LOURENCO MARTINS,CRISTIANE OLIVEIRA LOURENÇO MARTINS,1,1,0,0,2024-12-10,2024-12-10,0,1,nao,nao
CRISTIANE SILVA GIRAO,CRISTIANE SILVA GIRÃO,1,1,0,0,2025-11-05,2025-11-05,0,0,nao,nao
CRISTIANI RODRIGUES RUIVO ALVES,CRISTIANI RODRIGUES RUIVO ALVES,1,1,0,0,2026-03-24,2026-03-24,1,0,nao,nao
CRISTIANO ALVAREZ FRANCA,CRISTIANO ALVAREZ FRANÇA,1,1,0,0,2024-12-26,2024-12-26,1,1,nao,nao
CRISTIANO DE SALES LEAO,CRISTIANO DE SALES LEAO,1,1,0,0,2026-02-03,2026-02-03,0,0,nao,nao
CRISTIANO FERREIRA FIORENTINO,CRISTIANO FERREIRA FIORENTINO,1,1,0,0,2026-02-26,2026-02-26,1,1,nao,nao
CRISTIANO GONCALVES DE SOUZA,CRISTIANO GONÇALVES DE SOUZA,4,2,2,2,2024-10-07,2024-10-18,4,2,sim,sim
CRISTIANO GONCALVES MARIA,CRISTIANO GONCALVES MARIA,1,0,1,0,2026-04-16,2026-04-16,1,0,nao,nao
CRISTIANO LUIZ GASPAR,CRISTIANO LUIZ GASPAR,1,0,1,0,2026-04-10,2026-04-10,1,1,nao,nao
CRISTIANO PEREIRA DE SOUZA,CRISTIANO PEREIRA DE SOUZA,2,1,1,1,2026-03-19,2026-03-26,1,2,sim,sim
CRISTIANO RAFAEL BASTOS DA CONCEICAO,CRISTIANO RAFAEL BASTOS DA CONCEIÇÃO,1,1,0,0,2026-02-10,2026-02-10,1,0,nao,nao
CRISTIANO RAMOS MACHADO,CRISTIANO RAMOS MACHADO,1,0,1,0,2026-03-02,2026-03-02,1,1,nao,nao
CRISTIANO WASHINGTON SOARES DA SILVA,CRISTIANO WASHINGTON SOARES DA SILVA,2,2,0,0,2026-03-06,2026-03-06,0,1,nao,nao
CRISTINA ARAUJO GOMES DA SILVA,CRISTINA ARAUJO GOMES DA SILVA,1,1,0,0,2025-12-04,2025-12-04,1,1,nao,nao
CRISTINA MARIA DE OLIVEIRA MELO,CRISTINA MARIA DE OLIVEIRA MELO,1,1,0,0,2025-11-28,2025-11-28,0,1,nao,nao
CYNTHIA ANDRADE CAMPELO,CYNTHIA ANDRADE CAMPELO,1,0,1,0,2026-03-02,2026-03-02,1,0,nao,nao
CYNTHIA FERREIRA ANDRADE,CYNTHIA FERREIRA ANDRADE,1,0,1,0,2024-12-02,2024-12-02,1,0,nao,nao
CYNTHIA MARTINS BEZERRA,CYNTHIA MARTINS BEZERRA,1,1,0,0,2026-04-14,2026-04-14,0,1,nao,nao
DAGUIMARA SOARES DOS SANTOS BARRETO,DAGUIMARA SOARES DOS SANTOS BARRETO,2,1,1,0,2026-02-12,2026-04-28,2,0,sim,nao
DAIANA CUNHA DE SEQUEIRA LEANDRO,DAIANA CUNHA DE SEQUEIRA LEANDRO,2,2,0,0,2026-02-25,2026-02-25,1,1,nao,nao
DAIANA SANTANA MENEZES,DAIANA SANTANA MENEZES,1,1,0,0,2026-03-02,2026-03-02,1,0,nao,nao
DAIANE BRAGA MACHADO DE FREITAS,DAIANE BRAGA MACHADO DE FREITAS,1,1,0,0,2026-02-03,2026-02-03,0,0,nao,nao
DAIANE DOS SANTOS DUARTE,DAIANE DOS SANTOS DUARTE,1,0,1,0,2026-03-18,2026-03-18,1,1,nao,nao
DAIENE DOS SANTOS COSTA,DAIENE DOS SANTOS COSTA,2,1,1,1,2024-12-06,2024-12-06,1,0,sim,sim
DAITI AUGUSTO HAMANAKA,DAITI AUGUSTO HAMANAKA,1,1,0,0,2025-12-11,2025-12-11,0,0,nao,nao
DALLE ANNE SCHMID DO AMARAL,DALLE ANNE SCHMID DO AMARAL,1,0,1,0,2026-04-17,2026-04-17,1,0,nao,nao
DALMIR DIAS LAPORT,DALMIR DIAS LAPORT,1,1,0,0,2024-12-02,2024-12-02,1,0,nao,nao
DALTONY LUIZ FERREIRA RAMOS,DALTONY LUIZ FERREIRA RAMOS,1,1,0,0,2026-04-14,2026-04-14,1,1,nao,nao
DAMIANA DA SILVA DINIZ,DAMIANA DA SILVA DINIZ,1,0,1,0,2026-04-28,2026-04-28,1,0,nao,nao
DAMIANA FATIMA COSTA DOMINGOS,DAMIANA FATIMA COSTA DOMINGOS,2,1,1,0,2026-02-27,2026-04-17,2,0,sim,nao
DAMIAO CARLOS MARIANO GONCALVES,DAMIÃO CARLOS MARIANO GONÇALVES,1,0,1,0,2026-04-28,2026-04-28,1,0,nao,nao
DAMIAO RODRIGUES DA COSTA,DAMIAO RODRIGUES DA COSTA,2,0,2,0,2026-03-11,2026-03-11,1,1,nao,nao
DANDARA ILDEFONCO VANELIS,DANDARA ILDEFONÇO VANELIS,1,1,0,0,2024-12-04,2024-12-04,0,1,nao,nao
DANIEL ALMEIDA DOS SANTOS,DANIEL ALMEIDA DOS SANTOS,1,1,0,0,2026-03-24,2026-03-24,1,0,nao,nao
DANIEL ALVES DA SILVA,DANIEL ALVES DA SILVA,1,0,1,0,2026-04-14,2026-04-14,1,0,nao,nao
DANIEL ANDRE DE OLIVEIRA,DANIEL ANDRE DE OLIVEIRA,1,0,1,0,2026-04-17,2026-04-17,1,0,nao,nao
DANIEL AVENDANA DE MORAES RAMOS,DANIEL AVENDANA DE MORAES RAMOS,1,1,0,0,2024-11-07,2024-11-07,1,1,nao,nao
DANIEL CARLOS DE SOUZA PEREIRA,DANIEL CARLOS DE SOUZA PEREIRA,2,2,0,0,2025-11-24,2026-03-04,2,2,nao,nao
DANIEL CURIO DE ARAUJO FEIO,DANIEL CURIO DE ARAUJO FEIO,1,0,1,0,2026-04-27,2026-04-27,1,0,nao,nao
DANIEL DA SILVA CLAUDINO,DANIEL DA SILVA CLAUDINO,1,1,0,0,2024-11-29,2024-11-29,1,1,nao,nao
DANIEL DE JESUS BIASE BRAGA,DANIEL DE JESUS BIASE BRAGA,1,1,0,0,2024-11-12,2024-11-12,1,1,nao,nao
DANIEL DE MIRANDA SIQUEIRA,DANIEL DE MIRANDA SIQUEIRA,1,1,0,0,2025-11-04,2025-11-04,0,0,nao,nao
DANIEL D`LUCCAS ANDRADE ALCE,DANIEL D`LUCCAS ANDRADE ALCE,2,1,1,1,2024-11-12,2024-11-12,2,2,sim,sim
DANIEL ESTEVES FAUSTINO,DANIEL ESTEVES FAUSTINO,1,0,1,0,2026-03-19,2026-03-19,1,0,nao,nao
DANIEL FERNANDES CHRISTINO,DANIEL FERNANDES CHRISTINO,4,3,1,0,2024-12-04,2026-04-15,2,3,sim,nao
DANIEL FERREIRA DA SILVA RODRIGUES,DANIEL FERREIRA DA SILVA RODRIGUES,1,0,1,0,2026-03-19,2026-03-19,1,1,nao,nao
DANIEL FREDERICO RAMIREZ AMBIRES,DANIEL FREDERICO RAMIREZ AMBIRES,1,0,1,0,2026-04-08,2026-04-08,1,1,nao,nao
DANIEL GHIGGINO MAGALHAES DE BARROS,DANIEL GHIGGINO MAGALHAES DE BARROS,2,1,1,0,2026-03-06,2026-04-22,1,1,sim,nao
DANIEL LOPES DO COUTO,DANIEL LOPES DO COUTO,1,1,0,0,2026-01-15,2026-01-15,1,1,nao,nao
DANIEL LUIZ DE SOUZA PAES,DANIEL LUIZ DE SOUZA PAES,2,2,0,0,2025-12-17,2026-03-23,1,0,nao,nao
DANIEL LUZENTE DE LIMA,DANIEL LUZENTE DE LIMA,1,1,0,0,2025-11-27,2025-11-27,0,0,nao,nao
DANIEL MONTEIRO FIGUEIRA,DANIEL MONTEIRO FIGUEIRA,2,2,0,0,2025-11-24,2026-03-04,1,2,nao,nao
DANIEL NEVES DE CARVALHO,DANIEL NEVES DE CARVALHO,1,1,0,0,2026-03-06,2026-03-06,1,1,nao,nao
DANIEL OSVALDO DA SILVA,DANIEL OSVALDO DA SILVA,1,1,0,0,2026-02-03,2026-02-03,0,1,nao,nao
DANIEL PENNA FIRME GUIMARAES,DANIEL PENNA FIRME GUIMARÃES,1,1,0,0,2024-11-22,2024-11-22,1,0,nao,nao
DANIEL RODRIGUES DA SILVA,DANIEL RODRIGUES DA SILVA,1,1,0,0,2024-11-22,2024-11-22,1,0,nao,nao
DANIEL ROQUE DE MELO,DANIEL ROQUE DE MELO,1,0,1,0,2026-04-17,2026-04-17,1,1,nao,nao
DANIEL SANTOS DE ALMEIDA SILVA,DANIEL SANTOS DE ALMEIDA SILVA,2,2,0,0,2026-01-12,2026-01-15,0,0,nao,nao
DANIEL SANTOS PIZZINI,DANIEL SANTOS PIZZINI,1,0,1,0,2026-02-10,2026-02-10,1,1,nao,nao
DANIEL SILVA DE HOLANDA,DANIEL SILVA DE HOLANDA,1,1,0,0,2024-11-25,2024-11-25,0,1,nao,nao
DANIEL TEIXEIRA RIBEIRO JUNIOR,DANIEL TEIXEIRA RIBEIRO JÚNIOR,1,1,0,0,2024-10-10,2024-10-10,0,0,nao,nao
DANIELA APARECIDA PAULANTI,DANIELA APARECIDA PAULANTI,1,0,1,0,2026-01-13,2026-01-13,1,1,nao,nao
DANIELA BEATRIZ DOS SANTOS FERREIRA,DANIELA BEATRIZ DOS SANTOS FERREIRA,1,0,1,0,2026-04-08,2026-04-08,1,1,nao,nao
DANIELA BRANDO VILLELA PEDRAS,DANIELA BRANDO VILLELA PEDRAS,1,0,1,0,2026-03-19,2026-03-19,1,0,nao,nao
DANIELA CHAVES PEREIRA,DANIELA CHAVES PEREIRA,1,1,0,0,2026-01-02,2026-01-02,0,1,nao,nao
DANIELA CRISTINA RIBEIRO AREIAS,DANIELA CRISTINA RIBEIRO AREIAS,1,0,1,0,2024-11-04,2024-11-04,1,0,nao,nao
DANIELA CUNHA RANGEL,DANIELA CUNHA RANGEL,2,1,1,0,2025-11-12,2025-11-26,1,0,sim,nao
DANIELA DE AGUIAR COSTA FERREIRA,DANIELA DE AGUIAR COSTA FERREIRA,1,1,0,0,2024-11-01,2024-11-01,0,1,nao,nao
DANIELA DE AZEVEDO ABICALIL,DANIELA DE AZEVEDO ABICALIL,1,0,1,0,2026-02-20,2026-02-20,1,1,nao,nao
DANIELA LIMA BARBARA,DANIELA LIMA BARBARA,1,0,1,0,2026-04-29,2026-04-29,1,1,nao,nao
DANIELA MATOS BATISTA,DANIELA MATOS BATISTA,1,1,0,0,2024-10-16,2024-10-16,0,1,nao,nao
DANIELA QUIREZA CAMPOS MORGADO,DANIELA QUIREZA CAMPOS MORGADO,1,0,1,0,2025-11-06,2025-11-06,1,0,nao,nao
DANIELA RODRIGUES SIQUEIRA DA SILVA,DANIELA RODRIGUES SIQUEIRA DA SILVA,1,0,1,0,2026-04-07,2026-04-07,1,1,nao,nao
DANIELE DE MACEDO LOPES,DANIELE DE MACEDO LOPES,1,0,1,0,2024-10-02,2024-10-02,1,0,nao,nao
DANIELE DE OLIVEIRA MOREIRA,DANIELE DE OLIVEIRA MOREIRA,3,1,2,1,2024-12-05,2026-03-13,3,0,sim,sim
DANIELE DE SOUZA SILVA,DANIELE DE SOUZA SILVA,1,0,1,0,2025-11-28,2025-11-28,1,1,nao,nao
DANIELE DIAS DO NASCIMENTO,DANIELE DIAS DO NASCIMENTO,1,1,0,0,2024-10-25,2024-10-25,0,1,nao,nao
DANIELE GALVAO DA SILVA,DANIELE GALVÃO DA SILVA,1,1,0,0,2024-12-16,2024-12-16,1,1,nao,nao
DANIELE GENTELUCI DE AZEVEDO,DANIELE GENTELUCI DE AZEVEDO,1,0,1,0,2026-04-28,2026-04-28,1,0,nao,nao
DANIELE GOMES FARIA,DANIELE GOMES FARIA,1,1,0,0,2026-02-02,2026-02-02,0,0,nao,nao
DANIELE GONCALVES GONZAGA TAVARES,DANIELE GONÇALVES GONZAGA TAVARES,1,0,1,0,2024-10-15,2024-10-15,1,0,nao,nao
DANIELE INGRID VIANA DA SILVA,DANIELE INGRID VIANA DA SILVA,2,1,1,0,2025-12-08,2026-02-06,2,0,sim,nao
DANIELE MARIA PEREIRA DE BRITO,DANIELE MARIA PEREIRA DE BRITO,1,1,0,0,2024-11-01,2024-11-01,0,0,nao,nao
DANIELE MENEZES DE CASTRO,DANIELE MENEZES DE CASTRO,2,1,1,1,2025-11-24,2026-01-26,2,2,sim,sim
DANIELE SALIM KHAYAT,DANIELE SALIM KHAYAT,1,1,0,0,2026-02-12,2026-02-12,1,0,nao,nao
DANIELE SANTOS VIEIRA,DANIELE SANTOS VIEIRA,1,1,0,0,2026-03-04,2026-03-04,0,1,nao,nao
DANIELE TORQUATO DA SILVA ROSA,DANIELE TORQUATO DA SILVA ROSA,1,1,0,0,2024-11-05,2024-11-05,0,1,nao,nao
DANIELE VIEIRA DA SILVA OLIVEIRA,DANIELE VIEIRA DA SILVA OLIVEIRA,1,1,0,0,2025-12-05,2025-12-05,0,0,nao,nao
DANIELLA LEITE BESOUCHET,DANIELLA LEITE BESOUCHET,1,1,0,0,2025-11-18,2025-11-18,0,0,nao,nao
DANIELLA PHILIPPSEN JUNQUEIRA,DANIELLA PHILIPPSEN JUNQUEIRA,1,0,1,0,2025-12-17,2025-12-17,1,1,nao,nao
DANIELLE ALMEIDA DE CASTRO,DANIELLE ALMEIDA DE CASTRO,1,1,0,0,2024-11-11,2024-11-11,0,1,nao,nao
DANIELLE BORGES COELHO,DANIELLE BORGES COELHO,1,1,0,0,2026-01-23,2026-01-23,0,0,nao,nao
DANIELLE DA COSTA CARVALHO MONTEIRO,DANIELLE DA COSTA CARVALHO MONTEIRO,2,1,1,0,2025-11-12,2026-04-28,2,0,sim,nao
DANIELLE DE CASTRO BORGES,DANIELLE DE CASTRO BORGES,1,0,1,0,2026-04-27,2026-04-27,1,1,nao,nao
DANIELLE DE SOUZA GONCALVES DE CARVALHO,DANIELLE DE SOUZA GONCALVES DE CARVALHO,1,1,0,0,2026-04-14,2026-04-14,0,1,nao,nao
DANIELLE DIAS CORREA,DANIELLE DIAS CORREA,1,0,1,0,2026-03-04,2026-03-04,1,1,nao,nao
DANIELLE FRANCA DE MENEZES VIEIRA,DANIELLE FRANCA DE MENEZES VIEIRA,1,0,1,0,2026-03-13,2026-03-13,1,1,nao,nao
DANIELLE KATHARINA KRANZL CAPUTO DE SA,DANIELLE KATHARINA KRANZL CAPUTO DE SA,1,1,0,0,2026-02-06,2026-02-06,1,0,nao,nao
DANIELLE LOUREIRO MOTTA,DANIELLE LOUREIRO MOTTA,1,1,0,0,2025-11-24,2025-11-24,1,1,nao,nao
DANIELLE MARINHO DE SOUZA,DANIELLE MARINHO DE SOUZA,1,1,0,0,2024-11-11,2024-11-11,0,0,nao,nao
DANIELLE MOREIRA CASTELO PEREIRA,DANIELLE MOREIRA CASTELO PEREIRA,2,1,1,1,2024-12-19,2024-12-19,2,1,sim,sim
DANIELLE MOREIRA NUNES,DANIELLE MOREIRA NUNES,2,2,0,0,2026-03-06,2026-03-06,2,0,nao,nao
DANIELLE REGACO BATISTA GONCALVES,DANIELLE REGACO BATISTA GONCALVES,1,1,0,0,2026-01-08,2026-01-08,0,0,nao,nao
DANIELLE REZENDE PEREZ,DANIELLE REZENDE PEREZ,1,0,1,0,2025-11-12,2025-11-12,1,1,nao,nao
DANIELLE RIGUEIRA DE AZEREDO,DANIELLE RIGUEIRA DE AZEREDO,1,1,0,0,2024-11-29,2024-11-29,1,1,nao,nao
DANIELLE RODRIGUES DOS SANTOS,DANIELLE RODRIGUES DOS SANTOS,1,1,0,0,2024-11-04,2024-11-04,0,0,nao,nao
DANIELLE SORIANO DE ALMEIDA FERNANDES RIBEIRO,DANIELLE SORIANO DE ALMEIDA FERNANDES RIBEIRO,1,1,0,0,2026-03-19,2026-03-19,1,1,nao,nao
DANILO FARIAS HERINGER DE OLIVEIRA,DANILO FARIAS HERINGER DE OLIVEIRA,3,3,0,0,2026-02-04,2026-03-10,1,1,nao,nao
DANILO FERREIRA DIAS,DANILO FERREIRA DIAS,1,1,0,0,2025-11-14,2025-11-14,0,0,nao,nao
DANILO GONCALVES DOS SANTOS,DANILO GONCALVES DOS SANTOS,1,0,1,0,2026-03-18,2026-03-18,1,1,nao,nao
DANILO LIMA FERREIRA,DANILO LIMA FERREIRA,2,2,0,0,2026-03-06,2026-03-06,2,0,nao,nao
DANILO MOREIRA DA SILVA,DANILO MOREIRA DA SILVA,1,0,1,0,2026-04-27,2026-04-27,1,1,nao,nao
DANILO SANCHEZ DA CRUZ,DANILO SANCHEZ DA CRUZ,1,0,1,0,2025-11-06,2025-11-06,1,1,nao,nao
DANNIEL MARINHO COSTA,DANNIEL MARINHO COSTA,1,0,1,0,2024-10-08,2024-10-08,1,0,nao,nao
DANUZA BRAZ SIQUEIRA,DANUZA BRAZ SIQUEIRA,1,0,1,0,2026-04-22,2026-04-22,1,1,nao,nao
DANUZIA FELICIA PEIXOTO DA SILVA,DANUZIA FELICIA PEIXOTO DA SILVA,1,0,1,0,2026-04-17,2026-04-17,1,0,nao,nao
DANUZIA FELICIA PEIXOTO DEROSSO,DANUZIA FELÍCIA PEIXOTO DEROSSO,1,1,0,0,2026-03-23,2026-03-23,1,0,nao,nao
DARLAN ARAUJO FERREIRA JUNIOR,DARLAN ARAÚJO FERREIRA JUNIOR,1,0,1,0,2024-10-04,2024-10-04,1,1,nao,nao
DARLAN CORREA TEPERINO,DARLAN CORREA TEPERINO,1,1,0,0,2026-03-11,2026-03-11,1,0,nao,nao
DARLAN DA ROCHA VIANNA,DARLAN DA ROCHA VIANNA,1,0,1,0,2025-11-05,2025-11-05,1,1,nao,nao
DARLAN PATRICK SILVA DE SOUZA,DARLAN PATRICK SILVA DE SOUZA,2,1,1,0,2024-12-18,2026-04-16,2,1,sim,nao
DAVI LADEIRA DA SILVA,DAVI LADEIRA DA SILVA,1,1,0,0,2025-11-05,2025-11-05,0,0,nao,nao
DAVI SANTOS DE SANTANA,DAVI SANTOS DE SANTANA,1,1,0,0,2024-12-16,2024-12-16,1,1,nao,nao
DAVI ZANELLI FERREIRA,DAVI ZANELLI FERREIRA,1,1,0,0,2025-12-10,2025-12-10,1,0,nao,nao
DAVID COSTA VIEIRA,DAVID COSTA VIEIRA,1,1,0,0,2024-10-10,2024-10-10,0,1,nao,nao
DAVID DE ANDRADE MARINHO FILHO,DAVID DE ANDRADE MARINHO FILHO,1,0,1,0,2026-03-02,2026-03-02,1,1,nao,nao
DAVID DE LEMOS MARTINS PINHEIRO,DAVID DE LEMOS MARTINS PINHEIRO,1,1,0,0,2024-11-12,2024-11-12,1,0,nao,nao
DAVID FELIX MELO,DAVID FELIX MELO,1,0,1,0,2026-02-25,2026-02-25,1,1,nao,nao
DAVID GOMES DE CARVALHO NETO,DAVID GOMES DE CARVALHO NETO,1,1,0,0,2025-11-18,2025-11-18,1,0,nao,nao
DAVID JORGE BITTENCOURT,DAVID JORGE BITTENCOURT,1,1,0,0,2024-11-05,2024-11-05,0,1,nao,nao
DAVID LOPES DE SOUZA,DAVID LOPES DE SOUZA,1,0,1,0,2026-01-08,2026-01-08,1,1,nao,nao
DAVID MARIANO DA SILVA,DAVID MARIANO DA SILVA,1,1,0,0,2025-12-23,2025-12-23,0,0,nao,nao
DAVID NEVES PARDINHO BARBOSA,DAVID NEVES PARDINHO BARBOSA,1,0,1,0,2026-03-13,2026-03-13,1,1,nao,nao
DAVID PAULA DA SILVA,DAVID PAULA DA SILVA,1,0,1,0,2024-11-07,2024-11-07,1,1,nao,nao
DAVID SANTOS,DAVID SANTOS,1,1,0,0,2024-11-08,2024-11-08,0,1,nao,nao
DAVID WILLIAM DO CARMO SALVADOR,DAVID WILLIAM DO CARMO SALVADOR,1,0,1,0,2024-10-10,2024-10-10,1,0,nao,nao
DAVIDSON AMARAL,DAVIDSON AMARAL,1,1,0,0,2026-03-24,2026-03-24,1,0,nao,nao
DAVIDSON DE SOUZA SANTOS GONCALVES,DAVIDSON DE SOUZA SANTOS GONÇALVES,2,1,1,0,2026-01-22,2026-04-17,1,0,sim,nao
DAVISON ALVES DA SILVA,DAVISON ALVES DA SILVA,1,1,0,0,2026-03-23,2026-03-23,1,0,nao,nao
DAYANA FERREIRA BAZILIO DE OLIVEIRA,DAYANA FERREIRA BAZILIO DE OLIVEIRA,1,0,1,0,2024-11-01,2024-11-01,1,0,nao,nao
DAYANE ALVES DA SILVA,DAYANE ALVES DA SILVA,1,1,0,0,2024-10-11,2024-10-11,0,1,nao,nao
DAYANE DA SILVA FERREIRA,DAYANE DA SILVA FERREIRA,1,0,1,0,2024-11-28,2024-11-28,1,0,nao,nao
DAYANE DE ABREU BELIZARIO,DAYANE DE ABREU BELIZARIO,1,1,0,0,2026-01-07,2026-01-07,0,0,nao,nao
DAYANE GRAUDO DE FREITAS,DAYANE GRAUDO DE FREITAS,1,1,0,0,2024-10-15,2024-10-15,0,0,nao,nao
DAYANE MARTINS FONTOURA,DAYANE MARTINS FONTOURA,1,1,0,0,2026-02-04,2026-02-04,1,1,nao,nao
DAYANE SERRA DE OLIVEIRA LIMA,DAYANE SERRA DE OLIVEIRA LIMA,1,1,0,0,2026-01-13,2026-01-13,1,0,nao,nao
DAYANE SILVIA GIANGIARULO MAIA,DAYANE SILVIA GIANGIARULO MAIA,2,2,0,0,2026-03-06,2026-03-06,1,0,nao,nao
DAYANNY MARA BORGES DO NASCIMENTO DE SOUZA,DAYANNY MARA BORGES DO NASCIMENTO DE SOUZA,2,1,1,0,2026-02-20,2026-04-28,2,0,sim,nao
DAYSE CORREA DE OLIVEIRA,DAYSE CORRÊA DE OLIVEIRA,1,1,0,0,2025-11-10,2025-11-10,0,1,nao,nao
DA￾NIEL FABIO SALVADOR,DA￾NIEL FABIO SALVADOR,1,0,1,0,2024-12-04,2024-12-04,1,1,nao,nao
DA￾NIEL FERNANDES CHRISTINO,DA￾NIEL FERNANDES CHRISTINO,1,0,1,0,2024-12-04,2024-12-04,1,1,nao,nao
DA￾NIELA MATOS BATISTA,DA￾NIELA MATOS BATISTA,1,0,1,0,2024-10-16,2024-10-16,1,1,nao,nao
DA￾NIELA OLIVEIRA DE SOUZA BATISTA,DA￾NIELA OLIVEIRA DE SOUZA BATISTA,1,0,1,0,2024-11-01,2024-11-01,1,0,nao,nao
DA￾NIELLE ALMEIDA DE CASTRO,DA￾NIELLE ALMEIDA DE CASTRO,1,0,1,0,2024-11-11,2024-11-11,1,1,nao,nao
DA￾NIELLE FREIRE DE ALMEIDA,DA￾NIELLE FREIRE DE ALMEIDA,1,0,1,0,2024-11-06,2024-11-06,1,0,nao,nao
DA￾VID ALVES DE MELO,DA￾VID ALVES DE MELO,1,0,1,0,2024-11-06,2024-11-06,1,1,nao,nao
DA￾VID COSTA VIEIRA,DA￾VID COSTA VIEIRA,1,0,1,0,2024-10-10,2024-10-10,1,1,nao,nao
DEBORA AMORIM DE BARROS,DEBORA AMORIM DE BARROS,1,0,1,0,2026-04-17,2026-04-17,1,0,nao,nao
DEBORA BRITO D ALMEIDA CORDEIRO,DEBORA BRITO D ALMEIDA CORDEIRO,1,0,1,0,2026-03-19,2026-03-19,1,0,nao,nao
DEBORA CRISTINA DA SILVA LIMA,DEBORA CRISTINA DA SILVA LIMA,2,2,0,0,2026-03-10,2026-03-10,0,0,nao,nao
DEBORA CRISTINA DANTAS DE OLIVEIRA,DEBORA CRISTINA DANTAS DE OLIVEIRA,1,1,0,0,2025-12-04,2025-12-04,1,0,nao,nao
DEBORA CRISTINA VALLE DE ALMEIDA DA VEIGA,DEBORA CRISTINA VALLE DE ALMEIDA DA VEIGA,1,0,1,0,2026-04-17,2026-04-17,1,0,nao,nao
DEBORA DE MATTOS RODRIGUES,DEBORA DE MATTOS RODRIGUES,1,0,1,0,2026-04-17,2026-04-17,1,0,nao,nao
DEBORA DE OLIVEIRA ODENBREIT,DEBORA DE OLIVEIRA ODENBREIT,1,1,0,0,2026-03-18,2026-03-18,0,1,nao,nao
DEBORA DE SOUZA CRAVEIRO,DEBORA DE SOUZA CRAVEIRO,2,1,1,1,2026-03-18,2026-03-19,1,2,sim,sim
DEBORA DOS REIS CARDOSO DA SILVA,DEBORA DOS REIS CARDOSO DA SILVA,1,1,0,0,2026-02-02,2026-02-02,0,1,nao,nao
DEBORA DOS SANTOS DA SILVA,DEBORA DOS SANTOS DA SILVA,1,0,1,0,2026-03-17,2026-03-17,1,0,nao,nao
DEBORA DOS SANTOS MONTEIRO,DEBORA DOS SANTOS MONTEIRO,2,2,0,0,2026-03-06,2026-03-06,0,1,nao,nao
DEBORA EVELYN MUNIZ DE ALBUQUERQUE,DEBORA EVELYN MUNIZ DE ALBUQUERQUE,1,1,0,0,2025-12-11,2025-12-11,0,0,nao,nao
DEBORA FELIX SOBRAL,DEBORA FELIX SOBRAL,1,1,0,0,2026-02-03,2026-02-03,0,1,nao,nao
DEBORA MORAES MARQUES,DEBORA MORAES MARQUES,1,0,1,0,2024-12-26,2024-12-26,1,1,nao,nao
DEBORA ROCHA AGUIAR VERAS,DEBORA ROCHA AGUIAR VERAS,3,2,1,2,2026-02-11,2026-02-20,3,2,sim,sim
DEBORA SANTOS GONCALVES DE BENTO,DÉBORA SANTOS GONÇALVES DE BENTO,1,0,1,0,2024-10-11,2024-10-11,1,1,nao,nao
DEBORA SOUZA DE SANTANA,DEBORA SOUZA DE SANTANA,2,1,1,0,2026-03-04,2026-04-09,2,0,sim,nao
DEBORAH DIAS GOMES DE CARVALHO JAUHAR,DEBORAH DIAS GOMES DE CARVALHO JAUHAR,2,1,1,1,2024-12-17,2026-02-05,1,1,sim,sim
DEBORAH TRINDADE FERREIRA,DEBORAH TRINDADE FERREIRA,1,1,0,0,2026-02-27,2026-02-27,1,0,nao,nao
DEISE CRISTINA ARANTES AMADO,DEISE CRISTINA ARANTES AMADO,1,0,1,0,2024-11-06,2024-11-06,1,1,nao,nao
DEISE CRISTINE HERNANDES MONTEDO,DEISE CRISTINE HERNANDES MONTEDO,2,1,1,0,2025-11-10,2026-03-20,1,2,sim,nao
DEISE DE CASSIANA VIEIRA LIMA,DEISE DE CASSIANA VIEIRA LIMA,3,1,2,1,2025-11-07,2025-12-05,1,1,sim,sim
DEISE DE OLIVEIRA DELFINO,DEISE DE OLIVEIRA DELFINO,1,0,1,0,2025-11-14,2025-11-14,1,1,nao,nao
DEISE ESTEVES MARTINS,DEISE ESTEVES MARTINS,1,0,1,0,2026-01-05,2026-01-05,1,1,nao,nao
DEISE NOVAIS ALVES,DEISE NOVAIS ALVES,1,1,0,0,2026-02-12,2026-02-12,1,1,nao,nao
DEISELI COSTA COUTINHO DA SILVA,DEISELI COSTA COUTINHO DA SILVA,1,1,0,0,2025-11-28,2025-11-28,0,1,nao,nao
DEISY OLIVEIRA GONCALVES DA SILVA,DEISY OLIVEIRA GONÇALVES DA SILVA,2,1,1,1,2026-04-29,2026-04-29,2,1,sim,sim
DELLANO BARRETO DE MELLO,DELLANO BARRETO DE MELLO,1,1,0,0,2026-02-02,2026-02-02,1,0,nao,nao
DELON ALVES DE ALBUQUERQUE FILHO,DELON ALVES DE ALBUQUERQUE FILHO,1,1,0,0,2026-01-02,2026-01-02,0,1,nao,nao
DEMETRIO ABDENNUR FARAH NETO,DEMETRIO ABDENNUR FARAH NETO,1,0,1,0,2026-04-02,2026-04-02,1,0,nao,nao
DEMETRIO JOSE DOS SANTOS SILVA,DEMETRIO JOSE DOS SANTOS SILVA,1,0,1,0,2026-01-14,2026-01-14,1,0,nao,nao
DENANCY LOPES GONCALVES DE ARAUJO,DENANCY LOPES GONCALVES DE ARAUJO,1,1,0,0,2026-01-23,2026-01-23,1,0,nao,nao
DENILDO DE CAMPOS LIMA,DENILDO DE CAMPOS LIMA,2,2,0,0,2026-03-11,2026-03-11,2,0,nao,nao
DENILSON AMBROSIO SOARES,DENILSON AMBROSIO SOARES,2,1,1,0,2025-12-23,2026-02-25,1,0,sim,nao
DENIS CARLOS DE AMARANTES,DENIS CARLOS DE AMARANTES,1,0,1,0,2026-02-10,2026-02-10,1,1,nao,nao
DENIS CORREA BARBOSA,DENIS CORREA BARBOSA,1,1,0,0,2026-03-23,2026-03-23,1,0,nao,nao
DENISE CORECHA ROSA ALVES,DENISE CORECHA ROSA ALVES,1,0,1,0,2026-03-19,2026-03-19,1,1,nao,nao
DENISE GONCALVES DA SILVA DA PAIXAO,DENISE GONÇALVES DA SILVA DA PÁIXÃO,1,1,0,0,2025-11-05,2025-11-05,1,0,nao,nao
DENISE KARLA DANTAS MAGALHAES,DENISE KARLA DANTAS MAGALHAES,2,0,2,0,2026-03-10,2026-03-10,1,1,nao,nao
DENISMAR GOETTENAUER DE OLIVEIRA,DENISMAR GOETTENAUER DE OLIVEIRA,2,1,1,0,2025-11-19,2026-04-28,2,1,sim,nao
DENIZE DA SILVA CLARO,DENIZE DA SILVA CLARO,1,0,1,0,2026-04-29,2026-04-29,1,1,nao,nao
DENNY BARBOSA NEVES,DENNY BARBOSA NEVES,1,1,0,0,2026-01-07,2026-01-07,1,0,nao,nao
DENYS CARVALHO BALEIXO AGUIAR,DENYS CARVALHO BALEIXO AGUIAR,1,1,0,0,2024-10-09,2024-10-09,0,0,nao,nao
DEODONIO CANDIDO DE MACEDO NETO,DEODONIO CANDIDO DE MACEDO NETO,1,1,0,0,2025-11-06,2025-11-06,0,0,nao,nao
DERALCIMERE ROCHA BARRETO,DERALCIMERE ROCHA BARRETO,1,1,0,0,2026-02-09,2026-02-09,1,0,nao,nao
DEUSIMAR CORREA,DEUSIMAR CORREA,1,1,0,0,2026-03-06,2026-03-06,0,0,nao,nao
DEYSY DE OLIVEIRA BRAGA,DEYSY DE OLIVEIRA BRAGA,1,1,0,0,2025-12-11,2025-12-11,1,1,nao,nao
DEYVID DE OLIVEIRA EMERICK,DEYVID DE OLIVEIRA EMERICK,1,1,0,0,2026-03-23,2026-03-23,1,1,nao,nao
DEYVISON NASCIMENTO DA VEIGA,DEYVISON NASCIMENTO DA VEIGA,2,1,1,0,2026-02-23,2026-04-28,2,0,sim,nao
DE￾NISE MARIA ALVES,DE￾NISE MARIA ALVES,1,0,1,0,2024-12-17,2024-12-17,1,0,nao,nao
DHEAW JHONATTAW AMADO RIBEIRO BARRETO,DHEAW JHONATTAW AMADO RIBEIRO BARRETO,1,1,0,0,2026-02-06,2026-02-06,1,0,nao,nao
DHEBORA DA SILVA E SOUZA CONSIDERA,DHEBORA DA SILVA E SOUZA CONSIDERA,1,0,1,0,2026-03-23,2026-03-23,1,1,nao,nao
DHENIELLY DOS SANTOS NASCIMENTO,DHENIELLY DOS SANTOS NASCIMENTO,1,1,0,0,2026-01-14,2026-01-14,0,1,nao,nao
DHIEGO PIRES FIDELIS,DHIEGO PIRES FIDELIS,1,0,1,0,2026-03-04,2026-03-04,1,1,nao,nao
DIANA CABRAL SIQUEIRA,DIANA CABRAL SIQUEIRA,2,1,1,1,2026-01-12,2026-01-13,1,2,sim,sim
DIANA DA SILVA MARQUES,DIANA DA SILVA MARQUES,2,1,1,1,2026-03-24,2026-03-25,1,1,sim,sim
DIANA DA SILVA MEIRE,DIANA DA SILVA MEIRE,1,1,0,0,2026-03-27,2026-03-27,0,0,nao,nao
DIANA DE BRITTO FERREIRA NERI,DIANA DE BRITTO FERREIRA NERI,1,0,1,0,2024-11-01,2024-11-01,1,1,nao,nao
DIEGO CARUSO QUINTANILHA CASTRO,DIEGO CARUSO QUINTANILHA CASTRO,1,1,0,0,2026-01-27,2026-01-27,0,0,nao,nao
DIEGO GARCIA GONZAGA,DIEGO GARCIA GONZAGA,1,0,1,0,2024-11-01,2024-11-01,1,0,nao,nao
DIEGO GOMES DE OLIVEIRA,DIEGO GOMES DE OLIVEIRA,3,1,2,0,2025-12-05,2026-03-13,2,0,sim,nao
DIEGO GONCALVES RODRIGUES,DIEGO GONCALVES RODRIGUES,1,1,0,0,2026-02-25,2026-02-25,1,0,nao,nao
DIEGO HENRIQUE FERREIRA DOS SANTOS,DIEGO HENRIQUE FERREIRA DOS SANTOS,2,1,1,1,2026-03-11,2026-03-13,1,1,sim,sim
DIEGO JORGE FERREIRA,DIEGO JORGE FERREIRA,1,0,1,0,2026-03-05,2026-03-05,1,1,nao,nao
DIEGO JOSE MENDES RODRIGUES,DIEGO JOSE MENDES RODRIGUES,1,0,1,0,2026-04-29,2026-04-29,1,1,nao,nao
DIEGO LEANDRO DE QUEIROZ MAGALHAES,DIEGO LEANDRO DE QUEIROZ MAGALHAES,1,0,1,0,2026-03-17,2026-03-17,1,0,nao,nao
DIEGO MACEDO CARVALHO,DIEGO MACEDO CARVALHO,2,1,1,1,2025-12-17,2026-01-05,2,1,sim,sim
DIEGO PAMPLONA REIS,DIEGO PAMPLONA REIS,1,0,1,0,2026-02-04,2026-02-04,1,1,nao,nao
DIEGO PINTO DE CARVALHO,DIEGO PINTO DE CARVALHO,1,0,1,0,2025-11-17,2025-11-17,1,1,nao,nao
DIEGO RIBEIRO DA SILVA,DIEGO RIBEIRO DA SILVA,1,0,1,0,2026-01-05,2026-01-05,1,1,nao,nao
DIEGO SALEMA D OLIVEIRA,DIEGO SALEMA D OLIVEIRA,1,1,0,0,2026-03-13,2026-03-13,1,1,nao,nao
DIEGO VALLORY PEREZ,DIEGO VALLORY PEREZ,1,0,1,0,2026-01-27,2026-01-27,1,0,nao,nao
DIEGO XAVIER ROSA,DIEGO XAVIER ROSA,1,1,0,0,2026-02-27,2026-02-27,1,0,nao,nao
DIE￾GO PEREIRA TORRES,DIE￾GO PEREIRA TORRES,1,0,1,0,2024-10-21,2024-10-21,1,1,nao,nao
DILCINARA COSTA DE PAULA,DILCINARA COSTA DE PAULA,1,1,0,0,2025-12-16,2025-12-16,1,0,nao,nao
DILMA PAIVA MARINHO COELHO,DILMA PAIVA MARINHO COELHO,1,1,0,0,2024-12-18,2024-12-18,1,0,nao,nao
DILSON JAYME DO NASCIMENTO,DILSON JAYME DO NASCIMENTO,1,0,1,0,2026-04-28,2026-04-28,1,0,nao,nao
DINO CESAR FREIRE DE AZEVEDO,DINO CESAR FREIRE DE AZEVEDO,1,1,0,0,2026-01-28,2026-01-28,1,1,nao,nao
DINO VASCONCELLOS PIRES,DINO VASCONCELLOS PIRES,1,0,1,0,2026-01-07,2026-01-07,1,1,nao,nao
DIOGO ALVES FERNANDES,DIOGO ALVES FERNANDES,1,0,1,0,2026-04-17,2026-04-17,1,1,nao,nao
DIOGO CAMPOS VERSARI,DIOGO CAMPOS VERSARI,1,1,0,0,2025-12-18,2025-12-18,1,0,nao,nao
DIOGO CESAR DA SILVA MENDES,DIOGO CESAR DA SILVA MENDES,1,0,1,0,2026-04-16,2026-04-16,1,1,nao,nao
DIOGO DE OLIVEIRA COELHO,DIOGO DE OLIVEIRA COELHO,1,1,0,0,2026-03-17,2026-03-17,0,0,nao,nao
DIOGO DE SOUZA RIBEIRO,DIOGO DE SOUZA RIBEIRO,1,0,1,0,2026-04-09,2026-04-09,1,0,nao,nao
DIOGO GOMES DE LIMA,DIOGO GOMES DE LIMA,1,1,0,0,2026-01-09,2026-01-09,1,0,nao,nao
DIOGO HENRIQUE MONTEIRO IUNES PEREIRA,DIOGO HENRIQUE MONTEIRO IUNES PEREIRA,1,0,1,0,2026-04-17,2026-04-17,1,0,nao,nao
DIOGO HENRIQUE MONTEIRO LUNES PEREIRA,DIOGO HENRIQUE MONTEIRO LUNES PEREIRA,1,1,0,0,2024-11-21,2024-11-21,1,0,nao,nao
DIOGO MESSIAS DE AGUIAR,DIOGO MESSIAS DE AGUIAR,1,0,1,0,2026-02-04,2026-02-04,1,0,nao,nao
DIOGO PINHEIRO PEREIRA,DIOGO PINHEIRO PEREIRA,2,1,1,1,2026-01-05,2026-01-05,1,2,sim,sim
DIOGO RODRIGUES CHAGAS,DIOGO RODRIGUES CHAGAS,1,1,0,0,2025-12-29,2025-12-29,1,0,nao,nao
DIOGO RODRIGUES PEDRO DE ALEXANDRIA,DIOGO RODRIGUES PEDRO DE ALEXANDRIA,1,1,0,0,2026-03-11,2026-03-11,0,0,nao,nao
DIOGO VASCONCELOS NASCIMENTO,DIOGO VASCONCELOS NASCIMENTO,1,1,0,0,2026-03-19,2026-03-19,0,1,nao,nao
DIRETORIA DE GESTAO DE POLOS,DIRETORIA DE GESTÃO DE POLOS,1,1,0,0,2025-11-28,2025-11-28,1,1,nao,nao
DJALMA GONCALO E SILVA JANUZZI,DJALMA GONCALO E SILVA JANUZZI,1,1,0,0,2026-03-10,2026-03-10,1,1,nao,nao
DOMINGOS JOAO MEIRELES,DOMINGOS JOÃO MEIRELES,1,0,1,0,2025-11-24,2025-11-24,1,0,nao,nao
DORNELES RIBEIRO MARTINS,DORNELES RIBEIRO MARTINS,1,1,0,0,2026-01-21,2026-01-21,0,1,nao,nao
DOUGLAS ALEXANDRE APARECIDO LIMA DA SILVA,DOUGLAS ALEXANDRE APARECIDO LIMA DA SILVA,2,1,1,0,2026-02-12,2026-04-28,2,0,sim,nao
DOUGLAS ALMYR FARES,DOUGLAS ALMYR FARES,1,1,0,0,2026-01-26,2026-01-26,1,1,nao,nao
DOUGLAS BARBOSA LIRA,DOUGLAS BARBOSA LIRA,1,0,1,0,2024-11-04,2024-11-04,1,1,nao,nao
DOUGLAS DA SILVA MACHADO,DOUGLAS DA SILVA MACHADO,1,1,0,0,2024-10-30,2024-10-30,0,0,nao,nao
DOUGLAS DE LIMA SANTOS,DOUGLAS DE LIMA SANTOS,2,1,1,1,2026-03-02,2026-03-04,1,1,sim,sim
DOUGLAS OLIVEIRA DA SILVA,DOUGLAS OLIVEIRA DA SILVA,1,1,0,0,2024-12-06,2024-12-06,1,0,nao,nao
DOUGLAS QUIRINO DOS SANTOS SILVA,DOUGLAS QUIRINO DOS SANTOS SILVA,1,1,0,0,2026-02-23,2026-02-23,1,0,nao,nao
DOUGLAS SANTOS DE ALMEIDA,DOUGLAS SANTOS DE ALMEIDA,1,1,0,0,2024-11-12,2024-11-12,1,0,nao,nao
DOUGLAS SOUZA PESSOA DA SILVA,DOUGLAS SOUZA PESSOA DA SILVA,1,1,0,0,2024-11-13,2024-11-13,1,0,nao,nao
DOUGLAS TEIXEIRA DE ALMEIDA,DOUGLAS TEIXEIRA DE ALMEIDA,2,1,1,0,2024-12-02,2026-04-28,2,1,sim,nao
DOUGLAS WILLIAM MARQUES DE OLIVEIRA,DOUGLAS WILLIAM MARQUES DE OLIVEIRA,2,1,1,0,2025-11-10,2026-04-28,1,0,sim,nao
DOURIVALDO BATISTA ALVES,DOURIVALDO BATISTA ALVES,1,1,0,0,2025-12-05,2025-12-05,1,1,nao,nao
DRIELE DA SILVA MIRON,DRIELE DA SILVA MIRON,1,1,0,0,2025-12-23,2025-12-23,0,0,nao,nao
DRUNA MELANI MARCOLINO LESCAUT,DRUNA MELANI MARCOLINO LESCAUT,2,2,0,0,2026-02-25,2026-02-25,1,1,nao,nao
DULCELIO JACOB DOS SANTOS NETO,DULCELIO JACOB DOS SANTOS NETO,2,1,1,0,2025-11-26,2026-04-16,2,0,sim,nao
DULCINEIA NUNES VILLAS BOAS VIEIRA,DULCINEIA NUNES VILLAS BOAS VIEIRA,2,1,1,0,2026-03-24,2026-04-28,2,0,sim,nao
DURVAL AUGUSTO PEREIRA,DURVAL AUGUSTO PEREIRA,1,0,1,0,2026-04-22,2026-04-22,1,1,nao,nao
ECIVAL GOMES RANGEL,ECIVAL GOMES RANGEL,1,1,0,0,2026-03-24,2026-03-24,1,0,nao,nao
EDEZIO DOS SANTOS BARCELLOS,EDEZIO DOS SANTOS BARCELLOS,1,0,1,0,2026-03-19,2026-03-19,1,0,nao,nao
EDGAR BERINQUE BRAGA,EDGAR BERINQUE BRAGA,1,0,1,0,2026-03-02,2026-03-02,1,1,nao,nao
EDGARD PIMENTEL TEIXEIRA,EDGARD PIMENTEL TEIXEIRA,1,1,0,0,2026-01-19,2026-01-19,0,0,nao,nao
EDGARD SIMOES CAHON,EDGARD SIMÕES CAHON,2,1,1,0,2026-03-06,2026-04-17,2,0,sim,nao
EDIANE ALVES DE OLIVEIRA,EDIANE ALVES DE OLIVEIRA,1,1,0,0,2025-11-17,2025-11-17,0,1,nao,nao
EDIARA DE CASTRO COUTINHO,EDIARA DE CASTRO COUTINHO,1,1,0,0,2024-10-17,2024-10-17,1,1,nao,nao
EDIER GERMANO DO CARMO,EDIER GERMANO DO CARMO,1,0,1,0,2024-12-20,2024-12-20,1,1,nao,nao
EDILAINE SOARES VIANNA,EDILAINE SOARES VIANNA,2,1,1,0,2026-03-25,2026-04-17,2,1,sim,nao
EDILSO BENEVIDES MOTA,EDILSO BENEVIDES MOTA,1,1,0,0,2024-11-05,2024-11-05,0,0,nao,nao
EDILSON DUARTE TAVARES,EDILSON DUARTE TAVARES,1,0,1,0,2026-03-10,2026-03-10,1,0,nao,nao
EDILSON GERMANO DE SA,EDILSON GERMANO DE SÁ,1,1,0,0,2026-02-11,2026-02-11,1,0,nao,nao
EDILSON JOSE DE FRANCA,EDILSON JOSÉ DE FRANÇA,2,1,1,0,2026-02-26,2026-04-17,2,0,sim,nao
EDILSON MARINHO DA SILVA,EDILSON MARINHO DA SILVA,1,0,1,0,2026-02-03,2026-02-03,1,1,nao,nao
EDILSON MOUTINHO SCOVINO,EDILSON MOUTINHO SCOVINO,1,1,0,0,2026-02-12,2026-02-12,1,1,nao,nao
EDINELE GARCIA MARQUES VIEIRA,EDINELE GARCIA MARQUES VIEIRA,4,2,2,2,2024-10-02,2024-12-05,3,2,sim,sim
EDIR PEDRO DA SILVA,EDIR PEDRO DA SILVA,1,0,1,0,2024-10-25,2024-10-25,1,1,nao,nao
EDISON PONTES SILVA DE OLIVEIRA,EDISON PONTES SILVA DE OLIVEIRA,2,1,1,0,2026-01-22,2026-04-17,2,0,sim,nao
EDISON TEODORO PEDROSA,EDISON TEODORO PEDROSA,1,1,0,0,2026-02-20,2026-02-20,1,0,nao,nao
EDIVALDO SOUZA DA SILVA,EDIVALDO SOUZA DA SILVA,1,1,0,0,2026-02-12,2026-02-12,1,0,nao,nao
EDMILSON DA COSTA PENNA,EDMILSON DA COSTA PENNA,1,1,0,0,2026-02-20,2026-02-20,1,0,nao,nao
EDMILSON JOSE DE ASSIS,EDMILSON JOSÉ DE ASSIS,1,1,0,0,2024-11-07,2024-11-07,0,0,nao,nao
EDMILSON SUASSUANA DA SILVA,EDMILSON SUASSUANA DA SILVA,1,1,0,0,2026-03-13,2026-03-13,1,1,nao,nao
EDMILSON SUASSUNA DA SILVA,EDMILSON SUASSUNA DA SILVA,1,0,1,0,2026-03-13,2026-03-13,1,1,nao,nao
EDMUNDO FONTENELLE COELHO,EDMUNDO FONTENELLE COELHO,1,1,0,0,2025-12-26,2025-12-26,0,0,nao,nao
EDMUNDO GOMES DA SILVA,EDMUNDO GOMES DA SILVA,1,0,1,0,2026-04-17,2026-04-17,1,1,nao,nao
EDNIR DO AMARAL SILVA,EDNIR DO AMARAL SILVA,1,1,0,0,2026-02-03,2026-02-03,0,0,nao,nao
EDNOR BARBOSA FERNANDES,EDNOR BARBOSA FERNANDES,1,1,0,0,2026-03-04,2026-03-04,0,0,nao,nao
EDSON ARNAUD GOMES,EDSON ARNAUD GOMES,1,1,0,0,2024-10-04,2024-10-04,1,0,nao,nao
EDSON BATISTA ANTUNES,EDSON BATISTA ANTUNES,1,0,1,0,2026-01-14,2026-01-14,1,0,nao,nao
EDSON CARLOS RODRIGUES AVENA,EDSON CARLOS RODRIGUES AVENA,2,1,1,0,2026-02-11,2026-03-13,2,0,sim,nao
EDSON DELCIR MARAN,EDSON DELCIR MARAN,2,1,1,1,2024-10-02,2024-10-02,2,0,sim,sim
EDSON GOMES DE MELO,EDSON GOMES DE MELO,1,0,1,0,2026-04-28,2026-04-28,1,0,nao,nao
EDSON PEREIRA DA SILVA,EDSON PEREIRA DA SILVA,2,1,1,0,2026-02-03,2026-04-28,2,0,sim,nao
EDSON RODRIGUES PEREIRA JUNIOR,EDSON RODRIGUES PEREIRA JUNIOR,1,1,0,0,2026-01-19,2026-01-19,0,0,nao,nao
EDSON TAVARES DE OLIVEIRA,EDSON TAVARES DE OLIVEIRA,1,0,1,0,2026-04-16,2026-04-16,1,0,nao,nao
EDSON WALDIZITO LEONEL CRUZ,EDSON WALDIZITO LEONEL CRUZ,1,0,1,0,2026-02-11,2026-02-11,1,1,nao,nao
EDU GUIMARAES DE SOUZA,EDU GUIMARÃES DE SOUZA,1,0,1,0,2026-03-31,2026-03-31,1,1,nao,nao
EDUARDA DE PAIVA PINHEIRO,EDUARDA DE PAIVA PINHEIRO,1,1,0,0,2025-11-18,2025-11-18,1,1,nao,nao
EDUARDA GUILLON RIBEIRO DELORME,EDUARDA GUILLON RIBEIRO DELORME,1,1,0,0,2024-11-04,2024-11-04,0,0,nao,nao
EDUARDA LUIZ DOS SANTOS,EDUARDA LUIZ DOS SANTOS,2,1,1,1,2024-10-16,2024-10-16,2,0,sim,sim
EDUARDA VENANCIO SALES,EDUARDA VENANCIO SALES,1,1,0,0,2026-02-02,2026-02-02,0,0,nao,nao
EDUARDO ALFRADIQUE DE OLIVEIRA,EDUARDO ALFRADIQUE DE OLIVEIRA,1,1,0,0,2024-11-12,2024-11-12,1,1,nao,nao
EDUARDO ANDERSON SANTOS DO NASCIMENTO,EDUARDO ANDERSON SANTOS DO NASCIMENTO,1,0,1,0,2024-12-02,2024-12-02,1,0,nao,nao
EDUARDO ANTONIO ALVES,EDUARDO ANTONIO ALVES,1,0,1,0,2025-12-03,2025-12-03,1,1,nao,nao
EDUARDO BATISTA CEZAR,EDUARDO BATISTA CEZAR,1,1,0,0,2026-03-24,2026-03-24,0,1,nao,nao
EDUARDO BEZERRA GOMES,EDUARDO BEZERRA GOMES,1,1,0,0,2026-03-20,2026-03-20,1,0,nao,nao
EDUARDO BRANDAO D AGUIAR SILVA,EDUARDO BRANDAO D AGUIAR SILVA,1,1,0,0,2026-01-29,2026-01-29,1,1,nao,nao
EDUARDO CHAMOUN FERREIRA MARTINS,EDUARDO CHAMOUN FERREIRA MARTINS,1,1,0,0,2026-01-29,2026-01-29,1,0,nao,nao
EDUARDO DA CONCEICAO NUNES,EDUARDO DA CONCEIÇÃO NUNES,2,1,1,1,2024-10-10,2024-10-10,2,2,sim,sim
EDUARDO DA FRANCA,EDUARDO DA FRANCA,1,1,0,0,2025-12-29,2025-12-29,1,1,nao,nao
EDUARDO DE AZEVEDO,EDUARDO DE AZEVEDO,1,0,1,0,2026-03-23,2026-03-23,1,0,nao,nao
EDUARDO DE FIGUEIREDO LIMA,EDUARDO DE FIGUEIREDO LIMA,1,1,0,0,2024-12-02,2024-12-02,1,0,nao,nao
EDUARDO DE GROSSI FREITAS LIMA,EDUARDO DE GROSSI FREITAS LIMA,2,0,2,0,2026-03-27,2026-04-17,1,1,nao,nao
EDUARDO DE OLIVEIRA MORAES,EDUARDO DE OLIVEIRA MORAES,1,0,1,0,2026-02-09,2026-02-09,1,0,nao,nao
EDUARDO DOZOL FARIAS,EDUARDO DOZOL FARIAS,2,1,1,0,2024-11-29,2024-12-10,2,2,sim,nao
EDUARDO DUARTE DA SILVA,EDUARDO DUARTE DA SILVA,1,1,0,0,2026-02-05,2026-02-05,0,0,nao,nao
EDUARDO FELIPE ABREU ROCHA,EDUARDO FELIPE ABREU ROCHA,1,0,1,0,2024-11-01,2024-11-01,1,1,nao,nao
EDUARDO FERNANDES DA COSTA,EDUARDO FERNANDES DA COSTA,1,1,0,0,2026-02-26,2026-02-26,1,0,nao,nao
EDUARDO FERNANDO SILVA ALVES,EDUARDO FERNANDO SILVA ALVES,1,1,0,0,2026-03-02,2026-03-02,0,0,nao,nao
EDUARDO FERREIRA DUARTE,EDUARDO FERREIRA DUARTE,2,1,1,0,2025-11-12,2026-01-08,1,1,sim,nao
EDUARDO FERREIRA LOPES,EDUARDO FERREIRA LOPES,1,1,0,0,2025-12-26,2025-12-26,1,0,nao,nao
EDUARDO GAMA DA PAIXAO,EDUARDO GAMA DA PAIXÃO,2,1,1,0,2026-03-23,2026-04-17,2,0,sim,nao
EDUARDO GUEDES DA SILVA,EDUARDO GUEDES DA SILVA,1,0,1,0,2026-02-25,2026-02-25,1,0,nao,nao
EDUARDO HENRIQUE DE OLIVEIRA CUSTODIO,EDUARDO HENRIQUE DE OLIVEIRA CUSTÓDIO,1,0,1,0,2024-11-25,2024-11-25,1,1,nao,nao
EDUARDO MACEDO DA SILVA,EDUARDO MACEDO DA SILVA,1,1,0,0,2026-01-22,2026-01-22,1,1,nao,nao
EDUARDO OCTAVIO CAMPELLO DE RESENDE CAR￾NEIRO,EDUARDO OCTAVIO CAMPELLO DE RESENDE CAR￾NEIRO,1,0,1,0,2024-10-11,2024-10-11,1,1,nao,nao
EDUARDO PINHEIRO ANTUNES,EDUARDO PINHEIRO ANTUNES,1,0,1,0,2025-11-06,2025-11-06,1,1,nao,nao
EDUARDO RIBEIRO DA SILVA,EDUARDO RIBEIRO DA SILVA,1,1,0,0,2026-01-14,2026-01-14,1,1,nao,nao
EDUARDO SOUZA DA SILVA,EDUARDO SOUZA DA SILVA,1,1,0,0,2025-11-27,2025-11-27,0,1,nao,nao
EDUARDO VAZ CASTELANO,EDUARDO VAZ CASTELANO,2,1,1,1,2024-10-30,2024-10-30,0,1,sim,sim
EDVALDO CERQUEIRA MAGALHAES,EDVALDO CERQUEIRA MAGALHAES,1,1,0,0,2025-12-29,2025-12-29,0,0,nao,nao
ED￾GAR LEITE FERREIRA NETO,ED￾GAR LEITE FERREIRA NETO,1,0,1,0,2024-10-01,2024-10-01,0,1,nao,nao
ED￾MAR DE SOUZA E SILVA,ED￾MAR DE SOUZA E SILVA,1,0,1,0,2024-10-25,2024-10-25,1,1,nao,nao
ED￾NILSON DE LIMA SILVA,ED￾NILSON DE LIMA SILVA,1,0,1,0,2024-10-11,2024-10-11,1,0,nao,nao
ED￾SON REGOS SOARES,ED￾SON REGOS SOARES,1,0,1,0,2024-11-04,2024-11-04,1,0,nao,nao
EGENOR RODRIGUES CURTY,EGENOR RODRIGUES CURTY,1,0,1,0,2026-04-17,2026-04-17,1,1,nao,nao
ELAINE BARBOSA DA SILVA,ELAINE BARBOSA DA SILVA,1,1,0,0,2026-03-05,2026-03-05,0,1,nao,nao
ELAINE CRISTINA DA COSTA PESSANHA,ELAINE CRISTINA DA COSTA PESSANHA,1,1,0,0,2026-03-17,2026-03-17,1,0,nao,nao
ELAINE CRISTINA GONCALVES BUSQUET,ELAINE CRISTINA GONCALVES BUSQUET,1,1,0,0,2026-01-19,2026-01-19,1,1,nao,nao
ELAINE CRISTINA MOREIRA CORREIA,ELAINE CRISTINA MOREIRA CORREIA,1,1,0,0,2024-11-01,2024-11-01,0,0,nao,nao
ELAINE CRISTINA PORTO NEVES,ELAINE CRISTINA PORTO NEVES,1,0,1,0,2025-11-10,2025-11-10,1,0,nao,nao
ELAINE CRISTINA ROCHA PINTO DE OLIVEIRA,ELAINE CRISTINA ROCHA PINTO DE OLIVEIRA,1,1,0,0,2026-03-24,2026-03-24,0,1,nao,nao
ELAINE CRISTINA SILVA DE SOUZA,ELAINE CRISTINA SILVA DE SOUZA,1,1,0,0,2026-01-30,2026-01-30,0,0,nao,nao
ELAINE CRISTINA SILVA DO ESPIRITO SANTO,ELAINE CRISTINA SILVA DO ESPIRITO SANTO,1,0,1,0,2026-04-15,2026-04-15,1,1,nao,nao
ELAINE CUNHA PINTO FORMAGGERI,ELAINE CUNHA PINTO FORMAGGERI,1,0,1,0,2026-04-28,2026-04-28,1,0,nao,nao
ELAINE DA COSTA RIBEIRO,ELAINE DA COSTA RIBEIRO,1,0,1,0,2026-03-25,2026-03-25,1,1,nao,nao
ELAINE DE MATOS FIGUEIREDO,ELAINE DE MATOS FIGUEIREDO,2,2,0,0,2026-03-10,2026-03-10,1,1,nao,nao
ELAINE DO NASCIMENTO SILVA,ELAINE DO NASCIMENTO SILVA,1,0,1,0,2026-04-28,2026-04-28,1,0,nao,nao
ELAINE DO NASCIMENTO SILVA SANTOS,ELAINE DO NASCIMENTO SILVA SANTOS,1,1,0,0,2025-11-14,2025-11-14,1,0,nao,nao
ELAINE GONCALVES DE SOUZA TEIXEIRA,ELAINE GONÇALVES DE SOUZA TEIXEIRA,1,0,1,0,2024-11-21,2024-11-21,1,1,nao,nao
ELAINE HORACIO DE CARVALHO,ELAINE HORACIO DE CARVALHO,1,1,0,0,2026-02-25,2026-02-25,1,0,nao,nao
ELAINE HOTZ PEREIRA DA SILVA,ELAINE HOTZ PEREIRA DA SILVA,2,1,1,0,2026-01-30,2026-04-28,2,0,sim,nao
ELAINE MACEDO DE FREITAS,ELAINE MACEDO DE FREITAS,1,0,1,0,2026-02-09,2026-02-09,1,0,nao,nao
ELAINE PAZ DA COSTA,ELAINE PAZ DA COSTA,1,1,0,0,2026-03-17,2026-03-17,0,1,nao,nao
ELAINE PEREIRA DOS SANTOS,ELAINE PEREIRA DOS SANTOS,1,0,1,0,2026-03-02,2026-03-02,1,0,nao,nao
ELAINE RODRIGUES CRISPIM,ELAINE RODRIGUES CRISPIM,1,1,0,0,2024-12-20,2024-12-20,1,0,nao,nao
ELAINE SILVA DE ALMEIDA,ELAINE SILVA DE ALMEIDA,1,1,0,0,2026-01-13,2026-01-13,0,0,nao,nao
ELAINE SOUZA DA SILVA,ELAINE SOUZA DA SILVA,1,0,1,0,2026-03-05,2026-03-05,1,1,nao,nao
ELAINE VASQUES MALDONADO,ELAINE VASQUES MALDONADO,1,1,0,0,2025-11-28,2025-11-28,0,1,nao,nao
ELAINE XAVIER DE LIMA,ELAINE XAVIER DE LIMA,1,0,1,0,2026-04-17,2026-04-17,1,0,nao,nao
ELANE BARRETO DA ROCHA,ELANE BARRETO DA ROCHA,1,0,1,0,2026-01-14,2026-01-14,1,1,nao,nao
ELEN CAROLINE BEZERRA MUNIZ,ELEN CAROLINE BEZERRA MUNIZ,1,0,1,0,2026-02-27,2026-02-27,1,1,nao,nao
ELEN MARIA SIQUEIRA DA SILVA,ELEN MARIA SIQUEIRA DA SILVA,1,0,1,0,2024-12-05,2024-12-05,1,0,nao,nao
ELENITA RIBEIRO DE SOUZA,ELENITA RIBEIRO DE SOUZA,2,1,1,0,2024-10-15,2026-03-25,1,1,sim,nao
ELIANA RIBEIRO MARTINS,ELIANA RIBEIRO MARTINS,1,0,1,0,2026-04-20,2026-04-20,1,1,nao,nao
ELIANDRO DA SILVA SOBRINHO,ELIANDRO DA SILVA SOBRINHO,1,0,1,0,2026-02-26,2026-02-26,1,0,nao,nao
ELIANE BANTIM DOS SANTOS,ELIANE BANTIM DOS SANTOS,2,1,1,0,2024-11-05,2026-03-13,2,1,sim,nao
ELIANE DOS SANTOS CORREA,ELIANE DOS SANTOS CORREA,2,0,2,0,2026-03-10,2026-03-10,1,0,nao,nao
ELIANE DOS SANTOS DE CASTRO BUSQUET,ELIANE DOS SANTOS DE CASTRO BUSQUET,1,0,1,0,2026-03-23,2026-03-23,1,0,nao,nao
ELIANE FARIA DE ARAUJO,ELIANE FARIA DE ARAUJO,1,0,1,0,2026-03-24,2026-03-24,1,0,nao,nao
ELIANE SANTOS DA SILVA,ELIANE SANTOS DA SILVA,1,1,0,0,2025-12-10,2025-12-10,1,0,nao,nao
ELIANE TEIXEIRA BATISTA CORDEIRO,ELIANE TEIXEIRA BATISTA CORDEIRO,1,0,1,0,2026-04-17,2026-04-17,1,0,nao,nao
ELIANE VALLE MENDES,ELIANE VALLE MENDES,1,0,1,0,2026-02-02,2026-02-02,1,0,nao,nao
ELIAS DA SILVA HONORIO,ELIAS DA SILVA HONÓRIO,1,1,0,0,2024-12-18,2024-12-18,0,1,nao,nao
ELIAS DOS SANTOS PEREIRA,ELIAS DOS SANTOS PEREIRA,1,0,1,0,2026-04-16,2026-04-16,1,1,nao,nao
ELIAS MIRANDA SANTOS,ELIAS MIRANDA SANTOS,1,0,1,0,2024-10-21,2024-10-21,1,1,nao,nao
ELIAS VALADAO DA MOTA,ELIAS VALADAO DA MOTA,1,1,0,0,2026-03-24,2026-03-24,1,1,nao,nao
ELIEL DAVI DIAS SANTANA,ELIEL DAVI DIAS SANTANA,2,1,1,0,2024-10-07,2026-04-28,2,2,sim,nao
ELIEL DO NASCIMENTO PEREIRA JUNIOR,ELIEL DO NASCIMENTO PEREIRA JÚNIOR,1,1,0,0,2024-10-15,2024-10-15,1,0,nao,nao
ELIEL ROSA,ELIEL ROSA,1,1,0,0,2026-03-10,2026-03-10,1,0,nao,nao
ELIETE CARNEIRO DA SILVA,ELIETE CARNEIRO DA SILVA,2,1,1,0,2024-11-22,2024-12-04,2,2,sim,nao
ELIEZER DA SILVA OLIVEIRA,ELIEZER DA SILVA OLIVEIRA,1,0,1,0,2026-04-14,2026-04-14,1,1,nao,nao
ELIEZER MACEDO DOS SANTOS,ELIEZER MACEDO DOS SANTOS,1,0,1,0,2026-04-28,2026-04-28,1,0,nao,nao
ELIEZER MARQUES DE SOUZA,ELIEZER MARQUES DE SOUZA,1,1,0,0,2024-11-04,2024-11-04,1,1,nao,nao
ELIEZER MOREIRA DAS CHAGAS,ELIEZER MOREIRA DAS CHAGAS,3,1,2,0,2025-12-12,2026-02-24,2,0,sim,nao
ELIE￾NE SILVA DE CARVALHO,ELIE￾NE SILVA DE CARVALHO,1,0,1,0,2024-10-25,2024-10-25,1,1,nao,nao
ELISABETH BASTOS DE SOUZA,ELISABETH BASTOS DE SOUZA,2,1,1,0,2026-03-25,2026-04-17,2,0,sim,nao
ELISABETH RODRIGUES,ELISABETH RODRIGUES,1,0,1,0,2026-01-05,2026-01-05,1,1,nao,nao
ELISANGELA GERONIMO NUNES,ELISÂNGELA GERÔNIMO NUNES,1,1,0,0,2024-12-23,2024-12-23,1,1,nao,nao
ELISANGELA GOMES SILVA,ELISANGELA GOMES SILVA,1,0,1,0,2026-04-16,2026-04-16,1,0,nao,nao
ELISANGELA NUNES ARAUJO,ELISANGELA NUNES ARAUJO,1,0,1,0,2026-02-03,2026-02-03,1,1,nao,nao
ELIVERTON GOMES SANTOS,ELIVERTON GOMES SANTOS,1,1,0,0,2024-11-14,2024-11-14,0,1,nao,nao
ELIZA CASTELLO PEREIRA PENA,ELIZA CASTELLO PEREIRA PEÑA,1,1,0,0,2024-12-16,2024-12-16,0,1,nao,nao
ELIZABETE MARCELINO DE MORAES,ELIZABETE MARCELINO DE MORAES,1,1,0,0,2024-11-22,2024-11-22,1,0,nao,nao
ELIZABETH BLANCO PEREZ,ELIZABETH BLANCO PEREZ,1,0,1,0,2026-04-28,2026-04-28,1,1,nao,nao
ELIZABETH FRAGNI,ELIZABETH FRAGNI,1,0,1,0,2026-03-17,2026-03-17,1,1,nao,nao
ELIZABETH GONCALVES MACIEL DA SILVA,ELIZABETH GONÇALVES MACIEL DA SILVA,1,1,0,0,2024-12-20,2024-12-20,0,0,nao,nao
ELIZAMA DOS SANTOS SILVA,ELIZAMA DOS SANTOS SILVA,1,1,0,0,2026-03-25,2026-03-25,0,1,nao,nao
ELIZANGELA VIEIRA DA SILVA LOBO,ELIZANGELA VIEIRA DA SILVA LOBO,2,2,0,0,2026-03-10,2026-03-10,1,0,nao,nao
ELIZETE BAPTISTA VICENTE DA SILVA,ELIZETE BAPTISTA VICENTE DA SILVA,1,1,0,0,2026-02-09,2026-02-09,1,0,nao,nao
ELIZEU VIEIRA FARIA,ELIZEU VIEIRA FARIA,1,0,1,0,2026-01-27,2026-01-27,1,1,nao,nao
ELLANE BARRETO DA ROCHA,ELLANE BARRETO DA ROCHA,1,1,0,0,2024-10-11,2024-10-11,1,1,nao,nao
ELLEN AFFONSO CAMARGO,ELLEN AFFONSO CAMARGO,1,1,0,0,2026-03-24,2026-03-24,1,0,nao,nao
ELMO MAGALHAES JUNIOR,ELMO MAGALHAES JUNIOR,1,1,0,0,2025-12-16,2025-12-16,0,1,nao,nao
ELOA DOS SANTOS RAMOS,ELOA DOS SANTOS RAMOS,3,3,0,0,2024-11-13,2026-01-02,1,2,nao,nao
ELOAH ALVARENGA MESQUITA QUINTANILHA,ELOAH ALVARENGA MESQUITA QUINTANILHA,1,0,1,0,2026-03-10,2026-03-10,1,0,nao,nao
ELPIDIO MIGUEL DA SILVA FILHO,ELPIDIO MIGUEL DA SILVA FILHO,1,1,0,0,2024-12-06,2024-12-06,0,0,nao,nao
ELSON AMORIM SIMOES,ELSON AMORIM SIMOES,1,0,1,0,2026-04-16,2026-04-16,1,0,nao,nao
ELSON RIBEIRO DA SILVA,ELSON RIBEIRO DA SILVA,1,1,0,0,2024-12-20,2024-12-20,0,1,nao,nao
ELYENE ELENA PEREIRA ROCHA,ELYENE ELENA PEREIRA ROCHA,1,1,0,0,2025-12-26,2025-12-26,0,1,nao,nao
ELZI RODRIGUES DA COSTA,ELZI RODRIGUES DA COSTA,1,1,0,0,2026-02-12,2026-02-12,1,1,nao,nao
EL￾PIDIO MIGUEL DA SILVA FILHO,EL￾PIDIO MIGUEL DA SILVA FILHO,1,0,1,0,2024-12-06,2024-12-06,1,1,nao,nao
EMANOEL DA COSTA LEITE,EMANOEL DA COSTA LEITE,1,1,0,0,2024-12-16,2024-12-16,1,1,nao,nao
EMANUEL DA SILVEIRA CARDOSO,EMANUEL DA SILVEIRA CARDOSO,2,1,1,1,2026-01-23,2026-02-03,1,1,sim,sim
EMANUEL GOMES NASCIMENTO,EMANUEL GOMES NASCIMENTO,1,1,0,0,2025-11-28,2025-11-28,1,1,nao,nao
EMANUEL PIFANO MELLO,EMANUEL PIFANO MELLO,1,0,1,0,2026-02-02,2026-02-02,1,0,nao,nao
EMANUELE NOGUEIRA AMARAL,EMANUELE NOGUEIRA AMARAL,1,1,0,0,2026-03-19,2026-03-19,1,0,nao,nao
EMANUELLE DE SOUZA LOUZADA,EMANUELLE DE SOUZA LOUZADA,3,2,1,1,2024-12-23,2025-11-12,2,1,sim,sim
EMANUELLE DOS SANTOS MARTINS,EMANUELLE DOS SANTOS MARTINS,2,1,1,0,2024-11-21,2026-04-28,1,0,sim,nao
EMANUELLE NICOLL GUIMARAES,EMANUELLE NICOLL GUIMARAES,1,0,1,0,2026-04-15,2026-04-15,1,1,nao,nao
EMERSON DA SILVA CELESTINO PECANHA,EMERSON DA SILVA CELESTINO PEÇANHA,2,1,1,0,2025-12-16,2026-04-17,1,0,sim,nao
EMILE FRANCO DE ALMEIDA,EMILE FRANCO DE ALMEIDA,2,2,0,0,2026-01-09,2026-03-20,1,2,nao,nao
EMILENE CHAVES CORREIA DE AQUINO,EMILENE CHAVES CORREIA DE AQUINO,1,1,0,0,2026-02-12,2026-02-12,1,0,nao,nao
EMMELYN BEATRIZ OLIVEIRA DO NASCIMENTO,EMMELYN BEATRIZ OLIVEIRA DO NASCIMENTO,1,1,0,0,2026-02-03,2026-02-03,1,0,nao,nao
ENOCK PESSOA DA SILVA,ENOCK PESSOA DA SILVA,1,0,1,0,2024-11-04,2024-11-04,1,0,nao,nao
ENY MARIA JORGE DE MIRANDA,ENY MARIA JORGE DE MIRANDA,1,0,1,0,2024-10-11,2024-10-11,1,1,nao,nao
ENZO COUTO CRUZ GUIMARAES,ENZO COUTO CRUZ GUIMARAES,2,1,1,0,2025-12-12,2026-04-16,2,0,sim,nao
ENZO DAVID SANTOS CANOVA,ENZO DAVID SANTOS CANOVA,1,0,1,0,2026-03-25,2026-03-25,1,0,nao,nao
ENZO RAPHAEL PEREIRA E SILVA FERREIRA,ENZO RAPHAEL PEREIRA E SILVA FERREIRA,2,2,0,0,2026-02-20,2026-02-20,1,1,nao,nao
ERIC BARBOSA MAIA,ERIC BARBOSA MAIA,2,1,1,0,2026-01-19,2026-03-17,1,1,sim,nao
ERIC LEONE BENDET,ERIC LEONE BENDET,1,0,1,0,2026-01-22,2026-01-22,1,0,nao,nao
ERIC THOMAS MULLER PUPO GADDIS,ERIC THOMAS MULLER PUPO GADDIS,1,0,1,0,2026-01-26,2026-01-26,1,0,nao,nao
ERICA AMARAL ROSA,ERICA AMARAL ROSA,1,0,1,0,2026-02-12,2026-02-12,1,1,nao,nao
ERICA BARBOSA DE TOLEDO,ERICA BARBOSA DE TOLEDO,1,0,1,0,2026-04-16,2026-04-16,1,0,nao,nao
ERICA DA SILVA DO PONTE DO CARMO,ERICA DA SILVA DO PONTE DO CARMO,1,0,1,0,2026-04-17,2026-04-17,1,0,nao,nao
ERICA DE ASSIS VIEIRA,ÉRICA DE ASSIS VIEIRA,1,1,0,0,2024-10-23,2024-10-23,1,1,nao,nao
ERICA SANCHEZ MUNIZ DE OLIVEIRA,ERICA SANCHEZ MUNIZ DE OLIVEIRA,1,0,1,0,2024-12-02,2024-12-02,1,0,nao,nao
ERICK JOSE GUIMARAES DE ANDRADE JUNIOR,ERICK JOSE GUIMARÃES DE ANDRADE JUNIOR,3,2,1,1,2024-10-23,2026-03-20,3,2,sim,sim
ERICK LEONARDO SILVA DE CALAZANS,ERICK LEONARDO SILVA DE CALAZANS,1,0,1,0,2025-12-04,2025-12-04,1,1,nao,nao
ERICK MONTEIRO DO NASCIMENTO,ERICK MONTEIRO DO NASCIMENTO,1,0,1,0,2026-02-06,2026-02-06,1,1,nao,nao
ERICK OLIVEIRA CARNEIRO DA SILVA,ERICK OLIVEIRA CARNEIRO DA SILVA,1,1,0,0,2026-02-02,2026-02-02,0,0,nao,nao
ERICK SANT ANNA LEITAO,ERICK SANT´ANNA LEITÃO,1,1,0,0,2025-11-28,2025-11-28,1,1,nao,nao
ERICK SOBRAL DINIZ,ERICK SOBRAL DINIZ,2,1,1,1,2026-03-13,2026-04-27,2,0,sim,sim
ERICO PALMA SOARES DE ARAUJO,ERICO PALMA SOARES DE ARAUJO,1,1,0,0,2024-10-04,2024-10-04,0,1,nao,nao
ERIK COUTO DE OLIVEIRA,ERIK COUTO DE OLIVEIRA,2,1,1,0,2026-01-27,2026-04-17,2,1,sim,nao
ERIK DE OLIVEIRA FRAZAO DINUCCI,ERIK DE OLIVEIRA FRAZAO DINUCCI,1,1,0,0,2026-01-14,2026-01-14,1,0,nao,nao
ERIKA CONCEICAO CRUZ BARBOSA,ERIKA CONCEICAO CRUZ BARBOSA,1,0,1,0,2026-04-13,2026-04-13,1,1,nao,nao
ERIKA DA SILVEIRA PAES,ERIKA DA SILVEIRA PAES,1,1,0,0,2026-02-12,2026-02-12,1,0,nao,nao
ERIKA DO NASCIMENTO PINHEIRO MENDES,ERIKA DO NASCIMENTO PINHEIRO MENDES,2,1,1,1,2026-03-02,2026-03-06,2,1,sim,sim
ERIKA GUEDES OLIVEIRA,ERIKA GUEDES OLIVEIRA,1,1,0,0,2025-11-19,2025-11-19,1,0,nao,nao
ERIKA LEAL KOTTVITZ,ERIKA LEAL KOTTVITZ,2,2,0,0,2026-02-25,2026-02-25,2,0,nao,nao
ERIKA RESSUREICAO FERREIRA,ERIKA RESSUREICAO FERREIRA,1,0,1,0,2025-12-23,2025-12-23,1,1,nao,nao
ERINA ZORA PEREIRA,ÉRINA ZORA PEREIRA,1,1,0,0,2024-11-01,2024-11-01,0,1,nao,nao
ERI￾CO PALMA SOARES DE ARAUJO,ERI￾CO PALMA SOARES DE ARAUJO,1,0,1,0,2024-10-04,2024-10-04,1,1,nao,nao
ERLON DOS SANTOS NEVES,ERLON DOS SANTOS NEVES,1,0,1,0,2025-12-15,2025-12-15,1,0,nao,nao
ERMANO JOSE DA COSTA,ERMANO JOSE DA COSTA,1,0,1,0,2026-04-28,2026-04-28,1,0,nao,nao
ERNANDE ALVES DE ABREU,ERNANDE ALVES DE ABREU,2,1,1,0,2025-11-26,2026-04-16,2,0,sim,nao
ERNANDE DE CARVALHO FILHO,ERNANDE DE CARVALHO FILHO,1,1,0,0,2025-12-01,2025-12-01,1,1,nao,nao
ESTELA MERCADANTE DOMINGUES,ESTELA MERCADANTE DOMINGUES,1,1,0,0,2026-03-25,2026-03-25,1,1,nao,nao
ESTELA TRAJANO CEZARIO,ESTELA TRAJANO CEZARIO,1,0,1,0,2026-03-04,2026-03-04,1,0,nao,nao
ESTELLA CARDOSO DE OLIVEIRA,ESTELLA CARDOSO DE OLIVEIRA,1,1,0,0,2026-03-24,2026-03-24,1,0,nao,nao
ESTELLA CARDOSO OLIVEIRA,ESTELLA CARDOSO OLIVEIRA,1,0,1,0,2026-04-16,2026-04-16,1,0,nao,nao
ESTER ASSIS DE OLIVEIRA,ESTER ASSIS DE OLIVEIRA,2,1,1,0,2025-12-15,2026-01-22,1,0,sim,nao
ESTER CAETANO VIANNA DE MELLO,ESTER CAETANO VIANNA DE MELLO,2,1,1,1,2024-11-05,2024-11-14,1,1,sim,sim
ESTER CARVALHO VICENTE,ESTER CARVALHO VICENTE,1,1,0,0,2026-04-14,2026-04-14,1,0,nao,nao
ESTER FERREIRA ANTUNES DA SILVA,ESTER FERREIRA ANTUNES DA SILVA,1,1,0,0,2026-03-20,2026-03-20,1,0,nao,nao
ESTEVAO FRANCA BRAGA,ESTEVÃO FRANÇA BRAGA,1,1,0,0,2025-11-18,2025-11-18,1,0,nao,nao
ESTEVAO MENDONCA PINTO,ESTEVÃO MENDONÇA PINTO,1,1,0,0,2024-10-25,2024-10-25,0,0,nao,nao
ES￾TEVAO MENDONCA PINTO,ES￾TEVÃO MENDONÇA PINTO,1,0,1,0,2024-10-25,2024-10-25,1,1,nao,nao
ETICIA GASPAR GONCALVES DE MEDEIROS,ETICIA GASPAR GONCALVES DE MEDEIROS,1,0,1,0,2026-03-19,2026-03-19,1,1,nao,nao
EULALIO MANUEL GARIA DUARTE,EULALIO MANUEL GARIA DUARTE,1,1,0,0,2026-02-10,2026-02-10,1,0,nao,nao
EUNICE DE SOUZA FERREIRA LUIZ,EUNICE DE SOUZA FERREIRA LUIZ,1,0,1,0,2026-04-16,2026-04-16,1,0,nao,nao
EURICO FELIPE TEIXEIRA MESQUITA,EURICO FELIPE TEIXEIRA MESQUITA,1,1,0,0,2024-10-15,2024-10-15,1,0,nao,nao
EVALDO ALVES DA SILVA,EVALDO ALVES DA SILVA,1,1,0,0,2026-03-23,2026-03-23,1,1,nao,nao
EVANDESON SILVA DOS SANTOS,EVANDESON SILVA DOS SANTOS,1,1,0,0,2025-12-26,2025-12-26,0,0,nao,nao
EVANDRO ANTONIO DE ASSUNCAO,EVANDRO ANTONIO DE ASSUNÇÃO,2,1,1,0,2026-03-23,2026-04-17,2,0,sim,nao
EVANDRO FILGUEIRA DE LIMA,EVANDRO FILGUEIRA DE LIMA,3,2,1,1,2024-10-17,2024-11-11,1,3,sim,sim
EVELIANE MARIA SOARES TEIXEIRA,EVELIANE MARIA SOARES TEIXEIRA,1,0,1,0,2024-11-12,2024-11-12,1,0,nao,nao
EVELLYN EDITE SANTOS TELES ISMERIM,EVELLYN EDITE SANTOS TELES ISMERIM,1,1,0,0,2026-03-23,2026-03-23,0,1,nao,nao
EVELYN DE SOUSA FERREIRA,EVELYN DE SOUSA FERREIRA,1,1,0,0,2026-01-19,2026-01-19,1,0,nao,nao
EVELYN FERREIRA DOS SANTOS,EVELYN FERREIRA DOS SANTOS,1,1,0,0,2024-11-05,2024-11-05,1,0,nao,nao
EVELYN KARLA MELO PAES,EVELYN KARLA MELO PAES,1,0,1,0,2024-12-02,2024-12-02,0,0,nao,nao
EVELYN NONATO GOMES,EVELYN NONATO GOMES,1,1,0,0,2024-10-07,2024-10-07,1,1,nao,nao
EVERSON TERRA RODRIGUES NETO,EVERSON TERRA RODRIGUES NETO,1,1,0,0,2025-12-08,2025-12-08,0,0,nao,nao
EVERTHON DUARTE GUIMARAES DE ANDRADE,EVERTHON DUARTE GUIMARÃES DE ANDRADE,1,0,1,0,2024-10-24,2024-10-24,1,1,nao,nao
EVERTON COSTA SANTOS,EVERTON COSTA SANTOS,2,2,0,0,2026-03-11,2026-03-11,2,1,nao,nao
EVERTON EMANOEL NASCIMENTO DA SILVA,EVERTON EMANOEL NASCIMENTO DA SILVA,1,0,1,0,2026-01-28,2026-01-28,1,1,nao,nao
EVERTON RODRIGUES MEDEIROS,EVERTON RODRIGUES MEDEIROS,2,1,1,1,2025-12-01,2025-12-01,1,1,sim,sim
EVINE RENATA VALENTE MOREIRA,EVINE RENATA VALENTE MOREIRA,1,1,0,0,2025-12-10,2025-12-10,1,0,nao,nao
EVIR NOBRE VIANNA,EVIR NOBRE VIANNA,1,0,1,0,2024-10-10,2024-10-10,1,1,nao,nao
EWERTON SANTOS ROCHA,EWERTON SANTOS ROCHA,1,0,1,0,2024-12-09,2024-12-09,0,1,nao,nao
EZENIR DA SILVA PAZ,EZENIR DA SILVA PAZ,1,0,1,0,2026-04-16,2026-04-16,1,0,nao,nao
F L AV I O GOMES DE ASSIS,F L AV I O GOMES DE ASSIS,1,0,1,0,2026-04-16,2026-04-16,1,1,nao,nao
FA - BIO ALVES DE LEMOS,FA - BIO ALVES DE LEMOS,1,0,1,0,2024-12-02,2024-12-02,1,0,nao,nao
FA - BIO BASTOS FRANCA,FA - BIO BASTOS FRANÇA,1,0,1,0,2024-11-05,2024-11-05,1,1,nao,nao
FA - BIO POURBAIX AZEVEDO,FA - BIO POURBAIX AZEVEDO,1,0,1,0,2024-10-30,2024-10-30,1,0,nao,nao
FA B I O MARCIANO DE CAMPOS,FA B I O MARCIANO DE CAMPOS,1,0,1,0,2026-04-14,2026-04-14,1,1,nao,nao
FABIANA COELHO DA SILVA,FABIANA COELHO DA SILVA,1,1,0,0,2026-03-04,2026-03-04,0,0,nao,nao
FABIANA DA CHAGA ALMEIDA,FABIANA DA CHAGA ALMEIDA,1,1,0,0,2024-10-04,2024-10-04,0,1,nao,nao
FABIANA HORTENCIO NASCIMENTO BATISTA,FABIANA HORTENCIO NASCIMENTO BATISTA,1,1,0,0,2026-02-12,2026-02-12,0,0,nao,nao
FABIANA PEREIRA LIMA,FABIANA PEREIRA LIMA,1,1,0,0,2025-11-18,2025-11-18,1,1,nao,nao
FABIANA SILVA DE SOUZA,FABIANA SILVA DE SOUZA,3,2,1,1,2024-10-15,2026-01-13,2,2,sim,sim
FABIANE CRISTINA GOMES DE MELO,FABIANE CRISTINA GOMES DE MELO,1,1,0,0,2026-02-04,2026-02-04,0,1,nao,nao
FABIANE DA COSTA FERREIRA LIMA,FABIANE DA COSTA FERREIRA LIMA,1,1,0,0,2026-02-11,2026-02-11,1,0,nao,nao
FABIANE FREITAS SEABRA,FABIANE FREITAS SEABRA,1,1,0,0,2026-03-06,2026-03-06,1,0,nao,nao
FABIANE PINHEIRO TRINDADE,FABIANE PINHEIRO TRINDADE,1,0,1,0,2026-04-20,2026-04-20,1,1,nao,nao
FABIANE RIBEIRO DE OLIVEIRA BORGES MONTEIRO,FABIANE RIBEIRO DE OLIVEIRA BORGES MONTEIRO,1,1,0,0,2024-11-11,2024-11-11,0,0,nao,nao
FABIANO DA SILVA AGUIAR,FABIANO DA SILVA AGUIAR,1,0,1,0,2026-02-27,2026-02-27,1,1,nao,nao
FABIANO DA SILVA CORDEIRO,FABIANO DA SILVA CORDEIRO,1,1,0,0,2026-01-12,2026-01-12,0,1,nao,nao
FABIANO DA SILVA PARANGABA,FABIANO DA SILVA PARANGABA,2,1,1,0,2026-02-26,2026-04-17,2,1,sim,nao
FABIANO MATHEUS DOS SANTOS VIEIRA,FABIANO MATHEUS DOS SANTOS VIEIRA,3,3,0,0,2026-02-11,2026-03-10,1,0,nao,nao
FABIANO RIBEIRO DA SILVA,FABIANO RIBEIRO DA SILVA,1,0,1,0,2026-01-28,2026-01-28,1,0,nao,nao
FABIANO RODRIGUES DE ABREU,FABIANO RODRIGUES DE ABREU,1,0,1,0,2026-03-16,2026-03-16,1,1,nao,nao
FABIANO SILVA SANTOS,FABIANO SILVA SANTOS,1,0,1,0,2026-02-03,2026-02-03,1,1,nao,nao
FABIANO SOARES DOS SANTOS,FABIANO SOARES DOS SANTOS,1,1,0,0,2025-12-02,2025-12-02,0,1,nao,nao
FABIO ALVES DE LEMOS,FABIO ALVES DE LEMOS,1,1,0,0,2024-12-02,2024-12-02,0,0,nao,nao
FABIO ARTHUR SANTOS DA COSTA,FABIO ARTHUR SANTOS DA COSTA,1,1,0,0,2026-03-23,2026-03-23,1,1,nao,nao
FABIO BARBOSA E SILVA ZARDO,FABIO BARBOSA E SILVA ZARDO,1,1,0,0,2026-03-11,2026-03-11,1,1,nao,nao
FABIO BARBOSA LOPES,FABIO BARBOSA LOPES,1,1,0,0,2026-02-02,2026-02-02,1,1,nao,nao
FABIO BASTOS FRANCA,FABIO BASTOS FRANÇA,3,2,1,2,2024-10-31,2024-11-05,2,1,sim,sim
FABIO BATISTA VIEIRA,FABIO BATISTA VIEIRA,1,1,0,0,2025-11-12,2025-11-12,1,1,nao,nao
FABIO BRAGA MARTINS,FABIO BRAGA MARTINS,1,1,0,0,2026-01-08,2026-01-08,1,0,nao,nao
FABIO CARVALHO DOS SANTOS,FABIO CARVALHO DOS SANTOS,1,1,0,0,2025-12-04,2025-12-04,1,0,nao,nao
FABIO CELESTE DE OLIVEIRA,FABIO CELESTE DE OLIVEIRA,1,1,0,0,2026-03-06,2026-03-06,1,0,nao,nao
FABIO CONCEICAO DE SOUZA,FABIO CONCEICAO DE SOUZA,1,0,1,0,2026-03-16,2026-03-16,1,1,nao,nao
FABIO DA SILVA LUCENA,FABIO DA SILVA LUCENA,1,1,0,0,2026-02-12,2026-02-12,1,0,nao,nao
FABIO DE ALMEIDA,FABIO DE ALMEIDA,2,2,0,0,2026-02-23,2026-02-23,2,0,nao,nao
FABIO DE AZEVEDO BARBOSA,FABIO DE AZEVEDO BARBOSA,1,0,1,0,2025-11-24,2025-11-24,1,0,nao,nao
FABIO DE MELO MANHAES,FABIO DE MELO MANHAES,1,0,1,0,2026-04-29,2026-04-29,1,1,nao,nao
FABIO DE OLIVEIRA,FABIO DE OLIVEIRA,1,1,0,0,2026-01-21,2026-01-21,0,0,nao,nao
FABIO DE SOUZA LEIROZ GALVAO,FABIO DE SOUZA LEIROZ GALVAO,1,0,1,0,2026-04-17,2026-04-17,1,0,nao,nao
FABIO DE SOUZA LERIOZ GALVAO,FABIO DE SOUZA LERIOZ GALVÃO,1,1,0,0,2026-02-27,2026-02-27,1,0,nao,nao
FABIO DE SOUZA SARTORIO,FABIO DE SOUZA SARTORIO,1,0,1,0,2026-02-12,2026-02-12,1,0,nao,nao
FABIO FABRICIO FABRETTI,FABIO FABRICIO FABRETTI,1,1,0,0,2026-02-12,2026-02-12,1,0,nao,nao
FABIO FARIAS DIAS,FABIO FARIAS DIAS,1,1,0,0,2025-12-29,2025-12-29,1,0,nao,nao
FABIO FIGUEIREDO LAEBER,FABIO FIGUEIREDO LAEBER,2,1,1,0,2026-03-06,2026-04-17,2,0,sim,nao
FABIO FRANCA PINHEIRO,FABIO FRANCA PINHEIRO,1,1,0,0,2026-02-03,2026-02-03,1,1,nao,nao
FABIO GRANJO SOARES,FABIO GRANJO SOARES,1,1,0,0,2025-12-12,2025-12-12,0,1,nao,nao
FABIO HENRIQUE ESTEVAO DA SILVA,FABIO HENRIQUE ESTEVÃO DA SILVA,1,0,1,0,2024-12-05,2024-12-05,1,0,nao,nao
FABIO HENRIQUE VILACHA DE ALMEIDA REGO,FABIO HENRIQUE VILACHA DE ALMEIDA REGO,1,1,0,0,2024-12-26,2024-12-26,1,0,nao,nao
FABIO JORGE DANTAS DE SOUSA,FABIO JORGE DANTAS DE SOUSA,3,1,2,1,2024-12-10,2026-04-22,1,3,sim,sim
FABIO JOSE MAMEDIO,FABIO JOSE MAMEDIO,1,0,1,0,2024-12-17,2024-12-17,1,0,nao,nao
FABIO JULIO DA SILVA BOYD,FÁBIO JÚLIO DA SILVA BOYD,1,1,0,0,2026-04-20,2026-04-20,1,1,nao,nao
FABIO JUNIOR MOURA,FABIO JUNIOR MOURA,1,1,0,0,2026-03-24,2026-03-24,0,1,nao,nao
FABIO LAURINDO DOS SANTOS,FÁBIO LAURINDO DOS SANTOS,1,0,1,0,2025-11-28,2025-11-28,0,1,nao,nao
FABIO LUIS ALVES SALVADOR,FÁBIO LUIS ALVES SALVADOR,2,1,1,0,2026-03-04,2026-04-17,2,0,sim,nao
FABIO LUIZ DA SILVA COSTA,FÁBIO LUIZ DA SILVA COSTA,1,1,0,0,2024-12-06,2024-12-06,0,0,nao,nao
FABIO LUIZ DE SANT ANNA,FABIO LUIZ DE SANT ANNA,1,1,0,0,2026-01-02,2026-01-02,0,0,nao,nao
FABIO MAGNO RODRIGUES DOS SANTOS,FÁBIO MAGNO RODRIGUES DOS SANTOS,1,1,0,0,2024-12-17,2024-12-17,1,1,nao,nao
FABIO MARQUES DE OLIVEIRA,FABIO MARQUES DE OLIVEIRA,1,0,1,0,2025-11-12,2025-11-12,1,1,nao,nao
FABIO MUELLER TENORIO CAVALCANTI,FABIO MUELLER TENORIO CAVALCANTI,1,0,1,0,2026-04-17,2026-04-17,1,0,nao,nao
FABIO NOVAIS SERRAZINA,FABIO NOVAIS SERRAZINA,1,0,1,0,2025-12-15,2025-12-15,1,0,nao,nao
FABIO PARAVIDINO DA SILVA,FABIO PARAVIDINO DA SILVA,2,1,1,1,2026-03-20,2026-03-20,2,0,sim,sim
FABIO PINTO DE PONTES,FÁBIO PINTO DE PONTES,1,1,0,0,2024-11-29,2024-11-29,1,1,nao,nao
FABIO PORTO DA COSTA,FABIO PORTO DA COSTA,1,1,0,0,2026-03-10,2026-03-10,1,0,nao,nao
FABIO RIBEIRO DA SILVA,FABIO RIBEIRO DA SILVA,2,2,0,0,2025-12-19,2026-01-14,2,0,nao,nao
FABIO SANTOS MALAFAIA,FABIO SANTOS MALAFAIA,1,1,0,0,2025-12-26,2025-12-26,0,1,nao,nao
FABIO SOUZA PONTES,FABIO SOUZA PONTES,4,2,2,2,2024-12-02,2026-01-13,3,3,sim,sim
FABIO VAZ DUNCAN,FABIO VAZ DUNCAN,1,0,1,0,2024-10-09,2024-10-09,1,0,nao,nao
FABIO VIANNA DE ARAUJO,FÁBIO VIANNA DE ARAÚJO,1,1,0,0,2025-11-17,2025-11-17,0,1,nao,nao
FABIO VILAS GONCALVES FILHO,FABIO VILAS GONCALVES FILHO,1,1,0,0,2026-03-19,2026-03-19,1,0,nao,nao
FABIOLA AGNES DE SOUZA MACHADO,FABIOLA AGNES DE SOUZA MACHADO,1,1,0,0,2026-03-25,2026-03-25,0,1,nao,nao
FABIOLA ALVES TRAVERSO DA MOTTA,FABIOLA ALVES TRAVERSO DA MOTTA,3,1,2,1,2026-01-27,2026-03-17,1,3,sim,sim
FABIOLA GOES PALHARES,FABIOLA GOES PALHARES,1,1,0,0,2026-03-18,2026-03-18,0,1,nao,nao
FABIOLA RENATA DA SILVA PRADO,FABIOLA RENATA DA SILVA PRADO,1,1,0,0,2026-03-23,2026-03-23,1,0,nao,nao
FABRICE BLANCARD,FABRICE BLANCARD,2,1,1,0,2024-10-08,2026-04-29,2,1,sim,nao
FABRICIA ALCEO GUIMARAES,FABRÍCIA ALCEO GUIMARÃES,2,1,1,0,2026-01-22,2026-04-17,2,0,sim,nao
FABRICIA DE CARVALHO CAETANO,FABRICIA DE CARVALHO CAETANO,1,1,0,0,2024-11-11,2024-11-11,1,1,nao,nao
FABRICIO ALVES DE OLIVEIRA,FABRICIO ALVES DE OLIVEIRA,1,0,1,0,2026-04-17,2026-04-17,1,0,nao,nao
FABRICIO AUGUSTO COSTA PINTO,FABRICIO AUGUSTO COSTA PINTO,1,0,1,0,2026-02-05,2026-02-05,1,1,nao,nao
FABRICIO BARRETO GONZALEZ,FABRICIO BARRETO GONZALEZ,1,0,1,0,2025-12-04,2025-12-04,1,1,nao,nao
FABRICIO FERNANDES DE MELO,FABRÍCIO FERNANDES DE MELO,1,1,0,0,2024-10-25,2024-10-25,1,1,nao,nao
FABRICIO RODRIGUES FERNANDES,FABRICIO RODRIGUES FERNANDES,1,1,0,0,2024-12-06,2024-12-06,0,0,nao,nao
FABRICIO TITO CAMAZ,FABRICIO TITO CAMAZ,1,1,0,0,2026-04-14,2026-04-14,0,1,nao,nao
FABRINE MENDES DA SILVA,FABRINE MENDES DA SILVA,1,1,0,0,2025-11-28,2025-11-28,1,1,nao,nao
FABYA CLAUDINO MUNIZ,FABYA CLAUDINO MUNIZ,1,1,0,0,2025-11-05,2025-11-05,0,0,nao,nao
FAGNER LEAL DA SILVA,FAGNER LEAL DA SILVA,1,1,0,0,2026-01-06,2026-01-06,0,1,nao,nao
FAGNER SILVA RIBEIRO,FAGNER SILVA RIBEIRO,1,1,0,0,2024-12-06,2024-12-06,1,1,nao,nao
FA￾BIO MOREIRA CESAR DE OLIVEIRA,FÁ￾BIO MOREIRA CESAR DE OLIVEIRA,1,0,1,0,2024-11-11,2024-11-11,1,1,nao,nao
FELIPE ALVES DA SILVA,FELIPE ALVES DA SILVA,1,1,0,0,2025-12-26,2025-12-26,0,0,nao,nao
FELIPE ALVES DE ARAUJO,FELIPE ALVES DE ARAUJO,1,1,0,0,2026-03-23,2026-03-23,0,0,nao,nao
FELIPE ALVES DE MEDEIROS,FELIPE ALVES DE MEDEIROS,2,1,1,1,2024-12-05,2024-12-05,2,0,sim,sim
FELIPE AMANCIO MARINHO,FELIPE AMANCIO MARINHO,1,0,1,0,2024-12-06,2024-12-06,1,1,nao,nao
FELIPE CAVALCANTI SOARES,FELIPE CAVALCANTI SOARES,1,1,0,0,2024-11-07,2024-11-07,1,1,nao,nao
FELIPE DA CRUZ SANTANA,FELIPE DA CRUZ SANTANA,1,1,0,0,2026-03-24,2026-03-24,1,0,nao,nao
FELIPE DE ASSIS LOURENCO,FELIPE DE ASSIS LOURENÇO,1,1,0,0,2026-04-14,2026-04-14,0,1,nao,nao
FELIPE DE OLIVEIRA PIRES,FELIPE DE OLIVEIRA PIRES,3,1,2,1,2024-10-21,2026-03-13,3,3,sim,sim
FELIPE DE PAULA ALVES MONTES,FELIPE DE PAULA ALVES MONTES,1,1,0,0,2026-04-15,2026-04-15,0,0,nao,nao
FELIPE DERBLI DE CARVALHO BAPTISTA,FELIPE DERBLI DE CARVALHO BAPTISTA,1,1,0,0,2026-04-17,2026-04-17,1,0,nao,nao
FELIPE DIAS FERREIRA,FELIPE DIAS FERREIRA,1,1,0,0,2026-03-27,2026-03-27,0,0,nao,nao
FELIPE DIAS MAIA,FELIPE DIAS MAIA,2,2,0,0,2026-02-12,2026-03-16,1,0,nao,nao
FELIPE ESCORCIO SANTANA DE CARVALHO,FELIPE ESCORCIO SANTANA DE CARVALHO,1,1,0,0,2025-11-14,2025-11-14,0,0,nao,nao
FELIPE FERREIRA DE LIMA,FELIPE FERREIRA DE LIMA,2,1,1,1,2024-10-21,2024-10-21,2,2,sim,sim
FELIPE GARCIA FALCAO,FELIPE GARCIA FALCAO,1,1,0,0,2026-01-13,2026-01-13,0,0,nao,nao
FELIPE GARCIA ROQUE DOS SANTOS,FELIPE GARCIA ROQUE DOS SANTOS,1,0,1,0,2025-12-08,2025-12-08,1,1,nao,nao
FELIPE JOSE DUARTE DO NASCIMENTO,FELIPE JOSÉ DUARTE DO NASCIMENTO,1,1,0,0,2026-01-14,2026-01-14,0,0,nao,nao
FELIPE JULIANO MORAES DA SILVA,FELIPE JULIANO MORAES DA SILVA,1,1,0,0,2025-11-19,2025-11-19,0,0,nao,nao
FELIPE MAGALHAES DE ANDRADE,FELIPE MAGALHAES DE ANDRADE,1,1,0,0,2026-02-27,2026-02-27,1,0,nao,nao
FELIPE MARINHO MASID,FELIPE MARINHO MASID,1,1,0,0,2025-11-26,2025-11-26,1,1,nao,nao
FELIPE MARTINS VASCONCELOS,FELIPE MARTINS VASCONCELOS,1,1,0,0,2026-02-11,2026-02-11,1,0,nao,nao
FELIPE MENDES GONCALVES DE OLIVEIRA,FELIPE MENDES GONÇALVES DE OLIVEIRA,1,0,1,0,2026-03-20,2026-03-20,1,1,nao,nao
FELIPE MENEZES DA COSTA,FELIPE MENEZES DA COSTA,2,1,1,0,2026-01-08,2026-03-20,1,1,sim,nao
FELIPE MONTEIRO CRUZ FERREIRA SANTOS,FELIPE MONTEIRO CRUZ FERREIRA SANTOS,2,1,1,0,2025-12-05,2026-04-28,1,2,sim,nao
FELIPE MOREIRA DA SILVA,FELIPE MOREIRA DA SILVA,2,1,1,0,2024-10-09,2026-04-20,2,1,sim,nao
FELIPE MOREIRA TEIXEIRA,FELIPE MOREIRA TEIXEIRA,1,1,0,0,2026-03-24,2026-03-24,1,0,nao,nao
FELIPE RAMOS CAMPANA,FELIPE RAMOS CAMPANA,1,0,1,0,2024-12-06,2024-12-06,1,0,nao,nao
FELIPE RANGEL DE CARVALHO,FELIPE RANGEL DE CARVALHO,1,1,0,0,2024-12-05,2024-12-05,1,0,nao,nao
FELIPE RANGEL GARCIA,FELIPE RANGEL GARCIA,1,0,1,0,2025-12-02,2025-12-02,1,0,nao,nao
FELIPE RIBEIRO GOMES,FELIPE RIBEIRO GOMES,1,0,1,0,2026-03-27,2026-03-27,1,1,nao,nao
FELIPE RIBEIRO MOTA,FELIPE RIBEIRO MOTA,1,1,0,0,2026-03-04,2026-03-04,1,0,nao,nao
FELIPE SEPULVIDA ENGEL,FELIPE SEPULVIDA ENGEL,1,1,0,0,2024-12-06,2024-12-06,1,0,nao,nao
FELIPE SILVA CARDOSO PEREIRA,FELIPE SILVA CARDOSO PEREIRA,1,0,1,0,2026-04-17,2026-04-17,1,1,nao,nao
FELIPE SILVA DE FREITAS,FELIPE SILVA DE FREITAS,1,0,1,0,2026-04-14,2026-04-14,1,0,nao,nao
FELIPE SOUZA BARRETO,FELIPE SOUZA BARRETO,1,0,1,0,2026-02-06,2026-02-06,1,1,nao,nao
FELIPPE DE JESUS OLIVEIRA,FELIPPE DE JESUS OLIVEIRA,1,0,1,0,2026-02-20,2026-02-20,1,0,nao,nao
FELLIPE DA SILVA SANTOS,FELLIPE DA SILVA SANTOS,1,1,0,0,2024-10-10,2024-10-10,0,0,nao,nao
FELLIPE DE SOUZA RIBEIRO,FELLIPE DE SOUZA RIBEIRO,1,1,0,0,2026-02-26,2026-02-26,1,0,nao,nao
FELLIPE GAIA SILVEIRA,FELLIPE GAIA SILVEIRA,1,0,1,0,2024-11-01,2024-11-01,1,0,nao,nao
FELLIPE NASCIMENTO NUNES,FELLIPE NASCIMENTO NUNES,1,0,1,0,2026-04-17,2026-04-17,1,0,nao,nao
FEL￾LIPE DA SILVA SANTOS,FEL￾LIPE DA SILVA SANTOS,1,0,1,0,2024-10-10,2024-10-10,1,1,nao,nao
FERNANDA AGUIAR PESCADOR,FERNANDA AGUIAR PESCADOR,2,1,1,1,2024-12-16,2024-12-16,1,1,sim,sim
FERNANDA ALVES CAVALCANTE,FERNANDA ALVES CAVALCANTE,1,0,1,0,2026-03-16,2026-03-16,1,1,nao,nao
FERNANDA ALVES DA SILVA,FERNANDA ALVES DA SILVA,1,1,0,0,2026-02-09,2026-02-09,1,1,nao,nao
FERNANDA ALVES ORSINI RICHARD,FERNANDA ALVES ORSINI RICHARD,1,0,1,0,2026-04-15,2026-04-15,1,0,nao,nao
FERNANDA APARECIDA MARIANO,FERNANDA APARECIDA MARIANO,2,1,1,1,2026-03-19,2026-03-24,1,0,sim,sim
FERNANDA BAHIENSE FERRO,FERNANDA BAHIENSE FERRO,1,0,1,0,2026-02-06,2026-02-06,1,0,nao,nao
FERNANDA BOECHAT DIAS ROMERO,FERNANDA BOECHAT DIAS ROMERO,1,0,1,0,2024-11-01,2024-11-01,1,1,nao,nao
FERNANDA BOMFIM DE ALBUQUERQUE,FERNANDA BOMFIM DE ALBUQUERQUE,1,0,1,0,2026-01-02,2026-01-02,1,0,nao,nao
FERNANDA BRANDAO DA SILVA,FERNANDA BRANDAO DA SILVA,1,0,1,0,2026-02-03,2026-02-03,1,1,nao,nao
FERNANDA CAMPOS WICKERT,FERNANDA CAMPOS WICKERT,1,1,0,0,2026-01-21,2026-01-21,0,0,nao,nao
FERNANDA CAVALCANTE DE LIMA,FERNANDA CAVALCANTE DE LIMA,1,1,0,0,2026-03-25,2026-03-25,1,0,nao,nao
FERNANDA CERQUEIRA DA SILVA DE LUCENA,FERNANDA CERQUEIRA DA SILVA DE LUCENA,1,0,1,0,2026-04-13,2026-04-13,1,1,nao,nao
FERNANDA CRISTINA NEVES RIBEIRO,FERNANDA CRISTINA NEVES RIBEIRO,1,0,1,0,2024-12-11,2024-12-11,1,1,nao,nao
FERNANDA DE FREITAS FIGUEIREDO,FERNANDA DE FREITAS FIGUEIREDO,1,0,1,0,2026-04-16,2026-04-16,1,1,nao,nao
FERNANDA DE OLIVEIRA GREGORIO,FERNANDA DE OLIVEIRA GREGÓRIO,1,0,1,0,2024-12-23,2024-12-23,1,1,nao,nao
FERNANDA DE SA CAZOTTO,FERNANDA DE SA CAZOTTO,1,1,0,0,2026-02-06,2026-02-06,1,1,nao,nao
FERNANDA DIAS DOS SANTOS,FERNANDA DIAS DOS SANTOS,1,1,0,0,2024-11-01,2024-11-01,0,0,nao,nao
FERNANDA GOMES DOS SANTOS FONTES,FERNANDA GOMES DOS SANTOS FONTES,1,0,1,0,2024-11-08,2024-11-08,1,1,nao,nao
FERNANDA GONCALVES DA COSTA,FERNANDA GONÇALVES DA COSTA,1,1,0,0,2024-12-10,2024-12-10,0,1,nao,nao
FERNANDA GONCALVES DA SILVA,FERNANDA GONCALVES DA SILVA,1,1,0,0,2026-01-02,2026-01-02,0,1,nao,nao
FERNANDA LACERDA SANTA,FERNANDA LACERDA SANTA,2,1,1,1,2026-03-24,2026-04-14,1,2,sim,sim
FERNANDA MACHADO DO NASCIMENTO,FERNANDA MACHADO DO NASCIMENTO,1,1,0,0,2026-03-24,2026-03-24,0,1,nao,nao
FERNANDA MARQUES DA SILVA DA COSTA,FERNANDA MARQUES DA SILVA DA COSTA,1,0,1,0,2026-04-28,2026-04-28,1,0,nao,nao
FERNANDA MARTINS GOMES,FERNANDA MARTINS GOMES,2,2,0,0,2025-11-18,2025-11-18,1,1,nao,nao
FERNANDA OLIVEIRA DOS SANTOS BARRETO,FERNANDA OLIVEIRA DOS SANTOS BARRETO,1,0,1,0,2026-04-28,2026-04-28,1,0,nao,nao
FERNANDA PEDROZA DA ROCHA SANTOS,FERNANDA PEDROZA DA ROCHA SANTOS,1,0,1,0,2026-03-17,2026-03-17,1,1,nao,nao
FERNANDA PEREIRA CURDI,FERNANDA PEREIRA CURDI,1,0,1,0,2025-11-14,2025-11-14,1,1,nao,nao
FERNANDA PESSANHA SOEIRO,FERNANDA PESSANHA SOEIRO,1,1,0,0,2024-10-01,2024-10-01,0,0,nao,nao
FERNANDA RAYZA DE QUEIROZ LEMOS,FERNANDA RAYZA DE QUEIROZ LEMOS,2,1,1,1,2025-12-01,2026-03-18,2,0,sim,sim
FERNANDA RODRIGUES DA CRUZ,FERNANDA RODRIGUES DA CRUZ,1,0,1,0,2025-11-27,2025-11-27,1,0,nao,nao
FERNANDA SANTOS COSTA,FERNANDA SANTOS COSTA,1,0,1,0,2026-04-17,2026-04-17,1,0,nao,nao
FERNANDA SERRA PIMENTEL BRIA,FERNANDA SERRA PIMENTEL BRIA,1,0,1,0,2024-11-06,2024-11-06,1,1,nao,nao
FERNANDA SILVA DE SOUSA,FERNANDA SILVA DE SOUSA,1,1,0,0,2026-01-23,2026-01-23,0,0,nao,nao
FERNANDA SILVA RANGEL DE OLIVEIRA,FERNANDA SILVA RANGEL DE OLIVEIRA,1,1,0,0,2025-11-06,2025-11-06,0,0,nao,nao
FERNANDA SOEIRO PINHEIRO,FERNANDA SOEIRO PINHEIRO,1,1,0,0,2026-01-15,2026-01-15,1,1,nao,nao
FERNANDA SPINDOLA MOTTA,FERNANDA SPINDOLA MOTTA,1,1,0,0,2026-02-23,2026-02-23,1,0,nao,nao
FERNANDA TROVAO DOS SANTOS,FERNANDA TROVÃO DOS SANTOS,1,1,0,0,2025-11-05,2025-11-05,0,1,nao,nao
FERNANDA VICENTE DA SILVA,FERNANDA VICENTE DA SILVA,3,2,1,0,2025-11-18,2026-04-28,2,0,sim,nao
FERNANDA WERNER VIANNA GOMES,FERNANDA WERNER VIANNA GOMES,2,1,1,1,2024-12-02,2024-12-19,1,1,sim,sim
FERNANDA ZUCOLOTTO,FERNANDA ZUCOLOTTO,1,0,1,0,2026-02-10,2026-02-10,1,1,nao,nao
FERNANDO ANTONIO PAES DE ANDRADE ALBUQUERQUE,FERNANDO ANTÔNIO PAES DE ANDRADE ALBUQUERQUE,1,0,1,0,2025-11-10,2025-11-10,1,1,nao,nao
FERNANDO ASSIS DE BRITO,FERNANDO ASSIS DE BRITO,1,1,0,0,2026-02-20,2026-02-20,1,0,nao,nao
FERNANDO BARBEDO DE OLIVEIRA,FERNANDO BARBEDO DE OLIVEIRA,1,0,1,0,2024-11-13,2024-11-13,1,0,nao,nao
FERNANDO BARBOSA DA SILVA NETO,FERNANDO BARBOSA DA SILVA NETO,3,1,2,1,2026-03-02,2026-04-07,1,1,sim,sim
FERNANDO BRAGA MARTINS,FERNANDO BRAGA MARTINS,2,1,1,1,2024-12-19,2024-12-19,1,1,sim,sim
FERNANDO CARLOS DE SA FREIRE LIMA,FERNANDO CARLOS DE SA FREIRE LIMA,1,0,1,0,2026-04-17,2026-04-17,1,1,nao,nao
FERNANDO CESAR ABDALLA,FERNANDO CESAR ABDALLA,1,1,0,0,2025-12-19,2025-12-19,1,0,nao,nao
FERNANDO CESAR GONCALVES DE OLIVEIRA,FERNANDO CESAR GONCALVES DE OLIVEIRA,2,1,1,1,2026-03-24,2026-03-25,1,1,sim,sim
FERNANDO CESAR ROCHA DOS SANTOS,FERNANDO CESAR ROCHA DOS SANTOS,3,1,2,1,2024-12-20,2026-03-16,2,2,sim,sim
FERNANDO CEZAR JORGE HAKME,FERNANDO CEZAR JORGE HAKME,1,0,1,0,2026-03-31,2026-03-31,1,0,nao,nao
FERNANDO CEZAR MARTINS,FERNANDO CEZAR MARTINS,2,1,1,1,2024-12-04,2024-12-04,2,2,sim,sim
FERNANDO DA FONSECA SILVA,FERNANDO DA FONSECA SILVA,2,1,1,0,2025-11-06,2026-04-28,2,1,sim,nao
FERNANDO DIAS BRANDAO,FERNANDO DIAS BRANDAO,1,1,0,0,2026-03-25,2026-03-25,1,1,nao,nao
FERNANDO DIOGENES TEIXEIRA BATISTA,FERNANDO DIOGENES TEIXEIRA BATISTA,1,0,1,0,2024-12-06,2024-12-06,1,0,nao,nao
FERNANDO DUTRA FERNANDES PACHECO,FERNANDO DUTRA FERNANDES PACHECO,1,0,1,0,2026-01-08,2026-01-08,1,1,nao,nao
FERNANDO FROES PEREIRA TRINDADE,FERNANDO FROES PEREIRA TRINDADE,1,0,1,0,2024-10-08,2024-10-08,1,1,nao,nao
FERNANDO GONCALVES DOS SANTOS JUNIOR,FERNANDO GONÇALVES DOS SANTOS JUNIOR,1,1,0,0,2025-12-01,2025-12-01,0,1,nao,nao
FERNANDO GOTTGTROY DE ARAUJO,FERNANDO GOTTGTROY DE ARAUJO,1,1,0,0,2026-03-09,2026-03-09,1,0,nao,nao
FERNANDO GOUVEIA DE HOLANDA,FERNANDO GOUVEIA DE HOLANDA,1,0,1,0,2024-10-02,2024-10-02,1,0,nao,nao
FERNANDO JOSE MACHADO DE MELO,FERNANDO JOSÉ MACHADO DE MELO,1,1,0,0,2025-11-06,2025-11-06,1,0,nao,nao
FERNANDO KACZELNIK,FERNANDO KACZELNIK,1,0,1,0,2026-02-02,2026-02-02,1,1,nao,nao
FERNANDO LIMA BATISTA,FERNANDO LIMA BATISTA,1,1,0,0,2025-11-24,2025-11-24,1,1,nao,nao
FERNANDO LINHARES ROMEU,FERNANDO LINHARES ROMEU,1,1,0,0,2025-11-05,2025-11-05,0,1,nao,nao
FERNANDO PINHEIRO PEREIRA,FERNANDO PINHEIRO PEREIRA,1,1,0,0,2024-12-02,2024-12-02,0,0,nao,nao
FERNANDO PINTO ESTEVES,FERNANDO PINTO ESTEVES,1,0,1,0,2026-04-28,2026-04-28,1,0,nao,nao
FERNANDO SERGIO DE ABREU,FERNANDO SERGIO DE ABREU,1,0,1,0,2026-04-16,2026-04-16,1,0,nao,nao
FERNANDO SILVA SAMPAIO,FERNANDO SILVA SAMPAIO,1,1,0,0,2026-02-26,2026-02-26,1,1,nao,nao
FE￾LIPE AMENDOLA FONSECA,FE￾LIPE AMENDOLA FONSECA,1,0,1,0,2024-10-02,2024-10-02,0,0,nao,nao
FE￾LIPE MARCELO MENDONCA DE CARVALHO,FE￾LIPE MARCELO MENDONÇA DE CARVALHO,1,0,1,0,2024-10-31,2024-10-31,1,0,nao,nao
FICA RETIFICADO PARA SANDA REGINA CAMPOS,FICA RETIFICADO PARA SANDA REGINA CAMPOS,1,0,1,0,2025-11-24,2025-11-24,1,1,nao,nao
FILIPE ALVES DA SILVA MENDES,FILIPE ALVES DA SILVA MENDES,1,1,0,0,2026-01-08,2026-01-08,1,0,nao,nao
FILIPE BARRETO LAZARES,FILIPE BARRETO LAZARES,1,1,0,0,2025-11-05,2025-11-05,1,1,nao,nao
FILIPE BORGES NEVES,FILIPE BORGES NEVES,1,1,0,0,2026-02-09,2026-02-09,1,1,nao,nao
FILIPE FREIRE,FILIPE FREIRE,1,1,0,0,2026-03-20,2026-03-20,1,0,nao,nao
FILIPE GALDINO LAURINDO,FILIPE GALDINO LAURINDO,1,1,0,0,2025-12-15,2025-12-15,1,1,nao,nao
FILIPE LOPES ARAUJO,FILIPE LOPES ARAUJO,2,1,1,1,2024-10-23,2024-10-23,2,1,sim,sim
FILIPE LUIZ OLIVEIRA BERNARDES,FILIPE LUIZ OLIVEIRA BERNARDES,1,1,0,0,2026-02-23,2026-02-23,1,0,nao,nao
FILIPE RODRIGUES ARAUJO,FILIPE RODRIGUES ARAUJO,1,0,1,0,2026-04-29,2026-04-29,1,0,nao,nao
FILIPI VAZ MARINHO,FILIPI VAZ MARINHO,2,2,0,0,2026-03-09,2026-03-09,0,0,nao,nao
FILISBELA APARECIDA DOS SANTOS,FILISBELA APARECIDA DOS SANTOS,1,0,1,0,2026-04-17,2026-04-17,1,1,nao,nao
FILLIPE DOS SANTOS SILVA GONCALVES,FILLIPE DOS SANTOS SILVA GONCALVES,1,1,0,0,2026-01-30,2026-01-30,1,1,nao,nao
FILLIPE FLORENCIO DA SILVA VIANA,FILLIPE FLORENCIO DA SILVA VIANA,1,1,0,0,2026-02-05,2026-02-05,0,1,nao,nao
FI￾LIPPE DIAS CANGUSSU,FI￾LIPPE DIAS CANGUSSU,1,0,1,0,2024-11-01,2024-11-01,1,0,nao,nao
FLANCEELE BITENCOURT DO NASCIMENTO PEREIRA,FLANCEELE BITENCOURT DO NASCIMENTO PEREIRA,1,1,0,0,2024-11-22,2024-11-22,1,1,nao,nao
FLAVIA ANDRADE COELHO DE ALMEIDA RETAMEIRO,FLAVIA ANDRADE COELHO DE ALMEIDA RETAMEIRO,1,0,1,0,2026-03-02,2026-03-02,1,1,nao,nao
FLAVIA BERNARDO MEDEIROS,FLAVIA BERNARDO MEDEIROS,1,1,0,0,2024-12-23,2024-12-23,1,1,nao,nao
FLAVIA COSTA LIMA FERREIRA,FLAVIA COSTA LIMA FERREIRA,1,0,1,0,2026-03-02,2026-03-02,1,1,nao,nao
FLAVIA CRISTINA DE ASSIS BARBOSA,FLÁVIA CRISTINA DE ASSIS BARBOSA,2,1,1,1,2024-10-25,2024-10-25,2,1,sim,sim
FLAVIA DA SILVA GOMES,FLÁVIA DA SILVA GOMES,1,1,0,0,2024-11-04,2024-11-04,1,1,nao,nao
FLAVIA DE SA GOES MOURAO,FLAVIA DE SÁ GOES MOURÃO,1,1,0,0,2024-11-04,2024-11-04,0,0,nao,nao
FLAVIA DE SOUZA MALHEIROS,FLAVIA DE SOUZA MALHEIROS,1,1,0,0,2026-03-10,2026-03-10,1,0,nao,nao
FLAVIA DOS SANTOS CARVALHO,FLAVIA DOS SANTOS CARVALHO,1,1,0,0,2026-03-02,2026-03-02,1,0,nao,nao
FLAVIA DOS SANTOS SILVEIRA,FLAVIA DOS SANTOS SILVEIRA,1,1,0,0,2026-02-11,2026-02-11,1,1,nao,nao
FLAVIA LIMA DE LARA FORTES,FLÁVIA LIMA DE LARA FORTES,2,1,1,1,2024-11-25,2024-11-25,1,0,sim,sim
FLAVIA LUCIA GOMES DA COSTA,FLAVIA LUCIA GOMES DA COSTA,1,0,1,0,2024-11-01,2024-11-01,1,0,nao,nao
FLAVIA MANUELLA FARIA BARBOSA HENRIQUES,FLAVIA MANUELLA FARIA BARBOSA HENRIQUES,1,1,0,0,2026-03-06,2026-03-06,0,1,nao,nao
FLAVIA MONTEIRO LEITE,FLAVIA MONTEIRO LEITE,1,1,0,0,2026-03-17,2026-03-17,0,1,nao,nao
FLAVIA PEREIRA GUIMARAES BARROS,FLAVIA PEREIRA GUIMARAES BARROS,2,2,0,0,2026-03-09,2026-03-09,0,1,nao,nao
FLAVIA PETERSEN GOMES CORREA,FLAVIA PETERSEN GOMES CORRÊA,1,1,0,0,2026-03-20,2026-03-20,1,0,nao,nao
FLAVIA RAQUEL CRESPO DE JESUS,FLAVIA RAQUEL CRESPO DE JESUS,1,0,1,0,2026-04-20,2026-04-20,1,1,nao,nao
FLAVIA RIBEIRO CASTOR,FLAVIA RIBEIRO CASTOR,2,2,0,0,2026-01-15,2026-01-21,2,0,nao,nao
FLAVIA SILVA CABRAL,FLAVIA SILVA CABRAL,1,0,1,0,2026-01-06,2026-01-06,1,1,nao,nao
FLAVIO ARAUJO DOS SANTOS,FLAVIO ARAUJO DOS SANTOS,1,0,1,0,2024-12-11,2024-12-11,1,0,nao,nao
FLAVIO BALBINO DA SILVA,FLAVIO BALBINO DA SILVA,1,1,0,0,2026-02-27,2026-02-27,0,1,nao,nao
FLAVIO BRAZ JANUARIO,FLAVIO BRAZ JANUARIO,1,1,0,0,2026-02-24,2026-02-24,0,0,nao,nao
FLAVIO CAETANO RIBEIRO,FLAVIO CAETANO RIBEIRO,1,1,0,0,2026-01-28,2026-01-28,1,1,nao,nao
FLAVIO CAMPOS FERREIRA,FLAVIO CAMPOS FERREIRA,1,0,1,0,2025-12-23,2025-12-23,1,0,nao,nao
FLAVIO DE AVILA RIBEIRO,FLAVIO DE AVILA RIBEIRO,1,0,1,0,2026-04-17,2026-04-17,1,0,nao,nao
FLAVIO DE OLIVEIRA NATAL NETO,FLAVIO DE OLIVEIRA NATAL NETO,1,0,1,0,2026-03-13,2026-03-13,1,0,nao,nao
FLAVIO DOS SANTOS,FLÁVIO DOS SANTOS,4,2,2,1,2024-10-01,2026-03-16,2,0,sim,sim
FLAVIO EDUARDO DA COSTA BRITO,FLAVIO EDUARDO DA COSTA BRITO,1,0,1,0,2026-04-27,2026-04-27,1,0,nao,nao
FLAVIO GOMES DE ASSIS,FLAVIO GOMES DE ASSIS,1,1,0,0,2026-03-24,2026-03-24,0,1,nao,nao
FLAVIO GUEDES TEIXEIRA,FLAVIO GUEDES TEIXEIRA,1,0,1,0,2025-12-17,2025-12-17,1,1,nao,nao
FLAVIO LUCAS SAMPAIO SILVA,FLAVIO LUCAS SAMPAIO SILVA,1,1,0,0,2026-03-25,2026-03-25,1,0,nao,nao
FLAVIO MARTINS BEZERRA JUNIOR,FLAVIO MARTINS BEZERRA JUNIOR,1,1,0,0,2026-04-28,2026-04-28,0,1,nao,nao
FLAVIO MOREIRA DE BARROS,FLAVIO MOREIRA DE BARROS,2,2,0,0,2026-03-11,2026-03-11,0,2,nao,nao
FLAVIO RAMOS DA SILVA,FLAVIO RAMOS DA SILVA,1,1,0,0,2026-03-20,2026-03-20,0,0,nao,nao
FLAVIO RIBEIRO DE ARAUJO CID,FLÁVIO RIBEIRO DE ARAUJO CID,2,1,1,0,2024-12-02,2026-04-17,2,1,sim,nao
FLAVIO ROBERTO AMIEIRO DA SILVA,FLAVIO ROBERTO AMIEIRO DA SILVA,3,2,1,1,2024-10-23,2024-10-25,2,1,sim,sim
FLAVIO RYAN BATISTA GUIMARAES,FLÁVIO RYAN BATISTA GUIMARÃES,1,0,1,0,2026-04-14,2026-04-14,1,1,nao,nao
FRANCIELE ALMEIDA GROSSI,FRANCIELE ALMEIDA GROSSI,2,1,1,0,2026-01-19,2026-02-09,1,0,sim,nao
FRANCIELE CORREIA PIO,FRANCIELE CORREIA PIO,1,0,1,0,2024-11-29,2024-11-29,1,1,nao,nao
FRANCIELE DA SILVA LIMA PIMENTEL,FRANCIELE DA SILVA LIMA PIMENTEL,1,0,1,0,2026-04-16,2026-04-16,1,0,nao,nao
FRANCINEY LUIZ DE FRANCA,FRANCINEY LUIZ DE FRANCA,2,1,1,0,2026-02-02,2026-04-15,1,1,sim,nao
FRANCINILDO SOARES FIRMINO,FRANCINILDO SOARES FIRMINO,1,1,0,0,2026-01-12,2026-01-12,0,0,nao,nao
FRANCIS LEONARDO GUILERA SALGADO,FRANCIS LEONARDO GUILERA SALGADO,2,2,0,0,2026-02-23,2026-02-23,1,0,nao,nao
FRANCISCO BRUNO MOTA DA SILVA,FRANCISCO BRUNO MOTA DA SILVA,1,1,0,0,2026-01-27,2026-01-27,0,1,nao,nao
FRANCISCO CANINDE,FRANCISCO CANINDE,1,1,0,0,2026-03-09,2026-03-09,0,1,nao,nao
FRANCISCO CANINDE DA COSTA RAIMUNDO,FRANCISCO CANINDE DA COSTA RAIMUNDO,1,1,0,0,2026-03-09,2026-03-09,0,1,nao,nao
FRANCISCO CARLOS ROCHA MANHAES,FRANCISCO CARLOS ROCHA MANHÃES,1,0,1,0,2024-11-08,2024-11-08,1,0,nao,nao
FRANCISCO HENRIQUE DE OLIVEIRA,FRANCISCO HENRIQUE DE OLIVEIRA,2,1,1,0,2026-01-14,2026-03-27,2,0,sim,nao
FRANCISCO JEFFERSON LIMA RODRIGUES,FRANCISCO JEFFERSON LIMA RODRIGUES,1,1,0,0,2026-01-14,2026-01-14,0,0,nao,nao
FRANCISCO JOSE DOS SANTOS,FRANCISCO JOSE DOS SANTOS,1,0,1,0,2024-10-23,2024-10-23,1,1,nao,nao
FRANCISCO JOSE DOS SANTOS FILHO,FRANCISCO JOSÉ DOS SANTOS FILHO,2,1,1,0,2024-12-06,2026-04-16,2,1,sim,nao
FRANCISCO JOSE TAVARES DO NASCIMENTO,FRANCISCO JOSÉ TAVARES DO NASCIMENTO,1,0,1,0,2026-04-01,2026-04-01,1,1,nao,nao
FRANCISCO KLEYTON ALVES DO CARMO,FRANCISCO KLEYTON ALVES DO CARMO,4,2,2,2,2026-03-09,2026-03-11,2,3,sim,sim
FRANCISCO PARREIRA BARBOSA,FRANCISCO PARREIRA BARBOSA,1,0,1,0,2026-04-17,2026-04-17,1,0,nao,nao
FRANCISCO PEREIRA IGLESIAS,FRANCISCO PEREIRA IGLESIAS,1,0,1,0,2026-02-10,2026-02-10,1,0,nao,nao
FRANCISCO RAFAEL VITAL PESSOA,FRANCISCO RAFAEL VITAL PESSOA,1,1,0,0,2026-03-20,2026-03-20,0,1,nao,nao
FRANCISCO VILCHES DO AMARAL,FRANCISCO VILCHES DO AMARAL,1,1,0,0,2026-03-09,2026-03-09,1,0,nao,nao
FRANCO MARCELLO ROMANO,FRANCO MARCELLO ROMANO,1,0,1,0,2026-03-16,2026-03-16,1,0,nao,nao
FRANCOISE OLIVEIRA DOS SANTOS ALMEIDA,FRANCOISE OLIVEIRA DOS SANTOS ALMEIDA,1,0,1,0,2026-04-16,2026-04-16,1,1,nao,nao
FRANKLIN JORGE SANTOS,FRANKLIN JORGE SANTOS,1,0,1,0,2024-11-05,2024-11-05,0,1,nao,nao
FRANKLIN VIEIRA TOSCANO DE BRITO,FRANKLIN VIEIRA TOSCANO DE BRITO,1,1,0,0,2025-11-19,2025-11-19,1,0,nao,nao
FRED RIBEIRO DA SILVA,FRED RIBEIRO DA SILVA,1,1,0,0,2026-01-22,2026-01-22,0,0,nao,nao
FRED WILLIANS DA COSTA LESSA,FRED WILLIANS DA COSTA LESSA,1,1,0,0,2025-12-08,2025-12-08,1,1,nao,nao
FREDERICO ARMOND BORGES,FREDERICO ARMOND BORGES,1,1,0,0,2026-02-04,2026-02-04,1,0,nao,nao
FREDERICO CHELLES TEIXEIRA,FREDERICO CHELLES TEIXEIRA,1,1,0,0,2026-01-12,2026-01-12,1,0,nao,nao
FREDERICO DE ALMEIDA PEREIRA,FREDERICO DE ALMEIDA PEREIRA,1,0,1,0,2026-04-16,2026-04-16,1,1,nao,nao
FREDERICO DURVAL AMORIM COSTA,FREDERICO DURVAL AMORIM COSTA,1,0,1,0,2026-04-17,2026-04-17,1,0,nao,nao
FREDERICO MAIA MASCARENHAS,FREDERICO MAIA MASCARENHAS,1,0,1,0,2024-10-09,2024-10-09,1,0,nao,nao
FREDERICO MEIRELES GONCALVES,FREDERICO MEIRELES GONCALVES,1,1,0,0,2025-12-19,2025-12-19,0,0,nao,nao
FREDERICO SOUZA BARBOSA LEMOS,FREDERICO SOUZA BARBOSA LEMOS,1,1,0,0,2024-11-07,2024-11-07,0,0,nao,nao
FREDERICO TAVARES RANGEL,FREDERICO TAVARES RANGEL,1,0,1,0,2026-03-20,2026-03-20,1,1,nao,nao
GABRIEL ALEXANDRE VAZ DA SILVA,GABRIEL ALEXANDRE VAZ DA SILVA,2,2,0,0,2024-11-12,2026-02-06,1,1,nao,nao
GABRIEL ALVES LIMA,GABRIEL ALVES LIMA,1,1,0,0,2026-01-15,2026-01-15,1,1,nao,nao
GABRIEL AMORIM THAUMATURGO DA SILVA,GABRIEL AMORIM THAUMATURGO DA SILVA,1,1,0,0,2024-11-29,2024-11-29,0,1,nao,nao
GABRIEL AUGUSTO LEITE DE ABREU,GABRIEL AUGUSTO LEITE DE ABREU,2,1,1,0,2026-02-11,2026-04-28,2,0,sim,nao
GABRIEL BATISTA CARDOSO,GABRIEL BATISTA CARDOSO,1,1,0,0,2026-02-04,2026-02-04,0,1,nao,nao
GABRIEL BRUM RAMOS DE OLIVEIRA,GABRIEL BRUM RAMOS DE OLIVEIRA,1,0,1,0,2024-10-21,2024-10-21,1,0,nao,nao
GABRIEL CABRAL DOS SANTOS CARDOSO,GABRIEL CABRAL DOS SANTOS CARDOSO,1,1,0,0,2024-12-06,2024-12-06,1,1,nao,nao
GABRIEL CARNEIRO DE SOUZA SANTOS,GABRIEL CARNEIRO DE SOUZA SANTOS,1,0,1,0,2025-12-11,2025-12-11,1,1,nao,nao
GABRIEL CIRIACO SANTOS MATOS,GABRIEL CIRIACO SANTOS MATOS,1,1,0,0,2025-11-07,2025-11-07,1,1,nao,nao
GABRIEL DA COSTA CEZARIO DA SILVA,GABRIEL DA COSTA CEZARIO DA SILVA,1,1,0,0,2026-02-05,2026-02-05,1,1,nao,nao
GABRIEL DA SILVA MANHAES,GABRIEL DA SILVA MANHAES,1,0,1,0,2026-04-09,2026-04-09,1,0,nao,nao
GABRIEL DE SOUZA VIANA LU,GABRIEL DE SOUZA VIANA LU,2,2,0,0,2026-03-09,2026-03-09,1,2,nao,nao
GABRIEL DIAS QUINTANILHA,GABRIEL DIAS QUINTANILHA,1,0,1,0,2026-02-03,2026-02-03,1,1,nao,nao
GABRIEL DO NASCIMENTO SILVA,GABRIEL DO NASCIMENTO SILVA,1,0,1,0,2026-02-24,2026-02-24,1,1,nao,nao
GABRIEL ELIDIO ROVERE DA SILVA,GABRIEL ELIDIO ROVERE DA SILVA,1,0,1,0,2026-01-27,2026-01-27,1,0,nao,nao
GABRIEL FEIJO SACRAMENTO AMADO,GABRIEL FEIJO SACRAMENTO AMADO,1,1,0,0,2026-01-21,2026-01-21,0,0,nao,nao
GABRIEL FERNANDES DIAS,GABRIEL FERNANDES DIAS,1,1,0,0,2024-10-24,2024-10-24,1,1,nao,nao
GABRIEL FERRAZ DE MAGALHAES RIBEIRO,GABRIEL FERRAZ DE MAGALHAES RIBEIRO,1,0,1,0,2025-12-15,2025-12-15,1,1,nao,nao
GABRIEL FERREIRA DE CARVALHO,GABRIEL FERREIRA DE CARVALHO,1,0,1,0,2024-12-02,2024-12-02,1,0,nao,nao
GABRIEL FERREIRA DOS SANTOS,GABRIEL FERREIRA DOS SANTOS,1,0,1,0,2026-03-09,2026-03-09,1,0,nao,nao
GABRIEL FLORES CHAVES,GABRIEL FLORES CHAVES,1,1,0,0,2026-03-10,2026-03-10,0,1,nao,nao
GABRIEL FRANCISCO LOPES,GABRIEL FRANCISCO LOPES,1,1,0,0,2025-12-02,2025-12-02,0,0,nao,nao
GABRIEL FREITAS DE AGUIAR LARDOSA,GABRIEL FREITAS DE AGUIAR LARDOSA,1,1,0,0,2025-12-16,2025-12-16,1,0,nao,nao
GABRIEL IGNACIO LOPES,GABRIEL IGNÁCIO LOPES,1,1,0,0,2024-11-08,2024-11-08,1,0,nao,nao
GABRIEL JOSE DUARTE LACERDA,GABRIEL JOSE DUARTE LACERDA,4,2,2,2,2026-03-10,2026-03-10,2,2,sim,sim
GABRIEL LENGRUBER FEIJO GOULART,GABRIEL LENGRUBER FEIJO GOULART,2,1,1,1,2026-04-22,2026-04-28,1,1,sim,sim
GABRIEL LEONEL GUARINO,GABRIEL LEONEL GUARINO,1,1,0,0,2025-11-07,2025-11-07,1,0,nao,nao
GABRIEL LOIO DE MENESES BASILIO DE MORAES,GABRIEL LOIO DE MENESES BASILIO DE MORAES,1,0,1,0,2026-03-13,2026-03-13,1,0,nao,nao
GABRIEL MARTINS DOS SANTOS,GABRIEL MARTINS DOS SANTOS,1,1,0,0,2026-03-18,2026-03-18,0,0,nao,nao
GABRIEL MONTEIRO DANTAS,GABRIEL MONTEIRO DANTAS,1,0,1,0,2025-11-26,2025-11-26,1,0,nao,nao
GABRIEL PHILIPE OLIVEIRA DE FRANCA,GABRIEL PHILIPE OLIVEIRA DE FRANCA,1,0,1,0,2026-04-17,2026-04-17,1,0,nao,nao
GABRIEL PINHEIRO DE ASSIS,GABRIEL PINHEIRO DE ASSIS,1,1,0,0,2026-01-19,2026-01-19,1,0,nao,nao
GABRIEL PINTON,GABRIEL PINTON,1,0,1,0,2026-02-02,2026-02-02,1,0,nao,nao
GABRIEL PIRES GOMES DE OLIVEIRA,GABRIEL PIRES GOMES DE OLIVEIRA,2,1,1,0,2026-03-24,2026-04-16,2,0,sim,nao
GABRIEL REIS DE MELLO,GABRIEL REIS DE MELLO,1,0,1,0,2026-02-02,2026-02-02,1,1,nao,nao
GABRIEL RODRIGUES SICILIANO MORAIS,GABRIEL RODRIGUES SICILIANO MORAIS,1,1,0,0,2024-11-11,2024-11-11,0,0,nao,nao
GABRIEL ROVERI DE SOUZA,GABRIEL ROVERI DE SOUZA,1,0,1,0,2026-03-20,2026-03-20,1,1,nao,nao
GABRIEL SALABAERT CASTRO,GABRIEL SALABAERT CASTRO,4,2,2,2,2024-11-11,2024-11-27,3,1,sim,sim
GABRIEL SAMPAIO TROCOLLI SIQUEIRA,GABRIEL SAMPAIO TROCOLLI SIQUEIRA,1,0,1,0,2026-04-22,2026-04-22,1,1,nao,nao
GABRIEL SILVA DA COSTA,GABRIEL SILVA DA COSTA,1,1,0,0,2024-11-29,2024-11-29,1,1,nao,nao
GABRIEL SILVEIRA ARANTES,GABRIEL SILVEIRA ARANTES,1,1,0,0,2026-01-15,2026-01-15,1,1,nao,nao
GABRIEL SILVESTRE CAETANO,GABRIEL SILVESTRE CAETANO,1,1,0,0,2025-11-24,2025-11-24,1,1,nao,nao
GABRIEL SOUBHA MORELI,GABRIEL SOUBHA MORELI,1,1,0,0,2025-11-04,2025-11-04,0,1,nao,nao
GABRIEL TEIXEIRA PESSANHA,GABRIEL TEIXEIRA PESSANHA,1,0,1,0,2026-04-16,2026-04-16,1,0,nao,nao
GABRIEL VIANNA FALCAO,GABRIEL VIANNA FALCÃO,3,1,2,1,2024-11-05,2026-03-23,2,1,sim,sim
GABRIEL WALLACE FALLETT E SILVA,GABRIEL WALLACE FALLETT E SILVA,1,1,0,0,2025-12-17,2025-12-17,0,1,nao,nao
GABRIELA ADRIANA PINELL CAMPAGNA,GABRIELA ADRIANA PINELL CAMPAGNA,3,3,0,0,2024-11-22,2026-03-13,1,3,nao,nao
GABRIELA AMBROZIO PEREIRA SOARES,GABRIELA AMBROZIO PEREIRA SOARES,1,0,1,0,2026-02-05,2026-02-05,1,1,nao,nao
GABRIELA BARBOSA DE OLIVEIRA ROCHA,GABRIELA BARBOSA DE OLIVEIRA ROCHA,2,1,1,1,2024-10-18,2024-11-08,1,1,sim,sim
GABRIELA CRISTINA DA SILVA ROSA,GABRIELA CRISTINA DA SILVA ROSA,1,1,0,0,2026-03-13,2026-03-13,0,0,nao,nao
GABRIELA CRISTINA DOS SANTOS SILVA,GABRIELA CRISTINA DOS SANTOS SILVA,1,0,1,0,2025-12-04,2025-12-04,1,1,nao,nao
GABRIELA CUNHA SIMAO,GABRIELA CUNHA SIMÃO,1,0,1,0,2024-12-02,2024-12-02,1,1,nao,nao
GABRIELA DA SILVA LIMA,GABRIELA DA SILVA LIMA,1,1,0,0,2026-03-17,2026-03-17,0,1,nao,nao
GABRIELA DA SILVA VIANA ARAUJO,GABRIELA DA SILVA VIANA ARAUJO,1,0,1,0,2026-04-15,2026-04-15,1,1,nao,nao
GABRIELA DE MESQUITA BASILIO,GABRIELA DE MESQUITA BASILIO,1,1,0,0,2026-04-07,2026-04-07,1,0,nao,nao
GABRIELA DOS SANTOS SILVA,GABRIELA DOS SANTOS SILVA,1,0,1,0,2024-11-04,2024-11-04,1,1,nao,nao
GABRIELA DUTRA BASTOS,GABRIELA DUTRA BASTOS,1,1,0,0,2026-01-22,2026-01-22,0,0,nao,nao
GABRIELA FADEL,GABRIELA FADEL,1,0,1,0,2026-04-17,2026-04-17,1,1,nao,nao
GABRIELA FRAGA DE LIMA MENDES DA SILVA,GABRIELA FRAGA DE LIMA MENDES DA SILVA,1,1,0,0,2025-11-05,2025-11-05,1,1,nao,nao
GABRIELA GARGAGLIONE COELHO,GABRIELA GARGAGLIONE COELHO,1,0,1,0,2026-04-08,2026-04-08,1,1,nao,nao
GABRIELA HELENA PIRES CORREA,GABRIELA HELENA PIRES CORRÊA,2,2,0,0,2026-02-03,2026-03-11,1,0,nao,nao
GABRIELA HENRIQUES DA SILVA,GABRIELA HENRIQUES DA SILVA,1,1,0,0,2024-12-23,2024-12-23,1,1,nao,nao
GABRIELA LOPES DA SILVA,GABRIELA LOPES DA SILVA,4,3,1,2,2025-12-01,2026-03-09,2,2,sim,sim
GABRIELA LYCURGO CHERNICHARO,GABRIELA LYCURGO CHERNICHARO,1,1,0,0,2025-12-16,2025-12-16,0,1,nao,nao
GABRIELA MARIA ANTUNES ALVES,GABRIELA MARIA ANTUNES ALVES,1,0,1,0,2026-04-17,2026-04-17,1,0,nao,nao
GABRIELA MENEGASSI MEILHAC ROSS,GABRIELA MENEGASSI MEILHAC ROSS,1,1,0,0,2024-10-04,2024-10-04,1,1,nao,nao
GABRIELA MONTEIRO BITTENCOURT,GABRIELA MONTEIRO BITTENCOURT,1,1,0,0,2026-01-09,2026-01-09,1,0,nao,nao
GABRIELA MOYSES LOUTZ,GABRIELA MOYSES LOUTZ,2,2,0,0,2026-02-20,2026-02-20,2,2,nao,nao
GABRIELA PEREIRA DE ALMEIDA,GABRIELA PEREIRA DE ALMEIDA,2,1,1,1,2024-12-10,2024-12-10,2,2,sim,sim
GABRIELA SCHETTINO GONDIM COUTINHO DE C A RVA L H O,GABRIELA SCHETTINO GONDIM COUTINHO DE C A RVA L H O,2,0,2,0,2025-12-08,2026-03-16,1,0,nao,nao
GABRIELA SCHETTINO GONDIM COUTINHO DE CARVA￾LHO,GABRIELA SCHETTINO GONDIM COUTINHO DE CARVA￾LHO,1,1,0,0,2024-11-22,2024-11-22,1,0,nao,nao
GABRIELA SERAFIM DA SILVA,GABRIELA SERAFIM DA SILVA,1,1,0,0,2024-12-09,2024-12-09,1,1,nao,nao
GABRIELA THEODORO FELIX DE BRITO,GABRIELA THEODORO FELIX DE BRITO,2,1,1,1,2026-03-25,2026-03-27,2,0,sim,sim
GABRIELA VIEIRA LEONARDOS TOMAZ,GABRIELA VIEIRA LEONARDOS TOMAZ,1,1,0,0,2026-04-17,2026-04-17,1,0,nao,nao
GABRIELE GOMES DE OLIVEIRA,GABRIELE GOMES DE OLIVEIRA,1,1,0,0,2024-11-08,2024-11-08,0,1,nao,nao
GABRIELLA DE MELO REIS,GABRIELLA DE MELO REIS,1,1,0,0,2024-11-06,2024-11-06,0,0,nao,nao
GABRIELLA FELIX CUPOLILLO,GABRIELLA FELIX CUPOLILLO,2,1,1,1,2024-12-11,2024-12-11,1,2,sim,sim
GABRIELLA VIEIRA FERREIRA DE JESUS,GABRIELLA VIEIRA FERREIRA DE JESUS,1,1,0,0,2024-11-05,2024-11-05,0,1,nao,nao
GABRIELLE DE CARVALHO ADAO,GABRIELLE DE CARVALHO ADAO,1,0,1,0,2026-03-17,2026-03-17,1,1,nao,nao
GABRIELLE DIAS JANNUZZI,GABRIELLE DIAS JANNUZZI,2,1,1,1,2026-01-19,2026-01-26,1,1,sim,sim
GABRIELLE DOS SANTOS ROMAO,GABRIELLE DOS SANTOS ROMÃO,2,1,1,0,2025-11-14,2026-04-17,2,0,sim,nao
GABRIELLE FERNANDES LIMA,GABRIELLE FERNANDES LIMA,2,1,1,1,2024-12-04,2024-12-04,1,1,sim,sim
GABRIELLE MURTHA LOUREDO MAIA,GABRIELLE MURTHA LOUREDO MAIA,1,1,0,0,2025-11-10,2025-11-10,0,1,nao,nao
GABRIELLE REIS PEREIRA,GABRIELLE REIS PEREIRA,1,1,0,0,2026-01-02,2026-01-02,0,1,nao,nao
GABRIELLE RIBEIRO,GABRIELLE RIBEIRO,1,0,1,0,2026-01-22,2026-01-22,1,1,nao,nao
GABRIELLI LIMA ARAUJO SILVA,GABRIELLI LIMA ARAÚJO SILVA,1,1,0,0,2024-12-10,2024-12-10,1,1,nao,nao
GABRIELLY CORREA BRUNO GIANGIARULO,GABRIELLY CORREA BRUNO GIANGIARULO,1,0,1,0,2026-02-11,2026-02-11,1,1,nao,nao
GABRIELLY FERNANDES DA SILVA,GABRIELLY FERNANDES DA SILVA,1,1,0,0,2026-01-08,2026-01-08,0,1,nao,nao
GABRIELLY VITORIA CORTES GOMES,GABRIELLY VITORIA CORTES GOMES,1,1,0,0,2026-02-10,2026-02-10,0,0,nao,nao
GABRYEL FREITAS BARBOSA LIMA,GABRYEL FREITAS BARBOSA LIMA,1,1,0,0,2026-04-15,2026-04-15,0,0,nao,nao
GA￾BRIELA ROCHA RESENDE,GA￾BRIELA ROCHA RESENDE,1,0,1,0,2024-10-01,2024-10-01,0,0,nao,nao
GEANE BATISTA SILVA,GEANE BATISTA SILVA,1,1,0,0,2026-04-14,2026-04-14,0,1,nao,nao
GEANE CARVALHO QUINDELER,GEANE CARVALHO QUINDELER,1,1,0,0,2025-11-28,2025-11-28,1,1,nao,nao
GELBERT SARMENTO CARVALHO,GELBERT SARMENTO CARVALHO,1,1,0,0,2025-12-05,2025-12-05,1,1,nao,nao
GELSO DA SILVEIRA MEDEIROS JUNIOR,GELSO DA SILVEIRA MEDEIROS JUNIOR,2,2,0,0,2026-03-09,2026-03-09,0,2,nao,nao
GENECI DE ASSIS DE LIMA,GENECI DE ASSIS DE LIMA,1,1,0,0,2026-03-04,2026-03-04,0,0,nao,nao
GENETON ALVES GOMES,GENETON ALVES GOMES,1,0,1,0,2026-01-12,2026-01-12,1,1,nao,nao
GENILDO GONCALVES RAMOS,GENILDO GONCALVES RAMOS,1,1,0,0,2026-01-06,2026-01-06,0,1,nao,nao
GENY LOPES MARTINS,GENY LOPES MARTINS,1,1,0,0,2026-03-09,2026-03-09,0,1,nao,nao
GEORGE PESSOA MASSAPUST,GEORGE PESSOA MASSAPUST,1,1,0,0,2024-12-02,2024-12-02,0,1,nao,nao
GEOVANA FAUSTINO SANTIAGO,GEOVANA FAUSTINO SANTIAGO,1,1,0,0,2026-01-29,2026-01-29,1,0,nao,nao
GEOVANA MARTINS,GEOVANA MARTINS,1,1,0,0,2026-02-05,2026-02-05,0,0,nao,nao
GEOVANE ARAUJO RIBEIRO,GEOVANE ARAUJO RIBEIRO,1,1,0,0,2025-12-18,2025-12-18,1,0,nao,nao
GEOVANE FELIPE FERNANDES VALENTE,GEOVANE FELIPE FERNANDES VALENTE,1,1,0,0,2026-02-26,2026-02-26,1,0,nao,nao
GEOVANI DE OLIVEIRA DAMASIO,GEOVANI DE OLIVEIRA DAMASIO,1,0,1,0,2026-02-26,2026-02-26,1,0,nao,nao
GERALDO APARECIDO MOREIRA,GERALDO APARECIDO MOREIRA,1,0,1,0,2026-03-31,2026-03-31,1,0,nao,nao
GERALDO GUIMARAES NETO,GERALDO GUIMARÃES NETO,1,0,1,0,2024-10-31,2024-10-31,1,0,nao,nao
GERALDO MAGELA PORTES DE REZENDE,GERALDO MAGELA PORTES DE REZENDE,1,1,0,0,2025-11-28,2025-11-28,0,1,nao,nao
GERCIANO DE LIMA LUZ,GERCIANO DE LIMA LUZ,1,0,1,0,2026-04-16,2026-04-16,1,0,nao,nao
GEREMIAS BRAZ DE SOUZA,GEREMIAS BRAZ DE SOUZA,1,0,1,0,2025-11-05,2025-11-05,0,1,nao,nao
GERSON AGOSTINHO DO ESPIRITO SANTO JUNIOR,GERSON AGOSTINHO DO ESPIRITO SANTO JUNIOR,1,1,0,0,2026-03-17,2026-03-17,1,0,nao,nao
GERSON BONGESTAB DOS SANTOS JUNIOR,GERSON BONGESTAB DOS SANTOS JUNIOR,1,1,0,0,2024-11-22,2024-11-22,0,1,nao,nao
GERSON CARLOS DAS NEVES MARQUES,GERSON CARLOS DAS NEVES MARQUES,1,1,0,0,2025-12-29,2025-12-29,1,0,nao,nao
GERSON CUNHA DE ALMEIDA REIS FILHO,GERSON CUNHA DE ALMEIDA REIS FILHO,1,1,0,0,2026-01-21,2026-01-21,0,0,nao,nao
GERSON DA SILVA MENDONCA,GERSON DA SILVA MENDONÇA,1,1,0,0,2025-11-14,2025-11-14,0,1,nao,nao
GERSON RODRIGUES CASTILHO,GERSON RODRIGUES CASTILHO,1,1,0,0,2025-11-12,2025-11-12,0,1,nao,nao
GERUSA BORGES DOS SANTOS,GERUSA BORGES DOS SANTOS,1,0,1,0,2026-04-28,2026-04-28,1,0,nao,nao
GESLANE RODRIGUES DA SILVA,GESLANE RODRIGUES DA SILVA,1,1,0,0,2026-02-06,2026-02-06,0,0,nao,nao
GIANLUCA MATHEUS BURGUEZ CHAGAS,GIANLUCA MATHEUS BURGUEZ CHAGAS,2,1,1,1,2025-11-17,2025-11-19,1,2,sim,sim
GIANNI MACHADO DO NASCIMENTO DA SILVA,GIANNI MACHADO DO NASCIMENTO DA SILVA,1,0,1,0,2025-12-04,2025-12-04,1,1,nao,nao
GILBERTO MARTINS SANTIAGO,GILBERTO MARTINS SANTIAGO,1,1,0,0,2026-03-02,2026-03-02,0,0,nao,nao
GILBERTO MASCARENHAS,GILBERTO MASCARENHAS,1,1,0,0,2026-01-07,2026-01-07,0,1,nao,nao
GILBERTO RAIMUNDO DA SILVA,GILBERTO RAIMUNDO DA SILVA,3,2,1,0,2025-11-17,2026-04-28,2,0,sim,nao
GILBERTO SILVA DOS SANTOS,GILBERTO SILVA DOS SANTOS,1,1,0,0,2025-11-12,2025-11-12,1,0,nao,nao
GILBERTO SILVEIRA JUNIOR,GILBERTO SILVEIRA JUNIOR,1,0,1,0,2026-04-20,2026-04-20,1,1,nao,nao
GILBRANDO FREITAS DA SILVA,GILBRANDO FREITAS DA SILVA,1,0,1,0,2026-04-29,2026-04-29,1,1,nao,nao
GILCIMAR SILVA DE SOUZA,GILCIMAR SILVA DE SOUZA,1,0,1,0,2026-04-17,2026-04-17,1,0,nao,nao
GILCQUELINE BARCELOS FARIA,GILCQUELINE BARCELOS FARIA,1,0,1,0,2026-04-06,2026-04-06,1,1,nao,nao
GILMAR PEDRO DE ANDRADE,GILMAR PEDRO DE ANDRADE,1,0,1,0,2026-04-16,2026-04-16,1,0,nao,nao
GILMAR TRAMONTINI DA SILVA,GILMAR TRAMONTINI DA SILVA,2,1,1,0,2024-11-29,2026-03-31,2,2,sim,nao
GILSON CESAR DA SILVA REIS,GILSON CÉSAR DA SILVA REIS,1,1,0,0,2026-04-15,2026-04-15,0,1,nao,nao
GILSON DA COSTA,GILSON DA COSTA,1,1,0,0,2026-03-02,2026-03-02,1,0,nao,nao
GILSON ENCRENAZI DE OLIVEIRA,GILSON ENCRENAZI DE OLIVEIRA,1,0,1,0,2026-04-09,2026-04-09,1,1,nao,nao
GILSON FELIX DA SILVA,GILSON FELIX DA SILVA,1,1,0,0,2026-01-28,2026-01-28,1,0,nao,nao
GILSON JOSE DE MEDEIROS FILHO,GILSON JOSÉ DE MEDEIROS FILHO,2,1,1,1,2024-11-01,2026-01-14,2,1,sim,sim
GILSON MARTINS DA SILVA,GILSON MARTINS DA SILVA,1,0,1,0,2026-03-18,2026-03-18,1,1,nao,nao
GILSON VIEIRA PAZ FREITAS,GILSON VIEIRA PAZ FREITAS,1,1,0,0,2026-04-14,2026-04-14,1,1,nao,nao
GILVAN DE CAMPOS GANIME,GILVAN DE CAMPOS GANIME,1,1,0,0,2026-01-08,2026-01-08,1,1,nao,nao
GILVAN GONCALVES ALVES,GILVAN GONCALVES ALVES,2,1,1,0,2026-02-03,2026-04-17,2,0,sim,nao
GILVANIA AMARAL SICUPIRA DE LIMA,GILVANIA AMARAL SICUPIRA DE LIMA,3,2,1,1,2025-11-18,2026-04-15,2,3,sim,sim
GIORGIO QUIRINO NERONI,GIORGIO QUIRINO NERONI,1,0,1,0,2026-04-17,2026-04-17,1,0,nao,nao
GIOVANE SAIONARA RAMOS,GIOVANE SAIONARA RAMOS,2,0,2,0,2026-03-10,2026-03-10,1,2,nao,nao
GIOVANNA ALVES DE OLIVEIRA,GIOVANNA ALVES DE OLIVEIRA,1,1,0,0,2026-01-21,2026-01-21,0,0,nao,nao
GIOVANNA BARCELO EVANGELISTA,GIOVANNA BARCELO EVANGELISTA,1,0,1,0,2026-01-14,2026-01-14,1,1,nao,nao
GIOVANNA CIBOTTO CORTES TEIXEIRA,GIOVANNA CIBOTTO CORTES TEIXEIRA,1,1,0,0,2024-11-25,2024-11-25,1,0,nao,nao
GIOVANNA COUTO CARVALHO DE OLIVEIRA LESSA,GIOVANNA COUTO CARVALHO DE OLIVEIRA LESSA,1,0,1,0,2024-11-11,2024-11-11,1,1,nao,nao
GIOVANNA GUIMARAES DOS SANTOS,GIOVANNA GUIMARÃES DOS SANTOS,1,0,1,0,2024-11-01,2024-11-01,1,0,nao,nao
GIOVANNA HANNA VARGAS AMORIM SAAD,GIOVANNA HANNA VARGAS AMORIM SAAD,1,1,0,0,2025-11-26,2025-11-26,0,1,nao,nao
GIOVANNA MACCHIUTTI LOMBA GUIMARAES,GIOVANNA MACCHIUTTI LOMBA GUIMARÃES,1,0,1,0,2026-04-20,2026-04-20,1,1,nao,nao
GIOVANNA PARAIZO PINHEIRO,GIOVANNA PARAIZO PINHEIRO,1,1,0,0,2026-01-21,2026-01-21,0,0,nao,nao
GIOVANNA PERROTTA LEONARDO PEREIRA,GIOVANNA PERROTTA LEONARDO PEREIRA,2,1,1,0,2024-11-01,2026-03-13,1,1,sim,nao
GIOVANNA PITZER PICCOLI,GIOVANNA PITZER PICCOLI,1,1,0,0,2026-03-27,2026-03-27,1,1,nao,nao
GIOVANNA RODRIGUES BRANDIMARTE,GIOVANNA RODRIGUES BRANDIMARTE,1,1,0,0,2026-03-20,2026-03-20,1,0,nao,nao
GIOVANNA SICILIANO BOECHAT,GIOVANNA SICILIANO BOECHAT,1,1,0,0,2026-01-12,2026-01-12,1,1,nao,nao
GIOVANNA SOUSA BRITO DE OLIVEIRA,GIOVANNA SOUSA BRITO DE OLIVEIRA,1,1,0,0,2026-03-24,2026-03-24,1,1,nao,nao
GIOVANNA WANDERLEY CAVOTTI,GIOVANNA WANDERLEY CAVOTTI,1,0,1,0,2026-04-20,2026-04-20,1,1,nao,nao
GIOVANNY CURTY DA SILVA ANGELO,GIOVANNY CURTY DA SILVA ANGELO,1,1,0,0,2025-11-05,2025-11-05,1,1,nao,nao
GISELE BARRETO FERNANDES DA FONSECA,GISELE BARRETO FERNANDES DA FONSECA,1,1,0,0,2024-11-04,2024-11-04,0,0,nao,nao
GISELE BERNARDO SILVA,GISELE BERNARDO SILVA,1,1,0,0,2024-11-12,2024-11-12,1,1,nao,nao
GISELE DE LIMA PEREIRA,GISELE DE LIMA PEREIRA,1,1,0,0,2024-12-18,2024-12-18,1,0,nao,nao
GISELE LESSA DE FREITAS,GISELE LESSA DE FREITAS,2,0,2,0,2026-03-10,2026-03-10,1,1,nao,nao
GISELE NOVAES DE CAMPOS OLIVEIRA,GISELE NOVAES DE CAMPOS OLIVEIRA,1,1,0,0,2024-11-08,2024-11-08,1,0,nao,nao
GISELE SANT ANA BATISTA COSTA,GISELE SANT ANA BATISTA COSTA,1,1,0,0,2026-02-12,2026-02-12,1,1,nao,nao
GISELLA RAMOS KAC,GISELLA RAMOS KAC,1,0,1,0,2026-04-16,2026-04-16,1,0,nao,nao
GISELLE CARVALHO MONTEIRO,GISELLE CARVALHO MONTEIRO,1,0,1,0,2026-04-17,2026-04-17,1,0,nao,nao
GISELLE MAYRA CORREA DE ARAUJO,GISELLE MAYRA CORREA DE ARAUJO,2,2,0,0,2026-03-10,2026-03-10,0,0,nao,nao
GISELLE PACHECO FERREIRA,GISELLE PACHECO FERREIRA,1,1,0,0,2026-01-02,2026-01-02,0,0,nao,nao
GISELLE RODRIGUES BATISTA PEREIRA NETTO,GISELLE RODRIGUES BATISTA PEREIRA NETTO,1,0,1,0,2026-02-27,2026-02-27,1,1,nao,nao
GISELLE RODRIGUES VILLANUEVA,GISELLE RODRIGUES VILLANUEVA,2,1,1,1,2025-11-07,2025-11-07,1,1,sim,sim
GISELLY DE SOUZA CRESPO STOLLER SOUZA,GISELLY DE SOUZA CRESPO STOLLER SOUZA,1,1,0,0,2026-01-22,2026-01-22,0,0,nao,nao
GISELLY DO NASCIMENTO SILVEIRA CABRAL,GISELLY DO NASCIMENTO SILVEIRA CABRAL,2,2,0,0,2026-03-10,2026-03-10,1,2,nao,nao
GISELY DOS SANTOS,GISELY DOS SANTOS,1,1,0,0,2025-11-06,2025-11-06,1,1,nao,nao
GISLAINE OLIVEIRA CARDOSO,GISLAINE OLIVEIRA CARDOSO,1,1,0,0,2026-03-27,2026-03-27,0,0,nao,nao
GIULIA GARUZI LUZ MACHADO,GIULIA GARUZI LUZ MACHADO,1,1,0,0,2026-01-28,2026-01-28,1,1,nao,nao
GIULIANE NUNES PINHEIRO BASTOS,GIULIANE NUNES PINHEIRO BASTOS,1,0,1,0,2024-11-29,2024-11-29,1,0,nao,nao
GIULLIA OLIVEIRA PIRES,GIULLIA OLIVEIRA PIRES,1,0,1,0,2026-04-16,2026-04-16,1,1,nao,nao
GIVANILDO OLIVEIRA VERAS,GIVANILDO OLIVEIRA VERAS,1,1,0,0,2026-02-27,2026-02-27,1,0,nao,nao
GLACIELE DE BRITO TEIXEIRA,GLACIELE DE BRITO TEIXEIRA,2,1,1,0,2026-02-11,2026-04-28,2,0,sim,nao
GLAUBER DANIEL DE LIMA FIGUEIREDO,GLAUBER DANIEL DE LIMA FIGUEIREDO,1,0,1,0,2025-12-01,2025-12-01,1,1,nao,nao
GLAUCE KELLY FREITAS FERNANDES SAMIA,GLAUCE KELLY FREITAS FERNANDES SAMIA,1,0,1,0,2024-11-11,2024-11-11,1,1,nao,nao
GLAUCEA ROSADO FRANCISCO,GLAUCEA ROSADO FRANCISCO,1,0,1,0,2026-02-03,2026-02-03,1,1,nao,nao
GLAUCIA AZEVEDO SILVA DE SOUZA,GLAUCIA AZEVEDO SILVA DE SOUZA,2,1,1,0,2026-03-24,2026-04-16,2,0,sim,nao
GLAUCIA CARLA DA SILVA,GLAUCIA CARLA DA SILVA,1,0,1,0,2025-12-01,2025-12-01,0,0,nao,nao
GLAUCIA FERNANDES VIANA,GLAUCIA FERNANDES VIANA,1,1,0,0,2026-04-15,2026-04-15,1,0,nao,nao
GLAUCIA MAIA COSTA CAMPOS,GLAUCIA MAIA COSTA CAMPOS,1,1,0,0,2026-04-14,2026-04-14,1,1,nao,nao
GLAUCIA REGINA BEN SALERMO,GLAUCIA REGINA BEN SALERMO,1,0,1,0,2024-10-02,2024-10-02,1,0,nao,nao
GLAUCIA SILVA MARTINS,GLAUCIA SILVA MARTINS,1,0,1,0,2024-11-08,2024-11-08,1,0,nao,nao
GLAUCIO DE SOUSA SANTOS,GLAUCIO DE SOUSA SANTOS,1,0,1,0,2024-10-07,2024-10-07,1,1,nao,nao
GLAUCIO RAIMUNDO,GLAUCIO RAIMUNDO,1,1,0,0,2025-12-19,2025-12-19,1,0,nao,nao
GLAUCIO TEIXEIRA ALVES,GLAUCIO TEIXEIRA ALVES,1,1,0,0,2026-02-27,2026-02-27,0,0,nao,nao
GLEIDE MARTINS DA SILVA,GLEIDE MARTINS DA SILVA,1,1,0,0,2024-10-01,2024-10-01,0,1,nao,nao
GLEISON VIANA DA SILVA,GLEISON VIANA DA SILVA,1,1,0,0,2024-11-05,2024-11-05,1,0,nao,nao
GLEI￾DE MARTINS DA SILVA,GLEI￾DE MARTINS DA SILVA,1,0,1,0,2024-10-01,2024-10-01,1,1,nao,nao
GLENNDHA LETICIA SILVA PINHEIRO,GLENNDHA LETÍCIA SILVA PINHEIRO,1,0,1,0,2025-11-06,2025-11-06,1,1,nao,nao
GRACE KELLY DE PAIVA SOUZA,GRACE KELLY DE PAIVA SOUZA,1,1,0,0,2026-03-17,2026-03-17,1,1,nao,nao
GRACE KELLY MACIEL DE ANDRADE,GRACE KELLY MACIEL DE ANDRADE,1,1,0,0,2026-02-02,2026-02-02,0,1,nao,nao
GRACIANY DE JESUS CORREA,GRACIANY DE JESUS CORRÊA,1,1,0,0,2026-01-22,2026-01-22,0,0,nao,nao
GRACIELLY BANDEIRA DAMIGO LAMEIRA DE CASTRO,GRACIELLY BANDEIRA DAMIGO LAMEIRA DE CASTRO,1,0,1,0,2024-12-02,2024-12-02,1,0,nao,nao
GRAZIELA CRISTINA DE ALMEIDA RODRIGUES,GRAZIELA CRISTINA DE ALMEIDA RODRIGUES,1,1,0,0,2025-12-11,2025-12-11,1,0,nao,nao
GRAZIELE DOS SANTOS,GRAZIELE DOS SANTOS,2,2,0,0,2026-01-07,2026-02-11,2,0,nao,nao
GRAZIELLE LISBOA DOS SANTOS,GRAZIELLE LISBOA DOS SANTOS,2,1,1,1,2025-11-27,2025-11-27,1,0,sim,sim
GREICE LIMA SILVA,GREICE LIMA SILVA,1,1,0,0,2025-12-11,2025-12-11,0,0,nao,nao
GUILHERME ARAKEN CARRICO MIZRAHI,GUILHERME ARAKEN CARRICO MIZRAHI,1,1,0,0,2026-03-02,2026-03-02,1,0,nao,nao
GUILHERME AUGUSTO DIAS,GUILHERME AUGUSTO DIAS,1,0,1,0,2024-11-22,2024-11-22,1,0,nao,nao
GUILHERME BARRETO DA SILVA,GUILHERME BARRETO DA SILVA,1,1,0,0,2025-11-05,2025-11-05,1,0,nao,nao
GUILHERME BARROS DA SILVA,GUILHERME BARROS DA SILVA,1,0,1,0,2026-04-28,2026-04-28,1,0,nao,nao
GUILHERME BRANCO DA SILVA,GUILHERME BRANCO DA SILVA,1,0,1,0,2026-04-17,2026-04-17,1,0,nao,nao
GUILHERME CARVALHO CAVALCANTE,GUILHERME CARVALHO CAVALCANTE,1,1,0,0,2025-11-24,2025-11-24,1,1,nao,nao
GUILHERME DA COSTA PINHEIRO,GUILHERME DA COSTA PINHEIRO,2,1,1,0,2024-11-14,2026-04-28,2,0,sim,nao
GUILHERME DE ARAUJO MASI,GUILHERME DE ARAUJO MASI,1,0,1,0,2026-04-09,2026-04-09,1,1,nao,nao
GUILHERME DO NASCIMENTO VARELLA,GUILHERME DO NASCIMENTO VARELLA,1,1,0,0,2025-12-04,2025-12-04,1,1,nao,nao
GUILHERME EDUARDO RODRIGUES MADUREIRA,GUILHERME EDUARDO RODRIGUES MADUREIRA,1,1,0,0,2025-12-02,2025-12-02,1,0,nao,nao
GUILHERME EDUARDO RODRIGUES MA￾DUREIRA,GUILHERME EDUARDO RODRIGUES MA￾DUREIRA,1,0,1,0,2024-10-02,2024-10-02,1,0,nao,nao
GUILHERME EMANUEL DE ARAUJO ALVES,GUILHERME EMANUEL DE ARAUJO ALVES,1,1,0,0,2026-02-09,2026-02-09,1,0,nao,nao
GUILHERME FELIPE QUADRADO,GUILHERME FELIPE QUADRADO,1,0,1,0,2024-10-21,2024-10-21,1,0,nao,nao
GUILHERME FONSECA DA CONCEICAO,GUILHERME FONSECA DA CONCEICAO,1,1,0,0,2026-03-20,2026-03-20,1,0,nao,nao
GUILHERME GOMES ARAUJO,GUILHERME GOMES ARAUJO,2,1,1,1,2024-11-04,2024-11-08,1,1,sim,sim
GUILHERME GOMES DE QUEIROZ,GUILHERME GOMES DE QUEIROZ,1,0,1,0,2024-11-04,2024-11-04,1,0,nao,nao
GUILHERME GONCALVES NERY,GUILHERME GONCALVES NERY,1,1,0,0,2025-12-08,2025-12-08,1,0,nao,nao
GUILHERME JOSE DA SILVA PUJOL,GUILHERME JOSÉ DA SILVA PUJOL,1,1,0,0,2025-11-28,2025-11-28,1,1,nao,nao
GUILHERME LUIZ DE OLIVEIRA SANTOS,GUILHERME LUIZ DE OLIVEIRA SANTOS,1,1,0,0,2025-11-05,2025-11-05,1,0,nao,nao
GUILHERME MACEDO REIS MERCES,GUILHERME MACEDO REIS MERCÊS,1,1,0,0,2026-04-29,2026-04-29,1,0,nao,nao
GUILHERME MARTINS BENCARDINO,GUILHERME MARTINS BENCARDINO,1,1,0,0,2025-12-01,2025-12-01,0,1,nao,nao
GUILHERME MATHEUS CRISPIM ESCOBAR,GUILHERME MATHEUS CRISPIM ESCOBAR,2,2,0,0,2026-02-24,2026-02-24,1,2,nao,nao
GUILHERME MATHEUS CRISPIM ESCOBAR DE SOUZA,GUILHERME MATHEUS CRISPIM ESCOBAR DE SOUZA,1,1,0,0,2025-11-18,2025-11-18,0,0,nao,nao
GUILHERME MENDES CRUZ,GUILHERME MENDES CRUZ,1,1,0,0,2026-03-25,2026-03-25,0,1,nao,nao
GUILHERME NOGUEIRA PASTORI,GUILHERME NOGUEIRA PASTORI,1,0,1,0,2024-12-06,2024-12-06,1,1,nao,nao
GUILHERME NUNES DE CARVALHO,GUILHERME NUNES DE CARVALHO,1,1,0,0,2024-10-08,2024-10-08,0,0,nao,nao
GUILHERME OTAVIO DE OLIVEIRA,GUILHERME OTAVIO DE OLIVEIRA,1,1,0,0,2026-01-21,2026-01-21,0,0,nao,nao
GUILHERME OTAVIO GOMES FIGUEIREDO,GUILHERME OTAVIO GOMES FIGUEIREDO,1,1,0,0,2025-11-27,2025-11-27,0,1,nao,nao
GUILHERME QUEIROZ DE MELLO SILVA,GUILHERME QUEIROZ DE MELLO SILVA,1,0,1,0,2026-03-26,2026-03-26,1,1,nao,nao
GUILHERME SALZMANN LOPES ETTORE,GUILHERME SALZMANN LOPES ETTORE,1,1,0,0,2026-04-15,2026-04-15,1,1,nao,nao
GUILHERME SARAIVA DE SA,GUILHERME SARAIVA DE SA,1,0,1,0,2026-01-14,2026-01-14,1,0,nao,nao
GUILHERME VERDAM LESSA,GUILHERME VERDAM LESSA,1,1,0,0,2026-03-19,2026-03-19,1,0,nao,nao
GUINEZA DA SILVA LOURENCO,GUINEZA DA SILVA LOURENÇO,2,1,1,1,2024-10-15,2024-10-24,1,2,sim,sim
GUI￾LHERME DE ALMEIDA NUNES,GUI￾LHERME DE ALMEIDA NUNES,1,0,1,0,2024-10-18,2024-10-18,1,1,nao,nao
GUSTAVO ALVES CALDEIRA,GUSTAVO ALVES CALDEIRA,1,0,1,0,2026-04-22,2026-04-22,1,1,nao,nao
GUSTAVO ALVES PINTO TEIXEIRA,GUSTAVO ALVES PINTO TEIXEIRA,1,1,0,0,2026-04-02,2026-04-02,1,0,nao,nao
GUSTAVO AUGUSTO PINTO FERREIRA,GUSTAVO AUGUSTO PINTO FERREIRA,2,2,0,0,2025-12-16,2025-12-16,0,1,nao,nao
GUSTAVO CASSAB OLIVEIRA,GUSTAVO CASSAB OLIVEIRA,1,1,0,0,2026-01-06,2026-01-06,0,0,nao,nao
GUSTAVO CIRILO DE FREITAS,GUSTAVO CIRILO DE FREITAS,2,1,1,1,2025-11-17,2025-11-17,1,0,sim,sim
GUSTAVO DA SILVA ANDRADE,GUSTAVO DA SILVA ANDRADE,1,0,1,0,2024-11-08,2024-11-08,1,1,nao,nao
GUSTAVO DA SILVA FERREIRA,GUSTAVO DA SILVA FERREIRA,1,1,0,0,2026-03-24,2026-03-24,0,1,nao,nao
GUSTAVO DA SILVA TEIXEIRA,GUSTAVO DA SILVA TEIXEIRA,1,0,1,0,2026-03-02,2026-03-02,1,1,nao,nao
GUSTAVO DA SILVA TRINDADE,GUSTAVO DA SILVA TRINDADE,1,0,1,0,2024-12-10,2024-12-10,1,1,nao,nao
GUSTAVO DARZE DA SILVA,GUSTAVO DARZE DA SILVA,1,0,1,0,2025-11-07,2025-11-07,1,1,nao,nao
GUSTAVO DE OLIVEIRA GOMES,GUSTAVO DE OLIVEIRA GOMES,1,1,0,0,2025-11-12,2025-11-12,0,1,nao,nao
GUSTAVO DE SOUZA DEMETRIO,GUSTAVO DE SOUZA DEMETRIO,1,0,1,0,2024-11-14,2024-11-14,1,1,nao,nao
GUSTAVO DOUGLAS NASCIMENTO DA SILVA,GUSTAVO DOUGLAS NASCIMENTO DA SILVA,1,1,0,0,2024-12-10,2024-12-10,0,0,nao,nao
GUSTAVO DUQUE E SILVA,GUSTAVO DUQUE E SILVA,1,1,0,0,2024-10-18,2024-10-18,0,0,nao,nao
GUSTAVO FERREIRA PINTO,GUSTAVO FERREIRA PINTO,1,1,0,0,2024-10-24,2024-10-24,0,0,nao,nao
GUSTAVO GARRIDO,GUSTAVO GARRIDO,1,1,0,0,2026-03-13,2026-03-13,1,0,nao,nao
GUSTAVO HENRIQUE DIAS MELO,GUSTAVO HENRIQUE DIAS MELO,2,1,1,0,2024-11-13,2026-04-20,1,2,sim,nao
GUSTAVO JANGOLA CUNHA,GUSTAVO JANGOLA CUNHA,1,1,0,0,2026-03-24,2026-03-24,0,0,nao,nao
GUSTAVO KULNIG PINTO FERREIRA,GUSTAVO KULNIG PINTO FERREIRA,1,1,0,0,2024-10-01,2024-10-01,0,1,nao,nao
GUSTAVO LUIZ ESTEVES DOS REIS,GUSTAVO LUIZ ESTEVES DOS REIS,1,0,1,0,2026-02-02,2026-02-02,1,0,nao,nao
GUSTAVO MAIA ROSA,GUSTAVO MAIA ROSA,1,1,0,0,2024-12-20,2024-12-20,0,1,nao,nao
GUSTAVO MARTINS DOS SANTOS,GUSTAVO MARTINS DOS SANTOS,1,0,1,0,2026-01-15,2026-01-15,1,1,nao,nao
GUSTAVO MELLO DE AZEVEDO,GUSTAVO MELLO DE AZEVEDO,2,1,1,0,2026-01-30,2026-04-17,2,0,sim,nao
GUSTAVO MENNA BARRETO DA SILVEIRA,GUSTAVO MENNA BARRETO DA SILVEIRA,1,0,1,0,2026-04-17,2026-04-17,1,1,nao,nao
GUSTAVO MESQUITA PINTO,GUSTAVO MESQUITA PINTO,1,0,1,0,2026-04-16,2026-04-16,1,0,nao,nao
GUSTAVO MONTENEGRO MOCO VILLELA,GUSTAVO MONTENEGRO MOCO VILLELA,1,0,1,0,2025-12-26,2025-12-26,1,1,nao,nao
GUSTAVO MOREIRA DE MELLO,GUSTAVO MOREIRA DE MELLO,1,0,1,0,2026-01-13,2026-01-13,1,1,nao,nao
GUSTAVO PESTANA DA SILVA,GUSTAVO PESTANA DA SILVA,1,1,0,0,2024-11-07,2024-11-07,0,0,nao,nao
GUSTAVO REIS FERREIRA,GUSTAVO REIS FERREIRA,5,3,2,3,2024-10-31,2026-03-20,2,0,sim,sim
GUSTAVO RIBEIRO DA SILVA,GUSTAVO RIBEIRO DA SILVA,1,0,1,0,2024-12-23,2024-12-23,1,1,nao,nao
GUSTAVO TEODORO DE AQUINO,GUSTAVO TEODORO DE AQUINO,1,0,1,0,2025-11-17,2025-11-17,1,0,nao,nao
GUSTAVO VOLPATO PASSARINI DE RESENDE,GUSTAVO VOLPATO PASSARINI DE RESENDE,1,0,1,0,2025-11-05,2025-11-05,1,1,nao,nao
GUS￾TAVO KULNIG PINTO FERREIRA,GUS￾TAVO KULNIG PINTO FERREIRA,1,0,1,0,2024-10-01,2024-10-01,1,1,nao,nao
GUTEMBERG GUEDES LUCINDA,GUTEMBERG GUEDES LUCINDA,1,1,0,0,2024-11-01,2024-11-01,0,0,nao,nao
GUTENBERG JESUS GAMA DA SILVA JUNIOR,GUTENBERG JESUS GAMA DA SILVA JUNIOR,1,1,0,0,2026-03-20,2026-03-20,0,0,nao,nao
HAIKA PRISCILLA ROCHA DE SANTANA,HAIKA PRISCILLA ROCHA DE SANTANA,1,1,0,0,2026-03-25,2026-03-25,0,1,nao,nao
HAISSA CURY SIMOES,HAISSA CURY SIMÕES,1,1,0,0,2024-12-02,2024-12-02,1,1,nao,nao
HANNA FERREIRA KWITKO,HANNA FERREIRA KWITKO,1,0,1,0,2026-03-09,2026-03-09,1,1,nao,nao
HANNA NAHON CASARINI,HANNA NAHON CASARINI,1,0,1,0,2026-04-28,2026-04-28,1,1,nao,nao
HANS JONATHAN FARIAS DA SILVA,HANS JONATHAN FARIAS DA SILVA,1,1,0,0,2026-03-13,2026-03-13,0,0,nao,nao
HAN￾NA STEPHANIE MAIA DOS SANTOS,HAN￾NA STEPHANIE MAIA DOS SANTOS,1,0,1,0,2024-10-09,2024-10-09,1,0,nao,nao
HARLEY ROBERTO DOS SANTOS,HARLEY ROBERTO DOS SANTOS,1,1,0,0,2026-03-19,2026-03-19,1,1,nao,nao
HARLEY SANTOS CRUZ,HARLEY SANTOS CRUZ,1,0,1,0,2026-04-27,2026-04-27,1,0,nao,nao
HAVNER RODRIGUES DE SOUZA,HAVNER RODRIGUES DE SOUZA,2,2,0,0,2026-03-20,2026-04-15,2,1,nao,nao
HAYSSA DUARTE FERREIRA,HAYSSA DUARTE FERREIRA,1,1,0,0,2025-11-12,2025-11-12,1,0,nao,nao
HEBEN MARLON AMARAL SILVA,HEBEN MARLON AMARAL SILVA,1,1,0,0,2025-11-10,2025-11-10,1,1,nao,nao
HEITOR CARVALHAR BALDOW,HEITOR CARVALHAR BALDOW,1,0,1,0,2024-10-25,2024-10-25,1,0,nao,nao
HELCIO DA SILVA MATHEUS,HELCIO DA SILVA MATHEUS,1,1,0,0,2024-10-15,2024-10-15,1,0,nao,nao
HELEM CRISTINA LOPES DOS SANTOS MOREIRA,HELEM CRISTINA LOPES DOS SANTOS MOREIRA,1,1,0,0,2025-12-23,2025-12-23,0,0,nao,nao
HELEN CRISTINA NEVES SANTOS MORENO DA SILVA,HELEN CRISTINA NEVES SANTOS MORENO DA SILVA,1,1,0,0,2024-11-04,2024-11-04,0,1,nao,nao
HELEN DIAS TAVARES DE LIMA,HELEN DIAS TAVARES DE LIMA,1,1,0,0,2024-11-06,2024-11-06,1,0,nao,nao
HELEN GONCALVES CAMARA,HELEN GONCALVES CAMARA,1,1,0,0,2026-02-12,2026-02-12,1,1,nao,nao
HELEN SARDENBERG,HELEN SARDENBERG,1,0,1,0,2026-03-18,2026-03-18,1,1,nao,nao
HELENA BRUNET DE OLIVEIRA,HELENA BRUNET DE OLIVEIRA,1,1,0,0,2024-12-04,2024-12-04,0,1,nao,nao
HELENA MARQUINI ZUNTINI PINTO,HELENA MARQUINI ZUNTINI PINTO,1,1,0,0,2026-01-09,2026-01-09,1,0,nao,nao
HELIO CARDOSO DE CARVALHO,HELIO CARDOSO DE CARVALHO,1,0,1,0,2025-11-06,2025-11-06,1,1,nao,nao
HELIO DA SILVA MAURICIO,HELIO DA SILVA MAURICIO,1,0,1,0,2026-04-17,2026-04-17,1,0,nao,nao
HELIO DE OLIVEIRA,HELIO DE OLIVEIRA,1,1,0,0,2026-02-11,2026-02-11,1,0,nao,nao
HELIO MARCIO VICTOR DA SILVA,HELIO MARCIO VICTOR DA SILVA,1,1,0,0,2026-03-24,2026-03-24,1,0,nao,nao
HELIO RICARDO LEITE PORTO,HÉLIO RICARDO LEITE PORTO,1,0,1,0,2026-03-25,2026-03-25,1,1,nao,nao
HELIO RUBENS MACHADO SANTOS,HELIO RUBENS MACHADO SANTOS,1,0,1,0,2026-01-06,2026-01-06,1,1,nao,nao
HELLEN DA SILVA PESSANHA,HELLEN DA SILVA PESSANHA,1,1,0,0,2026-02-27,2026-02-27,1,0,nao,nao
HELLEN DE OLIVEIRA DOS SANTOS,HELLEN DE OLIVEIRA DOS SANTOS,2,1,1,0,2026-01-13,2026-04-09,1,0,sim,nao
HELLEN FIUZA DE SANTANA DA SILVA,HELLEN FIUZA DE SANTANA DA SILVA,1,0,1,0,2025-11-14,2025-11-14,1,0,nao,nao
HELLOIZA DA SILVA MEDEIROS,HELLOIZA DA SILVA MEDEIROS,1,0,1,0,2026-04-17,2026-04-17,1,0,nao,nao
HELOISA CUNHA FURTADO,HELOISA CUNHA FURTADO,1,1,0,0,2024-10-11,2024-10-11,1,1,nao,nao
HELOISA MAGALHAES GOULART DE ANDRADE,HELOISA MAGALHAES GOULART DE ANDRADE,1,0,1,0,2026-03-02,2026-03-02,1,1,nao,nao
HELOISA MARTINS BORGHI,HELOISA MARTINS BORGHI,1,0,1,0,2026-03-19,2026-03-19,1,0,nao,nao
HELOISE HELENA CONCEICAO DA SILVA SOUZA,HELOISE HELENA CONCEICAO DA SILVA SOUZA,1,0,1,0,2026-04-16,2026-04-16,1,1,nao,nao
HELOISE RABELLO DE SOUZA,HELOISE RABELLO DE SOUZA,2,2,0,0,2024-11-07,2026-03-20,1,0,nao,nao
HENRIQUE CAVALCANTI LEONIDAS GOMES,HENRIQUE CAVALCANTI LEONIDAS GOMES,1,1,0,0,2026-03-24,2026-03-24,0,0,nao,nao
HENRIQUE REGIS DE FARIAS,HENRIQUE REGIS DE FARIAS,1,0,1,0,2026-04-16,2026-04-16,1,0,nao,nao
HENRIQUE SUATHE ESTEVES,HENRIQUE SUATHE ESTEVES,1,1,0,0,2026-01-09,2026-01-09,1,1,nao,nao
HENRIQUE WILLCOX DOS SANTOS,HENRIQUE WILLCOX DOS SANTOS,2,1,1,1,2025-11-07,2025-11-07,1,1,sim,sim
HEPSON DAVID FERNANDES MARQUES,HEPSON DAVID FERNANDES MARQUES,2,1,1,0,2026-02-02,2026-04-16,2,0,sim,nao
HERALDO CORREA DE SOUZA FILHO,HERALDO CORREA DE SOUZA FILHO,1,0,1,0,2026-03-20,2026-03-20,1,1,nao,nao
HERBERT GONCALVES CRISTIANO,HERBERT GONÇALVES CRISTIANO,1,1,0,0,2024-10-07,2024-10-07,0,0,nao,nao
HERBERT RICARDO SILVA,HERBERT RICARDO SILVA,1,1,0,0,2026-03-27,2026-03-27,0,1,nao,nao
HERIC GUSTAVO DA SILVA ROSA,HERIC GUSTAVO DA SILVA ROSA,1,1,0,0,2024-10-23,2024-10-23,1,1,nao,nao
HERICA BARBOSA DE OLIVEIRA,HERICA BARBOSA DE OLIVEIRA,1,0,1,0,2026-01-07,2026-01-07,1,1,nao,nao
HERICK JOHNSON DA SILVA CONCEICAO,HERICK JOHNSON DA SILVA CONCEICAO,1,1,0,0,2026-02-05,2026-02-05,0,1,nao,nao
HERLANIA DA SILVA GERMANO,HERLANIA DA SILVA GERMANO,1,0,1,0,2026-03-20,2026-03-20,1,1,nao,nao
HERMINIO ANTONIO DA MOTA FILHO,HERMINIO ANTONIO DA MOTA FILHO,1,0,1,0,2026-03-02,2026-03-02,1,0,nao,nao
HERMITON BATISTA MOURA,HERMITON BATISTA MOURA,1,1,0,0,2026-01-29,2026-01-29,1,1,nao,nao
HE￾LEN CRISTINA NEVES SANTOS MORENO DA SILVA,HE￾LEN CRISTINA NEVES SANTOS MORENO DA SILVA,1,0,1,0,2024-11-04,2024-11-04,1,1,nao,nao
HICARO RODRIGUES ROCHA,HICARO RODRIGUES ROCHA,1,1,0,0,2026-02-05,2026-02-05,1,0,nao,nao
HIGINO REIS LIRA,HIGINO REIS LIRA,1,1,0,0,2025-11-14,2025-11-14,1,0,nao,nao
HIGOR DA COSTA DIAS,HIGOR DA COSTA DIAS,1,1,0,0,2024-11-12,2024-11-12,1,0,nao,nao
HIGOR PARANHOS CUNHA,HIGOR PARANHOS CUNHA,1,0,1,0,2026-04-17,2026-04-17,1,0,nao,nao
HILDEBRANDO CALDEIRA DO BOMFIM,HILDEBRANDO CALDEIRA DO BOMFIM,2,0,2,0,2026-03-10,2026-03-10,1,1,nao,nao
HILMA MARTINS MANHAES,HILMA MARTINS MANHÃES,2,2,0,0,2026-03-06,2026-03-06,1,1,nao,nao
HIMALAIA TUPPY CARLOS GALVAO,HIMALAIA TUPPY CARLOS GALVAO,1,0,1,0,2026-04-17,2026-04-17,1,0,nao,nao
HODEKIRICHARDSON DA SILVA CUNHA,HODEKIRICHARDSON DA SILVA CUNHA,2,1,1,0,2024-10-15,2025-12-10,1,1,sim,nao
HOMAR FERNANDES DE MATTOS CORDEIRO,HOMAR FERNANDES DE MATTOS CORDEIRO,1,0,1,0,2026-04-17,2026-04-17,1,0,nao,nao
HORACIO CAMILO BANCHERO FILHO,HORACIO CAMILO BANCHERO FILHO,3,2,1,1,2024-10-30,2026-03-23,1,2,sim,sim
HORACIO DE BARROS CABRAL,HORACIO DE BARROS CABRAL,1,0,1,0,2026-04-28,2026-04-28,1,0,nao,nao
HORTENCIA JANIELY ALVES DA SILVA,HORTENCIA JANIELY ALVES DA SILVA,1,1,0,0,2026-01-13,2026-01-13,1,0,nao,nao
HUDSON ARIEL SILVA ARAUJO,HUDSON ARIEL SILVA ARAUJO,1,0,1,0,2026-04-17,2026-04-17,1,0,nao,nao
HUDSON PINTO MARANDUBA ANDRADE,HUDSON PINTO MARANDUBA ANDRADE,3,1,2,1,2024-11-25,2025-12-04,2,1,sim,sim
HUGO ANDRE LANDIM ALVES PINA,HUGO ANDRE LANDIM ALVES PINA,1,1,0,0,2026-02-02,2026-02-02,0,0,nao,nao
HUGO BERTHA BASTOS,HUGO BERTHA BASTOS,2,1,1,1,2024-12-02,2024-12-02,2,2,sim,sim
HUGO DE ABREU GOMES,HUGO DE ABREU GOMES,1,1,0,0,2026-02-27,2026-02-27,1,1,nao,nao
HUGO DE PAULO NAZARETH,HUGO DE PAULO NAZARETH,1,1,0,0,2026-01-28,2026-01-28,1,0,nao,nao
HUGO FERREIRA DA SILVA,HUGO FERREIRA DA SILVA,2,1,1,0,2025-11-28,2026-04-22,1,1,sim,nao
HUGO HOLT CASTRO,HUGO HOLT CASTRO,1,1,0,0,2026-02-12,2026-02-12,0,0,nao,nao
HUGO JOSE TAVARES,HUGO JOSE TAVARES,1,1,0,0,2026-02-24,2026-02-24,1,1,nao,nao
HUILLIAM OLIVEIRA LINHARES,HUILLIAM OLIVEIRA LINHARES,1,0,1,0,2026-01-12,2026-01-12,1,1,nao,nao
HUMBERTO TROCOLLI JUNIOR,HUMBERTO TROCOLLI JÚNIOR,2,1,1,0,2024-10-21,2026-03-10,2,0,sim,nao
IACANAN PEREIRA,IACANAN PEREIRA,2,1,1,0,2025-12-03,2026-04-01,2,1,sim,nao
IAGO SOARES DE SOUSA,IAGO SOARES DE SOUSA,1,0,1,0,2026-04-17,2026-04-17,1,0,nao,nao
IAHGO BITTENCOURT,IAHGO BITTENCOURT,1,1,0,0,2025-11-07,2025-11-07,1,0,nao,nao
IAN DIAS VELOSO DE ALMEIDA,IAN DIAS VELOSO DE ALMEIDA,1,0,1,0,2024-10-02,2024-10-02,1,0,nao,nao
IARA JUNQUEIRA MARIANO NOVAES,IARA JUNQUEIRA MARIANO NOVAES,1,1,0,0,2024-12-23,2024-12-23,0,1,nao,nao
IASKARA NILDES SILVEIRA PROFETA,IASKARA NILDES SILVEIRA PROFETA,3,3,0,0,2026-02-10,2026-04-28,3,0,nao,nao
IASMIM ALVES BEZERRA,IASMIM ALVES BEZERRA,1,0,1,0,2026-01-22,2026-01-22,1,1,nao,nao
IGHOR VINICIUS SILVA JARDIM,IGHOR VINICIUS SILVA JARDIM,1,1,0,0,2026-02-05,2026-02-05,1,1,nao,nao
IGOR ALEX SANDRO RODRIGUES COSTA,IGOR ALEX SANDRO RODRIGUES COSTA,1,1,0,0,2026-03-13,2026-03-13,0,1,nao,nao
IGOR ALVES FERREIRA BRUNO,IGOR ALVES FERREIRA BRUNO,1,1,0,0,2025-12-11,2025-12-11,0,1,nao,nao
IGOR ANDRE FRANCA DA COSTA,IGOR ANDRÉ FRANÇA DA COSTA,2,1,1,0,2026-01-22,2026-04-17,2,0,sim,nao
IGOR DE OLIVEIRA RODRIGUES,IGOR DE OLIVEIRA RODRIGUES,1,1,0,0,2025-11-05,2025-11-05,0,0,nao,nao
IGOR DOMINGOS MARQUES DA SILVA,IGOR DOMINGOS MARQUES DA SILVA,1,0,1,0,2026-04-28,2026-04-28,1,1,nao,nao
IGOR FELIPE VAZ PEREIRA,IGOR FELIPE VAZ PEREIRA,1,1,0,0,2026-03-24,2026-03-24,1,1,nao,nao
IGOR FERNANDO MATIAS,IGOR FERNANDO MATIAS,2,1,1,1,2026-03-20,2026-03-24,2,2,sim,sim
IGOR JULIO FERNANDES DE SOUZA,IGOR JULIO FERNANDES DE SOUZA,1,0,1,0,2026-04-17,2026-04-17,1,0,nao,nao
IGOR LEMOS MATASSOLI,IGOR LEMOS MATASSOLI,1,1,0,0,2026-02-12,2026-02-12,0,1,nao,nao
IGOR LUIZ GONCALVES MAGALHAES,IGOR LUIZ GONÇALVES MAGALHÃES,1,1,0,0,2024-11-12,2024-11-12,1,1,nao,nao
IGOR MARTINS DO NASCIMENTO,IGOR MARTINS DO NASCIMENTO,1,1,0,0,2026-02-11,2026-02-11,1,0,nao,nao
IGOR MENDES DA SILVA,IGOR MENDES DA SILVA,1,1,0,0,2026-01-27,2026-01-27,1,0,nao,nao
IGOR MIGLIONICO DE PAIVA,IGOR MIGLIONICO DE PAIVA,1,0,1,0,2026-04-13,2026-04-13,1,1,nao,nao
IGOR RODRIGUES BARBOSA DE SOUZA,IGOR RODRIGUES BARBOSA DE SOUZA,1,1,0,0,2026-01-29,2026-01-29,1,0,nao,nao
IGOR SACRAMENTO MORIELLO,IGOR SACRAMENTO MORIELLO,1,0,1,0,2024-12-18,2024-12-18,1,1,nao,nao
IGOR SANTOS BULHOES,IGOR SANTOS BULHOES,1,0,1,0,2026-04-16,2026-04-16,1,0,nao,nao
INDIANA MACEDO DE CARVALHO GOMES,INDIANA MACEDO DE CARVALHO GOMES,1,1,0,0,2024-10-18,2024-10-18,1,1,nao,nao
INGRID COSTA BENTO,INGRID COSTA BENTO,1,1,0,0,2025-11-05,2025-11-05,1,1,nao,nao
INGRID FERREIRA RIBEIRO,INGRID FERREIRA RIBEIRO,2,1,1,0,2026-01-27,2026-04-28,2,1,sim,nao
INGRID SILVA DE MELO DE OLIVEIRA,INGRID SILVA DE MELO DE OLIVEIRA,1,0,1,0,2026-04-14,2026-04-14,1,0,nao,nao
INGRID SILVA DE OLIVEIRA,INGRID SILVA DE OLIVEIRA,1,1,0,0,2026-03-23,2026-03-23,1,0,nao,nao
INGRIDE BERNARDES DA SILVA GONCALVES,INGRIDE BERNARDES DA SILVA GONÇALVES,1,1,0,0,2026-01-14,2026-01-14,1,0,nao,nao
INSPETOR DE POLICIA,INSPETOR DE POLÍCIA,1,0,1,0,2025-11-07,2025-11-07,1,0,nao,nao
INSPETOR DE PO￾LICIA PENAL,INSPETOR DE PO￾LÍCIA PENAL,1,0,1,0,2024-11-13,2024-11-13,1,1,nao,nao
IRACI FERNANDA FONTES GONCALVES CORDEIRO,IRACI FERNANDA FONTES GONÇALVES CORDEIRO,2,1,1,1,2024-12-11,2024-12-11,1,2,sim,sim
IRAN MARQUES CORREA,IRAN MARQUES CORREA,1,1,0,0,2026-04-27,2026-04-27,0,1,nao,nao
IRANILDO CAMPOS,IRANILDO CAMPOS,1,0,1,0,2026-04-09,2026-04-09,1,0,nao,nao
IRANILDO FERNANDES DO MONTE,IRANILDO FERNANDES DO MONTE,1,1,0,0,2024-11-29,2024-11-29,1,0,nao,nao
IRENE FERNANDES FONSECA,IRENE FERNANDES FONSECA,1,1,0,0,2026-04-17,2026-04-17,1,1,nao,nao
IRENE SANTOS PEDRO,IRENE SANTOS PEDRO,1,1,0,0,2025-12-08,2025-12-08,0,0,nao,nao
IRINALDO SILVA COSTA,IRINALDO SILVA COSTA,1,1,0,0,2025-11-07,2025-11-07,0,1,nao,nao
IRIS DE SOUZA MARQUES,IRIS DE SOUZA MARQUES,4,2,2,2,2024-10-11,2026-03-24,3,3,sim,sim
IRIS SOARES DA SILVA,IRIS SOARES DA SILVA,1,1,0,0,2026-01-29,2026-01-29,1,0,nao,nao
IRLANDIA CASSIA SILVA DOS SANTOS,IRLANDIA CASSIA SILVA DOS SANTOS,1,0,1,0,2025-11-06,2025-11-06,1,1,nao,nao
ISAAC IZOLANI DE OLIVEIRA,ISAAC IZOLANI DE OLIVEIRA,1,1,0,0,2026-03-20,2026-03-20,1,0,nao,nao
ISAAC TREIGER,ISAAC TREIGER,2,1,1,1,2026-03-13,2026-03-18,1,1,sim,sim
ISABEL ACCIOLY RAMOS GODINHO,ISABEL ACCIOLY RAMOS GODINHO,1,0,1,0,2025-12-16,2025-12-16,1,0,nao,nao
ISABEL CRISTINA DE ALMEIDA BARBOSA,ISABEL CRISTINA DE ALMEIDA BARBOSA,1,0,1,0,2026-02-26,2026-02-26,1,1,nao,nao
ISABELA BAYLAO PENNA,ISABELA BAYLAO PENNA,2,1,1,0,2024-12-05,2026-03-13,2,0,sim,nao
ISABELA BRAGA STRAUSZ,ISABELA BRAGA STRAUSZ,1,1,0,0,2024-12-02,2024-12-02,1,1,nao,nao
ISABELA CRISTINA CASTRO DA SILVA,ISABELA CRISTINA CASTRO DA SILVA,1,0,1,0,2026-04-29,2026-04-29,1,1,nao,nao
ISABELA DE OLIVEIRA NASCIMENTO,ISABELA DE OLIVEIRA NASCIMENTO,1,1,0,0,2026-01-06,2026-01-06,0,0,nao,nao
ISABELA DE SOUZA DORNELLES,ISABELA DE SOUZA DORNELLES,2,1,1,1,2025-11-24,2025-11-24,1,2,sim,sim
ISABELA LAUREANO RODRIGUES DE SOUZA,ISABELA LAUREANO RODRIGUES DE SOUZA,1,1,0,0,2026-04-07,2026-04-07,0,1,nao,nao
ISABELA LOUVAIN FABRI MORAES,ISABELA LOUVAIN FABRI MORAES,1,0,1,0,2026-04-07,2026-04-07,1,1,nao,nao
ISABELA PINTO DE FIGUEIREDO,ISABELA PINTO DE FIGUEIREDO,1,0,1,0,2026-04-29,2026-04-29,1,1,nao,nao
ISABELA SILVA ALVES,ISABELA SILVA ALVES,2,1,1,1,2026-03-20,2026-03-20,2,0,sim,sim
ISABELE LOPES MOREIRA CABRAL,ISABELE LOPES MOREIRA CABRAL,1,1,0,0,2026-01-15,2026-01-15,0,1,nao,nao
ISABELLA COSTA FREITAS,ISABELLA COSTA FREITAS,1,0,1,0,2025-12-03,2025-12-03,1,0,nao,nao
ISABELLA ROQUE SESTI,ISABELLA ROQUE SESTI,1,0,1,0,2024-12-18,2024-12-18,1,1,nao,nao
ISABELLE CARDOZO DE MELO,ISABELLE CARDOZO DE MELO,2,1,1,1,2024-12-02,2024-12-02,2,2,sim,sim
ISABELLE CAROLINE CARVALHO FARIAS,ISABELLE CAROLINE CARVALHO FARIAS,3,2,1,1,2024-10-08,2024-12-10,2,2,sim,sim
ISABELLE CORREIA DE ARAUJO,ISABELLE CORREIA DE ARAUJO,1,1,0,0,2024-11-08,2024-11-08,1,1,nao,nao
ISABELLE DA CONCEICAO MARINS ALVES,ISABELLE DA CONCEICAO MARINS ALVES,1,1,0,0,2026-02-06,2026-02-06,0,1,nao,nao
ISABELLE SILVA FIGUEIREDO RANGEL,ISABELLE SILVA FIGUEIREDO RANGEL,1,1,0,0,2025-12-11,2025-12-11,1,0,nao,nao
ISADORA ALVES DE MATTOS TERRA,ISADORA ALVES DE MATTOS TERRA,1,1,0,0,2026-01-29,2026-01-29,0,0,nao,nao
ISADORA CARDOSO FALLES GOMES PINTO,ISADORA CARDOSO FALLES GOMES PINTO,1,1,0,0,2024-12-23,2024-12-23,0,1,nao,nao
ISADORA XIMENES IGLESIAS,ISADORA XIMENES IGLESIAS,1,1,0,0,2024-10-17,2024-10-17,1,1,nao,nao
ISAIAS GUSTAVO SILVA PINHEIRO,ISAÍAS GUSTAVO SILVA PINHEIRO,1,1,0,0,2024-11-01,2024-11-01,1,0,nao,nao
ISAIAS JOCA MENEZES,ISAIAS JOCA MENEZES,2,1,1,0,2025-12-12,2026-04-16,2,0,sim,nao
ISAIAS MARTINS JUNIOR,ISAIAS MARTINS JUNIOR,1,0,1,0,2026-01-28,2026-01-28,1,1,nao,nao
ISAQUY FERNANDES SILVA MOREIRA,ISAQUY FERNANDES SILVA MOREIRA,1,1,0,0,2026-03-27,2026-03-27,0,1,nao,nao
ISIS CAROLINE CUNHA DE LIMA,ISIS CAROLINE CUNHA DE LIMA,1,1,0,0,2024-11-14,2024-11-14,1,0,nao,nao
ISIS ISABEL GOMES TORRES,ISIS ISABEL GOMES TORRES,1,1,0,0,2026-03-04,2026-03-04,1,1,nao,nao
ISIS SOARES DE MORAIS,ISIS SOARES DE MORAIS,1,0,1,0,2024-10-10,2024-10-10,1,1,nao,nao
ISMAEL CAVALCANTI FIEL,ISMAEL CAVALCANTI FIEL,1,1,0,0,2026-02-09,2026-02-09,0,1,nao,nao
ISRAEL DAS CHAGAS,ISRAEL DAS CHAGAS,1,1,0,0,2026-03-11,2026-03-11,1,1,nao,nao
ISRAEL DE ANDRADE LIMA,ISRAEL DE ANDRADE LIMA,2,2,0,0,2024-11-21,2026-03-13,2,2,nao,nao
ISRAEL GONCALVES DA SILVA,ISRAEL GONCALVES DA SILVA,1,0,1,0,2026-04-17,2026-04-17,1,0,nao,nao
ITALO DE PAULA GODINHO,ITALO DE PAULA GODINHO,1,0,1,0,2024-11-04,2024-11-04,0,1,nao,nao
ITALO NARCISO VOLOTAO,ITALO NARCISO VOLOTÃO,1,1,0,0,2024-11-13,2024-11-13,1,1,nao,nao
IULLI MARIA SILVA DO NASCIMENTO,IULLI MARIA SILVA DO NASCIMENTO,2,1,1,0,2025-12-01,2026-03-02,2,2,sim,nao
IURY DOS SANTOS COSTA,IURY DOS SANTOS COSTA,1,1,0,0,2026-01-21,2026-01-21,0,0,nao,nao
IVAN DA SILVA,IVAN DA SILVA,1,0,1,0,2026-04-17,2026-04-17,1,0,nao,nao
IVANA DE SOUZA DUNCAN AZEVEDO,IVANA DE SOUZA DUNCAN AZEVEDO,1,1,0,0,2026-03-09,2026-03-09,0,1,nao,nao
IVANA LOPES RODRIGUES,IVANA LOPES RODRIGUES,1,1,0,0,2025-12-15,2025-12-15,1,1,nao,nao
IVANETE PEIXOTO,IVANETE PEIXOTO,1,1,0,0,2025-11-28,2025-11-28,1,1,nao,nao
IVANILDO DA SILVA FERREIRA,IVANILDO DA SILVA FERREIRA,1,1,0,0,2026-02-12,2026-02-12,1,0,nao,nao
IVANILDO NERI DE SOUZA,IVANILDO NERI DE SOUZA,2,1,1,1,2024-10-01,2024-10-01,2,1,sim,sim
IVANILSON MANOEL SERINO JUNIOR,IVANILSON MANOEL SERINO JUNIOR,1,1,0,0,2026-03-06,2026-03-06,1,0,nao,nao
IVONE FRANCISCO DE CARVALHO,IVONE FRANCISCO DE CARVALHO,1,0,1,0,2024-11-01,2024-11-01,1,0,nao,nao
IVONETE FIGUEIREDO RANGEL,IVONETE FIGUEIREDO RANGEL,1,0,1,0,2024-11-07,2024-11-07,1,0,nao,nao
IZA CLEA CARDOZO SANTOS,IZA CLEA CARDOZO SANTOS,4,2,2,2,2026-04-10,2026-04-28,2,1,sim,sim
IZABEL CRISTINA ANTUNES DA TRINDADE,IZABEL CRISTINA ANTUNES DA TRINDADE,2,1,1,1,2024-12-19,2024-12-19,1,1,sim,sim
IZABELA DE SOUZA SILVA,IZABELA DE SOUZA SILVA,1,1,0,0,2024-11-07,2024-11-07,1,0,nao,nao
IZABELLA DE MELLO CAPUTO,IZABELLA DE MELLO CAPUTO,2,1,1,1,2024-12-10,2024-12-10,2,2,sim,sim
IZABELLA REGINA SANTOS ROQUE DA SILVA,IZABELLA REGINA SANTOS ROQUE DA SILVA,2,2,0,0,2026-02-23,2026-02-23,1,1,nao,nao
IZABELLE CHAVES DA COSTA,IZABELLE CHAVES DA COSTA,1,1,0,0,2026-03-24,2026-03-24,1,1,nao,nao
IZAN MASCARENHAS SILVA JUNIOR,IZAN MASCARENHAS SILVA JUNIOR,1,0,1,0,2026-03-17,2026-03-17,1,1,nao,nao
JACILANE ALVES MACHADO RIBEIRO,JACILANE ALVES MACHADO RIBEIRO,1,1,0,0,2024-12-10,2024-12-10,0,1,nao,nao
JACIREMA DA SILVA MACHADO,JACIREMA DA SILVA MACHADO,1,0,1,0,2026-04-20,2026-04-20,1,1,nao,nao
JACKSON BORGES COSTA DE FARIAS,JACKSON BORGES COSTA DE FARIAS,1,0,1,0,2026-03-17,2026-03-17,1,1,nao,nao
JACQUELINE ARIELA DE OLIVEIRA BRANDAO,JACQUELINE ARIELA DE OLIVEIRA BRANDÃO,2,2,0,0,2026-02-23,2026-02-23,1,0,nao,nao
JACQUELINE DE SOUZA LISBOA,JACQUELINE DE SOUZA LISBOA,1,0,1,0,2026-04-17,2026-04-17,1,0,nao,nao
JACQUELINE FERREIRA CAMPANATE,JACQUELINE FERREIRA CAMPANATE,1,0,1,0,2026-04-13,2026-04-13,1,0,nao,nao
JACQUELINE MISSEL DO COUTO CARNEIRO,JACQUELINE MISSEL DO COUTO CARNEIRO,1,1,0,0,2026-02-27,2026-02-27,1,0,nao,nao
JACQUELINE PATROCINIO DA FONSECA,JACQUELINE PATROCINIO DA FONSECA,1,0,1,0,2026-04-27,2026-04-27,1,1,nao,nao
JACQUELINE VIEIRA SIMOES DE SOUZA,JACQUELINE VIEIRA SIMÕES DE SOUZA,1,1,0,0,2025-11-10,2025-11-10,0,0,nao,nao
JACQUES GALDINO,JACQUES GALDINO,1,1,0,0,2026-02-20,2026-02-20,0,1,nao,nao
JACSON BARTHOLOMEU FIALHO,JACSON BARTHOLOMEU FIALHO,2,1,1,0,2025-12-16,2026-04-08,2,1,sim,nao
JADERSON ROSAS CALDAS,JADERSON ROSAS CALDAS,1,1,0,0,2026-02-06,2026-02-06,0,1,nao,nao
JADIR PINHEIRO BARCELLOS,JADIR PINHEIRO BARCELLOS,1,0,1,0,2026-04-17,2026-04-17,1,0,nao,nao
JAILSON VARELO DE ARAUJO,JAILSON VARELO DE ARAUJO,2,0,2,0,2026-03-06,2026-03-06,1,1,nao,nao
JAIME OTAVIO PEREIRA,JAIME OTAVIO PEREIRA,1,1,0,0,2024-10-17,2024-10-17,0,0,nao,nao
JAIME ROBERTO CESARIO,JAIME ROBERTO CESARIO,1,1,0,0,2025-12-11,2025-12-11,0,0,nao,nao
JAIR DA SILVA LACERDA,JAIR DA SILVA LACERDA,1,1,0,0,2025-11-24,2025-11-24,1,1,nao,nao
JAIR DA SILVA MENEZES,JAIR DA SILVA MENEZES,2,1,1,0,2025-12-12,2026-03-13,2,0,sim,nao
JAIR DE SIQUEIRA BITTENCOURT JUNIOR,JAIR DE SIQUEIRA BITTENCOURT JÚNIOR,5,2,3,2,2025-11-06,2026-03-31,2,0,sim,sim
JAIR FERREIRA DA SILVA,JAIR FERREIRA DA SILVA,1,1,0,0,2026-02-11,2026-02-11,1,0,nao,nao
JAIR GONALVES DE OLIVEIRA,JAIR GONALVES DE OLIVEIRA,2,2,0,0,2026-03-09,2026-03-09,0,1,nao,nao
JAIR SOUZA GUIMARAES NETO,JAIR SOUZA GUIMARAES NETO,1,1,0,0,2026-03-17,2026-03-17,1,1,nao,nao
JAIRO FERREIRA ANDREZO JUNIOR,JAIRO FERREIRA ANDREZO JUNIOR,1,1,0,0,2024-12-23,2024-12-23,0,1,nao,nao
JAIRO PIMENTEL BRANDAO,JAIRO PIMENTEL BRANDÃO,2,1,1,1,2025-11-14,2025-11-14,0,2,sim,sim
JAISON CARLOS ROSA LOURENCO,JAISON CARLOS ROSA LOURENCO,1,0,1,0,2026-03-09,2026-03-09,1,1,nao,nao
JALCIMIR RODRIGUES TORRES,JALCIMIR RODRIGUES TORRES,1,1,0,0,2025-12-02,2025-12-02,0,0,nao,nao
JAMERSON LUIZ CELESTINO,JAMERSON LUIZ CELESTINO,2,1,1,0,2026-02-12,2026-04-28,2,0,sim,nao
JAMILLE DE JESUS BORGES,JAMILLE DE JESUS BORGES,1,0,1,0,2024-10-01,2024-10-01,1,1,nao,nao
JAMILLE MARINHO BORBA,JAMILLE MARINHO BORBA,1,1,0,0,2025-11-05,2025-11-05,0,0,nao,nao
JAMILLE NASCIMENTO SELVA DE OLIVEIRA,JAMILLE NASCIMENTO SELVA DE OLIVEIRA,1,1,0,0,2024-12-23,2024-12-23,1,1,nao,nao
JAMILY MARAZZO DE MELLO,JAMILY MARAZZO DE MELLO,1,0,1,0,2025-11-17,2025-11-17,1,0,nao,nao
JANAINA CLAVERY BARBOSA DE OLIVEIRA,JANAINA CLAVERY BARBOSA DE OLIVEIRA,4,1,3,1,2026-01-12,2026-04-17,2,1,sim,sim
JANAINA FERRAZ DA SILVA RIBEIRO,JANAÍNA FERRAZ DA SILVA RIBEIRO,1,1,0,0,2026-03-23,2026-03-23,1,0,nao,nao
JANAINA FLAVIA VIANA ESTEVES,JANAINA FLAVIA VIANA ESTEVES,2,1,1,1,2026-03-10,2026-03-13,1,1,sim,sim
JANDER DOS SANTOS PINTO MAGALHAES,JANDER DOS SANTOS PINTO MAGALHAES,1,0,1,0,2026-04-17,2026-04-17,1,0,nao,nao
JANDERSON FERREIRA BRANCO,JANDERSON FERREIRA BRANCO,1,1,0,0,2025-11-17,2025-11-17,1,0,nao,nao
JANE BARBOSA BRAGA DOS SANTOS,JANE BARBOSA BRAGA DOS SANTOS,1,0,1,0,2026-04-16,2026-04-16,1,0,nao,nao
JANE DA SILVA LOPES,JANE DA SILVA LOPES,2,1,1,0,2026-01-28,2026-04-28,2,0,sim,nao
JANE MILAN CANDIDO,JANE MILAN CANDIDO,2,1,1,1,2026-03-17,2026-03-19,1,1,sim,sim
JANETE APARECIDA MENDONCA DA SILVA,JANETE APARECIDA MENDONCA DA SILVA,2,2,0,0,2026-03-06,2026-03-06,0,1,nao,nao
JANETE LOPES RODRIGUES,JANETE LOPES RODRIGUES,1,1,0,0,2026-03-06,2026-03-06,1,1,nao,nao
JANILA TEIXEIRA RIOS,JANILA TEIXEIRA RIOS,2,0,2,0,2026-03-11,2026-03-11,1,1,nao,nao
JANILSON FERREIRA COSTA,JANILSON FERREIRA COSTA,1,0,1,0,2026-04-17,2026-04-17,1,1,nao,nao
JANINE DA SILVA MELO,JANINE DA SILVA MELO,1,0,1,0,2026-02-09,2026-02-09,1,1,nao,nao
JANNAINA VAZ COSTA,JANNAINA VAZ COSTA,2,1,1,0,2024-12-05,2026-03-11,2,0,sim,nao
JAQUELINE ALVES DA SILVA DO NASCIMENTO,JAQUELINE ALVES DA SILVA DO NASCIMENTO,1,1,0,0,2024-10-11,2024-10-11,1,0,nao,nao
JAQUELINE FERNANDES DA SILVA,JAQUELINE FERNANDES DA SILVA,1,0,1,0,2026-04-28,2026-04-28,1,0,nao,nao
JAQUELINE FONSECA SOUSA,JAQUELINE FONSECA SOUSA,1,1,0,0,2025-11-27,2025-11-27,1,1,nao,nao
JAQUELINE HOMEN DE SOUZA,JAQUELINE HOMEN DE SOUZA,1,0,1,0,2026-03-18,2026-03-18,1,0,nao,nao
JAQUELINE LIEBELT EBERHARD,JAQUELINE LIEBELT EBERHARD,1,0,1,0,2026-04-17,2026-04-17,1,1,nao,nao
JAQUELINE OLIVEIRA DA SILVA,JAQUELINE OLIVEIRA DA SILVA,2,2,0,0,2026-03-11,2026-03-11,1,2,nao,nao
JAQUELINE OLIVEIRA MESQUITA,JAQUELINE OLIVEIRA MESQUITA,1,1,0,0,2026-01-23,2026-01-23,0,0,nao,nao
JAQUELINE RIBEIRO DA COSTA,JAQUELINE RIBEIRO DA COSTA,2,1,1,1,2024-10-18,2024-11-08,1,1,sim,sim
JAQUELINE THOMAZ DA SILVA,JAQUELINE THOMAZ DA SILVA,1,0,1,0,2025-12-08,2025-12-08,1,1,nao,nao
JARBAS LEONEL PORFIRIO DE MOURA,JARBAS LEONEL PORFIRIO DE MOURA,1,1,0,0,2026-03-25,2026-03-25,0,1,nao,nao
JAYME PEREIRA MELLO,JAYME PEREIRA MELLO,1,1,0,0,2025-11-24,2025-11-24,1,0,nao,nao
JAYME VICENTE DA SILVA FILHO,JAYME VICENTE DA SILVA FILHO,1,1,0,0,2024-12-05,2024-12-05,1,1,nao,nao
JAYSOM FONSECA DA SILVA,JAYSOM FONSECA DA SILVA,1,1,0,0,2025-11-24,2025-11-24,1,1,nao,nao
JA￾CIRA RODRIGUES MANSO,JA￾CIRA RODRIGUES MANSO,1,0,1,0,2024-10-11,2024-10-11,1,0,nao,nao
JA￾MES MARCELO DE OLIVEIRA BERTOLDO,JA￾MES MARCELO DE OLIVEIRA BERTOLDO,1,0,1,0,2024-11-01,2024-11-01,1,0,nao,nao
JA￾NAINA ARAUJO DA SILVA,JA￾NAINA ARAÚJO DA SILVA,1,0,1,0,2024-10-04,2024-10-04,1,0,nao,nao
JA￾NAINA DA SILVA CAPELLA,JA￾NAINA DA SILVA CAPELLA,1,0,1,0,2024-12-02,2024-12-02,1,1,nao,nao
JA￾QUELINE DE ALMEIDA MELO,JA￾QUELINE DE ALMEIDA MELO,1,0,1,0,2024-11-04,2024-11-04,1,0,nao,nao
JEAN BARBOSA JAMBEIRO,JEAN BARBOSA JAMBEIRO,1,0,1,0,2026-01-07,2026-01-07,1,1,nao,nao
JEAN CARLOS DE AMORIM,JEAN CARLOS DE AMORIM,1,1,0,0,2026-03-11,2026-03-11,1,0,nao,nao
JEAN CARLOS NUNES DE AZEREDO,JEAN CARLOS NUNES DE AZEREDO,1,1,0,0,2024-11-14,2024-11-14,0,0,nao,nao
JEAN CARLOS SANTOS BARBOSA,JEAN CARLOS SANTOS BARBOSA,1,0,1,0,2024-10-23,2024-10-23,1,1,nao,nao
JEAN GOMES DE OLIVEIRA,JEAN GOMES DE OLIVEIRA,2,1,1,1,2025-11-05,2025-12-23,2,1,sim,sim
JEAN OLIVEIRA FRAGA,JEAN OLIVEIRA FRAGA,1,0,1,0,2025-12-10,2025-12-10,1,1,nao,nao
JEAN PATRICK DE MATTOS COSTA,JEAN PATRICK DE MATTOS COSTA,1,1,0,0,2025-12-23,2025-12-23,0,0,nao,nao
JEAN SILVESTRE DE AQUINO,JEAN SILVESTRE DE AQUINO,1,1,0,0,2024-11-12,2024-11-12,1,0,nao,nao
JEAN VICTOR BARRETO COSTA,JEAN VICTOR BARRETO COSTA,1,0,1,0,2026-03-24,2026-03-24,1,0,nao,nao
JEANE CRISTINE MARTINS DE ATHAYDE,JEANE CRISTINE MARTINS DE ATHAYDE,1,1,0,0,2024-10-15,2024-10-15,1,0,nao,nao
JEANE MARINS DOS SANTOS,JEANE MARINS DOS SANTOS,1,0,1,0,2026-04-28,2026-04-28,1,0,nao,nao
JEANINE DOMENECH DE VASCONCELLOS,JEANINE DOMENECH DE VASCONCELLOS,2,1,1,1,2026-03-24,2026-03-24,2,2,sim,sim
JEA￾NE LIRA SANTOS,JEA￾NE LIRA SANTOS,1,0,1,0,2024-10-01,2024-10-01,1,1,nao,nao
JEDAHIAS DOS SANTOS CEZARIO,JEDAHIAS DOS SANTOS CEZARIO,1,1,0,0,2026-02-11,2026-02-11,1,0,nao,nao
JEFERSON DOS SANTOS MESQUITA,JEFERSON DOS SANTOS MESQUITA,1,1,0,0,2026-02-27,2026-02-27,1,0,nao,nao
JEFERSON DOS SANTOS SOUZA,JEFERSON DOS SANTOS SOUZA,1,1,0,0,2024-12-09,2024-12-09,1,1,nao,nao
JEFERSON FERREIRA DA SILVA,JEFERSON FERREIRA DA SILVA,3,1,2,0,2025-12-08,2026-03-09,1,3,sim,nao
JEFERSON FRANCELINO BASTOS,JEFERSON FRANCELINO BASTOS,1,0,1,0,2026-04-14,2026-04-14,1,0,nao,nao
JEFERSON MACIEL VIERA,JEFERSON MACIEL VIERA,1,1,0,0,2026-02-26,2026-02-26,1,0,nao,nao
JEFERSON SANTOS SPEZANI DA FONSECA,JEFERSON SANTOS SPEZANI DA FONSECA,3,2,1,0,2026-03-11,2026-04-28,2,0,sim,nao
JEFERSON SIMOES SANTANA,JEFERSON SIMÕES SANTANA,1,1,0,0,2024-12-23,2024-12-23,1,1,nao,nao
JEFFERSON ALVES DA SILVA,JEFFERSON ALVES DA SILVA,1,0,1,0,2026-04-20,2026-04-20,1,1,nao,nao
JEFFERSON BARROS DE OLIVEIRA,JEFFERSON BARROS DE OLIVEIRA,2,1,1,0,2026-01-12,2026-04-13,1,0,sim,nao
JEFFERSON CALDAS DELFINO,JEFFERSON CALDAS DELFINO,1,0,1,0,2025-12-16,2025-12-16,1,0,nao,nao
JEFFERSON DA COSTA RODRIGUES,JEFFERSON DA COSTA RODRIGUES,1,0,1,0,2025-12-01,2025-12-01,1,0,nao,nao
JEFFERSON DA SILVA BARRETO,JEFFERSON DA SILVA BARRETO,2,2,0,0,2026-03-06,2026-03-06,0,1,nao,nao
JEFFERSON DA SILVA FELIX,JEFFERSON DA SILVA FELIX,1,1,0,0,2026-03-26,2026-03-26,0,1,nao,nao
JEFFERSON DAS NEVES SANTOS,JEFFERSON DAS NEVES SANTOS,1,0,1,0,2024-12-11,2024-12-11,1,0,nao,nao
JEFFERSON FRANCA DE FREITAS,JEFFERSON FRANCA DE FREITAS,1,1,0,0,2026-02-05,2026-02-05,0,0,nao,nao
JEFFERSON LUIZ QUINTANA FERREIRA,JEFFERSON LUIZ QUINTANA FERREIRA,1,0,1,0,2026-04-22,2026-04-22,1,0,nao,nao
JEFFERSON MACIEL VIEIRA,JEFFERSON MACIEL VIEIRA,1,0,1,0,2026-04-17,2026-04-17,1,0,nao,nao
JEFFERSON MESSIAS FRANCO FERREIRA,JEFFERSON MESSIAS FRANCO FERREIRA,1,1,0,0,2026-03-17,2026-03-17,1,0,nao,nao
JEFFERSON PEREIRA RODRIGUES,JEFFERSON PEREIRA RODRIGUES,1,1,0,0,2025-12-05,2025-12-05,1,1,nao,nao
JEFFERSON SANTOS DE OLIVEIRA,JEFFERSON SANTOS DE OLIVEIRA,1,0,1,0,2026-02-09,2026-02-09,1,0,nao,nao
JEILZA GOMES DA COSTA,JEILZA GOMES DA COSTA,1,1,0,0,2024-11-04,2024-11-04,1,1,nao,nao
JEISIANE COSTA DA SILVA,JEISIANE COSTA DA SILVA,1,1,0,0,2025-12-01,2025-12-01,0,0,nao,nao
JENIFER LUANY DA CRUZ MARTINS,JENIFER LUANY DA CRUZ MARTINS,1,1,0,0,2026-01-27,2026-01-27,0,0,nao,nao
JENNIFER COSTA DA SILVA,JENNIFER COSTA DA SILVA,2,1,1,0,2026-03-04,2026-04-28,2,0,sim,nao
JENNIFER DA SILVA DE ASSIS,JENNIFER DA SILVA DE ASSIS,1,1,0,0,2024-10-15,2024-10-15,1,0,nao,nao
JENNIFER LUIZE MOCO,JENNIFER LUIZE MOÇO,2,1,1,0,2026-02-20,2026-04-28,2,0,sim,nao
JENNIFER SILVA DE PAULO,JENNIFER SILVA DE PAULO,1,1,0,0,2026-01-21,2026-01-21,0,0,nao,nao
JENNIFER STEPHANIE PESSANHA DE SOUZA,JENNIFER STEPHANIE PESSANHA DE SOUZA,1,0,1,0,2026-02-04,2026-02-04,1,0,nao,nao
JEREMIAS FERREIRA DE MELO,JEREMIAS FERREIRA DE MELO,1,1,0,0,2026-03-06,2026-03-06,1,0,nao,nao
JERONIMO JOSE GOUVEA,JERONIMO JOSE GOUVEA,3,1,2,0,2026-02-11,2026-03-10,2,0,sim,nao
JERSON LIMA DA SILVA,JERSON LIMA DA SILVA,1,0,1,0,2024-11-07,2024-11-07,1,1,nao,nao
JESSE GOMES DIAS,JESSE GOMES DIAS,1,0,1,0,2026-04-17,2026-04-17,1,0,nao,nao
JESSE SADOC DO NASCIMENTO,JESSE SADOC DO NASCIMENTO,1,0,1,0,2024-11-12,2024-11-12,1,1,nao,nao
JESSICA ALVES GUIMARAES,JESSICA ALVES GUIMARAES,1,1,0,0,2025-12-26,2025-12-26,1,1,nao,nao
JESSICA APARECIDA RODRIGUES DE OLIVEIRA,JESSICA APARECIDA RODRIGUES DE OLIVEIRA,1,1,0,0,2026-02-04,2026-02-04,0,0,nao,nao
JESSICA BATISTA SILVEIRA,JESSICA BATISTA SILVEIRA,1,1,0,0,2024-10-10,2024-10-10,0,0,nao,nao
JESSICA CAMILE DA SILVA,JESSICA CAMILE DA SILVA,1,0,1,0,2025-12-12,2025-12-12,1,1,nao,nao
JESSICA CAMPOS CARDOSO ALVES,JESSICA CAMPOS CARDOSO ALVES,1,1,0,0,2026-03-17,2026-03-17,1,0,nao,nao
JESSICA CAROLINE OLIVEIRA LEITE GONCALVES,JESSICA CAROLINE OLIVEIRA LEITE GONCALVES,1,1,0,0,2026-03-13,2026-03-13,0,0,nao,nao
JESSICA CASEMIRO,JESSICA CASEMIRO,2,1,1,1,2024-12-04,2024-12-04,1,1,sim,sim
JESSICA DA SILVA,JESSICA DA SILVA,1,1,0,0,2026-02-27,2026-02-27,0,0,nao,nao
JESSICA DA SILVA MELO,JÉSSICA DA SILVA MELO,2,1,1,0,2024-12-17,2025-12-03,2,2,sim,nao
JESSICA DE ALMEIDA TOBIAS GAMA,JESSICA DE ALMEIDA TOBIAS GAMA,1,1,0,0,2025-11-14,2025-11-14,0,0,nao,nao
JESSICA FLEGLER,JESSICA FLEGLER,1,0,1,0,2026-01-21,2026-01-21,1,1,nao,nao
JESSICA LORENNA DUVOIZEM GOMES,JESSICA LORENNA DUVOIZEM GOMES,3,3,0,0,2024-11-06,2026-03-24,1,0,nao,nao
JESSICA MACEDO DE MENEZES RODRIGUES,JESSICA MACEDO DE MENEZES RODRIGUES,1,1,0,0,2026-02-11,2026-02-11,1,0,nao,nao
JESSICA NARCIZA CALVETE,JESSICA NARCIZA CALVETE,2,1,1,0,2024-10-15,2026-03-10,2,1,sim,nao
JESSICA NOGUEIRA FAGUNDES,JESSICA NOGUEIRA FAGUNDES,1,1,0,0,2024-12-23,2024-12-23,0,1,nao,nao
JESSICA NOTAROBERTO DA SILVA,JÉSSICA NOTAROBERTO DA SILVA,1,1,0,0,2025-11-19,2025-11-19,1,0,nao,nao
JESSICA OLIVEIRA DE SOUZA,JESSICA OLIVEIRA DE SOUZA,1,1,0,0,2024-10-02,2024-10-02,0,0,nao,nao
JESSICA PEREIRA DE SOUZA SCHINZEL,JESSICA PEREIRA DE SOUZA SCHINZEL,2,2,0,0,2026-03-10,2026-03-10,1,0,nao,nao
JESSICA SANTANA DE ASSIS ALVES,JESSICA SANTANA DE ASSIS ALVES,2,2,0,0,2026-02-25,2026-02-25,2,2,nao,nao
JESSICA SANTOS LOPES,JESSICA SANTOS LOPES,1,0,1,0,2026-03-24,2026-03-24,1,1,nao,nao
JESSICA SOUZA CAVALCANTI,JESSICA SOUZA CAVALCANTI,1,1,0,0,2026-01-09,2026-01-09,1,0,nao,nao
JESSICA TELES JOVENTINO DAMASCENO,JESSICA TELES JOVENTINO DAMASCENO,1,0,1,0,2026-04-16,2026-04-16,1,0,nao,nao
JESSYCA RIBEIRO BRAGA,JESSYCA RIBEIRO BRAGA,1,1,0,0,2025-11-12,2025-11-12,1,0,nao,nao
JES￾SICA OLIVEIRA DE SOUZA,JES￾SICA OLIVEIRA DE SOUZA,1,0,1,0,2024-10-02,2024-10-02,1,0,nao,nao
JETER GONCALVES QUARESMA,JETER GONCALVES QUARESMA,1,0,1,0,2025-12-16,2025-12-16,1,1,nao,nao
JHADE MARINHO DE CARVALHO,JHADE MARINHO DE CARVALHO,1,0,1,0,2025-11-17,2025-11-17,1,1,nao,nao
JHENIFFER MONIQUE FERREIRA DOS SANTOS,JHENIFFER MONIQUE FERREIRA DOS SANTOS,2,1,1,0,2026-03-11,2026-04-06,2,0,sim,nao
JHONATAN FERREIRA IZIDORO,JHONATAN FERREIRA IZIDORO,1,1,0,0,2025-11-28,2025-11-28,1,0,nao,nao
JHONATAN PORTO FERREIRA,JHONATAN PORTO FERREIRA,1,0,1,0,2026-04-08,2026-04-08,1,0,nao,nao
JHONATAN WILLIAN DE OLIVEIRA,JHONATAN WILLIAN DE OLIVEIRA,1,1,0,0,2026-03-17,2026-03-17,0,1,nao,nao
JOAB DA ROCHA OLIVEIRA,JOAB DA ROCHA OLIVEIRA,1,0,1,0,2024-10-11,2024-10-11,1,1,nao,nao
JOANA D ARC AVELINO DE SOUSA,JOANA D ARC AVELINO DE SOUSA,1,1,0,0,2026-01-02,2026-01-02,0,1,nao,nao
JOANA DARC VIEIRA DOS SANTOS SILVA,JOANA DARC VIEIRA DOS SANTOS SILVA,2,2,0,0,2026-03-10,2026-03-10,2,0,nao,nao
JOANA MAYER COUTADA,JOANA MAYER COUTADA,1,0,1,0,2025-11-26,2025-11-26,1,1,nao,nao
JOANA NUNES JOCA,JOANA NUNES JOCA,1,1,0,0,2024-12-23,2024-12-23,0,1,nao,nao
JOANA TANIA PEREIRA DOS ANJOS RAPHAEL,JOANA TANIA PEREIRA DOS ANJOS RAPHAEL,1,0,1,0,2026-03-02,2026-03-02,1,1,nao,nao
JOAO ALBERTO THADEU CRUZ GALVANI,JOÃO ALBERTO THADEU CRUZ GALVANI,1,1,0,0,2025-11-17,2025-11-17,0,0,nao,nao
JOAO ANTONIUS VON SEEHAUSEN,JOÃO ANTONIUS VON SEEHAUSEN,1,1,0,0,2024-11-04,2024-11-04,1,0,nao,nao
JOAO AZEVEDO E SOUZA,JOAO AZEVEDO E SOUZA,2,1,1,1,2026-03-23,2026-03-23,2,1,sim,sim
JOAO BAPTISTA SOARES PEIXOTO,JOÃO BAPTISTA SOARES PEIXOTO,2,1,1,0,2026-02-20,2026-04-17,2,0,sim,nao
JOAO BATISTA DE JESUS,JOAO BATISTA DE JESUS,1,0,1,0,2026-04-09,2026-04-09,1,1,nao,nao
JOAO BOSCO AMARANTE DE OLIVEIRA JUNIOR,JOÃO BOSCO AMARANTE DE OLIVEIRA JUNIOR,1,1,0,0,2025-12-03,2025-12-03,1,1,nao,nao
JOAO BRAGA NASCIMENTO SILVA,JOÃO BRAGA NASCIMENTO SILVA,2,1,1,0,2025-12-01,2026-01-22,1,0,sim,nao
JOAO CARLOS DA SILVA,JOAO CARLOS DA SILVA,1,0,1,0,2026-01-28,2026-01-28,1,1,nao,nao
JOAO CARLOS DA SILVA PAULA,JOAO CARLOS DA SILVA PAULA,1,0,1,0,2026-04-28,2026-04-28,1,0,nao,nao
JOAO CARLOS JULIAO,JOAO CARLOS JULIAO,1,0,1,0,2026-02-03,2026-02-03,1,0,nao,nao
JOAO CARLOS PEREIRA,JOAO CARLOS PEREIRA,2,1,1,1,2026-01-19,2026-01-19,1,1,sim,sim
JOAO CLAUDIO MARCHELLI FILHO,JOÃO CLAUDIO MARCHELLI FILHO,2,1,1,1,2024-10-11,2024-10-11,2,2,sim,sim
JOAO DANIEL BOVE GOMES DE SOUZA,JOAO DANIEL BOVE GOMES DE SOUZA,1,0,1,0,2026-04-09,2026-04-09,1,1,nao,nao
JOAO DANIEL SILVA,JOÃO DANIEL SILVA,3,2,1,0,2026-02-11,2026-04-17,3,0,sim,nao
JOAO DANTAS FILHO,JOÃO DANTAS FILHO,1,1,0,0,2024-12-02,2024-12-02,0,0,nao,nao
JOAO DINIZ DE ALMEIDA PORTO,JOAO DINIZ DE ALMEIDA PORTO,1,0,1,0,2025-12-05,2025-12-05,1,1,nao,nao
JOAO ELIAS ANTONIO FILHO,JOAO ELIAS ANTONIO FILHO,1,0,1,0,2026-01-28,2026-01-28,1,1,nao,nao
JOAO EVANGELISTA BRITO DA SILVA,JOAO EVANGELISTA BRITO DA SILVA,1,0,1,0,2026-04-28,2026-04-28,1,0,nao,nao
JOAO FIGUEIROA FREITAS DOS REIS,JOÃO FIGUEIROA FREITAS DOS REIS,1,1,0,0,2025-11-07,2025-11-07,0,0,nao,nao
JOAO FLAVIO BRAZ MACHADO,JOAO FLAVIO BRAZ MACHADO,1,0,1,0,2026-03-27,2026-03-27,1,1,nao,nao
JOAO FREITAS DA COSTA,JOAO FREITAS DA COSTA,1,0,1,0,2026-04-08,2026-04-08,1,0,nao,nao
JOAO GABRIEL DA SILVA SOARES,JOAO GABRIEL DA SILVA SOARES,1,1,0,0,2026-01-23,2026-01-23,1,0,nao,nao
JOAO GABRIEL DE MACEDO PIMENTEL,JOÃO GABRIEL DE MACEDO PIMENTEL,1,0,1,0,2024-11-01,2024-11-01,1,0,nao,nao
JOAO GABRIEL ESTEPHANIO DE MOURA DE SOUZA,JOAO GABRIEL ESTEPHANIO DE MOURA DE SOUZA,1,1,0,0,2026-02-25,2026-02-25,1,0,nao,nao
JOAO GABRIEL RIBEIRO MARQUES DE MORAES PIN￾TO,JOÃO GABRIEL RIBEIRO MARQUES DE MORAES PIN￾TO,1,1,0,0,2024-11-05,2024-11-05,1,1,nao,nao
JOAO GUILHERME MEIRELES SANT'ANNA,JOÃO GUILHERME MEIRELES SANT'ANNA,1,1,0,0,2024-11-07,2024-11-07,1,0,nao,nao
JOAO HENRIQUE DE ARAUJO MARINHO,JOAO HENRIQUE DE ARAUJO MARINHO,1,1,0,0,2026-03-20,2026-03-20,1,1,nao,nao
JOAO JOSE DE CARVALHO FILHO,JOAO JOSE DE CARVALHO FILHO,2,1,1,1,2026-03-20,2026-03-23,2,2,sim,sim
JOAO LUCAS CARVALHO ROCHA,JOÃO LUCAS CARVALHO ROCHA,1,1,0,0,2024-12-06,2024-12-06,1,1,nao,nao
JOAO LUCAS GOMES DA SILVA,JOAO LUCAS GOMES DA SILVA,2,0,2,0,2026-02-23,2026-02-23,1,1,nao,nao
JOAO LUIS DE AZEDIAS CAMERINO,JOAO LUIS DE AZEDIAS CAMERINO,1,0,1,0,2026-02-04,2026-02-04,1,1,nao,nao
JOAO LUIS MAURICIO SOUZA,JOÃO LUIS MAURICIO SOUZA,1,1,0,0,2025-11-25,2025-11-25,0,0,nao,nao
JOAO MARCELLO MATHIAS DE LIMA ABREU,JOAO MARCELLO MATHIAS DE LIMA ABREU,1,1,0,0,2026-01-19,2026-01-19,0,0,nao,nao
JOAO MARCELO ANDRADE COELHO DE ALMEIDA,JOAO MARCELO ANDRADE COELHO DE ALMEIDA,1,0,1,0,2026-03-27,2026-03-27,1,1,nao,nao
JOAO MARCELO ARRAES,JOAO MARCELO ARRAES,1,1,0,0,2026-01-02,2026-01-02,1,0,nao,nao
JOAO MATTA MACHADO MOURA,JOÃO MATTA MACHADO MOURA,1,0,1,0,2025-11-10,2025-11-10,1,1,nao,nao
JOAO MIGUEL MONETTO DA SILVA FERREIRA,JOÃO MIGUEL MONETTO DA SILVA FERREIRA,2,1,1,0,2026-01-28,2026-04-17,2,0,sim,nao
JOAO MOISES REZENDE DE FIGUEIREDO,JOÃO MOISÉS REZENDE DE FIGUEIREDO,1,1,0,0,2024-11-13,2024-11-13,0,1,nao,nao
JOAO PAULO FERREIRA DA SILVA LEOCADIO,JOÃO PAULO FERREIRA DA SILVA LEOCADIO,2,1,1,0,2024-11-01,2024-12-11,1,0,sim,nao
JOAO PAULO FONSECA CARDOSO,JOÃO PAULO FONSECA CARDOSO,1,0,1,0,2026-04-08,2026-04-08,1,0,nao,nao
JOAO PAULO MARTINS DO NASCIMENTO,JOAO PAULO MARTINS DO NASCIMENTO,3,2,1,0,2026-03-11,2026-03-23,2,0,sim,nao
JOAO PAULO SILVA DE LIMA,JOAO PAULO SILVA DE LIMA,1,0,1,0,2026-04-17,2026-04-17,1,1,nao,nao
JOAO PEDRO COELHO RAMOS,JOÃO PEDRO COELHO RAMOS,1,0,1,0,2024-12-02,2024-12-02,1,0,nao,nao
JOAO PEDRO DA SILVA TRICARICO,JOÃO PEDRO DA SILVA TRICARICO,1,1,0,0,2024-11-01,2024-11-01,0,1,nao,nao
JOAO PEDRO DOS SANTOS COUTINHO,JOÃO PEDRO DOS SANTOS COUTINHO,1,1,0,0,2026-03-17,2026-03-17,1,0,nao,nao
JOAO PEDRO FERNANDES DA SILVA,JOAO PEDRO FERNANDES DA SILVA,1,0,1,0,2026-03-26,2026-03-26,1,0,nao,nao
JOAO PEDRO MOTTA LEAL,JOÃO PEDRO MOTTA LEAL,5,2,3,2,2024-11-13,2026-03-13,2,4,sim,sim
JOAO PEDRO OLIVEIRA RODRIGUES,JOÃO PEDRO OLIVEIRA RODRIGUES,2,1,1,0,2026-01-27,2026-04-17,2,0,sim,nao
JOAO PEDRO RODRIGUES DE OLIVEIRA,JOAO PEDRO RODRIGUES DE OLIVEIRA,1,1,0,0,2026-01-30,2026-01-30,1,0,nao,nao
JOAO PEDRO RODRIGUES DOS SANTOS,JOÃO PEDRO RODRIGUES DOS SANTOS,1,1,0,0,2025-11-10,2025-11-10,1,1,nao,nao
JOAO PEDRO SILVA BRAGA,JOÃO PEDRO SILVA BRAGA,1,1,0,0,2024-11-12,2024-11-12,1,1,nao,nao
JOAO PEDRO VERNEK ALMEIDA DIMA,JOAO PEDRO VERNEK ALMEIDA DIMA,1,1,0,0,2026-03-24,2026-03-24,1,1,nao,nao
JOAO RICARDO AFFONSO LEITE,JOAO RICARDO AFFONSO LEITE,1,0,1,0,2026-04-17,2026-04-17,1,0,nao,nao
JOAO SEBASTIAO JUSTO,JOAO SEBASTIAO JUSTO,2,0,2,0,2026-03-11,2026-03-11,2,2,nao,nao
JOAO VICENTE DE MATTOS,JOAO VICENTE DE MATTOS,1,0,1,0,2026-04-17,2026-04-17,1,0,nao,nao
JOAO VICTOR DIAS ALVES,JOÃO VICTOR DIAS ALVES,1,1,0,0,2024-10-16,2024-10-16,0,0,nao,nao
JOAO VICTOR DO NASCIMENTO ARAUJO,JOÃO VICTOR DO NASCIMENTO ARAÚJO,4,3,1,2,2025-11-05,2026-02-23,1,2,sim,sim
JOAO VICTOR PASCALE SILVA,JOÃO VICTOR PASCALE SILVA,1,1,0,0,2025-11-07,2025-11-07,1,1,nao,nao
JOAO VITOR AZEVEDO DA SILVA,JOÃO VÍTOR AZEVEDO DA SILVA,1,1,0,0,2024-11-07,2024-11-07,0,1,nao,nao
JOAO VITOR DA SILVA CERQUEIRA,JOAO VITOR DA SILVA CERQUEIRA,1,1,0,0,2026-02-12,2026-02-12,0,0,nao,nao
JOAO VITOR DA SILVA MARCELINO,JOAO VITOR DA SILVA MARCELINO,1,1,0,0,2026-01-15,2026-01-15,1,0,nao,nao
JOAO VITOR DA SILVA MISSEL,JOÃO VITOR DA SILVA MÍSSEL,1,1,0,0,2026-03-17,2026-03-17,0,0,nao,nao
JOAO VITOR MENDES PEREIRA,JOÃO VÍTOR MENDES PEREIRA,1,1,0,0,2024-10-29,2024-10-29,0,0,nao,nao
JOAO VITOR NAVES RODRIGUES,JOAO VITOR NAVES RODRIGUES,1,0,1,0,2025-12-03,2025-12-03,1,1,nao,nao
JOAQUIM CECILIO PEREIRA,JOAQUIM CECÍLIO PEREIRA,1,1,0,0,2025-11-05,2025-11-05,0,1,nao,nao
JOAQUIM FERNANDO BARBOSA DA SILVA,JOAQUIM FERNANDO BARBOSA DA SILVA,2,2,0,0,2025-11-05,2025-11-19,1,1,nao,nao
JOAQUIM MIGUEL DOS SANTOS MEIRELES GIORDINA,JOAQUIM MIGUEL DOS SANTOS MEIRELES GIORDINA,1,1,0,0,2025-11-17,2025-11-17,1,0,nao,nao
JOEL ALMEIDA PEREIRA,JOEL ALMEIDA PEREIRA,1,1,0,0,2026-02-03,2026-02-03,1,0,nao,nao
JOEL DA SILVA SOEIRO JUNIOR,JOEL DA SILVA SOEIRO JUNIOR,1,0,1,0,2026-04-16,2026-04-16,1,0,nao,nao
JOEL DA SILVA SOERO JUNIOR,JOEL DA SILVA SOERO JUNIOR,1,1,0,0,2024-12-05,2024-12-05,1,1,nao,nao
JOELMA MADUREIRA DUARTE REIS,JOELMA MADUREIRA DUARTE REIS,1,0,1,0,2026-04-17,2026-04-17,1,1,nao,nao
JOELMA ROSALIA DOS SANTOS,JOELMA ROSÁLIA DOS SANTOS,1,1,0,0,2025-11-28,2025-11-28,0,0,nao,nao
JOELSON DE OLIVEIRA,JOELSON DE OLIVEIRA,1,1,0,0,2025-11-06,2025-11-06,0,1,nao,nao
JOHANN SOUSA DA SILVA,JOHANN SOUSA DA SILVA,2,1,1,0,2025-11-06,2025-12-11,2,0,sim,nao
JOHN ANDERSON GONCALVES DOS SANTOS,JOHN ANDERSON GONCALVES DOS SANTOS,1,0,1,0,2026-04-28,2026-04-28,1,0,nao,nao
JOHN ANDERSON OLIVEIRA DA SILVA,JOHN ANDERSON OLIVEIRA DA SILVA,1,1,0,0,2026-03-06,2026-03-06,1,0,nao,nao
JOHN MARCOS SANTOS DE PAIVA,JOHN MARCOS SANTOS DE PAIVA,1,1,0,0,2026-02-05,2026-02-05,1,0,nao,nao
JOICE PINTO MOREIRA,JOICE PINTO MOREIRA,1,0,1,0,2026-04-16,2026-04-16,1,0,nao,nao
JOILCE ALVES DA PENHA,JOILCE ALVES DA PENHA,2,1,1,0,2026-01-14,2026-04-29,1,1,sim,nao
JOILZA RANGEL ABREU,JOILZA RANGEL ABREU,1,0,1,0,2026-03-02,2026-03-02,1,1,nao,nao
JOLUMA PAES SOARES DA GLORIA,JOLUMA PAES SOARES DA GLORIA,1,0,1,0,2026-04-16,2026-04-16,1,0,nao,nao
JONAS BATISTA FRAGA,JONAS BATISTA FRAGA,1,0,1,0,2025-11-07,2025-11-07,1,1,nao,nao
JONAS FERREIRA DA SILVA,JONAS FERREIRA DA SILVA,1,0,1,0,2026-04-17,2026-04-17,1,0,nao,nao
JONAS FERREIRA GUEDES FILHO,JONAS FERREIRA GUEDES FILHO,1,0,1,0,2026-03-17,2026-03-17,1,1,nao,nao
JONAS GOMES AZEVEDO,JONAS GOMES AZEVEDO,2,1,1,0,2026-03-20,2026-04-17,2,0,sim,nao
JONAS SILVA DOS SANTOS,JONAS SILVA DOS SANTOS,2,2,0,0,2026-02-10,2026-04-28,2,0,nao,nao
JONATA MARTINS DE ANDRADE,JONATA MARTINS DE ANDRADE,1,1,0,0,2026-01-05,2026-01-05,1,0,nao,nao
JONATHAN ARAUJO SILVA CHAVES,JONATHAN ARAUJO SILVA CHAVES,1,0,1,0,2026-04-17,2026-04-17,1,0,nao,nao
JONATHAN CHAIA RAMOS,JONATHAN CHAIA RAMOS,2,1,1,1,2024-10-24,2024-10-24,1,1,sim,sim
JONATHAN DA SILVA GASPAR,JONATHAN DA SILVA GASPAR,1,1,0,0,2024-10-18,2024-10-18,1,1,nao,nao
JONATHAN FLORIANO SANTIAGO,JONATHAN FLORIANO SANTIAGO,1,0,1,0,2026-03-19,2026-03-19,1,1,nao,nao
JONATHAN MOURA DOS SANTOS,JONATHAN MOURA DOS SANTOS,1,1,0,0,2024-12-17,2024-12-17,1,1,nao,nao
JONATHAN PEREIRA DOS SANTOS FORTES,JONATHAN PEREIRA DOS SANTOS FORTES,2,1,1,0,2026-01-12,2026-04-16,1,0,sim,nao
JONATHAN SILVA PINTO,JONATHAN SILVA PINTO,1,0,1,0,2025-12-10,2025-12-10,1,1,nao,nao
JONATHAN SOARES DOS SANTOS,JONATHAN SOARES DOS SANTOS,1,1,0,0,2026-03-10,2026-03-10,1,0,nao,nao
JONATHAN TEIXEIRA HENRIQUE DOS SANTOS,JONATHAN TEIXEIRA HENRIQUE DOS SANTOS,2,2,0,0,2026-02-20,2026-02-20,1,0,nao,nao
JONES MACHADO DE SOUZA JUNIOR,JONES MACHADO DE SOUZA JUNIOR,1,0,1,0,2026-03-19,2026-03-19,1,1,nao,nao
JONIS FERREIRA DA SILVA,JONIS FERREIRA DA SILVA,1,0,1,0,2024-10-18,2024-10-18,1,0,nao,nao
JONNATHAN DE LIMA MACHADO,JONNATHAN DE LIMA MACHADO,2,2,0,0,2026-03-06,2026-03-06,0,2,nao,nao
JORDENE GOMES DE CASTRO,JORDENE GOMES DE CASTRO,1,1,0,0,2026-01-08,2026-01-08,0,0,nao,nao
JORGE ADRIANO DOS SANTOS,JORGE ADRIANO DOS SANTOS,1,0,1,0,2025-11-18,2025-11-18,1,1,nao,nao
JORGE ALBERTO ONOFRE DA SILVA,JORGE ALBERTO ONOFRE DA SILVA,1,0,1,0,2026-03-11,2026-03-11,1,0,nao,nao
JORGE ALVES DE OLIVEIRA JUNIOR,JORGE ALVES DE OLIVEIRA JUNIOR,1,1,0,0,2026-01-13,2026-01-13,1,0,nao,nao
JORGE ANTONIO CARVALHO BARBOSA,JORGE ANTONIO CARVALHO BARBOSA,1,0,1,0,2026-02-09,2026-02-09,1,1,nao,nao
JORGE ANTONIO DE ALMEIDA,JORGE ANTONIO DE ALMEIDA,1,0,1,0,2026-01-09,2026-01-09,1,0,nao,nao
JORGE ANTONIO PAES LOPES,JORGE ANTONIO PAES LOPES,1,0,1,0,2026-04-07,2026-04-07,1,1,nao,nao
JORGE AUGUSTO SERRA ANTONIO,JORGE AUGUSTO SERRA ANTONIO,1,0,1,0,2026-04-20,2026-04-20,1,1,nao,nao
JORGE BRAGANCA QUINTANILHA JUNIOR,JORGE BRAGANCA QUINTANILHA JUNIOR,1,0,1,0,2026-04-10,2026-04-10,1,0,nao,nao
JORGE COLLARO,JORGE COLLARO,1,0,1,0,2024-12-04,2024-12-04,1,0,nao,nao
JORGE CORREIA NEVES,JORGE CORREIA NEVES,1,0,1,0,2026-04-17,2026-04-17,1,1,nao,nao
JORGE DA SILVA MORENO,JORGE DA SILVA MORENO,1,0,1,0,2026-01-27,2026-01-27,1,1,nao,nao
JORGE DA SILVA PIRES,JORGE DA SILVA PIRES,1,0,1,0,2026-02-09,2026-02-09,1,1,nao,nao
JORGE DAMIAO SILVA DE SOUZA,JORGE DAMIAO SILVA DE SOUZA,1,0,1,0,2026-01-23,2026-01-23,1,1,nao,nao
JORGE EDUARDO PERES DE FARIAS,JORGE EDUARDO PERES DE FARIAS,1,0,1,0,2026-03-24,2026-03-24,1,1,nao,nao
JORGE ENRIQUE DA SILVA MIRANDA,JORGE ENRIQUE DA SILVA MIRANDA,2,0,2,0,2026-02-23,2026-02-23,1,1,nao,nao
JORGE HAMILTON VITORINO COSTA,JORGE HAMILTON VITORINO COSTA,1,1,0,0,2026-03-10,2026-03-10,0,0,nao,nao
JORGE HENRIQUE MULLER DE ALMEIDA,JORGE HENRIQUE MULLER DE ALMEIDA,1,0,1,0,2026-04-20,2026-04-20,1,1,nao,nao
JORGE HENRIQUE SILVA DE SOUZA,JORGE HENRIQUE SILVA DE SOUZA,1,1,0,0,2026-03-13,2026-03-13,1,0,nao,nao
JORGE JANDERSON DOS SANTOS LIMA,JORGE JANDERSON DOS SANTOS LIMA,1,1,0,0,2025-12-10,2025-12-10,0,0,nao,nao
JORGE JOSE GONCALVES FERREIRA,JORGE JOSE GONCALVES FERREIRA,2,1,1,1,2026-03-20,2026-03-23,1,1,sim,sim
JORGE LUCAS MEDEIROS ANTUNES,JORGE LUCAS MEDEIROS ANTUNES,1,0,1,0,2026-01-26,2026-01-26,1,1,nao,nao
JORGE LUIS DANTAS BATISTA,JORGE LUIS DANTAS BATISTA,1,0,1,0,2026-04-27,2026-04-27,1,1,nao,nao
JORGE LUIZ ANDRADE DA ROCHA,JORGE LUIZ ANDRADE DA ROCHA,1,1,0,0,2026-03-24,2026-03-24,1,1,nao,nao
JORGE LUIZ BARBOSA,JORGE LUIZ BARBOSA,1,1,0,0,2025-11-26,2025-11-26,0,1,nao,nao
JORGE LUIZ BARCELOS DE ANDRADE,JORGE LUIZ BARCELOS DE ANDRADE,3,2,1,0,2025-11-17,2026-04-28,2,0,sim,nao
JORGE LUIZ BARROS FELIPE,JORGE LUIZ BARROS FELIPE,2,1,1,1,2026-02-03,2026-02-09,1,1,sim,sim
JORGE LUIZ CARVALHO ALMEIDA,JORGE LUIZ CARVALHO ALMEIDA,1,1,0,0,2026-01-07,2026-01-07,1,1,nao,nao
JORGE LUIZ DA SILVA,JORGE LUIZ DA SILVA,1,0,1,0,2026-03-06,2026-03-06,1,1,nao,nao
JORGE LUIZ DA SILVA FARIAS,JORGE LUIZ DA SILVA FARIAS,2,1,1,1,2026-03-13,2026-03-13,2,2,sim,sim
JORGE LUIZ DE SOUZA FARIAS,JORGE LUIZ DE SOUZA FARIAS,1,1,0,0,2024-11-29,2024-11-29,0,1,nao,nao
JORGE LUIZ DOS SANTOS JUNIOR,JORGE LUIZ DOS SANTOS JUNIOR,1,1,0,0,2026-02-25,2026-02-25,1,0,nao,nao
JORGE LUIZ MAGALHAES COSTA,JORGE LUIZ MAGALHÃES COSTA,1,0,1,0,2025-11-17,2025-11-17,1,0,nao,nao
JORGE LUIZ NEVES DE OLIVEIRA,JORGE LUIZ NEVES DE OLIVEIRA,1,0,1,0,2026-04-28,2026-04-28,1,1,nao,nao
JORGE LUIZ NUNES DE BRITTO,JORGE LUIZ NUNES DE BRITTO,3,2,1,1,2024-10-04,2024-12-09,1,2,sim,sim
JORGE LUIZ PEREIRA,JORGE LUIZ PEREIRA,1,1,0,0,2025-12-02,2025-12-02,0,0,nao,nao
JORGE MAGALHAES DE ARAUJO,JORGE MAGALHAES DE ARAUJO,1,0,1,0,2026-04-28,2026-04-28,1,0,nao,nao
JORGE MARCELO SILVA DE ALMEIDA,JORGE MARCELO SILVA DE ALMEIDA,1,1,0,0,2024-11-12,2024-11-12,0,0,nao,nao
JORGE MARIO SANTANNA,JORGE MARIO SANTANNA,1,1,0,0,2026-04-14,2026-04-14,0,1,nao,nao
JORGE MATHEUS MENDELSOHN DE SOUZA MARTINS,JORGE MATHEUS MENDELSOHN DE SOUZA MARTINS,1,1,0,0,2026-03-13,2026-03-13,1,0,nao,nao
JORGE OLIVEIRA DOS SANTOS JUNIOR,JORGE OLIVEIRA DOS SANTOS JUNIOR,1,0,1,0,2024-10-10,2024-10-10,1,1,nao,nao
JORGE SEBASTIAO LEAL MARATEO JUNIOR,JORGE SEBASTIÃO LEAL MARATEO JUNIOR,1,1,0,0,2026-04-27,2026-04-27,0,1,nao,nao
JORGE SILVA,JORGE SILVA,1,1,0,0,2024-10-07,2024-10-07,0,0,nao,nao
JORGE TADEU SOARES BATALHA,JORGE TADEU SOARES BATALHA,1,1,0,0,2026-01-05,2026-01-05,1,1,nao,nao
JORGE THIAGO OLIVEIRA DOS SANTOS,JORGE THIAGO OLIVEIRA DOS SANTOS,3,2,1,0,2026-02-25,2026-03-18,2,0,sim,nao
JORGE VIEIRA DE ANDRADE,JORGE VIEIRA DE ANDRADE,1,1,0,0,2026-01-15,2026-01-15,1,1,nao,nao
JORGE VIEIRA FILHO,JORGE VIEIRA FILHO,2,1,1,1,2024-12-16,2024-12-16,2,1,sim,sim
JORGINO DA COSTA,JORGINO DA COSTA,2,0,2,0,2024-11-04,2024-11-07,1,0,nao,nao
JORSEMAR PEREIRA GOMES JUNIOR,JORSEMAR PEREIRA GOMES JUNIOR,3,2,1,0,2026-03-06,2026-04-14,1,0,sim,nao
JOR￾GE LUIS BRAGA DA SILVA,JOR￾GE LUIS BRAGA DA SILVA,1,0,1,0,2024-10-11,2024-10-11,1,1,nao,nao
JOR￾GE LUIZ NUNES DE BRITTO,JOR￾GE LUIZ NUNES DE BRITTO,1,0,1,0,2024-10-04,2024-10-04,0,1,nao,nao
JOSANO JOSE ALBERTO JUNIOR,JOSANO JOSE ALBERTO JUNIOR,1,0,1,0,2026-02-20,2026-02-20,1,0,nao,nao
JOSE ADRIANO VALLE DA COSTA,JOSE ADRIANO VALLE DA COSTA,1,0,1,0,2026-04-06,2026-04-06,1,1,nao,nao
JOSE ALBERTO FEIO DE SOUZA,JOSE ALBERTO FEIO DE SOUZA,1,1,0,0,2026-02-11,2026-02-11,1,0,nao,nao
JOSE ALBERTO SOUSA SILVA,JOSE ALBERTO SOUSA SILVA,1,1,0,0,2026-03-09,2026-03-09,1,0,nao,nao
JOSE ALENCAR MARTINS MAGALHAES JUNIOR,JOSE ALENCAR MARTINS MAGALHAES JUNIOR,1,0,1,0,2026-03-02,2026-03-02,1,1,nao,nao
JOSE ANTONIO DAS NEVES CRAVEIRO,JOSE ANTÔNIO DAS NEVES CRAVEIRO,1,1,0,0,2025-12-01,2025-12-01,0,1,nao,nao
JOSE ANTONIO GUIMARAES CUNHA,JOSE ANTONIO GUIMARAES CUNHA,2,1,1,0,2026-03-18,2026-03-24,1,1,sim,nao
JOSE ANTONIO SILVEIRA DE ANDRADE,JOSÉ ANTONIO SILVEIRA DE ANDRADE,3,1,2,1,2024-11-06,2026-04-17,3,1,sim,sim
JOSE ANTONIO SONCIM,JOSE ANTONIO SONCIM,1,1,0,0,2025-11-24,2025-11-24,1,1,nao,nao
JOSE BARROSO DE FARIA NETO,JOSE BARROSO DE FARIA NETO,1,0,1,0,2026-04-17,2026-04-17,1,0,nao,nao
JOSE BENTO FERREIRA,JOSÉ BENTO FERREIRA,2,1,1,0,2024-11-21,2026-03-19,1,1,sim,nao
JOSE BENTO JORGE,JOSÉ BENTO JORGE,1,1,0,0,2025-11-26,2025-11-26,0,1,nao,nao
JOSE CARLOS AGUIAR MAGALHAES,JOSÉ CARLOS AGUIAR MAGALHÃES,1,0,1,0,2026-04-20,2026-04-20,1,1,nao,nao
JOSE CARLOS CARDOSO MOREIRA,JOSÉ CARLOS CARDOSO MOREIRA,2,1,1,0,2025-11-27,2026-04-01,1,2,sim,nao
JOSE CARLOS COSTA SIMONIN,JOSE CARLOS COSTA SIMONIN,1,0,1,0,2026-03-04,2026-03-04,1,1,nao,nao
JOSE CARLOS DA SILVA,JOSE CARLOS DA SILVA,1,1,0,0,2024-11-12,2024-11-12,1,0,nao,nao
JOSE CARLOS DE MATOS,JOSE CARLOS DE MATOS,1,1,0,0,2026-03-16,2026-03-16,1,0,nao,nao
JOSE CARLOS DIAS,JOSÉ CARLOS DIAS,1,1,0,0,2025-11-12,2025-11-12,0,0,nao,nao
JOSE CARLOS DOS SANTOS,JOSE CARLOS DOS SANTOS,2,1,1,0,2025-12-08,2026-04-16,1,0,sim,nao
JOSE CARLOS PEREIRA GUIMARAES,JOSE CARLOS PEREIRA GUIMARAES,1,0,1,0,2026-03-31,2026-03-31,1,1,nao,nao
JOSE CLAUDIO DE OLIVEIRA,JOSE CLAUDIO DE OLIVEIRA,1,0,1,0,2026-04-22,2026-04-22,1,1,nao,nao
JOSE DA SILVA DUQUE NETO,JOSE DA SILVA DUQUE NETO,1,1,0,0,2026-03-11,2026-03-11,0,1,nao,nao
JOSE DE MOURA MARTINS,JOSE DE MOURA MARTINS,2,1,1,1,2025-12-08,2026-01-22,2,0,sim,sim
JOSE DIOGO PEREIRA DA SILVA,JOSÉ DIOGO PEREIRA DA SILVA,1,1,0,0,2026-03-23,2026-03-23,1,0,nao,nao
JOSE DO EGITO GRACIANO DA LUZ,JOSE DO EGITO GRACIANO DA LUZ,1,1,0,0,2026-03-27,2026-03-27,0,1,nao,nao
JOSE DOMINGUES EURICO,JOSÉ DOMINGUES EURICO,1,1,0,0,2024-11-08,2024-11-08,1,1,nao,nao
JOSE EDUARDO DE JESUS MARIA,JOSÉ EDUARDO DE JESUS MARIA,1,1,0,0,2026-02-11,2026-02-11,1,0,nao,nao
JOSE ELIAS DO NASCIMENTO NETO,JOSÉ ELIAS DO NASCIMENTO NETO,2,2,0,0,2026-02-20,2026-02-20,1,1,nao,nao
JOSE FERNANDES DE AZEVEDO NETO,JOSE FERNANDES DE AZEVEDO NETO,1,1,0,0,2024-11-27,2024-11-27,1,0,nao,nao
JOSE FERNANDES LEMOS DOS SANTOS,JOSE FERNANDES LEMOS DOS SANTOS,1,1,0,0,2026-03-19,2026-03-19,0,0,nao,nao
JOSE FERNANDO PESTANA MACIEL,JOSE FERNANDO PESTANA MACIEL,1,1,0,0,2025-11-28,2025-11-28,0,0,nao,nao
JOSE FERREIRA BERNARDO JUNIOR,JOSE FERREIRA BERNARDO JUNIOR,1,1,0,0,2026-03-19,2026-03-19,0,0,nao,nao
JOSE FERREIRA DE CARVALHO NETO,JOSE FERREIRA DE CARVALHO NETO,2,0,2,0,2026-03-31,2026-04-14,1,2,nao,nao
JOSE FONSECA NETO,JOSÉ FONSECA NETO,2,1,1,0,2026-03-23,2026-04-17,2,0,sim,nao
JOSE FRANCISCO DOS SANTOS,JOSE FRANCISCO DOS SANTOS,1,1,0,0,2026-02-20,2026-02-20,1,1,nao,nao
JOSE FRANCISCO MOREIRA DE ALMEIDA,JOSÉ FRANCISCO MOREIRA DE ALMEIDA,1,1,0,0,2024-11-04,2024-11-04,1,1,nao,nao
JOSE FRANCISCO PEDROSO DE SOUZA,JOSÉ FRANCISCO PEDROSO DE SOUZA,1,1,0,0,2025-12-01,2025-12-01,0,1,nao,nao
JOSE GUILHERME DOS SANTOS GUIMARAES,JOSE GUILHERME DOS SANTOS GUIMARAES,1,0,1,0,2026-04-17,2026-04-17,1,0,nao,nao
JOSE LEANDRO DA SILVA MARTINEZ,JOSÉ LEANDRO DA SILVA MARTINEZ,1,1,0,0,2024-10-11,2024-10-11,0,0,nao,nao
JOSE LEONARDO CORREA DA CRUZ,JOSE LEONARDO CORREA DA CRUZ,2,2,0,0,2026-02-23,2026-02-23,1,1,nao,nao
JOSE LEONARDO SANTOS FEITOSA,JOSE LEONARDO SANTOS FEITOSA,1,1,0,0,2026-01-02,2026-01-02,0,0,nao,nao
JOSE LUCAS GONCALVES BARBOSA DA SILVA,JOSE LUCAS GONCALVES BARBOSA DA SILVA,1,0,1,0,2026-04-08,2026-04-08,1,1,nao,nao
JOSE LUIZ ALVES SERAFIM,JOSÉ LUIZ ALVES SERAFIM,1,1,0,0,2024-12-06,2024-12-06,1,1,nao,nao
JOSE LUIZ GOMES DE SOUZA,JOSÉ LUIZ GOMES DE SOUZA,2,1,1,0,2026-01-12,2026-04-17,2,0,sim,nao
JOSE LUIZ MANGABEIRA NETO,JOSÉ LUIZ MANGABEIRA NETO,1,1,0,0,2026-02-26,2026-02-26,1,1,nao,nao
JOSE LUIZ SOUZA DO NASCIMENTO,JOSÉ LUIZ SOUZA DO NASCIMENTO,1,1,0,0,2025-11-07,2025-11-07,1,0,nao,nao
JOSE MARCIO FERREIRA REIS RIBEIRO,JOSE MARCIO FERREIRA REIS RIBEIRO,1,0,1,0,2026-02-09,2026-02-09,1,1,nao,nao
JOSE MARCOS DE JESUS BARBOSA,JOSE MARCOS DE JESUS BARBOSA,2,1,1,1,2025-11-18,2025-11-18,2,1,sim,sim
JOSE MARIA DA COSTA,JOSE MARIA DA COSTA,1,1,0,0,2026-03-25,2026-03-25,1,0,nao,nao
JOSE MAURO DE FARIAS JUNIOR,JOSÉ MAURO DE FARIAS JUNIOR,1,0,1,0,2024-12-19,2024-12-19,1,0,nao,nao
JOSE MAURO FEIJAO VASCONCELOS,JOSÉ MAURO FEIJÃO VASCONCELOS,1,1,0,0,2024-10-24,2024-10-24,0,0,nao,nao
JOSE MAURO MONTEIRO VILELA,JOSE MAURO MONTEIRO VILELA,1,1,0,0,2025-12-29,2025-12-29,1,1,nao,nao
JOSE NELSON FRAGA JUNIOR,JOSÉ NELSON FRAGA JUNIOR,1,0,1,0,2024-10-23,2024-10-23,1,1,nao,nao
JOSE NILDO SOARES DE SOUZA,JOSÉ NILDO SOARES DE SOUZA,2,1,1,0,2026-02-20,2026-04-17,2,0,sim,nao
JOSE ONADISON OLIVEIRA LIMA,JOSE ONADISON OLIVEIRA LIMA,1,0,1,0,2026-03-24,2026-03-24,1,1,nao,nao
JOSE PAULO GUIMARAES DE OLIVEIRA,JOSÉ PAULO GUIMARÃES DE OLIVEIRA,1,1,0,0,2025-11-05,2025-11-05,0,0,nao,nao
JOSE PEDRO COSTA DA SILVA,JOSÉ PEDRO COSTA DA SILVA,1,1,0,0,2024-10-23,2024-10-23,0,1,nao,nao
JOSE REGINALDO DE OLIVEIRA,JOSE REGINALDO DE OLIVEIRA,1,0,1,0,2026-01-02,2026-01-02,0,1,nao,nao
JOSE RENATO DA COSTA JUNIOR,JOSE RENATO DA COSTA JUNIOR,1,1,0,0,2026-02-09,2026-02-09,1,1,nao,nao
JOSE RENATO MORAES BARBOSA,JOSE RENATO MORAES BARBOSA,1,0,1,0,2026-04-17,2026-04-17,1,0,nao,nao
JOSE RENATO TEODORO DA SILVA,JOSÉ RENATO TEODORO DA SILVA,1,1,0,0,2024-10-16,2024-10-16,0,0,nao,nao
JOSE RICARDO BEZERRA DE QUEIROZ,JOSE RICARDO BEZERRA DE QUEIROZ,1,0,1,0,2026-02-09,2026-02-09,1,1,nao,nao
JOSE RICARDO SOUSA CAETANO,JOSÉ RICARDO SOUSA CAETANO,1,0,1,0,2024-12-16,2024-12-16,0,1,nao,nao
JOSE ROBERTO BRUM,JOSE ROBERTO BRUM,1,1,0,0,2026-02-26,2026-02-26,1,0,nao,nao
JOSE ROBERTO DA COSTA,JOSE ROBERTO DA COSTA,1,0,1,0,2026-03-24,2026-03-24,1,1,nao,nao
JOSE ROBERTO DA SILVA ROCHA JUNIOR,JOSE ROBERTO DA SILVA ROCHA JUNIOR,1,0,1,0,2026-02-11,2026-02-11,1,0,nao,nao
JOSE ROBERTO DE OLIVEIRA,JOSÉ ROBERTO DE OLIVEIRA,1,0,1,0,2024-10-16,2024-10-16,1,0,nao,nao
JOSE ROBERTO GONCALVES DE LIMA NETO,JOSÉ ROBERTO GONÇALVES DE LIMA NETO,1,0,1,0,2024-10-16,2024-10-16,1,1,nao,nao
JOSE ROBERTO HAGGE DA SILVA,JOSE ROBERTO HAGGE DA SILVA,2,1,1,1,2025-12-17,2025-12-18,2,1,sim,sim
JOSE ROBERTO MENEGARDO JUNIOR,JOSE ROBERTO MENEGARDO JUNIOR,1,1,0,0,2026-03-23,2026-03-23,1,1,nao,nao
JOSE ROBERTO PERRONI DA SILVA,JOSE ROBERTO PERRONI DA SILVA,3,2,1,1,2024-11-05,2025-11-17,1,0,sim,sim
JOSE SERGIO MACHADO JUNIOR,JOSÉ SÉRGIO MACHADO JUNIOR,2,1,1,0,2024-12-20,2025-11-25,2,1,sim,nao
JOSE SERGIO MONTE ALEGRE NETO,JOSE SERGIO MONTE ALEGRE NETO,1,0,1,0,2026-03-19,2026-03-19,1,1,nao,nao
JOSE TADEU ARAUJO DE ANDRADE,JOSE TADEU ARAUJO DE ANDRADE,1,0,1,0,2026-02-04,2026-02-04,1,0,nao,nao
JOSE TELLES JUNIOR,JOSE TELLES JUNIOR,1,0,1,0,2026-04-17,2026-04-17,1,0,nao,nao
JOSE VINICIUS ALCANTARA CRUZ,JOSE VINICIUS ALCANTARA CRUZ,1,1,0,0,2026-03-24,2026-03-24,1,0,nao,nao
JOSE WELITON OLIVEIRA DE FREITAS,JOSE WELITON OLIVEIRA DE FREITAS,1,1,0,0,2026-03-27,2026-03-27,0,1,nao,nao
JOSE WELLINGTON VERISSIMO LUSTOSA,JOSE WELLINGTON VERISSIMO LUSTOSA,1,0,1,0,2026-02-27,2026-02-27,1,0,nao,nao
JOSEANE DA SILVA MARTINS,JOSEANE DA SILVA MARTINS,1,1,0,0,2026-01-23,2026-01-23,0,0,nao,nao
JOSEANE DALLIA GRANITO,JOSEANE DALLIA GRANITO,1,1,0,0,2024-12-05,2024-12-05,1,0,nao,nao
JOSENEA FERREIRA MACHADO,JOSENEA FERREIRA MACHADO,1,1,0,0,2026-03-27,2026-03-27,0,1,nao,nao
JOSETE PEREIRA PERES SOARES,JOSETE PEREIRA PERES SOARES,1,1,0,0,2026-03-11,2026-03-11,0,1,nao,nao
JOSIANE MEDEIROS DE MESQUITA,JOSIANE MEDEIROS DE MESQUITA,1,1,0,0,2026-01-14,2026-01-14,1,0,nao,nao
JOSIANE RAMOS AMANCIO DE JESUS,JOSIANE RAMOS AMANCIO DE JESUS,1,1,0,0,2025-12-15,2025-12-15,0,0,nao,nao
JOSIANE REZENDE DE AZEVEDO,JOSIANE REZENDE DE AZEVEDO,1,0,1,0,2024-10-29,2024-10-29,1,1,nao,nao
JOSIAS MARQUES FERNANDES,JOSIAS MARQUES FERNANDES,1,1,0,0,2024-11-25,2024-11-25,0,1,nao,nao
JOSIAS REZENDE DA SILVA,JOSIAS REZENDE DA SILVA,1,0,1,0,2026-04-16,2026-04-16,1,1,nao,nao
JOSILAINE SILVA DE ALMEIDA,JOSILAINE SILVA DE ALMEIDA,1,1,0,0,2025-11-05,2025-11-05,0,0,nao,nao
JOSIMAR NEVES GOMES,JOSIMAR NEVES GOMES,1,0,1,0,2026-01-12,2026-01-12,1,1,nao,nao
JOSIMAR SALES MAIA,JOSIMAR SALES MAIA,3,2,1,2,2025-12-17,2026-01-12,1,2,sim,sim
JOSINALDO CICERO DA HORA,JOSINALDO CICERO DA HORA,1,0,1,0,2026-04-17,2026-04-17,1,0,nao,nao
JOSUE DE OLIVEIRA,JOSUE DE OLIVEIRA,2,1,1,1,2025-12-17,2025-12-19,1,1,sim,sim
JOSUE FONSECA TEIXEIRA JUNIOR,JOSUE FONSECA TEIXEIRA JUNIOR,1,0,1,0,2026-04-28,2026-04-28,1,0,nao,nao
JOSUILSON SOARES DA SILVA,JOSUILSON SOARES DA SILVA,2,1,1,0,2025-12-15,2026-04-17,2,0,sim,nao
JOTTA RAPHAEL LOPES DAMIANI,JOTTA RAPHAEL LOPES DAMIANI,1,0,1,0,2026-04-17,2026-04-17,1,0,nao,nao
JOTTA RAPHAEL LOPES DAMIAO,JOTTA RAPHAEL LOPES DAMIAO,1,1,0,0,2026-02-03,2026-02-03,1,0,nao,nao
JOYCE DOS SANTOS PORTELLA MARANGA,JOYCE DOS SANTOS PORTELLA MARANGA,1,0,1,0,2025-11-18,2025-11-18,1,0,nao,nao
JOYCE MARINS DA COSTA,JOYCE MARINS DA COSTA,1,0,1,0,2026-03-02,2026-03-02,1,1,nao,nao
JOYCE MAYARA DA SILVA FONSECA LUCAS,JOYCE MAYARA DA SILVA FONSECA LUCAS,1,1,0,0,2024-11-25,2024-11-25,0,1,nao,nao
JOYCE QUIRINO NUNES DA MOTA,JOYCE QUIRINO NUNES DA MOTA,1,1,0,0,2026-02-03,2026-02-03,0,0,nao,nao
JOZIEL RODRIGUES PEDROZA,JOZIEL RODRIGUES PEDROZA,1,1,0,0,2026-02-12,2026-02-12,1,0,nao,nao
JO￾SE AUGUSTO DA COSTA SOARES,JO￾SÉ AUGUSTO DA COSTA SOARES,1,0,1,0,2024-11-25,2024-11-25,1,1,nao,nao
JO￾SE CARLOS DE ALBUQUERQUE JUNIOR,JO￾SÉ CARLOS DE ALBUQUERQUE JUNIOR,1,0,1,0,2024-11-05,2024-11-05,1,1,nao,nao
JO￾SE PEDRO COSTA DA SILVA,JO￾SÉ PEDRO COSTA DA SILVA,1,0,1,0,2024-10-23,2024-10-23,1,1,nao,nao
JO￾SE ROBERTO PERRONI DA SILVA,JO￾SE ROBERTO PERRONI DA SILVA,1,0,1,0,2024-11-05,2024-11-05,1,0,nao,nao
JO￾SINALDO DE LIMA SILVA,JO￾SINALDO DE LIMA SILVA,1,0,1,0,2024-10-11,2024-10-11,1,1,nao,nao
JUAN CANDIDO FLORENCIO DA SILVA,JUAN CANDIDO FLORENCIO DA SILVA,1,1,0,0,2024-10-02,2024-10-02,0,1,nao,nao
JUAN PABLO DE SOUZA CARAVALHO,JUAN PABLO DE SOUZA CARAVALHO,1,1,0,0,2026-03-24,2026-03-24,1,0,nao,nao
JUAN PABLO DE SOUZA CARVALHO,JUAN PABLO DE SOUZA CARVALHO,1,0,1,0,2026-04-09,2026-04-09,1,0,nao,nao
JUAN PABLO MONTEIRO ALVES,JUAN PABLO MONTEIRO ALVES,1,1,0,0,2026-01-15,2026-01-15,0,1,nao,nao
JUAN PINHEIRO CONCEICAO,JUAN PINHEIRO CONCEICAO,1,1,0,0,2025-12-10,2025-12-10,1,1,nao,nao
JUAN ROCHA DOS SANTOS,JUAN ROCHA DOS SANTOS,3,2,1,1,2026-01-02,2026-01-12,1,1,sim,sim
JUCELITO BERNARDES,JUCELITO BERNARDES,1,1,0,0,2026-03-20,2026-03-20,0,0,nao,nao
JUCIA GOMES DE S FIGUEIREDO,JUCIA GOMES DE S FIGUEIREDO,1,0,1,0,2026-04-15,2026-04-15,1,1,nao,nao
JUCIANE DIAS CURVELO,JUCIANE DIAS CURVELO,2,1,1,0,2026-03-24,2026-04-14,2,2,sim,nao
JUCILENE MURCE DA SILVA,JUCILENE MURCE DA SILVA,1,1,0,0,2026-02-06,2026-02-06,0,0,nao,nao
JULIA ALZIRA DA SILVA DOS SANTOS,JULIA ALZIRA DA SILVA DOS SANTOS,1,0,1,0,2026-04-29,2026-04-29,1,1,nao,nao
JULIA ANA RAMOS BARCELLOS,JULIA ANA RAMOS BARCELLOS,1,1,0,0,2026-02-02,2026-02-02,0,0,nao,nao
JULIA AZEVEDO FIGUEIREDO,JULIA AZEVEDO FIGUEIREDO,1,1,0,0,2025-12-01,2025-12-01,0,1,nao,nao
JULIA CAROLINA BARRETO SIDI QUERINO DE CARVALHO,JULIA CAROLINA BARRETO SIDI QUERINO DE CARVALHO,1,1,0,0,2026-01-30,2026-01-30,1,0,nao,nao
JULIA DE MORAES MELLO,JULIA DE MORAES MELLO,1,0,1,0,2024-12-05,2024-12-05,1,1,nao,nao
JULIA FERREIRA COELHO PEREIRA,JÚLIA FERREIRA COELHO PEREIRA,2,2,0,0,2026-03-16,2026-03-16,1,0,nao,nao
JULIA GONCALVES PEREIRA,JULIA GONCALVES PEREIRA,1,1,0,0,2026-03-18,2026-03-18,1,1,nao,nao
JULIA KISHIDA BOCHNER,JULIA KISHIDA BOCHNER,1,1,0,0,2024-12-10,2024-12-10,0,0,nao,nao
JULIA MARIA ALVES DE SOUZA,JULIA MARIA ALVES DE SOUZA,1,1,0,0,2026-02-20,2026-02-20,1,0,nao,nao
JULIA MARIA ALVES SOUZA,JULIA MARIA ALVES SOUZA,1,0,1,0,2026-04-28,2026-04-28,1,0,nao,nao
JULIA MARIA GODINHO BARBOSA,JULIA MARIA GODINHO BARBOSA,1,0,1,0,2026-03-18,2026-03-18,1,1,nao,nao
JULIA MARQUES DELORMES,JULIA MARQUES DELORMES,1,1,0,0,2025-12-26,2025-12-26,1,0,nao,nao
JULIA MORAES DE OLIVEIRA,JÚLIA MORAES DE OLIVEIRA,4,2,2,2,2024-10-25,2026-03-20,4,2,sim,sim
JULIA MOULIN SOUTO,JULIA MOULIN SOUTO,1,0,1,0,2025-12-08,2025-12-08,1,0,nao,nao
JULIA OLIVEIRA DA ROCHA,JULIA OLIVEIRA DA ROCHA,1,0,1,0,2025-12-03,2025-12-03,1,1,nao,nao
JULIA ROMBALDI SOARES,JULIA ROMBALDI SOARES,1,1,0,0,2026-03-13,2026-03-13,1,0,nao,nao
JULIA SENA FERNANDES,JULIA SENA FERNANDES,1,0,1,0,2024-11-08,2024-11-08,1,0,nao,nao
JULIA THAYLISE SOARES FREITAS,JULIA THAYLISE SOARES FREITAS,1,0,1,0,2026-04-07,2026-04-07,1,0,nao,nao
JULIA VIEIRA DE CASTRO,JULIA VIEIRA DE CASTRO,1,1,0,0,2026-01-14,2026-01-14,1,1,nao,nao
JULIANA BARRETO DE SANTANA,JULIANA BARRETO DE SANTANA,2,1,1,0,2025-11-05,2026-04-28,2,0,sim,nao
JULIANA CRISTINA CALEIA FONSECA,JULIANA CRISTINA CALEIA FONSECA,1,1,0,0,2026-02-05,2026-02-05,0,0,nao,nao
JULIANA DA COSTA DIAS SILVA,JULIANA DA COSTA DIAS SILVA,1,0,1,0,2024-12-05,2024-12-05,1,0,nao,nao
JULIANA DE ANDRADE MONTEIRO DIAS,JULIANA DE ANDRADE MONTEIRO DIAS,1,0,1,0,2026-02-06,2026-02-06,1,0,nao,nao
JULIANA DE MARINS SILVA,JULIANA DE MARINS SILVA,1,1,0,0,2024-10-02,2024-10-02,1,1,nao,nao
JULIANA DE OLIVEIRA FRANCO,JULIANA DE OLIVEIRA FRANCO,1,1,0,0,2025-11-24,2025-11-24,1,1,nao,nao
JULIANA DIMAS ALVES,JULIANA DIMAS ALVES,1,0,1,0,2024-10-10,2024-10-10,1,1,nao,nao
JULIANA DOS SANTOS GABINA,JULIANA DOS SANTOS GABINA,1,0,1,0,2026-04-16,2026-04-16,1,0,nao,nao
JULIANA FERREIRA DE OLIVEIRA,JULIANA FERREIRA DE OLIVEIRA,1,1,0,0,2024-12-06,2024-12-06,0,0,nao,nao
JULIANA FIGUEIREDO GOMES ERNESTO,JULIANA FIGUEIREDO GOMES ERNESTO,2,1,1,1,2024-10-11,2024-10-16,2,2,sim,sim
JULIANA GONCALVES MERCANTE,JULIANA GONCALVES MERCANTE,1,1,0,0,2026-02-03,2026-02-03,0,1,nao,nao
JULIANA MACEDO DOS SANTOS,JULIANA MACEDO DOS SANTOS,1,1,0,0,2024-11-01,2024-11-01,1,1,nao,nao
JULIANA MARTINS DE SOUZA ALCANTARA,JULIANA MARTINS DE SOUZA ALCANTARA,1,1,0,0,2024-12-19,2024-12-19,0,1,nao,nao
JULIANA MENDONCA DIAS,JULIANA MENDONÇA DIAS,1,1,0,0,2024-10-07,2024-10-07,0,0,nao,nao
JULIANA MOTTA DE LEMOS MIGON,JULIANA MOTTA DE LEMOS MIGON,1,0,1,0,2026-04-20,2026-04-20,1,1,nao,nao
JULIANA NUNES PINHEIRO,JULIANA NUNES PINHEIRO,1,1,0,0,2024-11-12,2024-11-12,0,1,nao,nao
JULIANA OLIVEIRA SANTOS,JULIANA OLIVEIRA SANTOS,1,1,0,0,2024-10-16,2024-10-16,0,0,nao,nao
JULIANA PEIXOTO COSTA MARQUES,JULIANA PEIXOTO COSTA MARQUES,1,0,1,0,2026-03-25,2026-03-25,1,1,nao,nao
JULIANA PEREIRA NUNES FRANCA VILELA,JULIANA PEREIRA NUNES FRANCA VILELA,1,0,1,0,2026-04-17,2026-04-17,1,0,nao,nao
JULIANA RIBEIRO DO AMARAL TEIXEIRA,JULIANA RIBEIRO DO AMARAL TEIXEIRA,1,1,0,0,2026-02-10,2026-02-10,1,1,nao,nao
JULIANA ROCHA DA SILVA,JULIANA ROCHA DA SILVA,1,1,0,0,2024-11-12,2024-11-12,0,0,nao,nao
JULIANA RODRIGUES DUARTE NOGUEIRA,JULIANA RODRIGUES DUARTE NOGUEIRA,1,1,0,0,2024-11-01,2024-11-01,0,1,nao,nao
JULIANA ROSA,JULIANA ROSA,1,0,1,0,2024-10-31,2024-10-31,0,0,nao,nao
JULIANA SANTOS RIBEIRO,JULIANA SANTOS RIBEIRO,1,1,0,0,2026-01-08,2026-01-08,0,0,nao,nao
JULIANA SILVA,JULIANA SILVA,1,1,0,0,2026-03-23,2026-03-23,1,0,nao,nao
JULIANA SILVA SILVEIRA,JULIANA SILVA SILVEIRA,1,0,1,0,2026-04-17,2026-04-17,1,0,nao,nao
JULIANA SOARES THULER,JULIANA SOARES THULER,2,1,1,1,2024-11-22,2024-11-22,2,1,sim,sim
JULIANA TAVARES,JULIANA TAVARES,1,1,0,0,2026-03-13,2026-03-13,1,0,nao,nao
JULIANE DOS SANTOS JULIO,JULIANE DOS SANTOS JULIO,3,3,0,0,2026-04-17,2026-04-29,2,2,nao,nao
JULIANNA PINHEIRO DAIER DAVID,JULIANNA PINHEIRO DAIER DAVID,1,1,0,0,2024-12-20,2024-12-20,0,0,nao,nao
JULIANNE DANTAS SOARES,JULIANNE DANTAS SOARES,1,1,0,0,2026-01-19,2026-01-19,0,0,nao,nao
JULIANO ARAUJO BARROS,JULIANO ARAUJO BARROS,1,0,1,0,2025-12-15,2025-12-15,1,1,nao,nao
JULIANO FERREIRA DE SOUZA,JULIANO FERREIRA DE SOUZA,1,1,0,0,2026-02-12,2026-02-12,1,0,nao,nao
JULIANO PASQUAL,JULIANO PASQUAL,1,0,1,0,2026-04-29,2026-04-29,1,0,nao,nao
JULIANY MIRANDA OLIVEIRA,JULIANY MIRANDA OLIVEIRA,1,1,0,0,2026-03-20,2026-03-20,1,0,nao,nao
JULIO BIERRENBACH,JULIO BIERRENBACH,1,0,1,0,2026-02-23,2026-02-23,1,1,nao,nao
JULIO CESAR DA CUNHA HORTA,JÚLIO CESAR DA CUNHA HORTA,1,0,1,0,2026-04-20,2026-04-20,1,1,nao,nao
JULIO CESAR DE OLIVEIRA,JULIO CESAR DE OLIVEIRA,2,2,0,0,2024-10-21,2024-12-05,0,1,nao,nao
JULIO CESAR FERREIRA,JULIO CESAR FERREIRA,1,0,1,0,2024-10-11,2024-10-11,1,1,nao,nao
JULIO CESAR FERREIRA BATISTA,JULIO CESAR FERREIRA BATISTA,1,0,1,0,2024-12-16,2024-12-16,1,1,nao,nao
JULIO CESAR FERREIRA DA SILVA JUNIOR,JÚLIO CESAR FERREIRA DA SILVA JÚNIOR,3,2,1,2,2025-11-07,2026-03-02,2,2,sim,sim
JULIO CESAR GARCIA PEREIRA GUIMARAES,JULIO CESAR GARCIA PEREIRA GUIMARAES,2,2,0,0,2026-02-24,2026-02-24,1,1,nao,nao
JULIO CESAR MODESTO DA SILVA,JULIO CESAR MODESTO DA SILVA,2,2,0,0,2024-10-10,2026-02-24,1,1,nao,nao
JULIO CESAR SOARES,JULIO CESAR SOARES,1,1,0,0,2025-11-05,2025-11-05,0,0,nao,nao
JULIO CESAR SOARES FERREIRA,JULIO CESAR SOARES FERREIRA,1,0,1,0,2026-03-02,2026-03-02,1,1,nao,nao
JULIO CESAR SOUSA GALAXE,JULIO CESAR SOUSA GALAXE,1,1,0,0,2026-01-26,2026-01-26,0,0,nao,nao
JULIO CESAR TINOCO DA SILVA,JULIO CESAR TINOCO DA SILVA,1,1,0,0,2024-10-01,2024-10-01,0,1,nao,nao
JULIO DE CERQUEIRA DE LIMA,JULIO DE CERQUEIRA DE LIMA,1,1,0,0,2024-11-07,2024-11-07,1,1,nao,nao
JULIUS CAESAR MARTINS DE AMORIM,JULIUS CAESAR MARTINS DE AMORIM,1,1,0,0,2024-10-17,2024-10-17,0,1,nao,nao
JULLIA VICTORIA PIRES DE SOUZA,JULLIA VICTORIA PIRES DE SOUZA,2,2,0,0,2026-03-11,2026-03-11,1,0,nao,nao
JULLIANA CORREIA ALBERTINO,JULLIANA CORREIA ALBERTINO,2,1,1,1,2024-11-08,2024-11-25,1,2,sim,sim
JULLIANA FERREIRA ONOFRE,JULLIANA FERREIRA ONOFRE,1,0,1,0,2026-03-02,2026-03-02,1,1,nao,nao
JULLYE COSTA SOUZA DA SILVA,JULLYE COSTA SOUZA DA SILVA,1,1,0,0,2026-01-12,2026-01-12,0,1,nao,nao
JULYA NUNES DE BARROS FERREIRA CAVALCANTE,JULYA NUNES DE BARROS FERREIRA CAVALCANTE,1,0,1,0,2026-04-22,2026-04-22,1,1,nao,nao
JUNIER CARVALHO GOULART,JUNIER CARVALHO GOULART,2,1,1,1,2025-11-07,2025-11-07,1,1,sim,sim
JUPIACI TADEU MARTINS BELO,JUPIACI TADEU MARTINS BELO,1,1,0,0,2025-12-19,2025-12-19,1,0,nao,nao
JUSSARA MARTINS LEITAO DE AZEVEDO,JUSSARA MARTINS LEITAO DE AZEVEDO,1,0,1,0,2026-04-17,2026-04-17,1,0,nao,nao
JU￾LIA ANA RAMOS BARCELLOS,JU￾LIA ANA RAMOS BARCELLOS,1,0,1,0,2024-11-04,2024-11-04,1,0,nao,nao
JU￾LIA FERNANDES SIMOES,JU￾LIA FERNANDES SIMÕES,1,0,1,0,2024-10-11,2024-10-11,1,1,nao,nao
JU￾LIA SOUZA DOS SANTOS,JÚ￾LIA SOUZA DOS SANTOS,1,0,1,0,2024-10-10,2024-10-10,1,0,nao,nao
JU￾LIANA ALVES PINHEIRO DELGADO FREIRE,JU￾LIANA ALVES PINHEIRO DELGADO FREIRE,1,0,1,0,2024-11-06,2024-11-06,1,0,nao,nao
JU￾LIANA MACIEL DE AGUIAR,JU￾LIANA MACIEL DE AGUIAR,1,0,1,0,2024-12-02,2024-12-02,0,0,nao,nao
JU￾LIO CESAR DE OLIVEIRA,JU￾LIO CESAR DE OLIVEIRA,1,0,1,0,2024-12-05,2024-12-05,1,0,nao,nao
JU￾LIO CESAR TINOCO DA SILVA,JU￾LIO CESAR TINOCO DA SILVA,1,0,1,0,2024-10-01,2024-10-01,1,1,nao,nao
KABAGAMBE MAGBO SAMMY,KABAGAMBE MAGBO SAMMY,1,0,1,0,2026-01-12,2026-01-12,1,1,nao,nao
KALIANE DE ALMEIDA FERREIRA,KALIANE DE ALMEIDA FERREIRA,1,0,1,0,2026-02-10,2026-02-10,1,1,nao,nao
KAMILA MAROTTI MARINI,KAMILA MAROTTI MARINI,1,1,0,0,2024-10-21,2024-10-21,1,1,nao,nao
KAMILA RODRIGUES QUINTES,KAMILA RODRIGUES QUINTES,1,0,1,0,2026-03-17,2026-03-17,1,1,nao,nao
KAREN CARDOZO VALENTIM,KAREN CARDOZO VALENTIM,1,1,0,0,2024-11-21,2024-11-21,1,1,nao,nao
KAREN DOS SANTOS ARAUJO,KAREN DOS SANTOS ARAÚJO,1,1,0,0,2024-10-24,2024-10-24,0,0,nao,nao
KAREN LOPES DE SOUZA,KAREN LOPES DE SOUZA,1,0,1,0,2026-03-18,2026-03-18,1,0,nao,nao
KAREN LOUISE DE SOUZA GAMA,KAREN LOUISE DE SOUZA GAMA,1,1,0,0,2024-11-06,2024-11-06,0,1,nao,nao
KARIA HELENA DA SILVA ANTONIO,KÁRIA HELENA DA SILVA ANTÔNIO,1,1,0,0,2026-02-12,2026-02-12,1,0,nao,nao
KARIN NYGAARD,KARIN NYGAARD,1,0,1,0,2026-04-17,2026-04-17,1,0,nao,nao
KARINA FERNANDA DA SILVA SANTOS,KARINA FERNANDA DA SILVA SANTOS,1,1,0,0,2025-12-16,2025-12-16,1,0,nao,nao
KARINA FERREIRA ROZA,KARINA FERREIRA ROZA,1,0,1,0,2025-12-15,2025-12-15,1,1,nao,nao
KARINA GARRIDO MAVROPOULOS FIGUEIREDO,KARINA GARRIDO MAVROPOULOS FIGUEIREDO,1,1,0,0,2025-11-18,2025-11-18,0,1,nao,nao
KARINA NEVES DE OLIVEIRA,KARINA NEVES DE OLIVEIRA,2,1,1,0,2024-10-10,2024-11-05,2,1,sim,nao
KARINA ROSA BRAGANCA,KARINA ROSA BRAGANÇA,1,1,0,0,2024-11-11,2024-11-11,1,1,nao,nao
KARINA VIDAL SANTOS,KARINA VIDAL SANTOS,1,1,0,0,2026-02-23,2026-02-23,0,0,nao,nao
KARINE CONFOLONIERI DE PAIVA,KARINE CONFOLONIERI DE PAIVA,1,1,0,0,2025-11-25,2025-11-25,1,0,nao,nao
KARINE DE QUEIROS COSTA,KARINE DE QUEIROS COSTA,1,1,0,0,2026-03-19,2026-03-19,1,0,nao,nao
KARINE DE SOUZA FALCAO,KARINE DE SOUZA FALCÃO,1,1,0,0,2026-03-18,2026-03-18,1,0,nao,nao
KARINE MARQUES FARIA DE PAULA,KARINE MARQUES FARIA DE PAULA,2,1,1,0,2025-12-12,2026-04-16,2,0,sim,nao
KARINE NASCIMENTO SILVA VENANCIO,KARINE NASCIMENTO SILVA VENANCIO,1,1,0,0,2026-01-05,2026-01-05,1,1,nao,nao
KARINE TERRA GUIMARAES,KARINE TERRA GUIMARAES,1,1,0,0,2026-01-22,2026-01-22,0,0,nao,nao
KARLA BERNARDO BATISTA,KARLA BERNARDO BATISTA,1,0,1,0,2026-02-23,2026-02-23,1,1,nao,nao
KARLA GAMA DA SILVA BARCELOS,KARLA GAMA DA SILVA BARCELOS,2,1,1,0,2024-11-06,2026-03-23,1,0,sim,nao
KARLA MARCAL SOARES,KARLA MARCAL SOARES,1,0,1,0,2026-04-13,2026-04-13,1,1,nao,nao
KARLA NICOLETE CHAMBARELLI,KARLA NICOLETE CHAMBARELLI,1,0,1,0,2024-11-04,2024-11-04,1,1,nao,nao
KARLA SARRUF GUIMARAES,KARLA SARRUF GUIMARAES,1,1,0,0,2026-02-10,2026-02-10,0,0,nao,nao
KARLA VARGAS GARCIA,KARLA VARGAS GARCIA,2,1,1,1,2026-04-27,2026-04-27,2,2,sim,sim
KARLA VIANNA CARDOSO,KARLA VIANNA CARDOSO,1,0,1,0,2024-10-15,2024-10-15,1,1,nao,nao
KAROLAINY VASCONCELOS CAVALCANTE,KAROLAINY VASCONCELOS CAVALCANTE,1,1,0,0,2026-01-23,2026-01-23,1,0,nao,nao
KAROLAYNN DOS REIS DUARTE DA SILVA,KAROLAYNN DOS REIS DUARTE DA SILVA,1,1,0,0,2024-10-18,2024-10-18,1,0,nao,nao
KAROLINA ANTUNES SANTORO,KAROLINA ANTUNES SANTORO,2,2,0,0,2026-02-23,2026-02-23,0,0,nao,nao
KAROLINE DA SILVA MENDEZ,KAROLINE DA SILVA MENDEZ,2,1,1,0,2024-10-09,2026-03-20,1,2,sim,nao
KAROLINE DE FREITAS,KAROLINE DE FREITAS,1,1,0,0,2024-12-06,2024-12-06,0,1,nao,nao
KAROLINE DOS SANTOS COSTA,KAROLINE DOS SANTOS COSTA,1,1,0,0,2024-10-09,2024-10-09,0,0,nao,nao
KAROLINE FRANCISCO BARBOSA,KAROLINE FRANCISCO BARBOSA,1,1,0,0,2024-11-05,2024-11-05,0,1,nao,nao
KAROLLINE AZEVEDO DOS SANTOS,KAROLLINE AZEVEDO DOS SANTOS,4,2,2,0,2026-02-23,2026-03-09,2,2,sim,nao
KASSYA FRAGOSO FERREIRA,KASSYA FRAGOSO FERREIRA,1,1,0,0,2026-01-14,2026-01-14,0,0,nao,nao
KATER SAMELA FARIA VIANA,KATER SAMELA FARIA VIANA,2,1,1,1,2026-02-09,2026-02-09,1,2,sim,sim
KATHELYN MARTINS CARDOSO DINIZ,KATHELYN MARTINS CARDOSO DINIZ,1,1,0,0,2026-01-02,2026-01-02,0,1,nao,nao
KATIA CRISTINA SILVA DOS SANTOS,KATIA CRISTINA SILVA DOS SANTOS,1,1,0,0,2026-04-15,2026-04-15,1,1,nao,nao
KATIA REGINA DA CONCEICAO BRANDAO,KATIA REGINA DA CONCEICAO BRANDAO,3,1,2,1,2026-03-27,2026-04-27,2,2,sim,sim
KATIA TAHAN CHANCA,KATIA TAHAN CHANCA,1,0,1,0,2026-04-17,2026-04-17,1,0,nao,nao
KATRINE DE OLIVEIRA CARVALHO PESSANHA,KATRINE DE OLIVEIRA CARVALHO PESSANHA,1,1,0,0,2024-11-11,2024-11-11,0,0,nao,nao
KAUA SOUSA BORGES,KAUA SOUSA BORGES,1,1,0,0,2026-03-27,2026-03-27,0,1,nao,nao
KAYAN FURTADO TORRES,KAYAN FURTADO TORRES,1,0,1,0,2026-04-20,2026-04-20,1,1,nao,nao
KAYKE DA SILVA GAMA OTAVIO,KAYKE DA SILVA GAMA OTÁVIO,3,2,1,0,2025-12-18,2026-04-17,2,0,sim,nao
KAYKE RICHARD ROCHA DA SILVA,KAYKE RICHARD ROCHA DA SILVA,1,1,0,0,2025-12-29,2025-12-29,1,0,nao,nao
KAYKY LOURENCO PORTELA,KAYKY LOURENCO PORTELA,1,1,0,0,2026-02-05,2026-02-05,0,1,nao,nao
KAYLAN VIEIRA BARBOSA,KAYLAN VIEIRA BARBOSA,1,1,0,0,2026-02-09,2026-02-09,1,0,nao,nao
KAYLLA JOVENKA FONSECA GOMES,KAYLLA JOVENKA FONSECA GOMES,1,1,0,0,2024-11-05,2024-11-05,1,0,nao,nao
KAYLLANE AVELINO GADELHA REIS,KAYLLANE AVELINO GADELHA REIS,1,0,1,0,2025-12-03,2025-12-03,1,1,nao,nao
KAYO AMARAL LIMA DE SOUZA,KAYO AMARAL LIMA DE SOUZA,1,0,1,0,2024-11-06,2024-11-06,1,0,nao,nao
KAYQUE RABELLO FAGUNDES,KAYQUE RABELLO FAGUNDES,1,1,0,0,2026-03-06,2026-03-06,1,0,nao,nao
KA￾MILA ALVES CABRAL,KA￾MILA ALVES CABRAL,1,0,1,0,2024-12-04,2024-12-04,1,1,nao,nao
KA￾REN DA SILVA CORDEIRO,KA￾REN DA SILVA CORDEIRO,1,0,1,0,2024-10-16,2024-10-16,1,0,nao,nao
KA￾REN LOUISE DE SOUZA GAMA,KA￾REN LOUISE DE SOUZA GAMA,1,0,1,0,2024-11-06,2024-11-06,1,0,nao,nao
KA￾RINE MAIA SILVEIRA FRENK,KA￾RINE MAIA SILVEIRA FRENK,1,0,1,0,2024-10-10,2024-10-10,0,1,nao,nao
KA￾TIA ROMAO CAVALHEIRO,KA￾TIA ROMÃO CAVALHEIRO,1,0,1,0,2024-10-11,2024-10-11,1,1,nao,nao
KEILA MARIA PRUDENCIO DOS SANTOS,KEILA MARIA PRUDENCIO DOS SANTOS,1,0,1,0,2025-12-11,2025-12-11,1,1,nao,nao
KEILA RAFAELA FERNANDES DE OLIVEIRA,KEILA RAFAELA FERNANDES DE OLIVEIRA,1,0,1,0,2026-04-28,2026-04-28,1,0,nao,nao
KEILA REGINA ALVES NEVES,KEILA REGINA ALVES NEVES,1,0,1,0,2026-02-12,2026-02-12,1,0,nao,nao
KELI FABIANA SPERANDIO SALGADO SILVA,KELI FABIANA SPERANDIO SALGADO SILVA,1,1,0,0,2026-04-15,2026-04-15,0,1,nao,nao
KELLEN CRISTIANE MARTINS COELHO,KELLEN CRISTIANE MARTINS COELHO,1,1,0,0,2025-11-05,2025-11-05,0,1,nao,nao
KELLI REGINA ALVES ALVARES,KELLI REGINA ALVES ALVARES,1,0,1,0,2026-04-16,2026-04-16,1,1,nao,nao
KELLY AGUIAR BAUER,KELLY AGUIAR BAUER,1,0,1,0,2024-12-23,2024-12-23,1,0,nao,nao
KELLY CRISTINA GONCALVES DA SILVA,KELLY CRISTINA GONCALVES DA SILVA,1,0,1,0,2026-04-28,2026-04-28,1,0,nao,nao
KELLY IARA SANTOS DO NASCIMENTO,KELLY IARA SANTOS DO NASCIMENTO,1,0,1,0,2025-11-05,2025-11-05,1,0,nao,nao
KELLY ROCHA QUINTANILHA,KELLY ROCHA QUINTANILHA,1,1,0,0,2026-01-22,2026-01-22,0,0,nao,nao
KELSON JOAO DE SOUZA REIS,KELSON JOAO DE SOUZA REIS,1,0,1,0,2025-12-02,2025-12-02,1,1,nao,nao
KELVIN THOR KROFF PAIVA,KELVIN THOR KROFF PAIVA,1,1,0,0,2024-11-12,2024-11-12,1,0,nao,nao
KELY REGINA DE ASSIS APPOLINARIO,KELY REGINA DE ASSIS APPOLINARIO,1,1,0,0,2026-01-27,2026-01-27,0,0,nao,nao
KENIFFER COUTINHO RIMES DE CARVALHO,KENIFFER COUTINHO RIMES DE CARVALHO,1,1,0,0,2024-10-25,2024-10-25,0,1,nao,nao
KESSIA KALLINY SILVA DE BARROS,KESSIA KALLINY SILVA DE BARROS,1,1,0,0,2024-11-21,2024-11-21,0,1,nao,nao
KETHEN CATARINE BARBOSA AGUIAR,KETHEN CATARINE BARBOSA AGUIAR,1,1,0,0,2024-12-02,2024-12-02,0,0,nao,nao
KETHERIM DO NASCIMENTO GUIMARAES,KETHERIM DO NASCIMENTO GUIMARAES,1,1,0,0,2026-01-08,2026-01-08,0,0,nao,nao
KEVIN LUCAS SANTOS,KEVIN LUCAS SANTOS,1,1,0,0,2026-02-24,2026-02-24,0,0,nao,nao
KEVYN LUCAS SANTOS DA SILVA,KEVYN LUCAS SANTOS DA SILVA,1,0,1,0,2026-04-28,2026-04-28,1,0,nao,nao
KEZIA MARTINS CARDOSO MORAES,KEZIA MARTINS CARDOSO MORAES,2,1,1,0,2026-01-15,2026-03-16,1,2,sim,nao
KIMBERLY NUNES FERREIRA,KIMBERLY NUNES FERREIRA,2,1,1,0,2026-02-09,2026-04-16,2,0,sim,nao
KIZZI SALGADO PINTO,KIZZI SALGADO PINTO,1,1,0,0,2026-03-25,2026-03-25,1,1,nao,nao
KLAUZIANY SCARINI DE OLIVEIRA REIS WALDHELM,KLAUZIANY SCARINI DE OLIVEIRA REIS WALDHELM,1,0,1,0,2026-01-28,2026-01-28,1,0,nao,nao
KLEBER BRAZ DA SILVA,KLEBER BRAZ DA SILVA,1,0,1,0,2026-04-17,2026-04-17,1,0,nao,nao
KLEBER COUTINHO DE SOUSA,KLEBER COUTINHO DE SOUSA,2,1,1,0,2025-12-03,2026-04-20,2,2,sim,nao
KRISHNA CETSU KOSHIYAMA MIGUEL RAFTOPOLO,KRISHNA CETSU KOSHIYAMA MIGUEL RAFTOPOLO,2,0,2,0,2024-11-01,2025-12-12,2,2,nao,nao
L AV I N Y BEZERRA NICACIO DE SOUZA,L AV I N Y BEZERRA NICACIO DE SOUZA,1,0,1,0,2026-04-28,2026-04-28,1,0,nao,nao
L AY - CE MONIKE DUARTE DE AZEVEDO,L AY - CE MONIKE DUARTE DE AZEVEDO,1,0,1,0,2024-10-25,2024-10-25,1,1,nao,nao
LAIS ARAUJO DE SOUZA SIMOES,LAÍS ARAÚJO DE SOUZA SIMÕES,1,1,0,0,2024-11-04,2024-11-04,0,1,nao,nao
LAIS CARVALHO RODRIGUES,LAÍS CARVALHO RODRIGUES,1,1,0,0,2024-12-23,2024-12-23,1,1,nao,nao
LAIS DA SILVA OLIVEIRA,LAIS DA SILVA OLIVEIRA,1,0,1,0,2025-12-03,2025-12-03,1,1,nao,nao
LAIS OLIVEIRA DE SOUZA,LAIS OLIVEIRA DE SOUZA,1,1,0,0,2026-01-15,2026-01-15,1,0,nao,nao
LAIS OLIVEIRA FONSECA BUSSADE,LAIS OLIVEIRA FONSECA BUSSADE,1,1,0,0,2024-12-04,2024-12-04,0,0,nao,nao
LAISA DA PENHA QUINTINO CRUZ,LAISA DA PENHA QUINTINO CRUZ,2,1,1,1,2026-04-17,2026-04-20,2,0,sim,sim
LAISA GERTRUDES MENDONCA,LAISA GERTRUDES MENDONÇA,1,1,0,0,2024-11-11,2024-11-11,0,0,nao,nao
LAISE DE ARAUJO VICENTE DIAS,LAISE DE ARAUJO VICENTE DIAS,1,0,1,0,2026-04-17,2026-04-17,1,0,nao,nao
LANGREBETE ONOFRE DA SILVA,LANGREBETE ONOFRE DA SILVA,1,1,0,0,2026-02-26,2026-02-26,1,0,nao,nao
LARA AGRA ALENCAR MOCO,LARA AGRA ALENCAR MOCO,1,1,0,0,2026-03-24,2026-03-24,0,0,nao,nao
LARA BASTOS CORREA,LARA BASTOS CORREA,1,1,0,0,2026-03-18,2026-03-18,1,0,nao,nao
LARA BISSONHO DE ALMEIDA CORDEIRO,LARA BISSONHO DE ALMEIDA CORDEIRO,1,1,0,0,2024-11-13,2024-11-13,0,1,nao,nao
LARA BORGES CODECO PINTO,LARA BORGES CODECO PINTO,1,1,0,0,2026-03-26,2026-03-26,1,1,nao,nao
LARA CARRETEIRO BENTO RIBEIRO CAMPOS,LARA CARRETEIRO BENTO RIBEIRO CAMPOS,2,1,1,1,2026-03-13,2026-03-17,2,2,sim,sim
LARA CORREIA DE SOUZA SOARES,LARA CORREIA DE SOUZA SOARES,1,0,1,0,2026-02-25,2026-02-25,1,0,nao,nao
LARA DA MOTTA LUNZ,LARA DA MOTTA LUNZ,1,1,0,0,2026-01-05,2026-01-05,0,0,nao,nao
LARA DE CARVALHO HENRIQUE,LARA DE CARVALHO HENRIQUE,1,0,1,0,2026-01-19,2026-01-19,1,1,nao,nao
LARA TORRES DE JESUS FREITAS,LARA TORRES DE JESUS FREITAS,1,0,1,0,2025-11-06,2025-11-06,1,0,nao,nao
LARISSA CORREA NABAIS,LARISSA CORREA NABAIS,1,1,0,0,2025-12-17,2025-12-17,0,0,nao,nao
LARISSA CRISTINA DE MORAES MAZZA,LARISSA CRISTINA DE MORAES MAZZA,1,1,0,0,2026-02-02,2026-02-02,0,0,nao,nao
LARISSA GABRIELLE CARVALHO MELLO,LARISSA GABRIELLE CARVALHO MELLO,1,1,0,0,2026-03-19,2026-03-19,1,1,nao,nao
LARISSA GOULART DOS SANTOS,LARISSA GOULART DOS SANTOS,1,0,1,0,2025-11-07,2025-11-07,1,1,nao,nao
LARISSA GOUVEIA KRASZCZUK,LARISSA GOUVEIA KRASZCZUK,1,0,1,0,2026-01-12,2026-01-12,1,1,nao,nao
LARISSA LOPES MEDEIROS DO AMARAL,LARISSA LOPES MEDEIROS DO AMARAL,2,1,1,0,2024-10-16,2026-03-09,1,1,sim,nao
LARISSA MOREIRA AMARO,LARISSA MOREIRA AMARO,1,1,0,0,2026-01-29,2026-01-29,1,0,nao,nao
LARISSA NEVES DE SOUZA,LARISSA NEVES DE SOUZA,1,1,0,0,2026-03-10,2026-03-10,1,0,nao,nao
LARISSA NOBRE FARIAS,LARISSA NOBRE FARIAS,1,0,1,0,2026-03-18,2026-03-18,1,1,nao,nao
LARISSA PADILHA NOVAIS DE OLIVEIRA,LARISSA PADILHA NOVAIS DE OLIVEIRA,1,0,1,0,2024-12-20,2024-12-20,1,1,nao,nao
LARISSA RANGEL MOREIRA,LARISSA RANGEL MOREIRA,1,1,0,0,2026-01-21,2026-01-21,1,1,nao,nao
LARISSA REIS,LARISSA REIS,1,0,1,0,2024-10-18,2024-10-18,1,1,nao,nao
LARISSA SABINO AMARO,LARISSA SABINO AMARO,1,0,1,0,2026-03-02,2026-03-02,1,1,nao,nao
LARISSA SANTOS DA SILVA,LARISSA SANTOS DA SILVA,1,1,0,0,2026-01-30,2026-01-30,0,0,nao,nao
LARISSA SILVA CARVALHO,LARISSA SILVA CARVALHO,1,1,0,0,2024-11-12,2024-11-12,1,1,nao,nao
LARISSE SOUZA DE CASTRO,LARISSE SOUZA DE CASTRO,1,1,0,0,2025-11-24,2025-11-24,1,0,nao,nao
LARYSSA PAZELLI DE SOUZA,LARYSSA PAZELLI DE SOUZA,1,0,1,0,2026-04-08,2026-04-08,1,1,nao,nao
LAUANDRA LIMA DA SILVA LOPES,LAUANDRA LIMA DA SILVA LOPES,1,1,0,0,2026-03-17,2026-03-17,1,0,nao,nao
LAURA ALVES GUEDES,LAURA ALVES GUEDES,1,0,1,0,2026-03-24,2026-03-24,1,1,nao,nao
LAURA FREGONESI DE CARVALHO,LAURA FREGONESI DE CARVALHO,1,1,0,0,2024-12-20,2024-12-20,1,1,nao,nao
LAURA NASCIMENTO BRITO,LAURA NASCIMENTO BRITO,1,0,1,0,2024-12-09,2024-12-09,1,0,nao,nao
LAURA ROSEANE DE BRITO CORREA,LAURA ROSEANE DE BRITO CORREA,2,0,2,0,2026-03-10,2026-03-10,1,1,nao,nao
LAURO BASSI,LAURO BASSI,1,1,0,0,2026-03-18,2026-03-18,1,1,nao,nao
LAURO CESAR BOTTO MAIA,LAURO CÉSAR BOTTO MAIA,1,1,0,0,2024-10-04,2024-10-04,0,0,nao,nao
LAURO SOUZA TEIXEIRA ALONSO,LAURO SOUZA TEIXEIRA ALONSO,1,0,1,0,2026-02-20,2026-02-20,1,1,nao,nao
LAVINNYA AGUIAR SAMPAIO,LAVINNYA AGUIAR SAMPAIO,1,1,0,0,2026-02-05,2026-02-05,0,0,nao,nao
LAYANNE MELO MACHADO,LAYANNE MELO MACHADO,1,1,0,0,2025-11-27,2025-11-27,1,1,nao,nao
LAYNARA DA SILVA MACHADO,LAYNARA DA SILVA MACHADO,1,1,0,0,2026-02-10,2026-02-10,0,0,nao,nao
LAYS ANTUNES SILVA,LAYS ANTUNES SILVA,1,0,1,0,2026-03-17,2026-03-17,1,1,nao,nao
LAZARO GUILHERME PIUNTI,LAZARO GUILHERME PIUNTI,1,1,0,0,2024-12-06,2024-12-06,0,0,nao,nao
LA￾RISSA LOPES MEDEIROS DO AMARAL,LA￾RISSA LOPES MEDEIROS DO AMARAL,1,0,1,0,2024-10-16,2024-10-16,1,1,nao,nao
LA￾ZARO GUILHERME PIUNTI,LA￾ZARO GUILHERME PIUNTI,1,0,1,0,2024-12-06,2024-12-06,1,1,nao,nao
LEANDRA BASTOS GOMES,LEANDRA BASTOS GOMES,1,1,0,0,2026-03-24,2026-03-24,1,1,nao,nao
LEANDRA DE MORAES LAGROTTA CARDOSO,LEANDRA DE MORAES LAGROTTA CARDOSO,1,0,1,0,2026-04-28,2026-04-28,1,0,nao,nao
LEANDRA SANTOS CARVALHO,LEANDRA SANTOS CARVALHO,1,0,1,0,2026-02-03,2026-02-03,1,0,nao,nao
LEANDRA THAMIRES DA SILVA GONCALVES,LEANDRA THAMIRES DA SILVA GONÇALVES,1,0,1,0,2024-11-07,2024-11-07,1,0,nao,nao
LEANDRO DA SILVA DE ABREU,LEANDRO DA SILVA DE ABREU,1,0,1,0,2026-04-17,2026-04-17,1,1,nao,nao
LEANDRO DAS NEVES CORREA,LEANDRO DAS NEVES CORREA,1,0,1,0,2024-11-14,2024-11-14,1,0,nao,nao
LEANDRO FERREIRA CELINO,LEANDRO FERREIRA CELINO,1,1,0,0,2024-11-27,2024-11-27,1,1,nao,nao
LEANDRO FRANCISCO LOPES,LEANDRO FRANCISCO LOPES,1,1,0,0,2024-11-12,2024-11-12,1,0,nao,nao
LEANDRO HENRIQUE CHAGAS DOS SANTOS JUNIOR,LEANDRO HENRIQUE CHAGAS DOS SANTOS JUNIOR,1,0,1,0,2026-04-22,2026-04-22,1,1,nao,nao
LEANDRO IMBICO FRANCA,LEANDRO IMBICO FRANCA,1,0,1,0,2026-04-17,2026-04-17,1,0,nao,nao
LEANDRO KHALIL DE OLIVEIRA,LEANDRO KHALIL DE OLIVEIRA,2,1,1,1,2025-12-02,2025-12-02,2,2,sim,sim
LEANDRO LINS DOS SANTOS,LEANDRO LINS DOS SANTOS,1,1,0,0,2025-11-14,2025-11-14,1,0,nao,nao
LEANDRO LOPES PILAR SANTIAGO,LEANDRO LOPES PILAR SANTIAGO,2,1,1,0,2025-12-16,2026-04-09,1,0,sim,nao
LEANDRO LOPES TRONCOS,LEANDRO LOPES TRONCOS,1,0,1,0,2024-11-21,2024-11-21,0,1,nao,nao
LEANDRO LOPES TRONCOSO,LEANDRO LOPES TRONCOSO,1,1,0,0,2024-11-21,2024-11-21,0,1,nao,nao
LEANDRO LUIZ LOPES GUIMARAES,LEANDRO LUIZ LOPES GUIMARAES,1,1,0,0,2026-03-04,2026-03-04,1,1,nao,nao
LEANDRO LUIZ MATOS DE AQUINO,LEANDRO LUIZ MATOS DE AQUINO,1,0,1,0,2025-12-11,2025-12-11,1,1,nao,nao
LEANDRO MISAEL MARQUES,LEANDRO MISAEL MARQUES,1,0,1,0,2024-10-15,2024-10-15,1,0,nao,nao
LEANDRO MONTEIRO CAMARA,LEANDRO MONTEIRO CÂMARA,1,1,0,0,2024-10-24,2024-10-24,1,0,nao,nao
LEANDRO MOREIRA CORREA,LEANDRO MOREIRA CORREA,1,1,0,0,2024-10-31,2024-10-31,0,0,nao,nao
LEANDRO PASCOAL DE OLIVEIRA,LEANDRO PASCOAL DE OLIVEIRA,1,0,1,0,2026-04-28,2026-04-28,1,0,nao,nao
LEANDRO PELLEGRINO AZEVEDO DOS SANT,LEANDRO PELLEGRINO AZEVEDO DOS SANT,1,0,1,0,2026-03-02,2026-03-02,1,1,nao,nao
LEANDRO PIERRE DOS SANTOS DA SILVA,LEANDRO PIERRE DOS SANTOS DA SILVA,2,2,0,0,2026-03-06,2026-03-06,0,2,nao,nao
LEANDRO RODRIGO MENEZES PINHEIRO TAVA R E S,LEANDRO RODRIGO MENEZES PINHEIRO TAVA R E S,1,0,1,0,2026-04-17,2026-04-17,1,1,nao,nao
LEANDRO RODRIGO MENEZES PINHEIRO TAVARES,LEANDRO RODRIGO MENEZES PINHEIRO TAVARES,2,1,1,1,2024-10-15,2024-11-06,2,0,sim,sim
LEANDRO SAMPAIO MONTEIRO,LEANDRO SAMPAIO MONTEIRO,1,0,1,0,2026-04-28,2026-04-28,1,0,nao,nao
LEANDRO SANT ANNA FONSECA,LEANDRO SANT ANNA FONSECA,1,1,0,0,2026-03-02,2026-03-02,1,1,nao,nao
LEANDRO SANTOS DA SILVA,LEANDRO SANTOS DA SILVA,1,0,1,0,2026-02-03,2026-02-03,1,0,nao,nao
LEANDRO SANTOS FAVRAUD,LEANDRO SANTOS FAVRAUD,1,0,1,0,2026-04-08,2026-04-08,1,1,nao,nao
LEDIANE DOS SANTOS LEOPOLDINO,LEDIANE DOS SANTOS LEOPOLDINO,1,1,0,0,2025-12-11,2025-12-11,1,0,nao,nao
LEIDIANE LIMA,LEIDIANE LIMA,1,1,0,0,2026-03-02,2026-03-02,1,1,nao,nao
LEILA ALVES SANTOS,LEILA ALVES SANTOS,1,0,1,0,2026-04-28,2026-04-28,1,0,nao,nao
LEILA CURTY SIQUEIRA,LEILA CURTY SIQUEIRA,1,1,0,0,2026-03-25,2026-03-25,1,1,nao,nao
LEILA JACYNTHO DUTRA,LEILA JACYNTHO DUTRA,1,0,1,0,2026-03-05,2026-03-05,1,1,nao,nao
LEILA RODRIGUES GOULART,LEILA RODRIGUES GOULART,1,1,0,0,2024-10-21,2024-10-21,1,1,nao,nao
LELIAN RAMOS COSTA SALLES CABRAL,LELIAN RAMOS COSTA SALLES CABRAL,2,1,1,1,2025-12-03,2025-12-03,2,1,sim,sim
LELIO LANGONI CORDEIRO,LELIO LANGONI CORDEIRO,2,1,1,1,2025-11-27,2025-11-28,1,1,sim,sim
LENILVANA VARGAS CARVALHO,LENILVANA VARGAS CARVALHO,1,0,1,0,2026-03-02,2026-03-02,1,1,nao,nao
LENINE RODRIGUES LEMOS,LENINE RODRIGUES LEMOS,2,0,2,0,2026-01-26,2026-04-28,1,0,nao,nao
LENON SIMOES COUTINHO,LENON SIMOES COUTINHO,1,0,1,0,2026-04-06,2026-04-06,1,1,nao,nao
LEON MATIAS,LEON MATIAS,1,0,1,0,2026-04-17,2026-04-17,1,0,nao,nao
LEONAM GUIMARAES NOGUEIRA,LEONAM GUIMARAES NOGUEIRA,1,1,0,0,2026-01-05,2026-01-05,1,0,nao,nao
LEONARDO ALVES LEAL,LEONARDO ALVES LEAL,1,0,1,0,2026-04-20,2026-04-20,1,1,nao,nao
LEONARDO AUGUSTO RIBEIRO MENDES,LEONARDO AUGUSTO RIBEIRO MENDES,1,0,1,0,2026-04-28,2026-04-28,1,0,nao,nao
LEONARDO BARRETO ALMEIDA FILHO,LEONARDO BARRETO ALMEIDA FILHO,1,0,1,0,2026-02-04,2026-02-04,1,1,nao,nao
LEONARDO BATISTA RIBEIRO DE ARAUJO,LEONARDO BATISTA RIBEIRO DE ARAÚJO,1,1,0,0,2026-02-12,2026-02-12,0,0,nao,nao
LEONARDO BRANDENBURGER AZEVEDO,LEONARDO BRANDENBURGER AZEVEDO,1,1,0,0,2024-11-05,2024-11-05,0,1,nao,nao
LEONARDO BRUNO AFONSO,LEONARDO BRUNO AFONSO,1,0,1,0,2024-11-07,2024-11-07,1,0,nao,nao
LEONARDO BRUNO BRASIL MEDEIROS,LEONARDO BRUNO BRASIL MEDEIROS,1,0,1,0,2024-12-17,2024-12-17,1,1,nao,nao
LEONARDO CORADINE ZAMANSKY LEMOS,LEONARDO CORADINE ZAMANSKY LEMOS,1,1,0,0,2026-02-05,2026-02-05,0,0,nao,nao
LEONARDO COSTA FARIAS,LEONARDO COSTA FARIAS,1,1,0,0,2024-10-02,2024-10-02,0,1,nao,nao
LEONARDO DA COSTA FREIRE,LEONARDO DA COSTA FREIRE,1,1,0,0,2026-01-23,2026-01-23,0,0,nao,nao
LEONARDO DA SILVA LUGAO MONTEIRO,LEONARDO DA SILVA LUGAO MONTEIRO,2,2,0,0,2026-03-16,2026-03-16,0,1,nao,nao
LEONARDO DA SILVA MARQUES,LEONARDO DA SILVA MARQUES,1,1,0,0,2024-11-11,2024-11-11,1,1,nao,nao
LEONARDO DA TRINDADE SILVA,LEONARDO DA TRINDADE SILVA,2,1,1,0,2026-01-22,2026-04-28,2,0,sim,nao
LEONARDO DAEMON D'OLIVEIRA SILVA,LEONARDO DAEMON D'OLIVEIRA SILVA,1,0,1,0,2025-11-10,2025-11-10,1,0,nao,nao
LEONARDO DANTAS TEIXEIRA,LEONARDO DANTAS TEIXEIRA,1,0,1,0,2024-11-28,2024-11-28,1,0,nao,nao
LEONARDO DE ARAUJO MANSO FILHO,LEONARDO DE ARAUJO MANSO FILHO,1,0,1,0,2026-03-02,2026-03-02,1,0,nao,nao
LEONARDO DE SENA VIEIRA MAGALHAES MENEZES,LEONARDO DE SENA VIEIRA MAGALHÃES MENEZES,1,1,0,0,2026-02-10,2026-02-10,1,0,nao,nao
LEONARDO DE SOUZA LOPES PRETA,LEONARDO DE SOUZA LOPES PRETA,2,1,1,1,2024-10-15,2024-10-15,2,0,sim,sim
LEONARDO DIAS BANDOLI,LEONARDO DIAS BANDOLI,1,0,1,0,2026-04-28,2026-04-28,1,0,nao,nao
LEONARDO DUARTE FIDELIS,LEONARDO DUARTE FIDELIS,2,0,2,0,2026-01-27,2026-03-02,1,1,nao,nao
LEONARDO ESPOSITO BERNARDO,LEONARDO ESPOSITO BERNARDO,1,0,1,0,2025-12-11,2025-12-11,1,0,nao,nao
LEONARDO FERREIRA,LEONARDO FERREIRA,1,1,0,0,2026-03-19,2026-03-19,0,1,nao,nao
LEONARDO FERREIRA DE CARVALHO,LEONARDO FERREIRA DE CARVALHO,1,0,1,0,2025-12-08,2025-12-08,1,1,nao,nao
LEONARDO FERREIRA GOMES,LEONARDO FERREIRA GOMES,1,1,0,0,2024-11-01,2024-11-01,1,1,nao,nao
LEONARDO FREITAS PINTO,LEONARDO FREITAS PINTO,1,0,1,0,2026-01-08,2026-01-08,1,1,nao,nao
LEONARDO FURTADO DO NASCIMENTO,LEONARDO FURTADO DO NASCIMENTO,1,1,0,0,2026-01-21,2026-01-21,0,0,nao,nao
LEONARDO GUDEL,LEONARDO GUDEL,1,0,1,0,2026-04-17,2026-04-17,0,0,nao,nao
LEONARDO GUEDES FORNEROLLI,LEONARDO GUEDES FORNEROLLI,1,1,0,0,2024-10-31,2024-10-31,1,1,nao,nao
LEONARDO IVAN DEBOSSAN,LEONARDO IVAN DEBOSSAN,1,0,1,0,2026-02-12,2026-02-12,1,1,nao,nao
LEONARDO LOUREIRO DIAS,LEONARDO LOUREIRO DIAS,1,1,0,0,2024-10-21,2024-10-21,0,1,nao,nao
LEONARDO MARINHO,LEONARDO MARINHO,1,1,0,0,2026-03-17,2026-03-17,1,1,nao,nao
LEONARDO MATHEUS RANGEL RODRIGUES,LEONARDO MATHEUS RANGEL RODRIGUES,1,1,0,0,2026-03-24,2026-03-24,1,0,nao,nao
LEONARDO MENDES FERREIRA CRESPO,LEONARDO MENDES FERREIRA CRESPO,1,1,0,0,2026-01-08,2026-01-08,1,1,nao,nao
LEONARDO MIRANDA SANTOS,LEONARDO MIRANDA SANTOS,1,1,0,0,2026-02-26,2026-02-26,1,0,nao,nao
LEONARDO MONTEIRO DOS SANTOS,LEONARDO MONTEIRO DOS SANTOS,1,1,0,0,2026-02-24,2026-02-24,1,0,nao,nao
LEONARDO OLIVEIRA DE BARROS,LEONARDO OLIVEIRA DE BARROS,1,1,0,0,2026-03-11,2026-03-11,1,0,nao,nao
LEONARDO PIMENTEL TEIXEIRA,LEONARDO PIMENTEL TEIXEIRA,1,1,0,0,2026-01-21,2026-01-21,0,0,nao,nao
LEONARDO RAMOS ARAO,LEONARDO RAMOS ARÃO,1,1,0,0,2024-10-16,2024-10-16,1,1,nao,nao
LEONARDO RIBEIRO FERNANDES ATAIDE,LEONARDO RIBEIRO FERNANDES ATAÍDE,2,1,1,0,2026-02-12,2026-04-17,2,0,sim,nao
LEONARDO SCALZER ALVES,LEONARDO SCALZER ALVES,1,1,0,0,2026-01-02,2026-01-02,1,0,nao,nao
LEONARDO SCHIMMELPFENG DE CARVALHO,LEONARDO SCHIMMELPFENG DE CARVALHO,1,0,1,0,2026-02-10,2026-02-10,1,1,nao,nao
LEONARDO SILVA BARBOSA,LEONARDO SILVA BARBOSA,1,0,1,0,2026-03-06,2026-03-06,1,0,nao,nao
LEONARDO SILVA CARVALHO,LEONARDO SILVA CARVALHO,2,1,1,1,2024-12-02,2024-12-02,2,1,sim,sim
LEONARDO SILVA DA COSTA,LEONARDO SILVA DA COSTA,1,1,0,0,2026-01-14,2026-01-14,1,1,nao,nao
LEONARDO SILVA JACOB,LEONARDO SILVA JACOB,4,2,2,2,2024-11-04,2025-12-10,3,3,sim,sim
LEONARDO SOUZA DA SILVA,LEONARDO SOUZA DA SILVA,2,1,1,0,2025-12-12,2026-04-17,1,1,sim,nao
LEONARDO TRINDADE ALVES,LEONARDO TRINDADE ALVES,1,1,0,0,2024-10-09,2024-10-09,0,0,nao,nao
LEONARDO VALLE BASTOS CARVALHO,LEONARDO VALLE BASTOS CARVALHO,1,1,0,0,2024-11-21,2024-11-21,1,1,nao,nao
LEONOR DE CARVALHO MARCELINO,LEONOR DE CARVALHO MARCELINO,1,0,1,0,2026-03-09,2026-03-09,1,1,nao,nao
LEO￾NARDO LOUREIRO DIAS,LEO￾NARDO LOUREIRO DIAS,1,0,1,0,2024-10-21,2024-10-21,1,1,nao,nao
LEO￾NARDO MARAZZO DE MELLO,LEO￾NARDO MARAZZO DE MELLO,1,0,1,0,2024-10-10,2024-10-10,1,0,nao,nao
LEO￾NARDO OLIVEIRA DO NASCIMENTO,LEO￾NARDO OLIVEIRA DO NASCIMENTO,1,0,1,0,2024-10-31,2024-10-31,1,0,nao,nao
LEO￾NARDO REAL CARVALHO,LEO￾NARDO REAL CARVALHO,1,0,1,0,2024-10-24,2024-10-24,1,1,nao,nao
LETHICIA VITORIA MARQUES DE SOUZA,LETHICIA VITÓRIA MARQUES DE SOUZA,1,1,0,0,2026-03-24,2026-03-24,1,0,nao,nao
LETICE DOS SANTOS DA SILVA ALVES,LETICE DOS SANTOS DA SILVA ALVES,1,1,0,0,2026-01-15,2026-01-15,1,1,nao,nao
LETICIA ALBUQUERQUE SILVA CARUSO,LETICIA ALBUQUERQUE SILVA CARUSO,2,2,0,0,2026-03-11,2026-03-11,2,1,nao,nao
LETICIA ALENCAR CAMPOS,LETICIA ALENCAR CAMPOS,1,1,0,0,2025-12-12,2025-12-12,1,1,nao,nao
LETICIA ALMEIDA DE CASTRO,LETICIA ALMEIDA DE CASTRO,1,1,0,0,2024-10-30,2024-10-30,1,1,nao,nao
LETICIA AUGUSTA DE ARAUJO ROCHA,LETICIA AUGUSTA DE ARAUJO ROCHA,1,1,0,0,2026-02-27,2026-02-27,1,0,nao,nao
LETICIA BASTOS VIEGAS,LETICIA BASTOS VIEGAS,1,1,0,0,2026-01-30,2026-01-30,0,0,nao,nao
LETICIA BRITO LYRA MURISINI,LETICIA BRITO LYRA MURISINI,1,0,1,0,2026-04-22,2026-04-22,1,0,nao,nao
LETICIA CORREA NOVAES FLORENCIO,LETICIA CORREA NOVAES FLORENCIO,1,1,0,0,2026-03-17,2026-03-17,1,0,nao,nao
LETICIA DE ARAUJO PEREIRA,LETICIA DE ARAUJO PEREIRA,1,1,0,0,2026-03-25,2026-03-25,1,1,nao,nao
LETICIA DE OLIVEIRA CHEBOM,LETICIA DE OLIVEIRA CHEBOM,1,1,0,0,2025-11-24,2025-11-24,1,0,nao,nao
LETICIA DE OLIVEIRA GOMES,LETICIA DE OLIVEIRA GOMES,1,1,0,0,2026-01-19,2026-01-19,0,0,nao,nao
LETICIA FERREIRA DE SOUSA,LETICIA FERREIRA DE SOUSA,1,1,0,0,2024-12-10,2024-12-10,0,1,nao,nao
LETICIA FERREIRA SANTOS RIBEIRO MELLO,LETICIA FERREIRA SANTOS RIBEIRO MELLO,1,0,1,0,2026-01-27,2026-01-27,1,1,nao,nao
LETICIA GUIMARAES FERREIRA ANDRADE,LETICIA GUIMARAES FERREIRA ANDRADE,1,1,0,0,2025-12-26,2025-12-26,1,1,nao,nao
LETICIA ISABEL DUQUE QUEIROGA,LETICIA ISABEL DUQUE QUEIROGA,1,0,1,0,2026-04-17,2026-04-17,1,1,nao,nao
LETICIA MARIA MESQUITA DA SILVA,LETICIA MARIA MESQUITA DA SILVA,1,0,1,0,2026-03-26,2026-03-26,1,0,nao,nao
LETICIA MOURA PESTANA,LETÍCIA MOURA PESTANA,1,0,1,0,2024-11-28,2024-11-28,1,1,nao,nao
LETICIA MURILO SANTOS,LETICIA MURILO SANTOS,1,0,1,0,2026-04-17,2026-04-17,1,1,nao,nao
LETICIA OLIVEIRA CARMO DE BARROS,LETICIA OLIVEIRA CARMO DE BARROS,1,0,1,0,2026-03-11,2026-03-11,1,1,nao,nao
LETICIA OLIVEIRA DE SANTANNA,LETICIA OLIVEIRA DE SANTANNA,1,0,1,0,2026-04-28,2026-04-28,1,0,nao,nao
LETICIA PATINO BORGES,LETICIA PATINO BORGES,1,1,0,0,2026-01-13,2026-01-13,0,1,nao,nao
LETICIA PEREIRA BRAGA,LETICIA PEREIRA BRAGA,2,1,1,0,2024-11-07,2025-12-04,1,0,sim,nao
LETICIA PINHEIRO DE CARVALHO JORGE,LETICIA PINHEIRO DE CARVALHO JORGE,1,0,1,0,2026-02-04,2026-02-04,1,0,nao,nao
LETICIA SOUZA DA SILVA,LETICIA SOUZA DA SILVA,1,1,0,0,2025-12-23,2025-12-23,1,0,nao,nao
LETICIA SPINOLA FLAVIO,LETICIA SPINOLA FLAVIO,1,0,1,0,2025-11-17,2025-11-17,1,0,nao,nao
LEVI DOS SANTOS MOTA,LEVI DOS SANTOS MOTA,1,1,0,0,2025-12-11,2025-12-11,1,1,nao,nao
LEVI ROQUE DE LIMA,LEVI ROQUE DE LIMA,1,1,0,0,2026-02-26,2026-02-26,1,0,nao,nao
LE￾NICE GOMES PEREIRA,LE￾NICE GOMES PEREIRA,1,0,1,0,2024-12-09,2024-12-09,1,1,nao,nao
LE￾TICIA FRANCO DA FONSECA DO NASCIMENTO,LE￾TÍCIA FRANCO DA FONSECA DO NASCIMENTO,1,0,1,0,2024-11-05,2024-11-05,1,0,nao,nao
LE￾TICIA SEVERIANO CABRAL,LE￾TÍCIA SEVERIANO CABRAL,1,0,1,0,2024-10-10,2024-10-10,1,1,nao,nao
LIA REGINA COELHO DOMINGOS,LIA REGINA COELHO DOMINGOS,1,1,0,0,2026-02-11,2026-02-11,1,0,nao,nao
LICIA TOSTES DA SILVA,LICIA TOSTES DA SILVA,1,0,1,0,2026-04-16,2026-04-16,1,1,nao,nao
LIDIA DE SOUSA SILVA,LIDIA DE SOUSA SILVA,1,1,0,0,2026-03-19,2026-03-19,0,1,nao,nao
LIDIA OLIVEIRA DE SOUZA,LIDIA OLIVEIRA DE SOUZA,1,0,1,0,2026-03-24,2026-03-24,1,0,nao,nao
LIDIA VIEIRA LIMA ALVES,LIDIA VIEIRA LIMA ALVES,2,1,1,0,2026-01-12,2026-04-16,2,0,sim,nao
LIDIANE CRISTINE DA SILVA,LIDIANE CRISTINE DA SILVA,1,1,0,0,2024-10-21,2024-10-21,0,1,nao,nao
LIDIANE DA SILVA SANTOS,LIDIANE DA SILVA SANTOS,1,1,0,0,2026-03-19,2026-03-19,0,1,nao,nao
LIDIANE OLIVEIRA DA SILVA,LIDIANE OLIVEIRA DA SILVA,1,1,0,0,2025-12-04,2025-12-04,1,0,nao,nao
LILIA DA SILVA PINHEIRO,LILIA DA SILVA PINHEIRO,1,0,1,0,2024-10-24,2024-10-24,1,1,nao,nao
LILIA RODRIGUES XAVIER RIBEIRO,LILIA RODRIGUES XAVIER RIBEIRO,1,0,1,0,2026-01-27,2026-01-27,1,1,nao,nao
LILIAM SA DE PAULA,LILIAM SÁ DE PAULA,1,1,0,0,2024-11-01,2024-11-01,1,0,nao,nao
LILIAN ANTUNES DA SILVA,LILIAN ANTUNES DA SILVA,1,1,0,0,2026-03-25,2026-03-25,1,0,nao,nao
LILIAN APARECIDA ALMEIDA GARRIT DOS SANTOS,LILIAN APARECIDA ALMEIDA GARRIT DOS SANTOS,1,1,0,0,2026-03-25,2026-03-25,0,1,nao,nao
LILIAN AZARO ESTEVES,LILIAN AZARO ESTEVES,2,2,0,0,2025-11-25,2026-02-12,2,0,nao,nao
LILIAN BONAFE DE VASCONCELLOS,LILIAN BONAFE DE VASCONCELLOS,1,0,1,0,2026-03-04,2026-03-04,1,1,nao,nao
LILIAN CRISTINA DE ALBUQUERQUE RODRIGUES,LILIAN CRISTINA DE ALBUQUERQUE RODRIGUES,3,2,1,0,2026-03-10,2026-04-17,2,1,sim,nao
LILIAN DA ROCHA RODRIGUES,LILIAN DA ROCHA RODRIGUES,2,1,1,1,2026-03-17,2026-03-23,2,1,sim,sim
LILIAN LOURENCO GERARD,LILIAN LOURENCO GERARD,1,1,0,0,2026-03-18,2026-03-18,1,0,nao,nao
LILIAN MANCANO BASTOS DA COSTA,LILIAN MANÇANO BASTOS DA COSTA,2,2,0,0,2024-12-26,2025-11-28,0,2,nao,nao
LILIANA TEIXEIRA DA SILVA MONTEIRO BRAZ,LILIANA TEIXEIRA DA SILVA MONTEIRO BRAZ,1,1,0,0,2024-10-30,2024-10-30,1,0,nao,nao
LILIANE FRANCISCO DO NASCIMENTO,LILIANE FRANCISCO DO NASCIMENTO,1,1,0,0,2026-03-24,2026-03-24,1,0,nao,nao
LILIANY BRANDAO DE ALMEIDA,LILIANY BRANDÃO DE ALMEIDA,1,0,1,0,2025-11-10,2025-11-10,1,1,nao,nao
LINCOLN HONORIO SANTOS,LINCOLN HONORIO SANTOS,2,2,0,0,2026-03-10,2026-03-10,0,0,nao,nao
LINCON DE CASTRO GOMES,LINCON DE CASTRO GOMES,1,0,1,0,2024-10-15,2024-10-15,1,0,nao,nao
LINDA INES DE CARVALHO SANT ANNA,LINDA INES DE CARVALHO SANT ANNA,1,0,1,0,2026-04-14,2026-04-14,1,0,nao,nao
LIRIAN PEREIRA VIEIRA,LIRIAN PEREIRA VIEIRA,2,1,1,1,2024-10-17,2024-10-17,2,2,sim,sim
LIVIA FERREIRA CAVALCANTE,LIVIA FERREIRA CAVALCANTE,1,1,0,0,2024-10-18,2024-10-18,1,0,nao,nao
LIVIA FERREIRA XAVIER,LIVIA FERREIRA XAVIER,1,0,1,0,2025-12-10,2025-12-10,1,0,nao,nao
LIVIA MACIEL VALENTE,LIVIA MACIEL VALENTE,2,1,1,0,2024-11-04,2026-04-29,1,1,sim,nao
LIVIA PORTO DE SOUZA,LÍVIA PORTO DE SOUZA,1,1,0,0,2024-12-10,2024-12-10,0,1,nao,nao
LIVIA VIRGINIA DE ANDRADE MELO,LIVIA VIRGINIA DE ANDRADE MELO,1,0,1,0,2026-04-28,2026-04-28,1,1,nao,nao
LIZABELA SOUZA DE ARAUJO SANTOS,LIZABELA SOUZA DE ARAÚJO SANTOS,1,1,0,0,2025-11-24,2025-11-24,1,1,nao,nao
LIZANDRA BRAGA SOARES DE MELO,LIZANDRA BRAGA SOARES DE MELO,1,1,0,0,2026-03-06,2026-03-06,0,1,nao,nao
LIZANDRO VILARDO,LIZANDRO VILARDO,3,2,1,1,2026-03-11,2026-03-24,2,0,sim,sim
LI￾RIEN DIAS DE SANTANA,LI￾RIEN DIAS DE SANTANA,1,0,1,0,2024-10-04,2024-10-04,1,1,nao,nao
LOHAN FERNANDES DA SILVA,LOHAN FERNANDES DA SILVA,1,1,0,0,2025-11-24,2025-11-24,1,1,nao,nao
LOHANA ARAUJO HADDAD,LOHANA ARAÚJO HADDAD,1,1,0,0,2024-10-17,2024-10-17,1,1,nao,nao
LOHANA CONCEICAO ROS A,LOHANA CONCEICAO ROS A,1,0,1,0,2026-04-14,2026-04-14,1,1,nao,nao
LOHANNA PEREIRA COUTINHO,LOHANNA PEREIRA COUTINHO,1,0,1,0,2024-10-18,2024-10-18,1,1,nao,nao
LORAINE MARIA DE OLIVEIRA SANTOS,LORAINE MARIA DE OLIVEIRA SANTOS,1,1,0,0,2026-02-02,2026-02-02,1,1,nao,nao
LOREN DE ALENCAR BARCELOS,LOREN DE ALENCAR BARCELOS,1,1,0,0,2026-02-23,2026-02-23,1,0,nao,nao
LORENA ALVES DE BRITO BARBOSA,LORENA ALVES DE BRITO BARBOSA,1,0,1,0,2026-02-04,2026-02-04,1,1,nao,nao
LORENA APARECIDA RIBEIRO,LORENA APARECIDA RIBEIRO,1,1,0,0,2025-11-07,2025-11-07,0,0,nao,nao
LORENA LUISA NEVES MACHADO,LORENA LUISA NEVES MACHADO,2,1,1,0,2026-02-02,2026-04-17,2,0,sim,nao
LORENA SOUZA PESSOA DA SILVA,LORENA SOUZA PESSOA DA SILVA,1,1,0,0,2026-02-09,2026-02-09,0,0,nao,nao
LORENNA VILACA DE CARVALHO,LORENNA VILAÇA DE CARVALHO,1,0,1,0,2024-11-04,2024-11-04,1,1,nao,nao
LORENZO MAIA DE BRITO MOREIRA DA SILVA,LORENZO MAIA DE BRITO MOREIRA DA SILVA,1,1,0,0,2026-03-04,2026-03-04,1,0,nao,nao
LORRAINE FONSECA ANDRADE DA SILVA,LORRAINE FONSECA ANDRADE DA SILVA,1,0,1,0,2025-12-03,2025-12-03,1,1,nao,nao
LORRANE DE LIMA MENDONCA,LORRANE DE LIMA MENDONÇA,1,1,0,0,2024-11-04,2024-11-04,0,0,nao,nao
LORRANSEN SILVA DO VALLE,LORRANSEN SILVA DO VALLE,1,0,1,0,2026-01-14,2026-01-14,1,1,nao,nao
LORRAYNE ALVES DE AZEVEDO,LORRAYNE ALVES DE AZEVEDO,1,0,1,0,2026-01-02,2026-01-02,1,1,nao,nao
LOUISE GOMES DE VASCONCELOS SILVA LEMOS,LOUISE GOMES DE VASCONCELOS SILVA LEMOS,2,0,2,0,2025-12-08,2026-03-13,1,0,nao,nao
LOUISE MAYER ANDRADE DE ALBUQUERQUE,LOUISE MAYER ANDRADE DE ALBUQUERQUE,1,0,1,0,2025-12-05,2025-12-05,1,0,nao,nao
LOURDEMAR LIMA VILANOVA,LOURDEMAR LIMA VILANOVA,1,1,0,0,2026-02-11,2026-02-11,1,1,nao,nao
LUAN ARAUJO DA SILVA,LUAN ARAUJO DA SILVA,1,1,0,0,2026-03-13,2026-03-13,1,1,nao,nao
LUAN CHRISTIAN LINHARES ALTAMIRO,LUAN CHRISTIAN LINHARES ALTAMIRO,2,1,1,0,2026-01-29,2026-03-02,2,2,sim,nao
LUAN JESSE DE ARAUJO LEITAO,LUAN JESSÉ DE ARAÚJO LEITÃO,1,0,1,0,2024-10-31,2024-10-31,0,0,nao,nao
LUAN VITOR MEDEIROS DE ARAUJO,LUAN VITOR MEDEIROS DE ARAÚJO,1,1,0,0,2026-01-29,2026-01-29,0,0,nao,nao
LUANA ABREU DOS SANTOS LOURENCO,LUANA ABREU DOS SANTOS LOURENCO,1,1,0,0,2026-04-28,2026-04-28,1,0,nao,nao
LUANA ATANAZIO DE MORAES,LUANA ATANAZIO DE MORAES,1,1,0,0,2026-03-05,2026-03-05,0,1,nao,nao
LUANA AZAMOR DA COSTA BARROS,LUANA AZAMOR DA COSTA BARROS,1,0,1,0,2025-11-07,2025-11-07,1,0,nao,nao
LUANA BRAGA DOS SANTOS,LUANA BRAGA DOS SANTOS,1,0,1,0,2026-04-16,2026-04-16,1,0,nao,nao
LUANA CABRAL DA SILVA BARCELOS,LUANA CABRAL DA SILVA BARCELOS,2,1,1,1,2026-01-26,2026-02-03,2,1,sim,sim
LUANA CARVALHO DE OLIVEIRA DA SILVA,LUANA CARVALHO DE OLIVEIRA DA SILVA,2,1,1,0,2025-12-12,2026-04-16,2,0,sim,nao
LUANA CURTARELLI NARDI,LUANA CURTARELLI NARDI,1,0,1,0,2024-11-06,2024-11-06,0,0,nao,nao
LUANA DE OLIVEIRA MENESES,LUANA DE OLIVEIRA MENESES,1,1,0,0,2026-03-20,2026-03-20,1,0,nao,nao
LUANA ELIAS PERUZZI MORAIS,LUANA ELIAS PERUZZI MORAIS,1,1,0,0,2026-01-02,2026-01-02,0,1,nao,nao
LUANA FRESE BARBOSA,LUANA FRESE BARBOSA,1,1,0,0,2026-01-15,2026-01-15,1,1,nao,nao
LUANA GABREIRO LAURINDO,LUANA GABREIRO LAURINDO,1,1,0,0,2025-12-08,2025-12-08,1,1,nao,nao
LUANA MARTINS FRANCO BANDEIRA,LUANA MARTINS FRANCO BANDEIRA,2,1,1,1,2026-03-19,2026-03-25,1,2,sim,sim
LUANA QUELI MEDEIROS,LUANA QUELI MEDEIROS,2,0,2,0,2024-11-29,2026-04-15,2,1,nao,nao
LUANA SOUZA ANJOS DE SA,LUANA SOUZA ANJOS DE SA,1,1,0,0,2025-12-04,2025-12-04,1,1,nao,nao
LUANA TAVARES BARBOSA,LUANA TAVARES BARBOSA,1,1,0,0,2025-12-17,2025-12-17,1,0,nao,nao
LUANDA DE SOUSA GUIMARAES COSME,LUANDA DE SOUSA GUIMARÃES COSME,1,1,0,0,2025-11-12,2025-11-12,1,1,nao,nao
LUANE DE CASTRO FONTELA EUGENIO,LUANE DE CASTRO FONTELA EUGÊNIO,1,1,0,0,2024-11-12,2024-11-12,0,1,nao,nao
LUANNA CUNHA MARTINS DIAS,LUANNA CUNHA MARTINS DIAS,1,1,0,0,2024-10-04,2024-10-04,1,1,nao,nao
LUANY SILVA DE OLIVEIRA,LUANY SILVA DE OLIVEIRA,1,1,0,0,2026-02-23,2026-02-23,1,0,nao,nao
LUCA CONDE OTTONI,LUCA CONDÉ OTTONI,1,0,1,0,2026-04-01,2026-04-01,1,1,nao,nao
LUCAS ALVES DA SILVA,LUCAS ALVES DA SILVA,1,1,0,0,2025-12-23,2025-12-23,0,0,nao,nao
LUCAS AMARAL SANTANA,LUCAS AMARAL SANTANA,1,0,1,0,2026-04-10,2026-04-10,1,0,nao,nao
LUCAS AUGUSTO FARIA ALVES,LUCAS AUGUSTO FARIA ALVES,2,1,1,1,2026-03-20,2026-03-20,2,0,sim,sim
LUCAS AZEVEDO ESCALA MOREIRA,LUCAS AZEVEDO ESCALA MOREIRA,1,1,0,0,2026-02-27,2026-02-27,1,0,nao,nao
LUCAS BUARQUE DA COSTA,LUCAS BUARQUE DA COSTA,2,1,1,1,2026-01-09,2026-01-13,1,1,sim,sim
LUCAS CABRAL RIBEIRO PINTO,LUCAS CABRAL RIBEIRO PINTO,1,0,1,0,2025-12-08,2025-12-08,1,1,nao,nao
LUCAS CAIO MIRANDA DE MEDEIROS,LUCAS CAIO MIRANDA DE MEDEIROS,1,0,1,0,2024-10-01,2024-10-01,1,1,nao,nao
LUCAS DA CONCEICAO RIBEIRO,LUCAS DA CONCEICAO RIBEIRO,1,1,0,0,2026-03-04,2026-03-04,0,1,nao,nao
LUCAS DA COSTA MOREIRA,LUCAS DA COSTA MOREIRA,1,0,1,0,2026-04-20,2026-04-20,1,1,nao,nao
LUCAS DE ALMEIDA BARBOSA NUNES,LUCAS DE ALMEIDA BARBOSA NUNES,2,1,1,0,2024-10-17,2024-11-11,2,2,sim,nao
LUCAS DE JESUS CARVALHAL,LUCAS DE JESUS CARVALHAL,1,0,1,0,2025-11-28,2025-11-28,1,1,nao,nao
LUCAS DE OLIVEIRA MEDICI PINTO DA SILVA,LUCAS DE OLIVEIRA MEDICI PINTO DA SILVA,1,0,1,0,2026-04-16,2026-04-16,1,0,nao,nao
LUCAS DOS SANTOS BAPTISTA,LUCAS DOS SANTOS BAPTISTA,1,1,0,0,2026-01-23,2026-01-23,0,1,nao,nao
LUCAS FARIA DE OLIVEIRA,LUCAS FARIA DE OLIVEIRA,1,1,0,0,2025-11-05,2025-11-05,0,1,nao,nao
LUCAS FERREIRA DA SILVA,LUCAS FERREIRA DA SILVA,1,0,1,0,2026-04-08,2026-04-08,1,0,nao,nao
LUCAS FRANCA ALVARENGA,LUCAS FRANCA ALVARENGA,1,1,0,0,2026-02-02,2026-02-02,0,0,nao,nao
LUCAS GABRIEL SANTOS DA SILVA,LUCAS GABRIEL SANTOS DA SILVA,1,0,1,0,2026-04-17,2026-04-17,1,0,nao,nao
LUCAS HERCULANO GONCALVES,LUCAS HERCULANO GONCALVES,1,1,0,0,2026-01-07,2026-01-07,0,0,nao,nao
LUCAS LIMA FINOTI,LUCAS LIMA FINOTI,1,1,0,0,2026-01-30,2026-01-30,1,0,nao,nao
LUCAS MAIA DE SOUZA,LUCAS MAIA DE SOUZA,1,1,0,0,2026-01-14,2026-01-14,0,0,nao,nao
LUCAS MARTINS DE SOUZA,LUCAS MARTINS DE SOUZA,2,1,1,0,2026-03-13,2026-04-17,2,1,sim,nao
LUCAS MATHEUS BRAGA DE OLIVEIRA,LUCAS MATHEUS BRAGA DE OLIVEIRA,1,1,0,0,2024-11-12,2024-11-12,1,1,nao,nao
LUCAS MATHEUS DOS SANTOS RIBEIRO,LUCAS MATHEUS DOS SANTOS RIBEIRO,2,1,1,0,2026-02-25,2026-04-28,2,0,sim,nao
LUCAS NETO MORAIS,LUCAS NETO MORAIS,1,0,1,0,2026-02-04,2026-02-04,1,1,nao,nao
LUCAS PEREIRA DOS SANTOS,LUCAS PEREIRA DOS SANTOS,1,0,1,0,2024-11-21,2024-11-21,1,1,nao,nao
LUCAS PISMEL ROCHA SANTOS,LUCAS PISMEL ROCHA SANTOS,1,1,0,0,2026-02-03,2026-02-03,1,1,nao,nao
LUCAS RAMOS MATOS,LUCAS RAMOS MATOS,1,0,1,0,2026-03-19,2026-03-19,1,1,nao,nao
LUCAS RIBEIRO OLYMPIO DE MELLO,LUCAS RIBEIRO OLYMPIO DE MELLO,1,1,0,0,2026-02-03,2026-02-03,0,0,nao,nao
LUCAS RODRIGUES MONTEIRO,LUCAS RODRIGUES MONTEIRO,1,1,0,0,2026-03-17,2026-03-17,0,1,nao,nao
LUCAS SANTANA DA SILVA,LUCAS SANTANA DA SILVA,1,1,0,0,2026-02-12,2026-02-12,0,0,nao,nao
LUCAS SANTOS WERNECK,LUCAS SANTOS WERNECK,1,0,1,0,2024-10-15,2024-10-15,1,0,nao,nao
LUCAS SOUZA DA SILVA,LUCAS SOUZA DA SILVA,1,0,1,0,2026-04-08,2026-04-08,1,1,nao,nao
LUCAS SOUZA E SILVA,LUCAS SOUZA E SILVA,1,1,0,0,2026-01-23,2026-01-23,1,1,nao,nao
LUCAS THOME FERREIRA,LUCAS THOMÉ FERREIRA,2,1,1,0,2025-11-27,2026-04-27,2,2,sim,nao
LUCAS TOME EUZEBIO,LUCAS TOME EUZEBIO,1,1,0,0,2026-03-13,2026-03-13,1,0,nao,nao
LUCAS VINICIUS DA SILVA VILLELA,LUCAS VINICIUS DA SILVA VILLELA,1,1,0,0,2025-12-10,2025-12-10,0,1,nao,nao
LUCAS VIRGINIO DE CARVALHO,LUCAS VIRGINIO DE CARVALHO,1,1,0,0,2025-12-11,2025-12-11,0,0,nao,nao
LUCCA REZENDE RETTO,LUCCA REZENDE RETTO,2,2,0,0,2026-03-16,2026-03-16,0,0,nao,nao
LUCIA HELENA ALVES FERREIRA,LUCIA HELENA ALVES FERREIRA,1,1,0,0,2026-03-27,2026-03-27,0,0,nao,nao
LUCIANA BORGES DE VELLOSO VIANNA,LUCIANA BORGES DE VELLOSO VIANNA,1,1,0,0,2026-03-11,2026-03-11,1,0,nao,nao
LUCIANA CARVALHO LARANJEIRA,LUCIANA CARVALHO LARANJEIRA,1,1,0,0,2024-11-04,2024-11-04,0,1,nao,nao
LUCIANA CLAUDIA DE SOUZA,LUCIANA CLAUDIA DE SOUZA,1,1,0,0,2026-01-09,2026-01-09,0,0,nao,nao
LUCIANA DA SILVA GOMES,LUCIANA DA SILVA GOMES,2,1,1,0,2026-03-24,2026-04-16,2,0,sim,nao
LUCIANA DA SILVA JOAQUIM,LUCIANA DA SILVA JOAQUIM,2,1,1,1,2025-11-10,2026-01-14,2,1,sim,sim
LUCIANA DE LAVOR DE MORAES,LUCIANA DE LAVOR DE MORAES,1,0,1,0,2025-12-03,2025-12-03,1,1,nao,nao
LUCIANA DE LIMA BORGES,LUCIANA DE LIMA BORGES,1,0,1,0,2024-10-30,2024-10-30,1,0,nao,nao
LUCIANA DE OLIVEIRA CRUZ,LUCIANA DE OLIVEIRA CRUZ,1,1,0,0,2026-01-15,2026-01-15,1,1,nao,nao
LUCIANA DOS SANTOS BRANDAO,LUCIANA DOS SANTOS BRANDÃO,1,1,0,0,2024-10-29,2024-10-29,0,0,nao,nao
LUCIANA FATIMA BASTOS DOMINGUES,LUCIANA FATIMA BASTOS DOMINGUES,1,1,0,0,2026-03-04,2026-03-04,1,1,nao,nao
LUCIANA FERNANDES ALBUQUERQUE OLIVEIRA,LUCIANA FERNANDES ALBUQUERQUE OLIVEIRA,1,1,0,0,2025-11-28,2025-11-28,1,1,nao,nao
LUCIANA LEITE DE SOUZA,LUCIANA LEITE DE SOUZA,1,0,1,0,2026-03-13,2026-03-13,1,1,nao,nao
LUCIANA LINHARES DE ALMEIDA,LUCIANA LINHARES DE ALMEIDA,3,0,3,0,2025-11-24,2026-01-26,1,3,nao,nao
LUCIANA LUIZ MOREIRA LISBOA,LUCIANA LUIZ MOREIRA LISBOA,1,0,1,0,2026-03-11,2026-03-11,1,1,nao,nao
LUCIANA MARIA DA SILVA,LUCIANA MARIA DA SILVA,1,0,1,0,2024-11-29,2024-11-29,1,1,nao,nao
LUCIANA MARTINS CALACA,LUCIANA MARTINS CALAÇA,3,2,1,2,2026-02-24,2026-02-24,2,1,sim,sim
LUCIANA RIBEIRO NEVES,LUCIANA RIBEIRO NEVES,1,1,0,0,2026-03-19,2026-03-19,0,1,nao,nao
LUCIANA ROSA DO CARMO VIEIRA,LUCIANA ROSA DO CARMO VIEIRA,1,1,0,0,2024-10-18,2024-10-18,0,0,nao,nao
LUCIANA SANTOS DA CUNHA,LUCIANA SANTOS DA CUNHA,1,1,0,0,2026-01-29,2026-01-29,0,0,nao,nao
LUCIANA SILVA DA CUNHA,LUCIANA SILVA DA CUNHA,1,1,0,0,2025-11-28,2025-11-28,1,1,nao,nao
LUCIANE DA SILVA RODRIGUES,LUCIANE DA SILVA RODRIGUES,1,1,0,0,2026-03-17,2026-03-17,0,1,nao,nao
LUCIANE OLIVEIRA NUNES,LUCIANE OLIVEIRA NUNES,1,1,0,0,2026-02-10,2026-02-10,1,0,nao,nao
LUCIANO CARVALHO DE SOUZA,LUCIANO CARVALHO DE SOUZA,1,0,1,0,2026-04-08,2026-04-08,1,1,nao,nao
LUCIANO DA COSTA,LUCIANO DA COSTA,2,1,1,0,2025-12-16,2026-04-16,2,0,sim,nao
LUCIANO DANIEL DOS SANTOS,LUCIANO DANIEL DOS SANTOS,1,1,0,0,2026-03-24,2026-03-24,1,0,nao,nao
LUCIANO DE LIMA RANGEL,LUCIANO DE LIMA RANGEL,1,1,0,0,2024-11-22,2024-11-22,1,0,nao,nao
LUCIANO DE MELO VASCONCELOS,LUCIANO DE MELO VASCONCELOS,2,1,1,1,2024-10-07,2024-10-07,2,2,sim,sim
LUCIANO DE SANT ANNA DOS SANTOS,LUCIANO DE SANT ANNA DOS SANTOS,1,1,0,0,2026-03-24,2026-03-24,0,1,nao,nao
LUCIANO FERREIRA PASSOS,LUCIANO FERREIRA PASSOS,1,1,0,0,2025-12-23,2025-12-23,0,0,nao,nao
LUCIANO GALDINO DE PAIVA,LUCIANO GALDINO DE PAIVA,1,0,1,0,2026-04-28,2026-04-28,1,0,nao,nao
LUCIANO GUIMARAES DA CUNHA,LUCIANO GUIMARAES DA CUNHA,2,1,1,0,2026-01-26,2026-04-29,2,2,sim,nao
LUCIANO HENRIQUE LOURENCO,LUCIANO HENRIQUE LOURENÇO,1,1,0,0,2026-02-26,2026-02-26,1,1,nao,nao
LUCIANO JOAO SOARES FILHO,LUCIANO JOÃO SOARES FILHO,1,0,1,0,2026-04-01,2026-04-01,1,1,nao,nao
LUCIANO JOSE DOS SANTOS,LUCIANO JOSE DOS SANTOS,1,0,1,0,2026-04-20,2026-04-20,1,1,nao,nao
LUCIANO LUIZ MOREIRA,LUCIANO LUIZ MOREIRA,1,0,1,0,2026-04-17,2026-04-17,1,0,nao,nao
LUCIANO LUZ CARLOS,LUCIANO LUZ CARLOS,1,0,1,0,2026-03-19,2026-03-19,1,0,nao,nao
LUCIANO MARQUES GOMES,LUCIANO MARQUES GOMES,1,1,0,0,2026-03-19,2026-03-19,1,1,nao,nao
LUCIANO MOREIRA CHAVES,LUCIANO MOREIRA CHAVES,1,0,1,0,2026-02-11,2026-02-11,1,1,nao,nao
LUCIANO PATRIZI DUARTE,LUCIANO PATRIZI DUARTE,1,0,1,0,2024-11-22,2024-11-22,1,0,nao,nao
LUCIANO PEREIRA GOMES,LUCIANO PEREIRA GOMES,1,1,0,0,2026-02-05,2026-02-05,0,0,nao,nao
LUCIANO PIRES BENEVENUTO,LUCIANO PIRES BENEVENUTO,2,2,0,0,2026-02-20,2026-02-20,0,0,nao,nao
LUCIANO RESENDE DA SILVA,LUCIANO RESENDE DA SILVA,1,0,1,0,2026-01-27,2026-01-27,1,1,nao,nao
LUCIENE RANGEL DA SILVA BARRETO,LUCIENE RANGEL DA SILVA BARRETO,2,0,2,0,2026-01-27,2026-03-02,1,2,nao,nao
LUCIENE RODRIGUES DE SOUSA,LUCIENE RODRIGUES DE SOUSA,1,1,0,0,2024-11-04,2024-11-04,0,0,nao,nao
LUCIENE SILVA GRAO DE SOUZA,LUCIENE SILVA GRAO DE SOUZA,3,3,0,0,2026-01-29,2026-03-06,1,1,nao,nao
LUCIENE TOMAZINE DO PRADO PALADINO,LUCIENE TOMAZINE DO PRADO PALADINO,1,1,0,0,2026-04-17,2026-04-17,1,1,nao,nao
LUCILEIA LOPES FABRICIO,LUCILEIA LOPES FABRÍCIO,1,0,1,0,2024-11-14,2024-11-14,1,0,nao,nao
LUCILENE NASCIMENTO DA SILVA,LUCILENE NASCIMENTO DA SILVA,1,1,0,0,2026-01-30,2026-01-30,1,0,nao,nao
LUCIMARA CARVALHO FERREIRA,LUCIMARA CARVALHO FERREIRA,1,1,0,0,2026-03-13,2026-03-13,1,0,nao,nao
LUCIO ALEXANDRE PEREIRA MOTA,LUCIO ALEXANDRE PEREIRA MOTA,2,1,1,0,2025-12-01,2026-04-01,2,2,sim,nao
LUCIO CAMILO OLIVA PEREIRA,LUCIO CAMILO OLIVA PEREIRA,2,1,1,1,2024-12-19,2024-12-19,1,0,sim,sim
LUCIO FRANCO DE FARIAS,LUCIO FRANCO DE FARIAS,1,1,0,0,2024-12-06,2024-12-06,0,0,nao,nao
LUCIO MAURO DE OLIVEIRA CAMPOS,LUCIO MAURO DE OLIVEIRA CAMPOS,1,0,1,0,2026-02-06,2026-02-06,1,0,nao,nao
LUCIO MIGUEL DE SOUZA,LUCIO MIGUEL DE SOUZA,1,0,1,0,2026-04-20,2026-04-20,1,1,nao,nao
LUCY LAPORTE NEVES,LUCY LAPORTE NEVES,1,0,1,0,2025-12-01,2025-12-01,1,0,nao,nao
LUDMILA RIBEIRO PAIVA,LUDMILA RIBEIRO PAIVA,1,0,1,0,2026-04-27,2026-04-27,1,1,nao,nao
LUDMILA TABOADA CLEFFS DE SOUZA,LUDMILA TABOADA CLEFFS DE SOUZA,1,1,0,0,2025-11-17,2025-11-17,0,0,nao,nao
LUDMILLA ALFELD DE SOUZA BALTHAZAR FERREIRA,LUDMILLA ALFELD DE SOUZA BALTHAZAR FERREIRA,1,0,1,0,2026-04-28,2026-04-28,1,0,nao,nao
LUDMYLA MARCELA PINTO DA SILVA,LUDMYLA MARCELA PINTO DA SILVA,1,1,0,0,2026-02-05,2026-02-05,0,0,nao,nao
LUDYMILA DHARA DE OLIVEIRA QUEIROZ,LUDYMILA DHARA DE OLIVEIRA QUEIROZ,1,1,0,0,2025-11-18,2025-11-18,0,0,nao,nao
LUDYMILA DHARA DE OLIVEIRA QUEIROZ FERREIRA,LUDYMILA DHARA DE OLIVEIRA QUEIROZ FERREIRA,1,0,1,0,2026-01-30,2026-01-30,1,0,nao,nao
LUIDIA ERMELINA SILVEIRA DOS SANTOS SOARES,LUIDIA ERMELINA SILVEIRA DOS SANTOS SOARES,2,1,1,1,2026-03-19,2026-03-25,1,2,sim,sim
LUIS ANTONIO LUCIANO DOS SANTOS,LUIS ANTONIO LUCIANO DOS SANTOS,1,0,1,0,2026-01-02,2026-01-02,1,1,nao,nao
LUIS ANTONIO PEREIRA DE ALMEIDA,LUIS ANTONIO PEREIRA DE ALMEIDA,1,0,1,0,2026-04-16,2026-04-16,1,0,nao,nao
LUIS CARLOS ARRUDA NUNES,LUIS CARLOS ARRUDA NUNES,1,1,0,0,2026-03-20,2026-03-20,1,0,nao,nao
LUIS CARLOS DE LIMA DIOGO,LUIS CARLOS DE LIMA DIOGO,1,0,1,0,2026-01-09,2026-01-09,1,1,nao,nao
LUIS CARLOS PINTO DA SILVA,LUIS CARLOS PINTO DA SILVA,1,1,0,0,2024-12-16,2024-12-16,1,1,nao,nao
LUIS CARLOS RAMOS DOS SANTOS,LUIS CARLOS RAMOS DOS SANTOS,1,0,1,0,2026-04-01,2026-04-01,1,1,nao,nao
LUIS CARLOS SOARES,LUIS CARLOS SOARES,1,0,1,0,2024-10-08,2024-10-08,1,1,nao,nao
LUIS CLAUDIO MARINHO COELHO,LUIS CLAUDIO MARINHO COELHO,2,1,1,1,2025-11-17,2025-11-17,1,0,sim,sim
LUIS CLAUDIO MARTINEZ MESQUITA,LUIS CLAUDIO MARTINEZ MESQUITA,1,0,1,0,2026-04-20,2026-04-20,1,1,nao,nao
LUIS CLAUDIO SOUZA DA SILVA,LUÍS CLÁUDIO SOUZA DA SILVA,1,1,0,0,2026-03-23,2026-03-23,1,0,nao,nao
LUIS EDUARDO LEITE DE QUEIROZ,LUIS EDUARDO LEITE DE QUEIROZ,2,1,1,1,2024-12-04,2024-12-04,1,1,sim,sim
LUIS EDUARDO SIXEL BARRETO,LUIS EDUARDO SIXEL BARRETO,1,1,0,0,2026-04-14,2026-04-14,0,1,nao,nao
LUIS FELIPE DE MORAES MONTEIRO DE BARROS,LUIS FELIPE DE MORAES MONTEIRO DE BARROS,1,0,1,0,2026-03-02,2026-03-02,1,0,nao,nao
LUIS FELIPE MACHADO CORTE REAL DELGADO,LUIS FELIPE MACHADO CORTE REAL DELGADO,1,0,1,0,2026-04-13,2026-04-13,1,0,nao,nao
LUIS FELIPE NOGUEIRA DA COSTA BRUM,LUIS FELIPE NOGUEIRA DA COSTA BRUM,1,0,1,0,2026-03-17,2026-03-17,1,1,nao,nao
LUIS FELIPE PINHEIRO RAMOS BASTOS,LUIS FELIPE PINHEIRO RAMOS BASTOS,3,1,2,1,2024-10-25,2024-11-14,2,0,sim,sim
LUIS FELIPE SANTOS DA SILVA,LUIS FELIPE SANTOS DA SILVA,2,2,0,0,2026-03-11,2026-03-11,0,2,nao,nao
LUIS FERNANDO DOS SANTOS,LUIS FERNANDO DOS SANTOS,1,1,0,0,2024-11-13,2024-11-13,0,0,nao,nao
LUIS FERNANDO MOURA FERREIRA,LUIS FERNANDO MOURA FERREIRA,1,1,0,0,2026-03-11,2026-03-11,1,1,nao,nao
LUIS FILIPI SILVA PIERONI,LUIS FILIPI SILVA PIERONI,1,1,0,0,2026-03-17,2026-03-17,1,0,nao,nao
LUIS GUILHERME AVEIRO FACUNDINI,LUIS GUILHERME AVEIRO FACUNDINI,1,1,0,0,2024-12-02,2024-12-02,0,0,nao,nao
LUIS GUSTAVO BARBOSA MIRANDA,LUIS GUSTAVO BARBOSA MIRANDA,1,0,1,0,2025-12-01,2025-12-01,1,1,nao,nao
LUIS HENRIQUE DOMINGOS SOARES,LUIS HENRIQUE DOMINGOS SOARES,1,1,0,0,2026-02-10,2026-02-10,1,0,nao,nao
LUIS HENRIQUE TENORIO GARCIA,LUIS HENRIQUE TENORIO GARCIA,2,1,1,0,2026-03-10,2026-04-17,2,1,sim,nao
LUIS PAULO DA SILVA,LUIS PAULO DA SILVA,3,2,1,2,2026-03-11,2026-03-16,1,1,sim,sim
LUIS PHELIPE BARROS CARNEIRO,LUIS PHELIPE BARROS CARNEIRO,1,0,1,0,2024-10-17,2024-10-17,1,0,nao,nao
LUIS PHELIPPE DE ARAUJO SCHNEIDER PADILLA,LUIS PHELIPPE DE ARAUJO SCHNEIDER PADILLA,1,1,0,0,2026-01-07,2026-01-07,1,0,nao,nao
LUIS RICARDO DA SILVA TAVARES,LUIS RICARDO DA SILVA TAVARES,2,1,1,0,2025-12-16,2026-03-20,2,1,sim,nao
LUIS ROBERTO CELESTINO DOS SANTOS,LUIS ROBERTO CELESTINO DOS SANTOS,1,1,0,0,2026-03-18,2026-03-18,1,1,nao,nao
LUIS ROBERTO MALHEIROS JUNIOR,LUÍS ROBERTO MALHEIROS JÚNIOR,1,0,1,0,2024-12-02,2024-12-02,1,1,nao,nao
LUIS ROBERTO NOGUEIRA SAAD,LUIS ROBERTO NOGUEIRA SAAD,1,1,0,0,2026-02-25,2026-02-25,0,0,nao,nao
LUISA FERREIRA MEDINA TRINDADE,LUISA FERREIRA MEDINA TRINDADE,1,1,0,0,2024-11-11,2024-11-11,0,0,nao,nao
LUISA FRANCA DE CASTILHO BOAVENTURA,LUISA FRANCA DE CASTILHO BOAVENTURA,1,0,1,0,2026-04-17,2026-04-17,1,0,nao,nao
LUISA GOMES DA SILVA COSTA,LUISA GOMES DA SILVA COSTA,1,0,1,0,2026-03-06,2026-03-06,1,1,nao,nao
LUISA SANT'ANNA DUARTE PINTO,LUISA SANT'ANNA DUARTE PINTO,2,2,0,0,2026-02-20,2026-02-20,1,2,nao,nao
LUIZ ALBERTO BOAVENTURA JUNIOR,LUIZ ALBERTO BOAVENTURA JUNIOR,1,0,1,0,2026-04-15,2026-04-15,1,1,nao,nao
LUIZ ALEXANDRE SIQUEIRA FIANI DE ASSIS BAPTISTA,LUIZ ALEXANDRE SIQUEIRA FIANI DE ASSIS BAPTISTA,1,0,1,0,2026-02-02,2026-02-02,1,0,nao,nao
LUIZ ALFREDO DE CARVALHO MESQUITA,LUIZ ALFREDO DE CARVALHO MESQUITA,1,1,0,0,2025-11-07,2025-11-07,0,0,nao,nao
LUIZ ANTONIO ANELLI FILHO,LUIZ ANTONIO ANELLI FILHO,2,1,1,1,2024-12-04,2024-12-04,1,2,sim,sim
LUIZ ANTONIO DOS SANTOS VENTURA,LUIZ ANTONIO DOS SANTOS VENTURA,1,0,1,0,2026-04-17,2026-04-17,1,0,nao,nao
LUIZ ANTONIO MARTINS,LUIZ ANTÔNIO MARTINS,3,1,2,1,2025-12-02,2026-03-20,3,0,sim,sim
LUIZ ANTONIO PACHECO FOLLY,LUIZ ANTONIO PACHECO FOLLY,1,0,1,0,2024-12-02,2024-12-02,1,0,nao,nao
LUIZ ANTONIO PAIVA FERREIRA,LUIZ ANTONIO PAIVA FERREIRA,1,1,0,0,2026-02-10,2026-02-10,1,0,nao,nao
LUIZ ANTONIO PIRES DE OLIVEIRA,LUIZ ANTONIO PIRES DE OLIVEIRA,1,0,1,0,2026-03-02,2026-03-02,1,0,nao,nao
LUIZ ANTONIO ROSA DA SILVA,LUIZ ANTONIO ROSA DA SILVA,1,1,0,0,2026-02-10,2026-02-10,1,0,nao,nao
LUIZ APARECIDA DA SILVA,LUIZ APARECIDA DA SILVA,1,0,1,0,2026-04-17,2026-04-17,1,0,nao,nao
LUIZ AUGUSTO DOS SANTOS SA,LUIZ AUGUSTO DOS SANTOS SA,1,1,0,0,2025-11-17,2025-11-17,1,0,nao,nao
LUIZ CALIXTO MONTEIRO,LUIZ CALIXTO MONTEIRO,1,1,0,0,2026-03-17,2026-03-17,1,0,nao,nao
LUIZ CARLOS BARREIROS JUNIOR,LUIZ CARLOS BARREIROS JUNIOR,1,1,0,0,2026-01-29,2026-01-29,1,1,nao,nao
LUIZ CARLOS CHAGAS DE SOUZA JUNIOR,LUIZ CARLOS CHAGAS DE SOUZA JUNIOR,1,0,1,0,2026-03-24,2026-03-24,1,1,nao,nao
LUIZ CARLOS DA SILVA FERREIRA,LUIZ CARLOS DA SILVA FERREIRA,1,1,0,0,2026-02-03,2026-02-03,1,0,nao,nao
LUIZ CARLOS DE ARAUJO SOARES,LUIZ CARLOS DE ARAUJO SOARES,1,1,0,0,2026-02-26,2026-02-26,1,0,nao,nao
LUIZ CARLOS FERREIRA DA SILVA,LUIZ CARLOS FERREIRA DA SILVA,1,1,0,0,2026-01-19,2026-01-19,1,1,nao,nao
LUIZ CARLOS FERREIRA DE SOUZA,LUIZ CARLOS FERREIRA DE SOUZA,1,1,0,0,2026-01-21,2026-01-21,0,0,nao,nao
LUIZ CARLOS JOAQUIM DA SILVA,LUIZ CARLOS JOAQUIM DA SILVA,1,1,0,0,2025-12-23,2025-12-23,0,0,nao,nao
LUIZ CARLOS NASCIMENTO DOS PRAZERES,LUIZ CARLOS NASCIMENTO DOS PRAZERES,2,1,1,0,2026-02-11,2026-04-28,1,0,sim,nao
LUIZ CARLOS PIRES DE OLIVEIRA,LUIZ CARLOS PIRES DE OLIVEIRA,1,0,1,0,2024-10-25,2024-10-25,1,0,nao,nao
LUIZ CARLOS RAMOS DE SOUZA,LUIZ CARLOS RAMOS DE SOUZA,1,1,0,0,2026-01-07,2026-01-07,0,0,nao,nao
LUIZ CARLOS RAMOS JUNIOR,LUIZ CARLOS RAMOS JUNIOR,2,2,0,0,2026-02-12,2026-03-19,1,0,nao,nao
LUIZ CARLOS TORETTI JUNIOR,LUIZ CARLOS TORETTI JUNIOR,1,1,0,0,2026-03-20,2026-03-20,0,0,nao,nao
LUIZ CLAUDIO CALIXTO BARBOSA,LUIZ CLAUDIO CALIXTO BARBOSA,1,1,0,0,2026-03-23,2026-03-23,0,1,nao,nao
LUIZ CLAUDIO CAMPOS RAIMUNDO,LUIZ CLAUDIO CAMPOS RAIMUNDO,1,0,1,0,2026-04-17,2026-04-17,1,0,nao,nao
LUIZ CLAUDIO DA SILVA SANTOS,LUIZ CLAUDIO DA SILVA SANTOS,1,1,0,0,2024-11-05,2024-11-05,0,0,nao,nao
LUIZ CLAUDIO DE CASTRO,LUIZ CLAUDIO DE CASTRO,1,0,1,0,2025-11-07,2025-11-07,0,1,nao,nao
LUIZ CLAUDIO DE MATTOS CHRISOSTOMO,LUIZ CLAUDIO DE MATTOS CHRISOSTOMO,1,0,1,0,2026-04-16,2026-04-16,1,1,nao,nao
LUIZ CLAUDIO GONCALVES VASQUES,LUIZ CLÁUDIO GONÇALVES VASQUES,1,0,1,0,2024-12-02,2024-12-02,1,0,nao,nao
LUIZ CLAUDIO TABOADA CLEFFS DE SOUZA,LUIZ CLAUDIO TABOADA CLEFFS DE SOUZA,1,0,1,0,2026-03-18,2026-03-18,1,1,nao,nao
LUIZ CLAUDIO VIEIRA FILHO,LUIZ CLAUDIO VIEIRA FILHO,1,0,1,0,2026-03-02,2026-03-02,1,0,nao,nao
LUIZ DAVID BRITO MARTINS,LUIZ DAVID BRITO MARTINS,1,1,0,0,2026-03-23,2026-03-23,1,0,nao,nao
LUIZ EDUARDO PIMENTEL SOLIS,LUIZ EDUARDO PIMENTEL SOLIS,1,0,1,0,2025-12-08,2025-12-08,1,0,nao,nao
LUIZ EDUARDO PONTES FERNANDES,LUIZ EDUARDO PONTES FERNANDES,2,1,1,1,2024-12-09,2025-11-05,1,0,sim,sim
LUIZ FABIANO DE SA NUNES,LUIZ FABIANO DE SÁ NUNES,1,1,0,0,2026-03-23,2026-03-23,1,0,nao,nao
LUIZ FELIPE BARBOSA PESSANHA,LUIZ FELIPE BARBOSA PESSANHA,1,1,0,0,2026-03-06,2026-03-06,0,1,nao,nao
LUIZ FELIPE BRUM BATISTA MENDES PAVAO,LUIZ FELIPE BRUM BATISTA MENDES PAVAO,1,0,1,0,2026-04-17,2026-04-17,1,0,nao,nao
LUIZ FELIPE DE ALMEIDA CHAGAS,LUIZ FELIPE DE ALMEIDA CHAGAS,1,1,0,0,2026-02-05,2026-02-05,0,1,nao,nao
LUIZ FELIPE DE ANDRADE SILVA NASCIMENTO,LUIZ FELIPE DE ANDRADE SILVA NASCIMENTO,1,1,0,0,2026-02-11,2026-02-11,1,0,nao,nao
LUIZ FELIPE DE SOUZA GONCALVES,LUIZ FELIPE DE SOUZA GONCALVES,1,1,0,0,2026-03-10,2026-03-10,0,1,nao,nao
LUIZ FELIPE DO AMARAL DE CARVALHO,LUIZ FELIPE DO AMARAL DE CARVALHO,2,1,1,1,2024-11-04,2024-11-04,1,1,sim,sim
LUIZ FELIPE MORENO DA SILVA,LUIZ FELIPE MORENO DA SILVA,2,1,1,1,2024-11-04,2024-11-04,1,1,sim,sim
LUIZ FELIPE NASCIMENTO DA SILVA,LUIZ FELIPE NASCIMENTO DA SILVA,2,1,1,1,2024-10-07,2024-10-18,1,1,sim,sim
LUIZ FERNANDO BARBOSA BRANDAO,LUIZ FERNANDO BARBOSA BRANDÃO,2,1,1,1,2024-10-11,2024-10-11,2,1,sim,sim
LUIZ FERNANDO CARVALHO MONTEIRO JUNIOR,LUIZ FERNANDO CARVALHO MONTEIRO JUNIOR,1,1,0,0,2026-02-09,2026-02-09,1,0,nao,nao
LUIZ FERNANDO DA COSTA MELO,LUIZ FERNANDO DA COSTA MELO,1,0,1,0,2026-04-15,2026-04-15,1,1,nao,nao
LUIZ FERNANDO DA SILVA PINTO,LUIZ FERNANDO DA SILVA PINTO,2,2,0,0,2026-01-19,2026-02-05,0,0,nao,nao
LUIZ FERNANDO DE SOUZA COSTA,LUIZ FERNANDO DE SOUZA COSTA,3,1,2,1,2024-12-06,2026-03-25,3,1,sim,sim
LUIZ FERNANDO JARDIM BENTO,LUIZ FERNANDO JARDIM BENTO,1,1,0,0,2026-01-15,2026-01-15,1,1,nao,nao
LUIZ FERNANDO MARTINS DA ROCHA,LUIZ FERNANDO MARTINS DA ROCHA,2,1,1,1,2024-11-11,2024-11-12,2,0,sim,sim
LUIZ FERNANDO PINHEIRO DO NASCIMENTO,LUIZ FERNANDO PINHEIRO DO NASCIMENTO,1,0,1,0,2026-04-28,2026-04-28,1,1,nao,nao
LUIZ FERNANDO PINTO JORDAO JUNIOR,LUIZ FERNANDO PINTO JORDÃO JUNIOR,1,1,0,0,2026-02-12,2026-02-12,1,0,nao,nao
LUIZ FILIPE QUINTILIANO DA SILVA,LUIZ FILIPE QUINTILIANO DA SILVA,1,1,0,0,2026-01-29,2026-01-29,1,1,nao,nao
LUIZ FRANCISCO MACIEL FERREIRA,LUIZ FRANCISCO MACIEL FERREIRA,2,1,1,0,2026-03-24,2026-04-17,2,0,sim,nao
LUIZ GALHARDO PESSOA,LUIZ GALHARDO PESSÔA,4,2,2,2,2024-12-19,2025-11-17,2,0,sim,sim
LUIZ GOMES SA NETO,LUIZ GOMES SA NETO,1,0,1,0,2025-12-01,2025-12-01,1,0,nao,nao
LUIZ GONZAGA SIMOES DIAS,LUIZ GONZAGA SIMÕES DIAS,2,1,1,1,2024-11-12,2024-11-12,2,0,sim,sim
LUIZ GUSTAVO BOTTO MAIA,LUIZ GUSTAVO BOTTO MAIA,2,1,1,1,2026-03-20,2026-03-20,2,1,sim,sim
LUIZ GUSTAVO ROSA DO NASCIMENTO,LUIZ GUSTAVO ROSA DO NASCIMENTO,1,0,1,0,2024-12-05,2024-12-05,1,0,nao,nao
LUIZ HENRIQUE ALVES VIEIRA,LUIZ HENRIQUE ALVES VIEIRA,2,1,1,0,2025-11-05,2026-02-27,1,2,sim,nao
LUIZ HENRIQUE COSTA DE SOUZA,LUIZ HENRIQUE COSTA DE SOUZA,1,0,1,0,2025-12-11,2025-12-11,1,1,nao,nao
LUIZ HENRIQUE DA SILVA RAMOS,LUIZ HENRIQUE DA SILVA RAMOS,1,1,0,0,2025-12-12,2025-12-12,1,1,nao,nao
LUIZ HENRIQUE FERREIRA DE BARROS,LUIZ HENRIQUE FERREIRA DE BARROS,1,1,0,0,2026-02-11,2026-02-11,0,1,nao,nao
LUIZ HENRIQUE SAMPAIO,LUIZ HENRIQUE SAMPAIO,1,1,0,0,2026-02-12,2026-02-12,1,0,nao,nao
LUIZ HENRIQUE SAMPAIO MANTOVANI,LUIZ HENRIQUE SAMPAIO MANTOVANI,1,0,1,0,2026-04-17,2026-04-17,1,0,nao,nao
LUIZ JORGE MENDES DE ARAUJO JUNIOR,LUIZ JORGE MENDES DE ARAUJO JUNIOR,1,0,1,0,2026-04-17,2026-04-17,1,1,nao,nao
LUIZ LIMA DE MELO,LUIZ LIMA DE MELO,1,1,0,0,2026-03-04,2026-03-04,1,1,nao,nao
LUIZ LIMA RAMOS FILHO,LUIZ LIMA RAMOS FILHO,1,1,0,0,2026-04-13,2026-04-13,1,1,nao,nao
LUIZ MARCOS BATISTA DA COSTA AFFONSO,LUIZ MARCOS BATISTA DA COSTA AFFONSO,1,1,0,0,2026-02-27,2026-02-27,1,0,nao,nao
LUIZ OCTAVIO LOPES DA ROCHA LIMA,LUIZ OCTÁVIO LOPES DA ROCHA LIMA,2,1,1,1,2024-10-31,2024-10-31,1,2,sim,sim
LUIZ OTAVIO CAMPOS PEREIRA JUNIOR,LUIZ OTAVIO CAMPOS PEREIRA JÚNIOR,1,1,0,0,2025-11-12,2025-11-12,0,0,nao,nao
LUIZ OTAVIO DA SILVA JUSTILINO,LUIZ OTAVIO DA SILVA JUSTILINO,2,1,1,1,2026-03-04,2026-03-11,2,1,sim,sim
LUIZ PHELIPE RIBEIRO MAIA,LUIZ PHELIPE RIBEIRO MAIA,1,1,0,0,2025-12-11,2025-12-11,1,0,nao,nao
LUIZ RENATO FERREIRA DO AMARAL,LUIZ RENATO FERREIRA DO AMARAL,1,1,0,0,2026-01-19,2026-01-19,1,0,nao,nao
LUIZ RODOLFO CRUZ DE MELLO BRANCO,LUIZ RODOLFO CRUZ DE MELLO BRANCO,1,0,1,0,2026-03-26,2026-03-26,1,0,nao,nao
LUIZ SERGIO VIANA DE ALMEIDA JUNIOR,LUIZ SERGIO VIANA DE ALMEIDA JUNIOR,1,0,1,0,2026-04-16,2026-04-16,1,0,nao,nao
LUIZA BUENO SOUZA,LUIZA BUENO SOUZA,1,0,1,0,2026-03-26,2026-03-26,1,0,nao,nao
LUIZA COELHO MIRANDA CUNHA,LUIZA COELHO MIRANDA CUNHA,1,0,1,0,2026-01-29,2026-01-29,1,0,nao,nao
LUIZA CONTI DIEDERICHS,LUIZA CONTI DIEDERICHS,1,0,1,0,2024-12-23,2024-12-23,1,1,nao,nao
LUIZA DOS SANTOS MARTINS DA COSTA,LUIZA DOS SANTOS MARTINS DA COSTA,2,1,1,0,2026-03-20,2026-04-17,2,0,sim,nao
LUIZA DOS SANTOS VIEIRA,LUIZA DOS SANTOS VIEIRA,1,0,1,0,2024-12-05,2024-12-05,1,1,nao,nao
LUIZA FERREIRA DA SILVA PRESTA,LUIZA FERREIRA DA SILVA PRESTA,2,1,1,1,2025-11-05,2025-11-05,1,1,sim,sim
LUIZA GUIMARAES DE PAIVA,LUIZA GUIMARAES DE PAIVA,1,0,1,0,2026-04-15,2026-04-15,1,1,nao,nao
LUIZA HELENA DA SILVA AYRES,LUIZA HELENA DA SILVA AYRES,1,1,0,0,2024-11-22,2024-11-22,1,0,nao,nao
LUIZA MOTE GONZAGA VIANA,LUIZA MOTE GONZAGA VIANA,1,0,1,0,2025-12-04,2025-12-04,1,0,nao,nao
LUIZA RODRIGUES DUARTE,LUIZA RODRIGUES DUARTE,2,1,1,1,2024-12-09,2024-12-09,0,1,sim,sim
LU￾CAS SOBREIRA DA COSTA TORRES,LU￾CAS SOBREIRA DA COSTA TORRES,1,0,1,0,2024-11-08,2024-11-08,1,1,nao,nao
LU￾CIANA AVALLONE DA COSTA,LU￾CIANA AVALLONE DA COSTA,1,0,1,0,2024-11-11,2024-11-11,0,0,nao,nao
LU￾CIANA DA SILVA RAMOS,LU￾CIANA DA SILVA RAMOS,1,0,1,0,2024-11-08,2024-11-08,1,0,nao,nao
LU￾CIANA GONCALVES DE OLIVEIRA,LU￾CIANA GONÇALVES DE OLIVEIRA,1,0,1,0,2024-11-01,2024-11-01,1,0,nao,nao
LU￾CIO FRANCO DE FARIAS,LU￾CIO FRANCO DE FARIAS,1,0,1,0,2024-12-06,2024-12-06,1,0,nao,nao
LYLIAN OLIVEIRA SALES DA SILVA,LÝLIAN OLIVEIRA SALES DA SILVA,1,1,0,0,2026-02-12,2026-02-12,1,1,nao,nao
MABEL FREIRE DE OLIVEIRA,MABEL FREIRE DE OLIVEIRA,1,0,1,0,2026-03-17,2026-03-17,1,1,nao,nao
MADLENE MARIA PROVENCANO,MADLENE MARIA PROVENCANO,1,1,0,0,2026-02-12,2026-02-12,1,1,nao,nao
MAGALY FERNANDES MONTEIRO DO NASCIMENTO,MAGALY FERNANDES MONTEIRO DO NASCIMENTO,1,1,0,0,2026-02-23,2026-02-23,1,1,nao,nao
MAGNOLIA ARAUJO DE AZEREDO COUTINHO,MAGNOLIA ARAUJO DE AZEREDO COUTINHO,1,0,1,0,2026-01-13,2026-01-13,1,1,nao,nao
MAIARA DE MELO LOPES MACHADO,MAIARA DE MELO LOPES MACHADO,2,1,1,0,2024-12-19,2025-11-07,2,1,sim,nao
MAIARA FERREIRA PIRES,MAIARA FERREIRA PIRES,1,1,0,0,2024-10-15,2024-10-15,1,0,nao,nao
MAICON DOUGLAS DE SOUSA FERNANDES,MAICON DOUGLAS DE SOUSA FERNANDES,2,1,1,1,2025-11-07,2025-11-07,1,1,sim,sim
MAICON LUIZ LISBOA FELIX,MAICON LUIZ LISBOA FELIX,1,1,0,0,2026-03-06,2026-03-06,0,1,nao,nao
MAIKO PEDROSO ARPINO,MAIKO PEDROSO ARPINO,2,1,1,0,2024-11-27,2026-04-17,2,0,sim,nao
MAILSON DE SOUZA COSTA,MAILSON DE SOUZA COSTA,2,1,1,0,2024-10-24,2025-12-03,2,1,sim,nao
MAIRA CASTRO CAMPOS DE ALMEIDA,MAÍRA CASTRO CAMPOS DE ALMEIDA,1,0,1,0,2026-04-20,2026-04-20,1,1,nao,nao
MAIRON OSLAY CORTES ALONSO,MAIRON OSLAY CORTES ALONSO,1,1,0,0,2025-11-17,2025-11-17,0,1,nao,nao
MAISA BARROS BAPTISTA HYGINO PENA,MAISA BARROS BAPTISTA HYGINO PENA,1,1,0,0,2026-01-19,2026-01-19,0,0,nao,nao
MAI￾RA CASTRO CAMPOS DE ALMEIDA,MAI￾RA CASTRO CAMPOS DE ALMEIDA,1,0,1,0,2024-10-23,2024-10-23,1,1,nao,nao
MALCOM JUNIOR ASSIS SIQUEIRA DA SILVA,MALCOM JUNIOR ASSIS SIQUEIRA DA SILVA,2,2,0,0,2026-03-09,2026-03-09,1,0,nao,nao
MALLYKA EDUARDA FERREIRA LUIZ,MALLYKA EDUARDA FERREIRA LUIZ,1,1,0,0,2026-04-20,2026-04-20,1,1,nao,nao
MALU ROCHA,MALU ROCHA,1,0,1,0,2026-03-24,2026-03-24,1,0,nao,nao
MANOEL MENDES DA SILVA NETO,MANOEL MENDES DA SILVA NETO,1,0,1,0,2026-04-28,2026-04-28,1,0,nao,nao
MANOEL RAMOS COELHO FILHO,MANOEL RAMOS COELHO FILHO,1,1,0,0,2026-02-05,2026-02-05,0,0,nao,nao
MANOELA CHAVES RODRIGUES,MANOELA CHAVES RODRIGUES,2,1,1,0,2026-01-22,2026-04-17,2,0,sim,nao
MANUELA CHAVES GUIMARAES,MANUELA CHAVES GUIMARÃES,1,0,1,0,2025-12-01,2025-12-01,1,1,nao,nao
MANUELA CORREA CRUZ,MANUELA CORREA CRUZ,1,1,0,0,2026-03-23,2026-03-23,1,0,nao,nao
MANUELA LENKIC NASCIMENTO DE SOUZA,MANUELA LENKIC NASCIMENTO DE SOUZA,2,1,1,1,2024-12-02,2024-12-09,1,2,sim,sim
MARA RUBIA PEREIRA LOPES,MARA RUBIA PEREIRA LOPES,1,1,0,0,2026-03-17,2026-03-17,1,1,nao,nao
MARA VALERIA MENONCA MARTINS,MARA VALERIA MENONCA MARTINS,1,1,0,0,2026-03-19,2026-03-19,0,0,nao,nao
MARCAL LUIZ VIEIRA DE ALMEIDA,MARÇAL LUIZ VIEIRA DE ALMEIDA,1,1,0,0,2026-02-26,2026-02-26,0,0,nao,nao
MARCELA BECK DA COSTA,MARCELA BECK DA COSTA,2,1,1,1,2026-03-13,2026-03-13,2,2,sim,sim
MARCELA CABRAL D ALMEIDA,MARCELA CABRAL D ALMEIDA,1,1,0,0,2026-03-24,2026-03-24,1,0,nao,nao
MARCELA COUTINHO HESKETH,MARCELA COUTINHO HESKETH,2,1,1,0,2024-11-11,2024-12-19,2,0,sim,nao
MARCELA DAIANE FERREIRA VIEIRA,MARCELA DAIANE FERREIRA VIEIRA,1,1,0,0,2026-03-26,2026-03-26,0,0,nao,nao
MARCELA DE MAGALHAES CARVALHO,MARCELA DE MAGALHAES CARVALHO,1,1,0,0,2026-02-09,2026-02-09,1,1,nao,nao
MARCELA DE VARGAS RIBEIRO,MARCELA DE VARGAS RIBEIRO,1,1,0,0,2025-12-11,2025-12-11,0,0,nao,nao
MARCELA FONSECA LINS,MARCELA FONSECA LINS,1,0,1,0,2026-03-02,2026-03-02,1,0,nao,nao
MARCELA FREITAS MACHADO,MARCELA FREITAS MACHADO,1,1,0,0,2026-02-12,2026-02-12,1,0,nao,nao
MARCELA LOPES MONTEIRO DE SOUZA,MARCELA LOPES MONTEIRO DE SOUZA,1,1,0,0,2026-03-20,2026-03-20,0,1,nao,nao
MARCELA NUNES MACIEL,MARCELA NUNES MACIEL,1,0,1,0,2026-04-17,2026-04-17,1,0,nao,nao
MARCELA ORTIZ QUINTAIROS JORGE,MARCELA ORTIZ QUINTAIROS JORGE,1,0,1,0,2026-04-02,2026-04-02,1,1,nao,nao
MARCELA SOUZA CORDEIRO,MARCELA SOUZA CORDEIRO,1,1,0,0,2026-02-05,2026-02-05,0,0,nao,nao
MARCELA VASCONCELOS VENTURA,MARCELA VASCONCELOS VENTURA,2,1,1,1,2026-01-13,2026-01-13,2,1,sim,sim
MARCELA VASQUES MAGALHAES,MARCELA VASQUES MAGALHAES,1,0,1,0,2026-04-14,2026-04-14,1,0,nao,nao
MARCELE CHAYANE OLIVEIRA DA SILVA,MARCELE CHAYANE OLIVEIRA DA SILVA,1,0,1,0,2026-04-17,2026-04-17,1,1,nao,nao
MARCELE CHRISTINA MAGALHAES DO ESPIRITO S A N TO,MARCELE CHRISTINA MAGALHAES DO ESPIRITO S A N TO,1,0,1,0,2026-04-29,2026-04-29,1,1,nao,nao
MARCELINO ANTONIO D ALMEIDA,MARCELINO ANTONIO D ALMEIDA,2,1,1,0,2026-01-23,2026-04-17,2,1,sim,nao
MARCELINO COSTA LOPES,MARCELINO COSTA LOPES,1,0,1,0,2026-04-09,2026-04-09,1,0,nao,nao
MARCELINO JORGE DE SOUZA CASTRO,MARCELINO JORGE DE SOUZA CASTRO,1,1,0,0,2026-03-13,2026-03-13,0,0,nao,nao
MARCELLA DO NASCIMENTO GONCALVES,MARCELLA DO NASCIMENTO GONÇALVES,1,1,0,0,2025-11-26,2025-11-26,1,0,nao,nao
MARCELLA FIGUEIREDO DOS SANTOS,MARCELLA FIGUEIREDO DOS SANTOS,1,1,0,0,2026-03-20,2026-03-20,1,0,nao,nao
MARCELLA MILHEIRO UCHOA,MARCELLA MILHEIRO UCHOA,3,1,2,0,2025-11-28,2026-03-09,2,0,sim,nao
MARCELLE ALVES LISBOA,MARCELLE ALVES LISBOA,1,0,1,0,2026-04-17,2026-04-17,1,0,nao,nao
MARCELLE DE OLIVEIRA RODRIGUES,MARCELLE DE OLIVEIRA RODRIGUES,1,1,0,0,2024-10-31,2024-10-31,0,1,nao,nao
MARCELLE FRAGA MACHADO,MARCELLE FRAGA MACHADO,1,1,0,0,2026-03-17,2026-03-17,0,0,nao,nao
MARCELLE GONCALVES MONTEIRO GALDINO,MARCELLE GONCALVES MONTEIRO GALDINO,1,0,1,0,2026-04-29,2026-04-29,1,1,nao,nao
MARCELLE MARQUES DE ALMEIDA,MARCELLE MARQUES DE ALMEIDA,1,0,1,0,2026-04-20,2026-04-20,1,1,nao,nao
MARCELLE NAMI ICHIGO DE CAMPOS,MARCELLE NAMI ICHIGO DE CAMPOS,1,1,0,0,2026-02-23,2026-02-23,1,0,nao,nao
MARCELLE PINHEIRO SILVA,MARCELLE PINHEIRO SILVA,1,1,0,0,2026-04-14,2026-04-14,0,1,nao,nao
MARCELLE ROCHA ALMEIDA,MARCELLE ROCHA ALMEIDA,1,1,0,0,2026-03-20,2026-03-20,1,0,nao,nao
MARCELLE SALLES DE OLIVEIRA,MARCELLE SALLES DE OLIVEIRA,1,1,0,0,2024-11-04,2024-11-04,0,0,nao,nao
MARCELLO DE JESUS LOPES OLIVEIRA,MARCELLO DE JESUS LOPES OLIVEIRA,1,1,0,0,2026-02-24,2026-02-24,1,0,nao,nao
MARCELLO GARCIA PRINCIPE PASSINI,MARCELLO GARCIA PRINCIPE PASSINI,1,0,1,0,2026-04-17,2026-04-17,1,1,nao,nao
MARCELLO QUAGLIANI,MARCELLO QUAGLIANI,1,0,1,0,2025-12-11,2025-12-11,1,0,nao,nao
MARCELLO SICILIANO,MARCELLO SICILIANO,1,0,1,0,2026-03-10,2026-03-10,1,0,nao,nao
MARCELLO SILVA DA COSTA,MARCELLO SILVA DA COSTA,2,1,1,1,2025-11-06,2025-11-24,1,1,sim,sim
MARCELLY DA SILVA COELHO,MARCELLY DA SILVA COELHO,1,1,0,0,2024-10-23,2024-10-23,1,0,nao,nao
MARCELLY DESIREE DA ANUNCIACAO,MARCELLY DESIREE DA ANUNCIAÇÃO,1,1,0,0,2024-11-28,2024-11-28,0,0,nao,nao
MARCELLY MONTEIRO DA SILVA,MARCELLY MONTEIRO DA SILVA,1,0,1,0,2024-10-08,2024-10-08,1,1,nao,nao
MARCELO ALVES DA SILVA,MARCELO ALVES DA SILVA,1,0,1,0,2026-04-09,2026-04-09,1,1,nao,nao
MARCELO ALVES MONFORT DE MELLO,MARCELO ALVES MONFORT DE MELLO,1,1,0,0,2024-11-05,2024-11-05,0,1,nao,nao
MARCELO ANDRE TEIXEIRA,MARCELO ANDRE TEIXEIRA,1,1,0,0,2026-04-14,2026-04-14,0,1,nao,nao
MARCELO ANTONIO FRAGA DO AMARAL,MARCELO ANTONIO FRAGA DO AMARAL,1,1,0,0,2026-01-09,2026-01-09,0,0,nao,nao
MARCELO ARANTES ALVIM,MARCELO ARANTES ALVIM,1,0,1,0,2026-04-29,2026-04-29,1,1,nao,nao
MARCELO ARAUJO DE MORAIS,MARCELO ARAUJO DE MORAIS,1,1,0,0,2026-03-19,2026-03-19,0,1,nao,nao
MARCELO AUGUSTO DE CASTRO EGYPTO,MARCELO AUGUSTO DE CASTRO EGYPTO,1,1,0,0,2026-01-15,2026-01-15,1,1,nao,nao
MARCELO BARBOSA ALVES DE OLIVEIRA,MARCELO BARBOSA ALVES DE OLIVEIRA,1,1,0,0,2024-10-18,2024-10-18,1,1,nao,nao
MARCELO CABRAL D ALMEIDA,MARCELO CABRAL D ALMEIDA,3,2,1,0,2026-01-23,2026-04-08,1,1,sim,nao
MARCELO CARDOSO MAGALHAES,MARCELO CARDOSO MAGALHAES,1,1,0,0,2025-12-16,2025-12-16,1,1,nao,nao
MARCELO CUNHA RIBEIRO,MARCELO CUNHA RIBEIRO,1,1,0,0,2025-11-07,2025-11-07,0,0,nao,nao
MARCELO DA COSTA SAMPAIO,MARCELO DA COSTA SAMPAIO,1,1,0,0,2026-03-09,2026-03-09,0,1,nao,nao
MARCELO DA SILVA GONCALVES,MARCELO DA SILVA GONCALVES,1,0,1,0,2026-04-10,2026-04-10,1,1,nao,nao
MARCELO DA SILVA MELO,MARCELO DA SILVA MELO,2,1,1,0,2026-02-12,2026-04-28,2,0,sim,nao
MARCELO DE BARROS SANTOS,MARCELO DE BARROS SANTOS,1,1,0,0,2026-02-11,2026-02-11,0,1,nao,nao
MARCELO DE BARROS SERRA,MARCELO DE BARROS SERRA,1,1,0,0,2025-12-16,2025-12-16,1,0,nao,nao
MARCELO DE OLIVEIRA JUNIOR,MARCELO DE OLIVEIRA JUNIOR,2,1,1,1,2025-12-17,2026-01-05,2,1,sim,sim
MARCELO DE OLIVEIRA LIMA PEREIRA,MARCELO DE OLIVEIRA LIMA PEREIRA,1,1,0,0,2024-11-28,2024-11-28,0,0,nao,nao
MARCELO DE PONTES CAVACO,MARCELO DE PONTES CAVACO,1,0,1,0,2026-03-30,2026-03-30,1,1,nao,nao
MARCELO DIAS MELLO,MARCELO DIAS MELLO,1,1,0,0,2026-03-24,2026-03-24,1,1,nao,nao
MARCELO DOS SANTOS MOREIRA,MARCELO DOS SANTOS MOREIRA,1,0,1,0,2026-04-16,2026-04-16,1,0,nao,nao
MARCELO DOS SANTOS NEVES,MARCELO DOS SANTOS NEVES,1,0,1,0,2024-11-21,2024-11-21,1,1,nao,nao
MARCELO EDUARDO ANDRADE DE OLIVEIRA,MARCELO EDUARDO ANDRADE DE OLIVEIRA,1,0,1,0,2026-02-05,2026-02-05,1,1,nao,nao
MARCELO FELIPE SAMPAIO GOMES,MARCELO FELIPE SAMPAIO GOMES,1,0,1,0,2026-03-13,2026-03-13,1,0,nao,nao
MARCELO FERREIRA,MARCELO FERREIRA,1,1,0,0,2026-01-29,2026-01-29,0,0,nao,nao
MARCELO FERREIRA DE OLIVEIRA,MARCELO FERREIRA DE OLIVEIRA,1,0,1,0,2026-04-16,2026-04-16,1,1,nao,nao
MARCELO FRANCISCO DE PAULA,MARCELO FRANCISCO DE PAULA,1,0,1,0,2026-02-10,2026-02-10,1,1,nao,nao
MARCELO FURTADO MIEIRO,MARCELO FURTADO MIEIRO,1,0,1,0,2025-11-04,2025-11-04,1,1,nao,nao
MARCELO GOMES MONTEIRO,MARCELO GOMES MONTEIRO,2,1,1,0,2026-01-12,2026-04-17,2,0,sim,nao
MARCELO GONCALVES DOS REMEDIOS,MARCELO GONCALVES DOS REMEDIOS,1,0,1,0,2026-02-11,2026-02-11,1,0,nao,nao
MARCELO GOULART SAMPAIO,MARCELO GOULART SAMPAIO,1,1,0,0,2026-02-23,2026-02-23,1,0,nao,nao
MARCELO HESS DE AZEVEDO,MARCELO HESS DE AZEVEDO,2,1,1,1,2024-11-22,2024-11-22,2,2,sim,sim
MARCELO LEONE RIGUETTI,MARCELO LEONE RIGUETTI,1,1,0,0,2026-02-05,2026-02-05,0,1,nao,nao
MARCELO LIMA DA SILVA,MARCELO LIMA DA SILVA,1,0,1,0,2026-02-05,2026-02-05,0,0,nao,nao
MARCELO LUIZ BARBOSA,MARCELO LUIZ BARBOSA,1,1,0,0,2026-02-11,2026-02-11,1,1,nao,nao
MARCELO LUIZ BARONTO SAMPAIO,MARCELO LUIZ BARONTO SAMPAIO,1,0,1,0,2026-04-28,2026-04-28,1,0,nao,nao
MARCELO MAGALHAES DE SOUZA COSTA,MARCELO MAGALHÃES DE SOUZA COSTA,2,1,1,0,2025-11-17,2026-04-07,1,1,sim,nao
MARCELO MALICIA GIGLIO,MARCELO MALICIA GIGLIO,1,0,1,0,2026-02-09,2026-02-09,1,0,nao,nao
MARCELO MARCOS MARTINS,MARCELO MARCOS MARTINS,1,0,1,0,2024-10-23,2024-10-23,1,1,nao,nao
MARCELO MARTINS DA SILVA,MARCELO MARTINS DA SILVA,1,1,0,0,2026-01-14,2026-01-14,0,0,nao,nao
MARCELO MONJARDIM ABRAMOVIC,MARCELO MONJARDIM ABRAMOVIC,1,0,1,0,2026-01-02,2026-01-02,1,0,nao,nao
MARCELO NERY COSTA,MARCELO NERY COSTA,2,2,0,0,2024-10-09,2026-04-14,1,1,nao,nao
MARCELO NUNES DA SILVA,MARCELO NUNES DA SILVA,1,1,0,0,2026-03-18,2026-03-18,1,1,nao,nao
MARCELO PEREIRA BORGES FILHO,MARCELO PEREIRA BORGES FILHO,2,1,1,0,2026-02-04,2026-03-20,2,2,sim,nao
MARCELO PEREIRA DE BARROS,MARCELO PEREIRA DE BARROS,1,0,1,0,2026-04-10,2026-04-10,1,1,nao,nao
MARCELO PEREIRA DE SOUZA,MARCELO PEREIRA DE SOUZA,1,0,1,0,2026-03-24,2026-03-24,1,0,nao,nao
MARCELO PEREIRA LUIZ,MARCELO PEREIRA LUIZ,1,1,0,0,2025-11-26,2025-11-26,1,1,nao,nao
MARCELO PEREZ GRISOLI,MARCELO PEREZ GRISOLI,1,0,1,0,2026-04-17,2026-04-17,1,1,nao,nao
MARCELO RAMOS DO CARMO,MARCELO RAMOS DO CARMO,1,1,0,0,2026-04-28,2026-04-28,0,1,nao,nao
MARCELO SALIM DE MARTINO,MARCELO SALIM DE MARTINO,1,1,0,0,2024-10-18,2024-10-18,0,0,nao,nao
MARCELO SAMUEL BARDOSA DA SILVA,MARCELO SAMUEL BARDOSA DA SILVA,2,1,1,0,2026-03-20,2026-04-17,2,0,sim,nao
MARCELO SICILIANO,MARCELO SICILIANO,1,1,0,0,2026-01-29,2026-01-29,1,0,nao,nao
MARCELO SICSU BASTOS,MARCELO SICSÚ BASTOS,1,0,1,0,2024-11-07,2024-11-07,1,1,nao,nao
MARCELO SOARES MONTE,MARCELO SOARES MONTE,1,1,0,0,2025-12-10,2025-12-10,1,0,nao,nao
MARCELO VIRGINIO DA SILVA JUNIOR,MARCELO VIRGÍNIO DA SILVA JÚNIOR,1,1,0,0,2024-10-31,2024-10-31,0,1,nao,nao
MARCIA BELLORA SARACENI,MARCIA BELLORA SARACENI,1,1,0,0,2026-03-20,2026-03-20,1,1,nao,nao
MARCIA CHRISTINA DE CASTRO CAPUTI GUIMARAES,MARCIA CHRISTINA DE CASTRO CAPUTI GUIMARÃES,1,0,1,0,2026-04-01,2026-04-01,1,1,nao,nao
MARCIA CRISTINA ALVES GENTIL,MARCIA CRISTINA ALVES GENTIL,1,1,0,0,2026-02-12,2026-02-12,1,0,nao,nao
MARCIA CRISTINA CARVALHO DOS SANTOS,MARCIA CRISTINA CARVALHO DOS SANTOS,1,1,0,0,2024-10-04,2024-10-04,0,0,nao,nao
MARCIA CRISTINA CID LANDIM FERREIRA,MARCIA CRISTINA CID LANDIM FERREIRA,2,1,1,1,2024-11-01,2024-11-01,1,2,sim,sim
MARCIA CRISTINA DE ALBUQUERQUE WENDLING,MARCIA CRISTINA DE ALBUQUERQUE WENDLING,1,0,1,0,2024-10-01,2024-10-01,1,1,nao,nao
MARCIA CRISTINA DO NASCIMENTO,MÁRCIA CRISTINA DO NASCIMENTO,2,1,1,0,2025-11-06,2026-04-17,1,0,sim,nao
MARCIA CRISTINA FERREIRA D'ANUNCIACAO SOUZA,MÁRCIA CRISTINA FERREIRA D'ANUNCIAÇÃO SOUZA,1,1,0,0,2026-02-26,2026-02-26,1,1,nao,nao
MARCIA CRISTINA FRANKLIN,MARCIA CRISTINA FRANKLIN,1,0,1,0,2026-04-16,2026-04-16,1,0,nao,nao
MARCIA CRISTINA MATTOS MONTEZ CARDOZO PEREIRA,MARCIA CRISTINA MATTOS MONTEZ CARDOZO PEREIRA,1,0,1,0,2026-03-27,2026-03-27,1,1,nao,nao
MARCIA CRISTINA NUNES DE LIMA,MARCIA CRISTINA NUNES DE LIMA,1,1,0,0,2024-12-20,2024-12-20,0,0,nao,nao
MARCIA CRISTINA SANTOS SA,MARCIA CRISTINA SANTOS SÁ,1,0,1,0,2024-11-01,2024-11-01,1,1,nao,nao
MARCIA CRISTINA SOARES DA SILVA,MARCIA CRISTINA SOARES DA SILVA,1,1,0,0,2026-01-30,2026-01-30,1,0,nao,nao
MARCIA CRISTINA VITAL DE LIMA,MÁRCIA CRISTINA VITAL DE LIMA,1,0,1,0,2024-12-02,2024-12-02,1,0,nao,nao
MARCIA DE ALMEIDA,MARCIA DE ALMEIDA,2,2,0,0,2025-11-18,2026-02-24,1,1,nao,nao
MARCIA DE FATIMA VIEIRA AHOUAGI CUNHA,MARCIA DE FATIMA VIEIRA AHOUAGI CUNHA,1,0,1,0,2026-03-02,2026-03-02,1,0,nao,nao
MARCIA DE OLIVEIRA PEIXOTO,MARCIA DE OLIVEIRA PEIXOTO,1,0,1,0,2026-03-10,2026-03-10,1,0,nao,nao
MARCIA DO NASCIMENTO FRANCA,MÁRCIA DO NASCIMENTO FRANÇA,1,0,1,0,2024-11-04,2024-11-04,1,0,nao,nao
MARCIA DOS SANTOS MACEDO,MARCIA DOS SANTOS MACEDO,1,0,1,0,2026-04-22,2026-04-22,1,0,nao,nao
MARCIA ELIZABETH GAZAL,MARCIA ELIZABETH GAZAL,1,0,1,0,2026-03-13,2026-03-13,1,0,nao,nao
MARCIA FERREIRA ABDALA PROCOPIO,MARCIA FERREIRA ABDALA PROCOPIO,1,0,1,0,2026-04-17,2026-04-17,1,1,nao,nao
MARCIA FERREIRA DA SILVA,MARCIA FERREIRA DA SILVA,2,1,1,0,2025-12-17,2026-04-28,2,0,sim,nao
MARCIA FERREIRA TAVARES,MARCIA FERREIRA TAVARES,1,0,1,0,2026-03-18,2026-03-18,1,1,nao,nao
MARCIA GEORGINA BENAZZI,MARCIA GEORGINA BENAZZI,1,0,1,0,2026-01-06,2026-01-06,1,1,nao,nao
MARCIA HELENA DE CARVALHO MOREIRA,MARCIA HELENA DE CARVALHO MOREIRA,1,0,1,0,2024-11-12,2024-11-12,1,1,nao,nao
MARCIA MACEDO DO NASCIMENTO,MARCIA MACEDO DO NASCIMENTO,1,0,1,0,2026-03-05,2026-03-05,1,1,nao,nao
MARCIA MACIEL EREMITES DE OLIVEIRA DA SILVA,MARCIA MACIEL EREMITES DE OLIVEIRA DA SILVA,1,1,0,0,2026-02-12,2026-02-12,1,0,nao,nao
MARCIA MENDONCA LIMA,MARCIA MENDONÇA LIMA,1,0,1,0,2025-11-28,2025-11-28,1,1,nao,nao
MARCIA MILENA SOARES DE SOUSA,MARCIA MILENA SOARES DE SOUSA,1,1,0,0,2026-03-19,2026-03-19,1,1,nao,nao
MARCIA QUEZADA DA SILVEIRA,MÁRCIA QUEZADA DA SILVEIRA,1,1,0,0,2025-11-05,2025-11-05,0,1,nao,nao
MARCIA REGINA DE MATOS CHRISOSTOMO DIAS,MARCIA REGINA DE MATOS CHRISOSTOMO DIAS,1,0,1,0,2025-11-27,2025-11-27,1,0,nao,nao
MARCIA ROSANI DA SILVA OLIVEIRA,MARCIA ROSANI DA SILVA OLIVEIRA,1,0,1,0,2026-03-13,2026-03-13,1,1,nao,nao
MARCIA VALERIA DA SILVA,MARCIA VALERIA DA SILVA,2,2,0,0,2026-03-09,2026-03-09,2,2,nao,nao
MARCIA VALERIA PAES SOARES,MARCIA VALERIA PAES SOARES,1,0,1,0,2026-03-02,2026-03-02,1,0,nao,nao
MARCIA VALLE BRAGA DOS SANTOS,MARCIA VALLE BRAGA DOS SANTOS,1,0,1,0,2026-04-16,2026-04-16,1,1,nao,nao
MARCIA WILES DE OLIVEIRA SOUSA,MARCIA WILES DE OLIVEIRA SOUSA,1,0,1,0,2024-10-31,2024-10-31,1,0,nao,nao
MARCIANA TEIXEIRA DE CARVALHO,MARCIANA TEIXEIRA DE CARVALHO,1,0,1,0,2026-03-23,2026-03-23,1,1,nao,nao
MARCIANO DA SILVA REGO,MARCIANO DA SILVA REGO,2,2,0,0,2026-02-24,2026-02-24,2,1,nao,nao
MARCILIO FONTES DA COSTA FILHO,MARCILIO FONTES DA COSTA FILHO,1,1,0,0,2025-12-15,2025-12-15,0,1,nao,nao
MARCIO ALEX DOS SANTOS FEIJO,MARCIO ALEX DOS SANTOS FEIJO,1,0,1,0,2024-10-21,2024-10-21,1,0,nao,nao
MARCIO AURELIO ERASMO PEREIRA,MARCIO AURELIO ERASMO PEREIRA,1,0,1,0,2026-02-09,2026-02-09,1,1,nao,nao
MARCIO AVELINO FERREIRA,MARCIO AVELINO FERREIRA,2,2,0,0,2026-03-16,2026-03-16,1,2,nao,nao
MARCIO BELLORA SARACENI,MARCIO BELLORA SARACENI,1,0,1,0,2026-03-13,2026-03-13,1,0,nao,nao
MARCIO CESAR MONTEIRO,MÁRCIO CESAR MONTEIRO,1,1,0,0,2026-04-10,2026-04-10,1,1,nao,nao
MARCIO COSTA RAMOS,MARCIO COSTA RAMOS,1,0,1,0,2026-04-17,2026-04-17,1,0,nao,nao
MARCIO DA SILVA ALVES,MARCIO DA SILVA ALVES,1,1,0,0,2026-02-05,2026-02-05,0,0,nao,nao
MARCIO DA SILVA CORREA,MARCIO DA SILVA CORREA,1,1,0,0,2024-11-06,2024-11-06,0,1,nao,nao
MARCIO DA SILVA LORDEIRO JUNIOR,MÁRCIO DA SILVA LORDEIRO JÚNIOR,1,1,0,0,2026-02-10,2026-02-10,1,0,nao,nao
MARCIO DE LEMOS LIMA JUNIOR,MARCIO DE LEMOS LIMA JUNIOR,1,0,1,0,2026-04-28,2026-04-28,1,0,nao,nao
MARCIO DOS SANTOS VALENTE DE OLIVEIRA,MARCIO DOS SANTOS VALENTE DE OLIVEIRA,1,0,1,0,2026-04-17,2026-04-17,1,0,nao,nao
MARCIO DOUGLAS FLORIANO,MARCIO DOUGLAS FLORIANO,1,1,0,0,2026-03-09,2026-03-09,0,1,nao,nao
MARCIO FERNANDES,MARCIO FERNANDES,1,1,0,0,2026-01-06,2026-01-06,0,1,nao,nao
MARCIO GARCIA LINARES,MARCIO GARCIA LIÑARES,1,0,1,0,2026-04-01,2026-04-01,1,1,nao,nao
MARCIO HENRIQUE RODRIGUES,MÁRCIO HENRIQUE RODRIGUES,1,1,0,0,2026-02-12,2026-02-12,1,0,nao,nao
MARCIO JOSE ARAUJO,MARCIO JOSE ARAUJO,1,0,1,0,2026-04-16,2026-04-16,1,0,nao,nao
MARCIO JOSE DA VITORIA,MARCIO JOSÉ DA VITÓRIA,1,1,0,0,2024-11-25,2024-11-25,1,1,nao,nao
MARCIO LUCAS FRANCA DE CASTRO,MARCIO LUCAS FRANÇA DE CASTRO,1,1,0,0,2024-11-01,2024-11-01,0,0,nao,nao
MARCIO LUIS GOMES DA SILVA,MARCIO LUIS GOMES DA SILVA,1,1,0,0,2026-03-04,2026-03-04,1,0,nao,nao
MARCIO LUIS SANTOS DA SILVA,MARCIO LUIS SANTOS DA SILVA,2,1,1,1,2026-02-11,2026-02-20,2,1,sim,sim
MARCIO NEVES DO VALLE,MARCIO NEVES DO VALLE,3,1,2,1,2025-11-17,2026-02-10,3,1,sim,sim
MARCIO SILVA RIBEIRO,MARCIO SILVA RIBEIRO,2,1,1,1,2026-04-14,2026-04-15,1,1,sim,sim
MARCIO VARELA DOS SANTOS,MARCIO VARELA DOS SANTOS,2,1,1,0,2024-12-09,2026-04-08,1,2,sim,nao
MARCIO VIEIRA LOBO,MARCIO VIEIRA LOBO,1,0,1,0,2026-02-03,2026-02-03,1,1,nao,nao
MARCIUS CLISTENIS DE ANDRADE LINS,MARCIUS CLISTENIS DE ANDRADE LINS,1,1,0,0,2024-12-02,2024-12-02,0,1,nao,nao
MARCO ALEXANDRE DOS SANTOS FERREIRA,MARCO ALEXANDRE DOS SANTOS FERREIRA,3,2,1,0,2026-02-23,2026-04-28,2,0,sim,nao
MARCO ANTONIO ALVES DE MELO,MARCO ANTÔNIO ALVES DE MELO,2,1,1,0,2026-02-05,2026-04-17,2,0,sim,nao
MARCO ANTONIO BRAGA RIBAS,MARCO ANTONIO BRAGA RIBAS,1,0,1,0,2026-02-03,2026-02-03,1,1,nao,nao
MARCO ANTONIO DA SILVA ARUEIRA,MARCO ANTONIO DA SILVA ARUEIRA,1,0,1,0,2026-01-05,2026-01-05,1,1,nao,nao
MARCO ANTONIO DE BRITTO DA ROCHA,MARCO ANTONIO DE BRITTO DA ROCHA,2,1,1,0,2026-02-10,2026-04-20,1,1,sim,nao
MARCO ANTONIO MAGALHAES PACHECO FILHO,MARCO ANTONIO MAGALHAES PACHECO FILHO,1,1,0,0,2026-03-17,2026-03-17,0,0,nao,nao
MARCO ANTONIO MOURA ABELHA,MARCO ANTONIO MOURA ABELHA,1,1,0,0,2025-12-16,2025-12-16,0,0,nao,nao
MARCO ANTONIO RANGEL PINHEIRO,MARCO ANTONIO RANGEL PINHEIRO,1,1,0,0,2026-01-29,2026-01-29,1,0,nao,nao
MARCO ANTONIO SAMPAIO FILHO,MARCO ANTONIO SAMPAIO FILHO,2,1,1,1,2025-12-02,2025-12-02,2,0,sim,sim
MARCO ANTONIO TEIXEIRA MONTEIRO,MARCO ANTONIO TEIXEIRA MONTEIRO,1,1,0,0,2025-11-25,2025-11-25,0,0,nao,nao
MARCO AURELIO ALMEIDA FERREIRA,MARCO AURELIO ALMEIDA FERREIRA,1,1,0,0,2026-02-23,2026-02-23,1,0,nao,nao
MARCO AURELIO DOS SANTOS PEREIRA,MARCO AURELIO DOS SANTOS PEREIRA,3,2,1,2,2026-01-06,2026-03-10,2,3,sim,sim
MARCO AURELIO GARRITANO E SILVA,MARCO AURELIO GARRITANO E SILVA,1,0,1,0,2026-04-17,2026-04-17,1,0,nao,nao
MARCO AURELIO MOREIRA VITORINO,MARCO AURELIO MOREIRA VITORINO,1,0,1,0,2026-04-28,2026-04-28,1,0,nao,nao
MARCO AURELIO PINHEIRO DOS SANTOS,MARCO AURELIO PINHEIRO DOS SANTOS,2,1,1,0,2024-12-18,2026-04-28,1,0,sim,nao
MARCO AURELIO SAMPAIO LEITE,MARCO AURELIO SAMPAIO LEITE,2,1,1,1,2026-03-23,2026-03-23,2,2,sim,sim
MARCO PINHEIRO GONCALVES,MARCO PINHEIRO GONÇALVES,1,1,0,0,2024-10-21,2024-10-21,1,0,nao,nao
MARCO TULIO GOMES VICENTE,MARCO TULIO GOMES VICENTE,1,0,1,0,2026-03-06,2026-03-06,1,1,nao,nao
MARCOS ALBERTO THOMPSON SALAZAR,MARCOS ALBERTO THOMPSON SALAZAR,1,0,1,0,2026-03-05,2026-03-05,1,1,nao,nao
MARCOS ALEXANDRE PEREIRA DA SILVA,MARCOS ALEXANDRE PEREIRA DA SILVA,1,0,1,0,2026-03-24,2026-03-24,1,0,nao,nao
MARCOS ANDRE GOMES DE SOUZA,MARCOS ANDRE GOMES DE SOUZA,1,0,1,0,2025-11-17,2025-11-17,1,0,nao,nao
MARCOS ANTONIO DE JESUS SANTOS,MARCOS ANTONIO DE JESUS SANTOS,2,1,1,1,2026-01-14,2026-01-15,1,2,sim,sim
MARCOS ANTONIO DE SOUZA LEITAO,MARCOS ANTONIO DE SOUZA LEITAO,1,1,0,0,2025-12-26,2025-12-26,1,1,nao,nao
MARCOS ANTONIO FERNANDES,MARCOS ANTONIO FERNANDES,1,0,1,0,2026-04-17,2026-04-17,1,0,nao,nao
MARCOS ANTONIO MOREIRA MOTTA,MARCOS ANTÔNIO MOREIRA MOTTA,2,1,1,0,2025-11-25,2026-04-17,2,0,sim,nao
MARCOS ANTONIO TEIXEIRA,MARCOS ANTONIO TEIXEIRA,1,0,1,0,2025-12-16,2025-12-16,1,0,nao,nao
MARCOS AURELIO DE PAULA MELLO,MARCOS AURÉLIO DE PAULA MELLO,1,1,0,0,2025-11-17,2025-11-17,1,0,nao,nao
MARCOS AURELIO MORAIS LOPES,MARCOS AURELIO MORAIS LOPES,1,1,0,0,2026-02-05,2026-02-05,0,1,nao,nao
MARCOS AURELIO ROCHA DA COSTA,MARCOS AURÉLIO ROCHA DA COSTA,1,0,1,0,2025-12-01,2025-12-01,1,0,nao,nao
MARCOS BUARQUE MONTENEGRO,MARCOS BUARQUE MONTENEGRO,2,1,1,1,2024-11-04,2024-11-04,2,2,sim,sim
MARCOS CALEGARI CANUTO DE LIMA,MARCOS CALEGARI CANUTO DE LIMA,1,1,0,0,2026-04-15,2026-04-15,0,1,nao,nao
MARCOS CARVALHO CAMPOS,MARCOS CARVALHO CAMPOS,1,0,1,0,2026-04-28,2026-04-28,1,0,nao,nao
MARCOS CIPRIANO DE OLIVEIRA MELLO,MARCOS CIPRIANO DE OLIVEIRA MELLO,1,1,0,0,2025-11-25,2025-11-25,1,1,nao,nao
MARCOS DO NASCIMENTO SANTOS,MARCOS DO NASCIMENTO SANTOS,1,0,1,0,2024-10-18,2024-10-18,1,1,nao,nao
MARCOS ELIAS DA SILVA,MARCOS ELIAS DA SILVA,2,1,1,0,2026-02-11,2026-03-24,2,0,sim,nao
MARCOS ELIZIARIO SANTOS,MARCOS ELIZIARIO SANTOS,1,1,0,0,2026-01-14,2026-01-14,1,1,nao,nao
MARCOS FARIA DE CASTRO,MARCOS FARIA DE CASTRO,1,1,0,0,2025-11-19,2025-11-19,1,1,nao,nao
MARCOS FELIPE DE SOUZA TOLEDO,MARCOS FELIPE DE SOUZA TOLEDO,1,1,0,0,2025-11-06,2025-11-06,1,1,nao,nao
MARCOS FELIPE GONZAGA DE PAIVA,MARCOS FELIPE GONZAGA DE PAIVA,2,1,1,0,2026-03-16,2026-03-17,1,2,sim,nao
MARCOS FELIPE MARQUES DA CUNHA CARVALHO,MARCOS FELIPE MARQUES DA CUNHA CARVALHO,1,1,0,0,2024-11-12,2024-11-12,1,1,nao,nao
MARCOS FERNANDO SAMPAIO DE BARROS,MARCOS FERNANDO SAMPAIO DE BARROS,2,2,0,0,2026-03-11,2026-03-11,0,0,nao,nao
MARCOS FERREIRA DOS SANTOS,MARCOS FERREIRA DOS SANTOS,2,1,1,0,2026-02-20,2026-04-16,2,0,sim,nao
MARCOS FRANCA JARDIM,MARCOS FRANCA JARDIM,2,1,1,1,2026-02-04,2026-02-05,1,1,sim,sim
MARCOS HENRIQUES GUIMARAES,MARCOS HENRIQUES GUIMARAES,1,1,0,0,2026-04-15,2026-04-15,0,1,nao,nao
MARCOS JACINTO MELLO,MARCOS JACINTO MELLO,2,1,1,0,2026-03-27,2026-04-22,1,1,sim,nao
MARCOS JOSE DE OLIVEIRA,MARCOS JOSE DE OLIVEIRA,1,1,0,0,2026-02-12,2026-02-12,1,0,nao,nao
MARCOS JUNIO SOARES NUNES,MARCOS JUNIO SOARES NUNES,1,0,1,0,2026-04-16,2026-04-16,1,0,nao,nao
MARCOS LISBOA,MARCOS LISBOA,1,1,0,0,2026-01-06,2026-01-06,0,1,nao,nao
MARCOS MARQUES PEREIRA,MARCOS MARQUES PEREIRA,1,0,1,0,2026-03-18,2026-03-18,1,1,nao,nao
MARCOS MENDES CALLADO,MARCOS MENDES CALLADO,1,0,1,0,2026-04-27,2026-04-27,1,0,nao,nao
MARCOS PAULO DIAS DE CAMARGO,MARCOS PAULO DIAS DE CAMARGO,1,1,0,0,2026-02-11,2026-02-11,1,1,nao,nao
MARCOS PAULO DIAS DO CARMO,MARCOS PAULO DIAS DO CARMO,1,1,0,0,2026-01-28,2026-01-28,1,1,nao,nao
MARCOS PAULO FERREIRA DUARTE,MARCOS PAULO FERREIRA DUARTE,1,0,1,0,2024-11-28,2024-11-28,1,0,nao,nao
MARCOS PAULO GOMES DE SOUZA,MARCOS PAULO GOMES DE SOUZA,1,0,1,0,2025-11-26,2025-11-26,1,0,nao,nao
MARCOS PAULO MARTINS,MARCOS PAULO MARTINS,1,1,0,0,2026-01-21,2026-01-21,0,0,nao,nao
MARCOS ROCHA MATTOS,MARCOS ROCHA MATTOS,2,1,1,1,2024-10-29,2024-10-29,2,2,sim,sim
MARCOS SARAIVA FRANCO,MARCOS SARAIVA FRANCO,1,0,1,0,2026-04-17,2026-04-17,1,0,nao,nao
MARCOS TEIXEIRA DE SOUZA,MARCOS TEIXEIRA DE SOUZA,1,1,0,0,2025-12-11,2025-12-11,0,0,nao,nao
MARCOS TIMOTIO SILVA DOS SANTOS,MARCOS TIMOTIO SILVA DOS SANTOS,1,1,0,0,2026-03-27,2026-03-27,0,1,nao,nao
MARCOS TORRES LEITE FILHO,MARCOS TORRES LEITE FILHO,1,0,1,0,2026-02-05,2026-02-05,1,1,nao,nao
MARCOS ULISSES COELHO DA SILVA,MARCOS ULISSES COELHO DA SILVA,1,1,0,0,2026-03-13,2026-03-13,1,0,nao,nao
MARCOS VINICIO DELPHIM DA COSTA,MARCOS VINICIO DELPHIM DA COSTA,1,1,0,0,2026-03-17,2026-03-17,0,1,nao,nao
MARCOS VINICIUS ALVES MATTOS,MARCOS VINICIUS ALVES MATTOS,1,1,0,0,2026-03-16,2026-03-16,0,1,nao,nao
MARCOS VINICIUS CAMPOS DE OLIVEIRA,MARCOS VINICIUS CAMPOS DE OLIVEIRA,1,1,0,0,2024-11-25,2024-11-25,0,1,nao,nao
MARCOS VINICIUS FERREIRA,MARCOS VINICIUS FERREIRA,1,0,1,0,2026-04-17,2026-04-17,1,0,nao,nao
MARCOS VINICIUS SANTOS DE OLIVEIRA,MARCOS VINICIUS SANTOS DE OLIVEIRA,1,0,1,0,2024-12-10,2024-12-10,1,0,nao,nao
MARCOS WILLEMEN DA SILVA,MARCOS WILLEMEN DA SILVA,1,1,0,0,2025-12-18,2025-12-18,0,1,nao,nao
MARCUS DIAS MOREIRA SALGADO,MARCUS DIAS MOREIRA SALGADO,1,0,1,0,2026-04-20,2026-04-20,1,1,nao,nao
MARCUS PAULO BARBOSA DE QUEIROZ,MARCUS PAULO BARBOSA DE QUEIROZ,1,0,1,0,2026-03-26,2026-03-26,1,1,nao,nao
MARCUS PAULO MARAGLIA DA SILVA,MARCUS PAULO MARAGLIA DA SILVA,1,1,0,0,2024-10-15,2024-10-15,1,0,nao,nao
MARCUS PAULO MORAIS MOREIRA,MARCUS PAULO MORAIS MOREIRA,1,0,1,0,2025-11-12,2025-11-12,1,1,nao,nao
MARCUS PAULO RODRIGUES LEITE,MARCUS PAULO RODRIGUES LEITE,1,0,1,0,2024-10-29,2024-10-29,1,0,nao,nao
MARCUS PAULO RODRIGUES PIRES,MARCUS PAULO RODRIGUES PIRES,1,0,1,0,2026-01-07,2026-01-07,1,0,nao,nao
MARCUS SCHTRUK PASCHOAL DE FARIA,MARCUS SCHTRUK PASCHOAL DE FARIA,1,1,0,0,2024-12-17,2024-12-17,1,0,nao,nao
MARCUS VINICIUS BEZERRA CARVALHO,MARCUS VINICIUS BEZERRA CARVALHO,2,1,1,0,2025-11-28,2026-02-23,2,2,sim,nao
MARCUS VINICIUS DE LIMA SILVA,MARCUS VINICIUS DE LIMA SILVA,1,1,0,0,2026-03-26,2026-03-26,0,1,nao,nao
MARCUS VINICIUS DOS SANTOS LEMOS,MARCUS VINICIUS DOS SANTOS LEMOS,1,0,1,0,2026-04-17,2026-04-17,1,0,nao,nao
MARCUS VINICIUS FERNANDES BORGES,MARCUS VINICIUS FERNANDES BORGES,2,2,0,0,2026-03-06,2026-03-06,0,1,nao,nao
MARCUS VINICIUS FERNANDES DIAS,MARCUS VINÍCIUS FERNANDES DIAS,2,1,1,1,2024-10-22,2024-10-22,1,1,sim,sim
MARCUS VINICIUS FIGUEIREDO PEREIRA,MARCUS VINICIUS FIGUEIREDO PEREIRA,1,0,1,0,2026-03-24,2026-03-24,1,0,nao,nao
MARCUS VINICIUS LAVORATO ALVES,MARCUS VINICIUS LAVORATO ALVES,1,1,0,0,2026-01-02,2026-01-02,0,0,nao,nao
MARCUS VINICIUS LEITE LOUREIRO,MARCUS VINICIUS LEITE LOUREIRO,1,0,1,0,2025-12-16,2025-12-16,1,0,nao,nao
MARCUS VINICIUS MAGALHAES MAHFOND,MARCUS VINICIUS MAGALHAES MAHFOND,1,0,1,0,2026-03-27,2026-03-27,1,1,nao,nao
MARCUS VINICIUS MOTTA DA SILVA,MARCUS VINICIUS MOTTA DA SILVA,2,1,1,1,2024-12-09,2024-12-09,2,2,sim,sim
MARCUS VINICIUS PINA VASGESTIAN,MARCUS VINICIUS PINA VASGESTIAN,1,0,1,0,2024-12-19,2024-12-19,1,1,nao,nao
MARCUS VINICIUS ROSA SIQUEIRA,MARCUS VINICIUS ROSA SIQUEIRA,1,0,1,0,2024-11-29,2024-11-29,1,0,nao,nao
MARGARET SOUZA DA SILVA,MARGARET SOUZA DA SILVA,1,1,0,0,2026-03-24,2026-03-24,0,0,nao,nao
MARGARETH MARTINS PORTELLA,MARGARETH MARTINS PORTELLA,1,1,0,0,2024-11-05,2024-11-05,1,1,nao,nao
MARIA ALICE DO NASCIMENTO FIGUEIREDO,MARIA ALICE DO NASCIMENTO FIGUEIREDO,1,1,0,0,2024-11-05,2024-11-05,0,0,nao,nao
MARIA ANGELICA SOARES SILVA,MARIA ANGELICA SOARES SILVA,1,0,1,0,2026-03-23,2026-03-23,1,1,nao,nao
MARIA ANGELICA SODRE MAGALHAES NOVAES,MARIA ANGELICA SODRE MAGALHAES NOVAES,1,0,1,0,2026-02-11,2026-02-11,1,1,nao,nao
MARIA ANTONIA DOS ANJOS SOUZA,MARIA ANTÔNIA DOS ANJOS SOUZA,1,1,0,0,2026-02-12,2026-02-12,1,0,nao,nao
MARIA APARECIDA DE LIMA CARVALCANTE,MARIA APARECIDA DE LIMA CARVALCANTE,1,1,0,0,2025-12-10,2025-12-10,1,0,nao,nao
MARIA APARECIDA DE LIMA CAVALCANTE,MARIA APARECIDA DE LIMA CAVALCANTE,1,0,1,0,2026-04-17,2026-04-17,1,0,nao,nao
MARIA APARECIDA GONCALVES ALVARENGA,MARIA APARECIDA GONCALVES ALVARENGA,2,0,2,0,2026-03-10,2026-03-10,2,0,nao,nao
MARIA APARECIDA SALOME,MARIA APARECIDA SALOME,1,1,0,0,2026-02-03,2026-02-03,0,0,nao,nao
MARIA APARECIDA SILVA DOS SANTOS,MARIA APARECIDA SILVA DOS SANTOS,1,0,1,0,2026-04-22,2026-04-22,1,1,nao,nao
MARIA AUXILIADORA RANGEL PAES PATRAO,MARIA AUXILIADORA RANGEL PAES PATRAO,1,0,1,0,2026-01-27,2026-01-27,1,1,nao,nao
MARIA CARMEN FERNANDES PENA,MARIA CARMEN FERNANDES PENA,1,1,0,0,2024-10-30,2024-10-30,1,0,nao,nao
MARIA CAROLINA GUEIROS GONCALVES AMARAL MOITINHO,MARIA CAROLINA GUEIROS GONCALVES AMARAL MOITINHO,1,1,0,0,2026-02-05,2026-02-05,1,1,nao,nao
MARIA CAROLINA THOMAZ GASPARINI,MARIA CAROLINA THOMAZ GASPARINI,1,0,1,0,2026-01-12,2026-01-12,1,1,nao,nao
MARIA CAROLINA VILA VERDE OLIVEIRA DA SILVA,MARIA CAROLINA VILA VERDE OLIVEIRA DA SILVA,1,0,1,0,2026-03-09,2026-03-09,1,1,nao,nao
MARIA CAROLINA VITURIANO RODRIGUES,MARIA CAROLINA VITURIANO RODRIGUES,1,1,0,0,2026-04-15,2026-04-15,1,1,nao,nao
MARIA CAROLINE SALLES DA ROCHA,MARIA CAROLINE SALLES DA ROCHA,1,1,0,0,2024-12-10,2024-12-10,0,0,nao,nao
MARIA CHRISTINA ROMAO DAMBROSIO,MARIA CHRISTINA ROMAO DAMBROSIO,1,0,1,0,2026-04-07,2026-04-07,1,0,nao,nao
MARIA CLARA DA SILVA OLIVEIRA,MARIA CLARA DA SILVA OLIVEIRA,1,1,0,0,2025-12-05,2025-12-05,1,1,nao,nao
MARIA CLARA DE CARVALHO MOREIRA COUTINHO,MARIA CLARA DE CARVALHO MOREIRA COUTINHO,1,1,0,0,2025-11-18,2025-11-18,1,1,nao,nao
MARIA CLARA FREITAS ZOPELLARI,MARIA CLARA FREITAS ZOPELLARI,1,1,0,0,2026-01-13,2026-01-13,1,1,nao,nao
MARIA CLARA MONTEIRO KLEUVER JARDIM,MARIA CLARA MONTEIRO KLEUVER JARDIM,1,1,0,0,2026-03-10,2026-03-10,1,1,nao,nao
MARIA CLARA PACHECO ROCHA,MARIA CLARA PACHECO ROCHA,2,2,0,0,2026-03-09,2026-03-09,1,2,nao,nao
MARIA CLARA ROCHA VIEGAS,MARIA CLARA ROCHA VIEGAS,1,1,0,0,2026-03-02,2026-03-02,1,1,nao,nao
MARIA CRISTINA AUGUSTO,MARIA CRISTINA AUGUSTO,1,0,1,0,2024-10-04,2024-10-04,1,0,nao,nao
MARIA CRISTINA BOA ESPERANCA DA SILVA,MARIA CRISTINA BOA ESPERANÇA DA SILVA,1,0,1,0,2024-10-31,2024-10-31,1,0,nao,nao
MARIA CRISTINA DE OLIVEIRA SILVEIRA,MARIA CRISTINA DE OLIVEIRA SILVEIRA,1,0,1,0,2026-03-06,2026-03-06,1,1,nao,nao
MARIA CRISTINA VIEIRA MUNIZ DE LIMA RODRIGUES,MARIA CRISTINA VIEIRA MUNIZ DE LIMA RODRIGUES,2,0,2,0,2026-03-09,2026-03-09,2,1,nao,nao
MARIA DA GLORIA DE ALBUQUERQUE SANTOS,MARIA DA GLÓRIA DE ALBUQUERQUE SANTOS,1,1,0,0,2024-10-08,2024-10-08,0,1,nao,nao
MARIA DA PENHA BERNARDES,MARIA DA PENHA BERNARDES,1,0,1,0,2026-04-06,2026-04-06,1,1,nao,nao
MARIA DA PENHA MENEGUITE CARVALHO MADY,MARIA DA PENHA MENEGUITE CARVALHO MADY,1,1,0,0,2026-03-20,2026-03-20,1,0,nao,nao
MARIA DAS DORES OLIVEIRA,MARIA DAS DORES OLIVEIRA,1,0,1,0,2024-10-18,2024-10-18,1,0,nao,nao
MARIA DAS GRACAS ALVES DE BRITO,MARIA DAS GRAÇAS ALVES DE BRITO,1,1,0,0,2025-11-19,2025-11-19,0,1,nao,nao
MARIA DAS GRACAS COSTA,MARIA DAS GRAÇAS COSTA,2,1,1,0,2026-02-12,2026-04-17,2,0,sim,nao
MARIA DE BETANIA GARCIA CHAVES,MARIA DE BETANIA GARCIA CHAVES,1,1,0,0,2024-10-17,2024-10-17,0,1,nao,nao
MARIA DE FATIMA ANDRADE BATISTA,MARIA DE FATIMA ANDRADE BATISTA,1,0,1,0,2026-04-28,2026-04-28,1,0,nao,nao
MARIA DE FATIMA ANJOS DE OLIVEIRA,MARIA DE FATIMA ANJOS DE OLIVEIRA,1,1,0,0,2026-03-24,2026-03-24,1,0,nao,nao
MARIA DE FATIMA DA COSTA PEREZ,MARIA DE FÁTIMA DA COSTA PEREZ,1,1,0,0,2024-11-21,2024-11-21,0,0,nao,nao
MARIA DE FATIMA SOUZA DOS SANTOS REGO PEREIRA,MARIA DE FATIMA SOUZA DOS SANTOS REGO PEREIRA,1,1,0,0,2026-03-10,2026-03-10,1,1,nao,nao
MARIA DE JESUS SOUZA DA SILVA ABREU,MARIA DE JESUS SOUZA DA SILVA ABREU,1,0,1,0,2026-02-11,2026-02-11,1,1,nao,nao
MARIA DE OLIVEIRA DUARTE,MARIA DE OLIVEIRA DUARTE,1,1,0,0,2026-03-04,2026-03-04,1,0,nao,nao
MARIA DO CARMO DE PINHO MELLO,MARIA DO CARMO DE PINHO MELLO,1,0,1,0,2024-12-10,2024-12-10,1,1,nao,nao
MARIA DO SOCORRO BARRETO,MARIA DO SOCORRO BARRETO,1,1,0,0,2025-12-26,2025-12-26,1,1,nao,nao
MARIA DOS REIS CARDOSO GOMES,MARIA DOS REIS CARDOSO GOMES,1,1,0,0,2026-04-14,2026-04-14,1,1,nao,nao
MARIA DOS SANTOS,MARIA DOS SANTOS,1,1,0,0,2025-11-06,2025-11-06,0,0,nao,nao
MARIA EDILENE PEREIRA RIBEIRO,MARIA EDILENE PEREIRA RIBEIRO,1,0,1,0,2026-03-13,2026-03-13,1,1,nao,nao
MARIA EDUARDA BRANDAO DE MOURA MELO,MARIA EDUARDA BRANDAO DE MOURA MELO,1,0,1,0,2026-04-17,2026-04-17,1,0,nao,nao
MARIA EDUARDA BRITO DE SOUZA,MARIA EDUARDA BRITO DE SOUZA,1,0,1,0,2024-12-02,2024-12-02,1,0,nao,nao
MARIA EDUARDA CASTRO SOARES DE BARROS,MARIA EDUARDA CASTRO SOARES DE BARROS,1,0,1,0,2026-03-17,2026-03-17,1,0,nao,nao
MARIA EDUARDA DA SILVA FOGIA,MARIA EDUARDA DA SILVA FOGIA,1,0,1,0,2026-02-05,2026-02-05,1,1,nao,nao
MARIA EDUARDA DAMY DOS SANTOS PIMENTA E SILVA,MARIA EDUARDA DAMY DOS SANTOS PIMENTA E SILVA,1,0,1,0,2026-04-16,2026-04-16,1,1,nao,nao
MARIA EDUARDA DAVID BASTOS DE GODOI AMARO,MARIA EDUARDA DAVID BASTOS DE GODOI AMARO,2,1,1,0,2025-11-19,2026-03-20,1,2,sim,nao
MARIA EDUARDA DE ARAUJO MOTTA,MARIA EDUARDA DE ARAUJO MOTTA,1,0,1,0,2024-12-04,2024-12-04,1,1,nao,nao
MARIA EDUARDA DE AZEVEDO BENTO,MARIA EDUARDA DE AZEVEDO BENTO,1,0,1,0,2026-04-17,2026-04-17,1,0,nao,nao
MARIA EDUARDA DE LIMA LOPES,MARIA EDUARDA DE LIMA LOPES,1,1,0,0,2026-01-08,2026-01-08,0,0,nao,nao
MARIA EDUARDA DE MAGALHAES DUBIEL DE SOUZA,MARIA EDUARDA DE MAGALHÃES DUBIEL DE SOUZA,2,1,1,1,2024-11-11,2024-11-11,2,1,sim,sim
MARIA EDUARDA DIAS GONCALVES,MARIA EDUARDA DIAS GONCALVES,1,1,0,0,2026-02-12,2026-02-12,0,0,nao,nao
MARIA EDUARDA DOS SANTOS,MARIA EDUARDA DOS SANTOS,3,1,2,1,2025-11-19,2026-02-26,3,0,sim,sim
MARIA EDUARDA DOS SANTOS BRAGA,MARIA EDUARDA DOS SANTOS BRAGA,2,1,1,0,2026-02-03,2026-04-28,2,0,sim,nao
MARIA EDUARDA FERNANDES DE OLIVEIRA,MARIA EDUARDA FERNANDES DE OLIVEIRA,1,1,0,0,2026-02-04,2026-02-04,1,1,nao,nao
MARIA EDUARDA LEITE DE SOUZA,MARIA EDUARDA LEITE DE SOUZA,1,0,1,0,2026-04-16,2026-04-16,1,1,nao,nao
MARIA EDUARDA PEREIRA ROSA,MARIA EDUARDA PEREIRA ROSA,2,1,1,0,2025-11-14,2025-12-08,2,0,sim,nao
MARIA EDUARDA PINTO LOPES,MARIA EDUARDA PINTO LOPES,1,1,0,0,2025-11-10,2025-11-10,0,1,nao,nao
MARIA EDUARDA QUINTANILHA DE SOUZA,MARIA EDUARDA QUINTANILHA DE SOUZA,1,0,1,0,2026-04-27,2026-04-27,1,0,nao,nao
MARIA EDUARDA RODRIGUES DE OLIVEIRA,MARIA EDUARDA RODRIGUES DE OLIVEIRA,1,0,1,0,2026-01-02,2026-01-02,1,1,nao,nao
MARIA EDUARDHA DA COSTA CARVALHO MONTEIRO,MARIA EDUARDHA DA COSTA CARVALHO MONTEIRO,1,1,0,0,2025-12-19,2025-12-19,0,0,nao,nao
MARIA ELENICE DA SILVA,MARIA ELENICE DA SILVA,1,0,1,0,2026-03-06,2026-03-06,1,0,nao,nao
MARIA EUGENIA PEREIRA DE OLIVEIRA,MARIA EUGENIA PEREIRA DE OLIVEIRA,1,1,0,0,2026-03-19,2026-03-19,1,0,nao,nao
MARIA FERNANDA BRANDAO DOS SANTOS VAZQUEZ,MARIA FERNANDA BRANDÃO DOS SANTOS VAZQUEZ,1,1,0,0,2024-10-10,2024-10-10,0,0,nao,nao
MARIA FERNANDA BROWN DA SILVA,MARIA FERNANDA BROWN DA SILVA,2,1,1,1,2024-10-02,2024-10-02,2,2,sim,sim
MARIA FERNANDA MARQUES FIGUEIRA,MARIA FERNANDA MARQUES FIGUEIRA,1,0,1,0,2026-03-19,2026-03-19,1,0,nao,nao
MARIA FERNANDA SIQUEIRA DE OLIVEIRA,MARIA FERNANDA SIQUEIRA DE OLIVEIRA,1,0,1,0,2024-11-01,2024-11-01,1,0,nao,nao
MARIA GABRIELA ALMEIDA DOS SANTOS VALENCA,MARIA GABRIELA ALMEIDA DOS SANTOS VALENÇA,1,1,0,0,2024-10-15,2024-10-15,1,0,nao,nao
MARIA GABRIELA BESSA DA SILVA,MARIA GABRIELA BESSA DA SILVA,2,1,1,1,2026-03-20,2026-03-20,2,0,sim,sim
MARIA GABRIELA MOURA DA CUNHA,MARIA GABRIELA MOURA DA CUNHA,1,1,0,0,2026-02-04,2026-02-04,0,1,nao,nao
MARIA GISELE BASTOS SOARES DE FARIAS,MARIA GISELE BASTOS SOARES DE FARIAS,2,1,1,1,2024-11-12,2024-11-12,2,2,sim,sim
MARIA HELENA BARROSO RIBEIRO,MARIA HELENA BARROSO RIBEIRO,3,1,2,1,2026-02-10,2026-03-02,1,3,sim,sim
MARIA HELENA NARCISO EVANGELISTA,MARIA HELENA NARCISO EVANGELISTA,1,1,0,0,2026-03-09,2026-03-09,1,0,nao,nao
MARIA HELENA ROMUALDO DE MORAES,MARIA HELENA ROMUALDO DE MORAES,1,0,1,0,2025-12-26,2025-12-26,1,1,nao,nao
MARIA INEZ DA SILVA PINHEIRO,MARIA INEZ DA SILVA PINHEIRO,1,1,0,0,2024-11-12,2024-11-12,1,0,nao,nao
MARIA IRACEMA BRAGA SANTOS DA FONSECA,MARIA IRACEMA BRAGA SANTOS DA FONSECA,1,1,0,0,2026-01-13,2026-01-13,1,0,nao,nao
MARIA IRENE GARRIDO ABREU RIBEIRO,MARIA IRENE GARRIDO ABREU RIBEIRO,3,2,1,0,2025-11-14,2026-03-13,2,0,sim,nao
MARIA ISABEL DE MELO PEREIRA,MARIA ISABEL DE MELO PEREIRA,1,0,1,0,2026-02-04,2026-02-04,1,1,nao,nao
MARIA ISABEL DOS SANTOS ARAUJO,MARIA ISABEL DOS SANTOS ARAÚJO,1,0,1,0,2024-11-04,2024-11-04,1,0,nao,nao
MARIA IZABEL CASTRO DE SOUSA,MARIA IZABEL CASTRO DE SOUSA,1,1,0,0,2025-12-08,2025-12-08,1,1,nao,nao
MARIA JOANA GUIMARAES PEIXOTO,MARIA JOANA GUIMARÃES PEIXOTO,1,1,0,0,2024-10-01,2024-10-01,1,1,nao,nao
MARIA JOSE FILGUEIRA DA CUNHA MENDES,MARIA JOSE FILGUEIRA DA CUNHA MENDES,1,1,0,0,2025-12-11,2025-12-11,0,1,nao,nao
MARIA JOSE FROES FERES,MARIA JOSÉ FRÓES FERES,2,1,1,0,2024-10-04,2026-02-03,1,1,sim,nao
MARIA JOSE LIMA MARTINS,MARIA JOSE LIMA MARTINS,1,0,1,0,2026-01-02,2026-01-02,1,1,nao,nao
MARIA JOSE RANGEL RIBEIRO MELO,MARIA JOSE RANGEL RIBEIRO MELO,1,0,1,0,2026-03-06,2026-03-06,1,1,nao,nao
MARIA JUCILENE DA SILVA,MARIA JUCILENE DA SILVA,1,1,0,0,2026-03-13,2026-03-13,1,0,nao,nao
MARIA LAURA DA SILVA NUNES,MARIA LAURA DA SILVA NUNES,1,1,0,0,2026-03-24,2026-03-24,0,1,nao,nao
MARIA LUCIA DE ANDRADE ROSARIO,MARIA LUCIA DE ANDRADE ROSARIO,2,2,0,0,2026-03-10,2026-03-10,0,1,nao,nao
MARIA LUCIANA DE ASSIS FAUSTINO TEIXEIRA,MARIA LUCIANA DE ASSIS FAUSTINO TEIXEIRA,1,1,0,0,2026-01-15,2026-01-15,1,1,nao,nao
MARIA LUCINEIDE SILVA PINHEIRO,MARIA LUCINEIDE SILVA PINHEIRO,2,1,1,1,2026-03-02,2026-03-04,1,1,sim,sim
MARIA LUIZA DELGADO DE MEDEIROS,MARIA LUIZA DELGADO DE MEDEIROS,2,1,1,1,2024-11-07,2024-11-07,2,2,sim,sim
MARIA LUIZA FIQUEIREDO VAREJAO,MARIA LUIZA FIQUEIREDO VAREJAO,1,1,0,0,2026-02-20,2026-02-20,0,0,nao,nao
MARIA LUIZA GONCALVES SILVA,MARIA LUIZA GONÇALVES SILVA,2,1,1,0,2025-11-25,2026-04-17,2,0,sim,nao
MARIA LUIZA MARTINS DA ROCHA SCHULLE,MARIA LUÍZA MARTINS DA ROCHA SCHULLE,1,1,0,0,2026-03-20,2026-03-20,1,1,nao,nao
MARIA MARTA DE SOUZA DA SILVA,MARIA MARTA DE SOUZA DA SILVA,1,1,0,0,2026-03-17,2026-03-17,0,1,nao,nao
MARIA OLIVIA DE OLIVEIRA BOECHAT,MARIA OLIVIA DE OLIVEIRA BOECHAT,1,1,0,0,2024-10-29,2024-10-29,0,1,nao,nao
MARIA ROSA DE OLIVEIRA DE SOUSA,MARIA ROSA DE OLIVEIRA DE SOUSA,1,0,1,0,2025-11-24,2025-11-24,1,0,nao,nao
MARIA ROSE BEZERRA FREIRE,MARIA ROSE BEZERRA FREIRE,1,1,0,0,2024-12-05,2024-12-05,0,0,nao,nao
MARIA STELLA TEIXEIRA RIBEIRO,MARIA STELLA TEIXEIRA RIBEIRO,1,1,0,0,2026-03-17,2026-03-17,0,1,nao,nao
MARIA VALMIRA DANTAS DA SILVA,MARIA VALMIRA DANTAS DA SILVA,2,1,1,0,2025-11-28,2026-02-10,0,2,sim,nao
MARIA VICTORIA SILVA LEITE,MARIA VICTORIA SILVA LEITE,1,0,1,0,2026-03-17,2026-03-17,1,1,nao,nao
MARIAH MOREIRA PINHEIRO,MARIAH MOREIRA PINHEIRO,1,1,0,0,2024-12-23,2024-12-23,0,1,nao,nao
MARIANA BOTELHO VIANNA CAMACHO,MARIANA BOTELHO VIANNA CAMACHO,1,0,1,0,2026-04-09,2026-04-09,1,0,nao,nao
MARIANA DA COSTA DE JESUS DE OLIVEIRA,MARIANA DA COSTA DE JESUS DE OLIVEIRA,1,1,0,0,2026-03-19,2026-03-19,0,1,nao,nao
MARIANA DA SILVA FREITAS,MARIANA DA SILVA FREITAS,1,0,1,0,2026-02-12,2026-02-12,1,0,nao,nao
MARIANA DA SILVA PEIXOTO,MARIANA DA SILVA PEIXOTO,1,1,0,0,2026-02-25,2026-02-25,1,0,nao,nao
MARIANA DE SOUSA RAMOS,MARIANA DE SOUSA RAMOS,1,0,1,0,2025-12-29,2025-12-29,1,1,nao,nao
MARIANA DO AMARAL FERREIRA ANDRADE,MARIANA DO AMARAL FERREIRA ANDRADE,1,1,0,0,2026-01-19,2026-01-19,1,1,nao,nao
MARIANA LIMA JODAO,MARIANA LIMA JODÃO,1,1,0,0,2024-10-17,2024-10-17,0,0,nao,nao
MARIANA MARCONDES DE BRITO,MARIANA MARCONDES DE BRITO,1,1,0,0,2024-10-17,2024-10-17,0,1,nao,nao
MARIANA MARQUES DA COSTA,MARIANA MARQUES DA COSTA,1,1,0,0,2026-02-06,2026-02-06,1,1,nao,nao
MARIANA MELLO SCHOR,MARIANA MELLO SCHOR,1,0,1,0,2025-12-19,2025-12-19,1,1,nao,nao
MARIANA MOURA EGITO DE LIMA,MARIANA MOURA EGITO DE LIMA,1,0,1,0,2024-12-06,2024-12-06,1,0,nao,nao
MARIANA NERY DA SILVA BORGES ALVES,MARIANA NERY DA SILVA BORGES ALVES,1,1,0,0,2024-11-13,2024-11-13,0,1,nao,nao
MARIANA PINHEIRO PACHECO,MARIANA PINHEIRO PACHECO,1,0,1,0,2024-10-10,2024-10-10,1,1,nao,nao
MARIANA RODRIGUES ALVES FERREIRA,MARIANA RODRIGUES ALVES FERREIRA,1,1,0,0,2024-10-23,2024-10-23,1,0,nao,nao
MARIANA SOARES DE PAULA CAMPOS,MARIANA SOARES DE PAULA CAMPOS,1,1,0,0,2025-12-08,2025-12-08,0,1,nao,nao
MARIANE BASTOS DE LIMA,MARIANE BASTOS DE LIMA,1,0,1,0,2026-01-02,2026-01-02,1,1,nao,nao
MARIANE DOS SANTOS PEREIRA,MARIANE DOS SANTOS PEREIRA,2,1,1,0,2026-01-19,2026-04-16,2,0,sim,nao
MARIANE LEMOS KARMUOCHE,MARIANE LEMOS KARMUOCHE,1,0,1,0,2026-03-02,2026-03-02,1,0,nao,nao
MARIANE RODRIGUES DA SILVA,MARIANE RODRIGUES DA SILVA,1,1,0,0,2026-03-10,2026-03-10,1,0,nao,nao
MARIANGELA ABELHA TOMAZ,MARIANGELA ABELHA TOMAZ,1,0,1,0,2026-04-16,2026-04-16,1,1,nao,nao
MARIANGELA DE PINHO JUNQUEIRA,MARIANGELA DE PINHO JUNQUEIRA,1,0,1,0,2024-11-05,2024-11-05,1,1,nao,nao
MARIANGELA MONTEIRO CRUZ RABELO,MARIANGELA MONTEIRO CRUZ RABELO,1,0,1,0,2026-01-07,2026-01-07,1,1,nao,nao
MARIANGELA TAVARES RAMOS,MARIANGELA TAVARES RAMOS,1,0,1,0,2026-01-27,2026-01-27,1,1,nao,nao
MARIANNA GOMES MUNIZ,MARIANNA GOMES MUNIZ,1,0,1,0,2024-12-02,2024-12-02,1,1,nao,nao
MARIANNA MAGNO UCHOA,MARIANNA MAGNO UCHOA,1,1,0,0,2026-02-26,2026-02-26,1,1,nao,nao
MARIANNA MIRANDA RODRIGUES VIDAL,MARIANNA MIRANDA RODRIGUES VIDAL,1,0,1,0,2025-11-10,2025-11-10,1,0,nao,nao
MARIANNA SEVERO DE SOUZA,MARIANNA SEVERO DE SOUZA,2,1,1,1,2024-11-14,2024-11-14,2,1,sim,sim
MARILIA MARQUES MOREIRA,MARÍLIA MARQUES MOREIRA,1,0,1,0,2024-10-17,2024-10-17,1,0,nao,nao
MARILZA MENDONCA DA SILVA,MARILZA MENDONCA DA SILVA,1,0,1,0,2026-03-05,2026-03-05,1,1,nao,nao
MARILZA OLIVEIRA DA SILVA,MARILZA OLIVEIRA DA SILVA,1,0,1,0,2026-04-29,2026-04-29,1,1,nao,nao
MARINA BADARO DAMASCENO,MARINA BADARÓ DAMASCENO,1,1,0,0,2025-11-28,2025-11-28,1,1,nao,nao
MARINA FERNANDA ELIAS VOLPE,MARINA FERNANDA ELIAS VOLPE,1,1,0,0,2025-11-05,2025-11-05,0,1,nao,nao
MARINA GREG ESTEVES DOS SANTOS,MARINA GREG ESTEVES DOS SANTOS,2,2,0,0,2026-03-06,2026-03-06,0,2,nao,nao
MARINA JANAN CRUZ RIMOLA,MARINA JANAN CRUZ RIMOLA,1,1,0,0,2026-01-08,2026-01-08,0,1,nao,nao
MARINA RODRIGUES ARAUJO,MARINA RODRIGUES ARAUJO,2,1,1,1,2024-12-05,2024-12-05,1,2,sim,sim
MARINES JOSEFA DE BRITO,MARINÊS JOSEFA DE BRITO,1,1,0,0,2026-03-09,2026-03-09,1,0,nao,nao
MARINETE ALEGRE QUINTANILHA,MARINETE ALEGRE QUINTANILHA,1,1,0,0,2026-01-23,2026-01-23,1,0,nao,nao
MARINETE CANDIDO ANGELO DA SILVA,MARINETE CANDIDO ANGELO DA SILVA,1,0,1,0,2024-11-06,2024-11-06,1,0,nao,nao
MARIO CESAR TEIXEIRA,MARIO CESAR TEIXEIRA,1,1,0,0,2026-03-06,2026-03-06,0,1,nao,nao
MARIO JOSE LOUREIRO DA S I LVA,MARIO JOSÉ LOUREIRO DA S I LVA,1,1,0,0,2026-03-17,2026-03-17,1,0,nao,nao
MARISA M O D E S TO,MARISA M O D E S TO,1,0,1,0,2026-04-28,2026-04-28,1,0,nao,nao
MARISA MARIA ALVES DE OLIVEIRA,MARISA MARIA ALVES DE OLIVEIRA,1,1,0,0,2026-03-24,2026-03-24,1,0,nao,nao
MARISE HALABI MIRANDA,MARISE HALABI MIRANDA,4,2,2,2,2024-12-06,2026-04-17,3,3,sim,sim
MARISTELA CHAVES DA SILVA,MARISTELA CHAVES DA SILVA,1,1,0,0,2025-11-19,2025-11-19,0,0,nao,nao
MARISTELA CORREA NAZZARI,MARISTELA CORREA NAZZARI,1,1,0,0,2024-11-04,2024-11-04,0,0,nao,nao
MARISTELA MENDES ALVES,MARISTELA MENDES ALVES,1,0,1,0,2026-04-16,2026-04-16,1,0,nao,nao
MARIZE ANDRADE DE POLY,MARIZE ANDRADE DE POLY,1,0,1,0,2024-10-30,2024-10-30,1,0,nao,nao
MARIZILDA RITA DE AZEVEDO TAVARES,MARIZILDA RITA DE AZEVEDO TAVARES,1,0,1,0,2026-03-19,2026-03-19,1,1,nao,nao
MARLANE BARBOSA MACEDO,MARLANE BARBOSA MACEDO,1,0,1,0,2026-04-16,2026-04-16,1,0,nao,nao
MARLENE BARBOSA DA SILVA,MARLENE BARBOSA DA SILVA,1,0,1,0,2024-12-02,2024-12-02,1,1,nao,nao
MARLENE DOS ANJOS SANTANA CHAGAS,MARLENE DOS ANJOS SANTANA CHAGAS,1,0,1,0,2026-04-16,2026-04-16,1,1,nao,nao
MARLI ARIFA PEREIRA LOPES,MARLI ARIFA PEREIRA LOPES,1,1,0,0,2026-02-05,2026-02-05,0,1,nao,nao
MARLI DE PAULO SILVA OLIVEIRA,MARLI DE PAULO SILVA OLIVEIRA,1,1,0,0,2024-10-16,2024-10-16,1,0,nao,nao
MARLICE QUELEN FERREIRA DE CARVALHO,MARLICE QUELEN FERREIRA DE CARVALHO,1,1,0,0,2025-12-12,2025-12-12,1,1,nao,nao
MARLON CASTELO SILVA,MARLON CASTELO SILVA,1,1,0,0,2026-04-15,2026-04-15,1,0,nao,nao
MARLOS LOPES DE OLIVEIRA,MARLOS LOPES DE OLIVEIRA,1,0,1,0,2024-10-24,2024-10-24,1,1,nao,nao
MARLUCE PEDRO DO NASCIMENTO MACHADO,MARLUCE PEDRO DO NASCIMENTO MACHADO,1,1,0,0,2026-02-12,2026-02-12,1,0,nao,nao
MARTA ARAUJO DOS SANTOS NASCIMENTO,MARTA ARAUJO DOS SANTOS NASCIMENTO,1,0,1,0,2026-04-17,2026-04-17,1,0,nao,nao
MARTA DA ROCHA MARTINS,MARTA DA ROCHA MARTINS,1,1,0,0,2024-11-12,2024-11-12,1,0,nao,nao
MARTA DE FATIMA ALVES DA SILVA,MARTA DE FÁTIMA ALVES DA SILVA,1,1,0,0,2025-11-28,2025-11-28,0,1,nao,nao
MARTA DO AMARAL RODRIGUES TORRES,MARTA DO AMARAL RODRIGUES TORRES,3,3,0,0,2024-11-01,2024-12-05,3,1,nao,nao
MARTA GUIMARAES ZANETTI,MARTA GUIMARÃES ZANETTI,1,1,0,0,2025-11-28,2025-11-28,0,1,nao,nao
MARTA LEPIANE ARTIGAS,MARTA LEPIANE ARTIGAS,1,0,1,0,2026-04-06,2026-04-06,1,0,nao,nao
MARTA LEPIANI ARTIGAS,MARTA LEPIANI ARTIGAS,2,1,1,1,2024-12-06,2024-12-06,1,0,sim,sim
MARTA MARTINS CABALIN,MARTA MARTINS CABALIN,2,1,1,0,2026-02-25,2026-04-28,2,0,sim,nao
MARTA VALERIA RIBEIRO VITA,MARTA VALERIA RIBEIRO VITA,1,1,0,0,2026-03-25,2026-03-25,0,1,nao,nao
MARTHA SOLANGE BRIZOLA,MARTHA SOLANGE BRIZOLA,1,0,1,0,2026-04-29,2026-04-29,1,1,nao,nao
MARVIN GRICZYNSKI CALAZANS SIMAO,MARVIN GRICZYNSKI CALAZANS SIMAO,1,0,1,0,2026-04-29,2026-04-29,1,1,nao,nao
MARY MACEDO TABORDA,MARY MACEDO TABORDA,1,1,0,0,2026-01-21,2026-01-21,1,1,nao,nao
MAR￾CELO SALIM DE MARTINO,MAR￾CELO SALIM DE MARTINO,1,0,1,0,2024-10-18,2024-10-18,1,0,nao,nao
MAR￾CIA VALERIA FERREIRA DE OLIVEIRA,MAR￾CIA VALÉRIA FERREIRA DE OLIVEIRA,1,0,1,0,2024-10-11,2024-10-11,1,1,nao,nao
MATEUS DA SILVA MORAES,MATEUS DA SILVA MORAES,1,0,1,0,2024-12-05,2024-12-05,0,0,nao,nao
MATEUS DE SOUZA ARAUJO... LEIA-SE,MATEUS DE SOUZA ARAUJO... LEIA-SE,1,1,0,0,2024-10-08,2024-10-08,0,0,nao,nao
MATEUS DINIZ DE JESUS,MATEUS DINIZ DE JESUS,1,1,0,0,2025-12-01,2025-12-01,0,1,nao,nao
MATEUS ISAQUE DA SILVA OLIVEIRA,MATEUS ISAQUE DA SILVA OLIVEIRA,1,1,0,0,2026-01-14,2026-01-14,1,0,nao,nao
MATEUS KAWARI DOS SANTOS TEVA,MATEUS KAWARI DOS SANTOS TEVA,2,1,1,1,2024-11-04,2024-11-07,1,1,sim,sim
MATEUS LOURENA RODRIGUES,MATEUS LOURENA RODRIGUES,2,2,0,0,2024-12-16,2025-11-24,1,2,nao,nao
MATEUS PASSERI DE SIQUEIRA CORREA,MATEUS PASSERI DE SIQUEIRA CORREA,1,1,0,0,2026-03-18,2026-03-18,1,1,nao,nao
MATHEUS ALBERT DA ROCHA,MATHEUS ALBERT DA ROCHA,1,0,1,0,2024-10-21,2024-10-21,1,0,nao,nao
MATHEUS ALEX VIEIRA DAMASCENA SOUTO,MATHEUS ALEX VIEIRA DAMASCENA SOUTO,1,0,1,0,2026-04-29,2026-04-29,1,1,nao,nao
MATHEUS ARRUDA DE OLIVEIRA,MATHEUS ARRUDA DE OLIVEIRA,1,0,1,0,2026-04-27,2026-04-27,1,1,nao,nao
MATHEUS BALBINO ROCHA,MATHEUS BALBINO ROCHA,3,2,1,0,2026-02-23,2026-04-28,3,0,sim,nao
MATHEUS BARBOSA SARAIVA,MATHEUS BARBOSA SARAIVA,1,1,0,0,2026-01-26,2026-01-26,1,1,nao,nao
MATHEUS BORGES DE ALBUQUERQUE,MATHEUS BORGES DE ALBUQUERQUE,1,1,0,0,2026-03-24,2026-03-24,1,1,nao,nao
MATHEUS CAMPOS RODRIGUES,MATHEUS CAMPOS RODRIGUES,1,1,0,0,2026-03-10,2026-03-10,0,0,nao,nao
MATHEUS CESAR FERREIRA ALVES,MATHEUS CESAR FERREIRA ALVES,1,0,1,0,2026-01-14,2026-01-14,1,1,nao,nao
MATHEUS COELHO FERNANDES,MATHEUS COELHO FERNANDES,1,0,1,0,2024-10-01,2024-10-01,1,0,nao,nao
MATHEUS COSTA DE DEUS MARTINS,MATHEUS COSTA DE DEUS MARTINS,1,0,1,0,2026-04-09,2026-04-09,1,1,nao,nao
MATHEUS DA CUNHA SARMENTO,MATHEUS DA CUNHA SARMENTO,2,1,1,0,2024-10-01,2026-04-22,1,1,sim,nao
MATHEUS DA LUZ PEREIRA GOMES,MATHEUS DA LUZ PEREIRA GOMES,1,1,0,0,2026-03-26,2026-03-26,1,0,nao,nao
MATHEUS DA SILVA CASTRO,MATHEUS DA SILVA CASTRO,1,0,1,0,2026-04-08,2026-04-08,1,1,nao,nao
MATHEUS DA SILVEIRA REIS,MATHEUS DA SILVEIRA REIS,2,2,0,0,2025-11-24,2026-01-21,1,2,nao,nao
MATHEUS DE ALMEIDA LATTO,MATHEUS DE ALMEIDA LATTO,1,1,0,0,2026-02-12,2026-02-12,0,0,nao,nao
MATHEUS DE BARROS LIMA,MATHEUS DE BARROS LIMA,1,1,0,0,2025-12-10,2025-12-10,1,0,nao,nao
MATHEUS DE SOUSA OLIVEIRA MONTOVANI,MATHEUS DE SOUSA OLIVEIRA MONTOVANI,1,0,1,0,2026-01-26,2026-01-26,1,1,nao,nao
MATHEUS DE SOUZA MARINHO,MATHEUS DE SOUZA MARINHO,1,1,0,0,2024-10-07,2024-10-07,1,1,nao,nao
MATHEUS DE SOUZA RODRIGUES,MATHEUS DE SOUZA RODRIGUES,1,1,0,0,2024-11-04,2024-11-04,1,0,nao,nao
MATHEUS DIAS MOREIRA SALGADO,MATHEUS DIAS MOREIRA SALGADO,1,0,1,0,2025-12-03,2025-12-03,1,0,nao,nao
MATHEUS DO CARMO ALCANTARA,MATHEUS DO CARMO ALCÂNTARA,1,0,1,0,2024-12-02,2024-12-02,1,0,nao,nao
MATHEUS FELIPE VIEIRA DA COSTA,MATHEUS FELIPE VIEIRA DA COSTA,2,2,0,0,2026-02-20,2026-02-20,1,2,nao,nao
MATHEUS FINDLAY MUZZI DE MIRANDA,MATHEUS FINDLAY MUZZI DE MIRANDA,1,0,1,0,2024-10-16,2024-10-16,1,0,nao,nao
MATHEUS LEITE DE LIMA,MATHEUS LEITE DE LIMA,1,1,0,0,2026-03-09,2026-03-09,1,0,nao,nao
MATHEUS LOPES SILVA DA COSTA,MATHEUS LOPES SILVA DA COSTA,2,1,1,1,2025-11-07,2025-11-07,1,1,sim,sim
MATHEUS LUIZ DE SOUZA ROSA,MATHEUS LUIZ DE SOUZA ROSA,1,1,0,0,2026-02-26,2026-02-26,1,0,nao,nao
MATHEUS LUSTOSA DE ALBUQUERQUE,MATHEUS LUSTOSA DE ALBUQUERQUE,1,1,0,0,2026-04-07,2026-04-07,1,1,nao,nao
MATHEUS MANHAES DA SILVA GOMES,MATHEUS MANHAES DA SILVA GOMES,1,0,1,0,2026-04-09,2026-04-09,1,0,nao,nao
MATHEUS MASCARENHAS GUZELLA,MATHEUS MASCARENHAS GUZELLA,1,0,1,0,2026-01-22,2026-01-22,1,0,nao,nao
MATHEUS MAX SIMOES DE MORAIS,MATHEUS MAX SIMOES DE MORAIS,1,1,0,0,2026-03-06,2026-03-06,1,0,nao,nao
MATHEUS MENDONCA PINHEIRO,MATHEUS MENDONCA PINHEIRO,2,1,1,1,2026-03-05,2026-03-17,1,2,sim,sim
MATHEUS MORAES RIBEIRO,MATHEUS MORAES RIBEIRO,1,0,1,0,2026-04-28,2026-04-28,1,0,nao,nao
MATHEUS OLIVEIRA DE ALMEIDA,MATHEUS OLIVEIRA DE ALMEIDA,1,1,0,0,2024-12-17,2024-12-17,1,1,nao,nao
MATHEUS PARAISO DE SOUZA,MATHEUS PARAISO DE SOUZA,1,0,1,0,2026-02-10,2026-02-10,1,1,nao,nao
MATHEUS PEREIRA MAIA,MATHEUS PEREIRA MAIA,1,1,0,0,2026-03-23,2026-03-23,1,0,nao,nao
MATHEUS RAIMUNDO COELHO,MATHEUS RAIMUNDO COELHO,1,0,1,0,2024-11-21,2024-11-21,1,0,nao,nao
MATHEUS ROBERTH MARTINS DE CARVALHO,MATHEUS ROBERTH MARTINS DE CARVALHO,2,2,0,0,2026-03-18,2026-03-25,2,0,nao,nao
MATHEUS SALVADOR PACHECO MACHADO,MATHEUS SALVADOR PACHECO MACHADO,1,1,0,0,2024-10-15,2024-10-15,0,0,nao,nao
MATHEUS SALVADORI PACHECO MACHADO,MATHEUS SALVADORI PACHECO MACHADO,1,0,1,0,2024-11-29,2024-11-29,1,0,nao,nao
MATHEUS SANTOS DA ROSA,MATHEUS SANTOS DA ROSA,1,1,0,0,2026-01-02,2026-01-02,0,1,nao,nao
MATHEUS SILVEIRA DE SOUZA,MATHEUS SILVEIRA DE SOUZA,1,0,1,0,2024-11-12,2024-11-12,1,0,nao,nao
MATHEUS SOUSA FELIPE,MATHEUS SOUSA FELIPE,1,1,0,0,2026-01-23,2026-01-23,1,1,nao,nao
MATHEUS VIEIRA LEAL,MATHEUS VIEIRA LEAL,1,1,0,0,2026-04-14,2026-04-14,0,1,nao,nao
MATTEUS BENTO DE ARAUJO,MATTEUS BENTO DE ARAUJO,1,0,1,0,2026-03-17,2026-03-17,1,1,nao,nao
MATTHIELLE LIMA NAVARRO,MATTHIELLE LIMA NAVARRO,1,1,0,0,2026-03-20,2026-03-20,1,0,nao,nao
MAURICIO CAMARGO NASCIMENTO,MAURICIO CAMARGO NASCIMENTO,1,0,1,0,2026-01-15,2026-01-15,1,1,nao,nao
MAURICIO CARDOSO FRAGA,MAURICIO CARDOSO FRAGA,1,1,0,0,2026-02-27,2026-02-27,1,0,nao,nao
MAURICIO DA SILVA CATARINA,MAURICIO DA SILVA CATARINA,2,1,1,1,2024-12-10,2024-12-10,2,2,sim,sim
MAURICIO DA SILVA NUNES,MAURICIO DA SILVA NUNES,1,1,0,0,2024-11-12,2024-11-12,0,1,nao,nao
MAURICIO JOSE DE SOUZA COSTA,MAURÍCIO JOSÉ DE SOUZA COSTA,2,2,0,0,2026-02-23,2026-02-23,1,2,nao,nao
MAURICIO NICOLAU,MAURICIO NICOLAU,1,1,0,0,2025-11-28,2025-11-28,1,1,nao,nao
MAURICIO PINHEIRO DE CARVALHO,MAURICIO PINHEIRO DE CARVALHO,2,1,1,0,2025-11-18,2026-04-07,2,2,sim,nao
MAURICIO PORTELLA SILVA PERETTI,MAURICIO PORTELLA SILVA PERETTI,1,1,0,0,2026-03-26,2026-03-26,1,1,nao,nao
MAURICIO RODRIGUES FREIRE,MAURICIO RODRIGUES FREIRE,2,1,1,0,2024-10-09,2026-04-17,1,0,sim,nao
MAURO AZEVEDO NETO,MAURO AZEVEDO NETO,1,1,0,0,2024-10-23,2024-10-23,1,0,nao,nao
MAURO JORGE FERREIRA SACHINHO,MAURO JORGE FERREIRA SACHINHO,1,1,0,0,2026-02-12,2026-02-12,0,0,nao,nao
MAURO SANABIO AMARAL,MAURO SANABIO AMARAL,1,0,1,0,2024-11-28,2024-11-28,1,0,nao,nao
MAURO SERGIO DOS SANTOS,MAURO SÉRGIO DOS SANTOS,1,1,0,0,2025-11-28,2025-11-28,1,1,nao,nao
MAURO SOARES DE LIMA,MAURO SOARES DE LIMA,1,0,1,0,2026-03-24,2026-03-24,1,0,nao,nao
MAX CARNEIRO DA SILVA,MAX CARNEIRO DA SILVA,1,0,1,0,2026-04-14,2026-04-14,1,1,nao,nao
MAX MANGUEIRA RANGEL,MAX MANGUEIRA RANGEL,1,1,0,0,2025-12-23,2025-12-23,0,0,nao,nao
MAX OLIVEIRA MESQUITA DE MATTOS,MAX OLIVEIRA MESQUITA DE MATTOS,1,1,0,0,2024-10-18,2024-10-18,0,0,nao,nao
MAX ROGERIO DA SILVA GALLIER,MAX ROGERIO DA SILVA GALLIER,1,1,0,0,2025-12-01,2025-12-01,1,1,nao,nao
MAX WELBER JORGE DE MENEZES,MAX WELBER JORGE DE MENEZES,2,2,0,0,2024-11-08,2025-11-25,1,0,nao,nao
MAXWELL CAVALCANTI DE ARAUJO,MAXWELL CAVALCANTI DE ARAÚJO,1,0,1,0,2024-11-29,2024-11-29,1,0,nao,nao
MAXWELL COSTA BRASIL,MAXWELL COSTA BRASIL,2,0,2,0,2026-03-10,2026-03-10,1,0,nao,nao
MAXWELL DE ANDRADE AMARAL,MAXWELL DE ANDRADE AMARAL,1,0,1,0,2026-03-26,2026-03-26,1,0,nao,nao
MAXWELL DE JESUS E SILVA,MAXWELL DE JESUS E SILVA,1,1,0,0,2026-03-02,2026-03-02,0,0,nao,nao
MAYARA FARIA DE ALMEIDA,MAYARA FARIA DE ALMEIDA,1,1,0,0,2025-11-14,2025-11-14,1,0,nao,nao
MAYARA LOPES FEITOSA BALDO,MAYARA LOPES FEITOSA BALDO,1,1,0,0,2026-03-23,2026-03-23,1,0,nao,nao
MAYARA PACHECO DE AMORIM,MAYARA PACHECO DE AMORIM,1,0,1,0,2025-11-10,2025-11-10,1,1,nao,nao
MAYARA POSSIDONIO DA SILVA,MAYARA POSSIDONIO DA SILVA,1,0,1,0,2024-10-10,2024-10-10,1,1,nao,nao
MAYCON DOUGLAS COSTA DE CARVALHO,MAYCON DOUGLAS COSTA DE CARVALHO,2,1,1,0,2026-02-25,2026-04-28,2,0,sim,nao
MAYCON MELLO NARCIZO,MAYCON MELLO NARCIZO,1,1,0,0,2026-01-02,2026-01-02,0,1,nao,nao
MAYCON NUNES DE OLIVEIRA,MAYCON NUNES DE OLIVEIRA,2,1,1,1,2024-11-11,2024-11-12,2,0,sim,sim
MAYRA BOTELHO VIANNA,MAYRA BOTELHO VIANNA,1,1,0,0,2026-01-28,2026-01-28,1,0,nao,nao
MAYRA RODRIGUES PEREIRA REGO,MAYRA RODRIGUES PEREIRA REGO,1,1,0,0,2026-01-15,2026-01-15,0,1,nao,nao
MA￾RIA CAROLINE SALLES DA ROCHA,MA￾RIA CAROLINE SALLES DA ROCHA,1,0,1,0,2024-10-15,2024-10-15,1,0,nao,nao
MA￾RIA FERNANDA BRANDAO DOS SANTOS VAZQUEZ,MA￾RIA FERNANDA BRANDÃO DOS SANTOS VAZQUEZ,1,0,1,0,2024-10-10,2024-10-10,1,0,nao,nao
MA￾RIA LOUREIRO LEITE COSTA,MA￾RIA LOUREIRO LEITE COSTA,1,0,1,0,2024-10-23,2024-10-23,1,1,nao,nao
MA￾RIA OLIVIA DE OLIVEIRA BOECHAT,MA￾RIA OLIVIA DE OLIVEIRA BOECHAT,1,0,1,0,2024-10-29,2024-10-29,1,0,nao,nao
MA￾RIENE FARAGE PEREIRA VALADAO,MA￾RIENE FARAGE PEREIRA VALADÃO,1,0,1,0,2024-10-31,2024-10-31,1,0,nao,nao
MA￾TIAS SAFIAN,MA￾TIAS SAFIAN,1,0,1,0,2024-10-15,2024-10-15,1,0,nao,nao
MEIRE MACHADO LIRA DE PAULA,MEIRE MACHADO LIRA DE PAULA,1,1,0,0,2024-12-16,2024-12-16,1,0,nao,nao
MELL BEATRIZ SILVA DOS SANTOS NASCIMENTO,MELL BEATRIZ SILVA DOS SANTOS NASCIMENTO,2,2,0,0,2026-03-16,2026-03-16,1,0,nao,nao
MERILUCIA RANGEL VIEIRA,MERILUCIA RANGEL VIEIRA,1,0,1,0,2025-11-17,2025-11-17,1,0,nao,nao
MICHAEL ALEXANDRE GERVASIO,MICHAEL ALEXANDRE GERVASIO,1,0,1,0,2026-04-17,2026-04-17,1,0,nao,nao
MICHAEL BARBALHO AMARO,MICHAEL BARBALHO AMARO,1,1,0,0,2024-11-04,2024-11-04,0,1,nao,nao
MICHAEL SILVA CUNHA,MICHAEL SILVA CUNHA,1,0,1,0,2026-04-28,2026-04-28,1,0,nao,nao
MICHAELLA MACEDO LEITAO,MICHAELLA MACEDO LEITAO,1,1,0,0,2026-03-23,2026-03-23,1,1,nao,nao
MICHEL ANGELO DE OLIVEIRA,MICHEL ÂNGELO DE OLIVEIRA,2,1,1,0,2025-11-25,2026-04-16,2,1,sim,nao
MICHEL BARROS DE OLIVEIRA,MICHEL BARROS DE OLIVEIRA,1,0,1,0,2026-04-17,2026-04-17,1,1,nao,nao
MICHEL JORGE GOMES DA SILVA,MICHEL JORGE GOMES DA SILVA,1,0,1,0,2024-11-21,2024-11-21,1,0,nao,nao
MICHEL MELLI CARVALHO,MICHEL MELLI CARVALHO,1,1,0,0,2026-03-13,2026-03-13,0,1,nao,nao
MICHEL SANDRO SANTOS SILVA,MICHEL SANDRO SANTOS SILVA,1,0,1,0,2026-03-25,2026-03-25,1,1,nao,nao
MICHEL SILVA CUNHA,MICHEL SILVA CUNHA,2,2,0,0,2026-02-25,2026-02-25,2,0,nao,nao
MICHELE DE ALMEIDA TUZZI,MICHELE DE ALMEIDA TUZZI,1,1,0,0,2026-03-18,2026-03-18,0,1,nao,nao
MICHELE DE ALMEIDA TUZZI VIANA DA COSTA,MICHELE DE ALMEIDA TUZZI VIANA DA COSTA,1,0,1,0,2025-11-14,2025-11-14,1,0,nao,nao
MICHELE DE ALMEIDA TUZZI VIANNA DA COSTA,MICHELE DE ALMEIDA TUZZI VIANNA DA COSTA,1,1,0,0,2026-02-11,2026-02-11,1,1,nao,nao
MICHELE EMANUELE DE ALMEIDA FERREIRA HELIO￾DORO,MICHELE EMANUELE DE ALMEIDA FERREIRA HELIO￾DORO,1,1,0,0,2024-11-05,2024-11-05,0,1,nao,nao
MICHELE FERREIRA DE OLIVEIRA,MICHELE FERREIRA DE OLIVEIRA,1,0,1,0,2026-04-28,2026-04-28,1,1,nao,nao
MICHELE MARTINS DA COSTA BARROSO,MICHELE MARTINS DA COSTA BARROSO,2,1,1,1,2024-11-07,2024-11-07,2,0,sim,sim
MICHELE OLIVEIRA DOS SANTOS,MICHELE OLIVEIRA DOS SANTOS,1,0,1,0,2026-03-26,2026-03-26,1,0,nao,nao
MICHELE SILVA DE MEDEIROS,MICHELE SILVA DE MEDEIROS,1,1,0,0,2025-12-23,2025-12-23,0,0,nao,nao
MICHELLE DE FREITAS EL-CHAER,MICHELLE DE FREITAS EL-CHAER,2,1,1,1,2025-11-07,2025-11-07,1,1,sim,sim
MICHELLE DE SOUZA MEDEIROS,MICHELLE DE SOUZA MEDEIROS,1,1,0,0,2025-11-17,2025-11-17,1,0,nao,nao
MICHELLE FERREIRA DA GAMA E SILVA,MICHELLE FERREIRA DA GAMA E SILVA,1,0,1,0,2024-12-11,2024-12-11,1,1,nao,nao
MICHELLE LIMA DE ALBUQUERQUE,MICHELLE LIMA DE ALBUQUERQUE,1,1,0,0,2026-03-20,2026-03-20,1,0,nao,nao
MICHELLE LOUISE,MICHELLE LOUISE,1,0,1,0,2026-04-08,2026-04-08,1,1,nao,nao
MICHELLE MARTINS DE SOUSA,MICHÉLLE MARTINS DE SOUSA,1,1,0,0,2025-11-10,2025-11-10,0,1,nao,nao
MICHELLE PATRICIO SILVA PAIVA,MICHELLE PATRICIO SILVA PAIVA,1,1,0,0,2026-02-12,2026-02-12,1,0,nao,nao
MICHELLE REZENDE GONCALVES COUTO,MICHELLE REZENDE GONÇALVES COUTO,1,1,0,0,2026-03-09,2026-03-09,1,0,nao,nao
MICHELLE SANTOS COSTA,MICHELLE SANTOS COSTA,1,0,1,0,2026-03-13,2026-03-13,1,1,nao,nao
MIDIAN DOS SANTOS SILVA,MIDIAN DOS SANTOS SILVA,1,0,1,0,2026-03-17,2026-03-17,1,1,nao,nao
MIGUEL ANGELO DUARTE TICOM,MIGUEL ANGELO DUARTE TICOM,1,0,1,0,2026-04-01,2026-04-01,1,1,nao,nao
MIGUEL LUIS DE SOUZA DA COSTA,MIGUEL LUIS DE SOUZA DA COSTA,1,1,0,0,2026-02-02,2026-02-02,0,0,nao,nao
MIKAELLE JERONIMO DOS SANTOS,MIKAELLE JERONIMO DOS SANTOS,1,1,0,0,2026-02-27,2026-02-27,1,0,nao,nao
MIKE ARAUJO PESSANHA,MIKE ARAUJO PESSANHA,1,1,0,0,2026-03-13,2026-03-13,1,0,nao,nao
MILENA ALMEIDA SUHETT,MILENA ALMEIDA SUHETT,1,1,0,0,2024-11-11,2024-11-11,0,0,nao,nao
MILENA DA SILVA ABREU,MILENA DA SILVA ABREU,1,1,0,0,2026-03-17,2026-03-17,0,1,nao,nao
MILENA MATHIAS OLIVEIRA DE SOUZA,MILENA MATHIAS OLIVEIRA DE SOUZA,1,0,1,0,2025-11-05,2025-11-05,1,1,nao,nao
MILENA SIQUEIRA DE PAULA ALVARENGA,MILENA SIQUEIRA DE PAULA ALVARENGA,1,0,1,0,2026-01-27,2026-01-27,1,1,nao,nao
MILLA DE SOUZA PAES BARRETO COUTINHO,MILLA DE SOUZA PAES BARRETO COUTINHO,1,1,0,0,2025-11-06,2025-11-06,1,0,nao,nao
MILLENA DA CRUZ SOARES DE SOUZA,MILLENA DA CRUZ SOARES DE SOUZA,1,1,0,0,2026-01-08,2026-01-08,0,0,nao,nao
MILLENA MONTEZ DO NASCIMENTO,MILLENA MONTEZ DO NASCIMENTO,1,1,0,0,2024-11-13,2024-11-13,0,1,nao,nao
MILLENA PEREIRA,MILLENA PEREIRA,1,1,0,0,2025-11-18,2025-11-18,0,1,nao,nao
MILTON IGNACIO CABREIRA JUNIOR,MILTON IGNACIO CABREIRA JUNIOR,1,0,1,0,2026-04-17,2026-04-17,1,0,nao,nao
MILTON PEREIRA,MILTON PEREIRA,1,1,0,0,2025-12-12,2025-12-12,1,0,nao,nao
MIRIAM GOMES DE SOUZA CUNHA,MIRIAM GOMES DE SOUZA CUNHA,1,1,0,0,2025-12-26,2025-12-26,0,0,nao,nao
MIRIAN DE ANDRADE SERAFIM,MIRIAN DE ANDRADE SERAFIM,2,1,1,0,2025-12-23,2026-03-18,1,0,sim,nao
MIRIAN RODRIGUES DOS SANTOS,MIRIAN RODRIGUES DOS SANTOS,1,1,0,0,2025-12-19,2025-12-19,0,1,nao,nao
MIRIAN SANT ANNA DE ALMEIDA SOARES,MIRIAN SANT ANNA DE ALMEIDA SOARES,1,1,0,0,2026-03-27,2026-03-27,0,1,nao,nao
MIRKA GEROLIMICH DE ABREU,MIRKA GEROLIMICH DE ABREU,2,1,1,0,2025-12-17,2026-04-28,2,0,sim,nao
MOACIR SEABRA DE ALMEIDA,MOACIR SEABRA DE ALMEIDA,1,1,0,0,2024-11-07,2024-11-07,1,1,nao,nao
MOISES BARRETO DE SANTANA,MOISÉS BARRETO DE SANTANA,1,0,1,0,2024-11-08,2024-11-08,1,0,nao,nao
MOISES DA SILVA RAMOS,MOISÉS DA SILVA RAMOS,1,1,0,0,2025-11-25,2025-11-25,1,0,nao,nao
MOISES FREITAS DE OLIVEIRA GOMES,MOISES FREITAS DE OLIVEIRA GOMES,2,1,1,1,2025-12-19,2025-12-23,2,1,sim,sim
MONALISA SANTANA DE CASTRO,MONALISA SANTANA DE CASTRO,1,0,1,0,2024-12-04,2024-12-04,1,0,nao,nao
MONALIZA BARBIERI BRESCIANI,MONALIZA BARBIERI BRESCIANI,1,0,1,0,2026-03-13,2026-03-13,1,1,nao,nao
MONICA ANDREIA NASCIMENTO CRUZ,MONICA ANDREIA NASCIMENTO CRUZ,1,1,0,0,2026-03-17,2026-03-17,1,0,nao,nao
MONICA APARECIDA MONGE DIAS,MONICA APARECIDA MONGE DIAS,1,1,0,0,2025-12-23,2025-12-23,0,0,nao,nao
MONICA BARBOSA DE JESUS,MONICA BARBOSA DE JESUS,1,0,1,0,2024-11-01,2024-11-01,1,0,nao,nao
MONICA DA COSTA,MONICA DA COSTA,1,1,0,0,2024-12-16,2024-12-16,1,1,nao,nao
MONICA DA SILVA ALVES,MONICA DA SILVA ALVES,4,3,1,2,2024-11-25,2026-03-06,2,0,sim,sim
MONICA ELISE REBOUCAS GOMES,MONICA ELISE REBOUÇAS GOMES,2,1,1,1,2025-11-14,2025-11-14,2,2,sim,sim
MONICA MARIA SANTOS DE SOUZA,MONICA MARIA SANTOS DE SOUZA,1,0,1,0,2026-04-29,2026-04-29,1,1,nao,nao
MONICA REIS SANTOS MARZANO,MONICA REIS SANTOS MARZANO,1,0,1,0,2026-03-02,2026-03-02,1,1,nao,nao
MONICA SANTOS DAHMOUCHE,MONICA SANTOS DAHMOUCHE,1,1,0,0,2026-01-15,2026-01-15,1,1,nao,nao
MONICA TOSTES BRANDAO,MONICA TOSTES BRANDÃO,1,0,1,0,2024-11-04,2024-11-04,0,0,nao,nao
MONIQUE ALVES DA SILVA,MONIQUE ALVES DA SILVA,1,1,0,0,2026-04-20,2026-04-20,1,1,nao,nao
MONIQUE AXEL NARDI KJELLIN CARDOSO,MONIQUE AXEL NARDI KJELLIN CARDOSO,1,0,1,0,2026-04-17,2026-04-17,1,0,nao,nao
MONIQUE AXEL NARDIKJELLIN CARDOSO,MONIQUE AXEL NARDIKJELLIN CARDOSO,1,1,0,0,2026-03-20,2026-03-20,1,0,nao,nao
MONIQUE CARNEIRO SOUZA,MONIQUE CARNEIRO SOUZA,1,1,0,0,2025-12-11,2025-12-11,0,0,nao,nao
MONIQUE CRISTINA DE OLIVEIRA BISPO CICERO,MONIQUE CRISTINA DE OLIVEIRA BISPO CICERO,1,1,0,0,2026-02-12,2026-02-12,1,0,nao,nao
MONIQUE DE SOUZA VIANNA,MONIQUE DE SOUZA VIANNA,1,0,1,0,2024-11-01,2024-11-01,1,0,nao,nao
MONIQUE GONCALVES DA SILVA,MONIQUE GONÇALVES DA SILVA,1,1,0,0,2024-12-04,2024-12-04,1,1,nao,nao
MONIQUE JORGE HAUAT,MONIQUE JORGE HAUAT,1,1,0,0,2024-12-17,2024-12-17,1,1,nao,nao
MONIQUE LOURENCO DE SANTANA DO NASCIMENTO,MONIQUE LOURENÇO DE SANTANA DO NASCIMENTO,1,0,1,0,2024-11-06,2024-11-06,1,0,nao,nao
MONIQUE MAGALHAES SOARES,MONIQUE MAGALHÃES SOARES,1,1,0,0,2024-12-06,2024-12-06,1,1,nao,nao
MONIQUE MUNIZ DE OLIVEIRA,MONIQUE MUNIZ DE OLIVEIRA,1,1,0,0,2024-10-30,2024-10-30,1,0,nao,nao
MONIQUE OLIVEIRA DE SOUSA,MONIQUE OLIVEIRA DE SOUSA,1,1,0,0,2026-03-13,2026-03-13,0,0,nao,nao
MONIQUE RIBEIRO SANTOS,MONIQUE RIBEIRO SANTOS,1,1,0,0,2026-03-27,2026-03-27,1,1,nao,nao
MONIQUE TASSINARE,MONIQUE TASSINARE,1,0,1,0,2024-12-02,2024-12-02,1,0,nao,nao
MOZART JUNQUEIRA RIBEIRO,MOZART JUNQUEIRA RIBEIRO,4,2,2,1,2024-11-21,2026-03-13,1,3,sim,sim
MOZART MOREIRA BRUNO,MOZART MOREIRA BRUNO,1,1,0,0,2024-10-17,2024-10-17,0,1,nao,nao
MO￾ZART MOREIRA BRUNO,MO￾ZART MOREIRA BRUNO,1,0,1,0,2024-10-17,2024-10-17,1,1,nao,nao
MURILO MELO ALEXANDRE,MURILO MELO ALEXANDRE,2,1,1,1,2025-11-27,2025-11-28,1,2,sim,sim
MURYLO JESUS DOS SANTOS,MURYLO JESUS DOS SANTOS,1,0,1,0,2026-03-19,2026-03-19,1,1,nao,nao
MYGUEL LUKAS PINHEIRO DE ARAUJO,MYGUEL LUKAS PINHEIRO DE ARAUJO,1,0,1,0,2026-04-28,2026-04-28,1,0,nao,nao
MYLANE DE SOUZA FONSECA RUAS PEREIRA,MYLANE DE SOUZA FONSECA RUAS PEREIRA,1,0,1,0,2026-03-17,2026-03-17,1,1,nao,nao
MYLENA BARRETO CARNEIRO,MYLENA BARRETO CARNEIRO,2,1,1,0,2026-02-03,2026-03-18,1,0,sim,nao
MYLLENA ROSA FIGUEIRA MOREIRA,MYLLENA ROSA FIGUEIRA MOREIRA,1,0,1,0,2026-04-15,2026-04-15,1,1,nao,nao
NADIA APARECIDA NORBERTO AMARAL,NADIA APARECIDA NORBERTO AMARAL,1,1,0,0,2025-12-11,2025-12-11,0,1,nao,nao
NADIA FERREIRA DA ROSA,NADIA FERREIRA DA ROSA,1,0,1,0,2026-04-17,2026-04-17,1,0,nao,nao
NALIA CRISTINE RODRIGUES DE ARAUJO,NALIA CRISTINE RODRIGUES DE ARAÚJO,1,1,0,0,2024-11-27,2024-11-27,1,1,nao,nao
NANCELLI OLIVEIRA THOME,NANCELLI OLIVEIRA THOME,1,1,0,0,2026-03-27,2026-03-27,0,1,nao,nao
NARA IECKER RODRIGUES BOYER,NARA IECKER RODRIGUES BOYER,1,1,0,0,2024-10-29,2024-10-29,0,0,nao,nao
NATALIA ALVIM GUERRA,NATALIA ALVIM GUERRA,1,1,0,0,2026-03-04,2026-03-04,1,1,nao,nao
NATALIA ARAUJO DA SILVEIRA KLEM,NATALIA ARAUJO DA SILVEIRA KLEM,1,0,1,0,2025-12-10,2025-12-10,1,1,nao,nao
NATALIA BLOIS DE SOUZA FRONY,NATALIA BLOIS DE SOUZA FRONY,1,1,0,0,2024-10-11,2024-10-11,0,0,nao,nao
NATALIA BORGES DE MELO,NATALIA BORGES DE MELO,1,1,0,0,2026-03-13,2026-03-13,1,1,nao,nao
NATALIA DA SILVA CARVALHO,NATALIA DA SILVA CARVALHO,1,0,1,0,2025-11-10,2025-11-10,1,0,nao,nao
NATALIA FERNANDES SANTIAGO,NATALIA FERNANDES SANTIAGO,1,0,1,0,2026-02-10,2026-02-10,1,0,nao,nao
NATALIA GOMES DE OLIVEIRA,NATALIA GOMES DE OLIVEIRA,1,1,0,0,2026-02-06,2026-02-06,0,0,nao,nao
NATALIA KONATU PESSOTTI,NATALIA KONATU PESSOTTI,1,1,0,0,2024-12-11,2024-12-11,0,0,nao,nao
NATALIA PEREIRA FENTANES,NATALIA PEREIRA FENTANES,1,1,0,0,2026-03-24,2026-03-24,1,0,nao,nao
NATALIA RODRIGUES GOMES,NATÁLIA RODRIGUES GOMES,2,1,1,1,2025-11-04,2025-11-07,1,1,sim,sim
NATALIA SAVES DE TOLEDO,NATALIA SAVES DE TOLEDO,2,1,1,1,2026-03-24,2026-03-26,2,1,sim,sim
NATALIA SILVA ARAUJO DOS SANTOS,NATALIA SILVA ARAUJO DOS SANTOS,1,1,0,0,2026-02-02,2026-02-02,0,1,nao,nao
NATALIA SOUZA DE OLIVEIRA,NATALIA SOUZA DE OLIVEIRA,1,1,0,0,2026-03-19,2026-03-19,1,1,nao,nao
NATALIA TINOCO GOMES COSTA,NATALIA TINOCO GOMES COSTA,1,1,0,0,2026-02-23,2026-02-23,1,0,nao,nao
NATALIA VELASCO DE NIJS OUVERNEY,NATALIA VELASCO DE NIJS OUVERNEY,3,1,2,1,2026-01-02,2026-04-17,2,2,sim,sim
NATALIA XAVIER PEREIRA DA COSTA,NATALIA XAVIER PEREIRA DA COSTA,2,1,1,0,2024-11-22,2025-12-11,1,1,sim,nao
NATALY ELENA SANTOS DA SILVA,NATALY ELENA SANTOS DA SILVA,1,1,0,0,2026-01-12,2026-01-12,1,1,nao,nao
NATAN DOS SANTOS PEREIRA,NATAN DOS SANTOS PEREIRA,1,0,1,0,2026-01-09,2026-01-09,1,0,nao,nao
NATAN MARTINS BASTOS,NATAN MARTINS BASTOS,1,1,0,0,2024-12-10,2024-12-10,1,0,nao,nao
NATASHA BARBOSA PINHEIRO DE BARROS,NATASHA BARBOSA PINHEIRO DE BARROS,1,1,0,0,2024-10-25,2024-10-25,0,0,nao,nao
NATASHA COSTA DA FONSECA,NATASHA COSTA DA FONSECA,1,1,0,0,2024-11-27,2024-11-27,1,1,nao,nao
NATASHA RODRIGUES DE MATOS,NATASHA RODRIGUES DE MATOS,1,1,0,0,2024-11-22,2024-11-22,1,1,nao,nao
NATHALI LOPES ANOLIN NERI,NÁTHALI LOPES ANOLIN NERI,1,1,0,0,2026-02-20,2026-02-20,1,1,nao,nao
NATHALIA BAIAO DE SOUZA GOMES,NATHALIA BAIÃO DE SOUZA GOMES,1,1,0,0,2026-02-23,2026-02-23,1,0,nao,nao
NATHALIA BARBOSA ARAUJO TRINDADE,NATHALIA BARBOSA ARAUJO TRINDADE,1,1,0,0,2024-11-05,2024-11-05,0,0,nao,nao
NATHALIA BATISTA PEREIRA,NATHALIA BATISTA PEREIRA,1,1,0,0,2024-10-15,2024-10-15,1,1,nao,nao
NATHALIA DA ROCHA AVELAR,NATHALIA DA ROCHA AVELAR,1,1,0,0,2024-12-23,2024-12-23,0,1,nao,nao
NATHALIA DE LIMA SOUZA MOREIRA,NATHALIA DE LIMA SOUZA MOREIRA,1,1,0,0,2025-11-07,2025-11-07,0,0,nao,nao
NATHALIA KAROLINE DE FRANCA ZANELLA,NATHALIA KAROLINE DE FRANCA ZANELLA,2,2,0,0,2026-03-09,2026-03-09,0,0,nao,nao
NATHALIA MAIA TERRA DE FARIA,NATHALIA MAIA TERRA DE FARIA,1,1,0,0,2024-11-06,2024-11-06,1,0,nao,nao
NATHALIA MARCELINO FERREIRA,NATHALIA MARCELINO FERREIRA,1,1,0,0,2025-11-14,2025-11-14,0,1,nao,nao
NATHALIA MOYSES PFEFFER,NATHALIA MOYSES PFEFFER,1,1,0,0,2025-11-24,2025-11-24,1,1,nao,nao
NATHALIA SALES DE ARAUJO,NATHALIA SALES DE ARAUJO,1,0,1,0,2026-03-13,2026-03-13,1,0,nao,nao
NATHALIA SHOLL ABRAHAM,NATHALIA SHOLL ABRAHAM,1,1,0,0,2025-11-19,2025-11-19,0,0,nao,nao
NATHALIA SILVA CAVALCANTI,NATHALIA SILVA CAVALCANTI,1,1,0,0,2026-03-25,2026-03-25,1,0,nao,nao
NATHALIA TINOCO NOGUEIRA VILLELA TOUZDJIAN,NATHALIA TINOCO NOGUEIRA VILLELA TOUZDJIAN,2,1,1,0,2025-11-24,2026-03-26,2,1,sim,nao
NATHALIE DRUMOND ALVES DO AMARAL,NATHALIE DRUMOND ALVES DO AMARAL,1,0,1,0,2026-03-25,2026-03-25,1,1,nao,nao
NATHALIE MACHADO LONGOBARDI,NATHALIE MACHADO LONGOBARDI,2,1,1,1,2026-03-13,2026-03-16,1,1,sim,sim
NATHALLE DANIELLE ZEBENDE DE SOUZA,NATHALLE DANIELLE ZEBENDE DE SOUZA,1,0,1,0,2025-11-07,2025-11-07,1,1,nao,nao
NATHALY LIMA SALES,NATHALY LIMA SALES,2,1,1,1,2025-11-07,2025-11-07,1,1,sim,sim
NATHANAEL CAMILO DA SILVA,NATHANAEL CAMILO DA SILVA,1,1,0,0,2025-11-25,2025-11-25,1,0,nao,nao
NATHANIE SILVA DE OLIVEIRA,NATHANIE SILVA DE OLIVEIRA,2,1,1,0,2025-12-12,2026-03-26,1,1,sim,nao
NAYARA DUARTE DA SILVA,NAYARA DUARTE DA SILVA,1,1,0,0,2026-03-24,2026-03-24,1,0,nao,nao
NAZARETH BORGES QUEIROZ,NAZARETH BORGES QUEIROZ,1,1,0,0,2025-11-27,2025-11-27,1,1,nao,nao
NA￾TACHA GOULART PIRES DA SILVA,NA￾TACHA GOULART PIRES DA SILVA,1,0,1,0,2024-12-04,2024-12-04,1,0,nao,nao
NA￾TASHA BARBOSA PINHEIRO DE BARROS,NA￾TASHA BARBOSA PINHEIRO DE BARROS,1,0,1,0,2024-10-25,2024-10-25,1,1,nao,nao
NEEMIAS GONZAGA DE SOUZA,NEEMIAS GONZAGA DE SOUZA,1,0,1,0,2024-11-29,2024-11-29,1,0,nao,nao
NEIDE APARECIDA DA CONCEICAO,NEIDE APARECIDA DA CONCEICAO,1,0,1,0,2026-04-13,2026-04-13,1,0,nao,nao
NEIDE FERREIRA DA COSTA,NEIDE FERREIRA DA COSTA,1,0,1,0,2024-11-06,2024-11-06,1,1,nao,nao
NEIVALDO CORREA DOS SANTOS,NEIVALDO CORREA DOS SANTOS,1,1,0,0,2026-01-02,2026-01-02,0,1,nao,nao
NELIO PEREIRA DE SOUZA,NELIO PEREIRA DE SOUZA,1,0,1,0,2026-04-28,2026-04-28,1,0,nao,nao
NELSON ALEXANDRE DOS SANTOS,NELSON ALEXANDRE DOS SANTOS,2,1,1,0,2025-12-01,2026-04-01,2,2,sim,nao
NELSON ANTONIO DOS SANTOS VENETILLO DA SILVA,NELSON ANTÔNIO DOS SANTOS VENETILLO DA SILVA,2,1,1,0,2024-12-06,2026-04-17,1,0,sim,nao
NELSON SANTA ROSA DE CARVALHO JUNIOR,NELSON SANTA ROSA DE CARVALHO JUNIOR,1,0,1,0,2026-03-17,2026-03-17,1,1,nao,nao
NEWTON FONSECA DA COSTA,NEWTON FONSECA DA COSTA,2,2,0,0,2026-02-24,2026-02-24,1,1,nao,nao
NEWTON RODRIGUES MOREIRA JUNIOR,NEWTON RODRIGUES MOREIRA JUNIOR,1,1,0,0,2026-03-18,2026-03-18,1,1,nao,nao
NEY FERNANDO DE MELLO NEVES FILHO,NEY FERNANDO DE MELLO NEVES FILHO,2,0,2,0,2026-03-16,2026-04-07,1,1,nao,nao
NIANDRA STAEL GRACINE,NIANDRA STAEL GRACINE,1,1,0,0,2025-11-14,2025-11-14,0,1,nao,nao
NICHOLAS RIBEIRO,NICHOLAS RIBEIRO,1,0,1,0,2026-01-28,2026-01-28,1,0,nao,nao
NICHOLAS RIBEIRO DA COSTA CARDOSO,NICHOLAS RIBEIRO DA COSTA CARDOSO,2,2,0,0,2025-12-12,2026-01-28,2,0,nao,nao
NICHOLAS TAVARES BECA MOUTINHO,NICHOLAS TAVARES BECA MOUTINHO,1,0,1,0,2026-03-20,2026-03-20,1,1,nao,nao
NICK KRAS BORGES,NICK KRAS BORGES,1,0,1,0,2025-12-12,2025-12-12,1,1,nao,nao
NICOLAS PAES CAVALCANTI MIZUMOTO DA SILVA,NICOLAS PAES CAVALCANTI MIZUMOTO DA SILVA,1,1,0,0,2026-03-17,2026-03-17,1,1,nao,nao
NICOLAS SANGEROTI LIMA RIBEIRO UCHOA,NICOLAS SANGEROTI LIMA RIBEIRO UCHOA,1,0,1,0,2026-04-10,2026-04-10,1,1,nao,nao
NICOLE VILELA VEIGA,NICOLE VILELA VEIGA,1,0,1,0,2026-01-30,2026-01-30,1,0,nao,nao
NICOLL PIRN DE GODOY,NICOLL PIRN DE GODOY,1,1,0,0,2024-12-11,2024-12-11,1,0,nao,nao
NICOLLI PAISON MACEDO DE BARROS,NICOLLI PAISON MACEDO DE BARROS,1,1,0,0,2025-11-26,2025-11-26,1,0,nao,nao
NIKOLAS IGNACHITTI NAVARRO NASCIMENTO,NIKOLAS IGNACHITTI NAVARRO NASCIMENTO,1,0,1,0,2026-02-09,2026-02-09,1,1,nao,nao
NILO SERGIO MINEIRO VIANNA,NILO SÉRGIO MINEIRO VIANNA,2,1,1,1,2024-10-10,2024-10-10,2,2,sim,sim
NILSON DA SILVEIRA,NILSON DA SILVEIRA,1,1,0,0,2025-12-17,2025-12-17,1,0,nao,nao
NILSON JOSE SIQUEIRA BARCELOS,NILSON JOSE SIQUEIRA BARCELOS,1,0,1,0,2026-01-27,2026-01-27,1,1,nao,nao
NILSON SIQUEIRA DE AGUIAR,NILSON SIQUEIRA DE AGUIAR,1,0,1,0,2026-04-16,2026-04-16,1,1,nao,nao
NILTON JORGE FERRARO DE ARAUJO,NILTON JORGE FERRARO DE ARAUJO,3,2,1,1,2025-11-24,2026-03-19,3,1,sim,sim
NILZA NASARE DA SILVA,NILZA NASARE DA SILVA,2,1,1,0,2025-12-03,2026-02-12,1,0,sim,nao
NILZA VIEIRA GOULART,NILZA VIEIRA GOULART,1,0,1,0,2024-10-29,2024-10-29,1,0,nao,nao
NIVEA DIAS MOREIRA SALGADO,NÍVEA DIAS MOREIRA SALGADO,1,1,0,0,2026-02-10,2026-02-10,1,1,nao,nao
NIVIA DE SOUSA GUILHERME,NÍVIA DE SOUSA GUILHERME,1,1,0,0,2026-03-06,2026-03-06,1,0,nao,nao
NOELLY SOARES FAITANIN,NOELLY SOARES FAITANIN,1,0,1,0,2026-04-29,2026-04-29,1,1,nao,nao
NOELMAN MORAIS VIEIRA,NOELMAN MORAIS VIEIRA,1,1,0,0,2025-12-01,2025-12-01,0,0,nao,nao
NORIVAL CORREA DE OLIVEIRA NETO,NORIVAL CORREA DE OLIVEIRA NETO,1,1,0,0,2026-03-02,2026-03-02,1,0,nao,nao
NORMANDO ROBSON DA CRUZ WERNECK,NORMANDO ROBSON DA CRUZ WERNECK,1,1,0,0,2025-11-14,2025-11-14,0,1,nao,nao
OBERDAN PEREIRA MANOEL JUNIOR,OBERDAN PEREIRA MANOEL JUNIOR,1,0,1,0,2026-02-10,2026-02-10,1,0,nao,nao
OCTACILIO DA CONCEICAO JUNIOR,OCTACILIO DA CONCEIÇÃO JUNIOR,1,1,0,0,2024-10-02,2024-10-02,1,1,nao,nao
ODILON ARAUJO,ODILON ARAUJO,1,1,0,0,2026-01-21,2026-01-21,0,0,nao,nao
ODIMAR BARBOSA DUARTE,ODIMAR BARBOSA DUARTE,1,0,1,0,2026-03-26,2026-03-26,1,1,nao,nao
ODON LUIZ DE MELLO BRUNO,ODON LUIZ DE MELLO BRUNO,1,0,1,0,2024-10-16,2024-10-16,1,0,nao,nao
OLIVIA LUCIANA DOS SANTOS SILVA,OLIVIA LUCIANA DOS SANTOS SILVA,1,0,1,0,2024-12-19,2024-12-19,1,0,nao,nao
OLYMPIA DE OLIVEIRA BLECHER BAPTISTA,OLYMPIA DE OLIVEIRA BLECHER BAPTISTA,1,0,1,0,2026-04-20,2026-04-20,1,1,nao,nao
OMAR LIMA ROVEDO,OMAR LIMA ROVEDO,2,1,1,0,2025-12-29,2026-03-20,1,0,sim,nao
ORCI CARLOS LOBO DE MORAES,ORCI CARLOS LOBO DE MORAES,2,1,1,0,2026-04-10,2026-04-13,2,2,sim,nao
ORLANDO DE AVELLAR PIRES NETO,ORLANDO DE AVELLAR PIRES NETO,1,1,0,0,2026-02-12,2026-02-12,0,0,nao,nao
ORLINDO GOMES DE FARIAS,ORLINDO GOMES DE FARIAS,1,1,0,0,2024-10-21,2024-10-21,0,1,nao,nao
ORSON WELLES DA CRUZ,ORSON WELLES DA CRUZ,2,1,1,1,2026-03-23,2026-03-24,2,0,sim,sim
OSCAR CLEMENTINO DA SILVA FILHO,OSCAR CLEMENTINO DA SILVA FILHO,2,1,1,0,2025-12-18,2026-03-13,2,1,sim,nao
OSMAR DE FREITAS NEVES JUNIOR,OSMAR DE FREITAS NEVES JUNIOR,1,0,1,0,2026-04-17,2026-04-17,1,1,nao,nao
OSVALDO FERREIRA DOS SANTOS,OSVALDO FERREIRA DOS SANTOS,2,1,1,0,2025-12-11,2026-04-27,1,0,sim,nao
OSWALDO DE ALARCAO BARBOSA JUNIOR,OSWALDO DE ALARCAO BARBOSA JUNIOR,1,0,1,0,2026-04-22,2026-04-22,1,0,nao,nao
OSWALDO FRANCO DE MENDONCA,OSWALDO FRANCO DE MENDONCA,1,0,1,0,2026-04-17,2026-04-17,1,1,nao,nao
OSWALDO HENRIQUE DE ALMEIDA GONCALVES,OSWALDO HENRIQUE DE ALMEIDA GONCALVES,1,1,0,0,2025-12-16,2025-12-16,0,1,nao,nao
OTAVIO FEITOSA DA SILVA MIRANDA,OTAVIO FEITOSA DA SILVA MIRANDA,1,1,0,0,2025-12-26,2025-12-26,0,0,nao,nao
OTAVIO GAZINEU CYRANKA,OTAVIO GAZINEU CYRANKA,1,1,0,0,2026-03-20,2026-03-20,1,1,nao,nao
OTHON CURSINO MACARIO DE LIMA,OTHON CURSINO MACARIO DE LIMA,1,1,0,0,2025-11-19,2025-11-19,0,1,nao,nao
OTTO ANTONIO LAGE DE OLIVEIRA,OTTO ANTONIO LAGE DE OLIVEIRA,1,1,0,0,2024-12-05,2024-12-05,0,0,nao,nao
OTTO SCHOELLKOPF GAMA DE PAULA,OTTO SCHOELLKOPF GAMA DE PAULA,1,1,0,0,2024-10-23,2024-10-23,0,1,nao,nao
OZIEL DO NASCIMENTO CAVALCANTI,OZIEL DO NASCIMENTO CAVALCANTI,1,1,0,0,2026-04-15,2026-04-15,1,1,nao,nao
PA - MELLA TEIXEIRA FERNANDES DE ALMEIDA,PA - MELLA TEIXEIRA FERNANDES DE ALMEIDA,1,0,1,0,2024-10-11,2024-10-11,1,0,nao,nao
PABLO FERNANDES DA SILVA LOURENCO,PABLO FERNANDES DA SILVA LOURENCO,2,2,0,0,2026-02-25,2026-02-25,1,0,nao,nao
PABLO VALENTIM,PABLO VALENTIM,1,0,1,0,2026-02-10,2026-02-10,1,1,nao,nao
PALOMA BARRETO DE SANTANA,PALOMA BARRETO DE SANTANA,2,1,1,0,2026-02-11,2026-02-26,1,1,sim,nao
PALOMA GARCIA RIBEIRO MARTINS,PALOMA GARCIA RIBEIRO MARTINS,1,0,1,0,2024-12-19,2024-12-19,1,1,nao,nao
PAMELA BRUNA SILVA DE SOUZA,PAMELA BRUNA SILVA DE SOUZA,2,1,1,0,2025-12-23,2026-04-17,2,0,sim,nao
PAMELA DOS SANTOS CRUZ,PAMELA DOS SANTOS CRUZ,1,1,0,0,2024-10-21,2024-10-21,0,1,nao,nao
PAMELA ORNELAS DE ALVARENGA,PAMELA ORNELAS DE ALVARENGA,1,1,0,0,2026-02-05,2026-02-05,1,0,nao,nao
PAT R I C K ALVES CARNEIRO,PAT R I C K ALVES CARNEIRO,1,0,1,0,2026-04-16,2026-04-16,1,1,nao,nao
PATRICIA ALMEIDA TRISTAO,PATRICIA ALMEIDA TRISTAO,1,0,1,0,2026-03-17,2026-03-17,1,1,nao,nao
PATRICIA AMORIM SANTANA ALEIXO,PATRICIA AMORIM SANTANA ALEIXO,1,1,0,0,2026-03-19,2026-03-19,1,1,nao,nao
PATRICIA AZEVEDO DA SILVA,PATRICIA AZEVEDO DA SILVA,1,0,1,0,2026-02-27,2026-02-27,1,1,nao,nao
PATRICIA BANHA MISCOW,PATRICIA BANHA MISCOW,1,1,0,0,2024-11-13,2024-11-13,0,0,nao,nao
PATRICIA DAMASCENO DE ANDRADE,PATRICIA DAMASCENO DE ANDRADE,1,1,0,0,2024-11-13,2024-11-13,1,1,nao,nao
PATRICIA DE SOUZA CORDEIRO,PATRICIA DE SOUZA CORDEIRO,1,0,1,0,2026-04-17,2026-04-17,1,0,nao,nao
PATRICIA FERNANDES PEREIRA,PATRICIA FERNANDES PEREIRA,1,0,1,0,2024-10-17,2024-10-17,1,1,nao,nao
PATRICIA FERREIRA MEIRA DE VASCONCELLOS,PATRÍCIA FERREIRA MEIRA DE VASCONCELLOS,1,1,0,0,2024-12-16,2024-12-16,1,0,nao,nao
PATRICIA MAYERHOFFER NOGUEIRA LEANDRO,PATRICIA MAYERHOFFER NOGUEIRA LEANDRO,1,1,0,0,2024-11-11,2024-11-11,1,0,nao,nao
PATRICIA MONTEIRO DE SENNA SANTOS,PATRÍCIA MONTEIRO DE SENNA SANTOS,1,0,1,0,2024-10-11,2024-10-11,1,1,nao,nao
PATRICIA MONTEIRO ROCHA CAETANO,PATRICIA MONTEIRO ROCHA CAETANO,1,0,1,0,2026-04-09,2026-04-09,1,0,nao,nao
PATRICIA RIBEIRO LOPES DE OLIVEIRA,PATRICIA RIBEIRO LOPES DE OLIVEIRA,1,0,1,0,2026-02-20,2026-02-20,1,1,nao,nao
PATRICIA RODRIGUES FELIX,PATRÍCIA RODRIGUES FÉLIX,2,1,1,0,2026-01-29,2026-04-17,2,0,sim,nao
PATRICIA SEABRA HUDSON LEITE,PATRICIA SEABRA HUDSON LEITE,2,1,1,1,2026-03-13,2026-03-13,2,2,sim,sim
PATRICIA SOARES DE SOUSA,PATRICIA SOARES DE SOUSA,1,1,0,0,2026-03-16,2026-03-16,1,1,nao,nao
PATRICIO GABRIEL DE OLIVEIRA,PATRICIO GABRIEL DE OLIVEIRA,1,1,0,0,2026-03-24,2026-03-24,1,0,nao,nao
PATRICK ALBERTONI SANTOS,PATRICK ALBERTONI SANTOS,1,1,0,0,2026-02-05,2026-02-05,0,0,nao,nao
PATRICK DE ALMEIDA FREITAS,PATRICK DE ALMEIDA FREITAS,1,0,1,0,2024-10-17,2024-10-17,1,1,nao,nao
PATRICK DOUGLAS MOLON OLIVEIRA,PATRICK DOUGLAS MOLON OLIVEIRA,1,0,1,0,2026-03-18,2026-03-18,1,1,nao,nao
PATRICK MACHADO SLVEIRA,PATRICK MACHADO SLVEIRA,1,1,0,0,2026-02-26,2026-02-26,1,1,nao,nao
PATRICK NOGUEIRA DA SILVA,PATRICK NOGUEIRA DA SILVA,1,1,0,0,2026-02-05,2026-02-05,0,0,nao,nao
PAULA BAPTISTA GONCALVES,PAULA BAPTISTA GONCALVES,1,1,0,0,2026-03-10,2026-03-10,0,0,nao,nao
PAULA CRISTINA CAVALCANTI DO NASCIMENTO,PAULA CRISTINA CAVALCANTI DO NASCIMENTO,1,1,0,0,2026-01-19,2026-01-19,0,0,nao,nao
PAULA DE CARVALHO REINOL,PAULA DE CARVALHO REINOL,2,1,1,1,2024-10-04,2024-10-04,2,1,sim,sim
PAULA DE PAULA BARBOSA DE REZENDE,PAULA DE PAULA BARBOSA DE REZENDE,2,2,0,0,2026-03-10,2026-03-10,0,1,nao,nao
PAULA DE SOUZA RAMOS,PAULA DE SOUZA RAMOS,1,1,0,0,2026-03-20,2026-03-20,0,1,nao,nao
PAULA GRACIETTE DE MESQUITA,PAULA GRACIETTE DE MESQUITA,1,1,0,0,2024-11-01,2024-11-01,0,0,nao,nao
PAULA LARISSA DA SILVA SANTOS,PAULA LARISSA DA SILVA SANTOS,1,1,0,0,2026-02-27,2026-02-27,1,0,nao,nao
PAULA MANHAES RETAMEIRO MAROSTICA,PAULA MANHAES RETAMEIRO MAROSTICA,1,0,1,0,2026-03-13,2026-03-13,1,0,nao,nao
PAULA RAQUEL MARTINS HENRIQUES,PAULA RAQUEL MARTINS HENRIQUES,1,0,1,0,2026-03-20,2026-03-20,1,1,nao,nao
PAULA REGINA DE ALMEIDA,PAULA REGINA DE ALMEIDA,1,1,0,0,2026-01-19,2026-01-19,1,0,nao,nao
PAULA TAINA CAMPOS RODRIGUES,PAULA TAINA CAMPOS RODRIGUES,1,0,1,0,2026-03-20,2026-03-20,1,1,nao,nao
PAULO ADRIANO DA SILVA PORTO,PAULO ADRIANO DA SILVA PORTO,1,1,0,0,2025-11-18,2025-11-18,0,0,nao,nao
PAULO ARAUJO COSTA,PAULO ARAUJO COSTA,1,1,0,0,2025-12-16,2025-12-16,1,1,nao,nao
PAULO AUGUSTO DA SILVA JUNIOR,PAULO AUGUSTO DA SILVA JÚNIOR,1,0,1,0,2024-11-28,2024-11-28,1,0,nao,nao
PAULO CESAR ALVES SANTOS,PAULO CESAR ALVES SANTOS,1,1,0,0,2025-12-23,2025-12-23,0,0,nao,nao
PAULO CESAR BARROSO,PAULO CÉSAR BARROSO,2,1,1,0,2026-03-06,2026-04-17,2,0,sim,nao
PAULO CESAR CARMO DE SOUZA QUEIROZ,PAULO CESAR CARMO DE SOUZA QUEIROZ,2,0,2,0,2025-12-26,2026-03-20,2,1,nao,nao
PAULO CESAR CLEFFS,PAULO CESAR CLEFFS,4,2,2,1,2025-11-17,2026-03-09,2,2,sim,sim
PAULO CESAR DE BRITO,PAULO CESAR DE BRITO,2,1,1,0,2025-11-05,2026-01-14,1,1,sim,nao
PAULO CESAR DE JESUS DE ARAUJO,PAULO CÉSAR DE JESUS DE ARAUJO,2,1,1,0,2026-03-24,2026-04-17,2,0,sim,nao
PAULO CESAR DE OLIVEIRA,PAULO CESAR DE OLIVEIRA,1,1,0,0,2025-12-16,2025-12-16,1,1,nao,nao
PAULO CESAR DOS SANTOS SILVA,PAULO CESAR DOS SANTOS SILVA,1,1,0,0,2026-02-23,2026-02-23,1,0,nao,nao
PAULO CESAR FELIX,PAULO CESAR FELIX,1,0,1,0,2024-10-31,2024-10-31,1,0,nao,nao
PAULO CESAR MADEIRA DE OLIVEIRA,PAULO CESAR MADEIRA DE OLIVEIRA,1,1,0,0,2026-02-26,2026-02-26,1,1,nao,nao
PAULO CESAR QUINTANILHA DE AZEVEDO,PAULO CESAR QUINTANILHA DE AZEVEDO,1,0,1,0,2026-03-06,2026-03-06,1,1,nao,nao
PAULO CESAR RAMOS CABRAL,PAULO CESAR RAMOS CABRAL,1,1,0,0,2024-11-28,2024-11-28,0,0,nao,nao
PAULO DE ASSUNCAO SALMEDA,PAULO DE ASSUNÇÃO SALMEDA,1,1,0,0,2025-11-18,2025-11-18,0,1,nao,nao
PAULO DE CASTRO COUTINHO,PAULO DE CASTRO COUTINHO,1,0,1,0,2024-10-15,2024-10-15,1,0,nao,nao
PAULO EDUARDO ANDRADE RODRIGUES DA SILVA,PAULO EDUARDO ANDRADE RODRIGUES DA SILVA,1,1,0,0,2025-11-17,2025-11-17,0,0,nao,nao
PAULO EDUARDO OLIVEIRA GIMENEZ,PAULO EDUARDO OLIVEIRA GIMENEZ,1,0,1,0,2026-03-05,2026-03-05,1,1,nao,nao
PAULO EMILIO SOARES AGUIAR,PAULO EMILIO SOARES AGUIAR,2,1,1,1,2024-12-16,2024-12-16,2,1,sim,sim
PAULO FADIGAS DE SOUZA,PAULO FADIGAS DE SOUZA,2,1,1,1,2024-10-11,2024-10-11,2,2,sim,sim
PAULO GORENSTEIN,PAULO GORENSTEIN,1,1,0,0,2026-02-27,2026-02-27,1,0,nao,nao
PAULO HENRIQUE BAETA NOGUEIRA DE CARVALHO,PAULO HENRIQUE BAÊTA NOGUEIRA DE CARVALHO,1,1,0,0,2026-02-11,2026-02-11,1,0,nao,nao
PAULO HENRIQUE BATISTA CRUZ,PAULO HENRIQUE BATISTA CRUZ,1,1,0,0,2024-11-11,2024-11-11,1,1,nao,nao
PAULO HENRIQUE FERREIRA DA GAMA JUNIOR,PAULO HENRIQUE FERREIRA DA GAMA JUNIOR,1,0,1,0,2025-12-05,2025-12-05,1,0,nao,nao
PAULO HENRIQUE GONCALVES DOS SANTOS,PAULO HENRIQUE GONCALVES DOS SANTOS,1,1,0,0,2026-02-23,2026-02-23,1,0,nao,nao
PAULO HENRIQUE VEIGA DE SOUZA,PAULO HENRIQUE VEIGA DE SOUZA,2,2,0,0,2026-03-09,2026-03-09,1,0,nao,nao
PAULO HENRIQUE ZUZARTE FERREIRA,PAULO HENRIQUE ZUZARTE FERREIRA,2,2,0,0,2024-12-06,2025-11-26,1,2,nao,nao
PAULO MARCELO DA ROCHA SILVA,PAULO MARCELO DA ROCHA SILVA,2,1,1,1,2024-10-07,2024-10-07,2,2,sim,sim
PAULO MAURICIO PACHECO MACHADO,PAULO MAURICIO PACHECO MACHADO,2,1,1,0,2024-11-01,2024-11-06,1,0,sim,nao
PAULO PASSOS SILVA FILHO,PAULO PASSOS SILVA FILHO,1,1,0,0,2024-10-23,2024-10-23,0,1,nao,nao
PAULO PEREIRA DA SILVA,PAULO PEREIRA DA SILVA,2,2,0,0,2026-02-24,2026-02-24,2,2,nao,nao
PAULO REBELO PEREIRA VOLPINI CASTANHEIRO,PAULO REBELO PEREIRA VOLPINI CASTANHEIRO,2,1,1,1,2026-02-27,2026-02-27,2,1,sim,sim
PAULO ROBERTO BATISTA,PAULO ROBERTO BATISTA,1,1,0,0,2025-12-17,2025-12-17,1,0,nao,nao
PAULO ROBERTO DE ANDRADE,PAULO ROBERTO DE ANDRADE,1,1,0,0,2025-11-10,2025-11-10,0,0,nao,nao
PAULO ROBERTO DE SOUZA PESSANHA FEIJO,PAULO ROBERTO DE SOUZA PESSANHA FEIJÓ,1,1,0,0,2025-11-07,2025-11-07,0,0,nao,nao
PAULO ROBERTO MATHIAS,PAULO ROBERTO MATHIAS,1,1,0,0,2026-03-13,2026-03-13,0,0,nao,nao
PAULO ROBERTO OLIVEIRA SARAIVA,PAULO ROBERTO OLIVEIRA SARAIVA,1,0,1,0,2026-04-28,2026-04-28,1,0,nao,nao
PAULO ROBERTO VIEIRA ABRAHAO,PAULO ROBERTO VIEIRA ABRAHÃO,1,1,0,0,2024-11-04,2024-11-04,1,0,nao,nao
PAULO RODOLFO CUNHA DA SILVA,PAULO RODOLFO CUNHA DA SILVA,1,0,1,0,2025-12-10,2025-12-10,1,1,nao,nao
PAULO RODRIGO MARTINS PEREIRA,PAULO RODRIGO MARTINS PEREIRA,1,1,0,0,2024-10-09,2024-10-09,0,0,nao,nao
PAULO RODRIGUES DE ANDRADE,PAULO RODRIGUES DE ANDRADE,2,1,1,1,2025-11-05,2025-11-05,1,0,sim,sim
PAULO SERGIO DE OLIVEIRA,PAULO SÉRGIO DE OLIVEIRA,1,0,1,0,2024-10-10,2024-10-10,1,1,nao,nao
PAULO SERGIO PINHEIRO,PAULO SERGIO PINHEIRO,1,1,0,0,2025-12-15,2025-12-15,0,1,nao,nao
PAULO SERGIO SILVA PANZEA,PAULO SERGIO SILVA PANZEA,1,0,1,0,2026-02-03,2026-02-03,1,0,nao,nao
PAULO SERGIO TINOCO SANTOS,PAULO SÉRGIO TINOCO SANTOS,1,1,0,0,2025-12-01,2025-12-01,1,1,nao,nao
PAULO SILAS VELASCO DA SILVA,PAULO SILAS VELASCO DA SILVA,1,1,0,0,2025-11-28,2025-11-28,0,0,nao,nao
PAULO TAME TULOSA DOS SANTOS,PAULO TAME TULOSA DOS SANTOS,2,2,0,0,2026-03-16,2026-03-16,1,1,nao,nao
PAULO VICTOR OLIVEIRA DA ROCHA,PAULO VICTOR OLIVEIRA DA ROCHA,2,1,1,1,2025-11-28,2025-11-28,2,2,sim,sim
PAULO VICTOR RABELLO GONCALVES,PAULO VICTOR RABELLO GONÇALVES,1,1,0,0,2025-11-25,2025-11-25,0,0,nao,nao
PAULO VICTOR RABELO GONCALVES,PAULO VICTOR RABELO GONÇALVES,1,0,1,0,2025-11-05,2025-11-05,1,0,nao,nao
PAULO VINICIUS CORDEIRO DOS SANTOS,PAULO VINICIUS CORDEIRO DOS SANTOS,1,0,1,0,2024-12-11,2024-12-11,1,0,nao,nao
PAULO VINICIUS DA SILVA MORAES,PAULO VINICIUS DA SILVA MORAES,1,1,0,0,2026-03-04,2026-03-04,1,1,nao,nao
PAULO VITOR FONSECA SANTOS,PAULO VITOR FONSECA SANTOS,1,1,0,0,2026-02-05,2026-02-05,0,0,nao,nao
PAULYENE CABRAL MAIA,PAULYENE CABRAL MAIA,2,2,0,0,2025-11-18,2025-11-18,2,1,nao,nao
PEDRINA DA CONCEICAO FARIA MONTEIRO SIQUEIRA,PEDRINA DA CONCEICAO FARIA MONTEIRO SIQUEIRA,1,0,1,0,2025-12-23,2025-12-23,1,0,nao,nao
PEDRO ALAIM FERREIRA,PEDRO ALAIM FERREIRA,1,1,0,0,2024-11-08,2024-11-08,1,0,nao,nao
PEDRO ANTERO CANECA PEREIRA,PEDRO ANTERO CANECA PEREIRA,2,1,1,0,2025-11-12,2026-04-17,1,0,sim,nao
PEDRO ANTONIO SANTOS GOMES JUNIOR,PEDRO ANTONIO SANTOS GOMES JUNIOR,1,1,0,0,2026-02-11,2026-02-11,0,1,nao,nao
PEDRO ARTHUR CARAM HENRIQUE,PEDRO ARTHUR CARAM HENRIQUE,1,1,0,0,2025-12-16,2025-12-16,0,0,nao,nao
PEDRO AURELIANO DA SILVA,PEDRO AURELIANO DA SILVA,1,0,1,0,2026-03-11,2026-03-11,1,1,nao,nao
PEDRO CARVALHO DE SOUZA COELHO,PEDRO CARVALHO DE SOUZA COELHO,1,1,0,0,2026-02-05,2026-02-05,0,0,nao,nao
PEDRO CASTELLO BRANCO DANIEL RIBEIRO GORESTEIN,PEDRO CASTELLO BRANCO DANIEL RIBEIRO GORESTEIN,1,1,0,0,2025-12-18,2025-12-18,1,0,nao,nao
PEDRO CORREA DE MEDEIROS,PEDRO CORREA DE MEDEIROS,2,1,1,0,2026-02-06,2026-04-20,1,1,sim,nao
PEDRO DE MORAES ROCHA,PEDRO DE MORAES ROCHA,3,2,1,2,2026-03-06,2026-03-11,1,3,sim,sim
PEDRO FERNANDES SAMPAIO ANTONIO,PEDRO FERNANDES SAMPAIO ANTONIO,1,1,0,0,2025-12-26,2025-12-26,0,0,nao,nao
PEDRO FERREIRA DA SILVA NETO,PEDRO FERREIRA DA SILVA NETO,1,0,1,0,2025-12-02,2025-12-02,1,1,nao,nao
PEDRO FIUZA FORSTER,PEDRO FIUZA FORSTER,3,2,1,0,2026-02-23,2026-04-28,3,0,sim,nao
PEDRO GABRIEL BARRETO GALVAO DE LIMA,PEDRO GABRIEL BARRETO GALVAO DE LIMA,1,1,0,0,2026-02-05,2026-02-05,0,0,nao,nao
PEDRO GABRIEL DO NASCIMENTO VIEIRA,PEDRO GABRIEL DO NASCIMENTO VIEIRA,2,1,1,0,2026-01-12,2026-04-17,2,0,sim,nao
PEDRO GABRIEL XAVIER SOLANO,PEDRO GABRIEL XAVIER SOLANO,1,1,0,0,2026-03-23,2026-03-23,1,0,nao,nao
PEDRO GUILHERME DA FONSECA SILVA,PEDRO GUILHERME DA FONSECA SILVA,1,0,1,0,2026-04-10,2026-04-10,1,0,nao,nao
PEDRO HENRIQUE BARBOSA DE ANDRADE,PEDRO HENRIQUE BARBOSA DE ANDRADE,2,2,0,0,2026-02-23,2026-02-23,0,2,nao,nao
PEDRO HENRIQUE DA SILVA FERNANDES DE OLIVEIRA,PEDRO HENRIQUE DA SILVA FERNANDES DE OLIVEIRA,2,1,1,1,2024-12-26,2024-12-26,2,1,sim,sim
PEDRO HENRIQUE DE SOUZA GONCALVES,PEDRO HENRIQUE DE SOUZA GONCALVES,1,0,1,0,2025-12-11,2025-12-11,1,1,nao,nao
PEDRO HENRIQUE GOMES TELES PINTO,PEDRO HENRIQUE GOMES TELES PINTO,1,1,0,0,2024-10-18,2024-10-18,0,1,nao,nao
PEDRO HENRIQUE KNAIP CASTILHO,PEDRO HENRIQUE KNAIP CASTILHO,1,0,1,0,2024-11-01,2024-11-01,1,0,nao,nao
PEDRO HENRIQUE NUNES DOS SANTOS,PEDRO HENRIQUE NUNES DOS SANTOS,1,1,0,0,2025-12-23,2025-12-23,1,0,nao,nao
PEDRO HENRIQUE PANAO MOUTINHO,PEDRO HENRIQUE PANAO MOUTINHO,1,0,1,0,2026-04-16,2026-04-16,1,0,nao,nao
PEDRO HENRIQUE PEREIRA FIDELIS,PEDRO HENRIQUE PEREIRA FIDELIS,1,0,1,0,2026-03-04,2026-03-04,1,1,nao,nao
PEDRO HENRIQUE SOARES,PEDRO HENRIQUE SOARES,2,1,1,0,2026-02-06,2026-03-04,2,0,sim,nao
PEDRO HUGO RIBEIRO DIAS,PEDRO HUGO RIBEIRO DIAS,1,0,1,0,2026-04-27,2026-04-27,1,1,nao,nao
PEDRO IVO SILVEIRA CARVALHO,PEDRO IVO SILVEIRA CARVALHO,1,0,1,0,2026-04-14,2026-04-14,1,1,nao,nao
PEDRO JORGE MARQUES,PEDRO JORGE MARQUES,1,0,1,0,2026-04-10,2026-04-10,1,0,nao,nao
PEDRO LANARI NELSON DE SENNA,PEDRO LANARI NELSON DE SENNA,1,0,1,0,2026-04-29,2026-04-29,1,1,nao,nao
PEDRO LELIO DA GAMA AGUDAO,PEDRO LELIO DA GAMA AGUDAO,1,1,0,0,2026-02-10,2026-02-10,1,1,nao,nao
PEDRO LUCAS MOTA DE OLIVEIRA,PEDRO LUCAS MOTA DE OLIVEIRA,1,1,0,0,2024-11-04,2024-11-04,0,0,nao,nao
PEDRO LUCCA DE CASTRO MOURA CRUZ,PEDRO LUCCA DE CASTRO MOURA CRUZ,1,0,1,0,2024-11-12,2024-11-12,1,0,nao,nao
PEDRO LUIZ PIRES VIEIRA JUNIOR,PEDRO LUIZ PIRES VIEIRA JUNIOR,2,0,2,0,2025-12-10,2026-01-26,2,1,nao,nao
PEDRO MARTINS CASTILHO JUNIOR,PEDRO MARTINS CASTILHO JUNIOR,1,1,0,0,2024-11-04,2024-11-04,1,0,nao,nao
PEDRO MATEUS DA SILVA GOMES,PEDRO MATEUS DA SILVA GOMES,2,1,1,1,2026-01-22,2026-03-10,2,1,sim,sim
PEDRO MORAES PASCO,PEDRO MORAES PASCO,1,0,1,0,2026-04-16,2026-04-16,1,1,nao,nao
PEDRO MOZZER LOURENCO PEREIRA POSSYDONIO,PEDRO MOZZER LOURENCO PEREIRA POSSYDONIO,1,1,0,0,2025-12-26,2025-12-26,0,0,nao,nao
PEDRO PAULO DO COUTO COELHO,PEDRO PAULO DO COUTO COELHO,1,0,1,0,2025-11-14,2025-11-14,1,0,nao,nao
PEDRO PAULO DOS SANTOS BRAUNE,PEDRO PAULO DOS SANTOS BRAUNE,2,2,0,0,2026-03-06,2026-03-06,0,2,nao,nao
PEDRO PAULO RAMOS DE OLIVEIRA,PEDRO PAULO RAMOS DE OLIVEIRA,1,1,0,0,2025-12-11,2025-12-11,0,1,nao,nao
PEDRO PAULO TORRES DE SOUZA FARO,PEDRO PAULO TORRES DE SOUZA FARO,1,0,1,0,2026-04-08,2026-04-08,1,0,nao,nao
PEDRO PEREIRA DE ARAUJO,PEDRO PEREIRA DE ARAUJO,1,0,1,0,2026-03-02,2026-03-02,1,0,nao,nao
PEDRO PEREIRA LEAL,PEDRO PEREIRA LEAL,1,0,1,0,2026-03-02,2026-03-02,1,1,nao,nao
PEDRO PINHEIRO GUERRA LEAL,PEDRO PINHEIRO GUERRA LEAL,1,0,1,0,2025-12-03,2025-12-03,1,0,nao,nao
PEDRO REZENDE DE JESUS,PEDRO REZENDE DE JESUS,1,1,0,0,2025-11-07,2025-11-07,0,1,nao,nao
PEDRO ROCHA GUIMARAES,PEDRO ROCHA GUIMARAES,1,0,1,0,2026-04-28,2026-04-28,1,1,nao,nao
PEDRO ROCHA LONGOBARDI,PEDRO ROCHA LONGOBARDI,1,0,1,0,2025-11-04,2025-11-04,1,0,nao,nao
PEDRO SAMPAIO DINIZ,PEDRO SAMPAIO DINIZ,1,1,0,0,2026-02-27,2026-02-27,1,0,nao,nao
PEDRO VENENO LEITE,PEDRO VENENO LEITE,2,2,0,0,2026-03-09,2026-03-09,0,0,nao,nao
PEDRO VICTOR AZEVEDO COSTA,PEDRO VICTOR AZEVEDO COSTA,1,1,0,0,2025-12-10,2025-12-10,1,1,nao,nao
PEDRO VILA LOPES DA COSTA,PEDRO VILA LOPES DA COSTA,2,1,1,0,2026-03-20,2026-04-17,2,0,sim,nao
PEDRO WILLIAM DA COSTA,PEDRO WILLIAM DA COSTA,1,0,1,0,2026-03-05,2026-03-05,1,1,nao,nao
PEDRO ZAMDONADE JUNIOR,PEDRO ZAMDONADE JUNIOR,1,1,0,0,2026-03-27,2026-03-27,0,0,nao,nao
PENELOPE SALDANHA MARINHO,PENÉLOPE SALDANHA MARINHO,1,0,1,0,2024-11-06,2024-11-06,1,1,nao,nao
PETER FERREIRA QUEIROZ,PETER FERREIRA QUEIROZ,1,0,1,0,2026-04-16,2026-04-16,1,0,nao,nao
PETERSON CALOR CANELLAS,PETERSON CALOR CANELLAS,1,1,0,0,2024-10-29,2024-10-29,1,0,nao,nao
PETERSON SILVA CARVALHO,PETERSON SILVA CARVALHO,1,1,0,0,2025-11-06,2025-11-06,1,1,nao,nao
PETRICK GRAY GUERREIRO ESCORSATO,PETRICK GRAY GUERREIRO ESCORSATO,1,1,0,0,2026-04-15,2026-04-15,1,1,nao,nao
PETRONIO DINIZ TEIXEIRA,PETRONIO DINIZ TEIXEIRA,1,1,0,0,2026-03-26,2026-03-26,0,0,nao,nao
PE￾DRO GABRIEL NASCIMENTO DE ARAUJO,PE￾DRO GABRIEL NASCIMENTO DE ARAUJO,1,0,1,0,2024-10-31,2024-10-31,1,0,nao,nao
PE￾DRO HENRIQUE LISBOA MACHADO,PE￾DRO HENRIQUE LISBÔA MACHADO,1,0,1,0,2024-12-05,2024-12-05,1,0,nao,nao
PE￾DRO MEDEIROS DE CARVALHO GONDIM,PE￾DRO MEDEIROS DE CARVALHO GONDIM,1,0,1,0,2024-12-05,2024-12-05,1,1,nao,nao
PE￾DRO MOTTA LIMA CASCON,PE￾DRO MOTTA LIMA CASCON,1,0,1,0,2024-10-23,2024-10-23,0,1,nao,nao
PHILIPE BARCELOS PINTO,PHILIPE BARCELOS PINTO,2,1,1,1,2025-11-14,2025-11-14,0,1,sim,sim
PHILLIP KLEBER BARRETO DA SILVA SOUZA,PHILLIP KLEBER BARRETO DA SILVA SOUZA,1,1,0,0,2026-03-24,2026-03-24,1,0,nao,nao
PIETRA ALVES DE ARAUJO,PIETRA ALVES DE ARAUJO,1,1,0,0,2026-01-09,2026-01-09,0,1,nao,nao
PIETRA BARROS DE FREITAS,PIETRA BARROS DE FREITAS,1,0,1,0,2026-04-10,2026-04-10,1,1,nao,nao
PITER OLIVEIRA PINTO,PITER OLIVEIRA PINTO,1,1,0,0,2026-03-10,2026-03-10,1,0,nao,nao
POLLYANNA CRISTINA SILVA,POLLYANNA CRISTINA SILVA,2,1,1,0,2024-10-30,2024-11-01,1,1,sim,nao
POLLYANNA SOARES LIBERATORI BATISTA,POLLYANNA SOARES LIBERATORI BATISTA,1,0,1,0,2025-11-17,2025-11-17,1,1,nao,nao
PRICILLA DE OLIVEIRA AZEVEDO,PRICILLA DE OLIVEIRA AZEVEDO,1,1,0,0,2026-04-06,2026-04-06,0,1,nao,nao
PRISCILA ARDOVINO RIBEIRO,PRISCILA ARDOVINO RIBEIRO,1,1,0,0,2025-12-26,2025-12-26,0,0,nao,nao
PRISCILA CARDOSO DE ASSIS,PRISCILA CARDOSO DE ASSIS,1,0,1,0,2026-04-17,2026-04-17,1,0,nao,nao
PRISCILA CIRYLO BIBIANO,PRISCILA CIRYLO BIBIANO,1,0,1,0,2026-02-27,2026-02-27,1,0,nao,nao
PRISCILA CRISTINA QUEIROZ PEREIRA,PRISCILA CRISTINA QUEIROZ PEREIRA,2,2,0,0,2024-12-20,2025-12-04,1,1,nao,nao
PRISCILA DE ALMEIDA SOUZA,PRISCILA DE ALMEIDA SOUZA,1,1,0,0,2025-11-10,2025-11-10,1,1,nao,nao
PRISCILA DE MEDEIROS MONTEIRO,PRISCILA DE MEDEIROS MONTEIRO,1,0,1,0,2026-03-25,2026-03-25,1,0,nao,nao
PRISCILA DE OLIVEIRA SANTOS PINTO,PRISCILA DE OLIVEIRA SANTOS PINTO,1,0,1,0,2025-11-10,2025-11-10,1,0,nao,nao
PRISCILA DE SA XAVIER BENEDICTO,PRISCILA DE SA XAVIER BENEDICTO,1,1,0,0,2025-12-16,2025-12-16,1,0,nao,nao
PRISCILA DE SOUZA COSTA COUTO,PRISCILA DE SOUZA COSTA COUTO,1,1,0,0,2026-03-04,2026-03-04,1,1,nao,nao
PRISCILA GONCALVES DA SILVA,PRISCILA GONCALVES DA SILVA,1,0,1,0,2026-03-19,2026-03-19,1,0,nao,nao
PRISCILA HENRIQUE DA SILVA,PRISCILA HENRIQUE DA SILVA,1,0,1,0,2026-01-27,2026-01-27,1,1,nao,nao
PRISCILA MORAIS MARTINS,PRISCILA MORAIS MARTINS,1,1,0,0,2024-11-06,2024-11-06,1,0,nao,nao
PRISCILA SANTANA LEAL,PRISCILA SANTANA LEAL,1,1,0,0,2025-11-05,2025-11-05,0,0,nao,nao
PRISCILLA LOPES VASCONCELOS DE JESUS,PRISCILLA LOPES VASCONCELOS DE JESUS,1,1,0,0,2026-03-25,2026-03-25,1,0,nao,nao
PRISCILLA LORENA TROTTA TRESSI,PRISCILLA LORENA TROTTA TRESSI,2,2,0,0,2026-03-10,2026-03-10,1,0,nao,nao
PRISCILLA PECENE DE LIMA,PRISCILLA PECENE DE LIMA,1,0,1,0,2026-03-10,2026-03-10,1,0,nao,nao
PRISCILLA RIBEIRO ALVES,PRISCILLA RIBEIRO ALVES,4,2,2,2,2024-10-25,2025-11-17,4,1,sim,sim
QUEDMA NOGUEIRA DE SOUZA,QUEDMA NOGUEIRA DE SOUZA,1,0,1,0,2026-03-23,2026-03-23,1,1,nao,nao
QUELI CRISTINA FERRAZ OLINDINO,QUELI CRISTINA FERRAZ OLINDINO,3,2,1,0,2026-03-11,2026-04-22,2,1,sim,nao
QUESIA FREITAS DE LIRA,QUESIA FREITAS DE LIRA,1,0,1,0,2026-04-16,2026-04-16,1,0,nao,nao
QUEZIA CRISTINA DE SALLES DE ANDRADE,QUEZIA CRISTINA DE SALLES DE ANDRADE,1,0,1,0,2026-04-17,2026-04-17,1,0,nao,nao
QUEZIA CRISTINA SALLES DE ANDRADE,QUEZIA CRISTINA SALLES DE ANDRADE,1,1,0,0,2026-01-12,2026-01-12,1,0,nao,nao
QUEZIA DE FRANCA DUARTE,QUEZIA DE FRANCA DUARTE,1,1,0,0,2026-03-25,2026-03-25,0,1,nao,nao
RABECHE APARECIDA DE PAIVA MARTINS,RABECHE APARECIDA DE PAIVA MARTINS,1,1,0,0,2026-02-10,2026-02-10,1,0,nao,nao
RACHEL NASCIMENTO DOS REIS,RACHEL NASCIMENTO DOS REIS,1,0,1,0,2026-03-17,2026-03-17,1,1,nao,nao
RACHEL SILVA GUTTERRES,RACHEL SILVA GUTTERRES,2,1,1,1,2025-11-12,2026-03-20,0,2,sim,sim
RADAMES GONZAGA DA SILVA,RADAMÉS GONZAGA DA SILVA,1,1,0,0,2026-03-06,2026-03-06,1,0,nao,nao
RAFAEL ACIOLI DINIZ DE LIMA,RAFAEL ACIOLI DINIZ DE LIMA,1,1,0,0,2026-03-10,2026-03-10,1,0,nao,nao
RAFAEL AFONSO PEREIRA,RAFAEL AFONSO PEREIRA,1,1,0,0,2026-01-02,2026-01-02,0,1,nao,nao
RAFAEL AGENOR DOS SANTOS,RAFAEL AGENOR DOS SANTOS,2,1,1,1,2026-03-20,2026-03-20,1,2,sim,sim
RAFAEL ALEIXO SILVEIRA DE ANDRADE,RAFAEL ALEIXO SILVEIRA DE ANDRADE,1,0,1,0,2026-03-27,2026-03-27,1,1,nao,nao
RAFAEL ALEXANDRE SOUZA,RAFAEL ALEXANDRE SOUZA,1,1,0,0,2026-02-10,2026-02-10,0,1,nao,nao
RAFAEL ANDRADE JACCOUD,RAFAEL ANDRADE JACCOUD,1,1,0,0,2024-10-01,2024-10-01,0,1,nao,nao
RAFAEL ANSELMO FARIA,RAFAEL ANSELMO FARIA,1,1,0,0,2024-11-12,2024-11-12,1,0,nao,nao
RAFAEL BARBOSA RAYMUNDO,RAFAEL BARBOSA RAYMUNDO,1,0,1,0,2025-12-15,2025-12-15,1,1,nao,nao
RAFAEL BARBOZA DOS SANTOS,RAFAEL BARBOZA DOS SANTOS,1,1,0,0,2026-01-29,2026-01-29,1,1,nao,nao
RAFAEL BARROS LIMA,RAFAEL BARROS LIMA,2,1,1,0,2026-01-06,2026-04-28,2,0,sim,nao
RAFAEL BATISTA JUSTINO,RAFAEL BATISTA JUSTINO,1,0,1,0,2025-11-25,2025-11-25,1,1,nao,nao
RAFAEL CARNEIRO GARCIA,RAFAEL CARNEIRO GARCIA,1,0,1,0,2025-11-17,2025-11-17,1,0,nao,nao
RAFAEL CARNEIRO GARCIA DA SILVA,RAFAEL CARNEIRO GARCIA DA SILVA,1,1,0,0,2026-02-23,2026-02-23,0,0,nao,nao
RAFAEL CAVALCANTE DE PAULA,RAFAEL CAVALCANTE DE PAULA,1,1,0,0,2026-01-08,2026-01-08,1,0,nao,nao
RAFAEL CHAVES VASCONCELOS BARRETO,RAFAEL CHAVES VASCONCELOS BARRETO,1,1,0,0,2026-03-19,2026-03-19,0,1,nao,nao
RAFAEL DE ABREU SOPHIA,RAFAEL DE ABREU SOPHIA,1,1,0,0,2024-12-04,2024-12-04,0,0,nao,nao
RAFAEL DE OLIVEIRA CONCEICAO,RAFAEL DE OLIVEIRA CONCEIÇÃO,2,1,1,1,2024-10-15,2024-11-11,2,0,sim,sim
RAFAEL DE SOUZA SILVA,RAFAEL DE SOUZA SILVA,1,1,0,0,2026-03-04,2026-03-04,1,1,nao,nao
RAFAEL DOS SANTOS ANTUNES,RAFAEL DOS SANTOS ANTUNES,1,0,1,0,2026-04-08,2026-04-08,1,1,nao,nao
RAFAEL DOS SANTOS MOURA,RAFAEL DOS SANTOS MOURA,1,0,1,0,2026-03-19,2026-03-19,1,1,nao,nao
RAFAEL DOUGLAS ROQUE DE CASTRO,RAFAEL DOUGLAS ROQUE DE CASTRO,1,1,0,0,2026-04-06,2026-04-06,1,1,nao,nao
RAFAEL DUARTE DE OLIVEIRA,RAFAEL DUARTE DE OLIVEIRA,1,0,1,0,2024-10-15,2024-10-15,1,1,nao,nao
RAFAEL FEITOSA RODRIGUES,RAFAEL FEITOSA RODRIGUES,1,1,0,0,2026-03-09,2026-03-09,1,0,nao,nao
RAFAEL FLORES DE OLIVEIRA CARVALHO,RAFAEL FLORES DE OLIVEIRA CARVALHO,1,1,0,0,2025-11-28,2025-11-28,1,0,nao,nao
RAFAEL FREIRE BARACHO,RAFAEL FREIRE BARACHO,1,1,0,0,2025-11-24,2025-11-24,1,1,nao,nao
RAFAEL JANUZZI SOARES,RAFAEL JANUZZI SOARES,3,3,0,0,2025-12-16,2026-03-16,2,1,nao,nao
RAFAEL JEFFERSON DE OLIVEIRA NASCIMENTO,RAFAEL JEFFERSON DE OLIVEIRA NASCIMENTO,1,0,1,0,2026-03-10,2026-03-10,1,0,nao,nao
RAFAEL LOPES PACHECO,RAFAEL LOPES PACHECO,1,0,1,0,2026-01-02,2026-01-02,1,0,nao,nao
RAFAEL MACHADO FIGUEIREDO,RAFAEL MACHADO FIGUEIREDO,1,1,0,0,2024-12-19,2024-12-19,1,0,nao,nao
RAFAEL MARCOLINO DA SILVA,RAFAEL MARCOLINO DA SILVA,1,0,1,0,2025-12-11,2025-12-11,1,0,nao,nao
RAFAEL MEDEIROS FERREIRA FREDERICO,RAFAEL MEDEIROS FERREIRA FREDERICO,1,1,0,0,2024-10-01,2024-10-01,0,0,nao,nao
RAFAEL NASCIMENTO FERREIRA,RAFAEL NASCIMENTO FERREIRA,1,1,0,0,2025-12-08,2025-12-08,0,1,nao,nao
RAFAEL NASCIMENTO SANTANA,RAFAEL NASCIMENTO SANTANA,1,0,1,0,2025-12-08,2025-12-08,1,0,nao,nao
RAFAEL OLIVEIRA SANT ANNA,RAFAEL OLIVEIRA SANT ANNA,1,1,0,0,2026-01-22,2026-01-22,1,1,nao,nao
RAFAEL PIMENTEL RIBEIRO,RAFAEL PIMENTEL RIBEIRO,1,1,0,0,2026-04-07,2026-04-07,1,1,nao,nao
RAFAEL RAMOS NASSER CABRAL,RAFAEL RAMOS NASSER CABRAL,1,1,0,0,2025-12-18,2025-12-18,1,0,nao,nao
RAFAEL RANGEL DE FIGUEIREDO,RAFAEL RANGEL DE FIGUEIREDO,1,1,0,0,2026-01-15,2026-01-15,1,0,nao,nao
RAFAEL REZENDE DA SILVA,RAFAEL REZENDE DA SILVA,1,1,0,0,2026-02-27,2026-02-27,1,1,nao,nao
RAFAEL RODRIGUES SILVA,RAFAEL RODRIGUES SILVA,1,1,0,0,2026-02-12,2026-02-12,0,0,nao,nao
RAFAEL SALES CRUZ,RAFAEL SALES CRUZ,1,0,1,0,2026-01-09,2026-01-09,1,1,nao,nao
RAFAEL SALLES FERREIRA,RAFAEL SALLES FERREIRA,1,1,0,0,2024-11-29,2024-11-29,0,1,nao,nao
RAFAEL SANTOS DIAS,RAFAEL SANTOS DIAS,1,1,0,0,2024-11-11,2024-11-11,1,0,nao,nao
RAFAEL SANTOS SOARES ROCHA,RAFAEL SANTOS SOARES ROCHA,2,1,1,0,2026-01-08,2026-03-24,1,0,sim,nao
RAFAEL SIBILIO DO NASCIMENTO DE BARROS,RAFAEL SIBILIO DO NASCIMENTO DE BARROS,1,1,0,0,2025-11-17,2025-11-17,0,1,nao,nao
RAFAEL SILVA COCCHIARELLI,RAFAEL SILVA COCCHIARELLI,1,0,1,0,2026-01-15,2026-01-15,1,1,nao,nao
RAFAEL TORNAGHI QUINTELLA,RAFAEL TORNAGHI QUINTELLA,1,1,0,0,2025-12-12,2025-12-12,0,0,nao,nao
RAFAEL TOSTA GUEDES,RAFAEL TOSTA GUEDES,1,0,1,0,2026-02-12,2026-02-12,1,1,nao,nao
RAFAEL VASCONCELLOS DE OLIVEIRA,RAFAEL VASCONCELLOS DE OLIVEIRA,1,1,0,0,2024-10-18,2024-10-18,0,0,nao,nao
RAFAEL VENTURA ABREU,RAFAEL VENTURA ABREU,2,1,1,1,2026-04-29,2026-04-29,2,1,sim,sim
RAFAEL VINICIUS DUARTE DE SOUZA,RAFAEL VINICIUS DUARTE DE SOUZA,1,0,1,0,2026-03-06,2026-03-06,1,1,nao,nao
RAFAELA APARECIDA MAGALHAES HENRIQUE,RAFAELA APARECIDA MAGALHÃES HENRIQUE,1,1,0,0,2024-10-09,2024-10-09,0,0,nao,nao
RAFAELA CRISTINA FERNANDES DE OLIVEIRA,RAFAELA CRISTINA FERNANDES DE OLIVEIRA,1,1,0,0,2026-03-13,2026-03-13,1,0,nao,nao
RAFAELA DE MARTINO FONTES DANIEL,RAFAELA DE MARTINO FONTES DANIEL,2,2,0,0,2026-01-06,2026-03-04,1,1,nao,nao
RAFAELA DOS SANTOS RODRIGUES,RAFAELA DOS SANTOS RODRIGUES,1,1,0,0,2025-11-24,2025-11-24,1,0,nao,nao
RAFAELA DOS SANTOS TAVARES,RAFAELA DOS SANTOS TAVARES,1,1,0,0,2024-11-06,2024-11-06,1,0,nao,nao
RAFAELA DUARTE MENEZES MONTEIRO,RAFAELA DUARTE MENEZES MONTEIRO,1,1,0,0,2026-02-26,2026-02-26,1,0,nao,nao
RAFAELA MENDONCA BITTENCOURT,RAFAELA MENDONCA BITTENCOURT,1,1,0,0,2026-01-08,2026-01-08,1,0,nao,nao
RAFAELA PEREIRA ELIAS,RAFAELA PEREIRA ELIAS,1,0,1,0,2025-12-08,2025-12-08,1,1,nao,nao
RAFAELA PINHEIRO DE CASTRO,RAFAELA PINHEIRO DE CASTRO,3,2,1,2,2025-11-07,2026-03-13,2,0,sim,sim
RAFAELA RODRIGUES RAMOS,RAFAELA RODRIGUES RAMOS,1,1,0,0,2026-03-11,2026-03-11,1,1,nao,nao
RAFAELA SANT ANA MESQUITA,RAFAELA SANT ANA MESQUITA,1,1,0,0,2025-12-29,2025-12-29,1,0,nao,nao
RAFAELLA ALVES PREUSSE,RAFAELLA ALVES PREUSSE,1,0,1,0,2026-03-19,2026-03-19,1,1,nao,nao
RAFAELLA CARDOSO DUTRA MARCILIO,RAFAELLA CARDOSO DUTRA MARCILIO,2,0,2,0,2026-03-16,2026-03-16,1,2,nao,nao
RAFAELLA MONTEIRO DE BARROS DA SILVA,RAFAELLA MONTEIRO DE BARROS DA SILVA,1,1,0,0,2026-03-27,2026-03-27,0,1,nao,nao
RAFAELLA RIBEIRO DE CARVALHO,RAFAELLA RIBEIRO DE CARVALHO,1,1,0,0,2026-01-22,2026-01-22,1,1,nao,nao
RAFAELLE DOS SANTOS FATA,RAFAELLE DOS SANTOS FATA,1,0,1,0,2026-03-25,2026-03-25,1,1,nao,nao
RAIANE DE OLIVEIRA SILVA,RAIANE DE OLIVEIRA SILVA,1,0,1,0,2026-04-17,2026-04-17,1,0,nao,nao
RAIANE PEREIRA LEOPOLDINO,RAIANE PEREIRA LEOPOLDINO,1,1,0,0,2024-12-06,2024-12-06,0,0,nao,nao
RAIENE FLAVIA DOS SANTOS MADEIRA,RAIENE FLÁVIA DOS SANTOS MADEIRA,2,1,1,1,2024-12-05,2024-12-05,2,2,sim,sim
RAILA ALEXANDRINA PAIXAO DO PRADO DE SOUZA,RAILA ALEXANDRINA PAIXAO DO PRADO DE SOUZA,1,0,1,0,2025-12-12,2025-12-12,1,1,nao,nao
RAIMUNDO JOSE REIS FERREIRA,RAIMUNDO JOSE REIS FERREIRA,1,0,1,0,2026-03-13,2026-03-13,1,0,nao,nao
RAISSA SOUSA SILVA CARVALHO,RAISSA SOUSA SILVA CARVALHO,2,1,1,1,2026-03-27,2026-03-27,1,1,sim,sim
RAISSA VICENTE SCHUELER,RAISSA VICENTE SCHUELER,1,1,0,0,2026-01-30,2026-01-30,0,0,nao,nao
RAKELLE SANTOS ALMEIDA GRANJEAO,RAKELLE SANTOS ALMEIDA GRANJEAO,1,1,0,0,2026-03-23,2026-03-23,1,1,nao,nao
RALPH DAMIAO SANTOS DA SILVA,RALPH DAMIÃO SANTOS DA SILVA,2,1,1,0,2026-02-23,2026-04-28,2,0,sim,nao
RALPH LEONARD BRITO DA SILVEIRA,RALPH LEONARD BRITO DA SILVEIRA,1,1,0,0,2024-11-07,2024-11-07,0,1,nao,nao
RALPH MIRANDA DE FRIAS,RALPH MIRANDA DE FRIAS,2,1,1,1,2024-11-25,2024-11-25,0,0,sim,sim
RAMON BARRETO VARGAS DOS REIS,RAMON BARRETO VARGAS DOS REIS,1,1,0,0,2025-12-29,2025-12-29,0,0,nao,nao
RAMON COSTA PEREIRA,RAMON COSTA PEREIRA,1,1,0,0,2024-11-22,2024-11-22,0,0,nao,nao
RAMON DE OLIVEIRA TORRES,RAMON DE OLIVEIRA TORRES,1,1,0,0,2026-01-14,2026-01-14,1,1,nao,nao
RAMON FERREIRA DA SILVA,RAMON FERREIRA DA SILVA,1,0,1,0,2025-12-12,2025-12-12,1,1,nao,nao
RAMON GOMES MENEZES,RAMON GOMES MENEZES,2,1,1,1,2024-10-17,2024-10-17,2,2,sim,sim
RAMON JESUS PINTO DE SOUSA,RAMON JESUS PINTO DE SOUSA,2,1,1,1,2026-01-28,2026-02-02,1,0,sim,sim
RAMON MOREIRA DE FRANCA MENDONCA,RAMON MOREIRA DE FRANCA MENDONCA,1,1,0,0,2026-01-14,2026-01-14,0,1,nao,nao
RANIERI DE OLIVEIRA,RANIERI DE OLIVEIRA,1,1,0,0,2026-01-15,2026-01-15,1,0,nao,nao
RAPHAEL ALVES AZEVEDO,RAPHAEL ALVES AZEVEDO,1,1,0,0,2024-12-19,2024-12-19,1,1,nao,nao
RAPHAEL CAMPOS PEREIRA,RAPHAEL CAMPOS PEREIRA,1,1,0,0,2024-11-07,2024-11-07,0,1,nao,nao
RAPHAEL CAPUTO MEISTERHOFER,RAPHAEL CAPUTO MEISTERHOFER,1,0,1,0,2026-02-06,2026-02-06,1,1,nao,nao
RAPHAEL DE SOUZA AMORIM,RAPHAEL DE SOUZA AMORIM,1,1,0,0,2024-10-02,2024-10-02,0,0,nao,nao
RAPHAEL DUTRA PIMENTA,RAPHAEL DUTRA PIMENTA,2,1,1,0,2024-11-06,2024-12-19,2,0,sim,nao
RAPHAEL FIALHO FERNANDES,RAPHAEL FIALHO FERNANDES,2,1,1,1,2024-10-04,2024-10-04,2,1,sim,sim
RAPHAEL FREIRE DE SOUZA,RAPHAEL FREIRE DE SOUZA,1,0,1,0,2024-11-08,2024-11-08,1,1,nao,nao
RAPHAEL JOSE MARTINS DE CASTRO,RAPHAEL JOSÉ MARTINS DE CASTRO,2,1,1,1,2025-11-07,2025-11-07,1,2,sim,sim
RAPHAEL LUIS SOUZA FERREIRA,RAPHAEL LUIS SOUZA FERREIRA,1,0,1,0,2026-04-10,2026-04-10,1,0,nao,nao
RAPHAEL MONTEIRO CHAGAS,RAPHAEL MONTEIRO CHAGAS,1,0,1,0,2024-12-18,2024-12-18,1,1,nao,nao
RAPHAEL OLIVEIRA TURCZINECK,RAPHAEL OLIVEIRA TURCZINECK,2,1,1,0,2024-11-29,2025-11-05,2,1,sim,nao
RAPHAEL PECANHA DOS SANTOS,RAPHAEL PECANHA DOS SANTOS,1,1,0,0,2026-01-19,2026-01-19,1,0,nao,nao
RAPHAEL RODRIGO OLIVEIRA SANTANA,RAPHAEL RODRIGO OLIVEIRA SANTANA,1,1,0,0,2025-12-16,2025-12-16,1,1,nao,nao
RAPHAEL RODRIGUES FERREIRA,RAPHAEL RODRIGUES FERREIRA,1,0,1,0,2026-01-14,2026-01-14,1,1,nao,nao
RAPHAEL VIANNAY DOS SANTOS DALLA VECCHIA,RAPHAEL VIANNAY DOS SANTOS DALLA VECCHIA,1,1,0,0,2026-04-07,2026-04-07,1,0,nao,nao
RAPHAEL VIANNAY DOS SANTOS DALLA VECHIA,RAPHAEL VIANNAY DOS SANTOS DALLA VECHIA,1,1,0,0,2024-11-04,2024-11-04,0,1,nao,nao
RAPHAELA BATISTA SALDANHA,RAPHAELA BATISTA SALDANHA,1,1,0,0,2026-03-17,2026-03-17,1,1,nao,nao
RAPHAELA BERNARDO PINTO,RAPHAELA BERNARDO PINTO,1,1,0,0,2025-12-29,2025-12-29,1,1,nao,nao
RAPHAELA DE CASTRO MEDEIROS,RAPHAELA DE CASTRO MEDEIROS,1,0,1,0,2026-04-17,2026-04-17,1,0,nao,nao
RAQUEL APARECIDA DE ASSIS,RAQUEL APARECIDA DE ASSIS,1,1,0,0,2026-03-17,2026-03-17,1,0,nao,nao
RAQUEL CRISTINA DE FIGUEIREDO PORTELLA,RAQUEL CRISTINA DE FIGUEIREDO PORTELLA,1,1,0,0,2025-11-26,2025-11-26,1,1,nao,nao
RAQUEL DA CUNHA MOTTA,RAQUEL DA CUNHA MOTTA,1,0,1,0,2025-12-08,2025-12-08,1,1,nao,nao
RAQUEL DINIZ DE OLIVEIRA,RAQUEL DINIZ DE OLIVEIRA,1,1,0,0,2025-12-23,2025-12-23,0,0,nao,nao
RAQUEL DOS SANTOS MARQUES TEODISIO,RAQUEL DOS SANTOS MARQUES TEODISIO,1,1,0,0,2024-11-11,2024-11-11,0,1,nao,nao
RAQUEL ESTEPHANIE FERRAZ FRANCA DO REGO,RAQUEL ESTEPHANIE FERRAZ FRANÇA DO REGO,2,1,1,0,2026-02-26,2026-04-17,2,0,sim,nao
RAQUEL LEITE DO COUTO,RAQUEL LEITE DO COUTO,1,0,1,0,2026-04-01,2026-04-01,1,1,nao,nao
RAQUEL ROSA REGADAS,RAQUEL ROSA REGADAS,1,0,1,0,2024-10-02,2024-10-02,1,1,nao,nao
RAQUEL SENRA VIEIRA MOREIRA,RAQUEL SENRA VIEIRA MOREIRA,1,1,0,0,2024-11-13,2024-11-13,1,1,nao,nao
RAUL MARQUES FANZERES,RAUL MARQUES FANZERES,2,1,1,1,2026-03-20,2026-03-20,2,1,sim,sim
RAUL MENDONCA,RAUL MENDONÇA,2,1,1,0,2025-12-23,2026-03-13,2,0,sim,nao
RAYAN GOMES RIBEIRO,RAYAN GOMES RIBEIRO,1,1,0,0,2026-02-05,2026-02-05,0,0,nao,nao
RAYANE BARRA PINHEIRO BRAVO,RAYANE BARRA PINHEIRO BRAVO,1,0,1,0,2026-03-24,2026-03-24,1,0,nao,nao
RAYANE CHRISTINA DOS SANTOS VIEIRA,RAYANE CHRISTINA DOS SANTOS VIEIRA,1,0,1,0,2026-04-22,2026-04-22,1,1,nao,nao
RAYANE FREITAS MASINI,RAYANE FREITAS MASINI,2,1,1,0,2026-02-11,2026-04-28,2,0,sim,nao
RAYANE LUZIA MACIEL DE SOUZA,RAYANE LUZIA MACIEL DE SOUZA,1,0,1,0,2026-01-13,2026-01-13,1,1,nao,nao
RAYANE REIS DOS SANTOS,RAYANE REIS DOS SANTOS,1,1,0,0,2026-03-06,2026-03-06,0,1,nao,nao
RAYANE VITORIA DANIEL BENEVIDES,RAYANE VITORIA DANIEL BENEVIDES,1,1,0,0,2026-03-02,2026-03-02,1,1,nao,nao
RAYNARA GONCALVES MARTINS,RAYNARA GONCALVES MARTINS,1,1,0,0,2026-01-27,2026-01-27,1,1,nao,nao
RAYSA VITORIA CARVALHO DOS SANTOS,RAYSA VITORIA CARVALHO DOS SANTOS,1,1,0,0,2026-03-19,2026-03-19,1,0,nao,nao
RAYSSA ASSIS DE SOUZA TAVARES,RAYSSA ASSIS DE SOUZA TAVARES,1,1,0,0,2025-12-12,2025-12-12,0,1,nao,nao
RAYSSA CRISTINA DE OLIVEIRA PAIXAO,RAYSSA CRISTINA DE OLIVEIRA PAIXAO,1,0,1,0,2026-03-11,2026-03-11,1,1,nao,nao
RAYSSA DA SILVA CUNHA,RAYSSA DA SILVA CUNHA,1,1,0,0,2025-11-17,2025-11-17,1,0,nao,nao
RAYSSA DE SOUZA MAGALHAES,RAYSSA DE SOUZA MAGALHAES,2,1,1,0,2026-01-09,2026-04-17,2,0,sim,nao
RAYSSA GOMES DE SOUZA FERNANDES,RAYSSA GOMES DE SOUZA FERNANDES,1,0,1,0,2024-11-01,2024-11-01,1,0,nao,nao
RAYSSA KAWAGUCHI ANDRE CRESPO SANTIAGO,RAYSSA KAWAGUCHI ANDRE CRESPO SANTIAGO,1,0,1,0,2026-03-19,2026-03-19,1,1,nao,nao
RAYSSA SILVA DA CUNHA,RAYSSA SILVA DA CUNHA,1,0,1,0,2026-04-28,2026-04-28,1,0,nao,nao
RAYSSA VILLELA DA SILVA,RAYSSA VILLELA DA SILVA,3,2,1,0,2024-11-22,2025-11-28,3,0,sim,nao
RA￾FAEL AGENOR DOS SANTOS,RA￾FAEL AGENOR DOS SANTOS,1,0,1,0,2024-10-25,2024-10-25,1,1,nao,nao
RA￾FAEL ARNOSO LEITAO,RA￾FAEL ARNOSO LEITÃO,1,0,1,0,2024-10-11,2024-10-11,1,1,nao,nao
RA￾FAEL MARIANO CAMPOS,RA￾FAEL MARIANO CAMPOS,1,0,1,0,2024-10-25,2024-10-25,1,1,nao,nao
RA￾FAEL MONTENEGRO BELEM,RA￾FAEL MONTENEGRO BELEM,1,0,1,0,2024-11-14,2024-11-14,0,0,nao,nao
RA￾FAEL RAMOS NASSER CABRAL,RA￾FAEL RAMOS NASSER CABRAL,1,0,1,0,2024-10-23,2024-10-23,1,1,nao,nao
RA￾FAELA BRAGA DE FREITAS,RA￾FAELA BRAGA DE FREITAS,1,0,1,0,2024-10-11,2024-10-11,0,1,nao,nao
RA￾PHAEL VIANNAY DOS SANTOS DALLA VECHIA,RA￾PHAEL VIANNAY DOS SANTOS DALLA VECHIA,1,0,1,0,2024-11-04,2024-11-04,1,1,nao,nao
RA￾QUEL RENNO MASCARENHAS MARTINS,RA￾QUEL RENNO MASCARENHAS MARTINS,1,0,1,0,2024-10-23,2024-10-23,1,1,nao,nao
REBECA COUTINHO GONCALVES DE MELO,REBECA COUTINHO GONÇALVES DE MELO,1,1,0,0,2024-10-08,2024-10-08,0,0,nao,nao
REBECA HERICKA SALVADORI,REBECA HERICKA SALVADORI,3,1,2,1,2026-01-14,2026-03-20,2,0,sim,sim
REBECCA CRUZ SANTOS,REBECCA CRUZ SANTOS,1,0,1,0,2026-02-09,2026-02-09,1,0,nao,nao
REBECCA GUIMARAES PAPALEO GUAPYASSU,REBECCA GUIMARAES PAPALEO GUAPYASSU,1,0,1,0,2026-04-22,2026-04-22,1,0,nao,nao
REBECCA RANGEL DE MOURA ARAUJO,REBECCA RANGEL DE MOURA ARAÚJO,1,1,0,0,2025-11-28,2025-11-28,1,1,nao,nao
REGIA BEATRIZ SANTOS DE ALMEIDA,RÉGIA BEATRIZ SANTOS DE ALMEIDA,1,0,1,0,2024-10-10,2024-10-10,1,1,nao,nao
REGILAINE PEREIRA DA CUNHA,REGILAINE PEREIRA DA CUNHA,1,0,1,0,2025-11-28,2025-11-28,1,1,nao,nao
REGINA ALVES RODRIGUES CAMOES,REGINA ALVES RODRIGUES CAMOES,1,1,0,0,2026-02-05,2026-02-05,1,0,nao,nao
REGINA CELIA FERREIRA GOMES,REGINA CELIA FERREIRA GOMES,1,1,0,0,2025-12-12,2025-12-12,1,0,nao,nao
REGINA LUCIA PEREIRA PINTO ALVARENGA,REGINA LUCIA PEREIRA PINTO ALVARENGA,1,0,1,0,2025-12-01,2025-12-01,1,1,nao,nao
REGINALDA DE BRITO DANTAS,REGINALDA DE BRITO DANTAS,1,0,1,0,2026-04-28,2026-04-28,1,0,nao,nao
REGINALDO MARQUES VALADAO,REGINALDO MARQUES VALADAO,1,0,1,0,2026-02-11,2026-02-11,1,0,nao,nao
REGIS AUGUSTO ADAO FALCAO,REGIS AUGUSTO ADÃO FALCÃO,2,1,1,1,2024-10-15,2024-10-15,2,2,sim,sim
REGIS DE MENEZES BATISTA,RÉGIS DE MENEZES BATISTA,2,1,1,1,2025-11-07,2025-11-07,1,0,sim,sim
REIDEL ORTIZ,REIDEL ORTIZ,1,1,0,0,2024-11-14,2024-11-14,0,0,nao,nao
REINALDO ALVES RODRIGUES,REINALDO ALVES RODRIGUES,1,1,0,0,2024-10-07,2024-10-07,1,1,nao,nao
REINALDO GOMES DE LIMA,REINALDO GOMES DE LIMA,1,0,1,0,2026-03-26,2026-03-26,1,1,nao,nao
REINALDO LOPES COSTA,REINALDO LOPES COSTA,2,1,1,1,2026-03-13,2026-03-24,2,0,sim,sim
REINALDO MENDES DOS REIS BELICIO,REINALDO MENDES DOS REIS BELICIO,1,1,0,0,2026-03-11,2026-03-11,0,1,nao,nao
REINALDO PARANHOS MARTINS PEREIRA,REINALDO PARANHOS MARTINS PEREIRA,1,1,0,0,2024-11-11,2024-11-11,1,1,nao,nao
REJANE ALVES LOPES DA SILVA,REJANE ALVES LOPES DA SILVA,1,1,0,0,2026-03-23,2026-03-23,1,1,nao,nao
REJANE DIAS BARBOSA MORAES,REJANE DIAS BARBOSA MORAES,1,0,1,0,2026-04-17,2026-04-17,1,0,nao,nao
REJANE DIAS NARNOSA MORAES,REJANE DIAS NARNOSA MORAES,1,1,0,0,2026-02-26,2026-02-26,1,0,nao,nao
REJANIA MARIA CAVALCANTE VIANA,REJANIA MARIA CAVALCANTE VIANA,2,1,1,1,2025-11-17,2025-11-17,1,2,sim,sim
RENAN ALFENAS DE MATTOS,RENAN ALFENAS DE MATTOS,1,1,0,0,2024-10-02,2024-10-02,0,1,nao,nao
RENAN CARVALHO PINHEIRO DA SILVA,RENAN CARVALHO PINHEIRO DA SILVA,1,1,0,0,2025-11-10,2025-11-10,0,1,nao,nao
RENAN CARVALHO SANTIAGO,RENAN CARVALHO SANTIAGO,1,0,1,0,2026-02-10,2026-02-10,1,1,nao,nao
RENAN DE JESUS FERREIRA LIMA,RENAN DE JESUS FERREIRA LIMA,1,1,0,0,2026-04-07,2026-04-07,1,1,nao,nao
RENAN FERNANDES DA ROCHA SILVA RODRIGUES,RENAN FERNANDES DA ROCHA SILVA RODRIGUES,1,1,0,0,2025-11-26,2025-11-26,1,1,nao,nao
RENAN GARCIA SOARES,RENAN GARCIA SOARES,1,1,0,0,2026-02-11,2026-02-11,1,0,nao,nao
RENAN GUSTAVO DE OLIVEIRA,RENAN GUSTAVO DE OLIVEIRA,1,1,0,0,2024-11-13,2024-11-13,0,1,nao,nao
RENAN MARASSI MAGALHAES,RENAN MARASSI MAGALHÃES,1,0,1,0,2025-11-14,2025-11-14,1,1,nao,nao
RENAN OLIVEIRA DE MIRANDA,RENAN OLIVEIRA DE MIRANDA,2,1,1,1,2026-03-17,2026-03-18,1,2,sim,sim
RENAN SILVA COUTINHO,RENAN SILVA COUTINHO,1,1,0,0,2026-03-20,2026-03-20,1,1,nao,nao
RENAN SOUZA DE CONCEICAO,RENAN SOUZA DE CONCEIÇÃO,1,1,0,0,2026-02-24,2026-02-24,1,1,nao,nao
RENAN TEIXEIRA BICALHO,RENAN TEIXEIRA BICALHO,1,1,0,0,2026-04-14,2026-04-14,1,1,nao,nao
RENATA ALVES ORSINI RICHARD,RENATA ALVES ORSINI RICHARD,3,1,2,1,2024-12-18,2026-04-22,2,3,sim,sim
RENATA ARAUJO GUEDES MATOS,RENATA ARAUJO GUEDES MATOS,1,0,1,0,2024-10-18,2024-10-18,1,0,nao,nao
RENATA BARROS DANTAS NUNES,RENATA BARROS DANTAS NUNES,1,1,0,0,2026-03-18,2026-03-18,1,1,nao,nao
RENATA DA COSTA ABREU,RENATA DA COSTA ABREU,1,0,1,0,2026-04-20,2026-04-20,1,1,nao,nao
RENATA DA ROCHA PINHEIRO DOS SANTOS,RENATA DA ROCHA PINHEIRO DOS SANTOS,1,1,0,0,2025-11-12,2025-11-12,0,0,nao,nao
RENATA DA SILVA SANTOS,RENATA DA SILVA SANTOS,2,1,1,0,2025-12-12,2026-02-06,2,0,sim,nao
RENATA DE LIMA HAYDT DA SILVA,RENATA DE LIMA HAYDT DA SILVA,2,2,0,0,2025-12-12,2026-02-03,2,0,nao,nao
RENATA DE OLIVEIRA SAMPAIO,RENATA DE OLIVEIRA SAMPAIO,1,1,0,0,2026-02-20,2026-02-20,1,1,nao,nao
RENATA DE SOUZA ARRUANTE,RENATA DE SOUZA ARRUANTE,1,1,0,0,2026-02-05,2026-02-05,0,1,nao,nao
RENATA DE SOUZA MARTINS,RENATA DE SOUZA MARTINS,1,1,0,0,2026-02-12,2026-02-12,1,0,nao,nao
RENATA DE SOUZA NOBREGA,RENATA DE SOUZA NOBREGA,1,0,1,0,2026-04-17,2026-04-17,1,1,nao,nao
RENATA DO AMARAL BARRETO,RENATA DO AMARAL BARRETO,1,1,0,0,2026-03-17,2026-03-17,0,1,nao,nao
RENATA DOMES CABRAL DA SILVA,RENATA DOMES CABRAL DA SILVA,1,1,0,0,2026-03-27,2026-03-27,0,1,nao,nao
RENATA MEIRELLES MAIA,RENATA MEIRELLES MAIA,1,0,1,0,2026-03-19,2026-03-19,1,1,nao,nao
RENATA NEY SALDANHA,RENATA NEY SALDANHA,1,0,1,0,2026-02-11,2026-02-11,1,1,nao,nao
RENATA PEREIRA FONSECA,RENATA PEREIRA FONSECA,1,0,1,0,2026-04-17,2026-04-17,1,1,nao,nao
RENATA REIS CHIOSSI,RENATA REIS CHIOSSI,1,0,1,0,2026-03-17,2026-03-17,1,1,nao,nao
RENATA SOUZA FIUZA ANTUNES,RENATA SOUZA FIUZA ANTUNES,2,1,1,0,2026-02-23,2026-04-28,2,0,sim,nao
RENATA SPHAIER DE FREITAS,RENATA SPHAIER DE FREITAS,4,2,2,2,2024-10-29,2026-03-20,4,2,sim,sim
RENATO BALDIN DE MIRANDA ANDRADE,RENATO BALDIN DE MIRANDA ANDRADE,1,1,0,0,2024-10-23,2024-10-23,0,0,nao,nao
RENATO CARNEIRO GOMES DO NASCIMENTO,RENATO CARNEIRO GOMES DO NASCIMENTO,1,1,0,0,2024-10-10,2024-10-10,1,0,nao,nao
RENATO CESAR PONCE DE LEAO,RENATO CESAR PONCE DE LEÃO,1,1,0,0,2024-11-07,2024-11-07,0,1,nao,nao
RENATO DANTAS GONCALVES,RENATO DANTAS GONÇALVES,1,1,0,0,2025-11-07,2025-11-07,0,0,nao,nao
RENATO DE ANDRADE PIMENTA,RENATO DE ANDRADE PIMENTA,1,1,0,0,2026-02-05,2026-02-05,0,1,nao,nao
RENATO DE FIGUEIREDO,RENATO DE FIGUEIREDO,1,1,0,0,2026-04-15,2026-04-15,0,1,nao,nao
RENATO DE MELLO SILVA,RENATO DE MELLO SILVA,2,2,0,0,2025-12-17,2026-03-20,0,2,nao,nao
RENATO DE SOUZA GARCIA,RENATO DE SOUZA GARCIA,1,1,0,0,2026-03-24,2026-03-24,1,1,nao,nao
RENATO DOS SANTOS,RENATO DOS SANTOS,2,1,1,0,2026-01-21,2026-01-26,1,0,sim,nao
RENATO ESTRELLA DE PAULA LOPES,RENATO ESTRELLA DE PAULA LOPES,1,0,1,0,2026-01-22,2026-01-22,1,1,nao,nao
RENATO FARIA DE SOUZA,RENATO FARIA DE SOUZA,1,1,0,0,2024-12-18,2024-12-18,0,1,nao,nao
RENATO FERRAZ DE MENDONCA COELHO,RENATO FERRAZ DE MENDONÇA COELHO,1,1,0,0,2024-10-18,2024-10-18,0,0,nao,nao
RENATO FERREIRA DA SILVA,RENATO FERREIRA DA SILVA,1,0,1,0,2025-12-10,2025-12-10,1,1,nao,nao
RENATO MARINHO DUARTE,RENATO MARINHO DUARTE,1,0,1,0,2026-04-27,2026-04-27,1,1,nao,nao
RENATO MARTINEZ GERACI,RENATO MARTINEZ GERACI,2,1,1,1,2026-03-27,2026-04-15,2,2,sim,sim
RENATO MONTEIRO DOS SANTOS,RENATO MONTEIRO DOS SANTOS,2,1,1,0,2024-10-02,2026-04-15,1,1,sim,nao
RENATO RODRIGUES,RENATO RODRIGUES,1,0,1,0,2025-12-04,2025-12-04,1,0,nao,nao
RENATO RODRIGUES BARTHOLOMEU VIEIRA,RENATO RODRIGUES BARTHOLOMEU VIEIRA,1,1,0,0,2026-01-12,2026-01-12,1,0,nao,nao
RENATO SANTOS DE OLIVEIRA,RENATO SANTOS DE OLIVEIRA,1,0,1,0,2026-03-16,2026-03-16,1,1,nao,nao
RENATO SOUZA DOS SANTOS,RENATO SOUZA DOS SANTOS,1,0,1,0,2026-04-17,2026-04-17,1,0,nao,nao
RENATTO THIELE LIMA DA SILVA,RENATTO THIELE LIMA DA SILVA,1,0,1,0,2026-03-02,2026-03-02,1,1,nao,nao
RENILSON WELLINGTON DOS SANTOS PASSOS,RENILSON WELLINGTON DOS SANTOS PASSOS,1,0,1,0,2026-04-06,2026-04-06,1,1,nao,nao
RE￾JANE ROSA RIBEIRO,RE￾JANE ROSA RIBEIRO,1,0,1,0,2024-10-08,2024-10-08,1,1,nao,nao
RE￾NAN CHAGAS REIS,RE￾NAN CHAGAS REIS,1,0,1,0,2024-10-07,2024-10-07,1,1,nao,nao
RE￾NATA GREGOLIO DA SILVA,RE￾NATA GREGÔLÍO DA SILVA,1,0,1,0,2024-10-04,2024-10-04,1,1,nao,nao
RE￾NATO BALDIN DE MIRANDA ANDRADE,RE￾NATO BALDIN DE MIRANDA ANDRADE,1,0,1,0,2024-10-23,2024-10-23,1,0,nao,nao
RE￾NATO MONTEIRO DOS SANTOS,RE￾NATO MONTEIRO DOS SANTOS,1,0,1,0,2024-10-02,2024-10-02,1,0,nao,nao
RE￾NATO RODRIGUES MARIANO DE SOUZA,RE￾NATO RODRIGUES MARIANO DE SOUZA,1,0,1,0,2024-12-02,2024-12-02,1,0,nao,nao
RHAFAELLE BARBOSA DE CASTRO RODRIGUES,RHAFAELLE BARBOSA DE CASTRO RODRIGUES,4,2,2,2,2025-11-07,2025-11-17,3,2,sim,sim
RHAILA MARINHO EMIDIO CAVALCANTE,RHAILA MARINHO EMIDIO CAVALCANTE,1,0,1,0,2026-03-17,2026-03-17,1,0,nao,nao
RHAYANA CASTELO BRANCO DE OLIVEIRA,RHAYANA CASTELO BRANCO DE OLIVEIRA,2,1,1,1,2024-12-10,2024-12-10,2,2,sim,sim
RHAYANE BARBOSA DE CASTRO RODRIGUES,RHAYANE BARBOSA DE CASTRO RODRIGUES,1,1,0,0,2024-10-02,2024-10-02,1,1,nao,nao
RHYAN BATISTA DA SILVA,RHYAN BATISTA DA SILVA,1,1,0,0,2025-12-02,2025-12-02,0,0,nao,nao
RICARDO AUGUSTO MONTEIRO CHAVES,RICARDO AUGUSTO MONTEIRO CHAVES,1,1,0,0,2024-11-04,2024-11-04,1,1,nao,nao
RICARDO CARDOSO DOS SANTOS,RICARDO CARDOSO DOS SANTOS,3,1,2,1,2026-03-13,2026-04-14,3,2,sim,sim
RICARDO CARVALHO DE ANDRADE LOUREIRO,RICARDO CARVALHO DE ANDRADE LOUREIRO,1,1,0,0,2026-02-26,2026-02-26,1,0,nao,nao
RICARDO CUSTODIO DIAS,RICARDO CUSTODIO DIAS,1,1,0,0,2026-03-10,2026-03-10,0,0,nao,nao
RICARDO DA GAMA BAIAO,RICARDO DA GAMA BAIÃO,2,1,1,0,2024-11-14,2025-11-19,2,1,sim,nao
RICARDO DE OLIVEIRA SOARES,RICARDO DE OLIVEIRA SOARES,1,0,1,0,2025-11-28,2025-11-28,1,0,nao,nao
RICARDO DE SOUZA GIANGIARULO,RICARDO DE SOUZA GIANGIARULO,2,1,1,0,2025-11-07,2026-01-14,1,1,sim,nao
RICARDO EMILIO DE SOUZA,RICARDO EMÍLIO DE SOUZA,1,1,0,0,2025-11-26,2025-11-26,1,1,nao,nao
RICARDO FABER RIGUETO,RICARDO FABER RIGUETO,2,1,1,1,2025-11-14,2025-11-14,1,1,sim,sim
RICARDO FERNANDES DO NASCIMENTO,RICARDO FERNANDES DO NASCIMENTO,1,1,0,0,2026-01-22,2026-01-22,0,0,nao,nao
RICARDO FIORAVANTE LISBOA,RICARDO FIORAVANTE LISBOA,1,1,0,0,2026-03-11,2026-03-11,1,0,nao,nao
RICARDO GOMES DE CASTRO,RICARDO GOMES DE CASTRO,1,1,0,0,2024-12-16,2024-12-16,1,1,nao,nao
RICARDO GUSMAO DO NASCIMENTO,RICARDO GUSMÃO DO NASCIMENTO,1,1,0,0,2026-03-20,2026-03-20,1,0,nao,nao
RICARDO JOSE BARONE MORAES,RICARDO JOSE BARONE MORAES,1,0,1,0,2026-04-28,2026-04-28,1,1,nao,nao
RICARDO JOSE DA LUZ DEVEZA,RICARDO JOSE DA LUZ DEVEZA,1,1,0,0,2024-11-01,2024-11-01,1,1,nao,nao
RICARDO LEANDRO DA SILVA XAVIER,RICARDO LEANDRO DA SILVA XAVIER,1,0,1,0,2024-10-29,2024-10-29,1,0,nao,nao
RICARDO MEDEIROS BARCELOS,RICARDO MEDEIROS BARCELOS,1,1,0,0,2026-02-06,2026-02-06,1,0,nao,nao
RICARDO MENDONCA DA SILVA,RICARDO MENDONCA DA SILVA,1,0,1,0,2026-04-28,2026-04-28,1,0,nao,nao
RICARDO MORAES FAYA,RICARDO MORAES FAYA,1,1,0,0,2024-10-30,2024-10-30,1,0,nao,nao
RICARDO NASCIMENTO DE MORAES,RICARDO NASCIMENTO DE MORAES,1,1,0,0,2026-01-15,2026-01-15,0,0,nao,nao
RICARDO NORONHA DA FONSECA,RICARDO NORONHA DA FONSECA,2,2,0,0,2026-02-23,2026-02-23,2,0,nao,nao
RICARDO OLIVEIRA DREUX,RICARDO OLIVEIRA DREUX,1,1,0,0,2026-02-05,2026-02-05,0,0,nao,nao
RICARDO PEREIRA DE OLIVEIRA,RICARDO PEREIRA DE OLIVEIRA,1,0,1,0,2024-10-23,2024-10-23,1,1,nao,nao
RICARDO SILVESTRE DOS SANTOS,RICARDO SILVESTRE DOS SANTOS,2,2,0,0,2026-03-16,2026-03-16,1,2,nao,nao
RICARDO TAVARES DE MELO LIMA,RICARDO TAVARES DE MELO LIMA,1,0,1,0,2026-04-17,2026-04-17,1,0,nao,nao
RICHARD ALEXANDER DA SILVA ATANAZIO E SILVA,RICHARD ALEXANDER DA SILVA ATANAZIO E SILVA,1,0,1,0,2025-12-05,2025-12-05,1,1,nao,nao
RICHARD CARNEIRO RABELLO,RICHARD CARNEIRO RABELLO,1,1,0,0,2026-03-06,2026-03-06,1,0,nao,nao
RICHARD DE SOUZA GADELHA PESSOA,RICHARD DE SOUZA GADELHA PESSOA,1,0,1,0,2026-04-28,2026-04-28,1,0,nao,nao
RICHARD OLIVEIRA BARROS,RICHARD OLIVEIRA BARROS,1,1,0,0,2026-02-05,2026-02-05,1,1,nao,nao
RICHARD SILVA DE MORAES,RICHARD SILVA DE MORAES,1,1,0,0,2025-12-23,2025-12-23,0,0,nao,nao
RICKSON JESUS DO ROSARIO,RICKSON JESUS DO ROSÁRIO,1,1,0,0,2024-10-18,2024-10-18,1,1,nao,nao
RINALDO MENDES RIBEIRO,RINALDO MENDES RIBEIRO,1,1,0,0,2025-11-28,2025-11-28,0,1,nao,nao
RITA DE CACIA MARREIROS VALLERIOTE,RITA DE CÁCIA MARREIROS VALLERIOTE,1,0,1,0,2024-10-30,2024-10-30,1,1,nao,nao
RITA DE CASSIA BRAGA DE OLIVEIRA,RITA DE CASSIA BRAGA DE OLIVEIRA,1,1,0,0,2026-04-15,2026-04-15,1,0,nao,nao
RITA DE CASSIA FRANCEZ DEPES TALLON,RITA DE CASSIA FRANCEZ DEPES TALLON,2,1,1,1,2024-11-11,2024-11-12,2,0,sim,sim
RITA DE CASSIA GOUVEIA DE SOUZA,RITA DE CASSIA GOUVEIA DE SOUZA,1,1,0,0,2026-04-20,2026-04-20,1,1,nao,nao
RITA DE CASSIA MANHAES DA SILVA,RITA DE CASSIA MANHAES DA SILVA,1,0,1,0,2026-03-02,2026-03-02,1,1,nao,nao
RITA DE CASSIA OLIVEIRA MACIEL VIDAL,RITA DE CASSIA OLIVEIRA MACIEL VIDAL,1,1,0,0,2026-01-08,2026-01-08,1,0,nao,nao
RITA DE CASSIA SANTOS SILVA,RITA DE CASSIA SANTOS SILVA,1,1,0,0,2026-03-24,2026-03-24,1,0,nao,nao
RITA DO NASCIMENTO SILVESTRE DANTAS,RITA DO NASCIMENTO SILVESTRE DANTAS,2,1,1,1,2025-11-07,2025-11-07,1,1,sim,sim
RI￾CHARD UMBERTO AMBROSI BUSCH,RI￾CHARD UMBERTO AMBROSI BUSCH,1,0,1,0,2024-10-08,2024-10-08,1,1,nao,nao
ROBERT BRAGA DE OLIVEIRA,ROBERT BRAGA DE OLIVEIRA,1,0,1,0,2026-04-17,2026-04-17,1,1,nao,nao
ROBERT DA SILVA ANGELINO,ROBERT DA SILVA ANGELINO,2,1,1,0,2025-12-03,2026-04-17,2,0,sim,nao
ROBERT MAICON FRANCA DE JESUS,ROBERT MAICON FRANÇA DE JESUS,2,1,1,0,2026-01-22,2026-04-17,2,0,sim,nao
ROBERTA BARRETO DE OLIVEIRA,ROBERTA BARRETO DE OLIVEIRA,1,0,1,0,2026-02-24,2026-02-24,1,0,nao,nao
ROBERTA CRISTINA ALENCAR DE GOIS,ROBERTA CRISTINA ALENCAR DE GOIS,1,0,1,0,2026-01-14,2026-01-14,1,1,nao,nao
ROBERTA DA SILVA PINON,ROBERTA DA SILVA PINON,1,1,0,0,2024-10-30,2024-10-30,1,0,nao,nao
ROBERTA DE ALMEIDA SILVA,ROBERTA DE ALMEIDA SILVA,1,1,0,0,2026-01-29,2026-01-29,1,0,nao,nao
ROBERTA GONCALVES RAMALHO,ROBERTA GONCALVES RAMALHO,1,0,1,0,2026-04-28,2026-04-28,1,0,nao,nao
ROBERTA HELLEN NUNES DUARTE,ROBERTA HELLEN NUNES DUARTE,1,1,0,0,2026-01-19,2026-01-19,0,0,nao,nao
ROBERTA HENRIQUES DE LIMA,ROBERTA HENRIQUES DE LIMA,1,1,0,0,2024-10-18,2024-10-18,1,1,nao,nao
ROBERTA MAIA SILVEIRA,ROBERTA MAIA SILVEIRA,1,1,0,0,2024-10-11,2024-10-11,1,1,nao,nao
ROBERTA MALHA DE OLIVEIRA,ROBERTA MALHA DE OLIVEIRA,1,1,0,0,2024-12-02,2024-12-02,1,1,nao,nao
ROBERTA MANHAES DE LIMA NASCIMENTO,ROBERTA MANHÃES DE LIMA NASCIMENTO,1,1,0,0,2024-12-06,2024-12-06,1,1,nao,nao
ROBERTA PATRICIO MACHADO,ROBERTA PATRICIO MACHADO,2,2,0,0,2026-01-12,2026-01-15,0,0,nao,nao
ROBERTA RIBEIRO MORAES CAMPOS,ROBERTA RIBEIRO MORAES CAMPOS,1,0,1,0,2026-02-03,2026-02-03,1,1,nao,nao
ROBERTA SANTANA BARROSO FERREIRA,ROBERTA SANTANA BARROSO FERREIRA,1,1,0,0,2026-02-06,2026-02-06,0,1,nao,nao
ROBERTA SANTOS DA SILVA,ROBERTA SANTOS DA SILVA,1,1,0,0,2025-11-17,2025-11-17,0,0,nao,nao
ROBERTO CARDOZO MARTINS,ROBERTO CARDOZO MARTINS,1,1,0,0,2026-01-06,2026-01-06,0,0,nao,nao
ROBERTO CARLOS SALES,ROBERTO CARLOS SALES,1,1,0,0,2025-11-28,2025-11-28,1,1,nao,nao
ROBERTO CARLOS SILVA DA COSTA,ROBERTO CARLOS SILVA DA COSTA,1,1,0,0,2026-03-09,2026-03-09,1,0,nao,nao
ROBERTO CAVALCANTE BEZERRA FILHO,ROBERTO CAVALCANTE BEZERRA FILHO,1,1,0,0,2024-12-04,2024-12-04,0,0,nao,nao
ROBERTO CHRISTIANO DANTAS,ROBERTO CHRISTIANO DANTAS,1,0,1,0,2026-04-08,2026-04-08,1,1,nao,nao
ROBERTO COSENZA,ROBERTO COSENZA,1,0,1,0,2026-02-26,2026-02-26,1,1,nao,nao
ROBERTO CUNHA ORLANDINI,ROBERTO CUNHA ORLANDINI,2,1,1,1,2024-11-04,2024-11-12,2,0,sim,sim
ROBERTO DE ALMEIDA SILVA,ROBERTO DE ALMEIDA SILVA,1,0,1,0,2026-04-17,2026-04-17,1,0,nao,nao
ROBERTO JOSE DE MELLO OLIVEIRA ALVES FILHO,ROBERTO JOSÉ DE MELLO OLIVEIRA ALVES FILHO,1,0,1,0,2024-10-24,2024-10-24,1,1,nao,nao
ROBERTO KAZUMI BALDAS MIURA,ROBERTO KAZUMI BALDAS MIURA,1,0,1,0,2026-01-07,2026-01-07,1,1,nao,nao
ROBERTO LISANDRO LEAO,ROBERTO LISANDRO LEÃO,1,1,0,0,2026-03-31,2026-03-31,1,1,nao,nao
ROBERTO MACEDO ANTUNES,ROBERTO MACEDO ANTUNES,1,1,0,0,2024-10-21,2024-10-21,1,1,nao,nao
ROBERTO MARTINS DOS SANTOS,ROBERTO MARTINS DOS SANTOS,1,1,0,0,2026-03-20,2026-03-20,0,1,nao,nao
ROBERTO MUNIZ DE MENEZES,ROBERTO MUNIZ DE MENEZES,1,1,0,0,2025-12-11,2025-12-11,0,0,nao,nao
ROBERTO PEREIRA BARBOSA,ROBERTO PEREIRA BARBOSA,1,1,0,0,2026-03-09,2026-03-09,1,0,nao,nao
ROBERTO WAGNER BATALHA,ROBERTO WAGNER BATALHA,2,1,1,1,2024-11-13,2024-11-13,2,2,sim,sim
ROBERTSON SALES GUIMARAES,ROBERTSON SALES GUIMARAES,2,1,1,0,2025-12-03,2026-04-01,2,2,sim,nao
ROBERTTA CORREA BRUM,ROBERTTA CORREA BRUM,1,1,0,0,2026-03-23,2026-03-23,1,0,nao,nao
ROBISON SANTIAGO FERREIRA,ROBISON SANTIAGO FERREIRA,1,1,0,0,2026-02-05,2026-02-05,0,0,nao,nao
ROBSON BATISTA DA SILVA,ROBSON BATISTA DA SILVA,1,1,0,0,2024-11-04,2024-11-04,0,1,nao,nao
ROBSON BRUM ANDRADE,ROBSON BRUM ANDRADE,4,2,2,2,2026-03-10,2026-03-16,1,2,sim,sim
ROBSON DA SILVA WILLEMEN,ROBSON DA SILVA WILLEMEN,1,1,0,0,2026-02-05,2026-02-05,0,0,nao,nao
ROBSON DE SOUZA FRAGA,ROBSON DE SOUZA FRAGA,1,1,0,0,2024-10-01,2024-10-01,0,1,nao,nao
ROBSON FERNANDES PEREIRA NEVES,ROBSON FERNANDES PEREIRA NEVES,1,0,1,0,2024-11-13,2024-11-13,1,1,nao,nao
ROBSON GOMES DOS SANTOS,ROBSON GOMES DOS SANTOS,1,0,1,0,2026-03-20,2026-03-20,1,1,nao,nao
ROBSON JOHNNY ROCHA DA SILVA,ROBSON JOHNNY ROCHA DA SILVA,1,0,1,0,2025-12-01,2025-12-01,1,1,nao,nao
ROBSON LUIS BARBOSA,ROBSON LUIS BARBOSA,2,1,1,1,2024-12-09,2024-12-09,1,2,sim,sim
ROBSON MARQUES DE SOUZA,ROBSON MARQUES DE SOUZA,1,1,0,0,2025-11-28,2025-11-28,0,1,nao,nao
ROBSON PEREIRA CAVALCANTE,ROBSON PEREIRA CAVALCANTE,2,2,0,0,2026-03-06,2026-03-06,0,1,nao,nao
ROBSON PINTO ORNELAS,ROBSON PINTO ORNELAS,1,1,0,0,2026-03-13,2026-03-13,0,0,nao,nao
ROBSON RODRIGUES DE ALMEIDA,ROBSON RODRIGUES DE ALMEIDA,1,1,0,0,2025-12-11,2025-12-11,0,0,nao,nao
ROBSON SALLES DA SILVA,ROBSON SALLES DA SILVA,1,0,1,0,2025-11-05,2025-11-05,1,1,nao,nao
ROBSON SANTANA DA SILVA,ROBSON SANTANA DA SILVA,1,0,1,0,2026-04-16,2026-04-16,1,0,nao,nao
ROBSON SANTOS DE OLIVEIRA,ROBSON SANTOS DE OLIVEIRA,1,1,0,0,2024-11-01,2024-11-01,0,0,nao,nao
ROBSON SILVA OLIVEIRA,ROBSON SILVA OLIVEIRA,1,0,1,0,2025-12-01,2025-12-01,1,1,nao,nao
RODOLPHO MARTINS NETO,RODOLPHO MARTINS NETO,1,1,0,0,2024-11-22,2024-11-22,1,0,nao,nao
RODRIGO ALVES DOS REIS,RODRIGO ALVES DOS REIS,1,1,0,0,2026-03-27,2026-03-27,0,1,nao,nao
RODRIGO ALVES GREGORIO,RODRIGO ALVES GREGÓRIO,1,1,0,0,2025-11-12,2025-11-12,0,1,nao,nao
RODRIGO BELIZARIO VIANA DUARTE,RODRIGO BELIZÁRIO VIANA DUARTE,1,1,0,0,2024-10-17,2024-10-17,0,1,nao,nao
RODRIGO CARVALHO DOS SANTOS,RODRIGO CARVALHO DOS SANTOS,1,1,0,0,2025-11-24,2025-11-24,0,0,nao,nao
RODRIGO CASTRO DE ALMEIDA,RODRIGO CASTRO DE ALMEIDA,1,1,0,0,2024-11-05,2024-11-05,1,1,nao,nao
RODRIGO CAVALCANTI DE SOUSA,RODRIGO CAVALCANTI DE SOUSA,1,1,0,0,2026-03-20,2026-03-20,0,1,nao,nao
RODRIGO CORREA SANT ANNA,RODRIGO CORREA SANT ANNA,1,0,1,0,2026-04-20,2026-04-20,1,0,nao,nao
RODRIGO COSTA DE OLIVEIRA,RODRIGO COSTA DE OLIVEIRA,1,1,0,0,2026-02-27,2026-02-27,1,0,nao,nao
RODRIGO DA COSTA BEZERRA,RODRIGO DA COSTA BEZERRA,1,0,1,0,2026-03-26,2026-03-26,1,1,nao,nao
RODRIGO DA SILVA COSTA,RODRIGO DA SILVA COSTA,1,0,1,0,2026-01-12,2026-01-12,1,0,nao,nao
RODRIGO DE BARROS PIEDRAS LOPES,RODRIGO DE BARROS PIEDRAS LOPES,1,1,0,0,2024-10-30,2024-10-30,0,1,nao,nao
RODRIGO DE JESUS MAIA,RODRIGO DE JESUS MAIA,1,1,0,0,2026-01-07,2026-01-07,1,1,nao,nao
RODRIGO DE LIMA NUNES,RODRIGO DE LIMA NUNES,2,1,1,1,2026-03-27,2026-04-15,1,2,sim,sim
RODRIGO DE MESQUITA CALDAS,RODRIGO DE MESQUITA CALDAS,2,1,1,0,2024-12-02,2026-04-17,2,1,sim,nao
RODRIGO DRABLE COSTA,RODRIGO DRABLE COSTA,1,0,1,0,2026-03-23,2026-03-23,1,0,nao,nao
RODRIGO FERREIRA DE QUEIROZ,RODRIGO FERREIRA DE QUEIROZ,2,1,1,1,2024-10-07,2024-10-07,2,2,sim,sim
RODRIGO GOMES ANTUNES,RODRIGO GOMES ANTUNES,1,0,1,0,2024-12-05,2024-12-05,1,0,nao,nao
RODRIGO GOMES CONCEICAO,RODRIGO GOMES CONCEIÇÃO,1,1,0,0,2024-12-23,2024-12-23,1,1,nao,nao
RODRIGO GOMES DOS SANTOS,RODRIGO GOMES DOS SANTOS,1,0,1,0,2024-12-05,2024-12-05,1,0,nao,nao
RODRIGO GONCALVES FERREIRA,RODRIGO GONÇALVES FERREIRA,1,0,1,0,2024-11-01,2024-11-01,1,0,nao,nao
RODRIGO GUERRA DO NASCIMENTO,RODRIGO GUERRA DO NASCIMENTO,1,1,0,0,2024-10-11,2024-10-11,1,1,nao,nao
RODRIGO JOSE ARAUJO DOS SANTOS,RODRIGO JOSE ARAUJO DOS SANTOS,1,0,1,0,2026-02-26,2026-02-26,1,1,nao,nao
RODRIGO LIMA DE ARAUJO,RODRIGO LIMA DE ARAUJO,1,0,1,0,2025-12-19,2025-12-19,1,1,nao,nao
RODRIGO LIMA VIEIRA,RODRIGO LIMA VIEIRA,1,1,0,0,2024-10-15,2024-10-15,0,1,nao,nao
RODRIGO LOPES EMILIO,RODRIGO LOPES EMILIO,2,1,1,1,2026-01-07,2026-03-09,2,0,sim,sim
RODRIGO LOPES XAVIER,RODRIGO LOPES XAVIER,2,1,1,1,2024-12-19,2024-12-19,1,1,sim,sim
RODRIGO MARTINS DE SOUZA,RODRIGO MARTINS DE SOUZA,1,1,0,0,2026-02-10,2026-02-10,1,1,nao,nao
RODRIGO MEDEIROS BOAVENTURA,RODRIGO MEDEIROS BOAVENTURA,1,0,1,0,2025-12-16,2025-12-16,1,0,nao,nao
RODRIGO MENDONCA ARAGAO,RODRIGO MENDONÇA ARAGÃO,1,1,0,0,2024-11-22,2024-11-22,1,1,nao,nao
RODRIGO MIRANDA NUNES,RODRIGO MIRANDA NUNES,1,1,0,0,2026-01-02,2026-01-02,0,0,nao,nao
RODRIGO NUNES RAMOS,RODRIGO NUNES RAMOS,1,1,0,0,2026-03-23,2026-03-23,0,1,nao,nao
RODRIGO OLIVEIRA DA SILVA,RODRIGO OLIVEIRA DA SILVA,1,1,0,0,2026-01-23,2026-01-23,1,1,nao,nao
RODRIGO PEREIA RODRIGUES MAUL,RODRIGO PEREIA RODRIGUES MAUL,1,1,0,0,2025-11-05,2025-11-05,0,1,nao,nao
RODRIGO PEREIRA DA SILVA,RODRIGO PEREIRA DA SILVA,1,1,0,0,2025-11-17,2025-11-17,0,0,nao,nao
RODRIGO PEREIRA MARTINS,RODRIGO PEREIRA MARTINS,1,1,0,0,2025-12-15,2025-12-15,1,0,nao,nao
RODRIGO PEREIRA RODRIGUES MAUL,RODRIGO PEREIRA RODRIGUES MAUL,1,0,1,0,2026-03-27,2026-03-27,1,1,nao,nao
RODRIGO PETRILLO PEREIRA ELER,RODRIGO PETRILLO PEREIRA ELER,2,1,1,0,2026-02-11,2026-04-17,2,0,sim,nao
RODRIGO REBOUCAS MARCONDES,RODRIGO REBOUÇAS MARCONDES,1,0,1,0,2024-10-01,2024-10-01,1,0,nao,nao
RODRIGO RIBEIRO TEXEIRA,RODRIGO RIBEIRO TEXEIRA,1,0,1,0,2026-04-17,2026-04-17,1,0,nao,nao
RODRIGO RODRIGUES PEREIRA,RODRIGO RODRIGUES PEREIRA,1,1,0,0,2026-03-25,2026-03-25,1,0,nao,nao
RODRIGO SAMPAIO CORREIA DA ROCHA,RODRIGO SAMPAIO CORREIA DA ROCHA,2,1,1,1,2024-11-04,2024-11-04,2,1,sim,sim
RODRIGO SANTOS DE CASTRO,RODRIGO SANTOS DE CASTRO,1,0,1,0,2026-04-29,2026-04-29,1,0,nao,nao
RODRIGO SOUSA DE ANDRADE,RODRIGO SOUSA DE ANDRADE,1,1,0,0,2026-01-28,2026-01-28,1,1,nao,nao
RODRIGO TEIXEIRA BOECHAT,RODRIGO TEIXEIRA BOECHAT,1,1,0,0,2026-01-29,2026-01-29,1,0,nao,nao
RODRIGO TERRA DE MACEDO,RODRIGO TERRA DE MACEDO,1,0,1,0,2026-04-06,2026-04-06,1,1,nao,nao
RODRIGO TONASSI DA SILVA,RODRIGO TONASSI DA SILVA,3,1,2,1,2026-03-02,2026-04-07,1,1,sim,sim
RODRIGO TORRES PINTO,RODRIGO TORRES PINTO,1,0,1,0,2026-04-22,2026-04-22,1,1,nao,nao
RODRIGO TOSTES DE ALENCAR MASCARENHAS,RODRIGO TOSTES DE ALENCAR MASCARENHAS,1,1,0,0,2026-04-29,2026-04-29,1,0,nao,nao
RODRIGO TRAJANO DE ANDRADE,RODRIGO TRAJANO DE ANDRADE,1,1,0,0,2024-11-25,2024-11-25,1,0,nao,nao
RODRIGO URYE FERREIRA DA SILVA,RODRIGO URYE FERREIRA DA SILVA,1,1,0,0,2025-12-02,2025-12-02,0,1,nao,nao
RODRIGO VIANA DA CUNHA,RODRIGO VIANA DA CUNHA,2,1,1,1,2024-11-11,2024-11-11,2,1,sim,sim
ROGERIO AUGUSTO RIBEIRO DE SOUZA,ROGÉRIO AUGUSTO RIBEIRO DE SOUZA,1,1,0,0,2024-12-16,2024-12-16,1,1,nao,nao
ROGERIO BARBOZA ALVES,ROGERIO BARBOZA ALVES,1,1,0,0,2026-03-20,2026-03-20,1,0,nao,nao
ROGERIO BARROS DA SILVA,ROGERIO BARROS DA SILVA,2,1,1,1,2024-12-02,2024-12-05,1,0,sim,sim
ROGERIO BASTOS DA SILVA,ROGERIO BASTOS DA SILVA,1,1,0,0,2025-12-23,2025-12-23,0,0,nao,nao
ROGERIO CONSIDERA,ROGÉRIO CONSIDERA,1,1,0,0,2024-12-16,2024-12-16,1,1,nao,nao
ROGERIO JARDIM FRANCISCO,ROGERIO JARDIM FRANCISCO,2,1,1,0,2025-11-28,2026-03-18,1,0,sim,nao
ROGERIO JOSE DE SANTANA,ROGÉRIO JOSÉ DE SANTANA,1,1,0,0,2024-10-21,2024-10-21,1,0,nao,nao
ROGERIO MACEDO DUARTE,ROGÉRIO MACEDO DUARTE,1,0,1,0,2024-10-23,2024-10-23,1,0,nao,nao
ROGERIO MARTINS COSTA DOS SANTOS,ROGÉRIO MARTINS COSTA DOS SANTOS,2,1,1,0,2024-12-09,2025-11-27,1,0,sim,nao
ROGERIO MAXIMINO LOPES,ROGERIO MAXIMINO LOPES,1,0,1,0,2026-03-17,2026-03-17,1,1,nao,nao
ROGERIO MOREIRA DE CASTRO,ROGÉRIO MOREIRA DE CASTRO,1,1,0,0,2024-10-10,2024-10-10,1,1,nao,nao
ROGERIO NEVES SANTOS,ROGÉRIO NEVES SANTOS,1,0,1,0,2024-11-06,2024-11-06,1,1,nao,nao
ROGERIO OLDACIR RODRIGUES CAVALHEIRO,ROGERIO OLDACIR RODRIGUES CAVALHEIRO,1,0,1,0,2026-01-19,2026-01-19,1,1,nao,nao
ROGERIO SILVA MORAES,ROGERIO SILVA MORAES,1,1,0,0,2024-12-20,2024-12-20,1,1,nao,nao
ROGERIO SILVA RIBEIRO,ROGERIO SILVA RIBEIRO,1,1,0,0,2026-02-03,2026-02-03,0,1,nao,nao
ROMEIRO MENEZES TEIXEIRA,ROMEIRO MENEZES TEIXEIRA,1,0,1,0,2026-02-03,2026-02-03,1,1,nao,nao
ROMUALDO MELLO DOS SANTOS,ROMUALDO MELLO DOS SANTOS,1,0,1,0,2025-12-10,2025-12-10,1,1,nao,nao
ROMULO ALAN RIZO,RÔMULO ALAN RIZO,2,1,1,0,2026-01-12,2026-04-16,2,0,sim,nao
ROMULO ANDRADE GASPARELLI,ROMULO ANDRADE GASPARELLI,1,1,0,0,2025-11-05,2025-11-05,1,0,nao,nao
ROMULO GUSTAVO AFONSO PEDRO,ROMULO GUSTAVO AFONSO PEDRO,1,1,0,0,2026-02-09,2026-02-09,0,1,nao,nao
ROMULO ODALVO VIANNA BRANDAO,ROMULO ODALVO VIANNA BRANDAO,1,0,1,0,2026-04-29,2026-04-29,1,1,nao,nao
RONALD FERREIRA BARBOZA,RONALD FERREIRA BARBOZA,2,2,0,0,2026-03-06,2026-03-06,0,1,nao,nao
RONALDO CORREIA PRAZERES,RONALDO CORREIA PRAZERES,3,2,1,0,2024-11-13,2026-04-17,2,0,sim,nao
RONALDO DAMIAO,RONALDO DAMIÃO,1,1,0,0,2026-04-28,2026-04-28,1,0,nao,nao
RONALDO FERREIRA DE SOUZA,RONALDO FERREIRA DE SOUZA,1,1,0,0,2026-02-26,2026-02-26,0,1,nao,nao
RONALDO GONCALVES DA SILVA,RONALDO GONÇALVES DA SILVA,1,0,1,0,2024-10-17,2024-10-17,1,0,nao,nao
RONALDO LIMA DA SILVA,RONALDO LIMA DA SILVA,1,0,1,0,2025-11-14,2025-11-14,1,1,nao,nao
RONALDO LIMA DOS SANTOS,RONALDO LIMA DOS SANTOS,1,0,1,0,2026-04-28,2026-04-28,1,0,nao,nao
RONALDO MACHADO DE SOUZA,RONALDO MACHADO DE SOUZA,1,1,0,0,2026-03-27,2026-03-27,0,1,nao,nao
RONALDO MATEUS SILVEIRA DA COSTA,RONALDO MATEUS SILVEIRA DA COSTA,1,1,0,0,2026-03-10,2026-03-10,0,1,nao,nao
RONALDO NAZARETH MARQUES,RONALDO NAZARETH MARQUES,1,0,1,0,2026-03-13,2026-03-13,1,0,nao,nao
RONALDO RODRIGUES PEREIRA,RONALDO RODRIGUES PEREIRA,1,1,0,0,2025-12-16,2025-12-16,0,1,nao,nao
RONAN RODRIGUES CANTO,RONAN RODRIGUES CANTO,1,0,1,0,2026-04-16,2026-04-16,1,1,nao,nao
RONNEY DELLAMARE CARVALHO,RONNEY DELLAMARE CARVALHO,1,1,0,0,2024-12-17,2024-12-17,1,1,nao,nao
ROSA CRISTINA VIEIRA DA ROSA,ROSA CRISTINA VIEIRA DA ROSA,1,1,0,0,2025-11-28,2025-11-28,1,1,nao,nao
ROSA MARIA BASSO,ROSA MARIA BASSO,1,1,0,0,2026-02-24,2026-02-24,1,0,nao,nao
ROSALI BATISTA ZAVOLI,ROSALI BATISTA ZAVOLI,1,1,0,0,2025-11-28,2025-11-28,0,1,nao,nao
ROSALIA BEATRIZ GUILHERME MENDES,ROSALIA BEATRIZ GUILHERME MENDES,1,0,1,0,2026-01-27,2026-01-27,1,1,nao,nao
ROSALIA TOMAZ NUNES,ROSALIA TOMAZ NUNES,1,0,1,0,2024-11-04,2024-11-04,1,1,nao,nao
ROSANA CABRAL DA SILVA,ROSANA CABRAL DA SILVA,1,1,0,0,2026-04-20,2026-04-20,0,1,nao,nao
ROSANA CABRAL JUSTINO,ROSANA CABRAL JUSTINO,2,0,2,0,2026-02-20,2026-02-20,1,2,nao,nao
ROSANA CRISTIANE SANTOS CARDOSO,ROSANA CRISTIANE SANTOS CARDOSO,1,1,0,0,2024-11-08,2024-11-08,1,0,nao,nao
ROSANA FERREIRA MACHADO,ROSANA FERREIRA MACHADO,1,0,1,0,2026-04-29,2026-04-29,1,1,nao,nao
ROSANA JOSE DA ROCHA,ROSANA JOSE DA ROCHA,1,1,0,0,2024-10-01,2024-10-01,1,0,nao,nao
ROSANA MARIA PINTO TORRES DA SILVA,ROSANA MARIA PINTO TORRES DA SILVA,1,1,0,0,2026-03-27,2026-03-27,0,1,nao,nao
ROSANA MUNIKI GONCALVES LOPES,ROSANA MUNIKI GONCALVES LOPES,1,0,1,0,2026-03-17,2026-03-17,1,1,nao,nao
ROSANA PEREIRA DA SILVA CRUZ,ROSANA PEREIRA DA SILVA CRUZ,1,1,0,0,2026-03-24,2026-03-24,0,1,nao,nao
ROSANA PEREIRA RAPOSO,ROSANA PEREIRA RAPOSO,2,1,1,1,2024-11-06,2024-11-06,2,0,sim,sim
ROSANA RANGEL RIBEIRO JOAO,ROSANA RANGEL RIBEIRO JOAO,1,0,1,0,2026-03-09,2026-03-09,1,1,nao,nao
ROSANE FELIX DO NASCIMENTO MALTA,ROSANE FELIX DO NASCIMENTO MALTA,2,1,1,0,2024-12-26,2026-04-28,2,0,sim,nao
ROSANE RODRIGUES DA SILVA,ROSANE RODRIGUES DA SILVA,1,1,0,0,2025-12-18,2025-12-18,0,0,nao,nao
ROSANGELA CRISTINA PAIVA DE OLIVEIRA,ROSANGELA CRISTINA PAIVA DE OLIVEIRA,2,2,0,0,2026-03-10,2026-03-10,0,1,nao,nao
ROSANGELA DA SILVA TRINDADE,ROSANGELA DA SILVA TRINDADE,1,1,0,0,2025-11-18,2025-11-18,0,1,nao,nao
ROSANGELA DE SENA ALMEIDA,ROSANGELA DE SENA ALMEIDA,1,0,1,0,2026-03-05,2026-03-05,1,1,nao,nao
ROSANGELA DE SOUZA GOMES,ROSANGELA DE SOUZA GOMES,3,1,2,0,2024-12-06,2026-03-20,2,0,sim,nao
ROSANGELA MAURICIO DE FARIAS,ROSANGELA MAURICIO DE FARIAS,1,0,1,0,2024-11-07,2024-11-07,1,0,nao,nao
ROSANGELA NARCISO DE MELLO DAMIERE,ROSÂNGELA NARCISO DE MELLO DAMIERE,1,1,0,0,2024-10-15,2024-10-15,1,0,nao,nao
ROSANGELA PEREIRA DA SILVA,ROSÂNGELA PEREIRA DA SILVA,2,1,1,0,2026-03-13,2026-04-17,2,0,sim,nao
ROSANIA RODRIGUES DE OLIVEIRA,ROSANIA RODRIGUES DE OLIVEIRA,1,1,0,0,2025-11-10,2025-11-10,0,0,nao,nao
ROSE LEA SILVA DIAS,ROSE LEA SILVA DIAS,1,0,1,0,2024-10-15,2024-10-15,1,1,nao,nao
ROSE MARY SUETH DE OLIVEIRA,ROSE MARY SUETH DE OLIVEIRA,1,0,1,0,2026-04-15,2026-04-15,1,0,nao,nao
ROSEANE DANTAS DE ALCANTARA,ROSEANE DANTAS DE ALCANTARA,1,0,1,0,2026-02-05,2026-02-05,1,1,nao,nao
ROSEANE FREIRE DE FREITAS,ROSEANE FREIRE DE FREITAS,1,1,0,0,2024-12-19,2024-12-19,0,1,nao,nao
ROSEDAY SANTOS NASCIMENTO,ROSEDAY SANTOS NASCIMENTO,1,1,0,0,2026-03-17,2026-03-17,1,1,nao,nao
ROSELAINE SANTOS OLIVEIRA DE MORAES,ROSELAINE SANTOS OLIVEIRA DE MORAES,3,2,1,0,2025-11-14,2026-04-28,2,0,sim,nao
ROSELENE MONTEIRO DE SOUZA,ROSELENE MONTEIRO DE SOUZA,1,0,1,0,2024-11-01,2024-11-01,1,0,nao,nao
ROSEMARY LEITE NOGUEIRA,ROSEMARY LEITE NOGUEIRA,2,1,1,0,2025-11-19,2026-04-28,2,1,sim,nao
ROSEMARY SILVA DE SANTANA,ROSEMARY SILVA DE SANTANA,1,1,0,0,2025-12-29,2025-12-29,1,0,nao,nao
ROSEMEIRE DO NASCIMENTO DA SILVA,ROSEMEIRE DO NASCIMENTO DA SILVA,1,1,0,0,2026-03-24,2026-03-24,1,1,nao,nao
ROSEMERI MACHADO TAVARES,ROSEMERI MACHADO TAVARES,1,1,0,0,2026-03-10,2026-03-10,1,0,nao,nao
ROSEMERY ALVES DA SILVA,ROSEMERY ALVES DA SILVA,1,1,0,0,2026-03-20,2026-03-20,1,1,nao,nao
ROSENITA GUEDES MACHADO,ROSENITA GUEDES MACHADO,1,1,0,0,2025-12-15,2025-12-15,1,1,nao,nao
ROSILANE BARRETO DA SILVA,ROSILANE BARRETO DA SILVA,1,1,0,0,2024-10-04,2024-10-04,0,0,nao,nao
ROSILENE CRISTIANO BARRETO,ROSILENE CRISTIANO BARRETO,3,1,2,0,2025-12-29,2026-03-09,1,1,sim,nao
ROSILENE PEREIRA DA ROCHA,ROSILENE PEREIRA DA ROCHA,1,0,1,0,2026-04-16,2026-04-16,1,0,nao,nao
ROSILENE TEIXEIRA LOPES,ROSILENE TEIXEIRA LOPES,1,1,0,0,2026-02-12,2026-02-12,1,0,nao,nao
ROSIMAR HENRIQUE DE MEDEIROS,ROSIMAR HENRIQUE DE MEDEIROS,1,0,1,0,2026-04-17,2026-04-17,1,0,nao,nao
ROSIMERE CONCEICAO FERREIRA DOS SANTOS,ROSIMERE CONCEIÇÃO FERREIRA DOS SANTOS,1,1,0,0,2026-02-12,2026-02-12,1,0,nao,nao
ROSIMERE DUARTE PEREIRA DA SILVA,ROSIMERE DUARTE PEREIRA DA SILVA,1,0,1,0,2026-03-19,2026-03-19,1,1,nao,nao
ROSIRAN POUBEL,ROSIRAN POUBEL,2,1,1,0,2026-02-11,2026-04-17,2,0,sim,nao
ROSMARI MILOICA THEODORO VICHI,ROSMARI MILOICA THEODORO VICHI,1,1,0,0,2026-01-14,2026-01-14,1,0,nao,nao
ROSSANA DE SOUZA ALBUQUERQUE,ROSSANA DE SOUZA ALBUQUERQUE,2,1,1,1,2026-01-12,2026-01-13,1,2,sim,sim
ROSSINI VICTOR TEIXEIRA DA SILVA,ROSSINI VICTOR TEIXEIRA DA SILVA,2,1,1,1,2024-10-07,2024-10-18,1,1,sim,sim
RO￾DRIGO BELIZARIO VIANA DUARTE,RO￾DRIGO BELIZÁRIO VIANA DUARTE,1,0,1,0,2024-10-17,2024-10-17,1,1,nao,nao
RO￾DRIGO LIMA VIEIRA,RO￾DRIGO LIMA VIEIRA,1,0,1,0,2024-10-15,2024-10-15,1,1,nao,nao
RO￾DRIGO TENORIO LOPES DE SOUZA,RO￾DRIGO TENORIO LOPES DE SOUZA,1,0,1,0,2024-10-23,2024-10-23,1,1,nao,nao
RO￾NALDO DA SILVA FERREIRA,RO￾NALDO DA SILVA FERREIRA,1,0,1,0,2024-10-23,2024-10-23,1,1,nao,nao
RO￾SANA GOMES DOS SANTOS ROCHA,RO￾SANA GOMES DOS SANTOS ROCHA,1,0,1,0,2024-10-01,2024-10-01,1,0,nao,nao
RUAN DOS SANTOS AZEVEDO,RUAN DOS SANTOS AZEVEDO,1,0,1,0,2025-11-27,2025-11-27,1,0,nao,nao
RUAN NUNES CRESPO,RUAN NUNES CRESPO,1,1,0,0,2026-01-26,2026-01-26,0,0,nao,nao
RUAN PINTO VIANA,RUAN PINTO VIANA,1,1,0,0,2025-12-23,2025-12-23,0,0,nao,nao
RUBENS DE SOUZA PALADINI,RUBENS DE SOUZA PALADINI,2,1,1,0,2025-11-27,2026-04-01,1,2,sim,nao
RUBENS RUY BERDUEGAS FILHO,RUBENS RUY BERDUEGAS FILHO,1,0,1,0,2024-10-01,2024-10-01,1,1,nao,nao
RUBENS TANK,RUBENS TANK,1,1,0,0,2024-11-07,2024-11-07,0,1,nao,nao
RUHAN ANDREY SOUZA DOS SANTOS,RUHAN ANDREY SOUZA DOS SANTOS,1,1,0,0,2026-03-24,2026-03-24,0,0,nao,nao
RUI ROSA DIAS DE JESUS,RUI ROSA DIAS DE JESUS,1,0,1,0,2024-10-01,2024-10-01,1,0,nao,nao
RYAN LIMA ALVES DE MOURA,RYAN LIMA ALVES DE MOURA,1,1,0,0,2026-02-06,2026-02-06,1,1,nao,nao
RYAN LOPES BORGES MAGALHAES,RYAN LOPES BORGES MAGALHAES,1,1,0,0,2026-02-09,2026-02-09,1,0,nao,nao
RYAN SANTOS ROSA GONCALVES,RYAN SANTOS ROSA GONÇALVES,1,1,0,0,2025-12-01,2025-12-01,0,1,nao,nao
SABRINA ARAUJO DE SOUZA,SABRINA ARAUJO DE SOUZA,1,0,1,0,2026-04-17,2026-04-17,1,1,nao,nao
SABRINA CRISTINA ALVES DO NASCIMENTO,SABRINA CRISTINA ALVES DO NASCIMENTO,1,0,1,0,2026-04-17,2026-04-17,1,0,nao,nao
SABRINA FREITAS ANTUNES,SABRINA FREITAS ANTUNES,1,1,0,0,2026-02-05,2026-02-05,0,0,nao,nao
SABRINA SALLES TIAGO,SABRINA SALLES TIAGO,1,1,0,0,2026-02-26,2026-02-26,0,1,nao,nao
SADRAQUE ALBINO DE SOUZA,SADRAQUE ALBINO DE SOUZA,1,1,0,0,2026-01-30,2026-01-30,1,0,nao,nao
SAIMITON CLEMENTE PEREIRA,SAIMITON CLEMENTE PEREIRA,1,1,0,0,2026-03-19,2026-03-19,0,0,nao,nao
SAM CRER VICENTE DA SILVA,SAM CRER VICENTE DA SILVA,1,1,0,0,2024-10-15,2024-10-15,1,0,nao,nao
SAMANTHA JACSON VIEIRA SILVA GERVASIO,SAMANTHA JACSON VIEIRA SILVA GERVASIO,1,1,0,0,2025-12-11,2025-12-11,1,1,nao,nao
SAMARA ALVES LIMA BUENO,SAMARA ALVES LIMA BUENO,1,0,1,0,2026-03-19,2026-03-19,1,0,nao,nao
SAMARA DE SOUZA CANDIDO CALADO FERREIRA,SAMARA DE SOUZA CANDIDO CALADO FERREIRA,1,1,0,0,2026-03-09,2026-03-09,1,0,nao,nao
SAMARA FRAGOSO BRITTO DA FONSECA,SAMARA FRAGOSO BRITTO DA FONSECA,2,1,1,1,2025-11-07,2025-11-07,1,1,sim,sim
SAMIR JOSE MARTINS,SAMIR JOSE MARTINS,1,1,0,0,2026-03-19,2026-03-19,1,1,nao,nao
SAMIRA DOS SANTOS RAMIRO,SAMIRA DOS SANTOS RAMIRO,1,1,0,0,2026-03-17,2026-03-17,1,0,nao,nao
SAMUEL DA SILVA NASCIMENTO,SAMUEL DA SILVA NASCIMENTO,1,0,1,0,2025-11-19,2025-11-19,1,0,nao,nao
SAMUEL DE AZEVEDO ALVARENGA,SAMUEL DE AZEVEDO ALVARENGA,2,1,1,0,2026-01-22,2026-04-16,1,0,sim,nao
SAMUEL DE MIRANDA DOS SANTOS,SAMUEL DE MIRANDA DOS SANTOS,1,0,1,0,2026-04-16,2026-04-16,1,0,nao,nao
SAMUEL DOS SANTOS,SAMUEL DOS SANTOS,1,0,1,0,2026-04-17,2026-04-17,1,0,nao,nao
SAMUEL FERREIRA MARCOLINO DOS SANTOS,SAMUEL FERREIRA MARCOLINO DOS SANTOS,1,0,1,0,2026-02-12,2026-02-12,1,0,nao,nao
SAMUEL GUILHERME RUSSELL JUNIOR,SAMUEL GUILHERME RUSSELL JUNIOR,1,0,1,0,2026-04-28,2026-04-28,1,1,nao,nao
SAMUEL LIMA DA SILVA,SAMUEL LIMA DA SILVA,1,1,0,0,2026-02-12,2026-02-12,1,0,nao,nao
SAMYA MASSARI LIMA,SÂMYA MASSARI LIMA,1,0,1,0,2024-12-05,2024-12-05,1,0,nao,nao
SAMYR MELO BIANCHINI RICHA STORK,SAMYR MELO BIANCHINI RICHA STORK,2,1,1,1,2026-02-11,2026-02-26,1,2,sim,sim
SANDRA BALDINE,SANDRA BALDINE,2,1,1,1,2025-11-25,2025-11-25,2,1,sim,sim
SANDRA HELENA DA SILVA SANTOS ALBUQUERQUE,SANDRA HELENA DA SILVA SANTOS ALBUQUERQUE,1,1,0,0,2026-04-14,2026-04-14,0,1,nao,nao
SANDRA JOSE,SANDRA JOSE,1,1,0,0,2026-02-26,2026-02-26,1,0,nao,nao
SANDRA MARIA COSTA,SANDRA MARIA COSTA,1,1,0,0,2025-11-05,2025-11-05,0,1,nao,nao
SANDRA MARIA VIEGAS DA SILVA,SANDRA MARIA VIEGAS DA SILVA,1,0,1,0,2024-12-02,2024-12-02,1,1,nao,nao
SANDRA NAZARETH MARTINS,SANDRA NAZARETH MARTINS,1,0,1,0,2026-03-20,2026-03-20,1,1,nao,nao
SANDRA PERRONI ELEUTERIO,SANDRA PERRONI ELEUTÉRIO,1,0,1,0,2024-11-25,2024-11-25,1,1,nao,nao
SANDRA REGINA CAMPOS DO EGITO,SANDRA REGINA CAMPOS DO EGITO,1,0,1,0,2026-04-28,2026-04-28,1,0,nao,nao
SANDRA REGINA FAILLACE,SANDRA REGINA FAILLACE,2,1,1,0,2025-11-19,2026-03-20,1,2,sim,nao
SANDRO ALEXANDRE DA SILVA,SANDRO ALEXANDRE DA SILVA,1,0,1,0,2024-10-16,2024-10-16,1,1,nao,nao
SANDRO CARNEIRO MONTEIRO MEIRELLES,SANDRO CARNEIRO MONTEIRO MEIRELLES,1,1,0,0,2024-11-12,2024-11-12,0,0,nao,nao
SANDRO CLAUDINO DAS CHAGAS,SANDRO CLAUDINO DAS CHAGAS,1,1,0,0,2026-01-14,2026-01-14,1,0,nao,nao
SANDRO DA SILVA CUNHA,SANDRO DA SILVA CUNHA,1,0,1,0,2026-04-28,2026-04-28,1,0,nao,nao
SANDRO DE SOUZA MARTINIANO,SANDRO DE SOUZA MARTINIANO,2,2,0,0,2026-03-09,2026-03-09,0,0,nao,nao
SANDRO DO VAL,SANDRO DO VAL,1,1,0,0,2026-01-09,2026-01-09,1,1,nao,nao
SANDRO JORGE FELICIDADE DOS PASSOS,SANDRO JORGE FELICIDADE DOS PASSOS,2,1,1,0,2026-02-05,2026-03-19,1,0,sim,nao
SANDRO JOSE AUGUSTO DE CAMPOS,SANDRO JOSE AUGUSTO DE CAMPOS,1,0,1,0,2026-04-17,2026-04-17,1,0,nao,nao
SANDRO LUIZ VIEIRA DE SOUZA,SANDRO LUIZ VIEIRA DE SOUZA,1,0,1,0,2026-03-04,2026-03-04,1,1,nao,nao
SANDRO PINTO DRUMOND CRESPO,SANDRO PINTO DRUMOND CRESPO,1,0,1,0,2026-04-16,2026-04-16,1,0,nao,nao
SANDRO RAMOS FECHO,SANDRO RAMOS FECHO,1,1,0,0,2026-03-26,2026-03-26,0,0,nao,nao
SANDRO TAVARES DE LIMA,SANDRO TAVARES DE LIMA,1,0,1,0,2026-03-26,2026-03-26,1,0,nao,nao
SANTIAGO DE QUEIROZ ALENCAR,SANTIAGO DE QUEIROZ ALENCAR,1,1,0,0,2026-01-12,2026-01-12,1,0,nao,nao
SARA MARIA DE ALMEIDA BARBOSA,SARA MARIA DE ALMEIDA BARBOSA,1,1,0,0,2024-11-04,2024-11-04,1,1,nao,nao
SASHA YLIA BENTES VELHO DA SILVA,SASHA YLIA BENTES VELHO DA SILVA,1,1,0,0,2026-02-04,2026-02-04,0,1,nao,nao
SAULO NONATO COSTA,SAULO NONATO COSTA,1,1,0,0,2024-12-16,2024-12-16,1,1,nao,nao
SA￾MIR FERREIRA BARBOSA NEHME,SA￾MIR FERREIRA BARBOSA NEHME,1,0,1,0,2024-12-02,2024-12-02,1,0,nao,nao
SA￾MUEL SILVA DA COSTA,SA￾MUEL SILVA DA COSTA,1,0,1,0,2024-10-11,2024-10-11,1,0,nao,nao
SA￾RA FERNANDA DE OLIVEIRA FERREIRA,SA￾RA FERNANDA DE OLIVEIRA FERREIRA,1,0,1,0,2024-11-04,2024-11-04,1,1,nao,nao
SCHEILLA PELUSO ROSSI,SCHEILLA PELUSO ROSSI,1,1,0,0,2024-11-07,2024-11-07,0,1,nao,nao
SEBASTIAO ADILSON GUALTIERI DE FARIA,SEBASTIÃO ADILSON GUALTIERI DE FARIA,1,1,0,0,2024-12-18,2024-12-18,0,1,nao,nao
SEBASTIAO MOTA JUNIOR,SEBASTIAO MOTA JUNIOR,1,1,0,0,2026-01-30,2026-01-30,0,0,nao,nao
SEBASTIAO TULIO ALVES FERREIRA,SEBASTIAO TULIO ALVES FERREIRA,1,0,1,0,2026-04-10,2026-04-10,1,0,nao,nao
SERGIO CAETANO ALVES,SERGIO CAETANO ALVES,1,1,0,0,2026-03-02,2026-03-02,0,0,nao,nao
SERGIO CAETANO DE FREITAS,SERGIO CAETANO DE FREITAS,1,0,1,0,2026-01-15,2026-01-15,1,1,nao,nao
SERGIO CALMON DA COSTA,SERGIO CALMON DA COSTA,1,0,1,0,2026-02-02,2026-02-02,1,0,nao,nao
SERGIO CONCEICAO NUNES FILHO,SERGIO CONCEICAO NUNES FILHO,1,1,0,0,2026-04-15,2026-04-15,0,1,nao,nao
SERGIO DA FONSECA DE OLIVEIRA,SERGIO DA FONSECA DE OLIVEIRA,1,0,1,0,2026-03-27,2026-03-27,1,1,nao,nao
SERGIO DE ABREU COSTENPLATE,SÉRGIO DE ABREU COSTENPLATE,2,1,1,1,2024-11-08,2024-11-08,1,1,sim,sim
SERGIO DE FREITAS,SERGIO DE FREITAS,1,0,1,0,2026-01-07,2026-01-07,1,0,nao,nao
SERGIO DE OLIVEIRA GRIJO,SERGIO DE OLIVEIRA GRIJO,1,1,0,0,2025-12-11,2025-12-11,1,1,nao,nao
SERGIO DOS SANTOS VIDAL,SERGIO DOS SANTOS VIDAL,1,0,1,0,2024-11-01,2024-11-01,0,0,nao,nao
SERGIO EDUARDO LOMBA DE ARAUJO,SÉRGIO EDUARDO LOMBA DE ARAÚJO,1,1,0,0,2024-10-01,2024-10-01,0,1,nao,nao
SERGIO FELIPE CARDOSO DE SOUZA FERREIRA,SERGIO FELIPE CARDOSO DE SOUZA FERREIRA,1,1,0,0,2026-02-05,2026-02-05,0,0,nao,nao
SERGIO FERNANDO DE AMARAL CHAVES JUNIOR,SERGIO FERNANDO DE AMARAL CHAVES JUNIOR,2,1,1,0,2024-12-02,2026-03-19,1,1,sim,nao
SERGIO GUILHERME DOS SANTOS,SERGIO GUILHERME DOS SANTOS,1,0,1,0,2026-04-17,2026-04-17,1,1,nao,nao
SERGIO GUILHERME FERREIRA BRAUNIGER,SERGIO GUILHERME FERREIRA BRAUNIGER,1,1,0,0,2024-10-10,2024-10-10,1,1,nao,nao
SERGIO LAPA RIBEIRO DA SILVA,SERGIO LAPA RIBEIRO DA SILVA,1,1,0,0,2026-01-30,2026-01-30,1,1,nao,nao
SERGIO LUIZ DE ARAUJO FILHO,SERGIO LUIZ DE ARAUJO FILHO,1,0,1,0,2026-02-02,2026-02-02,1,1,nao,nao
SERGIO LUIZ FERNANDES PINA,SERGIO LUIZ FERNANDES PINA,1,1,0,0,2025-12-17,2025-12-17,0,1,nao,nao
SERGIO LUIZ JUSTO DA SILVA,SERGIO LUIZ JUSTO DA SILVA,2,1,1,1,2024-10-23,2024-10-23,2,1,sim,sim
SERGIO MURILO ALVES DE MELLO,SERGIO MURILO ALVES DE MELLO,1,1,0,0,2026-01-08,2026-01-08,0,1,nao,nao
SERGIO PEIXOTO DOS SANTOS FILHO,SERGIO PEIXOTO DOS SANTOS FILHO,1,1,0,0,2026-03-24,2026-03-24,1,0,nao,nao
SERGIO PIMENTEL BORGES DA CUNHA,SERGIO PIMENTEL BORGES DA CUNHA,2,1,1,1,2026-04-29,2026-04-29,2,2,sim,sim
SERGIO RICARDO DE OLIVEIRA CAPINAN,SERGIO RICARDO DE OLIVEIRA CAPINAN,2,1,1,1,2026-01-22,2026-01-29,2,2,sim,sim
SERGIO RICARDO DOS SANTOS,SERGIO RICARDO DOS SANTOS,1,0,1,0,2026-04-17,2026-04-17,1,0,nao,nao
SERGIO RICARDO SANTOS,SÉRGIO RICARDO SANTOS,1,1,0,0,2024-11-14,2024-11-14,0,0,nao,nao
SERGIO RODRIGUES BANDEIRA,SERGIO RODRIGUES BANDEIRA,1,1,0,0,2026-02-03,2026-02-03,0,1,nao,nao
SERGIO RYTHOLZ,SERGIO RYTHOLZ,1,1,0,0,2025-12-02,2025-12-02,0,1,nao,nao
SERGIO SAHIONE FERREIRA,SÉRGIO SAHIONE FERREIRA,3,2,1,1,2026-04-13,2026-04-22,3,3,sim,sim
SERGIO SERRANO DE MATTOS,SERGIO SERRANO DE MATTOS,1,1,0,0,2026-03-19,2026-03-19,1,0,nao,nao
SERGIO TAVARES ROMAY,SERGIO TAVARES ROMAY,2,1,1,1,2026-03-19,2026-03-19,2,0,sim,sim
SERGIONOR BAPTISTA DE OLIVEIRA,SERGIONOR BAPTISTA DE OLIVEIRA,1,0,1,0,2026-04-08,2026-04-08,1,0,nao,nao
SER￾GIO GUILHERME FERREIRA BRAUNIGER,SER￾GIO GUILHERME FERREIRA BRAUNIGER,1,0,1,0,2024-10-10,2024-10-10,1,0,nao,nao
SER￾GIO MARCOLINI,SER￾GIO MARCOLINI,1,0,1,0,2024-10-23,2024-10-23,1,1,nao,nao
SHAROLY GASPAR GOMES,SHAROLY GASPAR GOMES,1,1,0,0,2026-02-05,2026-02-05,1,1,nao,nao
SHAYANE DA SILVA DO NASCIMENTO,SHAYANE DA SILVA DO NASCIMENTO,1,1,0,0,2026-03-25,2026-03-25,1,0,nao,nao
SHEILA DE MORAES FAYA RODRIGUES,SHEILA DE MORAES FAYA RODRIGUES,1,0,1,0,2026-04-17,2026-04-17,1,0,nao,nao
SHELYDA BASTOS DIAS VIEIRA,SHELYDA BASTOS DIAS VIEIRA,1,0,1,0,2026-01-26,2026-01-26,1,0,nao,nao
SHERON TAVARES DA SILVA,SHERON TAVARES DA SILVA,2,1,1,0,2024-10-25,2026-03-23,1,2,sim,nao
SHIRLEY DE MATOS LIMA,SHIRLEY DE MATOS LIMA,1,0,1,0,2026-04-17,2026-04-17,1,1,nao,nao
SIDICLEI DIAS DE AZEVEDO,SIDICLEI DIAS DE AZEVEDO,1,0,1,0,2026-04-15,2026-04-15,1,1,nao,nao
SIDILEINA OLIVEIRA DIAS DE JESUS,SIDILEINA OLIVEIRA DIAS DE JESUS,1,1,0,0,2024-10-01,2024-10-01,0,1,nao,nao
SIDNALDO DOS SANTOS SILVA,SIDNALDO DOS SANTOS SILVA,2,1,1,0,2025-11-12,2026-04-08,1,1,sim,nao
SIDNEI JOSE DA COSTA JUNIOR,SIDNEI JOSE DA COSTA JUNIOR,2,1,1,1,2024-11-06,2024-11-06,1,1,sim,sim
SIDNEY BORGES DE SOUZA,SIDNEY BORGES DE SOUZA,2,2,0,0,2025-11-28,2025-12-01,2,2,nao,nao
SIDNEY SILVA GUEDES,SIDNEY SILVA GUEDES,1,0,1,0,2024-11-01,2024-11-01,1,0,nao,nao
SILAS JOAQUIM DA SILVA JUNIOR,SILAS JOAQUIM DA SILVA JUNIOR,1,1,0,0,2025-11-12,2025-11-12,0,0,nao,nao
SILAS PEREIRA DE REZENDE,SILAS PEREIRA DE REZENDE,1,1,0,0,2025-12-23,2025-12-23,1,0,nao,nao
SILMAR CAVALIERI JUNIOR,SILMAR CAVALIERI JUNIOR,2,1,1,0,2024-11-04,2026-01-09,2,1,sim,nao
SILMARA CESAR DE MORAIS,SILMARA CESAR DE MORAIS,1,1,0,0,2026-04-14,2026-04-14,0,1,nao,nao
SILVANA FLORES DE OLIVEIRA SILVA,SILVANA FLORES DE OLIVEIRA SILVA,1,1,0,0,2026-03-26,2026-03-26,1,1,nao,nao
SILVANA SOARES DE ARAUJO,SILVANA SOARES DE ARAUJO,1,1,0,0,2026-02-10,2026-02-10,1,0,nao,nao
SILVANIA AUGUSTA DE JESUS DE SOUSA,SILVANIA AUGUSTA DE JESUS DE SOUSA,3,1,2,1,2024-12-09,2026-03-24,2,3,sim,sim
SILVANIA RODRIGUES MACIEL,SILVANIA RODRIGUES MACIEL,1,1,0,0,2026-03-17,2026-03-17,0,1,nao,nao
SILVANO DA SILVA PERIM,SILVANO DA SILVA PERIM,1,1,0,0,2026-03-10,2026-03-10,1,1,nao,nao
SILVIA BEATRIZ DE PAULA ESTEVES AREAL,SILVIA BEATRIZ DE PAULA ESTEVES AREAL,1,1,0,0,2024-10-31,2024-10-31,0,1,nao,nao
SILVIA HELENA DE CARVALHO MARTINS,SILVIA HELENA DE CARVALHO MARTINS,1,1,0,0,2024-11-25,2024-11-25,0,0,nao,nao
SILVIA KELLEN DO NASCIMENTO FRANCO MENEZES,SILVIA KELLEN DO NASCIMENTO FRANCO MENEZES,1,0,1,0,2026-03-20,2026-03-20,1,1,nao,nao
SILVIA LETICIA DA SILVA RODRIGUES,SILVIA LETICIA DA SILVA RODRIGUES,1,1,0,0,2025-11-18,2025-11-18,0,1,nao,nao
SILVIA ROSA BLUMBERG,SILVIA ROSA BLUMBERG,1,0,1,0,2024-11-21,2024-11-21,1,0,nao,nao
SILVIO DA SILVA BRUM JUNIOR,SILVIO DA SILVA BRUM JUNIOR,1,1,0,0,2026-02-26,2026-02-26,1,1,nao,nao
SILVIO DIAS BLANK,SILVIO DIAS BLANK,1,0,1,0,2026-04-22,2026-04-22,1,1,nao,nao
SILVIO DOS SANTOS SOUZA,SILVIO DOS SANTOS SOUZA,1,0,1,0,2024-11-21,2024-11-21,1,0,nao,nao
SILVIO FAUSTINO JUNIOR,SILVIO FAUSTINO JUNIOR,1,0,1,0,2025-11-05,2025-11-05,1,0,nao,nao
SILVIO SILVA DOS SANTOS,SILVIO SILVA DOS SANTOS,1,1,0,0,2025-12-29,2025-12-29,1,0,nao,nao
SILVIO STUCCHI NETO,SILVIO STUCCHI NETO,1,1,0,0,2025-12-23,2025-12-23,0,0,nao,nao
SIL￾VIA FERRO KNAPP DE ALMEIDA,SIL￾VIA FERRO KNAPP DE ALMEIDA,1,0,1,0,2024-10-17,2024-10-17,1,0,nao,nao
SIMONE APARECIDA MENEZES DE ABREU,SIMONE APARECIDA MENEZES DE ABREU,1,0,1,0,2024-11-21,2024-11-21,1,0,nao,nao
SIMONE BISPO DA SILVA,SIMONE BISPO DA SILVA,1,1,0,0,2024-11-06,2024-11-06,0,1,nao,nao
SIMONE BORGES RODRIGUES,SIMONE BORGES RODRIGUES,1,1,0,0,2026-02-12,2026-02-12,1,0,nao,nao
SIMONE CELESTINO MONTEIRO CUNHA,SIMONE CELESTINO MONTEIRO CUNHA,1,0,1,0,2026-03-02,2026-03-02,1,1,nao,nao
SIMONE DA CUNHA TOURINO BARROS,SIMONE DA CUNHA TOURINO BARROS,1,0,1,0,2025-11-19,2025-11-19,1,1,nao,nao
SIMONE DE MORAES ASSIS,SIMONE DE MORAES ASSIS,1,0,1,0,2026-03-05,2026-03-05,1,1,nao,nao
SIMONE MACHADO DOS SANTOS,SIMONE MACHADO DOS SANTOS,1,0,1,0,2025-11-19,2025-11-19,1,1,nao,nao
SIMONE MACHADO MOSA FERNANDES,SIMONE MACHADO MOSA FERNANDES,1,0,1,0,2026-01-09,2026-01-09,1,1,nao,nao
SIMONE SOUZA PAULO,SIMONE SOUZA PAULO,1,0,1,0,2026-04-16,2026-04-16,1,0,nao,nao
SIMONE VIANA DA SILVA TUPINAMBA BORGES,SIMONE VIANA DA SILVA TUPINAMBA BORGES,1,1,0,0,2026-02-27,2026-02-27,1,0,nao,nao
SIMONE VIEIRA CUPELLO,SIMONE VIEIRA CUPELLO,1,0,1,0,2024-11-01,2024-11-01,1,1,nao,nao
SINTILAINE ALESSANDRA DE SOUZA SILVA,SINTILAINE ALESSANDRA DE SOUZA SILVA,1,1,0,0,2026-03-19,2026-03-19,0,1,nao,nao
SIVALDO RAMOS JUNIOR,SIVALDO RAMOS JUNIOR,1,1,0,0,2026-03-23,2026-03-23,0,0,nao,nao
SI￾VALDO RAMOS JUNIOR,SI￾VALDO RAMOS JUNIOR,1,0,1,0,2024-11-12,2024-11-12,1,0,nao,nao
SOCRATES KROBEL BACELAR,SÓCRATES KROBEL BACELAR,2,1,1,1,2024-10-21,2024-10-31,2,2,sim,sim
SOLANGE CONCEICAO KLEIN MARINO ESPINGARDEIRO,SOLANGE CONCEICAO KLEIN MARINO ESPINGARDEIRO,1,0,1,0,2026-04-13,2026-04-13,1,1,nao,nao
SOLANGE JORGE DA SILVA,SOLANGE JORGE DA SILVA,1,0,1,0,2024-10-31,2024-10-31,1,0,nao,nao
SOLANGE MARIA GOMES SILVA,SOLANGE MARIA GOMES SILVA,2,1,1,0,2026-01-29,2026-04-28,2,0,sim,nao
SOLANGE MENEZES DA COSTA,SOLANGE MENEZES DA COSTA,1,1,0,0,2024-11-13,2024-11-13,0,0,nao,nao
SONIA CUINAS DE ANDRADE,SONIA CUINAS DE ANDRADE,1,0,1,0,2026-04-16,2026-04-16,1,1,nao,nao
SONIA GLORIA MARIA PEREIRA NEVES,SONIA GLORIA MARIA PEREIRA NEVES,2,1,1,1,2024-10-18,2024-10-18,2,0,sim,sim
SONIA MARIA CRUZ DA CONCEICAO,SONIA MARIA CRUZ DA CONCEICAO,1,1,0,0,2026-03-24,2026-03-24,1,0,nao,nao
SONIA NUNES,SONIA NUNES,1,0,1,0,2026-04-17,2026-04-17,1,0,nao,nao
SONIA PEREIRA LESSA,SONIA PEREIRA LESSA,1,1,0,0,2026-03-19,2026-03-19,1,1,nao,nao
SONIA REGINA SOARES SILVA,SONIA REGINA SOARES SILVA,1,1,0,0,2025-11-27,2025-11-27,0,0,nao,nao
SONIA REGINA TEIXEIRA DA CRUZ,SONIA REGINA TEIXEIRA DA CRUZ,1,0,1,0,2026-03-11,2026-03-11,1,1,nao,nao
SONIA SIMOES CAMANHO,SONIA SIMOES CAMANHO,1,1,0,0,2026-01-15,2026-01-15,1,1,nao,nao
SOPHIA DE SOUZA RODRIGUES,SOPHIA DE SOUZA RODRIGUES,1,0,1,0,2026-04-29,2026-04-29,1,1,nao,nao
SORAYA GRACA MOREIRA FRANCISCO,SORAYA GRACA MOREIRA FRANCISCO,1,1,0,0,2026-03-05,2026-03-05,1,1,nao,nao
SORAYA PEREIRA DE CARVALHO CABO,SORAYA PEREIRA DE CARVALHO CABO,1,1,0,0,2026-02-03,2026-02-03,1,1,nao,nao
SO￾LANYELLEN CRISTIANO DO NASCIMENTO,SO￾LANYELLEN CRISTIANO DO NASCIMENTO,1,0,1,0,2024-10-31,2024-10-31,1,0,nao,nao
SO￾NIA MARIA ALVES MOTA,SO￾NIA MARIA ALVES MOTA,1,0,1,0,2024-11-04,2024-11-04,1,1,nao,nao
SO￾RAYA GRACA MOREIRA FRANCISCO,SO￾RAYA GRAÇA MOREIRA FRANCISCO,1,0,1,0,2024-11-11,2024-11-11,1,1,nao,nao
STEEVE PEREIRA DA SILVA,STEEVE PEREIRA DA SILVA,1,1,0,0,2025-12-03,2025-12-03,1,1,nao,nao
STEFANE LIMA RODRIGUES,STEFANE LIMA RODRIGUES,1,0,1,0,2026-03-02,2026-03-02,1,1,nao,nao
STEFANI CORREA SANTOS,STEFANI CORREA SANTOS,1,1,0,0,2026-03-18,2026-03-18,1,0,nao,nao
STEFANI FERREIRA DO NASCIMENTO,STEFANI FERREIRA DO NASCIMENTO,1,0,1,0,2026-04-17,2026-04-17,1,1,nao,nao
STEFANIE BARRAL GOMES,STEFANIE BARRAL GOMES,1,1,0,0,2026-01-08,2026-01-08,0,0,nao,nao
STEFANY MARLEY PAIVA DOS SANTOS,STEFANY MARLEY PAIVA DOS SANTOS,1,1,0,0,2026-03-02,2026-03-02,1,1,nao,nao
STEFFANI CRISTINA DE OLIVEIRA DURAN,STEFFANI CRISTINA DE OLIVEIRA DURAN,1,1,0,0,2025-11-26,2025-11-26,0,0,nao,nao
STEFFANIE CUNHA SOARES,STEFFANIE CUNHA SOARES,1,0,1,0,2024-10-31,2024-10-31,1,0,nao,nao
STELLA CERQUEIRA DE AMORIM,STELLA CERQUEIRA DE AMORIM,2,1,1,0,2025-11-17,2026-01-22,2,0,sim,nao
STEPHANIE BEZERRA MARTINS COSTA,STEPHANIE BEZERRA MARTINS COSTA,2,1,1,0,2024-12-18,2026-04-15,2,2,sim,nao
STEPHANIE CHAVES PAES,STEPHANIE CHAVES PAES,1,1,0,0,2026-02-27,2026-02-27,0,1,nao,nao
STEPHANIE FERREIRA DA SILVA LIMA,STEPHANIE FERREIRA DA SILVA LIMA,1,1,0,0,2026-03-17,2026-03-17,1,0,nao,nao
STEPHANNIE RODRIGUES MACENA,STEPHANNIE RODRIGUES MACENA,1,1,0,0,2026-02-11,2026-02-11,0,0,nao,nao
STHEFANYE SILVA PAZ,STHEFANYE SILVA PAZ,1,0,1,0,2026-01-29,2026-01-29,1,1,nao,nao
STHEPHANIE GUIMARAES LOPES PINTO,STHEPHANIE GUIMARAES LOPES PINTO,1,1,0,0,2025-12-23,2025-12-23,1,0,nao,nao
SUAMY COSTA DE SOUZA DIAS,SUAMY COSTA DE SOUZA DIAS,1,1,0,0,2026-02-11,2026-02-11,1,0,nao,nao
SUANE DE PAULA CAMILO,SUANE DE PAULA CAMILO,1,1,0,0,2024-11-05,2024-11-05,0,1,nao,nao
SUELI BORGES DE FRANCA SILVA,SUELI BORGES DE FRANÇA SILVA,1,1,0,0,2025-11-05,2025-11-05,0,0,nao,nao
SUELLEN DE SOUSA SOPHIA,SUELLEN DE SOUSA SOPHIA,2,1,1,0,2025-11-05,2026-04-28,2,0,sim,nao
SUELLEN MARTINS DOS SANTOS NASCIMENTO,SUELLEN MARTINS DOS SANTOS NASCIMENTO,1,0,1,0,2024-11-11,2024-11-11,1,0,nao,nao
SUELLEN TOSCANO DE BARROS,SUELLEN TOSCANO DE BARROS,1,0,1,0,2025-12-05,2025-12-05,1,1,nao,nao
SUELY FELIX DA CRUZ COSTA,SUELY FELIX DA CRUZ COSTA,1,0,1,0,2026-03-13,2026-03-13,1,0,nao,nao
SUSAM SILVA LOPES DE AZEVEDO,SUSAM SILVA LOPES DE AZEVEDO,1,0,1,0,2025-12-03,2025-12-03,1,1,nao,nao
SUSANA MARIN VIANNA,SUSANA MARIN VIANNA,1,0,1,0,2024-12-06,2024-12-06,1,0,nao,nao
SUSANA SILVADO CARDOSO,SUSANA SILVADO CARDOSO,2,1,1,1,2025-11-17,2025-11-17,1,0,sim,sim
SUZANA ANDREA FERREIRA DE SOUZA DA SILVA,SUZANA ANDREA FERREIRA DE SOUZA DA SILVA,1,0,1,0,2026-04-14,2026-04-14,1,1,nao,nao
SUZANA DA SILVA MARTINS CORDEIRO,SUZANA DA SILVA MARTINS CORDEIRO,2,1,1,1,2025-12-11,2026-01-28,1,2,sim,sim
SU￾ZANA DA SILVA GOMES,SU￾ZANA DA SILVA GOMES,1,0,1,0,2024-12-02,2024-12-02,1,0,nao,nao
TA - MARA ARAUJO COUTINHO RAPOZO,TA - MARA ARAÚJO COUTINHO RAPOZO,1,0,1,0,2024-11-01,2024-11-01,1,0,nao,nao
TA - TIANA CORREA GOMES,TA - TIANA CORRÊA GOMES,1,0,1,0,2024-11-14,2024-11-14,1,1,nao,nao
TA - TIANA DE ALMEIDA CASTRO E SOUZA,TA - TIANA DE ALMEIDA CASTRO E SOUZA,1,0,1,0,2024-11-29,2024-11-29,1,1,nao,nao
TA - TIANE ANDRADE DE OLIVEIRA,TA - TIANE ANDRADE DE OLIVEIRA,1,0,1,0,2024-12-16,2024-12-16,1,0,nao,nao
TA - TIANE MENEZES DE OLIVEIRA,TA - TIANE MENEZES DE OLIVEIRA,1,0,1,0,2024-12-04,2024-12-04,1,0,nao,nao
TA I A - NE SANTOS ROSA,TA I A - NE SANTOS ROSA,1,0,1,0,2024-10-10,2024-10-10,1,0,nao,nao
TA I S A REZENDE SOARE S,TA I S A REZENDE SOARE S,1,0,1,0,2026-04-27,2026-04-27,1,1,nao,nao
TA I Z CARVALHO MONTEIRO,TA I Z CARVALHO MONTEIRO,1,0,1,0,2026-03-10,2026-03-10,1,0,nao,nao
TABATA MACIEL VALENTE,TABATA MACIEL VALENTE,1,1,0,0,2026-03-20,2026-03-20,1,0,nao,nao
TACIANE BEZERRA BARBOSA,TACIANE BEZERRA BARBOSA,2,1,1,1,2024-11-11,2024-11-12,2,0,sim,sim
TADEU VIEIRA DE SOUZA SANTOS,TADEU VIEIRA DE SOUZA SANTOS,1,1,0,0,2024-12-11,2024-12-11,1,0,nao,nao
TAIANE BEN SALERMO MARTORELLI,TAIANE BEN SALERMO MARTORELLI,2,0,2,0,2026-01-14,2026-01-29,2,0,nao,nao
TAILARA JENIFFER LUCAS,TAILARA JENIFFER LUCAS,1,1,0,0,2026-02-11,2026-02-11,1,0,nao,nao
TAINA ARCHANJO BRAGA MACEDO DA SILVA,TAINA ARCHANJO BRAGA MACEDO DA SILVA,1,0,1,0,2024-12-26,2024-12-26,1,1,nao,nao
TALITA DA SILVA FONSECA,TALITA DA SILVA FONSECA,1,0,1,0,2026-03-17,2026-03-17,1,1,nao,nao
TALLIS AUGUSTO DE SOUZA ARAUJO,TALLIS AUGUSTO DE SOUZA ARAUJO,1,1,0,0,2026-02-03,2026-02-03,0,1,nao,nao
TAMARA DA COSTA PEREIRA,TAMARA DA COSTA PEREIRA,1,1,0,0,2026-03-02,2026-03-02,1,1,nao,nao
TAMARAH BARCELLOS MOREIRA DOS SANTOS DA S I LV E I R A,TAMARAH BARCELLOS MOREIRA DOS SANTOS DA S I LV E I R A,2,1,1,1,2024-11-07,2024-11-22,1,1,sim,sim
TAMIRES CONCEICAO MARIA DE OLIVEIRA,TAMIRES CONCEICAO MARIA DE OLIVEIRA,1,1,0,0,2026-01-14,2026-01-14,1,1,nao,nao
TANIA GAVINHO DA SILVA,TANIA GAVINHO DA SILVA,1,1,0,0,2024-11-11,2024-11-11,0,0,nao,nao
TANIA MARA MORAIS LAWALL SILVEIRA,TANIA MARA MORAIS LAWALL SILVEIRA,1,1,0,0,2025-11-28,2025-11-28,0,1,nao,nao
TANIA MARIA ALEXANDRE DA COSTA ALMEIDA,TÂNIA MARIA ALEXANDRE DA COSTA ALMEIDA,1,1,0,0,2024-12-05,2024-12-05,0,0,nao,nao
TANIA MARIA MARTINS DE CASTRO GOMES,TANIA MARIA MARTINS DE CASTRO GOMES,1,0,1,0,2024-10-15,2024-10-15,1,0,nao,nao
TANIA REGINA HYGINO,TANIA REGINA HYGINO,2,1,1,1,2026-01-14,2026-01-22,1,1,sim,sim
TANNAY BARBOSA DE OLIVEIRA,TANNAY BARBOSA DE OLIVEIRA,1,1,0,0,2024-11-14,2024-11-14,0,1,nao,nao
TANNES DA SILVA BARONE,TANNES DA SILVA BARONE,1,0,1,0,2026-02-09,2026-02-09,1,0,nao,nao
TARCILA GONCALVES DURO,TARCILA GONCALVES DURO,1,1,0,0,2026-01-05,2026-01-05,0,1,nao,nao
TARCISIO DE ARAUJO BEZERRA DA LUZ,TARCÍSIO DE ARAUJO BEZERRA DA LUZ,1,1,0,0,2024-11-13,2024-11-13,1,1,nao,nao
TARIMAR GOMES CUNHA,TARIMAR GOMES CUNHA,2,1,1,1,2024-12-02,2024-12-02,2,1,sim,sim
TASSIO DINIZ VIEIRA,TASSIO DINIZ VIEIRA,2,1,1,1,2025-11-28,2025-11-28,2,1,sim,sim
TATIANA DE ALMEIDA BARRETO,TATIANA DE ALMEIDA BARRETO,1,0,1,0,2026-04-17,2026-04-17,1,1,nao,nao
TATIANA DE ALMEIDA CASTRO E SOUZA,TATIANA DE ALMEIDA CASTRO E SOUZA,1,1,0,0,2024-11-29,2024-11-29,0,1,nao,nao
TATIANA DE PAULA FERNANDES,TATIANA DE PAULA FERNANDES,1,1,0,0,2024-12-11,2024-12-11,0,0,nao,nao
TATIANA DE SOUZA LOBATO,TATIANA DE SOUZA LOBATO,3,2,1,1,2024-11-05,2026-01-14,1,0,sim,sim
TATIANA MARQUES CASTIGLIONE,TATIANA MARQUES CASTIGLIONE,1,0,1,0,2026-03-25,2026-03-25,1,1,nao,nao
TATIANA NICACIO CUNHA,TATIANA NICACIO CUNHA,1,0,1,0,2025-12-15,2025-12-15,1,0,nao,nao
TATIANA OLIVEIRA PEREIRA ROCHA,TATIANA OLIVEIRA PEREIRA ROCHA,1,1,0,0,2024-11-01,2024-11-01,0,0,nao,nao
TATIANA REZENDE LIMA,TATIANA REZENDE LIMA,1,1,0,0,2026-01-21,2026-01-21,1,1,nao,nao
TATIANA RODRIGUES DE SA,TATIANA RODRIGUES DE SÁ,1,0,1,0,2025-11-14,2025-11-14,1,0,nao,nao
TATIANA SANTOS DA SILVA,TATIANA SANTOS DA SILVA,2,1,1,0,2025-12-26,2026-04-28,1,0,sim,nao
TATIANE CAES,TATIANE CAES,1,0,1,0,2026-01-12,2026-01-12,1,1,nao,nao
TATIANE CAMPANHA MENDEL PERDOMO,TATIANE CAMPANHA MENDEL PERDOMO,1,0,1,0,2026-02-23,2026-02-23,1,1,nao,nao
TATIANE CRISTINA FERNANDES RAMALHO,TATIANE CRISTINA FERNANDES RAMALHO,1,1,0,0,2024-10-30,2024-10-30,1,1,nao,nao
TATIANE FERREIRA DA SILVA CORREA,TATIANE FERREIRA DA SILVA CORREA,1,1,0,0,2025-12-11,2025-12-11,0,1,nao,nao
TATIANE SILVA BARBOSA,TATIANE SILVA BARBOSA,1,1,0,0,2024-11-04,2024-11-04,0,0,nao,nao
TATIELLE NORTE DE FRANCA,TATIELLE NORTE DE FRANÇA,1,0,1,0,2024-10-23,2024-10-23,1,1,nao,nao
TAVO ANTUNES MODESTO SCHMIDT,TAVO ANTUNES MODESTO SCHMIDT,1,0,1,0,2026-04-16,2026-04-16,1,0,nao,nao
TAYANE DA SILVA BESERRA,TAYANE DA SILVA BESERRA,1,1,0,0,2026-03-23,2026-03-23,0,1,nao,nao
TAYANE DE SOUZA SILVA,TAYANE DE SOUZA SILVA,1,1,0,0,2026-02-25,2026-02-25,1,0,nao,nao
TAYANE RODRIGUES COSTA LESTAYO,TAYANE RODRIGUES COSTA LESTAYO,1,1,0,0,2026-03-02,2026-03-02,1,1,nao,nao
TAYNA FILIP SOARES,TAYNÁ FILIP SOARES,1,1,0,0,2025-12-23,2025-12-23,1,0,nao,nao
TAYNA ZULMIRA DE CARVALHO,TAYNA ZULMIRA DE CARVALHO,1,0,1,0,2025-12-03,2025-12-03,1,1,nao,nao
TAYNNARA ALVES DA SILVA,TAYNNARA ALVES DA SILVA,1,1,0,0,2026-03-19,2026-03-19,1,1,nao,nao
TAYSSA ANDRADE VIEIRA,TAYSSA ANDRADE VIEIRA,1,0,1,0,2026-02-26,2026-02-26,1,0,nao,nao
TA￾MARA CRISTINA DA SILVA,TÂ￾MARA CRISTINA DA SILVA,1,0,1,0,2024-11-05,2024-11-05,1,1,nao,nao
TCHETCHECO TRINDADE LIMA,TCHETCHECO TRINDADE LIMA,1,0,1,0,2024-10-24,2024-10-24,1,1,nao,nao
TEDY DA SILVA DANTAS,TEDY DA SILVA DANTAS,2,1,1,0,2024-10-18,2026-04-27,2,1,sim,nao
TERESA CRISTINA BARBOSA THOMAS PEDRO,TERESA CRISTINA BARBOSA THOMAS PEDRO,1,0,1,0,2025-12-18,2025-12-18,1,1,nao,nao
TERESA CRISTINA NASCIMENTO DOS SANTOS,TERESA CRISTINA NASCIMENTO DOS SANTOS,1,0,1,0,2026-04-28,2026-04-28,1,0,nao,nao
TERESA SALES MARQUES,TERESA SALES MARQUES,1,1,0,0,2026-03-26,2026-03-26,0,1,nao,nao
TERRY CRISTINE RAMOS NERY RIBEIRO,TERRY CRISTINE RAMOS NERY RIBEIRO,1,0,1,0,2025-11-25,2025-11-25,1,1,nao,nao
THADEU FERNANDES SANTOS,THADEU FERNANDES SANTOS,1,1,0,0,2026-04-14,2026-04-14,0,1,nao,nao
THADEU HENRIQUE SAIEG WERNECK,THADEU HENRIQUE SAIEG WERNECK,3,2,1,0,2026-03-11,2026-03-18,2,0,sim,nao
THAIANA CRISTINA RODRIGUES,THAIANA CRISTINA RODRIGUES,1,1,0,0,2026-02-25,2026-02-25,0,0,nao,nao
THAIANE SOUSA DE ALMEIDA DA SILVA,THAIANE SOUSA DE ALMEIDA DA SILVA,1,1,0,0,2026-03-27,2026-03-27,0,1,nao,nao
THAIANY LETICIA LIMA FENO,THAIANY LETÍCIA LIMA FENO,2,1,1,0,2026-03-13,2026-04-17,2,0,sim,nao
THAINA ALCANTARA E SILVA,THAINÁ ALCÂNTARA E SILVA,1,1,0,0,2024-10-25,2024-10-25,1,1,nao,nao
THAINA CUNHA DE ARAUJO,THAINÁ CUNHA DE ARAUJO,1,1,0,0,2025-12-02,2025-12-02,1,0,nao,nao
THAINA MONTEIRO DOS SANTOS,THAINÁ MONTEIRO DOS SANTOS,1,0,1,0,2025-11-05,2025-11-05,1,0,nao,nao
THAIS ABREU RIBEIRO,THAÍS ABREU RIBEIRO,3,1,2,1,2024-12-05,2026-03-13,3,0,sim,sim
THAIS ALVES BACELLAR,THAIS ALVES BACELLAR,1,0,1,0,2026-04-09,2026-04-09,1,1,nao,nao
THAIS BARREIRA SALES,THAIS BARREIRA SALES,1,0,1,0,2024-10-11,2024-10-11,1,0,nao,nao
THAIS BARRETO SMITH,THAIS BARRETO SMITH,1,1,0,0,2026-01-21,2026-01-21,0,0,nao,nao
THAIS BARRETO THADEU,THAÍS BARRETO THADEU,1,1,0,0,2024-11-01,2024-11-01,0,0,nao,nao
THAIS CAMARGO PACHECO,THAIS CAMARGO PACHECO,2,2,0,0,2024-11-08,2026-03-17,0,1,nao,nao
THAIS CLIMACO CAVALCANTE,THAÍS CLIMACO CAVALCANTE,1,1,0,0,2026-02-12,2026-02-12,1,0,nao,nao
THAIS DA SILVA MARQUES,THAIS DA SILVA MARQUES,1,0,1,0,2026-04-28,2026-04-28,1,0,nao,nao
THAIS DIAS LOPES LEAL,THAIS DIAS LOPES LEAL,1,1,0,0,2024-11-07,2024-11-07,1,1,nao,nao
THAIS ESTEVES DE SOUZA ABRAHAO,THAIS ESTEVES DE SOUZA ABRAHÃO,1,1,0,0,2026-03-25,2026-03-25,1,0,nao,nao
THAIS FATIMA ROCHA FAUSTINO,THAIS FATIMA ROCHA FAUSTINO,1,0,1,0,2025-12-05,2025-12-05,1,0,nao,nao
THAIS FERNANDES MONTEIRO,THAIS FERNANDES MONTEIRO,1,1,0,0,2026-03-18,2026-03-18,1,1,nao,nao
THAIS GOMES DE SOUZA FERNANDES,THAIS GOMES DE SOUZA FERNANDES,2,1,1,0,2024-10-01,2026-04-28,2,0,sim,nao
THAIS LACERDA DE AZEVEDO,THAIS LACERDA DE AZEVEDO,1,1,0,0,2026-03-23,2026-03-23,0,0,nao,nao
THAIS MARTINS SOUSA VIEIRA,THAIS MARTINS SOUSA VIEIRA,1,1,0,0,2026-03-24,2026-03-24,0,1,nao,nao
THAIS MENDEZ TEIXEIRA,THAÍS MENDEZ TEIXEIRA,1,1,0,0,2024-11-01,2024-11-01,0,0,nao,nao
THAIS MUNIZ NAPOLEAO,THAIS MUNIZ NAPOLEÃO,2,1,1,1,2024-10-01,2024-10-01,1,2,sim,sim
THAIS QUINTANILHA DE SOUZA OLIVEIRA,THAIS QUINTANILHA DE SOUZA OLIVEIRA,1,1,0,0,2026-03-26,2026-03-26,1,1,nao,nao
THAIS SOUZA PEREIRA,THAIS SOUZA PEREIRA,1,0,1,0,2026-03-02,2026-03-02,1,1,nao,nao
THAIS VIEIRA RIBEIRO GOMES SIQUEIRA FERNANDES,THAIS VIEIRA RIBEIRO GOMES SIQUEIRA FERNANDES,1,0,1,0,2026-03-02,2026-03-02,1,0,nao,nao
THAISA MAIA COELHO,THAISA MAIA COELHO,1,1,0,0,2025-12-12,2025-12-12,1,0,nao,nao
THAIWAN VITOR DIAS CORREA FRAGA,THAIWAN VITOR DIAS CORREA FRAGA,1,1,0,0,2025-12-10,2025-12-10,1,0,nao,nao
THAIZ PEREIRA DO NASCIMENTO,THAIZ PEREIRA DO NASCIMENTO,2,1,1,1,2026-03-17,2026-03-25,1,2,sim,sim
THALES FERNANDES PONTES FIGUEIREDO,THALES FERNANDES PONTES FIGUEIREDO,2,1,1,0,2026-01-22,2026-04-16,2,0,sim,nao
THALYSON ASSIS DA SILVA,THALYSON ASSIS DA SILVA,1,0,1,0,2026-01-02,2026-01-02,1,0,nao,nao
THAMARA HELLOAR SOUZA MENEZES,THAMARA HELLOAR SOUZA MENEZES,1,0,1,0,2026-04-28,2026-04-28,1,1,nao,nao
THAMIRES DA SILVA PASSOS,THAMIRES DA SILVA PASSOS,1,1,0,0,2024-10-15,2024-10-15,1,0,nao,nao
THAMIRES DE SOUZA LIMA GOMES,THAMIRES DE SOUZA LIMA GOMES,2,2,0,0,2026-02-25,2026-02-25,1,0,nao,nao
THAMIRIS MORAES RODRIGUES DE LIRA,THAMIRIS MORAES RODRIGUES DE LIRA,2,1,1,0,2026-01-22,2026-04-17,2,0,sim,nao
THATIANA GOMES DIAS,THATIANA GOMES DIAS,1,0,1,0,2024-11-04,2024-11-04,1,1,nao,nao
THATIANE GOMES DE OLIVEIRA DOS SANTOS,THATIANE GOMES DE OLIVEIRA DOS SANTOS,1,0,1,0,2026-04-20,2026-04-20,1,1,nao,nao
THATYANE DA FONSECA SALGADO,THATYANE DA FONSECA SALGADO,1,1,0,0,2026-03-18,2026-03-18,1,1,nao,nao
THAUAN LUCENA DOS SANTOS,THAUAN LUCENA DOS SANTOS,2,2,0,0,2026-02-20,2026-02-20,1,1,nao,nao
THAYANE ALVES FRANCO DE SOUZA,THAYANE ALVES FRANCO DE SOUZA,1,0,1,0,2024-10-02,2024-10-02,1,1,nao,nao
THAYANE NOGUEIRA ALVES,THAYANE NOGUEIRA ALVES,3,1,2,1,2025-12-10,2026-04-17,2,1,sim,sim
THAYLANE ANDRADE DO VALLE CORREA,THAYLANE ANDRADE DO VALLE CORREA,1,0,1,0,2026-04-29,2026-04-29,1,1,nao,nao
THAYNA RAMOS MOREIRA DA SILVA,THAYNA RAMOS MOREIRA DA SILVA,1,1,0,0,2026-03-20,2026-03-20,1,1,nao,nao
THAYNARA ROBERTA OLIVEIRA DOS SANTOS,THAYNARA ROBERTA OLIVEIRA DOS SANTOS,4,2,2,2,2024-12-05,2026-03-13,4,0,sim,sim
THAYS PURCINO PEREIRA,THAYS PURCINO PEREIRA,2,1,1,1,2024-11-08,2024-12-11,2,2,sim,sim
THAYS RODRIGUES ALVES,THAYS RODRIGUES ALVES,1,1,0,0,2025-11-17,2025-11-17,1,1,nao,nao
THA￾LITA CASAES SANT'ANA DA SILVA,THA￾LITA CASAES SANT'ANA DA SILVA,1,0,1,0,2024-10-16,2024-10-16,1,0,nao,nao
THELMA LOPES CARLOS GARDAIR,THELMA LOPES CARLOS GARDAIR,2,2,0,0,2026-03-10,2026-03-10,1,2,nao,nao
THEO TEIXEIRA FRANCA,THEO TEIXEIRA FRANCA,1,1,0,0,2026-03-04,2026-03-04,0,0,nao,nao
THEREZINHA COELHO DE SOUZA,THEREZINHA COELHO DE SOUZA,1,0,1,0,2024-11-07,2024-11-07,1,1,nao,nao
THIAGO BARROS DA ROCHA LIMA,THIAGO BARROS DA ROCHA LIMA,2,1,1,1,2024-10-25,2024-10-25,1,2,sim,sim
THIAGO BERNARDO FERREIRA,THIAGO BERNARDO FERREIRA,1,0,1,0,2024-10-16,2024-10-16,1,1,nao,nao
THIAGO CAVALCANTI BARROS GONCALVES,THIAGO CAVALCANTI BARROS GONCALVES,1,0,1,0,2026-04-17,2026-04-17,1,0,nao,nao
THIAGO DA SILVA COUTO,THIAGO DA SILVA COUTO,2,1,1,1,2026-03-11,2026-03-17,1,1,sim,sim
THIAGO DA SILVA MISSEL,THIAGO DA SILVA MISSEL,2,2,0,0,2026-02-26,2026-02-27,1,0,nao,nao
THIAGO DA SILVA QUINTO,THIAGO DA SILVA QUINTO,1,0,1,0,2026-03-27,2026-03-27,1,0,nao,nao
THIAGO DE GOUVEA GONCALVES,THIAGO DE GOUVÊA GONÇALVES,1,0,1,0,2024-10-24,2024-10-24,1,1,nao,nao
THIAGO DE OLIVEIRA CERQUEIRA,THIAGO DE OLIVEIRA CERQUEIRA,1,0,1,0,2026-03-13,2026-03-13,1,1,nao,nao
THIAGO DE OLIVEIRA FERNANDES,THIAGO DE OLIVEIRA FERNANDES,1,1,0,0,2026-02-03,2026-02-03,0,1,nao,nao
THIAGO DE OLIVEIRA VIEIRA DOS SANTOS,THIAGO DE OLIVEIRA VIEIRA DOS SANTOS,2,0,2,0,2026-02-23,2026-02-23,2,1,nao,nao
THIAGO DOMINGUES DA CONCEICAO,THIAGO DOMINGUES DA CONCEICAO,2,1,1,0,2026-01-19,2026-02-11,1,0,sim,nao
THIAGO FARIA RODRIGUES PEIXOTO,THIAGO FARIA RODRIGUES PEIXOTO,1,0,1,0,2024-10-09,2024-10-09,1,1,nao,nao
THIAGO FERREIRA DA SILVA CANDOZO,THIAGO FERREIRA DA SILVA CANDOZO,1,1,0,0,2026-04-14,2026-04-14,1,1,nao,nao
THIAGO FONSECA E SILVA,THIAGO FONSECA E SILVA,1,0,1,0,2026-03-16,2026-03-16,1,0,nao,nao
THIAGO GONCALVES PEREIRA,THIAGO GONÇALVES PEREIRA,1,1,0,0,2025-12-26,2025-12-26,1,1,nao,nao
THIAGO GUEDES FRANCISCO DA SILVA,THIAGO GUEDES FRANCISCO DA SILVA,2,1,1,0,2024-12-19,2026-04-17,2,1,sim,nao
THIAGO HENRIQUE SILVA E SILVA,THIAGO HENRIQUE SILVA E SILVA,1,0,1,0,2026-01-23,2026-01-23,1,1,nao,nao
THIAGO HENRIQUE ZAMPIERI PEREIRA,THIAGO HENRIQUE ZAMPIERI PEREIRA,1,1,0,0,2025-11-14,2025-11-14,0,1,nao,nao
THIAGO MARQUES LOPES ROCHA,THIAGO MARQUES LOPES ROCHA,2,0,2,0,2024-12-05,2024-12-05,1,2,nao,nao
THIAGO MARQUES PEDRO DE SOUZA,THIAGO MARQUES PEDRO DE SOUZA,1,0,1,0,2026-01-23,2026-01-23,1,1,nao,nao
THIAGO NABHAN TIMBO,THIAGO NABHAN TIMBO,1,0,1,0,2026-01-09,2026-01-09,1,1,nao,nao
THIAGO REZENDE DE LIMA,THIAGO REZENDE DE LIMA,2,1,1,0,2026-03-13,2026-04-28,2,0,sim,nao
THIAGO RIBEIRO DE PAULA JUNIOR,THIAGO RIBEIRO DE PAULA JUNIOR,2,1,1,0,2025-11-06,2026-04-28,2,1,sim,nao
THIAGO RIBEIRO FREIRE,THIAGO RIBEIRO FREIRE,1,0,1,0,2026-02-11,2026-02-11,1,1,nao,nao
THIAGO RODRIGUES DA GAMA,THIAGO RODRIGUES DA GAMA,2,1,1,0,2026-02-02,2026-04-28,2,0,sim,nao
THIAGO SILVA CID DO NASCIMENTO,THIAGO SILVA CID DO NASCIMENTO,2,1,1,0,2024-11-01,2024-11-04,1,0,sim,nao
THIA￾GO FERNANDES GONCALVES,THIA￾GO FERNANDES GONÇALVES,1,0,1,0,2024-10-25,2024-10-25,1,1,nao,nao
THOMAS SOUZA XIMENES,THOMAS SOUZA XIMENES,1,1,0,0,2026-03-20,2026-03-20,0,1,nao,nao
THYAGO COSME DA SILVA,THYAGO COSME DA SILVA,1,1,0,0,2026-01-28,2026-01-28,1,1,nao,nao
THYAGO GUIMARAES SILVA,THYAGO GUIMARAES SILVA,1,0,1,0,2026-01-15,2026-01-15,1,1,nao,nao
TIAGO ALVES BARREIRA,TIAGO ALVES BARREIRA,2,1,1,0,2025-11-18,2026-04-28,2,0,sim,nao
TIAGO BRANDAO PINHEIRO DE MORAES,TIAGO BRANDAO PINHEIRO DE MORAES,1,1,0,0,2026-02-06,2026-02-06,1,0,nao,nao
TIAGO CUSTODIO DE CASTRO,TIAGO CUSTÓDIO DE CASTRO,1,0,1,0,2024-12-05,2024-12-05,1,1,nao,nao
TIAGO DIONISIO DA SILVA,TIAGO DIONISIO DA SILVA,1,1,0,0,2026-03-10,2026-03-10,0,1,nao,nao
TIAGO FERNANDES RAMOS DOS SANTOS,TIAGO FERNANDES RAMOS DOS SANTOS,2,1,1,0,2025-12-10,2026-04-17,2,0,sim,nao
TIAGO MARTINS CARDOSO DE SOUZA,TIAGO MARTINS CARDOSO DE SOUZA,1,1,0,0,2024-11-11,2024-11-11,0,0,nao,nao
TIAGO MOURA COSTA DE BULHOES,TIAGO MOURA COSTA DE BULHOES,1,0,1,0,2026-04-17,2026-04-17,1,1,nao,nao
TIEGO BARBOSA DA SILVA,TIEGO BARBOSA DA SILVA,2,1,1,1,2025-11-25,2025-12-10,2,1,sim,sim
TONI ROBERTO PEREIRA LOPES,TONI ROBERTO PEREIRA LOPES,1,1,0,0,2024-12-06,2024-12-06,1,1,nao,nao
TRICIANE SILVEIRA FERREIRA,TRICIANE SILVEIRA FERREIRA,1,1,0,0,2026-01-07,2026-01-07,1,0,nao,nao
TUANE LOPES DOS SANTOS,TUANE LOPES DOS SANTOS,1,1,0,0,2025-11-28,2025-11-28,1,1,nao,nao
TUANE LUZ,TUANE LUZ,1,0,1,0,2024-11-01,2024-11-01,1,0,nao,nao
UBALDO DO ROSARIO MALECK,UBALDO DO ROSARIO MALECK,1,1,0,0,2026-03-24,2026-03-24,1,0,nao,nao
UBIRATAN ALBERTINI DA SILVA,UBIRATAN ALBERTINI DA SILVA,1,1,0,0,2026-03-24,2026-03-24,0,1,nao,nao
UBIRATAN GOMES DO ROSARIO,UBIRATAN GOMES DO ROSARIO,1,0,1,0,2026-01-14,2026-01-14,1,1,nao,nao
UBIRATAN MARIANO ALVES,UBIRATAN MARIANO ALVES,1,1,0,0,2025-11-28,2025-11-28,1,1,nao,nao
UBIRATAN OLIVEIRA DOS SANTOS,UBIRATAN OLIVEIRA DOS SANTOS,1,1,0,0,2026-01-19,2026-01-19,1,0,nao,nao
UILIAN SANTOS OLIVEIRA,UILIAN SANTOS OLIVEIRA,1,1,0,0,2026-04-14,2026-04-14,0,0,nao,nao
UINA SPENCER PINA,UINA SPENCER PINA,2,1,1,1,2026-03-13,2026-03-13,2,1,sim,sim
UI￾LIAM TADIM SOARES,UI￾LIAM TADIM SOARES,1,0,1,0,2024-11-01,2024-11-01,1,0,nao,nao
ULIVIA SOARES MARTINS DOS SANTOS,ULIVIA SOARES MARTINS DOS SANTOS,1,0,1,0,2026-04-17,2026-04-17,1,0,nao,nao
ULLISSES MARTINS GOMES,ULLISSES MARTINS GOMES,1,1,0,0,2026-03-10,2026-03-10,1,0,nao,nao
URANIS DAVID DE ASSUMPCAO,URANIS DAVID DE ASSUMPÇÃO,1,0,1,0,2024-10-23,2024-10-23,1,1,nao,nao
URSULA BONOMO ABELHA,URSULA BONOMO ABELHA,2,1,1,1,2026-03-20,2026-04-14,2,1,sim,sim
URUAN CINTRA DE ANDRADE,URUAN CINTRA DE ANDRADE,1,0,1,0,2026-03-20,2026-03-20,1,0,nao,nao
USANDO DAS ATRIBUI￾COES QUE LHE FORAM CONFERIDAS PELO,USANDO DAS ATRIBUI￾ÇÕES QUE LHE FORAM CONFERIDAS PELO,1,1,0,0,2024-11-07,2024-11-07,0,1,nao,nao
V I TO R I A VALESKA FARIAS FERREIRA,V I TO R I A VALESKA FARIAS FERREIRA,1,0,1,0,2026-03-23,2026-03-23,1,0,nao,nao
VA - LERIA AFFONSO RIBEIRO,VA - LERIA AFFONSO RIBEIRO,1,0,1,0,2024-11-11,2024-11-11,1,0,nao,nao
VA - LERIA FARIA COSTA,VA - LERIA FARIA COSTA,1,0,1,0,2024-12-05,2024-12-05,1,1,nao,nao
VA - NESSA BRAULINO BARBOZA,VA - NESSA BRAULINO BARBOZA,1,0,1,0,2024-12-05,2024-12-05,1,0,nao,nao
VA N - DETE MARIA SOARES,VA N - DETE MARIA SOARES,1,0,1,0,2024-10-11,2024-10-11,1,0,nao,nao
VA N J A HELENA DE SOUZA GUEDES,VA N J A HELENA DE SOUZA GUEDES,1,0,1,0,2026-03-05,2026-03-05,1,1,nao,nao
VALDECI ALVES DA ROSA,VALDECI ALVES DA ROSA,2,1,1,0,2026-02-20,2026-04-28,2,0,sim,nao
VALDEILZO SOARES DA SILVA,VALDEILZO SOARES DA SILVA,1,1,0,0,2026-01-19,2026-01-19,0,0,nao,nao
VALENTINA SOARES ROCHA ALVES,VALENTINA SOARES ROCHA ALVES,1,1,0,0,2026-01-15,2026-01-15,0,1,nao,nao
VALERIA ABREU RIBEIRO,VALERIA ABREU RIBEIRO,1,1,0,0,2025-11-12,2025-11-12,1,1,nao,nao
VALERIA CANUTO RUELA,VALÉRIA CANUTO RUELA,4,3,1,2,2024-10-16,2026-03-11,3,2,sim,sim
VALERIA CARDOSO DA SILVA,VALERIA CARDOSO DA SILVA,1,0,1,0,2024-11-21,2024-11-21,1,0,nao,nao
VALERIA DE LEONI RAMOS DUTRA,VALERIA DE LEONI RAMOS DUTRA,2,0,2,0,2026-03-10,2026-03-10,1,0,nao,nao
VALERIA DE SOUZA KUBIS,VALERIA DE SOUZA KUBIS,1,0,1,0,2026-03-02,2026-03-02,1,1,nao,nao
VALERIA DO CARMO SILVA,VALERIA DO CARMO SILVA,1,0,1,0,2026-03-17,2026-03-17,1,0,nao,nao
VALERIA FARAH,VALÉRIA FARAH,1,1,0,0,2026-03-24,2026-03-24,1,0,nao,nao
VALERIA FARIA COSTA,VALERIA FARIA COSTA,1,1,0,0,2024-12-05,2024-12-05,0,1,nao,nao
VALERIA FERREIRA DOS SANTOS,VALÉRIA FERREIRA DOS SANTOS,1,1,0,0,2025-11-10,2025-11-10,0,1,nao,nao
VALERIA MARIA DA SILVA RODRIGUES ALVES,VALERIA MARIA DA SILVA RODRIGUES ALVES,1,0,1,0,2026-03-17,2026-03-17,1,1,nao,nao
VALERIA MARIA DO NASCIMENTO RONFINO,VALERIA MARIA DO NASCIMENTO RONFINO,1,1,0,0,2024-11-04,2024-11-04,0,1,nao,nao
VALERIA PEDROZA MENDES,VALERIA PEDROZA MENDES,1,1,0,0,2026-02-02,2026-02-02,0,0,nao,nao
VALERIO GUILHERME VON SEEHAUSEN,VALÉRIO GUILHERME VON SEEHAUSEN,1,0,1,0,2024-12-04,2024-12-04,1,1,nao,nao
VALESCA STUART VILACA,VALESCA STUART VILAÇA,2,1,1,1,2024-12-10,2024-12-10,2,2,sim,sim
VALFREDO BATISTA DOS SANTOS NETO,VALFREDO BATISTA DOS SANTOS NETO,2,1,1,1,2026-03-19,2026-03-23,1,2,sim,sim
VALMIR MENDES VIRTUOSO FILHO,VALMIR MENDES VIRTUOSO FILHO,1,0,1,0,2024-10-01,2024-10-01,1,0,nao,nao
VALMIR SEBASTIAO DA CONCEICAO NUNES,VALMIR SEBASTIAO DA CONCEICAO NUNES,1,0,1,0,2026-03-19,2026-03-19,1,1,nao,nao
VALTER DE OLIVEIRA FERRAZ,VALTER DE OLIVEIRA FERRAZ,2,1,1,1,2025-11-07,2025-11-07,2,2,sim,sim
VALTER DOS SANTOS NERY,VALTER DOS SANTOS NERY,1,1,0,0,2026-01-12,2026-01-12,1,0,nao,nao
VANDACI ASSIS DA FONSECA,VANDACI ASSIS DA FONSECA,1,0,1,0,2026-04-27,2026-04-27,1,1,nao,nao
VANDECI CRUZ DE ANDRADE,VANDECI CRUZ DE ANDRADE,3,2,1,0,2025-11-14,2026-04-28,2,0,sim,nao
VANDERLANHE SOARES DE LIMA SILVA,VANDERLANHE SOARES DE LIMA SILVA,3,1,2,0,2024-12-02,2026-04-17,3,2,sim,nao
VANDERLEA SOARES DE LIMA,VANDERLEA SOARES DE LIMA,1,0,1,0,2026-04-17,2026-04-17,1,1,nao,nao
VANDERLENE DA SILVA TOLEDO LIMA,VANDERLENE DA SILVA TOLEDO LIMA,1,0,1,0,2025-11-24,2025-11-24,1,0,nao,nao
VANDERSON DA ROCHA SANTOS,VANDERSON DA ROCHA SANTOS,1,0,1,0,2026-03-16,2026-03-16,1,1,nao,nao
VANDRO LOPES GONCALVES,VANDRO LOPES GONÇALVES,2,1,1,0,2024-12-17,2026-03-20,1,0,sim,nao
VANESSA AZEVEDO DA MOTTA,VANESSA AZEVEDO DA MOTTA,2,1,1,1,2026-03-17,2026-03-17,2,2,sim,sim
VANESSA BARBOSA DE OLIVEIRA SANTOS,VANESSA BARBOSA DE OLIVEIRA SANTOS,1,1,0,0,2026-01-27,2026-01-27,0,0,nao,nao
VANESSA BATISTA PACHECO,VANESSA BATISTA PACHECO,1,1,0,0,2026-03-20,2026-03-20,1,1,nao,nao
VANESSA BRAULINO BARBOZA,VANESSA BRAULINO BARBOZA,2,2,0,0,2024-11-05,2024-12-05,0,0,nao,nao
VANESSA CRISTINE CARDOZO CUNHA,VANESSA CRISTINE CARDOZO CUNHA,1,1,0,0,2024-12-05,2024-12-05,0,1,nao,nao
VANESSA DA SILVA BRAGA,VANESSA DA SILVA BRAGA,1,1,0,0,2024-11-01,2024-11-01,0,0,nao,nao
VANESSA DA SILVA LEAL,VANESSA DA SILVA LEAL,1,1,0,0,2024-11-07,2024-11-07,0,0,nao,nao
VANESSA DA SILVA SANTOS SOARES,VANESSA DA SILVA SANTOS SOARES,1,1,0,0,2026-01-27,2026-01-27,1,1,nao,nao
VANESSA MUNIQUE DA SILVA XAVIER,VANESSA MUNIQUE DA SILVA XAVIER,1,1,0,0,2024-10-16,2024-10-16,0,0,nao,nao
VANESSA OLIVEIRA AGUIAR,VANESSA OLIVEIRA AGUIAR,1,0,1,0,2026-03-02,2026-03-02,1,0,nao,nao
VANESSA PASCHOAL OLIVEIRA,VANESSA PASCHOAL OLIVEIRA,1,1,0,0,2026-03-24,2026-03-24,0,1,nao,nao
VANESSA RAPOSO MULATO DE LIMA,VANESSA RAPOSO MULATO DE LIMA,1,1,0,0,2024-11-04,2024-11-04,0,1,nao,nao
VANESSA RIBEIRO TAVARES DOS SANTOS,VANESSA RIBEIRO TAVARES DOS SANTOS,1,0,1,0,2026-04-17,2026-04-17,1,1,nao,nao
VANESSA TEIXEIRA DE ALMEIDA GANDRA,VANESSA TEIXEIRA DE ALMEIDA GANDRA,1,1,0,0,2026-03-25,2026-03-25,1,1,nao,nao
VANESSA VICENTE DE MACEDO,VANESSA VICENTE DE MACEDO,1,0,1,0,2026-02-11,2026-02-11,1,0,nao,nao
VANIA DE OLIVEIRA DO CARMO,VANIA DE OLIVEIRA DO CARMO,1,0,1,0,2025-12-26,2025-12-26,1,1,nao,nao
VANOR BREDER PACHECO,VANOR BREDER PACHECO,1,0,1,0,2025-11-25,2025-11-25,1,1,nao,nao
VASTI FONSECA SANTOS,VASTI FONSECA SANTOS,1,1,0,0,2026-02-03,2026-02-03,0,0,nao,nao
VA￾NESSA BRAULINO BARBOZA,VA￾NESSA BRAULINO BARBOZA,1,0,1,0,2024-11-05,2024-11-05,0,0,nao,nao
VEIDSON XAVIER FERNANDES,VEIDSON XAVIER FERNANDES,1,1,0,0,2025-11-24,2025-11-24,1,1,nao,nao
VERA LUCIA SOUZA DA SILVA,VERA LUCIA SOUZA DA SILVA,1,1,0,0,2026-02-03,2026-02-03,0,0,nao,nao
VE￾RONICA DE FATIMA TEIXEIRA DE MORAIS DA SILVA,VE￾RÔNICA DE FÁTIMA TEIXEIRA DE MORAIS DA SILVA,1,0,1,0,2024-11-25,2024-11-25,1,1,nao,nao
VICENTE STUTZ OLIVEIRA,VICENTE STUTZ OLIVEIRA,3,1,2,1,2025-11-17,2026-04-27,3,2,sim,sim
VICTOR ALEXANDRE BRITO DE SOUZA,VICTOR ALEXANDRE BRITO DE SOUZA,1,0,1,0,2024-12-02,2024-12-02,1,0,nao,nao
VICTOR ALMEIDA DE FREITAS,VICTOR ALMEIDA DE FREITAS,1,0,1,0,2026-01-27,2026-01-27,1,1,nao,nao
VICTOR AYRES MULLER FERREIRA,VICTOR AYRES MULLER FERREIRA,1,1,0,0,2025-12-11,2025-12-11,0,1,nao,nao
VICTOR BRAZ SANTANA,VICTOR BRAZ SANTANA,2,1,1,1,2024-10-04,2024-10-04,2,1,sim,sim
VICTOR BRUNO FRANCO SOARES,VICTOR BRUNO FRANCO SOARES,1,0,1,0,2026-03-24,2026-03-24,1,1,nao,nao
VICTOR CORREIA DE FRANCA,VICTOR CORREIA DE FRANÇA,2,2,0,0,2025-12-01,2026-01-13,1,2,nao,nao
VICTOR COSTA DA SILVA,VICTOR COSTA DA SILVA,1,1,0,0,2025-11-06,2025-11-06,1,1,nao,nao
VICTOR DE ANDRADE CARDOSO,VICTOR DE ANDRADE CARDOSO,1,1,0,0,2026-03-18,2026-03-18,0,1,nao,nao
VICTOR DE LIMA DELFINO DA SILVA,VICTOR DE LIMA DELFINO DA SILVA,2,1,1,0,2025-12-16,2026-03-06,1,2,sim,nao
VICTOR FARIA DE SOUZA,VICTOR FARIA DE SOUZA,1,1,0,0,2024-10-10,2024-10-10,1,0,nao,nao
VICTOR FIGUEIREDO GUIMARAES,VICTOR FIGUEIREDO GUIMARAES,1,1,0,0,2026-03-17,2026-03-17,1,0,nao,nao
VICTOR GABRIEL ASSIS DE SOUZA,VICTOR GABRIEL ASSIS DE SOUZA,1,0,1,0,2024-10-29,2024-10-29,1,0,nao,nao
VICTOR GABRIEL COSTA POUBEL,VICTOR GABRIEL COSTA POUBEL,2,1,1,0,2026-02-24,2026-04-09,2,1,sim,nao
VICTOR GABRIEL DE AQUINO SILVEIRA,VICTOR GABRIEL DE AQUINO SILVEIRA,1,1,0,0,2026-03-09,2026-03-09,1,1,nao,nao
VICTOR HUGO ABREU CHAVALIER,VICTOR HUGO ABREU CHAVALIER,4,2,2,1,2026-02-02,2026-03-11,2,3,sim,sim
VICTOR HUGO ERVITE CORREA TELACIO,VICTOR HUGO ERVITE CORREA TELACIO,1,0,1,0,2026-03-09,2026-03-09,1,1,nao,nao
VICTOR HUGO FREITAS FERNANDES,VICTOR HUGO FREITAS FERNANDES,1,1,0,0,2026-01-26,2026-01-26,0,1,nao,nao
VICTOR HUGO RIBEIRO PINTO DE ALMEIDA,VICTOR HUGO RIBEIRO PINTO DE ALMEIDA,1,1,0,0,2026-01-06,2026-01-06,1,0,nao,nao
VICTOR HUGO VALLE DOS SANTOS,VICTOR HUGO VALLE DOS SANTOS,1,1,0,0,2026-03-16,2026-03-16,1,1,nao,nao
VICTOR MACIEL DO ESPIRITO SANTO,VICTOR MACIEL DO ESPIRITO SANTO,1,1,0,0,2026-01-02,2026-01-02,0,0,nao,nao
VICTOR MARQUES DA SILVA ALVES,VICTOR MARQUES DA SILVA ALVES,1,1,0,0,2024-11-14,2024-11-14,0,0,nao,nao
VICTOR MENDES JULIO DAVID,VICTOR MENDES JULIO DAVID,1,1,0,0,2025-11-14,2025-11-14,1,1,nao,nao
VICTOR MOURA GORCHINSKY,VICTOR MOURA GORCHINSKY,1,1,0,0,2024-12-09,2024-12-09,1,1,nao,nao
VICTOR PESSANHA REDER,VICTOR PESSANHA REDER,1,0,1,0,2024-11-13,2024-11-13,1,1,nao,nao
VICTOR RIBEIRO DOS ANJOS,VICTOR RIBEIRO DOS ANJOS,1,1,0,0,2024-10-10,2024-10-10,0,1,nao,nao
VICTOR RODRIGUES DA SILVA RODOLFO,VICTOR RODRIGUES DA SILVA RODOLFO,1,1,0,0,2026-02-27,2026-02-27,0,0,nao,nao
VICTOR ROGERIO DA SILVA,VICTOR ROGÉRIO DA SILVA,2,1,1,0,2024-11-01,2025-11-06,1,1,sim,nao
VICTOR ROSA TRAVANCAS,VICTOR ROSA TRAVANCAS,1,0,1,0,2026-03-12,2026-03-12,1,0,nao,nao
VICTOR SILVA DO NASCIMENTO,VICTOR SILVA DO NASCIMENTO,1,0,1,0,2024-10-15,2024-10-15,1,0,nao,nao
VICTOR SILVA MACHADO,VICTOR SILVA MACHADO,2,1,1,0,2026-01-27,2026-03-11,2,0,sim,nao
VICTOR VALLE DA CUNHA,VICTOR VALLE DA CUNHA,1,0,1,0,2026-03-10,2026-03-10,1,1,nao,nao
VICTORIA BORGES DE SOUZA,VICTORIA BORGES DE SOUZA,1,1,0,0,2026-02-24,2026-02-24,1,1,nao,nao
VICTORIA CAVALCANTI FIDALGO BARBOSA,VICTÓRIA CAVALCANTI FIDALGO BARBOSA,2,1,1,1,2024-11-11,2024-11-11,1,2,sim,sim
VICTORIA CRISTINA SILVA JOAO,VICTORIA CRISTINA SILVA JOÃO,1,1,0,0,2024-11-21,2024-11-21,0,1,nao,nao
VICTORIA LUCIANA SOUZA DA SILVA,VICTORIA LUCIANA SOUZA DA SILVA,1,1,0,0,2024-11-25,2024-11-25,1,1,nao,nao
VICTORIA PEREIRA MATTOS,VICTÓRIA PEREIRA MATTOS,1,1,0,0,2025-11-25,2025-11-25,1,1,nao,nao
VICTORIA THOMAZ FELIX GOMES,VICTÓRIA THOMAZ FELIX GOMES,1,1,0,0,2025-11-07,2025-11-07,0,0,nao,nao
VIC￾TOR LUIZ LIMA DA SILVA,VIC￾TOR LUIZ LIMA DA SILVA,1,0,1,0,2024-10-01,2024-10-01,1,0,nao,nao
VILCEA ALVES DE ASSIS SILVA,VILCEA ALVES DE ASSIS SILVA,1,0,1,0,2026-04-14,2026-04-14,1,1,nao,nao
VILMA RIBEIRO DA SILVA,VILMA RIBEIRO DA SILVA,1,1,0,0,2026-01-08,2026-01-08,0,0,nao,nao
VILMAR TAVARES DOS SANTOS,VILMAR TAVARES DOS SANTOS,1,1,0,0,2025-12-23,2025-12-23,0,0,nao,nao
VINICIUS BARROS DA SILVA SANTOS,VINICIUS BARROS DA SILVA SANTOS,1,0,1,0,2024-12-10,2024-12-10,1,1,nao,nao
VINICIUS CAETANO FERREIRA,VINICIUS CAETANO FERREIRA,1,1,0,0,2024-10-16,2024-10-16,1,1,nao,nao
VINICIUS DA SILVA DIAS,VINICIUS DA SILVA DIAS,1,1,0,0,2025-12-29,2025-12-29,1,1,nao,nao
VINICIUS DE ANDRADE DA FONSECA,VINICIUS DE ANDRADE DA FONSECA,2,1,1,0,2026-02-06,2026-03-24,1,0,sim,nao
VINICIUS DE OLIVEIRA ALUIZE,VINICIUS DE OLIVEIRA ALUIZE,1,1,0,0,2026-02-26,2026-02-26,1,0,nao,nao
VINICIUS DE SOUZA PEREIRA,VINÍCIUS DE SOUZA PEREIRA,1,0,1,0,2026-03-25,2026-03-25,1,1,nao,nao
VINICIUS DE SOUZA ZIMMERMANN,VINICIUS DE SOUZA ZIMMERMANN,1,0,1,0,2025-12-29,2025-12-29,1,1,nao,nao
VINICIUS DIAS DE OLIVEIRA,VINICIUS DIAS DE OLIVEIRA,1,1,0,0,2026-03-24,2026-03-24,1,0,nao,nao
VINICIUS DOS SANTOS SILVA,VINICIUS DOS SANTOS SILVA,1,0,1,0,2024-10-07,2024-10-07,1,1,nao,nao
VINICIUS EMANOEL VIEGAS RIBEIRO,VINICIUS EMANOEL VIEGAS RIBEIRO,2,1,1,0,2026-02-20,2026-04-17,2,0,sim,nao
VINICIUS FARIA CHRISPINO SILVEIRA,VINICIUS FARIA CHRISPINO SILVEIRA,3,2,1,2,2025-11-07,2026-03-02,2,1,sim,sim
VINICIUS GUIMARAES DE PAIVA,VINICIUS GUIMARAES DE PAIVA,1,0,1,0,2026-03-02,2026-03-02,1,1,nao,nao
VINICIUS LIMA NASCIMENTO,VINÍCIUS LIMA NASCIMENTO,1,0,1,0,2025-11-07,2025-11-07,1,1,nao,nao
VINICIUS LOPES DINIZ,VINICIUS LOPES DINIZ,1,0,1,0,2026-03-20,2026-03-20,1,1,nao,nao
VINICIUS MEDEIROS BOAVENTURA,VINICIUS MEDEIROS BOAVENTURA,3,2,1,1,2026-02-09,2026-03-20,3,1,sim,sim
VINICIUS MEDEIROS FARAH,VINÍCIUS MEDEIROS FARAH,1,0,1,0,2026-03-20,2026-03-20,1,0,nao,nao
VINICIUS PEREIRA BRUM,VINICIUS PEREIRA BRUM,3,2,1,1,2024-11-27,2025-12-18,2,1,sim,sim
VINICIUS PEREIRA CASTRO,VINICIUS PEREIRA CASTRO,1,1,0,0,2025-12-11,2025-12-11,0,0,nao,nao
VINICIUS RANGEL FERREIRA,VINICIUS RANGEL FERREIRA,1,1,0,0,2025-11-18,2025-11-18,0,0,nao,nao
VINICIUS RANGEL GUIMARAES,VINICIUS RANGEL GUIMARÃES,1,1,0,0,2024-10-04,2024-10-04,1,1,nao,nao
VINICIUS ROCHA CRESPO DE OLIVEIRA,VINICIUS ROCHA CRESPO DE OLIVEIRA,1,1,0,0,2025-11-17,2025-11-17,0,0,nao,nao
VINICIUS SILVA DE LIMA,VINICIUS SILVA DE LIMA,2,1,1,0,2024-10-30,2026-02-04,2,1,sim,nao
VIRGINIA KAYSER DA SILVA,VIRGÍNIA KAYSER DA SILVA,1,1,0,0,2024-12-06,2024-12-06,1,0,nao,nao
VITOR CARLOS GOMES FERREIRA,VITOR CARLOS GOMES FERREIRA,1,1,0,0,2025-11-17,2025-11-17,1,1,nao,nao
VITOR COSTA RIOS,VITOR COSTA RIOS,1,0,1,0,2024-10-01,2024-10-01,1,1,nao,nao
VITOR HUGO MATIAS DA SILVA DOS REIS,VITOR HUGO MATIAS DA SILVA DOS REIS,1,1,0,0,2024-11-29,2024-11-29,1,1,nao,nao
VITOR LIMA SOUTO,VITOR LIMA SOUTO,1,1,0,0,2024-12-23,2024-12-23,0,1,nao,nao
VITOR OLIVEIRA DA SILVA ASSIS,VITOR OLIVEIRA DA SILVA ASSIS,1,1,0,0,2026-01-15,2026-01-15,1,1,nao,nao
VITOR SANTOS FERNANDES,VITOR SANTOS FERNANDES,1,1,0,0,2026-01-14,2026-01-14,1,1,nao,nao
VITOR SILVA SOARES DE SA,VITOR SILVA SOARES DE SA,1,1,0,0,2026-03-26,2026-03-26,0,1,nao,nao
VITOR VICENTE DA SILVA BR I TO,VITOR VICENTE DA SILVA BR I TO,1,0,1,0,2024-11-22,2024-11-22,1,1,nao,nao
VITORIA FELIX DE MIRANDA,VITORIA FELIX DE MIRANDA,1,1,0,0,2026-03-27,2026-03-27,0,1,nao,nao
VITORIA GARCIA ROJAHAN,VITÓRIA GARCIA ROJAHAN,1,1,0,0,2024-10-10,2024-10-10,0,1,nao,nao
VITORIA MARTINS DA ROCHA SILVA,VITÓRIA MARTINS DA ROCHA SILVA,1,1,0,0,2024-12-04,2024-12-04,0,0,nao,nao
VITORIA NUNES DA SILVA AMADO,VITÓRIA NUNES DA SILVA AMADO,1,1,0,0,2025-11-26,2025-11-26,1,0,nao,nao
VITTORIO LEANDRO OLIVEIRA LOBIANCO,VITTORIO LEANDRO OLIVEIRA LOBIANCO,1,1,0,0,2026-01-15,2026-01-15,1,1,nao,nao
VIVIAN BARRETO BELLEI BATISTA,VIVIAN BARRETO BELLEI BATISTA,1,0,1,0,2026-04-09,2026-04-09,1,0,nao,nao
VIVIAN DE SOUZA CALIDONE,VIVIAN DE SOUZA CALIDONE,1,1,0,0,2024-10-11,2024-10-11,1,1,nao,nao
VIVIAN FERREIRA NUNES,VIVIAN FERREIRA NUNES,1,1,0,0,2024-10-15,2024-10-15,1,0,nao,nao
VIVIAN FRANCA MARQUES DA SILVA,VIVIAN FRANCA MARQUES DA SILVA,1,1,0,0,2026-03-27,2026-03-27,0,1,nao,nao
VIVIAN ORNELAS DE ALVARENGA GUIMARAES,VIVIAN ORNELAS DE ALVARENGA GUIMARAES,1,1,0,0,2026-03-25,2026-03-25,1,1,nao,nao
VIVIAN VIEIRA DA SILVA BARROS,VIVIAN VIEIRA DA SILVA BARROS,1,0,1,0,2025-11-14,2025-11-14,1,0,nao,nao
VIVIANE CARVALHO PETISCO PINHEIRO,VIVIANE CARVALHO PETISCO PINHEIRO,1,1,0,0,2026-03-13,2026-03-13,0,0,nao,nao
VIVIANE DA CRUZ CALADO DE SANTANA,VIVIANE DA CRUZ CALADO DE SANTANA,2,2,0,0,2026-03-09,2026-03-09,0,2,nao,nao
VIVIANE DA SILVA SANTOS,VIVIANE DA SILVA SANTOS,1,1,0,0,2026-03-04,2026-03-04,0,1,nao,nao
VIVIANE DE SOUZA MORATTI,VIVIANE DE SOUZA MORATTI,1,1,0,0,2026-01-22,2026-01-22,1,1,nao,nao
VIVIANE FERNANDES DE LIMA,VIVIANE FERNANDES DE LIMA,1,0,1,0,2026-04-15,2026-04-15,1,1,nao,nao
VIVIANE FERREIRA DE ABREU,VIVIANE FERREIRA DE ABREU,1,0,1,0,2026-04-13,2026-04-13,1,1,nao,nao
VIVIANE FRANCO MACHADO LOURENCO,VIVIANE FRANCO MACHADO LOURENCO,1,0,1,0,2026-01-13,2026-01-13,1,1,nao,nao
VIVIANE GONCALVES FERREIRA,VIVIANE GONCALVES FERREIRA,1,1,0,0,2026-03-23,2026-03-23,1,1,nao,nao
VIVIANE JUNQUEIRA DE MALAFAIA,VIVIANE JUNQUEIRA DE MALAFAIA,2,1,1,0,2025-12-03,2026-04-17,2,0,sim,nao
VIVIANE LOUREIRO VILLAR FIGUEIREDO DE OLIVEIRA,VIVIANE LOUREIRO VILLAR FIGUEIREDO DE OLIVEIRA,1,1,0,0,2026-01-12,2026-01-12,1,1,nao,nao
VIVIANE NUNES ALMEIDA,VIVIANE NUNES ALMEIDA,1,0,1,0,2026-04-20,2026-04-20,1,1,nao,nao
VIVIANE OLIVEIRA EPIFANIO,VIVIANE OLIVEIRA EPIFANIO,1,0,1,0,2026-04-28,2026-04-28,1,1,nao,nao
VIVIANE RIBEIRO MARTINS,VIVIANE RIBEIRO MARTINS,1,1,0,0,2025-12-29,2025-12-29,1,1,nao,nao
VIVIANE RODRIGUES COSTA,VIVIANE RODRIGUES COSTA,1,0,1,0,2026-04-28,2026-04-28,1,0,nao,nao
VIVIANE SCHULZ OSVALDT MOREIRA DE OLIVEIRA,VIVIANE SCHULZ OSVALDT MOREIRA DE OLIVEIRA,1,1,0,0,2026-02-11,2026-02-11,1,1,nao,nao
VIVIANE SOUZA SPEZANI DA FONSECA,VIVIANE SOUZA SPEZANI DA FONSECA,2,0,2,0,2026-03-10,2026-03-10,2,0,nao,nao
VIVIANNE DE CARVALHO LOMBA PEREIRA,VIVIANNE DE CARVALHO LOMBA PEREIRA,2,1,1,1,2024-10-08,2024-10-08,2,0,sim,sim
VIVIANNE FERREIRA TAVARES DORADO,VIVIANNE FERREIRA TAVARES DORADO,1,1,0,0,2026-03-05,2026-03-05,0,1,nao,nao
VIVIANNE SOMAVILLA ZIMMER,VIVIANNE SOMAVILLA ZIMMER,1,1,0,0,2025-12-15,2025-12-15,1,0,nao,nao
VLADIMIR RABELLO DIAS LOPES,VLADIMIR RABELLO DIAS LOPES,1,0,1,0,2026-01-08,2026-01-08,1,1,nao,nao
VLADIMIR XAVIER DE MEDEIROS,VLADIMIR XAVIER DE MEDEIROS,1,0,1,0,2026-04-28,2026-04-28,1,0,nao,nao
VOLMER SEBASTIAO PAULA DA SILVEIRA FILHO,VOLMER SEBASTIAO PAULA DA SILVEIRA FILHO,1,1,0,0,2026-01-27,2026-01-27,1,0,nao,nao
WA - TILA MENDES LIRIO,WA - TILA MENDES LIRIO,1,0,1,0,2024-10-18,2024-10-18,1,1,nao,nao
WAGNER DA SILVA ZANCO,WAGNER DA SILVA ZANCO,1,1,0,0,2026-03-10,2026-03-10,0,1,nao,nao
WAGNER DE PAULA ALMEIDA PEREIRA,WAGNER DE PAULA ALMEIDA PEREIRA,1,0,1,0,2026-03-23,2026-03-23,1,1,nao,nao
WAGNER DE SOUZA,WAGNER DE SOUZA,1,1,0,0,2026-02-03,2026-02-03,1,1,nao,nao
WAGNER FERNANDES MORAES,WAGNER FERNANDES MORAES,1,0,1,0,2026-04-17,2026-04-17,1,0,nao,nao
WAGNER NASCIMENTO CORREIA,WAGNER NASCIMENTO CORREIA,1,1,0,0,2026-01-12,2026-01-12,0,1,nao,nao
WAGNER PEREIRA DOS SANTOS,WAGNER PEREIRA DOS SANTOS,1,0,1,0,2024-12-02,2024-12-02,1,0,nao,nao
WAGNER PERELLI PEREIRA DE ASSIS,WAGNER PERELLI PEREIRA DE ASSIS,1,1,0,0,2026-02-02,2026-02-02,0,0,nao,nao
WAGNER SANTANA DA COSTA,WAGNER SANTANA DA COSTA,2,1,1,0,2025-11-06,2026-04-29,2,2,sim,nao
WAGNER VICENTE DA SILVA,WAGNER VICENTE DA SILVA,1,1,0,0,2024-10-30,2024-10-30,1,0,nao,nao
WAGNER VILLARES DE OLIVEIRA,WAGNER VILLARES DE OLIVEIRA,2,1,1,1,2026-04-15,2026-04-29,1,2,sim,sim
WAGNILTON DA CRUZ BARBOSA,WAGNILTON DA CRUZ BARBOSA,2,1,1,0,2026-01-29,2026-04-28,2,0,sim,nao
WALACE VASCONCELLOS DE SOUZA,WALACE VASCONCELLOS DE SOUZA,1,1,0,0,2026-03-23,2026-03-23,1,0,nao,nao
WALDIR FRUTUOSO DE BARROS,WALDIR FRUTUOSO DE BARROS,2,1,1,1,2026-03-02,2026-03-04,1,1,sim,sim
WALESKA MOREIRA DOS REIS,WALESKA MOREIRA DOS REIS,1,0,1,0,2026-04-17,2026-04-17,1,1,nao,nao
WALLACE ALMEIDA DE SOUZA,WALLACE ALMEIDA DE SOUZA,2,1,1,1,2024-10-29,2024-12-05,2,2,sim,sim
WALLACE AUGUSTO DE ALMEIDA FONSECA,WALLACE AUGUSTO DE ALMEIDA FONSECA,1,0,1,0,2024-11-01,2024-11-01,1,0,nao,nao
WALLACE DA SILVA ALMEIDA,WALLACE DA SILVA ALMEIDA,1,0,1,0,2024-11-27,2024-11-27,1,1,nao,nao
WALLACE DA SILVA ROSA,WALLACE DA SILVA ROSA,2,1,1,0,2025-11-06,2026-04-28,2,1,sim,nao
WALLACE GOMES MACHADO,WALLACE GOMES MACHADO,2,0,2,0,2026-02-20,2026-02-20,1,1,nao,nao
WALLACE NEVES DE OLIVEIRA,WALLACE NEVES DE OLIVEIRA,1,1,0,0,2026-01-27,2026-01-27,1,0,nao,nao
WALLACE PATROCINIO CRISPIM,WALLACE PATROCINIO CRISPIM,1,1,0,0,2025-12-01,2025-12-01,0,1,nao,nao
WALLACE PEREIRA MOTA DA SILVA,WALLACE PEREIRA MOTA DA SILVA,1,0,1,0,2025-11-24,2025-11-24,1,0,nao,nao
WALLACE POLYDORO CARVALHO,WALLACE POLYDORO CARVALHO,1,1,0,0,2026-01-02,2026-01-02,1,1,nao,nao
WALLACE PORTUGAL DOS SANTOS,WALLACE PORTUGAL DOS SANTOS,1,1,0,0,2024-12-23,2024-12-23,0,1,nao,nao
WALMIR ALVES DA SILVA,WALMIR ALVES DA SILVA,1,0,1,0,2026-02-09,2026-02-09,1,1,nao,nao
WALMIR BARBOSA FILHO,WALMIR BARBOSA FILHO,2,2,0,0,2026-03-06,2026-03-06,1,2,nao,nao
WALMIR MARCELO DO NASCIMENTO,WALMIR MARCELO DO NASCIMENTO,1,1,0,0,2024-10-16,2024-10-16,1,0,nao,nao
WALQUIRIA DA SILVA ALVES,WALQUIRIA DA SILVA ALVES,1,1,0,0,2024-11-11,2024-11-11,0,1,nao,nao
WALTER ELYSIO BORGES TAVARES,WALTER ELYSIO BORGES TAVARES,1,0,1,0,2026-02-03,2026-02-03,1,1,nao,nao
WALTER GOMES DA SILVA,WALTER GOMES DA SILVA,1,1,0,0,2025-11-24,2025-11-24,1,1,nao,nao
WALTER LAUDIER ANGELO,WALTER LAUDIER ANGELO,1,0,1,0,2026-04-28,2026-04-28,1,0,nao,nao
WALTER ROZA JUNIOR,WALTER ROZA JUNIOR,1,0,1,0,2026-02-10,2026-02-10,1,1,nao,nao
WALTER TEIXEIRA DA SILVA JUNIOR,WALTER TEIXEIRA DA SILVA JUNIOR,1,1,0,0,2026-04-28,2026-04-28,0,1,nao,nao
WAL￾TER REIS GONCALVES,WAL￾TER REIS GONÇALVES,1,0,1,0,2024-10-01,2024-10-01,1,1,nao,nao
WANDER DA SILVA NUNES,WANDER DA SILVA NUNES,1,1,0,0,2024-12-19,2024-12-19,1,1,nao,nao
WANDER DOS SANTOS PEREIRA,WANDER DOS SANTOS PEREIRA,1,1,0,0,2026-03-04,2026-03-04,1,0,nao,nao
WANDERSON CHAGAS VIEIRA,WANDERSON CHAGAS VIEIRA,1,0,1,0,2026-04-15,2026-04-15,1,0,nao,nao
WANDERSON DE MACEDO RUFINO,WANDERSON DE MACEDO RUFINO,1,0,1,0,2024-10-04,2024-10-04,1,0,nao,nao
WANDERSON RODRIGUES PEREIRA,WANDERSON RODRIGUES PEREIRA,2,1,1,0,2024-12-23,2026-03-17,1,1,sim,nao
WANDIR DE PAULA MIGUEL,WANDIR DE PAULA MIGUEL,1,1,0,0,2026-02-02,2026-02-02,1,1,nao,nao
WANDO ALVES DE OLIVEIRA FILHO,WANDO ALVES DE OLIVEIRA FILHO,2,1,1,0,2024-10-18,2026-02-11,1,1,sim,nao
WANDRE LUCAS SILVA DA CUNHA,WANDRÉ LUCAS SILVA DA CUNHA,1,0,1,0,2024-10-07,2024-10-07,1,1,nao,nao
WANDSON WANDERLEY FERREIRA,WANDSON WANDERLEY FERREIRA,1,1,0,0,2025-11-17,2025-11-17,1,1,nao,nao
WANIA RIBEIRO DA SILVA,WANIA RIBEIRO DA SILVA,1,0,1,0,2026-03-02,2026-03-02,1,1,nao,nao
WARLEY FERREIRA DA SILVA,WARLEY FERREIRA DA SILVA,2,1,1,0,2026-02-20,2026-04-28,2,0,sim,nao
WASHINGTON DE SOUZA PINTO,WASHINGTON DE SOUZA PINTO,1,1,0,0,2025-12-11,2025-12-11,0,0,nao,nao
WASHINGTON FERNANDES LIMA,WASHINGTON FERNANDES LIMA,1,0,1,0,2026-04-28,2026-04-28,1,0,nao,nao
WASHINGTON LUIZ PEREIRA MATTOS,WASHINGTON LUIZ PEREIRA MATTOS,2,1,1,1,2025-12-12,2026-03-19,2,2,sim,sim
WEDER BOTELHO DA SILVA,WEDER BOTELHO DA SILVA,1,0,1,0,2026-01-07,2026-01-07,1,0,nao,nao
WELDER JOSE DA SILVA ROCHA,WELDER JOSÉ DA SILVA ROCHA,2,1,1,0,2024-11-28,2026-04-17,2,0,sim,nao
WELINGTON DIAS FRANCISCO,WELINGTON DIAS FRANCISCO,1,1,0,0,2024-10-01,2024-10-01,0,0,nao,nao
WELISON MENDES OLIVEIRA DO NASCIMENTO,WELISON MENDES OLIVEIRA DO NASCIMENTO,1,0,1,0,2024-11-01,2024-11-01,1,0,nao,nao
WELLERSON HENRIQUE SOARES VIEIRA,WELLERSON HENRIQUE SOARES VIEIRA,1,0,1,0,2025-11-28,2025-11-28,1,0,nao,nao
WELLINGTON AUGUSTO DE MORAIS,WELLINGTON AUGUSTO DE MORAIS,1,1,0,0,2026-01-19,2026-01-19,0,0,nao,nao
WELLINGTON BARBOSA NETO,WELLINGTON BARBOSA NETO,2,1,1,0,2025-11-26,2026-04-16,2,1,sim,nao
WELLINGTON DE LIMA MOURA,WELLINGTON DE LIMA MOURA,1,0,1,0,2026-04-17,2026-04-17,1,0,nao,nao
WELLINGTON DE OLIVEIRA,WELLINGTON DE OLIVEIRA,1,0,1,0,2025-12-17,2025-12-17,1,0,nao,nao
WELLINGTON PAIXAO DA SILVA,WELLINGTON PAIXAO DA SILVA,1,0,1,0,2026-04-22,2026-04-22,1,1,nao,nao
WELLINGTON RAMOS DELGADO,WELLINGTON RAMOS DELGADO,1,0,1,0,2026-01-12,2026-01-12,1,1,nao,nao
WELLINGTON TEIXEIRA BEZERRA,WELLINGTON TEIXEIRA BEZERRA,1,0,1,0,2026-04-29,2026-04-29,1,1,nao,nao
WELLINTON DE LIMA MOURA,WELLINTON DE LIMA MOURA,1,1,0,0,2026-01-28,2026-01-28,1,0,nao,nao
WENDEL CABRAL CAVALCANTE,WENDEL CABRAL CAVALCANTE,1,1,0,0,2025-11-07,2025-11-07,1,0,nao,nao
WENDELL RODRIGUES DA SILVA,WENDELL RODRIGUES DA SILVA,1,0,1,0,2026-04-22,2026-04-22,1,1,nao,nao
WENDEM DE SOUSA RODRIGUES,WENDEM DE SOUSA RODRIGUES,1,1,0,0,2026-01-21,2026-01-21,0,0,nao,nao
WESLEI PEREIRA DA SILVA,WESLEI PEREIRA DA SILVA,1,0,1,0,2026-01-09,2026-01-09,1,1,nao,nao
WESLEY DA SILVA FREITAS,WESLEY DA SILVA FREITAS,1,1,0,0,2025-11-26,2025-11-26,1,1,nao,nao
WESLEY FRANCA DA COSTA,WESLEY FRANÇA DA COSTA,1,1,0,0,2026-03-18,2026-03-18,1,0,nao,nao
WESLEY KARLLOS NEVES CONCEICAO,WESLEY KARLLOS NEVES CONCEICAO,1,0,1,0,2026-03-02,2026-03-02,1,1,nao,nao
WESLEY YURI ROCHA DE SOUZA,WESLEY YURI ROCHA DE SOUZA,1,0,1,0,2026-04-20,2026-04-20,1,1,nao,nao
WESLLEY DA SILVA BARBOSA,WESLLEY DA SILVA BARBOSA,2,1,1,1,2026-02-03,2026-02-11,2,0,sim,sim
WES￾LEY HENRIQUE SOUZA DA SILVA,WES￾LEY HENRIQUE SOUZA DA SILVA,1,0,1,0,2024-10-15,2024-10-15,1,0,nao,nao
WHITNEY STEPHANE PORTELA DO NASCIMENTO,WHITNEY STEPHANE PORTELA DO NASCIMENTO,1,1,0,0,2024-10-25,2024-10-25,1,1,nao,nao
WILCIMAR MOREIRA RAMOS,WILCIMAR MOREIRA RAMOS,1,1,0,0,2025-12-29,2025-12-29,1,1,nao,nao
WILDERSON DA SILVA DIAS,WILDERSON DA SILVA DIAS,1,0,1,0,2024-11-25,2024-11-25,1,1,nao,nao
WILLIAM BALBINO LIMA,WILLIAM BALBINO LIMA,1,1,0,0,2026-01-26,2026-01-26,0,0,nao,nao
WILLIAM CABRAL JESUS DE OLIVEIRA,WILLIAM CABRAL JESUS DE OLIVEIRA,1,0,1,0,2026-03-19,2026-03-19,1,1,nao,nao
WILLIAM CARRERAS RIBEIRO,WILLIAM CARRERAS RIBEIRO,1,0,1,0,2026-03-30,2026-03-30,1,1,nao,nao
WILLIAM DOS SANTOS CAMPOS,WILLIAM DOS SANTOS CAMPOS,1,1,0,0,2024-11-13,2024-11-13,1,1,nao,nao
WILLIAM FORTUNATO PEREIRA,WILLIAM FORTUNATO PEREIRA,1,1,0,0,2026-01-12,2026-01-12,1,1,nao,nao
WILLIAM JOSE PINTO DA COSTA,WILLIAM JOSE PINTO DA COSTA,1,0,1,0,2026-03-20,2026-03-20,1,1,nao,nao
WILLIAM MICHEL GONCALVES DA SILVA,WILLIAM MICHEL GONÇALVES DA SILVA,2,1,1,0,2026-01-29,2026-04-17,2,0,sim,nao
WILLIAM NASCIMENTO DA SILVA,WILLIAM NASCIMENTO DA SILVA,1,0,1,0,2026-04-28,2026-04-28,1,0,nao,nao
WILLIAM RIBEIRO DE OLIVEIRA,WILLIAM RIBEIRO DE OLIVEIRA,1,0,1,0,2024-11-01,2024-11-01,1,0,nao,nao
WILLIAM SANTOS,WILLIAM SANTOS,1,1,0,0,2025-11-18,2025-11-18,1,1,nao,nao
WILLIAM SERGIO ALVES,WILLIAM SÉRGIO ALVES,1,1,0,0,2024-11-12,2024-11-12,1,1,nao,nao
WILLIAM SILVEIRA FERREIRA,WILLIAM SILVEIRA FERREIRA,1,0,1,0,2026-01-08,2026-01-08,1,1,nao,nao
WILLIAN CAMPOS MENDES,WILLIAN CAMPOS MENDES,1,1,0,0,2025-12-03,2025-12-03,0,0,nao,nao
WILLIAN DA SILVA CASTRO SANTOS,WILLIAN DA SILVA CASTRO SANTOS,1,1,0,0,2025-12-01,2025-12-01,0,0,nao,nao
WILLIAN JOAO DE CARVALHO BARBOSA JUNIOR,WILLIAN JOÃO DE CARVALHO BARBOSA JUNIOR,1,1,0,0,2024-10-17,2024-10-17,1,1,nao,nao
WILLIAN ROSA DE MEDEIROS,WILLIAN ROSA DE MEDEIROS,1,0,1,0,2026-04-17,2026-04-17,1,1,nao,nao
WILLIAN SERGIO DOS SANTOS,WILLIAN SERGIO DOS SANTOS,1,1,0,0,2024-11-12,2024-11-12,1,0,nao,nao
WILLIANS NASCIMENTO LIMA,WILLIANS NASCIMENTO LIMA,1,0,1,0,2026-04-16,2026-04-16,1,1,nao,nao
WILSON DE CARVALHO FARIAS,WILSON DE CARVALHO FARIAS,1,1,0,0,2025-11-07,2025-11-07,0,0,nao,nao
WINDSON MACIEL,WINDSON MACIEL,2,1,1,1,2026-03-02,2026-04-28,1,1,sim,sim
WLADEMIR DE MELO BRAZIL,WLADEMIR DE MELO BRAZIL,2,0,2,0,2026-03-27,2026-04-01,1,2,nao,nao
WUINIE ADELAIDE PEREIRA DO NASCIMENTO,WUINIE ADELAIDE PEREIRA DO NASCIMENTO,1,1,0,0,2025-12-26,2025-12-26,1,0,nao,nao
YAGO CASAES GUERRA,YAGO CASAES GUERRA,2,1,1,0,2026-02-25,2026-04-27,2,1,sim,nao
YAGO MATHEUS LIMA FARIA,YAGO MATHEUS LIMA FARIA,1,0,1,0,2026-03-25,2026-03-25,1,1,nao,nao
YAN FELIPE DO CARMO FERREIRA,YAN FELIPE DO CARMO FERREIRA,1,1,0,0,2026-02-27,2026-02-27,1,1,nao,nao
YAN LIMA MAIA DE ALMEIDA,YAN LIMA MAIA DE ALMEIDA,1,0,1,0,2025-12-01,2025-12-01,1,0,nao,nao
YARA FERREIRA ARAUJO,YARA FERREIRA ARAUJO,1,1,0,0,2026-02-06,2026-02-06,1,1,nao,nao
YASMIM DA SILVA MARACAJA,YASMIM DA SILVA MARACAJA,2,2,0,0,2026-03-09,2026-03-09,0,2,nao,nao
YASMIM DOS SANTOS RAYMUNDO MOTTA,YASMIM DOS SANTOS RAYMUNDO MOTTA,2,2,0,0,2026-03-11,2026-03-11,1,0,nao,nao
YASMIM RIBEIRO DOS SANTOS,YASMIM RIBEIRO DOS SANTOS,2,1,1,0,2025-12-10,2026-04-17,2,0,sim,nao
YASMIN ALVES BEDESCHI MENDES,YASMIN ALVES BEDESCHI MENDES,1,1,0,0,2026-02-26,2026-02-26,1,0,nao,nao
YASMIN MIRANDA DA COSTA,YASMIN MIRANDA DA COSTA,2,1,1,1,2026-04-06,2026-04-14,1,1,sim,sim
YASMIN PINTO DA SILVA,YASMIN PINTO DA SILVA,1,1,0,0,2026-02-03,2026-02-03,0,0,nao,nao
YASMIN QUINTANILHA PELUSO,YASMIN QUINTANILHA PELUSO,1,1,0,0,2024-11-08,2024-11-08,1,0,nao,nao
YGOR FELIPE OLIVEIRA DUARTE,YGOR FELIPE OLIVEIRA DUARTE,1,1,0,0,2025-12-11,2025-12-11,0,0,nao,nao
YONA PEREIRA SCHWENCK,YONA PEREIRA SCHWENCK,1,0,1,0,2026-03-24,2026-03-24,1,0,nao,nao
YORRAN MONTEIRO SOARES,YORRAN MONTEIRO SOARES,1,1,0,0,2026-03-19,2026-03-19,0,0,nao,nao
YURI PEREIRA CARDOSO,YURI PEREIRA CARDOSO,1,0,1,0,2026-04-08,2026-04-08,1,1,nao,nao
YURI PEREIRA PALMEIRA,YURI PEREIRA PALMEIRA,1,1,0,0,2026-02-11,2026-02-11,1,1,nao,nao
YURI SOARES GONDIM,YURI SOARES GONDIM,2,1,1,0,2026-01-30,2026-04-17,2,0,sim,nao
ZACARIAS MARTORELLI GONCALVES DA SILVA,ZACARIAS MARTORELLI GONÇALVES DA SILVA,1,1,0,0,2025-11-27,2025-11-27,1,1,nao,nao
ZAINE ALVES BRUMADO MOREIRA,ZAINE ALVES BRUMADO MOREIRA,1,0,1,0,2026-04-20,2026-04-20,1,1,nao,nao
ZAMIRA TEREZA FELIX SANTOS,ZAMIRA TEREZA FÉLIX SANTOS,2,1,1,1,2025-11-28,2025-11-28,1,2,sim,sim
ZAQUEU SOARES PEREIRA,ZAQUEU SOARES PEREIRA,1,0,1,0,2026-04-20,2026-04-20,1,1,nao,nao
ZENIR FRANCA DA SILVA GOMES,ZENIR FRANCA DA SILVA GOMES,1,0,1,0,2025-12-12,2025-12-12,1,0,nao,nao
ZIED ABDALA WARRAK,ZIED ABDALA WARRAK,1,1,0,0,2026-01-12,2026-01-12,0,1,nao,nao
ZILDO JOSE DOS SANTOS JUNIOR,ZILDO JOSÉ DOS SANTOS JUNIOR,1,1,0,0,2026-02-11,2026-02-11,1,0,nao,nao
ZIL￾DA MARIA DE ALMEIDA FRANCA SANTOS,ZIL￾DA MARIA DE ALMEIDA FRANÇA SANTOS,1,0,1,0,2024-10-15,2024-10-15,1,1,nao,nao
ZULEICA RODRIGUES DE ANDRADE,ZULEICA RODRIGUES DE ANDRADE,1,1,0,0,2026-01-02,2026-01-02,0,1,nao,nao
’JOSILAINE SILVA DE ALMEIDA,’JOSILAINE SILVA DE ALMEIDA,1,0,1,0,2026-01-14,2026-01-14,1,1,nao,nao
