nome_normalizado,ordem_pessoa,estado,diario,data_publicacao,ano,tipo_ato,nome,nome_original_csv,spacy_pessoa,spacy_entidades,cargo,orgao,caderno,fonte_url,arquivo_markdown,arquivo_csv,linha_csv,ato_anterior,data_anterior,cargo_anterior,orgao_anterior,dias_desde_anterior,retorno_apos_exoneracao,data_exoneracao_anterior,cargo_exoneracao_anterior,orgao_exoneracao_anterior,dias_desde_exoneracao,mudou_cargo_desde_exoneracao,mudou_orgao_desde_exoneracao,marco_governo,data_marco_governo,dias_desde_marco_governo
ADNARA DE SOUZA FERNANDES,2,RJ,Diario Oficial do Estado do Rio de Janeiro,2024-11-06,2024,nomeacao,ADNARA DE SOUZA FERNANDES,ADNARA DE SOUZA FERNANDES,sim,ADNARA:MISC|SOUZA FERNANDES:MISC|Adnara De Souza Fernandes:PER,,da Subsecretaria Técnica de Energia e Economia do Mar,Parte I (Poder Executivo),https://www.ioerj.com.br/portal/modules/conteudoonline/mostra_edicao.php?session=VGtSWk5VMHdXa1JTUkdkMFVWVlJOVkY1TURCTlZWSkRURlZGTWxGVWEzUk5SRTB3VVdwWk0wMXJVa1ZOVkdkNlRWUmpNMDU2VlhoUFJHTXpUbWM5UFE9PQ==,LAKE\RJ\2024\11\DOERJ_PARTE_I_PODER_EXECUTIVO_2024-11-06.md,D:\github\exoneracoes_nomeacoes_dou\saida\RJ\DOERJ_2024.csv,968,exoneracao,2024-11-06,do cargo em comissão de Assessor,da Autarquia de Proteção e Defesa do Consumidor do Estado do Rio de Janeiro - PROCON-RJ,0,sim,2024-11-06,do cargo em comissão de Assessor,da Autarquia de Proteção e Defesa do Consumidor do Estado do Rio de Janeiro - PROCON-RJ,0,nao,sim,,,
ADRIANA OLIVEIRA DONATO,2,RJ,Diario Oficial do Estado do Rio de Janeiro,2024-11-12,2024,nomeacao,ADRIANA OLIVEIRA DONATO,ADRIANA OLIVEIRA DONATO,sim,Adriana Oliveira Donato:PER,,,Parte I (Poder Executivo),https://www.ioerj.com.br/portal/modules/conteudoonline/mostra_edicao.php?session=VGxWRk1VNUVhekZPYWtGMFRWUk5NbEpwTURCU1JFRjZURlJyZWs0d1dYUlJWRWsxVVdwck1sSlVTa1JOZWxwSFRWUmpNMDU2VlhoUFJHTXhUbmM5UFE9PQ==,LAKE\RJ\2024\11\DOERJ_PARTE_I_PODER_EXECUTIVO_2024-11-12.md,D:\github\exoneracoes_nomeacoes_dou\saida\RJ\DOERJ_2024.csv,776,exoneracao,2024-11-04,,da Subsecretaria Exe￾cutiva,8,sim,2024-11-04,,da Subsecretaria Exe￾cutiva,8,nao,nao,,,
ADRIANA PIZAO NOGUEIRA DE OLIVEIRA,3,RJ,Diario Oficial do Estado do Rio de Janeiro,2025-11-17,2025,nomeacao,ADRIANA PIZÃO NOGUEIRA DE OLIVEIRA,ADRIANA PIZÃO NOGUEIRA DE OLIVEIRA,sim,ADRIANA PIZÃO:ORG|NOGUEIRA DE OLIVEIRA:MISC|Adriana Pizão Nogueira De Oliveira:PER,para exercer o cargo em comissão de Adjunto II,do Instituto Estadual do Ambiente - INEA,Parte I (Poder Executivo),https://www.ioerj.com.br/portal/modules/conteudoonline/mostra_edicao.php?session=VWxWUk5FMXFhRUpSYWxWMFVXcGFSbEpUTURCUFZFcEhURlZGTlZKRVdYUk5WVlpHVVZSYVJVNUVWVFJPYTFWNlRWUmpNMDU2VlhoTmVrMHlUV2M5UFE9PQ==,LAKE\RJ\2025\11\DOERJ_PARTE_I_PODER_EXECUTIVO_2025-11-17.md,D:\github\exoneracoes_nomeacoes_dou\saida\RJ\DOERJ_2025.csv,876,exoneracao,2025-11-06,do cargo em comissão de Coordenador,da Superintendência de Recursos Hídricos,11,sim,2025-11-06,do cargo em comissão de Coordenador,da Superintendência de Recursos Hídricos,11,sim,sim,,,
AFFONSO D'ANZICOURT E SILVA,2,RJ,Diario Oficial do Estado do Rio de Janeiro,2026-03-19,2026,nomeacao,AFFONSO D'ANZICOURT E SILVA,AFFONSO D'ANZICOURT E SILVA,sim,AFFONSO D'ANZICOURT:MISC|Affonso D'Anzicourt:PER,para exercer o cargo de Vice-Presidente,,Parte I (Poder Executivo),https://www.ioerj.com.br/portal/modules/conteudoonline/mostra_edicao.php?session=VFZWTmVrMTZhekpOVkd0MFRtcGpNRkZUTURCT1ZFRXdURlZKTWsxRVVYUlBSRWsxVW1wWk1FNUVaelZTYTFFeVRWUmpNMDU2VlhkUFZFa3hUbWM5UFE9PQ==,LAKE\RJ\2026\03\DOERJ_PARTE_I_PODER_EXECUTIVO_2026-03-19.md,D:\github\exoneracoes_nomeacoes_dou\saida\RJ\DOERJ_2026.csv,1739,exoneracao,2026-03-19,do cargo de Chefe de Gabinete,,0,sim,2026-03-19,do cargo de Chefe de Gabinete,,0,sim,nao,,,
AIRAM SILVA DOS SANTOS,2,RJ,Diario Oficial do Estado do Rio de Janeiro,2024-12-02,2024,nomeacao,AIRAM SILVA DOS SANTOS,AIRAM SILVA DOS SANTOS,sim,DOS SANTOS:MISC|Airam Silva Dos Santos:PER,para exercer o cargo em comissão de Superintendente,da Superintendência de Atendimento e Execução Financeira,Parte I (Poder Executivo),https://www.ioerj.com.br/portal/modules/conteudoonline/mostra_edicao.php?session=VWtWU1FsRnJUVFZQUkVWMFVsUldSRTFUTURCU1JFa3pURlJzUms0d1JYUk5SRmw0VDBWSmQwMTZiRU5QVkdoRlRWUmpNMDU2VlhoUFJHTjNUMUU5UFE9PQ==,LAKE\RJ\2024\12\DOERJ_PARTE_I_PODER_EXECUTIVO_2024-12-02.md,D:\github\exoneracoes_nomeacoes_dou\saida\RJ\DOERJ_2024.csv,424,exoneracao,2024-12-02,do cargo em comissão de Coordenador,da Subsecretaria Adjunta de Finan￾ças,0,sim,2024-12-02,do cargo em comissão de Coordenador,da Subsecretaria Adjunta de Finan￾ças,0,sim,sim,,,
AISLAN MENEZES DA SILVA,2,RJ,Diario Oficial do Estado do Rio de Janeiro,2024-10-21,2024,nomeacao,AISLAN MENEZES DA SILVA,AISLAN MENEZES DA SILVA,sim,AISLAN MENEZES:PER,para exercer o cargo em comissão de Chefe de Serviço,do Departamento de Trânsito do Estado do Rio de Ja￾neiro - DETRAN/RJ,Parte I (Poder Executivo),https://www.ioerj.com.br/portal/modules/conteudoonline/mostra_edicao.php?session=VFdwc1JsSnJUVEJOVlVWMFRsUk5lbEpwTURCT2EwWkZURlJyZWxKVlJYUlNhbVJDVGxSck1WSnJTa1JOYWxFelRWUmpNMDU2VlhoUFJHZDZUVkU5UFE9PQ==,LAKE\RJ\2024\10\DOERJ_PARTE_I_PODER_EXECUTIVO_2024-10-21.md,D:\github\exoneracoes_nomeacoes_dou\saida\RJ\DOERJ_2024.csv,1431,exoneracao,2024-10-21,do cargo em comissão de Assessor I,do Departamento de Trânsito do Estado do Rio de Janeiro - DETRAN/RJ,0,sim,2024-10-21,do cargo em comissão de Assessor I,do Departamento de Trânsito do Estado do Rio de Janeiro - DETRAN/RJ,0,sim,sim,,,
AISLAN MENEZES DA SILVA,4,RJ,Diario Oficial do Estado do Rio de Janeiro,2024-10-29,2024,nomeacao,AISLAN MENEZES DA SILVA,AISLAN MENEZES DA SILVA,sim,AISLAN MENEZES:PER,para exercer o cargo em comissão de Coordenador,do Departamento de Trânsito do Estado do Rio de Ja￾neiro - DETRAN/RJ,Parte I (Poder Executivo),https://www.ioerj.com.br/portal/modules/conteudoonline/mostra_edicao.php?session=VGtSTmVFMHdXVE5OYWxWMFRtcFJNRkZUTURCT1JHUkZURlZLUlUxRlVYUlJNRVUxVFdwWk1VMXFiRVZOYTFrelRWUmpNMDU2VlhoUFJHZDNUbWM5UFE9PQ==,LAKE\RJ\2024\10\DOERJ_PARTE_I_PODER_EXECUTIVO_2024-10-29.md,D:\github\exoneracoes_nomeacoes_dou\saida\RJ\DOERJ_2024.csv,1273,exoneracao,2024-10-29,do cargo em comissão de Chefe de Serviço,do Departamento de Trânsito do Estado do Rio de Janeiro - DE￾TRAN/RJ,0,sim,2024-10-29,do cargo em comissão de Chefe de Serviço,do Departamento de Trânsito do Estado do Rio de Janeiro - DE￾TRAN/RJ,0,sim,sim,,,
ALAN VIEIRA,2,RJ,Diario Oficial do Estado do Rio de Janeiro,2026-03-16,2026,nomeacao,ALAN VIEIRA,ALAN VIEIRA,sim,ALAN VIEIRA:PER,do cargo em comissão de Assessor,,Parte I (Poder Executivo),https://www.ioerj.com.br/portal/modules/conteudoonline/mostra_edicao.php?session=VGxWRk1rOVZTa0pOTUVWMFRYcEplVTVUTURCU1ZFazFURlZGTUZGcVozUlBWRWt6VGxWUmVWRnJUa2RPUkdkM1RWUmpNMDU2VlhkUFZGbDZUa0U5UFE9PQ==,LAKE\RJ\2026\03\DOERJ_PARTE_I_PODER_EXECUTIVO_2026-03-16.md,D:\github\exoneracoes_nomeacoes_dou\saida\RJ\DOERJ_2026.csv,2044,exoneracao,2026-03-13,do cargo em comissão de Assessor (Das-7),,3,sim,2026-03-13,do cargo em comissão de Assessor (Das-7),,3,sim,nao,,,
ALAN VIEIRA,3,RJ,Diario Oficial do Estado do Rio de Janeiro,2026-03-16,2026,nomeacao,ALAN VIEIRA,ALAN VIEIRA,sim,ALAN VIEIRA:PER,do cargo em comissão de Assessor,,Parte I (Poder Executivo),https://www.ioerj.com.br/portal/modules/conteudoonline/mostra_edicao.php?session=VGxWRk1rOVZTa0pOTUVWMFRYcEplVTVUTURCU1ZFazFURlZGTUZGcVozUlBWRWt6VGxWUmVWRnJUa2RPUkdkM1RWUmpNMDU2VlhoTlZGazBUbEU5UFE9PQ==,LAKE\RJ\2026\03\DOERJ_PARTE_I_PODER_EXECUTIVO_2026-03-16.md,D:\github\exoneracoes_nomeacoes_dou\saida\RJ\DOERJ_2026.csv,2916,nomeacao,2026-03-16,do cargo em comissão de Assessor,,0,sim,2026-03-13,do cargo em comissão de Assessor (Das-7),,3,sim,nao,,,
ALAN VIEIRA,4,RJ,Diario Oficial do Estado do Rio de Janeiro,2026-03-20,2026,nomeacao,ALAN VIEIRA,ALAN VIEIRA,sim,ALAN VIEIRA:PER,do cargo em comissão de Diretor,,Parte I (Poder Executivo),https://www.ioerj.com.br/portal/modules/conteudoonline/mostra_edicao.php?session=VVhwR1EwNUZWVEJSYTBsMFQxVk5kMDlUTURCTk1Fa3hURlZKZWxKRlJYUk5NRkpEVVZWRk1sRXdUWGRPVlZWM1RWUmpNMDU2VlhkUFZFRTBUbmM5UFE9PQ==,LAKE\RJ\2026\03\DOERJ_PARTE_I_PODER_EXECUTIVO_2026-03-20.md,D:\github\exoneracoes_nomeacoes_dou\saida\RJ\DOERJ_2026.csv,1715,nomeacao,2026-03-16,do cargo em comissão de Assessor,,4,sim,2026-03-13,do cargo em comissão de Assessor (Das-7),,7,sim,nao,,,
ALESSANDRA MACHADO MAHMOUD,2,RJ,Diario Oficial do Estado do Rio de Janeiro,2026-01-19,2026,nomeacao,ALESSANDRA MACHADO MAHMOUD,ALESSANDRA MACHADO MAHMOUD,sim,ALESSANDRA MACHADO MAHMOUD:MISC|Alessandra Machado Mahmoud:PER,,,Parte I (Poder Executivo),https://www.ioerj.com.br/portal/modules/conteudoonline/mostra_edicao.php?session=VWtWT1FsSkVSWGhOYTBWMFRYcEplVkZwTURCUFZGWkdURlZKTUZGVVVYUlJWR014VWtSc1ExRjZRa2RSVlZsM1RWUmpNMDU2VlhoTmFsRjNUMEU5UFE9PQ==,LAKE\RJ\2026\01\DOERJ_PARTE_I_PODER_EXECUTIVO_2026-01-19.md,D:\github\exoneracoes_nomeacoes_dou\saida\RJ\DOERJ_2026.csv,3838,exoneracao,2026-01-15,do cargo em comissão de Assistente,da Subsecretaria Téc- nico-Executiva,4,sim,2026-01-15,do cargo em comissão de Assistente,da Subsecretaria Téc- nico-Executiva,4,nao,nao,,,
ALESSANDRA MACHADO MAHMOUD,4,RJ,Diario Oficial do Estado do Rio de Janeiro,2026-02-04,2026,nomeacao,ALESSANDRA MACHADO MAHMOUD,ALESSANDRA MACHADO MAHMOUD,sim,ALESSANDRA MACHADO MAHMOUD:MISC|Alessandra Machado Mahmoud:PER,,,Parte I (Poder Executivo),https://www.ioerj.com.br/portal/modules/conteudoonline/mostra_edicao.php?session=VW1wWmVrNUVaRVJOYTFWMFRWVkZOVTVETURCUFJVVXhURlZLUjAxVVVYUlBSVkV3VVZWS1FsSkZTVEJSVkVVeFRWUmpNMDU2VlhoTmFrVjNUMUU5UFE9PQ==,LAKE\RJ\2026\02\DOERJ_PARTE_I_PODER_EXECUTIVO_2026-02-04.md,D:\github\exoneracoes_nomeacoes_dou\saida\RJ\DOERJ_2026.csv,3420,exoneracao,2026-02-03,do cargo em comissão de Coordenador,,1,sim,2026-02-03,do cargo em comissão de Coordenador,,1,nao,nao,,,
ALESSANDRA VASQUES WERNER,2,RJ,Diario Oficial do Estado do Rio de Janeiro,2026-01-08,2026,nomeacao,ALESSANDRA VASQUES WERNER,ALESSANDRA VASQUES WERNER,sim,VASQUES WERNER:MISC|Alessandra Vasques Werner:PER,da Assessoria da Presidência,da Fundação Leão XIII,Parte I (Poder Executivo),https://www.ioerj.com.br/portal/modules/conteudoonline/mostra_edicao.php?session=VFVSTk1rMTZVVE5QUlZGMFRYcHNSMDlUTURCTlZFVjVURlZGTlU1RVkzUlJhMVV3VVRCU1JrOUZVa1pQVkd4SFRWUmpNMDU2VlhoTmFsbDZUV2M5UFE9PQ==,LAKE\RJ\2026\01\DOERJ_PARTE_I_PODER_EXECUTIVO_2026-01-08.md,D:\github\exoneracoes_nomeacoes_dou\saida\RJ\DOERJ_2026.csv,4100,exoneracao,2026-01-08,do cargo em comissão de Chefe de Gabinete,da Fundação Santa Cabrini - FSC,0,sim,2026-01-08,do cargo em comissão de Chefe de Gabinete,da Fundação Santa Cabrini - FSC,0,sim,sim,,,
ALESSANDRO GARITANO,2,RJ,Diario Oficial do Estado do Rio de Janeiro,2025-11-14,2025,nomeacao,ALESSANDRO GARITANO,ALESSANDRO GARITANO,sim,ALESSANDRO GARITANO:PER,,do Instituto de Terras e Cartografia do Estado do Rio de Janeiro - ITERJ,Parte I (Poder Executivo),https://www.ioerj.com.br/portal/modules/conteudoonline/mostra_edicao.php?session=VWtSak0xSlVaekJOYW1OMFRYcEdSazVETURCTmVrVjNURlZGTUUxclNYUlJhMWt5VGxWWk0wMHdXVEJTYTA1Q1RWUmpNMDU2VlhoTmVsRjNUbWM5UFE9PQ==,LAKE\RJ\2025\11\DOERJ_PARTE_I_PODER_EXECUTIVO_2025-11-14.md,D:\github\exoneracoes_nomeacoes_dou\saida\RJ\DOERJ_2025.csv,953,exoneracao,2025-11-14,do cargo em comissão de Gerente,do Instituto de Terras e Cartografia do Estado do Rio de Janeiro - ITERJ,0,sim,2025-11-14,do cargo em comissão de Gerente,do Instituto de Terras e Cartografia do Estado do Rio de Janeiro - ITERJ,0,nao,nao,,,
ALESSANDRO ROSA DE CARVALHO,2,RJ,Diario Oficial do Estado do Rio de Janeiro,2024-12-11,2024,nomeacao,ALESSANDRO ROSA DE CARVALHO,ALESSANDRO ROSA DE CARVALHO,sim,ALESSANDRO ROSA DE CARVALHO:PER,,do Gabinete de Segurança Institucional do Governo do Estado do Rio de Janeiro - GSI-RJ,Parte I (Poder Executivo),https://www.ioerj.com.br/portal/modules/conteudoonline/mostra_edicao.php?session=VVdwVmVFNTZRVE5OUlZGMFVWUk5lbEpwTURCTlJFWkVURlJyTlZGcVNYUk5SVWw0VGtWVk1GSlVSVE5QVkdONlRWUmpNMDU2VlhoUFJGa3pUbmM5UFE9PQ==,LAKE\RJ\2024\12\DOERJ_PARTE_I_PODER_EXECUTIVO_2024-12-11.md,D:\github\exoneracoes_nomeacoes_dou\saida\RJ\DOERJ_2024.csv,163,exoneracao,2024-12-11,do cargo em comissão de Coordenador,da Superintendência de Avaliação de Cenários e Análise de Riscos,0,sim,2024-12-11,do cargo em comissão de Coordenador,da Superintendência de Avaliação de Cenários e Análise de Riscos,0,nao,sim,,,
ALESSANDRO THIAGO FRANCISCO,2,RJ,Diario Oficial do Estado do Rio de Janeiro,2024-12-05,2024,nomeacao,ALESSANDRO THIAGO FRANCISCO,ALESSANDRO THIAGO FRANCISCO,sim,THIAGO:ORG|Alessandro Thiago Francisco:PER,para exercer o cargo em comissão de Assessor da Vice￾Presidência,da Fundação de Apoio à Escola Téc￾nica do Estado do Rio de Janeiro - FAETEC,Parte I (Poder Executivo),https://www.ioerj.com.br/portal/modules/conteudoonline/mostra_edicao.php?session=VWtWT1FrOUVRa05OYWtGMFRXcFdRMUZUTURCTmVrRXdURlZKTlU1RVozUlBWR016VFhwQ1JrMTZTWGRPUkZwSFRWUmpNMDU2VlhoUFJGazFUbWM5UFE9PQ==,LAKE\RJ\2024\12\DOERJ_PARTE_I_PODER_EXECUTIVO_2024-12-05.md,D:\github\exoneracoes_nomeacoes_dou\saida\RJ\DOERJ_2024.csv,311,exoneracao,2024-12-02,do cargo em comissão de Assistente,,3,sim,2024-12-02,do cargo em comissão de Assistente,,3,sim,nao,,,
ALEXANDRA MATTOS DE SOUZA,2,RJ,Diario Oficial do Estado do Rio de Janeiro,2024-12-05,2024,nomeacao,ALEXANDRA MATTOS DE SOUZA,ALEXANDRA MATTOS DE SOUZA,sim,Alexandra Mattos De Souza:PER,para exercer o cargo em comissão de Assessor,,Parte I (Poder Executivo),https://www.ioerj.com.br/portal/modules/conteudoonline/mostra_edicao.php?session=VWtWT1FrOUVRa05OYWtGMFRXcFdRMUZUTURCTmVrRXdURlZKTlU1RVozUlBWR016VFhwQ1JrMTZTWGRPUkZwSFRWUmpNMDU2VlhoUFJGazFUbWM5UFE9PQ==,LAKE\RJ\2024\12\DOERJ_PARTE_I_PODER_EXECUTIVO_2024-12-05.md,D:\github\exoneracoes_nomeacoes_dou\saida\RJ\DOERJ_2024.csv,377,exoneracao,2024-12-05,do cargo em comissão de Superintendente,da Superintendência de Captação de Recursos,0,sim,2024-12-05,do cargo em comissão de Superintendente,da Superintendência de Captação de Recursos,0,sim,nao,,,
ALEXANDRE BASTOS MATTIOLI,2,RJ,Diario Oficial do Estado do Rio de Janeiro,2024-10-07,2024,nomeacao,ALEXANDRE BASTOS MATTIOLI,ALEXANDRE BASTOS MATTIOLI,sim,ALEXANDRE:MISC|Alexandre Bastos Mattioli:PER,para exercer o cargo em comissão de Diretor de Divisão,do Departamento de Trânsito do Estado do Rio de Janeiro - DETRAN/RJ,Parte I (Poder Executivo),https://www.ioerj.com.br/portal/modules/conteudoonline/mostra_edicao.php?session=VFVSVk1sRnFUVEZPYW1OMFRucEJORTFwTURCUmEwbDVURlZKZWsxRWEzUlJhbEV4VDBSc1JrMUZWa05PYTBsM1RWUmpNMDU2VlhoUFJHY3pUMEU5UFE9PQ==,LAKE\RJ\2024\10\DOERJ_PARTE_I_PODER_EXECUTIVO_2024-10-07.md,D:\github\exoneracoes_nomeacoes_dou\saida\RJ\DOERJ_2024.csv,1771,exoneracao,2024-10-07,do cargo em comissão de Diretor de Divisão,do Departamento de Trânsito do Estado do Rio de Janeiro - DETRAN/RJ,0,sim,2024-10-07,do cargo em comissão de Diretor de Divisão,do Departamento de Trânsito do Estado do Rio de Janeiro - DETRAN/RJ,0,sim,nao,,,
ALEXANDRE EMILIO ZALUAR,2,RJ,Diario Oficial do Estado do Rio de Janeiro,2024-12-02,2024,nomeacao,ALEXANDRE EMILIO ZALUAR,ALEXANDRE EMILIO ZALUAR,sim,ALEXANDRE:MISC|ZALUAR:MISC|Alexandre Emilio Zaluar:PER,,da Superintendência de Gestão das Obrigações,Parte I (Poder Executivo),https://www.ioerj.com.br/portal/modules/conteudoonline/mostra_edicao.php?session=VWtWU1FsRnJUVFZQUkVWMFVsUldSRTFUTURCU1JFa3pURlJzUms0d1JYUk5SRmw0VDBWSmQwMTZiRU5QVkdoRlRWUmpNMDU2VlhoUFJHTjNUMUU5UFE9PQ==,LAKE\RJ\2024\12\DOERJ_PARTE_I_PODER_EXECUTIVO_2024-12-02.md,D:\github\exoneracoes_nomeacoes_dou\saida\RJ\DOERJ_2024.csv,457,exoneracao,2024-12-02,do cargo em comissão de Diretor de Divisão,do Departamento Geral de Administração e Finanças,0,sim,2024-12-02,do cargo em comissão de Diretor de Divisão,do Departamento Geral de Administração e Finanças,0,nao,sim,,,
ALEXANDRE JOSE SILVA SABINO,2,RJ,Diario Oficial do Estado do Rio de Janeiro,2026-01-22,2026,nomeacao,ALEXANDRE JOSÉ SILVA SABINO,ALEXANDRE JOSÉ SILVA SABINO,sim,JOSÉ SILVA:PER,para exercer o cargo em comissão de Assessor,,Parte I (Poder Executivo),https://www.ioerj.com.br/portal/modules/conteudoonline/mostra_edicao.php?session=VW10Vk5FNVVSa0pQVkZsMFRWVk5ORTFwTURCT1JFNUNURlJyTVUxclJYUlJla0Y2VWtSQk5WSkZSa05TYWxWNFRWUmpNMDU2VlhoTmFrMHdUMEU5UFE9PQ==,LAKE\RJ\2026\01\DOERJ_PARTE_I_PODER_EXECUTIVO_2026-01-22.md,D:\github\exoneracoes_nomeacoes_dou\saida\RJ\DOERJ_2026.csv,3746,exoneracao,2026-01-22,do cargo em comissão de Assistente II,,0,sim,2026-01-22,do cargo em comissão de Assistente II,,0,sim,nao,,,
ALEXANDRE MAURO PRADO,2,RJ,Diario Oficial do Estado do Rio de Janeiro,2025-12-03,2025,nomeacao,ALEXANDRE MAURO PRADO,ALEXANDRE MAURO PRADO,sim,MAURO PRADO:PER,para exercer o cargo em comissão de Assessor,,Parte I (Poder Executivo),https://www.ioerj.com.br/portal/modules/conteudoonline/mostra_edicao.php?session=VG5wQk1FNTZWVE5PUlUxMFRtcG5NVTVUTURCTlZFNUNURlJvUWxKVlNYUlBWR2Q2VFZSQk1sSlZVWGRPTUZwRFRWUmpNMDU2VlhoTmVrVXhUVkU5UFE9PQ==,LAKE\RJ\2025\12\DOERJ_PARTE_I_PODER_EXECUTIVO_2025-12-03.md,D:\github\exoneracoes_nomeacoes_dou\saida\RJ\DOERJ_2025.csv,432,exoneracao,2025-12-03,do cargo de Subsecretário,,0,sim,2025-12-03,do cargo de Subsecretário,,0,sim,nao,,,
ALEXANDRE PEREIRA VELLOSO,2,RJ,Diario Oficial do Estado do Rio de Janeiro,2026-03-19,2026,nomeacao,ALEXANDRE PEREIRA VELLOSO,ALEXANDRE PEREIRA VELLOSO,sim,ALEXANDRE:MISC|PEREIRA:LOC|VELLOSO:MISC|Alexandre Pereira Velloso:PER,para exercer o cargo de Presidente,,Parte I (Poder Executivo),https://www.ioerj.com.br/portal/modules/conteudoonline/mostra_edicao.php?session=VFZWTmVrMTZhekpOVkd0MFRtcGpNRkZUTURCT1ZFRXdURlZKTWsxRVVYUlBSRWsxVW1wWk1FNUVaelZTYTFFeVRWUmpNMDU2VlhkUFZFa3hUbWM5UFE9PQ==,LAKE\RJ\2026\03\DOERJ_PARTE_I_PODER_EXECUTIVO_2026-03-19.md,D:\github\exoneracoes_nomeacoes_dou\saida\RJ\DOERJ_2026.csv,1737,exoneracao,2026-03-19,do cargo de Vice-Presidente,,0,sim,2026-03-19,do cargo de Vice-Presidente,,0,sim,nao,,,
ALEXANDRE RIBEIRO PINTO,2,RJ,Diario Oficial do Estado do Rio de Janeiro,2025-11-05,2025,nomeacao,ALEXANDRE RIBEIRO PINTO,ALEXANDRE RIBEIRO PINTO,sim,ALEXANDRE:PER,,,Parte I (Poder Executivo),https://www.ioerj.com.br/portal/modules/conteudoonline/mostra_edicao.php?session=VFZSV1JVNVZXWGxPZWtGMFRsUm9SVTlUTURCT2Fsa3dURlJzUjAxcVRYUk9SVVV3VW1wVmVVOUZUa05SZWxwR1RWUmpNMDU2VlhoTmVsVjZUMEU5UFE9PQ==,LAKE\RJ\2025\11\DOERJ_PARTE_I_PODER_EXECUTIVO_2025-11-05.md,D:\github\exoneracoes_nomeacoes_dou\saida\RJ\DOERJ_2025.csv,1165,exoneracao,2025-11-05,do cargo em comissão de Ajudante I,,0,sim,2025-11-05,do cargo em comissão de Ajudante I,,0,nao,nao,,,
ALINE CARVALHO FERREIRA,2,RJ,Diario Oficial do Estado do Rio de Janeiro,2026-03-16,2026,nomeacao,ALINE CARVALHO FERREIRA,ALINE CARVALHO FERREIRA,sim,ALINE:ORG|FERREIRA:ORG|Aline Carvalho Ferreira:PER,da Assessoria Executiva,da Subsecretaria Executiva,Parte I (Poder Executivo),https://www.ioerj.com.br/portal/modules/conteudoonline/mostra_edicao.php?session=VGxWRk1rOVZTa0pOTUVWMFRYcEplVTVUTURCU1ZFazFURlZGTUZGcVozUlBWRWt6VGxWUmVWRnJUa2RPUkdkM1RWUmpNMDU2VlhkUFZGbDZUa0U5UFE9PQ==,LAKE\RJ\2026\03\DOERJ_PARTE_I_PODER_EXECUTIVO_2026-03-16.md,D:\github\exoneracoes_nomeacoes_dou\saida\RJ\DOERJ_2026.csv,2027,exoneracao,2026-02-27,do cargo em comissão de Coordenador,da Fundação Centro de Ciências e Educação Superior À Distância do Estado do Rio de Janeiro - CECIERJ,17,sim,2026-02-27,do cargo em comissão de Coordenador,da Fundação Centro de Ciências e Educação Superior À Distância do Estado do Rio de Janeiro - CECIERJ,17,sim,sim,,,
ALINE CARVALHO FERREIRA,3,RJ,Diario Oficial do Estado do Rio de Janeiro,2026-03-16,2026,nomeacao,ALINE CARVALHO FERREIRA,ALINE CARVALHO FERREIRA,sim,ALINE:ORG|FERREIRA:ORG|Aline Carvalho Ferreira:PER,da Assessoria Executiva,da Subsecretaria Executiva,Parte I (Poder Executivo),https://www.ioerj.com.br/portal/modules/conteudoonline/mostra_edicao.php?session=VGxWRk1rOVZTa0pOTUVWMFRYcEplVTVUTURCU1ZFazFURlZGTUZGcVozUlBWRWt6VGxWUmVWRnJUa2RPUkdkM1RWUmpNMDU2VlhoTlZGazBUbEU5UFE9PQ==,LAKE\RJ\2026\03\DOERJ_PARTE_I_PODER_EXECUTIVO_2026-03-16.md,D:\github\exoneracoes_nomeacoes_dou\saida\RJ\DOERJ_2026.csv,2907,nomeacao,2026-03-16,da Assessoria Executiva,da Subsecretaria Executiva,0,sim,2026-02-27,do cargo em comissão de Coordenador,da Fundação Centro de Ciências e Educação Superior À Distância do Estado do Rio de Janeiro - CECIERJ,17,sim,sim,,,
ALINE CRISTINA DA SILVA CUNHA PRESTES,2,RJ,Diario Oficial do Estado do Rio de Janeiro,2026-03-20,2026,nomeacao,ALINE CRISTINA DA SILVA CUNHA PRESTES,ALINE CRISTINA DA SILVA CUNHA PRESTES,sim,ALINE CRISTINA DA SILVA CUNHA PRESTES:MISC|Aline Cristina Da Silva:PER,para exercer o cargo em comissão de Ajudante I,da Subsecretaria de Planejamento e Inovação da,Parte I (Poder Executivo),https://www.ioerj.com.br/portal/modules/conteudoonline/mostra_edicao.php?session=VVhwR1EwNUZWVEJSYTBsMFQxVk5kMDlUTURCTk1Fa3hURlZKZWxKRlJYUk5NRkpEVVZWRk1sRXdUWGRPVlZWM1RWUmpNMDU2VlhkUFZFRTBUbmM5UFE9PQ==,LAKE\RJ\2026\03\DOERJ_PARTE_I_PODER_EXECUTIVO_2026-03-20.md,D:\github\exoneracoes_nomeacoes_dou\saida\RJ\DOERJ_2026.csv,1660,exoneracao,2026-03-13,do cargo em comissão de Ajudante I,,7,sim,2026-03-13,do cargo em comissão de Ajudante I,,7,sim,nao,,,
ALINE GOMES MEDEIROS,2,RJ,Diario Oficial do Estado do Rio de Janeiro,2026-03-24,2026,nomeacao,ALINE GOMES MEDEIROS,ALINE GOMES MEDEIROS,sim,ALINE:ORG|MEDEIROS:MISC|Aline Gomes Medeiros:PER,para exercer o cargo em comissão de Coordenador,da Subsecretaria de Gestão Administrativa,Parte I (Poder Executivo),https://www.ioerj.com.br/portal/modules/conteudoonline/mostra_edicao.php?session=VGxSak0wMXJVWGxPTUVsMFRrUm5lVTlUTURCUFJFRXlURlZHUTA1RVRYUlNhMFY2VGtWT1JGRlZVVEJQVlUxNlRWUmpNMDU2VlhkUFJHTTBUbmM5UFE9PQ==,LAKE\RJ\2026\03\DOERJ_PARTE_I_PODER_EXECUTIVO_2026-03-24.md,D:\github\exoneracoes_nomeacoes_dou\saida\RJ\DOERJ_2026.csv,1407,exoneracao,2026-03-02,do cargo em comissão de Assistente,,22,sim,2026-03-02,do cargo em comissão de Assistente,,22,sim,nao,,,
ALINE PAPERA MONTEIRO NESTI,2,RJ,Diario Oficial do Estado do Rio de Janeiro,2024-12-02,2024,nomeacao,ALINE PAPERA MONTEIRO NESTI,ALINE PAPERA MONTEIRO NESTI,sim,PAPERA:MISC|Aline Papera Monteiro Nesti:PER,,do Instituto de Assistência dos Servidores do Estado do Rio de Janeiro - IASERJ,Parte I (Poder Executivo),https://www.ioerj.com.br/portal/modules/conteudoonline/mostra_edicao.php?session=VWtWU1FsRnJUVFZQUkVWMFVsUldSRTFUTURCU1JFa3pURlJzUms0d1JYUk5SRmw0VDBWSmQwMTZiRU5QVkdoRlRWUmpNMDU2VlhoUFJHTjNUMUU5UFE9PQ==,LAKE\RJ\2024\12\DOERJ_PARTE_I_PODER_EXECUTIVO_2024-12-02.md,D:\github\exoneracoes_nomeacoes_dou\saida\RJ\DOERJ_2024.csv,425,exoneracao,2024-12-02,do cargo em comissão de Assistente II,,0,sim,2024-12-02,do cargo em comissão de Assistente II,,0,nao,nao,,,
ALINE PEREIRA,2,RJ,Diario Oficial do Estado do Rio de Janeiro,2026-03-25,2026,nomeacao,ALINE PEREIRA,ALINE PEREIRA,sim,ALINE PEREIRA:MISC|Aline Pereira:PER,,do Instituto da Região Metropolitana do Estado do Rio de Janeiro - RIOMETROPOLE,Parte I (Poder Executivo),https://www.ioerj.com.br/portal/modules/conteudoonline/mostra_edicao.php?session=VWtWV1ExSkVaM2RPVkVsMFVYcFpOVTFwTURCU2FsWkdURlJvUjFKRlZYUlNWRVpDVVZWUk0wMXJUVE5SVkVFMVRWUmpNMDU2VlhkUFJGbDZUbEU5UFE9PQ==,LAKE\RJ\2026\03\DOERJ_PARTE_I_PODER_EXECUTIVO_2026-03-25.md,D:\github\exoneracoes_nomeacoes_dou\saida\RJ\DOERJ_2026.csv,1285,exoneracao,2026-03-19,do cargo em comissão de Assessor,do Instituto da Região Metropolitana do Estado do Rio de Janeiro - RIOMETROPOLE,6,sim,2026-03-19,do cargo em comissão de Assessor,do Instituto da Região Metropolitana do Estado do Rio de Janeiro - RIOMETROPOLE,6,nao,nao,,,
ALINE RIBEIRO MOREIRA,2,RJ,Diario Oficial do Estado do Rio de Janeiro,2024-10-04,2024,nomeacao,ALINE RIBEIRO MOREIRA,ALINE RIBEIRO MOREIRA,sim,ALINE RIBEIRO MOREIRA:MISC|Aline Ribeiro Moreira:PER,para exercer o cargo em comissão de Assistente II,,Parte I (Poder Executivo),https://www.ioerj.com.br/portal/modules/conteudoonline/mostra_edicao.php?session=VGxWUk5FMUZXVEJPZWtsMFRVVkdSVTE1TURCTmVsVTBURlJuTWs1clRYUk5NRnBIVFZSak1rNXJVa2RSYWtGNlRWUmpNMDU2VlhoUFJHYzBUWGM5UFE9PQ==,LAKE\RJ\2024\10\DOERJ_PARTE_I_PODER_EXECUTIVO_2024-10-04.md,D:\github\exoneracoes_nomeacoes_dou\saida\RJ\DOERJ_2024.csv,1802,exoneracao,2024-10-04,do cargo em comissão de Ajudante I,da Superintendência da Operação Segurança Presente,0,sim,2024-10-04,do cargo em comissão de Ajudante I,da Superintendência da Operação Segurança Presente,0,sim,nao,,,
ALISSON JOSE RAMOS BATISTA,2,RJ,Diario Oficial do Estado do Rio de Janeiro,2024-11-12,2024,nomeacao,ALISSON JOSE RAMOS BATISTA,ALISSON JOSE RAMOS BATISTA,sim,ALISSON JOSE RAMOS:PER,para exercer o cargo em comissão de Coordenador,da Superintendência de Gestão de Caixa,Parte I (Poder Executivo),https://www.ioerj.com.br/portal/modules/conteudoonline/mostra_edicao.php?session=VGxWRk1VNUVhekZPYWtGMFRWUk5NbEpwTURCU1JFRjZURlJyZWs0d1dYUlJWRWsxVVdwck1sSlVTa1JOZWxwSFRWUmpNMDU2VlhoUFJHTXhUbmM5UFE9PQ==,LAKE\RJ\2024\11\DOERJ_PARTE_I_PODER_EXECUTIVO_2024-11-12.md,D:\github\exoneracoes_nomeacoes_dou\saida\RJ\DOERJ_2024.csv,737,exoneracao,2024-11-12,do cargo em comissão de Assistente,da Subsecretaria do Tesouro do Estado do Rio de Janeiro,0,sim,2024-11-12,do cargo em comissão de Assistente,da Subsecretaria do Tesouro do Estado do Rio de Janeiro,0,sim,sim,,,
ALLAN COSTA DOS REIS,2,RJ,Diario Oficial do Estado do Rio de Janeiro,2026-04-27,2026,nomeacao,ALLAN COSTA DOS REIS,ALLAN COSTA DOS REIS,sim,ALLAN COSTA DOS REIS:MISC|Allan Costa Dos Reis:PER,,,Parte I (Poder Executivo),https://www.ioerj.com.br/portal/modules/conteudoonline/mostra_edicao.php?session=VGtSQ1IwMXJXVEZSVkZsMFRqQlpNRkY1TURCT01GVjRURlZKZDAxRVNYUlBSVVYzVDFSRk0wOVViRUpTUkZreFRWUmpNMDU2VlhkT2FtTXdUWGM5UFE9PQ==,LAKE\RJ\2026\04\DOERJ_PARTE_I_PODER_EXECUTIVO_2026-04-27.md,D:\github\exoneracoes_nomeacoes_dou\saida\RJ\DOERJ_2026.csv,276,exoneracao,2026-04-20,do cargo de Assessor Chefe,,7,sim,2026-04-20,do cargo de Assessor Chefe,,7,nao,nao,,,
ALTAIR SILVA,2,RJ,Diario Oficial do Estado do Rio de Janeiro,2024-12-05,2024,nomeacao,ALTAIR SILVA,ALTAIR SILVA,sim,ALTAIR SILVA:MISC|Altair Silva:PER,para exercer o cargo em comissão de Ajudante I,,Parte I (Poder Executivo),https://www.ioerj.com.br/portal/modules/conteudoonline/mostra_edicao.php?session=VWtWT1FrOUVRa05OYWtGMFRXcFdRMUZUTURCTmVrRXdURlZKTlU1RVozUlBWR016VFhwQ1JrMTZTWGRPUkZwSFRWUmpNMDU2VlhoUFJGazFUbWM5UFE9PQ==,LAKE\RJ\2024\12\DOERJ_PARTE_I_PODER_EXECUTIVO_2024-12-05.md,D:\github\exoneracoes_nomeacoes_dou\saida\RJ\DOERJ_2024.csv,322,exoneracao,2024-12-05,do cargo em comissão de Ajudante I,,0,sim,2024-12-05,do cargo em comissão de Ajudante I,,0,sim,nao,,,
AMANDA ARAUJO DE PAIVA LORENA,2,RJ,Diario Oficial do Estado do Rio de Janeiro,2024-10-11,2024,nomeacao,AMANDA ARAUJO DE PAIVA LORENA,AMANDA ARAUJO DE PAIVA LORENA,sim,ARAUJO:MISC|Amanda Araujo De Paiva:PER,para exercer o cargo em comissão de Coordenador,da Superintendência de Cerimonial e Eventos,Parte I (Poder Executivo),https://www.ioerj.com.br/portal/modules/conteudoonline/mostra_edicao.php?session=VGxSQ1JWSnJXVEZTVkZsMFRWUmFSVTVwTURCT1JVMDFURlZGTUU1clRYUk9WRUpDVDFSU1IwOVVRa2RTUlZGNVRWUmpNMDU2VlhoUFJHY3hUMEU5UFE9PQ==,LAKE\RJ\2024\10\DOERJ_PARTE_I_PODER_EXECUTIVO_2024-10-11.md,D:\github\exoneracoes_nomeacoes_dou\saida\RJ\DOERJ_2024.csv,1631,exoneracao,2024-10-11,do cargo em comissão de Assessor,da Superintendência de Cerimonial e Eventos,0,sim,2024-10-11,do cargo em comissão de Assessor,da Superintendência de Cerimonial e Eventos,0,sim,nao,,,
AMANDA BARBOSA DE FARIAS,2,RJ,Diario Oficial do Estado do Rio de Janeiro,2026-03-24,2026,nomeacao,AMANDA BARBOSA DE FARIAS,AMANDA BARBOSA DE FARIAS,sim,BARBOSA:MISC|Amanda Barbosa:PER,,,Parte I (Poder Executivo),https://www.ioerj.com.br/portal/modules/conteudoonline/mostra_edicao.php?session=VGxSak0wMXJVWGxPTUVsMFRrUm5lVTlUTURCUFJFRXlURlZHUTA1RVRYUlNhMFY2VGtWT1JGRlZVVEJQVlUxNlRWUmpNMDU2VlhkUFJHTTBUbmM5UFE9PQ==,LAKE\RJ\2026\03\DOERJ_PARTE_I_PODER_EXECUTIVO_2026-03-24.md,D:\github\exoneracoes_nomeacoes_dou\saida\RJ\DOERJ_2026.csv,1449,exoneracao,2026-03-19,do cargo em comissão de Assessor,,5,sim,2026-03-19,do cargo em comissão de Assessor,,5,nao,nao,,,
AMANDA MONTAVANELI CARVALHO,2,RJ,Diario Oficial do Estado do Rio de Janeiro,2025-11-19,2025,nomeacao,AMANDA MONTAVANELI CARVALHO,AMANDA MONTAVANELI CARVALHO,sim,AMANDA MONTAVANELI CARVALHO:MISC|Amanda Montavaneli Carvalho:PER,,do Instituto Estadual do Ambiente - INEA,Parte I (Poder Executivo),https://www.ioerj.com.br/portal/modules/conteudoonline/mostra_edicao.php?session=VVZWWmVrNHdSVE5OVkdkMFRrUlZlRTlETURCTmFrVXlURlJuZUUxRldYUlJWVTE2VFd0Uk1sSlVRVEpOUlUxNFRWUmpNMDU2VlhoTmVrMTVUMEU5UFE9PQ==,LAKE\RJ\2025\11\DOERJ_PARTE_I_PODER_EXECUTIVO_2025-11-19.md,D:\github\exoneracoes_nomeacoes_dou\saida\RJ\DOERJ_2025.csv,768,exoneracao,2024-11-28,do cargo em comissão de Assessor Técnico,do Instituto Estadual do Ambiente - INEA,356,sim,2024-11-28,do cargo em comissão de Assessor Técnico,do Instituto Estadual do Ambiente - INEA,356,nao,nao,,,
ANA BEATRIZ DE SOUZA,2,RJ,Diario Oficial do Estado do Rio de Janeiro,2024-12-04,2024,nomeacao,ANA BEATRIZ DE SOUZA,ANA BEATRIZ DE SOUZA,sim,Ana Beatriz De Souza:PER,,,Parte I (Poder Executivo),https://www.ioerj.com.br/portal/modules/conteudoonline/mostra_edicao.php?session=VFZSSmQwNUViRUpSVkVWMFRYcGplVTlETURCUlZHTXpURlZKTWs5RVVYUk5lbXN3VG5wRk0wMVZWVFZPVlVreFRWUmpNMDU2VlhoUFJHTjNUVkU5UFE9PQ==,LAKE\RJ\2024\12\DOERJ_PARTE_I_PODER_EXECUTIVO_2024-12-04.md,D:\github\exoneracoes_nomeacoes_dou\saida\RJ\DOERJ_2024.csv,408,exoneracao,2024-12-04,do cargo em comissão de Assessor Técnico,da Superintendência de Desportos do Estado do Rio de Janeiro - SU￾DERJ,0,sim,2024-12-04,do cargo em comissão de Assessor Técnico,da Superintendência de Desportos do Estado do Rio de Janeiro - SU￾DERJ,0,nao,nao,,,
ANA CAROLINA DE ABREU PESSOA,2,RJ,Diario Oficial do Estado do Rio de Janeiro,2024-11-11,2024,nomeacao,ANA CAROLINA DE ABREU PESSOA,ANA CAROLINA DE ABREU PESSOA,sim,ANA CAROLINA DE ABREU PESSOA:PER,,,Parte I (Poder Executivo),https://www.ioerj.com.br/portal/modules/conteudoonline/mostra_edicao.php?session=VFdwRk5WSnFTVFZQUkZWMFRWUlplRkpwTURCTmVrRjVURlZLUlZGNlRYUlJWVlV4VGpCSmVsRlVVa1pOZW1zd1RWUmpNMDU2VlhoUFJHTXlUV2M5UFE9PQ==,LAKE\RJ\2024\11\DOERJ_PARTE_I_PODER_EXECUTIVO_2024-11-11.md,D:\github\exoneracoes_nomeacoes_dou\saida\RJ\DOERJ_2024.csv,817,exoneracao,2024-11-11,do cargo em comissão de Assistente,,0,sim,2024-11-11,do cargo em comissão de Assistente,,0,nao,nao,,,
ANA CAROLINA FARIA BRITO,2,RJ,Diario Oficial do Estado do Rio de Janeiro,2024-12-23,2024,nomeacao,ANA CAROLINA FARIA BRITO,ANA CAROLINA FARIA BRITO,sim,ANA CAROLINA FARIA BRITO:PER,,,Parte I (Poder Executivo),https://www.ioerj.com.br/portal/modules/conteudoonline/mostra_edicao.php?session=VDFSR1FrMUVhekpSYTFGMFVsVk9SMDVETURCUmEwMHpURlZKZVU5RlZYUk9hbEpHVVZWVk1rNUVSa2RPYTBVd1RWUmpNMDU2VlhoUFJGbDZUMEU5UFE9PQ==,LAKE\RJ\2024\12\DOERJ_PARTE_I_PODER_EXECUTIVO_2024-12-23.md,D:\github\exoneracoes_nomeacoes_dou\saida\RJ\DOERJ_2024.csv,34,exoneracao,2024-12-23,do cargo em comissão de Assessor II,do Instituto Estadual do Ambiente - INEA,0,sim,2024-12-23,do cargo em comissão de Assessor II,do Instituto Estadual do Ambiente - INEA,0,nao,nao,,,
ANA CAROLINA GOMES DE MELLO,2,RJ,Diario Oficial do Estado do Rio de Janeiro,2024-10-10,2024,nomeacao,ANA CAROLINA GOMES DE MELLO,ANA CAROLINA GOMES DE MELLO,sim,ANA CAROLINA GOMES DE MELLO:PER,para exercer o cargo em comissão de Assistente II,da Fundação Anita Mantuano de Artes do Estado do Rio de Janeiro - FUNARJ,Parte I (Poder Executivo),https://www.ioerj.com.br/portal/modules/conteudoonline/mostra_edicao.php?session=VFZSTmVrNVVXVEZOZW1kMFRtdE5NazVUTURCUmFra3pURlZKTWxKVldYUk5SVTVFVWtWT1EwMVZSa1JTVkUxNVRWUmpNMDU2VlhoUFJHY3lUWGM5UFE9PQ==,LAKE\RJ\2024\10\DOERJ_PARTE_I_PODER_EXECUTIVO_2024-10-10.md,D:\github\exoneracoes_nomeacoes_dou\saida\RJ\DOERJ_2024.csv,1708,exoneracao,2024-10-01,do cargo em comissão de Coordenador de Área,da Fundação Anita Mantuano de Artes do Estado do Rio de Janeiro - FUNARJ,9,sim,2024-10-01,do cargo em comissão de Coordenador de Área,da Fundação Anita Mantuano de Artes do Estado do Rio de Janeiro - FUNARJ,9,sim,nao,,,
ANA CAROLINA NOGUEIRA BEIRAO,2,RJ,Diario Oficial do Estado do Rio de Janeiro,2026-04-27,2026,nomeacao,ANA CAROLINA NOGUEIRA BEIRAO,ANA CAROLINA NOGUEIRA BEIRAO,sim,ANA CAROLINA NOGUEIRA BEIRAO:ORG|Ana Carolina Nogueira Beirao:PER,,,Parte I (Poder Executivo),https://www.ioerj.com.br/portal/modules/conteudoonline/mostra_edicao.php?session=VGtSQ1IwMXJXVEZSVkZsMFRqQlpNRkY1TURCT01GVjRURlZKZDAxRVNYUlBSVVYzVDFSRk0wOVViRUpTUkZreFRWUmpNMDU2VlhkT2FtTXdUWGM5UFE9PQ==,LAKE\RJ\2026\04\DOERJ_PARTE_I_PODER_EXECUTIVO_2026-04-27.md,D:\github\exoneracoes_nomeacoes_dou\saida\RJ\DOERJ_2026.csv,306,exoneracao,2026-03-13,do cargo em comissão de Assistente,,45,sim,2026-03-13,do cargo em comissão de Assistente,,45,nao,nao,,,
ANA CRISTINA RAMOS BRITTO TEIXEIRA,3,RJ,Diario Oficial do Estado do Rio de Janeiro,2026-03-27,2026,nomeacao,ANA CRISTINA RAMOS BRITTO TEIXEIRA,ANA CRISTINA RAMOS BRITTO TEIXEIRA,sim,ANA CRISTINA RAMOS:PER,para exercer o cargo em comissão de Assessor,da Superintendência Técnica de Infraestrutura e Logística,Parte I (Poder Executivo),https://www.ioerj.com.br/portal/modules/conteudoonline/mostra_edicao.php?session=VWtWSk1FNXJWa1pSTUVsMFVrUk5NMUZwTURCTlZVNUVURlZLUWs1VVdYUlJhbFY2VDFWSmVGSkZWVEpOUkVFMFRWUmpNMDU2VlhkUFJFMHpUV2M5UFE9PQ==,LAKE\RJ\2026\03\DOERJ_PARTE_I_PODER_EXECUTIVO_2026-03-27.md,D:\github\exoneracoes_nomeacoes_dou\saida\RJ\DOERJ_2026.csv,1166,exoneracao,2026-03-24,do cargo em comissão de Assistente II,da Subsecretaria de Gestão de Ensino,3,sim,2026-03-24,do cargo em comissão de Assistente II,da Subsecretaria de Gestão de Ensino,3,sim,sim,,,
ANA LUCIA FERNANDEZ BOTELHO,2,RJ,Diario Oficial do Estado do Rio de Janeiro,2026-04-15,2026,nomeacao,ANA LUCIA FERNANDEZ BOTELHO,ANA LUCIA FERNANDEZ BOTELHO,sim,ANA LUCIA:PER,,da Subsecretaria Executiva,Parte I (Poder Executivo),https://www.ioerj.com.br/portal/modules/conteudoonline/mostra_edicao.php?session=VG1wS1JGRlVXWGROZWxsMFQwUkplazlETURCUFZWSkNURlZKTlZKRldYUk5SVVV3VG10SmVrNUZXa1pTVlZrMFRWUmpNMDU2VlhkT2VrMTRUVkU5UFE9PQ==,LAKE\RJ\2026\04\DOERJ_PARTE_I_PODER_EXECUTIVO_2026-04-15.md,D:\github\exoneracoes_nomeacoes_dou\saida\RJ\DOERJ_2026.csv,864,exoneracao,2026-03-02,do cargo em comissão de Assistente,da Subsecretaria Executiva,44,sim,2026-03-02,do cargo em comissão de Assistente,da Subsecretaria Executiva,44,nao,nao,,,
ANA LUCIA GARCIA BARRETO,2,RJ,Diario Oficial do Estado do Rio de Janeiro,2024-12-09,2024,nomeacao,ANA LUCIA GARCIA BARRETO,ANA LUCIA GARCIA BARRETO,sim,BARRETO:ORG|Ana Lucia Garcia Barreto:PER,,do Gabinete do Secretário,Parte I (Poder Executivo),https://www.ioerj.com.br/portal/modules/conteudoonline/mostra_edicao.php?session=VVZSbmVsRnFVVFZOZWtsMFRqQk5ORTE1TURCUmVra3lURlZKZDFGVldYUlBWR3hFVVRCTk0wMXJVWGxPYWtaQ1RWUmpNMDU2VlhoUFJGazBUbmM5UFE9PQ==,LAKE\RJ\2024\12\DOERJ_PARTE_I_PODER_EXECUTIVO_2024-12-09.md,D:\github\exoneracoes_nomeacoes_dou\saida\RJ\DOERJ_2024.csv,251,exoneracao,2024-11-11,do cargo em comissão de Ajudante I,do Gabinete do Secretário,28,sim,2024-11-11,do cargo em comissão de Ajudante I,do Gabinete do Secretário,28,nao,nao,,,
ANA MARIA NASCIMENTO DA SILVA,2,RJ,Diario Oficial do Estado do Rio de Janeiro,2026-04-28,2026,nomeacao,ANA MARIA NASCIMENTO DA SILVA,ANA MARIA NASCIMENTO DA SILVA,sim,ANA MARIA NASCIMENTO DA SILVA:PER,para exercer o cargo em comissão de Assistente,da Subsecretaria de Relações Governamentais - Subrel,Parte I (Poder Executivo),https://www.ioerj.com.br/portal/modules/conteudoonline/mostra_edicao.php?session=VGtSYVFrMXJTWGRQUlZsMFVXcGpNRTVwTURCU1ZFVjNURlJzUkU5VVVYUlJlbGt5VDBSS1ExSnFXWHBOYWxWNlRWUmpNMDU2VlhkT2FsbDNUMUU5UFE9PQ==,LAKE\RJ\2026\04\DOERJ_PARTE_I_PODER_EXECUTIVO_2026-04-28.md,D:\github\exoneracoes_nomeacoes_dou\saida\RJ\DOERJ_2026.csv,255,exoneracao,2026-04-17,do cargo em comissão de Assistente,,11,sim,2026-04-17,do cargo em comissão de Assistente,,11,sim,nao,,,
ANDERSON DE AZEVEDO COELHO,2,RJ,Diario Oficial do Estado do Rio de Janeiro,2026-03-20,2026,nomeacao,ANDERSON DE AZEVEDO COELHO,ANDERSON DE AZEVEDO COELHO,sim,ANDERSON:MISC|Anderson De Azevedo Coelho:PER,para exercer o cargo de Secretário de Estado,,Parte I (Poder Executivo),https://www.ioerj.com.br/portal/modules/conteudoonline/mostra_edicao.php?session=VVhwR1EwNUZWVEJSYTBsMFQxVk5kMDlUTURCTk1Fa3hURlZKZWxKRlJYUk5NRkpEVVZWRk1sRXdUWGRPVlZWM1RWUmpNMDU2VlhkUFZFRTBUbmM5UFE9PQ==,LAKE\RJ\2026\03\DOERJ_PARTE_I_PODER_EXECUTIVO_2026-03-20.md,D:\github\exoneracoes_nomeacoes_dou\saida\RJ\DOERJ_2026.csv,1594,exoneracao,2026-03-20,do cargo de Chefe de Gabinete,,0,sim,2026-03-20,do cargo de Chefe de Gabinete,,0,sim,nao,,,
ANDERSON DE OLIVEIRA VERDAM,2,RJ,Diario Oficial do Estado do Rio de Janeiro,2026-04-14,2026,nomeacao,ANDERSON DE OLIVEIRA VERDAM,ANDERSON DE OLIVEIRA VERDAM,sim,ANDERSON:MISC|Anderson De Oliveira Verdam:PER,,do Departamento de Trânsito do Estado do Rio de Janeiro -DETRAN\_RJ,Parte I (Poder Executivo),https://www.ioerj.com.br/portal/modules/conteudoonline/mostra_edicao.php?session=VGtSQk1GRlZWa1JPUlZsMFRsUkplRTFwTURCU1JFVXdURlJuTUZGVlVYUlNhbGt5VVdwR1ExSlVZM2RTUkVaRlRWUmpNMDU2VlhkT2VrMDFUMEU5UFE9PQ==,LAKE\RJ\2026\04\DOERJ_PARTE_I_PODER_EXECUTIVO_2026-04-14.md,D:\github\exoneracoes_nomeacoes_dou\saida\RJ\DOERJ_2026.csv,929,exoneracao,2026-04-07,do cargo em comissão de Coordenador,da Superintendência de Planejamento e Suporte Logístico,7,sim,2026-04-07,do cargo em comissão de Coordenador,da Superintendência de Planejamento e Suporte Logístico,7,nao,sim,,,
ANDERSON MORAIS ALVES DE LIMA,2,RJ,Diario Oficial do Estado do Rio de Janeiro,2025-11-17,2025,nomeacao,ANDERSON MORAIS ALVES DE LIMA,ANDERSON MORAIS ALVES DE LIMA,sim,ANDERSON MORAIS ALVES DE LIMA:PER,para exercer o cargo em comissão de Ge- rente,do Instituto Estadual do Ambiente - INEA,Parte I (Poder Executivo),https://www.ioerj.com.br/portal/modules/conteudoonline/mostra_edicao.php?session=VWxWUk5FMXFhRUpSYWxWMFVXcGFSbEpUTURCUFZFcEhURlZGTlZKRVdYUk5WVlpHVVZSYVJVNUVWVFJPYTFWNlRWUmpNMDU2VlhoTmVrMHlUV2M5UFE9PQ==,LAKE\RJ\2025\11\DOERJ_PARTE_I_PODER_EXECUTIVO_2025-11-17.md,D:\github\exoneracoes_nomeacoes_dou\saida\RJ\DOERJ_2025.csv,882,exoneracao,2025-11-17,do cargo em comissão de Chefe de Serviço,do Instituto Estadual do Ambiente - INEA,0,sim,2025-11-17,do cargo em comissão de Chefe de Serviço,do Instituto Estadual do Ambiente - INEA,0,sim,nao,,,
ANDRE FERREIRA RODRIGUES,2,RJ,Diario Oficial do Estado do Rio de Janeiro,2024-12-19,2024,nomeacao,ANDRE FERREIRA RODRIGUES,ANDRE FERREIRA RODRIGUES,sim,ANDRE FERREIRA:MISC|Andre Ferreira Rodrigues:PER,,,Parte I (Poder Executivo),https://www.ioerj.com.br/portal/modules/conteudoonline/mostra_edicao.php?session=VGxSbmQwNUVZekpPUkUxMFVtdE5NMDVwTURCT1ZVNUZURlJuZDA1VVkzUlNSR3hHVFhwYVEwOUVXa2RTVlZGNFRWUmpNMDU2VlhoUFJGa3dUMEU5UFE9PQ==,LAKE\RJ\2024\12\DOERJ_PARTE_I_PODER_EXECUTIVO_2024-12-19.md,D:\github\exoneracoes_nomeacoes_dou\saida\RJ\DOERJ_2024.csv,71,exoneracao,2024-12-19,do cargo em comissão de Diretor,,0,sim,2024-12-19,do cargo em comissão de Diretor,,0,nao,nao,,,
ANDRE LUIZ GAMA FILHO,2,RJ,Diario Oficial do Estado do Rio de Janeiro,2025-11-10,2025,nomeacao,ANDRE LUIZ GAMA FILHO,ANDRE LUIZ GAMA FILHO,sim,ANDRE LUIZ GAMA FILHO:PER,para exercer o cargo em comissão de Assistente II,do Departamento de Transportes Rodoviários do Estado do Rio de Janeiro - DETRO/RJ,Parte I (Poder Executivo),https://www.ioerj.com.br/portal/modules/conteudoonline/mostra_edicao.php?session=VG1wTmVGRnFaM2xPYWtWMFQxUlJkMUpUTURCT1JWSkNURlZGTTAxNldYUlNSVVpFVW1wQk1FNXFaRU5TYTBaSFRWUmpNMDU2VlhoTmVsRXhUMEU5UFE9PQ==,LAKE\RJ\2025\11\DOERJ_PARTE_I_PODER_EXECUTIVO_2025-11-10.md,D:\github\exoneracoes_nomeacoes_dou\saida\RJ\DOERJ_2025.csv,1009,exoneracao,2025-11-10,do cargo em co- missão de Assessor Especial,da Subsecretaria de Projetos Especiais,0,sim,2025-11-10,do cargo em co- missão de Assessor Especial,da Subsecretaria de Projetos Especiais,0,sim,sim,,,
ANDRE LUIZ GUIMARAES FERREIRA,2,RJ,Diario Oficial do Estado do Rio de Janeiro,2024-10-21,2024,nomeacao,ANDRÉ LUIZ GUIMARÃES FERREIRA,ANDRÉ LUIZ GUIMARÃES FERREIRA,sim,ANDRÉ LUIZ GUIMARÃES FERREIRA:PER,para exercer o cargo em comissão de Diretor de Divisão,do Departamento de Trânsito do Estado do Rio de Janeiro - DETRAN/RJ,Parte I (Poder Executivo),https://www.ioerj.com.br/portal/modules/conteudoonline/mostra_edicao.php?session=VFdwc1JsSnJUVEJOVlVWMFRsUk5lbEpwTURCT2EwWkZURlJyZWxKVlJYUlNhbVJDVGxSck1WSnJTa1JOYWxFelRWUmpNMDU2VlhoUFJHZDZUVkU5UFE9PQ==,LAKE\RJ\2024\10\DOERJ_PARTE_I_PODER_EXECUTIVO_2024-10-21.md,D:\github\exoneracoes_nomeacoes_dou\saida\RJ\DOERJ_2024.csv,1434,exoneracao,2024-10-21,do cargo em comissão de Chefe de Serviço,do Departamento de Trânsito do Estado do Rio de Janeiro - DETRAN/RJ,0,sim,2024-10-21,do cargo em comissão de Chefe de Serviço,do Departamento de Trânsito do Estado do Rio de Janeiro - DETRAN/RJ,0,sim,nao,,,
ANDRE VAZ BRAGA,2,RJ,Diario Oficial do Estado do Rio de Janeiro,2024-10-07,2024,nomeacao,ANDRE VAZ BRAGA,ANDRE VAZ BRAGA,sim,ANDRE VAZ BRAGA:PER,para exercer o cargo em comissão de Assistente III,,Parte I (Poder Executivo),https://www.ioerj.com.br/portal/modules/conteudoonline/mostra_edicao.php?session=VFVSVk1sRnFUVEZPYW1OMFRucEJORTFwTURCUmEwbDVURlZKZWsxRWEzUlJhbEV4VDBSc1JrMUZWa05PYTBsM1RWUmpNMDU2VlhoUFJHY3pUMEU5UFE9PQ==,LAKE\RJ\2024\10\DOERJ_PARTE_I_PODER_EXECUTIVO_2024-10-07.md,D:\github\exoneracoes_nomeacoes_dou\saida\RJ\DOERJ_2024.csv,1768,exoneracao,2024-10-07,do cargo em comissão de Coordenador,,0,sim,2024-10-07,do cargo em comissão de Coordenador,,0,sim,nao,,,
ANDRE VINICIUS DO ESPIRITO SANTOS,2,RJ,Diario Oficial do Estado do Rio de Janeiro,2024-12-11,2024,nomeacao,ANDRE VINICIUS DO ESPIRITO SANTOS,ANDRE VINICIUS DO ESPIRITO SANTOS,sim,ANDRE VINICIUS:MISC|Andre Vinicius Do Espirito Santos:PER,,,Parte I (Poder Executivo),https://www.ioerj.com.br/portal/modules/conteudoonline/mostra_edicao.php?session=VVdwVmVFNTZRVE5OUlZGMFVWUk5lbEpwTURCTlJFWkVURlJyTlZGcVNYUk5SVWw0VGtWVk1GSlVSVE5QVkdONlRWUmpNMDU2VlhoUFJGa3pUbmM5UFE9PQ==,LAKE\RJ\2024\12\DOERJ_PARTE_I_PODER_EXECUTIVO_2024-12-11.md,D:\github\exoneracoes_nomeacoes_dou\saida\RJ\DOERJ_2024.csv,168,exoneracao,2024-12-05,do cargo em comissão de Adjunto II,da Superintendência de Articulação Municipal,6,sim,2024-12-05,do cargo em comissão de Adjunto II,da Superintendência de Articulação Municipal,6,nao,nao,,,
ANDREA MARQUES LEONARDO BOUCAS,2,RJ,Diario Oficial do Estado do Rio de Janeiro,2025-11-17,2025,nomeacao,ANDRÉA MARQUES LEONARDO BOUÇAS,ANDRÉA MARQUES LEONARDO BOUÇAS,sim,ANDRÉA MARQUES LEONARDO BOUÇAS:PER,,da Fundação para a Infância e Adolescência - FIA/RJ,Parte I (Poder Executivo),https://www.ioerj.com.br/portal/modules/conteudoonline/mostra_edicao.php?session=VWxWUk5FMXFhRUpSYWxWMFVXcGFSbEpUTURCUFZFcEhURlZGTlZKRVdYUk5WVlpHVVZSYVJVNUVWVFJPYTFWNlRWUmpNMDU2VlhoTmVrMHlUV2M5UFE9PQ==,LAKE\RJ\2025\11\DOERJ_PARTE_I_PODER_EXECUTIVO_2025-11-17.md,D:\github\exoneracoes_nomeacoes_dou\saida\RJ\DOERJ_2025.csv,893,exoneracao,2025-11-17,do cargo em comissão de Assessor,da Fundação para a Infân- cia e Adolescência - FIA/RJ,0,sim,2025-11-17,do cargo em comissão de Assessor,da Fundação para a Infân- cia e Adolescência - FIA/RJ,0,nao,sim,,,
ANTONIO CARLOS NASCIMENTO,2,RJ,Diario Oficial do Estado do Rio de Janeiro,2024-12-16,2024,nomeacao,ANTÔNIO CARLOS NASCIMENTO,ANTÔNIO CARLOS NASCIMENTO,sim,ANTÔNIO CARLOS NASCIMENTO:PER,para exercer o cargo em comissão de Assistente II,da Superintendência Técnico￾Executiva,Parte I (Poder Executivo),https://www.ioerj.com.br/portal/modules/conteudoonline/mostra_edicao.php?session=VFVWV1JVNVVaM2RQUkVGMFVUQlJlVTVETURCT2VtTjVURlJyTkU5RlRYUk5SRmt5VVZWS1JFMTZUWGhOZWtaRFRWUmpNMDU2VlhoUFJGa3lUbEU5UFE9PQ==,LAKE\RJ\2024\12\DOERJ_PARTE_I_PODER_EXECUTIVO_2024-12-16.md,D:\github\exoneracoes_nomeacoes_dou\saida\RJ\DOERJ_2024.csv,134,exoneracao,2024-12-16,da função gratificada de Chefe de Setor de Programação - Par￾tes I e IV,,0,sim,2024-12-16,da função gratificada de Chefe de Setor de Programação - Par￾tes I e IV,,0,sim,nao,,,
ANTONIO JOSE DA SILVA,2,RJ,Diario Oficial do Estado do Rio de Janeiro,2026-01-26,2026,nomeacao,ANTONIO JOSE DA SILVA,ANTONIO JOSE DA SILVA,sim,ANTONIO JOSE DA SILVA:PER,,da Fundação Anita Mantuano de Artes do Estado do Rio de Janeiro - FUNARJ,Parte I (Poder Executivo),https://www.ioerj.com.br/portal/modules/conteudoonline/mostra_edicao.php?session=VDBWS1EwNUZXa2RSYW1kMFRWUlJNVkpUTURCTlZFSkVURlZHUmxKRlZYUk9SVXBDVG5wVk5FNVVSVFJQVlZsNVRWUmpNMDU2VlhoTmFrMTNUa0U5UFE9PQ==,LAKE\RJ\2026\01\DOERJ_PARTE_I_PODER_EXECUTIVO_2026-01-26.md,D:\github\exoneracoes_nomeacoes_dou\saida\RJ\DOERJ_2026.csv,3713,exoneracao,2026-01-22,do cargo em comissão de Ajudante I,da Fundação Anita Mantuano de Artes do Estado do Rio de Janeiro - FUNARJ,4,sim,2026-01-22,do cargo em comissão de Ajudante I,da Fundação Anita Mantuano de Artes do Estado do Rio de Janeiro - FUNARJ,4,nao,nao,,,
ARMANDO RAMON SILVA RIBEIRO,2,RJ,Diario Oficial do Estado do Rio de Janeiro,2026-04-29,2026,nomeacao,ARMANDO RAMON SILVA RIBEIRO,ARMANDO RAMON SILVA RIBEIRO,sim,ARMANDO RAMON SILVA RIBEIRO:PER,,do Gabinete de Segurança Institucional do Governo do Estado do Rio de Janeiro,Parte I (Poder Executivo),https://www.ioerj.com.br/portal/modules/conteudoonline/mostra_edicao.php?session=VDFSSmVrMXJTa2RTUlUxMFVWUkdSVTU1TURCU1ZWRTBURlJuTkU5VVNYUk5NRmw1VGxWTk5WRXdTVFZPZWtWNVRWUmpNMDU2VlhkT2FsRTFUa0U5UFE9PQ==,LAKE\RJ\2026\04\DOERJ_PARTE_I_PODER_EXECUTIVO_2026-04-29.md,D:\github\exoneracoes_nomeacoes_dou\saida\RJ\DOERJ_2026.csv,67,exoneracao,2026-04-17,do cargo em comissão de Assistente III,,12,sim,2026-04-17,do cargo em comissão de Assistente III,,12,nao,nao,,,
BIANCA RAMOS DE MENEZES,2,RJ,Diario Oficial do Estado do Rio de Janeiro,2026-03-19,2026,nomeacao,BIANCA RAMOS DE MENEZES,BIANCA RAMOS DE MENEZES,sim,BIANCA RAMOS DE MENEZES:MISC|Bianca Ramos De Menezes:PER,,,Parte I (Poder Executivo),https://www.ioerj.com.br/portal/modules/conteudoonline/mostra_edicao.php?session=VFZWTmVrMTZhekpOVkd0MFRtcGpNRkZUTURCT1ZFRXdURlZKTWsxRVVYUlBSRWsxVW1wWk1FNUVaelZTYTFFeVRWUmpNMDU2VlhkUFZFa3hUbWM5UFE9PQ==,LAKE\RJ\2026\03\DOERJ_PARTE_I_PODER_EXECUTIVO_2026-03-19.md,D:\github\exoneracoes_nomeacoes_dou\saida\RJ\DOERJ_2026.csv,1828,exoneracao,2026-03-13,do cargo em comissão de Ajudante II,,6,sim,2026-03-13,do cargo em comissão de Ajudante II,,6,nao,nao,,,
BOHDAN GRABAS,2,RJ,Diario Oficial do Estado do Rio de Janeiro,2024-11-01,2024,nomeacao,BOHDAN GRABAS,BOHDAN GRABAS,sim,BOHDAN GRABAS:PER,da Chefia de Gabinete,do Gabinete do Secretário,Parte I (Poder Executivo),https://www.ioerj.com.br/portal/modules/conteudoonline/mostra_edicao.php?session=VFdwQ1JrOVZTa0pOYTBsMFVtdEpORkpwTURCUmFsWkdURlZHUTAxNlZYUk9hMWt6VFZSR1JVMUZXVFZPYWsxM1RWUmpNMDU2VlhoUFJHTTFUVkU5UFE9PQ==,LAKE\RJ\2024\11\DOERJ_PARTE_I_PODER_EXECUTIVO_2024-11-01.md,D:\github\exoneracoes_nomeacoes_dou\saida\RJ\DOERJ_2024.csv,1151,exoneracao,2024-10-23,do cargo em comissão de Assistente,da Subsecretaria de Planejamen￾to e Ações Estratégicas,9,sim,2024-10-23,do cargo em comissão de Assistente,da Subsecretaria de Planejamen￾to e Ações Estratégicas,9,sim,sim,,,
BRUNO CARVALHO PEREIRA,2,RJ,Diario Oficial do Estado do Rio de Janeiro,2025-11-07,2025,nomeacao,BRUNO CARVALHO PEREIRA,BRUNO CARVALHO PEREIRA,sim,PEREIRA:LOC|Carvalho Pereira:PER,,,Parte I (Poder Executivo),https://www.ioerj.com.br/portal/modules/conteudoonline/mostra_edicao.php?session=VWtWUk0wMVVSa1pOVlUxMFVUQkZlVkpUTURCU1JFbDRURlZKTTFGcVNYUlBWRVV6VFdwSmQwMXJTVEZTVkVKR1RWUmpNMDU2VlhoTmVsRXlUbmM5UFE9PQ==,LAKE\RJ\2025\11\DOERJ_PARTE_I_PODER_EXECUTIVO_2025-11-07.md,D:\github\exoneracoes_nomeacoes_dou\saida\RJ\DOERJ_2025.csv,1033,exoneracao,2025-11-07,do cargo em comissão de Superintendente,,0,sim,2025-11-07,do cargo em comissão de Superintendente,,0,nao,nao,,,
BRUNO CESAR FERREIRA GONCALVES,2,RJ,Diario Oficial do Estado do Rio de Janeiro,2024-10-25,2024,nomeacao,BRUNO CESAR FERREIRA GONÇALVES,BRUNO CESAR FERREIRA GONÇALVES,sim,Cesar Ferreira Gonçalves:PER,para exercer o cargo em comissão de Chefe de Ser￾viço,do Instituto Estadual do Ambiente - INEA,Parte I (Poder Executivo),https://www.ioerj.com.br/portal/modules/conteudoonline/mostra_edicao.php?session=VDFSUk0xRXdVa1pPZWtWMFVYcEtSMDlUTURCTk1FVTBURlJuTTFKcVkzUk9WVVpDVGpCUmQxRnJUa0pQUkdkNVRWUmpNMDU2VlhoUFJHZDRUWGM5UFE9PQ==,LAKE\RJ\2024\10\DOERJ_PARTE_I_PODER_EXECUTIVO_2024-10-25.md,D:\github\exoneracoes_nomeacoes_dou\saida\RJ\DOERJ_2024.csv,1326,exoneracao,2024-10-25,do cargo em comissão de Ajudante I,do Instituto Estadual do Ambiente - INEA,0,sim,2024-10-25,do cargo em comissão de Ajudante I,do Instituto Estadual do Ambiente - INEA,0,sim,nao,,,
BRUNO OGLIARUSO SAAD,4,RJ,Diario Oficial do Estado do Rio de Janeiro,2026-04-28,2026,nomeacao,BRUNO OGLIARUSO SAAD,BRUNO OGLIARUSO SAAD,sim,OGLIARUSO:ORG|SAAD:ORG|Saad:PER,para exercer o cargo em comissão de Chefe de Divisão,da Superintendência de Avaliação de Cenários e Análise de Riscos,Parte I (Poder Executivo),https://www.ioerj.com.br/portal/modules/conteudoonline/mostra_edicao.php?session=VGtSYVFrMXJTWGRQUlZsMFVXcGpNRTVwTURCU1ZFVjNURlJzUkU5VVVYUlJlbGt5VDBSS1ExSnFXWHBOYWxWNlRWUmpNMDU2VlhkT2FsbDNUMUU5UFE9PQ==,LAKE\RJ\2026\04\DOERJ_PARTE_I_PODER_EXECUTIVO_2026-04-28.md,D:\github\exoneracoes_nomeacoes_dou\saida\RJ\DOERJ_2026.csv,266,exoneracao,2026-04-01,do cargo em comissão de Chefe de Seção,do Gabinete de Segurança Institucional do Governo,27,sim,2026-04-01,do cargo em comissão de Chefe de Seção,do Gabinete de Segurança Institucional do Governo,27,sim,sim,,,
BRUNO RANGEL GANDRA,2,RJ,Diario Oficial do Estado do Rio de Janeiro,2026-03-23,2026,nomeacao,BRUNO RANGEL GANDRA,BRUNO RANGEL GANDRA,sim,RANGEL GANDRA:PER,,da Fundação Departamento de Estradas de Rodagem do Estado do Rio de Janeiro - DER\_RJ,Parte I (Poder Executivo),https://www.ioerj.com.br/portal/modules/conteudoonline/mostra_edicao.php?session=VW1wQ1IwNTZSVE5SYTFsMFRWUkJNazVwTURCT01Fa3dURlJzUmxKVlVYUlBWR1JEVFdwc1IwNHdXWGROZWtFeFRWUmpNMDU2VlhkUFJHdDZUWGM5UFE9PQ==,LAKE\RJ\2026\03\DOERJ_PARTE_I_PODER_EXECUTIVO_2026-03-23.md,D:\github\exoneracoes_nomeacoes_dou\saida\RJ\DOERJ_2026.csv,1490,exoneracao,2026-03-20,do cargo em comissão de Diretor (De Circunscrição Reg Trânsito),do Departamento de Trânsito do Estado do Rio de Janeiro -DETRAN\_RJ,3,sim,2026-03-20,do cargo em comissão de Diretor (De Circunscrição Reg Trânsito),do Departamento de Trânsito do Estado do Rio de Janeiro -DETRAN\_RJ,3,nao,sim,,,
BRUNO VINICIUS CARDOSO RESENDE DE OLIVEIRA,2,RJ,Diario Oficial do Estado do Rio de Janeiro,2025-12-02,2025,nomeacao,BRUNO VINICIUS CARDOSO RESENDE DE OLIVEIRA,BRUNO VINICIUS CARDOSO RESENDE DE OLIVEIRA,sim,CARDOSO RESENDE DE OLIVEIRA:MISC|Vinicius Cardoso Resende De Oliveira:PER,para exercer o cargo em comissão de Assistente II,,Parte I (Poder Executivo),https://www.ioerj.com.br/portal/modules/conteudoonline/mostra_edicao.php?session=VW10TmVVOVZWWGxSYW1OMFRXcFZlRTlUTURCT2FtaERURlZGTWswd1NYUk5hMWw0VFVSYVJrMTZaM2RTVkdjd1RWUmpNMDU2VlhoTmVrVTBUbEU5UFE9PQ==,LAKE\RJ\2025\12\DOERJ_PARTE_I_PODER_EXECUTIVO_2025-12-02.md,D:\github\exoneracoes_nomeacoes_dou\saida\RJ\DOERJ_2025.csv,464,exoneracao,2025-11-27,do cargo em comissão de Assistente III,do Departamento de Trânsito do Estado do Rio de Janeiro - DETRAN/RJ,5,sim,2025-11-27,do cargo em comissão de Assistente III,do Departamento de Trânsito do Estado do Rio de Janeiro - DETRAN/RJ,5,sim,nao,,,
CAMELIA AMORIM SILVA,3,RJ,Diario Oficial do Estado do Rio de Janeiro,2026-03-20,2026,nomeacao,CAMELIA AMORIM SILVA,CAMELIA AMORIM SILVA,sim,CAMELIA AMORIM:MISC|Camelia Amorim Silva:PER,,da Superintendência de Projetos Estratégicos,Parte I (Poder Executivo),https://www.ioerj.com.br/portal/modules/conteudoonline/mostra_edicao.php?session=VVhwR1EwNUZWVEJSYTBsMFQxVk5kMDlUTURCTk1Fa3hURlZKZWxKRlJYUk5NRkpEVVZWRk1sRXdUWGRPVlZWM1RWUmpNMDU2VlhkUFZFRTBUbmM5UFE9PQ==,LAKE\RJ\2026\03\DOERJ_PARTE_I_PODER_EXECUTIVO_2026-03-20.md,D:\github\exoneracoes_nomeacoes_dou\saida\RJ\DOERJ_2026.csv,1682,exoneracao,2026-03-16,do cargo em comissão de Assessor,da Superintendência de Orçamento e Finanças,4,sim,2026-03-16,do cargo em comissão de Assessor,da Superintendência de Orçamento e Finanças,4,nao,sim,,,
CAMILA FERREIRA DA MOTA,2,RJ,Diario Oficial do Estado do Rio de Janeiro,2026-01-12,2026,nomeacao,CAMILA FERREIRA DA MOTA,CAMILA FERREIRA DA MOTA,sim,FERREIRA:ORG|MOTA:ORG|Camila Ferreira Da Mota:PER,para exercer o cargo em comissão de Assistente II,,Parte I (Poder Executivo),https://www.ioerj.com.br/portal/modules/conteudoonline/mostra_edicao.php?session=VG5wc1EwNUVUVFZSVlUxMFRsUm9SazlUTURCTlZHTTFURlZKZDA1cVdYUk9lbU14VFZSVmQwOUZTVFZOUkVsNFRWUmpNMDU2VlhoTmFsVTBUbmM5UFE9PQ==,LAKE\RJ\2026\01\DOERJ_PARTE_I_PODER_EXECUTIVO_2026-01-12.md,D:\github\exoneracoes_nomeacoes_dou\saida\RJ\DOERJ_2026.csv,4053,exoneracao,2026-01-12,do cargo em comissão de Assistente II,da Superintendência de Projetos Sociais (Seps),0,sim,2026-01-12,do cargo em comissão de Assistente II,da Superintendência de Projetos Sociais (Seps),0,sim,nao,,,
CAMILLA GUERCON FIUZA,2,RJ,Diario Oficial do Estado do Rio de Janeiro,2024-11-11,2024,nomeacao,CAMILLA GUERÇON FIUZA,CAMILLA GUERÇON FIUZA,sim,CAMILLA GUERÇON:MISC|FIUZA:MISC|Camilla Guerçon Fiuza:PER,,,Parte I (Poder Executivo),https://www.ioerj.com.br/portal/modules/conteudoonline/mostra_edicao.php?session=VFdwRk5WSnFTVFZQUkZWMFRWUlplRkpwTURCTmVrRjVURlZLUlZGNlRYUlJWVlV4VGpCSmVsRlVVa1pOZW1zd1RWUmpNMDU2VlhoUFJHTXlUV2M5UFE9PQ==,LAKE\RJ\2024\11\DOERJ_PARTE_I_PODER_EXECUTIVO_2024-11-11.md,D:\github\exoneracoes_nomeacoes_dou\saida\RJ\DOERJ_2024.csv,801,exoneracao,2024-11-08,do cargo em comissão de Assistente II,,3,sim,2024-11-08,do cargo em comissão de Assistente II,,3,nao,nao,,,
CARLA NASSER MONNERAT,2,RJ,Diario Oficial do Estado do Rio de Janeiro,2026-03-20,2026,nomeacao,CARLA NASSER MONNERAT,CARLA NASSER MONNERAT,sim,CARLA NASSER MONNERAT:MISC|Carla Nasser Monnerat:PER,para exercer o cargo de Secretária de Estado,,Parte I (Poder Executivo),https://www.ioerj.com.br/portal/modules/conteudoonline/mostra_edicao.php?session=VVhwR1EwNUZWVEJSYTBsMFQxVk5kMDlUTURCTk1Fa3hURlZKZWxKRlJYUk5NRkpEVVZWRk1sRXdUWGRPVlZWM1RWUmpNMDU2VlhkUFZFRTBUbmM5UFE9PQ==,LAKE\RJ\2026\03\DOERJ_PARTE_I_PODER_EXECUTIVO_2026-03-20.md,D:\github\exoneracoes_nomeacoes_dou\saida\RJ\DOERJ_2026.csv,1586,exoneracao,2026-03-20,do cargo de Subsecretária de Estado,,0,sim,2026-03-20,do cargo de Subsecretária de Estado,,0,sim,nao,,,
CARLA NASSER MONNERAT,3,RJ,Diario Oficial do Estado do Rio de Janeiro,2026-03-24,2026,nomeacao,CARLA NASSER MONNERAT,CARLA NASSER MONNERAT,sim,CARLA NASSER MONNERAT:MISC|Carla Nasser Monnerat:PER,,,Parte I (Poder Executivo),https://www.ioerj.com.br/portal/modules/conteudoonline/mostra_edicao.php?session=VGxSak0wMXJVWGxPTUVsMFRrUm5lVTlUTURCUFJFRXlURlZHUTA1RVRYUlNhMFY2VGtWT1JGRlZVVEJQVlUxNlRWUmpNMDU2VlhkUFJHTTBUbmM5UFE9PQ==,LAKE\RJ\2026\03\DOERJ_PARTE_I_PODER_EXECUTIVO_2026-03-24.md,D:\github\exoneracoes_nomeacoes_dou\saida\RJ\DOERJ_2026.csv,1337,nomeacao,2026-03-20,para exercer o cargo de Secretária de Estado,,4,sim,2026-03-20,do cargo de Subsecretária de Estado,,4,nao,nao,,,
CARLOS ALEXANDRE CUNHA BARROS,2,RJ,Diario Oficial do Estado do Rio de Janeiro,2024-11-05,2024,nomeacao,CARLOS ALEXANDRE CUNHA BARROS,CARLOS ALEXANDRE CUNHA BARROS,sim,CARLOS ALEXANDRE CUNHA BARROS:PER,para exercer o cargo em comissão de Chefe de Ser￾viço,do Instituto Estadual do Ambiente - INEA,Parte I (Poder Executivo),https://www.ioerj.com.br/portal/modules/conteudoonline/mostra_edicao.php?session=VFdwck1FMUVWWGxOUlVWMFVWUkJOVTFETURCTlJWSkVURlJuZVU1clJYUlBWRVUwVVhwSk0xRnFaRVZOUlUxNFRWUmpNMDU2VlhoUFJHTTBUV2M5UFE9PQ==,LAKE\RJ\2024\11\DOERJ_PARTE_I_PODER_EXECUTIVO_2024-11-05.md,D:\github\exoneracoes_nomeacoes_dou\saida\RJ\DOERJ_2024.csv,1003,exoneracao,2024-11-05,do cargo em comissão de Adjunto II,do Instituto Estadual do Ambiente - INEA,0,sim,2024-11-05,do cargo em comissão de Adjunto II,do Instituto Estadual do Ambiente - INEA,0,sim,nao,,,
CARLOS ANTONIO RIBEIRO GOMES,2,RJ,Diario Oficial do Estado do Rio de Janeiro,2026-04-28,2026,nomeacao,CARLOS ANTÔNIO RIBEIRO GOMES,CARLOS ANTÔNIO RIBEIRO GOMES,sim,CARLOS ANTÔNIO RIBEIRO GOMES:PER,para exercer o cargo em comissão de Assessor,,Parte I (Poder Executivo),https://www.ioerj.com.br/portal/modules/conteudoonline/mostra_edicao.php?session=VGtSYVFrMXJTWGRQUlZsMFVXcGpNRTVwTURCU1ZFVjNURlJzUkU5VVVYUlJlbGt5VDBSS1ExSnFXWHBOYWxWNlRWUmpNMDU2VlhkT2FsbDNUMUU5UFE9PQ==,LAKE\RJ\2026\04\DOERJ_PARTE_I_PODER_EXECUTIVO_2026-04-28.md,D:\github\exoneracoes_nomeacoes_dou\saida\RJ\DOERJ_2026.csv,252,exoneracao,2026-04-17,do cargo em comissão de Assessor,,11,sim,2026-04-17,do cargo em comissão de Assessor,,11,sim,nao,,,
CARLOS ARTHUR BANDEIRA DE MELLO,2,RJ,Diario Oficial do Estado do Rio de Janeiro,2025-11-24,2025,nomeacao,CARLOS ARTHUR BANDEIRA DE MELLO,CARLOS ARTHUR BANDEIRA DE MELLO,sim,CARLOS ARTHUR BANDEIRA DE MELLO:MISC|Carlos Arthur Bandeira De Mello:PER,,,Parte I (Poder Executivo),https://www.ioerj.com.br/portal/modules/conteudoonline/mostra_edicao.php?session=VDFSUmVrMXFTWHBPYWtGMFVXdE9SVkZUTURCU1ZWWkZURlZKZDFKRVRYUlJNRlY0VDFSWmVsRjZaM2RPYTFFMFRWUmpNMDU2VlhoTmVrMTRUVUU5UFE9PQ==,LAKE\RJ\2025\11\DOERJ_PARTE_I_PODER_EXECUTIVO_2025-11-24.md,D:\github\exoneracoes_nomeacoes_dou\saida\RJ\DOERJ_2025.csv,743,exoneracao,2025-11-18,do cargo em comissão de Assistente,,6,sim,2025-11-18,do cargo em comissão de Assistente,,6,nao,nao,,,
CARLOS BRUNO CAVALCANTI VINHAIS,2,RJ,Diario Oficial do Estado do Rio de Janeiro,2026-03-25,2026,nomeacao,CARLOS BRUNO CAVALCANTI VINHAIS,CARLOS BRUNO CAVALCANTI VINHAIS,sim,CARLOS BRUNO CAVALCANTI VINHAIS:PER,,da Subsecretaria Técnica de Energia e Economia do Mar,Parte I (Poder Executivo),https://www.ioerj.com.br/portal/modules/conteudoonline/mostra_edicao.php?session=VWtWV1ExSkVaM2RPVkVsMFVYcFpOVTFwTURCU2FsWkdURlJvUjFKRlZYUlNWRVpDVVZWUk0wMXJUVE5SVkVFMVRWUmpNMDU2VlhkUFJGbDZUbEU5UFE9PQ==,LAKE\RJ\2026\03\DOERJ_PARTE_I_PODER_EXECUTIVO_2026-03-25.md,D:\github\exoneracoes_nomeacoes_dou\saida\RJ\DOERJ_2026.csv,1328,exoneracao,2026-03-24,do cargo em comissão de Assistente II,da Subsecretaria de Gestão Portuária e Atividades Navais,1,sim,2026-03-24,do cargo em comissão de Assistente II,da Subsecretaria de Gestão Portuária e Atividades Navais,1,nao,sim,,,
CARLOS JANAN CORREA RIMOLA,2,RJ,Diario Oficial do Estado do Rio de Janeiro,2025-12-01,2025,nomeacao,CARLOS JANAN CORREA RIMOLA,CARLOS JANAN CORREA RIMOLA,sim,CARLOS JANAN:ORG|CORREA RIMOLA:MISC|Carlos Janan Correa Rimola:PER,,da Fundação Anita Mantuano de Artes do Estado do Rio de Janeiro - FUNARJ,Parte I (Poder Executivo),https://www.ioerj.com.br/portal/modules/conteudoonline/mostra_edicao.php?session=VG1wRk5VMHdWa1pPYWsxMFVtdFdSMDU1TURCU1JHUkhURlJuTlU5RldYUk5hMDEzVGxSRk0wMVVhM2hOYWxreFRWUmpNMDU2VlhoTmVrbDRUMUU5UFE9PQ==,LAKE\RJ\2025\12\DOERJ_PARTE_I_PODER_EXECUTIVO_2025-12-01.md,D:\github\exoneracoes_nomeacoes_dou\saida\RJ\DOERJ_2025.csv,520,exoneracao,2025-12-01,do cargo em comissão de Coordenador-Chefe,da Fundação Anita Mantuano de Artes do Estado do Rio de Janeiro - FUNARJ,0,sim,2025-12-01,do cargo em comissão de Coordenador-Chefe,da Fundação Anita Mantuano de Artes do Estado do Rio de Janeiro - FUNARJ,0,nao,nao,,,
CARLOS YURI DE AQUINO RODRIGUES,3,RJ,Diario Oficial do Estado do Rio de Janeiro,2024-12-05,2024,nomeacao,CARLOS YURI DE AQUINO RODRIGUES,CARLOS YURI DE AQUINO RODRIGUES,sim,CARLOS YURI DE AQUINO:MISC|Carlos Yuri:PER,para exercer o cargo em comissão de - Assistente II,,Parte I (Poder Executivo),https://www.ioerj.com.br/portal/modules/conteudoonline/mostra_edicao.php?session=VWtWT1FrOUVRa05OYWtGMFRXcFdRMUZUTURCTmVrRXdURlZKTlU1RVozUlBWR016VFhwQ1JrMTZTWGRPUkZwSFRWUmpNMDU2VlhoUFJGazFUbWM5UFE9PQ==,LAKE\RJ\2024\12\DOERJ_PARTE_I_PODER_EXECUTIVO_2024-12-05.md,D:\github\exoneracoes_nomeacoes_dou\saida\RJ\DOERJ_2024.csv,330,exoneracao,2024-12-05,do cargo em comissão de Assistente II,,0,sim,2024-12-05,do cargo em comissão de Assistente II,,0,sim,nao,,,
CAROLINE ALVES DA COSTA,2,RJ,Diario Oficial do Estado do Rio de Janeiro,2024-11-07,2024,nomeacao,CAROLINE ALVES DA COSTA,CAROLINE ALVES DA COSTA,sim,CAROLINE ALVES:MISC|COSTA:ORG|Caroline Alves Da Costa:PER,para exercer o cargo de Presidente,da Fundação Carlos Chagas Filho de Amparo à Pesquisa do Estado do Rio de Janeiro - FAPERJ,Parte I (Poder Executivo),https://www.ioerj.com.br/portal/modules/conteudoonline/mostra_edicao.php?session=VDFST1FsRnFVVE5PVkd0MFRWUmFSazlETURCU1ZHc3pURlZHUWxKRlNYUlJWVkpFVDBWV1IxSlZTa2RPVkVrMVRWUmpNMDU2VlhoUFJHTXpUVkU5UFE9PQ==,LAKE\RJ\2024\11\DOERJ_PARTE_I_PODER_EXECUTIVO_2024-11-07.md,D:\github\exoneracoes_nomeacoes_dou\saida\RJ\DOERJ_2024.csv,877,exoneracao,2024-11-07,do cargo de Presidente,da Fundação de Apoio à Escola Técnica do Estado do Rio de Janeiro - FAETEC,0,sim,2024-11-07,do cargo de Presidente,da Fundação de Apoio à Escola Técnica do Estado do Rio de Janeiro - FAETEC,0,sim,sim,,,
CASSIA MARIA OLIVEIRA LINHARES,3,RJ,Diario Oficial do Estado do Rio de Janeiro,2024-12-02,2024,nomeacao,CASSIA MARIA OLIVEIRA LINHARES,CASSIA MARIA OLIVEIRA LINHARES,sim,MARIA OLIVEIRA LINHARES:MISC|Maria Oliveira Linhares:PER,do cargo em co￾missão de Assessor Especial,,Parte I (Poder Executivo),https://www.ioerj.com.br/portal/modules/conteudoonline/mostra_edicao.php?session=VWtWU1FsRnJUVFZQUkVWMFVsUldSRTFUTURCU1JFa3pURlJzUms0d1JYUk5SRmw0VDBWSmQwMTZiRU5QVkdoRlRWUmpNMDU2VlhoUFJHTjNUMUU5UFE9PQ==,LAKE\RJ\2024\12\DOERJ_PARTE_I_PODER_EXECUTIVO_2024-12-02.md,D:\github\exoneracoes_nomeacoes_dou\saida\RJ\DOERJ_2024.csv,482,exoneracao,2024-12-02,do cargo em comissão de Assessor Especial,,0,sim,2024-12-02,do cargo em comissão de Assessor Especial,,0,sim,nao,,,
CASSIO DA CONCEICAO COELHO,2,RJ,Diario Oficial do Estado do Rio de Janeiro,2024-10-18,2024,nomeacao,CASSIO DA CONCEIÇÃO COELHO,CASSIO DA CONCEIÇÃO COELHO,sim,CASSIO:MISC|CONCEIÇÃO COELHO:ORG|Cassio Da Conceição Coelho:PER,para exercer o cargo de Secretário de Estado,,Parte I (Poder Executivo),https://www.ioerj.com.br/portal/modules/conteudoonline/mostra_edicao.php?session=VFdwSk1FNHdUa1pQVlVWMFRsUmpNMDVETURCTmVtUkRURlZKZUZKVVkzUlBSVlpDVWxSck5FMVZSVEJSTUZwRFRWUmpNMDU2VlhoUFJHZDZUbWM5UFE9PQ==,LAKE\RJ\2024\10\DOERJ_PARTE_I_PODER_EXECUTIVO_2024-10-18.md,D:\github\exoneracoes_nomeacoes_dou\saida\RJ\DOERJ_2024.csv,1463,exoneracao,2024-10-18,do cargo de Presidente,da Autarquia de Proteção e Defesa do Consumidor do Estado do Rio de Janeiro - PROCON-RJ,0,sim,2024-10-18,do cargo de Presidente,da Autarquia de Proteção e Defesa do Consumidor do Estado do Rio de Janeiro - PROCON-RJ,0,sim,nao,,,
CATHARINA MARIANO CONSTATINO WERNECK DE AZEVEDO,2,RJ,Diario Oficial do Estado do Rio de Janeiro,2024-12-05,2024,nomeacao,CATHARINA MARIANO CONSTATINO WERNECK DE AZEVEDO,CATHARINA MARIANO CONSTATINO WERNECK DE AZEVEDO,sim,CATHARINA MARIANO:ORG|CONSTATINO WERNECK DE AZEVEDO:MISC|Catharina Mariano Constatino Werneck De Azevedo:PER,para exercer o cargo em co￾missão de - Assistente II,,Parte I (Poder Executivo),https://www.ioerj.com.br/portal/modules/conteudoonline/mostra_edicao.php?session=VWtWT1FrOUVRa05OYWtGMFRXcFdRMUZUTURCTmVrRXdURlZKTlU1RVozUlBWR016VFhwQ1JrMTZTWGRPUkZwSFRWUmpNMDU2VlhoUFJGazFUbWM5UFE9PQ==,LAKE\RJ\2024\12\DOERJ_PARTE_I_PODER_EXECUTIVO_2024-12-05.md,D:\github\exoneracoes_nomeacoes_dou\saida\RJ\DOERJ_2024.csv,326,exoneracao,2024-12-05,do cargo em comissão de Assistente II,,0,sim,2024-12-05,do cargo em comissão de Assistente II,,0,sim,nao,,,
CHRISTIANE ZIEHFUSS HESKETH MARCONDES,2,RJ,Diario Oficial do Estado do Rio de Janeiro,2025-11-25,2025,nomeacao,CHRISTIANE ZIEHFUSS HESKETH MARCONDES,CHRISTIANE ZIEHFUSS HESKETH MARCONDES,sim,ZIEHFUSS HESKETH:MISC|Christiane Ziehfuss Hesketh Marcondes:PER,,,Parte I (Poder Executivo),https://www.ioerj.com.br/portal/modules/conteudoonline/mostra_edicao.php?session=VW10YVJFMXFZelJOZWtWMFVXdEZlVkY1TURCUFJHTjZURlZLUjA5RVRYUlNWRVpDVFd0SmVVNUZTa1pPYTFwSFRWUmpNMDU2VlhoTmVrazFUbEU5UFE9PQ==,LAKE\RJ\2025\11\DOERJ_PARTE_I_PODER_EXECUTIVO_2025-11-25.md,D:\github\exoneracoes_nomeacoes_dou\saida\RJ\DOERJ_2025.csv,697,exoneracao,2025-11-25,do cargo em comissão de Assistente II,,0,sim,2025-11-25,do cargo em comissão de Assistente II,,0,nao,nao,,,
CHRISTINE COUTINHO AGUIAR DE ANDRADE,2,RJ,Diario Oficial do Estado do Rio de Janeiro,2024-10-21,2024,nomeacao,CHRISTINE COUTINHO AGUIAR DE ANDRADE,CHRISTINE COUTINHO AGUIAR DE ANDRADE,sim,CHRISTINE COUTINHO:MISC|Christine Coutinho:PER,para exercer o cargo em comissão de Asses￾sor I,do Departamento de Trânsito do Estado do Rio de Janeiro - DETRAN/RJ,Parte I (Poder Executivo),https://www.ioerj.com.br/portal/modules/conteudoonline/mostra_edicao.php?session=VFdwc1JsSnJUVEJOVlVWMFRsUk5lbEpwTURCT2EwWkZURlJyZWxKVlJYUlNhbVJDVGxSck1WSnJTa1JOYWxFelRWUmpNMDU2VlhoUFJHZDZUVkU5UFE9PQ==,LAKE\RJ\2024\10\DOERJ_PARTE_I_PODER_EXECUTIVO_2024-10-21.md,D:\github\exoneracoes_nomeacoes_dou\saida\RJ\DOERJ_2024.csv,1429,exoneracao,2024-10-21,do cargo em comissão de Coordenador,do Departamento de Trânsito do Estado do Rio de Janeiro - DETRAN/RJ,0,sim,2024-10-21,do cargo em comissão de Coordenador,do Departamento de Trânsito do Estado do Rio de Janeiro - DETRAN/RJ,0,sim,nao,,,
CINTHIA MARTINS GONCALVES,2,RJ,Diario Oficial do Estado do Rio de Janeiro,2026-04-15,2026,nomeacao,CINTHIA MARTINS GONCALVES,CINTHIA MARTINS GONCALVES,sim,MARTINS GONCALVES:PER,,da Superintendência de Educação Especial,Parte I (Poder Executivo),https://www.ioerj.com.br/portal/modules/conteudoonline/mostra_edicao.php?session=VG1wS1JGRlVXWGROZWxsMFQwUkplazlETURCUFZWSkNURlZKTlZKRldYUk5SVVV3VG10SmVrNUZXa1pTVlZrMFRWUmpNMDU2VlhkT2VrMTRUVkU5UFE9PQ==,LAKE\RJ\2026\04\DOERJ_PARTE_I_PODER_EXECUTIVO_2026-04-15.md,D:\github\exoneracoes_nomeacoes_dou\saida\RJ\DOERJ_2026.csv,896,exoneracao,2026-04-08,do cargo em comissão de Assistente II,da Superintendência de Projetos Estratégicos,7,sim,2026-04-08,do cargo em comissão de Assistente II,da Superintendência de Projetos Estratégicos,7,nao,sim,,,
CLARA DUARTE SILVESTRE CAVALCANTI LIMA,2,RJ,Diario Oficial do Estado do Rio de Janeiro,2024-10-11,2024,nomeacao,CLARA DUARTE SILVESTRE CAVALCANTI LIMA,CLARA DUARTE SILVESTRE CAVALCANTI LIMA,sim,CLARA DUARTE SILVESTRE CAVALCANTI LIMA:MISC|Clara Duarte Silvestre Cavalcanti Lima:PER,para exercer o cargo em comissão de Assessor,,Parte I (Poder Executivo),https://www.ioerj.com.br/portal/modules/conteudoonline/mostra_edicao.php?session=VGxSQ1JWSnJXVEZTVkZsMFRWUmFSVTVwTURCT1JVMDFURlZGTUU1clRYUk9WRUpDVDFSU1IwOVVRa2RTUlZGNVRWUmpNMDU2VlhoUFJHY3hUMEU5UFE9PQ==,LAKE\RJ\2024\10\DOERJ_PARTE_I_PODER_EXECUTIVO_2024-10-11.md,D:\github\exoneracoes_nomeacoes_dou\saida\RJ\DOERJ_2024.csv,1633,exoneracao,2024-10-11,do cargo em comissão de As￾sessor-Chefe,do Gabinete do Secretário,0,sim,2024-10-11,do cargo em comissão de As￾sessor-Chefe,do Gabinete do Secretário,0,sim,nao,,,
CLAUDIA ANTONIA DA SILVA PAULO,2,RJ,Diario Oficial do Estado do Rio de Janeiro,2024-11-07,2024,nomeacao,CLAUDIA ANTONIA DA SILVA PAULO,CLAUDIA ANTONIA DA SILVA PAULO,sim,Claudia Antonia Da Silva Paulo:PER,,do Departamento de Trânsito do Estado do Rio de Janeiro - DE￾TRAN/RJ,Parte I (Poder Executivo),https://www.ioerj.com.br/portal/modules/conteudoonline/mostra_edicao.php?session=VDFST1FsRnFVVE5PVkd0MFRWUmFSazlETURCU1ZHc3pURlZHUWxKRlNYUlJWVkpFVDBWV1IxSlZTa2RPVkVrMVRWUmpNMDU2VlhoUFJHTXpUVkU5UFE9PQ==,LAKE\RJ\2024\11\DOERJ_PARTE_I_PODER_EXECUTIVO_2024-11-07.md,D:\github\exoneracoes_nomeacoes_dou\saida\RJ\DOERJ_2024.csv,880,exoneracao,2024-11-07,do cargo em comissão de Assistente III,do Departamento de Trânsito do Estado do Rio de Janeiro - DETRAN/RJ,0,sim,2024-11-07,do cargo em comissão de Assistente III,do Departamento de Trânsito do Estado do Rio de Janeiro - DETRAN/RJ,0,nao,sim,,,
CLAUDIA SIMOES CARVALHO,2,RJ,Diario Oficial do Estado do Rio de Janeiro,2024-10-02,2024,nomeacao,CLAUDIA SIMÕES CARVALHO,CLAUDIA SIMÕES CARVALHO,sim,CLAUDIA:ORG|Claudia Simões Carvalho:PER,para exercer o cargo de Vice-Presidente,da Fundação Leão XIII,Parte I (Poder Executivo),https://www.ioerj.com.br/portal/modules/conteudoonline/mostra_edicao.php?session=VWxWRk0wOVVRa1pQUkZsMFRsUlNSRkY1TURCU1JVNUNURlZGTlU5VlNYUlJWR2hFVGxSU1JFNVVWVEpTUkVaQ1RWUmpNMDU2VlhoUFJHYzFUV2M5UFE9PQ==,LAKE\RJ\2024\10\DOERJ_PARTE_I_PODER_EXECUTIVO_2024-10-02.md,D:\github\exoneracoes_nomeacoes_dou\saida\RJ\DOERJ_2024.csv,1829,exoneracao,2024-10-02,do cargo em comissão de Superintendente,da Superintendência de Assistência Especializada,0,sim,2024-10-02,do cargo em comissão de Superintendente,da Superintendência de Assistência Especializada,0,sim,sim,,,
CLEBER BITTENCOURT DA SILVA,2,RJ,Diario Oficial do Estado do Rio de Janeiro,2025-11-10,2025,nomeacao,CLEBER BITTENCOURT DA SILVA,CLEBER BITTENCOURT DA SILVA,sim,CLEBER BITTENCOURT DA SILVA:MISC|Cleber Bittencourt Da Silva:PER,para exercer o cargo em comissão de Assessor Especial,do Departamento de Transportes Rodoviários do Estado do Rio de Janeiro - DETRO/RJ,Parte I (Poder Executivo),https://www.ioerj.com.br/portal/modules/conteudoonline/mostra_edicao.php?session=VG1wTmVGRnFaM2xPYWtWMFQxUlJkMUpUTURCT1JWSkNURlZGTTAxNldYUlNSVVpFVW1wQk1FNXFaRU5TYTBaSFRWUmpNMDU2VlhoTmVsRXhUMEU5UFE9PQ==,LAKE\RJ\2025\11\DOERJ_PARTE_I_PODER_EXECUTIVO_2025-11-10.md,D:\github\exoneracoes_nomeacoes_dou\saida\RJ\DOERJ_2025.csv,1010,exoneracao,2025-11-10,do cargo de Chefe de Gabinete,do Gabinete do Secretário,0,sim,2025-11-10,do cargo de Chefe de Gabinete,do Gabinete do Secretário,0,sim,sim,,,
CLEITON TEIXEIRA DE CARVALHO,2,RJ,Diario Oficial do Estado do Rio de Janeiro,2026-01-06,2026,nomeacao,CLEITON TEIXEIRA DE CARVALHO,CLEITON TEIXEIRA DE CARVALHO,sim,CLEITON TEIXEIRA DE CARVALHO:PER,,,Parte I (Poder Executivo),https://www.ioerj.com.br/portal/modules/conteudoonline/mostra_edicao.php?session=VGtWU1IwMUVXVEJQUkVsMFVrVkdSMUpETURCUmExa3dURlZGZWsxclVYUlBSRkY0VFVSVmVsRlVVa1ZSZW10NlRWUmpNMDU2VlhoTmFsa3pUV2M5UFE9PQ==,LAKE\RJ\2026\01\DOERJ_PARTE_I_PODER_EXECUTIVO_2026-01-06.md,D:\github\exoneracoes_nomeacoes_dou\saida\RJ\DOERJ_2026.csv,4160,exoneracao,2024-12-09,do cargo em comissão de Assessor,da Subsecretaria de Administração,393,sim,2024-12-09,do cargo em comissão de Assessor,da Subsecretaria de Administração,393,nao,nao,,,
CLEMILDA MARIA MAGALHAES CAMELO,2,RJ,Diario Oficial do Estado do Rio de Janeiro,2024-11-12,2024,nomeacao,CLEMILDA MARIA MAGALHÃES CAMELO,CLEMILDA MARIA MAGALHÃES CAMELO,sim,CLEMILDA:ORG|Clemilda Maria Magalhães Camelo:PER,para exercer o cargo em comissão de Assessor,,Parte I (Poder Executivo),https://www.ioerj.com.br/portal/modules/conteudoonline/mostra_edicao.php?session=VGxWRk1VNUVhekZPYWtGMFRWUk5NbEpwTURCU1JFRjZURlJyZWs0d1dYUlJWRWsxVVdwck1sSlVTa1JOZWxwSFRWUmpNMDU2VlhoUFJHTXhUbmM5UFE9PQ==,LAKE\RJ\2024\11\DOERJ_PARTE_I_PODER_EXECUTIVO_2024-11-12.md,D:\github\exoneracoes_nomeacoes_dou\saida\RJ\DOERJ_2024.csv,752,exoneracao,2024-11-04,do Cargo de Confiança de Gerente de Agência,,8,sim,2024-11-04,do Cargo de Confiança de Gerente de Agência,,8,sim,nao,,,
CLOVIS SILVEIRA NETO,2,RJ,Diario Oficial do Estado do Rio de Janeiro,2026-03-18,2026,nomeacao,CLOVIS SILVEIRA NETO,CLOVIS SILVEIRA NETO,sim,CLOVIS SILVEIRA NETO:MISC|Clovis Silveira Neto:PER,,,Parte I (Poder Executivo),https://www.ioerj.com.br/portal/modules/conteudoonline/mostra_edicao.php?session=VDFSV1JsSlVUVEpSYWxGMFVrVkdSazVETURCUFJFNUNURlJyZVZGNlJYUlJhbXMwVW10V1FsRlZUVEpOZWswelRWUmpNMDU2VlhkUFZFMDFUMUU5UFE9PQ==,LAKE\RJ\2026\03\DOERJ_PARTE_I_PODER_EXECUTIVO_2026-03-18.md,D:\github\exoneracoes_nomeacoes_dou\saida\RJ\DOERJ_2026.csv,1852,exoneracao,2026-03-17,do cargo de Subsecretário,da Subsecretaria de Representação e Relações Institucionais - Subrri,1,sim,2026-03-17,do cargo de Subsecretário,da Subsecretaria de Representação e Relações Institucionais - Subrri,1,nao,nao,,,
CRISTIANO GONCALVES DE SOUZA,2,RJ,Diario Oficial do Estado do Rio de Janeiro,2024-10-07,2024,nomeacao,CRISTIANO GONÇALVES DE SOUZA,CRISTIANO GONÇALVES DE SOUZA,sim,GONÇALVES:LOC|Cristiano Gonçalves De Souza:PER,para exercer o cargo em comissão de Diretor de Divisão,do Departamento de Trânsito do Estado do Rio de Janeiro - DETRAN/RJ,Parte I (Poder Executivo),https://www.ioerj.com.br/portal/modules/conteudoonline/mostra_edicao.php?session=VFVSVk1sRnFUVEZPYW1OMFRucEJORTFwTURCUmEwbDVURlZKZWsxRWEzUlJhbEV4VDBSc1JrMUZWa05PYTBsM1RWUmpNMDU2VlhoUFJHY3pUMEU5UFE9PQ==,LAKE\RJ\2024\10\DOERJ_PARTE_I_PODER_EXECUTIVO_2024-10-07.md,D:\github\exoneracoes_nomeacoes_dou\saida\RJ\DOERJ_2024.csv,1774,exoneracao,2024-10-07,do cargo em comissão de Chefe de Serviço,do Departamento de Trânsito do Estado do Rio de Janeiro - DETRAN/RJ,0,sim,2024-10-07,do cargo em comissão de Chefe de Serviço,do Departamento de Trânsito do Estado do Rio de Janeiro - DETRAN/RJ,0,sim,nao,,,
CRISTIANO GONCALVES DE SOUZA,4,RJ,Diario Oficial do Estado do Rio de Janeiro,2024-10-18,2024,nomeacao,CRISTIANO GONÇALVES DE SOUZA,CRISTIANO GONÇALVES DE SOUZA,sim,GONÇALVES:LOC|Cristiano Gonçalves De Souza:PER,para exercer o cargo em comissão de Chefe de Serviço,do Departamento de Trânsito do Estado do Rio de Ja￾neiro - DETRAN/RJ,Parte I (Poder Executivo),https://www.ioerj.com.br/portal/modules/conteudoonline/mostra_edicao.php?session=VFdwSk1FNHdUa1pQVlVWMFRsUmpNMDVETURCTmVtUkRURlZKZUZKVVkzUlBSVlpDVWxSck5FMVZSVEJSTUZwRFRWUmpNMDU2VlhoUFJHZDZUbWM5UFE9PQ==,LAKE\RJ\2024\10\DOERJ_PARTE_I_PODER_EXECUTIVO_2024-10-18.md,D:\github\exoneracoes_nomeacoes_dou\saida\RJ\DOERJ_2024.csv,1474,exoneracao,2024-10-18,do cargo em comissão de Diretor de Divisão,do Departamento de Trânsito do Estado do Rio de Janeiro - DETRAN/RJ,0,sim,2024-10-18,do cargo em comissão de Diretor de Divisão,do Departamento de Trânsito do Estado do Rio de Janeiro - DETRAN/RJ,0,sim,sim,,,
CRISTIANO PEREIRA DE SOUZA,2,RJ,Diario Oficial do Estado do Rio de Janeiro,2026-03-26,2026,nomeacao,CRISTIANO PEREIRA DE SOUZA,CRISTIANO PEREIRA DE SOUZA,sim,PEREIRA DE SOUZA:LOC|Cristiano Pereira De Souza:PER,,da Subsecretaria de Gestão e Desenvolvimento Regional do Interior,Parte I (Poder Executivo),https://www.ioerj.com.br/portal/modules/conteudoonline/mostra_edicao.php?session=VWtSUk5FMUVaRVJSZW10MFVWVktRbEpUTURCT2ExbDNURlJvUjAxVlVYUlBSRkpGVVZWRk1FMUZTWGxSYTBWNVRWUmpNMDU2VlhkUFJGVjVUMEU5UFE9PQ==,LAKE\RJ\2026\03\DOERJ_PARTE_I_PODER_EXECUTIVO_2026-03-26.md,D:\github\exoneracoes_nomeacoes_dou\saida\RJ\DOERJ_2026.csv,1250,exoneracao,2026-03-19,do cargo em comissão de Adjunto II,da Fundação Anita Mantuano de Artes do Estado do Rio de Janeiro -FUNARJ,7,sim,2026-03-19,do cargo em comissão de Adjunto II,da Fundação Anita Mantuano de Artes do Estado do Rio de Janeiro -FUNARJ,7,nao,sim,,,
DAIENE DOS SANTOS COSTA,2,RJ,Diario Oficial do Estado do Rio de Janeiro,2024-12-06,2024,nomeacao,DAIENE DOS SANTOS COSTA,DAIENE DOS SANTOS COSTA,sim,DOS:MISC|Daiene Dos Santos Costa:PER,,,Parte I (Poder Executivo),https://www.ioerj.com.br/portal/modules/conteudoonline/mostra_edicao.php?session=VFZWU1JFOVVUVFZSVkZGMFRucFZOVkZUTURCU1ZWRXdURlJuTkU1VVFYUk9la1pIVWxWUk1WRXdXWHBOYTFGNFRWUmpNMDU2VlhoUFJGazFUV2M5UFE9PQ==,LAKE\RJ\2024\12\DOERJ_PARTE_I_PODER_EXECUTIVO_2024-12-06.md,D:\github\exoneracoes_nomeacoes_dou\saida\RJ\DOERJ_2024.csv,299,exoneracao,2024-12-06,do cargo em comissão de Assistente I,,0,sim,2024-12-06,do cargo em comissão de Assistente I,,0,nao,nao,,,
DANIEL D`LUCCAS ANDRADE ALCE,2,RJ,Diario Oficial do Estado do Rio de Janeiro,2024-11-12,2024,nomeacao,DANIEL D`LUCCAS ANDRADE ALCE,DANIEL D`LUCCAS ANDRADE ALCE,sim,DANIEL D`LUCCAS ANDRADE ALCE:PER,para exercer o cargo em comissão de Coordenador,da Superintendência de Atendimento e Execução Financeira,Parte I (Poder Executivo),https://www.ioerj.com.br/portal/modules/conteudoonline/mostra_edicao.php?session=VGxWRk1VNUVhekZPYWtGMFRWUk5NbEpwTURCU1JFRjZURlJyZWs0d1dYUlJWRWsxVVdwck1sSlVTa1JOZWxwSFRWUmpNMDU2VlhoUFJHTXhUbmM5UFE9PQ==,LAKE\RJ\2024\11\DOERJ_PARTE_I_PODER_EXECUTIVO_2024-11-12.md,D:\github\exoneracoes_nomeacoes_dou\saida\RJ\DOERJ_2024.csv,736,exoneracao,2024-11-12,do cargo em comissão de Coordenador,da Superintendência de Gestão do Caixa Es￾tadual,0,sim,2024-11-12,do cargo em comissão de Coordenador,da Superintendência de Gestão do Caixa Es￾tadual,0,sim,sim,,,
DANIELE DE OLIVEIRA MOREIRA,2,RJ,Diario Oficial do Estado do Rio de Janeiro,2024-12-05,2024,nomeacao,DANIELE DE OLIVEIRA MOREIRA,DANIELE DE OLIVEIRA MOREIRA,sim,DANIELE DE OLIVEIRA MOREIRA:MISC|Daniele De Oliveira Moreira:PER,para exercer o cargo em comissão de Assessor,,Parte I (Poder Executivo),https://www.ioerj.com.br/portal/modules/conteudoonline/mostra_edicao.php?session=VWtWT1FrOUVRa05OYWtGMFRXcFdRMUZUTURCTmVrRXdURlZKTlU1RVozUlBWR016VFhwQ1JrMTZTWGRPUkZwSFRWUmpNMDU2VlhoUFJGazFUbWM5UFE9PQ==,LAKE\RJ\2024\12\DOERJ_PARTE_I_PODER_EXECUTIVO_2024-12-05.md,D:\github\exoneracoes_nomeacoes_dou\saida\RJ\DOERJ_2024.csv,324,exoneracao,2024-12-05,do cargo em comissão de Assessor,,0,sim,2024-12-05,do cargo em comissão de Assessor,,0,sim,nao,,,
DANIELE MENEZES DE CASTRO,2,RJ,Diario Oficial do Estado do Rio de Janeiro,2026-01-26,2026,nomeacao,DANIELE MENEZES DE CASTRO,DANIELE MENEZES DE CASTRO,sim,DANIELE MENEZES DE CASTRO:PER,para exercer o cargo em comissão de Ajudante I,da Superintendência do Programa RJ Para Todos - Superj,Parte I (Poder Executivo),https://www.ioerj.com.br/portal/modules/conteudoonline/mostra_edicao.php?session=VDBWS1EwNUZXa2RSYW1kMFRWUlJNVkpUTURCTlZFSkVURlZHUmxKRlZYUk9SVXBDVG5wVk5FNVVSVFJQVlZsNVRWUmpNMDU2VlhoTmFrMTNUa0U5UFE9PQ==,LAKE\RJ\2026\01\DOERJ_PARTE_I_PODER_EXECUTIVO_2026-01-26.md,D:\github\exoneracoes_nomeacoes_dou\saida\RJ\DOERJ_2026.csv,3708,exoneracao,2025-11-24,do cargo em comissão de Ajudante I,da Subsecretaria de Relações Governamentais,63,sim,2025-11-24,do cargo em comissão de Ajudante I,da Subsecretaria de Relações Governamentais,63,sim,sim,,,
DANIELLE MOREIRA CASTELO PEREIRA,2,RJ,Diario Oficial do Estado do Rio de Janeiro,2024-12-19,2024,nomeacao,DANIELLE MOREIRA CASTELO PEREIRA,DANIELLE MOREIRA CASTELO PEREIRA,sim,DANIELLE MOREIRA CASTELO PEREIRA:MISC|Danielle Moreira Castelo Pereira:PER,para exercer o cargo em comissão de Diretor de Divisão,do Departamento de Trânsito do Estado do Rio de Janeiro - DETRAN/RJ,Parte I (Poder Executivo),https://www.ioerj.com.br/portal/modules/conteudoonline/mostra_edicao.php?session=VGxSbmQwNUVZekpPUkUxMFVtdE5NMDVwTURCT1ZVNUZURlJuZDA1VVkzUlNSR3hHVFhwYVEwOUVXa2RTVlZGNFRWUmpNMDU2VlhoUFJGa3dUMEU5UFE9PQ==,LAKE\RJ\2024\12\DOERJ_PARTE_I_PODER_EXECUTIVO_2024-12-19.md,D:\github\exoneracoes_nomeacoes_dou\saida\RJ\DOERJ_2024.csv,82,exoneracao,2024-12-19,do cargo em comissão de Assistente III,do Departamento de Trânsito do Estado do Rio de Janeiro - DETRAN/RJ,0,sim,2024-12-19,do cargo em comissão de Assistente III,do Departamento de Trânsito do Estado do Rio de Janeiro - DETRAN/RJ,0,sim,nao,,,
DEBORA DE SOUZA CRAVEIRO,2,RJ,Diario Oficial do Estado do Rio de Janeiro,2026-03-19,2026,nomeacao,DEBORA DE SOUZA CRAVEIRO,DEBORA DE SOUZA CRAVEIRO,sim,DEBORA:MISC|Debora:PER,,da Superintendência de Administração e Finanças,Parte I (Poder Executivo),https://www.ioerj.com.br/portal/modules/conteudoonline/mostra_edicao.php?session=VFZWTmVrMTZhekpOVkd0MFRtcGpNRkZUTURCT1ZFRXdURlZKTWsxRVVYUlBSRWsxVW1wWk1FNUVaelZTYTFFeVRWUmpNMDU2VlhkUFZFa3hUbWM5UFE9PQ==,LAKE\RJ\2026\03\DOERJ_PARTE_I_PODER_EXECUTIVO_2026-03-19.md,D:\github\exoneracoes_nomeacoes_dou\saida\RJ\DOERJ_2026.csv,1744,exoneracao,2026-03-18,do cargo em comissão de Assistente II,da Subsecretaria de Gestão Portuária e Atividades Navais,1,sim,2026-03-18,do cargo em comissão de Assistente II,da Subsecretaria de Gestão Portuária e Atividades Navais,1,nao,sim,,,
DEBORA ROCHA AGUIAR VERAS,2,RJ,Diario Oficial do Estado do Rio de Janeiro,2026-02-20,2026,nomeacao,DEBORA ROCHA AGUIAR VERAS,DEBORA ROCHA AGUIAR VERAS,sim,DEBORA ROCHA:MISC|VERAS:MISC|Debora Rocha Aguiar Veras:PER,para exercer o cargo em comissão de Assistente II,do Instituto Estadual do Ambiente do Rio de Janeiro -INEA,Parte I (Poder Executivo),https://www.ioerj.com.br/portal/modules/conteudoonline/mostra_edicao.php?session=VVhwbk5FOUVhM2RTYWsxMFRWUmplVkpUTURCT2FsRjVURlZLUkUxNlkzUk5WVTB6VGxSTk0wOVVRa2RQUkd0NlRWUmpNMDU2VlhoTlZFa3pUbmM5UFE9PQ==,LAKE\RJ\2026\02\DOERJ_PARTE_I_PODER_EXECUTIVO_2026-02-20.md,D:\github\exoneracoes_nomeacoes_dou\saida\RJ\DOERJ_2026.csv,2889,exoneracao,2026-02-11,do cargo em comissão de Chefe de Serviço,do Instituto Estadual do Ambiente do Rio de Janeiro - INEA,9,sim,2026-02-11,do cargo em comissão de Chefe de Serviço,do Instituto Estadual do Ambiente do Rio de Janeiro - INEA,9,sim,sim,,,
DEBORA ROCHA AGUIAR VERAS,3,RJ,Diario Oficial do Estado do Rio de Janeiro,2026-02-20,2026,nomeacao,DEBORA ROCHA AGUIAR VERAS,DEBORA ROCHA AGUIAR VERAS,sim,DEBORA ROCHA:MISC|VERAS:MISC|Debora Rocha Aguiar Veras:PER,para exercer o cargo em comissão de Assisten- te II,do Instituto Estadual do Ambiente do Rio de Janeiro - INEA,Parte I (Poder Executivo),https://www.ioerj.com.br/portal/modules/conteudoonline/mostra_edicao.php?session=VVhwbk5FOUVhM2RTYWsxMFRWUmplVkpUTURCT2FsRjVURlZLUkUxNlkzUk5WVTB6VGxSTk0wOVVRa2RQUkd0NlRWUmpNMDU2VlhoTlZHdDRUV2M5UFE9PQ==,LAKE\RJ\2026\02\DOERJ_PARTE_I_PODER_EXECUTIVO_2026-02-20.md,D:\github\exoneracoes_nomeacoes_dou\saida\RJ\DOERJ_2026.csv,3088,nomeacao,2026-02-20,para exercer o cargo em comissão de Assistente II,do Instituto Estadual do Ambiente do Rio de Janeiro -INEA,0,sim,2026-02-11,do cargo em comissão de Chefe de Serviço,do Instituto Estadual do Ambiente do Rio de Janeiro - INEA,9,sim,nao,,,
DEBORAH DIAS GOMES DE CARVALHO JAUHAR,2,RJ,Diario Oficial do Estado do Rio de Janeiro,2026-02-05,2026,nomeacao,DEBORAH DIAS GOMES DE CARVALHO JAUHAR,DEBORAH DIAS GOMES DE CARVALHO JAUHAR,sim,DEBORAH DIAS GOMES DE CARVALHO JAUHAR:MISC|Deborah Dias Gomes De Carvalho Jauhar:PER,,,Parte I (Poder Executivo),https://www.ioerj.com.br/portal/modules/conteudoonline/mostra_edicao.php?session=VDFSU1EwNUVSVFJQVlZGMFRVVldSVTlETURCUlZGRTBURlZKZWs5RVFYUk5SVkUwVDBSc1JsSkZVVEpPZW1zMVRWUmpNMDU2VlhoTmFrRXhUbWM5UFE9PQ==,LAKE\RJ\2026\02\DOERJ_PARTE_I_PODER_EXECUTIVO_2026-02-05.md,D:\github\exoneracoes_nomeacoes_dou\saida\RJ\DOERJ_2026.csv,3338,exoneracao,2024-12-17,do cargo em comissão de Assistente II,da Superintendência de Cerimonial,415,sim,2024-12-17,do cargo em comissão de Assistente II,da Superintendência de Cerimonial,415,nao,nao,,,
DEISE DE CASSIANA VIEIRA LIMA,2,RJ,Diario Oficial do Estado do Rio de Janeiro,2025-11-07,2025,nomeacao,DEISE DE CASSIANA VIEIRA LIMA,DEISE DE CASSIANA VIEIRA LIMA,sim,CASSIANA VIEIRA LIMA:PER,,,Parte I (Poder Executivo),https://www.ioerj.com.br/portal/modules/conteudoonline/mostra_edicao.php?session=VWtWUk0wMVVSa1pOVlUxMFVUQkZlVkpUTURCU1JFbDRURlZKTTFGcVNYUlBWRVV6VFdwSmQwMXJTVEZTVkVKR1RWUmpNMDU2VlhoTmVsRXlUbmM5UFE9PQ==,LAKE\RJ\2025\11\DOERJ_PARTE_I_PODER_EXECUTIVO_2025-11-07.md,D:\github\exoneracoes_nomeacoes_dou\saida\RJ\DOERJ_2025.csv,1088,exoneracao,2025-11-07,,,0,sim,2025-11-07,,,0,nao,nao,,,
DEISY OLIVEIRA GONCALVES DA SILVA,2,RJ,Diario Oficial do Estado do Rio de Janeiro,2026-04-29,2026,nomeacao,DEISY OLIVEIRA GONÇALVES DA SILVA,DEISY OLIVEIRA GONÇALVES DA SILVA,sim,DEISY OLIVEIRA GONÇALVES DA SILVA:MISC|Deisy Oliveira Gonçalves Da Silva:PER,para exercer o cargo de Subsecretária Adjunta,da Subsecretaria Adjunta de Coordenação e Inteligência Institucional,Parte I (Poder Executivo),https://www.ioerj.com.br/portal/modules/conteudoonline/mostra_edicao.php?session=VDFSSmVrMXJTa2RTUlUxMFVWUkdSVTU1TURCU1ZWRTBURlJuTkU5VVNYUk5NRmw1VGxWTk5WRXdTVFZPZWtWNVRWUmpNMDU2VlhkT2FsRTFUa0U5UFE9PQ==,LAKE\RJ\2026\04\DOERJ_PARTE_I_PODER_EXECUTIVO_2026-04-29.md,D:\github\exoneracoes_nomeacoes_dou\saida\RJ\DOERJ_2026.csv,9,exoneracao,2026-04-29,do cargo de Assessor Especial,,0,sim,2026-04-29,do cargo de Assessor Especial,,0,sim,nao,,,
DIANA CABRAL SIQUEIRA,2,RJ,Diario Oficial do Estado do Rio de Janeiro,2026-01-13,2026,nomeacao,DIANA CABRAL SIQUEIRA,DIANA CABRAL SIQUEIRA,sim,Diana Cabral Siqueira:PER,,da Subsecretaria do Tesouro do Estado do Rio de Janeiro,Parte I (Poder Executivo),https://www.ioerj.com.br/portal/modules/conteudoonline/mostra_edicao.php?session=VWtSa1IxRlZVa1pTVkZGMFVYcEpNVkY1TURCT1ZGVjVURlJuTTA5VlJYUlBWRVV4VFhwU1JWRjZRa0pTVkdjeVRWUmpNMDU2VlhoTmFsVXpUbWM5UFE9PQ==,LAKE\RJ\2026\01\DOERJ_PARTE_I_PODER_EXECUTIVO_2026-01-13.md,D:\github\exoneracoes_nomeacoes_dou\saida\RJ\DOERJ_2026.csv,3972,exoneracao,2026-01-12,do cargo em comissão de Superintendente,da Superintendência de Acompanhamento Fiscal,1,sim,2026-01-12,do cargo em comissão de Superintendente,da Superintendência de Acompanhamento Fiscal,1,nao,sim,,,
DIANA DA SILVA MARQUES,2,RJ,Diario Oficial do Estado do Rio de Janeiro,2026-03-25,2026,nomeacao,DIANA DA SILVA MARQUES,DIANA DA SILVA MARQUES,sim,DIANA DA SILVA MARQUES:PER,,da Superintendência de Gestão e Impacto Social,Parte I (Poder Executivo),https://www.ioerj.com.br/portal/modules/conteudoonline/mostra_edicao.php?session=VWtWV1ExSkVaM2RPVkVsMFVYcFpOVTFwTURCU2FsWkdURlJvUjFKRlZYUlNWRVpDVVZWUk0wMXJUVE5SVkVFMVRWUmpNMDU2VlhkUFJGbDZUbEU5UFE9PQ==,LAKE\RJ\2026\03\DOERJ_PARTE_I_PODER_EXECUTIVO_2026-03-25.md,D:\github\exoneracoes_nomeacoes_dou\saida\RJ\DOERJ_2026.csv,1334,exoneracao,2026-03-24,do cargo em comissão de Ajudante I,da Superintendência de Gestão e Impacto Social,1,sim,2026-03-24,do cargo em comissão de Ajudante I,da Superintendência de Gestão e Impacto Social,1,nao,nao,,,
DIEGO HENRIQUE FERREIRA DOS SANTOS,2,RJ,Diario Oficial do Estado do Rio de Janeiro,2026-03-13,2026,nomeacao,DIEGO HENRIQUE FERREIRA DOS SANTOS,DIEGO HENRIQUE FERREIRA DOS SANTOS,sim,HENRIQUE FERREIRA DOS SANTOS:MISC|Diego Henrique Ferreira Dos Santos:PER,,da Subsecretaria de Administração - Subadm,Parte I (Poder Executivo),https://www.ioerj.com.br/portal/modules/conteudoonline/mostra_edicao.php?session=VG10Uk5VMUZSVEZTUlZsMFRucEZOVTFUTURCTmFteEhURlJvUlU1clZYUk9SRWt6VFhwb1IwOVZTVEpOUlVsNFRWUmpNMDU2VlhkUFZHZDVUa0U5UFE9PQ==,LAKE\RJ\2026\03\DOERJ_PARTE_I_PODER_EXECUTIVO_2026-03-13.md,D:\github\exoneracoes_nomeacoes_dou\saida\RJ\DOERJ_2026.csv,2053,exoneracao,2026-03-11,do cargo de Vice-Presidente,,2,sim,2026-03-11,do cargo de Vice-Presidente,,2,nao,nao,,,
DIEGO MACEDO CARVALHO,2,RJ,Diario Oficial do Estado do Rio de Janeiro,2026-01-05,2026,nomeacao,DIEGO MACEDO CARVALHO,DIEGO MACEDO CARVALHO,sim,DIEGO:ORG|Diego Macedo Carvalho:PER,para exercer o cargo em comissão de Ajudante I,,Parte I (Poder Executivo),https://www.ioerj.com.br/portal/modules/conteudoonline/mostra_edicao.php?session=VVZWS1JGSnFUWHBOUkZsMFRXcGtSMUY1TURCT2ExSkVURlJuTVUxRVdYUlBSRTAwVWtST1JGRnFiRUpTYTFVMVRWUmpNMDU2VlhoTmFsazBUMEU5UFE9PQ==,LAKE\RJ\2026\01\DOERJ_PARTE_I_PODER_EXECUTIVO_2026-01-05.md,D:\github\exoneracoes_nomeacoes_dou\saida\RJ\DOERJ_2026.csv,4182,exoneracao,2025-12-17,do cargo em comissão de Assistente III,do Departamento de Trânsito do Estado do Rio de Janeiro - DETRAN_RJ,19,sim,2025-12-17,do cargo em comissão de Assistente III,do Departamento de Trânsito do Estado do Rio de Janeiro - DETRAN_RJ,19,sim,nao,,,
DIOGO PINHEIRO PEREIRA,2,RJ,Diario Oficial do Estado do Rio de Janeiro,2026-01-05,2026,nomeacao,DIOGO PINHEIRO PEREIRA,DIOGO PINHEIRO PEREIRA,sim,DIOGO PINHEIRO PEREIRA:PER,para exercer o cargo em comissão de Assistente II,da Subsecretaria de Grandes Eventos e Ações de Pro- moção Governamental,Parte I (Poder Executivo),https://www.ioerj.com.br/portal/modules/conteudoonline/mostra_edicao.php?session=VVZWS1JGSnFUWHBOUkZsMFRXcGtSMUY1TURCT2ExSkVURlJuTVUxRVdYUlBSRTAwVWtST1JGRnFiRUpTYTFVMVRWUmpNMDU2VlhoTmFsazBUMEU5UFE9PQ==,LAKE\RJ\2026\01\DOERJ_PARTE_I_PODER_EXECUTIVO_2026-01-05.md,D:\github\exoneracoes_nomeacoes_dou\saida\RJ\DOERJ_2026.csv,4176,exoneracao,2026-01-05,,do Departamento de Contratos e Convênios,0,sim,2026-01-05,,do Departamento de Contratos e Convênios,0,nao,sim,,,
DOUGLAS DE LIMA SANTOS,2,RJ,Diario Oficial do Estado do Rio de Janeiro,2026-03-04,2026,nomeacao,DOUGLAS DE LIMA SANTOS,DOUGLAS DE LIMA SANTOS,sim,DOUGLAS DE LIMA SANTOS:MISC|Douglas:PER,,,Parte I (Poder Executivo),https://www.ioerj.com.br/portal/modules/conteudoonline/mostra_edicao.php?session=VG5wT1IwMVVhRUpOUlVsMFVWUnNSazVUTURCUmFscEZURlZGTTA1RVozUlJWR1JGVWtWUk5GSlVhelJSVkZKRlRWUmpNMDU2VlhoTlJGRjZUVUU5UFE9PQ==,LAKE\RJ\2026\03\DOERJ_PARTE_I_PODER_EXECUTIVO_2026-03-04.md,D:\github\exoneracoes_nomeacoes_dou\saida\RJ\DOERJ_2026.csv,2507,exoneracao,2026-03-02,do cargo em comissão de Assessor,da Superintendência de Assistência Especializada,2,sim,2026-03-02,do cargo em comissão de Assessor,da Superintendência de Assistência Especializada,2,nao,nao,,,
EDINELE GARCIA MARQUES VIEIRA,2,RJ,Diario Oficial do Estado do Rio de Janeiro,2024-10-08,2024,nomeacao,EDINELE GARCIA MARQUES VIEIRA,EDINELE GARCIA MARQUES VIEIRA,sim,GARCIA:ORG|Garcia Marques Vieira:PER,,,Parte I (Poder Executivo),https://www.ioerj.com.br/portal/modules/conteudoonline/mostra_edicao.php?session=VFhwbmVGRjZZM2xTUkVsMFRWUmpNVkpETURCT1ZFMHlURlZKTVUxRlJYUlBSRmw2VFVSbk0wNVVSa1pPUkd0NVRWUmpNMDU2VlhoUFJHY3pUWGM5UFE9PQ==,LAKE\RJ\2024\10\DOERJ_PARTE_I_PODER_EXECUTIVO_2024-10-08.md,D:\github\exoneracoes_nomeacoes_dou\saida\RJ\DOERJ_2024.csv,1757,exoneracao,2024-10-02,do cargo em comissão de Assistente III,do Gabinete do Secretário,6,sim,2024-10-02,do cargo em comissão de Assistente III,do Gabinete do Secretário,6,nao,nao,,,
EDINELE GARCIA MARQUES VIEIRA,4,RJ,Diario Oficial do Estado do Rio de Janeiro,2024-12-05,2024,nomeacao,EDINELE GARCIA MARQUES VIEIRA,EDINELE GARCIA MARQUES VIEIRA,sim,GARCIA:ORG|Garcia Marques Vieira:PER,para exercer o cargo em comissão de Superintendente,da Superintendência de Captação de Recursos,Parte I (Poder Executivo),https://www.ioerj.com.br/portal/modules/conteudoonline/mostra_edicao.php?session=VWtWT1FrOUVRa05OYWtGMFRXcFdRMUZUTURCTmVrRXdURlZKTlU1RVozUlBWR016VFhwQ1JrMTZTWGRPUkZwSFRWUmpNMDU2VlhoUFJGazFUbWM5UFE9PQ==,LAKE\RJ\2024\12\DOERJ_PARTE_I_PODER_EXECUTIVO_2024-12-05.md,D:\github\exoneracoes_nomeacoes_dou\saida\RJ\DOERJ_2024.csv,314,exoneracao,2024-12-05,do cargo em comissão de Assessor,,0,sim,2024-12-05,do cargo em comissão de Assessor,,0,sim,nao,,,
EDSON DELCIR MARAN,2,RJ,Diario Oficial do Estado do Rio de Janeiro,2024-10-02,2024,nomeacao,EDSON DELCIR MARAN,EDSON DELCIR MARAN,sim,EDSON DELCIR:PER,para exercer o cargo de Gerente,,Parte I (Poder Executivo),https://www.ioerj.com.br/portal/modules/conteudoonline/mostra_edicao.php?session=VWxWRk0wOVVRa1pQUkZsMFRsUlNSRkY1TURCU1JVNUNURlZGTlU5VlNYUlJWR2hFVGxSU1JFNVVWVEpTUkVaQ1RWUmpNMDU2VlhoUFJHYzFUV2M5UFE9PQ==,LAKE\RJ\2024\10\DOERJ_PARTE_I_PODER_EXECUTIVO_2024-10-02.md,D:\github\exoneracoes_nomeacoes_dou\saida\RJ\DOERJ_2024.csv,1826,exoneracao,2024-10-02,do cargo em comissão de Auxiliar,,0,sim,2024-10-02,do cargo em comissão de Auxiliar,,0,sim,nao,,,
EDUARDA LUIZ DOS SANTOS,2,RJ,Diario Oficial do Estado do Rio de Janeiro,2024-10-16,2024,nomeacao,EDUARDA LUIZ DOS SANTOS,EDUARDA LUIZ DOS SANTOS,sim,DOS SANTOS:MISC|Eduarda Luiz Dos Santos:PER,para exercer o cargo em comissão de Superintendente,,Parte I (Poder Executivo),https://www.ioerj.com.br/portal/modules/conteudoonline/mostra_edicao.php?session=VVZSQk0xRjZiRWRPVlZWMFVtdEtSbEpwTURCT1ZVazFURlJuTkZKVVkzUk9hMFY0VDFWS1IwMXFRWGhSVkZGM1RWUmpNMDU2VlhoUFJHY3dUbmM5UFE9PQ==,LAKE\RJ\2024\10\DOERJ_PARTE_I_PODER_EXECUTIVO_2024-10-16.md,D:\github\exoneracoes_nomeacoes_dou\saida\RJ\DOERJ_2024.csv,1540,exoneracao,2024-10-16,do cargo em comissão de Assistente III,,0,sim,2024-10-16,do cargo em comissão de Assistente III,,0,sim,nao,,,
EDUARDO DA CONCEICAO NUNES,2,RJ,Diario Oficial do Estado do Rio de Janeiro,2024-10-10,2024,nomeacao,EDUARDO DA CONCEIÇÃO NUNES,EDUARDO DA CONCEIÇÃO NUNES,sim,EDUARDO DA:MISC|Eduardo Da Conceição Nunes:PER,para exercer o cargo de Diretor Geral,do Departamento de Trânsito do Es￾tado do Rio de Janeiro - DETRAN/RJ,Parte I (Poder Executivo),https://www.ioerj.com.br/portal/modules/conteudoonline/mostra_edicao.php?session=VFZSTmVrNVVXVEZOZW1kMFRtdE5NazVUTURCUmFra3pURlZKTWxKVldYUk5SVTVFVWtWT1EwMVZSa1JTVkUxNVRWUmpNMDU2VlhoUFJHY3lUWGM5UFE9PQ==,LAKE\RJ\2024\10\DOERJ_PARTE_I_PODER_EXECUTIVO_2024-10-10.md,D:\github\exoneracoes_nomeacoes_dou\saida\RJ\DOERJ_2024.csv,1677,exoneracao,2024-10-10,do cargo de Vice-Presidente,do Departamento de Trânsito do Estado do Rio de Ja￾neiro - DETRAN/RJ,0,sim,2024-10-10,do cargo de Vice-Presidente,do Departamento de Trânsito do Estado do Rio de Ja￾neiro - DETRAN/RJ,0,sim,sim,,,
EDUARDO VAZ CASTELANO,2,RJ,Diario Oficial do Estado do Rio de Janeiro,2024-10-30,2024,nomeacao,EDUARDO VAZ CASTELANO,EDUARDO VAZ CASTELANO,sim,EDUARDO VAZ CASTELANO:MISC|Eduardo Vaz Castelano:PER,,,Parte I (Poder Executivo),https://www.ioerj.com.br/portal/modules/conteudoonline/mostra_edicao.php?session=VFVWSmVWSlVWVFJTYTFGMFQwUm9RazFUTURCUmFtc3lURlZGTlZGVlZYUk5hbWhDVFdwa1FrMXJXa05TVkVGNFRWUmpNMDU2VlhoUFJHZDNUV2M5UFE9PQ==,LAKE\RJ\2024\10\DOERJ_PARTE_I_PODER_EXECUTIVO_2024-10-30.md,D:\github\exoneracoes_nomeacoes_dou\saida\RJ\DOERJ_2024.csv,1247,exoneracao,2024-10-30,,da Subsecretaria Espe￾ATO S DO GOVERNADOR,0,sim,2024-10-30,,da Subsecretaria Espe￾ATO S DO GOVERNADOR,0,nao,nao,,,
EMANUEL DA SILVEIRA CARDOSO,2,RJ,Diario Oficial do Estado do Rio de Janeiro,2026-02-03,2026,nomeacao,EMANUEL DA SILVEIRA CARDOSO,EMANUEL DA SILVEIRA CARDOSO,sim,EMANUEL:ORG|SILVEIRA CARDOSO:MISC|Emanuel Da Silveira Cardoso:PER,,,Parte I (Poder Executivo),https://www.ioerj.com.br/portal/modules/conteudoonline/mostra_edicao.php?session=VGxWYVFsRlVUVFJOTUZGMFQwUk5NRkZwTURCTlZVVXpURlZGTVUxcVdYUlJWRTE1VDFSR1ExRlVaelJPTUZwSFRWUmpNMDU2VlhoTmFrVXdUbWM5UFE9PQ==,LAKE\RJ\2026\02\DOERJ_PARTE_I_PODER_EXECUTIVO_2026-02-03.md,D:\github\exoneracoes_nomeacoes_dou\saida\RJ\DOERJ_2026.csv,3459,exoneracao,2026-01-23,do cargo em comissão de Diretor de Teatro A,da Fundação Anita Mantuano de Artes do Estado do Rio de Janeiro - FUNARJ,11,sim,2026-01-23,do cargo em comissão de Diretor de Teatro A,da Fundação Anita Mantuano de Artes do Estado do Rio de Janeiro - FUNARJ,11,nao,nao,,,
EMANUELLE DE SOUZA LOUZADA,3,RJ,Diario Oficial do Estado do Rio de Janeiro,2025-11-12,2025,nomeacao,EMANUELLE DE SOUZA LOUZADA,EMANUELLE DE SOUZA LOUZADA,sim,EMANUELLE:ORG|SOUZA LOUZADA:ORG|Emanuelle De Souza Louzada:PER,da Chefia de Gabinete,do Gabinete do Secretário,Parte I (Poder Executivo),https://www.ioerj.com.br/portal/modules/conteudoonline/mostra_edicao.php?session=VVRCWmVFNXFhM2xOYWtWMFVWVlJNVkZwTURCT1JFMTNURlJyZDFGVVdYUk9hMDE2VFVSR1JWSnFhelZPUkVwQ1RWUmpNMDU2VlhoTmVsRjZUbWM5UFE9PQ==,LAKE\RJ\2025\11\DOERJ_PARTE_I_PODER_EXECUTIVO_2025-11-12.md,D:\github\exoneracoes_nomeacoes_dou\saida\RJ\DOERJ_2025.csv,980,exoneracao,2025-11-12,do cargo em comissão de Assistente II,do Gabinete do Secretário,0,sim,2025-11-12,do cargo em comissão de Assistente II,do Gabinete do Secretário,0,sim,nao,,,
ERICK JOSE GUIMARAES DE ANDRADE JUNIOR,3,RJ,Diario Oficial do Estado do Rio de Janeiro,2026-03-20,2026,nomeacao,ERICK JOSÉ GUIMARÃES DE ANDRADE JUNIOR,ERICK JOSÉ GUIMARÃES DE ANDRADE JUNIOR,sim,ERICK JOSÉ GUIMARÃES DE ANDRADE JUNIOR:ORG|Erick José Guimarães De Andrade Junior:PER,para exercer o cargo em comissão de Assistente II,da Subsecretaria de Planejamento e Inovação da,Parte I (Poder Executivo),https://www.ioerj.com.br/portal/modules/conteudoonline/mostra_edicao.php?session=VVhwR1EwNUZWVEJSYTBsMFQxVk5kMDlUTURCTk1Fa3hURlZKZWxKRlJYUk5NRkpEVVZWRk1sRXdUWGRPVlZWM1RWUmpNMDU2VlhkUFZFRTBUbmM5UFE9PQ==,LAKE\RJ\2026\03\DOERJ_PARTE_I_PODER_EXECUTIVO_2026-03-20.md,D:\github\exoneracoes_nomeacoes_dou\saida\RJ\DOERJ_2026.csv,1643,exoneracao,2026-03-13,do cargo de Chefe de Gabinete,,7,sim,2026-03-13,do cargo de Chefe de Gabinete,,7,sim,nao,,,
ERICK SOBRAL DINIZ,2,RJ,Diario Oficial do Estado do Rio de Janeiro,2026-04-27,2026,nomeacao,ERICK SOBRAL DINIZ,ERICK SOBRAL DINIZ,sim,ERICK SOBRAL DINIZ:MISC|Erick Sobral Diniz:PER,da Chefia de Gabinete,,Parte I (Poder Executivo),https://www.ioerj.com.br/portal/modules/conteudoonline/mostra_edicao.php?session=VGtSQ1IwMXJXVEZSVkZsMFRqQlpNRkY1TURCT01GVjRURlZKZDAxRVNYUlBSVVYzVDFSRk0wOVViRUpTUkZreFRWUmpNMDU2VlhkT2FtTXdUWGM5UFE9PQ==,LAKE\RJ\2026\04\DOERJ_PARTE_I_PODER_EXECUTIVO_2026-04-27.md,D:\github\exoneracoes_nomeacoes_dou\saida\RJ\DOERJ_2026.csv,305,exoneracao,2026-03-13,do cargo em comissão de Assistente,,45,sim,2026-03-13,do cargo em comissão de Assistente,,45,sim,nao,,,
ERIKA DO NASCIMENTO PINHEIRO MENDES,2,RJ,Diario Oficial do Estado do Rio de Janeiro,2026-03-06,2026,nomeacao,ÉRIKA DO NASCIMENTO PINHEIRO MENDES,ÉRIKA DO NASCIMENTO PINHEIRO MENDES,sim,PINHEIRO MENDES:PER,para exercer o cargo em comissão de Superintendente,da Superintendência de Avaliação e Acompanhamento do Desempenho Escolar,Parte I (Poder Executivo),https://www.ioerj.com.br/portal/modules/conteudoonline/mostra_edicao.php?session=VGxSS1ExRnFXa1JSYWxGMFVYcENRMUY1TURCUFJWbDRURlJvUWs1clRYUlJWVTVGVGxSTk0wNTZSa0pOYWs1R1RWUmpNMDU2VlhoTlJFVTFUVUU5UFE9PQ==,LAKE\RJ\2026\03\DOERJ_PARTE_I_PODER_EXECUTIVO_2026-03-06.md,D:\github\exoneracoes_nomeacoes_dou\saida\RJ\DOERJ_2026.csv,2390,exoneracao,2026-03-02,do cargo em comissão de Assessor,da Superintendência de Avaliação e Acompanhamento do Desempenho Escolar,4,sim,2026-03-02,do cargo em comissão de Assessor,da Superintendência de Avaliação e Acompanhamento do Desempenho Escolar,4,sim,nao,,,
ESTER CAETANO VIANNA DE MELLO,2,RJ,Diario Oficial do Estado do Rio de Janeiro,2024-11-14,2024,nomeacao,ESTER CAETANO VIANNA DE MELLO,ESTER CAETANO VIANNA DE MELLO,sim,ESTER CAETANO VIANNA DE:ORG|MELLO:LOC|Ester Caetano Vianna De Mello:PER,,do Instituto Estadual do Ambiente - INEA,Parte I (Poder Executivo),https://www.ioerj.com.br/portal/modules/conteudoonline/mostra_edicao.php?session=VWxSbk5FMHdVWGhQVlZWMFVXcEtRMDE1TURCU1JGcEhURlJvUWxGNlZYUk9lbHBDVFhwWk5WRXdUWHBTYTBaRVRWUmpNMDU2VlhoUFJHTXdUbWM5UFE9PQ==,LAKE\RJ\2024\11\DOERJ_PARTE_I_PODER_EXECUTIVO_2024-11-14.md,D:\github\exoneracoes_nomeacoes_dou\saida\RJ\DOERJ_2024.csv,668,exoneracao,2024-11-05,do cargo em comissão de Assistente,,9,sim,2024-11-05,do cargo em comissão de Assistente,,9,nao,nao,,,
EVANDRO FILGUEIRA DE LIMA,3,RJ,Diario Oficial do Estado do Rio de Janeiro,2024-11-11,2024,nomeacao,EVANDRO FILGUEIRA DE LIMA,EVANDRO FILGUEIRA DE LIMA,sim,EVANDRO FILGUEIRA DE LIMA:MISC|Evandro Filgueira De Lima:PER,,da Superintendência de Tecnologia da Informação,Parte I (Poder Executivo),https://www.ioerj.com.br/portal/modules/conteudoonline/mostra_edicao.php?session=VFdwRk5WSnFTVFZQUkZWMFRWUlplRkpwTURCTmVrRjVURlZLUlZGNlRYUlJWVlV4VGpCSmVsRlVVa1pOZW1zd1RWUmpNMDU2VlhoUFJHTXlUV2M5UFE9PQ==,LAKE\RJ\2024\11\DOERJ_PARTE_I_PODER_EXECUTIVO_2024-11-11.md,D:\github\exoneracoes_nomeacoes_dou\saida\RJ\DOERJ_2024.csv,798,exoneracao,2024-11-11,do cargo em comissão de Assessor,da Superintendência de Tecnologia da In￾formação,0,sim,2024-11-11,do cargo em comissão de Assessor,da Superintendência de Tecnologia da In￾formação,0,nao,sim,,,
EVERTON RODRIGUES MEDEIROS,2,RJ,Diario Oficial do Estado do Rio de Janeiro,2025-12-01,2025,nomeacao,EVERTON RODRIGUES MEDEIROS,EVERTON RODRIGUES MEDEIROS,sim,Everton Rodrigues Medeiros:PER,,,Parte I (Poder Executivo),https://www.ioerj.com.br/portal/modules/conteudoonline/mostra_edicao.php?session=VG1wRk5VMHdWa1pPYWsxMFVtdFdSMDU1TURCU1JHUkhURlJuTlU5RldYUk5hMDEzVGxSRk0wMVVhM2hOYWxreFRWUmpNMDU2VlhoTmVrbDRUMUU5UFE9PQ==,LAKE\RJ\2025\12\DOERJ_PARTE_I_PODER_EXECUTIVO_2025-12-01.md,D:\github\exoneracoes_nomeacoes_dou\saida\RJ\DOERJ_2025.csv,511,exoneracao,2025-12-01,do cargo em comissão de Assessor-Chefe,do Gabinete do Secretário,0,sim,2025-12-01,do cargo em comissão de Assessor-Chefe,do Gabinete do Secretário,0,nao,nao,,,
FABIANA SILVA DE SOUZA,3,RJ,Diario Oficial do Estado do Rio de Janeiro,2026-01-13,2026,nomeacao,FABIANA SILVA DE SOUZA,FABIANA SILVA DE SOUZA,sim,FABIANA SILVA DE SOUZA:PER,para exercer o cargo em comissão de Assistente II,da Subsecretaria de Políticas Inclusivas,Parte I (Poder Executivo),https://www.ioerj.com.br/portal/modules/conteudoonline/mostra_edicao.php?session=VWtSa1IxRlZVa1pTVkZGMFVYcEpNVkY1TURCT1ZGVjVURlJuTTA5VlJYUlBWRVV4VFhwU1JWRjZRa0pTVkdjeVRWUmpNMDU2VlhoTmFsVXpUbWM5UFE9PQ==,LAKE\RJ\2026\01\DOERJ_PARTE_I_PODER_EXECUTIVO_2026-01-13.md,D:\github\exoneracoes_nomeacoes_dou\saida\RJ\DOERJ_2026.csv,3980,exoneracao,2025-12-02,,da Superintendência de Desportos do Estado do Rio de Janeiro - SUDERJ,42,sim,2025-12-02,,da Superintendência de Desportos do Estado do Rio de Janeiro - SUDERJ,42,nao,sim,,,
FABIO BASTOS FRANCA,2,RJ,Diario Oficial do Estado do Rio de Janeiro,2024-10-31,2024,nomeacao,FABIO BASTOS FRANÇA,FABIO BASTOS FRANÇA,sim,FABIO BASTOS FRANÇA:PER,para exercer o cargo em comissão de Secretário II,da Autarquia de Proteção e Defesa do Consumidor do Estado do Rio de Janeiro - PROCON-RJ,Parte I (Poder Executivo),https://www.ioerj.com.br/portal/modules/conteudoonline/mostra_edicao.php?session=VDFWRk0wMVZWVEZPYTBWMFVtdFplbEZUTURCTlZFNUNURlJuTTFGNmEzUk5WR2hGVFVScmVrNUVTa05SVkVWNVRWUmpNMDU2VlhoUFJHTTFUbmM5UFE9PQ==,LAKE\RJ\2024\10\DOERJ_PARTE_I_PODER_EXECUTIVO_2024-10-31.md,D:\github\exoneracoes_nomeacoes_dou\saida\RJ\DOERJ_2024.csv,1244,exoneracao,2024-10-31,do cargo em comissão de Secretário II,,0,sim,2024-10-31,do cargo em comissão de Secretário II,,0,sim,nao,,,
FABIO BASTOS FRANCA,3,RJ,Diario Oficial do Estado do Rio de Janeiro,2024-11-05,2024,nomeacao,FABIO BASTOS FRANÇA,FABIO BASTOS FRANÇA,sim,FABIO BASTOS FRANÇA:PER,,da Autarquia de Proteção e Defesa do Consumidor do Estado do Rio de Janeiro - PROCON-RJ,Parte I (Poder Executivo),https://www.ioerj.com.br/portal/modules/conteudoonline/mostra_edicao.php?session=VFdwck1FMUVWWGxOUlVWMFVWUkJOVTFETURCTlJWSkVURlJuZVU1clJYUlBWRVUwVVhwSk0xRnFaRVZOUlUxNFRWUmpNMDU2VlhoUFJHTTBUV2M5UFE9PQ==,LAKE\RJ\2024\11\DOERJ_PARTE_I_PODER_EXECUTIVO_2024-11-05.md,D:\github\exoneracoes_nomeacoes_dou\saida\RJ\DOERJ_2024.csv,977,nomeacao,2024-10-31,para exercer o cargo em comissão de Secretário II,da Autarquia de Proteção e Defesa do Consumidor do Estado do Rio de Janeiro - PROCON-RJ,5,sim,2024-10-31,do cargo em comissão de Secretário II,,5,nao,nao,,,
FABIO JORGE DANTAS DE SOUSA,3,RJ,Diario Oficial do Estado do Rio de Janeiro,2026-04-22,2026,nomeacao,FABIO JORGE DANTAS DE SOUSA,FABIO JORGE DANTAS DE SOUSA,sim,FABIO JORGE DANTAS DE SOUSA:MISC|Fabio Jorge Dantas De Sousa:PER,,do Gabinete de Segurança Institucional do Governo do Estado do Rio de Janeiro GSI/RJ,Parte I (Poder Executivo),https://www.ioerj.com.br/portal/modules/conteudoonline/mostra_edicao.php?session=VFRCSmQwNXJXVE5SVkVGMFRVUm5ORkY1TURCTmFtTjVURlJuZUU1clNYUk5WRTB4VFdwbk0xRlVXa05TYWtKR1RWUmpNMDU2VlhkT2FtY3hUbmM5UFE9PQ==,LAKE\RJ\2026\04\DOERJ_PARTE_I_PODER_EXECUTIVO_2026-04-22.md,D:\github\exoneracoes_nomeacoes_dou\saida\RJ\DOERJ_2026.csv,323,exoneracao,2026-04-22,do cargo em comissão de Assessor Especial,do Gabinete de Segurança Institucional do Governo do Estado do Rio de Janeiro - GSI/RJ,0,sim,2026-04-22,do cargo em comissão de Assessor Especial,do Gabinete de Segurança Institucional do Governo do Estado do Rio de Janeiro - GSI/RJ,0,nao,sim,,,
FABIO PARAVIDINO DA SILVA,2,RJ,Diario Oficial do Estado do Rio de Janeiro,2026-03-20,2026,nomeacao,FABIO PARAVIDINO DA SILVA,FABIO PARAVIDINO DA SILVA,sim,FABIO:ORG|Fabio Paravidino:PER,para exercer o cargo de Secretário de Estado,,Parte I (Poder Executivo),https://www.ioerj.com.br/portal/modules/conteudoonline/mostra_edicao.php?session=VVhwR1EwNUZWVEJSYTBsMFQxVk5kMDlUTURCTk1Fa3hURlZKZWxKRlJYUk5NRkpEVVZWRk1sRXdUWGRPVlZWM1RWUmpNMDU2VlhkUFZFRTBUbmM5UFE9PQ==,LAKE\RJ\2026\03\DOERJ_PARTE_I_PODER_EXECUTIVO_2026-03-20.md,D:\github\exoneracoes_nomeacoes_dou\saida\RJ\DOERJ_2026.csv,1601,exoneracao,2026-03-20,do cargo de Subsecretário de Estado,,0,sim,2026-03-20,do cargo de Subsecretário de Estado,,0,sim,nao,,,
FABIO SOUZA PONTES,2,RJ,Diario Oficial do Estado do Rio de Janeiro,2024-12-02,2024,nomeacao,FABIO SOUZA PONTES,FABIO SOUZA PONTES,sim,SOUZA PONTES:LOC|Fabio Souza Pontes:PER,para exercer o cargo em comissão de Coordenador,da Superintendência de Acompanhamento da Despesa Pública,Parte I (Poder Executivo),https://www.ioerj.com.br/portal/modules/conteudoonline/mostra_edicao.php?session=VWtWU1FsRnJUVFZQUkVWMFVsUldSRTFUTURCU1JFa3pURlJzUms0d1JYUk5SRmw0VDBWSmQwMTZiRU5QVkdoRlRWUmpNMDU2VlhoUFJHTjNUMUU5UFE9PQ==,LAKE\RJ\2024\12\DOERJ_PARTE_I_PODER_EXECUTIVO_2024-12-02.md,D:\github\exoneracoes_nomeacoes_dou\saida\RJ\DOERJ_2024.csv,459,exoneracao,2024-12-02,do cargo em comissão de Assessor,da Subsecretaria Adjunta de Política Fiscal,0,sim,2024-12-02,do cargo em comissão de Assessor,da Subsecretaria Adjunta de Política Fiscal,0,sim,sim,,,
FABIO SOUZA PONTES,4,RJ,Diario Oficial do Estado do Rio de Janeiro,2026-01-13,2026,nomeacao,FABIO SOUZA PONTES,FABIO SOUZA PONTES,sim,SOUZA PONTES:LOC|Fabio Souza Pontes:PER,,da Superintendência de Acom- panhamento da Despesa Pública,Parte I (Poder Executivo),https://www.ioerj.com.br/portal/modules/conteudoonline/mostra_edicao.php?session=VWtSa1IxRlZVa1pTVkZGMFVYcEpNVkY1TURCT1ZGVjVURlJuTTA5VlJYUlBWRVV4VFhwU1JWRjZRa0pTVkdjeVRWUmpNMDU2VlhoTmFsVXpUbWM5UFE9PQ==,LAKE\RJ\2026\01\DOERJ_PARTE_I_PODER_EXECUTIVO_2026-01-13.md,D:\github\exoneracoes_nomeacoes_dou\saida\RJ\DOERJ_2026.csv,3973,exoneracao,2026-01-12,do cargo em comissão de Coordenador,da Superintendência de Acompanhamento da Despesa Pública,1,sim,2026-01-12,do cargo em comissão de Coordenador,da Superintendência de Acompanhamento da Despesa Pública,1,nao,sim,,,
FABIOLA ALVES TRAVERSO DA MOTTA,2,RJ,Diario Oficial do Estado do Rio de Janeiro,2026-02-11,2026,nomeacao,FABIOLA ALVES TRAVERSO DA MOTTA,FABIOLA ALVES TRAVERSO DA MOTTA,sim,FABIOLA ALVES TRAVERSO:MISC|MOTTA:ORG|Fabiola Alves Traverso:PER,,da Superintendência Pedagó- gica,Parte I (Poder Executivo),https://www.ioerj.com.br/portal/modules/conteudoonline/mostra_edicao.php?session=VFZSR1EwMHdWWGhPVkUxMFRYcEdRMDFETURCT1ZHUkdURlZGZWxGcVJYUk9lbXQ1VG1wbk5WSkVXa1ZSYTFVd1RWUmpNMDU2VlhoTlZHc3lUbmM5UFE9PQ==,LAKE\RJ\2026\02\DOERJ_PARTE_I_PODER_EXECUTIVO_2026-02-11.md,D:\github\exoneracoes_nomeacoes_dou\saida\RJ\DOERJ_2026.csv,3216,exoneracao,2026-01-27,do cargo em comissão de Assistente II,da Subsecretaria de Gestão de Ensino,15,sim,2026-01-27,do cargo em comissão de Assistente II,da Subsecretaria de Gestão de Ensino,15,nao,sim,,,
FELIPE ALVES DE MEDEIROS,2,RJ,Diario Oficial do Estado do Rio de Janeiro,2024-12-05,2024,nomeacao,FELIPE ALVES DE MEDEIROS,FELIPE ALVES DE MEDEIROS,sim,FELIPE ALVES:PER,para exercer o cargo em comissão de - Assistente II,,Parte I (Poder Executivo),https://www.ioerj.com.br/portal/modules/conteudoonline/mostra_edicao.php?session=VWtWT1FrOUVRa05OYWtGMFRXcFdRMUZUTURCTmVrRXdURlZKTlU1RVozUlBWR016VFhwQ1JrMTZTWGRPUkZwSFRWUmpNMDU2VlhoUFJGazFUbWM5UFE9PQ==,LAKE\RJ\2024\12\DOERJ_PARTE_I_PODER_EXECUTIVO_2024-12-05.md,D:\github\exoneracoes_nomeacoes_dou\saida\RJ\DOERJ_2024.csv,327,exoneracao,2024-12-05,do cargo em comissão de Assistente II,,0,sim,2024-12-05,do cargo em comissão de Assistente II,,0,sim,nao,,,
FELIPE DE OLIVEIRA PIRES,2,RJ,Diario Oficial do Estado do Rio de Janeiro,2024-10-31,2024,nomeacao,FELIPE DE OLIVEIRA PIRES,FELIPE DE OLIVEIRA PIRES,sim,FELIPE DE OLIVEIRA:MISC|Felipe De Oliveira Pires:PER,para exercer o cargo em comissão de Assessor II,da Superintendência de Administração e Finanças,Parte I (Poder Executivo),https://www.ioerj.com.br/portal/modules/conteudoonline/mostra_edicao.php?session=VDFWRk0wMVZWVEZPYTBWMFVtdFplbEZUTURCTlZFNUNURlJuTTFGNmEzUk5WR2hGVFVScmVrNUVTa05SVkVWNVRWUmpNMDU2VlhoUFJHTTFUbmM5UFE9PQ==,LAKE\RJ\2024\10\DOERJ_PARTE_I_PODER_EXECUTIVO_2024-10-31.md,D:\github\exoneracoes_nomeacoes_dou\saida\RJ\DOERJ_2024.csv,1242,exoneracao,2024-10-21,do cargo em comissão de Assistente,da Autarquia de Proteção e Defesa do Consumidor do Estado do Rio de Janeiro - PROCON-RJ,10,sim,2024-10-21,do cargo em comissão de Assistente,da Autarquia de Proteção e Defesa do Consumidor do Estado do Rio de Janeiro - PROCON-RJ,10,sim,sim,,,
FELIPE FERREIRA DE LIMA,2,RJ,Diario Oficial do Estado do Rio de Janeiro,2024-10-21,2024,nomeacao,FELIPE FERREIRA DE LIMA,FELIPE FERREIRA DE LIMA,sim,FELIPE FERREIRA:MISC|Felipe Ferreira De Lima:PER,para exercer o cargo em comissão de Coordenador,do Departamento de Trânsito do Estado do Rio de Janeiro - DE￾TRAN/RJ,Parte I (Poder Executivo),https://www.ioerj.com.br/portal/modules/conteudoonline/mostra_edicao.php?session=VFdwc1JsSnJUVEJOVlVWMFRsUk5lbEpwTURCT2EwWkZURlJyZWxKVlJYUlNhbVJDVGxSck1WSnJTa1JOYWxFelRWUmpNMDU2VlhoUFJHZDZUVkU5UFE9PQ==,LAKE\RJ\2024\10\DOERJ_PARTE_I_PODER_EXECUTIVO_2024-10-21.md,D:\github\exoneracoes_nomeacoes_dou\saida\RJ\DOERJ_2024.csv,1433,exoneracao,2024-10-21,do cargo em comissão de Diretor de Divisão,do Departamento de Trânsito do Estado do Rio de Janeiro - DETRAN/RJ,0,sim,2024-10-21,do cargo em comissão de Diretor de Divisão,do Departamento de Trânsito do Estado do Rio de Janeiro - DETRAN/RJ,0,sim,sim,,,
FERNANDA AGUIAR PESCADOR,2,RJ,Diario Oficial do Estado do Rio de Janeiro,2024-12-16,2024,nomeacao,FERNANDA AGUIAR PESCADOR,FERNANDA AGUIAR PESCADOR,sim,FERNANDA:ORG|Fernanda Aguiar Pescador:PER,,,Parte I (Poder Executivo),https://www.ioerj.com.br/portal/modules/conteudoonline/mostra_edicao.php?session=VFVWV1JVNVVaM2RQUkVGMFVUQlJlVTVETURCT2VtTjVURlJyTkU5RlRYUk5SRmt5VVZWS1JFMTZUWGhOZWtaRFRWUmpNMDU2VlhoUFJGa3lUbEU5UFE9PQ==,LAKE\RJ\2024\12\DOERJ_PARTE_I_PODER_EXECUTIVO_2024-12-16.md,D:\github\exoneracoes_nomeacoes_dou\saida\RJ\DOERJ_2024.csv,151,exoneracao,2024-12-16,do cargo em comissão de Coordenador,da Superintendência de Unidades Próprias e Pré-Hospitalares,0,sim,2024-12-16,do cargo em comissão de Coordenador,da Superintendência de Unidades Próprias e Pré-Hospitalares,0,nao,nao,,,
FERNANDA APARECIDA MARIANO,2,RJ,Diario Oficial do Estado do Rio de Janeiro,2026-03-24,2026,nomeacao,FERNANDA APARECIDA MARIANO,FERNANDA APARECIDA MARIANO,sim,FERNANDA APARECIDA MARIANO:PER,,,Parte I (Poder Executivo),https://www.ioerj.com.br/portal/modules/conteudoonline/mostra_edicao.php?session=VGxSak0wMXJVWGxPTUVsMFRrUm5lVTlUTURCUFJFRXlURlZHUTA1RVRYUlNhMFY2VGtWT1JGRlZVVEJQVlUxNlRWUmpNMDU2VlhkUFJHTTBUbmM5UFE9PQ==,LAKE\RJ\2026\03\DOERJ_PARTE_I_PODER_EXECUTIVO_2026-03-24.md,D:\github\exoneracoes_nomeacoes_dou\saida\RJ\DOERJ_2026.csv,1443,exoneracao,2026-03-19,do cargo em comissão de Assessor,,5,sim,2026-03-19,do cargo em comissão de Assessor,,5,nao,nao,,,
FERNANDA LACERDA SANTA,2,RJ,Diario Oficial do Estado do Rio de Janeiro,2026-04-14,2026,nomeacao,FERNANDA LACERDA SANTA,FERNANDA LACERDA SANTA,sim,FERNANDA LACERDA:PER,,da Subsecretaria de Gestão Portuária e Atividades Navais,Parte I (Poder Executivo),https://www.ioerj.com.br/portal/modules/conteudoonline/mostra_edicao.php?session=VGtSQk1GRlZWa1JPUlZsMFRsUkplRTFwTURCU1JFVXdURlJuTUZGVlVYUlNhbGt5VVdwR1ExSlVZM2RTUkVaRlRWUmpNMDU2VlhkT2VrMDFUMEU5UFE9PQ==,LAKE\RJ\2026\04\DOERJ_PARTE_I_PODER_EXECUTIVO_2026-04-14.md,D:\github\exoneracoes_nomeacoes_dou\saida\RJ\DOERJ_2026.csv,926,exoneracao,2026-03-24,do cargo em comissão de Assessor Especial,da Subsecretaria Executiva,21,sim,2026-03-24,do cargo em comissão de Assessor Especial,da Subsecretaria Executiva,21,nao,sim,,,
FERNANDA RAYZA DE QUEIROZ LEMOS,2,RJ,Diario Oficial do Estado do Rio de Janeiro,2026-03-18,2026,nomeacao,FERNANDA RAYZA DE QUEIROZ LEMOS,FERNANDA RAYZA DE QUEIROZ LEMOS,sim,FERNANDA RAYZA:PER,para exercer o cargo em comissão de Ajudante I,,Parte I (Poder Executivo),https://www.ioerj.com.br/portal/modules/conteudoonline/mostra_edicao.php?session=VDFSV1JsSlVUVEpSYWxGMFVrVkdSazVETURCUFJFNUNURlJyZVZGNlJYUlJhbXMwVW10V1FsRlZUVEpOZWswelRWUmpNMDU2VlhkUFZFMDFUMUU5UFE9PQ==,LAKE\RJ\2026\03\DOERJ_PARTE_I_PODER_EXECUTIVO_2026-03-18.md,D:\github\exoneracoes_nomeacoes_dou\saida\RJ\DOERJ_2026.csv,1893,exoneracao,2025-12-01,do cargo em comissão de Assessor-Chefe,,107,sim,2025-12-01,do cargo em comissão de Assessor-Chefe,,107,sim,nao,,,
FERNANDA WERNER VIANNA GOMES,2,RJ,Diario Oficial do Estado do Rio de Janeiro,2024-12-19,2024,nomeacao,FERNANDA WERNER VIANNA GOMES,FERNANDA WERNER VIANNA GOMES,sim,FERNANDA:PER,,do Instituto Rio Metrópole - IRM,Parte I (Poder Executivo),https://www.ioerj.com.br/portal/modules/conteudoonline/mostra_edicao.php?session=VGxSbmQwNUVZekpPUkUxMFVtdE5NMDVwTURCT1ZVNUZURlJuZDA1VVkzUlNSR3hHVFhwYVEwOUVXa2RTVlZGNFRWUmpNMDU2VlhoUFJGa3dUMEU5UFE9PQ==,LAKE\RJ\2024\12\DOERJ_PARTE_I_PODER_EXECUTIVO_2024-12-19.md,D:\github\exoneracoes_nomeacoes_dou\saida\RJ\DOERJ_2024.csv,77,exoneracao,2024-12-02,do cargo em comissão de Ouvidor,,17,sim,2024-12-02,do cargo em comissão de Ouvidor,,17,nao,nao,,,
FERNANDO BARBOSA DA SILVA NETO,2,RJ,Diario Oficial do Estado do Rio de Janeiro,2026-03-23,2026,nomeacao,FERNANDO BARBOSA DA SILVA NETO,FERNANDO BARBOSA DA SILVA NETO,sim,FERNANDO BARBOSA DA SILVA NETO:PER,,,Parte I (Poder Executivo),https://www.ioerj.com.br/portal/modules/conteudoonline/mostra_edicao.php?session=VW1wQ1IwNTZSVE5SYTFsMFRWUkJNazVwTURCT01Fa3dURlJzUmxKVlVYUlBWR1JEVFdwc1IwNHdXWGROZWtFeFRWUmpNMDU2VlhkUFJHdDZUWGM5UFE9PQ==,LAKE\RJ\2026\03\DOERJ_PARTE_I_PODER_EXECUTIVO_2026-03-23.md,D:\github\exoneracoes_nomeacoes_dou\saida\RJ\DOERJ_2026.csv,1521,exoneracao,2026-03-02,do cargo em comissão de Assistente II,da Superintendência de Desenvolvimento de Pessoas,21,sim,2026-03-02,do cargo em comissão de Assistente II,da Superintendência de Desenvolvimento de Pessoas,21,nao,nao,,,
FERNANDO BRAGA MARTINS,2,RJ,Diario Oficial do Estado do Rio de Janeiro,2024-12-19,2024,nomeacao,FERNANDO BRAGA MARTINS,FERNANDO BRAGA MARTINS,sim,FERNANDO BRAGA MARTINS:PER,,,Parte I (Poder Executivo),https://www.ioerj.com.br/portal/modules/conteudoonline/mostra_edicao.php?session=VGxSbmQwNUVZekpPUkUxMFVtdE5NMDVwTURCT1ZVNUZURlJuZDA1VVkzUlNSR3hHVFhwYVEwOUVXa2RTVlZGNFRWUmpNMDU2VlhoUFJGa3dUMEU5UFE9PQ==,LAKE\RJ\2024\12\DOERJ_PARTE_I_PODER_EXECUTIVO_2024-12-19.md,D:\github\exoneracoes_nomeacoes_dou\saida\RJ\DOERJ_2024.csv,65,exoneracao,2024-12-19,do cargo de Subsecretário de Estado,da Subsecretaria de Desburocratização e Governo Digital,0,sim,2024-12-19,do cargo de Subsecretário de Estado,da Subsecretaria de Desburocratização e Governo Digital,0,nao,nao,,,
FERNANDO CESAR GONCALVES DE OLIVEIRA,2,RJ,Diario Oficial do Estado do Rio de Janeiro,2026-03-25,2026,nomeacao,FERNANDO CESAR GONCALVES DE OLIVEIRA,FERNANDO CESAR GONCALVES DE OLIVEIRA,sim,FERNANDO CESAR GONCALVES DE OLIVEIRA:PER,,do Departamento de Recursos Humanos,Parte I (Poder Executivo),https://www.ioerj.com.br/portal/modules/conteudoonline/mostra_edicao.php?session=VWtWV1ExSkVaM2RPVkVsMFVYcFpOVTFwTURCU2FsWkdURlJvUjFKRlZYUlNWRVpDVVZWUk0wMXJUVE5SVkVFMVRWUmpNMDU2VlhkUFJGbDZUbEU5UFE9PQ==,LAKE\RJ\2026\03\DOERJ_PARTE_I_PODER_EXECUTIVO_2026-03-25.md,D:\github\exoneracoes_nomeacoes_dou\saida\RJ\DOERJ_2026.csv,1315,exoneracao,2026-03-24,do cargo em comissão de Chefe de Divisão,do Departamento de Recursos Humanos,1,sim,2026-03-24,do cargo em comissão de Chefe de Divisão,do Departamento de Recursos Humanos,1,nao,nao,,,
FERNANDO CESAR ROCHA DOS SANTOS,2,RJ,Diario Oficial do Estado do Rio de Janeiro,2024-12-20,2024,nomeacao,FERNANDO CESAR ROCHA DOS SANTOS,FERNANDO CESAR ROCHA DOS SANTOS,sim,FERNANDO CESAR ROCHA DOS SANTOS:PER,para exercer o cargo em comissão de Assessor I,do Departamento de Trânsito do Estado do Rio de Janeiro - DETRAN/RJ,Parte I (Poder Executivo),https://www.ioerj.com.br/portal/modules/conteudoonline/mostra_edicao.php?session=VGxSTmVWRnFWa0pOYWsxMFRXcGplRkY1TURCTmFrRjRURlJuZUUxcVkzUlJhbU40VFdwV1FrMTZUa2RSVlU1SFRWUmpNMDU2VlhoUFJGa3dUWGM5UFE9PQ==,LAKE\RJ\2024\12\DOERJ_PARTE_I_PODER_EXECUTIVO_2024-12-20.md,D:\github\exoneracoes_nomeacoes_dou\saida\RJ\DOERJ_2024.csv,42,exoneracao,2024-12-20,do cargo em comissão de Assessor II,do Departamento de Trânsito do Estado do Rio de Janeiro - DETRAN/RJ,0,sim,2024-12-20,do cargo em comissão de Assessor II,do Departamento de Trânsito do Estado do Rio de Janeiro - DETRAN/RJ,0,sim,nao,,,
FERNANDO CEZAR MARTINS,2,RJ,Diario Oficial do Estado do Rio de Janeiro,2024-12-04,2024,nomeacao,FERNANDO CEZAR MARTINS,FERNANDO CEZAR MARTINS,sim,FERNANDO CEZAR MARTINS:PER,para exercer o cargo em comissão de Auxiliar de Gabi￾nete,do Departamento de Recursos Minerais - DRM￾RJ,Parte I (Poder Executivo),https://www.ioerj.com.br/portal/modules/conteudoonline/mostra_edicao.php?session=VFZSSmQwNUViRUpSVkVWMFRYcGplVTlETURCUlZHTXpURlZKTWs5RVVYUk5lbXN3VG5wRk0wMVZWVFZPVlVreFRWUmpNMDU2VlhoUFJHTjNUVkU5UFE9PQ==,LAKE\RJ\2024\12\DOERJ_PARTE_I_PODER_EXECUTIVO_2024-12-04.md,D:\github\exoneracoes_nomeacoes_dou\saida\RJ\DOERJ_2024.csv,393,exoneracao,2024-12-04,do cargo em comissão de Assessor Especial,do Departamento de Recursos Minerais - DRM-RJ,0,sim,2024-12-04,do cargo em comissão de Assessor Especial,do Departamento de Recursos Minerais - DRM-RJ,0,sim,sim,,,
FILIPE LOPES ARAUJO,2,RJ,Diario Oficial do Estado do Rio de Janeiro,2024-10-23,2024,nomeacao,FILIPE LOPES ARAUJO,FILIPE LOPES ARAUJO,sim,FILIPE LOPES ARAUJO:MISC|Filipe Lopes Araujo:PER,para exercer o cargo em comissão de Diretor Adjunto,do Departamento Geral de Ações Socioeducativas - DEGASE,Parte I (Poder Executivo),https://www.ioerj.com.br/portal/modules/conteudoonline/mostra_edicao.php?session=VGxSUmVrNVZTa1ZOVlZGMFQwUkpNRTFETURCTlJWRTFURlZGTVZFd1RYUlJhazAwVGxSWk1rNXFTa05TUlVwSFRWUmpNMDU2VlhoUFJHZDVUV2M5UFE9PQ==,LAKE\RJ\2024\10\DOERJ_PARTE_I_PODER_EXECUTIVO_2024-10-23.md,D:\github\exoneracoes_nomeacoes_dou\saida\RJ\DOERJ_2024.csv,1398,exoneracao,2024-10-23,do cargo em comissão de Chefe de Setor - Coordenador de Plantão,do Departamento Geral de Ações Socioeducativas - DEGASE,0,sim,2024-10-23,do cargo em comissão de Chefe de Setor - Coordenador de Plantão,do Departamento Geral de Ações Socioeducativas - DEGASE,0,sim,nao,,,
FLAVIA CRISTINA DE ASSIS BARBOSA,2,RJ,Diario Oficial do Estado do Rio de Janeiro,2024-10-25,2024,nomeacao,FLÁVIA CRISTINA DE ASSIS BARBOSA,FLÁVIA CRISTINA DE ASSIS BARBOSA,sim,FLÁVIA CRISTINA DE ASSIS BARBOSA:PER,para exercer o cargo em comissão de Chefe de Ser￾viço,do Instituto Estadual do Ambiente - INEA,Parte I (Poder Executivo),https://www.ioerj.com.br/portal/modules/conteudoonline/mostra_edicao.php?session=VDFSUk0xRXdVa1pPZWtWMFVYcEtSMDlUTURCTk1FVTBURlJuTTFKcVkzUk9WVVpDVGpCUmQxRnJUa0pQUkdkNVRWUmpNMDU2VlhoUFJHZDRUWGM5UFE9PQ==,LAKE\RJ\2024\10\DOERJ_PARTE_I_PODER_EXECUTIVO_2024-10-25.md,D:\github\exoneracoes_nomeacoes_dou\saida\RJ\DOERJ_2024.csv,1329,exoneracao,2024-10-25,do cargo em comissão de Chefe de Serviço,do Instituto Estadual do Ambiente - INEA,0,sim,2024-10-25,do cargo em comissão de Chefe de Serviço,do Instituto Estadual do Ambiente - INEA,0,sim,nao,,,
FLAVIA LIMA DE LARA FORTES,2,RJ,Diario Oficial do Estado do Rio de Janeiro,2024-11-25,2024,nomeacao,FLÁVIA LIMA DE LARA FORTES,FLÁVIA LIMA DE LARA FORTES,sim,FLÁVIA LIMA:PER,,,Parte I (Poder Executivo),https://www.ioerj.com.br/portal/modules/conteudoonline/mostra_edicao.php?session=VVd0Sk1FMTZWVE5PUkZWMFRucEZNazFETURCT1ZGcEdURlZGZWxKRlRYUk5NRTE0VFhwUmVVOVVWa05QUkVaQ1RWUmpNMDU2VlhoUFJHTjZUVkU5UFE9PQ==,LAKE\RJ\2024\11\DOERJ_PARTE_I_PODER_EXECUTIVO_2024-11-25.md,D:\github\exoneracoes_nomeacoes_dou\saida\RJ\DOERJ_2024.csv,588,exoneracao,2024-11-25,do cargo em comissão de Assistente II,,0,sim,2024-11-25,do cargo em comissão de Assistente II,,0,nao,nao,,,
FLAVIO DOS SANTOS,3,RJ,Diario Oficial do Estado do Rio de Janeiro,2025-11-28,2025,nomeacao,FLAVIO DOS SANTOS,FLAVIO DOS SANTOS,sim,FLAVIO DOS SANTOS:MISC|Flavio Dos Santos:PER,,,Parte I (Poder Executivo),https://www.ioerj.com.br/portal/modules/conteudoonline/mostra_edicao.php?session=VFdwQk5VOVZTVEpSTUZsMFRWVkdSMDlUTURCTk1GcEhURlZKTTFGNlJYUk5hbXhGVGtSRk1sRnFhRVpSYTBsM1RWUmpNMDU2VlhoTmVrbDZUbEU5UFE9PQ==,LAKE\RJ\2025\11\DOERJ_PARTE_I_PODER_EXECUTIVO_2025-11-28.md,D:\github\exoneracoes_nomeacoes_dou\saida\RJ\DOERJ_2025.csv,609,exoneracao,2025-11-28,do cargo em comissão de Assessor,,0,sim,2025-11-28,do cargo em comissão de Assessor,,0,nao,nao,,,
FLAVIO ROBERTO AMIEIRO DA SILVA,3,RJ,Diario Oficial do Estado do Rio de Janeiro,2024-10-25,2024,nomeacao,FLAVIO ROBERTO AMIEIRO DA SILVA,FLAVIO ROBERTO AMIEIRO DA SILVA,sim,Flavio Roberto:PER,,,Parte I (Poder Executivo),https://www.ioerj.com.br/portal/modules/conteudoonline/mostra_edicao.php?session=VDFSUk0xRXdVa1pPZWtWMFVYcEtSMDlUTURCTk1FVTBURlJuTTFKcVkzUk9WVVpDVGpCUmQxRnJUa0pQUkdkNVRWUmpNMDU2VlhoUFJHZDRUWGM5UFE9PQ==,LAKE\RJ\2024\10\DOERJ_PARTE_I_PODER_EXECUTIVO_2024-10-25.md,D:\github\exoneracoes_nomeacoes_dou\saida\RJ\DOERJ_2024.csv,1310,exoneracao,2024-10-25,do cargo em comissão de Coordenador,do Gabinete do Secretário,0,sim,2024-10-25,do cargo em comissão de Coordenador,do Gabinete do Secretário,0,nao,nao,,,
FRANCISCO KLEYTON ALVES DO CARMO,3,RJ,Diario Oficial do Estado do Rio de Janeiro,2026-03-11,2026,nomeacao,FRANCISCO KLEYTON ALVES DO CARMO,FRANCISCO KLEYTON ALVES DO CARMO,sim,FRANCISCO KLEYTON ALVES:MISC|DO CARMO:MISC|Francisco Kleyton Alves Do Carmo:PER,,da Subsecretaria de Gestão e Desenvolvimento Regional do Interior,Parte I (Poder Executivo),https://www.ioerj.com.br/portal/modules/conteudoonline/mostra_edicao.php?session=VGtSck1GRlZSa1pPVlUxMFRYcE5lRTU1TURCUmVra3dURlZHUkU0d1JYUk9WVlV4VGtSSk5FNXFVVEJPYWxaSFRWUmpNMDU2VlhkUFZHYzBUa0U5UFE9PQ==,LAKE\RJ\2026\03\DOERJ_PARTE_I_PODER_EXECUTIVO_2026-03-11.md,D:\github\exoneracoes_nomeacoes_dou\saida\RJ\DOERJ_2026.csv,2195,exoneracao,2026-03-09,do cargo em comissão de Assis- tente,da Superintendência de Relató- rios e Demonstrativos Contábeis,2,sim,2026-03-09,do cargo em comissão de Assis- tente,da Superintendência de Relató- rios e Demonstrativos Contábeis,2,nao,sim,,,
FRANCISCO KLEYTON ALVES DO CARMO,4,RJ,Diario Oficial do Estado do Rio de Janeiro,2026-03-11,2026,nomeacao,FRANCISCO KLEYTON ALVES DO CARMO,FRANCISCO KLEYTON ALVES DO CARMO,sim,FRANCISCO KLEYTON ALVES:MISC|DO CARMO:MISC|Francisco Kleyton Alves Do Carmo:PER,,da Subsecretaria de Gestão e Desenvolvimento Regional do Interior,Parte I (Poder Executivo),https://www.ioerj.com.br/portal/modules/conteudoonline/mostra_edicao.php?session=VGtSck1GRlZSa1pPVlUxMFRYcE5lRTU1TURCUmVra3dURlZHUkU0d1JYUk9WVlV4VGtSSk5FNXFVVEJPYWxaSFRWUmpNMDU2VlhoTlZHTjRUVkU5UFE9PQ==,LAKE\RJ\2026\03\DOERJ_PARTE_I_PODER_EXECUTIVO_2026-03-11.md,D:\github\exoneracoes_nomeacoes_dou\saida\RJ\DOERJ_2026.csv,2933,nomeacao,2026-03-11,,da Subsecretaria de Gestão e Desenvolvimento Regional do Interior,0,sim,2026-03-09,do cargo em comissão de Assis- tente,da Superintendência de Relató- rios e Demonstrativos Contábeis,2,nao,sim,,,
GABRIEL JOSE DUARTE LACERDA,3,RJ,Diario Oficial do Estado do Rio de Janeiro,2026-03-10,2026,nomeacao,GABRIEL JOSÉ DUARTE LACERDA,GABRIEL JOSÉ DUARTE LACERDA,sim,GABRIEL:MISC|Gabriel José Duarte Lacerda:PER,para exercer o cargo em comissão de Assistente II,da Fundação Anita Mantuano de Artes do Estado do Rio de Janeiro FUNARJ,Parte I (Poder Executivo),https://www.ioerj.com.br/portal/modules/conteudoonline/mostra_edicao.php?session=VDBWWmVrOUZUa1JSYWtsMFVYcEtRMDFwTURCT1ZWVTFURlJuTUUxRlRYUk9WVmswVWtSVk5WSnFUa1JQUkZVeFRWUmpNMDU2VlhkUFZHczBUbmM5UFE9PQ==,LAKE\RJ\2026\03\DOERJ_PARTE_I_PODER_EXECUTIVO_2026-03-10.md,D:\github\exoneracoes_nomeacoes_dou\saida\RJ\DOERJ_2026.csv,2284,exoneracao,2026-03-10,do cargo em comissão de Assistente II,,0,sim,2026-03-10,do cargo em comissão de Assistente II,,0,sim,nao,,,
GABRIEL JOSE DUARTE LACERDA,4,RJ,Diario Oficial do Estado do Rio de Janeiro,2026-03-10,2026,nomeacao,GABRIEL JOSÉ DUARTE LACERDA,GABRIEL JOSÉ DUARTE LACERDA,sim,GABRIEL:MISC|Gabriel José Duarte Lacerda:PER,para exercer o cargo em comissão de Assistente II,da Fundação Anita Mantuano de Artes do Estado do Rio de Janeiro - FUNARJ,Parte I (Poder Executivo),https://www.ioerj.com.br/portal/modules/conteudoonline/mostra_edicao.php?session=VDBWWmVrOUZUa1JSYWtsMFVYcEtRMDFwTURCT1ZWVTFURlJuTUUxRlRYUk9WVmswVWtSVk5WSnFUa1JQUkZVeFRWUmpNMDU2VlhoTlZHTjVUVUU5UFE9PQ==,LAKE\RJ\2026\03\DOERJ_PARTE_I_PODER_EXECUTIVO_2026-03-10.md,D:\github\exoneracoes_nomeacoes_dou\saida\RJ\DOERJ_2026.csv,2973,nomeacao,2026-03-10,para exercer o cargo em comissão de Assistente II,da Fundação Anita Mantuano de Artes do Estado do Rio de Janeiro FUNARJ,0,sim,2026-03-10,do cargo em comissão de Assistente II,,0,sim,nao,,,
GABRIEL LENGRUBER FEIJO GOULART,2,RJ,Diario Oficial do Estado do Rio de Janeiro,2026-04-28,2026,nomeacao,GABRIEL LENGRUBER FEIJÓ GOULART,GABRIEL LENGRUBER FEIJÓ GOULART,sim,GABRIEL LENGRUBER FEIJÓ GOULART:MISC|Gabriel Lengruber Feijó Goulart:PER,,,Parte I (Poder Executivo),https://www.ioerj.com.br/portal/modules/conteudoonline/mostra_edicao.php?session=VGtSYVFrMXJTWGRQUlZsMFVXcGpNRTVwTURCU1ZFVjNURlJzUkU5VVVYUlJlbGt5VDBSS1ExSnFXWHBOYWxWNlRWUmpNMDU2VlhkT2FsbDNUMUU5UFE9PQ==,LAKE\RJ\2026\04\DOERJ_PARTE_I_PODER_EXECUTIVO_2026-04-28.md,D:\github\exoneracoes_nomeacoes_dou\saida\RJ\DOERJ_2026.csv,253,exoneracao,2026-04-22,do cargo em comissão de Assistente,da Superintendência de Logística,6,sim,2026-04-22,do cargo em comissão de Assistente,da Superintendência de Logística,6,nao,nao,,,
GABRIEL SALABAERT CASTRO,2,RJ,Diario Oficial do Estado do Rio de Janeiro,2024-11-12,2024,nomeacao,GABRIEL SALABAERT CASTRO,GABRIEL SALABAERT CASTRO,sim,GABRIEL:MISC|SALABAERT CASTRO:MISC|Gabriel Salabaert Castro:PER,para exercer o cargo em comissão de Assessor,,Parte I (Poder Executivo),https://www.ioerj.com.br/portal/modules/conteudoonline/mostra_edicao.php?session=VGxWRk1VNUVhekZPYWtGMFRWUk5NbEpwTURCU1JFRjZURlJyZWs0d1dYUlJWRWsxVVdwck1sSlVTa1JOZWxwSFRWUmpNMDU2VlhoUFJHTXhUbmM5UFE9PQ==,LAKE\RJ\2024\11\DOERJ_PARTE_I_PODER_EXECUTIVO_2024-11-12.md,D:\github\exoneracoes_nomeacoes_dou\saida\RJ\DOERJ_2024.csv,757,exoneracao,2024-11-11,do Cargo de Coordenador de Projetos Especiais,,1,sim,2024-11-11,do Cargo de Coordenador de Projetos Especiais,,1,sim,nao,,,
GABRIEL SALABAERT CASTRO,4,RJ,Diario Oficial do Estado do Rio de Janeiro,2024-11-27,2024,nomeacao,GABRIEL SALABAERT CASTRO,GABRIEL SALABAERT CASTRO,sim,GABRIEL:MISC|SALABAERT CASTRO:MISC|Gabriel Salabaert Castro:PER,,da Subsecretaria de Projetos e Inovações,Parte I (Poder Executivo),https://www.ioerj.com.br/portal/modules/conteudoonline/mostra_edicao.php?session=VFdwRk0wMXFSWHBPVkVWMFVsVk5NVTlUTURCU1JGRjZURlZGTkUwd1NYUk5WRkpFVFhwcmVFNUVZM2hOUkUweVRWUmpNMDU2VlhoUFJHTjVUWGM5UFE9PQ==,LAKE\RJ\2024\11\DOERJ_PARTE_I_PODER_EXECUTIVO_2024-11-27.md,D:\github\exoneracoes_nomeacoes_dou\saida\RJ\DOERJ_2024.csv,552,exoneracao,2024-11-27,do cargo em comissão de Assessor,,0,sim,2024-11-27,do cargo em comissão de Assessor,,0,nao,nao,,,
GABRIEL VIANNA FALCAO,2,RJ,Diario Oficial do Estado do Rio de Janeiro,2026-02-12,2026,nomeacao,GABRIEL VIANNA FALCAO,GABRIEL VIANNA FALCAO,sim,GABRIEL VIANNA FALCAO:MISC|Gabriel Vianna Falcao:PER,,,Parte I (Poder Executivo),https://www.ioerj.com.br/portal/modules/conteudoonline/mostra_edicao.php?session=VVd0Tk1WRnFUVFZPUkVsMFRWUktSRkpUTURCUFZWSkZURlJyTkZKclVYUlJWVVY2VFVSTmQwNHdSa1ZOTUZFMVRWUmpNMDU2VlhoTlZHdDZUMEU5UFE9PQ==,LAKE\RJ\2026\02\DOERJ_PARTE_I_PODER_EXECUTIVO_2026-02-12.md,D:\github\exoneracoes_nomeacoes_dou\saida\RJ\DOERJ_2026.csv,3170,exoneracao,2024-11-05,do cargo em comissão de Assistente II,da Superintendência de Inovação Di￾gital,464,sim,2024-11-05,do cargo em comissão de Assistente II,da Superintendência de Inovação Di￾gital,464,nao,nao,,,
GABRIELA BARBOSA DE OLIVEIRA ROCHA,2,RJ,Diario Oficial do Estado do Rio de Janeiro,2024-11-08,2024,nomeacao,GABRIELA BARBOSA DE OLIVEIRA ROCHA,GABRIELA BARBOSA DE OLIVEIRA ROCHA,sim,GABRIELA BARBOSA DE:PER,,,Parte I (Poder Executivo),https://www.ioerj.com.br/portal/modules/conteudoonline/mostra_edicao.php?session=VWxSbk1GSnFhRU5TUlVsMFQwVlJlbEpETURCTlJFVXlURlZGZUZGVVkzUlBSRUYzVVZSak5VNVVWWGRQUlVsM1RWUmpNMDU2VlhoUFJHTXlUbmM5UFE9PQ==,LAKE\RJ\2024\11\DOERJ_PARTE_I_PODER_EXECUTIVO_2024-11-08.md,D:\github\exoneracoes_nomeacoes_dou\saida\RJ\DOERJ_2024.csv,861,exoneracao,2024-10-18,do cargo em comissão de Ajudante I,da Superintendência da Operação Segurança Presente,21,sim,2024-10-18,do cargo em comissão de Ajudante I,da Superintendência da Operação Segurança Presente,21,nao,nao,,,
GABRIELA LOPES DA SILVA,3,RJ,Diario Oficial do Estado do Rio de Janeiro,2026-03-09,2026,nomeacao,GABRIELA LOPES DA SILVA,GABRIELA LOPES DA SILVA,sim,GABRIELA LOPES DA SILVA:MISC|Gabriela Lopes Da Silva:PER,para exercer o cargo em comissão de Assistente II,da Fundação Leão XIII,Parte I (Poder Executivo),https://www.ioerj.com.br/portal/modules/conteudoonline/mostra_edicao.php?session=VVRCSk5GRnFiRVJSVlZGMFVrVkplRTFUTURCUmFrWkRURlJvUkU1RldYUlBSR3N4VG1wc1JVMXJTa1pQVkZKR1RWUmpNMDU2VlhoTlJFRXpUa0U5UFE9PQ==,LAKE\RJ\2026\03\DOERJ_PARTE_I_PODER_EXECUTIVO_2026-03-09.md,D:\github\exoneracoes_nomeacoes_dou\saida\RJ\DOERJ_2026.csv,2367,exoneracao,2026-03-06,do cargo em comissão de Coordenador,,3,sim,2026-03-06,do cargo em comissão de Coordenador,,3,sim,nao,,,
GABRIELA LOPES DA SILVA,4,RJ,Diario Oficial do Estado do Rio de Janeiro,2026-03-09,2026,nomeacao,GABRIELA LOPES DA SILVA,GABRIELA LOPES DA SILVA,sim,GABRIELA LOPES DA SILVA:MISC|Gabriela Lopes Da Silva:PER,para exercer o cargo em comissão de Assistente II,da Fundação Leão XIII,Parte I (Poder Executivo),https://www.ioerj.com.br/portal/modules/conteudoonline/mostra_edicao.php?session=VVRCSk5GRnFiRVJSVlZGMFVrVkplRTFUTURCUmFrWkRURlJvUkU1RldYUlBSR3N4VG1wc1JVMXJTa1pQVkZKR1RWUmpNMDU2VlhoTlZHTjZUMEU5UFE9PQ==,LAKE\RJ\2026\03\DOERJ_PARTE_I_PODER_EXECUTIVO_2026-03-09.md,D:\github\exoneracoes_nomeacoes_dou\saida\RJ\DOERJ_2026.csv,3012,nomeacao,2026-03-09,para exercer o cargo em comissão de Assistente II,da Fundação Leão XIII,0,sim,2026-03-06,do cargo em comissão de Coordenador,,3,sim,nao,,,
GABRIELA PEREIRA DE ALMEIDA,2,RJ,Diario Oficial do Estado do Rio de Janeiro,2024-12-10,2024,nomeacao,GABRIELA PEREIRA DE ALMEIDA,GABRIELA PEREIRA DE ALMEIDA,sim,GABRIELA PEREIRA DE ALMEIDA:PER,para exercer o cargo em comissão de Diretor de Unidade,da Subsecretaria de Políticas Inclusivas,Parte I (Poder Executivo),https://www.ioerj.com.br/portal/modules/conteudoonline/mostra_edicao.php?session=VFhwbmQwNXJWa0pOVlVsMFVWUk5NMDE1TURCT1JFVTBURlZHUkZGVldYUlJWRnBIVFd0T1IwMXFXWGROZWxWNFRWUmpNMDU2VlhoUFJGazBUWGM5UFE9PQ==,LAKE\RJ\2024\12\DOERJ_PARTE_I_PODER_EXECUTIVO_2024-12-10.md,D:\github\exoneracoes_nomeacoes_dou\saida\RJ\DOERJ_2024.csv,187,exoneracao,2024-12-10,do cargo em comissão de Diretor de Unidade,da Fundação para a Infância e Adolescência - FIA/RJ,0,sim,2024-12-10,do cargo em comissão de Diretor de Unidade,da Fundação para a Infância e Adolescência - FIA/RJ,0,sim,sim,,,
GABRIELA THEODORO FELIX DE BRITO,2,RJ,Diario Oficial do Estado do Rio de Janeiro,2026-03-27,2026,nomeacao,GABRIELA THEODORO FELIX DE BRITO,GABRIELA THEODORO FELIX DE BRITO,sim,GABRIELA THEODORO:MISC|FELIX DE BRITO:MISC|Gabriela Theodoro Felix De Brito:PER,para exercer o cargo em comissão de Assistente II,,Parte I (Poder Executivo),https://www.ioerj.com.br/portal/modules/conteudoonline/mostra_edicao.php?session=VWtWSk1FNXJWa1pSTUVsMFVrUk5NMUZwTURCTlZVNUVURlZLUWs1VVdYUlJhbFY2VDFWSmVGSkZWVEpOUkVFMFRWUmpNMDU2VlhkUFJFMHpUV2M5UFE9PQ==,LAKE\RJ\2026\03\DOERJ_PARTE_I_PODER_EXECUTIVO_2026-03-27.md,D:\github\exoneracoes_nomeacoes_dou\saida\RJ\DOERJ_2026.csv,1177,exoneracao,2026-03-25,do cargo em comissão de Assessor,,2,sim,2026-03-25,do cargo em comissão de Assessor,,2,sim,nao,,,
GABRIELLA FELIX CUPOLILLO,2,RJ,Diario Oficial do Estado do Rio de Janeiro,2024-12-11,2024,nomeacao,GABRIELLA FELIX CUPOLILLO,GABRIELLA FELIX CUPOLILLO,sim,Gabriella Felix Cupolillo:PER,,da Superintendência de Contra￾tos e Compras,Parte I (Poder Executivo),https://www.ioerj.com.br/portal/modules/conteudoonline/mostra_edicao.php?session=VVdwVmVFNTZRVE5OUlZGMFVWUk5lbEpwTURCTlJFWkVURlJyTlZGcVNYUk5SVWw0VGtWVk1GSlVSVE5QVkdONlRWUmpNMDU2VlhoUFJGa3pUbmM5UFE9PQ==,LAKE\RJ\2024\12\DOERJ_PARTE_I_PODER_EXECUTIVO_2024-12-11.md,D:\github\exoneracoes_nomeacoes_dou\saida\RJ\DOERJ_2024.csv,165,exoneracao,2024-12-11,do cargo em comissão de Adjunto I,do Instituto Estadual do Ambiente - INEA,0,sim,2024-12-11,do cargo em comissão de Adjunto I,do Instituto Estadual do Ambiente - INEA,0,nao,sim,,,
GABRIELLE DIAS JANNUZZI,2,RJ,Diario Oficial do Estado do Rio de Janeiro,2026-01-26,2026,nomeacao,GABRIELLE DIAS JANNUZZI,GABRIELLE DIAS JANNUZZI,sim,DIAS JANNUZZI:PER,,,Parte I (Poder Executivo),https://www.ioerj.com.br/portal/modules/conteudoonline/mostra_edicao.php?session=VDBWS1EwNUZXa2RSYW1kMFRWUlJNVkpUTURCTlZFSkVURlZHUmxKRlZYUk9SVXBDVG5wVk5FNVVSVFJQVlZsNVRWUmpNMDU2VlhoTmFrMTNUa0U5UFE9PQ==,LAKE\RJ\2026\01\DOERJ_PARTE_I_PODER_EXECUTIVO_2026-01-26.md,D:\github\exoneracoes_nomeacoes_dou\saida\RJ\DOERJ_2026.csv,3718,exoneracao,2026-01-19,do cargo em comissão de Assistente II,da Superintendência de Prestação de Contas,7,sim,2026-01-19,do cargo em comissão de Assistente II,da Superintendência de Prestação de Contas,7,nao,nao,,,
GABRIELLE FERNANDES LIMA,2,RJ,Diario Oficial do Estado do Rio de Janeiro,2024-12-04,2024,nomeacao,GABRIELLE FERNANDES LIMA,GABRIELLE FERNANDES LIMA,sim,FERNANDES LIMA:PER,,,Parte I (Poder Executivo),https://www.ioerj.com.br/portal/modules/conteudoonline/mostra_edicao.php?session=VFZSSmQwNUViRUpSVkVWMFRYcGplVTlETURCUlZHTXpURlZKTWs5RVVYUk5lbXN3VG5wRk0wMVZWVFZPVlVreFRWUmpNMDU2VlhoUFJHTjNUVkU5UFE9PQ==,LAKE\RJ\2024\12\DOERJ_PARTE_I_PODER_EXECUTIVO_2024-12-04.md,D:\github\exoneracoes_nomeacoes_dou\saida\RJ\DOERJ_2024.csv,410,exoneracao,2024-12-04,do cargo em comissão de Assessor Especial,da Superintendência de Desportos do Estado do Rio de Ja￾neiro - SUDERJ,0,sim,2024-12-04,do cargo em comissão de Assessor Especial,da Superintendência de Desportos do Estado do Rio de Ja￾neiro - SUDERJ,0,nao,nao,,,
GIANLUCA MATHEUS BURGUEZ CHAGAS,2,RJ,Diario Oficial do Estado do Rio de Janeiro,2025-11-19,2025,nomeacao,GIANLUCA MATHEUS BURGUEZ CHAGAS,GIANLUCA MATHEUS BURGUEZ CHAGAS,sim,GIANLUCA MATHEUS BURGUEZ CHAGAS:PER,,do Departamento de Trânsito do Estado do Rio de Janeiro - DETRAN/RJ,Parte I (Poder Executivo),https://www.ioerj.com.br/portal/modules/conteudoonline/mostra_edicao.php?session=VVZWWmVrNHdSVE5OVkdkMFRrUlZlRTlETURCTmFrVXlURlJuZUUxRldYUlJWVTE2VFd0Uk1sSlVRVEpOUlUxNFRWUmpNMDU2VlhoTmVrMTVUMEU5UFE9PQ==,LAKE\RJ\2025\11\DOERJ_PARTE_I_PODER_EXECUTIVO_2025-11-19.md,D:\github\exoneracoes_nomeacoes_dou\saida\RJ\DOERJ_2025.csv,774,exoneracao,2025-11-17,do cargo em comissão de Secretário II,do Departamento Geral de Administração e Finanças,2,sim,2025-11-17,do cargo em comissão de Secretário II,do Departamento Geral de Administração e Finanças,2,nao,sim,,,
GILSON JOSE DE MEDEIROS FILHO,2,RJ,Diario Oficial do Estado do Rio de Janeiro,2026-01-14,2026,nomeacao,GILSON JOSÉ DE MEDEIROS FILHO,GILSON JOSÉ DE MEDEIROS FILHO,sim,GILSON JOSÉ DE MEDEIROS FILHO:PER,para exercer o cargo em comissão de Ajudante I,da Superintendência de Paradesporto e Projetos Inclusivos,Parte I (Poder Executivo),https://www.ioerj.com.br/portal/modules/conteudoonline/mostra_edicao.php?session=VVRCU1JFNVVhRU5TYWtGMFQwUlZlVkY1TURCT2FsRjNURlJvUmxGNlJYUk9hMVY0VFd0Tk5VNVZWWGxPVlVWNVRWUmpNMDU2VlhoTmFsVXhUa0U5UFE9PQ==,LAKE\RJ\2026\01\DOERJ_PARTE_I_PODER_EXECUTIVO_2026-01-14.md,D:\github\exoneracoes_nomeacoes_dou\saida\RJ\DOERJ_2026.csv,3929,exoneracao,2024-11-01,do cargo em comissão de Assessor,,439,sim,2024-11-01,do cargo em comissão de Assessor,,439,sim,nao,,,
GILVANIA AMARAL SICUPIRA DE LIMA,3,RJ,Diario Oficial do Estado do Rio de Janeiro,2026-04-15,2026,nomeacao,GILVANIA AMARAL SICUPIRA DE LIMA,GILVANIA AMARAL SICUPIRA DE LIMA,sim,GILVANIA AMARAL SICUPIRA:MISC|Gilvania Amaral Sicupira De Lima:PER,,da Superintendência de Orçamento e Finanças,Parte I (Poder Executivo),https://www.ioerj.com.br/portal/modules/conteudoonline/mostra_edicao.php?session=VG1wS1JGRlVXWGROZWxsMFQwUkplazlETURCUFZWSkNURlZKTlZKRldYUk5SVVV3VG10SmVrNUZXa1pTVlZrMFRWUmpNMDU2VlhkT2VrMTRUVkU5UFE9PQ==,LAKE\RJ\2026\04\DOERJ_PARTE_I_PODER_EXECUTIVO_2026-04-15.md,D:\github\exoneracoes_nomeacoes_dou\saida\RJ\DOERJ_2026.csv,879,exoneracao,2026-04-15,do cargo em comissão de Diretor Geral,da Fundação Leão XIII - FLXIII,0,sim,2026-04-15,do cargo em comissão de Diretor Geral,da Fundação Leão XIII - FLXIII,0,nao,sim,,,
GISELLE RODRIGUES VILLANUEVA,2,RJ,Diario Oficial do Estado do Rio de Janeiro,2025-11-07,2025,nomeacao,GISELLE RODRIGUES VILLANUEVA,GISELLE RODRIGUES VILLANUEVA,sim,GISELLE:MISC|Giselle Rodrigues Villanueva:PER,,,Parte I (Poder Executivo),https://www.ioerj.com.br/portal/modules/conteudoonline/mostra_edicao.php?session=VWtWUk0wMVVSa1pOVlUxMFVUQkZlVkpUTURCU1JFbDRURlZKTTFGcVNYUlBWRVV6VFdwSmQwMXJTVEZTVkVKR1RWUmpNMDU2VlhoTmVsRXlUbmM5UFE9PQ==,LAKE\RJ\2025\11\DOERJ_PARTE_I_PODER_EXECUTIVO_2025-11-07.md,D:\github\exoneracoes_nomeacoes_dou\saida\RJ\DOERJ_2025.csv,1077,exoneracao,2025-11-07,do cargo em comissão de Coordenador,da Superintendência de Proteção Social Especial,0,sim,2025-11-07,do cargo em comissão de Coordenador,da Superintendência de Proteção Social Especial,0,nao,nao,,,
GRAZIELLE LISBOA DOS SANTOS,2,RJ,Diario Oficial do Estado do Rio de Janeiro,2025-11-27,2025,nomeacao,GRAZIELLE LISBOA DOS SANTOS,GRAZIELLE LISBOA DOS SANTOS,sim,GRAZIELLE LISBOA DOS SANTOS:MISC|Grazielle:LOC|Lisboa Dos Santos:PER,,,Parte I (Poder Executivo),https://www.ioerj.com.br/portal/modules/conteudoonline/mostra_edicao.php?session=VGpCT1JWSnFRa2RPYTFsMFQxUkZNbEpETURCTlJGa3dURlJzUTA5RlRYUk9hbVJIVDFWVk0wMHdSVEpPUkZsNlRWUmpNMDU2VlhoTmVra3dUbEU5UFE9PQ==,LAKE\RJ\2025\11\DOERJ_PARTE_I_PODER_EXECUTIVO_2025-11-27.md,D:\github\exoneracoes_nomeacoes_dou\saida\RJ\DOERJ_2025.csv,630,exoneracao,2025-11-27,do cargo em comissão de Ajudante II,,0,sim,2025-11-27,do cargo em comissão de Ajudante II,,0,nao,nao,,,
GUILHERME GOMES ARAUJO,2,RJ,Diario Oficial do Estado do Rio de Janeiro,2024-11-08,2024,nomeacao,GUILHERME GOMES ARAUJO,GUILHERME GOMES ARAUJO,sim,GUILHERME GOMES ARAUJO:MISC|Guilherme Gomes Araujo:PER,,,Parte I (Poder Executivo),https://www.ioerj.com.br/portal/modules/conteudoonline/mostra_edicao.php?session=VWxSbk1GSnFhRU5TUlVsMFQwVlJlbEpETURCTlJFVXlURlZGZUZGVVkzUlBSRUYzVVZSak5VNVVWWGRQUlVsM1RWUmpNMDU2VlhoUFJHTXlUbmM5UFE9PQ==,LAKE\RJ\2024\11\DOERJ_PARTE_I_PODER_EXECUTIVO_2024-11-08.md,D:\github\exoneracoes_nomeacoes_dou\saida\RJ\DOERJ_2024.csv,872,exoneracao,2024-11-04,do cargo de Ouvidor,da Autarquia de Proteção e Defesa do Consumidor do Estado do Rio de Janeiro - PROCON-RJ,4,sim,2024-11-04,do cargo de Ouvidor,da Autarquia de Proteção e Defesa do Consumidor do Estado do Rio de Janeiro - PROCON-RJ,4,nao,nao,,,
GUINEZA DA SILVA LOURENCO,2,RJ,Diario Oficial do Estado do Rio de Janeiro,2024-10-24,2024,nomeacao,GUINEZA DA SILVA LOURENÇO,GUINEZA DA SILVA LOURENÇO,sim,GUINEZA:MISC|Guineza Da Silva Lourenço:PER,,da Fundação Centro de Ciências e Educação Superior à Distância do Estado do Rio de Janeiro - CECIERJ,Parte I (Poder Executivo),https://www.ioerj.com.br/portal/modules/conteudoonline/mostra_edicao.php?session=VFVWVk1WRXdTVEpTUlVWMFRXcFJlbEpwTURCTk1FMTZURlJuTlZGcVVYUk9WVTB5VVRCVmQxSlZUWHBSTUVWM1RWUmpNMDU2VlhoUFJHZDRUbmM5UFE9PQ==,LAKE\RJ\2024\10\DOERJ_PARTE_I_PODER_EXECUTIVO_2024-10-24.md,D:\github\exoneracoes_nomeacoes_dou\saida\RJ\DOERJ_2024.csv,1341,exoneracao,2024-10-15,do cargo em comissão de Assistente,da Superintendência de Projetos Estratégicos,9,sim,2024-10-15,do cargo em comissão de Assistente,da Superintendência de Projetos Estratégicos,9,nao,sim,,,
GUSTAVO CIRILO DE FREITAS,2,RJ,Diario Oficial do Estado do Rio de Janeiro,2025-11-17,2025,nomeacao,GUSTAVO CIRILO DE FREITAS,GUSTAVO CIRILO DE FREITAS,sim,GUSTAVO:MISC|Gustavo Cirilo:PER,,,Parte I (Poder Executivo),https://www.ioerj.com.br/portal/modules/conteudoonline/mostra_edicao.php?session=VWxWUk5FMXFhRUpSYWxWMFVXcGFSbEpUTURCUFZFcEhURlZGTlZKRVdYUk5WVlpHVVZSYVJVNUVWVFJPYTFWNlRWUmpNMDU2VlhoTmVrMHlUV2M5UFE9PQ==,LAKE\RJ\2025\11\DOERJ_PARTE_I_PODER_EXECUTIVO_2025-11-17.md,D:\github\exoneracoes_nomeacoes_dou\saida\RJ\DOERJ_2025.csv,904,exoneracao,2025-11-17,do cargo em comissão de Diretor,,0,sim,2025-11-17,do cargo em comissão de Diretor,,0,nao,nao,,,
GUSTAVO REIS FERREIRA,2,RJ,Diario Oficial do Estado do Rio de Janeiro,2024-11-05,2024,nomeacao,GUSTAVO REIS FERREIRA,GUSTAVO REIS FERREIRA,sim,GUSTAVO:MISC|Gustavo Reis Ferreira:PER,para exercer o cargo de Secretário de Estado,,Parte I (Poder Executivo),https://www.ioerj.com.br/portal/modules/conteudoonline/mostra_edicao.php?session=VFdwck1FMUVWWGxOUlVWMFVWUkJOVTFETURCTlJWSkVURlJuZVU1clJYUlBWRVUwVVhwSk0xRnFaRVZOUlUxNFRWUmpNMDU2VlhoUFJHTTBUV2M5UFE9PQ==,LAKE\RJ\2024\11\DOERJ_PARTE_I_PODER_EXECUTIVO_2024-11-05.md,D:\github\exoneracoes_nomeacoes_dou\saida\RJ\DOERJ_2024.csv,975,exoneracao,2024-10-31,do cargo de Secretário de Estado,,5,sim,2024-10-31,do cargo de Secretário de Estado,,5,sim,nao,,,
GUSTAVO REIS FERREIRA,3,RJ,Diario Oficial do Estado do Rio de Janeiro,2025-11-06,2025,nomeacao,GUSTAVO REIS FERREIRA,GUSTAVO REIS FERREIRA,sim,GUSTAVO:MISC|Gustavo Reis Ferreira:PER,para exercer o cargo de Secretário de Estado,,Parte I (Poder Executivo),https://www.ioerj.com.br/portal/modules/conteudoonline/mostra_edicao.php?session=VW10Wk1sRlVaM2xPYW1kMFVsVktRazVUTURCU2FsVTBURlZKTkZGVWEzUlJWRUYzVW1wRk5VMVZVWGxOVkdjd1RWUmpNMDU2VlhoTmVsVjNUbWM5UFE9PQ==,LAKE\RJ\2025\11\DOERJ_PARTE_I_PODER_EXECUTIVO_2025-11-06.md,D:\github\exoneracoes_nomeacoes_dou\saida\RJ\DOERJ_2025.csv,1108,nomeacao,2024-11-05,para exercer o cargo de Secretário de Estado,,366,sim,2024-10-31,do cargo de Secretário de Estado,,371,sim,nao,,,
GUSTAVO REIS FERREIRA,4,RJ,Diario Oficial do Estado do Rio de Janeiro,2025-11-12,2025,nomeacao,GUSTAVO REIS FERREIRA,GUSTAVO REIS FERREIRA,sim,GUSTAVO:MISC|Gustavo Reis Ferreira:PER,para exercer o cargo de Secretário de Estado,,Parte I (Poder Executivo),https://www.ioerj.com.br/portal/modules/conteudoonline/mostra_edicao.php?session=VVRCWmVFNXFhM2xOYWtWMFVWVlJNVkZwTURCT1JFMTNURlJyZDFGVVdYUk9hMDE2VFVSR1JWSnFhelZPUkVwQ1RWUmpNMDU2VlhoTmVsRjZUbWM5UFE9PQ==,LAKE\RJ\2025\11\DOERJ_PARTE_I_PODER_EXECUTIVO_2025-11-12.md,D:\github\exoneracoes_nomeacoes_dou\saida\RJ\DOERJ_2025.csv,961,nomeacao,2025-11-06,para exercer o cargo de Secretário de Estado,,6,sim,2024-10-31,do cargo de Secretário de Estado,,377,sim,nao,,,
HENRIQUE WILLCOX DOS SANTOS,2,RJ,Diario Oficial do Estado do Rio de Janeiro,2025-11-07,2025,nomeacao,HENRIQUE WILLCOX DOS SANTOS,HENRIQUE WILLCOX DOS SANTOS,sim,HENRIQUE WILLCOX:PER,,do Instituto Estadual do Ambiente - INEA,Parte I (Poder Executivo),https://www.ioerj.com.br/portal/modules/conteudoonline/mostra_edicao.php?session=VWtWUk0wMVVSa1pOVlUxMFVUQkZlVkpUTURCU1JFbDRURlZKTTFGcVNYUlBWRVV6VFdwSmQwMXJTVEZTVkVKR1RWUmpNMDU2VlhoTmVsRXlUbmM5UFE9PQ==,LAKE\RJ\2025\11\DOERJ_PARTE_I_PODER_EXECUTIVO_2025-11-07.md,D:\github\exoneracoes_nomeacoes_dou\saida\RJ\DOERJ_2025.csv,1062,exoneracao,2025-11-07,do cargo em comissão de Adjunto II,do Instituto Estadual do Ambiente - INEA,0,sim,2025-11-07,do cargo em comissão de Adjunto II,do Instituto Estadual do Ambiente - INEA,0,nao,nao,,,
HORACIO CAMILO BANCHERO FILHO,3,RJ,Diario Oficial do Estado do Rio de Janeiro,2026-03-23,2026,nomeacao,HORACIO CAMILO BANCHERO FILHO,HORACIO CAMILO BANCHERO FILHO,sim,HORACIO CAMILO:PER,,,Parte I (Poder Executivo),https://www.ioerj.com.br/portal/modules/conteudoonline/mostra_edicao.php?session=VW1wQ1IwNTZSVE5SYTFsMFRWUkJNazVwTURCT01Fa3dURlJzUmxKVlVYUlBWR1JEVFdwc1IwNHdXWGROZWtFeFRWUmpNMDU2VlhkUFJHdDZUWGM5UFE9PQ==,LAKE\RJ\2026\03\DOERJ_PARTE_I_PODER_EXECUTIVO_2026-03-23.md,D:\github\exoneracoes_nomeacoes_dou\saida\RJ\DOERJ_2026.csv,1565,exoneracao,2026-03-20,do cargo de Subsecretário,da Subsecretaria de Projetos de Engenharia,3,sim,2026-03-20,do cargo de Subsecretário,da Subsecretaria de Projetos de Engenharia,3,nao,nao,,,
HUDSON PINTO MARANDUBA ANDRADE,2,RJ,Diario Oficial do Estado do Rio de Janeiro,2024-11-25,2024,nomeacao,HUDSON PINTO MARANDUBA ANDRADE,HUDSON PINTO MARANDUBA ANDRADE,sim,HUDSON PINTO:PER,,,Parte I (Poder Executivo),https://www.ioerj.com.br/portal/modules/conteudoonline/mostra_edicao.php?session=VVd0Sk1FMTZWVE5PUkZWMFRucEZNazFETURCT1ZGcEdURlZGZWxKRlRYUk5NRTE0VFhwUmVVOVVWa05QUkVaQ1RWUmpNMDU2VlhoUFJHTjZUVkU5UFE9PQ==,LAKE\RJ\2024\11\DOERJ_PARTE_I_PODER_EXECUTIVO_2024-11-25.md,D:\github\exoneracoes_nomeacoes_dou\saida\RJ\DOERJ_2024.csv,587,exoneracao,2024-11-25,do cargo em comissão de Assistente II,,0,sim,2024-11-25,do cargo em comissão de Assistente II,,0,nao,nao,,,
HUGO BERTHA BASTOS,2,RJ,Diario Oficial do Estado do Rio de Janeiro,2024-12-02,2024,nomeacao,HUGO BERTHA BASTOS,HUGO BERTHA BASTOS,sim,HUGO BERTHA BASTOS:PER,para exercer o cargo em comissão de Coordenador,da Subsecretaria Adjunta de Finan￾ças,Parte I (Poder Executivo),https://www.ioerj.com.br/portal/modules/conteudoonline/mostra_edicao.php?session=VWtWU1FsRnJUVFZQUkVWMFVsUldSRTFUTURCU1JFa3pURlJzUms0d1JYUk5SRmw0VDBWSmQwMTZiRU5QVkdoRlRWUmpNMDU2VlhoUFJHTjNUMUU5UFE9PQ==,LAKE\RJ\2024\12\DOERJ_PARTE_I_PODER_EXECUTIVO_2024-12-02.md,D:\github\exoneracoes_nomeacoes_dou\saida\RJ\DOERJ_2024.csv,461,exoneracao,2024-12-02,do cargo em comissão de Coordenador,da Superintendência de Acompanhamento da Despesa Pública,0,sim,2024-12-02,do cargo em comissão de Coordenador,da Superintendência de Acompanhamento da Despesa Pública,0,sim,sim,,,
IGOR FERNANDO MATIAS,2,RJ,Diario Oficial do Estado do Rio de Janeiro,2026-03-24,2026,nomeacao,IGOR FERNANDO MATIAS,IGOR FERNANDO MATIAS,sim,IGOR:ORG|FERNANDO MATIAS:PER,para exercer o cargo de Chefe de Gabinete,da Fundação Departamento de Estradas de Rodagem do Estado do Rio de Janeiro - DER\_RJ,Parte I (Poder Executivo),https://www.ioerj.com.br/portal/modules/conteudoonline/mostra_edicao.php?session=VGxSak0wMXJVWGxPTUVsMFRrUm5lVTlUTURCUFJFRXlURlZHUTA1RVRYUlNhMFY2VGtWT1JGRlZVVEJQVlUxNlRWUmpNMDU2VlhkUFJHTTBUbmM5UFE9PQ==,LAKE\RJ\2026\03\DOERJ_PARTE_I_PODER_EXECUTIVO_2026-03-24.md,D:\github\exoneracoes_nomeacoes_dou\saida\RJ\DOERJ_2026.csv,1344,exoneracao,2026-03-20,do cargo em comissão de Chefe de Unidade de Serviço do Detran - Rj,do Departamento de Trânsito do Estado do Rio de Janeiro - DETRAN\_RJ,4,sim,2026-03-20,do cargo em comissão de Chefe de Unidade de Serviço do Detran - Rj,do Departamento de Trânsito do Estado do Rio de Janeiro - DETRAN\_RJ,4,sim,sim,,,
IRACI FERNANDA FONTES GONCALVES CORDEIRO,2,RJ,Diario Oficial do Estado do Rio de Janeiro,2024-12-11,2024,nomeacao,IRACI FERNANDA FONTES GONÇALVES CORDEIRO,IRACI FERNANDA FONTES GONÇALVES CORDEIRO,sim,IRACI FERNANDA FONTES:PER,,da Subsecretaria Executiva,Parte I (Poder Executivo),https://www.ioerj.com.br/portal/modules/conteudoonline/mostra_edicao.php?session=VVdwVmVFNTZRVE5OUlZGMFVWUk5lbEpwTURCTlJFWkVURlJyTlZGcVNYUk5SVWw0VGtWVk1GSlVSVE5QVkdONlRWUmpNMDU2VlhoUFJGa3pUbmM5UFE9PQ==,LAKE\RJ\2024\12\DOERJ_PARTE_I_PODER_EXECUTIVO_2024-12-11.md,D:\github\exoneracoes_nomeacoes_dou\saida\RJ\DOERJ_2024.csv,171,exoneracao,2024-12-11,do cargo em comissão de Assistente,da Superintendência de Licitações,0,sim,2024-12-11,do cargo em comissão de Assistente,da Superintendência de Licitações,0,nao,sim,,,
IRIS DE SOUZA MARQUES,2,RJ,Diario Oficial do Estado do Rio de Janeiro,2024-10-11,2024,nomeacao,IRIS DE SOUZA MARQUES,IRIS DE SOUZA MARQUES,sim,IRIS:ORG|Iris De Souza Marques:PER,para exercer o cargo em comissão de Assessor,da Superintendência de Cerimonial e Eventos,Parte I (Poder Executivo),https://www.ioerj.com.br/portal/modules/conteudoonline/mostra_edicao.php?session=VGxSQ1JWSnJXVEZTVkZsMFRWUmFSVTVwTURCT1JVMDFURlZGTUU1clRYUk9WRUpDVDFSU1IwOVVRa2RTUlZGNVRWUmpNMDU2VlhoUFJHY3hUMEU5UFE9PQ==,LAKE\RJ\2024\10\DOERJ_PARTE_I_PODER_EXECUTIVO_2024-10-11.md,D:\github\exoneracoes_nomeacoes_dou\saida\RJ\DOERJ_2024.csv,1630,exoneracao,2024-10-11,do cargo em comissão de Coordenador,da Superintendência de Cerimonial e Eventos,0,sim,2024-10-11,do cargo em comissão de Coordenador,da Superintendência de Cerimonial e Eventos,0,sim,nao,,,
IRIS DE SOUZA MARQUES,4,RJ,Diario Oficial do Estado do Rio de Janeiro,2026-03-24,2026,nomeacao,IRIS DE SOUZA MARQUES,IRIS DE SOUZA MARQUES,sim,IRIS:ORG|Iris De Souza Marques:PER,para exercer o cargo em comissão de Assessor,do Instituto Estadual do Ambiente - INEA,Parte I (Poder Executivo),https://www.ioerj.com.br/portal/modules/conteudoonline/mostra_edicao.php?session=VGxSak0wMXJVWGxPTUVsMFRrUm5lVTlUTURCUFJFRXlURlZHUTA1RVRYUlNhMFY2VGtWT1JGRlZVVEJQVlUxNlRWUmpNMDU2VlhkUFJHTTBUbmM5UFE9PQ==,LAKE\RJ\2026\03\DOERJ_PARTE_I_PODER_EXECUTIVO_2026-03-24.md,D:\github\exoneracoes_nomeacoes_dou\saida\RJ\DOERJ_2026.csv,1414,exoneracao,2026-03-24,do cargo em comissão de Assessor,da Subsecretaria de Ações Comunitárias e Empreendedorismo,0,sim,2026-03-24,do cargo em comissão de Assessor,da Subsecretaria de Ações Comunitárias e Empreendedorismo,0,sim,sim,,,
ISAAC TREIGER,2,RJ,Diario Oficial do Estado do Rio de Janeiro,2026-03-18,2026,nomeacao,ISAAC TREIGER,ISAAC TREIGER,sim,ISAAC TREIGER:MISC|Isaac Treiger:PER,,da Subsecretaria de Gestão Portuária e Atividades Navais,Parte I (Poder Executivo),https://www.ioerj.com.br/portal/modules/conteudoonline/mostra_edicao.php?session=VDFSV1JsSlVUVEpSYWxGMFVrVkdSazVETURCUFJFNUNURlJyZVZGNlJYUlJhbXMwVW10V1FsRlZUVEpOZWswelRWUmpNMDU2VlhkUFZFMDFUMUU5UFE9PQ==,LAKE\RJ\2026\03\DOERJ_PARTE_I_PODER_EXECUTIVO_2026-03-18.md,D:\github\exoneracoes_nomeacoes_dou\saida\RJ\DOERJ_2026.csv,1840,exoneracao,2026-03-13,do cargo em comissão de Coordenador,,5,sim,2026-03-13,do cargo em comissão de Coordenador,,5,nao,nao,,,
ISABELA DE SOUZA DORNELLES,2,RJ,Diario Oficial do Estado do Rio de Janeiro,2025-11-24,2025,nomeacao,ISABELA DE SOUZA DORNELLES,ISABELA DE SOUZA DORNELLES,sim,ISABELA:ORG|SOUZA DORNELLES:PER,,da Subsecretaria Executiva,Parte I (Poder Executivo),https://www.ioerj.com.br/portal/modules/conteudoonline/mostra_edicao.php?session=VDFSUmVrMXFTWHBPYWtGMFVXdE9SVkZUTURCU1ZWWkZURlZKZDFKRVRYUlJNRlY0VDFSWmVsRjZaM2RPYTFFMFRWUmpNMDU2VlhoTmVrMTRUVUU5UFE9PQ==,LAKE\RJ\2025\11\DOERJ_PARTE_I_PODER_EXECUTIVO_2025-11-24.md,D:\github\exoneracoes_nomeacoes_dou\saida\RJ\DOERJ_2025.csv,723,exoneracao,2025-11-24,do cargo em comissão de Assistente II,do Gabinete do Secretário,0,sim,2025-11-24,do cargo em comissão de Assistente II,do Gabinete do Secretário,0,nao,sim,,,
ISABELA SILVA ALVES,2,RJ,Diario Oficial do Estado do Rio de Janeiro,2026-03-20,2026,nomeacao,ISABELA SILVA ALVES,ISABELA SILVA ALVES,sim,ISABELA SILVA ALVES:PER,para exercer o cargo de Secretária de Estado,,Parte I (Poder Executivo),https://www.ioerj.com.br/portal/modules/conteudoonline/mostra_edicao.php?session=VVhwR1EwNUZWVEJSYTBsMFQxVk5kMDlUTURCTk1Fa3hURlZKZWxKRlJYUk5NRkpEVVZWRk1sRXdUWGRPVlZWM1RWUmpNMDU2VlhkUFZFRTBUbmM5UFE9PQ==,LAKE\RJ\2026\03\DOERJ_PARTE_I_PODER_EXECUTIVO_2026-03-20.md,D:\github\exoneracoes_nomeacoes_dou\saida\RJ\DOERJ_2026.csv,1603,exoneracao,2026-03-20,do cargo de Chefe de Gabinete,,0,sim,2026-03-20,do cargo de Chefe de Gabinete,,0,sim,nao,,,
ISABELLE CARDOZO DE MELO,2,RJ,Diario Oficial do Estado do Rio de Janeiro,2024-12-02,2024,nomeacao,ISABELLE CARDOZO DE MELO,ISABELLE CARDOZO DE MELO,sim,ISABELLE CARDOZO DE MELO:MISC|Isabelle Cardozo De Melo:PER,para exercer o cargo em comissão de Diretor de Divisão,do Departamento Geral de Adminis￾tração e Finanças,Parte I (Poder Executivo),https://www.ioerj.com.br/portal/modules/conteudoonline/mostra_edicao.php?session=VWtWU1FsRnJUVFZQUkVWMFVsUldSRTFUTURCU1JFa3pURlJzUms0d1JYUk5SRmw0VDBWSmQwMTZiRU5QVkdoRlRWUmpNMDU2VlhoUFJHTjNUMUU5UFE9PQ==,LAKE\RJ\2024\12\DOERJ_PARTE_I_PODER_EXECUTIVO_2024-12-02.md,D:\github\exoneracoes_nomeacoes_dou\saida\RJ\DOERJ_2024.csv,455,exoneracao,2024-12-02,do cargo em comissão de Secretário II,do Departamento Geral de Administração e Finanças,0,sim,2024-12-02,do cargo em comissão de Secretário II,do Departamento Geral de Administração e Finanças,0,sim,sim,,,
ISABELLE CAROLINE CARVALHO FARIAS,3,RJ,Diario Oficial do Estado do Rio de Janeiro,2024-12-10,2024,nomeacao,ISABELLE CAROLINE CARVALHO FARIAS,ISABELLE CAROLINE CARVALHO FARIAS,sim,ISABELLE CAROLINE CARVALHO:MISC|Isabelle Caroline Carvalho Farias:PER,para exercer o cargo em comissão de Assistente,da Subsecretaria de Políticas Inclusivas,Parte I (Poder Executivo),https://www.ioerj.com.br/portal/modules/conteudoonline/mostra_edicao.php?session=VFhwbmQwNXJWa0pOVlVsMFVWUk5NMDE1TURCT1JFVTBURlZHUkZGVldYUlJWRnBIVFd0T1IwMXFXWGROZWxWNFRWUmpNMDU2VlhoUFJGazBUWGM5UFE9PQ==,LAKE\RJ\2024\12\DOERJ_PARTE_I_PODER_EXECUTIVO_2024-12-10.md,D:\github\exoneracoes_nomeacoes_dou\saida\RJ\DOERJ_2024.csv,190,exoneracao,2024-12-10,do cargo em comissão de Assistente,da Fundação para a Infância e Adolescência - FIA/RJ,0,sim,2024-12-10,do cargo em comissão de Assistente,da Fundação para a Infância e Adolescência - FIA/RJ,0,sim,sim,,,
IVANILDO NERI DE SOUZA,2,RJ,Diario Oficial do Estado do Rio de Janeiro,2024-10-01,2024,nomeacao,IVANILDO NERI DE SOUZA,IVANILDO NERI DE SOUZA,sim,IVANILDO NERI:ORG|Ivanildo Neri De Souza:PER,para exercer o cargo em comissão de Coordenador de Unidade,da Fundação de Apoio à Escola Técnica do Es￾tado do Rio de Janeiro - FAETEC,Parte I (Poder Executivo),https://www.ioerj.com.br/portal/modules/conteudoonline/mostra_edicao.php?session=VGpCUmVVOUVXVE5PYWxGMFRtcFJNazFUTURCT2FrWkdURlZHUkU1NmEzUlNSRVV6VVZWTk5VMUVVVFZOYTFaRlRWUmpNMDU2VlhoUFJHYzFUbmM5UFE9PQ==,LAKE\RJ\2024\10\DOERJ_PARTE_I_PODER_EXECUTIVO_2024-10-01.md,D:\github\exoneracoes_nomeacoes_dou\saida\RJ\DOERJ_2024.csv,1862,exoneracao,2024-10-01,do cargo em comissão de Assessor da Vice-Presidência,da Fundação de Apoio à Escola Técnica do Es￾tado do Rio de Janeiro - FAETEC,0,sim,2024-10-01,do cargo em comissão de Assessor da Vice-Presidência,da Fundação de Apoio à Escola Técnica do Es￾tado do Rio de Janeiro - FAETEC,0,sim,nao,,,
IZA CLEA CARDOZO SANTOS,2,RJ,Diario Oficial do Estado do Rio de Janeiro,2026-04-20,2026,nomeacao,IZA CLEA CARDOZO SANTOS,IZA CLEA CARDOZO SANTOS,sim,IZA CLEA CARDOZO SANTOS:MISC|Iza Clea Cardozo Santos:PER,,da Subsecretaria de Gestão Administrativa e Financeira,Parte I (Poder Executivo),https://www.ioerj.com.br/portal/modules/conteudoonline/mostra_edicao.php?session=VWtWVmQwMUZXa05PUlZsMFRsVkZkMDVETURCUmVrRXpURlJzUTFKcVdYUlBSRUpHVVhwRk1WRnJVWGxPTUZKRFRWUmpNMDU2VlhkT2FtczBUbEU5UFE9PQ==,LAKE\RJ\2026\04\DOERJ_PARTE_I_PODER_EXECUTIVO_2026-04-20.md,D:\github\exoneracoes_nomeacoes_dou\saida\RJ\DOERJ_2026.csv,363,exoneracao,2026-04-10,do cargo em comissão de Assessor,,10,sim,2026-04-10,do cargo em comissão de Assessor,,10,nao,nao,,,
IZA CLEA CARDOZO SANTOS,4,RJ,Diario Oficial do Estado do Rio de Janeiro,2026-04-28,2026,nomeacao,IZA CLEA CARDOZO SANTOS,IZA CLEA CARDOZO SANTOS,sim,IZA CLEA CARDOZO SANTOS:MISC|Iza Clea Cardozo Santos:PER,para exercer o cargo em comissão de Diretor,,Parte I (Poder Executivo),https://www.ioerj.com.br/portal/modules/conteudoonline/mostra_edicao.php?session=VGtSYVFrMXJTWGRQUlZsMFVXcGpNRTVwTURCU1ZFVjNURlJzUkU5VVVYUlJlbGt5VDBSS1ExSnFXWHBOYWxWNlRWUmpNMDU2VlhkT2FsbDNUMUU5UFE9PQ==,LAKE\RJ\2026\04\DOERJ_PARTE_I_PODER_EXECUTIVO_2026-04-28.md,D:\github\exoneracoes_nomeacoes_dou\saida\RJ\DOERJ_2026.csv,74,exoneracao,2026-04-28,do cargo em comissão de Assessor,da Subsecretaria de Gestão Administrativa e Financeira,0,sim,2026-04-28,do cargo em comissão de Assessor,da Subsecretaria de Gestão Administrativa e Financeira,0,sim,nao,,,
IZABEL CRISTINA ANTUNES DA TRINDADE,2,RJ,Diario Oficial do Estado do Rio de Janeiro,2024-12-19,2024,nomeacao,IZABEL CRISTINA ANTUNES DA TRINDADE,IZABEL CRISTINA ANTUNES DA TRINDADE,sim,IZABEL:ORG|CRISTINA ANTUNES:MISC|Izabel Cristina Antunes:PER,,da Subsecretaria de Gestão de Ensino,Parte I (Poder Executivo),https://www.ioerj.com.br/portal/modules/conteudoonline/mostra_edicao.php?session=VGxSbmQwNUVZekpPUkUxMFVtdE5NMDVwTURCT1ZVNUZURlJuZDA1VVkzUlNSR3hHVFhwYVEwOUVXa2RTVlZGNFRWUmpNMDU2VlhoUFJGa3dUMEU5UFE9PQ==,LAKE\RJ\2024\12\DOERJ_PARTE_I_PODER_EXECUTIVO_2024-12-19.md,D:\github\exoneracoes_nomeacoes_dou\saida\RJ\DOERJ_2024.csv,90,exoneracao,2024-12-19,do cargo em comissão de Assistente II,da Subsecretaria de Gestão de Ensino,0,sim,2024-12-19,do cargo em comissão de Assistente II,da Subsecretaria de Gestão de Ensino,0,nao,nao,,,
IZABELLA DE MELLO CAPUTO,2,RJ,Diario Oficial do Estado do Rio de Janeiro,2024-12-10,2024,nomeacao,IZABELLA DE MELLO CAPUTO,IZABELLA DE MELLO CAPUTO,sim,MELLO:LOC|Izabella De Mello Caputo:PER,para exercer o cargo em comissão de Assistente II,da Subsecretaria de Políticas Inclusivas,Parte I (Poder Executivo),https://www.ioerj.com.br/portal/modules/conteudoonline/mostra_edicao.php?session=VFhwbmQwNXJWa0pOVlVsMFVWUk5NMDE1TURCT1JFVTBURlZHUkZGVldYUlJWRnBIVFd0T1IwMXFXWGROZWxWNFRWUmpNMDU2VlhoUFJGazBUWGM5UFE9PQ==,LAKE\RJ\2024\12\DOERJ_PARTE_I_PODER_EXECUTIVO_2024-12-10.md,D:\github\exoneracoes_nomeacoes_dou\saida\RJ\DOERJ_2024.csv,189,exoneracao,2024-12-10,do cargo em comissão de Assistente II,da Fundação para a Infância e Adolescência - FIA/RJ,0,sim,2024-12-10,do cargo em comissão de Assistente II,da Fundação para a Infância e Adolescência - FIA/RJ,0,sim,sim,,,
JAIR DE SIQUEIRA BITTENCOURT JUNIOR,2,RJ,Diario Oficial do Estado do Rio de Janeiro,2025-11-19,2025,nomeacao,JAIR DE SIQUEIRA BITTENCOURT JÚNIOR,JAIR DE SIQUEIRA BITTENCOURT JÚNIOR,sim,JAIR DE SIQUEIRA:MISC|Jair De Siqueira Bittencourt Júnior:PER,,,Parte I (Poder Executivo),https://www.ioerj.com.br/portal/modules/conteudoonline/mostra_edicao.php?session=VVZWWmVrNHdSVE5OVkdkMFRrUlZlRTlETURCTmFrVXlURlJuZUUxRldYUlJWVTE2VFd0Uk1sSlVRVEpOUlUxNFRWUmpNMDU2VlhoTmVrMTVUMEU5UFE9PQ==,LAKE\RJ\2025\11\DOERJ_PARTE_I_PODER_EXECUTIVO_2025-11-19.md,D:\github\exoneracoes_nomeacoes_dou\saida\RJ\DOERJ_2025.csv,765,exoneracao,2025-11-06,do cargo de Secretário de Estado,,13,sim,2025-11-06,do cargo de Secretário de Estado,,13,nao,nao,,,
JAIR DE SIQUEIRA BITTENCOURT JUNIOR,4,RJ,Diario Oficial do Estado do Rio de Janeiro,2026-03-23,2026,nomeacao,JAIR DE SIQUEIRA BITTENCOURT JÚNIOR,JAIR DE SIQUEIRA BITTENCOURT JÚNIOR,sim,JAIR DE SIQUEIRA:MISC|Jair De Siqueira Bittencourt Júnior:PER,para exercer o cargo de Secretário de Estado,,Parte I (Poder Executivo),https://www.ioerj.com.br/portal/modules/conteudoonline/mostra_edicao.php?session=VW1wQ1IwNTZSVE5SYTFsMFRWUkJNazVwTURCT01Fa3dURlJzUmxKVlVYUlBWR1JEVFdwc1IwNHdXWGROZWtFeFRWUmpNMDU2VlhkUFJHdDZUWGM5UFE9PQ==,LAKE\RJ\2026\03\DOERJ_PARTE_I_PODER_EXECUTIVO_2026-03-23.md,D:\github\exoneracoes_nomeacoes_dou\saida\RJ\DOERJ_2026.csv,1487,exoneracao,2025-12-11,do cargo de Secretário de Estado,,102,sim,2025-12-11,do cargo de Secretário de Estado,,102,sim,nao,,,
JAIRO PIMENTEL BRANDAO,2,RJ,Diario Oficial do Estado do Rio de Janeiro,2025-11-14,2025,nomeacao,JAIRO PIMENTEL BRANDÃO,JAIRO PIMENTEL BRANDÃO,sim,JAIRO PIMENTEL BRANDÃO:MISC|Jairo Pimentel Brandão:PER,,do Instituto de Terras e Cartografia do Estado do Rio de Janeiro - ITERJ,Parte I (Poder Executivo),https://www.ioerj.com.br/portal/modules/conteudoonline/mostra_edicao.php?session=VWtSak0xSlVaekJOYW1OMFRYcEdSazVETURCTmVrVjNURlZGTUUxclNYUlJhMWt5VGxWWk0wMHdXVEJTYTA1Q1RWUmpNMDU2VlhoTmVsRjNUbWM5UFE9PQ==,LAKE\RJ\2025\11\DOERJ_PARTE_I_PODER_EXECUTIVO_2025-11-14.md,D:\github\exoneracoes_nomeacoes_dou\saida\RJ\DOERJ_2025.csv,913,exoneracao,2025-11-14,,do Instituto de Ter- ras e Cartografia do Estado do Rio de Janeiro - ITERJ,0,sim,2025-11-14,,do Instituto de Ter- ras e Cartografia do Estado do Rio de Janeiro - ITERJ,0,nao,sim,,,
JANAINA CLAVERY BARBOSA DE OLIVEIRA,3,RJ,Diario Oficial do Estado do Rio de Janeiro,2026-03-24,2026,nomeacao,JANAINA CLAVERY BARBOSA DE OLIVEIRA,JANAINA CLAVERY BARBOSA DE OLIVEIRA,sim,JANAINA CLAVERY BARBOSA DE OLIVEIRA:MISC|Janaina Clavery Barbosa De Oliveira:PER,para exercer o cargo em comissão de Ajudante I,,Parte I (Poder Executivo),https://www.ioerj.com.br/portal/modules/conteudoonline/mostra_edicao.php?session=VGxSak0wMXJVWGxPTUVsMFRrUm5lVTlUTURCUFJFRXlURlZHUTA1RVRYUlNhMFY2VGtWT1JGRlZVVEJQVlUxNlRWUmpNMDU2VlhkUFJHTTBUbmM5UFE9PQ==,LAKE\RJ\2026\03\DOERJ_PARTE_I_PODER_EXECUTIVO_2026-03-24.md,D:\github\exoneracoes_nomeacoes_dou\saida\RJ\DOERJ_2026.csv,1355,exoneracao,2026-03-23,do cargo em comissão de Ajudante I,,1,sim,2026-03-23,do cargo em comissão de Ajudante I,,1,sim,nao,,,
JANAINA FLAVIA VIANA ESTEVES,2,RJ,Diario Oficial do Estado do Rio de Janeiro,2026-03-13,2026,nomeacao,JANAINA FLAVIA VIANA ESTEVES,JANAINA FLAVIA VIANA ESTEVES,sim,JANAINA FLAVIA VIANA ESTEVES:MISC|Janaina Flavia Viana Esteves:PER,,,Parte I (Poder Executivo),https://www.ioerj.com.br/portal/modules/conteudoonline/mostra_edicao.php?session=VG10Uk5VMUZSVEZTUlZsMFRucEZOVTFUTURCTmFteEhURlJvUlU1clZYUk9SRWt6VFhwb1IwOVZTVEpOUlVsNFRWUmpNMDU2VlhkUFZHZDVUa0U5UFE9PQ==,LAKE\RJ\2026\03\DOERJ_PARTE_I_PODER_EXECUTIVO_2026-03-13.md,D:\github\exoneracoes_nomeacoes_dou\saida\RJ\DOERJ_2026.csv,2130,exoneracao,2026-03-10,do cargo em comissão de Ajudante I,da Superintendência de Assistência Especializada,3,sim,2026-03-10,do cargo em comissão de Ajudante I,da Superintendência de Assistência Especializada,3,nao,nao,,,
JANE MILAN CANDIDO,2,RJ,Diario Oficial do Estado do Rio de Janeiro,2026-03-19,2026,nomeacao,JANE MILAN CANDIDO,JANE MILAN CANDIDO,sim,JANE:MISC|MILAN CANDIDO:ORG|Jane Milan Candido:PER,,,Parte I (Poder Executivo),https://www.ioerj.com.br/portal/modules/conteudoonline/mostra_edicao.php?session=VFZWTmVrMTZhekpOVkd0MFRtcGpNRkZUTURCT1ZFRXdURlZKTWsxRVVYUlBSRWsxVW1wWk1FNUVaelZTYTFFeVRWUmpNMDU2VlhkUFZFa3hUbWM5UFE9PQ==,LAKE\RJ\2026\03\DOERJ_PARTE_I_PODER_EXECUTIVO_2026-03-19.md,D:\github\exoneracoes_nomeacoes_dou\saida\RJ\DOERJ_2026.csv,1797,exoneracao,2026-03-17,do cargo em comissão de Coordenador,da Superintendência de Gestão Das Regionais Pedagógicas,2,sim,2026-03-17,do cargo em comissão de Coordenador,da Superintendência de Gestão Das Regionais Pedagógicas,2,nao,nao,,,
JAQUELINE RIBEIRO DA COSTA,2,RJ,Diario Oficial do Estado do Rio de Janeiro,2024-11-08,2024,nomeacao,JAQUELINE RIBEIRO DA COSTA,JAQUELINE RIBEIRO DA COSTA,sim,JAQUELINE RIBEIRO:PER,,,Parte I (Poder Executivo),https://www.ioerj.com.br/portal/modules/conteudoonline/mostra_edicao.php?session=VWxSbk1GSnFhRU5TUlVsMFQwVlJlbEpETURCTlJFVXlURlZGZUZGVVkzUlBSRUYzVVZSak5VNVVWWGRQUlVsM1RWUmpNMDU2VlhoUFJHTXlUbmM5UFE9PQ==,LAKE\RJ\2024\11\DOERJ_PARTE_I_PODER_EXECUTIVO_2024-11-08.md,D:\github\exoneracoes_nomeacoes_dou\saida\RJ\DOERJ_2024.csv,859,exoneracao,2024-10-18,do cargo em comissão de Ajudante I,da Superintendência da Operação Segurança Presente,21,sim,2024-10-18,do cargo em comissão de Ajudante I,da Superintendência da Operação Segurança Presente,21,nao,nao,,,
JEAN GOMES DE OLIVEIRA,2,RJ,Diario Oficial do Estado do Rio de Janeiro,2025-12-23,2025,nomeacao,JEAN GOMES DE OLIVEIRA,JEAN GOMES DE OLIVEIRA,sim,JEAN GOMES DE OLIVEIRA:MISC|Jean Gomes De Oliveira:PER,para exercer o cargo em comissão de Assistente II,,Parte I (Poder Executivo),https://www.ioerj.com.br/portal/modules/conteudoonline/mostra_edicao.php?session=VGtST1JVOUVWa05SZWxsMFVrUkJlRTVwTURCT01Ga3hURlZKZWs5RlRYUk5hbU15VG5wb1IwMHdUa05OZWxWM1RWUmpNMDU2VlhoTmFtTTFUWGM5UFE9PQ==,LAKE\RJ\2025\12\DOERJ_PARTE_I_PODER_EXECUTIVO_2025-12-23.md,D:\github\exoneracoes_nomeacoes_dou\saida\RJ\DOERJ_2025.csv,62,exoneracao,2025-11-05,do cargo em comissão de Ajudante I,da Superintendência da Operação Lei Seca,48,sim,2025-11-05,do cargo em comissão de Ajudante I,da Superintendência da Operação Lei Seca,48,sim,nao,,,
JEANINE DOMENECH DE VASCONCELLOS,2,RJ,Diario Oficial do Estado do Rio de Janeiro,2026-03-24,2026,nomeacao,JEANINE DOMENECH DE VASCONCELLOS,JEANINE DOMENECH DE VASCONCELLOS,sim,JEANINE DOMENECH DE VASCONCELLOS:MISC|Jeanine Domenech De Vasconcellos:PER,para exercer o cargo em comissão de Ajudante I,da Subsecretaria de Projetos Especiais - Subesp,Parte I (Poder Executivo),https://www.ioerj.com.br/portal/modules/conteudoonline/mostra_edicao.php?session=VGxSak0wMXJVWGxPTUVsMFRrUm5lVTlUTURCUFJFRXlURlZHUTA1RVRYUlNhMFY2VGtWT1JGRlZVVEJQVlUxNlRWUmpNMDU2VlhkUFJHTTBUbmM5UFE9PQ==,LAKE\RJ\2026\03\DOERJ_PARTE_I_PODER_EXECUTIVO_2026-03-24.md,D:\github\exoneracoes_nomeacoes_dou\saida\RJ\DOERJ_2026.csv,1369,exoneracao,2026-03-24,do cargo de Subsecretário Adjunto,da Subsecretaria de Projetos Especiais,0,sim,2026-03-24,do cargo de Subsecretário Adjunto,da Subsecretaria de Projetos Especiais,0,sim,sim,,,
JESSICA CASEMIRO,2,RJ,Diario Oficial do Estado do Rio de Janeiro,2024-12-04,2024,nomeacao,JESSICA CASEMIRO,JESSICA CASEMIRO,sim,JESSICA CASEMIRO:PER,,da Superintendência de Desportos do Estado do Rio de Janeiro - SU￾DERJ,Parte I (Poder Executivo),https://www.ioerj.com.br/portal/modules/conteudoonline/mostra_edicao.php?session=VFZSSmQwNUViRUpSVkVWMFRYcGplVTlETURCUlZHTXpURlZKTWs5RVVYUk5lbXN3VG5wRk0wMVZWVFZPVlVreFRWUmpNMDU2VlhoUFJHTjNUVkU5UFE9PQ==,LAKE\RJ\2024\12\DOERJ_PARTE_I_PODER_EXECUTIVO_2024-12-04.md,D:\github\exoneracoes_nomeacoes_dou\saida\RJ\DOERJ_2024.csv,413,exoneracao,2024-12-04,do cargo em comissão de Assistente III,,0,sim,2024-12-04,do cargo em comissão de Assistente III,,0,nao,nao,,,
JOAO AZEVEDO E SOUZA,2,RJ,Diario Oficial do Estado do Rio de Janeiro,2026-03-23,2026,nomeacao,JOAO AZEVEDO E SOUZA,JOAO AZEVEDO E SOUZA,sim,JOAO AZEVEDO:PER,para exercer o cargo em comissão de Ajudante I,,Parte I (Poder Executivo),https://www.ioerj.com.br/portal/modules/conteudoonline/mostra_edicao.php?session=VW1wQ1IwNTZSVE5SYTFsMFRWUkJNazVwTURCT01Fa3dURlJzUmxKVlVYUlBWR1JEVFdwc1IwNHdXWGROZWtFeFRWUmpNMDU2VlhkUFJHdDZUWGM5UFE9PQ==,LAKE\RJ\2026\03\DOERJ_PARTE_I_PODER_EXECUTIVO_2026-03-23.md,D:\github\exoneracoes_nomeacoes_dou\saida\RJ\DOERJ_2026.csv,1508,exoneracao,2026-03-23,do cargo em comissão de Auxiliar Técnico I,do Instituto de Terras e Cartografia do Estado do Rio de Janeiro ITERJ,0,sim,2026-03-23,do cargo em comissão de Auxiliar Técnico I,do Instituto de Terras e Cartografia do Estado do Rio de Janeiro ITERJ,0,sim,nao,,,
JOAO CARLOS PEREIRA,2,RJ,Diario Oficial do Estado do Rio de Janeiro,2026-01-19,2026,nomeacao,JOAO CARLOS PEREIRA,JOAO CARLOS PEREIRA,sim,JOAO CARLOS PEREIRA:PER,,,Parte I (Poder Executivo),https://www.ioerj.com.br/portal/modules/conteudoonline/mostra_edicao.php?session=VWtWT1FsSkVSWGhOYTBWMFRYcEplVkZwTURCUFZGWkdURlZKTUZGVVVYUlJWR014VWtSc1ExRjZRa2RSVlZsM1RWUmpNMDU2VlhoTmFsRjNUMEU5UFE9PQ==,LAKE\RJ\2026\01\DOERJ_PARTE_I_PODER_EXECUTIVO_2026-01-19.md,D:\github\exoneracoes_nomeacoes_dou\saida\RJ\DOERJ_2026.csv,3839,exoneracao,2026-01-19,do cargo em comissão de Assistente,da Superintendência de Infraestrutura,0,sim,2026-01-19,do cargo em comissão de Assistente,da Superintendência de Infraestrutura,0,nao,nao,,,
JOAO CLAUDIO MARCHELLI FILHO,2,RJ,Diario Oficial do Estado do Rio de Janeiro,2024-10-11,2024,nomeacao,JOÃO CLAUDIO MARCHELLI FILHO,JOÃO CLAUDIO MARCHELLI FILHO,sim,JOÃO CLAUDIO MARCHELLI FILHO:PER,para exercer o cargo em comissão de Assessor,da Subsecretaria Adjunta Administrativa de Receita,Parte I (Poder Executivo),https://www.ioerj.com.br/portal/modules/conteudoonline/mostra_edicao.php?session=VGxSQ1JWSnJXVEZTVkZsMFRWUmFSVTVwTURCT1JVMDFURlZGTUU1clRYUk9WRUpDVDFSU1IwOVVRa2RTUlZGNVRWUmpNMDU2VlhoUFJHY3hUMEU5UFE9PQ==,LAKE\RJ\2024\10\DOERJ_PARTE_I_PODER_EXECUTIVO_2024-10-11.md,D:\github\exoneracoes_nomeacoes_dou\saida\RJ\DOERJ_2024.csv,1635,exoneracao,2024-10-11,do cargo em comissão de Assistente,da Subsecretaria de Estado de Receita,0,sim,2024-10-11,do cargo em comissão de Assistente,da Subsecretaria de Estado de Receita,0,sim,sim,,,
JOAO JOSE DE CARVALHO FILHO,2,RJ,Diario Oficial do Estado do Rio de Janeiro,2026-03-23,2026,nomeacao,JOAO JOSE DE CARVALHO FILHO,JOAO JOSE DE CARVALHO FILHO,sim,JOAO JOSE DE CARVALHO FILHO:PER,para exercer o cargo em comissão de Assessor,da Subsecretaria Executiva,Parte I (Poder Executivo),https://www.ioerj.com.br/portal/modules/conteudoonline/mostra_edicao.php?session=VW1wQ1IwNTZSVE5SYTFsMFRWUkJNazVwTURCT01Fa3dURlJzUmxKVlVYUlBWR1JEVFdwc1IwNHdXWGROZWtFeFRWUmpNMDU2VlhkUFJHdDZUWGM5UFE9PQ==,LAKE\RJ\2026\03\DOERJ_PARTE_I_PODER_EXECUTIVO_2026-03-23.md,D:\github\exoneracoes_nomeacoes_dou\saida\RJ\DOERJ_2026.csv,1563,exoneracao,2026-03-20,do cargo em comissão de Assessor,da Superintendência de Acompanhamento e Medição,3,sim,2026-03-20,do cargo em comissão de Assessor,da Superintendência de Acompanhamento e Medição,3,sim,sim,,,
JOAO PEDRO MOTTA LEAL,2,RJ,Diario Oficial do Estado do Rio de Janeiro,2024-11-13,2024,nomeacao,JOÃO PEDRO MOTTA LEAL,JOÃO PEDRO MOTTA LEAL,sim,JOÃO PEDRO MOTTA LEAL:PER,,da Subsecretaria Técnica de Ener￾gia e Economia do Mar,Parte I (Poder Executivo),https://www.ioerj.com.br/portal/modules/conteudoonline/mostra_edicao.php?session=VWxSYVFsSlViRU5SVkdkMFRsUkNSVTVETURCUmVrVjZURlZGZVU5RVZYUk5WR3hFVG10T1JsRjZXVE5OZWtreFRWUmpNMDU2VlhoUFJHTXhUWGM5UFE9PQ==,LAKE\RJ\2024\11\DOERJ_PARTE_I_PODER_EXECUTIVO_2024-11-13.md,D:\github\exoneracoes_nomeacoes_dou\saida\RJ\DOERJ_2024.csv,681,exoneracao,2024-11-13,,do Gabinete do Secretário,0,sim,2024-11-13,,do Gabinete do Secretário,0,nao,sim,,,
JOAO PEDRO MOTTA LEAL,4,RJ,Diario Oficial do Estado do Rio de Janeiro,2025-11-05,2025,nomeacao,JOÃO PEDRO MOTTA LEAL,JOÃO PEDRO MOTTA LEAL,sim,JOÃO PEDRO MOTTA LEAL:PER,,da Superintendência de Energias Limpas,Parte I (Poder Executivo),https://www.ioerj.com.br/portal/modules/conteudoonline/mostra_edicao.php?session=VFZSV1JVNVZXWGxPZWtGMFRsUm9SVTlUTURCT2Fsa3dURlJzUjAxcVRYUk9SVVV3VW1wVmVVOUZUa05SZWxwR1RWUmpNMDU2VlhoTmVsVjZUMEU5UFE9PQ==,LAKE\RJ\2025\11\DOERJ_PARTE_I_PODER_EXECUTIVO_2025-11-05.md,D:\github\exoneracoes_nomeacoes_dou\saida\RJ\DOERJ_2025.csv,1203,exoneracao,2025-11-05,do cargo em comissão de Assessor,da Subsecretaria Adjunta de Energia,0,sim,2025-11-05,do cargo em comissão de Assessor,da Subsecretaria Adjunta de Energia,0,nao,sim,,,
JOAO VICTOR DO NASCIMENTO ARAUJO,3,RJ,Diario Oficial do Estado do Rio de Janeiro,2026-02-23,2026,nomeacao,JOAO VICTOR DO NASCIMENTO ARAUJO,JOAO VICTOR DO NASCIMENTO ARAUJO,sim,JOAO VICTOR DO NASCIMENTO ARAUJO:PER,,da Subsecretaria de Gestão Portuária e Atividades Navais,Parte I (Poder Executivo),https://www.ioerj.com.br/portal/modules/conteudoonline/mostra_edicao.php?session=VG1wSk1FNUZSVFZOVkdkMFVXdFNRMUpETURCTlZHeERURlZKZDFGNldYUk5hazVEVVRCTmVsSlVZelJPYWxKR1RWUmpNMDU2VlhoTlZFRTBUWGM5UFE9PQ==,LAKE\RJ\2026\02\DOERJ_PARTE_I_PODER_EXECUTIVO_2026-02-23.md,D:\github\exoneracoes_nomeacoes_dou\saida\RJ\DOERJ_2026.csv,2823,exoneracao,2026-01-12,do cargo em comissão de Coordenador,da Subsecretaria de Gestão Portuária e Atividades Navais,42,sim,2026-01-12,do cargo em comissão de Coordenador,da Subsecretaria de Gestão Portuária e Atividades Navais,42,nao,nao,,,
JOAO VICTOR DO NASCIMENTO ARAUJO,4,RJ,Diario Oficial do Estado do Rio de Janeiro,2026-02-23,2026,nomeacao,JOAO VICTOR DO NASCIMENTO ARAUJO,JOAO VICTOR DO NASCIMENTO ARAUJO,sim,JOAO VICTOR DO NASCIMENTO ARAUJO:PER,,da Subsecretaria de Gestão Portuária e Atividades Navais,Parte I (Poder Executivo),https://www.ioerj.com.br/portal/modules/conteudoonline/mostra_edicao.php?session=VG1wSk1FNUZSVFZOVkdkMFVXdFNRMUpETURCTlZHeERURlZKZDFGNldYUk5hazVEVVRCTmVsSlVZelJPYWxKR1RWUmpNMDU2VlhoTlZHYzBUMEU5UFE9PQ==,LAKE\RJ\2026\02\DOERJ_PARTE_I_PODER_EXECUTIVO_2026-02-23.md,D:\github\exoneracoes_nomeacoes_dou\saida\RJ\DOERJ_2026.csv,3061,nomeacao,2026-02-23,,da Subsecretaria de Gestão Portuária e Atividades Navais,0,sim,2026-01-12,do cargo em comissão de Coordenador,da Subsecretaria de Gestão Portuária e Atividades Navais,42,nao,nao,,,
JONATHAN CHAIA RAMOS,2,RJ,Diario Oficial do Estado do Rio de Janeiro,2024-10-24,2024,nomeacao,JONATHAN CHAIA RAMOS,JONATHAN CHAIA RAMOS,sim,Jonathan Chaia Ramos:PER,,,Parte I (Poder Executivo),https://www.ioerj.com.br/portal/modules/conteudoonline/mostra_edicao.php?session=VFVWVk1WRXdTVEpTUlVWMFRXcFJlbEpwTURCTk1FMTZURlJuTlZGcVVYUk9WVTB5VVRCVmQxSlZUWHBSTUVWM1RWUmpNMDU2VlhoUFJHZDRUbmM5UFE9PQ==,LAKE\RJ\2024\10\DOERJ_PARTE_I_PODER_EXECUTIVO_2024-10-24.md,D:\github\exoneracoes_nomeacoes_dou\saida\RJ\DOERJ_2024.csv,1364,exoneracao,2024-10-24,do cargo em comissão de Assessor III,do Instituto Es￾tadual do Ambiente - INEA,0,sim,2024-10-24,do cargo em comissão de Assessor III,do Instituto Es￾tadual do Ambiente - INEA,0,nao,nao,,,
JORGE JOSE GONCALVES FERREIRA,2,RJ,Diario Oficial do Estado do Rio de Janeiro,2026-03-23,2026,nomeacao,JORGE JOSE GONCALVES FERREIRA,JORGE JOSE GONCALVES FERREIRA,sim,JORGE JOSE GONCALVES FERREIRA:PER,,,Parte I (Poder Executivo),https://www.ioerj.com.br/portal/modules/conteudoonline/mostra_edicao.php?session=VW1wQ1IwNTZSVE5SYTFsMFRWUkJNazVwTURCT01Fa3dURlJzUmxKVlVYUlBWR1JEVFdwc1IwNHdXWGROZWtFeFRWUmpNMDU2VlhkUFJHdDZUWGM5UFE9PQ==,LAKE\RJ\2026\03\DOERJ_PARTE_I_PODER_EXECUTIVO_2026-03-23.md,D:\github\exoneracoes_nomeacoes_dou\saida\RJ\DOERJ_2026.csv,1488,exoneracao,2026-03-20,do cargo de Subsecretário,da Subsecretaria de Fiscalização de Obras,3,sim,2026-03-20,do cargo de Subsecretário,da Subsecretaria de Fiscalização de Obras,3,nao,nao,,,
JORGE LUIZ BARROS FELIPE,2,RJ,Diario Oficial do Estado do Rio de Janeiro,2026-02-09,2026,nomeacao,JORGE LUIZ BARROS FELIPE,JORGE LUIZ BARROS FELIPE,sim,JORGE LUIZ BARROS FELIPE:PER,,,Parte I (Poder Executivo),https://www.ioerj.com.br/portal/modules/conteudoonline/mostra_edicao.php?session=VFhwVk1rNUZWWGxSZWtsMFRXdEtSazVETURCT1JHTjNURlZLUkU5RlZYUlJla0pHVFdwSk1VMUVRVFZSZWswMVRWUmpNMDU2VlhoTmFrRjNUVkU5UFE9PQ==,LAKE\RJ\2026\02\DOERJ_PARTE_I_PODER_EXECUTIVO_2026-02-09.md,D:\github\exoneracoes_nomeacoes_dou\saida\RJ\DOERJ_2026.csv,3277,exoneracao,2026-02-03,do cargo em comissão de Ajudante I,da Subsecretaria de Planejamento e Gestão,6,sim,2026-02-03,do cargo em comissão de Ajudante I,da Subsecretaria de Planejamento e Gestão,6,nao,nao,,,
JORGE LUIZ DA SILVA FARIAS,2,RJ,Diario Oficial do Estado do Rio de Janeiro,2026-03-13,2026,nomeacao,JORGE LUIZ DA SILVA FARIAS,JORGE LUIZ DA SILVA FARIAS,sim,JORGE LUIZ DA SILVA FARIAS:PER,para exercer o cargo em comissão cargo em comissão de Assessor,da Subsecretaria Executiva,Parte I (Poder Executivo),https://www.ioerj.com.br/portal/modules/conteudoonline/mostra_edicao.php?session=VG10Uk5VMUZSVEZTUlZsMFRucEZOVTFUTURCTmFteEhURlJvUlU1clZYUk9SRWt6VFhwb1IwOVZTVEpOUlVsNFRWUmpNMDU2VlhkUFZHZDVUa0U5UFE9PQ==,LAKE\RJ\2026\03\DOERJ_PARTE_I_PODER_EXECUTIVO_2026-03-13.md,D:\github\exoneracoes_nomeacoes_dou\saida\RJ\DOERJ_2026.csv,2117,exoneracao,2026-03-13,do cargo em comissão de Assistente II,da Subsecretaria de Gestão Portuária e Atividades Navais,0,sim,2026-03-13,do cargo em comissão de Assistente II,da Subsecretaria de Gestão Portuária e Atividades Navais,0,sim,sim,,,
JORGE LUIZ NUNES DE BRITTO,3,RJ,Diario Oficial do Estado do Rio de Janeiro,2024-12-09,2024,nomeacao,JORGE LUIZ NUNES DE BRITTO,JORGE LUIZ NUNES DE BRITTO,sim,JORGE LUIZ NUNES:PER,,da Autarquia de Proteção e Defesa do Consumidor do Estado do Rio de Janeiro - PROCON-RJ,Parte I (Poder Executivo),https://www.ioerj.com.br/portal/modules/conteudoonline/mostra_edicao.php?session=VVZSbmVsRnFVVFZOZWtsMFRqQk5ORTE1TURCUmVra3lURlZKZDFGVldYUlBWR3hFVVRCTk0wMXJVWGxPYWtaQ1RWUmpNMDU2VlhoUFJGazBUbmM5UFE9PQ==,LAKE\RJ\2024\12\DOERJ_PARTE_I_PODER_EXECUTIVO_2024-12-09.md,D:\github\exoneracoes_nomeacoes_dou\saida\RJ\DOERJ_2024.csv,228,exoneracao,2024-12-09,do cargo em comissão de Assistente,do Gabinete do Secretário,0,sim,2024-12-09,do cargo em comissão de Assistente,do Gabinete do Secretário,0,nao,sim,,,
JORGE VIEIRA FILHO,2,RJ,Diario Oficial do Estado do Rio de Janeiro,2024-12-16,2024,nomeacao,JORGE VIEIRA FILHO,JORGE VIEIRA FILHO,sim,JORGE VIEIRA FILHO:PER,para exercer o cargo em comissão de Assistente II,da Superintendência Técnico-Executiva,Parte I (Poder Executivo),https://www.ioerj.com.br/portal/modules/conteudoonline/mostra_edicao.php?session=VFVWV1JVNVVaM2RQUkVGMFVUQlJlVTVETURCT2VtTjVURlJyTkU5RlRYUk5SRmt5VVZWS1JFMTZUWGhOZWtaRFRWUmpNMDU2VlhoUFJGa3lUbEU5UFE9PQ==,LAKE\RJ\2024\12\DOERJ_PARTE_I_PODER_EXECUTIVO_2024-12-16.md,D:\github\exoneracoes_nomeacoes_dou\saida\RJ\DOERJ_2024.csv,135,exoneracao,2024-12-16,da função gratificada de Chefe de Setor de Programação - Partes II e V,,0,sim,2024-12-16,da função gratificada de Chefe de Setor de Programação - Partes II e V,,0,sim,nao,,,
JOSE ANTONIO SILVEIRA DE ANDRADE,2,RJ,Diario Oficial do Estado do Rio de Janeiro,2024-11-07,2024,nomeacao,JOSÉ ANTONIO SILVEIRA DE ANDRADE,JOSÉ ANTONIO SILVEIRA DE ANDRADE,sim,JOSÉ ANTONIO SILVEIRA DE ANDRADE:PER,da Chefia de Gabinete,do Gabinete do Secretário,Parte I (Poder Executivo),https://www.ioerj.com.br/portal/modules/conteudoonline/mostra_edicao.php?session=VDFST1FsRnFVVE5PVkd0MFRWUmFSazlETURCU1ZHc3pURlZHUWxKRlNYUlJWVkpFVDBWV1IxSlZTa2RPVkVrMVRWUmpNMDU2VlhoUFJHTXpUVkU5UFE9PQ==,LAKE\RJ\2024\11\DOERJ_PARTE_I_PODER_EXECUTIVO_2024-11-07.md,D:\github\exoneracoes_nomeacoes_dou\saida\RJ\DOERJ_2024.csv,910,exoneracao,2024-11-06,do cargo em comissão de Assistente,,1,sim,2024-11-06,do cargo em comissão de Assistente,,1,sim,nao,,,
JOSE DE MOURA MARTINS,2,RJ,Diario Oficial do Estado do Rio de Janeiro,2026-01-22,2026,nomeacao,JOSÉ DE MOURA MARTINS,JOSÉ DE MOURA MARTINS,sim,JOSÉ DE MOURA:PER,para exercer o Cargo de Confiança de Assistente da Diretoria,,Parte I (Poder Executivo),https://www.ioerj.com.br/portal/modules/conteudoonline/mostra_edicao.php?session=VW10Vk5FNVVSa0pQVkZsMFRWVk5ORTFwTURCT1JFNUNURlJyTVUxclJYUlJla0Y2VWtSQk5WSkZSa05TYWxWNFRWUmpNMDU2VlhoTmFrMHdUMEU5UFE9PQ==,LAKE\RJ\2026\01\DOERJ_PARTE_I_PODER_EXECUTIVO_2026-01-22.md,D:\github\exoneracoes_nomeacoes_dou\saida\RJ\DOERJ_2026.csv,3787,exoneracao,2025-12-08,do Cargo de Confiança de Assistente de Divisão da Diretoria Industrial,,45,sim,2025-12-08,do Cargo de Confiança de Assistente de Divisão da Diretoria Industrial,,45,sim,nao,,,
JOSE MARCOS DE JESUS BARBOSA,2,RJ,Diario Oficial do Estado do Rio de Janeiro,2025-11-18,2025,nomeacao,JOSE MARCOS DE JESUS BARBOSA,JOSE MARCOS DE JESUS BARBOSA,sim,JOSE MARCOS:PER,para exercer o cargo em comissão de Assessor- Chefe,da Fundação Leão XIII,Parte I (Poder Executivo),https://www.ioerj.com.br/portal/modules/conteudoonline/mostra_edicao.php?session=VDBSSk5WRlVaRVZSVlVWMFVrUk5OVkY1TURCUmVsWkZURlJyZVUxcldYUk5ha3BFVFhwak1VMVViRWRQUkZFMVRWUmpNMDU2VlhoTmVrMHdUbmM5UFE9PQ==,LAKE\RJ\2025\11\DOERJ_PARTE_I_PODER_EXECUTIVO_2025-11-18.md,D:\github\exoneracoes_nomeacoes_dou\saida\RJ\DOERJ_2025.csv,817,exoneracao,2025-11-18,do cargo em comissão de Chefe de Núcleo,da Fundação Leão XIII,0,sim,2025-11-18,do cargo em comissão de Chefe de Núcleo,da Fundação Leão XIII,0,sim,nao,,,
JOSE ROBERTO HAGGE DA SILVA,2,RJ,Diario Oficial do Estado do Rio de Janeiro,2025-12-18,2025,nomeacao,JOSE ROBERTO HAGGE DA SILVA,JOSE ROBERTO HAGGE DA SILVA,sim,ROBERTO HAGGE DA SILVA:MISC|Jose Roberto Hagge:PER,para exercer o cargo em comissão de Assistente II,,Parte I (Poder Executivo),https://www.ioerj.com.br/portal/modules/conteudoonline/mostra_edicao.php?session=VFVWRmVFMHdVWGROTUUxMFRucFdSVTVETURCTmVrVXdURlZGZDA1VVFYUlJWVkYzVDFSQmVsSnFWVFJQVkVwR1RWUmpNMDU2VlhoTmFtY3hUV2M5UFE9PQ==,LAKE\RJ\2025\12\DOERJ_PARTE_I_PODER_EXECUTIVO_2025-12-18.md,D:\github\exoneracoes_nomeacoes_dou\saida\RJ\DOERJ_2025.csv,121,exoneracao,2025-12-17,do cargo em comissão de Chefe de Centro,do Departamento de Trânsito do Estado do Rio de Janeiro - DETRAN_RJ,1,sim,2025-12-17,do cargo em comissão de Chefe de Centro,do Departamento de Trânsito do Estado do Rio de Janeiro - DETRAN_RJ,1,sim,nao,,,
JOSE ROBERTO PERRONI DA SILVA,3,RJ,Diario Oficial do Estado do Rio de Janeiro,2025-11-17,2025,nomeacao,JOSE ROBERTO PERRONI DA SILVA,JOSE ROBERTO PERRONI DA SILVA,sim,JOSE ROBERTO:PER,,,Parte I (Poder Executivo),https://www.ioerj.com.br/portal/modules/conteudoonline/mostra_edicao.php?session=VWxWUk5FMXFhRUpSYWxWMFVXcGFSbEpUTURCUFZFcEhURlZGTlZKRVdYUk5WVlpHVVZSYVJVNUVWVFJPYTFWNlRWUmpNMDU2VlhoTmVrMHlUV2M5UFE9PQ==,LAKE\RJ\2025\11\DOERJ_PARTE_I_PODER_EXECUTIVO_2025-11-17.md,D:\github\exoneracoes_nomeacoes_dou\saida\RJ\DOERJ_2025.csv,902,exoneracao,2025-11-17,do cargo em comissão de Assistente,,0,sim,2025-11-17,do cargo em comissão de Assistente,,0,nao,nao,,,
JOSIMAR SALES MAIA,2,RJ,Diario Oficial do Estado do Rio de Janeiro,2026-01-05,2026,nomeacao,JOSIMAR SALES MAIA,JOSIMAR SALES MAIA,sim,JOSIMAR SALES MAIA:MISC|Josimar Sales Maia:PER,,,Parte I (Poder Executivo),https://www.ioerj.com.br/portal/modules/conteudoonline/mostra_edicao.php?session=VVZWS1JGSnFUWHBOUkZsMFRXcGtSMUY1TURCT2ExSkVURlJuTVUxRVdYUlBSRTAwVWtST1JGRnFiRUpTYTFVMVRWUmpNMDU2VlhoTmFsazBUMEU5UFE9PQ==,LAKE\RJ\2026\01\DOERJ_PARTE_I_PODER_EXECUTIVO_2026-01-05.md,D:\github\exoneracoes_nomeacoes_dou\saida\RJ\DOERJ_2026.csv,4183,exoneracao,2025-12-17,do cargo em comissão de Chefe de Núcleo,do Departamento de Trânsito do Estado do Rio de Janeiro - DETRAN_RJ,19,sim,2025-12-17,do cargo em comissão de Chefe de Núcleo,do Departamento de Trânsito do Estado do Rio de Janeiro - DETRAN_RJ,19,nao,nao,,,
JOSIMAR SALES MAIA,3,RJ,Diario Oficial do Estado do Rio de Janeiro,2026-01-12,2026,nomeacao,JOSIMAR SALES MAIA,JOSIMAR SALES MAIA,sim,JOSIMAR SALES MAIA:MISC|Josimar Sales Maia:PER,,da Superintendência de Indústria,Parte I (Poder Executivo),https://www.ioerj.com.br/portal/modules/conteudoonline/mostra_edicao.php?session=VG5wc1EwNUVUVFZSVlUxMFRsUm9SazlUTURCTlZHTTFURlZKZDA1cVdYUk9lbU14VFZSVmQwOUZTVFZOUkVsNFRWUmpNMDU2VlhoTmFsVTBUbmM5UFE9PQ==,LAKE\RJ\2026\01\DOERJ_PARTE_I_PODER_EXECUTIVO_2026-01-12.md,D:\github\exoneracoes_nomeacoes_dou\saida\RJ\DOERJ_2026.csv,4008,nomeacao,2026-01-05,,,7,sim,2025-12-17,do cargo em comissão de Chefe de Núcleo,do Departamento de Trânsito do Estado do Rio de Janeiro - DETRAN_RJ,26,nao,sim,,,
JOSUE DE OLIVEIRA,2,RJ,Diario Oficial do Estado do Rio de Janeiro,2025-12-19,2025,nomeacao,JOSUE DE OLIVEIRA,JOSUE DE OLIVEIRA,sim,JOSUE DE OLIVEIRA:MISC|Josue De Oliveira:PER,,do Departamento de Trânsito do Estado do Rio de Janeiro - DETRAN_RJ,Parte I (Poder Executivo),https://www.ioerj.com.br/portal/modules/conteudoonline/mostra_edicao.php?session=VFZWRk5VMVVaRVJSYTBWMFQxVlplVTE1TURCUFJFWkZURlJyZUZKRlJYUlNWRWswVWxWT1JVNUZUVFJQUlVaQ1RWUmpNMDU2VlhoTmFtZDZUV2M5UFE9PQ==,LAKE\RJ\2025\12\DOERJ_PARTE_I_PODER_EXECUTIVO_2025-12-19.md,D:\github\exoneracoes_nomeacoes_dou\saida\RJ\DOERJ_2025.csv,102,exoneracao,2025-12-17,do cargo em comissão de Chefe de Unidade de Serviço do Detran - Rj,,2,sim,2025-12-17,do cargo em comissão de Chefe de Unidade de Serviço do Detran - Rj,,2,nao,nao,,,
JUAN ROCHA DOS SANTOS,3,RJ,Diario Oficial do Estado do Rio de Janeiro,2026-01-12,2026,nomeacao,JUAN ROCHA DOS SANTOS,JUAN ROCHA DOS SANTOS,sim,JUAN ROCHA DOS SANTOS:PER,,,Parte I (Poder Executivo),https://www.ioerj.com.br/portal/modules/conteudoonline/mostra_edicao.php?session=VG5wc1EwNUVUVFZSVlUxMFRsUm9SazlUTURCTlZHTTFURlZKZDA1cVdYUk9lbU14VFZSVmQwOUZTVFZOUkVsNFRWUmpNMDU2VlhoTmFsVTBUbmM5UFE9PQ==,LAKE\RJ\2026\01\DOERJ_PARTE_I_PODER_EXECUTIVO_2026-01-12.md,D:\github\exoneracoes_nomeacoes_dou\saida\RJ\DOERJ_2026.csv,4018,exoneracao,2026-01-05,do cargo em comissão de Assistente II,da Fundação Leão XIII- FLXIII,7,sim,2026-01-05,do cargo em comissão de Assistente II,da Fundação Leão XIII- FLXIII,7,nao,nao,,,
JULIA MORAES DE OLIVEIRA,2,RJ,Diario Oficial do Estado do Rio de Janeiro,2024-10-25,2024,nomeacao,JÚLIA MORAES DE OLIVEIRA,JÚLIA MORAES DE OLIVEIRA,sim,JÚLIA MORAES:PER,da Assessoria Jurídica - ASSJUR,do Gabinete do Secretário,Parte I (Poder Executivo),https://www.ioerj.com.br/portal/modules/conteudoonline/mostra_edicao.php?session=VDFSUk0xRXdVa1pPZWtWMFVYcEtSMDlUTURCTk1FVTBURlJuTTFKcVkzUk9WVVpDVGpCUmQxRnJUa0pQUkdkNVRWUmpNMDU2VlhoUFJHZDRUWGM5UFE9PQ==,LAKE\RJ\2024\10\DOERJ_PARTE_I_PODER_EXECUTIVO_2024-10-25.md,D:\github\exoneracoes_nomeacoes_dou\saida\RJ\DOERJ_2024.csv,1337,exoneracao,2024-10-25,do cargo em comissão de Assessor Especial,,0,sim,2024-10-25,do cargo em comissão de Assessor Especial,,0,sim,nao,,,
JULIA MORAES DE OLIVEIRA,4,RJ,Diario Oficial do Estado do Rio de Janeiro,2026-03-20,2026,nomeacao,JULIA MORAES DE OLIVEIRA,JULIA MORAES DE OLIVEIRA,sim,JULIA MORAES:PER,para exercer o cargo em comissão de Ajudante I,da Subsecretaria de Planejamento e Inovação da,Parte I (Poder Executivo),https://www.ioerj.com.br/portal/modules/conteudoonline/mostra_edicao.php?session=VVhwR1EwNUZWVEJSYTBsMFQxVk5kMDlUTURCTk1Fa3hURlZKZWxKRlJYUk5NRkpEVVZWRk1sRXdUWGRPVlZWM1RWUmpNMDU2VlhkUFZFRTBUbmM5UFE9PQ==,LAKE\RJ\2026\03\DOERJ_PARTE_I_PODER_EXECUTIVO_2026-03-20.md,D:\github\exoneracoes_nomeacoes_dou\saida\RJ\DOERJ_2026.csv,1658,exoneracao,2026-03-13,do cargo em comissão de Assessor Jurídico,,7,sim,2026-03-13,do cargo em comissão de Assessor Jurídico,,7,sim,nao,,,
JULIANA FIGUEIREDO GOMES ERNESTO,2,RJ,Diario Oficial do Estado do Rio de Janeiro,2024-10-16,2024,nomeacao,JULIANA FIGUEIREDO GOMES ERNESTO,JULIANA FIGUEIREDO GOMES ERNESTO,sim,JULIANA FIGUEIREDO GOMES ERNESTO:PER,para exercer o cargo em comissão de Coorde￾nador Regional,da Superintendência de Promoção Social - Metropolitana,Parte I (Poder Executivo),https://www.ioerj.com.br/portal/modules/conteudoonline/mostra_edicao.php?session=VVZSQk0xRjZiRWRPVlZWMFVtdEtSbEpwTURCT1ZVazFURlJuTkZKVVkzUk9hMFY0VDFWS1IwMXFRWGhSVkZGM1RWUmpNMDU2VlhoUFJHY3dUbmM5UFE9PQ==,LAKE\RJ\2024\10\DOERJ_PARTE_I_PODER_EXECUTIVO_2024-10-16.md,D:\github\exoneracoes_nomeacoes_dou\saida\RJ\DOERJ_2024.csv,1563,exoneracao,2024-10-11,do cargo em comissão de Assistente II,da Fundação Leão XIII,5,sim,2024-10-11,do cargo em comissão de Assistente II,da Fundação Leão XIII,5,sim,sim,,,
JULIANA SOARES THULER,2,RJ,Diario Oficial do Estado do Rio de Janeiro,2024-11-22,2024,nomeacao,JULIANA SOARES THULER,JULIANA SOARES THULER,sim,JULIANA SOARES THULER:PER,para exercer o cargo em comissão de Ajudante I,do Instituto Rio Metrópole - IRM,Parte I (Poder Executivo),https://www.ioerj.com.br/portal/modules/conteudoonline/mostra_edicao.php?session=VVZWRk1FMUVUa1JPYTFsMFRrVkdRMDU1TURCU2Ewa3hURlJyZWsxcVZYUlNWRmt3VWxSSmVVMXFRVEZTYWxVd1RWUmpNMDU2VlhoUFJHTjZUbWM5UFE9PQ==,LAKE\RJ\2024\11\DOERJ_PARTE_I_PODER_EXECUTIVO_2024-11-22.md,D:\github\exoneracoes_nomeacoes_dou\saida\RJ\DOERJ_2024.csv,603,exoneracao,2024-11-22,do cargo em comissão de Ajudante I,,0,sim,2024-11-22,do cargo em comissão de Ajudante I,,0,sim,nao,,,
JULIO CESAR FERREIRA DA SILVA JUNIOR,2,RJ,Diario Oficial do Estado do Rio de Janeiro,2025-11-07,2025,nomeacao,JÚLIO CESAR FERREIRA DA SILVA JÚNIOR,JÚLIO CESAR FERREIRA DA SILVA JÚNIOR,sim,JÚLIO CESAR FERREIRA DA SILVA:PER,,da Fundação Anita Mantuano de Artes do Estado do Rio de Janeiro - FUNARJ,Parte I (Poder Executivo),https://www.ioerj.com.br/portal/modules/conteudoonline/mostra_edicao.php?session=VWtWUk0wMVVSa1pOVlUxMFVUQkZlVkpUTURCU1JFbDRURlZKTTFGcVNYUlBWRVV6VFdwSmQwMXJTVEZTVkVKR1RWUmpNMDU2VlhoTmVsRXlUbmM5UFE9PQ==,LAKE\RJ\2025\11\DOERJ_PARTE_I_PODER_EXECUTIVO_2025-11-07.md,D:\github\exoneracoes_nomeacoes_dou\saida\RJ\DOERJ_2025.csv,1069,exoneracao,2025-11-07,do cargo em comissão de Ajudante I,da Fundação Anita Mantuano de Artes do Estado do Rio de Janeiro - FUNARJ,0,sim,2025-11-07,do cargo em comissão de Ajudante I,da Fundação Anita Mantuano de Artes do Estado do Rio de Janeiro - FUNARJ,0,nao,nao,,,
JULIO CESAR FERREIRA DA SILVA JUNIOR,3,RJ,Diario Oficial do Estado do Rio de Janeiro,2026-03-02,2026,nomeacao,JULIO CESAR FERREIRA DA SILVA JUNIOR,JULIO CESAR FERREIRA DA SILVA JUNIOR,sim,JULIO CESAR FERREIRA DA SILVA JUNIOR:PER,do cargo em comissão de Chefe de Divisão,da Fundação Anita Mantuano de Artes do Estado do Rio de Janeiro FUNARJ,Parte I (Poder Executivo),https://www.ioerj.com.br/portal/modules/conteudoonline/mostra_edicao.php?session=VG10Vk0wOUVXWGROVlZWMFQwUkNSVTVETURCT1ZFbDZURlZHUkZGcVRYUlNWR1JIVDBSR1JsRXdUVFJPUkZKSFRWUmpNMDU2VlhoTlJGVjZUWGM5UFE9PQ==,LAKE\RJ\2026\03\DOERJ_PARTE_I_PODER_EXECUTIVO_2026-03-02.md,D:\github\exoneracoes_nomeacoes_dou\saida\RJ\DOERJ_2026.csv,2614,nomeacao,2025-11-07,,da Fundação Anita Mantuano de Artes do Estado do Rio de Janeiro - FUNARJ,115,sim,2025-11-07,do cargo em comissão de Ajudante I,da Fundação Anita Mantuano de Artes do Estado do Rio de Janeiro - FUNARJ,115,sim,sim,,,
JULLIANA CORREIA ALBERTINO,2,RJ,Diario Oficial do Estado do Rio de Janeiro,2024-11-25,2024,nomeacao,JULLIANA CORREIA ALBERTINO,JULLIANA CORREIA ALBERTINO,sim,JULLIANA:ORG|Julliana:LOC|Correia Albertino:PER,,do Instituto Estadual do Ambiente - INEA,Parte I (Poder Executivo),https://www.ioerj.com.br/portal/modules/conteudoonline/mostra_edicao.php?session=VVd0Sk1FMTZWVE5PUkZWMFRucEZNazFETURCT1ZGcEdURlZGZWxKRlRYUk5NRTE0VFhwUmVVOVVWa05QUkVaQ1RWUmpNMDU2VlhoUFJHTjZUVkU5UFE9PQ==,LAKE\RJ\2024\11\DOERJ_PARTE_I_PODER_EXECUTIVO_2024-11-25.md,D:\github\exoneracoes_nomeacoes_dou\saida\RJ\DOERJ_2024.csv,580,exoneracao,2024-11-08,do cargo em comissão de Ajudante I,da Superintendência da Operação Lei Seca,17,sim,2024-11-08,do cargo em comissão de Ajudante I,da Superintendência da Operação Lei Seca,17,nao,sim,,,
JUNIER CARVALHO GOULART,2,RJ,Diario Oficial do Estado do Rio de Janeiro,2025-11-07,2025,nomeacao,JUNIER CARVALHO GOULART,JUNIER CARVALHO GOULART,sim,JUNIER CARVALHO GOULART:LOC|Junier Carvalho Goulart:PER,,,Parte I (Poder Executivo),https://www.ioerj.com.br/portal/modules/conteudoonline/mostra_edicao.php?session=VWtWUk0wMVVSa1pOVlUxMFVUQkZlVkpUTURCU1JFbDRURlZKTTFGcVNYUlBWRVV6VFdwSmQwMXJTVEZTVkVKR1RWUmpNMDU2VlhoTmVsRXlUbmM5UFE9PQ==,LAKE\RJ\2025\11\DOERJ_PARTE_I_PODER_EXECUTIVO_2025-11-07.md,D:\github\exoneracoes_nomeacoes_dou\saida\RJ\DOERJ_2025.csv,1075,exoneracao,2025-11-07,do cargo em comissão de Coordenador,da Superintendência de Gestão do SUAS,0,sim,2025-11-07,do cargo em comissão de Coordenador,da Superintendência de Gestão do SUAS,0,nao,nao,,,
KARLA VARGAS GARCIA,2,RJ,Diario Oficial do Estado do Rio de Janeiro,2026-04-27,2026,nomeacao,KARLA VARGAS GARCIA,KARLA VARGAS GARCIA,sim,KARLA VARGAS GARCIA:MISC|Karla Vargas Garcia:PER,para exercer o cargo em comissão de Assessor,do Gabinete de Segurança Institucional do Governo do Estado do Rio de Janeiro,Parte I (Poder Executivo),https://www.ioerj.com.br/portal/modules/conteudoonline/mostra_edicao.php?session=VGtSQ1IwMXJXVEZSVkZsMFRqQlpNRkY1TURCT01GVjRURlZKZDAxRVNYUlBSVVYzVDFSRk0wOVViRUpTUkZreFRWUmpNMDU2VlhkT2FtTXdUWGM5UFE9PQ==,LAKE\RJ\2026\04\DOERJ_PARTE_I_PODER_EXECUTIVO_2026-04-27.md,D:\github\exoneracoes_nomeacoes_dou\saida\RJ\DOERJ_2026.csv,300,exoneracao,2026-04-27,do cargo em comissão de Assistente II,da Superintendência de Avaliação de Cenários e Análise de Riscos,0,sim,2026-04-27,do cargo em comissão de Assistente II,da Superintendência de Avaliação de Cenários e Análise de Riscos,0,sim,sim,,,
KATER SAMELA FARIA VIANA,2,RJ,Diario Oficial do Estado do Rio de Janeiro,2026-02-09,2026,nomeacao,KATER SAMELA FARIA VIANA,KATER SAMELA FARIA VIANA,sim,SAMELA:ORG|Kater Samela Faria Viana:PER,,da Subsecretaria Técnico-Executiva,Parte I (Poder Executivo),https://www.ioerj.com.br/portal/modules/conteudoonline/mostra_edicao.php?session=VFhwVk1rNUZWWGxSZWtsMFRXdEtSazVETURCT1JHTjNURlZLUkU5RlZYUlJla0pHVFdwSk1VMUVRVFZSZWswMVRWUmpNMDU2VlhoTmFrRjNUVkU5UFE9PQ==,LAKE\RJ\2026\02\DOERJ_PARTE_I_PODER_EXECUTIVO_2026-02-09.md,D:\github\exoneracoes_nomeacoes_dou\saida\RJ\DOERJ_2026.csv,3253,exoneracao,2026-02-09,do cargo em comissão de Assistente II,da Superintendência de Operações e Patrimônio,0,sim,2026-02-09,do cargo em comissão de Assistente II,da Superintendência de Operações e Patrimônio,0,nao,sim,,,
KATIA REGINA DA CONCEICAO BRANDAO,3,RJ,Diario Oficial do Estado do Rio de Janeiro,2026-04-27,2026,nomeacao,KATIA REGINA DA CONCEICAO BRANDAO,KATIA REGINA DA CONCEICAO BRANDAO,sim,KATIA:ORG|CONCEICAO BRANDAO:ORG|Katia Regina:PER,para exercer o cargo em comissão de Assistente II,da Superintendência de Avaliação de Cenários e Análise de Riscos,Parte I (Poder Executivo),https://www.ioerj.com.br/portal/modules/conteudoonline/mostra_edicao.php?session=VGtSQ1IwMXJXVEZSVkZsMFRqQlpNRkY1TURCT01GVjRURlZKZDAxRVNYUlBSVVYzVDFSRk0wOVViRUpTUkZreFRWUmpNMDU2VlhkT2FtTXdUWGM5UFE9PQ==,LAKE\RJ\2026\04\DOERJ_PARTE_I_PODER_EXECUTIVO_2026-04-27.md,D:\github\exoneracoes_nomeacoes_dou\saida\RJ\DOERJ_2026.csv,298,exoneracao,2026-04-27,do cargo em comissão de Assessor,do Gabinete de Segurança Institucional do Governo,0,sim,2026-04-27,do cargo em comissão de Assessor,do Gabinete de Segurança Institucional do Governo,0,sim,sim,,,
LAISA DA PENHA QUINTINO CRUZ,2,RJ,Diario Oficial do Estado do Rio de Janeiro,2026-04-20,2026,nomeacao,LAISA DA PENHA QUINTINO CRUZ,LAISA DA PENHA QUINTINO CRUZ,sim,LAISA:MISC|Laisa Da Penha Quintino Cruz:PER,da Assessoria de Controle Interno -Asscoi,,Parte I (Poder Executivo),https://www.ioerj.com.br/portal/modules/conteudoonline/mostra_edicao.php?session=VWtWVmQwMUZXa05PUlZsMFRsVkZkMDVETURCUmVrRXpURlJzUTFKcVdYUlBSRUpHVVhwRk1WRnJVWGxPTUZKRFRWUmpNMDU2VlhkT2FtczBUbEU5UFE9PQ==,LAKE\RJ\2026\04\DOERJ_PARTE_I_PODER_EXECUTIVO_2026-04-20.md,D:\github\exoneracoes_nomeacoes_dou\saida\RJ\DOERJ_2026.csv,362,exoneracao,2026-04-17,do cargo em comissão de Assistente II,,3,sim,2026-04-17,do cargo em comissão de Assistente II,,3,sim,nao,,,
LARA CARRETEIRO BENTO RIBEIRO CAMPOS,2,RJ,Diario Oficial do Estado do Rio de Janeiro,2026-03-17,2026,nomeacao,LARA CARRETEIRO BENTO RIBEIRO CAMPOS,LARA CARRETEIRO BENTO RIBEIRO CAMPOS,sim,LARA CARRETEIRO BENTO RIBEIRO CAMPOS:PER,para exercer o cargo em comissão de Ajudante I,da Fundação Anita Mantuano de Artes do Estado do Rio de Janeiro -FUNARJ,Parte I (Poder Executivo),https://www.ioerj.com.br/portal/modules/conteudoonline/mostra_edicao.php?session=VDFWYVJWSnFTWGhOTUVWMFQxUlpNVkZwTURCUFZGWkVURlZHUms5RVFYUlNhMFpIVGtSc1JWRlVUVFZPUkdSSFRWUmpNMDU2VlhkUFZGVjRUbWM5UFE9PQ==,LAKE\RJ\2026\03\DOERJ_PARTE_I_PODER_EXECUTIVO_2026-03-17.md,D:\github\exoneracoes_nomeacoes_dou\saida\RJ\DOERJ_2026.csv,1984,exoneracao,2026-03-13,do cargo em comissão de Assistente II,da Subsecretaria Adjunta de Economia do Mar,4,sim,2026-03-13,do cargo em comissão de Assistente II,da Subsecretaria Adjunta de Economia do Mar,4,sim,sim,,,
LEANDRO KHALIL DE OLIVEIRA,2,RJ,Diario Oficial do Estado do Rio de Janeiro,2025-12-02,2025,nomeacao,LEANDRO KHALIL DE OLIVEIRA,LEANDRO KHALIL DE OLIVEIRA,sim,LEANDRO KHALIL DE OLIVEIRA:MISC|Leandro Khalil De Oliveira:PER,para exercer o cargo em comissão de Vice-Presidente Ad- ministrativo,da Fundação Cen- tro de Ciências e Educação Superior à Distância do Estado do Rio de Janeiro - CECIERJ em vaga resultante da transformação estabelecida pelo,Parte I (Poder Executivo),https://www.ioerj.com.br/portal/modules/conteudoonline/mostra_edicao.php?session=VW10TmVVOVZWWGxSYW1OMFRXcFZlRTlUTURCT2FtaERURlZGTWswd1NYUk5hMWw0VFVSYVJrMTZaM2RTVkdjd1RWUmpNMDU2VlhoTmVrVTBUbEU5UFE9PQ==,LAKE\RJ\2025\12\DOERJ_PARTE_I_PODER_EXECUTIVO_2025-12-02.md,D:\github\exoneracoes_nomeacoes_dou\saida\RJ\DOERJ_2025.csv,459,exoneracao,2025-12-02,do cargo em comissão de Diretor,da Fundação Centro de Ciências e Educação Superior à Distância do Es- tado do Rio de Janeiro - CECIERJ,0,sim,2025-12-02,do cargo em comissão de Diretor,da Fundação Centro de Ciências e Educação Superior à Distância do Es- tado do Rio de Janeiro - CECIERJ,0,sim,sim,,,
LEANDRO RODRIGO MENEZES PINHEIRO TAVARES,2,RJ,Diario Oficial do Estado do Rio de Janeiro,2024-11-06,2024,nomeacao,LEANDRO RODRIGO MENEZES PINHEIRO TAVARES,LEANDRO RODRIGO MENEZES PINHEIRO TAVARES,sim,LEANDRO RODRIGO:LOC|Leandro Rodrigo Menezes Pinheiro Tavares:PER,para exercer o cargo em comissão de As￾sistente II,,Parte I (Poder Executivo),https://www.ioerj.com.br/portal/modules/conteudoonline/mostra_edicao.php?session=VGtSWk5VMHdXa1JTUkdkMFVWVlJOVkY1TURCTlZWSkRURlZGTWxGVWEzUk5SRTB3VVdwWk0wMXJVa1ZOVkdkNlRWUmpNMDU2VlhoUFJHTXpUbWM5UFE9PQ==,LAKE\RJ\2024\11\DOERJ_PARTE_I_PODER_EXECUTIVO_2024-11-06.md,D:\github\exoneracoes_nomeacoes_dou\saida\RJ\DOERJ_2024.csv,921,exoneracao,2024-10-15,do cargo em comissão de Assessor,,22,sim,2024-10-15,do cargo em comissão de Assessor,,22,sim,nao,,,
LELIAN RAMOS COSTA SALLES CABRAL,2,RJ,Diario Oficial do Estado do Rio de Janeiro,2025-12-03,2025,nomeacao,LELIAN RAMOS COSTA SALLES CABRAL,LELIAN RAMOS COSTA SALLES CABRAL,sim,LELIAN RAMOS:PER,para exercer o cargo de Subsecretário de Estado,,Parte I (Poder Executivo),https://www.ioerj.com.br/portal/modules/conteudoonline/mostra_edicao.php?session=VG5wQk1FNTZWVE5PUlUxMFRtcG5NVTVUTURCTlZFNUNURlJvUWxKVlNYUlBWR2Q2VFZSQk1sSlZVWGRPTUZwRFRWUmpNMDU2VlhoTmVrVXhUVkU5UFE9PQ==,LAKE\RJ\2025\12\DOERJ_PARTE_I_PODER_EXECUTIVO_2025-12-03.md,D:\github\exoneracoes_nomeacoes_dou\saida\RJ\DOERJ_2025.csv,422,exoneracao,2025-12-03,do cargo em comissão de Diretor,da Subsecretaria de Gestão Administrativa e Financeira,0,sim,2025-12-03,do cargo em comissão de Diretor,da Subsecretaria de Gestão Administrativa e Financeira,0,sim,nao,,,
LELIO LANGONI CORDEIRO,2,RJ,Diario Oficial do Estado do Rio de Janeiro,2025-11-28,2025,nomeacao,LELIO LANGONI CORDEIRO,LELIO LANGONI CORDEIRO,sim,LELIO:MISC|Lelio Langoni Cordeiro:PER,,,Parte I (Poder Executivo),https://www.ioerj.com.br/portal/modules/conteudoonline/mostra_edicao.php?session=VFdwQk5VOVZTVEpSTUZsMFRWVkdSMDlUTURCTk1GcEhURlZKTTFGNlJYUk5hbXhGVGtSRk1sRnFhRVpSYTBsM1RWUmpNMDU2VlhoTmVrbDZUbEU5UFE9PQ==,LAKE\RJ\2025\11\DOERJ_PARTE_I_PODER_EXECUTIVO_2025-11-28.md,D:\github\exoneracoes_nomeacoes_dou\saida\RJ\DOERJ_2025.csv,605,exoneracao,2025-11-27,do cargo em comissão de Ajudante I,do Departamento de Trânsito do Estado do Rio de Janeiro - DETRAN/RJ,1,sim,2025-11-27,do cargo em comissão de Ajudante I,do Departamento de Trânsito do Estado do Rio de Janeiro - DETRAN/RJ,1,nao,nao,,,
LEONARDO DE SOUZA LOPES PRETA,2,RJ,Diario Oficial do Estado do Rio de Janeiro,2024-10-15,2024,nomeacao,LEONARDO DE SOUZA LOPES PRETA,LEONARDO DE SOUZA LOPES PRETA,sim,LEONARDO DE SOUZA LOPES PRETA:MISC|Leonardo De Souza Lopes Preta:PER,para exercer o cargo em comissão de Diretor de De￾partamento,,Parte I (Poder Executivo),https://www.ioerj.com.br/portal/modules/conteudoonline/mostra_edicao.php?session=VFVSRk1FNXFUVFZTYTFsMFVWUkpOVTVETURCTk1FWkRURlZGTUUxclNYUk5WRVV6VFVWWmVFMTZTVEJPVlVWNVRWUmpNMDU2VlhoUFJHY3hUV2M5UFE9PQ==,LAKE\RJ\2024\10\DOERJ_PARTE_I_PODER_EXECUTIVO_2024-10-15.md,D:\github\exoneracoes_nomeacoes_dou\saida\RJ\DOERJ_2024.csv,1588,exoneracao,2024-10-15,do cargo em comissão de Assistente II,,0,sim,2024-10-15,do cargo em comissão de Assistente II,,0,sim,nao,,,
LEONARDO SILVA CARVALHO,2,RJ,Diario Oficial do Estado do Rio de Janeiro,2024-12-02,2024,nomeacao,LEONARDO SILVA CARVALHO,LEONARDO SILVA CARVALHO,sim,LEONARDO SILVA CARVALHO:PER,para exercer o cargo em comissão de Assessor,,Parte I (Poder Executivo),https://www.ioerj.com.br/portal/modules/conteudoonline/mostra_edicao.php?session=VWtWU1FsRnJUVFZQUkVWMFVsUldSRTFUTURCU1JFa3pURlJzUms0d1JYUk5SRmw0VDBWSmQwMTZiRU5QVkdoRlRWUmpNMDU2VlhoUFJHTjNUMUU5UFE9PQ==,LAKE\RJ\2024\12\DOERJ_PARTE_I_PODER_EXECUTIVO_2024-12-02.md,D:\github\exoneracoes_nomeacoes_dou\saida\RJ\DOERJ_2024.csv,453,exoneracao,2024-12-02,do cargo em comissão de Superintendente,da Superintendência de Atendimento e Execução Financeira,0,sim,2024-12-02,do cargo em comissão de Superintendente,da Superintendência de Atendimento e Execução Financeira,0,sim,nao,,,
LEONARDO SILVA JACOB,2,RJ,Diario Oficial do Estado do Rio de Janeiro,2024-11-04,2024,nomeacao,LEONARDO SILVA JACOB,LEONARDO SILVA JACOB,sim,LEONARDO SILVA JACOB:PER,para exercer o cargo em comissão de Assessor,,Parte I (Poder Executivo),https://www.ioerj.com.br/portal/modules/conteudoonline/mostra_edicao.php?session=VG1wbk1WSlZTa1pSVkZGMFRWUnNRMDFETURCU2EwWkRURlZKZUU5VVozUk5WRlV6VVZWRk0xSkZUa1ZQUlVVd1RWUmpNMDU2VlhoUFJHTTBUbWM5UFE9PQ==,LAKE\RJ\2024\11\DOERJ_PARTE_I_PODER_EXECUTIVO_2024-11-04.md,D:\github\exoneracoes_nomeacoes_dou\saida\RJ\DOERJ_2024.csv,1062,exoneracao,2024-11-04,do cargo em comissão de Assessor-Chefe,do Departamento de Recursos Mi￾nerais - DRM-RJ,0,sim,2024-11-04,do cargo em comissão de Assessor-Chefe,do Departamento de Recursos Mi￾nerais - DRM-RJ,0,sim,nao,,,
LEONARDO SILVA JACOB,4,RJ,Diario Oficial do Estado do Rio de Janeiro,2025-12-10,2025,nomeacao,LEONARDO SILVA JACOB,LEONARDO SILVA JACOB,sim,LEONARDO SILVA JACOB:PER,,da Subsecretaria Adjunta de Projetos Estratégicos,Parte I (Poder Executivo),https://www.ioerj.com.br/portal/modules/conteudoonline/mostra_edicao.php?session=VFZSR1JVNXJSWGxTYTBsMFQwUkZOVTlUTURCTmEwVTFURlJuZUUxVVozUlNSVkV6VFZWTk1sRjZXa1JTUkZWNlRWUmpNMDU2VlhoTmVrRjZUVUU5UFE9PQ==,LAKE\RJ\2025\12\DOERJ_PARTE_I_PODER_EXECUTIVO_2025-12-10.md,D:\github\exoneracoes_nomeacoes_dou\saida\RJ\DOERJ_2025.csv,312,exoneracao,2025-12-10,do cargo em comissão de Ajudante I,do Departamento de Trânsito do Estado do Rio de Janeiro - DETRAN_RJ,0,sim,2025-12-10,do cargo em comissão de Ajudante I,do Departamento de Trânsito do Estado do Rio de Janeiro - DETRAN_RJ,0,nao,sim,,,
LILIAN DA ROCHA RODRIGUES,2,RJ,Diario Oficial do Estado do Rio de Janeiro,2026-03-23,2026,nomeacao,LILIAN DA ROCHA RODRIGUES,LILIAN DA ROCHA RODRIGUES,sim,LILIAN DA ROCHA RODRIGUES:MISC|Lilian Da Rocha Rodrigues:PER,para exercer o cargo em comissão de Ajudante I,,Parte I (Poder Executivo),https://www.ioerj.com.br/portal/modules/conteudoonline/mostra_edicao.php?session=VW1wQ1IwNTZSVE5SYTFsMFRWUkJNazVwTURCT01Fa3dURlJzUmxKVlVYUlBWR1JEVFdwc1IwNHdXWGROZWtFeFRWUmpNMDU2VlhkUFJHdDZUWGM5UFE9PQ==,LAKE\RJ\2026\03\DOERJ_PARTE_I_PODER_EXECUTIVO_2026-03-23.md,D:\github\exoneracoes_nomeacoes_dou\saida\RJ\DOERJ_2026.csv,1498,exoneracao,2026-03-17,do cargo em comissão de Assistente,da Superintendência de Licitações,6,sim,2026-03-17,do cargo em comissão de Assistente,da Superintendência de Licitações,6,sim,nao,,,
LIRIAN PEREIRA VIEIRA,2,RJ,Diario Oficial do Estado do Rio de Janeiro,2024-10-17,2024,nomeacao,LIRIAN PEREIRA VIEIRA,LIRIAN PEREIRA VIEIRA,sim,LIRIAN PEREIRA:LOC|Lirian Pereira Vieira:PER,para exercer o cargo em comissão de Ajudante I,do Gabinete do Secretário,Parte I (Poder Executivo),https://www.ioerj.com.br/portal/modules/conteudoonline/mostra_edicao.php?session=VGxWRmQxSkZUa2RPTUVWMFRsVmFSVkY1TURCT1JGSkhURlJvUlZKclNYUlNhbVJGVFZSTmVWRnFXa1JSVkU1SFRWUmpNMDU2VlhoUFJHY3dUWGM5UFE9PQ==,LAKE\RJ\2024\10\DOERJ_PARTE_I_PODER_EXECUTIVO_2024-10-17.md,D:\github\exoneracoes_nomeacoes_dou\saida\RJ\DOERJ_2024.csv,1510,exoneracao,2024-10-17,do cargo em comissão de Ajudante I,da Subsecretaria Especial de Controle de Divisas,0,sim,2024-10-17,do cargo em comissão de Ajudante I,da Subsecretaria Especial de Controle de Divisas,0,sim,sim,,,
LIZANDRO VILARDO,3,RJ,Diario Oficial do Estado do Rio de Janeiro,2026-03-24,2026,nomeacao,LIZANDRO VILARDO,LIZANDRO VILARDO,sim,LIZANDRO VILARDO:ORG|Lizandro Vilardo:PER,da Chefia de Gabinete,,Parte I (Poder Executivo),https://www.ioerj.com.br/portal/modules/conteudoonline/mostra_edicao.php?session=VGxSak0wMXJVWGxPTUVsMFRrUm5lVTlUTURCUFJFRXlURlZHUTA1RVRYUlNhMFY2VGtWT1JGRlZVVEJQVlUxNlRWUmpNMDU2VlhkUFJHTTBUbmM5UFE9PQ==,LAKE\RJ\2026\03\DOERJ_PARTE_I_PODER_EXECUTIVO_2026-03-24.md,D:\github\exoneracoes_nomeacoes_dou\saida\RJ\DOERJ_2026.csv,1471,exoneracao,2026-03-13,do cargo em comissão de Assistente,,11,sim,2026-03-13,do cargo em comissão de Assistente,,11,sim,nao,,,
LUANA CABRAL DA SILVA BARCELOS,2,RJ,Diario Oficial do Estado do Rio de Janeiro,2026-02-03,2026,nomeacao,LUANA CABRAL DA SILVA BARCELOS,LUANA CABRAL DA SILVA BARCELOS,sim,Luana Cabral Da Silva Barcelos:PER,para exercer o cargo em comissão de Ajudante I,da Superintendência da Operação Foco,Parte I (Poder Executivo),https://www.ioerj.com.br/portal/modules/conteudoonline/mostra_edicao.php?session=VGxWYVFsRlVUVFJOTUZGMFQwUk5NRkZwTURCTlZVVXpURlZGTVUxcVdYUlJWRTE1VDFSR1ExRlVaelJPTUZwSFRWUmpNMDU2VlhoTmFrVXdUbWM5UFE9PQ==,LAKE\RJ\2026\02\DOERJ_PARTE_I_PODER_EXECUTIVO_2026-02-03.md,D:\github\exoneracoes_nomeacoes_dou\saida\RJ\DOERJ_2026.csv,3441,exoneracao,2026-01-26,do cargo em comissão de Ajudante I,da Superintendência da Operação Foco,8,sim,2026-01-26,do cargo em comissão de Ajudante I,da Superintendência da Operação Foco,8,sim,nao,,,
LUANA MARTINS FRANCO BANDEIRA,2,RJ,Diario Oficial do Estado do Rio de Janeiro,2026-03-25,2026,nomeacao,LUANA MARTINS FRANCO BANDEIRA,LUANA MARTINS FRANCO BANDEIRA,sim,LUANA MARTINS FRANCO BANDEIRA:PER,,do Instituto da Região Metropolitana do Estado do Rio de Janeiro RIOMETROPOLE,Parte I (Poder Executivo),https://www.ioerj.com.br/portal/modules/conteudoonline/mostra_edicao.php?session=VWtWV1ExSkVaM2RPVkVsMFVYcFpOVTFwTURCU2FsWkdURlJvUjFKRlZYUlNWRVpDVVZWUk0wMXJUVE5SVkVFMVRWUmpNMDU2VlhkUFJGbDZUbEU5UFE9PQ==,LAKE\RJ\2026\03\DOERJ_PARTE_I_PODER_EXECUTIVO_2026-03-25.md,D:\github\exoneracoes_nomeacoes_dou\saida\RJ\DOERJ_2026.csv,1284,exoneracao,2026-03-19,do cargo em comissão de Assessor,do Instituto da Região Metropolitana do Estado do Rio de Janeiro - RIOMETROPOLE,6,sim,2026-03-19,do cargo em comissão de Assessor,do Instituto da Região Metropolitana do Estado do Rio de Janeiro - RIOMETROPOLE,6,nao,sim,,,
LUCAS AUGUSTO FARIA ALVES,2,RJ,Diario Oficial do Estado do Rio de Janeiro,2026-03-20,2026,nomeacao,LUCAS AUGUSTO FARIA ALVES,LUCAS AUGUSTO FARIA ALVES,sim,LUCAS AUGUSTO FARIA ALVES:PER,para exercer o cargo de Secretário de Estado,,Parte I (Poder Executivo),https://www.ioerj.com.br/portal/modules/conteudoonline/mostra_edicao.php?session=VVhwR1EwNUZWVEJSYTBsMFQxVk5kMDlUTURCTk1Fa3hURlZKZWxKRlJYUk5NRkpEVVZWRk1sRXdUWGRPVlZWM1RWUmpNMDU2VlhkUFZFRTBUbmM5UFE9PQ==,LAKE\RJ\2026\03\DOERJ_PARTE_I_PODER_EXECUTIVO_2026-03-20.md,D:\github\exoneracoes_nomeacoes_dou\saida\RJ\DOERJ_2026.csv,1596,exoneracao,2026-03-20,do cargo de Chefe de Gabinete,,0,sim,2026-03-20,do cargo de Chefe de Gabinete,,0,sim,nao,,,
LUCAS BUARQUE DA COSTA,2,RJ,Diario Oficial do Estado do Rio de Janeiro,2026-01-13,2026,nomeacao,LUCAS BUARQUE DA COSTA,LUCAS BUARQUE DA COSTA,sim,LUCAS:MISC|Lucas Buarque Da Costa:PER,,,Parte I (Poder Executivo),https://www.ioerj.com.br/portal/modules/conteudoonline/mostra_edicao.php?session=VWtSa1IxRlZVa1pTVkZGMFVYcEpNVkY1TURCT1ZGVjVURlJuTTA5VlJYUlBWRVV4VFhwU1JWRjZRa0pTVkdjeVRWUmpNMDU2VlhoTmFsVXpUbWM5UFE9PQ==,LAKE\RJ\2026\01\DOERJ_PARTE_I_PODER_EXECUTIVO_2026-01-13.md,D:\github\exoneracoes_nomeacoes_dou\saida\RJ\DOERJ_2026.csv,3976,exoneracao,2026-01-09,do cargo em comissão de Ajudante I,da Superintendência da Operação Lei Seca - Supols,4,sim,2026-01-09,do cargo em comissão de Ajudante I,da Superintendência da Operação Lei Seca - Supols,4,nao,nao,,,
LUCIANA DA SILVA JOAQUIM,2,RJ,Diario Oficial do Estado do Rio de Janeiro,2026-01-14,2026,nomeacao,LUCIANA DA SILVA JOAQUIM,LUCIANA DA SILVA JOAQUIM,sim,LUCIANA DA SILVA JOAQUIM:PER,para exercer o cargo em comissão de Ajudante I,,Parte I (Poder Executivo),https://www.ioerj.com.br/portal/modules/conteudoonline/mostra_edicao.php?session=VVRCU1JFNVVhRU5TYWtGMFQwUlZlVkY1TURCT2FsRjNURlJvUmxGNlJYUk9hMVY0VFd0Tk5VNVZWWGxPVlVWNVRWUmpNMDU2VlhoTmFsVXhUa0U5UFE9PQ==,LAKE\RJ\2026\01\DOERJ_PARTE_I_PODER_EXECUTIVO_2026-01-14.md,D:\github\exoneracoes_nomeacoes_dou\saida\RJ\DOERJ_2026.csv,3933,exoneracao,2025-11-10,do cargo em comissão de Ajudante I,do Gabinete do Secretário,65,sim,2025-11-10,do cargo em comissão de Ajudante I,do Gabinete do Secretário,65,sim,nao,,,
LUCIANA MARTINS CALACA,2,RJ,Diario Oficial do Estado do Rio de Janeiro,2026-02-24,2026,nomeacao,LUCIANA MARTINS CALAÇA,LUCIANA MARTINS CALAÇA,sim,LUCIANA MARTINS CALAÇA:PER,para exercer o cargo de Secretário de Estado,,Parte I (Poder Executivo),https://www.ioerj.com.br/portal/modules/conteudoonline/mostra_edicao.php?session=VDBSQk5VMTZTVEZSYTAxMFQxVlpOVTlETURCUFJFRjRURlJyZDA5RVNYUk5SRUUxVGtWWk1sSkZUa05QUkZaQ1RWUmpNMDU2VlhoTlJHc3pUbmM5UFE9PQ==,LAKE\RJ\2026\02\DOERJ_PARTE_I_PODER_EXECUTIVO_2026-02-24.md,D:\github\exoneracoes_nomeacoes_dou\saida\RJ\DOERJ_2026.csv,2769,exoneracao,2026-02-24,do cargo de Presidente,da Fundação Leão XIII,0,sim,2026-02-24,do cargo de Presidente,da Fundação Leão XIII,0,sim,nao,,,
LUCIANA MARTINS CALACA,3,RJ,Diario Oficial do Estado do Rio de Janeiro,2026-02-24,2026,nomeacao,LUCIANA MARTINS CALAÇA,LUCIANA MARTINS CALAÇA,sim,LUCIANA MARTINS CALAÇA:PER,para exercer o cargo de Secretário de Estado,,Parte I (Poder Executivo),https://www.ioerj.com.br/portal/modules/conteudoonline/mostra_edicao.php?session=VDBSQk5VMTZTVEZSYTAxMFQxVlpOVTlETURCUFJFRjRURlJyZDA5RVNYUk5SRUUxVGtWWk1sSkZUa05QUkZaQ1RWUmpNMDU2VlhoTlZFRXhUbWM5UFE9PQ==,LAKE\RJ\2026\02\DOERJ_PARTE_I_PODER_EXECUTIVO_2026-02-24.md,D:\github\exoneracoes_nomeacoes_dou\saida\RJ\DOERJ_2026.csv,2792,nomeacao,2026-02-24,para exercer o cargo de Secretário de Estado,,0,sim,2026-02-24,do cargo de Presidente,da Fundação Leão XIII,0,sim,nao,,,
LUCIANO DE MELO VASCONCELOS,2,RJ,Diario Oficial do Estado do Rio de Janeiro,2024-10-07,2024,nomeacao,LUCIANO DE MELO VASCONCELOS,LUCIANO DE MELO VASCONCELOS,sim,LUCIANO DE MELO VASCONCELOS:MISC|Luciano:PER,para exercer o cargo em comissão de Coordenador,do Departamento de Trânsito do Estado do Rio de Ja￾neiro - DETRAN/RJ,Parte I (Poder Executivo),https://www.ioerj.com.br/portal/modules/conteudoonline/mostra_edicao.php?session=VFVSVk1sRnFUVEZPYW1OMFRucEJORTFwTURCUmEwbDVURlZKZWsxRWEzUlJhbEV4VDBSc1JrMUZWa05PYTBsM1RWUmpNMDU2VlhoUFJHY3pUMEU5UFE9PQ==,LAKE\RJ\2024\10\DOERJ_PARTE_I_PODER_EXECUTIVO_2024-10-07.md,D:\github\exoneracoes_nomeacoes_dou\saida\RJ\DOERJ_2024.csv,1770,exoneracao,2024-10-07,do cargo em comissão de Assistente III,do Departamento de Trânsito do Estado do Rio de Janeiro - DE￾TRAN/RJ,0,sim,2024-10-07,do cargo em comissão de Assistente III,do Departamento de Trânsito do Estado do Rio de Janeiro - DE￾TRAN/RJ,0,sim,sim,,,
LUCIO CAMILO OLIVA PEREIRA,2,RJ,Diario Oficial do Estado do Rio de Janeiro,2024-12-19,2024,nomeacao,LUCIO CAMILO OLIVA PEREIRA,LUCIO CAMILO OLIVA PEREIRA,sim,LUCIO:ORG|Lucio Camilo Oliva Pereira:PER,,,Parte I (Poder Executivo),https://www.ioerj.com.br/portal/modules/conteudoonline/mostra_edicao.php?session=VGxSbmQwNUVZekpPUkUxMFVtdE5NMDVwTURCT1ZVNUZURlJuZDA1VVkzUlNSR3hHVFhwYVEwOUVXa2RTVlZGNFRWUmpNMDU2VlhoUFJGa3dUMEU5UFE9PQ==,LAKE\RJ\2024\12\DOERJ_PARTE_I_PODER_EXECUTIVO_2024-12-19.md,D:\github\exoneracoes_nomeacoes_dou\saida\RJ\DOERJ_2024.csv,75,exoneracao,2024-12-19,do cargo de Vice-Presidente,,0,sim,2024-12-19,do cargo de Vice-Presidente,,0,nao,nao,,,
LUIDIA ERMELINA SILVEIRA DOS SANTOS SOARES,2,RJ,Diario Oficial do Estado do Rio de Janeiro,2026-03-25,2026,nomeacao,LUIDIA ERMELINA SILVEIRA DOS SANTOS SOARES,LUIDIA ERMELINA SILVEIRA DOS SANTOS SOARES,sim,LUIDIA ERMELINA:PER,,da Subsecretaria de Relações Intersetoriais,Parte I (Poder Executivo),https://www.ioerj.com.br/portal/modules/conteudoonline/mostra_edicao.php?session=VWtWV1ExSkVaM2RPVkVsMFVYcFpOVTFwTURCU2FsWkdURlJvUjFKRlZYUlNWRVpDVVZWUk0wMXJUVE5SVkVFMVRWUmpNMDU2VlhkUFJGbDZUbEU5UFE9PQ==,LAKE\RJ\2026\03\DOERJ_PARTE_I_PODER_EXECUTIVO_2026-03-25.md,D:\github\exoneracoes_nomeacoes_dou\saida\RJ\DOERJ_2026.csv,1283,exoneracao,2026-03-19,do cargo em comissão de Ajudante I,da Superintendência da Operação Segurança Presente -Suposp,6,sim,2026-03-19,do cargo em comissão de Ajudante I,da Superintendência da Operação Segurança Presente -Suposp,6,nao,sim,,,
LUIS CLAUDIO MARINHO COELHO,2,RJ,Diario Oficial do Estado do Rio de Janeiro,2025-11-17,2025,nomeacao,LUIS CLAUDIO MARINHO COELHO,LUIS CLAUDIO MARINHO COELHO,sim,LUIS:ORG|Luis Claudio Marinho Coelho:PER,,,Parte I (Poder Executivo),https://www.ioerj.com.br/portal/modules/conteudoonline/mostra_edicao.php?session=VWxWUk5FMXFhRUpSYWxWMFVXcGFSbEpUTURCUFZFcEhURlZGTlZKRVdYUk5WVlpHVVZSYVJVNUVWVFJPYTFWNlRWUmpNMDU2VlhoTmVrMHlUV2M5UFE9PQ==,LAKE\RJ\2025\11\DOERJ_PARTE_I_PODER_EXECUTIVO_2025-11-17.md,D:\github\exoneracoes_nomeacoes_dou\saida\RJ\DOERJ_2025.csv,900,exoneracao,2025-11-17,do cargo em comissão de Gerente,,0,sim,2025-11-17,do cargo em comissão de Gerente,,0,nao,nao,,,
LUIS EDUARDO LEITE DE QUEIROZ,2,RJ,Diario Oficial do Estado do Rio de Janeiro,2024-12-04,2024,nomeacao,LUIS EDUARDO LEITE DE QUEIROZ,LUIS EDUARDO LEITE DE QUEIROZ,sim,LUIS:ORG|EDUARDO LEITE:PER,,da Superintendência de Desportos do Estado do Rio de Janeiro - SUDERJ,Parte I (Poder Executivo),https://www.ioerj.com.br/portal/modules/conteudoonline/mostra_edicao.php?session=VFZSSmQwNUViRUpSVkVWMFRYcGplVTlETURCUlZHTXpURlZKTWs5RVVYUk5lbXN3VG5wRk0wMVZWVFZPVlVreFRWUmpNMDU2VlhoUFJHTjNUVkU5UFE9PQ==,LAKE\RJ\2024\12\DOERJ_PARTE_I_PODER_EXECUTIVO_2024-12-04.md,D:\github\exoneracoes_nomeacoes_dou\saida\RJ\DOERJ_2024.csv,415,exoneracao,2024-12-04,do cargo em comissão de Assessor,,0,sim,2024-12-04,do cargo em comissão de Assessor,,0,nao,nao,,,
LUIS FELIPE PINHEIRO RAMOS BASTOS,2,RJ,Diario Oficial do Estado do Rio de Janeiro,2024-11-06,2024,nomeacao,LUIS FELIPE PINHEIRO RAMOS BASTOS,LUIS FELIPE PINHEIRO RAMOS BASTOS,sim,LUIS:ORG|FELIPE PINHEIRO RAMOS BASTOS:MISC|Luis Felipe Pinheiro Ramos Bastos:PER,,,Parte I (Poder Executivo),https://www.ioerj.com.br/portal/modules/conteudoonline/mostra_edicao.php?session=VGtSWk5VMHdXa1JTUkdkMFVWVlJOVkY1TURCTlZWSkRURlZGTWxGVWEzUk5SRTB3VVdwWk0wMXJVa1ZOVkdkNlRWUmpNMDU2VlhoUFJHTXpUbWM5UFE9PQ==,LAKE\RJ\2024\11\DOERJ_PARTE_I_PODER_EXECUTIVO_2024-11-06.md,D:\github\exoneracoes_nomeacoes_dou\saida\RJ\DOERJ_2024.csv,930,exoneracao,2024-10-25,do cargo em comissão de Assessor,,12,sim,2024-10-25,do cargo em comissão de Assessor,,12,nao,nao,,,
LUIS PAULO DA SILVA,2,RJ,Diario Oficial do Estado do Rio de Janeiro,2026-03-16,2026,nomeacao,LUIS PAULO DA SILVA,LUIS PAULO DA SILVA,sim,LUIS PAULO DA SILVA:PER,,,Parte I (Poder Executivo),https://www.ioerj.com.br/portal/modules/conteudoonline/mostra_edicao.php?session=VGxWRk1rOVZTa0pOTUVWMFRYcEplVTVUTURCU1ZFazFURlZGTUZGcVozUlBWRWt6VGxWUmVWRnJUa2RPUkdkM1RWUmpNMDU2VlhkUFZGbDZUa0U5UFE9PQ==,LAKE\RJ\2026\03\DOERJ_PARTE_I_PODER_EXECUTIVO_2026-03-16.md,D:\github\exoneracoes_nomeacoes_dou\saida\RJ\DOERJ_2026.csv,2025,exoneracao,2026-03-11,do cargo em comissão de Ajudante I,da Fundação Leão XIII - FLXIII,5,sim,2026-03-11,do cargo em comissão de Ajudante I,da Fundação Leão XIII - FLXIII,5,nao,nao,,,
LUIS PAULO DA SILVA,3,RJ,Diario Oficial do Estado do Rio de Janeiro,2026-03-16,2026,nomeacao,LUIS PAULO DA SILVA,LUIS PAULO DA SILVA,sim,LUIS PAULO DA SILVA:PER,,,Parte I (Poder Executivo),https://www.ioerj.com.br/portal/modules/conteudoonline/mostra_edicao.php?session=VGxWRk1rOVZTa0pOTUVWMFRYcEplVTVUTURCU1ZFazFURlZGTUZGcVozUlBWRWt6VGxWUmVWRnJUa2RPUkdkM1RWUmpNMDU2VlhoTlZGazBUbEU5UFE9PQ==,LAKE\RJ\2026\03\DOERJ_PARTE_I_PODER_EXECUTIVO_2026-03-16.md,D:\github\exoneracoes_nomeacoes_dou\saida\RJ\DOERJ_2026.csv,2906,nomeacao,2026-03-16,,,0,sim,2026-03-11,do cargo em comissão de Ajudante I,da Fundação Leão XIII - FLXIII,5,nao,nao,,,
LUIZ ANTONIO ANELLI FILHO,2,RJ,Diario Oficial do Estado do Rio de Janeiro,2024-12-04,2024,nomeacao,LUIZ ANTONIO ANELLI FILHO,LUIZ ANTONIO ANELLI FILHO,sim,LUIZ ANTONIO ANELLI FILHO:PER,,da Subsecretaria de Gestão Administrativa,Parte I (Poder Executivo),https://www.ioerj.com.br/portal/modules/conteudoonline/mostra_edicao.php?session=VFZSSmQwNUViRUpSVkVWMFRYcGplVTlETURCUlZHTXpURlZKTWs5RVVYUk5lbXN3VG5wRk0wMVZWVFZPVlVreFRWUmpNMDU2VlhoUFJHTjNUVkU5UFE9PQ==,LAKE\RJ\2024\12\DOERJ_PARTE_I_PODER_EXECUTIVO_2024-12-04.md,D:\github\exoneracoes_nomeacoes_dou\saida\RJ\DOERJ_2024.csv,398,exoneracao,2024-12-04,do cargo em comissão de Coordenador,da Superintendência Téc￾nica de Infraestrutura e Logística,0,sim,2024-12-04,do cargo em comissão de Coordenador,da Superintendência Téc￾nica de Infraestrutura e Logística,0,nao,sim,,,
LUIZ ANTONIO MARTINS,2,RJ,Diario Oficial do Estado do Rio de Janeiro,2025-12-02,2025,nomeacao,LUIZ ANTÔNIO MARTINS,LUIZ ANTÔNIO MARTINS,sim,LUIZ ANTÔNIO MARTINS:PER,para exercer o cargo de Secretário de Estado,,Parte I (Poder Executivo),https://www.ioerj.com.br/portal/modules/conteudoonline/mostra_edicao.php?session=VW10TmVVOVZWWGxSYW1OMFRXcFZlRTlUTURCT2FtaERURlZGTWswd1NYUk5hMWw0VFVSYVJrMTZaM2RTVkdjd1RWUmpNMDU2VlhoTmVrVTBUbEU5UFE9PQ==,LAKE\RJ\2025\12\DOERJ_PARTE_I_PODER_EXECUTIVO_2025-12-02.md,D:\github\exoneracoes_nomeacoes_dou\saida\RJ\DOERJ_2025.csv,457,exoneracao,2025-12-02,do cargo em comissão de Assessor Especial,,0,sim,2025-12-02,do cargo em comissão de Assessor Especial,,0,sim,nao,,,
LUIZ EDUARDO PONTES FERNANDES,2,RJ,Diario Oficial do Estado do Rio de Janeiro,2025-11-05,2025,nomeacao,LUIZ EDUARDO PONTES FERNANDES,LUIZ EDUARDO PONTES FERNANDES,sim,LUIZ EDUARDO PONTES FERNANDES:PER,,,Parte I (Poder Executivo),https://www.ioerj.com.br/portal/modules/conteudoonline/mostra_edicao.php?session=VFZSV1JVNVZXWGxPZWtGMFRsUm9SVTlUTURCT2Fsa3dURlJzUjAxcVRYUk9SVVV3VW1wVmVVOUZUa05SZWxwR1RWUmpNMDU2VlhoTmVsVjZUMEU5UFE9PQ==,LAKE\RJ\2025\11\DOERJ_PARTE_I_PODER_EXECUTIVO_2025-11-05.md,D:\github\exoneracoes_nomeacoes_dou\saida\RJ\DOERJ_2025.csv,1187,exoneracao,2024-12-09,do cargo em comissão de Assistente,,331,sim,2024-12-09,do cargo em comissão de Assistente,,331,nao,nao,,,
LUIZ FELIPE DO AMARAL DE CARVALHO,2,RJ,Diario Oficial do Estado do Rio de Janeiro,2024-11-04,2024,nomeacao,LUIZ FELIPE DO AMARAL DE CARVALHO,LUIZ FELIPE DO AMARAL DE CARVALHO,sim,LUIZ FELIPE:PER,,,Parte I (Poder Executivo),https://www.ioerj.com.br/portal/modules/conteudoonline/mostra_edicao.php?session=VG1wbk1WSlZTa1pSVkZGMFRWUnNRMDFETURCU2EwWkRURlZKZUU5VVozUk5WRlV6VVZWRk0xSkZUa1ZQUlVVd1RWUmpNMDU2VlhoUFJHTTBUbWM5UFE9PQ==,LAKE\RJ\2024\11\DOERJ_PARTE_I_PODER_EXECUTIVO_2024-11-04.md,D:\github\exoneracoes_nomeacoes_dou\saida\RJ\DOERJ_2024.csv,1102,exoneracao,2024-11-04,do cargo de Subsecretário de Estado,da Subsecretaria de Eventos,0,sim,2024-11-04,do cargo de Subsecretário de Estado,da Subsecretaria de Eventos,0,nao,nao,,,
LUIZ FELIPE MORENO DA SILVA,2,RJ,Diario Oficial do Estado do Rio de Janeiro,2024-11-04,2024,nomeacao,LUIZ FELIPE MORENO DA SILVA,LUIZ FELIPE MORENO DA SILVA,sim,LUIZ FELIPE MORENO:PER,,da Fundação Santa Cabrini - FSC,Parte I (Poder Executivo),https://www.ioerj.com.br/portal/modules/conteudoonline/mostra_edicao.php?session=VG1wbk1WSlZTa1pSVkZGMFRWUnNRMDFETURCU2EwWkRURlZKZUU5VVozUk5WRlV6VVZWRk0xSkZUa1ZQUlVVd1RWUmpNMDU2VlhoUFJHTTBUbWM5UFE9PQ==,LAKE\RJ\2024\11\DOERJ_PARTE_I_PODER_EXECUTIVO_2024-11-04.md,D:\github\exoneracoes_nomeacoes_dou\saida\RJ\DOERJ_2024.csv,1067,exoneracao,2024-11-04,do cargo em comissão de Assessor,da Fundação Santa Cabrini - FSC,0,sim,2024-11-04,do cargo em comissão de Assessor,da Fundação Santa Cabrini - FSC,0,nao,nao,,,
LUIZ FELIPE NASCIMENTO DA SILVA,2,RJ,Diario Oficial do Estado do Rio de Janeiro,2024-10-18,2024,nomeacao,LUIZ FELIPE NASCIMENTO DA SILVA,LUIZ FELIPE NASCIMENTO DA SILVA,sim,LUIZ FELIPE NASCIMENTO DA SILVA:PER,,do Departamento de Trânsito do Estado do Rio de Janeiro - DETRAN/RJ,Parte I (Poder Executivo),https://www.ioerj.com.br/portal/modules/conteudoonline/mostra_edicao.php?session=VFdwSk1FNHdUa1pQVlVWMFRsUmpNMDVETURCTmVtUkRURlZKZUZKVVkzUlBSVlpDVWxSck5FMVZSVEJSTUZwRFRWUmpNMDU2VlhoUFJHZDZUbWM5UFE9PQ==,LAKE\RJ\2024\10\DOERJ_PARTE_I_PODER_EXECUTIVO_2024-10-18.md,D:\github\exoneracoes_nomeacoes_dou\saida\RJ\DOERJ_2024.csv,1476,exoneracao,2024-10-07,do cargo em comissão de Chefe de Serviço,do Departamento de Trânsito do Estado do Rio de Janeiro - DETRAN/RJ,11,sim,2024-10-07,do cargo em comissão de Chefe de Serviço,do Departamento de Trânsito do Estado do Rio de Janeiro - DETRAN/RJ,11,nao,nao,,,
LUIZ FERNANDO BARBOSA BRANDAO,2,RJ,Diario Oficial do Estado do Rio de Janeiro,2024-10-11,2024,nomeacao,LUIZ FERNANDO BARBOSA BRANDÃO,LUIZ FERNANDO BARBOSA BRANDÃO,sim,LUIZ FERNANDO BARBOSA BRANDÃO:PER,para exercer o cargo em comissão de Diretor de Uni￾dade,do Departamento Geral de Ações Socioeduca￾tivas - DEGASE,Parte I (Poder Executivo),https://www.ioerj.com.br/portal/modules/conteudoonline/mostra_edicao.php?session=VGxSQ1JWSnJXVEZTVkZsMFRWUmFSVTVwTURCT1JVMDFURlZGTUU1clRYUk9WRUpDVDFSU1IwOVVRa2RTUlZGNVRWUmpNMDU2VlhoUFJHY3hUMEU5UFE9PQ==,LAKE\RJ\2024\10\DOERJ_PARTE_I_PODER_EXECUTIVO_2024-10-11.md,D:\github\exoneracoes_nomeacoes_dou\saida\RJ\DOERJ_2024.csv,1651,exoneracao,2024-10-11,do cargo em comissão de Diretor Adjunto,,0,sim,2024-10-11,do cargo em comissão de Diretor Adjunto,,0,sim,nao,,,
LUIZ FERNANDO DE SOUZA COSTA,2,RJ,Diario Oficial do Estado do Rio de Janeiro,2024-12-06,2024,nomeacao,LUIZ FERNANDO DE SOUZA COSTA,LUIZ FERNANDO DE SOUZA COSTA,sim,LUIZ FERNANDO DE SOUZA COSTA:PER,da Assessoria Administrativa,da Subsecretaria Adjunta de Gestão,Parte I (Poder Executivo),https://www.ioerj.com.br/portal/modules/conteudoonline/mostra_edicao.php?session=VFZWU1JFOVVUVFZSVkZGMFRucFZOVkZUTURCU1ZWRXdURlJuTkU1VVFYUk9la1pIVWxWUk1WRXdXWHBOYTFGNFRWUmpNMDU2VlhoUFJGazFUV2M5UFE9PQ==,LAKE\RJ\2024\12\DOERJ_PARTE_I_PODER_EXECUTIVO_2024-12-06.md,D:\github\exoneracoes_nomeacoes_dou\saida\RJ\DOERJ_2024.csv,271,exoneracao,2024-12-06,do cargo em comissão de Assessor,,0,sim,2024-12-06,do cargo em comissão de Assessor,,0,sim,nao,,,
LUIZ FERNANDO MARTINS DA ROCHA,2,RJ,Diario Oficial do Estado do Rio de Janeiro,2024-11-12,2024,nomeacao,LUIZ FERNANDO MARTINS DA ROCHA,LUIZ FERNANDO MARTINS DA ROCHA,sim,LUIZ FERNANDO MARTINS DA ROCHA:PER,para exercer o cargo em comissão de Assessor,,Parte I (Poder Executivo),https://www.ioerj.com.br/portal/modules/conteudoonline/mostra_edicao.php?session=VGxWRk1VNUVhekZPYWtGMFRWUk5NbEpwTURCU1JFRjZURlJyZWs0d1dYUlJWRWsxVVdwck1sSlVTa1JOZWxwSFRWUmpNMDU2VlhoUFJHTXhUbmM5UFE9PQ==,LAKE\RJ\2024\11\DOERJ_PARTE_I_PODER_EXECUTIVO_2024-11-12.md,D:\github\exoneracoes_nomeacoes_dou\saida\RJ\DOERJ_2024.csv,723,exoneracao,2024-11-11,do Cargo de Confiança de Chefe do Serviço de Controle da Produção,,1,sim,2024-11-11,do Cargo de Confiança de Chefe do Serviço de Controle da Produção,,1,sim,nao,,,
LUIZ GALHARDO PESSOA,2,RJ,Diario Oficial do Estado do Rio de Janeiro,2024-12-19,2024,nomeacao,LUIZ GALHARDO PESSÔA,LUIZ GALHARDO PESSÔA,sim,LUIZ GALHARDO PESSÔA:PER,,,Parte I (Poder Executivo),https://www.ioerj.com.br/portal/modules/conteudoonline/mostra_edicao.php?session=VGxSbmQwNUVZekpPUkUxMFVtdE5NMDVwTURCT1ZVNUZURlJuZDA1VVkzUlNSR3hHVFhwYVEwOUVXa2RTVlZGNFRWUmpNMDU2VlhoUFJGa3dUMEU5UFE9PQ==,LAKE\RJ\2024\12\DOERJ_PARTE_I_PODER_EXECUTIVO_2024-12-19.md,D:\github\exoneracoes_nomeacoes_dou\saida\RJ\DOERJ_2024.csv,73,exoneracao,2024-12-19,do cargo de Vice-Presidente,,0,sim,2024-12-19,do cargo de Vice-Presidente,,0,nao,nao,,,
LUIZ GALHARDO PESSOA,4,RJ,Diario Oficial do Estado do Rio de Janeiro,2025-11-17,2025,nomeacao,LUIZ GALHARDO PESSÔA,LUIZ GALHARDO PESSÔA,sim,LUIZ GALHARDO PESSÔA:PER,da Chefia de Gabinete,,Parte I (Poder Executivo),https://www.ioerj.com.br/portal/modules/conteudoonline/mostra_edicao.php?session=VWxWUk5FMXFhRUpSYWxWMFVXcGFSbEpUTURCUFZFcEhURlZGTlZKRVdYUk5WVlpHVVZSYVJVNUVWVFJPYTFWNlRWUmpNMDU2VlhoTmVrMHlUV2M5UFE9PQ==,LAKE\RJ\2025\11\DOERJ_PARTE_I_PODER_EXECUTIVO_2025-11-17.md,D:\github\exoneracoes_nomeacoes_dou\saida\RJ\DOERJ_2025.csv,837,exoneracao,2025-11-17,do cargo de Vice-Presidente,,0,sim,2025-11-17,do cargo de Vice-Presidente,,0,sim,nao,,,
LUIZ GONZAGA SIMOES DIAS,2,RJ,Diario Oficial do Estado do Rio de Janeiro,2024-11-12,2024,nomeacao,LUIZ GONZAGA SIMÕES DIAS,LUIZ GONZAGA SIMÕES DIAS,sim,LUIZ GONZAGA SIMÕES:LOC|Luiz Gonzaga Simões Dias:PER,para exercer o cargo em comissão de Assistente,,Parte I (Poder Executivo),https://www.ioerj.com.br/portal/modules/conteudoonline/mostra_edicao.php?session=VGxWRk1VNUVhekZPYWtGMFRWUk5NbEpwTURCU1JFRjZURlJyZWs0d1dYUlJWRWsxVVdwck1sSlVTa1JOZWxwSFRWUmpNMDU2VlhoUFJHTXhUbmM5UFE9PQ==,LAKE\RJ\2024\11\DOERJ_PARTE_I_PODER_EXECUTIVO_2024-11-12.md,D:\github\exoneracoes_nomeacoes_dou\saida\RJ\DOERJ_2024.csv,724,exoneracao,2024-11-12,do cargo de Chefe da Divisão do Diário Oficial,,0,sim,2024-11-12,do cargo de Chefe da Divisão do Diário Oficial,,0,sim,nao,,,
LUIZ GUSTAVO BOTTO MAIA,2,RJ,Diario Oficial do Estado do Rio de Janeiro,2026-03-20,2026,nomeacao,LUIZ GUSTAVO BOTTO MAIA,LUIZ GUSTAVO BOTTO MAIA,sim,LUIZ GUSTAVO BOTTO MAIA:PER,para exercer o cargo de Subsecretário,da Subsecretaria de Acompanhamento de Políticas Públicas e Relações Institucionais,Parte I (Poder Executivo),https://www.ioerj.com.br/portal/modules/conteudoonline/mostra_edicao.php?session=VVhwR1EwNUZWVEJSYTBsMFQxVk5kMDlUTURCTk1Fa3hURlZKZWxKRlJYUk5NRkpEVVZWRk1sRXdUWGRPVlZWM1RWUmpNMDU2VlhkUFZFRTBUbmM5UFE9PQ==,LAKE\RJ\2026\03\DOERJ_PARTE_I_PODER_EXECUTIVO_2026-03-20.md,D:\github\exoneracoes_nomeacoes_dou\saida\RJ\DOERJ_2026.csv,1618,exoneracao,2026-03-20,do cargo em comissão de Assessor,,0,sim,2026-03-20,do cargo em comissão de Assessor,,0,sim,nao,,,
LUIZ OCTAVIO LOPES DA ROCHA LIMA,2,RJ,Diario Oficial do Estado do Rio de Janeiro,2024-10-31,2024,nomeacao,LUIZ OCTÁVIO LOPES DA ROCHA LIMA,LUIZ OCTÁVIO LOPES DA ROCHA LIMA,sim,LUIZ OCTÁVIO LOPES DA:PER,,da Subsecretaria Geral de Polícia Militar,Parte I (Poder Executivo),https://www.ioerj.com.br/portal/modules/conteudoonline/mostra_edicao.php?session=VDFWRk0wMVZWVEZPYTBWMFVtdFplbEZUTURCTlZFNUNURlJuTTFGNmEzUk5WR2hGVFVScmVrNUVTa05SVkVWNVRWUmpNMDU2VlhoUFJHTTFUbmM5UFE9PQ==,LAKE\RJ\2024\10\DOERJ_PARTE_I_PODER_EXECUTIVO_2024-10-31.md,D:\github\exoneracoes_nomeacoes_dou\saida\RJ\DOERJ_2024.csv,1212,exoneracao,2024-10-31,do cargo em comissão de Comandante Intermediário,da Subsecretaria de Gestão Operacional da Polícia Militar,0,sim,2024-10-31,do cargo em comissão de Comandante Intermediário,da Subsecretaria de Gestão Operacional da Polícia Militar,0,nao,sim,,,
LUIZ OTAVIO DA SILVA JUSTILINO,2,RJ,Diario Oficial do Estado do Rio de Janeiro,2026-03-11,2026,nomeacao,LUIZ OTAVIO DA SILVA JUSTILINO,LUIZ OTAVIO DA SILVA JUSTILINO,sim,LUIZ OTAVIO DA SILVA JUSTILINO:PER,da Chefia de Gabinete,,Parte I (Poder Executivo),https://www.ioerj.com.br/portal/modules/conteudoonline/mostra_edicao.php?session=VGtSck1GRlZSa1pPVlUxMFRYcE5lRTU1TURCUmVra3dURlZHUkU0d1JYUk9WVlV4VGtSSk5FNXFVVEJPYWxaSFRWUmpNMDU2VlhkUFZHYzBUa0U5UFE9PQ==,LAKE\RJ\2026\03\DOERJ_PARTE_I_PODER_EXECUTIVO_2026-03-11.md,D:\github\exoneracoes_nomeacoes_dou\saida\RJ\DOERJ_2026.csv,2184,exoneracao,2026-03-04,do cargo de Chefe de Gabinete,da Fundação Leão XIII -FLXIII,7,sim,2026-03-04,do cargo de Chefe de Gabinete,da Fundação Leão XIII -FLXIII,7,sim,nao,,,
LUIZA FERREIRA DA SILVA PRESTA,2,RJ,Diario Oficial do Estado do Rio de Janeiro,2025-11-05,2025,nomeacao,LUIZA FERREIRA DA SILVA PRESTA,LUIZA FERREIRA DA SILVA PRESTA,sim,LUIZA FERREIRA DA SILVA PRESTA:MISC|Luiza Ferreira Da Silva Presta:PER,,,Parte I (Poder Executivo),https://www.ioerj.com.br/portal/modules/conteudoonline/mostra_edicao.php?session=VFZSV1JVNVZXWGxPZWtGMFRsUm9SVTlUTURCT2Fsa3dURlJzUjAxcVRYUk9SVVV3VW1wVmVVOUZUa05SZWxwR1RWUmpNMDU2VlhoTmVsVjZUMEU5UFE9PQ==,LAKE\RJ\2025\11\DOERJ_PARTE_I_PODER_EXECUTIVO_2025-11-05.md,D:\github\exoneracoes_nomeacoes_dou\saida\RJ\DOERJ_2025.csv,1204,exoneracao,2025-11-05,do cargo em comissão de Assessor,da Subsecretaria Técnica de Energia e Econo- mia do Mar,0,sim,2025-11-05,do cargo em comissão de Assessor,da Subsecretaria Técnica de Energia e Econo- mia do Mar,0,nao,nao,,,
LUIZA RODRIGUES DUARTE,2,RJ,Diario Oficial do Estado do Rio de Janeiro,2024-12-09,2024,nomeacao,LUIZA RODRIGUES DUARTE,LUIZA RODRIGUES DUARTE,sim,LUIZA:ORG|Luiza Rodrigues Duarte:PER,,,Parte I (Poder Executivo),https://www.ioerj.com.br/portal/modules/conteudoonline/mostra_edicao.php?session=VVZSbmVsRnFVVFZOZWtsMFRqQk5ORTE1TURCUmVra3lURlZKZDFGVldYUlBWR3hFVVRCTk0wMXJVWGxPYWtaQ1RWUmpNMDU2VlhoUFJGazBUbmM5UFE9PQ==,LAKE\RJ\2024\12\DOERJ_PARTE_I_PODER_EXECUTIVO_2024-12-09.md,D:\github\exoneracoes_nomeacoes_dou\saida\RJ\DOERJ_2024.csv,239,exoneracao,2024-12-09,,da Subsecretaria de Administração,0,sim,2024-12-09,,da Subsecretaria de Administração,0,nao,nao,,,
MAICON DOUGLAS DE SOUSA FERNANDES,2,RJ,Diario Oficial do Estado do Rio de Janeiro,2025-11-07,2025,nomeacao,MAICON DOUGLAS DE SOUSA FERNANDES,MAICON DOUGLAS DE SOUSA FERNANDES,sim,MAICON:ORG|Maicon Douglas De Sousa Fernandes:PER,,da Fundação Anita Mantuano de Artes do Estado do Rio de Janeiro - FUNARJ,Parte I (Poder Executivo),https://www.ioerj.com.br/portal/modules/conteudoonline/mostra_edicao.php?session=VWtWUk0wMVVSa1pOVlUxMFVUQkZlVkpUTURCU1JFbDRURlZKTTFGcVNYUlBWRVV6VFdwSmQwMXJTVEZTVkVKR1RWUmpNMDU2VlhoTmVsRXlUbmM5UFE9PQ==,LAKE\RJ\2025\11\DOERJ_PARTE_I_PODER_EXECUTIVO_2025-11-07.md,D:\github\exoneracoes_nomeacoes_dou\saida\RJ\DOERJ_2025.csv,1067,exoneracao,2025-11-07,do cargo em comissão de Ajudante I,da Fundação Anita Mantuano de Artes do Estado do Rio de Janeiro - FUNARJ,0,sim,2025-11-07,do cargo em comissão de Ajudante I,da Fundação Anita Mantuano de Artes do Estado do Rio de Janeiro - FUNARJ,0,nao,nao,,,
MANUELA LENKIC NASCIMENTO DE SOUZA,2,RJ,Diario Oficial do Estado do Rio de Janeiro,2024-12-09,2024,nomeacao,MANUELA LENKIC NASCIMENTO DE SOUZA,MANUELA LENKIC NASCIMENTO DE SOUZA,sim,MANUELA LENKIC NASCIMENTO DE SOUZA:MISC|Manuela Lenkic Nascimento De Souza:PER,,da Superintendência de Estu￾dos Fiscais,Parte I (Poder Executivo),https://www.ioerj.com.br/portal/modules/conteudoonline/mostra_edicao.php?session=VVZSbmVsRnFVVFZOZWtsMFRqQk5ORTE1TURCUmVra3lURlZKZDFGVldYUlBWR3hFVVRCTk0wMXJVWGxPYWtaQ1RWUmpNMDU2VlhoUFJGazBUbmM5UFE9PQ==,LAKE\RJ\2024\12\DOERJ_PARTE_I_PODER_EXECUTIVO_2024-12-09.md,D:\github\exoneracoes_nomeacoes_dou\saida\RJ\DOERJ_2024.csv,237,exoneracao,2024-12-02,do cargo em comissão de Coordenador,da Superintendência de Gestão das Obrigações,7,sim,2024-12-02,do cargo em comissão de Coordenador,da Superintendência de Gestão das Obrigações,7,nao,sim,,,
MARCELA BECK DA COSTA,2,RJ,Diario Oficial do Estado do Rio de Janeiro,2026-03-13,2026,nomeacao,MARCELA BECK DA COSTA,MARCELA BECK DA COSTA,sim,COSTA:ORG|Marcela Beck Da Costa:PER,para exercer o cargo em comissão de Superintendente,da Superintendência de Portos e Terminais,Parte I (Poder Executivo),https://www.ioerj.com.br/portal/modules/conteudoonline/mostra_edicao.php?session=VG10Uk5VMUZSVEZTUlZsMFRucEZOVTFUTURCTmFteEhURlJvUlU1clZYUk9SRWt6VFhwb1IwOVZTVEpOUlVsNFRWUmpNMDU2VlhkUFZHZDVUa0U5UFE9PQ==,LAKE\RJ\2026\03\DOERJ_PARTE_I_PODER_EXECUTIVO_2026-03-13.md,D:\github\exoneracoes_nomeacoes_dou\saida\RJ\DOERJ_2026.csv,2049,exoneracao,2026-03-13,do cargo em comissão de Assessor,da Superintendência de Planejamento e Suporte Logístico,0,sim,2026-03-13,do cargo em comissão de Assessor,da Superintendência de Planejamento e Suporte Logístico,0,sim,sim,,,
MARCELA VASCONCELOS VENTURA,2,RJ,Diario Oficial do Estado do Rio de Janeiro,2026-01-13,2026,nomeacao,MARCELA VASCONCELOS VENTURA,MARCELA VASCONCELOS VENTURA,sim,MARCELA VASCONCELOS:MISC|Marcela Vasconcelos Ventura:PER,para exercer o cargo em comissão Assessor,,Parte I (Poder Executivo),https://www.ioerj.com.br/portal/modules/conteudoonline/mostra_edicao.php?session=VWtSa1IxRlZVa1pTVkZGMFVYcEpNVkY1TURCT1ZGVjVURlJuTTA5VlJYUlBWRVV4VFhwU1JWRjZRa0pTVkdjeVRWUmpNMDU2VlhoTmFsVXpUbWM5UFE9PQ==,LAKE\RJ\2026\01\DOERJ_PARTE_I_PODER_EXECUTIVO_2026-01-13.md,D:\github\exoneracoes_nomeacoes_dou\saida\RJ\DOERJ_2026.csv,3993,exoneracao,2026-01-13,do cargo em comissão de Assessor,da Subsecretaria de Políticas Inclusivas,0,sim,2026-01-13,do cargo em comissão de Assessor,da Subsecretaria de Políticas Inclusivas,0,sim,nao,,,
MARCELLO SILVA DA COSTA,2,RJ,Diario Oficial do Estado do Rio de Janeiro,2025-11-24,2025,nomeacao,MARCELLO SILVA DA COSTA,MARCELLO SILVA DA COSTA,sim,MARCELLO:MISC|COSTA:ORG|Marcello Silva Da Costa:PER,,,Parte I (Poder Executivo),https://www.ioerj.com.br/portal/modules/conteudoonline/mostra_edicao.php?session=VDFSUmVrMXFTWHBPYWtGMFVXdE9SVkZUTURCU1ZWWkZURlZKZDFKRVRYUlJNRlY0VDFSWmVsRjZaM2RPYTFFMFRWUmpNMDU2VlhoTmVrMTRUVUU5UFE9PQ==,LAKE\RJ\2025\11\DOERJ_PARTE_I_PODER_EXECUTIVO_2025-11-24.md,D:\github\exoneracoes_nomeacoes_dou\saida\RJ\DOERJ_2025.csv,763,exoneracao,2025-11-06,do cargo em comissão de Superintendente,da Superintendência Operacional,18,sim,2025-11-06,do cargo em comissão de Superintendente,da Superintendência Operacional,18,nao,nao,,,
MARCELO DE OLIVEIRA JUNIOR,2,RJ,Diario Oficial do Estado do Rio de Janeiro,2026-01-05,2026,nomeacao,MARCELO DE OLIVEIRA JUNIOR,MARCELO DE OLIVEIRA JUNIOR,sim,MARCELO:MISC|Marcelo De Oliveira Junior:PER,para exercer o cargo em comissão de Ajudante I,,Parte I (Poder Executivo),https://www.ioerj.com.br/portal/modules/conteudoonline/mostra_edicao.php?session=VVZWS1JGSnFUWHBOUkZsMFRXcGtSMUY1TURCT2ExSkVURlJuTVUxRVdYUlBSRTAwVWtST1JGRnFiRUpTYTFVMVRWUmpNMDU2VlhoTmFsazBUMEU5UFE9PQ==,LAKE\RJ\2026\01\DOERJ_PARTE_I_PODER_EXECUTIVO_2026-01-05.md,D:\github\exoneracoes_nomeacoes_dou\saida\RJ\DOERJ_2026.csv,4181,exoneracao,2025-12-17,do cargo em comissão de Ajudante I,do Departamento de Trânsito do Estado do Rio de Janeiro - DETRAN_RJ,19,sim,2025-12-17,do cargo em comissão de Ajudante I,do Departamento de Trânsito do Estado do Rio de Janeiro - DETRAN_RJ,19,sim,nao,,,
MARCELO HESS DE AZEVEDO,2,RJ,Diario Oficial do Estado do Rio de Janeiro,2024-11-22,2024,nomeacao,MARCELO HESS DE AZEVEDO,MARCELO HESS DE AZEVEDO,sim,MARCELO HESS DE AZEVEDO:MISC|Marcelo Hess De Azevedo:PER,para exercer o cargo em comissão de Corregedor Geral,do Gabinete do Secre￾tário,Parte I (Poder Executivo),https://www.ioerj.com.br/portal/modules/conteudoonline/mostra_edicao.php?session=VVZWRk1FMUVUa1JPYTFsMFRrVkdRMDU1TURCU2Ewa3hURlJyZWsxcVZYUlNWRmt3VWxSSmVVMXFRVEZTYWxVd1RWUmpNMDU2VlhoUFJHTjZUbWM5UFE9PQ==,LAKE\RJ\2024\11\DOERJ_PARTE_I_PODER_EXECUTIVO_2024-11-22.md,D:\github\exoneracoes_nomeacoes_dou\saida\RJ\DOERJ_2024.csv,595,exoneracao,2024-11-22,do cargo em comissão de Assessor-Chefe,do Gabinete do Secretário,0,sim,2024-11-22,do cargo em comissão de Assessor-Chefe,do Gabinete do Secretário,0,sim,sim,,,
MARCIA CRISTINA CID LANDIM FERREIRA,2,RJ,Diario Oficial do Estado do Rio de Janeiro,2024-11-01,2024,nomeacao,MARCIA CRISTINA CID LANDIM FERREIRA,MARCIA CRISTINA CID LANDIM FERREIRA,sim,MARCIA CRISTINA CID:MISC|Cristina Cid Landim Ferreira:PER,,da Fundação Ani￾ta Mantuano de Artes do Estado do Rio de Janeiro - FUNARJ,Parte I (Poder Executivo),https://www.ioerj.com.br/portal/modules/conteudoonline/mostra_edicao.php?session=VFdwQ1JrOVZTa0pOYTBsMFVtdEpORkpwTURCUmFsWkdURlZHUTAxNlZYUk9hMWt6VFZSR1JVMUZXVFZPYWsxM1RWUmpNMDU2VlhoUFJHTTFUVkU5UFE9PQ==,LAKE\RJ\2024\11\DOERJ_PARTE_I_PODER_EXECUTIVO_2024-11-01.md,D:\github\exoneracoes_nomeacoes_dou\saida\RJ\DOERJ_2024.csv,1178,exoneracao,2024-11-01,do cargo em comissão de Encarregado II,da Fundação Anita Mantuano de Artes do Estado do Rio de Janeiro - FUNARJ,0,sim,2024-11-01,do cargo em comissão de Encarregado II,da Fundação Anita Mantuano de Artes do Estado do Rio de Janeiro - FUNARJ,0,nao,sim,,,
MARCIO LUIS SANTOS DA SILVA,2,RJ,Diario Oficial do Estado do Rio de Janeiro,2026-02-20,2026,nomeacao,MARCIO LUIS SANTOS DA SILVA,MARCIO LUIS SANTOS DA SILVA,sim,MARCIO:ORG|Marcio Luis Santos Da Silva:PER,para exercer o cargo em comissão de Ajudante I,da Fundação Anita Mantuano de Artes do Estado do Rio de Janeiro - FUNARJ,Parte I (Poder Executivo),https://www.ioerj.com.br/portal/modules/conteudoonline/mostra_edicao.php?session=VVhwbk5FOUVhM2RTYWsxMFRWUmplVkpUTURCT2FsRjVURlZLUkUxNlkzUk5WVTB6VGxSTk0wOVVRa2RQUkd0NlRWUmpNMDU2VlhoTlZFa3pUbmM5UFE9PQ==,LAKE\RJ\2026\02\DOERJ_PARTE_I_PODER_EXECUTIVO_2026-02-20.md,D:\github\exoneracoes_nomeacoes_dou\saida\RJ\DOERJ_2026.csv,2892,exoneracao,2026-02-11,do cargo em comissão de Assistente II,,9,sim,2026-02-11,do cargo em comissão de Assistente II,,9,sim,nao,,,
MARCIO NEVES DO VALLE,2,RJ,Diario Oficial do Estado do Rio de Janeiro,2025-11-17,2025,nomeacao,MARCIO NEVES DO VALLE,MARCIO NEVES DO VALLE,sim,MARCIO:ORG|VALLE:MISC|Marcio Neves Do Valle:PER,para exercer o cargo em comissão de Assessor Técnico,do Instituto Estadual do Ambiente - INEA,Parte I (Poder Executivo),https://www.ioerj.com.br/portal/modules/conteudoonline/mostra_edicao.php?session=VWxWUk5FMXFhRUpSYWxWMFVXcGFSbEpUTURCUFZFcEhURlZGTlZKRVdYUk5WVlpHVVZSYVJVNUVWVFJPYTFWNlRWUmpNMDU2VlhoTmVrMHlUV2M5UFE9PQ==,LAKE\RJ\2025\11\DOERJ_PARTE_I_PODER_EXECUTIVO_2025-11-17.md,D:\github\exoneracoes_nomeacoes_dou\saida\RJ\DOERJ_2025.csv,877,exoneracao,2025-11-17,do cargo em comissão de Gerente,do Instituto Estadual do Ambiente - INEA,0,sim,2025-11-17,do cargo em comissão de Gerente,do Instituto Estadual do Ambiente - INEA,0,sim,nao,,,
MARCIO SILVA RIBEIRO,2,RJ,Diario Oficial do Estado do Rio de Janeiro,2026-04-15,2026,nomeacao,MARCIO SILVA RIBEIRO,MARCIO SILVA RIBEIRO,sim,MARCIO:ORG|Marcio Silva Ribeiro:PER,do cargo em comissão de Assessor,do Gabinete de Segurança Institucional do Governo,Parte I (Poder Executivo),https://www.ioerj.com.br/portal/modules/conteudoonline/mostra_edicao.php?session=VG1wS1JGRlVXWGROZWxsMFQwUkplazlETURCUFZWSkNURlZKTlZKRldYUk5SVVV3VG10SmVrNUZXa1pTVlZrMFRWUmpNMDU2VlhkT2VrMTRUVkU5UFE9PQ==,LAKE\RJ\2026\04\DOERJ_PARTE_I_PODER_EXECUTIVO_2026-04-15.md,D:\github\exoneracoes_nomeacoes_dou\saida\RJ\DOERJ_2026.csv,910,exoneracao,2026-04-14,do cargo em comissão de Assessor,do Gabinete de Segurança Institucional do Governo,1,sim,2026-04-14,do cargo em comissão de Assessor,do Gabinete de Segurança Institucional do Governo,1,nao,nao,,,
MARCO ANTONIO SAMPAIO FILHO,2,RJ,Diario Oficial do Estado do Rio de Janeiro,2025-12-02,2025,nomeacao,MARCO ANTONIO SAMPAIO FILHO,MARCO ANTONIO SAMPAIO FILHO,sim,MARCO ANTONIO SAMPAIO FILHO:PER,para exercer o cargo em comissão de Coordenador,,Parte I (Poder Executivo),https://www.ioerj.com.br/portal/modules/conteudoonline/mostra_edicao.php?session=VW10TmVVOVZWWGxSYW1OMFRXcFZlRTlUTURCT2FtaERURlZGTWswd1NYUk5hMWw0VFVSYVJrMTZaM2RTVkdjd1RWUmpNMDU2VlhoTmVrVTBUbEU5UFE9PQ==,LAKE\RJ\2025\12\DOERJ_PARTE_I_PODER_EXECUTIVO_2025-12-02.md,D:\github\exoneracoes_nomeacoes_dou\saida\RJ\DOERJ_2025.csv,473,exoneracao,2025-12-02,do cargo em comissão de Assistente,,0,sim,2025-12-02,do cargo em comissão de Assistente,,0,sim,nao,,,
MARCO AURELIO DOS SANTOS PEREIRA,2,RJ,Diario Oficial do Estado do Rio de Janeiro,2026-03-10,2026,nomeacao,MARCO AURÉLIO DOS SANTOS PEREIRA,MARCO AURÉLIO DOS SANTOS PEREIRA,sim,MARCO AURÉLIO DOS SANTOS PEREIRA:MISC|Marco Aurélio Dos Santos Pereira:PER,para exercer o cargo em comissão de Assessor,da Superintendência de Paradesporto e Projetos Inclusivos,Parte I (Poder Executivo),https://www.ioerj.com.br/portal/modules/conteudoonline/mostra_edicao.php?session=VDBWWmVrOUZUa1JSYWtsMFVYcEtRMDFwTURCT1ZWVTFURlJuTUUxRlRYUk9WVmswVWtSVk5WSnFUa1JQUkZVeFRWUmpNMDU2VlhkUFZHczBUbmM5UFE9PQ==,LAKE\RJ\2026\03\DOERJ_PARTE_I_PODER_EXECUTIVO_2026-03-10.md,D:\github\exoneracoes_nomeacoes_dou\saida\RJ\DOERJ_2026.csv,2236,exoneracao,2026-01-06,do cargo em comissão de Assistente II,da Subsecretaria de Políticas Inclusivas,63,sim,2026-01-06,do cargo em comissão de Assistente II,da Subsecretaria de Políticas Inclusivas,63,sim,sim,,,
MARCO AURELIO DOS SANTOS PEREIRA,3,RJ,Diario Oficial do Estado do Rio de Janeiro,2026-03-10,2026,nomeacao,MARCO AURÉLIO DOS SANTOS PEREIRA,MARCO AURÉLIO DOS SANTOS PEREIRA,sim,MARCO AURÉLIO DOS SANTOS PEREIRA:MISC|Marco Aurélio Dos Santos Pereira:PER,para exercer o cargo em comissão de Assessor,da Subsecretaria de Polí- ticas Inclusivas,Parte I (Poder Executivo),https://www.ioerj.com.br/portal/modules/conteudoonline/mostra_edicao.php?session=VDBWWmVrOUZUa1JSYWtsMFVYcEtRMDFwTURCT1ZWVTFURlJuTUUxRlRYUk9WVmswVWtSVk5WSnFUa1JQUkZVeFRWUmpNMDU2VlhoTlZHTjVUVUU5UFE9PQ==,LAKE\RJ\2026\03\DOERJ_PARTE_I_PODER_EXECUTIVO_2026-03-10.md,D:\github\exoneracoes_nomeacoes_dou\saida\RJ\DOERJ_2026.csv,2951,nomeacao,2026-03-10,para exercer o cargo em comissão de Assessor,da Superintendência de Paradesporto e Projetos Inclusivos,0,sim,2026-01-06,do cargo em comissão de Assistente II,da Subsecretaria de Políticas Inclusivas,63,sim,sim,,,
MARCO AURELIO SAMPAIO LEITE,2,RJ,Diario Oficial do Estado do Rio de Janeiro,2026-03-23,2026,nomeacao,MARCO AURELIO SAMPAIO LEITE,MARCO AURELIO SAMPAIO LEITE,sim,MARCO AURELIO:MISC|Marco Aurelio Sampaio Leite:PER,para exercer o cargo de Subsecretário,da Subsecretaria Executiva,Parte I (Poder Executivo),https://www.ioerj.com.br/portal/modules/conteudoonline/mostra_edicao.php?session=VW1wQ1IwNTZSVE5SYTFsMFRWUkJNazVwTURCT01Fa3dURlJzUmxKVlVYUlBWR1JEVFdwc1IwNHdXWGROZWtFeFRWUmpNMDU2VlhkUFJHdDZUWGM5UFE9PQ==,LAKE\RJ\2026\03\DOERJ_PARTE_I_PODER_EXECUTIVO_2026-03-23.md,D:\github\exoneracoes_nomeacoes_dou\saida\RJ\DOERJ_2026.csv,1483,exoneracao,2026-03-23,do cargo em comissão de Assessor,da Subsecretaria Adjunta de Administração,0,sim,2026-03-23,do cargo em comissão de Assessor,da Subsecretaria Adjunta de Administração,0,sim,sim,,,
MARCOS ANTONIO DE JESUS SANTOS,2,RJ,Diario Oficial do Estado do Rio de Janeiro,2026-01-15,2026,nomeacao,MARCOS ANTONIO DE JESUS SANTOS,MARCOS ANTONIO DE JESUS SANTOS,sim,MARCOS ANTONIO DE JESUS SANTOS:PER,,da Superintendência de Paradesporto e Projetos Inclusivos,Parte I (Poder Executivo),https://www.ioerj.com.br/portal/modules/conteudoonline/mostra_edicao.php?session=VG5wWk0wNTZRWGRSYTBsMFVYcGpNVkY1TURCUFJWRTFURlJzUmxGNlVYUk9SRTVDVWxSWmVFMVVTWGRPZWxrMVRWUmpNMDU2VlhoTmFsRXdUVUU5UFE9PQ==,LAKE\RJ\2026\01\DOERJ_PARTE_I_PODER_EXECUTIVO_2026-01-15.md,D:\github\exoneracoes_nomeacoes_dou\saida\RJ\DOERJ_2026.csv,3873,exoneracao,2026-01-14,do cargo em comissão de Assessor,da Subsecretaria de Políticas Inclusivas,1,sim,2026-01-14,do cargo em comissão de Assessor,da Subsecretaria de Políticas Inclusivas,1,nao,sim,,,
MARCOS BUARQUE MONTENEGRO,2,RJ,Diario Oficial do Estado do Rio de Janeiro,2024-11-04,2024,nomeacao,MARCOS BUARQUE MONTENEGRO,MARCOS BUARQUE MONTENEGRO,sim,MARCOS BUARQUE MONTENEGRO:PER,para exercer o cargo em comissão de Assistente,da Subsecretaria do Tesouro do Estado do Rio de Janeiro,Parte I (Poder Executivo),https://www.ioerj.com.br/portal/modules/conteudoonline/mostra_edicao.php?session=VG1wbk1WSlZTa1pSVkZGMFRWUnNRMDFETURCU2EwWkRURlZKZUU5VVozUk5WRlV6VVZWRk0xSkZUa1ZQUlVVd1RWUmpNMDU2VlhoUFJHTTBUbWM5UFE9PQ==,LAKE\RJ\2024\11\DOERJ_PARTE_I_PODER_EXECUTIVO_2024-11-04.md,D:\github\exoneracoes_nomeacoes_dou\saida\RJ\DOERJ_2024.csv,1057,exoneracao,2024-11-04,do cargo de Superin￾tendente,da Superintendência de Gestão das Obriga￾ções,0,sim,2024-11-04,do cargo de Superin￾tendente,da Superintendência de Gestão das Obriga￾ções,0,sim,sim,,,
MARCOS FRANCA JARDIM,2,RJ,Diario Oficial do Estado do Rio de Janeiro,2026-02-05,2026,nomeacao,MARCOS FRANCA JARDIM,MARCOS FRANCA JARDIM,sim,MARCOS:MISC|FRANCA JARDIM:LOC|Marcos Franca Jardim:PER,,,Parte I (Poder Executivo),https://www.ioerj.com.br/portal/modules/conteudoonline/mostra_edicao.php?session=VDFSU1EwNUVSVFJQVlZGMFRVVldSVTlETURCUlZGRTBURlZKZWs5RVFYUk5SVkUwVDBSc1JsSkZVVEpPZW1zMVRWUmpNMDU2VlhoTmFrRXhUbWM5UFE9PQ==,LAKE\RJ\2026\02\DOERJ_PARTE_I_PODER_EXECUTIVO_2026-02-05.md,D:\github\exoneracoes_nomeacoes_dou\saida\RJ\DOERJ_2026.csv,3341,exoneracao,2026-02-04,do cargo em comissão de Assistente III,do Departamento de Trânsito do Estado do Rio de Janeiro - DETRAN_RJ,1,sim,2026-02-04,do cargo em comissão de Assistente III,do Departamento de Trânsito do Estado do Rio de Janeiro - DETRAN_RJ,1,nao,nao,,,
MARCOS ROCHA MATTOS,2,RJ,Diario Oficial do Estado do Rio de Janeiro,2024-10-29,2024,nomeacao,MARCOS ROCHA MATTOS,MARCOS ROCHA MATTOS,sim,MARCOS ROCHA MATTOS:PER,para exercer o cargo em comissão de Chefe de Serviço,do Departamento de Trânsito do Estado do Rio de Janeiro - DE￾TRAN/RJ,Parte I (Poder Executivo),https://www.ioerj.com.br/portal/modules/conteudoonline/mostra_edicao.php?session=VGtSTmVFMHdXVE5OYWxWMFRtcFJNRkZUTURCT1JHUkZURlZLUlUxRlVYUlJNRVUxVFdwWk1VMXFiRVZOYTFrelRWUmpNMDU2VlhoUFJHZDNUbWM5UFE9PQ==,LAKE\RJ\2024\10\DOERJ_PARTE_I_PODER_EXECUTIVO_2024-10-29.md,D:\github\exoneracoes_nomeacoes_dou\saida\RJ\DOERJ_2024.csv,1275,exoneracao,2024-10-29,do cargo em comissão de Coordenador,do Departamento de Trânsito do Estado do Rio de Janeiro - DETRAN/RJ,0,sim,2024-10-29,do cargo em comissão de Coordenador,do Departamento de Trânsito do Estado do Rio de Janeiro - DETRAN/RJ,0,sim,sim,,,
MARCUS VINICIUS FERNANDES DIAS,2,RJ,Diario Oficial do Estado do Rio de Janeiro,2024-10-22,2024,nomeacao,MARCUS VINÍCIUS FERNANDES DIAS,MARCUS VINÍCIUS FERNANDES DIAS,sim,MARCUS VINÍCIUS FERNANDES DIAS:PER,do cargo de Diretor Executivo,da Fundação Saúde do Estado do Rio de Janeiro,Parte I (Poder Executivo),https://www.ioerj.com.br/portal/modules/conteudoonline/mostra_edicao.php?session=VVdwcmQxRnJVVE5QUkZGMFRsVlJlVkpETURCT1JGRXpURlJyTUUxVlVYUk9SRVpIVVZSV1EwMVZUa1pQVlVwRlRWUmpNMDU2VlhoUFJHZDVUMEU5UFE9PQ==,LAKE\RJ\2024\10\DOERJ_PARTE_I_PODER_EXECUTIVO_2024-10-22.md,D:\github\exoneracoes_nomeacoes_dou\saida\RJ\DOERJ_2024.csv,1421,exoneracao,2024-10-22,do cargo de Diretor Executivo,da Fundação Saúde do Estado do Rio de Janeiro,0,sim,2024-10-22,do cargo de Diretor Executivo,da Fundação Saúde do Estado do Rio de Janeiro,0,nao,nao,,,
MARCUS VINICIUS MOTTA DA SILVA,2,RJ,Diario Oficial do Estado do Rio de Janeiro,2024-12-09,2024,nomeacao,MARCUS VINICIUS MOTTA DA SILVA,MARCUS VINICIUS MOTTA DA SILVA,sim,MARCUS VINICIUS MOTTA DA SILVA:MISC|Marcus Vinicius Motta Da Silva:PER,para exercer o cargo em comissão de Diretor de Divisão,do Departamento Geral de Administração e Fi￾nanças,Parte I (Poder Executivo),https://www.ioerj.com.br/portal/modules/conteudoonline/mostra_edicao.php?session=VVZSbmVsRnFVVFZOZWtsMFRqQk5ORTE1TURCUmVra3lURlZKZDFGVldYUlBWR3hFVVRCTk0wMXJVWGxPYWtaQ1RWUmpNMDU2VlhoUFJGazBUbmM5UFE9PQ==,LAKE\RJ\2024\12\DOERJ_PARTE_I_PODER_EXECUTIVO_2024-12-09.md,D:\github\exoneracoes_nomeacoes_dou\saida\RJ\DOERJ_2024.csv,242,exoneracao,2024-12-09,do cargo em comissão de Assistente II,do Departamento Geral de Administração e Finanças,0,sim,2024-12-09,do cargo em comissão de Assistente II,do Departamento Geral de Administração e Finanças,0,sim,sim,,,
MARIA EDUARDA DE MAGALHAES DUBIEL DE SOUZA,2,RJ,Diario Oficial do Estado do Rio de Janeiro,2024-11-11,2024,nomeacao,MARIA EDUARDA DE MAGALHÃES DUBIEL DE SOUZA,MARIA EDUARDA DE MAGALHÃES DUBIEL DE SOUZA,sim,MARIA EDUARDA DE MAGALHÃES DUBIEL DE SOUZA:MISC|Maria Eduarda:PER,da Assessoria de Planejamento,do Departamento de Transportes Rodoviários do Estado do Rio de Janeiro - DE￾TRO/RJ,Parte I (Poder Executivo),https://www.ioerj.com.br/portal/modules/conteudoonline/mostra_edicao.php?session=VFdwRk5WSnFTVFZQUkZWMFRWUlplRkpwTURCTmVrRjVURlZLUlZGNlRYUlJWVlV4VGpCSmVsRlVVa1pOZW1zd1RWUmpNMDU2VlhoUFJHTXlUV2M5UFE9PQ==,LAKE\RJ\2024\11\DOERJ_PARTE_I_PODER_EXECUTIVO_2024-11-11.md,D:\github\exoneracoes_nomeacoes_dou\saida\RJ\DOERJ_2024.csv,804,exoneracao,2024-11-11,do cargo em comissão de Assessor,,0,sim,2024-11-11,do cargo em comissão de Assessor,,0,sim,nao,,,
MARIA EDUARDA DOS SANTOS,2,RJ,Diario Oficial do Estado do Rio de Janeiro,2025-12-26,2025,nomeacao,MARIA EDUARDA DOS SANTOS,MARIA EDUARDA DOS SANTOS,sim,MARIA EDUARDA:MISC|Maria Eduarda Dos Santos:PER,para exercer o cargo em comissão de Ajudante I,,Parte I (Poder Executivo),https://www.ioerj.com.br/portal/modules/conteudoonline/mostra_edicao.php?session=VG10RmVGRjZRVFZPVlZGMFVXcFZlVkpUTURCT2VrNUhURlJvUkU5RVJYUk9hMHBHVFdwUk0wMVZTVEZTYWtaRVRWUmpNMDU2VlhoTmFtTXpUWGM5UFE9PQ==,LAKE\RJ\2025\12\DOERJ_PARTE_I_PODER_EXECUTIVO_2025-12-26.md,D:\github\exoneracoes_nomeacoes_dou\saida\RJ\DOERJ_2025.csv,28,exoneracao,2025-11-19,do cargo em comissão de Assistente II,,37,sim,2025-11-19,do cargo em comissão de Assistente II,,37,sim,nao,,,
MARIA FERNANDA BROWN DA SILVA,2,RJ,Diario Oficial do Estado do Rio de Janeiro,2024-10-02,2024,nomeacao,MARIA FERNANDA BROWN DA SILVA,MARIA FERNANDA BROWN DA SILVA,sim,MARIA FERNANDA BROWN DA SILVA:PER,para exercer o cargo em comissão de Superintendente,da Superintendência de Assistência Especializada,Parte I (Poder Executivo),https://www.ioerj.com.br/portal/modules/conteudoonline/mostra_edicao.php?session=VWxWRk0wOVVRa1pQUkZsMFRsUlNSRkY1TURCU1JVNUNURlZGTlU5VlNYUlJWR2hFVGxSU1JFNVVWVEpTUkVaQ1RWUmpNMDU2VlhoUFJHYzFUV2M5UFE9PQ==,LAKE\RJ\2024\10\DOERJ_PARTE_I_PODER_EXECUTIVO_2024-10-02.md,D:\github\exoneracoes_nomeacoes_dou\saida\RJ\DOERJ_2024.csv,1849,exoneracao,2024-10-02,do cargo em comissão de Ajudante I,da Fundação Leão XIII,0,sim,2024-10-02,do cargo em comissão de Ajudante I,da Fundação Leão XIII,0,sim,sim,,,
MARIA GABRIELA BESSA DA SILVA,2,RJ,Diario Oficial do Estado do Rio de Janeiro,2026-03-20,2026,nomeacao,MARIA GABRIELA BESSA DA SILVA,MARIA GABRIELA BESSA DA SILVA,sim,MARIA GABRIELA BESSA DA SILVA:PER,para exercer o cargo de Secretária de Estado,,Parte I (Poder Executivo),https://www.ioerj.com.br/portal/modules/conteudoonline/mostra_edicao.php?session=VVhwR1EwNUZWVEJSYTBsMFQxVk5kMDlUTURCTk1Fa3hURlZKZWxKRlJYUk5NRkpEVVZWRk1sRXdUWGRPVlZWM1RWUmpNMDU2VlhkUFZFRTBUbmM5UFE9PQ==,LAKE\RJ\2026\03\DOERJ_PARTE_I_PODER_EXECUTIVO_2026-03-20.md,D:\github\exoneracoes_nomeacoes_dou\saida\RJ\DOERJ_2026.csv,1605,exoneracao,2026-03-20,do cargo de Chefe de Gabinete,,0,sim,2026-03-20,do cargo de Chefe de Gabinete,,0,sim,nao,,,
MARIA GISELE BASTOS SOARES DE FARIAS,2,RJ,Diario Oficial do Estado do Rio de Janeiro,2024-11-12,2024,nomeacao,MARIA GISELE BASTOS SOARES DE FARIAS,MARIA GISELE BASTOS SOARES DE FARIAS,sim,MARIA GISELE:PER,para exercer o cargo em comissão de Coor￾denador,da Superintendência de Acompanhamento Fiscal,Parte I (Poder Executivo),https://www.ioerj.com.br/portal/modules/conteudoonline/mostra_edicao.php?session=VGxWRk1VNUVhekZPYWtGMFRWUk5NbEpwTURCU1JFRjZURlJyZWs0d1dYUlJWRWsxVVdwck1sSlVTa1JOZWxwSFRWUmpNMDU2VlhoUFJHTXhUbmM5UFE9PQ==,LAKE\RJ\2024\11\DOERJ_PARTE_I_PODER_EXECUTIVO_2024-11-12.md,D:\github\exoneracoes_nomeacoes_dou\saida\RJ\DOERJ_2024.csv,735,exoneracao,2024-11-12,do cargo em comissão de Assistente,da Subsecretaria do Tesouro do Estado do Rio de Ja￾neiro,0,sim,2024-11-12,do cargo em comissão de Assistente,da Subsecretaria do Tesouro do Estado do Rio de Ja￾neiro,0,sim,sim,,,
MARIA HELENA BARROSO RIBEIRO,2,RJ,Diario Oficial do Estado do Rio de Janeiro,2026-02-11,2026,nomeacao,MARIA HELENA BARROSO RIBEIRO,MARIA HELENA BARROSO RIBEIRO,sim,MARIA:PER,,da Superintendência de Planejamento e Integração das Redes,Parte I (Poder Executivo),https://www.ioerj.com.br/portal/modules/conteudoonline/mostra_edicao.php?session=VFZSR1EwMHdWWGhPVkUxMFRYcEdRMDFETURCT1ZHUkdURlZGZWxGcVJYUk9lbXQ1VG1wbk5WSkVXa1ZSYTFVd1RWUmpNMDU2VlhoTlZHc3lUbmM5UFE9PQ==,LAKE\RJ\2026\02\DOERJ_PARTE_I_PODER_EXECUTIVO_2026-02-11.md,D:\github\exoneracoes_nomeacoes_dou\saida\RJ\DOERJ_2026.csv,3176,exoneracao,2026-02-10,,da Superintendência de Planeja￾mento e Integração Das Redes,1,sim,2026-02-10,,da Superintendência de Planeja￾mento e Integração Das Redes,1,nao,sim,,,
MARIA LUCINEIDE SILVA PINHEIRO,2,RJ,Diario Oficial do Estado do Rio de Janeiro,2026-03-04,2026,nomeacao,MARIA LUCINEIDE SILVA PINHEIRO,MARIA LUCINEIDE SILVA PINHEIRO,sim,MARIA LUCINEIDE SILVA PINHEIRO:PER,,,Parte I (Poder Executivo),https://www.ioerj.com.br/portal/modules/conteudoonline/mostra_edicao.php?session=VG5wT1IwMVVhRUpOUlVsMFVWUnNSazVUTURCUmFscEZURlZGTTA1RVozUlJWR1JGVWtWUk5GSlVhelJSVkZKRlRWUmpNMDU2VlhoTlJGRjZUVUU5UFE9PQ==,LAKE\RJ\2026\03\DOERJ_PARTE_I_PODER_EXECUTIVO_2026-03-04.md,D:\github\exoneracoes_nomeacoes_dou\saida\RJ\DOERJ_2026.csv,2506,exoneracao,2026-03-02,do cargo em comissão de Assistente II,da Fundação Leão XIII,2,sim,2026-03-02,do cargo em comissão de Assistente II,da Fundação Leão XIII,2,nao,nao,,,
MARIA LUIZA DELGADO DE MEDEIROS,2,RJ,Diario Oficial do Estado do Rio de Janeiro,2024-11-07,2024,nomeacao,MARIA LUIZA DELGADO DE MEDEIROS,MARIA LUIZA DELGADO DE MEDEIROS,sim,MARIA LUIZA DELGADO:PER,para exercer o cargo em comissão de Coordenador,da Superintendência de Gestão das Regionais Administrativas,Parte I (Poder Executivo),https://www.ioerj.com.br/portal/modules/conteudoonline/mostra_edicao.php?session=VDFST1FsRnFVVE5PVkd0MFRWUmFSazlETURCU1ZHc3pURlZHUWxKRlNYUlJWVkpFVDBWV1IxSlZTa2RPVkVrMVRWUmpNMDU2VlhoUFJHTXpUVkU5UFE9PQ==,LAKE\RJ\2024\11\DOERJ_PARTE_I_PODER_EXECUTIVO_2024-11-07.md,D:\github\exoneracoes_nomeacoes_dou\saida\RJ\DOERJ_2024.csv,894,exoneracao,2024-11-07,do cargo em comissão de Assistente,da Superintendência de Gestão das Re￾gionais Administrativas,0,sim,2024-11-07,do cargo em comissão de Assistente,da Superintendência de Gestão das Re￾gionais Administrativas,0,sim,sim,,,
MARIANNA SEVERO DE SOUZA,2,RJ,Diario Oficial do Estado do Rio de Janeiro,2024-11-14,2024,nomeacao,MARIANNA SEVERO DE SOUZA,MARIANNA SEVERO DE SOUZA,sim,MARIANNA SEVERO DE SOUZA:MISC|Marianna Severo De Souza:PER,para exercer o cargo em comissão de Adjunto I,do Instituto Estadual do Ambiente - INEA,Parte I (Poder Executivo),https://www.ioerj.com.br/portal/modules/conteudoonline/mostra_edicao.php?session=VWxSbk5FMHdVWGhQVlZWMFVXcEtRMDE1TURCU1JGcEhURlJvUWxGNlZYUk9lbHBDVFhwWk5WRXdUWHBTYTBaRVRWUmpNMDU2VlhoUFJHTXdUbWM5UFE9PQ==,LAKE\RJ\2024\11\DOERJ_PARTE_I_PODER_EXECUTIVO_2024-11-14.md,D:\github\exoneracoes_nomeacoes_dou\saida\RJ\DOERJ_2024.csv,667,exoneracao,2024-11-14,do cargo em comissão de Assessor Técnico,do Instituto Estadual do Ambiente - INEA,0,sim,2024-11-14,do cargo em comissão de Assessor Técnico,do Instituto Estadual do Ambiente - INEA,0,sim,nao,,,
MARINA RODRIGUES ARAUJO,2,RJ,Diario Oficial do Estado do Rio de Janeiro,2024-12-05,2024,nomeacao,MARINA RODRIGUES ARAUJO,MARINA RODRIGUES ARAUJO,sim,MARINA RODRIGUES ARAUJO:MISC|Marina Rodrigues:PER,,da Fundação Museu da Imagem e do Som - FMIS,Parte I (Poder Executivo),https://www.ioerj.com.br/portal/modules/conteudoonline/mostra_edicao.php?session=VWtWT1FrOUVRa05OYWtGMFRXcFdRMUZUTURCTmVrRXdURlZKTlU1RVozUlBWR016VFhwQ1JrMTZTWGRPUkZwSFRWUmpNMDU2VlhoUFJGazFUbWM5UFE9PQ==,LAKE\RJ\2024\12\DOERJ_PARTE_I_PODER_EXECUTIVO_2024-12-05.md,D:\github\exoneracoes_nomeacoes_dou\saida\RJ\DOERJ_2024.csv,358,exoneracao,2024-12-05,do cargo em comissão de Assistente,da Fundação Mu￾seu da Imagem e do Som - FMIS,0,sim,2024-12-05,do cargo em comissão de Assistente,da Fundação Mu￾seu da Imagem e do Som - FMIS,0,nao,sim,,,
MARISE HALABI MIRANDA,2,RJ,Diario Oficial do Estado do Rio de Janeiro,2024-12-06,2024,nomeacao,MARISE HALABI MIRANDA,MARISE HALABI MIRANDA,sim,MARISE:MISC|Marise Halabi Miranda:PER,,da Subsecretaria de Re￾lações Governamentais,Parte I (Poder Executivo),https://www.ioerj.com.br/portal/modules/conteudoonline/mostra_edicao.php?session=VFZWU1JFOVVUVFZSVkZGMFRucFZOVkZUTURCU1ZWRXdURlJuTkU1VVFYUk9la1pIVWxWUk1WRXdXWHBOYTFGNFRWUmpNMDU2VlhoUFJGazFUV2M5UFE9PQ==,LAKE\RJ\2024\12\DOERJ_PARTE_I_PODER_EXECUTIVO_2024-12-06.md,D:\github\exoneracoes_nomeacoes_dou\saida\RJ\DOERJ_2024.csv,265,exoneracao,2024-12-06,do cargo de Subsecretário Adjunto,da Subsecretaria de Parcerias e Projetos Estratégicos,0,sim,2024-12-06,do cargo de Subsecretário Adjunto,da Subsecretaria de Parcerias e Projetos Estratégicos,0,nao,sim,,,
MARISE HALABI MIRANDA,3,RJ,Diario Oficial do Estado do Rio de Janeiro,2026-03-20,2026,nomeacao,MARISE HALABI MIRANDA,MARISE HALABI MIRANDA,sim,MARISE:MISC|Marise Halabi Miranda:PER,para exercer o cargo de Subsecretária Adjunto,da Subsecretaria de Ações Comunitárias e Empreendedorismo,Parte I (Poder Executivo),https://www.ioerj.com.br/portal/modules/conteudoonline/mostra_edicao.php?session=VVhwR1EwNUZWVEJSYTBsMFQxVk5kMDlUTURCTk1Fa3hURlZKZWxKRlJYUk5NRkpEVVZWRk1sRXdUWGRPVlZWM1RWUmpNMDU2VlhkUFZFRTBUbmM5UFE9PQ==,LAKE\RJ\2026\03\DOERJ_PARTE_I_PODER_EXECUTIVO_2026-03-20.md,D:\github\exoneracoes_nomeacoes_dou\saida\RJ\DOERJ_2026.csv,1607,nomeacao,2024-12-06,,da Subsecretaria de Re￾lações Governamentais,469,sim,2024-12-06,do cargo de Subsecretário Adjunto,da Subsecretaria de Parcerias e Projetos Estratégicos,469,sim,sim,,,
MARTA LEPIANI ARTIGAS,2,RJ,Diario Oficial do Estado do Rio de Janeiro,2024-12-06,2024,nomeacao,MARTA LEPIANI ARTIGAS,MARTA LEPIANI ARTIGAS,sim,MARTA:ORG|LEPIANI ARTIGAS:PER,,,Parte I (Poder Executivo),https://www.ioerj.com.br/portal/modules/conteudoonline/mostra_edicao.php?session=VFZWU1JFOVVUVFZSVkZGMFRucFZOVkZUTURCU1ZWRXdURlJuTkU1VVFYUk9la1pIVWxWUk1WRXdXWHBOYTFGNFRWUmpNMDU2VlhoUFJGazFUV2M5UFE9PQ==,LAKE\RJ\2024\12\DOERJ_PARTE_I_PODER_EXECUTIVO_2024-12-06.md,D:\github\exoneracoes_nomeacoes_dou\saida\RJ\DOERJ_2024.csv,269,exoneracao,2024-12-06,do cargo em comissão de Assessor,,0,sim,2024-12-06,do cargo em comissão de Assessor,,0,nao,nao,,,
MATEUS KAWARI DOS SANTOS TEVA,2,RJ,Diario Oficial do Estado do Rio de Janeiro,2024-11-07,2024,nomeacao,MATEUS KAWARI DOS SANTOS TEVA,MATEUS KAWARI DOS SANTOS TEVA,sim,MATEUS:MISC|KAWARI DOS:MISC|Mateus Kawari Dos Santos:PER,,do Instituto Estadual do Ambiente - INEA,Parte I (Poder Executivo),https://www.ioerj.com.br/portal/modules/conteudoonline/mostra_edicao.php?session=VDFST1FsRnFVVE5PVkd0MFRWUmFSazlETURCU1ZHc3pURlZHUWxKRlNYUlJWVkpFVDBWV1IxSlZTa2RPVkVrMVRWUmpNMDU2VlhoUFJHTXpUVkU5UFE9PQ==,LAKE\RJ\2024\11\DOERJ_PARTE_I_PODER_EXECUTIVO_2024-11-07.md,D:\github\exoneracoes_nomeacoes_dou\saida\RJ\DOERJ_2024.csv,899,exoneracao,2024-11-04,do cargo em comissão de Adjunto I,do Instituto Estadual do Ambiente - INEA,3,sim,2024-11-04,do cargo em comissão de Adjunto I,do Instituto Estadual do Ambiente - INEA,3,nao,nao,,,
MATHEUS LOPES SILVA DA COSTA,2,RJ,Diario Oficial do Estado do Rio de Janeiro,2025-11-07,2025,nomeacao,MATHEUS LOPES SILVA DA COSTA,MATHEUS LOPES SILVA DA COSTA,sim,MATHEUS LOPES SILVA:PER,,da Superintendência de Gestão do SUAS,Parte I (Poder Executivo),https://www.ioerj.com.br/portal/modules/conteudoonline/mostra_edicao.php?session=VWtWUk0wMVVSa1pOVlUxMFVUQkZlVkpUTURCU1JFbDRURlZKTTFGcVNYUlBWRVV6VFdwSmQwMXJTVEZTVkVKR1RWUmpNMDU2VlhoTmVsRXlUbmM5UFE9PQ==,LAKE\RJ\2025\11\DOERJ_PARTE_I_PODER_EXECUTIVO_2025-11-07.md,D:\github\exoneracoes_nomeacoes_dou\saida\RJ\DOERJ_2025.csv,1084,exoneracao,2025-11-07,do cargo em comissão de Assessor,,0,sim,2025-11-07,do cargo em comissão de Assessor,,0,nao,nao,,,
MATHEUS MENDONCA PINHEIRO,2,RJ,Diario Oficial do Estado do Rio de Janeiro,2026-03-17,2026,nomeacao,MATHEUS MENDONCA PINHEIRO,MATHEUS MENDONCA PINHEIRO,sim,MATHEUS:MISC|Matheus Mendonca Pinheiro:PER,,da Superintendência de Comunicação,Parte I (Poder Executivo),https://www.ioerj.com.br/portal/modules/conteudoonline/mostra_edicao.php?session=VDFWYVJWSnFTWGhOTUVWMFQxUlpNVkZwTURCUFZGWkVURlZHUms5RVFYUlNhMFpIVGtSc1JWRlVUVFZPUkdSSFRWUmpNMDU2VlhkUFZGVjRUbWM5UFE9PQ==,LAKE\RJ\2026\03\DOERJ_PARTE_I_PODER_EXECUTIVO_2026-03-17.md,D:\github\exoneracoes_nomeacoes_dou\saida\RJ\DOERJ_2026.csv,1917,exoneracao,2026-03-05,do cargo em comissão de Superintendente,da Superintendência de Tecnologia da Informação,12,sim,2026-03-05,do cargo em comissão de Superintendente,da Superintendência de Tecnologia da Informação,12,nao,sim,,,
MAURICIO DA SILVA CATARINA,2,RJ,Diario Oficial do Estado do Rio de Janeiro,2024-12-10,2024,nomeacao,MAURICIO DA SILVA CATARINA,MAURICIO DA SILVA CATARINA,sim,MAURICIO DA SILVA CATARINA:PER,para exercer o cargo em comissão de Assistente II,da Subsecretaria de Vigilância e Atenção Primária à Saú￾de,Parte I (Poder Executivo),https://www.ioerj.com.br/portal/modules/conteudoonline/mostra_edicao.php?session=VFhwbmQwNXJWa0pOVlVsMFVWUk5NMDE1TURCT1JFVTBURlZHUkZGVldYUlJWRnBIVFd0T1IwMXFXWGROZWxWNFRWUmpNMDU2VlhoUFJGazBUWGM5UFE9PQ==,LAKE\RJ\2024\12\DOERJ_PARTE_I_PODER_EXECUTIVO_2024-12-10.md,D:\github\exoneracoes_nomeacoes_dou\saida\RJ\DOERJ_2024.csv,202,exoneracao,2024-12-10,do cargo em comissão de Chefe de Setor,da Subsecretaria de Vigilância e Atenção Primária à Saúde,0,sim,2024-12-10,do cargo em comissão de Chefe de Setor,da Subsecretaria de Vigilância e Atenção Primária à Saúde,0,sim,sim,,,
MAYCON NUNES DE OLIVEIRA,2,RJ,Diario Oficial do Estado do Rio de Janeiro,2024-11-12,2024,nomeacao,MAYCON NUNES DE OLIVEIRA,MAYCON NUNES DE OLIVEIRA,sim,MAYCON NUNES DE OLIVEIRA:MISC|Maycon Nunes De Oliveira:PER,para exercer o cargo em comissão de Assessor,,Parte I (Poder Executivo),https://www.ioerj.com.br/portal/modules/conteudoonline/mostra_edicao.php?session=VGxWRk1VNUVhekZPYWtGMFRWUk5NbEpwTURCU1JFRjZURlJyZWs0d1dYUlJWRWsxVVdwck1sSlVTa1JOZWxwSFRWUmpNMDU2VlhoUFJHTXhUbmM5UFE9PQ==,LAKE\RJ\2024\11\DOERJ_PARTE_I_PODER_EXECUTIVO_2024-11-12.md,D:\github\exoneracoes_nomeacoes_dou\saida\RJ\DOERJ_2024.csv,721,exoneracao,2024-11-11,do Cargo de Confiança de Assessor II,,1,sim,2024-11-11,do Cargo de Confiança de Assessor II,,1,sim,nao,,,
MICHELE MARTINS DA COSTA BARROSO,2,RJ,Diario Oficial do Estado do Rio de Janeiro,2024-11-07,2024,nomeacao,MICHELE MARTINS DA COSTA BARROSO,MICHELE MARTINS DA COSTA BARROSO,sim,MICHELE MARTINS:MISC|COSTA BARROSO:MISC|Michele Martins Da Costa Barroso:PER,para exercer o cargo em comissão de Assessor,,Parte I (Poder Executivo),https://www.ioerj.com.br/portal/modules/conteudoonline/mostra_edicao.php?session=VDFST1FsRnFVVE5PVkd0MFRWUmFSazlETURCU1ZHc3pURlZHUWxKRlNYUlJWVkpFVDBWV1IxSlZTa2RPVkVrMVRWUmpNMDU2VlhoUFJHTXpUVkU5UFE9PQ==,LAKE\RJ\2024\11\DOERJ_PARTE_I_PODER_EXECUTIVO_2024-11-07.md,D:\github\exoneracoes_nomeacoes_dou\saida\RJ\DOERJ_2024.csv,914,exoneracao,2024-11-07,do cargo em comissão de Assessor,,0,sim,2024-11-07,do cargo em comissão de Assessor,,0,sim,nao,,,
MICHELLE DE FREITAS EL-CHAER,2,RJ,Diario Oficial do Estado do Rio de Janeiro,2025-11-07,2025,nomeacao,MICHELLE DE FREITAS EL-CHAER,MICHELLE DE FREITAS EL-CHAER,sim,MICHELLE DE FREITAS:LOC|Michelle De Freitas El-Chaer:PER,,da Superintendência de Prote- ção Social Especial,Parte I (Poder Executivo),https://www.ioerj.com.br/portal/modules/conteudoonline/mostra_edicao.php?session=VWtWUk0wMVVSa1pOVlUxMFVUQkZlVkpUTURCU1JFbDRURlZKTTFGcVNYUlBWRVV6VFdwSmQwMXJTVEZTVkVKR1RWUmpNMDU2VlhoTmVsRXlUbmM5UFE9PQ==,LAKE\RJ\2025\11\DOERJ_PARTE_I_PODER_EXECUTIVO_2025-11-07.md,D:\github\exoneracoes_nomeacoes_dou\saida\RJ\DOERJ_2025.csv,1080,exoneracao,2025-11-07,do cargo em comissão de Superintendente,,0,sim,2025-11-07,do cargo em comissão de Superintendente,,0,nao,nao,,,
MOISES FREITAS DE OLIVEIRA GOMES,2,RJ,Diario Oficial do Estado do Rio de Janeiro,2025-12-23,2025,nomeacao,MOISES FREITAS DE OLIVEIRA GOMES,MOISES FREITAS DE OLIVEIRA GOMES,sim,FREITAS DE OLIVEIRA GOMES:MISC|Moises Freitas:PER,para exercer o cargo em comissão de Assistente II,do Departamento de Transportes Rodoviários do Es- tado do Rio de Janeiro - DETRO,Parte I (Poder Executivo),https://www.ioerj.com.br/portal/modules/conteudoonline/mostra_edicao.php?session=VGtST1JVOUVWa05SZWxsMFVrUkJlRTVwTURCT01Ga3hURlZKZWs5RlRYUk5hbU15VG5wb1IwMHdUa05OZWxWM1RWUmpNMDU2VlhoTmFtTTFUWGM5UFE9PQ==,LAKE\RJ\2025\12\DOERJ_PARTE_I_PODER_EXECUTIVO_2025-12-23.md,D:\github\exoneracoes_nomeacoes_dou\saida\RJ\DOERJ_2025.csv,71,exoneracao,2025-12-19,do cargo em comissão de Assistente II,,4,sim,2025-12-19,do cargo em comissão de Assistente II,,4,sim,nao,,,
MONICA DA SILVA ALVES,3,RJ,Diario Oficial do Estado do Rio de Janeiro,2026-03-06,2026,nomeacao,MONICA DA SILVA ALVES,MONICA DA SILVA ALVES,sim,MONICA:MISC|Monica Da Silva Alves:PER,,,Parte I (Poder Executivo),https://www.ioerj.com.br/portal/modules/conteudoonline/mostra_edicao.php?session=VGxSS1ExRnFXa1JSYWxGMFVYcENRMUY1TURCUFJWbDRURlJvUWs1clRYUlJWVTVGVGxSTk0wNTZSa0pOYWs1R1RWUmpNMDU2VlhoTlJFa3hUVkU5UFE9PQ==,LAKE\RJ\2026\03\DOERJ_PARTE_I_PODER_EXECUTIVO_2026-03-06.md,D:\github\exoneracoes_nomeacoes_dou\saida\RJ\DOERJ_2026.csv,2443,exoneracao,2025-12-01,do cargo em comissão de Assessor,,95,sim,2025-12-01,do cargo em comissão de Assessor,,95,nao,nao,,,
MONICA DA SILVA ALVES,4,RJ,Diario Oficial do Estado do Rio de Janeiro,2026-03-06,2026,nomeacao,MONICA DA SILVA ALVES,MONICA DA SILVA ALVES,sim,MONICA:MISC|Monica Da Silva Alves:PER,,,Parte I (Poder Executivo),https://www.ioerj.com.br/portal/modules/conteudoonline/mostra_edicao.php?session=VGxSS1ExRnFXa1JSYWxGMFVYcENRMUY1TURCUFJWbDRURlJvUWs1clRYUlJWVTVGVGxSTk0wNTZSa0pOYWs1R1RWUmpNMDU2VlhoTlZHTXpUbmM5UFE9PQ==,LAKE\RJ\2026\03\DOERJ_PARTE_I_PODER_EXECUTIVO_2026-03-06.md,D:\github\exoneracoes_nomeacoes_dou\saida\RJ\DOERJ_2026.csv,3023,nomeacao,2026-03-06,,,0,sim,2025-12-01,do cargo em comissão de Assessor,,95,nao,nao,,,
MONICA ELISE REBOUCAS GOMES,2,RJ,Diario Oficial do Estado do Rio de Janeiro,2025-11-14,2025,nomeacao,MONICA ELISE REBOUÇAS GOMES,MONICA ELISE REBOUÇAS GOMES,sim,MONICA:MISC|Monica Elise Rebouças Gomes:PER,para exercer o cargo em comissão de Assessor,da Subsecretaria de Grandes Eventos e Ações de Promoção Governamental,Parte I (Poder Executivo),https://www.ioerj.com.br/portal/modules/conteudoonline/mostra_edicao.php?session=VWtSak0xSlVaekJOYW1OMFRYcEdSazVETURCTmVrVjNURlZGTUUxclNYUlJhMWt5VGxWWk0wMHdXVEJTYTA1Q1RWUmpNMDU2VlhoTmVsRjNUbWM5UFE9PQ==,LAKE\RJ\2025\11\DOERJ_PARTE_I_PODER_EXECUTIVO_2025-11-14.md,D:\github\exoneracoes_nomeacoes_dou\saida\RJ\DOERJ_2025.csv,927,exoneracao,2025-11-14,do cargo em comissão de Diretor Geral,da Fundação Leão XIII,0,sim,2025-11-14,do cargo em comissão de Diretor Geral,da Fundação Leão XIII,0,sim,sim,,,
MOZART JUNQUEIRA RIBEIRO,3,RJ,Diario Oficial do Estado do Rio de Janeiro,2025-11-05,2025,nomeacao,MOZART JUNQUEIRA RIBEIRO,MOZART JUNQUEIRA RIBEIRO,sim,JUNQUEIRA RIBEIRO:PER,,da Subsecretaria Técnica de Energia e Economia do Mar,Parte I (Poder Executivo),https://www.ioerj.com.br/portal/modules/conteudoonline/mostra_edicao.php?session=VFZSV1JVNVZXWGxPZWtGMFRsUm9SVTlUTURCT2Fsa3dURlJzUjAxcVRYUk9SVVV3VW1wVmVVOUZUa05SZWxwR1RWUmpNMDU2VlhoTmVsVjZUMEU5UFE9PQ==,LAKE\RJ\2025\11\DOERJ_PARTE_I_PODER_EXECUTIVO_2025-11-05.md,D:\github\exoneracoes_nomeacoes_dou\saida\RJ\DOERJ_2025.csv,1202,exoneracao,2025-11-05,do cargo em comissão de Assessor,da Subsecretaria Ad- junta de Energia,0,sim,2025-11-05,do cargo em comissão de Assessor,da Subsecretaria Ad- junta de Energia,0,nao,sim,,,
MURILO MELO ALEXANDRE,2,RJ,Diario Oficial do Estado do Rio de Janeiro,2025-11-28,2025,nomeacao,MURILO MELO ALEXANDRE,MURILO MELO ALEXANDRE,sim,MURILO MELO ALEXANDRE:MISC|Murilo Melo Alexandre:PER,,da Subsecretaria de Gestão Portuária e Atividades Navais,Parte I (Poder Executivo),https://www.ioerj.com.br/portal/modules/conteudoonline/mostra_edicao.php?session=VFdwQk5VOVZTVEpSTUZsMFRWVkdSMDlUTURCTk1GcEhURlZKTTFGNlJYUk5hbXhGVGtSRk1sRnFhRVpSYTBsM1RWUmpNMDU2VlhoTmVrbDZUbEU5UFE9PQ==,LAKE\RJ\2025\11\DOERJ_PARTE_I_PODER_EXECUTIVO_2025-11-28.md,D:\github\exoneracoes_nomeacoes_dou\saida\RJ\DOERJ_2025.csv,581,exoneracao,2025-11-27,do cargo em comissão de Adjunto II,da Fundação Anita Mantuano de Artes do Estado do Rio de Janeiro - FUNARJ,1,sim,2025-11-27,do cargo em comissão de Adjunto II,da Fundação Anita Mantuano de Artes do Estado do Rio de Janeiro - FUNARJ,1,nao,sim,,,
NATALIA RODRIGUES GOMES,2,RJ,Diario Oficial do Estado do Rio de Janeiro,2025-11-07,2025,nomeacao,NATÁLIA RODRIGUES GOMES,NATÁLIA RODRIGUES GOMES,sim,Natália Rodrigues Gomes:PER,,,Parte I (Poder Executivo),https://www.ioerj.com.br/portal/modules/conteudoonline/mostra_edicao.php?session=VWtWUk0wMVVSa1pOVlUxMFVUQkZlVkpUTURCU1JFbDRURlZKTTFGcVNYUlBWRVV6VFdwSmQwMXJTVEZTVkVKR1RWUmpNMDU2VlhoTmVsRXlUbmM5UFE9PQ==,LAKE\RJ\2025\11\DOERJ_PARTE_I_PODER_EXECUTIVO_2025-11-07.md,D:\github\exoneracoes_nomeacoes_dou\saida\RJ\DOERJ_2025.csv,1053,exoneracao,2025-11-04,do cargo em comissão de Diretor Adjunto,do Instituto Estadual do Ambiente - INEA,3,sim,2025-11-04,do cargo em comissão de Diretor Adjunto,do Instituto Estadual do Ambiente - INEA,3,nao,nao,,,
NATALIA SAVES DE TOLEDO,2,RJ,Diario Oficial do Estado do Rio de Janeiro,2026-03-26,2026,nomeacao,NATALIA SAVES DE TOLEDO,NATALIA SAVES DE TOLEDO,sim,NATALIA SAVES:MISC|Natalia Saves De Toledo:PER,da Chefia de Gabinete,,Parte I (Poder Executivo),https://www.ioerj.com.br/portal/modules/conteudoonline/mostra_edicao.php?session=VWtSUk5FMUVaRVJSZW10MFVWVktRbEpUTURCT2ExbDNURlJvUjAxVlVYUlBSRkpGVVZWRk1FMUZTWGxSYTBWNVRWUmpNMDU2VlhkUFJGVjVUMEU5UFE9PQ==,LAKE\RJ\2026\03\DOERJ_PARTE_I_PODER_EXECUTIVO_2026-03-26.md,D:\github\exoneracoes_nomeacoes_dou\saida\RJ\DOERJ_2026.csv,1244,exoneracao,2026-03-24,do cargo em comissão de Chefe de Serviço,da Fundação Santa Cabrini FSC,2,sim,2026-03-24,do cargo em comissão de Chefe de Serviço,da Fundação Santa Cabrini FSC,2,sim,nao,,,
NATALIA VELASCO DE NIJS OUVERNEY,2,RJ,Diario Oficial do Estado do Rio de Janeiro,2026-01-07,2026,nomeacao,NATALIA VELASCO DE NIJS OUVERNEY,NATALIA VELASCO DE NIJS OUVERNEY,sim,VELASCO DE NIJS OUVERNEY:MISC|Natalia Velasco:PER,,da Subsecretaria de Políticas Inclusivas,Parte I (Poder Executivo),https://www.ioerj.com.br/portal/modules/conteudoonline/mostra_edicao.php?session=VG10Sk5VNVVVa1pPUkdkMFVtdFZNazlUTURCT2EwcEVURlZKZWs1VVNYUlBSR015VW1wc1IwNTZZekJQUkd4SFRWUmpNMDU2VlhoTmFsa3hUV2M5UFE9PQ==,LAKE\RJ\2026\01\DOERJ_PARTE_I_PODER_EXECUTIVO_2026-01-07.md,D:\github\exoneracoes_nomeacoes_dou\saida\RJ\DOERJ_2026.csv,4127,exoneracao,2026-01-02,do cargo em comissão de Assessor Especial,da Superintendência de Desportos do Estado do Rio de Janeiro - SUDERJ,5,sim,2026-01-02,do cargo em comissão de Assessor Especial,da Superintendência de Desportos do Estado do Rio de Janeiro - SUDERJ,5,nao,sim,,,
NATHALIE MACHADO LONGOBARDI,2,RJ,Diario Oficial do Estado do Rio de Janeiro,2026-03-16,2026,nomeacao,NATHALIE MACHADO LONGOBARDI,NATHALIE MACHADO LONGOBARDI,sim,Nathalie Machado Longobardi:PER,,,Parte I (Poder Executivo),https://www.ioerj.com.br/portal/modules/conteudoonline/mostra_edicao.php?session=VGxWRk1rOVZTa0pOTUVWMFRYcEplVTVUTURCU1ZFazFURlZGTUZGcVozUlBWRWt6VGxWUmVWRnJUa2RPUkdkM1RWUmpNMDU2VlhkUFZGbDZUa0U5UFE9PQ==,LAKE\RJ\2026\03\DOERJ_PARTE_I_PODER_EXECUTIVO_2026-03-16.md,D:\github\exoneracoes_nomeacoes_dou\saida\RJ\DOERJ_2026.csv,2005,exoneracao,2026-03-13,do cargo em comissão de Assistente III,da Subsecretaria Adjunta de Energia,3,sim,2026-03-13,do cargo em comissão de Assistente III,da Subsecretaria Adjunta de Energia,3,nao,nao,,,
NATHALY LIMA SALES,2,RJ,Diario Oficial do Estado do Rio de Janeiro,2025-11-07,2025,nomeacao,NATHALY LIMA SALES,NATHALY LIMA SALES,sim,LIMA SALES:PER,,da Superintendência de Proteção Social Especial,Parte I (Poder Executivo),https://www.ioerj.com.br/portal/modules/conteudoonline/mostra_edicao.php?session=VWtWUk0wMVVSa1pOVlUxMFVUQkZlVkpUTURCU1JFbDRURlZKTTFGcVNYUlBWRVV6VFdwSmQwMXJTVEZTVkVKR1RWUmpNMDU2VlhoTmVsRXlUbmM5UFE9PQ==,LAKE\RJ\2025\11\DOERJ_PARTE_I_PODER_EXECUTIVO_2025-11-07.md,D:\github\exoneracoes_nomeacoes_dou\saida\RJ\DOERJ_2025.csv,1078,exoneracao,2025-11-07,do cargo em comissão de Assessor,,0,sim,2025-11-07,do cargo em comissão de Assessor,,0,nao,nao,,,
NILO SERGIO MINEIRO VIANNA,2,RJ,Diario Oficial do Estado do Rio de Janeiro,2024-10-10,2024,nomeacao,NILO SÉRGIO MINEIRO VIANNA,NILO SÉRGIO MINEIRO VIANNA,sim,NILO:LOC|Nilo Sérgio Mineiro Vianna:PER,para exercer o cargo em comissão de Assistente I,do Departamento de Trânsito do Estado do Rio de Ja￾neiro - DETRAN/RJ,Parte I (Poder Executivo),https://www.ioerj.com.br/portal/modules/conteudoonline/mostra_edicao.php?session=VFZSTmVrNVVXVEZOZW1kMFRtdE5NazVUTURCUmFra3pURlZKTWxKVldYUk5SVTVFVWtWT1EwMVZSa1JTVkUxNVRWUmpNMDU2VlhoUFJHY3lUWGM5UFE9PQ==,LAKE\RJ\2024\10\DOERJ_PARTE_I_PODER_EXECUTIVO_2024-10-10.md,D:\github\exoneracoes_nomeacoes_dou\saida\RJ\DOERJ_2024.csv,1687,exoneracao,2024-10-10,do cargo de Diretor Geral,do Departamento de Trânsito do Estado do Rio de Janeiro - DETRAN/RJ,0,sim,2024-10-10,do cargo de Diretor Geral,do Departamento de Trânsito do Estado do Rio de Janeiro - DETRAN/RJ,0,sim,sim,,,
NILTON JORGE FERRARO DE ARAUJO,3,RJ,Diario Oficial do Estado do Rio de Janeiro,2026-03-19,2026,nomeacao,NILTON JORGE FERRARO DE ARAUJO,NILTON JORGE FERRARO DE ARAUJO,sim,JORGE FERRARO:MISC|Nilton Jorge Ferraro De Araujo:PER,para exercer o cargo em comissão de Assessor,da Superintendência Técnica de Infraestrutura e Logística,Parte I (Poder Executivo),https://www.ioerj.com.br/portal/modules/conteudoonline/mostra_edicao.php?session=VFZWTmVrMTZhekpOVkd0MFRtcGpNRkZUTURCT1ZFRXdURlZKTWsxRVVYUlBSRWsxVW1wWk1FNUVaelZTYTFFeVRWUmpNMDU2VlhkUFZFa3hUbWM5UFE9PQ==,LAKE\RJ\2026\03\DOERJ_PARTE_I_PODER_EXECUTIVO_2026-03-19.md,D:\github\exoneracoes_nomeacoes_dou\saida\RJ\DOERJ_2026.csv,1776,exoneracao,2026-01-29,do cargo em comissão de Assistente,,49,sim,2026-01-29,do cargo em comissão de Assistente,,49,sim,nao,,,
ORSON WELLES DA CRUZ,2,RJ,Diario Oficial do Estado do Rio de Janeiro,2026-03-24,2026,nomeacao,ORSON WELLES DA CRUZ,ORSON WELLES DA CRUZ,sim,ORSON:ORG|Orson Welles Da Cruz:PER,para exercer o cargo em comissão de Ajudante I,,Parte I (Poder Executivo),https://www.ioerj.com.br/portal/modules/conteudoonline/mostra_edicao.php?session=VGxSak0wMXJVWGxPTUVsMFRrUm5lVTlUTURCUFJFRXlURlZHUTA1RVRYUlNhMFY2VGtWT1JGRlZVVEJQVlUxNlRWUmpNMDU2VlhkUFJHTTBUbmM5UFE9PQ==,LAKE\RJ\2026\03\DOERJ_PARTE_I_PODER_EXECUTIVO_2026-03-24.md,D:\github\exoneracoes_nomeacoes_dou\saida\RJ\DOERJ_2026.csv,1353,exoneracao,2026-03-23,do cargo em comissão de Ajudante II,,1,sim,2026-03-23,do cargo em comissão de Ajudante II,,1,sim,nao,,,
PATRICIA SEABRA HUDSON LEITE,2,RJ,Diario Oficial do Estado do Rio de Janeiro,2026-03-13,2026,nomeacao,PATRICIA SEABRA HUDSON LEITE,PATRICIA SEABRA HUDSON LEITE,sim,PATRICIA:MISC|Patricia Seabra Hudson Leite:PER,para exercer o cargo de Subsecretário,da Subsecretaria Executiva,Parte I (Poder Executivo),https://www.ioerj.com.br/portal/modules/conteudoonline/mostra_edicao.php?session=VG10Uk5VMUZSVEZTUlZsMFRucEZOVTFUTURCTmFteEhURlJvUlU1clZYUk9SRWt6VFhwb1IwOVZTVEpOUlVsNFRWUmpNMDU2VlhkUFZHZDVUa0U5UFE9PQ==,LAKE\RJ\2026\03\DOERJ_PARTE_I_PODER_EXECUTIVO_2026-03-13.md,D:\github\exoneracoes_nomeacoes_dou\saida\RJ\DOERJ_2026.csv,2060,exoneracao,2026-03-13,do cargo de Subsecretário Adjunto,da Subsecretaria de Gestão Portuária e Atividades Navais,0,sim,2026-03-13,do cargo de Subsecretário Adjunto,da Subsecretaria de Gestão Portuária e Atividades Navais,0,sim,sim,,,
PAULA DE CARVALHO REINOL,2,RJ,Diario Oficial do Estado do Rio de Janeiro,2024-10-04,2024,nomeacao,PAULA DE CARVALHO REINOL,PAULA DE CARVALHO REINOL,sim,PAULA DE CARVALHO REINOL:MISC|Paula De Carvalho Reinol:PER,para exercer o cargo em comissão de Assessor III,do Instituto Estadual do Ambiente - INEA,Parte I (Poder Executivo),https://www.ioerj.com.br/portal/modules/conteudoonline/mostra_edicao.php?session=VGxWUk5FMUZXVEJPZWtsMFRVVkdSVTE1TURCTmVsVTBURlJuTWs1clRYUk5NRnBIVFZSak1rNXJVa2RSYWtGNlRWUmpNMDU2VlhoUFJHYzBUWGM5UFE9PQ==,LAKE\RJ\2024\10\DOERJ_PARTE_I_PODER_EXECUTIVO_2024-10-04.md,D:\github\exoneracoes_nomeacoes_dou\saida\RJ\DOERJ_2024.csv,1813,exoneracao,2024-10-04,do cargo em comissão de Adjunto II,do Instituto Estadual do Ambiente - INEA,0,sim,2024-10-04,do cargo em comissão de Adjunto II,do Instituto Estadual do Ambiente - INEA,0,sim,nao,,,
PAULO CESAR CLEFFS,4,RJ,Diario Oficial do Estado do Rio de Janeiro,2026-03-09,2026,nomeacao,PAULO CESAR CLEFFS,PAULO CESAR CLEFFS,sim,PAULO CESAR CLEFFS:PER,para exercer o cargo em comissão de Ajudante I,,Parte I (Poder Executivo),https://www.ioerj.com.br/portal/modules/conteudoonline/mostra_edicao.php?session=VVRCSk5GRnFiRVJSVlZGMFVrVkplRTFUTURCUmFrWkRURlJvUkU1RldYUlBSR3N4VG1wc1JVMXJTa1pQVkZKR1RWUmpNMDU2VlhoTlJFRXpUa0U5UFE9PQ==,LAKE\RJ\2026\03\DOERJ_PARTE_I_PODER_EXECUTIVO_2026-03-09.md,D:\github\exoneracoes_nomeacoes_dou\saida\RJ\DOERJ_2026.csv,2344,exoneracao,2026-03-09,do cargo em comissão de Assessor,da Subsecretaria Ad- junta de Projetos Estratégicos,0,sim,2026-03-09,do cargo em comissão de Assessor,da Subsecretaria Ad- junta de Projetos Estratégicos,0,sim,nao,,,
PAULO EMILIO SOARES AGUIAR,2,RJ,Diario Oficial do Estado do Rio de Janeiro,2024-12-16,2024,nomeacao,PAULO EMILIO SOARES AGUIAR,PAULO EMILIO SOARES AGUIAR,sim,PAULO EMILIO:PER,para exercer o cargo em comissão de Assistente II,da Superintendência Técnico￾Executiva,Parte I (Poder Executivo),https://www.ioerj.com.br/portal/modules/conteudoonline/mostra_edicao.php?session=VFVWV1JVNVVaM2RQUkVGMFVUQlJlVTVETURCT2VtTjVURlJyTkU5RlRYUk5SRmt5VVZWS1JFMTZUWGhOZWtaRFRWUmpNMDU2VlhoUFJGa3lUbEU5UFE9PQ==,LAKE\RJ\2024\12\DOERJ_PARTE_I_PODER_EXECUTIVO_2024-12-16.md,D:\github\exoneracoes_nomeacoes_dou\saida\RJ\DOERJ_2024.csv,133,exoneracao,2024-12-16,da função gratificada de Chefe de Setor de Impressão Noturna,,0,sim,2024-12-16,da função gratificada de Chefe de Setor de Impressão Noturna,,0,sim,nao,,,
PAULO FADIGAS DE SOUZA,2,RJ,Diario Oficial do Estado do Rio de Janeiro,2024-10-11,2024,nomeacao,PAULO FADIGAS DE SOUZA,PAULO FADIGAS DE SOUZA,sim,Paulo Fadigas De Souza:PER,para exercer o cargo em comissão de Auditor Fiscal Che￾fe,da Subsecretaria de Es￾tado de Receita,Parte I (Poder Executivo),https://www.ioerj.com.br/portal/modules/conteudoonline/mostra_edicao.php?session=VGxSQ1JWSnJXVEZTVkZsMFRWUmFSVTVwTURCT1JVMDFURlZGTUU1clRYUk9WRUpDVDFSU1IwOVVRa2RTUlZGNVRWUmpNMDU2VlhoUFJHY3hUMEU5UFE9PQ==,LAKE\RJ\2024\10\DOERJ_PARTE_I_PODER_EXECUTIVO_2024-10-11.md,D:\github\exoneracoes_nomeacoes_dou\saida\RJ\DOERJ_2024.csv,1621,exoneracao,2024-10-11,do cargo em comissão de Coordenador,da Superintendência de Atendimento ao Contribuinte,0,sim,2024-10-11,do cargo em comissão de Coordenador,da Superintendência de Atendimento ao Contribuinte,0,sim,sim,,,
PAULO MARCELO DA ROCHA SILVA,2,RJ,Diario Oficial do Estado do Rio de Janeiro,2024-10-07,2024,nomeacao,PAULO MARCELO DA ROCHA SILVA,PAULO MARCELO DA ROCHA SILVA,sim,ROCHA SILVA:MISC|Paulo Marcelo Da Rocha Silva:PER,para exercer o cargo em comissão de Assessor Especial,do Gabinete do Secretário,Parte I (Poder Executivo),https://www.ioerj.com.br/portal/modules/conteudoonline/mostra_edicao.php?session=VFVSVk1sRnFUVEZPYW1OMFRucEJORTFwTURCUmEwbDVURlZKZWsxRWEzUlJhbEV4VDBSc1JrMUZWa05PYTBsM1RWUmpNMDU2VlhoUFJHY3pUMEU5UFE9PQ==,LAKE\RJ\2024\10\DOERJ_PARTE_I_PODER_EXECUTIVO_2024-10-07.md,D:\github\exoneracoes_nomeacoes_dou\saida\RJ\DOERJ_2024.csv,1761,exoneracao,2024-10-07,do cargo em comissão de Assessor,da Subsecretaria de Tecno￾logia da Informação e Comunicação,0,sim,2024-10-07,do cargo em comissão de Assessor,da Subsecretaria de Tecno￾logia da Informação e Comunicação,0,sim,sim,,,
PAULO REBELO PEREIRA VOLPINI CASTANHEIRO,2,RJ,Diario Oficial do Estado do Rio de Janeiro,2026-02-27,2026,nomeacao,PAULO REBELO PEREIRA VOLPINI CASTANHEIRO,PAULO REBELO PEREIRA VOLPINI CASTANHEIRO,sim,VOLPINI CASTANHEIRO:MISC|Paulo Rebelo Pereira Volpini Castanheiro:PER,para exercer o cargo em comissão de Assessor Chefe,,Parte I (Poder Executivo),https://www.ioerj.com.br/portal/modules/conteudoonline/mostra_edicao.php?session=VVRCV1FrOUZVa1pPVlVsMFVXdE5lazFUTURCTlZVcEdURlJvUWs1RVVYUk9ha1V5VFhwS1FrMUZVWGhPUkdkM1RWUmpNMDU2VlhoTlJGbDZUbEU5UFE9PQ==,LAKE\RJ\2026\02\DOERJ_PARTE_I_PODER_EXECUTIVO_2026-02-27.md,D:\github\exoneracoes_nomeacoes_dou\saida\RJ\DOERJ_2026.csv,2658,exoneracao,2026-02-27,do cargo em comissão de Assessor Técnico,da Subsecretaria Executiva,0,sim,2026-02-27,do cargo em comissão de Assessor Técnico,da Subsecretaria Executiva,0,sim,nao,,,
PAULO RODRIGUES DE ANDRADE,2,RJ,Diario Oficial do Estado do Rio de Janeiro,2025-11-05,2025,nomeacao,PAULO RODRIGUES DE ANDRADE,PAULO RODRIGUES DE ANDRADE,sim,PAULO RODRIGUES DE ANDRADE:PER,,,Parte I (Poder Executivo),https://www.ioerj.com.br/portal/modules/conteudoonline/mostra_edicao.php?session=VFZSV1JVNVZXWGxPZWtGMFRsUm9SVTlUTURCT2Fsa3dURlJzUjAxcVRYUk9SVVV3VW1wVmVVOUZUa05SZWxwR1RWUmpNMDU2VlhoTmVsVjZUMEU5UFE9PQ==,LAKE\RJ\2025\11\DOERJ_PARTE_I_PODER_EXECUTIVO_2025-11-05.md,D:\github\exoneracoes_nomeacoes_dou\saida\RJ\DOERJ_2025.csv,1166,exoneracao,2025-11-05,do cargo em comissão de Chefe de Serviço,,0,sim,2025-11-05,do cargo em comissão de Chefe de Serviço,,0,nao,nao,,,
PAULO VICTOR OLIVEIRA DA ROCHA,2,RJ,Diario Oficial do Estado do Rio de Janeiro,2025-11-28,2025,nomeacao,PAULO VICTOR OLIVEIRA DA ROCHA,PAULO VICTOR OLIVEIRA DA ROCHA,sim,PAULO VICTOR OLIVEIRA:PER,para exercer o cargo em comissão de Chefe deUnidade,do Departamento de Trânsito do Es- tado do Rio de Janeiro - DETRAN/RJ,Parte I (Poder Executivo),https://www.ioerj.com.br/portal/modules/conteudoonline/mostra_edicao.php?session=VFdwQk5VOVZTVEpSTUZsMFRWVkdSMDlUTURCTk1GcEhURlZKTTFGNlJYUk5hbXhGVGtSRk1sRnFhRVpSYTBsM1RWUmpNMDU2VlhoTmVrbDZUbEU5UFE9PQ==,LAKE\RJ\2025\11\DOERJ_PARTE_I_PODER_EXECUTIVO_2025-11-28.md,D:\github\exoneracoes_nomeacoes_dou\saida\RJ\DOERJ_2025.csv,588,exoneracao,2025-11-28,do cargo em comissão de Chefe de Unidade,do Departamento de Trânsito do Estado do Rio de Ja- neiro - DETRAN/RJ,0,sim,2025-11-28,do cargo em comissão de Chefe de Unidade,do Departamento de Trânsito do Estado do Rio de Ja- neiro - DETRAN/RJ,0,sim,sim,,,
PEDRO DE MORAES ROCHA,2,RJ,Diario Oficial do Estado do Rio de Janeiro,2026-03-11,2026,nomeacao,PEDRO DE MORAES ROCHA,PEDRO DE MORAES ROCHA,sim,PEDRO:MISC|MORAES ROCHA:MISC|Pedro De Moraes Rocha:PER,,da Superintendência de Gestão Das Regionais Pedagógicas,Parte I (Poder Executivo),https://www.ioerj.com.br/portal/modules/conteudoonline/mostra_edicao.php?session=VGtSck1GRlZSa1pPVlUxMFRYcE5lRTU1TURCUmVra3dURlZHUkU0d1JYUk9WVlV4VGtSSk5FNXFVVEJPYWxaSFRWUmpNMDU2VlhkUFZHYzBUa0U5UFE9PQ==,LAKE\RJ\2026\03\DOERJ_PARTE_I_PODER_EXECUTIVO_2026-03-11.md,D:\github\exoneracoes_nomeacoes_dou\saida\RJ\DOERJ_2026.csv,2187,exoneracao,2026-03-06,do cargo em comissão de Assessor,da Subsecretaria do Tesouro do Estado do Rio de Janeiro,5,sim,2026-03-06,do cargo em comissão de Assessor,da Subsecretaria do Tesouro do Estado do Rio de Janeiro,5,nao,sim,,,
PEDRO DE MORAES ROCHA,3,RJ,Diario Oficial do Estado do Rio de Janeiro,2026-03-11,2026,nomeacao,PEDRO DE MORAES ROCHA,PEDRO DE MORAES ROCHA,sim,PEDRO:MISC|MORAES ROCHA:MISC|Pedro De Moraes Rocha:PER,,da Subsecretaria de Ges- tão de Ensino,Parte I (Poder Executivo),https://www.ioerj.com.br/portal/modules/conteudoonline/mostra_edicao.php?session=VGtSck1GRlZSa1pPVlUxMFRYcE5lRTU1TURCUmVra3dURlZHUkU0d1JYUk9WVlV4VGtSSk5FNXFVVEJPYWxaSFRWUmpNMDU2VlhoTlZHTjRUVkU5UFE9PQ==,LAKE\RJ\2026\03\DOERJ_PARTE_I_PODER_EXECUTIVO_2026-03-11.md,D:\github\exoneracoes_nomeacoes_dou\saida\RJ\DOERJ_2026.csv,2929,nomeacao,2026-03-11,,da Superintendência de Gestão Das Regionais Pedagógicas,0,sim,2026-03-06,do cargo em comissão de Assessor,da Subsecretaria do Tesouro do Estado do Rio de Janeiro,5,nao,sim,,,
PEDRO HENRIQUE DA SILVA FERNANDES DE OLIVEIRA,2,RJ,Diario Oficial do Estado do Rio de Janeiro,2024-12-26,2024,nomeacao,PEDRO HENRIQUE DA SILVA FERNANDES DE OLIVEIRA,PEDRO HENRIQUE DA SILVA FERNANDES DE OLIVEIRA,sim,PEDRO HENRIQUE DA SILVA FERNANDES DE OLIVEIRA:PER,para exercer o cargo de Subsecretário de Estado,da Subsecretaria de Gestão e Fiscalização de Obras,Parte I (Poder Executivo),https://www.ioerj.com.br/portal/modules/conteudoonline/mostra_edicao.php?session=VDFSRmQxRXdSa0pQUlUxMFRucGFRMDFwTURCUlZVbDVURlZHUkZGVldYUlJWVkUxVFd0RmVFNTZVa2RPYWtwRFRWUmpNMDU2VlhoUFJGbDZUVkU5UFE9PQ==,LAKE\RJ\2024\12\DOERJ_PARTE_I_PODER_EXECUTIVO_2024-12-26.md,D:\github\exoneracoes_nomeacoes_dou\saida\RJ\DOERJ_2024.csv,4,exoneracao,2024-12-26,do cargo de Subsecretário Adjunto,da Subsecretaria de Gestão e Fiscalização de Obras,0,sim,2024-12-26,do cargo de Subsecretário Adjunto,da Subsecretaria de Gestão e Fiscalização de Obras,0,sim,nao,,,
PEDRO MATEUS DA SILVA GOMES,2,RJ,Diario Oficial do Estado do Rio de Janeiro,2026-03-10,2026,nomeacao,PEDRO MATEUS DA SILVA GOMES,PEDRO MATEUS DA SILVA GOMES,sim,PEDRO MATEUS DA SILVA GOMES:MISC|Pedro Mateus Da Silva Gomes:PER,da Chefia de Gabinete,,Parte I (Poder Executivo),https://www.ioerj.com.br/portal/modules/conteudoonline/mostra_edicao.php?session=VDBWWmVrOUZUa1JSYWtsMFVYcEtRMDFwTURCT1ZWVTFURlJuTUUxRlRYUk9WVmswVWtSVk5WSnFUa1JQUkZVeFRWUmpNMDU2VlhkUFZHczBUbmM5UFE9PQ==,LAKE\RJ\2026\03\DOERJ_PARTE_I_PODER_EXECUTIVO_2026-03-10.md,D:\github\exoneracoes_nomeacoes_dou\saida\RJ\DOERJ_2026.csv,2304,exoneracao,2026-01-22,do cargo em comissão de Assistente,do Departamento de Administração,47,sim,2026-01-22,do cargo em comissão de Assistente,do Departamento de Administração,47,sim,nao,,,
PHILIPE BARCELOS PINTO,2,RJ,Diario Oficial do Estado do Rio de Janeiro,2025-11-14,2025,nomeacao,PHILIPE BARCELOS PINTO,PHILIPE BARCELOS PINTO,sim,PHILIPE BARCELOS PINTO:MISC|Philipe Barcelos Pinto:PER,,do Instituto de Terras e Cartografia do Estado do Rio de Janeiro - ITERJ,Parte I (Poder Executivo),https://www.ioerj.com.br/portal/modules/conteudoonline/mostra_edicao.php?session=VWtSak0xSlVaekJOYW1OMFRYcEdSazVETURCTmVrVjNURlZGTUUxclNYUlJhMWt5VGxWWk0wMHdXVEJTYTA1Q1RWUmpNMDU2VlhoTmVsRjNUbWM5UFE9PQ==,LAKE\RJ\2025\11\DOERJ_PARTE_I_PODER_EXECUTIVO_2025-11-14.md,D:\github\exoneracoes_nomeacoes_dou\saida\RJ\DOERJ_2025.csv,955,exoneracao,2025-11-14,,do Instituto de Terras e Cartografia do Estado do Rio de Janeiro - ITERJ,0,sim,2025-11-14,,do Instituto de Terras e Cartografia do Estado do Rio de Janeiro - ITERJ,0,nao,nao,,,
PRISCILLA RIBEIRO ALVES,2,RJ,Diario Oficial do Estado do Rio de Janeiro,2024-10-25,2024,nomeacao,PRISCILLA RIBEIRO ALVES,PRISCILLA RIBEIRO ALVES,sim,PRISCILLA RIBEIRO ALVES:PER,para exercer o cargo em comissão de Assistente II,do Instituto Estadual do Ambiente - INEA,Parte I (Poder Executivo),https://www.ioerj.com.br/portal/modules/conteudoonline/mostra_edicao.php?session=VDFSUk0xRXdVa1pPZWtWMFVYcEtSMDlUTURCTk1FVTBURlJuTTFKcVkzUk9WVVpDVGpCUmQxRnJUa0pQUkdkNVRWUmpNMDU2VlhoUFJHZDRUWGM5UFE9PQ==,LAKE\RJ\2024\10\DOERJ_PARTE_I_PODER_EXECUTIVO_2024-10-25.md,D:\github\exoneracoes_nomeacoes_dou\saida\RJ\DOERJ_2024.csv,1325,exoneracao,2024-10-25,do cargo em comissão de Chefe de Serviço,do Instituto Estadual do Ambiente - INEA,0,sim,2024-10-25,do cargo em comissão de Chefe de Serviço,do Instituto Estadual do Ambiente - INEA,0,sim,nao,,,
PRISCILLA RIBEIRO ALVES,4,RJ,Diario Oficial do Estado do Rio de Janeiro,2025-11-17,2025,nomeacao,PRISCILLA RIBEIRO ALVES,PRISCILLA RIBEIRO ALVES,sim,PRISCILLA RIBEIRO ALVES:PER,para exercer o cargo em comissão de Gerente,do Instituto Estadual do Ambiente - INEA,Parte I (Poder Executivo),https://www.ioerj.com.br/portal/modules/conteudoonline/mostra_edicao.php?session=VWxWUk5FMXFhRUpSYWxWMFVXcGFSbEpUTURCUFZFcEhURlZGTlZKRVdYUk5WVlpHVVZSYVJVNUVWVFJPYTFWNlRWUmpNMDU2VlhoTmVrMHlUV2M5UFE9PQ==,LAKE\RJ\2025\11\DOERJ_PARTE_I_PODER_EXECUTIVO_2025-11-17.md,D:\github\exoneracoes_nomeacoes_dou\saida\RJ\DOERJ_2025.csv,880,exoneracao,2025-11-17,do cargo em comissão de Gerente,do Instituto Estadual do Ambiente - INEA,0,sim,2025-11-17,do cargo em comissão de Gerente,do Instituto Estadual do Ambiente - INEA,0,sim,nao,,,
RACHEL SILVA GUTTERRES,2,RJ,Diario Oficial do Estado do Rio de Janeiro,2026-03-20,2026,nomeacao,RACHEL SILVA GUTTERRES,RACHEL SILVA GUTTERRES,sim,RACHEL SILVA:PER,,da Superintendência de Planejamento e Integração Das Redes,Parte I (Poder Executivo),https://www.ioerj.com.br/portal/modules/conteudoonline/mostra_edicao.php?session=VVhwR1EwNUZWVEJSYTBsMFQxVk5kMDlUTURCTk1Fa3hURlZKZWxKRlJYUk5NRkpEVVZWRk1sRXdUWGRPVlZWM1RWUmpNMDU2VlhkUFZFRTBUbmM5UFE9PQ==,LAKE\RJ\2026\03\DOERJ_PARTE_I_PODER_EXECUTIVO_2026-03-20.md,D:\github\exoneracoes_nomeacoes_dou\saida\RJ\DOERJ_2026.csv,1680,exoneracao,2025-11-12,,da Superintendência de Planejamento e Inte- gração das Redes,128,sim,2025-11-12,,da Superintendência de Planejamento e Inte- gração das Redes,128,nao,sim,,,
RAFAEL AGENOR DOS SANTOS,2,RJ,Diario Oficial do Estado do Rio de Janeiro,2026-03-20,2026,nomeacao,RAFAEL AGENOR DOS SANTOS,RAFAEL AGENOR DOS SANTOS,sim,RAFAEL AGENOR DOS SANTOS:MISC|Rafael Agenor Dos Santos:PER,,da Subsecretaria de Projetos de Engenharia,Parte I (Poder Executivo),https://www.ioerj.com.br/portal/modules/conteudoonline/mostra_edicao.php?session=VVhwR1EwNUZWVEJSYTBsMFQxVk5kMDlUTURCTk1Fa3hURlZKZWxKRlJYUk5NRkpEVVZWRk1sRXdUWGRPVlZWM1RWUmpNMDU2VlhkUFZFRTBUbmM5UFE9PQ==,LAKE\RJ\2026\03\DOERJ_PARTE_I_PODER_EXECUTIVO_2026-03-20.md,D:\github\exoneracoes_nomeacoes_dou\saida\RJ\DOERJ_2026.csv,1620,exoneracao,2026-03-20,do cargo em comissão de Gerente,do Instituto Estadual do Ambiente do Rio de Janeiro - INEA,0,sim,2026-03-20,do cargo em comissão de Gerente,do Instituto Estadual do Ambiente do Rio de Janeiro - INEA,0,nao,sim,,,
RAFAEL DE OLIVEIRA CONCEICAO,2,RJ,Diario Oficial do Estado do Rio de Janeiro,2024-11-11,2024,nomeacao,RAFAEL DE OLIVEIRA CONCEIÇÃO,RAFAEL DE OLIVEIRA CONCEIÇÃO,sim,RAFAEL DE OLIVEIRA CONCEIÇÃO:MISC|Rafael De Oliveira Conceição:PER,para exercer o cargo em comissão de Ajudante I,,Parte I (Poder Executivo),https://www.ioerj.com.br/portal/modules/conteudoonline/mostra_edicao.php?session=VFdwRk5WSnFTVFZQUkZWMFRWUlplRkpwTURCTmVrRjVURlZLUlZGNlRYUlJWVlV4VGpCSmVsRlVVa1pOZW1zd1RWUmpNMDU2VlhoUFJHTXlUV2M5UFE9PQ==,LAKE\RJ\2024\11\DOERJ_PARTE_I_PODER_EXECUTIVO_2024-11-11.md,D:\github\exoneracoes_nomeacoes_dou\saida\RJ\DOERJ_2024.csv,814,exoneracao,2024-10-15,do cargo de Superintendente,,27,sim,2024-10-15,do cargo de Superintendente,,27,sim,nao,,,
RAFAEL VENTURA ABREU,2,RJ,Diario Oficial do Estado do Rio de Janeiro,2026-04-29,2026,nomeacao,RAFAEL VENTURA ABREU,RAFAEL VENTURA ABREU,sim,Rafael Ventura Abreu:PER,para exercer o cargo de Secretário de Estado,,Parte I (Poder Executivo),https://www.ioerj.com.br/portal/modules/conteudoonline/mostra_edicao.php?session=VDFSSmVrMXJTa2RTUlUxMFVWUkdSVTU1TURCU1ZWRTBURlJuTkU5VVNYUk5NRmw1VGxWTk5WRXdTVFZPZWtWNVRWUmpNMDU2VlhkT2FsRTFUa0U5UFE9PQ==,LAKE\RJ\2026\04\DOERJ_PARTE_I_PODER_EXECUTIVO_2026-04-29.md,D:\github\exoneracoes_nomeacoes_dou\saida\RJ\DOERJ_2026.csv,3,exoneracao,2026-04-29,do cargo de Subsecretário de Estado,da Subsecretaria de Planejamento e Orçamento,0,sim,2026-04-29,do cargo de Subsecretário de Estado,da Subsecretaria de Planejamento e Orçamento,0,sim,nao,,,
RAFAELA PINHEIRO DE CASTRO,2,RJ,Diario Oficial do Estado do Rio de Janeiro,2025-11-07,2025,nomeacao,RAFAELA PINHEIRO DE CASTRO,RAFAELA PINHEIRO DE CASTRO,sim,RAFAELA PINHEIRO DE CASTRO:MISC|Rafaela Pinheiro De Castro:PER,,,Parte I (Poder Executivo),https://www.ioerj.com.br/portal/modules/conteudoonline/mostra_edicao.php?session=VWtWUk0wMVVSa1pOVlUxMFVUQkZlVkpUTURCU1JFbDRURlZKTTFGcVNYUlBWRVV6VFdwSmQwMXJTVEZTVkVKR1RWUmpNMDU2VlhoTmVsRXlUbmM5UFE9PQ==,LAKE\RJ\2025\11\DOERJ_PARTE_I_PODER_EXECUTIVO_2025-11-07.md,D:\github\exoneracoes_nomeacoes_dou\saida\RJ\DOERJ_2025.csv,1103,exoneracao,2025-11-07,do cargo em comissão de Assessor,,0,sim,2025-11-07,do cargo em comissão de Assessor,,0,nao,nao,,,
RAFAELA PINHEIRO DE CASTRO,3,RJ,Diario Oficial do Estado do Rio de Janeiro,2026-03-13,2026,nomeacao,RAFAELA PINHEIRO DE CASTRO,RAFAELA PINHEIRO DE CASTRO,sim,RAFAELA PINHEIRO DE CASTRO:MISC|Rafaela Pinheiro De Castro:PER,da Assessoria de Planejamento de Contratações,,Parte I (Poder Executivo),https://www.ioerj.com.br/portal/modules/conteudoonline/mostra_edicao.php?session=VG10Uk5VMUZSVEZTUlZsMFRucEZOVTFUTURCTmFteEhURlJvUlU1clZYUk9SRWt6VFhwb1IwOVZTVEpOUlVsNFRWUmpNMDU2VlhkUFZHZDVUa0U5UFE9PQ==,LAKE\RJ\2026\03\DOERJ_PARTE_I_PODER_EXECUTIVO_2026-03-13.md,D:\github\exoneracoes_nomeacoes_dou\saida\RJ\DOERJ_2026.csv,2149,nomeacao,2025-11-07,,,126,sim,2025-11-07,do cargo em comissão de Assessor,,126,sim,nao,,,
RAIENE FLAVIA DOS SANTOS MADEIRA,2,RJ,Diario Oficial do Estado do Rio de Janeiro,2024-12-05,2024,nomeacao,RAIENE FLÁVIA DOS SANTOS MADEIRA,RAIENE FLÁVIA DOS SANTOS MADEIRA,sim,RAIENE FLÁVIA DOS SANTOS MADEIRA:MISC|Raiene Flávia Dos Santos Madeira:PER,para exercer o cargo em comissão de Gerente,do Instituto Esta￾dual do Ambiente - INEA,Parte I (Poder Executivo),https://www.ioerj.com.br/portal/modules/conteudoonline/mostra_edicao.php?session=VWtWT1FrOUVRa05OYWtGMFRXcFdRMUZUTURCTmVrRXdURlZKTlU1RVozUlBWR016VFhwQ1JrMTZTWGRPUkZwSFRWUmpNMDU2VlhoUFJGazFUbWM5UFE9PQ==,LAKE\RJ\2024\12\DOERJ_PARTE_I_PODER_EXECUTIVO_2024-12-05.md,D:\github\exoneracoes_nomeacoes_dou\saida\RJ\DOERJ_2024.csv,355,exoneracao,2024-12-05,do cargo em comissão de Assessor I,do Instituto Estadual do Ambiente - INEA,0,sim,2024-12-05,do cargo em comissão de Assessor I,do Instituto Estadual do Ambiente - INEA,0,sim,sim,,,
RAISSA SOUSA SILVA CARVALHO,2,RJ,Diario Oficial do Estado do Rio de Janeiro,2026-03-27,2026,nomeacao,RAISSA SOUSA SILVA CARVALHO,RAISSA SOUSA SILVA CARVALHO,sim,RAISSA SOUSA SILVA CARVALHO:MISC|Raissa Sousa Silva Carvalho:PER,,da Subsecretaria de Gestão Administrativa e Patrimonial,Parte I (Poder Executivo),https://www.ioerj.com.br/portal/modules/conteudoonline/mostra_edicao.php?session=VWtWSk1FNXJWa1pSTUVsMFVrUk5NMUZwTURCTlZVNUVURlZLUWs1VVdYUlJhbFY2VDFWSmVGSkZWVEpOUkVFMFRWUmpNMDU2VlhkUFJFMHpUV2M5UFE9PQ==,LAKE\RJ\2026\03\DOERJ_PARTE_I_PODER_EXECUTIVO_2026-03-27.md,D:\github\exoneracoes_nomeacoes_dou\saida\RJ\DOERJ_2026.csv,1178,exoneracao,2026-03-27,do cargo em comissão de Assessor,,0,sim,2026-03-27,do cargo em comissão de Assessor,,0,nao,nao,,,
RALPH MIRANDA DE FRIAS,2,RJ,Diario Oficial do Estado do Rio de Janeiro,2024-11-25,2024,nomeacao,RALPH MIRANDA DE FRIAS,RALPH MIRANDA DE FRIAS,sim,RALPH MIRANDA:MISC|Ralph Miranda De Frias:PER,,,Parte I (Poder Executivo),https://www.ioerj.com.br/portal/modules/conteudoonline/mostra_edicao.php?session=VVd0Sk1FMTZWVE5PUkZWMFRucEZNazFETURCT1ZGcEdURlZGZWxKRlRYUk5NRTE0VFhwUmVVOVVWa05QUkVaQ1RWUmpNMDU2VlhoUFJHTjZUVkU5UFE9PQ==,LAKE\RJ\2024\11\DOERJ_PARTE_I_PODER_EXECUTIVO_2024-11-25.md,D:\github\exoneracoes_nomeacoes_dou\saida\RJ\DOERJ_2024.csv,589,exoneracao,2024-11-25,,,0,sim,2024-11-25,,,0,nao,nao,,,
RAMON GOMES MENEZES,2,RJ,Diario Oficial do Estado do Rio de Janeiro,2024-10-17,2024,nomeacao,RAMON GOMES MENEZES,RAMON GOMES MENEZES,sim,RAMON GOMES:MISC|Ramon Gomes Menezes:PER,para exercer o cargo em comissão de Ajudante I,da Superintendência de Restau￾ro,Parte I (Poder Executivo),https://www.ioerj.com.br/portal/modules/conteudoonline/mostra_edicao.php?session=VGxWRmQxSkZUa2RPTUVWMFRsVmFSVkY1TURCT1JGSkhURlJvUlZKclNYUlNhbVJGVFZSTmVWRnFXa1JSVkU1SFRWUmpNMDU2VlhoUFJHY3dUWGM5UFE9PQ==,LAKE\RJ\2024\10\DOERJ_PARTE_I_PODER_EXECUTIVO_2024-10-17.md,D:\github\exoneracoes_nomeacoes_dou\saida\RJ\DOERJ_2024.csv,1508,exoneracao,2024-10-17,do cargo em comissão de Ajudante I,da Superintendência da Operação FOCO,0,sim,2024-10-17,do cargo em comissão de Ajudante I,da Superintendência da Operação FOCO,0,sim,sim,,,
RAMON JESUS PINTO DE SOUSA,2,RJ,Diario Oficial do Estado do Rio de Janeiro,2026-02-02,2026,nomeacao,RAMON JESUS PINTO DE SOUSA,RAMON JESUS PINTO DE SOUSA,sim,RAMON:ORG|Ramon Jesus Pinto De Sousa:PER,,,Parte I (Poder Executivo),https://www.ioerj.com.br/portal/modules/conteudoonline/mostra_edicao.php?session=VWtSck5GSkVSa1pTYTFGMFVXcG9SbEZUTURCT1ZGWkNURlJzUkZGVVozUlNSVlpFVGtSQk1VMXFhRUpOUkZaR1RWUmpNMDU2VlhoTmFrVXlUVkU5UFE9PQ==,LAKE\RJ\2026\02\DOERJ_PARTE_I_PODER_EXECUTIVO_2026-02-02.md,D:\github\exoneracoes_nomeacoes_dou\saida\RJ\DOERJ_2026.csv,3537,exoneracao,2026-01-28,do cargo de Subsecretário Adjunto,,5,sim,2026-01-28,do cargo de Subsecretário Adjunto,,5,nao,nao,,,
RAPHAEL FIALHO FERNANDES,2,RJ,Diario Oficial do Estado do Rio de Janeiro,2024-10-04,2024,nomeacao,RAPHAEL FIALHO FERNANDES,RAPHAEL FIALHO FERNANDES,sim,RAPHAEL:ORG|Raphael Fialho Fernandes:PER,para exercer o cargo em comissão de Assessor-Chefe,do Gabinete do Secretário,Parte I (Poder Executivo),https://www.ioerj.com.br/portal/modules/conteudoonline/mostra_edicao.php?session=VGxWUk5FMUZXVEJPZWtsMFRVVkdSVTE1TURCTmVsVTBURlJuTWs1clRYUk5NRnBIVFZSak1rNXJVa2RSYWtGNlRWUmpNMDU2VlhoUFJHYzBUWGM5UFE9PQ==,LAKE\RJ\2024\10\DOERJ_PARTE_I_PODER_EXECUTIVO_2024-10-04.md,D:\github\exoneracoes_nomeacoes_dou\saida\RJ\DOERJ_2024.csv,1805,exoneracao,2024-10-04,do cargo em comissão de Assessor,do Gabinete do Secretário,0,sim,2024-10-04,do cargo em comissão de Assessor,do Gabinete do Secretário,0,sim,nao,,,
RAPHAEL JOSE MARTINS DE CASTRO,2,RJ,Diario Oficial do Estado do Rio de Janeiro,2025-11-07,2025,nomeacao,RAPHAEL JOSÉ MARTINS DE CASTRO,RAPHAEL JOSÉ MARTINS DE CASTRO,sim,RAPHAEL JOSÉ MARTINS DE CASTRO:PER,,do Instituto Es- tadual do Ambiente - INEA,Parte I (Poder Executivo),https://www.ioerj.com.br/portal/modules/conteudoonline/mostra_edicao.php?session=VWtWUk0wMVVSa1pOVlUxMFVUQkZlVkpUTURCU1JFbDRURlZKTTFGcVNYUlBWRVV6VFdwSmQwMXJTVEZTVkVKR1RWUmpNMDU2VlhoTmVsRXlUbmM5UFE9PQ==,LAKE\RJ\2025\11\DOERJ_PARTE_I_PODER_EXECUTIVO_2025-11-07.md,D:\github\exoneracoes_nomeacoes_dou\saida\RJ\DOERJ_2025.csv,1060,exoneracao,2025-11-07,do cargo em comissão de Chefe de Serviço,do Instituto Estadual do Ambiente - INEA,0,sim,2025-11-07,do cargo em comissão de Chefe de Serviço,do Instituto Estadual do Ambiente - INEA,0,nao,sim,,,
RAUL MARQUES FANZERES,2,RJ,Diario Oficial do Estado do Rio de Janeiro,2026-03-20,2026,nomeacao,RAUL MARQUES FANZERES,RAUL MARQUES FANZERES,sim,RAUL MARQUES:PER,para exercer o cargo de Secretário de Estado,,Parte I (Poder Executivo),https://www.ioerj.com.br/portal/modules/conteudoonline/mostra_edicao.php?session=VVhwR1EwNUZWVEJSYTBsMFQxVk5kMDlUTURCTk1Fa3hURlZKZWxKRlJYUk5NRkpEVVZWRk1sRXdUWGRPVlZWM1RWUmpNMDU2VlhkUFZFRTBUbmM5UFE9PQ==,LAKE\RJ\2026\03\DOERJ_PARTE_I_PODER_EXECUTIVO_2026-03-20.md,D:\github\exoneracoes_nomeacoes_dou\saida\RJ\DOERJ_2026.csv,1599,exoneracao,2026-03-20,do cargo de Diretor,do Instituto Estadual do Ambiente do Rio de Janeiro - INEA,0,sim,2026-03-20,do cargo de Diretor,do Instituto Estadual do Ambiente do Rio de Janeiro - INEA,0,sim,nao,,,
REBECA HERICKA SALVADORI,2,RJ,Diario Oficial do Estado do Rio de Janeiro,2026-01-26,2026,nomeacao,REBECA HERICKA SALVADORI,REBECA HERICKA SALVADORI,sim,REBECA HERICKA:MISC|Rebeca Hericka:PER,,,Parte I (Poder Executivo),https://www.ioerj.com.br/portal/modules/conteudoonline/mostra_edicao.php?session=VDBWS1EwNUZXa2RSYW1kMFRWUlJNVkpUTURCTlZFSkVURlZHUmxKRlZYUk9SVXBDVG5wVk5FNVVSVFJQVlZsNVRWUmpNMDU2VlhoTmFrMTNUa0U5UFE9PQ==,LAKE\RJ\2026\01\DOERJ_PARTE_I_PODER_EXECUTIVO_2026-01-26.md,D:\github\exoneracoes_nomeacoes_dou\saida\RJ\DOERJ_2026.csv,3701,exoneracao,2026-01-14,do cargo em comissão de Assistente II,,12,sim,2026-01-14,do cargo em comissão de Assistente II,,12,nao,nao,,,
REGIS AUGUSTO ADAO FALCAO,2,RJ,Diario Oficial do Estado do Rio de Janeiro,2024-10-15,2024,nomeacao,REGIS AUGUSTO ADÃO FALCÃO,REGIS AUGUSTO ADÃO FALCÃO,sim,REGIS AUGUSTO ADÃO:MISC|Regis Augusto Adão Falcão:PER,para exercer o cargo em comissão de Diretor Adjunto,do Departamento Geral de Ações Socioeducativas - DEGASE,Parte I (Poder Executivo),https://www.ioerj.com.br/portal/modules/conteudoonline/mostra_edicao.php?session=VFVSRk1FNXFUVFZTYTFsMFVWUkpOVTVETURCTk1FWkRURlZGTUUxclNYUk5WRVV6VFVWWmVFMTZTVEJPVlVWNVRWUmpNMDU2VlhoUFJHY3hUV2M5UFE9PQ==,LAKE\RJ\2024\10\DOERJ_PARTE_I_PODER_EXECUTIVO_2024-10-15.md,D:\github\exoneracoes_nomeacoes_dou\saida\RJ\DOERJ_2024.csv,1584,exoneracao,2024-10-15,do cargo em comissão de Chefe de Setor - Coordenador de Plantão,do Departamento Geral de Ações Socioe￾ducativas - DEGASE,0,sim,2024-10-15,do cargo em comissão de Chefe de Setor - Coordenador de Plantão,do Departamento Geral de Ações Socioe￾ducativas - DEGASE,0,sim,sim,,,
REGIS DE MENEZES BATISTA,2,RJ,Diario Oficial do Estado do Rio de Janeiro,2025-11-07,2025,nomeacao,RÉGIS DE MENEZES BATISTA,RÉGIS DE MENEZES BATISTA,sim,RÉGIS DE MENEZES:MISC|Régis De Menezes Batista:PER,,,Parte I (Poder Executivo),https://www.ioerj.com.br/portal/modules/conteudoonline/mostra_edicao.php?session=VWtWUk0wMVVSa1pOVlUxMFVUQkZlVkpUTURCU1JFbDRURlZKTTFGcVNYUlBWRVV6VFdwSmQwMXJTVEZTVkVKR1RWUmpNMDU2VlhoTmVsRXlUbmM5UFE9PQ==,LAKE\RJ\2025\11\DOERJ_PARTE_I_PODER_EXECUTIVO_2025-11-07.md,D:\github\exoneracoes_nomeacoes_dou\saida\RJ\DOERJ_2025.csv,1083,exoneracao,2025-11-07,do cargo em comissão de Assessor,,0,sim,2025-11-07,do cargo em comissão de Assessor,,0,nao,nao,,,
REINALDO LOPES COSTA,2,RJ,Diario Oficial do Estado do Rio de Janeiro,2026-03-24,2026,nomeacao,REINALDO LOPES COSTA,REINALDO LOPES COSTA,sim,REINALDO LOPES COSTA:MISC|Reinaldo Lopes Costa:PER,para exercer o cargo em comissão de Assessor,,Parte I (Poder Executivo),https://www.ioerj.com.br/portal/modules/conteudoonline/mostra_edicao.php?session=VGxSak0wMXJVWGxPTUVsMFRrUm5lVTlUTURCUFJFRXlURlZHUTA1RVRYUlNhMFY2VGtWT1JGRlZVVEJQVlUxNlRWUmpNMDU2VlhkUFJHTTBUbmM5UFE9PQ==,LAKE\RJ\2026\03\DOERJ_PARTE_I_PODER_EXECUTIVO_2026-03-24.md,D:\github\exoneracoes_nomeacoes_dou\saida\RJ\DOERJ_2026.csv,1447,exoneracao,2026-03-13,do cargo em comissão de Assessor Especial,,11,sim,2026-03-13,do cargo em comissão de Assessor Especial,,11,sim,nao,,,
REJANIA MARIA CAVALCANTE VIANA,2,RJ,Diario Oficial do Estado do Rio de Janeiro,2025-11-17,2025,nomeacao,REJANIA MARIA CAVALCANTE VIANA,REJANIA MARIA CAVALCANTE VIANA,sim,REJANIA:PER,,da Subsecretaria de Gestão Administrativa e Financeira,Parte I (Poder Executivo),https://www.ioerj.com.br/portal/modules/conteudoonline/mostra_edicao.php?session=VWxWUk5FMXFhRUpSYWxWMFVXcGFSbEpUTURCUFZFcEhURlZGTlZKRVdYUk5WVlpHVVZSYVJVNUVWVFJPYTFWNlRWUmpNMDU2VlhoTmVrMHlUV2M5UFE9PQ==,LAKE\RJ\2025\11\DOERJ_PARTE_I_PODER_EXECUTIVO_2025-11-17.md,D:\github\exoneracoes_nomeacoes_dou\saida\RJ\DOERJ_2025.csv,857,exoneracao,2025-11-17,do cargo em comissão de Assessor,da Subsecretaria de Administração,0,sim,2025-11-17,do cargo em comissão de Assessor,da Subsecretaria de Administração,0,nao,sim,,,
RENAN OLIVEIRA DE MIRANDA,2,RJ,Diario Oficial do Estado do Rio de Janeiro,2026-03-18,2026,nomeacao,RENAN OLIVEIRA DE MIRANDA,RENAN OLIVEIRA DE MIRANDA,sim,RENAN OLIVEIRA:PER,,da Superintendência de Gestão de Contratos e Convênios,Parte I (Poder Executivo),https://www.ioerj.com.br/portal/modules/conteudoonline/mostra_edicao.php?session=VDFSV1JsSlVUVEpSYWxGMFVrVkdSazVETURCUFJFNUNURlJyZVZGNlJYUlJhbXMwVW10V1FsRlZUVEpOZWswelRWUmpNMDU2VlhkUFZFMDFUMUU5UFE9PQ==,LAKE\RJ\2026\03\DOERJ_PARTE_I_PODER_EXECUTIVO_2026-03-18.md,D:\github\exoneracoes_nomeacoes_dou\saida\RJ\DOERJ_2026.csv,1862,exoneracao,2026-03-17,do cargo em comissão de Coordenador,da Superintendência Financeira,1,sim,2026-03-17,do cargo em comissão de Coordenador,da Superintendência Financeira,1,nao,sim,,,
RENATA ALVES ORSINI RICHARD,2,RJ,Diario Oficial do Estado do Rio de Janeiro,2024-12-18,2024,nomeacao,RENATA ALVES ORSINI RICHARD,RENATA ALVES ORSINI RICHARD,sim,RENATA ALVES ORSINI RICHARD:MISC|Renata Alves Orsini Richard:PER,da Assessoria de Contabilidade,da Superintendência de Orçamento e Fi￾nança,Parte I (Poder Executivo),https://www.ioerj.com.br/portal/modules/conteudoonline/mostra_edicao.php?session=VWtSck5WRnJTa1JQVkZsMFVtcEdSbEY1TURCTlJFVjZURlJzUjAxVVJYUlBWVVY1VGpCT1FsRjZWWGxSVkdoSFRWUmpNMDU2VlhoUFJGa3hUa0U5UFE9PQ==,LAKE\RJ\2024\12\DOERJ_PARTE_I_PODER_EXECUTIVO_2024-12-18.md,D:\github\exoneracoes_nomeacoes_dou\saida\RJ\DOERJ_2024.csv,106,exoneracao,2024-12-18,do cargo em comissão de Assistente II,da Subsecretaria Executiva,0,sim,2024-12-18,do cargo em comissão de Assistente II,da Subsecretaria Executiva,0,sim,sim,,,
RENATA SPHAIER DE FREITAS,2,RJ,Diario Oficial do Estado do Rio de Janeiro,2024-10-29,2024,nomeacao,RENATA SPHAIER DE FREITAS,RENATA SPHAIER DE FREITAS,sim,Renata Sphaier:PER,para exercer o cargo de Subsecretário de Estado,da Subsecretaria de Ensino Superior,Parte I (Poder Executivo),https://www.ioerj.com.br/portal/modules/conteudoonline/mostra_edicao.php?session=VGtSTmVFMHdXVE5OYWxWMFRtcFJNRkZUTURCT1JHUkZURlZLUlUxRlVYUlJNRVUxVFdwWk1VMXFiRVZOYTFrelRWUmpNMDU2VlhoUFJHZDNUbWM5UFE9PQ==,LAKE\RJ\2024\10\DOERJ_PARTE_I_PODER_EXECUTIVO_2024-10-29.md,D:\github\exoneracoes_nomeacoes_dou\saida\RJ\DOERJ_2024.csv,1270,exoneracao,2024-10-29,do cargo de Subsecretário,da Subsecretaria de Captação de Recursos e Projetos em Ciência,0,sim,2024-10-29,do cargo de Subsecretário,da Subsecretaria de Captação de Recursos e Projetos em Ciência,0,sim,sim,,,
RENATA SPHAIER DE FREITAS,4,RJ,Diario Oficial do Estado do Rio de Janeiro,2026-03-20,2026,nomeacao,RENATA SPHAIER DE FREITAS,RENATA SPHAIER DE FREITAS,sim,Renata Sphaier:PER,para exercer o cargo de Secretária de Estado,,Parte I (Poder Executivo),https://www.ioerj.com.br/portal/modules/conteudoonline/mostra_edicao.php?session=VVhwR1EwNUZWVEJSYTBsMFQxVk5kMDlUTURCTk1Fa3hURlZKZWxKRlJYUk5NRkpEVVZWRk1sRXdUWGRPVlZWM1RWUmpNMDU2VlhkUFZFRTBUbmM5UFE9PQ==,LAKE\RJ\2026\03\DOERJ_PARTE_I_PODER_EXECUTIVO_2026-03-20.md,D:\github\exoneracoes_nomeacoes_dou\saida\RJ\DOERJ_2026.csv,1590,exoneracao,2026-03-20,do cargo de Subsecretária de Estado,,0,sim,2026-03-20,do cargo de Subsecretária de Estado,,0,sim,nao,,,
RENATO MARTINEZ GERACI,2,RJ,Diario Oficial do Estado do Rio de Janeiro,2026-04-15,2026,nomeacao,RENATO MARTINEZ GERACI,RENATO MARTINEZ GERACI,sim,RENATO MARTINEZ GERACI:MISC|Renato Martinez Geraci:PER,da Assessoria Jurídica,do Gabinete de Segurança Institucional do Governo,Parte I (Poder Executivo),https://www.ioerj.com.br/portal/modules/conteudoonline/mostra_edicao.php?session=VG1wS1JGRlVXWGROZWxsMFQwUkplazlETURCUFZWSkNURlZKTlZKRldYUk5SVVV3VG10SmVrNUZXa1pTVlZrMFRWUmpNMDU2VlhkT2VrMTRUVkU5UFE9PQ==,LAKE\RJ\2026\04\DOERJ_PARTE_I_PODER_EXECUTIVO_2026-04-15.md,D:\github\exoneracoes_nomeacoes_dou\saida\RJ\DOERJ_2026.csv,913,exoneracao,2026-03-27,do cargo em comissão de Assistente,da Subsecretaria Militar (Ssm),19,sim,2026-03-27,do cargo em comissão de Assistente,da Subsecretaria Militar (Ssm),19,sim,sim,,,
RHAFAELLE BARBOSA DE CASTRO RODRIGUES,2,RJ,Diario Oficial do Estado do Rio de Janeiro,2025-11-07,2025,nomeacao,RHAFAELLE BARBOSA DE CASTRO RODRIGUES,RHAFAELLE BARBOSA DE CASTRO RODRIGUES,sim,RHAFAELLE:MISC|BARBOSA:MISC|Rhafaelle Barbosa De Castro Rodrigues:PER,,da Fundação para a Infância e Adolescência - FIA/RJ,Parte I (Poder Executivo),https://www.ioerj.com.br/portal/modules/conteudoonline/mostra_edicao.php?session=VWtWUk0wMVVSa1pOVlUxMFVUQkZlVkpUTURCU1JFbDRURlZKTTFGcVNYUlBWRVV6VFdwSmQwMXJTVEZTVkVKR1RWUmpNMDU2VlhoTmVsRXlUbmM5UFE9PQ==,LAKE\RJ\2025\11\DOERJ_PARTE_I_PODER_EXECUTIVO_2025-11-07.md,D:\github\exoneracoes_nomeacoes_dou\saida\RJ\DOERJ_2025.csv,1090,exoneracao,2025-11-07,do cargo em comissão de Asses- sor,da Superintendência de Orçamento e Finança,0,sim,2025-11-07,do cargo em comissão de Asses- sor,da Superintendência de Orçamento e Finança,0,nao,sim,,,
RHAFAELLE BARBOSA DE CASTRO RODRIGUES,4,RJ,Diario Oficial do Estado do Rio de Janeiro,2025-11-17,2025,nomeacao,RHAFAELLE BARBOSA DE CASTRO RODRIGUES,RHAFAELLE BARBOSA DE CASTRO RODRIGUES,sim,RHAFAELLE:MISC|BARBOSA:MISC|Rhafaelle Barbosa De Castro Rodrigues:PER,da Assessoria de Planejamento e Gestão,da Fundação para a Infância e Adolescência - FIA/RJ,Parte I (Poder Executivo),https://www.ioerj.com.br/portal/modules/conteudoonline/mostra_edicao.php?session=VWxWUk5FMXFhRUpSYWxWMFVXcGFSbEpUTURCUFZFcEhURlZGTlZKRVdYUk5WVlpHVVZSYVJVNUVWVFJPYTFWNlRWUmpNMDU2VlhoTmVrMHlUV2M5UFE9PQ==,LAKE\RJ\2025\11\DOERJ_PARTE_I_PODER_EXECUTIVO_2025-11-17.md,D:\github\exoneracoes_nomeacoes_dou\saida\RJ\DOERJ_2025.csv,891,exoneracao,2025-11-17,do cargo em comissão de Assistente II,da Fundação para a Infância e Adolescência - FIA/RJ,0,sim,2025-11-17,do cargo em comissão de Assistente II,da Fundação para a Infância e Adolescência - FIA/RJ,0,sim,nao,,,
RHAYANA CASTELO BRANCO DE OLIVEIRA,2,RJ,Diario Oficial do Estado do Rio de Janeiro,2024-12-10,2024,nomeacao,RHAYANA CASTELO BRANCO DE OLIVEIRA,RHAYANA CASTELO BRANCO DE OLIVEIRA,sim,RHAYANA CASTELO BRANCO DE OLIVEIRA:PER,para exercer o cargo em comissão de Asses￾sor-Chefe,da Subsecretaria de Políticas Inclusivas,Parte I (Poder Executivo),https://www.ioerj.com.br/portal/modules/conteudoonline/mostra_edicao.php?session=VFhwbmQwNXJWa0pOVlVsMFVWUk5NMDE1TURCT1JFVTBURlZHUkZGVldYUlJWRnBIVFd0T1IwMXFXWGROZWxWNFRWUmpNMDU2VlhoUFJGazBUWGM5UFE9PQ==,LAKE\RJ\2024\12\DOERJ_PARTE_I_PODER_EXECUTIVO_2024-12-10.md,D:\github\exoneracoes_nomeacoes_dou\saida\RJ\DOERJ_2024.csv,186,exoneracao,2024-12-10,do cargo em comissão de Assessor-Chefe,da Fundação para a Infância e Adolescência - FIA/RJ,0,sim,2024-12-10,do cargo em comissão de Assessor-Chefe,da Fundação para a Infância e Adolescência - FIA/RJ,0,sim,sim,,,
RICARDO CARDOSO DOS SANTOS,2,RJ,Diario Oficial do Estado do Rio de Janeiro,2026-03-13,2026,nomeacao,RICARDO CARDOSO DOS SANTOS,RICARDO CARDOSO DOS SANTOS,sim,RICARDO CARDOSO DOS SANTOS:MISC|Ricardo Cardoso Dos Santos:PER,para exercer o cargo de Subsecretário Adjunto,da Subsecretaria de Gestão Administrativa e Financeira,Parte I (Poder Executivo),https://www.ioerj.com.br/portal/modules/conteudoonline/mostra_edicao.php?session=VG10Uk5VMUZSVEZTUlZsMFRucEZOVTFUTURCTmFteEhURlJvUlU1clZYUk9SRWt6VFhwb1IwOVZTVEpOUlVsNFRWUmpNMDU2VlhkUFZHZDVUa0U5UFE9PQ==,LAKE\RJ\2026\03\DOERJ_PARTE_I_PODER_EXECUTIVO_2026-03-13.md,D:\github\exoneracoes_nomeacoes_dou\saida\RJ\DOERJ_2026.csv,2050,exoneracao,2026-03-13,do cargo de Subsecretário,da Subsecretaria de Administração Subadm,0,sim,2026-03-13,do cargo de Subsecretário,da Subsecretaria de Administração Subadm,0,sim,sim,,,
RICARDO FABER RIGUETO,2,RJ,Diario Oficial do Estado do Rio de Janeiro,2025-11-14,2025,nomeacao,RICARDO FABER RIGUETO,RICARDO FABER RIGUETO,sim,RICARDO FABER RIGUETO:PER,,do Instituto de Terras e Cartografia do Estado do Rio de Janeiro - ITERJ,Parte I (Poder Executivo),https://www.ioerj.com.br/portal/modules/conteudoonline/mostra_edicao.php?session=VWtSak0xSlVaekJOYW1OMFRYcEdSazVETURCTmVrVjNURlZGTUUxclNYUlJhMWt5VGxWWk0wMHdXVEJTYTA1Q1RWUmpNMDU2VlhoTmVsRjNUbWM5UFE9PQ==,LAKE\RJ\2025\11\DOERJ_PARTE_I_PODER_EXECUTIVO_2025-11-14.md,D:\github\exoneracoes_nomeacoes_dou\saida\RJ\DOERJ_2025.csv,912,exoneracao,2025-11-14,do cargo de Diretor,do Instituto de Terras e Cartografia do Estado do Rio de Janeiro - ITERJ,0,sim,2025-11-14,do cargo de Diretor,do Instituto de Terras e Cartografia do Estado do Rio de Janeiro - ITERJ,0,nao,nao,,,
RITA DE CASSIA FRANCEZ DEPES TALLON,2,RJ,Diario Oficial do Estado do Rio de Janeiro,2024-11-12,2024,nomeacao,RITA DE CASSIA FRANCEZ DEPES TALLON,RITA DE CASSIA FRANCEZ DEPES TALLON,sim,RITA:ORG|Rita De Cassia Francez Depes Tallon:PER,para exercer o cargo em comissão de Assessor,,Parte I (Poder Executivo),https://www.ioerj.com.br/portal/modules/conteudoonline/mostra_edicao.php?session=VGxWRk1VNUVhekZPYWtGMFRWUk5NbEpwTURCU1JFRjZURlJyZWs0d1dYUlJWRWsxVVdwck1sSlVTa1JOZWxwSFRWUmpNMDU2VlhoUFJHTXhUbmM5UFE9PQ==,LAKE\RJ\2024\11\DOERJ_PARTE_I_PODER_EXECUTIVO_2024-11-12.md,D:\github\exoneracoes_nomeacoes_dou\saida\RJ\DOERJ_2024.csv,722,exoneracao,2024-11-11,do Cargo de Confiança de Gerente de Agência,,1,sim,2024-11-11,do Cargo de Confiança de Gerente de Agência,,1,sim,nao,,,
RITA DO NASCIMENTO SILVESTRE DANTAS,2,RJ,Diario Oficial do Estado do Rio de Janeiro,2025-11-07,2025,nomeacao,RITA DO NASCIMENTO SILVESTRE DANTAS,RITA DO NASCIMENTO SILVESTRE DANTAS,sim,RITA DO NASCIMENTO SILVESTRE DANTAS:MISC|Rita Do Nascimento Silvestre Dantas:PER,,,Parte I (Poder Executivo),https://www.ioerj.com.br/portal/modules/conteudoonline/mostra_edicao.php?session=VWtWUk0wMVVSa1pOVlUxMFVUQkZlVkpUTURCU1JFbDRURlZKTTFGcVNYUlBWRVV6VFdwSmQwMXJTVEZTVkVKR1RWUmpNMDU2VlhoTmVsRXlUbmM5UFE9PQ==,LAKE\RJ\2025\11\DOERJ_PARTE_I_PODER_EXECUTIVO_2025-11-07.md,D:\github\exoneracoes_nomeacoes_dou\saida\RJ\DOERJ_2025.csv,1087,exoneracao,2025-11-07,do cargo em comissão de Coordenador,da Superintendência de Proteção Social Especial,0,sim,2025-11-07,do cargo em comissão de Coordenador,da Superintendência de Proteção Social Especial,0,nao,nao,,,
ROBERTO CUNHA ORLANDINI,2,RJ,Diario Oficial do Estado do Rio de Janeiro,2024-11-12,2024,nomeacao,ROBERTO CUNHA ORLANDINI,ROBERTO CUNHA ORLANDINI,sim,ROBERTO CUNHA ORLANDINI:MISC|Roberto Cunha Orlandini:PER,para exercer o cargo em comissão de Assistente,,Parte I (Poder Executivo),https://www.ioerj.com.br/portal/modules/conteudoonline/mostra_edicao.php?session=VGxWRk1VNUVhekZPYWtGMFRWUk5NbEpwTURCU1JFRjZURlJyZWs0d1dYUlJWRWsxVVdwck1sSlVTa1JOZWxwSFRWUmpNMDU2VlhoUFJHTXhUbmM5UFE9PQ==,LAKE\RJ\2024\11\DOERJ_PARTE_I_PODER_EXECUTIVO_2024-11-12.md,D:\github\exoneracoes_nomeacoes_dou\saida\RJ\DOERJ_2024.csv,754,exoneracao,2024-11-04,do Cargo de Confiança de Secretário I,,8,sim,2024-11-04,do Cargo de Confiança de Secretário I,,8,sim,nao,,,
ROBERTO WAGNER BATALHA,2,RJ,Diario Oficial do Estado do Rio de Janeiro,2024-11-13,2024,nomeacao,ROBERTO WAGNER BATALHA,ROBERTO WAGNER BATALHA,sim,ROBERTO WAGNER:MISC|Roberto Wagner:PER,para exercer o cargo em comissão de Diretor de Divisão,do Departamento de Trânsito do Estado do Rio de Janeiro - DETRAN/RJ,Parte I (Poder Executivo),https://www.ioerj.com.br/portal/modules/conteudoonline/mostra_edicao.php?session=VWxSYVFsSlViRU5SVkdkMFRsUkNSVTVETURCUmVrVjZURlZGZVU5RVZYUk5WR3hFVG10T1JsRjZXVE5OZWtreFRWUmpNMDU2VlhoUFJHTXhUWGM5UFE9PQ==,LAKE\RJ\2024\11\DOERJ_PARTE_I_PODER_EXECUTIVO_2024-11-13.md,D:\github\exoneracoes_nomeacoes_dou\saida\RJ\DOERJ_2024.csv,686,exoneracao,2024-11-13,do cargo em comissão de Chefe de Serviço,do Departamento de Trânsito do Estado do Rio de Janeiro - DE￾TRAN/RJ,0,sim,2024-11-13,do cargo em comissão de Chefe de Serviço,do Departamento de Trânsito do Estado do Rio de Janeiro - DE￾TRAN/RJ,0,sim,sim,,,
ROBSON BRUM ANDRADE,3,RJ,Diario Oficial do Estado do Rio de Janeiro,2026-03-16,2026,nomeacao,ROBSON BRUM ANDRADE,ROBSON BRUM ANDRADE,sim,ROBSON BRUM ANDRADE:MISC|Robson Brum Andrade:PER,,da Superintendência de Prestação de Contas,Parte I (Poder Executivo),https://www.ioerj.com.br/portal/modules/conteudoonline/mostra_edicao.php?session=VGxWRk1rOVZTa0pOTUVWMFRYcEplVTVUTURCU1ZFazFURlZGTUZGcVozUlBWRWt6VGxWUmVWRnJUa2RPUkdkM1RWUmpNMDU2VlhkUFZGbDZUa0U5UFE9PQ==,LAKE\RJ\2026\03\DOERJ_PARTE_I_PODER_EXECUTIVO_2026-03-16.md,D:\github\exoneracoes_nomeacoes_dou\saida\RJ\DOERJ_2026.csv,2008,exoneracao,2026-03-10,do cargo em comissão de Coordenador,,6,sim,2026-03-10,do cargo em comissão de Coordenador,,6,nao,nao,,,
ROBSON BRUM ANDRADE,4,RJ,Diario Oficial do Estado do Rio de Janeiro,2026-03-16,2026,nomeacao,ROBSON BRUM ANDRADE,ROBSON BRUM ANDRADE,sim,ROBSON BRUM ANDRADE:MISC|Robson Brum Andrade:PER,,da Subsecretaria Executiva,Parte I (Poder Executivo),https://www.ioerj.com.br/portal/modules/conteudoonline/mostra_edicao.php?session=VGxWRk1rOVZTa0pOTUVWMFRYcEplVTVUTURCU1ZFazFURlZGTUZGcVozUlBWRWt6VGxWUmVWRnJUa2RPUkdkM1RWUmpNMDU2VlhoTlZGazBUbEU5UFE9PQ==,LAKE\RJ\2026\03\DOERJ_PARTE_I_PODER_EXECUTIVO_2026-03-16.md,D:\github\exoneracoes_nomeacoes_dou\saida\RJ\DOERJ_2026.csv,2898,nomeacao,2026-03-16,,da Superintendência de Prestação de Contas,0,sim,2026-03-10,do cargo em comissão de Coordenador,,6,nao,nao,,,
ROBSON LUIS BARBOSA,2,RJ,Diario Oficial do Estado do Rio de Janeiro,2024-12-09,2024,nomeacao,ROBSON LUIS BARBOSA,ROBSON LUIS BARBOSA,sim,ROBSON LUIS:MISC|Robson Luis Barbosa:PER,,da Subsecretaria de Planejamento e Orçamento,Parte I (Poder Executivo),https://www.ioerj.com.br/portal/modules/conteudoonline/mostra_edicao.php?session=VVZSbmVsRnFVVFZOZWtsMFRqQk5ORTE1TURCUmVra3lURlZKZDFGVldYUlBWR3hFVVRCTk0wMXJVWGxPYWtaQ1RWUmpNMDU2VlhoUFJGazBUbmM5UFE9PQ==,LAKE\RJ\2024\12\DOERJ_PARTE_I_PODER_EXECUTIVO_2024-12-09.md,D:\github\exoneracoes_nomeacoes_dou\saida\RJ\DOERJ_2024.csv,235,exoneracao,2024-12-09,do cargo em comissão de Coordenador,da Superintendência de Estudos Fiscais,0,sim,2024-12-09,do cargo em comissão de Coordenador,da Superintendência de Estudos Fiscais,0,nao,sim,,,
RODRIGO DE LIMA NUNES,2,RJ,Diario Oficial do Estado do Rio de Janeiro,2026-04-15,2026,nomeacao,RODRIGO DE LIMA NUNES,RODRIGO DE LIMA NUNES,sim,RODRIGO DE LIMA NUNES:MISC|Rodrigo De Lima Nunes:PER,,do Gabinete de Segurança Institucional do Governo,Parte I (Poder Executivo),https://www.ioerj.com.br/portal/modules/conteudoonline/mostra_edicao.php?session=VG1wS1JGRlVXWGROZWxsMFQwUkplazlETURCUFZWSkNURlZKTlZKRldYUk5SVVV3VG10SmVrNUZXa1pTVlZrMFRWUmpNMDU2VlhkT2VrMTRUVkU5UFE9PQ==,LAKE\RJ\2026\04\DOERJ_PARTE_I_PODER_EXECUTIVO_2026-04-15.md,D:\github\exoneracoes_nomeacoes_dou\saida\RJ\DOERJ_2026.csv,911,exoneracao,2026-03-27,do cargo em comissão de Chefe de Divisão,da Superintendência de Avaliação de Cenários e Análise de Riscos,19,sim,2026-03-27,do cargo em comissão de Chefe de Divisão,da Superintendência de Avaliação de Cenários e Análise de Riscos,19,nao,sim,,,
RODRIGO FERREIRA DE QUEIROZ,2,RJ,Diario Oficial do Estado do Rio de Janeiro,2024-10-07,2024,nomeacao,RODRIGO FERREIRA DE QUEIROZ,RODRIGO FERREIRA DE QUEIROZ,sim,RODRIGO FERREIRA:MISC|Rodrigo Ferreira De Queiroz:PER,para exercer o cargo em comissão de Assessor,da Subsecretaria de Tecnologia da Informação e Comunica￾ção,Parte I (Poder Executivo),https://www.ioerj.com.br/portal/modules/conteudoonline/mostra_edicao.php?session=VFVSVk1sRnFUVEZPYW1OMFRucEJORTFwTURCUmEwbDVURlZKZWsxRWEzUlJhbEV4VDBSc1JrMUZWa05PYTBsM1RWUmpNMDU2VlhoUFJHY3pUMEU5UFE9PQ==,LAKE\RJ\2024\10\DOERJ_PARTE_I_PODER_EXECUTIVO_2024-10-07.md,D:\github\exoneracoes_nomeacoes_dou\saida\RJ\DOERJ_2024.csv,1780,exoneracao,2024-10-07,do cargo em comissão de Assistente II,da Superintendência de Sis￾temas,0,sim,2024-10-07,do cargo em comissão de Assistente II,da Superintendência de Sis￾temas,0,sim,sim,,,
RODRIGO LOPES EMILIO,2,RJ,Diario Oficial do Estado do Rio de Janeiro,2026-03-09,2026,nomeacao,RODRIGO LOPES EMILIO,RODRIGO LOPES EMILIO,sim,RODRIGO LOPES EMILIO:MISC|Rodrigo Lopes Emilio:PER,para exercer o cargo em comissão de Ajudante I,,Parte I (Poder Executivo),https://www.ioerj.com.br/portal/modules/conteudoonline/mostra_edicao.php?session=VVRCSk5GRnFiRVJSVlZGMFVrVkplRTFUTURCUmFrWkRURlJvUkU1RldYUlBSR3N4VG1wc1JVMXJTa1pQVkZKR1RWUmpNMDU2VlhoTlJFRXpUa0U5UFE9PQ==,LAKE\RJ\2026\03\DOERJ_PARTE_I_PODER_EXECUTIVO_2026-03-09.md,D:\github\exoneracoes_nomeacoes_dou\saida\RJ\DOERJ_2026.csv,2376,exoneracao,2026-01-07,do cargo em comissão de Ajudante II,,61,sim,2026-01-07,do cargo em comissão de Ajudante II,,61,sim,nao,,,
RODRIGO LOPES XAVIER,2,RJ,Diario Oficial do Estado do Rio de Janeiro,2024-12-19,2024,nomeacao,RODRIGO LOPES XAVIER,RODRIGO LOPES XAVIER,sim,RODRIGO LOPES XAVIER:MISC|Rodrigo Lopes Xavier:PER,,da Subsecretaria de Desburocratização e Governo Digital,Parte I (Poder Executivo),https://www.ioerj.com.br/portal/modules/conteudoonline/mostra_edicao.php?session=VGxSbmQwNUVZekpPUkUxMFVtdE5NMDVwTURCT1ZVNUZURlJuZDA1VVkzUlNSR3hHVFhwYVEwOUVXa2RTVlZGNFRWUmpNMDU2VlhoUFJGa3dUMEU5UFE9PQ==,LAKE\RJ\2024\12\DOERJ_PARTE_I_PODER_EXECUTIVO_2024-12-19.md,D:\github\exoneracoes_nomeacoes_dou\saida\RJ\DOERJ_2024.csv,69,exoneracao,2024-12-19,do cargo de Vice-Presidente,,0,sim,2024-12-19,do cargo de Vice-Presidente,,0,nao,nao,,,
RODRIGO SAMPAIO CORREIA DA ROCHA,2,RJ,Diario Oficial do Estado do Rio de Janeiro,2024-11-04,2024,nomeacao,RODRIGO SAMPAIO CORREIA DA ROCHA,RODRIGO SAMPAIO CORREIA DA ROCHA,sim,RODRIGO SAMPAIO CORREIA:MISC|ROCHA:MISC|Rodrigo Sampaio Correia Da Rocha:PER,da Chefia de Gabinete,do Gabinete do Secretário,Parte I (Poder Executivo),https://www.ioerj.com.br/portal/modules/conteudoonline/mostra_edicao.php?session=VG1wbk1WSlZTa1pSVkZGMFRWUnNRMDFETURCU2EwWkRURlZKZUU5VVozUk5WRlV6VVZWRk0xSkZUa1ZQUlVVd1RWUmpNMDU2VlhoUFJHTTBUbWM5UFE9PQ==,LAKE\RJ\2024\11\DOERJ_PARTE_I_PODER_EXECUTIVO_2024-11-04.md,D:\github\exoneracoes_nomeacoes_dou\saida\RJ\DOERJ_2024.csv,1114,exoneracao,2024-11-04,do cargo em comissão de Coordenador,do Gabinete do Secretário,0,sim,2024-11-04,do cargo em comissão de Coordenador,do Gabinete do Secretário,0,sim,nao,,,
RODRIGO TONASSI DA SILVA,2,RJ,Diario Oficial do Estado do Rio de Janeiro,2026-03-23,2026,nomeacao,RODRIGO TONASSI DA SILVA,RODRIGO TONASSI DA SILVA,sim,RODRIGO:ORG|Rodrigo Tonassi Da Silva:PER,,,Parte I (Poder Executivo),https://www.ioerj.com.br/portal/modules/conteudoonline/mostra_edicao.php?session=VW1wQ1IwNTZSVE5SYTFsMFRWUkJNazVwTURCT01Fa3dURlJzUmxKVlVYUlBWR1JEVFdwc1IwNHdXWGROZWtFeFRWUmpNMDU2VlhkUFJHdDZUWGM5UFE9PQ==,LAKE\RJ\2026\03\DOERJ_PARTE_I_PODER_EXECUTIVO_2026-03-23.md,D:\github\exoneracoes_nomeacoes_dou\saida\RJ\DOERJ_2026.csv,1522,exoneracao,2026-03-02,do cargo em comissão de Assistente,da Superintendência Técnica de Infraestrutura e Logística,21,sim,2026-03-02,do cargo em comissão de Assistente,da Superintendência Técnica de Infraestrutura e Logística,21,nao,nao,,,
RODRIGO VIANA DA CUNHA,2,RJ,Diario Oficial do Estado do Rio de Janeiro,2024-11-11,2024,nomeacao,RODRIGO VIANA DA CUNHA,RODRIGO VIANA DA CUNHA,sim,RODRIGO VIANA DA CUNHA:MISC|Rodrigo Viana Da Cunha:PER,para exercer o cargo em comissão de Assessor-Chefe,do Departamento de Trânsito do Estado do Rio de Janeiro - DETRAN/RJ,Parte I (Poder Executivo),https://www.ioerj.com.br/portal/modules/conteudoonline/mostra_edicao.php?session=VFdwRk5WSnFTVFZQUkZWMFRWUlplRkpwTURCTmVrRjVURlZLUlZGNlRYUlJWVlV4VGpCSmVsRlVVa1pOZW1zd1RWUmpNMDU2VlhoUFJHTXlUV2M5UFE9PQ==,LAKE\RJ\2024\11\DOERJ_PARTE_I_PODER_EXECUTIVO_2024-11-11.md,D:\github\exoneracoes_nomeacoes_dou\saida\RJ\DOERJ_2024.csv,785,exoneracao,2024-11-11,do cargo em comissão de Assessor-Chefe,,0,sim,2024-11-11,do cargo em comissão de Assessor-Chefe,,0,sim,nao,,,
ROGERIO BARROS DA SILVA,2,RJ,Diario Oficial do Estado do Rio de Janeiro,2024-12-05,2024,nomeacao,ROGERIO BARROS DA SILVA,ROGERIO BARROS DA SILVA,sim,ROGERIO BARROS DA SILVA:PER,,,Parte I (Poder Executivo),https://www.ioerj.com.br/portal/modules/conteudoonline/mostra_edicao.php?session=VWtWT1FrOUVRa05OYWtGMFRXcFdRMUZUTURCTmVrRXdURlZKTlU1RVozUlBWR016VFhwQ1JrMTZTWGRPUkZwSFRWUmpNMDU2VlhoUFJGazFUbWM5UFE9PQ==,LAKE\RJ\2024\12\DOERJ_PARTE_I_PODER_EXECUTIVO_2024-12-05.md,D:\github\exoneracoes_nomeacoes_dou\saida\RJ\DOERJ_2024.csv,372,exoneracao,2024-12-02,do cargo em comissão de Adjunto II,,3,sim,2024-12-02,do cargo em comissão de Adjunto II,,3,nao,nao,,,
ROSANA PEREIRA RAPOSO,2,RJ,Diario Oficial do Estado do Rio de Janeiro,2024-11-06,2024,nomeacao,ROSANA PEREIRA RAPOSO,ROSANA PEREIRA RAPOSO,sim,ROSANA PEREIRA RAPOSO:ORG|Rosana Pereira Raposo:PER,para exercer o cargo em comissão de Assessor,,Parte I (Poder Executivo),https://www.ioerj.com.br/portal/modules/conteudoonline/mostra_edicao.php?session=VGtSWk5VMHdXa1JTUkdkMFVWVlJOVkY1TURCTlZWSkRURlZGTWxGVWEzUk5SRTB3VVdwWk0wMXJVa1ZOVkdkNlRWUmpNMDU2VlhoUFJHTXpUbWM5UFE9PQ==,LAKE\RJ\2024\11\DOERJ_PARTE_I_PODER_EXECUTIVO_2024-11-06.md,D:\github\exoneracoes_nomeacoes_dou\saida\RJ\DOERJ_2024.csv,964,exoneracao,2024-11-06,do cargo em comissão de Defensor de Ofício,,0,sim,2024-11-06,do cargo em comissão de Defensor de Ofício,,0,sim,nao,,,
ROSSANA DE SOUZA ALBUQUERQUE,2,RJ,Diario Oficial do Estado do Rio de Janeiro,2026-01-13,2026,nomeacao,ROSSANA DE SOUZA ALBUQUERQUE,ROSSANA DE SOUZA ALBUQUERQUE,sim,ROSSANA DE SOUZA ALBUQUERQUE:MISC|Rossana De Souza Albuquerque:PER,,da Superintendência de Acompanhamento Fiscal,Parte I (Poder Executivo),https://www.ioerj.com.br/portal/modules/conteudoonline/mostra_edicao.php?session=VWtSa1IxRlZVa1pTVkZGMFVYcEpNVkY1TURCT1ZGVjVURlJuTTA5VlJYUlBWRVV4VFhwU1JWRjZRa0pTVkdjeVRWUmpNMDU2VlhoTmFsVXpUbWM5UFE9PQ==,LAKE\RJ\2026\01\DOERJ_PARTE_I_PODER_EXECUTIVO_2026-01-13.md,D:\github\exoneracoes_nomeacoes_dou\saida\RJ\DOERJ_2026.csv,3987,exoneracao,2026-01-12,do cargo de Superintendente,da Superintendência de Acompanhamento da Despesa Pública,1,sim,2026-01-12,do cargo de Superintendente,da Superintendência de Acompanhamento da Despesa Pública,1,nao,sim,,,
ROSSINI VICTOR TEIXEIRA DA SILVA,2,RJ,Diario Oficial do Estado do Rio de Janeiro,2024-10-18,2024,nomeacao,ROSSINI VICTOR TEIXEIRA DA SILVA,ROSSINI VICTOR TEIXEIRA DA SILVA,sim,ROSSINI VICTOR TEIXEIRA DA SILVA:MISC|Rossini Victor Teixeira Da Silva:PER,,,Parte I (Poder Executivo),https://www.ioerj.com.br/portal/modules/conteudoonline/mostra_edicao.php?session=VFdwSk1FNHdUa1pQVlVWMFRsUmpNMDVETURCTmVtUkRURlZKZUZKVVkzUlBSVlpDVWxSck5FMVZSVEJSTUZwRFRWUmpNMDU2VlhoUFJHZDZUbWM5UFE9PQ==,LAKE\RJ\2024\10\DOERJ_PARTE_I_PODER_EXECUTIVO_2024-10-18.md,D:\github\exoneracoes_nomeacoes_dou\saida\RJ\DOERJ_2024.csv,1478,exoneracao,2024-10-07,do cargo em comissão de Assistente III,do Departamento de Trânsito do Estado do Rio de Janeiro - DE￾TRAN/RJ,11,sim,2024-10-07,do cargo em comissão de Assistente III,do Departamento de Trânsito do Estado do Rio de Janeiro - DE￾TRAN/RJ,11,nao,nao,,,
SAMARA FRAGOSO BRITTO DA FONSECA,2,RJ,Diario Oficial do Estado do Rio de Janeiro,2025-11-07,2025,nomeacao,SAMARA FRAGOSO BRITTO DA FONSECA,SAMARA FRAGOSO BRITTO DA FONSECA,sim,FRAGOSO BRITTO DA FONSECA:MISC|Samara Fragoso Britto:PER,,do Instituto Estadual do Ambiente - INEA,Parte I (Poder Executivo),https://www.ioerj.com.br/portal/modules/conteudoonline/mostra_edicao.php?session=VWtWUk0wMVVSa1pOVlUxMFVUQkZlVkpUTURCU1JFbDRURlZKTTFGcVNYUlBWRVV6VFdwSmQwMXJTVEZTVkVKR1RWUmpNMDU2VlhoTmVsRXlUbmM5UFE9PQ==,LAKE\RJ\2025\11\DOERJ_PARTE_I_PODER_EXECUTIVO_2025-11-07.md,D:\github\exoneracoes_nomeacoes_dou\saida\RJ\DOERJ_2025.csv,1058,exoneracao,2025-11-07,do cargo em comissão de Assessor III,do Instituto Estadual do Ambiente - INEA,0,sim,2025-11-07,do cargo em comissão de Assessor III,do Instituto Estadual do Ambiente - INEA,0,nao,nao,,,
SAMYR MELO BIANCHINI RICHA STORK,2,RJ,Diario Oficial do Estado do Rio de Janeiro,2026-02-26,2026,nomeacao,SAMYR MELO BIANCHINI RICHA STORK,SAMYR MELO BIANCHINI RICHA STORK,sim,MELO BIANCHINI:MISC|Samyr Melo Bianchini Richa Stork:PER,,da Superintendência de Desportos do Estado do Rio de Janeiro - SUDERJ,Parte I (Poder Executivo),https://www.ioerj.com.br/portal/modules/conteudoonline/mostra_edicao.php?session=VDBSbk1sSlVXWGRTUkdkMFRXcGFRbEZwTURCT1ZHeERURlJuZDA1VlVYUk5WVTEzVGxSck5VNHdVWGxPUkd0NVRWUmpNMDU2VlhoTlJHTXdUVkU5UFE9PQ==,LAKE\RJ\2026\02\DOERJ_PARTE_I_PODER_EXECUTIVO_2026-02-26.md,D:\github\exoneracoes_nomeacoes_dou\saida\RJ\DOERJ_2026.csv,2736,exoneracao,2026-02-11,do cargo em comissão de Assistente II,da Superintendência de Inclusão e Ações Socioesportivas,15,sim,2026-02-11,do cargo em comissão de Assistente II,da Superintendência de Inclusão e Ações Socioesportivas,15,nao,sim,,,
SANDRA BALDINE,2,RJ,Diario Oficial do Estado do Rio de Janeiro,2025-11-25,2025,nomeacao,SANDRA BALDINE,SANDRA BALDINE,sim,SANDRA BALDINE:PER,para exercer o cargo em comissão de Assessor,,Parte I (Poder Executivo),https://www.ioerj.com.br/portal/modules/conteudoonline/mostra_edicao.php?session=VW10YVJFMXFZelJOZWtWMFVXdEZlVkY1TURCUFJHTjZURlZLUjA5RVRYUlNWRVpDVFd0SmVVNUZTa1pPYTFwSFRWUmpNMDU2VlhoTmVrazFUbEU5UFE9PQ==,LAKE\RJ\2025\11\DOERJ_PARTE_I_PODER_EXECUTIVO_2025-11-25.md,D:\github\exoneracoes_nomeacoes_dou\saida\RJ\DOERJ_2025.csv,708,exoneracao,2025-11-25,do cargo em comissão de Assistente,da Subsecretaria de Estratégia Digital e Dados - SUBEDO,0,sim,2025-11-25,do cargo em comissão de Assistente,da Subsecretaria de Estratégia Digital e Dados - SUBEDO,0,sim,nao,,,
SERGIO DE ABREU COSTENPLATE,2,RJ,Diario Oficial do Estado do Rio de Janeiro,2024-11-08,2024,nomeacao,SÉRGIO DE ABREU COSTENPLATE,SÉRGIO DE ABREU COSTENPLATE,sim,SÉRGIO DE ABREU:MISC|Abreu Costenplate:PER,,da Subsecretaria de Captação de Recursos e Projetos em Ciência,Parte I (Poder Executivo),https://www.ioerj.com.br/portal/modules/conteudoonline/mostra_edicao.php?session=VWxSbk1GSnFhRU5TUlVsMFQwVlJlbEpETURCTlJFVXlURlZGZUZGVVkzUlBSRUYzVVZSak5VNVVWWGRQUlVsM1RWUmpNMDU2VlhoUFJHTXlUbmM5UFE9PQ==,LAKE\RJ\2024\11\DOERJ_PARTE_I_PODER_EXECUTIVO_2024-11-08.md,D:\github\exoneracoes_nomeacoes_dou\saida\RJ\DOERJ_2024.csv,837,exoneracao,2024-11-08,do cargo em comissão de Assessor,,0,sim,2024-11-08,do cargo em comissão de Assessor,,0,nao,nao,,,
SERGIO LUIZ JUSTO DA SILVA,2,RJ,Diario Oficial do Estado do Rio de Janeiro,2024-10-23,2024,nomeacao,SERGIO LUIZ JUSTO DA SILVA,SERGIO LUIZ JUSTO DA SILVA,sim,SERGIO:ORG|LUIZ JUSTO DA SILVA:PER,para exercer o cargo em comissão de Diretor de Unidade,do Departamento Geral de Ações Socioeducativas - DEGASE,Parte I (Poder Executivo),https://www.ioerj.com.br/portal/modules/conteudoonline/mostra_edicao.php?session=VGxSUmVrNVZTa1ZOVlZGMFQwUkpNRTFETURCTlJWRTFURlZGTVZFd1RYUlJhazAwVGxSWk1rNXFTa05TUlVwSFRWUmpNMDU2VlhoUFJHZDVUV2M5UFE9PQ==,LAKE\RJ\2024\10\DOERJ_PARTE_I_PODER_EXECUTIVO_2024-10-23.md,D:\github\exoneracoes_nomeacoes_dou\saida\RJ\DOERJ_2024.csv,1400,exoneracao,2024-10-23,do cargo em comissão de Diretor Adjunto,do Departamento Geral de Ações Socioeducativas - DEGASE,0,sim,2024-10-23,do cargo em comissão de Diretor Adjunto,do Departamento Geral de Ações Socioeducativas - DEGASE,0,sim,nao,,,
SERGIO PIMENTEL BORGES DA CUNHA,2,RJ,Diario Oficial do Estado do Rio de Janeiro,2026-04-29,2026,nomeacao,SERGIO PIMENTEL BORGES DA CUNHA,SERGIO PIMENTEL BORGES DA CUNHA,sim,SERGIO:ORG|Sergio Pimentel Borges Da Cunha:PER,para exercer o cargo de Subsecretário de Estado,da Subsecretaria Geral,Parte I (Poder Executivo),https://www.ioerj.com.br/portal/modules/conteudoonline/mostra_edicao.php?session=VDFSSmVrMXJTa2RTUlUxMFVWUkdSVTU1TURCU1ZWRTBURlJuTkU5VVNYUk5NRmw1VGxWTk5WRXdTVFZPZWtWNVRWUmpNMDU2VlhkT2FsRTFUa0U5UFE9PQ==,LAKE\RJ\2026\04\DOERJ_PARTE_I_PODER_EXECUTIVO_2026-04-29.md,D:\github\exoneracoes_nomeacoes_dou\saida\RJ\DOERJ_2026.csv,10,exoneracao,2026-04-29,do cargo de Diretor Geral,do Departamento de Trânsito do Estado do Rio de Janeiro - DETRAN,0,sim,2026-04-29,do cargo de Diretor Geral,do Departamento de Trânsito do Estado do Rio de Janeiro - DETRAN,0,sim,sim,,,
SERGIO RICARDO DE OLIVEIRA CAPINAN,2,RJ,Diario Oficial do Estado do Rio de Janeiro,2026-01-29,2026,nomeacao,SERGIO RICARDO DE OLIVEIRA CAPINAN,SERGIO RICARDO DE OLIVEIRA CAPINAN,sim,RICARDO:MISC|Sergio Ricardo De Oliveira Capinan:PER,para exercer o cargo em comissão de Diretor de Teatro A,da Fundação Anita Man- tuano de Artes do Estado do Rio de Janeiro - FUNARJ,Parte I (Poder Executivo),https://www.ioerj.com.br/portal/modules/conteudoonline/mostra_edicao.php?session=VDBWSk0xSlZVVEJOVlUxMFRUQlpNazFETURCU1ZFVXdURlJvUkUxRVozUk9WRUV5VWtST1IwNXJWWHBQUkZWNFRWUmpNMDU2VlhoTmFrbDVUWGM5UFE9PQ==,LAKE\RJ\2026\01\DOERJ_PARTE_I_PODER_EXECUTIVO_2026-01-29.md,D:\github\exoneracoes_nomeacoes_dou\saida\RJ\DOERJ_2026.csv,3615,exoneracao,2026-01-22,do cargo em comissão de Assistente II,da Subsecretaria de Proteção e Bem-Estar Animal - RJPET,7,sim,2026-01-22,do cargo em comissão de Assistente II,da Subsecretaria de Proteção e Bem-Estar Animal - RJPET,7,sim,sim,,,
SERGIO SAHIONE FERREIRA,3,RJ,Diario Oficial do Estado do Rio de Janeiro,2026-04-22,2026,nomeacao,SÉRGIO SAHIONE FERREIRA,SÉRGIO SAHIONE FERREIRA,sim,SÉRGIO:ORG|FERREIRA:ORG|Sérgio Sahione Ferreira:PER,do cargo em comissão de Coordenador,do Gabinete de Segurança Institucional do Governo do Estado do Rio de Janeiro - GSI/RJ,Parte I (Poder Executivo),https://www.ioerj.com.br/portal/modules/conteudoonline/mostra_edicao.php?session=VFRCSmQwNXJXVE5SVkVGMFRVUm5ORkY1TURCTmFtTjVURlJuZUU1clNYUk5WRTB4VFdwbk0xRlVXa05TYWtKR1RWUmpNMDU2VlhkT2FtY3hUbmM5UFE9PQ==,LAKE\RJ\2026\04\DOERJ_PARTE_I_PODER_EXECUTIVO_2026-04-22.md,D:\github\exoneracoes_nomeacoes_dou\saida\RJ\DOERJ_2026.csv,311,exoneracao,2026-04-20,do cargo de Diretor Geral,do Departamento Geral de Contrainteligência,2,sim,2026-04-20,do cargo de Diretor Geral,do Departamento Geral de Contrainteligência,2,sim,sim,,,
SERGIO TAVARES ROMAY,2,RJ,Diario Oficial do Estado do Rio de Janeiro,2026-03-19,2026,nomeacao,SERGIO TAVARES ROMAY,SERGIO TAVARES ROMAY,sim,SERGIO:ORG|TAVARES:ORG|ROMAY:MISC|Sergio Tavares Romay:PER,para exercer o cargo de Chefe de Gabinete,,Parte I (Poder Executivo),https://www.ioerj.com.br/portal/modules/conteudoonline/mostra_edicao.php?session=VFZWTmVrMTZhekpOVkd0MFRtcGpNRkZUTURCT1ZFRXdURlZKTWsxRVVYUlBSRWsxVW1wWk1FNUVaelZTYTFFeVRWUmpNMDU2VlhkUFZFa3hUbWM5UFE9PQ==,LAKE\RJ\2026\03\DOERJ_PARTE_I_PODER_EXECUTIVO_2026-03-19.md,D:\github\exoneracoes_nomeacoes_dou\saida\RJ\DOERJ_2026.csv,1740,exoneracao,2026-03-19,do cargo de Presidente,,0,sim,2026-03-19,do cargo de Presidente,,0,sim,nao,,,
SIDNEI JOSE DA COSTA JUNIOR,2,RJ,Diario Oficial do Estado do Rio de Janeiro,2024-11-06,2024,nomeacao,SIDNEI JOSE DA COSTA JUNIOR,SIDNEI JOSE DA COSTA JUNIOR,sim,SIDNEI JOSE:MISC|COSTA JUNIOR:MISC|Sidnei Jose Da Costa Junior:PER,,,Parte I (Poder Executivo),https://www.ioerj.com.br/portal/modules/conteudoonline/mostra_edicao.php?session=VGtSWk5VMHdXa1JTUkdkMFVWVlJOVkY1TURCTlZWSkRURlZGTWxGVWEzUk5SRTB3VVdwWk0wMXJVa1ZOVkdkNlRWUmpNMDU2VlhoUFJHTXpUbWM5UFE9PQ==,LAKE\RJ\2024\11\DOERJ_PARTE_I_PODER_EXECUTIVO_2024-11-06.md,D:\github\exoneracoes_nomeacoes_dou\saida\RJ\DOERJ_2024.csv,923,exoneracao,2024-11-06,do cargo em comissão de Assistente,da Superintendência de Planejamento e Suporte Logístico,0,sim,2024-11-06,do cargo em comissão de Assistente,da Superintendência de Planejamento e Suporte Logístico,0,nao,nao,,,
SILVANIA AUGUSTA DE JESUS DE SOUSA,2,RJ,Diario Oficial do Estado do Rio de Janeiro,2024-12-09,2024,nomeacao,SILVANIA AUGUSTA DE JESUS DE SOUSA,SILVANIA AUGUSTA DE JESUS DE SOUSA,sim,SILVANIA AUGUSTA:MISC|JESUS DE SOUSA:PER,,da Superintendência de Gestão das Regionais Pedagógicas,Parte I (Poder Executivo),https://www.ioerj.com.br/portal/modules/conteudoonline/mostra_edicao.php?session=VVZSbmVsRnFVVFZOZWtsMFRqQk5ORTE1TURCUmVra3lURlZKZDFGVldYUlBWR3hFVVRCTk0wMXJVWGxPYWtaQ1RWUmpNMDU2VlhoUFJGazBUbmM5UFE9PQ==,LAKE\RJ\2024\12\DOERJ_PARTE_I_PODER_EXECUTIVO_2024-12-09.md,D:\github\exoneracoes_nomeacoes_dou\saida\RJ\DOERJ_2024.csv,247,exoneracao,2024-12-09,do cargo em comissão de Coordenador,da Superintendência de Gestão das Regionais Administrativas,0,sim,2024-12-09,do cargo em comissão de Coordenador,da Superintendência de Gestão das Regionais Administrativas,0,nao,sim,,,
SOCRATES KROBEL BACELAR,2,RJ,Diario Oficial do Estado do Rio de Janeiro,2024-10-31,2024,nomeacao,SÓCRATES KROBEL BACELAR,SÓCRATES KROBEL BACELAR,sim,KROBEL:MISC|BACELAR:LOC|Sócrates Krobel Bacelar:PER,para exercer o cargo em comissão de Assistente,do Gabinete do Secretário,Parte I (Poder Executivo),https://www.ioerj.com.br/portal/modules/conteudoonline/mostra_edicao.php?session=VDFWRk0wMVZWVEZPYTBWMFVtdFplbEZUTURCTlZFNUNURlJuTTFGNmEzUk5WR2hGVFVScmVrNUVTa05SVkVWNVRWUmpNMDU2VlhoUFJHTTFUbmM5UFE9PQ==,LAKE\RJ\2024\10\DOERJ_PARTE_I_PODER_EXECUTIVO_2024-10-31.md,D:\github\exoneracoes_nomeacoes_dou\saida\RJ\DOERJ_2024.csv,1241,exoneracao,2024-10-21,do cargo em comissão de Assessor,da Autarquia de Proteção e Defesa do Consumidor do Estado do Rio de Janeiro - PROCON-RJ,10,sim,2024-10-21,do cargo em comissão de Assessor,da Autarquia de Proteção e Defesa do Consumidor do Estado do Rio de Janeiro - PROCON-RJ,10,sim,sim,,,
SONIA GLORIA MARIA PEREIRA NEVES,2,RJ,Diario Oficial do Estado do Rio de Janeiro,2024-10-18,2024,nomeacao,SONIA GLORIA MARIA PEREIRA NEVES,SONIA GLORIA MARIA PEREIRA NEVES,sim,GLORIA:LOC|MARIA PEREIRA NEVES:MISC|Sonia Gloria Maria Pereira Neves:PER,para exercer o cargo em comissão de Coordenador,,Parte I (Poder Executivo),https://www.ioerj.com.br/portal/modules/conteudoonline/mostra_edicao.php?session=VFdwSk1FNHdUa1pQVlVWMFRsUmpNMDVETURCTmVtUkRURlZKZUZKVVkzUlBSVlpDVWxSck5FMVZSVEJSTUZwRFRWUmpNMDU2VlhoUFJHZDZUbWM5UFE9PQ==,LAKE\RJ\2024\10\DOERJ_PARTE_I_PODER_EXECUTIVO_2024-10-18.md,D:\github\exoneracoes_nomeacoes_dou\saida\RJ\DOERJ_2024.csv,1469,exoneracao,2024-10-18,do cargo em comissão de Assistente,,0,sim,2024-10-18,do cargo em comissão de Assistente,,0,sim,nao,,,
SUSANA SILVADO CARDOSO,2,RJ,Diario Oficial do Estado do Rio de Janeiro,2025-11-17,2025,nomeacao,SUSANA SILVADO CARDOSO,SUSANA SILVADO CARDOSO,sim,SUSANA:MISC|CARDOSO:MISC|Susana Silvado Cardoso:PER,,,Parte I (Poder Executivo),https://www.ioerj.com.br/portal/modules/conteudoonline/mostra_edicao.php?session=VWxWUk5FMXFhRUpSYWxWMFVXcGFSbEpUTURCUFZFcEhURlZGTlZKRVdYUk5WVlpHVVZSYVJVNUVWVFJPYTFWNlRWUmpNMDU2VlhoTmVrMHlUV2M5UFE9PQ==,LAKE\RJ\2025\11\DOERJ_PARTE_I_PODER_EXECUTIVO_2025-11-17.md,D:\github\exoneracoes_nomeacoes_dou\saida\RJ\DOERJ_2025.csv,839,exoneracao,2025-11-17,do cargo de Chefe de Gabinete,,0,sim,2025-11-17,do cargo de Chefe de Gabinete,,0,nao,nao,,,
SUZANA DA SILVA MARTINS CORDEIRO,2,RJ,Diario Oficial do Estado do Rio de Janeiro,2026-01-28,2026,nomeacao,SUZANA DA SILVA MARTINS CORDEIRO,SUZANA DA SILVA MARTINS CORDEIRO,sim,SUZANA DA SILVA MARTINS CORDEIRO:MISC|Suzana Da Silva:PER,,da Subsecretaria de Manutenção de Áreas Verdes Urbanas,Parte I (Poder Executivo),https://www.ioerj.com.br/portal/modules/conteudoonline/mostra_edicao.php?session=VFVSVk1FNXFWWGROVkd0MFQxVldSRTFwTURCUFJVNUVURlZLUjAxNlVYUlJhMGsxVFVSb1JsRlVhRWRQVlZaSFRWUmpNMDU2VlhoTmFra3hUVUU5UFE9PQ==,LAKE\RJ\2026\01\DOERJ_PARTE_I_PODER_EXECUTIVO_2026-01-28.md,D:\github\exoneracoes_nomeacoes_dou\saida\RJ\DOERJ_2026.csv,3648,exoneracao,2025-12-11,do cargo em comissão de Assistente II,da Subsecretaria de Fiscalização de Obras,48,sim,2025-12-11,do cargo em comissão de Assistente II,da Subsecretaria de Fiscalização de Obras,48,nao,sim,,,
TACIANE BEZERRA BARBOSA,2,RJ,Diario Oficial do Estado do Rio de Janeiro,2024-11-12,2024,nomeacao,TACIANE BEZERRA BARBOSA,TACIANE BEZERRA BARBOSA,sim,TACIANE BEZERRA BARBOSA:MISC|Taciane Bezerra Barbosa:PER,para exercer o cargo em comissão de Assessor,,Parte I (Poder Executivo),https://www.ioerj.com.br/portal/modules/conteudoonline/mostra_edicao.php?session=VGxWRk1VNUVhekZPYWtGMFRWUk5NbEpwTURCU1JFRjZURlJyZWs0d1dYUlJWRWsxVVdwck1sSlVTa1JOZWxwSFRWUmpNMDU2VlhoUFJHTXhUbmM5UFE9PQ==,LAKE\RJ\2024\11\DOERJ_PARTE_I_PODER_EXECUTIVO_2024-11-12.md,D:\github\exoneracoes_nomeacoes_dou\saida\RJ\DOERJ_2024.csv,755,exoneracao,2024-11-11,do Cargo de Confiança de Assessora da Presidência,,1,sim,2024-11-11,do Cargo de Confiança de Assessora da Presidência,,1,sim,nao,,,
TAMARAH BARCELLOS MOREIRA DOS SANTOS DA S I LV E I R A,2,RJ,Diario Oficial do Estado do Rio de Janeiro,2024-11-22,2024,nomeacao,TAMARAH BARCELLOS MOREIRA DOS SANTOS DA S I LV E I R A,TAMARAH BARCELLOS MOREIRA DOS SANTOS DA S I LV E I R A,sim,TAMARAH:LOC|BARCELLOS MOREIRA DOS SANTOS DA:MISC|S I LV E I R:MISC|Tamarah Barcellos Moreira Dos Santos Da S I Lv E I R:PER,,,Parte I (Poder Executivo),https://www.ioerj.com.br/portal/modules/conteudoonline/mostra_edicao.php?session=VVZWRk1FMUVUa1JPYTFsMFRrVkdRMDU1TURCU2Ewa3hURlJyZWsxcVZYUlNWRmt3VWxSSmVVMXFRVEZTYWxVd1RWUmpNMDU2VlhoUFJHTjZUbWM5UFE9PQ==,LAKE\RJ\2024\11\DOERJ_PARTE_I_PODER_EXECUTIVO_2024-11-22.md,D:\github\exoneracoes_nomeacoes_dou\saida\RJ\DOERJ_2024.csv,609,exoneracao,2024-11-07,do cargo em comissão de Ajudante I,da Superintendência da Operação Segu￾rança Presente,15,sim,2024-11-07,do cargo em comissão de Ajudante I,da Superintendência da Operação Segu￾rança Presente,15,nao,nao,,,
TANIA REGINA HYGINO,2,RJ,Diario Oficial do Estado do Rio de Janeiro,2026-01-22,2026,nomeacao,TANIA REGINA HYGINO,TANIA REGINA HYGINO,sim,TANIA REGINA HYGINO:MISC|Tania Regina Hygino:PER,,,Parte I (Poder Executivo),https://www.ioerj.com.br/portal/modules/conteudoonline/mostra_edicao.php?session=VW10Vk5FNVVSa0pQVkZsMFRWVk5ORTFwTURCT1JFNUNURlJyTVUxclJYUlJla0Y2VWtSQk5WSkZSa05TYWxWNFRWUmpNMDU2VlhoTmFrMHdUMEU5UFE9PQ==,LAKE\RJ\2026\01\DOERJ_PARTE_I_PODER_EXECUTIVO_2026-01-22.md,D:\github\exoneracoes_nomeacoes_dou\saida\RJ\DOERJ_2026.csv,3758,exoneracao,2026-01-14,do cargo em comissão de Assessor,da Superintendência de Suporte Admi- nistrativo e Judicial,8,sim,2026-01-14,do cargo em comissão de Assessor,da Superintendência de Suporte Admi- nistrativo e Judicial,8,nao,nao,,,
TARIMAR GOMES CUNHA,2,RJ,Diario Oficial do Estado do Rio de Janeiro,2024-12-02,2024,nomeacao,TARIMAR GOMES CUNHA,TARIMAR GOMES CUNHA,sim,TARIMAR GOMES CUNHA:MISC|Tarimar Gomes Cunha:PER,para exercer o cargo em co￾missão de Superintendente,da Superintendência de Gestão Documental e Logística,Parte I (Poder Executivo),https://www.ioerj.com.br/portal/modules/conteudoonline/mostra_edicao.php?session=VWtWU1FsRnJUVFZQUkVWMFVsUldSRTFUTURCU1JFa3pURlJzUms0d1JYUk5SRmw0VDBWSmQwMTZiRU5QVkdoRlRWUmpNMDU2VlhoUFJHTjNUMUU5UFE9PQ==,LAKE\RJ\2024\12\DOERJ_PARTE_I_PODER_EXECUTIVO_2024-12-02.md,D:\github\exoneracoes_nomeacoes_dou\saida\RJ\DOERJ_2024.csv,420,exoneracao,2024-12-02,do Cargo de Chefe de Gabinete,,0,sim,2024-12-02,do Cargo de Chefe de Gabinete,,0,sim,nao,,,
TASSIO DINIZ VIEIRA,2,RJ,Diario Oficial do Estado do Rio de Janeiro,2025-11-28,2025,nomeacao,TASSIO DINIZ VIEIRA,TASSIO DINIZ VIEIRA,sim,DINIZ VIEIRA:MISC|Tassio Diniz Vieira:PER,para exercer o cargo em comissão de Chefe de Unidade,do Departamento de Trânsito do Estado do Rio de Janeiro - DE- TRAN/RJ,Parte I (Poder Executivo),https://www.ioerj.com.br/portal/modules/conteudoonline/mostra_edicao.php?session=VFdwQk5VOVZTVEpSTUZsMFRWVkdSMDlUTURCTk1GcEhURlZKTTFGNlJYUk5hbXhGVGtSRk1sRnFhRVpSYTBsM1RWUmpNMDU2VlhoTmVrbDZUbEU5UFE9PQ==,LAKE\RJ\2025\11\DOERJ_PARTE_I_PODER_EXECUTIVO_2025-11-28.md,D:\github\exoneracoes_nomeacoes_dou\saida\RJ\DOERJ_2025.csv,590,exoneracao,2025-11-28,do cargo em comissão de Chefe de Unidade,,0,sim,2025-11-28,do cargo em comissão de Chefe de Unidade,,0,sim,nao,,,
TATIANA DE SOUZA LOBATO,3,RJ,Diario Oficial do Estado do Rio de Janeiro,2026-01-14,2026,nomeacao,TATIANA DE SOUZA LOBATO,TATIANA DE SOUZA LOBATO,sim,TATIANA:ORG|Tatiana De Souza Lobato:PER,,,Parte I (Poder Executivo),https://www.ioerj.com.br/portal/modules/conteudoonline/mostra_edicao.php?session=VVRCU1JFNVVhRU5TYWtGMFQwUlZlVkY1TURCT2FsRjNURlJvUmxGNlJYUk9hMVY0VFd0Tk5VNVZWWGxPVlVWNVRWUmpNMDU2VlhoTmFsVXhUa0U5UFE9PQ==,LAKE\RJ\2026\01\DOERJ_PARTE_I_PODER_EXECUTIVO_2026-01-14.md,D:\github\exoneracoes_nomeacoes_dou\saida\RJ\DOERJ_2026.csv,3958,exoneracao,2026-01-12,do cargo em comissão de Ajudante I,,2,sim,2026-01-12,do cargo em comissão de Ajudante I,,2,nao,nao,,,
THAIS ABREU RIBEIRO,2,RJ,Diario Oficial do Estado do Rio de Janeiro,2024-12-05,2024,nomeacao,THAIS ABREU RIBEIRO,THAIS ABREU RIBEIRO,sim,THAIS:MISC|Thais Abreu Ribeiro:PER,para exercer o cargo em comissão de - Assistente II,,Parte I (Poder Executivo),https://www.ioerj.com.br/portal/modules/conteudoonline/mostra_edicao.php?session=VWtWT1FrOUVRa05OYWtGMFRXcFdRMUZUTURCTmVrRXdURlZKTlU1RVozUlBWR016VFhwQ1JrMTZTWGRPUkZwSFRWUmpNMDU2VlhoUFJGazFUbWM5UFE9PQ==,LAKE\RJ\2024\12\DOERJ_PARTE_I_PODER_EXECUTIVO_2024-12-05.md,D:\github\exoneracoes_nomeacoes_dou\saida\RJ\DOERJ_2024.csv,329,exoneracao,2024-12-05,do cargo em comissão de Assistente II,,0,sim,2024-12-05,do cargo em comissão de Assistente II,,0,sim,nao,,,
THAIS MUNIZ NAPOLEAO,2,RJ,Diario Oficial do Estado do Rio de Janeiro,2024-10-01,2024,nomeacao,THAIS MUNIZ NAPOLEÃO,THAIS MUNIZ NAPOLEÃO,sim,MUNIZ NAPOLEÃO:MISC|Thais Muniz Napoleão:PER,,da Superintendência de Orçamento e Finança,Parte I (Poder Executivo),https://www.ioerj.com.br/portal/modules/conteudoonline/mostra_edicao.php?session=VGpCUmVVOUVXVE5PYWxGMFRtcFJNazFUTURCT2FrWkdURlZHUkU1NmEzUlNSRVV6VVZWTk5VMUVVVFZOYTFaRlRWUmpNMDU2VlhoUFJHYzFUbmM5UFE9PQ==,LAKE\RJ\2024\10\DOERJ_PARTE_I_PODER_EXECUTIVO_2024-10-01.md,D:\github\exoneracoes_nomeacoes_dou\saida\RJ\DOERJ_2024.csv,1885,exoneracao,2024-10-01,do cargo em comissão de Assistente II,do Gabinete do Secre￾tário,0,sim,2024-10-01,do cargo em comissão de Assistente II,do Gabinete do Secre￾tário,0,nao,sim,,,
THAIZ PEREIRA DO NASCIMENTO,2,RJ,Diario Oficial do Estado do Rio de Janeiro,2026-03-25,2026,nomeacao,THAIZ PEREIRA DO NASCIMENTO,THAIZ PEREIRA DO NASCIMENTO,sim,THAIZ PEREIRA:PER,,da Superintendência de Desportos do Estado do Rio de Janeiro - SUDERJ,Parte I (Poder Executivo),https://www.ioerj.com.br/portal/modules/conteudoonline/mostra_edicao.php?session=VWtWV1ExSkVaM2RPVkVsMFVYcFpOVTFwTURCU2FsWkdURlJvUjFKRlZYUlNWRVpDVVZWUk0wMXJUVE5SVkVFMVRWUmpNMDU2VlhkUFJGbDZUbEU5UFE9PQ==,LAKE\RJ\2026\03\DOERJ_PARTE_I_PODER_EXECUTIVO_2026-03-25.md,D:\github\exoneracoes_nomeacoes_dou\saida\RJ\DOERJ_2026.csv,1333,exoneracao,2026-03-17,do cargo em comissão de Ajudante II,da Superintendência da Juventude,8,sim,2026-03-17,do cargo em comissão de Ajudante II,da Superintendência da Juventude,8,nao,sim,,,
THAYANE NOGUEIRA ALVES,2,RJ,Diario Oficial do Estado do Rio de Janeiro,2025-12-10,2025,nomeacao,THAYANE NOGUEIRA ALVES,THAYANE NOGUEIRA ALVES,sim,THAYANE:ORG|Thayane Nogueira Alves:PER,para exercer o cargo em comissão de Assistente II,,Parte I (Poder Executivo),https://www.ioerj.com.br/portal/modules/conteudoonline/mostra_edicao.php?session=VFZSR1JVNXJSWGxTYTBsMFQwUkZOVTlUTURCTmEwVTFURlJuZUUxVVozUlNSVkV6VFZWTk1sRjZXa1JTUkZWNlRWUmpNMDU2VlhoTmVrRjZUVUU5UFE9PQ==,LAKE\RJ\2025\12\DOERJ_PARTE_I_PODER_EXECUTIVO_2025-12-10.md,D:\github\exoneracoes_nomeacoes_dou\saida\RJ\DOERJ_2025.csv,314,exoneracao,2025-12-10,do cargo em comissão de Assistente II,da Superintendência de Administra- ção e Finanças,0,sim,2025-12-10,do cargo em comissão de Assistente II,da Superintendência de Administra- ção e Finanças,0,sim,nao,,,
THAYNARA ROBERTA OLIVEIRA DOS SANTOS,2,RJ,Diario Oficial do Estado do Rio de Janeiro,2024-12-05,2024,nomeacao,THAYNARA ROBERTA OLIVEIRA DOS SANTOS,THAYNARA ROBERTA OLIVEIRA DOS SANTOS,sim,THAYNARA ROBERTA OLIVEIRA:MISC|Thaynara Roberta Oliveira Dos Santos:PER,para exercer o cargo em comissão de - Ajudante II,,Parte I (Poder Executivo),https://www.ioerj.com.br/portal/modules/conteudoonline/mostra_edicao.php?session=VWtWT1FrOUVRa05OYWtGMFRXcFdRMUZUTURCTmVrRXdURlZKTlU1RVozUlBWR016VFhwQ1JrMTZTWGRPUkZwSFRWUmpNMDU2VlhoUFJGazFUbWM5UFE9PQ==,LAKE\RJ\2024\12\DOERJ_PARTE_I_PODER_EXECUTIVO_2024-12-05.md,D:\github\exoneracoes_nomeacoes_dou\saida\RJ\DOERJ_2024.csv,325,exoneracao,2024-12-05,do cargo em comissão de Ajudante II,,0,sim,2024-12-05,do cargo em comissão de Ajudante II,,0,sim,nao,,,
THAYNARA ROBERTA OLIVEIRA DOS SANTOS,3,RJ,Diario Oficial do Estado do Rio de Janeiro,2026-02-25,2026,nomeacao,THAYNARA ROBERTA OLIVEIRA DOS SANTOS,THAYNARA ROBERTA OLIVEIRA DOS SANTOS,sim,THAYNARA ROBERTA OLIVEIRA:MISC|Thaynara Roberta Oliveira Dos Santos:PER,para exercer o cargo em comissão de Assistente II,,Parte I (Poder Executivo),https://www.ioerj.com.br/portal/modules/conteudoonline/mostra_edicao.php?session=VVZWR1JFNXFXa0pQUlZsMFRucENRbEpETURCU1JWVXpURlJzUlZKRVNYUlNha1pGVWxWYVJrOVVXa1pPYTFVMVRWUmpNMDU2VlhoTlJHY3lUbmM5UFE9PQ==,LAKE\RJ\2026\02\DOERJ_PARTE_I_PODER_EXECUTIVO_2026-02-25.md,D:\github\exoneracoes_nomeacoes_dou\saida\RJ\DOERJ_2026.csv,2742,nomeacao,2024-12-05,para exercer o cargo em comissão de - Ajudante II,,447,sim,2024-12-05,do cargo em comissão de Ajudante II,,447,sim,nao,,,
THAYS PURCINO PEREIRA,2,RJ,Diario Oficial do Estado do Rio de Janeiro,2024-12-11,2024,nomeacao,THAYS PURCINO PEREIRA,THAYS PURCINO PEREIRA,sim,THAYS PURCINO PEREIRA:MISC|Thays Purcino Pereira:PER,para exercer o cargo em comissão de Adjunto I,do Instituto Estadual do Ambiente - INEA,Parte I (Poder Executivo),https://www.ioerj.com.br/portal/modules/conteudoonline/mostra_edicao.php?session=VVdwVmVFNTZRVE5OUlZGMFVWUk5lbEpwTURCTlJFWkVURlJyTlZGcVNYUk5SVWw0VGtWVk1GSlVSVE5QVkdONlRWUmpNMDU2VlhoUFJGa3pUbmM5UFE9PQ==,LAKE\RJ\2024\12\DOERJ_PARTE_I_PODER_EXECUTIVO_2024-12-11.md,D:\github\exoneracoes_nomeacoes_dou\saida\RJ\DOERJ_2024.csv,178,exoneracao,2024-11-08,do cargo em comissão de Assistente II,da Superintendência de Administração e Finanças,33,sim,2024-11-08,do cargo em comissão de Assistente II,da Superintendência de Administração e Finanças,33,sim,sim,,,
THIAGO BARROS DA ROCHA LIMA,2,RJ,Diario Oficial do Estado do Rio de Janeiro,2024-10-25,2024,nomeacao,THIAGO BARROS DA ROCHA LIMA,THIAGO BARROS DA ROCHA LIMA,sim,THIAGO BARROS:ORG|ROCHA LIMA:MISC|Thiago Barros:ORG|Da Rocha Lima:PER,,do Gabinete do Secretário,Parte I (Poder Executivo),https://www.ioerj.com.br/portal/modules/conteudoonline/mostra_edicao.php?session=VDFSUk0xRXdVa1pPZWtWMFVYcEtSMDlUTURCTk1FVTBURlJuTTFKcVkzUk9WVVpDVGpCUmQxRnJUa0pQUkdkNVRWUmpNMDU2VlhoUFJHZDRUWGM5UFE9PQ==,LAKE\RJ\2024\10\DOERJ_PARTE_I_PODER_EXECUTIVO_2024-10-25.md,D:\github\exoneracoes_nomeacoes_dou\saida\RJ\DOERJ_2024.csv,1336,exoneracao,2024-10-25,do cargo em comissão de Assessor,da Autarquia de Proteção e Defesa do Consumidor do Estado do Rio de Janeiro - PROCON-RJ,0,sim,2024-10-25,do cargo em comissão de Assessor,da Autarquia de Proteção e Defesa do Consumidor do Estado do Rio de Janeiro - PROCON-RJ,0,nao,sim,,,
THIAGO DA SILVA COUTO,2,RJ,Diario Oficial do Estado do Rio de Janeiro,2026-03-17,2026,nomeacao,THIAGO DA SILVA COUTO,THIAGO DA SILVA COUTO,sim,THIAGO DA SILVA COUTO:ORG|Thiago Da Silva Couto:PER,,da Superintendência de Tecnologia da Informação,Parte I (Poder Executivo),https://www.ioerj.com.br/portal/modules/conteudoonline/mostra_edicao.php?session=VDFWYVJWSnFTWGhOTUVWMFQxUlpNVkZwTURCUFZGWkVURlZHUms5RVFYUlNhMFpIVGtSc1JWRlVUVFZPUkdSSFRWUmpNMDU2VlhkUFZGVjRUbWM5UFE9PQ==,LAKE\RJ\2026\03\DOERJ_PARTE_I_PODER_EXECUTIVO_2026-03-17.md,D:\github\exoneracoes_nomeacoes_dou\saida\RJ\DOERJ_2026.csv,1976,exoneracao,2026-03-11,do cargo em comissão de Assistente,,6,sim,2026-03-11,do cargo em comissão de Assistente,,6,nao,nao,,,
TIEGO BARBOSA DA SILVA,2,RJ,Diario Oficial do Estado do Rio de Janeiro,2025-12-10,2025,nomeacao,TIEGO BARBOSA DA SILVA,TIEGO BARBOSA DA SILVA,sim,TIEGO BARBOSA DA SILVA:PER,para exercer o cargo em comissão de Ajudante I,,Parte I (Poder Executivo),https://www.ioerj.com.br/portal/modules/conteudoonline/mostra_edicao.php?session=VFZSR1JVNXJSWGxTYTBsMFQwUkZOVTlUTURCTmEwVTFURlJuZUUxVVozUlNSVkV6VFZWTk1sRjZXa1JTUkZWNlRWUmpNMDU2VlhoTmVrRjZUVUU5UFE9PQ==,LAKE\RJ\2025\12\DOERJ_PARTE_I_PODER_EXECUTIVO_2025-12-10.md,D:\github\exoneracoes_nomeacoes_dou\saida\RJ\DOERJ_2025.csv,313,exoneracao,2025-11-25,do cargo em comissão de Ajudante I,da Superintendência da Operação FOCO,15,sim,2025-11-25,do cargo em comissão de Ajudante I,da Superintendência da Operação FOCO,15,sim,nao,,,
UINA SPENCER PINA,2,RJ,Diario Oficial do Estado do Rio de Janeiro,2026-03-13,2026,nomeacao,UINA SPENCER PINA,UINA SPENCER PINA,sim,UINA SPENCER PINA:ORG|Uina Spencer Pina:PER,para exercer o cargo em comissão de Coordenador,da Subsecretaria Adjunta de Relações Internacionais,Parte I (Poder Executivo),https://www.ioerj.com.br/portal/modules/conteudoonline/mostra_edicao.php?session=VG10Uk5VMUZSVEZTUlZsMFRucEZOVTFUTURCTmFteEhURlJvUlU1clZYUk9SRWt6VFhwb1IwOVZTVEpOUlVsNFRWUmpNMDU2VlhkUFZHZDVUa0U5UFE9PQ==,LAKE\RJ\2026\03\DOERJ_PARTE_I_PODER_EXECUTIVO_2026-03-13.md,D:\github\exoneracoes_nomeacoes_dou\saida\RJ\DOERJ_2026.csv,2067,exoneracao,2026-03-13,do cargo em comissão de Assessor,da Subsecretaria Adjunta de Relações Internacionais,0,sim,2026-03-13,do cargo em comissão de Assessor,da Subsecretaria Adjunta de Relações Internacionais,0,sim,nao,,,
URSULA BONOMO ABELHA,2,RJ,Diario Oficial do Estado do Rio de Janeiro,2026-04-14,2026,nomeacao,URSULA BONOMO ABELHA,URSULA BONOMO ABELHA,sim,Ursula Bonomo Abelha:PER,para exercer o cargo de Subsecretário Adjunto,da Subsecretaria de Gestão Administrativa e Financeira,Parte I (Poder Executivo),https://www.ioerj.com.br/portal/modules/conteudoonline/mostra_edicao.php?session=VGtSQk1GRlZWa1JPUlZsMFRsUkplRTFwTURCU1JFVXdURlJuTUZGVlVYUlNhbGt5VVdwR1ExSlVZM2RTUkVaRlRWUmpNMDU2VlhkT2VrMDFUMEU5UFE9PQ==,LAKE\RJ\2026\04\DOERJ_PARTE_I_PODER_EXECUTIVO_2026-04-14.md,D:\github\exoneracoes_nomeacoes_dou\saida\RJ\DOERJ_2026.csv,934,exoneracao,2026-03-20,do cargo em comissão de Coordenador,,25,sim,2026-03-20,do cargo em comissão de Coordenador,,25,sim,nao,,,
VALERIA CANUTO RUELA,3,RJ,Diario Oficial do Estado do Rio de Janeiro,2026-03-11,2026,nomeacao,VALERIA CANUTO RUELA,VALERIA CANUTO RUELA,sim,Valeria Canuto Ruela:PER,para exercer o cargo de Chefe de Gabinete,da Fundação Leão XIII -FLXIII,Parte I (Poder Executivo),https://www.ioerj.com.br/portal/modules/conteudoonline/mostra_edicao.php?session=VGtSck1GRlZSa1pPVlUxMFRYcE5lRTU1TURCUmVra3dURlZHUkU0d1JYUk9WVlV4VGtSSk5FNXFVVEJPYWxaSFRWUmpNMDU2VlhkUFZHYzBUa0U5UFE9PQ==,LAKE\RJ\2026\03\DOERJ_PARTE_I_PODER_EXECUTIVO_2026-03-11.md,D:\github\exoneracoes_nomeacoes_dou\saida\RJ\DOERJ_2026.csv,2158,exoneracao,2026-03-10,do cargo em comissão de Assistente II,,1,sim,2026-03-10,do cargo em comissão de Assistente II,,1,sim,nao,,,
VALERIA CANUTO RUELA,4,RJ,Diario Oficial do Estado do Rio de Janeiro,2026-03-11,2026,nomeacao,VALERIA CANUTO RUELA,VALERIA CANUTO RUELA,sim,Valeria Canuto Ruela:PER,para exercer o cargo de Chefe de Gabinete,da Fundação Leão XIII - FLXIII,Parte I (Poder Executivo),https://www.ioerj.com.br/portal/modules/conteudoonline/mostra_edicao.php?session=VGtSck1GRlZSa1pPVlUxMFRYcE5lRTU1TURCUmVra3dURlZHUkU0d1JYUk9WVlV4VGtSSk5FNXFVVEJPYWxaSFRWUmpNMDU2VlhoTlZHTjRUVkU5UFE9PQ==,LAKE\RJ\2026\03\DOERJ_PARTE_I_PODER_EXECUTIVO_2026-03-11.md,D:\github\exoneracoes_nomeacoes_dou\saida\RJ\DOERJ_2026.csv,2918,nomeacao,2026-03-11,para exercer o cargo de Chefe de Gabinete,da Fundação Leão XIII -FLXIII,0,sim,2026-03-10,do cargo em comissão de Assistente II,,1,sim,nao,,,
VALESCA STUART VILACA,2,RJ,Diario Oficial do Estado do Rio de Janeiro,2024-12-10,2024,nomeacao,VALESCA STUART VILAÇA,VALESCA STUART VILAÇA,sim,VALESCA STUART VILAÇA:PER,para exercer o cargo em comissão de Assistente II,da Subsecretaria de Políticas Inclusivas,Parte I (Poder Executivo),https://www.ioerj.com.br/portal/modules/conteudoonline/mostra_edicao.php?session=VFhwbmQwNXJWa0pOVlVsMFVWUk5NMDE1TURCT1JFVTBURlZHUkZGVldYUlJWRnBIVFd0T1IwMXFXWGROZWxWNFRWUmpNMDU2VlhoUFJGazBUWGM5UFE9PQ==,LAKE\RJ\2024\12\DOERJ_PARTE_I_PODER_EXECUTIVO_2024-12-10.md,D:\github\exoneracoes_nomeacoes_dou\saida\RJ\DOERJ_2024.csv,188,exoneracao,2024-12-10,do cargo em comissão de Assistente II,da Fundação para a Infância e Adolescência - FIA/RJ,0,sim,2024-12-10,do cargo em comissão de Assistente II,da Fundação para a Infância e Adolescência - FIA/RJ,0,sim,sim,,,
VALFREDO BATISTA DOS SANTOS NETO,2,RJ,Diario Oficial do Estado do Rio de Janeiro,2026-03-23,2026,nomeacao,VALFREDO BATISTA DOS SANTOS NETO,VALFREDO BATISTA DOS SANTOS NETO,sim,BATISTA DOS SANTOS NETO:MISC|Valfredo Batista Dos Santos Neto:PER,,da Subsecretaria de Gestão Administrativa e Patrimonial,Parte I (Poder Executivo),https://www.ioerj.com.br/portal/modules/conteudoonline/mostra_edicao.php?session=VW1wQ1IwNTZSVE5SYTFsMFRWUkJNazVwTURCT01Fa3dURlJzUmxKVlVYUlBWR1JEVFdwc1IwNHdXWGROZWtFeFRWUmpNMDU2VlhkUFJHdDZUWGM5UFE9PQ==,LAKE\RJ\2026\03\DOERJ_PARTE_I_PODER_EXECUTIVO_2026-03-23.md,D:\github\exoneracoes_nomeacoes_dou\saida\RJ\DOERJ_2026.csv,1510,exoneracao,2026-03-19,do cargo em comissão de Assessor,da Subsecretaria de Planejamento e Projetos Especiais,4,sim,2026-03-19,do cargo em comissão de Assessor,da Subsecretaria de Planejamento e Projetos Especiais,4,nao,sim,,,
VALTER DE OLIVEIRA FERRAZ,2,RJ,Diario Oficial do Estado do Rio de Janeiro,2025-11-07,2025,nomeacao,VALTER DE OLIVEIRA FERRAZ,VALTER DE OLIVEIRA FERRAZ,sim,OLIVEIRA FERRAZ:ORG|Valter De Oliveira Ferraz:PER,para exercer o cargo em comissão de Diretor de Divisão,da Fundação Centro de Ciências e Educação Supe- rior à Distância do Estado do Rio de Janeiro - CECIERJ,Parte I (Poder Executivo),https://www.ioerj.com.br/portal/modules/conteudoonline/mostra_edicao.php?session=VWtWUk0wMVVSa1pOVlUxMFVUQkZlVkpUTURCU1JFbDRURlZKTTFGcVNYUlBWRVV6VFdwSmQwMXJTVEZTVkVKR1RWUmpNMDU2VlhoTmVsRXlUbmM5UFE9PQ==,LAKE\RJ\2025\11\DOERJ_PARTE_I_PODER_EXECUTIVO_2025-11-07.md,D:\github\exoneracoes_nomeacoes_dou\saida\RJ\DOERJ_2025.csv,1035,exoneracao,2025-11-07,do cargo em comissão de Assessor,do Departamento de Material,0,sim,2025-11-07,do cargo em comissão de Assessor,do Departamento de Material,0,sim,sim,,,
VANESSA AZEVEDO DA MOTTA,2,RJ,Diario Oficial do Estado do Rio de Janeiro,2026-03-17,2026,nomeacao,VANESSA AZEVEDO DA MOTTA,VANESSA AZEVEDO DA MOTTA,sim,MOTTA:ORG|Vanessa Azevedo Da Motta:PER,para exercer o cargo de Superintendente,da Superintendência Técnica de Infraestrutura e Logística,Parte I (Poder Executivo),https://www.ioerj.com.br/portal/modules/conteudoonline/mostra_edicao.php?session=VDFWYVJWSnFTWGhOTUVWMFQxUlpNVkZwTURCUFZGWkVURlZHUms5RVFYUlNhMFpIVGtSc1JWRlVUVFZPUkdSSFRWUmpNMDU2VlhkUFZGVjRUbWM5UFE9PQ==,LAKE\RJ\2026\03\DOERJ_PARTE_I_PODER_EXECUTIVO_2026-03-17.md,D:\github\exoneracoes_nomeacoes_dou\saida\RJ\DOERJ_2026.csv,1922,exoneracao,2026-03-17,do cargo em comissão de Assessor,da Subsecretaria de Gestão Administrativa,0,sim,2026-03-17,do cargo em comissão de Assessor,da Subsecretaria de Gestão Administrativa,0,sim,sim,,,
VICENTE STUTZ OLIVEIRA,2,RJ,Diario Oficial do Estado do Rio de Janeiro,2025-11-17,2025,nomeacao,VICENTE STUTZ OLIVEIRA,VICENTE STUTZ OLIVEIRA,sim,VICENTE STUTZ OLIVEIRA:PER,para exercer o cargo em comissão de Assessor III,do Instituto Estadual do Ambiente - INEA,Parte I (Poder Executivo),https://www.ioerj.com.br/portal/modules/conteudoonline/mostra_edicao.php?session=VWxWUk5FMXFhRUpSYWxWMFVXcGFSbEpUTURCUFZFcEhURlZGTlZKRVdYUk5WVlpHVVZSYVJVNUVWVFJPYTFWNlRWUmpNMDU2VlhoTmVrMHlUV2M5UFE9PQ==,LAKE\RJ\2025\11\DOERJ_PARTE_I_PODER_EXECUTIVO_2025-11-17.md,D:\github\exoneracoes_nomeacoes_dou\saida\RJ\DOERJ_2025.csv,888,exoneracao,2025-11-17,do cargo em comissão de Adjunto II,do Instituto Estadual do Ambiente - INEA,0,sim,2025-11-17,do cargo em comissão de Adjunto II,do Instituto Estadual do Ambiente - INEA,0,sim,nao,,,
VICTOR BRAZ SANTANA,2,RJ,Diario Oficial do Estado do Rio de Janeiro,2024-10-04,2024,nomeacao,VICTOR BRAZ SANTANA,VICTOR BRAZ SANTANA,sim,VICTOR BRAZ SANTANA:LOC|Victor Braz Santana:PER,para exercer o cargo em comissão de Assistente,da Subsecretaria de Tecnologia da Informação e Comunicação,Parte I (Poder Executivo),https://www.ioerj.com.br/portal/modules/conteudoonline/mostra_edicao.php?session=VGxWUk5FMUZXVEJPZWtsMFRVVkdSVTE1TURCTmVsVTBURlJuTWs1clRYUk5NRnBIVFZSak1rNXJVa2RSYWtGNlRWUmpNMDU2VlhoUFJHYzBUWGM5UFE9PQ==,LAKE\RJ\2024\10\DOERJ_PARTE_I_PODER_EXECUTIVO_2024-10-04.md,D:\github\exoneracoes_nomeacoes_dou\saida\RJ\DOERJ_2024.csv,1803,exoneracao,2024-10-04,do cargo em comissão de Ajudante I,,0,sim,2024-10-04,do cargo em comissão de Ajudante I,,0,sim,nao,,,
VICTOR HUGO ABREU CHAVALIER,4,RJ,Diario Oficial do Estado do Rio de Janeiro,2026-03-11,2026,nomeacao,VICTOR HUGO ABREU CHAVALIER,VICTOR HUGO ABREU CHAVALIER,sim,VICTOR HUGO ABREU:MISC|Victor Hugo Abreu Chavalier:PER,,da Superintendência de Gestão,Parte I (Poder Executivo),https://www.ioerj.com.br/portal/modules/conteudoonline/mostra_edicao.php?session=VGtSck1GRlZSa1pPVlUxMFRYcE5lRTU1TURCUmVra3dURlZHUkU0d1JYUk9WVlV4VGtSSk5FNXFVVEJPYWxaSFRWUmpNMDU2VlhkUFZHYzBUa0U5UFE9PQ==,LAKE\RJ\2026\03\DOERJ_PARTE_I_PODER_EXECUTIVO_2026-03-11.md,D:\github\exoneracoes_nomeacoes_dou\saida\RJ\DOERJ_2026.csv,2216,exoneracao,2026-03-09,do cargo em comissão de Coordenador,da Subsecretaria de Gestão e Desenvol- vimento Regional do Interior,2,sim,2026-03-09,do cargo em comissão de Coordenador,da Subsecretaria de Gestão e Desenvol- vimento Regional do Interior,2,nao,sim,,,
VICTORIA CAVALCANTI FIDALGO BARBOSA,2,RJ,Diario Oficial do Estado do Rio de Janeiro,2024-11-11,2024,nomeacao,VICTÓRIA CAVALCANTI FIDALGO BARBOSA,VICTÓRIA CAVALCANTI FIDALGO BARBOSA,sim,CAVALCANTI FIDALGO BARBOSA:MISC|Victória Cavalcanti Fidalgo Barbosa:PER,,da Superintendência de Tecnologia da Informação,Parte I (Poder Executivo),https://www.ioerj.com.br/portal/modules/conteudoonline/mostra_edicao.php?session=VFdwRk5WSnFTVFZQUkZWMFRWUlplRkpwTURCTmVrRjVURlZLUlZGNlRYUlJWVlV4VGpCSmVsRlVVa1pOZW1zd1RWUmpNMDU2VlhoUFJHTXlUV2M5UFE9PQ==,LAKE\RJ\2024\11\DOERJ_PARTE_I_PODER_EXECUTIVO_2024-11-11.md,D:\github\exoneracoes_nomeacoes_dou\saida\RJ\DOERJ_2024.csv,795,exoneracao,2024-11-11,do cargo em comissão de Assistente,da Subsecretaria de Planejamento e Ações Estratégicas,0,sim,2024-11-11,do cargo em comissão de Assistente,da Subsecretaria de Planejamento e Ações Estratégicas,0,nao,sim,,,
VINICIUS FARIA CHRISPINO SILVEIRA,2,RJ,Diario Oficial do Estado do Rio de Janeiro,2025-11-07,2025,nomeacao,VINICIUS FARIA CHRISPINO SILVEIRA,VINICIUS FARIA CHRISPINO SILVEIRA,sim,VINICIUS FARIA CHRISPINO SILVEIRA:PER,,da Fundação Anita Mantuano de Artes do Estado do Rio de Janeiro - FUNARJ,Parte I (Poder Executivo),https://www.ioerj.com.br/portal/modules/conteudoonline/mostra_edicao.php?session=VWtWUk0wMVVSa1pOVlUxMFVUQkZlVkpUTURCU1JFbDRURlZKTTFGcVNYUlBWRVV6VFdwSmQwMXJTVEZTVkVKR1RWUmpNMDU2VlhoTmVsRXlUbmM5UFE9PQ==,LAKE\RJ\2025\11\DOERJ_PARTE_I_PODER_EXECUTIVO_2025-11-07.md,D:\github\exoneracoes_nomeacoes_dou\saida\RJ\DOERJ_2025.csv,1068,exoneracao,2025-11-07,do cargo em comissão de Adjunto II,da Fundação Anita Mantuano de Artes do Estado do Rio de Janeiro - FUNARJ,0,sim,2025-11-07,do cargo em comissão de Adjunto II,da Fundação Anita Mantuano de Artes do Estado do Rio de Janeiro - FUNARJ,0,nao,nao,,,
VINICIUS FARIA CHRISPINO SILVEIRA,3,RJ,Diario Oficial do Estado do Rio de Janeiro,2026-03-02,2026,nomeacao,VINICIUS FARIA CHRISPINO SILVEIRA,VINICIUS FARIA CHRISPINO SILVEIRA,sim,VINICIUS FARIA CHRISPINO SILVEIRA:PER,do cargo em comissão de Assessor-Chefe,da Fundação Anita Mantuano de Artes do Estado do Rio de Janeiro - FUNARJ,Parte I (Poder Executivo),https://www.ioerj.com.br/portal/modules/conteudoonline/mostra_edicao.php?session=VG10Vk0wOUVXWGROVlZWMFQwUkNSVTVETURCT1ZFbDZURlZHUkZGcVRYUlNWR1JIVDBSR1JsRXdUVFJPUkZKSFRWUmpNMDU2VlhoTlJGVjZUWGM5UFE9PQ==,LAKE\RJ\2026\03\DOERJ_PARTE_I_PODER_EXECUTIVO_2026-03-02.md,D:\github\exoneracoes_nomeacoes_dou\saida\RJ\DOERJ_2026.csv,2613,nomeacao,2025-11-07,,da Fundação Anita Mantuano de Artes do Estado do Rio de Janeiro - FUNARJ,115,sim,2025-11-07,do cargo em comissão de Adjunto II,da Fundação Anita Mantuano de Artes do Estado do Rio de Janeiro - FUNARJ,115,sim,nao,,,
VINICIUS MEDEIROS BOAVENTURA,3,RJ,Diario Oficial do Estado do Rio de Janeiro,2026-03-20,2026,nomeacao,VINICIUS MEDEIROS BOAVENTURA,VINICIUS MEDEIROS BOAVENTURA,sim,VINICIUS:PER,para exercer o cargo de Presidente,da Superintendência de Desportos do Estado do Rio de Janeiro - SUDERJ,Parte I (Poder Executivo),https://www.ioerj.com.br/portal/modules/conteudoonline/mostra_edicao.php?session=VVhwR1EwNUZWVEJSYTBsMFQxVk5kMDlUTURCTk1Fa3hURlZKZWxKRlJYUk5NRkpEVVZWRk1sRXdUWGRPVlZWM1RWUmpNMDU2VlhkUFZFRTBUbmM5UFE9PQ==,LAKE\RJ\2026\03\DOERJ_PARTE_I_PODER_EXECUTIVO_2026-03-20.md,D:\github\exoneracoes_nomeacoes_dou\saida\RJ\DOERJ_2026.csv,1616,exoneracao,2026-03-20,do cargo em comissão de Assessor Especial,da Superintendência de Desportos do Estado do Rio de Janeiro - SUDERJ,0,sim,2026-03-20,do cargo em comissão de Assessor Especial,da Superintendência de Desportos do Estado do Rio de Janeiro - SUDERJ,0,sim,nao,,,
VINICIUS PEREIRA BRUM,3,RJ,Diario Oficial do Estado do Rio de Janeiro,2025-12-18,2025,nomeacao,VINICIUS PEREIRA BRUM,VINICIUS PEREIRA BRUM,sim,VINICIUS PEREIRA BRUM:PER,para exercer o cargo em co- missão de Assistente II,,Parte I (Poder Executivo),https://www.ioerj.com.br/portal/modules/conteudoonline/mostra_edicao.php?session=VFVWRmVFMHdVWGROTUUxMFRucFdSVTVETURCTmVrVXdURlZGZDA1VVFYUlJWVkYzVDFSQmVsSnFWVFJQVkVwR1RWUmpNMDU2VlhoTmFtY3hUV2M5UFE9PQ==,LAKE\RJ\2025\12\DOERJ_PARTE_I_PODER_EXECUTIVO_2025-12-18.md,D:\github\exoneracoes_nomeacoes_dou\saida\RJ\DOERJ_2025.csv,122,exoneracao,2025-12-17,do cargo em comissão de Secretário I,do Departamento de Trânsito do Estado do Rio de Janeiro - DETRAN_RJ,1,sim,2025-12-17,do cargo em comissão de Secretário I,do Departamento de Trânsito do Estado do Rio de Janeiro - DETRAN_RJ,1,sim,nao,,,
VIVIANNE DE CARVALHO LOMBA PEREIRA,2,RJ,Diario Oficial do Estado do Rio de Janeiro,2024-10-08,2024,nomeacao,VIVIANNE DE CARVALHO LOMBA PEREIRA,VIVIANNE DE CARVALHO LOMBA PEREIRA,sim,Vivianne De Carvalho Lomba Pereira:PER,para exercer o cargo em comissão de Chefe,,Parte I (Poder Executivo),https://www.ioerj.com.br/portal/modules/conteudoonline/mostra_edicao.php?session=VFhwbmVGRjZZM2xTUkVsMFRWUmpNVkpETURCT1ZFMHlURlZKTVUxRlJYUlBSRmw2VFVSbk0wNVVSa1pPUkd0NVRWUmpNMDU2VlhoUFJHY3pUWGM5UFE9PQ==,LAKE\RJ\2024\10\DOERJ_PARTE_I_PODER_EXECUTIVO_2024-10-08.md,D:\github\exoneracoes_nomeacoes_dou\saida\RJ\DOERJ_2024.csv,1755,exoneracao,2024-10-08,do cargo em comissão de Ajudante II,,0,sim,2024-10-08,do cargo em comissão de Ajudante II,,0,sim,nao,,,
WAGNER VILLARES DE OLIVEIRA,2,RJ,Diario Oficial do Estado do Rio de Janeiro,2026-04-29,2026,nomeacao,WAGNER VILLARES DE OLIVEIRA,WAGNER VILLARES DE OLIVEIRA,sim,VILLARES DE OLIVEIRA:PER,,do Gabinete de Segurança Institucional do Governo,Parte I (Poder Executivo),https://www.ioerj.com.br/portal/modules/conteudoonline/mostra_edicao.php?session=VDFSSmVrMXJTa2RTUlUxMFVWUkdSVTU1TURCU1ZWRTBURlJuTkU5VVNYUk5NRmw1VGxWTk5WRXdTVFZPZWtWNVRWUmpNMDU2VlhkT2FsRTFUa0U5UFE9PQ==,LAKE\RJ\2026\04\DOERJ_PARTE_I_PODER_EXECUTIVO_2026-04-29.md,D:\github\exoneracoes_nomeacoes_dou\saida\RJ\DOERJ_2026.csv,65,exoneracao,2026-04-15,do cargo de Subsecretário Adjunto,da Subsecretaria Adjunta Militar,14,sim,2026-04-15,do cargo de Subsecretário Adjunto,da Subsecretaria Adjunta Militar,14,nao,sim,,,
WALDIR FRUTUOSO DE BARROS,2,RJ,Diario Oficial do Estado do Rio de Janeiro,2026-03-04,2026,nomeacao,WALDIR FRUTUOSO DE BARROS,WALDIR FRUTUOSO DE BARROS,sim,FRUTUOSO DE BARROS:LOC|Waldir Frutuoso De Barros:PER,,,Parte I (Poder Executivo),https://www.ioerj.com.br/portal/modules/conteudoonline/mostra_edicao.php?session=VG5wT1IwMVVhRUpOUlVsMFVWUnNSazVUTURCUmFscEZURlZGTTA1RVozUlJWR1JGVWtWUk5GSlVhelJSVkZKRlRWUmpNMDU2VlhoTlJGRjZUVUU5UFE9PQ==,LAKE\RJ\2026\03\DOERJ_PARTE_I_PODER_EXECUTIVO_2026-03-04.md,D:\github\exoneracoes_nomeacoes_dou\saida\RJ\DOERJ_2026.csv,2505,exoneracao,2026-03-02,do cargo em comissão de Ajudante I,da Fundação Leão XIII,2,sim,2026-03-02,do cargo em comissão de Ajudante I,da Fundação Leão XIII,2,nao,nao,,,
WALLACE ALMEIDA DE SOUZA,2,RJ,Diario Oficial do Estado do Rio de Janeiro,2024-12-05,2024,nomeacao,WALLACE ALMEIDA DE SOUZA,WALLACE ALMEIDA DE SOUZA,sim,WALLACE ALMEIDA DE SOUZA:PER,para exercer o cargo em comissão de Adjunto II,da Fundação Anita Mantuano de Artes do Estado do Rio de Janeiro - FUNARJ,Parte I (Poder Executivo),https://www.ioerj.com.br/portal/modules/conteudoonline/mostra_edicao.php?session=VWtWT1FrOUVRa05OYWtGMFRXcFdRMUZUTURCTmVrRXdURlZKTlU1RVozUlBWR016VFhwQ1JrMTZTWGRPUkZwSFRWUmpNMDU2VlhoUFJGazFUbWM5UFE9PQ==,LAKE\RJ\2024\12\DOERJ_PARTE_I_PODER_EXECUTIVO_2024-12-05.md,D:\github\exoneracoes_nomeacoes_dou\saida\RJ\DOERJ_2024.csv,363,exoneracao,2024-10-29,do cargo em comissão de Chefe de Serviço,do Gabinete de Segu￾rança Institucional do Governo do Estado do Rio de Janeiro - GSI-RJ,37,sim,2024-10-29,do cargo em comissão de Chefe de Serviço,do Gabinete de Segu￾rança Institucional do Governo do Estado do Rio de Janeiro - GSI-RJ,37,sim,sim,,,
WASHINGTON LUIZ PEREIRA MATTOS,2,RJ,Diario Oficial do Estado do Rio de Janeiro,2026-03-19,2026,nomeacao,WASHINGTON LUIZ PEREIRA MATTOS,WASHINGTON LUIZ PEREIRA MATTOS,sim,WASHINGTON LUIZ:PER,para exercer o cargo em comissão de Ajudante I,da Subsecretaria de Gestão e Fiscalização de Obras,Parte I (Poder Executivo),https://www.ioerj.com.br/portal/modules/conteudoonline/mostra_edicao.php?session=VFZWTmVrMTZhekpOVkd0MFRtcGpNRkZUTURCT1ZFRXdURlZKTWsxRVVYUlBSRWsxVW1wWk1FNUVaelZTYTFFeVRWUmpNMDU2VlhkUFZFa3hUbWM5UFE9PQ==,LAKE\RJ\2026\03\DOERJ_PARTE_I_PODER_EXECUTIVO_2026-03-19.md,D:\github\exoneracoes_nomeacoes_dou\saida\RJ\DOERJ_2026.csv,1832,exoneracao,2025-12-12,do cargo de Superintendente,da Subsecretaria de Fisca- lização de Obras,97,sim,2025-12-12,do cargo de Superintendente,da Subsecretaria de Fisca- lização de Obras,97,sim,sim,,,
WESLLEY DA SILVA BARBOSA,2,RJ,Diario Oficial do Estado do Rio de Janeiro,2026-02-11,2026,nomeacao,WESLLEY DA SILVA BARBOSA,WESLLEY DA SILVA BARBOSA,sim,WESLLEY DA SILVA:MISC|BARBOSA:MISC|Weslley Da Silva Barbosa:PER,da Assessoria de Comunicação,,Parte I (Poder Executivo),https://www.ioerj.com.br/portal/modules/conteudoonline/mostra_edicao.php?session=VFZSR1EwMHdWWGhPVkUxMFRYcEdRMDFETURCT1ZHUkdURlZGZWxGcVJYUk9lbXQ1VG1wbk5WSkVXa1ZSYTFVd1RWUmpNMDU2VlhoTlZHc3lUbmM5UFE9PQ==,LAKE\RJ\2026\02\DOERJ_PARTE_I_PODER_EXECUTIVO_2026-02-11.md,D:\github\exoneracoes_nomeacoes_dou\saida\RJ\DOERJ_2026.csv,3177,exoneracao,2026-02-03,do cargo em comissão de Assistente,,8,sim,2026-02-03,do cargo em comissão de Assistente,,8,sim,nao,,,
WINDSON MACIEL,2,RJ,Diario Oficial do Estado do Rio de Janeiro,2026-04-28,2026,nomeacao,WINDSON MACIEL,WINDSON MACIEL,sim,WINDSON MACIEL:MISC|Windson Maciel:PER,,,Parte I (Poder Executivo),https://www.ioerj.com.br/portal/modules/conteudoonline/mostra_edicao.php?session=VGtSYVFrMXJTWGRQUlZsMFVXcGpNRTVwTURCU1ZFVjNURlJzUkU5VVVYUlJlbGt5VDBSS1ExSnFXWHBOYWxWNlRWUmpNMDU2VlhkT2FsbDNUMUU5UFE9PQ==,LAKE\RJ\2026\04\DOERJ_PARTE_I_PODER_EXECUTIVO_2026-04-28.md,D:\github\exoneracoes_nomeacoes_dou\saida\RJ\DOERJ_2026.csv,254,exoneracao,2026-03-02,do cargo de Subsecretário,da Subsecretaria Executiva,57,sim,2026-03-02,do cargo de Subsecretário,da Subsecretaria Executiva,57,nao,nao,,,
YASMIN MIRANDA DA COSTA,2,RJ,Diario Oficial do Estado do Rio de Janeiro,2026-04-14,2026,nomeacao,YASMIN MIRANDA DA COSTA,YASMIN MIRANDA DA COSTA,sim,YASMIN MIRANDA:PER,,,Parte I (Poder Executivo),https://www.ioerj.com.br/portal/modules/conteudoonline/mostra_edicao.php?session=VGtSQk1GRlZWa1JPUlZsMFRsUkplRTFwTURCU1JFVXdURlJuTUZGVlVYUlNhbGt5VVdwR1ExSlVZM2RTUkVaRlRWUmpNMDU2VlhkT2VrMDFUMEU5UFE9PQ==,LAKE\RJ\2026\04\DOERJ_PARTE_I_PODER_EXECUTIVO_2026-04-14.md,D:\github\exoneracoes_nomeacoes_dou\saida\RJ\DOERJ_2026.csv,944,exoneracao,2026-04-06,do cargo em comissão de Diretor de Departamento,do Departamento de Contratos e Convênios,8,sim,2026-04-06,do cargo em comissão de Diretor de Departamento,do Departamento de Contratos e Convênios,8,nao,nao,,,
ZAMIRA TEREZA FELIX SANTOS,2,RJ,Diario Oficial do Estado do Rio de Janeiro,2025-11-28,2025,nomeacao,ZAMIRA TEREZA FÉLIX SANTOS,ZAMIRA TEREZA FÉLIX SANTOS,sim,ZAMIRA TEREZA:MISC|Zamira Tereza Félix Santos:PER,,do Instituto Estadual do Ambiente - INEA,Parte I (Poder Executivo),https://www.ioerj.com.br/portal/modules/conteudoonline/mostra_edicao.php?session=VFdwQk5VOVZTVEpSTUZsMFRWVkdSMDlUTURCTk1GcEhURlZKTTFGNlJYUk5hbXhGVGtSRk1sRnFhRVpSYTBsM1RWUmpNMDU2VlhoTmVrbDZUbEU5UFE9PQ==,LAKE\RJ\2025\11\DOERJ_PARTE_I_PODER_EXECUTIVO_2025-11-28.md,D:\github\exoneracoes_nomeacoes_dou\saida\RJ\DOERJ_2025.csv,618,exoneracao,2025-11-28,do cargo em comissão de Assistente II,do Instituto Es- tadual do Ambiente - INEA,0,sim,2025-11-28,do cargo em comissão de Assistente II,do Instituto Es- tadual do Ambiente - INEA,0,nao,sim,,,
