estado,diario,data_publicacao,caderno,tipo_ato,nome,cargo,orgao,trecho,fonte_url,arquivo_markdown
RJ,Diario Oficial do Estado do Rio de Janeiro,2026-04-29,Parte I (Poder Executivo),exoneracao,ADILSON DE FARIA MACIEL,do cargo de Secretário de Estado,,"EXONERAR a pedido, ADILSON DE FARIA MACIEL , ID FUNCIONAL Nº 50879766/05, do cargo de Secretário de Estado, símbolo SE, da",https://www.ioerj.com.br/portal/modules/conteudoonline/mostra_edicao.php?session=VDFSSmVrMXJTa2RTUlUxMFVWUkdSVTU1TURCU1ZWRTBURlJuTkU5VVNYUk5NRmw1VGxWTk5WRXdTVFZPZWtWNVRWUmpNMDU2VlhkT1ZGazBUVUU5UFE9PQ==,LAKE\RJ\2026\04\DOERJ_PARTE_I_PODER_EXECUTIVO_2026-04-29.md
RJ,Diario Oficial do Estado do Rio de Janeiro,2026-04-29,Parte I (Poder Executivo),nomeacao,RAFAEL VENTURA ABREU,para exercer o cargo de Secretário de Estado,,"NOMEAR RAFAEL VENTURA ABREU , ID FUNCIONAL Nº 50077570/01, para exercer o cargo de Secretário de Estado, símbolo SE, da",https://www.ioerj.com.br/portal/modules/conteudoonline/mostra_edicao.php?session=VDFSSmVrMXJTa2RTUlUxMFVWUkdSVTU1TURCU1ZWRTBURlJuTkU5VVNYUk5NRmw1VGxWTk5WRXdTVFZPZWtWNVRWUmpNMDU2VlhkT1ZGazBUVUU5UFE9PQ==,LAKE\RJ\2026\04\DOERJ_PARTE_I_PODER_EXECUTIVO_2026-04-29.md
RJ,Diario Oficial do Estado do Rio de Janeiro,2026-04-29,Parte I (Poder Executivo),exoneracao,JULIANO PASQUAL,do cargo de Secretário de Estado,,"EXONERAR a pedido, JULIANO PASQUAL , ID FUNCIONAL Nº 51585820/1, do cargo de Secretário de Estado, símbolo SE, da",https://www.ioerj.com.br/portal/modules/conteudoonline/mostra_edicao.php?session=VDFSSmVrMXJTa2RTUlUxMFVWUkdSVTU1TURCU1ZWRTBURlJuTkU5VVNYUk5NRmw1VGxWTk5WRXdTVFZPZWtWNVRWUmpNMDU2VlhkT1ZGazBUVUU5UFE9PQ==,LAKE\RJ\2026\04\DOERJ_PARTE_I_PODER_EXECUTIVO_2026-04-29.md
RJ,Diario Oficial do Estado do Rio de Janeiro,2026-04-29,Parte I (Poder Executivo),nomeacao,GUILHERME MACEDO REIS MERCÊS,para exercer o cargo de Secretário de Estado,,"NOMEAR GUILHERME MACEDO REIS MERCÊS , ID FUNCIONAL Nº 51087316, para exercer o cargo de Secretário de Estado, símbolo SE, da",https://www.ioerj.com.br/portal/modules/conteudoonline/mostra_edicao.php?session=VDFSSmVrMXJTa2RTUlUxMFVWUkdSVTU1TURCU1ZWRTBURlJuTkU5VVNYUk5NRmw1VGxWTk5WRXdTVFZPZWtWNVRWUmpNMDU2VlhkT1ZGazBUVUU5UFE9PQ==,LAKE\RJ\2026\04\DOERJ_PARTE_I_PODER_EXECUTIVO_2026-04-29.md
RJ,Diario Oficial do Estado do Rio de Janeiro,2026-04-29,Parte I (Poder Executivo),exoneracao,DIEGO DE ANDRADE FARO TELES,do cargo de Secretário de Estado,,"EXONERAR a pedido, DIEGO DE ANDRADE FARO TELES , ID FUNCIONAL Nº 51068745/3, do cargo de Secretário de Estado, símbolo SE, da",https://www.ioerj.com.br/portal/modules/conteudoonline/mostra_edicao.php?session=VDFSSmVrMXJTa2RTUlUxMFVWUkdSVTU1TURCU1ZWRTBURlJuTkU5VVNYUk5NRmw1VGxWTk5WRXdTVFZPZWtWNVRWUmpNMDU2VlhkT1ZGazBUVUU5UFE9PQ==,LAKE\RJ\2026\04\DOERJ_PARTE_I_PODER_EXECUTIVO_2026-04-29.md
RJ,Diario Oficial do Estado do Rio de Janeiro,2026-04-29,Parte I (Poder Executivo),nomeacao,RODRIGO TOSTES DE ALENCAR MASCARENHAS,para exercer o cargo de Secretário de Estado,,"NOMEAR RODRIGO TOSTES DE ALENCAR MASCARENHAS , ID FUNCIONAL Nº 19232470, para exercer o cargo de Secretário de Estado, símbolo SE, da",https://www.ioerj.com.br/portal/modules/conteudoonline/mostra_edicao.php?session=VDFSSmVrMXJTa2RTUlUxMFVWUkdSVTU1TURCU1ZWRTBURlJuTkU5VVNYUk5NRmw1VGxWTk5WRXdTVFZPZWtWNVRWUmpNMDU2VlhkT1ZGazBUVUU5UFE9PQ==,LAKE\RJ\2026\04\DOERJ_PARTE_I_PODER_EXECUTIVO_2026-04-29.md
RJ,Diario Oficial do Estado do Rio de Janeiro,2026-04-29,Parte I (Poder Executivo),nomeacao,BRUNO TEIXEIRA DUBEUX,para exercer o cargo de Procurador-Geral do Estado,,"NOMEAR BRUNO TEIXEIRA DUBEUX, ID FUNCIONAL Nº 4195504-8, para exercer o cargo de Procurador-Geral do Estado, símbolo SE, da Procuradoria-Geral do Estado. Processo nº SEI-150001/004932/2026. Rio de Janeiro, 28 de abril de 2026 RICARDO COUTO DE CASTRO Governador em exercício /U0041/U004E/U004F /U0051/U0055/U0041/U0052/U0054 /U0041/U002D/U0046/U0045/U0049/U0052/U0041 /U002D /U004C/U0049/U0049 /U0032/U0039 /U002D /U004E /U0044/U0045 /U006F /U002D /U0030/U0037 /U0034 /U0041/U0042/U0052/U0049/U004C /U002D /U0050 /U0041/U0052/U0054/U0045 /U0049 /U0044/U0045 /U0032/U0030/U0032/U0036 /U0033 /U0034 /U0041/U004E/U004F /U004C/U0049/U0049 /U002D /U004E /U006F /U002D /U0030/U0037 /U0034 /U002D /U0050 /U0041/U0052/U0054/U0045 /U0049 /U0051/U0055/U0041/U0052/U0054 /U0041/U002D/U0046/U0045/U0049/U0052/U0041 /U002D /U0032/U0039 /U0044/U0045 /U0041/U0042/U0052/U0049/U004C /U0044/U0045 /U0032/U0030/U0032/U0",https://www.ioerj.com.br/portal/modules/conteudoonline/mostra_edicao.php?session=VDFSSmVrMXJTa2RTUlUxMFVWUkdSVTU1TURCU1ZWRTBURlJuTkU5VVNYUk5NRmw1VGxWTk5WRXdTVFZPZWtWNVRWUmpNMDU2VlhkT1ZGazBUVUU5UFE9PQ==,LAKE\RJ\2026\04\DOERJ_PARTE_I_PODER_EXECUTIVO_2026-04-29.md
RJ,Diario Oficial do Estado do Rio de Janeiro,2026-04-29,Parte I (Poder Executivo),nomeacao,DEISY OLIVEIRA GONÇALVES DA SILVA,para exercer o cargo de Subsecretária Adjunta,da Subsecretaria Adjunta de Coordenação e Inteligência Institucional,"NOMEAR DEISY OLIVEIRA GONÇALVES DA SILVA , ID FUNCIONAL Nº 20225776, para exercer o cargo de Subsecretária Adjunta, símbolo SA, da Subsecretaria Adjunta de Coordenação e Inteligência Institucional, da Subsecretaria Geral, da",https://www.ioerj.com.br/portal/modules/conteudoonline/mostra_edicao.php?session=VDFSSmVrMXJTa2RTUlUxMFVWUkdSVTU1TURCU1ZWRTBURlJuTkU5VVNYUk5NRmw1VGxWTk5WRXdTVFZPZWtWNVRWUmpNMDU2VlhkT1ZGazBUVUU5UFE9PQ==,LAKE\RJ\2026\04\DOERJ_PARTE_I_PODER_EXECUTIVO_2026-04-29.md
RJ,Diario Oficial do Estado do Rio de Janeiro,2026-04-29,Parte I (Poder Executivo),nomeacao,SERGIO PIMENTEL BORGES DA CUNHA,para exercer o cargo de Subsecretário de Estado,da Subsecretaria Geral,"NOMEAR SERGIO PIMENTEL BORGES DA CUNHA , ID FUNCIONAL Nº 1922097-9, para exercer o cargo de Subsecretário de Estado, símbolo SS, da Subsecretaria Geral, da",https://www.ioerj.com.br/portal/modules/conteudoonline/mostra_edicao.php?session=VDFSSmVrMXJTa2RTUlUxMFVWUkdSVTU1TURCU1ZWRTBURlJuTkU5VVNYUk5NRmw1VGxWTk5WRXdTVFZPZWtWNVRWUmpNMDU2VlhkT1ZGazBUVUU5UFE9PQ==,LAKE\RJ\2026\04\DOERJ_PARTE_I_PODER_EXECUTIVO_2026-04-29.md
RJ,Diario Oficial do Estado do Rio de Janeiro,2026-04-29,Parte I (Poder Executivo),nomeacao,JULIANE DOS SANTOS JULIO,para exercer o cargo de Chefe de Gabinete,do Gabinete do Governador,"NOMEAR JULIANE DOS SANTOS JULIO , ID FUNCIONAL Nº 99991250, para exercer o cargo de Chefe de Gabinete, símbolo CG, do Gabinete do Governador, da",https://www.ioerj.com.br/portal/modules/conteudoonline/mostra_edicao.php?session=VDFSSmVrMXJTa2RTUlUxMFVWUkdSVTU1TURCU1ZWRTBURlJuTkU5VVNYUk5NRmw1VGxWTk5WRXdTVFZPZWtWNVRWUmpNMDU2VlhkT1ZGazBUVUU5UFE9PQ==,LAKE\RJ\2026\04\DOERJ_PARTE_I_PODER_EXECUTIVO_2026-04-29.md
RJ,Diario Oficial do Estado do Rio de Janeiro,2026-04-29,Parte I (Poder Executivo),exoneracao,RODRIGO SANTOS DE CASTRO,do cargo de Subsecretário Adjunto,,"EXONERAR a pedido, RODRIGO SANTOS DE CASTRO , ID FUNCIONAL Nº 50120077/3, do cargo de Subsecretário Adjunto, símbolo SA, da",https://www.ioerj.com.br/portal/modules/conteudoonline/mostra_edicao.php?session=VDFSSmVrMXJTa2RTUlUxMFVWUkdSVTU1TURCU1ZWRTBURlJuTkU5VVNYUk5NRmw1VGxWTk5WRXdTVFZPZWtWNVRWUmpNMDU2VlhkT1ZGazBUVUU5UFE9PQ==,LAKE\RJ\2026\04\DOERJ_PARTE_I_PODER_EXECUTIVO_2026-04-29.md
RJ,Diario Oficial do Estado do Rio de Janeiro,2026-04-29,Parte I (Poder Executivo),exoneracao,SERGIO PIMENTEL BORGES DA CUNHA,do cargo de Diretor Geral,do Departamento de Trânsito do Estado do Rio de Janeiro - DETRAN,"EXONERAR SERGIO PIMENTEL BORGES DA CUNHA , ID FUNCIONAL Nº 1922097-9, do cargo de Diretor Geral, símbolo VP-1, da Diretoria Jurídica, do Departamento de Trânsito do Estado do Rio de Janeiro - DETRAN. Processo nº SEI-150001/004898/2026",https://www.ioerj.com.br/portal/modules/conteudoonline/mostra_edicao.php?session=VDFSSmVrMXJTa2RTUlUxMFVWUkdSVTU1TURCU1ZWRTBURlJuTkU5VVNYUk5NRmw1VGxWTk5WRXdTVFZPZWtWNVRWUmpNMDU2VlhkT1ZGazBUVUU5UFE9PQ==,LAKE\RJ\2026\04\DOERJ_PARTE_I_PODER_EXECUTIVO_2026-04-29.md
RJ,Diario Oficial do Estado do Rio de Janeiro,2026-04-29,Parte I (Poder Executivo),exoneracao,RAFAEL VENTURA ABREU,do cargo de Subsecretário de Estado,da Subsecretaria de Planejamento e Orçamento,"EXONERAR RAFAEL VENTURA ABREU , ID FUNCIONAL Nº 50077570/01, do cargo de Subsecretário de Estado, símbolo SS, da Subsecretaria de Planejamento e Orçamento, da",https://www.ioerj.com.br/portal/modules/conteudoonline/mostra_edicao.php?session=VDFSSmVrMXJTa2RTUlUxMFVWUkdSVTU1TURCU1ZWRTBURlJuTkU5VVNYUk5NRmw1VGxWTk5WRXdTVFZPZWtWNVRWUmpNMDU2VlhkT1ZGazBUVUU5UFE9PQ==,LAKE\RJ\2026\04\DOERJ_PARTE_I_PODER_EXECUTIVO_2026-04-29.md
RJ,Diario Oficial do Estado do Rio de Janeiro,2026-04-29,Parte I (Poder Executivo),exoneracao,DEISY OLIVEIRA GONÇALVES DA SILVA,do cargo de Assessor Especial,,"EXONERAR DEISY OLIVEIRA GONÇALVES DA SILVA , ID FUNCIONAL Nº 20225776, do cargo de Assessor Especial, símbolo DG",https://www.ioerj.com.br/portal/modules/conteudoonline/mostra_edicao.php?session=VDFSSmVrMXJTa2RTUlUxMFVWUkdSVTU1TURCU1ZWRTBURlJuTkU5VVNYUk5NRmw1VGxWTk5WRXdTVFZPZWtWNVRWUmpNMDU2VlhkT1ZGazBUVUU5UFE9PQ==,LAKE\RJ\2026\04\DOERJ_PARTE_I_PODER_EXECUTIVO_2026-04-29.md
RJ,Diario Oficial do Estado do Rio de Janeiro,2026-04-29,Parte I (Poder Executivo),exoneracao,WELLINGTON TEIXEIRA BEZERRA,do cargo em comissão de Diretor Geral,do Gabinete de Segurança Institucional do Governo,"EXONERAR com validade a contar de 28 de abril de 2026, WELLINGTON TEIXEIRA BEZERRA , ID FUNCIONAL Nº 50326660/2, do cargo em comissão de Diretor Geral, símbolo DG, da Diretoria Geral de Administração e Finanças (Dgaf), do Gabinete de Segurança Institucional do Governo. Processo nº SEI-390002/001149/2026. Id: 2731569 ##",https://www.ioerj.com.br/portal/modules/conteudoonline/mostra_edicao.php?session=VDFSSmVrMXJTa2RTUlUxMFVWUkdSVTU1TURCU1ZWRTBURlJuTkU5VVNYUk5NRmw1VGxWTk5WRXdTVFZPZWtWNVRWUmpNMDU2VlhkT1ZGazBUVUU5UFE9PQ==,LAKE\RJ\2026\04\DOERJ_PARTE_I_PODER_EXECUTIVO_2026-04-29.md
RJ,Diario Oficial do Estado do Rio de Janeiro,2026-04-29,Parte I (Poder Executivo),exoneracao,SOPHIA DE SOUZA RODRIGUES,do cargo em comissão de Assistente,da Subsecretaria de Políticas Inclusivas,"EXONERAR SOPHIA DE SOUZA RODRIGUES , ID FUNCIONAL Nº 51450100/1, do cargo em comissão de Assistente, símbolo DAS-6, da Subsecretaria de Políticas Inclusivas, da",https://www.ioerj.com.br/portal/modules/conteudoonline/mostra_edicao.php?session=VDFSSmVrMXJTa2RTUlUxMFVWUkdSVTU1TURCU1ZWRTBURlJuTkU5VVNYUk5NRmw1VGxWTk5WRXdTVFZPZWtWNVRWUmpNMDU2VlhkT1ZGazBUVUU5UFE9PQ==,LAKE\RJ\2026\04\DOERJ_PARTE_I_PODER_EXECUTIVO_2026-04-29.md
RJ,Diario Oficial do Estado do Rio de Janeiro,2026-04-29,Parte I (Poder Executivo),exoneracao,JOILCE ALVES DA PENHA,do cargo em comissão de Assistente II,da Subsecretaria de Políticas Inclusivas,"EXONERAR JOILCE ALVES DA PENHA , ID FUNCIONAL Nº 51718596/1, do cargo em comissão de Assistente II, símbolo DAI-6, da Subsecretaria de Políticas Inclusivas, da",https://www.ioerj.com.br/portal/modules/conteudoonline/mostra_edicao.php?session=VDFSSmVrMXJTa2RTUlUxMFVWUkdSVTU1TURCU1ZWRTBURlJuTkU5VVNYUk5NRmw1VGxWTk5WRXdTVFZPZWtWNVRWUmpNMDU2VlhkT1ZGazBUVUU5UFE9PQ==,LAKE\RJ\2026\04\DOERJ_PARTE_I_PODER_EXECUTIVO_2026-04-29.md
RJ,Diario Oficial do Estado do Rio de Janeiro,2026-04-29,Parte I (Poder Executivo),exoneracao,PATRICIA RITA DA SILVA COSTA,do cargo em comissão de Assistente II,da Subsecretaria de Políticas Inclusivas,"EXONERAR PATRICIA RITA DA SILVA COSTA , ID FUNCIONAL Nº 51532883/1, do cargo em comissão de Assistente II, símbolo DAI-6, da Subsecretaria de Políticas Inclusivas, da",https://www.ioerj.com.br/portal/modules/conteudoonline/mostra_edicao.php?session=VDFSSmVrMXJTa2RTUlUxMFVWUkdSVTU1TURCU1ZWRTBURlJuTkU5VVNYUk5NRmw1VGxWTk5WRXdTVFZPZWtWNVRWUmpNMDU2VlhkT1ZGazBUVUU5UFE9PQ==,LAKE\RJ\2026\04\DOERJ_PARTE_I_PODER_EXECUTIVO_2026-04-29.md
RJ,Diario Oficial do Estado do Rio de Janeiro,2026-04-29,Parte I (Poder Executivo),exoneracao,ISABELA CRISTINA CASTRO DA SILVA,do cargo em comissão de Assessor,da Subsecretaria de Políticas Inclusivas,"EXONERAR ISABELA CRISTINA CASTRO DA SILVA , ID FUNCIONAL Nº 51123932/2, do cargo em comissão de Assessor, símbolo DAS-7, da Subsecretaria de Políticas Inclusivas, da",https://www.ioerj.com.br/portal/modules/conteudoonline/mostra_edicao.php?session=VDFSSmVrMXJTa2RTUlUxMFVWUkdSVTU1TURCU1ZWRTBURlJuTkU5VVNYUk5NRmw1VGxWTk5WRXdTVFZPZWtWNVRWUmpNMDU2VlhkT1ZGazBUVUU5UFE9PQ==,LAKE\RJ\2026\04\DOERJ_PARTE_I_PODER_EXECUTIVO_2026-04-29.md
RJ,Diario Oficial do Estado do Rio de Janeiro,2026-04-29,Parte I (Poder Executivo),exoneracao,CARLOS ALBERTO SIRATI,do cargo em comissão de Assistente II,da Subsecretaria de Políticas Inclusivas,"EXONERAR CARLOS ALBERTO SIRATI , ID FUNCIONAL Nº 42536456/1, do cargo em comissão de Assistente II, símbolo DAI-6, da Subsecretaria de Políticas Inclusivas, da",https://www.ioerj.com.br/portal/modules/conteudoonline/mostra_edicao.php?session=VDFSSmVrMXJTa2RTUlUxMFVWUkdSVTU1TURCU1ZWRTBURlJuTkU5VVNYUk5NRmw1VGxWTk5WRXdTVFZPZWtWNVRWUmpNMDU2VlhkT1ZGazBUVUU5UFE9PQ==,LAKE\RJ\2026\04\DOERJ_PARTE_I_PODER_EXECUTIVO_2026-04-29.md
RJ,Diario Oficial do Estado do Rio de Janeiro,2026-04-29,Parte I (Poder Executivo),exoneracao,ROMULO ODALVO VIANNA BRANDAO,do cargo em comissão de Assistente,da Subsecretaria de Políticas Inclusivas,"EXONERAR ROMULO ODALVO VIANNA BRANDAO , ID FUNCIONAL Nº 51606470/1, do cargo em comissão de Assistente, símbolo DAS-6, da Subsecretaria de Políticas Inclusivas, da",https://www.ioerj.com.br/portal/modules/conteudoonline/mostra_edicao.php?session=VDFSSmVrMXJTa2RTUlUxMFVWUkdSVTU1TURCU1ZWRTBURlJuTkU5VVNYUk5NRmw1VGxWTk5WRXdTVFZPZWtWNVRWUmpNMDU2VlhkT1ZGazBUVUU5UFE9PQ==,LAKE\RJ\2026\04\DOERJ_PARTE_I_PODER_EXECUTIVO_2026-04-29.md
RJ,Diario Oficial do Estado do Rio de Janeiro,2026-04-29,Parte I (Poder Executivo),exoneracao,MARILZA OLIVEIRA DA SILVA,do cargo em comissão de Assistente,da Subsecretaria de Políticas Inclusivas,"EXONERAR MARILZA OLIVEIRA DA SILVA , ID FUNCIONAL Nº 51199238/2, do cargo em comissão de Assistente, símbolo DAS-6, da Subsecretaria de Políticas Inclusivas, da",https://www.ioerj.com.br/portal/modules/conteudoonline/mostra_edicao.php?session=VDFSSmVrMXJTa2RTUlUxMFVWUkdSVTU1TURCU1ZWRTBURlJuTkU5VVNYUk5NRmw1VGxWTk5WRXdTVFZPZWtWNVRWUmpNMDU2VlhkT1ZGazBUVUU5UFE9PQ==,LAKE\RJ\2026\04\DOERJ_PARTE_I_PODER_EXECUTIVO_2026-04-29.md
RJ,Diario Oficial do Estado do Rio de Janeiro,2026-04-29,Parte I (Poder Executivo),exoneracao,MONICA MARIA SANTOS DE SOUZA,do cargo em comissão de Assistente II,da Subsecretaria de Políticas Inclusivas,"EXONERAR MONICA MARIA SANTOS DE SOUZA , ID FUNCIONAL Nº 51419300/1, do cargo em comissão de Assistente II, símbolo DAI-6, da Subsecretaria de Políticas Inclusivas, da",https://www.ioerj.com.br/portal/modules/conteudoonline/mostra_edicao.php?session=VDFSSmVrMXJTa2RTUlUxMFVWUkdSVTU1TURCU1ZWRTBURlJuTkU5VVNYUk5NRmw1VGxWTk5WRXdTVFZPZWtWNVRWUmpNMDU2VlhkT1ZGazBUVUU5UFE9PQ==,LAKE\RJ\2026\04\DOERJ_PARTE_I_PODER_EXECUTIVO_2026-04-29.md
RJ,Diario Oficial do Estado do Rio de Janeiro,2026-04-29,Parte I (Poder Executivo),exoneracao,LIVIA MACIEL VALENTE,do cargo em comissão de Assistente II,da Subsecretaria de Políticas Inclusivas,"EXONERAR LIVIA MACIEL VALENTE , ID FUNCIONAL Nº 51568675/1, do cargo em comissão de Assistente II, símbolo DAI-6, da Subsecretaria de Políticas Inclusivas, da",https://www.ioerj.com.br/portal/modules/conteudoonline/mostra_edicao.php?session=VDFSSmVrMXJTa2RTUlUxMFVWUkdSVTU1TURCU1ZWRTBURlJuTkU5VVNYUk5NRmw1VGxWTk5WRXdTVFZPZWtWNVRWUmpNMDU2VlhkT1ZGazBUVUU5UFE9PQ==,LAKE\RJ\2026\04\DOERJ_PARTE_I_PODER_EXECUTIVO_2026-04-29.md
RJ,Diario Oficial do Estado do Rio de Janeiro,2026-04-29,Parte I (Poder Executivo),exoneracao,BEATRIZ RIBEIRO DA SILVA DE MELO,do cargo em comissão de Assistente II,da Subsecretaria de Políticas Inclusivas,"EXONERAR BEATRIZ RIBEIRO DA SILVA DE MELO , ID FUNCIONAL Nº 51629763/1, do cargo em comissão de Assistente II, símbolo DAI-6, da Subsecretaria de Políticas Inclusivas, da",https://www.ioerj.com.br/portal/modules/conteudoonline/mostra_edicao.php?session=VDFSSmVrMXJTa2RTUlUxMFVWUkdSVTU1TURCU1ZWRTBURlJuTkU5VVNYUk5NRmw1VGxWTk5WRXdTVFZPZWtWNVRWUmpNMDU2VlhkT1ZGazBUVUU5UFE9PQ==,LAKE\RJ\2026\04\DOERJ_PARTE_I_PODER_EXECUTIVO_2026-04-29.md
RJ,Diario Oficial do Estado do Rio de Janeiro,2026-04-29,Parte I (Poder Executivo),exoneracao,ISABELA PINTO DE FIGUEIREDO,do cargo em comissão de Assistente II,da Subsecretaria de Políticas Inclusivas,"EXONERAR ISABELA PINTO DE FIGUEIREDO , ID FUNCIONAL Nº 51641704/1, do cargo em comissão de Assistente II, símbolo DAI-6, da Subsecretaria de Políticas Inclusivas, da",https://www.ioerj.com.br/portal/modules/conteudoonline/mostra_edicao.php?session=VDFSSmVrMXJTa2RTUlUxMFVWUkdSVTU1TURCU1ZWRTBURlJuTkU5VVNYUk5NRmw1VGxWTk5WRXdTVFZPZWtWNVRWUmpNMDU2VlhkT1ZGazBUVUU5UFE9PQ==,LAKE\RJ\2026\04\DOERJ_PARTE_I_PODER_EXECUTIVO_2026-04-29.md
RJ,Diario Oficial do Estado do Rio de Janeiro,2026-04-29,Parte I (Poder Executivo),exoneracao,JULIA ALZIRA DA SILVA DOS SANTOS,do cargo em comissão de Assessor,da Subsecretaria de Políticas Inclusivas,"EXONERAR JULIA ALZIRA DA SILVA DOS SANTOS , ID FUNCIONAL Nº 51198614/1, do cargo em comissão de Assessor, símbolo DAS-7, da Subsecretaria de Políticas Inclusivas, da",https://www.ioerj.com.br/portal/modules/conteudoonline/mostra_edicao.php?session=VDFSSmVrMXJTa2RTUlUxMFVWUkdSVTU1TURCU1ZWRTBURlJuTkU5VVNYUk5NRmw1VGxWTk5WRXdTVFZPZWtWNVRWUmpNMDU2VlhkT1ZGazBUVUU5UFE9PQ==,LAKE\RJ\2026\04\DOERJ_PARTE_I_PODER_EXECUTIVO_2026-04-29.md
RJ,Diario Oficial do Estado do Rio de Janeiro,2026-04-29,Parte I (Poder Executivo),exoneracao,MARCELLE GONCALVES MONTEIRO GALDINO,do cargo em comissão de Assistente II,da Subsecretaria de Políticas Inclusivas,"EXONERAR MARCELLE GONCALVES MONTEIRO GALDINO , ID FUNCIONAL Nº 51222035/2, do cargo em comissão de Assistente II, símbolo DAI-6, da Subsecretaria de Políticas Inclusivas, da",https://www.ioerj.com.br/portal/modules/conteudoonline/mostra_edicao.php?session=VDFSSmVrMXJTa2RTUlUxMFVWUkdSVTU1TURCU1ZWRTBURlJuTkU5VVNYUk5NRmw1VGxWTk5WRXdTVFZPZWtWNVRWUmpNMDU2VlhkT1ZGazBUVUU5UFE9PQ==,LAKE\RJ\2026\04\DOERJ_PARTE_I_PODER_EXECUTIVO_2026-04-29.md
RJ,Diario Oficial do Estado do Rio de Janeiro,2026-04-29,Parte I (Poder Executivo),exoneracao,RAYANNE FLAVIA DE PAULA NICODEMO,do cargo em comissão de Assistente II,da Subsecretaria de Políticas Inclusivas,"EXONERAR RAYANNE FLAVIA DE PAULA NICODEMO , ID FUNCIONAL Nº 51419548/1, do cargo em comissão de Assistente II, símbolo DAI-6, da Subsecretaria de Políticas Inclusivas, da",https://www.ioerj.com.br/portal/modules/conteudoonline/mostra_edicao.php?session=VDFSSmVrMXJTa2RTUlUxMFVWUkdSVTU1TURCU1ZWRTBURlJuTkU5VVNYUk5NRmw1VGxWTk5WRXdTVFZPZWtWNVRWUmpNMDU2VlhkT1ZGazBUVUU5UFE9PQ==,LAKE\RJ\2026\04\DOERJ_PARTE_I_PODER_EXECUTIVO_2026-04-29.md
RJ,Diario Oficial do Estado do Rio de Janeiro,2026-04-29,Parte I (Poder Executivo),exoneracao,NOELLY SOARES FAITANIN,do cargo em comissão de Assistente II,da Superintendência de Projetos Sociais (Seps),"EXONERAR NOELLY SOARES FAITANIN , ID FUNCIONAL Nº 51543788/1, do cargo em comissão de Assistente II, símbolo DAI-6, da Superintendência de Projetos Sociais (Seps), da Subsecretaria de Políticas Inclusivas, da",https://www.ioerj.com.br/portal/modules/conteudoonline/mostra_edicao.php?session=VDFSSmVrMXJTa2RTUlUxMFVWUkdSVTU1TURCU1ZWRTBURlJuTkU5VVNYUk5NRmw1VGxWTk5WRXdTVFZPZWtWNVRWUmpNMDU2VlhkT1ZGazBUVUU5UFE9PQ==,LAKE\RJ\2026\04\DOERJ_PARTE_I_PODER_EXECUTIVO_2026-04-29.md
RJ,Diario Oficial do Estado do Rio de Janeiro,2026-04-29,Parte I (Poder Executivo),exoneracao,ALDA VANESSA TEIXEIRA XAVIER PIONTKOVSKY,do cargo em comissão de Assistente II,da Superintendência de Projetos Sociais (Seps),"EXONERAR ALDA VANESSA TEIXEIRA XAVIER PIONTKOVSKY , ID FUNCIONAL Nº 51554569/1, do cargo em comissão de Assistente II, símbolo DAI-6, da Superintendência de Projetos Sociais (Seps), da Subsecretaria de Políticas Inclusivas, da",https://www.ioerj.com.br/portal/modules/conteudoonline/mostra_edicao.php?session=VDFSSmVrMXJTa2RTUlUxMFVWUkdSVTU1TURCU1ZWRTBURlJuTkU5VVNYUk5NRmw1VGxWTk5WRXdTVFZPZWtWNVRWUmpNMDU2VlhkT1ZGazBUVUU5UFE9PQ==,LAKE\RJ\2026\04\DOERJ_PARTE_I_PODER_EXECUTIVO_2026-04-29.md
RJ,Diario Oficial do Estado do Rio de Janeiro,2026-04-29,Parte I (Poder Executivo),exoneracao,ANA CAROLINA DE ANDRADE CHATEAUBRIAND LOURENCO,do cargo em comissão de Assistente II,da Superintendência de Projetos Sociais (Seps),"EXONERAR ANA CAROLINA DE ANDRADE CHATEAUBRIAND LOURENCO , ID FUNCIONAL Nº 51459108/1, do cargo em comissão de Assistente II, símbolo DAI-6, da Superintendência de Projetos Sociais (Seps), da Subsecretaria de Políticas Inclusivas, da",https://www.ioerj.com.br/portal/modules/conteudoonline/mostra_edicao.php?session=VDFSSmVrMXJTa2RTUlUxMFVWUkdSVTU1TURCU1ZWRTBURlJuTkU5VVNYUk5NRmw1VGxWTk5WRXdTVFZPZWtWNVRWUmpNMDU2VlhkT1ZGazBUVUU5UFE9PQ==,LAKE\RJ\2026\04\DOERJ_PARTE_I_PODER_EXECUTIVO_2026-04-29.md
RJ,Diario Oficial do Estado do Rio de Janeiro,2026-04-29,Parte I (Poder Executivo),exoneracao,ANDREA COPOLILO,do cargo em comissão de Assessor,da Superintendência de Projetos Sociais (Seps),"EXONERAR ANDREA COPOLILO , ID FUNCIONAL Nº 51724200/1, do cargo em comissão de Assessor, símbolo DAS-8, da Superintendência de Projetos Sociais (Seps), da Subsecretaria de Políticas Inclusivas, da",https://www.ioerj.com.br/portal/modules/conteudoonline/mostra_edicao.php?session=VDFSSmVrMXJTa2RTUlUxMFVWUkdSVTU1TURCU1ZWRTBURlJuTkU5VVNYUk5NRmw1VGxWTk5WRXdTVFZPZWtWNVRWUmpNMDU2VlhkT1ZGazBUVUU5UFE9PQ==,LAKE\RJ\2026\04\DOERJ_PARTE_I_PODER_EXECUTIVO_2026-04-29.md
RJ,Diario Oficial do Estado do Rio de Janeiro,2026-04-29,Parte I (Poder Executivo),exoneracao,CLEBER JOSE ABRAO,do cargo em comissão de Secretário II,da Superintendência de Projetos Sociais (Seps),"EXONERAR CLEBER JOSE ABRAO , ID FUNCIONAL Nº 51656370/1, do cargo em comissão de Secretário II, símbolo DAI-5, da Superintendência de Projetos Sociais (Seps), da Subsecretaria de Políticas Inclusivas, da",https://www.ioerj.com.br/portal/modules/conteudoonline/mostra_edicao.php?session=VDFSSmVrMXJTa2RTUlUxMFVWUkdSVTU1TURCU1ZWRTBURlJuTkU5VVNYUk5NRmw1VGxWTk5WRXdTVFZPZWtWNVRWUmpNMDU2VlhkT1ZGazBUVUU5UFE9PQ==,LAKE\RJ\2026\04\DOERJ_PARTE_I_PODER_EXECUTIVO_2026-04-29.md
RJ,Diario Oficial do Estado do Rio de Janeiro,2026-04-29,Parte I (Poder Executivo),exoneracao,MARCELE CHRISTINA MAGALHAES DO ESPIRITO S A N TO,do cargo em comissão de Assistente II,da Superintendência de Projetos Sociais (Seps),"EXONERAR MARCELE CHRISTINA MAGALHAES DO ESPIRITO S A N TO , ID FUNCIONAL Nº 51644673/1, do cargo em comissão de Assistente II, símbolo DAI-6, da Superintendência de Projetos Sociais (Seps), da Subsecretaria de Políticas Inclusivas, da",https://www.ioerj.com.br/portal/modules/conteudoonline/mostra_edicao.php?session=VDFSSmVrMXJTa2RTUlUxMFVWUkdSVTU1TURCU1ZWRTBURlJuTkU5VVNYUk5NRmw1VGxWTk5WRXdTVFZPZWtWNVRWUmpNMDU2VlhkT1ZGazBUVUU5UFE9PQ==,LAKE\RJ\2026\04\DOERJ_PARTE_I_PODER_EXECUTIVO_2026-04-29.md
RJ,Diario Oficial do Estado do Rio de Janeiro,2026-04-29,Parte I (Poder Executivo),exoneracao,MATHEUS ALEX VIEIRA DAMASCENA SOUTO,do cargo em comissão de Assistente,da Superintendência de Projetos Sociais (Seps),"EXONERAR MATHEUS ALEX VIEIRA DAMASCENA SOUTO , ID FUNCIONAL Nº 51450488/1, do cargo em comissão de Assistente, símbolo DAS-6, da Superintendência de Projetos Sociais (Seps), da Subsecretaria de Políticas Inclusivas, da",https://www.ioerj.com.br/portal/modules/conteudoonline/mostra_edicao.php?session=VDFSSmVrMXJTa2RTUlUxMFVWUkdSVTU1TURCU1ZWRTBURlJuTkU5VVNYUk5NRmw1VGxWTk5WRXdTVFZPZWtWNVRWUmpNMDU2VlhkT1ZGazBUVUU5UFE9PQ==,LAKE\RJ\2026\04\DOERJ_PARTE_I_PODER_EXECUTIVO_2026-04-29.md
RJ,Diario Oficial do Estado do Rio de Janeiro,2026-04-29,Parte I (Poder Executivo),exoneracao,ANA CRISTINA CUNHA DA SILVA,do cargo em comissão de Assistente II,da Superintendência de Projetos Sociais (Seps),"EXONERAR ANA CRISTINA CUNHA DA SILVA , ID FUNCIONAL Nº 44275013/2, do cargo em comissão de Assistente II, símbolo DAI-6, da Superintendência de Projetos Sociais (Seps), da Subsecretaria de Políticas Inclusivas, da",https://www.ioerj.com.br/portal/modules/conteudoonline/mostra_edicao.php?session=VDFSSmVrMXJTa2RTUlUxMFVWUkdSVTU1TURCU1ZWRTBURlJuTkU5VVNYUk5NRmw1VGxWTk5WRXdTVFZPZWtWNVRWUmpNMDU2VlhkT1ZGazBUVUU5UFE9PQ==,LAKE\RJ\2026\04\DOERJ_PARTE_I_PODER_EXECUTIVO_2026-04-29.md
RJ,Diario Oficial do Estado do Rio de Janeiro,2026-04-29,Parte I (Poder Executivo),exoneracao,ANDREA CHICANEL DOS REIS,do cargo em comissão de Assessor,da Superintendência de Projetos Sociais (Seps),"EXONERAR ANDREA CHICANEL DOS REIS , ID FUNCIONAL Nº 51607018/1, do cargo em comissão de Assessor, símbolo DAS-7, da Superintendência de Projetos Sociais (Seps), da Subsecretaria de Políticas Inclusivas, da",https://www.ioerj.com.br/portal/modules/conteudoonline/mostra_edicao.php?session=VDFSSmVrMXJTa2RTUlUxMFVWUkdSVTU1TURCU1ZWRTBURlJuTkU5VVNYUk5NRmw1VGxWTk5WRXdTVFZPZWtWNVRWUmpNMDU2VlhkT1ZGazBUVUU5UFE9PQ==,LAKE\RJ\2026\04\DOERJ_PARTE_I_PODER_EXECUTIVO_2026-04-29.md
RJ,Diario Oficial do Estado do Rio de Janeiro,2026-04-29,Parte I (Poder Executivo),exoneracao,CARLOS HENRIQUE DOS SANTOS COSTA VIANNA,do cargo em comissão de Assistente II,da Superintendência de Projetos Sociais (Seps),"EXONERAR CARLOS HENRIQUE DOS SANTOS COSTA VIANNA , ID FUNCIONAL Nº 51736926/1, do cargo em comissão de Assistente II, símbolo DAI-6, da Superintendência de Projetos Sociais (Seps), da Subsecretaria de Políticas Inclusivas, da",https://www.ioerj.com.br/portal/modules/conteudoonline/mostra_edicao.php?session=VDFSSmVrMXJTa2RTUlUxMFVWUkdSVTU1TURCU1ZWRTBURlJuTkU5VVNYUk5NRmw1VGxWTk5WRXdTVFZPZWtWNVRWUmpNMDU2VlhkT1ZGazBUVUU5UFE9PQ==,LAKE\RJ\2026\04\DOERJ_PARTE_I_PODER_EXECUTIVO_2026-04-29.md
RJ,Diario Oficial do Estado do Rio de Janeiro,2026-04-29,Parte I (Poder Executivo),exoneracao,GILBRANDO FREITAS DA SILVA,do cargo em comissão de Assessor,da Superintendência de Projetos Sociais (Seps),"EXONERAR GILBRANDO FREITAS DA SILVA , ID FUNCIONAL Nº 51445999/1, do cargo em comissão de Assessor, símbolo DAS-8, da Superintendência de Projetos Sociais (Seps), da Subsecretaria de Políticas Inclusivas, da",https://www.ioerj.com.br/portal/modules/conteudoonline/mostra_edicao.php?session=VDFSSmVrMXJTa2RTUlUxMFVWUkdSVTU1TURCU1ZWRTBURlJuTkU5VVNYUk5NRmw1VGxWTk5WRXdTVFZPZWtWNVRWUmpNMDU2VlhkT1ZGazBUVUU5UFE9PQ==,LAKE\RJ\2026\04\DOERJ_PARTE_I_PODER_EXECUTIVO_2026-04-29.md
RJ,Diario Oficial do Estado do Rio de Janeiro,2026-04-29,Parte I (Poder Executivo),exoneracao,MARIANA FERREIRA VELLOSO,do cargo em comissão de Assistente II,da Superintendência de Projetos Sociais (Seps),"EXONERAR MARIANA FERREIRA VELLOSO , ID FUNCIONAL Nº 51589664/1, do cargo em comissão de Assistente II, símbolo DAI-6, da Superintendência de Projetos Sociais (Seps), da Subsecretaria de Políticas Inclusivas, da",https://www.ioerj.com.br/portal/modules/conteudoonline/mostra_edicao.php?session=VDFSSmVrMXJTa2RTUlUxMFVWUkdSVTU1TURCU1ZWRTBURlJuTkU5VVNYUk5NRmw1VGxWTk5WRXdTVFZPZWtWNVRWUmpNMDU2VlhkT1ZGazBUVUU5UFE9PQ==,LAKE\RJ\2026\04\DOERJ_PARTE_I_PODER_EXECUTIVO_2026-04-29.md
RJ,Diario Oficial do Estado do Rio de Janeiro,2026-04-29,Parte I (Poder Executivo),exoneracao,MARTHA SOLANGE BRIZOLA,do cargo em comissão de Assistente II,da Superintendência de Projetos Sociais (Seps),"EXONERAR MARTHA SOLANGE BRIZOLA , ID FUNCIONAL Nº 50751492/5, do cargo em comissão de Assistente II, símbolo DAI-6, da Superintendência de Projetos Sociais (Seps), da Subsecretaria de Políticas Inclusivas, da",https://www.ioerj.com.br/portal/modules/conteudoonline/mostra_edicao.php?session=VDFSSmVrMXJTa2RTUlUxMFVWUkdSVTU1TURCU1ZWRTBURlJuTkU5VVNYUk5NRmw1VGxWTk5WRXdTVFZPZWtWNVRWUmpNMDU2VlhkT1ZGazBUVUU5UFE9PQ==,LAKE\RJ\2026\04\DOERJ_PARTE_I_PODER_EXECUTIVO_2026-04-29.md
RJ,Diario Oficial do Estado do Rio de Janeiro,2026-04-29,Parte I (Poder Executivo),exoneracao,ANDREA MEDRADO MARTINS,do cargo em comissão de Assistente II,da Superintendência de Projetos Sociais (Seps),"EXONERAR ANDREA MEDRADO MARTINS , ID FUNCIONAL Nº 51512785/1, do cargo em comissão de Assistente II, símbolo DAI-6, da Superintendência de Projetos Sociais (Seps), da Subsecretaria de Políticas Inclusivas, da",https://www.ioerj.com.br/portal/modules/conteudoonline/mostra_edicao.php?session=VDFSSmVrMXJTa2RTUlUxMFVWUkdSVTU1TURCU1ZWRTBURlJuTkU5VVNYUk5NRmw1VGxWTk5WRXdTVFZPZWtWNVRWUmpNMDU2VlhkT1ZGazBUVUU5UFE9PQ==,LAKE\RJ\2026\04\DOERJ_PARTE_I_PODER_EXECUTIVO_2026-04-29.md
RJ,Diario Oficial do Estado do Rio de Janeiro,2026-04-29,Parte I (Poder Executivo),exoneracao,ANNA LUIZA PERNI DA CRUZ CARDOSO,do cargo em comissão de Assistente II,da Superintendência de Projetos Sociais (Seps),"EXONERAR ANNA LUIZA PERNI DA CRUZ CARDOSO , ID FUNCIONAL Nº 51578433/1, do cargo em comissão de Assistente II, símbolo DAI-6, da Superintendência de Projetos Sociais (Seps), da Subsecretaria de Políticas Inclusivas, da",https://www.ioerj.com.br/portal/modules/conteudoonline/mostra_edicao.php?session=VDFSSmVrMXJTa2RTUlUxMFVWUkdSVTU1TURCU1ZWRTBURlJuTkU5VVNYUk5NRmw1VGxWTk5WRXdTVFZPZWtWNVRWUmpNMDU2VlhkT1ZGazBUVUU5UFE9PQ==,LAKE\RJ\2026\04\DOERJ_PARTE_I_PODER_EXECUTIVO_2026-04-29.md
RJ,Diario Oficial do Estado do Rio de Janeiro,2026-04-29,Parte I (Poder Executivo),exoneracao,DENIZE DA SILVA CLARO,do cargo em comissão de Assessor,da Superintendência de Projetos Sociais (Seps),"EXONERAR DENIZE DA SILVA CLARO , ID FUNCIONAL Nº 5645387/1, do cargo em comissão de Assessor, símbolo DAS-7, da Superintendência de Projetos Sociais (Seps), da Subsecretaria de Políticas Inclusivas, da",https://www.ioerj.com.br/portal/modules/conteudoonline/mostra_edicao.php?session=VDFSSmVrMXJTa2RTUlUxMFVWUkdSVTU1TURCU1ZWRTBURlJuTkU5VVNYUk5NRmw1VGxWTk5WRXdTVFZPZWtWNVRWUmpNMDU2VlhkT1ZGazBUVUU5UFE9PQ==,LAKE\RJ\2026\04\DOERJ_PARTE_I_PODER_EXECUTIVO_2026-04-29.md
RJ,Diario Oficial do Estado do Rio de Janeiro,2026-04-29,Parte I (Poder Executivo),exoneracao,SOLANGE VIANA DE AGUIAR,do cargo em comissão de Assistente II,da Superintendência de Projetos Sociais (Seps),"EXONERAR SOLANGE VIANA DE AGUIAR , ID FUNCIONAL Nº 51736934/1, do cargo em comissão de Assistente II, símbolo DAI-6, da Superintendência de Projetos Sociais (Seps), da Subsecretaria de Políticas Inclusivas, da",https://www.ioerj.com.br/portal/modules/conteudoonline/mostra_edicao.php?session=VDFSSmVrMXJTa2RTUlUxMFVWUkdSVTU1TURCU1ZWRTBURlJuTkU5VVNYUk5NRmw1VGxWTk5WRXdTVFZPZWtWNVRWUmpNMDU2VlhkT1ZGazBUVUU5UFE9PQ==,LAKE\RJ\2026\04\DOERJ_PARTE_I_PODER_EXECUTIVO_2026-04-29.md
RJ,Diario Oficial do Estado do Rio de Janeiro,2026-04-29,Parte I (Poder Executivo),exoneracao,ALVARO LUCAS COUTINHO JUNIOR,do cargo em comissão de Assessor,da Superintendência de Projetos Sociais (Seps),"EXONERAR ALVARO LUCAS COUTINHO JUNIOR , ID FUNCIONAL Nº 51450887/1, do cargo em comissão de Assessor, símbolo DAS-8, da Superintendência de Projetos Sociais (Seps), da Subsecretaria de Políticas Inclusivas, da",https://www.ioerj.com.br/portal/modules/conteudoonline/mostra_edicao.php?session=VDFSSmVrMXJTa2RTUlUxMFVWUkdSVTU1TURCU1ZWRTBURlJuTkU5VVNYUk5NRmw1VGxWTk5WRXdTVFZPZWtWNVRWUmpNMDU2VlhkT1ZGazBUVUU5UFE9PQ==,LAKE\RJ\2026\04\DOERJ_PARTE_I_PODER_EXECUTIVO_2026-04-29.md
RJ,Diario Oficial do Estado do Rio de Janeiro,2026-04-29,Parte I (Poder Executivo),exoneracao,DANIELA LIMA BARBARA,do cargo em comissão de Assistente,da Superintendência de Projetos Sociais (Seps),"EXONERAR DANIELA LIMA BARBARA , ID FUNCIONAL Nº 51596270/1, do cargo em comissão de Assistente, símbolo DAS-6, da Superintendência de Projetos Sociais (Seps), da Subsecretaria de Políticas Inclusivas, da",https://www.ioerj.com.br/portal/modules/conteudoonline/mostra_edicao.php?session=VDFSSmVrMXJTa2RTUlUxMFVWUkdSVTU1TURCU1ZWRTBURlJuTkU5VVNYUk5NRmw1VGxWTk5WRXdTVFZPZWtWNVRWUmpNMDU2VlhkT1ZGazBUVUU5UFE9PQ==,LAKE\RJ\2026\04\DOERJ_PARTE_I_PODER_EXECUTIVO_2026-04-29.md
RJ,Diario Oficial do Estado do Rio de Janeiro,2026-04-29,Parte I (Poder Executivo),exoneracao,WAGNER SANTANA DA COSTA,do cargo em comissão de Assessor,da Superintendência de Projetos Sociais (Seps),"EXONERAR WAGNER SANTANA DA COSTA , ID FUNCIONAL Nº 51688441/1, do cargo em comissão de Assessor, símbolo DAS-7, da Superintendência de Projetos Sociais (Seps), da Subsecretaria de Políticas Inclusivas, da",https://www.ioerj.com.br/portal/modules/conteudoonline/mostra_edicao.php?session=VDFSSmVrMXJTa2RTUlUxMFVWUkdSVTU1TURCU1ZWRTBURlJuTkU5VVNYUk5NRmw1VGxWTk5WRXdTVFZPZWtWNVRWUmpNMDU2VlhkT1ZGazBUVUU5UFE9PQ==,LAKE\RJ\2026\04\DOERJ_PARTE_I_PODER_EXECUTIVO_2026-04-29.md
RJ,Diario Oficial do Estado do Rio de Janeiro,2026-04-29,Parte I (Poder Executivo),exoneracao,PEDRO LANARI NELSON DE SENNA,do cargo em comissão de Assessor,da Superintendência de Projetos Sociais (Seps),"EXONERAR PEDRO LANARI NELSON DE SENNA , ID FUNCIONAL Nº 51658984/1, do cargo em comissão de Assessor, símbolo DAS-7, da Superintendência de Projetos Sociais (Seps), da Subsecretaria de Políticas Inclusivas, da",https://www.ioerj.com.br/portal/modules/conteudoonline/mostra_edicao.php?session=VDFSSmVrMXJTa2RTUlUxMFVWUkdSVTU1TURCU1ZWRTBURlJuTkU5VVNYUk5NRmw1VGxWTk5WRXdTVFZPZWtWNVRWUmpNMDU2VlhkT1ZGazBUVUU5UFE9PQ==,LAKE\RJ\2026\04\DOERJ_PARTE_I_PODER_EXECUTIVO_2026-04-29.md
RJ,Diario Oficial do Estado do Rio de Janeiro,2026-04-29,Parte I (Poder Executivo),exoneracao,MARVIN GRICZYNSKI CALAZANS SIMAO,do cargo em comissão de Assistente II,da Superintendência de Projetos Sociais (Seps),"EXONERAR MARVIN GRICZYNSKI CALAZANS SIMAO , ID FUNCIONAL Nº 51033283/1, do cargo em comissão de Assistente II, símbolo DAI-6, da Superintendência de Projetos Sociais (Seps), da Subsecretaria de Políticas Inclusivas, da",https://www.ioerj.com.br/portal/modules/conteudoonline/mostra_edicao.php?session=VDFSSmVrMXJTa2RTUlUxMFVWUkdSVTU1TURCU1ZWRTBURlJuTkU5VVNYUk5NRmw1VGxWTk5WRXdTVFZPZWtWNVRWUmpNMDU2VlhkT1ZGazBUVUU5UFE9PQ==,LAKE\RJ\2026\04\DOERJ_PARTE_I_PODER_EXECUTIVO_2026-04-29.md
RJ,Diario Oficial do Estado do Rio de Janeiro,2026-04-29,Parte I (Poder Executivo),exoneracao,ROSANA FERREIRA MACHADO,do cargo em comissão de Assistente II,da Superintendência de Projetos Sociais (Seps),"EXONERAR ROSANA FERREIRA MACHADO , ID FUNCIONAL Nº 51543737/1, do cargo em comissão de Assistente II, símbolo DAI-6, da Superintendência de Projetos Sociais (Seps), da Subsecretaria de Políticas Inclusivas, da",https://www.ioerj.com.br/portal/modules/conteudoonline/mostra_edicao.php?session=VDFSSmVrMXJTa2RTUlUxMFVWUkdSVTU1TURCU1ZWRTBURlJuTkU5VVNYUk5NRmw1VGxWTk5WRXdTVFZPZWtWNVRWUmpNMDU2VlhkT1ZGazBUVUU5UFE9PQ==,LAKE\RJ\2026\04\DOERJ_PARTE_I_PODER_EXECUTIVO_2026-04-29.md
RJ,Diario Oficial do Estado do Rio de Janeiro,2026-04-29,Parte I (Poder Executivo),exoneracao,THAYLANE ANDRADE DO VALLE CORREA,do cargo em comissão de Assistente II,da Superintendência de Projetos Sociais (Seps),"EXONERAR THAYLANE ANDRADE DO VALLE CORREA , ID FUNCIONAL Nº 51678560/1, do cargo em comissão de Assistente II, símbolo DAI-6, da Superintendência de Projetos Sociais (Seps), da Subsecretaria de Políticas Inclusivas, da",https://www.ioerj.com.br/portal/modules/conteudoonline/mostra_edicao.php?session=VDFSSmVrMXJTa2RTUlUxMFVWUkdSVTU1TURCU1ZWRTBURlJuTkU5VVNYUk5NRmw1VGxWTk5WRXdTVFZPZWtWNVRWUmpNMDU2VlhkT1ZGazBUVUU5UFE9PQ==,LAKE\RJ\2026\04\DOERJ_PARTE_I_PODER_EXECUTIVO_2026-04-29.md
RJ,Diario Oficial do Estado do Rio de Janeiro,2026-04-29,Parte I (Poder Executivo),exoneracao,LUCIANO GUIMARAES DA CUNHA,do cargo em comissão de Ajudante I,da Superintendência de Projetos Sociais (Seps),"EXONERAR LUCIANO GUIMARAES DA CUNHA , ID FUNCIONAL Nº 51329999/2, do cargo em comissão de Ajudante I, símbolo DAI-1, da Superintendência de Projetos Sociais (Seps), da Subsecretaria de Políticas Inclusivas, da",https://www.ioerj.com.br/portal/modules/conteudoonline/mostra_edicao.php?session=VDFSSmVrMXJTa2RTUlUxMFVWUkdSVTU1TURCU1ZWRTBURlJuTkU5VVNYUk5NRmw1VGxWTk5WRXdTVFZPZWtWNVRWUmpNMDU2VlhkT1ZGazBUVUU5UFE9PQ==,LAKE\RJ\2026\04\DOERJ_PARTE_I_PODER_EXECUTIVO_2026-04-29.md
RJ,Diario Oficial do Estado do Rio de Janeiro,2026-04-29,Parte I (Poder Executivo),exoneracao,BERNARDO DE PAULA LEMOS,do cargo em comissão de Assistente II,do Departamento de Trânsito do Estado do Rio de Janeiro -DETRAN\_RJ,"EXONERAR BERNARDO DE PAULA LEMOS , ID FUNCIONAL Nº 51651327/1, do cargo em comissão de Assistente II, símbolo DAI-6, da Diretoria de Registro de Veículos, do Departamento de Trânsito do Estado do Rio de Janeiro -DETRAN\_RJ. Processo nº SEI-150016/075579/2026",https://www.ioerj.com.br/portal/modules/conteudoonline/mostra_edicao.php?session=VDFSSmVrMXJTa2RTUlUxMFVWUkdSVTU1TURCU1ZWRTBURlJuTkU5VVNYUk5NRmw1VGxWTk5WRXdTVFZPZWtWNVRWUmpNMDU2VlhkT1ZGazBUVUU5UFE9PQ==,LAKE\RJ\2026\04\DOERJ_PARTE_I_PODER_EXECUTIVO_2026-04-29.md
RJ,Diario Oficial do Estado do Rio de Janeiro,2026-04-29,Parte I (Poder Executivo),exoneracao,DIEGO JOSE MENDES RODRIGUES,do cargo em comissão de Superintendente,da Superintendência de Gestão de Contratos e Convênios,"EXONERAR com validade a contar de 28 de abril de 2026, DIEGO JOSE MENDES RODRIGUES , ID FUNCIONAL Nº 11371862/1, do cargo em comissão de Superintendente, símbolo DAS-8, da Superintendência de Gestão de Contratos e Convênios, da Subsecretaria Executiva, da",https://www.ioerj.com.br/portal/modules/conteudoonline/mostra_edicao.php?session=VDFSSmVrMXJTa2RTUlUxMFVWUkdSVTU1TURCU1ZWRTBURlJuTkU5VVNYUk5NRmw1VGxWTk5WRXdTVFZPZWtWNVRWUmpNMDU2VlhkT1ZGazBUVUU5UFE9PQ==,LAKE\RJ\2026\04\DOERJ_PARTE_I_PODER_EXECUTIVO_2026-04-29.md
RJ,Diario Oficial do Estado do Rio de Janeiro,2026-04-29,Parte I (Poder Executivo),exoneracao,MARCELO ARANTES ALVIM,do cargo em comissão de Coordenador,da Superintendência Executiva de Integração,"EXONERAR com validade a contar de 27 de abril de 2026, MARCELO ARANTES ALVIM , ID FUNCIONAL Nº 51379511/1, do cargo em comissão de Coordenador, símbolo DAS-7, da Superintendência Executiva de Integração, da Subsecretaria de Integração e Bilhetagem, da",https://www.ioerj.com.br/portal/modules/conteudoonline/mostra_edicao.php?session=VDFSSmVrMXJTa2RTUlUxMFVWUkdSVTU1TURCU1ZWRTBURlJuTkU5VVNYUk5NRmw1VGxWTk5WRXdTVFZPZWtWNVRWUmpNMDU2VlhkT1ZGazBUVUU5UFE9PQ==,LAKE\RJ\2026\04\DOERJ_PARTE_I_PODER_EXECUTIVO_2026-04-29.md
RJ,Diario Oficial do Estado do Rio de Janeiro,2026-04-29,Parte I (Poder Executivo),exoneracao,FABRICE BLANCARD,do cargo em comissão de Assistente II,da Superintendência Executiva de Integração,"EXONERAR com validade a contar de 27 de abril de 2026, FABRICE BLANCARD , ID FUNCIONAL Nº 51389517/2, do cargo em comissão de Assistente II, símbolo DAI-6, da Coordenadoria de Gestão de Projetos e Informações, da Superintendência Executiva de Integração, da Subsecretaria de Integração e Bilhetagem, da",https://www.ioerj.com.br/portal/modules/conteudoonline/mostra_edicao.php?session=VDFSSmVrMXJTa2RTUlUxMFVWUkdSVTU1TURCU1ZWRTBURlJuTkU5VVNYUk5NRmw1VGxWTk5WRXdTVFZPZWtWNVRWUmpNMDU2VlhkT1ZGazBUVUU5UFE9PQ==,LAKE\RJ\2026\04\DOERJ_PARTE_I_PODER_EXECUTIVO_2026-04-29.md
RJ,Diario Oficial do Estado do Rio de Janeiro,2026-04-29,Parte I (Poder Executivo),exoneracao,FILIPE RODRIGUES ARAUJO,do cargo em comissão de Assistente,,"EXONERAR a pedido e com validade a contar de 28 de abril de 2026, FILIPE RODRIGUES ARAUJO , ID FUNCIONAL Nº 51053047/1, do cargo em comissão de Assistente, símbolo DAS-6, da Unidade de Controle Interno - Uci, da",https://www.ioerj.com.br/portal/modules/conteudoonline/mostra_edicao.php?session=VDFSSmVrMXJTa2RTUlUxMFVWUkdSVTU1TURCU1ZWRTBURlJuTkU5VVNYUk5NRmw1VGxWTk5WRXdTVFZPZWtWNVRWUmpNMDU2VlhkT1ZGazBUVUU5UFE9PQ==,LAKE\RJ\2026\04\DOERJ_PARTE_I_PODER_EXECUTIVO_2026-04-29.md
RJ,Diario Oficial do Estado do Rio de Janeiro,2026-04-29,Parte I (Poder Executivo),exoneracao,FABIO DE MELO MANHAES,do cargo em comissão de Assistente,da Superintendência Executiva,"EXONERAR a pedido e com validade a contar de 28 de abril de 2026, FABIO DE MELO MANHAES , ID FUNCIONAL Nº 51069806/1, do cargo em comissão de Assistente, símbolo DAS-6, da Coordenação de Convênios, da Superintendência Executiva, da Subsecretaria de Governança e Gestão, da",https://www.ioerj.com.br/portal/modules/conteudoonline/mostra_edicao.php?session=VDFSSmVrMXJTa2RTUlUxMFVWUkdSVTU1TURCU1ZWRTBURlJuTkU5VVNYUk5NRmw1VGxWTk5WRXdTVFZPZWtWNVRWUmpNMDU2VlhkT1ZGazBUVUU5UFE9PQ==,LAKE\RJ\2026\04\DOERJ_PARTE_I_PODER_EXECUTIVO_2026-04-29.md
RJ,Diario Oficial do Estado do Rio de Janeiro,2026-04-29,Parte I (Poder Executivo),exoneracao,BRUNO ROBERTO NASCIMENTO,do cargo em comissão de Assessor,da Subsecretaria de Planejamento e Projetos Especiais,"EXONERAR com validade a contar de 22 de abril de 2026, BRUNO ROBERTO NASCIMENTO , ID FUNCIONAL Nº 51739070/1, do cargo em comissão de Assessor, símbolo DAS-7, da Subsecretaria de Planejamento e Projetos Especiais, da",https://www.ioerj.com.br/portal/modules/conteudoonline/mostra_edicao.php?session=VDFSSmVrMXJTa2RTUlUxMFVWUkdSVTU1TURCU1ZWRTBURlJuTkU5VVNYUk5NRmw1VGxWTk5WRXdTVFZPZWtWNVRWUmpNMDU2VlhkT1ZGazBUVUU5UFE9PQ==,LAKE\RJ\2026\04\DOERJ_PARTE_I_PODER_EXECUTIVO_2026-04-29.md
RJ,Diario Oficial do Estado do Rio de Janeiro,2026-04-29,Parte I (Poder Executivo),exoneracao,ANDRE PINHEIRO DE OLIVEIRA JUNIOR,do cargo em comissão de Assessor,da Subsecretaria de Planejamento e Projetos Especiais,"EXONERAR com validade a contar de 22 de abril de 2026, ANDRE PINHEIRO DE OLIVEIRA JUNIOR , ID FUNCIONAL Nº 51427583/1, do cargo em comissão de Assessor, símbolo DAS-7, da Subsecretaria de Planejamento e Projetos Especiais, da",https://www.ioerj.com.br/portal/modules/conteudoonline/mostra_edicao.php?session=VDFSSmVrMXJTa2RTUlUxMFVWUkdSVTU1TURCU1ZWRTBURlJuTkU5VVNYUk5NRmw1VGxWTk5WRXdTVFZPZWtWNVRWUmpNMDU2VlhkT1ZGazBUVUU5UFE9PQ==,LAKE\RJ\2026\04\DOERJ_PARTE_I_PODER_EXECUTIVO_2026-04-29.md
RJ,Diario Oficial do Estado do Rio de Janeiro,2026-04-29,Parte I (Poder Executivo),nomeacao,CARLOS CESAR DOS SANTOS SOARES,,,"NOMEAR CARLOS CESAR DOS SANTOS SOARES , ID FUNCIONAL Nº 50154710/1, para exercer, com validade a contar de 01 de abril de 2026, o cargo em comissão de Coordenador, símbolo DAS-7, da Controladoria Geral do Estado, anteriormente ocupado por CARLOS EDUARDO DE LIMA, ID Funcional nº 20135882/1. Processo nº SEI-320001/000827/2026",https://www.ioerj.com.br/portal/modules/conteudoonline/mostra_edicao.php?session=VDFSSmVrMXJTa2RTUlUxMFVWUkdSVTU1TURCU1ZWRTBURlJuTkU5VVNYUk5NRmw1VGxWTk5WRXdTVFZPZWtWNVRWUmpNMDU2VlhkT1ZGazBUVUU5UFE9PQ==,LAKE\RJ\2026\04\DOERJ_PARTE_I_PODER_EXECUTIVO_2026-04-29.md
RJ,Diario Oficial do Estado do Rio de Janeiro,2026-04-29,Parte I (Poder Executivo),nomeacao,WAGNER VILLARES DE OLIVEIRA,,do Gabinete de Segurança Institucional do Governo,"NOMEAR WAGNER VILLARES DE OLIVEIRA , ID FUNCIONAL Nº 21782377/5, para exercer, com validade a contar de 13 de abril de 2026, o cargo em comissão de Assistente II, símbolo DAI-6, do Gabinete de Segurança Institucional do Governo, anteriormente ocupado por RUBENS DE SOUZA PALADINI, ID Funcional nº 29633281/2. Processo nº SEI-390002/000995/2026",https://www.ioerj.com.br/portal/modules/conteudoonline/mostra_edicao.php?session=VDFSSmVrMXJTa2RTUlUxMFVWUkdSVTU1TURCU1ZWRTBURlJuTkU5VVNYUk5NRmw1VGxWTk5WRXdTVFZPZWtWNVRWUmpNMDU2VlhkT1ZGazBUVUU5UFE9PQ==,LAKE\RJ\2026\04\DOERJ_PARTE_I_PODER_EXECUTIVO_2026-04-29.md
RJ,Diario Oficial do Estado do Rio de Janeiro,2026-04-29,Parte I (Poder Executivo),nomeacao,CHARLES ALEXANDRE DE ALMEIDA GRECO,,do Gabinete de Segurança Institucional do Governo,"NOMEAR CHARLES ALEXANDRE DE ALMEIDA GRECO , ID FUNCIONAL Nº 44058268/3, para exercer, com validade a contar de 14 de abril de 2026, o cargo em comissão de Ajudante de Ordens, símbolo DAS-8, do Gabinete de Segurança Institucional do Governo, anteriormente ocupado por ALINE DA COSTA DE CARVALHO, ID Funcional nº 41835930/3. Processo nº SEI-390002/001073/2026",https://www.ioerj.com.br/portal/modules/conteudoonline/mostra_edicao.php?session=VDFSSmVrMXJTa2RTUlUxMFVWUkdSVTU1TURCU1ZWRTBURlJuTkU5VVNYUk5NRmw1VGxWTk5WRXdTVFZPZWtWNVRWUmpNMDU2VlhkT1ZGazBUVUU5UFE9PQ==,LAKE\RJ\2026\04\DOERJ_PARTE_I_PODER_EXECUTIVO_2026-04-29.md
RJ,Diario Oficial do Estado do Rio de Janeiro,2026-04-29,Parte I (Poder Executivo),nomeacao,ARMANDO RAMON SILVA RIBEIRO,,do Gabinete de Segurança Institucional do Governo do Estado do Rio de Janeiro,"NOMEAR ARMANDO RAMON SILVA RIBEIRO , ID FUNCIONAL Nº 50786440, para exercer, com validade a contar de 17 de abril de 2026, o cargo em comissão de Secretário I, símbolo DAI-4, do Gabinete de Segurança Institucional do Governo do Estado do Rio de Janeiro, anteriormente ocupado por LUCA CONDE OTTONI, ID Funcional nº 51099195/2. Processo nº SEI-390002/001125/2026. ## APOSTILAS DO SECRETÁRIO DE 28 DE ABRIL DE 2026",https://www.ioerj.com.br/portal/modules/conteudoonline/mostra_edicao.php?session=VDFSSmVrMXJTa2RTUlUxMFVWUkdSVTU1TURCU1ZWRTBURlJuTkU5VVNYUk5NRmw1VGxWTk5WRXdTVFZPZWtWNVRWUmpNMDU2VlhkT1ZGazBUVUU5UFE9PQ==,LAKE\RJ\2026\04\DOERJ_PARTE_I_PODER_EXECUTIVO_2026-04-29.md
RJ,Diario Oficial do Estado do Rio de Janeiro,2026-04-29,Parte I (Poder Executivo),nomeacao,MÉDICO PSIQUIATRA,,,"NOMEAR médico psiquiatra, psicólogo e assistente social por não contar com estes profissionais no quadro funcional desta unidade. Id: 2731389 ##",https://www.ioerj.com.br/portal/modules/conteudoonline/mostra_edicao.php?session=VDFSSmVrMXJTa2RTUlUxMFVWUkdSVTU1TURCU1ZWRTBURlJuTkU5VVNYUk5NRmw1VGxWTk5WRXdTVFZPZWtWNVRWUmpNMDU2VlhkT1ZGazBUVUU5UFE9PQ==,LAKE\RJ\2026\04\DOERJ_PARTE_I_PODER_EXECUTIVO_2026-04-29.md
RJ,Diario Oficial do Estado do Rio de Janeiro,2026-04-28,Parte I (Poder Executivo),exoneracao,CLAUDIA MARIA BRAGA DE MELLO,do cargo de Secretária de Estado,,"EXONERAR a pedido, CLAUDIA MARIA BRAGA DE MELLO , ID FUNCIONAL Nº 564046-6, do cargo de Secretária de Estado, símbolo SE, da Secretária de Estado de Saúde. Processo nº SEI150001/004821/2026. Rio de Janeiro, 27 de abril de 2026 RICARDO COUTO DE CASTRO Governador em exercício ##",https://www.ioerj.com.br/portal/modules/conteudoonline/mostra_edicao.php?session=VGtSYVFrMXJTWGRQUlZsMFVXcGpNRTVwTURCU1ZFVjNURlJzUkU5VVVYUlJlbGt5VDBSS1ExSnFXWHBOYWxWNlRWUmpNMDU2VlhkT1ZHZDNUVkU5UFE9PQ==,LAKE\RJ\2026\04\DOERJ_PARTE_I_PODER_EXECUTIVO_2026-04-28.md
RJ,Diario Oficial do Estado do Rio de Janeiro,2026-04-28,Parte I (Poder Executivo),nomeacao,RONALDO DAMIÃO,para exercer o cargo de Secretário de Estado,,"NOMEAR RONALDO DAMIÃO , ID FUNCIONAL Nº 8975825/03, para exercer o cargo de Secretário de Estado, símbolo SE, da",https://www.ioerj.com.br/portal/modules/conteudoonline/mostra_edicao.php?session=VGtSYVFrMXJTWGRQUlZsMFVXcGpNRTVwTURCU1ZFVjNURlJzUkU5VVVYUlJlbGt5VDBSS1ExSnFXWHBOYWxWNlRWUmpNMDU2VlhkT1ZHZDNUVkU5UFE9PQ==,LAKE\RJ\2026\04\DOERJ_PARTE_I_PODER_EXECUTIVO_2026-04-28.md
RJ,Diario Oficial do Estado do Rio de Janeiro,2026-04-28,Parte I (Poder Executivo),exoneracao,IGOR DOMINGOS MARQUES DA SILVA,do cargo de Subsecretário,da Subsecretaria de Comunicação Social e Publicidade,"EXONERAR a pedido, IGOR DOMINGOS MARQUES DA SILVA , ID FUNCIONAL Nº 50979205/3, do cargo de Subsecretário, símbolo SS, da Subsecretaria de Comunicação Social e Publicidade, da",https://www.ioerj.com.br/portal/modules/conteudoonline/mostra_edicao.php?session=VGtSYVFrMXJTWGRQUlZsMFVXcGpNRTVwTURCU1ZFVjNURlJzUkU5VVVYUlJlbGt5VDBSS1ExSnFXWHBOYWxWNlRWUmpNMDU2VlhkT1ZHZDNUVkU5UFE9PQ==,LAKE\RJ\2026\04\DOERJ_PARTE_I_PODER_EXECUTIVO_2026-04-28.md
RJ,Diario Oficial do Estado do Rio de Janeiro,2026-04-28,Parte I (Poder Executivo),exoneracao,ELOI DOS SANTOS LEITE,do cargo de Assessor Especial,da Superintendência de Apoio Operacional,"EXONERAR a pedido, ELOI DOS SANTOS LEITE , ID FUNCIONAL Nº 51076799/1, do cargo de Assessor Especial, símbolo DG, da Coordenação de Copa e Cozinha, da Superintendência de Apoio Operacional, da Subsecretaria Adjunta de Administração, da Subsecretaria de Gestão Administrativa e Patrimonial, da",https://www.ioerj.com.br/portal/modules/conteudoonline/mostra_edicao.php?session=VGtSYVFrMXJTWGRQUlZsMFVXcGpNRTVwTURCU1ZFVjNURlJzUkU5VVVYUlJlbGt5VDBSS1ExSnFXWHBOYWxWNlRWUmpNMDU2VlhkT1ZHZDNUVkU5UFE9PQ==,LAKE\RJ\2026\04\DOERJ_PARTE_I_PODER_EXECUTIVO_2026-04-28.md
RJ,Diario Oficial do Estado do Rio de Janeiro,2026-04-28,Parte I (Poder Executivo),exoneracao,ELIZABETH BLANCO PEREZ,do cargo de Diretor,da Subsecretaria de Gestão Administrativa e Financeira,"EXONERAR com validade a contar de 25 de abril de 2026, ELIZABETH BLANCO PEREZ , ID FUNCIONAL Nº 8773947/16, do cargo de Diretor, símbolo DG, da Diretoria de Gestão Financeira - Dirgef, da Subsecretaria de Gestão Administrativa e Financeira, da",https://www.ioerj.com.br/portal/modules/conteudoonline/mostra_edicao.php?session=VGtSYVFrMXJTWGRQUlZsMFVXcGpNRTVwTURCU1ZFVjNURlJzUkU5VVVYUlJlbGt5VDBSS1ExSnFXWHBOYWxWNlRWUmpNMDU2VlhkT1ZHZDNUVkU5UFE9PQ==,LAKE\RJ\2026\04\DOERJ_PARTE_I_PODER_EXECUTIVO_2026-04-28.md
RJ,Diario Oficial do Estado do Rio de Janeiro,2026-04-28,Parte I (Poder Executivo),nomeacao,IZA CLEA CARDOZO SANTOS,para exercer o cargo em comissão de Diretor,,"NOMEAR com validade a contar de 25 de abril de 2026, IZA CLEA CARDOZO SANTOS , ID FUNCIONAL Nº 5005908-4, para exercer o cargo em comissão de Diretor, símbolo DG, da Diretoria de Gestão Financeira, da",https://www.ioerj.com.br/portal/modules/conteudoonline/mostra_edicao.php?session=VGtSYVFrMXJTWGRQUlZsMFVXcGpNRTVwTURCU1ZFVjNURlJzUkU5VVVYUlJlbGt5VDBSS1ExSnFXWHBOYWxWNlRWUmpNMDU2VlhkT1ZHZDNUVkU5UFE9PQ==,LAKE\RJ\2026\04\DOERJ_PARTE_I_PODER_EXECUTIVO_2026-04-28.md
RJ,Diario Oficial do Estado do Rio de Janeiro,2026-04-28,Parte I (Poder Executivo),nomeacao,LUANA ABREU DOS SANTOS LOURENCO,para exercer o cargo de Diretor de Diretoria,,"NOMEAR LUANA ABREU DOS SANTOS LOURENCO , ID FUNCIONAL Nº 50329073/1, para exercer o cargo de Diretor de Diretoria, símbolo VP-1, da Diretoria de Administração e Finanças, do Fundo Único de Previdência Social do Estado do Rio de Janeiro - RIOPREVIDENCIA, anteriormente ocupado por NICHOLAS RIBEIRO DA COSTA CARDOSO, ID Funcional nº 44345810/2. Processo nº S E I 0 4 0 0 1 4 / 0 11 8 6 1 / 2 0 2 6",https://www.ioerj.com.br/portal/modules/conteudoonline/mostra_edicao.php?session=VGtSYVFrMXJTWGRQUlZsMFVXcGpNRTVwTURCU1ZFVjNURlJzUkU5VVVYUlJlbGt5VDBSS1ExSnFXWHBOYWxWNlRWUmpNMDU2VlhkT1ZHZDNUVkU5UFE9PQ==,LAKE\RJ\2026\04\DOERJ_PARTE_I_PODER_EXECUTIVO_2026-04-28.md
RJ,Diario Oficial do Estado do Rio de Janeiro,2026-04-28,Parte I (Poder Executivo),nomeacao,ALESSANDRO OLIVEIRA VIANA,,da Subsecretaria de Gestão de Pessoas de Polícia Militar,"NOMEAR ALESSANDRO OLIVEIRA VIANA , ID FUNCIONAL Nº 41810708/1, para exercer, com validade a contar de 25 de março de 2026, o cargo de Subsecretário, símbolo SS, da Subsecretaria de Gestão de Pessoas de Polícia Militar, da Subsecretaria Geral de Polícia Militar, da",https://www.ioerj.com.br/portal/modules/conteudoonline/mostra_edicao.php?session=VGtSYVFrMXJTWGRQUlZsMFVXcGpNRTVwTURCU1ZFVjNURlJzUkU5VVVYUlJlbGt5VDBSS1ExSnFXWHBOYWxWNlRWUmpNMDU2VlhkT1ZHZDNUVkU5UFE9PQ==,LAKE\RJ\2026\04\DOERJ_PARTE_I_PODER_EXECUTIVO_2026-04-28.md
RJ,Diario Oficial do Estado do Rio de Janeiro,2026-04-28,Parte I (Poder Executivo),nomeacao,WALTER TEIXEIRA DA SILVA JUNIOR,,da Subsecretaria de Inteligência de Polícia Militar,"NOMEAR WALTER TEIXEIRA DA SILVA JUNIOR , ID FUNCIONAL Nº 22868526/1, para exercer, com validade a contar de 25 de março de 2026, o cargo de Subsecretário, símbolo SS, da Subsecretaria de Inteligência de Polícia Militar, da Subsecretaria Geral de Polícia Militar, da",https://www.ioerj.com.br/portal/modules/conteudoonline/mostra_edicao.php?session=VGtSYVFrMXJTWGRQUlZsMFVXcGpNRTVwTURCU1ZFVjNURlJzUkU5VVVYUlJlbGt5VDBSS1ExSnFXWHBOYWxWNlRWUmpNMDU2VlhkT1ZHZDNUVkU5UFE9PQ==,LAKE\RJ\2026\04\DOERJ_PARTE_I_PODER_EXECUTIVO_2026-04-28.md
RJ,Diario Oficial do Estado do Rio de Janeiro,2026-04-28,Parte I (Poder Executivo),nomeacao,MARCELO RAMOS DO CARMO,,da Subsecretaria Geral de Polícia Militar,"NOMEAR MARCELO RAMOS DO CARMO , ID FUNCIONAL Nº 22493573/1, para exercer, com validade a contar de 26 de março de 2026, o cargo de Corregedor, símbolo SS, da Corregedoria Geral de Polícia Militar, da Subsecretaria Geral de Polícia Militar, da",https://www.ioerj.com.br/portal/modules/conteudoonline/mostra_edicao.php?session=VGtSYVFrMXJTWGRQUlZsMFVXcGpNRTVwTURCU1ZFVjNURlJzUkU5VVVYUlJlbGt5VDBSS1ExSnFXWHBOYWxWNlRWUmpNMDU2VlhkT1ZHZDNUVkU5UFE9PQ==,LAKE\RJ\2026\04\DOERJ_PARTE_I_PODER_EXECUTIVO_2026-04-28.md
RJ,Diario Oficial do Estado do Rio de Janeiro,2026-04-28,Parte I (Poder Executivo),nomeacao,ROGERIO COSENDEY PERLINGEIRO,,da Subsecretaria Adjunta Militar,"NOMEAR ROGERIO COSENDEY PERLINGEIRO , ID FUNCIONAL Nº 24451258, para exercer, com validade a contar de 13 de abril de 2026, o cargo de Subsecretário Adjunto, símbolo SA, da Subsecretaria Adjunta Militar, da Subsecretaria Militar (Ssm), do Gabinete de Segurança Institucional do Governo, anteriormente ocupado por WAGNER VILLARES DE OLIVEIRA, ID Funcional nº 21782377/5. Processo nº SEI-390002/000995/2026. Id: 2731247 ##",https://www.ioerj.com.br/portal/modules/conteudoonline/mostra_edicao.php?session=VGtSYVFrMXJTWGRQUlZsMFVXcGpNRTVwTURCU1ZFVjNURlJzUkU5VVVYUlJlbGt5VDBSS1ExSnFXWHBOYWxWNlRWUmpNMDU2VlhkT1ZHZDNUVkU5UFE9PQ==,LAKE\RJ\2026\04\DOERJ_PARTE_I_PODER_EXECUTIVO_2026-04-28.md
RJ,Diario Oficial do Estado do Rio de Janeiro,2026-04-28,Parte I (Poder Executivo),exoneracao,MARCO AURELIO PINHEIRO DOS SANTOS,do cargo em comissão de Assistente II,,"EXONERAR MARCO AURELIO PINHEIRO DOS SANTOS , ID FUNCIONAL Nº 50723405/4, do cargo em comissão de Assistente II, símbolo DAI-6, da",https://www.ioerj.com.br/portal/modules/conteudoonline/mostra_edicao.php?session=VGtSYVFrMXJTWGRQUlZsMFVXcGpNRTVwTURCU1ZFVjNURlJzUkU5VVVYUlJlbGt5VDBSS1ExSnFXWHBOYWxWNlRWUmpNMDU2VlhkT1ZHZDNUVkU5UFE9PQ==,LAKE\RJ\2026\04\DOERJ_PARTE_I_PODER_EXECUTIVO_2026-04-28.md
RJ,Diario Oficial do Estado do Rio de Janeiro,2026-04-28,Parte I (Poder Executivo),exoneracao,RAFAEL BARROS LIMA,do cargo em comissão de Assistente II,,"EXONERAR RAFAEL BARROS LIMA , ID FUNCIONAL Nº 44413181/1, do cargo em comissão de Assistente II, símbolo DAI-6, da",https://www.ioerj.com.br/portal/modules/conteudoonline/mostra_edicao.php?session=VGtSYVFrMXJTWGRQUlZsMFVXcGpNRTVwTURCU1ZFVjNURlJzUkU5VVVYUlJlbGt5VDBSS1ExSnFXWHBOYWxWNlRWUmpNMDU2VlhkT1ZHZDNUVkU5UFE9PQ==,LAKE\RJ\2026\04\DOERJ_PARTE_I_PODER_EXECUTIVO_2026-04-28.md
RJ,Diario Oficial do Estado do Rio de Janeiro,2026-04-28,Parte I (Poder Executivo),exoneracao,TATIANA SANTOS DA SILVA,do cargo em comissão de Assistente,,"EXONERAR TATIANA SANTOS DA SILVA , ID FUNCIONAL Nº 51709660/1, do cargo em comissão de Assistente, símbolo DAS-6, da",https://www.ioerj.com.br/portal/modules/conteudoonline/mostra_edicao.php?session=VGtSYVFrMXJTWGRQUlZsMFVXcGpNRTVwTURCU1ZFVjNURlJzUkU5VVVYUlJlbGt5VDBSS1ExSnFXWHBOYWxWNlRWUmpNMDU2VlhkT1ZHZDNUVkU5UFE9PQ==,LAKE\RJ\2026\04\DOERJ_PARTE_I_PODER_EXECUTIVO_2026-04-28.md
RJ,Diario Oficial do Estado do Rio de Janeiro,2026-04-28,Parte I (Poder Executivo),exoneracao,MARYANE PRAXEDES ALVES DA SILVA,do cargo em comissão de Ajudante I,,"EXONERAR MARYANE PRAXEDES ALVES DA SILVA , ID FUNCIONAL Nº 51726327/1, do cargo em comissão de Ajudante I, símbolo DAI-1, da",https://www.ioerj.com.br/portal/modules/conteudoonline/mostra_edicao.php?session=VGtSYVFrMXJTWGRQUlZsMFVXcGpNRTVwTURCU1ZFVjNURlJzUkU5VVVYUlJlbGt5VDBSS1ExSnFXWHBOYWxWNlRWUmpNMDU2VlhkT1ZHZDNUVkU5UFE9PQ==,LAKE\RJ\2026\04\DOERJ_PARTE_I_PODER_EXECUTIVO_2026-04-28.md
RJ,Diario Oficial do Estado do Rio de Janeiro,2026-04-28,Parte I (Poder Executivo),exoneracao,DOUGLAS WILLIAM MARQUES DE OLIVEIRA,do cargo em comissão de Assistente II,,"EXONERAR DOUGLAS WILLIAM MARQUES DE OLIVEIRA , ID FUNCIONAL Nº 51469723/2, do cargo em comissão de Assistente II, símbolo DAI-6, da",https://www.ioerj.com.br/portal/modules/conteudoonline/mostra_edicao.php?session=VGtSYVFrMXJTWGRQUlZsMFVXcGpNRTVwTURCU1ZFVjNURlJzUkU5VVVYUlJlbGt5VDBSS1ExSnFXWHBOYWxWNlRWUmpNMDU2VlhkT1ZHZDNUVkU5UFE9PQ==,LAKE\RJ\2026\04\DOERJ_PARTE_I_PODER_EXECUTIVO_2026-04-28.md
RJ,Diario Oficial do Estado do Rio de Janeiro,2026-04-28,Parte I (Poder Executivo),exoneracao,GABRIEL AUGUSTO LEITE DE ABREU,do cargo em comissão de Ajudante I,,"EXONERAR GABRIEL AUGUSTO LEITE DE ABREU , ID FUNCIONAL Nº 51726785/1, do cargo em comissão de Ajudante I, símbolo DAI-1, da",https://www.ioerj.com.br/portal/modules/conteudoonline/mostra_edicao.php?session=VGtSYVFrMXJTWGRQUlZsMFVXcGpNRTVwTURCU1ZFVjNURlJzUkU5VVVYUlJlbGt5VDBSS1ExSnFXWHBOYWxWNlRWUmpNMDU2VlhkT1ZHZDNUVkU5UFE9PQ==,LAKE\RJ\2026\04\DOERJ_PARTE_I_PODER_EXECUTIVO_2026-04-28.md
RJ,Diario Oficial do Estado do Rio de Janeiro,2026-04-28,Parte I (Poder Executivo),exoneracao,DAGUIMARA SOARES DOS SANTOS BARRETO,do cargo em comissão de Ajudante I,,"EXONERAR DAGUIMARA SOARES DOS SANTOS BARRETO , ID FUNCIONAL Nº 51729164/1, do cargo em comissão de Ajudante I, símbolo DAI-1, da",https://www.ioerj.com.br/portal/modules/conteudoonline/mostra_edicao.php?session=VGtSYVFrMXJTWGRQUlZsMFVXcGpNRTVwTURCU1ZFVjNURlJzUkU5VVVYUlJlbGt5VDBSS1ExSnFXWHBOYWxWNlRWUmpNMDU2VlhkT1ZHZDNUVkU5UFE9PQ==,LAKE\RJ\2026\04\DOERJ_PARTE_I_PODER_EXECUTIVO_2026-04-28.md
RJ,Diario Oficial do Estado do Rio de Janeiro,2026-04-28,Parte I (Poder Executivo),exoneracao,SHIRLEI MARCIA VIRGILIO DE CARVALHO VIEIRA,do cargo em comissão de Ajudante I,,"EXONERAR SHIRLEI MARCIA VIRGILIO DE CARVALHO VIEIRA , ID FUNCIONAL Nº 51727730/1, do cargo em comissão de Ajudante I, símbolo DAI-1, da",https://www.ioerj.com.br/portal/modules/conteudoonline/mostra_edicao.php?session=VGtSYVFrMXJTWGRQUlZsMFVXcGpNRTVwTURCU1ZFVjNURlJzUkU5VVVYUlJlbGt5VDBSS1ExSnFXWHBOYWxWNlRWUmpNMDU2VlhkT1ZHZDNUVkU5UFE9PQ==,LAKE\RJ\2026\04\DOERJ_PARTE_I_PODER_EXECUTIVO_2026-04-28.md
RJ,Diario Oficial do Estado do Rio de Janeiro,2026-04-28,Parte I (Poder Executivo),exoneracao,MARIANA DE SOUSA SILVA,do cargo em comissão de Ajudante I,,"EXONERAR MARIANA DE SOUSA SILVA , ID FUNCIONAL Nº 51728117/1, do cargo em comissão de Ajudante I, símbolo DAI-1, da",https://www.ioerj.com.br/portal/modules/conteudoonline/mostra_edicao.php?session=VGtSYVFrMXJTWGRQUlZsMFVXcGpNRTVwTURCU1ZFVjNURlJzUkU5VVVYUlJlbGt5VDBSS1ExSnFXWHBOYWxWNlRWUmpNMDU2VlhkT1ZHZDNUVkU5UFE9PQ==,LAKE\RJ\2026\04\DOERJ_PARTE_I_PODER_EXECUTIVO_2026-04-28.md
RJ,Diario Oficial do Estado do Rio de Janeiro,2026-04-28,Parte I (Poder Executivo),exoneracao,CARLA TATHIANE CABRAL TEIXEIRA,do cargo em comissão de Assistente II,,"EXONERAR CARLA TATHIANE CABRAL TEIXEIRA , ID FUNCIONAL Nº 51393212/2, do cargo em comissão de Assistente II, símbolo DAI-6, da",https://www.ioerj.com.br/portal/modules/conteudoonline/mostra_edicao.php?session=VGtSYVFrMXJTWGRQUlZsMFVXcGpNRTVwTURCU1ZFVjNURlJzUkU5VVVYUlJlbGt5VDBSS1ExSnFXWHBOYWxWNlRWUmpNMDU2VlhkT1ZHZDNUVkU5UFE9PQ==,LAKE\RJ\2026\04\DOERJ_PARTE_I_PODER_EXECUTIVO_2026-04-28.md
RJ,Diario Oficial do Estado do Rio de Janeiro,2026-04-28,Parte I (Poder Executivo),exoneracao,RICHARD DE SOUZA GADELHA PESSOA,do cargo em comissão de Assistente II,,"EXONERAR RICHARD DE SOUZA GADELHA PESSOA , ID FUNCIONAL Nº 51370581/2, do cargo em comissão de Assistente II, símbolo DAI-6, da",https://www.ioerj.com.br/portal/modules/conteudoonline/mostra_edicao.php?session=VGtSYVFrMXJTWGRQUlZsMFVXcGpNRTVwTURCU1ZFVjNURlJzUkU5VVVYUlJlbGt5VDBSS1ExSnFXWHBOYWxWNlRWUmpNMDU2VlhkT1ZHZDNUVkU5UFE9PQ==,LAKE\RJ\2026\04\DOERJ_PARTE_I_PODER_EXECUTIVO_2026-04-28.md
RJ,Diario Oficial do Estado do Rio de Janeiro,2026-04-28,Parte I (Poder Executivo),exoneracao,TAINARA GADELHA DA SILVA,do cargo em comissão de Ajudante I,,"EXONERAR TAINARA GADELHA DA SILVA , ID FUNCIONAL Nº 51729091/1, do cargo em comissão de Ajudante I, símbolo DAI-1, da",https://www.ioerj.com.br/portal/modules/conteudoonline/mostra_edicao.php?session=VGtSYVFrMXJTWGRQUlZsMFVXcGpNRTVwTURCU1ZFVjNURlJzUkU5VVVYUlJlbGt5VDBSS1ExSnFXWHBOYWxWNlRWUmpNMDU2VlhkT1ZHZDNUVkU5UFE9PQ==,LAKE\RJ\2026\04\DOERJ_PARTE_I_PODER_EXECUTIVO_2026-04-28.md
RJ,Diario Oficial do Estado do Rio de Janeiro,2026-04-28,Parte I (Poder Executivo),exoneracao,GLACIELE DE BRITO TEIXEIRA,do cargo em comissão de Ajudante I,,"EXONERAR GLACIELE DE BRITO TEIXEIRA , ID FUNCIONAL Nº 51726793/1, do cargo em comissão de Ajudante I, símbolo DAI-1, da",https://www.ioerj.com.br/portal/modules/conteudoonline/mostra_edicao.php?session=VGtSYVFrMXJTWGRQUlZsMFVXcGpNRTVwTURCU1ZFVjNURlJzUkU5VVVYUlJlbGt5VDBSS1ExSnFXWHBOYWxWNlRWUmpNMDU2VlhkT1ZHZDNUVkU5UFE9PQ==,LAKE\RJ\2026\04\DOERJ_PARTE_I_PODER_EXECUTIVO_2026-04-28.md
RJ,Diario Oficial do Estado do Rio de Janeiro,2026-04-28,Parte I (Poder Executivo),exoneracao,JAMERSON LUIZ CELESTINO,do cargo em comissão de Ajudante I,,"EXONERAR JAMERSON LUIZ CELESTINO , ID FUNCIONAL Nº 51727064/1, do cargo em comissão de Ajudante I, símbolo DAI-1, da",https://www.ioerj.com.br/portal/modules/conteudoonline/mostra_edicao.php?session=VGtSYVFrMXJTWGRQUlZsMFVXcGpNRTVwTURCU1ZFVjNURlJzUkU5VVVYUlJlbGt5VDBSS1ExSnFXWHBOYWxWNlRWUmpNMDU2VlhkT1ZHZDNUVkU5UFE9PQ==,LAKE\RJ\2026\04\DOERJ_PARTE_I_PODER_EXECUTIVO_2026-04-28.md
RJ,Diario Oficial do Estado do Rio de Janeiro,2026-04-28,Parte I (Poder Executivo),exoneracao,INGRID FERREIRA RIBEIRO,do cargo em comissão de Ajudante I,,"EXONERAR INGRID FERREIRA RIBEIRO , ID FUNCIONAL Nº 51157225/2, do cargo em comissão de Ajudante I, símbolo DAI-1, da",https://www.ioerj.com.br/portal/modules/conteudoonline/mostra_edicao.php?session=VGtSYVFrMXJTWGRQUlZsMFVXcGpNRTVwTURCU1ZFVjNURlJzUkU5VVVYUlJlbGt5VDBSS1ExSnFXWHBOYWxWNlRWUmpNMDU2VlhkT1ZHZDNUVkU5UFE9PQ==,LAKE\RJ\2026\04\DOERJ_PARTE_I_PODER_EXECUTIVO_2026-04-28.md
RJ,Diario Oficial do Estado do Rio de Janeiro,2026-04-28,Parte I (Poder Executivo),exoneracao,SOLANGE MARIA GOMES SILVA,do cargo em comissão de Assistente II,,"EXONERAR SOLANGE MARIA GOMES SILVA , ID FUNCIONAL Nº 50176021/2, do cargo em comissão de Assistente II, símbolo DAI-6, da",https://www.ioerj.com.br/portal/modules/conteudoonline/mostra_edicao.php?session=VGtSYVFrMXJTWGRQUlZsMFVXcGpNRTVwTURCU1ZFVjNURlJzUkU5VVVYUlJlbGt5VDBSS1ExSnFXWHBOYWxWNlRWUmpNMDU2VlhkT1ZHZDNUVkU5UFE9PQ==,LAKE\RJ\2026\04\DOERJ_PARTE_I_PODER_EXECUTIVO_2026-04-28.md
RJ,Diario Oficial do Estado do Rio de Janeiro,2026-04-28,Parte I (Poder Executivo),exoneracao,DANIELLE DA COSTA CARVALHO MONTEIRO,do cargo em comissão de Assistente II,,"EXONERAR DANIELLE DA COSTA CARVALHO MONTEIRO , ID FUNCIONAL Nº 51698447/1, do cargo em comissão de Assistente II, símbolo DAI-6, da",https://www.ioerj.com.br/portal/modules/conteudoonline/mostra_edicao.php?session=VGtSYVFrMXJTWGRQUlZsMFVXcGpNRTVwTURCU1ZFVjNURlJzUkU5VVVYUlJlbGt5VDBSS1ExSnFXWHBOYWxWNlRWUmpNMDU2VlhkT1ZHZDNUVkU5UFE9PQ==,LAKE\RJ\2026\04\DOERJ_PARTE_I_PODER_EXECUTIVO_2026-04-28.md
RJ,Diario Oficial do Estado do Rio de Janeiro,2026-04-28,Parte I (Poder Executivo),exoneracao,DOUGLAS ALEXANDRE APARECIDO LIMA DA SILVA,do cargo em comissão de Ajudante I,,"EXONERAR DOUGLAS ALEXANDRE APARECIDO LIMA DA SILVA , ID FUNCIONAL Nº 50723243/3, do cargo em comissão de Ajudante I, símbolo DAI-1, da",https://www.ioerj.com.br/portal/modules/conteudoonline/mostra_edicao.php?session=VGtSYVFrMXJTWGRQUlZsMFVXcGpNRTVwTURCU1ZFVjNURlJzUkU5VVVYUlJlbGt5VDBSS1ExSnFXWHBOYWxWNlRWUmpNMDU2VlhkT1ZHZDNUVkU5UFE9PQ==,LAKE\RJ\2026\04\DOERJ_PARTE_I_PODER_EXECUTIVO_2026-04-28.md
RJ,Diario Oficial do Estado do Rio de Janeiro,2026-04-28,Parte I (Poder Executivo),exoneracao,BRENDA NASCIMENTO DE SOUZA ANDRADE,do cargo em comissão de Assistente II,,"EXONERAR BRENDA NASCIMENTO DE SOUZA ANDRADE , ID FUNCIONAL Nº 51685558/1, do cargo em comissão de Assistente II, símbolo DAI-6, da",https://www.ioerj.com.br/portal/modules/conteudoonline/mostra_edicao.php?session=VGtSYVFrMXJTWGRQUlZsMFVXcGpNRTVwTURCU1ZFVjNURlJzUkU5VVVYUlJlbGt5VDBSS1ExSnFXWHBOYWxWNlRWUmpNMDU2VlhkT1ZHZDNUVkU5UFE9PQ==,LAKE\RJ\2026\04\DOERJ_PARTE_I_PODER_EXECUTIVO_2026-04-28.md
RJ,Diario Oficial do Estado do Rio de Janeiro,2026-04-28,Parte I (Poder Executivo),exoneracao,THIAGO RODRIGUES DA GAMA,do cargo em comissão de Assistente,,"EXONERAR THIAGO RODRIGUES DA GAMA , ID FUNCIONAL Nº 51724898/1, do cargo em comissão de Assistente, símbolo DAS-6, da",https://www.ioerj.com.br/portal/modules/conteudoonline/mostra_edicao.php?session=VGtSYVFrMXJTWGRQUlZsMFVXcGpNRTVwTURCU1ZFVjNURlJzUkU5VVVYUlJlbGt5VDBSS1ExSnFXWHBOYWxWNlRWUmpNMDU2VlhkT1ZHZDNUVkU5UFE9PQ==,LAKE\RJ\2026\04\DOERJ_PARTE_I_PODER_EXECUTIVO_2026-04-28.md
RJ,Diario Oficial do Estado do Rio de Janeiro,2026-04-28,Parte I (Poder Executivo),exoneracao,DAYANNY MARA BORGES DO NASCIMENTO DE SOUZA,do cargo em comissão de Ajudante I,,"EXONERAR DAYANNY MARA BORGES DO NASCIMENTO DE SOUZA , ID FUNCIONAL Nº 51727684/1, do cargo em comissão de Ajudante I, símbolo DAI-1, da",https://www.ioerj.com.br/portal/modules/conteudoonline/mostra_edicao.php?session=VGtSYVFrMXJTWGRQUlZsMFVXcGpNRTVwTURCU1ZFVjNURlJzUkU5VVVYUlJlbGt5VDBSS1ExSnFXWHBOYWxWNlRWUmpNMDU2VlhkT1ZHZDNUVkU5UFE9PQ==,LAKE\RJ\2026\04\DOERJ_PARTE_I_PODER_EXECUTIVO_2026-04-28.md
RJ,Diario Oficial do Estado do Rio de Janeiro,2026-04-28,Parte I (Poder Executivo),exoneracao,JORGE LUIZ BARCELOS DE ANDRADE,do cargo em comissão de Assistente II,,"EXONERAR JORGE LUIZ BARCELOS DE ANDRADE , ID FUNCIONAL Nº 51707276/1, do cargo em comissão de Assistente II, símbolo DAI-6, da",https://www.ioerj.com.br/portal/modules/conteudoonline/mostra_edicao.php?session=VGtSYVFrMXJTWGRQUlZsMFVXcGpNRTVwTURCU1ZFVjNURlJzUkU5VVVYUlJlbGt5VDBSS1ExSnFXWHBOYWxWNlRWUmpNMDU2VlhkT1ZHZDNUVkU5UFE9PQ==,LAKE\RJ\2026\04\DOERJ_PARTE_I_PODER_EXECUTIVO_2026-04-28.md
RJ,Diario Oficial do Estado do Rio de Janeiro,2026-04-28,Parte I (Poder Executivo),exoneracao,CRISTIANE DOS SANTOS NERES,do cargo em comissão de Ajudante I,,"EXONERAR CRISTIANE DOS SANTOS NERES , ID FUNCIONAL Nº 51725312/1, do cargo em comissão de Ajudante I, símbolo DAI-1, da",https://www.ioerj.com.br/portal/modules/conteudoonline/mostra_edicao.php?session=VGtSYVFrMXJTWGRQUlZsMFVXcGpNRTVwTURCU1ZFVjNURlJzUkU5VVVYUlJlbGt5VDBSS1ExSnFXWHBOYWxWNlRWUmpNMDU2VlhkT1ZHZDNUVkU5UFE9PQ==,LAKE\RJ\2026\04\DOERJ_PARTE_I_PODER_EXECUTIVO_2026-04-28.md
RJ,Diario Oficial do Estado do Rio de Janeiro,2026-04-28,Parte I (Poder Executivo),exoneracao,LENINE RODRIGUES LEMOS,do cargo em comissão de Assessor,,"EXONERAR LENINE RODRIGUES LEMOS , ID FUNCIONAL Nº 51166216/1, do cargo em comissão de Assessor, símbolo DAS-7, da",https://www.ioerj.com.br/portal/modules/conteudoonline/mostra_edicao.php?session=VGtSYVFrMXJTWGRQUlZsMFVXcGpNRTVwTURCU1ZFVjNURlJzUkU5VVVYUlJlbGt5VDBSS1ExSnFXWHBOYWxWNlRWUmpNMDU2VlhkT1ZHZDNUVkU5UFE9PQ==,LAKE\RJ\2026\04\DOERJ_PARTE_I_PODER_EXECUTIVO_2026-04-28.md
RJ,Diario Oficial do Estado do Rio de Janeiro,2026-04-28,Parte I (Poder Executivo),exoneracao,THIAGO REZENDE DE LIMA,do cargo em comissão de Ajudante I,,"EXONERAR THIAGO REZENDE DE LIMA , ID FUNCIONAL Nº 51738040/1, do cargo em comissão de Ajudante I, símbolo DAI-1, da",https://www.ioerj.com.br/portal/modules/conteudoonline/mostra_edicao.php?session=VGtSYVFrMXJTWGRQUlZsMFVXcGpNRTVwTURCU1ZFVjNURlJzUkU5VVVYUlJlbGt5VDBSS1ExSnFXWHBOYWxWNlRWUmpNMDU2VlhkT1ZHZDNUVkU5UFE9PQ==,LAKE\RJ\2026\04\DOERJ_PARTE_I_PODER_EXECUTIVO_2026-04-28.md
RJ,Diario Oficial do Estado do Rio de Janeiro,2026-04-28,Parte I (Poder Executivo),exoneracao,RAIMUNDA EDILEUZA FERNANDES,do cargo em comissão de Ajudante I,,"EXONERAR RAIMUNDA EDILEUZA FERNANDES , ID FUNCIONAL Nº 51724375/1, do cargo em comissão de Ajudante I, símbolo DAI-1, da",https://www.ioerj.com.br/portal/modules/conteudoonline/mostra_edicao.php?session=VGtSYVFrMXJTWGRQUlZsMFVXcGpNRTVwTURCU1ZFVjNURlJzUkU5VVVYUlJlbGt5VDBSS1ExSnFXWHBOYWxWNlRWUmpNMDU2VlhkT1ZHZDNUVkU5UFE9PQ==,LAKE\RJ\2026\04\DOERJ_PARTE_I_PODER_EXECUTIVO_2026-04-28.md
RJ,Diario Oficial do Estado do Rio de Janeiro,2026-04-28,Parte I (Poder Executivo),exoneracao,FERNANDA VICENTE DA SILVA,do cargo em comissão de Assistente II,,"EXONERAR FERNANDA VICENTE DA SILVA, ID 51706806/1, do cargo em comissão de Assistente II, DAI-6, da",https://www.ioerj.com.br/portal/modules/conteudoonline/mostra_edicao.php?session=VGtSYVFrMXJTWGRQUlZsMFVXcGpNRTVwTURCU1ZFVjNURlJzUkU5VVVYUlJlbGt5VDBSS1ExSnFXWHBOYWxWNlRWUmpNMDU2VlhkT1ZHZDNUVkU5UFE9PQ==,LAKE\RJ\2026\04\DOERJ_PARTE_I_PODER_EXECUTIVO_2026-04-28.md
RJ,Diario Oficial do Estado do Rio de Janeiro,2026-04-28,Parte I (Poder Executivo),exoneracao,DEYVISON NASCIMENTO DA VEIGA,do cargo em comissão de Ajudante I,,"EXONERAR DEYVISON NASCIMENTO DA VEIGA , ID FUNCIONAL Nº 51728834/1, do cargo em comissão de Ajudante I, símbolo DAI-1, da",https://www.ioerj.com.br/portal/modules/conteudoonline/mostra_edicao.php?session=VGtSYVFrMXJTWGRQUlZsMFVXcGpNRTVwTURCU1ZFVjNURlJzUkU5VVVYUlJlbGt5VDBSS1ExSnFXWHBOYWxWNlRWUmpNMDU2VlhkT1ZHZDNUVkU5UFE9PQ==,LAKE\RJ\2026\04\DOERJ_PARTE_I_PODER_EXECUTIVO_2026-04-28.md
RJ,Diario Oficial do Estado do Rio de Janeiro,2026-04-28,Parte I (Poder Executivo),exoneracao,BRENDON DE MOURA XAVIER,do cargo em comissão de Assistente II,,"EXONERAR BRENDON DE MOURA XAVIER , ID FUNCIONAL Nº 51724480/1, do cargo em comissão de Assistente II, símbolo DAI-6, da Divisão de Apoio Administrativo, da Coordenação de Gestão do Acervo, do Arquivo Público do Estado do Rio de Janeiro, da",https://www.ioerj.com.br/portal/modules/conteudoonline/mostra_edicao.php?session=VGtSYVFrMXJTWGRQUlZsMFVXcGpNRTVwTURCU1ZFVjNURlJzUkU5VVVYUlJlbGt5VDBSS1ExSnFXWHBOYWxWNlRWUmpNMDU2VlhkT1ZHZDNUVkU5UFE9PQ==,LAKE\RJ\2026\04\DOERJ_PARTE_I_PODER_EXECUTIVO_2026-04-28.md
RJ,Diario Oficial do Estado do Rio de Janeiro,2026-04-28,Parte I (Poder Executivo),exoneracao,URSULA MELO PESSOA,do cargo em comissão de Assistente II,,"EXONERAR URSULA MELO PESSOA , ID FUNCIONAL Nº 50875906/4, do cargo em comissão de Assistente II, símbolo DAI-6, da Divisão de Apoio Administrativo, da Coordenação de Gestão do Acervo, do Arquivo Público do Estado do Rio de Janeiro, da",https://www.ioerj.com.br/portal/modules/conteudoonline/mostra_edicao.php?session=VGtSYVFrMXJTWGRQUlZsMFVXcGpNRTVwTURCU1ZFVjNURlJzUkU5VVVYUlJlbGt5VDBSS1ExSnFXWHBOYWxWNlRWUmpNMDU2VlhkT1ZHZDNUVkU5UFE9PQ==,LAKE\RJ\2026\04\DOERJ_PARTE_I_PODER_EXECUTIVO_2026-04-28.md
RJ,Diario Oficial do Estado do Rio de Janeiro,2026-04-28,Parte I (Poder Executivo),exoneracao,LEONARDO DIAS BANDOLI,do cargo em comissão de Assistente,,"EXONERAR LEONARDO DIAS BANDOLI , ID FUNCIONAL Nº 51603900/1, do cargo em comissão de Assistente, símbolo DAS-6, da",https://www.ioerj.com.br/portal/modules/conteudoonline/mostra_edicao.php?session=VGtSYVFrMXJTWGRQUlZsMFVXcGpNRTVwTURCU1ZFVjNURlJzUkU5VVVYUlJlbGt5VDBSS1ExSnFXWHBOYWxWNlRWUmpNMDU2VlhkT1ZHZDNUVkU5UFE9PQ==,LAKE\RJ\2026\04\DOERJ_PARTE_I_PODER_EXECUTIVO_2026-04-28.md
RJ,Diario Oficial do Estado do Rio de Janeiro,2026-04-28,Parte I (Poder Executivo),exoneracao,BRENDALY DE SOUZA PROCOLI MOREIRA,do cargo em comissão de Ajudante I,,"EXONERAR BRENDALY DE SOUZA PROCOLI MOREIRA , ID FUNCIONAL Nº 51727439/1, do cargo em comissão de Ajudante I, símbolo DAI-1, da",https://www.ioerj.com.br/portal/modules/conteudoonline/mostra_edicao.php?session=VGtSYVFrMXJTWGRQUlZsMFVXcGpNRTVwTURCU1ZFVjNURlJzUkU5VVVYUlJlbGt5VDBSS1ExSnFXWHBOYWxWNlRWUmpNMDU2VlhkT1ZHZDNUVkU5UFE9PQ==,LAKE\RJ\2026\04\DOERJ_PARTE_I_PODER_EXECUTIVO_2026-04-28.md
RJ,Diario Oficial do Estado do Rio de Janeiro,2026-04-28,Parte I (Poder Executivo),exoneracao,ROSELAINE SANTOS OLIVEIRA DE MORAES,do cargo em comissão de Assistente II,,"EXONERAR ROSELAINE SANTOS OLIVEIRA DE MORAES , ID FUNCIONAL Nº 51707012/1, do cargo em comissão de Assistente II, símbolo DAI-6, da",https://www.ioerj.com.br/portal/modules/conteudoonline/mostra_edicao.php?session=VGtSYVFrMXJTWGRQUlZsMFVXcGpNRTVwTURCU1ZFVjNURlJzUkU5VVVYUlJlbGt5VDBSS1ExSnFXWHBOYWxWNlRWUmpNMDU2VlhkT1ZHZDNUVkU5UFE9PQ==,LAKE\RJ\2026\04\DOERJ_PARTE_I_PODER_EXECUTIVO_2026-04-28.md
RJ,Diario Oficial do Estado do Rio de Janeiro,2026-04-28,Parte I (Poder Executivo),exoneracao,SANDRO DA SILVA CUNHA,do cargo em comissão de Assistente II,,"EXONERAR SANDRO DA SILVA CUNHA , ID FUNCIONAL Nº 51581582/1, do cargo em comissão de Assistente II, símbolo DAI-6, da",https://www.ioerj.com.br/portal/modules/conteudoonline/mostra_edicao.php?session=VGtSYVFrMXJTWGRQUlZsMFVXcGpNRTVwTURCU1ZFVjNURlJzUkU5VVVYUlJlbGt5VDBSS1ExSnFXWHBOYWxWNlRWUmpNMDU2VlhkT1ZHZDNUVkU5UFE9PQ==,LAKE\RJ\2026\04\DOERJ_PARTE_I_PODER_EXECUTIVO_2026-04-28.md
RJ,Diario Oficial do Estado do Rio de Janeiro,2026-04-28,Parte I (Poder Executivo),exoneracao,WARLEY FERREIRA DA SILVA,do cargo em comissão de Ajudante I,,"EXONERAR WARLEY FERREIRA DA SILVA , ID FUNCIONAL Nº 51728346/1, do cargo em comissão de Ajudante I, símbolo DAI-1, da",https://www.ioerj.com.br/portal/modules/conteudoonline/mostra_edicao.php?session=VGtSYVFrMXJTWGRQUlZsMFVXcGpNRTVwTURCU1ZFVjNURlJzUkU5VVVYUlJlbGt5VDBSS1ExSnFXWHBOYWxWNlRWUmpNMDU2VlhkT1ZHZDNUVkU5UFE9PQ==,LAKE\RJ\2026\04\DOERJ_PARTE_I_PODER_EXECUTIVO_2026-04-28.md
RJ,Diario Oficial do Estado do Rio de Janeiro,2026-04-28,Parte I (Poder Executivo),exoneracao,JENNIFER COSTA DA SILVA,do cargo em comissão de Ajudante I,,"EXONERAR JENNIFER COSTA DA SILVA , ID FUNCIONAL Nº 51731738/1, do cargo em comissão de Ajudante I, símbolo DAI-1, da",https://www.ioerj.com.br/portal/modules/conteudoonline/mostra_edicao.php?session=VGtSYVFrMXJTWGRQUlZsMFVXcGpNRTVwTURCU1ZFVjNURlJzUkU5VVVYUlJlbGt5VDBSS1ExSnFXWHBOYWxWNlRWUmpNMDU2VlhkT1ZHZDNUVkU5UFE9PQ==,LAKE\RJ\2026\04\DOERJ_PARTE_I_PODER_EXECUTIVO_2026-04-28.md
RJ,Diario Oficial do Estado do Rio de Janeiro,2026-04-28,Parte I (Poder Executivo),exoneracao,GILBERTO RAIMUNDO DA SILVA,do cargo em comissão de Assistente II,,"EXONERAR GILBERTO RAIMUNDO DA SILVA , ID FUNCIONAL Nº 51706911/1, do cargo em comissão de Assistente II, símbolo DAI-6, da",https://www.ioerj.com.br/portal/modules/conteudoonline/mostra_edicao.php?session=VGtSYVFrMXJTWGRQUlZsMFVXcGpNRTVwTURCU1ZFVjNURlJzUkU5VVVYUlJlbGt5VDBSS1ExSnFXWHBOYWxWNlRWUmpNMDU2VlhkT1ZHZDNUVkU5UFE9PQ==,LAKE\RJ\2026\04\DOERJ_PARTE_I_PODER_EXECUTIVO_2026-04-28.md
RJ,Diario Oficial do Estado do Rio de Janeiro,2026-04-28,Parte I (Poder Executivo),exoneracao,BARBARA DE SANTANA CORREA OLIVEIRA,do cargo em comissão de Ajudante I,,"EXONERAR BARBARA DE SANTANA CORREA OLIVEIRA , ID FUNCIONAL Nº 51735091/1, do cargo em comissão de Ajudante I, símbolo DAI-1, da",https://www.ioerj.com.br/portal/modules/conteudoonline/mostra_edicao.php?session=VGtSYVFrMXJTWGRQUlZsMFVXcGpNRTVwTURCU1ZFVjNURlJzUkU5VVVYUlJlbGt5VDBSS1ExSnFXWHBOYWxWNlRWUmpNMDU2VlhkT1ZHZDNUVkU5UFE9PQ==,LAKE\RJ\2026\04\DOERJ_PARTE_I_PODER_EXECUTIVO_2026-04-28.md
RJ,Diario Oficial do Estado do Rio de Janeiro,2026-04-28,Parte I (Poder Executivo),exoneracao,JANE DA SILVA LOPES,do cargo em comissão de Ajudante I,,"EXONERAR JANE DA SILVA LOPES , ID FUNCIONAL Nº 51725738/1, do cargo em comissão de Ajudante I, símbolo DAI-1, da",https://www.ioerj.com.br/portal/modules/conteudoonline/mostra_edicao.php?session=VGtSYVFrMXJTWGRQUlZsMFVXcGpNRTVwTURCU1ZFVjNURlJzUkU5VVVYUlJlbGt5VDBSS1ExSnFXWHBOYWxWNlRWUmpNMDU2VlhkT1ZHZDNUVkU5UFE9PQ==,LAKE\RJ\2026\04\DOERJ_PARTE_I_PODER_EXECUTIVO_2026-04-28.md
RJ,Diario Oficial do Estado do Rio de Janeiro,2026-04-28,Parte I (Poder Executivo),exoneracao,VANDECI CRUZ DE ANDRADE,do cargo em comissão de Assistente II,,"EXONERAR VANDECI CRUZ DE ANDRADE , ID FUNCIONAL Nº 51707284/1, do cargo em comissão de Assistente II, símbolo DAI-6, da",https://www.ioerj.com.br/portal/modules/conteudoonline/mostra_edicao.php?session=VGtSYVFrMXJTWGRQUlZsMFVXcGpNRTVwTURCU1ZFVjNURlJzUkU5VVVYUlJlbGt5VDBSS1ExSnFXWHBOYWxWNlRWUmpNMDU2VlhkT1ZHZDNUVkU5UFE9PQ==,LAKE\RJ\2026\04\DOERJ_PARTE_I_PODER_EXECUTIVO_2026-04-28.md
RJ,Diario Oficial do Estado do Rio de Janeiro,2026-04-28,Parte I (Poder Executivo),exoneracao,VALCIR NOGUEIRA DA SILVA,do cargo em comissão de Assistente II,,"EXONERAR VALCIR NOGUEIRA DA SILVA , ID FUNCIONAL Nº 51577550/1, do cargo em comissão de Assistente II, símbolo DAI-6, da",https://www.ioerj.com.br/portal/modules/conteudoonline/mostra_edicao.php?session=VGtSYVFrMXJTWGRQUlZsMFVXcGpNRTVwTURCU1ZFVjNURlJzUkU5VVVYUlJlbGt5VDBSS1ExSnFXWHBOYWxWNlRWUmpNMDU2VlhkT1ZHZDNUVkU5UFE9PQ==,LAKE\RJ\2026\04\DOERJ_PARTE_I_PODER_EXECUTIVO_2026-04-28.md
RJ,Diario Oficial do Estado do Rio de Janeiro,2026-04-28,Parte I (Poder Executivo),exoneracao,MARTA MARTINS CABALIN,do cargo em comissão de Ajudante I,,"EXONERAR MARTA MARTINS CABALIN , ID FUNCIONAL Nº 51730715/1, do cargo em comissão de Ajudante I, símbolo DAI-1, da Divisão de Apoio Administrativo, da Coordenação de Gestão do Acervo, do Arquivo Público do Estado do Rio de Janeiro, da",https://www.ioerj.com.br/portal/modules/conteudoonline/mostra_edicao.php?session=VGtSYVFrMXJTWGRQUlZsMFVXcGpNRTVwTURCU1ZFVjNURlJzUkU5VVVYUlJlbGt5VDBSS1ExSnFXWHBOYWxWNlRWUmpNMDU2VlhkT1ZHZDNUVkU5UFE9PQ==,LAKE\RJ\2026\04\DOERJ_PARTE_I_PODER_EXECUTIVO_2026-04-28.md
RJ,Diario Oficial do Estado do Rio de Janeiro,2026-04-28,Parte I (Poder Executivo),exoneracao,DOUGLAS TEIXEIRA DE ALMEIDA,do cargo em comissão de Assistente,da Subsecretaria Executiva,"EXONERAR DOUGLAS TEIXEIRA DE ALMEIDA , ID FUNCIONAL Nº 51575914/1, do cargo em comissão de Assistente, símbolo DAS-6, da Assessoria de Convênios, da Subsecretaria Executiva, da",https://www.ioerj.com.br/portal/modules/conteudoonline/mostra_edicao.php?session=VGtSYVFrMXJTWGRQUlZsMFVXcGpNRTVwTURCU1ZFVjNURlJzUkU5VVVYUlJlbGt5VDBSS1ExSnFXWHBOYWxWNlRWUmpNMDU2VlhkT1ZHZDNUVkU5UFE9PQ==,LAKE\RJ\2026\04\DOERJ_PARTE_I_PODER_EXECUTIVO_2026-04-28.md
RJ,Diario Oficial do Estado do Rio de Janeiro,2026-04-28,Parte I (Poder Executivo),exoneracao,EDSON PEREIRA DA SILVA,do cargo em comissão de Ajudante I,,"EXONERAR EDSON PEREIRA DA SILVA , ID FUNCIONAL Nº 51723590/1, do cargo em comissão de Ajudante I, símbolo DAI-1, da",https://www.ioerj.com.br/portal/modules/conteudoonline/mostra_edicao.php?session=VGtSYVFrMXJTWGRQUlZsMFVXcGpNRTVwTURCU1ZFVjNURlJzUkU5VVVYUlJlbGt5VDBSS1ExSnFXWHBOYWxWNlRWUmpNMDU2VlhkT1ZHZDNUVkU5UFE9PQ==,LAKE\RJ\2026\04\DOERJ_PARTE_I_PODER_EXECUTIVO_2026-04-28.md
RJ,Diario Oficial do Estado do Rio de Janeiro,2026-04-28,Parte I (Poder Executivo),exoneracao,WAGNILTON DA CRUZ BARBOSA,do cargo em comissão de Ajudante I,,"EXONERAR WAGNILTON DA CRUZ BARBOSA , ID FUNCIONAL Nº 51724472/1, do cargo em comissão de Ajudante I, símbolo DAI-1, da",https://www.ioerj.com.br/portal/modules/conteudoonline/mostra_edicao.php?session=VGtSYVFrMXJTWGRQUlZsMFVXcGpNRTVwTURCU1ZFVjNURlJzUkU5VVVYUlJlbGt5VDBSS1ExSnFXWHBOYWxWNlRWUmpNMDU2VlhkT1ZHZDNUVkU5UFE9PQ==,LAKE\RJ\2026\04\DOERJ_PARTE_I_PODER_EXECUTIVO_2026-04-28.md
RJ,Diario Oficial do Estado do Rio de Janeiro,2026-04-28,Parte I (Poder Executivo),exoneracao,KELLY CRISTINA GONCALVES DA SILVA,do cargo em comissão de Assessor,,"EXONERAR KELLY CRISTINA GONCALVES DA SILVA , ID FUNCIONAL Nº 50928910/2, do cargo em comissão de Assessor, símbolo DAS-8, da",https://www.ioerj.com.br/portal/modules/conteudoonline/mostra_edicao.php?session=VGtSYVFrMXJTWGRQUlZsMFVXcGpNRTVwTURCU1ZFVjNURlJzUkU5VVVYUlJlbGt5VDBSS1ExSnFXWHBOYWxWNlRWUmpNMDU2VlhkT1ZHZDNUVkU5UFE9PQ==,LAKE\RJ\2026\04\DOERJ_PARTE_I_PODER_EXECUTIVO_2026-04-28.md
RJ,Diario Oficial do Estado do Rio de Janeiro,2026-04-28,Parte I (Poder Executivo),exoneracao,ENEMIZIA SHEILA DOS SANTOS ARAUJO,do cargo em comissão de Assistente II,,"EXONERAR ENEMIZIA SHEILA DOS SANTOS ARAUJO , ID FUNCIONAL Nº 51703564/1, do cargo em comissão de Assistente II, símbolo DAI-6, da",https://www.ioerj.com.br/portal/modules/conteudoonline/mostra_edicao.php?session=VGtSYVFrMXJTWGRQUlZsMFVXcGpNRTVwTURCU1ZFVjNURlJzUkU5VVVYUlJlbGt5VDBSS1ExSnFXWHBOYWxWNlRWUmpNMDU2VlhkT1ZHZDNUVkU5UFE9PQ==,LAKE\RJ\2026\04\DOERJ_PARTE_I_PODER_EXECUTIVO_2026-04-28.md
RJ,Diario Oficial do Estado do Rio de Janeiro,2026-04-28,Parte I (Poder Executivo),exoneracao,FERNANDA OLIVEIRA DOS SANTOS BARRETO,do cargo em comissão de Ajudante I,,"EXONERAR FERNANDA OLIVEIRA DOS SANTOS BARRETO , ID FUNCIONAL Nº 51730553/1, do cargo em comissão de Ajudante I, símbolo DAI-1, da",https://www.ioerj.com.br/portal/modules/conteudoonline/mostra_edicao.php?session=VGtSYVFrMXJTWGRQUlZsMFVXcGpNRTVwTURCU1ZFVjNURlJzUkU5VVVYUlJlbGt5VDBSS1ExSnFXWHBOYWxWNlRWUmpNMDU2VlhkT1ZHZDNUVkU5UFE9PQ==,LAKE\RJ\2026\04\DOERJ_PARTE_I_PODER_EXECUTIVO_2026-04-28.md
RJ,Diario Oficial do Estado do Rio de Janeiro,2026-04-28,Parte I (Poder Executivo),exoneracao,LUCAS MATHEUS DOS SANTOS RIBEIRO,do cargo em comissão de Ajudante I,,"EXONERAR LUCAS MATHEUS DOS SANTOS RIBEIRO , ID FUNCIONAL Nº 51729083/1, do cargo em comissão de Ajudante I, símbolo DAI-1, da",https://www.ioerj.com.br/portal/modules/conteudoonline/mostra_edicao.php?session=VGtSYVFrMXJTWGRQUlZsMFVXcGpNRTVwTURCU1ZFVjNURlJzUkU5VVVYUlJlbGt5VDBSS1ExSnFXWHBOYWxWNlRWUmpNMDU2VlhkT1ZHZDNUVkU5UFE9PQ==,LAKE\RJ\2026\04\DOERJ_PARTE_I_PODER_EXECUTIVO_2026-04-28.md
RJ,Diario Oficial do Estado do Rio de Janeiro,2026-04-28,Parte I (Poder Executivo),exoneracao,MATHEUS BALBINO ROCHA,do cargo em comissão de Ajudante I,,"EXONERAR MATHEUS BALBINO ROCHA , ID FUNCIONAL Nº 51728362/1, do cargo em comissão de Ajudante I, símbolo DAI-1, da",https://www.ioerj.com.br/portal/modules/conteudoonline/mostra_edicao.php?session=VGtSYVFrMXJTWGRQUlZsMFVXcGpNRTVwTURCU1ZFVjNURlJzUkU5VVVYUlJlbGt5VDBSS1ExSnFXWHBOYWxWNlRWUmpNMDU2VlhkT1ZHZDNUVkU5UFE9PQ==,LAKE\RJ\2026\04\DOERJ_PARTE_I_PODER_EXECUTIVO_2026-04-28.md
RJ,Diario Oficial do Estado do Rio de Janeiro,2026-04-28,Parte I (Poder Executivo),exoneracao,MAYCON DOUGLAS COSTA DE CARVALHO,do cargo em comissão de Ajudante I,,"EXONERAR MAYCON DOUGLAS COSTA DE CARVALHO , ID FUNCIONAL Nº 51729067/1, do cargo em comissão de Ajudante I, símbolo DAI-1, da",https://www.ioerj.com.br/portal/modules/conteudoonline/mostra_edicao.php?session=VGtSYVFrMXJTWGRQUlZsMFVXcGpNRTVwTURCU1ZFVjNURlJzUkU5VVVYUlJlbGt5VDBSS1ExSnFXWHBOYWxWNlRWUmpNMDU2VlhkT1ZHZDNUVkU5UFE9PQ==,LAKE\RJ\2026\04\DOERJ_PARTE_I_PODER_EXECUTIVO_2026-04-28.md
RJ,Diario Oficial do Estado do Rio de Janeiro,2026-04-28,Parte I (Poder Executivo),exoneracao,RALPH DAMIAO SANTOS DA SILVA,do cargo em comissão de Ajudante I,,"EXONERAR RALPH DAMIAO SANTOS DA SILVA , ID FUNCIONAL Nº 51729032/1, do cargo em comissão de Ajudante I, símbolo DAI-1, da",https://www.ioerj.com.br/portal/modules/conteudoonline/mostra_edicao.php?session=VGtSYVFrMXJTWGRQUlZsMFVXcGpNRTVwTURCU1ZFVjNURlJzUkU5VVVYUlJlbGt5VDBSS1ExSnFXWHBOYWxWNlRWUmpNMDU2VlhkT1ZHZDNUVkU5UFE9PQ==,LAKE\RJ\2026\04\DOERJ_PARTE_I_PODER_EXECUTIVO_2026-04-28.md
RJ,Diario Oficial do Estado do Rio de Janeiro,2026-04-28,Parte I (Poder Executivo),exoneracao,TERESA CRISTINA NASCIMENTO DOS SANTOS,do cargo em comissão de Assistente II,,"EXONERAR TERESA CRISTINA NASCIMENTO DOS SANTOS , ID FUNCIONAL Nº 51685396/1, do cargo em comissão de Assistente II, símbolo DAI-6, da",https://www.ioerj.com.br/portal/modules/conteudoonline/mostra_edicao.php?session=VGtSYVFrMXJTWGRQUlZsMFVXcGpNRTVwTURCU1ZFVjNURlJzUkU5VVVYUlJlbGt5VDBSS1ExSnFXWHBOYWxWNlRWUmpNMDU2VlhkT1ZHZDNUVkU5UFE9PQ==,LAKE\RJ\2026\04\DOERJ_PARTE_I_PODER_EXECUTIVO_2026-04-28.md
RJ,Diario Oficial do Estado do Rio de Janeiro,2026-04-28,Parte I (Poder Executivo),exoneracao,ELAINE DO NASCIMENTO SILVA,do cargo em comissão de Assistente II,,"EXONERAR ELAINE DO NASCIMENTO SILVA , ID FUNCIONAL Nº 51706440/1, do cargo em comissão de Assistente II, símbolo DAI-6, da",https://www.ioerj.com.br/portal/modules/conteudoonline/mostra_edicao.php?session=VGtSYVFrMXJTWGRQUlZsMFVXcGpNRTVwTURCU1ZFVjNURlJzUkU5VVVYUlJlbGt5VDBSS1ExSnFXWHBOYWxWNlRWUmpNMDU2VlhkT1ZHZDNUVkU5UFE9PQ==,LAKE\RJ\2026\04\DOERJ_PARTE_I_PODER_EXECUTIVO_2026-04-28.md
RJ,Diario Oficial do Estado do Rio de Janeiro,2026-04-28,Parte I (Poder Executivo),exoneracao,MARCIO DE LEMOS LIMA JUNIOR,do cargo em comissão de Assistente II,,"EXONERAR MARCIO DE LEMOS LIMA JUNIOR , ID FUNCIONAL Nº 51447525/2, do cargo em comissão de Assistente II, símbolo DAI-6, da",https://www.ioerj.com.br/portal/modules/conteudoonline/mostra_edicao.php?session=VGtSYVFrMXJTWGRQUlZsMFVXcGpNRTVwTURCU1ZFVjNURlJzUkU5VVVYUlJlbGt5VDBSS1ExSnFXWHBOYWxWNlRWUmpNMDU2VlhkT1ZHZDNUVkU5UFE9PQ==,LAKE\RJ\2026\04\DOERJ_PARTE_I_PODER_EXECUTIVO_2026-04-28.md
RJ,Diario Oficial do Estado do Rio de Janeiro,2026-04-28,Parte I (Poder Executivo),exoneracao,ELAINE HOTZ PEREIRA DA SILVA,do cargo em comissão de Ajudante I,,"EXONERAR ELAINE HOTZ PEREIRA DA SILVA , ID FUNCIONAL Nº 51723140/1, do cargo em comissão de Ajudante I, símbolo DAI-1, da",https://www.ioerj.com.br/portal/modules/conteudoonline/mostra_edicao.php?session=VGtSYVFrMXJTWGRQUlZsMFVXcGpNRTVwTURCU1ZFVjNURlJzUkU5VVVYUlJlbGt5VDBSS1ExSnFXWHBOYWxWNlRWUmpNMDU2VlhkT1ZHZDNUVkU5UFE9PQ==,LAKE\RJ\2026\04\DOERJ_PARTE_I_PODER_EXECUTIVO_2026-04-28.md
RJ,Diario Oficial do Estado do Rio de Janeiro,2026-04-28,Parte I (Poder Executivo),exoneracao,MARIA EDUARDA DOS SANTOS BRAGA,do cargo em comissão de Ajudante I,,"EXONERAR MARIA EDUARDA DOS SANTOS BRAGA , ID FUNCIONAL Nº 51723930/1, do cargo em comissão de Ajudante I, símbolo DAI-1, da",https://www.ioerj.com.br/portal/modules/conteudoonline/mostra_edicao.php?session=VGtSYVFrMXJTWGRQUlZsMFVXcGpNRTVwTURCU1ZFVjNURlJzUkU5VVVYUlJlbGt5VDBSS1ExSnFXWHBOYWxWNlRWUmpNMDU2VlhkT1ZHZDNUVkU5UFE9PQ==,LAKE\RJ\2026\04\DOERJ_PARTE_I_PODER_EXECUTIVO_2026-04-28.md
RJ,Diario Oficial do Estado do Rio de Janeiro,2026-04-28,Parte I (Poder Executivo),exoneracao,TIAGO ALVES BARREIRA,do cargo em comissão de Assistente II,,"EXONERAR TIAGO ALVES BARREIRA , ID FUNCIONAL Nº 50879308/3, do cargo em comissão de Assistente II, símbolo DAI-6, da",https://www.ioerj.com.br/portal/modules/conteudoonline/mostra_edicao.php?session=VGtSYVFrMXJTWGRQUlZsMFVXcGpNRTVwTURCU1ZFVjNURlJzUkU5VVVYUlJlbGt5VDBSS1ExSnFXWHBOYWxWNlRWUmpNMDU2VlhkT1ZHZDNUVkU5UFE9PQ==,LAKE\RJ\2026\04\DOERJ_PARTE_I_PODER_EXECUTIVO_2026-04-28.md
RJ,Diario Oficial do Estado do Rio de Janeiro,2026-04-28,Parte I (Poder Executivo),exoneracao,CAMILA CABRAL DE MOURA GASS,do cargo em comissão de Ajudante I,,"EXONERAR CAMILA CABRAL DE MOURA GASS , ID FUNCIONAL Nº 51591090/2, do cargo em comissão de Ajudante I, símbolo DAI-1, da",https://www.ioerj.com.br/portal/modules/conteudoonline/mostra_edicao.php?session=VGtSYVFrMXJTWGRQUlZsMFVXcGpNRTVwTURCU1ZFVjNURlJzUkU5VVVYUlJlbGt5VDBSS1ExSnFXWHBOYWxWNlRWUmpNMDU2VlhkT1ZHZDNUVkU5UFE9PQ==,LAKE\RJ\2026\04\DOERJ_PARTE_I_PODER_EXECUTIVO_2026-04-28.md
RJ,Diario Oficial do Estado do Rio de Janeiro,2026-04-28,Parte I (Poder Executivo),exoneracao,JEFERSON SANTOS SPEZANI DA FONSECA,do cargo em comissão de Assistente II,,"EXONERAR JEFERSON SANTOS SPEZANI DA FONSECA , ID FUNCIONAL Nº 51737736/1, do cargo em comissão de Assistente II, símbolo DAI-6, da",https://www.ioerj.com.br/portal/modules/conteudoonline/mostra_edicao.php?session=VGtSYVFrMXJTWGRQUlZsMFVXcGpNRTVwTURCU1ZFVjNURlJzUkU5VVVYUlJlbGt5VDBSS1ExSnFXWHBOYWxWNlRWUmpNMDU2VlhkT1ZHZDNUVkU5UFE9PQ==,LAKE\RJ\2026\04\DOERJ_PARTE_I_PODER_EXECUTIVO_2026-04-28.md
RJ,Diario Oficial do Estado do Rio de Janeiro,2026-04-28,Parte I (Poder Executivo),exoneracao,JENNIFER LUIZE MOCO,do cargo em comissão de Ajudante I,,"EXONERAR JENNIFER LUIZE MOCO , ID FUNCIONAL Nº 51727676/1, do cargo em comissão de Ajudante I, símbolo DAI-1, da",https://www.ioerj.com.br/portal/modules/conteudoonline/mostra_edicao.php?session=VGtSYVFrMXJTWGRQUlZsMFVXcGpNRTVwTURCU1ZFVjNURlJzUkU5VVVYUlJlbGt5VDBSS1ExSnFXWHBOYWxWNlRWUmpNMDU2VlhkT1ZHZDNUVkU5UFE9PQ==,LAKE\RJ\2026\04\DOERJ_PARTE_I_PODER_EXECUTIVO_2026-04-28.md
RJ,Diario Oficial do Estado do Rio de Janeiro,2026-04-28,Parte I (Poder Executivo),exoneracao,JULIA MARIA ALVES SOUZA,do cargo em comissão de Ajudante I,,"EXONERAR JULIA MARIA ALVES SOUZA , ID FUNCIONAL Nº 51728907/1, do cargo em comissão de Ajudante I, símbolo DAI-1, da",https://www.ioerj.com.br/portal/modules/conteudoonline/mostra_edicao.php?session=VGtSYVFrMXJTWGRQUlZsMFVXcGpNRTVwTURCU1ZFVjNURlJzUkU5VVVYUlJlbGt5VDBSS1ExSnFXWHBOYWxWNlRWUmpNMDU2VlhkT1ZHZDNUVkU5UFE9PQ==,LAKE\RJ\2026\04\DOERJ_PARTE_I_PODER_EXECUTIVO_2026-04-28.md
RJ,Diario Oficial do Estado do Rio de Janeiro,2026-04-28,Parte I (Poder Executivo),exoneracao,MICHAEL SILVA CUNHA,do cargo em comissão de Ajudante I,,"EXONERAR MICHAEL SILVA CUNHA , ID FUNCIONAL Nº 51729318/1, do cargo em comissão de Ajudante I, símbolo DAI-1, da",https://www.ioerj.com.br/portal/modules/conteudoonline/mostra_edicao.php?session=VGtSYVFrMXJTWGRQUlZsMFVXcGpNRTVwTURCU1ZFVjNURlJzUkU5VVVYUlJlbGt5VDBSS1ExSnFXWHBOYWxWNlRWUmpNMDU2VlhkT1ZHZDNUVkU5UFE9PQ==,LAKE\RJ\2026\04\DOERJ_PARTE_I_PODER_EXECUTIVO_2026-04-28.md
RJ,Diario Oficial do Estado do Rio de Janeiro,2026-04-28,Parte I (Poder Executivo),exoneracao,MARCELO LUIZ BARONTO SAMPAIO,do cargo em comissão de Assistente II,,"EXONERAR MARCELO LUIZ BARONTO SAMPAIO , ID FUNCIONAL Nº 50808230/6, do cargo em comissão de Assistente II, símbolo DAI6, da",https://www.ioerj.com.br/portal/modules/conteudoonline/mostra_edicao.php?session=VGtSYVFrMXJTWGRQUlZsMFVXcGpNRTVwTURCU1ZFVjNURlJzUkU5VVVYUlJlbGt5VDBSS1ExSnFXWHBOYWxWNlRWUmpNMDU2VlhkT1ZHZDNUVkU5UFE9PQ==,LAKE\RJ\2026\04\DOERJ_PARTE_I_PODER_EXECUTIVO_2026-04-28.md
RJ,Diario Oficial do Estado do Rio de Janeiro,2026-04-28,Parte I (Poder Executivo),exoneracao,LEANDRO PASCOAL DE OLIVEIRA,do cargo em comissão de Assistente II,,"EXONERAR LEANDRO PASCOAL DE OLIVEIRA , ID FUNCIONAL Nº 51590239/2, do cargo em comissão de Assistente II, símbolo DAI-6, da",https://www.ioerj.com.br/portal/modules/conteudoonline/mostra_edicao.php?session=VGtSYVFrMXJTWGRQUlZsMFVXcGpNRTVwTURCU1ZFVjNURlJzUkU5VVVYUlJlbGt5VDBSS1ExSnFXWHBOYWxWNlRWUmpNMDU2VlhkT1ZHZDNUVkU5UFE9PQ==,LAKE\RJ\2026\04\DOERJ_PARTE_I_PODER_EXECUTIVO_2026-04-28.md
RJ,Diario Oficial do Estado do Rio de Janeiro,2026-04-28,Parte I (Poder Executivo),exoneracao,SUELLEN DE SOUSA SOPHIA,do cargo em comissão de Assistente II,,"EXONERAR SUELLEN DE SOUSA SOPHIA , ID FUNCIONAL Nº 51688298/1, do cargo em comissão de Assistente II, símbolo DAI-6, da",https://www.ioerj.com.br/portal/modules/conteudoonline/mostra_edicao.php?session=VGtSYVFrMXJTWGRQUlZsMFVXcGpNRTVwTURCU1ZFVjNURlJzUkU5VVVYUlJlbGt5VDBSS1ExSnFXWHBOYWxWNlRWUmpNMDU2VlhkT1ZHZDNUVkU5UFE9PQ==,LAKE\RJ\2026\04\DOERJ_PARTE_I_PODER_EXECUTIVO_2026-04-28.md
RJ,Diario Oficial do Estado do Rio de Janeiro,2026-04-28,Parte I (Poder Executivo),exoneracao,BEATRIZ DE SANTANA PEDRA,do cargo em comissão de Assistente II,,"EXONERAR BEATRIZ DE SANTANA PEDRA , ID FUNCIONAL Nº 51706393/1, do cargo em comissão de Assistente II, símbolo DAI-6, da",https://www.ioerj.com.br/portal/modules/conteudoonline/mostra_edicao.php?session=VGtSYVFrMXJTWGRQUlZsMFVXcGpNRTVwTURCU1ZFVjNURlJzUkU5VVVYUlJlbGt5VDBSS1ExSnFXWHBOYWxWNlRWUmpNMDU2VlhkT1ZHZDNUVkU5UFE9PQ==,LAKE\RJ\2026\04\DOERJ_PARTE_I_PODER_EXECUTIVO_2026-04-28.md
RJ,Diario Oficial do Estado do Rio de Janeiro,2026-04-28,Parte I (Poder Executivo),exoneracao,EMANUELLE DOS SANTOS MARTINS,do cargo em comissão de Assistente II,,"EXONERAR EMANUELLE DOS SANTOS MARTINS , ID FUNCIONAL Nº 51572885/1, do cargo em comissão de Assistente II, símbolo DAI6, da",https://www.ioerj.com.br/portal/modules/conteudoonline/mostra_edicao.php?session=VGtSYVFrMXJTWGRQUlZsMFVXcGpNRTVwTURCU1ZFVjNURlJzUkU5VVVYUlJlbGt5VDBSS1ExSnFXWHBOYWxWNlRWUmpNMDU2VlhkT1ZHZDNUVkU5UFE9PQ==,LAKE\RJ\2026\04\DOERJ_PARTE_I_PODER_EXECUTIVO_2026-04-28.md
RJ,Diario Oficial do Estado do Rio de Janeiro,2026-04-28,Parte I (Poder Executivo),exoneracao,WALTER LAUDIER ANGELO,do cargo em comissão de Ajudante I,,"EXONERAR WALTER LAUDIER ANGELO , ID FUNCIONAL Nº 42705223/5, do cargo em comissão de Ajudante I, símbolo DAI-1, da",https://www.ioerj.com.br/portal/modules/conteudoonline/mostra_edicao.php?session=VGtSYVFrMXJTWGRQUlZsMFVXcGpNRTVwTURCU1ZFVjNURlJzUkU5VVVYUlJlbGt5VDBSS1ExSnFXWHBOYWxWNlRWUmpNMDU2VlhkT1ZHZDNUVkU5UFE9PQ==,LAKE\RJ\2026\04\DOERJ_PARTE_I_PODER_EXECUTIVO_2026-04-28.md
RJ,Diario Oficial do Estado do Rio de Janeiro,2026-04-28,Parte I (Poder Executivo),exoneracao,GUILHERME BARROS DA SILVA,do cargo em comissão de Assistente II,,"EXONERAR GUILHERME BARROS DA SILVA , ID FUNCIONAL Nº 51684225/1, do cargo em comissão de Assistente II, símbolo DAI-6, da",https://www.ioerj.com.br/portal/modules/conteudoonline/mostra_edicao.php?session=VGtSYVFrMXJTWGRQUlZsMFVXcGpNRTVwTURCU1ZFVjNURlJzUkU5VVVYUlJlbGt5VDBSS1ExSnFXWHBOYWxWNlRWUmpNMDU2VlhkT1ZHZDNUVkU5UFE9PQ==,LAKE\RJ\2026\04\DOERJ_PARTE_I_PODER_EXECUTIVO_2026-04-28.md
RJ,Diario Oficial do Estado do Rio de Janeiro,2026-04-28,Parte I (Poder Executivo),exoneracao,MARCELO DA SILVA MELO,do cargo em comissão de Ajudante I,,"EXONERAR MARCELO DA SILVA MELO , ID FUNCIONAL Nº 51727340/1, do cargo em comissão de Ajudante I, símbolo DAI-1, da",https://www.ioerj.com.br/portal/modules/conteudoonline/mostra_edicao.php?session=VGtSYVFrMXJTWGRQUlZsMFVXcGpNRTVwTURCU1ZFVjNURlJzUkU5VVVYUlJlbGt5VDBSS1ExSnFXWHBOYWxWNlRWUmpNMDU2VlhkT1ZHZDNUVkU5UFE9PQ==,LAKE\RJ\2026\04\DOERJ_PARTE_I_PODER_EXECUTIVO_2026-04-28.md
RJ,Diario Oficial do Estado do Rio de Janeiro,2026-04-28,Parte I (Poder Executivo),exoneracao,MARCO ALEXANDRE DOS SANTOS FERREIRA,do cargo em comissão de Ajudante I,,"EXONERAR MARCO ALEXANDRE DOS SANTOS FERREIRA , ID FUNCIONAL Nº 51729334/1, do cargo em comissão de Ajudante I, símbolo DAI-1, da",https://www.ioerj.com.br/portal/modules/conteudoonline/mostra_edicao.php?session=VGtSYVFrMXJTWGRQUlZsMFVXcGpNRTVwTURCU1ZFVjNURlJzUkU5VVVYUlJlbGt5VDBSS1ExSnFXWHBOYWxWNlRWUmpNMDU2VlhkT1ZHZDNUVkU5UFE9PQ==,LAKE\RJ\2026\04\DOERJ_PARTE_I_PODER_EXECUTIVO_2026-04-28.md
RJ,Diario Oficial do Estado do Rio de Janeiro,2026-04-28,Parte I (Poder Executivo),exoneracao,RAYSSA SILVA DA CUNHA,do cargo em comissão de Assistente II,,"EXONERAR RAYSSA SILVA DA CUNHA , ID FUNCIONAL Nº 51697017/1, do cargo em comissão de Assistente II, símbolo DAI-6, da",https://www.ioerj.com.br/portal/modules/conteudoonline/mostra_edicao.php?session=VGtSYVFrMXJTWGRQUlZsMFVXcGpNRTVwTURCU1ZFVjNURlJzUkU5VVVYUlJlbGt5VDBSS1ExSnFXWHBOYWxWNlRWUmpNMDU2VlhkT1ZHZDNUVkU5UFE9PQ==,LAKE\RJ\2026\04\DOERJ_PARTE_I_PODER_EXECUTIVO_2026-04-28.md
RJ,Diario Oficial do Estado do Rio de Janeiro,2026-04-28,Parte I (Poder Executivo),exoneracao,VALDECI ALVES DA ROSA,do cargo em comissão de Ajudante I,,"EXONERAR VALDECI ALVES DA ROSA , ID FUNCIONAL Nº 51727714/1, do cargo em comissão de Ajudante I, símbolo DAI-1, da",https://www.ioerj.com.br/portal/modules/conteudoonline/mostra_edicao.php?session=VGtSYVFrMXJTWGRQUlZsMFVXcGpNRTVwTURCU1ZFVjNURlJzUkU5VVVYUlJlbGt5VDBSS1ExSnFXWHBOYWxWNlRWUmpNMDU2VlhkT1ZHZDNUVkU5UFE9PQ==,LAKE\RJ\2026\04\DOERJ_PARTE_I_PODER_EXECUTIVO_2026-04-28.md
RJ,Diario Oficial do Estado do Rio de Janeiro,2026-04-28,Parte I (Poder Executivo),exoneracao,GUILHERME DA COSTA PINHEIRO,do cargo em comissão de Assistente III,,"EXONERAR GUILHERME DA COSTA PINHEIRO , ID FUNCIONAL Nº 51571196/1, do cargo em comissão de Assistente III, símbolo DAI-5, da",https://www.ioerj.com.br/portal/modules/conteudoonline/mostra_edicao.php?session=VGtSYVFrMXJTWGRQUlZsMFVXcGpNRTVwTURCU1ZFVjNURlJzUkU5VVVYUlJlbGt5VDBSS1ExSnFXWHBOYWxWNlRWUmpNMDU2VlhkT1ZHZDNUVkU5UFE9PQ==,LAKE\RJ\2026\04\DOERJ_PARTE_I_PODER_EXECUTIVO_2026-04-28.md
RJ,Diario Oficial do Estado do Rio de Janeiro,2026-04-28,Parte I (Poder Executivo),exoneracao,KEVYN LUCAS SANTOS DA SILVA,do cargo em comissão de Ajudante I,,"EXONERAR KEVYN LUCAS SANTOS DA SILVA , ID FUNCIONAL Nº 51728990/1, do cargo em comissão de Ajudante I, símbolo DAI-1, da",https://www.ioerj.com.br/portal/modules/conteudoonline/mostra_edicao.php?session=VGtSYVFrMXJTWGRQUlZsMFVXcGpNRTVwTURCU1ZFVjNURlJzUkU5VVVYUlJlbGt5VDBSS1ExSnFXWHBOYWxWNlRWUmpNMDU2VlhkT1ZHZDNUVkU5UFE9PQ==,LAKE\RJ\2026\04\DOERJ_PARTE_I_PODER_EXECUTIVO_2026-04-28.md
RJ,Diario Oficial do Estado do Rio de Janeiro,2026-04-28,Parte I (Poder Executivo),exoneracao,RENATA SOUZA FIUZA ANTUNES,do cargo em comissão de Ajudante I,,"EXONERAR RENATA SOUZA FIUZA ANTUNES , ID FUNCIONAL Nº 51729016/1, do cargo em comissão de Ajudante I, símbolo DAI-1, da",https://www.ioerj.com.br/portal/modules/conteudoonline/mostra_edicao.php?session=VGtSYVFrMXJTWGRQUlZsMFVXcGpNRTVwTURCU1ZFVjNURlJzUkU5VVVYUlJlbGt5VDBSS1ExSnFXWHBOYWxWNlRWUmpNMDU2VlhkT1ZHZDNUVkU5UFE9PQ==,LAKE\RJ\2026\04\DOERJ_PARTE_I_PODER_EXECUTIVO_2026-04-28.md
RJ,Diario Oficial do Estado do Rio de Janeiro,2026-04-28,Parte I (Poder Executivo),exoneracao,LUIZ CARLOS NASCIMENTO DOS PRAZERES,do cargo em comissão de Assistente II,,"EXONERAR LUIZ CARLOS NASCIMENTO DOS PRAZERES , ID FUNCIONAL Nº 51174464/2, do cargo em comissão de Assistente II, símbolo DAI-6, da",https://www.ioerj.com.br/portal/modules/conteudoonline/mostra_edicao.php?session=VGtSYVFrMXJTWGRQUlZsMFVXcGpNRTVwTURCU1ZFVjNURlJzUkU5VVVYUlJlbGt5VDBSS1ExSnFXWHBOYWxWNlRWUmpNMDU2VlhkT1ZHZDNUVkU5UFE9PQ==,LAKE\RJ\2026\04\DOERJ_PARTE_I_PODER_EXECUTIVO_2026-04-28.md
RJ,Diario Oficial do Estado do Rio de Janeiro,2026-04-28,Parte I (Poder Executivo),exoneracao,ALEXEY VICTOR ALVES PEREIRA,do cargo em comissão de Assistente II,,"EXONERAR ALEXEY VICTOR ALVES PEREIRA , ID FUNCIONAL Nº 51500957/4, do cargo em comissão de Assistente II, símbolo DAI-6, da",https://www.ioerj.com.br/portal/modules/conteudoonline/mostra_edicao.php?session=VGtSYVFrMXJTWGRQUlZsMFVXcGpNRTVwTURCU1ZFVjNURlJzUkU5VVVYUlJlbGt5VDBSS1ExSnFXWHBOYWxWNlRWUmpNMDU2VlhkT1ZHZDNUVkU5UFE9PQ==,LAKE\RJ\2026\04\DOERJ_PARTE_I_PODER_EXECUTIVO_2026-04-28.md
RJ,Diario Oficial do Estado do Rio de Janeiro,2026-04-28,Parte I (Poder Executivo),exoneracao,LEANDRA DE MORAES LAGROTTA CARDOSO,do cargo em comissão de Ajudante I,,"EXONERAR LEANDRA DE MORAES LAGROTTA CARDOSO , ID FUNCIONAL Nº 51729440/1, do cargo em comissão de Ajudante I, símbolo DAI-1, da",https://www.ioerj.com.br/portal/modules/conteudoonline/mostra_edicao.php?session=VGtSYVFrMXJTWGRQUlZsMFVXcGpNRTVwTURCU1ZFVjNURlJzUkU5VVVYUlJlbGt5VDBSS1ExSnFXWHBOYWxWNlRWUmpNMDU2VlhkT1ZHZDNUVkU5UFE9PQ==,LAKE\RJ\2026\04\DOERJ_PARTE_I_PODER_EXECUTIVO_2026-04-28.md
RJ,Diario Oficial do Estado do Rio de Janeiro,2026-04-28,Parte I (Poder Executivo),exoneracao,PEDRO FIUZA FORSTER,do cargo em comissão de Ajudante I,,"EXONERAR PEDRO FIUZA FORSTER , ID FUNCIONAL Nº 51728893/1, do cargo em comissão de Ajudante I, símbolo DAI-1, da",https://www.ioerj.com.br/portal/modules/conteudoonline/mostra_edicao.php?session=VGtSYVFrMXJTWGRQUlZsMFVXcGpNRTVwTURCU1ZFVjNURlJzUkU5VVVYUlJlbGt5VDBSS1ExSnFXWHBOYWxWNlRWUmpNMDU2VlhkT1ZHZDNUVkU5UFE9PQ==,LAKE\RJ\2026\04\DOERJ_PARTE_I_PODER_EXECUTIVO_2026-04-28.md
RJ,Diario Oficial do Estado do Rio de Janeiro,2026-04-28,Parte I (Poder Executivo),exoneracao,LEONARDO DA TRINDADE SILVA,do cargo em comissão de Assistente II,,"EXONERAR LEONARDO DA TRINDADE SILVA , ID FUNCIONAL Nº 51724928/1, do cargo em comissão de Assistente II, símbolo DAI-6, da",https://www.ioerj.com.br/portal/modules/conteudoonline/mostra_edicao.php?session=VGtSYVFrMXJTWGRQUlZsMFVXcGpNRTVwTURCU1ZFVjNURlJzUkU5VVVYUlJlbGt5VDBSS1ExSnFXWHBOYWxWNlRWUmpNMDU2VlhkT1ZHZDNUVkU5UFE9PQ==,LAKE\RJ\2026\04\DOERJ_PARTE_I_PODER_EXECUTIVO_2026-04-28.md
RJ,Diario Oficial do Estado do Rio de Janeiro,2026-04-28,Parte I (Poder Executivo),exoneracao,KEILA RAFAELA FERNANDES DE OLIVEIRA,do cargo em comissão de Assistente II,,"EXONERAR KEILA RAFAELA FERNANDES DE OLIVEIRA , ID FUNCIONAL Nº 51600463/2, do cargo em comissão de Assistente II, símbolo DAI-6, da",https://www.ioerj.com.br/portal/modules/conteudoonline/mostra_edicao.php?session=VGtSYVFrMXJTWGRQUlZsMFVXcGpNRTVwTURCU1ZFVjNURlJzUkU5VVVYUlJlbGt5VDBSS1ExSnFXWHBOYWxWNlRWUmpNMDU2VlhkT1ZHZDNUVkU5UFE9PQ==,LAKE\RJ\2026\04\DOERJ_PARTE_I_PODER_EXECUTIVO_2026-04-28.md
RJ,Diario Oficial do Estado do Rio de Janeiro,2026-04-28,Parte I (Poder Executivo),exoneracao,JULIANA BARRETO DE SANTANA,do cargo em comissão de Assistente II,,"EXONERAR JULIANA BARRETO DE SANTANA , ID FUNCIONAL Nº 51687674/1, do cargo em comissão de Assistente II, símbolo DAI-6, da",https://www.ioerj.com.br/portal/modules/conteudoonline/mostra_edicao.php?session=VGtSYVFrMXJTWGRQUlZsMFVXcGpNRTVwTURCU1ZFVjNURlJzUkU5VVVYUlJlbGt5VDBSS1ExSnFXWHBOYWxWNlRWUmpNMDU2VlhkT1ZHZDNUVkU5UFE9PQ==,LAKE\RJ\2026\04\DOERJ_PARTE_I_PODER_EXECUTIVO_2026-04-28.md
RJ,Diario Oficial do Estado do Rio de Janeiro,2026-04-28,Parte I (Poder Executivo),exoneracao,EDSON GOMES DE MELO,do cargo em comissão de Assistente II,,"EXONERAR EDSON GOMES DE MELO , ID FUNCIONAL Nº 51676362/1, do cargo em comissão de Assistente II, símbolo DAI-6, da",https://www.ioerj.com.br/portal/modules/conteudoonline/mostra_edicao.php?session=VGtSYVFrMXJTWGRQUlZsMFVXcGpNRTVwTURCU1ZFVjNURlJzUkU5VVVYUlJlbGt5VDBSS1ExSnFXWHBOYWxWNlRWUmpNMDU2VlhkT1ZHZDNUVkU5UFE9PQ==,LAKE\RJ\2026\04\DOERJ_PARTE_I_PODER_EXECUTIVO_2026-04-28.md
RJ,Diario Oficial do Estado do Rio de Janeiro,2026-04-28,Parte I (Poder Executivo),exoneracao,RAYANE FREITAS MASINI,do cargo em comissão de Assistente II,,"EXONERAR RAYANE FREITAS MASINI , ID FUNCIONAL Nº 51087570/2, do cargo em comissão de Assistente II, símbolo DAI-6, da",https://www.ioerj.com.br/portal/modules/conteudoonline/mostra_edicao.php?session=VGtSYVFrMXJTWGRQUlZsMFVXcGpNRTVwTURCU1ZFVjNURlJzUkU5VVVYUlJlbGt5VDBSS1ExSnFXWHBOYWxWNlRWUmpNMDU2VlhkT1ZHZDNUVkU5UFE9PQ==,LAKE\RJ\2026\04\DOERJ_PARTE_I_PODER_EXECUTIVO_2026-04-28.md
RJ,Diario Oficial do Estado do Rio de Janeiro,2026-04-28,Parte I (Poder Executivo),exoneracao,PAULO ROBERTO OLIVEIRA SARAIVA,do cargo em comissão de Assistente II,,"EXONERAR PAULO ROBERTO OLIVEIRA SARAIVA , ID FUNCIONAL Nº 51501279/1, do cargo em comissão de Assistente II, símbolo DAI-6, do Arquivo Público do Estado do Rio de Janeiro, da",https://www.ioerj.com.br/portal/modules/conteudoonline/mostra_edicao.php?session=VGtSYVFrMXJTWGRQUlZsMFVXcGpNRTVwTURCU1ZFVjNURlJzUkU5VVVYUlJlbGt5VDBSS1ExSnFXWHBOYWxWNlRWUmpNMDU2VlhkT1ZHZDNUVkU5UFE9PQ==,LAKE\RJ\2026\04\DOERJ_PARTE_I_PODER_EXECUTIVO_2026-04-28.md
RJ,Diario Oficial do Estado do Rio de Janeiro,2026-04-28,Parte I (Poder Executivo),exoneracao,ELAINE CUNHA PINTO FORMAGGERI,do cargo em comissão de Ajudante II,,"EXONERAR ELAINE CUNHA PINTO FORMAGGERI , ID FUNCIONAL Nº 51536374/1, do cargo em comissão de Ajudante II, símbolo DAI-2, do Arquivo Público do Estado do Rio de Janeiro, da",https://www.ioerj.com.br/portal/modules/conteudoonline/mostra_edicao.php?session=VGtSYVFrMXJTWGRQUlZsMFVXcGpNRTVwTURCU1ZFVjNURlJzUkU5VVVYUlJlbGt5VDBSS1ExSnFXWHBOYWxWNlRWUmpNMDU2VlhkT1ZHZDNUVkU5UFE9PQ==,LAKE\RJ\2026\04\DOERJ_PARTE_I_PODER_EXECUTIVO_2026-04-28.md
RJ,Diario Oficial do Estado do Rio de Janeiro,2026-04-28,Parte I (Poder Executivo),exoneracao,JOHN ANDERSON GONCALVES DOS SANTOS,do cargo em comissão de Assistente II,,"EXONERAR JOHN ANDERSON GONCALVES DOS SANTOS , ID FUNCIONAL Nº 51600080/1, do cargo em comissão de Assistente II, símbolo DAI-6, do Arquivo Público do Estado do Rio de Janei-ro, da",https://www.ioerj.com.br/portal/modules/conteudoonline/mostra_edicao.php?session=VGtSYVFrMXJTWGRQUlZsMFVXcGpNRTVwTURCU1ZFVjNURlJzUkU5VVVYUlJlbGt5VDBSS1ExSnFXWHBOYWxWNlRWUmpNMDU2VlhkT1ZHZDNUVkU5UFE9PQ==,LAKE\RJ\2026\04\DOERJ_PARTE_I_PODER_EXECUTIVO_2026-04-28.md
RJ,Diario Oficial do Estado do Rio de Janeiro,2026-04-28,Parte I (Poder Executivo),exoneracao,JEANE MARINS DOS SANTOS,do cargo em comissão de Assistente II,,"EXONERAR JEANE MARINS DOS SANTOS , ID FUNCIONAL Nº 51494752/1, do cargo em comissão de Assistente II, símbolo DAI-6, da Divisão de Normas Técnicas, da Coordenação de Gestão de Documentos, do Arquivo Público do Estado do Rio de Janeiro, da",https://www.ioerj.com.br/portal/modules/conteudoonline/mostra_edicao.php?session=VGtSYVFrMXJTWGRQUlZsMFVXcGpNRTVwTURCU1ZFVjNURlJzUkU5VVVYUlJlbGt5VDBSS1ExSnFXWHBOYWxWNlRWUmpNMDU2VlhkT1ZHZDNUVkU5UFE9PQ==,LAKE\RJ\2026\04\DOERJ_PARTE_I_PODER_EXECUTIVO_2026-04-28.md
RJ,Diario Oficial do Estado do Rio de Janeiro,2026-04-28,Parte I (Poder Executivo),exoneracao,BIANCA MOTA DE OLIVEIRA,do cargo em comissão de Assistente II,,"EXONERAR BIANCA MOTA DE OLIVEIRA , ID FUNCIONAL Nº 51494710/1, do cargo em comissão de Assistente II, símbolo DAI-6, da Divisão de Processamento Técnico, da Coordenação de Gestão do Acervo, do Arquivo Público do Estado do Rio de Janeiro, da",https://www.ioerj.com.br/portal/modules/conteudoonline/mostra_edicao.php?session=VGtSYVFrMXJTWGRQUlZsMFVXcGpNRTVwTURCU1ZFVjNURlJzUkU5VVVYUlJlbGt5VDBSS1ExSnFXWHBOYWxWNlRWUmpNMDU2VlhkT1ZHZDNUVkU5UFE9PQ==,LAKE\RJ\2026\04\DOERJ_PARTE_I_PODER_EXECUTIVO_2026-04-28.md
RJ,Diario Oficial do Estado do Rio de Janeiro,2026-04-28,Parte I (Poder Executivo),exoneracao,DILSON JAYME DO NASCIMENTO,do cargo em comissão de Assistente II,,"EXONERAR DILSON JAYME DO NASCIMENTO , ID FUNCIONAL Nº 51536846/1, do cargo em comissão de Assistente II, símbolo DAI-6, da Divisão de Apoio Administrativo, da Coordenação de Gestão do Acervo, do Arquivo Público do Estado do Rio de Janeiro, da",https://www.ioerj.com.br/portal/modules/conteudoonline/mostra_edicao.php?session=VGtSYVFrMXJTWGRQUlZsMFVXcGpNRTVwTURCU1ZFVjNURlJzUkU5VVVYUlJlbGt5VDBSS1ExSnFXWHBOYWxWNlRWUmpNMDU2VlhkT1ZHZDNUVkU5UFE9PQ==,LAKE\RJ\2026\04\DOERJ_PARTE_I_PODER_EXECUTIVO_2026-04-28.md
RJ,Diario Oficial do Estado do Rio de Janeiro,2026-04-28,Parte I (Poder Executivo),exoneracao,LEONARDO AUGUSTO RIBEIRO MENDES,do cargo em comissão de Assistente II,,"EXONERAR LEONARDO AUGUSTO RIBEIRO MENDES , ID FUNCIONAL Nº 50373803/2, do cargo em comissão de Assistente II, símbolo DAI-6, da Divisão de Apoio Administrativo, da Coordenação de Gestão do Acervo, do Arquivo Público do Estado do Rio de Janeiro, da",https://www.ioerj.com.br/portal/modules/conteudoonline/mostra_edicao.php?session=VGtSYVFrMXJTWGRQUlZsMFVXcGpNRTVwTURCU1ZFVjNURlJzUkU5VVVYUlJlbGt5VDBSS1ExSnFXWHBOYWxWNlRWUmpNMDU2VlhkT1ZHZDNUVkU5UFE9PQ==,LAKE\RJ\2026\04\DOERJ_PARTE_I_PODER_EXECUTIVO_2026-04-28.md
RJ,Diario Oficial do Estado do Rio de Janeiro,2026-04-28,Parte I (Poder Executivo),exoneracao,HORACIO DE BARROS CABRAL,do cargo em comissão de Assistente II,,"EXONERAR HORACIO DE BARROS CABRAL , ID FUNCIONAL Nº 42143136/4, do cargo em comissão de Assistente II, símbolo DAI-6, da Divisão de Apoio Administrativo, da Coordenação de Gestão do Acervo, do Arquivo Público do Estado do Rio de Janeiro, da",https://www.ioerj.com.br/portal/modules/conteudoonline/mostra_edicao.php?session=VGtSYVFrMXJTWGRQUlZsMFVXcGpNRTVwTURCU1ZFVjNURlJzUkU5VVVYUlJlbGt5VDBSS1ExSnFXWHBOYWxWNlRWUmpNMDU2VlhkT1ZHZDNUVkU5UFE9PQ==,LAKE\RJ\2026\04\DOERJ_PARTE_I_PODER_EXECUTIVO_2026-04-28.md
RJ,Diario Oficial do Estado do Rio de Janeiro,2026-04-28,Parte I (Poder Executivo),exoneracao,ERMANO JOSE DA COSTA,do cargo em comissão de Assistente,,"EXONERAR ERMANO JOSE DA COSTA , ID FUNCIONAL Nº 51536420/1, do cargo em comissão de Assistente, símbolo DAS-6, da Divisão de Apoio Administrativo, da Coordenação de Gestão do Acervo, do Arquivo Público do Estado do Rio de Janeiro, da",https://www.ioerj.com.br/portal/modules/conteudoonline/mostra_edicao.php?session=VGtSYVFrMXJTWGRQUlZsMFVXcGpNRTVwTURCU1ZFVjNURlJzUkU5VVVYUlJlbGt5VDBSS1ExSnFXWHBOYWxWNlRWUmpNMDU2VlhkT1ZHZDNUVkU5UFE9PQ==,LAKE\RJ\2026\04\DOERJ_PARTE_I_PODER_EXECUTIVO_2026-04-28.md
RJ,Diario Oficial do Estado do Rio de Janeiro,2026-04-28,Parte I (Poder Executivo),exoneracao,LUIZ FERNANDO PINHEIRO DO NASCIMENTO,do cargo em comissão de Chefe de Serviço,do Departamento de Trânsito do Estado do Rio de Janeiro - DETRAN\_RJ,"EXONERAR LUIZ FERNANDO PINHEIRO DO NASCIMENTO , ID FUNCIONAL Nº 20612125/1, do cargo em comissão de Chefe de Serviço, símbolo DAI-6, da Divisão de Serviços Desconcentrados -Dirhab, da Diretoria de Habilitação, do Departamento de Trânsito do Estado do Rio de Janeiro - DETRAN\_RJ. Processo nº SEI-150016/077100/2026",https://www.ioerj.com.br/portal/modules/conteudoonline/mostra_edicao.php?session=VGtSYVFrMXJTWGRQUlZsMFVXcGpNRTVwTURCU1ZFVjNURlJzUkU5VVVYUlJlbGt5VDBSS1ExSnFXWHBOYWxWNlRWUmpNMDU2VlhkT1ZHZDNUVkU5UFE9PQ==,LAKE\RJ\2026\04\DOERJ_PARTE_I_PODER_EXECUTIVO_2026-04-28.md
RJ,Diario Oficial do Estado do Rio de Janeiro,2026-04-28,Parte I (Poder Executivo),exoneracao,DULCINEIA NUNES VILLAS BOAS VIEIRA,do cargo em comissão de Ajudante I,,"EXONERAR com validade a contar de 22 de abril de 2026, DULCINEIA NUNES VILLAS BOAS VIEIRA , ID FUNCIONAL Nº 51738201/1, do cargo em comissão de Ajudante I, símbolo DAI-1, da Assessoria Técnica - Asstec, da Chefia de Gabinete -Chegab, da",https://www.ioerj.com.br/portal/modules/conteudoonline/mostra_edicao.php?session=VGtSYVFrMXJTWGRQUlZsMFVXcGpNRTVwTURCU1ZFVjNURlJzUkU5VVVYUlJlbGt5VDBSS1ExSnFXWHBOYWxWNlRWUmpNMDU2VlhkT1ZHZDNUVkU5UFE9PQ==,LAKE\RJ\2026\04\DOERJ_PARTE_I_PODER_EXECUTIVO_2026-04-28.md
RJ,Diario Oficial do Estado do Rio de Janeiro,2026-04-28,Parte I (Poder Executivo),exoneracao,CRISTIANE DE ALMEIDA SILVA,do cargo em comissão de Assessor,,"EXONERAR com validade a contar de 22 de abril de 2026, CRISTIANE DE ALMEIDA SILVA , ID FUNCIONAL Nº 5594006/4, do cargo em comissão de Assessor, símbolo DAS-6, da Assessoria Técnica Asstec, da Chefia de Gabinete - Chegab, da",https://www.ioerj.com.br/portal/modules/conteudoonline/mostra_edicao.php?session=VGtSYVFrMXJTWGRQUlZsMFVXcGpNRTVwTURCU1ZFVjNURlJzUkU5VVVYUlJlbGt5VDBSS1ExSnFXWHBOYWxWNlRWUmpNMDU2VlhkT1ZHZDNUVkU5UFE9PQ==,LAKE\RJ\2026\04\DOERJ_PARTE_I_PODER_EXECUTIVO_2026-04-28.md
RJ,Diario Oficial do Estado do Rio de Janeiro,2026-04-28,Parte I (Poder Executivo),exoneracao,PEDRO ROCHA GUIMARAES,do cargo em comissão de Assistente II,da Subsecretaria Executiva -Subexe,"EXONERAR com validade a contar de 22 de abril de 2026, PEDRO ROCHA GUIMARAES , ID FUNCIONAL Nº 51551578/1, do cargo em comissão de Assistente II, símbolo DAI-6, da Subsecretaria Executiva -Subexe, da",https://www.ioerj.com.br/portal/modules/conteudoonline/mostra_edicao.php?session=VGtSYVFrMXJTWGRQUlZsMFVXcGpNRTVwTURCU1ZFVjNURlJzUkU5VVVYUlJlbGt5VDBSS1ExSnFXWHBOYWxWNlRWUmpNMDU2VlhkT1ZHZDNUVkU5UFE9PQ==,LAKE\RJ\2026\04\DOERJ_PARTE_I_PODER_EXECUTIVO_2026-04-28.md
RJ,Diario Oficial do Estado do Rio de Janeiro,2026-04-28,Parte I (Poder Executivo),exoneracao,ANA FLAVIA CAIXETA DE OLIVEIRA,do cargo em comissão de Assistente II,da Subsecretaria Executiva - Subexe,"EXONERAR com validade a contar de 22 de abril de 2026, ANA FLAVIA CAIXETA DE OLIVEIRA , ID FUNCIONAL Nº 51707748/1, do cargo em comissão de Assistente II, símbolo DAI-6, da Subsecretaria Executiva - Subexe, da",https://www.ioerj.com.br/portal/modules/conteudoonline/mostra_edicao.php?session=VGtSYVFrMXJTWGRQUlZsMFVXcGpNRTVwTURCU1ZFVjNURlJzUkU5VVVYUlJlbGt5VDBSS1ExSnFXWHBOYWxWNlRWUmpNMDU2VlhkT1ZHZDNUVkU5UFE9PQ==,LAKE\RJ\2026\04\DOERJ_PARTE_I_PODER_EXECUTIVO_2026-04-28.md
RJ,Diario Oficial do Estado do Rio de Janeiro,2026-04-28,Parte I (Poder Executivo),exoneracao,LIVIA VIRGINIA DE ANDRADE MELO,do cargo em comissão de Coordenador,da Subsecretaria Executiva -Subexe,"EXONERAR com validade a contar de 22 de abril de 2026, LIVIA VIRGINIA DE ANDRADE MELO , ID FUNCIONAL Nº 51513234/1, do cargo em comissão de Coordenador, símbolo DAS-8, da Assessoria Técnica Executiva -Asstex, da Subsecretaria Executiva -Subexe, da",https://www.ioerj.com.br/portal/modules/conteudoonline/mostra_edicao.php?session=VGtSYVFrMXJTWGRQUlZsMFVXcGpNRTVwTURCU1ZFVjNURlJzUkU5VVVYUlJlbGt5VDBSS1ExSnFXWHBOYWxWNlRWUmpNMDU2VlhkT1ZHZDNUVkU5UFE9PQ==,LAKE\RJ\2026\04\DOERJ_PARTE_I_PODER_EXECUTIVO_2026-04-28.md
RJ,Diario Oficial do Estado do Rio de Janeiro,2026-04-28,Parte I (Poder Executivo),exoneracao,RICARDO JOSE BARONE MORAES,do cargo em comissão de Superintendente,da Superintendência de Parceria e Projetos Estratégicos - Suppar,"EXONERAR com validade a contar de 22 de abril de 2026, RICARDO JOSE BARONE MORAES , ID FUNCIONAL Nº 51136139/2, do cargo em comissão de Superintendente, símbolo DAS-8, da Superintendência de Parceria e Projetos Estratégicos - Suppar, da Subsecretaria de Parcerias e Projetos Estratégicos - Subpro, da",https://www.ioerj.com.br/portal/modules/conteudoonline/mostra_edicao.php?session=VGtSYVFrMXJTWGRQUlZsMFVXcGpNRTVwTURCU1ZFVjNURlJzUkU5VVVYUlJlbGt5VDBSS1ExSnFXWHBOYWxWNlRWUmpNMDU2VlhkT1ZHZDNUVkU5UFE9PQ==,LAKE\RJ\2026\04\DOERJ_PARTE_I_PODER_EXECUTIVO_2026-04-28.md
RJ,Diario Oficial do Estado do Rio de Janeiro,2026-04-28,Parte I (Poder Executivo),exoneracao,FELIPE MONTEIRO CRUZ FERREIRA SANTOS,do cargo em comissão de Assistente II,da Superintendência de Parceria e Projetos Estratégicos - Suppar,"EXONERAR com validade a contar de 22 de abril de 2026, FELIPE MONTEIRO CRUZ FERREIRA SANTOS , ID FUNCIONAL Nº 51703947/1, do cargo em comissão de Assistente II, símbolo DAI-6, da Coordenadoria de Projetos Estratégicos - Coopro, da Superintendência de Parceria e Projetos Estratégicos - Suppar, da Subsecretaria de Parcerias e Projetos Estratégicos -Subpro, da",https://www.ioerj.com.br/portal/modules/conteudoonline/mostra_edicao.php?session=VGtSYVFrMXJTWGRQUlZsMFVXcGpNRTVwTURCU1ZFVjNURlJzUkU5VVVYUlJlbGt5VDBSS1ExSnFXWHBOYWxWNlRWUmpNMDU2VlhkT1ZHZDNUVkU5UFE9PQ==,LAKE\RJ\2026\04\DOERJ_PARTE_I_PODER_EXECUTIVO_2026-04-28.md
RJ,Diario Oficial do Estado do Rio de Janeiro,2026-04-28,Parte I (Poder Executivo),exoneracao,BARBARA MONT SERRAT DA SILVA,do cargo em comissão de Ajudante I,da Superintendência da Operação Segurança Presente -Suposp,"EXONERAR com validade a contar de 22 de abril de 2026, BARBARA MONT SERRAT DA SILVA , ID FUNCIONAL Nº 19242069/20, do cargo em comissão de Ajudante I, símbolo DAI-1, da Superintendência da Operação Segurança Presente -Suposp, da Subsecretaria de Projetos Especiais - Subesp, da",https://www.ioerj.com.br/portal/modules/conteudoonline/mostra_edicao.php?session=VGtSYVFrMXJTWGRQUlZsMFVXcGpNRTVwTURCU1ZFVjNURlJzUkU5VVVYUlJlbGt5VDBSS1ExSnFXWHBOYWxWNlRWUmpNMDU2VlhkT1ZHZDNUVkU5UFE9PQ==,LAKE\RJ\2026\04\DOERJ_PARTE_I_PODER_EXECUTIVO_2026-04-28.md
RJ,Diario Oficial do Estado do Rio de Janeiro,2026-04-28,Parte I (Poder Executivo),exoneracao,THAMARA HELLOAR SOUZA MENEZES,do cargo em comissão de Ajudante I,da Superintendência da Operação Segurança Presente -Suposp,"EXONERAR com validade a contar de 22 de abril de 2026, THAMARA HELLOAR SOUZA MENEZES , ID FUNCIONAL Nº 51560607/1, do cargo em comissão de Ajudante I, símbolo DAI-1, da Superintendência da Operação Segurança Presente -Suposp, da Subsecretaria de Projetos Especiais - Subesp, da",https://www.ioerj.com.br/portal/modules/conteudoonline/mostra_edicao.php?session=VGtSYVFrMXJTWGRQUlZsMFVXcGpNRTVwTURCU1ZFVjNURlJzUkU5VVVYUlJlbGt5VDBSS1ExSnFXWHBOYWxWNlRWUmpNMDU2VlhkT1ZHZDNUVkU5UFE9PQ==,LAKE\RJ\2026\04\DOERJ_PARTE_I_PODER_EXECUTIVO_2026-04-28.md
RJ,Diario Oficial do Estado do Rio de Janeiro,2026-04-28,Parte I (Poder Executivo),exoneracao,IZA CLEA CARDOZO SANTOS,do cargo em comissão de Assessor,da Subsecretaria de Gestão Administrativa e Financeira,"EXONERAR com validade a contar de 22 de abril de 2026, IZA CLEA CARDOZO SANTOS , ID FUNCIONAL Nº 50059084/4, do cargo em comissão de Assessor, símbolo DAS-8, da Subsecretaria de Gestão Administrativa e Financeira, da",https://www.ioerj.com.br/portal/modules/conteudoonline/mostra_edicao.php?session=VGtSYVFrMXJTWGRQUlZsMFVXcGpNRTVwTURCU1ZFVjNURlJzUkU5VVVYUlJlbGt5VDBSS1ExSnFXWHBOYWxWNlRWUmpNMDU2VlhkT1ZHZDNUVkU5UFE9PQ==,LAKE\RJ\2026\04\DOERJ_PARTE_I_PODER_EXECUTIVO_2026-04-28.md
RJ,Diario Oficial do Estado do Rio de Janeiro,2026-04-28,Parte I (Poder Executivo),exoneracao,MANOEL MENDES DA SILVA NETO,do cargo em comissão de Assistente III,,"EXONERAR com validade a contar de 22 de abril de 2026, MANOEL MENDES DA SILVA NETO , ID FUNCIONAL Nº 51186993/2, do cargo em comissão de Assistente III, símbolo DAI-4, da Assessoria Técnica -Asstec, da Chefia de Gabinete -Chegab, da",https://www.ioerj.com.br/portal/modules/conteudoonline/mostra_edicao.php?session=VGtSYVFrMXJTWGRQUlZsMFVXcGpNRTVwTURCU1ZFVjNURlJzUkU5VVVYUlJlbGt5VDBSS1ExSnFXWHBOYWxWNlRWUmpNMDU2VlhkT1ZHZDNUVkU5UFE9PQ==,LAKE\RJ\2026\04\DOERJ_PARTE_I_PODER_EXECUTIVO_2026-04-28.md
RJ,Diario Oficial do Estado do Rio de Janeiro,2026-04-28,Parte I (Poder Executivo),exoneracao,MARCOS CARVALHO CAMPOS,do cargo em comissão de Ajudante I,,"EXONERAR com validade a contar de 22 de abril de 2026, MARCOS CARVALHO CAMPOS , ID FUNCIONAL Nº 51458713/2, do cargo em comissão de Ajudante I, símbolo DAI-1, da Assessoria Técnica Asstec, da Chefia de Gabinete - Chegab, da",https://www.ioerj.com.br/portal/modules/conteudoonline/mostra_edicao.php?session=VGtSYVFrMXJTWGRQUlZsMFVXcGpNRTVwTURCU1ZFVjNURlJzUkU5VVVYUlJlbGt5VDBSS1ExSnFXWHBOYWxWNlRWUmpNMDU2VlhkT1ZHZDNUVkU5UFE9PQ==,LAKE\RJ\2026\04\DOERJ_PARTE_I_PODER_EXECUTIVO_2026-04-28.md
RJ,Diario Oficial do Estado do Rio de Janeiro,2026-04-28,Parte I (Poder Executivo),exoneracao,MIRKA GEROLIMICH DE ABREU,do cargo em comissão de Ajudante I,,"EXONERAR com validade a contar de 22 de abril de 2026, MIRKA GEROLIMICH DE ABREU , ID FUNCIONAL Nº 51708515/1, do cargo em comissão de Ajudante I, símbolo DAI-1, da Assessoria Técnica - Asstec, da Chefia de Gabinete -Chegab, da",https://www.ioerj.com.br/portal/modules/conteudoonline/mostra_edicao.php?session=VGtSYVFrMXJTWGRQUlZsMFVXcGpNRTVwTURCU1ZFVjNURlJzUkU5VVVYUlJlbGt5VDBSS1ExSnFXWHBOYWxWNlRWUmpNMDU2VlhkT1ZHZDNUVkU5UFE9PQ==,LAKE\RJ\2026\04\DOERJ_PARTE_I_PODER_EXECUTIVO_2026-04-28.md
RJ,Diario Oficial do Estado do Rio de Janeiro,2026-04-28,Parte I (Poder Executivo),exoneracao,NELIO PEREIRA DE SOUZA,do cargo em comissão de Ajudante I,,"EXONERAR com validade a contar de 22 de abril de 2026, NELIO PEREIRA DE SOUZA , ID FUNCIONAL Nº 51180200/3, do cargo em comissão de Ajudante I, símbolo DAI-1, da Assessoria Técnica -Asstec, da Chefia de Gabinete - Chegab, da",https://www.ioerj.com.br/portal/modules/conteudoonline/mostra_edicao.php?session=VGtSYVFrMXJTWGRQUlZsMFVXcGpNRTVwTURCU1ZFVjNURlJzUkU5VVVYUlJlbGt5VDBSS1ExSnFXWHBOYWxWNlRWUmpNMDU2VlhkT1ZHZDNUVkU5UFE9PQ==,LAKE\RJ\2026\04\DOERJ_PARTE_I_PODER_EXECUTIVO_2026-04-28.md
RJ,Diario Oficial do Estado do Rio de Janeiro,2026-04-28,Parte I (Poder Executivo),exoneracao,MARISA M O D E S TO,do cargo em comissão de Ajudante I,,"EXONERAR com validade a contar de 22 de abril de 2026, MARISA M O D E S TO , ID FUNCIONAL Nº 51175010/3, do cargo em comissão de Ajudante I, símbolo DAI-1, da Assessoria Técnica - Asstec, da Chefia de Gabinete - Chegab, da",https://www.ioerj.com.br/portal/modules/conteudoonline/mostra_edicao.php?session=VGtSYVFrMXJTWGRQUlZsMFVXcGpNRTVwTURCU1ZFVjNURlJzUkU5VVVYUlJlbGt5VDBSS1ExSnFXWHBOYWxWNlRWUmpNMDU2VlhkT1ZHZDNUVkU5UFE9PQ==,LAKE\RJ\2026\04\DOERJ_PARTE_I_PODER_EXECUTIVO_2026-04-28.md
RJ,Diario Oficial do Estado do Rio de Janeiro,2026-04-28,Parte I (Poder Executivo),exoneracao,MARCIA FERREIRA DA SILVA,do cargo em comissão de Ajudante I,,"EXONERAR com validade a contar de 22 de abril de 2026, MARCIA FERREIRA DA SILVA , ID FUNCIONAL Nº 51708191/1, do cargo em comissão de Ajudante I, símbolo DAI-1, da Assessoria Técnica - Asstec, da Chefia de Gabinete - Chegab, da",https://www.ioerj.com.br/portal/modules/conteudoonline/mostra_edicao.php?session=VGtSYVFrMXJTWGRQUlZsMFVXcGpNRTVwTURCU1ZFVjNURlJzUkU5VVVYUlJlbGt5VDBSS1ExSnFXWHBOYWxWNlRWUmpNMDU2VlhkT1ZHZDNUVkU5UFE9PQ==,LAKE\RJ\2026\04\DOERJ_PARTE_I_PODER_EXECUTIVO_2026-04-28.md
RJ,Diario Oficial do Estado do Rio de Janeiro,2026-04-28,Parte I (Poder Executivo),exoneracao,MARIA DE FATIMA ANDRADE BATISTA,do cargo em comissão de Ajudante I,,"EXONERAR com validade a contar de 22 de abril de 2026, MARIA DE FATIMA ANDRADE BATISTA , ID FUNCIONAL Nº 51441160/2, do cargo em comissão de Ajudante I, símbolo DAI-1, da Assessoria Técnica Asstec, da Chefia de Gabinete - Chegab, da",https://www.ioerj.com.br/portal/modules/conteudoonline/mostra_edicao.php?session=VGtSYVFrMXJTWGRQUlZsMFVXcGpNRTVwTURCU1ZFVjNURlJzUkU5VVVYUlJlbGt5VDBSS1ExSnFXWHBOYWxWNlRWUmpNMDU2VlhkT1ZHZDNUVkU5UFE9PQ==,LAKE\RJ\2026\04\DOERJ_PARTE_I_PODER_EXECUTIVO_2026-04-28.md
RJ,Diario Oficial do Estado do Rio de Janeiro,2026-04-28,Parte I (Poder Executivo),exoneracao,PA U L O ROBERTO FERNANDES,do cargo em comissão de Ajudante I,,"EXONERAR com validade a contar de 22 de abril de 2026, PA U L O ROBERTO FERNANDES , ID FUNCIONAL Nº 51446049/2, do cargo em comissão de Ajudante I, símbolo DAI-1, da Assessoria Técnica Asstec, da Chefia de Gabinete - Chegab, da",https://www.ioerj.com.br/portal/modules/conteudoonline/mostra_edicao.php?session=VGtSYVFrMXJTWGRQUlZsMFVXcGpNRTVwTURCU1ZFVjNURlJzUkU5VVVYUlJlbGt5VDBSS1ExSnFXWHBOYWxWNlRWUmpNMDU2VlhkT1ZHZDNUVkU5UFE9PQ==,LAKE\RJ\2026\04\DOERJ_PARTE_I_PODER_EXECUTIVO_2026-04-28.md
RJ,Diario Oficial do Estado do Rio de Janeiro,2026-04-28,Parte I (Poder Executivo),exoneracao,MARCO AURELIO MOREIRA VITORINO,do cargo em comissão de Ajudante I,,"EXONERAR com validade a contar de 22 de abril de 2026, MARCO AURELIO MOREIRA VITORINO , ID FUNCIONAL Nº 51404524/2, do cargo em comissão de Ajudante I, símbolo DAI-1, da Assessoria Técnica Asstec, da Chefia de Gabinete - Chegab, da",https://www.ioerj.com.br/portal/modules/conteudoonline/mostra_edicao.php?session=VGtSYVFrMXJTWGRQUlZsMFVXcGpNRTVwTURCU1ZFVjNURlJzUkU5VVVYUlJlbGt5VDBSS1ExSnFXWHBOYWxWNlRWUmpNMDU2VlhkT1ZHZDNUVkU5UFE9PQ==,LAKE\RJ\2026\04\DOERJ_PARTE_I_PODER_EXECUTIVO_2026-04-28.md
RJ,Diario Oficial do Estado do Rio de Janeiro,2026-04-28,Parte I (Poder Executivo),exoneracao,MATHEUS MORAES RIBEIRO,do cargo em comissão de Ajudante I,,"EXONERAR com validade a contar de 22 de abril de 2026, MATHEUS MORAES RIBEIRO , ID FUNCIONAL Nº 51044889/4, do cargo em comissão de Ajudante I, símbolo DAI-1, da Assessoria Técnica Asstec, da Chefia de Gabinete - Chegab, da",https://www.ioerj.com.br/portal/modules/conteudoonline/mostra_edicao.php?session=VGtSYVFrMXJTWGRQUlZsMFVXcGpNRTVwTURCU1ZFVjNURlJzUkU5VVVYUlJlbGt5VDBSS1ExSnFXWHBOYWxWNlRWUmpNMDU2VlhkT1ZHZDNUVkU5UFE9PQ==,LAKE\RJ\2026\04\DOERJ_PARTE_I_PODER_EXECUTIVO_2026-04-28.md
RJ,Diario Oficial do Estado do Rio de Janeiro,2026-04-28,Parte I (Poder Executivo),exoneracao,MYGUEL LUKAS PINHEIRO DE ARAUJO,do cargo em comissão de Ajudante I,,"EXONERAR com validade a contar de 22 de abril de 2026, MYGUEL LUKAS PINHEIRO DE ARAUJO , ID FUNCIONAL Nº 51402734/2, do cargo em comissão de Ajudante I, símbolo DAI-1, da Assessoria Técnica - Asstec, da Chefia de Gabinete -Chegab, da",https://www.ioerj.com.br/portal/modules/conteudoonline/mostra_edicao.php?session=VGtSYVFrMXJTWGRQUlZsMFVXcGpNRTVwTURCU1ZFVjNURlJzUkU5VVVYUlJlbGt5VDBSS1ExSnFXWHBOYWxWNlRWUmpNMDU2VlhkT1ZHZDNUVkU5UFE9PQ==,LAKE\RJ\2026\04\DOERJ_PARTE_I_PODER_EXECUTIVO_2026-04-28.md
RJ,Diario Oficial do Estado do Rio de Janeiro,2026-04-28,Parte I (Poder Executivo),exoneracao,ALEXANDRE DA COSTA PEIXOTO,do cargo em comissão de Superintendente,,"EXONERAR com validade a contar de 22 de abril de 2026, ALEXANDRE DA COSTA PEIXOTO , ID FUNCIONAL Nº 51586070, do cargo em comissão de Superintendente, símbolo DAS-8, da Assessoria Técnica, da",https://www.ioerj.com.br/portal/modules/conteudoonline/mostra_edicao.php?session=VGtSYVFrMXJTWGRQUlZsMFVXcGpNRTVwTURCU1ZFVjNURlJzUkU5VVVYUlJlbGt5VDBSS1ExSnFXWHBOYWxWNlRWUmpNMDU2VlhkT1ZHZDNUVkU5UFE9PQ==,LAKE\RJ\2026\04\DOERJ_PARTE_I_PODER_EXECUTIVO_2026-04-28.md
RJ,Diario Oficial do Estado do Rio de Janeiro,2026-04-28,Parte I (Poder Executivo),exoneracao,FERNANDO PINTO ESTEVES,do cargo em comissão de Ajudante I,,"EXONERAR com validade a contar de 22 de abril de 2026, FERNANDO PINTO ESTEVES , ID FUNCIONAL Nº 51451727/2, do cargo em comissão de Ajudante I, símbolo DAI-1, da Assessoria Técnica Asstec, da Chefia de Gabinete - Chegab, da",https://www.ioerj.com.br/portal/modules/conteudoonline/mostra_edicao.php?session=VGtSYVFrMXJTWGRQUlZsMFVXcGpNRTVwTURCU1ZFVjNURlJzUkU5VVVYUlJlbGt5VDBSS1ExSnFXWHBOYWxWNlRWUmpNMDU2VlhkT1ZHZDNUVkU5UFE9PQ==,LAKE\RJ\2026\04\DOERJ_PARTE_I_PODER_EXECUTIVO_2026-04-28.md
RJ,Diario Oficial do Estado do Rio de Janeiro,2026-04-28,Parte I (Poder Executivo),exoneracao,ANDERSON SANTOS DE SOUZA,do cargo em comissão de Ajudante I,,"EXONERAR com validade a contar de 22 de abril de 2026, ANDERSON SANTOS DE SOUZA , ID FUNCIONAL Nº 51392224, do cargo em comissão de Ajudante I, símbolo DAI-1, da Assessoria Técnica, da",https://www.ioerj.com.br/portal/modules/conteudoonline/mostra_edicao.php?session=VGtSYVFrMXJTWGRQUlZsMFVXcGpNRTVwTURCU1ZFVjNURlJzUkU5VVVYUlJlbGt5VDBSS1ExSnFXWHBOYWxWNlRWUmpNMDU2VlhkT1ZHZDNUVkU5UFE9PQ==,LAKE\RJ\2026\04\DOERJ_PARTE_I_PODER_EXECUTIVO_2026-04-28.md
RJ,Diario Oficial do Estado do Rio de Janeiro,2026-04-28,Parte I (Poder Executivo),exoneracao,ANDRE OTAVIO FERNANDES FIGUEIREDO,do cargo em comissão de Superintendente,,"EXONERAR com validade a contar de 22 de abril de 2026, ANDRE OTAVIO FERNANDES FIGUEIREDO , ID FUNCIONAL Nº 51123320, do cargo em comissão de Superintendente, símbolo DAS-8, da Assessoria Técnica, da",https://www.ioerj.com.br/portal/modules/conteudoonline/mostra_edicao.php?session=VGtSYVFrMXJTWGRQUlZsMFVXcGpNRTVwTURCU1ZFVjNURlJzUkU5VVVYUlJlbGt5VDBSS1ExSnFXWHBOYWxWNlRWUmpNMDU2VlhkT1ZHZDNUVkU5UFE9PQ==,LAKE\RJ\2026\04\DOERJ_PARTE_I_PODER_EXECUTIVO_2026-04-28.md
RJ,Diario Oficial do Estado do Rio de Janeiro,2026-04-28,Parte I (Poder Executivo),exoneracao,ANDREIA BATISTA RODRIGUES,do cargo em comissão de Ajudante I,,"EXONERAR com validade a contar de 22 de abril de 2026, ANDREIA BATISTA RODRIGUES , ID FUNCIONAL Nº 51396580, do cargo em comissão de Ajudante I, símbolo DAI-1, da Assessoria Técnica, da",https://www.ioerj.com.br/portal/modules/conteudoonline/mostra_edicao.php?session=VGtSYVFrMXJTWGRQUlZsMFVXcGpNRTVwTURCU1ZFVjNURlJzUkU5VVVYUlJlbGt5VDBSS1ExSnFXWHBOYWxWNlRWUmpNMDU2VlhkT1ZHZDNUVkU5UFE9PQ==,LAKE\RJ\2026\04\DOERJ_PARTE_I_PODER_EXECUTIVO_2026-04-28.md
RJ,Diario Oficial do Estado do Rio de Janeiro,2026-04-28,Parte I (Poder Executivo),exoneracao,ANDREIA DE DEUS DE ANDRADE,do cargo em comissão de Ajudante I,,"EXONERAR com validade a contar de 22 de abril de 2026, ANDREIA DE DEUS DE ANDRADE , ID FUNCIONAL Nº 51175363, do cargo em comissão de Ajudante I, símbolo DAI-1, da Assessoria Técnica, da",https://www.ioerj.com.br/portal/modules/conteudoonline/mostra_edicao.php?session=VGtSYVFrMXJTWGRQUlZsMFVXcGpNRTVwTURCU1ZFVjNURlJzUkU5VVVYUlJlbGt5VDBSS1ExSnFXWHBOYWxWNlRWUmpNMDU2VlhkT1ZHZDNUVkU5UFE9PQ==,LAKE\RJ\2026\04\DOERJ_PARTE_I_PODER_EXECUTIVO_2026-04-28.md
RJ,Diario Oficial do Estado do Rio de Janeiro,2026-04-28,Parte I (Poder Executivo),exoneracao,ANIELLI FERREIRA DE BRITO,do cargo em comissão de Ajudante I,,"EXONERAR com validade a contar de 22 de abril de 2026, ANIELLI FERREIRA DE BRITO , ID FUNCIONAL Nº 51400332, do cargo em comissão de Ajudante I, símbolo DAI-1, da Assessoria Técnica, da",https://www.ioerj.com.br/portal/modules/conteudoonline/mostra_edicao.php?session=VGtSYVFrMXJTWGRQUlZsMFVXcGpNRTVwTURCU1ZFVjNURlJzUkU5VVVYUlJlbGt5VDBSS1ExSnFXWHBOYWxWNlRWUmpNMDU2VlhkT1ZHZDNUVkU5UFE9PQ==,LAKE\RJ\2026\04\DOERJ_PARTE_I_PODER_EXECUTIVO_2026-04-28.md
RJ,Diario Oficial do Estado do Rio de Janeiro,2026-04-28,Parte I (Poder Executivo),exoneracao,ANITA NEVES PINHEIRO,do cargo em comissão de Ajudante I,,"EXONERAR com validade a contar de 22 de abril de 2026, ANITA NEVES PINHEIRO , ID FUNCIONAL Nº 51388693, do cargo em comissão de Ajudante I, símbolo DAI-1, da Assessoria Técnica, da",https://www.ioerj.com.br/portal/modules/conteudoonline/mostra_edicao.php?session=VGtSYVFrMXJTWGRQUlZsMFVXcGpNRTVwTURCU1ZFVjNURlJzUkU5VVVYUlJlbGt5VDBSS1ExSnFXWHBOYWxWNlRWUmpNMDU2VlhkT1ZHZDNUVkU5UFE9PQ==,LAKE\RJ\2026\04\DOERJ_PARTE_I_PODER_EXECUTIVO_2026-04-28.md
RJ,Diario Oficial do Estado do Rio de Janeiro,2026-04-28,Parte I (Poder Executivo),exoneracao,C AT I A NUNES DA SILVA,do cargo de Ajudante I,,"EXONERAR com validade a contar de 22 de abril de 2026, C AT I A NUNES DA SILVA , ID FUNCIONAL Nº 51521750, do cargo de Ajudante I, símbolo DAI-1, da Assessoria Técnica, da",https://www.ioerj.com.br/portal/modules/conteudoonline/mostra_edicao.php?session=VGtSYVFrMXJTWGRQUlZsMFVXcGpNRTVwTURCU1ZFVjNURlJzUkU5VVVYUlJlbGt5VDBSS1ExSnFXWHBOYWxWNlRWUmpNMDU2VlhkT1ZHZDNUVkU5UFE9PQ==,LAKE\RJ\2026\04\DOERJ_PARTE_I_PODER_EXECUTIVO_2026-04-28.md
RJ,Diario Oficial do Estado do Rio de Janeiro,2026-04-28,Parte I (Poder Executivo),exoneracao,CATIA VALERIA DO AMARAL,do cargo em comissão de Ajudante I,,"EXONERAR com validade a contar de 22 de abril de 2026, CATIA VALERIA DO AMARAL , ID FUNCIONAL Nº 51506203, do cargo em comissão de Ajudante I, símbolo DAI-1, da Assessoria Técnica, da",https://www.ioerj.com.br/portal/modules/conteudoonline/mostra_edicao.php?session=VGtSYVFrMXJTWGRQUlZsMFVXcGpNRTVwTURCU1ZFVjNURlJzUkU5VVVYUlJlbGt5VDBSS1ExSnFXWHBOYWxWNlRWUmpNMDU2VlhkT1ZHZDNUVkU5UFE9PQ==,LAKE\RJ\2026\04\DOERJ_PARTE_I_PODER_EXECUTIVO_2026-04-28.md
RJ,Diario Oficial do Estado do Rio de Janeiro,2026-04-28,Parte I (Poder Executivo),exoneracao,CAROLINE CRISTINE FARIA,do cargo em comissão de Ajudante I,,"EXONERAR com validade a contar de 22 de abril de 2026, CAROLINE CRISTINE FARIA , ID FUNCIONAL Nº 50726480, do cargo em comissão de Ajudante I, símbolo DAI-1, da Assessoria Técnica, da",https://www.ioerj.com.br/portal/modules/conteudoonline/mostra_edicao.php?session=VGtSYVFrMXJTWGRQUlZsMFVXcGpNRTVwTURCU1ZFVjNURlJzUkU5VVVYUlJlbGt5VDBSS1ExSnFXWHBOYWxWNlRWUmpNMDU2VlhkT1ZHZDNUVkU5UFE9PQ==,LAKE\RJ\2026\04\DOERJ_PARTE_I_PODER_EXECUTIVO_2026-04-28.md
RJ,Diario Oficial do Estado do Rio de Janeiro,2026-04-28,Parte I (Poder Executivo),exoneracao,CELIO GONZAGA DE OLIVEIRA,do cargo em comissão de Ajudante I,,"EXONERAR com validade a contar de 22 de abril de 2026, CELIO GONZAGA DE OLIVEIRA , ID FUNCIONAL Nº 43331289, do cargo em comissão de Ajudante I, símbolo DAI-1, da Assessoria Técnica, da",https://www.ioerj.com.br/portal/modules/conteudoonline/mostra_edicao.php?session=VGtSYVFrMXJTWGRQUlZsMFVXcGpNRTVwTURCU1ZFVjNURlJzUkU5VVVYUlJlbGt5VDBSS1ExSnFXWHBOYWxWNlRWUmpNMDU2VlhkT1ZHZDNUVkU5UFE9PQ==,LAKE\RJ\2026\04\DOERJ_PARTE_I_PODER_EXECUTIVO_2026-04-28.md
RJ,Diario Oficial do Estado do Rio de Janeiro,2026-04-28,Parte I (Poder Executivo),exoneracao,CELSO ALVES DA COSTA,do cargo em comissão de Assessor,,"EXONERAR com validade a contar de 22 de abril de 2026, CELSO ALVES DA COSTA , ID FUNCIONAL Nº 43369090, do cargo em comissão de Assessor, símbolo DAS-7, da Assessoria Técnica, da",https://www.ioerj.com.br/portal/modules/conteudoonline/mostra_edicao.php?session=VGtSYVFrMXJTWGRQUlZsMFVXcGpNRTVwTURCU1ZFVjNURlJzUkU5VVVYUlJlbGt5VDBSS1ExSnFXWHBOYWxWNlRWUmpNMDU2VlhkT1ZHZDNUVkU5UFE9PQ==,LAKE\RJ\2026\04\DOERJ_PARTE_I_PODER_EXECUTIVO_2026-04-28.md
RJ,Diario Oficial do Estado do Rio de Janeiro,2026-04-28,Parte I (Poder Executivo),exoneracao,CHAIANE NATALIA TEIXEIRA,do cargo em comissão de Superintendente,,"EXONERAR com validade a contar de 22 de abril de 2026, CHAIANE NATALIA TEIXEIRA , ID FUNCIONAL Nº 51640376, do cargo em comissão de Superintendente, símbolo DAS-8, da Assessoria Técnica da",https://www.ioerj.com.br/portal/modules/conteudoonline/mostra_edicao.php?session=VGtSYVFrMXJTWGRQUlZsMFVXcGpNRTVwTURCU1ZFVjNURlJzUkU5VVVYUlJlbGt5VDBSS1ExSnFXWHBOYWxWNlRWUmpNMDU2VlhkT1ZHZDNUVkU5UFE9PQ==,LAKE\RJ\2026\04\DOERJ_PARTE_I_PODER_EXECUTIVO_2026-04-28.md
RJ,Diario Oficial do Estado do Rio de Janeiro,2026-04-28,Parte I (Poder Executivo),exoneracao,CLAUDIO BRAGA DE MELLO,do cargo em comissão de Superintendente,,"EXONERAR com validade a contar de 22 de abril de 2026, CLAUDIO BRAGA DE MELLO , ID FUNCIONAL Nº 51174944, do cargo em comissão de Superintendente, símbolo DAS-8, da Assessoria Técnica da",https://www.ioerj.com.br/portal/modules/conteudoonline/mostra_edicao.php?session=VGtSYVFrMXJTWGRQUlZsMFVXcGpNRTVwTURCU1ZFVjNURlJzUkU5VVVYUlJlbGt5VDBSS1ExSnFXWHBOYWxWNlRWUmpNMDU2VlhkT1ZHZDNUVkU5UFE9PQ==,LAKE\RJ\2026\04\DOERJ_PARTE_I_PODER_EXECUTIVO_2026-04-28.md
RJ,Diario Oficial do Estado do Rio de Janeiro,2026-04-28,Parte I (Poder Executivo),exoneracao,CLELIA SANDRA DOS ANJOS SOARES,do cargo em comissão de Assistente,,"EXONERAR com validade a contar de 22 de abril de 2026, CLELIA SANDRA DOS ANJOS SOARES , ID FUNCIONAL Nº 51381079, a contar de 22 de abril de 2026, do cargo em comissão de Assistente, símbolo DAS-6, da Assessoria Técnica da",https://www.ioerj.com.br/portal/modules/conteudoonline/mostra_edicao.php?session=VGtSYVFrMXJTWGRQUlZsMFVXcGpNRTVwTURCU1ZFVjNURlJzUkU5VVVYUlJlbGt5VDBSS1ExSnFXWHBOYWxWNlRWUmpNMDU2VlhkT1ZHZDNUVkU5UFE9PQ==,LAKE\RJ\2026\04\DOERJ_PARTE_I_PODER_EXECUTIVO_2026-04-28.md
RJ,Diario Oficial do Estado do Rio de Janeiro,2026-04-28,Parte I (Poder Executivo),exoneracao,DAMIANA DA SILVA DINIZ,do cargo em comissão de AJUDANTE I,,"EXONERAR com validade a contar de 22 de abril de 2026, DAMIANA DA SILVA DINIZ , ID FUNCIONAL Nº 51470985, do cargo em comissão de AJUDANTE I, símbolo DAI-1, da Assessoria Técnica da",https://www.ioerj.com.br/portal/modules/conteudoonline/mostra_edicao.php?session=VGtSYVFrMXJTWGRQUlZsMFVXcGpNRTVwTURCU1ZFVjNURlJzUkU5VVVYUlJlbGt5VDBSS1ExSnFXWHBOYWxWNlRWUmpNMDU2VlhkT1ZHZDNUVkU5UFE9PQ==,LAKE\RJ\2026\04\DOERJ_PARTE_I_PODER_EXECUTIVO_2026-04-28.md
RJ,Diario Oficial do Estado do Rio de Janeiro,2026-04-28,Parte I (Poder Executivo),exoneracao,DAMIÃO CARLOS MARIANO GONÇALVES,do cargo em comissão de Ajudante I,,"EXONERAR com validade a contar de 22 de abril de 2026, DAMIÃO CARLOS MARIANO GONÇALVES , ID FUNCIONAL Nº 51386933, do cargo em comissão de Ajudante I, símbolo DAI-1, da Assessoria Técnica da",https://www.ioerj.com.br/portal/modules/conteudoonline/mostra_edicao.php?session=VGtSYVFrMXJTWGRQUlZsMFVXcGpNRTVwTURCU1ZFVjNURlJzUkU5VVVYUlJlbGt5VDBSS1ExSnFXWHBOYWxWNlRWUmpNMDU2VlhkT1ZHZDNUVkU5UFE9PQ==,LAKE\RJ\2026\04\DOERJ_PARTE_I_PODER_EXECUTIVO_2026-04-28.md
RJ,Diario Oficial do Estado do Rio de Janeiro,2026-04-28,Parte I (Poder Executivo),exoneracao,THAIS GOMES DE SOUZA FERNANDES,do cargo em comissão de Assistente,,"EXONERAR com validade a contar de 22 de abril de 2026, THAIS GOMES DE SOUZA FERNANDES , ID FUNCIONAL Nº 44079559/2, do cargo em comissão de Assistente, símbolo DAS-6, da Assessoria Técnica - Asstec, da Chefia de Gabinete -Chegab, da",https://www.ioerj.com.br/portal/modules/conteudoonline/mostra_edicao.php?session=VGtSYVFrMXJTWGRQUlZsMFVXcGpNRTVwTURCU1ZFVjNURlJzUkU5VVVYUlJlbGt5VDBSS1ExSnFXWHBOYWxWNlRWUmpNMDU2VlhkT1ZHZDNUVkU5UFE9PQ==,LAKE\RJ\2026\04\DOERJ_PARTE_I_PODER_EXECUTIVO_2026-04-28.md
RJ,Diario Oficial do Estado do Rio de Janeiro,2026-04-28,Parte I (Poder Executivo),exoneracao,SIDICLEI DA SILVA GOMES,do cargo em comissão de Coordenador,,"EXONERAR com validade a contar de 22 de abril de 2026, SIDICLEI DA SILVA GOMES , ID FUNCIONAL Nº 51387280/3, do cargo em comissão de Coordenador, símbolo DAS-7, da Assessoria Técnica - Asstec, da Chefia de Gabinete - Chegab, da",https://www.ioerj.com.br/portal/modules/conteudoonline/mostra_edicao.php?session=VGtSYVFrMXJTWGRQUlZsMFVXcGpNRTVwTURCU1ZFVjNURlJzUkU5VVVYUlJlbGt5VDBSS1ExSnFXWHBOYWxWNlRWUmpNMDU2VlhkT1ZHZDNUVkU5UFE9PQ==,LAKE\RJ\2026\04\DOERJ_PARTE_I_PODER_EXECUTIVO_2026-04-28.md
RJ,Diario Oficial do Estado do Rio de Janeiro,2026-04-28,Parte I (Poder Executivo),exoneracao,WASHINGTON FERNANDES LIMA,do cargo em comissão de Assessor,,"EXONERAR com validade a contar de 22 de abril de 2026, WASHINGTON FERNANDES LIMA , ID FUNCIONAL Nº 50122150/4, do cargo em comissão de Assessor, símbolo DAS-8, da Assessoria Técnica - Asstec, da Chefia de Gabinete -Chegab, da",https://www.ioerj.com.br/portal/modules/conteudoonline/mostra_edicao.php?session=VGtSYVFrMXJTWGRQUlZsMFVXcGpNRTVwTURCU1ZFVjNURlJzUkU5VVVYUlJlbGt5VDBSS1ExSnFXWHBOYWxWNlRWUmpNMDU2VlhkT1ZHZDNUVkU5UFE9PQ==,LAKE\RJ\2026\04\DOERJ_PARTE_I_PODER_EXECUTIVO_2026-04-28.md
RJ,Diario Oficial do Estado do Rio de Janeiro,2026-04-28,Parte I (Poder Executivo),exoneracao,ROSANE FELIX DO NASCIMENTO MALTA,do cargo em comissão de Assessor,,"EXONERAR com validade a contar de 22 de abril de 2026, ROSANE FELIX DO NASCIMENTO MALTA , ID FUNCIONAL Nº 51399873/3, do cargo em comissão de Assessor, símbolo DAS-7, da Assessoria Técnica Asstec, da Chefia de Gabinete - Chegab, da",https://www.ioerj.com.br/portal/modules/conteudoonline/mostra_edicao.php?session=VGtSYVFrMXJTWGRQUlZsMFVXcGpNRTVwTURCU1ZFVjNURlJzUkU5VVVYUlJlbGt5VDBSS1ExSnFXWHBOYWxWNlRWUmpNMDU2VlhkT1ZHZDNUVkU5UFE9PQ==,LAKE\RJ\2026\04\DOERJ_PARTE_I_PODER_EXECUTIVO_2026-04-28.md
RJ,Diario Oficial do Estado do Rio de Janeiro,2026-04-28,Parte I (Poder Executivo),exoneracao,R A FA E L DOS SANTOS RODRIGUES,do cargo em comissão de Ajudante I,,"EXONERAR com validade a contar de 22 de abril de 2026, R A FA E L DOS SANTOS RODRIGUES , ID FUNCIONAL Nº 50938282/4, do cargo em comissão de Ajudante I, símbolo DAI-1, da Assessoria Técnica -Asstec, da Chefia de Gabinete -Chegab, da",https://www.ioerj.com.br/portal/modules/conteudoonline/mostra_edicao.php?session=VGtSYVFrMXJTWGRQUlZsMFVXcGpNRTVwTURCU1ZFVjNURlJzUkU5VVVYUlJlbGt5VDBSS1ExSnFXWHBOYWxWNlRWUmpNMDU2VlhkT1ZHZDNUVkU5UFE9PQ==,LAKE\RJ\2026\04\DOERJ_PARTE_I_PODER_EXECUTIVO_2026-04-28.md
RJ,Diario Oficial do Estado do Rio de Janeiro,2026-04-28,Parte I (Poder Executivo),exoneracao,VIVIANE RODRIGUES COSTA,do cargo em comissão de Ajudante I,,"EXONERAR com validade a contar de 22 de abril de 2026, VIVIANE RODRIGUES COSTA , ID FUNCIONAL Nº 51392623/2, do cargo em comissão de Ajudante I, símbolo DAI-1, da Assessoria Técnica - Asstec, da Chefia de Gabinete - Chegab, da",https://www.ioerj.com.br/portal/modules/conteudoonline/mostra_edicao.php?session=VGtSYVFrMXJTWGRQUlZsMFVXcGpNRTVwTURCU1ZFVjNURlJzUkU5VVVYUlJlbGt5VDBSS1ExSnFXWHBOYWxWNlRWUmpNMDU2VlhkT1ZHZDNUVkU5UFE9PQ==,LAKE\RJ\2026\04\DOERJ_PARTE_I_PODER_EXECUTIVO_2026-04-28.md
RJ,Diario Oficial do Estado do Rio de Janeiro,2026-04-28,Parte I (Poder Executivo),exoneracao,THIAGO RIBEIRO DE PAULA JUNIOR,do cargo em comissão de Assistente,,"EXONERAR com validade a contar de 22 de abril de 2026, THIAGO RIBEIRO DE PAULA JUNIOR , ID FUNCIONAL Nº 51688875/1, do cargo em comissão de Assistente, símbolo DAS-6, da Assessoria Técnica Asstec, da Chefia de Gabinete - Chegab, da",https://www.ioerj.com.br/portal/modules/conteudoonline/mostra_edicao.php?session=VGtSYVFrMXJTWGRQUlZsMFVXcGpNRTVwTURCU1ZFVjNURlJzUkU5VVVYUlJlbGt5VDBSS1ExSnFXWHBOYWxWNlRWUmpNMDU2VlhkT1ZHZDNUVkU5UFE9PQ==,LAKE\RJ\2026\04\DOERJ_PARTE_I_PODER_EXECUTIVO_2026-04-28.md
RJ,Diario Oficial do Estado do Rio de Janeiro,2026-04-28,Parte I (Poder Executivo),exoneracao,THAIS DA SILVA MARQUES,do cargo em comissão de Ajudante I,,"EXONERAR com validade a contar de 22 de abril de 2026, THAIS DA SILVA MARQUES , ID FUNCIONAL Nº 51386810/2, do cargo em comissão de Ajudante I, símbolo DAI-1, da Assessoria Técnica - Asstec, da Chefia de Gabinete - Chegab, da",https://www.ioerj.com.br/portal/modules/conteudoonline/mostra_edicao.php?session=VGtSYVFrMXJTWGRQUlZsMFVXcGpNRTVwTURCU1ZFVjNURlJzUkU5VVVYUlJlbGt5VDBSS1ExSnFXWHBOYWxWNlRWUmpNMDU2VlhkT1ZHZDNUVkU5UFE9PQ==,LAKE\RJ\2026\04\DOERJ_PARTE_I_PODER_EXECUTIVO_2026-04-28.md
RJ,Diario Oficial do Estado do Rio de Janeiro,2026-04-28,Parte I (Poder Executivo),exoneracao,RICARDO MENDONCA DA SILVA,do cargo em comissão de Ajudante I,,"EXONERAR com validade a contar de 22 de abril de 2026, RICARDO MENDONCA DA SILVA , ID FUNCIONAL Nº 51345285/3, do cargo em comissão de Ajudante I, símbolo DAI-1, da Assessoria Técnica - Asstec, da Chefia de aGabinete - Chegab, da",https://www.ioerj.com.br/portal/modules/conteudoonline/mostra_edicao.php?session=VGtSYVFrMXJTWGRQUlZsMFVXcGpNRTVwTURCU1ZFVjNURlJzUkU5VVVYUlJlbGt5VDBSS1ExSnFXWHBOYWxWNlRWUmpNMDU2VlhkT1ZHZDNUVkU5UFE9PQ==,LAKE\RJ\2026\04\DOERJ_PARTE_I_PODER_EXECUTIVO_2026-04-28.md
RJ,Diario Oficial do Estado do Rio de Janeiro,2026-04-28,Parte I (Poder Executivo),exoneracao,RONALDO LIMA DOS SANTOS,do cargo em comissão de Ajudante I,,"EXONERAR com validade a contar de 22 de abril de 2026, RONALDO LIMA DOS SANTOS , ID FUNCIONAL Nº 51590921/2, do cargo em comissão de Ajudante I, símbolo DAI-1, da Assessoria Técnica Asstec, da Chefia de Gabinete - Chegab, da",https://www.ioerj.com.br/portal/modules/conteudoonline/mostra_edicao.php?session=VGtSYVFrMXJTWGRQUlZsMFVXcGpNRTVwTURCU1ZFVjNURlJzUkU5VVVYUlJlbGt5VDBSS1ExSnFXWHBOYWxWNlRWUmpNMDU2VlhkT1ZHZDNUVkU5UFE9PQ==,LAKE\RJ\2026\04\DOERJ_PARTE_I_PODER_EXECUTIVO_2026-04-28.md
RJ,Diario Oficial do Estado do Rio de Janeiro,2026-04-28,Parte I (Poder Executivo),exoneracao,R A FA E L PATRICK DE SALLES TEIXEIRA,do cargo em comissão de Ajudante I,,"EXONERAR com validade a contar de 22 de abril de 2026, R A FA E L PATRICK DE SALLES TEIXEIRA , ID FUNCIONAL Nº 51522020/2, do cargo em comissão de Ajudante I, símbolo DAI-1, da Assessoria Técnica Asstec, da Chefia de Gabinete - Chegab, da",https://www.ioerj.com.br/portal/modules/conteudoonline/mostra_edicao.php?session=VGtSYVFrMXJTWGRQUlZsMFVXcGpNRTVwTURCU1ZFVjNURlJzUkU5VVVYUlJlbGt5VDBSS1ExSnFXWHBOYWxWNlRWUmpNMDU2VlhkT1ZHZDNUVkU5UFE9PQ==,LAKE\RJ\2026\04\DOERJ_PARTE_I_PODER_EXECUTIVO_2026-04-28.md
RJ,Diario Oficial do Estado do Rio de Janeiro,2026-04-28,Parte I (Poder Executivo),exoneracao,BRENO ALEXANDRE CYSNE ESTEVES,do cargo em comissão de Superintendente,,"EXONERAR com validade a contar de 22 de abril de 2026, BRENO ALEXANDRE CYSNE ESTEVES , ID FUNCIONAL Nº 51706270/1, do cargo em comissão de Superintendente, símbolo DAS-8, da Assessoria Técnica - Asstec, da Chefia de Gabinete - Chegab, da",https://www.ioerj.com.br/portal/modules/conteudoonline/mostra_edicao.php?session=VGtSYVFrMXJTWGRQUlZsMFVXcGpNRTVwTURCU1ZFVjNURlJzUkU5VVVYUlJlbGt5VDBSS1ExSnFXWHBOYWxWNlRWUmpNMDU2VlhkT1ZHZDNUVkU5UFE9PQ==,LAKE\RJ\2026\04\DOERJ_PARTE_I_PODER_EXECUTIVO_2026-04-28.md
RJ,Diario Oficial do Estado do Rio de Janeiro,2026-04-28,Parte I (Poder Executivo),exoneracao,WALLACE DA SILVA ROSA,do cargo em comissão de Assistente,,"EXONERAR com validade a contar de 22 de abril de 2026, WALLACE DA SILVA ROSA , ID FUNCIONAL Nº 51688905/1, do cargo em comissão de Assistente, símbolo DAS-6, da Assessoria Técnica Asstec, da Chefia de Gabinete - Chegab, da",https://www.ioerj.com.br/portal/modules/conteudoonline/mostra_edicao.php?session=VGtSYVFrMXJTWGRQUlZsMFVXcGpNRTVwTURCU1ZFVjNURlJzUkU5VVVYUlJlbGt5VDBSS1ExSnFXWHBOYWxWNlRWUmpNMDU2VlhkT1ZHZDNUVkU5UFE9PQ==,LAKE\RJ\2026\04\DOERJ_PARTE_I_PODER_EXECUTIVO_2026-04-28.md
RJ,Diario Oficial do Estado do Rio de Janeiro,2026-04-28,Parte I (Poder Executivo),exoneracao,VLADIMIR XAVIER DE MEDEIROS,do cargo em comissão de Ajudante I,,"EXONERAR com validade a contar de 22 de abril de 2026, VLADIMIR XAVIER DE MEDEIROS , ID FUNCIONAL Nº 51390205/2, do cargo em comissão de Ajudante I, símbolo DAI-1, da Assessoria Técnica - Asstec, da Chefia de Gabinete -Chegab, da",https://www.ioerj.com.br/portal/modules/conteudoonline/mostra_edicao.php?session=VGtSYVFrMXJTWGRQUlZsMFVXcGpNRTVwTURCU1ZFVjNURlJzUkU5VVVYUlJlbGt5VDBSS1ExSnFXWHBOYWxWNlRWUmpNMDU2VlhkT1ZHZDNUVkU5UFE9PQ==,LAKE\RJ\2026\04\DOERJ_PARTE_I_PODER_EXECUTIVO_2026-04-28.md
RJ,Diario Oficial do Estado do Rio de Janeiro,2026-04-28,Parte I (Poder Executivo),exoneracao,REGINALDA DE BRITO DANTAS,do cargo em comissão de Ajudante I,,"EXONERAR com validade a contar de 22 de abril de 2026, REGINALDA DE BRITO DANTAS , ID FUNCIONAL Nº 51330571/3, do cargo em comissão de Ajudante I, símbolo DAI-1, da Assessoria Técnica - Asstec, da Chefia de Gabinete -Chegab, da",https://www.ioerj.com.br/portal/modules/conteudoonline/mostra_edicao.php?session=VGtSYVFrMXJTWGRQUlZsMFVXcGpNRTVwTURCU1ZFVjNURlJzUkU5VVVYUlJlbGt5VDBSS1ExSnFXWHBOYWxWNlRWUmpNMDU2VlhkT1ZHZDNUVkU5UFE9PQ==,LAKE\RJ\2026\04\DOERJ_PARTE_I_PODER_EXECUTIVO_2026-04-28.md
RJ,Diario Oficial do Estado do Rio de Janeiro,2026-04-28,Parte I (Poder Executivo),exoneracao,ROSEMARY LEITE NOGUEIRA,do cargo em comissão de Ajudante I,,"EXONERAR com validade a contar de 22 de abril de 2026, ROSEMARY LEITE NOGUEIRA , ID FUNCIONAL Nº 51699842/1, do cargo em comissão de Ajudante I, símbolo DAI-1, da Assessoria Técnica Asstec, da Chefia de Gabinete - Chegab, da",https://www.ioerj.com.br/portal/modules/conteudoonline/mostra_edicao.php?session=VGtSYVFrMXJTWGRQUlZsMFVXcGpNRTVwTURCU1ZFVjNURlJzUkU5VVVYUlJlbGt5VDBSS1ExSnFXWHBOYWxWNlRWUmpNMDU2VlhkT1ZHZDNUVkU5UFE9PQ==,LAKE\RJ\2026\04\DOERJ_PARTE_I_PODER_EXECUTIVO_2026-04-28.md
RJ,Diario Oficial do Estado do Rio de Janeiro,2026-04-28,Parte I (Poder Executivo),exoneracao,SANDRA REGINA CAMPOS DO EGITO,do cargo em comissão de Assessor,,"EXONERAR com validade a contar de 22 de abril de 2026, SANDRA REGINA CAMPOS DO EGITO , ID FUNCIONAL Nº 51698374/1, do cargo em comissão de Assessor, símbolo DAS-7, da Assessoria Técnica -Asstec, da Chefia de Gabinete -Chegab, da",https://www.ioerj.com.br/portal/modules/conteudoonline/mostra_edicao.php?session=VGtSYVFrMXJTWGRQUlZsMFVXcGpNRTVwTURCU1ZFVjNURlJzUkU5VVVYUlJlbGt5VDBSS1ExSnFXWHBOYWxWNlRWUmpNMDU2VlhkT1ZHZDNUVkU5UFE9PQ==,LAKE\RJ\2026\04\DOERJ_PARTE_I_PODER_EXECUTIVO_2026-04-28.md
RJ,Diario Oficial do Estado do Rio de Janeiro,2026-04-28,Parte I (Poder Executivo),exoneracao,WILLIAM NASCIMENTO DA SILVA,do cargo em comissão de Ajudante I,,"EXONERAR com validade a contar de 22 de abril de 2026, WILLIAM NASCIMENTO DA SILVA , ID FUNCIONAL Nº 50738577/4, do cargo em comissão de Ajudante I, símbolo DAI-1, da Assessoria Técnica Asstec, da Chefia de Gabinete - Chegab, da",https://www.ioerj.com.br/portal/modules/conteudoonline/mostra_edicao.php?session=VGtSYVFrMXJTWGRQUlZsMFVXcGpNRTVwTURCU1ZFVjNURlJzUkU5VVVYUlJlbGt5VDBSS1ExSnFXWHBOYWxWNlRWUmpNMDU2VlhkT1ZHZDNUVkU5UFE9PQ==,LAKE\RJ\2026\04\DOERJ_PARTE_I_PODER_EXECUTIVO_2026-04-28.md
RJ,Diario Oficial do Estado do Rio de Janeiro,2026-04-28,Parte I (Poder Executivo),exoneracao,LEOPOLDINA DA SILVA CARVALHO,do cargo em comissão de Ajudante I,,"EXONERAR com validade a contar de 22 de abril de 2026, LEOPOLDINA DA SILVA CARVALHO , ID FUNCIONAL Nº 51497506/2, do cargo em comissão de Ajudante I, símbolo DAI-1, da Assessoria Técnica - Asstec, da Chefia de Gabinete - Chegab, da",https://www.ioerj.com.br/portal/modules/conteudoonline/mostra_edicao.php?session=VGtSYVFrMXJTWGRQUlZsMFVXcGpNRTVwTURCU1ZFVjNURlJzUkU5VVVYUlJlbGt5VDBSS1ExSnFXWHBOYWxWNlRWUmpNMDU2VlhkT1ZHZDNUVkU5UFE9PQ==,LAKE\RJ\2026\04\DOERJ_PARTE_I_PODER_EXECUTIVO_2026-04-28.md
RJ,Diario Oficial do Estado do Rio de Janeiro,2026-04-28,Parte I (Poder Executivo),exoneracao,LEANDRO SAMPAIO MONTEIRO,do cargo em comissão de Coordenador,,"EXONERAR com validade a contar de 22 de abril de 2026, LEANDRO SAMPAIO MONTEIRO , ID FUNCIONAL Nº 6130445/6, do cargo em comissão de Coordenador, símbolo DAS-7, da Assessoria Técnica - Asstec, da Chefia de Gabinete -Chegab, da",https://www.ioerj.com.br/portal/modules/conteudoonline/mostra_edicao.php?session=VGtSYVFrMXJTWGRQUlZsMFVXcGpNRTVwTURCU1ZFVjNURlJzUkU5VVVYUlJlbGt5VDBSS1ExSnFXWHBOYWxWNlRWUmpNMDU2VlhkT1ZHZDNUVkU5UFE9PQ==,LAKE\RJ\2026\04\DOERJ_PARTE_I_PODER_EXECUTIVO_2026-04-28.md
RJ,Diario Oficial do Estado do Rio de Janeiro,2026-04-28,Parte I (Poder Executivo),exoneracao,JORGE MAGALHAES DE ARAUJO,do cargo em comissão de Ajudante I,,"EXONERAR com validade a contar de 22 de abril de 2026, JORGE MAGALHAES DE ARAUJO , ID FUNCIONAL Nº 50374257/3, do cargo em comissão de Ajudante I, símbolo DAI-1, da Assessoria Técnica -Asstec, da Chefia de Gabinete -Chegab, da",https://www.ioerj.com.br/portal/modules/conteudoonline/mostra_edicao.php?session=VGtSYVFrMXJTWGRQUlZsMFVXcGpNRTVwTURCU1ZFVjNURlJzUkU5VVVYUlJlbGt5VDBSS1ExSnFXWHBOYWxWNlRWUmpNMDU2VlhkT1ZHZDNUVkU5UFE9PQ==,LAKE\RJ\2026\04\DOERJ_PARTE_I_PODER_EXECUTIVO_2026-04-28.md
RJ,Diario Oficial do Estado do Rio de Janeiro,2026-04-28,Parte I (Poder Executivo),exoneracao,FERNANDO DA FONSECA SILVA,do cargo em comissão de Assistente,,"EXONERAR com validade a contar de 22 de abril de 2026, FERNANDO DA FONSECA SILVA , ID FUNCIONAL Nº 51688948/1, do cargo em comissão de Assistente, símbolo DAS-6, da Assessoria Técnica - Asstec, da Chefia de Gabinete -Chegab, da",https://www.ioerj.com.br/portal/modules/conteudoonline/mostra_edicao.php?session=VGtSYVFrMXJTWGRQUlZsMFVXcGpNRTVwTURCU1ZFVjNURlJzUkU5VVVYUlJlbGt5VDBSS1ExSnFXWHBOYWxWNlRWUmpNMDU2VlhkT1ZHZDNUVkU5UFE9PQ==,LAKE\RJ\2026\04\DOERJ_PARTE_I_PODER_EXECUTIVO_2026-04-28.md
RJ,Diario Oficial do Estado do Rio de Janeiro,2026-04-28,Parte I (Poder Executivo),exoneracao,L AV I N Y BEZERRA NICACIO DE SOUZA,do cargo em comissão de Assistente,,"EXONERAR com validade a contar de 22 de abril de 2026, L AV I N Y BEZERRA NICACIO DE SOUZA , ID FUNCIONAL Nº 51504820, do cargo em comissão de Assistente, símbolo DAS-6, da Assessoria Técnica Asstec, da Chefia de Gabinete - Chegab, da",https://www.ioerj.com.br/portal/modules/conteudoonline/mostra_edicao.php?session=VGtSYVFrMXJTWGRQUlZsMFVXcGpNRTVwTURCU1ZFVjNURlJzUkU5VVVYUlJlbGt5VDBSS1ExSnFXWHBOYWxWNlRWUmpNMDU2VlhkT1ZHZDNUVkU5UFE9PQ==,LAKE\RJ\2026\04\DOERJ_PARTE_I_PODER_EXECUTIVO_2026-04-28.md
RJ,Diario Oficial do Estado do Rio de Janeiro,2026-04-28,Parte I (Poder Executivo),exoneracao,FERNANDA MARQUES DA SILVA DA COSTA,do cargo em comissão de Ajudante I,,"EXONERAR com validade a contar de 22 de abril de 2026, FERNANDA MARQUES DA SILVA DA COSTA , ID FUNCIONAL Nº 51400430/2, do cargo em comissão de Ajudante I, símbolo DAI-1, da Assessoria Técnica - Asstec, da Chefia de Gabinete Chegab, da",https://www.ioerj.com.br/portal/modules/conteudoonline/mostra_edicao.php?session=VGtSYVFrMXJTWGRQUlZsMFVXcGpNRTVwTURCU1ZFVjNURlJzUkU5VVVYUlJlbGt5VDBSS1ExSnFXWHBOYWxWNlRWUmpNMDU2VlhkT1ZHZDNUVkU5UFE9PQ==,LAKE\RJ\2026\04\DOERJ_PARTE_I_PODER_EXECUTIVO_2026-04-28.md
RJ,Diario Oficial do Estado do Rio de Janeiro,2026-04-28,Parte I (Poder Executivo),exoneracao,JAQUELINE FERNANDES DA SILVA,do cargo em comissão de Ajudante I,,"EXONERAR com validade a contar de 22 de abril de 2026, JAQUELINE FERNANDES DA SILVA , ID FUNCIONAL Nº 51386828/2, do cargo em comissão de Ajudante I, símbolo DAI-1, da Assessoria Técnica - Asstec, da Chefia de Gabinete - Chegab, da",https://www.ioerj.com.br/portal/modules/conteudoonline/mostra_edicao.php?session=VGtSYVFrMXJTWGRQUlZsMFVXcGpNRTVwTURCU1ZFVjNURlJzUkU5VVVYUlJlbGt5VDBSS1ExSnFXWHBOYWxWNlRWUmpNMDU2VlhkT1ZHZDNUVkU5UFE9PQ==,LAKE\RJ\2026\04\DOERJ_PARTE_I_PODER_EXECUTIVO_2026-04-28.md
RJ,Diario Oficial do Estado do Rio de Janeiro,2026-04-28,Parte I (Poder Executivo),exoneracao,G I S E LY DOS SANTOS,do cargo em comissão de Assistente,,"EXONERAR com validade a contar de 22 de abril de 2026, G I S E LY DOS SANTOS , ID FUNCIONAL Nº 51689545/1, do cargo em comissão de Assistente, símbolo DAS-6, da Assessoria Técnica Asstec, da Chefia de Gabinete - Chegab, da",https://www.ioerj.com.br/portal/modules/conteudoonline/mostra_edicao.php?session=VGtSYVFrMXJTWGRQUlZsMFVXcGpNRTVwTURCU1ZFVjNURlJzUkU5VVVYUlJlbGt5VDBSS1ExSnFXWHBOYWxWNlRWUmpNMDU2VlhkT1ZHZDNUVkU5UFE9PQ==,LAKE\RJ\2026\04\DOERJ_PARTE_I_PODER_EXECUTIVO_2026-04-28.md
RJ,Diario Oficial do Estado do Rio de Janeiro,2026-04-28,Parte I (Poder Executivo),exoneracao,JOAO EVANGELISTA BRITO DA SILVA,do cargo em comissão de Ajudante I,,"EXONERAR com validade a contar de 22 de abril de 2026, JOAO EVANGELISTA BRITO DA SILVA , ID FUNCIONAL Nº 44059345/3, do cargo em comissão de Ajudante I, símbolo DAI-1, da Assessoria Técnica Asstec, da Chefia de Gabinete - Chegab, da",https://www.ioerj.com.br/portal/modules/conteudoonline/mostra_edicao.php?session=VGtSYVFrMXJTWGRQUlZsMFVXcGpNRTVwTURCU1ZFVjNURlJzUkU5VVVYUlJlbGt5VDBSS1ExSnFXWHBOYWxWNlRWUmpNMDU2VlhkT1ZHZDNUVkU5UFE9PQ==,LAKE\RJ\2026\04\DOERJ_PARTE_I_PODER_EXECUTIVO_2026-04-28.md
RJ,Diario Oficial do Estado do Rio de Janeiro,2026-04-28,Parte I (Poder Executivo),exoneracao,ELIEZER MACEDO DOS SANTOS,do cargo em comissão de Ajudante I,,"EXONERAR com validade a contar de 22 de abril de 2026, ELIEZER MACEDO DOS SANTOS , ID FUNCIONAL Nº 51142074/3, do cargo em comissão de Ajudante I, símbolo DAI-1, da Assessoria Técnica Asstec, da Chefia de Gabinete - Chegab, da",https://www.ioerj.com.br/portal/modules/conteudoonline/mostra_edicao.php?session=VGtSYVFrMXJTWGRQUlZsMFVXcGpNRTVwTURCU1ZFVjNURlJzUkU5VVVYUlJlbGt5VDBSS1ExSnFXWHBOYWxWNlRWUmpNMDU2VlhkT1ZHZDNUVkU5UFE9PQ==,LAKE\RJ\2026\04\DOERJ_PARTE_I_PODER_EXECUTIVO_2026-04-28.md
RJ,Diario Oficial do Estado do Rio de Janeiro,2026-04-28,Parte I (Poder Executivo),exoneracao,DENISMAR GOETTENAUER DE OLIVEIRA,do cargo em comissão de Superintendente,,"EXONERAR com validade a contar de 22 de abril de 2026, DENISMAR GOETTENAUER DE OLIVEIRA , ID FUNCIONAL Nº 51698641/1, do cargo em comissão de Superintendente, símbolo DAS-8, da Assessoria Técnica Asstec, da Chefia de Gabinete - Chegab, da",https://www.ioerj.com.br/portal/modules/conteudoonline/mostra_edicao.php?session=VGtSYVFrMXJTWGRQUlZsMFVXcGpNRTVwTURCU1ZFVjNURlJzUkU5VVVYUlJlbGt5VDBSS1ExSnFXWHBOYWxWNlRWUmpNMDU2VlhkT1ZHZDNUVkU5UFE9PQ==,LAKE\RJ\2026\04\DOERJ_PARTE_I_PODER_EXECUTIVO_2026-04-28.md
RJ,Diario Oficial do Estado do Rio de Janeiro,2026-04-28,Parte I (Poder Executivo),exoneracao,GERUSA BORGES DOS SANTOS,do cargo em comissão de Ajudante I,,"EXONERAR com validade a contar de 22 de abril de 2026, GERUSA BORGES DOS SANTOS , ID FUNCIONAL Nº 51422018/2, do cargo em comissão de Ajudante I, símbolo DAI-1, da Assessoria Técnica Asstec, da Chefia de Gabinete - Chegab, da",https://www.ioerj.com.br/portal/modules/conteudoonline/mostra_edicao.php?session=VGtSYVFrMXJTWGRQUlZsMFVXcGpNRTVwTURCU1ZFVjNURlJzUkU5VVVYUlJlbGt5VDBSS1ExSnFXWHBOYWxWNlRWUmpNMDU2VlhkT1ZHZDNUVkU5UFE9PQ==,LAKE\RJ\2026\04\DOERJ_PARTE_I_PODER_EXECUTIVO_2026-04-28.md
RJ,Diario Oficial do Estado do Rio de Janeiro,2026-04-28,Parte I (Poder Executivo),exoneracao,DANIELE GENTELUCI DE AZEVEDO,do cargo de Ajudante I,,"EXONERAR com validade a contar de 22 de abril de 2026, DANIELE GENTELUCI DE AZEVEDO , ID FUNCIONAL Nº 51467305/2, do cargo de Ajudante I, símbolo DAI-1, da Assessoria Técnica - Asstec, da Chefia de Gabinete -Chegab, da",https://www.ioerj.com.br/portal/modules/conteudoonline/mostra_edicao.php?session=VGtSYVFrMXJTWGRQUlZsMFVXcGpNRTVwTURCU1ZFVjNURlJzUkU5VVVYUlJlbGt5VDBSS1ExSnFXWHBOYWxWNlRWUmpNMDU2VlhkT1ZHZDNUVkU5UFE9PQ==,LAKE\RJ\2026\04\DOERJ_PARTE_I_PODER_EXECUTIVO_2026-04-28.md
RJ,Diario Oficial do Estado do Rio de Janeiro,2026-04-28,Parte I (Poder Executivo),exoneracao,LUCIANO GALDINO DE PAIVA,do cargo em comissão de Assistente,,"EXONERAR com validade a contar de 22 de abril de 2026, LUCIANO GALDINO DE PAIVA , ID FUNCIONAL Nº 50880004/4, do cargo em comissão de Assistente, símbolo DAS-6, da Assessoria Técnica Asstec, da Chefia de Gabinete - Chegab, da",https://www.ioerj.com.br/portal/modules/conteudoonline/mostra_edicao.php?session=VGtSYVFrMXJTWGRQUlZsMFVXcGpNRTVwTURCU1ZFVjNURlJzUkU5VVVYUlJlbGt5VDBSS1ExSnFXWHBOYWxWNlRWUmpNMDU2VlhkT1ZHZDNUVkU5UFE9PQ==,LAKE\RJ\2026\04\DOERJ_PARTE_I_PODER_EXECUTIVO_2026-04-28.md
RJ,Diario Oficial do Estado do Rio de Janeiro,2026-04-28,Parte I (Poder Executivo),exoneracao,LUDMILLA ALFELD DE SOUZA BALTHAZAR FERREIRA,do cargo em comissão de Assistente,,"EXONERAR com validade a contar de 22 de abril de 2026, LUDMILLA ALFELD DE SOUZA BALTHAZAR FERREIRA , ID FUNCIONAL Nº 51502690/2, do cargo em comissão de Assistente, símbolo DAS-6, da Assessoria Técnica - Asstec, da Chefia de Gabinete Chegab, da",https://www.ioerj.com.br/portal/modules/conteudoonline/mostra_edicao.php?session=VGtSYVFrMXJTWGRQUlZsMFVXcGpNRTVwTURCU1ZFVjNURlJzUkU5VVVYUlJlbGt5VDBSS1ExSnFXWHBOYWxWNlRWUmpNMDU2VlhkT1ZHZDNUVkU5UFE9PQ==,LAKE\RJ\2026\04\DOERJ_PARTE_I_PODER_EXECUTIVO_2026-04-28.md
RJ,Diario Oficial do Estado do Rio de Janeiro,2026-04-28,Parte I (Poder Executivo),exoneracao,LEILA ALVES SANTOS,do cargo em comissão de Ajudante I,,"EXONERAR com validade a contar de 22 de abril de 2026, LEILA ALVES SANTOS , ID FUNCIONAL Nº 50880080/4, do cargo em comissão de Ajudante I, símbolo DAI-1, da Assessoria Técnica Asstec, da Chefia de Gabinete - Chegab, da",https://www.ioerj.com.br/portal/modules/conteudoonline/mostra_edicao.php?session=VGtSYVFrMXJTWGRQUlZsMFVXcGpNRTVwTURCU1ZFVjNURlJzUkU5VVVYUlJlbGt5VDBSS1ExSnFXWHBOYWxWNlRWUmpNMDU2VlhkT1ZHZDNUVkU5UFE9PQ==,LAKE\RJ\2026\04\DOERJ_PARTE_I_PODER_EXECUTIVO_2026-04-28.md
RJ,Diario Oficial do Estado do Rio de Janeiro,2026-04-28,Parte I (Poder Executivo),exoneracao,ELISABETE DA SILVA OLIVEIRA,do cargo em comissão de Ajudante I,,"EXONERAR com validade a contar de 22 de abril de 2026, ELISABETE DA SILVA OLIVEIRA , ID FUNCIONAL Nº 50900609, do cargo em comissão de Ajudante I, símbolo DAI-1, da Assessoria Técnica Asstec, da Chefia de Gabinete - Chegab, da",https://www.ioerj.com.br/portal/modules/conteudoonline/mostra_edicao.php?session=VGtSYVFrMXJTWGRQUlZsMFVXcGpNRTVwTURCU1ZFVjNURlJzUkU5VVVYUlJlbGt5VDBSS1ExSnFXWHBOYWxWNlRWUmpNMDU2VlhkT1ZHZDNUVkU5UFE9PQ==,LAKE\RJ\2026\04\DOERJ_PARTE_I_PODER_EXECUTIVO_2026-04-28.md
RJ,Diario Oficial do Estado do Rio de Janeiro,2026-04-28,Parte I (Poder Executivo),exoneracao,JOAO CARLOS DA SILVA PAULA,do cargo em comissão de Coordenador,,"EXONERAR com validade a contar de 22 de abril de 2026, JOAO CARLOS DA SILVA PAULA , ID FUNCIONAL Nº 51521725, do cargo em comissão de Coordenador, símbolo DAS-8, da Assessoria Técnica, da",https://www.ioerj.com.br/portal/modules/conteudoonline/mostra_edicao.php?session=VGtSYVFrMXJTWGRQUlZsMFVXcGpNRTVwTURCU1ZFVjNURlJzUkU5VVVYUlJlbGt5VDBSS1ExSnFXWHBOYWxWNlRWUmpNMDU2VlhkT1ZHZDNUVkU5UFE9PQ==,LAKE\RJ\2026\04\DOERJ_PARTE_I_PODER_EXECUTIVO_2026-04-28.md
RJ,Diario Oficial do Estado do Rio de Janeiro,2026-04-28,Parte I (Poder Executivo),nomeacao,BRUNO LOPES BONFANTE NUNES,para exercer o cargo em comissão de Assessor,,"NOMEAR a contar de 16 de abril de 2026, BRUNO LOPES BONFANTE NUNES , ID FUNCIONAL Nº 5006782-6, para exercer o cargo em comissão de Assessor, símbolo DAS-8, na Assessoria de Controle Interno, da",https://www.ioerj.com.br/portal/modules/conteudoonline/mostra_edicao.php?session=VGtSYVFrMXJTWGRQUlZsMFVXcGpNRTVwTURCU1ZFVjNURlJzUkU5VVVYUlJlbGt5VDBSS1ExSnFXWHBOYWxWNlRWUmpNMDU2VlhkT1ZHZDNUVkU5UFE9PQ==,LAKE\RJ\2026\04\DOERJ_PARTE_I_PODER_EXECUTIVO_2026-04-28.md
RJ,Diario Oficial do Estado do Rio de Janeiro,2026-04-28,Parte I (Poder Executivo),nomeacao,CARLOS ANTÔNIO RIBEIRO GOMES,para exercer o cargo em comissão de Assessor,,"NOMEAR com validade a contar de 16 de abril de 2026, CARLOS ANTÔNIO RIBEIRO GOMES , ID FUNCIONAL Nº 1943943-1, para exercer o cargo em comissão de Assessor, símbolo DAS-8, na Assessoria de Controle Interno, da",https://www.ioerj.com.br/portal/modules/conteudoonline/mostra_edicao.php?session=VGtSYVFrMXJTWGRQUlZsMFVXcGpNRTVwTURCU1ZFVjNURlJzUkU5VVVYUlJlbGt5VDBSS1ExSnFXWHBOYWxWNlRWUmpNMDU2VlhkT1ZHZDNUVkU5UFE9PQ==,LAKE\RJ\2026\04\DOERJ_PARTE_I_PODER_EXECUTIVO_2026-04-28.md
RJ,Diario Oficial do Estado do Rio de Janeiro,2026-04-28,Parte I (Poder Executivo),nomeacao,GABRIEL LENGRUBER FEIJÓ GOULART,,,"NOMEAR com validade a contar de 16 de abril de 2026, GABRIEL LENGRUBER FEIJÓ GOULART , ID FUNCIONAL Nº 5149052-8, para o cargo de Ajudante I, DAI-1, na Subsecretaria de Gestão Administrativa e Financeira, da",https://www.ioerj.com.br/portal/modules/conteudoonline/mostra_edicao.php?session=VGtSYVFrMXJTWGRQUlZsMFVXcGpNRTVwTURCU1ZFVjNURlJzUkU5VVVYUlJlbGt5VDBSS1ExSnFXWHBOYWxWNlRWUmpNMDU2VlhkT1ZHZDNUVkU5UFE9PQ==,LAKE\RJ\2026\04\DOERJ_PARTE_I_PODER_EXECUTIVO_2026-04-28.md
RJ,Diario Oficial do Estado do Rio de Janeiro,2026-04-28,Parte I (Poder Executivo),nomeacao,WINDSON MACIEL,,,"NOMEAR com validade a contar de 16 de abril de 2026, WINDSON MACIEL , ID FUNCIONAL Nº 5011958-3, para o cargo em comissão de Assessor, símbolo DAS-8, na Subsecretaria de Gestão Administrativa e Financeira, da",https://www.ioerj.com.br/portal/modules/conteudoonline/mostra_edicao.php?session=VGtSYVFrMXJTWGRQUlZsMFVXcGpNRTVwTURCU1ZFVjNURlJzUkU5VVVYUlJlbGt5VDBSS1ExSnFXWHBOYWxWNlRWUmpNMDU2VlhkT1ZHZDNUVkU5UFE9PQ==,LAKE\RJ\2026\04\DOERJ_PARTE_I_PODER_EXECUTIVO_2026-04-28.md
RJ,Diario Oficial do Estado do Rio de Janeiro,2026-04-28,Parte I (Poder Executivo),nomeacao,ANA MARIA NASCIMENTO DA SILVA,para exercer o cargo em comissão de Assistente,da Subsecretaria de Relações Governamentais - Subrel,"NOMEAR ANA MARIA NASCIMENTO DA SILVA , ID FUNCIONAL Nº 51422034, para exercer o cargo em comissão de Assistente, símbolo DAS-6, da Subsecretaria de Relações Governamentais - Subrel, da",https://www.ioerj.com.br/portal/modules/conteudoonline/mostra_edicao.php?session=VGtSYVFrMXJTWGRQUlZsMFVXcGpNRTVwTURCU1ZFVjNURlJzUkU5VVVYUlJlbGt5VDBSS1ExSnFXWHBOYWxWNlRWUmpNMDU2VlhkT1ZHZDNUVkU5UFE9PQ==,LAKE\RJ\2026\04\DOERJ_PARTE_I_PODER_EXECUTIVO_2026-04-28.md
RJ,Diario Oficial do Estado do Rio de Janeiro,2026-04-28,Parte I (Poder Executivo),exoneracao,ALINE ALVES FELIX,do cargo em comissão de Ajudante I,da Subsecretaria Executiva,"EXONERAR com validade a contar de 27 de abril de 2026, ALINE ALVES FELIX , ID FUNCIONAL Nº 51427940/2, do cargo em comissão de Ajudante I, símbolo DAI-1, da Divisão de Serviços Gerais, da Coordenadoria de Contratos, da Diretoria Geral de Administração e Finanças - Dgaf, da Subsecretaria Executiva, da",https://www.ioerj.com.br/portal/modules/conteudoonline/mostra_edicao.php?session=VGtSYVFrMXJTWGRQUlZsMFVXcGpNRTVwTURCU1ZFVjNURlJzUkU5VVVYUlJlbGt5VDBSS1ExSnFXWHBOYWxWNlRWUmpNMDU2VlhkT1ZHZDNUVkU5UFE9PQ==,LAKE\RJ\2026\04\DOERJ_PARTE_I_PODER_EXECUTIVO_2026-04-28.md
RJ,Diario Oficial do Estado do Rio de Janeiro,2026-04-28,Parte I (Poder Executivo),exoneracao,CATIA MARIA FONSECA DA CRUZ,do cargo em comissão de Auxiliar de Gabinete,do Departamento de Recursos Minerais -DRM,"EXONERAR CATIA MARIA FONSECA DA CRUZ , ID FUNCIONAL Nº 51104172/3, do cargo em comissão de Auxiliar de Gabinete, símbolo DAI-1, do Departamento de Recursos Minerais -DRM. Processo nº SEI-220004/000404/2026",https://www.ioerj.com.br/portal/modules/conteudoonline/mostra_edicao.php?session=VGtSYVFrMXJTWGRQUlZsMFVXcGpNRTVwTURCU1ZFVjNURlJzUkU5VVVYUlJlbGt5VDBSS1ExSnFXWHBOYWxWNlRWUmpNMDU2VlhkT1ZHZDNUVkU5UFE9PQ==,LAKE\RJ\2026\04\DOERJ_PARTE_I_PODER_EXECUTIVO_2026-04-28.md
RJ,Diario Oficial do Estado do Rio de Janeiro,2026-04-28,Parte I (Poder Executivo),exoneracao,JORGE LUIZ NEVES DE OLIVEIRA,do cargo em comissão de Assistente II,da Superintendência de Avaliação e Acompanhamento do Desempenho Escolar,"EXONERAR com validade a contar de 17 de abril de 2026, JORGE LUIZ NEVES DE OLIVEIRA , ID FUNCIONAL Nº 43173861/1, do cargo em comissão de Assistente II, símbolo DAI-6, da Coordenadoria de Acompanhamento do Desempenho Escolar, da Superintendência de Avaliação e Acompanhamento do Desempenho Escolar, da Subsecretaria de Gestão de Ensino, da",https://www.ioerj.com.br/portal/modules/conteudoonline/mostra_edicao.php?session=VGtSYVFrMXJTWGRQUlZsMFVXcGpNRTVwTURCU1ZFVjNURlJzUkU5VVVYUlJlbGt5VDBSS1ExSnFXWHBOYWxWNlRWUmpNMDU2VlhkT1ZHZDNUVkU5UFE9PQ==,LAKE\RJ\2026\04\DOERJ_PARTE_I_PODER_EXECUTIVO_2026-04-28.md
RJ,Diario Oficial do Estado do Rio de Janeiro,2026-04-28,Parte I (Poder Executivo),exoneracao,ANGELO DAMACENO HOTTZ,do cargo em comissão de Coordenador,da Superintendência de Tecnologia da Informação,"EXONERAR com validade a contar de 20 de abril de 2026, ANGELO DAMACENO HOTTZ , ID FUNCIONAL Nº 42526868/1, do cargo em comissão de Coordenador, símbolo DAS-7, da Coordenadoria de Ciência de Dados, da Superintendência de Tecnologia da Informação, da Subsecretaria de Planejamento e Ações Estratégicas, da",https://www.ioerj.com.br/portal/modules/conteudoonline/mostra_edicao.php?session=VGtSYVFrMXJTWGRQUlZsMFVXcGpNRTVwTURCU1ZFVjNURlJzUkU5VVVYUlJlbGt5VDBSS1ExSnFXWHBOYWxWNlRWUmpNMDU2VlhkT1ZHZDNUVkU5UFE9PQ==,LAKE\RJ\2026\04\DOERJ_PARTE_I_PODER_EXECUTIVO_2026-04-28.md
RJ,Diario Oficial do Estado do Rio de Janeiro,2026-04-28,Parte I (Poder Executivo),exoneracao,ROBERTA GONCALVES RAMALHO,do cargo em comissão de Diretor Adjunto,,"EXONERAR ROBERTA GONCALVES RAMALHO , ID FUNCIONAL Nº 50179616/1, do cargo em comissão de Diretor Adjunto, símbolo DAS6, do Cense - Centro de Socioeducação Maria Luiza Marcate Ramos, da Direção-Geral - Dg, da",https://www.ioerj.com.br/portal/modules/conteudoonline/mostra_edicao.php?session=VGtSYVFrMXJTWGRQUlZsMFVXcGpNRTVwTURCU1ZFVjNURlJzUkU5VVVYUlJlbGt5VDBSS1ExSnFXWHBOYWxWNlRWUmpNMDU2VlhkT1ZHZDNUVkU5UFE9PQ==,LAKE\RJ\2026\04\DOERJ_PARTE_I_PODER_EXECUTIVO_2026-04-28.md
RJ,Diario Oficial do Estado do Rio de Janeiro,2026-04-28,Parte I (Poder Executivo),exoneracao,HANNA NAHON CASARINI,do cargo em comissão de Assistente II,da Superintendência de Cidades Resilientes,"EXONERAR com validade a contar de 18 de abril de 2026, HANNA NAHON CASARINI , ID FUNCIONAL Nº 51385031/1, do cargo em comissão de Assistente II, símbolo DAI-6, da Coordenadoria de Estudos e Projetos, da Superintendência de Cidades Resilientes, da Subsecretaria de Mudanças do Clima e Conservação da Biodiversidade, da",https://www.ioerj.com.br/portal/modules/conteudoonline/mostra_edicao.php?session=VGtSYVFrMXJTWGRQUlZsMFVXcGpNRTVwTURCU1ZFVjNURlJzUkU5VVVYUlJlbGt5VDBSS1ExSnFXWHBOYWxWNlRWUmpNMDU2VlhkT1ZHZDNUVkU5UFE9PQ==,LAKE\RJ\2026\04\DOERJ_PARTE_I_PODER_EXECUTIVO_2026-04-28.md
RJ,Diario Oficial do Estado do Rio de Janeiro,2026-04-28,Parte I (Poder Executivo),nomeacao,IASKARA NILDES SILVEIRA PROFETA,da Assessoria de Gestão de Pessoas,,"NOMEAR IASKARA NILDES SILVEIRA PROFETA , ID FUNCIONAL Nº 5654777/3, para exercer, com validade a contar de 13 de abril de 2026, o cargo em comissão de Assessor, símbolo DAS-8, da Assessoria de Gestão de Pessoas, da Diretoria Geral de Administração e Finanças, da Controladoria Geral do Estado, anteriormente ocupado por JONAS SILVA DOS SANTOS, ID Funcional nº 50997050/1, e considerá-la exonerada do cargo em comissão de Assessor, símbolo DAS-8, do mesmo Órgão. Processo nº SEI-320001/001092/2026",https://www.ioerj.com.br/portal/modules/conteudoonline/mostra_edicao.php?session=VGtSYVFrMXJTWGRQUlZsMFVXcGpNRTVwTURCU1ZFVjNURlJzUkU5VVVYUlJlbGt5VDBSS1ExSnFXWHBOYWxWNlRWUmpNMDU2VlhkT1ZHZDNUVkU5UFE9PQ==,LAKE\RJ\2026\04\DOERJ_PARTE_I_PODER_EXECUTIVO_2026-04-28.md
RJ,Diario Oficial do Estado do Rio de Janeiro,2026-04-28,Parte I (Poder Executivo),nomeacao,JONAS SILVA DOS SANTOS,do cargo em comissão de Assessor,,"NOMEAR JONAS SILVA DOS SANTOS , ID FUNCIONAL Nº 5099705-0, para exercer, com validade a contar de 13 de abril de 2026 o cargo em comissão de Assessor, símbolo DAS-8, da Controladoria Geral do Estado, anteriormente ocupado por IASKARA NILDES SILVEIRA PROFETA, ID Funcional nº 565477-7, e considerálo exonerado do cargo em comissão de Assessor, símbolo DAS-8, do mesmo Órgão. Processo nº SEI-320001/001092/2026",https://www.ioerj.com.br/portal/modules/conteudoonline/mostra_edicao.php?session=VGtSYVFrMXJTWGRQUlZsMFVXcGpNRTVwTURCU1ZFVjNURlJzUkU5VVVYUlJlbGt5VDBSS1ExSnFXWHBOYWxWNlRWUmpNMDU2VlhkT1ZHZDNUVkU5UFE9PQ==,LAKE\RJ\2026\04\DOERJ_PARTE_I_PODER_EXECUTIVO_2026-04-28.md
RJ,Diario Oficial do Estado do Rio de Janeiro,2026-04-28,Parte I (Poder Executivo),nomeacao,FLAVIO MARTINS BEZERRA JUNIOR,,da Superintendência de Corregedorias Setoriais,"NOMEAR FLAVIO MARTINS BEZERRA JUNIOR , ID FUNCIONAL Nº 51551888/1, para exercer, com validade a contar de 01 de abril de 2026, o cargo em comissão de Coordenador, símbolo DAS-7, da Coordenadoria de Unidades de Corregedorias Setoriais, da Superintendência de Corregedorias Setoriais, da Corregedoria Geral do Estado, da Controladoria Geral do Estado, anteriormente ocupado por MARCIA CRISTINA MATTOS MONTEZ CARDOZO PEREIRA, ID Funcional nº 41893468/4. Processo nº SEI-320001/000949/2026",https://www.ioerj.com.br/portal/modules/conteudoonline/mostra_edicao.php?session=VGtSYVFrMXJTWGRQUlZsMFVXcGpNRTVwTURCU1ZFVjNURlJzUkU5VVVYUlJlbGt5VDBSS1ExSnFXWHBOYWxWNlRWUmpNMDU2VlhkT1ZHZDNUVkU5UFE9PQ==,LAKE\RJ\2026\04\DOERJ_PARTE_I_PODER_EXECUTIVO_2026-04-28.md
RJ,Diario Oficial do Estado do Rio de Janeiro,2026-04-28,Parte I (Poder Executivo),nomeacao,CHARLES ALEXANDRE DE ALMEIDA GRECO,,do Gabinete de Segurança Institucional do Governo,"NOMEAR CHARLES ALEXANDRE DE ALMEIDA GRECO , ID FUNCIONAL Nº 44058268/3, para exercer, com validade a contar de 14 de abril de 2026, o cargo em comissão de Ajudante de Ordens, símbolo DAS-8, do Gabinete de Segurança Institucional do Governo, anteriormente ocupado por ALINE DA COSTA DE CARVALHO, ID Funcional nº 41835930/3. Processo nº SEI-390002/001073/2026",https://www.ioerj.com.br/portal/modules/conteudoonline/mostra_edicao.php?session=VGtSYVFrMXJTWGRQUlZsMFVXcGpNRTVwTURCU1ZFVjNURlJzUkU5VVVYUlJlbGt5VDBSS1ExSnFXWHBOYWxWNlRWUmpNMDU2VlhkT1ZHZDNUVkU5UFE9PQ==,LAKE\RJ\2026\04\DOERJ_PARTE_I_PODER_EXECUTIVO_2026-04-28.md
RJ,Diario Oficial do Estado do Rio de Janeiro,2026-04-28,Parte I (Poder Executivo),nomeacao,BRUNO OGLIARUSO SAAD,para exercer o cargo em comissão de Chefe de Divisão,da Superintendência de Avaliação de Cenários e Análise de Riscos,"NOMEAR BRUNO OGLIARUSO SAAD , ID FUNCIONAL Nº 51555042/1, para exercer o cargo em comissão de Chefe de Divisão, símbolo DAS-6, da Divisão de Gerenciamento de Risco, da Coordenação de Análise de Riscos, da Superintendência de Avaliação de Cenários e Análise de Riscos, da Subsecretaria de Avaliação de Cenários e Inteligência Estratégica de Estado (Sie), do Gabinete de Segurança Institucional do Governo, anteriormente ocupado por RODRIGO DE LIMA NUNES, ID Funcional nº 23791373/5. Processo nº SEI-390002/000283/2026",https://www.ioerj.com.br/portal/modules/conteudoonline/mostra_edicao.php?session=VGtSYVFrMXJTWGRQUlZsMFVXcGpNRTVwTURCU1ZFVjNURlJzUkU5VVVYUlJlbGt5VDBSS1ExSnFXWHBOYWxWNlRWUmpNMDU2VlhkT1ZHZDNUVkU5UFE9PQ==,LAKE\RJ\2026\04\DOERJ_PARTE_I_PODER_EXECUTIVO_2026-04-28.md
RJ,Diario Oficial do Estado do Rio de Janeiro,2026-04-28,Parte I (Poder Executivo),exoneracao,ELIEL DAVI DIAS SANTANA,do cargo em comissão de Assistente II,da Superintendência de Assistência Especializada,"EXONERAR ELIEL DAVI DIAS SANTANA , ID FUNCIONAL Nº 51559587/1, do cargo em comissão de Assistente II, símbolo DAI-6, da Superintendência de Assistência Especializada, da Vice-Presidência de Assistência Social, da Fundação Leão XIII - FLXIII. Processo nº SEI-310003/000478/2026",https://www.ioerj.com.br/portal/modules/conteudoonline/mostra_edicao.php?session=VGtSYVFrMXJTWGRQUlZsMFVXcGpNRTVwTURCU1ZFVjNURlJzUkU5VVVYUlJlbGt5VDBSS1ExSnFXWHBOYWxWNlRWUmpNMDU2VlhkT1ZHZDNUVkU5UFE9PQ==,LAKE\RJ\2026\04\DOERJ_PARTE_I_PODER_EXECUTIVO_2026-04-28.md
RJ,Diario Oficial do Estado do Rio de Janeiro,2026-04-28,Parte I (Poder Executivo),exoneracao,VIVIANE OLIVEIRA EPIFANIO,do cargo em comissão de Assistente II,da Superintendência de Assistência Especializada,"EXONERAR VIVIANE OLIVEIRA EPIFANIO , ID FUNCIONAL Nº 51391597/1, do cargo em comissão de Assistente II, símbolo DAI-6, da Superintendência de Assistência Especializada, da Vice-Presidência de Assistência Social, da Fundação Leão XIII - FLXIII. Processo nº SEI-310003/000478/2026",https://www.ioerj.com.br/portal/modules/conteudoonline/mostra_edicao.php?session=VGtSYVFrMXJTWGRQUlZsMFVXcGpNRTVwTURCU1ZFVjNURlJzUkU5VVVYUlJlbGt5VDBSS1ExSnFXWHBOYWxWNlRWUmpNMDU2VlhkT1ZHZDNUVkU5UFE9PQ==,LAKE\RJ\2026\04\DOERJ_PARTE_I_PODER_EXECUTIVO_2026-04-28.md
RJ,Diario Oficial do Estado do Rio de Janeiro,2026-04-28,Parte I (Poder Executivo),exoneracao,LETICIA OLIVEIRA DE SANTANNA,do cargo em comissão de Assistente,,"EXONERAR a pedido e com validade a contar de 22 de abril de 2026, LETICIA OLIVEIRA DE SANTANNA , ID FUNCIONAL Nº 51607883/1, do cargo em comissão de Assistente, símbolo DAS-6, da Chefia de Gabinete, da",https://www.ioerj.com.br/portal/modules/conteudoonline/mostra_edicao.php?session=VGtSYVFrMXJTWGRQUlZsMFVXcGpNRTVwTURCU1ZFVjNURlJzUkU5VVVYUlJlbGt5VDBSS1ExSnFXWHBOYWxWNlRWUmpNMDU2VlhkT1ZHZDNUVkU5UFE9PQ==,LAKE\RJ\2026\04\DOERJ_PARTE_I_PODER_EXECUTIVO_2026-04-28.md
RJ,Diario Oficial do Estado do Rio de Janeiro,2026-04-28,Parte I (Poder Executivo),exoneracao,SAMUEL GUILHERME RUSSELL JUNIOR,do cargo em comissão de Assessor de Contabilidade,do Departamento Geral de Administração e Finanças,"EXONERAR a pedido e com validade a contar de 22 de abril de 2026, SAMUEL GUILHERME RUSSELL JUNIOR , ID FUNCIONAL Nº 50883470/3, do cargo em comissão de Assessor de Contabilidade, símbolo DAS-8, da Assessoria de Contabilidade, do Departamento Geral de Administração e Finanças, da Subsecretaria Adjunta de Gestão, da",https://www.ioerj.com.br/portal/modules/conteudoonline/mostra_edicao.php?session=VGtSYVFrMXJTWGRQUlZsMFVXcGpNRTVwTURCU1ZFVjNURlJzUkU5VVVYUlJlbGt5VDBSS1ExSnFXWHBOYWxWNlRWUmpNMDU2VlhkT1ZHZDNUVkU5UFE9PQ==,LAKE\RJ\2026\04\DOERJ_PARTE_I_PODER_EXECUTIVO_2026-04-28.md
RJ,Diario Oficial do Estado do Rio de Janeiro,2026-04-28,Parte I (Poder Executivo),exoneracao,JOSUE FONSECA TEIXEIRA JUNIOR,do cargo em comissão de Chefe de Gabinete,,"EXONERAR a pedido e com validade a contar de 01 de abril de 2026, JOSUE FONSECA TEIXEIRA JUNIOR , ID FUNCIONAL Nº 51393581/1, do cargo em comissão de Chefe de Gabinete, símbolo DAS-8, da Chefia de Gabinete, da",https://www.ioerj.com.br/portal/modules/conteudoonline/mostra_edicao.php?session=VGtSYVFrMXJTWGRQUlZsMFVXcGpNRTVwTURCU1ZFVjNURlJzUkU5VVVYUlJlbGt5VDBSS1ExSnFXWHBOYWxWNlRWUmpNMDU2VlhkT1ZHZDNUVkU5UFE9PQ==,LAKE\RJ\2026\04\DOERJ_PARTE_I_PODER_EXECUTIVO_2026-04-28.md
RJ,Diario Oficial do Estado do Rio de Janeiro,2026-04-28,Parte I (Poder Executivo),exoneracao,MICHELE FERREIRA DE OLIVEIRA,do cargo em comissão de Assessor,do Departamento de Atendimento Presencial,"EXONERAR com validade a contar de 27 de abril de 2026, MICHELE FERREIRA DE OLIVEIRA , ID FUNCIONAL Nº 51649896/1, do cargo em comissão de Assessor, símbolo DAS-7, do Serviço de Atendimento Ao Consumidor, do Departamento de Atendimento Presencial, da Diretoria de Atendimento Ao Consumidor, da Proteção e Defesa do Consumidor do Estado do Rio de Janeiro - PROCON-RJ. Processo nº SEI-240002/001620/2026. ## APOSTILAS DO SECRETÁRIO DE 27 DE ABRIL DE 2026",https://www.ioerj.com.br/portal/modules/conteudoonline/mostra_edicao.php?session=VGtSYVFrMXJTWGRQUlZsMFVXcGpNRTVwTURCU1ZFVjNURlJzUkU5VVVYUlJlbGt5VDBSS1ExSnFXWHBOYWxWNlRWUmpNMDU2VlhkT1ZHZDNUVkU5UFE9PQ==,LAKE\RJ\2026\04\DOERJ_PARTE_I_PODER_EXECUTIVO_2026-04-28.md
RJ,Diario Oficial do Estado do Rio de Janeiro,2026-04-28,Parte I (Poder Executivo),exoneracao,CEL PM RG 56.104,do cargo em comissão de Chefe do EM - Comandante Intermediário,da Subsecretaria de Gestão Operacional,"EXONERAR com validade a contar de 16 de abril de 2026, CEL PM RG 56.104, Id Funcional 24451258 - ROGERIO COSENDEY PERLINGEIRO, do cargo em comissão de Chefe do EM - Comandante Intermediário, símbolo DAS-8, do 1º Comando de Policiamento de Área (1º CPA), da Subsecretaria de Gestão Operacional, da",https://www.ioerj.com.br/portal/modules/conteudoonline/mostra_edicao.php?session=VGtSYVFrMXJTWGRQUlZsMFVXcGpNRTVwTURCU1ZFVjNURlJzUkU5VVVYUlJlbGt5VDBSS1ExSnFXWHBOYWxWNlRWUmpNMDU2VlhkT1ZHZDNUVkU5UFE9PQ==,LAKE\RJ\2026\04\DOERJ_PARTE_I_PODER_EXECUTIVO_2026-04-28.md
