estado,diario,data_publicacao,caderno,tipo_ato,nome,id_funcional,assinante,cargo_assinante,categoria_assinante,governador_edicao,representante_governo,origem_representante,spacy_pessoa,spacy_entidades,nome_parse_confiavel,cargo,orgao,trecho,fonte_url,arquivo_markdown
RJ,Diario Oficial do Estado do Rio de Janeiro,2013-12-30,Parte I (Poder Executivo),exoneracao,JOÃO EDUARDO,,,Secretario,5,Wilson Jose Witzel - Governador,Wilson Jose Witzel,Executivo estadual,sim,JOÃO EDUARDO:PER,sim,do cargo em comissão de Ajudante I,,"EXONERAR com validade a contar de 20 de dezembro de 2013, JOÃO EDUARDO DA SILVA , matrícula nº 954395-0, do cargo em comissão de Ajudante I, símbolo DAI-1, da",https://www.ioerj.com.br/portal/modules/conteudoonline/mostra_edicao.php?session=VVdwYVJrMUZVVEZOZWtWMFVrUmFRbEpETURCT2FrVjZURlJuTTA1clZYUk5NRTVFVFhwbk5FNUVRWGhPUlZKRVRWUmpNMDlFYTNkTmVrMTNUWGM5UFE9PQ==,D:\github\exoneracoes_nomeacoes_dou\LAKE\RJ\2013\12\DOERJ_PARTE_I_PODER_EXECUTIVO_2013-12-30.md
RJ,Diario Oficial do Estado do Rio de Janeiro,2013-12-30,Parte I (Poder Executivo),nomeacao,IGOR SOARES PONTES,,,Secretario,5,Wilson Jose Witzel - Governador,Wilson Jose Witzel,Executivo estadual,sim,IGOR SOARES PONTES:PER,sim,,,"NOMEAR IGOR SOARES PONTES para exercer, com validade a contar de 20 de dezembro de 2013, o cargo em comissão de Ajudante I, símbolo DAI-1, da",https://www.ioerj.com.br/portal/modules/conteudoonline/mostra_edicao.php?session=VVdwYVJrMUZVVEZOZWtWMFVrUmFRbEpETURCT2FrVjZURlJuTTA1clZYUk5NRTVFVFhwbk5FNUVRWGhPUlZKRVRWUmpNMDlFYTNkTmVrMTNUWGM5UFE9PQ==,D:\github\exoneracoes_nomeacoes_dou\LAKE\RJ\2013\12\DOERJ_PARTE_I_PODER_EXECUTIVO_2013-12-30.md
RJ,Diario Oficial do Estado do Rio de Janeiro,2013-12-30,Parte I (Poder Executivo),nomeacao,MARCOS GABRIEL RODRIGUES ELIAS,,,Secretario,5,Wilson Jose Witzel - Governador,Wilson Jose Witzel,Executivo estadual,sim,MARCOS GABRIEL RODRIGUES:PER,sim,,,"NOMEAR MARCOS GABRIEL RODRIGUES ELIAS para exercer, com validade a contar de 01 de janeiro de 2013, o cargo em comissão de Ajudante I, símbolo DAI-1, da",https://www.ioerj.com.br/portal/modules/conteudoonline/mostra_edicao.php?session=VVdwYVJrMUZVVEZOZWtWMFVrUmFRbEpETURCT2FrVjZURlJuTTA1clZYUk5NRTVFVFhwbk5FNUVRWGhPUlZKRVRWUmpNMDlFYTNkTmVrMTNUWGM5UFE9PQ==,D:\github\exoneracoes_nomeacoes_dou\LAKE\RJ\2013\12\DOERJ_PARTE_I_PODER_EXECUTIVO_2013-12-30.md
RJ,Diario Oficial do Estado do Rio de Janeiro,2013-12-30,Parte I (Poder Executivo),nomeacao,LUIZ FELIPE AMARAL MOTA,,,Secretario,5,Wilson Jose Witzel - Governador,Wilson Jose Witzel,Executivo estadual,sim,LUIZ FELIPE AMARAL MOTA:PER,sim,,,"NOMEAR LUIZ FELIPE AMARAL MOTA para exercer, com validade a contar de 01 de janeiro de 2013, o cargo em comissão de Ajudante I, símbolo DAI-1, da",https://www.ioerj.com.br/portal/modules/conteudoonline/mostra_edicao.php?session=VVdwYVJrMUZVVEZOZWtWMFVrUmFRbEpETURCT2FrVjZURlJuTTA1clZYUk5NRTVFVFhwbk5FNUVRWGhPUlZKRVRWUmpNMDlFYTNkTmVrMTNUWGM5UFE9PQ==,D:\github\exoneracoes_nomeacoes_dou\LAKE\RJ\2013\12\DOERJ_PARTE_I_PODER_EXECUTIVO_2013-12-30.md
RJ,Diario Oficial do Estado do Rio de Janeiro,2013-12-30,Parte I (Poder Executivo),nomeacao,MARCOS ANTONIO JACONIANO FILHO,,,Secretario,5,Wilson Jose Witzel - Governador,Wilson Jose Witzel,Executivo estadual,sim,MARCOS ANTONIO JACONIANO FILHO:PER,sim,,,"NOMEAR MARCOS ANTONIO JACONIANO FILHO para exercer, com validade a contar de 01 de janeiro de 2013, o cargo em comissão de Ajudante I, símbolo DAI-1, da",https://www.ioerj.com.br/portal/modules/conteudoonline/mostra_edicao.php?session=VVdwYVJrMUZVVEZOZWtWMFVrUmFRbEpETURCT2FrVjZURlJuTTA1clZYUk5NRTVFVFhwbk5FNUVRWGhPUlZKRVRWUmpNMDlFYTNkTmVrMTNUWGM5UFE9PQ==,D:\github\exoneracoes_nomeacoes_dou\LAKE\RJ\2013\12\DOERJ_PARTE_I_PODER_EXECUTIVO_2013-12-30.md
RJ,Diario Oficial do Estado do Rio de Janeiro,2013-12-30,Parte I (Poder Executivo),nomeacao,LEONARDO PIMENTA HENRIQUES,,,Secretario,5,Wilson Jose Witzel - Governador,Wilson Jose Witzel,Executivo estadual,sim,LEONARDO PIMENTA HENRIQUES:PER,sim,,,"NOMEAR LEONARDO PIMENTA HENRIQUES para exercer, com validade a contar de 01 de janeiro de 2013, o cargo em comis- são Estado de I, Go- símbolo",https://www.ioerj.com.br/portal/modules/conteudoonline/mostra_edicao.php?session=VVdwYVJrMUZVVEZOZWtWMFVrUmFRbEpETURCT2FrVjZURlJuTTA1clZYUk5NRTVFVFhwbk5FNUVRWGhPUlZKRVRWUmpNMDlFYTNkTmVrMTNUWGM5UFE9PQ==,D:\github\exoneracoes_nomeacoes_dou\LAKE\RJ\2013\12\DOERJ_PARTE_I_PODER_EXECUTIVO_2013-12-30.md
RJ,Diario Oficial do Estado do Rio de Janeiro,2013-12-30,Parte I (Poder Executivo),nomeacao,BRUNO GUIMARÃES MACHADO,,,Secretario,5,Wilson Jose Witzel - Governador,Wilson Jose Witzel,Executivo estadual,sim,GUIMARÃES:ORG|Guimarães Machado:PER,sim,,,"NOMEAR BRUNO GUIMARÃES MACHADO para exercer, com validade a contar de 01 de janeiro de 2013, o cargo em comissão de Ajudante I, símbolo DAI-1, da",https://www.ioerj.com.br/portal/modules/conteudoonline/mostra_edicao.php?session=VVdwYVJrMUZVVEZOZWtWMFVrUmFRbEpETURCT2FrVjZURlJuTTA1clZYUk5NRTVFVFhwbk5FNUVRWGhPUlZKRVRWUmpNMDlFYTNkTmVrMTNUWGM5UFE9PQ==,D:\github\exoneracoes_nomeacoes_dou\LAKE\RJ\2013\12\DOERJ_PARTE_I_PODER_EXECUTIVO_2013-12-30.md
RJ,Diario Oficial do Estado do Rio de Janeiro,2013-12-30,Parte I (Poder Executivo),nomeacao,RODRIGUO ALVES COELHO,,,Secretario,5,Wilson Jose Witzel - Governador,Wilson Jose Witzel,Executivo estadual,sim,ALVES COELHO:PER,sim,,,"NOMEAR RODRIGUO ALVES COELHO para exercer, com validade a contar de 01 de janeiro de 2013, o cargo em comissão de Ajudante I, símbolo DAI-1, da",https://www.ioerj.com.br/portal/modules/conteudoonline/mostra_edicao.php?session=VVdwYVJrMUZVVEZOZWtWMFVrUmFRbEpETURCT2FrVjZURlJuTTA1clZYUk5NRTVFVFhwbk5FNUVRWGhPUlZKRVRWUmpNMDlFYTNkTmVrMTNUWGM5UFE9PQ==,D:\github\exoneracoes_nomeacoes_dou\LAKE\RJ\2013\12\DOERJ_PARTE_I_PODER_EXECUTIVO_2013-12-30.md
RJ,Diario Oficial do Estado do Rio de Janeiro,2013-12-30,Parte I (Poder Executivo),nomeacao,RAFAEL COSME DE MACEDO PEREIRA,,,Secretario,5,Wilson Jose Witzel - Governador,Wilson Jose Witzel,Executivo estadual,sim,RAFAEL COSME:MISC|PEREIRA:LOC|Rafael Cosme De Macedo Pereira:PER,sim,,,"NOMEAR RAFAEL COSME DE MACEDO PEREIRA para exercer, com validade a contar de 01 de janeiro de 2013, o cargo em comissão de Ajudante I, símbolo DAI-1, da",https://www.ioerj.com.br/portal/modules/conteudoonline/mostra_edicao.php?session=VVdwYVJrMUZVVEZOZWtWMFVrUmFRbEpETURCT2FrVjZURlJuTTA1clZYUk5NRTVFVFhwbk5FNUVRWGhPUlZKRVRWUmpNMDlFYTNkTmVrMTNUWGM5UFE9PQ==,D:\github\exoneracoes_nomeacoes_dou\LAKE\RJ\2013\12\DOERJ_PARTE_I_PODER_EXECUTIVO_2013-12-30.md
RJ,Diario Oficial do Estado do Rio de Janeiro,2013-12-30,Parte I (Poder Executivo),nomeacao,LUIS ANTONIO SILVA MONSORES,,,Secretario,5,Wilson Jose Witzel - Governador,Wilson Jose Witzel,Executivo estadual,sim,LUIS ANTONIO SILVA:PER,sim,,,"NOMEAR LUIS ANTONIO SILVA MONSORES para exercer, com validade a contar de 01 de janeiro de 2013, o cargo em comissão de Ajudante I, símbolo DAI-1, da",https://www.ioerj.com.br/portal/modules/conteudoonline/mostra_edicao.php?session=VVdwYVJrMUZVVEZOZWtWMFVrUmFRbEpETURCT2FrVjZURlJuTTA1clZYUk5NRTVFVFhwbk5FNUVRWGhPUlZKRVRWUmpNMDlFYTNkTmVrMTNUWGM5UFE9PQ==,D:\github\exoneracoes_nomeacoes_dou\LAKE\RJ\2013\12\DOERJ_PARTE_I_PODER_EXECUTIVO_2013-12-30.md
RJ,Diario Oficial do Estado do Rio de Janeiro,2013-12-30,Parte I (Poder Executivo),nomeacao,ALEXANDRE PEREIRA SANTIAGO,,,Secretario,5,Wilson Jose Witzel - Governador,Wilson Jose Witzel,Executivo estadual,sim,ALEXANDRE:MISC|Alexandre Pereira Santiago:PER,sim,,,"NOMEAR ALEXANDRE PEREIRA SANTIAGO para exercer, com validade a contar de 01 de janeiro de 2013, o cargo em comissão de Ajudante I, símbolo DAI-1, da",https://www.ioerj.com.br/portal/modules/conteudoonline/mostra_edicao.php?session=VVdwYVJrMUZVVEZOZWtWMFVrUmFRbEpETURCT2FrVjZURlJuTTA1clZYUk5NRTVFVFhwbk5FNUVRWGhPUlZKRVRWUmpNMDlFYTNkTmVrMTNUWGM5UFE9PQ==,D:\github\exoneracoes_nomeacoes_dou\LAKE\RJ\2013\12\DOERJ_PARTE_I_PODER_EXECUTIVO_2013-12-30.md
RJ,Diario Oficial do Estado do Rio de Janeiro,2013-12-30,Parte I (Poder Executivo),nomeacao,ANDRE OLIVEIRA CARDOSO,1939457-8,,Governador,1,Wilson Jose Witzel - Governador,Wilson Jose Witzel,Executivo estadual,sim,ANDRE OLIVEIRA CARDOSO:MISC|Andre Oliveira Cardoso:PER,sim,para exercer o cargo em comissão de Presidente,,"NOMEAR ANDRE OLIVEIRA CARDOSO DA SILVA , ID Funcional nº 1939457-8, para exercer o cargo em comissão de Presidente, símbolo DG, da Junta de Revisão Fiscal, da",https://www.ioerj.com.br/portal/modules/conteudoonline/mostra_edicao.php?session=VVdwYVJrMUZVVEZOZWtWMFVrUmFRbEpETURCT2FrVjZURlJuTTA1clZYUk5NRTVFVFhwbk5FNUVRWGhPUlZKRVRWUmpNMDlFYTNkTmVrMTNUWGM5UFE9PQ==,D:\github\exoneracoes_nomeacoes_dou\LAKE\RJ\2013\12\DOERJ_PARTE_I_PODER_EXECUTIVO_2013-12-30.md
RJ,Diario Oficial do Estado do Rio de Janeiro,2013-12-30,Parte I (Poder Executivo),nomeacao,PAULO DIEGO FERREIRA DE PAULA LEITE,,,Governador,1,Wilson Jose Witzel - Governador,Wilson Jose Witzel,Executivo estadual,sim,PAULO DIEGO:PER,sim,,,"NOMEAR PAULO DIEGO FERREIRA DE PAULA LEITE para exercer, com validade a contar de 01 de janeiro de 2013, o cargo em comissão de Ajudante I, símbolo DAI-1, da",https://www.ioerj.com.br/portal/modules/conteudoonline/mostra_edicao.php?session=VVdwYVJrMUZVVEZOZWtWMFVrUmFRbEpETURCT2FrVjZURlJuTTA1clZYUk5NRTVFVFhwbk5FNUVRWGhPUlZKRVRWUmpNMDlFYTNkTmVrMTNUWGM5UFE9PQ==,D:\github\exoneracoes_nomeacoes_dou\LAKE\RJ\2013\12\DOERJ_PARTE_I_PODER_EXECUTIVO_2013-12-30.md
RJ,Diario Oficial do Estado do Rio de Janeiro,2013-12-30,Parte I (Poder Executivo),nomeacao,FABIO JOSÉ FERREIRA DA CUNHA,,,Governador,1,Wilson Jose Witzel - Governador,Wilson Jose Witzel,Executivo estadual,sim,FABIO JOSÉ FERREIRA DA CUNHA:MISC|Fabio José Ferreira Da Cunha:PER,sim,,,"NOMEAR FABIO JOSÉ FERREIRA DA CUNHA para exercer, com validade a contar de 01 de janeiro de 2013, o cargo em comissão de Ajudante I, símbolo DAI-1, da",https://www.ioerj.com.br/portal/modules/conteudoonline/mostra_edicao.php?session=VVdwYVJrMUZVVEZOZWtWMFVrUmFRbEpETURCT2FrVjZURlJuTTA1clZYUk5NRTVFVFhwbk5FNUVRWGhPUlZKRVRWUmpNMDlFYTNkTmVrMTNUWGM5UFE9PQ==,D:\github\exoneracoes_nomeacoes_dou\LAKE\RJ\2013\12\DOERJ_PARTE_I_PODER_EXECUTIVO_2013-12-30.md
RJ,Diario Oficial do Estado do Rio de Janeiro,2013-12-30,Parte I (Poder Executivo),nomeacao,GABRIEL MOTHÉ,,,Governador,1,Wilson Jose Witzel - Governador,Wilson Jose Witzel,Executivo estadual,sim,GABRIEL MOTHÉ:PER,sim,,,"NOMEAR GABRIEL MOTHÉ para exercer, com validade a contar de 01 de janeiro de 2013, o cargo em comissão de Ajudante I, símbolo DAI-1, da",https://www.ioerj.com.br/portal/modules/conteudoonline/mostra_edicao.php?session=VVdwYVJrMUZVVEZOZWtWMFVrUmFRbEpETURCT2FrVjZURlJuTTA1clZYUk5NRTVFVFhwbk5FNUVRWGhPUlZKRVRWUmpNMDlFYTNkTmVrMTNUWGM5UFE9PQ==,D:\github\exoneracoes_nomeacoes_dou\LAKE\RJ\2013\12\DOERJ_PARTE_I_PODER_EXECUTIVO_2013-12-30.md
RJ,Diario Oficial do Estado do Rio de Janeiro,2013-12-30,Parte I (Poder Executivo),nomeacao,MAURO VINICIUS FERREIRA MIRANDA,,,Governador,1,Wilson Jose Witzel - Governador,Wilson Jose Witzel,Executivo estadual,sim,MAURO VINICIUS FERREIRA MIRANDA:MISC|Mauro Vinicius Ferreira Miranda:PER,sim,,,"NOMEAR MAURO VINICIUS FERREIRA MIRANDA para exercer, com validade a contar de 01 de janeiro de 2013, o cargo em comissão de Ajudante I, símbolo DAI-1, da",https://www.ioerj.com.br/portal/modules/conteudoonline/mostra_edicao.php?session=VVdwYVJrMUZVVEZOZWtWMFVrUmFRbEpETURCT2FrVjZURlJuTTA1clZYUk5NRTVFVFhwbk5FNUVRWGhPUlZKRVRWUmpNMDlFYTNkTmVrMTNUWGM5UFE9PQ==,D:\github\exoneracoes_nomeacoes_dou\LAKE\RJ\2013\12\DOERJ_PARTE_I_PODER_EXECUTIVO_2013-12-30.md
RJ,Diario Oficial do Estado do Rio de Janeiro,2013-12-30,Parte I (Poder Executivo),nomeacao,DANIEL GUIMARÃES LEITE,,,Governador,1,Wilson Jose Witzel - Governador,Wilson Jose Witzel,Executivo estadual,sim,Daniel Guimarães Leite:PER,sim,,,"NOMEAR DANIEL GUIMARÃES LEITE para exercer, com validade a contar de 01 de janeiro de 2013, o cargo em comissão de Ajudante I, símbolo DAI-1, da",https://www.ioerj.com.br/portal/modules/conteudoonline/mostra_edicao.php?session=VVdwYVJrMUZVVEZOZWtWMFVrUmFRbEpETURCT2FrVjZURlJuTTA1clZYUk5NRTVFVFhwbk5FNUVRWGhPUlZKRVRWUmpNMDlFYTNkTmVrMTNUWGM5UFE9PQ==,D:\github\exoneracoes_nomeacoes_dou\LAKE\RJ\2013\12\DOERJ_PARTE_I_PODER_EXECUTIVO_2013-12-30.md
RJ,Diario Oficial do Estado do Rio de Janeiro,2013-12-30,Parte I (Poder Executivo),nomeacao,MARLON DIEMES SANT'ANNA CHAVES,,,Governador,1,Wilson Jose Witzel - Governador,Wilson Jose Witzel,Executivo estadual,sim,MARLON DIEMES:PER,sim,,,"NOMEAR MARLON DIEMES SANT'ANNA CHAVES para exercer, com validade a contar de 01 de janeiro de 2013, o cargo em comissão de Ajudante I, símbolo DAI-1, da",https://www.ioerj.com.br/portal/modules/conteudoonline/mostra_edicao.php?session=VVdwYVJrMUZVVEZOZWtWMFVrUmFRbEpETURCT2FrVjZURlJuTTA1clZYUk5NRTVFVFhwbk5FNUVRWGhPUlZKRVRWUmpNMDlFYTNkTmVrMTNUWGM5UFE9PQ==,D:\github\exoneracoes_nomeacoes_dou\LAKE\RJ\2013\12\DOERJ_PARTE_I_PODER_EXECUTIVO_2013-12-30.md
RJ,Diario Oficial do Estado do Rio de Janeiro,2013-12-30,Parte I (Poder Executivo),nomeacao,FELIPE ZELINO VITORINO MOITINHO,,,Governador,1,Wilson Jose Witzel - Governador,Wilson Jose Witzel,Executivo estadual,sim,FELIPE ZELINO:MISC|Felipe Zelino Vitorino Moitinho:PER,sim,,,"NOMEAR FELIPE ZELINO VITORINO MOITINHO para exercer, com validade a contar de 01 de janeiro de 2013, o cargo em comissão de Ajudante I, símbolo DAI-1, da",https://www.ioerj.com.br/portal/modules/conteudoonline/mostra_edicao.php?session=VVdwYVJrMUZVVEZOZWtWMFVrUmFRbEpETURCT2FrVjZURlJuTTA1clZYUk5NRTVFVFhwbk5FNUVRWGhPUlZKRVRWUmpNMDlFYTNkTmVrMTNUWGM5UFE9PQ==,D:\github\exoneracoes_nomeacoes_dou\LAKE\RJ\2013\12\DOERJ_PARTE_I_PODER_EXECUTIVO_2013-12-30.md
RJ,Diario Oficial do Estado do Rio de Janeiro,2013-12-30,Parte I (Poder Executivo),nomeacao,ADRIAN DE MOURA FRANCISCO,,,Governador,1,Wilson Jose Witzel - Governador,Wilson Jose Witzel,Executivo estadual,sim,MOURA FRANCISCO:LOC|Adrian De Moura Francisco:PER,sim,,,"NOMEAR ADRIAN DE MOURA FRANCISCO para exercer, com validade a contar de 01 de janeiro de 2013, o cargo em comissão de Ajudante I, símbolo DAI-1, da",https://www.ioerj.com.br/portal/modules/conteudoonline/mostra_edicao.php?session=VVdwYVJrMUZVVEZOZWtWMFVrUmFRbEpETURCT2FrVjZURlJuTTA1clZYUk5NRTVFVFhwbk5FNUVRWGhPUlZKRVRWUmpNMDlFYTNkTmVrMTNUWGM5UFE9PQ==,D:\github\exoneracoes_nomeacoes_dou\LAKE\RJ\2013\12\DOERJ_PARTE_I_PODER_EXECUTIVO_2013-12-30.md
RJ,Diario Oficial do Estado do Rio de Janeiro,2013-12-30,Parte I (Poder Executivo),nomeacao,LINCOLN SILVA DE SOUZA,,,Governador,1,Wilson Jose Witzel - Governador,Wilson Jose Witzel,Executivo estadual,sim,LINCOLN SILVA DE SOUZA:PER,sim,,,"NOMEAR LINCOLN SILVA DE SOUZA para exercer, com validade a contar de 01 de janeiro de 2013, o cargo em comissão de Ajudante I, símbolo DAI-1, da",https://www.ioerj.com.br/portal/modules/conteudoonline/mostra_edicao.php?session=VVdwYVJrMUZVVEZOZWtWMFVrUmFRbEpETURCT2FrVjZURlJuTTA1clZYUk5NRTVFVFhwbk5FNUVRWGhPUlZKRVRWUmpNMDlFYTNkTmVrMTNUWGM5UFE9PQ==,D:\github\exoneracoes_nomeacoes_dou\LAKE\RJ\2013\12\DOERJ_PARTE_I_PODER_EXECUTIVO_2013-12-30.md
RJ,Diario Oficial do Estado do Rio de Janeiro,2013-12-30,Parte I (Poder Executivo),nomeacao,ANDRÉ LUIZ SEPULVIDA RAMOS DA SILVA,,,Governador,1,Wilson Jose Witzel - Governador,Wilson Jose Witzel,Executivo estadual,sim,ANDRÉ LUIZ SEPULVIDA RAMOS DA SILVA:PER,sim,,,"NOMEAR ANDRÉ LUIZ SEPULVIDA RAMOS DA SILVA para exercer, com validade a contar de 01 de janeiro de 2013, o cargo em comissão de Ajudante I, símbolo DAI-1, da",https://www.ioerj.com.br/portal/modules/conteudoonline/mostra_edicao.php?session=VVdwYVJrMUZVVEZOZWtWMFVrUmFRbEpETURCT2FrVjZURlJuTTA1clZYUk5NRTVFVFhwbk5FNUVRWGhPUlZKRVRWUmpNMDlFYTNkTmVrMTNUWGM5UFE9PQ==,D:\github\exoneracoes_nomeacoes_dou\LAKE\RJ\2013\12\DOERJ_PARTE_I_PODER_EXECUTIVO_2013-12-30.md
RJ,Diario Oficial do Estado do Rio de Janeiro,2013-12-30,Parte I (Poder Executivo),nomeacao,BENJAMIM OTÁVIO SANTOS DE MORAES,,,Governador,1,Wilson Jose Witzel - Governador,Wilson Jose Witzel,Executivo estadual,sim,BENJAMIM:MISC|MORAES:MISC|Benjamim Otávio Santos:PER,sim,,,"NOMEAR BENJAMIM OTÁVIO SANTOS DE MORAES para exercer, com validade a contar de 01 de janeiro de 2013, o cargo em comissão de Ajudante I, símbolo DAI-1, da",https://www.ioerj.com.br/portal/modules/conteudoonline/mostra_edicao.php?session=VVdwYVJrMUZVVEZOZWtWMFVrUmFRbEpETURCT2FrVjZURlJuTTA1clZYUk5NRTVFVFhwbk5FNUVRWGhPUlZKRVRWUmpNMDlFYTNkTmVrMTNUWGM5UFE9PQ==,D:\github\exoneracoes_nomeacoes_dou\LAKE\RJ\2013\12\DOERJ_PARTE_I_PODER_EXECUTIVO_2013-12-30.md
RJ,Diario Oficial do Estado do Rio de Janeiro,2013-12-30,Parte I (Poder Executivo),nomeacao,CARLOS LUIZ DE OLIVEIRA,,,Governador,1,Wilson Jose Witzel - Governador,Wilson Jose Witzel,Executivo estadual,sim,CARLOS LUIZ DE OLIVEIRA:PER,sim,,,"NOMEAR CARLOS LUIZ DE OLIVEIRA para exercer, com validade a contar de 01 de janeiro de 2013, o cargo em comissão de Ajudante I, símbolo DAI-1, da",https://www.ioerj.com.br/portal/modules/conteudoonline/mostra_edicao.php?session=VVdwYVJrMUZVVEZOZWtWMFVrUmFRbEpETURCT2FrVjZURlJuTTA1clZYUk5NRTVFVFhwbk5FNUVRWGhPUlZKRVRWUmpNMDlFYTNkTmVrMTNUWGM5UFE9PQ==,D:\github\exoneracoes_nomeacoes_dou\LAKE\RJ\2013\12\DOERJ_PARTE_I_PODER_EXECUTIVO_2013-12-30.md
RJ,Diario Oficial do Estado do Rio de Janeiro,2013-12-30,Parte I (Poder Executivo),nomeacao,GILSON DA CONCEIÇÃO FILHO,,,Governador,1,Wilson Jose Witzel - Governador,Wilson Jose Witzel,Executivo estadual,sim,GILSON:MISC|CONCEIÇÃO:ORG|Gilson Da Conceição Filho:PER,sim,,,"NOMEAR GILSON DA CONCEIÇÃO FILHO para exercer, com validade a contar de 01 de janeiro de 2013, o cargo em comissão de Ajudante I, símbolo DAI-1, da",https://www.ioerj.com.br/portal/modules/conteudoonline/mostra_edicao.php?session=VVdwYVJrMUZVVEZOZWtWMFVrUmFRbEpETURCT2FrVjZURlJuTTA1clZYUk5NRTVFVFhwbk5FNUVRWGhPUlZKRVRWUmpNMDlFYTNkTmVrMTNUWGM5UFE9PQ==,D:\github\exoneracoes_nomeacoes_dou\LAKE\RJ\2013\12\DOERJ_PARTE_I_PODER_EXECUTIVO_2013-12-30.md
RJ,Diario Oficial do Estado do Rio de Janeiro,2013-12-30,Parte I (Poder Executivo),nomeacao,MOISES MARTINS E SILVA,,,Governador,1,Wilson Jose Witzel - Governador,Wilson Jose Witzel,Executivo estadual,sim,MOISES MARTINS E SILVA:LOC|Moises Martins E Silva:PER,sim,,,"NOMEAR MOISES MARTINS E SILVA para exercer, com validade a contar de 01 de janeiro de 2013, o cargo em comissão de Ajudante I, símbolo DAI-1, da",https://www.ioerj.com.br/portal/modules/conteudoonline/mostra_edicao.php?session=VVdwYVJrMUZVVEZOZWtWMFVrUmFRbEpETURCT2FrVjZURlJuTTA1clZYUk5NRTVFVFhwbk5FNUVRWGhPUlZKRVRWUmpNMDlFYTNkTmVrMTNUWGM5UFE9PQ==,D:\github\exoneracoes_nomeacoes_dou\LAKE\RJ\2013\12\DOERJ_PARTE_I_PODER_EXECUTIVO_2013-12-30.md
RJ,Diario Oficial do Estado do Rio de Janeiro,2013-12-30,Parte I (Poder Executivo),nomeacao,LEONARDO BEZERRA DE ASSUMPÇÃO,,,Governador,1,Wilson Jose Witzel - Governador,Wilson Jose Witzel,Executivo estadual,sim,LEONARDO BEZERRA DE ASSUMPÇÃO:MISC|Leonardo Bezerra:PER,sim,,,"NOMEAR LEONARDO BEZERRA DE ASSUMPÇÃO para exercer, com validade a contar de 01 de janeiro de 2013, o cargo em comissão de Ajudante I, símbolo DAI-1, da",https://www.ioerj.com.br/portal/modules/conteudoonline/mostra_edicao.php?session=VVdwYVJrMUZVVEZOZWtWMFVrUmFRbEpETURCT2FrVjZURlJuTTA1clZYUk5NRTVFVFhwbk5FNUVRWGhPUlZKRVRWUmpNMDlFYTNkTmVrMTNUWGM5UFE9PQ==,D:\github\exoneracoes_nomeacoes_dou\LAKE\RJ\2013\12\DOERJ_PARTE_I_PODER_EXECUTIVO_2013-12-30.md
RJ,Diario Oficial do Estado do Rio de Janeiro,2013-12-30,Parte I (Poder Executivo),nomeacao,WALLACE JESUS DE OLIVEIRA,,,Governador,1,Wilson Jose Witzel - Governador,Wilson Jose Witzel,Executivo estadual,sim,WALLACE JESUS DE OLIVEIRA:PER,sim,,,"NOMEAR WALLACE JESUS DE OLIVEIRA para exercer, com validade a contar de 01 de janeiro de 2013, o cargo em comis- são de Ajudante I, símbolo DAI-1, da",https://www.ioerj.com.br/portal/modules/conteudoonline/mostra_edicao.php?session=VVdwYVJrMUZVVEZOZWtWMFVrUmFRbEpETURCT2FrVjZURlJuTTA1clZYUk5NRTVFVFhwbk5FNUVRWGhPUlZKRVRWUmpNMDlFYTNkTmVrMTNUWGM5UFE9PQ==,D:\github\exoneracoes_nomeacoes_dou\LAKE\RJ\2013\12\DOERJ_PARTE_I_PODER_EXECUTIVO_2013-12-30.md
RJ,Diario Oficial do Estado do Rio de Janeiro,2013-12-30,Parte I (Poder Executivo),nomeacao,GUILHERME MONTEIRO DE CARVALHO,,,Governador,1,Wilson Jose Witzel - Governador,Wilson Jose Witzel,Executivo estadual,sim,GUILHERME MONTEIRO:PER,sim,,,"NOMEAR GUILHERME MONTEIRO DE CARVALHO para exercer, com validade a contar de 01 de janeiro de 2013, o cargo em comissão de Ajudante I, símbolo DAI-1, da",https://www.ioerj.com.br/portal/modules/conteudoonline/mostra_edicao.php?session=VVdwYVJrMUZVVEZOZWtWMFVrUmFRbEpETURCT2FrVjZURlJuTTA1clZYUk5NRTVFVFhwbk5FNUVRWGhPUlZKRVRWUmpNMDlFYTNkTmVrMTNUWGM5UFE9PQ==,D:\github\exoneracoes_nomeacoes_dou\LAKE\RJ\2013\12\DOERJ_PARTE_I_PODER_EXECUTIVO_2013-12-30.md
RJ,Diario Oficial do Estado do Rio de Janeiro,2013-12-30,Parte I (Poder Executivo),nomeacao,RAFAEL DA SILVA DE SOUSA,,,Governador,1,Wilson Jose Witzel - Governador,Wilson Jose Witzel,Executivo estadual,sim,RAFAEL DA SILVA:PER,sim,,,"NOMEAR RAFAEL DA SILVA DE SOUSA para exercer, com validade a contar de 01 de janeiro de 2013, o cargo em comissão de Ajudante I, símbolo DAI-1, da",https://www.ioerj.com.br/portal/modules/conteudoonline/mostra_edicao.php?session=VVdwYVJrMUZVVEZOZWtWMFVrUmFRbEpETURCT2FrVjZURlJuTTA1clZYUk5NRTVFVFhwbk5FNUVRWGhPUlZKRVRWUmpNMDlFYTNkTmVrMTNUWGM5UFE9PQ==,D:\github\exoneracoes_nomeacoes_dou\LAKE\RJ\2013\12\DOERJ_PARTE_I_PODER_EXECUTIVO_2013-12-30.md
RJ,Diario Oficial do Estado do Rio de Janeiro,2013-12-30,Parte I (Poder Executivo),nomeacao,RICARDO MUNIZ BRANQUINHO JUNIOR,,,Governador,1,Wilson Jose Witzel - Governador,Wilson Jose Witzel,Executivo estadual,sim,RICARDO MUNIZ BRANQUINHO JUNIOR:MISC|Ricardo Muniz Branquinho Junior:PER,sim,,,"NOMEAR RICARDO MUNIZ BRANQUINHO JUNIOR para exercer, com validade a contar de 01 de janeiro de 2013, o cargo em comissão de Ajudante I, símbolo DAI-1, da",https://www.ioerj.com.br/portal/modules/conteudoonline/mostra_edicao.php?session=VVdwYVJrMUZVVEZOZWtWMFVrUmFRbEpETURCT2FrVjZURlJuTTA1clZYUk5NRTVFVFhwbk5FNUVRWGhPUlZKRVRWUmpNMDlFYTNkTmVrMTNUWGM5UFE9PQ==,D:\github\exoneracoes_nomeacoes_dou\LAKE\RJ\2013\12\DOERJ_PARTE_I_PODER_EXECUTIVO_2013-12-30.md
RJ,Diario Oficial do Estado do Rio de Janeiro,2013-12-30,Parte I (Poder Executivo),nomeacao,MARIO LUCIO PINTO DE OLIVEIRA DO COUTO,,,Governador,1,Wilson Jose Witzel - Governador,Wilson Jose Witzel,Executivo estadual,sim,MARIO LUCIO PINTO:MISC|COUTO:MISC|Mario Lucio Pinto De Oliveira Do Couto:PER,sim,,,"NOMEAR MARIO LUCIO PINTO DE OLIVEIRA DO COUTO para exercer, com validade a contar de 01 de janeiro de 2013, o cargo em comissão de Ajudante I, símbolo DAI-1, da",https://www.ioerj.com.br/portal/modules/conteudoonline/mostra_edicao.php?session=VVdwYVJrMUZVVEZOZWtWMFVrUmFRbEpETURCT2FrVjZURlJuTTA1clZYUk5NRTVFVFhwbk5FNUVRWGhPUlZKRVRWUmpNMDlFYTNkTmVrMTNUWGM5UFE9PQ==,D:\github\exoneracoes_nomeacoes_dou\LAKE\RJ\2013\12\DOERJ_PARTE_I_PODER_EXECUTIVO_2013-12-30.md
RJ,Diario Oficial do Estado do Rio de Janeiro,2013-12-30,Parte I (Poder Executivo),nomeacao,LEONARDO GOMES DANTAS,,,Governador,1,Wilson Jose Witzel - Governador,Wilson Jose Witzel,Executivo estadual,sim,LEONARDO GOMES DANTAS:MISC|Leonardo Gomes Dantas:PER,sim,,,"NOMEAR LEONARDO GOMES DANTAS para exercer, com validade a contar de 01 de janeiro de 2013, o cargo em comissão de Ajudante I, símbolo DAI-1, da",https://www.ioerj.com.br/portal/modules/conteudoonline/mostra_edicao.php?session=VVdwYVJrMUZVVEZOZWtWMFVrUmFRbEpETURCT2FrVjZURlJuTTA1clZYUk5NRTVFVFhwbk5FNUVRWGhPUlZKRVRWUmpNMDlFYTNkTmVrMTNUWGM5UFE9PQ==,D:\github\exoneracoes_nomeacoes_dou\LAKE\RJ\2013\12\DOERJ_PARTE_I_PODER_EXECUTIVO_2013-12-30.md
RJ,Diario Oficial do Estado do Rio de Janeiro,2013-12-30,Parte I (Poder Executivo),nomeacao,JULIO COSTA DA SILVA,,,Governador,1,Wilson Jose Witzel - Governador,Wilson Jose Witzel,Executivo estadual,sim,JULIO COSTA DA SILVA:MISC|Julio Costa Da Silva:PER,sim,,,"NOMEAR JULIO COSTA DA SILVA para exercer, com validade a contar de 01 de janeiro de 2013, o cargo em comissão de Ajudante I, símbolo DAI-1, da",https://www.ioerj.com.br/portal/modules/conteudoonline/mostra_edicao.php?session=VVdwYVJrMUZVVEZOZWtWMFVrUmFRbEpETURCT2FrVjZURlJuTTA1clZYUk5NRTVFVFhwbk5FNUVRWGhPUlZKRVRWUmpNMDlFYTNkTmVrMTNUWGM5UFE9PQ==,D:\github\exoneracoes_nomeacoes_dou\LAKE\RJ\2013\12\DOERJ_PARTE_I_PODER_EXECUTIVO_2013-12-30.md
RJ,Diario Oficial do Estado do Rio de Janeiro,2013-12-30,Parte I (Poder Executivo),nomeacao,BRUNO ROBERTO MARTINS DOS SANTOS,,,Governador,1,Wilson Jose Witzel - Governador,Wilson Jose Witzel,Executivo estadual,sim,DOS SANTOS:MISC|Roberto Martins Dos Santos:PER,sim,,,"NOMEAR BRUNO ROBERTO MARTINS DOS SANTOS para exercer, com validade a contar de 01 de janeiro de 2013, o cargo em comissão de Ajudante I, símbolo DAI-1, da",https://www.ioerj.com.br/portal/modules/conteudoonline/mostra_edicao.php?session=VVdwYVJrMUZVVEZOZWtWMFVrUmFRbEpETURCT2FrVjZURlJuTTA1clZYUk5NRTVFVFhwbk5FNUVRWGhPUlZKRVRWUmpNMDlFYTNkTmVrMTNUWGM5UFE9PQ==,D:\github\exoneracoes_nomeacoes_dou\LAKE\RJ\2013\12\DOERJ_PARTE_I_PODER_EXECUTIVO_2013-12-30.md
RJ,Diario Oficial do Estado do Rio de Janeiro,2013-12-30,Parte I (Poder Executivo),nomeacao,D'ONATAN DIEMES SANT'ANNA CHAVES,,,Governador,1,Wilson Jose Witzel - Governador,Wilson Jose Witzel,Executivo estadual,sim,D'ONATAN DIEMES:PER,sim,,,"NOMEAR D'ONATAN DIEMES SANT'ANNA CHAVES para exercer, com validade a contar de 01 de janeiro de 2013, o cargo em comissão de Ajudante I, símbolo DAI-1, da",https://www.ioerj.com.br/portal/modules/conteudoonline/mostra_edicao.php?session=VVdwYVJrMUZVVEZOZWtWMFVrUmFRbEpETURCT2FrVjZURlJuTTA1clZYUk5NRTVFVFhwbk5FNUVRWGhPUlZKRVRWUmpNMDlFYTNkTmVrMTNUWGM5UFE9PQ==,D:\github\exoneracoes_nomeacoes_dou\LAKE\RJ\2013\12\DOERJ_PARTE_I_PODER_EXECUTIVO_2013-12-30.md
RJ,Diario Oficial do Estado do Rio de Janeiro,2013-12-30,Parte I (Poder Executivo),nomeacao,DANIEL DA SILVA XAVIER,,,Governador,1,Wilson Jose Witzel - Governador,Wilson Jose Witzel,Executivo estadual,sim,DANIEL DA SILVA XAVIER:PER,sim,,,"NOMEAR DANIEL DA SILVA XAVIER para exercer, com validade a contar de 01 de janeiro de 2013, o cargo em comissão de Ajudante I, símbolo DAI-1, da",https://www.ioerj.com.br/portal/modules/conteudoonline/mostra_edicao.php?session=VVdwYVJrMUZVVEZOZWtWMFVrUmFRbEpETURCT2FrVjZURlJuTTA1clZYUk5NRTVFVFhwbk5FNUVRWGhPUlZKRVRWUmpNMDlFYTNkTmVrMTNUWGM5UFE9PQ==,D:\github\exoneracoes_nomeacoes_dou\LAKE\RJ\2013\12\DOERJ_PARTE_I_PODER_EXECUTIVO_2013-12-30.md
RJ,Diario Oficial do Estado do Rio de Janeiro,2013-12-30,Parte I (Poder Executivo),nomeacao,JUSSARA FARIA DE CAMPOS,,,Governador,1,Wilson Jose Witzel - Governador,Wilson Jose Witzel,Executivo estadual,sim,JUSSARA FARIA:PER,sim,,,"NOMEAR JUSSARA FARIA DE CAMPOS para exercer, com validade a contar de 01 de janeiro de 2013, o cargo em comissão de Ajudante I, símbolo DAI-1, da",https://www.ioerj.com.br/portal/modules/conteudoonline/mostra_edicao.php?session=VVdwYVJrMUZVVEZOZWtWMFVrUmFRbEpETURCT2FrVjZURlJuTTA1clZYUk5NRTVFVFhwbk5FNUVRWGhPUlZKRVRWUmpNMDlFYTNkTmVrMTNUWGM5UFE9PQ==,D:\github\exoneracoes_nomeacoes_dou\LAKE\RJ\2013\12\DOERJ_PARTE_I_PODER_EXECUTIVO_2013-12-30.md
RJ,Diario Oficial do Estado do Rio de Janeiro,2013-12-30,Parte I (Poder Executivo),nomeacao,SIMONE DA SILVEIRA SARMENTO GONÇALVES,,,Governador,1,Wilson Jose Witzel - Governador,Wilson Jose Witzel,Executivo estadual,sim,SILVEIRA SARMENTO GONÇALVES:MISC|Simone Da Silveira Sarmento Gonçalves:PER,sim,,,"NOMEAR SIMONE DA SILVEIRA SARMENTO GONÇALVES para exercer, com validade a contar de 01 de janeiro de 2013, o cargo em comissão de Ajudante I, símbolo DAI-1, da",https://www.ioerj.com.br/portal/modules/conteudoonline/mostra_edicao.php?session=VVdwYVJrMUZVVEZOZWtWMFVrUmFRbEpETURCT2FrVjZURlJuTTA1clZYUk5NRTVFVFhwbk5FNUVRWGhPUlZKRVRWUmpNMDlFYTNkTmVrMTNUWGM5UFE9PQ==,D:\github\exoneracoes_nomeacoes_dou\LAKE\RJ\2013\12\DOERJ_PARTE_I_PODER_EXECUTIVO_2013-12-30.md
RJ,Diario Oficial do Estado do Rio de Janeiro,2013-12-30,Parte I (Poder Executivo),nomeacao,LEONARDO SCHUMANN MONTEIRO,,,Governador,1,Wilson Jose Witzel - Governador,Wilson Jose Witzel,Executivo estadual,sim,LEONARDO SCHUMANN MONTEIRO:PER,sim,,,"NOMEAR LEONARDO SCHUMANN MONTEIRO para exercer, com validade a contar de 01 de janeiro de 2013, o cargo em comissão de Ajudante I, símbolo DAI-1, da",https://www.ioerj.com.br/portal/modules/conteudoonline/mostra_edicao.php?session=VVdwYVJrMUZVVEZOZWtWMFVrUmFRbEpETURCT2FrVjZURlJuTTA1clZYUk5NRTVFVFhwbk5FNUVRWGhPUlZKRVRWUmpNMDlFYTNkTmVrMTNUWGM5UFE9PQ==,D:\github\exoneracoes_nomeacoes_dou\LAKE\RJ\2013\12\DOERJ_PARTE_I_PODER_EXECUTIVO_2013-12-30.md
RJ,Diario Oficial do Estado do Rio de Janeiro,2013-12-30,Parte I (Poder Executivo),nomeacao,GABRIEL LUIZ SANTOS FEIJÓ,,,Governador,1,Wilson Jose Witzel - Governador,Wilson Jose Witzel,Executivo estadual,sim,Gabriel Luiz Santos Feijó:PER,sim,,,"NOMEAR GABRIEL LUIZ SANTOS FEIJÓ para exercer, com validade a contar de 01 de janeiro de 2013, o cargo em comissão de Ajudante I, símbolo DAI-1, da",https://www.ioerj.com.br/portal/modules/conteudoonline/mostra_edicao.php?session=VVdwYVJrMUZVVEZOZWtWMFVrUmFRbEpETURCT2FrVjZURlJuTTA1clZYUk5NRTVFVFhwbk5FNUVRWGhPUlZKRVRWUmpNMDlFYTNkTmVrMTNUWGM5UFE9PQ==,D:\github\exoneracoes_nomeacoes_dou\LAKE\RJ\2013\12\DOERJ_PARTE_I_PODER_EXECUTIVO_2013-12-30.md
RJ,Diario Oficial do Estado do Rio de Janeiro,2013-12-30,Parte I (Poder Executivo),nomeacao,LEANDRO NASCIMENTO DE JESUS,,,Governador,1,Wilson Jose Witzel - Governador,Wilson Jose Witzel,Executivo estadual,sim,LEANDRO NASCIMENTO DE JESUS:MISC|Leandro Nascimento De Jesus:PER,sim,,,"NOMEAR LEANDRO NASCIMENTO DE JESUS para exercer, com validade a contar de 01 de janeiro de 2013, o cargo em comissão de Ajudante I, símbolo DAI-1, da",https://www.ioerj.com.br/portal/modules/conteudoonline/mostra_edicao.php?session=VVdwYVJrMUZVVEZOZWtWMFVrUmFRbEpETURCT2FrVjZURlJuTTA1clZYUk5NRTVFVFhwbk5FNUVRWGhPUlZKRVRWUmpNMDlFYTNkTmVrMTNUWGM5UFE9PQ==,D:\github\exoneracoes_nomeacoes_dou\LAKE\RJ\2013\12\DOERJ_PARTE_I_PODER_EXECUTIVO_2013-12-30.md
RJ,Diario Oficial do Estado do Rio de Janeiro,2013-12-30,Parte I (Poder Executivo),nomeacao,JOSÉ HENRIQUE GALDINO,,,Governador,1,Wilson Jose Witzel - Governador,Wilson Jose Witzel,Executivo estadual,sim,JOSÉ HENRIQUE GALDINO:PER,sim,,,"NOMEAR JOSÉ HENRIQUE GALDINO para exercer, com validade a contar de 01 de janeiro de 2013, o cargo em comissão de Ajudante I, símbolo DAI-1, da",https://www.ioerj.com.br/portal/modules/conteudoonline/mostra_edicao.php?session=VVdwYVJrMUZVVEZOZWtWMFVrUmFRbEpETURCT2FrVjZURlJuTTA1clZYUk5NRTVFVFhwbk5FNUVRWGhPUlZKRVRWUmpNMDlFYTNkTmVrMTNUWGM5UFE9PQ==,D:\github\exoneracoes_nomeacoes_dou\LAKE\RJ\2013\12\DOERJ_PARTE_I_PODER_EXECUTIVO_2013-12-30.md
RJ,Diario Oficial do Estado do Rio de Janeiro,2013-12-30,Parte I (Poder Executivo),nomeacao,AEZIO TEIXEIRA SANTOS,,,Governador,1,Wilson Jose Witzel - Governador,Wilson Jose Witzel,Executivo estadual,sim,AEZIO TEIXEIRA SANTOS:ORG|Aezio Teixeira Santos:PER,sim,,,"NOMEAR AEZIO TEIXEIRA SANTOS para exercer, com validade a contar de 01 de janeiro de 2013, o cargo em comissão de Ajudante I, símbolo DAI-1, da",https://www.ioerj.com.br/portal/modules/conteudoonline/mostra_edicao.php?session=VVdwYVJrMUZVVEZOZWtWMFVrUmFRbEpETURCT2FrVjZURlJuTTA1clZYUk5NRTVFVFhwbk5FNUVRWGhPUlZKRVRWUmpNMDlFYTNkTmVrMTNUWGM5UFE9PQ==,D:\github\exoneracoes_nomeacoes_dou\LAKE\RJ\2013\12\DOERJ_PARTE_I_PODER_EXECUTIVO_2013-12-30.md
RJ,Diario Oficial do Estado do Rio de Janeiro,2013-12-30,Parte I (Poder Executivo),nomeacao,SERGIO CHAVES DA SILVA,,,Governador,1,Wilson Jose Witzel - Governador,Wilson Jose Witzel,Executivo estadual,sim,SERGIO:ORG|Sergio Chaves:PER,sim,,,"NOMEAR SERGIO CHAVES DA SILVA para exercer, com validade a contar de 01 de janeiro de 2013, o cargo em comissão de Ajudante I, símbolo DAI-1, da",https://www.ioerj.com.br/portal/modules/conteudoonline/mostra_edicao.php?session=VVdwYVJrMUZVVEZOZWtWMFVrUmFRbEpETURCT2FrVjZURlJuTTA1clZYUk5NRTVFVFhwbk5FNUVRWGhPUlZKRVRWUmpNMDlFYTNkTmVrMTNUWGM5UFE9PQ==,D:\github\exoneracoes_nomeacoes_dou\LAKE\RJ\2013\12\DOERJ_PARTE_I_PODER_EXECUTIVO_2013-12-30.md
RJ,Diario Oficial do Estado do Rio de Janeiro,2013-12-30,Parte I (Poder Executivo),nomeacao,NELSON TEIXEIRA RAMIRES,,,Governador,1,Wilson Jose Witzel - Governador,Wilson Jose Witzel,Executivo estadual,sim,NELSON TEIXEIRA RAMIRES:MISC|Nelson Teixeira Ramires:PER,sim,,,"NOMEAR NELSON TEIXEIRA RAMIRES para exercer, com validade a contar de 01 de janeiro de 2013, o cargo em comissão de Ajudante I, símbolo DAI-1, da",https://www.ioerj.com.br/portal/modules/conteudoonline/mostra_edicao.php?session=VVdwYVJrMUZVVEZOZWtWMFVrUmFRbEpETURCT2FrVjZURlJuTTA1clZYUk5NRTVFVFhwbk5FNUVRWGhPUlZKRVRWUmpNMDlFYTNkTmVrMTNUWGM5UFE9PQ==,D:\github\exoneracoes_nomeacoes_dou\LAKE\RJ\2013\12\DOERJ_PARTE_I_PODER_EXECUTIVO_2013-12-30.md
RJ,Diario Oficial do Estado do Rio de Janeiro,2013-12-30,Parte I (Poder Executivo),nomeacao,ANDRÉ MONCORES PORTES,,,Governador,1,Wilson Jose Witzel - Governador,Wilson Jose Witzel,Executivo estadual,sim,ANDRÉ MONCORES:MISC|André Moncores Portes:PER,sim,,,"NOMEAR ANDRÉ MONCORES PORTES para exercer, com validade a contar de 01 de janeiro de 2013, o cargo em comissão de Ajudante I, símbolo DAI-1, da",https://www.ioerj.com.br/portal/modules/conteudoonline/mostra_edicao.php?session=VVdwYVJrMUZVVEZOZWtWMFVrUmFRbEpETURCT2FrVjZURlJuTTA1clZYUk5NRTVFVFhwbk5FNUVRWGhPUlZKRVRWUmpNMDlFYTNkTmVrMTNUWGM5UFE9PQ==,D:\github\exoneracoes_nomeacoes_dou\LAKE\RJ\2013\12\DOERJ_PARTE_I_PODER_EXECUTIVO_2013-12-30.md
RJ,Diario Oficial do Estado do Rio de Janeiro,2013-12-30,Parte I (Poder Executivo),nomeacao,MESSIAS ELIAS DA SILVA,,,Governador,1,Wilson Jose Witzel - Governador,Wilson Jose Witzel,Executivo estadual,sim,MESSIAS:MISC|Messias Elias:PER,sim,,,"NOMEAR MESSIAS ELIAS DA SILVA para exercer, com validade a contar de 01 de janeiro de 2013, o cargo em comissão de Ajudante I, símbolo DAI-1, da",https://www.ioerj.com.br/portal/modules/conteudoonline/mostra_edicao.php?session=VVdwYVJrMUZVVEZOZWtWMFVrUmFRbEpETURCT2FrVjZURlJuTTA1clZYUk5NRTVFVFhwbk5FNUVRWGhPUlZKRVRWUmpNMDlFYTNkTmVrMTNUWGM5UFE9PQ==,D:\github\exoneracoes_nomeacoes_dou\LAKE\RJ\2013\12\DOERJ_PARTE_I_PODER_EXECUTIVO_2013-12-30.md
RJ,Diario Oficial do Estado do Rio de Janeiro,2013-12-30,Parte I (Poder Executivo),nomeacao,GILBERTO FREITAS DE MORAES,,,Governador,1,Wilson Jose Witzel - Governador,Wilson Jose Witzel,Executivo estadual,sim,GILBERTO FREITAS DE MORAES:MISC|Gilberto Freitas De Moraes:PER,sim,,,"NOMEAR GILBERTO FREITAS DE MORAES para exercer, com validade a contar de 01 de janeiro de 2013, o cargo em comissão de Ajudante I, símbolo DAI-1, da",https://www.ioerj.com.br/portal/modules/conteudoonline/mostra_edicao.php?session=VVdwYVJrMUZVVEZOZWtWMFVrUmFRbEpETURCT2FrVjZURlJuTTA1clZYUk5NRTVFVFhwbk5FNUVRWGhPUlZKRVRWUmpNMDlFYTNkTmVrMTNUWGM5UFE9PQ==,D:\github\exoneracoes_nomeacoes_dou\LAKE\RJ\2013\12\DOERJ_PARTE_I_PODER_EXECUTIVO_2013-12-30.md
RJ,Diario Oficial do Estado do Rio de Janeiro,2013-12-30,Parte I (Poder Executivo),exoneracao,GLAUCIA VASQUES DE OLIVEIRA DE AZEVEDO,,ATOS DO,Diretor,8,Wilson Jose Witzel - Governador,Wilson Jose Witzel,Executivo estadual,sim,GLAUCIA:ORG|OLIVEIRA:ORG|Glaucia Vasques De Oliveira De Azevedo:PER,sim,do cargo de livre provimento de CHEFE DE RH DAS UPS'S,da Fundação Saúde do Estado do Rio de Janeiro,"EXONERAR GLAUCIA VASQUES DE OLIVEIRA DE AZEVEDO, matrícula FS 6358-6, a contar de 30/12/2013, do cargo de livre provimento de CHEFE DE RH DAS UPS'S, símbolo CH, da Gerência de Provisão e Administração de Pessoas, da Diretoria de Recursos Humanos, da Fundação Saúde do Estado do Rio de Janeiro. <!-- image --> ESTADO DO RIO DE DO JANEIRO ## ATOS DO DIRETOR EXECUTIVO DE 18/12/2013 PORTARIA FS/DE Nº 237 DE 18 DE DEZEMBRO DE 2013. INSTITUI COMISSÃO PARA APURAÇÃO DOS FATOS NARRADOS, REFERENTE AO PROCESSO ABAIXO MENCIONADO, E DÁ OUTRAS PROVIDÊNCIAS. O DIRETOR-EXECUTIVO DA FUNDAÇÃO SAÚDE DO ESTADO DO RIO DE JANEIRO, no uso de suas atribuições legais e considerando o que dispõe a Lei nº 5.164, de 17 de dezembro de 2007, regulamentada pelo",https://www.ioerj.com.br/portal/modules/conteudoonline/mostra_edicao.php?session=VVdwYVJrMUZVVEZOZWtWMFVrUmFRbEpETURCT2FrVjZURlJuTTA1clZYUk5NRTVFVFhwbk5FNUVRWGhPUlZKRVRWUmpNMDlFYTNkTmVrMTNUWGM5UFE9PQ==,D:\github\exoneracoes_nomeacoes_dou\LAKE\RJ\2013\12\DOERJ_PARTE_I_PODER_EXECUTIVO_2013-12-30.md
RJ,Diario Oficial do Estado do Rio de Janeiro,2013-12-27,Parte I (Poder Executivo),nomeacao,CÉSAR FRANCISCO FERRAZ MASTRANGELO,,,Governador,1,Wilson Jose Witzel - Governador,Wilson Jose Witzel,Executivo estadual,sim,CÉSAR FRANCISCO FERRAZ:PER,sim,,,"NOMEAR CÉSAR FRANCISCO FERRAZ MASTRANGELO para exercer, com mandato de 04 (quatro) anos, o cargo de Conselheiro, símbolo SE, do Conselho-Diretor da Agência Reguladora de Serviços Públicos Concedidos de Transportes Aquaviários, Ferroviários e Metroviários e de Rodovias do Estado do Rio de Janeiro - AGETRANSP, da",https://www.ioerj.com.br/portal/modules/conteudoonline/mostra_edicao.php?session=VFZWSmVWSnFTa05TUkVWMFVrVktSRkpETURCTmEwcEhURlJvUmxKVVVYUk5lbWQ0VGxSYVJrOVZWVE5OYTFFeVRWUmpNMDlFYTNkTmVtTXlUMUU5UFE9PQ==,D:\github\exoneracoes_nomeacoes_dou\LAKE\RJ\2013\12\DOERJ_PARTE_I_PODER_EXECUTIVO_2013-12-27.md
RJ,Diario Oficial do Estado do Rio de Janeiro,2013-12-27,Parte I (Poder Executivo),nomeacao,ARTHUR VIEIRA BASTOS,,,Governador,1,Wilson Jose Witzel - Governador,Wilson Jose Witzel,Executivo estadual,sim,ARTHUR VIEIRA BASTOS:PER,sim,,,"NOMEAR ARTHUR VIEIRA BASTOS para exercer, com mandato de 04 (quatro) anos, o cargo de Conselheiro, símbolo SE, do ConselhoDiretor da Agência Reguladora de Serviços Públicos Concedidos de Transportes Aquaviários, Ferroviários e Metroviários e de Rodovias do Estado do Rio de Janeiro - AGETRANSP, da",https://www.ioerj.com.br/portal/modules/conteudoonline/mostra_edicao.php?session=VFZWSmVWSnFTa05TUkVWMFVrVktSRkpETURCTmEwcEhURlJvUmxKVVVYUk5lbWQ0VGxSYVJrOVZWVE5OYTFFeVRWUmpNMDlFYTNkTmVtTXlUMUU5UFE9PQ==,D:\github\exoneracoes_nomeacoes_dou\LAKE\RJ\2013\12\DOERJ_PARTE_I_PODER_EXECUTIVO_2013-12-27.md
RJ,Diario Oficial do Estado do Rio de Janeiro,2013-12-27,Parte I (Poder Executivo),nomeacao,MARIA APARECIDA GAMA DE SOUZA LOUREIRO,,,Governador,1,Wilson Jose Witzel - Governador,Wilson Jose Witzel,Executivo estadual,sim,MARIA APARECIDA GAMA:PER,sim,,,"NOMEAR MARIA APARECIDA GAMA DE SOUZA LOUREIRO para exercer, com mandato de 04 (quatro) anos, o cargo de Conselheiro, símbolo SE, do Conselho-Diretor da Agência Reguladora de Serviços Públicos Concedidos de Transportes Aquaviários, Ferroviários e Metroviários e de Rodovias do Estado do Rio de Janeiro - AGETRANSP, da",https://www.ioerj.com.br/portal/modules/conteudoonline/mostra_edicao.php?session=VFZWSmVWSnFTa05TUkVWMFVrVktSRkpETURCTmEwcEhURlJvUmxKVVVYUk5lbWQ0VGxSYVJrOVZWVE5OYTFFeVRWUmpNMDlFYTNkTmVtTXlUMUU5UFE9PQ==,D:\github\exoneracoes_nomeacoes_dou\LAKE\RJ\2013\12\DOERJ_PARTE_I_PODER_EXECUTIVO_2013-12-27.md
RJ,Diario Oficial do Estado do Rio de Janeiro,2013-12-27,Parte I (Poder Executivo),nomeacao,LUCINEIDE PEREIRA CABRAL MARCHI,,,Governador,1,Wilson Jose Witzel - Governador,Wilson Jose Witzel,Executivo estadual,sim,CABRAL MARCHI:PER,sim,,,"NOMEAR LUCINEIDE PEREIRA CABRAL MARCHI para exercer, com mandato de 04 (quatro) anos, o cargo de Conselheiro, símbolo SE, do Conselho-Diretor da Agência Reguladora de Serviços Públicos Concedidos de Transportes Aquaviários, Ferroviários e Metroviários e de Rodovias do Estado do Rio de Janeiro - AGETRANSP, da",https://www.ioerj.com.br/portal/modules/conteudoonline/mostra_edicao.php?session=VFZWSmVWSnFTa05TUkVWMFVrVktSRkpETURCTmEwcEhURlJvUmxKVVVYUk5lbWQ0VGxSYVJrOVZWVE5OYTFFeVRWUmpNMDlFYTNkTmVtTXlUMUU5UFE9PQ==,D:\github\exoneracoes_nomeacoes_dou\LAKE\RJ\2013\12\DOERJ_PARTE_I_PODER_EXECUTIVO_2013-12-27.md
RJ,Diario Oficial do Estado do Rio de Janeiro,2013-12-27,Parte I (Poder Executivo),nomeacao,CARLOS CORREA,,,Governador,1,Wilson Jose Witzel - Governador,Wilson Jose Witzel,Executivo estadual,sim,CARLOS CORREA:PER,sim,,,"NOMEAR CARLOS CORREA para exercer, com mandato de 04 (quatro) anos, o cargo de Conselheiro, símbolo SE, do Conselho-Diretor da Agência Reguladora de Serviços Públicos Concedidos de Transportes Aquaviários, Ferroviários e Metroviários e de Rodovias do Estado do Rio de Janeiro - AGETRANSP, da",https://www.ioerj.com.br/portal/modules/conteudoonline/mostra_edicao.php?session=VFZWSmVWSnFTa05TUkVWMFVrVktSRkpETURCTmEwcEhURlJvUmxKVVVYUk5lbWQ0VGxSYVJrOVZWVE5OYTFFeVRWUmpNMDlFYTNkTmVtTXlUMUU5UFE9PQ==,D:\github\exoneracoes_nomeacoes_dou\LAKE\RJ\2013\12\DOERJ_PARTE_I_PODER_EXECUTIVO_2013-12-27.md
RJ,Diario Oficial do Estado do Rio de Janeiro,2013-12-27,Parte I (Poder Executivo),nomeacao,CICERO RODRIGUES SOARES JUNIOR,1993905-1,,Governador,1,Wilson Jose Witzel - Governador,Wilson Jose Witzel,Executivo estadual,sim,CICERO RODRIGUES:PER,sim,,da Subsecretaria-Adjunta de Gestão Operacional,"NOMEAR CICERO RODRIGUES SOARES JUNIOR, Inspetor de Segurança e Administração Penitenciária, ID Funcional nº 1993905-1, para exercer, com validade a contar de 03 de setembro de 2013, o cargo em comissão de Diretor, símbolo DAS-7, da Casa do Albergado Crispim Ventino, da Coordenação de Unidades Prisionais do Grande Rio, da Subsecretaria-Adjunta de Gestão Operacional, da",https://www.ioerj.com.br/portal/modules/conteudoonline/mostra_edicao.php?session=VFZWSmVWSnFTa05TUkVWMFVrVktSRkpETURCTmEwcEhURlJvUmxKVVVYUk5lbWQ0VGxSYVJrOVZWVE5OYTFFeVRWUmpNMDlFYTNkTmVtTXlUMUU5UFE9PQ==,D:\github\exoneracoes_nomeacoes_dou\LAKE\RJ\2013\12\DOERJ_PARTE_I_PODER_EXECUTIVO_2013-12-27.md
RJ,Diario Oficial do Estado do Rio de Janeiro,2013-12-27,Parte I (Poder Executivo),nomeacao,OCTÁVIO VIDAL,2025678-7,,Governador,1,Wilson Jose Witzel - Governador,Wilson Jose Witzel,Executivo estadual,sim,Octávio Vidal:PER,sim,,,"NOMEAR OCTÁVIO VIDAL DA SILVEIRA , ID Funcional nº 2025678-7, para exercer, com validade a contar de 01 de outubro de 2013, o cargo em comissão de Assessor, símbolo DAS-8, da",https://www.ioerj.com.br/portal/modules/conteudoonline/mostra_edicao.php?session=VFZWSmVWSnFTa05TUkVWMFVrVktSRkpETURCTmEwcEhURlJvUmxKVVVYUk5lbWQ0VGxSYVJrOVZWVE5OYTFFeVRWUmpNMDlFYTNkTmVtTXlUMUU5UFE9PQ==,D:\github\exoneracoes_nomeacoes_dou\LAKE\RJ\2013\12\DOERJ_PARTE_I_PODER_EXECUTIVO_2013-12-27.md
RJ,Diario Oficial do Estado do Rio de Janeiro,2013-12-26,Parte I (Poder Executivo),nomeacao,ALMIR PEREIRA BARBOSA,,,Secretario,5,Wilson Jose Witzel - Governador,Wilson Jose Witzel,Executivo estadual,sim,PEREIRA:LOC|BARBOSA:MISC|Almir Pereira Barbosa:PER,sim,,,"NOMEAR ALMIR PEREIRA BARBOSA para exercer, com validade a contar de 01 de novembro de 2013, o cargo em comissão de Ajudante I, símbolo DAI-1, da",https://www.ioerj.com.br/portal/modules/conteudoonline/mostra_edicao.php?session=VDBWSk1VMHdUa1pOZWtWMFVtcFJlVTVUTURCU1JWRjNURlZGZUU1RWEzUk9WRUV4VFVScmVFMUVVVFJOUlVwRlRWUmpNMDlFYTNkT1JFMHlUVkU5UFE9PQ==,D:\github\exoneracoes_nomeacoes_dou\LAKE\RJ\2013\12\DOERJ_PARTE_I_PODER_EXECUTIVO_2013-12-26.md
RJ,Diario Oficial do Estado do Rio de Janeiro,2013-12-26,Parte I (Poder Executivo),nomeacao,JULIANA DA SILVA,,,Secretario,5,Wilson Jose Witzel - Governador,Wilson Jose Witzel,Executivo estadual,sim,JULIANA DA SILVA:PER,sim,,,"NOMEAR JULIANA DA SILVA para exercer, com validade a contar de 27 de novembro de 2013, o cargo em comissão de Ajudante I, símbolo DAI-1, da",https://www.ioerj.com.br/portal/modules/conteudoonline/mostra_edicao.php?session=VDBWSk1VMHdUa1pOZWtWMFVtcFJlVTVUTURCU1JWRjNURlZGZUU1RWEzUk9WRUV4VFVScmVFMUVVVFJOUlVwRlRWUmpNMDlFYTNkT1JFMHlUVkU5UFE9PQ==,D:\github\exoneracoes_nomeacoes_dou\LAKE\RJ\2013\12\DOERJ_PARTE_I_PODER_EXECUTIVO_2013-12-26.md
RJ,Diario Oficial do Estado do Rio de Janeiro,2013-12-26,Parte I (Poder Executivo),nomeacao,ELLEN CARDOSO TEIXEIRA PINTO,,,Secretario,5,Wilson Jose Witzel - Governador,Wilson Jose Witzel,Executivo estadual,sim,ELLEN CARDOSO TEIXEIRA PINTO:MISC|Ellen Cardoso Teixeira Pinto:PER,sim,para exercer o cargo em comissão de Assistente II,da Subsecretaria de Fazenda para Assuntos Jurídicos,"NOMEAR ELLEN CARDOSO TEIXEIRA PINTO para exercer o cargo em comissão de Assistente II, símbolo DAI-6, da Subsecretaria de Fazenda para Assuntos Jurídicos, da",https://www.ioerj.com.br/portal/modules/conteudoonline/mostra_edicao.php?session=VDBWSk1VMHdUa1pOZWtWMFVtcFJlVTVUTURCU1JWRjNURlZGZUU1RWEzUk9WRUV4VFVScmVFMUVVVFJOUlVwRlRWUmpNMDlFYTNkT1JFMHlUVkU5UFE9PQ==,D:\github\exoneracoes_nomeacoes_dou\LAKE\RJ\2013\12\DOERJ_PARTE_I_PODER_EXECUTIVO_2013-12-26.md
RJ,Diario Oficial do Estado do Rio de Janeiro,2013-12-26,Parte I (Poder Executivo),exoneracao,FELIPE FARIA,,,Secretario,5,Wilson Jose Witzel - Governador,Wilson Jose Witzel,Executivo estadual,sim,FELIPE FARIA:PER,sim,do cargo em comissão de Plantonista do Dia,da Superintendência de Unidades Próprias,"EXONERAR FELIPE FARIA DA SILVA TEODORO , ID. Funcional nº 4339682-8, do cargo em comissão de Plantonista do Dia, símbolo DAI-6, da Divisão Técnica, do Hospital Estadual Getulio Vargas, da Superintendência de Unidades Próprias, da Subsecretaria de Unidades Próprias, da",https://www.ioerj.com.br/portal/modules/conteudoonline/mostra_edicao.php?session=VDBWSk1VMHdUa1pOZWtWMFVtcFJlVTVUTURCU1JWRjNURlZGZUU1RWEzUk9WRUV4VFVScmVFMUVVVFJOUlVwRlRWUmpNMDlFYTNkT1JFMHlUVkU5UFE9PQ==,D:\github\exoneracoes_nomeacoes_dou\LAKE\RJ\2013\12\DOERJ_PARTE_I_PODER_EXECUTIVO_2013-12-26.md
RJ,Diario Oficial do Estado do Rio de Janeiro,2013-12-26,DO Campos (Poder Executivo),nomeacao,EDSON COROA DE ANDRADE,,,,,Wilson Jose Witzel - Governador,Wilson Jose Witzel,Executivo estadual,sim,EDSON:PER,sim,,,"NOMEAR interinamente, com base na Lei nº 8344/13, Edson Coroa de Andrade, para exercer na",https://www.ioerj.com.br/portal/modules/conteudoonline/mostra_edicao.php?session=VVhwVk5VMTZZM2hTVkZWMFRrUktSbEpETURCUFJFSkZURlJuZVUxVVFYUlJhMVY2VFhwYVEwMXJSWGhSTUZFelRWUmpNMDlFYTNkT1JFMHlUVkU5UFE9PQ==,D:\github\exoneracoes_nomeacoes_dou\LAKE\RJ\2013\12\DOERJ_DO_CAMPOS_PODER_EXECUTIVO_2013-12-26.md
RJ,Diario Oficial do Estado do Rio de Janeiro,2013-12-26,DO Campos (Poder Executivo),nomeacao,CARLOS ANTÔNIO GUIMARÃES BASÍLIO,,,,,Wilson Jose Witzel - Governador,Wilson Jose Witzel,Executivo estadual,sim,CARLOS ANTÔNIO GUIMARÃES BASÍLIO:PER,sim,,,"NOMEAR interinamente, com base na Lei nº 8344/13, Carlos Antônio Guimarães Basílio, para exercer na Companhia de Desenvolvimento do Município de Campos dos Goytacazes - CODEMCA, o cargo em comissão de Vice-Presidente, Símbolo DAS-02, com vigência a contar da data de publicação. PREFEITURA MUNICIPAL DE CAMPOS DOS GOYTACAZES, 13 de dezembro de 2013. Rosinha Garotinho -Prefeita- Republicada por ter saído com incorreção 2.043,00 2.043,00 Id: 1610940",https://www.ioerj.com.br/portal/modules/conteudoonline/mostra_edicao.php?session=VVhwVk5VMTZZM2hTVkZWMFRrUktSbEpETURCUFJFSkZURlJuZVUxVVFYUlJhMVY2VFhwYVEwMXJSWGhSTUZFelRWUmpNMDlFYTNkT1JFMHlUVkU5UFE9PQ==,D:\github\exoneracoes_nomeacoes_dou\LAKE\RJ\2013\12\DOERJ_DO_CAMPOS_PODER_EXECUTIVO_2013-12-26.md
RJ,Diario Oficial do Estado do Rio de Janeiro,2013-12-26,DO Campos (Poder Executivo),nomeacao,JÚLIO CÉSAR XAVIER RIBEIRO,,,,,Wilson Jose Witzel - Governador,Wilson Jose Witzel,Executivo estadual,sim,JÚLIO CÉSAR XAVIER RIBEIRO:PER,sim,,,"NOMEAR interinamente, com base na Lei nº 8344/13, Júlio César Xavier Ribeiro, para exercer na Companhia de Desenvolvi- 16902/12 Jociana Barbosa de Matos - Sec. de Fazenda 17378/12 Vilsa Maria de Assis Gomes - Sec. de Fazenda ##",https://www.ioerj.com.br/portal/modules/conteudoonline/mostra_edicao.php?session=VVhwVk5VMTZZM2hTVkZWMFRrUktSbEpETURCUFJFSkZURlJuZVUxVVFYUlJhMVY2VFhwYVEwMXJSWGhSTUZFelRWUmpNMDlFYTNkT1JFMHlUVkU5UFE9PQ==,D:\github\exoneracoes_nomeacoes_dou\LAKE\RJ\2013\12\DOERJ_DO_CAMPOS_PODER_EXECUTIVO_2013-12-26.md
RJ,Diario Oficial do Estado do Rio de Janeiro,2013-12-23,Parte I (Poder Executivo),nomeacao,CLAUDIO NOGUEIRA DA SILVEIRA,,,Governador,1,Wilson Jose Witzel - Governador,Wilson Jose Witzel,Executivo estadual,sim,NOGUEIRA:ORG|Claudio Nogueira Da Silveira:PER,sim,,,"NOMEAR CLAUDIO NOGUEIRA DA SILVEIRA para exercer, com validade a contar de 09 de dezembro de 2013, o cargo em comissão de Assessor Especial, símbolo DG, da",https://www.ioerj.com.br/portal/modules/conteudoonline/mostra_edicao.php?session=VFd0Uk1FMVVWa05OUkVGMFVYcE5lRkZwTURCU2FrNUZURlJuZDA0d1dYUk5SRlUxVVd0VmVrMVZTa1ZQVkZWM1RWUmpNMDlFYTNkT1JGVTFUbEU5UFE9PQ==,D:\github\exoneracoes_nomeacoes_dou\LAKE\RJ\2013\12\DOERJ_PARTE_I_PODER_EXECUTIVO_2013-12-23.md
RJ,Diario Oficial do Estado do Rio de Janeiro,2013-12-23,Parte I (Poder Executivo),nomeacao,ARNALDO GONÇALVES DA SILVA DE QUEIRÓS MATTOSO,,,Secretario,5,Wilson Jose Witzel - Governador,Wilson Jose Witzel,Executivo estadual,sim,ARNALDO GONÇALVES DA SILVA DE QUEIRÓS MATTOSO:PER,sim,,,"NOMEAR ARNALDO GONÇALVES DA SILVA DE QUEIRÓS MATTOSO para exercer, com validade a contar de 07 de dezembro de 2013, o cargo em comissão de Coordenador, símbolo DAS-8, da Vice-Governadoria do Estado, em vaga resultante da transformação estabelecida pelo",https://www.ioerj.com.br/portal/modules/conteudoonline/mostra_edicao.php?session=VFd0Uk1FMVVWa05OUkVGMFVYcE5lRkZwTURCU2FrNUZURlJuZDA0d1dYUk5SRlUxVVd0VmVrMVZTa1ZQVkZWM1RWUmpNMDlFYTNkT1JGVTFUbEU5UFE9PQ==,D:\github\exoneracoes_nomeacoes_dou\LAKE\RJ\2013\12\DOERJ_PARTE_I_PODER_EXECUTIVO_2013-12-23.md
RJ,Diario Oficial do Estado do Rio de Janeiro,2013-12-23,Parte I (Poder Executivo),nomeacao,ARETHA MENDES ALVES,,,Secretario,5,Wilson Jose Witzel - Governador,Wilson Jose Witzel,Executivo estadual,sim,ARETHA MENDES ALVES:PER,sim,,,"NOMEAR ARETHA MENDES ALVES para exercer, com validade a contar de 17 de dezembro de 2013, o cargo em comissão de Assistente, símbolo DAS-6, da",https://www.ioerj.com.br/portal/modules/conteudoonline/mostra_edicao.php?session=VFd0Uk1FMVVWa05OUkVGMFVYcE5lRkZwTURCU2FrNUZURlJuZDA0d1dYUk5SRlUxVVd0VmVrMVZTa1ZQVkZWM1RWUmpNMDlFYTNkT1JGVTFUbEU5UFE9PQ==,D:\github\exoneracoes_nomeacoes_dou\LAKE\RJ\2013\12\DOERJ_PARTE_I_PODER_EXECUTIVO_2013-12-23.md
RJ,Diario Oficial do Estado do Rio de Janeiro,2013-12-23,Parte I (Poder Executivo),nomeacao,ALAN MADUREIRA DOS SANTOS,,,Secretario,5,Wilson Jose Witzel - Governador,Wilson Jose Witzel,Executivo estadual,sim,ALAN MADUREIRA DOS SANTOS:MISC|Alan Madureira Dos Santos:PER,sim,,do Departamento de Trânsito do Estado do Rio de Janeiro - DETRAN/RJ,"NOMEAR ALAN MADUREIRA DOS SANTOS para exercer, com validade a contar de 01 de dezembro de 2013, o cargo em comissão de Assistente I, símbolo DAS-6, do Departamento de Trânsito do Estado do Rio de Janeiro - DETRAN/RJ, da",https://www.ioerj.com.br/portal/modules/conteudoonline/mostra_edicao.php?session=VFd0Uk1FMVVWa05OUkVGMFVYcE5lRkZwTURCU2FrNUZURlJuZDA0d1dYUk5SRlUxVVd0VmVrMVZTa1ZQVkZWM1RWUmpNMDlFYTNkT1JGVTFUbEU5UFE9PQ==,D:\github\exoneracoes_nomeacoes_dou\LAKE\RJ\2013\12\DOERJ_PARTE_I_PODER_EXECUTIVO_2013-12-23.md
RJ,Diario Oficial do Estado do Rio de Janeiro,2013-12-23,Parte I (Poder Executivo),nomeacao,ERICH VINICIUS DA SILVA,,,Secretario,5,Wilson Jose Witzel - Governador,Wilson Jose Witzel,Executivo estadual,sim,ERICH VINICIUS DA SILVA:PER,sim,,,"NOMEAR ERICH VINICIUS DA SILVA para exercer, com validade a contar de 01 de dezembro de 2013, o cargo em comissão de Assessor, símbolo DAS-8, da",https://www.ioerj.com.br/portal/modules/conteudoonline/mostra_edicao.php?session=VFd0Uk1FMVVWa05OUkVGMFVYcE5lRkZwTURCU2FrNUZURlJuZDA0d1dYUk5SRlUxVVd0VmVrMVZTa1ZQVkZWM1RWUmpNMDlFYTNkT1JGVTFUbEU5UFE9PQ==,D:\github\exoneracoes_nomeacoes_dou\LAKE\RJ\2013\12\DOERJ_PARTE_I_PODER_EXECUTIVO_2013-12-23.md
RJ,Diario Oficial do Estado do Rio de Janeiro,2013-12-23,Parte I (Poder Executivo),exoneracao,OTTO LUIZ RAMOS,,,Secretario,5,Wilson Jose Witzel - Governador,Wilson Jose Witzel,Executivo estadual,sim,OTTO LUIZ RAMOS:PER,sim,do cargo em comissão de Subdiretor Geral,,"EXONERAR OTTO LUIZ RAMOS DA LUZ , Tenente-Coronel BM, ID. Funcional nº 2601486-6, do cargo em comissão de Subdiretor Geral, símbolo DAS-7, da Subdiretoria Geral de Ensino e Instrução, da Diretoria Geral de Ensino e Instrução, do Subcomando-Geral do CBMERJ, do Corpo de Bombeiros Militar do Estado do Rio de Janeiro - CBMERJ, da",https://www.ioerj.com.br/portal/modules/conteudoonline/mostra_edicao.php?session=VFd0Uk1FMVVWa05OUkVGMFVYcE5lRkZwTURCU2FrNUZURlJuZDA0d1dYUk5SRlUxVVd0VmVrMVZTa1ZQVkZWM1RWUmpNMDlFYTNkT1JGVTFUbEU5UFE9PQ==,D:\github\exoneracoes_nomeacoes_dou\LAKE\RJ\2013\12\DOERJ_PARTE_I_PODER_EXECUTIVO_2013-12-23.md
RJ,Diario Oficial do Estado do Rio de Janeiro,2013-12-23,Parte I (Poder Executivo),nomeacao,THAYS DOS SANTOS GUARACIABA,,,Secretario,5,Wilson Jose Witzel - Governador,Wilson Jose Witzel,Executivo estadual,sim,Thays Dos Santos Guaraciaba:PER,sim,para exercer o cargo em comissão de Assistente,,"NOMEAR THAYS DOS SANTOS GUARACIABA para exercer o cargo em comissão de Assistente, símbolo DAS-6, do Fundo Único de Previdência Social do Estado do Rio de Janeiro - RIOPREVIDÊNCIA, da",https://www.ioerj.com.br/portal/modules/conteudoonline/mostra_edicao.php?session=VFd0Uk1FMVVWa05OUkVGMFVYcE5lRkZwTURCU2FrNUZURlJuZDA0d1dYUk5SRlUxVVd0VmVrMVZTa1ZQVkZWM1RWUmpNMDlFYTNkT1JGVTFUbEU5UFE9PQ==,D:\github\exoneracoes_nomeacoes_dou\LAKE\RJ\2013\12\DOERJ_PARTE_I_PODER_EXECUTIVO_2013-12-23.md
RJ,Diario Oficial do Estado do Rio de Janeiro,2013-12-23,Parte I (Poder Executivo),exoneracao,TENENTE-CORONEL BM,611911-5,,Secretario,5,Wilson Jose Witzel - Governador,Wilson Jose Witzel,Executivo estadual,sim,BM:LOC|Tenente-Coronel Bm:PER,sim,do cargo em comissão de Comandante de Grupamento,,"EXONERAR RODRIGO ANDRE DE OLIVEIRA BASTOS , Tenente-Coronel BM, ID Funcional nº 611911-5, do cargo em comissão de Comandante de Grupamento, símbolo DAS-6, do 18º Grupamento de Bombeiro Militar (18º - Cabo Frio), do Comando de Bombeiro de <!-- image --> - Área -CBA V - Baixada Litorâneas, do Subcomando-Geral do CBMERJ, do Corpo de Bombeiros Militar do Estado do Rio de Janeiro CBMERJ, da",https://www.ioerj.com.br/portal/modules/conteudoonline/mostra_edicao.php?session=VFd0Uk1FMVVWa05OUkVGMFVYcE5lRkZwTURCU2FrNUZURlJuZDA0d1dYUk5SRlUxVVd0VmVrMVZTa1ZQVkZWM1RWUmpNMDlFYTNkT1JGVTFUbEU5UFE9PQ==,D:\github\exoneracoes_nomeacoes_dou\LAKE\RJ\2013\12\DOERJ_PARTE_I_PODER_EXECUTIVO_2013-12-23.md
RJ,Diario Oficial do Estado do Rio de Janeiro,2013-12-23,Parte I (Poder Executivo),nomeacao,TENENTE CORONEL BM,002613263-0,,Secretario,5,Wilson Jose Witzel - Governador,Wilson Jose Witzel,Executivo estadual,sim,TENENTE CORONEL BM:PER,sim,para exercer o cargo em comissão de Comandante de Grupamento,,"NOMEAR LEONARDO COURI PINHEIRO , Tenente Coronel BM, ID Funcional nº 002613263-0, para exercer o cargo em comissão de Comandante de Grupamento, símbolo DAS-6, do 18º Grupamento de Bombeiro Militar (18º - Cabo Frio), do Comando de Bombeiro de Área -CBA V - Baixada Litorâneas, do Subcomando-Geral do CBMERJ, do Corpo de Bombeiros Militar do Estado do Rio de Janeiro CBMERJ, da",https://www.ioerj.com.br/portal/modules/conteudoonline/mostra_edicao.php?session=VFd0Uk1FMVVWa05OUkVGMFVYcE5lRkZwTURCU2FrNUZURlJuZDA0d1dYUk5SRlUxVVd0VmVrMVZTa1ZQVkZWM1RWUmpNMDlFYTNkT1JGVTFUbEU5UFE9PQ==,D:\github\exoneracoes_nomeacoes_dou\LAKE\RJ\2013\12\DOERJ_PARTE_I_PODER_EXECUTIVO_2013-12-23.md
RJ,Diario Oficial do Estado do Rio de Janeiro,2013-12-23,Parte I (Poder Executivo),nomeacao,TENENTE CORONEL BM,02605274-1,,Secretario,5,Wilson Jose Witzel - Governador,Wilson Jose Witzel,Executivo estadual,sim,TENENTE CORONEL BM:PER,sim,para exercer o cargo em comissão de Comandante de Grupamento,,"NOMEAR PAULO ROGET ARAÚJO MARQUES , Tenente Coronel BM, ID Funcional nº 02605274-1, para exercer o cargo em comissão de Comandante de Grupamento, símbolo DAS-6, do Grupamento de Operações Aéreas, do Comando de Bombeiro de Área CBA VIII -Atividades Especializadas, do Subcomando-Geral do CBMERJ, do Corpo de Bombeiros Militar do Estado do Rio de Janeiro CBMERJ, da",https://www.ioerj.com.br/portal/modules/conteudoonline/mostra_edicao.php?session=VFd0Uk1FMVVWa05OUkVGMFVYcE5lRkZwTURCU2FrNUZURlJuZDA0d1dYUk5SRlUxVVd0VmVrMVZTa1ZQVkZWM1RWUmpNMDlFYTNkT1JGVTFUbEU5UFE9PQ==,D:\github\exoneracoes_nomeacoes_dou\LAKE\RJ\2013\12\DOERJ_PARTE_I_PODER_EXECUTIVO_2013-12-23.md
RJ,Diario Oficial do Estado do Rio de Janeiro,2013-12-23,Parte I (Poder Executivo),exoneracao,CAPITÃO BM,0614231-1,,Secretario,5,Wilson Jose Witzel - Governador,Wilson Jose Witzel,Executivo estadual,sim,CAPITÃO BM:PER,sim,do cargo em comissão de Comandante de Destacamento,,"EXONERAR EMANUEL RODRIGUES BRANCO , Capitão BM, ID Funcional nº 0614231-1, do cargo em comissão de Comandante de Destacamento, símbolo DAI-6, do 5º Destacamento de Bombeiro Militar (DBM 5/22 - Vassouras), do 22º Grupamento de Bombeiro Militar - Volta Redonda, do Comando de Bombeiro de Área - CBA III - Sul, do Subcomando-Geral do CBMERJ, do Corpo de Bombeiros Militar do Estado do Rio de Janeiro - CBMERJ, da",https://www.ioerj.com.br/portal/modules/conteudoonline/mostra_edicao.php?session=VFd0Uk1FMVVWa05OUkVGMFVYcE5lRkZwTURCU2FrNUZURlJuZDA0d1dYUk5SRlUxVVd0VmVrMVZTa1ZQVkZWM1RWUmpNMDlFYTNkT1JGVTFUbEU5UFE9PQ==,D:\github\exoneracoes_nomeacoes_dou\LAKE\RJ\2013\12\DOERJ_PARTE_I_PODER_EXECUTIVO_2013-12-23.md
RJ,Diario Oficial do Estado do Rio de Janeiro,2013-12-23,Parte I (Poder Executivo),nomeacao,CAPITÃO BM,04142497-2,,Secretario,5,Wilson Jose Witzel - Governador,Wilson Jose Witzel,Executivo estadual,sim,CAPITÃO BM:PER,sim,para exercer o cargo em comissão de Comandante de Destacamento,,"NOMEAR RENATO TERRA PASSOS RIEGER , Capitão BM, ID Funcional nº 04142497-2, para exercer o cargo em comissão de Comandante de Destacamento, símbolo DAI-6, do 5º Destacamento de Bombeiro Militar (DBM 5/22 - Vassouras), do 22º Grupamento de Bombeiro Militar - Volta Redonda, do Comando de Bombeiro de Área -CBA III -Sul, do Subcomando-Geral do CBMERJ, do Corpo de Bombeiros Militar do Estado do Rio de Janeiro - CBMERJ, da",https://www.ioerj.com.br/portal/modules/conteudoonline/mostra_edicao.php?session=VFd0Uk1FMVVWa05OUkVGMFVYcE5lRkZwTURCU2FrNUZURlJuZDA0d1dYUk5SRlUxVVd0VmVrMVZTa1ZQVkZWM1RWUmpNMDlFYTNkT1JGVTFUbEU5UFE9PQ==,D:\github\exoneracoes_nomeacoes_dou\LAKE\RJ\2013\12\DOERJ_PARTE_I_PODER_EXECUTIVO_2013-12-23.md
RJ,Diario Oficial do Estado do Rio de Janeiro,2013-12-23,Parte I (Poder Executivo),nomeacao,MARIANA DA SILVA MANHÃES,,,Secretario,5,Wilson Jose Witzel - Governador,Wilson Jose Witzel,Executivo estadual,sim,MARIANA DA SILVA:PER,sim,para exercer o cargo em comissão de Assistente II,,"NOMEAR MARIANA DA SILVA MANHÃES para exercer o cargo em comissão de Assistente II, símbolo DAI-6, do Fundo Único de Previdência Social do Estado do Rio de Janeiro - RIOPREVIDÊNCIA, da",https://www.ioerj.com.br/portal/modules/conteudoonline/mostra_edicao.php?session=VFd0Uk1FMVVWa05OUkVGMFVYcE5lRkZwTURCU2FrNUZURlJuZDA0d1dYUk5SRlUxVVd0VmVrMVZTa1ZQVkZWM1RWUmpNMDlFYTNkT1JGVTFUbEU5UFE9PQ==,D:\github\exoneracoes_nomeacoes_dou\LAKE\RJ\2013\12\DOERJ_PARTE_I_PODER_EXECUTIVO_2013-12-23.md
RJ,Diario Oficial do Estado do Rio de Janeiro,2013-12-23,Parte I (Poder Executivo),nomeacao,RODRIGO MENDES GUIMARÃES,,,Secretario,5,Wilson Jose Witzel - Governador,Wilson Jose Witzel,Executivo estadual,sim,RODRIGO MENDES GUIMARÃES:MISC|Rodrigo Mendes Guimarães:PER,sim,,,"NOMEAR RODRIGO MENDES GUIMARÃES para exercer, com validade a contar de 15 de dezembro de 2013, o cargo em comissão de Assistente II, símbolo DAI-6, da",https://www.ioerj.com.br/portal/modules/conteudoonline/mostra_edicao.php?session=VFd0Uk1FMVVWa05OUkVGMFVYcE5lRkZwTURCU2FrNUZURlJuZDA0d1dYUk5SRlUxVVd0VmVrMVZTa1ZQVkZWM1RWUmpNMDlFYTNkT1JGVTFUbEU5UFE9PQ==,D:\github\exoneracoes_nomeacoes_dou\LAKE\RJ\2013\12\DOERJ_PARTE_I_PODER_EXECUTIVO_2013-12-23.md
RJ,Diario Oficial do Estado do Rio de Janeiro,2013-12-23,Parte I (Poder Executivo),nomeacao,ALYSON WAGNER DINIZ,,,Secretario,5,Wilson Jose Witzel - Governador,Wilson Jose Witzel,Executivo estadual,sim,ALYSON:ORG|DINIZ:MISC|Alyson Wagner:PER,sim,para exercer o cargo em comissão de Assistente II,do Departamento Geral de Administração e Finanças,"NOMEAR ALYSON WAGNER DINIZ para exercer o cargo em comissão de Assistente II, símbolo DAI-6, do Departamento Geral de Administração e Finanças, da",https://www.ioerj.com.br/portal/modules/conteudoonline/mostra_edicao.php?session=VFd0Uk1FMVVWa05OUkVGMFVYcE5lRkZwTURCU2FrNUZURlJuZDA0d1dYUk5SRlUxVVd0VmVrMVZTa1ZQVkZWM1RWUmpNMDlFYTNkT1JGVTFUbEU5UFE9PQ==,D:\github\exoneracoes_nomeacoes_dou\LAKE\RJ\2013\12\DOERJ_PARTE_I_PODER_EXECUTIVO_2013-12-23.md
RJ,Diario Oficial do Estado do Rio de Janeiro,2013-12-23,Parte I (Poder Executivo),exoneracao,ANTERIORMENTE FLÁVIA RIBEIRO PERES DA SILVA,4335755-5,,Secretario,5,Wilson Jose Witzel - Governador,Wilson Jose Witzel,Executivo estadual,sim,ANTERIORMENTE FLÁVIA RIBEIRO PERES DA SILVA:PER,sim,do cargo em comissão de Assistente II,da Subsecretaria de Educação,"EXONERAR FLAVIA RIBEIRO PERES BATALHA , anteriormente Flávia Ribeiro Peres da Silva, ID Funcional nº 4335755-5, do cargo em comissão de Assistente II, símbolo DAI-6, da Subsecretaria de Educação, Valorização e Prevenção, da",https://www.ioerj.com.br/portal/modules/conteudoonline/mostra_edicao.php?session=VFd0Uk1FMVVWa05OUkVGMFVYcE5lRkZwTURCU2FrNUZURlJuZDA0d1dYUk5SRlUxVVd0VmVrMVZTa1ZQVkZWM1RWUmpNMDlFYTNkT1JGVTFUbEU5UFE9PQ==,D:\github\exoneracoes_nomeacoes_dou\LAKE\RJ\2013\12\DOERJ_PARTE_I_PODER_EXECUTIVO_2013-12-23.md
RJ,Diario Oficial do Estado do Rio de Janeiro,2013-12-23,Parte I (Poder Executivo),exoneracao,CRISTINA MONTEIRO,4145254-2,,Secretario,5,Wilson Jose Witzel - Governador,Wilson Jose Witzel,Executivo estadual,sim,CRISTINA MONTEIRO:MISC|Cristina Monteiro:PER,sim,do cargo em comissão de Assessor Especial,do Gabinete do Secretário,"EXONERAR CRISTINA MONTEIRO DO NASCIMENTO DE ALMEIDA , ID Funcional nº 4145254-2, do cargo em comissão de Assessor Especial, símbolo DAS-8, do Gabinete do Secretário, da",https://www.ioerj.com.br/portal/modules/conteudoonline/mostra_edicao.php?session=VFd0Uk1FMVVWa05OUkVGMFVYcE5lRkZwTURCU2FrNUZURlJuZDA0d1dYUk5SRlUxVVd0VmVrMVZTa1ZQVkZWM1RWUmpNMDlFYTNkT1JGVTFUbEU5UFE9PQ==,D:\github\exoneracoes_nomeacoes_dou\LAKE\RJ\2013\12\DOERJ_PARTE_I_PODER_EXECUTIVO_2013-12-23.md
RJ,Diario Oficial do Estado do Rio de Janeiro,2013-12-23,Parte I (Poder Executivo),nomeacao,ALEXSANDER DE ARAÚJO RODRIGUES,,,Secretario,5,Wilson Jose Witzel - Governador,Wilson Jose Witzel,Executivo estadual,sim,ALEXSANDER:ORG|Alexsander De Araújo Rodrigues:PER,sim,para exercer o cargo em comissão de Chefe de Serviço,da Fundação Santa Cabrini,"NOMEAR ALEXSANDER DE ARAÚJO RODRIGUES para exercer o cargo em comissão de Chefe de Serviço, símbolo DAI-6, do Serviço Técnico Especializado (nº 7), da Gerência de Produção e Serviços, da Diretoria de Produção e Comercialização, da Fundação Santa Cabrini, da",https://www.ioerj.com.br/portal/modules/conteudoonline/mostra_edicao.php?session=VFd0Uk1FMVVWa05OUkVGMFVYcE5lRkZwTURCU2FrNUZURlJuZDA0d1dYUk5SRlUxVVd0VmVrMVZTa1ZQVkZWM1RWUmpNMDlFYTNkT1JGVTFUbEU5UFE9PQ==,D:\github\exoneracoes_nomeacoes_dou\LAKE\RJ\2013\12\DOERJ_PARTE_I_PODER_EXECUTIVO_2013-12-23.md
RJ,Diario Oficial do Estado do Rio de Janeiro,2013-12-23,Parte I (Poder Executivo),exoneracao,DANIELE PINTO BRAGA,,,Secretario,5,Wilson Jose Witzel - Governador,Wilson Jose Witzel,Executivo estadual,sim,DANIELE PINTO BRAGA:PER,sim,do cargo em comissão de Chefe de Serviço,da Fundação Santa Cabrini,"EXONERAR DANIELE PINTO BRAGA, matrícula nº 0040431-9, do cargo em comissão de Chefe de Serviço, símbolo DAI6, do Serviço Técnico Especializado (nº 7), da Gerência de Produção e Serviços, da Diretoria de Produção e Comercialização, da Fundação Santa Cabrini, da",https://www.ioerj.com.br/portal/modules/conteudoonline/mostra_edicao.php?session=VFd0Uk1FMVVWa05OUkVGMFVYcE5lRkZwTURCU2FrNUZURlJuZDA0d1dYUk5SRlUxVVd0VmVrMVZTa1ZQVkZWM1RWUmpNMDlFYTNkT1JGVTFUbEU5UFE9PQ==,D:\github\exoneracoes_nomeacoes_dou\LAKE\RJ\2013\12\DOERJ_PARTE_I_PODER_EXECUTIVO_2013-12-23.md
RJ,Diario Oficial do Estado do Rio de Janeiro,2013-12-23,Parte I (Poder Executivo),exoneracao,CLAUDIA ALVES,4397984-0,,Secretario,5,Wilson Jose Witzel - Governador,Wilson Jose Witzel,Executivo estadual,sim,ALVES:PER,sim,do cargo em comissão de Assistente,da Subsecretaria de Gestão de Ensino,"EXONERAR com validade a contar de 04 de novembro de 2013, CLAUDIA ALVES DA SILVA , ID Funcional nº 4397984-0, do cargo em comissão de Assistente, símbolo DAS-6, da Subsecretaria de Gestão de Ensino, da",https://www.ioerj.com.br/portal/modules/conteudoonline/mostra_edicao.php?session=VFd0Uk1FMVVWa05OUkVGMFVYcE5lRkZwTURCU2FrNUZURlJuZDA0d1dYUk5SRlUxVVd0VmVrMVZTa1ZQVkZWM1RWUmpNMDlFYTNkT1JGVTFUbEU5UFE9PQ==,D:\github\exoneracoes_nomeacoes_dou\LAKE\RJ\2013\12\DOERJ_PARTE_I_PODER_EXECUTIVO_2013-12-23.md
RJ,Diario Oficial do Estado do Rio de Janeiro,2013-12-23,Parte I (Poder Executivo),exoneracao,RAQUEL COSTA,4205068-5,,Secretario,5,Wilson Jose Witzel - Governador,Wilson Jose Witzel,Executivo estadual,sim,RAQUEL COSTA:MISC|Raquel Costa:PER,sim,do cargo em comissão de Assistente,da Superintendência Pedagógica,"EXONERAR com validade a contar de 02 de dezembro de 2013, RAQUEL COSTA DA SILVA NASCIMENTO , ID Funcional nº 4205068-5, do cargo em comissão de Assistente, símbolo DAS-6, da Coordenação de Diversidade e Inclusão Educacional, da Diretoria Geral de Educação, da Superintendência Pedagógica, da Subsecretaria de Gestão de Ensino, da",https://www.ioerj.com.br/portal/modules/conteudoonline/mostra_edicao.php?session=VFd0Uk1FMVVWa05OUkVGMFVYcE5lRkZwTURCU2FrNUZURlJuZDA0d1dYUk5SRlUxVVd0VmVrMVZTa1ZQVkZWM1RWUmpNMDlFYTNkT1JGVTFUbEU5UFE9PQ==,D:\github\exoneracoes_nomeacoes_dou\LAKE\RJ\2013\12\DOERJ_PARTE_I_PODER_EXECUTIVO_2013-12-23.md
RJ,Diario Oficial do Estado do Rio de Janeiro,2013-12-23,Parte I (Poder Executivo),nomeacao,VALERIA CRISTINA GOMES,4334514-0,,Secretario,5,Wilson Jose Witzel - Governador,Wilson Jose Witzel,Executivo estadual,sim,Valeria Cristina Gomes:PER,sim,,do Departamento Geral de Ações Sócioeducativas - DEGASE,"NOMEAR VALERIA CRISTINA GOMES DA SILVA , ID Funcional nº 4334514-0, para exercer, com validade a contar de 01 de dezembro de 2013, o cargo em comissão de Diretor-Adjunto, símbolo DAS-6, do Departamento Geral de Ações Sócioeducativas - DEGASE, da",https://www.ioerj.com.br/portal/modules/conteudoonline/mostra_edicao.php?session=VFd0Uk1FMVVWa05OUkVGMFVYcE5lRkZwTURCU2FrNUZURlJuZDA0d1dYUk5SRlUxVVd0VmVrMVZTa1ZQVkZWM1RWUmpNMDlFYTNkT1JGVTFUbEU5UFE9PQ==,D:\github\exoneracoes_nomeacoes_dou\LAKE\RJ\2013\12\DOERJ_PARTE_I_PODER_EXECUTIVO_2013-12-23.md
RJ,Diario Oficial do Estado do Rio de Janeiro,2013-12-23,Parte I (Poder Executivo),exoneracao,LUIZ CLÁUDIO,4253394-5,,Secretario,5,Wilson Jose Witzel - Governador,Wilson Jose Witzel,Executivo estadual,sim,LUIZ CLÁUDIO:PER,sim,do cargo em comissão de Chefe de Setor,do Departamento Geral de Ações Sócioeducativas - DEGASE,"EXONERAR com validade a contar de 01 de dezembro de 2013, LUIZ CLÁUDIO DA SILVA GOMES , ID Funcional nº 4253394-5, do cargo em comissão de Chefe de Setor, símbolo DAI-4, do Departamento Geral de Ações Sócioeducativas - DEGASE, da",https://www.ioerj.com.br/portal/modules/conteudoonline/mostra_edicao.php?session=VFd0Uk1FMVVWa05OUkVGMFVYcE5lRkZwTURCU2FrNUZURlJuZDA0d1dYUk5SRlUxVVd0VmVrMVZTa1ZQVkZWM1RWUmpNMDlFYTNkT1JGVTFUbEU5UFE9PQ==,D:\github\exoneracoes_nomeacoes_dou\LAKE\RJ\2013\12\DOERJ_PARTE_I_PODER_EXECUTIVO_2013-12-23.md
RJ,Diario Oficial do Estado do Rio de Janeiro,2013-12-23,Parte I (Poder Executivo),nomeacao,WAGNER NICARIO DE SOUZA,,,Secretario,5,Wilson Jose Witzel - Governador,Wilson Jose Witzel,Executivo estadual,sim,SOUZA:LOC|Wagner Nicario De Souza:PER,sim,da Assessoria,,"NOMEAR WAGNER NICARIO DE SOUZA para exercer, com validade a contar de 01 de dezembro de 2013, o cargo em comissão de Assessor Especial, símbolo DAS-8, da Assessoria, da",https://www.ioerj.com.br/portal/modules/conteudoonline/mostra_edicao.php?session=VFd0Uk1FMVVWa05OUkVGMFVYcE5lRkZwTURCU2FrNUZURlJuZDA0d1dYUk5SRlUxVVd0VmVrMVZTa1ZQVkZWM1RWUmpNMDlFYTNkT1JGVTFUbEU5UFE9PQ==,D:\github\exoneracoes_nomeacoes_dou\LAKE\RJ\2013\12\DOERJ_PARTE_I_PODER_EXECUTIVO_2013-12-23.md
RJ,Diario Oficial do Estado do Rio de Janeiro,2013-12-23,Parte I (Poder Executivo),nomeacao,SERGIO ABBADE PINTO NETO,,,Secretario,5,Wilson Jose Witzel - Governador,Wilson Jose Witzel,Executivo estadual,sim,ABBADE PINTO:MISC|Sergio Abbade Pinto Neto:PER,sim,para exercer o cargo em comissão de Assessor,,"NOMEAR SERGIO ABBADE PINTO NETO para exercer o cargo em comissão de Assessor, símbolo DAS-7, do Centro Comunitário de Defesa da Cidadania - Acari, da Coordenadoria dos Centros Comunitários de Defesa da Cidadania - CCDCs, da",https://www.ioerj.com.br/portal/modules/conteudoonline/mostra_edicao.php?session=VFd0Uk1FMVVWa05OUkVGMFVYcE5lRkZwTURCU2FrNUZURlJuZDA0d1dYUk5SRlUxVVd0VmVrMVZTa1ZQVkZWM1RWUmpNMDlFYTNkT1JGVTFUbEU5UFE9PQ==,D:\github\exoneracoes_nomeacoes_dou\LAKE\RJ\2013\12\DOERJ_PARTE_I_PODER_EXECUTIVO_2013-12-23.md
RJ,Diario Oficial do Estado do Rio de Janeiro,2013-12-23,Parte I (Poder Executivo),nomeacao,HANNA THAINA BARRETO DE ALBUQUERQUE,,,Secretario,5,Wilson Jose Witzel - Governador,Wilson Jose Witzel,Executivo estadual,sim,HANNA THAINA:MISC|ALBUQUERQUE:ORG|Hanna Thaina Barreto:PER,sim,para exercer o cargo em comissão de Assessor,,"NOMEAR HANNA THAINA BARRETO DE ALBUQUERQUE para exercer o cargo em comissão de Assessor, símbolo DAS-7, da Coordenadoria de Defesa Social e Promoção da Cidadania, da",https://www.ioerj.com.br/portal/modules/conteudoonline/mostra_edicao.php?session=VFd0Uk1FMVVWa05OUkVGMFVYcE5lRkZwTURCU2FrNUZURlJuZDA0d1dYUk5SRlUxVVd0VmVrMVZTa1ZQVkZWM1RWUmpNMDlFYTNkT1JGVTFUbEU5UFE9PQ==,D:\github\exoneracoes_nomeacoes_dou\LAKE\RJ\2013\12\DOERJ_PARTE_I_PODER_EXECUTIVO_2013-12-23.md
RJ,Diario Oficial do Estado do Rio de Janeiro,2013-12-23,Parte I (Poder Executivo),nomeacao,VIVIAN FERNANDES CAMPOS,,,Secretario,5,Wilson Jose Witzel - Governador,Wilson Jose Witzel,Executivo estadual,sim,FERNANDES:MISC|Vivian Fernandes Campos:PER,sim,para exercer o cargo em comissão de Diretor de Divisão,do Departamento de Controle de Contratos e Convênios,"NOMEAR VIVIAN FERNANDES CAMPOS para exercer o cargo em comissão de Diretor de Divisão, símbolo DAS-6, da Divisão de Controle de Contratos e Convênios, do Departamento de Controle de Contratos e Convênios, do Departamento Geral de Administração e Finanças, da",https://www.ioerj.com.br/portal/modules/conteudoonline/mostra_edicao.php?session=VFd0Uk1FMVVWa05OUkVGMFVYcE5lRkZwTURCU2FrNUZURlJuZDA0d1dYUk5SRlUxVVd0VmVrMVZTa1ZQVkZWM1RWUmpNMDlFYTNkT1JGVTFUbEU5UFE9PQ==,D:\github\exoneracoes_nomeacoes_dou\LAKE\RJ\2013\12\DOERJ_PARTE_I_PODER_EXECUTIVO_2013-12-23.md
RJ,Diario Oficial do Estado do Rio de Janeiro,2013-12-23,Parte I (Poder Executivo),nomeacao,JOAO DOS SANTOS GAMA,,,Secretario,5,Wilson Jose Witzel - Governador,Wilson Jose Witzel,Executivo estadual,sim,JOAO DOS SANTOS GAMA:PER,sim,,da Fundação Leão XIII,"NOMEAR JOAO DOS SANTOS GAMA para exercer, com validade a contar de 01 de novembro de 2013, o cargo em comissão de Assistente II, símbolo DAI-6, da Fundação Leão XIII, da",https://www.ioerj.com.br/portal/modules/conteudoonline/mostra_edicao.php?session=VFd0Uk1FMVVWa05OUkVGMFVYcE5lRkZwTURCU2FrNUZURlJuZDA0d1dYUk5SRlUxVVd0VmVrMVZTa1ZQVkZWM1RWUmpNMDlFYTNkT1JGVTFUbEU5UFE9PQ==,D:\github\exoneracoes_nomeacoes_dou\LAKE\RJ\2013\12\DOERJ_PARTE_I_PODER_EXECUTIVO_2013-12-23.md
RJ,Diario Oficial do Estado do Rio de Janeiro,2013-12-23,Parte I (Poder Executivo),nomeacao,MARCELLE DA SILVA DAS DORES,,,Secretario,5,Wilson Jose Witzel - Governador,Wilson Jose Witzel,Executivo estadual,sim,MARCELLE DA SILVA:MISC|Marcelle Da Silva Das Dores:PER,sim,para exercer o cargo em comissão de Assistente II,do Gabinete do Secretário,"NOMEAR MARCELLE DA SILVA DAS DORES para exercer o cargo em comissão de Assistente II, símbolo DAI-6, do Gabinete do Secretário, da",https://www.ioerj.com.br/portal/modules/conteudoonline/mostra_edicao.php?session=VFd0Uk1FMVVWa05OUkVGMFVYcE5lRkZwTURCU2FrNUZURlJuZDA0d1dYUk5SRlUxVVd0VmVrMVZTa1ZQVkZWM1RWUmpNMDlFYTNkT1JGVTFUbEU5UFE9PQ==,D:\github\exoneracoes_nomeacoes_dou\LAKE\RJ\2013\12\DOERJ_PARTE_I_PODER_EXECUTIVO_2013-12-23.md
RJ,Diario Oficial do Estado do Rio de Janeiro,2013-12-23,Parte I (Poder Executivo),nomeacao,MARCOS PAULO RAMOS DE OLIVEIRA,,,Secretario,5,Wilson Jose Witzel - Governador,Wilson Jose Witzel,Executivo estadual,sim,MARCOS PAULO RAMOS DE OLIVEIRA:PER,sim,para exercer o cargo em comissão de Chefe de Centro Social,da Fundação Leão XIII,"NOMEAR MARCOS PAULO RAMOS DE OLIVEIRA para exercer o cargo em comissão de Chefe de Centro Social, símbolo DAI-6, do Centro Social Miguel Gustavo, do Pólo de Articulação Regional III, da Diretoria de Promoção Social da Região Metropolitana, da Fundação Leão XIII, da",https://www.ioerj.com.br/portal/modules/conteudoonline/mostra_edicao.php?session=VFd0Uk1FMVVWa05OUkVGMFVYcE5lRkZwTURCU2FrNUZURlJuZDA0d1dYUk5SRlUxVVd0VmVrMVZTa1ZQVkZWM1RWUmpNMDlFYTNkT1JGVTFUbEU5UFE9PQ==,D:\github\exoneracoes_nomeacoes_dou\LAKE\RJ\2013\12\DOERJ_PARTE_I_PODER_EXECUTIVO_2013-12-23.md
RJ,Diario Oficial do Estado do Rio de Janeiro,2013-12-20,Parte I (Poder Executivo),nomeacao,RICARDO MARTINS DA ROCHA MEIRELLES,,,Secretario,5,Wilson Jose Witzel - Governador,Wilson Jose Witzel,Executivo estadual,sim,RICARDO MARTINS DA ROCHA MEIRELLES:PER,sim,,da Fundação Saúde do Rio de Janeiro,"NOMEAR RICARDO MARTINS DA ROCHA MEIRELLES, matrícula 6860-1, para exercer, com validade a contar de 13/12/2013, o cargo de livre provimento de DIRETOR GERAL, símbolo ASS I, da Fundação Saúde do Rio de Janeiro, a ser exercido no Instituto de Diabetes e Endocrinologia Luiz Capriglione. Portaria/FS/DE nº 235/2013",https://www.ioerj.com.br/portal/modules/conteudoonline/mostra_edicao.php?session=VVhwWk5VMUVaM2RQVkVWMFRrUlpNVTlUTURCUlZFSkNURlJvUTA1cVFYUk9la2t5VFhwUk5VNTZRVE5PZWxaQ1RWUmpNMDlFYTNkT1ZFRjRUV2M5UFE9PQ==,D:\github\exoneracoes_nomeacoes_dou\LAKE\RJ\2013\12\DOERJ_PARTE_I_PODER_EXECUTIVO_2013-12-20.md
RJ,Diario Oficial do Estado do Rio de Janeiro,2013-12-20,Parte I (Poder Executivo),nomeacao,RAUL FIALHO DE FARIA JUNIOR,,,Secretario,5,Wilson Jose Witzel - Governador,Wilson Jose Witzel,Executivo estadual,sim,RAUL FIALHO DE FARIA JUNIOR:PER,sim,,da Fundação Saúde do Rio de Janeiro,"NOMEAR RAUL FIALHO DE FARIA JUNIOR, matrícula 6861-9, para exercer, com validade a contar de 13/12/2013, o cargo de livre provimento de DIRETOR ASSISTENCIAL, símbolo ASS II, da Fundação Saúde do Rio de Janeiro, a ser exercido no Instituto de Diabetes e Endocrinologia Luiz Capriglione. Portaria/FS/DE nº 236/2013",https://www.ioerj.com.br/portal/modules/conteudoonline/mostra_edicao.php?session=VVhwWk5VMUVaM2RQVkVWMFRrUlpNVTlUTURCUlZFSkNURlJvUTA1cVFYUk9la2t5VFhwUk5VNTZRVE5PZWxaQ1RWUmpNMDlFYTNkT1ZFRjRUV2M5UFE9PQ==,D:\github\exoneracoes_nomeacoes_dou\LAKE\RJ\2013\12\DOERJ_PARTE_I_PODER_EXECUTIVO_2013-12-20.md
RJ,Diario Oficial do Estado do Rio de Janeiro,2013-12-20,Parte I (Poder Executivo),nomeacao,SONILENE VIEIRA LEITE,,,Secretario,5,Wilson Jose Witzel - Governador,Wilson Jose Witzel,Executivo estadual,sim,Sonilene Vieira Leite:PER,sim,,da Fundação Saúde do Rio de Janeiro,"NOMEAR SONILENE VIEIRA LEITE, matrícula 6862-7, para exercer, com validade a contar de 13/12/2013, o cargo de livre provimento de DIRETOR ADMINISTRATIVO E DE RECURSOS HUMANOS, símbolo ASS II, da Fundação Saúde do Rio de Janeiro, a ser exercido no Instituto de Diabetes e Endocrinologia Luiz Capriglione. Id: 1609378. A faturar por empenho ##",https://www.ioerj.com.br/portal/modules/conteudoonline/mostra_edicao.php?session=VVhwWk5VMUVaM2RQVkVWMFRrUlpNVTlUTURCUlZFSkNURlJvUTA1cVFYUk9la2t5VFhwUk5VNTZRVE5PZWxaQ1RWUmpNMDlFYTNkT1ZFRjRUV2M5UFE9PQ==,D:\github\exoneracoes_nomeacoes_dou\LAKE\RJ\2013\12\DOERJ_PARTE_I_PODER_EXECUTIVO_2013-12-20.md
RJ,Diario Oficial do Estado do Rio de Janeiro,2013-12-19,Parte I (Poder Executivo),nomeacao,DIONE HENRIQUES DE ARAUJO,,,Governador,1,Wilson Jose Witzel - Governador,Wilson Jose Witzel,Executivo estadual,sim,DIONE HENRIQUES:MISC|ARAUJO:MISC|Dione Henriques:PER,sim,,da Fundação Centro de Ciências e Educação Superior à Distância do Estado do Rio de Janeiro -CECIERJ,"NOMEAR DIONE HENRIQUES DE ARAUJO para exercer, com validade a contar de 01 de dezembro de 2013, o cargo em comissão de Assessor, símbolo CECIERJ V, da Fundação Centro de Ciências e Educação Superior à Distância do Estado do Rio de Janeiro -CECIERJ, da",https://www.ioerj.com.br/portal/modules/conteudoonline/mostra_edicao.php?session=VGxSTmVrMUZSa05SVkZWMFVXdEplazVwTURCTk1FVTFURlZHUlZKcVJYUk9lbWMxVFVSYVFrMXJSa2ROVkVVMFRWUmpNMDlFYTNkT1ZGRXlUbEU5UFE9PQ==,D:\github\exoneracoes_nomeacoes_dou\LAKE\RJ\2013\12\DOERJ_PARTE_I_PODER_EXECUTIVO_2013-12-19.md
RJ,Diario Oficial do Estado do Rio de Janeiro,2013-12-19,DO Campos (Poder Executivo),nomeacao,ELIO MIRANDA DAFLON,,,,,Wilson Jose Witzel - Governador,Wilson Jose Witzel,Executivo estadual,sim,MIRANDA DAFLON:MISC|Elio Miranda Daflon:PER,sim,,,"NOMEAR ELIO MIRANDA DAFLON, ADEMILA DA SILVA RODRIGUES, VERÔNICA RANGEL LOPES, JUDSON FERNANDES DE OLIVEIRA E HELAINE CARVALHO VENTURA no cargo de Técnico em Enfermagem. Os mesmos deverão comparecer na",https://www.ioerj.com.br/portal/modules/conteudoonline/mostra_edicao.php?session=VDFWRk1WSkVXVFJQVlUxMFRsUm9RazFUTURCTk1Ga3hURlZKTkU1RVJYUlNWR2hFVFdwck0wNXFUVEpPUlZFelRWUmpNMDlFYTNkT1ZGRXlUbEU5UFE9PQ==,D:\github\exoneracoes_nomeacoes_dou\LAKE\RJ\2013\12\DOERJ_DO_CAMPOS_PODER_EXECUTIVO_2013-12-19.md
RJ,Diario Oficial do Estado do Rio de Janeiro,2013-12-18,Parte I (Poder Executivo),nomeacao,VALDIR AGUSTINHO DE MELO,,,Governador,1,Wilson Jose Witzel - Governador,Wilson Jose Witzel,Executivo estadual,sim,AGUSTINHO:ORG|MELO:LOC|Valdir Agustinho De Melo:PER,sim,,da Fundação Centro Universitário Estadual da Zona Oeste - UEZO,"NOMEAR VALDIR AGUSTINHO DE MELO para exercer, com validade a contar de 02 de dezembro de 2013, o cargo em comissão de Assessor II, símbolo UEZO-6, da Fundação Centro Universitário Estadual da Zona Oeste - UEZO, da",https://www.ioerj.com.br/portal/modules/conteudoonline/mostra_edicao.php?session=VVZSSk5GRnJTa1ZTUlVWMFVYcE5OVkpETURCT1ZVMDBURlJyZWs5RlRYUk9WRTE2VWtSUmVVNXJXVFZQUkZaRFRWUmpNMDlFYTNkT1ZHdDVUVkU5UFE9PQ==,D:\github\exoneracoes_nomeacoes_dou\LAKE\RJ\2013\12\DOERJ_PARTE_I_PODER_EXECUTIVO_2013-12-18.md
RJ,Diario Oficial do Estado do Rio de Janeiro,2013-12-18,Parte I (Poder Executivo),exoneracao,LENY DE SOUSA LIMA,,LENY DE SOUSA LIMA DO CARGO EM COMISSÃO DE,Coordenador,12,Wilson Jose Witzel - Governador,Wilson Jose Witzel,Executivo estadual,sim,LENY:ORG|Leny De Sousa Lima:PER,sim,do cargo em comissão de Coordenador de Unidade,da Fundação de Apoio à Escola Técnica do Estado do Rio de Janeiro - FAETEC,"EXONERAR com validade a contar de 01 de junho de 2013, LENY DE SOUSA LIMA do cargo em comissão de Coordenador de Unidade, símbolo FAETEC 3, da Fundação de Apoio à Escola Técnica do Estado do Rio de Janeiro - FAETEC, da",https://www.ioerj.com.br/portal/modules/conteudoonline/mostra_edicao.php?session=VVZSSk5GRnJTa1ZTUlVWMFVYcE5OVkpETURCT1ZVMDBURlJyZWs5RlRYUk9WRTE2VWtSUmVVNXJXVFZQUkZaRFRWUmpNMDlFYTNkT1ZHdDVUVkU5UFE9PQ==,D:\github\exoneracoes_nomeacoes_dou\LAKE\RJ\2013\12\DOERJ_PARTE_I_PODER_EXECUTIVO_2013-12-18.md
RJ,Diario Oficial do Estado do Rio de Janeiro,2013-12-18,Parte I (Poder Executivo),nomeacao,GINA DOS SANTOS BARCELOS,,,Governador,1,Wilson Jose Witzel - Governador,Wilson Jose Witzel,Executivo estadual,sim,GINA DOS SANTOS BARCELOS:MISC|Gina Dos Santos Barcelos:PER,sim,,da Fundação de Apoio à Escola Técnica do Estado do Rio de Janeiro - FAETEC,"NOMEAR GINA DOS SANTOS BARCELOS para exercer, com validade a contar de 01 de junho de 2013, o cargo em comissão de Coordenador de Unidade, símbolo FAETEC 3, da Fundação de Apoio à Escola Técnica do Estado do Rio de Janeiro - FAETEC, da",https://www.ioerj.com.br/portal/modules/conteudoonline/mostra_edicao.php?session=VVZSSk5GRnJTa1ZTUlVWMFVYcE5OVkpETURCT1ZVMDBURlJyZWs5RlRYUk9WRTE2VWtSUmVVNXJXVFZQUkZaRFRWUmpNMDlFYTNkT1ZHdDVUVkU5UFE9PQ==,D:\github\exoneracoes_nomeacoes_dou\LAKE\RJ\2013\12\DOERJ_PARTE_I_PODER_EXECUTIVO_2013-12-18.md
RJ,Diario Oficial do Estado do Rio de Janeiro,2013-12-18,Parte I (Poder Executivo),nomeacao,MICHELLE TEIXEIRA PEREIRA,,,Governador,1,Wilson Jose Witzel - Governador,Wilson Jose Witzel,Executivo estadual,sim,MICHELLE TEIXEIRA PEREIRA:MISC|Michelle Teixeira Pereira:PER,sim,,da Fundação de Apoio à Escola Técnica do Estado do Rio de Janeiro - FAETEC,"NOMEAR MICHELLE TEIXEIRA PEREIRA para exercer, com validade a contar de 03 de setembro de 2013, o cargo em comissão de Coordenador de Unidade, símbolo FAETEC 3, da Fundação de Apoio à Escola Técnica do Estado do Rio de Janeiro - FAETEC, da",https://www.ioerj.com.br/portal/modules/conteudoonline/mostra_edicao.php?session=VVZSSk5GRnJTa1ZTUlVWMFVYcE5OVkpETURCT1ZVMDBURlJyZWs5RlRYUk9WRTE2VWtSUmVVNXJXVFZQUkZaRFRWUmpNMDlFYTNkT1ZHdDVUVkU5UFE9PQ==,D:\github\exoneracoes_nomeacoes_dou\LAKE\RJ\2013\12\DOERJ_PARTE_I_PODER_EXECUTIVO_2013-12-18.md
RJ,Diario Oficial do Estado do Rio de Janeiro,2013-12-18,Parte I (Poder Executivo),nomeacao,SIMONE LINO,,,Governador,1,Wilson Jose Witzel - Governador,Wilson Jose Witzel,Executivo estadual,sim,LINO:ORG|Simone Lino:PER,sim,para exercer o cargo em comissão de Secretário Escolar,da Fundação de Apoio à Escola Técnica do Estado do Rio de Janeiro - FAETEC,"NOMEAR SIMONE LINO DA SILVA , matrícula nº 823030-2, para exercer o cargo em comissão de Secretário Escolar, símbolo FAETEC 4, da Fundação de Apoio à Escola Técnica do Estado do Rio de Janeiro - FAETEC, da",https://www.ioerj.com.br/portal/modules/conteudoonline/mostra_edicao.php?session=VVZSSk5GRnJTa1ZTUlVWMFVYcE5OVkpETURCT1ZVMDBURlJyZWs5RlRYUk9WRTE2VWtSUmVVNXJXVFZQUkZaRFRWUmpNMDlFYTNkT1ZHdDVUVkU5UFE9PQ==,D:\github\exoneracoes_nomeacoes_dou\LAKE\RJ\2013\12\DOERJ_PARTE_I_PODER_EXECUTIVO_2013-12-18.md
RJ,Diario Oficial do Estado do Rio de Janeiro,2013-12-18,Parte I (Poder Executivo),exoneracao,TEREZA CRISTINA,,,Governador,1,Wilson Jose Witzel - Governador,Wilson Jose Witzel,Executivo estadual,sim,TEREZA CRISTINA:MISC|Tereza Cristina:PER,sim,do cargo em comissão de Secretário Escolar,da Fundação de Apoio à Escola Técnica do Estado do Rio de Janeiro -FAETEC,"EXONERAR a pedido, TEREZA CRISTINA DA SILVA CAERES , matrícula nº 001050-4, do cargo em comissão de Secretário Escolar, símbolo FAETEC 4, da Fundação de Apoio à Escola Técnica do Estado do Rio de Janeiro -FAETEC, da",https://www.ioerj.com.br/portal/modules/conteudoonline/mostra_edicao.php?session=VVZSSk5GRnJTa1ZTUlVWMFVYcE5OVkpETURCT1ZVMDBURlJyZWs5RlRYUk9WRTE2VWtSUmVVNXJXVFZQUkZaRFRWUmpNMDlFYTNkT1ZHdDVUVkU5UFE9PQ==,D:\github\exoneracoes_nomeacoes_dou\LAKE\RJ\2013\12\DOERJ_PARTE_I_PODER_EXECUTIVO_2013-12-18.md
RJ,Diario Oficial do Estado do Rio de Janeiro,2013-12-18,Parte I (Poder Executivo),nomeacao,DIONE HENRIQUE DE ARAUJO,,,Governador,1,Wilson Jose Witzel - Governador,Wilson Jose Witzel,Executivo estadual,sim,DIONE HENRIQUE:MISC|Dione Henrique De Araujo:PER,sim,,da Fundação Centro de Ciências e Educação Superior à Distância do Estado do Rio de Janeiro -CECIERJ,"NOMEAR DIONE HENRIQUE DE ARAUJO para exercer, com validade a contar de 01 de dezembro de 2013, o cargo em comissão de Assessor, símbolo CECIERJ V, da Fundação Centro de Ciências e Educação Superior à Distância do Estado do Rio de Janeiro -CECIERJ, da",https://www.ioerj.com.br/portal/modules/conteudoonline/mostra_edicao.php?session=VVZSSk5GRnJTa1ZTUlVWMFVYcE5OVkpETURCT1ZVMDBURlJyZWs5RlRYUk9WRTE2VWtSUmVVNXJXVFZQUkZaRFRWUmpNMDlFYTNkT1ZHdDVUVkU5UFE9PQ==,D:\github\exoneracoes_nomeacoes_dou\LAKE\RJ\2013\12\DOERJ_PARTE_I_PODER_EXECUTIVO_2013-12-18.md
RJ,Diario Oficial do Estado do Rio de Janeiro,2013-12-18,Parte I (Poder Executivo),exoneracao,VITOR BATISTA,,,Governador,1,Wilson Jose Witzel - Governador,Wilson Jose Witzel,Executivo estadual,sim,BATISTA:PER,sim,do cargo em comissão de Assessor III,da Fundação Centro Universitário Estadual da Zona Oeste - UEZO,"EXONERAR com validade a contar de 28 de novembro de 2013, VITOR BATISTA DA SILVA , matrícula nº 949-8, do cargo em comissão de Assessor III, símbolo UEZO-5, da Fundação Centro Universitário Estadual da Zona Oeste - UEZO, da",https://www.ioerj.com.br/portal/modules/conteudoonline/mostra_edicao.php?session=VVZSSk5GRnJTa1ZTUlVWMFVYcE5OVkpETURCT1ZVMDBURlJyZWs5RlRYUk9WRTE2VWtSUmVVNXJXVFZQUkZaRFRWUmpNMDlFYTNkT1ZHdDVUVkU5UFE9PQ==,D:\github\exoneracoes_nomeacoes_dou\LAKE\RJ\2013\12\DOERJ_PARTE_I_PODER_EXECUTIVO_2013-12-18.md
RJ,Diario Oficial do Estado do Rio de Janeiro,2013-12-18,Parte I (Poder Executivo),nomeacao,SÉRGIO DA SILVA DOS SANTOS,,,Governador,1,Wilson Jose Witzel - Governador,Wilson Jose Witzel,Executivo estadual,sim,SÉRGIO DA SILVA DOS SANTOS:MISC|Sérgio Da Silva Dos Santos:PER,sim,,da Fundação Centro Universitário Estadual da Zona Oeste - UEZO,"NOMEAR SÉRGIO DA SILVA DOS SANTOS para exercer, com validade a contar de 03 de dezembro de 2013, o cargo em comissão de Assessor III, símbolo UEZO-5, da Fundação Centro Universitário Estadual da Zona Oeste - UEZO, da",https://www.ioerj.com.br/portal/modules/conteudoonline/mostra_edicao.php?session=VVZSSk5GRnJTa1ZTUlVWMFVYcE5OVkpETURCT1ZVMDBURlJyZWs5RlRYUk9WRTE2VWtSUmVVNXJXVFZQUkZaRFRWUmpNMDlFYTNkT1ZHdDVUVkU5UFE9PQ==,D:\github\exoneracoes_nomeacoes_dou\LAKE\RJ\2013\12\DOERJ_PARTE_I_PODER_EXECUTIVO_2013-12-18.md
RJ,Diario Oficial do Estado do Rio de Janeiro,2013-12-18,DO Campos (Poder Executivo),nomeacao,JOSÉ LUIZ FERNANDES MOLINA FILHO,,,,,Wilson Jose Witzel - Governador,Wilson Jose Witzel,Executivo estadual,sim,JOSÉ LUIZ FERNANDES MOLINA FILHO:PER,sim,,,"NOMEAR JOSÉ LUIZ FERNANDES MOLINA FILHO, no cargo de Médico Cardiologista e CONVOCAR para comparecer na",https://www.ioerj.com.br/portal/modules/conteudoonline/mostra_edicao.php?session=VVZSbmVFOVVTVFJOUlZsMFVWVk5NMUY1TURCT1JHaEZURlJyZUU0d1RYUk5ha0UwVW1wWk0wNTZTa1ZQVkZKRlRWUmpNMDlFYTNkT1ZHdDVUVkU5UFE9PQ==,D:\github\exoneracoes_nomeacoes_dou\LAKE\RJ\2013\12\DOERJ_DO_CAMPOS_PODER_EXECUTIVO_2013-12-18.md
RJ,Diario Oficial do Estado do Rio de Janeiro,2013-12-16,Parte I (Poder Executivo),nomeacao,CLAUDIO SILVA MASCARENHAS LIMA ESTADUAL,,,Governador,1,Wilson Jose Witzel - Governador,Wilson Jose Witzel,Executivo estadual,sim,CLAUDIO SILVA MASCARENHAS LIMA:PER,sim,,,"NOMEAR CLAUDIO SILVA MASCARENHAS LIMA Estadual, Público ID , Defensor Funcional nº 1925488-1, para exercer, com va- lidade a contar de 05 de dezembro de 2013, o cargo em comissão de Subsecretário símbolo SS, da",https://www.ioerj.com.br/portal/modules/conteudoonline/mostra_edicao.php?session=VVd0Sk1rOVVaM2RQVlZsMFRYcFplRTFUTURCTmVrVjVURlZGTlU5RWEzUk5SRVUxVG10S1IwMUZSVEZOUkdzeVRWUmpNMDlFYTNkT2VrRXlUV2M5UFE9PQ==,D:\github\exoneracoes_nomeacoes_dou\LAKE\RJ\2013\12\DOERJ_PARTE_I_PODER_EXECUTIVO_2013-12-16.md
RJ,Diario Oficial do Estado do Rio de Janeiro,2013-12-16,DO Campos (Poder Executivo),nomeacao,EDSON COROA DE ANDRADE,,,Secretario,5,Wilson Jose Witzel - Governador,Wilson Jose Witzel,Executivo estadual,sim,EDSON:PER,sim,,,"NOMEAR interinamente, com base na Lei nº 8344/13, Edson Coroa de Andrade, para exercer na",https://www.ioerj.com.br/portal/modules/conteudoonline/mostra_edicao.php?session=VVZSV1IxSnFZM2hTYTFGMFVXcHJkMDFETURCT1JVNUVURlJuTUU0d1RYUlJWRmt6VFVWTmVFMUVWWGRTVlZVd1RWUmpNMDlFYTNkT2VrRXlUV2M5UFE9PQ==,D:\github\exoneracoes_nomeacoes_dou\LAKE\RJ\2013\12\DOERJ_DO_CAMPOS_PODER_EXECUTIVO_2013-12-16.md
RJ,Diario Oficial do Estado do Rio de Janeiro,2013-12-16,DO Campos (Poder Executivo),nomeacao,CARLOS ANTÔNIO GUIMARÃES BASÍLIO,,,Secretario,5,Wilson Jose Witzel - Governador,Wilson Jose Witzel,Executivo estadual,sim,CARLOS ANTÔNIO GUIMARÃES BASÍLIO:PER,sim,,,"NOMEAR interinamente, com base na Lei nº 8344/13, Carlos Antônio Guimarães Basílio, para exercer na Companhia de Desenvolvimento do Município de Campos dos Goytacazes - CODEMCA, o cargo em comissão de Vice-Presidente, Símbolo DAS-02, com vigência a contar da data de publicação. PREFEITURA MUNICIPAL DE CAMPOS DOS GOYTACAZES, 13 de dezembro de 2013. ## Rosinha Garotinho -Prefeita- ## Portaria N° 3349/2013 A PREFEITA DO MUNICÍPIO DE CAMPOS DOS GOYTACAZES, no uso de suas atribuições legais",https://www.ioerj.com.br/portal/modules/conteudoonline/mostra_edicao.php?session=VVZSV1IxSnFZM2hTYTFGMFVXcHJkMDFETURCT1JVNUVURlJuTUU0d1RYUlJWRmt6VFVWTmVFMUVWWGRTVlZVd1RWUmpNMDlFYTNkT2VrRXlUV2M5UFE9PQ==,D:\github\exoneracoes_nomeacoes_dou\LAKE\RJ\2013\12\DOERJ_DO_CAMPOS_PODER_EXECUTIVO_2013-12-16.md
RJ,Diario Oficial do Estado do Rio de Janeiro,2013-12-16,DO Campos (Poder Executivo),nomeacao,JÚLIO CÉSAR XAVIER RIBEIRO,,,Secretario,5,Wilson Jose Witzel - Governador,Wilson Jose Witzel,Executivo estadual,sim,JÚLIO CÉSAR XAVIER RIBEIRO:PER,sim,,,"NOMEAR interinamente, com base na Lei nº 8344/13, Júlio César Xavier Ribeiro, para exercer na Companhia de Desenvolvimento do Município de Campos dos Goytacazes - CODEMCA, o cargo em comissão de Diretor de Cemitérios Públicos, Símbolo DAS-03, com vigência a contar da data de publicação. PREFEITURA MUNICIPAL DE CAMPOS DOS GOYTACAZES, 13 de dezembro de 2013. Rosinha Garotinho -Prefeita- ##",https://www.ioerj.com.br/portal/modules/conteudoonline/mostra_edicao.php?session=VVZSV1IxSnFZM2hTYTFGMFVXcHJkMDFETURCT1JVNUVURlJuTUU0d1RYUlJWRmt6VFVWTmVFMUVWWGRTVlZVd1RWUmpNMDlFYTNkT2VrRXlUV2M5UFE9PQ==,D:\github\exoneracoes_nomeacoes_dou\LAKE\RJ\2013\12\DOERJ_DO_CAMPOS_PODER_EXECUTIVO_2013-12-16.md
RJ,Diario Oficial do Estado do Rio de Janeiro,2013-12-13,Parte I (Poder Executivo),nomeacao,MANUELA DIB RODRIGUEZ DE ABREU,,,Secretario,5,Wilson Jose Witzel - Governador,Wilson Jose Witzel,Executivo estadual,sim,MANUELA DIB:MISC|Manuela Dib Rodriguez:PER,sim,para exercer o cargo em comissão de Assistente III,do Gabinete da Presidência,"NOMEAR MANUELA DIB RODRIGUEZ DE ABREU para exercer o cargo em comissão de Assistente III, símbolo DAI-5, do Gabinete da Presidência, do Departamento de Trânsito do Estado do Rio de Janeiro - DETRAN/RJ, da",https://www.ioerj.com.br/portal/modules/conteudoonline/mostra_edicao.php?session=VDBST1FsSlVVWGROUkZsMFVrVlpNbEpETURCTmFrazFURlJuZWs1clJYUlJWRTE1VFRCVmVWSlVVa1ZSVkUwMFRWUmpNMDlFYTNkT2Vra3pUbWM5UFE9PQ==,D:\github\exoneracoes_nomeacoes_dou\LAKE\RJ\2013\12\DOERJ_PARTE_I_PODER_EXECUTIVO_2013-12-13.md
RJ,Diario Oficial do Estado do Rio de Janeiro,2013-12-13,Parte I (Poder Executivo),nomeacao,DAISE GONÇALVES DE SOUZA,,,Secretario,5,Wilson Jose Witzel - Governador,Wilson Jose Witzel,Executivo estadual,sim,DAISE GONÇALVES:MISC|Daise Gonçalves De Souza:PER,sim,,do Gabinete da Presidência,"NOMEAR DAISE GONÇALVES DE SOUZA para exercer, com validade a contar de 04 de novembro de 2013, o cargo em comissão de Assistente III, símbolo DAI-5, do Gabinete da Presidência, do Departamento de Trânsito do Estado do Rio de Janeiro -DETRAN/RJ, da",https://www.ioerj.com.br/portal/modules/conteudoonline/mostra_edicao.php?session=VDBST1FsSlVVWGROUkZsMFVrVlpNbEpETURCTmFrazFURlJuZWs1clJYUlJWRTE1VFRCVmVWSlVVa1ZSVkUwMFRWUmpNMDlFYTNkT2Vra3pUbWM5UFE9PQ==,D:\github\exoneracoes_nomeacoes_dou\LAKE\RJ\2013\12\DOERJ_PARTE_I_PODER_EXECUTIVO_2013-12-13.md
RJ,Diario Oficial do Estado do Rio de Janeiro,2013-12-13,Parte I (Poder Executivo),nomeacao,VLADIMIR MENDES MARMELLO,,,Secretario,5,Wilson Jose Witzel - Governador,Wilson Jose Witzel,Executivo estadual,sim,VLADIMIR MENDES MARMELLO:PER,sim,,,"NOMEAR VLADIMIR MENDES MARMELLO para exercer, com validade a contar de 28 de novembro de 2013, o cargo em comissão de Ajudante I, símbolo DAI-1, da",https://www.ioerj.com.br/portal/modules/conteudoonline/mostra_edicao.php?session=VDBST1FsSlVVWGROUkZsMFVrVlpNbEpETURCTmFrazFURlJuZWs1clJYUlJWRTE1VFRCVmVWSlVVa1ZSVkUwMFRWUmpNMDlFYTNkT2Vra3pUbWM5UFE9PQ==,D:\github\exoneracoes_nomeacoes_dou\LAKE\RJ\2013\12\DOERJ_PARTE_I_PODER_EXECUTIVO_2013-12-13.md
RJ,Diario Oficial do Estado do Rio de Janeiro,2013-12-13,Parte I (Poder Executivo),exoneracao,DAVID MICAEL,05011072-1,,Secretario,5,Wilson Jose Witzel - Governador,Wilson Jose Witzel,Executivo estadual,sim,DAVID MICAEL:MISC|David Micael:PER,sim,do cargo em comissão de Assistente,,"EXONERAR a pedido e com validade a contar de 06 de dezembro de 2013, DAVID MICAEL DA COSTA ALMEIDA , ID Funcional nº 05011072-1, do cargo em comissão de Assistente, símbolo DAS-6, da",https://www.ioerj.com.br/portal/modules/conteudoonline/mostra_edicao.php?session=VDBST1FsSlVVWGROUkZsMFVrVlpNbEpETURCTmFrazFURlJuZWs1clJYUlJWRTE1VFRCVmVWSlVVa1ZSVkUwMFRWUmpNMDlFYTNkT2Vra3pUbWM5UFE9PQ==,D:\github\exoneracoes_nomeacoes_dou\LAKE\RJ\2013\12\DOERJ_PARTE_I_PODER_EXECUTIVO_2013-12-13.md
RJ,Diario Oficial do Estado do Rio de Janeiro,2013-12-13,Parte I (Poder Executivo),nomeacao,ELAINE CHAVES FERREIRA,,,Secretario,5,Wilson Jose Witzel - Governador,Wilson Jose Witzel,Executivo estadual,sim,ELAINE:ORG|FERREIRA:ORG|Elaine Chaves Ferreira:PER,sim,,,"NOMEAR ELAINE CHAVES FERREIRA para exercer, com validade a contar de 01 de dezembro de 2013, o cargo em comissão de Auxiliar I, símbolo DAI-4, da",https://www.ioerj.com.br/portal/modules/conteudoonline/mostra_edicao.php?session=VDBST1FsSlVVWGROUkZsMFVrVlpNbEpETURCTmFrazFURlJuZWs1clJYUlJWRTE1VFRCVmVWSlVVa1ZSVkUwMFRWUmpNMDlFYTNkT2Vra3pUbWM5UFE9PQ==,D:\github\exoneracoes_nomeacoes_dou\LAKE\RJ\2013\12\DOERJ_PARTE_I_PODER_EXECUTIVO_2013-12-13.md
RJ,Diario Oficial do Estado do Rio de Janeiro,2013-12-13,Parte I (Poder Executivo),exoneracao,ID FUNCIONAL Nº5015946-1,5015946-1,,Secretario,5,Wilson Jose Witzel - Governador,Wilson Jose Witzel,Executivo estadual,sim,ID FUNCIONAL:PER,sim,do cargo em comissão de Auxiliar de Gabinete,do Departamento de Recursos Minerais -DRM,"EXONERAR a pedido e com validade a contar de 27 de novembro de 2013, VANICE DI RENNA VIANNA COSTA DE CARVALHO , ID Funcional nº5015946-1 do cargo em comissão de Auxiliar de Gabinete, símbolo DAI-1, do Departamento de Recursos Minerais -DRM, da",https://www.ioerj.com.br/portal/modules/conteudoonline/mostra_edicao.php?session=VDBST1FsSlVVWGROUkZsMFVrVlpNbEpETURCTmFrazFURlJuZWs1clJYUlJWRTE1VFRCVmVWSlVVa1ZSVkUwMFRWUmpNMDlFYTNkT2Vra3pUbWM5UFE9PQ==,D:\github\exoneracoes_nomeacoes_dou\LAKE\RJ\2013\12\DOERJ_PARTE_I_PODER_EXECUTIVO_2013-12-13.md
RJ,Diario Oficial do Estado do Rio de Janeiro,2013-12-13,Parte I (Poder Executivo),nomeacao,MARCELO VIEIRA SANTOS ALMEIDA,,,Secretario,5,Wilson Jose Witzel - Governador,Wilson Jose Witzel,Executivo estadual,sim,MARCELO VIEIRA SANTOS ALMEIDA:PER,sim,,do Departamento de Recursos Minerais - DRM,"NOMEAR MARCELO VIEIRA SANTOS ALMEIDA para exercer, com validade a contar de 29 de novembro de 2013, o cargo em comissão de Auxiliar de Gabinete, símbolo DAI-1, do Departamento de Recursos Minerais - DRM, da",https://www.ioerj.com.br/portal/modules/conteudoonline/mostra_edicao.php?session=VDBST1FsSlVVWGROUkZsMFVrVlpNbEpETURCTmFrazFURlJuZWs1clJYUlJWRTE1VFRCVmVWSlVVa1ZSVkUwMFRWUmpNMDlFYTNkT2Vra3pUbWM5UFE9PQ==,D:\github\exoneracoes_nomeacoes_dou\LAKE\RJ\2013\12\DOERJ_PARTE_I_PODER_EXECUTIVO_2013-12-13.md
RJ,Diario Oficial do Estado do Rio de Janeiro,2013-12-13,Parte I (Poder Executivo),nomeacao,RAQUEL BERNARDO SANTOS OLIVEIRA,,,Secretario,5,Wilson Jose Witzel - Governador,Wilson Jose Witzel,Executivo estadual,sim,RAQUEL:ORG|Raquel Bernardo Santos Oliveira:PER,sim,para exercer o cargo em comissão de Assessor Técnico,da Subsecretaria de Atenção à Saúde,"NOMEAR RAQUEL BERNARDO SANTOS OLIVEIRA para exercer o cargo em comissão de Assessor Técnico, símbolo DAS-8, da Subsecretaria de Atenção à Saúde, da",https://www.ioerj.com.br/portal/modules/conteudoonline/mostra_edicao.php?session=VDBST1FsSlVVWGROUkZsMFVrVlpNbEpETURCTmFrazFURlJuZWs1clJYUlJWRTE1VFRCVmVWSlVVa1ZSVkUwMFRWUmpNMDlFYTNkT2Vra3pUbWM5UFE9PQ==,D:\github\exoneracoes_nomeacoes_dou\LAKE\RJ\2013\12\DOERJ_PARTE_I_PODER_EXECUTIVO_2013-12-13.md
RJ,Diario Oficial do Estado do Rio de Janeiro,2013-12-13,Parte I (Poder Executivo),exoneracao,JOÃO CARLOS DIAS,871707-9,,Secretario,5,Wilson Jose Witzel - Governador,Wilson Jose Witzel,Executivo estadual,sim,JOÃO CARLOS DIAS:PER,sim,do cargo em comissão de Coordenador,da Superintendência Central de Perícias Médicas e Saúde Ocupacional,"EXONERAR JOÃO CARLOS DIAS DA SILVA , ID Funcional nº871707-9, do cargo em comissão de Coordenador, símbolo DAS-8, da Coordenação de Perícias Externas, da Superintendência Central de Perícias Médicas e Saúde Ocupacional, da Subsecretaria de Gestão do Trabalho e Executiva, da",https://www.ioerj.com.br/portal/modules/conteudoonline/mostra_edicao.php?session=VDBST1FsSlVVWGROUkZsMFVrVlpNbEpETURCTmFrazFURlJuZWs1clJYUlJWRTE1VFRCVmVWSlVVa1ZSVkUwMFRWUmpNMDlFYTNkT2Vra3pUbWM5UFE9PQ==,D:\github\exoneracoes_nomeacoes_dou\LAKE\RJ\2013\12\DOERJ_PARTE_I_PODER_EXECUTIVO_2013-12-13.md
RJ,Diario Oficial do Estado do Rio de Janeiro,2013-12-13,Parte I (Poder Executivo),exoneracao,RICARDO MARTINS,3116827-2,,Secretario,5,Wilson Jose Witzel - Governador,Wilson Jose Witzel,Executivo estadual,sim,RICARDO MARTINS:PER,sim,do cargo em comissão de Diretor Geral,do Instituto Estadual de Diabetes e Endocrinologia Luiz Capriglione,"EXONERAR RICARDO MARTINS DA ROCHA MEIRELLES , ID Funcional nº 3116827-2, do cargo em comissão de Diretor Geral, símbolo DAS-8, do Instituto Estadual de Diabetes e Endocrinologia Luiz Capriglione, da Superintendência de Unidades Próprias, da Subsecretaria de Unidades Próprias, da",https://www.ioerj.com.br/portal/modules/conteudoonline/mostra_edicao.php?session=VDBST1FsSlVVWGROUkZsMFVrVlpNbEpETURCTmFrazFURlJuZWs1clJYUlJWRTE1VFRCVmVWSlVVa1ZSVkUwMFRWUmpNMDlFYTNkT2Vra3pUbWM5UFE9PQ==,D:\github\exoneracoes_nomeacoes_dou\LAKE\RJ\2013\12\DOERJ_PARTE_I_PODER_EXECUTIVO_2013-12-13.md
RJ,Diario Oficial do Estado do Rio de Janeiro,2013-12-13,Parte I (Poder Executivo),exoneracao,ELIANE LOURANDES,3117498-1,,Secretario,5,Wilson Jose Witzel - Governador,Wilson Jose Witzel,Executivo estadual,sim,Eliane Lourandes:PER,sim,do cargo em comissão de Gerente,do Instituto Estadual de Diabetes e Endocrinologia Luiz Capriglione,"EXONERAR ELIANE LOURANDES DA SILVA LOPES , ID Funcional nº 3117498-1, do cargo em comissão de Gerente, símbolo DAS-6, da Gerência de Recursos Humanos, da Divisão Administrativa, do Instituto Estadual de Diabetes e Endocrinologia Luiz Capriglione, da Superintendência de Unidades Próprias, da Subsecretaria de Unidades Próprias, da",https://www.ioerj.com.br/portal/modules/conteudoonline/mostra_edicao.php?session=VDBST1FsSlVVWGROUkZsMFVrVlpNbEpETURCTmFrazFURlJuZWs1clJYUlJWRTE1VFRCVmVWSlVVa1ZSVkUwMFRWUmpNMDlFYTNkT2Vra3pUbWM5UFE9PQ==,D:\github\exoneracoes_nomeacoes_dou\LAKE\RJ\2013\12\DOERJ_PARTE_I_PODER_EXECUTIVO_2013-12-13.md
RJ,Diario Oficial do Estado do Rio de Janeiro,2013-12-13,Parte I (Poder Executivo),exoneracao,ID FUNCIONAL Nº4331185,4331185,,Secretario,5,Wilson Jose Witzel - Governador,Wilson Jose Witzel,Executivo estadual,sim,ID FUNCIONAL:PER,sim,do cargo em comissão de Assistente II,,"EXONERAR a pedido e com validade a contar de 22 de novembro de 2013, DANILLO TORRES PÁDUA , ID Funcional nº4331185, do cargo em comissão de Assistente II, símbolo DAI-6, da",https://www.ioerj.com.br/portal/modules/conteudoonline/mostra_edicao.php?session=VDBST1FsSlVVWGROUkZsMFVrVlpNbEpETURCTmFrazFURlJuZWs1clJYUlJWRTE1VFRCVmVWSlVVa1ZSVkUwMFRWUmpNMDlFYTNkT2Vra3pUbWM5UFE9PQ==,D:\github\exoneracoes_nomeacoes_dou\LAKE\RJ\2013\12\DOERJ_PARTE_I_PODER_EXECUTIVO_2013-12-13.md
RJ,Diario Oficial do Estado do Rio de Janeiro,2013-12-13,Parte I (Poder Executivo),nomeacao,CARLA FIALHO DE OLIVEIRA,,,Secretario,5,Wilson Jose Witzel - Governador,Wilson Jose Witzel,Executivo estadual,sim,CARLA FIALHO DE OLIVEIRA:PER,sim,para exercer o cargo em comissão de Assessor,,"NOMEAR CARLA FIALHO DE OLIVEIRA para exercer o cargo em comissão de Assessor, símbolo DAS-7, da",https://www.ioerj.com.br/portal/modules/conteudoonline/mostra_edicao.php?session=VDBST1FsSlVVWGROUkZsMFVrVlpNbEpETURCTmFrazFURlJuZWs1clJYUlJWRTE1VFRCVmVWSlVVa1ZSVkUwMFRWUmpNMDlFYTNkT2Vra3pUbWM5UFE9PQ==,D:\github\exoneracoes_nomeacoes_dou\LAKE\RJ\2013\12\DOERJ_PARTE_I_PODER_EXECUTIVO_2013-12-13.md
RJ,Diario Oficial do Estado do Rio de Janeiro,2013-12-13,Parte I (Poder Executivo),nomeacao,ELISEU LUIZ DE OLIVEIRA DA SILVA,,,Secretario,5,Wilson Jose Witzel - Governador,Wilson Jose Witzel,Executivo estadual,sim,ELISEU LUIZ DE OLIVEIRA DA SILVA:PER,sim,,,"NOMEAR ELISEU LUIZ DE OLIVEIRA DA SILVA para exercer, com validade a contar de 10 de dezembro de 2013, o cargo em comissão de Assessor, símbolo DAS-7, da",https://www.ioerj.com.br/portal/modules/conteudoonline/mostra_edicao.php?session=VDBST1FsSlVVWGROUkZsMFVrVlpNbEpETURCTmFrazFURlJuZWs1clJYUlJWRTE1VFRCVmVWSlVVa1ZSVkUwMFRWUmpNMDlFYTNkT2Vra3pUbWM5UFE9PQ==,D:\github\exoneracoes_nomeacoes_dou\LAKE\RJ\2013\12\DOERJ_PARTE_I_PODER_EXECUTIVO_2013-12-13.md
RJ,Diario Oficial do Estado do Rio de Janeiro,2013-12-13,DO Campos (Poder Executivo),nomeacao,COMO COMANDANTE RESPONSÁVEL PELO EFETIVO,,,Secretario,5,Wilson Jose Witzel - Governador,Wilson Jose Witzel,Executivo estadual,sim,COMANDANTE RESPONSÁVEL PELO:MISC|EFETIVO:ORG|Comandante Responsável:PER,sim,,,"NOMEAR o Guarda Civil Municipal ALESSANDRO RIBEIRO , matricula 13087, como Comandante Responsável pelo Efetivo da Baixada Campista. Campos dos Goytacazes, 12 de dezembro de 2013. ## Francisco José Pereira Melo Cmt Geral Interino da GCM ## Portaria nº. 1.133/2013 O Comandante da Guarda Civil Municipal, no uso de suas atribuições legais, com fulcro no Estatuto dos Funcionários Públicos do Município de Campos dos Goytacazes. - Lei 5.247 de 16 de dezembro de 1991",https://www.ioerj.com.br/portal/modules/conteudoonline/mostra_edicao.php?session=VG5wSk5WSlVaM2ROYWtsMFRqQmFSMUpUTURCUmFsVjRURlZGTkU5VVkzUk9WRkpDVFdwQ1JFNXJXa1ZOUkVVMFRWUmpNMDlFYTNkT2Vra3pUbWM5UFE9PQ==,D:\github\exoneracoes_nomeacoes_dou\LAKE\RJ\2013\12\DOERJ_DO_CAMPOS_PODER_EXECUTIVO_2013-12-13.md
RJ,Diario Oficial do Estado do Rio de Janeiro,2013-12-13,DO Campos (Poder Executivo),nomeacao,ANGÉLICA ROCHA PESSANHA,,EDSON BATISTA,Presidente,6,Wilson Jose Witzel - Governador,Wilson Jose Witzel,Executivo estadual,sim,ANGÉLICA ROCHA PESSANHA:PER,sim,para exercer o cargo de provimento em comissão de Assessora Política do Gabinete do Vereador,do Gabinete do Vereador,"NOMEAR Angélica Rocha Pessanha, para exercer o cargo de provimento em comissão de Assessora Política do Gabinete do Vereador, da Câmara Municipal de Campos dos Goytacazes, Símbolo CC-1, a partir de 1º de dezembro de 2013. Campos dos Goytacazes, 10 de dezembro de 2013. ## EDSON BATISTA -Presidente- Id: 1606649 Id: 1606694 ## HOMOLOGAÇÃO E ADJUDICAÇÃO Tendo em vista parecer da Comissão Permanente de Licitações, aprovo os atos praticados no processo nº 369/2013, HOMOLOGO o resultado do convite nº 037/13 e, em consequência, ADJUDICO o seu objeto, Contratação de empresa para Prestação de serviços de fotografias com entrega de CD e álbuns dos eventos da Câmara Municipal de Campos dos Goytacazes, à licitante vencedora: V.C. DOS SANTOS FOTOGRAFIA-ME , com o valor global de R$ 62.400,00 (sessenta e dois mil e quatrocentos reais) -inscrita no CNPJ nº. 27898709/0001-02. Em 10 de dezembro de 2013 Ed",https://www.ioerj.com.br/portal/modules/conteudoonline/mostra_edicao.php?session=VG5wSk5WSlVaM2ROYWtsMFRqQmFSMUpUTURCUmFsVjRURlZGTkU5VVkzUk9WRkpDVFdwQ1JFNXJXa1ZOUkVVMFRWUmpNMDlFYTNkT2Vra3pUbWM5UFE9PQ==,D:\github\exoneracoes_nomeacoes_dou\LAKE\RJ\2013\12\DOERJ_DO_CAMPOS_PODER_EXECUTIVO_2013-12-13.md
RJ,Diario Oficial do Estado do Rio de Janeiro,2013-12-12,DO Campos (Poder Executivo),nomeacao,ADALVARO NEVES RIBEIRO FILHO,,,Secretario,5,Wilson Jose Witzel - Governador,Wilson Jose Witzel,Executivo estadual,sim,ADALVARO NEVES RIBEIRO FILHO:ORG|Adalvaro Neves Ribeiro Filho:PER,sim,,,"NOMEAR interinamente, com base na Lei nº 8344/13, Adalvaro Neves Ribeiro Filho, para exercer na",https://www.ioerj.com.br/portal/modules/conteudoonline/mostra_edicao.php?session=VFhwU1JsRnFSa1JTUlZsMFRucEZOVkpETURCUlZHY3dURlZHUkZKclZYUk9NRWswVW10V1JrNVZSa1JPVlVwRVRWUmpNMDlFYTNkT2VsRjZUVUU5UFE9PQ==,D:\github\exoneracoes_nomeacoes_dou\LAKE\RJ\2013\12\DOERJ_DO_CAMPOS_PODER_EXECUTIVO_2013-12-12.md
RJ,Diario Oficial do Estado do Rio de Janeiro,2013-12-12,DO Campos (Poder Executivo),nomeacao,FERNANDA PESSANHA SIQUEIRA,,,Secretario,5,Wilson Jose Witzel - Governador,Wilson Jose Witzel,Executivo estadual,sim,PESSANHA SIQUEIRA:MISC|Fernanda Pessanha Siqueira:PER,sim,,,"NOMEAR com base na Lei nº 8476/13, Fernanda Pessanha Siqueira, para exercer na",https://www.ioerj.com.br/portal/modules/conteudoonline/mostra_edicao.php?session=VFhwU1JsRnFSa1JTUlZsMFRucEZOVkpETURCUlZHY3dURlZHUkZKclZYUk9NRWswVW10V1JrNVZSa1JPVlVwRVRWUmpNMDlFYTNkT2VsRjZUVUU5UFE9PQ==,D:\github\exoneracoes_nomeacoes_dou\LAKE\RJ\2013\12\DOERJ_DO_CAMPOS_PODER_EXECUTIVO_2013-12-12.md
RJ,Diario Oficial do Estado do Rio de Janeiro,2013-12-12,DO Campos (Poder Executivo),nomeacao,JULIANA CORRÊA SODRÉ,,,Secretario,5,Wilson Jose Witzel - Governador,Wilson Jose Witzel,Executivo estadual,sim,JULIANA CORRÊA:PER,sim,,,"NOMEAR com base na Lei nº 8344/13, Juliana Corrêa Sodré, para exercer na",https://www.ioerj.com.br/portal/modules/conteudoonline/mostra_edicao.php?session=VFhwU1JsRnFSa1JTUlZsMFRucEZOVkpETURCUlZHY3dURlZHUkZKclZYUk9NRWswVW10V1JrNVZSa1JPVlVwRVRWUmpNMDlFYTNkT2VsRjZUVUU5UFE9PQ==,D:\github\exoneracoes_nomeacoes_dou\LAKE\RJ\2013\12\DOERJ_DO_CAMPOS_PODER_EXECUTIVO_2013-12-12.md
RJ,Diario Oficial do Estado do Rio de Janeiro,2013-12-10,Parte I (Poder Executivo),nomeacao,MARCUS VINICIUS SILVA FURTADO,,,Governador,1,Wilson Jose Witzel - Governador,Wilson Jose Witzel,Executivo estadual,sim,MARCUS VINICIUS:PER,sim,para exercer o cargo em comissão de Secretário II,,"NOMEAR MARCUS VINICIUS SILVA FURTADO para exercer o cargo em comissão de Secretário II, símbolo DAI-5, da",https://www.ioerj.com.br/portal/modules/conteudoonline/mostra_edicao.php?session=VVdwRmQxSkVVa2RSTUVsMFVrUlZOVkpUTURCT2VrMDFURlZKZVUxNlozUk5SVkpEVFZSRk5GSnJVVFZPYWxsNlRWUmpNMDlFYTNkT2VtTXhUMEU5UFE9PQ==,D:\github\exoneracoes_nomeacoes_dou\LAKE\RJ\2013\12\DOERJ_PARTE_I_PODER_EXECUTIVO_2013-12-10.md
RJ,Diario Oficial do Estado do Rio de Janeiro,2013-12-10,Parte I (Poder Executivo),nomeacao,TIBÚRCIO FERREIRA DE SOUZA,,,Governador,1,Wilson Jose Witzel - Governador,Wilson Jose Witzel,Executivo estadual,sim,TIBÚRCIO FERREIRA DE SOUZA:MISC|Tibúrcio Ferreira De Souza:PER,sim,,,"NOMEAR TIBÚRCIO FERREIRA DE SOUZA para exercer, com validade a contar de 21 de outubro de 2013, o cargo em comissão de Ajudante II, símbolo DAI-2, da",https://www.ioerj.com.br/portal/modules/conteudoonline/mostra_edicao.php?session=VVdwRmQxSkVVa2RSTUVsMFVrUlZOVkpUTURCT2VrMDFURlZKZVUxNlozUk5SVkpEVFZSRk5GSnJVVFZPYWxsNlRWUmpNMDlFYTNkT2VtTXhUMEU5UFE9PQ==,D:\github\exoneracoes_nomeacoes_dou\LAKE\RJ\2013\12\DOERJ_PARTE_I_PODER_EXECUTIVO_2013-12-10.md
RJ,Diario Oficial do Estado do Rio de Janeiro,2013-12-10,Parte I (Poder Executivo),nomeacao,MARCIA GOMES LEONARDO,,,Governador,1,Wilson Jose Witzel - Governador,Wilson Jose Witzel,Executivo estadual,sim,MARCIA GOMES LEONARDO:MISC|Gomes Leonardo:PER,sim,,,"NOMEAR MARCIA GOMES LEONARDO para exercer, com validade a contar de 15 de novembro de 2013, o cargo em comissão de Ajudante I, símbolo DAI-1, da",https://www.ioerj.com.br/portal/modules/conteudoonline/mostra_edicao.php?session=VVdwRmQxSkVVa2RSTUVsMFVrUlZOVkpUTURCT2VrMDFURlZKZVUxNlozUk5SVkpEVFZSRk5GSnJVVFZPYWxsNlRWUmpNMDlFYTNkT2VtTXhUMEU5UFE9PQ==,D:\github\exoneracoes_nomeacoes_dou\LAKE\RJ\2013\12\DOERJ_PARTE_I_PODER_EXECUTIVO_2013-12-10.md
RJ,Diario Oficial do Estado do Rio de Janeiro,2013-12-10,Parte I (Poder Executivo),nomeacao,RODRIGO DE ALMEIDA BARREIROS,,,Governador,1,Wilson Jose Witzel - Governador,Wilson Jose Witzel,Executivo estadual,sim,RODRIGO DE ALMEIDA:MISC|Rodrigo De Almeida Barreiros:PER,sim,,,"NOMEAR RODRIGO DE ALMEIDA BARREIROS para exercer, com validade a contar de 01 de dezembro de 2013, o cargo em comissão de Assistente II, símbolo DAI-6, da",https://www.ioerj.com.br/portal/modules/conteudoonline/mostra_edicao.php?session=VVdwRmQxSkVVa2RSTUVsMFVrUlZOVkpUTURCT2VrMDFURlZKZVUxNlozUk5SVkpEVFZSRk5GSnJVVFZPYWxsNlRWUmpNMDlFYTNkT2VtTXhUMEU5UFE9PQ==,D:\github\exoneracoes_nomeacoes_dou\LAKE\RJ\2013\12\DOERJ_PARTE_I_PODER_EXECUTIVO_2013-12-10.md
RJ,Diario Oficial do Estado do Rio de Janeiro,2013-12-10,Parte I (Poder Executivo),nomeacao,JOSÉ WALDSON SANTOS DE SÁ,,,Governador,1,Wilson Jose Witzel - Governador,Wilson Jose Witzel,Executivo estadual,sim,JOSÉ WALDSON SANTOS DE SÁ:PER,sim,para exercer o cargo em comissão de Assessor,,"NOMEAR JOSÉ WALDSON SANTOS DE SÁ para exercer o cargo em comissão de Assessor, símbolo DAS-8, da",https://www.ioerj.com.br/portal/modules/conteudoonline/mostra_edicao.php?session=VVdwRmQxSkVVa2RSTUVsMFVrUlZOVkpUTURCT2VrMDFURlZKZVUxNlozUk5SVkpEVFZSRk5GSnJVVFZPYWxsNlRWUmpNMDlFYTNkT2VtTXhUMEU5UFE9PQ==,D:\github\exoneracoes_nomeacoes_dou\LAKE\RJ\2013\12\DOERJ_PARTE_I_PODER_EXECUTIVO_2013-12-10.md
RJ,Diario Oficial do Estado do Rio de Janeiro,2013-12-10,Parte I (Poder Executivo),exoneracao,GILBER SOBRAL,1983945-6,,Governador,1,Wilson Jose Witzel - Governador,Wilson Jose Witzel,Executivo estadual,sim,GILBER SOBRAL:PER,sim,do cargo em comissão de Diretor-Adjunto,do Departamento Geral de Ações Sócioeducativas - DEGASE,"EXONERAR com validade a contar de 30 de novembro de 2013, GILBER SOBRAL DA SILVA , ID Funcional nº 1983945-6, do cargo em comissão de Diretor-Adjunto, símbolo DAS-6, do Departamento Geral de Ações Sócioeducativas - DEGASE, da",https://www.ioerj.com.br/portal/modules/conteudoonline/mostra_edicao.php?session=VVdwRmQxSkVVa2RSTUVsMFVrUlZOVkpUTURCT2VrMDFURlZKZVUxNlozUk5SVkpEVFZSRk5GSnJVVFZPYWxsNlRWUmpNMDlFYTNkT2VtTXhUMEU5UFE9PQ==,D:\github\exoneracoes_nomeacoes_dou\LAKE\RJ\2013\12\DOERJ_PARTE_I_PODER_EXECUTIVO_2013-12-10.md
RJ,Diario Oficial do Estado do Rio de Janeiro,2013-12-10,Parte I (Poder Executivo),exoneracao,ID FUNCIONAL Nº 5014586-0,5014586-0,,Governador,1,Wilson Jose Witzel - Governador,Wilson Jose Witzel,Executivo estadual,sim,ID FUNCIONAL:PER,sim,do cargo em comissão de Assessor-Chefe,,"EXONERAR ROBSON MONTEIRO DE CARVALHO , ID Funcional nº 5014586-0 do cargo em comissão de Assessor-Chefe, símbolo DAS-8, do Centro Comunitário de Defesa da Cidadania - Parada de Lucas/Vigário Geral, da Coordenadoria dos Centros Comunitários de Defesa da Cidadania -CCDCs, da",https://www.ioerj.com.br/portal/modules/conteudoonline/mostra_edicao.php?session=VVdwRmQxSkVVa2RSTUVsMFVrUlZOVkpUTURCT2VrMDFURlZKZVUxNlozUk5SVkpEVFZSRk5GSnJVVFZPYWxsNlRWUmpNMDlFYTNkT2VtTXhUMEU5UFE9PQ==,D:\github\exoneracoes_nomeacoes_dou\LAKE\RJ\2013\12\DOERJ_PARTE_I_PODER_EXECUTIVO_2013-12-10.md
RJ,Diario Oficial do Estado do Rio de Janeiro,2013-12-10,Parte I (Poder Executivo),nomeacao,JANAINA DE ANDRADE ALVES,,,Governador,1,Wilson Jose Witzel - Governador,Wilson Jose Witzel,Executivo estadual,sim,JANAINA DE ANDRADE:MISC|Janaina De Andrade Alves:PER,sim,para exercer o cargo em comissão de Assessor-Chefe,,"NOMEAR JANAINA DE ANDRADE ALVES para exercer o cargo em comissão de Assessor-Chefe, símbolo DAS-8, do Centro Comunitário de Defesa da Cidadania - Parada de Lucas/Vigário Geral, da Coordenadoria dos Centros Comunitários de Defesa da Cidadania -CCDCs, da",https://www.ioerj.com.br/portal/modules/conteudoonline/mostra_edicao.php?session=VVdwRmQxSkVVa2RSTUVsMFVrUlZOVkpUTURCT2VrMDFURlZKZVUxNlozUk5SVkpEVFZSRk5GSnJVVFZPYWxsNlRWUmpNMDlFYTNkT2VtTXhUMEU5UFE9PQ==,D:\github\exoneracoes_nomeacoes_dou\LAKE\RJ\2013\12\DOERJ_PARTE_I_PODER_EXECUTIVO_2013-12-10.md
RJ,Diario Oficial do Estado do Rio de Janeiro,2013-12-10,Parte I (Poder Executivo),nomeacao,CARLA CHRISTINE MORLEY,,,Governador,1,Wilson Jose Witzel - Governador,Wilson Jose Witzel,Executivo estadual,sim,CARLA CHRISTINE MORLEY:MISC|Carla Christine Morley:PER,sim,,,"NOMEAR CARLA CHRISTINE MORLEY para exercer, com validade a contar de 02 de dezembro de 2013, o cargo em comissão de Assessor, símbolo DAS-7, da Coordenadoria de Programas e Projetos Institucionais, da",https://www.ioerj.com.br/portal/modules/conteudoonline/mostra_edicao.php?session=VVdwRmQxSkVVa2RSTUVsMFVrUlZOVkpUTURCT2VrMDFURlZKZVUxNlozUk5SVkpEVFZSRk5GSnJVVFZPYWxsNlRWUmpNMDlFYTNkT2VtTXhUMEU5UFE9PQ==,D:\github\exoneracoes_nomeacoes_dou\LAKE\RJ\2013\12\DOERJ_PARTE_I_PODER_EXECUTIVO_2013-12-10.md
RJ,Diario Oficial do Estado do Rio de Janeiro,2013-12-10,Parte I (Poder Executivo),nomeacao,AILTON FELIPE CIVICO,,,Governador,1,Wilson Jose Witzel - Governador,Wilson Jose Witzel,Executivo estadual,sim,AILTON FELIPE CIVICO:ORG|Ailton Felipe Civico:PER,sim,para exercer o cargo em comissão de Assistente,do Departamento Geral de Administração e Finanças,"NOMEAR AILTON FELIPE CIVICO para exercer o cargo em comissão de Assistente, símbolo DAS-6, da Divisão de Serviços Gerais, do Departamento Geral de Administração e Finanças, da",https://www.ioerj.com.br/portal/modules/conteudoonline/mostra_edicao.php?session=VVdwRmQxSkVVa2RSTUVsMFVrUlZOVkpUTURCT2VrMDFURlZKZVUxNlozUk5SVkpEVFZSRk5GSnJVVFZPYWxsNlRWUmpNMDlFYTNkT2VtTXhUMEU5UFE9PQ==,D:\github\exoneracoes_nomeacoes_dou\LAKE\RJ\2013\12\DOERJ_PARTE_I_PODER_EXECUTIVO_2013-12-10.md
RJ,Diario Oficial do Estado do Rio de Janeiro,2013-12-10,Parte I (Poder Executivo),nomeacao,SILVIA DE PAIVA PEREIRA DA SILVA,,,Governador,1,Wilson Jose Witzel - Governador,Wilson Jose Witzel,Executivo estadual,sim,SILVIA DE PAIVA PEREIRA DA SILVA:PER,sim,da Assessoria Jurídica,,"NOMEAR SILVIA DE PAIVA PEREIRA DA SILVA para exercer, com validade a contar de 02 de dezembro de 2013, o cargo em comissão de Assistente, símbolo DAS-6, da Assessoria Jurídica, da",https://www.ioerj.com.br/portal/modules/conteudoonline/mostra_edicao.php?session=VVdwRmQxSkVVa2RSTUVsMFVrUlZOVkpUTURCT2VrMDFURlZKZVUxNlozUk5SVkpEVFZSRk5GSnJVVFZPYWxsNlRWUmpNMDlFYTNkT2VtTXhUMEU5UFE9PQ==,D:\github\exoneracoes_nomeacoes_dou\LAKE\RJ\2013\12\DOERJ_PARTE_I_PODER_EXECUTIVO_2013-12-10.md
RJ,Diario Oficial do Estado do Rio de Janeiro,2013-12-10,Parte I (Poder Executivo),nomeacao,WANDA CAROLINE RIBEIRO DE OLIVEIRA,,,Governador,1,Wilson Jose Witzel - Governador,Wilson Jose Witzel,Executivo estadual,sim,WANDA CAROLINE RIBEIRO DE OLIVEIRA:MISC|Wanda Caroline Ribeiro De Oliveira:PER,sim,,,"NOMEAR WANDA CAROLINE RIBEIRO DE OLIVEIRA para exercer, com validade a contar de 02 de dezembro de 2013, o cargo em comissão de Assistente III, símbolo DAI-5, da",https://www.ioerj.com.br/portal/modules/conteudoonline/mostra_edicao.php?session=VVdwRmQxSkVVa2RSTUVsMFVrUlZOVkpUTURCT2VrMDFURlZKZVUxNlozUk5SVkpEVFZSRk5GSnJVVFZPYWxsNlRWUmpNMDlFYTNkT2VtTXhUMEU5UFE9PQ==,D:\github\exoneracoes_nomeacoes_dou\LAKE\RJ\2013\12\DOERJ_PARTE_I_PODER_EXECUTIVO_2013-12-10.md
RJ,Diario Oficial do Estado do Rio de Janeiro,2013-12-10,Parte I (Poder Executivo),nomeacao,PAULA ESPOSEL CARNEIRO DE MESQUITA,,,Governador,1,Wilson Jose Witzel - Governador,Wilson Jose Witzel,Executivo estadual,sim,MESQUITA:LOC|Paula Esposel Carneiro De Mesquita:PER,sim,,,"NOMEAR PAULA ESPOSEL CARNEIRO DE MESQUITA para exercer, com validade a contar de 02 de dezembro de 2013, o cargo em comissão de Assistente III, símbolo DAI-5, da",https://www.ioerj.com.br/portal/modules/conteudoonline/mostra_edicao.php?session=VVdwRmQxSkVVa2RSTUVsMFVrUlZOVkpUTURCT2VrMDFURlZKZVUxNlozUk5SVkpEVFZSRk5GSnJVVFZPYWxsNlRWUmpNMDlFYTNkT2VtTXhUMEU5UFE9PQ==,D:\github\exoneracoes_nomeacoes_dou\LAKE\RJ\2013\12\DOERJ_PARTE_I_PODER_EXECUTIVO_2013-12-10.md
RJ,Diario Oficial do Estado do Rio de Janeiro,2013-12-10,Parte I (Poder Executivo),nomeacao,LÍVIA FANAIA FURTADO SICILIANO,,,Secretario,5,Wilson Jose Witzel - Governador,Wilson Jose Witzel,Executivo estadual,sim,LÍVIA FANAIA:PER,sim,,da Fundação Saúde do Rio de Janeiro,"NOMEAR LÍVIA FANAIA FURTADO SICILIANO, matrícula 6766-0, para exercer, com validade a contar de 04/12/2013, o cargo de livre provimento de ASSESSOR IV, símbolo ASS IV, da Gerência Jurídica de Recursos Humanos da Diretoria Jurídica da Fundação Saúde do Rio de Janeiro. Id: 1604104. A faturar por empenho ##",https://www.ioerj.com.br/portal/modules/conteudoonline/mostra_edicao.php?session=VVdwRmQxSkVVa2RSTUVsMFVrUlZOVkpUTURCT2VrMDFURlZKZVUxNlozUk5SVkpEVFZSRk5GSnJVVFZPYWxsNlRWUmpNMDlFYTNkT2VtTXhUMEU5UFE9PQ==,D:\github\exoneracoes_nomeacoes_dou\LAKE\RJ\2013\12\DOERJ_PARTE_I_PODER_EXECUTIVO_2013-12-10.md
RJ,Diario Oficial do Estado do Rio de Janeiro,2013-12-10,DO Campos (Poder Executivo),nomeacao,LUCIANO GOMES COLINO,,,,,Wilson Jose Witzel - Governador,Wilson Jose Witzel,Executivo estadual,sim,LUCIANO GOMES COLINO:MISC|Luciano Gomes Colino:PER,sim,,,"NOMEAR com base na Lei nº 8476/13, Luciano Gomes Colino para exercer na",https://www.ioerj.com.br/portal/modules/conteudoonline/mostra_edicao.php?session=VVRCSk5WSkVRa0pPVlVsMFRsUldSVkY1TURCUFZGa3lURlJyTkUxVWEzUlNhMFV6VVd0RmVVNVVVVEZQVkZaRFRWUmpNMDlFYTNkT2VtTXhUMEU5UFE9PQ==,D:\github\exoneracoes_nomeacoes_dou\LAKE\RJ\2013\12\DOERJ_DO_CAMPOS_PODER_EXECUTIVO_2013-12-10.md
RJ,Diario Oficial do Estado do Rio de Janeiro,2013-12-10,DO Campos (Poder Executivo),nomeacao,ELIANE ALEXANDRINO BERNARDO,,,,,Wilson Jose Witzel - Governador,Wilson Jose Witzel,Executivo estadual,sim,ALEXANDRINO BERNARDO:ORG|Eliane Alexandrino Bernardo:PER,sim,,,"NOMEAR com base na Lei nº 8360/13, Eliane Alexandrino Bernardo, para exercer no Instituto Municipal de Trânsito e Transporte -IMTT, o cargo em comissão de Chefe da Divisão de Recursos Humanos, Símbolo DAS-07, com vigência a contar da data de publicação. PREFEITURA MUNICIPAL DE CAMPOS DOS GOYTACAZES, 09 de dezembro de 2013 ## Rosinha Garotinho -Prefeita- ## Portaria N°3325/2013 A PREFEITA DO MUNICÍPIO DE CAMPOS DOS GOYTACAZES, no uso de suas atribuições legais",https://www.ioerj.com.br/portal/modules/conteudoonline/mostra_edicao.php?session=VVRCSk5WSkVRa0pPVlVsMFRsUldSVkY1TURCUFZGa3lURlJyTkUxVWEzUlNhMFV6VVd0RmVVNVVVVEZQVkZaRFRWUmpNMDlFYTNkT2VtTXhUMEU5UFE9PQ==,D:\github\exoneracoes_nomeacoes_dou\LAKE\RJ\2013\12\DOERJ_DO_CAMPOS_PODER_EXECUTIVO_2013-12-10.md
RJ,Diario Oficial do Estado do Rio de Janeiro,2013-12-10,DO Campos (Poder Executivo),nomeacao,JOSÉ RICARDO DE SÁ SARDINHA,,,,,Wilson Jose Witzel - Governador,Wilson Jose Witzel,Executivo estadual,sim,JOSÉ RICARDO DE SÁ:PER,sim,,,"NOMEAR com base na Lei nº 8476/13, José Ricardo de Sá Sardinha para exercer na",https://www.ioerj.com.br/portal/modules/conteudoonline/mostra_edicao.php?session=VVRCSk5WSkVRa0pPVlVsMFRsUldSVkY1TURCUFZGa3lURlJyTkUxVWEzUlNhMFV6VVd0RmVVNVVVVEZQVkZaRFRWUmpNMDlFYTNkT2VtTXhUMEU5UFE9PQ==,D:\github\exoneracoes_nomeacoes_dou\LAKE\RJ\2013\12\DOERJ_DO_CAMPOS_PODER_EXECUTIVO_2013-12-10.md
RJ,Diario Oficial do Estado do Rio de Janeiro,2013-12-10,DO Campos (Poder Executivo),nomeacao,DÉBORA FELIPE DE SOUZA BATISTA,,,,,Wilson Jose Witzel - Governador,Wilson Jose Witzel,Executivo estadual,sim,DÉBORA FELIPE DE:MISC|BATISTA:PER,sim,,,"NOMEAR com base na Lei nº 8344/13, Débora Felipe de Souza Batista, para exercer na Assessoria Particular o cargo em co- <!-- image --> Id: 1604709 CLXX - Poder Executivo - Campos dos Goytacazes ## PODER EXECUTIVO missão de Assessora Particular da Prefeita, Símbolo DAS-01, com vigência a contar de 01/12/2013. PREFEITURA MUNICIPAL DE CAMPOS DOS GOYTACAZES, 09 de dezembro de 2013 ## Rosinha Garotinho -Prefeita- ## Portaria N°3328/2013 A PREFEITA DO MUNICÍPIO DE CAMPOS DOS GOYTACAZES, no uso de suas atribuições legais",https://www.ioerj.com.br/portal/modules/conteudoonline/mostra_edicao.php?session=VVRCSk5WSkVRa0pPVlVsMFRsUldSVkY1TURCUFZGa3lURlJyTkUxVWEzUlNhMFV6VVd0RmVVNVVVVEZQVkZaRFRWUmpNMDlFYTNkT2VtTXhUMEU5UFE9PQ==,D:\github\exoneracoes_nomeacoes_dou\LAKE\RJ\2013\12\DOERJ_DO_CAMPOS_PODER_EXECUTIVO_2013-12-10.md
RJ,Diario Oficial do Estado do Rio de Janeiro,2013-12-10,DO Campos (Poder Executivo),nomeacao,RODRIGO CHERENE VIANA BARROS,,,,,Wilson Jose Witzel - Governador,Wilson Jose Witzel,Executivo estadual,sim,RODRIGO:ORG|Rodrigo Cherene Viana Barros:PER,sim,,,"NOMEAR com base na Lei nº 8344/13, Rodrigo Cherene Viana Barros, para exercer na",https://www.ioerj.com.br/portal/modules/conteudoonline/mostra_edicao.php?session=VVRCSk5WSkVRa0pPVlVsMFRsUldSVkY1TURCUFZGa3lURlJyTkUxVWEzUlNhMFV6VVd0RmVVNVVVVEZQVkZaRFRWUmpNMDlFYTNkT2VtTXhUMEU5UFE9PQ==,D:\github\exoneracoes_nomeacoes_dou\LAKE\RJ\2013\12\DOERJ_DO_CAMPOS_PODER_EXECUTIVO_2013-12-10.md
RJ,Diario Oficial do Estado do Rio de Janeiro,2013-12-09,Parte I (Poder Executivo),nomeacao,SINESIO FONSECA DE SOUSA,,,Governador,1,Wilson Jose Witzel - Governador,Wilson Jose Witzel,Executivo estadual,sim,SINESIO FONSECA DE:PER,sim,,,"NOMEAR SINESIO FONSECA DE SOUSA para exercer, com validade a contar de 01 de dezembro de 2013, o cargo em comissão de Ouvidor, símbolo DG, da Ouvidoria do Trabalho e Renda, da",https://www.ioerj.com.br/portal/modules/conteudoonline/mostra_edicao.php?session=VVdwYVEwNXFRVEJPVkUxMFVsVkdSMUZUTURCUlZGWkdURlZHUkU1VVkzUlNSVVpFVVhwTmVrMTZVVEZTUkZKR1RWUmpNMDlFYTNkUFJFRXhUMEU5UFE9PQ==,D:\github\exoneracoes_nomeacoes_dou\LAKE\RJ\2013\12\DOERJ_PARTE_I_PODER_EXECUTIVO_2013-12-09.md
RJ,Diario Oficial do Estado do Rio de Janeiro,2013-12-09,Parte I (Poder Executivo),exoneracao,CECÍLIA MACEDO ROCHA,5018570-5,,Secretario,5,Wilson Jose Witzel - Governador,Wilson Jose Witzel,Executivo estadual,sim,ROCHA:MISC|Cecília Macedo Rocha:PER,sim,do cargo em comissão de Assessor,do Gabinete do Secretário,"EXONERAR CECÍLIA MACEDO ROCHA DA SILVA , ID Funcional nº 5018570-5, do cargo em comissão de Assessor, símbolo DAS-7, da 2ª Comissão Permanente de Inquérito Administrativo, da Assessoria de Inquérito Administrativo, do Gabinete do Secretário, da",https://www.ioerj.com.br/portal/modules/conteudoonline/mostra_edicao.php?session=VVdwYVEwNXFRVEJPVkUxMFVsVkdSMUZUTURCUlZGWkdURlZHUkU1VVkzUlNSVVpFVVhwTmVrMTZVVEZTUkZKR1RWUmpNMDlFYTNkUFJFRXhUMEU5UFE9PQ==,D:\github\exoneracoes_nomeacoes_dou\LAKE\RJ\2013\12\DOERJ_PARTE_I_PODER_EXECUTIVO_2013-12-09.md
RJ,Diario Oficial do Estado do Rio de Janeiro,2013-12-09,Parte I (Poder Executivo),nomeacao,CECÍLIA MACEDO ROCHA,5018570-5,,Secretario,5,Wilson Jose Witzel - Governador,Wilson Jose Witzel,Executivo estadual,sim,ROCHA:MISC|Cecília Macedo Rocha:PER,sim,para exercer o cargo em comissão de Assessor Revisor,do Gabinete do Secretário,"NOMEAR CECÍLIA MACEDO ROCHA DA SILVA , ID Funcional nº 5018570-5, para exercer o cargo em comissão de Assessor Revisor, símbolo DAS-8, da 2ª Comissão Permanente de Inquérito Administrativo, da Assessoria de Inquérito Administrativo, do Gabinete do Secretário, da",https://www.ioerj.com.br/portal/modules/conteudoonline/mostra_edicao.php?session=VVdwYVEwNXFRVEJPVkUxMFVsVkdSMUZUTURCUlZGWkdURlZHUkU1VVkzUlNSVVpFVVhwTmVrMTZVVEZTUkZKR1RWUmpNMDlFYTNkUFJFRXhUMEU5UFE9PQ==,D:\github\exoneracoes_nomeacoes_dou\LAKE\RJ\2013\12\DOERJ_PARTE_I_PODER_EXECUTIVO_2013-12-09.md
RJ,Diario Oficial do Estado do Rio de Janeiro,2013-12-09,Parte I (Poder Executivo),nomeacao,MARCIO WILLIANS,1994535-3,,Secretario,5,Wilson Jose Witzel - Governador,Wilson Jose Witzel,Executivo estadual,sim,MARCIO:ORG|WILLIANS:ORG|Marcio Willians:PER,sim,,da Subsecretaria-Adjunta de Gestão Operacional,"NOMEAR MARCIO WILLIANS DO NASCIMENTO , Inspetor Segurança e Administração Penitenciária, ID Funcional nº 1994535-3, para exercer, com validade a contar de 19 de agosto de 2013, o cargo em comissão de Subdiretor, símbolo DAS-6, da Penitenciária Vieira Ferreira Neto, da Coordenação de Unidades Prisionais da Grande Niterói e Norte/Noroeste, da Subsecretaria-Adjunta de Gestão Operacional, da",https://www.ioerj.com.br/portal/modules/conteudoonline/mostra_edicao.php?session=VVdwYVEwNXFRVEJPVkUxMFVsVkdSMUZUTURCUlZGWkdURlZHUkU1VVkzUlNSVVpFVVhwTmVrMTZVVEZTUkZKR1RWUmpNMDlFYTNkUFJFRXhUMEU5UFE9PQ==,D:\github\exoneracoes_nomeacoes_dou\LAKE\RJ\2013\12\DOERJ_PARTE_I_PODER_EXECUTIVO_2013-12-09.md
RJ,Diario Oficial do Estado do Rio de Janeiro,2013-12-09,Parte I (Poder Executivo),nomeacao,VALERIA NOBRE SANT'ANA,,,Secretario,5,Wilson Jose Witzel - Governador,Wilson Jose Witzel,Executivo estadual,sim,NOBRE:ORG|Valeria Nobre Sant'Ana:PER,sim,,,"NOMEAR VALERIA NOBRE SANT'ANA para exercer, com validade a contar de 01 de dezembro de 2013, o cargo em comissão de Assessor, símbolo DAS-8, da",https://www.ioerj.com.br/portal/modules/conteudoonline/mostra_edicao.php?session=VVdwYVEwNXFRVEJPVkUxMFVsVkdSMUZUTURCUlZGWkdURlZHUkU1VVkzUlNSVVpFVVhwTmVrMTZVVEZTUkZKR1RWUmpNMDlFYTNkUFJFRXhUMEU5UFE9PQ==,D:\github\exoneracoes_nomeacoes_dou\LAKE\RJ\2013\12\DOERJ_PARTE_I_PODER_EXECUTIVO_2013-12-09.md
RJ,Diario Oficial do Estado do Rio de Janeiro,2013-12-09,Parte I (Poder Executivo),nomeacao,RODOLFO VELLOSO BENTO,,,Secretario,5,Wilson Jose Witzel - Governador,Wilson Jose Witzel,Executivo estadual,sim,RODOLFO VELLOSO BENTO:MISC|Rodolfo Velloso Bento:PER,sim,,do Departamento Geral de Administração e Finanças,"NOMEAR RODOLFO VELLOSO BENTO para exercer, com validade a contar de 01 de dezembro de 2013, o cargo em comissão de Chefe de Serviço, símbolo DAI-6, do Serviço de Reprografia, da Divisão de Serviços Gerais, do Departamento Geral de Administração e Finanças, da",https://www.ioerj.com.br/portal/modules/conteudoonline/mostra_edicao.php?session=VVdwYVEwNXFRVEJPVkUxMFVsVkdSMUZUTURCUlZGWkdURlZHUkU1VVkzUlNSVVpFVVhwTmVrMTZVVEZTUkZKR1RWUmpNMDlFYTNkUFJFRXhUMEU5UFE9PQ==,D:\github\exoneracoes_nomeacoes_dou\LAKE\RJ\2013\12\DOERJ_PARTE_I_PODER_EXECUTIVO_2013-12-09.md
RJ,Diario Oficial do Estado do Rio de Janeiro,2013-12-09,Parte I (Poder Executivo),nomeacao,JORGE SEBASTIÃO,2428821-7,,Secretario,5,Wilson Jose Witzel - Governador,Wilson Jose Witzel,Executivo estadual,sim,JORGE SEBASTIÃO:PER,sim,,,"NOMEAR JORGE SEBASTIÃO DA SILVA LUCIO , ID Funcional nº 2428821-7, para exercer, com validade a contar de 01 de dezembro de 2013, o cargo em comissão de Assessor, símbolo DAS7, da",https://www.ioerj.com.br/portal/modules/conteudoonline/mostra_edicao.php?session=VVdwYVEwNXFRVEJPVkUxMFVsVkdSMUZUTURCUlZGWkdURlZHUkU1VVkzUlNSVVpFVVhwTmVrMTZVVEZTUkZKR1RWUmpNMDlFYTNkUFJFRXhUMEU5UFE9PQ==,D:\github\exoneracoes_nomeacoes_dou\LAKE\RJ\2013\12\DOERJ_PARTE_I_PODER_EXECUTIVO_2013-12-09.md
RJ,Diario Oficial do Estado do Rio de Janeiro,2013-12-09,Parte I (Poder Executivo),exoneracao,JORGE SEBASTIÃO,2428821-7,,Secretario,5,Wilson Jose Witzel - Governador,Wilson Jose Witzel,Executivo estadual,sim,JORGE SEBASTIÃO:PER,sim,do cargo em comissão de Assistente,,"EXONERAR com validade a contar de 01 de dezembro de 2013, JORGE SEBASTIÃO DA SILVA LUCIO , ID Funcional nº 2428821-7, do cargo em comissão de Assistente, símbolo DAS-6, da",https://www.ioerj.com.br/portal/modules/conteudoonline/mostra_edicao.php?session=VVdwYVEwNXFRVEJPVkUxMFVsVkdSMUZUTURCUlZGWkdURlZHUkU1VVkzUlNSVVpFVVhwTmVrMTZVVEZTUkZKR1RWUmpNMDlFYTNkUFJFRXhUMEU5UFE9PQ==,D:\github\exoneracoes_nomeacoes_dou\LAKE\RJ\2013\12\DOERJ_PARTE_I_PODER_EXECUTIVO_2013-12-09.md
RJ,Diario Oficial do Estado do Rio de Janeiro,2013-12-09,Parte I (Poder Executivo),nomeacao,JOSE SOARES FILHO,,,Secretario,5,Wilson Jose Witzel - Governador,Wilson Jose Witzel,Executivo estadual,sim,JOSE SOARES FILHO:PER,sim,,,"NOMEAR JOSE SOARES FILHO para exercer, com validade a contar de 01 de dezembro de 2013, o cargo em comissão de Assistente, símbolo DAS-6, da",https://www.ioerj.com.br/portal/modules/conteudoonline/mostra_edicao.php?session=VVdwYVEwNXFRVEJPVkUxMFVsVkdSMUZUTURCUlZGWkdURlZHUkU1VVkzUlNSVVpFVVhwTmVrMTZVVEZTUkZKR1RWUmpNMDlFYTNkUFJFRXhUMEU5UFE9PQ==,D:\github\exoneracoes_nomeacoes_dou\LAKE\RJ\2013\12\DOERJ_PARTE_I_PODER_EXECUTIVO_2013-12-09.md
RJ,Diario Oficial do Estado do Rio de Janeiro,2013-12-06,Parte I (Poder Executivo),nomeacao,ALISSON DOS SANTOS BRITO,,,Secretario,5,Wilson Jose Witzel - Governador,Wilson Jose Witzel,Executivo estadual,sim,ALISSON DOS SANTOS BRITO:MISC|Alisson Dos Santos Brito:PER,sim,,,"NOMEAR ALISSON DOS SANTOS BRITO para exercer, com validade a contar de 02 de dezembro de 2013, o cargo em comissão de Assessor, símbolo DAS-7, da",https://www.ioerj.com.br/portal/modules/conteudoonline/mostra_edicao.php?session=VVZSUk1WSkVSa0pPVlUxMFRVUmFSRTFETURCU1ZVWkRURlJzUlUxcVVYUk5hMWt6VVZWU1JrMVZTa05QVlZFMVRWUmpNMDlFYTNkUFJFazFUVUU5UFE9PQ==,D:\github\exoneracoes_nomeacoes_dou\LAKE\RJ\2013\12\DOERJ_PARTE_I_PODER_EXECUTIVO_2013-12-06.md
RJ,Diario Oficial do Estado do Rio de Janeiro,2013-12-06,Parte I (Poder Executivo),nomeacao,GLAUCIA DA SILVA RODRIGUES DE OLIVEIRA,,,Secretario,5,Wilson Jose Witzel - Governador,Wilson Jose Witzel,Executivo estadual,sim,GLAUCIA DA SILVA:MISC|Glaucia Da Silva Rodrigues De Oliveira:PER,sim,,,"NOMEAR GLAUCIA DA SILVA RODRIGUES DE OLIVEIRA para exercer, com validade a contar de 26 de novembro de 2013, o cargo em comissão de Assessor, símbolo DAS-8, da",https://www.ioerj.com.br/portal/modules/conteudoonline/mostra_edicao.php?session=VVZSUk1WSkVSa0pPVlUxMFRVUmFSRTFETURCU1ZVWkRURlJzUlUxcVVYUk5hMWt6VVZWU1JrMVZTa05QVlZFMVRWUmpNMDlFYTNkUFJFazFUVUU5UFE9PQ==,D:\github\exoneracoes_nomeacoes_dou\LAKE\RJ\2013\12\DOERJ_PARTE_I_PODER_EXECUTIVO_2013-12-06.md
RJ,Diario Oficial do Estado do Rio de Janeiro,2013-12-06,Parte I (Poder Executivo),nomeacao,ALEXANDRE BRITO DE SOUZA,,,Secretario,5,Wilson Jose Witzel - Governador,Wilson Jose Witzel,Executivo estadual,sim,ALEXANDRE BRITO DE SOUZA:PER,sim,,da Superintendência de Obras de Saneamento da Região Metropolitana,"NOMEAR ALEXANDRE BRITO DE SOUZA para exercer, com validade a contar de 02 de dezembro de 2013, o cargo em comissão de Assistente, símbolo DAS-6, da Coordenação de Acompanhamento de Obras, da Superintendência de Obras de Saneamento da Região Metropolitana, da Subsecretaria de Obras de Saneamento, da",https://www.ioerj.com.br/portal/modules/conteudoonline/mostra_edicao.php?session=VVZSUk1WSkVSa0pPVlUxMFRVUmFSRTFETURCU1ZVWkRURlJzUlUxcVVYUk5hMWt6VVZWU1JrMVZTa05QVlZFMVRWUmpNMDlFYTNkUFJFazFUVUU5UFE9PQ==,D:\github\exoneracoes_nomeacoes_dou\LAKE\RJ\2013\12\DOERJ_PARTE_I_PODER_EXECUTIVO_2013-12-06.md
RJ,Diario Oficial do Estado do Rio de Janeiro,2013-12-06,Parte I (Poder Executivo),nomeacao,DENILSON EMILIANO,292540-4,,Secretario,5,Wilson Jose Witzel - Governador,Wilson Jose Witzel,Executivo estadual,sim,DENILSON EMILIANO:MISC|Denilson Emiliano:PER,sim,,da Subsecretaria de Planejamento e Integração Operacional,"NOMEAR DENILSON EMILIANO DA SILVA , ID Funcional nº 292540-4, para exercer, com validade a contar de 01 de novembro de 2013, o cargo em comissão de Assistente II, símbolo DAI-6, da Subsecretaria de Planejamento e Integração Operacional, da",https://www.ioerj.com.br/portal/modules/conteudoonline/mostra_edicao.php?session=VVZSUk1WSkVSa0pPVlUxMFRVUmFSRTFETURCU1ZVWkRURlJzUlUxcVVYUk5hMWt6VVZWU1JrMVZTa05QVlZFMVRWUmpNMDlFYTNkUFJFazFUVUU5UFE9PQ==,D:\github\exoneracoes_nomeacoes_dou\LAKE\RJ\2013\12\DOERJ_PARTE_I_PODER_EXECUTIVO_2013-12-06.md
RJ,Diario Oficial do Estado do Rio de Janeiro,2013-12-06,Parte I (Poder Executivo),exoneracao,JÚLIO CÉSAR,2241728-1,,Secretario,5,Wilson Jose Witzel - Governador,Wilson Jose Witzel,Executivo estadual,sim,JÚLIO CÉSAR:PER,sim,do cargo em comissão de Assistente,,"EXONERAR com validade a contar de 01 de setembro de 2013, JÚLIO CÉSAR DA SILVA CASTRO , Major PM, ID Funcional nº 2241728-1, do cargo em comissão de Assistente, símbolo DAS-6, Chefe da Seção de Identificação, da Diretoria Geral de Pessoal, da Polícia Militar do Estado do Rio de Janeiro, da",https://www.ioerj.com.br/portal/modules/conteudoonline/mostra_edicao.php?session=VVZSUk1WSkVSa0pPVlUxMFRVUmFSRTFETURCU1ZVWkRURlJzUlUxcVVYUk5hMWt6VVZWU1JrMVZTa05QVlZFMVRWUmpNMDlFYTNkUFJFazFUVUU5UFE9PQ==,D:\github\exoneracoes_nomeacoes_dou\LAKE\RJ\2013\12\DOERJ_PARTE_I_PODER_EXECUTIVO_2013-12-06.md
RJ,Diario Oficial do Estado do Rio de Janeiro,2013-12-06,Parte I (Poder Executivo),nomeacao,MAICO CAMPOS,3095266-2,,Secretario,5,Wilson Jose Witzel - Governador,Wilson Jose Witzel,Executivo estadual,sim,MAICO:LOC|Maico Campos:PER,sim,para exercer o cargo em comissão de Gerente,da Superintendência de Unidades Próprias,"NOMEAR MAICO CAMPOS DO CARMO , ID Funcional nº 3095266-2, para exercer o cargo em comissão de Gerente, símbolo DAS-6, da Gerência de Infraestrutura e Abastecimento, da Divisão Administrativa, do Hospital Estadual Tavares de Macedo, da Superintendência de Unidades Próprias, da Subsecretaria de Unidades Próprias, da",https://www.ioerj.com.br/portal/modules/conteudoonline/mostra_edicao.php?session=VVZSUk1WSkVSa0pPVlUxMFRVUmFSRTFETURCU1ZVWkRURlJzUlUxcVVYUk5hMWt6VVZWU1JrMVZTa05QVlZFMVRWUmpNMDlFYTNkUFJFazFUVUU5UFE9PQ==,D:\github\exoneracoes_nomeacoes_dou\LAKE\RJ\2013\12\DOERJ_PARTE_I_PODER_EXECUTIVO_2013-12-06.md
RJ,Diario Oficial do Estado do Rio de Janeiro,2013-12-06,Parte I (Poder Executivo),exoneracao,MÁRCIO ALBUQUERQUE,4218318-9,,Secretario,5,Wilson Jose Witzel - Governador,Wilson Jose Witzel,Executivo estadual,sim,MÁRCIO ALBUQUERQUE:ORG|Márcio Albuquerque:PER,sim,do cargo em comissão de Assistente II,da Subsecretaria Jurídica e de Corregedoria,"EXONERAR com validade a contar de 05 de agosto de 2013, MÁRCIO ALBUQUERQUE DA SILVA , ID Funcional nº 4218318-9, do cargo em comissão de Assistente II, símbolo DAI-6, da Assessoria Técnica, da Subsecretaria Jurídica e de Corregedoria, da",https://www.ioerj.com.br/portal/modules/conteudoonline/mostra_edicao.php?session=VVZSUk1WSkVSa0pPVlUxMFRVUmFSRTFETURCU1ZVWkRURlJzUlUxcVVYUk5hMWt6VVZWU1JrMVZTa05QVlZFMVRWUmpNMDlFYTNkUFJFazFUVUU5UFE9PQ==,D:\github\exoneracoes_nomeacoes_dou\LAKE\RJ\2013\12\DOERJ_PARTE_I_PODER_EXECUTIVO_2013-12-06.md
RJ,Diario Oficial do Estado do Rio de Janeiro,2013-12-06,Parte I (Poder Executivo),nomeacao,GERALDO ANTONIO SOUZA FERREIRA,,,Secretario,5,Wilson Jose Witzel - Governador,Wilson Jose Witzel,Executivo estadual,sim,GERALDO ANTONIO SOUZA FERREIRA:MISC|Geraldo Antonio Souza Ferreira:PER,sim,,da Subsecretaria de Infraestrutura e Tecnologia,"NOMEAR GERALDO ANTONIO SOUZA FERREIRA para exercer, com validade a contar de 01 de dezembro de 2013, o cargo em comissão de Assistente II, símbolo DAI-6, da Subsecretaria de Infraestrutura e Tecnologia, da",https://www.ioerj.com.br/portal/modules/conteudoonline/mostra_edicao.php?session=VVZSUk1WSkVSa0pPVlUxMFRVUmFSRTFETURCU1ZVWkRURlJzUlUxcVVYUk5hMWt6VVZWU1JrMVZTa05QVlZFMVRWUmpNMDlFYTNkUFJFazFUVUU5UFE9PQ==,D:\github\exoneracoes_nomeacoes_dou\LAKE\RJ\2013\12\DOERJ_PARTE_I_PODER_EXECUTIVO_2013-12-06.md
RJ,Diario Oficial do Estado do Rio de Janeiro,2013-12-06,Parte I (Poder Executivo),nomeacao,ALEXANDRE AGUIAR,,,Secretario,5,Wilson Jose Witzel - Governador,Wilson Jose Witzel,Executivo estadual,sim,ALEXANDRE:MISC|Alexandre Aguiar:PER,sim,,da Subsecretaria de Infraestrutura e Tecnologia,"NOMEAR ALEXANDRE AGUIAR para exercer, com validade a contar de 01 de dezembro de 2013, o cargo em comissão de Assistente II, símbolo DAI-6, da Subsecretaria de Infraestrutura e Tecnologia, da",https://www.ioerj.com.br/portal/modules/conteudoonline/mostra_edicao.php?session=VVZSUk1WSkVSa0pPVlUxMFRVUmFSRTFETURCU1ZVWkRURlJzUlUxcVVYUk5hMWt6VVZWU1JrMVZTa05QVlZFMVRWUmpNMDlFYTNkUFJFazFUVUU5UFE9PQ==,D:\github\exoneracoes_nomeacoes_dou\LAKE\RJ\2013\12\DOERJ_PARTE_I_PODER_EXECUTIVO_2013-12-06.md
RJ,Diario Oficial do Estado do Rio de Janeiro,2013-12-06,Parte I (Poder Executivo),nomeacao,ANGELA MARIA ANDRADE DO BEM,,,Secretario,5,Wilson Jose Witzel - Governador,Wilson Jose Witzel,Executivo estadual,sim,ANGELA:ORG|Angela Maria Andrade Do Bem:PER,sim,,do Gabinete do Secretário,"NOMEAR ANGELA MARIA ANDRADE DO BEM para exercer, com validade a contar de 01 de novembro de 2013, o cargo em comissão de Assistente, símbolo DAS-6, do Gabinete do Secretário, da",https://www.ioerj.com.br/portal/modules/conteudoonline/mostra_edicao.php?session=VVZSUk1WSkVSa0pPVlUxMFRVUmFSRTFETURCU1ZVWkRURlJzUlUxcVVYUk5hMWt6VVZWU1JrMVZTa05QVlZFMVRWUmpNMDlFYTNkUFJFazFUVUU5UFE9PQ==,D:\github\exoneracoes_nomeacoes_dou\LAKE\RJ\2013\12\DOERJ_PARTE_I_PODER_EXECUTIVO_2013-12-06.md
RJ,Diario Oficial do Estado do Rio de Janeiro,2013-12-06,Parte I (Poder Executivo),nomeacao,EVELYN SILVA DE OLIVEIRA,,,Secretario,5,Wilson Jose Witzel - Governador,Wilson Jose Witzel,Executivo estadual,sim,EVELYN SILVA:PER,sim,,da Fundação Anita Mantuano de Artes do Estado do Rio de Janeiro - FUNARJ,"NOMEAR EVELYN SILVA DE OLIVEIRA para exercer, com validade a contar de 01 de novembro de 2013, o cargo em comissão de Encarregado II, símbolo DAI-4, da Fundação Anita Mantuano de Artes do Estado do Rio de Janeiro - FUNARJ, da",https://www.ioerj.com.br/portal/modules/conteudoonline/mostra_edicao.php?session=VVZSUk1WSkVSa0pPVlUxMFRVUmFSRTFETURCU1ZVWkRURlJzUlUxcVVYUk5hMWt6VVZWU1JrMVZTa05QVlZFMVRWUmpNMDlFYTNkUFJFazFUVUU5UFE9PQ==,D:\github\exoneracoes_nomeacoes_dou\LAKE\RJ\2013\12\DOERJ_PARTE_I_PODER_EXECUTIVO_2013-12-06.md
RJ,Diario Oficial do Estado do Rio de Janeiro,2013-12-06,Parte I (Poder Executivo),nomeacao,ANDRÉA MONARD DA ROCHA,,,Secretario,5,Wilson Jose Witzel - Governador,Wilson Jose Witzel,Executivo estadual,sim,ANDRÉA MONARD:ORG|ROCHA:MISC|Andréa Monard Da Rocha:PER,sim,para exercer o cargo em comissão de Encarregado II,da Fundação Museu da Imagem e do Som - MIS,"NOMEAR ANDRÉA MONARD DA ROCHA para exercer o cargo em comissão de Encarregado II, símbolo DAI-4, da Fundação Museu da Imagem e do Som - MIS, da",https://www.ioerj.com.br/portal/modules/conteudoonline/mostra_edicao.php?session=VVZSUk1WSkVSa0pPVlUxMFRVUmFSRTFETURCU1ZVWkRURlJzUlUxcVVYUk5hMWt6VVZWU1JrMVZTa05QVlZFMVRWUmpNMDlFYTNkUFJFazFUVUU5UFE9PQ==,D:\github\exoneracoes_nomeacoes_dou\LAKE\RJ\2013\12\DOERJ_PARTE_I_PODER_EXECUTIVO_2013-12-06.md
RJ,Diario Oficial do Estado do Rio de Janeiro,2013-12-06,DO Campos (Poder Executivo),exoneracao,MARLI DE SOUZA SILVA,,,,,Wilson Jose Witzel - Governador,Wilson Jose Witzel,Executivo estadual,sim,MARLI:MISC|Marli De Souza Silva:PER,sim,,DA FUNDAÇÃO MUNICIPAL DE SAÚDE,"EXONERAR do Serviço Publico Muni- cipal, consultório, Municipal de atendente lotada na Fundação de a Saúde, matricula 27297, Marli de Souza Silva, com efeito a contar de 07/11/2013. FUNDAÇÃO MUNICIPAL DE SAÚDE, 29 DE NOVEMBRO DE 2013. ## Dr. José Manuel Correia Moreira - Presidente / FMS - Id: 1603184 ## Portaria F.M.S. Nº. 0213/2013 O PRESIDENTE DA FUNDAÇÃO MUNICIPAL DE SAÚDE , no uso de suas atribuições legais",https://www.ioerj.com.br/portal/modules/conteudoonline/mostra_edicao.php?session=VW10Rk1FOVVUVFZOVkVGMFRVUk5NVTVUTURCT2Vra3dURlZKTkZGVVVYUlBSRmw0VFVWSmVFMUZSa0pPYTFGNFRWUmpNMDlFYTNkUFJFazFUVUU5UFE9PQ==,D:\github\exoneracoes_nomeacoes_dou\LAKE\RJ\2013\12\DOERJ_DO_CAMPOS_PODER_EXECUTIVO_2013-12-06.md
RJ,Diario Oficial do Estado do Rio de Janeiro,2013-12-05,Parte I (Poder Executivo),exoneracao,PATRICIA CHRISTIAN VILLA SECCA DE SANTIS,,,Secretario,5,Wilson Jose Witzel - Governador,Wilson Jose Witzel,Executivo estadual,sim,PATRICIA:MISC|SANTIS:LOC|Christian Villa Secca:PER,sim,do cargo em comissão de Chefe de Serviço,da Subsecretaria Militar,"EXONERAR PATRICIA CHRISTIAN VILLA SECCA DE SANTIS, Inspetor de Segurança e Administração Penitenciária, matrícula nº 0969326-8, do cargo em comissão de Chefe de Serviço, símbolo DAI-6, do antigo Serviço de Prevenção à Incêndios, da Subsecretaria Militar, da",https://www.ioerj.com.br/portal/modules/conteudoonline/mostra_edicao.php?session=VFZSck1VMVVVa2RSVkd0MFVXcEZNRTE1TURCT2VscEVURlJvUmxGVVZYUlNSRnBEVDBSc1IwNUZXVE5OYW1kNlRWUmpNMDlFYTNkUFJGVXdUbWM5UFE9PQ==,D:\github\exoneracoes_nomeacoes_dou\LAKE\RJ\2013\12\DOERJ_PARTE_I_PODER_EXECUTIVO_2013-12-05.md
RJ,Diario Oficial do Estado do Rio de Janeiro,2013-12-05,Parte I (Poder Executivo),exoneracao,ANA PAULA DIAS,5003140-6,,Secretario,5,Wilson Jose Witzel - Governador,Wilson Jose Witzel,Executivo estadual,sim,ANA PAULA:PER,sim,do cargo em comissão de Encarregado III,da Subsecretaria de Comunicação Social,"EXONERAR com validade a contar de 02 de dezembro de 2013, ANA PAULA DIAS DA TRINDADE , ID Funcional nº 5003140-6, do cargo em comissão de Encarregado III, símbolo DAI-6, da Rádio Roquete Pinto, da Subsecretaria de Comunicação Social, da",https://www.ioerj.com.br/portal/modules/conteudoonline/mostra_edicao.php?session=VFZSck1VMVVVa2RSVkd0MFVXcEZNRTE1TURCT2VscEVURlJvUmxGVVZYUlNSRnBEVDBSc1IwNUZXVE5OYW1kNlRWUmpNMDlFYTNkUFJGVXdUbWM5UFE9PQ==,D:\github\exoneracoes_nomeacoes_dou\LAKE\RJ\2013\12\DOERJ_PARTE_I_PODER_EXECUTIVO_2013-12-05.md
RJ,Diario Oficial do Estado do Rio de Janeiro,2013-12-05,Parte I (Poder Executivo),nomeacao,ANA CLEIDE MOREIRA TORRES DA SILVA,,,Secretario,5,Wilson Jose Witzel - Governador,Wilson Jose Witzel,Executivo estadual,sim,ANA CLEIDE MOREIRA TORRES DA SILVA:MISC|Ana Cleide Moreira Torres Da Silva:PER,sim,,da Subsecretaria de Comunicação Social,"NOMEAR ANA CLEIDE MOREIRA TORRES DA SILVA para exercer, com validade a contar de 02 de dezembro de 2013, o cargo em comissão de Encarregado III, símbolo DAI-6, da Rádio Roquete Pinto, da Subsecretaria de Comunicação Social, da",https://www.ioerj.com.br/portal/modules/conteudoonline/mostra_edicao.php?session=VFZSck1VMVVVa2RSVkd0MFVXcEZNRTE1TURCT2VscEVURlJvUmxGVVZYUlNSRnBEVDBSc1IwNUZXVE5OYW1kNlRWUmpNMDlFYTNkUFJGVXdUbWM5UFE9PQ==,D:\github\exoneracoes_nomeacoes_dou\LAKE\RJ\2013\12\DOERJ_PARTE_I_PODER_EXECUTIVO_2013-12-05.md
RJ,Diario Oficial do Estado do Rio de Janeiro,2013-12-05,Parte I (Poder Executivo),nomeacao,LUIZ GUSTAVO CARVALHO DA MOTTA SILVEIRA,,,Secretario,5,Wilson Jose Witzel - Governador,Wilson Jose Witzel,Executivo estadual,sim,LUIZ GUSTAVO:PER,sim,,,"NOMEAR LUIZ GUSTAVO CARVALHO DA MOTTA SILVEIRA para exercer, com validade a contar de 03 de dezembro de 2013, o cargo em comissão de Gerente, símbolo DAS-7, do Centro de Tecnologia de Informação e Comunicação do Estado do Rio de Janeiro PRODERJ, da",https://www.ioerj.com.br/portal/modules/conteudoonline/mostra_edicao.php?session=VFZSck1VMVVVa2RSVkd0MFVXcEZNRTE1TURCT2VscEVURlJvUmxGVVZYUlNSRnBEVDBSc1IwNUZXVE5OYW1kNlRWUmpNMDlFYTNkUFJGVXdUbWM5UFE9PQ==,D:\github\exoneracoes_nomeacoes_dou\LAKE\RJ\2013\12\DOERJ_PARTE_I_PODER_EXECUTIVO_2013-12-05.md
RJ,Diario Oficial do Estado do Rio de Janeiro,2013-12-05,Parte I (Poder Executivo),nomeacao,LUIZ FERNANDO SOARES DE OLIVEIRA,,,Secretario,5,Wilson Jose Witzel - Governador,Wilson Jose Witzel,Executivo estadual,sim,LUIZ FERNANDO SOARES DE OLIVEIRA:PER,sim,,,"NOMEAR LUIZ FERNANDO SOARES DE OLIVEIRA para exercer, com validade a contar de 02 de dezembro de 2013, o cargo em comissão de Assistente, símbolo DAS-6, do Centro de Tecnologia de Informação e Comunicação do Estado do Rio de Janeiro - PRODERJ, da",https://www.ioerj.com.br/portal/modules/conteudoonline/mostra_edicao.php?session=VFZSck1VMVVVa2RSVkd0MFVXcEZNRTE1TURCT2VscEVURlJvUmxGVVZYUlNSRnBEVDBSc1IwNUZXVE5OYW1kNlRWUmpNMDlFYTNkUFJGVXdUbWM5UFE9PQ==,D:\github\exoneracoes_nomeacoes_dou\LAKE\RJ\2013\12\DOERJ_PARTE_I_PODER_EXECUTIVO_2013-12-05.md
RJ,Diario Oficial do Estado do Rio de Janeiro,2013-12-05,Parte I (Poder Executivo),nomeacao,CARLOS AUGUSTO MARTINS LIMA,,,Secretario,5,Wilson Jose Witzel - Governador,Wilson Jose Witzel,Executivo estadual,sim,CARLOS AUGUSTO MARTINS LIMA:PER,sim,para exercer o cargo em comissão de Assistente II,,"NOMEAR CARLOS AUGUSTO MARTINS LIMA para exercer o cargo em comissão de Assistente II, símbolo DAI-6, da Representação Geral da Fazenda, da",https://www.ioerj.com.br/portal/modules/conteudoonline/mostra_edicao.php?session=VFZSck1VMVVVa2RSVkd0MFVXcEZNRTE1TURCT2VscEVURlJvUmxGVVZYUlNSRnBEVDBSc1IwNUZXVE5OYW1kNlRWUmpNMDlFYTNkUFJGVXdUbWM5UFE9PQ==,D:\github\exoneracoes_nomeacoes_dou\LAKE\RJ\2013\12\DOERJ_PARTE_I_PODER_EXECUTIVO_2013-12-05.md
RJ,Diario Oficial do Estado do Rio de Janeiro,2013-12-05,Parte I (Poder Executivo),nomeacao,ADILSON DA SILVA OLIVEIRA,,,Secretario,5,Wilson Jose Witzel - Governador,Wilson Jose Witzel,Executivo estadual,sim,ADILSON DA SILVA OLIVEIRA:PER,sim,,,"NOMEAR ADILSON DA SILVA OLIVEIRA para exercer, com validade a contar de 27 de novembro de 2013, o cargo em comissão de Ajudante I, símbolo DAI-1, da",https://www.ioerj.com.br/portal/modules/conteudoonline/mostra_edicao.php?session=VFZSck1VMVVVa2RSVkd0MFVXcEZNRTE1TURCT2VscEVURlJvUmxGVVZYUlNSRnBEVDBSc1IwNUZXVE5OYW1kNlRWUmpNMDlFYTNkUFJGVXdUbWM5UFE9PQ==,D:\github\exoneracoes_nomeacoes_dou\LAKE\RJ\2013\12\DOERJ_PARTE_I_PODER_EXECUTIVO_2013-12-05.md
RJ,Diario Oficial do Estado do Rio de Janeiro,2013-12-05,Parte I (Poder Executivo),nomeacao,ANDREA MARTINS,,,Secretario,5,Wilson Jose Witzel - Governador,Wilson Jose Witzel,Executivo estadual,sim,ANDREA MARTINS:PER,sim,,do Departamento Geral de Ações Sócioeducativas -DEGASE,"NOMEAR ANDREA MARTINS para exercer, com validade a contar de 01 de novembro de 2013, o cargo em comissão de DiretorAdjunto, símbolo DAS-6, do Departamento Geral de Ações Sócioeducativas -DEGASE, da",https://www.ioerj.com.br/portal/modules/conteudoonline/mostra_edicao.php?session=VFZSck1VMVVVa2RSVkd0MFVXcEZNRTE1TURCT2VscEVURlJvUmxGVVZYUlNSRnBEVDBSc1IwNUZXVE5OYW1kNlRWUmpNMDlFYTNkUFJGVXdUbWM5UFE9PQ==,D:\github\exoneracoes_nomeacoes_dou\LAKE\RJ\2013\12\DOERJ_PARTE_I_PODER_EXECUTIVO_2013-12-05.md
RJ,Diario Oficial do Estado do Rio de Janeiro,2013-12-05,Parte I (Poder Executivo),nomeacao,EDSON MOREIRA DE AZEVEDO,,,Secretario,5,Wilson Jose Witzel - Governador,Wilson Jose Witzel,Executivo estadual,sim,EDSON MOREIRA DE AZEVEDO:PER,sim,,,"NOMEAR EDSON MOREIRA DE AZEVEDO para exercer, com validade a contar de 28 de novembro de 2013, o cargo em comissão de Assistente II, símbolo DAI-6, da",https://www.ioerj.com.br/portal/modules/conteudoonline/mostra_edicao.php?session=VFZSck1VMVVVa2RSVkd0MFVXcEZNRTE1TURCT2VscEVURlJvUmxGVVZYUlNSRnBEVDBSc1IwNUZXVE5OYW1kNlRWUmpNMDlFYTNkUFJGVXdUbWM5UFE9PQ==,D:\github\exoneracoes_nomeacoes_dou\LAKE\RJ\2013\12\DOERJ_PARTE_I_PODER_EXECUTIVO_2013-12-05.md
RJ,Diario Oficial do Estado do Rio de Janeiro,2013-12-05,Parte I (Poder Executivo),nomeacao,IVO DOS SANTOS COUTINHO,,,Secretario,5,Wilson Jose Witzel - Governador,Wilson Jose Witzel,Executivo estadual,sim,IVO DOS SANTOS COUTINHO:MISC|Ivo Dos Santos Coutinho:PER,sim,da Assessoria,,"NOMEAR IVO DOS SANTOS COUTINHO para exercer, com validade a contar de 01 de dezembro de 2013, o cargo em comissão de Assessor Especial, símbolo DAS-8, da Assessoria, da",https://www.ioerj.com.br/portal/modules/conteudoonline/mostra_edicao.php?session=VFZSck1VMVVVa2RSVkd0MFVXcEZNRTE1TURCT2VscEVURlJvUmxGVVZYUlNSRnBEVDBSc1IwNUZXVE5OYW1kNlRWUmpNMDlFYTNkUFJGVXdUbWM5UFE9PQ==,D:\github\exoneracoes_nomeacoes_dou\LAKE\RJ\2013\12\DOERJ_PARTE_I_PODER_EXECUTIVO_2013-12-05.md
RJ,Diario Oficial do Estado do Rio de Janeiro,2013-12-05,Parte I (Poder Executivo),nomeacao,REINALDO RODRIGUES,,,Secretario,5,Wilson Jose Witzel - Governador,Wilson Jose Witzel,Executivo estadual,sim,REINALDO RODRIGUES:MISC|Reinaldo Rodrigues:PER,sim,,da Superintendência de Desenvolvimento Social,"NOMEAR REINALDO RODRIGUES para exercer, com validade a contar de 01 de dezembro de 2013, o cargo em comissão de Coordenador, símbolo DAS-8, da Coordenadoria de Desenvolvimento Comunitário, da Superintendência de Desenvolvimento Social, da Subsecretaria-Adjunta de Formação e Qualificação Profissional, da Subsecretaria, da",https://www.ioerj.com.br/portal/modules/conteudoonline/mostra_edicao.php?session=VFZSck1VMVVVa2RSVkd0MFVXcEZNRTE1TURCT2VscEVURlJvUmxGVVZYUlNSRnBEVDBSc1IwNUZXVE5OYW1kNlRWUmpNMDlFYTNkUFJGVXdUbWM5UFE9PQ==,D:\github\exoneracoes_nomeacoes_dou\LAKE\RJ\2013\12\DOERJ_PARTE_I_PODER_EXECUTIVO_2013-12-05.md
RJ,Diario Oficial do Estado do Rio de Janeiro,2013-12-05,Parte I (Poder Executivo),nomeacao,HUGO NUNES AMORIM,,,Secretario,5,Wilson Jose Witzel - Governador,Wilson Jose Witzel,Executivo estadual,sim,HUGO NUNES:MISC|Hugo Nunes Amorim:PER,sim,,da Superintendência de Pesquisas e Programas Especiais,"NOMEAR HUGO NUNES AMORIM para exercer, com validade a contar de 01 de dezembro de 2013, o cargo em comissão de Assistente, símbolo DAS-6, da Superintendência de Pesquisas e Programas Especiais, da Subsecretaria-Adjunta de Formação e Qualificação Profissional, da Subsecretaria, da",https://www.ioerj.com.br/portal/modules/conteudoonline/mostra_edicao.php?session=VFZSck1VMVVVa2RSVkd0MFVXcEZNRTE1TURCT2VscEVURlJvUmxGVVZYUlNSRnBEVDBSc1IwNUZXVE5OYW1kNlRWUmpNMDlFYTNkUFJGVXdUbWM5UFE9PQ==,D:\github\exoneracoes_nomeacoes_dou\LAKE\RJ\2013\12\DOERJ_PARTE_I_PODER_EXECUTIVO_2013-12-05.md
RJ,Diario Oficial do Estado do Rio de Janeiro,2013-12-05,Parte I (Poder Executivo),exoneracao,ROSENEIDE FERREIRA,44193467,,Secretario,5,Wilson Jose Witzel - Governador,Wilson Jose Witzel,Executivo estadual,sim,ROSENEIDE FERREIRA:MISC|Roseneide Ferreira:PER,sim,do cargo em comissão de Chefe de Serviço,do Departamento Geral de Administração e Finanças,"EXONERAR com validade a contar de 30 de novembro de 2013, ROSENEIDE FERREIRA DA COSTA , ID Funcional nº 44193467, do cargo em comissão de Chefe de Serviço, símbolo DAI-6, do Serviço de Compras, da Divisão de Material e Patrimônio, do Departamento Geral de Administração e Finanças, da",https://www.ioerj.com.br/portal/modules/conteudoonline/mostra_edicao.php?session=VFZSck1VMVVVa2RSVkd0MFVXcEZNRTE1TURCT2VscEVURlJvUmxGVVZYUlNSRnBEVDBSc1IwNUZXVE5OYW1kNlRWUmpNMDlFYTNkUFJGVXdUbWM5UFE9PQ==,D:\github\exoneracoes_nomeacoes_dou\LAKE\RJ\2013\12\DOERJ_PARTE_I_PODER_EXECUTIVO_2013-12-05.md
RJ,Diario Oficial do Estado do Rio de Janeiro,2013-12-05,Parte I (Poder Executivo),nomeacao,SIMONE DE OLIVEIRA SANTOS,,,Secretario,5,Wilson Jose Witzel - Governador,Wilson Jose Witzel,Executivo estadual,sim,OLIVEIRA:ORG|Simone:PER,sim,,do Departamento Geral de Administração e Finanças,"NOMEAR SIMONE DE OLIVEIRA SANTOS para exercer, com validade a contar de 01 de dezembro de 2013, o cargo em comissão de Chefe de Serviço, símbolo DAI-6, do Serviço de Compras, da Divisão de Material e Patrimônio, do Departamento Geral de Administração e Finanças, da",https://www.ioerj.com.br/portal/modules/conteudoonline/mostra_edicao.php?session=VFZSck1VMVVVa2RSVkd0MFVXcEZNRTE1TURCT2VscEVURlJvUmxGVVZYUlNSRnBEVDBSc1IwNUZXVE5OYW1kNlRWUmpNMDlFYTNkUFJGVXdUbWM5UFE9PQ==,D:\github\exoneracoes_nomeacoes_dou\LAKE\RJ\2013\12\DOERJ_PARTE_I_PODER_EXECUTIVO_2013-12-05.md
RJ,Diario Oficial do Estado do Rio de Janeiro,2013-12-05,Parte I (Poder Executivo),exoneracao,ELIZABETH PEREIRA,4396819-8,,Secretario,5,Wilson Jose Witzel - Governador,Wilson Jose Witzel,Executivo estadual,sim,ELIZABETH PEREIRA:PER,sim,do cargo em comissão de Assistente II,,"EXONERAR a pedido e com validade a contar de 02 de dezembro de 2013, ELIZABETH PEREIRA DA SILVA , ID Funcional nº 4396819-8, do cargo em comissão de Assistente II, símbolo DAI-6, da",https://www.ioerj.com.br/portal/modules/conteudoonline/mostra_edicao.php?session=VFZSck1VMVVVa2RSVkd0MFVXcEZNRTE1TURCT2VscEVURlJvUmxGVVZYUlNSRnBEVDBSc1IwNUZXVE5OYW1kNlRWUmpNMDlFYTNkUFJGVXdUbWM5UFE9PQ==,D:\github\exoneracoes_nomeacoes_dou\LAKE\RJ\2013\12\DOERJ_PARTE_I_PODER_EXECUTIVO_2013-12-05.md
RJ,Diario Oficial do Estado do Rio de Janeiro,2013-12-05,Parte I (Poder Executivo),nomeacao,DAIANE DOS SANTOS RAMOS,,,Secretario,5,Wilson Jose Witzel - Governador,Wilson Jose Witzel,Executivo estadual,sim,DOS SANTOS RAMOS:MISC|Daiane Dos Santos Ramos:PER,sim,,,"NOMEAR DAIANE DOS SANTOS RAMOS para exercer, com validade a contar de 02 de dezembro de 2013, o cargo em comissão de Assistente II, símbolo DAI-6, da",https://www.ioerj.com.br/portal/modules/conteudoonline/mostra_edicao.php?session=VFZSck1VMVVVa2RSVkd0MFVXcEZNRTE1TURCT2VscEVURlJvUmxGVVZYUlNSRnBEVDBSc1IwNUZXVE5OYW1kNlRWUmpNMDlFYTNkUFJGVXdUbWM5UFE9PQ==,D:\github\exoneracoes_nomeacoes_dou\LAKE\RJ\2013\12\DOERJ_PARTE_I_PODER_EXECUTIVO_2013-12-05.md
RJ,Diario Oficial do Estado do Rio de Janeiro,2013-12-05,Parte I (Poder Executivo),nomeacao,ANDRÉA MONARD DA ROCHA,,,Secretario,5,Wilson Jose Witzel - Governador,Wilson Jose Witzel,Executivo estadual,sim,ANDRÉA MONARD:ORG|ROCHA:MISC|Andréa Monard Da Rocha:PER,sim,,da Fundação Museu da Imagem e do Som - MIS,"NOMEAR ANDRÉA MONARD DA ROCHA para exercer, com validade a contar de 01 de novembro de 2013, o cargo em comissão de Encarregado II, símbolo DAI-4, da Fundação Museu da Imagem e do Som - MIS, da",https://www.ioerj.com.br/portal/modules/conteudoonline/mostra_edicao.php?session=VFZSck1VMVVVa2RSVkd0MFVXcEZNRTE1TURCT2VscEVURlJvUmxGVVZYUlNSRnBEVDBSc1IwNUZXVE5OYW1kNlRWUmpNMDlFYTNkUFJGVXdUbWM5UFE9PQ==,D:\github\exoneracoes_nomeacoes_dou\LAKE\RJ\2013\12\DOERJ_PARTE_I_PODER_EXECUTIVO_2013-12-05.md
RJ,Diario Oficial do Estado do Rio de Janeiro,2013-12-05,Parte I (Poder Executivo),exoneracao,LUIZ HENRIQUE PEREIRA XAVIER,,LUIZ HENRIQUE PEREIRA XAVIER DO CARGO EM COMISSÃO DE,Coordenador,12,Wilson Jose Witzel - Governador,Wilson Jose Witzel,Executivo estadual,sim,LUIZ HENRIQUE PEREIRA XAVIER:PER,sim,do cargo em comissão de Coordenador,da Fundação Leão XIII,"EXONERAR LUIZ HENRIQUE PEREIRA XAVIER do cargo em comissão de Coordenador, símbolo DAS-7, do Pólo de Articulação Regional VI, da Diretoria de Promoção Social da Região Metropolitana, da Fundação Leão XIII, da",https://www.ioerj.com.br/portal/modules/conteudoonline/mostra_edicao.php?session=VFZSck1VMVVVa2RSVkd0MFVXcEZNRTE1TURCT2VscEVURlJvUmxGVVZYUlNSRnBEVDBSc1IwNUZXVE5OYW1kNlRWUmpNMDlFYTNkUFJGVXdUbWM5UFE9PQ==,D:\github\exoneracoes_nomeacoes_dou\LAKE\RJ\2013\12\DOERJ_PARTE_I_PODER_EXECUTIVO_2013-12-05.md
RJ,Diario Oficial do Estado do Rio de Janeiro,2013-12-05,Parte I (Poder Executivo),nomeacao,REGINALDO ALMEIDA SANTOS JUNIOR,,,Secretario,5,Wilson Jose Witzel - Governador,Wilson Jose Witzel,Executivo estadual,sim,REGINALDO ALMEIDA SANTOS JUNIOR:PER,sim,para exercer o cargo em comissão de Coordenador,da Fundação Leão XIII,"NOMEAR REGINALDO ALMEIDA SANTOS JUNIOR para exercer o cargo em comissão de Coordenador, símbolo DAS-7, do Pólo de Articulação Regional VI, da Diretoria de Promoção Social da Região Metropolitana, da Fundação Leão XIII, da",https://www.ioerj.com.br/portal/modules/conteudoonline/mostra_edicao.php?session=VFZSck1VMVVVa2RSVkd0MFVXcEZNRTE1TURCT2VscEVURlJvUmxGVVZYUlNSRnBEVDBSc1IwNUZXVE5OYW1kNlRWUmpNMDlFYTNkUFJGVXdUbWM5UFE9PQ==,D:\github\exoneracoes_nomeacoes_dou\LAKE\RJ\2013\12\DOERJ_PARTE_I_PODER_EXECUTIVO_2013-12-05.md
RJ,Diario Oficial do Estado do Rio de Janeiro,2013-12-05,Parte I (Poder Executivo),exoneracao,JAQUELINE TRAJANO DOS SANTOS,,,Secretario,5,Wilson Jose Witzel - Governador,Wilson Jose Witzel,Executivo estadual,sim,JAQUELINE TRAJANO DOS SANTOS:MISC|Jaqueline Trajano Dos Santos:PER,sim,do cargo em comissão de Assistente II,da Fundação Leão XIII,"EXONERAR com validade a contar de 01 de novembro de 2013, JAQUELINE TRAJANO DOS SANTOS do cargo em comissão de Assistente II, símbolo DAI-6, da Fundação Leão XIII, da",https://www.ioerj.com.br/portal/modules/conteudoonline/mostra_edicao.php?session=VFZSck1VMVVVa2RSVkd0MFVXcEZNRTE1TURCT2VscEVURlJvUmxGVVZYUlNSRnBEVDBSc1IwNUZXVE5OYW1kNlRWUmpNMDlFYTNkUFJGVXdUbWM5UFE9PQ==,D:\github\exoneracoes_nomeacoes_dou\LAKE\RJ\2013\12\DOERJ_PARTE_I_PODER_EXECUTIVO_2013-12-05.md
RJ,Diario Oficial do Estado do Rio de Janeiro,2013-12-05,Parte I (Poder Executivo),nomeacao,EZEQUIEL DAS CHAGAS,,,Secretario,5,Wilson Jose Witzel - Governador,Wilson Jose Witzel,Executivo estadual,sim,Ezequiel Das Chagas:PER,sim,,,"NOMEAR EZEQUIEL DAS CHAGAS para exercer, com validade a contar de 25 de novembro de 2013, o cargo em comissão de Assessor, símbolo DAS-7, da",https://www.ioerj.com.br/portal/modules/conteudoonline/mostra_edicao.php?session=VFZSck1VMVVVa2RSVkd0MFVXcEZNRTE1TURCT2VscEVURlJvUmxGVVZYUlNSRnBEVDBSc1IwNUZXVE5OYW1kNlRWUmpNMDlFYTNkUFJGVXdUbWM5UFE9PQ==,D:\github\exoneracoes_nomeacoes_dou\LAKE\RJ\2013\12\DOERJ_PARTE_I_PODER_EXECUTIVO_2013-12-05.md
RJ,Diario Oficial do Estado do Rio de Janeiro,2013-12-05,Parte I (Poder Executivo),nomeacao,MARCIO SOUZA REZENDE,,,Secretario,5,Wilson Jose Witzel - Governador,Wilson Jose Witzel,Executivo estadual,sim,MARCIO:ORG|REZENDE:ORG|Marcio Souza Rezende:PER,sim,,da Subsecretaria Administrativa,"NOMEAR MARCIO SOUZA REZENDE para exercer, com validade a contar de 02 de dezembro de 2013, o cargo em comissão de Coordenador, símbolo DAS-8, da Coordenadoria de Projetos, da Subsecretaria Administrativa, da",https://www.ioerj.com.br/portal/modules/conteudoonline/mostra_edicao.php?session=VFZSck1VMVVVa2RSVkd0MFVXcEZNRTE1TURCT2VscEVURlJvUmxGVVZYUlNSRnBEVDBSc1IwNUZXVE5OYW1kNlRWUmpNMDlFYTNkUFJGVXdUbWM5UFE9PQ==,D:\github\exoneracoes_nomeacoes_dou\LAKE\RJ\2013\12\DOERJ_PARTE_I_PODER_EXECUTIVO_2013-12-05.md
RJ,Diario Oficial do Estado do Rio de Janeiro,2013-12-04,Parte I (Poder Executivo),nomeacao,AUGUSTO THADEU NOGUEIRA FLORENZANO,,,Governador,1,Wilson Jose Witzel - Governador,Wilson Jose Witzel,Executivo estadual,sim,AUGUSTO:ORG|NOGUEIRA FLORENZANO:MISC|Augusto Thadeu Nogueira Florenzano:PER,sim,,,"NOMEAR AUGUSTO THADEU NOGUEIRA FLORENZANO para exercer, com validade a contar de 25 de novembro de 2013, o cargo em comissão de Assessor Especial, símbolo VP-3, do Centro de Tecnologia de Informação e Comunicação do Estado do Rio de Janeiro -PRODERJ, da",https://www.ioerj.com.br/portal/modules/conteudoonline/mostra_edicao.php?session=VWxSbk1rMVVUVEZQVlUxMFVrUlZNbEpETURCT2VtaENURlJvUTFGVlZYUlJWRTVDVFhwcmQwNVZXVEJSYTA1SFRWUmpNMDlFYTNkUFJHTXpUbEU5UFE9PQ==,D:\github\exoneracoes_nomeacoes_dou\LAKE\RJ\2013\12\DOERJ_PARTE_I_PODER_EXECUTIVO_2013-12-04.md
RJ,Diario Oficial do Estado do Rio de Janeiro,2013-12-04,Parte I (Poder Executivo),nomeacao,ANTONIO EMÍLIO SANTOS,,,Governador,1,Wilson Jose Witzel - Governador,Wilson Jose Witzel,Executivo estadual,sim,ANTONIO EMÍLIO SANTOS:MISC|Antonio Emílio Santos:PER,sim,,do Departamento Geral de Administração e Finanças,"NOMEAR ANTONIO EMÍLIO SANTOS para exercer, com validade a contar de 01 de dezembro de 2013, o cargo em comissão de Diretor Geral, símbolo DG, do Departamento Geral de Administração e Finanças, da",https://www.ioerj.com.br/portal/modules/conteudoonline/mostra_edicao.php?session=VWxSbk1rMVVUVEZQVlUxMFVrUlZNbEpETURCT2VtaENURlJvUTFGVlZYUlJWRTVDVFhwcmQwNVZXVEJSYTA1SFRWUmpNMDlFYTNkUFJHTXpUbEU5UFE9PQ==,D:\github\exoneracoes_nomeacoes_dou\LAKE\RJ\2013\12\DOERJ_PARTE_I_PODER_EXECUTIVO_2013-12-04.md
RJ,Diario Oficial do Estado do Rio de Janeiro,2013-12-03,Parte I (Poder Executivo),exoneracao,PAULO CESAR,,,Governador,1,Wilson Jose Witzel - Governador,Wilson Jose Witzel,Executivo estadual,sim,PAULO CESAR:PER,sim,do cargo efetivo de Assistente Técnico de Trânsito,do Departamento de Trânsito do Estado do Rio de Janeiro - DETRAN/RJ,"EXONERAR a pedido, PAULO CESAR DA SILVA , matrícula nº 24/004.426-3, do cargo efetivo de Assistente Técnico de Trânsito, do Departamento de Trânsito do Estado do Rio de Janeiro - DETRAN/RJ, da",https://www.ioerj.com.br/portal/modules/conteudoonline/mostra_edicao.php?session=VWxSWmQwNUVhRVZPUkdOMFRrUk5kMDVETURCT2VrMTRURlJyTUUxcVFYUk5ha0V4VVhwYVFrNXFiRVJQVkZrd1RWUmpNMDlFYTNkUFZFVjRUVUU5UFE9PQ==,D:\github\exoneracoes_nomeacoes_dou\LAKE\RJ\2013\12\DOERJ_PARTE_I_PODER_EXECUTIVO_2013-12-03.md
RJ,Diario Oficial do Estado do Rio de Janeiro,2013-12-03,Parte I (Poder Executivo),exoneracao,BERNARDO JOSÉ DE ABREU OLIVIEIRA SACRAMENTO,,,Governador,1,Wilson Jose Witzel - Governador,Wilson Jose Witzel,Executivo estadual,sim,BERNARDO JOSÉ DE ABREU OLIVIEIRA SACRAMENTO:PER,sim,do cargo efetivo de Assistente Previdenciário,,"EXONERAR a pedido, BERNARDO JOSÉ DE ABREU OLIVIEIRA SACRAMENTO, matrícula nº 10.116-2, do cargo efetivo de Assistente Previdenciário, do Fundo Único de Previdência Social do Estado do Rio de Janeiro - RIOPREVIDÊNCIA, da",https://www.ioerj.com.br/portal/modules/conteudoonline/mostra_edicao.php?session=VWxSWmQwNUVhRVZPUkdOMFRrUk5kMDVETURCT2VrMTRURlJyTUUxcVFYUk5ha0V4VVhwYVFrNXFiRVJQVkZrd1RWUmpNMDlFYTNkUFZFVjRUVUU5UFE9PQ==,D:\github\exoneracoes_nomeacoes_dou\LAKE\RJ\2013\12\DOERJ_PARTE_I_PODER_EXECUTIVO_2013-12-03.md
RJ,Diario Oficial do Estado do Rio de Janeiro,2013-12-03,Parte I (Poder Executivo),exoneracao,DELEGADA DE POLÍCIA,2957575-3,,Governador,1,Wilson Jose Witzel - Governador,Wilson Jose Witzel,Executivo estadual,sim,DELEGADA DE POLÍCIA:PER,sim,do cargo em comissão de Subsecretário de Estado,da Subsecretaria Operacional,"EXONERAR a pedido e com validade a contar de 01 de novembro de 2013, SUELI PEÇANHA MURAT DE SOUSA , Delegada de Polícia, ID Funcional nº 2957575-3, do cargo em comissão de Subsecretário de Estado, símbolo SS, da Subsecretaria Operacional, da",https://www.ioerj.com.br/portal/modules/conteudoonline/mostra_edicao.php?session=VWxSWmQwNUVhRVZPUkdOMFRrUk5kMDVETURCT2VrMTRURlJyTUUxcVFYUk5ha0V4VVhwYVFrNXFiRVJQVkZrd1RWUmpNMDlFYTNkUFZFVjRUVUU5UFE9PQ==,D:\github\exoneracoes_nomeacoes_dou\LAKE\RJ\2013\12\DOERJ_PARTE_I_PODER_EXECUTIVO_2013-12-03.md
RJ,Diario Oficial do Estado do Rio de Janeiro,2013-12-02,Parte I (Poder Executivo),nomeacao,NATASHA MONTIER PEREIRA,,,Governador,1,Wilson Jose Witzel - Governador,Wilson Jose Witzel,Executivo estadual,sim,MONTIER PEREIRA:PER,sim,da Assessoria de Imprensa,,"NOMEAR NATASHA MONTIER PEREIRA para exercer, com validade a contar de 11 de novembro de 2013, o cargo em comissão de Assistente, símbolo DAS-6, da Assessoria de Imprensa, da",https://www.ioerj.com.br/portal/modules/conteudoonline/mostra_edicao.php?session=VGtSSk0xRlZUWHBPVkVWMFRrUlZkMDVUTURCUmFtY3lURlJyTUU1VVRYUk5hbEYzVFdwak1VNUVWVEpPYTFrMFRWUmpNMDlFYTNkUFZFa3pUa0U5UFE9PQ==,D:\github\exoneracoes_nomeacoes_dou\LAKE\RJ\2013\12\DOERJ_PARTE_I_PODER_EXECUTIVO_2013-12-02.md
RJ,Diario Oficial do Estado do Rio de Janeiro,2013-12-02,Parte I (Poder Executivo),exoneracao,MARCELLO OLIVEIRA,5004958,,Secretario,5,Wilson Jose Witzel - Governador,Wilson Jose Witzel,Executivo estadual,sim,MARCELLO OLIVEIRA:MISC|Marcello Oliveira:PER,sim,,,"EXONERAR com validade a contar de 19 de novembro de 2013, MARCELLO OLIVEIRA DA CUNHA , ID Funcional nº 5004958- - § 2º -O participante do PRONATEC poderá ser desligado antes do prazo fixado, mediante procedimento sumário, garantido o direito de defesa, desde que verificada conduta irregular referente a freqüência, postura ou qualidade do serviço, e ainda quando não atender a outras obrigações determinadas em Edital ou em legislação específica",https://www.ioerj.com.br/portal/modules/conteudoonline/mostra_edicao.php?session=VGtSSk0xRlZUWHBPVkVWMFRrUlZkMDVUTURCUmFtY3lURlJyTUU1VVRYUk5hbEYzVFdwak1VNUVWVEpPYTFrMFRWUmpNMDlFYTNkUFZFa3pUa0U5UFE9PQ==,D:\github\exoneracoes_nomeacoes_dou\LAKE\RJ\2013\12\DOERJ_PARTE_I_PODER_EXECUTIVO_2013-12-02.md
RJ,Diario Oficial do Estado do Rio de Janeiro,2013-12-02,Parte I (Poder Executivo),nomeacao,PAULO SERGIO DE ALMEIDA,,,Secretario,5,Wilson Jose Witzel - Governador,Wilson Jose Witzel,Executivo estadual,sim,PAULO SERGIO DE ALMEIDA:PER,sim,para exercer o cargo em comissão de Chefe de Serviço,do Departamento de Trânsito do Estado do Rio de Janeiro -DETRAN/RJ,"NOMEAR PAULO SERGIO DE ALMEIDA para exercer o cargo em comissão de Chefe de Serviço, símbolo DAI-6, da 5ª Circunscrição Regional de Trânsito - Petrópolis, da CIRETRANS E SATS, da Coordenadoria de Serviços Descentralizados, da Coordenadoria Geral de Integração de Serviços, do Departamento de Trânsito do Estado do Rio de Janeiro -DETRAN/RJ, da",https://www.ioerj.com.br/portal/modules/conteudoonline/mostra_edicao.php?session=VGtSSk0xRlZUWHBPVkVWMFRrUlZkMDVUTURCUmFtY3lURlJyTUU1VVRYUk5hbEYzVFdwak1VNUVWVEpPYTFrMFRWUmpNMDlFYTNkUFZFa3pUa0U5UFE9PQ==,D:\github\exoneracoes_nomeacoes_dou\LAKE\RJ\2013\12\DOERJ_PARTE_I_PODER_EXECUTIVO_2013-12-02.md
RJ,Diario Oficial do Estado do Rio de Janeiro,2013-12-02,Parte I (Poder Executivo),exoneracao,VERA LUCIA SOUZA MENEZES,,,Secretario,5,Wilson Jose Witzel - Governador,Wilson Jose Witzel,Executivo estadual,sim,VERA LUCIA SOUZA:MISC|Vera Lucia Souza Menezes:PER,sim,do cargo em comissão de Assistente,da Subsecretaria Executiva de Apoio às Municipalidades,"EXONERAR com validade a contar de 30 de outubro de 2013, VERA LUCIA SOUZA MENEZES do cargo em comissão de Assistente, símbolo DAS-6, da Subsecretaria Executiva de Apoio às Municipalidades, da",https://www.ioerj.com.br/portal/modules/conteudoonline/mostra_edicao.php?session=VGtSSk0xRlZUWHBPVkVWMFRrUlZkMDVUTURCUmFtY3lURlJyTUU1VVRYUk5hbEYzVFdwak1VNUVWVEpPYTFrMFRWUmpNMDlFYTNkUFZFa3pUa0U5UFE9PQ==,D:\github\exoneracoes_nomeacoes_dou\LAKE\RJ\2013\12\DOERJ_PARTE_I_PODER_EXECUTIVO_2013-12-02.md
RJ,Diario Oficial do Estado do Rio de Janeiro,2013-12-02,Parte I (Poder Executivo),nomeacao,ANTONIO CARLOS DA SILVA PINTO,,,Secretario,5,Wilson Jose Witzel - Governador,Wilson Jose Witzel,Executivo estadual,sim,ANTONIO CARLOS DA SILVA PINTO:MISC|Antonio Carlos Da Silva Pinto:PER,sim,para exercer o cargo em comissão de Secretário II,do Departamento Geral de Administração e Finanças,"NOMEAR ANTONIO CARLOS DA SILVA PINTO para exercer o cargo em comissão de Secretário II, símbolo DAI-5, do Departamento Geral de Administração e Finanças, da",https://www.ioerj.com.br/portal/modules/conteudoonline/mostra_edicao.php?session=VGtSSk0xRlZUWHBPVkVWMFRrUlZkMDVUTURCUmFtY3lURlJyTUU1VVRYUk5hbEYzVFdwak1VNUVWVEpPYTFrMFRWUmpNMDlFYTNkUFZFa3pUa0U5UFE9PQ==,D:\github\exoneracoes_nomeacoes_dou\LAKE\RJ\2013\12\DOERJ_PARTE_I_PODER_EXECUTIVO_2013-12-02.md
RJ,Diario Oficial do Estado do Rio de Janeiro,2013-12-02,Parte I (Poder Executivo),exoneracao,ELIANA ROQUE LOBATO VIEIRA DE SOUZA,,,Secretario,5,Wilson Jose Witzel - Governador,Wilson Jose Witzel,Executivo estadual,sim,ELIANA ROQUE LOBATO VIEIRA DE SOUZA:MISC|Eliana Roque Lobato Vieira De Souza:PER,sim,do cargo em comissão de Assistente II,,"EXONERAR ELIANA ROQUE LOBATO VIEIRA DE SOUZA do cargo em comissão de Assistente II, símbolo DAI-6, da",https://www.ioerj.com.br/portal/modules/conteudoonline/mostra_edicao.php?session=VGtSSk0xRlZUWHBPVkVWMFRrUlZkMDVUTURCUmFtY3lURlJyTUU1VVRYUk5hbEYzVFdwak1VNUVWVEpPYTFrMFRWUmpNMDlFYTNkUFZFa3pUa0U5UFE9PQ==,D:\github\exoneracoes_nomeacoes_dou\LAKE\RJ\2013\12\DOERJ_PARTE_I_PODER_EXECUTIVO_2013-12-02.md
RJ,Diario Oficial do Estado do Rio de Janeiro,2013-12-02,Parte I (Poder Executivo),nomeacao,VERÔNICA DE MACEDO COELHO,,,Secretario,5,Wilson Jose Witzel - Governador,Wilson Jose Witzel,Executivo estadual,sim,COELHO:PER,sim,,,"NOMEAR VERÔNICA DE MACEDO COELHO para exercer, com validade a contar de 18 de novembro de 2013, o cargo em comissão de Assessor, símbolo DAS-8, da",https://www.ioerj.com.br/portal/modules/conteudoonline/mostra_edicao.php?session=VGtSSk0xRlZUWHBPVkVWMFRrUlZkMDVUTURCUmFtY3lURlJyTUU1VVRYUk5hbEYzVFdwak1VNUVWVEpPYTFrMFRWUmpNMDlFYTNkUFZFa3pUa0U5UFE9PQ==,D:\github\exoneracoes_nomeacoes_dou\LAKE\RJ\2013\12\DOERJ_PARTE_I_PODER_EXECUTIVO_2013-12-02.md
RJ,Diario Oficial do Estado do Rio de Janeiro,2013-12-02,Parte I (Poder Executivo),nomeacao,ROSALINO FELIZARDO DE SANTANA NETO,,,Secretario,5,Wilson Jose Witzel - Governador,Wilson Jose Witzel,Executivo estadual,sim,ROSALINO FELIZARDO:MISC|SANTANA NETO:LOC|Rosalino Felizardo De Santana Neto:PER,sim,para exercer o cargo em comissão de Diretor de Divisão,da Superintendência de Unidades Próprias,"NOMEAR ROSALINO FELIZARDO DE SANTANA NETO para exercer o cargo em comissão de Diretor de Divisão, símbolo DAS7, da Divisão Técnica, do Hospital Estadual Carlos Chagas, da Superintendência de Unidades Próprias, da Subsecretaria de Unidades Próprias, da",https://www.ioerj.com.br/portal/modules/conteudoonline/mostra_edicao.php?session=VGtSSk0xRlZUWHBPVkVWMFRrUlZkMDVUTURCUmFtY3lURlJyTUU1VVRYUk5hbEYzVFdwak1VNUVWVEpPYTFrMFRWUmpNMDlFYTNkUFZFa3pUa0U5UFE9PQ==,D:\github\exoneracoes_nomeacoes_dou\LAKE\RJ\2013\12\DOERJ_PARTE_I_PODER_EXECUTIVO_2013-12-02.md
RJ,Diario Oficial do Estado do Rio de Janeiro,2013-12-02,Parte I (Poder Executivo),nomeacao,EDUARDO CÉSAR GOMES SARAIVA,,,Secretario,5,Wilson Jose Witzel - Governador,Wilson Jose Witzel,Executivo estadual,sim,EDUARDO CÉSAR GOMES SARAIVA:MISC|Eduardo César Gomes Saraiva:PER,sim,,do Instituto Estadual do Ambiente -INEA,"NOMEAR EDUARDO CÉSAR GOMES SARAIVA para exercer, com validade a contar de 18 de novembro de 2013, o cargo em comissão de Assessor II, símbolo DAS-6, do Instituto Estadual do Ambiente -INEA, da",https://www.ioerj.com.br/portal/modules/conteudoonline/mostra_edicao.php?session=VGtSSk0xRlZUWHBPVkVWMFRrUlZkMDVUTURCUmFtY3lURlJyTUU1VVRYUk5hbEYzVFdwak1VNUVWVEpPYTFrMFRWUmpNMDlFYTNkUFZFa3pUa0U5UFE9PQ==,D:\github\exoneracoes_nomeacoes_dou\LAKE\RJ\2013\12\DOERJ_PARTE_I_PODER_EXECUTIVO_2013-12-02.md
RJ,Diario Oficial do Estado do Rio de Janeiro,2013-12-02,Parte I (Poder Executivo),exoneracao,MARCOS ANDRÉ JOSEPHINO,,,Secretario,5,Wilson Jose Witzel - Governador,Wilson Jose Witzel,Executivo estadual,sim,MARCOS ANDRÉ JOSEPHINO:PER,sim,do cargo em comissão de Chefe de Serviço,do Instituto Estadual do Ambiente - INEA,"EXONERAR com validade a contar de 14 de novembro de 2013, MARCOS ANDRÉ JOSEPHINO DA SILVA VIEIRA , matrícula nº 390152-7, do cargo em comissão de Chefe de Serviço, símbolo DAI6, do Serviço de Análise de Atividades de Resíduos Industriais e Ur- <!-- image --> RIO DO JANEIRO DE DO ESTADO banos, da Gerência de Licenciamento de Saneamento e Resíduos, da Diretoria de Licenciamento Ambiental, do Instituto Estadual do Ambiente - INEA, da",https://www.ioerj.com.br/portal/modules/conteudoonline/mostra_edicao.php?session=VGtSSk0xRlZUWHBPVkVWMFRrUlZkMDVUTURCUmFtY3lURlJyTUU1VVRYUk5hbEYzVFdwak1VNUVWVEpPYTFrMFRWUmpNMDlFYTNkUFZFa3pUa0U5UFE9PQ==,D:\github\exoneracoes_nomeacoes_dou\LAKE\RJ\2013\12\DOERJ_PARTE_I_PODER_EXECUTIVO_2013-12-02.md
RJ,Diario Oficial do Estado do Rio de Janeiro,2013-12-02,Parte I (Poder Executivo),nomeacao,LUIS CLEMENS DE ALMEIDA VIANA,,,Secretario,5,Wilson Jose Witzel - Governador,Wilson Jose Witzel,Executivo estadual,sim,LUIS:ORG|Luis Clemens:PER,sim,,do Instituto Estadual do Ambiente -INEA,"NOMEAR LUIS CLEMENS DE ALMEIDA VIANA para exercer, com validade a contar de 18 de novembro de 2013, o cargo em comissão de Adjunto II, símbolo DAI-2, do Instituto Estadual do Ambiente -INEA, da",https://www.ioerj.com.br/portal/modules/conteudoonline/mostra_edicao.php?session=VGtSSk0xRlZUWHBPVkVWMFRrUlZkMDVUTURCUmFtY3lURlJyTUU1VVRYUk5hbEYzVFdwak1VNUVWVEpPYTFrMFRWUmpNMDlFYTNkUFZFa3pUa0U5UFE9PQ==,D:\github\exoneracoes_nomeacoes_dou\LAKE\RJ\2013\12\DOERJ_PARTE_I_PODER_EXECUTIVO_2013-12-02.md
RJ,Diario Oficial do Estado do Rio de Janeiro,2013-12-02,Parte I (Poder Executivo),nomeacao,PEDRO CURVELLO SAAVEDRA AVZARADEL,,,Secretario,5,Wilson Jose Witzel - Governador,Wilson Jose Witzel,Executivo estadual,sim,PEDRO CURVELLO:PER,sim,,do Instituto Estadual do Ambiente - INEA,"NOMEAR PEDRO CURVELLO SAAVEDRA AVZARADEL para exercer, com validade a contar de 19 de novembro de 2013, o cargo em comissão de Adjunto II, símbolo DAI-2, do Instituto Estadual do Ambiente - INEA, da",https://www.ioerj.com.br/portal/modules/conteudoonline/mostra_edicao.php?session=VGtSSk0xRlZUWHBPVkVWMFRrUlZkMDVUTURCUmFtY3lURlJyTUU1VVRYUk5hbEYzVFdwak1VNUVWVEpPYTFrMFRWUmpNMDlFYTNkUFZFa3pUa0U5UFE9PQ==,D:\github\exoneracoes_nomeacoes_dou\LAKE\RJ\2013\12\DOERJ_PARTE_I_PODER_EXECUTIVO_2013-12-02.md
RJ,Diario Oficial do Estado do Rio de Janeiro,2013-12-02,Parte I (Poder Executivo),nomeacao,ANA VALERIA VIEIRA DE PAULA BARBOSA,,,Secretario,5,Wilson Jose Witzel - Governador,Wilson Jose Witzel,Executivo estadual,sim,ANA VALERIA VIEIRA DE PAULA:PER,sim,para exercer o cargo em comissão de Assessor,,"NOMEAR ANA VALERIA VIEIRA DE PAULA BARBOSA para exercer o cargo em comissão de Assessor, símbolo DAS-7, da",https://www.ioerj.com.br/portal/modules/conteudoonline/mostra_edicao.php?session=VGtSSk0xRlZUWHBPVkVWMFRrUlZkMDVUTURCUmFtY3lURlJyTUU1VVRYUk5hbEYzVFdwak1VNUVWVEpPYTFrMFRWUmpNMDlFYTNkUFZFa3pUa0U5UFE9PQ==,D:\github\exoneracoes_nomeacoes_dou\LAKE\RJ\2013\12\DOERJ_PARTE_I_PODER_EXECUTIVO_2013-12-02.md
RJ,Diario Oficial do Estado do Rio de Janeiro,2013-12-02,Parte I (Poder Executivo),nomeacao,BEATRIZ MARIA FELIX FREITAS,,,Secretario,5,Wilson Jose Witzel - Governador,Wilson Jose Witzel,Executivo estadual,sim,BEATRIZ:ORG|Beatriz Maria Felix Freitas:PER,sim,para exercer o cargo em comissão de Assistente II,,"NOMEAR BEATRIZ MARIA FELIX FREITAS para exercer o cargo em comissão de Assistente II, símbolo DAI-6, da",https://www.ioerj.com.br/portal/modules/conteudoonline/mostra_edicao.php?session=VGtSSk0xRlZUWHBPVkVWMFRrUlZkMDVUTURCUmFtY3lURlJyTUU1VVRYUk5hbEYzVFdwak1VNUVWVEpPYTFrMFRWUmpNMDlFYTNkUFZFa3pUa0U5UFE9PQ==,D:\github\exoneracoes_nomeacoes_dou\LAKE\RJ\2013\12\DOERJ_PARTE_I_PODER_EXECUTIVO_2013-12-02.md
RJ,Diario Oficial do Estado do Rio de Janeiro,2013-12-02,Parte I (Poder Executivo),nomeacao,LAURA REGINA COUTINHO GHELMAN,,,Secretario,5,Wilson Jose Witzel - Governador,Wilson Jose Witzel,Executivo estadual,sim,LAURA REGINA COUTINHO:MISC|Laura Regina Coutinho Ghelman:PER,sim,,,"NOMEAR LAURA REGINA COUTINHO GHELMAN para exercer, com validade a contar de 01 de novembro de 2013, o cargo em comissão de Gerente de Projetos, símbolo DAS-7, da",https://www.ioerj.com.br/portal/modules/conteudoonline/mostra_edicao.php?session=VGtSSk0xRlZUWHBPVkVWMFRrUlZkMDVUTURCUmFtY3lURlJyTUU1VVRYUk5hbEYzVFdwak1VNUVWVEpPYTFrMFRWUmpNMDlFYTNkUFZFa3pUa0U5UFE9PQ==,D:\github\exoneracoes_nomeacoes_dou\LAKE\RJ\2013\12\DOERJ_PARTE_I_PODER_EXECUTIVO_2013-12-02.md
RJ,Diario Oficial do Estado do Rio de Janeiro,2013-12-02,Parte I (Poder Executivo),nomeacao,REGIANE TERESINHA DA CONCEIÇÃO BARROS,,,Secretario,5,Wilson Jose Witzel - Governador,Wilson Jose Witzel,Executivo estadual,sim,REGIANE TERESINHA:PER,sim,,,"NOMEAR REGIANE TERESINHA DA CONCEIÇÃO BARROS para exercer, com validade a contar de 18 de novembro de 2013, o cargo em comissão de Assistente, símbolo DAS-6, da",https://www.ioerj.com.br/portal/modules/conteudoonline/mostra_edicao.php?session=VGtSSk0xRlZUWHBPVkVWMFRrUlZkMDVUTURCUmFtY3lURlJyTUU1VVRYUk5hbEYzVFdwak1VNUVWVEpPYTFrMFRWUmpNMDlFYTNkUFZFa3pUa0U5UFE9PQ==,D:\github\exoneracoes_nomeacoes_dou\LAKE\RJ\2013\12\DOERJ_PARTE_I_PODER_EXECUTIVO_2013-12-02.md
RJ,Diario Oficial do Estado do Rio de Janeiro,2013-12-02,Parte I (Poder Executivo),nomeacao,EDUARDO RODRIGUES FERNANDES,,,Secretario,5,Wilson Jose Witzel - Governador,Wilson Jose Witzel,Executivo estadual,sim,EDUARDO RODRIGUES:PER,sim,,,"NOMEAR EDUARDO RODRIGUES FERNANDES para exercer, com validade a contar de 21 de novembro de 2013, o cargo em comissão de Assistente, símbolo DAS-6, da",https://www.ioerj.com.br/portal/modules/conteudoonline/mostra_edicao.php?session=VGtSSk0xRlZUWHBPVkVWMFRrUlZkMDVUTURCUmFtY3lURlJyTUU1VVRYUk5hbEYzVFdwak1VNUVWVEpPYTFrMFRWUmpNMDlFYTNkUFZFa3pUa0U5UFE9PQ==,D:\github\exoneracoes_nomeacoes_dou\LAKE\RJ\2013\12\DOERJ_PARTE_I_PODER_EXECUTIVO_2013-12-02.md
RJ,Diario Oficial do Estado do Rio de Janeiro,2013-12-02,Parte I (Poder Executivo),nomeacao,LUANA PINHEIRO DA SILVA SOARES,,,Secretario,5,Wilson Jose Witzel - Governador,Wilson Jose Witzel,Executivo estadual,sim,LUANA PINHEIRO DA SILVA:PER,sim,para exercer o cargo de confiança de Assessora de Comunicação Social,,"NOMEAR LUANA PINHEIRO DA SILVA SOARES para exercer o cargo de confiança de Assessora de Comunicação Social, símbolo CC-02, desta Imprensa Oficial do Estado do Rio de Janeiro",https://www.ioerj.com.br/portal/modules/conteudoonline/mostra_edicao.php?session=VGtSSk0xRlZUWHBPVkVWMFRrUlZkMDVUTURCUmFtY3lURlJyTUU1VVRYUk5hbEYzVFdwak1VNUVWVEpPYTFrMFRWUmpNMDlFYTNkUFZFa3pUa0U5UFE9PQ==,D:\github\exoneracoes_nomeacoes_dou\LAKE\RJ\2013\12\DOERJ_PARTE_I_PODER_EXECUTIVO_2013-12-02.md
RJ,Diario Oficial do Estado do Rio de Janeiro,2013-11-29,DO Campos (Poder Executivo),nomeacao,MARCELO BARBOSA GUIMARÃES,,,,,Wilson Jose Witzel - Governador,Wilson Jose Witzel,Executivo estadual,sim,MARCELO:MISC|BARBOSA:MISC|Marcelo Barbosa Guimarães:PER,sim,,,"NOMEAR Marcelo Barbosa Guimarães, Diretor Financeiro e Andréa Soares Manhães, Diretora Geral, para cumprirem o Deliberação nº 245/07 TCE-RJ, com base na Instrução Normativa SMCOA nº 003/2013, da",https://www.ioerj.com.br/portal/modules/conteudoonline/mostra_edicao.php?session=VDBSbk5WSnJVVEJPUlZsMFVrUm9SMUpETURCTmFsRXpURlZGTVU1VWEzUk5NRVpHVDFSbmQxSlZSWGhOVkVVd1RWUmpNMDlFYTNkUFZHY3lUa0U5UFE9PQ==,D:\github\exoneracoes_nomeacoes_dou\LAKE\RJ\2013\11\DOERJ_DO_CAMPOS_PODER_EXECUTIVO_2013-11-29.md
RJ,Diario Oficial do Estado do Rio de Janeiro,2013-11-28,DO Campos (Poder Executivo),nomeacao,CLÁUDIA CRISTINA,,,,,Wilson Jose Witzel - Governador,Wilson Jose Witzel,Executivo estadual,sim,CLÁUDIA CRISTINA:PER,sim,,,"NOMEAR com base na Lei nº 8385/13, Cláudia Cristina da Silva Moura , para exercer na",https://www.ioerj.com.br/portal/modules/conteudoonline/mostra_edicao.php?session=VVd0SmQwOVVSVEZQVlUxMFQwUlNSRTFUTURCT1JGRTBURlJuZDFKclVYUk5NRVY1VFdwUk1FMXJVVEZOVkVreFRWUmpNMDlFYTNoTlJFbDNUVkU5UFE9PQ==,D:\github\exoneracoes_nomeacoes_dou\LAKE\RJ\2013\11\DOERJ_DO_CAMPOS_PODER_EXECUTIVO_2013-11-28.md
RJ,Diario Oficial do Estado do Rio de Janeiro,2013-11-28,DO Campos (Poder Executivo),exoneracao,21 DE NOVEMBRO DE 2013. DR. JOSE MANUEL CORREIA MOREIRA - PRESIDENTE / FMS,,,Secretario,5,Wilson Jose Witzel - Governador,Wilson Jose Witzel,Executivo estadual,sim,DR:ORG|MANUEL CORREIA MOREIRA:MISC|FMS:ORG|Dr. Jose Manuel Correia Moreira:PER,sim,,,"EXONERAR do Serviço Publico Municipal, a auxiliar de enfermagem, lotada na Fundação Municipal de Saúde, matricula 26313, Luzia Gomes da Silva, com efeito a contar de 06/11/2013. FUNDAÇÃO MUNICIPAL DE SAÚDE, 21 DE NOVEMBRO DE 2013. Dr. Jose Manuel Correia Moreira - Presidente / FMS ##",https://www.ioerj.com.br/portal/modules/conteudoonline/mostra_edicao.php?session=VVd0SmQwOVVSVEZQVlUxMFQwUlNSRTFUTURCT1JGRTBURlJuZDFKclVYUk5NRVY1VFdwUk1FMXJVVEZOVkVreFRWUmpNMDlFYTNoTlJFbDNUVkU5UFE9PQ==,D:\github\exoneracoes_nomeacoes_dou\LAKE\RJ\2013\11\DOERJ_DO_CAMPOS_PODER_EXECUTIVO_2013-11-28.md
RJ,Diario Oficial do Estado do Rio de Janeiro,2013-11-27,DO Campos (Poder Executivo),nomeacao,WALLAS PESSANHA DA SILVA,,FABIANO DE ARAUJO MARIANO,Subsecretario,9,Wilson Jose Witzel - Governador,Wilson Jose Witzel,Executivo estadual,sim,WALLAS PESSANHA DA SILVA:MISC|Wallas Pessanha:PER,sim,para exercer o cargo de provimento em comissão de Assessor Político de Comissão Permanente,,"NOMEAR Wallas Pessanha da Silva, para exercer o cargo de provimento em comissão de Assessor Político de Comissão Permanente, da Câmara Municipal de Campos dos Goytacazes, Símbolo CC-2, a partir de 1º de novembro de 2013. Campos dos Goytacazes, 25 de novembro de 2013. EDSON BATISTA -Presidente- <!-- image --> Campos dos Goytacazes, 25 de Novembro de 2013. ## Fabiano de Araujo Mariano Subsecretário de Fiscalização de Posturas Mat. 13.933 ## CÂMARA MUNICIPAL ## PORTARIA Nº 0532/2013 O Presidente da Câmara Municipal de Campos dos Goytacazes, Estado do Rio de Janeiro, no uso de suas atribuições legais, R-E-S-O-L-V-E",https://www.ioerj.com.br/portal/modules/conteudoonline/mostra_edicao.php?session=VG10V1FrNVVVa05QUkVsMFVXdEZNVkZwTURCUlZVWkNURlZKTkUxcVJYUlNWRTB3VGxSak1FNVZTVFJPUkVsNFRWUmpNMDlFYTNoTlJGazBUa0U5UFE9PQ==,D:\github\exoneracoes_nomeacoes_dou\LAKE\RJ\2013\11\DOERJ_DO_CAMPOS_PODER_EXECUTIVO_2013-11-27.md
RJ,Diario Oficial do Estado do Rio de Janeiro,2013-11-26,Parte I (Poder Executivo),exoneracao,ROBERT WILLIAN TAVARES SOARES,4357394-0,,Secretario,5,Wilson Jose Witzel - Governador,Wilson Jose Witzel,Executivo estadual,sim,ROBERT WILLIAN TAVARES SOARES:PER,sim,do cargo em comissão de Assistente II,,"EXONERAR com validade a contar de 28 de outubro de 2013, ROBERT WILLIAN TAVARES SOARES, ID Funcional nº 4357394-0, do cargo em comissão de Assistente II, símbolo DAI-6, da",https://www.ioerj.com.br/portal/modules/conteudoonline/mostra_edicao.php?session=VFdwWk1FMUZSa1ZSTUZWMFRtcEZlRkY1TURCUmExWkhURlJyTUUxRlRYUlNha0pDVVdwTk0xRjZUa1ZOYTBwRVRWUmpNMDlFYTNoTlZFbDRUbWM5UFE9PQ==,D:\github\exoneracoes_nomeacoes_dou\LAKE\RJ\2013\11\DOERJ_PARTE_I_PODER_EXECUTIVO_2013-11-26.md
RJ,Diario Oficial do Estado do Rio de Janeiro,2013-11-26,Parte I (Poder Executivo),exoneracao,CAROLINA SANTOS BORGES,,,Secretario,5,Wilson Jose Witzel - Governador,Wilson Jose Witzel,Executivo estadual,sim,CAROLINA:ORG|Carolina Santos Borges:PER,sim,do cargo em comissão de Ajudante II,,"EXONERAR com validade a contar de 21 de outubro de 2013, CAROLINA SANTOS BORGES DA CAMARA MATOS , matrícula nº 957082-1, do cargo em comissão de Ajudante II, símbolo DAI2, da",https://www.ioerj.com.br/portal/modules/conteudoonline/mostra_edicao.php?session=VFdwWk1FMUZSa1ZSTUZWMFRtcEZlRkY1TURCUmExWkhURlJyTUUxRlRYUlNha0pDVVdwTk0xRjZUa1ZOYTBwRVRWUmpNMDlFYTNoTlZFbDRUbWM5UFE9PQ==,D:\github\exoneracoes_nomeacoes_dou\LAKE\RJ\2013\11\DOERJ_PARTE_I_PODER_EXECUTIVO_2013-11-26.md
RJ,Diario Oficial do Estado do Rio de Janeiro,2013-11-26,Parte I (Poder Executivo),nomeacao,LEONARDO BARBOSA CORREA,,,Secretario,5,Wilson Jose Witzel - Governador,Wilson Jose Witzel,Executivo estadual,sim,Leonardo Barbosa Correa:PER,sim,,,"NOMEAR LEONARDO BARBOSA CORREA para exercer, com validade a contar de 25 de novembro de 2013, o cargo em comissão de Assessor, símbolo DAS-7, da",https://www.ioerj.com.br/portal/modules/conteudoonline/mostra_edicao.php?session=VFdwWk1FMUZSa1ZSTUZWMFRtcEZlRkY1TURCUmExWkhURlJyTUUxRlRYUlNha0pDVVdwTk0xRjZUa1ZOYTBwRVRWUmpNMDlFYTNoTlZFbDRUbWM5UFE9PQ==,D:\github\exoneracoes_nomeacoes_dou\LAKE\RJ\2013\11\DOERJ_PARTE_I_PODER_EXECUTIVO_2013-11-26.md
RJ,Diario Oficial do Estado do Rio de Janeiro,2013-11-26,Parte I (Poder Executivo),nomeacao,ANDREIA MARIA OLIVEIRA DE DEUS,,,Secretario,5,Wilson Jose Witzel - Governador,Wilson Jose Witzel,Executivo estadual,sim,MARIA OLIVEIRA DE DEUS:MISC|Andreia Maria Oliveira De Deus:PER,sim,,da Fundação Santa Cabrini,"NOMEAR ANDREIA MARIA OLIVEIRA DE DEUS para exercer, com validade a contar de 01 de outubro de 2013, o cargo em comissão de Assistente de Manutenção, símbolo DAI-4, do Serviço de Manutenção, da Gerência de Produção e Serviços, da Diretoria de Produção e Comercialização, da Fundação Santa Cabrini, da",https://www.ioerj.com.br/portal/modules/conteudoonline/mostra_edicao.php?session=VFdwWk1FMUZSa1ZSTUZWMFRtcEZlRkY1TURCUmExWkhURlJyTUUxRlRYUlNha0pDVVdwTk0xRjZUa1ZOYTBwRVRWUmpNMDlFYTNoTlZFbDRUbWM5UFE9PQ==,D:\github\exoneracoes_nomeacoes_dou\LAKE\RJ\2013\11\DOERJ_PARTE_I_PODER_EXECUTIVO_2013-11-26.md
RJ,Diario Oficial do Estado do Rio de Janeiro,2013-11-26,DO Campos (Poder Executivo),nomeacao,CIRENE PESSANHA DE AZEREDO CABRAL,,,Secretario,5,Wilson Jose Witzel - Governador,Wilson Jose Witzel,Executivo estadual,sim,CIRENE PESSANHA:MISC|AZEREDO CABRAL:PER,sim,para exercer o cargo de provimento em comissão de Assessora Política do Gabinete do Vereador,do Gabinete do Vereador,"NOMEAR Cirene Pessanha de Azeredo Cabral, para exercer o cargo de provimento em comissão de Assessora Política do Gabinete do Vereador, da Câmara Municipal de Campos dos Goytacazes, Símbolo CC-1, a partir de 1º de novembro de 2013. Campos dos Goytacazes, 25 de novembro de 2013. EDSON BATISTA -Presidente- Id: 1596843 ta Comercial: 13:30h (treze horas e trinta minutos) do dia 06 de dezembro de 2013. O Edital poderá ser adquirido na Câmara Municipal de Campos dos Goytacazes/RJ, sediada na Avenida Dr. Alberto Torres, 334, centro, Campos dos Goytacazes -RJ, no horário de 9:00 horas às 17:00 de 2ª a 6ª feira, exceto feriados do Município de Campos dos Goytacazes, Estaduais e Nacionais, mediante requerimento em papel timbrado da empresa e a entrega de 01 resmas de papel A4 (branco) contendo 500 folhas. Campos dos Goytacazes, 22 de novembro de 2013. Elisabeth Ribeiro Leite Pregoeira da CMCG. Id:",https://www.ioerj.com.br/portal/modules/conteudoonline/mostra_edicao.php?session=VDBWVmVrNXFRa0pQUkVWMFRucHJORkpwTURCT1ZVMTZURlZHUms5RVJYUk9lbGt5VG10Tk5VMTZTa1pPZWxaR1RWUmpNMDlFYTNoTlZFbDRUbWM5UFE9PQ==,D:\github\exoneracoes_nomeacoes_dou\LAKE\RJ\2013\11\DOERJ_DO_CAMPOS_PODER_EXECUTIVO_2013-11-26.md
RJ,Diario Oficial do Estado do Rio de Janeiro,2013-11-25,Parte I (Poder Executivo),exoneracao,ANDRÉIA OLIVEIRA,1991510-1,,Governador,1,Wilson Jose Witzel - Governador,Wilson Jose Witzel,Executivo estadual,sim,ANDRÉIA OLIVEIRA:MISC|Andréia Oliveira:PER,sim,do cargo em comissão de Diretor,da Subsecretaria-Adjunta de Gestão Operacional,"EXONERAR com validade a contar de 23 de outubro de 2013, ANDRÉIA OLIVEIRA DA SILVA , Inspetor de Segurança e Administração Penitenciária, ID Funcional nº 1991510-1, do cargo em comissão de Diretor, símbolo DAS-7, da Penitenciária Joaquim Ferreira de Souza, da Coordenação de Unidades Prisionais de Gericinó, da Subsecretaria-Adjunta de Gestão Operacional, da",https://www.ioerj.com.br/portal/modules/conteudoonline/mostra_edicao.php?session=VGxSQk1GRlZTa1JPZWtWMFVtcGFSazlETURCT01GRTBURlZKTUZKcVZYUk5SR2hGVVZWWmVGSnJXWGhSVkVreVRWUmpNMDlFYTNoTlZGVjRUVkU5UFE9PQ==,D:\github\exoneracoes_nomeacoes_dou\LAKE\RJ\2013\11\DOERJ_PARTE_I_PODER_EXECUTIVO_2013-11-25.md
RJ,Diario Oficial do Estado do Rio de Janeiro,2013-11-25,Parte I (Poder Executivo),nomeacao,ANDRÉIA OLIVEIRA,1991510-1,,Governador,1,Wilson Jose Witzel - Governador,Wilson Jose Witzel,Executivo estadual,sim,ANDRÉIA OLIVEIRA:MISC|Andréia Oliveira:PER,sim,,da Subsecretaria-Adjunta de Gestão Operacional,"NOMEAR ANDRÉIA OLIVEIRA DA SILVA , Inspetor de Segurança e Administração Penitenciária, ID Funcional nº 1991510-1, para exercer, com validade a contar de 23 de outubro de 2013, o cargo em comissão de Diretor, símbolo DAS-7, da Penitenciária Talavera Bruce, da Coordenação de Unidades Prisionais de Gericinó, da Subsecretaria-Adjunta de Gestão Operacional, da",https://www.ioerj.com.br/portal/modules/conteudoonline/mostra_edicao.php?session=VGxSQk1GRlZTa1JPZWtWMFVtcGFSazlETURCT01GRTBURlZKTUZKcVZYUk5SR2hGVVZWWmVGSnJXWGhSVkVreVRWUmpNMDlFYTNoTlZGVjRUVkU5UFE9PQ==,D:\github\exoneracoes_nomeacoes_dou\LAKE\RJ\2013\11\DOERJ_PARTE_I_PODER_EXECUTIVO_2013-11-25.md
RJ,Diario Oficial do Estado do Rio de Janeiro,2013-11-25,Parte I (Poder Executivo),nomeacao,JURACIARA MARIA GONÇALVES,2007814-5,,Governador,1,Wilson Jose Witzel - Governador,Wilson Jose Witzel,Executivo estadual,sim,JURACIARA MARIA GONÇALVES:PER,sim,,da Subsecretaria-Adjunta de Gestão Operacional,"NOMEAR JURACIARA MARIA GONÇALVES DA SILVA , Inspetor de Segurança e Administração Penitenciária, ID Funcional nº 2007814-5, para exercer, com validade a contar de 23 de outubro de 2013, o cargo em comissão de Diretor, símbolo DAS-7, da Penitenciária Joaquim Ferreira de Souza, da Coordenação de Unidades Prisionais de Gericinó, da Subsecretaria-Adjunta de Gestão Operacional, da",https://www.ioerj.com.br/portal/modules/conteudoonline/mostra_edicao.php?session=VGxSQk1GRlZTa1JPZWtWMFVtcGFSazlETURCT01GRTBURlZKTUZKcVZYUk5SR2hGVVZWWmVGSnJXWGhSVkVreVRWUmpNMDlFYTNoTlZGVjRUVkU5UFE9PQ==,D:\github\exoneracoes_nomeacoes_dou\LAKE\RJ\2013\11\DOERJ_PARTE_I_PODER_EXECUTIVO_2013-11-25.md
RJ,Diario Oficial do Estado do Rio de Janeiro,2013-11-25,Parte I (Poder Executivo),exoneracao,CRISTINA TAVARES,,,Governador,1,Wilson Jose Witzel - Governador,Wilson Jose Witzel,Executivo estadual,sim,CRISTINA TAVARES:PER,sim,do cargo em comissão de Secretário I,da Fundação Santa Cabrini,"EXONERAR com validade a contar de 01 de outubro de 2013, CRISTINA TAVARES DA CONCEIÇÃO , matrícula nº 020198-8, do cargo em comissão de Secretário I, símbolo DAI-4, da Fundação Santa Cabrini, da",https://www.ioerj.com.br/portal/modules/conteudoonline/mostra_edicao.php?session=VGxSQk1GRlZTa1JPZWtWMFVtcGFSazlETURCT01GRTBURlZKTUZKcVZYUk5SR2hGVVZWWmVGSnJXWGhSVkVreVRWUmpNMDlFYTNoTlZGVjRUVkU5UFE9PQ==,D:\github\exoneracoes_nomeacoes_dou\LAKE\RJ\2013\11\DOERJ_PARTE_I_PODER_EXECUTIVO_2013-11-25.md
RJ,Diario Oficial do Estado do Rio de Janeiro,2013-11-25,Parte I (Poder Executivo),nomeacao,CRISTINA TAVARES,,,Governador,1,Wilson Jose Witzel - Governador,Wilson Jose Witzel,Executivo estadual,sim,CRISTINA TAVARES:PER,sim,,da Fundação Santa Cabrini,"NOMEAR CRISTINA TAVARES DA CONCEIÇÃO , matrícula nº 020198-8, para exercer, com validade a contar de 01 de outubro de 2013, o cargo em comissão de Mestre de Produção, símbolo DAI5, da Gerência de Produção e Serviços, da Diretoria de Produção e Comercialização, da Fundação Santa Cabrini, da",https://www.ioerj.com.br/portal/modules/conteudoonline/mostra_edicao.php?session=VGxSQk1GRlZTa1JPZWtWMFVtcGFSazlETURCT01GRTBURlZKTUZKcVZYUk5SR2hGVVZWWmVGSnJXWGhSVkVreVRWUmpNMDlFYTNoTlZGVjRUVkU5UFE9PQ==,D:\github\exoneracoes_nomeacoes_dou\LAKE\RJ\2013\11\DOERJ_PARTE_I_PODER_EXECUTIVO_2013-11-25.md
RJ,Diario Oficial do Estado do Rio de Janeiro,2013-11-25,Parte I (Poder Executivo),nomeacao,HELENA SANTOS DE FARIA,,,Governador,1,Wilson Jose Witzel - Governador,Wilson Jose Witzel,Executivo estadual,sim,HELENA SANTOS:PER,sim,,da Fundação Santa Cabrini,"NOMEAR HELENA SANTOS DE FARIA para exercer, com validade a contar de 01 de outubro de 2013, o cargo em comissão de Secretário I, símbolo DAI-4, da Fundação Santa Cabrini, da",https://www.ioerj.com.br/portal/modules/conteudoonline/mostra_edicao.php?session=VGxSQk1GRlZTa1JPZWtWMFVtcGFSazlETURCT01GRTBURlZKTUZKcVZYUk5SR2hGVVZWWmVGSnJXWGhSVkVreVRWUmpNMDlFYTNoTlZGVjRUVkU5UFE9PQ==,D:\github\exoneracoes_nomeacoes_dou\LAKE\RJ\2013\11\DOERJ_PARTE_I_PODER_EXECUTIVO_2013-11-25.md
RJ,Diario Oficial do Estado do Rio de Janeiro,2013-11-25,Parte I (Poder Executivo),exoneracao,JURACIARA MARIA GONÇALVES,2007814-5,,Secretario,5,Wilson Jose Witzel - Governador,Wilson Jose Witzel,Executivo estadual,sim,JURACIARA MARIA GONÇALVES:PER,sim,do cargo em comissão de Diretor,,"EXONERAR com validade a contar de 23 de outubro de 2013, JURACIARA MARIA GONÇALVES DA SILVA , Inspetor de Segurança e Administração Penitenciária, ID Funcional nº 2007814-5, do cargo em comissão de Diretor, símbolo DAS-7, da Penitenciária Ta- ANO N XXXIX - o SE GUNDA-FEIRA 21 9 - P ARTE I - - NOVEMBRO 25 DE DE 20 13",https://www.ioerj.com.br/portal/modules/conteudoonline/mostra_edicao.php?session=VGxSQk1GRlZTa1JPZWtWMFVtcGFSazlETURCT01GRTBURlZKTUZKcVZYUk5SR2hGVVZWWmVGSnJXWGhSVkVreVRWUmpNMDlFYTNoTlZGVjRUVkU5UFE9PQ==,D:\github\exoneracoes_nomeacoes_dou\LAKE\RJ\2013\11\DOERJ_PARTE_I_PODER_EXECUTIVO_2013-11-25.md
RJ,Diario Oficial do Estado do Rio de Janeiro,2013-11-25,Parte I (Poder Executivo),nomeacao,ROBERT BRAUN SENNA,5013978-9,,Secretario,5,Wilson Jose Witzel - Governador,Wilson Jose Witzel,Executivo estadual,sim,ROBERT BRAUN SENNA:PER,sim,,do Gabinete do Secretário,"NOMEAR ROBERT BRAUN SENNA DO VALLE , ID Funcional nº 5013978-9, para exercer, com validade a contar de 11 de novembro de 2013, o cargo em comissão de Assistente, símbolo DAS-6, do Gabinete do Secretário, da",https://www.ioerj.com.br/portal/modules/conteudoonline/mostra_edicao.php?session=VGxSQk1GRlZTa1JPZWtWMFVtcGFSazlETURCT01GRTBURlZKTUZKcVZYUk5SR2hGVVZWWmVGSnJXWGhSVkVreVRWUmpNMDlFYTNoTlZGVjRUVkU5UFE9PQ==,D:\github\exoneracoes_nomeacoes_dou\LAKE\RJ\2013\11\DOERJ_PARTE_I_PODER_EXECUTIVO_2013-11-25.md
RJ,Diario Oficial do Estado do Rio de Janeiro,2013-11-25,Parte I (Poder Executivo),exoneracao,RONALDO SIQUEIRA,3218793-9,,Secretario,5,Wilson Jose Witzel - Governador,Wilson Jose Witzel,Executivo estadual,sim,RONALDO SIQUEIRA:MISC|Ronaldo Siqueira:PER,sim,do cargo em comissão de Coordenador do Corpo Artístico,da Fundação Teatro Municipal do Rio de Janeiro - FTM/RJ,"EXONERAR com validade a contar de 01 de novembro de 2013, RONALDO SIQUEIRA DO NASCIMENTO , ID Funcional nº 3218793-9, do cargo em comissão de Coordenador do Corpo Artístico, símbolo FTM-2, da Orquestra Sinfônica, da Diretoria Artística, da Fundação Teatro Municipal do Rio de Janeiro - FTM/RJ, da",https://www.ioerj.com.br/portal/modules/conteudoonline/mostra_edicao.php?session=VGxSQk1GRlZTa1JPZWtWMFVtcGFSazlETURCT01GRTBURlZKTUZKcVZYUk5SR2hGVVZWWmVGSnJXWGhSVkVreVRWUmpNMDlFYTNoTlZGVjRUVkU5UFE9PQ==,D:\github\exoneracoes_nomeacoes_dou\LAKE\RJ\2013\11\DOERJ_PARTE_I_PODER_EXECUTIVO_2013-11-25.md
RJ,Diario Oficial do Estado do Rio de Janeiro,2013-11-22,Parte I (Poder Executivo),nomeacao,MARIA DE FÁTIMA ARAÚJO SANTOS,,,Governador,1,Wilson Jose Witzel - Governador,Wilson Jose Witzel,Executivo estadual,sim,MARIA DE FÁTIMA ARAÚJO SANTOS:MISC|Maria De Fátima Araújo Santos:PER,sim,,da Fundação Centro de Ciências e Educação Superior à Distância do Estado do Rio de Janeiro - CECIERJ,"NOMEAR MARIA DE FÁTIMA ARAÚJO SANTOS para exercer, com validade a contar de 27 de junho de 2013, o cargo em comissão de Diretor de Pólo, símbolo CECIERJ IV, do Pólos/Postos Regionais, da Diretoria de Pólos Regionais, da Vice-Presidência de Educação Superior à Distância, da Fundação Centro de Ciências e Educação Superior à Distância do Estado do Rio de Janeiro - CECIERJ, da",https://www.ioerj.com.br/portal/modules/conteudoonline/mostra_edicao.php?session=VDBSQk5FOUZUa1JQUkd0MFRrVlNRazVUTURCUmVrMHpURlJvUms1RlNYUlNha3BIVFhwUmVGSkVZM2hPVlZVelRWUmpNMDlFYTNoTlZHY3hUbWM5UFE9PQ==,D:\github\exoneracoes_nomeacoes_dou\LAKE\RJ\2013\11\DOERJ_PARTE_I_PODER_EXECUTIVO_2013-11-22.md
RJ,Diario Oficial do Estado do Rio de Janeiro,2013-11-22,Parte I (Poder Executivo),nomeacao,ADRIANA SANTOS DE CARVALHO,,,Governador,1,Wilson Jose Witzel - Governador,Wilson Jose Witzel,Executivo estadual,sim,ADRIANA SANTOS:PER,sim,,da Fundação Centro de Ciências e Educação Superior à Distância do Estado do Rio de Janeiro -CECIERJ,"NOMEAR ADRIANA SANTOS DE CARVALHO para exercer, com validade a contar de 01 de novembro de 2013, o cargo em comissão de Assessor, símbolo CECIERJ V, da Fundação Centro de Ciências e Educação Superior à Distância do Estado do Rio de Janeiro -CECIERJ, da",https://www.ioerj.com.br/portal/modules/conteudoonline/mostra_edicao.php?session=VDBSQk5FOUZUa1JQUkd0MFRrVlNRazVUTURCUmVrMHpURlJvUms1RlNYUlNha3BIVFhwUmVGSkVZM2hPVlZVelRWUmpNMDlFYTNoTlZHY3hUbWM5UFE9PQ==,D:\github\exoneracoes_nomeacoes_dou\LAKE\RJ\2013\11\DOERJ_PARTE_I_PODER_EXECUTIVO_2013-11-22.md
RJ,Diario Oficial do Estado do Rio de Janeiro,2013-11-22,Parte I (Poder Executivo),nomeacao,PAULO JORGE FLORENZANO DA SILVA,,,Governador,1,Wilson Jose Witzel - Governador,Wilson Jose Witzel,Executivo estadual,sim,PAULO JORGE FLORENZANO DA SILVA:PER,sim,,do Departamento de Mídias Digitais,"NOMEAR PAULO JORGE FLORENZANO DA SILVA para exercer, com validade a contar de 01 de novembro de 2013, o cargo em comissão de Diretor de Departamento, símbolo CECIERJ V, do Departamento de Mídias Digitais, da Diretoria de Material Didático, da Vice-Presidência de Educação Superior à Distância, da Fundação Centro de Ciências e Educação Superior à Distância do Estado do Rio de Janeiro - CECIERJ, da",https://www.ioerj.com.br/portal/modules/conteudoonline/mostra_edicao.php?session=VDBSQk5FOUZUa1JQUkd0MFRrVlNRazVUTURCUmVrMHpURlJvUms1RlNYUlNha3BIVFhwUmVGSkVZM2hPVlZVelRWUmpNMDlFYTNoTlZHY3hUbWM5UFE9PQ==,D:\github\exoneracoes_nomeacoes_dou\LAKE\RJ\2013\11\DOERJ_PARTE_I_PODER_EXECUTIVO_2013-11-22.md
RJ,Diario Oficial do Estado do Rio de Janeiro,2013-11-22,Parte I (Poder Executivo),nomeacao,LUCIANA LOPES FERNANDES,,,Governador,1,Wilson Jose Witzel - Governador,Wilson Jose Witzel,Executivo estadual,sim,LUCIANA LOPES FERNANDES:PER,sim,,do Departamento de Biblioteca,"NOMEAR LUCIANA LOPES FERNANDES para exercer, com validade a contar de 01 de novembro de 2013, o cargo em comissão de Diretor de Departamento, símbolo CECIERJ V, do Departamento de Biblioteca, da Diretoria de Pólos Regionais, da Vice-Presidência de Educação Superior à Distância, da Fundação Centro de Ciências e Educação Superior à Distância do Estado do Rio de Janeiro -CECIERJ, da",https://www.ioerj.com.br/portal/modules/conteudoonline/mostra_edicao.php?session=VDBSQk5FOUZUa1JQUkd0MFRrVlNRazVUTURCUmVrMHpURlJvUms1RlNYUlNha3BIVFhwUmVGSkVZM2hPVlZVelRWUmpNMDlFYTNoTlZHY3hUbWM5UFE9PQ==,D:\github\exoneracoes_nomeacoes_dou\LAKE\RJ\2013\11\DOERJ_PARTE_I_PODER_EXECUTIVO_2013-11-22.md
RJ,Diario Oficial do Estado do Rio de Janeiro,2013-11-22,Parte I (Poder Executivo),nomeacao,CARMIEL ROCHA DOS SANTOS JUNIOR,,,Governador,1,Wilson Jose Witzel - Governador,Wilson Jose Witzel,Executivo estadual,sim,CARMIEL ROCHA DOS SANTOS JUNIOR:MISC|Carmiel Rocha Dos Santos Junior:PER,sim,,da Fundação Centro Universitário Estadual da Zona Oeste UEZO,"NOMEAR CARMIEL ROCHA DOS SANTOS JUNIOR para exercer, com validade a contar de 04 de novembro de 2013, o cargo em comissão de Assessor II, símbolo UEZO-6, da Fundação Centro Universitário Estadual da Zona Oeste UEZO, da",https://www.ioerj.com.br/portal/modules/conteudoonline/mostra_edicao.php?session=VDBSQk5FOUZUa1JQUkd0MFRrVlNRazVUTURCUmVrMHpURlJvUms1RlNYUlNha3BIVFhwUmVGSkVZM2hPVlZVelRWUmpNMDlFYTNoTlZHY3hUbWM5UFE9PQ==,D:\github\exoneracoes_nomeacoes_dou\LAKE\RJ\2013\11\DOERJ_PARTE_I_PODER_EXECUTIVO_2013-11-22.md
RJ,Diario Oficial do Estado do Rio de Janeiro,2013-11-22,Parte I (Poder Executivo),nomeacao,ALINE INGLEZ DE SOUZA DIAS,,,Governador,1,Wilson Jose Witzel - Governador,Wilson Jose Witzel,Executivo estadual,sim,ALINE INGLEZ DE SOUZA DIAS:MISC|Aline Inglez De Souza Dias:PER,sim,para exercer o cargo em comissão de Superintendente,da Superintendência de Contratos e Convênios,"NOMEAR ALINE INGLEZ DE SOUZA DIAS para exercer o cargo em comissão de Superintendente, símbolo DG, da Superintendência de Contratos e Convênios, da",https://www.ioerj.com.br/portal/modules/conteudoonline/mostra_edicao.php?session=VDBSQk5FOUZUa1JQUkd0MFRrVlNRazVUTURCUmVrMHpURlJvUms1RlNYUlNha3BIVFhwUmVGSkVZM2hPVlZVelRWUmpNMDlFYTNoTlZHY3hUbWM5UFE9PQ==,D:\github\exoneracoes_nomeacoes_dou\LAKE\RJ\2013\11\DOERJ_PARTE_I_PODER_EXECUTIVO_2013-11-22.md
RJ,Diario Oficial do Estado do Rio de Janeiro,2013-11-22,Parte I (Poder Executivo),nomeacao,ARIANE ABREU,,,Secretario,5,Wilson Jose Witzel - Governador,Wilson Jose Witzel,Executivo estadual,sim,ABREU:ORG|Ariane Abreu:PER,sim,para exercer o cargo em comissão de Assistente,,"NOMEAR ARIANE ABREU para exercer o cargo em comissão de Assistente, símbolo DAS-6, da Representação do Governo em Brasília, da",https://www.ioerj.com.br/portal/modules/conteudoonline/mostra_edicao.php?session=VDBSQk5FOUZUa1JQUkd0MFRrVlNRazVUTURCUmVrMHpURlJvUms1RlNYUlNha3BIVFhwUmVGSkVZM2hPVlZVelRWUmpNMDlFYTNoTlZHY3hUbWM5UFE9PQ==,D:\github\exoneracoes_nomeacoes_dou\LAKE\RJ\2013\11\DOERJ_PARTE_I_PODER_EXECUTIVO_2013-11-22.md
RJ,Diario Oficial do Estado do Rio de Janeiro,2013-11-22,Parte I (Poder Executivo),nomeacao,FABIO ROÇAS RIBEIRO PINHO,,,Secretario,5,Wilson Jose Witzel - Governador,Wilson Jose Witzel,Executivo estadual,sim,ROÇAS RIBEIRO PINHO:MISC|Fabio Roças Ribeiro Pinho:PER,sim,,,"NOMEAR FABIO ROÇAS RIBEIRO PINHO para exercer, com validade a contar de 21 de novembro de 2013, o cargo em comissão de Ajudante I, símbolo DAI-1, da",https://www.ioerj.com.br/portal/modules/conteudoonline/mostra_edicao.php?session=VDBSQk5FOUZUa1JQUkd0MFRrVlNRazVUTURCUmVrMHpURlJvUms1RlNYUlNha3BIVFhwUmVGSkVZM2hPVlZVelRWUmpNMDlFYTNoTlZHY3hUbWM5UFE9PQ==,D:\github\exoneracoes_nomeacoes_dou\LAKE\RJ\2013\11\DOERJ_PARTE_I_PODER_EXECUTIVO_2013-11-22.md
RJ,Diario Oficial do Estado do Rio de Janeiro,2013-11-22,Parte I (Poder Executivo),nomeacao,ASSISTENTE PREVIDENCIÁRIO,4455827-9,,Secretario,5,Wilson Jose Witzel - Governador,Wilson Jose Witzel,Executivo estadual,sim,PREVIDENCIÁRIO:LOC|Assistente Previdenciário:PER,sim,para exercer o cargo em comissão de Assessor,,"NOMEAR IVANILMA RIBEIRO MACHADO , Assistente Previdenciário, ID Funcional nº 4455827-9, para exercer o cargo em comissão de Assessor, símbolo DAS-8, da Agência de Conformidade de Administração e Finanças, da Diretoria de Administração e Finanças, do Fundo Único de Previdência Social do Estado do Rio de Janeiro RIOPREVIDÊNCIA, da",https://www.ioerj.com.br/portal/modules/conteudoonline/mostra_edicao.php?session=VDBSQk5FOUZUa1JQUkd0MFRrVlNRazVUTURCUmVrMHpURlJvUms1RlNYUlNha3BIVFhwUmVGSkVZM2hPVlZVelRWUmpNMDlFYTNoTlZHY3hUbWM5UFE9PQ==,D:\github\exoneracoes_nomeacoes_dou\LAKE\RJ\2013\11\DOERJ_PARTE_I_PODER_EXECUTIVO_2013-11-22.md
RJ,Diario Oficial do Estado do Rio de Janeiro,2013-11-22,Parte I (Poder Executivo),nomeacao,ROBERTA HENRIQUES DE CASTRO,,,Secretario,5,Wilson Jose Witzel - Governador,Wilson Jose Witzel,Executivo estadual,sim,Roberta Henriques:PER,sim,,do Gabinete do Secretário,"NOMEAR ROBERTA HENRIQUES DE CASTRO para exercer, com validade a contar de 01 de novembro de 2013, o cargo em comissão de Assistente II, símbolo DAI-6, do Gabinete do Secretário, da",https://www.ioerj.com.br/portal/modules/conteudoonline/mostra_edicao.php?session=VDBSQk5FOUZUa1JQUkd0MFRrVlNRazVUTURCUmVrMHpURlJvUms1RlNYUlNha3BIVFhwUmVGSkVZM2hPVlZVelRWUmpNMDlFYTNoTlZHY3hUbWM5UFE9PQ==,D:\github\exoneracoes_nomeacoes_dou\LAKE\RJ\2013\11\DOERJ_PARTE_I_PODER_EXECUTIVO_2013-11-22.md
RJ,Diario Oficial do Estado do Rio de Janeiro,2013-11-22,Parte I (Poder Executivo),nomeacao,MARIA MADALENA SILVA OLIVEIRA,,,Secretario,5,Wilson Jose Witzel - Governador,Wilson Jose Witzel,Executivo estadual,sim,MARIA MADALENA SILVA OLIVEIRA:PER,sim,,da Fundação Carlos Chagas Filho de Amparo à Pesquisa do Estado do Rio de Janeiro - FAPERJ,"NOMEAR MARIA MADALENA SILVA OLIVEIRA para exercer, com validade a contar de 01 de novembro de 2013, o cargo em comissão de Assistente II, símbolo DAI-6, da Diretoria Científica, da Fundação Carlos Chagas Filho de Amparo à Pesquisa do Estado do Rio de Janeiro - FAPERJ, da",https://www.ioerj.com.br/portal/modules/conteudoonline/mostra_edicao.php?session=VDBSQk5FOUZUa1JQUkd0MFRrVlNRazVUTURCUmVrMHpURlJvUms1RlNYUlNha3BIVFhwUmVGSkVZM2hPVlZVelRWUmpNMDlFYTNoTlZHY3hUbWM5UFE9PQ==,D:\github\exoneracoes_nomeacoes_dou\LAKE\RJ\2013\11\DOERJ_PARTE_I_PODER_EXECUTIVO_2013-11-22.md
RJ,Diario Oficial do Estado do Rio de Janeiro,2013-11-22,Parte I (Poder Executivo),nomeacao,CLAUDIO LUIZ MAIA DE SOUZA JUNIOR,,,Secretario,5,Wilson Jose Witzel - Governador,Wilson Jose Witzel,Executivo estadual,sim,LUIZ MAIA:PER,sim,,,"NOMEAR CLAUDIO LUIZ MAIA DE SOUZA JUNIOR para exercer, com validade a contar de 18 de novembro de 2013, o cargo em comissão de Assessor, símbolo DAS-8, da",https://www.ioerj.com.br/portal/modules/conteudoonline/mostra_edicao.php?session=VDBSQk5FOUZUa1JQUkd0MFRrVlNRazVUTURCUmVrMHpURlJvUms1RlNYUlNha3BIVFhwUmVGSkVZM2hPVlZVelRWUmpNMDlFYTNoTlZHY3hUbWM5UFE9PQ==,D:\github\exoneracoes_nomeacoes_dou\LAKE\RJ\2013\11\DOERJ_PARTE_I_PODER_EXECUTIVO_2013-11-22.md
RJ,Diario Oficial do Estado do Rio de Janeiro,2013-11-22,Parte I (Poder Executivo),exoneracao,DENILSON ALBINO,,,Secretario,5,Wilson Jose Witzel - Governador,Wilson Jose Witzel,Executivo estadual,sim,DENILSON ALBINO:MISC|Denilson Albino:PER,sim,do cargo em comissão de Assistente II,,"EXONERAR a pedido e com validade a contar de 18 de novembro de 2013, DENILSON ALBINO DA SILVA , matrícula nº 5017502-5, do cargo em comissão de Assistente II, símbolo DAI-6, da",https://www.ioerj.com.br/portal/modules/conteudoonline/mostra_edicao.php?session=VDBSQk5FOUZUa1JQUkd0MFRrVlNRazVUTURCUmVrMHpURlJvUms1RlNYUlNha3BIVFhwUmVGSkVZM2hPVlZVelRWUmpNMDlFYTNoTlZHY3hUbWM5UFE9PQ==,D:\github\exoneracoes_nomeacoes_dou\LAKE\RJ\2013\11\DOERJ_PARTE_I_PODER_EXECUTIVO_2013-11-22.md
RJ,Diario Oficial do Estado do Rio de Janeiro,2013-11-22,Parte I (Poder Executivo),nomeacao,ROBERTO TIBAU MESQUITA DA COSTA,,,Secretario,5,Wilson Jose Witzel - Governador,Wilson Jose Witzel,Executivo estadual,sim,ROBERTO TIBAU MESQUITA:MISC|COSTA:ORG|Roberto Tibau Mesquita Da Costa:PER,sim,,,"NOMEAR ROBERTO TIBAU MESQUITA DA COSTA para exercer, com validade a contar de 18 de novembro de 2013, o cargo em comissão de Assistente II, símbolo DAI-6, da",https://www.ioerj.com.br/portal/modules/conteudoonline/mostra_edicao.php?session=VDBSQk5FOUZUa1JQUkd0MFRrVlNRazVUTURCUmVrMHpURlJvUms1RlNYUlNha3BIVFhwUmVGSkVZM2hPVlZVelRWUmpNMDlFYTNoTlZHY3hUbWM5UFE9PQ==,D:\github\exoneracoes_nomeacoes_dou\LAKE\RJ\2013\11\DOERJ_PARTE_I_PODER_EXECUTIVO_2013-11-22.md
RJ,Diario Oficial do Estado do Rio de Janeiro,2013-11-22,Parte I (Poder Executivo),nomeacao,LENIRA PEREIRA,,,Secretario,5,Wilson Jose Witzel - Governador,Wilson Jose Witzel,Executivo estadual,sim,LENIRA PEREIRA:MISC|Lenira Pereira:PER,sim,para exercer o cargo em comissão de Assessor Técnico,,"NOMEAR LENIRA PEREIRA para exercer o cargo em comissão de Assessor Técnico, símbolo DAI-6, da Unidade de Gestão, do Programa de Inclusão Social e Oportunidades para Jovens, da",https://www.ioerj.com.br/portal/modules/conteudoonline/mostra_edicao.php?session=VDBSQk5FOUZUa1JQUkd0MFRrVlNRazVUTURCUmVrMHpURlJvUms1RlNYUlNha3BIVFhwUmVGSkVZM2hPVlZVelRWUmpNMDlFYTNoTlZHY3hUbWM5UFE9PQ==,D:\github\exoneracoes_nomeacoes_dou\LAKE\RJ\2013\11\DOERJ_PARTE_I_PODER_EXECUTIVO_2013-11-22.md
RJ,Diario Oficial do Estado do Rio de Janeiro,2013-11-22,Parte I (Poder Executivo),nomeacao,ELIANE BESSA LEITE,,,Secretario,5,Wilson Jose Witzel - Governador,Wilson Jose Witzel,Executivo estadual,sim,Eliane Bessa Leite:PER,sim,,da Fundação Leão XIII,"NOMEAR ELIANE BESSA LEITE para exercer, com validade a contar de 01 de outubro de 2013, o cargo em comissão de Chefe de Núcleo, símbolo DAI-5, do Núcleo de Atendimento ao Cidadão de Itatiaia, do Pólo de Articulação Regional Médio Paraíba I, da Diretoria de Promoção Social do Interior, da Fundação Leão XIII, da",https://www.ioerj.com.br/portal/modules/conteudoonline/mostra_edicao.php?session=VDBSQk5FOUZUa1JQUkd0MFRrVlNRazVUTURCUmVrMHpURlJvUms1RlNYUlNha3BIVFhwUmVGSkVZM2hPVlZVelRWUmpNMDlFYTNoTlZHY3hUbWM5UFE9PQ==,D:\github\exoneracoes_nomeacoes_dou\LAKE\RJ\2013\11\DOERJ_PARTE_I_PODER_EXECUTIVO_2013-11-22.md
RJ,Diario Oficial do Estado do Rio de Janeiro,2013-11-22,Parte I (Poder Executivo),nomeacao,ROANE VERÍSSIMO BARRETO TAVARES,,,Secretario,5,Wilson Jose Witzel - Governador,Wilson Jose Witzel,Executivo estadual,sim,ROANE VERÍSSIMO:LOC|TAVARES:ORG|Roane Veríssimo Barreto Tavares:PER,sim,,,"NOMEAR ROANE VERÍSSIMO BARRETO TAVARES para exercer, com validade a contar de 01 de novembro de 2013, o cargo em comissão de Assistente, símbolo DAS-6, da",https://www.ioerj.com.br/portal/modules/conteudoonline/mostra_edicao.php?session=VDBSQk5FOUZUa1JQUkd0MFRrVlNRazVUTURCUmVrMHpURlJvUms1RlNYUlNha3BIVFhwUmVGSkVZM2hPVlZVelRWUmpNMDlFYTNoTlZHY3hUbWM5UFE9PQ==,D:\github\exoneracoes_nomeacoes_dou\LAKE\RJ\2013\11\DOERJ_PARTE_I_PODER_EXECUTIVO_2013-11-22.md
RJ,Diario Oficial do Estado do Rio de Janeiro,2013-11-22,DO Campos (Poder Executivo),nomeacao,JOSÉ EUGÊNIO KOCK TORRES,,,Secretario,5,Wilson Jose Witzel - Governador,Wilson Jose Witzel,Executivo estadual,sim,JOSÉ EUGÊNIO:PER,sim,para exercer o cargo de provimento em comissão de Assessor Político de Comissão Permanente,,"NOMEAR José Eugênio Kock Torres, para exercer o cargo de provimento em comissão de Assessor Político de Comissão Permanente, da Câmara Municipal de Campos dos Goytacazes, Símbolo CC-2, a partir de 1º de novembro de 2013. Campos dos Goytacazes, 18 de novembro de 2013. ## EDSON BATISTA -Presidente- ## PORTARIA Nº 0513/2013 O Presidente da Câmara Municipal de Campos dos Goytacazes, Estado do Rio de Janeiro, no uso de suas atribuições legais, R-E-S-O-L-V-E",https://www.ioerj.com.br/portal/modules/conteudoonline/mostra_edicao.php?session=VWxSQk5GSkVUWGhQVkdkMFVrVkZlRkpETURCTlZWVTFURlJvUjFGVVZYUlBWRVYzVFVSS1EwMVVTa05TUlZWNFRWUmpNMDlFYTNoTlZHY3hUbWM5UFE9PQ==,D:\github\exoneracoes_nomeacoes_dou\LAKE\RJ\2013\11\DOERJ_DO_CAMPOS_PODER_EXECUTIVO_2013-11-22.md
RJ,Diario Oficial do Estado do Rio de Janeiro,2013-11-22,DO Campos (Poder Executivo),nomeacao,LEONARDO GOMES DOS SANTOS,,,Secretario,5,Wilson Jose Witzel - Governador,Wilson Jose Witzel,Executivo estadual,sim,LEONARDO GOMES DOS SANTOS:MISC|Leonardo Gomes Dos Santos:PER,sim,para exercer o cargo de provimento em comissão de Assessor de Relações Institucionais,,"NOMEAR Leonardo Gomes dos Santos, para exercer o cargo de provimento em comissão de Assessor de Relações Institucionais, da Câmara Municipal de Campos dos Goytacazes, Símbolo CC-1, a partir de 1º de novembro de 2013. Campos dos Goytacazes, 19 de novembro de 2013. EDSON BATISTA -Presidente- ## PORTARIA Nº 0515/2013 O Presidente da Câmara Municipal de Campos dos Goytacazes, Estado do Rio de Janeiro, no uso de suas atribuições legais, R-E-S-O-L-V-E",https://www.ioerj.com.br/portal/modules/conteudoonline/mostra_edicao.php?session=VWxSQk5GSkVUWGhQVkdkMFVrVkZlRkpETURCTlZWVTFURlJvUjFGVVZYUlBWRVYzVFVSS1EwMVVTa05TUlZWNFRWUmpNMDlFYTNoTlZHY3hUbWM5UFE9PQ==,D:\github\exoneracoes_nomeacoes_dou\LAKE\RJ\2013\11\DOERJ_DO_CAMPOS_PODER_EXECUTIVO_2013-11-22.md
RJ,Diario Oficial do Estado do Rio de Janeiro,2013-11-22,DO Campos (Poder Executivo),nomeacao,PAULO SÉRGIO GOMES,,,Secretario,5,Wilson Jose Witzel - Governador,Wilson Jose Witzel,Executivo estadual,sim,Paulo Sérgio Gomes:PER,sim,para exercer o cargo de provimento em comissão de Assessor de Relações Institucionais,,"NOMEAR Paulo Sérgio Gomes, para exercer o cargo de provimento em comissão de Assessor de Relações Institucionais, da Câmara Municipal de Campos dos Goytacazes, Símbolo CC-1, a partir de 1º de novembro de 2013. Campos dos Goytacazes, 19 de novembro de 2013. EDSON BATISTA -Presidente- ## PORTARIA Nº 0516/2013 O Presidente da Câmara Municipal de Campos dos Goytacazes, Estado do Rio de Janeiro, no uso de suas atribuições legais, R-E-S-O-L-V-E",https://www.ioerj.com.br/portal/modules/conteudoonline/mostra_edicao.php?session=VWxSQk5GSkVUWGhQVkdkMFVrVkZlRkpETURCTlZWVTFURlJvUjFGVVZYUlBWRVYzVFVSS1EwMVVTa05TUlZWNFRWUmpNMDlFYTNoTlZHY3hUbWM5UFE9PQ==,D:\github\exoneracoes_nomeacoes_dou\LAKE\RJ\2013\11\DOERJ_DO_CAMPOS_PODER_EXECUTIVO_2013-11-22.md
RJ,Diario Oficial do Estado do Rio de Janeiro,2013-11-22,DO Campos (Poder Executivo),nomeacao,FRANCISCO DA SILVA MORAES,,,Secretario,5,Wilson Jose Witzel - Governador,Wilson Jose Witzel,Executivo estadual,sim,FRANCISCO DA SILVA:PER,sim,para exercer o cargo de provimento em comissão de Assessor de Relações Institucionais,,"NOMEAR Francisco da Silva Moraes, para exercer o cargo de provimento em comissão de Assessor de Relações Institucionais, da Câmara Municipal de Campos dos Goytacazes, Símbolo CC-1, a partir de 1º de novembro de 2013. Campos dos Goytacazes, 19 de novembro de 2013. EDSON BATISTA -Presidente- ## PORTARIA Nº 0517/2013 - O Presidente da Câmara Municipal de Campos dos Goytacazes, Estado do Rio de Janeiro, no uso de suas atribuições legais, R-E-S-O-L-V-E",https://www.ioerj.com.br/portal/modules/conteudoonline/mostra_edicao.php?session=VWxSQk5GSkVUWGhQVkdkMFVrVkZlRkpETURCTlZWVTFURlJvUjFGVVZYUlBWRVYzVFVSS1EwMVVTa05TUlZWNFRWUmpNMDlFYTNoTlZHY3hUbWM5UFE9PQ==,D:\github\exoneracoes_nomeacoes_dou\LAKE\RJ\2013\11\DOERJ_DO_CAMPOS_PODER_EXECUTIVO_2013-11-22.md
RJ,Diario Oficial do Estado do Rio de Janeiro,2013-11-22,DO Campos (Poder Executivo),nomeacao,FABRÍZIO CAZIMIRO MARTINS,,,Secretario,5,Wilson Jose Witzel - Governador,Wilson Jose Witzel,Executivo estadual,sim,FABRÍZIO:MISC|MARTINS:MISC|Fabrízio:LOC|Martins:PER,sim,para exercer o cargo de provimento em comissão de Assessor de Relações Institucionais,,"NOMEAR Fabrízio Cazimiro Martins, para exercer o cargo de provimento em comissão de Assessor de Relações Institucionais, da Câmara Municipal de Campos dos Goytacazes, Símbolo CC1, a partir de 1º de novembro de 2013. Campos dos Goytacazes, 19 de novembro de 2013. EDSON BATISTA -Presidente- ## PORTARIA Nº 0518/2013 O Presidente da Câmara Municipal de Campos dos Goytacazes, Estado do Rio de Janeiro, no uso de suas atribuições legais, R-E-S-O-L-V-E",https://www.ioerj.com.br/portal/modules/conteudoonline/mostra_edicao.php?session=VWxSQk5GSkVUWGhQVkdkMFVrVkZlRkpETURCTlZWVTFURlJvUjFGVVZYUlBWRVYzVFVSS1EwMVVTa05TUlZWNFRWUmpNMDlFYTNoTlZHY3hUbWM5UFE9PQ==,D:\github\exoneracoes_nomeacoes_dou\LAKE\RJ\2013\11\DOERJ_DO_CAMPOS_PODER_EXECUTIVO_2013-11-22.md
RJ,Diario Oficial do Estado do Rio de Janeiro,2013-11-22,DO Campos (Poder Executivo),nomeacao,SÉRGIO LUIZ GOMES FAGUNDES,,,Secretario,5,Wilson Jose Witzel - Governador,Wilson Jose Witzel,Executivo estadual,sim,SÉRGIO:ORG|FAGUNDES:ORG|Sérgio Luiz Gomes Fagundes:PER,sim,para exercer o cargo de provimento em comissão de Assessor de Relações Institucionais,,"NOMEAR Sérgio Luiz Gomes Fagundes, para exercer o cargo de provimento em comissão de Assessor de Relações Institucionais, da Câmara Municipal de Campos dos Goytacazes, Símbolo CC-1, a partir de 1º de novembro de 2013. Campos dos Goytacazes, 19 de novembro de 2013. EDSON BATISTA -Presidente- ## PORTARIA Nº 0519/2013 O Presidente da Câmara Municipal de Campos dos Goytacazes, Estado do Rio de Janeiro, no uso de suas atribuições legais, R-E-S-O-L-V-E",https://www.ioerj.com.br/portal/modules/conteudoonline/mostra_edicao.php?session=VWxSQk5GSkVUWGhQVkdkMFVrVkZlRkpETURCTlZWVTFURlJvUjFGVVZYUlBWRVYzVFVSS1EwMVVTa05TUlZWNFRWUmpNMDlFYTNoTlZHY3hUbWM5UFE9PQ==,D:\github\exoneracoes_nomeacoes_dou\LAKE\RJ\2013\11\DOERJ_DO_CAMPOS_PODER_EXECUTIVO_2013-11-22.md
RJ,Diario Oficial do Estado do Rio de Janeiro,2013-11-22,DO Campos (Poder Executivo),nomeacao,CLÉLIA OTÁVIA DE SALES DAMASCENO,,,Secretario,5,Wilson Jose Witzel - Governador,Wilson Jose Witzel,Executivo estadual,sim,CLÉLIA OTÁVIA:PER,sim,para exercer o cargo de provimento em comissão de Assessora de Relações Institucionais,,"NOMEAR Clélia Otávia de Sales Damasceno, para exercer o cargo de provimento em comissão de Assessora de Relações Institucionais, da Câmara Municipal de Campos dos Goytacazes, Símbolo CC-1, a partir de 1º de novembro de 2013. Campos dos Goytacazes, 19 de novembro de 2013. EDSON BATISTA -Presidente- ## PORTARIA Nº 0520/2013 O Presidente da Câmara Municipal de Campos dos Goytacazes, Es- tado do Rio de Janeiro, no uso de suas atribuições legais, R-E-S-O-L-V-E Santos de Oliveira",https://www.ioerj.com.br/portal/modules/conteudoonline/mostra_edicao.php?session=VWxSQk5GSkVUWGhQVkdkMFVrVkZlRkpETURCTlZWVTFURlJvUjFGVVZYUlBWRVYzVFVSS1EwMVVTa05TUlZWNFRWUmpNMDlFYTNoTlZHY3hUbWM5UFE9PQ==,D:\github\exoneracoes_nomeacoes_dou\LAKE\RJ\2013\11\DOERJ_DO_CAMPOS_PODER_EXECUTIVO_2013-11-22.md
RJ,Diario Oficial do Estado do Rio de Janeiro,2013-11-22,DO Campos (Poder Executivo),nomeacao,CLAUDIA MÁRCIA OLIVEIRA SILVA,,,Secretario,5,Wilson Jose Witzel - Governador,Wilson Jose Witzel,Executivo estadual,sim,Claudia Márcia Oliveira Silva:PER,sim,para exercer o cargo de provimento em comissão de Assessora de Relações Institucionais,,"NOMEAR Claudia Márcia Oliveira Silva, para exercer o cargo de provimento em comissão de Assessora de Relações Institucionais, da Câmara Municipal de Campos dos Goytacazes, Símbolo CC-1, a partir de 1º de novembro de 2013. Campos dos Goytacazes, 19 de novembro de 2013. EDSON BATISTA -Presidente- ## PORTARIA Nº 0522/2013 O Presidente da Câmara Municipal de Campos dos Goytacazes, Estado do Rio de Janeiro, no uso de suas atribuições legais, R-E-S-O-L-V-E",https://www.ioerj.com.br/portal/modules/conteudoonline/mostra_edicao.php?session=VWxSQk5GSkVUWGhQVkdkMFVrVkZlRkpETURCTlZWVTFURlJvUjFGVVZYUlBWRVYzVFVSS1EwMVVTa05TUlZWNFRWUmpNMDlFYTNoTlZHY3hUbWM5UFE9PQ==,D:\github\exoneracoes_nomeacoes_dou\LAKE\RJ\2013\11\DOERJ_DO_CAMPOS_PODER_EXECUTIVO_2013-11-22.md
RJ,Diario Oficial do Estado do Rio de Janeiro,2013-11-22,DO Campos (Poder Executivo),nomeacao,SAULO BRASIL FONSECA DE OLIVEIRA,,,Secretario,5,Wilson Jose Witzel - Governador,Wilson Jose Witzel,Executivo estadual,sim,BRASIL:LOC|OLIVEIRA:ORG|Saulo Brasil Fonseca De Oliveira:PER,sim,para exercer o cargo de provimento em comissão de Assessor de Relações Institucionais,,"NOMEAR Saulo Brasil Fonseca de Oliveira, para exercer o cargo de provimento em comissão de Assessor de Relações Institucionais, da Câmara Municipal de Campos dos Goytacazes, Símbolo CC-1, a partir de 1º de novembro de 2013. Campos dos Goytacazes, 19 de novembro de 2013. EDSON BATISTA -Presidente- ## PORTARIA Nº 0523/2013 O Presidente da Câmara Municipal de Campos dos Goytacazes, Estado do Rio de Janeiro, no uso de suas atribuições legais, R-E-S-O-L-V-E",https://www.ioerj.com.br/portal/modules/conteudoonline/mostra_edicao.php?session=VWxSQk5GSkVUWGhQVkdkMFVrVkZlRkpETURCTlZWVTFURlJvUjFGVVZYUlBWRVYzVFVSS1EwMVVTa05TUlZWNFRWUmpNMDlFYTNoTlZHY3hUbWM5UFE9PQ==,D:\github\exoneracoes_nomeacoes_dou\LAKE\RJ\2013\11\DOERJ_DO_CAMPOS_PODER_EXECUTIVO_2013-11-22.md
RJ,Diario Oficial do Estado do Rio de Janeiro,2013-11-22,DO Campos (Poder Executivo),nomeacao,THATIANA GOMES DE SOUZA CRUZ,,,Secretario,5,Wilson Jose Witzel - Governador,Wilson Jose Witzel,Executivo estadual,sim,GOMES DE SOUZA CRUZ:LOC|Thatiana:LOC|Gomes De Souza Cruz:PER,sim,para exercer o cargo de provimento em comissão de Assessora de Relações Institucionais,da Fundação Municipal de Saúde,"NOMEAR Thatiana Gomes de Souza Cruz, para exercer o cargo de provimento em comissão de Assessora de Relações Institucionais, da Câmara Municipal de Campos dos Goytacazes, Símbolo CC-1, a partir de 1º de novembro de 2013. Campos dos Goytacazes, 19 de novembro de 2013. EDSON BATISTA -Presidente- Id: 1595191 ## FUNDAÇÃO MUNICIPAL DE SAÚDE ## AVISO DE LICITAÇÃO PREGÃO PRESENCIAL Nº 026/2013 O Pregoeiro da Fundação Municipal de Saúde, com fulcro no",https://www.ioerj.com.br/portal/modules/conteudoonline/mostra_edicao.php?session=VWxSQk5GSkVUWGhQVkdkMFVrVkZlRkpETURCTlZWVTFURlJvUjFGVVZYUlBWRVYzVFVSS1EwMVVTa05TUlZWNFRWUmpNMDlFYTNoTlZHY3hUbWM5UFE9PQ==,D:\github\exoneracoes_nomeacoes_dou\LAKE\RJ\2013\11\DOERJ_DO_CAMPOS_PODER_EXECUTIVO_2013-11-22.md
RJ,Diario Oficial do Estado do Rio de Janeiro,2013-11-21,Parte I (Poder Executivo),nomeacao,ARTHUR ALENCAR FILARDE DE FREITAS,,,Secretario,5,Wilson Jose Witzel - Governador,Wilson Jose Witzel,Executivo estadual,sim,ARTHUR ALENCAR FILARDE:MISC|FREITAS:ORG|Arthur Alencar Filarde:PER,sim,,,"NOMEAR para compô-la, sob a presidência do primeiro, os seguintes servidores: Wagner Vianna Bretas, matrícula 31.586-1, Arthur Alencar Filarde de Freitas, matrícula 33.575-2 e Paulo Alicio de Azevedo, matrícula 36.359-8. A Comissão de Sindicância terá o prazo de 30 (trinta) dias para apresentar o relatório da Sindicância. PORTARIA Nº 065/IPRJ/2013 -Constituir Comissão de Sindicância para apurar os fatos relatados no processo nº E-26/007/13084/2013",https://www.ioerj.com.br/portal/modules/conteudoonline/mostra_edicao.php?session=VFRCUk5VNVVZM2xOYTFWMFVWUnNSVTFwTURCT1ZHUkhURlJyTUU5VVRYUk5NRTEzVGtWVmVWRlVSVEpTUlUweVRWUmpNMDlFYTNoTmFrVjVUMUU5UFE9PQ==,D:\github\exoneracoes_nomeacoes_dou\LAKE\RJ\2013\11\DOERJ_PARTE_I_PODER_EXECUTIVO_2013-11-21.md
RJ,Diario Oficial do Estado do Rio de Janeiro,2013-11-21,DO Campos (Poder Executivo),nomeacao,THAIS CHAGAS RIBEIRO RANGEL,,,Secretario,5,Wilson Jose Witzel - Governador,Wilson Jose Witzel,Executivo estadual,sim,THAIS:MISC|RIBEIRO RANGEL:MISC|Thais Chagas Ribeiro Rangel:PER,sim,para exercer o cargo de provimento em comissão de Chefe de Protocolo,,"NOMEAR Thais Chagas Ribeiro Rangel, para exercer o cargo de provimento em comissão de Chefe de Protocolo, da Câmara Municipal de Campos dos Goytacazes, Símbolo CC-3, a partir de 1º de novembro de 2013. Campos dos Goytacazes, 14 de novembro de 2013. EDSON BATISTA -Presidente- ## PORTARIA Nº 0498/2013 O Presidente da Câmara Municipal de Campos dos Goytacazes, Estado do Rio de Janeiro, no uso de suas atribuições legais, R-E-S-O-L-V-E",https://www.ioerj.com.br/portal/modules/conteudoonline/mostra_edicao.php?session=VVhwck1sRnFSWGhQUkdOMFRsUkNRMDFwTURCTlJWVjZURlZGZUZGVVkzUk9WRUpFVVRCS1ExSkZSa1ZQUkVFd1RWUmpNMDlFYTNoTmFrVjVUMUU5UFE9PQ==,D:\github\exoneracoes_nomeacoes_dou\LAKE\RJ\2013\11\DOERJ_DO_CAMPOS_PODER_EXECUTIVO_2013-11-21.md
RJ,Diario Oficial do Estado do Rio de Janeiro,2013-11-21,DO Campos (Poder Executivo),nomeacao,ROBSON FRANCISCO DE ALMEIDA MANHÃES,,,Secretario,5,Wilson Jose Witzel - Governador,Wilson Jose Witzel,Executivo estadual,sim,ROBSON FRANCISCO DE ALMEIDA:MISC|Robson Francisco De Almeida Manhães:PER,sim,para exercer o cargo de provimento em comissão de Assessor Político de Comissão Permanente,,"NOMEAR Robson Francisco de Almeida Manhães, para exercer o cargo de provimento em comissão de Assessor Político de Comissão Permanente, da Câmara Municipal de Campos dos Goytacazes, Símbolo CC-2, a partir de 1º de novembro de 2013. Campos dos Goytacazes, 18 de novembro de 2013. EDSON BATISTA -Presidente- ## PORTARIA Nº 0499/2013 O Presidente da Câmara Municipal de Campos dos Goytacazes, Estado do Rio de Janeiro, no uso de suas atribuições legais, R-E-S-O-L-V-E",https://www.ioerj.com.br/portal/modules/conteudoonline/mostra_edicao.php?session=VVhwck1sRnFSWGhQUkdOMFRsUkNRMDFwTURCTlJWVjZURlZGZUZGVVkzUk9WRUpFVVRCS1ExSkZSa1ZQUkVFd1RWUmpNMDlFYTNoTmFrVjVUMUU5UFE9PQ==,D:\github\exoneracoes_nomeacoes_dou\LAKE\RJ\2013\11\DOERJ_DO_CAMPOS_PODER_EXECUTIVO_2013-11-21.md
RJ,Diario Oficial do Estado do Rio de Janeiro,2013-11-21,DO Campos (Poder Executivo),nomeacao,SANDRA LÚCIA MARQUES DE FREITAS,,,Secretario,5,Wilson Jose Witzel - Governador,Wilson Jose Witzel,Executivo estadual,sim,SANDRA LÚCIA:PER,sim,para exercer o cargo de provimento em comissão de Assessora Política de Comissão Permanente,,"NOMEAR Sandra Lúcia Marques de Freitas, para exercer o cargo de provimento em comissão de Assessora Política de Comissão Permanente, da Câmara Municipal de Campos dos Goytacazes, Símbolo CC-2, a partir de 1º de novembro de 2013. Campos dos Goytacazes, 18 de novembro de 2013. EDSON BATISTA -Presidente- ## PORTARIA Nº 0500/2013 O Presidente da Câmara Municipal de Campos dos Goytacazes, Estado do Rio de Janeiro, no uso de suas atribuições legais, R-E-S-O-L-V-E",https://www.ioerj.com.br/portal/modules/conteudoonline/mostra_edicao.php?session=VVhwck1sRnFSWGhQUkdOMFRsUkNRMDFwTURCTlJWVjZURlZGZUZGVVkzUk9WRUpFVVRCS1ExSkZSa1ZQUkVFd1RWUmpNMDlFYTNoTmFrVjVUMUU5UFE9PQ==,D:\github\exoneracoes_nomeacoes_dou\LAKE\RJ\2013\11\DOERJ_DO_CAMPOS_PODER_EXECUTIVO_2013-11-21.md
RJ,Diario Oficial do Estado do Rio de Janeiro,2013-11-21,DO Campos (Poder Executivo),nomeacao,ROSANA CRISTINA DA SILVA AMARAL DE OLIVEIRA,,,Secretario,5,Wilson Jose Witzel - Governador,Wilson Jose Witzel,Executivo estadual,sim,ROSANA CRISTINA DA SILVA AMARAL DE OLIVEIRA:PER,sim,para exercer o cargo de provimento em comissão de Assessora Política de Comissão Permanente,,"NOMEAR Rosana Cristina da Silva Amaral de Oliveira, para exercer o cargo de provimento em comissão de Assessora Política de Comissão Permanente, da Câmara Municipal de Campos dos Goytacazes, Símbolo CC-2, a partir de 1º de novembro de 2013. Campos dos Goytacazes, 18 de novembro de 2013. EDSON BATISTA -Presidente- ## PORTARIA Nº 0501/2013 O Presidente da Câmara Municipal de Campos dos Goytacazes, Estado do Rio de Janeiro, no uso de suas atribuições legais, R-E-S-O-L-V-E",https://www.ioerj.com.br/portal/modules/conteudoonline/mostra_edicao.php?session=VVhwck1sRnFSWGhQUkdOMFRsUkNRMDFwTURCTlJWVjZURlZGZUZGVVkzUk9WRUpFVVRCS1ExSkZSa1ZQUkVFd1RWUmpNMDlFYTNoTmFrVjVUMUU5UFE9PQ==,D:\github\exoneracoes_nomeacoes_dou\LAKE\RJ\2013\11\DOERJ_DO_CAMPOS_PODER_EXECUTIVO_2013-11-21.md
RJ,Diario Oficial do Estado do Rio de Janeiro,2013-11-21,DO Campos (Poder Executivo),nomeacao,DIEGO TAVARES SAMPAIO PESSANHA,,,Secretario,5,Wilson Jose Witzel - Governador,Wilson Jose Witzel,Executivo estadual,sim,Tavares Sampaio Pessanha:PER,sim,para exercer o cargo de provimento em comissão de Assessor Político de Comissão Permanente,,"NOMEAR Diego Tavares Sampaio Pessanha, para exercer o cargo de provimento em comissão de Assessor Político de Comissão Permanente, da Câmara Municipal de Campos dos Goytacazes, Símbolo CC-2, a partir de 1º de novembro de 2013. Campos dos Goytacazes, 18 de novembro de 2013. EDSON BATISTA -Presidente- 24 ## PORTARIA Nº 0502/2013 O Presidente da Câmara Municipal de Campos dos Goytacazes, Estado do Rio de Janeiro, no uso de suas atribuições legais, R-E-S-O-L-V-E",https://www.ioerj.com.br/portal/modules/conteudoonline/mostra_edicao.php?session=VVhwck1sRnFSWGhQUkdOMFRsUkNRMDFwTURCTlJWVjZURlZGZUZGVVkzUk9WRUpFVVRCS1ExSkZSa1ZQUkVFd1RWUmpNMDlFYTNoTmFrVjVUMUU5UFE9PQ==,D:\github\exoneracoes_nomeacoes_dou\LAKE\RJ\2013\11\DOERJ_DO_CAMPOS_PODER_EXECUTIVO_2013-11-21.md
RJ,Diario Oficial do Estado do Rio de Janeiro,2013-11-21,DO Campos (Poder Executivo),nomeacao,EMIRALDO RANGEL ESTEVÃO,,,Secretario,5,Wilson Jose Witzel - Governador,Wilson Jose Witzel,Executivo estadual,sim,RANGEL ESTEVÃO:PER,sim,para exercer o cargo de provimento em comissão de Assessor Político de Comissão Permanente,,"NOMEAR Emiraldo Rangel Estevão, para exercer o cargo de provimento em comissão de Assessor Político de Comissão Permanente, da Câmara Municipal de Campos dos Goytacazes, Símbolo CC-2, a partir de 1º de novembro de 2013. Campos dos Goytacazes, 18 de novembro de 2013. EDSON BATISTA -Presidente- ## PORTARIA Nº 0503/2013 O Presidente da Câmara Municipal de Campos dos Goytacazes, Estado do Rio de Janeiro, no uso de suas atribuições legais, R-E-S-O-L-V-E",https://www.ioerj.com.br/portal/modules/conteudoonline/mostra_edicao.php?session=VVhwck1sRnFSWGhQUkdOMFRsUkNRMDFwTURCTlJWVjZURlZGZUZGVVkzUk9WRUpFVVRCS1ExSkZSa1ZQUkVFd1RWUmpNMDlFYTNoTmFrVjVUMUU5UFE9PQ==,D:\github\exoneracoes_nomeacoes_dou\LAKE\RJ\2013\11\DOERJ_DO_CAMPOS_PODER_EXECUTIVO_2013-11-21.md
RJ,Diario Oficial do Estado do Rio de Janeiro,2013-11-21,DO Campos (Poder Executivo),nomeacao,ISAULINA RODRIGUES MIRANDA,,,Secretario,5,Wilson Jose Witzel - Governador,Wilson Jose Witzel,Executivo estadual,sim,ISAULINA RODRIGUES MIRANDA:PER,sim,para exercer o cargo de provimento em comissão de Assessora Política de Comissão Permanente,,"NOMEAR Isaulina Rodrigues Miranda, para exercer o cargo de provimento em comissão de Assessora Política de Comissão Permanente, da Câmara Municipal de Campos dos Goytacazes, Símbolo CC-2, a partir de 1º de novembro de 2013. Campos dos Goytacazes, 18 de novembro de 2013. EDSON BATISTA -Presidente- ## PORTARIA Nº 0504/2013 O Presidente da Câmara Municipal de Campos dos Goytacazes, Es- tado do Rio de Janeiro, no uso de suas atribuições legais, ## R-E-S-O-L-V-E",https://www.ioerj.com.br/portal/modules/conteudoonline/mostra_edicao.php?session=VVhwck1sRnFSWGhQUkdOMFRsUkNRMDFwTURCTlJWVjZURlZGZUZGVVkzUk9WRUpFVVRCS1ExSkZSa1ZQUkVFd1RWUmpNMDlFYTNoTmFrVjVUMUU5UFE9PQ==,D:\github\exoneracoes_nomeacoes_dou\LAKE\RJ\2013\11\DOERJ_DO_CAMPOS_PODER_EXECUTIVO_2013-11-21.md
RJ,Diario Oficial do Estado do Rio de Janeiro,2013-11-21,DO Campos (Poder Executivo),nomeacao,AMARO JOSÉ DA CONCEIÇÃO SILVA,,,Secretario,5,Wilson Jose Witzel - Governador,Wilson Jose Witzel,Executivo estadual,sim,AMARO JOSÉ DA CONCEIÇÃO SILVA:PER,sim,para exercer o cargo de provimento em comissão de Assessor Político de Comis- são Permanente,,"NOMEAR Amaro José da Conceição Silva, para exercer o cargo de provimento em comissão de Assessor Político de Comis- são Permanente, da Câmara Municipal de Campos dos Goytacazes, Símbolo CC-2, a partir de 1º de novembro de 2013. Campos dos Goytacazes, 18 de novembro de 2013. EDSON BATISTA -Presidente- ## PORTARIA Nº 0505/2013 O Presidente da Câmara Municipal de Campos dos Goytacazes, Estado do Rio de Janeiro, no uso de suas atribuições legais, R-E-S-O-L-V-E",https://www.ioerj.com.br/portal/modules/conteudoonline/mostra_edicao.php?session=VVhwck1sRnFSWGhQUkdOMFRsUkNRMDFwTURCTlJWVjZURlZGZUZGVVkzUk9WRUpFVVRCS1ExSkZSa1ZQUkVFd1RWUmpNMDlFYTNoTmFrVjVUMUU5UFE9PQ==,D:\github\exoneracoes_nomeacoes_dou\LAKE\RJ\2013\11\DOERJ_DO_CAMPOS_PODER_EXECUTIVO_2013-11-21.md
RJ,Diario Oficial do Estado do Rio de Janeiro,2013-11-21,DO Campos (Poder Executivo),nomeacao,THATIANA DA SILVA RUIZ,,,Secretario,5,Wilson Jose Witzel - Governador,Wilson Jose Witzel,Executivo estadual,sim,Thatiana Da Silva Ruiz:PER,sim,para exercer o cargo de provimento em comissão de Assessora Política de Comissão Permanente,,"NOMEAR Thatiana da Silva Ruiz, para exercer o cargo de provimento em comissão de Assessora Política de Comissão Permanente, da Câmara Municipal de Campos dos Goytacazes, Símbolo CC-2, a partir de 1º de novembro de 2013. Campos dos Goytacazes, 18 de novembro de 2013. EDSON BATISTA -Presidente- ## PORTARIA Nº 0506/2013 O Presidente da Câmara Municipal de Campos dos Goytacazes, Estado do Rio de Janeiro, no uso de suas atribuições legais, R-E-S-O-L-V-E",https://www.ioerj.com.br/portal/modules/conteudoonline/mostra_edicao.php?session=VVhwck1sRnFSWGhQUkdOMFRsUkNRMDFwTURCTlJWVjZURlZGZUZGVVkzUk9WRUpFVVRCS1ExSkZSa1ZQUkVFd1RWUmpNMDlFYTNoTmFrVjVUMUU5UFE9PQ==,D:\github\exoneracoes_nomeacoes_dou\LAKE\RJ\2013\11\DOERJ_DO_CAMPOS_PODER_EXECUTIVO_2013-11-21.md
RJ,Diario Oficial do Estado do Rio de Janeiro,2013-11-21,DO Campos (Poder Executivo),nomeacao,FRANCISCO JOSÉ DE SOUZA HIGINO,,,Secretario,5,Wilson Jose Witzel - Governador,Wilson Jose Witzel,Executivo estadual,sim,FRANCISCO JOSÉ DE SOUZA HIGINO:PER,sim,,,"NOMEAR Francisco José de Souza Higino, para exercer DIÁRIO OFICIAL do Município de Campos dos Goytacazes Ano V - N o -CLVII - Poder Executivo - Campos dos Goytacazes ## PODER EXECUTIVO o cargo de provimento em comissão de Assessor Político de Comissão Permanente, da Câmara Municipal de Campos dos Goytacazes, Símbolo CC-2, a partir de 1º de novembro de 2013. Campos dos Goytacazes, 18 de novembro de 2013. EDSON BATISTA -Presidente- D.O. ## PORTARIA Nº 0494/2013 O Presidente da Câmara Municipal de Campos dos Goytacazes, Estado do Rio de Janeiro, no uso de suas atribuições legais, R-E-S-O-L-V-E",https://www.ioerj.com.br/portal/modules/conteudoonline/mostra_edicao.php?session=VVhwck1sRnFSWGhQUkdOMFRsUkNRMDFwTURCTlJWVjZURlZGZUZGVVkzUk9WRUpFVVRCS1ExSkZSa1ZQUkVFd1RWUmpNMDlFYTNoTmFrVjVUMUU5UFE9PQ==,D:\github\exoneracoes_nomeacoes_dou\LAKE\RJ\2013\11\DOERJ_DO_CAMPOS_PODER_EXECUTIVO_2013-11-21.md
RJ,Diario Oficial do Estado do Rio de Janeiro,2013-11-21,DO Campos (Poder Executivo),nomeacao,MARIA DAS GRAÇAS SILVA DOS SANTOS,,,Secretario,5,Wilson Jose Witzel - Governador,Wilson Jose Witzel,Executivo estadual,sim,MARIA DAS GRAÇAS SILVA:MISC|DOS SANTOS:MISC|Maria Das Graças Silva Dos Santos:PER,sim,para exercer o cargo de provimento em comissão de Assessora Política de Comissão Permanente,,"NOMEAR Maria das Graças Silva dos Santos, para exercer o cargo de provimento em comissão de Assessora Política de Comissão Permanente, da Câmara Municipal de Campos dos Goytacazes, Símbolo CC-2, a partir de 1º de novembro de 2013. Campos dos Goytacazes, 18 de novembro de 2013. EDSON BATISTA -Presidente- ## PORTARIA Nº 0508/2013 O Presidente da Câmara Municipal de Campos dos Goytacazes, Estado do Rio de Janeiro, no uso de suas atribuições legais, R-E-S-O-L-V-E",https://www.ioerj.com.br/portal/modules/conteudoonline/mostra_edicao.php?session=VVhwck1sRnFSWGhQUkdOMFRsUkNRMDFwTURCTlJWVjZURlZGZUZGVVkzUk9WRUpFVVRCS1ExSkZSa1ZQUkVFd1RWUmpNMDlFYTNoTmFrVjVUMUU5UFE9PQ==,D:\github\exoneracoes_nomeacoes_dou\LAKE\RJ\2013\11\DOERJ_DO_CAMPOS_PODER_EXECUTIVO_2013-11-21.md
RJ,Diario Oficial do Estado do Rio de Janeiro,2013-11-21,DO Campos (Poder Executivo),nomeacao,FÁBIO GOMES DE FREITAS BASTOS,,,Secretario,5,Wilson Jose Witzel - Governador,Wilson Jose Witzel,Executivo estadual,sim,FÁBIO GOMES DE FREITAS BASTOS:MISC|Fábio Gomes:PER,sim,para exercer o cargo de provimento em comissão de Assessor Político de Comissão Permanente,,"NOMEAR Fábio Gomes de Freitas Bastos, para exercer o cargo de provimento em comissão de Assessor Político de Comissão Permanente, da Câmara Municipal de Campos dos Goytacazes, Símbolo CC-2, a partir de 1º de novembro de 2013. Campos dos Goytacazes, 18 de novembro de 2013. EDSON BATISTA -Presidente- ## PORTARIA Nº 0510/2013 O Presidente da Câmara Municipal de Campos dos Goytacazes, Estado do Rio de Janeiro, no uso de suas atribuições legais, R-E-S-O-L-V-E",https://www.ioerj.com.br/portal/modules/conteudoonline/mostra_edicao.php?session=VVhwck1sRnFSWGhQUkdOMFRsUkNRMDFwTURCTlJWVjZURlZGZUZGVVkzUk9WRUpFVVRCS1ExSkZSa1ZQUkVFd1RWUmpNMDlFYTNoTmFrVjVUMUU5UFE9PQ==,D:\github\exoneracoes_nomeacoes_dou\LAKE\RJ\2013\11\DOERJ_DO_CAMPOS_PODER_EXECUTIVO_2013-11-21.md
RJ,Diario Oficial do Estado do Rio de Janeiro,2013-11-21,DO Campos (Poder Executivo),nomeacao,RENATA DO AMARAL RODRIGUES,,,Secretario,5,Wilson Jose Witzel - Governador,Wilson Jose Witzel,Executivo estadual,sim,RENATA DO AMARAL RODRIGUES:MISC|Renata Do Amaral Rodrigues:PER,sim,para exercer o cargo de provimento em comissão de Assessora Política de Comissão Permanente,,"NOMEAR Renata do Amaral Rodrigues, para exercer o cargo de provimento em comissão de Assessora Política de Comissão Permanente, da Câmara Municipal de Campos dos Goytacazes, Símbolo CC-2, a partir de 1º de novembro de 2013. Campos dos Goytacazes, 18 de novembro de 2013. EDSON BATISTA -Presidente- Id: 1594378 <!-- image -->",https://www.ioerj.com.br/portal/modules/conteudoonline/mostra_edicao.php?session=VVhwck1sRnFSWGhQUkdOMFRsUkNRMDFwTURCTlJWVjZURlZGZUZGVVkzUk9WRUpFVVRCS1ExSkZSa1ZQUkVFd1RWUmpNMDlFYTNoTmFrVjVUMUU5UFE9PQ==,D:\github\exoneracoes_nomeacoes_dou\LAKE\RJ\2013\11\DOERJ_DO_CAMPOS_PODER_EXECUTIVO_2013-11-21.md
RJ,Diario Oficial do Estado do Rio de Janeiro,2013-11-19,Parte I (Poder Executivo),exoneracao,MARCELO LOPES,1921985-7,,Governador,1,Wilson Jose Witzel - Governador,Wilson Jose Witzel,Executivo estadual,sim,MARCELO LOPES:MISC|Marcelo Lopes:PER,sim,do cargo em comissão de Assessor-Chefe,da Subsecretaria de Fazenda para Assuntos Jurídicos,"EXONERAR com validade a contar de 14 de novembro de 2013, MARCELO LOPES DA SILVA , Procurador de Estado, ID Funcional nº 1921985-7, do cargo em comissão de Assessor-Chefe, símbolo DG, da Assessoria Jurídica, da Subsecretaria de Fazenda para Assuntos Jurídicos, da",https://www.ioerj.com.br/portal/modules/conteudoonline/mostra_edicao.php?session=VW1wTmVWSlVaekJTUkZGMFVYcEJOVkZwTURCT01FNURURlJuTWxKcVNYUk9SR013VDFWTk1VNVZVa0pPUlVWNFRWUmpNMDlFYTNoTmFsa3lUWGM5UFE9PQ==,D:\github\exoneracoes_nomeacoes_dou\LAKE\RJ\2013\11\DOERJ_PARTE_I_PODER_EXECUTIVO_2013-11-19.md
RJ,Diario Oficial do Estado do Rio de Janeiro,2013-11-19,Parte I (Poder Executivo),nomeacao,MARCELO LOPES,1921985-7,,Governador,1,Wilson Jose Witzel - Governador,Wilson Jose Witzel,Executivo estadual,sim,MARCELO LOPES:MISC|Marcelo Lopes:PER,sim,,da Subsecretaria de Fazenda para Assuntos Jurídicos,"NOMEAR MARCELO LOPES DA SILVA , Procurador de Estado, ID Funcional nº 1921985-7, para exercer, com validade a contar de 14 de novembro de 2013, o cargo em comissão de Assessor, símbolo DAS-8, da Subsecretaria de Fazenda para Assuntos Jurídicos, da",https://www.ioerj.com.br/portal/modules/conteudoonline/mostra_edicao.php?session=VW1wTmVWSlVaekJTUkZGMFVYcEJOVkZwTURCT01FNURURlJuTWxKcVNYUk9SR013VDFWTk1VNVZVa0pPUlVWNFRWUmpNMDlFYTNoTmFsa3lUWGM5UFE9PQ==,D:\github\exoneracoes_nomeacoes_dou\LAKE\RJ\2013\11\DOERJ_PARTE_I_PODER_EXECUTIVO_2013-11-19.md
RJ,Diario Oficial do Estado do Rio de Janeiro,2013-11-19,Parte I (Poder Executivo),exoneracao,OCTÁVIO VIDAL DA SILVEIRA,2025678-7,,Governador,1,Wilson Jose Witzel - Governador,Wilson Jose Witzel,Executivo estadual,sim,Octávio Vidal Da Silveira:PER,sim,do cargo em comissão de Assessor-Chefe,da Fundação Centro de Ciências e Educação Superior à Distância do Estado do Rio de Janeiro - CECIERJ,"EXONERAR a pedido e com validade a contar de 01 de outubro de 2013, OCTÁVIO VIDAL DA SILVEIRA, ID Funcional nº 2025678-7, do cargo em comissão de Assessor-Chefe, símbolo CECIERJIII, da Assessoria de Controle Interno, da Presidência, da Fundação Centro de Ciências e Educação Superior à Distância do Estado do Rio de Janeiro - CECIERJ, da",https://www.ioerj.com.br/portal/modules/conteudoonline/mostra_edicao.php?session=VW1wTmVWSlVaekJTUkZGMFVYcEJOVkZwTURCT01FNURURlJuTWxKcVNYUk9SR013VDFWTk1VNVZVa0pPUlVWNFRWUmpNMDlFYTNoTmFsa3lUWGM5UFE9PQ==,D:\github\exoneracoes_nomeacoes_dou\LAKE\RJ\2013\11\DOERJ_PARTE_I_PODER_EXECUTIVO_2013-11-19.md
RJ,Diario Oficial do Estado do Rio de Janeiro,2013-11-19,Parte I (Poder Executivo),nomeacao,MARINEIDE MAGALHÃES MACEDO,,,Governador,1,Wilson Jose Witzel - Governador,Wilson Jose Witzel,Executivo estadual,sim,MARINEIDE:ORG|Marineide Magalhães Macedo:PER,sim,para exercer o cargo em comissão de Diretor (ISE/IST),da Fundação de Apoio à Escola Técnica do Estado do Rio de Janeiro FAETEC,"NOMEAR MARINEIDE MAGALHÃES MACEDO para exercer o cargo em comissão de Diretor (ISE/IST), símbolo FAETEC 1, da Fundação de Apoio à Escola Técnica do Estado do Rio de Janeiro FAETEC, da",https://www.ioerj.com.br/portal/modules/conteudoonline/mostra_edicao.php?session=VW1wTmVWSlVaekJTUkZGMFVYcEJOVkZwTURCT01FNURURlJuTWxKcVNYUk9SR013VDFWTk1VNVZVa0pPUlVWNFRWUmpNMDlFYTNoTmFsa3lUWGM5UFE9PQ==,D:\github\exoneracoes_nomeacoes_dou\LAKE\RJ\2013\11\DOERJ_PARTE_I_PODER_EXECUTIVO_2013-11-19.md
RJ,Diario Oficial do Estado do Rio de Janeiro,2013-11-19,Parte I (Poder Executivo),nomeacao,AILTON DE MESQUITA VIEIRA,,,Governador,1,Wilson Jose Witzel - Governador,Wilson Jose Witzel,Executivo estadual,sim,Ailton De Mesquita Vieira:PER,sim,,do Instituto Estadual do Ambiente - INEA,"NOMEAR AILTON DE MESQUITA VIEIRA para exercer, com validade a contar de 18 de novembro de 2013, o cargo em comissão de Diretor, símbolo VP-1, da Diretoria de Informação, Monitoramento e Fiscalização, do Instituto Estadual do Ambiente - INEA, da",https://www.ioerj.com.br/portal/modules/conteudoonline/mostra_edicao.php?session=VW1wTmVWSlVaekJTUkZGMFVYcEJOVkZwTURCT01FNURURlJuTWxKcVNYUk9SR013VDFWTk1VNVZVa0pPUlVWNFRWUmpNMDlFYTNoTmFsa3lUWGM5UFE9PQ==,D:\github\exoneracoes_nomeacoes_dou\LAKE\RJ\2013\11\DOERJ_PARTE_I_PODER_EXECUTIVO_2013-11-19.md
RJ,Diario Oficial do Estado do Rio de Janeiro,2013-11-19,Parte I (Poder Executivo),nomeacao,RAFAEL PAULO XAVIER,,,Secretario,5,Wilson Jose Witzel - Governador,Wilson Jose Witzel,Executivo estadual,sim,RAFAEL PAULO XAVIER:PER,sim,para exercer o cargo em comissão de Chefe de Unidade,do Departamento de Trânsito do Estado do Rio de Janeiro - DETRAN/RJ,"NOMEAR RAFAEL PAULO XAVIER para exercer o cargo em comissão de Chefe de Unidade, símbolo DAI-6, da Unidade de Serviço Descentralizado -USD, da Coordenadoria de Serviços Descentralizados, da Coordenadoria Geral de Integração de Serviços, do Departamento de Trânsito do Estado do Rio de Janeiro - DETRAN/RJ, da",https://www.ioerj.com.br/portal/modules/conteudoonline/mostra_edicao.php?session=VW1wTmVWSlVaekJTUkZGMFVYcEJOVkZwTURCT01FNURURlJuTWxKcVNYUk9SR013VDFWTk1VNVZVa0pPUlVWNFRWUmpNMDlFYTNoTmFsa3lUWGM5UFE9PQ==,D:\github\exoneracoes_nomeacoes_dou\LAKE\RJ\2013\11\DOERJ_PARTE_I_PODER_EXECUTIVO_2013-11-19.md
RJ,Diario Oficial do Estado do Rio de Janeiro,2013-11-19,Parte I (Poder Executivo),nomeacao,LEVI KOBI,,,Secretario,5,Wilson Jose Witzel - Governador,Wilson Jose Witzel,Executivo estadual,sim,LEVI KOBI:LOC|Levi Kobi:PER,sim,para exercer o cargo em comissão de Chefe de Serviço,do Departamento Geral de Administração e Finanças,"NOMEAR LEVI KOBI para exercer o cargo em comissão de Chefe de Serviço, símbolo DAI-6, do Departamento Geral de Administração e Finanças, da",https://www.ioerj.com.br/portal/modules/conteudoonline/mostra_edicao.php?session=VW1wTmVWSlVaekJTUkZGMFVYcEJOVkZwTURCT01FNURURlJuTWxKcVNYUk9SR013VDFWTk1VNVZVa0pPUlVWNFRWUmpNMDlFYTNoTmFsa3lUWGM5UFE9PQ==,D:\github\exoneracoes_nomeacoes_dou\LAKE\RJ\2013\11\DOERJ_PARTE_I_PODER_EXECUTIVO_2013-11-19.md
RJ,Diario Oficial do Estado do Rio de Janeiro,2013-11-19,Parte I (Poder Executivo),nomeacao,VLADIMIR MORAES DE SOUZA RAMOS,,,Secretario,5,Wilson Jose Witzel - Governador,Wilson Jose Witzel,Executivo estadual,sim,VLADIMIR MORAES:ORG|Vladimir Moraes De Souza Ramos:PER,sim,para exercer o cargo em comissão de Secretário II,do Departamento Geral de Administração e Finanças,"NOMEAR VLADIMIR MORAES DE SOUZA RAMOS para exercer o cargo em comissão de Secretário II, símbolo DAI-5, do Departamento Geral de Administração e Finanças, da",https://www.ioerj.com.br/portal/modules/conteudoonline/mostra_edicao.php?session=VW1wTmVWSlVaekJTUkZGMFVYcEJOVkZwTURCT01FNURURlJuTWxKcVNYUk9SR013VDFWTk1VNVZVa0pPUlVWNFRWUmpNMDlFYTNoTmFsa3lUWGM5UFE9PQ==,D:\github\exoneracoes_nomeacoes_dou\LAKE\RJ\2013\11\DOERJ_PARTE_I_PODER_EXECUTIVO_2013-11-19.md
RJ,Diario Oficial do Estado do Rio de Janeiro,2013-11-19,Parte I (Poder Executivo),exoneracao,RAQUEL SILVA,42582587,,Secretario,5,Wilson Jose Witzel - Governador,Wilson Jose Witzel,Executivo estadual,sim,RAQUEL:ORG|Raquel Silva:PER,sim,do cargo em comissão de Diretor de,,"EXONERAR com validade a contar de 01 de novembro de 2013, RAQUEL SILVA DO NASCIMENTO , ID Funcional nº 42582587, do cargo em comissão de Diretor de",https://www.ioerj.com.br/portal/modules/conteudoonline/mostra_edicao.php?session=VW1wTmVWSlVaekJTUkZGMFVYcEJOVkZwTURCT01FNURURlJuTWxKcVNYUk9SR013VDFWTk1VNVZVa0pPUlVWNFRWUmpNMDlFYTNoTmFsa3lUWGM5UFE9PQ==,D:\github\exoneracoes_nomeacoes_dou\LAKE\RJ\2013\11\DOERJ_PARTE_I_PODER_EXECUTIVO_2013-11-19.md
RJ,Diario Oficial do Estado do Rio de Janeiro,2013-11-19,Parte I (Poder Executivo),exoneracao,LUCIANA CASSIA COSTA,1328756-7,,Secretario,5,Wilson Jose Witzel - Governador,Wilson Jose Witzel,Executivo estadual,sim,LUCIANA:ORG|COSTA:ORG|Luciana Cassia Costa:PER,sim,do cargo em comissão de Ajudante I,do Departamento Geral de Ações Sócioeducativas - DEGASE,"EXONERAR com validade a contar de 09 de outubro de 2013, LUCIANA CASSIA COSTA DA SILVA SANTOS , ID Funcional nº 1328756-7, do cargo em comissão de Ajudante I, símbolo DAI-1, do Departamento Geral de Ações Sócioeducativas - DEGASE, da",https://www.ioerj.com.br/portal/modules/conteudoonline/mostra_edicao.php?session=VW1wTmVWSlVaekJTUkZGMFVYcEJOVkZwTURCT01FNURURlJuTWxKcVNYUk9SR013VDFWTk1VNVZVa0pPUlVWNFRWUmpNMDlFYTNoTmFsa3lUWGM5UFE9PQ==,D:\github\exoneracoes_nomeacoes_dou\LAKE\RJ\2013\11\DOERJ_PARTE_I_PODER_EXECUTIVO_2013-11-19.md
RJ,Diario Oficial do Estado do Rio de Janeiro,2013-11-19,Parte I (Poder Executivo),nomeacao,LEONOR DE AZEVEDO ABREU,,,Secretario,5,Wilson Jose Witzel - Governador,Wilson Jose Witzel,Executivo estadual,sim,LEONOR DE AZEVEDO ABREU:MISC|Leonor De Azevedo Abreu:PER,sim,,da Fundação Leão XIII,"NOMEAR LEONOR DE AZEVEDO ABREU para exercer, com validade a contar de 01 de novembro de 2013, o cargo em comissão de Chefe de Núcleo, símbolo DAI-5, do Núcleo de Atendimento ao Cidadão de Carmo, do Pólo de Articulação Regional Serrana II, da Diretoria de Promoção Social do Interior, da Fundação Leão XIII, da",https://www.ioerj.com.br/portal/modules/conteudoonline/mostra_edicao.php?session=VW1wTmVWSlVaekJTUkZGMFVYcEJOVkZwTURCT01FNURURlJuTWxKcVNYUk9SR013VDFWTk1VNVZVa0pPUlVWNFRWUmpNMDlFYTNoTmFsa3lUWGM5UFE9PQ==,D:\github\exoneracoes_nomeacoes_dou\LAKE\RJ\2013\11\DOERJ_PARTE_I_PODER_EXECUTIVO_2013-11-19.md
RJ,Diario Oficial do Estado do Rio de Janeiro,2013-11-19,Parte I (Poder Executivo),nomeacao,OCTÁVIO VIDAL,2025678-7,,Secretario,5,Wilson Jose Witzel - Governador,Wilson Jose Witzel,Executivo estadual,sim,Octávio Vidal:PER,sim,da Assessoria de Auditoria,da Subsecretaria Administrativa,"NOMEAR OCTÁVIO VIDAL DA SILVEIRA , ID Funcional nº 2025678-7, para exercer, com validade a contar de 01 de outubro de 2013, o cargo em comissão de Assessor-Chefe, símbolo DAS-8, da Assessoria de Auditoria, da Subsecretaria Administrativa, da",https://www.ioerj.com.br/portal/modules/conteudoonline/mostra_edicao.php?session=VW1wTmVWSlVaekJTUkZGMFVYcEJOVkZwTURCT01FNURURlJuTWxKcVNYUk9SR013VDFWTk1VNVZVa0pPUlVWNFRWUmpNMDlFYTNoTmFsa3lUWGM5UFE9PQ==,D:\github\exoneracoes_nomeacoes_dou\LAKE\RJ\2013\11\DOERJ_PARTE_I_PODER_EXECUTIVO_2013-11-19.md
RJ,Diario Oficial do Estado do Rio de Janeiro,2013-11-19,Parte I (Poder Executivo),exoneracao,ANA CRISTINA FERREIRA,5014266-6,,Secretario,5,Wilson Jose Witzel - Governador,Wilson Jose Witzel,Executivo estadual,sim,Ana Cristina Ferreira:PER,sim,do cargo em comissão de Assistente II,,"EXONERAR com validade a contar de 12 de novembro de 2013, ANA CRISTINA FERREIRA DA CONCEIÇÃO , ID Funcional nº 5014266-6, do cargo em comissão de Assistente II, símbolo DAI-6, da",https://www.ioerj.com.br/portal/modules/conteudoonline/mostra_edicao.php?session=VW1wTmVWSlVaekJTUkZGMFVYcEJOVkZwTURCT01FNURURlJuTWxKcVNYUk9SR013VDFWTk1VNVZVa0pPUlVWNFRWUmpNMDlFYTNoTmFsa3lUWGM5UFE9PQ==,D:\github\exoneracoes_nomeacoes_dou\LAKE\RJ\2013\11\DOERJ_PARTE_I_PODER_EXECUTIVO_2013-11-19.md
RJ,Diario Oficial do Estado do Rio de Janeiro,2013-11-19,Parte I (Poder Executivo),nomeacao,LENYMARA GRAZIELA PINHEIRO MENDES,,,Secretario,5,Wilson Jose Witzel - Governador,Wilson Jose Witzel,Executivo estadual,sim,LENYMARA GRAZIELA PINHEIRO MENDES:MISC|Lenymara:LOC|Graziela Pinheiro Mendes:PER,sim,,,"NOMEAR LENYMARA GRAZIELA PINHEIRO MENDES para exercer, com validade a contar de 13 de novembro de 2013, o cargo em comissão de Assistente II, símbolo DAI-6, da",https://www.ioerj.com.br/portal/modules/conteudoonline/mostra_edicao.php?session=VW1wTmVWSlVaekJTUkZGMFVYcEJOVkZwTURCT01FNURURlJuTWxKcVNYUk9SR013VDFWTk1VNVZVa0pPUlVWNFRWUmpNMDlFYTNoTmFsa3lUWGM5UFE9PQ==,D:\github\exoneracoes_nomeacoes_dou\LAKE\RJ\2013\11\DOERJ_PARTE_I_PODER_EXECUTIVO_2013-11-19.md
RJ,Diario Oficial do Estado do Rio de Janeiro,2013-11-19,Parte I (Poder Executivo),nomeacao,HANNA NATHANI DE SOUZA,,,Secretario,5,Wilson Jose Witzel - Governador,Wilson Jose Witzel,Executivo estadual,sim,HANNA NATHANI:MISC|Hanna Nathani De Souza:PER,sim,,,"NOMEAR HANNA NATHANI DE SOUZA para exercer, com validade a contar de 13 de novembro de 2013, o cargo em comissão de Assistente II, símbolo DAI-6, da",https://www.ioerj.com.br/portal/modules/conteudoonline/mostra_edicao.php?session=VW1wTmVWSlVaekJTUkZGMFVYcEJOVkZwTURCT01FNURURlJuTWxKcVNYUk9SR013VDFWTk1VNVZVa0pPUlVWNFRWUmpNMDlFYTNoTmFsa3lUWGM5UFE9PQ==,D:\github\exoneracoes_nomeacoes_dou\LAKE\RJ\2013\11\DOERJ_PARTE_I_PODER_EXECUTIVO_2013-11-19.md
RJ,Diario Oficial do Estado do Rio de Janeiro,2013-11-19,Parte I (Poder Executivo),nomeacao,VITOR CARLOS GOMES FERREIRA,,,Secretario,5,Wilson Jose Witzel - Governador,Wilson Jose Witzel,Executivo estadual,sim,CARLOS GOMES FERREIRA:PER,sim,,,"NOMEAR VITOR CARLOS GOMES FERREIRA para exercer, com validade a contar de 13 de novembro de 2013, o cargo em comissão de Assistente II, símbolo DAI-6, da",https://www.ioerj.com.br/portal/modules/conteudoonline/mostra_edicao.php?session=VW1wTmVWSlVaekJTUkZGMFVYcEJOVkZwTURCT01FNURURlJuTWxKcVNYUk9SR013VDFWTk1VNVZVa0pPUlVWNFRWUmpNMDlFYTNoTmFsa3lUWGM5UFE9PQ==,D:\github\exoneracoes_nomeacoes_dou\LAKE\RJ\2013\11\DOERJ_PARTE_I_PODER_EXECUTIVO_2013-11-19.md
RJ,Diario Oficial do Estado do Rio de Janeiro,2013-11-19,DO Campos (Poder Executivo),nomeacao,JOSÉ SILVESTRE,,,Secretario,5,Wilson Jose Witzel - Governador,Wilson Jose Witzel,Executivo estadual,sim,JOSÉ SILVESTRE:PER,sim,para exercer o cargo de provimento em comissão de Assessor Político do Gabinete do Vereador,do Gabinete do Vereador,"NOMEAR José Silvestre da Silva Neto , para exercer o cargo de provimento em comissão de Assessor Político do Gabinete do Vereador, da Câmara Municipal de Campos dos Goytacazes, Símbolo CC-1, a partir de 1º de novembro de 2013. Campos dos Goytacazes, 14 de novembro de 2013. EDSON BATISTA ## -Presidente- PORTARIA Nº 0486/2013 ## O Presidente da Câmara Municipal de Campos dos Goytacazes, Estado do Rio de Janeiro, no uso de suas atribuições legais, R-E-S-O-L-V-E",https://www.ioerj.com.br/portal/modules/conteudoonline/mostra_edicao.php?session=VDFWVk1VMTZZelJQUkZWMFVXdFNRbEpUTURCU2FsVTBURlZGTlUwd1NYUk5NRWt3VFdwUk1rNVVSVFJSVkdoRlRWUmpNMDlFYTNoTmFsa3lUWGM5UFE9PQ==,D:\github\exoneracoes_nomeacoes_dou\LAKE\RJ\2013\11\DOERJ_DO_CAMPOS_PODER_EXECUTIVO_2013-11-19.md
RJ,Diario Oficial do Estado do Rio de Janeiro,2013-11-18,DO Campos (Poder Executivo),nomeacao,KACIANE CORREA,,,,,Wilson Jose Witzel - Governador,Wilson Jose Witzel,Executivo estadual,sim,CORREA:ORG|Kaciane Correa:PER,sim,para exercer o cargo de provimento em comissão de Assessora Política do Gabinete do Vereador,do Gabinete do Vereador,"NOMEAR Kaciane Correa da Silva , para exercer o cargo de provimento em comissão de Assessora Política do Gabinete do Vereador, da Câmara Municipal de Campos dos Goytacazes, Símbolo CC-1, a partir de 1º de novembro de 2013. Campos dos Goytacazes, 14 de novembro de 2013. ## EDSON BATISTA -Presidente- ## PORTARIA Nº 0466/2013 O Presidente da Câmara Municipal de Campos dos Goytacazes, Estado do Rio de Janeiro, no uso de suas atribuições legais, R-E-S-O-L-V-E",https://www.ioerj.com.br/portal/modules/conteudoonline/mostra_edicao.php?session=VFRCRk0wMTZZM2hTYTAxMFRrUk9SMUpETURCUmFrSkNURlJzUWs1cVozUk9hbXQ1VWxSS1FsSlVWa2RSYW10M1RWUmpNMDlFYTNoTmFtc3dUa0U5UFE9PQ==,D:\github\exoneracoes_nomeacoes_dou\LAKE\RJ\2013\11\DOERJ_DO_CAMPOS_PODER_EXECUTIVO_2013-11-18.md
RJ,Diario Oficial do Estado do Rio de Janeiro,2013-11-18,DO Campos (Poder Executivo),nomeacao,MARIA CRISTINA,,,,,Wilson Jose Witzel - Governador,Wilson Jose Witzel,Executivo estadual,sim,CRISTINA:ORG|Maria Cristina:PER,sim,para exercer o cargo de provimento em comissão de Assessora Política do Gabinete do Vereador,do Gabinete do Vereador,"NOMEAR Maria Cristina da Silveira , para exercer o cargo de provimento em comissão de Assessora Política do Gabinete do Vereador, da Câmara Municipal de Campos dos Goytacazes, Símbolo CC-1, a partir de 1º de novembro de 2013. ## Campos dos Goytacazes, 14 de novembro de 2013. EDSON BATISTA -Presidente- ## PORTARIA Nº 0468/2013 O Presidente da Câmara Municipal de Campos dos Goytacazes, Estado do Rio de Janeiro, no uso de suas atribuições legais, R-E-S-O-L-V-E",https://www.ioerj.com.br/portal/modules/conteudoonline/mostra_edicao.php?session=VFRCRk0wMTZZM2hTYTAxMFRrUk9SMUpETURCUmFrSkNURlJzUWs1cVozUk9hbXQ1VWxSS1FsSlVWa2RSYW10M1RWUmpNMDlFYTNoTmFtc3dUa0U5UFE9PQ==,D:\github\exoneracoes_nomeacoes_dou\LAKE\RJ\2013\11\DOERJ_DO_CAMPOS_PODER_EXECUTIVO_2013-11-18.md
RJ,Diario Oficial do Estado do Rio de Janeiro,2013-11-14,Parte I (Poder Executivo),nomeacao,EDVALDO TIRRE RIBEIRO,,,Governador,1,Wilson Jose Witzel - Governador,Wilson Jose Witzel,Executivo estadual,sim,RIBEIRO:LOC|Edvaldo Tirre Ribeiro:PER,sim,,,"NOMEAR EDVALDO TIRRE RIBEIRO para exercer, com validade a contar de 01 de novembro de 2013, o cargo em comissão de Superintendente, símbolo DG, da",https://www.ioerj.com.br/portal/modules/conteudoonline/mostra_edicao.php?session=VWxSU1JFMUVWWGhTYTFWMFRsUlNSMUZUTURCT2FtUkNURlZGZDFKcVVYUk5SRTB5VDFSVmVFMTZhek5OVkdNd1RWUmpNMDlFYTNoTmVsRXpUbEU5UFE9PQ==,D:\github\exoneracoes_nomeacoes_dou\LAKE\RJ\2013\11\DOERJ_PARTE_I_PODER_EXECUTIVO_2013-11-14.md
RJ,Diario Oficial do Estado do Rio de Janeiro,2013-11-14,Parte I (Poder Executivo),exoneracao,LEONARDO OLIVEIRA,5005934-3,,Governador,1,Wilson Jose Witzel - Governador,Wilson Jose Witzel,Executivo estadual,sim,LEONARDO OLIVEIRA:MISC|Leonardo Oliveira:PER,sim,do cargo em comissão de Diretor de Centro,,"EXONERAR a pedido e com validade a contar de 04 de novembro de 2013, LEONARDO OLIVEIRA DA SILVA , ID Funcional nº 5005934-3, do cargo em comissão de Diretor de Centro, símbolo DAS-10, do Centro de Excelência, da",https://www.ioerj.com.br/portal/modules/conteudoonline/mostra_edicao.php?session=VWxSU1JFMUVWWGhTYTFWMFRsUlNSMUZUTURCT2FtUkNURlZGZDFKcVVYUk5SRTB5VDFSVmVFMTZhek5OVkdNd1RWUmpNMDlFYTNoTmVsRXpUbEU5UFE9PQ==,D:\github\exoneracoes_nomeacoes_dou\LAKE\RJ\2013\11\DOERJ_PARTE_I_PODER_EXECUTIVO_2013-11-14.md
RJ,Diario Oficial do Estado do Rio de Janeiro,2013-11-14,Parte I (Poder Executivo),nomeacao,ARNALDO LOBO SOUTO MAIOR,,,Governador,1,Wilson Jose Witzel - Governador,Wilson Jose Witzel,Executivo estadual,sim,ARNALDO:ORG|SOUTO:MISC|Arnaldo Lobo Souto Maior:PER,sim,,,"NOMEAR ARNALDO LOBO SOUTO MAIOR para exercer, com validade a contar de 04 de novembro de 2013, o cargo em comissão de Diretor de Centro, símbolo DAS-10, do Centro de Excelência, da",https://www.ioerj.com.br/portal/modules/conteudoonline/mostra_edicao.php?session=VWxSU1JFMUVWWGhTYTFWMFRsUlNSMUZUTURCT2FtUkNURlZGZDFKcVVYUk5SRTB5VDFSVmVFMTZhek5OVkdNd1RWUmpNMDlFYTNoTmVsRXpUbEU5UFE9PQ==,D:\github\exoneracoes_nomeacoes_dou\LAKE\RJ\2013\11\DOERJ_PARTE_I_PODER_EXECUTIVO_2013-11-14.md
RJ,Diario Oficial do Estado do Rio de Janeiro,2013-11-14,Parte I (Poder Executivo),exoneracao,GEORGE FERNANDES,0594747-2,,Secretario,5,Wilson Jose Witzel - Governador,Wilson Jose Witzel,Executivo estadual,sim,GEORGE FERNANDES:PER,sim,do cargo em comissão de Chefe de Serviço,do Departamento de Trânsito do Estado do Rio de Janeiro - DETRAN/RJ,"EXONERAR GEORGE FERNANDES DO NASCIMENTO , ID Funcional nº 0594747-2, do cargo em comissão de Chefe de Serviço, símbolo DAI-6, da 12ª Circunscrição Regional de Trânsito - Macaé, da CIRETRANS E SATS, da Coordenadoria de Serviços Descentralizados, da Coordenadoria Geral de Integração de Serviços, do Departamento de Trânsito do Estado do Rio de Janeiro - DETRAN/RJ, da",https://www.ioerj.com.br/portal/modules/conteudoonline/mostra_edicao.php?session=VWxSU1JFMUVWWGhTYTFWMFRsUlNSMUZUTURCT2FtUkNURlZGZDFKcVVYUk5SRTB5VDFSVmVFMTZhek5OVkdNd1RWUmpNMDlFYTNoTmVsRXpUbEU5UFE9PQ==,D:\github\exoneracoes_nomeacoes_dou\LAKE\RJ\2013\11\DOERJ_PARTE_I_PODER_EXECUTIVO_2013-11-14.md
RJ,Diario Oficial do Estado do Rio de Janeiro,2013-11-14,Parte I (Poder Executivo),nomeacao,MATHEUS FERNANDES SANTOS,,,Secretario,5,Wilson Jose Witzel - Governador,Wilson Jose Witzel,Executivo estadual,sim,MATHEUS FERNANDES SANTOS:PER,sim,para exercer o cargo em comissão de Chefe de Serviço,do Departamento de Trânsito do Estado do Rio de Janeiro -DETRAN/RJ,"NOMEAR MATHEUS FERNANDES SANTOS para exercer o cargo em comissão de Chefe de Serviço, símbolo DAI-6, da 12ª Circunscrição Regional de Trânsito - Macaé, da CIRETRANS E SATS, da Coordenadoria de Serviços Descentralizados, da Coordenadoria Geral de Integração de Serviços, do Departamento de Trânsito do Estado do Rio de Janeiro -DETRAN/RJ, da",https://www.ioerj.com.br/portal/modules/conteudoonline/mostra_edicao.php?session=VWxSU1JFMUVWWGhTYTFWMFRsUlNSMUZUTURCT2FtUkNURlZGZDFKcVVYUk5SRTB5VDFSVmVFMTZhek5OVkdNd1RWUmpNMDlFYTNoTmVsRXpUbEU5UFE9PQ==,D:\github\exoneracoes_nomeacoes_dou\LAKE\RJ\2013\11\DOERJ_PARTE_I_PODER_EXECUTIVO_2013-11-14.md
RJ,Diario Oficial do Estado do Rio de Janeiro,2013-11-14,Parte I (Poder Executivo),nomeacao,LUCAS MERSON SILVA FONSECA,,,Secretario,5,Wilson Jose Witzel - Governador,Wilson Jose Witzel,Executivo estadual,sim,LUCAS MERSON SILVA FONSECA:PER,sim,para exercer o cargo em comissão de Chefe de Serviço,do Departamento de Trânsito do Estado do Rio de Janeiro - DETRAN/RJ,"NOMEAR LUCAS MERSON SILVA FONSECA para exercer o cargo em comissão de Chefe de Serviço, símbolo DAI-6, da 13ª Circunscrição Regional de Trânsito -Itaperuna, da CIRETRANS E SATS, da Coordenadoria de Serviços Descentralizados, da Coordenadoria Geral de Integração de Serviços, do Departamento de Trânsito do Estado do Rio de Janeiro - DETRAN/RJ, da",https://www.ioerj.com.br/portal/modules/conteudoonline/mostra_edicao.php?session=VWxSU1JFMUVWWGhTYTFWMFRsUlNSMUZUTURCT2FtUkNURlZGZDFKcVVYUk5SRTB5VDFSVmVFMTZhek5OVkdNd1RWUmpNMDlFYTNoTmVsRXpUbEU5UFE9PQ==,D:\github\exoneracoes_nomeacoes_dou\LAKE\RJ\2013\11\DOERJ_PARTE_I_PODER_EXECUTIVO_2013-11-14.md
RJ,Diario Oficial do Estado do Rio de Janeiro,2013-11-14,Parte I (Poder Executivo),nomeacao,WANDERSON ALBERTO SANTOS,,,Secretario,5,Wilson Jose Witzel - Governador,Wilson Jose Witzel,Executivo estadual,sim,WANDERSON ALBERTO SANTOS:MISC|Wanderson Alberto Santos:PER,sim,para exercer o cargo em comissão de Chefe de Serviço,do Departamento de Trânsito do Estado do Rio de Janeiro -DETRAN/RJ,"NOMEAR WANDERSON ALBERTO SANTOS para exercer o cargo em comissão de Chefe de Serviço, símbolo DAI-6, da 15ª Circunscrição Regional de Trânsito - Nilópolis, da CIRETRANS E SATS, da Coordenadoria de Serviços Descentralizados, da Coordenadoria Geral de Integração de Serviços, do Departamento de Trânsito do Estado do Rio de Janeiro -DETRAN/RJ, da",https://www.ioerj.com.br/portal/modules/conteudoonline/mostra_edicao.php?session=VWxSU1JFMUVWWGhTYTFWMFRsUlNSMUZUTURCT2FtUkNURlZGZDFKcVVYUk5SRTB5VDFSVmVFMTZhek5OVkdNd1RWUmpNMDlFYTNoTmVsRXpUbEU5UFE9PQ==,D:\github\exoneracoes_nomeacoes_dou\LAKE\RJ\2013\11\DOERJ_PARTE_I_PODER_EXECUTIVO_2013-11-14.md
RJ,Diario Oficial do Estado do Rio de Janeiro,2013-11-14,Parte I (Poder Executivo),nomeacao,CAIO COSTA GONÇALVES SOUZA,,,Secretario,5,Wilson Jose Witzel - Governador,Wilson Jose Witzel,Executivo estadual,sim,CAIO COSTA GONÇALVES SOUZA:MISC|Caio Costa Gonçalves Souza:PER,sim,para exercer o cargo em comissão de Chefe de Serviço,do Departamento de Trânsito do Estado do Rio de Janeiro - DETRAN/RJ,"NOMEAR CAIO COSTA GONÇALVES SOUZA para exercer o cargo em comissão de Chefe de Serviço, símbolo DAI-6, da 18ª Circunscrição Regional de Trânsito -Resende, da CIRETRANS E SATS, da Coordenadoria de Serviços Descentralizados, da Coordenadoria Geral de Integração de Serviços, do Departamento de Trânsito do Estado do Rio de Janeiro - DETRAN/RJ, da",https://www.ioerj.com.br/portal/modules/conteudoonline/mostra_edicao.php?session=VWxSU1JFMUVWWGhTYTFWMFRsUlNSMUZUTURCT2FtUkNURlZGZDFKcVVYUk5SRTB5VDFSVmVFMTZhek5OVkdNd1RWUmpNMDlFYTNoTmVsRXpUbEU5UFE9PQ==,D:\github\exoneracoes_nomeacoes_dou\LAKE\RJ\2013\11\DOERJ_PARTE_I_PODER_EXECUTIVO_2013-11-14.md
RJ,Diario Oficial do Estado do Rio de Janeiro,2013-11-14,Parte I (Poder Executivo),nomeacao,JOÃO FARIA MOREIRA NETO,,,Secretario,5,Wilson Jose Witzel - Governador,Wilson Jose Witzel,Executivo estadual,sim,JOÃO FARIA MOREIRA NETO:PER,sim,para exercer o cargo em comissão de Chefe de Unidade,do Departamento de Trânsito do Estado do Rio de Janeiro -DETRAN/RJ,"NOMEAR JOÃO FARIA MOREIRA NETO para exercer o cargo em comissão de Chefe de Unidade, símbolo DAI-6, da Unidade de Serviço Descentralizado -USD, da Coordenadoria de Serviços Descentralizados, da Coordenadoria Geral de Integração de Serviços, do Departamento de Trânsito do Estado do Rio de Janeiro -DETRAN/RJ, da",https://www.ioerj.com.br/portal/modules/conteudoonline/mostra_edicao.php?session=VWxSU1JFMUVWWGhTYTFWMFRsUlNSMUZUTURCT2FtUkNURlZGZDFKcVVYUk5SRTB5VDFSVmVFMTZhek5OVkdNd1RWUmpNMDlFYTNoTmVsRXpUbEU5UFE9PQ==,D:\github\exoneracoes_nomeacoes_dou\LAKE\RJ\2013\11\DOERJ_PARTE_I_PODER_EXECUTIVO_2013-11-14.md
RJ,Diario Oficial do Estado do Rio de Janeiro,2013-11-14,Parte I (Poder Executivo),nomeacao,JORGE LUIZ AUGUSTO DE MELO,,,Secretario,5,Wilson Jose Witzel - Governador,Wilson Jose Witzel,Executivo estadual,sim,JORGE LUIZ AUGUSTO DE MELO:PER,sim,,do Gabinete da Presidência,"NOMEAR JORGE LUIZ AUGUSTO DE MELO para exercer, com validade a contar de 01 de novembro de 2013, o cargo em comissão de Assistente III, símbolo DAI-5, do Gabinete da Presidência, do Departamento de Trânsito do Estado do Rio de Janeiro -DETRAN/RJ, da",https://www.ioerj.com.br/portal/modules/conteudoonline/mostra_edicao.php?session=VWxSU1JFMUVWWGhTYTFWMFRsUlNSMUZUTURCT2FtUkNURlZGZDFKcVVYUk5SRTB5VDFSVmVFMTZhek5OVkdNd1RWUmpNMDlFYTNoTmVsRXpUbEU5UFE9PQ==,D:\github\exoneracoes_nomeacoes_dou\LAKE\RJ\2013\11\DOERJ_PARTE_I_PODER_EXECUTIVO_2013-11-14.md
RJ,Diario Oficial do Estado do Rio de Janeiro,2013-11-14,Parte I (Poder Executivo),nomeacao,ALINE GREGORIO CAMPOS,,,Secretario,5,Wilson Jose Witzel - Governador,Wilson Jose Witzel,Executivo estadual,sim,ALINE GREGORIO CAMPOS:MISC|Aline Gregorio Campos:PER,sim,para exercer o cargo em comissão de Assistente III,do Gabinete da Presidência,"NOMEAR ALINE GREGORIO CAMPOS para exercer o cargo em comissão de Assistente III, símbolo DAI-5, do Gabinete da Presidência, do Departamento de Trânsito do Estado do Rio de Janeiro DETRAN/RJ, da",https://www.ioerj.com.br/portal/modules/conteudoonline/mostra_edicao.php?session=VWxSU1JFMUVWWGhTYTFWMFRsUlNSMUZUTURCT2FtUkNURlZGZDFKcVVYUk5SRTB5VDFSVmVFMTZhek5OVkdNd1RWUmpNMDlFYTNoTmVsRXpUbEU5UFE9PQ==,D:\github\exoneracoes_nomeacoes_dou\LAKE\RJ\2013\11\DOERJ_PARTE_I_PODER_EXECUTIVO_2013-11-14.md
RJ,Diario Oficial do Estado do Rio de Janeiro,2013-11-14,Parte I (Poder Executivo),nomeacao,BRUNO PEREIRA MARINHO,,,Secretario,5,Wilson Jose Witzel - Governador,Wilson Jose Witzel,Executivo estadual,sim,PEREIRA:LOC|MARINHO:ORG|Pereira Marinho:PER,sim,,,"NOMEAR BRUNO PEREIRA MARINHO para exercer, com validade a contar de 01 de novembro de 2013, o cargo em comissão de Assistente, símbolo DAS-6, da",https://www.ioerj.com.br/portal/modules/conteudoonline/mostra_edicao.php?session=VWxSU1JFMUVWWGhTYTFWMFRsUlNSMUZUTURCT2FtUkNURlZGZDFKcVVYUk5SRTB5VDFSVmVFMTZhek5OVkdNd1RWUmpNMDlFYTNoTmVsRXpUbEU5UFE9PQ==,D:\github\exoneracoes_nomeacoes_dou\LAKE\RJ\2013\11\DOERJ_PARTE_I_PODER_EXECUTIVO_2013-11-14.md
RJ,Diario Oficial do Estado do Rio de Janeiro,2013-11-14,Parte I (Poder Executivo),nomeacao,RENATO BARBOSA ROSÁRIO,,,Secretario,5,Wilson Jose Witzel - Governador,Wilson Jose Witzel,Executivo estadual,sim,RENATO BARBOSA:PER,sim,para exercer o cargo em comissão de Assistente II,,"NOMEAR RENATO BARBOSA ROSÁRIO para exercer o cargo em comissão de Assistente II, símbolo DAI-6, da",https://www.ioerj.com.br/portal/modules/conteudoonline/mostra_edicao.php?session=VWxSU1JFMUVWWGhTYTFWMFRsUlNSMUZUTURCT2FtUkNURlZGZDFKcVVYUk5SRTB5VDFSVmVFMTZhek5OVkdNd1RWUmpNMDlFYTNoTmVsRXpUbEU5UFE9PQ==,D:\github\exoneracoes_nomeacoes_dou\LAKE\RJ\2013\11\DOERJ_PARTE_I_PODER_EXECUTIVO_2013-11-14.md
RJ,Diario Oficial do Estado do Rio de Janeiro,2013-11-14,Parte I (Poder Executivo),exoneracao,ALEX SOARES,4400986-0,,Secretario,5,Wilson Jose Witzel - Governador,Wilson Jose Witzel,Executivo estadual,sim,ALEX SOARES:MISC|Alex Soares:PER,sim,do cargo em comissão de Ajudante I,,"EXONERAR ALEX SOARES DA SILVA , ID Funcional nº 4400986-0, do cargo em comissão de Ajudante I, símbolo DAI-1, da",https://www.ioerj.com.br/portal/modules/conteudoonline/mostra_edicao.php?session=VWxSU1JFMUVWWGhTYTFWMFRsUlNSMUZUTURCT2FtUkNURlZGZDFKcVVYUk5SRTB5VDFSVmVFMTZhek5OVkdNd1RWUmpNMDlFYTNoTmVsRXpUbEU5UFE9PQ==,D:\github\exoneracoes_nomeacoes_dou\LAKE\RJ\2013\11\DOERJ_PARTE_I_PODER_EXECUTIVO_2013-11-14.md
RJ,Diario Oficial do Estado do Rio de Janeiro,2013-11-14,Parte I (Poder Executivo),nomeacao,CLAUBER VIEIRA,2511974-5,,Secretario,5,Wilson Jose Witzel - Governador,Wilson Jose Witzel,Executivo estadual,sim,CLAUBER VIEIRA:PER,sim,,,"NOMEAR CLAUBER VIEIRA DA MOTTA , Tenente-Coronel PM, ID Funcional nº 2511974-5, para exercer, com validade a contar de 19 de agosto de 2013, o cargo em comissão de Assistente, símbolo DAS-6, da Chefe da 3ª Seção, da Diretoria Geral de Ensino e Instrução, da Polícia Militar do Estado do Rio de Janeiro, da",https://www.ioerj.com.br/portal/modules/conteudoonline/mostra_edicao.php?session=VWxSU1JFMUVWWGhTYTFWMFRsUlNSMUZUTURCT2FtUkNURlZGZDFKcVVYUk5SRTB5VDFSVmVFMTZhek5OVkdNd1RWUmpNMDlFYTNoTmVsRXpUbEU5UFE9PQ==,D:\github\exoneracoes_nomeacoes_dou\LAKE\RJ\2013\11\DOERJ_PARTE_I_PODER_EXECUTIVO_2013-11-14.md
RJ,Diario Oficial do Estado do Rio de Janeiro,2013-11-14,Parte I (Poder Executivo),nomeacao,CRISTINA MONTEIRO,4145254-2,,Secretario,5,Wilson Jose Witzel - Governador,Wilson Jose Witzel,Executivo estadual,sim,CRISTINA MONTEIRO:MISC|Cristina Monteiro:PER,sim,para exercer o cargo em comissão de Assessor Especial,do Gabinete do Secretário,"NOMEAR CRISTINA MONTEIRO DO NASCIMENTO DE ALMEIDA , ID Funcional nº 4145254-2, para exercer o cargo em comissão de Assessor Especial, símbolo DAS-8, do Gabinete do Secretário, da",https://www.ioerj.com.br/portal/modules/conteudoonline/mostra_edicao.php?session=VWxSU1JFMUVWWGhTYTFWMFRsUlNSMUZUTURCT2FtUkNURlZGZDFKcVVYUk5SRTB5VDFSVmVFMTZhek5OVkdNd1RWUmpNMDlFYTNoTmVsRXpUbEU5UFE9PQ==,D:\github\exoneracoes_nomeacoes_dou\LAKE\RJ\2013\11\DOERJ_PARTE_I_PODER_EXECUTIVO_2013-11-14.md
RJ,Diario Oficial do Estado do Rio de Janeiro,2013-11-14,Parte I (Poder Executivo),exoneracao,CRISTINA MONTEIRO,4145254-2,,Secretario,5,Wilson Jose Witzel - Governador,Wilson Jose Witzel,Executivo estadual,sim,CRISTINA MONTEIRO:MISC|Cristina Monteiro:PER,sim,do cargo em comissão de Assessor,do Gabinete do Secretário,"EXONERAR CRISTINA MONTEIRO DO NASCIMENTO DE ALMEIDA , ID Funcional nº 4145254-2, do cargo em comissão de Assessor, símbolo DAS-7, do Gabinete do Secretário, da",https://www.ioerj.com.br/portal/modules/conteudoonline/mostra_edicao.php?session=VWxSU1JFMUVWWGhTYTFWMFRsUlNSMUZUTURCT2FtUkNURlZGZDFKcVVYUk5SRTB5VDFSVmVFMTZhek5OVkdNd1RWUmpNMDlFYTNoTmVsRXpUbEU5UFE9PQ==,D:\github\exoneracoes_nomeacoes_dou\LAKE\RJ\2013\11\DOERJ_PARTE_I_PODER_EXECUTIVO_2013-11-14.md
RJ,Diario Oficial do Estado do Rio de Janeiro,2013-11-14,Parte I (Poder Executivo),exoneracao,MAGALI ROSA MACABU SARDENBE,4114657-3,,Secretario,5,Wilson Jose Witzel - Governador,Wilson Jose Witzel,Executivo estadual,sim,MAGALI:MISC|Magali Rosa Macabu Sardenbe:PER,sim,do cargo em comissão de Diretor de Divisão,da Subsecretaria Orçamento e Finanças,"EXONERAR MAGALI ROSA MACABU SARDENBERG , ID Funcional nº 4114657-3, do cargo em comissão de Diretor de Divisão, símbolo DAS-7, da Divisão de Receitas e Convênios, da Coordenação de Execução Financeira, do Fundo Estadual de Saúde - FES, da Subsecretaria Orçamento e Finanças, da",https://www.ioerj.com.br/portal/modules/conteudoonline/mostra_edicao.php?session=VWxSU1JFMUVWWGhTYTFWMFRsUlNSMUZUTURCT2FtUkNURlZGZDFKcVVYUk5SRTB5VDFSVmVFMTZhek5OVkdNd1RWUmpNMDlFYTNoTmVsRXpUbEU5UFE9PQ==,D:\github\exoneracoes_nomeacoes_dou\LAKE\RJ\2013\11\DOERJ_PARTE_I_PODER_EXECUTIVO_2013-11-14.md
RJ,Diario Oficial do Estado do Rio de Janeiro,2013-11-14,Parte I (Poder Executivo),exoneracao,ID 3126667-3,,,Secretario,5,Wilson Jose Witzel - Governador,Wilson Jose Witzel,Executivo estadual,sim,ID 3126667-3:PER,sim,do cargo em comissão de Gerente,do Instituto Estadual de Siqueira Arthur tendência de Hematologia de Unidades prias,"EXONERAR MARCIA HELENA SENRA SILVA RAMOS Funcional nº , ID 3126667-3 do cargo em comissão de Gerente, símbolo DAS-6, da Gerência de Enfermagem, da Divisão Técnica, do Instituto Estadual de Siqueira Arthur tendência de Hematologia de Unidades prias",https://www.ioerj.com.br/portal/modules/conteudoonline/mostra_edicao.php?session=VWxSU1JFMUVWWGhTYTFWMFRsUlNSMUZUTURCT2FtUkNURlZGZDFKcVVYUk5SRTB5VDFSVmVFMTZhek5OVkdNd1RWUmpNMDlFYTNoTmVsRXpUbEU5UFE9PQ==,D:\github\exoneracoes_nomeacoes_dou\LAKE\RJ\2013\11\DOERJ_PARTE_I_PODER_EXECUTIVO_2013-11-14.md
RJ,Diario Oficial do Estado do Rio de Janeiro,2013-11-14,Parte I (Poder Executivo),nomeacao,ROBERTO ARAUJO NASCIMENTO,,,Secretario,5,Wilson Jose Witzel - Governador,Wilson Jose Witzel,Executivo estadual,sim,ROBERTO ARAUJO NASCIMENTO:MISC|Roberto Araujo Nascimento:PER,sim,,,"NOMEAR ROBERTO ARAUJO NASCIMENTO para exercer, com validade a contar de 01 de novembro de 2013, o cargo em comissão de Assistente II, símbolo DAI-6, da",https://www.ioerj.com.br/portal/modules/conteudoonline/mostra_edicao.php?session=VWxSU1JFMUVWWGhTYTFWMFRsUlNSMUZUTURCT2FtUkNURlZGZDFKcVVYUk5SRTB5VDFSVmVFMTZhek5OVkdNd1RWUmpNMDlFYTNoTmVsRXpUbEU5UFE9PQ==,D:\github\exoneracoes_nomeacoes_dou\LAKE\RJ\2013\11\DOERJ_PARTE_I_PODER_EXECUTIVO_2013-11-14.md
RJ,Diario Oficial do Estado do Rio de Janeiro,2013-11-14,Parte I (Poder Executivo),exoneracao,MARCUS VINICIUS RODRIGUES CABRAL,,,Secretario,5,Wilson Jose Witzel - Governador,Wilson Jose Witzel,Executivo estadual,sim,MARCUS VINICIUS RODRIGUES:PER,sim,do cargo em comissão de Assistente II,,"EXONERAR com validade a contar de 01 de novembro de 2013, MARCUS VINICIUS RODRIGUES CABRAL do cargo em comissão de Assistente II, símbolo DAI-6, da",https://www.ioerj.com.br/portal/modules/conteudoonline/mostra_edicao.php?session=VWxSU1JFMUVWWGhTYTFWMFRsUlNSMUZUTURCT2FtUkNURlZGZDFKcVVYUk5SRTB5VDFSVmVFMTZhek5OVkdNd1RWUmpNMDlFYTNoTmVsRXpUbEU5UFE9PQ==,D:\github\exoneracoes_nomeacoes_dou\LAKE\RJ\2013\11\DOERJ_PARTE_I_PODER_EXECUTIVO_2013-11-14.md
RJ,Diario Oficial do Estado do Rio de Janeiro,2013-11-14,Parte I (Poder Executivo),nomeacao,FLAVIO LUIZ NUNES CALAND,,,Secretario,5,Wilson Jose Witzel - Governador,Wilson Jose Witzel,Executivo estadual,sim,LUIZ NUNES CALAND:PER,sim,,da Superintendência de Relações Trabalhistas,"NOMEAR FLAVIO LUIZ NUNES CALAND para exercer, com validade a contar de 01 de novembro de 2013, o cargo em comissão de Coordenador, símbolo DAS-8, da Coordenadoria de Orientação Jurídico Trabalhista, da Superintendência de Relações Trabalhistas, da Subsecretaria-Adjunta de Atendimento ao Trabalhador e Relações Trabalhistas, da Subsecretaria, da",https://www.ioerj.com.br/portal/modules/conteudoonline/mostra_edicao.php?session=VWxSU1JFMUVWWGhTYTFWMFRsUlNSMUZUTURCT2FtUkNURlZGZDFKcVVYUk5SRTB5VDFSVmVFMTZhek5OVkdNd1RWUmpNMDlFYTNoTmVsRXpUbEU5UFE9PQ==,D:\github\exoneracoes_nomeacoes_dou\LAKE\RJ\2013\11\DOERJ_PARTE_I_PODER_EXECUTIVO_2013-11-14.md
RJ,Diario Oficial do Estado do Rio de Janeiro,2013-11-14,Parte I (Poder Executivo),nomeacao,ELSON PAZ ALVES,,,Secretario,5,Wilson Jose Witzel - Governador,Wilson Jose Witzel,Executivo estadual,sim,PAZ ALVES:MISC|Elson Paz Alves:PER,sim,,da Superintendência de Política de Trabalho,"NOMEAR ELSON PAZ ALVES para exercer, com validade a contar de 01 de novembro de 2013, o cargo em comissão de Coordenador, símbolo DAS-8, da Coordenadoria de Geração de Renda, da Superintendência de Política de Trabalho, da Subsecretaria-Adjunta de Atendimento ao Trabalhador e Relações Trabalhistas, da Subsecretaria, da",https://www.ioerj.com.br/portal/modules/conteudoonline/mostra_edicao.php?session=VWxSU1JFMUVWWGhTYTFWMFRsUlNSMUZUTURCT2FtUkNURlZGZDFKcVVYUk5SRTB5VDFSVmVFMTZhek5OVkdNd1RWUmpNMDlFYTNoTmVsRXpUbEU5UFE9PQ==,D:\github\exoneracoes_nomeacoes_dou\LAKE\RJ\2013\11\DOERJ_PARTE_I_PODER_EXECUTIVO_2013-11-14.md
RJ,Diario Oficial do Estado do Rio de Janeiro,2013-11-14,DO Campos (Poder Executivo),nomeacao,ANA MARIA DE FREITAS RANGEL DA ROSA,,,Secretario,5,Wilson Jose Witzel - Governador,Wilson Jose Witzel,Executivo estadual,sim,ANA MARIA:PER,sim,para exercer o cargo de provimento em comissão de Assessora Cultural,,"NOMEAR Ana Maria de Freitas Rangel da Rosa, para exercer o cargo de provimento em comissão de Assessora Cultural, da Câmara Municipal de Campos dos Goytacazes, Símbolo CC-4, a partir de 1º de novembro de 2013. Campos dos Goytacazes, 11 de novembro de 2013. ## EDSON BATISTA -Presidente- ## (Republicado por ter saído com incorreção) PORTARIA Nº 0442/2013 O Presidente da Câmara Municipal de Campos dos Goytacazes, Estado do Rio de Janeiro, no uso de suas atribuições legais, R-E-S-O-L-V-E",https://www.ioerj.com.br/portal/modules/conteudoonline/mostra_edicao.php?session=VG5wT1FrMXJXVEZTUkd0MFVYcENRazlUTURCTmExa3lURlJuTlU1cVNYUk5SVnBIVFVSTk5GRnFSVEpOYW1jd1RWUmpNMDlFYTNoTmVsRXpUbEU5UFE9PQ==,D:\github\exoneracoes_nomeacoes_dou\LAKE\RJ\2013\11\DOERJ_DO_CAMPOS_PODER_EXECUTIVO_2013-11-14.md
RJ,Diario Oficial do Estado do Rio de Janeiro,2013-11-14,DO Campos (Poder Executivo),nomeacao,DEYVID RIBEIRO,,,Secretario,5,Wilson Jose Witzel - Governador,Wilson Jose Witzel,Executivo estadual,sim,DEYVID RIBEIRO:MISC|Deyvid Ribeiro:PER,sim,para exercer o cargo de provimento em comissão de Chefe de Folha de Pagamento,,"NOMEAR Deyvid Ribeiro da Silva , para exercer o cargo de provimento em comissão de Chefe de Folha de Pagamento, da Câmara Municipal de Campos dos Goytacazes, Símbolo CC-3, a partir de 1º de novembro de 2013. Campos dos Goytacazes, 12 de novembro de 2013. ## EDSON BATISTA -Presidente- ## (Republicado por ter saído com incorreção) ## PORTARIA Nº 0446/2013 O Presidente da Câmara Municipal de Campos dos Goytacazes, Estado do Rio de Janeiro, no uso de suas atribuições legais",https://www.ioerj.com.br/portal/modules/conteudoonline/mostra_edicao.php?session=VG5wT1FrMXJXVEZTUkd0MFVYcENRazlUTURCTmExa3lURlJuTlU1cVNYUk5SVnBIVFVSTk5GRnFSVEpOYW1jd1RWUmpNMDlFYTNoTmVsRXpUbEU5UFE9PQ==,D:\github\exoneracoes_nomeacoes_dou\LAKE\RJ\2013\11\DOERJ_DO_CAMPOS_PODER_EXECUTIVO_2013-11-14.md
RJ,Diario Oficial do Estado do Rio de Janeiro,2013-11-14,DO Campos (Poder Executivo),nomeacao,EDMAR LUIZ GOMES DE OLIVEIRA,,,Secretario,5,Wilson Jose Witzel - Governador,Wilson Jose Witzel,Executivo estadual,sim,LUIZ GOMES DE OLIVEIRA:PER,sim,para exercer o cargo de provimento em comissão de Ouvidor Geral Adjunto,,"NOMEAR Edmar Luiz Gomes de Oliveira, para exercer o cargo de provimento em comissão de Ouvidor Geral Adjunto, da Câmara Municipal de Campos dos Goytacazes, Símbolo CC4, a partir de 1º de novembro de 2013. Campos dos Goytacazes, 13 de novembro de 2013. ## EDSON BATISTA -Presidente- ## PORTARIA Nº 0453/2013 O Presidente da Câmara Municipal de Campos dos Goytacazes, Estado do Rio de Janeiro, no uso de suas atribuições legais, R-E-S-O-L-V-E",https://www.ioerj.com.br/portal/modules/conteudoonline/mostra_edicao.php?session=VG5wT1FrMXJXVEZTUkd0MFVYcENRazlUTURCTmExa3lURlJuTlU1cVNYUk5SVnBIVFVSTk5GRnFSVEpOYW1jd1RWUmpNMDlFYTNoTmVsRXpUbEU5UFE9PQ==,D:\github\exoneracoes_nomeacoes_dou\LAKE\RJ\2013\11\DOERJ_DO_CAMPOS_PODER_EXECUTIVO_2013-11-14.md
RJ,Diario Oficial do Estado do Rio de Janeiro,2013-11-13,DO Campos (Poder Executivo),nomeacao,BIANCA COUTO REIS RESSIGUIER NO CARGO DE CIRURGIÃO DENTISTA,,,,,Wilson Jose Witzel - Governador,Wilson Jose Witzel,Executivo estadual,sim,BIANCA:ORG|CARGO DE CIRURGIÃO DENTISTA:ORG|Bianca Couto Reis Ressiguier:PER,sim,,,NOMEAR BIANCA COUTO REIS RESSIGUIER no cargo de Cirurgião Dentista do PSF. A mesma deverá comparecer à,https://www.ioerj.com.br/portal/modules/conteudoonline/mostra_edicao.php?session=VGxWSmVWSlVZM3BPTUZGMFRXcGtSbEZUTURCT1JVMHhURlJvUjA1NlJYUlBSR3N6VFdwbmVrMTZiRWRPVkZFd1RWUmpNMDlFYTNoTmVtZDVUMEU5UFE9PQ==,D:\github\exoneracoes_nomeacoes_dou\LAKE\RJ\2013\11\DOERJ_DO_CAMPOS_PODER_EXECUTIVO_2013-11-13.md
RJ,Diario Oficial do Estado do Rio de Janeiro,2013-11-13,DO Campos (Poder Executivo),nomeacao,MARIA FERNANDA DA SILVA CALDAS RANGEL,,,Secretario,5,Wilson Jose Witzel - Governador,Wilson Jose Witzel,Executivo estadual,sim,MARIA FERNANDA DA SILVA CALDAS RANGEL:PER,sim,para exercer o cargo de provimento em comissão de Diretora de Aquisições,,"NOMEAR Maria Fernanda da Silva Caldas Rangel, para exercer o cargo de provimento em comissão de Diretora de Aquisições, da Câmara Municipal de Campos dos Goytacazes, Símbolo CC1, a partir de 1º de novembro de 2013. Campos dos Goytacazes, 11 de novembro de 2013. EDSON BATISTA -Presidente- ## PORTARIA Nº 0438/2013 - O Presidente da Câmara Municipal de Campos dos Goytacazes, Estado do Rio de Janeiro, no uso de suas atribuições legais, ## R-E-S-O-L-V-E",https://www.ioerj.com.br/portal/modules/conteudoonline/mostra_edicao.php?session=VGxWSmVWSlVZM3BPTUZGMFRXcGtSbEZUTURCT1JVMHhURlJvUjA1NlJYUlBSR3N6VFdwbmVrMTZiRWRPVkZFd1RWUmpNMDlFYTNoTmVtZDVUMEU5UFE9PQ==,D:\github\exoneracoes_nomeacoes_dou\LAKE\RJ\2013\11\DOERJ_DO_CAMPOS_PODER_EXECUTIVO_2013-11-13.md
RJ,Diario Oficial do Estado do Rio de Janeiro,2013-11-13,DO Campos (Poder Executivo),nomeacao,PEDRO PAULO AZEVEDO PESSANHA FILHO,,,Secretario,5,Wilson Jose Witzel - Governador,Wilson Jose Witzel,Executivo estadual,sim,PEDRO PAULO AZEVEDO PESSANHA FILHO:PER,sim,para exercer o cargo de provimento em comissão de Presidente da Comissão de Processo Disciplinar,,"NOMEAR Pedro Paulo Azevedo Pessanha Filho, para exercer o cargo de provimento em comissão de Presidente da Comissão de Processo Disciplinar, da Câmara Municipal de Campos dos Goytacazes, Símbolo CC-3, a partir de 1º de novembro de 2013. Campos dos Goytacazes, 12 de novembro de 2013. EDSON BATISTA -Presidente- ## PORTARIA Nº 0440/2013 - O Presidente da Câmara Municipal de Campos dos Goytacazes, Estado do Rio de Janeiro, no uso de suas atribuições legais, - R-E-S-O-L-V-E",https://www.ioerj.com.br/portal/modules/conteudoonline/mostra_edicao.php?session=VGxWSmVWSlVZM3BPTUZGMFRXcGtSbEZUTURCT1JVMHhURlJvUjA1NlJYUlBSR3N6VFdwbmVrMTZiRWRPVkZFd1RWUmpNMDlFYTNoTmVtZDVUMEU5UFE9PQ==,D:\github\exoneracoes_nomeacoes_dou\LAKE\RJ\2013\11\DOERJ_DO_CAMPOS_PODER_EXECUTIVO_2013-11-13.md
RJ,Diario Oficial do Estado do Rio de Janeiro,2013-11-13,DO Campos (Poder Executivo),nomeacao,LUIZ FERNANDO MILLERI SANGIORGIO,,,Secretario,5,Wilson Jose Witzel - Governador,Wilson Jose Witzel,Executivo estadual,sim,LUIZ FERNANDO MILLERI SANGIORGIO:PER,sim,para exercer o cargo de provimento em comissão de Membro da Comissão de Processo Disciplinar,,"NOMEAR Luiz Fernando Milleri Sangiorgio,para exercer o cargo de provimento em comissão de Membro da Comissão de Processo Disciplinar, da Câmara Municipal de Campos dos Goytacazes, Símbolo CC-4, a partir de 1º de novembro de 2013. Campos dos Goytacazes, 12 de novembro de 2013. EDSON BATISTA -Presidente- ## PORTARIA Nº 0441/2013 O Presidente da Câmara Municipal de Campos dos Goytacazes, Es- tado do Rio de Janeiro, no uso de suas atribuições legais, R-E-S-O-L-V-E",https://www.ioerj.com.br/portal/modules/conteudoonline/mostra_edicao.php?session=VGxWSmVWSlVZM3BPTUZGMFRXcGtSbEZUTURCT1JVMHhURlJvUjA1NlJYUlBSR3N6VFdwbmVrMTZiRWRPVkZFd1RWUmpNMDlFYTNoTmVtZDVUMEU5UFE9PQ==,D:\github\exoneracoes_nomeacoes_dou\LAKE\RJ\2013\11\DOERJ_DO_CAMPOS_PODER_EXECUTIVO_2013-11-13.md
RJ,Diario Oficial do Estado do Rio de Janeiro,2013-11-13,DO Campos (Poder Executivo),nomeacao,PAULA DE OLIVEIRA CLAUDINO,,,Secretario,5,Wilson Jose Witzel - Governador,Wilson Jose Witzel,Executivo estadual,sim,PAULA:MISC|OLIVEIRA:ORG|Oliveira Claudino:PER,sim,para exercer o cargo de provimento em comissão de Membro da Comissão de Processo Disciplinar,,"NOMEAR Paula de Oliveira Claudino, para exercer o cargo de provimento em comissão de Membro da Comissão de Processo Disciplinar, da Câmara Municipal de Campos dos Goytacazes, Símbolo CC-4, a partir de 1º de novembro de 2013. Campos dos Goytacazes, 12 de novembro de 2013. EDSON BATISTA -Presidente- ## PORTARIA Nº 0442/2013 O Presidente da Câmara Municipal de Campos dos Goytacazes, Estado do Rio de Janeiro, no uso de suas atribuições legais, R-E-S-O-L-V-E",https://www.ioerj.com.br/portal/modules/conteudoonline/mostra_edicao.php?session=VGxWSmVWSlVZM3BPTUZGMFRXcGtSbEZUTURCT1JVMHhURlJvUjA1NlJYUlBSR3N6VFdwbmVrMTZiRWRPVkZFd1RWUmpNMDlFYTNoTmVtZDVUMEU5UFE9PQ==,D:\github\exoneracoes_nomeacoes_dou\LAKE\RJ\2013\11\DOERJ_DO_CAMPOS_PODER_EXECUTIVO_2013-11-13.md
RJ,Diario Oficial do Estado do Rio de Janeiro,2013-11-13,DO Campos (Poder Executivo),nomeacao,DAVID RIBEIRO DA SILVA,,,Secretario,5,Wilson Jose Witzel - Governador,Wilson Jose Witzel,Executivo estadual,sim,DAVID RIBEIRO DA SILVA:PER,sim,para exercer o cargo de provimento em comissão de Chefe de Folha de Pagamento,,"NOMEAR David Ribeiro da Silva, para exercer o cargo de provimento em comissão de Chefe de Folha de Pagamento, da Câmara Municipal de Campos dos Goytacazes, Símbolo CC-3, a partir de 1º de novembro de 2013. Campos dos Goytacazes, 12 de novembro de 2013. EDSON BATISTA -Presidente- ## PORTARIA Nº 0443/2013 O Presidente da Câmara Municipal de Campos dos Goytacazes, Estado do Rio de Janeiro, no uso de suas atribuições legais",https://www.ioerj.com.br/portal/modules/conteudoonline/mostra_edicao.php?session=VGxWSmVWSlVZM3BPTUZGMFRXcGtSbEZUTURCT1JVMHhURlJvUjA1NlJYUlBSR3N6VFdwbmVrMTZiRWRPVkZFd1RWUmpNMDlFYTNoTmVtZDVUMEU5UFE9PQ==,D:\github\exoneracoes_nomeacoes_dou\LAKE\RJ\2013\11\DOERJ_DO_CAMPOS_PODER_EXECUTIVO_2013-11-13.md
RJ,Diario Oficial do Estado do Rio de Janeiro,2013-11-13,DO Campos (Poder Executivo),nomeacao,SILVIA CRISTINA VASCONCELOS FERREIRA,,,Secretario,5,Wilson Jose Witzel - Governador,Wilson Jose Witzel,Executivo estadual,sim,SILVIA CRISTINA VASCONCELOS FERREIRA:PER,sim,para exercer a função gratificada de Pregoeira Oficial Almeida,,"NOMEAR Silvia Cristina Vasconcelos Ferreira para exercer a função gratificada de Pregoeira Oficial Almeida, , da Câmara Mu- nicipal de Campos dos Goytacazes, Símbolo FG-2 , a partir de 1º de novembro de 2013. Campos dos Goytacazes, 12 de novembro de 2013. EDSON BATISTA -Presidente- ## PORTARIA Nº 0445/2013 O Presidente da Câmara Municipal de Campos dos Goytacazes, Estado do Rio de Janeiro, no uso de suas atribuições legais, R-E-S-O-L-V-E",https://www.ioerj.com.br/portal/modules/conteudoonline/mostra_edicao.php?session=VGxWSmVWSlVZM3BPTUZGMFRXcGtSbEZUTURCT1JVMHhURlJvUjA1NlJYUlBSR3N6VFdwbmVrMTZiRWRPVkZFd1RWUmpNMDlFYTNoTmVtZDVUMEU5UFE9PQ==,D:\github\exoneracoes_nomeacoes_dou\LAKE\RJ\2013\11\DOERJ_DO_CAMPOS_PODER_EXECUTIVO_2013-11-13.md
RJ,Diario Oficial do Estado do Rio de Janeiro,2013-11-13,DO Campos (Poder Executivo),nomeacao,ELIZABETH RIBEIRO LEITE,,,Secretario,5,Wilson Jose Witzel - Governador,Wilson Jose Witzel,Executivo estadual,sim,Elizabeth Ribeiro Leite:PER,sim,para exercer a função gratificada de Pregoeira Substituta,,"NOMEAR Elizabeth Ribeiro Leite, para exercer a função gratificada de Pregoeira Substituta , da Câmara Municipal de Campos dos Goytacazes, Símbolo FG-3 , a partir de 1º de novembro de 2013. Campos dos Goytacazes, 12 de novembro de 2013. EDSON BATISTA -Presidente- ## EXTRATO DE CONTRATO ## PROCESSO N.º 251/2013 CONVITE Nº 031/13 CONTRATO Nº 050/2013 OBJETO: Contratação de empresa para prestação de serviço especializado de instalação de projeto contra incêndio no prédio da Câmara Municipal de Campos dos Goytacazes/RJ, CONTRATANTE : CÂMARA MUNICIPAL DE CAMPOS DOS GOYTACAZES CONTRATADA: EXTINCAMPOS COM. E INST. DE EQUIP. DE INCÊNDIO LTDA - EPP , inscrita no CNPJ nº 32.012.684/0001-38 VALOR GLOBAL: R$ 145.559,00 (cento e quarenta e cinco mil e quinhentos e cinquenta e nove reais) PRAZO DE EXECUÇÃO: 60 (sessenta) dias. CAMPOS DOS GOYTACAZES 12 DE NOVEMBRO DE 2013. EDSON BATISTA =PRESIDENTE DA C",https://www.ioerj.com.br/portal/modules/conteudoonline/mostra_edicao.php?session=VGxWSmVWSlVZM3BPTUZGMFRXcGtSbEZUTURCT1JVMHhURlJvUjA1NlJYUlBSR3N6VFdwbmVrMTZiRWRPVkZFd1RWUmpNMDlFYTNoTmVtZDVUMEU5UFE9PQ==,D:\github\exoneracoes_nomeacoes_dou\LAKE\RJ\2013\11\DOERJ_DO_CAMPOS_PODER_EXECUTIVO_2013-11-13.md
RJ,Diario Oficial do Estado do Rio de Janeiro,2013-11-12,Parte I (Poder Executivo),nomeacao,PEDRO BASTOS CARNEIRO,5010189-7,,Secretario,5,Wilson Jose Witzel - Governador,Wilson Jose Witzel,Executivo estadual,sim,PEDRO BASTOS CARNEIRO:PER,sim,,da Subsecretaria de Fazenda de Política Fiscal,"NOMEAR PEDRO BASTOS CARNEIRO DA CUNHA , Analista de Finanças Públicas, ID Funcional nº 5010189-7, para exercer, com validade a contar de 21 de outubro de 2013, o cargo em comissão de Assistente II, símbolo DAI-6, da Subsecretaria de Fazenda de Política Fiscal, da",https://www.ioerj.com.br/portal/modules/conteudoonline/mostra_edicao.php?session=VG5wSk5FMXJVWHBOUkZWMFRWVmFRMUpUTURCTk1GSkVURlZGTVU5VlZYUlJlbVJGVDFWU1JFOUViRU5PVlZWNFRWUmpNMDlFYTNoTmVtc3lUa0U5UFE9PQ==,D:\github\exoneracoes_nomeacoes_dou\LAKE\RJ\2013\11\DOERJ_PARTE_I_PODER_EXECUTIVO_2013-11-12.md
RJ,Diario Oficial do Estado do Rio de Janeiro,2013-11-12,Parte I (Poder Executivo),nomeacao,WALDIR FERREIRA MEXIAS JÚNIOR,,,Secretario,5,Wilson Jose Witzel - Governador,Wilson Jose Witzel,Executivo estadual,sim,WALDIR FERREIRA:MISC|Waldir Ferreira Mexias Júnior:PER,sim,,da Superintendência de Desenvolvimento Social,"NOMEAR WALDIR FERREIRA MEXIAS JÚNIOR para exercer, com validade a contar de 01 de novembro de 2013, o cargo em comissão de Coordenador, símbolo DAS-8, da Coordenadoria de Pro- DO JANEIRO ESTADO DO RIO DE <!-- image --> moção Social, da Superintendência de Desenvolvimento Social, da Subsecretaria-Adjunta de Formação e Qualificação Profissional, da Subsecretaria, da",https://www.ioerj.com.br/portal/modules/conteudoonline/mostra_edicao.php?session=VG5wSk5FMXJVWHBOUkZWMFRWVmFRMUpUTURCTk1GSkVURlZGTVU5VlZYUlJlbVJGVDFWU1JFOUViRU5PVlZWNFRWUmpNMDlFYTNoTmVtc3lUa0U5UFE9PQ==,D:\github\exoneracoes_nomeacoes_dou\LAKE\RJ\2013\11\DOERJ_PARTE_I_PODER_EXECUTIVO_2013-11-12.md
RJ,Diario Oficial do Estado do Rio de Janeiro,2013-11-12,Parte I (Poder Executivo),nomeacao,MARCOS VINICIOS MARINS CRESPO,,,Secretario,5,Wilson Jose Witzel - Governador,Wilson Jose Witzel,Executivo estadual,sim,MARCOS VINICIOS MARINS CRESPO:PER,sim,,da Superintendência de Relações Trabalhistas,"NOMEAR MARCOS VINICIOS MARINS CRESPO para exercer, com validade a contar de 01 de novembro de 2013, o cargo em comissão de Assessor, símbolo DAS-7, da Superintendência de Relações Trabalhistas, da Subsecretaria-Adjunta de Atendimento ao Trabalhador e Relações Trabalhistas, da Subsecretaria, da",https://www.ioerj.com.br/portal/modules/conteudoonline/mostra_edicao.php?session=VG5wSk5FMXJVWHBOUkZWMFRWVmFRMUpUTURCTk1GSkVURlZGTVU5VlZYUlJlbVJGVDFWU1JFOUViRU5PVlZWNFRWUmpNMDlFYTNoTmVtc3lUa0U5UFE9PQ==,D:\github\exoneracoes_nomeacoes_dou\LAKE\RJ\2013\11\DOERJ_PARTE_I_PODER_EXECUTIVO_2013-11-12.md
RJ,Diario Oficial do Estado do Rio de Janeiro,2013-11-12,Parte I (Poder Executivo),nomeacao,MARIA LUIGIA CARNEVALE,,,Secretario,5,Wilson Jose Witzel - Governador,Wilson Jose Witzel,Executivo estadual,sim,MARIA LUIGIA CARNEVALE:MISC|Maria Luigia Carnevale:PER,sim,,do Departamento Geral de Administração e Finanças,"NOMEAR MARIA LUIGIA CARNEVALE para exercer, com validade a contar de 01 de novembro de 2013, o cargo em comissão de Diretor de Divisão, símbolo DAS-6, da Divisão de Transporte, do Departamento Geral de Administração e Finanças, da",https://www.ioerj.com.br/portal/modules/conteudoonline/mostra_edicao.php?session=VG5wSk5FMXJVWHBOUkZWMFRWVmFRMUpUTURCTk1GSkVURlZGTVU5VlZYUlJlbVJGVDFWU1JFOUViRU5PVlZWNFRWUmpNMDlFYTNoTmVtc3lUa0U5UFE9PQ==,D:\github\exoneracoes_nomeacoes_dou\LAKE\RJ\2013\11\DOERJ_PARTE_I_PODER_EXECUTIVO_2013-11-12.md
RJ,Diario Oficial do Estado do Rio de Janeiro,2013-11-12,DO Campos (Poder Executivo),nomeacao,ANDREA PIRES,,,,,Wilson Jose Witzel - Governador,Wilson Jose Witzel,Executivo estadual,sim,ANDREA PIRES:PER,sim,,,"NOMEAR com base na Lei nº 8.344/13, Andrea Pires da Silva Franqueto , para exercer na Fundação Municipal de Saúde, o cargo em comissão de Diretor do Centro de Reabilitação Regional de Campos , Símbolo DAS-03, com vigência a contar da data de publicação. PREFEITURA MUNICIPAL DE CAMPOS DOS GOYTACAZES, 11 de novembro de 2013. ## Rosinha Garotinho -Prefeita- ## Portaria N° 3230/2013 A PREFEITA DO MUNICÍPIO DE CAMPOS DOS GOYTACAZES, NO USO DE SUAS ATRIBUIÇÕES LEGAIS",https://www.ioerj.com.br/portal/modules/conteudoonline/mostra_edicao.php?session=VG1wUk5WSnFTa05OYWtGMFVtcHJNbEZwTURCU1JHTTFURlZKZUU1RVFYUlNSVXBGVWtWTk1FNHdVa05TUkd4Q1RWUmpNMDlFYTNoTmVtc3lUa0U5UFE9PQ==,D:\github\exoneracoes_nomeacoes_dou\LAKE\RJ\2013\11\DOERJ_DO_CAMPOS_PODER_EXECUTIVO_2013-11-12.md
RJ,Diario Oficial do Estado do Rio de Janeiro,2013-11-12,DO Campos (Poder Executivo),nomeacao,ALVANIR FERREIRA AVELINO,,,,,Wilson Jose Witzel - Governador,Wilson Jose Witzel,Executivo estadual,sim,ALVANIR FERREIRA AVELINO:PER,sim,para exercer o cargo de provimento em comissão de Superintendente Administrativo,,"NOMEAR Alvanir Ferreira Avelino, para exercer o cargo de provimento em comissão de Superintendente Administrativo, da Câmara Municipal de Campos dos Goytacazes, Símbolo CC-E, a partir de 1º de novembro de 2013. Campos dos Goytacazes, 11 de novembro de 2013. EDSON BATISTA -Presidente- ## PORTARIA Nº 0418/2013 O Presidente da Câmara Municipal de Campos dos Goytacazes, Estado do Rio de Janeiro, no uso de suas atribuições legais, R-E-S-O-L-V-E",https://www.ioerj.com.br/portal/modules/conteudoonline/mostra_edicao.php?session=VG1wUk5WSnFTa05OYWtGMFVtcHJNbEZwTURCU1JHTTFURlZKZUU1RVFYUlNSVXBGVWtWTk1FNHdVa05TUkd4Q1RWUmpNMDlFYTNoTmVtc3lUa0U5UFE9PQ==,D:\github\exoneracoes_nomeacoes_dou\LAKE\RJ\2013\11\DOERJ_DO_CAMPOS_PODER_EXECUTIVO_2013-11-12.md
RJ,Diario Oficial do Estado do Rio de Janeiro,2013-11-12,DO Campos (Poder Executivo),nomeacao,EMÍLIO JORGE FERREIRA DA SILVA,,,,,Wilson Jose Witzel - Governador,Wilson Jose Witzel,Executivo estadual,sim,EMÍLIO JORGE FERREIRA DA SILVA:PER,sim,para exercer o cargo de provimento em comissão de Diretor Administrativo,,"NOMEAR Emílio Jorge Ferreira da Silva, para exercer o cargo de provimento em comissão de Diretor Administrativo, da Câmara Municipal de Campos dos Goytacazes, Símbolo CC-2, a partir de 1º de novembro de 2013. Campos dos Goytacazes, 11 de novembro de 2013. EDSON BATISTA -Presidente- ## PORTARIA Nº 0419/2013 O Presidente da Câmara Municipal de Campos dos Goytacazes, Estado do Rio de Janeiro, no uso de suas atribuições legais, R-E-S-O-L-V-E",https://www.ioerj.com.br/portal/modules/conteudoonline/mostra_edicao.php?session=VG1wUk5WSnFTa05OYWtGMFVtcHJNbEZwTURCU1JHTTFURlZKZUU1RVFYUlNSVXBGVWtWTk1FNHdVa05TUkd4Q1RWUmpNMDlFYTNoTmVtc3lUa0U5UFE9PQ==,D:\github\exoneracoes_nomeacoes_dou\LAKE\RJ\2013\11\DOERJ_DO_CAMPOS_PODER_EXECUTIVO_2013-11-12.md
RJ,Diario Oficial do Estado do Rio de Janeiro,2013-11-12,DO Campos (Poder Executivo),nomeacao,NAYARA SUELY GOMES FERREIRA CARDOSO,,,,,Wilson Jose Witzel - Governador,Wilson Jose Witzel,Executivo estadual,sim,NAYARA SUELY:MISC|Nayara Suely Gomes Ferreira Cardoso:PER,sim,para exercer o cargo de provimento em comissão de Coordenadora de Controle Interno,,"NOMEAR Nayara Suely Gomes Ferreira Cardoso, para exercer o cargo de provimento em comissão de Coordenadora de Controle Interno, da Câmara Municipal de Campos dos Goytacazes, Símbolo CC-E, a partir de 1º de novembro de 2013. Campos dos Goytacazes, 11 de novembro de 2013. EDSON BATISTA -Presidente- ## PORTARIA Nº 0420/2013 O Presidente da Câmara Municipal de Campos dos Goytacazes, Estado do Rio de Janeiro, no uso de suas atribuições legais, R-E-S-O-L-V-E",https://www.ioerj.com.br/portal/modules/conteudoonline/mostra_edicao.php?session=VG1wUk5WSnFTa05OYWtGMFVtcHJNbEZwTURCU1JHTTFURlZKZUU1RVFYUlNSVXBGVWtWTk1FNHdVa05TUkd4Q1RWUmpNMDlFYTNoTmVtc3lUa0U5UFE9PQ==,D:\github\exoneracoes_nomeacoes_dou\LAKE\RJ\2013\11\DOERJ_DO_CAMPOS_PODER_EXECUTIVO_2013-11-12.md
RJ,Diario Oficial do Estado do Rio de Janeiro,2013-11-12,DO Campos (Poder Executivo),nomeacao,GABRIEL BUENO SIQUEIRA,,,,,Wilson Jose Witzel - Governador,Wilson Jose Witzel,Executivo estadual,sim,GABRIEL BUENO:PER,sim,para exercer o cargo de provimento em comissão de Diretor de Relações Institucionais,,"NOMEAR Gabriel Bueno Siqueira, para exercer o cargo de provimento em comissão de Diretor de Relações Institucionais, da Câmara Municipal de Campos dos Goytacazes, Símbolo CC-1, a partir de 1º de novembro de 2013. Campos dos Goytacazes, 11 de novembro de 2013. EDSON BATISTA -Presidente- ## PORTARIA Nº 0421/2013 O Presidente da Câmara Municipal de Campos dos Goytacazes, Estado do Rio de Janeiro, no uso de suas atribuições legais, R-E-S-O-L-V-E",https://www.ioerj.com.br/portal/modules/conteudoonline/mostra_edicao.php?session=VG1wUk5WSnFTa05OYWtGMFVtcHJNbEZwTURCU1JHTTFURlZKZUU1RVFYUlNSVXBGVWtWTk1FNHdVa05TUkd4Q1RWUmpNMDlFYTNoTmVtc3lUa0U5UFE9PQ==,D:\github\exoneracoes_nomeacoes_dou\LAKE\RJ\2013\11\DOERJ_DO_CAMPOS_PODER_EXECUTIVO_2013-11-12.md
RJ,Diario Oficial do Estado do Rio de Janeiro,2013-11-12,DO Campos (Poder Executivo),nomeacao,LUCIANA CANDIDO CARVALHO,,,,,Wilson Jose Witzel - Governador,Wilson Jose Witzel,Executivo estadual,sim,LUCIANA CANDIDO:MISC|Luciana Candido Carvalho:PER,sim,para exercer o cargo de provimento em comissão de Gerente de Patrimônio,,"NOMEAR Luciana Candido Carvalho, para exercer o cargo de provimento em comissão de Gerente de Patrimônio, da Câmara Municipal de Campos dos Goytacazes, Símbolo CC-1, a partir de 1º de novembro de 2013. Campos dos Goytacazes, 11 de novembro de 2013. EDSON BATISTA -Presidente- ## PORTARIA Nº 0422/2013 O Presidente da Câmara Municipal de Campos dos Goytacazes, Estado do Rio de Janeiro, no uso de suas atribuições legais, R-E-S-O-L-V-E",https://www.ioerj.com.br/portal/modules/conteudoonline/mostra_edicao.php?session=VG1wUk5WSnFTa05OYWtGMFVtcHJNbEZwTURCU1JHTTFURlZKZUU1RVFYUlNSVXBGVWtWTk1FNHdVa05TUkd4Q1RWUmpNMDlFYTNoTmVtc3lUa0U5UFE9PQ==,D:\github\exoneracoes_nomeacoes_dou\LAKE\RJ\2013\11\DOERJ_DO_CAMPOS_PODER_EXECUTIVO_2013-11-12.md
RJ,Diario Oficial do Estado do Rio de Janeiro,2013-11-12,DO Campos (Poder Executivo),nomeacao,LUCAS RANGEL DA SILVA,,,,,Wilson Jose Witzel - Governador,Wilson Jose Witzel,Executivo estadual,sim,LUCAS RANGEL DA SILVA:PER,sim,para exercer o cargo de provimento em comissão Chefe de de Almoxarifado,,"NOMEAR Lucas Rangel da Silva,, para exercer o cargo de provimento em comissão Chefe de de Almoxarifado, da Câmara Municipal de Campos dos Goytacazes, Símbolo CC-2, a partir de 1º de novembro de 2013. Campos dos Goytacazes, 11 de novembro de 2013. EDSON BATISTA -Presidente- ## PORTARIA Nº 0423/2013 - O Presidente da Câmara Municipal de Campos dos Goytacazes, Estado do Rio de Janeiro, no uso de suas atribuições legais, R-E-S-O-L-V-E",https://www.ioerj.com.br/portal/modules/conteudoonline/mostra_edicao.php?session=VG1wUk5WSnFTa05OYWtGMFVtcHJNbEZwTURCU1JHTTFURlZKZUU1RVFYUlNSVXBGVWtWTk1FNHdVa05TUkd4Q1RWUmpNMDlFYTNoTmVtc3lUa0U5UFE9PQ==,D:\github\exoneracoes_nomeacoes_dou\LAKE\RJ\2013\11\DOERJ_DO_CAMPOS_PODER_EXECUTIVO_2013-11-12.md
RJ,Diario Oficial do Estado do Rio de Janeiro,2013-11-12,DO Campos (Poder Executivo),nomeacao,WILSON HEIDENFELDER DE CARVALHO RENATO JÚNIOR,,,,,Wilson Jose Witzel - Governador,Wilson Jose Witzel,Executivo estadual,sim,WILSON HEIDENFELDER DE CARVALHO RENATO JÚNIOR:MISC|Wilson Heidenfelder De Carvalho Renato Júnior:PER,sim,para exercer o cargo de provimento em comissão de Diretor de Cultura e Multimídias,,"NOMEAR Wilson Heidenfelder de Carvalho Renato Jú- nior, para exercer o cargo de provimento em comissão de Diretor de Cultura e Multimídias, da de Campos dos Goyta- Câmara Municipal cazes, Símbolo CC-3, a partir de 1º de novembro de 2013. Campos dos Goytacazes, 11 de novembro de 2013. EDSON BATISTA -Presidente- ## PORTARIA Nº 0424/2013 O Presidente da Câmara Municipal de Campos dos Goytacazes, Estado do Rio de Janeiro, no uso de suas atribuições legais, R-E-S-O-L-V-E",https://www.ioerj.com.br/portal/modules/conteudoonline/mostra_edicao.php?session=VG1wUk5WSnFTa05OYWtGMFVtcHJNbEZwTURCU1JHTTFURlZKZUU1RVFYUlNSVXBGVWtWTk1FNHdVa05TUkd4Q1RWUmpNMDlFYTNoTmVtc3lUa0U5UFE9PQ==,D:\github\exoneracoes_nomeacoes_dou\LAKE\RJ\2013\11\DOERJ_DO_CAMPOS_PODER_EXECUTIVO_2013-11-12.md
RJ,Diario Oficial do Estado do Rio de Janeiro,2013-11-12,DO Campos (Poder Executivo),nomeacao,PAULO RENATO PINTO,,,,,Wilson Jose Witzel - Governador,Wilson Jose Witzel,Executivo estadual,sim,Paulo Renato Pinto:PER,sim,para exercer o cargo de provimento em comissão de Assessor de Imprensa,,"NOMEAR Paulo Renato Pinto, para exercer o cargo de provimento em comissão de Assessor de Imprensa, da Câmara Mu- Id: 1588157 6 Ano V - N o - CLII - Poder Executivo - Campos dos Goytacazes terça-feira - 12 de novembro de 2013 nicipal de Campos dos Goytacazes, Símbolo CC-1, a partir de 1º de novembro de 2013. Campos dos Goytacazes, 11 de novembro de 2013. EDSON BATISTA -Presidente- ## PORTARIA Nº 0425/2013 O Presidente da Câmara Municipal de Campos dos Goytacazes, Estado do Rio de Janeiro, no uso de suas atribuições legais, R-E-S-O-L-V-E",https://www.ioerj.com.br/portal/modules/conteudoonline/mostra_edicao.php?session=VG1wUk5WSnFTa05OYWtGMFVtcHJNbEZwTURCU1JHTTFURlZKZUU1RVFYUlNSVXBGVWtWTk1FNHdVa05TUkd4Q1RWUmpNMDlFYTNoTmVtc3lUa0U5UFE9PQ==,D:\github\exoneracoes_nomeacoes_dou\LAKE\RJ\2013\11\DOERJ_DO_CAMPOS_PODER_EXECUTIVO_2013-11-12.md
RJ,Diario Oficial do Estado do Rio de Janeiro,2013-11-12,DO Campos (Poder Executivo),nomeacao,MARGARETE CRISTINA PAULA,,,,,Wilson Jose Witzel - Governador,Wilson Jose Witzel,Executivo estadual,sim,MARGARETE CRISTINA PAULA:MISC|Margarete Cristina Paula:PER,sim,para exercer o cargo de provimento em comissão de Gerente de Recursos Humanos,,"NOMEAR Margarete Cristina Paula, para exercer o cargo de provimento em comissão de Gerente de Recursos Humanos, Câmara Municipal de Campos dos Goytacazes, Símbolo CC-1, a partir de 1º de novembro de 2013. Campos dos Goytacazes, 11 de novembro de 2013. EDSON BATISTA -Presidente- ## PORTARIA Nº 0426/2013 O Presidente da Câmara Municipal de Campos dos Goytacazes, Estado do Rio de Janeiro, no uso de suas atribuições legais, R-E-S-O-L-V-E",https://www.ioerj.com.br/portal/modules/conteudoonline/mostra_edicao.php?session=VG1wUk5WSnFTa05OYWtGMFVtcHJNbEZwTURCU1JHTTFURlZKZUU1RVFYUlNSVXBGVWtWTk1FNHdVa05TUkd4Q1RWUmpNMDlFYTNoTmVtc3lUa0U5UFE9PQ==,D:\github\exoneracoes_nomeacoes_dou\LAKE\RJ\2013\11\DOERJ_DO_CAMPOS_PODER_EXECUTIVO_2013-11-12.md
RJ,Diario Oficial do Estado do Rio de Janeiro,2013-11-12,DO Campos (Poder Executivo),nomeacao,CARLOS EDSON LIMA NETO,,,,,Wilson Jose Witzel - Governador,Wilson Jose Witzel,Executivo estadual,sim,CARLOS EDSON LIMA NETO:PER,sim,para exercer o cargo de provimento em comissão de Chefe de Segurança,,"NOMEAR Carlos Edson Lima Neto, para exercer o cargo de provimento em comissão de Chefe de Segurança, Câmara Municipal de Campos dos Goytacazes, Símbolo CC-4, a partir de 1º de novembro de 2013. Campos dos Goytacazes, 11 de novembro de 2013. EDSON BATISTA -Presidente- ## PORTARIA Nº 0433/2013 O Presidente da Câmara Municipal de Campos dos Goytacazes, Estado do Rio de Janeiro, no uso de suas atribuições legais, R-E-S-O-L-V-E",https://www.ioerj.com.br/portal/modules/conteudoonline/mostra_edicao.php?session=VG1wUk5WSnFTa05OYWtGMFVtcHJNbEZwTURCU1JHTTFURlZKZUU1RVFYUlNSVXBGVWtWTk1FNHdVa05TUkd4Q1RWUmpNMDlFYTNoTmVtc3lUa0U5UFE9PQ==,D:\github\exoneracoes_nomeacoes_dou\LAKE\RJ\2013\11\DOERJ_DO_CAMPOS_PODER_EXECUTIVO_2013-11-12.md
RJ,Diario Oficial do Estado do Rio de Janeiro,2013-11-12,DO Campos (Poder Executivo),nomeacao,GLEYCI KELE VIANA DOS SANTOS,,,,,Wilson Jose Witzel - Governador,Wilson Jose Witzel,Executivo estadual,sim,KELE VIANA DOS SANTOS:MISC|Gleyci Kele Viana Dos Santos:PER,sim,para exercer o cargo de provimento em comissão de Assessora Política,,"NOMEAR Gleyci Kele Viana dos Santos, para exercer o cargo de provimento em comissão de Assessora Política, da Câmara Municipal de Campos dos Goytacazes, Símbolo CC-1, a partir de 1º de novembro de 2013. Campos dos Goytacazes, 11 de novembro de 2013. EDSON BATISTA -Presidente- Id: 1590254 <!-- image --> <!-- image --> <!-- image --> Prefeitura Municipal de Campos dos Goytacazes",https://www.ioerj.com.br/portal/modules/conteudoonline/mostra_edicao.php?session=VG1wUk5WSnFTa05OYWtGMFVtcHJNbEZwTURCU1JHTTFURlZKZUU1RVFYUlNSVXBGVWtWTk1FNHdVa05TUkd4Q1RWUmpNMDlFYTNoTmVtc3lUa0U5UFE9PQ==,D:\github\exoneracoes_nomeacoes_dou\LAKE\RJ\2013\11\DOERJ_DO_CAMPOS_PODER_EXECUTIVO_2013-11-12.md
RJ,Diario Oficial do Estado do Rio de Janeiro,2013-11-11,Parte I (Poder Executivo),exoneracao,ALEXANDRE REIS GITAHY DA SILVA,,,Governador,1,Wilson Jose Witzel - Governador,Wilson Jose Witzel,Executivo estadual,sim,ALEXANDRE:PER,sim,do cargo em comissão de Vice-Presidente,,"EXONERAR a pedido e com validade a contar de 08 de novembro de 2013, ALEXANDRE REIS GITAHY DA SILVA do cargo em comissão de Vice-Presidente, símbolo VP-1, da Vice-Presidência, do Centro de Tecnologia de Informação e Comunicação do Estado do Rio de Janeiro - PRODERJ, da",https://www.ioerj.com.br/portal/modules/conteudoonline/mostra_edicao.php?session=VGtSUk1FMTZSa1ZOUlUxMFRVVlpORTU1TURCU1ZHTXdURlJyTVU5VVRYUk5WVkY0VGxSSmVGSnFRWGhSVkdoR1RWUmpNMDlFYTNoT1JFVXlUVkU5UFE9PQ==,D:\github\exoneracoes_nomeacoes_dou\LAKE\RJ\2013\11\DOERJ_PARTE_I_PODER_EXECUTIVO_2013-11-11.md
RJ,Diario Oficial do Estado do Rio de Janeiro,2013-11-11,Parte I (Poder Executivo),nomeacao,JOSÉ GERALDO MACHADO,,,Governador,1,Wilson Jose Witzel - Governador,Wilson Jose Witzel,Executivo estadual,sim,JOSÉ GERALDO:PER,sim,,da Subsecretaria para Relações Institucionais,"NOMEAR JOSÉ GERALDO MACHADO para exercer, com validade a contar de 08 de novembro de 2013, o cargo em comissão de Subsecretário de Estado, símbolo SS, da Subsecretaria para Relações Institucionais, da",https://www.ioerj.com.br/portal/modules/conteudoonline/mostra_edicao.php?session=VGtSUk1FMTZSa1ZOUlUxMFRVVlpORTU1TURCU1ZHTXdURlJyTVU5VVRYUk5WVkY0VGxSSmVGSnFRWGhSVkdoR1RWUmpNMDlFYTNoT1JFVXlUVkU5UFE9PQ==,D:\github\exoneracoes_nomeacoes_dou\LAKE\RJ\2013\11\DOERJ_PARTE_I_PODER_EXECUTIVO_2013-11-11.md
RJ,Diario Oficial do Estado do Rio de Janeiro,2013-11-11,Parte I (Poder Executivo),nomeacao,LUCAS SPADARI CARREIRO ALVES DE LIMA,,,Secretario,5,Wilson Jose Witzel - Governador,Wilson Jose Witzel,Executivo estadual,sim,LUCAS:MISC|SPADARI CARREIRO ALVES DE LIMA:MISC|Spadari Carreiro Alves:PER,sim,,,"NOMEAR LUCAS SPADARI CARREIRO ALVES DE LIMA para exercer, com validade a contar de 18 de novembro de 2013, o cargo em comissão de Assistente, símbolo DAS-6, da",https://www.ioerj.com.br/portal/modules/conteudoonline/mostra_edicao.php?session=VGtSUk1FMTZSa1ZOUlUxMFRVVlpORTU1TURCU1ZHTXdURlJyTVU5VVRYUk5WVkY0VGxSSmVGSnFRWGhSVkdoR1RWUmpNMDlFYTNoT1JFVXlUVkU5UFE9PQ==,D:\github\exoneracoes_nomeacoes_dou\LAKE\RJ\2013\11\DOERJ_PARTE_I_PODER_EXECUTIVO_2013-11-11.md
RJ,Diario Oficial do Estado do Rio de Janeiro,2013-11-11,Parte I (Poder Executivo),nomeacao,EDUARDO DE JESUS DE BARREIRO,,,Secretario,5,Wilson Jose Witzel - Governador,Wilson Jose Witzel,Executivo estadual,sim,EDUARDO DE JESUS DE BARREIRO:MISC|Eduardo De Jesus De Barreiro:PER,sim,para exercer o cargo em comissão de Chefe de Serviço,do Departamento de Transportes Rodoviários do Estado do Rio de Janeiro - DETRO/RJ,"NOMEAR EDUARDO DE JESUS DE BARREIRO para exercer o cargo em comissão de Chefe de Serviço, símbolo DAI-6, do Posto de Apoio e Controle Regional de Cabo Frio (PACRE II), do Postos de Apoio e Controle Regional de Categoria ""A"" (PACRE), da Coordenadoria de Fiscalização de Transporte Regular de Cargas e Fretamento, da Diretoria Técnico-Operacional, do Departamento de Transportes Rodoviários do Estado do Rio de Janeiro - DETRO/RJ, da",https://www.ioerj.com.br/portal/modules/conteudoonline/mostra_edicao.php?session=VGtSUk1FMTZSa1ZOUlUxMFRVVlpORTU1TURCU1ZHTXdURlJyTVU5VVRYUk5WVkY0VGxSSmVGSnFRWGhSVkdoR1RWUmpNMDlFYTNoT1JFVXlUVkU5UFE9PQ==,D:\github\exoneracoes_nomeacoes_dou\LAKE\RJ\2013\11\DOERJ_PARTE_I_PODER_EXECUTIVO_2013-11-11.md
RJ,Diario Oficial do Estado do Rio de Janeiro,2013-11-11,Parte I (Poder Executivo),nomeacao,ANTONIO LAURO DE LIMA,,,Secretario,5,Wilson Jose Witzel - Governador,Wilson Jose Witzel,Executivo estadual,sim,ANTONIO LAURO DE LIMA:PER,sim,,do Instituto Estadual do Ambiente - INEA,"NOMEAR ANTONIO LAURO DE LIMA para exercer, com validade a contar de 01 de novembro de 2013, o cargo em comissão de Assessor III, símbolo DAI-5, do Instituto Estadual do Ambiente - INEA, da",https://www.ioerj.com.br/portal/modules/conteudoonline/mostra_edicao.php?session=VGtSUk1FMTZSa1ZOUlUxMFRVVlpORTU1TURCU1ZHTXdURlJyTVU5VVRYUk5WVkY0VGxSSmVGSnFRWGhSVkdoR1RWUmpNMDlFYTNoT1JFVXlUVkU5UFE9PQ==,D:\github\exoneracoes_nomeacoes_dou\LAKE\RJ\2013\11\DOERJ_PARTE_I_PODER_EXECUTIVO_2013-11-11.md
RJ,Diario Oficial do Estado do Rio de Janeiro,2013-11-11,Parte I (Poder Executivo),nomeacao,MARCIO FERREIRA DE MELO JUNIOR,,,Secretario,5,Wilson Jose Witzel - Governador,Wilson Jose Witzel,Executivo estadual,sim,MARCIO FERREIRA:ORG|Marcio Ferreira De Melo Junior:PER,sim,,do Gabinete do Secretário,"NOMEAR MARCIO FERREIRA DE MELO JUNIOR para exercer, com validade a contar de 01 de novembro de 2013, o cargo em comissão de Secretário I, símbolo DAI-4, do Gabinete do Secretário, da",https://www.ioerj.com.br/portal/modules/conteudoonline/mostra_edicao.php?session=VGtSUk1FMTZSa1ZOUlUxMFRVVlpORTU1TURCU1ZHTXdURlJyTVU5VVRYUk5WVkY0VGxSSmVGSnFRWGhSVkdoR1RWUmpNMDlFYTNoT1JFVXlUVkU5UFE9PQ==,D:\github\exoneracoes_nomeacoes_dou\LAKE\RJ\2013\11\DOERJ_PARTE_I_PODER_EXECUTIVO_2013-11-11.md
RJ,Diario Oficial do Estado do Rio de Janeiro,2013-11-11,Parte I (Poder Executivo),nomeacao,JOSÉ CARLOS NACIF ALVES,,,Secretario,5,Wilson Jose Witzel - Governador,Wilson Jose Witzel,Executivo estadual,sim,JOSÉ CARLOS:PER,sim,da Assessoria Técnica,,"NOMEAR JOSÉ CARLOS NACIF ALVES para exercer, com validade a contar de 01 de novembro de 2013, o cargo em comissão de Assessor-Chefe, símbolo DAS-8, da Assessoria Técnica, da",https://www.ioerj.com.br/portal/modules/conteudoonline/mostra_edicao.php?session=VGtSUk1FMTZSa1ZOUlUxMFRVVlpORTU1TURCU1ZHTXdURlJyTVU5VVRYUk5WVkY0VGxSSmVGSnFRWGhSVkdoR1RWUmpNMDlFYTNoT1JFVXlUVkU5UFE9PQ==,D:\github\exoneracoes_nomeacoes_dou\LAKE\RJ\2013\11\DOERJ_PARTE_I_PODER_EXECUTIVO_2013-11-11.md
RJ,Diario Oficial do Estado do Rio de Janeiro,2013-11-11,Parte I (Poder Executivo),nomeacao,JORGE SEBASTIÃO DA SILVA LUCIO,,,Secretario,5,Wilson Jose Witzel - Governador,Wilson Jose Witzel,Executivo estadual,sim,JORGE SEBASTIÃO DA SILVA LUCIO:PER,sim,,,"NOMEAR JORGE SEBASTIÃO DA SILVA LUCIO para exercer, com validade a contar de 01 de novembro de 2013, o cargo em comissão de Assistente, símbolo DAS-6, da",https://www.ioerj.com.br/portal/modules/conteudoonline/mostra_edicao.php?session=VGtSUk1FMTZSa1ZOUlUxMFRVVlpORTU1TURCU1ZHTXdURlJyTVU5VVRYUk5WVkY0VGxSSmVGSnFRWGhSVkdoR1RWUmpNMDlFYTNoT1JFVXlUVkU5UFE9PQ==,D:\github\exoneracoes_nomeacoes_dou\LAKE\RJ\2013\11\DOERJ_PARTE_I_PODER_EXECUTIVO_2013-11-11.md
RJ,Diario Oficial do Estado do Rio de Janeiro,2013-11-11,Parte I (Poder Executivo),nomeacao,ADEMAR DE OLIVEIRA FILHO,,,Secretario,5,Wilson Jose Witzel - Governador,Wilson Jose Witzel,Executivo estadual,sim,DE OLIVEIRA FILHO:MISC|Ademar De Oliveira Filho:PER,sim,para exercer o cargo em comissão de Assessor-Chefe,,"NOMEAR ADEMAR DE OLIVEIRA FILHO para exercer o cargo em comissão de Assessor-Chefe, símbolo DAS-8, da",https://www.ioerj.com.br/portal/modules/conteudoonline/mostra_edicao.php?session=VGtSUk1FMTZSa1ZOUlUxMFRVVlpORTU1TURCU1ZHTXdURlJyTVU5VVRYUk5WVkY0VGxSSmVGSnFRWGhSVkdoR1RWUmpNMDlFYTNoT1JFVXlUVkU5UFE9PQ==,D:\github\exoneracoes_nomeacoes_dou\LAKE\RJ\2013\11\DOERJ_PARTE_I_PODER_EXECUTIVO_2013-11-11.md
RJ,Diario Oficial do Estado do Rio de Janeiro,2013-11-11,Parte I (Poder Executivo),nomeacao,ROSIMERE MENDONÇA MONTEIRO,,,Secretario,5,Wilson Jose Witzel - Governador,Wilson Jose Witzel,Executivo estadual,sim,ROSIMERE MENDONÇA:PER,sim,para exercer o cargo em comissão de Assessor,do Departamento Geral de Administração e Finanças,"NOMEAR ROSIMERE MENDONÇA MONTEIRO para exercer o cargo em comissão de Assessor, símbolo DAS-7, do Departamento Geral de Administração e Finanças, da",https://www.ioerj.com.br/portal/modules/conteudoonline/mostra_edicao.php?session=VGtSUk1FMTZSa1ZOUlUxMFRVVlpORTU1TURCU1ZHTXdURlJyTVU5VVRYUk5WVkY0VGxSSmVGSnFRWGhSVkdoR1RWUmpNMDlFYTNoT1JFVXlUVkU5UFE9PQ==,D:\github\exoneracoes_nomeacoes_dou\LAKE\RJ\2013\11\DOERJ_PARTE_I_PODER_EXECUTIVO_2013-11-11.md
RJ,Diario Oficial do Estado do Rio de Janeiro,2013-11-11,Parte I (Poder Executivo),nomeacao,CHAYENI LOBATO PEIXOLINI,,,Secretario,5,Wilson Jose Witzel - Governador,Wilson Jose Witzel,Executivo estadual,sim,LOBATO PEIXOLINI:PER,sim,para exercer o cargo em comissão de Assistente II,do Gabinete do Secretário,"NOMEAR CHAYENI LOBATO PEIXOLINI para exercer o cargo em comissão de Assistente II, símbolo DAI-6, do Gabinete do Secretário, da",https://www.ioerj.com.br/portal/modules/conteudoonline/mostra_edicao.php?session=VGtSUk1FMTZSa1ZOUlUxMFRVVlpORTU1TURCU1ZHTXdURlJyTVU5VVRYUk5WVkY0VGxSSmVGSnFRWGhSVkdoR1RWUmpNMDlFYTNoT1JFVXlUVkU5UFE9PQ==,D:\github\exoneracoes_nomeacoes_dou\LAKE\RJ\2013\11\DOERJ_PARTE_I_PODER_EXECUTIVO_2013-11-11.md
RJ,Diario Oficial do Estado do Rio de Janeiro,2013-11-11,Parte I (Poder Executivo),nomeacao,NATANIA GERALDO RAPHAEL DA ROCHA,,,Secretario,5,Wilson Jose Witzel - Governador,Wilson Jose Witzel,Executivo estadual,sim,GERALDO RAPHAEL:MISC|Natania Geraldo Raphael Da Rocha:PER,sim,,do Departamento de Administração e Finanças,"NOMEAR NATANIA GERALDO RAPHAEL DA ROCHA para exercer, com validade a contar de 01 de novembro de 2013, o cargo em comissão de Assistente, símbolo DAS-6, da Divisão de Material e Patrimônio, do Departamento de Administração e Finanças, da VicePresidência Administrativa, da Superintendência de Desportos do Estado do Rio de Janeiro -SUDERJ, da",https://www.ioerj.com.br/portal/modules/conteudoonline/mostra_edicao.php?session=VGtSUk1FMTZSa1ZOUlUxMFRVVlpORTU1TURCU1ZHTXdURlJyTVU5VVRYUk5WVkY0VGxSSmVGSnFRWGhSVkdoR1RWUmpNMDlFYTNoT1JFVXlUVkU5UFE9PQ==,D:\github\exoneracoes_nomeacoes_dou\LAKE\RJ\2013\11\DOERJ_PARTE_I_PODER_EXECUTIVO_2013-11-11.md
RJ,Diario Oficial do Estado do Rio de Janeiro,2013-11-08,Parte I (Poder Executivo),exoneracao,TENENTE-CORONEL PM,2234376-8,,Secretario,5,Wilson Jose Witzel - Governador,Wilson Jose Witzel,Executivo estadual,sim,Tenente-Coronel Pm:PER,sim,do cargo em comissão de Chefe do EM - Comandante Intermediário,,"EXONERAR com validade a contar de 19 de agosto de 2013, MARCUS VINÍCIUS VIEIRA RODRIGUES , anteriormente Marcus Vinícius Rodrigues Vieira , Tenente-Coronel PM, ID Funcional nº 2234376-8, do cargo em comissão de Chefe do EM - Comandante Intermediário, símbolo DAS-8, do 7º Comando de Policiamento de Área -7º CPA, da Polícia Militar do Estado do Rio de Janeiro, da",https://www.ioerj.com.br/portal/modules/conteudoonline/mostra_edicao.php?session=VWxWVmVsRlVhekJTUkVGMFVUQlpNMDlETURCU2ExcERURlJvUmxKclVYUlBWRkV6VFZSQ1JrMHdTVFZQUlZwR1RWUmpNMDlFYTNoT1JGRjRUMEU5UFE9PQ==,D:\github\exoneracoes_nomeacoes_dou\LAKE\RJ\2013\11\DOERJ_PARTE_I_PODER_EXECUTIVO_2013-11-08.md
RJ,Diario Oficial do Estado do Rio de Janeiro,2013-11-08,DO Campos (Poder Executivo),nomeacao,FELIPE ESTITES BUSSADE NO CARGO DE CIRURGIÃO DENTISTA,,,,,Wilson Jose Witzel - Governador,Wilson Jose Witzel,Executivo estadual,sim,FELIPE ESTITES BUSSADE:MISC|CARGO DE CIRURGIÃO DENTISTA:MISC|Felipe Estites:PER,sim,,,NOMEAR FELIPE ESTITES BUSSADE no cargo de Cirurgião Dentista do PSF. O mesmo deverá comparecer à,https://www.ioerj.com.br/portal/modules/conteudoonline/mostra_edicao.php?session=VFdwTmQwMXFaRUpOVkd0MFVWVkZNVkpETURCUFJFNUNURlJvUjFKRWEzUk5WRWw1VFdwUmVrMXFVa1ZPVkU1RVRWUmpNMDlFYTNoT1JGRjRUMEU5UFE9PQ==,D:\github\exoneracoes_nomeacoes_dou\LAKE\RJ\2013\11\DOERJ_DO_CAMPOS_PODER_EXECUTIVO_2013-11-08.md
RJ,Diario Oficial do Estado do Rio de Janeiro,2013-11-07,Parte I (Poder Executivo),nomeacao,THALES RODRIGUES AZEVEDO,2825448-1,,Governador,1,Wilson Jose Witzel - Governador,Wilson Jose Witzel,Executivo estadual,sim,RODRIGUES AZEVEDO:MISC|Thales Rodrigues Azevedo:PER,sim,,,"NOMEAR THALES RODRIGUES AZEVEDO, Analista de Sistema e Métodos, ID Funcional nº 2825448-1, para exercer, com validade a contar de 01 de novembro de 2013, o cargo em comissão de Diretor de Diretoria, símbolo VP-3, da Diretoria Executiva, do Centro de Tecnologia de Informação e Comunicação do Estado do Rio de Ja- Id: 1587948 | | | | Em R$ mil | |------|-----------|------------|-------------| | 0751 | EMOP | 61.133 | 61.133 | | 2001 | SEFAZ | 557.569 | 557.568 | | 2102 | SSCS | 235.929 | 235.129 | | 3201 | SEASDH | 438.457 | 433.329 | | 3261 | FEAS | 215.524 | 209.983 | | 3702 | EGE/SEFAZ | 23.377.946 | 22.413.132 | | 4043 | UERJ | 823.703 | 821.985 | | 4301 | SETUR | 136.732 | 136.731 | | 4371 | TURISRIO | 8.538 | 8.538 | Id: 1587949 neiro -PRODERJ, da",https://www.ioerj.com.br/portal/modules/conteudoonline/mostra_edicao.php?session=VFVWSk5FMVVWWHBPVkd0MFRXcFJkMDU1TURCUmEwa3lURlJuZWxGclRYUlJlazB4VGtSVk5WRXdTWGhQVkVsNVRWUmpNMDlFYTNoT1JGVXhUbmM5UFE9PQ==,D:\github\exoneracoes_nomeacoes_dou\LAKE\RJ\2013\11\DOERJ_PARTE_I_PODER_EXECUTIVO_2013-11-07.md
RJ,Diario Oficial do Estado do Rio de Janeiro,2013-11-07,Parte I (Poder Executivo),nomeacao,PIERRE ANDRÉ DA ROCHA ANDRADE,,,Governador,1,Wilson Jose Witzel - Governador,Wilson Jose Witzel,Executivo estadual,sim,PIERRE ANDRÉ:ORG|ROCHA ANDRADE:MISC|Pierre André Da Rocha Andrade:PER,sim,,do Departamento Geral de Administração e Finanças,"NOMEAR PIERRE ANDRÉ DA ROCHA ANDRADE para exercer, com validade a contar de 07 de novembro de 2013, o cargo em comissão de Diretor Geral, símbolo DG, do Departamento Geral de Administração e Finanças, da",https://www.ioerj.com.br/portal/modules/conteudoonline/mostra_edicao.php?session=VFVWSk5FMVVWWHBPVkd0MFRXcFJkMDU1TURCUmEwa3lURlJuZWxGclRYUlJlazB4VGtSVk5WRXdTWGhQVkVsNVRWUmpNMDlFYTNoT1JGVXhUbmM5UFE9PQ==,D:\github\exoneracoes_nomeacoes_dou\LAKE\RJ\2013\11\DOERJ_PARTE_I_PODER_EXECUTIVO_2013-11-07.md
RJ,Diario Oficial do Estado do Rio de Janeiro,2013-11-07,Parte I (Poder Executivo),nomeacao,MARIAH DE CASTRO NEVES OLMEDO FREIND,,,Secretario,5,Wilson Jose Witzel - Governador,Wilson Jose Witzel,Executivo estadual,sim,MARIAH DE CASTRO NEVES OLMEDO:MISC|Mariah De Castro Neves Olmedo Freind:PER,sim,,,"NOMEAR MARIAH DE CASTRO NEVES OLMEDO FREIND para exercer, com validade a contar de 06 de novembro de 2013, o cargo em comissão de Assessor, símbolo DAS-7, da",https://www.ioerj.com.br/portal/modules/conteudoonline/mostra_edicao.php?session=VFVWSk5FMVVWWHBPVkd0MFRXcFJkMDU1TURCUmEwa3lURlJuZWxGclRYUlJlazB4VGtSVk5WRXdTWGhQVkVsNVRWUmpNMDlFYTNoT1JGVXhUbmM5UFE9PQ==,D:\github\exoneracoes_nomeacoes_dou\LAKE\RJ\2013\11\DOERJ_PARTE_I_PODER_EXECUTIVO_2013-11-07.md
RJ,Diario Oficial do Estado do Rio de Janeiro,2013-11-07,Parte I (Poder Executivo),nomeacao,MARCIO AURÉLIO DE SOUZA,,,Secretario,5,Wilson Jose Witzel - Governador,Wilson Jose Witzel,Executivo estadual,sim,MARCIO AURÉLIO:MISC|Marcio Aurélio De Souza:PER,sim,,,"NOMEAR MARCIO AURÉLIO DE SOUZA para exercer, com validade a contar de 01 de novembro de 2013, o cargo em comissão de Assistente, símbolo DAS-6, da",https://www.ioerj.com.br/portal/modules/conteudoonline/mostra_edicao.php?session=VFVWSk5FMVVWWHBPVkd0MFRXcFJkMDU1TURCUmEwa3lURlJuZWxGclRYUlJlazB4VGtSVk5WRXdTWGhQVkVsNVRWUmpNMDlFYTNoT1JGVXhUbmM5UFE9PQ==,D:\github\exoneracoes_nomeacoes_dou\LAKE\RJ\2013\11\DOERJ_PARTE_I_PODER_EXECUTIVO_2013-11-07.md
RJ,Diario Oficial do Estado do Rio de Janeiro,2013-11-07,Parte I (Poder Executivo),nomeacao,EDSON SILVA DE AGUIAR,,,Secretario,5,Wilson Jose Witzel - Governador,Wilson Jose Witzel,Executivo estadual,sim,EDSON SILVA DE:PER,sim,,,"NOMEAR EDSON SILVA DE AGUIAR para exercer, com validade a contar de 01 de novembro de 2013, o cargo em comissão de Assessor, símbolo DAS-7, da",https://www.ioerj.com.br/portal/modules/conteudoonline/mostra_edicao.php?session=VFVWSk5FMVVWWHBPVkd0MFRXcFJkMDU1TURCUmEwa3lURlJuZWxGclRYUlJlazB4VGtSVk5WRXdTWGhQVkVsNVRWUmpNMDlFYTNoT1JGVXhUbmM5UFE9PQ==,D:\github\exoneracoes_nomeacoes_dou\LAKE\RJ\2013\11\DOERJ_PARTE_I_PODER_EXECUTIVO_2013-11-07.md
RJ,Diario Oficial do Estado do Rio de Janeiro,2013-11-07,Parte I (Poder Executivo),nomeacao,LUCIANA PEREIRA,4345929-3,,Secretario,5,Wilson Jose Witzel - Governador,Wilson Jose Witzel,Executivo estadual,sim,LUCIANA PEREIRA:PER,sim,,,"NOMEAR LUCIANA PEREIRA DA SILVA , Analista de Sistemas e Métodos, ID Funcional nº 4345929-3, para exercer, com validade a contar de 01 de novembro de 2013, o cargo em comissão de Gerente, símbolo DAS-7, do Centro de Tecnologia de Informação e Comunicação do Estado do Rio de Janeiro - PRODERJ, da",https://www.ioerj.com.br/portal/modules/conteudoonline/mostra_edicao.php?session=VFVWSk5FMVVWWHBPVkd0MFRXcFJkMDU1TURCUmEwa3lURlJuZWxGclRYUlJlazB4VGtSVk5WRXdTWGhQVkVsNVRWUmpNMDlFYTNoT1JGVXhUbmM5UFE9PQ==,D:\github\exoneracoes_nomeacoes_dou\LAKE\RJ\2013\11\DOERJ_PARTE_I_PODER_EXECUTIVO_2013-11-07.md
RJ,Diario Oficial do Estado do Rio de Janeiro,2013-11-07,Parte I (Poder Executivo),nomeacao,ARMANDO MARTINS NETO,,,Secretario,5,Wilson Jose Witzel - Governador,Wilson Jose Witzel,Executivo estadual,sim,ARMANDO MARTINS NETO:PER,sim,,,"NOMEAR ARMANDO MARTINS NETO para exercer, com validade a contar de 01 de novembro de 2013, o cargo em comissão de Assistente, símbolo DAS-6, do Centro de Tecnologia de Informação e Comunicação do Estado do Rio de Janeiro - PRODERJ, da",https://www.ioerj.com.br/portal/modules/conteudoonline/mostra_edicao.php?session=VFVWSk5FMVVWWHBPVkd0MFRXcFJkMDU1TURCUmEwa3lURlJuZWxGclRYUlJlazB4VGtSVk5WRXdTWGhQVkVsNVRWUmpNMDlFYTNoT1JGVXhUbmM5UFE9PQ==,D:\github\exoneracoes_nomeacoes_dou\LAKE\RJ\2013\11\DOERJ_PARTE_I_PODER_EXECUTIVO_2013-11-07.md
RJ,Diario Oficial do Estado do Rio de Janeiro,2013-11-07,Parte I (Poder Executivo),exoneracao,ID FUNCIONAL Nº 2064004-8,2064004-8,,Secretario,5,Wilson Jose Witzel - Governador,Wilson Jose Witzel,Executivo estadual,sim,ID FUNCIONAL:PER,sim,do cargo em comissão de Assistente I,do Departamento de Trânsito do Estado do Rio de Janeiro - DETRAN/RJ,"EXONERAR a pedido e com validade a contar de 01 de novembro de 2013, GERSON LEITE , ID Funcional nº 2064004-8 do cargo em comissão de Assistente I, símbolo DAS-6, da Assessoria de Gestão e Modernização Institucional, do Departamento de Trânsito do Estado do Rio de Janeiro - DETRAN/RJ, da",https://www.ioerj.com.br/portal/modules/conteudoonline/mostra_edicao.php?session=VFVWSk5FMVVWWHBPVkd0MFRXcFJkMDU1TURCUmEwa3lURlJuZWxGclRYUlJlazB4VGtSVk5WRXdTWGhQVkVsNVRWUmpNMDlFYTNoT1JGVXhUbmM5UFE9PQ==,D:\github\exoneracoes_nomeacoes_dou\LAKE\RJ\2013\11\DOERJ_PARTE_I_PODER_EXECUTIVO_2013-11-07.md
RJ,Diario Oficial do Estado do Rio de Janeiro,2013-11-07,Parte I (Poder Executivo),nomeacao,CILIANA BAPTISTA BARBOSA,,,Secretario,5,Wilson Jose Witzel - Governador,Wilson Jose Witzel,Executivo estadual,sim,CILIANA:MISC|BARBOSA:MISC|Ciliana Baptista Barbosa:PER,sim,da Assessoria de Gestão e Modernização Institucional,do Departamento de Trânsito do Estado do Rio de Janeiro - DETRAN/RJ,"NOMEAR CILIANA BAPTISTA BARBOSA para exercer, com validade a contar de 01 de novembro de 2013, o cargo em comissão de Assistente I, símbolo DAS-6, da Assessoria de Gestão e Modernização Institucional, do Departamento de Trânsito do Estado do Rio de Janeiro - DETRAN/RJ, da",https://www.ioerj.com.br/portal/modules/conteudoonline/mostra_edicao.php?session=VFVWSk5FMVVWWHBPVkd0MFRXcFJkMDU1TURCUmEwa3lURlJuZWxGclRYUlJlazB4VGtSVk5WRXdTWGhQVkVsNVRWUmpNMDlFYTNoT1JGVXhUbmM5UFE9PQ==,D:\github\exoneracoes_nomeacoes_dou\LAKE\RJ\2013\11\DOERJ_PARTE_I_PODER_EXECUTIVO_2013-11-07.md
RJ,Diario Oficial do Estado do Rio de Janeiro,2013-11-07,Parte I (Poder Executivo),nomeacao,FABRÍCIO CORREA XAVIER,,,Secretario,5,Wilson Jose Witzel - Governador,Wilson Jose Witzel,Executivo estadual,sim,FABRÍCIO:ORG|Fabrício Correa Xavier:PER,sim,para exercer o cargo em comissão de Chefe de Núcleo,do Departamento de Trânsito do Estado do Rio de Janeiro -DETRAN/RJ,"NOMEAR FABRÍCIO CORREA XAVIER para exercer o cargo em comissão de Chefe de Núcleo, símbolo DAI-6, do Núcleo de Apoio Administrativo, da Coordenadoria Geral de Julgamento e Controle de Infrações, do Departamento de Trânsito do Estado do Rio de Janeiro -DETRAN/RJ, da",https://www.ioerj.com.br/portal/modules/conteudoonline/mostra_edicao.php?session=VFVWSk5FMVVWWHBPVkd0MFRXcFJkMDU1TURCUmEwa3lURlJuZWxGclRYUlJlazB4VGtSVk5WRXdTWGhQVkVsNVRWUmpNMDlFYTNoT1JGVXhUbmM5UFE9PQ==,D:\github\exoneracoes_nomeacoes_dou\LAKE\RJ\2013\11\DOERJ_PARTE_I_PODER_EXECUTIVO_2013-11-07.md
RJ,Diario Oficial do Estado do Rio de Janeiro,2013-11-07,Parte I (Poder Executivo),nomeacao,ANDRÉ LUIZ ALVES RODRIGUES,,,Secretario,5,Wilson Jose Witzel - Governador,Wilson Jose Witzel,Executivo estadual,sim,ANDRÉ LUIZ ALVES RODRIGUES:PER,sim,,do Gabinete da Presidência,"NOMEAR ANDRÉ LUIZ ALVES RODRIGUES para exercer, com validade a contar de 06 de setembro de 2013, o cargo em comissão de Assistente III, símbolo DAI-5, do Gabinete da Presidência, do Departamento de Trânsito do Estado do Rio de Janeiro -DETRAN/RJ, da",https://www.ioerj.com.br/portal/modules/conteudoonline/mostra_edicao.php?session=VFVWSk5FMVVWWHBPVkd0MFRXcFJkMDU1TURCUmEwa3lURlJuZWxGclRYUlJlazB4VGtSVk5WRXdTWGhQVkVsNVRWUmpNMDlFYTNoT1JGVXhUbmM5UFE9PQ==,D:\github\exoneracoes_nomeacoes_dou\LAKE\RJ\2013\11\DOERJ_PARTE_I_PODER_EXECUTIVO_2013-11-07.md
RJ,Diario Oficial do Estado do Rio de Janeiro,2013-11-07,Parte I (Poder Executivo),nomeacao,NEIR LOPES DO NASCIMENTO,,,Secretario,5,Wilson Jose Witzel - Governador,Wilson Jose Witzel,Executivo estadual,sim,NEIR LOPES DO NASCIMENTO:MISC|Neir Lopes Do Nascimento:PER,sim,para exercer o cargo em comissão de Ajudante II,,"NOMEAR NEIR LOPES DO NASCIMENTO para exercer o cargo em comissão de Ajudante II, símbolo DAI-2, da",https://www.ioerj.com.br/portal/modules/conteudoonline/mostra_edicao.php?session=VFVWSk5FMVVWWHBPVkd0MFRXcFJkMDU1TURCUmEwa3lURlJuZWxGclRYUlJlazB4VGtSVk5WRXdTWGhQVkVsNVRWUmpNMDlFYTNoT1JGVXhUbmM5UFE9PQ==,D:\github\exoneracoes_nomeacoes_dou\LAKE\RJ\2013\11\DOERJ_PARTE_I_PODER_EXECUTIVO_2013-11-07.md
RJ,Diario Oficial do Estado do Rio de Janeiro,2013-11-07,Parte I (Poder Executivo),nomeacao,ALEX RIBEIRO DA SILVEIRA,,,Secretario,5,Wilson Jose Witzel - Governador,Wilson Jose Witzel,Executivo estadual,sim,ALEX RIBEIRO DA SILVEIRA:MISC|Alex Ribeiro Da Silveira:PER,sim,,,"NOMEAR ALEX RIBEIRO DA SILVEIRA para exercer, com validade a contar de 01 de novembro de 2013, o cargo em comissão de Ajudante I, símbolo DAI-1, da",https://www.ioerj.com.br/portal/modules/conteudoonline/mostra_edicao.php?session=VFVWSk5FMVVWWHBPVkd0MFRXcFJkMDU1TURCUmEwa3lURlJuZWxGclRYUlJlazB4VGtSVk5WRXdTWGhQVkVsNVRWUmpNMDlFYTNoT1JGVXhUbmM5UFE9PQ==,D:\github\exoneracoes_nomeacoes_dou\LAKE\RJ\2013\11\DOERJ_PARTE_I_PODER_EXECUTIVO_2013-11-07.md
RJ,Diario Oficial do Estado do Rio de Janeiro,2013-11-07,Parte I (Poder Executivo),exoneracao,ELAINE CRISTINE,2456942-9,,Secretario,5,Wilson Jose Witzel - Governador,Wilson Jose Witzel,Executivo estadual,sim,ELAINE CRISTINE:MISC|Elaine Cristine:PER,sim,do cargo em comissão de Ajudante I,,"EXONERAR com validade a contar de 17 de outubro de 2013, ELAINE CRISTINE DA CONCEIÇÃO VIANNA , ID Funcional nº 2456942-9, do cargo em comissão de Ajudante I, símbolo DAI-1, da",https://www.ioerj.com.br/portal/modules/conteudoonline/mostra_edicao.php?session=VFVWSk5FMVVWWHBPVkd0MFRXcFJkMDU1TURCUmEwa3lURlJuZWxGclRYUlJlazB4VGtSVk5WRXdTWGhQVkVsNVRWUmpNMDlFYTNoT1JGVXhUbmM5UFE9PQ==,D:\github\exoneracoes_nomeacoes_dou\LAKE\RJ\2013\11\DOERJ_PARTE_I_PODER_EXECUTIVO_2013-11-07.md
RJ,Diario Oficial do Estado do Rio de Janeiro,2013-11-07,Parte I (Poder Executivo),nomeacao,CARLA FERNANDES DE OLIVEIRA,,,Secretario,5,Wilson Jose Witzel - Governador,Wilson Jose Witzel,Executivo estadual,sim,CARLA FERNANDES DE OLIVEIRA:PER,sim,,do Departamento Geral de Administração e Finanças,"NOMEAR CARLA FERNANDES DE OLIVEIRA para exercer, com validade a contar de 29 de outubro de 2013, o cargo em comissão de Secretário II, símbolo DAI-5, do Departamento Geral de Administração e Finanças, da",https://www.ioerj.com.br/portal/modules/conteudoonline/mostra_edicao.php?session=VFVWSk5FMVVWWHBPVkd0MFRXcFJkMDU1TURCUmEwa3lURlJuZWxGclRYUlJlazB4VGtSVk5WRXdTWGhQVkVsNVRWUmpNMDlFYTNoT1JGVXhUbmM5UFE9PQ==,D:\github\exoneracoes_nomeacoes_dou\LAKE\RJ\2013\11\DOERJ_PARTE_I_PODER_EXECUTIVO_2013-11-07.md
RJ,Diario Oficial do Estado do Rio de Janeiro,2013-11-07,Parte I (Poder Executivo),nomeacao,IVAN AUGUSTO DIAS,,,Secretario,5,Wilson Jose Witzel - Governador,Wilson Jose Witzel,Executivo estadual,sim,IVAN AUGUSTO DIAS:PER,sim,,,"NOMEAR IVAN AUGUSTO DIAS para exercer, com validade a contar de 01 de novembro de 2013, o cargo em comissão de Assistente, símbolo DAS-6, da",https://www.ioerj.com.br/portal/modules/conteudoonline/mostra_edicao.php?session=VFVWSk5FMVVWWHBPVkd0MFRXcFJkMDU1TURCUmEwa3lURlJuZWxGclRYUlJlazB4VGtSVk5WRXdTWGhQVkVsNVRWUmpNMDlFYTNoT1JGVXhUbmM5UFE9PQ==,D:\github\exoneracoes_nomeacoes_dou\LAKE\RJ\2013\11\DOERJ_PARTE_I_PODER_EXECUTIVO_2013-11-07.md
RJ,Diario Oficial do Estado do Rio de Janeiro,2013-11-07,Parte I (Poder Executivo),nomeacao,TENENTE-CORONEL PM,2429771-2,,Secretario,5,Wilson Jose Witzel - Governador,Wilson Jose Witzel,Executivo estadual,sim,Tenente-Coronel Pm:PER,sim,,,"NOMEAR MÁRCIA DIAS DE ANDRADE , Tenente-Coronel PM, ID Funcional nº 2429771-2, para exercer, com validade a contar de 19 de agosto de 2013, o cargo em comissão de Assistente, símbolo DAS-6, Chefe da 2ª Seção, da Diretoria Geral de Ensino e Instrução, da Polícia Militar do Estado do Rio de Janeiro, da",https://www.ioerj.com.br/portal/modules/conteudoonline/mostra_edicao.php?session=VFVWSk5FMVVWWHBPVkd0MFRXcFJkMDU1TURCUmEwa3lURlJuZWxGclRYUlJlazB4VGtSVk5WRXdTWGhQVkVsNVRWUmpNMDlFYTNoT1JGVXhUbmM5UFE9PQ==,D:\github\exoneracoes_nomeacoes_dou\LAKE\RJ\2013\11\DOERJ_PARTE_I_PODER_EXECUTIVO_2013-11-07.md
RJ,Diario Oficial do Estado do Rio de Janeiro,2013-11-07,Parte I (Poder Executivo),exoneracao,INSPETOR DE POLÍCIA,2984735-4,,Secretario,5,Wilson Jose Witzel - Governador,Wilson Jose Witzel,Executivo estadual,sim,POLÍCIA:LOC|Inspetor De Polícia:PER,sim,do cargo em comissão de Diretor de Centro,,"EXONERAR com validade a contar de 16 de outubro de 2013, CAMILO SALES D'ORNELLAS , Inspetor de Polícia, ID Funcional nº 2984735-4, do cargo em comissão de Diretor de Centro, símbolo DAS-6, do Centro de Estudos de Assuntos Policiais, da Academia Estadual de Polícia Sylvio Terra, da Polícia Civil do Estado do Rio de Janeiro, da",https://www.ioerj.com.br/portal/modules/conteudoonline/mostra_edicao.php?session=VFVWSk5FMVVWWHBPVkd0MFRXcFJkMDU1TURCUmEwa3lURlJuZWxGclRYUlJlazB4VGtSVk5WRXdTWGhQVkVsNVRWUmpNMDlFYTNoT1JGVXhUbmM5UFE9PQ==,D:\github\exoneracoes_nomeacoes_dou\LAKE\RJ\2013\11\DOERJ_PARTE_I_PODER_EXECUTIVO_2013-11-07.md
RJ,Diario Oficial do Estado do Rio de Janeiro,2013-11-07,Parte I (Poder Executivo),exoneracao,DENILSON EMILIANO,292540-4,,Secretario,5,Wilson Jose Witzel - Governador,Wilson Jose Witzel,Executivo estadual,sim,DENILSON EMILIANO:MISC|Denilson Emiliano:PER,sim,do cargo em comissão de Assistente II,do Instituto de Segurança Pública do Estado do Rio de Janeiro -RIOSEGURANÇA,"EXONERAR a pedido e com validade a contar de 01 de novembro de 2013, DENILSON EMILIANO DA SILVA , ID Funcional nº 292540-4, do cargo em comissão de Assistente II, símbolo DAI-6, do Instituto de Segurança Pública do Estado do Rio de Janeiro -RIOSEGURANÇA, da",https://www.ioerj.com.br/portal/modules/conteudoonline/mostra_edicao.php?session=VFVWSk5FMVVWWHBPVkd0MFRXcFJkMDU1TURCUmEwa3lURlJuZWxGclRYUlJlazB4VGtSVk5WRXdTWGhQVkVsNVRWUmpNMDlFYTNoT1JGVXhUbmM5UFE9PQ==,D:\github\exoneracoes_nomeacoes_dou\LAKE\RJ\2013\11\DOERJ_PARTE_I_PODER_EXECUTIVO_2013-11-07.md
RJ,Diario Oficial do Estado do Rio de Janeiro,2013-11-07,Parte I (Poder Executivo),nomeacao,THAYANE RODRIGUES CALAÇA,,,Secretario,5,Wilson Jose Witzel - Governador,Wilson Jose Witzel,Executivo estadual,sim,RODRIGUES CALAÇA:MISC|Thayane Rodrigues:PER,sim,,da Subsecretaria de Gestão Estratégica,"NOMEAR THAYANE RODRIGUES CALAÇA para exercer, com validade a contar de 21 de outubro de 2013, o cargo em comissão de Assistente II, símbolo DAI-6, da Subsecretaria de Gestão Estratégica, da",https://www.ioerj.com.br/portal/modules/conteudoonline/mostra_edicao.php?session=VFVWSk5FMVVWWHBPVkd0MFRXcFJkMDU1TURCUmEwa3lURlJuZWxGclRYUlJlazB4VGtSVk5WRXdTWGhQVkVsNVRWUmpNMDlFYTNoT1JGVXhUbmM5UFE9PQ==,D:\github\exoneracoes_nomeacoes_dou\LAKE\RJ\2013\11\DOERJ_PARTE_I_PODER_EXECUTIVO_2013-11-07.md
RJ,Diario Oficial do Estado do Rio de Janeiro,2013-11-07,Parte I (Poder Executivo),nomeacao,EMANUELLE SILVA MOURÃO,,,Secretario,5,Wilson Jose Witzel - Governador,Wilson Jose Witzel,Executivo estadual,sim,EMANUELLE SILVA MOURÃO:PER,sim,,da Subsecretaria de Gestão Estratégica,"NOMEAR EMANUELLE SILVA MOURÃO para exercer, com validade a contar de 01 de novembro de 2013, o cargo em comissão de Assistente II, símbolo DAI-6, da Subsecretaria de Gestão Estratégica, da",https://www.ioerj.com.br/portal/modules/conteudoonline/mostra_edicao.php?session=VFVWSk5FMVVWWHBPVkd0MFRXcFJkMDU1TURCUmEwa3lURlJuZWxGclRYUlJlazB4VGtSVk5WRXdTWGhQVkVsNVRWUmpNMDlFYTNoT1JGVXhUbmM5UFE9PQ==,D:\github\exoneracoes_nomeacoes_dou\LAKE\RJ\2013\11\DOERJ_PARTE_I_PODER_EXECUTIVO_2013-11-07.md
RJ,Diario Oficial do Estado do Rio de Janeiro,2013-11-07,Parte I (Poder Executivo),nomeacao,MARCIO SANTOS DE CARVALHO,,,Secretario,5,Wilson Jose Witzel - Governador,Wilson Jose Witzel,Executivo estadual,sim,MARCIO:ORG|Marcio Santos De Carvalho:PER,sim,para exercer o cargo em comissão de Assistente II,da Subsecretaria de Educação,"NOMEAR MARCIO SANTOS DE CARVALHO para exercer o cargo em comissão de Assistente II, símbolo DAI-6, da Subsecretaria de Educação, Valorização e Prevenção, da",https://www.ioerj.com.br/portal/modules/conteudoonline/mostra_edicao.php?session=VFVWSk5FMVVWWHBPVkd0MFRXcFJkMDU1TURCUmEwa3lURlJuZWxGclRYUlJlazB4VGtSVk5WRXdTWGhQVkVsNVRWUmpNMDlFYTNoT1JGVXhUbmM5UFE9PQ==,D:\github\exoneracoes_nomeacoes_dou\LAKE\RJ\2013\11\DOERJ_PARTE_I_PODER_EXECUTIVO_2013-11-07.md
RJ,Diario Oficial do Estado do Rio de Janeiro,2013-11-07,Parte I (Poder Executivo),nomeacao,MAYARA DA ROCHA PINHEIRO,,,Secretario,5,Wilson Jose Witzel - Governador,Wilson Jose Witzel,Executivo estadual,sim,MAYARA:ORG|ROCHA PINHEIRO:MISC|Mayara Da Rocha Pinheiro:PER,sim,,,"NOMEAR MAYARA DA ROCHA PINHEIRO para exercer, com validade a contar de 01 de novembro de 2013, o cargo em comissão de Assistente II, símbolo DAI-6, da",https://www.ioerj.com.br/portal/modules/conteudoonline/mostra_edicao.php?session=VFVWSk5FMVVWWHBPVkd0MFRXcFJkMDU1TURCUmEwa3lURlJuZWxGclRYUlJlazB4VGtSVk5WRXdTWGhQVkVsNVRWUmpNMDlFYTNoT1JGVXhUbmM5UFE9PQ==,D:\github\exoneracoes_nomeacoes_dou\LAKE\RJ\2013\11\DOERJ_PARTE_I_PODER_EXECUTIVO_2013-11-07.md
RJ,Diario Oficial do Estado do Rio de Janeiro,2013-11-07,Parte I (Poder Executivo),nomeacao,MARCIELLY VANUCCI DAUMAS NUNES,,,Secretario,5,Wilson Jose Witzel - Governador,Wilson Jose Witzel,Executivo estadual,sim,Marcielly Vanucci Daumas Nunes:PER,sim,,,"NOMEAR MARCIELLY VANUCCI DAUMAS NUNES para exercer, com validade a contar de 01 de novembro de 2013, o cargo em comissão de Assessor, símbolo DAS-8, da",https://www.ioerj.com.br/portal/modules/conteudoonline/mostra_edicao.php?session=VFVWSk5FMVVWWHBPVkd0MFRXcFJkMDU1TURCUmEwa3lURlJuZWxGclRYUlJlazB4VGtSVk5WRXdTWGhQVkVsNVRWUmpNMDlFYTNoT1JGVXhUbmM5UFE9PQ==,D:\github\exoneracoes_nomeacoes_dou\LAKE\RJ\2013\11\DOERJ_PARTE_I_PODER_EXECUTIVO_2013-11-07.md
RJ,Diario Oficial do Estado do Rio de Janeiro,2013-11-07,Parte I (Poder Executivo),nomeacao,REGINA BRIZIO DOS SANTOS,,,Secretario,5,Wilson Jose Witzel - Governador,Wilson Jose Witzel,Executivo estadual,sim,REGINA BRIZIO DOS SANTOS:MISC|Regina Brizio Dos Santos:PER,sim,,,"NOMEAR REGINA BRIZIO DOS SANTOS para exercer, com validade a contar de 29 de outubro de 2013, o cargo em comissão de Assistente II, símbolo DAI-6, da",https://www.ioerj.com.br/portal/modules/conteudoonline/mostra_edicao.php?session=VFVWSk5FMVVWWHBPVkd0MFRXcFJkMDU1TURCUmEwa3lURlJuZWxGclRYUlJlazB4VGtSVk5WRXdTWGhQVkVsNVRWUmpNMDlFYTNoT1JGVXhUbmM5UFE9PQ==,D:\github\exoneracoes_nomeacoes_dou\LAKE\RJ\2013\11\DOERJ_PARTE_I_PODER_EXECUTIVO_2013-11-07.md
RJ,Diario Oficial do Estado do Rio de Janeiro,2013-11-07,Parte I (Poder Executivo),nomeacao,LEIDIANE DA SILVA DELPHINO,,,Secretario,5,Wilson Jose Witzel - Governador,Wilson Jose Witzel,Executivo estadual,sim,LEIDIANE DA SILVA DELPHINO:MISC|Leidiane Da Silva Delphino:PER,sim,para exercer o cargo em comissão de Assistente,,"NOMEAR LEIDIANE DA SILVA DELPHINO para exercer o cargo em comissão de Assistente, símbolo DAS-6, do Centro Comunitário de Defesa da Cidadania - Cesarão, da Coordenadoria dos Centros Comunitários de Defesa da Cidadania - CCDCs, da",https://www.ioerj.com.br/portal/modules/conteudoonline/mostra_edicao.php?session=VFVWSk5FMVVWWHBPVkd0MFRXcFJkMDU1TURCUmEwa3lURlJuZWxGclRYUlJlazB4VGtSVk5WRXdTWGhQVkVsNVRWUmpNMDlFYTNoT1JGVXhUbmM5UFE9PQ==,D:\github\exoneracoes_nomeacoes_dou\LAKE\RJ\2013\11\DOERJ_PARTE_I_PODER_EXECUTIVO_2013-11-07.md
RJ,Diario Oficial do Estado do Rio de Janeiro,2013-11-07,Parte I (Poder Executivo),nomeacao,MARIA BETANIA LEITÃO,,,Secretario,5,Wilson Jose Witzel - Governador,Wilson Jose Witzel,Executivo estadual,sim,MARIA BETANIA LEITÃO:MISC|Maria Betania Leitão:PER,sim,,,"NOMEAR MARIA BETANIA LEITÃO para exercer, com validade a contar de 05 de novembro de 2013, o cargo em comissão de Assistente, símbolo DAS-6, da",https://www.ioerj.com.br/portal/modules/conteudoonline/mostra_edicao.php?session=VFVWSk5FMVVWWHBPVkd0MFRXcFJkMDU1TURCUmEwa3lURlJuZWxGclRYUlJlazB4VGtSVk5WRXdTWGhQVkVsNVRWUmpNMDlFYTNoT1JGVXhUbmM5UFE9PQ==,D:\github\exoneracoes_nomeacoes_dou\LAKE\RJ\2013\11\DOERJ_PARTE_I_PODER_EXECUTIVO_2013-11-07.md
RJ,Diario Oficial do Estado do Rio de Janeiro,2013-11-07,Parte I (Poder Executivo),nomeacao,ANA MARIA OLIVEIRA SANTOS,,,Secretario,5,Wilson Jose Witzel - Governador,Wilson Jose Witzel,Executivo estadual,sim,Ana Maria Oliveira Santos:PER,sim,,,"NOMEAR ANA MARIA OLIVEIRA SANTOS para exercer, com validade a contar de 05 de novembro de 2013, o cargo em comissão de Assistente, símbolo DAS-6, da",https://www.ioerj.com.br/portal/modules/conteudoonline/mostra_edicao.php?session=VFVWSk5FMVVWWHBPVkd0MFRXcFJkMDU1TURCUmEwa3lURlJuZWxGclRYUlJlazB4VGtSVk5WRXdTWGhQVkVsNVRWUmpNMDlFYTNoT1JGVXhUbmM5UFE9PQ==,D:\github\exoneracoes_nomeacoes_dou\LAKE\RJ\2013\11\DOERJ_PARTE_I_PODER_EXECUTIVO_2013-11-07.md
RJ,Diario Oficial do Estado do Rio de Janeiro,2013-11-07,Parte I (Poder Executivo),nomeacao,MIGUEL PEDRO RODRIGUES DE OLIVEIRA BASTOS,,,Secretario,5,Wilson Jose Witzel - Governador,Wilson Jose Witzel,Executivo estadual,sim,MIGUEL PEDRO RODRIGUES DE OLIVEIRA:PER,sim,,do Departamento de Esportes para Portadores de Necessidades Especiais,"NOMEAR MIGUEL PEDRO RODRIGUES DE OLIVEIRA BASTOS para exercer, com validade a contar de 01 de novembro de 2013, o cargo em comissão de Diretor de Esportes, símbolo DAS-8, do Departamento de Esportes para Portadores de Necessidades Especiais, da Vice-Presidência Executiva de Esportes, da Superintendência de Desportos do Estado do Rio de Janeiro - SUDERJ, da",https://www.ioerj.com.br/portal/modules/conteudoonline/mostra_edicao.php?session=VFVWSk5FMVVWWHBPVkd0MFRXcFJkMDU1TURCUmEwa3lURlJuZWxGclRYUlJlazB4VGtSVk5WRXdTWGhQVkVsNVRWUmpNMDlFYTNoT1JGVXhUbmM5UFE9PQ==,D:\github\exoneracoes_nomeacoes_dou\LAKE\RJ\2013\11\DOERJ_PARTE_I_PODER_EXECUTIVO_2013-11-07.md
RJ,Diario Oficial do Estado do Rio de Janeiro,2013-11-07,Parte I (Poder Executivo),exoneracao,PRISCILA SALGADO,,,Secretario,5,Wilson Jose Witzel - Governador,Wilson Jose Witzel,Executivo estadual,sim,SALGADO:MISC|Priscila Salgado:PER,sim,do cargo em comissão de Auxiliar Técnico,da Superintendência de Desportos do Estado do Rio de Janeiro - SUDERJ,"EXONERAR com validade a contar de 01 de novembro de 2013, PRISCILA SALGADO DA SILVA , matrícula nº 101802-7, do cargo em comissão de Auxiliar Técnico, símbolo DAI-6, da Superintendência de Desportos do Estado do Rio de Janeiro - SUDERJ, da",https://www.ioerj.com.br/portal/modules/conteudoonline/mostra_edicao.php?session=VFVWSk5FMVVWWHBPVkd0MFRXcFJkMDU1TURCUmEwa3lURlJuZWxGclRYUlJlazB4VGtSVk5WRXdTWGhQVkVsNVRWUmpNMDlFYTNoT1JGVXhUbmM5UFE9PQ==,D:\github\exoneracoes_nomeacoes_dou\LAKE\RJ\2013\11\DOERJ_PARTE_I_PODER_EXECUTIVO_2013-11-07.md
RJ,Diario Oficial do Estado do Rio de Janeiro,2013-11-06,Parte I (Poder Executivo),exoneracao,THOMAS ALBERT,,NOS TERMOS DA PROPOSTA DO SENHOR,Secretario de Estado,4,Wilson Jose Witzel - Governador,Wilson Jose Witzel,Executivo estadual,sim,THOMAS ALBERT:MISC|Thomas Albert:PER,sim,do cargo efetivo de Analista de Gestão Organizacional - <!-- image --> Haroldo Zager Faria Tinoco Diretor-Presidente Jorge Narciso Peres Diretor-Industrial Valéria Maria Souto Meira Salgado Diretora Administrativo-Financeira,,"EXONERAR a pedido, THOMAS ALBERT DA SILVA , matrícula nº 10/0415-9, do cargo efetivo de Analista de Gestão Organizacional - <!-- image --> Haroldo Zager Faria Tinoco Diretor-Presidente Jorge Narciso Peres Diretor-Industrial Valéria Maria Souto Meira Salgado Diretora Administrativo-Financeira ## Despachos do Governador ## EXPEDIENTE DE 05 DE NOVEMBRO DE 2013 PROCESSO Nº E-03/005.682/2012 - AUTORIZO , nos termos da proposta do Senhor Secretário de Estado de Planejamento e Gestão às fls. 14 destes autos. Id: 1587125 ## EXPEDIENTE DE 05 DE NOVEMBRO DE 2013 PROCESSO Nº E-09/6990/2504/2012 -INDEFIRO a concessão do auxílio invalidez instituído pela Lei Estadual nº 3.527/2001, requerida pelo CB PM RR KARU ALEX BARBOSA FERREIRA , RG nº 54.998, louvado na manifestação da",https://www.ioerj.com.br/portal/modules/conteudoonline/mostra_edicao.php?session=VDBSTk1WSlVZekpSZW1OMFRWUlZORkZwTURCT2VrWkZURlZGZVZKcVdYUlBSVWt4VG10RmVWRlVSWGhTUlUxM1RWUmpNMDlFYTNoT1ZFVXpUa0U5UFE9PQ==,D:\github\exoneracoes_nomeacoes_dou\LAKE\RJ\2013\11\DOERJ_PARTE_I_PODER_EXECUTIVO_2013-11-06.md
RJ,Diario Oficial do Estado do Rio de Janeiro,2013-11-06,Parte I (Poder Executivo),exoneracao,GLAUCE BAPTISTA DE BRAGANÇA,,,Governador,1,Wilson Jose Witzel - Governador,Wilson Jose Witzel,Executivo estadual,sim,BRAGANÇA:PER,sim,do cargo efetivo de Contador,,"EXONERAR a pedido, GLAUCE BAPTISTA DE BRAGANÇA, matrícula nº 05/511-1, do cargo efetivo de Contador, do Quadro Permanente da Loteria do Estado do Rio de Janeiro - LOTERJ, da",https://www.ioerj.com.br/portal/modules/conteudoonline/mostra_edicao.php?session=VDBSTk1WSlVZekpSZW1OMFRWUlZORkZwTURCT2VrWkZURlZGZVZKcVdYUlBSVWt4VG10RmVWRlVSWGhTUlUxM1RWUmpNMDlFYTNoT1ZFVXpUa0U5UFE9PQ==,D:\github\exoneracoes_nomeacoes_dou\LAKE\RJ\2013\11\DOERJ_PARTE_I_PODER_EXECUTIVO_2013-11-06.md
RJ,Diario Oficial do Estado do Rio de Janeiro,2013-11-06,Parte I (Poder Executivo),nomeacao,CLAYDSON ALMEIDA FONSECA,,,Secretario,5,Wilson Jose Witzel - Governador,Wilson Jose Witzel,Executivo estadual,sim,CLAYDSON ALMEIDA FONSECA:PER,sim,,,"NOMEAR CLAYDSON ALMEIDA FONSECA para o cargo de Investigador Policial de 3ª Classe, do Quadro Permanente da Polícia Civil do Estado do Rio de Janeiro, da",https://www.ioerj.com.br/portal/modules/conteudoonline/mostra_edicao.php?session=VDBSTk1WSlVZekpSZW1OMFRWUlZORkZwTURCT2VrWkZURlZGZVZKcVdYUlBSVWt4VG10RmVWRlVSWGhTUlUxM1RWUmpNMDlFYTNoT1ZFVXpUa0U5UFE9PQ==,D:\github\exoneracoes_nomeacoes_dou\LAKE\RJ\2013\11\DOERJ_PARTE_I_PODER_EXECUTIVO_2013-11-06.md
RJ,Diario Oficial do Estado do Rio de Janeiro,2013-11-06,Parte I (Poder Executivo),nomeacao,ANA LUISA MEDEIROS MORAES,,,Secretario,5,Wilson Jose Witzel - Governador,Wilson Jose Witzel,Executivo estadual,sim,Ana Luisa Medeiros Moraes:PER,sim,,da Superintendência de Suprimentos,"NOMEAR ANA LUISA MEDEIROS MORAES para exercer, com validade a contar de 21 de outubro de 2013, o cargo em comissão de Assistente II, símbolo DAI-6, da Coordenação de Acompanhamento e Controle de Contratos, da Diretoria de Gestão de Contratos e Convênios, da Superintendência de Suprimentos, Gestão de Contratos e Convênios, da Subsecretaria Executiva, da",https://www.ioerj.com.br/portal/modules/conteudoonline/mostra_edicao.php?session=VDBSTk1WSlVZekpSZW1OMFRWUlZORkZwTURCT2VrWkZURlZGZVZKcVdYUlBSVWt4VG10RmVWRlVSWGhTUlUxM1RWUmpNMDlFYTNoT1ZFVXpUa0U5UFE9PQ==,D:\github\exoneracoes_nomeacoes_dou\LAKE\RJ\2013\11\DOERJ_PARTE_I_PODER_EXECUTIVO_2013-11-06.md
RJ,Diario Oficial do Estado do Rio de Janeiro,2013-11-06,Parte I (Poder Executivo),nomeacao,BRUNO DOS SANTOS FERREIRA,,,Secretario,5,Wilson Jose Witzel - Governador,Wilson Jose Witzel,Executivo estadual,sim,DOS:MISC|Bruno Dos Santos Ferreira:PER,sim,,da Superintendência de Suprimentos,"NOMEAR BRUNO DOS SANTOS FERREIRA para exercer, com validade a contar de 21 de outubro de 2013, o cargo em comissão de Assistente II, símbolo DAI-6, da Coordenação de Acompanhamento e Controle de Contratos, da Diretoria de Gestão de Contratos e Convênios, da Superintendência de Suprimentos, Gestão de Contratos e Convênios, da Subsecretaria Executiva, da",https://www.ioerj.com.br/portal/modules/conteudoonline/mostra_edicao.php?session=VDBSTk1WSlVZekpSZW1OMFRWUlZORkZwTURCT2VrWkZURlZGZVZKcVdYUlBSVWt4VG10RmVWRlVSWGhTUlUxM1RWUmpNMDlFYTNoT1ZFVXpUa0U5UFE9PQ==,D:\github\exoneracoes_nomeacoes_dou\LAKE\RJ\2013\11\DOERJ_PARTE_I_PODER_EXECUTIVO_2013-11-06.md
RJ,Diario Oficial do Estado do Rio de Janeiro,2013-11-05,Parte I (Poder Executivo),nomeacao,ID FUNCIONAL Nº 1952963-5,1952963-5,,Governador,1,Wilson Jose Witzel - Governador,Wilson Jose Witzel,Executivo estadual,sim,ID FUNCIONAL:PER,sim,para exercer o cargo em comissão de Consultor Geral Tributário,,"NOMEAR SEVERINO POMPILHO DO REGO , ID Funcional nº 1952963-5 para exercer o cargo em comissão de Consultor Geral Tributário, símbolo SS, da",https://www.ioerj.com.br/portal/modules/conteudoonline/mostra_edicao.php?session=VFVSRmVrOVZUa1ZQVkZWMFRXcFNSazU1TURCT1ZGWkdURlJvUTAwd1NYUlJla1pDVFdwak0wNXJWVFZQVkdoRlRWUmpNMDlFYTNoT1ZGRjVUMUU5UFE9PQ==,D:\github\exoneracoes_nomeacoes_dou\LAKE\RJ\2013\11\DOERJ_PARTE_I_PODER_EXECUTIVO_2013-11-05.md
RJ,Diario Oficial do Estado do Rio de Janeiro,2013-11-05,Parte I (Poder Executivo),nomeacao,CLEBER RIBEIRO AFONSO,,,Secretario,5,Wilson Jose Witzel - Governador,Wilson Jose Witzel,Executivo estadual,sim,CLEBER RIBEIRO AFONSO:PER,sim,,,"NOMEAR CLEBER RIBEIRO AFONSO para exercer, com validade a contar de 01 de novembro de 2013, o cargo em comissão de Assessor, símbolo DAS-8, da Vice-Governadoria do Estado, anteriormente ocupado por Claudio Eduardo Barbosa Linhares. Processo nº E-16/001/248/2013",https://www.ioerj.com.br/portal/modules/conteudoonline/mostra_edicao.php?session=VFVSRmVrOVZUa1ZQVkZWMFRXcFNSazU1TURCT1ZGWkdURlJvUTAwd1NYUlJla1pDVFdwak0wNXJWVFZQVkdoRlRWUmpNMDlFYTNoT1ZGRjVUMUU5UFE9PQ==,D:\github\exoneracoes_nomeacoes_dou\LAKE\RJ\2013\11\DOERJ_PARTE_I_PODER_EXECUTIVO_2013-11-05.md
RJ,Diario Oficial do Estado do Rio de Janeiro,2013-11-05,Parte I (Poder Executivo),nomeacao,IZABELLE NEVES DE AZEVEDO,5016625-5,,Secretario,5,Wilson Jose Witzel - Governador,Wilson Jose Witzel,Executivo estadual,sim,IZABELLE:MISC|Izabelle Neves De Azevedo:PER,sim,,,"NOMEAR IZABELLE NEVES DE AZEVEDO para exercer, com validade a contar de 01 de novembro de 2013, o cargo em comissão de Ajudante II, símbolo DAI-2, da Vice-Governadoria do Estado, anteriormente ocupado por Suzana da Silva, ID Funcional nº 5016625-5. Processo nº E-16/001/247/2013",https://www.ioerj.com.br/portal/modules/conteudoonline/mostra_edicao.php?session=VFVSRmVrOVZUa1ZQVkZWMFRXcFNSazU1TURCT1ZGWkdURlJvUTAwd1NYUlJla1pDVFdwak0wNXJWVFZQVkdoRlRWUmpNMDlFYTNoT1ZGRjVUMUU5UFE9PQ==,D:\github\exoneracoes_nomeacoes_dou\LAKE\RJ\2013\11\DOERJ_PARTE_I_PODER_EXECUTIVO_2013-11-05.md
RJ,Diario Oficial do Estado do Rio de Janeiro,2013-11-05,Parte I (Poder Executivo),nomeacao,EDSON SILVA DE AGUIAR,,,Secretario,5,Wilson Jose Witzel - Governador,Wilson Jose Witzel,Executivo estadual,sim,EDSON SILVA DE:PER,sim,,,"NOMEAR EDSON SILVA DE AGUIAR para exercer, com validade a contar de 01 de novembro de 2013, o cargo em comissão de Assessor, símbolo DAS-7, da",https://www.ioerj.com.br/portal/modules/conteudoonline/mostra_edicao.php?session=VFVSRmVrOVZUa1ZQVkZWMFRXcFNSazU1TURCT1ZGWkdURlJvUTAwd1NYUlJla1pDVFdwak0wNXJWVFZQVkdoRlRWUmpNMDlFYTNoT1ZGRjVUMUU5UFE9PQ==,D:\github\exoneracoes_nomeacoes_dou\LAKE\RJ\2013\11\DOERJ_PARTE_I_PODER_EXECUTIVO_2013-11-05.md
RJ,Diario Oficial do Estado do Rio de Janeiro,2013-11-05,Parte I (Poder Executivo),nomeacao,EDUARDO MENDONÇA AMORIM,,,Secretario,5,Wilson Jose Witzel - Governador,Wilson Jose Witzel,Executivo estadual,sim,EDUARDO MENDONÇA:PER,sim,para exercer o cargo em comissão de Chefe de Núcleo,do Gabinete da Presidência,"NOMEAR EDUARDO MENDONÇA AMORIM para exercer o cargo em comissão de Chefe de Núcleo, símbolo DAI-6, do Núcleo de Registros Contábeis, da Assessoria de Contabilidade Analítica, do Gabinete da Presidência, do Departamento de Trânsito do Estado do Rio de Janeiro - DETRAN/RJ, da",https://www.ioerj.com.br/portal/modules/conteudoonline/mostra_edicao.php?session=VFVSRmVrOVZUa1ZQVkZWMFRXcFNSazU1TURCT1ZGWkdURlJvUTAwd1NYUlJla1pDVFdwak0wNXJWVFZQVkdoRlRWUmpNMDlFYTNoT1ZGRjVUMUU5UFE9PQ==,D:\github\exoneracoes_nomeacoes_dou\LAKE\RJ\2013\11\DOERJ_PARTE_I_PODER_EXECUTIVO_2013-11-05.md
RJ,Diario Oficial do Estado do Rio de Janeiro,2013-11-05,Parte I (Poder Executivo),exoneracao,HÉLIO NOGUEIRA,2070022-9,,Secretario,5,Wilson Jose Witzel - Governador,Wilson Jose Witzel,Executivo estadual,sim,HÉLIO NOGUEIRA:ORG|Hélio Nogueira:PER,sim,do cargo em comissão de Chefe de Núcleo,do Gabinete da Presidência,"EXONERAR a pedido e com validade a contar de 01 de outubro de 2013, HÉLIO NOGUEIRA DA SILVA , ID Funcional nº 2070022-9, do cargo em comissão de Chefe de Núcleo, símbolo DAI6, do Núcleo de Registros Contábeis, da Assessoria de Contabilidade Analítica, do Gabinete da Presidência, do Departamento de Trânsito do Estado do Rio de Janeiro - DETRAN/RJ, da",https://www.ioerj.com.br/portal/modules/conteudoonline/mostra_edicao.php?session=VFVSRmVrOVZUa1ZQVkZWMFRXcFNSazU1TURCT1ZGWkdURlJvUTAwd1NYUlJla1pDVFdwak0wNXJWVFZQVkdoRlRWUmpNMDlFYTNoT1ZGRjVUMUU5UFE9PQ==,D:\github\exoneracoes_nomeacoes_dou\LAKE\RJ\2013\11\DOERJ_PARTE_I_PODER_EXECUTIVO_2013-11-05.md
RJ,Diario Oficial do Estado do Rio de Janeiro,2013-11-05,Parte I (Poder Executivo),nomeacao,MARCELO DAYVIDSON PORTO FERREIRA,,,Secretario,5,Wilson Jose Witzel - Governador,Wilson Jose Witzel,Executivo estadual,sim,MARCELO DAYVIDSON PORTO FERREIRA:MISC|Marcelo Dayvidson Porto Ferreira:PER,sim,,do Gabinete da Presidência,"NOMEAR MARCELO DAYVIDSON PORTO FERREIRA para exercer, com validade a contar de 14 de outubro de 2013, o cargo em comissão de Assistente III, símbolo DAI-5, do Gabinete da Presidência, do Departamento de Trânsito do Estado do Rio de Janeiro - DETRAN/RJ, da",https://www.ioerj.com.br/portal/modules/conteudoonline/mostra_edicao.php?session=VFVSRmVrOVZUa1ZQVkZWMFRXcFNSazU1TURCT1ZGWkdURlJvUTAwd1NYUlJla1pDVFdwak0wNXJWVFZQVkdoRlRWUmpNMDlFYTNoT1ZGRjVUMUU5UFE9PQ==,D:\github\exoneracoes_nomeacoes_dou\LAKE\RJ\2013\11\DOERJ_PARTE_I_PODER_EXECUTIVO_2013-11-05.md
RJ,Diario Oficial do Estado do Rio de Janeiro,2013-11-05,Parte I (Poder Executivo),nomeacao,PAULA ROBERTA FERREIRA DO COUTO,,,Secretario,5,Wilson Jose Witzel - Governador,Wilson Jose Witzel,Executivo estadual,sim,Paula Roberta Ferreira Do Couto:PER,sim,,,"NOMEAR PAULA ROBERTA FERREIRA DO COUTO para exercer, com validade a contar de 01 de novembro de 2013, o cargo em comissão de Chefe de Setor, símbolo DAI-4, da",https://www.ioerj.com.br/portal/modules/conteudoonline/mostra_edicao.php?session=VFVSRmVrOVZUa1ZQVkZWMFRXcFNSazU1TURCT1ZGWkdURlJvUTAwd1NYUlJla1pDVFdwak0wNXJWVFZQVkdoRlRWUmpNMDlFYTNoT1ZGRjVUMUU5UFE9PQ==,D:\github\exoneracoes_nomeacoes_dou\LAKE\RJ\2013\11\DOERJ_PARTE_I_PODER_EXECUTIVO_2013-11-05.md
RJ,Diario Oficial do Estado do Rio de Janeiro,2013-11-05,Parte I (Poder Executivo),nomeacao,ANE CAROLINE GONÇALVES BARSANI,,,Secretario,5,Wilson Jose Witzel - Governador,Wilson Jose Witzel,Executivo estadual,sim,CAROLINE GONÇALVES BARSANI:MISC|Caroline Gonçalves Barsani:PER,sim,,,"NOMEAR ANE CAROLINE GONÇALVES BARSANI para exercer, com validade a contar de 04 de novembro de 2013, o cargo em comissão de Assistente, símbolo DAS-6, da",https://www.ioerj.com.br/portal/modules/conteudoonline/mostra_edicao.php?session=VFVSRmVrOVZUa1ZQVkZWMFRXcFNSazU1TURCT1ZGWkdURlJvUTAwd1NYUlJla1pDVFdwak0wNXJWVFZQVkdoRlRWUmpNMDlFYTNoT1ZGRjVUMUU5UFE9PQ==,D:\github\exoneracoes_nomeacoes_dou\LAKE\RJ\2013\11\DOERJ_PARTE_I_PODER_EXECUTIVO_2013-11-05.md
RJ,Diario Oficial do Estado do Rio de Janeiro,2013-11-05,Parte I (Poder Executivo),nomeacao,LUIZ ARTHUR AZEVEDO BARROS,,,Secretario,5,Wilson Jose Witzel - Governador,Wilson Jose Witzel,Executivo estadual,sim,LUIZ ARTHUR AZEVEDO BARROS:PER,sim,,,"NOMEAR LUIZ ARTHUR AZEVEDO BARROS para exercer, com validade a contar de 01 de novembro de 2013, o cargo em comissão de Ajudante II, símbolo DAI-2, da",https://www.ioerj.com.br/portal/modules/conteudoonline/mostra_edicao.php?session=VFVSRmVrOVZUa1ZQVkZWMFRXcFNSazU1TURCT1ZGWkdURlJvUTAwd1NYUlJla1pDVFdwak0wNXJWVFZQVkdoRlRWUmpNMDlFYTNoT1ZGRjVUMUU5UFE9PQ==,D:\github\exoneracoes_nomeacoes_dou\LAKE\RJ\2013\11\DOERJ_PARTE_I_PODER_EXECUTIVO_2013-11-05.md
RJ,Diario Oficial do Estado do Rio de Janeiro,2013-11-05,Parte I (Poder Executivo),exoneracao,ROBSON COUTINHO,5000034-9,,Secretario,5,Wilson Jose Witzel - Governador,Wilson Jose Witzel,Executivo estadual,sim,ROBSON COUTINHO:MISC|Robson Coutinho:PER,sim,do cargo em comissão de Secretário II,do Departamento Geral de Administração e Finanças,"EXONERAR com validade a contar de 23 de outubro de 2013, ROBSON COUTINHO DA SILVA , ID Funcional nº 5000034-9, do cargo em comissão de Secretário II, símbolo DAI-5, do Departamento Geral de Administração e Finanças, da",https://www.ioerj.com.br/portal/modules/conteudoonline/mostra_edicao.php?session=VFVSRmVrOVZUa1ZQVkZWMFRXcFNSazU1TURCT1ZGWkdURlJvUTAwd1NYUlJla1pDVFdwak0wNXJWVFZQVkdoRlRWUmpNMDlFYTNoT1ZGRjVUMUU5UFE9PQ==,D:\github\exoneracoes_nomeacoes_dou\LAKE\RJ\2013\11\DOERJ_PARTE_I_PODER_EXECUTIVO_2013-11-05.md
RJ,Diario Oficial do Estado do Rio de Janeiro,2013-11-05,Parte I (Poder Executivo),nomeacao,TAMIRIS LEGUIZAMON SOBRAL DE SOUZA,,,Secretario,5,Wilson Jose Witzel - Governador,Wilson Jose Witzel,Executivo estadual,sim,LEGUIZAMON SOBRAL:MISC|Tamiris Leguizamon Sobral:PER,sim,,do Departamento Geral de Administração e Finanças,"NOMEAR TAMIRIS LEGUIZAMON SOBRAL DE SOUZA para exercer, com validade a contar de 05 de novembro de 2013, o cargo em comissão de Secretário II, símbolo DAI-5, do Departamento Geral de Administração e Finanças, da",https://www.ioerj.com.br/portal/modules/conteudoonline/mostra_edicao.php?session=VFVSRmVrOVZUa1ZQVkZWMFRXcFNSazU1TURCT1ZGWkdURlJvUTAwd1NYUlJla1pDVFdwak0wNXJWVFZQVkdoRlRWUmpNMDlFYTNoT1ZGRjVUMUU5UFE9PQ==,D:\github\exoneracoes_nomeacoes_dou\LAKE\RJ\2013\11\DOERJ_PARTE_I_PODER_EXECUTIVO_2013-11-05.md
RJ,Diario Oficial do Estado do Rio de Janeiro,2013-11-05,Parte I (Poder Executivo),nomeacao,RAIMUNDO MARCONDIO DA MOTA,,,Secretario,5,Wilson Jose Witzel - Governador,Wilson Jose Witzel,Executivo estadual,sim,RAIMUNDO MARCONDIO:PER,sim,para exercer o cargo em comissão de Gerente de Área,do Instituto de Pesos e Medidas do Estado do Rio de Janeiro - IPEM/RJ,"NOMEAR RAIMUNDO MARCONDIO DA MOTA para exercer o cargo em comissão de Gerente de Área, símbolo DAS-6, do Instituto de Pesos e Medidas do Estado do Rio de Janeiro - IPEM/RJ, da",https://www.ioerj.com.br/portal/modules/conteudoonline/mostra_edicao.php?session=VFVSRmVrOVZUa1ZQVkZWMFRXcFNSazU1TURCT1ZGWkdURlJvUTAwd1NYUlJla1pDVFdwak0wNXJWVFZQVkdoRlRWUmpNMDlFYTNoT1ZGRjVUMUU5UFE9PQ==,D:\github\exoneracoes_nomeacoes_dou\LAKE\RJ\2013\11\DOERJ_PARTE_I_PODER_EXECUTIVO_2013-11-05.md
RJ,Diario Oficial do Estado do Rio de Janeiro,2013-11-05,Parte I (Poder Executivo),nomeacao,MAURO TOUGUINHÓ DA COSTA,,,Secretario,5,Wilson Jose Witzel - Governador,Wilson Jose Witzel,Executivo estadual,sim,MAURO:MISC|COSTA:ORG|Mauro Touguinhó Da Costa:PER,sim,,,"NOMEAR MAURO TOUGUINHÓ DA COSTA para exercer, com validade a contar de 16 de outubro de 2013, o cargo em comissão de Assessor Especial, símbolo DAS-8, da",https://www.ioerj.com.br/portal/modules/conteudoonline/mostra_edicao.php?session=VFVSRmVrOVZUa1ZQVkZWMFRXcFNSazU1TURCT1ZGWkdURlJvUTAwd1NYUlJla1pDVFdwak0wNXJWVFZQVkdoRlRWUmpNMDlFYTNoT1ZGRjVUMUU5UFE9PQ==,D:\github\exoneracoes_nomeacoes_dou\LAKE\RJ\2013\11\DOERJ_PARTE_I_PODER_EXECUTIVO_2013-11-05.md
RJ,Diario Oficial do Estado do Rio de Janeiro,2013-11-05,Parte I (Poder Executivo),nomeacao,ANTONIO PEDRO DA SILVA CÂNDIDO,,,Secretario,5,Wilson Jose Witzel - Governador,Wilson Jose Witzel,Executivo estadual,sim,ANTONIO PEDRO DA SILVA CÂNDIDO:PER,sim,para exercer o cargo em comissão de Chefe de Serviço,do Departamento de Pessoal,"NOMEAR ANTONIO PEDRO DA SILVA CÂNDIDO para exercer o cargo em comissão de Chefe de Serviço, símbolo DAI-6, do Serviço de Manutenção, da Divisão de Serviços Gerais, do Departamento de Pessoal, do Departamento Geral de Administração e Finanças, da",https://www.ioerj.com.br/portal/modules/conteudoonline/mostra_edicao.php?session=VFVSRmVrOVZUa1ZQVkZWMFRXcFNSazU1TURCT1ZGWkdURlJvUTAwd1NYUlJla1pDVFdwak0wNXJWVFZQVkdoRlRWUmpNMDlFYTNoT1ZGRjVUMUU5UFE9PQ==,D:\github\exoneracoes_nomeacoes_dou\LAKE\RJ\2013\11\DOERJ_PARTE_I_PODER_EXECUTIVO_2013-11-05.md
RJ,Diario Oficial do Estado do Rio de Janeiro,2013-11-05,Parte I (Poder Executivo),nomeacao,LOHANA COSTA DE AQUINO,,,Secretario,5,Wilson Jose Witzel - Governador,Wilson Jose Witzel,Executivo estadual,sim,LOHANA COSTA DE AQUINO:MISC|Lohana Costa De Aquino:PER,sim,,do Instituto Estadual do Ambiente -INEA,"NOMEAR LOHANA COSTA DE AQUINO para exercer, com validade a contar de 01 de novembro de 2013, o cargo em comissão de Adjunto II, símbolo DAI-2, do Instituto Estadual do Ambiente -INEA, da",https://www.ioerj.com.br/portal/modules/conteudoonline/mostra_edicao.php?session=VFVSRmVrOVZUa1ZQVkZWMFRXcFNSazU1TURCT1ZGWkdURlJvUTAwd1NYUlJla1pDVFdwak0wNXJWVFZQVkdoRlRWUmpNMDlFYTNoT1ZGRjVUMUU5UFE9PQ==,D:\github\exoneracoes_nomeacoes_dou\LAKE\RJ\2013\11\DOERJ_PARTE_I_PODER_EXECUTIVO_2013-11-05.md
RJ,Diario Oficial do Estado do Rio de Janeiro,2013-11-05,Parte I (Poder Executivo),nomeacao,JELINE DO NASCIMENTO ROCHA,,,Secretario,5,Wilson Jose Witzel - Governador,Wilson Jose Witzel,Executivo estadual,sim,JELINE DO NASCIMENTO ROCHA:MISC|Jeline Do Nascimento Rocha:PER,sim,da Assessoria de Imprensa,,"NOMEAR JELINE DO NASCIMENTO ROCHA para exercer, com validade a contar de 01 de novembro de 2013, o cargo em comissão de Assessor-Chefe, símbolo DAS-7, da Assessoria de Imprensa, da",https://www.ioerj.com.br/portal/modules/conteudoonline/mostra_edicao.php?session=VFVSRmVrOVZUa1ZQVkZWMFRXcFNSazU1TURCT1ZGWkdURlJvUTAwd1NYUlJla1pDVFdwak0wNXJWVFZQVkdoRlRWUmpNMDlFYTNoT1ZGRjVUMUU5UFE9PQ==,D:\github\exoneracoes_nomeacoes_dou\LAKE\RJ\2013\11\DOERJ_PARTE_I_PODER_EXECUTIVO_2013-11-05.md
RJ,Diario Oficial do Estado do Rio de Janeiro,2013-11-05,Parte I (Poder Executivo),nomeacao,LEONARDO DE PAULA SCHEUER,,,Secretario,5,Wilson Jose Witzel - Governador,Wilson Jose Witzel,Executivo estadual,sim,LEONARDO DE PAULA:MISC|Leonardo De Paula Scheuer:PER,sim,,,"NOMEAR LEONARDO DE PAULA SCHEUER para exercer, com validade a contar de 01 de novembro de 2013, o cargo em comissão de Assistente II, símbolo DAI-6, da Coordenadoria de Comunicação, da",https://www.ioerj.com.br/portal/modules/conteudoonline/mostra_edicao.php?session=VFVSRmVrOVZUa1ZQVkZWMFRXcFNSazU1TURCT1ZGWkdURlJvUTAwd1NYUlJla1pDVFdwak0wNXJWVFZQVkdoRlRWUmpNMDlFYTNoT1ZGRjVUMUU5UFE9PQ==,D:\github\exoneracoes_nomeacoes_dou\LAKE\RJ\2013\11\DOERJ_PARTE_I_PODER_EXECUTIVO_2013-11-05.md
RJ,Diario Oficial do Estado do Rio de Janeiro,2013-11-05,Parte I (Poder Executivo),nomeacao,DAYENE PIRES GOMES,,,Secretario,5,Wilson Jose Witzel - Governador,Wilson Jose Witzel,Executivo estadual,sim,DAYENE:ORG|Dayene Pires Gomes:PER,sim,,do Instituto Estadual do Ambiente - INEA,"NOMEAR DAYENE PIRES GOMES para exercer, com validade a contar de 01 de novembro de 2013, o cargo em comissão de Adjunto II, símbolo DAI-2, do Instituto Estadual do Ambiente - INEA, da",https://www.ioerj.com.br/portal/modules/conteudoonline/mostra_edicao.php?session=VFVSRmVrOVZUa1ZQVkZWMFRXcFNSazU1TURCT1ZGWkdURlJvUTAwd1NYUlJla1pDVFdwak0wNXJWVFZQVkdoRlRWUmpNMDlFYTNoT1ZGRjVUMUU5UFE9PQ==,D:\github\exoneracoes_nomeacoes_dou\LAKE\RJ\2013\11\DOERJ_PARTE_I_PODER_EXECUTIVO_2013-11-05.md
RJ,Diario Oficial do Estado do Rio de Janeiro,2013-11-05,Parte I (Poder Executivo),nomeacao,MARCELO DOMINGUES DE MORAES,,,Secretario,5,Wilson Jose Witzel - Governador,Wilson Jose Witzel,Executivo estadual,sim,MARCELO DOMINGUES DE MORAES:MISC|Marcelo Domingues De Moraes:PER,sim,,,"NOMEAR MARCELO DOMINGUES DE MORAES para exercer, com validade a contar de 10 de outubro de 2013, o cargo em comissão de Assistente II, símbolo DAI-6, da Coordenadoria Setorial de Auditoria -COSEA, da",https://www.ioerj.com.br/portal/modules/conteudoonline/mostra_edicao.php?session=VFVSRmVrOVZUa1ZQVkZWMFRXcFNSazU1TURCT1ZGWkdURlJvUTAwd1NYUlJla1pDVFdwak0wNXJWVFZQVkdoRlRWUmpNMDlFYTNoT1ZGRjVUMUU5UFE9PQ==,D:\github\exoneracoes_nomeacoes_dou\LAKE\RJ\2013\11\DOERJ_PARTE_I_PODER_EXECUTIVO_2013-11-05.md
RJ,Diario Oficial do Estado do Rio de Janeiro,2013-11-04,Parte I (Poder Executivo),exoneracao,CARLOS IURI,,,Governador,1,Wilson Jose Witzel - Governador,Wilson Jose Witzel,Executivo estadual,sim,CARLOS IURI:PER,sim,do cargo efetivo de Assistente Técnico Administrativo,do Departamento de Trânsito do Estado do Rio de Janeiro -DETRAN/RJ,"EXONERAR a pedido, CARLOS IURI DA SILVA LUCIO , matrícula nº 24/003.690-5, do cargo efetivo de Assistente Técnico Administrativo, do Departamento de Trânsito do Estado do Rio de Janeiro -DETRAN/RJ, da",https://www.ioerj.com.br/portal/modules/conteudoonline/mostra_edicao.php?session=VVhwSk5WRnJUVE5TVkZsMFRtcG9SbEpETURCUmExa3dURlJuZWs5RlNYUlNWVnBHVWxWWk1GSkVWWGRTYTBWM1RWUmpNMDlFYTNoT1ZHTXhUbmM5UFE9PQ==,D:\github\exoneracoes_nomeacoes_dou\LAKE\RJ\2013\11\DOERJ_PARTE_I_PODER_EXECUTIVO_2013-11-04.md
RJ,Diario Oficial do Estado do Rio de Janeiro,2013-11-04,Parte I (Poder Executivo),nomeacao,TÉCNICO DE REGISTRO DE EMPRESAS,,,Governador,1,Wilson Jose Witzel - Governador,Wilson Jose Witzel,Executivo estadual,sim,TÉCNICO:MISC|De Registro:PER,sim,,,"NOMEAR BÁRBARA CRISTINA RODRIGUES HARTJE PAULA , Técnico de Registro de Empresas, matrícula nº 0700092-0, para exercer, com validade a contar de 01 de novembro de 2013, o cargo em comissão de Chefe de Área, símbolo JUCER-JA, da Junta Comercial do Estado do Rio de Janeiro - JUCERJA, da",https://www.ioerj.com.br/portal/modules/conteudoonline/mostra_edicao.php?session=VVhwSk5WRnJUVE5TVkZsMFRtcG9SbEpETURCUmExa3dURlJuZWs5RlNYUlNWVnBHVWxWWk1GSkVWWGRTYTBWM1RWUmpNMDlFYTNoT1ZHTXhUbmM5UFE9PQ==,D:\github\exoneracoes_nomeacoes_dou\LAKE\RJ\2013\11\DOERJ_PARTE_I_PODER_EXECUTIVO_2013-11-04.md
RJ,Diario Oficial do Estado do Rio de Janeiro,2013-11-04,Parte I (Poder Executivo),nomeacao,OSVALDO LUÍS DOS SANTOS LIXA,,,Governador,1,Wilson Jose Witzel - Governador,Wilson Jose Witzel,Executivo estadual,sim,OSVALDO LUÍS DOS SANTOS:MISC|Osvaldo Luís Dos Santos Lixa:PER,sim,,da Fundação de Apoio à Escola Técnica do Estado do Rio de Janeiro - FAETEC,"NOMEAR OSVALDO LUÍS DOS SANTOS LIXA para exercer, com validade a contar de 14 de maio de 2013, o cargo em comissão de Coordenador de Unidade, símbolo FAETEC 3, da Fundação de Apoio à Escola Técnica do Estado do Rio de Janeiro - FAETEC, da",https://www.ioerj.com.br/portal/modules/conteudoonline/mostra_edicao.php?session=VVhwSk5WRnJUVE5TVkZsMFRtcG9SbEpETURCUmExa3dURlJuZWs5RlNYUlNWVnBHVWxWWk1GSkVWWGRTYTBWM1RWUmpNMDlFYTNoT1ZHTXhUbmM5UFE9PQ==,D:\github\exoneracoes_nomeacoes_dou\LAKE\RJ\2013\11\DOERJ_PARTE_I_PODER_EXECUTIVO_2013-11-04.md
RJ,Diario Oficial do Estado do Rio de Janeiro,2013-11-04,Parte I (Poder Executivo),nomeacao,QUADRO I - PERMANENTE DA,,,Secretario,5,Wilson Jose Witzel - Governador,Wilson Jose Witzel,Executivo estadual,sim,QUADRO I - PERMANENTE DA:MISC|Quadro I:PER,sim,,,"NOMEAR em caráter sub judice , CELSO PAULO SUZANO FILHO para ocupar o cargo de Inspetor de Segurança e Administração penitenciária, Classe Inicial (III), Quadro I - Permanente da",https://www.ioerj.com.br/portal/modules/conteudoonline/mostra_edicao.php?session=VVhwSk5WRnJUVE5TVkZsMFRtcG9SbEpETURCUmExa3dURlJuZWs5RlNYUlNWVnBHVWxWWk1GSkVWWGRTYTBWM1RWUmpNMDlFYTNoT1ZHTXhUbmM5UFE9PQ==,D:\github\exoneracoes_nomeacoes_dou\LAKE\RJ\2013\11\DOERJ_PARTE_I_PODER_EXECUTIVO_2013-11-04.md
RJ,Diario Oficial do Estado do Rio de Janeiro,2013-11-04,Parte I (Poder Executivo),nomeacao,GUSTAVO BISPO,5015486-9,,Secretario,5,Wilson Jose Witzel - Governador,Wilson Jose Witzel,Executivo estadual,sim,GUSTAVO:MISC|BISPO:MISC|Gustavo Bispo:PER,sim,,do Departamento de Consolidação e Demonstrativos Contábeis,"NOMEAR GUSTAVO BISPO DA SILVA , Analista de Controle Interno, ID Funcional nº 5015486-9, para exercer, com validade a contar de 01 de novembro de 2013, o cargo em comissão de Diretor de Departamento, símbolo DAS-7, do Departamento de Consolidação e Demonstrativos Contábeis, do Coordenação de Consolidação e Demonstrativos Contábeis, da Superintendência de Relatórios Gerenciais, da Contadoria Geral do Estado, da",https://www.ioerj.com.br/portal/modules/conteudoonline/mostra_edicao.php?session=VVhwSk5WRnJUVE5TVkZsMFRtcG9SbEpETURCUmExa3dURlJuZWs5RlNYUlNWVnBHVWxWWk1GSkVWWGRTYTBWM1RWUmpNMDlFYTNoT1ZHTXhUbmM5UFE9PQ==,D:\github\exoneracoes_nomeacoes_dou\LAKE\RJ\2013\11\DOERJ_PARTE_I_PODER_EXECUTIVO_2013-11-04.md
RJ,Diario Oficial do Estado do Rio de Janeiro,2013-11-04,Parte I (Poder Executivo),nomeacao,BERTA ROSA,3223964-5,,Secretario,5,Wilson Jose Witzel - Governador,Wilson Jose Witzel,Executivo estadual,sim,BERTA ROSA:MISC|Berta Rosa:PER,sim,,do Departamento de Memória e Documentação,"NOMEAR BERTA ROSA DA SILVA RIBEIRO , ID Funcional nº 3223964-5, para exercer, com validade a contar de 01 de novembro de 2013, o cargo em comissão de Chefe de Divisão, símbolo DAS-6, da Divisão de Biblioteca, do Departamento de Memória e Documentação, da Coordenadoria de Gestão da Informação, da Diretoria de Cooperação Técnica e Desenvolvimento Institucional, da Fundação Centro Estadual de Estatísticas, Pesquisas e Formação de Servidores Públicos do Rio de Janeiro -CEPERJ, da",https://www.ioerj.com.br/portal/modules/conteudoonline/mostra_edicao.php?session=VVhwSk5WRnJUVE5TVkZsMFRtcG9SbEpETURCUmExa3dURlJuZWs5RlNYUlNWVnBHVWxWWk1GSkVWWGRTYTBWM1RWUmpNMDlFYTNoT1ZHTXhUbmM5UFE9PQ==,D:\github\exoneracoes_nomeacoes_dou\LAKE\RJ\2013\11\DOERJ_PARTE_I_PODER_EXECUTIVO_2013-11-04.md
RJ,Diario Oficial do Estado do Rio de Janeiro,2013-11-04,DO Campos (Poder Executivo),nomeacao,LEANDRO HENRIQUE MACHADO,,,Secretario,5,Wilson Jose Witzel - Governador,Wilson Jose Witzel,Executivo estadual,sim,LEANDRO:MISC|Leandro Henrique Machado:PER,sim,para exercer o cargo de provimento em comissão de Assessor Político I,,"NOMEAR Leandro Henrique Machado da Silva , para exercer o cargo de provimento em comissão de Assessor Político I, da Câmara Municipal de Campos dos Goytacazes, Símbolo CC-1, a partir de 01 de novembro de 2013. Campos dos Goytacazes, 01 de novembro de 2013. EDSON BATISTA -Presidente- ## PORTARIA Nº 0413/2013 O Presidente da Câmara Municipal de Campos dos Goytacazes, Estado do Rio de Janeiro, no uso de suas atribuições legais, R-E-S-O-L-V-E",https://www.ioerj.com.br/portal/modules/conteudoonline/mostra_edicao.php?session=VWtSamQwMUVaRVZTVkVGMFVrUkZNMUpwTURCUFJFa3lURlZLUTFKRlJYUlNhMVV5VFhwTk1GSnJUWHBQVkVrMVRWUmpNMDlFYTNoT1ZHTXhUbmM5UFE9PQ==,D:\github\exoneracoes_nomeacoes_dou\LAKE\RJ\2013\11\DOERJ_DO_CAMPOS_PODER_EXECUTIVO_2013-11-04.md
RJ,Diario Oficial do Estado do Rio de Janeiro,2013-11-01,Parte I (Poder Executivo),nomeacao,MARCO AURELIO LOIOLA OLIVEIRA,,,Secretario,5,Wilson Jose Witzel - Governador,Wilson Jose Witzel,Executivo estadual,sim,MARCO AURELIO:MISC|LOIOLA OLIVEIRA:MISC|Marco Aurelio Loiola Oliveira:PER,sim,,,"NOMEAR MARCO AURELIO LOIOLA OLIVEIRA para exercer, com validade a contar de 01 de novembro de 2013, o cargo em comissão de Assessor, símbolo DAS-8, da",https://www.ioerj.com.br/portal/modules/conteudoonline/mostra_edicao.php?session=VG5wck5VNVZTVEJOVkVsMFRVUnJlazE1TURCT2FsWkRURlJvUWsxVVFYUlNhMFV6VFd0SmVWRjZUVEJOVkVVeVRWUmpNMDlFYTNoT2Fra3dUbWM5UFE9PQ==,D:\github\exoneracoes_nomeacoes_dou\LAKE\RJ\2013\11\DOERJ_PARTE_I_PODER_EXECUTIVO_2013-11-01.md
RJ,Diario Oficial do Estado do Rio de Janeiro,2013-11-01,Parte I (Poder Executivo),nomeacao,RODRIGO CAMPOS MARTINS,,,Secretario,5,Wilson Jose Witzel - Governador,Wilson Jose Witzel,Executivo estadual,sim,RODRIGO CAMPOS MARTINS:MISC|Rodrigo Campos Martins:PER,sim,,,"NOMEAR RODRIGO CAMPOS MARTINS para exercer, com validade a contar de 01 de novembro de 2013, o cargo em comissão de Assessor, símbolo DAS-8, da",https://www.ioerj.com.br/portal/modules/conteudoonline/mostra_edicao.php?session=VG5wck5VNVZTVEJOVkVsMFRVUnJlazE1TURCT2FsWkRURlJvUWsxVVFYUlNhMFV6VFd0SmVWRjZUVEJOVkVVeVRWUmpNMDlFYTNoT2Fra3dUbWM5UFE9PQ==,D:\github\exoneracoes_nomeacoes_dou\LAKE\RJ\2013\11\DOERJ_PARTE_I_PODER_EXECUTIVO_2013-11-01.md
RJ,Diario Oficial do Estado do Rio de Janeiro,2013-11-01,Parte I (Poder Executivo),nomeacao,MARIANA BATISTA,4250778-2,,Secretario,5,Wilson Jose Witzel - Governador,Wilson Jose Witzel,Executivo estadual,sim,Mariana Batista:PER,sim,,,"NOMEAR MARIANA BATISTA DO NASCIMENTO , ID Funcional nº 4250778-2, para exercer, com validade a contar de 01 de novembro de 2013, o cargo em comissão de Assessor, símbolo DAS7, do Arquivo Público do Estado do Rio de Janeiro - APERJ, da",https://www.ioerj.com.br/portal/modules/conteudoonline/mostra_edicao.php?session=VG5wck5VNVZTVEJOVkVsMFRVUnJlazE1TURCT2FsWkRURlJvUWsxVVFYUlNhMFV6VFd0SmVWRjZUVEJOVkVVeVRWUmpNMDlFYTNoT2Fra3dUbWM5UFE9PQ==,D:\github\exoneracoes_nomeacoes_dou\LAKE\RJ\2013\11\DOERJ_PARTE_I_PODER_EXECUTIVO_2013-11-01.md
RJ,Diario Oficial do Estado do Rio de Janeiro,2013-11-01,Parte I (Poder Executivo),exoneracao,MARIANA BATISTA,4250778-2,,Secretario,5,Wilson Jose Witzel - Governador,Wilson Jose Witzel,Executivo estadual,sim,Mariana Batista:PER,sim,do cargo em comissão de Diretor de Divisão,,"EXONERAR com validade a contar de 01 de novembro de 2013, MARIANA BATISTA DO NASCIMENTO , ID Funcional nº 4250778-2, do cargo em comissão de Diretor de Divisão, símbolo DAS-6, do Arquivo Público do Estado do Rio de Janeiro - APERJ, da",https://www.ioerj.com.br/portal/modules/conteudoonline/mostra_edicao.php?session=VG5wck5VNVZTVEJOVkVsMFRVUnJlazE1TURCT2FsWkRURlJvUWsxVVFYUlNhMFV6VFd0SmVWRjZUVEJOVkVVeVRWUmpNMDlFYTNoT2Fra3dUbWM5UFE9PQ==,D:\github\exoneracoes_nomeacoes_dou\LAKE\RJ\2013\11\DOERJ_PARTE_I_PODER_EXECUTIVO_2013-11-01.md
RJ,Diario Oficial do Estado do Rio de Janeiro,2013-11-01,Parte I (Poder Executivo),nomeacao,ESTHER DE BARROS DAFLON YUNES,,,Secretario,5,Wilson Jose Witzel - Governador,Wilson Jose Witzel,Executivo estadual,sim,ESTHER DE BARROS DAFLON:ORG|Daflon Yunes:PER,sim,da Assessoria de Planejamento Estratégico,da Fundação Centro Estadual de Estatísticas,"NOMEAR ESTHER DE BARROS DAFLON YUNES para exercer, com validade a contar de 01 de novembro de 2013, o cargo em comissão de Assessor-Chefe, símbolo DAS-8, da Assessoria de Planejamento Estratégico, da Fundação Centro Estadual de Estatísticas, Pesquisas e Formação de Servidores Públicos do Rio de Janeiro -CEPERJ, da",https://www.ioerj.com.br/portal/modules/conteudoonline/mostra_edicao.php?session=VG5wck5VNVZTVEJOVkVsMFRVUnJlazE1TURCT2FsWkRURlJvUWsxVVFYUlNhMFV6VFd0SmVWRjZUVEJOVkVVeVRWUmpNMDlFYTNoT2Fra3dUbWM5UFE9PQ==,D:\github\exoneracoes_nomeacoes_dou\LAKE\RJ\2013\11\DOERJ_PARTE_I_PODER_EXECUTIVO_2013-11-01.md
RJ,Diario Oficial do Estado do Rio de Janeiro,2013-11-01,Parte I (Poder Executivo),exoneracao,PAULO ROBERTO,5017606-4,,Secretario,5,Wilson Jose Witzel - Governador,Wilson Jose Witzel,Executivo estadual,sim,Paulo Roberto:PER,sim,do cargo em comissão de Assistente II,,"EXONERAR com validade a contar de 03 de outubro de 2013, PAULO ROBERTO DA CRUZ , ID Funcional nº 5017606-4, do cargo em comissão de Assistente II, símbolo DAI-6, da",https://www.ioerj.com.br/portal/modules/conteudoonline/mostra_edicao.php?session=VG5wck5VNVZTVEJOVkVsMFRVUnJlazE1TURCT2FsWkRURlJvUWsxVVFYUlNhMFV6VFd0SmVWRjZUVEJOVkVVeVRWUmpNMDlFYTNoT2Fra3dUbWM5UFE9PQ==,D:\github\exoneracoes_nomeacoes_dou\LAKE\RJ\2013\11\DOERJ_PARTE_I_PODER_EXECUTIVO_2013-11-01.md
RJ,Diario Oficial do Estado do Rio de Janeiro,2013-11-01,Parte I (Poder Executivo),nomeacao,MARCELO DE FREITAS PIRES,,,Secretario,5,Wilson Jose Witzel - Governador,Wilson Jose Witzel,Executivo estadual,sim,MARCELO:MISC|Marcelo De Freitas Pires:PER,sim,,,"NOMEAR MARCELO DE FREITAS PIRES para exercer, com validade a contar de 15 de outubro de 2013, o cargo em comissão de Assistente II, símbolo DAI-6, da",https://www.ioerj.com.br/portal/modules/conteudoonline/mostra_edicao.php?session=VG5wck5VNVZTVEJOVkVsMFRVUnJlazE1TURCT2FsWkRURlJvUWsxVVFYUlNhMFV6VFd0SmVWRjZUVEJOVkVVeVRWUmpNMDlFYTNoT2Fra3dUbWM5UFE9PQ==,D:\github\exoneracoes_nomeacoes_dou\LAKE\RJ\2013\11\DOERJ_PARTE_I_PODER_EXECUTIVO_2013-11-01.md
RJ,Diario Oficial do Estado do Rio de Janeiro,2013-11-01,Parte I (Poder Executivo),nomeacao,FERNANDA MAGNAGO MOURÃO,,,Secretario,5,Wilson Jose Witzel - Governador,Wilson Jose Witzel,Executivo estadual,sim,Fernanda Magnago Mourão:PER,sim,,da Fundação Centro Estadual de Estatísticas,"NOMEAR FERNANDA MAGNAGO MOURÃO para exercer, com validade a contar de 01 de novembro de 2013, o cargo em comissão de Secretário I, símbolo DAI-4, da Fundação Centro Estadual de Estatísticas, Pesquisas e Formação de Servidores Públicos do Rio de Janeiro -CEPERJ, da",https://www.ioerj.com.br/portal/modules/conteudoonline/mostra_edicao.php?session=VG5wck5VNVZTVEJOVkVsMFRVUnJlazE1TURCT2FsWkRURlJvUWsxVVFYUlNhMFV6VFd0SmVWRjZUVEJOVkVVeVRWUmpNMDlFYTNoT2Fra3dUbWM5UFE9PQ==,D:\github\exoneracoes_nomeacoes_dou\LAKE\RJ\2013\11\DOERJ_PARTE_I_PODER_EXECUTIVO_2013-11-01.md
RJ,Diario Oficial do Estado do Rio de Janeiro,2013-11-01,Parte I (Poder Executivo),nomeacao,BIANCA DE CASTRO SILVA MACHADO,,,Secretario,5,Wilson Jose Witzel - Governador,Wilson Jose Witzel,Executivo estadual,sim,BIANCA DE CASTRO:LOC|MACHADO:PER,sim,,,"NOMEAR BIANCA DE CASTRO SILVA MACHADO para exercer, com validade a contar de 01 de novembro de 2013, o cargo em comissão de Ajudante I, símbolo DAI-1, da",https://www.ioerj.com.br/portal/modules/conteudoonline/mostra_edicao.php?session=VG5wck5VNVZTVEJOVkVsMFRVUnJlazE1TURCT2FsWkRURlJvUWsxVVFYUlNhMFV6VFd0SmVWRjZUVEJOVkVVeVRWUmpNMDlFYTNoT2Fra3dUbWM5UFE9PQ==,D:\github\exoneracoes_nomeacoes_dou\LAKE\RJ\2013\11\DOERJ_PARTE_I_PODER_EXECUTIVO_2013-11-01.md
RJ,Diario Oficial do Estado do Rio de Janeiro,2013-11-01,Parte I (Poder Executivo),nomeacao,JOÃO MÁRCIO DA SILVA,,,Secretario,5,Wilson Jose Witzel - Governador,Wilson Jose Witzel,Executivo estadual,sim,JOÃO MÁRCIO DA SILVA:PER,sim,para exercer o cargo em comissão de Assistente,,"NOMEAR JOÃO MÁRCIO DA SILVA para exercer o cargo em comissão de Assistente, símbolo DAS-6, da",https://www.ioerj.com.br/portal/modules/conteudoonline/mostra_edicao.php?session=VG5wck5VNVZTVEJOVkVsMFRVUnJlazE1TURCT2FsWkRURlJvUWsxVVFYUlNhMFV6VFd0SmVWRjZUVEJOVkVVeVRWUmpNMDlFYTNoT2Fra3dUbWM5UFE9PQ==,D:\github\exoneracoes_nomeacoes_dou\LAKE\RJ\2013\11\DOERJ_PARTE_I_PODER_EXECUTIVO_2013-11-01.md
RJ,Diario Oficial do Estado do Rio de Janeiro,2013-11-01,Parte I (Poder Executivo),nomeacao,ANDREA FERREIRA DE MATOS,,,Secretario,5,Wilson Jose Witzel - Governador,Wilson Jose Witzel,Executivo estadual,sim,ANDREA FERREIRA:PER,sim,,,"NOMEAR ANDREA FERREIRA DE MATOS para exercer, com validade a contar de 18 de outubro de 2013, o cargo em comissão de Assistente II, símbolo DAI-6, da",https://www.ioerj.com.br/portal/modules/conteudoonline/mostra_edicao.php?session=VG5wck5VNVZTVEJOVkVsMFRVUnJlazE1TURCT2FsWkRURlJvUWsxVVFYUlNhMFV6VFd0SmVWRjZUVEJOVkVVeVRWUmpNMDlFYTNoT2Fra3dUbWM5UFE9PQ==,D:\github\exoneracoes_nomeacoes_dou\LAKE\RJ\2013\11\DOERJ_PARTE_I_PODER_EXECUTIVO_2013-11-01.md
RJ,Diario Oficial do Estado do Rio de Janeiro,2013-11-01,Parte I (Poder Executivo),nomeacao,ANA CRISTINA ROSA SERRANO DA FONSECA,,,Secretario,5,Wilson Jose Witzel - Governador,Wilson Jose Witzel,Executivo estadual,sim,ANA CRISTINA ROSA SERRANO:PER,sim,,,"NOMEAR ANA CRISTINA ROSA SERRANO DA FONSECA para exercer, com validade a contar de 16 de outubro de 2013, o cargo em comissão de Ajudante II, símbolo DAI-2, da",https://www.ioerj.com.br/portal/modules/conteudoonline/mostra_edicao.php?session=VG5wck5VNVZTVEJOVkVsMFRVUnJlazE1TURCT2FsWkRURlJvUWsxVVFYUlNhMFV6VFd0SmVWRjZUVEJOVkVVeVRWUmpNMDlFYTNoT2Fra3dUbWM5UFE9PQ==,D:\github\exoneracoes_nomeacoes_dou\LAKE\RJ\2013\11\DOERJ_PARTE_I_PODER_EXECUTIVO_2013-11-01.md
RJ,Diario Oficial do Estado do Rio de Janeiro,2013-11-01,Parte I (Poder Executivo),exoneracao,ROBERTA RODRIGUES PORTELA,,,Secretario,5,Wilson Jose Witzel - Governador,Wilson Jose Witzel,Executivo estadual,sim,Roberta Rodrigues Portela:PER,sim,do cargo em comissão de Assessor,,"EXONERAR com validade a contar de 01 de outubro de 2013, ROBERTA RODRIGUES PORTELA do cargo em comissão de Assessor, símbolo DAS-7, da",https://www.ioerj.com.br/portal/modules/conteudoonline/mostra_edicao.php?session=VG5wck5VNVZTVEJOVkVsMFRVUnJlazE1TURCT2FsWkRURlJvUWsxVVFYUlNhMFV6VFd0SmVWRjZUVEJOVkVVeVRWUmpNMDlFYTNoT2Fra3dUbWM5UFE9PQ==,D:\github\exoneracoes_nomeacoes_dou\LAKE\RJ\2013\11\DOERJ_PARTE_I_PODER_EXECUTIVO_2013-11-01.md
RJ,Diario Oficial do Estado do Rio de Janeiro,2013-11-01,Parte I (Poder Executivo),nomeacao,BRUNO CAZILLO DE ARAUJO,,,Secretario,5,Wilson Jose Witzel - Governador,Wilson Jose Witzel,Executivo estadual,sim,CAZILLO:MISC|ARAUJO:MISC|Bruno Cazillo:PER,sim,,,"NOMEAR BRUNO CAZILLO DE ARAUJO para exercer, com validade a contar de 01 de outubro de 2013, o cargo em comissão de Assessor, símbolo DAS-7, da",https://www.ioerj.com.br/portal/modules/conteudoonline/mostra_edicao.php?session=VG5wck5VNVZTVEJOVkVsMFRVUnJlazE1TURCT2FsWkRURlJvUWsxVVFYUlNhMFV6VFd0SmVWRjZUVEJOVkVVeVRWUmpNMDlFYTNoT2Fra3dUbWM5UFE9PQ==,D:\github\exoneracoes_nomeacoes_dou\LAKE\RJ\2013\11\DOERJ_PARTE_I_PODER_EXECUTIVO_2013-11-01.md
RJ,Diario Oficial do Estado do Rio de Janeiro,2013-11-01,Parte I (Poder Executivo),exoneracao,RENNE CARDOSO BARBOSA,,RENNE CARDOSO BARBOSA DO CARGO EM COMISSÃO DE,Diretor,8,Wilson Jose Witzel - Governador,Wilson Jose Witzel,Executivo estadual,sim,RENNE CARDOSO BARBOSA:MISC|Renne Cardoso Barbosa:PER,sim,do cargo em comissão de Diretor de Divisão,,"EXONERAR com validade a contar de 01 de novembro de 2013, RENNE CARDOSO BARBOSA do cargo em comissão de Diretor de Divisão, símbolo DAS-6, da",https://www.ioerj.com.br/portal/modules/conteudoonline/mostra_edicao.php?session=VG5wck5VNVZTVEJOVkVsMFRVUnJlazE1TURCT2FsWkRURlJvUWsxVVFYUlNhMFV6VFd0SmVWRjZUVEJOVkVVeVRWUmpNMDlFYTNoT2Fra3dUbWM5UFE9PQ==,D:\github\exoneracoes_nomeacoes_dou\LAKE\RJ\2013\11\DOERJ_PARTE_I_PODER_EXECUTIVO_2013-11-01.md
RJ,Diario Oficial do Estado do Rio de Janeiro,2013-11-01,Parte I (Poder Executivo),nomeacao,JORGE FELIZARDO,,,Secretario,5,Wilson Jose Witzel - Governador,Wilson Jose Witzel,Executivo estadual,sim,JORGE FELIZARDO:MISC|Jorge Felizardo:PER,sim,,,"NOMEAR JORGE FELIZARDO para exercer, com validade a contar de 01 de novembro de 2013, o cargo em comissão de Diretor de Divisão, símbolo DAS-6, da",https://www.ioerj.com.br/portal/modules/conteudoonline/mostra_edicao.php?session=VG5wck5VNVZTVEJOVkVsMFRVUnJlazE1TURCT2FsWkRURlJvUWsxVVFYUlNhMFV6VFd0SmVWRjZUVEJOVkVVeVRWUmpNMDlFYTNoT2Fra3dUbWM5UFE9PQ==,D:\github\exoneracoes_nomeacoes_dou\LAKE\RJ\2013\11\DOERJ_PARTE_I_PODER_EXECUTIVO_2013-11-01.md
RJ,Diario Oficial do Estado do Rio de Janeiro,2013-11-01,Parte I (Poder Executivo),nomeacao,SERGIO HENRIQUE RODRIGUES PEREIRA,,,Secretario,5,Wilson Jose Witzel - Governador,Wilson Jose Witzel,Executivo estadual,sim,HENRIQUE RODRIGUES PEREIRA:PER,sim,,,"NOMEAR SERGIO HENRIQUE RODRIGUES PEREIRA para exercer, com validade a contar de 01 de novembro de 2013, o cargo em comissão de Assistente II, símbolo DAI-6, da",https://www.ioerj.com.br/portal/modules/conteudoonline/mostra_edicao.php?session=VG5wck5VNVZTVEJOVkVsMFRVUnJlazE1TURCT2FsWkRURlJvUWsxVVFYUlNhMFV6VFd0SmVWRjZUVEJOVkVVeVRWUmpNMDlFYTNoT2Fra3dUbWM5UFE9PQ==,D:\github\exoneracoes_nomeacoes_dou\LAKE\RJ\2013\11\DOERJ_PARTE_I_PODER_EXECUTIVO_2013-11-01.md
RJ,Diario Oficial do Estado do Rio de Janeiro,2013-11-01,Parte I (Poder Executivo),exoneracao,MARCOS ANTONIO FRAGOSO,,,Secretario,5,Wilson Jose Witzel - Governador,Wilson Jose Witzel,Executivo estadual,sim,MARCOS ANTONIO FRAGOSO:PER,sim,do cargo em comissão de Assistente II,,"EXONERAR com validade a contar de 01 de outubro de 2013, MARCOS ANTONIO FRAGOSO do cargo em comissão de Assistente II, símbolo DAI-6, da",https://www.ioerj.com.br/portal/modules/conteudoonline/mostra_edicao.php?session=VG5wck5VNVZTVEJOVkVsMFRVUnJlazE1TURCT2FsWkRURlJvUWsxVVFYUlNhMFV6VFd0SmVWRjZUVEJOVkVVeVRWUmpNMDlFYTNoT2Fra3dUbWM5UFE9PQ==,D:\github\exoneracoes_nomeacoes_dou\LAKE\RJ\2013\11\DOERJ_PARTE_I_PODER_EXECUTIVO_2013-11-01.md
RJ,Diario Oficial do Estado do Rio de Janeiro,2013-11-01,Parte I (Poder Executivo),nomeacao,ANTONIO MARCOS MARTINS PANGAIO,,,Secretario,5,Wilson Jose Witzel - Governador,Wilson Jose Witzel,Executivo estadual,sim,ANTONIO MARCOS MARTINS PANGAIO:PER,sim,,,"NOMEAR ANTONIO MARCOS MARTINS PANGAIO para exercer, com validade a contar de 01 de novembro de 2013, o cargo em comissão de Assistente, símbolo DAS-6, da",https://www.ioerj.com.br/portal/modules/conteudoonline/mostra_edicao.php?session=VG5wck5VNVZTVEJOVkVsMFRVUnJlazE1TURCT2FsWkRURlJvUWsxVVFYUlNhMFV6VFd0SmVWRjZUVEJOVkVVeVRWUmpNMDlFYTNoT2Fra3dUbWM5UFE9PQ==,D:\github\exoneracoes_nomeacoes_dou\LAKE\RJ\2013\11\DOERJ_PARTE_I_PODER_EXECUTIVO_2013-11-01.md
RJ,Diario Oficial do Estado do Rio de Janeiro,2013-11-01,Parte I (Poder Executivo),nomeacao,LUIZ CARLOS SOUSA NASCIMENTO,,,Secretario,5,Wilson Jose Witzel - Governador,Wilson Jose Witzel,Executivo estadual,sim,LUIZ CARLOS SOUSA NASCIMENTO:PER,sim,,,"NOMEAR LUIZ CARLOS SOUSA NASCIMENTO para exercer, com validade a contar de 01 de novembro de 2013, o cargo em comissão de Chefe de Serviço, símbolo DAI-6, da",https://www.ioerj.com.br/portal/modules/conteudoonline/mostra_edicao.php?session=VG5wck5VNVZTVEJOVkVsMFRVUnJlazE1TURCT2FsWkRURlJvUWsxVVFYUlNhMFV6VFd0SmVWRjZUVEJOVkVVeVRWUmpNMDlFYTNoT2Fra3dUbWM5UFE9PQ==,D:\github\exoneracoes_nomeacoes_dou\LAKE\RJ\2013\11\DOERJ_PARTE_I_PODER_EXECUTIVO_2013-11-01.md
RJ,Diario Oficial do Estado do Rio de Janeiro,2013-11-01,Parte I (Poder Executivo),nomeacao,RODOLPHO FERREIRA NETO,,,Secretario,5,Wilson Jose Witzel - Governador,Wilson Jose Witzel,Executivo estadual,sim,RODOLPHO FERREIRA NETO:MISC|Rodolpho Ferreira Neto:PER,sim,,,"NOMEAR RODOLPHO FERREIRA NETO para exercer, com validade a contar de 14 de outubro de 2013, o cargo em comissão de Assessor, símbolo DAS-7, da",https://www.ioerj.com.br/portal/modules/conteudoonline/mostra_edicao.php?session=VG5wck5VNVZTVEJOVkVsMFRVUnJlazE1TURCT2FsWkRURlJvUWsxVVFYUlNhMFV6VFd0SmVWRjZUVEJOVkVVeVRWUmpNMDlFYTNoT2Fra3dUbWM5UFE9PQ==,D:\github\exoneracoes_nomeacoes_dou\LAKE\RJ\2013\11\DOERJ_PARTE_I_PODER_EXECUTIVO_2013-11-01.md
RJ,Diario Oficial do Estado do Rio de Janeiro,2013-11-01,Parte I (Poder Executivo),exoneracao,OTTO CARDOSO WOODTLI,,,Secretario,5,Wilson Jose Witzel - Governador,Wilson Jose Witzel,Executivo estadual,sim,CARDOSO WOODTLI:MISC|Otto Cardoso Woodtli:PER,sim,do cargo em comissão de AuditorChefe,da Fundação Leão XIII,"EXONERAR com validade a contar de 01 de novembro de 2013, OTTO CARDOSO WOODTLI do cargo em comissão de AuditorChefe, símbolo DAS-8, da Auditoria Interna, da Fundação Leão XIII, da",https://www.ioerj.com.br/portal/modules/conteudoonline/mostra_edicao.php?session=VG5wck5VNVZTVEJOVkVsMFRVUnJlazE1TURCT2FsWkRURlJvUWsxVVFYUlNhMFV6VFd0SmVWRjZUVEJOVkVVeVRWUmpNMDlFYTNoT2Fra3dUbWM5UFE9PQ==,D:\github\exoneracoes_nomeacoes_dou\LAKE\RJ\2013\11\DOERJ_PARTE_I_PODER_EXECUTIVO_2013-11-01.md
RJ,Diario Oficial do Estado do Rio de Janeiro,2013-11-01,Parte I (Poder Executivo),nomeacao,OSWALDO LUIZ LIMA DUQUE ESTRADA COSTA,,,Secretario,5,Wilson Jose Witzel - Governador,Wilson Jose Witzel,Executivo estadual,sim,LUIZ LIMA DUQUE ESTRADA COSTA:PER,sim,,da Fundação Leão XIII,"NOMEAR OSWALDO LUIZ LIMA DUQUE ESTRADA COSTA para exercer, com validade a contar de 01 de novembro de 2013, o cargo em comissão de Auditor-Chefe, símbolo DAS-8, da Auditoria <!-- image --> DO ESTADO DO RIO DE JANEIRO Interna, da Fundação Leão XIII, da",https://www.ioerj.com.br/portal/modules/conteudoonline/mostra_edicao.php?session=VG5wck5VNVZTVEJOVkVsMFRVUnJlazE1TURCT2FsWkRURlJvUWsxVVFYUlNhMFV6VFd0SmVWRjZUVEJOVkVVeVRWUmpNMDlFYTNoT2Fra3dUbWM5UFE9PQ==,D:\github\exoneracoes_nomeacoes_dou\LAKE\RJ\2013\11\DOERJ_PARTE_I_PODER_EXECUTIVO_2013-11-01.md
RJ,Diario Oficial do Estado do Rio de Janeiro,2013-11-01,Parte I (Poder Executivo),exoneracao,ROSILENE BARROS GOMES,,,Secretario,5,Wilson Jose Witzel - Governador,Wilson Jose Witzel,Executivo estadual,sim,ROSILENE BARROS GOMES:PER,sim,do cargo em comissão de Chefe de Serviço,do Departamento de Material,"EXONERAR com validade a contar de 01 de novembro de 2013, ROSILENE BARROS GOMES do cargo em comissão de Chefe de Serviço, símbolo DAI-6, do Serviço de Bens Patrimoniais e Sucata, da Divisão de Controle de Material, do Departamento de Material, da Diretoria de Administração e Finanças, da Fundação Leão XIII, da",https://www.ioerj.com.br/portal/modules/conteudoonline/mostra_edicao.php?session=VG5wck5VNVZTVEJOVkVsMFRVUnJlazE1TURCT2FsWkRURlJvUWsxVVFYUlNhMFV6VFd0SmVWRjZUVEJOVkVVeVRWUmpNMDlFYTNoT2Fra3dUbWM5UFE9PQ==,D:\github\exoneracoes_nomeacoes_dou\LAKE\RJ\2013\11\DOERJ_PARTE_I_PODER_EXECUTIVO_2013-11-01.md
RJ,Diario Oficial do Estado do Rio de Janeiro,2013-11-01,Parte I (Poder Executivo),nomeacao,RENATO AUGUSTO SILVA,,,Secretario,5,Wilson Jose Witzel - Governador,Wilson Jose Witzel,Executivo estadual,sim,RENATO AUGUSTO SILVA:PER,sim,,do Departamento de Material,"NOMEAR RENATO AUGUSTO SILVA para exercer, com validade a contar de 01 de novembro de 2013, o cargo em comissão de Chefe de Serviço, símbolo DAI-6, do Serviço de Bens Patrimoniais e Sucata, da Divisão de Controle de Material, do Departamento de Material, da Diretoria de Administração e Finanças, da Fundação Leão XIII, da",https://www.ioerj.com.br/portal/modules/conteudoonline/mostra_edicao.php?session=VG5wck5VNVZTVEJOVkVsMFRVUnJlazE1TURCT2FsWkRURlJvUWsxVVFYUlNhMFV6VFd0SmVWRjZUVEJOVkVVeVRWUmpNMDlFYTNoT2Fra3dUbWM5UFE9PQ==,D:\github\exoneracoes_nomeacoes_dou\LAKE\RJ\2013\11\DOERJ_PARTE_I_PODER_EXECUTIVO_2013-11-01.md
RJ,Diario Oficial do Estado do Rio de Janeiro,2013-11-01,Parte I (Poder Executivo),nomeacao,LENILDO CIRNE DE MEDEIROS JUNIOR,,,Secretario,5,Wilson Jose Witzel - Governador,Wilson Jose Witzel,Executivo estadual,sim,LENILDO CIRNE:MISC|Lenildo Cirne:PER,sim,da Assessoria de Comunicação Social,,"NOMEAR LENILDO CIRNE DE MEDEIROS JUNIOR para exercer, com validade a contar de 01 de novembro de 2013, o cargo em comissão de Assessor-Chefe, símbolo DAS-8, da Assessoria de Comunicação Social, da",https://www.ioerj.com.br/portal/modules/conteudoonline/mostra_edicao.php?session=VG5wck5VNVZTVEJOVkVsMFRVUnJlazE1TURCT2FsWkRURlJvUWsxVVFYUlNhMFV6VFd0SmVWRjZUVEJOVkVVeVRWUmpNMDlFYTNoT2Fra3dUbWM5UFE9PQ==,D:\github\exoneracoes_nomeacoes_dou\LAKE\RJ\2013\11\DOERJ_PARTE_I_PODER_EXECUTIVO_2013-11-01.md
RJ,Diario Oficial do Estado do Rio de Janeiro,2013-11-01,Parte I (Poder Executivo),nomeacao,JOSE MESSIAS DIAS FILHO,,,Secretario,5,Wilson Jose Witzel - Governador,Wilson Jose Witzel,Executivo estadual,sim,JOSE MESSIAS DIAS FILHO:PER,sim,,,"NOMEAR JOSE MESSIAS DIAS FILHO para exercer, com validade a contar de 01 de novembro de 2013, o cargo em comissão de Assistente III, símbolo DAI-5, da",https://www.ioerj.com.br/portal/modules/conteudoonline/mostra_edicao.php?session=VG5wck5VNVZTVEJOVkVsMFRVUnJlazE1TURCT2FsWkRURlJvUWsxVVFYUlNhMFV6VFd0SmVWRjZUVEJOVkVVeVRWUmpNMDlFYTNoT2Fra3dUbWM5UFE9PQ==,D:\github\exoneracoes_nomeacoes_dou\LAKE\RJ\2013\11\DOERJ_PARTE_I_PODER_EXECUTIVO_2013-11-01.md
RJ,Diario Oficial do Estado do Rio de Janeiro,2013-11-01,DO Campos (Poder Executivo),nomeacao,LEANDRO SOARES MACHADO NO CARGO DE TÉCNICO DE ELETROTÉCNICA. O MESMO DEVERÁ COMPARECER NA,,,,,Wilson Jose Witzel - Governador,Wilson Jose Witzel,Executivo estadual,sim,LEANDRO SOARES MACHADO:MISC|CARGO DE TÉCNICO:MISC|ELETROTÉCNICA:MISC|Leandro Soares Machado No Cargo De Técnico:PER,sim,,,NOMEAR LEANDRO SOARES MACHADO no cargo de Técnico de Eletrotécnica. O mesmo deverá comparecer na,https://www.ioerj.com.br/portal/modules/conteudoonline/mostra_edicao.php?session=VG1wbk1GSkVSa0pOYWsxMFRXdGFSRTE1TURCUmFtaEhURlJuTWxGcVFYUlJWRnBIVDBWRk0wNUZWVEJPYTFaRFRWUmpNMDlFYTNoT2Fra3dUbWM5UFE9PQ==,D:\github\exoneracoes_nomeacoes_dou\LAKE\RJ\2013\11\DOERJ_DO_CAMPOS_PODER_EXECUTIVO_2013-11-01.md
RJ,Diario Oficial do Estado do Rio de Janeiro,2013-11-01,DO Campos (Poder Executivo),nomeacao,ELIETE CORREA DE RESENDE NO CARGO DE ENFERMEIRO . A MESMA DEVERÁ COMPARECER NA,,,,,Wilson Jose Witzel - Governador,Wilson Jose Witzel,Executivo estadual,sim,ELIETE:LOC|DE RESENDE:MISC|CARGO DE ENFERMEIRO:MISC|MESMA DEVERÁ COMPARECER:MISC|Eliete Correa De Resende:PER,sim,,,NOMEAR ELIETE CORREA DE RESENDE no cargo de Enfermeiro . A mesma deverá comparecer na,https://www.ioerj.com.br/portal/modules/conteudoonline/mostra_edicao.php?session=VG1wbk1GSkVSa0pOYWsxMFRXdGFSRTE1TURCUmFtaEhURlJuTWxGcVFYUlJWRnBIVDBWRk0wNUZWVEJPYTFaRFRWUmpNMDlFYTNoT2Fra3dUbWM5UFE9PQ==,D:\github\exoneracoes_nomeacoes_dou\LAKE\RJ\2013\11\DOERJ_DO_CAMPOS_PODER_EXECUTIVO_2013-11-01.md
RJ,Diario Oficial do Estado do Rio de Janeiro,2013-10-31,Parte I (Poder Executivo),nomeacao,JOSÉ AUGUSTO PEREIRA,618903-2,,Secretario,5,Wilson Jose Witzel - Governador,Wilson Jose Witzel,Executivo estadual,sim,JOSÉ AUGUSTO PEREIRA:PER,sim,,,"NOMEAR JOSÉ AUGUSTO PEREIRA DA SILVA , ID Funcional nº 618903-2, para exercer, com validade a contar de 17 de outubro de 2013, o cargo em comissão de Assistente, símbolo DAS-6, da Loteria do Estado do Rio de Janeiro - LOTERJ, da",https://www.ioerj.com.br/portal/modules/conteudoonline/mostra_edicao.php?session=VFhwR1JrNVViRVpPVlZWMFVWUlplazU1TURCTlZFazFURlZGTWs1RVkzUlBSR1JDVDFWR1JFMTZRWGhPYTFwR1RWUmpNMDlFYTNoT2FsRjZUVkU5UFE9PQ==,D:\github\exoneracoes_nomeacoes_dou\LAKE\RJ\2013\10\DOERJ_PARTE_I_PODER_EXECUTIVO_2013-10-31.md
RJ,Diario Oficial do Estado do Rio de Janeiro,2013-10-30,Parte I (Poder Executivo),nomeacao,GILEADE WENCESLAU DOMIGOS COM VALIDADE A O,,,Secretario,5,Wilson Jose Witzel - Governador,Wilson Jose Witzel,Executivo estadual,sim,GILEADE:MISC|Gileade Wenceslau Domigos:PER,sim,,,"NOMEAR GILEADE WENCESLAU DOMIGOS com validade a o para exercer, contar de de de 25 outubro em co- cargo 2013, missão de Assessor, símbolo DAS-7, da",https://www.ioerj.com.br/portal/modules/conteudoonline/mostra_edicao.php?session=VGpCUk0xRnFUVFZOZWtGMFRucE5ORkZwTURCT1ZGVjNURlJuTTAxVVdYUk5NRWt4VDBWSk1sRnFTVEJPVkVGNVRWUmpNMDlFYTNoT2FtZDVUbEU5UFE9PQ==,D:\github\exoneracoes_nomeacoes_dou\LAKE\RJ\2013\10\DOERJ_PARTE_I_PODER_EXECUTIVO_2013-10-30.md
RJ,Diario Oficial do Estado do Rio de Janeiro,2013-10-30,Parte I (Poder Executivo),exoneracao,JOSÉ AUGUSTO PEREIRA,618903-2,,Secretario,5,Wilson Jose Witzel - Governador,Wilson Jose Witzel,Executivo estadual,sim,JOSÉ AUGUSTO PEREIRA:PER,sim,do cargo em comissão de Assistente,,"EXONERAR com validade a contar de 17 de outubro de 2013, JOSÉ AUGUSTO PEREIRA DA SILVA , ID Funcional nº 618903-2, do cargo em comissão de Assistente, símbolo DAS-6, da Loteria do Estado do Rio de Janeiro - LOTERJ, da",https://www.ioerj.com.br/portal/modules/conteudoonline/mostra_edicao.php?session=VGpCUk0xRnFUVFZOZWtGMFRucE5ORkZwTURCT1ZGVjNURlJuTTAxVVdYUk5NRWt4VDBWSk1sRnFTVEJPVkVGNVRWUmpNMDlFYTNoT2FtZDVUbEU5UFE9PQ==,D:\github\exoneracoes_nomeacoes_dou\LAKE\RJ\2013\10\DOERJ_PARTE_I_PODER_EXECUTIVO_2013-10-30.md
RJ,Diario Oficial do Estado do Rio de Janeiro,2013-10-30,Parte I (Poder Executivo),exoneracao,CLOVIS JOSÉ DOS PASSOS FILHO,,,Secretario,5,Wilson Jose Witzel - Governador,Wilson Jose Witzel,Executivo estadual,sim,Clovis José Dos Passos Filho:PER,sim,do cargo em comissão de Chefe de Serviço,do Departamento de Trânsito do Estado do Rio de Janeiro - DETRAN/RJ,"EXONERAR a pedido, CLOVIS JOSÉ DOS PASSOS FILHO do cargo em comissão de Chefe de Serviço, símbolo DAI-6, da Coordenadoria Geral de Integração de Serviços, do Departamento de Trânsito do Estado do Rio de Janeiro - DETRAN/RJ, da",https://www.ioerj.com.br/portal/modules/conteudoonline/mostra_edicao.php?session=VGpCUk0xRnFUVFZOZWtGMFRucE5ORkZwTURCT1ZGVjNURlJuTTAxVVdYUk5NRWt4VDBWSk1sRnFTVEJPVkVGNVRWUmpNMDlFYTNoT2FtZDVUbEU5UFE9PQ==,D:\github\exoneracoes_nomeacoes_dou\LAKE\RJ\2013\10\DOERJ_PARTE_I_PODER_EXECUTIVO_2013-10-30.md
RJ,Diario Oficial do Estado do Rio de Janeiro,2013-10-30,Parte I (Poder Executivo),nomeacao,JOSÉ ARTEIRO PEREIRA JUNIOR,,,Secretario,5,Wilson Jose Witzel - Governador,Wilson Jose Witzel,Executivo estadual,sim,JOSÉ ARTEIRO PEREIRA JUNIOR:PER,sim,para exercer o cargo em comissão de Chefe de Serviço,do Departamento de Trânsito do Estado do Rio de Janeiro - DETRAN/RJ,"NOMEAR JOSÉ ARTEIRO PEREIRA JUNIOR para exercer o cargo em comissão de Chefe de Serviço, símbolo DAI-6, da Coordenadoria Geral de Integração de Serviços, do Departamento de Trânsito do Estado do Rio de Janeiro - DETRAN/RJ, da",https://www.ioerj.com.br/portal/modules/conteudoonline/mostra_edicao.php?session=VGpCUk0xRnFUVFZOZWtGMFRucE5ORkZwTURCT1ZGVjNURlJuTTAxVVdYUk5NRWt4VDBWSk1sRnFTVEJPVkVGNVRWUmpNMDlFYTNoT2FtZDVUbEU5UFE9PQ==,D:\github\exoneracoes_nomeacoes_dou\LAKE\RJ\2013\10\DOERJ_PARTE_I_PODER_EXECUTIVO_2013-10-30.md
RJ,Diario Oficial do Estado do Rio de Janeiro,2013-10-30,Parte I (Poder Executivo),nomeacao,MARIANA DA COSTA DUARTE,,,Secretario,5,Wilson Jose Witzel - Governador,Wilson Jose Witzel,Executivo estadual,sim,COSTA DUARTE:MISC|Mariana Da Costa Duarte:PER,sim,,,"NOMEAR MARIANA DA COSTA DUARTE para exercer, com validade a contar de 21 de outubro de 2013, o cargo em comissão de Assessor, símbolo DAS-8, da",https://www.ioerj.com.br/portal/modules/conteudoonline/mostra_edicao.php?session=VGpCUk0xRnFUVFZOZWtGMFRucE5ORkZwTURCT1ZGVjNURlJuTTAxVVdYUk5NRWt4VDBWSk1sRnFTVEJPVkVGNVRWUmpNMDlFYTNoT2FtZDVUbEU5UFE9PQ==,D:\github\exoneracoes_nomeacoes_dou\LAKE\RJ\2013\10\DOERJ_PARTE_I_PODER_EXECUTIVO_2013-10-30.md
RJ,Diario Oficial do Estado do Rio de Janeiro,2013-10-30,Parte I (Poder Executivo),nomeacao,JAIRO LUIS OLIVEIRA DO NASCIMENTO,,,Secretario,5,Wilson Jose Witzel - Governador,Wilson Jose Witzel,Executivo estadual,sim,JAIRO LUIS OLIVEIRA:MISC|Jairo Luis Oliveira Do Nascimento:PER,sim,para exercer o cargo em comissão de Assessor,,"NOMEAR JAIRO LUIS OLIVEIRA DO NASCIMENTO para exercer o cargo em comissão de Assessor, símbolo DAS-7, do Centro Comunitário de Defesa da Cidadania -Acari, da Coordenadoria dos Centros Comunitários de Defesa da Cidadania -CCDCs, da",https://www.ioerj.com.br/portal/modules/conteudoonline/mostra_edicao.php?session=VGpCUk0xRnFUVFZOZWtGMFRucE5ORkZwTURCT1ZGVjNURlJuTTAxVVdYUk5NRWt4VDBWSk1sRnFTVEJPVkVGNVRWUmpNMDlFYTNoT2FtZDVUbEU5UFE9PQ==,D:\github\exoneracoes_nomeacoes_dou\LAKE\RJ\2013\10\DOERJ_PARTE_I_PODER_EXECUTIVO_2013-10-30.md
RJ,Diario Oficial do Estado do Rio de Janeiro,2013-10-30,Parte I (Poder Executivo),nomeacao,NANCY DE FREITAS SANTOS NEVES,,,Secretario,5,Wilson Jose Witzel - Governador,Wilson Jose Witzel,Executivo estadual,sim,NANCY:MISC|FREITAS SANTOS:ORG|Nancy De Freitas Santos Neves:PER,sim,para exercer o cargo em comissão de Chefe de Núcleo,da Fundação Leão XIII,"NOMEAR NANCY DE FREITAS SANTOS NEVES para exercer o cargo em comissão de Chefe de Núcleo, símbolo DAI-5, do Núcleo de Atendimento ao Cidadão de Miguel Pereira, do Pólo de Articulação Regional Centro Sul Fluminense I, da Diretoria de Promoção Social do Interior, da Fundação Leão XIII, da",https://www.ioerj.com.br/portal/modules/conteudoonline/mostra_edicao.php?session=VGpCUk0xRnFUVFZOZWtGMFRucE5ORkZwTURCT1ZGVjNURlJuTTAxVVdYUk5NRWt4VDBWSk1sRnFTVEJPVkVGNVRWUmpNMDlFYTNoT2FtZDVUbEU5UFE9PQ==,D:\github\exoneracoes_nomeacoes_dou\LAKE\RJ\2013\10\DOERJ_PARTE_I_PODER_EXECUTIVO_2013-10-30.md
RJ,Diario Oficial do Estado do Rio de Janeiro,2013-10-30,Parte I (Poder Executivo),nomeacao,MIRIAN RODRIGUES DE BARROS,,,Secretario,5,Wilson Jose Witzel - Governador,Wilson Jose Witzel,Executivo estadual,sim,RODRIGUES DE BARROS:PER,sim,,do Departamento Geral de Administração e Finanças,"NOMEAR MIRIAN RODRIGUES DE BARROS para exercer, com validade a contar de 16 de outubro de 2013, o cargo em comissão de Assistente II, símbolo DAI-6, do Departamento Geral de Administração e Finanças, da",https://www.ioerj.com.br/portal/modules/conteudoonline/mostra_edicao.php?session=VGpCUk0xRnFUVFZOZWtGMFRucE5ORkZwTURCT1ZGVjNURlJuTTAxVVdYUk5NRWt4VDBWSk1sRnFTVEJPVkVGNVRWUmpNMDlFYTNoT2FtZDVUbEU5UFE9PQ==,D:\github\exoneracoes_nomeacoes_dou\LAKE\RJ\2013\10\DOERJ_PARTE_I_PODER_EXECUTIVO_2013-10-30.md
RJ,Diario Oficial do Estado do Rio de Janeiro,2013-10-30,Parte I (Poder Executivo),nomeacao,CARLOS EDUARDO SARMENTO,3220102-8,,Secretario,5,Wilson Jose Witzel - Governador,Wilson Jose Witzel,Executivo estadual,sim,CARLOS EDUARDO SARMENTO:PER,sim,,,"NOMEAR CARLOS EDUARDO SARMENTO DA COSTA , Tenente-Coronel PM, ID Funcional nº 3220102-8, para exercer, com validade a contar de 15 de agosto de 2013, o cargo em comissão de Comandante, símbolo DAS-7, do 7º BPM, da Polícia Militar do Estado do Rio de Janeiro, da",https://www.ioerj.com.br/portal/modules/conteudoonline/mostra_edicao.php?session=VGpCUk0xRnFUVFZOZWtGMFRucE5ORkZwTURCT1ZGVjNURlJuTTAxVVdYUk5NRWt4VDBWSk1sRnFTVEJPVkVGNVRWUmpNMDlFYTNoT2FtZDVUbEU5UFE9PQ==,D:\github\exoneracoes_nomeacoes_dou\LAKE\RJ\2013\10\DOERJ_PARTE_I_PODER_EXECUTIVO_2013-10-30.md
RJ,Diario Oficial do Estado do Rio de Janeiro,2013-10-30,Parte I (Poder Executivo),exoneracao,CARLOS EDUARDO SARMENTO,3220102-8,,Secretario,5,Wilson Jose Witzel - Governador,Wilson Jose Witzel,Executivo estadual,sim,CARLOS EDUARDO SARMENTO:PER,sim,do cargo em comissão de Comandante,,"EXONERAR com validade a contar de 15 de agosto de 2013, CARLOS EDUARDO SARMENTO DA COSTA , Tenente-Coronel PM, ID Funcional nº 3220102-8, 54.638-015861447-07, do cargo em comissão de Comandante, símbolo DAS-7, do 14º BPM, do Batalhão da Polícia Militar, da Polícia Militar do Estado do Rio de Janeiro, da",https://www.ioerj.com.br/portal/modules/conteudoonline/mostra_edicao.php?session=VGpCUk0xRnFUVFZOZWtGMFRucE5ORkZwTURCT1ZGVjNURlJuTTAxVVdYUk5NRWt4VDBWSk1sRnFTVEJPVkVGNVRWUmpNMDlFYTNoT2FtZDVUbEU5UFE9PQ==,D:\github\exoneracoes_nomeacoes_dou\LAKE\RJ\2013\10\DOERJ_PARTE_I_PODER_EXECUTIVO_2013-10-30.md
RJ,Diario Oficial do Estado do Rio de Janeiro,2013-10-30,Parte I (Poder Executivo),nomeacao,GLÁUCIO MOREIRA,2309808-2,,Secretario,5,Wilson Jose Witzel - Governador,Wilson Jose Witzel,Executivo estadual,sim,GLÁUCIO MOREIRA:MISC|Gláucio Moreira:PER,sim,,,"NOMEAR GLÁUCIO MOREIRA DA SILVA , Tenente-Coronel PM, ID Funcional nº 2309808-2, para exercer, com validade a contar de 15 de agosto de 2013, o cargo em comissão de Comandante, símbolo DAS-7, do 14º BPM, da Polícia Militar do Estado do Rio de Janeiro, da",https://www.ioerj.com.br/portal/modules/conteudoonline/mostra_edicao.php?session=VGpCUk0xRnFUVFZOZWtGMFRucE5ORkZwTURCT1ZGVjNURlJuTTAxVVdYUk5NRWt4VDBWSk1sRnFTVEJPVkVGNVRWUmpNMDlFYTNoT2FtZDVUbEU5UFE9PQ==,D:\github\exoneracoes_nomeacoes_dou\LAKE\RJ\2013\10\DOERJ_PARTE_I_PODER_EXECUTIVO_2013-10-30.md
RJ,Diario Oficial do Estado do Rio de Janeiro,2013-10-30,Parte I (Poder Executivo),nomeacao,CLAUDIA CRISTINA NUNES BARRETO,,,Secretario,5,Wilson Jose Witzel - Governador,Wilson Jose Witzel,Executivo estadual,sim,CRISTINA NUNES BARRETO:MISC|Claudia Cristina Nunes Barreto:PER,sim,,do Instituto de Assistência dos Servidores do Estado do Rio de Janeiro -IASERJ,"NOMEAR CLAUDIA CRISTINA NUNES BARRETO para exercer, com validade a contar de 01 de outubro de 2013, o cargo em comissão de Diretor de Divisão, símbolo DAS-7, da Divisão Técnica, do Ambulatório de Maracanã, do Instituto de Assistência dos Servidores do Estado do Rio de Janeiro -IASERJ, da",https://www.ioerj.com.br/portal/modules/conteudoonline/mostra_edicao.php?session=VGpCUk0xRnFUVFZOZWtGMFRucE5ORkZwTURCT1ZGVjNURlJuTTAxVVdYUk5NRWt4VDBWSk1sRnFTVEJPVkVGNVRWUmpNMDlFYTNoT2FtZDVUbEU5UFE9PQ==,D:\github\exoneracoes_nomeacoes_dou\LAKE\RJ\2013\10\DOERJ_PARTE_I_PODER_EXECUTIVO_2013-10-30.md
RJ,Diario Oficial do Estado do Rio de Janeiro,2013-10-29,Parte I (Poder Executivo),nomeacao,PAULA PAVAN,,,,,Wilson Jose Witzel - Governador,Wilson Jose Witzel,Executivo estadual,sim,PAVAN:MISC|Paula Pavan:PER,sim,,,"NOMEAR PAULA PAVAN para exercer, com validade a contar de 21 de outubro de 2013, o cargo em comissão de Assessor, símbolo DAS-7, da",https://www.ioerj.com.br/portal/modules/conteudoonline/mostra_edicao.php?session=VFRCV1ExSlVUVE5PVkd0MFRsUkdRbEZUTURCU2FsVTFURlJzUjA1RlNYUlJlbFpEVWxWR1JFMVVUWGhPYWtwSFRWUmpNMDlFYTNoT2VrbDNUVkU5UFE9PQ==,D:\github\exoneracoes_nomeacoes_dou\LAKE\RJ\2013\10\DOERJ_PARTE_I_PODER_EXECUTIVO_2013-10-29.md
RJ,Diario Oficial do Estado do Rio de Janeiro,2013-10-29,Parte I (Poder Executivo),nomeacao,THIAGO ALBERTO ABEID PIRES,,,,,Wilson Jose Witzel - Governador,Wilson Jose Witzel,Executivo estadual,sim,ALBERTO ABEID PIRES:PER,sim,,,"NOMEAR THIAGO ALBERTO ABEID PIRES para exercer, com validade a contar de 21 de outubro de 2013, o cargo em comissão de Assistente II, símbolo DAI-6, da",https://www.ioerj.com.br/portal/modules/conteudoonline/mostra_edicao.php?session=VFRCV1ExSlVUVE5PVkd0MFRsUkdRbEZUTURCU2FsVTFURlJzUjA1RlNYUlJlbFpEVWxWR1JFMVVUWGhPYWtwSFRWUmpNMDlFYTNoT2VrbDNUVkU5UFE9PQ==,D:\github\exoneracoes_nomeacoes_dou\LAKE\RJ\2013\10\DOERJ_PARTE_I_PODER_EXECUTIVO_2013-10-29.md
RJ,Diario Oficial do Estado do Rio de Janeiro,2013-10-29,Parte I (Poder Executivo),nomeacao,BARBARA BARROS RIBEIRO,,,,,Wilson Jose Witzel - Governador,Wilson Jose Witzel,Executivo estadual,sim,BARBARA BARROS RIBEIRO:PER,sim,,da Subsecretaria de Finanças,"NOMEAR BARBARA BARROS RIBEIRO para exercer, com validade a contar de 21 de outubro de 2013, o cargo em comissão de Assistente, símbolo DAS-6, da Subsecretaria de Finanças, da",https://www.ioerj.com.br/portal/modules/conteudoonline/mostra_edicao.php?session=VFRCV1ExSlVUVE5PVkd0MFRsUkdRbEZUTURCU2FsVTFURlJzUjA1RlNYUlJlbFpEVWxWR1JFMVVUWGhPYWtwSFRWUmpNMDlFYTNoT2VrbDNUVkU5UFE9PQ==,D:\github\exoneracoes_nomeacoes_dou\LAKE\RJ\2013\10\DOERJ_PARTE_I_PODER_EXECUTIVO_2013-10-29.md
RJ,Diario Oficial do Estado do Rio de Janeiro,2013-10-29,Parte I (Poder Executivo),nomeacao,ERICA SOARES,4322993-0,,Secretario,5,Wilson Jose Witzel - Governador,Wilson Jose Witzel,Executivo estadual,sim,SOARES:MISC|Erica Soares:PER,sim,para exercer o cargo em comissão de Subinspetor,da Subsecretaria-Adjunta de Fiscalização,"NOMEAR ERICA SOARES DA SILVA , Auditor Fiscal da Receita Estadual de 2ª Categoria, ID Funcional nº 4322993-0, para exercer o cargo em comissão de Subinspetor, símbolo DAS-6, da Inspetoria de Fiscalização Especializada de Veículos e Material Viário, da Inspetoria de Fiscalização Especializada, da Subsecretaria-Adjunta de Fiscalização, da Subsecretaria de Receita, da",https://www.ioerj.com.br/portal/modules/conteudoonline/mostra_edicao.php?session=VFRCV1ExSlVUVE5PVkd0MFRsUkdRbEZUTURCU2FsVTFURlJzUjA1RlNYUlJlbFpEVWxWR1JFMVVUWGhPYWtwSFRWUmpNMDlFYTNoT2VrbDNUVkU5UFE9PQ==,D:\github\exoneracoes_nomeacoes_dou\LAKE\RJ\2013\10\DOERJ_PARTE_I_PODER_EXECUTIVO_2013-10-29.md
RJ,Diario Oficial do Estado do Rio de Janeiro,2013-10-29,Parte I (Poder Executivo),nomeacao,NATÁLIA VIEIRA RODRIGUES SERRADAS,,,Secretario,5,Wilson Jose Witzel - Governador,Wilson Jose Witzel,Executivo estadual,sim,Natália Vieira Rodrigues Serradas:PER,sim,para exercer o cargo em comissão de Assistente,,"NOMEAR NATÁLIA VIEIRA RODRIGUES SERRADAS para exercer o cargo em comissão de Assistente, símbolo DAS-6, do Fundo Único de Previdência Social do Estado do Rio de Janeiro - RIOPREVIDÊNCIA, da",https://www.ioerj.com.br/portal/modules/conteudoonline/mostra_edicao.php?session=VFRCV1ExSlVUVE5PVkd0MFRsUkdRbEZUTURCU2FsVTFURlJzUjA1RlNYUlJlbFpEVWxWR1JFMVVUWGhPYWtwSFRWUmpNMDlFYTNoT2VrbDNUVkU5UFE9PQ==,D:\github\exoneracoes_nomeacoes_dou\LAKE\RJ\2013\10\DOERJ_PARTE_I_PODER_EXECUTIVO_2013-10-29.md
RJ,Diario Oficial do Estado do Rio de Janeiro,2013-10-29,Parte I (Poder Executivo),nomeacao,RENATO CAMARA DUARTE,,,Secretario,5,Wilson Jose Witzel - Governador,Wilson Jose Witzel,Executivo estadual,sim,RENATO CAMARA DUARTE:MISC|Renato Camara Duarte:PER,sim,,,"NOMEAR RENATO CAMARA DUARTE para exercer, com validade a contar de 21 de outubro de 2013, o cargo em comissão de Ajudante I, símbolo DAI-1, da",https://www.ioerj.com.br/portal/modules/conteudoonline/mostra_edicao.php?session=VFRCV1ExSlVUVE5PVkd0MFRsUkdRbEZUTURCU2FsVTFURlJzUjA1RlNYUlJlbFpEVWxWR1JFMVVUWGhPYWtwSFRWUmpNMDlFYTNoT2VrbDNUVkU5UFE9PQ==,D:\github\exoneracoes_nomeacoes_dou\LAKE\RJ\2013\10\DOERJ_PARTE_I_PODER_EXECUTIVO_2013-10-29.md
RJ,Diario Oficial do Estado do Rio de Janeiro,2013-10-29,Parte I (Poder Executivo),nomeacao,ALYANE SOARES,4376007-4,,Secretario,5,Wilson Jose Witzel - Governador,Wilson Jose Witzel,Executivo estadual,sim,ALYANE SOARES:MISC|Alyane Soares:PER,sim,,,"NOMEAR ALYANE SOARES DA SILVA , ID Funcional nº 4376007-4, para exercer, com validade a contar de 01 de outubro de 2013, o cargo em comissão de Assistente, símbolo DAS-6, da",https://www.ioerj.com.br/portal/modules/conteudoonline/mostra_edicao.php?session=VFRCV1ExSlVUVE5PVkd0MFRsUkdRbEZUTURCU2FsVTFURlJzUjA1RlNYUlJlbFpEVWxWR1JFMVVUWGhPYWtwSFRWUmpNMDlFYTNoT2VrbDNUVkU5UFE9PQ==,D:\github\exoneracoes_nomeacoes_dou\LAKE\RJ\2013\10\DOERJ_PARTE_I_PODER_EXECUTIVO_2013-10-29.md
RJ,Diario Oficial do Estado do Rio de Janeiro,2013-10-29,DO Campos (Poder Executivo),nomeacao,MARCELA CASTELO BRANCO MIRANDA NO CARGO DE MÉDICO GINECOLOGISTA. A MESMA DEVERÁ COMPARECER NA,,,,,Wilson Jose Witzel - Governador,Wilson Jose Witzel,Executivo estadual,sim,MARCELA:ORG|CASTELO BRANCO MIRANDA:LOC|CARGO DE MÉDICO GINECOLOGISTA:MISC|MESMA DEVERÁ COMPARECER:MISC|Marcela Castelo Branco Miranda:PER,sim,,,NOMEAR MARCELA CASTELO BRANCO MIRANDA no cargo de Médico Ginecologista. A mesma deverá comparecer na,https://www.ioerj.com.br/portal/modules/conteudoonline/mostra_edicao.php?session=VG1wWmVsRlViRWRPUkVWMFRqQkplbEY1TURCTlZWWkNURlJyTkZGVVVYUlBSVkpFVFhwQk1FOUZWVEJOUlZwQ1RWUmpNMDlFYTNoT2VrbDNUVkU5UFE9PQ==,D:\github\exoneracoes_nomeacoes_dou\LAKE\RJ\2013\10\DOERJ_DO_CAMPOS_PODER_EXECUTIVO_2013-10-29.md
RJ,Diario Oficial do Estado do Rio de Janeiro,2013-10-25,Parte I (Poder Executivo),nomeacao,TAINÁ SOARES DOS SANTOS,,,Governador,1,Wilson Jose Witzel - Governador,Wilson Jose Witzel,Executivo estadual,sim,TAINÁ SOARES DOS SANTOS:MISC|Tainá Soares Dos Santos:PER,sim,,do Gabinete do Secretário,"NOMEAR TAINÁ SOARES DOS SANTOS para exercer, com validade a contar de 28 de setembro de 2013, o cargo em comissão de Assessor Especial, símbolo DG, do Gabinete do Secretário, da",https://www.ioerj.com.br/portal/modules/conteudoonline/mostra_edicao.php?session=VWxWS1EwMXJVVFZSTUZGMFRXdEdSazE1TURCTlJVcERURlZLUWsxVlNYUlJlbFYzVVZSTmVsRnFhekpSZWxwRFRWUmpNMDlFYTNoT2VsVXhUa0U5UFE9PQ==,D:\github\exoneracoes_nomeacoes_dou\LAKE\RJ\2013\10\DOERJ_PARTE_I_PODER_EXECUTIVO_2013-10-25.md
RJ,Diario Oficial do Estado do Rio de Janeiro,2013-10-25,Parte I (Poder Executivo),exoneracao,ADOLPHO KONDER HOMEM DE CARVALHO FILHO,,,Governador,1,Wilson Jose Witzel - Governador,Wilson Jose Witzel,Executivo estadual,sim,HOMEM DE CARVALHO FILHO:PER,sim,do cargo em comissão de Assessor Especial,,"EXONERAR ADOLPHO KONDER HOMEM DE CARVALHO FILHO do cargo em comissão de Assessor Especial, símbolo DG, da",https://www.ioerj.com.br/portal/modules/conteudoonline/mostra_edicao.php?session=VWxWS1EwMXJVVFZSTUZGMFRXdEdSazE1TURCTlJVcERURlZLUWsxVlNYUlJlbFYzVVZSTmVsRnFhekpSZWxwRFRWUmpNMDlFYTNoT2VsVXhUa0U5UFE9PQ==,D:\github\exoneracoes_nomeacoes_dou\LAKE\RJ\2013\10\DOERJ_PARTE_I_PODER_EXECUTIVO_2013-10-25.md
RJ,Diario Oficial do Estado do Rio de Janeiro,2013-10-25,Parte I (Poder Executivo),nomeacao,CARLOS EDUARDO ORNELLAS AMORIM,,,Governador,1,Wilson Jose Witzel - Governador,Wilson Jose Witzel,Executivo estadual,sim,CARLOS EDUARDO:PER,sim,,da Autarquia de Proteção e Defesa do Consumidor do Estado do Rio de Janeiro - PROCON-RJ,"NOMEAR CARLOS EDUARDO ORNELLAS AMORIM para exercer, com validade a contar de 22 de outubro de 2013, o cargo em comissão de Diretor, símbolo VP-1, da Autarquia de Proteção e Defesa do Consumidor do Estado do Rio de Janeiro - PROCON-RJ, da",https://www.ioerj.com.br/portal/modules/conteudoonline/mostra_edicao.php?session=VWxWS1EwMXJVVFZSTUZGMFRXdEdSazE1TURCTlJVcERURlZLUWsxVlNYUlJlbFYzVVZSTmVsRnFhekpSZWxwRFRWUmpNMDlFYTNoT2VsVXhUa0U5UFE9PQ==,D:\github\exoneracoes_nomeacoes_dou\LAKE\RJ\2013\10\DOERJ_PARTE_I_PODER_EXECUTIVO_2013-10-25.md
RJ,Diario Oficial do Estado do Rio de Janeiro,2013-10-25,Parte I (Poder Executivo),nomeacao,JOAQUIM MARIA,,,Governador,1,Wilson Jose Witzel - Governador,Wilson Jose Witzel,Executivo estadual,sim,JOAQUIM MARIA:PER,sim,,,"NOMEAR em caráter definitivo, JOAQUIM MARIA DA SILVA FILHO , para o cargo de Inspetor de Segurança e Administração Penitenciária, na Classe III (Inicial), do Quadro I - Permanente da Administração Direto do Poder Executivo do Estado do Rio de Janeiro, da",https://www.ioerj.com.br/portal/modules/conteudoonline/mostra_edicao.php?session=VWxWS1EwMXJVVFZSTUZGMFRXdEdSazE1TURCTlJVcERURlZLUWsxVlNYUlJlbFYzVVZSTmVsRnFhekpSZWxwRFRWUmpNMDlFYTNoT2VsVXhUa0U5UFE9PQ==,D:\github\exoneracoes_nomeacoes_dou\LAKE\RJ\2013\10\DOERJ_PARTE_I_PODER_EXECUTIVO_2013-10-25.md
RJ,Diario Oficial do Estado do Rio de Janeiro,2013-10-25,Parte I (Poder Executivo),nomeacao,EDSON CANDIDO DA SILVA,,,Secretario,5,Wilson Jose Witzel - Governador,Wilson Jose Witzel,Executivo estadual,sim,EDSON CANDIDO DA SILVA:PER,sim,da Assessoria Técnica,,"NOMEAR EDSON CANDIDO DA SILVA para exercer, com validade a contar de 01 de outubro de 2013, o cargo em comissão de Assessor, símbolo DAS-8, da Assessoria Técnica, da",https://www.ioerj.com.br/portal/modules/conteudoonline/mostra_edicao.php?session=VWxWS1EwMXJVVFZSTUZGMFRXdEdSazE1TURCTlJVcERURlZLUWsxVlNYUlJlbFYzVVZSTmVsRnFhekpSZWxwRFRWUmpNMDlFYTNoT2VsVXhUa0U5UFE9PQ==,D:\github\exoneracoes_nomeacoes_dou\LAKE\RJ\2013\10\DOERJ_PARTE_I_PODER_EXECUTIVO_2013-10-25.md
RJ,Diario Oficial do Estado do Rio de Janeiro,2013-10-25,Parte I (Poder Executivo),exoneracao,ID FUNCIONAL Nº5009478-5,5009478-5,,Secretario,5,Wilson Jose Witzel - Governador,Wilson Jose Witzel,Executivo estadual,sim,ID FUNCIONAL:PER,sim,do cargo em comissão de Assistente,,"EXONERAR a pedido e com validade a contar de 01 de outubro de 2013, CELINA LOPES CATRAMBY ARAÚJO , ID Funcional nº5009478-5, do cargo em comissão de Assistente, símbolo DAS-6, da",https://www.ioerj.com.br/portal/modules/conteudoonline/mostra_edicao.php?session=VWxWS1EwMXJVVFZSTUZGMFRXdEdSazE1TURCTlJVcERURlZLUWsxVlNYUlJlbFYzVVZSTmVsRnFhekpSZWxwRFRWUmpNMDlFYTNoT2VsVXhUa0U5UFE9PQ==,D:\github\exoneracoes_nomeacoes_dou\LAKE\RJ\2013\10\DOERJ_PARTE_I_PODER_EXECUTIVO_2013-10-25.md
RJ,Diario Oficial do Estado do Rio de Janeiro,2013-10-24,Parte I (Poder Executivo),exoneracao,INSPETOR DE POLÍCIA,,,Secretario,5,Wilson Jose Witzel - Governador,Wilson Jose Witzel,Executivo estadual,sim,POLÍCIA:LOC|Inspetor De Polícia:PER,sim,do cargo em comissão de Diretor de Departamento,do Departamento Geral de Polícia da Capital,"EXONERAR com validade a contar de 21 de fevereiro de 2011, EDUARDO CLEMENTINO DE FREITAS , Inspetor de Polícia, matrícula nº 871692-0, do cargo em comissão de Diretor de Departamento, símbolo DAS-8, do 1º Departamento de Polícia de Área, do Departamento Geral de Polícia da Capital, da Polícia Civil do Estado do Rio de Janeiro, da",https://www.ioerj.com.br/portal/modules/conteudoonline/mostra_edicao.php?session=VFRCYVExRlZSWGRTYWtWMFQwUk5NMUZUTURCU1JFSkhURlJyTTAxNmEzUk9SRVY2VW10V1JVOUZUVFZSVkVsNVRWUmpNMDlFYTNoT2VtZDVUMUU5UFE9PQ==,D:\github\exoneracoes_nomeacoes_dou\LAKE\RJ\2013\10\DOERJ_PARTE_I_PODER_EXECUTIVO_2013-10-24.md
RJ,Diario Oficial do Estado do Rio de Janeiro,2013-10-24,Parte I (Poder Executivo),nomeacao,ALINE GOUVÊA DA SILVA FREITAS,,,Secretario,5,Wilson Jose Witzel - Governador,Wilson Jose Witzel,Executivo estadual,sim,ALINE GOUVÊA DA SILVA FREITAS:MISC|Aline Gouvêa Da Silva Freitas:PER,sim,para exercer o cargo em comissão de Assistente II,da Subsecretaria de Gestão Estratégica,"NOMEAR ALINE GOUVÊA DA SILVA FREITAS para exercer o cargo em comissão de Assistente II, símbolo DAI-6, da Subsecretaria de Gestão Estratégica, da",https://www.ioerj.com.br/portal/modules/conteudoonline/mostra_edicao.php?session=VFRCYVExRlZSWGRTYWtWMFQwUk5NMUZUTURCU1JFSkhURlJyTTAxNmEzUk9SRVY2VW10V1JVOUZUVFZSVkVsNVRWUmpNMDlFYTNoT2VtZDVUMUU5UFE9PQ==,D:\github\exoneracoes_nomeacoes_dou\LAKE\RJ\2013\10\DOERJ_PARTE_I_PODER_EXECUTIVO_2013-10-24.md
RJ,Diario Oficial do Estado do Rio de Janeiro,2013-10-24,Parte I (Poder Executivo),nomeacao,ALINE GOUDARD DE FREITAS GUIMARÃES,,,Secretario,5,Wilson Jose Witzel - Governador,Wilson Jose Witzel,Executivo estadual,sim,ALINE GOUDARD:ORG|Aline Goudard De Freitas Guimarães:PER,sim,para exercer o cargo em comissão de Assistente II,da Subsecretaria de Gestão Estratégica,"NOMEAR ALINE GOUDARD DE FREITAS GUIMARÃES, 069234007-67, para exercer o cargo em comissão de Assistente II, símbolo DAI-6, da Subsecretaria de Gestão Estratégica, da",https://www.ioerj.com.br/portal/modules/conteudoonline/mostra_edicao.php?session=VFRCYVExRlZSWGRTYWtWMFQwUk5NMUZUTURCU1JFSkhURlJyTTAxNmEzUk9SRVY2VW10V1JVOUZUVFZSVkVsNVRWUmpNMDlFYTNoT2VtZDVUMUU5UFE9PQ==,D:\github\exoneracoes_nomeacoes_dou\LAKE\RJ\2013\10\DOERJ_PARTE_I_PODER_EXECUTIVO_2013-10-24.md
RJ,Diario Oficial do Estado do Rio de Janeiro,2013-10-24,Parte I (Poder Executivo),nomeacao,INSPETOR DE POLÍCIA,,,Secretario,5,Wilson Jose Witzel - Governador,Wilson Jose Witzel,Executivo estadual,sim,POLÍCIA:LOC|Inspetor De Polícia:PER,sim,,,"NOMEAR FLAVIO HENRIQUE PASSOS DE OLIVEIRA , Inspetor de Polícia, matrícula nº 852860-6, para exercer, com validade a contar de 07 de agosto de 2012, o cargo em comissão de Chefe de Serviço, símbolo DAI-6, do Serviço de Investigação, da Divisão de Assuntos Internos, da Subcorregedoria da Polícia Civil, da Corregedoria Interna da Polícia Civil, da Polícia Civil do Estado do Rio de Janeiro, da",https://www.ioerj.com.br/portal/modules/conteudoonline/mostra_edicao.php?session=VFRCYVExRlZSWGRTYWtWMFQwUk5NMUZUTURCU1JFSkhURlJyTTAxNmEzUk9SRVY2VW10V1JVOUZUVFZSVkVsNVRWUmpNMDlFYTNoT2VtZDVUMUU5UFE9PQ==,D:\github\exoneracoes_nomeacoes_dou\LAKE\RJ\2013\10\DOERJ_PARTE_I_PODER_EXECUTIVO_2013-10-24.md
RJ,Diario Oficial do Estado do Rio de Janeiro,2013-10-24,Parte I (Poder Executivo),nomeacao,INSPETOR DE SEGURANÇÃ E ADMINISTRAÇÃO PENITENCIÁRIA,,,Secretario,5,Wilson Jose Witzel - Governador,Wilson Jose Witzel,Executivo estadual,sim,Inspetor De Segurançã:PER,sim,,da Subsecretaria-Adjunta de Gestão Operacional,"NOMEAR JOÃO CLAUDIO WAGNER SILVA , Inspetor de Segurançã e Administração Penitenciária, Id. Funcional nº 1966264-5, para exercer, com validade a contar de 15 de agosto de 2013, o cargo em comissão de Diretor, símbolo DAS-7, do Presídio Ary Franco, da Coordenação de Unidades Prisionais do Grande Rio, da Subsecretaria-Adjunta de Gestão Operacional, da",https://www.ioerj.com.br/portal/modules/conteudoonline/mostra_edicao.php?session=VFRCYVExRlZSWGRTYWtWMFQwUk5NMUZUTURCU1JFSkhURlJyTTAxNmEzUk9SRVY2VW10V1JVOUZUVFZSVkVsNVRWUmpNMDlFYTNoT2VtZDVUMUU5UFE9PQ==,D:\github\exoneracoes_nomeacoes_dou\LAKE\RJ\2013\10\DOERJ_PARTE_I_PODER_EXECUTIVO_2013-10-24.md
RJ,Diario Oficial do Estado do Rio de Janeiro,2013-10-24,Parte I (Poder Executivo),nomeacao,MAYARA MARICATO DE MELLO BOECHAT,,,Secretario,5,Wilson Jose Witzel - Governador,Wilson Jose Witzel,Executivo estadual,sim,MAYARA MARICATO DE MELLO BOECHAT:MISC|Mayara Maricato De Mello Boechat:PER,sim,,,"NOMEAR MAYARA MARICATO DE MELLO BOECHAT para exercer, com validade a contar de 01 de agosto de 2013, o cargo em comissão de Assistente II, símbolo DAI-6, da",https://www.ioerj.com.br/portal/modules/conteudoonline/mostra_edicao.php?session=VFRCYVExRlZSWGRTYWtWMFQwUk5NMUZUTURCU1JFSkhURlJyTTAxNmEzUk9SRVY2VW10V1JVOUZUVFZSVkVsNVRWUmpNMDlFYTNoT2VtZDVUMUU5UFE9PQ==,D:\github\exoneracoes_nomeacoes_dou\LAKE\RJ\2013\10\DOERJ_PARTE_I_PODER_EXECUTIVO_2013-10-24.md
RJ,Diario Oficial do Estado do Rio de Janeiro,2013-10-24,Parte I (Poder Executivo),nomeacao,THABATA MENTZINGEN PAZ,,,Secretario,5,Wilson Jose Witzel - Governador,Wilson Jose Witzel,Executivo estadual,sim,THABATA MENTZINGEN:MISC|Thabata Mentzingen Paz:PER,sim,,do Instituto Estadual do Ambiente - INEA,"NOMEAR THABATA MENTZINGEN PAZ para exercer, com validade a contar de 14 de outubro de 2013, o cargo em comissão de Assessor III, símbolo DAI-5, do Instituto Estadual do Ambiente - INEA, da",https://www.ioerj.com.br/portal/modules/conteudoonline/mostra_edicao.php?session=VFRCYVExRlZSWGRTYWtWMFQwUk5NMUZUTURCU1JFSkhURlJyTTAxNmEzUk9SRVY2VW10V1JVOUZUVFZSVkVsNVRWUmpNMDlFYTNoT2VtZDVUMUU5UFE9PQ==,D:\github\exoneracoes_nomeacoes_dou\LAKE\RJ\2013\10\DOERJ_PARTE_I_PODER_EXECUTIVO_2013-10-24.md
RJ,Diario Oficial do Estado do Rio de Janeiro,2013-10-24,Parte I (Poder Executivo),nomeacao,SANDRO ARAUJO CARNEIRO,,,Secretario,5,Wilson Jose Witzel - Governador,Wilson Jose Witzel,Executivo estadual,sim,SANDRO ARAUJO CARNEIRO:MISC|Sandro Araujo Carneiro:PER,sim,,do Instituto Estadual do Ambiente -INEA,"NOMEAR SANDRO ARAUJO CARNEIRO para exercer, com validade a contar de 14 de outubro de 2013, o cargo em comissão de Adjunto I, símbolo DAI-4, do Instituto Estadual do Ambiente -INEA, da",https://www.ioerj.com.br/portal/modules/conteudoonline/mostra_edicao.php?session=VFRCYVExRlZSWGRTYWtWMFQwUk5NMUZUTURCU1JFSkhURlJyTTAxNmEzUk9SRVY2VW10V1JVOUZUVFZSVkVsNVRWUmpNMDlFYTNoT2VtZDVUMUU5UFE9PQ==,D:\github\exoneracoes_nomeacoes_dou\LAKE\RJ\2013\10\DOERJ_PARTE_I_PODER_EXECUTIVO_2013-10-24.md
RJ,Diario Oficial do Estado do Rio de Janeiro,2013-10-24,Parte I (Poder Executivo),nomeacao,ANGELA MENDES,4317049-8,,Secretario,5,Wilson Jose Witzel - Governador,Wilson Jose Witzel,Executivo estadual,sim,ANGELA MENDES:PER,sim,,da Fundação Teatro Municipal do Rio de Janeiro -FTM/RJ,"NOMEAR ANGELA MENDES DA COSTA , ID Funcional nº 4317049-8, matrícula nº 90332-8, para exercer, com validade a contar de 01 de setembro de 2013, o cargo em comissão de Chefe de Divisão, símbolo DAS-6, da Divisão de Orçamento e Finanças, da Diretoria Administrativa e Financeira, da Fundação Teatro Municipal do Rio de Janeiro -FTM/RJ, da",https://www.ioerj.com.br/portal/modules/conteudoonline/mostra_edicao.php?session=VFRCYVExRlZSWGRTYWtWMFQwUk5NMUZUTURCU1JFSkhURlJyTTAxNmEzUk9SRVY2VW10V1JVOUZUVFZSVkVsNVRWUmpNMDlFYTNoT2VtZDVUMUU5UFE9PQ==,D:\github\exoneracoes_nomeacoes_dou\LAKE\RJ\2013\10\DOERJ_PARTE_I_PODER_EXECUTIVO_2013-10-24.md
RJ,Diario Oficial do Estado do Rio de Janeiro,2013-10-24,Parte I (Poder Executivo),exoneracao,ANGELA MENDES,4317049-8,,Secretario,5,Wilson Jose Witzel - Governador,Wilson Jose Witzel,Executivo estadual,sim,ANGELA MENDES:PER,sim,do cargo em comissão de Chefe de Serviço,da Fundação Teatro Municipal do Rio de Janeiro - FTM/RJ,"EXONERAR com validade a contar de 01 de setembro de 2013, ANGELA MENDES DA COSTA , ID Funcional nº 4317049-8, matrícula nº 90332-8, do cargo em comissão de Chefe de Serviço, símbolo DAI-6, do Serviço de Planejamento, Orçamento e Controle, da Divisão de Orçamento e Finanças, da Diretoria Administrativa e Financeira, da Fundação Teatro Municipal do Rio de Janeiro - FTM/RJ, da",https://www.ioerj.com.br/portal/modules/conteudoonline/mostra_edicao.php?session=VFRCYVExRlZSWGRTYWtWMFQwUk5NMUZUTURCU1JFSkhURlJyTTAxNmEzUk9SRVY2VW10V1JVOUZUVFZSVkVsNVRWUmpNMDlFYTNoT2VtZDVUMUU5UFE9PQ==,D:\github\exoneracoes_nomeacoes_dou\LAKE\RJ\2013\10\DOERJ_PARTE_I_PODER_EXECUTIVO_2013-10-24.md
RJ,Diario Oficial do Estado do Rio de Janeiro,2013-10-24,Parte I (Poder Executivo),nomeacao,MARISA DA FONTE KÔNIG,,,Secretario,5,Wilson Jose Witzel - Governador,Wilson Jose Witzel,Executivo estadual,sim,MARISA DA FONTE KÔNIG:MISC|Marisa Da Fonte:PER,sim,,do Departamento de Administração e Finanças,"NOMEAR MARISA DA FONTE KÔNIG para exercer, com validade a contar de 01 de outubro de 2013, o cargo em comissão de Assistente, símbolo DAS-6, da Divisão de Tesouraria, do Departamento de Administração e Finanças, da Vice-Presidência Administrativa, da Superintendência de Desportos do Estado do Rio de Janeiro - SUDERJ, da",https://www.ioerj.com.br/portal/modules/conteudoonline/mostra_edicao.php?session=VFRCYVExRlZSWGRTYWtWMFQwUk5NMUZUTURCU1JFSkhURlJyTTAxNmEzUk9SRVY2VW10V1JVOUZUVFZSVkVsNVRWUmpNMDlFYTNoT2VtZDVUMUU5UFE9PQ==,D:\github\exoneracoes_nomeacoes_dou\LAKE\RJ\2013\10\DOERJ_PARTE_I_PODER_EXECUTIVO_2013-10-24.md
RJ,Diario Oficial do Estado do Rio de Janeiro,2013-10-24,Parte I (Poder Executivo),nomeacao,MARCOS ROBERTO DIAS,,,Secretario,5,Wilson Jose Witzel - Governador,Wilson Jose Witzel,Executivo estadual,sim,MARCOS ROBERTO DIAS:MISC|Marcos Roberto Dias:PER,sim,,,"NOMEAR MARCOS ROBERTO DIAS para ocupar o cargo de Investigador Policial de 3ª classe, do Quadro Permanente da Polícia Civil do Estado do Rio de Janeiro, da",https://www.ioerj.com.br/portal/modules/conteudoonline/mostra_edicao.php?session=VFRCYVExRlZSWGRTYWtWMFQwUk5NMUZUTURCU1JFSkhURlJyTTAxNmEzUk9SRVY2VW10V1JVOUZUVFZSVkVsNVRWUmpNMDlFYTNoT2VtZDVUMUU5UFE9PQ==,D:\github\exoneracoes_nomeacoes_dou\LAKE\RJ\2013\10\DOERJ_PARTE_I_PODER_EXECUTIVO_2013-10-24.md
RJ,Diario Oficial do Estado do Rio de Janeiro,2013-10-24,Parte I (Poder Executivo),nomeacao,CARLOS ALBERTO CIPRIANO DE OLIVEIRA,,,Secretario,5,Wilson Jose Witzel - Governador,Wilson Jose Witzel,Executivo estadual,sim,CARLOS ALBERTO CIPRIANO DE OLIVEIRA:PER,sim,,,"NOMEAR CARLOS ALBERTO CIPRIANO DE OLIVEIRA para ocupar o cargo de Inspetor de Polícia de 6ª Classe, do Quadro Permanente da Polícia Civil do Estado do Rio de Janeiro, da",https://www.ioerj.com.br/portal/modules/conteudoonline/mostra_edicao.php?session=VFRCYVExRlZSWGRTYWtWMFQwUk5NMUZUTURCU1JFSkhURlJyTTAxNmEzUk9SRVY2VW10V1JVOUZUVFZSVkVsNVRWUmpNMDlFYTNoT2VtZDVUMUU5UFE9PQ==,D:\github\exoneracoes_nomeacoes_dou\LAKE\RJ\2013\10\DOERJ_PARTE_I_PODER_EXECUTIVO_2013-10-24.md
RJ,Diario Oficial do Estado do Rio de Janeiro,2013-10-24,Parte I (Poder Executivo),nomeacao,CÍCERO GONÇALVES LOPES DA SILVA,,,Secretario,5,Wilson Jose Witzel - Governador,Wilson Jose Witzel,Executivo estadual,sim,CÍCERO GONÇALVES LOPES DA SILVA:PER,sim,,,"NOMEAR na condição sub judice e em caráter provisório, CÍCERO GONÇALVES LOPES DA SILVA para ocupar o posto de Inspetor de Segurança e Administração Penitenciária, na Classe III (Inicial), do Quadro I - Permanente da",https://www.ioerj.com.br/portal/modules/conteudoonline/mostra_edicao.php?session=VFRCYVExRlZSWGRTYWtWMFQwUk5NMUZUTURCU1JFSkhURlJyTTAxNmEzUk9SRVY2VW10V1JVOUZUVFZSVkVsNVRWUmpNMDlFYTNoT2VtZDVUMUU5UFE9PQ==,D:\github\exoneracoes_nomeacoes_dou\LAKE\RJ\2013\10\DOERJ_PARTE_I_PODER_EXECUTIVO_2013-10-24.md
RJ,Diario Oficial do Estado do Rio de Janeiro,2013-10-23,DO Campos (Poder Executivo),nomeacao,RENATA DE OLIVEIRA COLODETE MUNIZ NO CARGO DE CIRURGIÃO DENTISTA,,,,,Wilson Jose Witzel - Governador,Wilson Jose Witzel,Executivo estadual,sim,RENATA DE OLIVEIRA COLODETE MUNIZ:MISC|CARGO DE CIRURGIÃO DENTISTA:MISC|Renata De Oliveira Colodete Muniz:PER,sim,,,"NOMEAR RENATA DE OLIVEIRA COLODETE MUNIZ no cargo de Cirurgião Dentista do PSF. <!-- image --> ## Rosinha Garotinho ## -Prefeita- ## Rosinha Garotinho -Prefeita- Id: 1580599 bitação - EMHAB, o cargo em comissão de Chefe de Gabinete, Símbolo DAS-03, com vigência a contar da data de publicação. PREFEITURA MUNICIPAL DE CAMPOS DOS GOYTACAZES, 22 de outubro de 2013 ## Rosinha Garotinho - Prefeita- Id: 1580569 A mesma deverá comparecer à",https://www.ioerj.com.br/portal/modules/conteudoonline/mostra_edicao.php?session=VDFSa1JGSnFRWGhQVkZGMFRsVlpNVTVwTURCU1ZGbDNURlJvUlU5VVVYUk5SRTB6VFVSSk1FNTZaekJOZWxrMFRWUmpNMDlFYTNoUFJFVjZUVkU5UFE9PQ==,D:\github\exoneracoes_nomeacoes_dou\LAKE\RJ\2013\10\DOERJ_DO_CAMPOS_PODER_EXECUTIVO_2013-10-23.md
RJ,Diario Oficial do Estado do Rio de Janeiro,2013-10-22,Parte I (Poder Executivo),nomeacao,TENENTE-CORONEL PM,2425995-0,,,,Wilson Jose Witzel - Governador,Wilson Jose Witzel,Executivo estadual,sim,Tenente-Coronel Pm:PER,sim,,,"NOMEAR FERNANDO SALEMA GARÇÃO RIBEIRO , Tenente-Coronel PM, ID Funcional nº 2425995-0, para exercer, com validade a contar de 22 de agosto de 2013, o cargo em comissão de Comandante, símbolo DAS-7, do 35º BPM, da Polícia Militar do Estado do Rio de Janeiro, da",https://www.ioerj.com.br/portal/modules/conteudoonline/mostra_edicao.php?session=VFZSb1EwMVVTa2ROTUZWMFRrVkpORkY1TURCUmVrbDNURlZGTVZKRVkzUlJNRkY0VVdwV1ExSlZSWGxQVlVsM1RWUmpNMDlFYTNoUFJFa3hUbWM5UFE9PQ==,D:\github\exoneracoes_nomeacoes_dou\LAKE\RJ\2013\10\DOERJ_PARTE_I_PODER_EXECUTIVO_2013-10-22.md
RJ,Diario Oficial do Estado do Rio de Janeiro,2013-10-22,Parte I (Poder Executivo),nomeacao,PAULO EDUARDO PINHEIRO GUIMARÃES,,,Secretario,5,Wilson Jose Witzel - Governador,Wilson Jose Witzel,Executivo estadual,sim,PAULO:PER,sim,,,"NOMEAR PAULO EDUARDO PINHEIRO GUIMARÃES para exercer, com validade a contar de 11 de outubro de 2013, o cargo em comissão de Ajudante I, símbolo DAI-1, da",https://www.ioerj.com.br/portal/modules/conteudoonline/mostra_edicao.php?session=VFZSb1EwMVVTa2ROTUZWMFRrVkpORkY1TURCUmVrbDNURlZGTVZKRVkzUlJNRkY0VVdwV1ExSlZSWGxQVlVsM1RWUmpNMDlFYTNoUFJFa3hUbWM5UFE9PQ==,D:\github\exoneracoes_nomeacoes_dou\LAKE\RJ\2013\10\DOERJ_PARTE_I_PODER_EXECUTIVO_2013-10-22.md
RJ,Diario Oficial do Estado do Rio de Janeiro,2013-10-22,DO Campos (Poder Executivo),nomeacao,EDSON SIQUEIRA MENEZES,,,,,Wilson Jose Witzel - Governador,Wilson Jose Witzel,Executivo estadual,sim,EDSON SIQUEIRA:PER,sim,para exercer o cargo de provimento em comissão de Chefe de Gabinete Parlamentar,,"NOMEAR Edson Siqueira Menezes, para exercer o cargo de provimento em comissão de Chefe de Gabinete Parlamentar, da Câmara Municipal de Campos dos Goytacazes, Símbolo CC-1, a partir de 1º de outubro de 2013. Campos dos Goytacazes, 18 de outubro de 2013. ## EDSON BATISTA -Presidente- ## PORTARIA Nº 0409/2013 O Presidente da Câmara Municipal de Campos dos Goytacazes, Estado do Rio de Janeiro, no uso de suas atribuições legais, R-E-S-O-L-V-E",https://www.ioerj.com.br/portal/modules/conteudoonline/mostra_edicao.php?session=VGtSc1JWRlVTWGRQVkUxMFVrVlJOVTU1TURCU1ZGa3hURlJyTTAwd1VYUlJWVlUxVFhwWk1VMVZWa05QVlVwSFRWUmpNMDlFYTNoUFJFa3hUbWM5UFE9PQ==,D:\github\exoneracoes_nomeacoes_dou\LAKE\RJ\2013\10\DOERJ_DO_CAMPOS_PODER_EXECUTIVO_2013-10-22.md
RJ,Diario Oficial do Estado do Rio de Janeiro,2013-10-21,Parte I (Poder Executivo),exoneracao,LUIZ OSWALDO VIEIRA FILHO,,,Secretario,5,Wilson Jose Witzel - Governador,Wilson Jose Witzel,Executivo estadual,sim,LUIZ OSWALDO VIEIRA FILHO:PER,sim,do cargo em comissão de Chefe de Serviço,do Departamento de Trânsito do Estado do Rio de Janeiro - DETRAN/RJ,"EXONERAR LUIZ OSWALDO VIEIRA FILHO do cargo em comissão de Chefe de Serviço, símbolo DAI-6, da Unidade de Serviço Descentralizado -USD, da Coordenadoria de Serviços Descentralizados, da Coordenadoria Geral de Integração de Serviços, do Departamento de Trânsito do Estado do Rio de Janeiro - DETRAN/RJ, da",https://www.ioerj.com.br/portal/modules/conteudoonline/mostra_edicao.php?session=VFd0Tk1rNUVXVFZTYWxsMFRtcEtRMDFETURCT1ZHZDNURlZHUlUxcldYUlJhMUpIVFZWS1FrMVZVa0pTUkZGNlRWUmpNMDlFYTNoUFJGa3pUWGM5UFE9PQ==,D:\github\exoneracoes_nomeacoes_dou\LAKE\RJ\2013\10\DOERJ_PARTE_I_PODER_EXECUTIVO_2013-10-21.md
RJ,Diario Oficial do Estado do Rio de Janeiro,2013-10-21,Parte I (Poder Executivo),exoneracao,TENENTE-CORONEL BM,02604534-6,,Secretario,5,Wilson Jose Witzel - Governador,Wilson Jose Witzel,Executivo estadual,sim,BM:LOC|Tenente-Coronel Bm:PER,sim,do cargo em comissão de Subdiretor Geral,,"EXONERAR MARCELO GISLER , Tenente-Coronel BM, ID Funcional nº 02604534-6, do cargo em comissão de Subdiretor Geral, símbolo DAS-7, da Subdiretoria-Geral de Apoio Logístico, da DiretoriaGeral de Apoio Logístico, do Subcomando-Geral do CBMERJ, do Corpo de Bombeiros Militar do Estado do Rio de Janeiro - CBMERJ, da",https://www.ioerj.com.br/portal/modules/conteudoonline/mostra_edicao.php?session=VFd0Tk1rNUVXVFZTYWxsMFRtcEtRMDFETURCT1ZHZDNURlZHUlUxcldYUlJhMUpIVFZWS1FrMVZVa0pTUkZGNlRWUmpNMDlFYTNoUFJGa3pUWGM5UFE9PQ==,D:\github\exoneracoes_nomeacoes_dou\LAKE\RJ\2013\10\DOERJ_PARTE_I_PODER_EXECUTIVO_2013-10-21.md
RJ,Diario Oficial do Estado do Rio de Janeiro,2013-10-21,Parte I (Poder Executivo),nomeacao,TENENTE-CORONEL BM,00611539-0,,Secretario,5,Wilson Jose Witzel - Governador,Wilson Jose Witzel,Executivo estadual,sim,BM:LOC|Tenente-Coronel Bm:PER,sim,para exercer o cargo em comissão de Comandante de Centro I,,"NOMEAR AURELIO PEREIRA DE CARVALHO , Tenente-Coronel BM, ID Funcional nº 00611539-0, para exercer o cargo em comissão de Comandante de Centro I, símbolo DAI-6, do Centro de Educação Profissional em Atendimento Pré-Hospitalar, da Diretoria Geral de Ensino e Instrução, do Subcomando-Geral do CBMERJ, do Corpo de Bombeiros Militar do Estado do Rio de Janeiro - CBMERJ, da",https://www.ioerj.com.br/portal/modules/conteudoonline/mostra_edicao.php?session=VFd0Tk1rNUVXVFZTYWxsMFRtcEtRMDFETURCT1ZHZDNURlZHUlUxcldYUlJhMUpIVFZWS1FrMVZVa0pTUkZGNlRWUmpNMDlFYTNoUFJGa3pUWGM5UFE9PQ==,D:\github\exoneracoes_nomeacoes_dou\LAKE\RJ\2013\10\DOERJ_PARTE_I_PODER_EXECUTIVO_2013-10-21.md
RJ,Diario Oficial do Estado do Rio de Janeiro,2013-10-21,Parte I (Poder Executivo),exoneracao,TENENTE-CORONEL BM,2662765-5,,Secretario,5,Wilson Jose Witzel - Governador,Wilson Jose Witzel,Executivo estadual,sim,BM:LOC|Tenente-Coronel Bm:PER,sim,do cargo em comissão de Comandante de Centro I,,"EXONERAR CLÁUDIA REGINA PIMENTA SETTA DIAS , Tenente-Coronel BM, ID Funcional nº 2662765-5, do cargo em comissão de Comandante de Centro I, símbolo DAI-6, do Centro de Educação Profissional em Atendimento Pré-Hospitalar, da Diretoria Geral de Ensino e Instrução, do Subcomando-Geral do CBMERJ, do Corpo de Bombeiros Militar do Estado do Rio de Janeiro - CBMERJ, da",https://www.ioerj.com.br/portal/modules/conteudoonline/mostra_edicao.php?session=VFd0Tk1rNUVXVFZTYWxsMFRtcEtRMDFETURCT1ZHZDNURlZHUlUxcldYUlJhMUpIVFZWS1FrMVZVa0pTUkZGNlRWUmpNMDlFYTNoUFJGa3pUWGM5UFE9PQ==,D:\github\exoneracoes_nomeacoes_dou\LAKE\RJ\2013\10\DOERJ_PARTE_I_PODER_EXECUTIVO_2013-10-21.md
RJ,Diario Oficial do Estado do Rio de Janeiro,2013-10-21,Parte I (Poder Executivo),exoneracao,MAJOR BM,0612094-6,,Secretario,5,Wilson Jose Witzel - Governador,Wilson Jose Witzel,Executivo estadual,sim,MAJOR BM:LOC|Major Bm:PER,sim,do cargo em comissão de Comandante de Destacamento,,"EXONERAR ANDRE LUIZ DE CARVALHO NASCIMENTO , Major BM, ID Funcional nº 0612094-6, do cargo em comissão de Comandante de Destacamento, símbolo DAI-6, do 1º Destacamento de Bombeiro Militar (DBM 1/22 - Barra do Piraí), do 22º Grupamento de Bombeiro Militar - Volta Redonda, do Comando de Bombeiro de Área -CBA III -Sul, do Subcomando-Geral do CBMERJ, do Corpo de Bombeiros Militar do Estado do Rio de Janeiro - CBMERJ, da",https://www.ioerj.com.br/portal/modules/conteudoonline/mostra_edicao.php?session=VFd0Tk1rNUVXVFZTYWxsMFRtcEtRMDFETURCT1ZHZDNURlZHUlUxcldYUlJhMUpIVFZWS1FrMVZVa0pTUkZGNlRWUmpNMDlFYTNoUFJGa3pUWGM5UFE9PQ==,D:\github\exoneracoes_nomeacoes_dou\LAKE\RJ\2013\10\DOERJ_PARTE_I_PODER_EXECUTIVO_2013-10-21.md
RJ,Diario Oficial do Estado do Rio de Janeiro,2013-10-21,Parte I (Poder Executivo),nomeacao,CAPITÃO BM,00613352-5,,Secretario,5,Wilson Jose Witzel - Governador,Wilson Jose Witzel,Executivo estadual,sim,CAPITÃO BM:PER,sim,para exercer o cargo em comissão de Comandante de Destacamento,,"NOMEAR EVELYN TAVARES DIAS , Capitão BM, ID Funcional nº 00613352-5, para exercer o cargo em comissão de Comandante de Destacamento, símbolo DAI-6, do 1º Destacamento de Bombeiro Militar (DBM 1/22 - Barra do Piraí), do 22º Grupamento de Bombeiro Militar - Volta Redonda, do Comando de Bombeiro de Área - CBA III Sul, do Subcomando-Geral do CBMERJ, do Corpo de Bombeiros Militar do Estado do Rio de Janeiro - CBMERJ, da",https://www.ioerj.com.br/portal/modules/conteudoonline/mostra_edicao.php?session=VFd0Tk1rNUVXVFZTYWxsMFRtcEtRMDFETURCT1ZHZDNURlZHUlUxcldYUlJhMUpIVFZWS1FrMVZVa0pTUkZGNlRWUmpNMDlFYTNoUFJGa3pUWGM5UFE9PQ==,D:\github\exoneracoes_nomeacoes_dou\LAKE\RJ\2013\10\DOERJ_PARTE_I_PODER_EXECUTIVO_2013-10-21.md
RJ,Diario Oficial do Estado do Rio de Janeiro,2013-10-21,Parte I (Poder Executivo),nomeacao,LEANDRO GOMES ERNESTO,02645584-6,,Secretario,5,Wilson Jose Witzel - Governador,Wilson Jose Witzel,Executivo estadual,sim,LEANDRO GOMES ERNESTO:MISC|Leandro Gomes Ernesto:PER,sim,para exercer o cargo em comissão de Comandante de Destacamento,,"NOMEAR LEANDRO GOMES ERNESTO DA SILVA , Major BM, ID Funcional nº 02645584-6, para exercer o cargo em comissão de Comandante de Destacamento, símbolo DAI-6, do 1º Destacamento de Bombeiro Militar (DBM 1/GSFMA - Santa Teresa), do 1º Grupamento de Socorro Florestal e Meio Ambiente Alto da Boa Vista, do Comando de Bombeiro de Área - CBA VIII - Atividades Especializadas, do Subcomando-Geral do CBMERJ, do Corpo de Bombeiros Militar do Estado do Rio de Janeiro - CBMERJ, da",https://www.ioerj.com.br/portal/modules/conteudoonline/mostra_edicao.php?session=VFd0Tk1rNUVXVFZTYWxsMFRtcEtRMDFETURCT1ZHZDNURlZHUlUxcldYUlJhMUpIVFZWS1FrMVZVa0pTUkZGNlRWUmpNMDlFYTNoUFJGa3pUWGM5UFE9PQ==,D:\github\exoneracoes_nomeacoes_dou\LAKE\RJ\2013\10\DOERJ_PARTE_I_PODER_EXECUTIVO_2013-10-21.md
RJ,Diario Oficial do Estado do Rio de Janeiro,2013-10-21,Parte I (Poder Executivo),exoneracao,MAJOR BM,00611880-1,,Secretario,5,Wilson Jose Witzel - Governador,Wilson Jose Witzel,Executivo estadual,sim,MAJOR BM:LOC|Major Bm:PER,sim,do cargo em comissão de Comandante de Destacamento,,"EXONERAR CLAUDIO PACHECO VELLOSO , Major BM, ID Funcional nº 00611880-1, do cargo em comissão de Comandante de Destacamento, símbolo DAI-6, do 1º Destacamento de Bombeiro Militar (DBM 1/GSFMA - Santa Teresa), do 1º Grupamento de Socorro Florestal e Meio Ambiente - Alto da Boa Vista, do Comando de Bombeiro de Área - CBA VIII Atividades Especializadas, do Subcomando-Geral do CBMERJ, do Corpo de Bombeiros Militar do Estado do Rio de Janeiro -CBMERJ, da",https://www.ioerj.com.br/portal/modules/conteudoonline/mostra_edicao.php?session=VFd0Tk1rNUVXVFZTYWxsMFRtcEtRMDFETURCT1ZHZDNURlZHUlUxcldYUlJhMUpIVFZWS1FrMVZVa0pTUkZGNlRWUmpNMDlFYTNoUFJGa3pUWGM5UFE9PQ==,D:\github\exoneracoes_nomeacoes_dou\LAKE\RJ\2013\10\DOERJ_PARTE_I_PODER_EXECUTIVO_2013-10-21.md
RJ,Diario Oficial do Estado do Rio de Janeiro,2013-10-21,Parte I (Poder Executivo),exoneracao,MAJOR BM,02645326-6,,Secretario,5,Wilson Jose Witzel - Governador,Wilson Jose Witzel,Executivo estadual,sim,MAJOR BM:LOC|Major Bm:PER,sim,do cargo em comissão de Comandante de Destacamento,,"EXONERAR RICARDO SILVA FIRMINO , Major BM, ID Funcional nº 02645326-6, do cargo em comissão de Comandante de Destacamento, símbolo DAI-6, do 1º Destacamento de Bombeiro Militar (DBM 1/9 - Casemiro de Abreu), do 9º Grupamento de Bombeiro Militar - Macaé, do Comando de Bombeiro de Área - CBA V - Baixada Litorâneas, do Subcomando-Geral do CBMERJ, do Corpo de Bombeiros Militar do Estado do Rio de Janeiro - CBMERJ, da",https://www.ioerj.com.br/portal/modules/conteudoonline/mostra_edicao.php?session=VFd0Tk1rNUVXVFZTYWxsMFRtcEtRMDFETURCT1ZHZDNURlZHUlUxcldYUlJhMUpIVFZWS1FrMVZVa0pTUkZGNlRWUmpNMDlFYTNoUFJGa3pUWGM5UFE9PQ==,D:\github\exoneracoes_nomeacoes_dou\LAKE\RJ\2013\10\DOERJ_PARTE_I_PODER_EXECUTIVO_2013-10-21.md
RJ,Diario Oficial do Estado do Rio de Janeiro,2013-10-21,Parte I (Poder Executivo),nomeacao,MAJOR BM,02587307-9,,Secretario,5,Wilson Jose Witzel - Governador,Wilson Jose Witzel,Executivo estadual,sim,MAJOR BM:LOC|Major Bm:PER,sim,para exercer o cargo em comissão de Comandante de Destacamento,,"NOMEAR FABIO BARBOSA DOS SANTOS , Major BM, ID Funcional nº 02587307-9, para exercer o cargo em comissão de Comandante de Destacamento, símbolo DAI-6, do 1º Destacamento de Bombeiro Militar (DBM 1/9 - Casemiro de Abreu), do 9º Grupamento de Bombeiro Militar -Macaé, do Comando de Bombeiro de Área -CBA V - Baixada Litorâneas, do Subcomando-Geral do CBMERJ, do Corpo de Bombeiros Militar do Estado do Rio de Janeiro - CBMERJ, da",https://www.ioerj.com.br/portal/modules/conteudoonline/mostra_edicao.php?session=VFd0Tk1rNUVXVFZTYWxsMFRtcEtRMDFETURCT1ZHZDNURlZHUlUxcldYUlJhMUpIVFZWS1FrMVZVa0pTUkZGNlRWUmpNMDlFYTNoUFJGa3pUWGM5UFE9PQ==,D:\github\exoneracoes_nomeacoes_dou\LAKE\RJ\2013\10\DOERJ_PARTE_I_PODER_EXECUTIVO_2013-10-21.md
RJ,Diario Oficial do Estado do Rio de Janeiro,2013-10-21,Parte I (Poder Executivo),exoneracao,MAJOR BM,02587307-9,,Secretario,5,Wilson Jose Witzel - Governador,Wilson Jose Witzel,Executivo estadual,sim,MAJOR BM:LOC|Major Bm:PER,sim,do cargo em comissão de Comandante de Destacamento,,"EXONERAR com validade a contar de 16 de setembro de 2013, FABIO BARBOSA DOS SANTOS , Major BM, ID Funcional nº 02587307-9, do cargo em comissão de Comandante de Destacamento, símbolo DAI-6, do 2º Destacamento de Bombeiro Militar (DBM 2/9 - Aeroporto de Macaé), do 9º Grupamento de Bombeiro Militar - Macaé, do Comando de Bombeiro de Área CBA V - Baixada Litorâneas, do Subcomando-Geral do CBMERJ, do Corpo de Bombeiros Militar do Estado do Rio de Janeiro - CBMERJ, da",https://www.ioerj.com.br/portal/modules/conteudoonline/mostra_edicao.php?session=VFd0Tk1rNUVXVFZTYWxsMFRtcEtRMDFETURCT1ZHZDNURlZHUlUxcldYUlJhMUpIVFZWS1FrMVZVa0pTUkZGNlRWUmpNMDlFYTNoUFJGa3pUWGM5UFE9PQ==,D:\github\exoneracoes_nomeacoes_dou\LAKE\RJ\2013\10\DOERJ_PARTE_I_PODER_EXECUTIVO_2013-10-21.md
RJ,Diario Oficial do Estado do Rio de Janeiro,2013-10-21,Parte I (Poder Executivo),exoneracao,FERNANDO SANTOS,2589416-1,,Secretario,5,Wilson Jose Witzel - Governador,Wilson Jose Witzel,Executivo estadual,sim,FERNANDO SANTOS:PER,sim,do cargo em comissão de Comandante de Destacamento,,"EXONERAR com validade a contar de 14 de outubro de 2013, FERNANDO SANTOS DA CRUZ , Tenente-Coronel BM, ID Funcional nº 2589416-1, do cargo em comissão de Comandante de Destacamento, símbolo DAI-6, do 2º Destacamento de Bombeiro Militar (DBM 2/GOA - Aeroporto de Jacarepaguá), do Grupamento de Operações Aéreas, do Comando de Bombeiro de Área - CBA VIII - Atividades Especializadas, do Subcomando-Geral do CBMERJ, do Corpo de Bombeiros Militar do Estado do Rio de Janeiro - CBMERJ, da",https://www.ioerj.com.br/portal/modules/conteudoonline/mostra_edicao.php?session=VFd0Tk1rNUVXVFZTYWxsMFRtcEtRMDFETURCT1ZHZDNURlZHUlUxcldYUlJhMUpIVFZWS1FrMVZVa0pTUkZGNlRWUmpNMDlFYTNoUFJGa3pUWGM5UFE9PQ==,D:\github\exoneracoes_nomeacoes_dou\LAKE\RJ\2013\10\DOERJ_PARTE_I_PODER_EXECUTIVO_2013-10-21.md
RJ,Diario Oficial do Estado do Rio de Janeiro,2013-10-21,Parte I (Poder Executivo),exoneracao,LEANDRO GOMES ERNESTO,02645584-6,,Secretario,5,Wilson Jose Witzel - Governador,Wilson Jose Witzel,Executivo estadual,sim,LEANDRO GOMES ERNESTO:MISC|Leandro Gomes Ernesto:PER,sim,do cargo em comissão de Comandante de Destacamento,,"EXONERAR com validade a contar de 25 de setembro de 2013, LEANDRO GOMES ERNESTO DA SILVA , Major BM, ID Funcional nº 02645584-6, do cargo em comissão de Comandante de Destacamento, símbolo DAI-6, do 1º Destacamento de Bombeiro Militar do Grupamento Operacional do Comando Geral (DBM 1/GOCG - Aeroporto Santos Dumnont), do Grupamento Operacional do Comando Geral, do Comando de Bombeiro de Área - CBA I - Capital, do Subcomando-Geral do CBMERJ, do Corpo de Bombeiros Militar do Estado do Rio de Janeiro - CBMERJ, da",https://www.ioerj.com.br/portal/modules/conteudoonline/mostra_edicao.php?session=VFd0Tk1rNUVXVFZTYWxsMFRtcEtRMDFETURCT1ZHZDNURlZHUlUxcldYUlJhMUpIVFZWS1FrMVZVa0pTUkZGNlRWUmpNMDlFYTNoUFJGa3pUWGM5UFE9PQ==,D:\github\exoneracoes_nomeacoes_dou\LAKE\RJ\2013\10\DOERJ_PARTE_I_PODER_EXECUTIVO_2013-10-21.md
RJ,Diario Oficial do Estado do Rio de Janeiro,2013-10-21,Parte I (Poder Executivo),nomeacao,DENILSON EMILIANO,292540-4,,Secretario,5,Wilson Jose Witzel - Governador,Wilson Jose Witzel,Executivo estadual,sim,DENILSON EMILIANO:MISC|Denilson Emiliano:PER,sim,,da Subsecretaria de Planejamento e Integração Operacional,"NOMEAR DENILSON EMILIANO DA SILVA , ID Funcional nº 292540-4, para exercer, com validade a contar de 30 de setembro de 2013, o cargo em comissão de Assistente II, símbolo DAI-6, da Subsecretaria de Planejamento e Integração Operacional, da",https://www.ioerj.com.br/portal/modules/conteudoonline/mostra_edicao.php?session=VFd0Tk1rNUVXVFZTYWxsMFRtcEtRMDFETURCT1ZHZDNURlZHUlUxcldYUlJhMUpIVFZWS1FrMVZVa0pTUkZGNlRWUmpNMDlFYTNoUFJGa3pUWGM5UFE9PQ==,D:\github\exoneracoes_nomeacoes_dou\LAKE\RJ\2013\10\DOERJ_PARTE_I_PODER_EXECUTIVO_2013-10-21.md
RJ,Diario Oficial do Estado do Rio de Janeiro,2013-10-21,Parte I (Poder Executivo),exoneracao,TENENTE-CORONEL PM,2415125-4,,Secretario,5,Wilson Jose Witzel - Governador,Wilson Jose Witzel,Executivo estadual,sim,Tenente-Coronel Pm:PER,sim,do cargo em comissão de Assistente II,da Subsecretaria de Planejamento e Integração Operacional,"EXONERAR a pedido e com validade a contar de 02 de outubro de 2013, WAGNER CRISTIANO MORETZSOHN , Tenente-Coronel PM, ID Funcional nº 2415125-4, do cargo em comissão de Assistente II, símbolo DAI-6, da Subsecretaria de Planejamento e Integração Operacional, da",https://www.ioerj.com.br/portal/modules/conteudoonline/mostra_edicao.php?session=VFd0Tk1rNUVXVFZTYWxsMFRtcEtRMDFETURCT1ZHZDNURlZHUlUxcldYUlJhMUpIVFZWS1FrMVZVa0pTUkZGNlRWUmpNMDlFYTNoUFJGa3pUWGM5UFE9PQ==,D:\github\exoneracoes_nomeacoes_dou\LAKE\RJ\2013\10\DOERJ_PARTE_I_PODER_EXECUTIVO_2013-10-21.md
RJ,Diario Oficial do Estado do Rio de Janeiro,2013-10-21,Parte I (Poder Executivo),nomeacao,LUCIO ATILIO RIZZI,,,Secretario,5,Wilson Jose Witzel - Governador,Wilson Jose Witzel,Executivo estadual,sim,LUCIO:ORG|RIZZI:MISC|Atilio Rizzi:PER,sim,da Assessoria de Tecnologia da Informação,,"NOMEAR LUCIO ATILIO RIZZI para exercer, com validade a contar de 01 de outubro de 2013, o cargo em comissão de Gerente, símbolo DAS-7, da Gerência Administrativa, da Assessoria de Tecnologia da Informação, da",https://www.ioerj.com.br/portal/modules/conteudoonline/mostra_edicao.php?session=VFd0Tk1rNUVXVFZTYWxsMFRtcEtRMDFETURCT1ZHZDNURlZHUlUxcldYUlJhMUpIVFZWS1FrMVZVa0pTUkZGNlRWUmpNMDlFYTNoUFJGa3pUWGM5UFE9PQ==,D:\github\exoneracoes_nomeacoes_dou\LAKE\RJ\2013\10\DOERJ_PARTE_I_PODER_EXECUTIVO_2013-10-21.md
RJ,Diario Oficial do Estado do Rio de Janeiro,2013-10-21,Parte I (Poder Executivo),nomeacao,RAONI MARTINS LEAL,,,Secretario,5,Wilson Jose Witzel - Governador,Wilson Jose Witzel,Executivo estadual,sim,RAONI MARTINS LEAL:PER,sim,,do Gabinete do Secretário,"NOMEAR RAONI MARTINS LEAL para exercer, com validade a contar de 03 de outubro de 2013, o cargo em comissão de Assistente, símbolo DAS-6, do Gabinete do Secretário, da",https://www.ioerj.com.br/portal/modules/conteudoonline/mostra_edicao.php?session=VFd0Tk1rNUVXVFZTYWxsMFRtcEtRMDFETURCT1ZHZDNURlZHUlUxcldYUlJhMUpIVFZWS1FrMVZVa0pTUkZGNlRWUmpNMDlFYTNoUFJGa3pUWGM5UFE9PQ==,D:\github\exoneracoes_nomeacoes_dou\LAKE\RJ\2013\10\DOERJ_PARTE_I_PODER_EXECUTIVO_2013-10-21.md
RJ,Diario Oficial do Estado do Rio de Janeiro,2013-10-21,Parte I (Poder Executivo),nomeacao,TAISE SOARES PACHECO,,,Secretario,5,Wilson Jose Witzel - Governador,Wilson Jose Witzel,Executivo estadual,sim,SOARES PACHECO:MISC|Soares Pacheco:PER,sim,,da Subsecretaria Operacional,"NOMEAR TAISE SOARES PACHECO para exercer, com validade a contar de 01 de outubro de 2013, o cargo em comissão de Coordenador, símbolo DAS-8, da Coordenadoria da Região Serrana, da Diretoria Geral Regional, da Subsecretaria Operacional, da",https://www.ioerj.com.br/portal/modules/conteudoonline/mostra_edicao.php?session=VFd0Tk1rNUVXVFZTYWxsMFRtcEtRMDFETURCT1ZHZDNURlZHUlUxcldYUlJhMUpIVFZWS1FrMVZVa0pTUkZGNlRWUmpNMDlFYTNoUFJGa3pUWGM5UFE9PQ==,D:\github\exoneracoes_nomeacoes_dou\LAKE\RJ\2013\10\DOERJ_PARTE_I_PODER_EXECUTIVO_2013-10-21.md
RJ,Diario Oficial do Estado do Rio de Janeiro,2013-10-18,Parte I (Poder Executivo),nomeacao,LUCI DUPRET,4383103-6,,Governador,1,Wilson Jose Witzel - Governador,Wilson Jose Witzel,Executivo estadual,sim,LUCI DUPRET:MISC|Luci Dupret:PER,sim,da Assessoria Especial,da Fundação Centro Estadual de Estatísticas,"NOMEAR LUCI DUPRET DA CONCEIÇÃ O, ID Funcional nº 4383103-6, para exercer, com validade a contar de 01 de outubro de 2013, o cargo em comissão de Assessor Especial, símbolo VP-2, da Assessoria Especial, da Fundação Centro Estadual de Estatísticas, Pesquisas e Formação de Servidores Públicos do Rio de Janeiro -CEPERJ, da",https://www.ioerj.com.br/portal/modules/conteudoonline/mostra_edicao.php?session=VVd0Sk1GSkVaM2xQUkdOMFQxVlJlVkpUTURCU1ZVVjZURlJuZVUxNldYUlJlbGswVWxSVk1GRlZXVEJOZWtsNVRWUmpNMDlFYTNoUFJHZDVUbmM5UFE9PQ==,D:\github\exoneracoes_nomeacoes_dou\LAKE\RJ\2013\10\DOERJ_PARTE_I_PODER_EXECUTIVO_2013-10-18.md
RJ,Diario Oficial do Estado do Rio de Janeiro,2013-10-18,Parte I (Poder Executivo),exoneracao,LUCI DUPRET,4383103-6,,Governador,1,Wilson Jose Witzel - Governador,Wilson Jose Witzel,Executivo estadual,sim,LUCI DUPRET:MISC|Luci Dupret:PER,sim,do cargo em comissão de Chefe de Departamento,do Departamento de Gestão Contratual,"EXONERAR com validade a contar de 01 de outubro de 2013, LUCI DUPRET DA CONCEIÇÃO , ID Funcional nº 4383103-6, do cargo em comissão de Chefe de Departamento, símbolo DAS-7, do Departamento de Gestão Contratual, da Coordenadoria de Planejamento, da Diretoria de Concursos e Processos Seletivos, da Fundação Centro Estadual de Estatísticas, Pesquisas e Formação de Servidores Públicos do Rio de Janeiro - CEPERJ, da",https://www.ioerj.com.br/portal/modules/conteudoonline/mostra_edicao.php?session=VVd0Sk1GSkVaM2xQUkdOMFQxVlJlVkpUTURCU1ZVVjZURlJuZVUxNldYUlJlbGswVWxSVk1GRlZXVEJOZWtsNVRWUmpNMDlFYTNoUFJHZDVUbmM5UFE9PQ==,D:\github\exoneracoes_nomeacoes_dou\LAKE\RJ\2013\10\DOERJ_PARTE_I_PODER_EXECUTIVO_2013-10-18.md
RJ,Diario Oficial do Estado do Rio de Janeiro,2013-10-18,Parte I (Poder Executivo),nomeacao,MARIANNA AUGUSTA FERRARI DO OUTEIRO BERNSTEIN,4338223-1,,Governador,1,Wilson Jose Witzel - Governador,Wilson Jose Witzel,Executivo estadual,sim,MARIANNA AUGUSTA FERRARI:MISC|OUTEIRO:ORG|Marianna Augusta Ferrari:PER,sim,,da Fundação Centro de Ciências e Educação Superior à Distância do Estado do Rio de Janeiro - CECIERJ,"NOMEAR MARIANNA AUGUSTA FERRARI DO OUTEIRO BERNSTEIN, ID Funcional nº 4338223-1, para exercer, com validade a contar de 01 de outubro de 2013, o cargo em comissão de Diretor de Pólo, símbolo CECIERJ IV, do Pólos/Postos Regionais, da Diretoria de Pólos Regionais, da Vice-Presidência de Educação Superior à Distância, da Fundação Centro de Ciências e Educação Superior à Distância do Estado do Rio de Janeiro - CECIERJ, da",https://www.ioerj.com.br/portal/modules/conteudoonline/mostra_edicao.php?session=VVd0Sk1GSkVaM2xQUkdOMFQxVlJlVkpUTURCU1ZVVjZURlJuZVUxNldYUlJlbGswVWxSVk1GRlZXVEJOZWtsNVRWUmpNMDlFYTNoUFJHZDVUbmM5UFE9PQ==,D:\github\exoneracoes_nomeacoes_dou\LAKE\RJ\2013\10\DOERJ_PARTE_I_PODER_EXECUTIVO_2013-10-18.md
RJ,Diario Oficial do Estado do Rio de Janeiro,2013-10-18,Parte I (Poder Executivo),nomeacao,RENATA SANTOS,4149196-3,,Governador,1,Wilson Jose Witzel - Governador,Wilson Jose Witzel,Executivo estadual,sim,RENATA SANTOS:MISC|Renata Santos:PER,sim,,da Fundação Centro de Ciências e Educação Superior à Distância do Estado do Rio de Janeiro - CECIERJ,"NOMEAR RENATA SANTOS DA SILVA , ID Funcional nº 4149196-3, para exercer, com validade a contar de 01 de outubro de 2013, o cargo em comissão de Diretor de Pólo, símbolo CECIERJ IV, do Pólos/Postos Regionais, da Diretoria de Pólos Regionais, da VicePresidência de Educação Superior à Distância, da Fundação Centro de Ciências e Educação Superior à Distância do Estado do Rio de Janeiro - CECIERJ, da",https://www.ioerj.com.br/portal/modules/conteudoonline/mostra_edicao.php?session=VVd0Sk1GSkVaM2xQUkdOMFQxVlJlVkpUTURCU1ZVVjZURlJuZVUxNldYUlJlbGswVWxSVk1GRlZXVEJOZWtsNVRWUmpNMDlFYTNoUFJHZDVUbmM5UFE9PQ==,D:\github\exoneracoes_nomeacoes_dou\LAKE\RJ\2013\10\DOERJ_PARTE_I_PODER_EXECUTIVO_2013-10-18.md
RJ,Diario Oficial do Estado do Rio de Janeiro,2013-10-18,Parte I (Poder Executivo),exoneracao,RENATA SANTOS,4149196-3,,Governador,1,Wilson Jose Witzel - Governador,Wilson Jose Witzel,Executivo estadual,sim,RENATA SANTOS:MISC|Renata Santos:PER,sim,do cargo em comissão de Diretor de Departamento,do Departamento de Coordenação de Cursos,"EXONERAR com validade a contar de 01 de outubro de 2013, RENATA SANTOS DA SILVA , ID Funcional nº 4149196-3, do cargo em comissão de Diretor de Departamento, símbolo CECIERJ V, do Departamento de Coordenação de Cursos, da Diretoria Acadêmica, da Vice-Presidência de Educação Superior à Distância, da Fundação Centro de Ciências e Educação Superior à Distância do Estado do Rio de Janeiro - CECIERJ, da",https://www.ioerj.com.br/portal/modules/conteudoonline/mostra_edicao.php?session=VVd0Sk1GSkVaM2xQUkdOMFQxVlJlVkpUTURCU1ZVVjZURlJuZVUxNldYUlJlbGswVWxSVk1GRlZXVEJOZWtsNVRWUmpNMDlFYTNoUFJHZDVUbmM5UFE9PQ==,D:\github\exoneracoes_nomeacoes_dou\LAKE\RJ\2013\10\DOERJ_PARTE_I_PODER_EXECUTIVO_2013-10-18.md
RJ,Diario Oficial do Estado do Rio de Janeiro,2013-10-18,Parte I (Poder Executivo),nomeacao,JULIANA TELLES FONSECA PEREIRA,,,Secretario,5,Wilson Jose Witzel - Governador,Wilson Jose Witzel,Executivo estadual,sim,JULIANA TELLES FONSECA PEREIRA:PER,sim,,do Departamento de Gestão Contratual,"NOMEAR JULIANA TELLES FONSECA PEREIRA para exercer, com validade a contar de 01 de outubro de 2013, o cargo em comissão de Chefe de Departamento, símbolo DAS-7, do Departamento de Gestão Contratual, da Coordenadoria de Planejamento, da Diretoria de Concursos e Processos Seletivos, da Fundação Centro Estadual de Estatísticas, Pesquisas e Formação de Servidores Públicos do Rio de Janeiro -CEPERJ, da",https://www.ioerj.com.br/portal/modules/conteudoonline/mostra_edicao.php?session=VVd0Sk1GSkVaM2xQUkdOMFQxVlJlVkpUTURCU1ZVVjZURlJuZVUxNldYUlJlbGswVWxSVk1GRlZXVEJOZWtsNVRWUmpNMDlFYTNoUFJHZDVUbmM5UFE9PQ==,D:\github\exoneracoes_nomeacoes_dou\LAKE\RJ\2013\10\DOERJ_PARTE_I_PODER_EXECUTIVO_2013-10-18.md
RJ,Diario Oficial do Estado do Rio de Janeiro,2013-10-18,Parte I (Poder Executivo),exoneracao,CÁSSIO BASILIO,1907822-6,,Secretario,5,Wilson Jose Witzel - Governador,Wilson Jose Witzel,Executivo estadual,sim,CÁSSIO BASILIO:PER,sim,do cargo em comissão de Assistente,,"EXONERAR com validade a contar de 01 de outubro de 2013, CÁSSIO BASILIO DA COSTA , ID Funcional nº 1907822-6, do cargo em comissão de Assistente, símbolo DAS-6, da",https://www.ioerj.com.br/portal/modules/conteudoonline/mostra_edicao.php?session=VVd0Sk1GSkVaM2xQUkdOMFQxVlJlVkpUTURCU1ZVVjZURlJuZVUxNldYUlJlbGswVWxSVk1GRlZXVEJOZWtsNVRWUmpNMDlFYTNoUFJHZDVUbmM5UFE9PQ==,D:\github\exoneracoes_nomeacoes_dou\LAKE\RJ\2013\10\DOERJ_PARTE_I_PODER_EXECUTIVO_2013-10-18.md
RJ,Diario Oficial do Estado do Rio de Janeiro,2013-10-18,Parte I (Poder Executivo),nomeacao,COSME ALEXANDRE DOS SANTOS ALCANTARA,,,Secretario,5,Wilson Jose Witzel - Governador,Wilson Jose Witzel,Executivo estadual,sim,COSME:MISC|DOS:MISC|ALCANTARA:MISC|Cosme Alexandre Dos Santos:PER,sim,para exercer o cargo em comissão de Assistente,da Subsecretaria de Finanças,"NOMEAR COSME ALEXANDRE DOS SANTOS ALCANTARA para exercer o cargo em comissão de Assistente, símbolo DAS-6, da Subsecretaria de Finanças, da",https://www.ioerj.com.br/portal/modules/conteudoonline/mostra_edicao.php?session=VVd0Sk1GSkVaM2xQUkdOMFQxVlJlVkpUTURCU1ZVVjZURlJuZVUxNldYUlJlbGswVWxSVk1GRlZXVEJOZWtsNVRWUmpNMDlFYTNoUFJHZDVUbmM5UFE9PQ==,D:\github\exoneracoes_nomeacoes_dou\LAKE\RJ\2013\10\DOERJ_PARTE_I_PODER_EXECUTIVO_2013-10-18.md
RJ,Diario Oficial do Estado do Rio de Janeiro,2013-10-18,Parte I (Poder Executivo),nomeacao,INSPETOR DE POLÍCIA,2989542-1,,Secretario,5,Wilson Jose Witzel - Governador,Wilson Jose Witzel,Executivo estadual,sim,POLÍCIA:LOC|Inspetor De Polícia:PER,sim,,do Departamento Geral de Administração e Finanças,"NOMEAR ARLINDA FAISLON FERREIRA , Inspetor de Polícia, ID Funcional nº 2989542-1, para exercer, com validade a contar de 23 de agosto de 2013, o cargo em comissão de Chefe de Serviço, símbolo DAI-6, do Serviço de Apoio Técnico, do Departamento Geral de Administração e Finanças, da Polícia Civil do Estado do Rio de Janeiro, da",https://www.ioerj.com.br/portal/modules/conteudoonline/mostra_edicao.php?session=VVd0Sk1GSkVaM2xQUkdOMFQxVlJlVkpUTURCU1ZVVjZURlJuZVUxNldYUlJlbGswVWxSVk1GRlZXVEJOZWtsNVRWUmpNMDlFYTNoUFJHZDVUbmM5UFE9PQ==,D:\github\exoneracoes_nomeacoes_dou\LAKE\RJ\2013\10\DOERJ_PARTE_I_PODER_EXECUTIVO_2013-10-18.md
RJ,Diario Oficial do Estado do Rio de Janeiro,2013-10-18,Parte I (Poder Executivo),nomeacao,ALEXANDRE DA SILVA GOMES,,,Secretario,5,Wilson Jose Witzel - Governador,Wilson Jose Witzel,Executivo estadual,sim,Alexandre Da Silva Gomes:PER,sim,,,"NOMEAR ALEXANDRE DA SILVA GOMES para exercer, com validade a contar de 07 de maio de 2013, o cargo em comissão de Coordenador, símbolo DAS-8, da",https://www.ioerj.com.br/portal/modules/conteudoonline/mostra_edicao.php?session=VVd0Sk1GSkVaM2xQUkdOMFQxVlJlVkpUTURCU1ZVVjZURlJuZVUxNldYUlJlbGswVWxSVk1GRlZXVEJOZWtsNVRWUmpNMDlFYTNoUFJHZDVUbmM5UFE9PQ==,D:\github\exoneracoes_nomeacoes_dou\LAKE\RJ\2013\10\DOERJ_PARTE_I_PODER_EXECUTIVO_2013-10-18.md
RJ,Diario Oficial do Estado do Rio de Janeiro,2013-10-18,Parte I (Poder Executivo),nomeacao,TAISSA SALDANHA ROCHA DE OLIVEIRA,,,Secretario,5,Wilson Jose Witzel - Governador,Wilson Jose Witzel,Executivo estadual,sim,TAISSA SALDANHA ROCHA DE OLIVEIRA:MISC|Taissa:LOC|Saldanha Rocha De Oliveira:PER,sim,,,"NOMEAR TAISSA SALDANHA ROCHA DE OLIVEIRA para exercer, com validade a contar de 01 de outubro de 2013, o cargo em comissão de Assistente II, símbolo DAI-6, da",https://www.ioerj.com.br/portal/modules/conteudoonline/mostra_edicao.php?session=VVd0Sk1GSkVaM2xQUkdOMFQxVlJlVkpUTURCU1ZVVjZURlJuZVUxNldYUlJlbGswVWxSVk1GRlZXVEJOZWtsNVRWUmpNMDlFYTNoUFJHZDVUbmM5UFE9PQ==,D:\github\exoneracoes_nomeacoes_dou\LAKE\RJ\2013\10\DOERJ_PARTE_I_PODER_EXECUTIVO_2013-10-18.md
RJ,Diario Oficial do Estado do Rio de Janeiro,2013-10-18,Parte I (Poder Executivo),nomeacao,MARCO AURELIO GARRITANO E SILVA,,,Secretario,5,Wilson Jose Witzel - Governador,Wilson Jose Witzel,Executivo estadual,sim,MARCO AURELIO:MISC|Marco Aurelio Garritano E Silva:PER,sim,,do Departamento de Engenharia,"NOMEAR MARCO AURELIO GARRITANO E SILVA para exercer, com validade a contar de 07 de outubro de 2013, o cargo em comissão de Assistente, símbolo DAS-6, da Divisão de Planejamento e Fiscalização, do Departamento de Engenharia, da Vice-Presidência Administrativa, da Superintendência de Desportos do Estado do Rio de Janeiro -SUDERJ, da",https://www.ioerj.com.br/portal/modules/conteudoonline/mostra_edicao.php?session=VVd0Sk1GSkVaM2xQUkdOMFQxVlJlVkpUTURCU1ZVVjZURlJuZVUxNldYUlJlbGswVWxSVk1GRlZXVEJOZWtsNVRWUmpNMDlFYTNoUFJHZDVUbmM5UFE9PQ==,D:\github\exoneracoes_nomeacoes_dou\LAKE\RJ\2013\10\DOERJ_PARTE_I_PODER_EXECUTIVO_2013-10-18.md
RJ,Diario Oficial do Estado do Rio de Janeiro,2013-10-18,Parte I (Poder Executivo),nomeacao,MARCOS ANTONIO,4181842-3,,Secretario,5,Wilson Jose Witzel - Governador,Wilson Jose Witzel,Executivo estadual,sim,MARCOS ANTONIO:PER,sim,,do Departamento Geral de Ações Sócioeducativas - DEGASE,"NOMEAR MARCOS ANTONIO DA SILVA , ID Funcional nº 4181842-3, para exercer, com validade a contar de 01 de setembro de 2013, o cargo em comissão de Chefe de Setor, símbolo DAI-4, do Departamento Geral de Ações Sócioeducativas - DEGASE, da",https://www.ioerj.com.br/portal/modules/conteudoonline/mostra_edicao.php?session=VVd0Sk1GSkVaM2xQUkdOMFQxVlJlVkpUTURCU1ZVVjZURlJuZVUxNldYUlJlbGswVWxSVk1GRlZXVEJOZWtsNVRWUmpNMDlFYTNoUFJHZDVUbmM5UFE9PQ==,D:\github\exoneracoes_nomeacoes_dou\LAKE\RJ\2013\10\DOERJ_PARTE_I_PODER_EXECUTIVO_2013-10-18.md
RJ,Diario Oficial do Estado do Rio de Janeiro,2013-10-17,Parte I (Poder Executivo),nomeacao,LEANDRO BRUNO DOS SANTOS SILVA,,,Secretario,5,Wilson Jose Witzel - Governador,Wilson Jose Witzel,Executivo estadual,sim,LEANDRO BRUNO:MISC|Leandro Bruno Dos Santos Silva:PER,sim,,,"NOMEAR LEANDRO BRUNO DOS SANTOS SILVA para exercer, com validade a contar de 14 de outubro de 2013, o cargo em comissão de Ajudante I, símbolo DAI-1, da",https://www.ioerj.com.br/portal/modules/conteudoonline/mostra_edicao.php?session=VG5wU1JFOVViRWRPYWtsMFQxUm5lRkZwTURCUFJGcENURlZHUjFGcVozUlBSVXBDVWxWSk0wNVVhekJPYW1jelRWUmpNMDlFYTNoUFZFRTFUa0U5UFE9PQ==,D:\github\exoneracoes_nomeacoes_dou\LAKE\RJ\2013\10\DOERJ_PARTE_I_PODER_EXECUTIVO_2013-10-17.md
RJ,Diario Oficial do Estado do Rio de Janeiro,2013-10-17,Parte I (Poder Executivo),exoneracao,MÁRIO JOSÉ FEREU CANEDO,1939045-9,,Secretario,5,Wilson Jose Witzel - Governador,Wilson Jose Witzel,Executivo estadual,sim,MÁRIO JOSÉ FEREU:PER,sim,do cargo em comissão de Inspetor,da Subsecretaria-Adjunta de Fiscalização,"EXONERAR MÁRIO JOSÉ FEREU CANEDO DA CRUZ , Auditor Fiscal da Receita Estadual de 1ª Categoria, ID Funcional nº 1939045-9, do cargo em comissão de Inspetor, símbolo DAS-8, da Inspetoria de Fiscalização Especializada de Supermercados e Lojas de Departamento, da Inspetoria de Fiscalização Especializada, da Subsecretaria-Adjunta de Fiscalização, da Subsecretaria de Receita, da",https://www.ioerj.com.br/portal/modules/conteudoonline/mostra_edicao.php?session=VG5wU1JFOVViRWRPYWtsMFQxUm5lRkZwTURCUFJGcENURlZHUjFGcVozUlBSVXBDVWxWSk0wNVVhekJPYW1jelRWUmpNMDlFYTNoUFZFRTFUa0U5UFE9PQ==,D:\github\exoneracoes_nomeacoes_dou\LAKE\RJ\2013\10\DOERJ_PARTE_I_PODER_EXECUTIVO_2013-10-17.md
RJ,Diario Oficial do Estado do Rio de Janeiro,2013-10-17,Parte I (Poder Executivo),nomeacao,FLAVIO FERNANDES,1955495-8,,Secretario,5,Wilson Jose Witzel - Governador,Wilson Jose Witzel,Executivo estadual,sim,FLAVIO FERNANDES:MISC|Flavio Fernandes:PER,sim,para exercer o cargo em comissão de Chefe de Posto Fiscal,da Subsecretaria-Adjunta de Fiscalização,"NOMEAR FLAVIO FERNANDES DA SILVA , Auditor Fiscal da Receita Estadual de 1ª Categoria, ID Funcional nº 1955495-8, para exercer o cargo em comissão de Chefe de Posto Fiscal, símbolo DAS-6, do Posto de Controle Interestadual de Levy Gasparian, da Inspetoria de Fiscalização Especializada de Barreiras Fiscais, Trânsito de Mercadorias e Prestação de Serviços Transportes Intermunicipais e Interestaduais, da Inspetoria de Fiscalização Especializada, da Subsecretaria-Adjunta de Fiscalização, da Subsecretaria de Receita, da",https://www.ioerj.com.br/portal/modules/conteudoonline/mostra_edicao.php?session=VG5wU1JFOVViRWRPYWtsMFQxUm5lRkZwTURCUFJGcENURlZHUjFGcVozUlBSVXBDVWxWSk0wNVVhekJPYW1jelRWUmpNMDlFYTNoUFZFRTFUa0U5UFE9PQ==,D:\github\exoneracoes_nomeacoes_dou\LAKE\RJ\2013\10\DOERJ_PARTE_I_PODER_EXECUTIVO_2013-10-17.md
RJ,Diario Oficial do Estado do Rio de Janeiro,2013-10-17,Parte I (Poder Executivo),nomeacao,TENENTE-CORONEL PM,2371214-7,,Secretario,5,Wilson Jose Witzel - Governador,Wilson Jose Witzel,Executivo estadual,sim,Tenente-Coronel Pm:PER,sim,,,"NOMEAR MARCELO DOS SANTOS GOMES , Tenente-Coronel PM, ID Funcional nº 2371214-7, para exercer, com validade a contar de 16 de setembro de 2013, o cargo em comissão de Chefe, símbolo DAS-7, do Centro de Criminalística da Polícia Militar, da Polícia Militar do Estado do Rio de Janeiro, da",https://www.ioerj.com.br/portal/modules/conteudoonline/mostra_edicao.php?session=VG5wU1JFOVViRWRPYWtsMFQxUm5lRkZwTURCUFJGcENURlZHUjFGcVozUlBSVXBDVWxWSk0wNVVhekJPYW1jelRWUmpNMDlFYTNoUFZFRTFUa0U5UFE9PQ==,D:\github\exoneracoes_nomeacoes_dou\LAKE\RJ\2013\10\DOERJ_PARTE_I_PODER_EXECUTIVO_2013-10-17.md
RJ,Diario Oficial do Estado do Rio de Janeiro,2013-10-17,Parte I (Poder Executivo),nomeacao,TENENTE-CORONEL PM,2491564-5,,Secretario,5,Wilson Jose Witzel - Governador,Wilson Jose Witzel,Executivo estadual,sim,Tenente-Coronel Pm:PER,sim,,,"NOMEAR ALEXANDRE COSTA REIMÃO , Tenente-Coronel PM, ID Funcional nº 2491564-5, para exercer, com validade a contar de 20 de agosto de 2013, o cargo em comissão de Chefe de Seção EMG, símbolo DAS-7, da 4ª Seção, do Estado Maior Geral, da Polícia Militar do Estado do Rio de Janeiro, da",https://www.ioerj.com.br/portal/modules/conteudoonline/mostra_edicao.php?session=VG5wU1JFOVViRWRPYWtsMFQxUm5lRkZwTURCUFJGcENURlZHUjFGcVozUlBSVXBDVWxWSk0wNVVhekJPYW1jelRWUmpNMDlFYTNoUFZFRTFUa0U5UFE9PQ==,D:\github\exoneracoes_nomeacoes_dou\LAKE\RJ\2013\10\DOERJ_PARTE_I_PODER_EXECUTIVO_2013-10-17.md
RJ,Diario Oficial do Estado do Rio de Janeiro,2013-10-17,Parte I (Poder Executivo),nomeacao,WALTER TEIXEIRA,2286852-6,,Secretario,5,Wilson Jose Witzel - Governador,Wilson Jose Witzel,Executivo estadual,sim,TEIXEIRA:ORG|Walter Teixeira:PER,sim,,,"NOMEAR WALTER TEIXEIRA DA SILVA JÚNIOR , TenenteCoronel PM, ID Funcional nº 2286852-6, para exercer, com validade a contar de 21 de agosto de 2013, o cargo em comissão de Comandante, símbolo DAS-7, do 22º BPM, da Polícia Militar do Estado do Rio de Janeiro, da",https://www.ioerj.com.br/portal/modules/conteudoonline/mostra_edicao.php?session=VG5wU1JFOVViRWRPYWtsMFQxUm5lRkZwTURCUFJGcENURlZHUjFGcVozUlBSVXBDVWxWSk0wNVVhekJPYW1jelRWUmpNMDlFYTNoUFZFRTFUa0U5UFE9PQ==,D:\github\exoneracoes_nomeacoes_dou\LAKE\RJ\2013\10\DOERJ_PARTE_I_PODER_EXECUTIVO_2013-10-17.md
RJ,Diario Oficial do Estado do Rio de Janeiro,2013-10-17,Parte I (Poder Executivo),nomeacao,RONALDO MARTINS GOMES,2182864-4,,Secretario,5,Wilson Jose Witzel - Governador,Wilson Jose Witzel,Executivo estadual,sim,RONALDO MARTINS GOMES:MISC|Ronaldo Martins Gomes:PER,sim,,,"NOMEAR RONALDO MARTINS GOMES DA SILVA , Tenente-Coronel PM, ID Funcional nº 2182864-4, para exercer, com validade a contar de 14 de agosto de 2013, o cargo em comissão de Comandante, símbolo DAS-7, do 40º BPM, da Polícia Militar do Estado do Rio de Janeiro, da",https://www.ioerj.com.br/portal/modules/conteudoonline/mostra_edicao.php?session=VG5wU1JFOVViRWRPYWtsMFQxUm5lRkZwTURCUFJGcENURlZHUjFGcVozUlBSVXBDVWxWSk0wNVVhekJPYW1jelRWUmpNMDlFYTNoUFZFRTFUa0U5UFE9PQ==,D:\github\exoneracoes_nomeacoes_dou\LAKE\RJ\2013\10\DOERJ_PARTE_I_PODER_EXECUTIVO_2013-10-17.md
RJ,Diario Oficial do Estado do Rio de Janeiro,2013-10-17,Parte I (Poder Executivo),nomeacao,TENENTE-CORONEL PM DENTISTA,2461255-3,,Secretario,5,Wilson Jose Witzel - Governador,Wilson Jose Witzel,Executivo estadual,sim,Tenente-Coronel Pm Dentista:PER,sim,,,"NOMEAR PAULO OCTÁVIO PINHO BRUNO , Tenente-Coronel PM Dentista, ID Funcional nº 2461255-3, para exercer, com validade a contar de 02 de setembro de 2013, o cargo em comissão de Diretor de Odontoclínica, símbolo DAS-7, da Odontoclínica Central, da Polícia Militar do Estado do Rio de Janeiro, da",https://www.ioerj.com.br/portal/modules/conteudoonline/mostra_edicao.php?session=VG5wU1JFOVViRWRPYWtsMFQxUm5lRkZwTURCUFJGcENURlZHUjFGcVozUlBSVXBDVWxWSk0wNVVhekJPYW1jelRWUmpNMDlFYTNoUFZFRTFUa0U5UFE9PQ==,D:\github\exoneracoes_nomeacoes_dou\LAKE\RJ\2013\10\DOERJ_PARTE_I_PODER_EXECUTIVO_2013-10-17.md
RJ,Diario Oficial do Estado do Rio de Janeiro,2013-10-17,Parte I (Poder Executivo),nomeacao,JÚLIO CÉSAR,2241728-1,,Secretario,5,Wilson Jose Witzel - Governador,Wilson Jose Witzel,Executivo estadual,sim,JÚLIO CÉSAR:PER,sim,,,"NOMEAR JÚLIO CÉSAR DA SILVA CASTRO , Major PM, ID Funcional nº 2241728-1, para exercer, com validade a contar de 01 de julho de 2013, o cargo em comissão de Assistente, símbolo DAS6, da Seção de Identificação, da Diretoria Geral de Pessoal, da Polícia Militar do Estado do Rio de Janeiro, da",https://www.ioerj.com.br/portal/modules/conteudoonline/mostra_edicao.php?session=VG5wU1JFOVViRWRPYWtsMFQxUm5lRkZwTURCUFJGcENURlZHUjFGcVozUlBSVXBDVWxWSk0wNVVhekJPYW1jelRWUmpNMDlFYTNoUFZFRTFUa0U5UFE9PQ==,D:\github\exoneracoes_nomeacoes_dou\LAKE\RJ\2013\10\DOERJ_PARTE_I_PODER_EXECUTIVO_2013-10-17.md
RJ,Diario Oficial do Estado do Rio de Janeiro,2013-10-17,Parte I (Poder Executivo),nomeacao,MARIA GISELI,5005016-8,,Secretario,5,Wilson Jose Witzel - Governador,Wilson Jose Witzel,Executivo estadual,sim,MARIA GISELI:PER,sim,para exercer o cargo em comissão de Coordenador,da Superintendência de Atenção Especializada,"NOMEAR MARIA GISELI DA COSTA LEITE FERREIRA , ID Funcional nº 5005016-8, para exercer o cargo em comissão de Coordenador, símbolo DAS-8, da Coordenação Geral de Atenção Especializada e Gestão da Tecnologia, da Superintendência de Atenção Especializada, Controle e Avaliação, da Subsecretaria de Atenção à Saúde, da",https://www.ioerj.com.br/portal/modules/conteudoonline/mostra_edicao.php?session=VG5wU1JFOVViRWRPYWtsMFQxUm5lRkZwTURCUFJGcENURlZHUjFGcVozUlBSVXBDVWxWSk0wNVVhekJPYW1jelRWUmpNMDlFYTNoUFZFRTFUa0U5UFE9PQ==,D:\github\exoneracoes_nomeacoes_dou\LAKE\RJ\2013\10\DOERJ_PARTE_I_PODER_EXECUTIVO_2013-10-17.md
RJ,Diario Oficial do Estado do Rio de Janeiro,2013-10-17,Parte I (Poder Executivo),exoneracao,LUIS FELIPE DE ALMEIDA,,,Secretario,5,Wilson Jose Witzel - Governador,Wilson Jose Witzel,Executivo estadual,sim,LUIS FELIPE DE ALMEIDA:ORG|Luis Felipe De Almeida:PER,sim,do cargo em comissão de Assistente II,da Subsecretaria de Unidades Próprias,"EXONERAR LUIS FELIPE DE ALMEIDA DA SILVA , ID. FUNCIONAL Nº 575237-0, do cargo em comissão de Assistente II, símbolo DAI-6, da Coordenação Geral do Pré Hospitalar Móvel, da Subsecretaria de Unidades Próprias, da",https://www.ioerj.com.br/portal/modules/conteudoonline/mostra_edicao.php?session=VG5wU1JFOVViRWRPYWtsMFQxUm5lRkZwTURCUFJGcENURlZHUjFGcVozUlBSVXBDVWxWSk0wNVVhekJPYW1jelRWUmpNMDlFYTNoUFZFRTFUa0U5UFE9PQ==,D:\github\exoneracoes_nomeacoes_dou\LAKE\RJ\2013\10\DOERJ_PARTE_I_PODER_EXECUTIVO_2013-10-17.md
RJ,Diario Oficial do Estado do Rio de Janeiro,2013-10-17,Parte I (Poder Executivo),nomeacao,PAULO ROBERTO DOS REIS,,,Secretario,5,Wilson Jose Witzel - Governador,Wilson Jose Witzel,Executivo estadual,sim,PAULO:PER,sim,para exercer o cargo em comissão de Ajudante I,,"NOMEAR PAULO ROBERTO DOS REIS para exercer o cargo em comissão de Ajudante I, símbolo DAI-1, da",https://www.ioerj.com.br/portal/modules/conteudoonline/mostra_edicao.php?session=VG5wU1JFOVViRWRPYWtsMFQxUm5lRkZwTURCUFJGcENURlZHUjFGcVozUlBSVXBDVWxWSk0wNVVhekJPYW1jelRWUmpNMDlFYTNoUFZFRTFUa0U5UFE9PQ==,D:\github\exoneracoes_nomeacoes_dou\LAKE\RJ\2013\10\DOERJ_PARTE_I_PODER_EXECUTIVO_2013-10-17.md
RJ,Diario Oficial do Estado do Rio de Janeiro,2013-10-17,Parte I (Poder Executivo),nomeacao,ALESSANDRA PEREIRA SILVA,,,Secretario,5,Wilson Jose Witzel - Governador,Wilson Jose Witzel,Executivo estadual,sim,ALESSANDRA PEREIRA:PER,sim,,da Superintendência de Orçamento e Finanças,"NOMEAR ALESSANDRA PEREIRA SILVA para exercer, com validade a contar de 21 de outubro de 2013, o cargo em comissão de Assistente II, símbolo DAI-6, da Diretoria de Prestação de Contas, da Superintendência de Orçamento e Finanças, da Subsecretaria Executiva, da",https://www.ioerj.com.br/portal/modules/conteudoonline/mostra_edicao.php?session=VG5wU1JFOVViRWRPYWtsMFQxUm5lRkZwTURCUFJGcENURlZHUjFGcVozUlBSVXBDVWxWSk0wNVVhekJPYW1jelRWUmpNMDlFYTNoUFZFRTFUa0U5UFE9PQ==,D:\github\exoneracoes_nomeacoes_dou\LAKE\RJ\2013\10\DOERJ_PARTE_I_PODER_EXECUTIVO_2013-10-17.md
RJ,Diario Oficial do Estado do Rio de Janeiro,2013-10-17,Parte I (Poder Executivo),nomeacao,VALDINEI FERNANDES,1989501-1,,Secretario,5,Wilson Jose Witzel - Governador,Wilson Jose Witzel,Executivo estadual,sim,VALDINEI FERNANDES:MISC|Valdinei Fernandes:PER,sim,,do Departamento Geral de Ações Sócioeducativas - DEGASE,"NOMEAR VALDINEI FERNANDES DA SILVA , ID Funcional nº 1989501-1, para exercer, com validade a contar de 01 de setembro de 2013, o cargo em comissão de Chefe de Setor, símbolo DAI-4, do Departamento Geral de Ações Sócioeducativas - DEGASE, da",https://www.ioerj.com.br/portal/modules/conteudoonline/mostra_edicao.php?session=VG5wU1JFOVViRWRPYWtsMFQxUm5lRkZwTURCUFJGcENURlZHUjFGcVozUlBSVXBDVWxWSk0wNVVhekJPYW1jelRWUmpNMDlFYTNoUFZFRTFUa0U5UFE9PQ==,D:\github\exoneracoes_nomeacoes_dou\LAKE\RJ\2013\10\DOERJ_PARTE_I_PODER_EXECUTIVO_2013-10-17.md
RJ,Diario Oficial do Estado do Rio de Janeiro,2013-10-17,Parte I (Poder Executivo),nomeacao,ADEILSON FERNANDES,1980775-9,,Secretario,5,Wilson Jose Witzel - Governador,Wilson Jose Witzel,Executivo estadual,sim,ADEILSON FERNANDES:PER,sim,,do Departamento Geral de Ações Sócioeducativas - DEGASE,"NOMEAR ADEILSON FERNANDES DA SILVA , ID Funcional nº 1980775-9, para exercer, com validade a contar de 01 de setembro de 2013, o cargo em comissão de Chefe de Setor, símbolo DAI-4, do Departamento Geral de Ações Sócioeducativas - DEGASE, da",https://www.ioerj.com.br/portal/modules/conteudoonline/mostra_edicao.php?session=VG5wU1JFOVViRWRPYWtsMFQxUm5lRkZwTURCUFJGcENURlZHUjFGcVozUlBSVXBDVWxWSk0wNVVhekJPYW1jelRWUmpNMDlFYTNoUFZFRTFUa0U5UFE9PQ==,D:\github\exoneracoes_nomeacoes_dou\LAKE\RJ\2013\10\DOERJ_PARTE_I_PODER_EXECUTIVO_2013-10-17.md
RJ,Diario Oficial do Estado do Rio de Janeiro,2013-10-17,Parte I (Poder Executivo),nomeacao,LUIZ CLÁUDIO,4253394-5,,Secretario,5,Wilson Jose Witzel - Governador,Wilson Jose Witzel,Executivo estadual,sim,LUIZ CLÁUDIO:PER,sim,,do Departamento Geral de Ações Sócioeducativas - DEGASE,"NOMEAR LUIZ CLÁUDIO DA SILVA GOMES , ID Funcional nº 4253394-5, para exercer, com validade a contar de 01 de setembro de 2013, o cargo em comissão de Chefe de Setor, símbolo DAI-4, do Departamento Geral de Ações Sócioeducativas - DEGASE, da",https://www.ioerj.com.br/portal/modules/conteudoonline/mostra_edicao.php?session=VG5wU1JFOVViRWRPYWtsMFQxUm5lRkZwTURCUFJGcENURlZHUjFGcVozUlBSVXBDVWxWSk0wNVVhekJPYW1jelRWUmpNMDlFYTNoUFZFRTFUa0U5UFE9PQ==,D:\github\exoneracoes_nomeacoes_dou\LAKE\RJ\2013\10\DOERJ_PARTE_I_PODER_EXECUTIVO_2013-10-17.md
RJ,Diario Oficial do Estado do Rio de Janeiro,2013-10-17,Parte I (Poder Executivo),nomeacao,GUSTAVO RODRIGUES DE ANDRADE SILVA,5009665-6,,Secretario,5,Wilson Jose Witzel - Governador,Wilson Jose Witzel,Executivo estadual,sim,GUSTAVO RODRIGUES DE ANDRADE:PER,sim,,do Departamento Geral de Ações Sócioeducativas - DEGASE,"NOMEAR GUSTAVO RODRIGUES DE ANDRADE SILVA, ID Funcional nº 5009665-6, para exercer, com validade a contar de 01 de setembro de 2013, o cargo em comissão de Chefe de Setor, símbolo DAI-4, do Departamento Geral de Ações Sócioeducativas - DEGASE, da",https://www.ioerj.com.br/portal/modules/conteudoonline/mostra_edicao.php?session=VG5wU1JFOVViRWRPYWtsMFQxUm5lRkZwTURCUFJGcENURlZHUjFGcVozUlBSVXBDVWxWSk0wNVVhekJPYW1jelRWUmpNMDlFYTNoUFZFRTFUa0U5UFE9PQ==,D:\github\exoneracoes_nomeacoes_dou\LAKE\RJ\2013\10\DOERJ_PARTE_I_PODER_EXECUTIVO_2013-10-17.md
RJ,Diario Oficial do Estado do Rio de Janeiro,2013-10-17,Parte I (Poder Executivo),nomeacao,IVAN SÉRGIO,4425313-3,,Secretario,5,Wilson Jose Witzel - Governador,Wilson Jose Witzel,Executivo estadual,sim,IVAN SÉRGIO:ORG|Ivan Sérgio:PER,sim,,do Departamento Geral de Ações Sócioeducativas - DEGASE,"NOMEAR IVAN SÉRGIO DA SILVA MELLO , ID Funcional nº 4425313-3, para exercer, com validade a contar de 01 de setembro de 2013, o cargo em comissão de Chefe de Setor, símbolo DAI-4, do Departamento Geral de Ações Sócioeducativas - DEGASE, da",https://www.ioerj.com.br/portal/modules/conteudoonline/mostra_edicao.php?session=VG5wU1JFOVViRWRPYWtsMFQxUm5lRkZwTURCUFJGcENURlZHUjFGcVozUlBSVXBDVWxWSk0wNVVhekJPYW1jelRWUmpNMDlFYTNoUFZFRTFUa0U5UFE9PQ==,D:\github\exoneracoes_nomeacoes_dou\LAKE\RJ\2013\10\DOERJ_PARTE_I_PODER_EXECUTIVO_2013-10-17.md
RJ,Diario Oficial do Estado do Rio de Janeiro,2013-10-17,Parte I (Poder Executivo),nomeacao,RENATO MONTELAGE,4253256-6,,Secretario,5,Wilson Jose Witzel - Governador,Wilson Jose Witzel,Executivo estadual,sim,RENATO MONTELAGE:PER,sim,,do Departamento Geral de Ações Sócioeducativas - DEGASE,"NOMEAR RENATO MONTELAGE DA SILVA , ID Funcional nº 4253256-6, para exercer, com validade a contar de 01 de setembro de 2013, o cargo em comissão de Chefe de Setor, símbolo DAI-4, do Departamento Geral de Ações Sócioeducativas - DEGASE, da",https://www.ioerj.com.br/portal/modules/conteudoonline/mostra_edicao.php?session=VG5wU1JFOVViRWRPYWtsMFQxUm5lRkZwTURCUFJGcENURlZHUjFGcVozUlBSVXBDVWxWSk0wNVVhekJPYW1jelRWUmpNMDlFYTNoUFZFRTFUa0U5UFE9PQ==,D:\github\exoneracoes_nomeacoes_dou\LAKE\RJ\2013\10\DOERJ_PARTE_I_PODER_EXECUTIVO_2013-10-17.md
RJ,Diario Oficial do Estado do Rio de Janeiro,2013-10-17,Parte I (Poder Executivo),nomeacao,HARUMITU OLIVEIRA UTAGAWA,,,Secretario,5,Wilson Jose Witzel - Governador,Wilson Jose Witzel,Executivo estadual,sim,HARUMITU OLIVEIRA UTAGAWA:MISC|Harumitu Oliveira Utagawa:PER,sim,,,"NOMEAR HARUMITU OLIVEIRA UTAGAWA para exercer, com validade a contar de 14 de outubro de 2013, o cargo em comissão de Assessor, símbolo DAS-7, da",https://www.ioerj.com.br/portal/modules/conteudoonline/mostra_edicao.php?session=VG5wU1JFOVViRWRPYWtsMFQxUm5lRkZwTURCUFJGcENURlZHUjFGcVozUlBSVXBDVWxWSk0wNVVhekJPYW1jelRWUmpNMDlFYTNoUFZFRTFUa0U5UFE9PQ==,D:\github\exoneracoes_nomeacoes_dou\LAKE\RJ\2013\10\DOERJ_PARTE_I_PODER_EXECUTIVO_2013-10-17.md
RJ,Diario Oficial do Estado do Rio de Janeiro,2013-10-16,Parte I (Poder Executivo),nomeacao,ELAINE SALEMA FONTES SUDO,,,,,Wilson Jose Witzel - Governador,Wilson Jose Witzel,Executivo estadual,sim,Elaine Salema Fontes:PER,sim,,,"NOMEAR ELAINE SALEMA FONTES SUDO para exercer, com validade a contar de 01 de outubro de 2013, o cargo em comissão de Assessor, símbolo DAS-7, da",https://www.ioerj.com.br/portal/modules/conteudoonline/mostra_edicao.php?session=VDBWUk1VNXJUVEpTYTBsMFQwVlJNVkZUTURCTmFsa3pURlJyTlU1NlZYUk5SRkpFVWtWU1JsRjZRWGRSZW1zelRWUmpNMDlFYTNsTlZHTjVUWGM5UFE9PQ==,D:\github\exoneracoes_nomeacoes_dou\LAKE\RJ\2013\10\DOERJ_PARTE_I_PODER_EXECUTIVO_2013-10-16.md
RJ,Diario Oficial do Estado do Rio de Janeiro,2013-10-16,Parte I (Poder Executivo),nomeacao,CAROLINE GUSMÃO MAIA E SILVA,,,,,Wilson Jose Witzel - Governador,Wilson Jose Witzel,Executivo estadual,sim,CAROLINE GUSMÃO MAIA E SILVA:MISC|Caroline Gusmão Maia E Silva:PER,sim,,,"NOMEAR CAROLINE GUSMÃO MAIA E SILVA para exercer, com validade a contar de 01 de outubro de 2013, o cargo em comissão de Assistente, símbolo DAS-6, da",https://www.ioerj.com.br/portal/modules/conteudoonline/mostra_edicao.php?session=VDBWUk1VNXJUVEpTYTBsMFQwVlJNVkZUTURCTmFsa3pURlJyTlU1NlZYUk5SRkpFVWtWU1JsRjZRWGRSZW1zelRWUmpNMDlFYTNsTlZHTjVUWGM5UFE9PQ==,D:\github\exoneracoes_nomeacoes_dou\LAKE\RJ\2013\10\DOERJ_PARTE_I_PODER_EXECUTIVO_2013-10-16.md
RJ,Diario Oficial do Estado do Rio de Janeiro,2013-10-16,Parte I (Poder Executivo),nomeacao,MARCELO DA COSTA MIRANDA,,,,,Wilson Jose Witzel - Governador,Wilson Jose Witzel,Executivo estadual,sim,MARCELO:MISC|COSTA MIRANDA:MISC|Marcelo Da Costa Miranda:PER,sim,para exercer o cargo em comissão de Coordenador,da Superintendência de Urbanismo Regional,"NOMEAR MARCELO DA COSTA MIRANDA para exercer o cargo em comissão de Coordenador, símbolo DAS-8, da Coordenadoria de Projetos Urbanísticos Regionais, da Superintendência de Urbanismo Regional, da Subsecretaria de Projetos de Urbanismo Regional e Metropolitano, da",https://www.ioerj.com.br/portal/modules/conteudoonline/mostra_edicao.php?session=VDBWUk1VNXJUVEpTYTBsMFQwVlJNVkZUTURCTmFsa3pURlJyTlU1NlZYUk5SRkpFVWtWU1JsRjZRWGRSZW1zelRWUmpNMDlFYTNsTlZHTjVUWGM5UFE9PQ==,D:\github\exoneracoes_nomeacoes_dou\LAKE\RJ\2013\10\DOERJ_PARTE_I_PODER_EXECUTIVO_2013-10-16.md
RJ,Diario Oficial do Estado do Rio de Janeiro,2013-10-16,Parte I (Poder Executivo),nomeacao,MARCELO PIMENTEL FIGUEIREDO,,,,,Wilson Jose Witzel - Governador,Wilson Jose Witzel,Executivo estadual,sim,MARCELO PIMENTEL FIGUEIREDO:ORG|Marcelo Pimentel Figueiredo:PER,sim,para exercer o cargo em comissão de Coordenador,da Superintendência de Licitação e Contratos,"NOMEAR MARCELO PIMENTEL FIGUEIREDO para exercer o cargo em comissão de Coordenador, símbolo DAS-8, da Coordenação de Controle de Contratos, da Superintendência de Licitação e Contratos, da Subsecretaria Executiva, da",https://www.ioerj.com.br/portal/modules/conteudoonline/mostra_edicao.php?session=VDBWUk1VNXJUVEpTYTBsMFQwVlJNVkZUTURCTmFsa3pURlJyTlU1NlZYUk5SRkpFVWtWU1JsRjZRWGRSZW1zelRWUmpNMDlFYTNsTlZHTjVUWGM5UFE9PQ==,D:\github\exoneracoes_nomeacoes_dou\LAKE\RJ\2013\10\DOERJ_PARTE_I_PODER_EXECUTIVO_2013-10-16.md
RJ,Diario Oficial do Estado do Rio de Janeiro,2013-10-16,Parte I (Poder Executivo),nomeacao,GABRIEL SANTOS RODRIGUES,,,,,Wilson Jose Witzel - Governador,Wilson Jose Witzel,Executivo estadual,sim,GABRIEL SANTOS RODRIGUES:PER,sim,para exercer o cargo em comissão de Coordenador,do Departamento de Prestação de Contas,"NOMEAR GABRIEL SANTOS RODRIGUES para exercer o cargo em comissão de Coordenador, símbolo DAS-8, do Departamento de Prestação de Contas, da Superintendência de Planejamento, Gestão e Finanças, da Subsecretaria Executiva, da",https://www.ioerj.com.br/portal/modules/conteudoonline/mostra_edicao.php?session=VDBWUk1VNXJUVEpTYTBsMFQwVlJNVkZUTURCTmFsa3pURlJyTlU1NlZYUk5SRkpFVWtWU1JsRjZRWGRSZW1zelRWUmpNMDlFYTNsTlZHTjVUWGM5UFE9PQ==,D:\github\exoneracoes_nomeacoes_dou\LAKE\RJ\2013\10\DOERJ_PARTE_I_PODER_EXECUTIVO_2013-10-16.md
RJ,Diario Oficial do Estado do Rio de Janeiro,2013-10-16,Parte I (Poder Executivo),nomeacao,CECÍLIA MACEDO ROCHA DA SILVA,,,,,Wilson Jose Witzel - Governador,Wilson Jose Witzel,Executivo estadual,sim,ROCHA DA SILVA:MISC|Cecília Macedo Rocha Da Silva:PER,sim,da Assessoria de Inquérito Administrativo,do Gabinete do Secretário,"NOMEAR CECÍLIA MACEDO ROCHA DA SILVA para exercer, com validade a contar de 01 de outubro de 2013, o cargo em comissão de Assessor, símbolo DAS-7, da 2ª Comissão Permanente de Inquérito Administrativo, da Assessoria de Inquérito Administrativo, do Gabinete do Secretário, da",https://www.ioerj.com.br/portal/modules/conteudoonline/mostra_edicao.php?session=VDBWUk1VNXJUVEpTYTBsMFQwVlJNVkZUTURCTmFsa3pURlJyTlU1NlZYUk5SRkpFVWtWU1JsRjZRWGRSZW1zelRWUmpNMDlFYTNsTlZHTjVUWGM5UFE9PQ==,D:\github\exoneracoes_nomeacoes_dou\LAKE\RJ\2013\10\DOERJ_PARTE_I_PODER_EXECUTIVO_2013-10-16.md
RJ,Diario Oficial do Estado do Rio de Janeiro,2013-10-16,Parte I (Poder Executivo),nomeacao,ID FUNCIONAL Nº,,,,,Wilson Jose Witzel - Governador,Wilson Jose Witzel,Executivo estadual,sim,ID FUNCIONAL:PER,sim,,,"NOMEAR CICERO RODRIGUES SOARES JUNIOR , Inspetor de Segurança e Administração Penitenciária, ID Funcional nº ##",https://www.ioerj.com.br/portal/modules/conteudoonline/mostra_edicao.php?session=VDBWUk1VNXJUVEpTYTBsMFQwVlJNVkZUTURCTmFsa3pURlJyTlU1NlZYUk5SRkpFVWtWU1JsRjZRWGRSZW1zelRWUmpNMDlFYTNsTlZHTjVUWGM5UFE9PQ==,D:\github\exoneracoes_nomeacoes_dou\LAKE\RJ\2013\10\DOERJ_PARTE_I_PODER_EXECUTIVO_2013-10-16.md
RJ,Diario Oficial do Estado do Rio de Janeiro,2013-10-16,Parte I (Poder Executivo),nomeacao,LEONARDO GENECY DE JESUS ROSA,,,Secretario,5,Wilson Jose Witzel - Governador,Wilson Jose Witzel,Executivo estadual,sim,LEONARDO GENECY DE JESUS ROSA:MISC|Leonardo Genecy De Jesus Rosa:PER,sim,,,"NOMEAR em caráter provisório e sub judice, LEONARDO GENECY DE JESUS ROSA para ocupar o cargo de Inspetor de Segurança e Administração Penitenciária, do Quadro I -Permanente da",https://www.ioerj.com.br/portal/modules/conteudoonline/mostra_edicao.php?session=VDBWUk1VNXJUVEpTYTBsMFQwVlJNVkZUTURCTmFsa3pURlJyTlU1NlZYUk5SRkpFVWtWU1JsRjZRWGRSZW1zelRWUmpNMDlFYTNsTlZHTjVUWGM5UFE9PQ==,D:\github\exoneracoes_nomeacoes_dou\LAKE\RJ\2013\10\DOERJ_PARTE_I_PODER_EXECUTIVO_2013-10-16.md
RJ,Diario Oficial do Estado do Rio de Janeiro,2013-10-16,Parte I (Poder Executivo),nomeacao,MARCELO CARVALHO,4380761-5,,Secretario,5,Wilson Jose Witzel - Governador,Wilson Jose Witzel,Executivo estadual,sim,MARCELO CARVALHO:PER,sim,para exercer o cargo em comissão de Coordenador,,"NOMEAR MARCELO CARVALHO DO NASCIMENTO , ID Funcional nº 4380761-5, para exercer o cargo em comissão de Coordenador, símbolo DAS-8, da Coordenadoria de Gestão Tributária, da Gerência de Controladoria, da Diretoria de Administração e Finanças, do Fundo Único de Previdência Social do Estado do Rio de Janeiro RIOPREVIDÊNCIA, da",https://www.ioerj.com.br/portal/modules/conteudoonline/mostra_edicao.php?session=VDBWUk1VNXJUVEpTYTBsMFQwVlJNVkZUTURCTmFsa3pURlJyTlU1NlZYUk5SRkpFVWtWU1JsRjZRWGRSZW1zelRWUmpNMDlFYTNsTlZHTjVUWGM5UFE9PQ==,D:\github\exoneracoes_nomeacoes_dou\LAKE\RJ\2013\10\DOERJ_PARTE_I_PODER_EXECUTIVO_2013-10-16.md
RJ,Diario Oficial do Estado do Rio de Janeiro,2013-10-16,Parte I (Poder Executivo),nomeacao,RAIMUNDO NONATO DA SILVA,,,Secretario,5,Wilson Jose Witzel - Governador,Wilson Jose Witzel,Executivo estadual,sim,RAIMUNDO NONATO DA SILVA:PER,sim,,da Fundação Teatro Municipal do Rio de Janeiro -FTM/RJ,"NOMEAR RAIMUNDO NONATO DA SILVA para exercer, com validade a contar de 01 de setembro de 2013, o cargo em comissão de Encarregado Técnico, símbolo DAI-5, da Fundação Teatro Municipal do Rio de Janeiro -FTM/RJ, da",https://www.ioerj.com.br/portal/modules/conteudoonline/mostra_edicao.php?session=VDBWUk1VNXJUVEpTYTBsMFQwVlJNVkZUTURCTmFsa3pURlJyTlU1NlZYUk5SRkpFVWtWU1JsRjZRWGRSZW1zelRWUmpNMDlFYTNsTlZHTjVUWGM5UFE9PQ==,D:\github\exoneracoes_nomeacoes_dou\LAKE\RJ\2013\10\DOERJ_PARTE_I_PODER_EXECUTIVO_2013-10-16.md
RJ,Diario Oficial do Estado do Rio de Janeiro,2013-10-16,Parte I (Poder Executivo),nomeacao,OSWALDO DE ALBUQUERQUE MELHADO,,,Secretario,5,Wilson Jose Witzel - Governador,Wilson Jose Witzel,Executivo estadual,sim,ALBUQUERQUE MELHADO:PER,sim,,da Fundação Teatro Municipal do Rio de Janeiro - FTM/RJ,"NOMEAR OSWALDO DE ALBUQUERQUE MELHADO para exercer, com validade a contar de 01 de setembro de 2013, o cargo em comissão de Ajudante III, símbolo DAI-3, da Fundação Teatro Municipal do Rio de Janeiro - FTM/RJ, da",https://www.ioerj.com.br/portal/modules/conteudoonline/mostra_edicao.php?session=VDBWUk1VNXJUVEpTYTBsMFQwVlJNVkZUTURCTmFsa3pURlJyTlU1NlZYUk5SRkpFVWtWU1JsRjZRWGRSZW1zelRWUmpNMDlFYTNsTlZHTjVUWGM5UFE9PQ==,D:\github\exoneracoes_nomeacoes_dou\LAKE\RJ\2013\10\DOERJ_PARTE_I_PODER_EXECUTIVO_2013-10-16.md
RJ,Diario Oficial do Estado do Rio de Janeiro,2013-10-16,Parte I (Poder Executivo),nomeacao,OSVALDO JOSÉ DA SILVA,,,Secretario,5,Wilson Jose Witzel - Governador,Wilson Jose Witzel,Executivo estadual,sim,OSVALDO JOSÉ DA SILVA:MISC|Osvaldo José Da Silva:PER,sim,,da Fundação Teatro Municipal do Rio de Janeiro -FTM/RJ,"NOMEAR OSVALDO JOSÉ DA SILVA para exercer, com validade a contar de 01 de setembro de 2013, o cargo em comissão de Ajudante III, símbolo DAI-3, da Fundação Teatro Municipal do Rio de Janeiro -FTM/RJ, da",https://www.ioerj.com.br/portal/modules/conteudoonline/mostra_edicao.php?session=VDBWUk1VNXJUVEpTYTBsMFQwVlJNVkZUTURCTmFsa3pURlJyTlU1NlZYUk5SRkpFVWtWU1JsRjZRWGRSZW1zelRWUmpNMDlFYTNsTlZHTjVUWGM5UFE9PQ==,D:\github\exoneracoes_nomeacoes_dou\LAKE\RJ\2013\10\DOERJ_PARTE_I_PODER_EXECUTIVO_2013-10-16.md
RJ,Diario Oficial do Estado do Rio de Janeiro,2013-10-16,Parte I (Poder Executivo),nomeacao,LUIZ ANTÔNIO CLAUDIO DE ALCANTARA,,,Secretario,5,Wilson Jose Witzel - Governador,Wilson Jose Witzel,Executivo estadual,sim,LUIZ ANTÔNIO CLAUDIO:PER,sim,,,"NOMEAR LUIZ ANTÔNIO CLAUDIO DE ALCANTARA para exercer, com validade a contar de 01 de setembro de 2013, o cargo em comissão de Ajudante II, símbolo DAI-2, da",https://www.ioerj.com.br/portal/modules/conteudoonline/mostra_edicao.php?session=VDBWUk1VNXJUVEpTYTBsMFQwVlJNVkZUTURCTmFsa3pURlJyTlU1NlZYUk5SRkpFVWtWU1JsRjZRWGRSZW1zelRWUmpNMDlFYTNsTlZHTjVUWGM5UFE9PQ==,D:\github\exoneracoes_nomeacoes_dou\LAKE\RJ\2013\10\DOERJ_PARTE_I_PODER_EXECUTIVO_2013-10-16.md
RJ,Diario Oficial do Estado do Rio de Janeiro,2013-10-16,Parte I (Poder Executivo),nomeacao,LUCAS FERNANDO M. FERREIRA,,,Secretario,5,Wilson Jose Witzel - Governador,Wilson Jose Witzel,Executivo estadual,sim,LUCAS:MISC|FERNANDO M. FERREIRA:PER,sim,para exercer o cargo em comissão de Assistente,da Fundação para a Infância e Adolescência -FIA/RJ,"NOMEAR LUCAS FERNANDO M. FERREIRA para exercer o cargo em comissão de Assistente, símbolo DAS-6, da Fundação para a Infância e Adolescência -FIA/RJ, da",https://www.ioerj.com.br/portal/modules/conteudoonline/mostra_edicao.php?session=VDBWUk1VNXJUVEpTYTBsMFQwVlJNVkZUTURCTmFsa3pURlJyTlU1NlZYUk5SRkpFVWtWU1JsRjZRWGRSZW1zelRWUmpNMDlFYTNsTlZHTjVUWGM5UFE9PQ==,D:\github\exoneracoes_nomeacoes_dou\LAKE\RJ\2013\10\DOERJ_PARTE_I_PODER_EXECUTIVO_2013-10-16.md
RJ,Diario Oficial do Estado do Rio de Janeiro,2013-10-16,Parte I (Poder Executivo),nomeacao,ALEXANDRE PEREIRA JUNIOR,,,Secretario,5,Wilson Jose Witzel - Governador,Wilson Jose Witzel,Executivo estadual,sim,ALEXANDRE:MISC|PEREIRA:LOC|Alexandre Pereira Junior:PER,sim,para exercer o cargo em comissão de Assistente II,,"NOMEAR ALEXANDRE PEREIRA JUNIOR para exercer o cargo em comissão de Assistente II, símbolo DAI-6, do Centro de Referência da Juventude - Cidade de Deus, do Programa ""Centro de Referência da Juventude"", da",https://www.ioerj.com.br/portal/modules/conteudoonline/mostra_edicao.php?session=VDBWUk1VNXJUVEpTYTBsMFQwVlJNVkZUTURCTmFsa3pURlJyTlU1NlZYUk5SRkpFVWtWU1JsRjZRWGRSZW1zelRWUmpNMDlFYTNsTlZHTjVUWGM5UFE9PQ==,D:\github\exoneracoes_nomeacoes_dou\LAKE\RJ\2013\10\DOERJ_PARTE_I_PODER_EXECUTIVO_2013-10-16.md
RJ,Diario Oficial do Estado do Rio de Janeiro,2013-10-16,Parte I (Poder Executivo),exoneracao,ANGELA MACHADO VILLELA,,,Secretario,5,Wilson Jose Witzel - Governador,Wilson Jose Witzel,Executivo estadual,sim,ANGELA:ORG|MACHADO VILLELA:PER,sim,do cargo em comissão de Assessor,,"EXONERAR a pedido e com validade a contar de 01 de outubro de 2013, ANGELA MACHADO VILLELA do cargo em comissão de Assessor, símbolo DAS-8, da",https://www.ioerj.com.br/portal/modules/conteudoonline/mostra_edicao.php?session=VDBWUk1VNXJUVEpTYTBsMFQwVlJNVkZUTURCTmFsa3pURlJyTlU1NlZYUk5SRkpFVWtWU1JsRjZRWGRSZW1zelRWUmpNMDlFYTNsTlZHTjVUWGM5UFE9PQ==,D:\github\exoneracoes_nomeacoes_dou\LAKE\RJ\2013\10\DOERJ_PARTE_I_PODER_EXECUTIVO_2013-10-16.md
RJ,Diario Oficial do Estado do Rio de Janeiro,2013-10-16,DO Campos (Poder Executivo),nomeacao,ANA LÚCIA RIBEIRO,,,,,Wilson Jose Witzel - Governador,Wilson Jose Witzel,Executivo estadual,sim,Ana Lúcia Ribeiro:PER,sim,,,"NOMEAR com base na Lei nº 8344/13, Ana Lúcia Ribeiro da Silva , para exercer na",https://www.ioerj.com.br/portal/modules/conteudoonline/mostra_edicao.php?session=VWxScmQxRXdWVFZPZWtGMFVrUlpkMDlETURCTlJVMTVURlJyTkU1NlozUlBSVVY0VFZWSk0xSnFRa1JSYWtreFRWUmpNMDlFYTNsTlZHTjVUWGM5UFE9PQ==,D:\github\exoneracoes_nomeacoes_dou\LAKE\RJ\2013\10\DOERJ_DO_CAMPOS_PODER_EXECUTIVO_2013-10-16.md
RJ,Diario Oficial do Estado do Rio de Janeiro,2013-10-16,DO Campos (Poder Executivo),nomeacao,PAULO CÉZAR BERNARDES,,,,,Wilson Jose Witzel - Governador,Wilson Jose Witzel,Executivo estadual,sim,PAULO:PER,sim,,,"NOMEAR com base na Lei nº 8344/13, Paulo Cézar Bernardes do Nascimento , para exercer no Instituto de Previdência dos Servidores do Município de Campos dos Goytacazes -PREVICAMPOS, o cargo em comissão de Diretor Administrativo Financeiro, Símbolo DAS-03, com vigência a contar da data de publicação PREFEITURA MUNICIPAL DE CAMPOS DOS GOYTACAZES, 15 de outubro de 2013 ## Rosinha Garotinho -Prefeita- ## Portaria N° 3079/2013 A PREFEITA DO MUNICÍPIO DE CAMPOS DOS GOYTACAZES, NO USO DE SUAS ATRIBUIÇÕES LEGAIS",https://www.ioerj.com.br/portal/modules/conteudoonline/mostra_edicao.php?session=VWxScmQxRXdWVFZPZWtGMFVrUlpkMDlETURCTlJVMTVURlJyTkU1NlozUlBSVVY0VFZWSk0xSnFRa1JSYWtreFRWUmpNMDlFYTNsTlZHTjVUWGM5UFE9PQ==,D:\github\exoneracoes_nomeacoes_dou\LAKE\RJ\2013\10\DOERJ_DO_CAMPOS_PODER_EXECUTIVO_2013-10-16.md
RJ,Diario Oficial do Estado do Rio de Janeiro,2013-10-14,Parte I (Poder Executivo),nomeacao,TÉCNICO DE REGISTRO DE EMPRESAS,,,Governador,1,Wilson Jose Witzel - Governador,Wilson Jose Witzel,Executivo estadual,sim,TÉCNICO:MISC|De Registro:PER,sim,,,"NOMEAR MARIS RIBEIRO NUNES CHINCHARO , Técnico de Registro de Empresas, matrícula nº 0700040-9, para exercer, com validade a contar de 03 de setembro de 2013, o cargo em comissão de Chefe de Área, símbolo JUCER-JA, da Junta Comercial do Estado do Rio de Janeiro -JUCERJA, da",https://www.ioerj.com.br/portal/modules/conteudoonline/mostra_edicao.php?session=VVhwa1JVMTZUa2ROUkdOMFVrUlJNazFETURCUmVtTjVURlJuZVZGVlJYUlNhazVIVWtWYVIwMUVVa0pSZWtwRFRWUmpNMDlFYTNsTmFsRTFUbEU5UFE9PQ==,D:\github\exoneracoes_nomeacoes_dou\LAKE\RJ\2013\10\DOERJ_PARTE_I_PODER_EXECUTIVO_2013-10-14.md
RJ,Diario Oficial do Estado do Rio de Janeiro,2013-10-14,Parte I (Poder Executivo),exoneracao,JESSE SADOC,2879585-7,,Governador,1,Wilson Jose Witzel - Governador,Wilson Jose Witzel,Executivo estadual,sim,JESSE SADOC:MISC|Jesse Sadoc:PER,sim,do cargo em comissão de II Solista,da Fundação Teatro Municipal do Rio de Janeiro -FTM/RJ,"EXONERAR JESSE SADOC DO NASCIMENTO , ID Funcional nº 2879585-7, do cargo em comissão de II Solista, símbolo FTM6, da Orquestra Sinfônica, da Diretoria Artística, da Fundação Teatro Municipal do Rio de Janeiro -FTM/RJ, da",https://www.ioerj.com.br/portal/modules/conteudoonline/mostra_edicao.php?session=VVhwa1JVMTZUa2ROUkdOMFVrUlJNazFETURCUmVtTjVURlJuZVZGVlJYUlNhazVIVWtWYVIwMUVVa0pSZWtwRFRWUmpNMDlFYTNsTmFsRTFUbEU5UFE9PQ==,D:\github\exoneracoes_nomeacoes_dou\LAKE\RJ\2013\10\DOERJ_PARTE_I_PODER_EXECUTIVO_2013-10-14.md
RJ,Diario Oficial do Estado do Rio de Janeiro,2013-10-14,Parte I (Poder Executivo),nomeacao,JESSE SADOC,2879585-7,,Governador,1,Wilson Jose Witzel - Governador,Wilson Jose Witzel,Executivo estadual,sim,JESSE SADOC:MISC|Jesse Sadoc:PER,sim,para exercer o cargo em comissão de III Solista,da Fundação Teatro Municipal do Rio de Janeiro -FTM/RJ,"NOMEAR JESSE SADOC DO NASCIMENTO , ID Funcional nº 2879585-7, para exercer o cargo em comissão de III Solista, símbolo FTM-7, da Orquestra Sinfônica, da Diretoria Artística, da Fundação Teatro Municipal do Rio de Janeiro -FTM/RJ, da",https://www.ioerj.com.br/portal/modules/conteudoonline/mostra_edicao.php?session=VVhwa1JVMTZUa2ROUkdOMFVrUlJNazFETURCUmVtTjVURlJuZVZGVlJYUlNhazVIVWtWYVIwMUVVa0pSZWtwRFRWUmpNMDlFYTNsTmFsRTFUbEU5UFE9PQ==,D:\github\exoneracoes_nomeacoes_dou\LAKE\RJ\2013\10\DOERJ_PARTE_I_PODER_EXECUTIVO_2013-10-14.md
RJ,Diario Oficial do Estado do Rio de Janeiro,2013-10-14,Parte I (Poder Executivo),nomeacao,ALEXANDRE VEIGA LISBOA,,,Secretario,5,Wilson Jose Witzel - Governador,Wilson Jose Witzel,Executivo estadual,sim,ALEXANDRE VEIGA:PER,sim,,,"NOMEAR ALEXANDRE VEIGA LISBOA para exercer, com validade a contar de 01 de outubro de 2013, o cargo em comissão de Assessor, símbolo DAS-8, da Vice-Governadoria do Estado, anteriormente ocupado por Maria Lucia Netto dos Santos, matrícula nº 0959656-0. Processo nº E-16/001/226/2013",https://www.ioerj.com.br/portal/modules/conteudoonline/mostra_edicao.php?session=VVhwa1JVMTZUa2ROUkdOMFVrUlJNazFETURCUmVtTjVURlJuZVZGVlJYUlNhazVIVWtWYVIwMUVVa0pSZWtwRFRWUmpNMDlFYTNsTmFsRTFUbEU5UFE9PQ==,D:\github\exoneracoes_nomeacoes_dou\LAKE\RJ\2013\10\DOERJ_PARTE_I_PODER_EXECUTIVO_2013-10-14.md
RJ,Diario Oficial do Estado do Rio de Janeiro,2013-10-14,Parte I (Poder Executivo),nomeacao,ALVARO LUIZ DOS SANTOS WERNECK,,,Secretario,5,Wilson Jose Witzel - Governador,Wilson Jose Witzel,Executivo estadual,sim,ALVARO LUIZ DOS SANTOS WERNECK:PER,sim,,do Subsecretaria de Gerenciamento de Projetos - EGP-Rio,"NOMEAR ALVARO LUIZ DOS SANTOS WERNECK para exercer, com validade a contar de 01 de outubro de 2013, o cargo em comissão de Assessor de Projetos III, símbolo DAS-6, do Subsecretaria de Gerenciamento de Projetos - EGP-Rio, da",https://www.ioerj.com.br/portal/modules/conteudoonline/mostra_edicao.php?session=VVhwa1JVMTZUa2ROUkdOMFVrUlJNazFETURCUmVtTjVURlJuZVZGVlJYUlNhazVIVWtWYVIwMUVVa0pSZWtwRFRWUmpNMDlFYTNsTmFsRTFUbEU5UFE9PQ==,D:\github\exoneracoes_nomeacoes_dou\LAKE\RJ\2013\10\DOERJ_PARTE_I_PODER_EXECUTIVO_2013-10-14.md
RJ,Diario Oficial do Estado do Rio de Janeiro,2013-10-14,Parte I (Poder Executivo),exoneracao,MATEUS LIMA DORNELES,,,Secretario,5,Wilson Jose Witzel - Governador,Wilson Jose Witzel,Executivo estadual,sim,MATEUS LIMA DORNELES:PER,sim,do cargo em comissão de Assistente,,"EXONERAR a pedido e com validade a contar de 01 de outubro de 2013, MATEUS LIMA DORNELES do cargo em comissão de Assistente, símbolo DAS-6, da",https://www.ioerj.com.br/portal/modules/conteudoonline/mostra_edicao.php?session=VVhwa1JVMTZUa2ROUkdOMFVrUlJNazFETURCUmVtTjVURlJuZVZGVlJYUlNhazVIVWtWYVIwMUVVa0pSZWtwRFRWUmpNMDlFYTNsTmFsRTFUbEU5UFE9PQ==,D:\github\exoneracoes_nomeacoes_dou\LAKE\RJ\2013\10\DOERJ_PARTE_I_PODER_EXECUTIVO_2013-10-14.md
RJ,Diario Oficial do Estado do Rio de Janeiro,2013-10-14,Parte I (Poder Executivo),nomeacao,BRUNO SANTOS BARBARATO,,,Secretario,5,Wilson Jose Witzel - Governador,Wilson Jose Witzel,Executivo estadual,sim,BARBARATO:ORG|Bruno Santos Barbarato:PER,sim,,,"NOMEAR BRUNO SANTOS BARBARATO para exercer, com validade a contar de 07 de outubro de 2013, o cargo em comissão de Assistente, símbolo DAS-6, da",https://www.ioerj.com.br/portal/modules/conteudoonline/mostra_edicao.php?session=VVhwa1JVMTZUa2ROUkdOMFVrUlJNazFETURCUmVtTjVURlJuZVZGVlJYUlNhazVIVWtWYVIwMUVVa0pSZWtwRFRWUmpNMDlFYTNsTmFsRTFUbEU5UFE9PQ==,D:\github\exoneracoes_nomeacoes_dou\LAKE\RJ\2013\10\DOERJ_PARTE_I_PODER_EXECUTIVO_2013-10-14.md
RJ,Diario Oficial do Estado do Rio de Janeiro,2013-10-14,Parte I (Poder Executivo),nomeacao,ANDERSON DE LIMA DA SILVA,,,Secretario,5,Wilson Jose Witzel - Governador,Wilson Jose Witzel,Executivo estadual,sim,ANDERSON:MISC|Anderson:PER,sim,da Assessoria de Comunicação Social,do Departamento de Trânsito do Estado do Rio de Janeiro - DETRAN/RJ,"NOMEAR ANDERSON DE LIMA DA SILVA para exercer, com validade a contar de 01 de outubro de 2013, o cargo em comissão de Assistente I, símbolo DAS-6, da Assessoria de Comunicação Social, do Departamento de Trânsito do Estado do Rio de Janeiro - DETRAN/RJ, da",https://www.ioerj.com.br/portal/modules/conteudoonline/mostra_edicao.php?session=VVhwa1JVMTZUa2ROUkdOMFVrUlJNazFETURCUmVtTjVURlJuZVZGVlJYUlNhazVIVWtWYVIwMUVVa0pSZWtwRFRWUmpNMDlFYTNsTmFsRTFUbEU5UFE9PQ==,D:\github\exoneracoes_nomeacoes_dou\LAKE\RJ\2013\10\DOERJ_PARTE_I_PODER_EXECUTIVO_2013-10-14.md
RJ,Diario Oficial do Estado do Rio de Janeiro,2013-10-14,Parte I (Poder Executivo),nomeacao,HERALDO DA SILVA GONÇALVES,,,Secretario,5,Wilson Jose Witzel - Governador,Wilson Jose Witzel,Executivo estadual,sim,HERALDO DA SILVA GONÇALVES:MISC|Heraldo Da Silva Gonçalves:PER,sim,,do Gabinete da Presidência,"NOMEAR HERALDO DA SILVA GONÇALVES para exercer, com validade a contar de 01 de outubro de 2013, o cargo em comissão de Assessor I, símbolo DAS-8, do Gabinete da Presidência, do Departamento de Trânsito do Estado do Rio de Janeiro -DETRAN/RJ, da",https://www.ioerj.com.br/portal/modules/conteudoonline/mostra_edicao.php?session=VVhwa1JVMTZUa2ROUkdOMFVrUlJNazFETURCUmVtTjVURlJuZVZGVlJYUlNhazVIVWtWYVIwMUVVa0pSZWtwRFRWUmpNMDlFYTNsTmFsRTFUbEU5UFE9PQ==,D:\github\exoneracoes_nomeacoes_dou\LAKE\RJ\2013\10\DOERJ_PARTE_I_PODER_EXECUTIVO_2013-10-14.md
RJ,Diario Oficial do Estado do Rio de Janeiro,2013-10-14,Parte I (Poder Executivo),nomeacao,ROBERTA SCHIEROLLI VIEIRA,,,Secretario,5,Wilson Jose Witzel - Governador,Wilson Jose Witzel,Executivo estadual,sim,ROBERTA SCHIEROLLI VIEIRA:LOC|Roberta Schierolli Vieira:PER,sim,,do Gabinete da Presidência,"NOMEAR ROBERTA SCHIEROLLI VIEIRA para exercer, com validade a contar de 01 de outubro de 2013, o cargo em comissão de Assistente III, símbolo DAI-5, do Gabinete da Presidência, do Departamento de Trânsito do Estado do Rio de Janeiro -DETRAN/RJ, da",https://www.ioerj.com.br/portal/modules/conteudoonline/mostra_edicao.php?session=VVhwa1JVMTZUa2ROUkdOMFVrUlJNazFETURCUmVtTjVURlJuZVZGVlJYUlNhazVIVWtWYVIwMUVVa0pSZWtwRFRWUmpNMDlFYTNsTmFsRTFUbEU5UFE9PQ==,D:\github\exoneracoes_nomeacoes_dou\LAKE\RJ\2013\10\DOERJ_PARTE_I_PODER_EXECUTIVO_2013-10-14.md
RJ,Diario Oficial do Estado do Rio de Janeiro,2013-10-14,Parte I (Poder Executivo),nomeacao,EDSOMAR FREITAS DE MORAES,,,Secretario,5,Wilson Jose Witzel - Governador,Wilson Jose Witzel,Executivo estadual,sim,Edsomar Freitas De Moraes:PER,sim,,do Gabinete da Presidência,"NOMEAR EDSOMAR FREITAS DE MORAES para exercer, com validade a contar de 01 de outubro de 2013, o cargo em comissão de Assistente III, símbolo DAI-5, do Gabinete da Presidência, do Departamento de Trânsito do Estado do Rio de Janeiro -DETRAN/RJ, da",https://www.ioerj.com.br/portal/modules/conteudoonline/mostra_edicao.php?session=VVhwa1JVMTZUa2ROUkdOMFVrUlJNazFETURCUmVtTjVURlJuZVZGVlJYUlNhazVIVWtWYVIwMUVVa0pSZWtwRFRWUmpNMDlFYTNsTmFsRTFUbEU5UFE9PQ==,D:\github\exoneracoes_nomeacoes_dou\LAKE\RJ\2013\10\DOERJ_PARTE_I_PODER_EXECUTIVO_2013-10-14.md
RJ,Diario Oficial do Estado do Rio de Janeiro,2013-10-14,Parte I (Poder Executivo),nomeacao,HERON SZENBE,436532-1,,Secretario,5,Wilson Jose Witzel - Governador,Wilson Jose Witzel,Executivo estadual,sim,HERON SZENBE:PER,sim,,da Subsecretaria-Adjunta de Fiscalização,"NOMEAR HERON SZENBERG , Audito Fiscal da Receita Estadual de 2º Categoria, ID Funcional nº 436532-1, para exercer, com validade a contar de 07 de outubro de 2013, o cargo em comissão de Diretor de Divisão, símbolo DAS-6, da Divisão de Controle de Ações Fiscais, da Coordenação de Controle de Ações Fiscais e Intercâmbio, da Subsecretaria-Adjunta de Fiscalização, da Subsecretaria de Receita, da",https://www.ioerj.com.br/portal/modules/conteudoonline/mostra_edicao.php?session=VVhwa1JVMTZUa2ROUkdOMFVrUlJNazFETURCUmVtTjVURlJuZVZGVlJYUlNhazVIVWtWYVIwMUVVa0pSZWtwRFRWUmpNMDlFYTNsTmFsRTFUbEU5UFE9PQ==,D:\github\exoneracoes_nomeacoes_dou\LAKE\RJ\2013\10\DOERJ_PARTE_I_PODER_EXECUTIVO_2013-10-14.md
RJ,Diario Oficial do Estado do Rio de Janeiro,2013-10-14,Parte I (Poder Executivo),exoneracao,MARIANA VILLARDO ALVES,5015828-7,,Secretario,5,Wilson Jose Witzel - Governador,Wilson Jose Witzel,Executivo estadual,sim,VILLARDO ALVES:MISC|Mariana Villardo Alves:PER,sim,do cargo em comissão de Assistente II,do Departamento Geral de Administração e Finanças,"EXONERAR a pedido e com validade a contar de 01 de outubro de 2013, MARIANA VILLARDO ALVES DA SILVA , ID Funcional nº 5015828-7, do cargo em comissão de Assistente II, símbolo DAI-6, do Departamento Geral de Administração e Finanças, da",https://www.ioerj.com.br/portal/modules/conteudoonline/mostra_edicao.php?session=VVhwa1JVMTZUa2ROUkdOMFVrUlJNazFETURCUmVtTjVURlJuZVZGVlJYUlNhazVIVWtWYVIwMUVVa0pSZWtwRFRWUmpNMDlFYTNsTmFsRTFUbEU5UFE9PQ==,D:\github\exoneracoes_nomeacoes_dou\LAKE\RJ\2013\10\DOERJ_PARTE_I_PODER_EXECUTIVO_2013-10-14.md
RJ,Diario Oficial do Estado do Rio de Janeiro,2013-10-14,Parte I (Poder Executivo),nomeacao,JAQUELINE JULIO GETIRANA,,,Secretario,5,Wilson Jose Witzel - Governador,Wilson Jose Witzel,Executivo estadual,sim,JAQUELINE JULIO GETIRANA:MISC|Jaqueline Julio Getirana:PER,sim,,do Departamento Geral de Administração e Finanças,"NOMEAR JAQUELINE JULIO GETIRANA para exercer, com validade a contar de 01 de outubro de 2013, o cargo em comissão de Assistente II, símbolo DAI-6, do Departamento Geral de Administração e Finanças, da",https://www.ioerj.com.br/portal/modules/conteudoonline/mostra_edicao.php?session=VVhwa1JVMTZUa2ROUkdOMFVrUlJNazFETURCUmVtTjVURlJuZVZGVlJYUlNhazVIVWtWYVIwMUVVa0pSZWtwRFRWUmpNMDlFYTNsTmFsRTFUbEU5UFE9PQ==,D:\github\exoneracoes_nomeacoes_dou\LAKE\RJ\2013\10\DOERJ_PARTE_I_PODER_EXECUTIVO_2013-10-14.md
RJ,Diario Oficial do Estado do Rio de Janeiro,2013-10-14,Parte I (Poder Executivo),nomeacao,SANDRA TOSTA FAILLACE,,,Secretario,5,Wilson Jose Witzel - Governador,Wilson Jose Witzel,Executivo estadual,sim,SANDRA:MISC|Sandra Tosta Faillace:PER,sim,,do Instituto Estadual do Ambiente -INEA,"NOMEAR SANDRA TOSTA FAILLACE para exercer, com validade a contar de 07 de outubro de 2013, o cargo em comissão de Chefe de Serviço, símbolo DAI-6, do Serviço de Apoio a Colegiados, da Gerência de Gestão Participativa das Águas, da Diretoria de Ges- tão das Águas e do Território, do Instituto Estadual do Ambiente -INEA, da",https://www.ioerj.com.br/portal/modules/conteudoonline/mostra_edicao.php?session=VVhwa1JVMTZUa2ROUkdOMFVrUlJNazFETURCUmVtTjVURlJuZVZGVlJYUlNhazVIVWtWYVIwMUVVa0pSZWtwRFRWUmpNMDlFYTNsTmFsRTFUbEU5UFE9PQ==,D:\github\exoneracoes_nomeacoes_dou\LAKE\RJ\2013\10\DOERJ_PARTE_I_PODER_EXECUTIVO_2013-10-14.md
RJ,Diario Oficial do Estado do Rio de Janeiro,2013-10-14,Parte I (Poder Executivo),exoneracao,CLÁUDIO AURÉLIO BARBOSA DE OLIVEIRA,,,Secretario,5,Wilson Jose Witzel - Governador,Wilson Jose Witzel,Executivo estadual,sim,CLÁUDIO AURÉLIO:MISC|OLIVEIRA:ORG|Cláudio Aurélio Barbosa De Oliveira:PER,sim,do cargo em comissão de Chefe de Serviço,do Instituto Estadual do Ambiente - INEA,"EXONERAR com validade a contar de 01 de outubro de 2013, CLÁUDIO AURÉLIO BARBOSA DE OLIVEIRA do cargo em comissão de Chefe de Serviço, símbolo DAI-6, do Serviço de Análise e Fiscalização de Projetos, da Gerência de Projetos de Engenharia, da Diretoria de Recuperação Ambiental, do Instituto Estadual do Ambiente - INEA, da",https://www.ioerj.com.br/portal/modules/conteudoonline/mostra_edicao.php?session=VVhwa1JVMTZUa2ROUkdOMFVrUlJNazFETURCUmVtTjVURlJuZVZGVlJYUlNhazVIVWtWYVIwMUVVa0pSZWtwRFRWUmpNMDlFYTNsTmFsRTFUbEU5UFE9PQ==,D:\github\exoneracoes_nomeacoes_dou\LAKE\RJ\2013\10\DOERJ_PARTE_I_PODER_EXECUTIVO_2013-10-14.md
RJ,Diario Oficial do Estado do Rio de Janeiro,2013-10-14,Parte I (Poder Executivo),nomeacao,EDUARDO PINHEIRO ANTUNES,,,Secretario,5,Wilson Jose Witzel - Governador,Wilson Jose Witzel,Executivo estadual,sim,EDUARDO PINHEIRO ANTUNES:MISC|Eduardo Pinheiro Antunes:PER,sim,,do Instituto Estadual do Ambiente -INEA,"NOMEAR EDUARDO PINHEIRO ANTUNES para exercer, com validade a contar de 01 de outubro de 2013, o cargo em comissão de Assessor III, símbolo DAI-5, do Instituto Estadual do Ambiente -INEA, da",https://www.ioerj.com.br/portal/modules/conteudoonline/mostra_edicao.php?session=VVhwa1JVMTZUa2ROUkdOMFVrUlJNazFETURCUmVtTjVURlJuZVZGVlJYUlNhazVIVWtWYVIwMUVVa0pSZWtwRFRWUmpNMDlFYTNsTmFsRTFUbEU5UFE9PQ==,D:\github\exoneracoes_nomeacoes_dou\LAKE\RJ\2013\10\DOERJ_PARTE_I_PODER_EXECUTIVO_2013-10-14.md
RJ,Diario Oficial do Estado do Rio de Janeiro,2013-10-14,Parte I (Poder Executivo),exoneracao,CATIA DE OLIVEIRA GONZALES,,,Secretario,5,Wilson Jose Witzel - Governador,Wilson Jose Witzel,Executivo estadual,sim,Catia De Oliveira Gonzales:PER,sim,do cargo em comissão de Adjunto II,do Instituto Estadual do Ambiente - INEA,"EXONERAR com validade a contar de 01 de outubro de 2013, CATIA DE OLIVEIRA GONZALES do cargo em comissão de Adjunto II, símbolo DAI-2, do Instituto Estadual do Ambiente - INEA, da",https://www.ioerj.com.br/portal/modules/conteudoonline/mostra_edicao.php?session=VVhwa1JVMTZUa2ROUkdOMFVrUlJNazFETURCUmVtTjVURlJuZVZGVlJYUlNhazVIVWtWYVIwMUVVa0pSZWtwRFRWUmpNMDlFYTNsTmFsRTFUbEU5UFE9PQ==,D:\github\exoneracoes_nomeacoes_dou\LAKE\RJ\2013\10\DOERJ_PARTE_I_PODER_EXECUTIVO_2013-10-14.md
RJ,Diario Oficial do Estado do Rio de Janeiro,2013-10-11,Parte I (Poder Executivo),nomeacao,MOACYR ALMEIDA FONSECA,,,Governador,1,Wilson Jose Witzel - Governador,Wilson Jose Witzel,Executivo estadual,sim,MOACYR ALMEIDA FONSECA:MISC|Moacyr Almeida Fonseca:PER,sim,,,"NOMEAR por recondução, MOACYR ALMEIDA FONSECA para exercer, com mandato de 04 (quatro) anos, o cargo de Conselheiro, símbolo SE, do Conselho-Diretor da Agência Reguladora de Energia e Saneamento Básico do Estado do Rio de Janeiro - AGENERSA, da",https://www.ioerj.com.br/portal/modules/conteudoonline/mostra_edicao.php?session=VGtSSmQwMVZSVEJTVlZWMFRucG5lRkpwTURCUmVrVjZURlJuTVZKVVVYUlJNRVpFVDFScmVrMVVZekpOUlVaR1RWUmpNMDlFYTNsTmVtY3hUbEU5UFE9PQ==,D:\github\exoneracoes_nomeacoes_dou\LAKE\RJ\2013\10\DOERJ_PARTE_I_PODER_EXECUTIVO_2013-10-11.md
RJ,Diario Oficial do Estado do Rio de Janeiro,2013-10-11,Parte I (Poder Executivo),nomeacao,ROBSON PEREIRA DAS NEVES,4325444-6,,Secretario,5,Wilson Jose Witzel - Governador,Wilson Jose Witzel,Executivo estadual,sim,ROBSON PEREIRA:MISC|Robson Pereira:PER,sim,,,"NOMEAR ROBSON PEREIRA DAS NEVES para exercer, com validade a contar de 10 de outubro de 2013, o cargo em comissão de Assistente II, símbolo DAI-6, da Governadoria do Estado, anteriormente ocupado por Jonathan Ferreira de Souza, ID Funcional nº 4325444-6. Processo nº E-12/001/333/2013",https://www.ioerj.com.br/portal/modules/conteudoonline/mostra_edicao.php?session=VGtSSmQwMVZSVEJTVlZWMFRucG5lRkpwTURCUmVrVjZURlJuTVZKVVVYUlJNRVpFVDFScmVrMVVZekpOUlVaR1RWUmpNMDlFYTNsTmVtY3hUbEU5UFE9PQ==,D:\github\exoneracoes_nomeacoes_dou\LAKE\RJ\2013\10\DOERJ_PARTE_I_PODER_EXECUTIVO_2013-10-11.md
RJ,Diario Oficial do Estado do Rio de Janeiro,2013-10-11,Parte I (Poder Executivo),nomeacao,ELIAS JOSE RABHA,,INDUSTRIAL VALÉRIA MARIA SOUTO MEIRA SALGADO,Diretor,8,Wilson Jose Witzel - Governador,Wilson Jose Witzel,Executivo estadual,sim,ELIAS JOSE RABHA:PER,sim,,,"NOMEAR ELIAS JOSE RABHA para exercer, com validade a contar de 01 de outubro de 2013, o cargo em comissão de Assessor, símbolo DAS-8, da Vice-Governadoria do Estado, anteriormente ocupado por Waldecy Fraga Machado, matrícula nº 0952978-5. Processo nº E-16/001/225/2013. <!-- image --> Haroldo Zager Faria Tinoco Diretor-Presidente Jorge Narciso Peres Diretor-Industrial Valéria Maria Souto Meira Salgado Diretora Administrativo-Financeira",https://www.ioerj.com.br/portal/modules/conteudoonline/mostra_edicao.php?session=VGtSSmQwMVZSVEJTVlZWMFRucG5lRkpwTURCUmVrVjZURlJuTVZKVVVYUlJNRVpFVDFScmVrMVVZekpOUlVaR1RWUmpNMDlFYTNsTmVtY3hUbEU5UFE9PQ==,D:\github\exoneracoes_nomeacoes_dou\LAKE\RJ\2013\10\DOERJ_PARTE_I_PODER_EXECUTIVO_2013-10-11.md
RJ,Diario Oficial do Estado do Rio de Janeiro,2013-10-11,Parte I (Poder Executivo),nomeacao,CAROLINA GOMES HENRIQUES,1901034-6,,Secretario,5,Wilson Jose Witzel - Governador,Wilson Jose Witzel,Executivo estadual,sim,CAROLINA GOMES HENRIQUES:PER,sim,para exercer o cargo em comissão de Assessor,,"NOMEAR CAROLINA GOMES HENRIQUES para exercer o cargo em comissão de Assessor, símbolo DAS-7, da Vice-Governadoria do Estado, anteriormente ocupado por Marta Spíndola Abrahão Rosa, ID Funcional nº 1901034-6. Processo nº E-16/001/221/2013",https://www.ioerj.com.br/portal/modules/conteudoonline/mostra_edicao.php?session=VGtSSmQwMVZSVEJTVlZWMFRucG5lRkpwTURCUmVrVjZURlJuTVZKVVVYUlJNRVpFVDFScmVrMVVZekpOUlVaR1RWUmpNMDlFYTNsTmVtY3hUbEU5UFE9PQ==,D:\github\exoneracoes_nomeacoes_dou\LAKE\RJ\2013\10\DOERJ_PARTE_I_PODER_EXECUTIVO_2013-10-11.md
RJ,Diario Oficial do Estado do Rio de Janeiro,2013-10-11,Parte I (Poder Executivo),exoneracao,ALYANE SOARES,4376007-4,,Secretario,5,Wilson Jose Witzel - Governador,Wilson Jose Witzel,Executivo estadual,sim,ALYANE SOARES:MISC|Alyane Soares:PER,sim,do cargo em comissão de Assistente,,"EXONERAR a pedido e com validade a contar de 01 de outubro de 2013, ALYANE SOARES DA SILVA , ID Funcional nº 4376007-4, do cargo em comissão de Assistente, símbolo DAS-6, da",https://www.ioerj.com.br/portal/modules/conteudoonline/mostra_edicao.php?session=VGtSSmQwMVZSVEJTVlZWMFRucG5lRkpwTURCUmVrVjZURlJuTVZKVVVYUlJNRVpFVDFScmVrMVVZekpOUlVaR1RWUmpNMDlFYTNsTmVtY3hUbEU5UFE9PQ==,D:\github\exoneracoes_nomeacoes_dou\LAKE\RJ\2013\10\DOERJ_PARTE_I_PODER_EXECUTIVO_2013-10-11.md
RJ,Diario Oficial do Estado do Rio de Janeiro,2013-10-11,Parte I (Poder Executivo),nomeacao,EDUARDO PEDRINI DE HOLANDA CAVALCANTE,,,Secretario,5,Wilson Jose Witzel - Governador,Wilson Jose Witzel,Executivo estadual,sim,EDUARDO PEDRINI DE HOLANDA CAVALCANTE:MISC|Eduardo Pedrini:PER,sim,,,"NOMEAR EDUARDO PEDRINI DE HOLANDA CAVALCANTE para exercer, com validade a contar de 07 de outubro de 2013, o cargo em comissão de Assistente, símbolo DAS-6, da",https://www.ioerj.com.br/portal/modules/conteudoonline/mostra_edicao.php?session=VGtSSmQwMVZSVEJTVlZWMFRucG5lRkpwTURCUmVrVjZURlJuTVZKVVVYUlJNRVpFVDFScmVrMVVZekpOUlVaR1RWUmpNMDlFYTNsTmVtY3hUbEU5UFE9PQ==,D:\github\exoneracoes_nomeacoes_dou\LAKE\RJ\2013\10\DOERJ_PARTE_I_PODER_EXECUTIVO_2013-10-11.md
RJ,Diario Oficial do Estado do Rio de Janeiro,2013-10-11,Parte I (Poder Executivo),exoneracao,MIRIAM ALHANATI VIANNA,5005180-6,,Secretario,5,Wilson Jose Witzel - Governador,Wilson Jose Witzel,Executivo estadual,sim,ALHANATI VIANNA:PER,sim,do cargo em comissão de Assessor de Projetos III,do Subsecretaria de Gerenciamento de Projetos -EGP-Rio,"EXONERAR a pedido e com validade a contar de 01 de outubro de 2013, MIRIAM ALHANATI VIANNA DA SILVA , ID Funcional nº 5005180-6, do cargo em comissão de Assessor de Projetos III, símbolo DAS-6, do Subsecretaria de Gerenciamento de Projetos -EGP-Rio, da",https://www.ioerj.com.br/portal/modules/conteudoonline/mostra_edicao.php?session=VGtSSmQwMVZSVEJTVlZWMFRucG5lRkpwTURCUmVrVjZURlJuTVZKVVVYUlJNRVpFVDFScmVrMVVZekpOUlVaR1RWUmpNMDlFYTNsTmVtY3hUbEU5UFE9PQ==,D:\github\exoneracoes_nomeacoes_dou\LAKE\RJ\2013\10\DOERJ_PARTE_I_PODER_EXECUTIVO_2013-10-11.md
RJ,Diario Oficial do Estado do Rio de Janeiro,2013-10-11,Parte I (Poder Executivo),nomeacao,ANTÔNIO FERREIRA JÚNIOR,,,Secretario,5,Wilson Jose Witzel - Governador,Wilson Jose Witzel,Executivo estadual,sim,ANTÔNIO FERREIRA JÚNIOR:MISC|Antônio Ferreira Júnior:PER,sim,,do Departamento de Trânsito do Estado do Rio de Janeiro - DETRAN/RJ,"NOMEAR ANTÔNIO FERREIRA JÚNIOR para exercer, com validade a contar de 02 de setembro de 2013, o cargo em comissão de Chefe de Unidade, símbolo DAI-6, da Unidade de Serviço Descentralizado -USD, da Coordenadoria de Serviços Descentralizados, da Coordenadoria Geral de Integração de Serviços, do Departamento de Trânsito do Estado do Rio de Janeiro - DETRAN/RJ, da",https://www.ioerj.com.br/portal/modules/conteudoonline/mostra_edicao.php?session=VGtSSmQwMVZSVEJTVlZWMFRucG5lRkpwTURCUmVrVjZURlJuTVZKVVVYUlJNRVpFVDFScmVrMVVZekpOUlVaR1RWUmpNMDlFYTNsTmVtY3hUbEU5UFE9PQ==,D:\github\exoneracoes_nomeacoes_dou\LAKE\RJ\2013\10\DOERJ_PARTE_I_PODER_EXECUTIVO_2013-10-11.md
RJ,Diario Oficial do Estado do Rio de Janeiro,2013-10-11,Parte I (Poder Executivo),nomeacao,ANA MARIA SANTOS DE JESUS,,,Secretario,5,Wilson Jose Witzel - Governador,Wilson Jose Witzel,Executivo estadual,sim,ANA MARIA SANTOS:PER,sim,para exercer o cargo em comissão de Assessor,,"NOMEAR ANA MARIA SANTOS DE JESUS para exercer o cargo em comissão de Assessor, símbolo DAS-7, da",https://www.ioerj.com.br/portal/modules/conteudoonline/mostra_edicao.php?session=VGtSSmQwMVZSVEJTVlZWMFRucG5lRkpwTURCUmVrVjZURlJuTVZKVVVYUlJNRVpFVDFScmVrMVVZekpOUlVaR1RWUmpNMDlFYTNsTmVtY3hUbEU5UFE9PQ==,D:\github\exoneracoes_nomeacoes_dou\LAKE\RJ\2013\10\DOERJ_PARTE_I_PODER_EXECUTIVO_2013-10-11.md
RJ,Diario Oficial do Estado do Rio de Janeiro,2013-10-11,Parte I (Poder Executivo),nomeacao,JOSÉ OSVALDO FONTOURA DE CARVALHO NETO,,,Secretario,5,Wilson Jose Witzel - Governador,Wilson Jose Witzel,Executivo estadual,sim,JOSÉ OSVALDO FONTOURA DE CARVALHO NETO:PER,sim,para exercer o cargo em comissão de Ajudante I,,"NOMEAR JOSÉ OSVALDO FONTOURA DE CARVALHO NETO para exercer o cargo em comissão de Ajudante I, símbolo DAI1, da",https://www.ioerj.com.br/portal/modules/conteudoonline/mostra_edicao.php?session=VGtSSmQwMVZSVEJTVlZWMFRucG5lRkpwTURCUmVrVjZURlJuTVZKVVVYUlJNRVpFVDFScmVrMVVZekpOUlVaR1RWUmpNMDlFYTNsTmVtY3hUbEU5UFE9PQ==,D:\github\exoneracoes_nomeacoes_dou\LAKE\RJ\2013\10\DOERJ_PARTE_I_PODER_EXECUTIVO_2013-10-11.md
RJ,Diario Oficial do Estado do Rio de Janeiro,2013-10-11,Parte I (Poder Executivo),nomeacao,RUY ALBERTO CARDOSO RIBEIRO FILHO,5000245-7,,Secretario,5,Wilson Jose Witzel - Governador,Wilson Jose Witzel,Executivo estadual,sim,CARDOSO RIBEIRO:MISC|Ruy Alberto Cardoso Ribeiro Filho:PER,sim,para exercer o cargo em comissão de Assessor,do Gabinete do Secretário,"NOMEAR RUY ALBERTO CARDOSO RIBEIRO FILHO, Inspetor de Segurança e Administração Penitenciária, ID Funcional nº 5000245-7, para exercer o cargo em comissão de Assessor, símbolo DAS-7, da 2ª Comissão Permanente de Inquérito Administrativo, da Assessoria de Inquérito Administrativo, do Gabinete do Secretário, da",https://www.ioerj.com.br/portal/modules/conteudoonline/mostra_edicao.php?session=VGtSSmQwMVZSVEJTVlZWMFRucG5lRkpwTURCUmVrVjZURlJuTVZKVVVYUlJNRVpFVDFScmVrMVVZekpOUlVaR1RWUmpNMDlFYTNsTmVtY3hUbEU5UFE9PQ==,D:\github\exoneracoes_nomeacoes_dou\LAKE\RJ\2013\10\DOERJ_PARTE_I_PODER_EXECUTIVO_2013-10-11.md
RJ,Diario Oficial do Estado do Rio de Janeiro,2013-10-11,Parte I (Poder Executivo),nomeacao,MARIA CRUZ,3154033-3,,Secretario,5,Wilson Jose Witzel - Governador,Wilson Jose Witzel,Executivo estadual,sim,MARIA CRUZ:MISC|Maria Cruz:PER,sim,para exercer o cargo em comissão de Assistente,da Subsecretaria Orçamento e Finanças,"NOMEAR MARIA CRUZ DA SILVA , ID Funcional nº 3154033-3, para exercer o cargo em comissão de Assistente, símbolo DAS-6, da Coordenação de Patrimônio, da Subsecretaria Orçamento e Finanças, da",https://www.ioerj.com.br/portal/modules/conteudoonline/mostra_edicao.php?session=VGtSSmQwMVZSVEJTVlZWMFRucG5lRkpwTURCUmVrVjZURlJuTVZKVVVYUlJNRVpFVDFScmVrMVVZekpOUlVaR1RWUmpNMDlFYTNsTmVtY3hUbEU5UFE9PQ==,D:\github\exoneracoes_nomeacoes_dou\LAKE\RJ\2013\10\DOERJ_PARTE_I_PODER_EXECUTIVO_2013-10-11.md
RJ,Diario Oficial do Estado do Rio de Janeiro,2013-10-11,Parte I (Poder Executivo),exoneracao,FERNANDO DIAS,3241893-0,,Secretario,5,Wilson Jose Witzel - Governador,Wilson Jose Witzel,Executivo estadual,sim,FERNANDO DIAS:PER,sim,do cargo em comissão de Gerente,da Superintendência de Unidades Próprias,"EXONERAR FERNANDO DIAS DA COSTA , ID Funcional nº 3241893-0, do cargo em comissão de Gerente, símbolo DAS-6, da Gerência de Apoio Terapêutico, da Divisão Técnica, do Hospital Estadual Roberto Chabo (Araruama), da Superintendência de Unidades Próprias, da Subsecretaria de Unidades Próprias, da",https://www.ioerj.com.br/portal/modules/conteudoonline/mostra_edicao.php?session=VGtSSmQwMVZSVEJTVlZWMFRucG5lRkpwTURCUmVrVjZURlJuTVZKVVVYUlJNRVpFVDFScmVrMVVZekpOUlVaR1RWUmpNMDlFYTNsTmVtY3hUbEU5UFE9PQ==,D:\github\exoneracoes_nomeacoes_dou\LAKE\RJ\2013\10\DOERJ_PARTE_I_PODER_EXECUTIVO_2013-10-11.md
RJ,Diario Oficial do Estado do Rio de Janeiro,2013-10-11,Parte I (Poder Executivo),nomeacao,ROSILENE DE ASSUNÇÃO ROMÃO,,,Secretario,5,Wilson Jose Witzel - Governador,Wilson Jose Witzel,Executivo estadual,sim,ROSILENE DE ASSUNÇÃO ROMÃO:MISC|Rosilene De Assunção Romão:PER,sim,para exercer o cargo em comissão de Ajudante I,,"NOMEAR ROSILENE DE ASSUNÇÃO ROMÃO para exercer o cargo em comissão de Ajudante I, símbolo DAI-1, da",https://www.ioerj.com.br/portal/modules/conteudoonline/mostra_edicao.php?session=VGtSSmQwMVZSVEJTVlZWMFRucG5lRkpwTURCUmVrVjZURlJuTVZKVVVYUlJNRVpFVDFScmVrMVVZekpOUlVaR1RWUmpNMDlFYTNsTmVtY3hUbEU5UFE9PQ==,D:\github\exoneracoes_nomeacoes_dou\LAKE\RJ\2013\10\DOERJ_PARTE_I_PODER_EXECUTIVO_2013-10-11.md
RJ,Diario Oficial do Estado do Rio de Janeiro,2013-10-11,Parte I (Poder Executivo),nomeacao,RAPHAEL PARANHOS DE OLIVEIRA GONÇALVES,,,Secretario,5,Wilson Jose Witzel - Governador,Wilson Jose Witzel,Executivo estadual,sim,RAPHAEL PARANHOS:ORG|Raphael Paranhos De Oliveira Gonçalves:PER,sim,,da Subsecretaria de Executiva,"NOMEAR RAPHAEL PARANHOS DE OLIVEIRA GONÇALVES para exercer, com validade a contar de 02 de outubro de 2013, o cargo em comissão de Assistente II, símbolo DAI-6, da Coordenação Geral de Prestação de Contas, da Diretoria de Prestação de Contas, da Subsecretaria de Executiva, da",https://www.ioerj.com.br/portal/modules/conteudoonline/mostra_edicao.php?session=VGtSSmQwMVZSVEJTVlZWMFRucG5lRkpwTURCUmVrVjZURlJuTVZKVVVYUlJNRVpFVDFScmVrMVVZekpOUlVaR1RWUmpNMDlFYTNsTmVtY3hUbEU5UFE9PQ==,D:\github\exoneracoes_nomeacoes_dou\LAKE\RJ\2013\10\DOERJ_PARTE_I_PODER_EXECUTIVO_2013-10-11.md
RJ,Diario Oficial do Estado do Rio de Janeiro,2013-10-11,Parte I (Poder Executivo),nomeacao,HÉLIO SANTA EUFEMIA FARINHAS FILHO,,,Secretario,5,Wilson Jose Witzel - Governador,Wilson Jose Witzel,Executivo estadual,sim,HÉLIO SANTA EUFEMIA FARINHAS FILHO:PER,sim,,,"NOMEAR HÉLIO SANTA EUFEMIA FARINHAS FILHO para exercer, com validade a contar de 01 de outubro de 2013, o cargo em comissão de Ajudante I, símbolo DAI-1, da",https://www.ioerj.com.br/portal/modules/conteudoonline/mostra_edicao.php?session=VGtSSmQwMVZSVEJTVlZWMFRucG5lRkpwTURCUmVrVjZURlJuTVZKVVVYUlJNRVpFVDFScmVrMVVZekpOUlVaR1RWUmpNMDlFYTNsTmVtY3hUbEU5UFE9PQ==,D:\github\exoneracoes_nomeacoes_dou\LAKE\RJ\2013\10\DOERJ_PARTE_I_PODER_EXECUTIVO_2013-10-11.md
RJ,Diario Oficial do Estado do Rio de Janeiro,2013-10-11,Parte I (Poder Executivo),exoneracao,WALTER LANNES JUNIOR,04413693-5,,Secretario,5,Wilson Jose Witzel - Governador,Wilson Jose Witzel,Executivo estadual,sim,LANNES:MISC|Walter Lannes Junior:PER,sim,do cargo em comissão de Secretário,,"EXONERAR com validade a contar de 01 de outubro de 2013, WALTER LANNES JUNIOR, ID Funcional nº 04413693-5, do cargo em comissão de Secretário, símbolo DAI-5, da",https://www.ioerj.com.br/portal/modules/conteudoonline/mostra_edicao.php?session=VGtSSmQwMVZSVEJTVlZWMFRucG5lRkpwTURCUmVrVjZURlJuTVZKVVVYUlJNRVpFVDFScmVrMVVZekpOUlVaR1RWUmpNMDlFYTNsTmVtY3hUbEU5UFE9PQ==,D:\github\exoneracoes_nomeacoes_dou\LAKE\RJ\2013\10\DOERJ_PARTE_I_PODER_EXECUTIVO_2013-10-11.md
RJ,Diario Oficial do Estado do Rio de Janeiro,2013-10-11,Parte I (Poder Executivo),nomeacao,FABIO LUIS DE ABREU,,,Secretario,5,Wilson Jose Witzel - Governador,Wilson Jose Witzel,Executivo estadual,sim,FABIO LUIS:ORG|Fabio Luis De Abreu:PER,sim,,,"NOMEAR FABIO LUIS DE ABREU para exercer, com validade a contar de 01 de outubro de 2013, o cargo em comissão de Secretário, símbolo DAI-5, da",https://www.ioerj.com.br/portal/modules/conteudoonline/mostra_edicao.php?session=VGtSSmQwMVZSVEJTVlZWMFRucG5lRkpwTURCUmVrVjZURlJuTVZKVVVYUlJNRVpFVDFScmVrMVVZekpOUlVaR1RWUmpNMDlFYTNsTmVtY3hUbEU5UFE9PQ==,D:\github\exoneracoes_nomeacoes_dou\LAKE\RJ\2013\10\DOERJ_PARTE_I_PODER_EXECUTIVO_2013-10-11.md
RJ,Diario Oficial do Estado do Rio de Janeiro,2013-10-11,Parte I (Poder Executivo),nomeacao,ADRIANA REGINA DE PAIVA RAMOS,,,Secretario,5,Wilson Jose Witzel - Governador,Wilson Jose Witzel,Executivo estadual,sim,Adriana Regina:PER,sim,para exercer o cargo em comissão de Assessor,,"NOMEAR ADRIANA REGINA DE PAIVA RAMOS para exercer o cargo em comissão de Assessor, símbolo DAS-7, da Coordenadoria de Programas e Projetos Institucionais, da",https://www.ioerj.com.br/portal/modules/conteudoonline/mostra_edicao.php?session=VGtSSmQwMVZSVEJTVlZWMFRucG5lRkpwTURCUmVrVjZURlJuTVZKVVVYUlJNRVpFVDFScmVrMVVZekpOUlVaR1RWUmpNMDlFYTNsTmVtY3hUbEU5UFE9PQ==,D:\github\exoneracoes_nomeacoes_dou\LAKE\RJ\2013\10\DOERJ_PARTE_I_PODER_EXECUTIVO_2013-10-11.md
RJ,Diario Oficial do Estado do Rio de Janeiro,2013-10-11,Parte I (Poder Executivo),nomeacao,RODRIGO SAMPAIO DE SANTANA,,,Secretario,5,Wilson Jose Witzel - Governador,Wilson Jose Witzel,Executivo estadual,sim,RODRIGO SAMPAIO:MISC|Rodrigo Sampaio:PER,sim,para exercer o cargo em comissão de Assistente,,"NOMEAR RODRIGO SAMPAIO DE SANTANA para exercer o cargo em comissão de Assistente, símbolo DAS-6, da Coordenadoria dos Centros Comunitários de Defesa da Cidadania - CCDCs, da",https://www.ioerj.com.br/portal/modules/conteudoonline/mostra_edicao.php?session=VGtSSmQwMVZSVEJTVlZWMFRucG5lRkpwTURCUmVrVjZURlJuTVZKVVVYUlJNRVpFVDFScmVrMVVZekpOUlVaR1RWUmpNMDlFYTNsTmVtY3hUbEU5UFE9PQ==,D:\github\exoneracoes_nomeacoes_dou\LAKE\RJ\2013\10\DOERJ_PARTE_I_PODER_EXECUTIVO_2013-10-11.md
RJ,Diario Oficial do Estado do Rio de Janeiro,2013-10-11,Parte I (Poder Executivo),nomeacao,LUIZ CARLOS DE BARROS MAIA,,,Secretario,5,Wilson Jose Witzel - Governador,Wilson Jose Witzel,Executivo estadual,sim,LUIZ CARLOS DE BARROS MAIA:PER,sim,para exercer o cargo em comissão de Assistente,da Fundação para a Infância e Adolescência -FIA/RJ,"NOMEAR LUIZ CARLOS DE BARROS MAIA para exercer o cargo em comissão de Assistente, símbolo DAS-6, da Fundação para a Infância e Adolescência -FIA/RJ, da",https://www.ioerj.com.br/portal/modules/conteudoonline/mostra_edicao.php?session=VGtSSmQwMVZSVEJTVlZWMFRucG5lRkpwTURCUmVrVjZURlJuTVZKVVVYUlJNRVpFVDFScmVrMVVZekpOUlVaR1RWUmpNMDlFYTNsTmVtY3hUbEU5UFE9PQ==,D:\github\exoneracoes_nomeacoes_dou\LAKE\RJ\2013\10\DOERJ_PARTE_I_PODER_EXECUTIVO_2013-10-11.md
RJ,Diario Oficial do Estado do Rio de Janeiro,2013-10-11,Parte I (Poder Executivo),nomeacao,ITAMAR DOS SANTOS,,,Secretario,5,Wilson Jose Witzel - Governador,Wilson Jose Witzel,Executivo estadual,sim,ITAMAR DOS SANTOS:MISC|Itamar Dos Santos:PER,sim,para exercer o cargo em comissão de Secretário II,,"NOMEAR ITAMAR DOS SANTOS para exercer o cargo em comissão de Secretário II, símbolo DAI-5, da",https://www.ioerj.com.br/portal/modules/conteudoonline/mostra_edicao.php?session=VGtSSmQwMVZSVEJTVlZWMFRucG5lRkpwTURCUmVrVjZURlJuTVZKVVVYUlJNRVpFVDFScmVrMVVZekpOUlVaR1RWUmpNMDlFYTNsTmVtY3hUbEU5UFE9PQ==,D:\github\exoneracoes_nomeacoes_dou\LAKE\RJ\2013\10\DOERJ_PARTE_I_PODER_EXECUTIVO_2013-10-11.md
RJ,Diario Oficial do Estado do Rio de Janeiro,2013-10-11,Parte I (Poder Executivo),exoneracao,LUIZ GUSTAVO DE CARVALHO,,,Secretario,5,Wilson Jose Witzel - Governador,Wilson Jose Witzel,Executivo estadual,sim,LUIZ GUSTAVO DE CARVALHO:PER,sim,do cargo em comissão de Auxiliar Técnico de Esportes,da Superintendência de Desportos do Estado do Rio de Janeiro -SUDERJ,"EXONERAR com validade a contar de 03 de outubro de 2013, LUIZ GUSTAVO DE CARVALHO DA SILVA , matrícula nº 101288-9, do cargo em comissão de Auxiliar Técnico de Esportes, símbolo DAI-6, da Superintendência de Desportos do Estado do Rio de Janeiro -SUDERJ, da",https://www.ioerj.com.br/portal/modules/conteudoonline/mostra_edicao.php?session=VGtSSmQwMVZSVEJTVlZWMFRucG5lRkpwTURCUmVrVjZURlJuTVZKVVVYUlJNRVpFVDFScmVrMVVZekpOUlVaR1RWUmpNMDlFYTNsTmVtY3hUbEU5UFE9PQ==,D:\github\exoneracoes_nomeacoes_dou\LAKE\RJ\2013\10\DOERJ_PARTE_I_PODER_EXECUTIVO_2013-10-11.md
RJ,Diario Oficial do Estado do Rio de Janeiro,2013-10-11,Parte I (Poder Executivo),nomeacao,LUIZ GUSTAVO DE CARVALHO,,,Secretario,5,Wilson Jose Witzel - Governador,Wilson Jose Witzel,Executivo estadual,sim,LUIZ GUSTAVO DE CARVALHO:PER,sim,,da Superintendência de Desportos do Estado do Rio de Janeiro SUDERJ,"NOMEAR LUIZ GUSTAVO DE CARVALHO DA SILVA , matrícula nº 101288-9, para exercer, com validade a contar de 03 de outubro de 2013, o cargo em comissão de Administrador, símbolo DAS7, da Superintendência de Desportos do Estado do Rio de Janeiro SUDERJ, da",https://www.ioerj.com.br/portal/modules/conteudoonline/mostra_edicao.php?session=VGtSSmQwMVZSVEJTVlZWMFRucG5lRkpwTURCUmVrVjZURlJuTVZKVVVYUlJNRVpFVDFScmVrMVVZekpOUlVaR1RWUmpNMDlFYTNsTmVtY3hUbEU5UFE9PQ==,D:\github\exoneracoes_nomeacoes_dou\LAKE\RJ\2013\10\DOERJ_PARTE_I_PODER_EXECUTIVO_2013-10-11.md
RJ,Diario Oficial do Estado do Rio de Janeiro,2013-10-11,Parte I (Poder Executivo),nomeacao,ALEX DARDENGO,,,Secretario,5,Wilson Jose Witzel - Governador,Wilson Jose Witzel,Executivo estadual,sim,ALEX DARDENGO:MISC|Alex Dardengo:PER,sim,,da Superintendência de Desportos do Estado do Rio de Janeiro - SUDERJ,"NOMEAR ALEX DARDENGO para exercer, com validade a contar de 03 de outubro de 2013, o cargo em comissão de Auxiliar Técnico de Esportes, símbolo DAI-6, da Superintendência de Desportos do Estado do Rio de Janeiro - SUDERJ, da",https://www.ioerj.com.br/portal/modules/conteudoonline/mostra_edicao.php?session=VGtSSmQwMVZSVEJTVlZWMFRucG5lRkpwTURCUmVrVjZURlJuTVZKVVVYUlJNRVpFVDFScmVrMVVZekpOUlVaR1RWUmpNMDlFYTNsTmVtY3hUbEU5UFE9PQ==,D:\github\exoneracoes_nomeacoes_dou\LAKE\RJ\2013\10\DOERJ_PARTE_I_PODER_EXECUTIVO_2013-10-11.md
RJ,Diario Oficial do Estado do Rio de Janeiro,2013-10-10,Parte I (Poder Executivo),nomeacao,TÉCNICO DE REGISTRO DE EMPRESAS,,,Governador,1,Wilson Jose Witzel - Governador,Wilson Jose Witzel,Executivo estadual,sim,TÉCNICO:MISC|De Registro:PER,sim,,,"NOMEAR GILSON VASCONCELOS BERNARDO , Técnico de Registro de empresas, matrícula nº 0700078-9, para exercer, com validade a contar de 03 de setembro de 2013, o cargo em comissão de Chefe de Setor, símbolo JUCER-JA, da Junta Comercial do Estado do Rio de Janeiro -JUCERJA, da",https://www.ioerj.com.br/portal/modules/conteudoonline/mostra_edicao.php?session=VDFWT1JWRlZVVE5QVkd0MFRrUlZlRTVUTURCUlZHZDVURlJyTTFGVlVYUk9hMFY1VGtScmVVOUZVWHBOYWtVMVRWUmpNMDlFYTNsT1JFa3hUa0U5UFE9PQ==,D:\github\exoneracoes_nomeacoes_dou\LAKE\RJ\2013\10\DOERJ_PARTE_I_PODER_EXECUTIVO_2013-10-10.md
RJ,Diario Oficial do Estado do Rio de Janeiro,2013-10-10,Parte I (Poder Executivo),nomeacao,RAFAEL CARVALHO,,,Governador,1,Wilson Jose Witzel - Governador,Wilson Jose Witzel,Executivo estadual,sim,RAFAEL CARVALHO:PER,sim,,,"NOMEAR RAFAEL CARVALHO DO VALLE , Técnico de Registro de Empresa, matrícula nº 0700056-5, para exercer, com validade a contar de 03 de setembro de 2013, o cargo em comissão de Chefe de Setor, símbolo JUCER-JA, da Junta Comercial do Estado do Rio de Janeiro -JUCERJA, da",https://www.ioerj.com.br/portal/modules/conteudoonline/mostra_edicao.php?session=VDFWT1JWRlZVVE5QVkd0MFRrUlZlRTVUTURCUlZHZDVURlJyTTFGVlVYUk9hMFY1VGtScmVVOUZVWHBOYWtVMVRWUmpNMDlFYTNsT1JFa3hUa0U5UFE9PQ==,D:\github\exoneracoes_nomeacoes_dou\LAKE\RJ\2013\10\DOERJ_PARTE_I_PODER_EXECUTIVO_2013-10-10.md
RJ,Diario Oficial do Estado do Rio de Janeiro,2013-10-10,Parte I (Poder Executivo),nomeacao,RAPHAEL LOUREIRO SANTOS CAPELLO,,,Governador,1,Wilson Jose Witzel - Governador,Wilson Jose Witzel,Executivo estadual,sim,RAPHAEL LOUREIRO SANTOS CAPELLO:PER,sim,,,"NOMEAR RAPHAEL LOUREIRO SANTOS CAPELLO para exercer, com validade a contar de 01 de outubro de 2013, o cargo em comissão de Ajudante II, símbolo DAI-2, da",https://www.ioerj.com.br/portal/modules/conteudoonline/mostra_edicao.php?session=VDFWT1JWRlZVVE5QVkd0MFRrUlZlRTVUTURCUlZHZDVURlJyTTFGVlVYUk9hMFY1VGtScmVVOUZVWHBOYWtVMVRWUmpNMDlFYTNsT1JFa3hUa0U5UFE9PQ==,D:\github\exoneracoes_nomeacoes_dou\LAKE\RJ\2013\10\DOERJ_PARTE_I_PODER_EXECUTIVO_2013-10-10.md
RJ,Diario Oficial do Estado do Rio de Janeiro,2013-10-10,Parte I (Poder Executivo),nomeacao,LEONIDAS PORTO DE LIMA SILVA,,,Governador,1,Wilson Jose Witzel - Governador,Wilson Jose Witzel,Executivo estadual,sim,LEONIDAS PORTO DE LIMA SILVA:ORG|Leonidas Porto De Lima Silva:PER,sim,,,"NOMEAR LEONIDAS PORTO DE LIMA SILVA para exercer, com validade a contar de 01 de outubro de 2013, o cargo em comissão de Assessor, símbolo DAS-7, da",https://www.ioerj.com.br/portal/modules/conteudoonline/mostra_edicao.php?session=VDFWT1JWRlZVVE5QVkd0MFRrUlZlRTVUTURCUlZHZDVURlJyTTFGVlVYUk9hMFY1VGtScmVVOUZVWHBOYWtVMVRWUmpNMDlFYTNsT1JFa3hUa0U5UFE9PQ==,D:\github\exoneracoes_nomeacoes_dou\LAKE\RJ\2013\10\DOERJ_PARTE_I_PODER_EXECUTIVO_2013-10-10.md
RJ,Diario Oficial do Estado do Rio de Janeiro,2013-10-10,Parte I (Poder Executivo),nomeacao,JULIANA VEIGA SACAGNHE THIERS,,,Governador,1,Wilson Jose Witzel - Governador,Wilson Jose Witzel,Executivo estadual,sim,JULIANA VEIGA SACAGNHE THIERS:PER,sim,,da Subsecretaria-Adjunta de Fiscalização,"NOMEAR JULIANA VEIGA SACAGNHE THIERS para exercer, com validade a contar de 01 de outubro de 2013, o cargo em comissão de Secretário II, símbolo DAI-5, da Subsecretaria-Adjunta de Fiscalização, da Subsecretaria de Receita, da",https://www.ioerj.com.br/portal/modules/conteudoonline/mostra_edicao.php?session=VDFWT1JWRlZVVE5QVkd0MFRrUlZlRTVUTURCUlZHZDVURlJyTTFGVlVYUk9hMFY1VGtScmVVOUZVWHBOYWtVMVRWUmpNMDlFYTNsT1JFa3hUa0U5UFE9PQ==,D:\github\exoneracoes_nomeacoes_dou\LAKE\RJ\2013\10\DOERJ_PARTE_I_PODER_EXECUTIVO_2013-10-10.md
RJ,Diario Oficial do Estado do Rio de Janeiro,2013-10-10,Parte I (Poder Executivo),nomeacao,LUIZ FERNANDO FLORESTA DE MIRANDA,,,Governador,1,Wilson Jose Witzel - Governador,Wilson Jose Witzel,Executivo estadual,sim,LUIZ FERNANDO FLORESTA DE MIRANDA:PER,sim,,da Superintendência de Informática,"NOMEAR LUIZ FERNANDO FLORESTA DE MIRANDA para exercer, com validade a contar de 03 de setembro de 2013, o cargo em comissão de Assessor de Banco de Dados, símbolo DAS-7, do Área de Rede, da Superintendência de Informática, da Junta Comercial do Estado do Rio de Janeiro -JUCERJA, da",https://www.ioerj.com.br/portal/modules/conteudoonline/mostra_edicao.php?session=VDFWT1JWRlZVVE5QVkd0MFRrUlZlRTVUTURCUlZHZDVURlJyTTFGVlVYUk9hMFY1VGtScmVVOUZVWHBOYWtVMVRWUmpNMDlFYTNsT1JFa3hUa0U5UFE9PQ==,D:\github\exoneracoes_nomeacoes_dou\LAKE\RJ\2013\10\DOERJ_PARTE_I_PODER_EXECUTIVO_2013-10-10.md
RJ,Diario Oficial do Estado do Rio de Janeiro,2013-10-10,Parte I (Poder Executivo),nomeacao,RAPHAEL VERISSIMO SEVES ESCOBAR,,,Governador,1,Wilson Jose Witzel - Governador,Wilson Jose Witzel,Executivo estadual,sim,RAPHAEL:MISC|ESCOBAR:ORG|Raphael Verissimo Seves Escobar:PER,sim,para exercer o cargo em comissão de Assessor,da Subsecretaria Executiva,"NOMEAR RAPHAEL VERISSIMO SEVES ESCOBAR para exercer o cargo em comissão de Assessor, símbolo DAS-8, da Subsecretaria Executiva, da",https://www.ioerj.com.br/portal/modules/conteudoonline/mostra_edicao.php?session=VDFWT1JWRlZVVE5QVkd0MFRrUlZlRTVUTURCUlZHZDVURlJyTTFGVlVYUk9hMFY1VGtScmVVOUZVWHBOYWtVMVRWUmpNMDlFYTNsT1JFa3hUa0U5UFE9PQ==,D:\github\exoneracoes_nomeacoes_dou\LAKE\RJ\2013\10\DOERJ_PARTE_I_PODER_EXECUTIVO_2013-10-10.md
RJ,Diario Oficial do Estado do Rio de Janeiro,2013-10-10,Parte I (Poder Executivo),exoneracao,RAFAEL OLIVEIRA,5011409-3,,Governador,1,Wilson Jose Witzel - Governador,Wilson Jose Witzel,Executivo estadual,sim,RAFAEL OLIVEIRA:MISC|Rafael Oliveira:PER,sim,do cargo em comissão de Secretário I,da Subsecretaria Extraordinária da Região Serrana,"EXONERAR com validade a contar de 30 de setembro de 2013, RAFAEL OLIVEIRA DA SILVA , ID Funcional nº 5011409-3, do cargo em comissão de Secretário I, símbolo DAI-4, da Subsecretaria Extraordinária da Região Serrana, da",https://www.ioerj.com.br/portal/modules/conteudoonline/mostra_edicao.php?session=VDFWT1JWRlZVVE5QVkd0MFRrUlZlRTVUTURCUlZHZDVURlJyTTFGVlVYUk9hMFY1VGtScmVVOUZVWHBOYWtVMVRWUmpNMDlFYTNsT1JFa3hUa0U5UFE9PQ==,D:\github\exoneracoes_nomeacoes_dou\LAKE\RJ\2013\10\DOERJ_PARTE_I_PODER_EXECUTIVO_2013-10-10.md
RJ,Diario Oficial do Estado do Rio de Janeiro,2013-10-10,Parte I (Poder Executivo),exoneracao,ALANDERSON CARLOS SOUZA DA SILVEIRA,,,Governador,1,Wilson Jose Witzel - Governador,Wilson Jose Witzel,Executivo estadual,sim,ALANDERSON CARLOS SOUZA:MISC|SILVEIRA:MISC|Alanderson Carlos Souza Da Silveira:PER,sim,do cargo em comissão de Ajudante II,,"EXONERAR ALANDERSON CARLOS SOUZA DA SILVEIRA do cargo em comissão de Ajudante II, símbolo DAI-2, da",https://www.ioerj.com.br/portal/modules/conteudoonline/mostra_edicao.php?session=VDFWT1JWRlZVVE5QVkd0MFRrUlZlRTVUTURCUlZHZDVURlJyTTFGVlVYUk9hMFY1VGtScmVVOUZVWHBOYWtVMVRWUmpNMDlFYTNsT1JFa3hUa0U5UFE9PQ==,D:\github\exoneracoes_nomeacoes_dou\LAKE\RJ\2013\10\DOERJ_PARTE_I_PODER_EXECUTIVO_2013-10-10.md
RJ,Diario Oficial do Estado do Rio de Janeiro,2013-10-10,Parte I (Poder Executivo),nomeacao,TENENTE-CORONEL PM,2468986-6,,Governador,1,Wilson Jose Witzel - Governador,Wilson Jose Witzel,Executivo estadual,sim,Tenente-Coronel Pm:PER,sim,,,"NOMEAR ANDRÉ LUÍS BARREIRA , Tenente-Coronel PM, ID Funcional 2468986-6, para exercer, com validade a contar de 04 de junho de 2013, o cargo em comissão de Subdiretor de Diretoria Geral, símbolo DAS-8, da Diretoria Geral de Saúde, da Polícia Militar do Estado do Rio de Janeiro, da",https://www.ioerj.com.br/portal/modules/conteudoonline/mostra_edicao.php?session=VDFWT1JWRlZVVE5QVkd0MFRrUlZlRTVUTURCUlZHZDVURlJyTTFGVlVYUk9hMFY1VGtScmVVOUZVWHBOYWtVMVRWUmpNMDlFYTNsT1JFa3hUa0U5UFE9PQ==,D:\github\exoneracoes_nomeacoes_dou\LAKE\RJ\2013\10\DOERJ_PARTE_I_PODER_EXECUTIVO_2013-10-10.md
RJ,Diario Oficial do Estado do Rio de Janeiro,2013-10-10,Parte I (Poder Executivo),nomeacao,TENENTE-CORONEL PM,2516263-2,,Governador,1,Wilson Jose Witzel - Governador,Wilson Jose Witzel,Executivo estadual,sim,Tenente-Coronel Pm:PER,sim,,,"NOMEAR ALÍPIO DE ALMEIDA BONFIM , Tenente-Coronel PM, ID Funcional nº 2516263-2, para exercer, com validade a contar de 16 de agosto de 2013, o cargo em comissão de Comandante, símbolo DAS-7, do 2º BPM, da Polícia Militar do Estado do Rio de Janeiro, da",https://www.ioerj.com.br/portal/modules/conteudoonline/mostra_edicao.php?session=VDFWT1JWRlZVVE5QVkd0MFRrUlZlRTVUTURCUlZHZDVURlJyTTFGVlVYUk9hMFY1VGtScmVVOUZVWHBOYWtVMVRWUmpNMDlFYTNsT1JFa3hUa0U5UFE9PQ==,D:\github\exoneracoes_nomeacoes_dou\LAKE\RJ\2013\10\DOERJ_PARTE_I_PODER_EXECUTIVO_2013-10-10.md
RJ,Diario Oficial do Estado do Rio de Janeiro,2013-10-10,Parte I (Poder Executivo),nomeacao,TENENTE-CORONEL PM,2430004-7,,Governador,1,Wilson Jose Witzel - Governador,Wilson Jose Witzel,Executivo estadual,sim,Tenente-Coronel Pm:PER,sim,,,"NOMEAR ANTÔNIO MARCOS NETTO DOS SANTOS , Tenente-Coronel PM, ID Funcional nº 2430004-7, para exercer, com validade a contar de 15 de agosto de 2013, o cargo em comissão de Comandante, símbolo DAS-7, do 21º BPM, da Polícia Militar do Estado do Rio de Janeiro, da",https://www.ioerj.com.br/portal/modules/conteudoonline/mostra_edicao.php?session=VDFWT1JWRlZVVE5QVkd0MFRrUlZlRTVUTURCUlZHZDVURlJyTTFGVlVYUk9hMFY1VGtScmVVOUZVWHBOYWtVMVRWUmpNMDlFYTNsT1JFa3hUa0U5UFE9PQ==,D:\github\exoneracoes_nomeacoes_dou\LAKE\RJ\2013\10\DOERJ_PARTE_I_PODER_EXECUTIVO_2013-10-10.md
RJ,Diario Oficial do Estado do Rio de Janeiro,2013-10-10,Parte I (Poder Executivo),nomeacao,TENENTE-CORONEL PM,2451673-2,,Governador,1,Wilson Jose Witzel - Governador,Wilson Jose Witzel,Executivo estadual,sim,Tenente-Coronel Pm:PER,sim,,,"NOMEAR LUIZ CLÁUDIO DOS SANTOS SILVA , Tenente-Coronel PM, ID Funcional nº 2451673-2, para exercer, com validade a contar de 20 de agosto de 2013, o cargo em comissão de Comandante, símbolo DAS-7, do Colégio da Polícia Militar - CPM, da Polícia Militar do Estado do Rio de Janeiro, da",https://www.ioerj.com.br/portal/modules/conteudoonline/mostra_edicao.php?session=VDFWT1JWRlZVVE5QVkd0MFRrUlZlRTVUTURCUlZHZDVURlJyTTFGVlVYUk9hMFY1VGtScmVVOUZVWHBOYWtVMVRWUmpNMDlFYTNsT1JFa3hUa0U5UFE9PQ==,D:\github\exoneracoes_nomeacoes_dou\LAKE\RJ\2013\10\DOERJ_PARTE_I_PODER_EXECUTIVO_2013-10-10.md
RJ,Diario Oficial do Estado do Rio de Janeiro,2013-10-10,Parte I (Poder Executivo),nomeacao,TENENTE-CORONEL PM,2424115-6,,Governador,1,Wilson Jose Witzel - Governador,Wilson Jose Witzel,Executivo estadual,sim,Tenente-Coronel Pm:PER,sim,,,"NOMEAR ARLEI BALBINO DOS SANTOS , Tenente-Coronel PM, ID Funcional nº 2424115-6, para exercer, com validade a contar de 15 de agosto de 2013, o cargo em comissão de Diretor de Diretoria, símbolo DAS-7, da Diretoria de Pessoal da Ativa, da Diretoria Geral de Pessoal, da Polícia Militar do Estado do Rio de Janeiro, da",https://www.ioerj.com.br/portal/modules/conteudoonline/mostra_edicao.php?session=VDFWT1JWRlZVVE5QVkd0MFRrUlZlRTVUTURCUlZHZDVURlJyTTFGVlVYUk9hMFY1VGtScmVVOUZVWHBOYWtVMVRWUmpNMDlFYTNsT1JFa3hUa0U5UFE9PQ==,D:\github\exoneracoes_nomeacoes_dou\LAKE\RJ\2013\10\DOERJ_PARTE_I_PODER_EXECUTIVO_2013-10-10.md
RJ,Diario Oficial do Estado do Rio de Janeiro,2013-10-10,Parte I (Poder Executivo),nomeacao,CAPITÃO PM,595689-7,,Governador,1,Wilson Jose Witzel - Governador,Wilson Jose Witzel,Executivo estadual,sim,CAPITÃO PM:MISC|Capitão Pm:PER,sim,,do Gabinete do Comandante Geral,"NOMEAR WAGNER WILSON ELEUTERIO JUSTINO , Capitão PM, ID Funcional nº 595689-7, para exercer, com validade a contar de 09 de agosto de 2013, o cargo em comissão de Ajudante de Ordens, símbolo DAS-6, do Gabinete do Comandante Geral, da Polícia Militar do Estado do Rio de Janeiro, da",https://www.ioerj.com.br/portal/modules/conteudoonline/mostra_edicao.php?session=VDFWT1JWRlZVVE5QVkd0MFRrUlZlRTVUTURCUlZHZDVURlJyTTFGVlVYUk9hMFY1VGtScmVVOUZVWHBOYWtVMVRWUmpNMDlFYTNsT1JFa3hUa0U5UFE9PQ==,D:\github\exoneracoes_nomeacoes_dou\LAKE\RJ\2013\10\DOERJ_PARTE_I_PODER_EXECUTIVO_2013-10-10.md
RJ,Diario Oficial do Estado do Rio de Janeiro,2013-10-10,Parte I (Poder Executivo),nomeacao,CARLOS AUGUSTO GOULART,4213725-0,,Governador,1,Wilson Jose Witzel - Governador,Wilson Jose Witzel,Executivo estadual,sim,CARLOS AUGUSTO GOULART:PER,sim,,do Gabinete do Comandante Geral,"NOMEAR CARLOS AUGUSTO GOULART DO AMARAL , Capitão PM, ID Funcional nº 4213725-0, para exercer, com validade a contar de 09 de agosto de 2013, o cargo em comissão de Ajudante de Ordens, símbolo DAS-6, do Gabinete do Comandante Geral, da Polícia Militar do Estado do Rio de Janeiro, da",https://www.ioerj.com.br/portal/modules/conteudoonline/mostra_edicao.php?session=VDFWT1JWRlZVVE5QVkd0MFRrUlZlRTVUTURCUlZHZDVURlJyTTFGVlVYUk9hMFY1VGtScmVVOUZVWHBOYWtVMVRWUmpNMDlFYTNsT1JFa3hUa0U5UFE9PQ==,D:\github\exoneracoes_nomeacoes_dou\LAKE\RJ\2013\10\DOERJ_PARTE_I_PODER_EXECUTIVO_2013-10-10.md
RJ,Diario Oficial do Estado do Rio de Janeiro,2013-10-10,Parte I (Poder Executivo),exoneracao,PAULO JOSE MARTINS,2182346-4,,Governador,1,Wilson Jose Witzel - Governador,Wilson Jose Witzel,Executivo estadual,sim,PAULO JOSE MARTINS:PER,sim,do cargo em comissão de Assistente,,"EXONERAR com validade a contar de 01 de julho de 2013, PAULO JOSE MARTINS DA CUNHA , Tenente-Coronel PM, ID Funcional nº 2182346-4, do cargo em comissão de Assistente, símbolo DAS-6, da Seção de Identificação, da Diretoria Geral de Pessoal, da Polícia Militar do Estado do Rio de Janeiro, da",https://www.ioerj.com.br/portal/modules/conteudoonline/mostra_edicao.php?session=VDFWT1JWRlZVVE5QVkd0MFRrUlZlRTVUTURCUlZHZDVURlJyTTFGVlVYUk9hMFY1VGtScmVVOUZVWHBOYWtVMVRWUmpNMDlFYTNsT1JFa3hUa0U5UFE9PQ==,D:\github\exoneracoes_nomeacoes_dou\LAKE\RJ\2013\10\DOERJ_PARTE_I_PODER_EXECUTIVO_2013-10-10.md
RJ,Diario Oficial do Estado do Rio de Janeiro,2013-10-10,Parte I (Poder Executivo),exoneracao,EDILSON PEREIRA MENDONÇA,,,Governador,1,Wilson Jose Witzel - Governador,Wilson Jose Witzel,Executivo estadual,sim,PEREIRA:LOC|Edilson Pereira Mendonça:PER,sim,do cargo em comissão de Assistente,,"EXONERAR com validade a contar de 01 de outubro de 2013, EDILSON PEREIRA MENDONÇA do cargo em comissão de Assistente, símbolo DAS-6, da",https://www.ioerj.com.br/portal/modules/conteudoonline/mostra_edicao.php?session=VDFWT1JWRlZVVE5QVkd0MFRrUlZlRTVUTURCUlZHZDVURlJyTTFGVlVYUk9hMFY1VGtScmVVOUZVWHBOYWtVMVRWUmpNMDlFYTNsT1JFa3hUa0U5UFE9PQ==,D:\github\exoneracoes_nomeacoes_dou\LAKE\RJ\2013\10\DOERJ_PARTE_I_PODER_EXECUTIVO_2013-10-10.md
RJ,Diario Oficial do Estado do Rio de Janeiro,2013-10-10,Parte I (Poder Executivo),nomeacao,WALLACE MARTINS PEREIRA,,,Governador,1,Wilson Jose Witzel - Governador,Wilson Jose Witzel,Executivo estadual,sim,WALLACE MARTINS PEREIRA:PER,sim,,,"NOMEAR WALLACE MARTINS PEREIRA para exercer, com validade a contar de 01 de outubro de 2013, o cargo em comissão de Assistente, símbolo DAS-6, da",https://www.ioerj.com.br/portal/modules/conteudoonline/mostra_edicao.php?session=VDFWT1JWRlZVVE5QVkd0MFRrUlZlRTVUTURCUlZHZDVURlJyTTFGVlVYUk9hMFY1VGtScmVVOUZVWHBOYWtVMVRWUmpNMDlFYTNsT1JFa3hUa0U5UFE9PQ==,D:\github\exoneracoes_nomeacoes_dou\LAKE\RJ\2013\10\DOERJ_PARTE_I_PODER_EXECUTIVO_2013-10-10.md
RJ,Diario Oficial do Estado do Rio de Janeiro,2013-10-10,Parte I (Poder Executivo),nomeacao,ALINE NUNES,4324889-6,,Governador,1,Wilson Jose Witzel - Governador,Wilson Jose Witzel,Executivo estadual,sim,ALINE NUNES:MISC|Aline Nunes:PER,sim,,da Subsecretaria de Infraestrutura e Tecnologia,"NOMEAR ALINE NUNES DA CRUZ , ID Funcional nº 4324889-6, para exercer, com validade a contar de 04 de setembro de 2013, o cargo em comissão de Assessor, símbolo DAS-7, da Equipe de Acompanhamento e Avaliação, da Coordenação de Inspeção Escolar, da Subsecretaria de Infraestrutura e Tecnologia, da",https://www.ioerj.com.br/portal/modules/conteudoonline/mostra_edicao.php?session=VDFWT1JWRlZVVE5QVkd0MFRrUlZlRTVUTURCUlZHZDVURlJyTTFGVlVYUk9hMFY1VGtScmVVOUZVWHBOYWtVMVRWUmpNMDlFYTNsT1JFa3hUa0U5UFE9PQ==,D:\github\exoneracoes_nomeacoes_dou\LAKE\RJ\2013\10\DOERJ_PARTE_I_PODER_EXECUTIVO_2013-10-10.md
RJ,Diario Oficial do Estado do Rio de Janeiro,2013-10-10,Parte I (Poder Executivo),nomeacao,MANOEL QUEIROZ FARIA,,,Governador,1,Wilson Jose Witzel - Governador,Wilson Jose Witzel,Executivo estadual,sim,MANOEL QUEIROZ FARIA:MISC|Manoel Queiroz Faria:PER,sim,para exercer o cargo em comissão de Assessor,,"NOMEAR MANOEL QUEIROZ FARIA para exercer o cargo em comissão de Assessor, símbolo DAS-8, da Coordenadoria de Apoio Técnico às Prefeituras, da",https://www.ioerj.com.br/portal/modules/conteudoonline/mostra_edicao.php?session=VDFWT1JWRlZVVE5QVkd0MFRrUlZlRTVUTURCUlZHZDVURlJyTTFGVlVYUk9hMFY1VGtScmVVOUZVWHBOYWtVMVRWUmpNMDlFYTNsT1JFa3hUa0U5UFE9PQ==,D:\github\exoneracoes_nomeacoes_dou\LAKE\RJ\2013\10\DOERJ_PARTE_I_PODER_EXECUTIVO_2013-10-10.md
RJ,Diario Oficial do Estado do Rio de Janeiro,2013-10-10,Parte I (Poder Executivo),nomeacao,CATIA DOS SANTOS GUIMARÃES,,,Governador,1,Wilson Jose Witzel - Governador,Wilson Jose Witzel,Executivo estadual,sim,Catia Dos Santos Guimarães:PER,sim,,do Instituto de Terras e Cartografia do Estado do Rio de Janeiro -ITERJ,"NOMEAR CATIA DOS SANTOS GUIMARÃES para exercer, com validade a contar de 01 de outubro de 2013, o cargo em comissão de Técnico Assistente, símbolo DAS-8, do Instituto de Terras e Cartografia do Estado do Rio de Janeiro -ITERJ, da",https://www.ioerj.com.br/portal/modules/conteudoonline/mostra_edicao.php?session=VDFWT1JWRlZVVE5QVkd0MFRrUlZlRTVUTURCUlZHZDVURlJyTTFGVlVYUk9hMFY1VGtScmVVOUZVWHBOYWtVMVRWUmpNMDlFYTNsT1JFa3hUa0U5UFE9PQ==,D:\github\exoneracoes_nomeacoes_dou\LAKE\RJ\2013\10\DOERJ_PARTE_I_PODER_EXECUTIVO_2013-10-10.md
RJ,Diario Oficial do Estado do Rio de Janeiro,2013-10-10,Parte I (Poder Executivo),nomeacao,PÂMELA NOVAIS RABELO,,,Governador,1,Wilson Jose Witzel - Governador,Wilson Jose Witzel,Executivo estadual,sim,PÂMELA NOVAIS RABELO:MISC|Pâmela Novais Rabelo:PER,sim,,,"NOMEAR PÂMELA NOVAIS RABELO para exercer, com validade a contar de 01 de outubro de 2013, o cargo em comissão de Ajudante I, símbolo DAI-1, da",https://www.ioerj.com.br/portal/modules/conteudoonline/mostra_edicao.php?session=VDFWT1JWRlZVVE5QVkd0MFRrUlZlRTVUTURCUlZHZDVURlJyTTFGVlVYUk9hMFY1VGtScmVVOUZVWHBOYWtVMVRWUmpNMDlFYTNsT1JFa3hUa0U5UFE9PQ==,D:\github\exoneracoes_nomeacoes_dou\LAKE\RJ\2013\10\DOERJ_PARTE_I_PODER_EXECUTIVO_2013-10-10.md
RJ,Diario Oficial do Estado do Rio de Janeiro,2013-10-10,Parte I (Poder Executivo),nomeacao,NATHALIA DE SOUZA MOTA,,,Governador,1,Wilson Jose Witzel - Governador,Wilson Jose Witzel,Executivo estadual,sim,NATHALIA DE SOUZA MOTA:MISC|Nathalia De Souza Mota:PER,sim,da Assessoria de Contratos e Convênios,,"NOMEAR NATHALIA DE SOUZA MOTA para exercer, com validade a contar de 18 de setembro de 2013, o cargo em comissão de Assessor, símbolo DAS-7, da Assessoria de Contratos e Convênios, da Assessoria Jurídica, da",https://www.ioerj.com.br/portal/modules/conteudoonline/mostra_edicao.php?session=VDFWT1JWRlZVVE5QVkd0MFRrUlZlRTVUTURCUlZHZDVURlJyTTFGVlVYUk9hMFY1VGtScmVVOUZVWHBOYWtVMVRWUmpNMDlFYTNsT1JFa3hUa0U5UFE9PQ==,D:\github\exoneracoes_nomeacoes_dou\LAKE\RJ\2013\10\DOERJ_PARTE_I_PODER_EXECUTIVO_2013-10-10.md
RJ,Diario Oficial do Estado do Rio de Janeiro,2013-10-10,Parte I (Poder Executivo),nomeacao,CAMILA AREIAS DE OLIVEIRA,,,Governador,1,Wilson Jose Witzel - Governador,Wilson Jose Witzel,Executivo estadual,sim,Camila Areias De Oliveira:PER,sim,,,"NOMEAR CAMILA AREIAS DE OLIVEIRA para exercer, com validade a contar de 07 de outubro de 2013, o cargo em comissão de Secretário I, símbolo DAI-4, da",https://www.ioerj.com.br/portal/modules/conteudoonline/mostra_edicao.php?session=VDFWT1JWRlZVVE5QVkd0MFRrUlZlRTVUTURCUlZHZDVURlJyTTFGVlVYUk9hMFY1VGtScmVVOUZVWHBOYWtVMVRWUmpNMDlFYTNsT1JFa3hUa0U5UFE9PQ==,D:\github\exoneracoes_nomeacoes_dou\LAKE\RJ\2013\10\DOERJ_PARTE_I_PODER_EXECUTIVO_2013-10-10.md
RJ,Diario Oficial do Estado do Rio de Janeiro,2013-10-10,Parte I (Poder Executivo),exoneracao,RENATO GONÇALVES DOS SANTOS,,RENATO GONÇALVES DOS SANTOS DO CARGO EM COMISSÃO DE,Diretor,8,Wilson Jose Witzel - Governador,Wilson Jose Witzel,Executivo estadual,sim,RENATO GONÇALVES:PER,sim,do cargo em comissão de Diretor de Departamento,da Fundação para a Infância e Adolescência -FIA/RJ,"EXONERAR com validade a contar de 01 de outubro de 2013, RENATO GONÇALVES DOS SANTOS do cargo em comissão de Diretor de Departamento, símbolo DAS-7, da Diretoria de Administração e Finanças, da Fundação para a Infância e Adolescência -FIA/RJ, da",https://www.ioerj.com.br/portal/modules/conteudoonline/mostra_edicao.php?session=VDFWT1JWRlZVVE5QVkd0MFRrUlZlRTVUTURCUlZHZDVURlJyTTFGVlVYUk9hMFY1VGtScmVVOUZVWHBOYWtVMVRWUmpNMDlFYTNsT1JFa3hUa0U5UFE9PQ==,D:\github\exoneracoes_nomeacoes_dou\LAKE\RJ\2013\10\DOERJ_PARTE_I_PODER_EXECUTIVO_2013-10-10.md
RJ,Diario Oficial do Estado do Rio de Janeiro,2013-10-10,Parte I (Poder Executivo),exoneracao,MARIA JOSÉ LENNEBE,5391911,,Governador,1,Wilson Jose Witzel - Governador,Wilson Jose Witzel,Executivo estadual,sim,MARIA JOSÉ LENNEBE:PER,sim,do cargo em comissão de Assistente,,"EXONERAR a pedido e com validade a contar de 01 de outubro de 2013, MARIA JOSÉ LENNEBERG , ID Funcional nº 5391911, do cargo em comissão de Assistente, símbolo DAS-6, da",https://www.ioerj.com.br/portal/modules/conteudoonline/mostra_edicao.php?session=VDFWT1JWRlZVVE5QVkd0MFRrUlZlRTVUTURCUlZHZDVURlJyTTFGVlVYUk9hMFY1VGtScmVVOUZVWHBOYWtVMVRWUmpNMDlFYTNsT1JFa3hUa0U5UFE9PQ==,D:\github\exoneracoes_nomeacoes_dou\LAKE\RJ\2013\10\DOERJ_PARTE_I_PODER_EXECUTIVO_2013-10-10.md
RJ,Diario Oficial do Estado do Rio de Janeiro,2013-10-10,Parte I (Poder Executivo),nomeacao,LUIS CARLOS DA SILVA,,,Governador,1,Wilson Jose Witzel - Governador,Wilson Jose Witzel,Executivo estadual,sim,LUIS CARLOS DA SILVA:ORG|Luis Carlos Da Silva:PER,sim,,,"NOMEAR LUIS CARLOS DA SILVA para exercer, com validade a contar de 01 de outubro de 2013, o cargo em comissão de Assistente, símbolo DAS-6, da",https://www.ioerj.com.br/portal/modules/conteudoonline/mostra_edicao.php?session=VDFWT1JWRlZVVE5QVkd0MFRrUlZlRTVUTURCUlZHZDVURlJyTTFGVlVYUk9hMFY1VGtScmVVOUZVWHBOYWtVMVRWUmpNMDlFYTNsT1JFa3hUa0U5UFE9PQ==,D:\github\exoneracoes_nomeacoes_dou\LAKE\RJ\2013\10\DOERJ_PARTE_I_PODER_EXECUTIVO_2013-10-10.md
RJ,Diario Oficial do Estado do Rio de Janeiro,2013-10-10,DO Campos (Poder Executivo),nomeacao,VIVIAN MORO FONSECA NO CARGO DE ENFERMEIROPSF . A MESMA DEVERÁ COMPARECER NA,,,Secretario,5,Wilson Jose Witzel - Governador,Wilson Jose Witzel,Executivo estadual,sim,VIVIAN MORO FONSECA:PER,sim,,,NOMEAR VIVIAN MORO FONSECA no cargo de Enfermeiro- PSF . A mesma deverá comparecer na,https://www.ioerj.com.br/portal/modules/conteudoonline/mostra_edicao.php?session=VVd0SmVVMUZTWGhQVlVsMFQwUlJORkY1TURCUmFsSkRURlZLUlU5VWEzUk5WRkV4VFhwbmQwOUZTa0pPVkZrMFRWUmpNMDlFYTNsT1JFa3hUa0U5UFE9PQ==,D:\github\exoneracoes_nomeacoes_dou\LAKE\RJ\2013\10\DOERJ_DO_CAMPOS_PODER_EXECUTIVO_2013-10-10.md
RJ,Diario Oficial do Estado do Rio de Janeiro,2013-10-08,Parte I (Poder Executivo),nomeacao,POR NÃO CONTAR COM ESTES PROFISSIONAIS NESTA UNIDADE PRISIONAL. PROCESSO Nº E-21/027/99/2013. ID: 1570807,,,Secretario,5,Wilson Jose Witzel - Governador,Wilson Jose Witzel,Executivo estadual,sim,ESTES PROFISSIONAIS:MISC|Não Contar:MISC|Nº E-21/027/99/2013:PER,sim,,,"NOMEAR Psiquiatra, Psicólogo e Assistente Social, por não contar com estes profissionais nesta Unidade Prisional. Processo nº E-21/027/99/2013. Id: 1570807 ##",https://www.ioerj.com.br/portal/modules/conteudoonline/mostra_edicao.php?session=VVRCR1IxSlVZM3BPVlUxMFVtcGFRMDFwTURCT1JFMTZURlZGTUU1RVozUlNSRnBEVWtSb1FsRjZhekpQUlZVMVRWUmpNMDlFYTNsT1JHTTFUbmM5UFE9PQ==,D:\github\exoneracoes_nomeacoes_dou\LAKE\RJ\2013\10\DOERJ_PARTE_I_PODER_EXECUTIVO_2013-10-08.md
RJ,Diario Oficial do Estado do Rio de Janeiro,2013-10-04,Parte I (Poder Executivo),exoneracao,MARCELO DA SILVA COSTA,,,Governador,1,Wilson Jose Witzel - Governador,Wilson Jose Witzel,Executivo estadual,sim,MARCELO DA SILVA COSTA:MISC|Marcelo Da Silva Costa:PER,sim,do cargo efetivo de Auxiliar Metrológico - Região 1,do Instituto de Pesos e Medidas do Estado do Rio de Janeiro - IPEM/RJ,"EXONERAR a pedido, MARCELO DA SILVA COSTA, matrícula nº 048.845-2, do cargo efetivo de Auxiliar Metrológico - Região 1, do Instituto de Pesos e Medidas do Estado do Rio de Janeiro - IPEM/RJ, da",https://www.ioerj.com.br/portal/modules/conteudoonline/mostra_edicao.php?session=VG10Uk1FMXFhek5PVkVGMFRWVlNSMDVwTURCUFZWRTFURlJvUms5VVRYUlJNRnBEVFd0Uk1FNTZWVFJQVkdONFRWUmpNMDlFYTNsT1ZGa3dUVkU5UFE9PQ==,D:\github\exoneracoes_nomeacoes_dou\LAKE\RJ\2013\10\DOERJ_PARTE_I_PODER_EXECUTIVO_2013-10-04.md
RJ,Diario Oficial do Estado do Rio de Janeiro,2013-10-04,Parte I (Poder Executivo),exoneracao,MARCELO JOCHEM,,,Governador,1,Wilson Jose Witzel - Governador,Wilson Jose Witzel,Executivo estadual,sim,MARCELO JOCHEM:PER,sim,do cargo efetivo de Analista de Tecnologia da Informação,do Departamento de Trânsito do Estado do Rio de Janeiro - DETRAN/RJ,"EXONERAR a pedido, MARCELO JOCHEM DA SILVA , matrícula nº 24/004.518-7, do cargo efetivo de Analista de Tecnologia da Informação, do Departamento de Trânsito do Estado do Rio de Janeiro - DETRAN/RJ, da",https://www.ioerj.com.br/portal/modules/conteudoonline/mostra_edicao.php?session=VG10Uk1FMXFhek5PVkVGMFRWVlNSMDVwTURCUFZWRTFURlJvUms5VVRYUlJNRnBEVFd0Uk1FNTZWVFJQVkdONFRWUmpNMDlFYTNsT1ZGa3dUVkU5UFE9PQ==,D:\github\exoneracoes_nomeacoes_dou\LAKE\RJ\2013\10\DOERJ_PARTE_I_PODER_EXECUTIVO_2013-10-04.md
RJ,Diario Oficial do Estado do Rio de Janeiro,2013-10-04,Parte I (Poder Executivo),nomeacao,ROBSON SHEENY PINTO,,,Governador,1,Wilson Jose Witzel - Governador,Wilson Jose Witzel,Executivo estadual,sim,ROBSON SHEENY PINTO:MISC|Robson Sheeny Pinto:PER,sim,,da Superintendência dos Arranjos Produtivos Locais,"NOMEAR ROBSON SHEENY PINTO para exercer, com validade a contar de 01 de outubro de 2013, o cargo em comissão de Superintendente, símbolo DG, da Superintendência dos Arranjos Produtivos Locais, da Subsecretaria de Comércio e Serviços, da",https://www.ioerj.com.br/portal/modules/conteudoonline/mostra_edicao.php?session=VG10Uk1FMXFhek5PVkVGMFRWVlNSMDVwTURCUFZWRTFURlJvUms5VVRYUlJNRnBEVFd0Uk1FNTZWVFJQVkdONFRWUmpNMDlFYTNsT1ZGa3dUVkU5UFE9PQ==,D:\github\exoneracoes_nomeacoes_dou\LAKE\RJ\2013\10\DOERJ_PARTE_I_PODER_EXECUTIVO_2013-10-04.md
RJ,Diario Oficial do Estado do Rio de Janeiro,2013-10-04,Parte I (Poder Executivo),exoneracao,MARIA LUIZA BRAGA E SILVA,,,Governador,1,Wilson Jose Witzel - Governador,Wilson Jose Witzel,Executivo estadual,sim,MARIA LUIZA BRAGA:PER,sim,do cargo em comissão de Chefe de Área,,"EXONERAR com validade a contar de 03 de setembro de 2013, MARIA LUIZA BRAGA E SILVA, matrícula nº 373-1, do cargo em comissão de Chefe de Área, símbolo JUCER-JA, da Área de Protocolo Administrativo, da Junta Comercial do Estado do Rio de Janeiro - JUCERJA, da",https://www.ioerj.com.br/portal/modules/conteudoonline/mostra_edicao.php?session=VG10Uk1FMXFhek5PVkVGMFRWVlNSMDVwTURCUFZWRTFURlJvUms5VVRYUlJNRnBEVFd0Uk1FNTZWVFJQVkdONFRWUmpNMDlFYTNsT1ZGa3dUVkU5UFE9PQ==,D:\github\exoneracoes_nomeacoes_dou\LAKE\RJ\2013\10\DOERJ_PARTE_I_PODER_EXECUTIVO_2013-10-04.md
RJ,Diario Oficial do Estado do Rio de Janeiro,2013-10-04,Parte I (Poder Executivo),nomeacao,EDITH SCHULZ,,,Governador,1,Wilson Jose Witzel - Governador,Wilson Jose Witzel,Executivo estadual,sim,SCHULZ:ORG|Edith Schulz:PER,sim,para exercer o cargo em comissão de Assessor Técnico,da Subsecretaria de Atenção à Saúde,"NOMEAR EDITH SCHULZ para exercer o cargo em comissão de Assessor Técnico, símbolo DAS-8, da Subsecretaria de Atenção à Saúde, da",https://www.ioerj.com.br/portal/modules/conteudoonline/mostra_edicao.php?session=VG10Uk1FMXFhek5PVkVGMFRWVlNSMDVwTURCUFZWRTFURlJvUms5VVRYUlJNRnBEVFd0Uk1FNTZWVFJQVkdONFRWUmpNMDlFYTNsT1ZGa3dUVkU5UFE9PQ==,D:\github\exoneracoes_nomeacoes_dou\LAKE\RJ\2013\10\DOERJ_PARTE_I_PODER_EXECUTIVO_2013-10-04.md
RJ,Diario Oficial do Estado do Rio de Janeiro,2013-10-04,Parte I (Poder Executivo),nomeacao,RODRIGO VIEIRA DA ROCHA SANTOS,,,Governador,1,Wilson Jose Witzel - Governador,Wilson Jose Witzel,Executivo estadual,sim,RODRIGO VIEIRA:MISC|Rodrigo Vieira Da Rocha Santos:PER,sim,para exercer o cargo em comissão de Assessor,da Superintendência de Serviços,"NOMEAR RODRIGO VIEIRA DA ROCHA SANTOS para exercer o cargo em comissão de Assessor, símbolo DAS-7, da Superintendência de Serviços, da Subsecretaria de Gestão do Trabalho e Executiva, da",https://www.ioerj.com.br/portal/modules/conteudoonline/mostra_edicao.php?session=VG10Uk1FMXFhek5PVkVGMFRWVlNSMDVwTURCUFZWRTFURlJvUms5VVRYUlJNRnBEVFd0Uk1FNTZWVFJQVkdONFRWUmpNMDlFYTNsT1ZGa3dUVkU5UFE9PQ==,D:\github\exoneracoes_nomeacoes_dou\LAKE\RJ\2013\10\DOERJ_PARTE_I_PODER_EXECUTIVO_2013-10-04.md
RJ,Diario Oficial do Estado do Rio de Janeiro,2013-10-04,Parte I (Poder Executivo),exoneracao,WILLIANS ALVES PINTO DE OLIVEIRA JÚNIOR,,,Governador,1,Wilson Jose Witzel - Governador,Wilson Jose Witzel,Executivo estadual,sim,WILLIANS ALVES PINTO:MISC|Willians Alves Pinto De Oliveira Júnior:PER,sim,do cargo efetivo de Auxiliar Metrológico -Região 1,do Instituto de Pesos e Medidas do Estado do Rio de Janeiro - IPEM/RJ,"EXONERAR a pedido, WILLIANS ALVES PINTO DE OLIVEIRA JÚNIOR, matrícula nº 049.004-5, do cargo efetivo de Auxiliar Metrológico -Região 1, do Instituto de Pesos e Medidas do Estado do Rio de Janeiro - IPEM/RJ, da",https://www.ioerj.com.br/portal/modules/conteudoonline/mostra_edicao.php?session=VG10Uk1FMXFhek5PVkVGMFRWVlNSMDVwTURCUFZWRTFURlJvUms5VVRYUlJNRnBEVFd0Uk1FNTZWVFJQVkdONFRWUmpNMDlFYTNsT1ZGa3dUVkU5UFE9PQ==,D:\github\exoneracoes_nomeacoes_dou\LAKE\RJ\2013\10\DOERJ_PARTE_I_PODER_EXECUTIVO_2013-10-04.md
RJ,Diario Oficial do Estado do Rio de Janeiro,2013-10-04,Parte I (Poder Executivo),exoneracao,DANIEL VICTOR MORAES,5014731-5,,Secretario,5,Wilson Jose Witzel - Governador,Wilson Jose Witzel,Executivo estadual,sim,DANIEL VICTOR:MISC|Daniel Victor Moraes:PER,sim,do cargo em comissão de Encarregado I,da Subsecretaria de Comunicação Social,"EXONERAR com validade a contar de 01 de outubro de 2013, DANIEL VICTOR MORAES DA CUNHA , ID Funcional nº 5014731-5, do cargo em comissão de Encarregado I, símbolo DAI-4, da Rádio Roquete Pinto, da Subsecretaria de Comunicação Social, da",https://www.ioerj.com.br/portal/modules/conteudoonline/mostra_edicao.php?session=VG10Uk1FMXFhek5PVkVGMFRWVlNSMDVwTURCUFZWRTFURlJvUms5VVRYUlJNRnBEVFd0Uk1FNTZWVFJQVkdONFRWUmpNMDlFYTNsT1ZGa3dUVkU5UFE9PQ==,D:\github\exoneracoes_nomeacoes_dou\LAKE\RJ\2013\10\DOERJ_PARTE_I_PODER_EXECUTIVO_2013-10-04.md
RJ,Diario Oficial do Estado do Rio de Janeiro,2013-10-04,Parte I (Poder Executivo),nomeacao,JOELCIO NUNES DO AMPARO,,,Secretario,5,Wilson Jose Witzel - Governador,Wilson Jose Witzel,Executivo estadual,sim,JOELCIO NUNES:MISC|AMPARO:ORG|Joelcio Nunes:PER,sim,,da Subsecretaria de Comunicação Social,"NOMEAR JOELCIO NUNES DO AMPARO para exercer, com validade a contar de 01 de outubro de 2013, o cargo em comissão de Encarregado I, símbolo DAI-4, da Rádio Roquete Pinto, da Subsecretaria de Comunicação Social, da",https://www.ioerj.com.br/portal/modules/conteudoonline/mostra_edicao.php?session=VG10Uk1FMXFhek5PVkVGMFRWVlNSMDVwTURCUFZWRTFURlJvUms5VVRYUlJNRnBEVFd0Uk1FNTZWVFJQVkdONFRWUmpNMDlFYTNsT1ZGa3dUVkU5UFE9PQ==,D:\github\exoneracoes_nomeacoes_dou\LAKE\RJ\2013\10\DOERJ_PARTE_I_PODER_EXECUTIVO_2013-10-04.md
RJ,Diario Oficial do Estado do Rio de Janeiro,2013-10-04,Parte I (Poder Executivo),nomeacao,CÉLIO CUNHA,,,Secretario,5,Wilson Jose Witzel - Governador,Wilson Jose Witzel,Executivo estadual,sim,CÉLIO CUNHA:MISC|Célio Cunha:PER,sim,para exercer o cargo em comissão de Assistente,do Departamento de Transportes Rodoviários do Estado do Rio de Janeiro -DETRO/RJ,"NOMEAR CÉLIO CUNHA DA SILVA , matrícula nº 34/007344, para exercer o cargo em comissão de Assistente, símbolo DAS-6, da Presidência, do Departamento de Transportes Rodoviários do Estado do Rio de Janeiro -DETRO/RJ, da",https://www.ioerj.com.br/portal/modules/conteudoonline/mostra_edicao.php?session=VG10Uk1FMXFhek5PVkVGMFRWVlNSMDVwTURCUFZWRTFURlJvUms5VVRYUlJNRnBEVFd0Uk1FNTZWVFJQVkdONFRWUmpNMDlFYTNsT1ZGa3dUVkU5UFE9PQ==,D:\github\exoneracoes_nomeacoes_dou\LAKE\RJ\2013\10\DOERJ_PARTE_I_PODER_EXECUTIVO_2013-10-04.md
RJ,Diario Oficial do Estado do Rio de Janeiro,2013-10-04,Parte I (Poder Executivo),exoneracao,CÉLIO CUNHA,,,Secretario,5,Wilson Jose Witzel - Governador,Wilson Jose Witzel,Executivo estadual,sim,CÉLIO CUNHA:MISC|Célio Cunha:PER,sim,do cargo em comissão de Diretor de Divisão,do Departamento de Transportes Rodoviários do Estado do Rio de Janeiro - DETRO/RJ,"EXONERAR CÉLIO CUNHA DA SILVA , matrícula nº 34/00734-4, do cargo em comissão de Diretor de Divisão, símbolo DAS-6, da Divisão de Contabilidade, da Coordenadoria Financeira, da Diretoria Administrativa e Econômico-Financeira, do Departamento de Transportes Rodoviários do Estado do Rio de Janeiro - DETRO/RJ, da",https://www.ioerj.com.br/portal/modules/conteudoonline/mostra_edicao.php?session=VG10Uk1FMXFhek5PVkVGMFRWVlNSMDVwTURCUFZWRTFURlJvUms5VVRYUlJNRnBEVFd0Uk1FNTZWVFJQVkdONFRWUmpNMDlFYTNsT1ZGa3dUVkU5UFE9PQ==,D:\github\exoneracoes_nomeacoes_dou\LAKE\RJ\2013\10\DOERJ_PARTE_I_PODER_EXECUTIVO_2013-10-04.md
RJ,Diario Oficial do Estado do Rio de Janeiro,2013-10-04,Parte I (Poder Executivo),nomeacao,THIAGO DE OLIVEIRA TINOCO,,,Secretario,5,Wilson Jose Witzel - Governador,Wilson Jose Witzel,Executivo estadual,sim,THIAGO DE OLIVEIRA TINOCO:ORG|Thiago De Oliveira Tinoco:PER,sim,,,"NOMEAR THIAGO DE OLIVEIRA TINOCO para exercer, com validade a contar de 01 de outubro de 2013, o cargo em comissão de Assistente II, símbolo DAI-6, da",https://www.ioerj.com.br/portal/modules/conteudoonline/mostra_edicao.php?session=VG10Uk1FMXFhek5PVkVGMFRWVlNSMDVwTURCUFZWRTFURlJvUms5VVRYUlJNRnBEVFd0Uk1FNTZWVFJQVkdONFRWUmpNMDlFYTNsT1ZGa3dUVkU5UFE9PQ==,D:\github\exoneracoes_nomeacoes_dou\LAKE\RJ\2013\10\DOERJ_PARTE_I_PODER_EXECUTIVO_2013-10-04.md
RJ,Diario Oficial do Estado do Rio de Janeiro,2013-10-04,Parte I (Poder Executivo),nomeacao,GABRIEL POTSCH ANDREATA,,,Secretario,5,Wilson Jose Witzel - Governador,Wilson Jose Witzel,Executivo estadual,sim,GABRIEL:MISC|Gabriel Potsch Andreata:PER,sim,,do Departamento de Marketing,"NOMEAR GABRIEL POTSCH ANDREATA para exercer, com validade a contar de 01 de outubro de 2013, o cargo em comissão de Chefe de Divisão, símbolo DAS-7, da Divisão Comercial, do Departamento de Marketing, da Vice-Presidência de Marketing, da Superintendência de Desportos do Estado do Rio de Janeiro - SUDERJ, da",https://www.ioerj.com.br/portal/modules/conteudoonline/mostra_edicao.php?session=VG10Uk1FMXFhek5PVkVGMFRWVlNSMDVwTURCUFZWRTFURlJvUms5VVRYUlJNRnBEVFd0Uk1FNTZWVFJQVkdONFRWUmpNMDlFYTNsT1ZGa3dUVkU5UFE9PQ==,D:\github\exoneracoes_nomeacoes_dou\LAKE\RJ\2013\10\DOERJ_PARTE_I_PODER_EXECUTIVO_2013-10-04.md
RJ,Diario Oficial do Estado do Rio de Janeiro,2013-10-04,Parte I (Poder Executivo),exoneracao,LUIZ WANDERLEY,,,Secretario,5,Wilson Jose Witzel - Governador,Wilson Jose Witzel,Executivo estadual,sim,LUIZ WANDERLEY:PER,sim,do cargo em comissão de Assistente,do Departamento de Administração e Finanças,"EXONERAR com validade a contar de 01 de outubro de 2013, LUIZ WANDERLEY DA SILVA , matrícula nº 101835-7, do cargo em comissão de Assistente, símbolo DAS-6, da Divisão de Tesouraria, do Departamento de Administração e Finanças, da Vice-Presidência Administrativa, da Superintendência de Desportos do Estado do Rio de Janeiro -SUDERJ, da",https://www.ioerj.com.br/portal/modules/conteudoonline/mostra_edicao.php?session=VG10Uk1FMXFhek5PVkVGMFRWVlNSMDVwTURCUFZWRTFURlJvUms5VVRYUlJNRnBEVFd0Uk1FNTZWVFJQVkdONFRWUmpNMDlFYTNsT1ZGa3dUVkU5UFE9PQ==,D:\github\exoneracoes_nomeacoes_dou\LAKE\RJ\2013\10\DOERJ_PARTE_I_PODER_EXECUTIVO_2013-10-04.md
RJ,Diario Oficial do Estado do Rio de Janeiro,2013-10-03,Parte I (Poder Executivo),nomeacao,RAFAEL MONTENEGRO PRA BALDI,,,Governador,1,Wilson Jose Witzel - Governador,Wilson Jose Witzel,Executivo estadual,sim,RAFAEL:ORG|PRA BALDI:MISC|Rafael Montenegro Pra Baldi:PER,sim,,da Superintendência de Controle e Acompanhamento da Movimentação Financeira,"NOMEAR RAFAEL MONTENEGRO PRA BALDI para exercer, com validade a contar de 24 de setembro de 2013, o cargo em comissão de Assistente, símbolo DAS-6, da Coordenação de Execução Financeira, da Superintendência de Controle e Acompanhamento da Movimentação Financeira, da Subsecretaria de Finanças, da",https://www.ioerj.com.br/portal/modules/conteudoonline/mostra_edicao.php?session=VFZSYVEwMXFSVEJOZWtGMFVXdEtSMUpwTURCUmEwVTBURlJvUTA1RldYUk5SR2hEVGxSQk1FMXJVa0pSYTA1RlRWUmpNMDlFYTNsT1ZHc3dUa0U5UFE9PQ==,D:\github\exoneracoes_nomeacoes_dou\LAKE\RJ\2013\10\DOERJ_PARTE_I_PODER_EXECUTIVO_2013-10-03.md
RJ,Diario Oficial do Estado do Rio de Janeiro,2013-10-03,Parte I (Poder Executivo),nomeacao,EMERSON GABRIEL GHAZI,,,Governador,1,Wilson Jose Witzel - Governador,Wilson Jose Witzel,Executivo estadual,sim,EMERSON GABRIEL GHAZI:MISC|Emerson Gabriel Ghazi:PER,sim,para exercer o cargo em comissão de Assessor,,"NOMEAR EMERSON GABRIEL GHAZI para exercer o cargo em comissão de Assessor, símbolo DAS-8, da",https://www.ioerj.com.br/portal/modules/conteudoonline/mostra_edicao.php?session=VFZSYVEwMXFSVEJOZWtGMFVXdEtSMUpwTURCUmEwVTBURlJvUTA1RldYUk5SR2hEVGxSQk1FMXJVa0pSYTA1RlRWUmpNMDlFYTNsT1ZHc3dUa0U5UFE9PQ==,D:\github\exoneracoes_nomeacoes_dou\LAKE\RJ\2013\10\DOERJ_PARTE_I_PODER_EXECUTIVO_2013-10-03.md
RJ,Diario Oficial do Estado do Rio de Janeiro,2013-10-03,Parte I (Poder Executivo),exoneracao,GILBERTO JORGE,4252844-5,,Governador,1,Wilson Jose Witzel - Governador,Wilson Jose Witzel,Executivo estadual,sim,GILBERTO JORGE:PER,sim,do cargo em comissão de Assessor-Chefe,da Subsecretaria de Infraestrutura e Tecnologia,"EXONERAR a pedido e com validade a contar de 01 de outubro de 2013, GILBERTO JORGE DA CRUZ ARAÚJO , ID Funcional nº 4252844-5, do cargo em comissão de Assessor-Chefe, símbolo DAS-8, da Subsecretaria de Infraestrutura e Tecnologia, da",https://www.ioerj.com.br/portal/modules/conteudoonline/mostra_edicao.php?session=VFZSYVEwMXFSVEJOZWtGMFVXdEtSMUpwTURCUmEwVTBURlJvUTA1RldYUk5SR2hEVGxSQk1FMXJVa0pSYTA1RlRWUmpNMDlFYTNsT1ZHc3dUa0U5UFE9PQ==,D:\github\exoneracoes_nomeacoes_dou\LAKE\RJ\2013\10\DOERJ_PARTE_I_PODER_EXECUTIVO_2013-10-03.md
RJ,Diario Oficial do Estado do Rio de Janeiro,2013-10-03,Parte I (Poder Executivo),nomeacao,EDMARA FONSECA,4259047-7,,Governador,1,Wilson Jose Witzel - Governador,Wilson Jose Witzel,Executivo estadual,sim,EDMARA FONSECA:MISC|Edmara Fonseca:PER,sim,,da Superintendência Pedagógica,"NOMEAR EDMARA FONSECA DA SILVA , ID Funcional nº 4259047-7, para exercer, com validade a contar de 21 de maio de 2013, o cargo em comissão de Assistente, símbolo DAS-6, da Diretoria Geral de Avaliação da Educação Básica, da Superintendência Pedagógica, da Subsecretaria de Gestão de Ensino, da",https://www.ioerj.com.br/portal/modules/conteudoonline/mostra_edicao.php?session=VFZSYVEwMXFSVEJOZWtGMFVXdEtSMUpwTURCUmEwVTBURlJvUTA1RldYUk5SR2hEVGxSQk1FMXJVa0pSYTA1RlRWUmpNMDlFYTNsT1ZHc3dUa0U5UFE9PQ==,D:\github\exoneracoes_nomeacoes_dou\LAKE\RJ\2013\10\DOERJ_PARTE_I_PODER_EXECUTIVO_2013-10-03.md
RJ,Diario Oficial do Estado do Rio de Janeiro,2013-10-03,Parte I (Poder Executivo),nomeacao,GABRIELA DE OLIVEIRA GONÇALVES COSTA,,,Governador,1,Wilson Jose Witzel - Governador,Wilson Jose Witzel,Executivo estadual,sim,GABRIELA DE OLIVEIRA:MISC|Gabriela De Oliveira Gonçalves Costa:PER,sim,,do Departamento Geral de Ações Sócioeducativas - DEGASE,"NOMEAR GABRIELA DE OLIVEIRA GONÇALVES COSTA para exercer, com validade a contar de 02 de setembro de 2013, o cargo em comissão de Ajudante I, símbolo DAI-1, do Departamento Geral de Ações Sócioeducativas - DEGASE, da",https://www.ioerj.com.br/portal/modules/conteudoonline/mostra_edicao.php?session=VFZSYVEwMXFSVEJOZWtGMFVXdEtSMUpwTURCUmEwVTBURlJvUTA1RldYUk5SR2hEVGxSQk1FMXJVa0pSYTA1RlRWUmpNMDlFYTNsT1ZHc3dUa0U5UFE9PQ==,D:\github\exoneracoes_nomeacoes_dou\LAKE\RJ\2013\10\DOERJ_PARTE_I_PODER_EXECUTIVO_2013-10-03.md
RJ,Diario Oficial do Estado do Rio de Janeiro,2013-10-03,Parte I (Poder Executivo),nomeacao,PALOMA RODRIGUES MARTINS,,,Governador,1,Wilson Jose Witzel - Governador,Wilson Jose Witzel,Executivo estadual,sim,PALOMA RODRIGUES:MISC|Paloma Rodrigues Martins:PER,sim,,,"NOMEAR PALOMA RODRIGUES MARTINS para exercer, com validade a contar de 01 de outubro de 2013, o cargo em comissão de Coordenador Regional, símbolo DAS-10, da",https://www.ioerj.com.br/portal/modules/conteudoonline/mostra_edicao.php?session=VFZSYVEwMXFSVEJOZWtGMFVXdEtSMUpwTURCUmEwVTBURlJvUTA1RldYUk5SR2hEVGxSQk1FMXJVa0pSYTA1RlRWUmpNMDlFYTNsT1ZHc3dUa0U5UFE9PQ==,D:\github\exoneracoes_nomeacoes_dou\LAKE\RJ\2013\10\DOERJ_PARTE_I_PODER_EXECUTIVO_2013-10-03.md
RJ,Diario Oficial do Estado do Rio de Janeiro,2013-10-03,Parte I (Poder Executivo),nomeacao,LUIZ CARLOS VIDAL BARROSO,,,Secretario,5,Wilson Jose Witzel - Governador,Wilson Jose Witzel,Executivo estadual,sim,LUIZ CARLOS VIDAL BARROSO:PER,sim,,,"NOMEAR LUIZ CARLOS VIDAL BARROSO para exercer, com validade a contar de 20 de setembro de 2013, o cargo em comissão de Assessor, símbolo DAS-8, da Vice-Governadoria do Estado, anteriormente ocupado por Demilson Antonio Ribeiro Monteiro, matrícula nº 0963182-1. Processo nº E-16/001/207/2013",https://www.ioerj.com.br/portal/modules/conteudoonline/mostra_edicao.php?session=VFZSYVEwMXFSVEJOZWtGMFVXdEtSMUpwTURCUmEwVTBURlJvUTA1RldYUk5SR2hEVGxSQk1FMXJVa0pSYTA1RlRWUmpNMDlFYTNsT1ZHc3dUa0U5UFE9PQ==,D:\github\exoneracoes_nomeacoes_dou\LAKE\RJ\2013\10\DOERJ_PARTE_I_PODER_EXECUTIVO_2013-10-03.md
RJ,Diario Oficial do Estado do Rio de Janeiro,2013-10-03,Parte I (Poder Executivo),nomeacao,TEODOMIRO BITENCOURT FILHO,,,Secretario,5,Wilson Jose Witzel - Governador,Wilson Jose Witzel,Executivo estadual,sim,BITENCOURT FILHO:LOC|Teodomiro Bitencourt Filho:PER,sim,para exercer o cargo em comissão de Diretor de CIRETRAN,do Departamento de Trânsito do Estado do Rio de Janeiro -DETRAN/RJ,"NOMEAR TEODOMIRO BITENCOURT FILHO para exercer o cargo em comissão de Diretor de CIRETRAN, símbolo DAS-7, da 12ª Circunscrição Regional de Trânsito - Macaé, da CIRETRANS E SATS, da Coordenadoria de Serviços Descentralizados, da Coordenadoria Geral de Integração de Serviços, do Departamento de Trânsito do Estado do Rio de Janeiro -DETRAN/RJ, da",https://www.ioerj.com.br/portal/modules/conteudoonline/mostra_edicao.php?session=VFZSYVEwMXFSVEJOZWtGMFVXdEtSMUpwTURCUmEwVTBURlJvUTA1RldYUk5SR2hEVGxSQk1FMXJVa0pSYTA1RlRWUmpNMDlFYTNsT1ZHc3dUa0U5UFE9PQ==,D:\github\exoneracoes_nomeacoes_dou\LAKE\RJ\2013\10\DOERJ_PARTE_I_PODER_EXECUTIVO_2013-10-03.md
RJ,Diario Oficial do Estado do Rio de Janeiro,2013-10-03,Parte I (Poder Executivo),nomeacao,JUCELIO OLIVEIRA DE SOUZA,,,Secretario,5,Wilson Jose Witzel - Governador,Wilson Jose Witzel,Executivo estadual,sim,JUCELIO:MISC|Jucelio Oliveira De Souza:PER,sim,,do Departamento de Trânsito do Estado do Rio de Janeiro - DETRAN/RJ,"NOMEAR JUCELIO OLIVEIRA DE SOUZA para exercer, com validade a contar de 01 de setembro de 2013, o cargo em comissão de Chefe de Serviço, símbolo DAI-6, do Serviço de Preparo de Pagamento, da Divisão de Registro e Controle, da Coordenadoria de Gestão de Pessoas, da Diretoria de Administração e Finanças, do Departamento de Trânsito do Estado do Rio de Janeiro - DETRAN/RJ, da",https://www.ioerj.com.br/portal/modules/conteudoonline/mostra_edicao.php?session=VFZSYVEwMXFSVEJOZWtGMFVXdEtSMUpwTURCUmEwVTBURlJvUTA1RldYUk5SR2hEVGxSQk1FMXJVa0pSYTA1RlRWUmpNMDlFYTNsT1ZHc3dUa0U5UFE9PQ==,D:\github\exoneracoes_nomeacoes_dou\LAKE\RJ\2013\10\DOERJ_PARTE_I_PODER_EXECUTIVO_2013-10-03.md
RJ,Diario Oficial do Estado do Rio de Janeiro,2013-10-03,Parte I (Poder Executivo),nomeacao,MARCELO DE SOUZA TEIXEIRA,,,Secretario,5,Wilson Jose Witzel - Governador,Wilson Jose Witzel,Executivo estadual,sim,MARCELO:MISC|Marcelo De Souza Teixeira:PER,sim,para exercer o cargo em comissão de Chefe de Unidade,do Departamento de Trânsito do Estado do Rio de Janeiro -DETRAN/RJ,"NOMEAR MARCELO DE SOUZA TEIXEIRA para exercer o cargo em comissão de Chefe de Unidade, símbolo DAI-6, da Unidade de Serviço Descentralizado -USD, da Coordenadoria de Serviços Descentralizados, da Coordenadoria Geral de Integração de Serviços, do Departamento de Trânsito do Estado do Rio de Janeiro -DETRAN/RJ, da",https://www.ioerj.com.br/portal/modules/conteudoonline/mostra_edicao.php?session=VFZSYVEwMXFSVEJOZWtGMFVXdEtSMUpwTURCUmEwVTBURlJvUTA1RldYUk5SR2hEVGxSQk1FMXJVa0pSYTA1RlRWUmpNMDlFYTNsT1ZHc3dUa0U5UFE9PQ==,D:\github\exoneracoes_nomeacoes_dou\LAKE\RJ\2013\10\DOERJ_PARTE_I_PODER_EXECUTIVO_2013-10-03.md
RJ,Diario Oficial do Estado do Rio de Janeiro,2013-10-03,Parte I (Poder Executivo),nomeacao,ANTONIO AUGUSTO RODRIGUES DE MELLO TASQUINHO DA SILVA,,,Secretario,5,Wilson Jose Witzel - Governador,Wilson Jose Witzel,Executivo estadual,sim,ANTONIO AUGUSTO RODRIGUES DE MELLO TASQUINHO:PER,sim,para exercer o cargo em comissão de Assistente III,do Gabinete da Presidência,"NOMEAR ANTONIO AUGUSTO RODRIGUES DE MELLO TASQUINHO DA SILVA para exercer o cargo em comissão de Assistente III, símbolo DAI-5, do Gabinete da Presidência, do Departamento de Trânsito do Estado do Rio de Janeiro - DETRAN/RJ, da",https://www.ioerj.com.br/portal/modules/conteudoonline/mostra_edicao.php?session=VFZSYVEwMXFSVEJOZWtGMFVXdEtSMUpwTURCUmEwVTBURlJvUTA1RldYUk5SR2hEVGxSQk1FMXJVa0pSYTA1RlRWUmpNMDlFYTNsT1ZHc3dUa0U5UFE9PQ==,D:\github\exoneracoes_nomeacoes_dou\LAKE\RJ\2013\10\DOERJ_PARTE_I_PODER_EXECUTIVO_2013-10-03.md
RJ,Diario Oficial do Estado do Rio de Janeiro,2013-10-03,Parte I (Poder Executivo),nomeacao,RICARDO MARCELO DA SILVA,,,Secretario,5,Wilson Jose Witzel - Governador,Wilson Jose Witzel,Executivo estadual,sim,RICARDO MARCELO DA SILVA:MISC|Ricardo Marcelo Da Silva:PER,sim,,do Instituto Estadual do Ambiente -INEA,"NOMEAR RICARDO MARCELO DA SILVA para exercer, com validade a contar de 16 de setembro de 2013, o cargo em comissão de Assessor II, símbolo DAS-6, do Instituto Estadual do Ambiente -INEA, da",https://www.ioerj.com.br/portal/modules/conteudoonline/mostra_edicao.php?session=VFZSYVEwMXFSVEJOZWtGMFVXdEtSMUpwTURCUmEwVTBURlJvUTA1RldYUk5SR2hEVGxSQk1FMXJVa0pSYTA1RlRWUmpNMDlFYTNsT1ZHc3dUa0U5UFE9PQ==,D:\github\exoneracoes_nomeacoes_dou\LAKE\RJ\2013\10\DOERJ_PARTE_I_PODER_EXECUTIVO_2013-10-03.md
RJ,Diario Oficial do Estado do Rio de Janeiro,2013-10-03,Parte I (Poder Executivo),exoneracao,PAULO ROBERTO FERREIRA,,,Secretario,5,Wilson Jose Witzel - Governador,Wilson Jose Witzel,Executivo estadual,sim,Paulo Roberto Ferreira:PER,sim,do cargo em comissão de Adjunto I,do Instituto Estadual do Ambiente -INEA,"EXONERAR com validade a contar de 16 de setembro de 2013, PAULO ROBERTO FERREIRA DA COSTA , matrícula nº 27/0001705-2, do cargo em comissão de Adjunto I, símbolo DAI-4, do Instituto Estadual do Ambiente -INEA, da",https://www.ioerj.com.br/portal/modules/conteudoonline/mostra_edicao.php?session=VFZSYVEwMXFSVEJOZWtGMFVXdEtSMUpwTURCUmEwVTBURlJvUTA1RldYUk5SR2hEVGxSQk1FMXJVa0pSYTA1RlRWUmpNMDlFYTNsT1ZHc3dUa0U5UFE9PQ==,D:\github\exoneracoes_nomeacoes_dou\LAKE\RJ\2013\10\DOERJ_PARTE_I_PODER_EXECUTIVO_2013-10-03.md
RJ,Diario Oficial do Estado do Rio de Janeiro,2013-10-03,Parte I (Poder Executivo),nomeacao,RODRIGO CARVALHO DA SILVA,,,Secretario,5,Wilson Jose Witzel - Governador,Wilson Jose Witzel,Executivo estadual,sim,RODRIGO:ORG|Rodrigo Carvalho Da Silva:PER,sim,,do Instituto Estadual do Ambiente -INEA,"NOMEAR RODRIGO CARVALHO DA SILVA para exercer, com validade a contar de 01 de outubro de 2013, o cargo em comissão de Adjunto II, símbolo DAI-2, do Instituto Estadual do Ambiente -INEA, da",https://www.ioerj.com.br/portal/modules/conteudoonline/mostra_edicao.php?session=VFZSYVEwMXFSVEJOZWtGMFVXdEtSMUpwTURCUmEwVTBURlJvUTA1RldYUk5SR2hEVGxSQk1FMXJVa0pSYTA1RlRWUmpNMDlFYTNsT1ZHc3dUa0U5UFE9PQ==,D:\github\exoneracoes_nomeacoes_dou\LAKE\RJ\2013\10\DOERJ_PARTE_I_PODER_EXECUTIVO_2013-10-03.md
RJ,Diario Oficial do Estado do Rio de Janeiro,2013-10-03,Parte I (Poder Executivo),nomeacao,PAULO HENRIQUE DO LAGO ARAGÃO,,,Secretario,5,Wilson Jose Witzel - Governador,Wilson Jose Witzel,Executivo estadual,sim,PAULO HENRIQUE:PER,sim,,,"NOMEAR PAULO HENRIQUE DO LAGO ARAGÃO para exercer, com validade a contar de 30 de setembro de 2013, o cargo em comissão de Assessor, símbolo DAS-7, da",https://www.ioerj.com.br/portal/modules/conteudoonline/mostra_edicao.php?session=VFZSYVEwMXFSVEJOZWtGMFVXdEtSMUpwTURCUmEwVTBURlJvUTA1RldYUk5SR2hEVGxSQk1FMXJVa0pSYTA1RlRWUmpNMDlFYTNsT1ZHc3dUa0U5UFE9PQ==,D:\github\exoneracoes_nomeacoes_dou\LAKE\RJ\2013\10\DOERJ_PARTE_I_PODER_EXECUTIVO_2013-10-03.md
RJ,Diario Oficial do Estado do Rio de Janeiro,2013-10-03,Parte I (Poder Executivo),nomeacao,VALÉRIO DA SILVA OLIVEIRA JUNIOR,,,Secretario,5,Wilson Jose Witzel - Governador,Wilson Jose Witzel,Executivo estadual,sim,VALÉRIO DA SILVA OLIVEIRA JUNIOR:MISC|Valério Da Silva Oliveira Junior:PER,sim,,,"NOMEAR VALÉRIO DA SILVA OLIVEIRA JUNIOR para exercer, com validade a contar de 01 de outubro de 2013, o cargo em comissão de Assistente II, símbolo DAI-6, da",https://www.ioerj.com.br/portal/modules/conteudoonline/mostra_edicao.php?session=VFZSYVEwMXFSVEJOZWtGMFVXdEtSMUpwTURCUmEwVTBURlJvUTA1RldYUk5SR2hEVGxSQk1FMXJVa0pSYTA1RlRWUmpNMDlFYTNsT1ZHc3dUa0U5UFE9PQ==,D:\github\exoneracoes_nomeacoes_dou\LAKE\RJ\2013\10\DOERJ_PARTE_I_PODER_EXECUTIVO_2013-10-03.md
RJ,Diario Oficial do Estado do Rio de Janeiro,2013-10-03,Parte I (Poder Executivo),nomeacao,DANIELA KARINA,5007450-4,,Secretario,5,Wilson Jose Witzel - Governador,Wilson Jose Witzel,Executivo estadual,sim,KARINA:MISC|Daniela Karina:PER,sim,,da Subsecretaria Adjunta de Ações Finalísticas,"NOMEAR DANIELA KARINA DA SILVA VERÇOSA , ID Funcional nº 5007450-4, para exercer, com validade a contar de 01 de outubro de 2013, o cargo em comissão de Coordenador, símbolo DAS-8, da Coordenadoria de Projetos, da Subsecretaria Adjunta de Ações Finalísticas, da",https://www.ioerj.com.br/portal/modules/conteudoonline/mostra_edicao.php?session=VFZSYVEwMXFSVEJOZWtGMFVXdEtSMUpwTURCUmEwVTBURlJvUTA1RldYUk5SR2hEVGxSQk1FMXJVa0pSYTA1RlRWUmpNMDlFYTNsT1ZHc3dUa0U5UFE9PQ==,D:\github\exoneracoes_nomeacoes_dou\LAKE\RJ\2013\10\DOERJ_PARTE_I_PODER_EXECUTIVO_2013-10-03.md
RJ,Diario Oficial do Estado do Rio de Janeiro,2013-10-03,Parte I (Poder Executivo),nomeacao,SONIA REGINA,564427-5,,Secretario,5,Wilson Jose Witzel - Governador,Wilson Jose Witzel,Executivo estadual,sim,REGINA:ORG|Sonia Regina:PER,sim,,,"NOMEAR SONIA REGINA DO NASCIMENTO FRANCO , ID Funcional nº 564427-5, para exercer, com validade a contar de 01 de outubro de 2013, o cargo em comissão de Assessor, símbolo DAS-7, da",https://www.ioerj.com.br/portal/modules/conteudoonline/mostra_edicao.php?session=VFZSYVEwMXFSVEJOZWtGMFVXdEtSMUpwTURCUmEwVTBURlJvUTA1RldYUk5SR2hEVGxSQk1FMXJVa0pSYTA1RlRWUmpNMDlFYTNsT1ZHc3dUa0U5UFE9PQ==,D:\github\exoneracoes_nomeacoes_dou\LAKE\RJ\2013\10\DOERJ_PARTE_I_PODER_EXECUTIVO_2013-10-03.md
RJ,Diario Oficial do Estado do Rio de Janeiro,2013-10-03,Parte I (Poder Executivo),nomeacao,LEANDRO GONÇALVES MAGALDI,,,Secretario,5,Wilson Jose Witzel - Governador,Wilson Jose Witzel,Executivo estadual,sim,LEANDRO GONÇALVES MAGALDI:MISC|Leandro Gonçalves Magaldi:PER,sim,,,"NOMEAR LEANDRO GONÇALVES MAGALDI para exercer, com validade a contar de 01 de outubro de 2013, o cargo em comissão de Assistente II, símbolo DAI-6, da",https://www.ioerj.com.br/portal/modules/conteudoonline/mostra_edicao.php?session=VFZSYVEwMXFSVEJOZWtGMFVXdEtSMUpwTURCUmEwVTBURlJvUTA1RldYUk5SR2hEVGxSQk1FMXJVa0pSYTA1RlRWUmpNMDlFYTNsT1ZHc3dUa0U5UFE9PQ==,D:\github\exoneracoes_nomeacoes_dou\LAKE\RJ\2013\10\DOERJ_PARTE_I_PODER_EXECUTIVO_2013-10-03.md
RJ,Diario Oficial do Estado do Rio de Janeiro,2013-10-03,Parte I (Poder Executivo),nomeacao,ISABEL CRISTINA DE MENDONÇA,,,Secretario,5,Wilson Jose Witzel - Governador,Wilson Jose Witzel,Executivo estadual,sim,ISABEL CRISTINA DE MENDONÇA:MISC|Isabel Cristina De Mendonça:PER,sim,,,"NOMEAR ISABEL CRISTINA DE MENDONÇA para exercer, com validade a contar de 01 de outubro de 2013, o cargo em comissão de Assistente II, símbolo DAI-6, da",https://www.ioerj.com.br/portal/modules/conteudoonline/mostra_edicao.php?session=VFZSYVEwMXFSVEJOZWtGMFVXdEtSMUpwTURCUmEwVTBURlJvUTA1RldYUk5SR2hEVGxSQk1FMXJVa0pSYTA1RlRWUmpNMDlFYTNsT1ZHc3dUa0U5UFE9PQ==,D:\github\exoneracoes_nomeacoes_dou\LAKE\RJ\2013\10\DOERJ_PARTE_I_PODER_EXECUTIVO_2013-10-03.md
RJ,Diario Oficial do Estado do Rio de Janeiro,2013-10-03,Parte I (Poder Executivo),nomeacao,VITOR DE CARVALHO FERNANDES,,,Secretario,5,Wilson Jose Witzel - Governador,Wilson Jose Witzel,Executivo estadual,sim,Vitor De Carvalho Fernandes:PER,sim,,,"NOMEAR VITOR DE CARVALHO FERNANDES para exercer, com validade a contar de 01 de outubro de 2013, o cargo em comissão de Assistente II, símbolo DAI-6, da",https://www.ioerj.com.br/portal/modules/conteudoonline/mostra_edicao.php?session=VFZSYVEwMXFSVEJOZWtGMFVXdEtSMUpwTURCUmEwVTBURlJvUTA1RldYUk5SR2hEVGxSQk1FMXJVa0pSYTA1RlRWUmpNMDlFYTNsT1ZHc3dUa0U5UFE9PQ==,D:\github\exoneracoes_nomeacoes_dou\LAKE\RJ\2013\10\DOERJ_PARTE_I_PODER_EXECUTIVO_2013-10-03.md
RJ,Diario Oficial do Estado do Rio de Janeiro,2013-10-03,DO Campos (Poder Executivo),nomeacao,LUCELIA AMIL NUNES LUBANCO CONTADORA,,,,,Wilson Jose Witzel - Governador,Wilson Jose Witzel,Executivo estadual,sim,LUCELIA AMIL NUNES LUBANCO CONTADORA:MISC|Lucelia Amil Nunes Lubanco Contadora:PER,sim,,,"NOMEAR a Servidora, LUCELIA AMIL NUNES LUBANCO Contadora, Matrícula nº 24159, como Responsável pelo: Rio formes de - dados do SIGFIS, observando os prazos, para a devida consolidação dos Relatórios de Gestão Fiscal",https://www.ioerj.com.br/portal/modules/conteudoonline/mostra_edicao.php?session=VDFSU1FrNXFRa2RSTUZGMFVWVlJNMUY1TURCT2Fsa3hURlJuTkZKVVVYUk9hbFV5VVdwUk1FNUVRWGROVlZsNlRWUmpNMDlFYTNsT1ZHc3dUa0U5UFE9PQ==,D:\github\exoneracoes_nomeacoes_dou\LAKE\RJ\2013\10\DOERJ_DO_CAMPOS_PODER_EXECUTIVO_2013-10-03.md
RJ,Diario Oficial do Estado do Rio de Janeiro,2013-10-02,Parte I (Poder Executivo),nomeacao,MARIANNA AUGUSTA FERRARI DO OUTEIRO BERNSTEIN,,,Governador,1,Wilson Jose Witzel - Governador,Wilson Jose Witzel,Executivo estadual,sim,MARIANNA AUGUSTA FERRARI:MISC|OUTEIRO:ORG|Marianna Augusta Ferrari:PER,sim,,da Fundação Centro de Ciências e Educação Superior à Distância do Estado do Rio de Janeiro - CECIERJ,"NOMEAR MARIANNA AUGUSTA FERRARI DO OUTEIRO BERNSTEIN para exercer, com validade a contar de 29 de setembro de 2013, o cargo em comissão de Assessor, símbolo CECIERJ V, da Fundação Centro de Ciências e Educação Superior à Distância do Estado do Rio de Janeiro - CECIERJ, da",https://www.ioerj.com.br/portal/modules/conteudoonline/mostra_edicao.php?session=VFZSQk0xSnFaelJOYWxGMFRVUk9SRTFUTURCUlZHTjZURlJvUWxGNlJYUk9WRWw0VWxWV1JrNTZWa1ZOZWxrelRWUmpNMDlFYTNsT2FrVXdUWGM5UFE9PQ==,D:\github\exoneracoes_nomeacoes_dou\LAKE\RJ\2013\10\DOERJ_PARTE_I_PODER_EXECUTIVO_2013-10-02.md
RJ,Diario Oficial do Estado do Rio de Janeiro,2013-10-02,Parte I (Poder Executivo),nomeacao,VITOR DE CARVALHO FERNANDES,,,Secretario,5,Wilson Jose Witzel - Governador,Wilson Jose Witzel,Executivo estadual,sim,Vitor De Carvalho Fernandes:PER,sim,,,"NOMEAR VITOR DE CARVALHO FERNANDES para exercer, com validade a contar de 01 de outubro de 2013, o cargo em comissão de Auxiliar I, símbolo DAI-4, da",https://www.ioerj.com.br/portal/modules/conteudoonline/mostra_edicao.php?session=VFZSQk0xSnFaelJOYWxGMFRVUk9SRTFUTURCUlZHTjZURlJvUWxGNlJYUk9WRWw0VWxWV1JrNTZWa1ZOZWxrelRWUmpNMDlFYTNsT2FrVXdUWGM5UFE9PQ==,D:\github\exoneracoes_nomeacoes_dou\LAKE\RJ\2013\10\DOERJ_PARTE_I_PODER_EXECUTIVO_2013-10-02.md
RJ,Diario Oficial do Estado do Rio de Janeiro,2013-10-01,Parte I (Poder Executivo),nomeacao,SIMONE CARVALHAR DAMASCENO ALGEBAILE,,,Secretario,5,Wilson Jose Witzel - Governador,Wilson Jose Witzel,Executivo estadual,sim,CARVALHAR DAMASCENO:MISC|Simone Carvalhar Damasceno:PER,sim,,,"NOMEAR SIMONE CARVALHAR DAMASCENO ALGEBAILE para exercer, com validade a contar de 01 de outubro de 2013, o cargo em comissão de Assistente, símbolo DAS-6, da",https://www.ioerj.com.br/portal/modules/conteudoonline/mostra_edicao.php?session=VFVWVk0xRlZVa1ZOZWsxMFVrVldSazU1TURCUFZHTjZURlJuZWxGcWEzUlNhbWQ2VFd0V1IxRjZTa1JPTUZVeVRWUmpNMDlFYTNsT2FsRXhUV2M5UFE9PQ==,D:\github\exoneracoes_nomeacoes_dou\LAKE\RJ\2013\10\DOERJ_PARTE_I_PODER_EXECUTIVO_2013-10-01.md
RJ,Diario Oficial do Estado do Rio de Janeiro,2013-10-01,Parte I (Poder Executivo),nomeacao,JENNIFER STEPHANIE PESSANHA SOUZA,,,Secretario,5,Wilson Jose Witzel - Governador,Wilson Jose Witzel,Executivo estadual,sim,Jennifer Stephanie Pessanha Souza:PER,sim,,,"NOMEAR JENNIFER STEPHANIE PESSANHA SOUZA para exercer, com validade a contar de 01 de outubro de 2013, o cargo em comissão de Assistente II, símbolo DAI-6, da",https://www.ioerj.com.br/portal/modules/conteudoonline/mostra_edicao.php?session=VFVWVk0xRlZVa1ZOZWsxMFVrVldSazU1TURCUFZHTjZURlJuZWxGcWEzUlNhbWQ2VFd0V1IxRjZTa1JPTUZVeVRWUmpNMDlFYTNsT2FsRXhUV2M5UFE9PQ==,D:\github\exoneracoes_nomeacoes_dou\LAKE\RJ\2013\10\DOERJ_PARTE_I_PODER_EXECUTIVO_2013-10-01.md
RJ,Diario Oficial do Estado do Rio de Janeiro,2013-10-01,Parte I (Poder Executivo),nomeacao,DANILO NASCIMENTO,3216587-0,,Secretario,5,Wilson Jose Witzel - Governador,Wilson Jose Witzel,Executivo estadual,sim,DANILO NASCIMENTO:MISC|Danilo Nascimento:PER,sim,,,"NOMEAR DANILO NASCIMENTO DA SILVA , Coronel PM, ID Funcional nº 3216587-0, para exercer, com validade a contar de 19 de agosto de 2013, o cargo em comissão de Subdiretor de Diretoria Geral, símbolo DAS-8, da Diretoria Geral de Administração e Finanças - DGAF, da Polícia Militar do Estado do Rio de Janeiro, da",https://www.ioerj.com.br/portal/modules/conteudoonline/mostra_edicao.php?session=VFVWVk0xRlZVa1ZOZWsxMFVrVldSazU1TURCUFZHTjZURlJuZWxGcWEzUlNhbWQ2VFd0V1IxRjZTa1JPTUZVeVRWUmpNMDlFYTNsT2FsRXhUV2M5UFE9PQ==,D:\github\exoneracoes_nomeacoes_dou\LAKE\RJ\2013\10\DOERJ_PARTE_I_PODER_EXECUTIVO_2013-10-01.md
RJ,Diario Oficial do Estado do Rio de Janeiro,2013-10-01,Parte I (Poder Executivo),nomeacao,TENENTE-CORONEL PM,2415114-9,,Secretario,5,Wilson Jose Witzel - Governador,Wilson Jose Witzel,Executivo estadual,sim,Tenente-Coronel Pm:PER,sim,,,"NOMEAR LUIZ HENRIQUE MARINHO PIRES , Tenente-Coronel PM, ID Funcional nº 2415114-9, para exercer, com validade a contar de 21 de agosto de 2013, o cargo em comissão de Comandante, símbolo DAS-7, do 5º BPM, da Polícia Militar do Estado do Rio de Janeiro, da",https://www.ioerj.com.br/portal/modules/conteudoonline/mostra_edicao.php?session=VFVWVk0xRlZVa1ZOZWsxMFVrVldSazU1TURCUFZHTjZURlJuZWxGcWEzUlNhbWQ2VFd0V1IxRjZTa1JPTUZVeVRWUmpNMDlFYTNsT2FsRXhUV2M5UFE9PQ==,D:\github\exoneracoes_nomeacoes_dou\LAKE\RJ\2013\10\DOERJ_PARTE_I_PODER_EXECUTIVO_2013-10-01.md
RJ,Diario Oficial do Estado do Rio de Janeiro,2013-10-01,Parte I (Poder Executivo),nomeacao,TENENTE-CORONEL PM,2424488-0,,Secretario,5,Wilson Jose Witzel - Governador,Wilson Jose Witzel,Executivo estadual,sim,Tenente-Coronel Pm:PER,sim,,,"NOMEAR MARCIO VAZ LIMA , Tenente-Coronel PM, ID Funcional nº 2424488-0, para exercer, com validade a contar de 19 de agosto de 2013, o cargo em comissão de Comandante, símbolo DAS7, do 30º BPM, da Polícia Militar do Estado do Rio de Janeiro, da",https://www.ioerj.com.br/portal/modules/conteudoonline/mostra_edicao.php?session=VFVWVk0xRlZVa1ZOZWsxMFVrVldSazU1TURCUFZHTjZURlJuZWxGcWEzUlNhbWQ2VFd0V1IxRjZTa1JPTUZVeVRWUmpNMDlFYTNsT2FsRXhUV2M5UFE9PQ==,D:\github\exoneracoes_nomeacoes_dou\LAKE\RJ\2013\10\DOERJ_PARTE_I_PODER_EXECUTIVO_2013-10-01.md
RJ,Diario Oficial do Estado do Rio de Janeiro,2013-10-01,Parte I (Poder Executivo),nomeacao,TENENTE-CORONEL PM,2474438-7,,Secretario,5,Wilson Jose Witzel - Governador,Wilson Jose Witzel,Executivo estadual,sim,Tenente-Coronel Pm:PER,sim,,,"NOMEAR WAGNER GUERCI NUNES , Tenente-Coronel PM, ID Funcional nº 2474438-7, para exercer, com validade a contar de 22 de agosto de 2013, o cargo em comissão de Comandante, símbolo DAS-7, do 33º BPM, da Polícia Militar do Estado do Rio de Janeiro, da",https://www.ioerj.com.br/portal/modules/conteudoonline/mostra_edicao.php?session=VFVWVk0xRlZVa1ZOZWsxMFVrVldSazU1TURCUFZHTjZURlJuZWxGcWEzUlNhbWQ2VFd0V1IxRjZTa1JPTUZVeVRWUmpNMDlFYTNsT2FsRXhUV2M5UFE9PQ==,D:\github\exoneracoes_nomeacoes_dou\LAKE\RJ\2013\10\DOERJ_PARTE_I_PODER_EXECUTIVO_2013-10-01.md
RJ,Diario Oficial do Estado do Rio de Janeiro,2013-10-01,Parte I (Poder Executivo),exoneracao,TENENTE-CORONEL PM,2474438-7,,Secretario,5,Wilson Jose Witzel - Governador,Wilson Jose Witzel,Executivo estadual,sim,Tenente-Coronel Pm:PER,sim,do cargo em comissão de Comandante,,"EXONERAR com validade a contar de 22 de agosto de 2013, WAGNER GUERCI NUNES , Tenente-Coronel PM, ID Funcional nº 2474438-7, do cargo em comissão de Comandante, símbolo DAS7, do 35º BPM, da Polícia Militar do Estado do Rio de Janeiro, da",https://www.ioerj.com.br/portal/modules/conteudoonline/mostra_edicao.php?session=VFVWVk0xRlZVa1ZOZWsxMFVrVldSazU1TURCUFZHTjZURlJuZWxGcWEzUlNhbWQ2VFd0V1IxRjZTa1JPTUZVeVRWUmpNMDlFYTNsT2FsRXhUV2M5UFE9PQ==,D:\github\exoneracoes_nomeacoes_dou\LAKE\RJ\2013\10\DOERJ_PARTE_I_PODER_EXECUTIVO_2013-10-01.md
RJ,Diario Oficial do Estado do Rio de Janeiro,2013-10-01,Parte I (Poder Executivo),exoneracao,TENENTE-CORONEL PM,3220014-5,,Secretario,5,Wilson Jose Witzel - Governador,Wilson Jose Witzel,Executivo estadual,sim,Tenente-Coronel Pm:PER,sim,do cargo em comissão de Comandante,,"EXONERAR com validade a contar de 19 de agosto de 2013, MARCIO OLIVEIRA ROCHA , Tenente-Coronel PM, ID Funcional nº 3220014-5, do cargo em comissão de Comandante, símbolo DAS-7, do 6º BPM, da Polícia Militar do Estado do Rio de Janeiro, da",https://www.ioerj.com.br/portal/modules/conteudoonline/mostra_edicao.php?session=VFVWVk0xRlZVa1ZOZWsxMFVrVldSazU1TURCUFZHTjZURlJuZWxGcWEzUlNhbWQ2VFd0V1IxRjZTa1JPTUZVeVRWUmpNMDlFYTNsT2FsRXhUV2M5UFE9PQ==,D:\github\exoneracoes_nomeacoes_dou\LAKE\RJ\2013\10\DOERJ_PARTE_I_PODER_EXECUTIVO_2013-10-01.md
RJ,Diario Oficial do Estado do Rio de Janeiro,2013-10-01,Parte I (Poder Executivo),nomeacao,TENENTE-CORONEL PM,2391914-0,,Secretario,5,Wilson Jose Witzel - Governador,Wilson Jose Witzel,Executivo estadual,sim,Tenente-Coronel Pm:PER,sim,,,"NOMEAR MARCELO FRANCISCO NOGUEIRA MARTINS , Tenente-Coronel PM, ID Funcional nº 2391914-0, para exercer, com validade a contar de 19 de agosto de 2013, o cargo em comissão de Comandante, símbolo DAS-7, do 6º BPM, da Polícia Militar do Estado do Rio de Janeiro, da",https://www.ioerj.com.br/portal/modules/conteudoonline/mostra_edicao.php?session=VFVWVk0xRlZVa1ZOZWsxMFVrVldSazU1TURCUFZHTjZURlJuZWxGcWEzUlNhbWQ2VFd0V1IxRjZTa1JPTUZVeVRWUmpNMDlFYTNsT2FsRXhUV2M5UFE9PQ==,D:\github\exoneracoes_nomeacoes_dou\LAKE\RJ\2013\10\DOERJ_PARTE_I_PODER_EXECUTIVO_2013-10-01.md
RJ,Diario Oficial do Estado do Rio de Janeiro,2013-10-01,Parte I (Poder Executivo),nomeacao,TENENTE-CORONEL PM,2415213-7,,Secretario,5,Wilson Jose Witzel - Governador,Wilson Jose Witzel,Executivo estadual,sim,Tenente-Coronel Pm:PER,sim,,do Gabinete do Comando Geral,"NOMEAR JORGE FERNANDO DE OLIVEIRA PIMENTA , Tenente-Coronel PM, ID Funcional nº 2415213-7, para exercer, com validade a contar de 19 de agosto de 2013, o cargo em comissão de Subchefe de Gabinete, símbolo DAS-7, do Gabinete do Comando Geral, da Polícia Militar do Estado do Rio de Janeiro, da",https://www.ioerj.com.br/portal/modules/conteudoonline/mostra_edicao.php?session=VFVWVk0xRlZVa1ZOZWsxMFVrVldSazU1TURCUFZHTjZURlJuZWxGcWEzUlNhbWQ2VFd0V1IxRjZTa1JPTUZVeVRWUmpNMDlFYTNsT2FsRXhUV2M5UFE9PQ==,D:\github\exoneracoes_nomeacoes_dou\LAKE\RJ\2013\10\DOERJ_PARTE_I_PODER_EXECUTIVO_2013-10-01.md
RJ,Diario Oficial do Estado do Rio de Janeiro,2013-10-01,Parte I (Poder Executivo),exoneracao,TENENTE-CORONEL PM,2428375-4,,Secretario,5,Wilson Jose Witzel - Governador,Wilson Jose Witzel,Executivo estadual,sim,Tenente-Coronel Pm:PER,sim,do cargo em comissão de Subchefe do CCI,,"EXONERAR com validade a contar de 23 de agosto de 2013, MÁRCIO DA COSTA LIMA , Tenente-Coronel PM, ID Funcional nº 2428375-4, do cargo em comissão de Subchefe do CCI, símbolo DAS-7, do Centro de Comunicação e Informática, da Polícia Militar do Estado do Rio de Janeiro, da",https://www.ioerj.com.br/portal/modules/conteudoonline/mostra_edicao.php?session=VFVWVk0xRlZVa1ZOZWsxMFVrVldSazU1TURCUFZHTjZURlJuZWxGcWEzUlNhbWQ2VFd0V1IxRjZTa1JPTUZVeVRWUmpNMDlFYTNsT2FsRXhUV2M5UFE9PQ==,D:\github\exoneracoes_nomeacoes_dou\LAKE\RJ\2013\10\DOERJ_PARTE_I_PODER_EXECUTIVO_2013-10-01.md
RJ,Diario Oficial do Estado do Rio de Janeiro,2013-10-01,Parte I (Poder Executivo),exoneracao,TENENTE-CORONEL PM,2230203-4,,Secretario,5,Wilson Jose Witzel - Governador,Wilson Jose Witzel,Executivo estadual,sim,Tenente-Coronel Pm:PER,sim,do cargo em comissão de Assistente,,"EXONERAR com validade a contar de 19 de agosto de 2013, EDUARDO FERNANDES MUNIZ LESSA , Tenente-Coronel PM, ID Funcional nº 2230203-4, do cargo em comissão de Assistente, símbolo DAS-6, da Chefe da 2ª Seção, da Diretoria Geral de Ensino e Instrução, da Polícia Militar do Estado do Rio de Janeiro, da",https://www.ioerj.com.br/portal/modules/conteudoonline/mostra_edicao.php?session=VFVWVk0xRlZVa1ZOZWsxMFVrVldSazU1TURCUFZHTjZURlJuZWxGcWEzUlNhbWQ2VFd0V1IxRjZTa1JPTUZVeVRWUmpNMDlFYTNsT2FsRXhUV2M5UFE9PQ==,D:\github\exoneracoes_nomeacoes_dou\LAKE\RJ\2013\10\DOERJ_PARTE_I_PODER_EXECUTIVO_2013-10-01.md
RJ,Diario Oficial do Estado do Rio de Janeiro,2013-10-01,Parte I (Poder Executivo),nomeacao,TENENTE-CORONEL PM,3220014-5,,Secretario,5,Wilson Jose Witzel - Governador,Wilson Jose Witzel,Executivo estadual,sim,Tenente-Coronel Pm:PER,sim,,,"NOMEAR MARCIO OLIVEIRA ROCHA , Tenente-Coronel PM, ID Funcional nº 3220014-5, para exercer, com validade a contar de 20 de agosto de 2013, o cargo em comissão de Comandante, símbolo DAS-7, do Batalhão de Polícia de Choque, da Polícia Militar do Es",https://www.ioerj.com.br/portal/modules/conteudoonline/mostra_edicao.php?session=VFVWVk0xRlZVa1ZOZWsxMFVrVldSazU1TURCUFZHTjZURlJuZWxGcWEzUlNhbWQ2VFd0V1IxRjZTa1JPTUZVeVRWUmpNMDlFYTNsT2FsRXhUV2M5UFE9PQ==,D:\github\exoneracoes_nomeacoes_dou\LAKE\RJ\2013\10\DOERJ_PARTE_I_PODER_EXECUTIVO_2013-10-01.md
RJ,Diario Oficial do Estado do Rio de Janeiro,2013-10-01,Parte I (Poder Executivo),nomeacao,GILVANA SANTOS SILVA,,,Secretario,5,Wilson Jose Witzel - Governador,Wilson Jose Witzel,Executivo estadual,sim,Gilvana Santos Silva:PER,sim,,do Departamento de Controle de Contratos e Convênios,"NOMEAR GILVANA SANTOS SILVA para exercer, com validade a contar de 01 de outubro de 2013, o cargo em comissão de Diretor de Divisão, símbolo DAS-6, da Divisão de Controle de Contratos e Convênios, do Departamento de Controle de Contratos e Convênios, do Departamento Geral de Administração e Finanças, da",https://www.ioerj.com.br/portal/modules/conteudoonline/mostra_edicao.php?session=VFVWVk0xRlZVa1ZOZWsxMFVrVldSazU1TURCUFZHTjZURlJuZWxGcWEzUlNhbWQ2VFd0V1IxRjZTa1JPTUZVeVRWUmpNMDlFYTNsT2FsRXhUV2M5UFE9PQ==,D:\github\exoneracoes_nomeacoes_dou\LAKE\RJ\2013\10\DOERJ_PARTE_I_PODER_EXECUTIVO_2013-10-01.md
RJ,Diario Oficial do Estado do Rio de Janeiro,2013-10-01,Parte I (Poder Executivo),nomeacao,CAMILA SANTOS DE OLIVEIRA,,,Secretario,5,Wilson Jose Witzel - Governador,Wilson Jose Witzel,Executivo estadual,sim,DE OLIVEIRA:MISC|Camila Santos De Oliveira:PER,sim,,da Subsecretaria do Interior,"NOMEAR CAMILA SANTOS DE OLIVEIRA para exercer, com validade a contar de 01 de outubro de 2013, o cargo em comissão de Assessor, símbolo DAS-8, da Subsecretaria do Interior, da",https://www.ioerj.com.br/portal/modules/conteudoonline/mostra_edicao.php?session=VFVWVk0xRlZVa1ZOZWsxMFVrVldSazU1TURCUFZHTjZURlJuZWxGcWEzUlNhbWQ2VFd0V1IxRjZTa1JPTUZVeVRWUmpNMDlFYTNsT2FsRXhUV2M5UFE9PQ==,D:\github\exoneracoes_nomeacoes_dou\LAKE\RJ\2013\10\DOERJ_PARTE_I_PODER_EXECUTIVO_2013-10-01.md
RJ,Diario Oficial do Estado do Rio de Janeiro,2013-10-01,Parte I (Poder Executivo),nomeacao,ELAINE CRISTINE,2456942-9,,Secretario,5,Wilson Jose Witzel - Governador,Wilson Jose Witzel,Executivo estadual,sim,ELAINE CRISTINE:MISC|Elaine Cristine:PER,sim,,,"NOMEAR ELAINE CRISTINE DA CONCEIÇÃO VIANNA , ID Funcional nº 2456942-9, para exercer, com validade a contar de 01 de outubro de 2013, o cargo em comissão de Ajudante I, símbolo DAI-1, da",https://www.ioerj.com.br/portal/modules/conteudoonline/mostra_edicao.php?session=VFVWVk0xRlZVa1ZOZWsxMFVrVldSazU1TURCUFZHTjZURlJuZWxGcWEzUlNhbWQ2VFd0V1IxRjZTa1JPTUZVeVRWUmpNMDlFYTNsT2FsRXhUV2M5UFE9PQ==,D:\github\exoneracoes_nomeacoes_dou\LAKE\RJ\2013\10\DOERJ_PARTE_I_PODER_EXECUTIVO_2013-10-01.md
RJ,Diario Oficial do Estado do Rio de Janeiro,2013-10-01,Parte I (Poder Executivo),nomeacao,RENATO FELIX NAZARETH,,,Secretario,5,Wilson Jose Witzel - Governador,Wilson Jose Witzel,Executivo estadual,sim,RENATO FELIX NAZARETH:PER,sim,,,"NOMEAR RENATO FELIX NAZARETH para exercer, com validade a contar de 01 de outubro de 2013, o cargo em comissão de Ajudante I, símbolo DAI-1, da",https://www.ioerj.com.br/portal/modules/conteudoonline/mostra_edicao.php?session=VFVWVk0xRlZVa1ZOZWsxMFVrVldSazU1TURCUFZHTjZURlJuZWxGcWEzUlNhbWQ2VFd0V1IxRjZTa1JPTUZVeVRWUmpNMDlFYTNsT2FsRXhUV2M5UFE9PQ==,D:\github\exoneracoes_nomeacoes_dou\LAKE\RJ\2013\10\DOERJ_PARTE_I_PODER_EXECUTIVO_2013-10-01.md
RJ,Diario Oficial do Estado do Rio de Janeiro,2013-10-01,Parte I (Poder Executivo),nomeacao,REGINA MAIA LEAL BORDINHÃO,,,Secretario,5,Wilson Jose Witzel - Governador,Wilson Jose Witzel,Executivo estadual,sim,REGINA MAIA LEAL:MISC|Regina Maia Leal Bordinhão:PER,sim,,,"NOMEAR REGINA MAIA LEAL BORDINHÃO para exercer, com validade a contar de 23 de setembro de 2013, o cargo em comissão de Assessor, símbolo DAS-7, do Programa Rio Poupa Tempo, da Junta Comercial do Estado do Rio de Janeiro - JUCERJA, da",https://www.ioerj.com.br/portal/modules/conteudoonline/mostra_edicao.php?session=VFVWVk0xRlZVa1ZOZWsxMFVrVldSazU1TURCUFZHTjZURlJuZWxGcWEzUlNhbWQ2VFd0V1IxRjZTa1JPTUZVeVRWUmpNMDlFYTNsT2FsRXhUV2M5UFE9PQ==,D:\github\exoneracoes_nomeacoes_dou\LAKE\RJ\2013\10\DOERJ_PARTE_I_PODER_EXECUTIVO_2013-10-01.md
RJ,Diario Oficial do Estado do Rio de Janeiro,2013-10-01,Parte I (Poder Executivo),nomeacao,VITOR DE CARVALHO FERNANDES,,,Secretario,5,Wilson Jose Witzel - Governador,Wilson Jose Witzel,Executivo estadual,sim,Vitor De Carvalho Fernandes:PER,sim,,,"NOMEAR VITOR DE CARVALHO FERNANDES para exercer, com validade a contar de 01 de outubro de 2013, o cargo em comissão de Auxiliar I, símbolo DAI-4, da",https://www.ioerj.com.br/portal/modules/conteudoonline/mostra_edicao.php?session=VFVWVk0xRlZVa1ZOZWsxMFVrVldSazU1TURCUFZHTjZURlJuZWxGcWEzUlNhbWQ2VFd0V1IxRjZTa1JPTUZVeVRWUmpNMDlFYTNsT2FsRXhUV2M5UFE9PQ==,D:\github\exoneracoes_nomeacoes_dou\LAKE\RJ\2013\10\DOERJ_PARTE_I_PODER_EXECUTIVO_2013-10-01.md
RJ,Diario Oficial do Estado do Rio de Janeiro,2013-10-01,Parte I (Poder Executivo),exoneracao,CLAUDIA APARECIDA AMORIM TALLEMBE,5009735-0,,Secretario,5,Wilson Jose Witzel - Governador,Wilson Jose Witzel,Executivo estadual,sim,CLAUDIA APARECIDA:MISC|AMORIM:ORG|Claudia Aparecida Amorim Tallembe:PER,sim,do cargo em comissão de Ajudante I,,"EXONERAR CLAUDIA APARECIDA AMORIM TALLEMBERG , ID Funcional nº 5009735-0, do cargo em comissão de Ajudante I, símbolo DAI-1, da",https://www.ioerj.com.br/portal/modules/conteudoonline/mostra_edicao.php?session=VFVWVk0xRlZVa1ZOZWsxMFVrVldSazU1TURCUFZHTjZURlJuZWxGcWEzUlNhbWQ2VFd0V1IxRjZTa1JPTUZVeVRWUmpNMDlFYTNsT2FsRXhUV2M5UFE9PQ==,D:\github\exoneracoes_nomeacoes_dou\LAKE\RJ\2013\10\DOERJ_PARTE_I_PODER_EXECUTIVO_2013-10-01.md
RJ,Diario Oficial do Estado do Rio de Janeiro,2013-10-01,Parte I (Poder Executivo),exoneracao,LUCIENE DE SOUZA MACEDO SILVA,,,Secretario,5,Wilson Jose Witzel - Governador,Wilson Jose Witzel,Executivo estadual,sim,LUCIENE:ORG|Luciene De Souza Macedo Silva:PER,sim,do cargo em comissão de Chefe de Serviço,da Fundação Leão XIII,"EXONERAR com validade a contar de 01 de setembro de 2013, LUCIENE DE SOUZA MACEDO SILVA do cargo em comissão de Chefe de Serviço, símbolo DAI-6, do Serviço de Cozinha e Refeitório, da Divisão de Manutenção e Suprimentos, do Centro de Recuperação Social de Itaipu, da Diretoria de Assistência Especializada, da Fundação Leão XIII, da",https://www.ioerj.com.br/portal/modules/conteudoonline/mostra_edicao.php?session=VFVWVk0xRlZVa1ZOZWsxMFVrVldSazU1TURCUFZHTjZURlJuZWxGcWEzUlNhbWQ2VFd0V1IxRjZTa1JPTUZVeVRWUmpNMDlFYTNsT2FsRXhUV2M5UFE9PQ==,D:\github\exoneracoes_nomeacoes_dou\LAKE\RJ\2013\10\DOERJ_PARTE_I_PODER_EXECUTIVO_2013-10-01.md
RJ,Diario Oficial do Estado do Rio de Janeiro,2013-10-01,Parte I (Poder Executivo),nomeacao,SHEILA CRISTINA DA SILVA MAIA,,,Secretario,5,Wilson Jose Witzel - Governador,Wilson Jose Witzel,Executivo estadual,sim,MAIA:ORG|Sheila Cristina Da Silva Maia:PER,sim,,da Fundação Leão XIII,"NOMEAR SHEILA CRISTINA DA SILVA MAIA para exercer, com validade a contar de 01 de setembro de 2013, o cargo em comissão de Chefe de Serviço, símbolo DAI-6, do Serviço de Cozinha e Refeitório, da Divisão de Manutenção e Suprimentos, do Centro de Recuperação Social de Itaipu, da Diretoria de Assistência Especializada, da Fundação Leão XIII, da",https://www.ioerj.com.br/portal/modules/conteudoonline/mostra_edicao.php?session=VFVWVk0xRlZVa1ZOZWsxMFVrVldSazU1TURCUFZHTjZURlJuZWxGcWEzUlNhbWQ2VFd0V1IxRjZTa1JPTUZVeVRWUmpNMDlFYTNsT2FsRXhUV2M5UFE9PQ==,D:\github\exoneracoes_nomeacoes_dou\LAKE\RJ\2013\10\DOERJ_PARTE_I_PODER_EXECUTIVO_2013-10-01.md
RJ,Diario Oficial do Estado do Rio de Janeiro,2013-10-01,DO Campos (Poder Executivo),nomeacao,VIVIANE SANTANA DE SOUZA,,,,,Wilson Jose Witzel - Governador,Wilson Jose Witzel,Executivo estadual,sim,VIVIANE SANTANA DE SOUZA:ORG|Viviane Santana De Souza:PER,sim,,,"NOMEAR VIVIANE SANTANA DE SOUZA, JORGE PAULO HONORATO DA SILVA E NIQUELEN BIANCA ALMEIDA DE SOUZA no cargo de Agente Comunitário de Saúde - Núcleo PSF Nova Chatuba. Os mesmos deverão comparecer na",https://www.ioerj.com.br/portal/modules/conteudoonline/mostra_edicao.php?session=VVZST1FrNVVZekZTYWsxMFVrUkZkMUZwTURCT1JFcERURlZGZUZKVlRYUlJNRVpHVWxSV1JrNXJTa1JPVkVrMFRWUmpNMDlFYTNsT2FsRXhUV2M5UFE9PQ==,D:\github\exoneracoes_nomeacoes_dou\LAKE\RJ\2013\10\DOERJ_DO_CAMPOS_PODER_EXECUTIVO_2013-10-01.md
RJ,Diario Oficial do Estado do Rio de Janeiro,2013-09-30,Parte I (Poder Executivo),nomeacao,CRISTIANE RODRIGUES TAVARES,,,Secretario,5,Wilson Jose Witzel - Governador,Wilson Jose Witzel,Executivo estadual,sim,RODRIGUES TAVARES:PER,sim,,,"NOMEAR CRISTIANE RODRIGUES TAVARES para exercer, com validade a contar de 01 de outubro de 2013, o cargo em comissão de Assistente, símbolo DAS-6, do Centro de Tecnologia de Informação e Comunicação do Estado do Rio de Janeiro - PRODERJ, da",https://www.ioerj.com.br/portal/modules/conteudoonline/mostra_edicao.php?session=VGxWT1FsSlViRU5PZWxWMFRWUnJlVTVwTURCTlZFNUZURlZKZWs1VVZYUlBSVTAwVW10S1IxRlVVa2RPYTFwRFRWUmpNMDlFYTNsT2FsbDRUVUU5UFE9PQ==,D:\github\exoneracoes_nomeacoes_dou\LAKE\RJ\2013\09\DOERJ_PARTE_I_PODER_EXECUTIVO_2013-09-30.md
RJ,Diario Oficial do Estado do Rio de Janeiro,2013-09-30,Parte I (Poder Executivo),nomeacao,FRANCISCO JOCENY SILVA DE FREITAS,,,Secretario,5,Wilson Jose Witzel - Governador,Wilson Jose Witzel,Executivo estadual,sim,FRANCISCO JOCENY SILVA:PER,sim,,do Gabinete da Presidência,"NOMEAR FRANCISCO JOCENY SILVA DE FREITAS para exercer, com validade a contar de 18 de setembro de 2013, o cargo em comissão de Assistente III, símbolo DAI-5, do Gabinete da Presidência, do Departamento de Trânsito do Estado do Rio de Janeiro DETRAN/RJ, da",https://www.ioerj.com.br/portal/modules/conteudoonline/mostra_edicao.php?session=VGxWT1FsSlViRU5PZWxWMFRWUnJlVTVwTURCTlZFNUZURlZKZWs1VVZYUlBSVTAwVW10S1IxRlVVa2RPYTFwRFRWUmpNMDlFYTNsT2FsbDRUVUU5UFE9PQ==,D:\github\exoneracoes_nomeacoes_dou\LAKE\RJ\2013\09\DOERJ_PARTE_I_PODER_EXECUTIVO_2013-09-30.md
RJ,Diario Oficial do Estado do Rio de Janeiro,2013-09-30,Parte I (Poder Executivo),exoneracao,FRANCISCO GILBERTO,4373628-9,,Secretario,5,Wilson Jose Witzel - Governador,Wilson Jose Witzel,Executivo estadual,sim,FRANCISCO GILBERTO:MISC|Francisco Gilberto:PER,sim,do cargo em comissão de Ajudante I,,"EXONERAR com validade a contar de 10 de setembro de 2013, FRANCISCO GILBERTO DA SILVA FRANCO , ID Funcional nº 4373628-9, do cargo em comissão de Ajudante I, símbolo DAI-1, da",https://www.ioerj.com.br/portal/modules/conteudoonline/mostra_edicao.php?session=VGxWT1FsSlViRU5PZWxWMFRWUnJlVTVwTURCTlZFNUZURlZKZWs1VVZYUlBSVTAwVW10S1IxRlVVa2RPYTFwRFRWUmpNMDlFYTNsT2FsbDRUVUU5UFE9PQ==,D:\github\exoneracoes_nomeacoes_dou\LAKE\RJ\2013\09\DOERJ_PARTE_I_PODER_EXECUTIVO_2013-09-30.md
RJ,Diario Oficial do Estado do Rio de Janeiro,2013-09-30,Parte I (Poder Executivo),nomeacao,WHARLLEY HERNANDES FLORIDO,,,Secretario,5,Wilson Jose Witzel - Governador,Wilson Jose Witzel,Executivo estadual,sim,WHARLLEY HERNANDES FLORIDO:MISC|Wharlley Hernandes Florido:PER,sim,,,"NOMEAR WHARLLEY HERNANDES FLORIDO para exercer, com validade a contar de 10 de setembro de 2013, o cargo em comissão de Ajudante I, símbolo DAI-1, da",https://www.ioerj.com.br/portal/modules/conteudoonline/mostra_edicao.php?session=VGxWT1FsSlViRU5PZWxWMFRWUnJlVTVwTURCTlZFNUZURlZKZWs1VVZYUlBSVTAwVW10S1IxRlVVa2RPYTFwRFRWUmpNMDlFYTNsT2FsbDRUVUU5UFE9PQ==,D:\github\exoneracoes_nomeacoes_dou\LAKE\RJ\2013\09\DOERJ_PARTE_I_PODER_EXECUTIVO_2013-09-30.md
RJ,Diario Oficial do Estado do Rio de Janeiro,2013-09-30,Parte I (Poder Executivo),nomeacao,KEILHA BARBOSA DE ALMEIDA,,,Secretario,5,Wilson Jose Witzel - Governador,Wilson Jose Witzel,Executivo estadual,sim,BARBOSA:MISC|Keilha Barbosa:PER,sim,,,"NOMEAR KEILHA BARBOSA DE ALMEIDA para exercer, com validade a contar de 16 de setembro de 2013, o cargo em comissão de Ajudante I, símbolo DAI-1, da",https://www.ioerj.com.br/portal/modules/conteudoonline/mostra_edicao.php?session=VGxWT1FsSlViRU5PZWxWMFRWUnJlVTVwTURCTlZFNUZURlZKZWs1VVZYUlBSVTAwVW10S1IxRlVVa2RPYTFwRFRWUmpNMDlFYTNsT2FsbDRUVUU5UFE9PQ==,D:\github\exoneracoes_nomeacoes_dou\LAKE\RJ\2013\09\DOERJ_PARTE_I_PODER_EXECUTIVO_2013-09-30.md
RJ,Diario Oficial do Estado do Rio de Janeiro,2013-09-30,Parte I (Poder Executivo),exoneracao,CRISTIANE MAGALHÃES,3067751-3,,Secretario,5,Wilson Jose Witzel - Governador,Wilson Jose Witzel,Executivo estadual,sim,CRISTIANE:ORG|Cristiane Magalhães:PER,sim,do cargo em comissão de Gerente,da Superintendência de Unidades Próprias,"EXONERAR CRISTIANE MAGALHÃES DA COSTA , Enfermeira, ID Funcional nº 3067751-3, do cargo em comissão de Gerente, símbolo DAS-6, da Gerência de Infraestrutura e Abastecimento, da Divisão Administrativa, do Hospital Estadual Carlos Chagas, da Superintendência de Unidades Próprias, da Subsecretaria de Unidades Próprias, da",https://www.ioerj.com.br/portal/modules/conteudoonline/mostra_edicao.php?session=VGxWT1FsSlViRU5PZWxWMFRWUnJlVTVwTURCTlZFNUZURlZKZWs1VVZYUlBSVTAwVW10S1IxRlVVa2RPYTFwRFRWUmpNMDlFYTNsT2FsbDRUVUU5UFE9PQ==,D:\github\exoneracoes_nomeacoes_dou\LAKE\RJ\2013\09\DOERJ_PARTE_I_PODER_EXECUTIVO_2013-09-30.md
RJ,Diario Oficial do Estado do Rio de Janeiro,2013-09-30,Parte I (Poder Executivo),nomeacao,ANDRE LUIS SILVA GOMES,,,Secretario,5,Wilson Jose Witzel - Governador,Wilson Jose Witzel,Executivo estadual,sim,ANDRE LUIS SILVA:MISC|Andre Luis Silva Gomes:PER,sim,para exercer o cargo em comissão de Gerente,da Superintendência de Unidades Próprias,"NOMEAR ANDRE LUIS SILVA GOMES para exercer o cargo em comissão de Gerente, símbolo DAS-6, da Gerência de Infraestrutura e Abastecimento, da Divisão Administrativa, do Hospital Estadual Carlos Chagas, da Superintendência de Unidades Próprias, da Subsecretaria de Unidades Próprias, da",https://www.ioerj.com.br/portal/modules/conteudoonline/mostra_edicao.php?session=VGxWT1FsSlViRU5PZWxWMFRWUnJlVTVwTURCTlZFNUZURlZKZWs1VVZYUlBSVTAwVW10S1IxRlVVa2RPYTFwRFRWUmpNMDlFYTNsT2FsbDRUVUU5UFE9PQ==,D:\github\exoneracoes_nomeacoes_dou\LAKE\RJ\2013\09\DOERJ_PARTE_I_PODER_EXECUTIVO_2013-09-30.md
RJ,Diario Oficial do Estado do Rio de Janeiro,2013-09-30,Parte I (Poder Executivo),nomeacao,ROBSON FERREIRA DE MOURA,,,Secretario,5,Wilson Jose Witzel - Governador,Wilson Jose Witzel,Executivo estadual,sim,ROBSON FERREIRA DE MOURA:MISC|Robson Ferreira De Moura:PER,sim,para exercer o cargo em comissão de Assessor,,"NOMEAR ROBSON FERREIRA DE MOURA para exercer o cargo em comissão de Assessor, símbolo DAS-7, do Centro Comunitário de Defesa da Cidadania - São Gonçalo, da Coordenadoria dos Centros Comunitários de Defesa da Cidadania -CCDCs, da",https://www.ioerj.com.br/portal/modules/conteudoonline/mostra_edicao.php?session=VGxWT1FsSlViRU5PZWxWMFRWUnJlVTVwTURCTlZFNUZURlZKZWs1VVZYUlBSVTAwVW10S1IxRlVVa2RPYTFwRFRWUmpNMDlFYTNsT2FsbDRUVUU5UFE9PQ==,D:\github\exoneracoes_nomeacoes_dou\LAKE\RJ\2013\09\DOERJ_PARTE_I_PODER_EXECUTIVO_2013-09-30.md
RJ,Diario Oficial do Estado do Rio de Janeiro,2013-09-30,Parte I (Poder Executivo),nomeacao,TALES JOSÉ DO COUTO BOITEUX,,,Secretario,5,Wilson Jose Witzel - Governador,Wilson Jose Witzel,Executivo estadual,sim,TALES JOSÉ DO COUTO BOITEUX:MISC|Tales José Do Couto Boiteux:PER,sim,,da Fundação para a Infância e Adolescência - FIA/RJ,"NOMEAR TALES JOSÉ DO COUTO BOITEUX para exercer, com validade a contar de 12 de setembro de 2013, o cargo em comissão de Assistente, símbolo DAS-6, da Fundação para a Infância e Adolescência - FIA/RJ, da",https://www.ioerj.com.br/portal/modules/conteudoonline/mostra_edicao.php?session=VGxWT1FsSlViRU5PZWxWMFRWUnJlVTVwTURCTlZFNUZURlZKZWs1VVZYUlBSVTAwVW10S1IxRlVVa2RPYTFwRFRWUmpNMDlFYTNsT2FsbDRUVUU5UFE9PQ==,D:\github\exoneracoes_nomeacoes_dou\LAKE\RJ\2013\09\DOERJ_PARTE_I_PODER_EXECUTIVO_2013-09-30.md
RJ,Diario Oficial do Estado do Rio de Janeiro,2013-09-30,Parte I (Poder Executivo),nomeacao,FRANCISCO SAINT CLAIR DE SOUSA NETO,,,Secretario,5,Wilson Jose Witzel - Governador,Wilson Jose Witzel,Executivo estadual,sim,SAINT CLAIR DE SOUSA NETO:MISC|Francisco Saint Clair De Sousa Neto:PER,sim,,,"NOMEAR FRANCISCO SAINT CLAIR DE SOUSA NETO para exercer, com validade a contar de 25 de setembro de 2013, o cargo em comissão de Assessor, símbolo DAS-7, da",https://www.ioerj.com.br/portal/modules/conteudoonline/mostra_edicao.php?session=VGxWT1FsSlViRU5PZWxWMFRWUnJlVTVwTURCTlZFNUZURlZKZWs1VVZYUlBSVTAwVW10S1IxRlVVa2RPYTFwRFRWUmpNMDlFYTNsT2FsbDRUVUU5UFE9PQ==,D:\github\exoneracoes_nomeacoes_dou\LAKE\RJ\2013\09\DOERJ_PARTE_I_PODER_EXECUTIVO_2013-09-30.md
RJ,Diario Oficial do Estado do Rio de Janeiro,2013-09-30,Parte I (Poder Executivo),exoneracao,TENENTE-CORONEL PM,2443944-4,,Secretario,5,Wilson Jose Witzel - Governador,Wilson Jose Witzel,Executivo estadual,sim,Tenente-Coronel Pm:PER,sim,do cargo em comissão de Comandante,,"EXONERAR com validade a contar de 19 de agosto de 2013, PAULO ROBERTO DAS NEVES JÚNIOR , Tenente-Coronel PM, ID Funcional nº 2443944-4, 016353197-81-53.557, do cargo em comissão de Comandante, símbolo DAS-7, do 9º BPM, da Polícia Militar do Estado do Rio de Janeiro, da",https://www.ioerj.com.br/portal/modules/conteudoonline/mostra_edicao.php?session=VGxWT1FsSlViRU5PZWxWMFRWUnJlVTVwTURCTlZFNUZURlZKZWs1VVZYUlBSVTAwVW10S1IxRlVVa2RPYTFwRFRWUmpNMDlFYTNsT2FsbDRUVUU5UFE9PQ==,D:\github\exoneracoes_nomeacoes_dou\LAKE\RJ\2013\09\DOERJ_PARTE_I_PODER_EXECUTIVO_2013-09-30.md
RJ,Diario Oficial do Estado do Rio de Janeiro,2013-09-30,Parte I (Poder Executivo),nomeacao,FÁBIO SILVA DE OLIVEIRA,,,Secretario,5,Wilson Jose Witzel - Governador,Wilson Jose Witzel,Executivo estadual,sim,FÁBIO SILVA DE OLIVEIRA:MISC|Fábio Silva:PER,sim,,do Instituto de Pesos e Medidas do Estado do Rio de Janeiro -IPEM/RJ,"NOMEAR FÁBIO SILVA DE OLIVEIRA para exercer, com validade a contar de 16 de setembro de 2013, o cargo em comissão de Superintendente Regional, símbolo DAS-6, do Instituto de Pesos e Medidas do Estado do Rio de Janeiro -IPEM/RJ, da",https://www.ioerj.com.br/portal/modules/conteudoonline/mostra_edicao.php?session=VGxWT1FsSlViRU5PZWxWMFRWUnJlVTVwTURCTlZFNUZURlZKZWs1VVZYUlBSVTAwVW10S1IxRlVVa2RPYTFwRFRWUmpNMDlFYTNsT2FsbDRUVUU5UFE9PQ==,D:\github\exoneracoes_nomeacoes_dou\LAKE\RJ\2013\09\DOERJ_PARTE_I_PODER_EXECUTIVO_2013-09-30.md
RJ,Diario Oficial do Estado do Rio de Janeiro,2013-09-30,Parte I (Poder Executivo),nomeacao,TENENTE-CORONEL PM,2165893-5,,Secretario,5,Wilson Jose Witzel - Governador,Wilson Jose Witzel,Executivo estadual,sim,Tenente-Coronel Pm:PER,sim,,,"NOMEAR MARCELO MOREIRA MALHEIROS , Tenente-Coronel PM, ID Funcional nº 2165893-5, para exercer, com validade a contar de 21 de agosto de 2013, o cargo em comissão de Comandante, símbolo DAS-7, do 27º BPM, do Batalhão da Polícia Militar, da Polícia Militar do Estado do Rio de Janeiro, da",https://www.ioerj.com.br/portal/modules/conteudoonline/mostra_edicao.php?session=VGxWT1FsSlViRU5PZWxWMFRWUnJlVTVwTURCTlZFNUZURlZKZWs1VVZYUlBSVTAwVW10S1IxRlVVa2RPYTFwRFRWUmpNMDlFYTNsT2FsbDRUVUU5UFE9PQ==,D:\github\exoneracoes_nomeacoes_dou\LAKE\RJ\2013\09\DOERJ_PARTE_I_PODER_EXECUTIVO_2013-09-30.md
RJ,Diario Oficial do Estado do Rio de Janeiro,2013-09-30,Parte I (Poder Executivo),exoneracao,TENENTE-CORONEL PM,2494275-8,,Secretario,5,Wilson Jose Witzel - Governador,Wilson Jose Witzel,Executivo estadual,sim,Tenente-Coronel Pm:PER,sim,do cargo em comissão de Comandante,,"EXONERAR com validade a contar de 21 de agosto de 2013, FRIEDERIK MINERVINI BASSANI , Tenente-Coronel PM, ID Funcional nº 2494275-8, do cargo em comissão de Comandante, símbolo DAS-7, do 27º BPM, da Polícia Militar do Estado do Rio de Janeiro, da",https://www.ioerj.com.br/portal/modules/conteudoonline/mostra_edicao.php?session=VGxWT1FsSlViRU5PZWxWMFRWUnJlVTVwTURCTlZFNUZURlZKZWs1VVZYUlBSVTAwVW10S1IxRlVVa2RPYTFwRFRWUmpNMDlFYTNsT2FsbDRUVUU5UFE9PQ==,D:\github\exoneracoes_nomeacoes_dou\LAKE\RJ\2013\09\DOERJ_PARTE_I_PODER_EXECUTIVO_2013-09-30.md
RJ,Diario Oficial do Estado do Rio de Janeiro,2013-09-30,Parte I (Poder Executivo),nomeacao,TENENTE-CORONEL PM,2494275-8,,Secretario,5,Wilson Jose Witzel - Governador,Wilson Jose Witzel,Executivo estadual,sim,Tenente-Coronel Pm:PER,sim,,,"NOMEAR FRIEDERIK MINERVINI BASSANI , Tenente-Coronel PM, ID Funcional nº 2494275-8, para exercer, com validade a contar de 22 de agosto de 2013, o cargo em comissão de Comandante, símbolo DAS-7, do 34º BPM, da Polícia Militar do Estado do Rio de Janeiro, da",https://www.ioerj.com.br/portal/modules/conteudoonline/mostra_edicao.php?session=VGxWT1FsSlViRU5PZWxWMFRWUnJlVTVwTURCTlZFNUZURlZKZWs1VVZYUlBSVTAwVW10S1IxRlVVa2RPYTFwRFRWUmpNMDlFYTNsT2FsbDRUVUU5UFE9PQ==,D:\github\exoneracoes_nomeacoes_dou\LAKE\RJ\2013\09\DOERJ_PARTE_I_PODER_EXECUTIVO_2013-09-30.md
RJ,Diario Oficial do Estado do Rio de Janeiro,2013-09-30,Parte I (Poder Executivo),exoneracao,ANA LÚCIA,4250174-1,,Secretario,5,Wilson Jose Witzel - Governador,Wilson Jose Witzel,Executivo estadual,sim,Ana Lúcia:PER,sim,do cargo em comissão de Assessor Técnico,da Subsecretaria Jurídica e de Corregedoria,"EXONERAR com validade a contar de 18 de abril de 2013, ANA LÚCIA DA SILVA COSTA PESSANHA , ID Funcional nº 4250174-1, do cargo em comissão de Assessor Técnico, símbolo DAS-8, da Ouvidoria, da Subsecretaria Jurídica e de Corregedoria, da",https://www.ioerj.com.br/portal/modules/conteudoonline/mostra_edicao.php?session=VGxWT1FsSlViRU5PZWxWMFRWUnJlVTVwTURCTlZFNUZURlZKZWs1VVZYUlBSVTAwVW10S1IxRlVVa2RPYTFwRFRWUmpNMDlFYTNsT2FsbDRUVUU5UFE9PQ==,D:\github\exoneracoes_nomeacoes_dou\LAKE\RJ\2013\09\DOERJ_PARTE_I_PODER_EXECUTIVO_2013-09-30.md
RJ,Diario Oficial do Estado do Rio de Janeiro,2013-09-30,Parte I (Poder Executivo),exoneracao,CARLOS ALBERTO GUIMARÃES VIEIRA,,,Secretario,5,Wilson Jose Witzel - Governador,Wilson Jose Witzel,Executivo estadual,sim,CARLOS ALBERTO GUIMARÃES VIEIRA:PER,sim,do cargo em comissão de Chefe da Seção de Expediente e Patrimônio,da Fundação Departamento de Estradas de Rodagem do Estado do Rio de Janeiro - DER/RJ da,"EXONERAR A PEDIDO, CARLOS ALBERTO GUIMARÃES VIEIRA, matrícula nº 13/90833, do cargo em comissão de Chefe da Seção de Expediente e Patrimônio, símbolo DAI-5, da 13ª Residência de Obras e Conservação da 2ª Superintendência de Obras e Conservação da Diretoria de Obras e Conservação da Fundação Departamento de Estradas de Rodagem do Estado do Rio de Janeiro - DER/RJ da",https://www.ioerj.com.br/portal/modules/conteudoonline/mostra_edicao.php?session=VGxWT1FsSlViRU5PZWxWMFRWUnJlVTVwTURCTlZFNUZURlZKZWs1VVZYUlBSVTAwVW10S1IxRlVVa2RPYTFwRFRWUmpNMDlFYTNsT2FsbDRUVUU5UFE9PQ==,D:\github\exoneracoes_nomeacoes_dou\LAKE\RJ\2013\09\DOERJ_PARTE_I_PODER_EXECUTIVO_2013-09-30.md
RJ,Diario Oficial do Estado do Rio de Janeiro,2013-09-30,DO Campos (Poder Executivo),nomeacao,COMO RESPONSÁVEL PELA ATRIBUIÇÃO DELIMITADA NO INCISO I DO,,,Secretario,5,Wilson Jose Witzel - Governador,Wilson Jose Witzel,Executivo estadual,sim,RESPONSÁVEL:ORG|DELIMITADA:ORG|INCISO I:PER,sim,,,"NOMEAR o servidor Juan Scisinio Aguiar, matrícula n° 23817, como responsável pela atribuição delimitada no inciso I do",https://www.ioerj.com.br/portal/modules/conteudoonline/mostra_edicao.php?session=VWtSa1IwMXFZelZPYTBsMFQwUnJkMUpETURCUlZFNUZURlJvUlZKVlJYUk9WR2hGVFVWSk5VNVVTVFZPUkZVeVRWUmpNMDlFYTNsT2FsbDRUVUU5UFE9PQ==,D:\github\exoneracoes_nomeacoes_dou\LAKE\RJ\2013\09\DOERJ_DO_CAMPOS_PODER_EXECUTIVO_2013-09-30.md
RJ,Diario Oficial do Estado do Rio de Janeiro,2013-09-27,Parte I (Poder Executivo),exoneracao,MARCOS VINÍCIUS,2151963-3,,Governador,1,Wilson Jose Witzel - Governador,Wilson Jose Witzel,Executivo estadual,sim,MARCOS VINÍCIUS:PER,sim,do cargo em comissão de Comandante,,"EXONERAR com validade a contar de 19 de agosto de 2013, MARCOS VINÍCIUS DA SILVA MELLO , Tenente-Coronel PM,ID Funcional nº 2151963-3, do cargo em comissão de Comandante, símbolo DAS-7, do 16º BPM, da Polícia Militar do Estado do Rio de Janeiro, da",https://www.ioerj.com.br/portal/modules/conteudoonline/mostra_edicao.php?session=VDFWUk1VNXFRa1JTUlZWMFRtdE5NRTlETURCU2ExRXlURlJuZUZKVVJYUk9WRUYzVFdwbk1sSlViRVJQVkZGNFRWUmpNMDlFYTNsT2FtY3pUa0U5UFE9PQ==,D:\github\exoneracoes_nomeacoes_dou\LAKE\RJ\2013\09\DOERJ_PARTE_I_PODER_EXECUTIVO_2013-09-27.md
RJ,Diario Oficial do Estado do Rio de Janeiro,2013-09-27,Parte I (Poder Executivo),exoneracao,TENENTE-CORONEL PM,2173822-0,,Governador,1,Wilson Jose Witzel - Governador,Wilson Jose Witzel,Executivo estadual,sim,Tenente-Coronel Pm:PER,sim,do cargo em comissão de Comandante,,"EXONERAR com validade a contar de 23 de agosto de 2013, ALMYR CABRAL MENDONÇA , Tenente-Coronel PM, ID Funcional nº 2173822-0, do cargo em comissão de Comandante, símbolo DAS-7, do 18º BPM, da Polícia Militar do Estado do Rio de Janeiro, da",https://www.ioerj.com.br/portal/modules/conteudoonline/mostra_edicao.php?session=VDFWUk1VNXFRa1JTUlZWMFRtdE5NRTlETURCU2ExRXlURlJuZUZKVVJYUk9WRUYzVFdwbk1sSlViRVJQVkZGNFRWUmpNMDlFYTNsT2FtY3pUa0U5UFE9PQ==,D:\github\exoneracoes_nomeacoes_dou\LAKE\RJ\2013\09\DOERJ_PARTE_I_PODER_EXECUTIVO_2013-09-27.md
RJ,Diario Oficial do Estado do Rio de Janeiro,2013-09-27,Parte I (Poder Executivo),nomeacao,TENENTE-CORONEL PM,2180444-3,,Governador,1,Wilson Jose Witzel - Governador,Wilson Jose Witzel,Executivo estadual,sim,Tenente-Coronel Pm:PER,sim,,,"NOMEAR WASHINGTON TAVARES FREIRE , Tenente-Coronel PM, ID Funcional nº 2180444-3, para exercer, com validade a contar de 23 de agosto de 2013, o cargo em comissão de Comandante, símbolo DAS-7, do 18º BPM, da Polícia Militar do Estado do Rio de Janeiro, da",https://www.ioerj.com.br/portal/modules/conteudoonline/mostra_edicao.php?session=VDFWUk1VNXFRa1JTUlZWMFRtdE5NRTlETURCU2ExRXlURlJuZUZKVVJYUk9WRUYzVFdwbk1sSlViRVJQVkZGNFRWUmpNMDlFYTNsT2FtY3pUa0U5UFE9PQ==,D:\github\exoneracoes_nomeacoes_dou\LAKE\RJ\2013\09\DOERJ_PARTE_I_PODER_EXECUTIVO_2013-09-27.md
RJ,Diario Oficial do Estado do Rio de Janeiro,2013-09-27,Parte I (Poder Executivo),nomeacao,MARCOS VINÍCIUS,2151963-3,,Governador,1,Wilson Jose Witzel - Governador,Wilson Jose Witzel,Executivo estadual,sim,MARCOS VINÍCIUS:PER,sim,,,"NOMEAR MARCOS VINÍCIUS DA SILVA MELLO , TenenteCoronel PM,ID Funcional nº 2151963-3, para exercer, com validade a contar de 21 de agosto de 2013, o cargo em comissão de Comandante, símbolo DAS-7, do 28º BPM, da Polícia Militar do Estado do Rio de Janeiro, da",https://www.ioerj.com.br/portal/modules/conteudoonline/mostra_edicao.php?session=VDFWUk1VNXFRa1JTUlZWMFRtdE5NRTlETURCU2ExRXlURlJuZUZKVVJYUk9WRUYzVFdwbk1sSlViRVJQVkZGNFRWUmpNMDlFYTNsT2FtY3pUa0U5UFE9PQ==,D:\github\exoneracoes_nomeacoes_dou\LAKE\RJ\2013\09\DOERJ_PARTE_I_PODER_EXECUTIVO_2013-09-27.md
RJ,Diario Oficial do Estado do Rio de Janeiro,2013-09-27,Parte I (Poder Executivo),nomeacao,TENENTE-CORONEL PM,,,Governador,1,Wilson Jose Witzel - Governador,Wilson Jose Witzel,Executivo estadual,sim,Tenente-Coronel Pm:PER,sim,,,"NOMEAR ALMYR CABRAL MENDONÇA , Tenente-Coronel PM, RG 49.269, para exercer, com validade a contar de 23 de agosto de 2013, o cargo em comissão de Comandante, símbolo DAS-7, do 20º BPM, da Polícia Militar do Estado do Rio de Janeiro, da",https://www.ioerj.com.br/portal/modules/conteudoonline/mostra_edicao.php?session=VDFWUk1VNXFRa1JTUlZWMFRtdE5NRTlETURCU2ExRXlURlJuZUZKVVJYUk9WRUYzVFdwbk1sSlViRVJQVkZGNFRWUmpNMDlFYTNsT2FtY3pUa0U5UFE9PQ==,D:\github\exoneracoes_nomeacoes_dou\LAKE\RJ\2013\09\DOERJ_PARTE_I_PODER_EXECUTIVO_2013-09-27.md
RJ,Diario Oficial do Estado do Rio de Janeiro,2013-09-27,Parte I (Poder Executivo),nomeacao,TENENTE-CORONEL PM,2443944-4,,Governador,1,Wilson Jose Witzel - Governador,Wilson Jose Witzel,Executivo estadual,sim,Tenente-Coronel Pm:PER,sim,,,"NOMEAR PAULO ROBERTO DAS NEVES JÚNIOR , Tenente-Coronel PM, ID Funcional nº 2443944-4, para exercer, com validade a contar de 22 de agosto de 2013, o cargo em comissão de Comandante, símbolo DAS-7, do 39º BPM, da Polícia Militar do Estado do Rio de Janeiro, da",https://www.ioerj.com.br/portal/modules/conteudoonline/mostra_edicao.php?session=VDFWUk1VNXFRa1JTUlZWMFRtdE5NRTlETURCU2ExRXlURlJuZUZKVVJYUk9WRUYzVFdwbk1sSlViRVJQVkZGNFRWUmpNMDlFYTNsT2FtY3pUa0U5UFE9PQ==,D:\github\exoneracoes_nomeacoes_dou\LAKE\RJ\2013\09\DOERJ_PARTE_I_PODER_EXECUTIVO_2013-09-27.md
RJ,Diario Oficial do Estado do Rio de Janeiro,2013-09-27,Parte I (Poder Executivo),exoneracao,TENENTE-CORONEL PM,2180444-3,,Governador,1,Wilson Jose Witzel - Governador,Wilson Jose Witzel,Executivo estadual,sim,Tenente-Coronel Pm:PER,sim,do cargo em comissão de Comandante,,"EXONERAR com validade a contar de 22 de agosto de 2013, WASHINGTON TAVARES FREIRE , Tenente-Coronel PM, ID Funcional nº 2180444-3, do cargo em comissão de Comandante, símbolo DAS-7, do 39º BPM, da Polícia Militar do Estado do Rio de Janeiro, da",https://www.ioerj.com.br/portal/modules/conteudoonline/mostra_edicao.php?session=VDFWUk1VNXFRa1JTUlZWMFRtdE5NRTlETURCU2ExRXlURlJuZUZKVVJYUk9WRUYzVFdwbk1sSlViRVJQVkZGNFRWUmpNMDlFYTNsT2FtY3pUa0U5UFE9PQ==,D:\github\exoneracoes_nomeacoes_dou\LAKE\RJ\2013\09\DOERJ_PARTE_I_PODER_EXECUTIVO_2013-09-27.md
RJ,Diario Oficial do Estado do Rio de Janeiro,2013-09-27,Parte I (Poder Executivo),nomeacao,RENATO POLY PINHEIRO,,,Secretario,5,Wilson Jose Witzel - Governador,Wilson Jose Witzel,Executivo estadual,sim,Renato Poly Pinheiro:PER,sim,,,"NOMEAR na condição sub judice e em caráter provisório, RENATO POLY PINHEIRO para ocupar o posto de Soldado Bombeiro Militar Motorista, do Quadro de Praças do Corpo de Bombeiros Militar do Estado do Rio de Janeiro, da",https://www.ioerj.com.br/portal/modules/conteudoonline/mostra_edicao.php?session=VDFWUk1VNXFRa1JTUlZWMFRtdE5NRTlETURCU2ExRXlURlJuZUZKVVJYUk9WRUYzVFdwbk1sSlViRVJQVkZGNFRWUmpNMDlFYTNsT2FtY3pUa0U5UFE9PQ==,D:\github\exoneracoes_nomeacoes_dou\LAKE\RJ\2013\09\DOERJ_PARTE_I_PODER_EXECUTIVO_2013-09-27.md
RJ,Diario Oficial do Estado do Rio de Janeiro,2013-09-27,Parte I (Poder Executivo),exoneracao,TENENTE-CORONEL PM,2415132-7,,Secretario,5,Wilson Jose Witzel - Governador,Wilson Jose Witzel,Executivo estadual,sim,Tenente-Coronel Pm:PER,sim,do cargo em comissão de Chefe,,"EXONERAR com validade a contar de 23 de agosto de 2013, FAUSTO CASTRO DE ARAÚJO NETO , Tenente-Coronel PM, ID Funcional nº 2415132-7, do cargo em comissão de Chefe, símbolo DAS-7, do Centro de Criminalística da Polícia Militar, da Polícia Militar do Estado do Rio de Janeiro, da",https://www.ioerj.com.br/portal/modules/conteudoonline/mostra_edicao.php?session=VDFWUk1VNXFRa1JTUlZWMFRtdE5NRTlETURCU2ExRXlURlJuZUZKVVJYUk9WRUYzVFdwbk1sSlViRVJQVkZGNFRWUmpNMDlFYTNsT2FtY3pUa0U5UFE9PQ==,D:\github\exoneracoes_nomeacoes_dou\LAKE\RJ\2013\09\DOERJ_PARTE_I_PODER_EXECUTIVO_2013-09-27.md
RJ,Diario Oficial do Estado do Rio de Janeiro,2013-09-27,Parte I (Poder Executivo),exoneracao,TENENTE-CORONEL PM,2416648-0,,Secretario,5,Wilson Jose Witzel - Governador,Wilson Jose Witzel,Executivo estadual,sim,Tenente-Coronel Pm:PER,sim,do cargo em comissão de Comandante,,"EXONERAR com validade a contar de 16 de agosto de 2013, MIGUEL FRANCISCO RAMOS JUNIOR , Tenente-Coronel PM, ID Funcional nº 2416648-0, do cargo em comissão de Comandante, símbolo DAS-7, do Grupamento Aéreo e Marítimo - GAM, da Polícia Militar do Estado do Rio de Janeiro, da",https://www.ioerj.com.br/portal/modules/conteudoonline/mostra_edicao.php?session=VDFWUk1VNXFRa1JTUlZWMFRtdE5NRTlETURCU2ExRXlURlJuZUZKVVJYUk9WRUYzVFdwbk1sSlViRVJQVkZGNFRWUmpNMDlFYTNsT2FtY3pUa0U5UFE9PQ==,D:\github\exoneracoes_nomeacoes_dou\LAKE\RJ\2013\09\DOERJ_PARTE_I_PODER_EXECUTIVO_2013-09-27.md
RJ,Diario Oficial do Estado do Rio de Janeiro,2013-09-27,Parte I (Poder Executivo),exoneracao,LEONARDO PAIVA,2338184-1,,Secretario,5,Wilson Jose Witzel - Governador,Wilson Jose Witzel,Executivo estadual,sim,LEONARDO PAIVA:PER,sim,do cargo em comissão de Assistente,,"EXONERAR com validade a contar de 15 de agosto de 2013, LEONARDO PAIVA DA MOTA , Major PM, ID Funcional nº 2338184-1, do cargo em comissão de Assistente, símbolo DAS-6, da Seção de Movimentação DGP/SM, da Polícia Militar do Estado do Rio de Janeiro, da",https://www.ioerj.com.br/portal/modules/conteudoonline/mostra_edicao.php?session=VDFWUk1VNXFRa1JTUlZWMFRtdE5NRTlETURCU2ExRXlURlJuZUZKVVJYUk9WRUYzVFdwbk1sSlViRVJQVkZGNFRWUmpNMDlFYTNsT2FtY3pUa0U5UFE9PQ==,D:\github\exoneracoes_nomeacoes_dou\LAKE\RJ\2013\09\DOERJ_PARTE_I_PODER_EXECUTIVO_2013-09-27.md
RJ,Diario Oficial do Estado do Rio de Janeiro,2013-09-27,Parte I (Poder Executivo),nomeacao,BARBARA SOARES AVANCI,,,Secretario,5,Wilson Jose Witzel - Governador,Wilson Jose Witzel,Executivo estadual,sim,BARBARA SOARES AVANCI:MISC|Barbara Soares Avanci:PER,sim,para exercer o cargo em comissão de Diretor de Divisão,da Superintendência de Unidades Próprias,"NOMEAR BARBARA SOARES AVANCI para exercer o cargo em comissão de Diretor de Divisão, símbolo DAS-7, da Divisão Administrativa, do Hospital Estadual Tavares de Macedo, da Superintendência de Unidades Próprias, da Subsecretaria de Unidades Próprias, da",https://www.ioerj.com.br/portal/modules/conteudoonline/mostra_edicao.php?session=VDFWUk1VNXFRa1JTUlZWMFRtdE5NRTlETURCU2ExRXlURlJuZUZKVVJYUk9WRUYzVFdwbk1sSlViRVJQVkZGNFRWUmpNMDlFYTNsT2FtY3pUa0U5UFE9PQ==,D:\github\exoneracoes_nomeacoes_dou\LAKE\RJ\2013\09\DOERJ_PARTE_I_PODER_EXECUTIVO_2013-09-27.md
RJ,Diario Oficial do Estado do Rio de Janeiro,2013-09-27,Parte I (Poder Executivo),nomeacao,ADLER MAGALHÃES,4248710-2,,Secretario,5,Wilson Jose Witzel - Governador,Wilson Jose Witzel,Executivo estadual,sim,ADLER MAGALHÃES:MISC|Adler Magalhães:PER,sim,para exercer o cargo em comissão de Gerente,da Superintendência de Unidades Próprias,"NOMEAR ADLER MAGALHÃES DA SILVA , ID Funcional nº 4248710-2, para exercer o cargo em comissão de Gerente, símbolo DAS-6, da Gerência de Apoio e Diagnóstico, da Divisão Técnica, do Hospital Estadual Albert Schweitzer, da Superintendência de Unidades Próprias, da Subsecretaria de Unidades Próprias, da",https://www.ioerj.com.br/portal/modules/conteudoonline/mostra_edicao.php?session=VDFWUk1VNXFRa1JTUlZWMFRtdE5NRTlETURCU2ExRXlURlJuZUZKVVJYUk9WRUYzVFdwbk1sSlViRVJQVkZGNFRWUmpNMDlFYTNsT2FtY3pUa0U5UFE9PQ==,D:\github\exoneracoes_nomeacoes_dou\LAKE\RJ\2013\09\DOERJ_PARTE_I_PODER_EXECUTIVO_2013-09-27.md
RJ,Diario Oficial do Estado do Rio de Janeiro,2013-09-27,Parte I (Poder Executivo),nomeacao,JAQUELINE FERREIRA BENTO,,,Secretario,5,Wilson Jose Witzel - Governador,Wilson Jose Witzel,Executivo estadual,sim,JAQUELINE FERREIRA BENTO:MISC|Jaqueline Ferreira Bento:PER,sim,para exercer o cargo em comissão de Assistente II,da Subsecretaria Jurídica e de Corregedoria,"NOMEAR JAQUELINE FERREIRA BENTO para exercer o cargo em comissão de Assistente II, símbolo DAI-6, da Assessoria Técnica, da Subsecretaria Jurídica e de Corregedoria, da",https://www.ioerj.com.br/portal/modules/conteudoonline/mostra_edicao.php?session=VDFWUk1VNXFRa1JTUlZWMFRtdE5NRTlETURCU2ExRXlURlJuZUZKVVJYUk9WRUYzVFdwbk1sSlViRVJQVkZGNFRWUmpNMDlFYTNsT2FtY3pUa0U5UFE9PQ==,D:\github\exoneracoes_nomeacoes_dou\LAKE\RJ\2013\09\DOERJ_PARTE_I_PODER_EXECUTIVO_2013-09-27.md
RJ,Diario Oficial do Estado do Rio de Janeiro,2013-09-26,Parte I (Poder Executivo),nomeacao,GISELLE DA SILVA COSTA FELIPE,,,Governador,1,Wilson Jose Witzel - Governador,Wilson Jose Witzel,Executivo estadual,sim,GISELLE:MISC|Giselle Da Silva Costa Felipe:PER,sim,,da Fundação Centro Universitário Estadual da Zona Oeste - UEZO,"NOMEAR GISELLE DA SILVA COSTA FELIPE para exercer, com validade a contar de 17 de setembro de 2013, o cargo em comissão de Assessor II, símbolo UEZO-6, da Fundação Centro Universitário Estadual da Zona Oeste - UEZO, da",https://www.ioerj.com.br/portal/modules/conteudoonline/mostra_edicao.php?session=VWtSRmVWSnJTVEZTYW1OMFRXcFJkMUZwTURCTmFsWkNURlJvUTA5RlNYUlNWRkUwVVZSQ1JWRjZSa1JPYWxGNFRWUmpNMDlFYTNsT2VrRjVUWGM5UFE9PQ==,D:\github\exoneracoes_nomeacoes_dou\LAKE\RJ\2013\09\DOERJ_PARTE_I_PODER_EXECUTIVO_2013-09-26.md
RJ,Diario Oficial do Estado do Rio de Janeiro,2013-09-26,Parte I (Poder Executivo),exoneracao,MARIA CÉLIA ALVES DA CRUZ,,,Governador,1,Wilson Jose Witzel - Governador,Wilson Jose Witzel,Executivo estadual,sim,CÉLIA ALVES DA CRUZ:MISC|Maria Célia Alves Da Cruz:PER,sim,do cargo em comissão de Coordenador de Unidade,da Fundação de Apoio à Escola Técnica do Estado do Rio de Janeiro - FAETEC,"EXONERAR a pedido e com validade a contar de 03 de setembro de 2013, MARIA CÉLIA ALVES DA CRUZ, matrícula nº 8359, do cargo em comissão de Coordenador de Unidade, símbolo FAETEC 3, da Fundação de Apoio à Escola Técnica do Estado do Rio de Janeiro - FAETEC, da",https://www.ioerj.com.br/portal/modules/conteudoonline/mostra_edicao.php?session=VWtSRmVWSnJTVEZTYW1OMFRXcFJkMUZwTURCTmFsWkNURlJvUTA5RlNYUlNWRkUwVVZSQ1JWRjZSa1JPYWxGNFRWUmpNMDlFYTNsT2VrRjVUWGM5UFE9PQ==,D:\github\exoneracoes_nomeacoes_dou\LAKE\RJ\2013\09\DOERJ_PARTE_I_PODER_EXECUTIVO_2013-09-26.md
RJ,Diario Oficial do Estado do Rio de Janeiro,2013-09-26,Parte I (Poder Executivo),nomeacao,ISABELA DUQUE ESTRADA MEYER FAGUNDES,,,Secretario,5,Wilson Jose Witzel - Governador,Wilson Jose Witzel,Executivo estadual,sim,Isabela Duque Estrada Meyer Fagundes:PER,sim,,do Subsecretaria de Gerenciamento de Projetos - EGP-Rio,"NOMEAR ISABELA DUQUE ESTRADA MEYER FAGUNDES para exercer, com validade a contar de 23 de setembro de 2013, o cargo em comissão de Assistente Técnico II, símbolo DAS-6, do Subsecretaria de Gerenciamento de Projetos - EGP-Rio, da",https://www.ioerj.com.br/portal/modules/conteudoonline/mostra_edicao.php?session=VWtSRmVWSnJTVEZTYW1OMFRXcFJkMUZwTURCTmFsWkNURlJvUTA5RlNYUlNWRkUwVVZSQ1JWRjZSa1JPYWxGNFRWUmpNMDlFYTNsT2VrRjVUWGM5UFE9PQ==,D:\github\exoneracoes_nomeacoes_dou\LAKE\RJ\2013\09\DOERJ_PARTE_I_PODER_EXECUTIVO_2013-09-26.md
RJ,Diario Oficial do Estado do Rio de Janeiro,2013-09-26,Parte I (Poder Executivo),nomeacao,VILMA CARVALHO RAMOS,,,Secretario,5,Wilson Jose Witzel - Governador,Wilson Jose Witzel,Executivo estadual,sim,RAMOS:MISC|Vilma Carvalho Ramos:PER,sim,,,"NOMEAR VILMA CARVALHO RAMOS para exercer, com validade a contar de 01 de setembro de 2013, o cargo em comissão de Assessor, símbolo DAS-8, da",https://www.ioerj.com.br/portal/modules/conteudoonline/mostra_edicao.php?session=VWtSRmVWSnJTVEZTYW1OMFRXcFJkMUZwTURCTmFsWkNURlJvUTA5RlNYUlNWRkUwVVZSQ1JWRjZSa1JPYWxGNFRWUmpNMDlFYTNsT2VrRjVUWGM5UFE9PQ==,D:\github\exoneracoes_nomeacoes_dou\LAKE\RJ\2013\09\DOERJ_PARTE_I_PODER_EXECUTIVO_2013-09-26.md
RJ,Diario Oficial do Estado do Rio de Janeiro,2013-09-26,Parte I (Poder Executivo),nomeacao,MARIA HELENA ALVES DOS SANTOS,,,Secretario,5,Wilson Jose Witzel - Governador,Wilson Jose Witzel,Executivo estadual,sim,MARIA HELENA ALVES DOS SANTOS:MISC|Maria Helena Alves Dos Santos:PER,sim,,,"NOMEAR MARIA HELENA ALVES DOS SANTOS para exercer, com validade a contar de 01 de setembro de 2013, o cargo em comissão de Ajudante I, símbolo DAI-1, da",https://www.ioerj.com.br/portal/modules/conteudoonline/mostra_edicao.php?session=VWtSRmVWSnJTVEZTYW1OMFRXcFJkMUZwTURCTmFsWkNURlJvUTA5RlNYUlNWRkUwVVZSQ1JWRjZSa1JPYWxGNFRWUmpNMDlFYTNsT2VrRjVUWGM5UFE9PQ==,D:\github\exoneracoes_nomeacoes_dou\LAKE\RJ\2013\09\DOERJ_PARTE_I_PODER_EXECUTIVO_2013-09-26.md
RJ,Diario Oficial do Estado do Rio de Janeiro,2013-09-26,Parte I (Poder Executivo),exoneracao,PAULA GÃNEME,,,Governador,1,Wilson Jose Witzel - Governador,Wilson Jose Witzel,Executivo estadual,sim,PAULA GÃNEME:MISC|Paula Gãneme:PER,sim,do cargo em comissão de Coordenador,,"EXONERAR a pedido e com validade a contar de 17 de setembro de 2013, PAULA GÃNEME DO AMARAL , matrícula nº 00612, do cargo em comissão de Coordenador, símbolo DAS-8, da Coordenação Jurídica, da Gerência de Apoio Jurídico, da Diretoria Jurídica, do Fundo Único de Previdência Social do Estado do Rio de Janeiro - RIOPREVIDÊNCIA, da",https://www.ioerj.com.br/portal/modules/conteudoonline/mostra_edicao.php?session=VWtSRmVWSnJTVEZTYW1OMFRXcFJkMUZwTURCTmFsWkNURlJvUTA5RlNYUlNWRkUwVVZSQ1JWRjZSa1JPYWxGNFRWUmpNMDlFYTNsT2VrRjVUWGM5UFE9PQ==,D:\github\exoneracoes_nomeacoes_dou\LAKE\RJ\2013\09\DOERJ_PARTE_I_PODER_EXECUTIVO_2013-09-26.md
RJ,Diario Oficial do Estado do Rio de Janeiro,2013-09-26,Parte I (Poder Executivo),nomeacao,FELIPE ANDRADE VILELA E SILVA,,,Governador,1,Wilson Jose Witzel - Governador,Wilson Jose Witzel,Executivo estadual,sim,FELIPE ANDRADE VILELA:MISC|Felipe Andrade Vilela E Silva:PER,sim,,,"NOMEAR FELIPE ANDRADE VILELA E SILVA para exercer, com validade a contar de 16 de setembro de 2013, o cargo em comissão de Assessor, símbolo DAS-7, da",https://www.ioerj.com.br/portal/modules/conteudoonline/mostra_edicao.php?session=VWtSRmVWSnJTVEZTYW1OMFRXcFJkMUZwTURCTmFsWkNURlJvUTA5RlNYUlNWRkUwVVZSQ1JWRjZSa1JPYWxGNFRWUmpNMDlFYTNsT2VrRjVUWGM5UFE9PQ==,D:\github\exoneracoes_nomeacoes_dou\LAKE\RJ\2013\09\DOERJ_PARTE_I_PODER_EXECUTIVO_2013-09-26.md
RJ,Diario Oficial do Estado do Rio de Janeiro,2013-09-26,Parte I (Poder Executivo),nomeacao,FELIPE MARTINS ANTUNES,,,Governador,1,Wilson Jose Witzel - Governador,Wilson Jose Witzel,Executivo estadual,sim,FELIPE MARTINS ANTUNES:PER,sim,para exercer o cargo em comissão de Assistente,,"NOMEAR FELIPE MARTINS ANTUNES para exercer o cargo em comissão de Assistente, símbolo DAS-6, do Fundo Único de Previdência Social do Estado do Rio de Janeiro - RIOPREVIDÊNCIA, da",https://www.ioerj.com.br/portal/modules/conteudoonline/mostra_edicao.php?session=VWtSRmVWSnJTVEZTYW1OMFRXcFJkMUZwTURCTmFsWkNURlJvUTA5RlNYUlNWRkUwVVZSQ1JWRjZSa1JPYWxGNFRWUmpNMDlFYTNsT2VrRjVUWGM5UFE9PQ==,D:\github\exoneracoes_nomeacoes_dou\LAKE\RJ\2013\09\DOERJ_PARTE_I_PODER_EXECUTIVO_2013-09-26.md
RJ,Diario Oficial do Estado do Rio de Janeiro,2013-09-26,Parte I (Poder Executivo),exoneracao,ALEX GABRIEL SILVERIS,4384135-0,,Governador,1,Wilson Jose Witzel - Governador,Wilson Jose Witzel,Executivo estadual,sim,ALEX GABRIEL:MISC|Alex Gabriel Silveris:PER,sim,do cargo em comissão de Auditor Tributário,,"EXONERAR ALEX GABRIEL SILVERIS DA ROSA , ID Funcional nº 4384135-0, do cargo em comissão de Auditor Tributário, símbolo DAS-6, da Junta de Revisão Fiscal, da",https://www.ioerj.com.br/portal/modules/conteudoonline/mostra_edicao.php?session=VWtSRmVWSnJTVEZTYW1OMFRXcFJkMUZwTURCTmFsWkNURlJvUTA5RlNYUlNWRkUwVVZSQ1JWRjZSa1JPYWxGNFRWUmpNMDlFYTNsT2VrRjVUWGM5UFE9PQ==,D:\github\exoneracoes_nomeacoes_dou\LAKE\RJ\2013\09\DOERJ_PARTE_I_PODER_EXECUTIVO_2013-09-26.md
RJ,Diario Oficial do Estado do Rio de Janeiro,2013-09-26,Parte I (Poder Executivo),exoneracao,ANDRE OLIVEIRA CARDOSO,1939457-8,,Governador,1,Wilson Jose Witzel - Governador,Wilson Jose Witzel,Executivo estadual,sim,ANDRE OLIVEIRA CARDOSO:MISC|Andre Oliveira Cardoso:PER,sim,do cargo em comissão de Auditor Tributário,,"EXONERAR ANDRE OLIVEIRA CARDOSO DA SILVA , ID Funcional nº 1939457-8, do cargo em comissão de Auditor Tributário, símbolo DAS-6, da Junta de Revisão Fiscal, da",https://www.ioerj.com.br/portal/modules/conteudoonline/mostra_edicao.php?session=VWtSRmVWSnJTVEZTYW1OMFRXcFJkMUZwTURCTmFsWkNURlJvUTA5RlNYUlNWRkUwVVZSQ1JWRjZSa1JPYWxGNFRWUmpNMDlFYTNsT2VrRjVUWGM5UFE9PQ==,D:\github\exoneracoes_nomeacoes_dou\LAKE\RJ\2013\09\DOERJ_PARTE_I_PODER_EXECUTIVO_2013-09-26.md
RJ,Diario Oficial do Estado do Rio de Janeiro,2013-09-26,Parte I (Poder Executivo),exoneracao,RACHEL CARVALHO,43852084,,Governador,1,Wilson Jose Witzel - Governador,Wilson Jose Witzel,Executivo estadual,sim,RACHEL CARVALHO:PER,sim,do cargo em comissão de Auditor Tributário,,"EXONERAR RACHEL CARVALHO DA SILVA CARL , Auditor Fiscal da Receita Estadual de 3ª Categoria, ID Funcional nº 43852084, do cargo em comissão de Auditor Tributário, símbolo DAS-6, da Junta de Revisão Fiscal, da",https://www.ioerj.com.br/portal/modules/conteudoonline/mostra_edicao.php?session=VWtSRmVWSnJTVEZTYW1OMFRXcFJkMUZwTURCTmFsWkNURlJvUTA5RlNYUlNWRkUwVVZSQ1JWRjZSa1JPYWxGNFRWUmpNMDlFYTNsT2VrRjVUWGM5UFE9PQ==,D:\github\exoneracoes_nomeacoes_dou\LAKE\RJ\2013\09\DOERJ_PARTE_I_PODER_EXECUTIVO_2013-09-26.md
RJ,Diario Oficial do Estado do Rio de Janeiro,2013-09-26,Parte I (Poder Executivo),exoneracao,ELIANE PISSINATTI BARBOSA,4365329-4,,Governador,1,Wilson Jose Witzel - Governador,Wilson Jose Witzel,Executivo estadual,sim,ELIANE PISSINATTI BARBOSA:PER,sim,do cargo em comissão de Auditor Tributário,,"EXONERAR ELIANE PISSINATTI BARBOSA DA SILVA , ID Funcional nº 4365329-4, do cargo em comissão de Auditor Tributário, símbolo DAS-6, da Junta de Revisão Fiscal, da",https://www.ioerj.com.br/portal/modules/conteudoonline/mostra_edicao.php?session=VWtSRmVWSnJTVEZTYW1OMFRXcFJkMUZwTURCTmFsWkNURlJvUTA5RlNYUlNWRkUwVVZSQ1JWRjZSa1JPYWxGNFRWUmpNMDlFYTNsT2VrRjVUWGM5UFE9PQ==,D:\github\exoneracoes_nomeacoes_dou\LAKE\RJ\2013\09\DOERJ_PARTE_I_PODER_EXECUTIVO_2013-09-26.md
RJ,Diario Oficial do Estado do Rio de Janeiro,2013-09-26,Parte I (Poder Executivo),exoneracao,THOMPSON LEMOS,1958337-0,,Governador,1,Wilson Jose Witzel - Governador,Wilson Jose Witzel,Executivo estadual,sim,THOMPSON LEMOS:LOC|Thompson Lemos:PER,sim,do cargo em comissão de Auditor Tributário,,"EXONERAR THOMPSON LEMOS DA SILVA NETO , ID Funcional nº 1958337-0, do cargo em comissão de Auditor Tributário, símbolo DAS-6, da Junta de Revisão Fiscal, da",https://www.ioerj.com.br/portal/modules/conteudoonline/mostra_edicao.php?session=VWtSRmVWSnJTVEZTYW1OMFRXcFJkMUZwTURCTmFsWkNURlJvUTA5RlNYUlNWRkUwVVZSQ1JWRjZSa1JPYWxGNFRWUmpNMDlFYTNsT2VrRjVUWGM5UFE9PQ==,D:\github\exoneracoes_nomeacoes_dou\LAKE\RJ\2013\09\DOERJ_PARTE_I_PODER_EXECUTIVO_2013-09-26.md
RJ,Diario Oficial do Estado do Rio de Janeiro,2013-09-26,Parte I (Poder Executivo),exoneracao,GABRIELA CAMPREGHER,5006231-0,,Governador,1,Wilson Jose Witzel - Governador,Wilson Jose Witzel,Executivo estadual,sim,GABRIELA CAMPREGHER:MISC|Gabriela Campregher:PER,sim,do cargo em comissão de Auditor Tributário,,"EXONERAR GABRIELA CAMPREGHER DA SILVA , ID Funcional nº 5006231-0, do cargo em comissão de Auditor Tributário, símbolo DAS-6, da",https://www.ioerj.com.br/portal/modules/conteudoonline/mostra_edicao.php?session=VWtSRmVWSnJTVEZTYW1OMFRXcFJkMUZwTURCTmFsWkNURlJvUTA5RlNYUlNWRkUwVVZSQ1JWRjZSa1JPYWxGNFRWUmpNMDlFYTNsT2VrRjVUWGM5UFE9PQ==,D:\github\exoneracoes_nomeacoes_dou\LAKE\RJ\2013\09\DOERJ_PARTE_I_PODER_EXECUTIVO_2013-09-26.md
RJ,Diario Oficial do Estado do Rio de Janeiro,2013-09-26,Parte I (Poder Executivo),exoneracao,LUCIANA AZEVEDO,1938852-7,,Governador,1,Wilson Jose Witzel - Governador,Wilson Jose Witzel,Executivo estadual,sim,LUCIANA AZEVEDO:PER,sim,do cargo em comissão de Consultor Tributário,da Superintendência de Tributação,"EXONERAR LUCIANA AZEVEDO DA CUNHA FULLOP , ID Funcional nº 1938852-7, do cargo em comissão de Consultor Tributário, símbolo DAS-6, da Superintendência de Tributação, da Subsecretaria de Receita, da",https://www.ioerj.com.br/portal/modules/conteudoonline/mostra_edicao.php?session=VWtSRmVWSnJTVEZTYW1OMFRXcFJkMUZwTURCTmFsWkNURlJvUTA5RlNYUlNWRkUwVVZSQ1JWRjZSa1JPYWxGNFRWUmpNMDlFYTNsT2VrRjVUWGM5UFE9PQ==,D:\github\exoneracoes_nomeacoes_dou\LAKE\RJ\2013\09\DOERJ_PARTE_I_PODER_EXECUTIVO_2013-09-26.md
RJ,Diario Oficial do Estado do Rio de Janeiro,2013-09-26,Parte I (Poder Executivo),exoneracao,JILSON TORRES,1938822-5,,Governador,1,Wilson Jose Witzel - Governador,Wilson Jose Witzel,Executivo estadual,sim,JILSON TORRES:MISC|Jilson Torres:PER,sim,do cargo em comissão de Consultor Tributário,da Superintendência de Tributação,"EXONERAR JILSON TORRES DA SILVA , ID Funcional nº 1938822-5, do cargo em comissão de Consultor Tributário, símbolo DAS-6, da Superintendência de Tributação, da Subsecretaria de Receita, da",https://www.ioerj.com.br/portal/modules/conteudoonline/mostra_edicao.php?session=VWtSRmVWSnJTVEZTYW1OMFRXcFJkMUZwTURCTmFsWkNURlJvUTA5RlNYUlNWRkUwVVZSQ1JWRjZSa1JPYWxGNFRWUmpNMDlFYTNsT2VrRjVUWGM5UFE9PQ==,D:\github\exoneracoes_nomeacoes_dou\LAKE\RJ\2013\09\DOERJ_PARTE_I_PODER_EXECUTIVO_2013-09-26.md
RJ,Diario Oficial do Estado do Rio de Janeiro,2013-09-26,Parte I (Poder Executivo),exoneracao,TRÂNSITO DE MERCADORIAS E PRESTAÇÃO DE SERVIÇOS,4366546-2,,Governador,1,Wilson Jose Witzel - Governador,Wilson Jose Witzel,Executivo estadual,sim,TRÂNSITO DE MERCADORIAS:LOC|SERVIÇOS:PER,sim,do cargo em comissão de Chefe de Posto Fiscal,da Subsecretaria-Adjunta de Fiscalização,"EXONERAR FRANCISCO ANIZIO SALLA DOS SANTOS , ID Funcional nº 4366546-2, do cargo em comissão de Chefe de Posto Fiscal, símbolo DAI-6, do Posto de Controle Interestadual de Nhangapi, da Inspetoria de Fiscalização Especializada de Barreiras Fiscais, Trânsito de Mercadorias e Prestação de Serviços do Transportes Intermunicipais e Interestaduais, da Inspetoria de Fiscalização Especializada, da Subsecretaria-Adjunta de Fiscalização, da Subsecretaria de Receita, da",https://www.ioerj.com.br/portal/modules/conteudoonline/mostra_edicao.php?session=VWtSRmVWSnJTVEZTYW1OMFRXcFJkMUZwTURCTmFsWkNURlJvUTA5RlNYUlNWRkUwVVZSQ1JWRjZSa1JPYWxGNFRWUmpNMDlFYTNsT2VrRjVUWGM5UFE9PQ==,D:\github\exoneracoes_nomeacoes_dou\LAKE\RJ\2013\09\DOERJ_PARTE_I_PODER_EXECUTIVO_2013-09-26.md
RJ,Diario Oficial do Estado do Rio de Janeiro,2013-09-26,Parte I (Poder Executivo),nomeacao,CELIA PEREIRA AROUCA,,,Governador,1,Wilson Jose Witzel - Governador,Wilson Jose Witzel,Executivo estadual,sim,CELIA PEREIRA:MISC|AROUCA:ORG|Celia Pereira Arouca:PER,sim,,do Gabinete da Presidência,"NOMEAR CELIA PEREIRA AROUCA para exercer, com validade a contar de 01 de setembro de 2013, o cargo em comissão de Assessor, símbolo DAS-7, do Gabinete da Presidência, da Fundação Santa Cabrini, da",https://www.ioerj.com.br/portal/modules/conteudoonline/mostra_edicao.php?session=VWtSRmVWSnJTVEZTYW1OMFRXcFJkMUZwTURCTmFsWkNURlJvUTA5RlNYUlNWRkUwVVZSQ1JWRjZSa1JPYWxGNFRWUmpNMDlFYTNsT2VrRjVUWGM5UFE9PQ==,D:\github\exoneracoes_nomeacoes_dou\LAKE\RJ\2013\09\DOERJ_PARTE_I_PODER_EXECUTIVO_2013-09-26.md
RJ,Diario Oficial do Estado do Rio de Janeiro,2013-09-26,Parte I (Poder Executivo),nomeacao,DANIELE PINTO BRAGA,,,Governador,1,Wilson Jose Witzel - Governador,Wilson Jose Witzel,Executivo estadual,sim,DANIELE PINTO BRAGA:PER,sim,,da Fundação Santa Cabrini,"NOMEAR DANIELE PINTO BRAGA para exercer, com validade a contar de 01 de setembro de 2013, o cargo em comissão de Chefe de Serviço, símbolo DAI-6, do Serviço Técnico Especializado (nº 7), da Gerência de Produção e Serviços, da Diretoria de Produção e Comercialização, da Fundação Santa Cabrini, da",https://www.ioerj.com.br/portal/modules/conteudoonline/mostra_edicao.php?session=VWtSRmVWSnJTVEZTYW1OMFRXcFJkMUZwTURCTmFsWkNURlJvUTA5RlNYUlNWRkUwVVZSQ1JWRjZSa1JPYWxGNFRWUmpNMDlFYTNsT2VrRjVUWGM5UFE9PQ==,D:\github\exoneracoes_nomeacoes_dou\LAKE\RJ\2013\09\DOERJ_PARTE_I_PODER_EXECUTIVO_2013-09-26.md
RJ,Diario Oficial do Estado do Rio de Janeiro,2013-09-26,Parte I (Poder Executivo),exoneracao,LUIS BEZERRA ABITAN DA SILVA,,,Governador,1,Wilson Jose Witzel - Governador,Wilson Jose Witzel,Executivo estadual,sim,LUIS BEZERRA ABITAN DA SILVA:ORG|Luis Bezerra Abitan Da Silva:PER,sim,do cargo em comissão de Chefe de Serviço,da Fundação Santa Cabrini,"EXONERAR com validade a contar de 01 de setembro de 2013, LUIS BEZERRA ABITAN DA SILVA do cargo em comissão de Chefe de Serviço, símbolo DAI-6, do Serviço Técnico Especializado (nº 7), da Gerência de Produção e Serviços, da Diretoria de Produção e Comercialização, da Fundação Santa Cabrini, da",https://www.ioerj.com.br/portal/modules/conteudoonline/mostra_edicao.php?session=VWtSRmVWSnJTVEZTYW1OMFRXcFJkMUZwTURCTmFsWkNURlJvUTA5RlNYUlNWRkUwVVZSQ1JWRjZSa1JPYWxGNFRWUmpNMDlFYTNsT2VrRjVUWGM5UFE9PQ==,D:\github\exoneracoes_nomeacoes_dou\LAKE\RJ\2013\09\DOERJ_PARTE_I_PODER_EXECUTIVO_2013-09-26.md
RJ,Diario Oficial do Estado do Rio de Janeiro,2013-09-26,Parte I (Poder Executivo),nomeacao,DIOGO VIEIRA CÂMARA,,,Governador,1,Wilson Jose Witzel - Governador,Wilson Jose Witzel,Executivo estadual,sim,DIOGO VIEIRA:PER,sim,,da Fundação Santa Cabrini,"NOMEAR DIOGO VIEIRA CÂMARA para exercer, com validade a contar de 01 de setembro de 2013, o cargo em comissão de Chefe de Serviço, símbolo DAI-6, do Serviço Técnico Especializado (nº 7), da Gerência de Produção e Serviços, da Diretoria de Produção e Comercialização, da Fundação Santa Cabrini, da",https://www.ioerj.com.br/portal/modules/conteudoonline/mostra_edicao.php?session=VWtSRmVWSnJTVEZTYW1OMFRXcFJkMUZwTURCTmFsWkNURlJvUTA5RlNYUlNWRkUwVVZSQ1JWRjZSa1JPYWxGNFRWUmpNMDlFYTNsT2VrRjVUWGM5UFE9PQ==,D:\github\exoneracoes_nomeacoes_dou\LAKE\RJ\2013\09\DOERJ_PARTE_I_PODER_EXECUTIVO_2013-09-26.md
RJ,Diario Oficial do Estado do Rio de Janeiro,2013-09-26,Parte I (Poder Executivo),nomeacao,LUIS BEZERRA ABITAN DA SILVA,,,Governador,1,Wilson Jose Witzel - Governador,Wilson Jose Witzel,Executivo estadual,sim,LUIS BEZERRA ABITAN DA SILVA:ORG|Luis Bezerra Abitan Da Silva:PER,sim,,da Fundação Santa Cabrini,"NOMEAR LUIS BEZERRA ABITAN DA SILVA para exercer, com validade a contar de 01 de setembro de 2013, o cargo em comissão de Chefe de Serviço, símbolo DAI-6, do Serviço de Manutenção, da Gerência de Produção e Serviços, da Diretoria de Produção e Comercialização, da Fundação Santa Cabrini, da",https://www.ioerj.com.br/portal/modules/conteudoonline/mostra_edicao.php?session=VWtSRmVWSnJTVEZTYW1OMFRXcFJkMUZwTURCTmFsWkNURlJvUTA5RlNYUlNWRkUwVVZSQ1JWRjZSa1JPYWxGNFRWUmpNMDlFYTNsT2VrRjVUWGM5UFE9PQ==,D:\github\exoneracoes_nomeacoes_dou\LAKE\RJ\2013\09\DOERJ_PARTE_I_PODER_EXECUTIVO_2013-09-26.md
RJ,Diario Oficial do Estado do Rio de Janeiro,2013-09-26,Parte I (Poder Executivo),nomeacao,ELINE SANTOS DA SILVA,,,Governador,1,Wilson Jose Witzel - Governador,Wilson Jose Witzel,Executivo estadual,sim,ELINE SANTOS DA SILVA:MISC|Eline Santos Da Silva:PER,sim,,da Fundação Santa Cabrini,"NOMEAR ELINE SANTOS DA SILVA para exercer, com validade a contar de 01 de setembro de 2013, o cargo em comissão de Assistente de Produção, símbolo DAI-5, da Coordenação Geral de Atendimento de Apenados e de Qualificação Profissional, da Diretoria de Produção e Comercialização, da Fundação Santa Cabrini, da",https://www.ioerj.com.br/portal/modules/conteudoonline/mostra_edicao.php?session=VWtSRmVWSnJTVEZTYW1OMFRXcFJkMUZwTURCTmFsWkNURlJvUTA5RlNYUlNWRkUwVVZSQ1JWRjZSa1JPYWxGNFRWUmpNMDlFYTNsT2VrRjVUWGM5UFE9PQ==,D:\github\exoneracoes_nomeacoes_dou\LAKE\RJ\2013\09\DOERJ_PARTE_I_PODER_EXECUTIVO_2013-09-26.md
RJ,Diario Oficial do Estado do Rio de Janeiro,2013-09-26,Parte I (Poder Executivo),nomeacao,TENENTE-CORONEL BM,2617921-0,,Governador,1,Wilson Jose Witzel - Governador,Wilson Jose Witzel,Executivo estadual,sim,BM:LOC|Tenente-Coronel Bm:PER,sim,para exercer o cargo em comissão de Assessor-Chefe,da Subsecretaria Orçamento e Finanças,"NOMEAR ROBSON DE SOUZA MELO , Tenente-Coronel BM, ID Funcional nº 2617921-0, para exercer o cargo em comissão de Assessor-Chefe, símbolo DAS-8, da Subsecretaria Orçamento e Finanças, da",https://www.ioerj.com.br/portal/modules/conteudoonline/mostra_edicao.php?session=VWtSRmVWSnJTVEZTYW1OMFRXcFJkMUZwTURCTmFsWkNURlJvUTA5RlNYUlNWRkUwVVZSQ1JWRjZSa1JPYWxGNFRWUmpNMDlFYTNsT2VrRjVUWGM5UFE9PQ==,D:\github\exoneracoes_nomeacoes_dou\LAKE\RJ\2013\09\DOERJ_PARTE_I_PODER_EXECUTIVO_2013-09-26.md
RJ,Diario Oficial do Estado do Rio de Janeiro,2013-09-26,Parte I (Poder Executivo),nomeacao,CARLA SÁ SANTOS,,,Governador,1,Wilson Jose Witzel - Governador,Wilson Jose Witzel,Executivo estadual,sim,CARLA SÁ SANTOS:PER,sim,para exercer o cargo em comissão de Chefe de Serviço,do Departamento de Transportes Rodoviários do Estado do Rio de Janeiro - DETRO/RJ,"NOMEAR CARLA SÁ SANTOS para exercer o cargo em comissão de Chefe de Serviço, símbolo DAI-6, do Serviço de Compras, da Divisão de Material, da Coordenadoria de Material e Serviços Gerais, da Diretoria Administrativa e Econômico-Financeira, do Departamento de Transportes Rodoviários do Estado do Rio de Janeiro - DETRO/RJ, da",https://www.ioerj.com.br/portal/modules/conteudoonline/mostra_edicao.php?session=VWtSRmVWSnJTVEZTYW1OMFRXcFJkMUZwTURCTmFsWkNURlJvUTA5RlNYUlNWRkUwVVZSQ1JWRjZSa1JPYWxGNFRWUmpNMDlFYTNsT2VrRjVUWGM5UFE9PQ==,D:\github\exoneracoes_nomeacoes_dou\LAKE\RJ\2013\09\DOERJ_PARTE_I_PODER_EXECUTIVO_2013-09-26.md
RJ,Diario Oficial do Estado do Rio de Janeiro,2013-09-26,Parte I (Poder Executivo),exoneracao,ADENILSON HIATH DA SILVA,,,Governador,1,Wilson Jose Witzel - Governador,Wilson Jose Witzel,Executivo estadual,sim,ADENILSON HIATH DA SILVA:MISC|Adenilson Hiath Da Silva:PER,sim,do cargo em comissão de Assistente II,,"EXONERAR ADENILSON HIATH DA SILVA do cargo em comissão de Assistente II, símbolo DAI-6, da",https://www.ioerj.com.br/portal/modules/conteudoonline/mostra_edicao.php?session=VWtSRmVWSnJTVEZTYW1OMFRXcFJkMUZwTURCTmFsWkNURlJvUTA5RlNYUlNWRkUwVVZSQ1JWRjZSa1JPYWxGNFRWUmpNMDlFYTNsT2VrRjVUWGM5UFE9PQ==,D:\github\exoneracoes_nomeacoes_dou\LAKE\RJ\2013\09\DOERJ_PARTE_I_PODER_EXECUTIVO_2013-09-26.md
RJ,Diario Oficial do Estado do Rio de Janeiro,2013-09-26,Parte I (Poder Executivo),nomeacao,ALLAN NACIF SANTOS,,,Governador,1,Wilson Jose Witzel - Governador,Wilson Jose Witzel,Executivo estadual,sim,ALLAN:MISC|Allan Nacif Santos:PER,sim,para exercer o cargo em comissão de Assistente II,,"NOMEAR ALLAN NACIF SANTOS para exercer o cargo em comissão de Assistente II, símbolo DAI-6, da",https://www.ioerj.com.br/portal/modules/conteudoonline/mostra_edicao.php?session=VWtSRmVWSnJTVEZTYW1OMFRXcFJkMUZwTURCTmFsWkNURlJvUTA5RlNYUlNWRkUwVVZSQ1JWRjZSa1JPYWxGNFRWUmpNMDlFYTNsT2VrRjVUWGM5UFE9PQ==,D:\github\exoneracoes_nomeacoes_dou\LAKE\RJ\2013\09\DOERJ_PARTE_I_PODER_EXECUTIVO_2013-09-26.md
RJ,Diario Oficial do Estado do Rio de Janeiro,2013-09-26,Parte I (Poder Executivo),nomeacao,ANA PAULA MARTINS CERVEIRA,,,Governador,1,Wilson Jose Witzel - Governador,Wilson Jose Witzel,Executivo estadual,sim,ANA PAULA:PER,sim,para exercer o cargo em comissão de Assessor,da Fundação para a Infância e Adolescência - FIA/RJ,"NOMEAR ANA PAULA MARTINS CERVEIRA para exercer o cargo em comissão de Assessor, símbolo DAS-8, da Assessoria de Convênios, da Fundação para a Infância e Adolescência - FIA/RJ, da",https://www.ioerj.com.br/portal/modules/conteudoonline/mostra_edicao.php?session=VWtSRmVWSnJTVEZTYW1OMFRXcFJkMUZwTURCTmFsWkNURlJvUTA5RlNYUlNWRkUwVVZSQ1JWRjZSa1JPYWxGNFRWUmpNMDlFYTNsT2VrRjVUWGM5UFE9PQ==,D:\github\exoneracoes_nomeacoes_dou\LAKE\RJ\2013\09\DOERJ_PARTE_I_PODER_EXECUTIVO_2013-09-26.md
RJ,Diario Oficial do Estado do Rio de Janeiro,2013-09-26,Parte I (Poder Executivo),nomeacao,NAIANI DO NASCIMENTO ROLIM,,,Governador,1,Wilson Jose Witzel - Governador,Wilson Jose Witzel,Executivo estadual,sim,Naiani Do Nascimento Rolim:PER,sim,para exercer o cargo em comissão de Assessor,,"NOMEAR NAIANI DO NASCIMENTO ROLIM para exercer o cargo em comissão de Assessor, símbolo DAS-8, da",https://www.ioerj.com.br/portal/modules/conteudoonline/mostra_edicao.php?session=VWtSRmVWSnJTVEZTYW1OMFRXcFJkMUZwTURCTmFsWkNURlJvUTA5RlNYUlNWRkUwVVZSQ1JWRjZSa1JPYWxGNFRWUmpNMDlFYTNsT2VrRjVUWGM5UFE9PQ==,D:\github\exoneracoes_nomeacoes_dou\LAKE\RJ\2013\09\DOERJ_PARTE_I_PODER_EXECUTIVO_2013-09-26.md
RJ,Diario Oficial do Estado do Rio de Janeiro,2013-09-26,Parte I (Poder Executivo),nomeacao,TATHIANE CESAR DOS SANTOS,,,Governador,1,Wilson Jose Witzel - Governador,Wilson Jose Witzel,Executivo estadual,sim,TATHIANE CESAR:MISC|DOS SANTOS:MISC|Tathiane Cesar Dos Santos:PER,sim,para exercer o cargo em comissão de Coordenador de Polo,da Fundação para a Infância e Adolescência - FIA/RJ,"NOMEAR TATHIANE CESAR DOS SANTOS para exercer o cargo em comissão de Coordenador de Polo, símbolo DAS-8, da Fundação para a Infância e Adolescência - FIA/RJ, da",https://www.ioerj.com.br/portal/modules/conteudoonline/mostra_edicao.php?session=VWtSRmVWSnJTVEZTYW1OMFRXcFJkMUZwTURCTmFsWkNURlJvUTA5RlNYUlNWRkUwVVZSQ1JWRjZSa1JPYWxGNFRWUmpNMDlFYTNsT2VrRjVUWGM5UFE9PQ==,D:\github\exoneracoes_nomeacoes_dou\LAKE\RJ\2013\09\DOERJ_PARTE_I_PODER_EXECUTIVO_2013-09-26.md
RJ,Diario Oficial do Estado do Rio de Janeiro,2013-09-26,Parte I (Poder Executivo),nomeacao,REGINA MARIA CAVALCANTI,3923462-2,,Governador,1,Wilson Jose Witzel - Governador,Wilson Jose Witzel,Executivo estadual,sim,REGINA:ORG|Regina Maria Cavalcanti:PER,sim,para exercer o cargo em comissão de Secretário Executivo,,"NOMEAR REGINA MARIA CAVALCANTI DA SILVA , ID Funcional nº 3923462-2, para exercer o cargo em comissão de Secretário Executivo, símbolo DAS-8, da",https://www.ioerj.com.br/portal/modules/conteudoonline/mostra_edicao.php?session=VWtSRmVWSnJTVEZTYW1OMFRXcFJkMUZwTURCTmFsWkNURlJvUTA5RlNYUlNWRkUwVVZSQ1JWRjZSa1JPYWxGNFRWUmpNMDlFYTNsT2VrRjVUWGM5UFE9PQ==,D:\github\exoneracoes_nomeacoes_dou\LAKE\RJ\2013\09\DOERJ_PARTE_I_PODER_EXECUTIVO_2013-09-26.md
RJ,Diario Oficial do Estado do Rio de Janeiro,2013-09-26,Parte I (Poder Executivo),nomeacao,ROSINALDO RODRIGUES DA CRUZ,,,Governador,1,Wilson Jose Witzel - Governador,Wilson Jose Witzel,Executivo estadual,sim,ROSINALDO RODRIGUES:MISC|Rosinaldo Rodrigues Da Cruz:PER,sim,para exercer o cargo em comissão de Assistente,da Fundação para a Infância e Adolescência - FIA/RJ,"NOMEAR ROSINALDO RODRIGUES DA CRUZ, matrícula nº 175171-8, para exercer o cargo em comissão de Assistente, símbolo DAS-6, da Fundação para a Infância e Adolescência - FIA/RJ, da",https://www.ioerj.com.br/portal/modules/conteudoonline/mostra_edicao.php?session=VWtSRmVWSnJTVEZTYW1OMFRXcFJkMUZwTURCTmFsWkNURlJvUTA5RlNYUlNWRkUwVVZSQ1JWRjZSa1JPYWxGNFRWUmpNMDlFYTNsT2VrRjVUWGM5UFE9PQ==,D:\github\exoneracoes_nomeacoes_dou\LAKE\RJ\2013\09\DOERJ_PARTE_I_PODER_EXECUTIVO_2013-09-26.md
RJ,Diario Oficial do Estado do Rio de Janeiro,2013-09-26,Parte I (Poder Executivo),exoneracao,FELIPE MOTA RIBEIRO,,,Governador,1,Wilson Jose Witzel - Governador,Wilson Jose Witzel,Executivo estadual,sim,FELIPE MOTA RIBEIRO:PER,sim,do cargo em comissão de Assistente,,"EXONERAR FELIPE MOTA RIBEIRO do cargo em comissão de Assistente, símbolo DAS-6, da",https://www.ioerj.com.br/portal/modules/conteudoonline/mostra_edicao.php?session=VWtSRmVWSnJTVEZTYW1OMFRXcFJkMUZwTURCTmFsWkNURlJvUTA5RlNYUlNWRkUwVVZSQ1JWRjZSa1JPYWxGNFRWUmpNMDlFYTNsT2VrRjVUWGM5UFE9PQ==,D:\github\exoneracoes_nomeacoes_dou\LAKE\RJ\2013\09\DOERJ_PARTE_I_PODER_EXECUTIVO_2013-09-26.md
RJ,Diario Oficial do Estado do Rio de Janeiro,2013-09-26,Parte I (Poder Executivo),exoneracao,REGINA MARIA CAVALCANTI,3923462-2,,Governador,1,Wilson Jose Witzel - Governador,Wilson Jose Witzel,Executivo estadual,sim,REGINA:ORG|Regina Maria Cavalcanti:PER,sim,do cargo em comissão de Secretário II,,"EXONERAR REGINA MARIA CAVALCANTI DA SILVA , ID Funcional nº 3923462-2, do cargo em comissão de Secretário II, símbolo DAI-5, da",https://www.ioerj.com.br/portal/modules/conteudoonline/mostra_edicao.php?session=VWtSRmVWSnJTVEZTYW1OMFRXcFJkMUZwTURCTmFsWkNURlJvUTA5RlNYUlNWRkUwVVZSQ1JWRjZSa1JPYWxGNFRWUmpNMDlFYTNsT2VrRjVUWGM5UFE9PQ==,D:\github\exoneracoes_nomeacoes_dou\LAKE\RJ\2013\09\DOERJ_PARTE_I_PODER_EXECUTIVO_2013-09-26.md
RJ,Diario Oficial do Estado do Rio de Janeiro,2013-09-26,DO Campos (Poder Executivo),nomeacao,EDILCE RANGEL,,,,,Wilson Jose Witzel - Governador,Wilson Jose Witzel,Executivo estadual,sim,EDILCE RANGEL:PER,sim,,,NOMEAR EDILCE RANGEL DO ESPÍRITO SANTO no cargo de Agente Comunitário de Saúde - Núcleo PSF Ilha de Ururaí. A mesma deverá comparecer na,https://www.ioerj.com.br/portal/modules/conteudoonline/mostra_edicao.php?session=VW1wc1FsRnFiRU5OYTBsMFVUQkdRbEpwTURCUFZFVjRURlZGZDA5RlNYUk5SRUpEVFdwbmVVNTZhekZPUkdNeFRWUmpNMDlFYTNsT2VrRjVUWGM5UFE9PQ==,D:\github\exoneracoes_nomeacoes_dou\LAKE\RJ\2013\09\DOERJ_DO_CAMPOS_PODER_EXECUTIVO_2013-09-26.md
RJ,Diario Oficial do Estado do Rio de Janeiro,2013-09-26,DO Campos (Poder Executivo),nomeacao,JETRO MEDEIROS PEREIRA NO CARGO DE ENFERMEIRO - PSF. O MESMO DEVERÁ COMPARECER À,,,,,Wilson Jose Witzel - Governador,Wilson Jose Witzel,Executivo estadual,sim,JETRO MEDEIROS PEREIRA NO CARGO DE ENFERMEIRO:MISC|PSF:MISC|Jetro Medeiros Pereira:PER,sim,,,NOMEAR JETRO MEDEIROS PEREIRA no cargo de Enfermeiro - PSF. O mesmo deverá comparecer à,https://www.ioerj.com.br/portal/modules/conteudoonline/mostra_edicao.php?session=VW1wc1FsRnFiRU5OYTBsMFVUQkdRbEpwTURCUFZFVjRURlZGZDA5RlNYUk5SRUpEVFdwbmVVNTZhekZPUkdNeFRWUmpNMDlFYTNsT2VrRjVUWGM5UFE9PQ==,D:\github\exoneracoes_nomeacoes_dou\LAKE\RJ\2013\09\DOERJ_DO_CAMPOS_PODER_EXECUTIVO_2013-09-26.md
RJ,Diario Oficial do Estado do Rio de Janeiro,2013-09-26,DO Campos (Poder Executivo),exoneracao,24 DE SETEMBRO DE 2013. DR. JOSE MANUEL CORREIA MOREIRA - PRESIDENTE / FMS,,,Secretario,5,Wilson Jose Witzel - Governador,Wilson Jose Witzel,Executivo estadual,sim,DR:ORG|MANUEL CORREIA MOREIRA:MISC|FMS:ORG|De Setembro:MISC|Dr. Jose Manuel Correia Moreira:PER,sim,,,"EXONERAR do Serviço Publico Municipal, a Tecnica de Enfermagem lotada na Unidade Pré Hospital de Saldanha Marinho, Unidade de Saúde desta Fundação, matricula 28995, Raquel Lima de Oliveira, com efeito a contar de 16/09/2012. FUNDAÇÃO MUNICIPAL DE SAÚDE, 24 DE SETEMBRO DE 2013. Dr. Jose Manuel Correia Moreira - Presidente / FMS - ##",https://www.ioerj.com.br/portal/modules/conteudoonline/mostra_edicao.php?session=VW1wc1FsRnFiRU5OYTBsMFVUQkdRbEpwTURCUFZFVjRURlZGZDA5RlNYUk5SRUpEVFdwbmVVNTZhekZPUkdNeFRWUmpNMDlFYTNsT2VrRjVUWGM5UFE9PQ==,D:\github\exoneracoes_nomeacoes_dou\LAKE\RJ\2013\09\DOERJ_DO_CAMPOS_PODER_EXECUTIVO_2013-09-26.md
RJ,Diario Oficial do Estado do Rio de Janeiro,2013-09-26,DO Campos (Poder Executivo),nomeacao,COMO RESPONSÁVEL PELA ATRIBUIÇÃO DELIMITADA NO INCISO I DO,,,Secretario,5,Wilson Jose Witzel - Governador,Wilson Jose Witzel,Executivo estadual,sim,RESPONSÁVEL:ORG|DELIMITADA:ORG|INCISO I:PER,sim,,,"NOMEAR a servidora Cintia de Souza Vieira, matrícula n° 23509, como responsável pela atribuição delimitada no inciso I do",https://www.ioerj.com.br/portal/modules/conteudoonline/mostra_edicao.php?session=VW1wc1FsRnFiRU5OYTBsMFVUQkdRbEpwTURCUFZFVjRURlZGZDA5RlNYUk5SRUpEVFdwbmVVNTZhekZPUkdNeFRWUmpNMDlFYTNsT2VrRjVUWGM5UFE9PQ==,D:\github\exoneracoes_nomeacoes_dou\LAKE\RJ\2013\09\DOERJ_DO_CAMPOS_PODER_EXECUTIVO_2013-09-26.md
RJ,Diario Oficial do Estado do Rio de Janeiro,2013-09-25,Parte I (Poder Executivo),exoneracao,MARLYUS JEFERTON,4385227-0,,,,Wilson Jose Witzel - Governador,Wilson Jose Witzel,Executivo estadual,sim,MARLYUS JEFERTON:PER,sim,do cargo em comissão de Inspetor,da Subsecretaria-Adjunta de Fiscalização,"EXONERAR MARLYUS JEFERTON DA SILVA DOMINGOS , Auditor Fiscal da Receita Estadual de 2ª Categoria, ID Funcional nº 4385227-0, do cargo em comissão de Inspetor, símbolo DAS-8, da Inspetoria de Fiscalização Especializada de Produtos Alimentícios, da Inspetoria de Fiscalização Especializada, da Subsecretaria-Adjunta de Fiscalização, da Subsecretaria de Receita, da",https://www.ioerj.com.br/portal/modules/conteudoonline/mostra_edicao.php?session=VW1wUmQwNXJUWHBQVlZsMFVXdE5lVkZwTURCT2VsRjZURlJzUTA1cVJYUlNhbWhHVWtSUk1sRlVVWGxSVkZFMFRWUmpNMDlFYTNsT2VrVXlUVkU5UFE9PQ==,D:\github\exoneracoes_nomeacoes_dou\LAKE\RJ\2013\09\DOERJ_PARTE_I_PODER_EXECUTIVO_2013-09-25.md
RJ,Diario Oficial do Estado do Rio de Janeiro,2013-09-25,Parte I (Poder Executivo),nomeacao,MÁRIO JOSÉ FEREU CANEDO,1939045-9,,Secretario,5,Wilson Jose Witzel - Governador,Wilson Jose Witzel,Executivo estadual,sim,MÁRIO JOSÉ FEREU:PER,sim,para exercer o cargo em comissão de Inspetor,da Subsecretaria-Adjunta de Fiscalização,"NOMEAR MÁRIO JOSÉ FEREU CANEDO DA CRUZ , Auditor Fiscal da Receita Estadual de 1ª Categoria, ID Funcional nº 1939045-9, para exercer o cargo em comissão de Inspetor, símbolo DAS-8, da Inspetoria de Fiscalização Especializada de Supermercados e Lojas de Departamento, da Inspetoria de Fiscalização Especializada, da Subsecretaria-Adjunta de Fiscalização, da Subsecretaria de Receita, da",https://www.ioerj.com.br/portal/modules/conteudoonline/mostra_edicao.php?session=VW1wUmQwNXJUWHBQVlZsMFVXdE5lVkZwTURCT2VsRjZURlJzUTA1cVJYUlNhbWhHVWtSUk1sRlVVWGxSVkZFMFRWUmpNMDlFYTNsT2VrVXlUVkU5UFE9PQ==,D:\github\exoneracoes_nomeacoes_dou\LAKE\RJ\2013\09\DOERJ_PARTE_I_PODER_EXECUTIVO_2013-09-25.md
RJ,Diario Oficial do Estado do Rio de Janeiro,2013-09-24,Parte I (Poder Executivo),nomeacao,JAQUELINE FERREIRA VARGAS,,,Secretario,5,Wilson Jose Witzel - Governador,Wilson Jose Witzel,Executivo estadual,sim,JAQUELINE FERREIRA VARGAS:MISC|Jaqueline Ferreira Vargas:PER,sim,para exercer o cargo em comissão de Assistente III,do Gabinete da Presidência,"NOMEAR JAQUELINE FERREIRA VARGAS para exercer o cargo em comissão de Assistente III, símbolo DAI-5, do Gabinete da Presidência, do Departamento de Trânsito do Estado do Rio de Janeiro - DETRAN/RJ, da",https://www.ioerj.com.br/portal/modules/conteudoonline/mostra_edicao.php?session=VFZWYVJVMVVTVFZPTUZWMFVWVk5OVkZwTURCTk1GWkVURlJzUTFKVVkzUlNha2w0VFhwR1FrNXJTa1JPTUZrMVRWUmpNMDlFYTNsT2VrazFUMUU5UFE9PQ==,D:\github\exoneracoes_nomeacoes_dou\LAKE\RJ\2013\09\DOERJ_PARTE_I_PODER_EXECUTIVO_2013-09-24.md
RJ,Diario Oficial do Estado do Rio de Janeiro,2013-09-24,Parte I (Poder Executivo),exoneracao,JOSÉ ELIAS,4354436-3,,Secretario,5,Wilson Jose Witzel - Governador,Wilson Jose Witzel,Executivo estadual,sim,JOSÉ ELIAS:PER,sim,do cargo em comissão de Assistente,da Subsecretaria de Infraestrutura e Tecnologia,"EXONERAR a pedido e com validade a contar de 14 de setembro de 2013, JOSÉ ELIAS DO NASCIMENTO NETO , ID Funcional nº 4354436-3, do cargo em comissão de Assistente, símbolo DAS-6, da Coordenação de Operação Escolar, da Subsecretaria de Infraestrutura e Tecnologia, da",https://www.ioerj.com.br/portal/modules/conteudoonline/mostra_edicao.php?session=VFZWYVJVMVVTVFZPTUZWMFVWVk5OVkZwTURCTk1GWkVURlJzUTFKVVkzUlNha2w0VFhwR1FrNXJTa1JPTUZrMVRWUmpNMDlFYTNsT2VrazFUMUU5UFE9PQ==,D:\github\exoneracoes_nomeacoes_dou\LAKE\RJ\2013\09\DOERJ_PARTE_I_PODER_EXECUTIVO_2013-09-24.md
RJ,Diario Oficial do Estado do Rio de Janeiro,2013-09-24,Parte I (Poder Executivo),nomeacao,CLAUDIA MARIA,574365-6,,Secretario,5,Wilson Jose Witzel - Governador,Wilson Jose Witzel,Executivo estadual,sim,MARIA:PER,sim,,da Superintendência de Gestão de Pessoas,"NOMEAR CLAUDIA MARIA DA CUNHA VIEIRA FERREIRA , ID Funcional nº 574365-6, para exercer, com validade a contar de 01 de setembro de 2013, o cargo em comissão de Assistente II, símbolo DAI-6, da Divisão de Apoio Administrativo, da Superintendência de Gestão de Pessoas, da Subsecretaria de Gestão de Pessoas, da",https://www.ioerj.com.br/portal/modules/conteudoonline/mostra_edicao.php?session=VFZWYVJVMVVTVFZPTUZWMFVWVk5OVkZwTURCTk1GWkVURlJzUTFKVVkzUlNha2w0VFhwR1FrNXJTa1JPTUZrMVRWUmpNMDlFYTNsT2VrazFUMUU5UFE9PQ==,D:\github\exoneracoes_nomeacoes_dou\LAKE\RJ\2013\09\DOERJ_PARTE_I_PODER_EXECUTIVO_2013-09-24.md
RJ,Diario Oficial do Estado do Rio de Janeiro,2013-09-24,Parte I (Poder Executivo),nomeacao,IVANY SAMEL,,,Secretario,5,Wilson Jose Witzel - Governador,Wilson Jose Witzel,Executivo estadual,sim,IVANY SAMEL:LOC|Ivany Samel:PER,sim,para exercer o cargo em comissão de Assessor,,"NOMEAR IVANY SAMEL para exercer o cargo em comissão de Assessor, símbolo DAS-8, da",https://www.ioerj.com.br/portal/modules/conteudoonline/mostra_edicao.php?session=VFZWYVJVMVVTVFZPTUZWMFVWVk5OVkZwTURCTk1GWkVURlJzUTFKVVkzUlNha2w0VFhwR1FrNXJTa1JPTUZrMVRWUmpNMDlFYTNsT2VrazFUMUU5UFE9PQ==,D:\github\exoneracoes_nomeacoes_dou\LAKE\RJ\2013\09\DOERJ_PARTE_I_PODER_EXECUTIVO_2013-09-24.md
RJ,Diario Oficial do Estado do Rio de Janeiro,2013-09-24,Parte I (Poder Executivo),nomeacao,VICTOR MATHEUS MARQUES BORGES,,,Secretario,5,Wilson Jose Witzel - Governador,Wilson Jose Witzel,Executivo estadual,sim,VICTOR MATHEUS MARQUES:PER,sim,,,"NOMEAR VICTOR MATHEUS MARQUES BORGES para exercer, com validade a contar de 01 de setembro de 2013, o cargo em comissão de Assistente, símbolo DAS-6, da",https://www.ioerj.com.br/portal/modules/conteudoonline/mostra_edicao.php?session=VFZWYVJVMVVTVFZPTUZWMFVWVk5OVkZwTURCTk1GWkVURlJzUTFKVVkzUlNha2w0VFhwR1FrNXJTa1JPTUZrMVRWUmpNMDlFYTNsT2VrazFUMUU5UFE9PQ==,D:\github\exoneracoes_nomeacoes_dou\LAKE\RJ\2013\09\DOERJ_PARTE_I_PODER_EXECUTIVO_2013-09-24.md
RJ,Diario Oficial do Estado do Rio de Janeiro,2013-09-24,Parte I (Poder Executivo),nomeacao,KARINA MACABU SARDENBE,5007371-0,,Secretario,5,Wilson Jose Witzel - Governador,Wilson Jose Witzel,Executivo estadual,sim,KARINA:MISC|MACABU SARDENBE:MISC|Karina Macabu Sardenbe:PER,sim,,,"NOMEAR KARINA MACABU SARDENBERG , ID Funcional nº 5007371-0, para exercer, com validade a contar de 16 de setembro de 2013, o cargo em comissão de Gerente de Projetos, símbolo DAS7, da",https://www.ioerj.com.br/portal/modules/conteudoonline/mostra_edicao.php?session=VFZWYVJVMVVTVFZPTUZWMFVWVk5OVkZwTURCTk1GWkVURlJzUTFKVVkzUlNha2w0VFhwR1FrNXJTa1JPTUZrMVRWUmpNMDlFYTNsT2VrazFUMUU5UFE9PQ==,D:\github\exoneracoes_nomeacoes_dou\LAKE\RJ\2013\09\DOERJ_PARTE_I_PODER_EXECUTIVO_2013-09-24.md
RJ,Diario Oficial do Estado do Rio de Janeiro,2013-09-24,Parte I (Poder Executivo),nomeacao,ANDREA TELO DE CORTE,,,Secretario,5,Wilson Jose Witzel - Governador,Wilson Jose Witzel,Executivo estadual,sim,ANDREA TELO:PER,sim,,da Fundação Anita Mantuano de Artes do Estado do Rio de Janeiro - FUNARJ,"NOMEAR ANDREA TELO DE CORTE para exercer, com validade a contar de 02 de setembro de 2013, o cargo em comissão de Encarregado II, símbolo DAI-4, da Fundação Anita Mantuano de Artes do Estado do Rio de Janeiro - FUNARJ, da",https://www.ioerj.com.br/portal/modules/conteudoonline/mostra_edicao.php?session=VFZWYVJVMVVTVFZPTUZWMFVWVk5OVkZwTURCTk1GWkVURlJzUTFKVVkzUlNha2w0VFhwR1FrNXJTa1JPTUZrMVRWUmpNMDlFYTNsT2VrazFUMUU5UFE9PQ==,D:\github\exoneracoes_nomeacoes_dou\LAKE\RJ\2013\09\DOERJ_PARTE_I_PODER_EXECUTIVO_2013-09-24.md
RJ,Diario Oficial do Estado do Rio de Janeiro,2013-09-24,Parte I (Poder Executivo),exoneracao,MEHANE ALBUQUERQUE RIBEIRO,,,Secretario,5,Wilson Jose Witzel - Governador,Wilson Jose Witzel,Executivo estadual,sim,MEHANE ALBUQUERQUE RIBEIRO:ORG|Mehane Albuquerque Ribeiro:PER,sim,do cargo de confiança de Assessora de Comunicação Social,,"EXONERAR Mehane Albuquerque Ribeiro do cargo de confiança de Assessora de Comunicação Social, símbolo CC-02, desta Imprensa Oficial do Estado do Rio de Janeiro",https://www.ioerj.com.br/portal/modules/conteudoonline/mostra_edicao.php?session=VFZWYVJVMVVTVFZPTUZWMFVWVk5OVkZwTURCTk1GWkVURlJzUTFKVVkzUlNha2w0VFhwR1FrNXJTa1JPTUZrMVRWUmpNMDlFYTNsT2VrazFUMUU5UFE9PQ==,D:\github\exoneracoes_nomeacoes_dou\LAKE\RJ\2013\09\DOERJ_PARTE_I_PODER_EXECUTIVO_2013-09-24.md
RJ,Diario Oficial do Estado do Rio de Janeiro,2013-09-20,Parte I (Poder Executivo),exoneracao,NÍCHOLAS RIBEIRO,,,Governador,1,Wilson Jose Witzel - Governador,Wilson Jose Witzel,Executivo estadual,sim,RIBEIRO:LOC|Nícholas Ribeiro:PER,sim,do cargo efetivo de Analista de Gestão e Planejamento,do Departamento de Trânsito do Estado do Rio de Janeiro - DETRAN/RJ,"EXONERAR a pedido, NÍCHOLAS RIBEIRO DA COSTA CARDOSO , matrícula nº 24/004.507-0, do cargo efetivo de Analista de Gestão e Planejamento, do Departamento de Trânsito do Estado do Rio de Janeiro - DETRAN/RJ, da",https://www.ioerj.com.br/portal/modules/conteudoonline/mostra_edicao.php?session=VVd0Tk1VMUVaRVpTUkVWMFQwVk9SRTVETURCUmFtY3lURlZLUkUxNlozUk5SVXBIVG1wR1IwOVVVa1JOUlZwRVRWUmpNMDlFYTNsUFJFRjRUa0U5UFE9PQ==,D:\github\exoneracoes_nomeacoes_dou\LAKE\RJ\2013\09\DOERJ_PARTE_I_PODER_EXECUTIVO_2013-09-20.md
RJ,Diario Oficial do Estado do Rio de Janeiro,2013-09-20,Parte I (Poder Executivo),exoneracao,JULIANA LEAL FERREIRA DE OLIVEIRA,,,Governador,1,Wilson Jose Witzel - Governador,Wilson Jose Witzel,Executivo estadual,sim,OLIVEIRA:ORG|Juliana Leal Ferreira De Oliveira:PER,sim,do cargo efetivo de Analista de Identificação Civil,do Departamento de Trânsito do Estado do Rio de Janeiro DETRAN/RJ,"EXONERAR a pedido, JULIANA LEAL FERREIRA DE OLIVEIRA, matrícula nº 24/004.524-5, do cargo efetivo de Analista de Identificação Civil, do Departamento de Trânsito do Estado do Rio de Janeiro DETRAN/RJ, da",https://www.ioerj.com.br/portal/modules/conteudoonline/mostra_edicao.php?session=VVd0Tk1VMUVaRVpTUkVWMFQwVk9SRTVETURCUmFtY3lURlZLUkUxNlozUk5SVXBIVG1wR1IwOVVVa1JOUlZwRVRWUmpNMDlFYTNsUFJFRjRUa0U5UFE9PQ==,D:\github\exoneracoes_nomeacoes_dou\LAKE\RJ\2013\09\DOERJ_PARTE_I_PODER_EXECUTIVO_2013-09-20.md
RJ,Diario Oficial do Estado do Rio de Janeiro,2013-09-20,Parte I (Poder Executivo),exoneracao,DAIQUE ALEXANDRE NONATO DE SOUZA,,,Governador,1,Wilson Jose Witzel - Governador,Wilson Jose Witzel,Executivo estadual,sim,DAIQUE:MISC|NONATO:ORG|SOUZA:LOC|Daique Alexandre Nonato De Souza:PER,sim,do cargo efetivo de Analista Contábil,do Departamento de Trânsito do Estado do Rio de Janeiro - DETRAN/RJ,"EXONERAR a pedido, DAIQUE ALEXANDRE NONATO DE SOUZA, matrícula nº 24/003.300-1, do cargo efetivo de Analista Contábil, do Departamento de Trânsito do Estado do Rio de Janeiro - DETRAN/RJ, da",https://www.ioerj.com.br/portal/modules/conteudoonline/mostra_edicao.php?session=VVd0Tk1VMUVaRVpTUkVWMFQwVk9SRTVETURCUmFtY3lURlZLUkUxNlozUk5SVXBIVG1wR1IwOVVVa1JOUlZwRVRWUmpNMDlFYTNsUFJFRjRUa0U5UFE9PQ==,D:\github\exoneracoes_nomeacoes_dou\LAKE\RJ\2013\09\DOERJ_PARTE_I_PODER_EXECUTIVO_2013-09-20.md
RJ,Diario Oficial do Estado do Rio de Janeiro,2013-09-20,Parte I (Poder Executivo),nomeacao,MARCELO SALLES MONIZ,,,Secretario,5,Wilson Jose Witzel - Governador,Wilson Jose Witzel,Executivo estadual,sim,MARCELO SALLES MONIZ:MISC|Marcelo Salles Moniz:PER,sim,,,"NOMEAR MARCELO SALLES MONIZ para exercer, com validade a contar de 26 de agosto de 2013, o cargo em comissão de Assessor, símbolo DAS-8, da",https://www.ioerj.com.br/portal/modules/conteudoonline/mostra_edicao.php?session=VVd0Tk1VMUVaRVpTUkVWMFQwVk9SRTVETURCUmFtY3lURlZLUkUxNlozUk5SVXBIVG1wR1IwOVVVa1JOUlZwRVRWUmpNMDlFYTNsUFJFRjRUa0U5UFE9PQ==,D:\github\exoneracoes_nomeacoes_dou\LAKE\RJ\2013\09\DOERJ_PARTE_I_PODER_EXECUTIVO_2013-09-20.md
RJ,Diario Oficial do Estado do Rio de Janeiro,2013-09-20,Parte I (Poder Executivo),nomeacao,PAULO ROBERTO DA CRUZ,,,Secretario,5,Wilson Jose Witzel - Governador,Wilson Jose Witzel,Executivo estadual,sim,Paulo Roberto:PER,sim,,,"NOMEAR PAULO ROBERTO DA CRUZ para exercer, com validade a contar de 31 de agosto de 2013, o cargo em comissão de Assistente II, símbolo DAI-6, da",https://www.ioerj.com.br/portal/modules/conteudoonline/mostra_edicao.php?session=VVd0Tk1VMUVaRVpTUkVWMFQwVk9SRTVETURCUmFtY3lURlZLUkUxNlozUk5SVXBIVG1wR1IwOVVVa1JOUlZwRVRWUmpNMDlFYTNsUFJFRjRUa0U5UFE9PQ==,D:\github\exoneracoes_nomeacoes_dou\LAKE\RJ\2013\09\DOERJ_PARTE_I_PODER_EXECUTIVO_2013-09-20.md
RJ,Diario Oficial do Estado do Rio de Janeiro,2013-09-20,Parte I (Poder Executivo),nomeacao,GABRIEL DA MOTTA COSTA,,,Secretario,5,Wilson Jose Witzel - Governador,Wilson Jose Witzel,Executivo estadual,sim,GABRIEL:MISC|MOTTA COSTA:MISC|Gabriel Da Motta Costa:PER,sim,,,"NOMEAR GABRIEL DA MOTTA COSTA para exercer, com validade a contar de 11 de setembro de 2013, o cargo em comissão de Ajudante I, símbolo DAI-1, da",https://www.ioerj.com.br/portal/modules/conteudoonline/mostra_edicao.php?session=VVd0Tk1VMUVaRVpTUkVWMFQwVk9SRTVETURCUmFtY3lURlZLUkUxNlozUk5SVXBIVG1wR1IwOVVVa1JOUlZwRVRWUmpNMDlFYTNsUFJFRjRUa0U5UFE9PQ==,D:\github\exoneracoes_nomeacoes_dou\LAKE\RJ\2013\09\DOERJ_PARTE_I_PODER_EXECUTIVO_2013-09-20.md
RJ,Diario Oficial do Estado do Rio de Janeiro,2013-09-20,Parte I (Poder Executivo),exoneracao,ELIANE SILVA,1939526-4,,Secretario,5,Wilson Jose Witzel - Governador,Wilson Jose Witzel,Executivo estadual,sim,ELIANE SILVA:PER,sim,do cargo em comissão de Assistente II,,"EXONERAR com validade a contar de 16 de setembro de 2013, ELIANE SILVA DA SILVEIRA , Agente de Fazenda B, ID Funcional nº 1939526-4, do cargo em comissão de Assistente II, símbolo DAI-6, da Junta de Revisão Fiscal, da",https://www.ioerj.com.br/portal/modules/conteudoonline/mostra_edicao.php?session=VVd0Tk1VMUVaRVpTUkVWMFQwVk9SRTVETURCUmFtY3lURlZLUkUxNlozUk5SVXBIVG1wR1IwOVVVa1JOUlZwRVRWUmpNMDlFYTNsUFJFRjRUa0U5UFE9PQ==,D:\github\exoneracoes_nomeacoes_dou\LAKE\RJ\2013\09\DOERJ_PARTE_I_PODER_EXECUTIVO_2013-09-20.md
RJ,Diario Oficial do Estado do Rio de Janeiro,2013-09-20,Parte I (Poder Executivo),nomeacao,VANESSA DA SILVA,,,Secretario,5,Wilson Jose Witzel - Governador,Wilson Jose Witzel,Executivo estadual,sim,VANESSA DA SILVA:PER,sim,,da Subsecretaria-Adjunta de Fiscalização,"NOMEAR VANESSA DA SILVA para exercer, com validade a contar de 13 de setembro de 2013, o cargo em comissão de Secretário II, símbolo DAI-5, da Subsecretaria-Adjunta de Fiscalização, da Subsecretaria de Receita, da",https://www.ioerj.com.br/portal/modules/conteudoonline/mostra_edicao.php?session=VVd0Tk1VMUVaRVpTUkVWMFQwVk9SRTVETURCUmFtY3lURlZLUkUxNlozUk5SVXBIVG1wR1IwOVVVa1JOUlZwRVRWUmpNMDlFYTNsUFJFRjRUa0U5UFE9PQ==,D:\github\exoneracoes_nomeacoes_dou\LAKE\RJ\2013\09\DOERJ_PARTE_I_PODER_EXECUTIVO_2013-09-20.md
RJ,Diario Oficial do Estado do Rio de Janeiro,2013-09-20,Parte I (Poder Executivo),nomeacao,ANGELO MARCIO LIGIERO DE SOUZA,,,Secretario,5,Wilson Jose Witzel - Governador,Wilson Jose Witzel,Executivo estadual,sim,Marcio Ligiero De Souza:PER,sim,para exercer o cargo em comissão de Assessor,da Superintendência de Obras Rodoviárias,"NOMEAR ANGELO MARCIO LIGIERO DE SOUZA para exercer o cargo em comissão de Assessor, símbolo DAS-7, da Coordenação de Obras Rodoviárias, da Superintendência de Obras Rodoviárias, da Subsecretaria de Obras Rodoviárias e Mobilidade Urbana, da",https://www.ioerj.com.br/portal/modules/conteudoonline/mostra_edicao.php?session=VVd0Tk1VMUVaRVpTUkVWMFQwVk9SRTVETURCUmFtY3lURlZLUkUxNlozUk5SVXBIVG1wR1IwOVVVa1JOUlZwRVRWUmpNMDlFYTNsUFJFRjRUa0U5UFE9PQ==,D:\github\exoneracoes_nomeacoes_dou\LAKE\RJ\2013\09\DOERJ_PARTE_I_PODER_EXECUTIVO_2013-09-20.md
RJ,Diario Oficial do Estado do Rio de Janeiro,2013-09-20,Parte I (Poder Executivo),exoneracao,RICARDO ALVES,2052837-0,,Secretario,5,Wilson Jose Witzel - Governador,Wilson Jose Witzel,Executivo estadual,sim,RICARDO ALVES:PER,sim,do cargo em comissão de Assessor-Chefe,do Instituto de Terras e Cartografia do Estado do Rio de Janeiro -ITERJ,"EXONERAR com validade a contar de 01 de setembro de 2013, RICARDO ALVES DA SILVA , ID Funcional nº 2052837-0, do cargo em comissão de Assessor-Chefe, símbolo DAS-8, da Assessoria de Planejamento, do Instituto de Terras e Cartografia do Estado do Rio de Janeiro -ITERJ, da",https://www.ioerj.com.br/portal/modules/conteudoonline/mostra_edicao.php?session=VVd0Tk1VMUVaRVpTUkVWMFQwVk9SRTVETURCUmFtY3lURlZLUkUxNlozUk5SVXBIVG1wR1IwOVVVa1JOUlZwRVRWUmpNMDlFYTNsUFJFRjRUa0U5UFE9PQ==,D:\github\exoneracoes_nomeacoes_dou\LAKE\RJ\2013\09\DOERJ_PARTE_I_PODER_EXECUTIVO_2013-09-20.md
RJ,Diario Oficial do Estado do Rio de Janeiro,2013-09-20,Parte I (Poder Executivo),nomeacao,SOLANGE MARIA GOMES,,,Secretario,5,Wilson Jose Witzel - Governador,Wilson Jose Witzel,Executivo estadual,sim,SOLANGE:MISC|MARIA GOMES:MISC|Maria Gomes:PER,sim,,do Instituto de Terras e Cartografia do Estado do Rio de Janeiro -ITERJ,"NOMEAR SOLANGE MARIA GOMES para exercer, com validade a contar de 01 de setembro de 2013, o cargo em comissão de Auxiliar Técnico II, símbolo DAS-6, do Instituto de Terras e Cartografia do Estado do Rio de Janeiro -ITERJ, da",https://www.ioerj.com.br/portal/modules/conteudoonline/mostra_edicao.php?session=VVd0Tk1VMUVaRVpTUkVWMFQwVk9SRTVETURCUmFtY3lURlZLUkUxNlozUk5SVXBIVG1wR1IwOVVVa1JOUlZwRVRWUmpNMDlFYTNsUFJFRjRUa0U5UFE9PQ==,D:\github\exoneracoes_nomeacoes_dou\LAKE\RJ\2013\09\DOERJ_PARTE_I_PODER_EXECUTIVO_2013-09-20.md
RJ,Diario Oficial do Estado do Rio de Janeiro,2013-09-20,Parte I (Poder Executivo),nomeacao,LEONARDO OLIVEIRA SILVEIRA SANTOS,,,Secretario,5,Wilson Jose Witzel - Governador,Wilson Jose Witzel,Executivo estadual,sim,LEONARDO OLIVEIRA SILVEIRA SANTOS:MISC|Leonardo Oliveira Silveira Santos:PER,sim,,,"NOMEAR LEONARDO OLIVEIRA SILVEIRA SANTOS para exercer, com validade a contar de 01 de setembro de 2013, o cargo em comissão de Secretário, símbolo DAI-4, da",https://www.ioerj.com.br/portal/modules/conteudoonline/mostra_edicao.php?session=VVd0Tk1VMUVaRVpTUkVWMFQwVk9SRTVETURCUmFtY3lURlZLUkUxNlozUk5SVXBIVG1wR1IwOVVVa1JOUlZwRVRWUmpNMDlFYTNsUFJFRjRUa0U5UFE9PQ==,D:\github\exoneracoes_nomeacoes_dou\LAKE\RJ\2013\09\DOERJ_PARTE_I_PODER_EXECUTIVO_2013-09-20.md
RJ,Diario Oficial do Estado do Rio de Janeiro,2013-09-20,Parte I (Poder Executivo),nomeacao,MARIANA KISSA SOARES DOS SANTOS,,,Secretario,5,Wilson Jose Witzel - Governador,Wilson Jose Witzel,Executivo estadual,sim,MARIANA KISSA:MISC|DOS SANTOS:MISC|Mariana Kissa Soares Dos Santos:PER,sim,,,"NOMEAR MARIANA KISSA SOARES DOS SANTOS para exercer, com validade a contar de 02 de setembro de 2013, o cargo em comissão de Assistente II, símbolo DAI-6, da",https://www.ioerj.com.br/portal/modules/conteudoonline/mostra_edicao.php?session=VVd0Tk1VMUVaRVpTUkVWMFQwVk9SRTVETURCUmFtY3lURlZLUkUxNlozUk5SVXBIVG1wR1IwOVVVa1JOUlZwRVRWUmpNMDlFYTNsUFJFRjRUa0U5UFE9PQ==,D:\github\exoneracoes_nomeacoes_dou\LAKE\RJ\2013\09\DOERJ_PARTE_I_PODER_EXECUTIVO_2013-09-20.md
RJ,Diario Oficial do Estado do Rio de Janeiro,2013-09-20,Parte I (Poder Executivo),nomeacao,DENILSON ALBINO DA SILVA,,,Secretario,5,Wilson Jose Witzel - Governador,Wilson Jose Witzel,Executivo estadual,sim,DENILSON ALBINO DA SILVA:MISC|Denilson Albino Da Silva:PER,sim,,,"NOMEAR DENILSON ALBINO DA SILVA para exercer, com validade a contar de 02 de setembro de 2013, o cargo em comissão de Assistente II, símbolo DAI-6, da",https://www.ioerj.com.br/portal/modules/conteudoonline/mostra_edicao.php?session=VVd0Tk1VMUVaRVpTUkVWMFQwVk9SRTVETURCUmFtY3lURlZLUkUxNlozUk5SVXBIVG1wR1IwOVVVa1JOUlZwRVRWUmpNMDlFYTNsUFJFRjRUa0U5UFE9PQ==,D:\github\exoneracoes_nomeacoes_dou\LAKE\RJ\2013\09\DOERJ_PARTE_I_PODER_EXECUTIVO_2013-09-20.md
RJ,Diario Oficial do Estado do Rio de Janeiro,2013-09-20,Parte I (Poder Executivo),nomeacao,ANTONIO LYSIAS DUARTE RANGEL,,,Secretario,5,Wilson Jose Witzel - Governador,Wilson Jose Witzel,Executivo estadual,sim,ANTONIO LYSIAS DUARTE RANGEL:MISC|Antonio Lysias Duarte Rangel:PER,sim,,da Fundação Anita Mantuano de Artes do Estado do Rio de Janeiro - FUNARJ,"NOMEAR ANTONIO LYSIAS DUARTE RANGEL para exercer, com validade a contar de 06 de setembro de 2013, o cargo em comissão de Coordenador de Área, símbolo DAI-6, da Coordenadoria Técnica, da Diretoria de Artes Cênicas e Música, da Fundação Anita Mantuano de Artes do Estado do Rio de Janeiro - FUNARJ, da",https://www.ioerj.com.br/portal/modules/conteudoonline/mostra_edicao.php?session=VVd0Tk1VMUVaRVpTUkVWMFQwVk9SRTVETURCUmFtY3lURlZLUkUxNlozUk5SVXBIVG1wR1IwOVVVa1JOUlZwRVRWUmpNMDlFYTNsUFJFRjRUa0U5UFE9PQ==,D:\github\exoneracoes_nomeacoes_dou\LAKE\RJ\2013\09\DOERJ_PARTE_I_PODER_EXECUTIVO_2013-09-20.md
RJ,Diario Oficial do Estado do Rio de Janeiro,2013-09-20,Parte I (Poder Executivo),exoneracao,LUIZ CARLOS DA SILVA SANTOS,,,Secretario,5,Wilson Jose Witzel - Governador,Wilson Jose Witzel,Executivo estadual,sim,LUIZ CARLOS DA SILVA SANTOS:PER,sim,do cargo em comissão de Encarregado Técnico,da Fundação Teatro Municipal do Rio de Janeiro - FTM/RJ,"EXONERAR com validade a contar de 27 de agosto de 2013, LUIZ CARLOS DA SILVA SANTOS do cargo em comissão de Encarregado Técnico, símbolo DAI-5, da Fundação Teatro Municipal do Rio de Janeiro - FTM/RJ, da",https://www.ioerj.com.br/portal/modules/conteudoonline/mostra_edicao.php?session=VVd0Tk1VMUVaRVpTUkVWMFQwVk9SRTVETURCUmFtY3lURlZLUkUxNlozUk5SVXBIVG1wR1IwOVVVa1JOUlZwRVRWUmpNMDlFYTNsUFJFRjRUa0U5UFE9PQ==,D:\github\exoneracoes_nomeacoes_dou\LAKE\RJ\2013\09\DOERJ_PARTE_I_PODER_EXECUTIVO_2013-09-20.md
RJ,Diario Oficial do Estado do Rio de Janeiro,2013-09-20,Parte I (Poder Executivo),nomeacao,NAYARA RODRIGUES SERENO,,,Secretario,5,Wilson Jose Witzel - Governador,Wilson Jose Witzel,Executivo estadual,sim,Nayara Rodrigues Sereno:PER,sim,,da Fundação Anita Mantuano de Artes do Estado do Rio de Janeiro -FUNARJ,"NOMEAR NAYARA RODRIGUES SERENO para exercer, com validade a contar de 01 de agosto de 2013, o cargo em comissão de Encarregado II, símbolo DAI-4, da Fundação Anita Mantuano de Artes do Estado do Rio de Janeiro -FUNARJ, da",https://www.ioerj.com.br/portal/modules/conteudoonline/mostra_edicao.php?session=VVd0Tk1VMUVaRVpTUkVWMFQwVk9SRTVETURCUmFtY3lURlZLUkUxNlozUk5SVXBIVG1wR1IwOVVVa1JOUlZwRVRWUmpNMDlFYTNsUFJFRjRUa0U5UFE9PQ==,D:\github\exoneracoes_nomeacoes_dou\LAKE\RJ\2013\09\DOERJ_PARTE_I_PODER_EXECUTIVO_2013-09-20.md
RJ,Diario Oficial do Estado do Rio de Janeiro,2013-09-20,Parte I (Poder Executivo),nomeacao,RÔMULO KOZLOWSKI VALLE,,,Secretario,5,Wilson Jose Witzel - Governador,Wilson Jose Witzel,Executivo estadual,sim,RÔMULO KOZLOWSKI VALLE:PER,sim,,,"NOMEAR RÔMULO KOZLOWSKI VALLE para exercer, com validade a contar de 17 de setembro de 2013, o cargo em comissão de Assessor, símbolo DAS-7, da",https://www.ioerj.com.br/portal/modules/conteudoonline/mostra_edicao.php?session=VVd0Tk1VMUVaRVpTUkVWMFQwVk9SRTVETURCUmFtY3lURlZLUkUxNlozUk5SVXBIVG1wR1IwOVVVa1JOUlZwRVRWUmpNMDlFYTNsUFJFRjRUa0U5UFE9PQ==,D:\github\exoneracoes_nomeacoes_dou\LAKE\RJ\2013\09\DOERJ_PARTE_I_PODER_EXECUTIVO_2013-09-20.md
RJ,Diario Oficial do Estado do Rio de Janeiro,2013-09-20,Parte I (Poder Executivo),exoneracao,CARLOS PINHEIRO CHAMBERS RAMOS,,,Secretario,5,Wilson Jose Witzel - Governador,Wilson Jose Witzel,Executivo estadual,sim,CARLOS PINHEIRO CHAMBERS RAMOS:PER,sim,do cargo em comissão de Assessor,,"EXONERAR CARLOS PINHEIRO CHAMBERS RAMOS do cargo em comissão de Assessor, símbolo DAS-8, da",https://www.ioerj.com.br/portal/modules/conteudoonline/mostra_edicao.php?session=VVd0Tk1VMUVaRVpTUkVWMFQwVk9SRTVETURCUmFtY3lURlZLUkUxNlozUk5SVXBIVG1wR1IwOVVVa1JOUlZwRVRWUmpNMDlFYTNsUFJFRjRUa0U5UFE9PQ==,D:\github\exoneracoes_nomeacoes_dou\LAKE\RJ\2013\09\DOERJ_PARTE_I_PODER_EXECUTIVO_2013-09-20.md
RJ,Diario Oficial do Estado do Rio de Janeiro,2013-09-19,Parte I (Poder Executivo),nomeacao,CARLOS PINHEIRO CHAMBERS RAMOS,,,Governador,1,Wilson Jose Witzel - Governador,Wilson Jose Witzel,Executivo estadual,sim,CARLOS PINHEIRO CHAMBERS RAMOS:PER,sim,para exercer o cargo em comissão de Subsecretário de Estado,da Subsecretaria de Obras de Saneamento,"NOMEAR CARLOS PINHEIRO CHAMBERS RAMOS para exercer o cargo em comissão de Subsecretário de Estado, símbolo SS, da Subsecretaria de Obras de Saneamento, da",https://www.ioerj.com.br/portal/modules/conteudoonline/mostra_edicao.php?session=VDBWYVJGSnFWWGRTVkVsMFRXcHNRbEZwTURCU1ZFWkdURlZGZWsxcldYUk9SRWsxVW1wVk0xSnJVa05TYTFWNlRWUmpNMDlFYTNsUFJGRXhUVkU5UFE9PQ==,D:\github\exoneracoes_nomeacoes_dou\LAKE\RJ\2013\09\DOERJ_PARTE_I_PODER_EXECUTIVO_2013-09-19.md
RJ,Diario Oficial do Estado do Rio de Janeiro,2013-09-19,Parte I (Poder Executivo),nomeacao,LUCAS DA SILVA MACHADO,,,Secretario,5,Wilson Jose Witzel - Governador,Wilson Jose Witzel,Executivo estadual,sim,LUCAS DA SILVA:PER,sim,para exercer o cargo em comissão de Assistente,,"NOMEAR LUCAS DA SILVA MACHADO para exercer o cargo em comissão de Assistente, símbolo DAS-6, da",https://www.ioerj.com.br/portal/modules/conteudoonline/mostra_edicao.php?session=VDBWYVJGSnFWWGRTVkVsMFRXcHNRbEZwTURCU1ZFWkdURlZGZWsxcldYUk9SRWsxVW1wVk0xSnJVa05TYTFWNlRWUmpNMDlFYTNsUFJGRXhUVkU5UFE9PQ==,D:\github\exoneracoes_nomeacoes_dou\LAKE\RJ\2013\09\DOERJ_PARTE_I_PODER_EXECUTIVO_2013-09-19.md
RJ,Diario Oficial do Estado do Rio de Janeiro,2013-09-19,Parte I (Poder Executivo),nomeacao,LUIZ PAULO YPARRAGUIRRE OLIVEIRA LOPES,,,Secretario,5,Wilson Jose Witzel - Governador,Wilson Jose Witzel,Executivo estadual,sim,LUIZ PAULO YPARRAGUIRRE OLIVEIRA LOPES:PER,sim,para exercer o cargo em comissão de Assistente,,"NOMEAR LUIZ PAULO YPARRAGUIRRE OLIVEIRA LOPES para exercer o cargo em comissão de Assistente, símbolo DAS-6, do Fundo Único de Previdência Social do Estado do Rio de Janeiro -RIOPREVIDÊNCIA, da",https://www.ioerj.com.br/portal/modules/conteudoonline/mostra_edicao.php?session=VDBWYVJGSnFWWGRTVkVsMFRXcHNRbEZwTURCU1ZFWkdURlZGZWsxcldYUk9SRWsxVW1wVk0xSnJVa05TYTFWNlRWUmpNMDlFYTNsUFJGRXhUVkU5UFE9PQ==,D:\github\exoneracoes_nomeacoes_dou\LAKE\RJ\2013\09\DOERJ_PARTE_I_PODER_EXECUTIVO_2013-09-19.md
RJ,Diario Oficial do Estado do Rio de Janeiro,2013-09-19,Parte I (Poder Executivo),nomeacao,FLÁVIA ZAIDEN MARCOLINO,,,Secretario,5,Wilson Jose Witzel - Governador,Wilson Jose Witzel,Executivo estadual,sim,FLÁVIA ZAIDEN MARCOLINO:MISC|Flávia Zaiden Marcolino:PER,sim,para exercer o cargo em comissão de Assistente,,"NOMEAR FLÁVIA ZAIDEN MARCOLINO para exercer o cargo em comissão de Assistente, símbolo DAS-6, do Fundo Único de Previdência Social do Estado do Rio de Janeiro - RIOPREVIDÊNCIA, da",https://www.ioerj.com.br/portal/modules/conteudoonline/mostra_edicao.php?session=VDBWYVJGSnFWWGRTVkVsMFRXcHNRbEZwTURCU1ZFWkdURlZGZWsxcldYUk9SRWsxVW1wVk0xSnJVa05TYTFWNlRWUmpNMDlFYTNsUFJGRXhUVkU5UFE9PQ==,D:\github\exoneracoes_nomeacoes_dou\LAKE\RJ\2013\09\DOERJ_PARTE_I_PODER_EXECUTIVO_2013-09-19.md
RJ,Diario Oficial do Estado do Rio de Janeiro,2013-09-19,Parte I (Poder Executivo),nomeacao,ANDERMANN NEVES KUNSCH,,,Secretario,5,Wilson Jose Witzel - Governador,Wilson Jose Witzel,Executivo estadual,sim,ANDERMANN NEVES KUNSCH:MISC|Andermann Neves Kunsch:PER,sim,para exercer o cargo em comissão de Assessor,,"NOMEAR ANDERMANN NEVES KUNSCH para exercer o cargo em comissão de Assessor, símbolo DAS-8, da",https://www.ioerj.com.br/portal/modules/conteudoonline/mostra_edicao.php?session=VDBWYVJGSnFWWGRTVkVsMFRXcHNRbEZwTURCU1ZFWkdURlZGZWsxcldYUk9SRWsxVW1wVk0xSnJVa05TYTFWNlRWUmpNMDlFYTNsUFJGRXhUVkU5UFE9PQ==,D:\github\exoneracoes_nomeacoes_dou\LAKE\RJ\2013\09\DOERJ_PARTE_I_PODER_EXECUTIVO_2013-09-19.md
RJ,Diario Oficial do Estado do Rio de Janeiro,2013-09-19,Parte I (Poder Executivo),nomeacao,CARLOTA MARQUES MARTINS,,,Secretario,5,Wilson Jose Witzel - Governador,Wilson Jose Witzel,Executivo estadual,sim,MARQUES MARTINS:MISC|Carlota Marques Martins:PER,sim,para exercer o cargo em comissão de Coordenador,da Superintendência de Obras Rodoviárias,"NOMEAR CARLOTA MARQUES MARTINS para exercer o cargo em comissão de Coordenador, símbolo DAS-8, da Coordenação de Acompanhamento de Contratos, da Superintendência de Obras Rodoviárias, da Subsecretaria de Obras Rodoviárias e Mobilidade Urbana, da",https://www.ioerj.com.br/portal/modules/conteudoonline/mostra_edicao.php?session=VDBWYVJGSnFWWGRTVkVsMFRXcHNRbEZwTURCU1ZFWkdURlZGZWsxcldYUk9SRWsxVW1wVk0xSnJVa05TYTFWNlRWUmpNMDlFYTNsUFJGRXhUVkU5UFE9PQ==,D:\github\exoneracoes_nomeacoes_dou\LAKE\RJ\2013\09\DOERJ_PARTE_I_PODER_EXECUTIVO_2013-09-19.md
RJ,Diario Oficial do Estado do Rio de Janeiro,2013-09-19,Parte I (Poder Executivo),exoneracao,CARLOTA MARQUES MARTINS,,,Secretario,5,Wilson Jose Witzel - Governador,Wilson Jose Witzel,Executivo estadual,sim,MARQUES MARTINS:MISC|Carlota Marques Martins:PER,sim,do cargo em comissão de Assessor,da Superintendência de Obras Rodoviárias,"EXONERAR CARLOTA MARQUES MARTINS do cargo em comissão de Assessor, símbolo DAS-7, da Coordenação de Obras Rodoviárias, da Superintendência de Obras Rodoviárias, da Subsecretaria de Obras Rodoviárias e Mobilidade Urbana, da",https://www.ioerj.com.br/portal/modules/conteudoonline/mostra_edicao.php?session=VDBWYVJGSnFWWGRTVkVsMFRXcHNRbEZwTURCU1ZFWkdURlZGZWsxcldYUk9SRWsxVW1wVk0xSnJVa05TYTFWNlRWUmpNMDlFYTNsUFJGRXhUVkU5UFE9PQ==,D:\github\exoneracoes_nomeacoes_dou\LAKE\RJ\2013\09\DOERJ_PARTE_I_PODER_EXECUTIVO_2013-09-19.md
RJ,Diario Oficial do Estado do Rio de Janeiro,2013-09-19,Parte I (Poder Executivo),exoneracao,TENENTE-CORONEL PM,2443205-9,,Secretario,5,Wilson Jose Witzel - Governador,Wilson Jose Witzel,Executivo estadual,sim,Tenente-Coronel Pm:PER,sim,do cargo em comissão de Coordenador-Adjunto,,"EXONERAR com validade a contar de 09 de agosto de 2013, CESAR TEIXEIRA BARBOZA , Tenente-Coronel PM, ID Funcional nº 2443205-9, do cargo em comissão de Coordenador-Adjunto, símbolo DAS-8, da Polícia Militar do Estado do Rio de Janeiro, da",https://www.ioerj.com.br/portal/modules/conteudoonline/mostra_edicao.php?session=VDBWYVJGSnFWWGRTVkVsMFRXcHNRbEZwTURCU1ZFWkdURlZGZWsxcldYUk9SRWsxVW1wVk0xSnJVa05TYTFWNlRWUmpNMDlFYTNsUFJGRXhUVkU5UFE9PQ==,D:\github\exoneracoes_nomeacoes_dou\LAKE\RJ\2013\09\DOERJ_PARTE_I_PODER_EXECUTIVO_2013-09-19.md
RJ,Diario Oficial do Estado do Rio de Janeiro,2013-09-19,Parte I (Poder Executivo),nomeacao,MARTA DE FÁTIMA LIMA BARBOSA,,,Secretario,5,Wilson Jose Witzel - Governador,Wilson Jose Witzel,Executivo estadual,sim,MARTA:ORG|DE FÁTIMA:ORG|Marta De Fátima Lima Barbosa:PER,sim,,da Fundação de Apoio à Escola Técnica do Estado do Rio de Janeiro - FAETEC,"NOMEAR MARTA DE FÁTIMA LIMA BARBOSA para exercer, com validade a contar de 06 de maio de 2013, o cargo em comissão de Diretor, símbolo DAS-8, da Escola Técnica em Saúde Enfermeira Isabel dos Santos, da Fundação de Apoio à Escola Técnica do Estado do Rio de Janeiro - FAETEC, da",https://www.ioerj.com.br/portal/modules/conteudoonline/mostra_edicao.php?session=VDBWYVJGSnFWWGRTVkVsMFRXcHNRbEZwTURCU1ZFWkdURlZGZWsxcldYUk9SRWsxVW1wVk0xSnJVa05TYTFWNlRWUmpNMDlFYTNsUFJGRXhUVkU5UFE9PQ==,D:\github\exoneracoes_nomeacoes_dou\LAKE\RJ\2013\09\DOERJ_PARTE_I_PODER_EXECUTIVO_2013-09-19.md
RJ,Diario Oficial do Estado do Rio de Janeiro,2013-09-19,Parte I (Poder Executivo),nomeacao,INÊS CHADA RIBEIRO,,,Secretario,5,Wilson Jose Witzel - Governador,Wilson Jose Witzel,Executivo estadual,sim,INÊS CHADA RIBEIRO:PER,sim,,,"NOMEAR INÊS CHADA RIBEIRO para exercer, com validade a contar de 02 de setembro de 2013, o cargo em comissão de Assistente II, símbolo DAI-6, da",https://www.ioerj.com.br/portal/modules/conteudoonline/mostra_edicao.php?session=VDBWYVJGSnFWWGRTVkVsMFRXcHNRbEZwTURCU1ZFWkdURlZGZWsxcldYUk9SRWsxVW1wVk0xSnJVa05TYTFWNlRWUmpNMDlFYTNsUFJGRXhUVkU5UFE9PQ==,D:\github\exoneracoes_nomeacoes_dou\LAKE\RJ\2013\09\DOERJ_PARTE_I_PODER_EXECUTIVO_2013-09-19.md
RJ,Diario Oficial do Estado do Rio de Janeiro,2013-09-19,Parte I (Poder Executivo),nomeacao,FELIPE LEMOS MORAES,,,Secretario,5,Wilson Jose Witzel - Governador,Wilson Jose Witzel,Executivo estadual,sim,FELIPE LEMOS:LOC|Felipe Lemos Moraes:PER,sim,,da Fundação Teatro Municipal do Rio de Janeiro -FTM/RJ,"NOMEAR FELIPE LEMOS MORAES para exercer, com validade a contar de 02 de setembro de 2013, o cargo em comissão de Encarregado, símbolo DAI-4, da Fundação Teatro Municipal do Rio de Janeiro -FTM/RJ, da",https://www.ioerj.com.br/portal/modules/conteudoonline/mostra_edicao.php?session=VDBWYVJGSnFWWGRTVkVsMFRXcHNRbEZwTURCU1ZFWkdURlZGZWsxcldYUk9SRWsxVW1wVk0xSnJVa05TYTFWNlRWUmpNMDlFYTNsUFJGRXhUVkU5UFE9PQ==,D:\github\exoneracoes_nomeacoes_dou\LAKE\RJ\2013\09\DOERJ_PARTE_I_PODER_EXECUTIVO_2013-09-19.md
RJ,Diario Oficial do Estado do Rio de Janeiro,2013-09-19,Parte I (Poder Executivo),nomeacao,GISELE LOPES DA SILVA,,,Secretario,5,Wilson Jose Witzel - Governador,Wilson Jose Witzel,Executivo estadual,sim,GISELE LOPES DA SILVA:MISC|Gisele Lopes:PER,sim,,da Fundação Teatro Municipal do Rio de Janeiro -FTM/RJ,"NOMEAR GISELE LOPES DA SILVA para exercer, com validade a contar de 02 de setembro de 2013, o cargo em comissão de Encarregado, símbolo DAI-4, da Fundação Teatro Municipal do Rio de Janeiro -FTM/RJ, da",https://www.ioerj.com.br/portal/modules/conteudoonline/mostra_edicao.php?session=VDBWYVJGSnFWWGRTVkVsMFRXcHNRbEZwTURCU1ZFWkdURlZGZWsxcldYUk9SRWsxVW1wVk0xSnJVa05TYTFWNlRWUmpNMDlFYTNsUFJGRXhUVkU5UFE9PQ==,D:\github\exoneracoes_nomeacoes_dou\LAKE\RJ\2013\09\DOERJ_PARTE_I_PODER_EXECUTIVO_2013-09-19.md
RJ,Diario Oficial do Estado do Rio de Janeiro,2013-09-18,Parte I (Poder Executivo),nomeacao,QUADRO I PERMANENTE DA,,,Secretario,5,Wilson Jose Witzel - Governador,Wilson Jose Witzel,Executivo estadual,sim,QUADRO I PERMANENTE DA:MISC|Quadro I Permanente:PER,sim,,,"NOMEAR na condição sub judice e em caráter provisório, MAXIMILIANO DE SOUZA SOARES para ocupar o cargo de Inspetor de Segurança e Administração Penitenciária, Classe Inicial (III), Quadro I Permanente da",https://www.ioerj.com.br/portal/modules/conteudoonline/mostra_edicao.php?session=VFZSbmQwNUZXWGxPVkUxMFRVVkpNRTVETURCT1JFWkhURlJzUlUxNlFYUk5SRTAxVFhwT1JrOUVUa05PTUZwQ1RWUmpNMDlFYTNsUFJGa3pUbWM5UFE9PQ==,D:\github\exoneracoes_nomeacoes_dou\LAKE\RJ\2013\09\DOERJ_PARTE_I_PODER_EXECUTIVO_2013-09-18.md
RJ,Diario Oficial do Estado do Rio de Janeiro,2013-09-17,Parte I (Poder Executivo),nomeacao,IURY SALES TAVARES,,,Secretario,5,Wilson Jose Witzel - Governador,Wilson Jose Witzel,Executivo estadual,sim,IURY SALES TAVARES:PER,sim,,,"NOMEAR IURY SALES TAVARES para exercer, com validade a contar de 16 de setembro de 2013, o cargo em comissão de Secretário II, símbolo DAI-5, da",https://www.ioerj.com.br/portal/modules/conteudoonline/mostra_edicao.php?session=VGtWVk0xSlVXVEJOVkZWMFVrVlpOVTFwTURCT2VrMHhURlJyTkU1RVZYUk9WRTVDVGxSUmVGRlVRa1JPUkdzeFRWUmpNMDlFYTNsUFJHZDVUVkU5UFE9PQ==,D:\github\exoneracoes_nomeacoes_dou\LAKE\RJ\2013\09\DOERJ_PARTE_I_PODER_EXECUTIVO_2013-09-17.md
RJ,Diario Oficial do Estado do Rio de Janeiro,2013-09-17,Parte I (Poder Executivo),nomeacao,JEFERSON DOUGLAS PEREIRA DO NASCIMENTO,,,Secretario,5,Wilson Jose Witzel - Governador,Wilson Jose Witzel,Executivo estadual,sim,JEFERSON DOUGLAS PEREIRA:PER,sim,,do Departamento Geral de Administração e Finanças,"NOMEAR JEFERSON DOUGLAS PEREIRA DO NASCIMENTO para exercer, com validade a contar de 01 de setembro de 2013, o cargo em comissão de Secretário II, símbolo DAI-5, do Departamento Geral de Administração e Finanças, da",https://www.ioerj.com.br/portal/modules/conteudoonline/mostra_edicao.php?session=VGtWVk0xSlVXVEJOVkZWMFVrVlpOVTFwTURCT2VrMHhURlJyTkU1RVZYUk9WRTVDVGxSUmVGRlVRa1JPUkdzeFRWUmpNMDlFYTNsUFJHZDVUVkU5UFE9PQ==,D:\github\exoneracoes_nomeacoes_dou\LAKE\RJ\2013\09\DOERJ_PARTE_I_PODER_EXECUTIVO_2013-09-17.md
RJ,Diario Oficial do Estado do Rio de Janeiro,2013-09-17,Parte I (Poder Executivo),nomeacao,DANIEL ABREU PIMENTA,5000363-1,,Secretario,5,Wilson Jose Witzel - Governador,Wilson Jose Witzel,Executivo estadual,sim,DANIEL:MISC|Daniel Abreu Pimenta:PER,sim,para exercer o cargo em comissão de Assessor,da Subsecretaria de Vigilância em Saúde,"NOMEAR DANIEL ABREU PIMENTA DA CUNHA , ID Funcional nº 5000363-1, para exercer o cargo em comissão de Assessor, símbolo DAS-7, da Centro de Ações Estratégicas de Vigilância em Saúde, da Subsecretaria de Vigilância em Saúde, da",https://www.ioerj.com.br/portal/modules/conteudoonline/mostra_edicao.php?session=VGtWVk0xSlVXVEJOVkZWMFVrVlpOVTFwTURCT2VrMHhURlJyTkU1RVZYUk9WRTVDVGxSUmVGRlVRa1JPUkdzeFRWUmpNMDlFYTNsUFJHZDVUVkU5UFE9PQ==,D:\github\exoneracoes_nomeacoes_dou\LAKE\RJ\2013\09\DOERJ_PARTE_I_PODER_EXECUTIVO_2013-09-17.md
RJ,Diario Oficial do Estado do Rio de Janeiro,2013-09-17,Parte I (Poder Executivo),exoneracao,MARCELA SILVA,5011580-4,,Secretario,5,Wilson Jose Witzel - Governador,Wilson Jose Witzel,Executivo estadual,sim,MARCELA:ORG|Marcela Silva:PER,sim,do cargo em comissão de Ajudante I,,"EXONERAR a pedido e com validade a contar de 12 de agosto de 2013, MARCELA SILVA DA CUNHA , ID Funcional nº 5011580-4, do cargo em comissão de Ajudante I, símbolo DAI-1, da",https://www.ioerj.com.br/portal/modules/conteudoonline/mostra_edicao.php?session=VGtWVk0xSlVXVEJOVkZWMFVrVlpOVTFwTURCT2VrMHhURlJyTkU1RVZYUk9WRTVDVGxSUmVGRlVRa1JPUkdzeFRWUmpNMDlFYTNsUFJHZDVUVkU5UFE9PQ==,D:\github\exoneracoes_nomeacoes_dou\LAKE\RJ\2013\09\DOERJ_PARTE_I_PODER_EXECUTIVO_2013-09-17.md
RJ,Diario Oficial do Estado do Rio de Janeiro,2013-09-17,Parte I (Poder Executivo),exoneracao,RICARDO ENEAS,4191460-0,,Secretario,5,Wilson Jose Witzel - Governador,Wilson Jose Witzel,Executivo estadual,sim,RICARDO ENEAS:MISC|Ricardo Eneas:PER,sim,do cargo em comissão de Diretor Regional Pedagógico,da Superintendência de Gestão da Rede,"EXONERAR a pedido, RICARDO ENEAS DA SILVA MORAIS , ID Funcional nº 4191460-0, do cargo em comissão de Diretor Regional Pedagógico, símbolo DAS-8, da Regional Pedagógica - Metropolitana IV, da Superintendência de Gestão da Rede, da Subsecretaria de Gestão de Ensino, da",https://www.ioerj.com.br/portal/modules/conteudoonline/mostra_edicao.php?session=VGtWVk0xSlVXVEJOVkZWMFVrVlpOVTFwTURCT2VrMHhURlJyTkU1RVZYUk9WRTVDVGxSUmVGRlVRa1JPUkdzeFRWUmpNMDlFYTNsUFJHZDVUVkU5UFE9PQ==,D:\github\exoneracoes_nomeacoes_dou\LAKE\RJ\2013\09\DOERJ_PARTE_I_PODER_EXECUTIVO_2013-09-17.md
RJ,Diario Oficial do Estado do Rio de Janeiro,2013-09-17,Parte I (Poder Executivo),nomeacao,ANDRE ANDERSON,,,Secretario,5,Wilson Jose Witzel - Governador,Wilson Jose Witzel,Executivo estadual,sim,ANDRE ANDERSON:MISC|Andre Anderson:PER,sim,,do Instituto de Terras e Cartografia do Estado do Rio de Janeiro -ITERJ,"NOMEAR ANDRE ANDERSON DA CRUZ , para exercer, com validade a contar de 05 de setembro de 2013, o cargo em comissão de Assistente II, símbolo DAI-6, do Instituto de Terras e Cartografia do Estado do Rio de Janeiro -ITERJ, da",https://www.ioerj.com.br/portal/modules/conteudoonline/mostra_edicao.php?session=VGtWVk0xSlVXVEJOVkZWMFVrVlpOVTFwTURCT2VrMHhURlJyTkU1RVZYUk9WRTVDVGxSUmVGRlVRa1JPUkdzeFRWUmpNMDlFYTNsUFJHZDVUVkU5UFE9PQ==,D:\github\exoneracoes_nomeacoes_dou\LAKE\RJ\2013\09\DOERJ_PARTE_I_PODER_EXECUTIVO_2013-09-17.md
RJ,Diario Oficial do Estado do Rio de Janeiro,2013-09-17,Parte I (Poder Executivo),nomeacao,ANDRÉ GOMES TEIXEIRA,,,Secretario,5,Wilson Jose Witzel - Governador,Wilson Jose Witzel,Executivo estadual,sim,ANDRÉ GOMES TEIXEIRA:MISC|André Gomes Teixeira:PER,sim,para exercer o cargo em comissão de Assistente,,"NOMEAR ANDRÉ GOMES TEIXEIRA para exercer o cargo em comissão de Assistente, símbolo DAS-6, da",https://www.ioerj.com.br/portal/modules/conteudoonline/mostra_edicao.php?session=VGtWVk0xSlVXVEJOVkZWMFVrVlpOVTFwTURCT2VrMHhURlJyTkU1RVZYUk9WRTVDVGxSUmVGRlVRa1JPUkdzeFRWUmpNMDlFYTNsUFJHZDVUVkU5UFE9PQ==,D:\github\exoneracoes_nomeacoes_dou\LAKE\RJ\2013\09\DOERJ_PARTE_I_PODER_EXECUTIVO_2013-09-17.md
