estado,diario,data_publicacao,caderno,tipo_ato,nome,id_funcional,assinante,cargo_assinante,categoria_assinante,governador_edicao,representante_governo,origem_representante,spacy_pessoa,spacy_entidades,nome_parse_confiavel,cargo,orgao,trecho,fonte_url,arquivo_markdown
RJ,Diario Oficial do Estado do Rio de Janeiro,2015-12-30,Parte I (Poder Executivo),exoneracao,ANSELMO MENDES GAIO,2825135-0,,Governador,1,Wilson Jose Witzel - Governador,Wilson Jose Witzel,Executivo estadual,sim,ANSELMO MENDES GAIO:PER,sim,do cargo em comissão de Assessor-Chefe,do Gabinete do Secretário,"EXONERAR com validade a contar de 07 de dezembro de 2015, ANSELMO MENDES GAIO, ID FUNCIONAL Nº 2825135-0 , do cargo em comissão de Assessor-Chefe, símbolo DG, da Assessoria de Tecnologia da Informação, do Gabinete do Secretário, da",https://www.ioerj.com.br/portal/modules/conteudoonline/mostra_edicao.php?session=VVRCUmVFMTZZM2RPYWtWMFVsVlpORTVETURCTlJVVjNURlJuTkU1clRYUk5WRTE1VWtSb1IwNTZWWGhOZWsweVRWUmpNMDlFVlhsTmFtdDNUV2M5UFE9PQ==,D:\github\exoneracoes_nomeacoes_dou\LAKE\RJ\2015\12\DOERJ_PARTE_I_PODER_EXECUTIVO_2015-12-30.md
RJ,Diario Oficial do Estado do Rio de Janeiro,2015-12-30,Parte I (Poder Executivo),nomeacao,LUCIANO BUENO,5000351-8,,Governador,1,Wilson Jose Witzel - Governador,Wilson Jose Witzel,Executivo estadual,sim,LUCIANO BUENO:PER,sim,da Assessoria Especial de Projetos,do Gabinete do Secretário,"NOMEAR LUCIANO BUENO, ID FUNCIONAL Nº 5000351-8 , para exercer, com validade a contar de 01 de dezembro de 2015, o cargo em comissão de Assessor-Chefe, símbolo DG, da Assessoria Especial de Projetos, do Gabinete do Secretário, da",https://www.ioerj.com.br/portal/modules/conteudoonline/mostra_edicao.php?session=VVRCUmVFMTZZM2RPYWtWMFVsVlpORTVETURCTlJVVjNURlJuTkU1clRYUk5WRTE1VWtSb1IwNTZWWGhOZWsweVRWUmpNMDlFVlhsTmFtdDNUV2M5UFE9PQ==,D:\github\exoneracoes_nomeacoes_dou\LAKE\RJ\2015\12\DOERJ_PARTE_I_PODER_EXECUTIVO_2015-12-30.md
RJ,Diario Oficial do Estado do Rio de Janeiro,2015-12-30,Parte I (Poder Executivo),exoneracao,LUCIANO BUENO,5000351-8,,Governador,1,Wilson Jose Witzel - Governador,Wilson Jose Witzel,Executivo estadual,sim,LUCIANO BUENO:PER,sim,do cargo em comissão de Assistente II,do Gabinete do Secretário,"EXONERAR com validade a contar de 01 de dezembro de 2015, LUCIANO BUENO, ID FUNCIONAL Nº 5000351-8 , do cargo em comissão de Assistente II, símbolo DAI-6, do Gabinete do Secretário, da",https://www.ioerj.com.br/portal/modules/conteudoonline/mostra_edicao.php?session=VVRCUmVFMTZZM2RPYWtWMFVsVlpORTVETURCTlJVVjNURlJuTkU1clRYUk5WRTE1VWtSb1IwNTZWWGhOZWsweVRWUmpNMDlFVlhsTmFtdDNUV2M5UFE9PQ==,D:\github\exoneracoes_nomeacoes_dou\LAKE\RJ\2015\12\DOERJ_PARTE_I_PODER_EXECUTIVO_2015-12-30.md
RJ,Diario Oficial do Estado do Rio de Janeiro,2015-12-30,Parte I (Poder Executivo),exoneracao,LUIZ FERNANDO CARVALHEIRA,5072513-0,,Governador,1,Wilson Jose Witzel - Governador,Wilson Jose Witzel,Executivo estadual,sim,LUIZ FERNANDO CARVALHEIRA:PER,sim,do cargo em comissão de Superintendente,do Instituto Estadual do Ambiente -INEA,"EXONERAR LUIZ FERNANDO CARVALHEIRA, ID FUNCIONAL Nº 5072513-0 , do cargo em comissão de Superintendente, símbolo VP-2, da Vice-Presidência, do Instituto Estadual do Ambiente -INEA, da",https://www.ioerj.com.br/portal/modules/conteudoonline/mostra_edicao.php?session=VVRCUmVFMTZZM2RPYWtWMFVsVlpORTVETURCTlJVVjNURlJuTkU1clRYUk5WRTE1VWtSb1IwNTZWWGhOZWsweVRWUmpNMDlFVlhsTmFtdDNUV2M5UFE9PQ==,D:\github\exoneracoes_nomeacoes_dou\LAKE\RJ\2015\12\DOERJ_PARTE_I_PODER_EXECUTIVO_2015-12-30.md
RJ,Diario Oficial do Estado do Rio de Janeiro,2015-12-30,Parte I (Poder Executivo),nomeacao,MILTON RATTES DE AGUIAR,5037394-3,,Governador,1,Wilson Jose Witzel - Governador,Wilson Jose Witzel,Executivo estadual,sim,RATTES DE AGUIAR:MISC|Milton Rattes De Aguiar:PER,sim,,da Superintendência de Atendimento ao Trabalhador e Relações Trabalhistas,"NOMEAR MILTON RATTES DE AGUIAR, ID FUNCIONAL Nº 5037394-3 , para exercer, com validade a contar de 01 de dezembro de 2015, o cargo em comissão de Superintendente, símbolo DG, da Superintendência de Atendimento ao Trabalhador e Relações Trabalhistas, da Subsecretaria de Atendimento ao Trabalhador e Relações Trabalhistas, da",https://www.ioerj.com.br/portal/modules/conteudoonline/mostra_edicao.php?session=VVRCUmVFMTZZM2RPYWtWMFVsVlpORTVETURCTlJVVjNURlJuTkU1clRYUk5WRTE1VWtSb1IwNTZWWGhOZWsweVRWUmpNMDlFVlhsTmFtdDNUV2M5UFE9PQ==,D:\github\exoneracoes_nomeacoes_dou\LAKE\RJ\2015\12\DOERJ_PARTE_I_PODER_EXECUTIVO_2015-12-30.md
RJ,Diario Oficial do Estado do Rio de Janeiro,2015-12-30,Parte I (Poder Executivo),exoneracao,MILTON RATTES DE AGUIAR,5037394-3,,Governador,1,Wilson Jose Witzel - Governador,Wilson Jose Witzel,Executivo estadual,sim,RATTES DE AGUIAR:MISC|Milton Rattes De Aguiar:PER,sim,do cargo em comissão de Coordenador,da Superintendência de Política de Trabalho,"EXONERAR com validade a contar de 01 de dezembro de 2015, MILTON RATTES DE AGUIAR, ID FUNCIONAL Nº 5037394-3 , do cargo em comissão de Coordenador, símbolo DAS-8, da Coordenadoria de Promoção de Mão-de-Obra, da Superintendência de Política de Trabalho, da Subsecretaria-Adjunta de Atendimento ao Trabalhador e Relações Trabalhistas, da Subsecretaria, da",https://www.ioerj.com.br/portal/modules/conteudoonline/mostra_edicao.php?session=VVRCUmVFMTZZM2RPYWtWMFVsVlpORTVETURCTlJVVjNURlJuTkU1clRYUk5WRTE1VWtSb1IwNTZWWGhOZWsweVRWUmpNMDlFVlhsTmFtdDNUV2M5UFE9PQ==,D:\github\exoneracoes_nomeacoes_dou\LAKE\RJ\2015\12\DOERJ_PARTE_I_PODER_EXECUTIVO_2015-12-30.md
RJ,Diario Oficial do Estado do Rio de Janeiro,2015-12-30,Parte I (Poder Executivo),exoneracao,VLADIMIR PEREIRA DE OLIVEIRA,4276181-6,,Secretario,5,Wilson Jose Witzel - Governador,Wilson Jose Witzel,Executivo estadual,sim,VLADIMIR PEREIRA DE OLIVEIRA:PER,sim,do cargo em comissão de Assessor,,"EXONERAR a pedido e com validade a contar de 31 de dezembro de 2015, VLADIMIR PEREIRA DE OLIVEIRA, ID FUNCIONAL Nº 4276181-6 , do cargo em comissão de Assessor, símbolo DAS-8, da",https://www.ioerj.com.br/portal/modules/conteudoonline/mostra_edicao.php?session=VVRCUmVFMTZZM2RPYWtWMFVsVlpORTVETURCTlJVVjNURlJuTkU1clRYUk5WRTE1VWtSb1IwNTZWWGhOZWsweVRWUmpNMDlFVlhsTmFtdDNUV2M5UFE9PQ==,D:\github\exoneracoes_nomeacoes_dou\LAKE\RJ\2015\12\DOERJ_PARTE_I_PODER_EXECUTIVO_2015-12-30.md
RJ,Diario Oficial do Estado do Rio de Janeiro,2015-12-30,Parte I (Poder Executivo),nomeacao,GERALDO JOSÉ VIEIRA JUNIOR,,,Secretario,5,Wilson Jose Witzel - Governador,Wilson Jose Witzel,Executivo estadual,sim,JOSÉ VIEIRA JUNIOR:PER,sim,,,"NOMEAR GERALDO JOSÉ VIEIRA JUNIOR para exercer, com validade a contar de 22 de dezembro de 2015, o cargo em comissão de Ajudante I, símbolo DAI-1, da",https://www.ioerj.com.br/portal/modules/conteudoonline/mostra_edicao.php?session=VVRCUmVFMTZZM2RPYWtWMFVsVlpORTVETURCTlJVVjNURlJuTkU1clRYUk5WRTE1VWtSb1IwNTZWWGhOZWsweVRWUmpNMDlFVlhsTmFtdDNUV2M5UFE9PQ==,D:\github\exoneracoes_nomeacoes_dou\LAKE\RJ\2015\12\DOERJ_PARTE_I_PODER_EXECUTIVO_2015-12-30.md
RJ,Diario Oficial do Estado do Rio de Janeiro,2015-12-30,Parte I (Poder Executivo),nomeacao,MARCELLA MENDES NESANELOVICZ,,,Secretario,5,Wilson Jose Witzel - Governador,Wilson Jose Witzel,Executivo estadual,sim,MARCELLA MENDES NESANELOVICZ:PER,sim,,,"NOMEAR MARCELLA MENDES NESANELOVICZ para exercer, com validade a contar de 07 de dezembro de 2015, o cargo em comissão de Ajudante I, símbolo DAI-1, da",https://www.ioerj.com.br/portal/modules/conteudoonline/mostra_edicao.php?session=VVRCUmVFMTZZM2RPYWtWMFVsVlpORTVETURCTlJVVjNURlJuTkU1clRYUk5WRTE1VWtSb1IwNTZWWGhOZWsweVRWUmpNMDlFVlhsTmFtdDNUV2M5UFE9PQ==,D:\github\exoneracoes_nomeacoes_dou\LAKE\RJ\2015\12\DOERJ_PARTE_I_PODER_EXECUTIVO_2015-12-30.md
RJ,Diario Oficial do Estado do Rio de Janeiro,2015-12-30,Parte I (Poder Executivo),nomeacao,MARCELLO PAIXÃO FIGUEIREDO,,,Secretario,5,Wilson Jose Witzel - Governador,Wilson Jose Witzel,Executivo estadual,sim,MARCELLO:ORG|FIGUEIREDO:ORG|Marcello Paixão Figueiredo:PER,sim,,,"NOMEAR MARCELLO PAIXÃO FIGUEIREDO para exercer, com validade a contar de 07 de dezembro de 2015, o cargo em comissão de Ajudante I, símbolo DAI-1, da",https://www.ioerj.com.br/portal/modules/conteudoonline/mostra_edicao.php?session=VVRCUmVFMTZZM2RPYWtWMFVsVlpORTVETURCTlJVVjNURlJuTkU1clRYUk5WRTE1VWtSb1IwNTZWWGhOZWsweVRWUmpNMDlFVlhsTmFtdDNUV2M5UFE9PQ==,D:\github\exoneracoes_nomeacoes_dou\LAKE\RJ\2015\12\DOERJ_PARTE_I_PODER_EXECUTIVO_2015-12-30.md
RJ,Diario Oficial do Estado do Rio de Janeiro,2015-12-30,Parte I (Poder Executivo),nomeacao,MARCELO ALVES FIALHO,,,Secretario,5,Wilson Jose Witzel - Governador,Wilson Jose Witzel,Executivo estadual,sim,MARCELO ALVES FIALHO:MISC|Marcelo Alves Fialho:PER,sim,,,"NOMEAR MARCELO ALVES FIALHO para exercer, com validade a contar de 07 de dezembro de 2015, o cargo em comissão de Ajudante I, símbolo DAI-1, da",https://www.ioerj.com.br/portal/modules/conteudoonline/mostra_edicao.php?session=VVRCUmVFMTZZM2RPYWtWMFVsVlpORTVETURCTlJVVjNURlJuTkU1clRYUk5WRTE1VWtSb1IwNTZWWGhOZWsweVRWUmpNMDlFVlhsTmFtdDNUV2M5UFE9PQ==,D:\github\exoneracoes_nomeacoes_dou\LAKE\RJ\2015\12\DOERJ_PARTE_I_PODER_EXECUTIVO_2015-12-30.md
RJ,Diario Oficial do Estado do Rio de Janeiro,2015-12-30,Parte I (Poder Executivo),nomeacao,PEDRO CARLOS PIFFANO MOURA,,,Secretario,5,Wilson Jose Witzel - Governador,Wilson Jose Witzel,Executivo estadual,sim,PEDRO CARLOS PIFFANO MOURA:PER,sim,,,"NOMEAR PEDRO CARLOS PIFFANO MOURA para exercer, com validade a contar de 07 de dezembro de 2015, o cargo em comissão de Ajudante I, símbolo DAI-1, da",https://www.ioerj.com.br/portal/modules/conteudoonline/mostra_edicao.php?session=VVRCUmVFMTZZM2RPYWtWMFVsVlpORTVETURCTlJVVjNURlJuTkU1clRYUk5WRTE1VWtSb1IwNTZWWGhOZWsweVRWUmpNMDlFVlhsTmFtdDNUV2M5UFE9PQ==,D:\github\exoneracoes_nomeacoes_dou\LAKE\RJ\2015\12\DOERJ_PARTE_I_PODER_EXECUTIVO_2015-12-30.md
RJ,Diario Oficial do Estado do Rio de Janeiro,2015-12-30,Parte I (Poder Executivo),nomeacao,ALEXANDER FERNANDES DO ROSÁRIO,,,Secretario,5,Wilson Jose Witzel - Governador,Wilson Jose Witzel,Executivo estadual,sim,ALEXANDER FERNANDES:MISC|Alexander Fernandes:PER,sim,,,"NOMEAR ALEXANDER FERNANDES DO ROSÁRIO para exercer, com validade a contar de 07 de dezembro de 2015, o cargo em comissão de Ajudante I, símbolo DAI-1, da",https://www.ioerj.com.br/portal/modules/conteudoonline/mostra_edicao.php?session=VVRCUmVFMTZZM2RPYWtWMFVsVlpORTVETURCTlJVVjNURlJuTkU1clRYUk5WRTE1VWtSb1IwNTZWWGhOZWsweVRWUmpNMDlFVlhsTmFtdDNUV2M5UFE9PQ==,D:\github\exoneracoes_nomeacoes_dou\LAKE\RJ\2015\12\DOERJ_PARTE_I_PODER_EXECUTIVO_2015-12-30.md
RJ,Diario Oficial do Estado do Rio de Janeiro,2015-12-30,Parte I (Poder Executivo),nomeacao,CRISTIANE DA SILVA DE OLIVEIRA EXERPARA CER,,,Secretario,5,Wilson Jose Witzel - Governador,Wilson Jose Witzel,Executivo estadual,sim,CRISTIANE:LOC|Cristiane Da Silva:PER,sim,,,"NOMEAR CRISTIANE DA SILVA DE OLIVEIRA exer- para cer, com validade a contar de 07 de dezembro de 2015, o cargo em comissão de Ajudante símbolo I, DAI-1, da",https://www.ioerj.com.br/portal/modules/conteudoonline/mostra_edicao.php?session=VVRCUmVFMTZZM2RPYWtWMFVsVlpORTVETURCTlJVVjNURlJuTkU1clRYUk5WRTE1VWtSb1IwNTZWWGhOZWsweVRWUmpNMDlFVlhsTmFtdDNUV2M5UFE9PQ==,D:\github\exoneracoes_nomeacoes_dou\LAKE\RJ\2015\12\DOERJ_PARTE_I_PODER_EXECUTIVO_2015-12-30.md
RJ,Diario Oficial do Estado do Rio de Janeiro,2015-12-30,Parte I (Poder Executivo),nomeacao,LILIAN BERNARDO LOPES,,,Secretario,5,Wilson Jose Witzel - Governador,Wilson Jose Witzel,Executivo estadual,sim,Lilian Bernardo Lopes:PER,sim,,,"NOMEAR LILIAN BERNARDO LOPES para exercer, com validade a contar de 07 de dezembro de 2015, o cargo em comissão de Ajudante I, símbolo DAI-1, da",https://www.ioerj.com.br/portal/modules/conteudoonline/mostra_edicao.php?session=VVRCUmVFMTZZM2RPYWtWMFVsVlpORTVETURCTlJVVjNURlJuTkU1clRYUk5WRTE1VWtSb1IwNTZWWGhOZWsweVRWUmpNMDlFVlhsTmFtdDNUV2M5UFE9PQ==,D:\github\exoneracoes_nomeacoes_dou\LAKE\RJ\2015\12\DOERJ_PARTE_I_PODER_EXECUTIVO_2015-12-30.md
RJ,Diario Oficial do Estado do Rio de Janeiro,2015-12-30,Parte I (Poder Executivo),nomeacao,MARGARIDA MARIANA MELO,,,Secretario,5,Wilson Jose Witzel - Governador,Wilson Jose Witzel,Executivo estadual,sim,MARGARIDA MARIANA MELO:PER,sim,,,"NOMEAR MARGARIDA MARIANA MELO para exercer, com validade a contar de 07 de dezembro de 2015, o cargo em comissão de Ajudante I, símbolo DAI-1, da",https://www.ioerj.com.br/portal/modules/conteudoonline/mostra_edicao.php?session=VVRCUmVFMTZZM2RPYWtWMFVsVlpORTVETURCTlJVVjNURlJuTkU1clRYUk5WRTE1VWtSb1IwNTZWWGhOZWsweVRWUmpNMDlFVlhsTmFtdDNUV2M5UFE9PQ==,D:\github\exoneracoes_nomeacoes_dou\LAKE\RJ\2015\12\DOERJ_PARTE_I_PODER_EXECUTIVO_2015-12-30.md
RJ,Diario Oficial do Estado do Rio de Janeiro,2015-12-30,Parte I (Poder Executivo),nomeacao,MARIA PAULA FARIA MODESTO ARRAES,,,Secretario,5,Wilson Jose Witzel - Governador,Wilson Jose Witzel,Executivo estadual,sim,MARIA PAULA FARIA MODESTO:MISC|Maria Paula Faria Modesto:PER,sim,,,"NOMEAR MARIA PAULA FARIA MODESTO ARRAES para exercer, com validade a contar de 07 de dezembro de 2015, o cargo em comissão de Ajudante I, símbolo DAI-1, da",https://www.ioerj.com.br/portal/modules/conteudoonline/mostra_edicao.php?session=VVRCUmVFMTZZM2RPYWtWMFVsVlpORTVETURCTlJVVjNURlJuTkU1clRYUk5WRTE1VWtSb1IwNTZWWGhOZWsweVRWUmpNMDlFVlhsTmFtdDNUV2M5UFE9PQ==,D:\github\exoneracoes_nomeacoes_dou\LAKE\RJ\2015\12\DOERJ_PARTE_I_PODER_EXECUTIVO_2015-12-30.md
RJ,Diario Oficial do Estado do Rio de Janeiro,2015-12-30,Parte I (Poder Executivo),nomeacao,MÔNICA IZABEL XAVIER DIAS,,,Secretario,5,Wilson Jose Witzel - Governador,Wilson Jose Witzel,Executivo estadual,sim,MÔNICA IZABEL XAVIER:MISC|Mônica Izabel Xavier Dias:PER,sim,,,"NOMEAR MÔNICA IZABEL XAVIER DIAS para exercer, com validade a contar de 07 de dezembro de 2015, o cargo em comissão de Ajudante I, símbolo DAI-1, da",https://www.ioerj.com.br/portal/modules/conteudoonline/mostra_edicao.php?session=VVRCUmVFMTZZM2RPYWtWMFVsVlpORTVETURCTlJVVjNURlJuTkU1clRYUk5WRTE1VWtSb1IwNTZWWGhOZWsweVRWUmpNMDlFVlhsTmFtdDNUV2M5UFE9PQ==,D:\github\exoneracoes_nomeacoes_dou\LAKE\RJ\2015\12\DOERJ_PARTE_I_PODER_EXECUTIVO_2015-12-30.md
RJ,Diario Oficial do Estado do Rio de Janeiro,2015-12-30,Parte I (Poder Executivo),nomeacao,ROZIANE DE SOUZA DOMINGOS GOMES,,,Secretario,5,Wilson Jose Witzel - Governador,Wilson Jose Witzel,Executivo estadual,sim,ROZIANE DE SOUZA:LOC|Roziane De Souza Domingos:PER,sim,,,"NOMEAR ROZIANE DE SOUZA DOMINGOS GOMES para exercer, com validade a contar de 07 de dezembro de 2015, o cargo em comissão de Ajudante I, símbolo DAI-1, da",https://www.ioerj.com.br/portal/modules/conteudoonline/mostra_edicao.php?session=VVRCUmVFMTZZM2RPYWtWMFVsVlpORTVETURCTlJVVjNURlJuTkU1clRYUk5WRTE1VWtSb1IwNTZWWGhOZWsweVRWUmpNMDlFVlhsTmFtdDNUV2M5UFE9PQ==,D:\github\exoneracoes_nomeacoes_dou\LAKE\RJ\2015\12\DOERJ_PARTE_I_PODER_EXECUTIVO_2015-12-30.md
RJ,Diario Oficial do Estado do Rio de Janeiro,2015-12-30,Parte I (Poder Executivo),nomeacao,SANDRA SILVA DE ANDRADE SCHIAVONE,,,Secretario,5,Wilson Jose Witzel - Governador,Wilson Jose Witzel,Executivo estadual,sim,SANDRA SILVA DE ANDRADE SCHIAVONE:PER,sim,,,"NOMEAR SANDRA SILVA DE ANDRADE SCHIAVONE para exercer, com validade a contar de 07 de dezembro de 2015, o cargo em comissão de Ajudante I, símbolo DAI-1, da",https://www.ioerj.com.br/portal/modules/conteudoonline/mostra_edicao.php?session=VVRCUmVFMTZZM2RPYWtWMFVsVlpORTVETURCTlJVVjNURlJuTkU1clRYUk5WRTE1VWtSb1IwNTZWWGhOZWsweVRWUmpNMDlFVlhsTmFtdDNUV2M5UFE9PQ==,D:\github\exoneracoes_nomeacoes_dou\LAKE\RJ\2015\12\DOERJ_PARTE_I_PODER_EXECUTIVO_2015-12-30.md
RJ,Diario Oficial do Estado do Rio de Janeiro,2015-12-30,Parte I (Poder Executivo),nomeacao,SONIA DOS SANTOS SILVA,,,Secretario,5,Wilson Jose Witzel - Governador,Wilson Jose Witzel,Executivo estadual,sim,DOS SANTOS SILVA:MISC|Sonia Dos Santos Silva:PER,sim,,,"NOMEAR SONIA DOS SANTOS SILVA para exercer, com validade a contar de 07 de dezembro de 2015, o cargo em comissão de Ajudante I, símbolo DAI-1, da",https://www.ioerj.com.br/portal/modules/conteudoonline/mostra_edicao.php?session=VVRCUmVFMTZZM2RPYWtWMFVsVlpORTVETURCTlJVVjNURlJuTkU1clRYUk5WRTE1VWtSb1IwNTZWWGhOZWsweVRWUmpNMDlFVlhsTmFtdDNUV2M5UFE9PQ==,D:\github\exoneracoes_nomeacoes_dou\LAKE\RJ\2015\12\DOERJ_PARTE_I_PODER_EXECUTIVO_2015-12-30.md
RJ,Diario Oficial do Estado do Rio de Janeiro,2015-12-30,Parte I (Poder Executivo),nomeacao,GILSON DA CONCEIÇÃO FILHO,5023352-1,,Secretario,5,Wilson Jose Witzel - Governador,Wilson Jose Witzel,Executivo estadual,sim,GILSON:MISC|CONCEIÇÃO:ORG|Gilson Da Conceição Filho:PER,sim,,,"NOMEAR GILSON DA CONCEIÇÃO FILHO, ID FUNCIONAL Nº 5023352-1 , para exercer, com validade a contar de 07 de dezembro de 2015, o cargo em comissão de Ajudante I, símbolo DAI-1, da",https://www.ioerj.com.br/portal/modules/conteudoonline/mostra_edicao.php?session=VVRCUmVFMTZZM2RPYWtWMFVsVlpORTVETURCTlJVVjNURlJuTkU1clRYUk5WRTE1VWtSb1IwNTZWWGhOZWsweVRWUmpNMDlFVlhsTmFtdDNUV2M5UFE9PQ==,D:\github\exoneracoes_nomeacoes_dou\LAKE\RJ\2015\12\DOERJ_PARTE_I_PODER_EXECUTIVO_2015-12-30.md
RJ,Diario Oficial do Estado do Rio de Janeiro,2015-12-30,Parte I (Poder Executivo),nomeacao,RODRIGO VASCONCELOS,,,Secretario,5,Wilson Jose Witzel - Governador,Wilson Jose Witzel,Executivo estadual,sim,RODRIGO VASCONCELOS:MISC|Rodrigo Vasconcelos:PER,sim,,,"NOMEAR RODRIGO VASCONCELOS para exercer, com validade a contar de 07 de dezembro de 2015, o cargo em comissão de Ajudante I, símbolo DAI-1, da",https://www.ioerj.com.br/portal/modules/conteudoonline/mostra_edicao.php?session=VVRCUmVFMTZZM2RPYWtWMFVsVlpORTVETURCTlJVVjNURlJuTkU1clRYUk5WRTE1VWtSb1IwNTZWWGhOZWsweVRWUmpNMDlFVlhsTmFtdDNUV2M5UFE9PQ==,D:\github\exoneracoes_nomeacoes_dou\LAKE\RJ\2015\12\DOERJ_PARTE_I_PODER_EXECUTIVO_2015-12-30.md
RJ,Diario Oficial do Estado do Rio de Janeiro,2015-12-30,Parte I (Poder Executivo),exoneracao,DEBORA MELQUIADES DE CASTRO,5030232-9,,Secretario,5,Wilson Jose Witzel - Governador,Wilson Jose Witzel,Executivo estadual,sim,DEBORA MELQUIADES DE CASTRO:MISC|Debora Melquiades De Castro:PER,sim,do cargo em comissão de Assistente,da Fundação Centro Estadual de Estatísticas,"EXONERAR a pedido e com validade a contar de 11 de dezembro de 2015, DEBORA MELQUIADES DE CASTRO, ID FUNCIONAL Nº 5030232-9 , do cargo em comissão de Assistente, símbolo DAS-6, da Fundação Centro Estadual de Estatísticas, Pesquisas e Formação de Servidores Públicos do Rio de Janeiro - CEPERJ, da",https://www.ioerj.com.br/portal/modules/conteudoonline/mostra_edicao.php?session=VVRCUmVFMTZZM2RPYWtWMFVsVlpORTVETURCTlJVVjNURlJuTkU1clRYUk5WRTE1VWtSb1IwNTZWWGhOZWsweVRWUmpNMDlFVlhsTmFtdDNUV2M5UFE9PQ==,D:\github\exoneracoes_nomeacoes_dou\LAKE\RJ\2015\12\DOERJ_PARTE_I_PODER_EXECUTIVO_2015-12-30.md
RJ,Diario Oficial do Estado do Rio de Janeiro,2015-12-30,Parte I (Poder Executivo),nomeacao,CLAUDIO DA SILVA,,,Secretario,5,Wilson Jose Witzel - Governador,Wilson Jose Witzel,Executivo estadual,sim,CLAUDIO DA SILVA:PER,sim,,da Fundação Centro Estadual de Estatísticas,"NOMEAR CLAUDIO DA SILVA para exercer, com validade a contar de 02 de dezembro de 2015, o cargo em comissão de Assistente II, símbolo DAI-6, da Fundação Centro Estadual de Estatísticas, Pesquisas e Formação de Servidores Públicos do Rio de Janeiro -CEPERJ, da",https://www.ioerj.com.br/portal/modules/conteudoonline/mostra_edicao.php?session=VVRCUmVFMTZZM2RPYWtWMFVsVlpORTVETURCTlJVVjNURlJuTkU1clRYUk5WRTE1VWtSb1IwNTZWWGhOZWsweVRWUmpNMDlFVlhsTmFtdDNUV2M5UFE9PQ==,D:\github\exoneracoes_nomeacoes_dou\LAKE\RJ\2015\12\DOERJ_PARTE_I_PODER_EXECUTIVO_2015-12-30.md
RJ,Diario Oficial do Estado do Rio de Janeiro,2015-12-30,Parte I (Poder Executivo),exoneracao,RONALDO PEREIRA DE MIRANDA,1988554-7/1,,Secretario,5,Wilson Jose Witzel - Governador,Wilson Jose Witzel,Executivo estadual,sim,RONALDO PEREIRA DE MIRANDA:MISC|Ronaldo Pereira De Miranda:PER,sim,do cargo em comissão de Assistente,do Departamento Geral de Ações Sócioeducativas - DEGASE,"EXONERAR com validade a contar de 13 de novembro de 2015, RONALDO PEREIRA DE MIRANDA, ID FUNCIONAL Nº 1988554-7/1 , do cargo em comissão de Assistente, símbolo DAS-6, do Departamento Geral de Ações Sócioeducativas - DEGASE, da",https://www.ioerj.com.br/portal/modules/conteudoonline/mostra_edicao.php?session=VVRCUmVFMTZZM2RPYWtWMFVsVlpORTVETURCTlJVVjNURlJuTkU1clRYUk5WRTE1VWtSb1IwNTZWWGhOZWsweVRWUmpNMDlFVlhsTmFtdDNUV2M5UFE9PQ==,D:\github\exoneracoes_nomeacoes_dou\LAKE\RJ\2015\12\DOERJ_PARTE_I_PODER_EXECUTIVO_2015-12-30.md
RJ,Diario Oficial do Estado do Rio de Janeiro,2015-12-30,Parte I (Poder Executivo),nomeacao,MOISES DOS SANTOS ALVES,5011319-4/1,,Secretario,5,Wilson Jose Witzel - Governador,Wilson Jose Witzel,Executivo estadual,sim,DOS:MISC|Moises Dos Santos Alves:PER,sim,,do Departamento Geral de Ações Sócioeducativas - DEGASE,"NOMEAR MOISES DOS SANTOS ALVES, ID FUNCIONAL Nº 5011319-4/1 , para exercer, com validade a contar de 13 de novembro de 2015, o cargo em comissão de Assistente, símbolo DAS-6, do Departamento Geral de Ações Sócioeducativas - DEGASE, da",https://www.ioerj.com.br/portal/modules/conteudoonline/mostra_edicao.php?session=VVRCUmVFMTZZM2RPYWtWMFVsVlpORTVETURCTlJVVjNURlJuTkU1clRYUk5WRTE1VWtSb1IwNTZWWGhOZWsweVRWUmpNMDlFVlhsTmFtdDNUV2M5UFE9PQ==,D:\github\exoneracoes_nomeacoes_dou\LAKE\RJ\2015\12\DOERJ_PARTE_I_PODER_EXECUTIVO_2015-12-30.md
RJ,Diario Oficial do Estado do Rio de Janeiro,2015-12-30,Parte I (Poder Executivo),nomeacao,MARIA LUIGIA CARNEVALE,5020647-8,,Secretario,5,Wilson Jose Witzel - Governador,Wilson Jose Witzel,Executivo estadual,sim,MARIA LUIGIA CARNEVALE:MISC|Maria Luigia Carnevale:PER,sim,,da Superintendência de Política de Trabalho,"NOMEAR MARIA LUIGIA CARNEVALE, ID FUNCIONAL Nº 5020647-8 , para exercer, com validade a contar de 01 de dezembro de 2015, o cargo em comissão de Coordenador, símbolo DAS-8, da Coordenadoria de Promoção de Mão-de-Obra, da Superintendência de Política de Trabalho, da Subsecretaria-Adjunta de Atendimento ao Trabalhador e Relações Trabalhistas, da Subsecretaria, da",https://www.ioerj.com.br/portal/modules/conteudoonline/mostra_edicao.php?session=VVRCUmVFMTZZM2RPYWtWMFVsVlpORTVETURCTlJVVjNURlJuTkU1clRYUk5WRTE1VWtSb1IwNTZWWGhOZWsweVRWUmpNMDlFVlhsTmFtdDNUV2M5UFE9PQ==,D:\github\exoneracoes_nomeacoes_dou\LAKE\RJ\2015\12\DOERJ_PARTE_I_PODER_EXECUTIVO_2015-12-30.md
RJ,Diario Oficial do Estado do Rio de Janeiro,2015-12-30,Parte I (Poder Executivo),exoneracao,MARIA LUIGIA CARNEVALE,5020647-8,,Secretario,5,Wilson Jose Witzel - Governador,Wilson Jose Witzel,Executivo estadual,sim,MARIA LUIGIA CARNEVALE:MISC|Maria Luigia Carnevale:PER,sim,do cargo em comissão de Diretor de Divisão,do Departamento Geral de Administração e Finanças,"EXONERAR com validade a contar de 01 de dezembro de 2015, MARIA LUIGIA CARNEVALE, ID FUNCIONAL Nº 5020647-8 , do cargo em comissão de Diretor de Divisão, símbolo DAS-6, da Divisão de Acompanhamento de Convênios e Prestação de Contas, do Departamento Geral de Administração e Finanças, da",https://www.ioerj.com.br/portal/modules/conteudoonline/mostra_edicao.php?session=VVRCUmVFMTZZM2RPYWtWMFVsVlpORTVETURCTlJVVjNURlJuTkU1clRYUk5WRTE1VWtSb1IwNTZWWGhOZWsweVRWUmpNMDlFVlhsTmFtdDNUV2M5UFE9PQ==,D:\github\exoneracoes_nomeacoes_dou\LAKE\RJ\2015\12\DOERJ_PARTE_I_PODER_EXECUTIVO_2015-12-30.md
RJ,Diario Oficial do Estado do Rio de Janeiro,2015-12-30,Parte I (Poder Executivo),exoneracao,ALEXANDER EVARISTO,2259706-9,,Secretario,5,Wilson Jose Witzel - Governador,Wilson Jose Witzel,Executivo estadual,sim,ALEXANDER EVARISTO:MISC|Alexander Evaristo:PER,sim,do cargo em comissão de Diretor,do Instituto Penal Edgard Costa,"EXONERAR com validade a contar de 16 de novembro de 2015, ALEXANDER EVARISTO DA SILVA , Inspetor de Segurança e Administração Penitenciária, ID Funcional nº 2259706-9, do cargo em comissão de Diretor, símbolo DAS-7, do Instituto Penal Edgard Costa, da Coordenação de Unidades Prisionais da Grande Niterói e Norte/Noroeste, da Subsecretaria-Adjunta de Gestão Operacional, da",https://www.ioerj.com.br/portal/modules/conteudoonline/mostra_edicao.php?session=VVRCUmVFMTZZM2RPYWtWMFVsVlpORTVETURCTlJVVjNURlJuTkU1clRYUk5WRTE1VWtSb1IwNTZWWGhOZWsweVRWUmpNMDlFVlhsTmFtdDNUV2M5UFE9PQ==,D:\github\exoneracoes_nomeacoes_dou\LAKE\RJ\2015\12\DOERJ_PARTE_I_PODER_EXECUTIVO_2015-12-30.md
RJ,Diario Oficial do Estado do Rio de Janeiro,2015-12-30,Parte I (Poder Executivo),exoneracao,MÔNICA PACHECO NUNES,5009099-2,,Secretario,5,Wilson Jose Witzel - Governador,Wilson Jose Witzel,Executivo estadual,sim,MÔNICA PACHECO:MISC|Mônica Pacheco Nunes:PER,sim,do cargo em comissão de Ajudante I,,"EXONERAR com validade a contar de 31 de dezembro de 2015, MÔNICA PACHECO NUNES, ID FUNCIONAL Nº 5009099-2 , do cargo em comissão de Ajudante I, símbolo DAI-1, da",https://www.ioerj.com.br/portal/modules/conteudoonline/mostra_edicao.php?session=VVRCUmVFMTZZM2RPYWtWMFVsVlpORTVETURCTlJVVjNURlJuTkU1clRYUk5WRTE1VWtSb1IwNTZWWGhOZWsweVRWUmpNMDlFVlhsTmFtdDNUV2M5UFE9PQ==,D:\github\exoneracoes_nomeacoes_dou\LAKE\RJ\2015\12\DOERJ_PARTE_I_PODER_EXECUTIVO_2015-12-30.md
RJ,Diario Oficial do Estado do Rio de Janeiro,2015-12-30,Parte I (Poder Executivo),nomeacao,MÁRCIO EVANDRO MARTINS REIS,,,Secretario,5,Wilson Jose Witzel - Governador,Wilson Jose Witzel,Executivo estadual,sim,MÁRCIO:ORG|MARTINS REIS:PER,sim,,,"NOMEAR MÁRCIO EVANDRO MARTINS REIS para exercer, com validade a contar de 31 de dezembro de 2015, o cargo em comissão de Ajudante I, símbolo DAI-1, da",https://www.ioerj.com.br/portal/modules/conteudoonline/mostra_edicao.php?session=VVRCUmVFMTZZM2RPYWtWMFVsVlpORTVETURCTlJVVjNURlJuTkU1clRYUk5WRTE1VWtSb1IwNTZWWGhOZWsweVRWUmpNMDlFVlhsTmFtdDNUV2M5UFE9PQ==,D:\github\exoneracoes_nomeacoes_dou\LAKE\RJ\2015\12\DOERJ_PARTE_I_PODER_EXECUTIVO_2015-12-30.md
RJ,Diario Oficial do Estado do Rio de Janeiro,2015-12-30,Parte I (Poder Executivo),exoneracao,PAULA CRISTINE SEABRA SIGGELKOW,50090857-9,,Secretario,5,Wilson Jose Witzel - Governador,Wilson Jose Witzel,Executivo estadual,sim,CRISTINE:ORG|SIGGELKOW:MISC|Paula Cristine Seabra Siggelkow:PER,sim,do cargo em comissão de Ajudante I,,"EXONERAR com validade a contar de 31 de dezembro de 2015, PAULA CRISTINE SEABRA SIGGELKOW, ID FUNCIONAL Nº 50090857-9 , do cargo em comissão de Ajudante I, símbolo DAI-1, da",https://www.ioerj.com.br/portal/modules/conteudoonline/mostra_edicao.php?session=VVRCUmVFMTZZM2RPYWtWMFVsVlpORTVETURCTlJVVjNURlJuTkU1clRYUk5WRTE1VWtSb1IwNTZWWGhOZWsweVRWUmpNMDlFVlhsTmFtdDNUV2M5UFE9PQ==,D:\github\exoneracoes_nomeacoes_dou\LAKE\RJ\2015\12\DOERJ_PARTE_I_PODER_EXECUTIVO_2015-12-30.md
RJ,Diario Oficial do Estado do Rio de Janeiro,2015-12-30,DO Campos (Poder Executivo),nomeacao,FABIANO DE ARAÚJO MARIANO COMO COORDENADOR GERAL,,NOMEAR FABIANO DE ARAÚJO MARIANO COMO,Coordenador,12,Wilson Jose Witzel - Governador,Wilson Jose Witzel,Executivo estadual,sim,FABIANO DE ARAÚJO:MISC|COORDENADOR:ORG|Fabiano De Araújo Mariano:PER,sim,,,"NOMEAR FABIANO DE ARAÚJO MARIANO como Coordenador Geral do Verão 2016 do Farol de São Thomé no Município de Campos dos Goytacazes. blicação. ## PREFEITURA MUNICIPAL DE CAMPOS DOS GOYTACAZES/RJ , 29 de dezembro de 2015. Rosinha Garotinho -Prefeita - ## Portaria N°2623/2015 A PREFEITA DO MUNICÍPIO DE CAMPOS DOS GOYTACAZES, no uso de suas atribuições legais",https://www.ioerj.com.br/portal/modules/conteudoonline/mostra_edicao.php?session=VG5wV1IwNVZXWGxSVkVGMFRYcFplVTVETURCT2FtaENURlJyZUZGVVFYUk5WR013VW10V1ExRnFaM3BSZW1kNFRWUmpNMDlFVlhsTmFtdDNUV2M5UFE9PQ==,D:\github\exoneracoes_nomeacoes_dou\LAKE\RJ\2015\12\DOERJ_DO_CAMPOS_PODER_EXECUTIVO_2015-12-30.md
RJ,Diario Oficial do Estado do Rio de Janeiro,2015-12-29,Parte I (Poder Executivo),nomeacao,DANIEL OLIVEIRA RIBEIRO,4431563-5,,Secretario,5,Wilson Jose Witzel - Governador,Wilson Jose Witzel,Executivo estadual,sim,DANIEL:MISC|Daniel Oliveira Ribeiro:PER,sim,,do Instituto Estadual do Ambiente INEA,"NOMEAR DANIEL OLIVEIRA RIBEIRO, ID FUNCIONAL Nº 4431563-5 , para exercer, com validade a contar de 01 de dezembro de 2015, o cargo em comissão de Assessor I, símbolo DAS-8, da Diretoria de Recuperação Ambiental, do Instituto Estadual do Ambiente INEA, da",https://www.ioerj.com.br/portal/modules/conteudoonline/mostra_edicao.php?session=VVRCTk1GSlVUVEZSTUUxMFRYcFpOVTE1TURCUFJWRTBURlJuZUU1VlZYUlJWVTE2VWtWTk5FOUVRa2RTVkVaSFRWUmpNMDlFVlhsTmVsazBUa0U5UFE9PQ==,D:\github\exoneracoes_nomeacoes_dou\LAKE\RJ\2015\12\DOERJ_PARTE_I_PODER_EXECUTIVO_2015-12-29.md
RJ,Diario Oficial do Estado do Rio de Janeiro,2015-12-29,Parte I (Poder Executivo),exoneracao,GABRIELA VELOSO LINS,435945-7,,Secretario,5,Wilson Jose Witzel - Governador,Wilson Jose Witzel,Executivo estadual,sim,GABRIELA VELOSO:PER,sim,do cargo em comissão de Assessor I,do Instituto Estadual do Ambiente - INEA,"EXONERAR com validade a contar de 01 de dezembro de 2015, GABRIELA VELOSO LINS, ID FUNCIONAL Nº 435945-7 , do cargo em comissão de Assessor I, símbolo DAS-8, da Diretoria de Recuperação Ambiental, do Instituto Estadual do Ambiente - INEA, da",https://www.ioerj.com.br/portal/modules/conteudoonline/mostra_edicao.php?session=VVRCTk1GSlVUVEZSTUUxMFRYcFpOVTE1TURCUFJWRTBURlJuZUU1VlZYUlJWVTE2VWtWTk5FOUVRa2RTVkVaSFRWUmpNMDlFVlhsTmVsazBUa0U5UFE9PQ==,D:\github\exoneracoes_nomeacoes_dou\LAKE\RJ\2015\12\DOERJ_PARTE_I_PODER_EXECUTIVO_2015-12-29.md
RJ,Diario Oficial do Estado do Rio de Janeiro,2015-12-29,Parte I (Poder Executivo),nomeacao,JOSÉ AUGUSTO ROMANEL RODRIGUES,4332483-5,,Secretario,5,Wilson Jose Witzel - Governador,Wilson Jose Witzel,Executivo estadual,sim,JOSÉ AUGUSTO ROMANEL RODRIGUES:PER,sim,,do Instituto Estadual do Ambiente - INEA,"NOMEAR JOSÉ AUGUSTO ROMANEL RODRIGUES, ID FUNCIONAL Nº 4332483-5 , para exercer, com validade a contar de 01 de dezembro de 2015, o cargo em comissão de Assessor II, símbolo DAS-6, do Instituto Estadual do Ambiente - INEA, da",https://www.ioerj.com.br/portal/modules/conteudoonline/mostra_edicao.php?session=VVRCTk1GSlVUVEZSTUUxMFRYcFpOVTE1TURCUFJWRTBURlJuZUU1VlZYUlJWVTE2VWtWTk5FOUVRa2RTVkVaSFRWUmpNMDlFVlhsTmVsazBUa0U5UFE9PQ==,D:\github\exoneracoes_nomeacoes_dou\LAKE\RJ\2015\12\DOERJ_PARTE_I_PODER_EXECUTIVO_2015-12-29.md
RJ,Diario Oficial do Estado do Rio de Janeiro,2015-12-29,Parte I (Poder Executivo),exoneracao,ANGELA REGINA PIRES MACEDO,,ANGELA REGINA PIRES MACEDO DO CARGO EM COMISSÃO DE,Presidente,6,Wilson Jose Witzel - Governador,Wilson Jose Witzel,Executivo estadual,sim,ANGELA REGINA:PER,sim,do cargo em comissão de Presidente,da Fundação para a Infância e Adolescência - FIA/RJ,"EXONERAR ANGELA REGINA PIRES MACEDO do cargo em comissão de Presidente, símbolo PR-1, da Presidência, da Fundação para a Infância e Adolescência - FIA/RJ, da",https://www.ioerj.com.br/portal/modules/conteudoonline/mostra_edicao.php?session=VVRCTk1GSlVUVEZSTUUxMFRYcFpOVTE1TURCUFJWRTBURlJuZUU1VlZYUlJWVTE2VWtWTk5FOUVRa2RTVkVaSFRWUmpNMDlFVlhsTmVsazBUa0U5UFE9PQ==,D:\github\exoneracoes_nomeacoes_dou\LAKE\RJ\2015\12\DOERJ_PARTE_I_PODER_EXECUTIVO_2015-12-29.md
RJ,Diario Oficial do Estado do Rio de Janeiro,2015-12-29,Parte I (Poder Executivo),exoneracao,DANIEL OLIVEIRA RIBEIRO,4431563-5,,Governador,1,Wilson Jose Witzel - Governador,Wilson Jose Witzel,Executivo estadual,sim,DANIEL:MISC|Daniel Oliveira Ribeiro:PER,sim,do cargo em comissão de Assessor II,do Instituto Estadual do Ambiente - INEA,"EXONERAR com validade a contar de 01 de dezembro de 2015, DANIEL OLIVEIRA RIBEIRO, ID FUNCIONAL Nº 4431563-5 , do cargo em comissão de Assessor II, símbolo DAS-6, do Instituto Estadual do Ambiente - INEA, da",https://www.ioerj.com.br/portal/modules/conteudoonline/mostra_edicao.php?session=VVRCTk1GSlVUVEZSTUUxMFRYcFpOVTE1TURCUFJWRTBURlJuZUU1VlZYUlJWVTE2VWtWTk5FOUVRa2RTVkVaSFRWUmpNMDlFVlhsTmVsazBUa0U5UFE9PQ==,D:\github\exoneracoes_nomeacoes_dou\LAKE\RJ\2015\12\DOERJ_PARTE_I_PODER_EXECUTIVO_2015-12-29.md
RJ,Diario Oficial do Estado do Rio de Janeiro,2015-12-29,Parte I (Poder Executivo),exoneracao,JOSÉ AUGUSTO ROMANEL RODRIGUES,4332483-5,,Governador,1,Wilson Jose Witzel - Governador,Wilson Jose Witzel,Executivo estadual,sim,JOSÉ AUGUSTO ROMANEL RODRIGUES:PER,sim,do cargo em comissão de Adjunto II,do Instituto Estadual do Ambiente -INEA,"EXONERAR com validade a contar de 01 de dezembro de 2015, JOSÉ AUGUSTO ROMANEL RODRIGUES, ID FUNCIONAL Nº 4332483-5 , do cargo em comissão de Adjunto II, símbolo DAI-2, do Instituto Estadual do Ambiente -INEA, da",https://www.ioerj.com.br/portal/modules/conteudoonline/mostra_edicao.php?session=VVRCTk1GSlVUVEZSTUUxMFRYcFpOVTE1TURCUFJWRTBURlJuZUU1VlZYUlJWVTE2VWtWTk5FOUVRa2RTVkVaSFRWUmpNMDlFVlhsTmVsazBUa0U5UFE9PQ==,D:\github\exoneracoes_nomeacoes_dou\LAKE\RJ\2015\12\DOERJ_PARTE_I_PODER_EXECUTIVO_2015-12-29.md
RJ,Diario Oficial do Estado do Rio de Janeiro,2015-12-29,Parte I (Poder Executivo),nomeacao,ALEXANDRE MOURA DE OLIVEIRA,,,Governador,1,Wilson Jose Witzel - Governador,Wilson Jose Witzel,Executivo estadual,sim,ALEXANDRE MOURA:PER,sim,,do Instituto Estadual do Ambiente -INEA,"NOMEAR ALEXANDRE MOURA DE OLIVEIRA para exercer, com validade a contar de 01 de dezembro de 2015, o cargo em comissão de Adjunto II, símbolo DAI-2, do Instituto Estadual do Ambiente -INEA, da",https://www.ioerj.com.br/portal/modules/conteudoonline/mostra_edicao.php?session=VVRCTk1GSlVUVEZSTUUxMFRYcFpOVTE1TURCUFJWRTBURlJuZUU1VlZYUlJWVTE2VWtWTk5FOUVRa2RTVkVaSFRWUmpNMDlFVlhsTmVsazBUa0U5UFE9PQ==,D:\github\exoneracoes_nomeacoes_dou\LAKE\RJ\2015\12\DOERJ_PARTE_I_PODER_EXECUTIVO_2015-12-29.md
RJ,Diario Oficial do Estado do Rio de Janeiro,2015-12-29,Parte I (Poder Executivo),nomeacao,CARLOS HENRIQUE MOUSINHO NUNES,,,Governador,1,Wilson Jose Witzel - Governador,Wilson Jose Witzel,Executivo estadual,sim,CARLOS HENRIQUE MOUSINHO NUNES:PER,sim,para exercer o cargo em comissão de Coordenador Regional de Políticas Públicas Participativa,,"NOMEAR CARLOS HENRIQUE MOUSINHO NUNES para exercer o cargo em comissão de Coordenador Regional de Políticas Públicas Participativa, símbolo DAS-8, da",https://www.ioerj.com.br/portal/modules/conteudoonline/mostra_edicao.php?session=VVRCTk1GSlVUVEZSTUUxMFRYcFpOVTE1TURCUFJWRTBURlJuZUU1VlZYUlJWVTE2VWtWTk5FOUVRa2RTVkVaSFRWUmpNMDlFVlhsTmVsazBUa0U5UFE9PQ==,D:\github\exoneracoes_nomeacoes_dou\LAKE\RJ\2015\12\DOERJ_PARTE_I_PODER_EXECUTIVO_2015-12-29.md
RJ,Diario Oficial do Estado do Rio de Janeiro,2015-12-29,Parte I (Poder Executivo),nomeacao,LUIZA BRITO FERREIRA,,,Governador,1,Wilson Jose Witzel - Governador,Wilson Jose Witzel,Executivo estadual,sim,LUIZA BRITO FERREIRA:PER,sim,,da Fundação Anita Mantuano de Artes do Estado do Rio de Janeiro -FUNARJ,"NOMEAR LUIZA BRITO FERREIRA para exercer, com validade a contar de 10 de dezembro de 2015, o cargo em comissão de Encarregado de Seção, símbolo DAI-4, da Seção de Manutenção, da Divisão Operacional, da Diretoria Administrativa e Operacional, da Fundação Anita Mantuano de Artes do Estado do Rio de Janeiro -FUNARJ, da",https://www.ioerj.com.br/portal/modules/conteudoonline/mostra_edicao.php?session=VVRCTk1GSlVUVEZSTUUxMFRYcFpOVTE1TURCUFJWRTBURlJuZUU1VlZYUlJWVTE2VWtWTk5FOUVRa2RTVkVaSFRWUmpNMDlFVlhsTmVsazBUa0U5UFE9PQ==,D:\github\exoneracoes_nomeacoes_dou\LAKE\RJ\2015\12\DOERJ_PARTE_I_PODER_EXECUTIVO_2015-12-29.md
RJ,Diario Oficial do Estado do Rio de Janeiro,2015-12-29,Parte I (Poder Executivo),nomeacao,SERVIDORES PÚBLICOS DA,,,Secretario,5,Wilson Jose Witzel - Governador,Wilson Jose Witzel,Executivo estadual,sim,PÚBLICOS:ORG|DA:ORG|Servidores Públicos:PER,sim,,,NOMEAR servidores públicos da,https://www.ioerj.com.br/portal/modules/conteudoonline/mostra_edicao.php?session=VVRCTk1GSlVUVEZSTUUxMFRYcFpOVTE1TURCUFJWRTBURlJuZUU1VlZYUlJWVTE2VWtWTk5FOUVRa2RTVkVaSFRWUmpNMDlFVlhsTmVsazBUa0U5UFE9PQ==,D:\github\exoneracoes_nomeacoes_dou\LAKE\RJ\2015\12\DOERJ_PARTE_I_PODER_EXECUTIVO_2015-12-29.md
RJ,Diario Oficial do Estado do Rio de Janeiro,2015-12-29,Parte I (Poder Executivo),exoneracao,RICARDO SILVA MAGALHÃES,4214000-5,,Secretario,5,Wilson Jose Witzel - Governador,Wilson Jose Witzel,Executivo estadual,sim,RICARDO SILVA MAGALHÃES:PER,sim,do cargo de livre provimento de ASSESSOR III-LICITAÇÕES,da Fundação Saúde do Estado do Rio de Janeiro,"EXONERAR A PEDIDO, RICARDO SILVA MAGALHÃES, Id Funcional nº 4214000-5, a contar de 28/12/2015, do cargo de livre provimento de ASSESSOR III-LICITAÇÕES, símbolo CH, da Gerência Administrativa, da Coordenação de Licitações, da Diretoria Administrativa Financeira, da Fundação Saúde do Estado do Rio de Janeiro. Id: 1925582 ##",https://www.ioerj.com.br/portal/modules/conteudoonline/mostra_edicao.php?session=VVRCTk1GSlVUVEZSTUUxMFRYcFpOVTE1TURCUFJWRTBURlJuZUU1VlZYUlJWVTE2VWtWTk5FOUVRa2RTVkVaSFRWUmpNMDlFVlhsTmVsazBUa0U5UFE9PQ==,D:\github\exoneracoes_nomeacoes_dou\LAKE\RJ\2015\12\DOERJ_PARTE_I_PODER_EXECUTIVO_2015-12-29.md
RJ,Diario Oficial do Estado do Rio de Janeiro,2015-12-28,Parte I (Poder Executivo),nomeacao,VANESSA ALVES SANTIAGO FERREIRA,5008870-0,,Secretario,5,Wilson Jose Witzel - Governador,Wilson Jose Witzel,Executivo estadual,sim,VANESSA ALVES SANTIAGO FERREIRA:MISC|Vanessa Alves Santiago Ferreira:PER,sim,para exercer o cargo em comissão de Supervisor Regional,do Departamento de Trânsito do Estado do Rio de Janeiro - DETRAN/RJ,"NOMEAR VANESSA ALVES SANTIAGO FERREIRA, ID FUNCIONAL Nº 5008870-0 , para exercer o cargo em comissão de Supervisor Regional, símbolo DAS-7, da Coordenadoria de Serviços Descentralizados, da Coordenadoria Geral de Integração de Serviços, do Departamento de Trânsito do Estado do Rio de Janeiro - DETRAN/RJ, da",https://www.ioerj.com.br/portal/modules/conteudoonline/mostra_edicao.php?session=VFVSQ1IwNVZXVFJSYTBsMFVsUkpNVTlUTURCT01GcENURlZKTkZGVVRYUk9hbWhHVFZWRmVVNTZaRUpQUkdONVRWUmpNMDlFVlhsT1JGa3pUbEU5UFE9PQ==,D:\github\exoneracoes_nomeacoes_dou\LAKE\RJ\2015\12\DOERJ_PARTE_I_PODER_EXECUTIVO_2015-12-28.md
RJ,Diario Oficial do Estado do Rio de Janeiro,2015-12-28,Parte I (Poder Executivo),nomeacao,ISABELLA ARRAES PONTES DE MIRANDA,,,Secretario,5,Wilson Jose Witzel - Governador,Wilson Jose Witzel,Executivo estadual,sim,ISABELLA:MISC|Isabella Arraes Pontes:PER,sim,,,"NOMEAR ISABELLA ARRAES PONTES DE MIRANDA para exercer, com validade a contar de 07 de dezembro de 2015, o cargo em comissão de Ajudante I, símbolo DAI-1, da",https://www.ioerj.com.br/portal/modules/conteudoonline/mostra_edicao.php?session=VFVSQ1IwNVZXVFJSYTBsMFVsUkpNVTlUTURCT01GcENURlZKTkZGVVRYUk9hbWhHVFZWRmVVNTZaRUpQUkdONVRWUmpNMDlFVlhsT1JGa3pUbEU5UFE9PQ==,D:\github\exoneracoes_nomeacoes_dou\LAKE\RJ\2015\12\DOERJ_PARTE_I_PODER_EXECUTIVO_2015-12-28.md
RJ,Diario Oficial do Estado do Rio de Janeiro,2015-12-28,Parte I (Poder Executivo),nomeacao,YAN ALVES FERREIRA,,,Secretario,5,Wilson Jose Witzel - Governador,Wilson Jose Witzel,Executivo estadual,sim,ALVES FERREIRA:MISC|Yan Alves Ferreira:PER,sim,,,"NOMEAR YAN ALVES FERREIRA para exercer, com validade a contar de 07 de dezembro de 2015, o cargo em comissão de Ajudante I, símbolo DAI-1, da",https://www.ioerj.com.br/portal/modules/conteudoonline/mostra_edicao.php?session=VFVSQ1IwNVZXVFJSYTBsMFVsUkpNVTlUTURCT01GcENURlZKTkZGVVRYUk9hbWhHVFZWRmVVNTZaRUpQUkdONVRWUmpNMDlFVlhsT1JGa3pUbEU5UFE9PQ==,D:\github\exoneracoes_nomeacoes_dou\LAKE\RJ\2015\12\DOERJ_PARTE_I_PODER_EXECUTIVO_2015-12-28.md
RJ,Diario Oficial do Estado do Rio de Janeiro,2015-12-28,Parte I (Poder Executivo),nomeacao,STEPHANIE DE SOUSA CASTRO,,,Secretario,5,Wilson Jose Witzel - Governador,Wilson Jose Witzel,Executivo estadual,sim,Stephanie De Sousa Castro:PER,sim,,,"NOMEAR STEPHANIE DE SOUSA CASTRO para exercer, com validade a contar de 07 de dezembro de 2015, o cargo em comissão de Ajudante I, símbolo DAI-1, da",https://www.ioerj.com.br/portal/modules/conteudoonline/mostra_edicao.php?session=VFVSQ1IwNVZXVFJSYTBsMFVsUkpNVTlUTURCT01GcENURlZKTkZGVVRYUk9hbWhHVFZWRmVVNTZaRUpQUkdONVRWUmpNMDlFVlhsT1JGa3pUbEU5UFE9PQ==,D:\github\exoneracoes_nomeacoes_dou\LAKE\RJ\2015\12\DOERJ_PARTE_I_PODER_EXECUTIVO_2015-12-28.md
RJ,Diario Oficial do Estado do Rio de Janeiro,2015-12-28,Parte I (Poder Executivo),nomeacao,SUENI MAGALHÃES DA SILVA,,,Secretario,5,Wilson Jose Witzel - Governador,Wilson Jose Witzel,Executivo estadual,sim,SUENI MAGALHÃES DA SILVA:LOC|Sueni Magalhães Da Silva:PER,sim,,,"NOMEAR SUENI MAGALHÃES DA SILVA para exercer, com validade a contar de 07 de dezembro de 2015, o cargo em comissão de Ajudante I, símbolo DAI-1, da",https://www.ioerj.com.br/portal/modules/conteudoonline/mostra_edicao.php?session=VFVSQ1IwNVZXVFJSYTBsMFVsUkpNVTlUTURCT01GcENURlZKTkZGVVRYUk9hbWhHVFZWRmVVNTZaRUpQUkdONVRWUmpNMDlFVlhsT1JGa3pUbEU5UFE9PQ==,D:\github\exoneracoes_nomeacoes_dou\LAKE\RJ\2015\12\DOERJ_PARTE_I_PODER_EXECUTIVO_2015-12-28.md
RJ,Diario Oficial do Estado do Rio de Janeiro,2015-12-28,Parte I (Poder Executivo),nomeacao,JOÃO PEDRO BERNARDES DA SILVA,,,Secretario,5,Wilson Jose Witzel - Governador,Wilson Jose Witzel,Executivo estadual,sim,JOÃO PEDRO BERNARDES DA SILVA:PER,sim,,,"NOMEAR JOÃO PEDRO BERNARDES DA SILVA para exercer, com validade a contar de 07 de dezembro de 2015, o cargo em comissão de Ajudante I, símbolo DAI-1, da",https://www.ioerj.com.br/portal/modules/conteudoonline/mostra_edicao.php?session=VFVSQ1IwNVZXVFJSYTBsMFVsUkpNVTlUTURCT01GcENURlZKTkZGVVRYUk9hbWhHVFZWRmVVNTZaRUpQUkdONVRWUmpNMDlFVlhsT1JGa3pUbEU5UFE9PQ==,D:\github\exoneracoes_nomeacoes_dou\LAKE\RJ\2015\12\DOERJ_PARTE_I_PODER_EXECUTIVO_2015-12-28.md
RJ,Diario Oficial do Estado do Rio de Janeiro,2015-12-28,Parte I (Poder Executivo),nomeacao,ORISVALDO AUGUSTO DE ALMEIDA,,,Secretario,5,Wilson Jose Witzel - Governador,Wilson Jose Witzel,Executivo estadual,sim,ORISVALDO AUGUSTO DE ALMEIDA:MISC|Orisvaldo Augusto De Almeida:PER,sim,,,"NOMEAR ORISVALDO AUGUSTO DE ALMEIDA para exercer, com validade a contar de 07 de dezembro de 2015, o cargo em comissão de Ajudante I, símbolo DAI-1, da",https://www.ioerj.com.br/portal/modules/conteudoonline/mostra_edicao.php?session=VFVSQ1IwNVZXVFJSYTBsMFVsUkpNVTlUTURCT01GcENURlZKTkZGVVRYUk9hbWhHVFZWRmVVNTZaRUpQUkdONVRWUmpNMDlFVlhsT1JGa3pUbEU5UFE9PQ==,D:\github\exoneracoes_nomeacoes_dou\LAKE\RJ\2015\12\DOERJ_PARTE_I_PODER_EXECUTIVO_2015-12-28.md
RJ,Diario Oficial do Estado do Rio de Janeiro,2015-12-28,Parte I (Poder Executivo),nomeacao,PEDRO GONÇALVES,,,Secretario,5,Wilson Jose Witzel - Governador,Wilson Jose Witzel,Executivo estadual,sim,PEDRO GONÇALVES:PER,sim,,,"NOMEAR PEDRO GONÇALVES para exercer, com validade a contar de 07 de dezembro de 2015, o cargo em comissão de Ajudante I, símbolo DAI-1, da",https://www.ioerj.com.br/portal/modules/conteudoonline/mostra_edicao.php?session=VFVSQ1IwNVZXVFJSYTBsMFVsUkpNVTlUTURCT01GcENURlZKTkZGVVRYUk9hbWhHVFZWRmVVNTZaRUpQUkdONVRWUmpNMDlFVlhsT1JGa3pUbEU5UFE9PQ==,D:\github\exoneracoes_nomeacoes_dou\LAKE\RJ\2015\12\DOERJ_PARTE_I_PODER_EXECUTIVO_2015-12-28.md
RJ,Diario Oficial do Estado do Rio de Janeiro,2015-12-28,Parte I (Poder Executivo),nomeacao,RODRIGO RAMOS ALVES,,,Secretario,5,Wilson Jose Witzel - Governador,Wilson Jose Witzel,Executivo estadual,sim,RODRIGO RAMOS ALVES:MISC|Rodrigo Ramos Alves:PER,sim,,,"NOMEAR RODRIGO RAMOS ALVES para exercer, com validade a contar de 07 de dezembro de 2015, o cargo em comissão de Ajudante I, símbolo DAI-1, da",https://www.ioerj.com.br/portal/modules/conteudoonline/mostra_edicao.php?session=VFVSQ1IwNVZXVFJSYTBsMFVsUkpNVTlUTURCT01GcENURlZKTkZGVVRYUk9hbWhHVFZWRmVVNTZaRUpQUkdONVRWUmpNMDlFVlhsT1JGa3pUbEU5UFE9PQ==,D:\github\exoneracoes_nomeacoes_dou\LAKE\RJ\2015\12\DOERJ_PARTE_I_PODER_EXECUTIVO_2015-12-28.md
RJ,Diario Oficial do Estado do Rio de Janeiro,2015-12-28,Parte I (Poder Executivo),nomeacao,ALEX ANTUNES DOS SANTOS,,,Secretario,5,Wilson Jose Witzel - Governador,Wilson Jose Witzel,Executivo estadual,sim,ALEX ANTUNES DOS SANTOS:MISC|Alex Antunes Dos Santos:PER,sim,,,"NOMEAR ALEX ANTUNES DOS SANTOS para exercer, com validade a contar de 07 de dezembro de 2015, o cargo em comissão de Ajudante I, símbolo DAI-1, da",https://www.ioerj.com.br/portal/modules/conteudoonline/mostra_edicao.php?session=VFVSQ1IwNVZXVFJSYTBsMFVsUkpNVTlUTURCT01GcENURlZKTkZGVVRYUk9hbWhHVFZWRmVVNTZaRUpQUkdONVRWUmpNMDlFVlhsT1JGa3pUbEU5UFE9PQ==,D:\github\exoneracoes_nomeacoes_dou\LAKE\RJ\2015\12\DOERJ_PARTE_I_PODER_EXECUTIVO_2015-12-28.md
RJ,Diario Oficial do Estado do Rio de Janeiro,2015-12-28,Parte I (Poder Executivo),nomeacao,BRUNO DIOGO PEREIRA BATISTA,,,Secretario,5,Wilson Jose Witzel - Governador,Wilson Jose Witzel,Executivo estadual,sim,Diogo Pereira Batista:PER,sim,,,"NOMEAR BRUNO DIOGO PEREIRA BATISTA para exercer, com validade a contar de 07 de dezembro de 2015, o cargo em comissão de Ajudante I, símbolo DAI-1, da",https://www.ioerj.com.br/portal/modules/conteudoonline/mostra_edicao.php?session=VFVSQ1IwNVZXVFJSYTBsMFVsUkpNVTlUTURCT01GcENURlZKTkZGVVRYUk9hbWhHVFZWRmVVNTZaRUpQUkdONVRWUmpNMDlFVlhsT1JGa3pUbEU5UFE9PQ==,D:\github\exoneracoes_nomeacoes_dou\LAKE\RJ\2015\12\DOERJ_PARTE_I_PODER_EXECUTIVO_2015-12-28.md
RJ,Diario Oficial do Estado do Rio de Janeiro,2015-12-28,Parte I (Poder Executivo),nomeacao,DAVI MIRANDA CHAMARELLI,,,Secretario,5,Wilson Jose Witzel - Governador,Wilson Jose Witzel,Executivo estadual,sim,MIRANDA CHAMARELLI:MISC|Davi Miranda Chamarelli:PER,sim,,,"NOMEAR DAVI MIRANDA CHAMARELLI para exercer, com validade a contar de 07 de dezembro de 2015, o cargo em comissão de Ajudante I, símbolo DAI-1, da",https://www.ioerj.com.br/portal/modules/conteudoonline/mostra_edicao.php?session=VFVSQ1IwNVZXVFJSYTBsMFVsUkpNVTlUTURCT01GcENURlZKTkZGVVRYUk9hbWhHVFZWRmVVNTZaRUpQUkdONVRWUmpNMDlFVlhsT1JGa3pUbEU5UFE9PQ==,D:\github\exoneracoes_nomeacoes_dou\LAKE\RJ\2015\12\DOERJ_PARTE_I_PODER_EXECUTIVO_2015-12-28.md
RJ,Diario Oficial do Estado do Rio de Janeiro,2015-12-28,Parte I (Poder Executivo),nomeacao,EDSON LUCAS CORDEIRO FILHO,,,Secretario,5,Wilson Jose Witzel - Governador,Wilson Jose Witzel,Executivo estadual,sim,EDSON LUCAS CORDEIRO FILHO:PER,sim,,,"NOMEAR EDSON LUCAS CORDEIRO FILHO para exercer, com validade a contar de 07 de dezembro de 2015, o cargo em comissão de Ajudante I, símbolo DAI-1, da",https://www.ioerj.com.br/portal/modules/conteudoonline/mostra_edicao.php?session=VFVSQ1IwNVZXVFJSYTBsMFVsUkpNVTlUTURCT01GcENURlZKTkZGVVRYUk9hbWhHVFZWRmVVNTZaRUpQUkdONVRWUmpNMDlFVlhsT1JGa3pUbEU5UFE9PQ==,D:\github\exoneracoes_nomeacoes_dou\LAKE\RJ\2015\12\DOERJ_PARTE_I_PODER_EXECUTIVO_2015-12-28.md
RJ,Diario Oficial do Estado do Rio de Janeiro,2015-12-28,Parte I (Poder Executivo),nomeacao,JORGE ALVES,,,Secretario,5,Wilson Jose Witzel - Governador,Wilson Jose Witzel,Executivo estadual,sim,JORGE ALVES:PER,sim,,,"NOMEAR JORGE ALVES para exercer, com validade a contar de 07 de dezembro de 2015, o cargo em comissão de Ajudante I, símbolo DAI-1, da",https://www.ioerj.com.br/portal/modules/conteudoonline/mostra_edicao.php?session=VFVSQ1IwNVZXVFJSYTBsMFVsUkpNVTlUTURCT01GcENURlZKTkZGVVRYUk9hbWhHVFZWRmVVNTZaRUpQUkdONVRWUmpNMDlFVlhsT1JGa3pUbEU5UFE9PQ==,D:\github\exoneracoes_nomeacoes_dou\LAKE\RJ\2015\12\DOERJ_PARTE_I_PODER_EXECUTIVO_2015-12-28.md
RJ,Diario Oficial do Estado do Rio de Janeiro,2015-12-28,Parte I (Poder Executivo),nomeacao,JORGE LUIZ DE GÓES PUPE,,,Secretario,5,Wilson Jose Witzel - Governador,Wilson Jose Witzel,Executivo estadual,sim,JORGE LUIZ DE GÓES PUPE:PER,sim,,,"NOMEAR JORGE LUIZ DE GÓES PUPE para exercer, com validade a contar de 07 de dezembro de 2015, o cargo em comissão de Ajudante I, símbolo DAI-1, da",https://www.ioerj.com.br/portal/modules/conteudoonline/mostra_edicao.php?session=VFVSQ1IwNVZXVFJSYTBsMFVsUkpNVTlUTURCT01GcENURlZKTkZGVVRYUk9hbWhHVFZWRmVVNTZaRUpQUkdONVRWUmpNMDlFVlhsT1JGa3pUbEU5UFE9PQ==,D:\github\exoneracoes_nomeacoes_dou\LAKE\RJ\2015\12\DOERJ_PARTE_I_PODER_EXECUTIVO_2015-12-28.md
RJ,Diario Oficial do Estado do Rio de Janeiro,2015-12-28,Parte I (Poder Executivo),nomeacao,JOSÉ CARLOS RODRIGUES,,,Secretario,5,Wilson Jose Witzel - Governador,Wilson Jose Witzel,Executivo estadual,sim,JOSÉ CARLOS RODRIGUES:PER,sim,,,"NOMEAR JOSÉ CARLOS RODRIGUES para exercer, com validade a contar de 07 de dezembro de 2015, o cargo em comissão de Ajudante I, símbolo DAI-1, da",https://www.ioerj.com.br/portal/modules/conteudoonline/mostra_edicao.php?session=VFVSQ1IwNVZXVFJSYTBsMFVsUkpNVTlUTURCT01GcENURlZKTkZGVVRYUk9hbWhHVFZWRmVVNTZaRUpQUkdONVRWUmpNMDlFVlhsT1JGa3pUbEU5UFE9PQ==,D:\github\exoneracoes_nomeacoes_dou\LAKE\RJ\2015\12\DOERJ_PARTE_I_PODER_EXECUTIVO_2015-12-28.md
RJ,Diario Oficial do Estado do Rio de Janeiro,2015-12-28,Parte I (Poder Executivo),nomeacao,LUIZ ANTONIO PINTO BRAGA,,,Secretario,5,Wilson Jose Witzel - Governador,Wilson Jose Witzel,Executivo estadual,sim,LUIZ ANTONIO PINTO BRAGA:PER,sim,,,"NOMEAR LUIZ ANTONIO PINTO BRAGA para exercer, com validade a contar de 07 de dezembro de 2015, o cargo em comissão de Ajudante I, símbolo DAI-1, da",https://www.ioerj.com.br/portal/modules/conteudoonline/mostra_edicao.php?session=VFVSQ1IwNVZXVFJSYTBsMFVsUkpNVTlUTURCT01GcENURlZKTkZGVVRYUk9hbWhHVFZWRmVVNTZaRUpQUkdONVRWUmpNMDlFVlhsT1JGa3pUbEU5UFE9PQ==,D:\github\exoneracoes_nomeacoes_dou\LAKE\RJ\2015\12\DOERJ_PARTE_I_PODER_EXECUTIVO_2015-12-28.md
RJ,Diario Oficial do Estado do Rio de Janeiro,2015-12-28,Parte I (Poder Executivo),nomeacao,MARCELO MONSORES MARTINS,,,Secretario,5,Wilson Jose Witzel - Governador,Wilson Jose Witzel,Executivo estadual,sim,MARCELO MONSORES MARTINS:MISC|Marcelo Monsores Martins:PER,sim,,,"NOMEAR MARCELO MONSORES MARTINS para exercer, com validade a contar de 07 de dezembro de 2015, o cargo em comissão de Ajudante I, símbolo DAI-1, da",https://www.ioerj.com.br/portal/modules/conteudoonline/mostra_edicao.php?session=VFVSQ1IwNVZXVFJSYTBsMFVsUkpNVTlUTURCT01GcENURlZKTkZGVVRYUk9hbWhHVFZWRmVVNTZaRUpQUkdONVRWUmpNMDlFVlhsT1JGa3pUbEU5UFE9PQ==,D:\github\exoneracoes_nomeacoes_dou\LAKE\RJ\2015\12\DOERJ_PARTE_I_PODER_EXECUTIVO_2015-12-28.md
RJ,Diario Oficial do Estado do Rio de Janeiro,2015-12-28,Parte I (Poder Executivo),nomeacao,MARCIO LUIZ TABUQUINI SODRÉ,,,Secretario,5,Wilson Jose Witzel - Governador,Wilson Jose Witzel,Executivo estadual,sim,MARCIO:ORG|TABUQUINI SODRÉ:MISC|Marcio Luiz Tabuquini Sodré:PER,sim,,,"NOMEAR MARCIO LUIZ TABUQUINI SODRÉ para exercer, com validade a contar de 07 de dezembro de 2015, o cargo em comissão de Ajudante I, símbolo DAI-1, da",https://www.ioerj.com.br/portal/modules/conteudoonline/mostra_edicao.php?session=VFVSQ1IwNVZXVFJSYTBsMFVsUkpNVTlUTURCT01GcENURlZKTkZGVVRYUk9hbWhHVFZWRmVVNTZaRUpQUkdONVRWUmpNMDlFVlhsT1JGa3pUbEU5UFE9PQ==,D:\github\exoneracoes_nomeacoes_dou\LAKE\RJ\2015\12\DOERJ_PARTE_I_PODER_EXECUTIVO_2015-12-28.md
RJ,Diario Oficial do Estado do Rio de Janeiro,2015-12-28,Parte I (Poder Executivo),nomeacao,MAURO DA SILVA LAURINDO,,,Secretario,5,Wilson Jose Witzel - Governador,Wilson Jose Witzel,Executivo estadual,sim,MAURO:MISC|LAURINDO:PER,sim,,,"NOMEAR MAURO DA SILVA LAURINDO para exercer, com validade a contar de 07 de dezembro de 2015, o cargo em comissão de Ajudante I, símbolo DAI-1, da",https://www.ioerj.com.br/portal/modules/conteudoonline/mostra_edicao.php?session=VFVSQ1IwNVZXVFJSYTBsMFVsUkpNVTlUTURCT01GcENURlZKTkZGVVRYUk9hbWhHVFZWRmVVNTZaRUpQUkdONVRWUmpNMDlFVlhsT1JGa3pUbEU5UFE9PQ==,D:\github\exoneracoes_nomeacoes_dou\LAKE\RJ\2015\12\DOERJ_PARTE_I_PODER_EXECUTIVO_2015-12-28.md
RJ,Diario Oficial do Estado do Rio de Janeiro,2015-12-28,Parte I (Poder Executivo),nomeacao,REINALDO PAVÃO ZOTTOLO,,,Secretario,5,Wilson Jose Witzel - Governador,Wilson Jose Witzel,Executivo estadual,sim,REINALDO:ORG|Reinaldo Pavão Zottolo:PER,sim,,,"NOMEAR REINALDO PAVÃO ZOTTOLO para exercer, com validade a contar de 07 de dezembro de 2015, o cargo em comissão de Ajudante I, símbolo DAI-1, da",https://www.ioerj.com.br/portal/modules/conteudoonline/mostra_edicao.php?session=VFVSQ1IwNVZXVFJSYTBsMFVsUkpNVTlUTURCT01GcENURlZKTkZGVVRYUk9hbWhHVFZWRmVVNTZaRUpQUkdONVRWUmpNMDlFVlhsT1JGa3pUbEU5UFE9PQ==,D:\github\exoneracoes_nomeacoes_dou\LAKE\RJ\2015\12\DOERJ_PARTE_I_PODER_EXECUTIVO_2015-12-28.md
RJ,Diario Oficial do Estado do Rio de Janeiro,2015-12-28,Parte I (Poder Executivo),nomeacao,SIDNEI DA SILVA BEZERRA,,,Secretario,5,Wilson Jose Witzel - Governador,Wilson Jose Witzel,Executivo estadual,sim,SIDNEI DA SILVA:MISC|Sidnei Da Silva:PER,sim,,,"NOMEAR SIDNEI DA SILVA BEZERRA para exercer, com validade a contar de 07 de dezembro de 2015, o cargo em comissão de Ajudante I, símbolo DAI-1, da",https://www.ioerj.com.br/portal/modules/conteudoonline/mostra_edicao.php?session=VFVSQ1IwNVZXVFJSYTBsMFVsUkpNVTlUTURCT01GcENURlZKTkZGVVRYUk9hbWhHVFZWRmVVNTZaRUpQUkdONVRWUmpNMDlFVlhsT1JGa3pUbEU5UFE9PQ==,D:\github\exoneracoes_nomeacoes_dou\LAKE\RJ\2015\12\DOERJ_PARTE_I_PODER_EXECUTIVO_2015-12-28.md
RJ,Diario Oficial do Estado do Rio de Janeiro,2015-12-28,Parte I (Poder Executivo),nomeacao,ADRIANO DA SILVA PERCÍCULA,,,Secretario,5,Wilson Jose Witzel - Governador,Wilson Jose Witzel,Executivo estadual,sim,ADRIANO DA SILVA PERCÍCULA:PER,sim,,,"NOMEAR ADRIANO DA SILVA PERCÍCULA para exercer, com validade a contar de 07 de dezembro de 2015, o cargo em comissão de Ajudante I, símbolo DAI-1, da",https://www.ioerj.com.br/portal/modules/conteudoonline/mostra_edicao.php?session=VFVSQ1IwNVZXVFJSYTBsMFVsUkpNVTlUTURCT01GcENURlZKTkZGVVRYUk9hbWhHVFZWRmVVNTZaRUpQUkdONVRWUmpNMDlFVlhsT1JGa3pUbEU5UFE9PQ==,D:\github\exoneracoes_nomeacoes_dou\LAKE\RJ\2015\12\DOERJ_PARTE_I_PODER_EXECUTIVO_2015-12-28.md
RJ,Diario Oficial do Estado do Rio de Janeiro,2015-12-28,Parte I (Poder Executivo),nomeacao,ALBERTO FONSECA TENÓRIO DE PAULA,,,Secretario,5,Wilson Jose Witzel - Governador,Wilson Jose Witzel,Executivo estadual,sim,ALBERTO FONSECA TENÓRIO DE PAULA:PER,sim,,,"NOMEAR ALBERTO FONSECA TENÓRIO DE PAULA para exercer, com validade a contar de 07 de dezembro de 2015, o cargo em comissão de Ajudante I, símbolo DAI-1, da",https://www.ioerj.com.br/portal/modules/conteudoonline/mostra_edicao.php?session=VFVSQ1IwNVZXVFJSYTBsMFVsUkpNVTlUTURCT01GcENURlZKTkZGVVRYUk9hbWhHVFZWRmVVNTZaRUpQUkdONVRWUmpNMDlFVlhsT1JGa3pUbEU5UFE9PQ==,D:\github\exoneracoes_nomeacoes_dou\LAKE\RJ\2015\12\DOERJ_PARTE_I_PODER_EXECUTIVO_2015-12-28.md
RJ,Diario Oficial do Estado do Rio de Janeiro,2015-12-28,Parte I (Poder Executivo),nomeacao,ALCIMAR GOMES DA SILVA,4389530-1,,Secretario,5,Wilson Jose Witzel - Governador,Wilson Jose Witzel,Executivo estadual,sim,ALCIMAR GOMES DA SILVA:MISC|Alcimar Gomes Da Silva:PER,sim,,,"NOMEAR ALCIMAR GOMES DA SILVA, ID FUNCIONAL Nº 4389530-1 , para exercer, com validade a contar de 07 de dezembro de 2015, o cargo em comissão de Ajudante I, símbolo DAI-1, da",https://www.ioerj.com.br/portal/modules/conteudoonline/mostra_edicao.php?session=VFVSQ1IwNVZXVFJSYTBsMFVsUkpNVTlUTURCT01GcENURlZKTkZGVVRYUk9hbWhHVFZWRmVVNTZaRUpQUkdONVRWUmpNMDlFVlhsT1JGa3pUbEU5UFE9PQ==,D:\github\exoneracoes_nomeacoes_dou\LAKE\RJ\2015\12\DOERJ_PARTE_I_PODER_EXECUTIVO_2015-12-28.md
RJ,Diario Oficial do Estado do Rio de Janeiro,2015-12-28,Parte I (Poder Executivo),nomeacao,ARMANDO RAMON DA SILVA,,,Secretario,5,Wilson Jose Witzel - Governador,Wilson Jose Witzel,Executivo estadual,sim,ARMANDO RAMON DA SILVA:MISC|Armando Ramon Da Silva:PER,sim,,,"NOMEAR ARMANDO RAMON DA SILVA para exercer, com validade a contar de 07 de dezembro de 2015, o cargo em comissão de Ajudante I, símbolo DAI-1, da",https://www.ioerj.com.br/portal/modules/conteudoonline/mostra_edicao.php?session=VFVSQ1IwNVZXVFJSYTBsMFVsUkpNVTlUTURCT01GcENURlZKTkZGVVRYUk9hbWhHVFZWRmVVNTZaRUpQUkdONVRWUmpNMDlFVlhsT1JGa3pUbEU5UFE9PQ==,D:\github\exoneracoes_nomeacoes_dou\LAKE\RJ\2015\12\DOERJ_PARTE_I_PODER_EXECUTIVO_2015-12-28.md
RJ,Diario Oficial do Estado do Rio de Janeiro,2015-12-28,Parte I (Poder Executivo),nomeacao,AUDRIM HERCULES NASCIMENTO FRANCO,,,Secretario,5,Wilson Jose Witzel - Governador,Wilson Jose Witzel,Executivo estadual,sim,HERCULES NASCIMENTO FRANCO:PER,sim,,,"NOMEAR AUDRIM HERCULES NASCIMENTO FRANCO para exercer, com validade a contar de 07 de dezembro de 2015, o cargo em comissão de Ajudante I, símbolo DAI-1, da",https://www.ioerj.com.br/portal/modules/conteudoonline/mostra_edicao.php?session=VFVSQ1IwNVZXVFJSYTBsMFVsUkpNVTlUTURCT01GcENURlZKTkZGVVRYUk9hbWhHVFZWRmVVNTZaRUpQUkdONVRWUmpNMDlFVlhsT1JGa3pUbEU5UFE9PQ==,D:\github\exoneracoes_nomeacoes_dou\LAKE\RJ\2015\12\DOERJ_PARTE_I_PODER_EXECUTIVO_2015-12-28.md
RJ,Diario Oficial do Estado do Rio de Janeiro,2015-12-28,Parte I (Poder Executivo),nomeacao,BRUNO MOREIRA DE MENDONÇA,,,Secretario,5,Wilson Jose Witzel - Governador,Wilson Jose Witzel,Executivo estadual,sim,MOREIRA DE MENDONÇA:LOC|Bruno Moreira De Mendonça:PER,sim,,,"NOMEAR BRUNO MOREIRA DE MENDONÇA para exercer, com validade a contar de 07 de dezembro de 2015, o cargo em comissão de Ajudante I, símbolo DAI-1, da",https://www.ioerj.com.br/portal/modules/conteudoonline/mostra_edicao.php?session=VFVSQ1IwNVZXVFJSYTBsMFVsUkpNVTlUTURCT01GcENURlZKTkZGVVRYUk9hbWhHVFZWRmVVNTZaRUpQUkdONVRWUmpNMDlFVlhsT1JGa3pUbEU5UFE9PQ==,D:\github\exoneracoes_nomeacoes_dou\LAKE\RJ\2015\12\DOERJ_PARTE_I_PODER_EXECUTIVO_2015-12-28.md
RJ,Diario Oficial do Estado do Rio de Janeiro,2015-12-28,Parte I (Poder Executivo),nomeacao,BRUNO SILVA DE ALMEIDA,,,Secretario,5,Wilson Jose Witzel - Governador,Wilson Jose Witzel,Executivo estadual,sim,Bruno Silva:PER,sim,,,"NOMEAR BRUNO SILVA DE ALMEIDA para exercer, com validade a contar de 07 de dezembro de 2015, o cargo em comissão de Ajudante I, símbolo DAI-1, da",https://www.ioerj.com.br/portal/modules/conteudoonline/mostra_edicao.php?session=VFVSQ1IwNVZXVFJSYTBsMFVsUkpNVTlUTURCT01GcENURlZKTkZGVVRYUk9hbWhHVFZWRmVVNTZaRUpQUkdONVRWUmpNMDlFVlhsT1JGa3pUbEU5UFE9PQ==,D:\github\exoneracoes_nomeacoes_dou\LAKE\RJ\2015\12\DOERJ_PARTE_I_PODER_EXECUTIVO_2015-12-28.md
RJ,Diario Oficial do Estado do Rio de Janeiro,2015-12-28,Parte I (Poder Executivo),nomeacao,CHARLES LUIZ TAVARES DA SILVA LEANDRO,,,Secretario,5,Wilson Jose Witzel - Governador,Wilson Jose Witzel,Executivo estadual,sim,CHARLES LUIZ TAVARES DA SILVA LEANDRO:PER,sim,,,"NOMEAR CHARLES LUIZ TAVARES DA SILVA LEANDRO para exercer, com validade a contar de 07 de dezembro de 2015, o cargo em comissão de Ajudante I, símbolo DAI-1, da",https://www.ioerj.com.br/portal/modules/conteudoonline/mostra_edicao.php?session=VFVSQ1IwNVZXVFJSYTBsMFVsUkpNVTlUTURCT01GcENURlZKTkZGVVRYUk9hbWhHVFZWRmVVNTZaRUpQUkdONVRWUmpNMDlFVlhsT1JGa3pUbEU5UFE9PQ==,D:\github\exoneracoes_nomeacoes_dou\LAKE\RJ\2015\12\DOERJ_PARTE_I_PODER_EXECUTIVO_2015-12-28.md
RJ,Diario Oficial do Estado do Rio de Janeiro,2015-12-28,Parte I (Poder Executivo),nomeacao,DAVID BALDEZ FALCÃO,,,Secretario,5,Wilson Jose Witzel - Governador,Wilson Jose Witzel,Executivo estadual,sim,DAVID BALDEZ:PER,sim,,,"NOMEAR DAVID BALDEZ FALCÃO para exercer, com validade a contar de 07 de dezembro de 2015, o cargo em comissão de Ajudante I, símbolo DAI-1, da",https://www.ioerj.com.br/portal/modules/conteudoonline/mostra_edicao.php?session=VFVSQ1IwNVZXVFJSYTBsMFVsUkpNVTlUTURCT01GcENURlZKTkZGVVRYUk9hbWhHVFZWRmVVNTZaRUpQUkdONVRWUmpNMDlFVlhsT1JGa3pUbEU5UFE9PQ==,D:\github\exoneracoes_nomeacoes_dou\LAKE\RJ\2015\12\DOERJ_PARTE_I_PODER_EXECUTIVO_2015-12-28.md
RJ,Diario Oficial do Estado do Rio de Janeiro,2015-12-28,Parte I (Poder Executivo),nomeacao,DOUGLAS DOS SANTOS DA CONCEIÇÃO,,,Secretario,5,Wilson Jose Witzel - Governador,Wilson Jose Witzel,Executivo estadual,sim,DOUGLAS DOS SANTOS:MISC|CONCEIÇÃO:ORG|Douglas Dos Santos Da Conceição:PER,sim,,,"NOMEAR DOUGLAS DOS SANTOS DA CONCEIÇÃO para exercer, com validade a contar de 07 de dezembro de 2015, o cargo em comissão de Ajudante I, símbolo DAI-1, da",https://www.ioerj.com.br/portal/modules/conteudoonline/mostra_edicao.php?session=VFVSQ1IwNVZXVFJSYTBsMFVsUkpNVTlUTURCT01GcENURlZKTkZGVVRYUk9hbWhHVFZWRmVVNTZaRUpQUkdONVRWUmpNMDlFVlhsT1JGa3pUbEU5UFE9PQ==,D:\github\exoneracoes_nomeacoes_dou\LAKE\RJ\2015\12\DOERJ_PARTE_I_PODER_EXECUTIVO_2015-12-28.md
RJ,Diario Oficial do Estado do Rio de Janeiro,2015-12-28,Parte I (Poder Executivo),nomeacao,DOUGLAS PEDROSA DOS SANTOS,,,Secretario,5,Wilson Jose Witzel - Governador,Wilson Jose Witzel,Executivo estadual,sim,DOUGLAS PEDROSA DOS SANTOS:MISC|Douglas Pedrosa Dos Santos:PER,sim,,,"NOMEAR DOUGLAS PEDROSA DOS SANTOS para exercer, com validade a contar de 07 de dezembro de 2015, o cargo em comissão de Ajudante I, símbolo DAI-1, da",https://www.ioerj.com.br/portal/modules/conteudoonline/mostra_edicao.php?session=VFVSQ1IwNVZXVFJSYTBsMFVsUkpNVTlUTURCT01GcENURlZKTkZGVVRYUk9hbWhHVFZWRmVVNTZaRUpQUkdONVRWUmpNMDlFVlhsT1JGa3pUbEU5UFE9PQ==,D:\github\exoneracoes_nomeacoes_dou\LAKE\RJ\2015\12\DOERJ_PARTE_I_PODER_EXECUTIVO_2015-12-28.md
RJ,Diario Oficial do Estado do Rio de Janeiro,2015-12-28,Parte I (Poder Executivo),nomeacao,EDUARDO AUGUSTO GOMES DE SOUZA,,,Secretario,5,Wilson Jose Witzel - Governador,Wilson Jose Witzel,Executivo estadual,sim,EDUARDO AUGUSTO GOMES DE SOUZA:MISC|Eduardo Augusto Gomes De Souza:PER,sim,,,"NOMEAR EDUARDO AUGUSTO GOMES DE SOUZA para exercer, com validade a contar de 07 de dezembro de 2015, o cargo em comissão de Ajudante I, símbolo DAI-1, da",https://www.ioerj.com.br/portal/modules/conteudoonline/mostra_edicao.php?session=VFVSQ1IwNVZXVFJSYTBsMFVsUkpNVTlUTURCT01GcENURlZKTkZGVVRYUk9hbWhHVFZWRmVVNTZaRUpQUkdONVRWUmpNMDlFVlhsT1JGa3pUbEU5UFE9PQ==,D:\github\exoneracoes_nomeacoes_dou\LAKE\RJ\2015\12\DOERJ_PARTE_I_PODER_EXECUTIVO_2015-12-28.md
RJ,Diario Oficial do Estado do Rio de Janeiro,2015-12-28,Parte I (Poder Executivo),nomeacao,EDUARDO FERREIRA DOS SANTOS,,,Secretario,5,Wilson Jose Witzel - Governador,Wilson Jose Witzel,Executivo estadual,sim,EDUARDO FERREIRA DOS SANTOS:MISC|Eduardo Ferreira Dos Santos:PER,sim,,,"NOMEAR EDUARDO FERREIRA DOS SANTOS para exercer, com validade a contar de 07 de dezembro de 2015, o cargo em comissão de Ajudante I, símbolo DAI-1, da",https://www.ioerj.com.br/portal/modules/conteudoonline/mostra_edicao.php?session=VFVSQ1IwNVZXVFJSYTBsMFVsUkpNVTlUTURCT01GcENURlZKTkZGVVRYUk9hbWhHVFZWRmVVNTZaRUpQUkdONVRWUmpNMDlFVlhsT1JGa3pUbEU5UFE9PQ==,D:\github\exoneracoes_nomeacoes_dou\LAKE\RJ\2015\12\DOERJ_PARTE_I_PODER_EXECUTIVO_2015-12-28.md
RJ,Diario Oficial do Estado do Rio de Janeiro,2015-12-28,Parte I (Poder Executivo),nomeacao,ERICK LIMA DE SOUZA,,,Secretario,5,Wilson Jose Witzel - Governador,Wilson Jose Witzel,Executivo estadual,sim,ERICK LIMA DE SOUZA:MISC|Erick Lima De Souza:PER,sim,,,"NOMEAR ERICK LIMA DE SOUZA para exercer, com validade a contar de 07 de dezembro de 2015, o cargo em comissão de Ajudante I, símbolo DAI-1, da",https://www.ioerj.com.br/portal/modules/conteudoonline/mostra_edicao.php?session=VFVSQ1IwNVZXVFJSYTBsMFVsUkpNVTlUTURCT01GcENURlZKTkZGVVRYUk9hbWhHVFZWRmVVNTZaRUpQUkdONVRWUmpNMDlFVlhsT1JGa3pUbEU5UFE9PQ==,D:\github\exoneracoes_nomeacoes_dou\LAKE\RJ\2015\12\DOERJ_PARTE_I_PODER_EXECUTIVO_2015-12-28.md
RJ,Diario Oficial do Estado do Rio de Janeiro,2015-12-28,Parte I (Poder Executivo),nomeacao,EVERTON CORREA LIMA,,,Secretario,5,Wilson Jose Witzel - Governador,Wilson Jose Witzel,Executivo estadual,sim,EVERTON CORREA:PER,sim,,,"NOMEAR EVERTON CORREA LIMA para exercer, com validade a contar de 07 de dezembro de 2015, o cargo em comissão de Ajudante I, símbolo DAI-1, da",https://www.ioerj.com.br/portal/modules/conteudoonline/mostra_edicao.php?session=VFVSQ1IwNVZXVFJSYTBsMFVsUkpNVTlUTURCT01GcENURlZKTkZGVVRYUk9hbWhHVFZWRmVVNTZaRUpQUkdONVRWUmpNMDlFVlhsT1JGa3pUbEU5UFE9PQ==,D:\github\exoneracoes_nomeacoes_dou\LAKE\RJ\2015\12\DOERJ_PARTE_I_PODER_EXECUTIVO_2015-12-28.md
RJ,Diario Oficial do Estado do Rio de Janeiro,2015-12-28,Parte I (Poder Executivo),nomeacao,FELIPE DA SILVA RAMOS,,,Secretario,5,Wilson Jose Witzel - Governador,Wilson Jose Witzel,Executivo estadual,sim,FELIPE DA SILVA RAMOS:PER,sim,,,"NOMEAR FELIPE DA SILVA RAMOS para exercer, com validade a contar de 07 de dezembro de 2015, o cargo em comissão de Ajudante I, símbolo DAI-1, da",https://www.ioerj.com.br/portal/modules/conteudoonline/mostra_edicao.php?session=VFVSQ1IwNVZXVFJSYTBsMFVsUkpNVTlUTURCT01GcENURlZKTkZGVVRYUk9hbWhHVFZWRmVVNTZaRUpQUkdONVRWUmpNMDlFVlhsT1JGa3pUbEU5UFE9PQ==,D:\github\exoneracoes_nomeacoes_dou\LAKE\RJ\2015\12\DOERJ_PARTE_I_PODER_EXECUTIVO_2015-12-28.md
RJ,Diario Oficial do Estado do Rio de Janeiro,2015-12-28,Parte I (Poder Executivo),nomeacao,GEISON MATHEUS CAMPANHA DA SILVA,,,Secretario,5,Wilson Jose Witzel - Governador,Wilson Jose Witzel,Executivo estadual,sim,GEISON MATHEUS CAMPANHA DA SILVA:MISC|Geison Matheus Campanha Da Silva:PER,sim,,,"NOMEAR GEISON MATHEUS CAMPANHA DA SILVA para exercer, com validade a contar de 07 de dezembro de 2015, o cargo em comissão de Ajudante I, símbolo DAI-1, da",https://www.ioerj.com.br/portal/modules/conteudoonline/mostra_edicao.php?session=VFVSQ1IwNVZXVFJSYTBsMFVsUkpNVTlUTURCT01GcENURlZKTkZGVVRYUk9hbWhHVFZWRmVVNTZaRUpQUkdONVRWUmpNMDlFVlhsT1JGa3pUbEU5UFE9PQ==,D:\github\exoneracoes_nomeacoes_dou\LAKE\RJ\2015\12\DOERJ_PARTE_I_PODER_EXECUTIVO_2015-12-28.md
RJ,Diario Oficial do Estado do Rio de Janeiro,2015-12-28,Parte I (Poder Executivo),nomeacao,GUSTAVO LOPES JORGE,,,Secretario,5,Wilson Jose Witzel - Governador,Wilson Jose Witzel,Executivo estadual,sim,GUSTAVO LOPES JORGE:PER,sim,,,"NOMEAR GUSTAVO LOPES JORGE para exercer, com validade a contar de 07 de dezembro de 2015, o cargo em comissão de Ajudante I, símbolo DAI-1, da",https://www.ioerj.com.br/portal/modules/conteudoonline/mostra_edicao.php?session=VFVSQ1IwNVZXVFJSYTBsMFVsUkpNVTlUTURCT01GcENURlZKTkZGVVRYUk9hbWhHVFZWRmVVNTZaRUpQUkdONVRWUmpNMDlFVlhsT1JGa3pUbEU5UFE9PQ==,D:\github\exoneracoes_nomeacoes_dou\LAKE\RJ\2015\12\DOERJ_PARTE_I_PODER_EXECUTIVO_2015-12-28.md
RJ,Diario Oficial do Estado do Rio de Janeiro,2015-12-28,Parte I (Poder Executivo),nomeacao,HUDSON ALVES ARAÚJO,,,Secretario,5,Wilson Jose Witzel - Governador,Wilson Jose Witzel,Executivo estadual,sim,HUDSON ALVES ARAÚJO:MISC|Hudson Alves Araújo:PER,sim,,,"NOMEAR HUDSON ALVES ARAÚJO para exercer, com validade a contar de 07 de dezembro de 2015, o cargo em comissão de Ajudante I, símbolo DAI-1, da",https://www.ioerj.com.br/portal/modules/conteudoonline/mostra_edicao.php?session=VFVSQ1IwNVZXVFJSYTBsMFVsUkpNVTlUTURCT01GcENURlZKTkZGVVRYUk9hbWhHVFZWRmVVNTZaRUpQUkdONVRWUmpNMDlFVlhsT1JGa3pUbEU5UFE9PQ==,D:\github\exoneracoes_nomeacoes_dou\LAKE\RJ\2015\12\DOERJ_PARTE_I_PODER_EXECUTIVO_2015-12-28.md
RJ,Diario Oficial do Estado do Rio de Janeiro,2015-12-28,Parte I (Poder Executivo),nomeacao,IGOR DA SILVA LUCIANO,,,Secretario,5,Wilson Jose Witzel - Governador,Wilson Jose Witzel,Executivo estadual,sim,IGOR DA SILVA LUCIANO:MISC|Igor Da Silva Luciano:PER,sim,,,"NOMEAR IGOR DA SILVA LUCIANO para exercer, com validade a contar de 07 de dezembro de 2015, o cargo em comissão de Ajudante I, símbolo DAI-1, da",https://www.ioerj.com.br/portal/modules/conteudoonline/mostra_edicao.php?session=VFVSQ1IwNVZXVFJSYTBsMFVsUkpNVTlUTURCT01GcENURlZKTkZGVVRYUk9hbWhHVFZWRmVVNTZaRUpQUkdONVRWUmpNMDlFVlhsT1JGa3pUbEU5UFE9PQ==,D:\github\exoneracoes_nomeacoes_dou\LAKE\RJ\2015\12\DOERJ_PARTE_I_PODER_EXECUTIVO_2015-12-28.md
RJ,Diario Oficial do Estado do Rio de Janeiro,2015-12-28,Parte I (Poder Executivo),nomeacao,ITAJACI SOUZA ROCHA,,,Secretario,5,Wilson Jose Witzel - Governador,Wilson Jose Witzel,Executivo estadual,sim,SOUZA ROCHA:LOC|Souza Rocha:PER,sim,,,"NOMEAR ITAJACI SOUZA ROCHA para exercer, com validade a contar de 07 de dezembro de 2015, o cargo em comissão de Ajudante I, símbolo DAI-1, da",https://www.ioerj.com.br/portal/modules/conteudoonline/mostra_edicao.php?session=VFVSQ1IwNVZXVFJSYTBsMFVsUkpNVTlUTURCT01GcENURlZKTkZGVVRYUk9hbWhHVFZWRmVVNTZaRUpQUkdONVRWUmpNMDlFVlhsT1JGa3pUbEU5UFE9PQ==,D:\github\exoneracoes_nomeacoes_dou\LAKE\RJ\2015\12\DOERJ_PARTE_I_PODER_EXECUTIVO_2015-12-28.md
RJ,Diario Oficial do Estado do Rio de Janeiro,2015-12-28,Parte I (Poder Executivo),nomeacao,JEFFERSON MIRANDA DE JESUS,,,Secretario,5,Wilson Jose Witzel - Governador,Wilson Jose Witzel,Executivo estadual,sim,JEFFERSON MIRANDA:MISC|Jefferson Miranda De Jesus:PER,sim,,,"NOMEAR JEFFERSON MIRANDA DE JESUS para exercer, com validade a contar de 07 de dezembro de 2015, o cargo em comissão de Ajudante I, símbolo DAI-1, da",https://www.ioerj.com.br/portal/modules/conteudoonline/mostra_edicao.php?session=VFVSQ1IwNVZXVFJSYTBsMFVsUkpNVTlUTURCT01GcENURlZKTkZGVVRYUk9hbWhHVFZWRmVVNTZaRUpQUkdONVRWUmpNMDlFVlhsT1JGa3pUbEU5UFE9PQ==,D:\github\exoneracoes_nomeacoes_dou\LAKE\RJ\2015\12\DOERJ_PARTE_I_PODER_EXECUTIVO_2015-12-28.md
RJ,Diario Oficial do Estado do Rio de Janeiro,2015-12-28,Parte I (Poder Executivo),nomeacao,JOÃO PEDRO NASCIMENTO SANTOS,,,Secretario,5,Wilson Jose Witzel - Governador,Wilson Jose Witzel,Executivo estadual,sim,JOÃO PEDRO NASCIMENTO SANTOS:PER,sim,,,"NOMEAR JOÃO PEDRO NASCIMENTO SANTOS para exercer, com validade a contar de 07 de dezembro de 2015, o cargo em comissão de Ajudante I, símbolo DAI-1, da",https://www.ioerj.com.br/portal/modules/conteudoonline/mostra_edicao.php?session=VFVSQ1IwNVZXVFJSYTBsMFVsUkpNVTlUTURCT01GcENURlZKTkZGVVRYUk9hbWhHVFZWRmVVNTZaRUpQUkdONVRWUmpNMDlFVlhsT1JGa3pUbEU5UFE9PQ==,D:\github\exoneracoes_nomeacoes_dou\LAKE\RJ\2015\12\DOERJ_PARTE_I_PODER_EXECUTIVO_2015-12-28.md
RJ,Diario Oficial do Estado do Rio de Janeiro,2015-12-28,Parte I (Poder Executivo),nomeacao,JOCSÃ DA COSTA SOUZA AUGUSTO,,,Secretario,5,Wilson Jose Witzel - Governador,Wilson Jose Witzel,Executivo estadual,sim,JOCSÃ DA COSTA SOUZA AUGUSTO:MISC|Jocsã Da Costa Souza Augusto:PER,sim,,,"NOMEAR JOCSÃ DA COSTA SOUZA AUGUSTO para exercer, com validade a contar de 07 de dezembro de 2015, o cargo em comissão de Ajudante I, símbolo DAI-1, da",https://www.ioerj.com.br/portal/modules/conteudoonline/mostra_edicao.php?session=VFVSQ1IwNVZXVFJSYTBsMFVsUkpNVTlUTURCT01GcENURlZKTkZGVVRYUk9hbWhHVFZWRmVVNTZaRUpQUkdONVRWUmpNMDlFVlhsT1JGa3pUbEU5UFE9PQ==,D:\github\exoneracoes_nomeacoes_dou\LAKE\RJ\2015\12\DOERJ_PARTE_I_PODER_EXECUTIVO_2015-12-28.md
RJ,Diario Oficial do Estado do Rio de Janeiro,2015-12-28,Parte I (Poder Executivo),nomeacao,JOHNNY ROCHA CHRISTIANI,,,Secretario,5,Wilson Jose Witzel - Governador,Wilson Jose Witzel,Executivo estadual,sim,JOHNNY ROCHA CHRISTIANI:MISC|Johnny Rocha Christiani:PER,sim,,,"NOMEAR JOHNNY ROCHA CHRISTIANI para exercer, com validade a contar de 07 de dezembro de 2015, o cargo em comissão de Ajudante I, símbolo DAI-1, da",https://www.ioerj.com.br/portal/modules/conteudoonline/mostra_edicao.php?session=VFVSQ1IwNVZXVFJSYTBsMFVsUkpNVTlUTURCT01GcENURlZKTkZGVVRYUk9hbWhHVFZWRmVVNTZaRUpQUkdONVRWUmpNMDlFVlhsT1JGa3pUbEU5UFE9PQ==,D:\github\exoneracoes_nomeacoes_dou\LAKE\RJ\2015\12\DOERJ_PARTE_I_PODER_EXECUTIVO_2015-12-28.md
RJ,Diario Oficial do Estado do Rio de Janeiro,2015-12-28,Parte I (Poder Executivo),nomeacao,JONAS DA SILVA OLIVEIRA,,,Secretario,5,Wilson Jose Witzel - Governador,Wilson Jose Witzel,Executivo estadual,sim,JONAS DA SILVA OLIVEIRA:PER,sim,,,"NOMEAR JONAS DA SILVA OLIVEIRA para exercer, com validade a contar de 07 de dezembro de 2015, o cargo em comissão de Ajudante I, símbolo DAI-1, da",https://www.ioerj.com.br/portal/modules/conteudoonline/mostra_edicao.php?session=VFVSQ1IwNVZXVFJSYTBsMFVsUkpNVTlUTURCT01GcENURlZKTkZGVVRYUk9hbWhHVFZWRmVVNTZaRUpQUkdONVRWUmpNMDlFVlhsT1JGa3pUbEU5UFE9PQ==,D:\github\exoneracoes_nomeacoes_dou\LAKE\RJ\2015\12\DOERJ_PARTE_I_PODER_EXECUTIVO_2015-12-28.md
RJ,Diario Oficial do Estado do Rio de Janeiro,2015-12-28,Parte I (Poder Executivo),nomeacao,LEONARDO CESAR MARTINS DA CUNHA GOMES,,,Secretario,5,Wilson Jose Witzel - Governador,Wilson Jose Witzel,Executivo estadual,sim,LEONARDO CESAR MARTINS DA CUNHA GOMES:PER,sim,,,"NOMEAR LEONARDO CESAR MARTINS DA CUNHA GOMES para exercer, com validade a contar de 07 de dezembro de 2015, o cargo em comissão de Ajudante I, símbolo DAI-1, da",https://www.ioerj.com.br/portal/modules/conteudoonline/mostra_edicao.php?session=VFVSQ1IwNVZXVFJSYTBsMFVsUkpNVTlUTURCT01GcENURlZKTkZGVVRYUk9hbWhHVFZWRmVVNTZaRUpQUkdONVRWUmpNMDlFVlhsT1JGa3pUbEU5UFE9PQ==,D:\github\exoneracoes_nomeacoes_dou\LAKE\RJ\2015\12\DOERJ_PARTE_I_PODER_EXECUTIVO_2015-12-28.md
RJ,Diario Oficial do Estado do Rio de Janeiro,2015-12-28,Parte I (Poder Executivo),nomeacao,LEONARDO PASSOS,,,Secretario,5,Wilson Jose Witzel - Governador,Wilson Jose Witzel,Executivo estadual,sim,LEONARDO PASSOS:PER,sim,,,"NOMEAR LEONARDO PASSOS para exercer, com validade a contar de 07 de dezembro de 2015, o cargo em comissão de Ajudante I, símbolo DAI-1, da",https://www.ioerj.com.br/portal/modules/conteudoonline/mostra_edicao.php?session=VFVSQ1IwNVZXVFJSYTBsMFVsUkpNVTlUTURCT01GcENURlZKTkZGVVRYUk9hbWhHVFZWRmVVNTZaRUpQUkdONVRWUmpNMDlFVlhsT1JGa3pUbEU5UFE9PQ==,D:\github\exoneracoes_nomeacoes_dou\LAKE\RJ\2015\12\DOERJ_PARTE_I_PODER_EXECUTIVO_2015-12-28.md
RJ,Diario Oficial do Estado do Rio de Janeiro,2015-12-28,Parte I (Poder Executivo),nomeacao,LUCAS FRANCISCO GOMES DE LIMA,,,Secretario,5,Wilson Jose Witzel - Governador,Wilson Jose Witzel,Executivo estadual,sim,LUCAS FRANCISCO GOMES DE LIMA:PER,sim,,,"NOMEAR LUCAS FRANCISCO GOMES DE LIMA para exercer, com validade a contar de 07 de dezembro de 2015, o cargo em comissão de Ajudante I, símbolo DAI-1, da",https://www.ioerj.com.br/portal/modules/conteudoonline/mostra_edicao.php?session=VFVSQ1IwNVZXVFJSYTBsMFVsUkpNVTlUTURCT01GcENURlZKTkZGVVRYUk9hbWhHVFZWRmVVNTZaRUpQUkdONVRWUmpNMDlFVlhsT1JGa3pUbEU5UFE9PQ==,D:\github\exoneracoes_nomeacoes_dou\LAKE\RJ\2015\12\DOERJ_PARTE_I_PODER_EXECUTIVO_2015-12-28.md
RJ,Diario Oficial do Estado do Rio de Janeiro,2015-12-28,Parte I (Poder Executivo),nomeacao,LUCAS JATOBA TAVARES,,,Secretario,5,Wilson Jose Witzel - Governador,Wilson Jose Witzel,Executivo estadual,sim,LUCAS:MISC|Lucas Jatoba Tavares:PER,sim,,,"NOMEAR LUCAS JATOBA TAVARES para exercer, com validade a contar de 07 de dezembro de 2015, o cargo em comissão de Ajudante I, símbolo DAI-1, da",https://www.ioerj.com.br/portal/modules/conteudoonline/mostra_edicao.php?session=VFVSQ1IwNVZXVFJSYTBsMFVsUkpNVTlUTURCT01GcENURlZKTkZGVVRYUk9hbWhHVFZWRmVVNTZaRUpQUkdONVRWUmpNMDlFVlhsT1JGa3pUbEU5UFE9PQ==,D:\github\exoneracoes_nomeacoes_dou\LAKE\RJ\2015\12\DOERJ_PARTE_I_PODER_EXECUTIVO_2015-12-28.md
RJ,Diario Oficial do Estado do Rio de Janeiro,2015-12-28,Parte I (Poder Executivo),nomeacao,LUCAS MARÇAL PRATES,,,Secretario,5,Wilson Jose Witzel - Governador,Wilson Jose Witzel,Executivo estadual,sim,LUCAS:MISC|Lucas Marçal Prates:PER,sim,,,"NOMEAR LUCAS MARÇAL PRATES para exercer, com validade a contar de 07 de dezembro de 2015, o cargo em comissão de Ajudante I, símbolo DAI-1, da",https://www.ioerj.com.br/portal/modules/conteudoonline/mostra_edicao.php?session=VFVSQ1IwNVZXVFJSYTBsMFVsUkpNVTlUTURCT01GcENURlZKTkZGVVRYUk9hbWhHVFZWRmVVNTZaRUpQUkdONVRWUmpNMDlFVlhsT1JGa3pUbEU5UFE9PQ==,D:\github\exoneracoes_nomeacoes_dou\LAKE\RJ\2015\12\DOERJ_PARTE_I_PODER_EXECUTIVO_2015-12-28.md
RJ,Diario Oficial do Estado do Rio de Janeiro,2015-12-28,Parte I (Poder Executivo),nomeacao,LUIZ VITOR CASTILHO DA SILVA,,,Secretario,5,Wilson Jose Witzel - Governador,Wilson Jose Witzel,Executivo estadual,sim,LUIZ VITOR CASTILHO DA SILVA:PER,sim,,,"NOMEAR LUIZ VITOR CASTILHO DA SILVA para exercer, com validade a contar de 07 de dezembro de 2015, o cargo em comissão de Ajudante I, símbolo DAI-1, da",https://www.ioerj.com.br/portal/modules/conteudoonline/mostra_edicao.php?session=VFVSQ1IwNVZXVFJSYTBsMFVsUkpNVTlUTURCT01GcENURlZKTkZGVVRYUk9hbWhHVFZWRmVVNTZaRUpQUkdONVRWUmpNMDlFVlhsT1JGa3pUbEU5UFE9PQ==,D:\github\exoneracoes_nomeacoes_dou\LAKE\RJ\2015\12\DOERJ_PARTE_I_PODER_EXECUTIVO_2015-12-28.md
RJ,Diario Oficial do Estado do Rio de Janeiro,2015-12-28,Parte I (Poder Executivo),nomeacao,MAGNO SEGLLIA PEREIRA LEITE,,,Secretario,5,Wilson Jose Witzel - Governador,Wilson Jose Witzel,Executivo estadual,sim,MAGNO SEGLLIA PEREIRA:MISC|Magno Segllia Pereira Leite:PER,sim,,,"NOMEAR MAGNO SEGLLIA PEREIRA LEITE para exercer, com validade a contar de 07 de dezembro de 2015, o cargo em comissão de Ajudante I, símbolo DAI-1, da",https://www.ioerj.com.br/portal/modules/conteudoonline/mostra_edicao.php?session=VFVSQ1IwNVZXVFJSYTBsMFVsUkpNVTlUTURCT01GcENURlZKTkZGVVRYUk9hbWhHVFZWRmVVNTZaRUpQUkdONVRWUmpNMDlFVlhsT1JGa3pUbEU5UFE9PQ==,D:\github\exoneracoes_nomeacoes_dou\LAKE\RJ\2015\12\DOERJ_PARTE_I_PODER_EXECUTIVO_2015-12-28.md
RJ,Diario Oficial do Estado do Rio de Janeiro,2015-12-28,Parte I (Poder Executivo),nomeacao,MAXWELL DE OLIVEIRA FERREIRA,,,Secretario,5,Wilson Jose Witzel - Governador,Wilson Jose Witzel,Executivo estadual,sim,MAXWELL:ORG|OLIVEIRA FERREIRA:ORG|Maxwell De Oliveira Ferreira:PER,sim,,,"NOMEAR MAXWELL DE OLIVEIRA FERREIRA para exercer, com validade a contar de 07 de dezembro de 2015, o cargo em comissão de Ajudante I, símbolo DAI-1, da",https://www.ioerj.com.br/portal/modules/conteudoonline/mostra_edicao.php?session=VFVSQ1IwNVZXVFJSYTBsMFVsUkpNVTlUTURCT01GcENURlZKTkZGVVRYUk9hbWhHVFZWRmVVNTZaRUpQUkdONVRWUmpNMDlFVlhsT1JGa3pUbEU5UFE9PQ==,D:\github\exoneracoes_nomeacoes_dou\LAKE\RJ\2015\12\DOERJ_PARTE_I_PODER_EXECUTIVO_2015-12-28.md
RJ,Diario Oficial do Estado do Rio de Janeiro,2015-12-28,Parte I (Poder Executivo),nomeacao,PATRICK JUNIOR NOGUEIRA PROCOPIO,,,Secretario,5,Wilson Jose Witzel - Governador,Wilson Jose Witzel,Executivo estadual,sim,PATRICK JUNIOR:ORG|NOGUEIRA:ORG|Patrick Junior Nogueira Procopio:PER,sim,,,"NOMEAR PATRICK JUNIOR NOGUEIRA PROCOPIO para exercer, com validade a contar de 07 de dezembro de 2015, o cargo em comissão de Ajudante I, símbolo DAI-1, da",https://www.ioerj.com.br/portal/modules/conteudoonline/mostra_edicao.php?session=VFVSQ1IwNVZXVFJSYTBsMFVsUkpNVTlUTURCT01GcENURlZKTkZGVVRYUk9hbWhHVFZWRmVVNTZaRUpQUkdONVRWUmpNMDlFVlhsT1JGa3pUbEU5UFE9PQ==,D:\github\exoneracoes_nomeacoes_dou\LAKE\RJ\2015\12\DOERJ_PARTE_I_PODER_EXECUTIVO_2015-12-28.md
RJ,Diario Oficial do Estado do Rio de Janeiro,2015-12-28,Parte I (Poder Executivo),nomeacao,RAFAEL CORREA DINIZ DA SILVA,,,Secretario,5,Wilson Jose Witzel - Governador,Wilson Jose Witzel,Executivo estadual,sim,RAFAEL:ORG|Rafael Correa Diniz Da Silva:PER,sim,,,"NOMEAR RAFAEL CORREA DINIZ DA SILVA para exercer, com validade a contar de 07 de dezembro de 2015, o cargo em comissão de Ajudante I, símbolo DAI-1, da",https://www.ioerj.com.br/portal/modules/conteudoonline/mostra_edicao.php?session=VFVSQ1IwNVZXVFJSYTBsMFVsUkpNVTlUTURCT01GcENURlZKTkZGVVRYUk9hbWhHVFZWRmVVNTZaRUpQUkdONVRWUmpNMDlFVlhsT1JGa3pUbEU5UFE9PQ==,D:\github\exoneracoes_nomeacoes_dou\LAKE\RJ\2015\12\DOERJ_PARTE_I_PODER_EXECUTIVO_2015-12-28.md
RJ,Diario Oficial do Estado do Rio de Janeiro,2015-12-28,Parte I (Poder Executivo),nomeacao,RAFAEL DA SILVA PEREIRA,,,Secretario,5,Wilson Jose Witzel - Governador,Wilson Jose Witzel,Executivo estadual,sim,RAFAEL DA SILVA PEREIRA:PER,sim,,,"NOMEAR RAFAEL DA SILVA PEREIRA para exercer, com validade a contar de 07 de dezembro de 2015, o cargo em comissão de Ajudante I, símbolo DAI-1, da",https://www.ioerj.com.br/portal/modules/conteudoonline/mostra_edicao.php?session=VFVSQ1IwNVZXVFJSYTBsMFVsUkpNVTlUTURCT01GcENURlZKTkZGVVRYUk9hbWhHVFZWRmVVNTZaRUpQUkdONVRWUmpNMDlFVlhsT1JGa3pUbEU5UFE9PQ==,D:\github\exoneracoes_nomeacoes_dou\LAKE\RJ\2015\12\DOERJ_PARTE_I_PODER_EXECUTIVO_2015-12-28.md
RJ,Diario Oficial do Estado do Rio de Janeiro,2015-12-28,Parte I (Poder Executivo),nomeacao,RODRIGO CARDOSO DO NASCIMENTO,,,Secretario,5,Wilson Jose Witzel - Governador,Wilson Jose Witzel,Executivo estadual,sim,RODRIGO CARDOSO:MISC|Rodrigo Cardoso Do Nascimento:PER,sim,,,"NOMEAR RODRIGO CARDOSO DO NASCIMENTO para exercer, com validade a contar de 07 de dezembro de 2015, o cargo em comissão de Ajudante I, símbolo DAI-1, da",https://www.ioerj.com.br/portal/modules/conteudoonline/mostra_edicao.php?session=VFVSQ1IwNVZXVFJSYTBsMFVsUkpNVTlUTURCT01GcENURlZKTkZGVVRYUk9hbWhHVFZWRmVVNTZaRUpQUkdONVRWUmpNMDlFVlhsT1JGa3pUbEU5UFE9PQ==,D:\github\exoneracoes_nomeacoes_dou\LAKE\RJ\2015\12\DOERJ_PARTE_I_PODER_EXECUTIVO_2015-12-28.md
RJ,Diario Oficial do Estado do Rio de Janeiro,2015-12-28,Parte I (Poder Executivo),nomeacao,RODRIGO DAMASIO DOS REIS,,,Secretario,5,Wilson Jose Witzel - Governador,Wilson Jose Witzel,Executivo estadual,sim,RODRIGO DAMASIO:MISC|DOS:MISC|REIS:ORG|Rodrigo Damasio Dos Reis:PER,sim,,,"NOMEAR RODRIGO DAMASIO DOS REIS para exercer, com validade a contar de 07 de dezembro de 2015, o cargo em comissão de Ajudante I, símbolo DAI-1, da",https://www.ioerj.com.br/portal/modules/conteudoonline/mostra_edicao.php?session=VFVSQ1IwNVZXVFJSYTBsMFVsUkpNVTlUTURCT01GcENURlZKTkZGVVRYUk9hbWhHVFZWRmVVNTZaRUpQUkdONVRWUmpNMDlFVlhsT1JGa3pUbEU5UFE9PQ==,D:\github\exoneracoes_nomeacoes_dou\LAKE\RJ\2015\12\DOERJ_PARTE_I_PODER_EXECUTIVO_2015-12-28.md
RJ,Diario Oficial do Estado do Rio de Janeiro,2015-12-28,Parte I (Poder Executivo),nomeacao,RODRIGO SACRAMENTO SALES,,,Secretario,5,Wilson Jose Witzel - Governador,Wilson Jose Witzel,Executivo estadual,sim,RODRIGO SACRAMENTO:MISC|Rodrigo Sacramento Sales:PER,sim,,,"NOMEAR RODRIGO SACRAMENTO SALES para exercer, com validade a contar de 07 de dezembro de 2015, o cargo em comissão de Ajudante I, símbolo DAI-1, da",https://www.ioerj.com.br/portal/modules/conteudoonline/mostra_edicao.php?session=VFVSQ1IwNVZXVFJSYTBsMFVsUkpNVTlUTURCT01GcENURlZKTkZGVVRYUk9hbWhHVFZWRmVVNTZaRUpQUkdONVRWUmpNMDlFVlhsT1JGa3pUbEU5UFE9PQ==,D:\github\exoneracoes_nomeacoes_dou\LAKE\RJ\2015\12\DOERJ_PARTE_I_PODER_EXECUTIVO_2015-12-28.md
RJ,Diario Oficial do Estado do Rio de Janeiro,2015-12-28,Parte I (Poder Executivo),nomeacao,ITALO BRUNO SILVA BARBOSA,,,Secretario,5,Wilson Jose Witzel - Governador,Wilson Jose Witzel,Executivo estadual,sim,BARBOSA:MISC|Italo Bruno Silva Barbosa:PER,sim,,,"NOMEAR ITALO BRUNO SILVA BARBOSA para exercer, com validade a contar de 07 de dezembro de 2015, o cargo em comissão de Ajudante I, símbolo DAI-1, da",https://www.ioerj.com.br/portal/modules/conteudoonline/mostra_edicao.php?session=VFVSQ1IwNVZXVFJSYTBsMFVsUkpNVTlUTURCT01GcENURlZKTkZGVVRYUk9hbWhHVFZWRmVVNTZaRUpQUkdONVRWUmpNMDlFVlhsT1JGa3pUbEU5UFE9PQ==,D:\github\exoneracoes_nomeacoes_dou\LAKE\RJ\2015\12\DOERJ_PARTE_I_PODER_EXECUTIVO_2015-12-28.md
RJ,Diario Oficial do Estado do Rio de Janeiro,2015-12-28,Parte I (Poder Executivo),nomeacao,RONNY ROCHA CHRISTIANI,,,Secretario,5,Wilson Jose Witzel - Governador,Wilson Jose Witzel,Executivo estadual,sim,RONNY ROCHA CHRISTIANI:MISC|Ronny Rocha Christiani:PER,sim,,,"NOMEAR RONNY ROCHA CHRISTIANI para exercer, com validade a contar de 07 de dezembro de 2015, o cargo em comissão de Ajudante I, símbolo DAI-1, da",https://www.ioerj.com.br/portal/modules/conteudoonline/mostra_edicao.php?session=VFVSQ1IwNVZXVFJSYTBsMFVsUkpNVTlUTURCT01GcENURlZKTkZGVVRYUk9hbWhHVFZWRmVVNTZaRUpQUkdONVRWUmpNMDlFVlhsT1JGa3pUbEU5UFE9PQ==,D:\github\exoneracoes_nomeacoes_dou\LAKE\RJ\2015\12\DOERJ_PARTE_I_PODER_EXECUTIVO_2015-12-28.md
RJ,Diario Oficial do Estado do Rio de Janeiro,2015-12-28,Parte I (Poder Executivo),nomeacao,THIAGO ASSUNÇÃO,,,Secretario,5,Wilson Jose Witzel - Governador,Wilson Jose Witzel,Executivo estadual,sim,ASSUNÇÃO:MISC|Thiago Assunção:PER,sim,,,"NOMEAR THIAGO ASSUNÇÃO para exercer, com validade a contar de 07 de dezembro de 2015, o cargo em comissão de Ajudante I, símbolo DAI-1, da",https://www.ioerj.com.br/portal/modules/conteudoonline/mostra_edicao.php?session=VFVSQ1IwNVZXVFJSYTBsMFVsUkpNVTlUTURCT01GcENURlZKTkZGVVRYUk9hbWhHVFZWRmVVNTZaRUpQUkdONVRWUmpNMDlFVlhsT1JGa3pUbEU5UFE9PQ==,D:\github\exoneracoes_nomeacoes_dou\LAKE\RJ\2015\12\DOERJ_PARTE_I_PODER_EXECUTIVO_2015-12-28.md
RJ,Diario Oficial do Estado do Rio de Janeiro,2015-12-28,Parte I (Poder Executivo),nomeacao,THIAGO DE LIMA MOLEDO,,,Secretario,5,Wilson Jose Witzel - Governador,Wilson Jose Witzel,Executivo estadual,sim,THIAGO DE LIMA MOLEDO:ORG|Thiago De:PER,sim,,,"NOMEAR THIAGO DE LIMA MOLEDO para exercer, com validade a contar de 07 de dezembro de 2015, o cargo em comissão de Ajudante I, símbolo DAI-1, da",https://www.ioerj.com.br/portal/modules/conteudoonline/mostra_edicao.php?session=VFVSQ1IwNVZXVFJSYTBsMFVsUkpNVTlUTURCT01GcENURlZKTkZGVVRYUk9hbWhHVFZWRmVVNTZaRUpQUkdONVRWUmpNMDlFVlhsT1JGa3pUbEU5UFE9PQ==,D:\github\exoneracoes_nomeacoes_dou\LAKE\RJ\2015\12\DOERJ_PARTE_I_PODER_EXECUTIVO_2015-12-28.md
RJ,Diario Oficial do Estado do Rio de Janeiro,2015-12-28,Parte I (Poder Executivo),nomeacao,THIAGO DE SOUZA COUTINHO,,,Secretario,5,Wilson Jose Witzel - Governador,Wilson Jose Witzel,Executivo estadual,sim,THIAGO DE SOUZA COUTINHO:ORG|Thiago De Souza Coutinho:PER,sim,,,"NOMEAR THIAGO DE SOUZA COUTINHO para exercer, com validade a contar de 07 de dezembro de 2015, o cargo em comissão de Ajudante I, símbolo DAI-1, da",https://www.ioerj.com.br/portal/modules/conteudoonline/mostra_edicao.php?session=VFVSQ1IwNVZXVFJSYTBsMFVsUkpNVTlUTURCT01GcENURlZKTkZGVVRYUk9hbWhHVFZWRmVVNTZaRUpQUkdONVRWUmpNMDlFVlhsT1JGa3pUbEU5UFE9PQ==,D:\github\exoneracoes_nomeacoes_dou\LAKE\RJ\2015\12\DOERJ_PARTE_I_PODER_EXECUTIVO_2015-12-28.md
RJ,Diario Oficial do Estado do Rio de Janeiro,2015-12-28,Parte I (Poder Executivo),nomeacao,VANDERSON PEREIRA DE LUNA,,,Secretario,5,Wilson Jose Witzel - Governador,Wilson Jose Witzel,Executivo estadual,sim,VANDERSON PEREIRA:PER,sim,,,"NOMEAR VANDERSON PEREIRA DE LUNA para exercer, com validade a contar de 07 de dezembro de 2015, o cargo em comissão de Ajudante I, símbolo DAI-1, da",https://www.ioerj.com.br/portal/modules/conteudoonline/mostra_edicao.php?session=VFVSQ1IwNVZXVFJSYTBsMFVsUkpNVTlUTURCT01GcENURlZKTkZGVVRYUk9hbWhHVFZWRmVVNTZaRUpQUkdONVRWUmpNMDlFVlhsT1JGa3pUbEU5UFE9PQ==,D:\github\exoneracoes_nomeacoes_dou\LAKE\RJ\2015\12\DOERJ_PARTE_I_PODER_EXECUTIVO_2015-12-28.md
RJ,Diario Oficial do Estado do Rio de Janeiro,2015-12-28,Parte I (Poder Executivo),nomeacao,WAGNER PEREIRA DA SILVA JUNIOR,,,Secretario,5,Wilson Jose Witzel - Governador,Wilson Jose Witzel,Executivo estadual,sim,WAGNER PEREIRA DA SILVA JUNIOR:MISC|Wagner Pereira:PER,sim,,,"NOMEAR WAGNER PEREIRA DA SILVA JUNIOR para exercer, com validade a contar de 07 de dezembro de 2015, o cargo em comissão de Ajudante I, símbolo DAI-1, da",https://www.ioerj.com.br/portal/modules/conteudoonline/mostra_edicao.php?session=VFVSQ1IwNVZXVFJSYTBsMFVsUkpNVTlUTURCT01GcENURlZKTkZGVVRYUk9hbWhHVFZWRmVVNTZaRUpQUkdONVRWUmpNMDlFVlhsT1JGa3pUbEU5UFE9PQ==,D:\github\exoneracoes_nomeacoes_dou\LAKE\RJ\2015\12\DOERJ_PARTE_I_PODER_EXECUTIVO_2015-12-28.md
RJ,Diario Oficial do Estado do Rio de Janeiro,2015-12-28,Parte I (Poder Executivo),nomeacao,WILLIAN DE SOUZA FURTADO,,,Secretario,5,Wilson Jose Witzel - Governador,Wilson Jose Witzel,Executivo estadual,sim,WILLIAN DE SOUZA:MISC|Willian De Souza Furtado:PER,sim,,,"NOMEAR WILLIAN DE SOUZA FURTADO para exercer, com validade a contar de 07 de dezembro de 2015, o cargo em comissão de Ajudante I, símbolo DAI-1, da",https://www.ioerj.com.br/portal/modules/conteudoonline/mostra_edicao.php?session=VFVSQ1IwNVZXVFJSYTBsMFVsUkpNVTlUTURCT01GcENURlZKTkZGVVRYUk9hbWhHVFZWRmVVNTZaRUpQUkdONVRWUmpNMDlFVlhsT1JGa3pUbEU5UFE9PQ==,D:\github\exoneracoes_nomeacoes_dou\LAKE\RJ\2015\12\DOERJ_PARTE_I_PODER_EXECUTIVO_2015-12-28.md
RJ,Diario Oficial do Estado do Rio de Janeiro,2015-12-28,Parte I (Poder Executivo),exoneracao,SAMUEL EVANDRO,,,Secretario,5,Wilson Jose Witzel - Governador,Wilson Jose Witzel,Executivo estadual,sim,SAMUEL EVANDRO:MISC|Samuel Evandro:PER,sim,do cargo de livre provimento de Gerente Executivo da Agência de Fomento do Estado do Rio de Janeiro S,,"EXONERAR Samuel Evandro da Silva , matrícula nº 306, com validade a contar de 25 de setembro de 2015, do cargo de livre provimento de Gerente Executivo da Agência de Fomento do Estado do Rio de Janeiro S.A",https://www.ioerj.com.br/portal/modules/conteudoonline/mostra_edicao.php?session=VFVSQ1IwNVZXVFJSYTBsMFVsUkpNVTlUTURCT01GcENURlZKTkZGVVRYUk9hbWhHVFZWRmVVNTZaRUpQUkdONVRWUmpNMDlFVlhsT1JGa3pUbEU5UFE9PQ==,D:\github\exoneracoes_nomeacoes_dou\LAKE\RJ\2015\12\DOERJ_PARTE_I_PODER_EXECUTIVO_2015-12-28.md
RJ,Diario Oficial do Estado do Rio de Janeiro,2015-12-28,Parte I (Poder Executivo),exoneracao,MARIA DO CARMO,,,Secretario,5,Wilson Jose Witzel - Governador,Wilson Jose Witzel,Executivo estadual,sim,Maria Do Carmo:PER,sim,do cargo de livre provimento de Consultor Técnico I da Agência de Fomento do Estado do Rio de Janeiro S,,"EXONERAR Maria do Carmo da Costa Marques - , matrícula nº 6, com validade a contar de 16 de outubro de 2015, do cargo de livre provimento de Consultor Técnico I da Agência de Fomento do Estado do Rio de Janeiro S.A",https://www.ioerj.com.br/portal/modules/conteudoonline/mostra_edicao.php?session=VFVSQ1IwNVZXVFJSYTBsMFVsUkpNVTlUTURCT01GcENURlZKTkZGVVRYUk9hbWhHVFZWRmVVNTZaRUpQUkdONVRWUmpNMDlFVlhsT1JGa3pUbEU5UFE9PQ==,D:\github\exoneracoes_nomeacoes_dou\LAKE\RJ\2015\12\DOERJ_PARTE_I_PODER_EXECUTIVO_2015-12-28.md
RJ,Diario Oficial do Estado do Rio de Janeiro,2015-12-23,Parte I (Poder Executivo) - Complementar 2,exoneracao,VANIA DRUMMOND BONELLI,574187-4,,Secretario,5,Wilson Jose Witzel - Governador,Wilson Jose Witzel,Executivo estadual,sim,BONELLI:ORG|Vania Drummond Bonelli:PER,sim,do cargo em comissão de Assessor,,"EXONERAR a pedido e com validade a contar de 23 de dezembro de 2015, VANIA DRUMMOND BONELLI, ID FUNCIONAL Nº 574187-4 , do cargo em comissão de Assessor, símbolo DAS-8, da",https://www.ioerj.com.br/portal/modules/conteudoonline/mostra_edicao.php?session=VFRCSmVVOVVSVEZOYTFGMFRucEdRazlUTURCT2EwcEhURlZLUWs1VVRYUk9ha0pIVDBSU1FrMVZUa1JTUlU1RVRWUmpNMDlFVlhsT1JHdDZUVkU5UFE9PQ==,D:\github\exoneracoes_nomeacoes_dou\LAKE\RJ\2015\12\DOERJ_PARTE_I_PODER_EXECUTIVO_COMPLEMENTAR_2_2015-12-23.md
RJ,Diario Oficial do Estado do Rio de Janeiro,2015-12-23,Parte I (Poder Executivo) - Complementar 2,exoneracao,JOILSON DE SOUZA MELO,5037114-2,,Secretario,5,Wilson Jose Witzel - Governador,Wilson Jose Witzel,Executivo estadual,sim,Joilson De Souza Melo:PER,sim,do cargo em comissão de Chefe de Posto,do Departamento de Transportes Rodoviários do Estado do Rio de Janeiro - DETRO/RJ,"EXONERAR JOILSON DE SOUZA MELO, ID FUNCIONAL Nº 5037114-2 , do cargo em comissão de Chefe de Posto, símbolo DAS-7, do Posto de Apoio e Controle Regional de Campos (PACRE III), do Postos de Apoio e Controle Regional de Categoria ""A"" (PACRE), da Coordenadoria de Fiscalização de Transporte Regular de Cargas e Fretamento, da Diretoria Técnico-Operacional, do Departamento de Transportes Rodoviários do Estado do Rio de Janeiro - DETRO/RJ, da",https://www.ioerj.com.br/portal/modules/conteudoonline/mostra_edicao.php?session=VFRCSmVVOVVSVEZOYTFGMFRucEdRazlUTURCT2EwcEhURlZLUWs1VVRYUk9ha0pIVDBSU1FrMVZUa1JTUlU1RVRWUmpNMDlFVlhsT1JHdDZUVkU5UFE9PQ==,D:\github\exoneracoes_nomeacoes_dou\LAKE\RJ\2015\12\DOERJ_PARTE_I_PODER_EXECUTIVO_COMPLEMENTAR_2_2015-12-23.md
RJ,Diario Oficial do Estado do Rio de Janeiro,2015-12-23,Parte I (Poder Executivo) - Complementar 2,nomeacao,RAYNE DA SILVA,2853595-2,,Secretario,5,Wilson Jose Witzel - Governador,Wilson Jose Witzel,Executivo estadual,sim,RAYNE DA SILVA:PER,sim,para exercer o cargo em comissão de Chefe de Serviço,do Departamento de Pessoal,"NOMEAR RAYNE DA SILVA, ID FUNCIONAL Nº 2853595-2 , para exercer o cargo em comissão de Chefe de Serviço, símbolo DAI6, do Serviço de Almoxarifado, do Departamento de Pessoal, do Departamento Geral de Administração e Finanças, da",https://www.ioerj.com.br/portal/modules/conteudoonline/mostra_edicao.php?session=VFRCSmVVOVVSVEZOYTFGMFRucEdRazlUTURCT2EwcEhURlZLUWs1VVRYUk9ha0pIVDBSU1FrMVZUa1JTUlU1RVRWUmpNMDlFVlhsT1JHdDZUVkU5UFE9PQ==,D:\github\exoneracoes_nomeacoes_dou\LAKE\RJ\2015\12\DOERJ_PARTE_I_PODER_EXECUTIVO_COMPLEMENTAR_2_2015-12-23.md
RJ,Diario Oficial do Estado do Rio de Janeiro,2015-12-23,Parte I (Poder Executivo) - Complementar 2,exoneracao,MANOEL LUIZ LOURO,,,Secretario,5,Wilson Jose Witzel - Governador,Wilson Jose Witzel,Executivo estadual,sim,MANOEL LUIZ LOURO:PER,sim,do cargo em comissão de Assistente II,,"EXONERAR a pedido e com validade a contar de 17 de dezembro de 2015, MANOEL LUIZ LOURO do cargo em comissão de Assistente II, símbolo DAI-6, da",https://www.ioerj.com.br/portal/modules/conteudoonline/mostra_edicao.php?session=VFRCSmVVOVVSVEZOYTFGMFRucEdRazlUTURCT2EwcEhURlZLUWs1VVRYUk9ha0pIVDBSU1FrMVZUa1JTUlU1RVRWUmpNMDlFVlhsT1JHdDZUVkU5UFE9PQ==,D:\github\exoneracoes_nomeacoes_dou\LAKE\RJ\2015\12\DOERJ_PARTE_I_PODER_EXECUTIVO_COMPLEMENTAR_2_2015-12-23.md
RJ,Diario Oficial do Estado do Rio de Janeiro,2015-12-23,Parte I (Poder Executivo) - Complementar 2,nomeacao,JULIANO SOUZA DE ABREU HIDD,,,Secretario,5,Wilson Jose Witzel - Governador,Wilson Jose Witzel,Executivo estadual,sim,JULIANO SOUZA DE ABREU:PER,sim,,,"NOMEAR JULIANO SOUZA DE ABREU HIDD para o cargo de Perito Legista de 3ª Classe, do Quadro Permanente da Polícia Civil do Estado do Rio de Janeiro - PCERJ, da",https://www.ioerj.com.br/portal/modules/conteudoonline/mostra_edicao.php?session=VFRCSmVVOVVSVEZOYTFGMFRucEdRazlUTURCT2EwcEhURlZLUWs1VVRYUk9ha0pIVDBSU1FrMVZUa1JTUlU1RVRWUmpNMDlFVlhsT1JHdDZUVkU5UFE9PQ==,D:\github\exoneracoes_nomeacoes_dou\LAKE\RJ\2015\12\DOERJ_PARTE_I_PODER_EXECUTIVO_COMPLEMENTAR_2_2015-12-23.md
RJ,Diario Oficial do Estado do Rio de Janeiro,2015-12-23,Parte I (Poder Executivo) - Complementar 2,nomeacao,ELSO TEIXEIRA DOS SANTOS,,,Secretario,5,Wilson Jose Witzel - Governador,Wilson Jose Witzel,Executivo estadual,sim,ELSO TEIXEIRA DOS SANTOS:MISC|Elso Teixeira Dos Santos:PER,sim,,,"NOMEAR em caráter provisório e na condição sub judice, ELSO TEIXEIRA DOS SANTOS para ocupar o cargo de Oficial de Cartório de 6ª Classe, do Quadro Permanente da Polícia Civil do Estado do Rio de Janeiro, da",https://www.ioerj.com.br/portal/modules/conteudoonline/mostra_edicao.php?session=VFRCSmVVOVVSVEZOYTFGMFRucEdRazlUTURCT2EwcEhURlZLUWs1VVRYUk9ha0pIVDBSU1FrMVZUa1JTUlU1RVRWUmpNMDlFVlhsT1JHdDZUVkU5UFE9PQ==,D:\github\exoneracoes_nomeacoes_dou\LAKE\RJ\2015\12\DOERJ_PARTE_I_PODER_EXECUTIVO_COMPLEMENTAR_2_2015-12-23.md
RJ,Diario Oficial do Estado do Rio de Janeiro,2015-12-22,Parte I (Poder Executivo),nomeacao,ALEX DA COSTA VIEIRA,,,Governador,1,Wilson Jose Witzel - Governador,Wilson Jose Witzel,Executivo estadual,sim,ALEX:MISC|Alex Da Costa Vieira:PER,sim,para exercer o cargo em comissão de Coordenador de Unidade,da Fundação de Apoio à Escola Técnica do Estado do Rio de Janeiro FAETEC,"NOMEAR ALEX DA COSTA VIEIRA para exercer o cargo em comissão de Coordenador de Unidade, símbolo FAETEC 3, da Fundação de Apoio à Escola Técnica do Estado do Rio de Janeiro FAETEC, da",https://www.ioerj.com.br/portal/modules/conteudoonline/mostra_edicao.php?session=VVdwSk0wNXFRa0pOYTFWMFQxVk5NVTlUTURCUFZVVXpURlJuZUZKVldYUk5hbWhIVFZSU1JGRjZhekpSVlZrMVRWUmpNMDlFVlhsT2Fra3dUMUU5UFE9PQ==,D:\github\exoneracoes_nomeacoes_dou\LAKE\RJ\2015\12\DOERJ_PARTE_I_PODER_EXECUTIVO_2015-12-22.md
RJ,Diario Oficial do Estado do Rio de Janeiro,2015-12-22,Parte I (Poder Executivo),nomeacao,IVANILDA NEVES,5075753-9,,Secretario,5,Wilson Jose Witzel - Governador,Wilson Jose Witzel,Executivo estadual,sim,IVANILDA NEVES:MISC|Ivanilda Neves:PER,sim,para exercer o cargo em comissão de Diretor de Divisão,do Departamento de Logística,"NOMEAR IVANILDA NEVES DA SILVA , ID FUNCIONAL Nº 5075753-9, para exercer o cargo em comissão de Diretor de Divisão, símbolo DAS-6, da Divisão de Licitação e Contratos, do Departamento de Logística, da Diretoria Geral de Administração e Finanças, da Subsecretaria de Gestão, da",https://www.ioerj.com.br/portal/modules/conteudoonline/mostra_edicao.php?session=VVdwSk0wNXFRa0pOYTFWMFQxVk5NVTlUTURCUFZVVXpURlJuZUZKVldYUk5hbWhIVFZSU1JGRjZhekpSVlZrMVRWUmpNMDlFVlhsT2Fra3dUMUU5UFE9PQ==,D:\github\exoneracoes_nomeacoes_dou\LAKE\RJ\2015\12\DOERJ_PARTE_I_PODER_EXECUTIVO_2015-12-22.md
RJ,Diario Oficial do Estado do Rio de Janeiro,2015-12-22,Parte I (Poder Executivo),nomeacao,CELSO HENRIQUE PIRES DA FONSECA,,,Secretario,5,Wilson Jose Witzel - Governador,Wilson Jose Witzel,Executivo estadual,sim,CELSO HENRIQUE PIRES:PER,sim,,,"NOMEAR CELSO HENRIQUE PIRES DA FONSECA para exercer, com validade a contar de 03 de novembro de 2015, o cargo em comissão de Assistente II, símbolo DAI-6, da Polícia Militar do Es- tado da",https://www.ioerj.com.br/portal/modules/conteudoonline/mostra_edicao.php?session=VVdwSk0wNXFRa0pOYTFWMFQxVk5NVTlUTURCUFZVVXpURlJuZUZKVldYUk5hbWhIVFZSU1JGRjZhekpSVlZrMVRWUmpNMDlFVlhsT2Fra3dUMUU5UFE9PQ==,D:\github\exoneracoes_nomeacoes_dou\LAKE\RJ\2015\12\DOERJ_PARTE_I_PODER_EXECUTIVO_2015-12-22.md
RJ,Diario Oficial do Estado do Rio de Janeiro,2015-12-22,Parte I (Poder Executivo),nomeacao,PAULO ROBERTO,5011712-2,,Secretario,5,Wilson Jose Witzel - Governador,Wilson Jose Witzel,Executivo estadual,sim,Paulo Roberto:PER,sim,para exercer o cargo em comissão de Coordenador,da Superintendência de Infraestrutura,"NOMEAR PAULO ROBERTO DA SILVA GIRÃO , ID FUNCIONAL Nº 5011712-2, para exercer o cargo em comissão de Coordenador, símbolo DAS-8, da Coordenação de Manutenção, da Superintendência de Infraestrutura, da Subsecretaria de Administração e Logística, da",https://www.ioerj.com.br/portal/modules/conteudoonline/mostra_edicao.php?session=VVdwSk0wNXFRa0pOYTFWMFQxVk5NVTlUTURCUFZVVXpURlJuZUZKVldYUk5hbWhIVFZSU1JGRjZhekpSVlZrMVRWUmpNMDlFVlhsT2Fra3dUMUU5UFE9PQ==,D:\github\exoneracoes_nomeacoes_dou\LAKE\RJ\2015\12\DOERJ_PARTE_I_PODER_EXECUTIVO_2015-12-22.md
RJ,Diario Oficial do Estado do Rio de Janeiro,2015-12-22,Parte I (Poder Executivo),nomeacao,MYLTON LUIS OLIVEIRA NOGUEIRA,,,Secretario,5,Wilson Jose Witzel - Governador,Wilson Jose Witzel,Executivo estadual,sim,MYLTON LUIS:PER,sim,para exercer o cargo em comissão de Ajudante II,,"NOMEAR MYLTON LUIS OLIVEIRA NOGUEIRA para exercer o cargo em comissão de Ajudante II, símbolo DAI-2, da",https://www.ioerj.com.br/portal/modules/conteudoonline/mostra_edicao.php?session=VVdwSk0wNXFRa0pOYTFWMFQxVk5NVTlUTURCUFZVVXpURlJuZUZKVldYUk5hbWhIVFZSU1JGRjZhekpSVlZrMVRWUmpNMDlFVlhsT2Fra3dUMUU5UFE9PQ==,D:\github\exoneracoes_nomeacoes_dou\LAKE\RJ\2015\12\DOERJ_PARTE_I_PODER_EXECUTIVO_2015-12-22.md
RJ,Diario Oficial do Estado do Rio de Janeiro,2015-12-22,Parte I (Poder Executivo),nomeacao,CAROLINA MELLO DA COSTA VIDAL,,,Secretario,5,Wilson Jose Witzel - Governador,Wilson Jose Witzel,Executivo estadual,sim,CAROLINA MELLO:PER,sim,,,"NOMEAR CAROLINA MELLO DA COSTA VIDAL para exercer, com validade a contar de 01 de dezembro de 2015, o cargo em comissão de Ajudante I, símbolo DAI-1, da",https://www.ioerj.com.br/portal/modules/conteudoonline/mostra_edicao.php?session=VVdwSk0wNXFRa0pOYTFWMFQxVk5NVTlUTURCUFZVVXpURlJuZUZKVldYUk5hbWhIVFZSU1JGRjZhekpSVlZrMVRWUmpNMDlFVlhsT2Fra3dUMUU5UFE9PQ==,D:\github\exoneracoes_nomeacoes_dou\LAKE\RJ\2015\12\DOERJ_PARTE_I_PODER_EXECUTIVO_2015-12-22.md
RJ,Diario Oficial do Estado do Rio de Janeiro,2015-12-22,Parte I (Poder Executivo),exoneracao,ORSON WELLES,4180279-9,,Secretario,5,Wilson Jose Witzel - Governador,Wilson Jose Witzel,Executivo estadual,sim,ORSON:ORG|Orson Welles:PER,sim,do cargo em comissão de Ajudante I,,"EXONERAR com validade a contar de 18 de dezembro de 2015, ORSON WELLES DA CRUZ , ID FUNCIONAL Nº 4180279-9, do cargo em comissão de Ajudante I, símbolo DAI-1, da",https://www.ioerj.com.br/portal/modules/conteudoonline/mostra_edicao.php?session=VVdwSk0wNXFRa0pOYTFWMFQxVk5NVTlUTURCUFZVVXpURlJuZUZKVldYUk5hbWhIVFZSU1JGRjZhekpSVlZrMVRWUmpNMDlFVlhsT2Fra3dUMUU5UFE9PQ==,D:\github\exoneracoes_nomeacoes_dou\LAKE\RJ\2015\12\DOERJ_PARTE_I_PODER_EXECUTIVO_2015-12-22.md
RJ,Diario Oficial do Estado do Rio de Janeiro,2015-12-21,Parte I (Poder Executivo),exoneracao,ORSON WELLES,5014220-8,,Governador,1,Wilson Jose Witzel - Governador,Wilson Jose Witzel,Executivo estadual,sim,ORSON:ORG|Orson Welles:PER,sim,do cargo em comissão de Ajudante I,,"EXONERAR a pedido e com validade a contar de 18 de dezembro de 2015, ORSON WELLES DA CRUZ , ID FUNCIONAL Nº 5014220-8, do cargo em comissão de Ajudante I, símbolo DAI-1, da",https://www.ioerj.com.br/portal/modules/conteudoonline/mostra_edicao.php?session=VDBWYVJGRnJXa0pTYW1OMFVtcG5NVTFETURCTk1FazBURlJuZDA1VVdYUlNWVkUxVFZSVk5WSnFWa0pQVlVaSFRWUmpNMDlFVlhsT2FsRXlUa0U5UFE9PQ==,D:\github\exoneracoes_nomeacoes_dou\LAKE\RJ\2015\12\DOERJ_PARTE_I_PODER_EXECUTIVO_2015-12-21.md
RJ,Diario Oficial do Estado do Rio de Janeiro,2015-12-21,Parte I (Poder Executivo),nomeacao,JOSÉ ALFEU PEREIRA REIS,,,Secretario,5,Wilson Jose Witzel - Governador,Wilson Jose Witzel,Executivo estadual,sim,JOSÉ ALFEU:PER,sim,para exercer o cargo em comissão de Assistente II,,"NOMEAR JOSÉ ALFEU PEREIRA REIS para exercer o cargo em comissão de Assistente II, símbolo DAI-6, da",https://www.ioerj.com.br/portal/modules/conteudoonline/mostra_edicao.php?session=VDBWYVJGRnJXa0pTYW1OMFVtcG5NVTFETURCTk1FazBURlJuZDA1VVdYUlNWVkUxVFZSVk5WSnFWa0pQVlVaSFRWUmpNMDlFVlhsT2FsRXlUa0U5UFE9PQ==,D:\github\exoneracoes_nomeacoes_dou\LAKE\RJ\2015\12\DOERJ_PARTE_I_PODER_EXECUTIVO_2015-12-21.md
RJ,Diario Oficial do Estado do Rio de Janeiro,2015-12-18,Parte I (Poder Executivo),nomeacao,ALEXANDER EVARISTO,2259706-9,,Secretario,5,Wilson Jose Witzel - Governador,Wilson Jose Witzel,Executivo estadual,sim,ALEXANDER EVARISTO:MISC|Alexander Evaristo:PER,sim,,da Subsecretaria-Adjunta de Gestão Operacional,"NOMEAR ALEXANDER EVARISTO DA SILVA , Inspetor de Segurança e Administração Penitenciária, ID Funcional nº 2259706-9, para exercer, com validade a contar de 16 de novembro de 2015, o cargo em comissão de Diretor, símbolo DAS-7, da Cadeia Pública Jorge Santana, da Coordenação de Unidades Prisionais de Gericinó, da Subsecretaria-Adjunta de Gestão Operacional, da",https://www.ioerj.com.br/portal/modules/conteudoonline/mostra_edicao.php?session=VGtWUk5FMXFZelZTVkZGMFRWVldRMDlETURCUmExVjVURlJzUjAxNlkzUlBWVnBDVWxWUk5GRnJVVEJOUkVFelRWUmpNMDlFVlhsT2FtTjRUbmM5UFE9PQ==,D:\github\exoneracoes_nomeacoes_dou\LAKE\RJ\2015\12\DOERJ_PARTE_I_PODER_EXECUTIVO_2015-12-18.md
RJ,Diario Oficial do Estado do Rio de Janeiro,2015-12-18,Parte I (Poder Executivo),exoneracao,ALEXANDER EVARISTO,2259706-9,,Secretario,5,Wilson Jose Witzel - Governador,Wilson Jose Witzel,Executivo estadual,sim,ALEXANDER EVARISTO:MISC|Alexander Evaristo:PER,sim,do cargo em comissão de Diretor,do Instituto Penal Edgard Costa,"EXONERAR com validade a contar de 26 de novembro de 2015, ALEXANDER EVARISTO DA SILVA , Inspetor de Segurança e Administração Penitenciária, ID Funcional nº 2259706-9, do cargo em comissão de Diretor, símbolo DAS-7, do Instituto Penal Edgard Costa, da Coordenação de Unidades Prisionais da Grande Niterói e Norte/Noroeste, da Subsecretaria-Adjunta de Gestão Operacional, da",https://www.ioerj.com.br/portal/modules/conteudoonline/mostra_edicao.php?session=VGtWUk5FMXFZelZTVkZGMFRWVldRMDlETURCUmExVjVURlJzUjAxNlkzUlBWVnBDVWxWUk5GRnJVVEJOUkVFelRWUmpNMDlFVlhsT2FtTjRUbmM5UFE9PQ==,D:\github\exoneracoes_nomeacoes_dou\LAKE\RJ\2015\12\DOERJ_PARTE_I_PODER_EXECUTIVO_2015-12-18.md
RJ,Diario Oficial do Estado do Rio de Janeiro,2015-12-18,Parte I (Poder Executivo),nomeacao,LEISE COUTO DE OLIVEIRA,4398450-9,,Secretario,5,Wilson Jose Witzel - Governador,Wilson Jose Witzel,Executivo estadual,sim,LEISE COUTO:MISC|OLIVEIRA:ORG|Leise Couto De Oliveira:PER,sim,,,"NOMEAR LEISE COUTO DE OLIVEIRA, ID FUNCIONAL Nº 4398450-9 , para exercer, com validade a contar de 01 de dezembro de 2015, o cargo em comissão de Assessor Técnico, símbolo DAS-8 (denominação alterada e transferido pelo",https://www.ioerj.com.br/portal/modules/conteudoonline/mostra_edicao.php?session=VGtWUk5FMXFZelZTVkZGMFRWVldRMDlETURCUmExVjVURlJzUjAxNlkzUlBWVnBDVWxWUk5GRnJVVEJOUkVFelRWUmpNMDlFVlhsT2FtTjRUbmM5UFE9PQ==,D:\github\exoneracoes_nomeacoes_dou\LAKE\RJ\2015\12\DOERJ_PARTE_I_PODER_EXECUTIVO_2015-12-18.md
RJ,Diario Oficial do Estado do Rio de Janeiro,2015-12-18,Parte I (Poder Executivo),exoneracao,BARBARA MOREIRA DA SILVA,5073609-4,,Secretario,5,Wilson Jose Witzel - Governador,Wilson Jose Witzel,Executivo estadual,sim,BARBARA MOREIRA DA SILVA:MISC|Barbara Moreira Da Silva:PER,sim,do cargo em comissão de Assessor,da Superintendência de Regulação,"EXONERAR BARBARA MOREIRA DA SILVA, ID FUNCIONAL Nº 5073609-4 , do cargo em comissão de Assessor, símbolo DAS-7, da Coordenação Geral das Centrais de Regionais de Saúde, da Superintendência de Regulação, da Subsecretaria de Atenção à Saúde, da",https://www.ioerj.com.br/portal/modules/conteudoonline/mostra_edicao.php?session=VGtWUk5FMXFZelZTVkZGMFRWVldRMDlETURCUmExVjVURlJzUjAxNlkzUlBWVnBDVWxWUk5GRnJVVEJOUkVFelRWUmpNMDlFVlhsT2FtTjRUbmM5UFE9PQ==,D:\github\exoneracoes_nomeacoes_dou\LAKE\RJ\2015\12\DOERJ_PARTE_I_PODER_EXECUTIVO_2015-12-18.md
RJ,Diario Oficial do Estado do Rio de Janeiro,2015-12-18,Parte I (Poder Executivo),nomeacao,AMANDA DA SILVA REIS,,,Secretario,5,Wilson Jose Witzel - Governador,Wilson Jose Witzel,Executivo estadual,sim,Amanda Da Silva Reis:PER,sim,para exercer o cargo em comissão de Assessor,da Superintendência de Regulação,"NOMEAR AMANDA DA SILVA REIS para exercer o cargo em comissão de Assessor, símbolo DAS-7, da Coordenação Geral das Centrais de Regionais de Saúde, da Superintendência de Regulação, da Subsecretaria de Atenção à Saúde, da",https://www.ioerj.com.br/portal/modules/conteudoonline/mostra_edicao.php?session=VGtWUk5FMXFZelZTVkZGMFRWVldRMDlETURCUmExVjVURlJzUjAxNlkzUlBWVnBDVWxWUk5GRnJVVEJOUkVFelRWUmpNMDlFVlhsT2FtTjRUbmM5UFE9PQ==,D:\github\exoneracoes_nomeacoes_dou\LAKE\RJ\2015\12\DOERJ_PARTE_I_PODER_EXECUTIVO_2015-12-18.md
RJ,Diario Oficial do Estado do Rio de Janeiro,2015-12-18,Parte I (Poder Executivo),exoneracao,LEISE COUTO DE OLIVEIRA,4398450-9,,Secretario,5,Wilson Jose Witzel - Governador,Wilson Jose Witzel,Executivo estadual,sim,LEISE COUTO:MISC|OLIVEIRA:ORG|Leise Couto De Oliveira:PER,sim,do cargo em comissão de Ajudante II,,"EXONERAR com validade a contar de 01 de dezembro de 2015, LEISE COUTO DE OLIVEIRA, ID FUNCIONAL Nº 4398450-9 , do cargo em comissão de Ajudante II, símbolo DAI-2, da",https://www.ioerj.com.br/portal/modules/conteudoonline/mostra_edicao.php?session=VGtWUk5FMXFZelZTVkZGMFRWVldRMDlETURCUmExVjVURlJzUjAxNlkzUlBWVnBDVWxWUk5GRnJVVEJOUkVFelRWUmpNMDlFVlhsT2FtTjRUbmM5UFE9PQ==,D:\github\exoneracoes_nomeacoes_dou\LAKE\RJ\2015\12\DOERJ_PARTE_I_PODER_EXECUTIVO_2015-12-18.md
RJ,Diario Oficial do Estado do Rio de Janeiro,2015-12-18,Parte I (Poder Executivo),exoneracao,LUIZ HENRIQUE LEITE COSTA,5072449-5,,Secretario,5,Wilson Jose Witzel - Governador,Wilson Jose Witzel,Executivo estadual,sim,LUIZ HENRIQUE LEITE COSTA:PER,sim,do cargo em comissão de Ajudante II,,"EXONERAR LUIZ HENRIQUE LEITE COSTA, ID FUNCIONAL Nº 5072449-5 , do cargo em comissão de Ajudante II, símbolo DAI-2, da",https://www.ioerj.com.br/portal/modules/conteudoonline/mostra_edicao.php?session=VGtWUk5FMXFZelZTVkZGMFRWVldRMDlETURCUmExVjVURlJzUjAxNlkzUlBWVnBDVWxWUk5GRnJVVEJOUkVFelRWUmpNMDlFVlhsT2FtTjRUbmM5UFE9PQ==,D:\github\exoneracoes_nomeacoes_dou\LAKE\RJ\2015\12\DOERJ_PARTE_I_PODER_EXECUTIVO_2015-12-18.md
RJ,Diario Oficial do Estado do Rio de Janeiro,2015-12-18,Parte I (Poder Executivo),exoneracao,CLAUDIO LYRIO DA CUNHA,5011865-0,,Secretario,5,Wilson Jose Witzel - Governador,Wilson Jose Witzel,Executivo estadual,sim,CUNHA:ORG|Claudio Lyrio Da Cunha:PER,sim,do cargo em comissão de Ajudante II,,"EXONERAR CLAUDIO LYRIO DA CUNHA, ID FUNCIONAL Nº 5011865-0 , do cargo em comissão de Ajudante II, símbolo DAI-2, da",https://www.ioerj.com.br/portal/modules/conteudoonline/mostra_edicao.php?session=VGtWUk5FMXFZelZTVkZGMFRWVldRMDlETURCUmExVjVURlJzUjAxNlkzUlBWVnBDVWxWUk5GRnJVVEJOUkVFelRWUmpNMDlFVlhsT2FtTjRUbmM5UFE9PQ==,D:\github\exoneracoes_nomeacoes_dou\LAKE\RJ\2015\12\DOERJ_PARTE_I_PODER_EXECUTIVO_2015-12-18.md
RJ,Diario Oficial do Estado do Rio de Janeiro,2015-12-18,Parte I (Poder Executivo),nomeacao,LUIZ HENRIQUE LEITE COSTA,5072449-5,,Secretario,5,Wilson Jose Witzel - Governador,Wilson Jose Witzel,Executivo estadual,sim,LUIZ HENRIQUE LEITE COSTA:PER,sim,para exercer o cargo em comissão de Ajudante I,,"NOMEAR LUIZ HENRIQUE LEITE COSTA, ID FUNCIONAL Nº 5072449-5 , para exercer o cargo em comissão de Ajudante I, símbolo DAI-1, da",https://www.ioerj.com.br/portal/modules/conteudoonline/mostra_edicao.php?session=VGtWUk5FMXFZelZTVkZGMFRWVldRMDlETURCUmExVjVURlJzUjAxNlkzUlBWVnBDVWxWUk5GRnJVVEJOUkVFelRWUmpNMDlFVlhsT2FtTjRUbmM5UFE9PQ==,D:\github\exoneracoes_nomeacoes_dou\LAKE\RJ\2015\12\DOERJ_PARTE_I_PODER_EXECUTIVO_2015-12-18.md
RJ,Diario Oficial do Estado do Rio de Janeiro,2015-12-18,Parte I (Poder Executivo),nomeacao,CLAUDIO LYRIO DA CUNHA,5011865-0,,Secretario,5,Wilson Jose Witzel - Governador,Wilson Jose Witzel,Executivo estadual,sim,CUNHA:ORG|Claudio Lyrio Da Cunha:PER,sim,para exercer o cargo em comissão de Ajudante I,,"NOMEAR CLAUDIO LYRIO DA CUNHA, ID FUNCIONAL Nº 5011865-0 , para exercer o cargo em comissão de Ajudante I, símbolo DAI-1, da",https://www.ioerj.com.br/portal/modules/conteudoonline/mostra_edicao.php?session=VGtWUk5FMXFZelZTVkZGMFRWVldRMDlETURCUmExVjVURlJzUjAxNlkzUlBWVnBDVWxWUk5GRnJVVEJOUkVFelRWUmpNMDlFVlhsT2FtTjRUbmM5UFE9PQ==,D:\github\exoneracoes_nomeacoes_dou\LAKE\RJ\2015\12\DOERJ_PARTE_I_PODER_EXECUTIVO_2015-12-18.md
RJ,Diario Oficial do Estado do Rio de Janeiro,2015-12-18,Parte I (Poder Executivo),nomeacao,VITOR BATISTA HERREIRAS,4462518-9,,Secretario,5,Wilson Jose Witzel - Governador,Wilson Jose Witzel,Executivo estadual,sim,BATISTA HERREIRAS:MISC|Batista Herreiras:PER,sim,para exercer o cargo em comissão de Ajudante I,,"NOMEAR VITOR BATISTA HERREIRAS, ID FUNCIONAL Nº 4462518-9 , para exercer o cargo em comissão de Ajudante I, símbolo DAI-1, da",https://www.ioerj.com.br/portal/modules/conteudoonline/mostra_edicao.php?session=VGtWUk5FMXFZelZTVkZGMFRWVldRMDlETURCUmExVjVURlJzUjAxNlkzUlBWVnBDVWxWUk5GRnJVVEJOUkVFelRWUmpNMDlFVlhsT2FtTjRUbmM5UFE9PQ==,D:\github\exoneracoes_nomeacoes_dou\LAKE\RJ\2015\12\DOERJ_PARTE_I_PODER_EXECUTIVO_2015-12-18.md
RJ,Diario Oficial do Estado do Rio de Janeiro,2015-12-18,Parte I (Poder Executivo),nomeacao,MARIA IZABEL ANDRADE VELOSO,,,Secretario,5,Wilson Jose Witzel - Governador,Wilson Jose Witzel,Executivo estadual,sim,IZABEL ANDRADE VELOSO:MISC|Maria Izabel Andrade Veloso:PER,sim,,,"NOMEAR MARIA IZABEL ANDRADE VELOSO para exercer, com validade a contar de 01 de dezembro de 2015, o cargo em comissão de Ajudante I, símbolo DAI-1, da",https://www.ioerj.com.br/portal/modules/conteudoonline/mostra_edicao.php?session=VGtWUk5FMXFZelZTVkZGMFRWVldRMDlETURCUmExVjVURlJzUjAxNlkzUlBWVnBDVWxWUk5GRnJVVEJOUkVFelRWUmpNMDlFVlhsT2FtTjRUbmM5UFE9PQ==,D:\github\exoneracoes_nomeacoes_dou\LAKE\RJ\2015\12\DOERJ_PARTE_I_PODER_EXECUTIVO_2015-12-18.md
RJ,Diario Oficial do Estado do Rio de Janeiro,2015-12-18,Parte I (Poder Executivo),nomeacao,ROSANA MARIA DO NASCIMENTO MENDES SKINNER,2013355-3/1,,Secretario,5,Wilson Jose Witzel - Governador,Wilson Jose Witzel,Executivo estadual,sim,ROSANA MARIA DO NASCIMENTO MENDES SKINNER:PER,sim,,da Superintendência de Administração de Pessoas,"NOMEAR ROSANA MARIA DO NASCIMENTO MENDES SKINNER, ID FUNCIONAL Nº 2013355-3/1 , para exercer, com validade a contar de 26 de novembro de 2015, o cargo em comissão de Assessor, símbolo DAS-8, da Superintendência de Administração de Pessoas, da Subsecretaria de Gestão de Pessoas, da",https://www.ioerj.com.br/portal/modules/conteudoonline/mostra_edicao.php?session=VGtWUk5FMXFZelZTVkZGMFRWVldRMDlETURCUmExVjVURlJzUjAxNlkzUlBWVnBDVWxWUk5GRnJVVEJOUkVFelRWUmpNMDlFVlhsT2FtTjRUbmM5UFE9PQ==,D:\github\exoneracoes_nomeacoes_dou\LAKE\RJ\2015\12\DOERJ_PARTE_I_PODER_EXECUTIVO_2015-12-18.md
RJ,Diario Oficial do Estado do Rio de Janeiro,2015-12-18,Parte I (Poder Executivo),exoneracao,ROSANA MARIA DO NASCIMENTO MENDES SKINNER,2013355-3/1,,Secretario,5,Wilson Jose Witzel - Governador,Wilson Jose Witzel,Executivo estadual,sim,ROSANA MARIA DO NASCIMENTO MENDES SKINNER:PER,sim,do cargo em comissão de Coordenador,da Superintendência Pedagógica,"EXONERAR com validade a contar de 26 de novembro de 2015, ROSANA MARIA DO NASCIMENTO MENDES SKINNER, ID FUNCIONAL Nº 2013355-3/1 , do cargo em comissão de Coordenador, símbolo DAS-7, da Coordenação de Educação de Jovens e Adultos, da Diretoria de Ensino, da Superintendência Pedagógica, da Subsecretaria de Gestão de Ensino, da",https://www.ioerj.com.br/portal/modules/conteudoonline/mostra_edicao.php?session=VGtWUk5FMXFZelZTVkZGMFRWVldRMDlETURCUmExVjVURlJzUjAxNlkzUlBWVnBDVWxWUk5GRnJVVEJOUkVFelRWUmpNMDlFVlhsT2FtTjRUbmM5UFE9PQ==,D:\github\exoneracoes_nomeacoes_dou\LAKE\RJ\2015\12\DOERJ_PARTE_I_PODER_EXECUTIVO_2015-12-18.md
RJ,Diario Oficial do Estado do Rio de Janeiro,2015-12-18,Parte I (Poder Executivo),nomeacao,LIDIA DE SOUSA SILVA,3438974-1/1,,Secretario,5,Wilson Jose Witzel - Governador,Wilson Jose Witzel,Executivo estadual,sim,LIDIA:ORG|Lidia De Sousa Silva:PER,sim,,da Superintendência Pedagógica,"NOMEAR LIDIA DE SOUSA SILVA, ID FUNCIONAL Nº 3438974-1/1 , para exercer, com validade a contar de 26 de novembro de 2015, o cargo em comissão de Coordenador, símbolo DAS-7, da Coordenação de Educação de Jovens e Adultos, da Diretoria de Ensino, da Superintendência Pedagógica, da Subsecretaria de Gestão de Ensino, da",https://www.ioerj.com.br/portal/modules/conteudoonline/mostra_edicao.php?session=VGtWUk5FMXFZelZTVkZGMFRWVldRMDlETURCUmExVjVURlJzUjAxNlkzUlBWVnBDVWxWUk5GRnJVVEJOUkVFelRWUmpNMDlFVlhsT2FtTjRUbmM5UFE9PQ==,D:\github\exoneracoes_nomeacoes_dou\LAKE\RJ\2015\12\DOERJ_PARTE_I_PODER_EXECUTIVO_2015-12-18.md
RJ,Diario Oficial do Estado do Rio de Janeiro,2015-12-18,Parte I (Poder Executivo),exoneracao,ANDREA DA PAZ CAMARA,5010647-3/1,,Secretario,5,Wilson Jose Witzel - Governador,Wilson Jose Witzel,Executivo estadual,sim,ANDREA DA PAZ:PER,sim,do cargo em comissão de Assistente,da Superintendência de Planejamento e Integração das Redes,"EXONERAR com validade a contar de 01 de dezembro de 2015, ANDREA DA PAZ CAMARA, ID FUNCIONAL Nº 5010647-3/1 , do cargo em comissão de Assistente, símbolo DAS-6, da Superintendência de Planejamento e Integração das Redes, da Subsecretaria de Gestão de Ensino, da",https://www.ioerj.com.br/portal/modules/conteudoonline/mostra_edicao.php?session=VGtWUk5FMXFZelZTVkZGMFRWVldRMDlETURCUmExVjVURlJzUjAxNlkzUlBWVnBDVWxWUk5GRnJVVEJOUkVFelRWUmpNMDlFVlhsT2FtTjRUbmM5UFE9PQ==,D:\github\exoneracoes_nomeacoes_dou\LAKE\RJ\2015\12\DOERJ_PARTE_I_PODER_EXECUTIVO_2015-12-18.md
RJ,Diario Oficial do Estado do Rio de Janeiro,2015-12-18,Parte I (Poder Executivo),nomeacao,LUCIMAR SILVA DOS SANTOS,3709033-0/1,,Secretario,5,Wilson Jose Witzel - Governador,Wilson Jose Witzel,Executivo estadual,sim,LUCIMAR SILVA DOS SANTOS:MISC|Lucimar Silva Dos Santos:PER,sim,,da Superintendência de Planejamento e Integração das Redes,"NOMEAR LUCIMAR SILVA DOS SANTOS, ID FUNCIONAL Nº 3709033-0/1 , para exercer, com validade a contar de 01 de dezembro de 2015, o cargo em comissão de Assistente, símbolo DAS-6, da Superintendência de Planejamento e Integração das Redes, da Subsecretaria de Gestão de Ensino, da",https://www.ioerj.com.br/portal/modules/conteudoonline/mostra_edicao.php?session=VGtWUk5FMXFZelZTVkZGMFRWVldRMDlETURCUmExVjVURlJzUjAxNlkzUlBWVnBDVWxWUk5GRnJVVEJOUkVFelRWUmpNMDlFVlhsT2FtTjRUbmM5UFE9PQ==,D:\github\exoneracoes_nomeacoes_dou\LAKE\RJ\2015\12\DOERJ_PARTE_I_PODER_EXECUTIVO_2015-12-18.md
RJ,Diario Oficial do Estado do Rio de Janeiro,2015-12-18,Parte I (Poder Executivo),nomeacao,ANDREA DA PAZ CAMARA,5010647-3/1,,Secretario,5,Wilson Jose Witzel - Governador,Wilson Jose Witzel,Executivo estadual,sim,ANDREA DA PAZ:PER,sim,,da Superintendência de Gestão das Regionais Administrativas,"NOMEAR ANDREA DA PAZ CAMARA, ID FUNCIONAL Nº 5010647-3/1 , para exercer, com validade a contar de 01 de dezembro de 2015, o cargo em comissão de Assistente II, símbolo DAI-6, da Superintendência de Gestão das Regionais Administrativas, da Subsecretaria de Infraestrutura e Tecnologia, da",https://www.ioerj.com.br/portal/modules/conteudoonline/mostra_edicao.php?session=VGtWUk5FMXFZelZTVkZGMFRWVldRMDlETURCUmExVjVURlJzUjAxNlkzUlBWVnBDVWxWUk5GRnJVVEJOUkVFelRWUmpNMDlFVlhsT2FtTjRUbmM5UFE9PQ==,D:\github\exoneracoes_nomeacoes_dou\LAKE\RJ\2015\12\DOERJ_PARTE_I_PODER_EXECUTIVO_2015-12-18.md
RJ,Diario Oficial do Estado do Rio de Janeiro,2015-12-17,Parte I (Poder Executivo),exoneracao,CAMILLA MECENAS CARDOSO,50281364,,Governador,1,Wilson Jose Witzel - Governador,Wilson Jose Witzel,Executivo estadual,sim,CAMILLA MECENAS CARDOSO:MISC|Camilla Mecenas Cardoso:PER,sim,do cargo efetivo de Assistente Técnico de Identificação Civil,do Departamento de Trânsito do Estado do Rio de Janeiro - DETRAN/RJ,"EXONERAR a pedido, CAMILLA MECENAS CARDOSO, Id Funcional nº 50281364, do cargo efetivo de Assistente Técnico de Identificação Civil, do Departamento de Trânsito do Estado do Rio de Janeiro - DETRAN/RJ, da",https://www.ioerj.com.br/portal/modules/conteudoonline/mostra_edicao.php?session=VW1wUk1VMXJTa2RSZWtWMFRqQkdSVTVETURCT2FrNUNURlJzUkZKcWEzUk9WVkY1VGxSUk1FNHdVa1pTUlZGNFRWUmpNMDlFVlhsT2Ftc3dUWGM5UFE9PQ==,D:\github\exoneracoes_nomeacoes_dou\LAKE\RJ\2015\12\DOERJ_PARTE_I_PODER_EXECUTIVO_2015-12-17.md
RJ,Diario Oficial do Estado do Rio de Janeiro,2015-12-17,Parte I (Poder Executivo),exoneracao,NAIRA ORIGUELA FERREIRA,3448324-1/1,,Secretario,5,Wilson Jose Witzel - Governador,Wilson Jose Witzel,Executivo estadual,sim,NAIRA:ORG|ORIGUELA FERREIRA:MISC|Naira Origuela Ferreira:PER,sim,do cargo em comissão de Coordenador,da Subsecretaria de Gestão de Pessoas,"EXONERAR a pedido e com validade a contar de 14 de dezembro de 2015, NAIRA ORIGUELA FERREIRA, ID FUNCIONAL Nº 3448324-1/1 , do cargo em comissão de Coordenador, símbolo DAS-7, da Coordenação Regional de Gestão de Pessoas - Metropolitana IV, da Subsecretaria de Gestão de Pessoas, da",https://www.ioerj.com.br/portal/modules/conteudoonline/mostra_edicao.php?session=VW1wUk1VMXJTa2RSZWtWMFRqQkdSVTVETURCT2FrNUNURlJzUkZKcWEzUk9WVkY1VGxSUk1FNHdVa1pTUlZGNFRWUmpNMDlFVlhsT2Ftc3dUWGM5UFE9PQ==,D:\github\exoneracoes_nomeacoes_dou\LAKE\RJ\2015\12\DOERJ_PARTE_I_PODER_EXECUTIVO_2015-12-17.md
RJ,Diario Oficial do Estado do Rio de Janeiro,2015-12-17,Parte I (Poder Executivo),nomeacao,ANDERSON BARROS LENCASTRE,556985-0/1,,Secretario,5,Wilson Jose Witzel - Governador,Wilson Jose Witzel,Executivo estadual,sim,ANDERSON BARROS:PER,sim,,da Subsecretaria de Gestão de Pessoas,"NOMEAR ANDERSON BARROS LENCASTRE, ID FUNCIONAL Nº 556985-0/1 , para exercer, com validade a contar de 14 de dezembro de 2015, o cargo em comissão de Coordenador, símbolo DAS-7, da Coordenação Regional de Gestão de Pessoas - Metropolitana IV, da Subsecretaria de Gestão de Pessoas, da",https://www.ioerj.com.br/portal/modules/conteudoonline/mostra_edicao.php?session=VW1wUk1VMXJTa2RSZWtWMFRqQkdSVTVETURCT2FrNUNURlJzUkZKcWEzUk9WVkY1VGxSUk1FNHdVa1pTUlZGNFRWUmpNMDlFVlhsT2Ftc3dUWGM5UFE9PQ==,D:\github\exoneracoes_nomeacoes_dou\LAKE\RJ\2015\12\DOERJ_PARTE_I_PODER_EXECUTIVO_2015-12-17.md
RJ,Diario Oficial do Estado do Rio de Janeiro,2015-12-16,Parte I (Poder Executivo),exoneracao,GABRIEL DA COSTA COELHO,44246838,,Governador,1,Wilson Jose Witzel - Governador,Wilson Jose Witzel,Executivo estadual,sim,GABRIEL:MISC|COSTA COELHO:PER,sim,do cargo efetivo de Assistente Previdenciário,,"EXONERAR a pedido, GABRIEL DA COSTA COELHO, Id Funcional nº 44246838, do cargo efetivo de Assistente Previdenciário, do Fundo Único de Previdência Social do Estado do Rio de Janeiro - RIOPREVIDENCIA, da",https://www.ioerj.com.br/portal/modules/conteudoonline/mostra_edicao.php?session=VFVSck1VMUVhRU5TUkVsMFRrVkpORTVETURCUmFrazBURlJyTUUwd1VYUlJWRTEzVFhwbmVVMTZRWGhOYWxrMVRWUmpNMDlFVlhsT2VrVXlUa0U5UFE9PQ==,D:\github\exoneracoes_nomeacoes_dou\LAKE\RJ\2015\12\DOERJ_PARTE_I_PODER_EXECUTIVO_2015-12-16.md
RJ,Diario Oficial do Estado do Rio de Janeiro,2015-12-16,Parte I (Poder Executivo),nomeacao,MOACIR ALMEIDA DO NASCIMENTO,3214791-0,,Governador,1,Wilson Jose Witzel - Governador,Wilson Jose Witzel,Executivo estadual,sim,MOACIR ALMEIDA DO NASCIMENTO:MISC|Moacir Almeida Do Nascimento:PER,sim,,da Fundação Centro Universitário Estadual da Zona Oeste -UEZO,"NOMEAR MOACIR ALMEIDA DO NASCIMENTO, ID FUNCIONAL Nº 3214791-0 , para exercer, com validade a contar de 30 de novembro de 2015, o cargo em comissão de Pró-Reitor, símbolo UEZO-3, da Fundação Centro Universitário Estadual da Zona Oeste -UEZO, da",https://www.ioerj.com.br/portal/modules/conteudoonline/mostra_edicao.php?session=VFVSck1VMUVhRU5TUkVsMFRrVkpORTVETURCUmFrazBURlJyTUUwd1VYUlJWRTEzVFhwbmVVMTZRWGhOYWxrMVRWUmpNMDlFVlhsT2VrVXlUa0U5UFE9PQ==,D:\github\exoneracoes_nomeacoes_dou\LAKE\RJ\2015\12\DOERJ_PARTE_I_PODER_EXECUTIVO_2015-12-16.md
RJ,Diario Oficial do Estado do Rio de Janeiro,2015-12-16,Parte I (Poder Executivo),exoneracao,JADER CAMPOS SANTOS,3361276-5,,Governador,1,Wilson Jose Witzel - Governador,Wilson Jose Witzel,Executivo estadual,sim,JADER CAMPOS SANTOS:MISC|Jader Campos Santos:PER,sim,do cargo em comissão de Diretor de Pólo,da Fundação Centro de Ciências e Educação Superior à Distância do Estado do Rio de Janeiro -CECIERJ,"EXONERAR com validade a contar de 03 de dezembro de 2015, JADER CAMPOS SANTOS, ID FUNCIONAL 3361276-5 , do cargo em comissão de Diretor de Pólo, símbolo CECIERJ IV, do Pólos/Postos Regionais, da Diretoria de Pólos Regionais, da Vice-Presidência de Educação Superior à Distância, da Fundação Centro de Ciências e Educação Superior à Distância do Estado do Rio de Janeiro -CECIERJ, da",https://www.ioerj.com.br/portal/modules/conteudoonline/mostra_edicao.php?session=VFVSck1VMUVhRU5TUkVsMFRrVkpORTVETURCUmFrazBURlJyTUUwd1VYUlJWRTEzVFhwbmVVMTZRWGhOYWxrMVRWUmpNMDlFVlhsT2VrVXlUa0U5UFE9PQ==,D:\github\exoneracoes_nomeacoes_dou\LAKE\RJ\2015\12\DOERJ_PARTE_I_PODER_EXECUTIVO_2015-12-16.md
RJ,Diario Oficial do Estado do Rio de Janeiro,2015-12-16,Parte I (Poder Executivo),exoneracao,MOACIR ALMEIDA DO NASCIMENTO,3214791-0,,Governador,1,Wilson Jose Witzel - Governador,Wilson Jose Witzel,Executivo estadual,sim,MOACIR ALMEIDA DO NASCIMENTO:MISC|Moacir Almeida Do Nascimento:PER,sim,do cargo em comissão de Auditor,da Fundação Centro Universitário Estadual da Zona Oeste - UEZO,"EXONERAR com validade a contar de 30 de novembro de 2015, MOACIR ALMEIDA DO NASCIMENTO, ID FUNCIONAL Nº 3214791-0 , do cargo em comissão de Auditor, símbolo UEZO-5, da Fundação Centro Universitário Estadual da Zona Oeste - UEZO, da",https://www.ioerj.com.br/portal/modules/conteudoonline/mostra_edicao.php?session=VFVSck1VMUVhRU5TUkVsMFRrVkpORTVETURCUmFrazBURlJyTUUwd1VYUlJWRTEzVFhwbmVVMTZRWGhOYWxrMVRWUmpNMDlFVlhsT2VrVXlUa0U5UFE9PQ==,D:\github\exoneracoes_nomeacoes_dou\LAKE\RJ\2015\12\DOERJ_PARTE_I_PODER_EXECUTIVO_2015-12-16.md
RJ,Diario Oficial do Estado do Rio de Janeiro,2015-12-16,Parte I (Poder Executivo),exoneracao,MARIA DIVINA RODRIGUES DE OLIVEIRA,869913-5,,Governador,1,Wilson Jose Witzel - Governador,Wilson Jose Witzel,Executivo estadual,sim,MARIA DIVINA RODRIGUES DE OLIVEIRA:PER,sim,do cargo em comissão de Diretor de Divisão,do Departamento de Recursos Humanos,"EXONERAR a pedido e com validade a contar de 03 de dezembro de 2015, MARIA DIVINA RODRIGUES DE OLIVEIRA, ID FUNCIONAL Nº 869913-5 , do cargo em comissão de Diretor de Divisão, símbolo CECIERJ VI, da Divisão de Preparo de Pagamento, do Departamento de Recursos Humanos, da Diretoria Geral de Administração e Finanças, da Presidência, da Fundação Centro de Ciências e Educação Superior à Distância do Estado do Rio de Janeiro -CECIERJ, da",https://www.ioerj.com.br/portal/modules/conteudoonline/mostra_edicao.php?session=VFVSck1VMUVhRU5TUkVsMFRrVkpORTVETURCUmFrazBURlJyTUUwd1VYUlJWRTEzVFhwbmVVMTZRWGhOYWxrMVRWUmpNMDlFVlhsT2VrVXlUa0U5UFE9PQ==,D:\github\exoneracoes_nomeacoes_dou\LAKE\RJ\2015\12\DOERJ_PARTE_I_PODER_EXECUTIVO_2015-12-16.md
RJ,Diario Oficial do Estado do Rio de Janeiro,2015-12-16,Parte I (Poder Executivo),exoneracao,LETICIA OHANNA DOS SANTOS DA LUZ CHAVES,43811035,,Governador,1,Wilson Jose Witzel - Governador,Wilson Jose Witzel,Executivo estadual,sim,LETICIA OHANNA DOS SANTOS DA LUZ:MISC|CHAVES:MISC|Leticia Ohanna Dos Santos Da Luz Chaves:PER,sim,do cargo efetivo de Assistente Técnico Administrativo,do Departamento de Trânsito do Estado do Rio de Janeiro - DETRAN/RJ,"EXONERAR a pedido, LETICIA OHANNA DOS SANTOS DA LUZ CHAVES, Id Funcional nº 43811035, do cargo efetivo de Assistente Técnico Administrativo, do Departamento de Trânsito do Estado do Rio de Janeiro - DETRAN/RJ, da",https://www.ioerj.com.br/portal/modules/conteudoonline/mostra_edicao.php?session=VFVSck1VMUVhRU5TUkVsMFRrVkpORTVETURCUmFrazBURlJyTUUwd1VYUlJWRTEzVFhwbmVVMTZRWGhOYWxrMVRWUmpNMDlFVlhsT2VrVXlUa0U5UFE9PQ==,D:\github\exoneracoes_nomeacoes_dou\LAKE\RJ\2015\12\DOERJ_PARTE_I_PODER_EXECUTIVO_2015-12-16.md
RJ,Diario Oficial do Estado do Rio de Janeiro,2015-12-16,Parte I (Poder Executivo),exoneracao,CARLOS DIEGO PARAVIDINO MACHADO,50281631,,Governador,1,Wilson Jose Witzel - Governador,Wilson Jose Witzel,Executivo estadual,sim,CARLOS DIEGO PARAVIDINO MACHADO:PER,sim,do cargo efetivo de Assistente Técnico de Identificação Civil,do Departamento de Trânsito do Estado do Rio de Janeiro -DETRAN/RJ,"EXONERAR a pedido, CARLOS DIEGO PARAVIDINO MACHADO, Id Funcional nº 50281631, do cargo efetivo de Assistente Técnico de Identificação Civil, do Departamento de Trânsito do Estado do Rio de Janeiro -DETRAN/RJ, da",https://www.ioerj.com.br/portal/modules/conteudoonline/mostra_edicao.php?session=VFVSck1VMUVhRU5TUkVsMFRrVkpORTVETURCUmFrazBURlJyTUUwd1VYUlJWRTEzVFhwbmVVMTZRWGhOYWxrMVRWUmpNMDlFVlhsT2VrVXlUa0U5UFE9PQ==,D:\github\exoneracoes_nomeacoes_dou\LAKE\RJ\2015\12\DOERJ_PARTE_I_PODER_EXECUTIVO_2015-12-16.md
RJ,Diario Oficial do Estado do Rio de Janeiro,2015-12-16,Parte I (Poder Executivo),nomeacao,MANUEL HUMBERTO FERREIRA JUNIOR,,,Secretario,5,Wilson Jose Witzel - Governador,Wilson Jose Witzel,Executivo estadual,sim,MANUEL HUMBERTO FERREIRA JUNIOR:MISC|Manuel Humberto Ferreira Junior:PER,sim,da Assessoria Jurídica,da Subsecretaria Jurídica,"NOMEAR MANUEL HUMBERTO FERREIRA JUNIOR para exercer, com validade a contar de 04 de dezembro de 2015, o cargo em comissão de Assistente II, símbolo DAI-6, da Assessoria Jurídica, da Subsecretaria Jurídica, da",https://www.ioerj.com.br/portal/modules/conteudoonline/mostra_edicao.php?session=VFVSck1VMUVhRU5TUkVsMFRrVkpORTVETURCUmFrazBURlJyTUUwd1VYUlJWRTEzVFhwbmVVMTZRWGhOYWxrMVRWUmpNMDlFVlhsT2VrVXlUa0U5UFE9PQ==,D:\github\exoneracoes_nomeacoes_dou\LAKE\RJ\2015\12\DOERJ_PARTE_I_PODER_EXECUTIVO_2015-12-16.md
RJ,Diario Oficial do Estado do Rio de Janeiro,2015-12-16,Parte I (Poder Executivo),exoneracao,MICHELLE GONÇALVES SANTANA,4368473-4,,Secretario,5,Wilson Jose Witzel - Governador,Wilson Jose Witzel,Executivo estadual,sim,MICHELLE:MISC|Michelle Gonçalves Santana:PER,sim,do cargo em comissão de Assistente II,da Subsecretaria Jurídica,"EXONERAR a pedido e com validade a contar de 30 de outubro de 2015, MICHELLE GONÇALVES SANTANA, ID FUNCIONAL Nº 4368473-4 , do cargo em comissão de Assistente II, símbolo DAI-6, da Assessoria Técnica, da Subsecretaria Jurídica, da",https://www.ioerj.com.br/portal/modules/conteudoonline/mostra_edicao.php?session=VFVSck1VMUVhRU5TUkVsMFRrVkpORTVETURCUmFrazBURlJyTUUwd1VYUlJWRTEzVFhwbmVVMTZRWGhOYWxrMVRWUmpNMDlFVlhsT2VrVXlUa0U5UFE9PQ==,D:\github\exoneracoes_nomeacoes_dou\LAKE\RJ\2015\12\DOERJ_PARTE_I_PODER_EXECUTIVO_2015-12-16.md
RJ,Diario Oficial do Estado do Rio de Janeiro,2015-12-16,Parte I (Poder Executivo),nomeacao,HALLER DE ALMEIDA AYMORÉ COSTA,,,Secretario,5,Wilson Jose Witzel - Governador,Wilson Jose Witzel,Executivo estadual,sim,HALLER DE ALMEIDA:LOC|COSTA:ORG|Haller:LOC|Almeida Aymoré Costa:PER,sim,da Assessoria Técnica,da Subsecretaria Jurídica,"NOMEAR HALLER DE ALMEIDA AYMORÉ COSTA para exercer, com validade a contar de 01 de dezembro de 2015, o cargo em comissão de Assistente II, símbolo DAI-6, da Assessoria Técnica, da Subsecretaria Jurídica, da",https://www.ioerj.com.br/portal/modules/conteudoonline/mostra_edicao.php?session=VFVSck1VMUVhRU5TUkVsMFRrVkpORTVETURCUmFrazBURlJyTUUwd1VYUlJWRTEzVFhwbmVVMTZRWGhOYWxrMVRWUmpNMDlFVlhsT2VrVXlUa0U5UFE9PQ==,D:\github\exoneracoes_nomeacoes_dou\LAKE\RJ\2015\12\DOERJ_PARTE_I_PODER_EXECUTIVO_2015-12-16.md
RJ,Diario Oficial do Estado do Rio de Janeiro,2015-12-16,Parte I (Poder Executivo),exoneracao,ADELAIDE MARTINS DE SOUZA,1931964-9,,Secretario,5,Wilson Jose Witzel - Governador,Wilson Jose Witzel,Executivo estadual,sim,ADELAIDE MARTINS DE SOUZA:PER,sim,do cargo em comissão de Assistente II,,"EXONERAR com validade a contar de 02 de dezembro de 2015, ADELAIDE MARTINS DE SOUZA, ID FUNCIONAL Nº 1931964-9, do cargo em comissão de Assistente II, símbolo DAI-6, da",https://www.ioerj.com.br/portal/modules/conteudoonline/mostra_edicao.php?session=VFVSck1VMUVhRU5TUkVsMFRrVkpORTVETURCUmFrazBURlJyTUUwd1VYUlJWRTEzVFhwbmVVMTZRWGhOYWxrMVRWUmpNMDlFVlhsT2VrVXlUa0U5UFE9PQ==,D:\github\exoneracoes_nomeacoes_dou\LAKE\RJ\2015\12\DOERJ_PARTE_I_PODER_EXECUTIVO_2015-12-16.md
RJ,Diario Oficial do Estado do Rio de Janeiro,2015-12-16,Parte I (Poder Executivo),nomeacao,ILMA MEDEIROS GUERRA LOURENÇO,,,Secretario,5,Wilson Jose Witzel - Governador,Wilson Jose Witzel,Executivo estadual,sim,MEDEIROS GUERRA LOURENÇO:MISC|Ilma Medeiros Guerra Lourenço:PER,sim,,,"NOMEAR ILMA MEDEIROS GUERRA LOURENÇO para exercer, com validade a contar de 02 de dezembro de 2015, o cargo em comissão de Assistente II, símbolo DAI-6, da",https://www.ioerj.com.br/portal/modules/conteudoonline/mostra_edicao.php?session=VFVSck1VMUVhRU5TUkVsMFRrVkpORTVETURCUmFrazBURlJyTUUwd1VYUlJWRTEzVFhwbmVVMTZRWGhOYWxrMVRWUmpNMDlFVlhsT2VrVXlUa0U5UFE9PQ==,D:\github\exoneracoes_nomeacoes_dou\LAKE\RJ\2015\12\DOERJ_PARTE_I_PODER_EXECUTIVO_2015-12-16.md
RJ,Diario Oficial do Estado do Rio de Janeiro,2015-12-16,Parte I (Poder Executivo),nomeacao,WALNEY BATISTA DOS SANTOS,4368473-4,,Secretario,5,Wilson Jose Witzel - Governador,Wilson Jose Witzel,Executivo estadual,sim,WALNEY BATISTA DOS SANTOS:PER,sim,,,"NOMEAR WALNEY BATISTA DOS SANTOS, ID FUNCIONAL Nº 4368473-4 , para exercer, com validade a contar de 01 de dezembro de 2015, o cargo em comissão de Ajudante I, símbolo DAI-1, da",https://www.ioerj.com.br/portal/modules/conteudoonline/mostra_edicao.php?session=VFVSck1VMUVhRU5TUkVsMFRrVkpORTVETURCUmFrazBURlJyTUUwd1VYUlJWRTEzVFhwbmVVMTZRWGhOYWxrMVRWUmpNMDlFVlhsT2VrVXlUa0U5UFE9PQ==,D:\github\exoneracoes_nomeacoes_dou\LAKE\RJ\2015\12\DOERJ_PARTE_I_PODER_EXECUTIVO_2015-12-16.md
RJ,Diario Oficial do Estado do Rio de Janeiro,2015-12-16,Parte I (Poder Executivo),nomeacao,FLAVIO CORREIA SANTANA,,,Secretario,5,Wilson Jose Witzel - Governador,Wilson Jose Witzel,Executivo estadual,sim,FLAVIO CORREIA:MISC|Flavio Correia Santana:PER,sim,,,"NOMEAR FLAVIO CORREIA SANTANA para exercer, com validade a contar de 01 de dezembro de 2015, o cargo em comissão de Ajudante I, símbolo DAI-1, da",https://www.ioerj.com.br/portal/modules/conteudoonline/mostra_edicao.php?session=VFVSck1VMUVhRU5TUkVsMFRrVkpORTVETURCUmFrazBURlJyTUUwd1VYUlJWRTEzVFhwbmVVMTZRWGhOYWxrMVRWUmpNMDlFVlhsT2VrVXlUa0U5UFE9PQ==,D:\github\exoneracoes_nomeacoes_dou\LAKE\RJ\2015\12\DOERJ_PARTE_I_PODER_EXECUTIVO_2015-12-16.md
RJ,Diario Oficial do Estado do Rio de Janeiro,2015-12-15,Parte I (Poder Executivo),nomeacao,EZEQUIEL CORTAZ TEIXEIRA,,,Governador,1,Wilson Jose Witzel - Governador,Wilson Jose Witzel,Executivo estadual,sim,TEIXEIRA:ORG|Ezequiel Cortaz Teixeira:PER,sim,para exercer o cargo em comissão de Secretário de Estado,,"NOMEAR EZEQUIEL CORTAZ TEIXEIRA para exercer o cargo em comissão de Secretário de Estado, símbolo SE, da",https://www.ioerj.com.br/portal/modules/conteudoonline/mostra_edicao.php?session=VFd0V1FsSkVhekZOTUZWMFRtcFJNRkpETURCTlZWazBURlZLUkZGNlkzUk5SRUV3VDFWSmVVMXFVVFJPUkZsNlRWUmpNMDlFVlhsT2VsVXhUbWM5UFE9PQ==,D:\github\exoneracoes_nomeacoes_dou\LAKE\RJ\2015\12\DOERJ_PARTE_I_PODER_EXECUTIVO_2015-12-15.md
RJ,Diario Oficial do Estado do Rio de Janeiro,2015-12-15,Parte I (Poder Executivo),nomeacao,ANTERIORMENTE OCUPADO POR CAROLINA MICHAELSEN KUENERZ,4382751-9,,Governador,1,Wilson Jose Witzel - Governador,Wilson Jose Witzel,Executivo estadual,sim,ANTERIORMENTE OCUPADO:PER,sim,para exercer o cargo em comissão de Assessor Especial,do Gabinete do Governador,"NOMEAR TERESA CRISTINA FRANCO COSENTINO , ID FUNCIONAL Nº 4382751-9, para exercer o cargo em comissão de Assessor Especial, símbolo SA, do Gabinete do Governador, da Governadoria do Estado, anteriormente ocupado por Carolina Michaelsen Kuenerz, ID Funcional nº 4325155-2",https://www.ioerj.com.br/portal/modules/conteudoonline/mostra_edicao.php?session=VFd0V1FsSkVhekZOTUZWMFRtcFJNRkpETURCTlZWazBURlZLUkZGNlkzUk5SRUV3VDFWSmVVMXFVVFJPUkZsNlRWUmpNMDlFVlhsT2VsVXhUbWM5UFE9PQ==,D:\github\exoneracoes_nomeacoes_dou\LAKE\RJ\2015\12\DOERJ_PARTE_I_PODER_EXECUTIVO_2015-12-15.md
RJ,Diario Oficial do Estado do Rio de Janeiro,2015-12-15,Parte I (Poder Executivo),nomeacao,RITA DE CASSIA ROMÃO DE OLIVEIRA SIQUEIRA,,,Governador,1,Wilson Jose Witzel - Governador,Wilson Jose Witzel,Executivo estadual,sim,RITA:ORG|ROMÃO DE OLIVEIRA SIQUEIRA:MISC|Rita De Cassia Romão:PER,sim,para exercer o cargo em comissão de Coordenador de Unidade,da Fundação de Apoio à Escola Técnica do Estado do Rio de Janeiro - FAETEC,"NOMEAR RITA DE CASSIA ROMÃO DE OLIVEIRA SIQUEIRA para exercer o cargo em comissão de Coordenador de Unidade, símbolo FAETEC 3, da Fundação de Apoio à Escola Técnica do Estado do Rio de Janeiro - FAETEC, da",https://www.ioerj.com.br/portal/modules/conteudoonline/mostra_edicao.php?session=VFd0V1FsSkVhekZOTUZWMFRtcFJNRkpETURCTlZWazBURlZLUkZGNlkzUk5SRUV3VDFWSmVVMXFVVFJPUkZsNlRWUmpNMDlFVlhsT2VsVXhUbWM5UFE9PQ==,D:\github\exoneracoes_nomeacoes_dou\LAKE\RJ\2015\12\DOERJ_PARTE_I_PODER_EXECUTIVO_2015-12-15.md
RJ,Diario Oficial do Estado do Rio de Janeiro,2015-12-15,Parte I (Poder Executivo),nomeacao,ROBERTA DA SILVA SANCHES,2409206-1,,Secretario,5,Wilson Jose Witzel - Governador,Wilson Jose Witzel,Executivo estadual,sim,Roberta Da Silva Sanches:PER,sim,para exercer o cargo em comissão de DIRETOR DE DIRETORIA,,"NOMEAR ROBERTA DA SILVA SANCHES, MAJOR PM, ID Funcional nº 2409206-1, para exercer o cargo em comissão de DIRETOR DE DIRETORIA, símbolo DAS-8, do(a) Subsecretaria Militar, do(a)",https://www.ioerj.com.br/portal/modules/conteudoonline/mostra_edicao.php?session=VFd0V1FsSkVhekZOTUZWMFRtcFJNRkpETURCTlZWazBURlZLUkZGNlkzUk5SRUV3VDFWSmVVMXFVVFJPUkZsNlRWUmpNMDlFVlhsT2VsVXhUbWM5UFE9PQ==,D:\github\exoneracoes_nomeacoes_dou\LAKE\RJ\2015\12\DOERJ_PARTE_I_PODER_EXECUTIVO_2015-12-15.md
RJ,Diario Oficial do Estado do Rio de Janeiro,2015-12-15,Parte I (Poder Executivo),nomeacao,BARBARA CRISTINA ONDEZA MOTTA VIANNA,2449802-5,,Secretario,5,Wilson Jose Witzel - Governador,Wilson Jose Witzel,Executivo estadual,sim,BARBARA CRISTINA:MISC|Barbara Cristina Ondeza Motta Vianna:PER,sim,para exercer o cargo em comissão de DIRETOR DE DIRETORIA,,"NOMEAR BARBARA CRISTINA ONDEZA MOTTA VIANNA, MAJOR PM, ID Funcional nº 2449802-5, para exercer o cargo em comissão de DIRETOR DE DIRETORIA, símbolo DAS-8, do(a) Subsecretaria Militar, do(a)",https://www.ioerj.com.br/portal/modules/conteudoonline/mostra_edicao.php?session=VFd0V1FsSkVhekZOTUZWMFRtcFJNRkpETURCTlZWazBURlZLUkZGNlkzUk5SRUV3VDFWSmVVMXFVVFJPUkZsNlRWUmpNMDlFVlhsT2VsVXhUbWM5UFE9PQ==,D:\github\exoneracoes_nomeacoes_dou\LAKE\RJ\2015\12\DOERJ_PARTE_I_PODER_EXECUTIVO_2015-12-15.md
RJ,Diario Oficial do Estado do Rio de Janeiro,2015-12-15,Parte I (Poder Executivo),nomeacao,FRANKLIN DE FREITAS SANTOS,,,Secretario,5,Wilson Jose Witzel - Governador,Wilson Jose Witzel,Executivo estadual,sim,FRANKLIN:ORG|FREITAS SANTOS:ORG|Freitas Santos:PER,sim,,,"NOMEAR FRANKLIN DE FREITAS SANTOS para exercer, com validade a contar de 01 de dezembro de 2015, o cargo em comissão de Ajudante I, símbolo DAI-1, da",https://www.ioerj.com.br/portal/modules/conteudoonline/mostra_edicao.php?session=VFd0V1FsSkVhekZOTUZWMFRtcFJNRkpETURCTlZWazBURlZLUkZGNlkzUk5SRUV3VDFWSmVVMXFVVFJPUkZsNlRWUmpNMDlFVlhsT2VsVXhUbWM5UFE9PQ==,D:\github\exoneracoes_nomeacoes_dou\LAKE\RJ\2015\12\DOERJ_PARTE_I_PODER_EXECUTIVO_2015-12-15.md
RJ,Diario Oficial do Estado do Rio de Janeiro,2015-12-15,Parte I (Poder Executivo),nomeacao,ANDRÉ LUIZ DE SOUZA,,,Secretario,5,Wilson Jose Witzel - Governador,Wilson Jose Witzel,Executivo estadual,sim,ANDRÉ LUIZ:PER,sim,,,"NOMEAR ANDRÉ LUIZ DE SOUZA para exercer, com validade a contar de 01 de dezembro de 2015, o cargo em comissão de Ajudante I, símbolo DAI-1, da",https://www.ioerj.com.br/portal/modules/conteudoonline/mostra_edicao.php?session=VFd0V1FsSkVhekZOTUZWMFRtcFJNRkpETURCTlZWazBURlZLUkZGNlkzUk5SRUV3VDFWSmVVMXFVVFJPUkZsNlRWUmpNMDlFVlhsT2VsVXhUbWM5UFE9PQ==,D:\github\exoneracoes_nomeacoes_dou\LAKE\RJ\2015\12\DOERJ_PARTE_I_PODER_EXECUTIVO_2015-12-15.md
RJ,Diario Oficial do Estado do Rio de Janeiro,2015-12-15,Parte I (Poder Executivo),nomeacao,SILVIO ANDRADE,,,Secretario,5,Wilson Jose Witzel - Governador,Wilson Jose Witzel,Executivo estadual,sim,SILVIO ANDRADE:PER,sim,para exercer o cargo em comissão de Chefe de Núcleo,da Fundação Leão XIII,"NOMEAR SILVIO ANDRADE para exercer o cargo em comissão de Chefe de Núcleo, símbolo DAI-5, do Núcleo de Atendimento ao Cidadão de Laje do Muriaé, do Pólo de Articulação Regional Noroeste II, da Diretoria de Promoção Social do Interior, da Fundação Leão XIII, da",https://www.ioerj.com.br/portal/modules/conteudoonline/mostra_edicao.php?session=VFd0V1FsSkVhekZOTUZWMFRtcFJNRkpETURCTlZWazBURlZLUkZGNlkzUk5SRUV3VDFWSmVVMXFVVFJPUkZsNlRWUmpNMDlFVlhsT2VsVXhUbWM5UFE9PQ==,D:\github\exoneracoes_nomeacoes_dou\LAKE\RJ\2015\12\DOERJ_PARTE_I_PODER_EXECUTIVO_2015-12-15.md
RJ,Diario Oficial do Estado do Rio de Janeiro,2015-12-15,Parte I (Poder Executivo),nomeacao,SANDRO ALVES CRISPÍM,,,Secretario,5,Wilson Jose Witzel - Governador,Wilson Jose Witzel,Executivo estadual,sim,SANDRO ALVES CRISPÍM:MISC|Sandro Alves Crispím:PER,sim,para exercer o cargo em comissão de Chefe de Núcleo,da Fundação Leão XIII,"NOMEAR SANDRO ALVES CRISPÍM para exercer o cargo em comissão de Chefe de Núcleo, símbolo DAI-5, do Núcleo de Atendimento ao Cidadão de Natividade, do Pólo de Articulação Regional Noroeste II, da Diretoria de Promoção Social do Interior, da Fundação Leão XIII, da",https://www.ioerj.com.br/portal/modules/conteudoonline/mostra_edicao.php?session=VFd0V1FsSkVhekZOTUZWMFRtcFJNRkpETURCTlZWazBURlZLUkZGNlkzUk5SRUV3VDFWSmVVMXFVVFJPUkZsNlRWUmpNMDlFVlhsT2VsVXhUbWM5UFE9PQ==,D:\github\exoneracoes_nomeacoes_dou\LAKE\RJ\2015\12\DOERJ_PARTE_I_PODER_EXECUTIVO_2015-12-15.md
RJ,Diario Oficial do Estado do Rio de Janeiro,2015-12-15,Parte I (Poder Executivo),exoneracao,EDSON ALMEIDA DOS SANTOS,,,Secretario,5,Wilson Jose Witzel - Governador,Wilson Jose Witzel,Executivo estadual,sim,EDSON ALMEIDA DOS SANTOS:PER,sim,do cargo em comissão de Chefe de Centro Social,da Fundação Leão XIII,"EXONERAR EDSON ALMEIDA DOS SANTOS do cargo em comissão de Chefe de Centro Social, símbolo DAI-6, do Centro Social Antares, do Pólo de Articulação Regional III, da Diretoria de Promoção Social da Região Metropolitana, da Fundação Leão XIII, da",https://www.ioerj.com.br/portal/modules/conteudoonline/mostra_edicao.php?session=VFd0V1FsSkVhekZOTUZWMFRtcFJNRkpETURCTlZWazBURlZLUkZGNlkzUk5SRUV3VDFWSmVVMXFVVFJPUkZsNlRWUmpNMDlFVlhsT2VsVXhUbWM5UFE9PQ==,D:\github\exoneracoes_nomeacoes_dou\LAKE\RJ\2015\12\DOERJ_PARTE_I_PODER_EXECUTIVO_2015-12-15.md
RJ,Diario Oficial do Estado do Rio de Janeiro,2015-12-14,Parte I (Poder Executivo),exoneracao,TENENTE-CORONEL PM,2415213-7,,Secretario,5,Wilson Jose Witzel - Governador,Wilson Jose Witzel,Executivo estadual,sim,Tenente-Coronel Pm:PER,sim,do cargo em comissão de Comandante,,"EXONERAR com validade a contar de 30 de novembro de 2015, JORGE FERNANDO DE OLIVEIRA PIMENTA , Tenente-Coronel PM, ID Funcional nº 2415213-7, do cargo em comissão de Comandante, símbolo DAS-7, do 32º BPM, da Polícia Militar do Estado do Rio de Janeiro, da",https://www.ioerj.com.br/portal/modules/conteudoonline/mostra_edicao.php?session=VVZWU1EwNTZRa05OZWtWMFRXcG5NbEpwTURCU2ExWkNURlJzUkZKclZYUk9NRmsxVVdwUmQwNVZUVFZPZW14Q1RWUmpNMDlFVlhsUFJGVTBUbmM5UFE9PQ==,D:\github\exoneracoes_nomeacoes_dou\LAKE\RJ\2015\12\DOERJ_PARTE_I_PODER_EXECUTIVO_2015-12-14.md
RJ,Diario Oficial do Estado do Rio de Janeiro,2015-12-14,Parte I (Poder Executivo),nomeacao,TENENTE-CORONEL PM,2340365-9,,Secretario,5,Wilson Jose Witzel - Governador,Wilson Jose Witzel,Executivo estadual,sim,Tenente-Coronel Pm:PER,sim,,,"NOMEAR MARCO AURELIO CIARLINI GUARABYRA VOLLMER , Tenente-Coronel PM, ID Funcional nº 2340365-9, para exercer, com validade a contar de 01 de dezembro de 2015, o cargo em comissão de Comandante, símbolo DAS-7, do 32º BPM, da Polícia Militar do Estado do Rio de Janeiro, da",https://www.ioerj.com.br/portal/modules/conteudoonline/mostra_edicao.php?session=VVZWU1EwNTZRa05OZWtWMFRXcG5NbEpwTURCU2ExWkNURlJzUkZKclZYUk9NRmsxVVdwUmQwNVZUVFZPZW14Q1RWUmpNMDlFVlhsUFJGVTBUbmM5UFE9PQ==,D:\github\exoneracoes_nomeacoes_dou\LAKE\RJ\2015\12\DOERJ_PARTE_I_PODER_EXECUTIVO_2015-12-14.md
RJ,Diario Oficial do Estado do Rio de Janeiro,2015-12-14,Parte I (Poder Executivo),exoneracao,TENENTE-CORONEL PM,2430004-7,,Secretario,5,Wilson Jose Witzel - Governador,Wilson Jose Witzel,Executivo estadual,sim,Tenente-Coronel Pm:PER,sim,do cargo em comissão de Comandante,,"EXONERAR com validade a contar de 30 de novembro de 2015, ANTÔNIO MARCOS NETTO DOS SANTOS , Tenente-Coronel PM, ID Funcional nº 2430004-7, do cargo em comissão de Comandante, símbolo DAS-7, do 41º BPM, da Polícia Militar do Estado do ## ADMINISTRAÇÃO VINCULADA DEPARTAMENTO DE TRÂNSITO ##",https://www.ioerj.com.br/portal/modules/conteudoonline/mostra_edicao.php?session=VVZWU1EwNTZRa05OZWtWMFRXcG5NbEpwTURCU2ExWkNURlJzUkZKclZYUk9NRmsxVVdwUmQwNVZUVFZPZW14Q1RWUmpNMDlFVlhsUFJGVTBUbmM5UFE9PQ==,D:\github\exoneracoes_nomeacoes_dou\LAKE\RJ\2015\12\DOERJ_PARTE_I_PODER_EXECUTIVO_2015-12-14.md
RJ,Diario Oficial do Estado do Rio de Janeiro,2015-12-14,Parte I (Poder Executivo),nomeacao,TENENTE-CORONEL PM,2415213-7,,Secretario,5,Wilson Jose Witzel - Governador,Wilson Jose Witzel,Executivo estadual,sim,Tenente-Coronel Pm:PER,sim,,,"NOMEAR JORGE FERNANDO DE OLIVEIRA PIMENTA , Tenente-Coronel PM, ID Funcional nº 2415213-7, para exercer, com validade a contar de 30 de novembro de 2015, o cargo em comissão de Comandante, símbolo DAS-7, do 41º BPM, da Polícia Militar do Estado do Rio de Janeiro, da",https://www.ioerj.com.br/portal/modules/conteudoonline/mostra_edicao.php?session=VVZWU1EwNTZRa05OZWtWMFRXcG5NbEpwTURCU2ExWkNURlJzUkZKclZYUk9NRmsxVVdwUmQwNVZUVFZPZW14Q1RWUmpNMDlFVlhsUFJGVTBUbmM5UFE9PQ==,D:\github\exoneracoes_nomeacoes_dou\LAKE\RJ\2015\12\DOERJ_PARTE_I_PODER_EXECUTIVO_2015-12-14.md
RJ,Diario Oficial do Estado do Rio de Janeiro,2015-12-14,Parte I (Poder Executivo),nomeacao,ALEX CABRAL DE OLIVEIRA,2483945-0,,Secretario,5,Wilson Jose Witzel - Governador,Wilson Jose Witzel,Executivo estadual,sim,ALEX CABRAL DE OLIVEIRA:MISC|Alex Cabral De Oliveira:PER,sim,,do Gabinete do Comando Geral,"NOMEAR ALEX CABRAL DE OLIVEIRA, Major PM, ID Funcional nº 2483945-0, para exercer, com validade a contar de 09 de novembro de 2015, o cargo em comissão de Secretário-Chefe, símbolo DAS-7, do Gabinete do Comando Geral, da Polícia Militar do Estado do Rio de Janeiro, da",https://www.ioerj.com.br/portal/modules/conteudoonline/mostra_edicao.php?session=VVZWU1EwNTZRa05OZWtWMFRXcG5NbEpwTURCU2ExWkNURlJzUkZKclZYUk9NRmsxVVdwUmQwNVZUVFZPZW14Q1RWUmpNMDlFVlhsUFJGVTBUbmM5UFE9PQ==,D:\github\exoneracoes_nomeacoes_dou\LAKE\RJ\2015\12\DOERJ_PARTE_I_PODER_EXECUTIVO_2015-12-14.md
RJ,Diario Oficial do Estado do Rio de Janeiro,2015-12-14,Parte I (Poder Executivo),nomeacao,CAPITÃO PM,2417377-0,,Secretario,5,Wilson Jose Witzel - Governador,Wilson Jose Witzel,Executivo estadual,sim,CAPITÃO PM:MISC|Capitão Pm:PER,sim,,,"NOMEAR MARCOS ANTONIO VENÂNCIO , Capitão PM, ID Funcional nº 2417377-0, para exercer, com validade a contar de 26 de outubro de 2015, o cargo em comissão de Assistente, símbolo DAS-6, Chefe da 3ª Seção, da Diretoria de Finanças - DF/DGAF, da Polícia Militar do Estado do Rio de Janeiro, da",https://www.ioerj.com.br/portal/modules/conteudoonline/mostra_edicao.php?session=VVZWU1EwNTZRa05OZWtWMFRXcG5NbEpwTURCU2ExWkNURlJzUkZKclZYUk9NRmsxVVdwUmQwNVZUVFZPZW14Q1RWUmpNMDlFVlhsUFJGVTBUbmM5UFE9PQ==,D:\github\exoneracoes_nomeacoes_dou\LAKE\RJ\2015\12\DOERJ_PARTE_I_PODER_EXECUTIVO_2015-12-14.md
RJ,Diario Oficial do Estado do Rio de Janeiro,2015-12-14,Parte I (Poder Executivo),exoneracao,ANNA CAROLINA PEREIRA MENDES DA SILVA,,,Secretario,5,Wilson Jose Witzel - Governador,Wilson Jose Witzel,Executivo estadual,sim,ANNA CAROLINA PEREIRA MENDES DA SILVA:ORG|Anna Carolina Pereira Mendes Da Silva:PER,sim,do cargo em comissão de Assistente II,,"EXONERAR com validade a contar de 04 de novembro de 2015, ANNA CAROLINA PEREIRA MENDES DA SILVA do cargo em comissão de Assistente II, símbolo DAI-6, da Polícia Militar do Estado do Rio de Janeiro, da",https://www.ioerj.com.br/portal/modules/conteudoonline/mostra_edicao.php?session=VVZWU1EwNTZRa05OZWtWMFRXcG5NbEpwTURCU2ExWkNURlJzUkZKclZYUk9NRmsxVVdwUmQwNVZUVFZPZW14Q1RWUmpNMDlFVlhsUFJGVTBUbmM5UFE9PQ==,D:\github\exoneracoes_nomeacoes_dou\LAKE\RJ\2015\12\DOERJ_PARTE_I_PODER_EXECUTIVO_2015-12-14.md
RJ,Diario Oficial do Estado do Rio de Janeiro,2015-12-14,Parte I (Poder Executivo),nomeacao,CARLLA MICHELLE MONTE,4184050-0,,Secretario,5,Wilson Jose Witzel - Governador,Wilson Jose Witzel,Executivo estadual,sim,CARLLA MICHELLE:MISC|Carlla Michelle Monte:PER,sim,,,"NOMEAR CARLLA MICHELLE MONTE DA SILVA SALAZAR , ID FUNCIONAL Nº 4184050-0, para exercer, com validade a contar de 01 de dezembro de 2015, o cargo em comissão de Assistente III, símbolo DAI-5, da Polícia Militar do Estado do Rio de Janeiro, da",https://www.ioerj.com.br/portal/modules/conteudoonline/mostra_edicao.php?session=VVZWU1EwNTZRa05OZWtWMFRXcG5NbEpwTURCU2ExWkNURlJzUkZKclZYUk9NRmsxVVdwUmQwNVZUVFZPZW14Q1RWUmpNMDlFVlhsUFJGVTBUbmM5UFE9PQ==,D:\github\exoneracoes_nomeacoes_dou\LAKE\RJ\2015\12\DOERJ_PARTE_I_PODER_EXECUTIVO_2015-12-14.md
RJ,Diario Oficial do Estado do Rio de Janeiro,2015-12-11,Parte I (Poder Executivo),nomeacao,GUEDES JESUS ALVES DE FREITAS,1906414-4,,Governador,1,Wilson Jose Witzel - Governador,Wilson Jose Witzel,Executivo estadual,sim,GUEDES JESUS ALVES DE FREITAS:PER,sim,,do Gabinete do Secretario,"NOMEAR GUEDES JESUS ALVES DE FREITAS, ID FUNCIONAL Nº 1906414-4 , para exercer, com validade a contar de 03 de dezembro de 2015, o cargo em comissão de Assessor Especial, símbolo DG, do Gabinete do Secretario, da",https://www.ioerj.com.br/portal/modules/conteudoonline/mostra_edicao.php?session=VVZSWk5VMUVVa0pPTUUxMFVrVlNSRTFwTURCTmVsWkZURlJvUkZKVWEzUlJha1pIVG5wVk0wOVZUa0pSZWxGNlRWUmpNMDlFVlhsUFJHZDVUbmM5UFE9PQ==,D:\github\exoneracoes_nomeacoes_dou\LAKE\RJ\2015\12\DOERJ_PARTE_I_PODER_EXECUTIVO_2015-12-11.md
RJ,Diario Oficial do Estado do Rio de Janeiro,2015-12-11,Parte I (Poder Executivo),exoneracao,FLAVIA DE OLIVEIRA TEIXEIRA,5809266,,Governador,1,Wilson Jose Witzel - Governador,Wilson Jose Witzel,Executivo estadual,sim,FLAVIA DE OLIVEIRA TEIXEIRA:MISC|Flavia De Oliveira Teixeira:PER,sim,do cargo em comissão de Chefe de Gabinete,do Instituto Estadual do Ambiente - INEA,"EXONERAR com validade a contar de 26 de novembro de 2015, FLAVIA DE OLIVEIRA TEIXEIRA, ID FUNCIONAL Nº 5809266, do cargo em comissão de Chefe de Gabinete, símbolo VP-3, da Vice-Presidência, do Instituto Estadual do Ambiente - INEA, da",https://www.ioerj.com.br/portal/modules/conteudoonline/mostra_edicao.php?session=VVZSWk5VMUVVa0pPTUUxMFVrVlNSRTFwTURCTmVsWkZURlJvUkZKVWEzUlJha1pIVG5wVk0wOVZUa0pSZWxGNlRWUmpNMDlFVlhsUFJHZDVUbmM5UFE9PQ==,D:\github\exoneracoes_nomeacoes_dou\LAKE\RJ\2015\12\DOERJ_PARTE_I_PODER_EXECUTIVO_2015-12-11.md
RJ,Diario Oficial do Estado do Rio de Janeiro,2015-12-11,Parte I (Poder Executivo),nomeacao,ANTOINE AZEVEDO LOUSAO,5000341-0/2,,Governador,1,Wilson Jose Witzel - Governador,Wilson Jose Witzel,Executivo estadual,sim,ANTOINE:ORG|Antoine Azevedo Lousao:PER,sim,,,"NOMEAR ANTOINE AZEVEDO LOUSAO, ID FUNCIONAL Nº 5000341-0/2 , para exercer, com validade a contar de 26 de novembro de 2015, o cargo em comissão de Diretor Geral, símbolo VP3 (denominação alterada pelo",https://www.ioerj.com.br/portal/modules/conteudoonline/mostra_edicao.php?session=VVZSWk5VMUVVa0pPTUUxMFVrVlNSRTFwTURCTmVsWkZURlJvUkZKVWEzUlJha1pIVG5wVk0wOVZUa0pSZWxGNlRWUmpNMDlFVlhsUFJHZDVUbmM5UFE9PQ==,D:\github\exoneracoes_nomeacoes_dou\LAKE\RJ\2015\12\DOERJ_PARTE_I_PODER_EXECUTIVO_2015-12-11.md
RJ,Diario Oficial do Estado do Rio de Janeiro,2015-12-11,Parte I (Poder Executivo),nomeacao,YURI BARROS PIMENTA,5025292-5,,Secretario,5,Wilson Jose Witzel - Governador,Wilson Jose Witzel,Executivo estadual,sim,BARROS PIMENTA:PER,sim,para exercer o cargo em comissão de Assessor,,"NOMEAR YURI BARROS PIMENTA, Analista de Planejamento e Orçamento, ID Funcional nº 5025292-5, para exercer o cargo em comissão de Assessor, símbolo DAS-7, do(a)",https://www.ioerj.com.br/portal/modules/conteudoonline/mostra_edicao.php?session=VVZSWk5VMUVVa0pPTUUxMFVrVlNSRTFwTURCTmVsWkZURlJvUkZKVWEzUlJha1pIVG5wVk0wOVZUa0pSZWxGNlRWUmpNMDlFVlhsUFJHZDVUbmM5UFE9PQ==,D:\github\exoneracoes_nomeacoes_dou\LAKE\RJ\2015\12\DOERJ_PARTE_I_PODER_EXECUTIVO_2015-12-11.md
RJ,Diario Oficial do Estado do Rio de Janeiro,2015-12-11,Parte I (Poder Executivo),nomeacao,MARIANA XAVIER SANTOS,,,Secretario,5,Wilson Jose Witzel - Governador,Wilson Jose Witzel,Executivo estadual,sim,MARIANA XAVIER SANTOS:MISC|Mariana Xavier Santos:PER,sim,para exercer o cargo em comissão de Assessor,,"NOMEAR MARIANA XAVIER SANTOS, RG nº 215544446, para exercer o cargo em comissão de Assessor, símbolo DAS-7, do(a)",https://www.ioerj.com.br/portal/modules/conteudoonline/mostra_edicao.php?session=VVZSWk5VMUVVa0pPTUUxMFVrVlNSRTFwTURCTmVsWkZURlJvUkZKVWEzUlJha1pIVG5wVk0wOVZUa0pSZWxGNlRWUmpNMDlFVlhsUFJHZDVUbmM5UFE9PQ==,D:\github\exoneracoes_nomeacoes_dou\LAKE\RJ\2015\12\DOERJ_PARTE_I_PODER_EXECUTIVO_2015-12-11.md
RJ,Diario Oficial do Estado do Rio de Janeiro,2015-12-11,Parte I (Poder Executivo),nomeacao,CARLOS ALBERTO GOMES DOS SANTOS,4362237-2,,Secretario,5,Wilson Jose Witzel - Governador,Wilson Jose Witzel,Executivo estadual,sim,CARLOS ALBERTO GOMES DOS SANTOS:PER,sim,para exercer o cargo em comissão de Ajudante II,,"NOMEAR CARLOS ALBERTO GOMES DOS SANTOS, ID Funcional nº 4362237-2, para exercer o cargo em comissão de Ajudante II, símbolo DAI-2, do(a)",https://www.ioerj.com.br/portal/modules/conteudoonline/mostra_edicao.php?session=VVZSWk5VMUVVa0pPTUUxMFVrVlNSRTFwTURCTmVsWkZURlJvUkZKVWEzUlJha1pIVG5wVk0wOVZUa0pSZWxGNlRWUmpNMDlFVlhsUFJHZDVUbmM5UFE9PQ==,D:\github\exoneracoes_nomeacoes_dou\LAKE\RJ\2015\12\DOERJ_PARTE_I_PODER_EXECUTIVO_2015-12-11.md
RJ,Diario Oficial do Estado do Rio de Janeiro,2015-12-11,Parte I (Poder Executivo),nomeacao,RENATO FONSECA DO NASCIMENTO,,,Secretario,5,Wilson Jose Witzel - Governador,Wilson Jose Witzel,Executivo estadual,sim,RENATO FONSECA DO NASCIMENTO:PER,sim,para exercer o cargo em comissão de Assistente II,,"NOMEAR RENATO FONSECA DO NASCIMENTO, RG nº 3051779, para exercer o cargo em comissão de Assistente II, símbolo DAI-6, do(a)",https://www.ioerj.com.br/portal/modules/conteudoonline/mostra_edicao.php?session=VVZSWk5VMUVVa0pPTUUxMFVrVlNSRTFwTURCTmVsWkZURlJvUkZKVWEzUlJha1pIVG5wVk0wOVZUa0pSZWxGNlRWUmpNMDlFVlhsUFJHZDVUbmM5UFE9PQ==,D:\github\exoneracoes_nomeacoes_dou\LAKE\RJ\2015\12\DOERJ_PARTE_I_PODER_EXECUTIVO_2015-12-11.md
RJ,Diario Oficial do Estado do Rio de Janeiro,2015-12-11,Parte I (Poder Executivo),nomeacao,RAFAEL JANUZZI SOARES,5000677-0,,Secretario,5,Wilson Jose Witzel - Governador,Wilson Jose Witzel,Executivo estadual,sim,RAFAEL JANUZZI SOARES:PER,sim,para exercer o cargo em comissão de Assistente II,,"NOMEAR RAFAEL JANUZZI SOARES, ID Funcional nº 5000677-0, para exercer o cargo em comissão de Assistente II, símbolo DAI-6, do(a)",https://www.ioerj.com.br/portal/modules/conteudoonline/mostra_edicao.php?session=VVZSWk5VMUVVa0pPTUUxMFVrVlNSRTFwTURCTmVsWkZURlJvUkZKVWEzUlJha1pIVG5wVk0wOVZUa0pSZWxGNlRWUmpNMDlFVlhsUFJHZDVUbmM5UFE9PQ==,D:\github\exoneracoes_nomeacoes_dou\LAKE\RJ\2015\12\DOERJ_PARTE_I_PODER_EXECUTIVO_2015-12-11.md
RJ,Diario Oficial do Estado do Rio de Janeiro,2015-12-11,Parte I (Poder Executivo),nomeacao,LUIZ CARLOS DA SILVA MARTINS,,,Secretario,5,Wilson Jose Witzel - Governador,Wilson Jose Witzel,Executivo estadual,sim,LUIZ CARLOS DA SILVA MARTINS:PER,sim,para exercer o cargo em comissão de Assistente II,,"NOMEAR LUIZ CARLOS DA SILVA MARTINS, RG nº 069532034, para exercer o cargo em comissão de Assistente II, símbolo DAI-6, do(a)",https://www.ioerj.com.br/portal/modules/conteudoonline/mostra_edicao.php?session=VVZSWk5VMUVVa0pPTUUxMFVrVlNSRTFwTURCTmVsWkZURlJvUkZKVWEzUlJha1pIVG5wVk0wOVZUa0pSZWxGNlRWUmpNMDlFVlhsUFJHZDVUbmM5UFE9PQ==,D:\github\exoneracoes_nomeacoes_dou\LAKE\RJ\2015\12\DOERJ_PARTE_I_PODER_EXECUTIVO_2015-12-11.md
RJ,Diario Oficial do Estado do Rio de Janeiro,2015-12-11,Parte I (Poder Executivo),exoneracao,RICARDO FIORAVANTE LISBOA,5074780-0,,Secretario,5,Wilson Jose Witzel - Governador,Wilson Jose Witzel,Executivo estadual,sim,RICARDO FIORAVANTE LISBOA:PER,sim,do cargo em comissão de Diretor de Divisão,do Departamento de Trânsito do Estado do Rio de Janeiro -DETRAN/RJ,"EXONERAR a pedido e com validade a contar de 08 de dezembro de 2015, RICARDO FIORAVANTE LISBOA, ID FUNCIONAL Nº 5074780-0 , do cargo em comissão de Diretor de Divisão, símbolo DAS-6, da Divisão de Terceiros, Permissionários e Entidades, da Diretoria de Registro de Veículos, do Departamento de Trânsito do Estado do Rio de Janeiro -DETRAN/RJ, da",https://www.ioerj.com.br/portal/modules/conteudoonline/mostra_edicao.php?session=VVZSWk5VMUVVa0pPTUUxMFVrVlNSRTFwTURCTmVsWkZURlJvUkZKVWEzUlJha1pIVG5wVk0wOVZUa0pSZWxGNlRWUmpNMDlFVlhsUFJHZDVUbmM5UFE9PQ==,D:\github\exoneracoes_nomeacoes_dou\LAKE\RJ\2015\12\DOERJ_PARTE_I_PODER_EXECUTIVO_2015-12-11.md
RJ,Diario Oficial do Estado do Rio de Janeiro,2015-12-11,Parte I (Poder Executivo),nomeacao,RONALD SOARES RIBEIRO,594727-8,,Secretario,5,Wilson Jose Witzel - Governador,Wilson Jose Witzel,Executivo estadual,sim,RONALD SOARES RIBEIRO:PER,sim,para exercer o cargo em comissão de Chefe de Serviço,do Departamento de Trânsito do Estado do Rio de Janeiro - DETRAN/RJ,"NOMEAR RONALD SOARES RIBEIRO, ID FUNCIONAL Nº 594727-8 , para exercer o cargo em comissão de Chefe de Serviço, símbolo DAI-6, da 21ª Circunscrição Regional de Trânsito - Angra dos Reis, da CIRETRANS E SATS, da Coordenadoria de Serviços Descentralizados, da Coordenadoria Geral de Integração de Serviços, do Departamento de Trânsito do Estado do Rio de Janeiro - DETRAN/RJ, da",https://www.ioerj.com.br/portal/modules/conteudoonline/mostra_edicao.php?session=VVZSWk5VMUVVa0pPTUUxMFVrVlNSRTFwTURCTmVsWkZURlJvUkZKVWEzUlJha1pIVG5wVk0wOVZUa0pSZWxGNlRWUmpNMDlFVlhsUFJHZDVUbmM5UFE9PQ==,D:\github\exoneracoes_nomeacoes_dou\LAKE\RJ\2015\12\DOERJ_PARTE_I_PODER_EXECUTIVO_2015-12-11.md
RJ,Diario Oficial do Estado do Rio de Janeiro,2015-12-11,Parte I (Poder Executivo),exoneracao,MILDO CARLOS FERREIRA,1956755-3,,Secretario,5,Wilson Jose Witzel - Governador,Wilson Jose Witzel,Executivo estadual,sim,MILDO CARLOS FERREIRA:MISC|Mildo Carlos Ferreira:PER,sim,do cargo em comissão de Inspetor,da Subsecretaria-Adjunta de Fiscalização,"EXONERAR a pedido, MILDO CARLOS FERREIRA DA CUNHA , Auditor Fiscal da Receita Estadual de 1ª Categoria, ID Funcional nº 1956755-3, do cargo em comissão de Inspetor, símbolo DAS-8, da Inspetoria Regional de Fiscalização - Duque de Caxias, da Inspetoria Regional de Fiscalização do Interior, da Subsecretaria-Adjunta de Fiscalização, da Subsecretaria de Receita, da",https://www.ioerj.com.br/portal/modules/conteudoonline/mostra_edicao.php?session=VVZSWk5VMUVVa0pPTUUxMFVrVlNSRTFwTURCTmVsWkZURlJvUkZKVWEzUlJha1pIVG5wVk0wOVZUa0pSZWxGNlRWUmpNMDlFVlhsUFJHZDVUbmM5UFE9PQ==,D:\github\exoneracoes_nomeacoes_dou\LAKE\RJ\2015\12\DOERJ_PARTE_I_PODER_EXECUTIVO_2015-12-11.md
RJ,Diario Oficial do Estado do Rio de Janeiro,2015-12-11,Parte I (Poder Executivo),exoneracao,IZABELLE SANTOS CORRÊA,5034842-6,,Secretario,5,Wilson Jose Witzel - Governador,Wilson Jose Witzel,Executivo estadual,sim,IZABELLE:MISC|Izabelle Santos Corrêa:PER,sim,do cargo em comissão de Secretário II,,"EXONERAR com validade a contar de 02 de fevereiro de 2015, IZABELLE SANTOS CORRÊA, ID FUNCIONAL Nº 5034842-6 , do cargo em comissão de Secretário II, símbolo DAI-5, da",https://www.ioerj.com.br/portal/modules/conteudoonline/mostra_edicao.php?session=VVZSWk5VMUVVa0pPTUUxMFVrVlNSRTFwTURCTmVsWkZURlJvUkZKVWEzUlJha1pIVG5wVk0wOVZUa0pSZWxGNlRWUmpNMDlFVlhsUFJHZDVUbmM5UFE9PQ==,D:\github\exoneracoes_nomeacoes_dou\LAKE\RJ\2015\12\DOERJ_PARTE_I_PODER_EXECUTIVO_2015-12-11.md
RJ,Diario Oficial do Estado do Rio de Janeiro,2015-12-11,Parte I (Poder Executivo),exoneracao,DENISE SOARES DO NASCIMENTO,4316937-6,,Secretario,5,Wilson Jose Witzel - Governador,Wilson Jose Witzel,Executivo estadual,sim,DENISE SOARES:MISC|Denise Soares Do Nascimento:PER,sim,do cargo em comissão de Secretário II,do Gabinete do Secretário,"EXONERAR com validade a contar de 02 de fevereiro de 2015, DENISE SOARES DO NASCIMENTO, ID FUNCIONAL Nº 4316937-6 , do cargo em comissão de Secretário II, símbolo DAI-5, do Gabinete do Secretário, da",https://www.ioerj.com.br/portal/modules/conteudoonline/mostra_edicao.php?session=VVZSWk5VMUVVa0pPTUUxMFVrVlNSRTFwTURCTmVsWkZURlJvUkZKVWEzUlJha1pIVG5wVk0wOVZUa0pSZWxGNlRWUmpNMDlFVlhsUFJHZDVUbmM5UFE9PQ==,D:\github\exoneracoes_nomeacoes_dou\LAKE\RJ\2015\12\DOERJ_PARTE_I_PODER_EXECUTIVO_2015-12-11.md
RJ,Diario Oficial do Estado do Rio de Janeiro,2015-12-11,Parte I (Poder Executivo),exoneracao,CLAUDIA MARIA BRAGA DE MELLO,0564046-6,,Secretario,5,Wilson Jose Witzel - Governador,Wilson Jose Witzel,Executivo estadual,sim,MARIA BRAGA DE MELLO:PER,sim,do cargo em comissão de Ajudante I,,"EXONERAR a pedido e com validade a contar de 01 de novembro de 2015, CLAUDIA MARIA BRAGA DE MELLO, ID FUNCIONAL Nº 0564046-6 , do cargo em comissão de Ajudante I, símbolo DAI-1, da",https://www.ioerj.com.br/portal/modules/conteudoonline/mostra_edicao.php?session=VVZSWk5VMUVVa0pPTUUxMFVrVlNSRTFwTURCTmVsWkZURlJvUkZKVWEzUlJha1pIVG5wVk0wOVZUa0pSZWxGNlRWUmpNMDlFVlhsUFJHZDVUbmM5UFE9PQ==,D:\github\exoneracoes_nomeacoes_dou\LAKE\RJ\2015\12\DOERJ_PARTE_I_PODER_EXECUTIVO_2015-12-11.md
RJ,Diario Oficial do Estado do Rio de Janeiro,2015-12-11,Parte I (Poder Executivo),nomeacao,HELEN KELLER SARAIVA E SILVA BARRETO,3147137-4,,Secretario,5,Wilson Jose Witzel - Governador,Wilson Jose Witzel,Executivo estadual,sim,HELEN KELLER SARAIVA:MISC|Helen Keller Saraiva E Silva Barreto:PER,sim,,,"NOMEAR HELEN KELLER SARAIVA E SILVA BARRETO, ID FUNCIONAL Nº 3147137-4 , para exercer, com validade a contar de 01 de novembro de 2015, o cargo em comissão de Ajudante I, símbolo DAI-1, da",https://www.ioerj.com.br/portal/modules/conteudoonline/mostra_edicao.php?session=VVZSWk5VMUVVa0pPTUUxMFVrVlNSRTFwTURCTmVsWkZURlJvUkZKVWEzUlJha1pIVG5wVk0wOVZUa0pSZWxGNlRWUmpNMDlFVlhsUFJHZDVUbmM5UFE9PQ==,D:\github\exoneracoes_nomeacoes_dou\LAKE\RJ\2015\12\DOERJ_PARTE_I_PODER_EXECUTIVO_2015-12-11.md
RJ,Diario Oficial do Estado do Rio de Janeiro,2015-12-11,Parte I (Poder Executivo),exoneracao,CARINE FONSECA LOPES,4432388-3,,Secretario,5,Wilson Jose Witzel - Governador,Wilson Jose Witzel,Executivo estadual,sim,CARINE FONSECA LOPES:MISC|Carine Fonseca Lopes:PER,sim,do cargo em comissão de Adjunto II,do Instituto Estadual do Ambiente - INEA,"EXONERAR com validade a contar de 12 de novembro de 2015, CARINE FONSECA LOPES, ID FUNCIONAL Nº 4432388-3 , do cargo em comissão de Adjunto II, símbolo DAI-2, do Instituto Estadual do Ambiente - INEA, da",https://www.ioerj.com.br/portal/modules/conteudoonline/mostra_edicao.php?session=VVZSWk5VMUVVa0pPTUUxMFVrVlNSRTFwTURCTmVsWkZURlJvUkZKVWEzUlJha1pIVG5wVk0wOVZUa0pSZWxGNlRWUmpNMDlFVlhsUFJHZDVUbmM5UFE9PQ==,D:\github\exoneracoes_nomeacoes_dou\LAKE\RJ\2015\12\DOERJ_PARTE_I_PODER_EXECUTIVO_2015-12-11.md
RJ,Diario Oficial do Estado do Rio de Janeiro,2015-12-11,Parte I (Poder Executivo),nomeacao,PEDRO IVO BASTOS DE CASTRO,,,Secretario,5,Wilson Jose Witzel - Governador,Wilson Jose Witzel,Executivo estadual,sim,PEDRO IVO BASTOS DE CASTRO:PER,sim,para exercer o cargo em comissão de Adjunto II,do Instituto Estadual do Ambiente - INEA,"NOMEAR PEDRO IVO BASTOS DE CASTRO para exercer o cargo em comissão de Adjunto II, símbolo DAI-2, do Instituto Estadual do Ambiente - INEA, da",https://www.ioerj.com.br/portal/modules/conteudoonline/mostra_edicao.php?session=VVZSWk5VMUVVa0pPTUUxMFVrVlNSRTFwTURCTmVsWkZURlJvUkZKVWEzUlJha1pIVG5wVk0wOVZUa0pSZWxGNlRWUmpNMDlFVlhsUFJHZDVUbmM5UFE9PQ==,D:\github\exoneracoes_nomeacoes_dou\LAKE\RJ\2015\12\DOERJ_PARTE_I_PODER_EXECUTIVO_2015-12-11.md
RJ,Diario Oficial do Estado do Rio de Janeiro,2015-12-11,Parte I (Poder Executivo),nomeacao,JORGE LUIZ PEREIRA LOPES,,,Secretario,5,Wilson Jose Witzel - Governador,Wilson Jose Witzel,Executivo estadual,sim,JORGE LUIZ PEREIRA LOPES:PER,sim,para exercer o cargo em comissão de Chefe de Centro Social,da Fundação Leão XIII,"NOMEAR JORGE LUIZ PEREIRA LOPES para exercer o cargo em comissão de Chefe de Centro Social, símbolo DAI-6, do Centro Social Antares, do Pólo de Articulação Regional III, da Diretoria de Promoção Social da Região Metropolitana, da Fundação Leão XIII, da",https://www.ioerj.com.br/portal/modules/conteudoonline/mostra_edicao.php?session=VVZSWk5VMUVVa0pPTUUxMFVrVlNSRTFwTURCTmVsWkZURlJvUkZKVWEzUlJha1pIVG5wVk0wOVZUa0pSZWxGNlRWUmpNMDlFVlhsUFJHZDVUbmM5UFE9PQ==,D:\github\exoneracoes_nomeacoes_dou\LAKE\RJ\2015\12\DOERJ_PARTE_I_PODER_EXECUTIVO_2015-12-11.md
RJ,Diario Oficial do Estado do Rio de Janeiro,2015-12-11,Parte I (Poder Executivo),nomeacao,ROBERTA PEREIRA BAPTISTA,,,Secretario,5,Wilson Jose Witzel - Governador,Wilson Jose Witzel,Executivo estadual,sim,ROBERTA PEREIRA:LOC|Roberta Pereira Baptista:PER,sim,,,"NOMEAR ROBERTA PEREIRA BAPTISTA para exercer, com validade a contar de 09 de dezembro de 2015, o cargo em comissão de Assistente II, símbolo DAI-6, da",https://www.ioerj.com.br/portal/modules/conteudoonline/mostra_edicao.php?session=VVZSWk5VMUVVa0pPTUUxMFVrVlNSRTFwTURCTmVsWkZURlJvUkZKVWEzUlJha1pIVG5wVk0wOVZUa0pSZWxGNlRWUmpNMDlFVlhsUFJHZDVUbmM5UFE9PQ==,D:\github\exoneracoes_nomeacoes_dou\LAKE\RJ\2015\12\DOERJ_PARTE_I_PODER_EXECUTIVO_2015-12-11.md
RJ,Diario Oficial do Estado do Rio de Janeiro,2015-12-10,Parte I (Poder Executivo),exoneracao,GUILHERME ALBERTO DE ANDRADE RIBEIRO,50196782,,Governador,1,Wilson Jose Witzel - Governador,Wilson Jose Witzel,Executivo estadual,sim,GUILHERME ALBERTO:PER,sim,do cargo efetivo de Assistente Técnico de Trânsito,do Departamento de Trânsito do Estado do Rio de Janeiro - DETRAN/RJ,"EXONERAR a pedido, GUILHERME ALBERTO DE ANDRADE RIBEIRO, Id Funcional nº 50196782, do cargo efetivo de Assistente Técnico de Trânsito, do Departamento de Trânsito do Estado do Rio de Janeiro - DETRAN/RJ, da",https://www.ioerj.com.br/portal/modules/conteudoonline/mostra_edicao.php?session=VWtSbk5VNUVhRVJTYWxsMFVUQkZOVTlUTURCU2ExVXhURlZHUmsxcWEzUlNhbFpGVGxSSk5WSlVTWGxOVkdoR1RWUmpNMDlFVlhsUFZFRXlUa0U5UFE9PQ==,D:\github\exoneracoes_nomeacoes_dou\LAKE\RJ\2015\12\DOERJ_PARTE_I_PODER_EXECUTIVO_2015-12-10.md
RJ,Diario Oficial do Estado do Rio de Janeiro,2015-12-10,Parte I (Poder Executivo),exoneracao,FELLIPE DE MELLO PENHA,50350790,,Governador,1,Wilson Jose Witzel - Governador,Wilson Jose Witzel,Executivo estadual,sim,FELLIPE DE MELLO PENHA:LOC|Fellipe De Mello Penha:PER,sim,do cargo efetivo de Assistente Técnico de Trânsito,do Departamento de Trânsito do Estado do Rio de Janeiro - DETRAN/RJ,"EXONERAR a pedido, FELLIPE DE MELLO PENHA, Id Funcional nº 50350790, do cargo efetivo de Assistente Técnico de Trânsito, do Departamento de Trânsito do Estado do Rio de Janeiro - DETRAN/RJ, da",https://www.ioerj.com.br/portal/modules/conteudoonline/mostra_edicao.php?session=VWtSbk5VNUVhRVJTYWxsMFVUQkZOVTlUTURCU2ExVXhURlZHUmsxcWEzUlNhbFpGVGxSSk5WSlVTWGxOVkdoR1RWUmpNMDlFVlhsUFZFRXlUa0U5UFE9PQ==,D:\github\exoneracoes_nomeacoes_dou\LAKE\RJ\2015\12\DOERJ_PARTE_I_PODER_EXECUTIVO_2015-12-10.md
RJ,Diario Oficial do Estado do Rio de Janeiro,2015-12-10,Parte I (Poder Executivo),exoneracao,LIVIA CELI CARVALHO DE OLIVEIRA,50283693,,Governador,1,Wilson Jose Witzel - Governador,Wilson Jose Witzel,Executivo estadual,sim,LIVIA CELI CARVALHO DE OLIVEIRA:MISC|Livia Celi Carvalho:PER,sim,do cargo efetivo de Assistente Técnico de Identificação Civil,do Departamento de Trânsito do Estado do Rio de Janeiro -DETRAN/RJ,"EXONERAR a pedido, LIVIA CELI CARVALHO DE OLIVEIRA, Id Funcional nº 50283693, do cargo efetivo de Assistente Técnico de Identificação Civil, do Departamento de Trânsito do Estado do Rio de Janeiro -DETRAN/RJ, da",https://www.ioerj.com.br/portal/modules/conteudoonline/mostra_edicao.php?session=VWtSbk5VNUVhRVJTYWxsMFVUQkZOVTlUTURCU2ExVXhURlZHUmsxcWEzUlNhbFpGVGxSSk5WSlVTWGxOVkdoR1RWUmpNMDlFVlhsUFZFRXlUa0U5UFE9PQ==,D:\github\exoneracoes_nomeacoes_dou\LAKE\RJ\2015\12\DOERJ_PARTE_I_PODER_EXECUTIVO_2015-12-10.md
RJ,Diario Oficial do Estado do Rio de Janeiro,2015-12-10,Parte I (Poder Executivo),nomeacao,VITOR CUNHA AMÂNCIO,,,Secretario,5,Wilson Jose Witzel - Governador,Wilson Jose Witzel,Executivo estadual,sim,VITOR CUNHA AMÂNCIO:MISC|Vitor Cunha Amâncio:PER,sim,,do Instituto de Pesos e Medidas do Estado do Rio de Janeiro - IPEM/RJ,"NOMEAR VITOR CUNHA AMÂNCIO para exercer, com validade a contar de 01 de dezembro de 2015, o cargo em comissão de Superintendente de Departamento, símbolo DAS-7, do Instituto de Pesos e Medidas do Estado do Rio de Janeiro - IPEM/RJ, da",https://www.ioerj.com.br/portal/modules/conteudoonline/mostra_edicao.php?session=VWtSbk5VNUVhRVJTYWxsMFVUQkZOVTlUTURCU2ExVXhURlZHUmsxcWEzUlNhbFpGVGxSSk5WSlVTWGxOVkdoR1RWUmpNMDlFVlhsUFZFRXlUa0U5UFE9PQ==,D:\github\exoneracoes_nomeacoes_dou\LAKE\RJ\2015\12\DOERJ_PARTE_I_PODER_EXECUTIVO_2015-12-10.md
RJ,Diario Oficial do Estado do Rio de Janeiro,2015-12-09,Parte I (Poder Executivo),exoneracao,MARCO ANTONIO NEVES CABRAL,,MARCO ANTONIO NEVES CABRAL DO CARGO EM COMISSÃO DE,Secretario de Estado,4,Wilson Jose Witzel - Governador,Wilson Jose Witzel,Executivo estadual,sim,MARCO ANTONIO:PER,sim,do cargo em comissão de Secretário de Estado,,"EXONERAR MARCO ANTONIO NEVES CABRAL do cargo em comissão de Secretário de Estado, símbolo SE, da",https://www.ioerj.com.br/portal/modules/conteudoonline/mostra_edicao.php?session=VDBSa1IwOUVVVFZSZWtsMFRVVlZOVkZUTURCT2VrSkdURlZKTVUxRVJYUk5lbFY1VFd0T1JsSnJWVEpTUkZaRFRWUmpNMDlFVlhsUFZFMDFUMUU5UFE9PQ==,D:\github\exoneracoes_nomeacoes_dou\LAKE\RJ\2015\12\DOERJ_PARTE_I_PODER_EXECUTIVO_2015-12-09.md
RJ,Diario Oficial do Estado do Rio de Janeiro,2015-12-09,Parte I (Poder Executivo),nomeacao,WANDERLEY ALVES DE OLIVEIRA,,,Governador,1,Wilson Jose Witzel - Governador,Wilson Jose Witzel,Executivo estadual,sim,WANDERLEY ALVES DE OLIVEIRA:LOC|Wanderley Alves De Oliveira:PER,sim,para exercer o cargo em comissão de Secretário de Estado,,"NOMEAR WANDERLEY ALVES DE OLIVEIRA para exercer o cargo em comissão de Secretário de Estado, símbolo SE, da",https://www.ioerj.com.br/portal/modules/conteudoonline/mostra_edicao.php?session=VDBSa1IwOUVVVFZSZWtsMFRVVlZOVkZUTURCT2VrSkdURlZKTVUxRVJYUk5lbFY1VFd0T1JsSnJWVEpTUkZaRFRWUmpNMDlFVlhsUFZFMDFUMUU5UFE9PQ==,D:\github\exoneracoes_nomeacoes_dou\LAKE\RJ\2015\12\DOERJ_PARTE_I_PODER_EXECUTIVO_2015-12-09.md
RJ,Diario Oficial do Estado do Rio de Janeiro,2015-12-09,Parte I (Poder Executivo),exoneracao,CLAUDIO NOGUEIRA DA SILVEIRA,5023311-4,,Secretario,5,Wilson Jose Witzel - Governador,Wilson Jose Witzel,Executivo estadual,sim,NOGUEIRA:ORG|Claudio Nogueira Da Silveira:PER,sim,do cargo em comissão de Assesssor,,"EXONERAR CLAUDIO NOGUEIRA DA SILVEIRA, ID Funcional nº 5023311-4, do cargo em comissão de Assesssor, símbolo DAS-8, do(a)",https://www.ioerj.com.br/portal/modules/conteudoonline/mostra_edicao.php?session=VDBSa1IwOUVVVFZSZWtsMFRVVlZOVkZUTURCT2VrSkdURlZKTVUxRVJYUk5lbFY1VFd0T1JsSnJWVEpTUkZaRFRWUmpNMDlFVlhsUFZFMDFUMUU5UFE9PQ==,D:\github\exoneracoes_nomeacoes_dou\LAKE\RJ\2015\12\DOERJ_PARTE_I_PODER_EXECUTIVO_2015-12-09.md
RJ,Diario Oficial do Estado do Rio de Janeiro,2015-12-09,Parte I (Poder Executivo),exoneracao,ALFREDO BARBOSA RIBEIRO DIAS,4379990-6,,Secretario,5,Wilson Jose Witzel - Governador,Wilson Jose Witzel,Executivo estadual,sim,BARBOSA:MISC|RIBEIRO DIAS:MISC|Alfredo Barbosa Ribeiro Dias:PER,sim,do cargo em comissão de Assistente II,,"EXONERAR ALFREDO BARBOSA RIBEIRO DIAS, ID Funcional nº 4379990-6, do cargo em comissão de Assistente II, símbolo DAI-6, do(a)",https://www.ioerj.com.br/portal/modules/conteudoonline/mostra_edicao.php?session=VDBSa1IwOUVVVFZSZWtsMFRVVlZOVkZUTURCT2VrSkdURlZKTVUxRVJYUk5lbFY1VFd0T1JsSnJWVEpTUkZaRFRWUmpNMDlFVlhsUFZFMDFUMUU5UFE9PQ==,D:\github\exoneracoes_nomeacoes_dou\LAKE\RJ\2015\12\DOERJ_PARTE_I_PODER_EXECUTIVO_2015-12-09.md
RJ,Diario Oficial do Estado do Rio de Janeiro,2015-12-09,Parte I (Poder Executivo),nomeacao,PEDRO PAULO DOS SANTOS ABREU,,,Secretario,5,Wilson Jose Witzel - Governador,Wilson Jose Witzel,Executivo estadual,sim,PEDRO PAULO DOS SANTOS ABREU:PER,sim,para exercer o cargo em comissão de Ajudante II,,"NOMEAR PEDRO PAULO DOS SANTOS ABREU, RG nº 072628431, para exercer o cargo em comissão de Ajudante II, símbolo DAI-2, do(a)",https://www.ioerj.com.br/portal/modules/conteudoonline/mostra_edicao.php?session=VDBSa1IwOUVVVFZSZWtsMFRVVlZOVkZUTURCT2VrSkdURlZKTVUxRVJYUk5lbFY1VFd0T1JsSnJWVEpTUkZaRFRWUmpNMDlFVlhsUFZFMDFUMUU5UFE9PQ==,D:\github\exoneracoes_nomeacoes_dou\LAKE\RJ\2015\12\DOERJ_PARTE_I_PODER_EXECUTIVO_2015-12-09.md
RJ,Diario Oficial do Estado do Rio de Janeiro,2015-12-09,Parte I (Poder Executivo),nomeacao,LEONARDO MATIAS MARCELINO,,,Secretario,5,Wilson Jose Witzel - Governador,Wilson Jose Witzel,Executivo estadual,sim,LEONARDO MATIAS MARCELINO:PER,sim,para exercer o cargo em comissão de Assistente II,,"NOMEAR LEONARDO MATIAS MARCELINO, RG nº 263197418, para exercer o cargo em comissão de Assistente II, símbolo DAI-6, do(a)",https://www.ioerj.com.br/portal/modules/conteudoonline/mostra_edicao.php?session=VDBSa1IwOUVVVFZSZWtsMFRVVlZOVkZUTURCT2VrSkdURlZKTVUxRVJYUk5lbFY1VFd0T1JsSnJWVEpTUkZaRFRWUmpNMDlFVlhsUFZFMDFUMUU5UFE9PQ==,D:\github\exoneracoes_nomeacoes_dou\LAKE\RJ\2015\12\DOERJ_PARTE_I_PODER_EXECUTIVO_2015-12-09.md
RJ,Diario Oficial do Estado do Rio de Janeiro,2015-12-09,Parte I (Poder Executivo),nomeacao,WILSON DE ALMEIDA PACHECO,,,Secretario,5,Wilson Jose Witzel - Governador,Wilson Jose Witzel,Executivo estadual,sim,WILSON DE ALMEIDA PACHECO:MISC|Wilson:PER,sim,para exercer o cargo em comissão de Assistente II,,"NOMEAR WILSON DE ALMEIDA PACHECO, RG nº 106003676, para exercer o cargo em comissão de Assistente II, símbolo DAI-6, do(a)",https://www.ioerj.com.br/portal/modules/conteudoonline/mostra_edicao.php?session=VDBSa1IwOUVVVFZSZWtsMFRVVlZOVkZUTURCT2VrSkdURlZKTVUxRVJYUk5lbFY1VFd0T1JsSnJWVEpTUkZaRFRWUmpNMDlFVlhsUFZFMDFUMUU5UFE9PQ==,D:\github\exoneracoes_nomeacoes_dou\LAKE\RJ\2015\12\DOERJ_PARTE_I_PODER_EXECUTIVO_2015-12-09.md
RJ,Diario Oficial do Estado do Rio de Janeiro,2015-12-09,Parte I (Poder Executivo),nomeacao,LEONARDO DE SOUZA MENDONÇA,,,Secretario,5,Wilson Jose Witzel - Governador,Wilson Jose Witzel,Executivo estadual,sim,LEONARDO DE SOUZA MENDONÇA:MISC|Leonardo De Souza Mendonça:PER,sim,para exercer o cargo em comissão de Assistente II,,"NOMEAR LEONARDO DE SOUZA MENDONÇA, RG nº 125475491, para exercer o cargo em comissão de Assistente II, símbolo DAI-6, do(a)",https://www.ioerj.com.br/portal/modules/conteudoonline/mostra_edicao.php?session=VDBSa1IwOUVVVFZSZWtsMFRVVlZOVkZUTURCT2VrSkdURlZKTVUxRVJYUk5lbFY1VFd0T1JsSnJWVEpTUkZaRFRWUmpNMDlFVlhsUFZFMDFUMUU5UFE9PQ==,D:\github\exoneracoes_nomeacoes_dou\LAKE\RJ\2015\12\DOERJ_PARTE_I_PODER_EXECUTIVO_2015-12-09.md
RJ,Diario Oficial do Estado do Rio de Janeiro,2015-12-09,Parte I (Poder Executivo),nomeacao,CLAUDIO COELHO VIANA,,,Secretario,5,Wilson Jose Witzel - Governador,Wilson Jose Witzel,Executivo estadual,sim,CLAUDIO COELHO VIANA:PER,sim,para exercer o cargo em comissão de Assistente II,,"NOMEAR CLAUDIO COELHO VIANA, RG nº 054839014, para exercer o cargo em comissão de Assistente II, símbolo DAI-6, do(a)",https://www.ioerj.com.br/portal/modules/conteudoonline/mostra_edicao.php?session=VDBSa1IwOUVVVFZSZWtsMFRVVlZOVkZUTURCT2VrSkdURlZKTVUxRVJYUk5lbFY1VFd0T1JsSnJWVEpTUkZaRFRWUmpNMDlFVlhsUFZFMDFUMUU5UFE9PQ==,D:\github\exoneracoes_nomeacoes_dou\LAKE\RJ\2015\12\DOERJ_PARTE_I_PODER_EXECUTIVO_2015-12-09.md
RJ,Diario Oficial do Estado do Rio de Janeiro,2015-12-09,Parte I (Poder Executivo),exoneracao,GABRIELA SERPA PINTO FONTENELLE PEREIRA,5011576-6,,Secretario,5,Wilson Jose Witzel - Governador,Wilson Jose Witzel,Executivo estadual,sim,Gabriela Serpa Pinto Fontenelle Pereira:PER,sim,do cargo em comissão de Assessor,,"EXONERAR GABRIELA SERPA PINTO FONTENELLE PEREIRA, ID Funcional nº 5011576-6, do cargo em comissão de Assessor, símbolo DAS-7, do(a)",https://www.ioerj.com.br/portal/modules/conteudoonline/mostra_edicao.php?session=VDBSa1IwOUVVVFZSZWtsMFRVVlZOVkZUTURCT2VrSkdURlZKTVUxRVJYUk5lbFY1VFd0T1JsSnJWVEpTUkZaRFRWUmpNMDlFVlhsUFZFMDFUMUU5UFE9PQ==,D:\github\exoneracoes_nomeacoes_dou\LAKE\RJ\2015\12\DOERJ_PARTE_I_PODER_EXECUTIVO_2015-12-09.md
RJ,Diario Oficial do Estado do Rio de Janeiro,2015-12-09,Parte I (Poder Executivo),nomeacao,FABIO FRIAS LAVIOLA DE FREITAS,3220143-5,,Secretario,5,Wilson Jose Witzel - Governador,Wilson Jose Witzel,Executivo estadual,sim,FABIO FRIAS:MISC|Fabio Frias Laviola:PER,sim,para exercer o cargo em comissão de Diretor de Divisão,,"NOMEAR FABIO FRIAS LAVIOLA DE FREITAS, TENENTE CORONEL PM, ID Funcional nº 3220143-5, para exercer o cargo em comissão de Diretor de Divisão, símbolo DAS-6, do(a) Subsecretaria Militar, do(a)",https://www.ioerj.com.br/portal/modules/conteudoonline/mostra_edicao.php?session=VDBSa1IwOUVVVFZSZWtsMFRVVlZOVkZUTURCT2VrSkdURlZKTVUxRVJYUk5lbFY1VFd0T1JsSnJWVEpTUkZaRFRWUmpNMDlFVlhsUFZFMDFUMUU5UFE9PQ==,D:\github\exoneracoes_nomeacoes_dou\LAKE\RJ\2015\12\DOERJ_PARTE_I_PODER_EXECUTIVO_2015-12-09.md
RJ,Diario Oficial do Estado do Rio de Janeiro,2015-12-09,Parte I (Poder Executivo),exoneracao,RAIANE DA SILVA AQUINO,5007301-0,,Secretario,5,Wilson Jose Witzel - Governador,Wilson Jose Witzel,Executivo estadual,sim,DA SILVA AQUINO:MISC|Raiane Da Silva Aquino:PER,sim,do cargo em comissão de Assistente II,,"EXONERAR RAIANE DA SILVA AQUINO, ID Funcional nº 5007301-0, do cargo em comissão de Assistente II, símbolo DAI-6, do(a)",https://www.ioerj.com.br/portal/modules/conteudoonline/mostra_edicao.php?session=VDBSa1IwOUVVVFZSZWtsMFRVVlZOVkZUTURCT2VrSkdURlZKTVUxRVJYUk5lbFY1VFd0T1JsSnJWVEpTUkZaRFRWUmpNMDlFVlhsUFZFMDFUMUU5UFE9PQ==,D:\github\exoneracoes_nomeacoes_dou\LAKE\RJ\2015\12\DOERJ_PARTE_I_PODER_EXECUTIVO_2015-12-09.md
RJ,Diario Oficial do Estado do Rio de Janeiro,2015-12-09,Parte I (Poder Executivo),nomeacao,RONALDO TABOAS ALVES SOBRAL,2325093-3,,Secretario,5,Wilson Jose Witzel - Governador,Wilson Jose Witzel,Executivo estadual,sim,RONALDO TABOAS:MISC|Ronaldo Taboas Alves Sobral:PER,sim,para exercer o cargo em comissão de DIRETOR DE DIRETORIA,,"NOMEAR RONALDO TABOAS ALVES SOBRAL, MAJOR PM, ID Funcional nº 2325093-3, para exercer o cargo em comissão de DIRETOR DE DIRETORIA, símbolo DAS-8, do(a) Diretoria de Segurança das Instalações, do(a) Superintendência de Segurança, do(a) Subsecretaria Adjunta de Planejamento, do(a) Subsecretaria Militar, do(a)",https://www.ioerj.com.br/portal/modules/conteudoonline/mostra_edicao.php?session=VDBSa1IwOUVVVFZSZWtsMFRVVlZOVkZUTURCT2VrSkdURlZKTVUxRVJYUk5lbFY1VFd0T1JsSnJWVEpTUkZaRFRWUmpNMDlFVlhsUFZFMDFUMUU5UFE9PQ==,D:\github\exoneracoes_nomeacoes_dou\LAKE\RJ\2015\12\DOERJ_PARTE_I_PODER_EXECUTIVO_2015-12-09.md
RJ,Diario Oficial do Estado do Rio de Janeiro,2015-12-09,Parte I (Poder Executivo),nomeacao,PAULO LEAL FILHO,554746-6,,Secretario,5,Wilson Jose Witzel - Governador,Wilson Jose Witzel,Executivo estadual,sim,PAULO LEAL FILHO:PER,sim,para exercer o cargo em comissão de ASSISTENTE,,"NOMEAR PAULO LEAL FILHO, Coronel PM Ref, ID Funcional nº 554746-6, para exercer o cargo em comissão de ASSISTENTE, símbolo DAS-6, do(a) Subsecretaria Militar, do(a)",https://www.ioerj.com.br/portal/modules/conteudoonline/mostra_edicao.php?session=VDBSa1IwOUVVVFZSZWtsMFRVVlZOVkZUTURCT2VrSkdURlZKTVUxRVJYUk5lbFY1VFd0T1JsSnJWVEpTUkZaRFRWUmpNMDlFVlhsUFZFMDFUMUU5UFE9PQ==,D:\github\exoneracoes_nomeacoes_dou\LAKE\RJ\2015\12\DOERJ_PARTE_I_PODER_EXECUTIVO_2015-12-09.md
RJ,Diario Oficial do Estado do Rio de Janeiro,2015-12-09,Parte I (Poder Executivo),nomeacao,MARCIUS PINHO TINOCO,2424306-0,,Secretario,5,Wilson Jose Witzel - Governador,Wilson Jose Witzel,Executivo estadual,sim,MARCIUS PINHO:LOC|Marcius Pinho Tinoco:PER,sim,para exercer o cargo em comissão de ASSESSOR ESPECIAL,,"NOMEAR MARCIUS PINHO TINOCO, Coronel PM RR, ID Funcional nº 2424306-0, para exercer o cargo em comissão de ASSESSOR ESPECIAL, símbolo DAS-8, do(a) Subsecretaria Militar, do(a)",https://www.ioerj.com.br/portal/modules/conteudoonline/mostra_edicao.php?session=VDBSa1IwOUVVVFZSZWtsMFRVVlZOVkZUTURCT2VrSkdURlZKTVUxRVJYUk5lbFY1VFd0T1JsSnJWVEpTUkZaRFRWUmpNMDlFVlhsUFZFMDFUMUU5UFE9PQ==,D:\github\exoneracoes_nomeacoes_dou\LAKE\RJ\2015\12\DOERJ_PARTE_I_PODER_EXECUTIVO_2015-12-09.md
RJ,Diario Oficial do Estado do Rio de Janeiro,2015-12-09,Parte I (Poder Executivo),nomeacao,ANALY MACHADO RAMOS,2414951-9,,Secretario,5,Wilson Jose Witzel - Governador,Wilson Jose Witzel,Executivo estadual,sim,ANALY MACHADO RAMOS:MISC|Analy Machado Ramos:PER,sim,para exercer o cargo em comissão de ASSISTENTE,,"NOMEAR ANALY MACHADO RAMOS, TENENTE CORONEL PM, ID Funcional nº 2414951-9, para exercer o cargo em comissão de ASSISTENTE, símbolo DAS-6, do(a) Subsecretaria Militar, do(a)",https://www.ioerj.com.br/portal/modules/conteudoonline/mostra_edicao.php?session=VDBSa1IwOUVVVFZSZWtsMFRVVlZOVkZUTURCT2VrSkdURlZKTVUxRVJYUk5lbFY1VFd0T1JsSnJWVEpTUkZaRFRWUmpNMDlFVlhsUFZFMDFUMUU5UFE9PQ==,D:\github\exoneracoes_nomeacoes_dou\LAKE\RJ\2015\12\DOERJ_PARTE_I_PODER_EXECUTIVO_2015-12-09.md
RJ,Diario Oficial do Estado do Rio de Janeiro,2015-12-09,Parte I (Poder Executivo),exoneracao,RITA LIMA DA SILVA,9524851,,Secretario,5,Wilson Jose Witzel - Governador,Wilson Jose Witzel,Executivo estadual,sim,RITA LIMA DA SILVA:MISC|Rita Lima Da Silva:PER,sim,do cargo em comissão de Assessor,,"EXONERAR RITA LIMA DA SILVA, ID Funcional nº 9524851, do cargo em comissão de Assessor, símbolo DAS-7, do(a)",https://www.ioerj.com.br/portal/modules/conteudoonline/mostra_edicao.php?session=VDBSa1IwOUVVVFZSZWtsMFRVVlZOVkZUTURCT2VrSkdURlZKTVUxRVJYUk5lbFY1VFd0T1JsSnJWVEpTUkZaRFRWUmpNMDlFVlhsUFZFMDFUMUU5UFE9PQ==,D:\github\exoneracoes_nomeacoes_dou\LAKE\RJ\2015\12\DOERJ_PARTE_I_PODER_EXECUTIVO_2015-12-09.md
RJ,Diario Oficial do Estado do Rio de Janeiro,2015-12-09,Parte I (Poder Executivo),exoneracao,NORBERTO ARGILEO RIBEIRO,19514077,,Secretario,5,Wilson Jose Witzel - Governador,Wilson Jose Witzel,Executivo estadual,sim,ARGILEO RIBEIRO:MISC|Argileo Ribeiro:PER,sim,do cargo em comissão de Inspetor,da Subsecretaria-Adjunta de Fiscalização,"EXONERAR a pedido e com validade a contar de 01 de dezembro de 2015, NORBERTO ARGILEO RIBEIRO DA SILVA , Auditor Fiscal da Receita Estadual de 1ª Categoria, ID Funcional nº 19514077, do cargo em comissão de Inspetor, símbolo DAS-8, da Inspetoria Regional de Fiscalização -Araruama, da Inspetoria Regional de Fiscalização do Interior, da Subsecretaria-Adjunta de Fiscalização, da Subsecretaria de Receita, da",https://www.ioerj.com.br/portal/modules/conteudoonline/mostra_edicao.php?session=VDBSa1IwOUVVVFZSZWtsMFRVVlZOVkZUTURCT2VrSkdURlZKTVUxRVJYUk5lbFY1VFd0T1JsSnJWVEpTUkZaRFRWUmpNMDlFVlhsUFZFMDFUMUU5UFE9PQ==,D:\github\exoneracoes_nomeacoes_dou\LAKE\RJ\2015\12\DOERJ_PARTE_I_PODER_EXECUTIVO_2015-12-09.md
RJ,Diario Oficial do Estado do Rio de Janeiro,2015-12-09,Parte I (Poder Executivo),nomeacao,RAMIRO CASTRO,4344289-7,,Secretario,5,Wilson Jose Witzel - Governador,Wilson Jose Witzel,Executivo estadual,sim,RAMIRO CASTRO:MISC|Ramiro Castro:PER,sim,para exercer o cargo em comissão de Inspetor,da Subsecretaria-Adjunta de Fiscalização,"NOMEAR RAMIRO CASTRO DA SILVA , Auditor Fiscal da Receita Estadual de 1º Categoria, ID Funcional nº 4344289-7, para exercer o cargo em comissão de Inspetor, símbolo DAS-8, da Inspetoria Regional de Fiscalização -Araruama, da Inspetoria Regional de Fiscalização do Interior, da Subsecretaria-Adjunta de Fiscalização, da Subsecretaria de Receita, da",https://www.ioerj.com.br/portal/modules/conteudoonline/mostra_edicao.php?session=VDBSa1IwOUVVVFZSZWtsMFRVVlZOVkZUTURCT2VrSkdURlZKTVUxRVJYUk5lbFY1VFd0T1JsSnJWVEpTUkZaRFRWUmpNMDlFVlhsUFZFMDFUMUU5UFE9PQ==,D:\github\exoneracoes_nomeacoes_dou\LAKE\RJ\2015\12\DOERJ_PARTE_I_PODER_EXECUTIVO_2015-12-09.md
RJ,Diario Oficial do Estado do Rio de Janeiro,2015-12-09,Parte I (Poder Executivo),nomeacao,RODRIGO DE LIMA FIGUEIRA,5030589-1,,Secretario,5,Wilson Jose Witzel - Governador,Wilson Jose Witzel,Executivo estadual,sim,RODRIGO DE LIMA FIGUEIRA:MISC|Rodrigo De Lima Figueira:PER,sim,da Assessoria de Tecnologia da Informação,,"NOMEAR RODRIGO DE LIMA FIGUEIRA, ID FUNCIONAL Nº 5030589-1 , para exercer, com validade a contar de 01 de dezembro de 2015, o cargo em comissão de Assistente II, símbolo DAI-6, da Assessoria de Tecnologia da Informação, da",https://www.ioerj.com.br/portal/modules/conteudoonline/mostra_edicao.php?session=VDBSa1IwOUVVVFZSZWtsMFRVVlZOVkZUTURCT2VrSkdURlZKTVUxRVJYUk5lbFY1VFd0T1JsSnJWVEpTUkZaRFRWUmpNMDlFVlhsUFZFMDFUMUU5UFE9PQ==,D:\github\exoneracoes_nomeacoes_dou\LAKE\RJ\2015\12\DOERJ_PARTE_I_PODER_EXECUTIVO_2015-12-09.md
RJ,Diario Oficial do Estado do Rio de Janeiro,2015-12-09,Parte I (Poder Executivo),nomeacao,SONIA MARIA SILVA GONÇALVES DE SIQUEIRA,571532-6,,Secretario,5,Wilson Jose Witzel - Governador,Wilson Jose Witzel,Executivo estadual,sim,MARIA SILVA GONÇALVES:MISC|Sonia Maria Silva Gonçalves De Siqueira:PER,sim,para exercer o cargo em comissão de Assistente II,,"NOMEAR SONIA MARIA SILVA GONÇALVES DE SIQUEIRA, ID FUNCIONAL Nº 571532-6 , para exercer o cargo em comissão de Assistente II, símbolo DAI-6, da Corregedoria Geral Unificada das Polícias Civil, Militar e Corpo de Bombeiros Militar, da",https://www.ioerj.com.br/portal/modules/conteudoonline/mostra_edicao.php?session=VDBSa1IwOUVVVFZSZWtsMFRVVlZOVkZUTURCT2VrSkdURlZKTVUxRVJYUk5lbFY1VFd0T1JsSnJWVEpTUkZaRFRWUmpNMDlFVlhsUFZFMDFUMUU5UFE9PQ==,D:\github\exoneracoes_nomeacoes_dou\LAKE\RJ\2015\12\DOERJ_PARTE_I_PODER_EXECUTIVO_2015-12-09.md
RJ,Diario Oficial do Estado do Rio de Janeiro,2015-12-09,Parte I (Poder Executivo),exoneracao,CLARICE AMARAL PAIVA,5000354-2,,Secretario,5,Wilson Jose Witzel - Governador,Wilson Jose Witzel,Executivo estadual,sim,CLARICE AMARAL PAIVA:PER,sim,do cargo em comissão de Assistente II,da Subsecretaria de Educação,"EXONERAR a pedido e com validade a contar de 30 de novembro de 2015, CLARICE AMARAL PAIVA, ID FUNCIONAL Nº 5000354-2 , do cargo em comissão de Assistente II, símbolo DAI-6, da Subsecretaria de Educação, Valorização e Prevenção, da",https://www.ioerj.com.br/portal/modules/conteudoonline/mostra_edicao.php?session=VDBSa1IwOUVVVFZSZWtsMFRVVlZOVkZUTURCT2VrSkdURlZKTVUxRVJYUk5lbFY1VFd0T1JsSnJWVEpTUkZaRFRWUmpNMDlFVlhsUFZFMDFUMUU5UFE9PQ==,D:\github\exoneracoes_nomeacoes_dou\LAKE\RJ\2015\12\DOERJ_PARTE_I_PODER_EXECUTIVO_2015-12-09.md
RJ,Diario Oficial do Estado do Rio de Janeiro,2015-12-09,Parte I (Poder Executivo),nomeacao,LUIS FILIPE DE ALENCAR TIBAU TRINO,,,Secretario,5,Wilson Jose Witzel - Governador,Wilson Jose Witzel,Executivo estadual,sim,LUIS FILIPE:ORG|TRINO:MISC|Luis Filipe De Alencar Tibau Trino:PER,sim,,,"NOMEAR LUIS FILIPE DE ALENCAR TIBAU TRINO para exercer, com validade a contar de 01 de dezembro de 2015, o cargo em comissão de Assistente II, símbolo DAI-6, da",https://www.ioerj.com.br/portal/modules/conteudoonline/mostra_edicao.php?session=VDBSa1IwOUVVVFZSZWtsMFRVVlZOVkZUTURCT2VrSkdURlZKTVUxRVJYUk5lbFY1VFd0T1JsSnJWVEpTUkZaRFRWUmpNMDlFVlhsUFZFMDFUMUU5UFE9PQ==,D:\github\exoneracoes_nomeacoes_dou\LAKE\RJ\2015\12\DOERJ_PARTE_I_PODER_EXECUTIVO_2015-12-09.md
RJ,Diario Oficial do Estado do Rio de Janeiro,2015-12-09,Parte I (Poder Executivo),nomeacao,MARLISE PEREIRA PINTO MOREIRA,,,Secretario,5,Wilson Jose Witzel - Governador,Wilson Jose Witzel,Executivo estadual,sim,MARLISE PEREIRA PINTO MOREIRA:MISC|Marlise Pereira Pinto Moreira:PER,sim,,,"NOMEAR MARLISE PEREIRA PINTO MOREIRA para exercer, com validade a contar de 01 de dezembro de 2015, o cargo em comissão de Assistente II, símbolo DAI-6, da",https://www.ioerj.com.br/portal/modules/conteudoonline/mostra_edicao.php?session=VDBSa1IwOUVVVFZSZWtsMFRVVlZOVkZUTURCT2VrSkdURlZKTVUxRVJYUk5lbFY1VFd0T1JsSnJWVEpTUkZaRFRWUmpNMDlFVlhsUFZFMDFUMUU5UFE9PQ==,D:\github\exoneracoes_nomeacoes_dou\LAKE\RJ\2015\12\DOERJ_PARTE_I_PODER_EXECUTIVO_2015-12-09.md
RJ,Diario Oficial do Estado do Rio de Janeiro,2015-12-09,Parte I (Poder Executivo),nomeacao,ANDRE SELVATI NUNES,,,Secretario,5,Wilson Jose Witzel - Governador,Wilson Jose Witzel,Executivo estadual,sim,ANDRE SELVATI NUNES:MISC|Andre Selvati Nunes:PER,sim,,,"NOMEAR ANDRE SELVATI NUNES para exercer, com validade a contar de 23 de novembro de 2015, o cargo em comissão de Gerente, símbolo DAS-7, do Centro de Tecnologia de Informação e Comunicação do Estado do Rio de Janeiro - PRODERJ, da",https://www.ioerj.com.br/portal/modules/conteudoonline/mostra_edicao.php?session=VDBSa1IwOUVVVFZSZWtsMFRVVlZOVkZUTURCT2VrSkdURlZKTVUxRVJYUk5lbFY1VFd0T1JsSnJWVEpTUkZaRFRWUmpNMDlFVlhsUFZFMDFUMUU5UFE9PQ==,D:\github\exoneracoes_nomeacoes_dou\LAKE\RJ\2015\12\DOERJ_PARTE_I_PODER_EXECUTIVO_2015-12-09.md
RJ,Diario Oficial do Estado do Rio de Janeiro,2015-12-09,Parte I (Poder Executivo),exoneracao,HELDER POLVORA DE ALMEIDA,64893-0,,Secretario,5,Wilson Jose Witzel - Governador,Wilson Jose Witzel,Executivo estadual,sim,HELDER POLVORA DE ALMEIDA:MISC|Helder Polvora:PER,sim,do cargo em comissão de Assistente,,"EXONERAR a pedido e com validade a contar de 01 de dezembro de 2015, HELDER POLVORA DE ALMEIDA, ID FUNCIONAL Nº 64893-0 , do cargo em comissão de Assistente, símbolo DAS-6, da",https://www.ioerj.com.br/portal/modules/conteudoonline/mostra_edicao.php?session=VDBSa1IwOUVVVFZSZWtsMFRVVlZOVkZUTURCT2VrSkdURlZKTVUxRVJYUk5lbFY1VFd0T1JsSnJWVEpTUkZaRFRWUmpNMDlFVlhsUFZFMDFUMUU5UFE9PQ==,D:\github\exoneracoes_nomeacoes_dou\LAKE\RJ\2015\12\DOERJ_PARTE_I_PODER_EXECUTIVO_2015-12-09.md
RJ,Diario Oficial do Estado do Rio de Janeiro,2015-12-09,Parte I (Poder Executivo),nomeacao,LUIZ ANDRÉ MAURÍCIO CARVALHO,,,Secretario,5,Wilson Jose Witzel - Governador,Wilson Jose Witzel,Executivo estadual,sim,LUIZ ANDRÉ MAURÍCIO CARVALHO:PER,sim,para exercer o cargo em comissão de Adjunto II,do Instituto Estadual do Ambiente - INEA,"NOMEAR LUIZ ANDRÉ MAURÍCIO CARVALHO para exercer o cargo em comissão de Adjunto II, símbolo DAI-2, do Instituto Estadual do Ambiente - INEA, da",https://www.ioerj.com.br/portal/modules/conteudoonline/mostra_edicao.php?session=VDBSa1IwOUVVVFZSZWtsMFRVVlZOVkZUTURCT2VrSkdURlZKTVUxRVJYUk5lbFY1VFd0T1JsSnJWVEpTUkZaRFRWUmpNMDlFVlhsUFZFMDFUMUU5UFE9PQ==,D:\github\exoneracoes_nomeacoes_dou\LAKE\RJ\2015\12\DOERJ_PARTE_I_PODER_EXECUTIVO_2015-12-09.md
RJ,Diario Oficial do Estado do Rio de Janeiro,2015-12-09,Parte I (Poder Executivo),nomeacao,ANA LUIZA DE PAULA NASCIMENTO,,,Secretario,5,Wilson Jose Witzel - Governador,Wilson Jose Witzel,Executivo estadual,sim,Ana Luiza De Paula Nascimento:PER,sim,,,"NOMEAR ANA LUIZA DE PAULA NASCIMENTO para exercer, com validade a contar de 01 de dezembro de 2015, o cargo em comissão de Assessor, símbolo DAS-8, da",https://www.ioerj.com.br/portal/modules/conteudoonline/mostra_edicao.php?session=VDBSa1IwOUVVVFZSZWtsMFRVVlZOVkZUTURCT2VrSkdURlZKTVUxRVJYUk5lbFY1VFd0T1JsSnJWVEpTUkZaRFRWUmpNMDlFVlhsUFZFMDFUMUU5UFE9PQ==,D:\github\exoneracoes_nomeacoes_dou\LAKE\RJ\2015\12\DOERJ_PARTE_I_PODER_EXECUTIVO_2015-12-09.md
RJ,Diario Oficial do Estado do Rio de Janeiro,2015-12-09,Parte I (Poder Executivo),nomeacao,EMERSON DE OLIVEIRA CARVALHO,,,Secretario,5,Wilson Jose Witzel - Governador,Wilson Jose Witzel,Executivo estadual,sim,EMERSON DE OLIVEIRA:MISC|Emerson:PER,sim,,,"NOMEAR EMERSON DE OLIVEIRA CARVALHO para exercer, com validade a contar de 01 de dezembro de 2015, o cargo em comissão de Ajudante I, símbolo DAI-1, da",https://www.ioerj.com.br/portal/modules/conteudoonline/mostra_edicao.php?session=VDBSa1IwOUVVVFZSZWtsMFRVVlZOVkZUTURCT2VrSkdURlZKTVUxRVJYUk5lbFY1VFd0T1JsSnJWVEpTUkZaRFRWUmpNMDlFVlhsUFZFMDFUMUU5UFE9PQ==,D:\github\exoneracoes_nomeacoes_dou\LAKE\RJ\2015\12\DOERJ_PARTE_I_PODER_EXECUTIVO_2015-12-09.md
RJ,Diario Oficial do Estado do Rio de Janeiro,2015-12-08,Parte I (Poder Executivo),nomeacao,TENENTE-CORONEL PM,2397561-0,,Secretario,5,Wilson Jose Witzel - Governador,Wilson Jose Witzel,Executivo estadual,sim,Tenente-Coronel Pm:PER,sim,,,"NOMEAR ANDRÉ LUIZ DE SOUZA BATISTA , Tenente-Coronel PM, ID Funcional nº 2397561-0, para exercer, com validade a contar de 09 de setembro de 2015, o cargo em comissão de Coordenador de Assuntos Estratégicos, símbolo DG (denominação alterada pelo",https://www.ioerj.com.br/portal/modules/conteudoonline/mostra_edicao.php?session=VFZSUk0wMUVSa1ZOVkdOMFVtdGFRMUpwTURCUFZHY3dURlZKZVU5VlJYUk5ha2t4VVZSU1JFOUZTVEZTYTBVelRWUmpNMDlFVlhsUFZGVXhUa0U5UFE9PQ==,D:\github\exoneracoes_nomeacoes_dou\LAKE\RJ\2015\12\DOERJ_PARTE_I_PODER_EXECUTIVO_2015-12-08.md
RJ,Diario Oficial do Estado do Rio de Janeiro,2015-12-08,Parte I (Poder Executivo),nomeacao,MICHELLE APARECIDA DE BARROS MARTINS,,,Secretario,5,Wilson Jose Witzel - Governador,Wilson Jose Witzel,Executivo estadual,sim,MICHELLE APARECIDA DE BARROS MARTINS:MISC|Michelle Aparecida De Barros Martins:PER,sim,para exercer o cargo em comissão de Assessor,,"NOMEAR MICHELLE APARECIDA DE BARROS MARTINS para exercer o cargo em comissão de Assessor, símbolo DAS-10, da",https://www.ioerj.com.br/portal/modules/conteudoonline/mostra_edicao.php?session=VFZSUk0wMUVSa1ZOVkdOMFVtdGFRMUpwTURCUFZHY3dURlZKZVU5VlJYUk5ha2t4VVZSU1JFOUZTVEZTYTBVelRWUmpNMDlFVlhsUFZGVXhUa0U5UFE9PQ==,D:\github\exoneracoes_nomeacoes_dou\LAKE\RJ\2015\12\DOERJ_PARTE_I_PODER_EXECUTIVO_2015-12-08.md
RJ,Diario Oficial do Estado do Rio de Janeiro,2015-12-08,Parte I (Poder Executivo),nomeacao,JOELSON PEREIRA DA SILVA,,,Secretario,5,Wilson Jose Witzel - Governador,Wilson Jose Witzel,Executivo estadual,sim,JOELSON PEREIRA DA SILVA:PER,sim,para exercer o cargo em comissão de Chefe de Divisão,,"NOMEAR JOELSON PEREIRA DA SILVA para exercer o cargo em comissão de Chefe de Divisão, símbolo DAS-10, da",https://www.ioerj.com.br/portal/modules/conteudoonline/mostra_edicao.php?session=VFZSUk0wMUVSa1ZOVkdOMFVtdGFRMUpwTURCUFZHY3dURlZKZVU5VlJYUk5ha2t4VVZSU1JFOUZTVEZTYTBVelRWUmpNMDlFVlhsUFZGVXhUa0U5UFE9PQ==,D:\github\exoneracoes_nomeacoes_dou\LAKE\RJ\2015\12\DOERJ_PARTE_I_PODER_EXECUTIVO_2015-12-08.md
RJ,Diario Oficial do Estado do Rio de Janeiro,2015-12-08,Parte I (Poder Executivo),nomeacao,LAURA MARIA DA SILVA MACEDO,,,Secretario,5,Wilson Jose Witzel - Governador,Wilson Jose Witzel,Executivo estadual,sim,LAURA MARIA DA SILVA:PER,sim,,da Fundação Centro de Ciência e Educação à Distância do Estado do Rio de Janeiro (CECIERJ),"NOMEAR em caráter provisório e na condição sub judice, LAURA MARIA DA SILVA MACEDO para ocupar o cargo de Técnico Administrativo de Nível Superior - Recursos Humanos, do Quadro da Fundação Centro de Ciência e Educação à Distância do Estado do Rio de Janeiro (CECIERJ), da",https://www.ioerj.com.br/portal/modules/conteudoonline/mostra_edicao.php?session=VFZSUk0wMUVSa1ZOVkdOMFVtdGFRMUpwTURCUFZHY3dURlZKZVU5VlJYUk5ha2t4VVZSU1JFOUZTVEZTYTBVelRWUmpNMDlFVlhsUFZGVXhUa0U5UFE9PQ==,D:\github\exoneracoes_nomeacoes_dou\LAKE\RJ\2015\12\DOERJ_PARTE_I_PODER_EXECUTIVO_2015-12-08.md
RJ,Diario Oficial do Estado do Rio de Janeiro,2015-12-08,Parte I (Poder Executivo),exoneracao,PAULO CESAR BRAGA ALVARENGA,,,Secretario,5,Wilson Jose Witzel - Governador,Wilson Jose Witzel,Executivo estadual,sim,PAULO CESAR BRAGA:PER,sim,do cargo em comissão de Chefe de Unidade,,"EXONERAR PAULO CESAR BRAGA ALVARENGA, ID FUN- CIONAL Nº 2069014-2 , do cargo em comissão de Chefe de Unidade, símbolo DAI-6, da Unidade de Serviço Descentralizado - USD, da Co- ordenadoria de Serviços Descentralizados, da Coordenadoria Geral de Integração do Estado do Trânsito de Departamento do Serviços, de Rio de Janeiro - DETRAN/RJ, da",https://www.ioerj.com.br/portal/modules/conteudoonline/mostra_edicao.php?session=VFZSUk0wMUVSa1ZOVkdOMFVtdGFRMUpwTURCUFZHY3dURlZKZVU5VlJYUk5ha2t4VVZSU1JFOUZTVEZTYTBVelRWUmpNMDlFVlhsUFZGVXhUa0U5UFE9PQ==,D:\github\exoneracoes_nomeacoes_dou\LAKE\RJ\2015\12\DOERJ_PARTE_I_PODER_EXECUTIVO_2015-12-08.md
RJ,Diario Oficial do Estado do Rio de Janeiro,2015-12-08,Parte I (Poder Executivo),nomeacao,FAUSTO AREIAS SANTIAGO,,,Secretario,5,Wilson Jose Witzel - Governador,Wilson Jose Witzel,Executivo estadual,sim,FAUSTO AREIAS SANTIAGO:MISC|Fausto Areias Santiago:PER,sim,para exercer o cargo em comissão de Chefe de Unidade,do Departamento de Trânsito do Estado do Rio de Janeiro - DETRAN/RJ,"NOMEAR FAUSTO AREIAS SANTIAGO para exercer o cargo em comissão de Chefe de Unidade, símbolo DAI-6, da Unidade de Serviço Descentralizado -USD, da Coordenadoria de Serviços Descentralizados, da Coordenadoria Geral de Integração de Serviços, do Departamento de Trânsito do Estado do Rio de Janeiro - DETRAN/RJ, da",https://www.ioerj.com.br/portal/modules/conteudoonline/mostra_edicao.php?session=VFZSUk0wMUVSa1ZOVkdOMFVtdGFRMUpwTURCUFZHY3dURlZKZVU5VlJYUk5ha2t4VVZSU1JFOUZTVEZTYTBVelRWUmpNMDlFVlhsUFZGVXhUa0U5UFE9PQ==,D:\github\exoneracoes_nomeacoes_dou\LAKE\RJ\2015\12\DOERJ_PARTE_I_PODER_EXECUTIVO_2015-12-08.md
RJ,Diario Oficial do Estado do Rio de Janeiro,2015-12-08,Parte I (Poder Executivo),nomeacao,EDIVAR BARBOZA,,,Secretario,5,Wilson Jose Witzel - Governador,Wilson Jose Witzel,Executivo estadual,sim,EDIVAR BARBOZA:MISC|Edivar Barboza:PER,sim,,,"NOMEAR EDIVAR BARBOZA para exercer, com validade a contar de 09 de dezembro de 2015, o cargo em comissão de Ajudante II, símbolo DAI-2, da",https://www.ioerj.com.br/portal/modules/conteudoonline/mostra_edicao.php?session=VFZSUk0wMUVSa1ZOVkdOMFVtdGFRMUpwTURCUFZHY3dURlZKZVU5VlJYUk5ha2t4VVZSU1JFOUZTVEZTYTBVelRWUmpNMDlFVlhsUFZGVXhUa0U5UFE9PQ==,D:\github\exoneracoes_nomeacoes_dou\LAKE\RJ\2015\12\DOERJ_PARTE_I_PODER_EXECUTIVO_2015-12-08.md
RJ,Diario Oficial do Estado do Rio de Janeiro,2015-12-08,Parte I (Poder Executivo),nomeacao,GILBERTO DE MELO,,,Secretario,5,Wilson Jose Witzel - Governador,Wilson Jose Witzel,Executivo estadual,sim,GILBERTO DE MELO:MISC|Gilberto De Melo:PER,sim,,,"NOMEAR GILBERTO DE MELO para exercer, com validade a contar de 09 de dezembro de 2015, o cargo em comissão de Ajudante II, símbolo DAI-2, da",https://www.ioerj.com.br/portal/modules/conteudoonline/mostra_edicao.php?session=VFZSUk0wMUVSa1ZOVkdOMFVtdGFRMUpwTURCUFZHY3dURlZKZVU5VlJYUk5ha2t4VVZSU1JFOUZTVEZTYTBVelRWUmpNMDlFVlhsUFZGVXhUa0U5UFE9PQ==,D:\github\exoneracoes_nomeacoes_dou\LAKE\RJ\2015\12\DOERJ_PARTE_I_PODER_EXECUTIVO_2015-12-08.md
RJ,Diario Oficial do Estado do Rio de Janeiro,2015-12-08,Parte I (Poder Executivo),nomeacao,RONALDO MALVINO,,,Secretario,5,Wilson Jose Witzel - Governador,Wilson Jose Witzel,Executivo estadual,sim,RONALDO MALVINO:MISC|Ronaldo Malvino:PER,sim,,,"NOMEAR RONALDO MALVINO para exercer, com validade a contar de 09 de dezembro de 2015, o cargo em comissão de Ajudante II, símbolo DAI-2, da",https://www.ioerj.com.br/portal/modules/conteudoonline/mostra_edicao.php?session=VFZSUk0wMUVSa1ZOVkdOMFVtdGFRMUpwTURCUFZHY3dURlZKZVU5VlJYUk5ha2t4VVZSU1JFOUZTVEZTYTBVelRWUmpNMDlFVlhsUFZGVXhUa0U5UFE9PQ==,D:\github\exoneracoes_nomeacoes_dou\LAKE\RJ\2015\12\DOERJ_PARTE_I_PODER_EXECUTIVO_2015-12-08.md
RJ,Diario Oficial do Estado do Rio de Janeiro,2015-12-08,Parte I (Poder Executivo),nomeacao,CARLOS ROBERTO LOPES DA SILVA,,,Secretario,5,Wilson Jose Witzel - Governador,Wilson Jose Witzel,Executivo estadual,sim,CARLOS ROBERTO LOPES DA SILVA:PER,sim,,,"NOMEAR CARLOS ROBERTO LOPES DA SILVA para exercer, com validade a contar de 09 de dezembro de 2015, o cargo em comissão de Ajudante II, símbolo DAI-2, da",https://www.ioerj.com.br/portal/modules/conteudoonline/mostra_edicao.php?session=VFZSUk0wMUVSa1ZOVkdOMFVtdGFRMUpwTURCUFZHY3dURlZKZVU5VlJYUk5ha2t4VVZSU1JFOUZTVEZTYTBVelRWUmpNMDlFVlhsUFZGVXhUa0U5UFE9PQ==,D:\github\exoneracoes_nomeacoes_dou\LAKE\RJ\2015\12\DOERJ_PARTE_I_PODER_EXECUTIVO_2015-12-08.md
RJ,Diario Oficial do Estado do Rio de Janeiro,2015-12-08,Parte I (Poder Executivo),nomeacao,ROBERTO CONSTANTINO,,,Secretario,5,Wilson Jose Witzel - Governador,Wilson Jose Witzel,Executivo estadual,sim,ROBERTO CONSTANTINO:PER,sim,,,"NOMEAR ROBERTO CONSTANTINO para exercer, com validade a contar de 09 de dezembro de 2015, o cargo em comissão de Ajudante II, símbolo DAI-2, da",https://www.ioerj.com.br/portal/modules/conteudoonline/mostra_edicao.php?session=VFZSUk0wMUVSa1ZOVkdOMFVtdGFRMUpwTURCUFZHY3dURlZKZVU5VlJYUk5ha2t4VVZSU1JFOUZTVEZTYTBVelRWUmpNMDlFVlhsUFZGVXhUa0U5UFE9PQ==,D:\github\exoneracoes_nomeacoes_dou\LAKE\RJ\2015\12\DOERJ_PARTE_I_PODER_EXECUTIVO_2015-12-08.md
RJ,Diario Oficial do Estado do Rio de Janeiro,2015-12-08,Parte I (Poder Executivo),nomeacao,OSWALDO LUIZ,,,Secretario,5,Wilson Jose Witzel - Governador,Wilson Jose Witzel,Executivo estadual,sim,Oswaldo Luiz:PER,sim,,,"NOMEAR OSWALDO LUIZ para exercer, com validade a contar de 09 de dezembro de 2015, o cargo em comissão de Ajudante II, símbolo DAI-2, da",https://www.ioerj.com.br/portal/modules/conteudoonline/mostra_edicao.php?session=VFZSUk0wMUVSa1ZOVkdOMFVtdGFRMUpwTURCUFZHY3dURlZKZVU5VlJYUk5ha2t4VVZSU1JFOUZTVEZTYTBVelRWUmpNMDlFVlhsUFZGVXhUa0U5UFE9PQ==,D:\github\exoneracoes_nomeacoes_dou\LAKE\RJ\2015\12\DOERJ_PARTE_I_PODER_EXECUTIVO_2015-12-08.md
RJ,Diario Oficial do Estado do Rio de Janeiro,2015-12-08,Parte I (Poder Executivo),nomeacao,ANDRE VIANNA DA CONCEIÇÃO,,,Secretario,5,Wilson Jose Witzel - Governador,Wilson Jose Witzel,Executivo estadual,sim,ANDRE VIANNA:MISC|CONCEIÇÃO:ORG|Andre Vianna Da Conceição:PER,sim,,,"NOMEAR ANDRE VIANNA DA CONCEIÇÃO para exercer, com validade a contar de 09 de dezembro de 2015, o cargo em comissão de Ajudante II, símbolo DAI-2, da",https://www.ioerj.com.br/portal/modules/conteudoonline/mostra_edicao.php?session=VFZSUk0wMUVSa1ZOVkdOMFVtdGFRMUpwTURCUFZHY3dURlZKZVU5VlJYUk5ha2t4VVZSU1JFOUZTVEZTYTBVelRWUmpNMDlFVlhsUFZGVXhUa0U5UFE9PQ==,D:\github\exoneracoes_nomeacoes_dou\LAKE\RJ\2015\12\DOERJ_PARTE_I_PODER_EXECUTIVO_2015-12-08.md
RJ,Diario Oficial do Estado do Rio de Janeiro,2015-12-08,Parte I (Poder Executivo),nomeacao,JOSÉ LAFAIETE BATISTA DA SILVA,,,Secretario,5,Wilson Jose Witzel - Governador,Wilson Jose Witzel,Executivo estadual,sim,JOSÉ LAFAIETE:PER,sim,,,"NOMEAR JOSÉ LAFAIETE BATISTA DA SILVA para exercer, com validade a contar de 09 de dezembro de 2015, o cargo em comissão de Ajudante II, símbolo DAI-2, da",https://www.ioerj.com.br/portal/modules/conteudoonline/mostra_edicao.php?session=VFZSUk0wMUVSa1ZOVkdOMFVtdGFRMUpwTURCUFZHY3dURlZKZVU5VlJYUk5ha2t4VVZSU1JFOUZTVEZTYTBVelRWUmpNMDlFVlhsUFZGVXhUa0U5UFE9PQ==,D:\github\exoneracoes_nomeacoes_dou\LAKE\RJ\2015\12\DOERJ_PARTE_I_PODER_EXECUTIVO_2015-12-08.md
RJ,Diario Oficial do Estado do Rio de Janeiro,2015-12-08,Parte I (Poder Executivo),nomeacao,VANDEIR RODRIGUES DA SILVA,,,Secretario,5,Wilson Jose Witzel - Governador,Wilson Jose Witzel,Executivo estadual,sim,VANDEIR RODRIGUES DA SILVA:MISC|Vandeir Rodrigues Da Silva:PER,sim,,,"NOMEAR VANDEIR RODRIGUES DA SILVA para exercer, com validade a contar de 09 de dezembro de 2015, o cargo em comissão de Ajudante II, símbolo DAI-2, da",https://www.ioerj.com.br/portal/modules/conteudoonline/mostra_edicao.php?session=VFZSUk0wMUVSa1ZOVkdOMFVtdGFRMUpwTURCUFZHY3dURlZKZVU5VlJYUk5ha2t4VVZSU1JFOUZTVEZTYTBVelRWUmpNMDlFVlhsUFZGVXhUa0U5UFE9PQ==,D:\github\exoneracoes_nomeacoes_dou\LAKE\RJ\2015\12\DOERJ_PARTE_I_PODER_EXECUTIVO_2015-12-08.md
RJ,Diario Oficial do Estado do Rio de Janeiro,2015-12-08,Parte I (Poder Executivo),nomeacao,GENECI PEREIRA CORREA,,,Secretario,5,Wilson Jose Witzel - Governador,Wilson Jose Witzel,Executivo estadual,sim,GENECI:MISC|CORREA:ORG|Geneci Pereira Correa:PER,sim,,,"NOMEAR GENECI PEREIRA CORREA para exercer, com validade a contar de 09 de dezembro de 2015, o cargo em comissão de Ajudante II, símbolo DAI-2, da",https://www.ioerj.com.br/portal/modules/conteudoonline/mostra_edicao.php?session=VFZSUk0wMUVSa1ZOVkdOMFVtdGFRMUpwTURCUFZHY3dURlZKZVU5VlJYUk5ha2t4VVZSU1JFOUZTVEZTYTBVelRWUmpNMDlFVlhsUFZGVXhUa0U5UFE9PQ==,D:\github\exoneracoes_nomeacoes_dou\LAKE\RJ\2015\12\DOERJ_PARTE_I_PODER_EXECUTIVO_2015-12-08.md
RJ,Diario Oficial do Estado do Rio de Janeiro,2015-12-08,Parte I (Poder Executivo),exoneracao,HELENA VIRGILIO DE MACEDO,43492711,,Secretario,5,Wilson Jose Witzel - Governador,Wilson Jose Witzel,Executivo estadual,sim,HELENA VIRGILIO:PER,sim,do cargo em comissão de Assistente,,"EXONERAR com validade a contar de 01 de dezembro de 2015, HELENA VIRGILIO DE MACEDO, ID FUNCIONAL Nº 43492711 , do cargo em comissão de Assistente, símbolo DAS-6, da",https://www.ioerj.com.br/portal/modules/conteudoonline/mostra_edicao.php?session=VFZSUk0wMUVSa1ZOVkdOMFVtdGFRMUpwTURCUFZHY3dURlZKZVU5VlJYUk5ha2t4VVZSU1JFOUZTVEZTYTBVelRWUmpNMDlFVlhsUFZGVXhUa0U5UFE9PQ==,D:\github\exoneracoes_nomeacoes_dou\LAKE\RJ\2015\12\DOERJ_PARTE_I_PODER_EXECUTIVO_2015-12-08.md
RJ,Diario Oficial do Estado do Rio de Janeiro,2015-12-08,Parte I (Poder Executivo),nomeacao,MARCELO ALVES TEIXEIRA,5010517-5,,Secretario,5,Wilson Jose Witzel - Governador,Wilson Jose Witzel,Executivo estadual,sim,MARCELO ALVES TEIXEIRA:MISC|Marcelo Alves Teixeira:PER,sim,,,"NOMEAR MARCELO ALVES TEIXEIRA, ID FUNCIONAL Nº 5010517-5 , para exercer, com validade a contar de 01 de dezembro de 2015, o cargo em comissão de Assistente, símbolo DAS-6, da",https://www.ioerj.com.br/portal/modules/conteudoonline/mostra_edicao.php?session=VFZSUk0wMUVSa1ZOVkdOMFVtdGFRMUpwTURCUFZHY3dURlZKZVU5VlJYUk5ha2t4VVZSU1JFOUZTVEZTYTBVelRWUmpNMDlFVlhsUFZGVXhUa0U5UFE9PQ==,D:\github\exoneracoes_nomeacoes_dou\LAKE\RJ\2015\12\DOERJ_PARTE_I_PODER_EXECUTIVO_2015-12-08.md
RJ,Diario Oficial do Estado do Rio de Janeiro,2015-12-08,Parte I (Poder Executivo),exoneracao,PAULO CÉSAR PINTO FILHO,5024229-6,,Secretario,5,Wilson Jose Witzel - Governador,Wilson Jose Witzel,Executivo estadual,sim,PAULO CÉSAR PINTO FILHO:PER,sim,do cargo em comissão de Ajudante II,,"EXONERAR com validade a contar de 05 de novembro de 2015, PAULO CÉSAR PINTO FILHO, ID FUNCIONAL Nº 5024229-6 , do cargo em comissão de Ajudante II, símbolo DAI-2, da",https://www.ioerj.com.br/portal/modules/conteudoonline/mostra_edicao.php?session=VFZSUk0wMUVSa1ZOVkdOMFVtdGFRMUpwTURCUFZHY3dURlZKZVU5VlJYUk5ha2t4VVZSU1JFOUZTVEZTYTBVelRWUmpNMDlFVlhsUFZGVXhUa0U5UFE9PQ==,D:\github\exoneracoes_nomeacoes_dou\LAKE\RJ\2015\12\DOERJ_PARTE_I_PODER_EXECUTIVO_2015-12-08.md
RJ,Diario Oficial do Estado do Rio de Janeiro,2015-12-08,Parte I (Poder Executivo),exoneracao,ANDRÉ LUIZ PEREIRA MONTEIRO,5024375-6,,Secretario,5,Wilson Jose Witzel - Governador,Wilson Jose Witzel,Executivo estadual,sim,ANDRÉ LUIZ PEREIRA:PER,sim,do cargo em comissão de Ajudante I,,"EXONERAR com validade a contar de 17 de novembro de 2015, ANDRÉ LUIZ PEREIRA MONTEIRO, ID FUNCIONAL Nº 5024375-6 , do cargo em comissão de Ajudante I, símbolo DAI-1, da",https://www.ioerj.com.br/portal/modules/conteudoonline/mostra_edicao.php?session=VFZSUk0wMUVSa1ZOVkdOMFVtdGFRMUpwTURCUFZHY3dURlZKZVU5VlJYUk5ha2t4VVZSU1JFOUZTVEZTYTBVelRWUmpNMDlFVlhsUFZGVXhUa0U5UFE9PQ==,D:\github\exoneracoes_nomeacoes_dou\LAKE\RJ\2015\12\DOERJ_PARTE_I_PODER_EXECUTIVO_2015-12-08.md
RJ,Diario Oficial do Estado do Rio de Janeiro,2015-12-08,Parte I (Poder Executivo),nomeacao,ADRIANO DA SILVA SOUZA,,,Secretario,5,Wilson Jose Witzel - Governador,Wilson Jose Witzel,Executivo estadual,sim,ADRIANO DA SILVA:PER,sim,,,"NOMEAR ADRIANO DA SILVA SOUZA para exercer, com validade a contar de 01 de dezembro de 2015, o cargo em comissão de Ajudante I, símbolo DAI-1, da",https://www.ioerj.com.br/portal/modules/conteudoonline/mostra_edicao.php?session=VFZSUk0wMUVSa1ZOVkdOMFVtdGFRMUpwTURCUFZHY3dURlZKZVU5VlJYUk5ha2t4VVZSU1JFOUZTVEZTYTBVelRWUmpNMDlFVlhsUFZGVXhUa0U5UFE9PQ==,D:\github\exoneracoes_nomeacoes_dou\LAKE\RJ\2015\12\DOERJ_PARTE_I_PODER_EXECUTIVO_2015-12-08.md
RJ,Diario Oficial do Estado do Rio de Janeiro,2015-12-08,Parte I (Poder Executivo),nomeacao,ALBERTO JACKSON DE OLIVEIRA SANTOS,,,Secretario,5,Wilson Jose Witzel - Governador,Wilson Jose Witzel,Executivo estadual,sim,ALBERTO JACKSON DE OLIVEIRA:PER,sim,,,"NOMEAR ALBERTO JACKSON DE OLIVEIRA SANTOS para exercer, com validade a contar de 01 de dezembro de 2015, o cargo em comissão de Ajudante I, símbolo DAI-1, da",https://www.ioerj.com.br/portal/modules/conteudoonline/mostra_edicao.php?session=VFZSUk0wMUVSa1ZOVkdOMFVtdGFRMUpwTURCUFZHY3dURlZKZVU5VlJYUk5ha2t4VVZSU1JFOUZTVEZTYTBVelRWUmpNMDlFVlhsUFZGVXhUa0U5UFE9PQ==,D:\github\exoneracoes_nomeacoes_dou\LAKE\RJ\2015\12\DOERJ_PARTE_I_PODER_EXECUTIVO_2015-12-08.md
RJ,Diario Oficial do Estado do Rio de Janeiro,2015-12-08,Parte I (Poder Executivo),nomeacao,ARTHUR DE OLIVEIRA CARVALHO,,,Secretario,5,Wilson Jose Witzel - Governador,Wilson Jose Witzel,Executivo estadual,sim,ARTHUR DE OLIVEIRA:MISC|Arthur De Oliveira Carvalho:PER,sim,,,"NOMEAR ARTHUR DE OLIVEIRA CARVALHO para exercer, com validade a contar de 01 de dezembro de 2015, o cargo em comissão de Ajudante I, símbolo DAI-1, da",https://www.ioerj.com.br/portal/modules/conteudoonline/mostra_edicao.php?session=VFZSUk0wMUVSa1ZOVkdOMFVtdGFRMUpwTURCUFZHY3dURlZKZVU5VlJYUk5ha2t4VVZSU1JFOUZTVEZTYTBVelRWUmpNMDlFVlhsUFZGVXhUa0U5UFE9PQ==,D:\github\exoneracoes_nomeacoes_dou\LAKE\RJ\2015\12\DOERJ_PARTE_I_PODER_EXECUTIVO_2015-12-08.md
RJ,Diario Oficial do Estado do Rio de Janeiro,2015-12-08,Parte I (Poder Executivo),nomeacao,AZZAN AUGUSTO DO NASCIMENTO BARCELOS,,,Secretario,5,Wilson Jose Witzel - Governador,Wilson Jose Witzel,Executivo estadual,sim,Azzan Augusto Do Nascimento Barcelos:PER,sim,,,"NOMEAR AZZAN AUGUSTO DO NASCIMENTO BARCELOS para exercer, com validade a contar de 01 de dezembro de 2015, o cargo em comissão de Ajudante I, símbolo DAI-1, da",https://www.ioerj.com.br/portal/modules/conteudoonline/mostra_edicao.php?session=VFZSUk0wMUVSa1ZOVkdOMFVtdGFRMUpwTURCUFZHY3dURlZKZVU5VlJYUk5ha2t4VVZSU1JFOUZTVEZTYTBVelRWUmpNMDlFVlhsUFZGVXhUa0U5UFE9PQ==,D:\github\exoneracoes_nomeacoes_dou\LAKE\RJ\2015\12\DOERJ_PARTE_I_PODER_EXECUTIVO_2015-12-08.md
RJ,Diario Oficial do Estado do Rio de Janeiro,2015-12-08,Parte I (Poder Executivo),nomeacao,CARLOS ALBERTO LIMA MOREIRA DO CARMO,,,Secretario,5,Wilson Jose Witzel - Governador,Wilson Jose Witzel,Executivo estadual,sim,CARLOS ALBERTO LIMA MOREIRA:PER,sim,,,"NOMEAR CARLOS ALBERTO LIMA MOREIRA DO CARMO para exercer, com validade a contar de 01 de dezembro de 2015, o cargo em comissão da Ajudante de DAI-1",https://www.ioerj.com.br/portal/modules/conteudoonline/mostra_edicao.php?session=VFZSUk0wMUVSa1ZOVkdOMFVtdGFRMUpwTURCUFZHY3dURlZKZVU5VlJYUk5ha2t4VVZSU1JFOUZTVEZTYTBVelRWUmpNMDlFVlhsUFZGVXhUa0U5UFE9PQ==,D:\github\exoneracoes_nomeacoes_dou\LAKE\RJ\2015\12\DOERJ_PARTE_I_PODER_EXECUTIVO_2015-12-08.md
RJ,Diario Oficial do Estado do Rio de Janeiro,2015-12-08,Parte I (Poder Executivo),nomeacao,CARLOS EDUARDO ACCIO DA SILVA,,,Secretario,5,Wilson Jose Witzel - Governador,Wilson Jose Witzel,Executivo estadual,sim,CARLOS EDUARDO ACCIO DA SILVA:PER,sim,,,"NOMEAR CARLOS EDUARDO ACCIO DA SILVA para exercer, com validade a contar de 01 de dezembro de 2015, o cargo em comissão de Ajudante I, símbolo DAI-1, da",https://www.ioerj.com.br/portal/modules/conteudoonline/mostra_edicao.php?session=VFZSUk0wMUVSa1ZOVkdOMFVtdGFRMUpwTURCUFZHY3dURlZKZVU5VlJYUk5ha2t4VVZSU1JFOUZTVEZTYTBVelRWUmpNMDlFVlhsUFZGVXhUa0U5UFE9PQ==,D:\github\exoneracoes_nomeacoes_dou\LAKE\RJ\2015\12\DOERJ_PARTE_I_PODER_EXECUTIVO_2015-12-08.md
RJ,Diario Oficial do Estado do Rio de Janeiro,2015-12-08,Parte I (Poder Executivo),nomeacao,CARLOS HENRIQUE DOS SANTOS PEREIRA,,,Secretario,5,Wilson Jose Witzel - Governador,Wilson Jose Witzel,Executivo estadual,sim,CARLOS HENRIQUE DOS SANTOS PEREIRA:PER,sim,,,"NOMEAR CARLOS HENRIQUE DOS SANTOS PEREIRA para exercer, com validade a contar de 01 de dezembro de 2015, o cargo em comissão de Ajudante I, símbolo DAI-1, da",https://www.ioerj.com.br/portal/modules/conteudoonline/mostra_edicao.php?session=VFZSUk0wMUVSa1ZOVkdOMFVtdGFRMUpwTURCUFZHY3dURlZKZVU5VlJYUk5ha2t4VVZSU1JFOUZTVEZTYTBVelRWUmpNMDlFVlhsUFZGVXhUa0U5UFE9PQ==,D:\github\exoneracoes_nomeacoes_dou\LAKE\RJ\2015\12\DOERJ_PARTE_I_PODER_EXECUTIVO_2015-12-08.md
RJ,Diario Oficial do Estado do Rio de Janeiro,2015-12-08,Parte I (Poder Executivo),nomeacao,CARLOS HENRIQUE FERREIRA NUNES,,,Secretario,5,Wilson Jose Witzel - Governador,Wilson Jose Witzel,Executivo estadual,sim,CARLOS HENRIQUE FERREIRA NUNES:PER,sim,,,"NOMEAR CARLOS HENRIQUE FERREIRA NUNES para exercer, com validade a contar de 01 de dezembro de 2015, o cargo em comissão de Ajudante I, símbolo DAI-1, da",https://www.ioerj.com.br/portal/modules/conteudoonline/mostra_edicao.php?session=VFZSUk0wMUVSa1ZOVkdOMFVtdGFRMUpwTURCUFZHY3dURlZKZVU5VlJYUk5ha2t4VVZSU1JFOUZTVEZTYTBVelRWUmpNMDlFVlhsUFZGVXhUa0U5UFE9PQ==,D:\github\exoneracoes_nomeacoes_dou\LAKE\RJ\2015\12\DOERJ_PARTE_I_PODER_EXECUTIVO_2015-12-08.md
RJ,Diario Oficial do Estado do Rio de Janeiro,2015-12-08,Parte I (Poder Executivo),nomeacao,THIAGO RODRIGUES GOULART,,,Secretario,5,Wilson Jose Witzel - Governador,Wilson Jose Witzel,Executivo estadual,sim,THIAGO RODRIGUES GOULART:MISC|Thiago Rodrigues Goulart:PER,sim,,,"NOMEAR THIAGO RODRIGUES GOULART para exercer, com validade a contar de 01 de dezembro de 2015, o cargo em comissão de Ajudante I, símbolo DAI-1, da",https://www.ioerj.com.br/portal/modules/conteudoonline/mostra_edicao.php?session=VFZSUk0wMUVSa1ZOVkdOMFVtdGFRMUpwTURCUFZHY3dURlZKZVU5VlJYUk5ha2t4VVZSU1JFOUZTVEZTYTBVelRWUmpNMDlFVlhsUFZGVXhUa0U5UFE9PQ==,D:\github\exoneracoes_nomeacoes_dou\LAKE\RJ\2015\12\DOERJ_PARTE_I_PODER_EXECUTIVO_2015-12-08.md
RJ,Diario Oficial do Estado do Rio de Janeiro,2015-12-08,Parte I (Poder Executivo),nomeacao,CASSIANO JOSÉ DE FREITAS,,,Secretario,5,Wilson Jose Witzel - Governador,Wilson Jose Witzel,Executivo estadual,sim,CASSIANO JOSÉ DE FREITAS:PER,sim,,,"NOMEAR CASSIANO JOSÉ DE FREITAS para exercer, com validade a contar de 01 de dezembro de 2015, o cargo em comissão de Ajudante I, símbolo DAI-1, da",https://www.ioerj.com.br/portal/modules/conteudoonline/mostra_edicao.php?session=VFZSUk0wMUVSa1ZOVkdOMFVtdGFRMUpwTURCUFZHY3dURlZKZVU5VlJYUk5ha2t4VVZSU1JFOUZTVEZTYTBVelRWUmpNMDlFVlhsUFZGVXhUa0U5UFE9PQ==,D:\github\exoneracoes_nomeacoes_dou\LAKE\RJ\2015\12\DOERJ_PARTE_I_PODER_EXECUTIVO_2015-12-08.md
RJ,Diario Oficial do Estado do Rio de Janeiro,2015-12-08,Parte I (Poder Executivo),nomeacao,CÁSSIO VINICIUS RAMOS DE MENDONÇA,,,Secretario,5,Wilson Jose Witzel - Governador,Wilson Jose Witzel,Executivo estadual,sim,CÁSSIO VINICIUS:PER,sim,,,"NOMEAR CÁSSIO VINICIUS RAMOS DE MENDONÇA para exercer, com validade a contar de 01 de dezembro de 2015, o cargo em comissão de Ajudante I, símbolo DAI-1, da",https://www.ioerj.com.br/portal/modules/conteudoonline/mostra_edicao.php?session=VFZSUk0wMUVSa1ZOVkdOMFVtdGFRMUpwTURCUFZHY3dURlZKZVU5VlJYUk5ha2t4VVZSU1JFOUZTVEZTYTBVelRWUmpNMDlFVlhsUFZGVXhUa0U5UFE9PQ==,D:\github\exoneracoes_nomeacoes_dou\LAKE\RJ\2015\12\DOERJ_PARTE_I_PODER_EXECUTIVO_2015-12-08.md
RJ,Diario Oficial do Estado do Rio de Janeiro,2015-12-08,Parte I (Poder Executivo),nomeacao,DALMIR SILVA DE OLIVEIRA,,,Secretario,5,Wilson Jose Witzel - Governador,Wilson Jose Witzel,Executivo estadual,sim,DALMIR SILVA DE OLIVEIRA:PER,sim,,,"NOMEAR DALMIR SILVA DE OLIVEIRA para exercer, com validade a contar de 01 de dezembro de 2015, o cargo em comissão de Ajudante I, símbolo DAI-1, da",https://www.ioerj.com.br/portal/modules/conteudoonline/mostra_edicao.php?session=VFZSUk0wMUVSa1ZOVkdOMFVtdGFRMUpwTURCUFZHY3dURlZKZVU5VlJYUk5ha2t4VVZSU1JFOUZTVEZTYTBVelRWUmpNMDlFVlhsUFZGVXhUa0U5UFE9PQ==,D:\github\exoneracoes_nomeacoes_dou\LAKE\RJ\2015\12\DOERJ_PARTE_I_PODER_EXECUTIVO_2015-12-08.md
RJ,Diario Oficial do Estado do Rio de Janeiro,2015-12-08,Parte I (Poder Executivo),nomeacao,DANIEL OLIWERTH SCHEFFER,,,Secretario,5,Wilson Jose Witzel - Governador,Wilson Jose Witzel,Executivo estadual,sim,DANIEL:MISC|Daniel Oliwerth Scheffer:PER,sim,,,"NOMEAR DANIEL OLIWERTH SCHEFFER para exercer, com validade a contar de 01 de dezembro de 2015, o cargo em comissão de Ajudante I, símbolo DAI-1, da",https://www.ioerj.com.br/portal/modules/conteudoonline/mostra_edicao.php?session=VFZSUk0wMUVSa1ZOVkdOMFVtdGFRMUpwTURCUFZHY3dURlZKZVU5VlJYUk5ha2t4VVZSU1JFOUZTVEZTYTBVelRWUmpNMDlFVlhsUFZGVXhUa0U5UFE9PQ==,D:\github\exoneracoes_nomeacoes_dou\LAKE\RJ\2015\12\DOERJ_PARTE_I_PODER_EXECUTIVO_2015-12-08.md
RJ,Diario Oficial do Estado do Rio de Janeiro,2015-12-08,Parte I (Poder Executivo),nomeacao,DANIEL QUINTANILHA PEREIRA,,,Secretario,5,Wilson Jose Witzel - Governador,Wilson Jose Witzel,Executivo estadual,sim,Daniel Quintanilha Pereira:PER,sim,,,"NOMEAR DANIEL QUINTANILHA PEREIRA para exercer, com validade a contar de 01 de dezembro de 2015, o cargo em comissão de Ajudante I, símbolo DAI-1, da",https://www.ioerj.com.br/portal/modules/conteudoonline/mostra_edicao.php?session=VFZSUk0wMUVSa1ZOVkdOMFVtdGFRMUpwTURCUFZHY3dURlZKZVU5VlJYUk5ha2t4VVZSU1JFOUZTVEZTYTBVelRWUmpNMDlFVlhsUFZGVXhUa0U5UFE9PQ==,D:\github\exoneracoes_nomeacoes_dou\LAKE\RJ\2015\12\DOERJ_PARTE_I_PODER_EXECUTIVO_2015-12-08.md
RJ,Diario Oficial do Estado do Rio de Janeiro,2015-12-08,Parte I (Poder Executivo),nomeacao,DEIVISON DE OLIVEIRA ALEXANDRE,,,Secretario,5,Wilson Jose Witzel - Governador,Wilson Jose Witzel,Executivo estadual,sim,DEIVISON DE OLIVEIRA ALEXANDRE:MISC|Deivison:PER,sim,,,"NOMEAR DEIVISON DE OLIVEIRA ALEXANDRE para exercer, com validade a contar de 01 de dezembro de 2015, o cargo em comissão de Ajudante I, símbolo DAI-1, da",https://www.ioerj.com.br/portal/modules/conteudoonline/mostra_edicao.php?session=VFZSUk0wMUVSa1ZOVkdOMFVtdGFRMUpwTURCUFZHY3dURlZKZVU5VlJYUk5ha2t4VVZSU1JFOUZTVEZTYTBVelRWUmpNMDlFVlhsUFZGVXhUa0U5UFE9PQ==,D:\github\exoneracoes_nomeacoes_dou\LAKE\RJ\2015\12\DOERJ_PARTE_I_PODER_EXECUTIVO_2015-12-08.md
RJ,Diario Oficial do Estado do Rio de Janeiro,2015-12-08,Parte I (Poder Executivo),nomeacao,DIEGO GOMES FARIA,,,Secretario,5,Wilson Jose Witzel - Governador,Wilson Jose Witzel,Executivo estadual,sim,Diego Gomes Faria:PER,sim,,,"NOMEAR DIEGO GOMES FARIA para exercer, com validade a contar de 01 de dezembro de 2015, o cargo em comissão de Ajudante I, símbolo DAI-1, da",https://www.ioerj.com.br/portal/modules/conteudoonline/mostra_edicao.php?session=VFZSUk0wMUVSa1ZOVkdOMFVtdGFRMUpwTURCUFZHY3dURlZKZVU5VlJYUk5ha2t4VVZSU1JFOUZTVEZTYTBVelRWUmpNMDlFVlhsUFZGVXhUa0U5UFE9PQ==,D:\github\exoneracoes_nomeacoes_dou\LAKE\RJ\2015\12\DOERJ_PARTE_I_PODER_EXECUTIVO_2015-12-08.md
RJ,Diario Oficial do Estado do Rio de Janeiro,2015-12-08,Parte I (Poder Executivo),nomeacao,DIEGO HENRIQUE MACIEL VIEIRA,,,Secretario,5,Wilson Jose Witzel - Governador,Wilson Jose Witzel,Executivo estadual,sim,Diego Henrique Maciel Vieira:PER,sim,,,"NOMEAR DIEGO HENRIQUE MACIEL VIEIRA para exercer, com validade a contar de 01 de dezembro de 2015, o cargo em comissão de Ajudante I, símbolo DAI-1, da",https://www.ioerj.com.br/portal/modules/conteudoonline/mostra_edicao.php?session=VFZSUk0wMUVSa1ZOVkdOMFVtdGFRMUpwTURCUFZHY3dURlZKZVU5VlJYUk5ha2t4VVZSU1JFOUZTVEZTYTBVelRWUmpNMDlFVlhsUFZGVXhUa0U5UFE9PQ==,D:\github\exoneracoes_nomeacoes_dou\LAKE\RJ\2015\12\DOERJ_PARTE_I_PODER_EXECUTIVO_2015-12-08.md
RJ,Diario Oficial do Estado do Rio de Janeiro,2015-12-08,Parte I (Poder Executivo),nomeacao,DIEGO MITRANO,,,Secretario,5,Wilson Jose Witzel - Governador,Wilson Jose Witzel,Executivo estadual,sim,DIEGO:ORG|Diego Mitrano:PER,sim,,,"NOMEAR DIEGO MITRANO para exercer, com validade a contar de 01 de dezembro de 2015, o cargo em comissão de Ajudante I, símbolo DAI-1, da",https://www.ioerj.com.br/portal/modules/conteudoonline/mostra_edicao.php?session=VFZSUk0wMUVSa1ZOVkdOMFVtdGFRMUpwTURCUFZHY3dURlZKZVU5VlJYUk5ha2t4VVZSU1JFOUZTVEZTYTBVelRWUmpNMDlFVlhsUFZGVXhUa0U5UFE9PQ==,D:\github\exoneracoes_nomeacoes_dou\LAKE\RJ\2015\12\DOERJ_PARTE_I_PODER_EXECUTIVO_2015-12-08.md
RJ,Diario Oficial do Estado do Rio de Janeiro,2015-12-08,Parte I (Poder Executivo),nomeacao,DOUGLAS HENRIQUE DA CRUZ,,,Secretario,5,Wilson Jose Witzel - Governador,Wilson Jose Witzel,Executivo estadual,sim,DOUGLAS HENRIQUE DA CRUZ:MISC|Douglas Henrique Da Cruz:PER,sim,,,"NOMEAR DOUGLAS HENRIQUE DA CRUZ para exercer, com validade a contar de 01 de dezembro de 2015, o cargo em co- missão de Ajudante I, símbolo DAI-1, da",https://www.ioerj.com.br/portal/modules/conteudoonline/mostra_edicao.php?session=VFZSUk0wMUVSa1ZOVkdOMFVtdGFRMUpwTURCUFZHY3dURlZKZVU5VlJYUk5ha2t4VVZSU1JFOUZTVEZTYTBVelRWUmpNMDlFVlhsUFZGVXhUa0U5UFE9PQ==,D:\github\exoneracoes_nomeacoes_dou\LAKE\RJ\2015\12\DOERJ_PARTE_I_PODER_EXECUTIVO_2015-12-08.md
RJ,Diario Oficial do Estado do Rio de Janeiro,2015-12-08,Parte I (Poder Executivo),nomeacao,EDUARDO SILVA RUFINO,,,Secretario,5,Wilson Jose Witzel - Governador,Wilson Jose Witzel,Executivo estadual,sim,EDUARDO SILVA RUFINO:PER,sim,,,"NOMEAR EDUARDO SILVA RUFINO para exercer, com validade a contar de 01 de dezembro de 2015, o cargo em comissão de Ajudante I, símbolo DAI-1, da",https://www.ioerj.com.br/portal/modules/conteudoonline/mostra_edicao.php?session=VFZSUk0wMUVSa1ZOVkdOMFVtdGFRMUpwTURCUFZHY3dURlZKZVU5VlJYUk5ha2t4VVZSU1JFOUZTVEZTYTBVelRWUmpNMDlFVlhsUFZGVXhUa0U5UFE9PQ==,D:\github\exoneracoes_nomeacoes_dou\LAKE\RJ\2015\12\DOERJ_PARTE_I_PODER_EXECUTIVO_2015-12-08.md
RJ,Diario Oficial do Estado do Rio de Janeiro,2015-12-08,Parte I (Poder Executivo),nomeacao,ERIC NOGUEIRA DA SILVA,,,Secretario,5,Wilson Jose Witzel - Governador,Wilson Jose Witzel,Executivo estadual,sim,ERIC NOGUEIRA DA SILVA:LOC|Eric Nogueira:PER,sim,,,"NOMEAR ERIC NOGUEIRA DA SILVA para exercer, com validade a contar de 01 de dezembro de 2015, o cargo em comissão de Ajudante I, símbolo DAI-1, da",https://www.ioerj.com.br/portal/modules/conteudoonline/mostra_edicao.php?session=VFZSUk0wMUVSa1ZOVkdOMFVtdGFRMUpwTURCUFZHY3dURlZKZVU5VlJYUk5ha2t4VVZSU1JFOUZTVEZTYTBVelRWUmpNMDlFVlhsUFZGVXhUa0U5UFE9PQ==,D:\github\exoneracoes_nomeacoes_dou\LAKE\RJ\2015\12\DOERJ_PARTE_I_PODER_EXECUTIVO_2015-12-08.md
RJ,Diario Oficial do Estado do Rio de Janeiro,2015-12-08,Parte I (Poder Executivo),nomeacao,EWERTON RIBEIRO DA SILVA PONTES,,,Secretario,5,Wilson Jose Witzel - Governador,Wilson Jose Witzel,Executivo estadual,sim,EWERTON RIBEIRO DA SILVA PONTES:PER,sim,,,"NOMEAR EWERTON RIBEIRO DA SILVA PONTES para exercer, com validade a contar de 01 de dezembro de 2015, o cargo em comissão de Ajudante I, símbolo DAI-1, da",https://www.ioerj.com.br/portal/modules/conteudoonline/mostra_edicao.php?session=VFZSUk0wMUVSa1ZOVkdOMFVtdGFRMUpwTURCUFZHY3dURlZKZVU5VlJYUk5ha2t4VVZSU1JFOUZTVEZTYTBVelRWUmpNMDlFVlhsUFZGVXhUa0U5UFE9PQ==,D:\github\exoneracoes_nomeacoes_dou\LAKE\RJ\2015\12\DOERJ_PARTE_I_PODER_EXECUTIVO_2015-12-08.md
RJ,Diario Oficial do Estado do Rio de Janeiro,2015-12-08,Parte I (Poder Executivo),nomeacao,FÁBIO MARTINS ROQUE,,,Secretario,5,Wilson Jose Witzel - Governador,Wilson Jose Witzel,Executivo estadual,sim,FÁBIO MARTINS ROQUE:MISC|Fábio Martins Roque:PER,sim,,,"NOMEAR FÁBIO MARTINS ROQUE para exercer, com validade a contar de 01 de dezembro de 2015, o cargo em comissão de Ajudante I, símbolo DAI-1, da",https://www.ioerj.com.br/portal/modules/conteudoonline/mostra_edicao.php?session=VFZSUk0wMUVSa1ZOVkdOMFVtdGFRMUpwTURCUFZHY3dURlZKZVU5VlJYUk5ha2t4VVZSU1JFOUZTVEZTYTBVelRWUmpNMDlFVlhsUFZGVXhUa0U5UFE9PQ==,D:\github\exoneracoes_nomeacoes_dou\LAKE\RJ\2015\12\DOERJ_PARTE_I_PODER_EXECUTIVO_2015-12-08.md
RJ,Diario Oficial do Estado do Rio de Janeiro,2015-12-08,Parte I (Poder Executivo),nomeacao,FELIPE ANDRADE VIEIRA,,,Secretario,5,Wilson Jose Witzel - Governador,Wilson Jose Witzel,Executivo estadual,sim,FELIPE ANDRADE VIEIRA:PER,sim,,,"NOMEAR FELIPE ANDRADE VIEIRA para exercer, com validade a contar de 01 de dezembro de 2015, o cargo em comissão de Ajudante I, símbolo DAI-1, da",https://www.ioerj.com.br/portal/modules/conteudoonline/mostra_edicao.php?session=VFZSUk0wMUVSa1ZOVkdOMFVtdGFRMUpwTURCUFZHY3dURlZKZVU5VlJYUk5ha2t4VVZSU1JFOUZTVEZTYTBVelRWUmpNMDlFVlhsUFZGVXhUa0U5UFE9PQ==,D:\github\exoneracoes_nomeacoes_dou\LAKE\RJ\2015\12\DOERJ_PARTE_I_PODER_EXECUTIVO_2015-12-08.md
RJ,Diario Oficial do Estado do Rio de Janeiro,2015-12-08,Parte I (Poder Executivo),nomeacao,FELIPE SOUZA DA SILVA,,,Secretario,5,Wilson Jose Witzel - Governador,Wilson Jose Witzel,Executivo estadual,sim,FELIPE SOUZA DA SILVA:PER,sim,,,"NOMEAR FELIPE SOUZA DA SILVA para exercer, com validade a contar de 01 de dezembro de 2015, o cargo em comissão de Ajudante I, símbolo DAI-1, da",https://www.ioerj.com.br/portal/modules/conteudoonline/mostra_edicao.php?session=VFZSUk0wMUVSa1ZOVkdOMFVtdGFRMUpwTURCUFZHY3dURlZKZVU5VlJYUk5ha2t4VVZSU1JFOUZTVEZTYTBVelRWUmpNMDlFVlhsUFZGVXhUa0U5UFE9PQ==,D:\github\exoneracoes_nomeacoes_dou\LAKE\RJ\2015\12\DOERJ_PARTE_I_PODER_EXECUTIVO_2015-12-08.md
RJ,Diario Oficial do Estado do Rio de Janeiro,2015-12-08,Parte I (Poder Executivo),nomeacao,FRANCISCO DE ASSIS MOTA DE SOUZA,,,Secretario,5,Wilson Jose Witzel - Governador,Wilson Jose Witzel,Executivo estadual,sim,FRANCISCO DE ASSIS MOTA:PER,sim,,,"NOMEAR FRANCISCO DE ASSIS MOTA DE SOUZA para exercer, com validade a contar de 01 de dezembro de 2015, o cargo em comissão de Ajudante I, símbolo DAI-1, da",https://www.ioerj.com.br/portal/modules/conteudoonline/mostra_edicao.php?session=VFZSUk0wMUVSa1ZOVkdOMFVtdGFRMUpwTURCUFZHY3dURlZKZVU5VlJYUk5ha2t4VVZSU1JFOUZTVEZTYTBVelRWUmpNMDlFVlhsUFZGVXhUa0U5UFE9PQ==,D:\github\exoneracoes_nomeacoes_dou\LAKE\RJ\2015\12\DOERJ_PARTE_I_PODER_EXECUTIVO_2015-12-08.md
RJ,Diario Oficial do Estado do Rio de Janeiro,2015-12-08,Parte I (Poder Executivo),nomeacao,GUTEMBERG FARIAS VILARINO PARA EXERCER,,,Secretario,5,Wilson Jose Witzel - Governador,Wilson Jose Witzel,Executivo estadual,sim,GUTEMBERG:MISC|Gutemberg Farias Vilarino:PER,sim,,,"NOMEAR GUTEMBERG FARIAS VILARINO para exercer, com validade a contar de 01 de dezembro de 2015, o cargo em comissão de Ajudante I, símbolo DAI-1, da",https://www.ioerj.com.br/portal/modules/conteudoonline/mostra_edicao.php?session=VFZSUk0wMUVSa1ZOVkdOMFVtdGFRMUpwTURCUFZHY3dURlZKZVU5VlJYUk5ha2t4VVZSU1JFOUZTVEZTYTBVelRWUmpNMDlFVlhsUFZGVXhUa0U5UFE9PQ==,D:\github\exoneracoes_nomeacoes_dou\LAKE\RJ\2015\12\DOERJ_PARTE_I_PODER_EXECUTIVO_2015-12-08.md
RJ,Diario Oficial do Estado do Rio de Janeiro,2015-12-08,Parte I (Poder Executivo),nomeacao,HEVERTON LUIZ PIO MAXIMIANO,,,Secretario,5,Wilson Jose Witzel - Governador,Wilson Jose Witzel,Executivo estadual,sim,HEVERTON LUIZ PIO MAXIMIANO:PER,sim,,,"NOMEAR HEVERTON LUIZ PIO MAXIMIANO para exercer, com validade a contar de 01 de dezembro de 2015, o cargo em comissão de Ajudante I, símbolo DAI-1, da",https://www.ioerj.com.br/portal/modules/conteudoonline/mostra_edicao.php?session=VFZSUk0wMUVSa1ZOVkdOMFVtdGFRMUpwTURCUFZHY3dURlZKZVU5VlJYUk5ha2t4VVZSU1JFOUZTVEZTYTBVelRWUmpNMDlFVlhsUFZGVXhUa0U5UFE9PQ==,D:\github\exoneracoes_nomeacoes_dou\LAKE\RJ\2015\12\DOERJ_PARTE_I_PODER_EXECUTIVO_2015-12-08.md
RJ,Diario Oficial do Estado do Rio de Janeiro,2015-12-08,Parte I (Poder Executivo),nomeacao,HUGO ARAÚJO DOS SANTOS,,,Secretario,5,Wilson Jose Witzel - Governador,Wilson Jose Witzel,Executivo estadual,sim,ARAÚJO DOS SANTOS:MISC|Hugo Araújo Dos Santos:PER,sim,,,"NOMEAR HUGO ARAÚJO DOS SANTOS para exercer, com validade a contar de 01 de dezembro de 2015, o cargo em comissão de Ajudante I, símbolo DAI-1, da",https://www.ioerj.com.br/portal/modules/conteudoonline/mostra_edicao.php?session=VFZSUk0wMUVSa1ZOVkdOMFVtdGFRMUpwTURCUFZHY3dURlZKZVU5VlJYUk5ha2t4VVZSU1JFOUZTVEZTYTBVelRWUmpNMDlFVlhsUFZGVXhUa0U5UFE9PQ==,D:\github\exoneracoes_nomeacoes_dou\LAKE\RJ\2015\12\DOERJ_PARTE_I_PODER_EXECUTIVO_2015-12-08.md
RJ,Diario Oficial do Estado do Rio de Janeiro,2015-12-08,Parte I (Poder Executivo),nomeacao,ITALO BRUNO DAIRLA,,,Secretario,5,Wilson Jose Witzel - Governador,Wilson Jose Witzel,Executivo estadual,sim,DAIRLA:MISC|Italo Bruno Dairla:PER,sim,,,"NOMEAR ITALO BRUNO DAIRLA para exercer, com validade a contar de 01 de dezembro de 2015, o cargo em comissão de Ajudante I, símbolo DAI-1, da",https://www.ioerj.com.br/portal/modules/conteudoonline/mostra_edicao.php?session=VFZSUk0wMUVSa1ZOVkdOMFVtdGFRMUpwTURCUFZHY3dURlZKZVU5VlJYUk5ha2t4VVZSU1JFOUZTVEZTYTBVelRWUmpNMDlFVlhsUFZGVXhUa0U5UFE9PQ==,D:\github\exoneracoes_nomeacoes_dou\LAKE\RJ\2015\12\DOERJ_PARTE_I_PODER_EXECUTIVO_2015-12-08.md
RJ,Diario Oficial do Estado do Rio de Janeiro,2015-12-08,Parte I (Poder Executivo),nomeacao,IZAQUIEL CARVALHO CARREIRO,,,Secretario,5,Wilson Jose Witzel - Governador,Wilson Jose Witzel,Executivo estadual,sim,Izaquiel Carvalho:PER,sim,,,"NOMEAR IZAQUIEL CARVALHO CARREIRO para exercer, com validade a contar de 01 de dezembro de 2015, o cargo em comissão de Ajudante I, símbolo DAI-1, da",https://www.ioerj.com.br/portal/modules/conteudoonline/mostra_edicao.php?session=VFZSUk0wMUVSa1ZOVkdOMFVtdGFRMUpwTURCUFZHY3dURlZKZVU5VlJYUk5ha2t4VVZSU1JFOUZTVEZTYTBVelRWUmpNMDlFVlhsUFZGVXhUa0U5UFE9PQ==,D:\github\exoneracoes_nomeacoes_dou\LAKE\RJ\2015\12\DOERJ_PARTE_I_PODER_EXECUTIVO_2015-12-08.md
RJ,Diario Oficial do Estado do Rio de Janeiro,2015-12-08,Parte I (Poder Executivo),nomeacao,JEAN RIBEIRO RAMOS,,,Secretario,5,Wilson Jose Witzel - Governador,Wilson Jose Witzel,Executivo estadual,sim,JEAN RIBEIRO RAMOS:PER,sim,,,"NOMEAR JEAN RIBEIRO RAMOS para exercer, com validade a contar de 01 de dezembro de 2015, o cargo em comissão de Ajudante I, símbolo DAI-1, da",https://www.ioerj.com.br/portal/modules/conteudoonline/mostra_edicao.php?session=VFZSUk0wMUVSa1ZOVkdOMFVtdGFRMUpwTURCUFZHY3dURlZKZVU5VlJYUk5ha2t4VVZSU1JFOUZTVEZTYTBVelRWUmpNMDlFVlhsUFZGVXhUa0U5UFE9PQ==,D:\github\exoneracoes_nomeacoes_dou\LAKE\RJ\2015\12\DOERJ_PARTE_I_PODER_EXECUTIVO_2015-12-08.md
RJ,Diario Oficial do Estado do Rio de Janeiro,2015-12-08,Parte I (Poder Executivo),nomeacao,JEFFERSON CAMPOS DOMETH,,,Secretario,5,Wilson Jose Witzel - Governador,Wilson Jose Witzel,Executivo estadual,sim,JEFFERSON CAMPOS DOMETH:MISC|Jefferson Campos Dometh:PER,sim,,,"NOMEAR JEFFERSON CAMPOS DOMETH para exercer, com validade a contar de 01 de dezembro de 2015, o cargo em comissão de Ajudante I, símbolo DAI-1, da",https://www.ioerj.com.br/portal/modules/conteudoonline/mostra_edicao.php?session=VFZSUk0wMUVSa1ZOVkdOMFVtdGFRMUpwTURCUFZHY3dURlZKZVU5VlJYUk5ha2t4VVZSU1JFOUZTVEZTYTBVelRWUmpNMDlFVlhsUFZGVXhUa0U5UFE9PQ==,D:\github\exoneracoes_nomeacoes_dou\LAKE\RJ\2015\12\DOERJ_PARTE_I_PODER_EXECUTIVO_2015-12-08.md
RJ,Diario Oficial do Estado do Rio de Janeiro,2015-12-08,Parte I (Poder Executivo),nomeacao,JEFFERSON CARVALHO CUNHA,,,Secretario,5,Wilson Jose Witzel - Governador,Wilson Jose Witzel,Executivo estadual,sim,JEFFERSON CARVALHO CUNHA:PER,sim,,,"NOMEAR JEFFERSON CARVALHO CUNHA para exercer, com validade a contar de 01 de dezembro de 2015, o cargo em comissão de Ajudante I, símbolo DAI-1, da",https://www.ioerj.com.br/portal/modules/conteudoonline/mostra_edicao.php?session=VFZSUk0wMUVSa1ZOVkdOMFVtdGFRMUpwTURCUFZHY3dURlZKZVU5VlJYUk5ha2t4VVZSU1JFOUZTVEZTYTBVelRWUmpNMDlFVlhsUFZGVXhUa0U5UFE9PQ==,D:\github\exoneracoes_nomeacoes_dou\LAKE\RJ\2015\12\DOERJ_PARTE_I_PODER_EXECUTIVO_2015-12-08.md
RJ,Diario Oficial do Estado do Rio de Janeiro,2015-12-08,Parte I (Poder Executivo),nomeacao,JOÃO DANIEL SANTOS FERREIRA,,,Secretario,5,Wilson Jose Witzel - Governador,Wilson Jose Witzel,Executivo estadual,sim,JOÃO DANIEL:MISC|João Daniel Santos Ferreira:PER,sim,,,"NOMEAR JOÃO DANIEL SANTOS FERREIRA para exercer, com validade a contar de 01 de dezembro de 2015, o cargo em comissão de Ajudante I, símbolo DAI-1, da",https://www.ioerj.com.br/portal/modules/conteudoonline/mostra_edicao.php?session=VFZSUk0wMUVSa1ZOVkdOMFVtdGFRMUpwTURCUFZHY3dURlZKZVU5VlJYUk5ha2t4VVZSU1JFOUZTVEZTYTBVelRWUmpNMDlFVlhsUFZGVXhUa0U5UFE9PQ==,D:\github\exoneracoes_nomeacoes_dou\LAKE\RJ\2015\12\DOERJ_PARTE_I_PODER_EXECUTIVO_2015-12-08.md
RJ,Diario Oficial do Estado do Rio de Janeiro,2015-12-08,Parte I (Poder Executivo),nomeacao,JOHNATAN MORAIS MONTEIRO,,,Secretario,5,Wilson Jose Witzel - Governador,Wilson Jose Witzel,Executivo estadual,sim,JOHNATAN MORAIS MONTEIRO:PER,sim,,,"NOMEAR JOHNATAN MORAIS MONTEIRO para exercer, com validade a contar de 01 de dezembro de 2015, o cargo em comissão de Ajudante I, símbolo DAI-1, da",https://www.ioerj.com.br/portal/modules/conteudoonline/mostra_edicao.php?session=VFZSUk0wMUVSa1ZOVkdOMFVtdGFRMUpwTURCUFZHY3dURlZKZVU5VlJYUk5ha2t4VVZSU1JFOUZTVEZTYTBVelRWUmpNMDlFVlhsUFZGVXhUa0U5UFE9PQ==,D:\github\exoneracoes_nomeacoes_dou\LAKE\RJ\2015\12\DOERJ_PARTE_I_PODER_EXECUTIVO_2015-12-08.md
RJ,Diario Oficial do Estado do Rio de Janeiro,2015-12-08,Parte I (Poder Executivo),nomeacao,JONATAN FERREIRA DE SOUZA TELES,,,Secretario,5,Wilson Jose Witzel - Governador,Wilson Jose Witzel,Executivo estadual,sim,JONATAN FERREIRA DE SOUZA TELES:MISC|Jonatan Ferreira De Souza Teles:PER,sim,,,"NOMEAR JONATAN FERREIRA DE SOUZA TELES para exercer, com validade a contar de 01 de dezembro de 2015, o cargo em comissão de Ajudante I, símbolo DAI-1, da",https://www.ioerj.com.br/portal/modules/conteudoonline/mostra_edicao.php?session=VFZSUk0wMUVSa1ZOVkdOMFVtdGFRMUpwTURCUFZHY3dURlZKZVU5VlJYUk5ha2t4VVZSU1JFOUZTVEZTYTBVelRWUmpNMDlFVlhsUFZGVXhUa0U5UFE9PQ==,D:\github\exoneracoes_nomeacoes_dou\LAKE\RJ\2015\12\DOERJ_PARTE_I_PODER_EXECUTIVO_2015-12-08.md
RJ,Diario Oficial do Estado do Rio de Janeiro,2015-12-08,Parte I (Poder Executivo),nomeacao,JONATHAN GONÇALVES,,,Secretario,5,Wilson Jose Witzel - Governador,Wilson Jose Witzel,Executivo estadual,sim,JONATHAN GONÇALVES:PER,sim,,,"NOMEAR JONATHAN GONÇALVES para exercer, com validade a contar de 01 de dezembro de 2015, o cargo em comissão de Ajudante I, símbolo DAI-1, da",https://www.ioerj.com.br/portal/modules/conteudoonline/mostra_edicao.php?session=VFZSUk0wMUVSa1ZOVkdOMFVtdGFRMUpwTURCUFZHY3dURlZKZVU5VlJYUk5ha2t4VVZSU1JFOUZTVEZTYTBVelRWUmpNMDlFVlhsUFZGVXhUa0U5UFE9PQ==,D:\github\exoneracoes_nomeacoes_dou\LAKE\RJ\2015\12\DOERJ_PARTE_I_PODER_EXECUTIVO_2015-12-08.md
RJ,Diario Oficial do Estado do Rio de Janeiro,2015-12-08,Parte I (Poder Executivo),nomeacao,JONATHAN JORGE CIRILA GOMES,,,Secretario,5,Wilson Jose Witzel - Governador,Wilson Jose Witzel,Executivo estadual,sim,Jonathan Jorge Cirila Gomes:PER,sim,,,"NOMEAR JONATHAN JORGE CIRILA GOMES para exercer, com validade a contar de 01 de dezembro de 2015, o cargo em comissão de Ajudante I, símbolo DAI-1, da",https://www.ioerj.com.br/portal/modules/conteudoonline/mostra_edicao.php?session=VFZSUk0wMUVSa1ZOVkdOMFVtdGFRMUpwTURCUFZHY3dURlZKZVU5VlJYUk5ha2t4VVZSU1JFOUZTVEZTYTBVelRWUmpNMDlFVlhsUFZGVXhUa0U5UFE9PQ==,D:\github\exoneracoes_nomeacoes_dou\LAKE\RJ\2015\12\DOERJ_PARTE_I_PODER_EXECUTIVO_2015-12-08.md
RJ,Diario Oficial do Estado do Rio de Janeiro,2015-12-08,Parte I (Poder Executivo),nomeacao,JORGE EDUARDO MACHADO DE SANTANA,,,Secretario,5,Wilson Jose Witzel - Governador,Wilson Jose Witzel,Executivo estadual,sim,JORGE EDUARDO MACHADO DE SANTANA:PER,sim,,,"NOMEAR JORGE EDUARDO MACHADO DE SANTANA para exercer, com validade a contar de 01 de dezembro de 2015, o cargo em comissão de Ajudante I, símbolo DAI-1, da",https://www.ioerj.com.br/portal/modules/conteudoonline/mostra_edicao.php?session=VFZSUk0wMUVSa1ZOVkdOMFVtdGFRMUpwTURCUFZHY3dURlZKZVU5VlJYUk5ha2t4VVZSU1JFOUZTVEZTYTBVelRWUmpNMDlFVlhsUFZGVXhUa0U5UFE9PQ==,D:\github\exoneracoes_nomeacoes_dou\LAKE\RJ\2015\12\DOERJ_PARTE_I_PODER_EXECUTIVO_2015-12-08.md
RJ,Diario Oficial do Estado do Rio de Janeiro,2015-12-08,Parte I (Poder Executivo),nomeacao,JORGE LUIZ SOBRINHO DE CASTRO,,,Secretario,5,Wilson Jose Witzel - Governador,Wilson Jose Witzel,Executivo estadual,sim,JORGE LUIZ:PER,sim,,,"NOMEAR JORGE LUIZ SOBRINHO DE CASTRO para exercer, com validade a contar de 01 de dezembro de 2015, o cargo em comissão de Ajudante I, símbolo DAI-1, da",https://www.ioerj.com.br/portal/modules/conteudoonline/mostra_edicao.php?session=VFZSUk0wMUVSa1ZOVkdOMFVtdGFRMUpwTURCUFZHY3dURlZKZVU5VlJYUk5ha2t4VVZSU1JFOUZTVEZTYTBVelRWUmpNMDlFVlhsUFZGVXhUa0U5UFE9PQ==,D:\github\exoneracoes_nomeacoes_dou\LAKE\RJ\2015\12\DOERJ_PARTE_I_PODER_EXECUTIVO_2015-12-08.md
RJ,Diario Oficial do Estado do Rio de Janeiro,2015-12-08,Parte I (Poder Executivo),nomeacao,JORGE MANOEL DE OLIVEIRA JUNIOR,,,Secretario,5,Wilson Jose Witzel - Governador,Wilson Jose Witzel,Executivo estadual,sim,JORGE MANOEL DE OLIVEIRA JUNIOR:PER,sim,,,"NOMEAR JORGE MANOEL DE OLIVEIRA JUNIOR para exercer, com validade a contar de 01 de dezembro de 2015, o cargo em comissão de Ajudante I, símbolo DAI-1, de da",https://www.ioerj.com.br/portal/modules/conteudoonline/mostra_edicao.php?session=VFZSUk0wMUVSa1ZOVkdOMFVtdGFRMUpwTURCUFZHY3dURlZKZVU5VlJYUk5ha2t4VVZSU1JFOUZTVEZTYTBVelRWUmpNMDlFVlhsUFZGVXhUa0U5UFE9PQ==,D:\github\exoneracoes_nomeacoes_dou\LAKE\RJ\2015\12\DOERJ_PARTE_I_PODER_EXECUTIVO_2015-12-08.md
RJ,Diario Oficial do Estado do Rio de Janeiro,2015-12-08,Parte I (Poder Executivo),nomeacao,JUACI BARBOSA DOS SANTOS,,,Secretario,5,Wilson Jose Witzel - Governador,Wilson Jose Witzel,Executivo estadual,sim,JUACI:ORG|DOS SANTOS:MISC|Juaci Barbosa Dos Santos:PER,sim,,,"NOMEAR JUACI BARBOSA DOS SANTOS para exercer, com validade a contar de 01 de dezembro de 2015, o cargo em comissão de Ajudante I, símbolo DAI-1, da",https://www.ioerj.com.br/portal/modules/conteudoonline/mostra_edicao.php?session=VFZSUk0wMUVSa1ZOVkdOMFVtdGFRMUpwTURCUFZHY3dURlZKZVU5VlJYUk5ha2t4VVZSU1JFOUZTVEZTYTBVelRWUmpNMDlFVlhsUFZGVXhUa0U5UFE9PQ==,D:\github\exoneracoes_nomeacoes_dou\LAKE\RJ\2015\12\DOERJ_PARTE_I_PODER_EXECUTIVO_2015-12-08.md
RJ,Diario Oficial do Estado do Rio de Janeiro,2015-12-08,Parte I (Poder Executivo),nomeacao,LEANDRO FRUTUOSO DE ANDRADE SILVA,,,Secretario,5,Wilson Jose Witzel - Governador,Wilson Jose Witzel,Executivo estadual,sim,LEANDRO FRUTUOSO DE ANDRADE:LOC|Leandro Frutuoso:PER,sim,,,"NOMEAR LEANDRO FRUTUOSO DE ANDRADE SILVA para exercer, com validade a contar de 01 de dezembro de 2015, o cargo em comissão de Ajudante I, símbolo DAI-1, da",https://www.ioerj.com.br/portal/modules/conteudoonline/mostra_edicao.php?session=VFZSUk0wMUVSa1ZOVkdOMFVtdGFRMUpwTURCUFZHY3dURlZKZVU5VlJYUk5ha2t4VVZSU1JFOUZTVEZTYTBVelRWUmpNMDlFVlhsUFZGVXhUa0U5UFE9PQ==,D:\github\exoneracoes_nomeacoes_dou\LAKE\RJ\2015\12\DOERJ_PARTE_I_PODER_EXECUTIVO_2015-12-08.md
RJ,Diario Oficial do Estado do Rio de Janeiro,2015-12-08,Parte I (Poder Executivo),nomeacao,LEONARDO MARTINS DIAS CORRÊA,,,Secretario,5,Wilson Jose Witzel - Governador,Wilson Jose Witzel,Executivo estadual,sim,LEONARDO MARTINS DIAS CORRÊA:PER,sim,,,"NOMEAR LEONARDO MARTINS DIAS CORRÊA para exercer, com validade a contar de 01 de dezembro de 2015, o cargo em comissão de Ajudante I, símbolo DAI-1, da",https://www.ioerj.com.br/portal/modules/conteudoonline/mostra_edicao.php?session=VFZSUk0wMUVSa1ZOVkdOMFVtdGFRMUpwTURCUFZHY3dURlZKZVU5VlJYUk5ha2t4VVZSU1JFOUZTVEZTYTBVelRWUmpNMDlFVlhsUFZGVXhUa0U5UFE9PQ==,D:\github\exoneracoes_nomeacoes_dou\LAKE\RJ\2015\12\DOERJ_PARTE_I_PODER_EXECUTIVO_2015-12-08.md
RJ,Diario Oficial do Estado do Rio de Janeiro,2015-12-08,Parte I (Poder Executivo),nomeacao,LEONARDO ROCHA DA SILVA DINIZ,,,Secretario,5,Wilson Jose Witzel - Governador,Wilson Jose Witzel,Executivo estadual,sim,LEONARDO ROCHA DA SILVA DINIZ:PER,sim,,,"NOMEAR LEONARDO ROCHA DA SILVA DINIZ para exercer, com validade a contar de 01 de dezembro de 2015, o cargo em comissão de Ajudante I, símbolo DAI-1, da",https://www.ioerj.com.br/portal/modules/conteudoonline/mostra_edicao.php?session=VFZSUk0wMUVSa1ZOVkdOMFVtdGFRMUpwTURCUFZHY3dURlZKZVU5VlJYUk5ha2t4VVZSU1JFOUZTVEZTYTBVelRWUmpNMDlFVlhsUFZGVXhUa0U5UFE9PQ==,D:\github\exoneracoes_nomeacoes_dou\LAKE\RJ\2015\12\DOERJ_PARTE_I_PODER_EXECUTIVO_2015-12-08.md
RJ,Diario Oficial do Estado do Rio de Janeiro,2015-12-08,Parte I (Poder Executivo),nomeacao,LEONARDO VITOR PROENÇA SOARES,,,Secretario,5,Wilson Jose Witzel - Governador,Wilson Jose Witzel,Executivo estadual,sim,LEONARDO VITOR PROENÇA:PER,sim,,,"NOMEAR LEONARDO VITOR PROENÇA SOARES para exercer, com validade a contar de 01 de dezembro de 2015, o cargo em comissão de Ajudante I, símbolo DAI-1, da",https://www.ioerj.com.br/portal/modules/conteudoonline/mostra_edicao.php?session=VFZSUk0wMUVSa1ZOVkdOMFVtdGFRMUpwTURCUFZHY3dURlZKZVU5VlJYUk5ha2t4VVZSU1JFOUZTVEZTYTBVelRWUmpNMDlFVlhsUFZGVXhUa0U5UFE9PQ==,D:\github\exoneracoes_nomeacoes_dou\LAKE\RJ\2015\12\DOERJ_PARTE_I_PODER_EXECUTIVO_2015-12-08.md
RJ,Diario Oficial do Estado do Rio de Janeiro,2015-12-08,Parte I (Poder Executivo),nomeacao,LIELSON DA SILVA ANDRADE,,,Secretario,5,Wilson Jose Witzel - Governador,Wilson Jose Witzel,Executivo estadual,sim,LIELSON DA SILVA ANDRADE:PER,sim,,,"NOMEAR LIELSON DA SILVA ANDRADE para exercer, com validade a contar de 01 de dezembro de 2015, o cargo em comissão de Ajudante I, símbolo DAI-1, da",https://www.ioerj.com.br/portal/modules/conteudoonline/mostra_edicao.php?session=VFZSUk0wMUVSa1ZOVkdOMFVtdGFRMUpwTURCUFZHY3dURlZKZVU5VlJYUk5ha2t4VVZSU1JFOUZTVEZTYTBVelRWUmpNMDlFVlhsUFZGVXhUa0U5UFE9PQ==,D:\github\exoneracoes_nomeacoes_dou\LAKE\RJ\2015\12\DOERJ_PARTE_I_PODER_EXECUTIVO_2015-12-08.md
RJ,Diario Oficial do Estado do Rio de Janeiro,2015-12-08,Parte I (Poder Executivo),nomeacao,LINCOLN LUIS VASCONCELLOS DOS ANJOS,,,Secretario,5,Wilson Jose Witzel - Governador,Wilson Jose Witzel,Executivo estadual,sim,LINCOLN LUIS VASCONCELLOS:PER,sim,,,"NOMEAR LINCOLN LUIS VASCONCELLOS DOS ANJOS para exercer, com validade a contar de 01 de dezembro de 2015, o cargo em comissão de Ajudante I, símbolo DAI-1, da",https://www.ioerj.com.br/portal/modules/conteudoonline/mostra_edicao.php?session=VFZSUk0wMUVSa1ZOVkdOMFVtdGFRMUpwTURCUFZHY3dURlZKZVU5VlJYUk5ha2t4VVZSU1JFOUZTVEZTYTBVelRWUmpNMDlFVlhsUFZGVXhUa0U5UFE9PQ==,D:\github\exoneracoes_nomeacoes_dou\LAKE\RJ\2015\12\DOERJ_PARTE_I_PODER_EXECUTIVO_2015-12-08.md
RJ,Diario Oficial do Estado do Rio de Janeiro,2015-12-08,Parte I (Poder Executivo),nomeacao,LUCAS DOS SANTOS DE CARVALHO,,,Secretario,5,Wilson Jose Witzel - Governador,Wilson Jose Witzel,Executivo estadual,sim,LUCAS:MISC|Lucas Dos Santos De Carvalho:PER,sim,,,"NOMEAR LUCAS DOS SANTOS DE CARVALHO para exercer, com validade a contar de 01 de dezembro de 2015, o cargo em comissão de Ajudante I, símbolo DAI-1, da",https://www.ioerj.com.br/portal/modules/conteudoonline/mostra_edicao.php?session=VFZSUk0wMUVSa1ZOVkdOMFVtdGFRMUpwTURCUFZHY3dURlZKZVU5VlJYUk5ha2t4VVZSU1JFOUZTVEZTYTBVelRWUmpNMDlFVlhsUFZGVXhUa0U5UFE9PQ==,D:\github\exoneracoes_nomeacoes_dou\LAKE\RJ\2015\12\DOERJ_PARTE_I_PODER_EXECUTIVO_2015-12-08.md
RJ,Diario Oficial do Estado do Rio de Janeiro,2015-12-08,Parte I (Poder Executivo),nomeacao,LUCIANO CUNHA MARTINS,,,Secretario,5,Wilson Jose Witzel - Governador,Wilson Jose Witzel,Executivo estadual,sim,LUCIANO CUNHA MARTINS:MISC|Luciano Cunha Martins:PER,sim,,,"NOMEAR LUCIANO CUNHA MARTINS para exercer, com validade a contar de 01 de dezembro de 2015, o cargo em comissão de Ajudante I, símbolo DAI-1, da",https://www.ioerj.com.br/portal/modules/conteudoonline/mostra_edicao.php?session=VFZSUk0wMUVSa1ZOVkdOMFVtdGFRMUpwTURCUFZHY3dURlZKZVU5VlJYUk5ha2t4VVZSU1JFOUZTVEZTYTBVelRWUmpNMDlFVlhsUFZGVXhUa0U5UFE9PQ==,D:\github\exoneracoes_nomeacoes_dou\LAKE\RJ\2015\12\DOERJ_PARTE_I_PODER_EXECUTIVO_2015-12-08.md
RJ,Diario Oficial do Estado do Rio de Janeiro,2015-12-08,Parte I (Poder Executivo),nomeacao,LUCK LUCIANO PEREIRA NETTO,,,Secretario,5,Wilson Jose Witzel - Governador,Wilson Jose Witzel,Executivo estadual,sim,LUCK LUCIANO:PER,sim,,,"NOMEAR LUCK LUCIANO PEREIRA NETTO para exercer, com validade a contar de 01 de dezembro de 2015, o cargo em comissão de Ajudante I, símbolo DAI-1, da",https://www.ioerj.com.br/portal/modules/conteudoonline/mostra_edicao.php?session=VFZSUk0wMUVSa1ZOVkdOMFVtdGFRMUpwTURCUFZHY3dURlZKZVU5VlJYUk5ha2t4VVZSU1JFOUZTVEZTYTBVelRWUmpNMDlFVlhsUFZGVXhUa0U5UFE9PQ==,D:\github\exoneracoes_nomeacoes_dou\LAKE\RJ\2015\12\DOERJ_PARTE_I_PODER_EXECUTIVO_2015-12-08.md
RJ,Diario Oficial do Estado do Rio de Janeiro,2015-12-08,Parte I (Poder Executivo),nomeacao,LUIZ CARLOS DIEGO FAIDEL GALVÃO,,,Secretario,5,Wilson Jose Witzel - Governador,Wilson Jose Witzel,Executivo estadual,sim,LUIZ CARLOS DIEGO FAIDEL:PER,sim,,,"NOMEAR LUIZ CARLOS DIEGO FAIDEL GALVÃO para exercer, com validade a contar de 01 de dezembro de 2015, o cargo em comissão de Ajudante I, símbolo DAI-1, da",https://www.ioerj.com.br/portal/modules/conteudoonline/mostra_edicao.php?session=VFZSUk0wMUVSa1ZOVkdOMFVtdGFRMUpwTURCUFZHY3dURlZKZVU5VlJYUk5ha2t4VVZSU1JFOUZTVEZTYTBVelRWUmpNMDlFVlhsUFZGVXhUa0U5UFE9PQ==,D:\github\exoneracoes_nomeacoes_dou\LAKE\RJ\2015\12\DOERJ_PARTE_I_PODER_EXECUTIVO_2015-12-08.md
RJ,Diario Oficial do Estado do Rio de Janeiro,2015-12-08,Parte I (Poder Executivo),nomeacao,LUIZ CARLOS IGNÁCIO PEREIRA,,,Secretario,5,Wilson Jose Witzel - Governador,Wilson Jose Witzel,Executivo estadual,sim,LUIZ CARLOS IGNÁCIO PEREIRA:PER,sim,,,"NOMEAR LUIZ CARLOS IGNÁCIO PEREIRA para exercer, com validade a contar de 01 de dezembro de 2015, o cargo em comissão de Ajudante I, símbolo DAI-1, da",https://www.ioerj.com.br/portal/modules/conteudoonline/mostra_edicao.php?session=VFZSUk0wMUVSa1ZOVkdOMFVtdGFRMUpwTURCUFZHY3dURlZKZVU5VlJYUk5ha2t4VVZSU1JFOUZTVEZTYTBVelRWUmpNMDlFVlhsUFZGVXhUa0U5UFE9PQ==,D:\github\exoneracoes_nomeacoes_dou\LAKE\RJ\2015\12\DOERJ_PARTE_I_PODER_EXECUTIVO_2015-12-08.md
RJ,Diario Oficial do Estado do Rio de Janeiro,2015-12-08,Parte I (Poder Executivo),nomeacao,LUIZ FERNANDO COSTA PEREIRA,,,Secretario,5,Wilson Jose Witzel - Governador,Wilson Jose Witzel,Executivo estadual,sim,LUIZ FERNANDO COSTA PEREIRA:PER,sim,,,"NOMEAR LUIZ FERNANDO COSTA PEREIRA para exercer, com validade a contar de 01 de dezembro de 2015, o cargo em comissão de Ajudante I, símbolo DAI-1, da",https://www.ioerj.com.br/portal/modules/conteudoonline/mostra_edicao.php?session=VFZSUk0wMUVSa1ZOVkdOMFVtdGFRMUpwTURCUFZHY3dURlZKZVU5VlJYUk5ha2t4VVZSU1JFOUZTVEZTYTBVelRWUmpNMDlFVlhsUFZGVXhUa0U5UFE9PQ==,D:\github\exoneracoes_nomeacoes_dou\LAKE\RJ\2015\12\DOERJ_PARTE_I_PODER_EXECUTIVO_2015-12-08.md
RJ,Diario Oficial do Estado do Rio de Janeiro,2015-12-08,Parte I (Poder Executivo),nomeacao,LUIZ GUILHERME DE OLIVEIRA,,,Secretario,5,Wilson Jose Witzel - Governador,Wilson Jose Witzel,Executivo estadual,sim,LUIZ GUILHERME DE OLIVEIRA:PER,sim,,,"NOMEAR LUIZ GUILHERME DE OLIVEIRA para exercer, com validade a contar de 01 de dezembro de 2015, o cargo em comissão de Ajudante I, símbolo DAI-1, da",https://www.ioerj.com.br/portal/modules/conteudoonline/mostra_edicao.php?session=VFZSUk0wMUVSa1ZOVkdOMFVtdGFRMUpwTURCUFZHY3dURlZKZVU5VlJYUk5ha2t4VVZSU1JFOUZTVEZTYTBVelRWUmpNMDlFVlhsUFZGVXhUa0U5UFE9PQ==,D:\github\exoneracoes_nomeacoes_dou\LAKE\RJ\2015\12\DOERJ_PARTE_I_PODER_EXECUTIVO_2015-12-08.md
RJ,Diario Oficial do Estado do Rio de Janeiro,2015-12-08,Parte I (Poder Executivo),nomeacao,MAGNO DE DEUS FARIAS COUTINHO,,,Secretario,5,Wilson Jose Witzel - Governador,Wilson Jose Witzel,Executivo estadual,sim,MAGNO DE DEUS:MISC|Magno De Deus Farias Coutinho:PER,sim,,,"NOMEAR MAGNO DE DEUS FARIAS COUTINHO para exercer, com validade a contar de 01 de dezembro de 2015, o cargo em comissão de Ajudante I, símbolo DAI-1, da",https://www.ioerj.com.br/portal/modules/conteudoonline/mostra_edicao.php?session=VFZSUk0wMUVSa1ZOVkdOMFVtdGFRMUpwTURCUFZHY3dURlZKZVU5VlJYUk5ha2t4VVZSU1JFOUZTVEZTYTBVelRWUmpNMDlFVlhsUFZGVXhUa0U5UFE9PQ==,D:\github\exoneracoes_nomeacoes_dou\LAKE\RJ\2015\12\DOERJ_PARTE_I_PODER_EXECUTIVO_2015-12-08.md
RJ,Diario Oficial do Estado do Rio de Janeiro,2015-12-08,Parte I (Poder Executivo),nomeacao,MARCIO ANDERSON DE SOUZA LOPES JUNIOR,,,Secretario,5,Wilson Jose Witzel - Governador,Wilson Jose Witzel,Executivo estadual,sim,MARCIO ANDERSON DE SOUZA LOPES JUNIOR:MISC|Marcio Anderson De Souza Lopes Junior:PER,sim,,,"NOMEAR MARCIO ANDERSON DE SOUZA LOPES JUNIOR para exercer, com validade a contar de 01 de dezembro de 2015, o cargo em comissão de Ajudante I, símbolo DAI-1, da",https://www.ioerj.com.br/portal/modules/conteudoonline/mostra_edicao.php?session=VFZSUk0wMUVSa1ZOVkdOMFVtdGFRMUpwTURCUFZHY3dURlZKZVU5VlJYUk5ha2t4VVZSU1JFOUZTVEZTYTBVelRWUmpNMDlFVlhsUFZGVXhUa0U5UFE9PQ==,D:\github\exoneracoes_nomeacoes_dou\LAKE\RJ\2015\12\DOERJ_PARTE_I_PODER_EXECUTIVO_2015-12-08.md
RJ,Diario Oficial do Estado do Rio de Janeiro,2015-12-08,Parte I (Poder Executivo),nomeacao,MARCO AURELIO TRINDADE DA SILVA,,,Secretario,5,Wilson Jose Witzel - Governador,Wilson Jose Witzel,Executivo estadual,sim,MARCO AURELIO:MISC|Marco Aurelio Trindade Da Silva:PER,sim,,,"NOMEAR MARCO AURELIO TRINDADE DA SILVA para exercer, com validade a contar de 01 de dezembro de 2015, o cargo em comissão de Ajudante I, símbolo DAI-1, da",https://www.ioerj.com.br/portal/modules/conteudoonline/mostra_edicao.php?session=VFZSUk0wMUVSa1ZOVkdOMFVtdGFRMUpwTURCUFZHY3dURlZKZVU5VlJYUk5ha2t4VVZSU1JFOUZTVEZTYTBVelRWUmpNMDlFVlhsUFZGVXhUa0U5UFE9PQ==,D:\github\exoneracoes_nomeacoes_dou\LAKE\RJ\2015\12\DOERJ_PARTE_I_PODER_EXECUTIVO_2015-12-08.md
RJ,Diario Oficial do Estado do Rio de Janeiro,2015-12-08,Parte I (Poder Executivo),nomeacao,MARCUS VINICIUS MARTINS DE SOUZA,,,Secretario,5,Wilson Jose Witzel - Governador,Wilson Jose Witzel,Executivo estadual,sim,MARCUS VINICIUS MARTINS DE SOUZA:PER,sim,,,"NOMEAR MARCUS VINICIUS MARTINS DE SOUZA para exercer, com validade a contar de 01 de dezembro de 2015, o cargo em comissão de Ajudante I, símbolo DAI-1, da",https://www.ioerj.com.br/portal/modules/conteudoonline/mostra_edicao.php?session=VFZSUk0wMUVSa1ZOVkdOMFVtdGFRMUpwTURCUFZHY3dURlZKZVU5VlJYUk5ha2t4VVZSU1JFOUZTVEZTYTBVelRWUmpNMDlFVlhsUFZGVXhUa0U5UFE9PQ==,D:\github\exoneracoes_nomeacoes_dou\LAKE\RJ\2015\12\DOERJ_PARTE_I_PODER_EXECUTIVO_2015-12-08.md
RJ,Diario Oficial do Estado do Rio de Janeiro,2015-12-08,Parte I (Poder Executivo),nomeacao,MARCUS VINICIUS MORAIS VEIGA,,,Secretario,5,Wilson Jose Witzel - Governador,Wilson Jose Witzel,Executivo estadual,sim,MARCUS VINICIUS MORAIS VEIGA:PER,sim,,,"NOMEAR MARCUS VINICIUS MORAIS VEIGA para exercer, com validade a contar de 01 de dezembro de 2015, o cargo em comissão de Ajudante I, símbolo DAI-1, da",https://www.ioerj.com.br/portal/modules/conteudoonline/mostra_edicao.php?session=VFZSUk0wMUVSa1ZOVkdOMFVtdGFRMUpwTURCUFZHY3dURlZKZVU5VlJYUk5ha2t4VVZSU1JFOUZTVEZTYTBVelRWUmpNMDlFVlhsUFZGVXhUa0U5UFE9PQ==,D:\github\exoneracoes_nomeacoes_dou\LAKE\RJ\2015\12\DOERJ_PARTE_I_PODER_EXECUTIVO_2015-12-08.md
RJ,Diario Oficial do Estado do Rio de Janeiro,2015-12-08,Parte I (Poder Executivo),nomeacao,MATHEUS FIGUEIREDO MORAIS DE MARINS,,,Secretario,5,Wilson Jose Witzel - Governador,Wilson Jose Witzel,Executivo estadual,sim,MATHEUS FIGUEIREDO MORAIS DE MARINS:PER,sim,,,"NOMEAR MATHEUS FIGUEIREDO MORAIS DE MARINS para exercer, com validade a contar de 01 de dezembro de 2015, o cargo em comissão de Ajudante I, símbolo DAI-1, da",https://www.ioerj.com.br/portal/modules/conteudoonline/mostra_edicao.php?session=VFZSUk0wMUVSa1ZOVkdOMFVtdGFRMUpwTURCUFZHY3dURlZKZVU5VlJYUk5ha2t4VVZSU1JFOUZTVEZTYTBVelRWUmpNMDlFVlhsUFZGVXhUa0U5UFE9PQ==,D:\github\exoneracoes_nomeacoes_dou\LAKE\RJ\2015\12\DOERJ_PARTE_I_PODER_EXECUTIVO_2015-12-08.md
RJ,Diario Oficial do Estado do Rio de Janeiro,2015-12-08,Parte I (Poder Executivo),nomeacao,MAURO VINICIUS PINHEIRO NOGUEIRA,,,Secretario,5,Wilson Jose Witzel - Governador,Wilson Jose Witzel,Executivo estadual,sim,MAURO VINICIUS PINHEIRO NOGUEIRA:MISC|Mauro Vinicius Pinheiro Nogueira:PER,sim,,,"NOMEAR MAURO VINICIUS PINHEIRO NOGUEIRA para exercer, com validade a contar de 01 de dezembro de 2015, o cargo em comissão de Ajudante I, símbolo DAI-1, da",https://www.ioerj.com.br/portal/modules/conteudoonline/mostra_edicao.php?session=VFZSUk0wMUVSa1ZOVkdOMFVtdGFRMUpwTURCUFZHY3dURlZKZVU5VlJYUk5ha2t4VVZSU1JFOUZTVEZTYTBVelRWUmpNMDlFVlhsUFZGVXhUa0U5UFE9PQ==,D:\github\exoneracoes_nomeacoes_dou\LAKE\RJ\2015\12\DOERJ_PARTE_I_PODER_EXECUTIVO_2015-12-08.md
RJ,Diario Oficial do Estado do Rio de Janeiro,2015-12-08,Parte I (Poder Executivo),nomeacao,NATAN DOS SANTOS MOREIRA,,,Secretario,5,Wilson Jose Witzel - Governador,Wilson Jose Witzel,Executivo estadual,sim,NATAN:ORG|SANTOS MOREIRA:MISC|Natan Dos Santos Moreira:PER,sim,,,"NOMEAR NATAN DOS SANTOS MOREIRA para exercer, com validade a contar de 01 de dezembro de 2015, o cargo em comissão de Ajudante I, símbolo DAI-1, da",https://www.ioerj.com.br/portal/modules/conteudoonline/mostra_edicao.php?session=VFZSUk0wMUVSa1ZOVkdOMFVtdGFRMUpwTURCUFZHY3dURlZKZVU5VlJYUk5ha2t4VVZSU1JFOUZTVEZTYTBVelRWUmpNMDlFVlhsUFZGVXhUa0U5UFE9PQ==,D:\github\exoneracoes_nomeacoes_dou\LAKE\RJ\2015\12\DOERJ_PARTE_I_PODER_EXECUTIVO_2015-12-08.md
RJ,Diario Oficial do Estado do Rio de Janeiro,2015-12-08,Parte I (Poder Executivo),nomeacao,NEWTON COELHO MIRANDA,,,Secretario,5,Wilson Jose Witzel - Governador,Wilson Jose Witzel,Executivo estadual,sim,NEWTON COELHO MIRANDA:PER,sim,,,"NOMEAR NEWTON COELHO MIRANDA para exercer, com validade a contar de 01 de dezembro de 2015, o cargo em comissão de Ajudante I, símbolo DAI-1, da",https://www.ioerj.com.br/portal/modules/conteudoonline/mostra_edicao.php?session=VFZSUk0wMUVSa1ZOVkdOMFVtdGFRMUpwTURCUFZHY3dURlZKZVU5VlJYUk5ha2t4VVZSU1JFOUZTVEZTYTBVelRWUmpNMDlFVlhsUFZGVXhUa0U5UFE9PQ==,D:\github\exoneracoes_nomeacoes_dou\LAKE\RJ\2015\12\DOERJ_PARTE_I_PODER_EXECUTIVO_2015-12-08.md
RJ,Diario Oficial do Estado do Rio de Janeiro,2015-12-08,Parte I (Poder Executivo),nomeacao,NILDON SOARES DA SILVA,,,Secretario,5,Wilson Jose Witzel - Governador,Wilson Jose Witzel,Executivo estadual,sim,NILDON:LOC|Nildon Soares:PER,sim,,,"NOMEAR NILDON SOARES DA SILVA para exercer, com validade a contar de 01 de dezembro de 2015, o cargo em comissão de Ajudante I, símbolo DAI-1, da",https://www.ioerj.com.br/portal/modules/conteudoonline/mostra_edicao.php?session=VFZSUk0wMUVSa1ZOVkdOMFVtdGFRMUpwTURCUFZHY3dURlZKZVU5VlJYUk5ha2t4VVZSU1JFOUZTVEZTYTBVelRWUmpNMDlFVlhsUFZGVXhUa0U5UFE9PQ==,D:\github\exoneracoes_nomeacoes_dou\LAKE\RJ\2015\12\DOERJ_PARTE_I_PODER_EXECUTIVO_2015-12-08.md
RJ,Diario Oficial do Estado do Rio de Janeiro,2015-12-08,Parte I (Poder Executivo),nomeacao,PATRICK CORREA NASCIMENTO DE ARAÚJO,,,Secretario,5,Wilson Jose Witzel - Governador,Wilson Jose Witzel,Executivo estadual,sim,PATRICK CORREA NASCIMENTO:PER,sim,,,"NOMEAR PATRICK CORREA NASCIMENTO DE ARAÚJO para exercer, com validade a contar de 01 de dezembro de 2015, o cargo em comissão de Ajudante I, símbolo DAI-1, da",https://www.ioerj.com.br/portal/modules/conteudoonline/mostra_edicao.php?session=VFZSUk0wMUVSa1ZOVkdOMFVtdGFRMUpwTURCUFZHY3dURlZKZVU5VlJYUk5ha2t4VVZSU1JFOUZTVEZTYTBVelRWUmpNMDlFVlhsUFZGVXhUa0U5UFE9PQ==,D:\github\exoneracoes_nomeacoes_dou\LAKE\RJ\2015\12\DOERJ_PARTE_I_PODER_EXECUTIVO_2015-12-08.md
RJ,Diario Oficial do Estado do Rio de Janeiro,2015-12-08,Parte I (Poder Executivo),nomeacao,PAULO DANIEL VIEIRA ASTROLÁBIO DOS SANTOS,,,Secretario,5,Wilson Jose Witzel - Governador,Wilson Jose Witzel,Executivo estadual,sim,SANTOS:ORG|Paulo Daniel Vieira Astrolábio Dos Santos:PER,sim,,,"NOMEAR PAULO DANIEL VIEIRA ASTROLÁBIO DOS SANTOS para exercer, com validade a contar de 01 de dezembro de 2015, o cargo em comissão de Ajudante I, símbolo DAI-1, da",https://www.ioerj.com.br/portal/modules/conteudoonline/mostra_edicao.php?session=VFZSUk0wMUVSa1ZOVkdOMFVtdGFRMUpwTURCUFZHY3dURlZKZVU5VlJYUk5ha2t4VVZSU1JFOUZTVEZTYTBVelRWUmpNMDlFVlhsUFZGVXhUa0U5UFE9PQ==,D:\github\exoneracoes_nomeacoes_dou\LAKE\RJ\2015\12\DOERJ_PARTE_I_PODER_EXECUTIVO_2015-12-08.md
RJ,Diario Oficial do Estado do Rio de Janeiro,2015-12-08,Parte I (Poder Executivo),nomeacao,RAFAEL BORGES SOCODATO,,,Secretario,5,Wilson Jose Witzel - Governador,Wilson Jose Witzel,Executivo estadual,sim,Rafael Borges Socodato:PER,sim,,,"NOMEAR RAFAEL BORGES SOCODATO para exercer, com validade a contar de 01 de dezembro de 2015, o cargo em comissão de Ajudante I, símbolo DAI-1, da",https://www.ioerj.com.br/portal/modules/conteudoonline/mostra_edicao.php?session=VFZSUk0wMUVSa1ZOVkdOMFVtdGFRMUpwTURCUFZHY3dURlZKZVU5VlJYUk5ha2t4VVZSU1JFOUZTVEZTYTBVelRWUmpNMDlFVlhsUFZGVXhUa0U5UFE9PQ==,D:\github\exoneracoes_nomeacoes_dou\LAKE\RJ\2015\12\DOERJ_PARTE_I_PODER_EXECUTIVO_2015-12-08.md
RJ,Diario Oficial do Estado do Rio de Janeiro,2015-12-08,Parte I (Poder Executivo),nomeacao,RAFAEL RIBEIRO DE SOUZA,,,Secretario,5,Wilson Jose Witzel - Governador,Wilson Jose Witzel,Executivo estadual,sim,RAFAEL RIBEIRO DE SOUZA:PER,sim,,,"NOMEAR RAFAEL RIBEIRO DE SOUZA para exercer, com validade a contar de 01 de dezembro de 2015, o cargo em comissão de Ajudante I, símbolo DAI-1, da",https://www.ioerj.com.br/portal/modules/conteudoonline/mostra_edicao.php?session=VFZSUk0wMUVSa1ZOVkdOMFVtdGFRMUpwTURCUFZHY3dURlZKZVU5VlJYUk5ha2t4VVZSU1JFOUZTVEZTYTBVelRWUmpNMDlFVlhsUFZGVXhUa0U5UFE9PQ==,D:\github\exoneracoes_nomeacoes_dou\LAKE\RJ\2015\12\DOERJ_PARTE_I_PODER_EXECUTIVO_2015-12-08.md
RJ,Diario Oficial do Estado do Rio de Janeiro,2015-12-08,Parte I (Poder Executivo),nomeacao,RAFAEL SALVADO DA CRUZ,,,Secretario,5,Wilson Jose Witzel - Governador,Wilson Jose Witzel,Executivo estadual,sim,Rafael Salvado Da Cruz:PER,sim,,,"NOMEAR RAFAEL SALVADO DA CRUZ para exercer, com validade a contar de 01 de dezembro de 2015, o cargo em comissão de Ajudante I, símbolo DAI-1, da",https://www.ioerj.com.br/portal/modules/conteudoonline/mostra_edicao.php?session=VFZSUk0wMUVSa1ZOVkdOMFVtdGFRMUpwTURCUFZHY3dURlZKZVU5VlJYUk5ha2t4VVZSU1JFOUZTVEZTYTBVelRWUmpNMDlFVlhsUFZGVXhUa0U5UFE9PQ==,D:\github\exoneracoes_nomeacoes_dou\LAKE\RJ\2015\12\DOERJ_PARTE_I_PODER_EXECUTIVO_2015-12-08.md
RJ,Diario Oficial do Estado do Rio de Janeiro,2015-12-08,Parte I (Poder Executivo),nomeacao,UOSTON DA SILVA GUIMARÃES,,,Secretario,5,Wilson Jose Witzel - Governador,Wilson Jose Witzel,Executivo estadual,sim,UOSTON DA SILVA GUIMARÃES:MISC|Uoston Da Silva Guimarães:PER,sim,,,"NOMEAR UOSTON DA SILVA GUIMARÃES para exercer, com validade a contar de 01 de dezembro de 2015, o cargo em comissão de Ajudante I, símbolo DAI-1, da",https://www.ioerj.com.br/portal/modules/conteudoonline/mostra_edicao.php?session=VFZSUk0wMUVSa1ZOVkdOMFVtdGFRMUpwTURCUFZHY3dURlZKZVU5VlJYUk5ha2t4VVZSU1JFOUZTVEZTYTBVelRWUmpNMDlFVlhsUFZGVXhUa0U5UFE9PQ==,D:\github\exoneracoes_nomeacoes_dou\LAKE\RJ\2015\12\DOERJ_PARTE_I_PODER_EXECUTIVO_2015-12-08.md
RJ,Diario Oficial do Estado do Rio de Janeiro,2015-12-08,Parte I (Poder Executivo),nomeacao,ABRAÃO LIMA DA SILVA,,,Secretario,5,Wilson Jose Witzel - Governador,Wilson Jose Witzel,Executivo estadual,sim,ABRAÃO LIMA DA SILVA:PER,sim,,,"NOMEAR ABRAÃO LIMA DA SILVA para exercer, com validade a contar de 01 de dezembro de 2015, o cargo em comissão de Ajudante I, símbolo DAI-1, da",https://www.ioerj.com.br/portal/modules/conteudoonline/mostra_edicao.php?session=VFZSUk0wMUVSa1ZOVkdOMFVtdGFRMUpwTURCUFZHY3dURlZKZVU5VlJYUk5ha2t4VVZSU1JFOUZTVEZTYTBVelRWUmpNMDlFVlhsUFZGVXhUa0U5UFE9PQ==,D:\github\exoneracoes_nomeacoes_dou\LAKE\RJ\2015\12\DOERJ_PARTE_I_PODER_EXECUTIVO_2015-12-08.md
RJ,Diario Oficial do Estado do Rio de Janeiro,2015-12-08,Parte I (Poder Executivo),nomeacao,RAPHAEL DE CASTRO CRUZ,,,Secretario,5,Wilson Jose Witzel - Governador,Wilson Jose Witzel,Executivo estadual,sim,RAPHAEL DE CASTRO CRUZ:MISC|Raphael De Castro Cruz:PER,sim,,,"NOMEAR RAPHAEL DE CASTRO CRUZ para exercer, com validade a contar de 01 de dezembro de 2015, o cargo em comissão de Ajudante I, símbolo DAI-1, da",https://www.ioerj.com.br/portal/modules/conteudoonline/mostra_edicao.php?session=VFZSUk0wMUVSa1ZOVkdOMFVtdGFRMUpwTURCUFZHY3dURlZKZVU5VlJYUk5ha2t4VVZSU1JFOUZTVEZTYTBVelRWUmpNMDlFVlhsUFZGVXhUa0U5UFE9PQ==,D:\github\exoneracoes_nomeacoes_dou\LAKE\RJ\2015\12\DOERJ_PARTE_I_PODER_EXECUTIVO_2015-12-08.md
RJ,Diario Oficial do Estado do Rio de Janeiro,2015-12-08,Parte I (Poder Executivo),nomeacao,RAPHAEL OLIVEIRA TURCZINECK,,,Secretario,5,Wilson Jose Witzel - Governador,Wilson Jose Witzel,Executivo estadual,sim,RAPHAEL OLIVEIRA:ORG|TURCZINECK:ORG|Raphael Oliveira Turczineck:PER,sim,,,"NOMEAR RAPHAEL OLIVEIRA TURCZINECK para exercer, com validade a contar de 01 de dezembro de 2015, o cargo em comissão de Ajudante I, símbolo DAI-1, da",https://www.ioerj.com.br/portal/modules/conteudoonline/mostra_edicao.php?session=VFZSUk0wMUVSa1ZOVkdOMFVtdGFRMUpwTURCUFZHY3dURlZKZVU5VlJYUk5ha2t4VVZSU1JFOUZTVEZTYTBVelRWUmpNMDlFVlhsUFZGVXhUa0U5UFE9PQ==,D:\github\exoneracoes_nomeacoes_dou\LAKE\RJ\2015\12\DOERJ_PARTE_I_PODER_EXECUTIVO_2015-12-08.md
RJ,Diario Oficial do Estado do Rio de Janeiro,2015-12-08,Parte I (Poder Executivo),nomeacao,RODRIGO GERMANO FERREIRA,,,Secretario,5,Wilson Jose Witzel - Governador,Wilson Jose Witzel,Executivo estadual,sim,RODRIGO GERMANO FERREIRA:MISC|Rodrigo Germano Ferreira:PER,sim,,,"NOMEAR RODRIGO GERMANO FERREIRA para exercer, com validade a contar de 01 de dezembro de 2015, o cargo em comissão de Ajudante I, símbolo DAI-1, da",https://www.ioerj.com.br/portal/modules/conteudoonline/mostra_edicao.php?session=VFZSUk0wMUVSa1ZOVkdOMFVtdGFRMUpwTURCUFZHY3dURlZKZVU5VlJYUk5ha2t4VVZSU1JFOUZTVEZTYTBVelRWUmpNMDlFVlhsUFZGVXhUa0U5UFE9PQ==,D:\github\exoneracoes_nomeacoes_dou\LAKE\RJ\2015\12\DOERJ_PARTE_I_PODER_EXECUTIVO_2015-12-08.md
RJ,Diario Oficial do Estado do Rio de Janeiro,2015-12-08,Parte I (Poder Executivo),nomeacao,WINDSON MACIEL,50119583,,Secretario,5,Wilson Jose Witzel - Governador,Wilson Jose Witzel,Executivo estadual,sim,WINDSON MACIEL:MISC|Windson Maciel:PER,sim,para exercer o cargo em comissão de Assessor,,"NOMEAR WINDSON MACIEL, ID FUNCIONAL Nº 50119583 , para exercer o cargo em comissão de Assessor, símbolo DAS-8, da",https://www.ioerj.com.br/portal/modules/conteudoonline/mostra_edicao.php?session=VFZSUk0wMUVSa1ZOVkdOMFVtdGFRMUpwTURCUFZHY3dURlZKZVU5VlJYUk5ha2t4VVZSU1JFOUZTVEZTYTBVelRWUmpNMDlFVlhsUFZGVXhUa0U5UFE9PQ==,D:\github\exoneracoes_nomeacoes_dou\LAKE\RJ\2015\12\DOERJ_PARTE_I_PODER_EXECUTIVO_2015-12-08.md
RJ,Diario Oficial do Estado do Rio de Janeiro,2015-12-08,Parte I (Poder Executivo),nomeacao,FLÁVIO FONTANA MARTINS LUCENA,5017092-9,,Secretario,5,Wilson Jose Witzel - Governador,Wilson Jose Witzel,Executivo estadual,sim,FLÁVIO FONTANA:MISC|Flávio Fontana Martins Lucena:PER,sim,,,"NOMEAR FLÁVIO FONTANA MARTINS LUCENA, ID FUNCIONAL Nº 5017092-9 , para exercer, com validade a contar de 01 de dezembro de 2015, o cargo em comissão de Assessor, símbolo DAS8, da",https://www.ioerj.com.br/portal/modules/conteudoonline/mostra_edicao.php?session=VFZSUk0wMUVSa1ZOVkdOMFVtdGFRMUpwTURCUFZHY3dURlZKZVU5VlJYUk5ha2t4VVZSU1JFOUZTVEZTYTBVelRWUmpNMDlFVlhsUFZGVXhUa0U5UFE9PQ==,D:\github\exoneracoes_nomeacoes_dou\LAKE\RJ\2015\12\DOERJ_PARTE_I_PODER_EXECUTIVO_2015-12-08.md
RJ,Diario Oficial do Estado do Rio de Janeiro,2015-12-08,Parte I (Poder Executivo),exoneracao,GUEDES JESUS ALVES DE FREITAS,1906414-4,,Secretario,5,Wilson Jose Witzel - Governador,Wilson Jose Witzel,Executivo estadual,sim,GUEDES JESUS ALVES DE FREITAS:PER,sim,do cargo em comissão de Coordenador,,"EXONERAR com validade a contar de 03 de dezembro de 2015, GUEDES JESUS ALVES DE FREITAS, ID FUNCIONAL Nº 1906414-4 , do cargo em comissão de Coordenador, símbolo DAS-8, do Programa Somando Forças, da",https://www.ioerj.com.br/portal/modules/conteudoonline/mostra_edicao.php?session=VFZSUk0wMUVSa1ZOVkdOMFVtdGFRMUpwTURCUFZHY3dURlZKZVU5VlJYUk5ha2t4VVZSU1JFOUZTVEZTYTBVelRWUmpNMDlFVlhsUFZGVXhUa0U5UFE9PQ==,D:\github\exoneracoes_nomeacoes_dou\LAKE\RJ\2015\12\DOERJ_PARTE_I_PODER_EXECUTIVO_2015-12-08.md
RJ,Diario Oficial do Estado do Rio de Janeiro,2015-12-08,Parte I (Poder Executivo),nomeacao,DALTON RIBEIRO NUNES,5016673-5,,Secretario,5,Wilson Jose Witzel - Governador,Wilson Jose Witzel,Executivo estadual,sim,DALTON RIBEIRO NUNES:PER,sim,para exercer o cargo em comissão de Coordenador-Assessor,,"NOMEAR DALTON RIBEIRO NUNES, ID FUNCIONAL Nº 5016673-5 , para exercer o cargo em comissão de Coordenador-Assessor, símbolo DAS-8, do Grupo Executivo do Programa Delegacia Legal, da",https://www.ioerj.com.br/portal/modules/conteudoonline/mostra_edicao.php?session=VFZSUk0wMUVSa1ZOVkdOMFVtdGFRMUpwTURCUFZHY3dURlZKZVU5VlJYUk5ha2t4VVZSU1JFOUZTVEZTYTBVelRWUmpNMDlFVlhsUFZGVXhUa0U5UFE9PQ==,D:\github\exoneracoes_nomeacoes_dou\LAKE\RJ\2015\12\DOERJ_PARTE_I_PODER_EXECUTIVO_2015-12-08.md
RJ,Diario Oficial do Estado do Rio de Janeiro,2015-12-08,Parte I (Poder Executivo),exoneracao,DALTON RIBEIRO NUNES,5016673-5,,Secretario,5,Wilson Jose Witzel - Governador,Wilson Jose Witzel,Executivo estadual,sim,DALTON RIBEIRO NUNES:PER,sim,do cargo em comissão de Ajudante II,,"EXONERAR DALTON RIBEIRO NUNES, ID FUNCIONAL Nº 5016673-5 , do cargo em comissão de Ajudante II, símbolo DAI-2, da",https://www.ioerj.com.br/portal/modules/conteudoonline/mostra_edicao.php?session=VFZSUk0wMUVSa1ZOVkdOMFVtdGFRMUpwTURCUFZHY3dURlZKZVU5VlJYUk5ha2t4VVZSU1JFOUZTVEZTYTBVelRWUmpNMDlFVlhsUFZGVXhUa0U5UFE9PQ==,D:\github\exoneracoes_nomeacoes_dou\LAKE\RJ\2015\12\DOERJ_PARTE_I_PODER_EXECUTIVO_2015-12-08.md
RJ,Diario Oficial do Estado do Rio de Janeiro,2015-12-08,Parte I (Poder Executivo),nomeacao,MARCIO ROBERTO BRAGA,,,Secretario,5,Wilson Jose Witzel - Governador,Wilson Jose Witzel,Executivo estadual,sim,MARCIO:ORG|ROBERTO BRAGA:PER,sim,para exercer o cargo em comissão de Ajudante II,,"NOMEAR MARCIO ROBERTO BRAGA para exercer o cargo em comissão de Ajudante II, símbolo DAI-2, da",https://www.ioerj.com.br/portal/modules/conteudoonline/mostra_edicao.php?session=VFZSUk0wMUVSa1ZOVkdOMFVtdGFRMUpwTURCUFZHY3dURlZKZVU5VlJYUk5ha2t4VVZSU1JFOUZTVEZTYTBVelRWUmpNMDlFVlhsUFZGVXhUa0U5UFE9PQ==,D:\github\exoneracoes_nomeacoes_dou\LAKE\RJ\2015\12\DOERJ_PARTE_I_PODER_EXECUTIVO_2015-12-08.md
RJ,Diario Oficial do Estado do Rio de Janeiro,2015-12-08,Parte I (Poder Executivo),nomeacao,ANA LUIZA,4321305-7,,Secretario,5,Wilson Jose Witzel - Governador,Wilson Jose Witzel,Executivo estadual,sim,Ana Luiza:PER,sim,,da Superintendência de Recursos Humanos,"NOMEAR ANA LUIZA DO NASCIMENTO , Inspetor de Segurança e Administração Penitenciária, ID Funcional nº 4321305-7, para exercer, com validade a contar de 01 de novembro de 2015, o cargo em comissão de Diretor de Divisão, símbolo DAS-6, da Divisão de Controle de Frequência e Lotação, da Superintendência de Recursos Humanos, da Subsecretaria-Adjunta de Administração e Gestão Estratégica, da",https://www.ioerj.com.br/portal/modules/conteudoonline/mostra_edicao.php?session=VFZSUk0wMUVSa1ZOVkdOMFVtdGFRMUpwTURCUFZHY3dURlZKZVU5VlJYUk5ha2t4VVZSU1JFOUZTVEZTYTBVelRWUmpNMDlFVlhsUFZGVXhUa0U5UFE9PQ==,D:\github\exoneracoes_nomeacoes_dou\LAKE\RJ\2015\12\DOERJ_PARTE_I_PODER_EXECUTIVO_2015-12-08.md
RJ,Diario Oficial do Estado do Rio de Janeiro,2015-12-08,Parte I (Poder Executivo),exoneracao,MICHELE MACHADO MEIRELLES DE BARROS,5034178-2,,Secretario,5,Wilson Jose Witzel - Governador,Wilson Jose Witzel,Executivo estadual,sim,MICHELE:ORG|Michele Machado Meirelles De Barros:PER,sim,do cargo em comissão de Diretor de Divisão,da Subsecretaria de Vigilância em Saúde,"EXONERAR MICHELE MACHADO MEIRELLES DE BARROS, ID FUNCIONAL Nº 5034178-2, do cargo em comissão de Diretor de Divisão, símbolo DAS-7, da Divisão Administrativa, do Hospital Estadual Tavares de Macedo, da Subsecretaria de Vigilância em Saúde, da",https://www.ioerj.com.br/portal/modules/conteudoonline/mostra_edicao.php?session=VFZSUk0wMUVSa1ZOVkdOMFVtdGFRMUpwTURCUFZHY3dURlZKZVU5VlJYUk5ha2t4VVZSU1JFOUZTVEZTYTBVelRWUmpNMDlFVlhsUFZGVXhUa0U5UFE9PQ==,D:\github\exoneracoes_nomeacoes_dou\LAKE\RJ\2015\12\DOERJ_PARTE_I_PODER_EXECUTIVO_2015-12-08.md
RJ,Diario Oficial do Estado do Rio de Janeiro,2015-12-08,Parte I (Poder Executivo),nomeacao,REYNALDO ROMERO VALLE,617756-5,,Secretario,5,Wilson Jose Witzel - Governador,Wilson Jose Witzel,Executivo estadual,sim,REYNALDO ROMERO VALLE:MISC|Reynaldo Romero Valle:PER,sim,para exercer o cargo em comissão de Diretor de Divisão,da Subsecretaria de Vigilância em Saúde,"NOMEAR REYNALDO ROMERO VALLE, ID FUNCIONAL Nº 617756-5 , para exercer o cargo em comissão de Diretor de Divisão, símbolo DAS-7, da Divisão Administrativa, do Hospital Estadual Tavares de Macedo, da Subsecretaria de Vigilância em Saúde, da",https://www.ioerj.com.br/portal/modules/conteudoonline/mostra_edicao.php?session=VFZSUk0wMUVSa1ZOVkdOMFVtdGFRMUpwTURCUFZHY3dURlZKZVU5VlJYUk5ha2t4VVZSU1JFOUZTVEZTYTBVelRWUmpNMDlFVlhsUFZGVXhUa0U5UFE9PQ==,D:\github\exoneracoes_nomeacoes_dou\LAKE\RJ\2015\12\DOERJ_PARTE_I_PODER_EXECUTIVO_2015-12-08.md
RJ,Diario Oficial do Estado do Rio de Janeiro,2015-12-08,Parte I (Poder Executivo),nomeacao,JAQUELINE TOMAZ DE AQUINO DIAS,614233-8,,Secretario,5,Wilson Jose Witzel - Governador,Wilson Jose Witzel,Executivo estadual,sim,JAQUELINE TOMAZ DE AQUINO:MISC|Jaqueline Tomaz De Aquino Dias:PER,sim,,,"NOMEAR JAQUELINE TOMAZ DE AQUINO DIAS, ID FUNCIONAL Nº 614233-8 , para exercer, com validade a contar de 07 de outubro de 2015, o cargo em comissão de Ajudante I, símbolo DAI-1, da",https://www.ioerj.com.br/portal/modules/conteudoonline/mostra_edicao.php?session=VFZSUk0wMUVSa1ZOVkdOMFVtdGFRMUpwTURCUFZHY3dURlZKZVU5VlJYUk5ha2t4VVZSU1JFOUZTVEZTYTBVelRWUmpNMDlFVlhsUFZGVXhUa0U5UFE9PQ==,D:\github\exoneracoes_nomeacoes_dou\LAKE\RJ\2015\12\DOERJ_PARTE_I_PODER_EXECUTIVO_2015-12-08.md
RJ,Diario Oficial do Estado do Rio de Janeiro,2015-12-08,Parte I (Poder Executivo),nomeacao,BRUNO LEONARDO FERREIRA DOS SANTOS,4419242-8/1,,Secretario,5,Wilson Jose Witzel - Governador,Wilson Jose Witzel,Executivo estadual,sim,LEONARDO FERREIRA DOS SANTOS:MISC|Leonardo Ferreira Dos Santos:PER,sim,,da Superintendência de Infraestrutura,"NOMEAR BRUNO LEONARDO FERREIRA DOS SANTOS, ID FUNCIONAL Nº 4419242-8/1 , para exercer, com validade a contar de 05 de novembro de 2015, o cargo em comissão de Assistente, símbolo DAS-6, da Coordenação de Recursos Administrativos, da Diretoria de Patrimônio e Recursos Administrativos, da Superintendência de Infraestrutura, da Subsecretaria de Infraestrutura e Tecnologia, da",https://www.ioerj.com.br/portal/modules/conteudoonline/mostra_edicao.php?session=VFZSUk0wMUVSa1ZOVkdOMFVtdGFRMUpwTURCUFZHY3dURlZKZVU5VlJYUk5ha2t4VVZSU1JFOUZTVEZTYTBVelRWUmpNMDlFVlhsUFZGVXhUa0U5UFE9PQ==,D:\github\exoneracoes_nomeacoes_dou\LAKE\RJ\2015\12\DOERJ_PARTE_I_PODER_EXECUTIVO_2015-12-08.md
RJ,Diario Oficial do Estado do Rio de Janeiro,2015-12-08,Parte I (Poder Executivo),nomeacao,LEONARDO NEVES BARROS,4393560-5/1,,Secretario,5,Wilson Jose Witzel - Governador,Wilson Jose Witzel,Executivo estadual,sim,LEONARDO NEVES BARROS:MISC|Leonardo Neves Barros:PER,sim,,do Departamento Geral de Ações Sócioeducativas - DEGASE,"NOMEAR LEONARDO NEVES BARROS, ID FUNCIONAL Nº 4393560-5/1, para exercer, com validade a contar de 18 de outubro de 2015, o cargo em comissão de Ajudante I, símbolo DAI-1, do Departamento Geral de Ações Sócioeducativas - DEGASE, da",https://www.ioerj.com.br/portal/modules/conteudoonline/mostra_edicao.php?session=VFZSUk0wMUVSa1ZOVkdOMFVtdGFRMUpwTURCUFZHY3dURlZKZVU5VlJYUk5ha2t4VVZSU1JFOUZTVEZTYTBVelRWUmpNMDlFVlhsUFZGVXhUa0U5UFE9PQ==,D:\github\exoneracoes_nomeacoes_dou\LAKE\RJ\2015\12\DOERJ_PARTE_I_PODER_EXECUTIVO_2015-12-08.md
RJ,Diario Oficial do Estado do Rio de Janeiro,2015-12-08,Parte I (Poder Executivo),exoneracao,ALEXANDRE DA SILVA GOMES,43226779,,Secretario,5,Wilson Jose Witzel - Governador,Wilson Jose Witzel,Executivo estadual,sim,Alexandre Da Silva Gomes:PER,sim,do cargo em comissão de Assessor,,"EXONERAR com validade a contar de 01 de dezembro de 2015 , ALEXANDRE DA SILVA GOMES, ID FUNCIONAL Nº 43226779 , do cargo em comissão de Assessor, símbolo DAS-8, da",https://www.ioerj.com.br/portal/modules/conteudoonline/mostra_edicao.php?session=VFZSUk0wMUVSa1ZOVkdOMFVtdGFRMUpwTURCUFZHY3dURlZKZVU5VlJYUk5ha2t4VVZSU1JFOUZTVEZTYTBVelRWUmpNMDlFVlhsUFZGVXhUa0U5UFE9PQ==,D:\github\exoneracoes_nomeacoes_dou\LAKE\RJ\2015\12\DOERJ_PARTE_I_PODER_EXECUTIVO_2015-12-08.md
RJ,Diario Oficial do Estado do Rio de Janeiro,2015-12-08,Parte I (Poder Executivo),exoneracao,RICARDO SILVA MAGALHÃES,42140005,,Secretario,5,Wilson Jose Witzel - Governador,Wilson Jose Witzel,Executivo estadual,sim,RICARDO SILVA MAGALHÃES:PER,sim,do cargo em comissão de Assistente II,,"EXONERAR com validade a contar de 03 de dezembro de 2015, RICARDO SILVA MAGALHÃES, ID FUNCIONAL Nº 42140005 , do cargo em comissão de Assistente II, símbolo DAI-6, da",https://www.ioerj.com.br/portal/modules/conteudoonline/mostra_edicao.php?session=VFZSUk0wMUVSa1ZOVkdOMFVtdGFRMUpwTURCUFZHY3dURlZKZVU5VlJYUk5ha2t4VVZSU1JFOUZTVEZTYTBVelRWUmpNMDlFVlhsUFZGVXhUa0U5UFE9PQ==,D:\github\exoneracoes_nomeacoes_dou\LAKE\RJ\2015\12\DOERJ_PARTE_I_PODER_EXECUTIVO_2015-12-08.md
RJ,Diario Oficial do Estado do Rio de Janeiro,2015-12-08,Parte I (Poder Executivo),exoneracao,GEISIELE DA SILVA CUNHA,5077471-9,,Secretario,5,Wilson Jose Witzel - Governador,Wilson Jose Witzel,Executivo estadual,sim,GEISIELE:MISC|Geisiele Da Silva Cunha:PER,sim,do cargo em comissão de Assistente II,,"EXONERAR com validade a contar de 03 de dezembro de 2015, GEISIELE DA SILVA CUNHA, ID FUNCIONAL Nº 5077471-9, do cargo em comissão de Assistente II, símbolo DAI-6, da",https://www.ioerj.com.br/portal/modules/conteudoonline/mostra_edicao.php?session=VFZSUk0wMUVSa1ZOVkdOMFVtdGFRMUpwTURCUFZHY3dURlZKZVU5VlJYUk5ha2t4VVZSU1JFOUZTVEZTYTBVelRWUmpNMDlFVlhsUFZGVXhUa0U5UFE9PQ==,D:\github\exoneracoes_nomeacoes_dou\LAKE\RJ\2015\12\DOERJ_PARTE_I_PODER_EXECUTIVO_2015-12-08.md
RJ,Diario Oficial do Estado do Rio de Janeiro,2015-12-08,Parte I (Poder Executivo),exoneracao,SIMONE SELLES CHAVES,5077474-3,,Secretario,5,Wilson Jose Witzel - Governador,Wilson Jose Witzel,Executivo estadual,sim,SELLES CHAVES:MISC|Simone Selles Chaves:PER,sim,do cargo em comissão de Assistente II,,"EXONERAR com validade a contar de 03 de dezembro de 2015, SIMONE SELLES CHAVES, ID FUNCIONAL Nº 5077474-3 , do cargo em comissão de Assistente II, símbolo DAI-6, da",https://www.ioerj.com.br/portal/modules/conteudoonline/mostra_edicao.php?session=VFZSUk0wMUVSa1ZOVkdOMFVtdGFRMUpwTURCUFZHY3dURlZKZVU5VlJYUk5ha2t4VVZSU1JFOUZTVEZTYTBVelRWUmpNMDlFVlhsUFZGVXhUa0U5UFE9PQ==,D:\github\exoneracoes_nomeacoes_dou\LAKE\RJ\2015\12\DOERJ_PARTE_I_PODER_EXECUTIVO_2015-12-08.md
RJ,Diario Oficial do Estado do Rio de Janeiro,2015-12-08,Parte I (Poder Executivo),exoneracao,ADEL ROSA DA CONCEIÇÃO JUNIOR,5037351-0,,Secretario,5,Wilson Jose Witzel - Governador,Wilson Jose Witzel,Executivo estadual,sim,ADEL:ORG|CONCEIÇÃO JUNIOR:MISC|Adel Rosa Da Conceição Junior:PER,sim,do cargo em comissão de Auxiliar I,,"EXONERAR com validade a contar de 01 de dezembro de 2015, ADEL ROSA DA CONCEIÇÃO JUNIOR, ID FUNCIONAL Nº 5037351-0 , do cargo em comissão de Auxiliar I, símbolo DAI-4, da",https://www.ioerj.com.br/portal/modules/conteudoonline/mostra_edicao.php?session=VFZSUk0wMUVSa1ZOVkdOMFVtdGFRMUpwTURCUFZHY3dURlZKZVU5VlJYUk5ha2t4VVZSU1JFOUZTVEZTYTBVelRWUmpNMDlFVlhsUFZGVXhUa0U5UFE9PQ==,D:\github\exoneracoes_nomeacoes_dou\LAKE\RJ\2015\12\DOERJ_PARTE_I_PODER_EXECUTIVO_2015-12-08.md
RJ,Diario Oficial do Estado do Rio de Janeiro,2015-12-08,Parte I (Poder Executivo),exoneracao,TAINÁ GUILHERME FANTESIA,50774786,,Secretario,5,Wilson Jose Witzel - Governador,Wilson Jose Witzel,Executivo estadual,sim,TAINÁ GUILHERME FANTESIA:MISC|Tainá Guilherme Fantesia:PER,sim,do cargo em comissão de Auxiliar I,,"EXONERAR com validade a contar de 01 de dezembro de 2015, TAINÁ GUILHERME FANTESIA, ID FUNCIONAL Nº 50774786, do cargo em comissão de Auxiliar I, símbolo DAI-4, da",https://www.ioerj.com.br/portal/modules/conteudoonline/mostra_edicao.php?session=VFZSUk0wMUVSa1ZOVkdOMFVtdGFRMUpwTURCUFZHY3dURlZKZVU5VlJYUk5ha2t4VVZSU1JFOUZTVEZTYTBVelRWUmpNMDlFVlhsUFZGVXhUa0U5UFE9PQ==,D:\github\exoneracoes_nomeacoes_dou\LAKE\RJ\2015\12\DOERJ_PARTE_I_PODER_EXECUTIVO_2015-12-08.md
RJ,Diario Oficial do Estado do Rio de Janeiro,2015-12-08,Parte I (Poder Executivo),exoneracao,GILDA BIOLCHINI,4270550-9,,Secretario,5,Wilson Jose Witzel - Governador,Wilson Jose Witzel,Executivo estadual,sim,GILDA BIOLCHINI:PER,sim,do cargo em comissão de Chefe de Divisão,da Fundação Anita Mantuano de Artes do Estado do Rio de Janeiro -FUNARJ,"EXONERAR com validade a contar de 01 de dezembro de 2015, GILDA BIOLCHINI, ID FUNCIONAL Nº 4270550-9 , do cargo em comissão de Chefe de Divisão, símbolo DAS-6, da Divisão Técnica, da Casa de Cultura Laura Alvim, da Fundação Anita Mantuano de Artes do Estado do Rio de Janeiro -FUNARJ, da",https://www.ioerj.com.br/portal/modules/conteudoonline/mostra_edicao.php?session=VFZSUk0wMUVSa1ZOVkdOMFVtdGFRMUpwTURCUFZHY3dURlZKZVU5VlJYUk5ha2t4VVZSU1JFOUZTVEZTYTBVelRWUmpNMDlFVlhsUFZGVXhUa0U5UFE9PQ==,D:\github\exoneracoes_nomeacoes_dou\LAKE\RJ\2015\12\DOERJ_PARTE_I_PODER_EXECUTIVO_2015-12-08.md
RJ,Diario Oficial do Estado do Rio de Janeiro,2015-12-08,Parte I (Poder Executivo),nomeacao,RAFAEL SILVA LIMA,,,Secretario,5,Wilson Jose Witzel - Governador,Wilson Jose Witzel,Executivo estadual,sim,RAFAEL SILVA LIMA:PER,sim,,,"NOMEAR RAFAEL SILVA LIMA para exercer, com validade a contar de 26 de novembro de 2015, o cargo em comissão de Assistente, símbolo DAS-6, da",https://www.ioerj.com.br/portal/modules/conteudoonline/mostra_edicao.php?session=VFZSUk0wMUVSa1ZOVkdOMFVtdGFRMUpwTURCUFZHY3dURlZKZVU5VlJYUk5ha2t4VVZSU1JFOUZTVEZTYTBVelRWUmpNMDlFVlhsUFZGVXhUa0U5UFE9PQ==,D:\github\exoneracoes_nomeacoes_dou\LAKE\RJ\2015\12\DOERJ_PARTE_I_PODER_EXECUTIVO_2015-12-08.md
RJ,Diario Oficial do Estado do Rio de Janeiro,2015-12-07,Parte I (Poder Executivo),nomeacao,JOSÉ LEONARDO VASCONCELLOS DE ANDRADE,,,Governador,1,Wilson Jose Witzel - Governador,Wilson Jose Witzel,Executivo estadual,sim,JOSÉ LEONARDO VASCONCELLOS DE ANDRADE:PER,sim,para exercer o cargo em comissão de Coordenador de Unidade,da Fundação de Apoio à Escola Técnica do Estado do Rio de Janeiro - FAETEC,"NOMEAR JOSÉ LEONARDO VASCONCELLOS DE ANDRADE para exercer o cargo em comissão de Coordenador de Unidade, símbolo FAETEC 3, da Fundação de Apoio à Escola Técnica do Estado do Rio de Janeiro - FAETEC, da",https://www.ioerj.com.br/portal/modules/conteudoonline/mostra_edicao.php?session=VGtWVmVGSlZXWGRPTUVWMFVYcEpNRkZUTURCT1ZHTXlURlJyZUZKRlVYUk5SVVV5VVZSVmVFNVVRa1JSZWxwSFRWUmpNMDlFVlhwTlJGVjVUbmM5UFE9PQ==,D:\github\exoneracoes_nomeacoes_dou\LAKE\RJ\2015\12\DOERJ_PARTE_I_PODER_EXECUTIVO_2015-12-07.md
RJ,Diario Oficial do Estado do Rio de Janeiro,2015-12-07,Parte I (Poder Executivo),nomeacao,VALÉRIA PINHEIRO DOS SANTOS,,,Governador,1,Wilson Jose Witzel - Governador,Wilson Jose Witzel,Executivo estadual,sim,VALÉRIA PINHEIRO DOS:MISC|Valéria Pinheiro Dos Santos:PER,sim,para exercer o cargo em comissão de Coordenador de Unidade,da Fundação de Apoio à Escola Técnica do Estado do Rio de Janeiro - FAETEC,"NOMEAR VALÉRIA PINHEIRO DOS SANTOS para exercer o cargo em comissão de Coordenador de Unidade, símbolo FAETEC 3, da Fundação de Apoio à Escola Técnica do Estado do Rio de Janeiro - FAETEC, da",https://www.ioerj.com.br/portal/modules/conteudoonline/mostra_edicao.php?session=VGtWVmVGSlZXWGRPTUVWMFVYcEpNRkZUTURCT1ZHTXlURlJyZUZKRlVYUk5SVVV5VVZSVmVFNVVRa1JSZWxwSFRWUmpNMDlFVlhwTlJGVjVUbmM5UFE9PQ==,D:\github\exoneracoes_nomeacoes_dou\LAKE\RJ\2015\12\DOERJ_PARTE_I_PODER_EXECUTIVO_2015-12-07.md
RJ,Diario Oficial do Estado do Rio de Janeiro,2015-12-07,Parte I (Poder Executivo),exoneracao,ORLANDINO OLIVEIRA DE JESUS,5074471-2,,Secretario,5,Wilson Jose Witzel - Governador,Wilson Jose Witzel,Executivo estadual,sim,ORLANDINO OLIVEIRA:MISC|Orlandino Oliveira De Jesus:PER,sim,do cargo em comissão de Secretário I,,"EXONERAR ORLANDINO OLIVEIRA DE JESUS, ID Funcional nº 5074471-2, do cargo em comissão de Secretário I, símbolo DAI-4, do(a)",https://www.ioerj.com.br/portal/modules/conteudoonline/mostra_edicao.php?session=VGtWVmVGSlZXWGRPTUVWMFVYcEpNRkZUTURCT1ZHTXlURlJyZUZKRlVYUk5SVVV5VVZSVmVFNVVRa1JSZWxwSFRWUmpNMDlFVlhwTlJGVjVUbmM5UFE9PQ==,D:\github\exoneracoes_nomeacoes_dou\LAKE\RJ\2015\12\DOERJ_PARTE_I_PODER_EXECUTIVO_2015-12-07.md
RJ,Diario Oficial do Estado do Rio de Janeiro,2015-12-07,Parte I (Poder Executivo),exoneracao,CARLOS MARCELO MAGALHÃES SOARES,5074509-3,,Secretario,5,Wilson Jose Witzel - Governador,Wilson Jose Witzel,Executivo estadual,sim,CARLOS MARCELO MAGALHÃES SOARES:PER,sim,do cargo em comissão de Secretário I,,"EXONERAR CARLOS MARCELO MAGALHÃES SOARES, ID Funcional nº 5074509-3, do cargo em comissão de Secretário I, símbolo DAI-4, do(a)",https://www.ioerj.com.br/portal/modules/conteudoonline/mostra_edicao.php?session=VGtWVmVGSlZXWGRPTUVWMFVYcEpNRkZUTURCT1ZHTXlURlJyZUZKRlVYUk5SVVV5VVZSVmVFNVVRa1JSZWxwSFRWUmpNMDlFVlhwTlJGVjVUbmM5UFE9PQ==,D:\github\exoneracoes_nomeacoes_dou\LAKE\RJ\2015\12\DOERJ_PARTE_I_PODER_EXECUTIVO_2015-12-07.md
RJ,Diario Oficial do Estado do Rio de Janeiro,2015-12-07,Parte I (Poder Executivo),nomeacao,JESSICA SANTOS LOPES,,,Secretario,5,Wilson Jose Witzel - Governador,Wilson Jose Witzel,Executivo estadual,sim,JESSICA SANTOS LOPES:MISC|Jessica Santos Lopes:PER,sim,para exercer o cargo em comissão de Ajudante II,,"NOMEAR JESSICA SANTOS LOPES, RG nº 246296453, para exercer o cargo em comissão de Ajudante II, símbolo DAI-2, do(a)",https://www.ioerj.com.br/portal/modules/conteudoonline/mostra_edicao.php?session=VGtWVmVGSlZXWGRPTUVWMFVYcEpNRkZUTURCT1ZHTXlURlJyZUZKRlVYUk5SVVV5VVZSVmVFNVVRa1JSZWxwSFRWUmpNMDlFVlhwTlJGVjVUbmM5UFE9PQ==,D:\github\exoneracoes_nomeacoes_dou\LAKE\RJ\2015\12\DOERJ_PARTE_I_PODER_EXECUTIVO_2015-12-07.md
RJ,Diario Oficial do Estado do Rio de Janeiro,2015-12-07,Parte I (Poder Executivo),exoneracao,RAFAEL JANUZZI SOARES,5000677-0,,Secretario,5,Wilson Jose Witzel - Governador,Wilson Jose Witzel,Executivo estadual,sim,RAFAEL JANUZZI SOARES:PER,sim,do cargo em comissão de Assistente,,"EXONERAR RAFAEL JANUZZI SOARES, ID Funcional nº 5000677-0, do cargo em comissão de Assistente, símbolo DAS-6, do(a)",https://www.ioerj.com.br/portal/modules/conteudoonline/mostra_edicao.php?session=VGtWVmVGSlZXWGRPTUVWMFVYcEpNRkZUTURCT1ZHTXlURlJyZUZKRlVYUk5SVVV5VVZSVmVFNVVRa1JSZWxwSFRWUmpNMDlFVlhwTlJGVjVUbmM5UFE9PQ==,D:\github\exoneracoes_nomeacoes_dou\LAKE\RJ\2015\12\DOERJ_PARTE_I_PODER_EXECUTIVO_2015-12-07.md
RJ,Diario Oficial do Estado do Rio de Janeiro,2015-12-07,Parte I (Poder Executivo),exoneracao,RICARDO ALVES VILLAS BOAS,5035132-0,,Secretario,5,Wilson Jose Witzel - Governador,Wilson Jose Witzel,Executivo estadual,sim,RICARDO ALVES VILLAS BOAS:PER,sim,do cargo em comissão de Assessor,,"EXONERAR RICARDO ALVES VILLAS BOAS, ID Funcional nº 5035132-0, do cargo em comissão de Assessor, símbolo DAS-7, do(a)",https://www.ioerj.com.br/portal/modules/conteudoonline/mostra_edicao.php?session=VGtWVmVGSlZXWGRPTUVWMFVYcEpNRkZUTURCT1ZHTXlURlJyZUZKRlVYUk5SVVV5VVZSVmVFNVVRa1JSZWxwSFRWUmpNMDlFVlhwTlJGVjVUbmM5UFE9PQ==,D:\github\exoneracoes_nomeacoes_dou\LAKE\RJ\2015\12\DOERJ_PARTE_I_PODER_EXECUTIVO_2015-12-07.md
RJ,Diario Oficial do Estado do Rio de Janeiro,2015-12-07,Parte I (Poder Executivo),exoneracao,MARCELA BECK DA COSTA,5020906-0,,Secretario,5,Wilson Jose Witzel - Governador,Wilson Jose Witzel,Executivo estadual,sim,COSTA:ORG|Marcela Beck Da Costa:PER,sim,do cargo em comissão de Coordenador,,"EXONERAR MARCELA BECK DA COSTA, ID Funcional nº 5020906-0, do cargo em comissão de Coordenador, símbolo DAS-8, do(a) Coordenadoria de Relacionamento com os Órgãos Setoriais, do(a) Superintendência de Gestão do Relacionamento, do(a) Subsecretaria de Gestão de Pessoas, do(a)",https://www.ioerj.com.br/portal/modules/conteudoonline/mostra_edicao.php?session=VGtWVmVGSlZXWGRPTUVWMFVYcEpNRkZUTURCT1ZHTXlURlJyZUZKRlVYUk5SVVV5VVZSVmVFNVVRa1JSZWxwSFRWUmpNMDlFVlhwTlJGVjVUbmM5UFE9PQ==,D:\github\exoneracoes_nomeacoes_dou\LAKE\RJ\2015\12\DOERJ_PARTE_I_PODER_EXECUTIVO_2015-12-07.md
RJ,Diario Oficial do Estado do Rio de Janeiro,2015-12-07,Parte I (Poder Executivo),exoneracao,ROGÉRIO PEREIRA DA COSTA,,,Secretario,5,Wilson Jose Witzel - Governador,Wilson Jose Witzel,Executivo estadual,sim,ROGÉRIO PEREIRA:PER,sim,do cargo em comissão de Supervisor Regional,do Departamento de Trânsito do Estado do Rio de Janeiro - DETRAN/RJ,"EXONERAR ROGÉRIO PEREIRA DA COSTA do cargo em comissão de Supervisor Regional, símbolo DAS-7, da Coordenadoria de Serviços Descentralizados, da Coordenadoria Geral de Integração de Serviços, do Departamento de Trânsito do Estado do Rio de Janeiro - DETRAN/RJ, da",https://www.ioerj.com.br/portal/modules/conteudoonline/mostra_edicao.php?session=VGtWVmVGSlZXWGRPTUVWMFVYcEpNRkZUTURCT1ZHTXlURlJyZUZKRlVYUk5SVVV5VVZSVmVFNVVRa1JSZWxwSFRWUmpNMDlFVlhwTlJGVjVUbmM5UFE9PQ==,D:\github\exoneracoes_nomeacoes_dou\LAKE\RJ\2015\12\DOERJ_PARTE_I_PODER_EXECUTIVO_2015-12-07.md
RJ,Diario Oficial do Estado do Rio de Janeiro,2015-12-04,Parte I (Poder Executivo),nomeacao,FLAVIO HENRIQUE FERNANDES DUARTE,,,Secretario,5,Wilson Jose Witzel - Governador,Wilson Jose Witzel,Executivo estadual,sim,FLAVIO HENRIQUE:MISC|Flavio Henrique Fernandes Duarte:PER,sim,para exercer o cargo em comissão de Chefe de Unidade,do Departamento de Trânsito do Estado do Rio de Janeiro DETRAN/RJ,"NOMEAR FLAVIO HENRIQUE FERNANDES DUARTE para exercer o cargo em comissão de Chefe de Unidade, símbolo DAI-6, da Unidade de Serviço Descentralizado - USD, da Coordenadoria de Serviços Descentralizados, da Coordenadoria Geral de Integração de Serviços, do Departamento de Trânsito do Estado do Rio de Janeiro DETRAN/RJ, da",https://www.ioerj.com.br/portal/modules/conteudoonline/mostra_edicao.php?session=VFVScmVFMVZUVFJPVkZGMFVUQlpkMDlUTURCU2FrVTBURlZKTlU1VWEzUk5NRWw0VVZWTk1FNUVaRUpPVlZGNVRWUmpNMDlFVlhwTlJGazBUbEU5UFE9PQ==,D:\github\exoneracoes_nomeacoes_dou\LAKE\RJ\2015\12\DOERJ_PARTE_I_PODER_EXECUTIVO_2015-12-04.md
RJ,Diario Oficial do Estado do Rio de Janeiro,2015-12-04,Parte I (Poder Executivo),nomeacao,MARIA LUIZA,2117046-0,,Secretario,5,Wilson Jose Witzel - Governador,Wilson Jose Witzel,Executivo estadual,sim,MARIA LUIZA:PER,sim,para exercer o cargo em comissão de Chefe de Equipe Técnica,do Departamento Médico,"NOMEAR MARIA LUIZA DA SILVA BARBOZA , ID FUNCIONAL Nº 2117046-0, para exercer o cargo em comissão de Chefe de Equipe Técnica, símbolo DAI-5, do Serviço de Radiologia, da Divisão de Auxílio Diagnóstico e Terapêutico, do Departamento Médico, do Hospital Central, da Diretoria de Assistência, do Instituto de Assistência dos Servidores do Estado do Rio de Janeiro -IASERJ, da",https://www.ioerj.com.br/portal/modules/conteudoonline/mostra_edicao.php?session=VFVScmVFMVZUVFJPVkZGMFVUQlpkMDlUTURCU2FrVTBURlZKTlU1VWEzUk5NRWw0VVZWTk1FNUVaRUpPVlZGNVRWUmpNMDlFVlhwTlJGazBUbEU5UFE9PQ==,D:\github\exoneracoes_nomeacoes_dou\LAKE\RJ\2015\12\DOERJ_PARTE_I_PODER_EXECUTIVO_2015-12-04.md
RJ,Diario Oficial do Estado do Rio de Janeiro,2015-12-04,Parte I (Poder Executivo),nomeacao,JAQUELINE ALBINO FRANCISCO DE SOUZA,,,Secretario,5,Wilson Jose Witzel - Governador,Wilson Jose Witzel,Executivo estadual,sim,JAQUELINE ALBINO FRANCISCO DE SOUZA:MISC|Jaqueline Albino Francisco De Souza:PER,sim,,,"NOMEAR JAQUELINE ALBINO FRANCISCO DE SOUZA para exercer, com validade a contar de 01 de dezembro de 2015, o cargo em comissão de Secretário I, símbolo DAI-4, da",https://www.ioerj.com.br/portal/modules/conteudoonline/mostra_edicao.php?session=VFVScmVFMVZUVFJPVkZGMFVUQlpkMDlUTURCU2FrVTBURlZKTlU1VWEzUk5NRWw0VVZWTk1FNUVaRUpPVlZGNVRWUmpNMDlFVlhwTlJGazBUbEU5UFE9PQ==,D:\github\exoneracoes_nomeacoes_dou\LAKE\RJ\2015\12\DOERJ_PARTE_I_PODER_EXECUTIVO_2015-12-04.md
RJ,Diario Oficial do Estado do Rio de Janeiro,2015-12-04,Parte I (Poder Executivo),nomeacao,RAFAEL TEIXEIRA DE MATTOS,,,Secretario,5,Wilson Jose Witzel - Governador,Wilson Jose Witzel,Executivo estadual,sim,RAFAEL TEIXEIRA:PER,sim,,,"NOMEAR RAFAEL TEIXEIRA DE MATTOS para exercer, com validade a contar de 01 de dezembro de 2015, o cargo em comissão de Chefe de Equipe, símbolo DAI-3, da",https://www.ioerj.com.br/portal/modules/conteudoonline/mostra_edicao.php?session=VFVScmVFMVZUVFJPVkZGMFVUQlpkMDlUTURCU2FrVTBURlZKTlU1VWEzUk5NRWw0VVZWTk1FNUVaRUpPVlZGNVRWUmpNMDlFVlhwTlJGazBUbEU5UFE9PQ==,D:\github\exoneracoes_nomeacoes_dou\LAKE\RJ\2015\12\DOERJ_PARTE_I_PODER_EXECUTIVO_2015-12-04.md
RJ,Diario Oficial do Estado do Rio de Janeiro,2015-12-04,Parte I (Poder Executivo),nomeacao,GUSTAVO SIMONI,,,Secretario,5,Wilson Jose Witzel - Governador,Wilson Jose Witzel,Executivo estadual,sim,GUSTAVO:MISC|Gustavo Simoni:PER,sim,,,"NOMEAR GUSTAVO SIMONI para exercer, com validade a contar de 01 de dezembro de 2015, o cargo em comissão de Ajudante I, símbolo DAI-1, do Apoio Técnico aos Municípios, da",https://www.ioerj.com.br/portal/modules/conteudoonline/mostra_edicao.php?session=VFVScmVFMVZUVFJPVkZGMFVUQlpkMDlUTURCU2FrVTBURlZKTlU1VWEzUk5NRWw0VVZWTk1FNUVaRUpPVlZGNVRWUmpNMDlFVlhwTlJGazBUbEU5UFE9PQ==,D:\github\exoneracoes_nomeacoes_dou\LAKE\RJ\2015\12\DOERJ_PARTE_I_PODER_EXECUTIVO_2015-12-04.md
RJ,Diario Oficial do Estado do Rio de Janeiro,2015-12-04,Parte I (Poder Executivo),nomeacao,RAFAEL ALEIXO DE OLIVEIRA,,,Secretario,5,Wilson Jose Witzel - Governador,Wilson Jose Witzel,Executivo estadual,sim,RAFAEL ALEIXO DE OLIVEIRA:MISC|Rafael Aleixo De Oliveira:PER,sim,,do Instituto Estadual do Ambiente -INEA,"NOMEAR RAFAEL ALEIXO DE OLIVEIRA para exercer, com validade a contar de 14 de setembro de 2015, o cargo em comissão de Assessor III, símbolo DAI-5, do Instituto Estadual do Ambiente -INEA, da",https://www.ioerj.com.br/portal/modules/conteudoonline/mostra_edicao.php?session=VFVScmVFMVZUVFJPVkZGMFVUQlpkMDlUTURCU2FrVTBURlZKTlU1VWEzUk5NRWw0VVZWTk1FNUVaRUpPVlZGNVRWUmpNMDlFVlhwTlJGazBUbEU5UFE9PQ==,D:\github\exoneracoes_nomeacoes_dou\LAKE\RJ\2015\12\DOERJ_PARTE_I_PODER_EXECUTIVO_2015-12-04.md
RJ,Diario Oficial do Estado do Rio de Janeiro,2015-12-04,Parte I (Poder Executivo),nomeacao,JHARDANY PASSOS RANGEL DE CARVALHO,,,Secretario,5,Wilson Jose Witzel - Governador,Wilson Jose Witzel,Executivo estadual,sim,JHARDANY PASSOS RANGEL DE CARVALHO:PER,sim,,,"NOMEAR JHARDANY PASSOS RANGEL DE CARVALHO para exercer, com validade a contar de 01 de dezembro de 2015, o cargo em comissão de Assistente II, símbolo DAI-6, da",https://www.ioerj.com.br/portal/modules/conteudoonline/mostra_edicao.php?session=VFVScmVFMVZUVFJPVkZGMFVUQlpkMDlUTURCU2FrVTBURlZKTlU1VWEzUk5NRWw0VVZWTk1FNUVaRUpPVlZGNVRWUmpNMDlFVlhwTlJGazBUbEU5UFE9PQ==,D:\github\exoneracoes_nomeacoes_dou\LAKE\RJ\2015\12\DOERJ_PARTE_I_PODER_EXECUTIVO_2015-12-04.md
RJ,Diario Oficial do Estado do Rio de Janeiro,2015-12-03,Parte I (Poder Executivo),exoneracao,TENENTE-CORONEL BM,2603614-2,,,,Wilson Jose Witzel - Governador,Wilson Jose Witzel,Executivo estadual,sim,BM:LOC|Tenente-Coronel Bm:PER,sim,do cargo em comissão de Chefe de Estado Maior de Comando Intermediário,,"EXONERAR com validade a contar de 10 de novembro de 2015, JORGE ALBERTO COUTINHO VINCENZI , Tenente-Coronel BM, ID Funcional nº 2603614-2, do cargo em comissão de Chefe de Estado Maior de Comando Intermediário, símbolo DAS-6, da Chefia do Estado Maior, do Comando de Bombeiro de Área - CBA V - Baixada Litorâneas, do Subcomando-Geral, do Corpo de Bombeiros Militar do Estado do Rio de Janeiro - CBMERJ, da",https://www.ioerj.com.br/portal/modules/conteudoonline/mostra_edicao.php?session=VVdwQ1JGRlVVVEJQVlVWMFRqQktRMDFETURCT1ZGRXhURlJvUjAxcVFYUk9lbHBHVGxWVk5WSnJTWGxPZWtFelRWUmpNMDlFVlhwTlJHdDRUVkU5UFE9PQ==,D:\github\exoneracoes_nomeacoes_dou\LAKE\RJ\2015\12\DOERJ_PARTE_I_PODER_EXECUTIVO_2015-12-03.md
RJ,Diario Oficial do Estado do Rio de Janeiro,2015-12-03,Parte I (Poder Executivo),nomeacao,TENENTE-CORONEL BM,2685247-0,,,,Wilson Jose Witzel - Governador,Wilson Jose Witzel,Executivo estadual,sim,BM:LOC|Tenente-Coronel Bm:PER,sim,da Chefia do Estado Maior,,"NOMEAR GENILSON CAVALCANTE BORGES , Tenente-Coronel BM, ID Funcional nº 2685247-0, para exercer, com validade a contar de 10 de novembro de 2015, o cargo em comissão de Chefe de Estado Maior de Comando Intermediário, símbolo DAS-6, da Chefia do Estado Maior, do Comando de Bombeiro de Área - CBA V Baixada Litorâneas, do Subcomando-Geral, do Corpo de Bombeiros Militar do Estado do Rio de Janeiro - CBMERJ, da",https://www.ioerj.com.br/portal/modules/conteudoonline/mostra_edicao.php?session=VVdwQ1JGRlVVVEJQVlVWMFRqQktRMDFETURCT1ZGRXhURlJvUjAxcVFYUk9lbHBHVGxWVk5WSnJTWGxPZWtFelRWUmpNMDlFVlhwTlJHdDRUVkU5UFE9PQ==,D:\github\exoneracoes_nomeacoes_dou\LAKE\RJ\2015\12\DOERJ_PARTE_I_PODER_EXECUTIVO_2015-12-03.md
RJ,Diario Oficial do Estado do Rio de Janeiro,2015-12-03,Parte I (Poder Executivo),exoneracao,MAJOR BM,2643397-4,,,,Wilson Jose Witzel - Governador,Wilson Jose Witzel,Executivo estadual,sim,MAJOR BM:LOC|Major Bm:PER,sim,do cargo em comissão de Assistente II,,"EXONERAR com validade a contar de 01 de outubro de 2015, REGINALDO FRANCISCO LOPES , Major BM, ID Funcional nº 2643397-4, do cargo em comissão de Assistente II, símbolo DAI-6, da Chefia do Estado Maior Geral, do Corpo de Bombeiros Militar do Estado do Rio de Janeiro - CBMERJ, da",https://www.ioerj.com.br/portal/modules/conteudoonline/mostra_edicao.php?session=VVdwQ1JGRlVVVEJQVlVWMFRqQktRMDFETURCT1ZGRXhURlJvUjAxcVFYUk9lbHBHVGxWVk5WSnJTWGxPZWtFelRWUmpNMDlFVlhwTlJHdDRUVkU5UFE9PQ==,D:\github\exoneracoes_nomeacoes_dou\LAKE\RJ\2015\12\DOERJ_PARTE_I_PODER_EXECUTIVO_2015-12-03.md
RJ,Diario Oficial do Estado do Rio de Janeiro,2015-12-03,Parte I (Poder Executivo),exoneracao,MAJOR BM,0613492-0,,,,Wilson Jose Witzel - Governador,Wilson Jose Witzel,Executivo estadual,sim,MAJOR BM:LOC|Major Bm:PER,sim,do cargo em comissão de Comandante de Destacamento,,"EXONERAR com validade a contar de 04 de novembro de 2015, FLÁVIO MANACÉS , Major BM, ID Funcional nº 0613492-0, do cargo em comissão de Comandante de Destacamento, símbolo DAI-6, do 1º Destacamento de Bombeiro Militar (DBM 1/8 - Realengo), do 8º Grupamento de Bombeiro Militar - Campinho, do Comando de Bombeiro de Área - CBA I - Capital, do Subcomando-Geral, do Corpo de Bombeiros Militar do Estado do Rio de Janeiro - CBMERJ, da",https://www.ioerj.com.br/portal/modules/conteudoonline/mostra_edicao.php?session=VVdwQ1JGRlVVVEJQVlVWMFRqQktRMDFETURCT1ZGRXhURlJvUjAxcVFYUk9lbHBHVGxWVk5WSnJTWGxPZWtFelRWUmpNMDlFVlhwTlJHdDRUVkU5UFE9PQ==,D:\github\exoneracoes_nomeacoes_dou\LAKE\RJ\2015\12\DOERJ_PARTE_I_PODER_EXECUTIVO_2015-12-03.md
RJ,Diario Oficial do Estado do Rio de Janeiro,2015-12-03,Parte I (Poder Executivo),nomeacao,MAJOR BM,2645257-0,,,,Wilson Jose Witzel - Governador,Wilson Jose Witzel,Executivo estadual,sim,MAJOR BM:LOC|Major Bm:PER,sim,,,"NOMEAR ANDRE LUIZ SALMA CERQUEIRA , Major BM, ID Funcional nº 2645257-0, para exercer, com validade a contar de 04 de novembro de 2015, o cargo em comissão de Comandante de Destacamento, símbolo DAI-6, do 1º Destacamento de Bombeiro Militar (DBM 1/8 - Realengo), do 8º Grupamento de Bombeiro Militar - Campinho, do Comando de Bombeiro de Área - CBA I - Capital, do Subcomando-Geral, do Corpo de Bombeiros Militar do Estado do Rio de Janeiro - CBMERJ, da",https://www.ioerj.com.br/portal/modules/conteudoonline/mostra_edicao.php?session=VVdwQ1JGRlVVVEJQVlVWMFRqQktRMDFETURCT1ZGRXhURlJvUjAxcVFYUk9lbHBHVGxWVk5WSnJTWGxPZWtFelRWUmpNMDlFVlhwTlJHdDRUVkU5UFE9PQ==,D:\github\exoneracoes_nomeacoes_dou\LAKE\RJ\2015\12\DOERJ_PARTE_I_PODER_EXECUTIVO_2015-12-03.md
RJ,Diario Oficial do Estado do Rio de Janeiro,2015-12-03,Parte I (Poder Executivo),nomeacao,LOUYSE DINA DE SOUZA,,,,,Wilson Jose Witzel - Governador,Wilson Jose Witzel,Executivo estadual,sim,LOUYSE DINA:ORG|Louyse Dina:PER,sim,,,"NOMEAR LOUYSE DINA DE SOUZA para exercer, com validade a contar de 23 de novembro de 2015, o cargo em comissão de Assistente II, símbolo DAI-6, da Representação Geral da Fazenda, da",https://www.ioerj.com.br/portal/modules/conteudoonline/mostra_edicao.php?session=VVdwQ1JGRlVVVEJQVlVWMFRqQktRMDFETURCT1ZGRXhURlJvUjAxcVFYUk9lbHBHVGxWVk5WSnJTWGxPZWtFelRWUmpNMDlFVlhwTlJHdDRUVkU5UFE9PQ==,D:\github\exoneracoes_nomeacoes_dou\LAKE\RJ\2015\12\DOERJ_PARTE_I_PODER_EXECUTIVO_2015-12-03.md
RJ,Diario Oficial do Estado do Rio de Janeiro,2015-12-03,Parte I (Poder Executivo),exoneracao,ANDERSON COELHO DOS SANTOS,4458983-2,,,,Wilson Jose Witzel - Governador,Wilson Jose Witzel,Executivo estadual,sim,ANDERSON COELHO DOS SANTOS:PER,sim,do cargo em comissão de Gerente de Divisão,do Instituto de Pesos e Medidas do Estado do Rio de Janeiro - IPEM/RJ,"EXONERAR com validade a contar de 01 de dezembro de 2015, ANDERSON COELHO DOS SANTOS, ID FUNCIONAL Nº 4458983-2 , do cargo em comissão de Gerente de Divisão, símbolo DAS-6, do Instituto de Pesos e Medidas do Estado do Rio de Janeiro - IPEM/RJ, da",https://www.ioerj.com.br/portal/modules/conteudoonline/mostra_edicao.php?session=VVdwQ1JGRlVVVEJQVlVWMFRqQktRMDFETURCT1ZGRXhURlJvUjAxcVFYUk9lbHBHVGxWVk5WSnJTWGxPZWtFelRWUmpNMDlFVlhwTlJHdDRUVkU5UFE9PQ==,D:\github\exoneracoes_nomeacoes_dou\LAKE\RJ\2015\12\DOERJ_PARTE_I_PODER_EXECUTIVO_2015-12-03.md
RJ,Diario Oficial do Estado do Rio de Janeiro,2015-12-03,Parte I (Poder Executivo),nomeacao,ANDRE VIEIRA DE SOUZA SALGUEIRO,,,,,Wilson Jose Witzel - Governador,Wilson Jose Witzel,Executivo estadual,sim,ANDRE VIEIRA DE SOUZA SALGUEIRO:PER,sim,,do Instituto de Pesos e Medidas do Estado do Rio de Janeiro -IPEM/RJ,"NOMEAR ANDRE VIEIRA DE SOUZA SALGUEIRO para exercer, com validade a contar de 01 de dezembro de 2015, o cargo em comissão de Gerente de Divisão, símbolo DAS-6, do Instituto de Pesos e Medidas do Estado do Rio de Janeiro -IPEM/RJ, da",https://www.ioerj.com.br/portal/modules/conteudoonline/mostra_edicao.php?session=VVdwQ1JGRlVVVEJQVlVWMFRqQktRMDFETURCT1ZGRXhURlJvUjAxcVFYUk9lbHBHVGxWVk5WSnJTWGxPZWtFelRWUmpNMDlFVlhwTlJHdDRUVkU5UFE9PQ==,D:\github\exoneracoes_nomeacoes_dou\LAKE\RJ\2015\12\DOERJ_PARTE_I_PODER_EXECUTIVO_2015-12-03.md
RJ,Diario Oficial do Estado do Rio de Janeiro,2015-12-03,Parte I (Poder Executivo),exoneracao,ANGELO FRANCISCO DE ALMEIDA AZEVEDO,4319255-6,,,,Wilson Jose Witzel - Governador,Wilson Jose Witzel,Executivo estadual,sim,FRANCISCO DE ALMEIDA AZEVEDO:PER,sim,do cargo em comissão de Diretor de Divisão,da Superintendência de Tecnologia da Informação,"EXONERAR a pedido e com validade a contar de 03 de novembro de 2015, ANGELO FRANCISCO DE ALMEIDA AZEVEDO, ID FUNCIONAL Nº 4319255-6 , do cargo em comissão de Diretor de Divisão, símbolo DAS-6, da Divisão de Rede de Computadores, da Superintendência de Tecnologia da Informação, da Subsecretaria-Adjunta de Administração e Gestão Estratégica, da",https://www.ioerj.com.br/portal/modules/conteudoonline/mostra_edicao.php?session=VVdwQ1JGRlVVVEJQVlVWMFRqQktRMDFETURCT1ZGRXhURlJvUjAxcVFYUk9lbHBHVGxWVk5WSnJTWGxPZWtFelRWUmpNMDlFVlhwTlJHdDRUVkU5UFE9PQ==,D:\github\exoneracoes_nomeacoes_dou\LAKE\RJ\2015\12\DOERJ_PARTE_I_PODER_EXECUTIVO_2015-12-03.md
RJ,Diario Oficial do Estado do Rio de Janeiro,2015-12-03,Parte I (Poder Executivo),exoneracao,PATRÍCIA GANZENMÜLLER MOZA,3148197-3,,,,Wilson Jose Witzel - Governador,Wilson Jose Witzel,Executivo estadual,sim,MOZA:ORG|Patrícia Ganzenmüller Moza:PER,sim,do cargo em comissão de Assistente II,,"EXONERAR com validade a contar de 01 de setembro de 2015, PATRÍCIA GANZENMÜLLER MOZA, ID FUNCIONAL Nº 3148197-3 , do cargo em comissão de Assistente II, símbolo DAI-6, da",https://www.ioerj.com.br/portal/modules/conteudoonline/mostra_edicao.php?session=VVdwQ1JGRlVVVEJQVlVWMFRqQktRMDFETURCT1ZGRXhURlJvUjAxcVFYUk9lbHBHVGxWVk5WSnJTWGxPZWtFelRWUmpNMDlFVlhwTlJHdDRUVkU5UFE9PQ==,D:\github\exoneracoes_nomeacoes_dou\LAKE\RJ\2015\12\DOERJ_PARTE_I_PODER_EXECUTIVO_2015-12-03.md
RJ,Diario Oficial do Estado do Rio de Janeiro,2015-12-03,Parte I (Poder Executivo),exoneracao,CELSO EDUARDO SIMÕES DE ABREU,2820545-6,,,,Wilson Jose Witzel - Governador,Wilson Jose Witzel,Executivo estadual,sim,EDUARDO SIMÕES DE ABREU:MISC|Celso Eduardo Simões:PER,sim,do cargo em comissão de Gerente,,"EXONERAR com validade a contar de 23 de novembro de 2015, CELSO EDUARDO SIMÕES DE ABREU, ID FUNCIONAL Nº 2820545-6 , do cargo em comissão de Gerente, símbolo DAS-7, do Centro de Tecnologia de Informação e Comunicação do Estado do Rio de Janeiro -PRODERJ, da",https://www.ioerj.com.br/portal/modules/conteudoonline/mostra_edicao.php?session=VVdwQ1JGRlVVVEJQVlVWMFRqQktRMDFETURCT1ZGRXhURlJvUjAxcVFYUk9lbHBHVGxWVk5WSnJTWGxPZWtFelRWUmpNMDlFVlhwTlJHdDRUVkU5UFE9PQ==,D:\github\exoneracoes_nomeacoes_dou\LAKE\RJ\2015\12\DOERJ_PARTE_I_PODER_EXECUTIVO_2015-12-03.md
RJ,Diario Oficial do Estado do Rio de Janeiro,2015-12-03,Parte I (Poder Executivo),exoneracao,NELSON DE OLIVEIRA AUGUSTO,5033919-2,,,,Wilson Jose Witzel - Governador,Wilson Jose Witzel,Executivo estadual,sim,OLIVEIRA AUGUSTO:ORG|Nelson De Oliveira Augusto:PER,sim,do cargo em comissão de Secretário I,,"EXONERAR com validade a contar de 01 de dezembro de 2015, NELSON DE OLIVEIRA AUGUSTO, ID FUNCIONAL Nº 5033919-2 , do cargo em comissão de Secretário I, símbolo DAI-4, da",https://www.ioerj.com.br/portal/modules/conteudoonline/mostra_edicao.php?session=VVdwQ1JGRlVVVEJQVlVWMFRqQktRMDFETURCT1ZGRXhURlJvUjAxcVFYUk9lbHBHVGxWVk5WSnJTWGxPZWtFelRWUmpNMDlFVlhwTlJHdDRUVkU5UFE9PQ==,D:\github\exoneracoes_nomeacoes_dou\LAKE\RJ\2015\12\DOERJ_PARTE_I_PODER_EXECUTIVO_2015-12-03.md
RJ,Diario Oficial do Estado do Rio de Janeiro,2015-12-03,Parte I (Poder Executivo),nomeacao,LUIZ CARLOS DA SILVA DOS SANTOS,,,,,Wilson Jose Witzel - Governador,Wilson Jose Witzel,Executivo estadual,sim,LUIZ CARLOS DA SILVA DOS SANTOS:PER,sim,,,"NOMEAR LUIZ CARLOS DA SILVA DOS SANTOS para exercer, com validade a contar de 01 de dezembro de 2015, o cargo em comissão de Secretário I, símbolo DAI-4, da",https://www.ioerj.com.br/portal/modules/conteudoonline/mostra_edicao.php?session=VVdwQ1JGRlVVVEJQVlVWMFRqQktRMDFETURCT1ZGRXhURlJvUjAxcVFYUk9lbHBHVGxWVk5WSnJTWGxPZWtFelRWUmpNMDlFVlhwTlJHdDRUVkU5UFE9PQ==,D:\github\exoneracoes_nomeacoes_dou\LAKE\RJ\2015\12\DOERJ_PARTE_I_PODER_EXECUTIVO_2015-12-03.md
RJ,Diario Oficial do Estado do Rio de Janeiro,2015-12-03,Parte I (Poder Executivo),exoneracao,ERIKA BERARDO RUCKER,,,,,Wilson Jose Witzel - Governador,Wilson Jose Witzel,Executivo estadual,sim,ERIKA BERARDO RUCKER:PER,sim,do cargo em comissão de Assessor III,do Instituto Estadual do Ambiente -INEA,"EXONERAR a pedido e com validade a contar de 08 de setembro de 2015, ERIKA BERARDO RUCKER do cargo em comissão de Assessor III, símbolo DAI-5, do Instituto Estadual do Ambiente -INEA, da",https://www.ioerj.com.br/portal/modules/conteudoonline/mostra_edicao.php?session=VVdwQ1JGRlVVVEJQVlVWMFRqQktRMDFETURCT1ZGRXhURlJvUjAxcVFYUk9lbHBHVGxWVk5WSnJTWGxPZWtFelRWUmpNMDlFVlhwTlJHdDRUVkU5UFE9PQ==,D:\github\exoneracoes_nomeacoes_dou\LAKE\RJ\2015\12\DOERJ_PARTE_I_PODER_EXECUTIVO_2015-12-03.md
RJ,Diario Oficial do Estado do Rio de Janeiro,2015-12-03,Parte I (Poder Executivo),exoneracao,WINDSON MACIEL,5011958-3,,,,Wilson Jose Witzel - Governador,Wilson Jose Witzel,Executivo estadual,sim,WINDSON MACIEL:MISC|Windson Maciel:PER,sim,do cargo em comissão de Assessor,,"EXONERAR a pedido e com validade a contar de 01 de dezembro de 2015 , WINDSON MACIEL, ID FUNCIONAL Nº 5011958-3 , do cargo em comissão de Assessor, símbolo DAS-8, da",https://www.ioerj.com.br/portal/modules/conteudoonline/mostra_edicao.php?session=VVdwQ1JGRlVVVEJQVlVWMFRqQktRMDFETURCT1ZGRXhURlJvUjAxcVFYUk9lbHBHVGxWVk5WSnJTWGxPZWtFelRWUmpNMDlFVlhwTlJHdDRUVkU5UFE9PQ==,D:\github\exoneracoes_nomeacoes_dou\LAKE\RJ\2015\12\DOERJ_PARTE_I_PODER_EXECUTIVO_2015-12-03.md
RJ,Diario Oficial do Estado do Rio de Janeiro,2015-12-03,Parte I (Poder Executivo),exoneracao,VAGNER CATALINO CAMBERLIN,4460649-4,,Governador,1,Wilson Jose Witzel - Governador,Wilson Jose Witzel,Executivo estadual,sim,CATALINO CAMBERLIN:MISC|Vagner Catalino Camberlin:PER,sim,do cargo em comissão de Pró-Reitor,da Fundação Centro Universitário Estadual da Zona Oeste - UEZO,"EXONERAR com validade a contar de 23 de novembro de 2015, VAGNER CATALINO CAMBERLIN, ID FUNCIONAL Nº 4460649-4, do cargo em comissão de Pró-Reitor, símbolo UEZO-3, da Fundação Centro Universitário Estadual da Zona Oeste - UEZO, da",https://www.ioerj.com.br/portal/modules/conteudoonline/mostra_edicao.php?session=VVdwQ1JGRlVVVEJQVlVWMFRqQktRMDFETURCT1ZGRXhURlJvUjAxcVFYUk9lbHBHVGxWVk5WSnJTWGxPZWtFelRWUmpNMDlFVlhwTlJHdDRUVkU5UFE9PQ==,D:\github\exoneracoes_nomeacoes_dou\LAKE\RJ\2015\12\DOERJ_PARTE_I_PODER_EXECUTIVO_2015-12-03.md
RJ,Diario Oficial do Estado do Rio de Janeiro,2015-12-03,Parte I (Poder Executivo),exoneracao,ROBERTA DA SILVA SANCHES,2409206-1,,Secretario,5,Wilson Jose Witzel - Governador,Wilson Jose Witzel,Executivo estadual,sim,Roberta Da Silva Sanches:PER,sim,do cargo em comissão de DIRETOR DE DIVISÃO,,"EXONERAR ROBERTA DA SILVA SANCHES, ID Funcional nº 2409206-1, do cargo em comissão de DIRETOR DE DIVISÃO, símbolo DAS-6, do(a) Subsecretaria Militar, do(a)",https://www.ioerj.com.br/portal/modules/conteudoonline/mostra_edicao.php?session=VVdwQ1JGRlVVVEJQVlVWMFRqQktRMDFETURCT1ZGRXhURlJvUjAxcVFYUk9lbHBHVGxWVk5WSnJTWGxPZWtFelRWUmpNMDlFVlhwTlJHdDRUVkU5UFE9PQ==,D:\github\exoneracoes_nomeacoes_dou\LAKE\RJ\2015\12\DOERJ_PARTE_I_PODER_EXECUTIVO_2015-12-03.md
RJ,Diario Oficial do Estado do Rio de Janeiro,2015-12-03,Parte I (Poder Executivo),exoneracao,FABIO FRIAS LAVIOLA DE FREITAS,3220143-5,,Secretario,5,Wilson Jose Witzel - Governador,Wilson Jose Witzel,Executivo estadual,sim,FABIO FRIAS:MISC|Fabio Frias Laviola:PER,sim,do cargo em comissão de DIRETOR DE DIRETORIA,,"EXONERAR FABIO FRIAS LAVIOLA DE FREITAS, ID Funcional nº 3220143-5, do cargo em comissão de DIRETOR DE DIRETORIA, símbolo DAS-8, do(a) Diretoria de Segurança das Instalações, do(a) Superintendência de Segurança, do(a) Subsecretaria Adjunta de Planejamento, do(a) Subsecretaria Militar, do(a)",https://www.ioerj.com.br/portal/modules/conteudoonline/mostra_edicao.php?session=VVdwQ1JGRlVVVEJQVlVWMFRqQktRMDFETURCT1ZGRXhURlJvUjAxcVFYUk9lbHBHVGxWVk5WSnJTWGxPZWtFelRWUmpNMDlFVlhwTlJHdDRUVkU5UFE9PQ==,D:\github\exoneracoes_nomeacoes_dou\LAKE\RJ\2015\12\DOERJ_PARTE_I_PODER_EXECUTIVO_2015-12-03.md
RJ,Diario Oficial do Estado do Rio de Janeiro,2015-12-03,Parte I (Poder Executivo),exoneracao,LUCIANA PINTO BENAMOR,5024282-2,,Secretario,5,Wilson Jose Witzel - Governador,Wilson Jose Witzel,Executivo estadual,sim,LUCIANA PINTO:PER,sim,do cargo em comissão de Assessor,da Subsecretaria de Relações Internacionais,"EXONERAR a pedido e com validade a contar de 07 de novembro de 2015, LUCIANA PINTO BENAMOR, ID FUNCIONAL Nº 5024282-2, do cargo em comissão de Assessor, símbolo DAS-7, da Assessoria de Comércio e Investimento, da Subsecretaria de Relações Internacionais, da",https://www.ioerj.com.br/portal/modules/conteudoonline/mostra_edicao.php?session=VVdwQ1JGRlVVVEJQVlVWMFRqQktRMDFETURCT1ZGRXhURlJvUjAxcVFYUk9lbHBHVGxWVk5WSnJTWGxPZWtFelRWUmpNMDlFVlhwTlJHdDRUVkU5UFE9PQ==,D:\github\exoneracoes_nomeacoes_dou\LAKE\RJ\2015\12\DOERJ_PARTE_I_PODER_EXECUTIVO_2015-12-03.md
RJ,Diario Oficial do Estado do Rio de Janeiro,2015-12-03,Parte I (Poder Executivo),exoneracao,TENENTE-CORONEL BM,,,Secretario,5,Wilson Jose Witzel - Governador,Wilson Jose Witzel,Executivo estadual,sim,BM:LOC|Tenente-Coronel Bm:PER,sim,do cargo em comissão de Comandante Intermediário,,"EXONERAR com validade a contar de 10 de novembro de 2015, SÉRGIO DA COSTA WESTERMANN , Tenente-Coronel BM, ID. Funcional nº 2685894-0, do cargo em comissão de Comandante Intermediário, símbolo DAS-8, do Comando de Bombeiro de Área - CBA V - Baixada Litorâneas, do Subcomando-Geral, do Corpo de Bombeiros Militar do Estado do Rio de Janeiro - CBMERJ, da",https://www.ioerj.com.br/portal/modules/conteudoonline/mostra_edicao.php?session=VVdwQ1JGRlVVVEJQVlVWMFRqQktRMDFETURCT1ZGRXhURlJvUjAxcVFYUk9lbHBHVGxWVk5WSnJTWGxPZWtFelRWUmpNMDlFVlhwTlJHdDRUVkU5UFE9PQ==,D:\github\exoneracoes_nomeacoes_dou\LAKE\RJ\2015\12\DOERJ_PARTE_I_PODER_EXECUTIVO_2015-12-03.md
RJ,Diario Oficial do Estado do Rio de Janeiro,2015-12-03,Parte I (Poder Executivo),nomeacao,TENENTE-CORONEL BM,2603614-2,,Secretario,5,Wilson Jose Witzel - Governador,Wilson Jose Witzel,Executivo estadual,sim,BM:LOC|Tenente-Coronel Bm:PER,sim,,,"NOMEAR JORGE ALBERTO COUTINHO VINCENZI , Tenente-Coronel BM, ID Funcional nº 2603614-2, para exercer, com validade a contar de 10 de novembro de 2015, o cargo em comissão de Comandante Intermediário, símbolo DAS-8, do Comando de Bombeiro de Área -CBA V Baixada Litorâneas, do Subcomando-Geral, do Corpo de Bombeiros Militar do Estado do Rio de Janeiro - CBMERJ, da",https://www.ioerj.com.br/portal/modules/conteudoonline/mostra_edicao.php?session=VVdwQ1JGRlVVVEJQVlVWMFRqQktRMDFETURCT1ZGRXhURlJvUjAxcVFYUk9lbHBHVGxWVk5WSnJTWGxPZWtFelRWUmpNMDlFVlhwTlJHdDRUVkU5UFE9PQ==,D:\github\exoneracoes_nomeacoes_dou\LAKE\RJ\2015\12\DOERJ_PARTE_I_PODER_EXECUTIVO_2015-12-03.md
RJ,Diario Oficial do Estado do Rio de Janeiro,2015-12-03,Parte I (Poder Executivo),nomeacao,TENENTE-CORONEL BM,2647327-5,,Secretario,5,Wilson Jose Witzel - Governador,Wilson Jose Witzel,Executivo estadual,sim,BM:LOC|Tenente-Coronel Bm:PER,sim,,,"NOMEAR ROBERTO MARQUES CAVALCANTI , Tenente-Coronel BM, ID Funcional nº 2647327-5, para exercer, com validade a contar de 22 de outubro de 2015, o cargo em comissão de Subdiretor Geral, símbolo DAS-7, do Subdiretor Geral de Odontologia, da Diretoria-Geral de Odontologia, do Subcomando-Geral, do Corpo de Bombeiros Militar do Estado do Rio de Janeiro - CBMERJ, da",https://www.ioerj.com.br/portal/modules/conteudoonline/mostra_edicao.php?session=VVdwQ1JGRlVVVEJQVlVWMFRqQktRMDFETURCT1ZGRXhURlJvUjAxcVFYUk9lbHBHVGxWVk5WSnJTWGxPZWtFelRWUmpNMDlFVlhwTlJHdDRUVkU5UFE9PQ==,D:\github\exoneracoes_nomeacoes_dou\LAKE\RJ\2015\12\DOERJ_PARTE_I_PODER_EXECUTIVO_2015-12-03.md
RJ,Diario Oficial do Estado do Rio de Janeiro,2015-12-02,Parte I (Poder Executivo),exoneracao,ID FUNCIONAL ID: 1918226 ##,,,Governador,1,Wilson Jose Witzel - Governador,Wilson Jose Witzel,Executivo estadual,sim,ID FUNCIONAL:PER,sim,,,"EXONERAR a pedido e com validade a contar de 01 de dezembro de 2015, MARCELO CARLOS LINS VERTIS , ID FUNCIONAL Id: 1918226 ##",https://www.ioerj.com.br/portal/modules/conteudoonline/mostra_edicao.php?session=VFVWVk0xSnFXWGRSYTAxMFRVVktSRTU1TURCU1ZWRTFURlZHUmxGcVJYUlJla1pGVDBWWk0xSlVZM2RQVlZwR1RWUmpNMDlFVlhwTlZFRXpUbWM5UFE9PQ==,D:\github\exoneracoes_nomeacoes_dou\LAKE\RJ\2015\12\DOERJ_PARTE_I_PODER_EXECUTIVO_2015-12-02.md
RJ,Diario Oficial do Estado do Rio de Janeiro,2015-12-02,Parte I (Poder Executivo),nomeacao,ALEXANDRE ANDRADE DE SOUZA,,,Secretario,5,Wilson Jose Witzel - Governador,Wilson Jose Witzel,Executivo estadual,sim,Alexandre Andrade De Souza:PER,sim,,,"NOMEAR em caráter provisório e na condição sub judice, ALEXANDRE ANDRADE DE SOUZA para ocupar o cargo de Inspetor de Segurança e Administração Penitenciária, Classe Inicial, do Quadro I -Permanente da Administração Direta do Poder Executivo do Estado, da",https://www.ioerj.com.br/portal/modules/conteudoonline/mostra_edicao.php?session=VFVWVk0xSnFXWGRSYTAxMFRVVktSRTU1TURCU1ZWRTFURlZHUmxGcVJYUlJla1pGVDBWWk0xSlVZM2RQVlZwR1RWUmpNMDlFVlhwTlZFRXpUbWM5UFE9PQ==,D:\github\exoneracoes_nomeacoes_dou\LAKE\RJ\2015\12\DOERJ_PARTE_I_PODER_EXECUTIVO_2015-12-02.md
RJ,Diario Oficial do Estado do Rio de Janeiro,2015-12-02,Parte I (Poder Executivo),nomeacao,MARIVALDO RODRIGUES DE ALMEIDA,4363551-2,,Secretario,5,Wilson Jose Witzel - Governador,Wilson Jose Witzel,Executivo estadual,sim,Marivaldo Rodrigues De Almeida:PER,sim,,,"NOMEAR MARIVALDO RODRIGUES DE ALMEIDA para exercer, com validade a contar de 01 de dezembro de 2015, o cargo em comissão de Assessor II, símbolo DAI-6, da Vice-Governadoria do Estado, anteriormente ocupado por Evandro das Neves, ID Funcional nº 4363551-2. Processo nº E-12/001/2486/2015",https://www.ioerj.com.br/portal/modules/conteudoonline/mostra_edicao.php?session=VFVWVk0xSnFXWGRSYTAxMFRVVktSRTU1TURCU1ZWRTFURlZHUmxGcVJYUlJla1pGVDBWWk0xSlVZM2RQVlZwR1RWUmpNMDlFVlhwTlZFRXpUbWM5UFE9PQ==,D:\github\exoneracoes_nomeacoes_dou\LAKE\RJ\2015\12\DOERJ_PARTE_I_PODER_EXECUTIVO_2015-12-02.md
RJ,Diario Oficial do Estado do Rio de Janeiro,2015-12-02,Parte I (Poder Executivo),nomeacao,ADRIANNA DA COSTA BRITO,,,Secretario,5,Wilson Jose Witzel - Governador,Wilson Jose Witzel,Executivo estadual,sim,COSTA BRITO:LOC|Adrianna Da Costa Brito:PER,sim,,,"NOMEAR ADRIANNA DA COSTA BRITO para exercer, com validade a contar de 01 de dezembro de 2015, o cargo em comissão de Assessor, símbolo DAS-8, da",https://www.ioerj.com.br/portal/modules/conteudoonline/mostra_edicao.php?session=VFVWVk0xSnFXWGRSYTAxMFRVVktSRTU1TURCU1ZWRTFURlZHUmxGcVJYUlJla1pGVDBWWk0xSlVZM2RQVlZwR1RWUmpNMDlFVlhwTlZFRXpUbWM5UFE9PQ==,D:\github\exoneracoes_nomeacoes_dou\LAKE\RJ\2015\12\DOERJ_PARTE_I_PODER_EXECUTIVO_2015-12-02.md
RJ,Diario Oficial do Estado do Rio de Janeiro,2015-12-02,Parte I (Poder Executivo),nomeacao,DANIEL DE ALMEIDA TOURINHO,,,Secretario,5,Wilson Jose Witzel - Governador,Wilson Jose Witzel,Executivo estadual,sim,DANIEL DE ALMEIDA:PER,sim,,,"NOMEAR DANIEL DE ALMEIDA TOURINHO para exercer, com validade a contar de 06 de novembro de 2015, o cargo em comissão de Assistente, símbolo DAS-6, da",https://www.ioerj.com.br/portal/modules/conteudoonline/mostra_edicao.php?session=VFVWVk0xSnFXWGRSYTAxMFRVVktSRTU1TURCU1ZWRTFURlZHUmxGcVJYUlJla1pGVDBWWk0xSlVZM2RQVlZwR1RWUmpNMDlFVlhwTlZFRXpUbWM5UFE9PQ==,D:\github\exoneracoes_nomeacoes_dou\LAKE\RJ\2015\12\DOERJ_PARTE_I_PODER_EXECUTIVO_2015-12-02.md
RJ,Diario Oficial do Estado do Rio de Janeiro,2015-12-02,Parte I (Poder Executivo),nomeacao,LORRANNY DAS NUPCIAS SOUZA,,,Secretario,5,Wilson Jose Witzel - Governador,Wilson Jose Witzel,Executivo estadual,sim,LORRANNY DAS NUPCIAS SOUZA:MISC|Lorranny Das Nupcias Souza:PER,sim,,,"NOMEAR LORRANNY DAS NUPCIAS SOUZA para exercer, com validade a contar de 01 de dezembro de 2015, o cargo em comissão de Ajudante I, símbolo DAI-1, da",https://www.ioerj.com.br/portal/modules/conteudoonline/mostra_edicao.php?session=VFVWVk0xSnFXWGRSYTAxMFRVVktSRTU1TURCU1ZWRTFURlZHUmxGcVJYUlJla1pGVDBWWk0xSlVZM2RQVlZwR1RWUmpNMDlFVlhwTlZFRXpUbWM5UFE9PQ==,D:\github\exoneracoes_nomeacoes_dou\LAKE\RJ\2015\12\DOERJ_PARTE_I_PODER_EXECUTIVO_2015-12-02.md
RJ,Diario Oficial do Estado do Rio de Janeiro,2015-12-02,Parte I (Poder Executivo),exoneracao,TENENTE-CORONEL PM,3220125-7,,Secretario,5,Wilson Jose Witzel - Governador,Wilson Jose Witzel,Executivo estadual,sim,Tenente-Coronel Pm:PER,sim,do cargo em comissão de Assistente,,"EXONERAR com validade a contar de 28 de outubro de 2015, ROSANA FERNANDES DE PAULA , Tenente-Coronel PM, ID Funcional nº 3220125-7, do cargo em comissão de Assistente, símbolo DAS-6, da Chefe da Seção Administrativa de Saúde - DGS, da Polícia Militar do Estado do Rio de Janeiro, da",https://www.ioerj.com.br/portal/modules/conteudoonline/mostra_edicao.php?session=VFVWVk0xSnFXWGRSYTAxMFRVVktSRTU1TURCU1ZWRTFURlZHUmxGcVJYUlJla1pGVDBWWk0xSlVZM2RQVlZwR1RWUmpNMDlFVlhwTlZFRXpUbWM5UFE9PQ==,D:\github\exoneracoes_nomeacoes_dou\LAKE\RJ\2015\12\DOERJ_PARTE_I_PODER_EXECUTIVO_2015-12-02.md
RJ,Diario Oficial do Estado do Rio de Janeiro,2015-12-02,Parte I (Poder Executivo),nomeacao,ELIANE PEREIRA RODRIGUES,,,Secretario,5,Wilson Jose Witzel - Governador,Wilson Jose Witzel,Executivo estadual,sim,PEREIRA RODRIGUES:MISC|Eliane Pereira Rodrigues:PER,sim,,,"NOMEAR ELIANE PEREIRA RODRIGUES para exercer, com validade a contar de 01 de dezembro de 2015, o cargo em comissão de Ajudante I, símbolo DAI-1, do Apoio Técnico aos Municípios, da",https://www.ioerj.com.br/portal/modules/conteudoonline/mostra_edicao.php?session=VFVWVk0xSnFXWGRSYTAxMFRVVktSRTU1TURCU1ZWRTFURlZHUmxGcVJYUlJla1pGVDBWWk0xSlVZM2RQVlZwR1RWUmpNMDlFVlhwTlZFRXpUbWM5UFE9PQ==,D:\github\exoneracoes_nomeacoes_dou\LAKE\RJ\2015\12\DOERJ_PARTE_I_PODER_EXECUTIVO_2015-12-02.md
RJ,Diario Oficial do Estado do Rio de Janeiro,2015-12-02,Parte I (Poder Executivo),nomeacao,RICARDO SILVA MAGALHÃES,,,Secretario,5,Wilson Jose Witzel - Governador,Wilson Jose Witzel,Executivo estadual,sim,RICARDO SILVA MAGALHÃES:PER,sim,,,"NOMEAR RICARDO SILVA MAGALHÃES para exercer, com validade a contar de 01 de dezembro de 2015, o cargo em comissão de Assistente II, símbolo DAI-6, da",https://www.ioerj.com.br/portal/modules/conteudoonline/mostra_edicao.php?session=VFVWVk0xSnFXWGRSYTAxMFRVVktSRTU1TURCU1ZWRTFURlZHUmxGcVJYUlJla1pGVDBWWk0xSlVZM2RQVlZwR1RWUmpNMDlFVlhwTlZFRXpUbWM5UFE9PQ==,D:\github\exoneracoes_nomeacoes_dou\LAKE\RJ\2015\12\DOERJ_PARTE_I_PODER_EXECUTIVO_2015-12-02.md
RJ,Diario Oficial do Estado do Rio de Janeiro,2015-12-02,Parte I (Poder Executivo),nomeacao,GEISIELE DA SILVA CUNHA,,,Secretario,5,Wilson Jose Witzel - Governador,Wilson Jose Witzel,Executivo estadual,sim,GEISIELE:MISC|Geisiele Da Silva Cunha:PER,sim,,,"NOMEAR GEISIELE DA SILVA CUNHA para exercer, com validade a contar de 01 de dezembro de 2015, o cargo em comissão de Assistente II, símbolo DAI-6, da",https://www.ioerj.com.br/portal/modules/conteudoonline/mostra_edicao.php?session=VFVWVk0xSnFXWGRSYTAxMFRVVktSRTU1TURCU1ZWRTFURlZHUmxGcVJYUlJla1pGVDBWWk0xSlVZM2RQVlZwR1RWUmpNMDlFVlhwTlZFRXpUbWM5UFE9PQ==,D:\github\exoneracoes_nomeacoes_dou\LAKE\RJ\2015\12\DOERJ_PARTE_I_PODER_EXECUTIVO_2015-12-02.md
RJ,Diario Oficial do Estado do Rio de Janeiro,2015-12-02,Parte I (Poder Executivo),nomeacao,SIMONE SELLES CHAVES,,,Secretario,5,Wilson Jose Witzel - Governador,Wilson Jose Witzel,Executivo estadual,sim,SELLES CHAVES:MISC|Simone Selles Chaves:PER,sim,,,"NOMEAR SIMONE SELLES CHAVES para exercer, com validade a contar de 01 de dezembro de 2015, o cargo em comissão de Assistente II, símbolo DAI-6, da",https://www.ioerj.com.br/portal/modules/conteudoonline/mostra_edicao.php?session=VFVWVk0xSnFXWGRSYTAxMFRVVktSRTU1TURCU1ZWRTFURlZHUmxGcVJYUlJla1pGVDBWWk0xSlVZM2RQVlZwR1RWUmpNMDlFVlhwTlZFRXpUbWM5UFE9PQ==,D:\github\exoneracoes_nomeacoes_dou\LAKE\RJ\2015\12\DOERJ_PARTE_I_PODER_EXECUTIVO_2015-12-02.md
RJ,Diario Oficial do Estado do Rio de Janeiro,2015-12-02,Parte I (Poder Executivo),nomeacao,TAINA GUILHERME FANTESIA,,,Secretario,5,Wilson Jose Witzel - Governador,Wilson Jose Witzel,Executivo estadual,sim,GUILHERME FANTESIA:MISC|Guilherme Fantesia:PER,sim,,,"NOMEAR TAINA GUILHERME FANTESIA para exercer, com validade a contar de 01 de dezembro de 2015, o cargo em comissão de Auxiliar I, símbolo DAI-4, da",https://www.ioerj.com.br/portal/modules/conteudoonline/mostra_edicao.php?session=VFVWVk0xSnFXWGRSYTAxMFRVVktSRTU1TURCU1ZWRTFURlZHUmxGcVJYUlJla1pGVDBWWk0xSlVZM2RQVlZwR1RWUmpNMDlFVlhwTlZFRXpUbWM5UFE9PQ==,D:\github\exoneracoes_nomeacoes_dou\LAKE\RJ\2015\12\DOERJ_PARTE_I_PODER_EXECUTIVO_2015-12-02.md
RJ,Diario Oficial do Estado do Rio de Janeiro,2015-12-02,Parte I (Poder Executivo),nomeacao,REGIANE TERESINHA,5021422-5,,Secretario,5,Wilson Jose Witzel - Governador,Wilson Jose Witzel,Executivo estadual,sim,REGIANE TERESINHA:PER,sim,,,"NOMEAR REGIANE TERESINHA DA CONCEIÇÃO BARROS , ID FUNCIONAL Nº 5021422-5, para exercer, com validade a contar de 01 de dezembro de 2015, o cargo em comissão de Assessor, símbolo DAS-7, da",https://www.ioerj.com.br/portal/modules/conteudoonline/mostra_edicao.php?session=VFVWVk0xSnFXWGRSYTAxMFRVVktSRTU1TURCU1ZWRTFURlZHUmxGcVJYUlJla1pGVDBWWk0xSlVZM2RQVlZwR1RWUmpNMDlFVlhwTlZFRXpUbWM5UFE9PQ==,D:\github\exoneracoes_nomeacoes_dou\LAKE\RJ\2015\12\DOERJ_PARTE_I_PODER_EXECUTIVO_2015-12-02.md
RJ,Diario Oficial do Estado do Rio de Janeiro,2015-12-02,Parte I (Poder Executivo),nomeacao,LEONARDO DE AMORIM DIAS,,,Secretario,5,Wilson Jose Witzel - Governador,Wilson Jose Witzel,Executivo estadual,sim,LEONARDO DE AMORIM:MISC|Leonardo De Amorim Dias:PER,sim,,da Fundação Teatro Municipal do Rio de Janeiro - FTM/RJ,"NOMEAR LEONARDO DE AMORIM DIAS para exercer, com validade a contar de 05 de novembro de 2015, o cargo em comissão de Encarregado Técnico, símbolo DAI-5, da Fundação Teatro Municipal do Rio de Janeiro - FTM/RJ, da",https://www.ioerj.com.br/portal/modules/conteudoonline/mostra_edicao.php?session=VFVWVk0xSnFXWGRSYTAxMFRVVktSRTU1TURCU1ZWRTFURlZHUmxGcVJYUlJla1pGVDBWWk0xSlVZM2RQVlZwR1RWUmpNMDlFVlhwTlZFRXpUbWM5UFE9PQ==,D:\github\exoneracoes_nomeacoes_dou\LAKE\RJ\2015\12\DOERJ_PARTE_I_PODER_EXECUTIVO_2015-12-02.md
RJ,Diario Oficial do Estado do Rio de Janeiro,2015-12-02,Parte I (Poder Executivo),exoneracao,OSVALDO JOSÉ,5018446-6,,Secretario,5,Wilson Jose Witzel - Governador,Wilson Jose Witzel,Executivo estadual,sim,OSVALDO JOSÉ:MISC|Osvaldo José:PER,sim,do cargo em comissão de Ajudante III,da Fundação Teatro Municipal do Rio de Janeiro - FTM/RJ,"EXONERAR a pedido e com validade a contar de 09 de novembro de 2015, OSVALDO JOSÉ DA SILVA , ID FUNCIONAL Nº 5018446-6, do cargo em comissão de Ajudante III, símbolo DAI-3, da Fundação Teatro Municipal do Rio de Janeiro - FTM/RJ, da",https://www.ioerj.com.br/portal/modules/conteudoonline/mostra_edicao.php?session=VFVWVk0xSnFXWGRSYTAxMFRVVktSRTU1TURCU1ZWRTFURlZHUmxGcVJYUlJla1pGVDBWWk0xSlVZM2RQVlZwR1RWUmpNMDlFVlhwTlZFRXpUbWM5UFE9PQ==,D:\github\exoneracoes_nomeacoes_dou\LAKE\RJ\2015\12\DOERJ_PARTE_I_PODER_EXECUTIVO_2015-12-02.md
RJ,Diario Oficial do Estado do Rio de Janeiro,2015-12-02,Parte I (Poder Executivo),nomeacao,GOLBERY DE COUTO E SILVA NETO,,,Secretario,5,Wilson Jose Witzel - Governador,Wilson Jose Witzel,Executivo estadual,sim,GOLBERY DE COUTO E SILVA NETO:MISC|Golbery De Couto E Silva Neto:PER,sim,,,"NOMEAR GOLBERY DE COUTO E SILVA NETO para exercer, com validade a contar de 01 de dezembro de 2015, o cargo em comissão de Diretor de Departamento, símbolo DAS-7, da",https://www.ioerj.com.br/portal/modules/conteudoonline/mostra_edicao.php?session=VFVWVk0xSnFXWGRSYTAxMFRVVktSRTU1TURCU1ZWRTFURlZHUmxGcVJYUlJla1pGVDBWWk0xSlVZM2RQVlZwR1RWUmpNMDlFVlhwTlZFRXpUbWM5UFE9PQ==,D:\github\exoneracoes_nomeacoes_dou\LAKE\RJ\2015\12\DOERJ_PARTE_I_PODER_EXECUTIVO_2015-12-02.md
RJ,Diario Oficial do Estado do Rio de Janeiro,2015-12-02,Parte I (Poder Executivo),nomeacao,NATALIA CÂNDIDO DE OLIVEIRA SOUTOSA,,,Secretario,5,Wilson Jose Witzel - Governador,Wilson Jose Witzel,Executivo estadual,sim,CÂNDIDO:LOC|Natalia Cândido:PER,sim,,,"NOMEAR NATALIA CÂNDIDO DE OLIVEIRA SOUTOSA para exercer, com validade a contar de 01 de dezembro de 2015, o cargo em comissão de Assistente II, símbolo DAI-6, da",https://www.ioerj.com.br/portal/modules/conteudoonline/mostra_edicao.php?session=VFVWVk0xSnFXWGRSYTAxMFRVVktSRTU1TURCU1ZWRTFURlZHUmxGcVJYUlJla1pGVDBWWk0xSlVZM2RQVlZwR1RWUmpNMDlFVlhwTlZFRXpUbWM5UFE9PQ==,D:\github\exoneracoes_nomeacoes_dou\LAKE\RJ\2015\12\DOERJ_PARTE_I_PODER_EXECUTIVO_2015-12-02.md
RJ,Diario Oficial do Estado do Rio de Janeiro,2015-12-01,Parte I (Poder Executivo),nomeacao,LUIZ CARLOS FRÓES GARCIA,5025708-0,,Governador,1,Wilson Jose Witzel - Governador,Wilson Jose Witzel,Executivo estadual,sim,LUIZ CARLOS:PER,sim,,da Fundação Centro Estadual de Estatísticas,"NOMEAR LUIZ CARLOS FRÓES GARCIA, ID Funcional nº 5025708-0, para exercer, com validade a contar de 17 de novembro de 2015, o cargo em comissão de Vice-Presidente, símbolo VP-2, da Fundação Centro Estadual de Estatísticas, Pesquisas e Formação de Servidores Públicos, da",https://www.ioerj.com.br/portal/modules/conteudoonline/mostra_edicao.php?session=VFd0WmQwNVZXa05OUlUxMFVtcEZlVkpUTURCUmVtdDVURlZGTVUxNlRYUlBSVnBIVFdwQmVVMVVhelJQUlZGNVRWUmpNMDlFVlhwTmVsRXlUMUU5UFE9PQ==,D:\github\exoneracoes_nomeacoes_dou\LAKE\RJ\2015\12\DOERJ_PARTE_I_PODER_EXECUTIVO_2015-12-01.md
RJ,Diario Oficial do Estado do Rio de Janeiro,2015-12-01,Parte I (Poder Executivo),exoneracao,LEONARDO XAVIER,5072451-7,,Secretario,5,Wilson Jose Witzel - Governador,Wilson Jose Witzel,Executivo estadual,sim,LEONARDO XAVIER:MISC|Leonardo Xavier:PER,sim,do cargo em comissão de Ajudante II,,"EXONERAR com validade a contar de 01 de dezembro de 2015, LEONARDO XAVIER DO NASCIMENTO , ID FUNCIONAL Nº 5072451-7, do cargo em comissão de Ajudante II, símbolo DAI-2, da",https://www.ioerj.com.br/portal/modules/conteudoonline/mostra_edicao.php?session=VFd0WmQwNVZXa05OUlUxMFVtcEZlVkpUTURCUmVtdDVURlZGTVUxNlRYUlBSVnBIVFdwQmVVMVVhelJQUlZGNVRWUmpNMDlFVlhwTmVsRXlUMUU5UFE9PQ==,D:\github\exoneracoes_nomeacoes_dou\LAKE\RJ\2015\12\DOERJ_PARTE_I_PODER_EXECUTIVO_2015-12-01.md
RJ,Diario Oficial do Estado do Rio de Janeiro,2015-12-01,Parte I (Poder Executivo),nomeacao,DANNY ARAUJO DALFEOR DE BARROS,,,Secretario,5,Wilson Jose Witzel - Governador,Wilson Jose Witzel,Executivo estadual,sim,ARAUJO DALFEOR DE BARROS:MISC|Danny Araujo Dalfeor De Barros:PER,sim,para exercer o cargo em comissão de Chefe de Serviço,da Fundação Teatro Municipal do Rio de Janeiro -FTM/RJ,"NOMEAR DANNY ARAUJO DALFEOR DE BARROS para exercer o cargo em comissão de Chefe de Serviço, símbolo DAI-6, do Serviço Médico, da Divisão de Administração do Teatro Municipal, da Diretoria Administrativa e Financeira, da Fundação Teatro Municipal do Rio de Janeiro -FTM/RJ, da",https://www.ioerj.com.br/portal/modules/conteudoonline/mostra_edicao.php?session=VFd0WmQwNVZXa05OUlUxMFVtcEZlVkpUTURCUmVtdDVURlZGTVUxNlRYUlBSVnBIVFdwQmVVMVVhelJQUlZGNVRWUmpNMDlFVlhwTmVsRXlUMUU5UFE9PQ==,D:\github\exoneracoes_nomeacoes_dou\LAKE\RJ\2015\12\DOERJ_PARTE_I_PODER_EXECUTIVO_2015-12-01.md
RJ,Diario Oficial do Estado do Rio de Janeiro,2015-12-01,Parte I (Poder Executivo),nomeacao,LUCAS ROLIM FISCHER SILVA,,,Secretario,5,Wilson Jose Witzel - Governador,Wilson Jose Witzel,Executivo estadual,sim,LUCAS ROLIM FISCHER SILVA:MISC|Lucas Rolim Fischer Silva:PER,sim,,,"NOMEAR LUCAS ROLIM FISCHER SILVA para exercer, com validade a contar de 01 de dezembro de 2015, o cargo em comissão de Assistente II, símbolo DAI-6, da",https://www.ioerj.com.br/portal/modules/conteudoonline/mostra_edicao.php?session=VFd0WmQwNVZXa05OUlUxMFVtcEZlVkpUTURCUmVtdDVURlZGTVUxNlRYUlBSVnBIVFdwQmVVMVVhelJQUlZGNVRWUmpNMDlFVlhwTmVsRXlUMUU5UFE9PQ==,D:\github\exoneracoes_nomeacoes_dou\LAKE\RJ\2015\12\DOERJ_PARTE_I_PODER_EXECUTIVO_2015-12-01.md
RJ,Diario Oficial do Estado do Rio de Janeiro,2015-12-01,Parte I (Poder Executivo),nomeacao,VICTOR WILLIAM REZENDE DOS SANTOS,,,Secretario,5,Wilson Jose Witzel - Governador,Wilson Jose Witzel,Executivo estadual,sim,VICTOR WILLIAM:PER,sim,,,"NOMEAR VICTOR WILLIAM REZENDE DOS SANTOS para exercer, com validade a contar de 01 de dezembro de 2015, o cargo em comissão de Assistente II, símbolo DAI-6, da",https://www.ioerj.com.br/portal/modules/conteudoonline/mostra_edicao.php?session=VFd0WmQwNVZXa05OUlUxMFVtcEZlVkpUTURCUmVtdDVURlZGTVUxNlRYUlBSVnBIVFdwQmVVMVVhelJQUlZGNVRWUmpNMDlFVlhwTmVsRXlUMUU5UFE9PQ==,D:\github\exoneracoes_nomeacoes_dou\LAKE\RJ\2015\12\DOERJ_PARTE_I_PODER_EXECUTIVO_2015-12-01.md
RJ,Diario Oficial do Estado do Rio de Janeiro,2015-12-01,Parte I (Poder Executivo),nomeacao,PRISCILA BARBOSA DEIRÓ DE LIMA,,,Secretario,5,Wilson Jose Witzel - Governador,Wilson Jose Witzel,Executivo estadual,sim,BARBOSA:MISC|Priscila Barbosa Deiró De Lima:PER,sim,,,"NOMEAR PRISCILA BARBOSA DEIRÓ DE LIMA para exercer, com validade a contar de 01 de dezembro de 2015, o cargo em comissão de Assistente II, símbolo DAI-6, da",https://www.ioerj.com.br/portal/modules/conteudoonline/mostra_edicao.php?session=VFd0WmQwNVZXa05OUlUxMFVtcEZlVkpUTURCUmVtdDVURlZGTVUxNlRYUlBSVnBIVFdwQmVVMVVhelJQUlZGNVRWUmpNMDlFVlhwTmVsRXlUMUU5UFE9PQ==,D:\github\exoneracoes_nomeacoes_dou\LAKE\RJ\2015\12\DOERJ_PARTE_I_PODER_EXECUTIVO_2015-12-01.md
RJ,Diario Oficial do Estado do Rio de Janeiro,2015-11-30,Parte I (Poder Executivo),nomeacao,HELIO FIUZA LIMA,,,Governador,1,Wilson Jose Witzel - Governador,Wilson Jose Witzel,Executivo estadual,sim,HELIO FIUZA LIMA:MISC|Helio Fiuza Lima:PER,sim,para exercer o cargo em comissão de Chefe de Centro Social,da Fundação Leão XIII,"NOMEAR HELIO FIUZA LIMA para exercer o cargo em comissão de Chefe de Centro Social, símbolo DAI-6, do Centro Social Ramos, do Pólo de Articulação Regional II, da Diretoria de Promoção Social da Região Metropolitana, da Fundação Leão XIII, da",https://www.ioerj.com.br/portal/modules/conteudoonline/mostra_edicao.php?session=VWtSc1FsSkVSVFZSZW1OMFRsUkdSazVUTURCUmFrNUhURlZHUmxGclNYUk5hMDB6VVZSYVJrMXJWa1ZTVkZGNlRWUmpNMDlFVlhwTmVsa3lUWGM5UFE9PQ==,D:\github\exoneracoes_nomeacoes_dou\LAKE\RJ\2015\11\DOERJ_PARTE_I_PODER_EXECUTIVO_2015-11-30.md
RJ,Diario Oficial do Estado do Rio de Janeiro,2015-11-30,Parte I (Poder Executivo),exoneracao,MARIA ADRIANA LIMA JOSÉ,5072393-6,,Governador,1,Wilson Jose Witzel - Governador,Wilson Jose Witzel,Executivo estadual,sim,MARIA ADRIANA LIMA JOSÉ:PER,sim,do cargo em comissão de Chefe de Serviço,da Fundação Leão XIII,"EXONERAR MARIA ADRIANA LIMA JOSÉ, ID FUNCIONAL Nº 5072393-6, do cargo em comissão de Chefe de Serviço, símbolo DAI-6, do Serviço de Almoxarifado, da Divisão de Manutenção e Suprimentos, do Centro de Triagem de População de Rua, da Diretoria de Assistência Especializada, da Fundação Leão XIII, da",https://www.ioerj.com.br/portal/modules/conteudoonline/mostra_edicao.php?session=VWtSc1FsSkVSVFZSZW1OMFRsUkdSazVUTURCUmFrNUhURlZHUmxGclNYUk5hMDB6VVZSYVJrMXJWa1ZTVkZGNlRWUmpNMDlFVlhwTmVsa3lUWGM5UFE9PQ==,D:\github\exoneracoes_nomeacoes_dou\LAKE\RJ\2015\11\DOERJ_PARTE_I_PODER_EXECUTIVO_2015-11-30.md
RJ,Diario Oficial do Estado do Rio de Janeiro,2015-11-30,Parte I (Poder Executivo),nomeacao,MARIA APARECIDA FORTUNA SOARES,,,Secretario,5,Wilson Jose Witzel - Governador,Wilson Jose Witzel,Executivo estadual,sim,MARIA APARECIDA FORTUNA SOARES:PER,sim,,,"NOMEAR MARIA APARECIDA FORTUNA SOARES para exercer, com validade a contar de 01 de outubro de 2015, o cargo em comissão de Gerente, símbolo DAS-7, do Centro de Tecnologia de Informação e Comunicação do Estado do Rio de Janeiro - PRODERJ, da",https://www.ioerj.com.br/portal/modules/conteudoonline/mostra_edicao.php?session=VWtSc1FsSkVSVFZSZW1OMFRsUkdSazVUTURCUmFrNUhURlZHUmxGclNYUk5hMDB6VVZSYVJrMXJWa1ZTVkZGNlRWUmpNMDlFVlhwTmVsa3lUWGM5UFE9PQ==,D:\github\exoneracoes_nomeacoes_dou\LAKE\RJ\2015\11\DOERJ_PARTE_I_PODER_EXECUTIVO_2015-11-30.md
RJ,Diario Oficial do Estado do Rio de Janeiro,2015-11-30,Parte I (Poder Executivo),nomeacao,NELSON ALEXANDRE,4434618-2,,Secretario,5,Wilson Jose Witzel - Governador,Wilson Jose Witzel,Executivo estadual,sim,ALEXANDRE:MISC|Nelson Alexandre:PER,sim,para exercer o cargo em comissão de Chefe de Serviço,do Departamento de Trânsito do Estado do Rio de Janeiro -DETRAN/RJ,"NOMEAR NELSON ALEXANDRE DA SILVA , ID FUNCIONAL Nº 4434618-2, para exercer o cargo em comissão de Chefe de Serviço, símbolo DAI-6, da 23ª Circunscrição Regional de Trânsito -Barra do Piraí, da CIRETRANS E SATS, da Coordenadoria de Serviços Descentralizados, da Coordenadoria Geral de Integração de Serviços, do Departamento de Trânsito do Estado do Rio de Janeiro -DETRAN/RJ, da",https://www.ioerj.com.br/portal/modules/conteudoonline/mostra_edicao.php?session=VWtSc1FsSkVSVFZSZW1OMFRsUkdSazVUTURCUmFrNUhURlZHUmxGclNYUk5hMDB6VVZSYVJrMXJWa1ZTVkZGNlRWUmpNMDlFVlhwTmVsa3lUWGM5UFE9PQ==,D:\github\exoneracoes_nomeacoes_dou\LAKE\RJ\2015\11\DOERJ_PARTE_I_PODER_EXECUTIVO_2015-11-30.md
RJ,Diario Oficial do Estado do Rio de Janeiro,2015-11-30,Parte I (Poder Executivo),exoneracao,CAPITÃO BM,615181-7,,Secretario,5,Wilson Jose Witzel - Governador,Wilson Jose Witzel,Executivo estadual,sim,CAPITÃO BM:PER,sim,do cargo em comissão de Coordenador,,"EXONERAR com validade a contar de 27 de outubro de 2015, JANAINA FLEURY PINHEIRO , Capitão BM, QOS/Med/02, ID Funcional nº 615181-7, do cargo em comissão de Coordenador, símbolo DAS-7, da Coordenação de Análise Médica, da Coordenação Geral de Controle e Concessão de Vale Social, da",https://www.ioerj.com.br/portal/modules/conteudoonline/mostra_edicao.php?session=VWtSc1FsSkVSVFZSZW1OMFRsUkdSazVUTURCUmFrNUhURlZHUmxGclNYUk5hMDB6VVZSYVJrMXJWa1ZTVkZGNlRWUmpNMDlFVlhwTmVsa3lUWGM5UFE9PQ==,D:\github\exoneracoes_nomeacoes_dou\LAKE\RJ\2015\11\DOERJ_PARTE_I_PODER_EXECUTIVO_2015-11-30.md
RJ,Diario Oficial do Estado do Rio de Janeiro,2015-11-30,Parte I (Poder Executivo),nomeacao,MONIQUE DA SILVA GUIMARÃES,,,Secretario,5,Wilson Jose Witzel - Governador,Wilson Jose Witzel,Executivo estadual,sim,MONIQUE DA SILVA GUIMARÃES:PER,sim,,do Departamento Geral de Administração e Finanças,"NOMEAR MONIQUE DA SILVA GUIMARÃES para exercer, com validade a contar de 10 de novembro de 2015, o cargo em comissão de Assessor, símbolo DAS-7, do Departamento Geral de Administração e Finanças, da",https://www.ioerj.com.br/portal/modules/conteudoonline/mostra_edicao.php?session=VWtSc1FsSkVSVFZSZW1OMFRsUkdSazVUTURCUmFrNUhURlZHUmxGclNYUk5hMDB6VVZSYVJrMXJWa1ZTVkZGNlRWUmpNMDlFVlhwTmVsa3lUWGM5UFE9PQ==,D:\github\exoneracoes_nomeacoes_dou\LAKE\RJ\2015\11\DOERJ_PARTE_I_PODER_EXECUTIVO_2015-11-30.md
RJ,Diario Oficial do Estado do Rio de Janeiro,2015-11-27,Parte I (Poder Executivo),nomeacao,LEANDRO DA SILVA DE OLIVEIRA,,,Secretario,5,Wilson Jose Witzel - Governador,Wilson Jose Witzel,Executivo estadual,sim,LEANDRO DA SILVA DE OLIVEIRA:MISC|Leandro Da Silva De Oliveira:PER,sim,,,"NOMEAR LEANDRO DA SILVA DE OLIVEIRA para ocupar o cargo de Inspetor de Segurança e Administração Penitenciária, Classe III, do Quadro I -Permanente da Administração Direta do Poder Executivo do Estado, da",https://www.ioerj.com.br/portal/modules/conteudoonline/mostra_edicao.php?session=VDBSck1GSnFZek5QUkZsMFVYcEpOVkY1TURCTmFrSkNURlZGTkU1cVZYUlJhMUY1VFVSS1FsRlZTa1ZTYW1zelRWUmpNMDlFVlhwT1JFRjNUbWM5UFE9PQ==,D:\github\exoneracoes_nomeacoes_dou\LAKE\RJ\2015\11\DOERJ_PARTE_I_PODER_EXECUTIVO_2015-11-27.md
RJ,Diario Oficial do Estado do Rio de Janeiro,2015-11-27,Parte I (Poder Executivo),nomeacao,CARLOS VITOR FERNANDES DOS SANTOS,,,Secretario,5,Wilson Jose Witzel - Governador,Wilson Jose Witzel,Executivo estadual,sim,CARLOS VITOR FERNANDES DOS SANTOS:PER,sim,,da Superintendência de Controle e Acompanhamento da Dívida Pública Estadual,"NOMEAR CARLOS VITOR FERNANDES DOS SANTOS para exercer, com validade a contar de 16 de novembro de 2015, o cargo em comissão de Assistente, símbolo DAS-6, da Coordenação de Controle e Execução do Pagamento da Dívida Pública da Administração Direta, da Superintendência de Controle e Acompanhamento da Dívida Pública Estadual, da Subsecretaria de Finanças, da",https://www.ioerj.com.br/portal/modules/conteudoonline/mostra_edicao.php?session=VDBSck1GSnFZek5QUkZsMFVYcEpOVkY1TURCTmFrSkNURlZGTkU1cVZYUlJhMUY1VFVSS1FsRlZTa1ZTYW1zelRWUmpNMDlFVlhwT1JFRjNUbWM5UFE9PQ==,D:\github\exoneracoes_nomeacoes_dou\LAKE\RJ\2015\11\DOERJ_PARTE_I_PODER_EXECUTIVO_2015-11-27.md
RJ,Diario Oficial do Estado do Rio de Janeiro,2015-11-27,Parte I (Poder Executivo),nomeacao,PEDRO PEREIRA RAUPP,,,Secretario,5,Wilson Jose Witzel - Governador,Wilson Jose Witzel,Executivo estadual,sim,PEREIRA RAUPP:MISC|Pedro Pereira Raupp:PER,sim,,,"NOMEAR PEDRO PEREIRA RAUPP para exercer, com validade a contar de 01 de outubro de 2015, o cargo em comissão de Assistente, símbolo DAS-6, do Centro de Tecnologia de Informação e Comunicação do Estado do Rio de Janeiro - PRODERJ, da",https://www.ioerj.com.br/portal/modules/conteudoonline/mostra_edicao.php?session=VDBSck1GSnFZek5QUkZsMFVYcEpOVkY1TURCTmFrSkNURlZGTkU1cVZYUlJhMUY1VFVSS1FsRlZTa1ZTYW1zelRWUmpNMDlFVlhwT1JFRjNUbWM5UFE9PQ==,D:\github\exoneracoes_nomeacoes_dou\LAKE\RJ\2015\11\DOERJ_PARTE_I_PODER_EXECUTIVO_2015-11-27.md
RJ,Diario Oficial do Estado do Rio de Janeiro,2015-11-27,Parte I (Poder Executivo),nomeacao,MARIA APARECIDA PEREIRA FONSECA,,,Secretario,5,Wilson Jose Witzel - Governador,Wilson Jose Witzel,Executivo estadual,sim,MARIA APARECIDA PEREIRA:PER,sim,,da Fundação Leão XIII,"NOMEAR MARIA APARECIDA PEREIRA FONSECA para exercer, com validade a contar de 23 de novembro de 2015, o cargo em comissão de Chefe de Núcleo, símbolo DAI-5, do Núcleo de Atendimento ao Cidadão de Rio Claro, do Pólo de Articulação Regional Médio Paraíba II, da Diretoria de Promoção Social do Interior, da Fundação Leão XIII, da",https://www.ioerj.com.br/portal/modules/conteudoonline/mostra_edicao.php?session=VDBSck1GSnFZek5QUkZsMFVYcEpOVkY1TURCTmFrSkNURlZGTkU1cVZYUlJhMUY1VFVSS1FsRlZTa1ZTYW1zelRWUmpNMDlFVlhwT1JFRjNUbWM5UFE9PQ==,D:\github\exoneracoes_nomeacoes_dou\LAKE\RJ\2015\11\DOERJ_PARTE_I_PODER_EXECUTIVO_2015-11-27.md
RJ,Diario Oficial do Estado do Rio de Janeiro,2015-11-26,Parte I (Poder Executivo),exoneracao,ANTOINE AZEVEDO LOUSAO,5000341-0/2,,Governador,1,Wilson Jose Witzel - Governador,Wilson Jose Witzel,Executivo estadual,sim,ANTOINE:ORG|Antoine Azevedo Lousao:PER,sim,do cargo em comissão de Subsecretário,da Subsecretaria de Gestão de Pessoas,"EXONERAR a pedido e com validade a contar de 26 de novembro de 2015, ANTOINE AZEVEDO LOUSAO, ID FUNCIONAL Nº 5000341-0/2, do cargo em comissão de Subsecretário, símbolo SS, da Subsecretaria de Gestão de Pessoas, da",https://www.ioerj.com.br/portal/modules/conteudoonline/mostra_edicao.php?session=VFdwWk1GRnJWVFJTUlVsMFVsUmtSMDU1TURCU1JGRjZURlZLUmxGNlFYUk9WRVpFVW1wQk5FNHdXVFJTYTFaSFRWUmpNMDlFVlhwT1JHTXhUbEU5UFE9PQ==,D:\github\exoneracoes_nomeacoes_dou\LAKE\RJ\2015\11\DOERJ_PARTE_I_PODER_EXECUTIVO_2015-11-26.md
RJ,Diario Oficial do Estado do Rio de Janeiro,2015-11-26,Parte I (Poder Executivo),nomeacao,FABIO ROCHA VERBICARIO,,,Secretario,5,Wilson Jose Witzel - Governador,Wilson Jose Witzel,Executivo estadual,sim,FABIO ROCHA VERBICARIO:MISC|Fabio Rocha Verbicario:PER,sim,,,"NOMEAR em caráter provisório e na condição sub judice, FABIO ROCHA VERBICARIO para ocupar o cargo de Auditor Fiscal da Receita Estadual de 3ª Categoria, do Quadro da",https://www.ioerj.com.br/portal/modules/conteudoonline/mostra_edicao.php?session=VFdwWk1GRnJWVFJTUlVsMFVsUmtSMDU1TURCU1JGRjZURlZLUmxGNlFYUk9WRVpFVW1wQk5FNHdXVFJTYTFaSFRWUmpNMDlFVlhwT1JHTXhUbEU5UFE9PQ==,D:\github\exoneracoes_nomeacoes_dou\LAKE\RJ\2015\11\DOERJ_PARTE_I_PODER_EXECUTIVO_2015-11-26.md
RJ,Diario Oficial do Estado do Rio de Janeiro,2015-11-26,Parte I (Poder Executivo),nomeacao,JONATHAN OLIVEIRA GOMES,,,Secretario,5,Wilson Jose Witzel - Governador,Wilson Jose Witzel,Executivo estadual,sim,Jonathan Oliveira Gomes:PER,sim,,do Gabinete do Secretário,"NOMEAR JONATHAN OLIVEIRA GOMES para exercer, com validade a contar de 17 de novembro de 2015, o cargo em comissão de Assistente II, símbolo DAI-6, do Gabinete do Secretário, da",https://www.ioerj.com.br/portal/modules/conteudoonline/mostra_edicao.php?session=VFdwWk1GRnJWVFJTUlVsMFVsUmtSMDU1TURCU1JGRjZURlZLUmxGNlFYUk9WRVpFVW1wQk5FNHdXVFJTYTFaSFRWUmpNMDlFVlhwT1JHTXhUbEU5UFE9PQ==,D:\github\exoneracoes_nomeacoes_dou\LAKE\RJ\2015\11\DOERJ_PARTE_I_PODER_EXECUTIVO_2015-11-26.md
RJ,Diario Oficial do Estado do Rio de Janeiro,2015-11-26,Parte I (Poder Executivo),nomeacao,CASSIA SOARES GALLITO,,,Secretario,5,Wilson Jose Witzel - Governador,Wilson Jose Witzel,Executivo estadual,sim,SOARES GALLITO:MISC|Soares Gallito:PER,sim,,do Departamento Geral de Administração e Finanças,"NOMEAR CASSIA SOARES GALLITO para exercer, com validade a contar de 09 de novembro de 2015, o cargo em comissão de Secretário II, símbolo DAI-5, do Departamento Geral de Administração e Finanças, da Subsecretaria Geral de Fazenda, da",https://www.ioerj.com.br/portal/modules/conteudoonline/mostra_edicao.php?session=VFdwWk1GRnJWVFJTUlVsMFVsUmtSMDU1TURCU1JGRjZURlZLUmxGNlFYUk9WRVpFVW1wQk5FNHdXVFJTYTFaSFRWUmpNMDlFVlhwT1JHTXhUbEU5UFE9PQ==,D:\github\exoneracoes_nomeacoes_dou\LAKE\RJ\2015\11\DOERJ_PARTE_I_PODER_EXECUTIVO_2015-11-26.md
RJ,Diario Oficial do Estado do Rio de Janeiro,2015-11-26,Parte I (Poder Executivo),exoneracao,HEBERT MARQUES DE OLIVEIRA,5073516-0,,Secretario,5,Wilson Jose Witzel - Governador,Wilson Jose Witzel,Executivo estadual,sim,HEBERT MARQUES DE OLIVEIRA:PER,sim,do cargo em comissão de Ajudante I,,"EXONERAR com validade a contar de 04 de novembro de 2015, HEBERT MARQUES DE OLIVEIRA, ID FUNCIONAL Nº 5073516-0, do cargo em comissão de Ajudante I, símbolo DAI-1, da",https://www.ioerj.com.br/portal/modules/conteudoonline/mostra_edicao.php?session=VFdwWk1GRnJWVFJTUlVsMFVsUmtSMDU1TURCU1JGRjZURlZLUmxGNlFYUk9WRVpFVW1wQk5FNHdXVFJTYTFaSFRWUmpNMDlFVlhwT1JHTXhUbEU5UFE9PQ==,D:\github\exoneracoes_nomeacoes_dou\LAKE\RJ\2015\11\DOERJ_PARTE_I_PODER_EXECUTIVO_2015-11-26.md
RJ,Diario Oficial do Estado do Rio de Janeiro,2015-11-26,Parte I (Poder Executivo),nomeacao,THOMAZ MARCIANO GUERREIRO BRAGA DA SILVA,,,Secretario,5,Wilson Jose Witzel - Governador,Wilson Jose Witzel,Executivo estadual,sim,THOMAZ MARCIANO GUERREIRO BRAGA DA SILVA:MISC|Thomaz Marciano:PER,sim,para exercer o cargo em comissão de Ajudante I,,"NOMEAR THOMAZ MARCIANO GUERREIRO BRAGA DA SILVA para exercer o cargo em comissão de Ajudante I, símbolo DAI-1, da",https://www.ioerj.com.br/portal/modules/conteudoonline/mostra_edicao.php?session=VFdwWk1GRnJWVFJTUlVsMFVsUmtSMDU1TURCU1JGRjZURlZLUmxGNlFYUk9WRVpFVW1wQk5FNHdXVFJTYTFaSFRWUmpNMDlFVlhwT1JHTXhUbEU5UFE9PQ==,D:\github\exoneracoes_nomeacoes_dou\LAKE\RJ\2015\11\DOERJ_PARTE_I_PODER_EXECUTIVO_2015-11-26.md
RJ,Diario Oficial do Estado do Rio de Janeiro,2015-11-26,Parte I (Poder Executivo),nomeacao,RAFAEL RODRIGUES DA SILVA,,,Secretario,5,Wilson Jose Witzel - Governador,Wilson Jose Witzel,Executivo estadual,sim,RAFAEL RODRIGUES DA SILVA:PER,sim,,,"NOMEAR RAFAEL RODRIGUES DA SILVA para exercer, com validade a contar de 01 de outubro de 2015, o cargo em comissão de Assistente, símbolo DAS-6, do Centro de Tecnologia de Informação e Comunicação do Estado do Rio de Janeiro - PRODERJ, da",https://www.ioerj.com.br/portal/modules/conteudoonline/mostra_edicao.php?session=VFdwWk1GRnJWVFJTUlVsMFVsUmtSMDU1TURCU1JGRjZURlZLUmxGNlFYUk9WRVpFVW1wQk5FNHdXVFJTYTFaSFRWUmpNMDlFVlhwT1JHTXhUbEU5UFE9PQ==,D:\github\exoneracoes_nomeacoes_dou\LAKE\RJ\2015\11\DOERJ_PARTE_I_PODER_EXECUTIVO_2015-11-26.md
RJ,Diario Oficial do Estado do Rio de Janeiro,2015-11-26,Parte I (Poder Executivo),nomeacao,ALMIR CARDOSO DA SILVEIRA JÚNIOR,4411317-0,,Secretario,5,Wilson Jose Witzel - Governador,Wilson Jose Witzel,Executivo estadual,sim,CARDOSO:MISC|SILVEIRA JÚNIOR:MISC|Almir Cardoso Da Silveira Júnior:PER,sim,,,"NOMEAR ALMIR CARDOSO DA SILVEIRA JÚNIOR, ID FUNCIONAL Nº 4411317-0 , para exercer, com validade a contar de 20 de outubro de 2015, o cargo em comissão de Assistente, símbolo DAS-6, do Centro de Tecnologia de Informação e Comunicação do Estado do Rio de Janeiro -PRODERJ, da",https://www.ioerj.com.br/portal/modules/conteudoonline/mostra_edicao.php?session=VFdwWk1GRnJWVFJTUlVsMFVsUmtSMDU1TURCU1JGRjZURlZLUmxGNlFYUk9WRVpFVW1wQk5FNHdXVFJTYTFaSFRWUmpNMDlFVlhwT1JHTXhUbEU5UFE9PQ==,D:\github\exoneracoes_nomeacoes_dou\LAKE\RJ\2015\11\DOERJ_PARTE_I_PODER_EXECUTIVO_2015-11-26.md
RJ,Diario Oficial do Estado do Rio de Janeiro,2015-11-26,Parte I (Poder Executivo),nomeacao,MARIA APARECIDA FORTUNA SOARES,,,Secretario,5,Wilson Jose Witzel - Governador,Wilson Jose Witzel,Executivo estadual,sim,MARIA APARECIDA FORTUNA SOARES:PER,sim,,,"NOMEAR MARIA APARECIDA FORTUNA SOARES para exercer, com validade a contar de 01 de outubro de 2015, o cargo em comissão de Assistente, símbolo DAS-6, do Centro de Tecnologia de Informação e Comunicação do Estado do Rio de Janeiro - PRODERJ, da",https://www.ioerj.com.br/portal/modules/conteudoonline/mostra_edicao.php?session=VFdwWk1GRnJWVFJTUlVsMFVsUmtSMDU1TURCU1JGRjZURlZLUmxGNlFYUk9WRVpFVW1wQk5FNHdXVFJTYTFaSFRWUmpNMDlFVlhwT1JHTXhUbEU5UFE9PQ==,D:\github\exoneracoes_nomeacoes_dou\LAKE\RJ\2015\11\DOERJ_PARTE_I_PODER_EXECUTIVO_2015-11-26.md
RJ,Diario Oficial do Estado do Rio de Janeiro,2015-11-26,Parte I (Poder Executivo),nomeacao,MARCELO CARLOS ALVARENGA,,,Secretario,5,Wilson Jose Witzel - Governador,Wilson Jose Witzel,Executivo estadual,sim,MARCELO CARLOS ALVARENGA:MISC|Marcelo Carlos Alvarenga:PER,sim,,,"NOMEAR MARCELO CARLOS ALVARENGA para exercer, com validade a contar de 01 de novembro de 2015, o cargo em comissão de Assistente, símbolo DAS-6, da",https://www.ioerj.com.br/portal/modules/conteudoonline/mostra_edicao.php?session=VFdwWk1GRnJWVFJTUlVsMFVsUmtSMDU1TURCU1JGRjZURlZLUmxGNlFYUk9WRVpFVW1wQk5FNHdXVFJTYTFaSFRWUmpNMDlFVlhwT1JHTXhUbEU5UFE9PQ==,D:\github\exoneracoes_nomeacoes_dou\LAKE\RJ\2015\11\DOERJ_PARTE_I_PODER_EXECUTIVO_2015-11-26.md
RJ,Diario Oficial do Estado do Rio de Janeiro,2015-11-26,Parte I (Poder Executivo),nomeacao,NEIVA GONÇALVES MEIRELES,,,Secretario,5,Wilson Jose Witzel - Governador,Wilson Jose Witzel,Executivo estadual,sim,NEIVA GONÇALVES MEIRELES:PER,sim,,,"NOMEAR NEIVA GONÇALVES MEIRELES para exercer, com validade a contar de 01 de novembro de 2015, o cargo em comissão de Assistente, símbolo DAS-6, da",https://www.ioerj.com.br/portal/modules/conteudoonline/mostra_edicao.php?session=VFdwWk1GRnJWVFJTUlVsMFVsUmtSMDU1TURCU1JGRjZURlZLUmxGNlFYUk9WRVpFVW1wQk5FNHdXVFJTYTFaSFRWUmpNMDlFVlhwT1JHTXhUbEU5UFE9PQ==,D:\github\exoneracoes_nomeacoes_dou\LAKE\RJ\2015\11\DOERJ_PARTE_I_PODER_EXECUTIVO_2015-11-26.md
RJ,Diario Oficial do Estado do Rio de Janeiro,2015-11-26,Parte I (Poder Executivo),nomeacao,LUIZ ALBERTO GOMES FERREIRA,,,Secretario,5,Wilson Jose Witzel - Governador,Wilson Jose Witzel,Executivo estadual,sim,LUIZ ALBERTO:PER,sim,,da Fundação Estadual Norte Fluminense - FENORTE,"NOMEAR LUIZ ALBERTO GOMES FERREIRA para ocupar o cargo de Técnico Administrativo, do Quadro Permanente de Pessoal da Fundação Estadual Norte Fluminense - FENORTE, da",https://www.ioerj.com.br/portal/modules/conteudoonline/mostra_edicao.php?session=VFdwWk1GRnJWVFJTUlVsMFVsUmtSMDU1TURCU1JGRjZURlZLUmxGNlFYUk9WRVpFVW1wQk5FNHdXVFJTYTFaSFRWUmpNMDlFVlhwT1JHTXhUbEU5UFE9PQ==,D:\github\exoneracoes_nomeacoes_dou\LAKE\RJ\2015\11\DOERJ_PARTE_I_PODER_EXECUTIVO_2015-11-26.md
RJ,Diario Oficial do Estado do Rio de Janeiro,2015-11-26,Parte I (Poder Executivo),exoneracao,ANA CARLA LOPES DE OLIVEIRA,5034471-4,,Secretario,5,Wilson Jose Witzel - Governador,Wilson Jose Witzel,Executivo estadual,sim,ANA CARLA LOPES:PER,sim,do cargo em comissão de Secretário I,,"EXONERAR ANA CARLA LOPES DE OLIVEIRA, ID Funcional nº 5034471-4, do cargo em comissão de Secretário I, símbolo DAI-4, do(a)",https://www.ioerj.com.br/portal/modules/conteudoonline/mostra_edicao.php?session=VFdwWk1GRnJWVFJTUlVsMFVsUmtSMDU1TURCU1JGRjZURlZLUmxGNlFYUk9WRVpFVW1wQk5FNHdXVFJTYTFaSFRWUmpNMDlFVlhwT1JHTXhUbEU5UFE9PQ==,D:\github\exoneracoes_nomeacoes_dou\LAKE\RJ\2015\11\DOERJ_PARTE_I_PODER_EXECUTIVO_2015-11-26.md
