estado,diario,data_publicacao,caderno,tipo_ato,nome,id_funcional,assinante,cargo_assinante,categoria_assinante,spacy_pessoa,spacy_entidades,nome_parse_confiavel,cargo,orgao,trecho,fonte_url,arquivo_markdown
RJ,Diario Oficial do Estado do Rio de Janeiro,2022-12-31,Parte I (Poder Executivo),exoneracao,LEONARDO LOBO PIRES,5097684-2,,,,sim,LEONARDO LOBO PIRES:PER,sim,do cargo em comissão de Secretário de Estado,,"EXONERAR com validade a contar de 01 de janeiro de 2023, LEONARDO LOBO PIRES , ID FUNCIONAL Nº 5097684-2, do cargo em comissão de Secretário de Estado, símbolo SE, da",https://www.ioerj.com.br/portal/modules/conteudoonline/mostra_edicao.php?session=VFVWT1IxSlVXWGRPZWtsMFRsVlZNMDVETURCU1JVNUZURlZGZDA1cVZYUk5la2swVGpCUk1FMXFTWGhPUlVaRFRWUmpNMDU2YTNsT2Vsa3dUa0U5UFE9PQ==,D:\github\exoneracoes_nomeacoes_dou\LAKE\RJ\2022\12\DOERJ_PARTE_I_PODER_EXECUTIVO_2022-12-31.md
RJ,Diario Oficial do Estado do Rio de Janeiro,2022-12-31,Parte I (Poder Executivo),exoneracao,NICOLA MOREIRA MICCIONE,5113757-7,,,,sim,NICOLA MOREIRA MICCIONE:MISC|Nicola Moreira Miccione:PER,sim,do cargo em comissão de Secretário de Estado,,"EXONERAR com validade a contar de 01 de janeiro de 2023, NICOLA MOREIRA MICCIONE , ID FUNCIONAL Nº 5113757-7, do cargo em comissão de Secretário de Estado, símbolo SE, da",https://www.ioerj.com.br/portal/modules/conteudoonline/mostra_edicao.php?session=VFVWT1IxSlVXWGRPZWtsMFRsVlZNMDVETURCU1JVNUZURlZGZDA1cVZYUk5la2swVGpCUk1FMXFTWGhPUlVaRFRWUmpNMDU2YTNsT2Vsa3dUa0U5UFE9PQ==,D:\github\exoneracoes_nomeacoes_dou\LAKE\RJ\2022\12\DOERJ_PARTE_I_PODER_EXECUTIVO_2022-12-31.md
RJ,Diario Oficial do Estado do Rio de Janeiro,2022-12-31,Parte I (Poder Executivo),exoneracao,RODRIGO RATKUS ABE L,4275217-5,,,,sim,RODRIGO RATKUS:ORG|Rodrigo Ratkus Abe L:PER,sim,do cargo em comissão de Secretário de Estado,,"EXONERAR com validade a contar de 01 de janeiro de 2023, RODRIGO RATKUS ABE L, ID FUNCIONAL Nº 4275217-5, do cargo em comissão de Secretário de Estado, símbolo SE, da",https://www.ioerj.com.br/portal/modules/conteudoonline/mostra_edicao.php?session=VFVWT1IxSlVXWGRPZWtsMFRsVlZNMDVETURCU1JVNUZURlZGZDA1cVZYUk5la2swVGpCUk1FMXFTWGhPUlVaRFRWUmpNMDU2YTNsT2Vsa3dUa0U5UFE9PQ==,D:\github\exoneracoes_nomeacoes_dou\LAKE\RJ\2022\12\DOERJ_PARTE_I_PODER_EXECUTIVO_2022-12-31.md
RJ,Diario Oficial do Estado do Rio de Janeiro,2022-12-31,Parte I (Poder Executivo),exoneracao,RODRIGO DA SILVA BACELLAR,4369178-1,,,,sim,RODRIGO DA SILVA:MISC|Rodrigo Da Silva Bacellar:PER,sim,do cargo em comissão de Secretário de Estado,,"EXONERAR com validade a contar de 01 de janeiro de 2023, RODRIGO DA SILVA BACELLAR , ID FUNCIONAL Nº 4369178-1, do cargo em comissão de Secretário de Estado, símbolo SE, da",https://www.ioerj.com.br/portal/modules/conteudoonline/mostra_edicao.php?session=VFVWT1IxSlVXWGRPZWtsMFRsVlZNMDVETURCU1JVNUZURlZGZDA1cVZYUk5la2swVGpCUk1FMXFTWGhPUlVaRFRWUmpNMDU2YTNsT2Vsa3dUa0U5UFE9PQ==,D:\github\exoneracoes_nomeacoes_dou\LAKE\RJ\2022\12\DOERJ_PARTE_I_PODER_EXECUTIVO_2022-12-31.md
RJ,Diario Oficial do Estado do Rio de Janeiro,2022-12-31,Parte I (Poder Executivo),exoneracao,NELSON MONTEIRO DA ROCHA,5564544-1,GABINETE DO,Governador,1,sim,MONTEIRO:LOC|ROCHA:MISC|Nelson Monteiro Da Rocha:PER,sim,DA CHEFIA DO PODER EXECUTIVO (,,"EXONERAR com validade a contar de 01 de janeiro de 2023, NELSON MONTEIRO DA ROCHA , ID FUNCIONAL Nº 5564544-1, do car- S U M Á R I O <!-- image --> Atos do Poder Legislativo ............................................................... ... Atos do Poder Executivo ................................................................ ... Gabinete do Governador.............................................................. 1 Governadoria do Estado ............................................................. ... Gabinete do Vice-Governador ...................................................... ... Vice-Governadoria do Estado....................................................... ... ## ÓRGÃOS DA CHEFIA DO PODER EXECUTIVO (",https://www.ioerj.com.br/portal/modules/conteudoonline/mostra_edicao.php?session=VFVWT1IxSlVXWGRPZWtsMFRsVlZNMDVETURCU1JVNUZURlZGZDA1cVZYUk5la2swVGpCUk1FMXFTWGhPUlVaRFRWUmpNMDU2YTNsT2Vsa3dUa0U5UFE9PQ==,D:\github\exoneracoes_nomeacoes_dou\LAKE\RJ\2022\12\DOERJ_PARTE_I_PODER_EXECUTIVO_2022-12-31.md
RJ,Diario Oficial do Estado do Rio de Janeiro,2022-12-31,Parte I (Poder Executivo),exoneracao,LUIZ HENRIQUE MARINHO PIRES,2415114-9,,,,sim,LUIZ HENRIQUE MARINHO:PER,sim,do cargo em comissão de Secretário de Estado,,"EXONERAR com validade a contar de 01 de janeiro de 2023, LUIZ HENRIQUE MARINHO PIRES , ID FUNCIONAL Nº 2415114-9, Coronel PM, do cargo em comissão de Secretário de Estado, símbolo SE, da",https://www.ioerj.com.br/portal/modules/conteudoonline/mostra_edicao.php?session=VFVWT1IxSlVXWGRPZWtsMFRsVlZNMDVETURCU1JVNUZURlZGZDA1cVZYUk5la2swVGpCUk1FMXFTWGhPUlVaRFRWUmpNMDU2YTNsT2Vsa3dUa0U5UFE9PQ==,D:\github\exoneracoes_nomeacoes_dou\LAKE\RJ\2022\12\DOERJ_PARTE_I_PODER_EXECUTIVO_2022-12-31.md
RJ,Diario Oficial do Estado do Rio de Janeiro,2022-12-31,Parte I (Poder Executivo),exoneracao,MARIA ROSA LO DUCA NEBEL,1963336-0,,,,sim,MARIA ROSA LO DUCA NEBEL:PER,sim,do cargo em comissão de Secretário de Estado,,"EXONERAR com validade a contar de 01 de janeiro de 2023, MARIA ROSA LO DUCA NEBEL , ID FUNCIONAL Nº 1963336-0, Inspetor de Polícia Penal, do cargo em comissão de Secretário de Estado, símbolo SE, da",https://www.ioerj.com.br/portal/modules/conteudoonline/mostra_edicao.php?session=VFVWT1IxSlVXWGRPZWtsMFRsVlZNMDVETURCU1JVNUZURlZGZDA1cVZYUk5la2swVGpCUk1FMXFTWGhPUlVaRFRWUmpNMDU2YTNsT2Vsa3dUa0U5UFE9PQ==,D:\github\exoneracoes_nomeacoes_dou\LAKE\RJ\2022\12\DOERJ_PARTE_I_PODER_EXECUTIVO_2022-12-31.md
RJ,Diario Oficial do Estado do Rio de Janeiro,2022-12-31,Parte I (Poder Executivo),exoneracao,ALEXANDRE OTAVIO CHIEPPE,563528-4,,,,sim,ALEXANDRE:MISC|OTAVIO CHIEPPE:MISC|Alexandre Otavio Chieppe:PER,sim,do cargo em comissão de Secretário de Estado,,"EXONERAR com validade a contar de 01 de janeiro de 2023, ALEXANDRE OTAVIO CHIEPPE , ID FUNCIONAL Nº 563528-4, do cargo em comissão de Secretário de Estado, símbolo SE, da",https://www.ioerj.com.br/portal/modules/conteudoonline/mostra_edicao.php?session=VFVWT1IxSlVXWGRPZWtsMFRsVlZNMDVETURCU1JVNUZURlZGZDA1cVZYUk5la2swVGpCUk1FMXFTWGhPUlVaRFRWUmpNMDU2YTNsT2Vsa3dUa0U5UFE9PQ==,D:\github\exoneracoes_nomeacoes_dou\LAKE\RJ\2022\12\DOERJ_PARTE_I_PODER_EXECUTIVO_2022-12-31.md
RJ,Diario Oficial do Estado do Rio de Janeiro,2022-12-31,Parte I (Poder Executivo),exoneracao,ALEXANDRE VALLE CARDOSO,5104059-0,,,,sim,ALEXANDRE:MISC|CARDOSO:MISC|Alexandre Valle Cardoso:PER,sim,do cargo em comissão de Secretário de Estado,,"EXONERAR com validade a contar de 01 de janeiro de 2023, ALEXANDRE VALLE CARDOSO , ID FUNCIONAL Nº 5104059-0, do cargo em comissão de Secretário de Estado, símbolo SE, da",https://www.ioerj.com.br/portal/modules/conteudoonline/mostra_edicao.php?session=VFVWT1IxSlVXWGRPZWtsMFRsVlZNMDVETURCU1JVNUZURlZGZDA1cVZYUk5la2swVGpCUk1FMXFTWGhPUlVaRFRWUmpNMDU2YTNsT2Vsa3dUa0U5UFE9PQ==,D:\github\exoneracoes_nomeacoes_dou\LAKE\RJ\2022\12\DOERJ_PARTE_I_PODER_EXECUTIVO_2022-12-31.md
RJ,Diario Oficial do Estado do Rio de Janeiro,2022-12-31,Parte I (Poder Executivo),exoneracao,JOÃO DE MELO CARRILHO,5115105-7,,,,sim,JOÃO DE MELO CARRILHO:PER,sim,do cargo em comissão de Secretário de Estado,,"EXONERAR com validade a contar de 01 de janeiro de 2023, JOÃO DE MELO CARRILHO , ID FUNCIONAL Nº 5115105-7 do cargo em comissão de Secretário de Estado, símbolo SE, da",https://www.ioerj.com.br/portal/modules/conteudoonline/mostra_edicao.php?session=VFVWT1IxSlVXWGRPZWtsMFRsVlZNMDVETURCU1JVNUZURlZGZDA1cVZYUk5la2swVGpCUk1FMXFTWGhPUlVaRFRWUmpNMDU2YTNsT2Vsa3dUa0U5UFE9PQ==,D:\github\exoneracoes_nomeacoes_dou\LAKE\RJ\2022\12\DOERJ_PARTE_I_PODER_EXECUTIVO_2022-12-31.md
RJ,Diario Oficial do Estado do Rio de Janeiro,2022-12-31,Parte I (Poder Executivo),exoneracao,JOSE RICARDO FERREIRA DE BRITO,5086921-3,,,,sim,JOSE RICARDO FERREIRA DE BRITO:PER,sim,do cargo em comissão de Secretário de Estado,,"EXONERAR com validade a contar de 01 de janeiro de 2023, JOSE RICARDO FERREIRA DE BRITO , ID FUNCIONAL Nº 5086921-3, do cargo em comissão de Secretário de Estado, símbolo SE, da",https://www.ioerj.com.br/portal/modules/conteudoonline/mostra_edicao.php?session=VFVWT1IxSlVXWGRPZWtsMFRsVlZNMDVETURCU1JVNUZURlZGZDA1cVZYUk5la2swVGpCUk1FMXFTWGhPUlVaRFRWUmpNMDU2YTNsT2Vsa3dUa0U5UFE9PQ==,D:\github\exoneracoes_nomeacoes_dou\LAKE\RJ\2022\12\DOERJ_PARTE_I_PODER_EXECUTIVO_2022-12-31.md
RJ,Diario Oficial do Estado do Rio de Janeiro,2022-12-31,Parte I (Poder Executivo),exoneracao,ALEX SANDRO PEDROSA GRILLO,4270626-2,,,,sim,ALEX SANDRO PEDROSA:MISC|GRILLO:ORG|Alex Sandro Pedrosa Grillo:PER,sim,do cargo em comissão de Secretário de Estado,,"EXONERAR com validade a contar de 01 de janeiro de 2023, ALEX SANDRO PEDROSA GRILLO , ID FUNCIONAL Nº 4270626-2, do cargo em comissão de Secretário de Estado, símbolo SE, da",https://www.ioerj.com.br/portal/modules/conteudoonline/mostra_edicao.php?session=VFVWT1IxSlVXWGRPZWtsMFRsVlZNMDVETURCU1JVNUZURlZGZDA1cVZYUk5la2swVGpCUk1FMXFTWGhPUlVaRFRWUmpNMDU2YTNsT2Vsa3dUa0U5UFE9PQ==,D:\github\exoneracoes_nomeacoes_dou\LAKE\RJ\2022\12\DOERJ_PARTE_I_PODER_EXECUTIVO_2022-12-31.md
RJ,Diario Oficial do Estado do Rio de Janeiro,2022-12-31,Parte I (Poder Executivo),exoneracao,DANIELLE CHRISTIAN RIBEIRO BARROS,5107108-8,,,,sim,DANIELLE:ORG|Danielle Christian Ribeiro Barros:PER,sim,do cargo em comissão de Secretário de Estado,,"EXONERAR com validade a contar de 01 de janeiro de 2023, DANIELLE CHRISTIAN RIBEIRO BARROS , ID FUNCIONAL Nº 5107108-8, do cargo em comissão de Secretário de Estado, símbolo SE, da",https://www.ioerj.com.br/portal/modules/conteudoonline/mostra_edicao.php?session=VFVWT1IxSlVXWGRPZWtsMFRsVlZNMDVETURCU1JVNUZURlZGZDA1cVZYUk5la2swVGpCUk1FMXFTWGhPUlVaRFRWUmpNMDU2YTNsT2Vsa3dUa0U5UFE9PQ==,D:\github\exoneracoes_nomeacoes_dou\LAKE\RJ\2022\12\DOERJ_PARTE_I_PODER_EXECUTIVO_2022-12-31.md
RJ,Diario Oficial do Estado do Rio de Janeiro,2022-12-31,Parte I (Poder Executivo),exoneracao,JULIO CESAR SARAIVA,5107271-8,,,,sim,JULIO CESAR SARAIVA:PER,sim,do cargo em comissão de Secretário de Estado,,"EXONERAR a pedido e com validade a contar de 01 de janeiro de 2023, JULIO CESAR SARAIVA , ID FUNCIONAL Nº 5107271-8, do cargo em comissão de Secretário de Estado, símbolo SE, da",https://www.ioerj.com.br/portal/modules/conteudoonline/mostra_edicao.php?session=VFVWT1IxSlVXWGRPZWtsMFRsVlZNMDVETURCU1JVNUZURlZGZDA1cVZYUk5la2swVGpCUk1FMXFTWGhPUlVaRFRWUmpNMDU2YTNsT2Vsa3dUa0U5UFE9PQ==,D:\github\exoneracoes_nomeacoes_dou\LAKE\RJ\2022\12\DOERJ_PARTE_I_PODER_EXECUTIVO_2022-12-31.md
RJ,Diario Oficial do Estado do Rio de Janeiro,2022-12-31,Parte I (Poder Executivo),exoneracao,S AV I O LUIS FERREIRA NEVES FILHO,5129098-7,,,,sim,LUIS:ORG|S Av I:MISC|Luis Ferreira Neves Filho:PER,sim,do cargo em comissão de Secretário de Estado,,"EXONERAR com validade a contar de 01 de janeiro de 2023, S AV I O LUIS FERREIRA NEVES FILHO , ID FUNCIONAL Nº 5129098-7, do cargo em comissão de Secretário de Estado, símbolo SE, da",https://www.ioerj.com.br/portal/modules/conteudoonline/mostra_edicao.php?session=VFVWT1IxSlVXWGRPZWtsMFRsVlZNMDVETURCU1JVNUZURlZGZDA1cVZYUk5la2swVGpCUk1FMXFTWGhPUlVaRFRWUmpNMDU2YTNsT2Vsa3dUa0U5UFE9PQ==,D:\github\exoneracoes_nomeacoes_dou\LAKE\RJ\2022\12\DOERJ_PARTE_I_PODER_EXECUTIVO_2022-12-31.md
RJ,Diario Oficial do Estado do Rio de Janeiro,2022-12-31,Parte I (Poder Executivo),exoneracao,URUAN CINTRA DE ANDRADE,4185699-6,,,,sim,URUAN CINTRA DE ANDRADE:MISC|Uruan Cintra De Andrade:PER,sim,do cargo em comissão de Secretário de Estado,,"EXONERAR com validade a contar de 01 de janeiro de 2023, URUAN CINTRA DE ANDRADE , ID FUNCIONAL Nº 4185699-6, do cargo em comissão de Secretário de Estado, símbolo SE, da",https://www.ioerj.com.br/portal/modules/conteudoonline/mostra_edicao.php?session=VFVWT1IxSlVXWGRPZWtsMFRsVlZNMDVETURCU1JVNUZURlZGZDA1cVZYUk5la2swVGpCUk1FMXFTWGhPUlVaRFRWUmpNMDU2YTNsT2Vsa3dUa0U5UFE9PQ==,D:\github\exoneracoes_nomeacoes_dou\LAKE\RJ\2022\12\DOERJ_PARTE_I_PODER_EXECUTIVO_2022-12-31.md
RJ,Diario Oficial do Estado do Rio de Janeiro,2022-12-31,Parte I (Poder Executivo),exoneracao,JURANDIR LEMOS FILHO,4200245-1,CLÁUDIO CASTRO,Governador,1,sim,LEMOS FILHO:LOC|Jurandir Lemos Filho:PER,sim,do cargo em comissão de Controlador-Geral do Estado,,"EXONERAR com validade a contar de 01 de janeiro de 2023, JURANDIR LEMOS FILHO , ID FUNCIONAL Nº 4200245-1, do cargo em comissão de Controlador-Geral do Estado, símbolo SE, da Controladoria Geral do Estado do Rio de Janeiro -CGE. Processo nº SEI150001/029478/2022. Rio de Janeiro, 31 de dezembro de 2022 CLÁUDIO CASTRO Governador ##",https://www.ioerj.com.br/portal/modules/conteudoonline/mostra_edicao.php?session=VFVWT1IxSlVXWGRPZWtsMFRsVlZNMDVETURCU1JVNUZURlZGZDA1cVZYUk5la2swVGpCUk1FMXFTWGhPUlVaRFRWUmpNMDU2YTNsT2Vsa3dUa0U5UFE9PQ==,D:\github\exoneracoes_nomeacoes_dou\LAKE\RJ\2022\12\DOERJ_PARTE_I_PODER_EXECUTIVO_2022-12-31.md
RJ,Diario Oficial do Estado do Rio de Janeiro,2022-12-31,Parte I (Poder Executivo),exoneracao,PA TRIQUE WELBER ATELA DE FARIA,2678625-7,,,,sim,PA:LOC|WELBER ATELA:PER,sim,do cargo em comissão de Secretário de Estado,,"EXONERAR com validade a contar de 01 de janeiro de 2023, PA TRIQUE WELBER ATELA DE FARIA , ID FUNCIONAL Nº 2678625-7, do cargo em comissão de Secretário de Estado, símbolo SE, da",https://www.ioerj.com.br/portal/modules/conteudoonline/mostra_edicao.php?session=VFVWT1IxSlVXWGRPZWtsMFRsVlZNMDVETURCU1JVNUZURlZGZDA1cVZYUk5la2swVGpCUk1FMXFTWGhPUlVaRFRWUmpNMDU2YTNsT2Vsa3dUa0U5UFE9PQ==,D:\github\exoneracoes_nomeacoes_dou\LAKE\RJ\2022\12\DOERJ_PARTE_I_PODER_EXECUTIVO_2022-12-31.md
RJ,Diario Oficial do Estado do Rio de Janeiro,2022-12-31,Parte I (Poder Executivo),exoneracao,ANTONIO FERREIRA PEDREGAL FILHO,43290639,,,,sim,ANTONIO FERREIRA PEDREGAL FILHO:MISC|Antonio Ferreira Pedregal:PER,sim,do cargo em comissão de Secretário de Estado,,"EXONERAR com validade a contar de 01 de janeiro de 2023, ANTONIO FERREIRA PEDREGAL FILHO , ID FUNCIONAL Nº 43290639, do cargo em comissão de Secretário de Estado, símbolo SE, da",https://www.ioerj.com.br/portal/modules/conteudoonline/mostra_edicao.php?session=VFVWT1IxSlVXWGRPZWtsMFRsVlZNMDVETURCU1JVNUZURlZGZDA1cVZYUk5la2swVGpCUk1FMXFTWGhPUlVaRFRWUmpNMDU2YTNsT2Vsa3dUa0U5UFE9PQ==,D:\github\exoneracoes_nomeacoes_dou\LAKE\RJ\2022\12\DOERJ_PARTE_I_PODER_EXECUTIVO_2022-12-31.md
RJ,Diario Oficial do Estado do Rio de Janeiro,2022-12-31,Parte I (Poder Executivo),exoneracao,TA TIANA RIBEIRO QUEIROZ DE OLIVEIRA,5649536,,,,sim,TA TIANA:PER,sim,do cargo em comissão de Secretário de Estado,,"EXONERAR com validade a contar de 01 de janeiro de 2023, TA TIANA RIBEIRO QUEIROZ DE OLIVEIRA , ID FUNCIONAL Nº 5649536, Delegado de Polícia, do cargo em comissão de Secretário de Estado, símbolo SE, da",https://www.ioerj.com.br/portal/modules/conteudoonline/mostra_edicao.php?session=VFVWT1IxSlVXWGRPZWtsMFRsVlZNMDVETURCU1JVNUZURlZGZDA1cVZYUk5la2swVGpCUk1FMXFTWGhPUlVaRFRWUmpNMDU2YTNsT2Vsa3dUa0U5UFE9PQ==,D:\github\exoneracoes_nomeacoes_dou\LAKE\RJ\2022\12\DOERJ_PARTE_I_PODER_EXECUTIVO_2022-12-31.md
RJ,Diario Oficial do Estado do Rio de Janeiro,2022-12-31,Parte I (Poder Executivo),exoneracao,LUANNA SANTOS CARIRI,5106912-1,,,,sim,LUANNA SANTOS CARIRI:MISC|Luanna Santos Cariri:PER,sim,do cargo em comissão de Secretário Extraordinário,,"EXONERAR com validade a contar de 01 de janeiro de 2023, LUANNA SANTOS CARIRI , ID FUNCIONAL Nº 5106912-1, do cargo em comissão de Secretário Extraordinário, símbolo SE, da",https://www.ioerj.com.br/portal/modules/conteudoonline/mostra_edicao.php?session=VFVWT1IxSlVXWGRPZWtsMFRsVlZNMDVETURCU1JVNUZURlZGZDA1cVZYUk5la2swVGpCUk1FMXFTWGhPUlVaRFRWUmpNMDU2YTNsT2Vsa3dUa0U5UFE9PQ==,D:\github\exoneracoes_nomeacoes_dou\LAKE\RJ\2022\12\DOERJ_PARTE_I_PODER_EXECUTIVO_2022-12-31.md
RJ,Diario Oficial do Estado do Rio de Janeiro,2022-12-31,Parte I (Poder Executivo),exoneracao,ROGÉRIO MARTINS PIRES AMORIM,5128878-8,,,,sim,ROGÉRIO MARTINS PIRES:PER,sim,do cargo em comissão de Secretário de Estado,,"EXONERAR com validade a contar de 01 de janeiro de 2023, ROGÉRIO MARTINS PIRES AMORIM , ID FUNCIONAL Nº 5128878-8, do cargo em comissão de Secretário de Estado, símbolo SE, da",https://www.ioerj.com.br/portal/modules/conteudoonline/mostra_edicao.php?session=VFVWT1IxSlVXWGRPZWtsMFRsVlZNMDVETURCU1JVNUZURlZGZDA1cVZYUk5la2swVGpCUk1FMXFTWGhPUlVaRFRWUmpNMDU2YTNsT2Vsa3dUa0U5UFE9PQ==,D:\github\exoneracoes_nomeacoes_dou\LAKE\RJ\2022\12\DOERJ_PARTE_I_PODER_EXECUTIVO_2022-12-31.md
RJ,Diario Oficial do Estado do Rio de Janeiro,2022-12-31,Parte I (Poder Executivo),exoneracao,GELBY LUIS JUSTO LIMA,4421020-5,,,,sim,GELBY LUIS JUSTO LIMA:MISC|Gelby Luis Justo Lima:PER,sim,do cargo em comissão de Secretário de Estado,,"EXONERAR com validade a contar de 01 de janeiro de 2023, GELBY LUIS JUSTO LIMA , ID FUNCIONAL Nº 4421020-5, do cargo em comissão de Secretário de Estado, símbolo SE, da",https://www.ioerj.com.br/portal/modules/conteudoonline/mostra_edicao.php?session=VFVWT1IxSlVXWGRPZWtsMFRsVlZNMDVETURCU1JVNUZURlZGZDA1cVZYUk5la2swVGpCUk1FMXFTWGhPUlVaRFRWUmpNMDU2YTNsT2Vsa3dUa0U5UFE9PQ==,D:\github\exoneracoes_nomeacoes_dou\LAKE\RJ\2022\12\DOERJ_PARTE_I_PODER_EXECUTIVO_2022-12-31.md
RJ,Diario Oficial do Estado do Rio de Janeiro,2022-12-31,Parte I (Poder Executivo),exoneracao,JOSÉ MAURO DE FARIAS JUNIOR,5097730-0,,,,sim,JOSÉ MAURO:PER,sim,do cargo em comissão de Secretário de Estado,,"EXONERAR com validade a contar de 01 de janeiro de 2023, JOSÉ MAURO DE FARIAS JUNIOR , ID FUNCIONAL Nº 5097730-0, do cargo em comissão de Secretário de Estado, símbolo SE, da",https://www.ioerj.com.br/portal/modules/conteudoonline/mostra_edicao.php?session=VFVWT1IxSlVXWGRPZWtsMFRsVlZNMDVETURCU1JVNUZURlZGZDA1cVZYUk5la2swVGpCUk1FMXFTWGhPUlVaRFRWUmpNMDU2YTNsT2Vsa3dUa0U5UFE9PQ==,D:\github\exoneracoes_nomeacoes_dou\LAKE\RJ\2022\12\DOERJ_PARTE_I_PODER_EXECUTIVO_2022-12-31.md
RJ,Diario Oficial do Estado do Rio de Janeiro,2022-12-31,Parte I (Poder Executivo),exoneracao,SERGIO AURELIANO MACHADO DA SILVA,5097720-2,,,,sim,SERGIO:ORG|Sergio Aureliano Machado Da Silva:PER,sim,do cargo em comissão de Diretor-Presidente,,"EXONERAR com validade a contar de 01 de janeiro de 2023, SERGIO AURELIANO MACHADO DA SILVA , ID FUNCIONAL Nº 5097720-2, do cargo em comissão de Diretor-Presidente, símbolo PR1, do Fundo Único de Previdência Social do Estado do Rio de Janeiro - RIOPREVIDÊNCIA, da",https://www.ioerj.com.br/portal/modules/conteudoonline/mostra_edicao.php?session=VFVWT1IxSlVXWGRPZWtsMFRsVlZNMDVETURCU1JVNUZURlZGZDA1cVZYUk5la2swVGpCUk1FMXFTWGhPUlVaRFRWUmpNMDU2YTNsT2Vsa3dUa0U5UFE9PQ==,D:\github\exoneracoes_nomeacoes_dou\LAKE\RJ\2022\12\DOERJ_PARTE_I_PODER_EXECUTIVO_2022-12-31.md
RJ,Diario Oficial do Estado do Rio de Janeiro,2022-12-30,Parte I (Poder Executivo),exoneracao,LEONARDO FERREIRA DE SANTANA,5005891-6,,,,sim,LEONARDO FERREIRA:PER,sim,do cargo em comissão de Subsecretário de Estado,da Subsecretaria Executiva,"EXONERAR com validade a contar de 01 de janeiro de 2023, LEONARDO FERREIRA DE SANTANA , ID FUNCIONAL Nº 5005891-6, do cargo em comissão de Subsecretário de Estado, símbolo SS, da Subsecretaria Executiva, da",https://www.ioerj.com.br/portal/modules/conteudoonline/mostra_edicao.php?session=VVdwa1JGSlViRVZTUkdOMFRucG9SMDFETURCT1JFMTVURlJvUjA1VlJYUlBSVkV5VVd0Vk0xSnFUVEZTYWtVeVRWUmpNMDU2YTNsT2Vsa3hUVUU5UFE9PQ==,D:\github\exoneracoes_nomeacoes_dou\LAKE\RJ\2022\12\DOERJ_PARTE_I_PODER_EXECUTIVO_2022-12-30.md
RJ,Diario Oficial do Estado do Rio de Janeiro,2022-12-30,Parte I (Poder Executivo),exoneracao,FA BRICIO SILVA QUIROGA,1940417-4,,,,sim,FA BRICIO:MISC|Bricio Silva Quiroga:PER,sim,do cargo em comissão de Subsecretário de Estado,da Subsecretaria do Fundo Estadual de Saúde,"EXONERAR com validade a contar de 01 de janeiro de 2023, FA BRICIO SILVA QUIROGA , ID FUNCIONAL Nº 1940417-4, do cargo em comissão de Subsecretário de Estado, símbolo SS, da Subsecretaria do Fundo Estadual de Saúde, da",https://www.ioerj.com.br/portal/modules/conteudoonline/mostra_edicao.php?session=VVdwa1JGSlViRVZTUkdOMFRucG9SMDFETURCT1JFMTVURlJvUjA1VlJYUlBSVkV5VVd0Vk0xSnFUVEZTYWtVeVRWUmpNMDU2YTNsT2Vsa3hUVUU5UFE9PQ==,D:\github\exoneracoes_nomeacoes_dou\LAKE\RJ\2022\12\DOERJ_PARTE_I_PODER_EXECUTIVO_2022-12-30.md
RJ,Diario Oficial do Estado do Rio de Janeiro,2022-12-30,Parte I (Poder Executivo),exoneracao,FLÁVIA MARTINS RIBEIRO JUNQUEIRA,5116295-4,,,,sim,FLÁVIA MARTINS RIBEIRO JUNQUEIRA:PER,sim,do cargo em comissão de Assessor-Chefe,do Gabinete do Secretário,"EXONERAR com validade a contar de 01 de janeiro de 2023, FLÁVIA MARTINS RIBEIRO JUNQUEIRA , ID FUNCIONAL Nº 5116295-4, do cargo em comissão de Assessor-Chefe, símbolo DG, da Assessoria de Comunicação Social e Visual, do Gabinete do Secretário, da",https://www.ioerj.com.br/portal/modules/conteudoonline/mostra_edicao.php?session=VVdwa1JGSlViRVZTUkdOMFRucG9SMDFETURCT1JFMTVURlJvUjA1VlJYUlBSVkV5VVd0Vk0xSnFUVEZTYWtVeVRWUmpNMDU2YTNsT2Vsa3hUVUU5UFE9PQ==,D:\github\exoneracoes_nomeacoes_dou\LAKE\RJ\2022\12\DOERJ_PARTE_I_PODER_EXECUTIVO_2022-12-30.md
RJ,Diario Oficial do Estado do Rio de Janeiro,2022-12-30,Parte I (Poder Executivo),exoneracao,NILSA LOPES DE OLIVEIRA,1943902-4,,,,sim,NILSA LOPES DE OLIVEIRA:MISC|Nilsa Lopes De Oliveira:PER,sim,do cargo em comissão de Assessor-Chefe,do Gabinete do Secretário,"EXONERAR com validade a contar de 01 de janeiro de 2023, NILSA LOPES DE OLIVEIRA , ID FUNCIONAL N° 1943902-4, do cargo em comissão de Assessor-Chefe, símbolo DG, da Assessoria de Controle Interno da SES, do Gabinete do Secretário, da",https://www.ioerj.com.br/portal/modules/conteudoonline/mostra_edicao.php?session=VVdwa1JGSlViRVZTUkdOMFRucG9SMDFETURCT1JFMTVURlJvUjA1VlJYUlBSVkV5VVd0Vk0xSnFUVEZTYWtVeVRWUmpNMDU2YTNsT2Vsa3hUVUU5UFE9PQ==,D:\github\exoneracoes_nomeacoes_dou\LAKE\RJ\2022\12\DOERJ_PARTE_I_PODER_EXECUTIVO_2022-12-30.md
RJ,Diario Oficial do Estado do Rio de Janeiro,2022-12-30,Parte I (Poder Executivo),exoneracao,CARLOS EDUARDO MERENLENDER,323843-0,,,,sim,CARLOS EDUARDO:PER,sim,do cargo em comissão de Superintendente,da Superintendência Central de Perícias Médicas e Saúde Ocupacional,"EXONERAR com validade a contar de 01 de janeiro de 2023, CARLOS EDUARDO MERENLENDER , ID FUNCIONAL Nº 323843-0, do cargo em comissão de Superintendente, símbolo DG, da Superintendência Central de Perícias Médicas e Saúde Ocupacional, da Subsecretaria de Gestão Estratégica, da",https://www.ioerj.com.br/portal/modules/conteudoonline/mostra_edicao.php?session=VVdwa1JGSlViRVZTUkdOMFRucG9SMDFETURCT1JFMTVURlJvUjA1VlJYUlBSVkV5VVd0Vk0xSnFUVEZTYWtVeVRWUmpNMDU2YTNsT2Vsa3hUVUU5UFE9PQ==,D:\github\exoneracoes_nomeacoes_dou\LAKE\RJ\2022\12\DOERJ_PARTE_I_PODER_EXECUTIVO_2022-12-30.md
RJ,Diario Oficial do Estado do Rio de Janeiro,2022-12-30,Parte I (Poder Executivo),exoneracao,SERGIO HENRIQUE MANTOVANI,5114231-7,,,,sim,HENRIQUE MANTOVANI:PER,sim,do cargo em comissão de Diretor,do Instituto Estadual do Ambiente INEA,"EXONERAR SERGIO HENRIQUE MANTOVANI , ID FUNCIONAL Nº5114231-7, do cargo em comissão de Diretor, símbolo VP-1, da Diretoria de Pós-Licença, do Instituto Estadual do Ambiente INEA, da",https://www.ioerj.com.br/portal/modules/conteudoonline/mostra_edicao.php?session=VVdwa1JGSlViRVZTUkdOMFRucG9SMDFETURCT1JFMTVURlJvUjA1VlJYUlBSVkV5VVd0Vk0xSnFUVEZTYWtVeVRWUmpNMDU2YTNsT2Vsa3hUVUU5UFE9PQ==,D:\github\exoneracoes_nomeacoes_dou\LAKE\RJ\2022\12\DOERJ_PARTE_I_PODER_EXECUTIVO_2022-12-30.md
RJ,Diario Oficial do Estado do Rio de Janeiro,2022-12-30,Parte I (Poder Executivo),exoneracao,HELEN KELLER SARAIVA E SILVA BARRETO,3147137-4,,,,sim,HELEN KELLER SARAIVA:MISC|Helen Keller Saraiva E Silva Barreto:PER,sim,do cargo em comissão de Ajudante I,,"EXONERAR com validade a contar de 01 de janeiro de 2023, HELEN KELLER SARAIVA E SILVA BARRETO , ID FUNCIONAL Nº 3147137-4, do cargo em comissão de Ajudante I, símbolo DAI-1, da",https://www.ioerj.com.br/portal/modules/conteudoonline/mostra_edicao.php?session=VVdwa1JGSlViRVZTUkdOMFRucG9SMDFETURCT1JFMTVURlJvUjA1VlJYUlBSVkV5VVd0Vk0xSnFUVEZTYWtVeVRWUmpNMDU2YTNsT2Vsa3hUVUU5UFE9PQ==,D:\github\exoneracoes_nomeacoes_dou\LAKE\RJ\2022\12\DOERJ_PARTE_I_PODER_EXECUTIVO_2022-12-30.md
RJ,Diario Oficial do Estado do Rio de Janeiro,2022-12-30,Parte I (Poder Executivo),exoneracao,VICTOR SOUSA AMARAL,5129765-5,,,,sim,VICTOR SOUSA AMARAL:PER,sim,do cargo em comissão de Coordenador,da Superintendência de Unidades Próprias e Pré-Hospitalares,"EXONERAR com validade a contar de 01 de janeiro de 2023, VICTOR SOUSA AMARAL , ID FUNCIONAL Nº 5129765-5, do cargo em comissão de Coordenador, símbolo DAS-8, da Coordenaçao de Termo de Referência, da Superintendência de Unidades Próprias e Pré-Hospitalares, da Subsecretaria de Atenção à Saúde, da",https://www.ioerj.com.br/portal/modules/conteudoonline/mostra_edicao.php?session=VVdwa1JGSlViRVZTUkdOMFRucG9SMDFETURCT1JFMTVURlJvUjA1VlJYUlBSVkV5VVd0Vk0xSnFUVEZTYWtVeVRWUmpNMDU2YTNsT2Vsa3hUVUU5UFE9PQ==,D:\github\exoneracoes_nomeacoes_dou\LAKE\RJ\2022\12\DOERJ_PARTE_I_PODER_EXECUTIVO_2022-12-30.md
RJ,Diario Oficial do Estado do Rio de Janeiro,2022-12-30,Parte I (Poder Executivo),exoneracao,MAURÍCIO COUTO CESAR JUNIOR,2148164-4,,,,sim,CESAR JUNIOR:PER,sim,do cargo em comissão de Coordenador,,"EXONERAR com validade a contar de 30 de dezembro de 2022, MAURÍCIO COUTO CESAR JUNIOR , ID FUNCIONAL Nº 2148164-4, do cargo em comissão de Coordenador, símbolo DAS-8, da Assessoria Epecializada em Direito Ambiental, da Assessoria Jurídica, da",https://www.ioerj.com.br/portal/modules/conteudoonline/mostra_edicao.php?session=VVdwa1JGSlViRVZTUkdOMFRucG9SMDFETURCT1JFMTVURlJvUjA1VlJYUlBSVkV5VVd0Vk0xSnFUVEZTYWtVeVRWUmpNMDU2YTNsT2Vsa3hUVUU5UFE9PQ==,D:\github\exoneracoes_nomeacoes_dou\LAKE\RJ\2022\12\DOERJ_PARTE_I_PODER_EXECUTIVO_2022-12-30.md
RJ,Diario Oficial do Estado do Rio de Janeiro,2022-12-30,Parte I (Poder Executivo),exoneracao,GILSON DOS ANJOS SILVA,51274116,,,,sim,GILSON DOS ANJOS SILVA:MISC|Gilson Dos Anjos Silva:PER,sim,do cargo em comissão de Assessor,,"EXONERAR com validade a contar de 02 de janeiro de 2023, GILSON DOS ANJOS SILVA , ID FUNCIONAL Nº 51274116, do cargo em comissão de Assessor, símbolo DAS-8, da",https://www.ioerj.com.br/portal/modules/conteudoonline/mostra_edicao.php?session=VVdwa1JGSlViRVZTUkdOMFRucG9SMDFETURCT1JFMTVURlJvUjA1VlJYUlBSVkV5VVd0Vk0xSnFUVEZTYWtVeVRWUmpNMDU2YTNsT2Vsa3hUVUU5UFE9PQ==,D:\github\exoneracoes_nomeacoes_dou\LAKE\RJ\2022\12\DOERJ_PARTE_I_PODER_EXECUTIVO_2022-12-30.md
RJ,Diario Oficial do Estado do Rio de Janeiro,2022-12-30,Parte I (Poder Executivo),nomeacao,JOELMA COIMBRA PARUCHER DA SILVA,,,,,sim,JOELMA COIMBRA PARUCHER DA SILVA:MISC|Joelma Coimbra:PER,sim,,da Fundação Leão XIII,"NOMEAR JOELMA COIMBRA PARUCHER DA SILVA para exercer, com validade a contar de 02 de janeiro de 2023, o cargo em comissão de Ajudante I, símbolo DAI-1, da Fundação Leão XIII, da",https://www.ioerj.com.br/portal/modules/conteudoonline/mostra_edicao.php?session=VVdwa1JGSlViRVZTUkdOMFRucG9SMDFETURCT1JFMTVURlJvUjA1VlJYUlBSVkV5VVd0Vk0xSnFUVEZTYWtVeVRWUmpNMDU2YTNsT2Vsa3hUVUU5UFE9PQ==,D:\github\exoneracoes_nomeacoes_dou\LAKE\RJ\2022\12\DOERJ_PARTE_I_PODER_EXECUTIVO_2022-12-30.md
RJ,Diario Oficial do Estado do Rio de Janeiro,2022-12-29,Parte I (Poder Executivo),exoneracao,PROFESSOR DOCENTE I-16H,,,,,sim,PROFESSOR DOCENTE I-16H:MISC|Professor Docente:PER,sim,,,"EXONERAR ex-officio, JORGE ANDRE RODRIGUES DE OLIVEIRA , Professor Docente I-16H, Nível C, Referência 5, Identidade Funcional 38643154, Vínculo 01, matrícula nº 0827047-2, da",https://www.ioerj.com.br/portal/modules/conteudoonline/mostra_edicao.php?session=VGpCSk5GRnJXWGROUlUxMFRqQmFRMDVUTURCUk1FazBURlJzUjA0d1NYUk5hMFY2VG5wQ1FrMVZSWGROUlUxNlRWUmpNMDU2YTNsUFJFRTFUMUU5UFE9PQ==,D:\github\exoneracoes_nomeacoes_dou\LAKE\RJ\2022\12\DOERJ_PARTE_I_PODER_EXECUTIVO_2022-12-29.md
RJ,Diario Oficial do Estado do Rio de Janeiro,2022-12-29,Parte I (Poder Executivo),nomeacao,GUARACI COSTA BARROS,44072228,,,,sim,GUARACI COSTA BARROS:ORG|Guaraci Costa Barros:PER,sim,,do Instituto Rio Metrópole - IRM,"NOMEAR GUARACI COSTA BARROS , ID FUNCIONAL Nº 44072228, para exercer, com validade a contar de 05 de dezembro de 2022, o cargo em comissão de Assessor Administrativo, símbolo DAS-6, do Instituto Rio Metrópole - IRM, da",https://www.ioerj.com.br/portal/modules/conteudoonline/mostra_edicao.php?session=VGpCSk5GRnJXWGROUlUxMFRqQmFRMDVUTURCUk1FazBURlJzUjA0d1NYUk5hMFY2VG5wQ1FrMVZSWGROUlUxNlRWUmpNMDU2YTNsUFJFRTFUMUU5UFE9PQ==,D:\github\exoneracoes_nomeacoes_dou\LAKE\RJ\2022\12\DOERJ_PARTE_I_PODER_EXECUTIVO_2022-12-29.md
RJ,Diario Oficial do Estado do Rio de Janeiro,2022-12-29,Parte I (Poder Executivo),exoneracao,MARCOS VINÍCIUS DA CONCEIÇÃO,5132141-6,,,,sim,MARCOS VINÍCIUS:PER,sim,do cargo em comissão de Assessor-Chefe,,"EXONERAR com validade a contar de 23 de dezembro de 2022, MARCOS VINÍCIUS DA CONCEIÇÃO , ID FUNCIONAL Nº 5132141-6, do cargo em comissão de Assessor-Chefe, símbolo DAS-8, da",https://www.ioerj.com.br/portal/modules/conteudoonline/mostra_edicao.php?session=VGpCSk5GRnJXWGROUlUxMFRqQmFRMDVUTURCUk1FazBURlJzUjA0d1NYUk5hMFY2VG5wQ1FrMVZSWGROUlUxNlRWUmpNMDU2YTNsUFJFRTFUMUU5UFE9PQ==,D:\github\exoneracoes_nomeacoes_dou\LAKE\RJ\2022\12\DOERJ_PARTE_I_PODER_EXECUTIVO_2022-12-29.md
RJ,Diario Oficial do Estado do Rio de Janeiro,2022-12-29,Parte I (Poder Executivo),exoneracao,JOSÉ ANTONIO DO NASCIMENTO,5128139-2,,,,sim,JOSÉ ANTONIO DO NASCIMENTO:PER,sim,do cargo em comissão de Assistente,,"EXONERAR com validade a contar de 23 de dezembro de 2022, JOSÉ ANTONIO DO NASCIMENTO , ID FUNCIONAL Nº 5128139-2, do cargo em comissão de Assistente, símbolo DAS-6, da",https://www.ioerj.com.br/portal/modules/conteudoonline/mostra_edicao.php?session=VGpCSk5GRnJXWGROUlUxMFRqQmFRMDVUTURCUk1FazBURlJzUjA0d1NYUk5hMFY2VG5wQ1FrMVZSWGROUlUxNlRWUmpNMDU2YTNsUFJFRTFUMUU5UFE9PQ==,D:\github\exoneracoes_nomeacoes_dou\LAKE\RJ\2022\12\DOERJ_PARTE_I_PODER_EXECUTIVO_2022-12-29.md
RJ,Diario Oficial do Estado do Rio de Janeiro,2022-12-29,Parte I (Poder Executivo),exoneracao,EGMAR PECLY NETO,5127078-1,,,,sim,PECLY NETO:ORG|Egmar Pecly Neto:PER,sim,do cargo em comissão de Assistente,,"EXONERAR com validade a contar de 23 de dezembro de 2022, EGMAR PECLY NETO , ID FUNCIONAL Nº 5127078-1, do cargo em comissão de Assistente, símbolo DAS-6, da",https://www.ioerj.com.br/portal/modules/conteudoonline/mostra_edicao.php?session=VGpCSk5GRnJXWGROUlUxMFRqQmFRMDVUTURCUk1FazBURlJzUjA0d1NYUk5hMFY2VG5wQ1FrMVZSWGROUlUxNlRWUmpNMDU2YTNsUFJFRTFUMUU5UFE9PQ==,D:\github\exoneracoes_nomeacoes_dou\LAKE\RJ\2022\12\DOERJ_PARTE_I_PODER_EXECUTIVO_2022-12-29.md
RJ,Diario Oficial do Estado do Rio de Janeiro,2022-12-29,Parte I (Poder Executivo),exoneracao,MICHELE FRANÇA DANTAS MACIEL,5124475-6,,,,sim,MICHELE FRANÇA:MISC|Michele França:PER,sim,do cargo em comissão de Assistente,,"EXONERAR com validade a contar de 23 de dezembro de 2022, MICHELE FRANÇA DANTAS MACIEL , ID FUNCIONAL Nº 5124475-6, do cargo em comissão de Assistente, símbolo DAS-6, da",https://www.ioerj.com.br/portal/modules/conteudoonline/mostra_edicao.php?session=VGpCSk5GRnJXWGROUlUxMFRqQmFRMDVUTURCUk1FazBURlJzUjA0d1NYUk5hMFY2VG5wQ1FrMVZSWGROUlUxNlRWUmpNMDU2YTNsUFJFRTFUMUU5UFE9PQ==,D:\github\exoneracoes_nomeacoes_dou\LAKE\RJ\2022\12\DOERJ_PARTE_I_PODER_EXECUTIVO_2022-12-29.md
RJ,Diario Oficial do Estado do Rio de Janeiro,2022-12-29,Parte I (Poder Executivo),exoneracao,ANA PAULA MELO GOUVEA BALTHAZAR FERREIRA,5122658-8,,,,sim,ANA PAULA MELO GOUVEA BALTHAZAR:PER,sim,do cargo em comissão de Assistente,,"EXONERAR com validade a contar de 23 de dezembro de 2022, ANA PAULA MELO GOUVEA BALTHAZAR FERREIRA , ID FUNCIONAL N° 5122658-8, do cargo em comissão de Assistente, símbolo DAS-6, da",https://www.ioerj.com.br/portal/modules/conteudoonline/mostra_edicao.php?session=VGpCSk5GRnJXWGROUlUxMFRqQmFRMDVUTURCUk1FazBURlJzUjA0d1NYUk5hMFY2VG5wQ1FrMVZSWGROUlUxNlRWUmpNMDU2YTNsUFJFRTFUMUU5UFE9PQ==,D:\github\exoneracoes_nomeacoes_dou\LAKE\RJ\2022\12\DOERJ_PARTE_I_PODER_EXECUTIVO_2022-12-29.md
RJ,Diario Oficial do Estado do Rio de Janeiro,2022-12-29,Parte I (Poder Executivo),exoneracao,VAGNER LUIZ DA SILVA,5124158-7,,,,sim,VAGNER LUIZ DA SILVA:PER,sim,do cargo em comissão de Assistente,,"EXONERAR com validade a contar de 23 de dezembro de 2022, VAGNER LUIZ DA SILVA , ID FUNCIONAL Nº 5124158-7, do cargo em comissão de Assistente, símbolo DAS-6, da",https://www.ioerj.com.br/portal/modules/conteudoonline/mostra_edicao.php?session=VGpCSk5GRnJXWGROUlUxMFRqQmFRMDVUTURCUk1FazBURlJzUjA0d1NYUk5hMFY2VG5wQ1FrMVZSWGROUlUxNlRWUmpNMDU2YTNsUFJFRTFUMUU5UFE9PQ==,D:\github\exoneracoes_nomeacoes_dou\LAKE\RJ\2022\12\DOERJ_PARTE_I_PODER_EXECUTIVO_2022-12-29.md
RJ,Diario Oficial do Estado do Rio de Janeiro,2022-12-29,Parte I (Poder Executivo),exoneracao,ADRIANO CARDOSO PELLUSO,5115800-0,,,,sim,CARDOSO PELLUSO:MISC|Adriano Cardoso Pelluso:PER,sim,do cargo em comissão de Assistente II,,"EXONERAR com validade a contar de 23 de dezembro de 2022, ADRIANO CARDOSO PELLUSO , ID FUNCIONAL Nº 5115800-0, do cargo em comissão de Assistente II, símbolo DAI-6, da",https://www.ioerj.com.br/portal/modules/conteudoonline/mostra_edicao.php?session=VGpCSk5GRnJXWGROUlUxMFRqQmFRMDVUTURCUk1FazBURlJzUjA0d1NYUk5hMFY2VG5wQ1FrMVZSWGROUlUxNlRWUmpNMDU2YTNsUFJFRTFUMUU5UFE9PQ==,D:\github\exoneracoes_nomeacoes_dou\LAKE\RJ\2022\12\DOERJ_PARTE_I_PODER_EXECUTIVO_2022-12-29.md
RJ,Diario Oficial do Estado do Rio de Janeiro,2022-12-29,Parte I (Poder Executivo),exoneracao,MARCELO DE AZAMBUJA LOURES,5129978-0,,,,sim,MARCELO:MISC|Marcelo De Azambuja Loures:PER,sim,do cargo em comissão de Assistente II,,"EXONERAR com validade a contar de 23 de dezembro de 2022, MARCELO DE AZAMBUJA LOURES , ID FUNCIONAL Nº 5129978-0, do cargo em comissão de Assistente II, símbolo DAI-6, da",https://www.ioerj.com.br/portal/modules/conteudoonline/mostra_edicao.php?session=VGpCSk5GRnJXWGROUlUxMFRqQmFRMDVUTURCUk1FazBURlJzUjA0d1NYUk5hMFY2VG5wQ1FrMVZSWGROUlUxNlRWUmpNMDU2YTNsUFJFRTFUMUU5UFE9PQ==,D:\github\exoneracoes_nomeacoes_dou\LAKE\RJ\2022\12\DOERJ_PARTE_I_PODER_EXECUTIVO_2022-12-29.md
RJ,Diario Oficial do Estado do Rio de Janeiro,2022-12-29,Parte I (Poder Executivo),exoneracao,MATHEUS CORDEIRO COSTA,5134311-8,,,,sim,MATHEUS CORDEIRO COSTA:MISC|Matheus Cordeiro Costa:PER,sim,do cargo em comissão de Assistente II,,"EXONERAR com validade a contar de 23 de dezembro de 2022, MATHEUS CORDEIRO COSTA , ID FUNCIONAL Nº 5134311-8, do cargo em comissão de Assistente II, símbolo DAI-6, da",https://www.ioerj.com.br/portal/modules/conteudoonline/mostra_edicao.php?session=VGpCSk5GRnJXWGROUlUxMFRqQmFRMDVUTURCUk1FazBURlJzUjA0d1NYUk5hMFY2VG5wQ1FrMVZSWGROUlUxNlRWUmpNMDU2YTNsUFJFRTFUMUU5UFE9PQ==,D:\github\exoneracoes_nomeacoes_dou\LAKE\RJ\2022\12\DOERJ_PARTE_I_PODER_EXECUTIVO_2022-12-29.md
RJ,Diario Oficial do Estado do Rio de Janeiro,2022-12-29,Parte I (Poder Executivo),exoneracao,FRANCISCA SAMANDA NASCIMENTO PAIVA,5135421-7,,,,sim,FRANCISCA SAMANDA NASCIMENTO PAIVA:PER,sim,do cargo em comissão de Assistente II,,"EXONERAR com validade a contar de 23 de dezembro de 2022, FRANCISCA SAMANDA NASCIMENTO PAIVA , ID FUNCIONAL Nº 5135421-7, do cargo em comissão de Assistente II, símbolo DAI-6, da",https://www.ioerj.com.br/portal/modules/conteudoonline/mostra_edicao.php?session=VGpCSk5GRnJXWGROUlUxMFRqQmFRMDVUTURCUk1FazBURlJzUjA0d1NYUk5hMFY2VG5wQ1FrMVZSWGROUlUxNlRWUmpNMDU2YTNsUFJFRTFUMUU5UFE9PQ==,D:\github\exoneracoes_nomeacoes_dou\LAKE\RJ\2022\12\DOERJ_PARTE_I_PODER_EXECUTIVO_2022-12-29.md
RJ,Diario Oficial do Estado do Rio de Janeiro,2022-12-29,Parte I (Poder Executivo),exoneracao,JONATAN GOMES DA SILVA,5133990-0,,,,sim,JONATAN GOMES DA SILVA:MISC|Jonatan Gomes:PER,sim,do cargo em comissão de Assistente II,,"EXONERAR com validade a contar de 23 de dezembro de 2022, JONATAN GOMES DA SILVA , ID FUNCIONAL Nº 5133990-0, do cargo em comissão de Assistente II, símbolo DAI-6, da",https://www.ioerj.com.br/portal/modules/conteudoonline/mostra_edicao.php?session=VGpCSk5GRnJXWGROUlUxMFRqQmFRMDVUTURCUk1FazBURlJzUjA0d1NYUk5hMFY2VG5wQ1FrMVZSWGROUlUxNlRWUmpNMDU2YTNsUFJFRTFUMUU5UFE9PQ==,D:\github\exoneracoes_nomeacoes_dou\LAKE\RJ\2022\12\DOERJ_PARTE_I_PODER_EXECUTIVO_2022-12-29.md
RJ,Diario Oficial do Estado do Rio de Janeiro,2022-12-29,Parte I (Poder Executivo),exoneracao,EDUARDO OLIVEIRA DA SILVA,5117510-3,,,,sim,EDUARDO OLIVEIRA DA SILVA:MISC|Eduardo Oliveira Da Silva:PER,sim,do cargo em comissão de Assistente II,,"EXONERAR com validade a contar de 23 de dezembro de 2022, EDUARDO OLIVEIRA DA SILVA , ID FUNCIONAL Nº 5117510-3, do cargo em comissão de Assistente II, símbolo DAI-6, da",https://www.ioerj.com.br/portal/modules/conteudoonline/mostra_edicao.php?session=VGpCSk5GRnJXWGROUlUxMFRqQmFRMDVUTURCUk1FazBURlJzUjA0d1NYUk5hMFY2VG5wQ1FrMVZSWGROUlUxNlRWUmpNMDU2YTNsUFJFRTFUMUU5UFE9PQ==,D:\github\exoneracoes_nomeacoes_dou\LAKE\RJ\2022\12\DOERJ_PARTE_I_PODER_EXECUTIVO_2022-12-29.md
RJ,Diario Oficial do Estado do Rio de Janeiro,2022-12-29,Parte I (Poder Executivo),nomeacao,ROGERIO TEIXEIRA DIAS,,,,,sim,ROGERIO TEIXEIRA DIAS:MISC|Rogerio Teixeira Dias:PER,sim,,da Fundação Leão XIII,"NOMEAR ROGERIO TEIXEIRA DIAS para exercer, com validade a contar de 16 de dezembro de 2022, o cargo em comissão de Assistente, símbolo DAS-6, da Fundação Leão XIII, da",https://www.ioerj.com.br/portal/modules/conteudoonline/mostra_edicao.php?session=VGpCSk5GRnJXWGROUlUxMFRqQmFRMDVUTURCUk1FazBURlJzUjA0d1NYUk5hMFY2VG5wQ1FrMVZSWGROUlUxNlRWUmpNMDU2YTNsUFJFRTFUMUU5UFE9PQ==,D:\github\exoneracoes_nomeacoes_dou\LAKE\RJ\2022\12\DOERJ_PARTE_I_PODER_EXECUTIVO_2022-12-29.md
RJ,Diario Oficial do Estado do Rio de Janeiro,2022-12-29,Parte I (Poder Executivo),exoneracao,INSPETOR DE POLÍCIA PENAL,50132067,,,,sim,POLÍCIA PENAL:LOC|Inspetor De Polícia Penal:PER,sim,do cargo em comissão de Chefe,da Superintendência Operacional de Segurança,"EXONERAR FABIANA BORGES RIBEIRO , Inspetor de Polícia Penal, ID Funcional nº 50132067, com validade a contar de 24 de outubro de 2022, do cargo em comissão de Chefe, símbolo DAI-5, da Seção I de Turma de Inspetor, do Serviço de Segurança e Disciplina, da Penitenciária Talavera Bruce, da Coordenação de Unidades Prisionais Femininas e Cidadania LGBTI, da Superintendência Operacional de Segurança, da Subsecretaria de Gestão Operacional, da",https://www.ioerj.com.br/portal/modules/conteudoonline/mostra_edicao.php?session=VGpCSk5GRnJXWGROUlUxMFRqQmFRMDVUTURCUk1FazBURlJzUjA0d1NYUk5hMFY2VG5wQ1FrMVZSWGROUlUxNlRWUmpNMDU2YTNsUFJFRTFUMUU5UFE9PQ==,D:\github\exoneracoes_nomeacoes_dou\LAKE\RJ\2022\12\DOERJ_PARTE_I_PODER_EXECUTIVO_2022-12-29.md
RJ,Diario Oficial do Estado do Rio de Janeiro,2022-12-29,Parte I (Poder Executivo),nomeacao,INSPETOR DE POLÍCIA PENAL,50826050,,,,sim,POLÍCIA PENAL:LOC|Inspetor De Polícia Penal:PER,sim,,da Superintendência Operacional de Segurança,"NOMEAR VANESSA GONCALVES LOPES , Inspetor de Polícia Penal, ID Funcional nº 50826050, para exercer com validade a contar de 24 de outubro de 2022, o cargo em comissão de Chefe, símbolo DAI-5, da Seção I de Turma de Inspetor, do Serviço de Segurança e Disciplina, da Penitenciária Talavera Bruce, da Coordenação de Unidades Prisionais Femininas e Cidadania LGBTI, da Superintendência Operacional de Segurança, da Subsecretaria de Gestão Operacional, da",https://www.ioerj.com.br/portal/modules/conteudoonline/mostra_edicao.php?session=VGpCSk5GRnJXWGROUlUxMFRqQmFRMDVUTURCUk1FazBURlJzUjA0d1NYUk5hMFY2VG5wQ1FrMVZSWGROUlUxNlRWUmpNMDU2YTNsUFJFRTFUMUU5UFE9PQ==,D:\github\exoneracoes_nomeacoes_dou\LAKE\RJ\2022\12\DOERJ_PARTE_I_PODER_EXECUTIVO_2022-12-29.md
RJ,Diario Oficial do Estado do Rio de Janeiro,2022-12-26,Parte I (Poder Executivo),exoneracao,CARLA CAROLINA DA SILVA ROZADO,5124188-9,,,,sim,CARLA CAROLINA DA SILVA ROZADO:PER,sim,do cargo em comissão de Chefe de Serviço,do Departamento de Trânsito do Estado do Rio de Janeiro - DETRAN/RJ,"EXONERAR CARLA CAROLINA DA SILVA ROZADO , ID FUNCIONAL Nº 5124188-9, do cargo em comissão de Chefe de Serviço, símbolo DAI-6, da CIRETRANS E SATS, da Coordenadoria de Serviços Descentralizados, da Coordenadoria Geral de Integração de Serviços, do Departamento de Trânsito do Estado do Rio de Janeiro - DETRAN/RJ, da",https://www.ioerj.com.br/portal/modules/conteudoonline/mostra_edicao.php?session=VW1wck5FOVZTa1JOZWxWMFVWUlZNMDlETURCU2FrcEdURlZKZUUxVVRYUlBWRlpEVVd0Vk1sRlVSWGROZWtVMFRWUmpNMDU2YTNsUFZFa3hUa0U5UFE9PQ==,D:\github\exoneracoes_nomeacoes_dou\LAKE\RJ\2022\12\DOERJ_PARTE_I_PODER_EXECUTIVO_2022-12-26.md
RJ,Diario Oficial do Estado do Rio de Janeiro,2022-12-26,Parte I (Poder Executivo),nomeacao,MARCELLY CAETANO DA SILVA,,,,,sim,MARCELLY CAETANO DA SILVA:PER,sim,,do Departamento de Trânsito do Estado do Rio de Janeiro - DETRAN/RJ,"NOMEAR MARCELLY CAETANO DA SILVA para exercer, o cargo em comissão de Chefe de Serviço, símbolo DAI-6, da CIRETRANS E SATS, da Coordenadoria de Serviços Descentralizados, da Coordenadoria Geral de Integração de Serviços, do Departamento de Trânsito do Estado do Rio de Janeiro - DETRAN/RJ, da",https://www.ioerj.com.br/portal/modules/conteudoonline/mostra_edicao.php?session=VW1wck5FOVZTa1JOZWxWMFVWUlZNMDlETURCU2FrcEdURlZKZUUxVVRYUlBWRlpEVVd0Vk1sRlVSWGROZWtVMFRWUmpNMDU2YTNsUFZFa3hUa0U5UFE9PQ==,D:\github\exoneracoes_nomeacoes_dou\LAKE\RJ\2022\12\DOERJ_PARTE_I_PODER_EXECUTIVO_2022-12-26.md
RJ,Diario Oficial do Estado do Rio de Janeiro,2022-12-26,Parte I (Poder Executivo),nomeacao,SEBASTIÃO PIRES DA CRUZ,1950524-8,,,,sim,SEBASTIÃO:PER,sim,,da Superintendência de Atendimento ao Contribuinte,"NOMEAR SEBASTIÃO PIRES DA CRUZ , ID FUNCIONAL Nº 1950524-8, Auditor Fiscal da Receita Estadual de 1ª Categoria, para exercer, com validade a contar de 16 de dezembro de 2022, o cargo em comissão de Auditor Fiscal Chefe, símbolo DAS-8, da AuditoriaFiscal Regional - Capital 64.12, da Coordenadoria das Auditorias Fiscais Regionais, da Superintendência de Atendimento ao Contribuinte, da Subsecretaria de Estado de Receita, da",https://www.ioerj.com.br/portal/modules/conteudoonline/mostra_edicao.php?session=VW1wck5FOVZTa1JOZWxWMFVWUlZNMDlETURCU2FrcEdURlZKZUUxVVRYUlBWRlpEVVd0Vk1sRlVSWGROZWtVMFRWUmpNMDU2YTNsUFZFa3hUa0U5UFE9PQ==,D:\github\exoneracoes_nomeacoes_dou\LAKE\RJ\2022\12\DOERJ_PARTE_I_PODER_EXECUTIVO_2022-12-26.md
RJ,Diario Oficial do Estado do Rio de Janeiro,2022-12-26,Parte I (Poder Executivo),nomeacao,RALLY CORDEIRO BARBOSA,4365312-0,,,,sim,RALLY CORDEIRO BARBOSA:PER,sim,,da Superintendência de Atendimento ao Contribuinte,"NOMEAR RALLY CORDEIRO BARBOSA , ID FUNCIONAL Nº 4365312-0, Auditor Fiscal da Receita Estadual de 1ª Categoria, para exercer, com validade a contar de 16 de dezembro de 2022, o cargo em comissão de Auditor Fiscal Subchefe, símbolo DAS-6, da Auditoria-Fiscal Regional -Capital 64.12, da Coordenadoria das Auditorias Fiscais Regionais, da Superintendência de Atendimento ao Contribuinte, da Subsecretaria de Estado de Receita, da",https://www.ioerj.com.br/portal/modules/conteudoonline/mostra_edicao.php?session=VW1wck5FOVZTa1JOZWxWMFVWUlZNMDlETURCU2FrcEdURlZKZUUxVVRYUlBWRlpEVVd0Vk1sRlVSWGROZWtVMFRWUmpNMDU2YTNsUFZFa3hUa0U5UFE9PQ==,D:\github\exoneracoes_nomeacoes_dou\LAKE\RJ\2022\12\DOERJ_PARTE_I_PODER_EXECUTIVO_2022-12-26.md
RJ,Diario Oficial do Estado do Rio de Janeiro,2022-12-26,Parte I (Poder Executivo),exoneracao,RALLY CORDEIRO BARBOSA,4365312-0,,,,sim,RALLY CORDEIRO BARBOSA:PER,sim,do cargo em comissão de Auditor Fiscal Subchefe,da Superintendência de Atendimento ao Contribuinte,"EXONERAR com validade a contar de 16 de dezembro de 2022, RALLY CORDEIRO BARBOSA , ID FUNCIONAL Nº 4365312-0, Auditor Fiscal da Receita Estadual de 1ª Categoria, do cargo em comissão de Auditor Fiscal Subchefe, símbolo DAS-6, da Coordenadoria das Auditorias Fiscais Regionais, da Superintendência de Atendimento ao Contribuinte, da Subsecretaria de Estado de Receita, da",https://www.ioerj.com.br/portal/modules/conteudoonline/mostra_edicao.php?session=VW1wck5FOVZTa1JOZWxWMFVWUlZNMDlETURCU2FrcEdURlZKZUUxVVRYUlBWRlpEVVd0Vk1sRlVSWGROZWtVMFRWUmpNMDU2YTNsUFZFa3hUa0U5UFE9PQ==,D:\github\exoneracoes_nomeacoes_dou\LAKE\RJ\2022\12\DOERJ_PARTE_I_PODER_EXECUTIVO_2022-12-26.md
RJ,Diario Oficial do Estado do Rio de Janeiro,2022-12-26,Parte I (Poder Executivo),nomeacao,ROGER VINICIUS ANCILLOTTI,3234568-1,,,,sim,ROGER VINICIUS ANCILLOTTI:PER,sim,,da Subsecretaria de Gestão Administrativa,"NOMEAR ROGER VINICIUS ANCILLOTTI , ID FUNCIONAL Nº 3234568-1, para exercer, com validade a contar de 15 de dezembro de 2022, o cargo em comissão de Superintendente, símbolo DG, da Subsecretaria de Gestão Administrativa, da",https://www.ioerj.com.br/portal/modules/conteudoonline/mostra_edicao.php?session=VW1wck5FOVZTa1JOZWxWMFVWUlZNMDlETURCU2FrcEdURlZKZUUxVVRYUlBWRlpEVVd0Vk1sRlVSWGROZWtVMFRWUmpNMDU2YTNsUFZFa3hUa0U5UFE9PQ==,D:\github\exoneracoes_nomeacoes_dou\LAKE\RJ\2022\12\DOERJ_PARTE_I_PODER_EXECUTIVO_2022-12-26.md
RJ,Diario Oficial do Estado do Rio de Janeiro,2022-12-26,Parte I (Poder Executivo),exoneracao,IVO VIEIRA DE CARVALHO JUNIOR,5134283-9,,,,sim,IVO VIEIRA DE CARVALHO JUNIOR:MISC|Ivo Vieira De Carvalho Junior:PER,sim,do cargo em comissão de Assistente II,,"EXONERAR com validade a contar de 21 de dezembro de 2022, IVO VIEIRA DE CARVALHO JUNIOR , ID FUNCIONAL Nº 5134283-9, do cargo em comissão de Assistente II, símbolo DAI-6, da",https://www.ioerj.com.br/portal/modules/conteudoonline/mostra_edicao.php?session=VW1wck5FOVZTa1JOZWxWMFVWUlZNMDlETURCU2FrcEdURlZKZUUxVVRYUlBWRlpEVVd0Vk1sRlVSWGROZWtVMFRWUmpNMDU2YTNsUFZFa3hUa0U5UFE9PQ==,D:\github\exoneracoes_nomeacoes_dou\LAKE\RJ\2022\12\DOERJ_PARTE_I_PODER_EXECUTIVO_2022-12-26.md
RJ,Diario Oficial do Estado do Rio de Janeiro,2022-12-26,Parte I (Poder Executivo),exoneracao,TAIANARA MENDONÇA DA SILVA,5134583-8,,,,sim,TAIANARA MENDONÇA DA SILVA:PER,sim,do cargo em comissão de Assistente II,,"EXONERAR com validade a contar de 21 de dezembro de 2022, TAIANARA MENDONÇA DA SILVA , ID FUNCIONAL Nº 5134583-8, do cargo em comissão de Assistente II, símbolo DAI-6, da",https://www.ioerj.com.br/portal/modules/conteudoonline/mostra_edicao.php?session=VW1wck5FOVZTa1JOZWxWMFVWUlZNMDlETURCU2FrcEdURlZKZUUxVVRYUlBWRlpEVVd0Vk1sRlVSWGROZWtVMFRWUmpNMDU2YTNsUFZFa3hUa0U5UFE9PQ==,D:\github\exoneracoes_nomeacoes_dou\LAKE\RJ\2022\12\DOERJ_PARTE_I_PODER_EXECUTIVO_2022-12-26.md
RJ,Diario Oficial do Estado do Rio de Janeiro,2022-12-26,Parte I (Poder Executivo),exoneracao,MARCOS ROBERTO FERNANDES,5134741-5,,,,sim,MARCOS ROBERTO FERNANDES:MISC|Marcos Roberto Fernandes:PER,sim,do cargo em comissão de Assistente II,,"EXONERAR com validade a contar de 21 de dezembro de 2022, MARCOS ROBERTO FERNANDES , ID Funcional 5134741-5, do cargo em comissão de Assistente II, símbolo DAI-6, da",https://www.ioerj.com.br/portal/modules/conteudoonline/mostra_edicao.php?session=VW1wck5FOVZTa1JOZWxWMFVWUlZNMDlETURCU2FrcEdURlZKZUUxVVRYUlBWRlpEVVd0Vk1sRlVSWGROZWtVMFRWUmpNMDU2YTNsUFZFa3hUa0U5UFE9PQ==,D:\github\exoneracoes_nomeacoes_dou\LAKE\RJ\2022\12\DOERJ_PARTE_I_PODER_EXECUTIVO_2022-12-26.md
RJ,Diario Oficial do Estado do Rio de Janeiro,2022-12-26,Parte I (Poder Executivo),exoneracao,RAYANE FIGUEIRA MIGUEL,5134581-1,,,,sim,FIGUEIRA:ORG|Rayane Figueira Miguel:PER,sim,do cargo em comissão de Assistente II,,"EXONERAR com validade a contar de 21 de dezembro de 2022, RAYANE FIGUEIRA MIGUEL , ID FUNCIONAL 5134581-1, do cargo em comissão de Assistente II, símbolo DAI-6, da",https://www.ioerj.com.br/portal/modules/conteudoonline/mostra_edicao.php?session=VW1wck5FOVZTa1JOZWxWMFVWUlZNMDlETURCU2FrcEdURlZKZUUxVVRYUlBWRlpEVVd0Vk1sRlVSWGROZWtVMFRWUmpNMDU2YTNsUFZFa3hUa0U5UFE9PQ==,D:\github\exoneracoes_nomeacoes_dou\LAKE\RJ\2022\12\DOERJ_PARTE_I_PODER_EXECUTIVO_2022-12-26.md
RJ,Diario Oficial do Estado do Rio de Janeiro,2022-12-26,Parte I (Poder Executivo),exoneracao,WELTON BATISTA DA ROCHA,5134472-6,,,,sim,WELTON BATISTA:PER,sim,do cargo em comissão de Assistente II,,"EXONERAR com validade a contar de 21 de dezembro de 2022, WELTON BATISTA DA ROCHA , ID FUNCIONAL Nº 5134472-6, do cargo em comissão de Assistente II, símbolo DAI-6, da",https://www.ioerj.com.br/portal/modules/conteudoonline/mostra_edicao.php?session=VW1wck5FOVZTa1JOZWxWMFVWUlZNMDlETURCU2FrcEdURlZKZUUxVVRYUlBWRlpEVVd0Vk1sRlVSWGROZWtVMFRWUmpNMDU2YTNsUFZFa3hUa0U5UFE9PQ==,D:\github\exoneracoes_nomeacoes_dou\LAKE\RJ\2022\12\DOERJ_PARTE_I_PODER_EXECUTIVO_2022-12-26.md
RJ,Diario Oficial do Estado do Rio de Janeiro,2022-12-26,Parte I (Poder Executivo),exoneracao,JONAS MENDONÇA SALES,5135085-8,,,,sim,JONAS MENDONÇA:PER,sim,do cargo em comissão de Assistente II,,"EXONERAR com validade a contar de 21 de dezembro de 2022, JONAS MENDONÇA SALES , ID FUNCIONAL 5135085-8, do cargo em comissão de Assistente II, símbolo DAI-6, da",https://www.ioerj.com.br/portal/modules/conteudoonline/mostra_edicao.php?session=VW1wck5FOVZTa1JOZWxWMFVWUlZNMDlETURCU2FrcEdURlZKZUUxVVRYUlBWRlpEVVd0Vk1sRlVSWGROZWtVMFRWUmpNMDU2YTNsUFZFa3hUa0U5UFE9PQ==,D:\github\exoneracoes_nomeacoes_dou\LAKE\RJ\2022\12\DOERJ_PARTE_I_PODER_EXECUTIVO_2022-12-26.md
RJ,Diario Oficial do Estado do Rio de Janeiro,2022-12-26,Parte I (Poder Executivo),exoneracao,KRISTIAN CARVALHO AMARANTE TAVARES,5134586-2,,,,sim,TAVARES:ORG|Kristian Carvalho Amarante Tavares:PER,sim,do cargo em comissão de Assistente II,,"EXONERAR com validade a contar de 21 de dezembro de 2022, KRISTIAN CARVALHO AMARANTE TAVARES , ID FUNCIONAL 5134586-2, do cargo em comissão de Assistente II, símbolo DAI-6, da",https://www.ioerj.com.br/portal/modules/conteudoonline/mostra_edicao.php?session=VW1wck5FOVZTa1JOZWxWMFVWUlZNMDlETURCU2FrcEdURlZKZUUxVVRYUlBWRlpEVVd0Vk1sRlVSWGROZWtVMFRWUmpNMDU2YTNsUFZFa3hUa0U5UFE9PQ==,D:\github\exoneracoes_nomeacoes_dou\LAKE\RJ\2022\12\DOERJ_PARTE_I_PODER_EXECUTIVO_2022-12-26.md
RJ,Diario Oficial do Estado do Rio de Janeiro,2022-12-26,Parte I (Poder Executivo),exoneracao,MARCOS ANTONIO FRANÇA MONTEIRO,5134405-0,,,,sim,MARCOS ANTONIO FRANÇA MONTEIRO:PER,sim,do cargo em comissão de Assistente II,,"EXONERAR com validade a contar de 21 de dezembro de 2022, MARCOS ANTONIO FRANÇA MONTEIRO , ID FUNCIONAL Nº 5134405-0, do cargo em comissão de Assistente II, símbolo DAI-6, da",https://www.ioerj.com.br/portal/modules/conteudoonline/mostra_edicao.php?session=VW1wck5FOVZTa1JOZWxWMFVWUlZNMDlETURCU2FrcEdURlZKZUUxVVRYUlBWRlpEVVd0Vk1sRlVSWGROZWtVMFRWUmpNMDU2YTNsUFZFa3hUa0U5UFE9PQ==,D:\github\exoneracoes_nomeacoes_dou\LAKE\RJ\2022\12\DOERJ_PARTE_I_PODER_EXECUTIVO_2022-12-26.md
RJ,Diario Oficial do Estado do Rio de Janeiro,2022-12-26,Parte I (Poder Executivo),exoneracao,VINICIUS SOARES DA COSTA FREITAS,5135168-4,,,,sim,VINICIUS SOARES:PER,sim,do cargo em comissão de Assistente II,,"EXONERAR com validade a contar de 21 de dezembro de 2022, VINICIUS SOARES DA COSTA FREITAS , ID FUNCIONAL 5135168-4, do cargo em comissão de Assistente II, símbolo DAI-6, da",https://www.ioerj.com.br/portal/modules/conteudoonline/mostra_edicao.php?session=VW1wck5FOVZTa1JOZWxWMFVWUlZNMDlETURCU2FrcEdURlZKZUUxVVRYUlBWRlpEVVd0Vk1sRlVSWGROZWtVMFRWUmpNMDU2YTNsUFZFa3hUa0U5UFE9PQ==,D:\github\exoneracoes_nomeacoes_dou\LAKE\RJ\2022\12\DOERJ_PARTE_I_PODER_EXECUTIVO_2022-12-26.md
RJ,Diario Oficial do Estado do Rio de Janeiro,2022-12-26,Parte I (Poder Executivo),exoneracao,MARIA EDUARDA BATISTA SOUZA DA SILVA,5134521-8,,,,sim,MARIA EDUARDA:MISC|BATISTA SOUZA DA SILVA:PER,sim,do cargo em comissão de Assistente II,,"EXONERAR com validade a contar de 21 de dezembro de 2022, MARIA EDUARDA BATISTA SOUZA DA SILVA , ID FUNCIONAL 5134521-8, do cargo em comissão de Assistente II, símbolo DAI-6, da",https://www.ioerj.com.br/portal/modules/conteudoonline/mostra_edicao.php?session=VW1wck5FOVZTa1JOZWxWMFVWUlZNMDlETURCU2FrcEdURlZKZUUxVVRYUlBWRlpEVVd0Vk1sRlVSWGROZWtVMFRWUmpNMDU2YTNsUFZFa3hUa0U5UFE9PQ==,D:\github\exoneracoes_nomeacoes_dou\LAKE\RJ\2022\12\DOERJ_PARTE_I_PODER_EXECUTIVO_2022-12-26.md
RJ,Diario Oficial do Estado do Rio de Janeiro,2022-12-26,Parte I (Poder Executivo),exoneracao,JEFFERSON LUIZ PEREIRA COSTA,5134560-9,,,,sim,JEFFERSON LUIZ PEREIRA:PER,sim,do cargo em comissão de Assistente II,,"EXONERAR com validade a contar de 21 de dezembro de 2022, JEFFERSON LUIZ PEREIRA COSTA , ID FUNCIONAL Nº 5134560-9, do cargo em comissão de Assistente II, símbolo DAI-6, da",https://www.ioerj.com.br/portal/modules/conteudoonline/mostra_edicao.php?session=VW1wck5FOVZTa1JOZWxWMFVWUlZNMDlETURCU2FrcEdURlZKZUUxVVRYUlBWRlpEVVd0Vk1sRlVSWGROZWtVMFRWUmpNMDU2YTNsUFZFa3hUa0U5UFE9PQ==,D:\github\exoneracoes_nomeacoes_dou\LAKE\RJ\2022\12\DOERJ_PARTE_I_PODER_EXECUTIVO_2022-12-26.md
RJ,Diario Oficial do Estado do Rio de Janeiro,2022-12-26,Parte I (Poder Executivo),exoneracao,RONALDO LEANDRO FONTOURA,5134360-6,,,,sim,RONALDO LEANDRO:MISC|Ronaldo Leandro Fontoura:PER,sim,do cargo em comissão de Assistente II,,"EXONERAR com validade a contar de 21 de dezembro de 2022, RONALDO LEANDRO FONTOURA , ID FUNCIONAL Nº 5134360-6, do cargo em comissão de Assistente II, símbolo DAI-6, da",https://www.ioerj.com.br/portal/modules/conteudoonline/mostra_edicao.php?session=VW1wck5FOVZTa1JOZWxWMFVWUlZNMDlETURCU2FrcEdURlZKZUUxVVRYUlBWRlpEVVd0Vk1sRlVSWGROZWtVMFRWUmpNMDU2YTNsUFZFa3hUa0U5UFE9PQ==,D:\github\exoneracoes_nomeacoes_dou\LAKE\RJ\2022\12\DOERJ_PARTE_I_PODER_EXECUTIVO_2022-12-26.md
RJ,Diario Oficial do Estado do Rio de Janeiro,2022-12-26,Parte I (Poder Executivo),exoneracao,WESLEY DE SOUSA FERREIRA,5135404-7,,,,sim,WESLEY:LOC|SOUSA FERREIRA:ORG|Wesley De Sousa Ferreira:PER,sim,do cargo em comissão de Assistente II,,"EXONERAR com validade a contar de 21 de dezembro de 2022, WESLEY DE SOUSA FERREIRA , ID FUNCIONAL Nº 5135404-7, do cargo em comissão de Assistente II, símbolo DAI-6, da",https://www.ioerj.com.br/portal/modules/conteudoonline/mostra_edicao.php?session=VW1wck5FOVZTa1JOZWxWMFVWUlZNMDlETURCU2FrcEdURlZKZUUxVVRYUlBWRlpEVVd0Vk1sRlVSWGROZWtVMFRWUmpNMDU2YTNsUFZFa3hUa0U5UFE9PQ==,D:\github\exoneracoes_nomeacoes_dou\LAKE\RJ\2022\12\DOERJ_PARTE_I_PODER_EXECUTIVO_2022-12-26.md
RJ,Diario Oficial do Estado do Rio de Janeiro,2022-12-26,Parte I (Poder Executivo),exoneracao,AMAURI GARCIA,5135067-0,,,,sim,GARCIA:LOC|Amauri Garcia:PER,sim,do cargo em comissão de Assistente II,,"EXONERAR com validade a contar de 21 de dezembro de 2022, AMAURI GARCIA , ID FUNCIONAL 5135067-0, do cargo em comissão de Assistente II, símbolo DAI-6, da",https://www.ioerj.com.br/portal/modules/conteudoonline/mostra_edicao.php?session=VW1wck5FOVZTa1JOZWxWMFVWUlZNMDlETURCU2FrcEdURlZKZUUxVVRYUlBWRlpEVVd0Vk1sRlVSWGROZWtVMFRWUmpNMDU2YTNsUFZFa3hUa0U5UFE9PQ==,D:\github\exoneracoes_nomeacoes_dou\LAKE\RJ\2022\12\DOERJ_PARTE_I_PODER_EXECUTIVO_2022-12-26.md
RJ,Diario Oficial do Estado do Rio de Janeiro,2022-12-26,Parte I (Poder Executivo),exoneracao,MARCELO DA SILVA LIMA,5134547-1,,,,sim,MARCELO DA SILVA LIMA:MISC|Marcelo Da Silva Lima:PER,sim,do cargo em comissão de Assistente II,,"EXONERAR com validade a contar de 21 de dezembro de 2022, MARCELO DA SILVA LIMA , ID FUNCIONAL 5134547-1, do cargo em comissão de Assistente II, símbolo DAI-6, da",https://www.ioerj.com.br/portal/modules/conteudoonline/mostra_edicao.php?session=VW1wck5FOVZTa1JOZWxWMFVWUlZNMDlETURCU2FrcEdURlZKZUUxVVRYUlBWRlpEVVd0Vk1sRlVSWGROZWtVMFRWUmpNMDU2YTNsUFZFa3hUa0U5UFE9PQ==,D:\github\exoneracoes_nomeacoes_dou\LAKE\RJ\2022\12\DOERJ_PARTE_I_PODER_EXECUTIVO_2022-12-26.md
RJ,Diario Oficial do Estado do Rio de Janeiro,2022-12-26,Parte I (Poder Executivo),exoneracao,ALEX SANDRO LISBOA CAMPOS,5134512-9,,,,sim,ALEX SANDRO LISBOA:MISC|Alex Sandro Lisboa Campos:PER,sim,do cargo em comissão de Assistente II,,"EXONERAR com validade a contar de 21 de dezembro de 2022, ALEX SANDRO LISBOA CAMPOS , ID FUNCIONAL 5134512-9, do cargo em comissão de Assistente II, símbolo DAI-6, da",https://www.ioerj.com.br/portal/modules/conteudoonline/mostra_edicao.php?session=VW1wck5FOVZTa1JOZWxWMFVWUlZNMDlETURCU2FrcEdURlZKZUUxVVRYUlBWRlpEVVd0Vk1sRlVSWGROZWtVMFRWUmpNMDU2YTNsUFZFa3hUa0U5UFE9PQ==,D:\github\exoneracoes_nomeacoes_dou\LAKE\RJ\2022\12\DOERJ_PARTE_I_PODER_EXECUTIVO_2022-12-26.md
RJ,Diario Oficial do Estado do Rio de Janeiro,2022-12-26,Parte I (Poder Executivo),exoneracao,ALESSANDRA CARRACENA GOMES,51367084,,,,sim,Alessandra Carracena Gomes:PER,sim,do cargo em comissão de Adjunto II,do Instituto Estadual do Ambiente - INEA,"EXONERAR com validade a contar de 18 de novembro de 2022, ALESSANDRA CARRACENA GOMES , ID FUNCIONAL Nº 51367084, do cargo em comissão de Adjunto II, símbolo DAI-2, do Instituto Estadual do Ambiente - INEA, da",https://www.ioerj.com.br/portal/modules/conteudoonline/mostra_edicao.php?session=VW1wck5FOVZTa1JOZWxWMFVWUlZNMDlETURCU2FrcEdURlZKZUUxVVRYUlBWRlpEVVd0Vk1sRlVSWGROZWtVMFRWUmpNMDU2YTNsUFZFa3hUa0U5UFE9PQ==,D:\github\exoneracoes_nomeacoes_dou\LAKE\RJ\2022\12\DOERJ_PARTE_I_PODER_EXECUTIVO_2022-12-26.md
RJ,Diario Oficial do Estado do Rio de Janeiro,2022-12-26,Parte I (Poder Executivo),nomeacao,RICARDO DE CASTRO SOUZA JUNIOR,,,,,sim,RICARDO DE CASTRO SOUZA:MISC|Ricardo De Castro Souza Junior:PER,sim,,do Instituto Estadual do Ambiente -INEA,"NOMEAR RICARDO DE CASTRO SOUZA JUNIOR para exercer, com validade a contar de 01 de dezembro de 2022, o cargo em comissão de Adjunto II, símbolo DAI-2, do Instituto Estadual do Ambiente -INEA, da",https://www.ioerj.com.br/portal/modules/conteudoonline/mostra_edicao.php?session=VW1wck5FOVZTa1JOZWxWMFVWUlZNMDlETURCU2FrcEdURlZKZUUxVVRYUlBWRlpEVVd0Vk1sRlVSWGROZWtVMFRWUmpNMDU2YTNsUFZFa3hUa0U5UFE9PQ==,D:\github\exoneracoes_nomeacoes_dou\LAKE\RJ\2022\12\DOERJ_PARTE_I_PODER_EXECUTIVO_2022-12-26.md
RJ,Diario Oficial do Estado do Rio de Janeiro,2022-12-23,Parte I (Poder Executivo),nomeacao,ANA PAULA COSTA MARQUES DE FARIA,43953298,,,,sim,ANA PAULA:PER,sim,,do Departamento-Geral de Combate à Corrupção,"NOMEAR ANA PAULA COSTA MARQUES DE FARIA , ID Funcional nº 43953298, para exercer, com validade a contar de 11 de novembro de 2022, o cargo em comissão de Diretor Geral, símbolo DG, do Departamento-Geral de Combate à Corrupção, ao Crime Organizado e à Lavagem de Dinheiro, da Subsecretaria de Planejamento e Integração ##",https://www.ioerj.com.br/portal/modules/conteudoonline/mostra_edicao.php?session=VGpCRk5FNXJTa05PVkVsMFRsUk5lRTU1TURCT1JHTTFURlZGTkUxcVRYUlJNRTVEVG1wcmVGSlVSWGRPYTBaRlRWUmpNMDU2YTNwTlZFMTNUMEU5UFE9PQ==,D:\github\exoneracoes_nomeacoes_dou\LAKE\RJ\2022\12\DOERJ_PARTE_I_PODER_EXECUTIVO_2022-12-23.md
RJ,Diario Oficial do Estado do Rio de Janeiro,2022-12-23,Parte I (Poder Executivo),nomeacao,LUIZ FERNANDO BOMFIM DA SILVA,,,,,sim,LUIZ FERNANDO BOMFIM DA SILVA:PER,sim,para exercer o cargo em comissão de Ajudante II,,"NOMEAR LUIZ FERNANDO BOMFIM DA SILVA para exercer o cargo em comissão de Ajudante II, símbolo DAI-2, da",https://www.ioerj.com.br/portal/modules/conteudoonline/mostra_edicao.php?session=VGpCRk5FNXJTa05PVkVsMFRsUk5lRTU1TURCT1JHTTFURlZGTkUxcVRYUlJNRTVEVG1wcmVGSlVSWGRPYTBaRlRWUmpNMDU2YTNwTlZFMTNUMEU5UFE9PQ==,D:\github\exoneracoes_nomeacoes_dou\LAKE\RJ\2022\12\DOERJ_PARTE_I_PODER_EXECUTIVO_2022-12-23.md
RJ,Diario Oficial do Estado do Rio de Janeiro,2022-12-23,Parte I (Poder Executivo),exoneracao,CARLOS EDUARDO CORREIA HENRIQUES,5013977-0,,,,sim,CARLOS EDUARDO:PER,sim,do cargo em comissão de Coordenador,do Departamento Geral de Administração e Finanças,"EXONERAR com validade a contar de 26 de dezembro de 2022, CARLOS EDUARDO CORREIA HENRIQUES , ID FUNCIONAL Nº 5013977-0, do cargo em comissão de Coordenador, símbolo DAS-8, da Coordenadoria de Serviços Compartilhados, do Departamento Geral de Administração e Finanças, da Subsecretaria de Administração, da",https://www.ioerj.com.br/portal/modules/conteudoonline/mostra_edicao.php?session=VGpCRk5FNXJTa05PVkVsMFRsUk5lRTU1TURCT1JHTTFURlZGTkUxcVRYUlJNRTVEVG1wcmVGSlVSWGRPYTBaRlRWUmpNMDU2YTNwTlZFMTNUMEU5UFE9PQ==,D:\github\exoneracoes_nomeacoes_dou\LAKE\RJ\2022\12\DOERJ_PARTE_I_PODER_EXECUTIVO_2022-12-23.md
RJ,Diario Oficial do Estado do Rio de Janeiro,2022-12-23,Parte I (Poder Executivo),nomeacao,LEONARDO GOMES DA SILVA ARAUJO,4455819-8,,,,sim,LEONARDO GOMES DA SILVA ARAUJO:MISC|Leonardo Gomes Da Silva Araujo:PER,sim,,,"NOMEAR LEONARDO GOMES DA SILVA ARAUJO , ID FUNCIONAL Nº 4455819-8, para exercer, com validade a contar de 01 de dezem- bro de 2022, II, símbolo DAI-6, o cargo em comissão de Assistente do Fundo Único de Previdência Social do Estado do Rio de Janeiro - RIOPREVIDÊNCIA, da",https://www.ioerj.com.br/portal/modules/conteudoonline/mostra_edicao.php?session=VGpCRk5FNXJTa05PVkVsMFRsUk5lRTU1TURCT1JHTTFURlZGTkUxcVRYUlJNRTVEVG1wcmVGSlVSWGRPYTBaRlRWUmpNMDU2YTNwTlZFMTNUMEU5UFE9PQ==,D:\github\exoneracoes_nomeacoes_dou\LAKE\RJ\2022\12\DOERJ_PARTE_I_PODER_EXECUTIVO_2022-12-23.md
RJ,Diario Oficial do Estado do Rio de Janeiro,2022-12-23,Parte I (Poder Executivo),nomeacao,GIOVANNA CATARCIONE TURLER,,,,,sim,GIOVANNA:MISC|Giovanna Catarcione Turler:PER,sim,para exercer o cargo em comissão de Assessor,do Gabinete do Secretário,"NOMEAR GIOVANNA CATARCIONE TURLER para exercer o cargo em comissão de Assessor, símbolo DAS-7, do Gabinete do Secretário, da",https://www.ioerj.com.br/portal/modules/conteudoonline/mostra_edicao.php?session=VGpCRk5FNXJTa05PVkVsMFRsUk5lRTU1TURCT1JHTTFURlZGTkUxcVRYUlJNRTVEVG1wcmVGSlVSWGRPYTBaRlRWUmpNMDU2YTNwTlZFMTNUMEU5UFE9PQ==,D:\github\exoneracoes_nomeacoes_dou\LAKE\RJ\2022\12\DOERJ_PARTE_I_PODER_EXECUTIVO_2022-12-23.md
RJ,Diario Oficial do Estado do Rio de Janeiro,2022-12-23,Parte I (Poder Executivo),nomeacao,ANA CAROLINA COELHO DE CARVALHO PRAZERES,,,,,sim,ANA CAROLINA COELHO DE CARVALHO PRAZERES:PER,sim,,do Gabinete do Secretário,"NOMEAR ANA CAROLINA COELHO DE CARVALHO PRAZERES para exercer, com validade a contar de 19 de dezembro de 2022, o cargo em comissão de Assistente II, símbolo DAI-6, do Gabinete do Secretário, da",https://www.ioerj.com.br/portal/modules/conteudoonline/mostra_edicao.php?session=VGpCRk5FNXJTa05PVkVsMFRsUk5lRTU1TURCT1JHTTFURlZGTkUxcVRYUlJNRTVEVG1wcmVGSlVSWGRPYTBaRlRWUmpNMDU2YTNwTlZFMTNUMEU5UFE9PQ==,D:\github\exoneracoes_nomeacoes_dou\LAKE\RJ\2022\12\DOERJ_PARTE_I_PODER_EXECUTIVO_2022-12-23.md
RJ,Diario Oficial do Estado do Rio de Janeiro,2022-12-23,Parte I (Poder Executivo),nomeacao,FELIPE ALEXANDRIA SOARES,,,,,sim,FELIPE ALEXANDRIA SOARES:PER,sim,,do Gabinete do Secretário,"NOMEAR FELIPE ALEXANDRIA SOARES para exercer, com validade a contar de 21 de dezembro de 2022, o cargo em comissão de Assistente II, símbolo DAI-6, do Gabinete do Secretário, da",https://www.ioerj.com.br/portal/modules/conteudoonline/mostra_edicao.php?session=VGpCRk5FNXJTa05PVkVsMFRsUk5lRTU1TURCT1JHTTFURlZGTkUxcVRYUlJNRTVEVG1wcmVGSlVSWGRPYTBaRlRWUmpNMDU2YTNwTlZFMTNUMEU5UFE9PQ==,D:\github\exoneracoes_nomeacoes_dou\LAKE\RJ\2022\12\DOERJ_PARTE_I_PODER_EXECUTIVO_2022-12-23.md
RJ,Diario Oficial do Estado do Rio de Janeiro,2022-12-23,Parte I (Poder Executivo),nomeacao,FELIPE COLAÇO DIAS FERNANDES,,,,,sim,FELIPE COLAÇO:PER,sim,,do Gabinete do Secretário,"NOMEAR FELIPE COLAÇO DIAS FERNANDES para exercer, o cargo em comissão de Assistente II, símbolo DAI-6, do Gabinete do Secretário, da",https://www.ioerj.com.br/portal/modules/conteudoonline/mostra_edicao.php?session=VGpCRk5FNXJTa05PVkVsMFRsUk5lRTU1TURCT1JHTTFURlZGTkUxcVRYUlJNRTVEVG1wcmVGSlVSWGRPYTBaRlRWUmpNMDU2YTNwTlZFMTNUMEU5UFE9PQ==,D:\github\exoneracoes_nomeacoes_dou\LAKE\RJ\2022\12\DOERJ_PARTE_I_PODER_EXECUTIVO_2022-12-23.md
RJ,Diario Oficial do Estado do Rio de Janeiro,2022-12-23,Parte I (Poder Executivo),nomeacao,ALEX LUIS SILVA PINTO,,,,,sim,ALEX LUIS:MISC|PINTO:MISC|Alex Luis Silva Pinto:PER,sim,,,"NOMEAR ALEX LUIS SILVA PINTO para exercer, o cargo em comissão de Ajudante II, símbolo DAI-2, da",https://www.ioerj.com.br/portal/modules/conteudoonline/mostra_edicao.php?session=VGpCRk5FNXJTa05PVkVsMFRsUk5lRTU1TURCT1JHTTFURlZGTkUxcVRYUlJNRTVEVG1wcmVGSlVSWGRPYTBaRlRWUmpNMDU2YTNwTlZFMTNUMEU5UFE9PQ==,D:\github\exoneracoes_nomeacoes_dou\LAKE\RJ\2022\12\DOERJ_PARTE_I_PODER_EXECUTIVO_2022-12-23.md
RJ,Diario Oficial do Estado do Rio de Janeiro,2022-12-22,Parte I (Poder Executivo),nomeacao,ALMIR MACHADO VIEIRA,4417192-7,,,,sim,MACHADO VIEIRA:MISC|Almir Machado Vieira:PER,sim,,da Subsecretaria de Administração,"NOMEAR ALMIR MACHADO VIEIRA , ID FUNCIONAL Nº 4417192-7, Auditor Fiscal da Receita Estadual da 1ª Categoria, para exercer, com validade a contar de 19 de dezembro de 2022, o cargo em comissão de Diretor EFAZ, símbolo DG, da Escola Fazendária do Estado do Rio de Janeiro, da Subsecretaria de Administração, da",https://www.ioerj.com.br/portal/modules/conteudoonline/mostra_edicao.php?session=VG1wVk5WSkVSWGhPVkVWMFVYcENSRTVUTURCU2FtUkVURlJvUjA1clZYUlJWVkY0VG1wck1FNVVhRU5QVkZWM1RWUmpNMDU2YTNwTlZGVjNUV2M5UFE9PQ==,D:\github\exoneracoes_nomeacoes_dou\LAKE\RJ\2022\12\DOERJ_PARTE_I_PODER_EXECUTIVO_2022-12-22.md
RJ,Diario Oficial do Estado do Rio de Janeiro,2022-12-22,Parte I (Poder Executivo),exoneracao,GILBERT UZÊDA STIVANELLO,4218335-9,,,,sim,GILBERT UZÊDA STIVANELLO:MISC|Gilbert Uzêda Stivanello:PER,sim,do cargo em comissão de Assessor Técnico Especial,da Subsecretaria de Planejamento e Integração Operacional,"EXONERAR com validade a contar de 01 de dezembro de 2022, GILBERT UZÊDA STIVANELLO , ID FUNCIONAL Nº 4218335-9, do cargo em comissão de Assessor Técnico Especial, símbolo DG, da Subsecretaria de Planejamento e Integração Operacional, da",https://www.ioerj.com.br/portal/modules/conteudoonline/mostra_edicao.php?session=VG1wVk5WSkVSWGhPVkVWMFVYcENSRTVUTURCU2FtUkVURlJvUjA1clZYUlJWVkY0VG1wck1FNVVhRU5QVkZWM1RWUmpNMDU2YTNwTlZGVjNUV2M5UFE9PQ==,D:\github\exoneracoes_nomeacoes_dou\LAKE\RJ\2022\12\DOERJ_PARTE_I_PODER_EXECUTIVO_2022-12-22.md
RJ,Diario Oficial do Estado do Rio de Janeiro,2022-12-22,Parte I (Poder Executivo),nomeacao,FLAVIO PORTO DE MOURA,29587921,,,,sim,PORTO DE MOURA:LOC|Flavio Porto De Moura:PER,sim,,da Subsecretaria de Planejamento e Integração Operacional,"NOMEAR FLAVIO PORTO DE MOURA , ID FUNCIONAL Nº 29587921, para exercer, com validade a contar de 01 de dezembro de 2022, o cargo em comissão de Assessor Técnico Especial, símbolo DG, da Subsecretaria de Planejamento e Integração Operacional, da",https://www.ioerj.com.br/portal/modules/conteudoonline/mostra_edicao.php?session=VG1wVk5WSkVSWGhPVkVWMFVYcENSRTVUTURCU2FtUkVURlJvUjA1clZYUlJWVkY0VG1wck1FNVVhRU5QVkZWM1RWUmpNMDU2YTNwTlZGVjNUV2M5UFE9PQ==,D:\github\exoneracoes_nomeacoes_dou\LAKE\RJ\2022\12\DOERJ_PARTE_I_PODER_EXECUTIVO_2022-12-22.md
RJ,Diario Oficial do Estado do Rio de Janeiro,2022-12-22,Parte I (Poder Executivo),exoneracao,FLAVIO PORTO DE MOURA,2958792-1,,,,sim,PORTO DE MOURA:LOC|Flavio Porto De Moura:PER,sim,do cargo em comissão de Diretor Geral,do Departamento-Geral de Combate à Corrupção,"EXONERAR com validade a contar de 11 de novembro de 2022, FLAVIO PORTO DE MOURA , ID FUNCIONAL Nº 2958792-1, do cargo em comissão de Diretor Geral, símbolo DG, do Departamento-Geral de Combate à Corrupção, ao Crime Organizado e à Lavagem de Dinheiro, da Subsecretaria de Planejamento e Integração Operacional, da",https://www.ioerj.com.br/portal/modules/conteudoonline/mostra_edicao.php?session=VG1wVk5WSkVSWGhPVkVWMFVYcENSRTVUTURCU2FtUkVURlJvUjA1clZYUlJWVkY0VG1wck1FNVVhRU5QVkZWM1RWUmpNMDU2YTNwTlZGVjNUV2M5UFE9PQ==,D:\github\exoneracoes_nomeacoes_dou\LAKE\RJ\2022\12\DOERJ_PARTE_I_PODER_EXECUTIVO_2022-12-22.md
RJ,Diario Oficial do Estado do Rio de Janeiro,2022-12-22,Parte I (Poder Executivo),nomeacao,MARCELO DO CARMO SIMÕES,5104671-7,,,,sim,MARCELO:MISC|Marcelo Do Carmo Simões:PER,sim,para exercer o cargo em comissão de Ajudante I,da Superintendência da Operação FOCO,"NOMEAR MARCELO DO CARMO SIMÕES , ID FUNCIONAL Nº 5104671-7, para exercer o cargo em comissão de Ajudante I, símbolo DAI-1, da Superintendência da Operação FOCO, da Subsecretaria Especial de Controle de Divisas, da",https://www.ioerj.com.br/portal/modules/conteudoonline/mostra_edicao.php?session=VG1wVk5WSkVSWGhPVkVWMFVYcENSRTVUTURCU2FtUkVURlJvUjA1clZYUlJWVkY0VG1wck1FNVVhRU5QVkZWM1RWUmpNMDU2YTNwTlZGVjNUV2M5UFE9PQ==,D:\github\exoneracoes_nomeacoes_dou\LAKE\RJ\2022\12\DOERJ_PARTE_I_PODER_EXECUTIVO_2022-12-22.md
RJ,Diario Oficial do Estado do Rio de Janeiro,2022-12-22,Parte I (Poder Executivo),nomeacao,ANA ELENA SILVA LOPES RIBEIRO,,,,,sim,ANA ELENA:PER,sim,,do Departamento de Trânsito do Estado do Rio de Janeiro - DETRAN/RJ,"NOMEAR ANA ELENA SILVA LOPES RIBEIRO para exercer, o cargo em comissão de Chefe de Serviço, símbolo DAI-6, da CIRETRANS E SATS, da Coordenadoria de Serviços Descentralizados, da Coorde- <!-- image --> DO ESTADO DO RIO DE JANEIRO nadoria Geral de Integração de Serviços, do Departamento de Trânsito do Estado do Rio de Janeiro - DETRAN/RJ, da",https://www.ioerj.com.br/portal/modules/conteudoonline/mostra_edicao.php?session=VG1wVk5WSkVSWGhPVkVWMFVYcENSRTVUTURCU2FtUkVURlJvUjA1clZYUlJWVkY0VG1wck1FNVVhRU5QVkZWM1RWUmpNMDU2YTNwTlZGVjNUV2M5UFE9PQ==,D:\github\exoneracoes_nomeacoes_dou\LAKE\RJ\2022\12\DOERJ_PARTE_I_PODER_EXECUTIVO_2022-12-22.md
RJ,Diario Oficial do Estado do Rio de Janeiro,2022-12-22,Parte I (Poder Executivo),exoneracao,ROBERTA DE JESUS DE SÁ,44360606,,,,sim,JESUS DE SÁ:PER,sim,do cargo em comissão de Assessor,da Subsecretaria de Modernização da Gestão,"EXONERAR ROBERTA DE JESUS DE SÁ , ID FUNCIONAL N°44360606, do cargo em comissão de Assessor, símbolo DAS-8, da Subsecretaria de Modernização da Gestão, da",https://www.ioerj.com.br/portal/modules/conteudoonline/mostra_edicao.php?session=VG1wVk5WSkVSWGhPVkVWMFVYcENSRTVUTURCU2FtUkVURlJvUjA1clZYUlJWVkY0VG1wck1FNVVhRU5QVkZWM1RWUmpNMDU2YTNwTlZGVjNUV2M5UFE9PQ==,D:\github\exoneracoes_nomeacoes_dou\LAKE\RJ\2022\12\DOERJ_PARTE_I_PODER_EXECUTIVO_2022-12-22.md
RJ,Diario Oficial do Estado do Rio de Janeiro,2022-12-22,Parte I (Poder Executivo),nomeacao,HENRIQUE STERENBERG,5025101-5,,,,sim,HENRIQUE STERENBERG:MISC|Henrique Sterenberg:PER,sim,para exercer o cargo em comissão de Assessor,,"NOMEAR HENRIQUE STERENBERG , ID FUNCIONAL Nº 5025101-5, para exercer o cargo em comissão de Assessor, símbolo DAS-8, da",https://www.ioerj.com.br/portal/modules/conteudoonline/mostra_edicao.php?session=VG1wVk5WSkVSWGhPVkVWMFVYcENSRTVUTURCU2FtUkVURlJvUjA1clZYUlJWVkY0VG1wck1FNVVhRU5QVkZWM1RWUmpNMDU2YTNwTlZGVjNUV2M5UFE9PQ==,D:\github\exoneracoes_nomeacoes_dou\LAKE\RJ\2022\12\DOERJ_PARTE_I_PODER_EXECUTIVO_2022-12-22.md
RJ,Diario Oficial do Estado do Rio de Janeiro,2022-12-22,Parte I (Poder Executivo),exoneracao,JOSÉ CLAYTON BISPO SILVA,2281568-6,,,,sim,JOSÉ CLAYTON BISPO SILVA:PER,sim,do cargo em comissão de Assessor,,"EXONERAR JOSÉ CLAYTON BISPO SILVA , ID FUNCIONAL Nº 2281568-6, do cargo em comissão de Assessor, símbolo DAS-8, da",https://www.ioerj.com.br/portal/modules/conteudoonline/mostra_edicao.php?session=VG1wVk5WSkVSWGhPVkVWMFVYcENSRTVUTURCU2FtUkVURlJvUjA1clZYUlJWVkY0VG1wck1FNVVhRU5QVkZWM1RWUmpNMDU2YTNwTlZGVjNUV2M5UFE9PQ==,D:\github\exoneracoes_nomeacoes_dou\LAKE\RJ\2022\12\DOERJ_PARTE_I_PODER_EXECUTIVO_2022-12-22.md
RJ,Diario Oficial do Estado do Rio de Janeiro,2022-12-22,Parte I (Poder Executivo),exoneracao,HENRIQUE STERENBERG,5025101-5,,,,sim,HENRIQUE STERENBERG:MISC|Henrique Sterenberg:PER,sim,do cargo em comissão de Coordenador,da Superintendência de Processos Administrativos Eletrônicos,"EXONERAR HENRIQUE STERENBERG , ID FUNCIONAL Nº 5025101-5, do cargo em comissão de Coordenador, símbolo DAS-8, da Coordenadoria de Reestruturação Administrativa, da Superintendência de Processos Administrativos Eletrônicos, da Subsecretaria de Modernização da Gestão, da",https://www.ioerj.com.br/portal/modules/conteudoonline/mostra_edicao.php?session=VG1wVk5WSkVSWGhPVkVWMFVYcENSRTVUTURCU2FtUkVURlJvUjA1clZYUlJWVkY0VG1wck1FNVVhRU5QVkZWM1RWUmpNMDU2YTNwTlZGVjNUV2M5UFE9PQ==,D:\github\exoneracoes_nomeacoes_dou\LAKE\RJ\2022\12\DOERJ_PARTE_I_PODER_EXECUTIVO_2022-12-22.md
RJ,Diario Oficial do Estado do Rio de Janeiro,2022-12-22,Parte I (Poder Executivo),nomeacao,ROBERTA DE JESUS DE SÁ,44360606,,,,sim,JESUS DE SÁ:PER,sim,para exercer o cargo em comissão de Coordenador,da Superintendência de Processos Administrativos Eletrônicos,"NOMEAR ROBERTA DE JESUS DE SÁ , ID FUNCIONAL N°44360606, para exercer o cargo em comissão de Coordenador, símbolo DAS-8, da Coordenadoria de Reestruturação Administrativa, da Superintendência de Processos Administrativos Eletrônicos, da Subsecretaria de Modernização da Gestão, da",https://www.ioerj.com.br/portal/modules/conteudoonline/mostra_edicao.php?session=VG1wVk5WSkVSWGhPVkVWMFVYcENSRTVUTURCU2FtUkVURlJvUjA1clZYUlJWVkY0VG1wck1FNVVhRU5QVkZWM1RWUmpNMDU2YTNwTlZGVjNUV2M5UFE9PQ==,D:\github\exoneracoes_nomeacoes_dou\LAKE\RJ\2022\12\DOERJ_PARTE_I_PODER_EXECUTIVO_2022-12-22.md
RJ,Diario Oficial do Estado do Rio de Janeiro,2022-12-22,Parte I (Poder Executivo),exoneracao,DIOGO DE OLIVEIRA COELHO,5007711-2,,,,sim,Diogo De Oliveira Coelho:PER,sim,do cargo em comissão de Assessor,da Subsecretaria de Modernização da Gestão,"EXONERAR DIOGO DE OLIVEIRA COELHO , ID FUNCIONAL Nº 5007711-2, do cargo em comissão de Assessor, símbolo DAS-7, da Subsecretaria de Modernização da Gestão, da",https://www.ioerj.com.br/portal/modules/conteudoonline/mostra_edicao.php?session=VG1wVk5WSkVSWGhPVkVWMFVYcENSRTVUTURCU2FtUkVURlJvUjA1clZYUlJWVkY0VG1wck1FNVVhRU5QVkZWM1RWUmpNMDU2YTNwTlZGVjNUV2M5UFE9PQ==,D:\github\exoneracoes_nomeacoes_dou\LAKE\RJ\2022\12\DOERJ_PARTE_I_PODER_EXECUTIVO_2022-12-22.md
RJ,Diario Oficial do Estado do Rio de Janeiro,2022-12-22,Parte I (Poder Executivo),nomeacao,JOSÉ CLAYTON BISPO SILVA,2281568-6,,,,sim,JOSÉ CLAYTON BISPO SILVA:PER,sim,para exercer o cargo em comissão de Assessor,da Superintendência de Inovação e Modernização,"NOMEAR JOSÉ CLAYTON BISPO SILVA , ID FUNCIONAL Nº 2281568-6, para exercer o cargo em comissão de Assessor, símbolo DAS-6, da Coordenadoria de Gestão do SEI-RJ, da Superintendência de Inovação e Modernização, da Subsecretaria de Modernização da Gestão, da",https://www.ioerj.com.br/portal/modules/conteudoonline/mostra_edicao.php?session=VG1wVk5WSkVSWGhPVkVWMFVYcENSRTVUTURCU2FtUkVURlJvUjA1clZYUlJWVkY0VG1wck1FNVVhRU5QVkZWM1RWUmpNMDU2YTNwTlZGVjNUV2M5UFE9PQ==,D:\github\exoneracoes_nomeacoes_dou\LAKE\RJ\2022\12\DOERJ_PARTE_I_PODER_EXECUTIVO_2022-12-22.md
RJ,Diario Oficial do Estado do Rio de Janeiro,2022-12-22,Parte I (Poder Executivo),nomeacao,DIOGO DE OLIVEIRA COELHO,5007711-2,,,,sim,Diogo De Oliveira Coelho:PER,sim,para exercer o cargo em comissão de Coordenador,da Superintendência de Inovação e Modernização,"NOMEAR DIOGO DE OLIVEIRA COELHO , ID FUNCIONAL Nº 5007711-2, para exercer o cargo em comissão de Coordenador, símbolo DAS-6, da Superintendência de Inovação e Modernização, da Subsecretaria de Modernização da Gestão, da",https://www.ioerj.com.br/portal/modules/conteudoonline/mostra_edicao.php?session=VG1wVk5WSkVSWGhPVkVWMFVYcENSRTVUTURCU2FtUkVURlJvUjA1clZYUlJWVkY0VG1wck1FNVVhRU5QVkZWM1RWUmpNMDU2YTNwTlZGVjNUV2M5UFE9PQ==,D:\github\exoneracoes_nomeacoes_dou\LAKE\RJ\2022\12\DOERJ_PARTE_I_PODER_EXECUTIVO_2022-12-22.md
RJ,Diario Oficial do Estado do Rio de Janeiro,2022-12-22,Parte I (Poder Executivo),nomeacao,MICHEL CAVALCANTE MARTINS,,,,,sim,CAVALCANTE MARTINS:MISC|Michel:PER,sim,,do Gabinete do Secretário,"NOMEAR MICHEL CAVALCANTE MARTINS para exercer, o cargo em comissão de Assessor, símbolo DAS-6, do Gabinete do Secretário, da",https://www.ioerj.com.br/portal/modules/conteudoonline/mostra_edicao.php?session=VG1wVk5WSkVSWGhPVkVWMFVYcENSRTVUTURCU2FtUkVURlJvUjA1clZYUlJWVkY0VG1wck1FNVVhRU5QVkZWM1RWUmpNMDU2YTNwTlZGVjNUV2M5UFE9PQ==,D:\github\exoneracoes_nomeacoes_dou\LAKE\RJ\2022\12\DOERJ_PARTE_I_PODER_EXECUTIVO_2022-12-22.md
RJ,Diario Oficial do Estado do Rio de Janeiro,2022-12-22,Parte I (Poder Executivo),nomeacao,DANIELE VIEIRA DE OLIVEIRA RAMOS,,,,,sim,DANIELE VIEIRA DE OLIVEIRA:PER,sim,,,"NOMEAR DANIELE VIEIRA DE OLIVEIRA RAMOS para exercer, o cargo em comissão de Assessor, símbolo DAS-6, da",https://www.ioerj.com.br/portal/modules/conteudoonline/mostra_edicao.php?session=VG1wVk5WSkVSWGhPVkVWMFVYcENSRTVUTURCU2FtUkVURlJvUjA1clZYUlJWVkY0VG1wck1FNVVhRU5QVkZWM1RWUmpNMDU2YTNwTlZGVjNUV2M5UFE9PQ==,D:\github\exoneracoes_nomeacoes_dou\LAKE\RJ\2022\12\DOERJ_PARTE_I_PODER_EXECUTIVO_2022-12-22.md
RJ,Diario Oficial do Estado do Rio de Janeiro,2022-12-22,Parte I (Poder Executivo),nomeacao,VALÉRIA PEREIRA VIEIRA VIANA,,,,,sim,VALÉRIA PEREIRA VIEIRA VIANA:MISC|Valéria Pereira Vieira Viana:PER,sim,,do Gabinete do Secretário,"NOMEAR VALÉRIA PEREIRA VIEIRA VIANA para exercer, com validade a contar de 21 de novembro de 2022, o cargo em comissão de Assistente, símbolo DAS-6, do Gabinete do Secretário, da",https://www.ioerj.com.br/portal/modules/conteudoonline/mostra_edicao.php?session=VG1wVk5WSkVSWGhPVkVWMFVYcENSRTVUTURCU2FtUkVURlJvUjA1clZYUlJWVkY0VG1wck1FNVVhRU5QVkZWM1RWUmpNMDU2YTNwTlZGVjNUV2M5UFE9PQ==,D:\github\exoneracoes_nomeacoes_dou\LAKE\RJ\2022\12\DOERJ_PARTE_I_PODER_EXECUTIVO_2022-12-22.md
RJ,Diario Oficial do Estado do Rio de Janeiro,2022-12-22,Parte I (Poder Executivo),nomeacao,JESSICA APARECIDA DE MATTOS TAVARES DA CONCEIÇÃO,,,,,sim,JESSICA APARECIDA:PER,sim,,do Gabinete do Secretário,"NOMEAR JESSICA APARECIDA DE MATTOS TAVARES DA CONCEIÇÃO para exercer, o cargo em comissão de Assistente II, símbolo DAI-6, do Gabinete do Secretário, da",https://www.ioerj.com.br/portal/modules/conteudoonline/mostra_edicao.php?session=VG1wVk5WSkVSWGhPVkVWMFVYcENSRTVUTURCU2FtUkVURlJvUjA1clZYUlJWVkY0VG1wck1FNVVhRU5QVkZWM1RWUmpNMDU2YTNwTlZGVjNUV2M5UFE9PQ==,D:\github\exoneracoes_nomeacoes_dou\LAKE\RJ\2022\12\DOERJ_PARTE_I_PODER_EXECUTIVO_2022-12-22.md
RJ,Diario Oficial do Estado do Rio de Janeiro,2022-12-22,Parte I (Poder Executivo),nomeacao,RENATA FERREIRA DE SOUZA,,,,,sim,RENATA FERREIRA:MISC|Renata Ferreira De Souza:PER,sim,,do Gabinete do Secretário,"NOMEAR RENATA FERREIRA DE SOUZA para exercer, o cargo em comissão de Assistente II, símbolo DAI-6, do Gabinete do Secretário, da",https://www.ioerj.com.br/portal/modules/conteudoonline/mostra_edicao.php?session=VG1wVk5WSkVSWGhPVkVWMFVYcENSRTVUTURCU2FtUkVURlJvUjA1clZYUlJWVkY0VG1wck1FNVVhRU5QVkZWM1RWUmpNMDU2YTNwTlZGVjNUV2M5UFE9PQ==,D:\github\exoneracoes_nomeacoes_dou\LAKE\RJ\2022\12\DOERJ_PARTE_I_PODER_EXECUTIVO_2022-12-22.md
RJ,Diario Oficial do Estado do Rio de Janeiro,2022-12-22,Parte I (Poder Executivo),nomeacao,GUSTAVO VALENTE MALVEIRA,,,,,sim,GUSTAVO:MISC|Gustavo Valente Malveira:PER,sim,,do Gabinete do Secretário,"NOMEAR GUSTAVO VALENTE MALVEIRA para exercer, o cargo em comissão de Assistente II, símbolo DAI-6, do Gabinete do Secretário, da",https://www.ioerj.com.br/portal/modules/conteudoonline/mostra_edicao.php?session=VG1wVk5WSkVSWGhPVkVWMFVYcENSRTVUTURCU2FtUkVURlJvUjA1clZYUlJWVkY0VG1wck1FNVVhRU5QVkZWM1RWUmpNMDU2YTNwTlZGVjNUV2M5UFE9PQ==,D:\github\exoneracoes_nomeacoes_dou\LAKE\RJ\2022\12\DOERJ_PARTE_I_PODER_EXECUTIVO_2022-12-22.md
RJ,Diario Oficial do Estado do Rio de Janeiro,2022-12-22,Parte I (Poder Executivo),nomeacao,JOSÉ EUFRASIO DA COSTA FILHO,5117742-0,,,,sim,JOSÉ EUFRASIO:PER,sim,,do Gabinete do Secretário,"NOMEAR JOSÉ EUFRASIO DA COSTA FILHO , ID FUNCIONAL Nº 5117742-0, para exercer, o cargo em comissão de Assistente II, símbolo DAI-5, do Gabinete do Secretário, da",https://www.ioerj.com.br/portal/modules/conteudoonline/mostra_edicao.php?session=VG1wVk5WSkVSWGhPVkVWMFVYcENSRTVUTURCU2FtUkVURlJvUjA1clZYUlJWVkY0VG1wck1FNVVhRU5QVkZWM1RWUmpNMDU2YTNwTlZGVjNUV2M5UFE9PQ==,D:\github\exoneracoes_nomeacoes_dou\LAKE\RJ\2022\12\DOERJ_PARTE_I_PODER_EXECUTIVO_2022-12-22.md
RJ,Diario Oficial do Estado do Rio de Janeiro,2022-12-22,Parte I (Poder Executivo),exoneracao,LUIZ FREITAS NASCIMENTO,5133123-3,,,,sim,LUIZ FREITAS NASCIMENTO:PER,sim,do cargo em comissão de Assistente,,"EXONERAR com validade a contar de 01 de dezembro de 2022, LUIZ FREITAS NASCIMENTO , ID FUNCIONAL N°5133123-3, do cargo em comissão de Assistente, símbolo DAS-6, da",https://www.ioerj.com.br/portal/modules/conteudoonline/mostra_edicao.php?session=VG1wVk5WSkVSWGhPVkVWMFVYcENSRTVUTURCU2FtUkVURlJvUjA1clZYUlJWVkY0VG1wck1FNVVhRU5QVkZWM1RWUmpNMDU2YTNwTlZGVjNUV2M5UFE9PQ==,D:\github\exoneracoes_nomeacoes_dou\LAKE\RJ\2022\12\DOERJ_PARTE_I_PODER_EXECUTIVO_2022-12-22.md
RJ,Diario Oficial do Estado do Rio de Janeiro,2022-12-22,Parte I (Poder Executivo),exoneracao,MATHEUS DA SILVA CASTRO,5135047-5,,,,sim,MATHEUS DA SILVA:PER,sim,do cargo em comissão de Assistente II,,"EXONERAR com validade a contar de 01 de dezembro de 2022, MATHEUS DA SILVA CASTRO , ID FUNCIONAL N° 5135047-5, do cargo em comissão de Assistente II, símbolo DAI-6, da",https://www.ioerj.com.br/portal/modules/conteudoonline/mostra_edicao.php?session=VG1wVk5WSkVSWGhPVkVWMFVYcENSRTVUTURCU2FtUkVURlJvUjA1clZYUlJWVkY0VG1wck1FNVVhRU5QVkZWM1RWUmpNMDU2YTNwTlZGVjNUV2M5UFE9PQ==,D:\github\exoneracoes_nomeacoes_dou\LAKE\RJ\2022\12\DOERJ_PARTE_I_PODER_EXECUTIVO_2022-12-22.md
RJ,Diario Oficial do Estado do Rio de Janeiro,2022-12-22,Parte I (Poder Executivo),exoneracao,NEUZA MARIA GONÇALVES COTINHOLA,01901964-5,,,,sim,NEUZA:ORG|MARIA GONÇALVES:MISC|Neuza Maria Gonçalves Cotinhola:PER,sim,do cargo em comissão de Secretário II,,"EXONERAR com validade a contar de 01 de dezembro de 2022, NEUZA MARIA GONÇALVES COTINHOLA , ID FUNCIONAL Nº 01901964-5, do cargo em comissão de Secretário II, símbolo DAI-5, da",https://www.ioerj.com.br/portal/modules/conteudoonline/mostra_edicao.php?session=VG1wVk5WSkVSWGhPVkVWMFVYcENSRTVUTURCU2FtUkVURlJvUjA1clZYUlJWVkY0VG1wck1FNVVhRU5QVkZWM1RWUmpNMDU2YTNwTlZGVjNUV2M5UFE9PQ==,D:\github\exoneracoes_nomeacoes_dou\LAKE\RJ\2022\12\DOERJ_PARTE_I_PODER_EXECUTIVO_2022-12-22.md
RJ,Diario Oficial do Estado do Rio de Janeiro,2022-12-22,Parte I (Poder Executivo),nomeacao,RENATA BRANDÃO MOURA,50998285,,,,sim,RENATA BRANDÃO MOURA:MISC|Renata Brandão Moura:PER,sim,,,"NOMEAR RENATA BRANDÃO MOURA , ID FUNCIONAL Nº 50998285, para exercer, com validade a contar de 01 de dezembro de 2022, o cargo em comissão de Coordenador, símbolo DAS-8, da",https://www.ioerj.com.br/portal/modules/conteudoonline/mostra_edicao.php?session=VG1wVk5WSkVSWGhPVkVWMFVYcENSRTVUTURCU2FtUkVURlJvUjA1clZYUlJWVkY0VG1wck1FNVVhRU5QVkZWM1RWUmpNMDU2YTNwTlZGVjNUV2M5UFE9PQ==,D:\github\exoneracoes_nomeacoes_dou\LAKE\RJ\2022\12\DOERJ_PARTE_I_PODER_EXECUTIVO_2022-12-22.md
RJ,Diario Oficial do Estado do Rio de Janeiro,2022-12-22,Parte I (Poder Executivo),nomeacao,LUÍS PAULO DA SILVA,,,,,sim,LUÍS PAULO DA SILVA:PER,sim,,da Fundação Leão XIII,"NOMEAR LUÍS PAULO DA SILVA , ID FUNCIONA Nº 51240319, para exercer, com validade a contar de 22 de novembro de 2022, o cargo em comissão de Ajudante I, símbolo DAI-1, da Fundação Leão XIII, da",https://www.ioerj.com.br/portal/modules/conteudoonline/mostra_edicao.php?session=VG1wVk5WSkVSWGhPVkVWMFVYcENSRTVUTURCU2FtUkVURlJvUjA1clZYUlJWVkY0VG1wck1FNVVhRU5QVkZWM1RWUmpNMDU2YTNwTlZGVjNUV2M5UFE9PQ==,D:\github\exoneracoes_nomeacoes_dou\LAKE\RJ\2022\12\DOERJ_PARTE_I_PODER_EXECUTIVO_2022-12-22.md
RJ,Diario Oficial do Estado do Rio de Janeiro,2022-12-21,Parte I (Poder Executivo),nomeacao,MARIANA SILVEIRA SOARES,5029131-9,,,,sim,SILVEIRA SOARES:MISC|Mariana Silveira Soares:PER,sim,,da Fundação Centro de Ciências e Educação Superior à Distância do Estado do Rio de Janeiro - CECIERJ,"NOMEAR MARIANA SILVEIRA SOARES , ID FUNCIONAL Nº 5029131-9, para exercer, com validade a contar de 01 de novembro de 2022, o cargo em comissão de Assessor, símbolo CECIERJ V, da Fundação Centro de Ciências e Educação Superior à Distância do Estado do Rio de Janeiro - CECIERJ, da",https://www.ioerj.com.br/portal/modules/conteudoonline/mostra_edicao.php?session=VFVST1IwNUVaRVpOUkUxMFRtdGFSRkpETURCT2FscEZURlZGTTFGcVozUk5ha1pEVWtWRmVsRlVRVEZOVkZaSFRWUmpNMDU2YTNwTlZHczFUWGM5UFE9PQ==,D:\github\exoneracoes_nomeacoes_dou\LAKE\RJ\2022\12\DOERJ_PARTE_I_PODER_EXECUTIVO_2022-12-21.md
RJ,Diario Oficial do Estado do Rio de Janeiro,2022-12-21,Parte I (Poder Executivo),nomeacao,NATHÁLIA GUIMARÃES FARIAS,5035179-6,,,,sim,NATHÁLIA GUIMARÃES:MISC|Nathália Guimarães Farias:PER,sim,da Chefia de Gabinete,da Fundação Leão XIII,"NOMEAR NATHÁLIA GUIMARÃES FARIAS , ID FUNCIONAL Nº 5035179-6, para exercer, com validade a contar de 01 de dezembro de 2022, o cargo em comissão de Chefe de Gabinete, símbolo VP-3, da Chefia de Gabinete, da Fundação Leão XIII, da",https://www.ioerj.com.br/portal/modules/conteudoonline/mostra_edicao.php?session=VFVST1IwNUVaRVpOUkUxMFRtdGFSRkpETURCT2FscEZURlZGTTFGcVozUk5ha1pEVWtWRmVsRlVRVEZOVkZaSFRWUmpNMDU2YTNwTlZHczFUWGM5UFE9PQ==,D:\github\exoneracoes_nomeacoes_dou\LAKE\RJ\2022\12\DOERJ_PARTE_I_PODER_EXECUTIVO_2022-12-21.md
RJ,Diario Oficial do Estado do Rio de Janeiro,2022-12-21,Parte I (Poder Executivo),exoneracao,SUZANA CRICCEIDA VALENZUELA MANGINI LYRIO,51350726,,,,sim,SUZANA:MISC|MANGINI LYRIO:MISC|Suzana Cricceida Valenzuela Mangini Lyrio:PER,sim,do cargo em comissão de Assistente II,da Subsecretaria Geral,"EXONERAR com validade a contar de 20 de dezembro de 2022, SUZANA CRICCEIDA VALENZUELA MANGINI LYRIO , ID FUNCIONAL Nº 51350726, do cargo em comissão de Assistente II, símbolo DAI-6, da Arquivo Público do Estado do Rio de Janeiro, da Subsecretaria Geral, da",https://www.ioerj.com.br/portal/modules/conteudoonline/mostra_edicao.php?session=VFVST1IwNUVaRVpOUkUxMFRtdGFSRkpETURCT2FscEZURlZGTTFGcVozUk5ha1pEVWtWRmVsRlVRVEZOVkZaSFRWUmpNMDU2YTNwTlZHczFUWGM5UFE9PQ==,D:\github\exoneracoes_nomeacoes_dou\LAKE\RJ\2022\12\DOERJ_PARTE_I_PODER_EXECUTIVO_2022-12-21.md
RJ,Diario Oficial do Estado do Rio de Janeiro,2022-12-21,Parte I (Poder Executivo),exoneracao,CELSO GRANJA PIRES,5124015-7,,,,sim,CELSO GRANJA PIRES:PER,sim,do cargo em comissão de Agente de Desenvolvimento,,"EXONERAR com validade a contar de 16 de dezembro de 2022, CELSO GRANJA PIRES , ID FUNCIONAL N° 5124015-7, do cargo em comissão de Agente de Desenvolvimento, símbolo DAI-6, da",https://www.ioerj.com.br/portal/modules/conteudoonline/mostra_edicao.php?session=VFVST1IwNUVaRVpOUkUxMFRtdGFSRkpETURCT2FscEZURlZGTTFGcVozUk5ha1pEVWtWRmVsRlVRVEZOVkZaSFRWUmpNMDU2YTNwTlZHczFUWGM5UFE9PQ==,D:\github\exoneracoes_nomeacoes_dou\LAKE\RJ\2022\12\DOERJ_PARTE_I_PODER_EXECUTIVO_2022-12-21.md
RJ,Diario Oficial do Estado do Rio de Janeiro,2022-12-21,Parte I (Poder Executivo),exoneracao,GLAURA CORRÊA DE ALMEIDA,5125054-3,,,,sim,GLAURA CORRÊA DE ALMEIDA:ORG|Glaura Corrêa:PER,sim,do cargo em comissão de Agente de Desenvolvimento,,"EXONERAR com validade a contar de 16 de dezembro de 2022, GLAURA CORRÊA DE ALMEIDA , ID FUNCIONAL Nº 5125054-3, do cargo em comissão de Agente de Desenvolvimento, símbolo DAI-4, da",https://www.ioerj.com.br/portal/modules/conteudoonline/mostra_edicao.php?session=VFVST1IwNUVaRVpOUkUxMFRtdGFSRkpETURCT2FscEZURlZGTTFGcVozUk5ha1pEVWtWRmVsRlVRVEZOVkZaSFRWUmpNMDU2YTNwTlZHczFUWGM5UFE9PQ==,D:\github\exoneracoes_nomeacoes_dou\LAKE\RJ\2022\12\DOERJ_PARTE_I_PODER_EXECUTIVO_2022-12-21.md
RJ,Diario Oficial do Estado do Rio de Janeiro,2022-12-21,Parte I (Poder Executivo),exoneracao,GRACE DE MEDEIROS DE ARAÚJO PONTES,5125085-3,,,,sim,GRACE:MISC|Medeiros De Araújo Pontes:PER,sim,do cargo em comissão de Agente de Desenvolvimento,,"EXONERAR com validade a contar de 16 de dezembro de 2022, GRACE DE MEDEIROS DE ARAÚJO PONTES , ID FUNCIONAL N° 5125085-3, do cargo em comissão de Agente de Desenvolvimento, símbolo DAI-4, da",https://www.ioerj.com.br/portal/modules/conteudoonline/mostra_edicao.php?session=VFVST1IwNUVaRVpOUkUxMFRtdGFSRkpETURCT2FscEZURlZGTTFGcVozUk5ha1pEVWtWRmVsRlVRVEZOVkZaSFRWUmpNMDU2YTNwTlZHczFUWGM5UFE9PQ==,D:\github\exoneracoes_nomeacoes_dou\LAKE\RJ\2022\12\DOERJ_PARTE_I_PODER_EXECUTIVO_2022-12-21.md
RJ,Diario Oficial do Estado do Rio de Janeiro,2022-12-21,Parte I (Poder Executivo),exoneracao,EDILSON DIAS ALVES,5123570-6,,,,sim,DIAS ALVES:MISC|Edilson Dias Alves:PER,sim,do cargo em comissão de Agente de Desenvolvimento,,"EXONERAR com validade a contar de 16 de dezembro de 2022, EDILSON DIAS ALVES , ID FUNCIONAL N° 5123570-6, do cargo em comissão de Agente de Desenvolvimento, símbolo DAI-2, da",https://www.ioerj.com.br/portal/modules/conteudoonline/mostra_edicao.php?session=VFVST1IwNUVaRVpOUkUxMFRtdGFSRkpETURCT2FscEZURlZGTTFGcVozUk5ha1pEVWtWRmVsRlVRVEZOVkZaSFRWUmpNMDU2YTNwTlZHczFUWGM5UFE9PQ==,D:\github\exoneracoes_nomeacoes_dou\LAKE\RJ\2022\12\DOERJ_PARTE_I_PODER_EXECUTIVO_2022-12-21.md
RJ,Diario Oficial do Estado do Rio de Janeiro,2022-12-21,Parte I (Poder Executivo),exoneracao,ÁTILA PAIVA PEREIRA,5123605-2,,,,sim,ÁTILA PAIVA:PER,sim,do cargo em comissão de Agente de Desenvolvimento,,"EXONERAR com validade a contar de 16 de dezembro de 2022, ÁTILA PAIVA PEREIRA , ID FUNCIONAL N° 5123605-2, do cargo em comissão de Agente de Desenvolvimento, símbolo DAI-2, da",https://www.ioerj.com.br/portal/modules/conteudoonline/mostra_edicao.php?session=VFVST1IwNUVaRVpOUkUxMFRtdGFSRkpETURCT2FscEZURlZGTTFGcVozUk5ha1pEVWtWRmVsRlVRVEZOVkZaSFRWUmpNMDU2YTNwTlZHczFUWGM5UFE9PQ==,D:\github\exoneracoes_nomeacoes_dou\LAKE\RJ\2022\12\DOERJ_PARTE_I_PODER_EXECUTIVO_2022-12-21.md
RJ,Diario Oficial do Estado do Rio de Janeiro,2022-12-21,Parte I (Poder Executivo),exoneracao,MAURO CAMILO LELIS CHAVES,5124047-5,,,,sim,MAURO:MISC|CAMILO LELIS CHAVES:MISC|Mauro Camilo Lelis Chaves:PER,sim,do cargo em comissão de Agente de Desenvolvimento,,"EXONERAR com validade a contar de 16 de dezembro de 2022, MAURO CAMILO LELIS CHAVES , ID FUNCIONAL N°5124047-5, do cargo em comissão de Agente de Desenvolvimento, símbolo DAI-1, da",https://www.ioerj.com.br/portal/modules/conteudoonline/mostra_edicao.php?session=VFVST1IwNUVaRVpOUkUxMFRtdGFSRkpETURCT2FscEZURlZGTTFGcVozUk5ha1pEVWtWRmVsRlVRVEZOVkZaSFRWUmpNMDU2YTNwTlZHczFUWGM5UFE9PQ==,D:\github\exoneracoes_nomeacoes_dou\LAKE\RJ\2022\12\DOERJ_PARTE_I_PODER_EXECUTIVO_2022-12-21.md
RJ,Diario Oficial do Estado do Rio de Janeiro,2022-12-21,Parte I (Poder Executivo),exoneracao,LUIS CARLOS ARRUDA NUNES,5074494-1,,,,sim,LUIS CARLOS:ORG|Luis Carlos Arruda Nunes:PER,sim,do cargo em comissão de Agente de Desenvolvimento,,"EXONERAR com validade a contar de 16 de dezembro de 2022, LUIS CARLOS ARRUDA NUNES , ID FUNCIONAL Nº 5074494-1, do cargo em comissão de Agente de Desenvolvimento, símbolo DAI-1, da",https://www.ioerj.com.br/portal/modules/conteudoonline/mostra_edicao.php?session=VFVST1IwNUVaRVpOUkUxMFRtdGFSRkpETURCT2FscEZURlZGTTFGcVozUk5ha1pEVWtWRmVsRlVRVEZOVkZaSFRWUmpNMDU2YTNwTlZHczFUWGM5UFE9PQ==,D:\github\exoneracoes_nomeacoes_dou\LAKE\RJ\2022\12\DOERJ_PARTE_I_PODER_EXECUTIVO_2022-12-21.md
RJ,Diario Oficial do Estado do Rio de Janeiro,2022-12-21,Parte I (Poder Executivo),exoneracao,JESSICA MARCELO DA SILVA,5123351-7,,,,sim,JESSICA MARCELO DA SILVA:PER,sim,do cargo em comissão de Agente de Desenvolvimento,,"EXONERAR com validade a contar de 16 de dezembro de 2022, JESSICA MARCELO DA SILVA , ID FUNCIONAL N°5123351-7, do cargo em comissão de Agente de Desenvolvimento, símbolo DAI-1, da",https://www.ioerj.com.br/portal/modules/conteudoonline/mostra_edicao.php?session=VFVST1IwNUVaRVpOUkUxMFRtdGFSRkpETURCT2FscEZURlZGTTFGcVozUk5ha1pEVWtWRmVsRlVRVEZOVkZaSFRWUmpNMDU2YTNwTlZHczFUWGM5UFE9PQ==,D:\github\exoneracoes_nomeacoes_dou\LAKE\RJ\2022\12\DOERJ_PARTE_I_PODER_EXECUTIVO_2022-12-21.md
RJ,Diario Oficial do Estado do Rio de Janeiro,2022-12-21,Parte I (Poder Executivo),exoneracao,CARLOS ANTONIO SOARES,5126648-2,,,,sim,CARLOS ANTONIO SOARES:PER,sim,do cargo em comissão de Agente de Desenvolvimento,,"EXONERAR com validade a contar de 16 de dezembro de 2022, CARLOS ANTONIO SOARES , ID FUNCIONAL N°5126648-2, do cargo em comissão de Agente de Desenvolvimento, símbolo DAI-1, da",https://www.ioerj.com.br/portal/modules/conteudoonline/mostra_edicao.php?session=VFVST1IwNUVaRVpOUkUxMFRtdGFSRkpETURCT2FscEZURlZGTTFGcVozUk5ha1pEVWtWRmVsRlVRVEZOVkZaSFRWUmpNMDU2YTNwTlZHczFUWGM5UFE9PQ==,D:\github\exoneracoes_nomeacoes_dou\LAKE\RJ\2022\12\DOERJ_PARTE_I_PODER_EXECUTIVO_2022-12-21.md
RJ,Diario Oficial do Estado do Rio de Janeiro,2022-12-21,Parte I (Poder Executivo),exoneracao,ELIVELTON LOPES DE AZEVEDO,5129903-8,,,,sim,ELIVELTON LOPES:PER,sim,do cargo em comissão de Agente de Desenvolvimento,,"EXONERAR com validade a contar de 15 de dezembro de 2022, ELIVELTON LOPES DE AZEVEDO , ID FUNCIONAL Nº 5129903-8, do cargo em comissão de Agente de Desenvolvimento, símbolo DAI-6, da",https://www.ioerj.com.br/portal/modules/conteudoonline/mostra_edicao.php?session=VFVST1IwNUVaRVpOUkUxMFRtdGFSRkpETURCT2FscEZURlZGTTFGcVozUk5ha1pEVWtWRmVsRlVRVEZOVkZaSFRWUmpNMDU2YTNwTlZHczFUWGM5UFE9PQ==,D:\github\exoneracoes_nomeacoes_dou\LAKE\RJ\2022\12\DOERJ_PARTE_I_PODER_EXECUTIVO_2022-12-21.md
RJ,Diario Oficial do Estado do Rio de Janeiro,2022-12-21,Parte I (Poder Executivo),exoneracao,MATHEUS MENDONÇA PINHEIRO,5125144-2,,,,sim,MATHEUS MENDONÇA PINHEIRO:PER,sim,do cargo em comissão de Agente de Desenvolvimento,,"EXONERAR com validade a contar de 15 de dezembro de 2022, MATHEUS MENDONÇA PINHEIRO ID FUNCIONAL Nº 5125144-2, do cargo em comissão de Agente de Desenvolvimento, símbolo DAI-1, da",https://www.ioerj.com.br/portal/modules/conteudoonline/mostra_edicao.php?session=VFVST1IwNUVaRVpOUkUxMFRtdGFSRkpETURCT2FscEZURlZGTTFGcVozUk5ha1pEVWtWRmVsRlVRVEZOVkZaSFRWUmpNMDU2YTNwTlZHczFUWGM5UFE9PQ==,D:\github\exoneracoes_nomeacoes_dou\LAKE\RJ\2022\12\DOERJ_PARTE_I_PODER_EXECUTIVO_2022-12-21.md
RJ,Diario Oficial do Estado do Rio de Janeiro,2022-12-21,Parte I (Poder Executivo),exoneracao,ALOISIO QUEIROZ DOS SANTOS,5036900-8,,,,sim,ALOISIO:MISC|DOS SANTOS:MISC|Aloisio Queiroz Dos Santos:PER,sim,do cargo em comissão de Agente de Desenvolvimento,,"EXONERAR com validade a contar de 14 de dezembro de 2022, ALOISIO QUEIROZ DOS SANTOS , ID FUNCIONAL Nº 5036900-8, do cargo em comissão de Agente de Desenvolvimento, símbolo DAI-1, da",https://www.ioerj.com.br/portal/modules/conteudoonline/mostra_edicao.php?session=VFVST1IwNUVaRVpOUkUxMFRtdGFSRkpETURCT2FscEZURlZGTTFGcVozUk5ha1pEVWtWRmVsRlVRVEZOVkZaSFRWUmpNMDU2YTNwTlZHczFUWGM5UFE9PQ==,D:\github\exoneracoes_nomeacoes_dou\LAKE\RJ\2022\12\DOERJ_PARTE_I_PODER_EXECUTIVO_2022-12-21.md
RJ,Diario Oficial do Estado do Rio de Janeiro,2022-12-21,Parte I (Poder Executivo),exoneracao,THAIS DUTRA JUSTINO,5123323-1,,,,sim,THAIS:MISC|JUSTINO:MISC|Thais Dutra Justino:PER,sim,do cargo em comissão de Agente de Desenvolvimento,,"EXONERAR com validade a contar de 14 de dezembro de 2022, THAIS DUTRA JUSTINO , ID FUNCIONAL Nº 5123323-1, do cargo em comissão de Agente de Desenvolvimento, símbolo DAI-1, da",https://www.ioerj.com.br/portal/modules/conteudoonline/mostra_edicao.php?session=VFVST1IwNUVaRVpOUkUxMFRtdGFSRkpETURCT2FscEZURlZGTTFGcVozUk5ha1pEVWtWRmVsRlVRVEZOVkZaSFRWUmpNMDU2YTNwTlZHczFUWGM5UFE9PQ==,D:\github\exoneracoes_nomeacoes_dou\LAKE\RJ\2022\12\DOERJ_PARTE_I_PODER_EXECUTIVO_2022-12-21.md
RJ,Diario Oficial do Estado do Rio de Janeiro,2022-12-21,Parte I (Poder Executivo),exoneracao,ELYENE ELENA PEREIRA ROCHA,5027373-6,,,,sim,ELENA:MISC|Elyene Elena Pereira Rocha:PER,sim,do cargo em comissão de Coordenador,da Superintendência de Gestão das Regionais Administrativas,"EXONERAR a pedido, ELYENE ELENA PEREIRA ROCHA , ID FUNCIONAL Nº 5027373-6, do cargo em comissão de Coordenador, símbolo DAS-7, da Coordenadoria de Infraestrutura e Serviços, da Diretoria Regional Administrativa Metropolitana III, da Superintendência de Gestão das Regionais Administrativas, da Subsecretaria de Gestão Administrativa, da",https://www.ioerj.com.br/portal/modules/conteudoonline/mostra_edicao.php?session=VFVST1IwNUVaRVpOUkUxMFRtdGFSRkpETURCT2FscEZURlZGTTFGcVozUk5ha1pEVWtWRmVsRlVRVEZOVkZaSFRWUmpNMDU2YTNwTlZHczFUWGM5UFE9PQ==,D:\github\exoneracoes_nomeacoes_dou\LAKE\RJ\2022\12\DOERJ_PARTE_I_PODER_EXECUTIVO_2022-12-21.md
RJ,Diario Oficial do Estado do Rio de Janeiro,2022-12-21,Parte I (Poder Executivo),nomeacao,ANDREIA DE ANDRADE OLIVEIRA,3416951-2,,,,sim,Andreia De Andrade Oliveira:PER,sim,para exercer o cargo em comissão de Coordenador,da Superintendência de Gestão das Regionais Administrativas,"NOMEAR ANDREIA DE ANDRADE OLIVEIRA , ID FUNCIONAL Nº 3416951-2, para exercer o cargo em comissão de Coordenador, símbolo DAS-7, da Coordenadoria de Infraestrutura e Serviços, da Diretoria Regional Administrativa Metropolitana III, da Superintendência de Gestão das Regionais Administrativas, da Subsecretaria de Gestão Administrativa, da",https://www.ioerj.com.br/portal/modules/conteudoonline/mostra_edicao.php?session=VFVST1IwNUVaRVpOUkUxMFRtdGFSRkpETURCT2FscEZURlZGTTFGcVozUk5ha1pEVWtWRmVsRlVRVEZOVkZaSFRWUmpNMDU2YTNwTlZHczFUWGM5UFE9PQ==,D:\github\exoneracoes_nomeacoes_dou\LAKE\RJ\2022\12\DOERJ_PARTE_I_PODER_EXECUTIVO_2022-12-21.md
RJ,Diario Oficial do Estado do Rio de Janeiro,2022-12-21,Parte I (Poder Executivo),exoneracao,CLAUDIO TADEU FIGUEIREDO DE OLIVEIRA ROCHA,5023761-6,,,,sim,CLAUDIO TADEU FIGUEIREDO DE OLIVEIRA ROCHA:MISC|Claudio Tadeu Figueiredo De Oliveira Rocha:PER,sim,do cargo em comissão de Chefe de Setor - Coordenador de Plantão,do Departamento Geral de Ações Socioeducativas - DEGASE,"EXONERAR com validade a contar de 21 de novembro de 2022, CLAUDIO TADEU FIGUEIREDO DE OLIVEIRA ROCHA , ID FUNCIONAL N° 5023761-6, do cargo em comissão de Chefe de Setor - Coordenador de Plantão, símbolo DAI-4, do Departamento Geral de Ações Socioeducativas - DEGASE, da",https://www.ioerj.com.br/portal/modules/conteudoonline/mostra_edicao.php?session=VFVST1IwNUVaRVpOUkUxMFRtdGFSRkpETURCT2FscEZURlZGTTFGcVozUk5ha1pEVWtWRmVsRlVRVEZOVkZaSFRWUmpNMDU2YTNwTlZHczFUWGM5UFE9PQ==,D:\github\exoneracoes_nomeacoes_dou\LAKE\RJ\2022\12\DOERJ_PARTE_I_PODER_EXECUTIVO_2022-12-21.md
RJ,Diario Oficial do Estado do Rio de Janeiro,2022-12-21,Parte I (Poder Executivo),nomeacao,GELVANDRE DE SOUZA,5023288-6,,,,sim,GELVANDRE DE SOUZA:LOC|Gelvandre De Souza:PER,sim,,do Departamento Geral de Ações Socioeducativas -DEGASE,"NOMEAR GELVANDRE DE SOUZA , ID FUNCIONAL N° 5023288-6, para exercer, com validade a contar de 21 de novembro de 2022, o cargo em comissão de Chefe de Setor Coordenador de Plantão, símbolo DAI-4, do Departamento Geral de Ações Socioeducativas -DEGASE, da",https://www.ioerj.com.br/portal/modules/conteudoonline/mostra_edicao.php?session=VFVST1IwNUVaRVpOUkUxMFRtdGFSRkpETURCT2FscEZURlZGTTFGcVozUk5ha1pEVWtWRmVsRlVRVEZOVkZaSFRWUmpNMDU2YTNwTlZHczFUWGM5UFE9PQ==,D:\github\exoneracoes_nomeacoes_dou\LAKE\RJ\2022\12\DOERJ_PARTE_I_PODER_EXECUTIVO_2022-12-21.md
RJ,Diario Oficial do Estado do Rio de Janeiro,2022-12-21,Parte I (Poder Executivo),exoneracao,CARLOS EDUARDO GOMES MARINHO,5093062-1,,,,sim,CARLOS EDUARDO:PER,sim,do cargo em comissão de Chefe de Setor - Coordenador de Plantão,do Departamento Geral de Ações Socioeducativas - DEGASE,"EXONERAR com validade a contar de 21 de novembro de 2022, CARLOS EDUARDO GOMES MARINHO , ID FUNCIONAL N° 5093062-1, do cargo em comissão de Chefe de Setor - Coordenador de Plantão, símbolo DAI-4, do Departamento Geral de Ações Socioeducativas - DEGASE, da",https://www.ioerj.com.br/portal/modules/conteudoonline/mostra_edicao.php?session=VFVST1IwNUVaRVpOUkUxMFRtdGFSRkpETURCT2FscEZURlZGTTFGcVozUk5ha1pEVWtWRmVsRlVRVEZOVkZaSFRWUmpNMDU2YTNwTlZHczFUWGM5UFE9PQ==,D:\github\exoneracoes_nomeacoes_dou\LAKE\RJ\2022\12\DOERJ_PARTE_I_PODER_EXECUTIVO_2022-12-21.md
RJ,Diario Oficial do Estado do Rio de Janeiro,2022-12-21,Parte I (Poder Executivo),nomeacao,FILIPE LOPES ARAUJO,5132553-5,MESQUITA CALDAS DIRETOR FINANCEIRO JEFFERSON WOLDAYNSKY,Diretor,8,sim,FILIPE LOPES ARAUJO:MISC|Filipe Lopes Araujo:PER,sim,,do Departamento Geral de Ações Socioeducativas - <!-- image --> Patricia Damasceno Diretora-Presidente Flávio Cid Diretor Administrativo Rodrigo de Mesquita Caldas Diretor Financeiro Jefferson Wo,"NOMEAR FILIPE LOPES ARAUJO , ID FUNCIONAL Nº 5132553-5, para exercer, com validade a contar de 21 de novembro de 2022, o cargo em comissão de Chefe de Setor Coordenador de Plantão, símbolo DAI-4, do Departamento Geral de Ações Socioeducativas - <!-- image --> Patricia Damasceno Diretora-Presidente Flávio Cid Diretor Administrativo Rodrigo de Mesquita Caldas Diretor Financeiro Jefferson Woldaynsky Diretor Industrial ##",https://www.ioerj.com.br/portal/modules/conteudoonline/mostra_edicao.php?session=VFVST1IwNUVaRVpOUkUxMFRtdGFSRkpETURCT2FscEZURlZGTTFGcVozUk5ha1pEVWtWRmVsRlVRVEZOVkZaSFRWUmpNMDU2YTNwTlZHczFUWGM5UFE9PQ==,D:\github\exoneracoes_nomeacoes_dou\LAKE\RJ\2022\12\DOERJ_PARTE_I_PODER_EXECUTIVO_2022-12-21.md
RJ,Diario Oficial do Estado do Rio de Janeiro,2022-12-21,Parte I (Poder Executivo),exoneracao,EMANUEL PIFANO MELLO,5023774-8,,,,sim,EMANUEL:ORG|MELLO:ORG|Emanuel Pifano Mello:PER,sim,do cargo em comissão de Chefe de Setor - Coordenador de Plantão,do Departamento Geral de Ações Socioeducativas - DEGASE,"EXONERAR com validade a contar de 21 de novembro de 2022, EMANUEL PIFANO MELLO , ID FUNCIONAL Nº 5023774-8, do cargo em comissão de Chefe de Setor - Coordenador de Plantão, símbolo DAI-4, do Departamento Geral de Ações Socioeducativas - DEGASE, da",https://www.ioerj.com.br/portal/modules/conteudoonline/mostra_edicao.php?session=VFVST1IwNUVaRVpOUkUxMFRtdGFSRkpETURCT2FscEZURlZGTTFGcVozUk5ha1pEVWtWRmVsRlVRVEZOVkZaSFRWUmpNMDU2YTNwTlZHczFUWGM5UFE9PQ==,D:\github\exoneracoes_nomeacoes_dou\LAKE\RJ\2022\12\DOERJ_PARTE_I_PODER_EXECUTIVO_2022-12-21.md
RJ,Diario Oficial do Estado do Rio de Janeiro,2022-12-21,Parte I (Poder Executivo),nomeacao,DARLAN ALEXANDRE BARBOSA DE OLIVEIRA,5009688-5,,,,sim,DARLAN ALEXANDRE:MISC|OLIVEIRA:ORG|Darlan Alexandre Barbosa:PER,sim,,do Departamento Geral de Ações Socioeducativas - DEGASE,"NOMEAR DARLAN ALEXANDRE BARBOSA DE OLIVEIRA , ID FUNCIONAL Nº 5009688-5, para exercer, com validade a contar de 21 de novembro de 2022, o cargo em comissão de Chefe de Setor Coordenador de Plantão, símbolo DAI-4, do Departamento Geral de Ações Socioeducativas - DEGASE, da",https://www.ioerj.com.br/portal/modules/conteudoonline/mostra_edicao.php?session=VFVST1IwNUVaRVpOUkUxMFRtdGFSRkpETURCT2FscEZURlZGTTFGcVozUk5ha1pEVWtWRmVsRlVRVEZOVkZaSFRWUmpNMDU2YTNwTlZHczFUWGM5UFE9PQ==,D:\github\exoneracoes_nomeacoes_dou\LAKE\RJ\2022\12\DOERJ_PARTE_I_PODER_EXECUTIVO_2022-12-21.md
RJ,Diario Oficial do Estado do Rio de Janeiro,2022-12-21,Parte I (Poder Executivo),exoneracao,FELIPE MANGE BEZERRA RAMOS,51334275,,,,sim,FELIPE MANGE:MISC|Felipe Mange Bezerra Ramos:PER,sim,do cargo em comissão de Assistente,,"EXONERAR com validade a contar de 16 de dezembro de 2022, FELIPE MANGE BEZERRA RAMOS , ID FUNCIONAL Nº 51334275, do cargo em comissão de Assistente, símbolo DAS-6, da",https://www.ioerj.com.br/portal/modules/conteudoonline/mostra_edicao.php?session=VFVST1IwNUVaRVpOUkUxMFRtdGFSRkpETURCT2FscEZURlZGTTFGcVozUk5ha1pEVWtWRmVsRlVRVEZOVkZaSFRWUmpNMDU2YTNwTlZHczFUWGM5UFE9PQ==,D:\github\exoneracoes_nomeacoes_dou\LAKE\RJ\2022\12\DOERJ_PARTE_I_PODER_EXECUTIVO_2022-12-21.md
RJ,Diario Oficial do Estado do Rio de Janeiro,2022-12-21,Parte I (Poder Executivo),exoneracao,THAINÁ TEIXEIRA OLSAN,51345528,,,,sim,THAINÁ TEIXEIRA OLSAN:MISC|Thainá Teixeira Olsan:PER,sim,do cargo em comissão de Assistente II,,"EXONERAR com validade a contar de 16 de dezembro de 2022, THAINÁ TEIXEIRA OLSAN , ID FUNCIONAL Nº 51345528, do cargo em comissão de Assistente II, símbolo DAI-6, da",https://www.ioerj.com.br/portal/modules/conteudoonline/mostra_edicao.php?session=VFVST1IwNUVaRVpOUkUxMFRtdGFSRkpETURCT2FscEZURlZGTTFGcVozUk5ha1pEVWtWRmVsRlVRVEZOVkZaSFRWUmpNMDU2YTNwTlZHczFUWGM5UFE9PQ==,D:\github\exoneracoes_nomeacoes_dou\LAKE\RJ\2022\12\DOERJ_PARTE_I_PODER_EXECUTIVO_2022-12-21.md
RJ,Diario Oficial do Estado do Rio de Janeiro,2022-12-21,Parte I (Poder Executivo),exoneracao,WASHINGTON RODRIGUES,51350823,,,,sim,WASHINGTON RODRIGUES:PER,sim,do cargo em comissão de Assistente II,,"EXONERAR com validade a contar de 16 de dezembro de 2022, WASHINGTON RODRIGUES , ID FUNCIONAL Nº 51350823, do cargo em comissão de Assistente II, símbolo DAI-6, da",https://www.ioerj.com.br/portal/modules/conteudoonline/mostra_edicao.php?session=VFVST1IwNUVaRVpOUkUxMFRtdGFSRkpETURCT2FscEZURlZGTTFGcVozUk5ha1pEVWtWRmVsRlVRVEZOVkZaSFRWUmpNMDU2YTNwTlZHczFUWGM5UFE9PQ==,D:\github\exoneracoes_nomeacoes_dou\LAKE\RJ\2022\12\DOERJ_PARTE_I_PODER_EXECUTIVO_2022-12-21.md
RJ,Diario Oficial do Estado do Rio de Janeiro,2022-12-21,Parte I (Poder Executivo),exoneracao,DAVI ALVES DE MEIRELES JUNIOR,51350866,,,,sim,ALVES DE MEIRELES JUNIOR:MISC|Davi Alves:PER,sim,do cargo em comissão de Assistente II,,"EXONERAR com validade a contar de 16 de dezembro de 2022, DAVI ALVES DE MEIRELES JUNIOR , ID FUNCIONAL Nº 51350866, do cargo em comissão de Assistente II, símbolo DAI-6, da",https://www.ioerj.com.br/portal/modules/conteudoonline/mostra_edicao.php?session=VFVST1IwNUVaRVpOUkUxMFRtdGFSRkpETURCT2FscEZURlZGTTFGcVozUk5ha1pEVWtWRmVsRlVRVEZOVkZaSFRWUmpNMDU2YTNwTlZHczFUWGM5UFE9PQ==,D:\github\exoneracoes_nomeacoes_dou\LAKE\RJ\2022\12\DOERJ_PARTE_I_PODER_EXECUTIVO_2022-12-21.md
RJ,Diario Oficial do Estado do Rio de Janeiro,2022-12-21,Parte I (Poder Executivo),exoneracao,RENATO DA SILVA ROCHA,51354144,,,,sim,RENATO DA SILVA ROCHA:PER,sim,do cargo em comissão de Assistente II,,"EXONERAR com validade a contar de 16 de dezembro de 2022, RENATO DA SILVA ROCHA , ID FUNCIONAL Nº 51354144, do cargo em comissão de Assistente II, símbolo DAI-6, da",https://www.ioerj.com.br/portal/modules/conteudoonline/mostra_edicao.php?session=VFVST1IwNUVaRVpOUkUxMFRtdGFSRkpETURCT2FscEZURlZGTTFGcVozUk5ha1pEVWtWRmVsRlVRVEZOVkZaSFRWUmpNMDU2YTNwTlZHczFUWGM5UFE9PQ==,D:\github\exoneracoes_nomeacoes_dou\LAKE\RJ\2022\12\DOERJ_PARTE_I_PODER_EXECUTIVO_2022-12-21.md
RJ,Diario Oficial do Estado do Rio de Janeiro,2022-12-21,Parte I (Poder Executivo),exoneracao,MÁRIO RODRIGUES FILHO,51350718,,,,sim,MÁRIO RODRIGUES FILHO:PER,sim,do cargo em comissão de Assistente II,,"EXONERAR com validade a contar de 16 de dezembro de 2022, MÁRIO RODRIGUES FILHO , ID FUNCIONAL Nº 51350718, do cargo em comissão de Assistente II, símbolo DAI-6, da",https://www.ioerj.com.br/portal/modules/conteudoonline/mostra_edicao.php?session=VFVST1IwNUVaRVpOUkUxMFRtdGFSRkpETURCT2FscEZURlZGTTFGcVozUk5ha1pEVWtWRmVsRlVRVEZOVkZaSFRWUmpNMDU2YTNwTlZHczFUWGM5UFE9PQ==,D:\github\exoneracoes_nomeacoes_dou\LAKE\RJ\2022\12\DOERJ_PARTE_I_PODER_EXECUTIVO_2022-12-21.md
RJ,Diario Oficial do Estado do Rio de Janeiro,2022-12-21,Parte I (Poder Executivo),exoneracao,ADAGOBERTO DA COSTA FEIJÓ,51342898,,,,sim,COSTA FEIJÓ:MISC|Adagoberto Da Costa Feijó:PER,sim,do cargo em comissão de Assistente II,,"EXONERAR com validade a contar de 16 de dezembro de 2022, ADAGOBERTO DA COSTA FEIJÓ , ID FUNCIONAL Nº 51342898, do cargo em comissão de Assistente II, símbolo DAI-6, da",https://www.ioerj.com.br/portal/modules/conteudoonline/mostra_edicao.php?session=VFVST1IwNUVaRVpOUkUxMFRtdGFSRkpETURCT2FscEZURlZGTTFGcVozUk5ha1pEVWtWRmVsRlVRVEZOVkZaSFRWUmpNMDU2YTNwTlZHczFUWGM5UFE9PQ==,D:\github\exoneracoes_nomeacoes_dou\LAKE\RJ\2022\12\DOERJ_PARTE_I_PODER_EXECUTIVO_2022-12-21.md
RJ,Diario Oficial do Estado do Rio de Janeiro,2022-12-21,Parte I (Poder Executivo),nomeacao,LUIZ ALBERTO SCHNEIDER,51170167,,,,sim,LUIZ ALBERTO SCHNEIDER:PER,sim,,,"NOMEAR LUIZ ALBERTO SCHNEIDER , ID FUNCIONAL Nº 51170167, para exercer, com validade a contar de 01 de dezembro de 2022, o cargo em comissão de Assistente, símbolo DAS-6, da",https://www.ioerj.com.br/portal/modules/conteudoonline/mostra_edicao.php?session=VFVST1IwNUVaRVpOUkUxMFRtdGFSRkpETURCT2FscEZURlZGTTFGcVozUk5ha1pEVWtWRmVsRlVRVEZOVkZaSFRWUmpNMDU2YTNwTlZHczFUWGM5UFE9PQ==,D:\github\exoneracoes_nomeacoes_dou\LAKE\RJ\2022\12\DOERJ_PARTE_I_PODER_EXECUTIVO_2022-12-21.md
RJ,Diario Oficial do Estado do Rio de Janeiro,2022-12-21,Parte I (Poder Executivo),nomeacao,RAPHAEL SOUZA DO NASCIMENTO,,,,,sim,RAPHAEL SOUZA:ORG|Raphael Souza Do Nascimento:PER,sim,,da Fundação Leão XIII,"NOMEAR RAPHAEL SOUZA DO NASCIMENTO para exercer, com validade a contar de 01 de dezembro de 2022, o cargo em comissão de Assistente, símbolo DAS-6, da Fundação Leão XIII, da",https://www.ioerj.com.br/portal/modules/conteudoonline/mostra_edicao.php?session=VFVST1IwNUVaRVpOUkUxMFRtdGFSRkpETURCT2FscEZURlZGTTFGcVozUk5ha1pEVWtWRmVsRlVRVEZOVkZaSFRWUmpNMDU2YTNwTlZHczFUWGM5UFE9PQ==,D:\github\exoneracoes_nomeacoes_dou\LAKE\RJ\2022\12\DOERJ_PARTE_I_PODER_EXECUTIVO_2022-12-21.md
RJ,Diario Oficial do Estado do Rio de Janeiro,2022-12-21,Parte I (Poder Executivo),nomeacao,ANDREA VIANNA GAETA,,,,,sim,ANDREA VIANNA GAETA:PER,sim,,da Fundação Leão XIII,"NOMEAR ANDREA VIANNA GAETA para exercer, com validade a contar de 22 de novembro de 2022, o cargo em comissão de Assistente II, símbolo DAI-6, da Fundação Leão XIII, da",https://www.ioerj.com.br/portal/modules/conteudoonline/mostra_edicao.php?session=VFVST1IwNUVaRVpOUkUxMFRtdGFSRkpETURCT2FscEZURlZGTTFGcVozUk5ha1pEVWtWRmVsRlVRVEZOVkZaSFRWUmpNMDU2YTNwTlZHczFUWGM5UFE9PQ==,D:\github\exoneracoes_nomeacoes_dou\LAKE\RJ\2022\12\DOERJ_PARTE_I_PODER_EXECUTIVO_2022-12-21.md
RJ,Diario Oficial do Estado do Rio de Janeiro,2022-12-21,Parte I (Poder Executivo),exoneracao,VA LERIA DA SILVA MACHADO BRAGA,51350300,,,,sim,VA LERIA DA SILVA MACHADO BRAGA:PER,sim,do cargo em comissão de Assistente II,da Fundação Leão XIII,"EXONERAR com validade a contar de 16 de novembro de 2022, VA LERIA DA SILVA MACHADO BRAGA , ID FUNCIONAL Nº 51350300, do cargo em comissão de Assistente II, símbolo DAI-6, da Fundação Leão XIII, da",https://www.ioerj.com.br/portal/modules/conteudoonline/mostra_edicao.php?session=VFVST1IwNUVaRVpOUkUxMFRtdGFSRkpETURCT2FscEZURlZGTTFGcVozUk5ha1pEVWtWRmVsRlVRVEZOVkZaSFRWUmpNMDU2YTNwTlZHczFUWGM5UFE9PQ==,D:\github\exoneracoes_nomeacoes_dou\LAKE\RJ\2022\12\DOERJ_PARTE_I_PODER_EXECUTIVO_2022-12-21.md
RJ,Diario Oficial do Estado do Rio de Janeiro,2022-12-21,Parte I (Poder Executivo),nomeacao,GABRIEL DO NASCIMENTO SILVA,5108935-1,,,,sim,GABRIEL DO NASCIMENTO SILVA:MISC|Gabriel Do Nascimento Silva:PER,sim,,da Fundação Leão XIII,"NOMEAR GABRIEL DO NASCIMENTO SILVA , ID FUNCIONAL Nº 5108935-1, para exercer, com validade a contar de 01 de dezembro de 2022, o cargo em comissão de Assistente II, símbolo DAI-6, da Fundação Leão XIII, da",https://www.ioerj.com.br/portal/modules/conteudoonline/mostra_edicao.php?session=VFVST1IwNUVaRVpOUkUxMFRtdGFSRkpETURCT2FscEZURlZGTTFGcVozUk5ha1pEVWtWRmVsRlVRVEZOVkZaSFRWUmpNMDU2YTNwTlZHczFUWGM5UFE9PQ==,D:\github\exoneracoes_nomeacoes_dou\LAKE\RJ\2022\12\DOERJ_PARTE_I_PODER_EXECUTIVO_2022-12-21.md
RJ,Diario Oficial do Estado do Rio de Janeiro,2022-12-21,Parte I (Poder Executivo),nomeacao,TAMARA DA COSTA PEREIRA,,,,,sim,TAMARA:MISC|Tamara Da Costa Pereira:PER,sim,,da Fundação Leão XIII,"NOMEAR TAMARA DA COSTA PEREIRA para exercer, com validade a contar de 22 de novembro de 2022, o cargo em comissão de Assistente II, símbolo DAI-6, da Fundação Leão XIII, da",https://www.ioerj.com.br/portal/modules/conteudoonline/mostra_edicao.php?session=VFVST1IwNUVaRVpOUkUxMFRtdGFSRkpETURCT2FscEZURlZGTTFGcVozUk5ha1pEVWtWRmVsRlVRVEZOVkZaSFRWUmpNMDU2YTNwTlZHczFUWGM5UFE9PQ==,D:\github\exoneracoes_nomeacoes_dou\LAKE\RJ\2022\12\DOERJ_PARTE_I_PODER_EXECUTIVO_2022-12-21.md
RJ,Diario Oficial do Estado do Rio de Janeiro,2022-12-21,Parte I (Poder Executivo),exoneracao,MARCELO TEIXEIRA ROCHA,5125861-7,,,,sim,MARCELO TEIXEIRA ROCHA:MISC|Marcelo Teixeira Rocha:PER,sim,do cargo em comissão de Chefe de Centro Social,da Fundação Leão XIII,"EXONERAR com validade a contar de 07 de dezembro de 2022, MARCELO TEIXEIRA ROCHA , ID FUNCIONAL Nº 5125861-7, do cargo em comissão de Chefe de Centro Social, símbolo DAI-6, do Centro Social Sao Domingos, do Pólo de Articulação Regional IV, da Diretoria de Promoção Social da Região Metropolitana, da Fundação Leão XIII, da",https://www.ioerj.com.br/portal/modules/conteudoonline/mostra_edicao.php?session=VFVST1IwNUVaRVpOUkUxMFRtdGFSRkpETURCT2FscEZURlZGTTFGcVozUk5ha1pEVWtWRmVsRlVRVEZOVkZaSFRWUmpNMDU2YTNwTlZHczFUWGM5UFE9PQ==,D:\github\exoneracoes_nomeacoes_dou\LAKE\RJ\2022\12\DOERJ_PARTE_I_PODER_EXECUTIVO_2022-12-21.md
RJ,Diario Oficial do Estado do Rio de Janeiro,2022-12-21,Parte I (Poder Executivo),nomeacao,MARIA LUCINEIDE SILVA PINHEIRO,,,,,sim,MARIA LUCINEIDE SILVA PINHEIRO:PER,sim,,da Fundação Leão XIII,"NOMEAR MARIA LUCINEIDE SILVA PINHEIRO para exercer, com validade a contar de 06 de dezembro de 2022, o cargo em comissão de Assistente II, símbolo DAI-6, da Fundação Leão XIII, da",https://www.ioerj.com.br/portal/modules/conteudoonline/mostra_edicao.php?session=VFVST1IwNUVaRVpOUkUxMFRtdGFSRkpETURCT2FscEZURlZGTTFGcVozUk5ha1pEVWtWRmVsRlVRVEZOVkZaSFRWUmpNMDU2YTNwTlZHczFUWGM5UFE9PQ==,D:\github\exoneracoes_nomeacoes_dou\LAKE\RJ\2022\12\DOERJ_PARTE_I_PODER_EXECUTIVO_2022-12-21.md
RJ,Diario Oficial do Estado do Rio de Janeiro,2022-12-21,Parte I (Poder Executivo),nomeacao,HELEN SARDENBERG,564620-0,,,,sim,HELEN SARDENBERG:PER,sim,,da Superintendência de Projetos e Investimentos,"NOMEAR HELEN SARDENBERG , ID Funcional nº 564620-0, para exercer, com validade a contar de 21 de dezembro de 2022, o cargo em comissão de Superintendente, símbolo DAS-8, da Superintendência de Projetos e Investimentos, da Subsecretaria de Projetos, Convênios e Captação de Recursos Federais, da",https://www.ioerj.com.br/portal/modules/conteudoonline/mostra_edicao.php?session=VFVST1IwNUVaRVpOUkUxMFRtdGFSRkpETURCT2FscEZURlZGTTFGcVozUk5ha1pEVWtWRmVsRlVRVEZOVkZaSFRWUmpNMDU2YTNwTlZHczFUWGM5UFE9PQ==,D:\github\exoneracoes_nomeacoes_dou\LAKE\RJ\2022\12\DOERJ_PARTE_I_PODER_EXECUTIVO_2022-12-21.md
RJ,Diario Oficial do Estado do Rio de Janeiro,2022-12-21,Parte I (Poder Executivo),nomeacao,INSPETOR DE POLÍCIA PENAL,42682959,,,,sim,POLÍCIA PENAL:LOC|Inspetor De Polícia Penal:PER,sim,,da Superintendência Operacional de Segurança,"NOMEAR ALEXSANDRO SILVA BUROCK , Inspetor de Polícia Penal, ID Funcional nº 42682959, para exercer com validade a contar de 30 de novembro de 2022, o cargo em comissão de Chefe, símbolo DAI6, do Serviço de Segurança e Disciplina, do Presídio ISAP Tiago Teles de Castro Domingues, da Coordenação de Unidades Prisionais da Grande Niterói, da Superintendência Operacional de Segurança, da Subsecretaria de Gestão Operacional, da",https://www.ioerj.com.br/portal/modules/conteudoonline/mostra_edicao.php?session=VFVST1IwNUVaRVpOUkUxMFRtdGFSRkpETURCT2FscEZURlZGTTFGcVozUk5ha1pEVWtWRmVsRlVRVEZOVkZaSFRWUmpNMDU2YTNwTlZHczFUWGM5UFE9PQ==,D:\github\exoneracoes_nomeacoes_dou\LAKE\RJ\2022\12\DOERJ_PARTE_I_PODER_EXECUTIVO_2022-12-21.md
RJ,Diario Oficial do Estado do Rio de Janeiro,2022-12-21,Parte I (Poder Executivo),exoneracao,INSPETOR DE POLÍCIA PENAL,50101927,,,,sim,POLÍCIA PENAL:LOC|Inspetor De Polícia Penal:PER,sim,do cargo em comissão de Coordenador,da Superintendência de Correição e Assuntos Internos,"EXONERAR PABLO JOSÉ MARIANTE DE PAIVA , Inspetor de Polícia Penal, ID Funcional nº 50101927, com validade a contar de 29 de novembro e 2022, do cargo em comissão de Coordenador, símbolo DAS-6, da Coordenação de Correição de Gericinó, da Superintendência de Correição e Assuntos Internos, da Corregedoria Geral, da",https://www.ioerj.com.br/portal/modules/conteudoonline/mostra_edicao.php?session=VFVST1IwNUVaRVpOUkUxMFRtdGFSRkpETURCT2FscEZURlZGTTFGcVozUk5ha1pEVWtWRmVsRlVRVEZOVkZaSFRWUmpNMDU2YTNwTlZHczFUWGM5UFE9PQ==,D:\github\exoneracoes_nomeacoes_dou\LAKE\RJ\2022\12\DOERJ_PARTE_I_PODER_EXECUTIVO_2022-12-21.md
RJ,Diario Oficial do Estado do Rio de Janeiro,2022-12-21,Parte I (Poder Executivo),nomeacao,INSPETORA DE POLÍCIA PENAL,50752634,,,,sim,POLÍCIA PENAL:LOC|De Polícia Penal:PER,sim,,da Superintendência de Correição e Assuntos Internos,"NOMEAR JANAINA ALVES DE SOUZA PEREIRA , Inspetora de Polícia Penal, ID Funcional nº 50752634, para exercer com validade a contar de 29 de novembro de 2022, o cargo em comissão de Coordenador, símbolo DAS-6, da Coordenação de Correição de Gericinó, da Superintendência de Correição e Assuntos Internos, da Corregedoria Geral, da",https://www.ioerj.com.br/portal/modules/conteudoonline/mostra_edicao.php?session=VFVST1IwNUVaRVpOUkUxMFRtdGFSRkpETURCT2FscEZURlZGTTFGcVozUk5ha1pEVWtWRmVsRlVRVEZOVkZaSFRWUmpNMDU2YTNwTlZHczFUWGM5UFE9PQ==,D:\github\exoneracoes_nomeacoes_dou\LAKE\RJ\2022\12\DOERJ_PARTE_I_PODER_EXECUTIVO_2022-12-21.md
RJ,Diario Oficial do Estado do Rio de Janeiro,2022-12-21,Parte I (Poder Executivo),exoneracao,INSPETOR DE POLÍCIA PENAL,19801955,,,,sim,POLÍCIA PENAL:LOC|Inspetor De Polícia Penal:PER,sim,,,"EXONERAR MARCIO MARINHO WENCESLAU MADEIRA , Inspetor de Polícia Penal, ID Funcional nº 19801955, com validade a contar de ##",https://www.ioerj.com.br/portal/modules/conteudoonline/mostra_edicao.php?session=VFVST1IwNUVaRVpOUkUxMFRtdGFSRkpETURCT2FscEZURlZGTTFGcVozUk5ha1pEVWtWRmVsRlVRVEZOVkZaSFRWUmpNMDU2YTNwTlZHczFUWGM5UFE9PQ==,D:\github\exoneracoes_nomeacoes_dou\LAKE\RJ\2022\12\DOERJ_PARTE_I_PODER_EXECUTIVO_2022-12-21.md
RJ,Diario Oficial do Estado do Rio de Janeiro,2022-12-21,Parte I (Poder Executivo),exoneracao,PRISCILLA RIBEIRO GONCALVES,13783360,,,,sim,PRISCILLA:PER,sim,do cargo em comissão de Diretor,da Superintendência de Administração e Finanças,"EXONERAR PRISCILLA RIBEIRO GONCALVES , ID Funcional nº 13783360, com validade a contar de 30 de novembro de 2022, do cargo em comissão de Diretor, símbolo DAS-6, da Divisão de Prestação de Contas, da Coordenação de Contabilidade, da Superintendência de Administração e Finanças, da Subsecretaria de Gestão Administrativa, da",https://www.ioerj.com.br/portal/modules/conteudoonline/mostra_edicao.php?session=VFVST1IwNUVaRVpOUkUxMFRtdGFSRkpETURCT2FscEZURlZGTTFGcVozUk5ha1pEVWtWRmVsRlVRVEZOVkZaSFRWUmpNMDU2YTNwTlZHczFUWGM5UFE9PQ==,D:\github\exoneracoes_nomeacoes_dou\LAKE\RJ\2022\12\DOERJ_PARTE_I_PODER_EXECUTIVO_2022-12-21.md
RJ,Diario Oficial do Estado do Rio de Janeiro,2022-12-21,Parte I (Poder Executivo),exoneracao,INSPETOR DE POLÍCIA PENAL,50126652,,,,sim,POLÍCIA PENAL:LOC|Inspetor De Polícia Penal:PER,sim,do cargo em comissão de Chefe,da Superintendência Operacional de Segurança,"EXONERAR DANILO GOMES SOUZA , Inspetor de Polícia Penal, ID Funcional nº 50126652, com validade a contar de 30 de novembro de 2022, do cargo em comissão de Chefe, símbolo DAI-6, do Serviço de Segurança e Disciplina, do Presídio ISAP Tiago Teles de Castro Domingues, da Coordenação de Unidades Prisionais da Grande Niterói, da Superintendência Operacional de Segurança, da Subsecretaria de Gestão Operacional, da",https://www.ioerj.com.br/portal/modules/conteudoonline/mostra_edicao.php?session=VFVST1IwNUVaRVpOUkUxMFRtdGFSRkpETURCT2FscEZURlZGTTFGcVozUk5ha1pEVWtWRmVsRlVRVEZOVkZaSFRWUmpNMDU2YTNwTlZHczFUWGM5UFE9PQ==,D:\github\exoneracoes_nomeacoes_dou\LAKE\RJ\2022\12\DOERJ_PARTE_I_PODER_EXECUTIVO_2022-12-21.md
RJ,Diario Oficial do Estado do Rio de Janeiro,2022-12-21,Parte I (Poder Executivo),nomeacao,INSPETOR DE POLÍCIA PENAL,20371659,,,,sim,POLÍCIA PENAL:LOC|Inspetor De Polícia Penal:PER,sim,,da Superintendência Operacional de Segurança,"NOMEAR PEDRO WALACE DA SILVA , Inspetor de Polícia Penal, ID Funcional nº 20371659, para exercer com validade a contar de 08 de novembro de 2022, o cargo em comissão de Coordenador, símbolo DAS-7, da Coordenação de Operações Especiais, da Superintendência Operacional de Segurança, da Subsecretaria de Gestão Operacional, da",https://www.ioerj.com.br/portal/modules/conteudoonline/mostra_edicao.php?session=VFVST1IwNUVaRVpOUkUxMFRtdGFSRkpETURCT2FscEZURlZGTTFGcVozUk5ha1pEVWtWRmVsRlVRVEZOVkZaSFRWUmpNMDU2YTNwTlZHczFUWGM5UFE9PQ==,D:\github\exoneracoes_nomeacoes_dou\LAKE\RJ\2022\12\DOERJ_PARTE_I_PODER_EXECUTIVO_2022-12-21.md
RJ,Diario Oficial do Estado do Rio de Janeiro,2022-12-21,Parte I (Poder Executivo),exoneracao,INSPETOR DE POLÍCIA PENAL,20371659,,,,sim,POLÍCIA PENAL:LOC|Inspetor De Polícia Penal:PER,sim,do cargo em comissão de Subcoordenador,da Superintendência Operacional de Segurança,"EXONERAR PEDRO WALACE DA SILVA , Inspetor de Polícia Penal, ID Funcional nº 20371659, com validade a contar de 08 de novembro de 2022, do cargo em comissão de Subcoordenador, símbolo DAS-6, da Coordenação de Operações Especiais, da Superintendência Operacional de Segurança, da Subsecretaria de Gestão Operacional, da",https://www.ioerj.com.br/portal/modules/conteudoonline/mostra_edicao.php?session=VFVST1IwNUVaRVpOUkUxMFRtdGFSRkpETURCT2FscEZURlZGTTFGcVozUk5ha1pEVWtWRmVsRlVRVEZOVkZaSFRWUmpNMDU2YTNwTlZHczFUWGM5UFE9PQ==,D:\github\exoneracoes_nomeacoes_dou\LAKE\RJ\2022\12\DOERJ_PARTE_I_PODER_EXECUTIVO_2022-12-21.md
RJ,Diario Oficial do Estado do Rio de Janeiro,2022-12-21,Parte I (Poder Executivo),nomeacao,INSPETOR DE POLÍCIA PENAL,50127942,,,,sim,POLÍCIA PENAL:LOC|Inspetor De Polícia Penal:PER,sim,,da Superintendência Operacional de Segurança,"NOMEAR JOSÉ TADEU ARAUJO DE ANDRADE , Inspetor de Polícia Penal, ID Funcional nº 50127942, para exercer com validade a contar de 08 de novembro de 2022, o cargo em comissão de Subcoordenador, símbolo DAS-6, da Coordenação de Operações Especiais, da Superintendência Operacional de Segurança, da Subsecretaria de Gestão Operacional, da",https://www.ioerj.com.br/portal/modules/conteudoonline/mostra_edicao.php?session=VFVST1IwNUVaRVpOUkUxMFRtdGFSRkpETURCT2FscEZURlZGTTFGcVozUk5ha1pEVWtWRmVsRlVRVEZOVkZaSFRWUmpNMDU2YTNwTlZHczFUWGM5UFE9PQ==,D:\github\exoneracoes_nomeacoes_dou\LAKE\RJ\2022\12\DOERJ_PARTE_I_PODER_EXECUTIVO_2022-12-21.md
RJ,Diario Oficial do Estado do Rio de Janeiro,2022-12-21,Parte I (Poder Executivo),exoneracao,BRUNA DE SOUSA RAMO,51256649,,,,sim,Bruna De Sousa Ramo:PER,sim,do cargo em comissão de Chefe,da Superintendência de Recursos Humanos,"EXONERAR BRUNA DE SOUSA RAMO , ID funcional nº 51256649, com validade a contar de 24 de outubro de 2022, do cargo em comissão de Chefe, símbolo DAI-6, do Serviço de Confirmação Funcional, da Divisão de Promoção Funcional, da Coordenação de Concursos e Seleção, da Superintendência de Recursos Humanos, da Subsecretaria de Gestão Administrativa, da",https://www.ioerj.com.br/portal/modules/conteudoonline/mostra_edicao.php?session=VFVST1IwNUVaRVpOUkUxMFRtdGFSRkpETURCT2FscEZURlZGTTFGcVozUk5ha1pEVWtWRmVsRlVRVEZOVkZaSFRWUmpNMDU2YTNwTlZHczFUWGM5UFE9PQ==,D:\github\exoneracoes_nomeacoes_dou\LAKE\RJ\2022\12\DOERJ_PARTE_I_PODER_EXECUTIVO_2022-12-21.md
RJ,Diario Oficial do Estado do Rio de Janeiro,2022-12-21,Parte I (Poder Executivo),nomeacao,BRUNA DE SOUSA RAMO,51256649,,,,sim,Bruna De Sousa Ramo:PER,sim,,da Superintendência de Recursos Humanos,"NOMEAR BRUNA DE SOUSA RAMO , ID funcional nº 51256649, para exercer, com validade a contar de 24 de outubro de 2022, o cargo em comissão de Chefe, símbolo DAI-6, do Serviço de Controle e Preparo de Atos, da Coordenação de Concursos e Seleção, da Superintendência de Recursos Humanos, da Subsecretaria de Gestão Administrativa, da",https://www.ioerj.com.br/portal/modules/conteudoonline/mostra_edicao.php?session=VFVST1IwNUVaRVpOUkUxMFRtdGFSRkpETURCT2FscEZURlZGTTFGcVozUk5ha1pEVWtWRmVsRlVRVEZOVkZaSFRWUmpNMDU2YTNwTlZHczFUWGM5UFE9PQ==,D:\github\exoneracoes_nomeacoes_dou\LAKE\RJ\2022\12\DOERJ_PARTE_I_PODER_EXECUTIVO_2022-12-21.md
RJ,Diario Oficial do Estado do Rio de Janeiro,2022-12-21,Parte I (Poder Executivo),nomeacao,INSPETOR DE POLÍCIA PENAL,19653930,,,,sim,POLÍCIA PENAL:LOC|Inspetor De Polícia Penal:PER,sim,,da Superintendência de Recursos Logísticos,"NOMEAR ALEXANDRE LUIZ FROEHNER AGUIAR, Inspetor de Polícia Penal, ID Funcional nº 19653930, para exercer com validade a contar de 22 de setembro de 2022, o cargo em comissão de Diretor, símbolo DAS-6, da Divisão de Oficinas, da Coordenação de Manutenção e Frota, da Superintendência de Recursos Logísticos, da Subsecretaria de Gestão Administrativa, da",https://www.ioerj.com.br/portal/modules/conteudoonline/mostra_edicao.php?session=VFVST1IwNUVaRVpOUkUxMFRtdGFSRkpETURCT2FscEZURlZGTTFGcVozUk5ha1pEVWtWRmVsRlVRVEZOVkZaSFRWUmpNMDU2YTNwTlZHczFUWGM5UFE9PQ==,D:\github\exoneracoes_nomeacoes_dou\LAKE\RJ\2022\12\DOERJ_PARTE_I_PODER_EXECUTIVO_2022-12-21.md
RJ,Diario Oficial do Estado do Rio de Janeiro,2022-12-20,Parte I (Poder Executivo),exoneracao,JORGE LUIZ BRAGA,,,,,sim,JORGE LUIZ BRAGA:PER,sim,,,"EXONERAR ex-officio, JORGE LUIZ BRAGA, Professor Docente I16H, Identidade Funcional n° 3457721-1, Matrícula n.º 0938273-0, da",https://www.ioerj.com.br/portal/modules/conteudoonline/mostra_edicao.php?session=VFZSTk1rMVZVVEZPYWxWMFRsVldRMDFETURCT2VrVXdURlZKTTA5RlZYUlJhazVHVVdwS1IxRnFRVE5TUkVFeFRWUmpNMDU2YTNwTmFrVTBUMEU5UFE9PQ==,D:\github\exoneracoes_nomeacoes_dou\LAKE\RJ\2022\12\DOERJ_PARTE_I_PODER_EXECUTIVO_2022-12-20.md
RJ,Diario Oficial do Estado do Rio de Janeiro,2022-12-20,Parte I (Poder Executivo),exoneracao,CARLA BARBOSA FERREIRA DE SOUZA,,,,,sim,CARLA BARBOSA:PER,sim,,,"EXONERAR ex-officio, CARLA BARBOSA FERREIRA DE SOUZA, Professora Docente I, Identidade Funcional 3548256-7, Matrícula 5000875-4, Nível D, Referência 7, da",https://www.ioerj.com.br/portal/modules/conteudoonline/mostra_edicao.php?session=VFZSTk1rMVZVVEZPYWxWMFRsVldRMDFETURCT2VrVXdURlZKTTA5RlZYUlJhazVHVVdwS1IxRnFRVE5TUkVFeFRWUmpNMDU2YTNwTmFrVTBUMEU5UFE9PQ==,D:\github\exoneracoes_nomeacoes_dou\LAKE\RJ\2022\12\DOERJ_PARTE_I_PODER_EXECUTIVO_2022-12-20.md
RJ,Diario Oficial do Estado do Rio de Janeiro,2022-12-20,Parte I (Poder Executivo),exoneracao,ROGERIO LOPES BRANDI,51172747,,,,sim,ROGERIO:LOC|BRANDI:MISC|Rogerio Lopes Brandi:PER,sim,do cargo em comissão de Secretário de Estado,do Gabinete do Secretário,"EXONERAR a pedido e com validade a contar de 19 de dezembro de 2022, ROGERIO LOPES BRANDI , ID FUNCIONAL N° 51172747, do cargo em comissão de Secretário de Estado, símbolo SE, do Gabinete do Secretário, da",https://www.ioerj.com.br/portal/modules/conteudoonline/mostra_edicao.php?session=VFZSTk1rMVZVVEZPYWxWMFRsVldRMDFETURCT2VrVXdURlZKTTA5RlZYUlJhazVHVVdwS1IxRnFRVE5TUkVFeFRWUmpNMDU2YTNwTmFrVTBUMEU5UFE9PQ==,D:\github\exoneracoes_nomeacoes_dou\LAKE\RJ\2022\12\DOERJ_PARTE_I_PODER_EXECUTIVO_2022-12-20.md
RJ,Diario Oficial do Estado do Rio de Janeiro,2022-12-20,Parte I (Poder Executivo),nomeacao,RAFAEL SALES CRUZ,5008820-3,,,,sim,RAFAEL SALES CRUZ:MISC|Rafael Sales Cruz:PER,sim,,da Fundação Centro de Ciências e Educação Superior à Distância do Estado do Rio de Janeiro - CECIERJ,"NOMEAR RAFAEL SALES CRUZ , ID FUNCIONAL Nº 5008820-3, para exercer, com validade a contar de 17 de novembro de 2022, o cargo em comissão de Coordenador, símbolo CECIERJ VI, da Coordenação de Convênios, da Diretoria Geral de Administração e Finanças, da Presidência, da Fundação Centro de Ciências e Educação Superior à Distância do Estado do Rio de Janeiro - CECIERJ, da",https://www.ioerj.com.br/portal/modules/conteudoonline/mostra_edicao.php?session=VFZSTk1rMVZVVEZPYWxWMFRsVldRMDFETURCT2VrVXdURlZKTTA5RlZYUlJhazVHVVdwS1IxRnFRVE5TUkVFeFRWUmpNMDU2YTNwTmFrVTBUMEU5UFE9PQ==,D:\github\exoneracoes_nomeacoes_dou\LAKE\RJ\2022\12\DOERJ_PARTE_I_PODER_EXECUTIVO_2022-12-20.md
RJ,Diario Oficial do Estado do Rio de Janeiro,2022-12-20,Parte I (Poder Executivo),exoneracao,GRAZIELLE BARRETO GOMES,5025374-3,,,,sim,GRAZIELLE:ORG|Grazielle Barreto Gomes:PER,sim,do cargo em comissão de Coordenador,da Superintendência de Inteligência Logística,"EXONERAR a pedido e com validade a contar de 05 de dezembro de 2022, GRAZIELLE BARRETO GOMES , ID FUNCIONAL Nº 5025374-3, do cargo em comissão de Coordenador, símbolo DAS-8, da Superintendência de Inteligência Logística, da Subsecretaria de Logística, da",https://www.ioerj.com.br/portal/modules/conteudoonline/mostra_edicao.php?session=VFZSTk1rMVZVVEZPYWxWMFRsVldRMDFETURCT2VrVXdURlZKTTA5RlZYUlJhazVHVVdwS1IxRnFRVE5TUkVFeFRWUmpNMDU2YTNwTmFrVTBUMEU5UFE9PQ==,D:\github\exoneracoes_nomeacoes_dou\LAKE\RJ\2022\12\DOERJ_PARTE_I_PODER_EXECUTIVO_2022-12-20.md
RJ,Diario Oficial do Estado do Rio de Janeiro,2022-12-20,Parte I (Poder Executivo),exoneracao,SAMUEL SANTANA DE PAULO,51235412,,,,sim,SAMUEL:ORG|Samuel Santana:PER,sim,do cargo em comissão de Assessor,,"EXONERAR a pedido e com validade a contar de 20 de outubro de 2022, SAMUEL SANTANA DE PAULO , ID FUNCIONAL Nº 51235412, do cargo em comissão de Assessor, símbolo DAS-7, da",https://www.ioerj.com.br/portal/modules/conteudoonline/mostra_edicao.php?session=VFZSTk1rMVZVVEZPYWxWMFRsVldRMDFETURCT2VrVXdURlZKTTA5RlZYUlJhazVHVVdwS1IxRnFRVE5TUkVFeFRWUmpNMDU2YTNwTmFrVTBUMEU5UFE9PQ==,D:\github\exoneracoes_nomeacoes_dou\LAKE\RJ\2022\12\DOERJ_PARTE_I_PODER_EXECUTIVO_2022-12-20.md
RJ,Diario Oficial do Estado do Rio de Janeiro,2022-12-20,Parte I (Poder Executivo),exoneracao,LEONARDO SILVA JACOB,5087219-2,,,,sim,LEONARDO SILVA JACOB:PER,sim,do cargo em comissão de Assessor,,"EXONERAR com validade a contar de 19 de dezembro de 2022, LEONARDO SILVA JACOB , ID FUNCIONAL Nº 5087219-2, do cargo em comissão de Assessor, símbolo DAS-7, da",https://www.ioerj.com.br/portal/modules/conteudoonline/mostra_edicao.php?session=VFZSTk1rMVZVVEZPYWxWMFRsVldRMDFETURCT2VrVXdURlZKTTA5RlZYUlJhazVHVVdwS1IxRnFRVE5TUkVFeFRWUmpNMDU2YTNwTmFrVTBUMEU5UFE9PQ==,D:\github\exoneracoes_nomeacoes_dou\LAKE\RJ\2022\12\DOERJ_PARTE_I_PODER_EXECUTIVO_2022-12-20.md
RJ,Diario Oficial do Estado do Rio de Janeiro,2022-12-20,Parte I (Poder Executivo),exoneracao,JOSÉ CARLOS PACHECO FURTADO,5123620-6,,,,sim,JOSÉ CARLOS PACHECO FURTADO:PER,sim,do cargo em comissão de Agente de Desenvolvimento,,"EXONERAR com validade a contar de 20 de dezembro de 2022, JOSÉ CARLOS PACHECO FURTADO , ID FUNCIONAL Nº 5123620-6, do cargo em comissão de Agente de Desenvolvimento, símbolo DAI-6, da",https://www.ioerj.com.br/portal/modules/conteudoonline/mostra_edicao.php?session=VFZSTk1rMVZVVEZPYWxWMFRsVldRMDFETURCT2VrVXdURlZKTTA5RlZYUlJhazVHVVdwS1IxRnFRVE5TUkVFeFRWUmpNMDU2YTNwTmFrVTBUMEU5UFE9PQ==,D:\github\exoneracoes_nomeacoes_dou\LAKE\RJ\2022\12\DOERJ_PARTE_I_PODER_EXECUTIVO_2022-12-20.md
RJ,Diario Oficial do Estado do Rio de Janeiro,2022-12-20,Parte I (Poder Executivo),exoneracao,RENATA RAQUEL SOUZA DA SILVA,5123353-3,,,,sim,RAQUEL:ORG|Renata Raquel Souza Da Silva:PER,sim,do cargo em comissão de Agente de Desenvolvimento,,"EXONERAR com validade a contar de 20 de dezembro de 2022, RENATA RAQUEL SOUZA DA SILVA , ID FUNCIONAL Nº 5123353-3, do cargo em comissão de Agente de Desenvolvimento, símbolo DAI-1, da",https://www.ioerj.com.br/portal/modules/conteudoonline/mostra_edicao.php?session=VFZSTk1rMVZVVEZPYWxWMFRsVldRMDFETURCT2VrVXdURlZKTTA5RlZYUlJhazVHVVdwS1IxRnFRVE5TUkVFeFRWUmpNMDU2YTNwTmFrVTBUMEU5UFE9PQ==,D:\github\exoneracoes_nomeacoes_dou\LAKE\RJ\2022\12\DOERJ_PARTE_I_PODER_EXECUTIVO_2022-12-20.md
RJ,Diario Oficial do Estado do Rio de Janeiro,2022-12-20,Parte I (Poder Executivo),nomeacao,FRANCILANE DE JESUS DE SANTANA,,,,,sim,FRANCILANE:MISC|JESUS DE SANTANA:PER,sim,,do Gabinete do Secretário,"NOMEAR FRANCILANE DE JESUS DE SANTANA para exercer, o cargo em comissão de Assessor, símbolo DAS-7, do Gabinete do Secretário, da",https://www.ioerj.com.br/portal/modules/conteudoonline/mostra_edicao.php?session=VFZSTk1rMVZVVEZPYWxWMFRsVldRMDFETURCT2VrVXdURlZKTTA5RlZYUlJhazVHVVdwS1IxRnFRVE5TUkVFeFRWUmpNMDU2YTNwTmFrVTBUMEU5UFE9PQ==,D:\github\exoneracoes_nomeacoes_dou\LAKE\RJ\2022\12\DOERJ_PARTE_I_PODER_EXECUTIVO_2022-12-20.md
RJ,Diario Oficial do Estado do Rio de Janeiro,2022-12-20,Parte I (Poder Executivo),exoneracao,MILENA VALENTE DE OLIVEIRA SILVA,43998658,,,,sim,MILENA VALENTE DE OLIVEIRA SILVA:PER,sim,do cargo em comissão de Assessor,do Gabinete do Secretário,"EXONERAR com validade a contar de 21 de dezembro de 2022, MILENA VALENTE DE OLIVEIRA SILVA , ID FUNCIONAL Nº 43998658, do cargo em comissão de Assessor, símbolo DAS-6, do Gabinete do Secretário, da",https://www.ioerj.com.br/portal/modules/conteudoonline/mostra_edicao.php?session=VFZSTk1rMVZVVEZPYWxWMFRsVldRMDFETURCT2VrVXdURlZKTTA5RlZYUlJhazVHVVdwS1IxRnFRVE5TUkVFeFRWUmpNMDU2YTNwTmFrVTBUMEU5UFE9PQ==,D:\github\exoneracoes_nomeacoes_dou\LAKE\RJ\2022\12\DOERJ_PARTE_I_PODER_EXECUTIVO_2022-12-20.md
RJ,Diario Oficial do Estado do Rio de Janeiro,2022-12-20,Parte I (Poder Executivo),exoneracao,BRENO ALVES DE SOUZA NASCIMENTO,5123340-1,,,,sim,BRENO ALVES DE SOUZA NASCIMENTO:MISC|Breno Alves De Souza Nascimento:PER,sim,do cargo em comissão de Assistente II,do Gabinete do Secretário,"EXONERAR com validade a contar de 26 de dezembro de 2022, BRENO ALVES DE SOUZA NASCIMENTO , ID FUNCIONAL Nº 5123340-1, do cargo em comissão de Assistente II, símbolo DAI-6, do Gabinete do Secretário, da",https://www.ioerj.com.br/portal/modules/conteudoonline/mostra_edicao.php?session=VFZSTk1rMVZVVEZPYWxWMFRsVldRMDFETURCT2VrVXdURlZKTTA5RlZYUlJhazVHVVdwS1IxRnFRVE5TUkVFeFRWUmpNMDU2YTNwTmFrVTBUMEU5UFE9PQ==,D:\github\exoneracoes_nomeacoes_dou\LAKE\RJ\2022\12\DOERJ_PARTE_I_PODER_EXECUTIVO_2022-12-20.md
RJ,Diario Oficial do Estado do Rio de Janeiro,2022-12-20,Parte I (Poder Executivo),exoneracao,VITOR DA SILVA BILATI,5082389-2,,,,sim,VITOR DA SILVA BILATI:PER,sim,do cargo em comissão de Assistente II,do Gabinete do Secretário,"EXONERAR com validade a contar de 21 de dezembro de 2022, VITOR DA SILVA BILATI , ID FUNCIONAL Nº 5082389-2, do cargo em comissão de Assistente II, símbolo DAI-6, do Gabinete do Secretário, da",https://www.ioerj.com.br/portal/modules/conteudoonline/mostra_edicao.php?session=VFZSTk1rMVZVVEZPYWxWMFRsVldRMDFETURCT2VrVXdURlZKTTA5RlZYUlJhazVHVVdwS1IxRnFRVE5TUkVFeFRWUmpNMDU2YTNwTmFrVTBUMEU5UFE9PQ==,D:\github\exoneracoes_nomeacoes_dou\LAKE\RJ\2022\12\DOERJ_PARTE_I_PODER_EXECUTIVO_2022-12-20.md
RJ,Diario Oficial do Estado do Rio de Janeiro,2022-12-20,Parte I (Poder Executivo),exoneracao,REGINA LUCIA ALVES FERREIRA,4333122-0,,,,sim,REGINA LUCIA ALVES FERREIRA:MISC|Regina Lucia Alves Ferreira:PER,sim,do cargo em comissão de Assistente II,do Gabinete do Secretário,"EXONERAR com validade a contar de 19 de dezembro de 2022, REGINA LUCIA ALVES FERREIRA , ID FUNCIONAL Nº 4333122-0, do cargo em comissão de Assistente II, símbolo DAI-6, do Gabinete do Secretário, da",https://www.ioerj.com.br/portal/modules/conteudoonline/mostra_edicao.php?session=VFZSTk1rMVZVVEZPYWxWMFRsVldRMDFETURCT2VrVXdURlZKTTA5RlZYUlJhazVHVVdwS1IxRnFRVE5TUkVFeFRWUmpNMDU2YTNwTmFrVTBUMEU5UFE9PQ==,D:\github\exoneracoes_nomeacoes_dou\LAKE\RJ\2022\12\DOERJ_PARTE_I_PODER_EXECUTIVO_2022-12-20.md
RJ,Diario Oficial do Estado do Rio de Janeiro,2022-12-20,Parte I (Poder Executivo),nomeacao,MARIA CLAUDIA WALKER CARDASSI,,,,,sim,MARIA CLAUDIA WALKER:MISC|Maria Claudia Walker:PER,sim,,,"NOMEAR MARIA CLAUDIA WALKER CARDASSI para exercer, o cargo em comissão de Assessor, símbolo DAS-7, da",https://www.ioerj.com.br/portal/modules/conteudoonline/mostra_edicao.php?session=VFZSTk1rMVZVVEZPYWxWMFRsVldRMDFETURCT2VrVXdURlZKTTA5RlZYUlJhazVHVVdwS1IxRnFRVE5TUkVFeFRWUmpNMDU2YTNwTmFrVTBUMEU5UFE9PQ==,D:\github\exoneracoes_nomeacoes_dou\LAKE\RJ\2022\12\DOERJ_PARTE_I_PODER_EXECUTIVO_2022-12-20.md
RJ,Diario Oficial do Estado do Rio de Janeiro,2022-12-20,Parte I (Poder Executivo),nomeacao,MARIANA FERNANDES RABELO,,,,,sim,FERNANDES RABELO:MISC|Mariana Fernandes Rabelo:PER,sim,,,"NOMEAR MARIANA FERNANDES RABELO para exercer, o cargo em comissão de Assistente, símbolo DAS-6, da",https://www.ioerj.com.br/portal/modules/conteudoonline/mostra_edicao.php?session=VFZSTk1rMVZVVEZPYWxWMFRsVldRMDFETURCT2VrVXdURlZKTTA5RlZYUlJhazVHVVdwS1IxRnFRVE5TUkVFeFRWUmpNMDU2YTNwTmFrVTBUMEU5UFE9PQ==,D:\github\exoneracoes_nomeacoes_dou\LAKE\RJ\2022\12\DOERJ_PARTE_I_PODER_EXECUTIVO_2022-12-20.md
RJ,Diario Oficial do Estado do Rio de Janeiro,2022-12-20,Parte I (Poder Executivo),nomeacao,CAROLINE FERNANDES DE SOUZA,,,,,sim,CAROLINE FERNANDES DE SOUZA:MISC|Caroline Fernandes De Souza:PER,sim,,do Gabinete do Secretário,"NOMEAR CAROLINE FERNANDES DE SOUZA para exercer, o cargo em comissão de Assistente II, símbolo DAI-6, do Gabinete do Secretário, da",https://www.ioerj.com.br/portal/modules/conteudoonline/mostra_edicao.php?session=VFZSTk1rMVZVVEZPYWxWMFRsVldRMDFETURCT2VrVXdURlZKTTA5RlZYUlJhazVHVVdwS1IxRnFRVE5TUkVFeFRWUmpNMDU2YTNwTmFrVTBUMEU5UFE9PQ==,D:\github\exoneracoes_nomeacoes_dou\LAKE\RJ\2022\12\DOERJ_PARTE_I_PODER_EXECUTIVO_2022-12-20.md
RJ,Diario Oficial do Estado do Rio de Janeiro,2022-12-20,Parte I (Poder Executivo),exoneracao,ANTERIORMENTE IGOR GONÇ A LV E S,5123895-0,,,,sim,ANTERIORMENTE IGOR GONÇ:PER,sim,do cargo em comissão de Ajudante II,,"EXONERAR a pedido e com validade a contar de 26 de setembro de 2022, IGOR DA SILVA GONÇALVES , ANTERIORMENTE IGOR GONÇ A LV E S , ID FUNCIONAL Nº 5123895-0, do cargo em comissão de Ajudante II, símbolo DAI-2, da",https://www.ioerj.com.br/portal/modules/conteudoonline/mostra_edicao.php?session=VFZSTk1rMVZVVEZPYWxWMFRsVldRMDFETURCT2VrVXdURlZKTTA5RlZYUlJhazVHVVdwS1IxRnFRVE5TUkVFeFRWUmpNMDU2YTNwTmFrVTBUMEU5UFE9PQ==,D:\github\exoneracoes_nomeacoes_dou\LAKE\RJ\2022\12\DOERJ_PARTE_I_PODER_EXECUTIVO_2022-12-20.md
RJ,Diario Oficial do Estado do Rio de Janeiro,2022-12-20,Parte I (Poder Executivo),exoneracao,PAULO CESAR PEREIRA,5135159-5,,,,sim,PAULO CESAR PEREIRA:PER,sim,do cargo em comissão de Assessor,,"EXONERAR a pedido e com validade a contar de 01 de dezembro de 2022, PAULO CESAR PEREIRA , ID FUNCIONAL Nº 5135159-5, do cargo em comissão de Assessor, símbolo DAS-8, da",https://www.ioerj.com.br/portal/modules/conteudoonline/mostra_edicao.php?session=VFZSTk1rMVZVVEZPYWxWMFRsVldRMDFETURCT2VrVXdURlZKTTA5RlZYUlJhazVHVVdwS1IxRnFRVE5TUkVFeFRWUmpNMDU2YTNwTmFrVTBUMEU5UFE9PQ==,D:\github\exoneracoes_nomeacoes_dou\LAKE\RJ\2022\12\DOERJ_PARTE_I_PODER_EXECUTIVO_2022-12-20.md
RJ,Diario Oficial do Estado do Rio de Janeiro,2022-12-20,Parte I (Poder Executivo),exoneracao,HELISA ALMEIDA DA SILVA,51175320,,,,sim,HELISA ALMEIDA DA SILVA:MISC|Helisa Almeida Da Silva:PER,sim,do cargo em comissão de Assessor,da Fundação Leão XIII,"EXONERAR a pedido e com validade a contar de 01 de dezembro de 2022, HELISA ALMEIDA DA SILVA , ID FUNCIONAL Nº 51175320, do cargo em comissão de Assessor, símbolo DAS-8, da Fundação Leão XIII, da",https://www.ioerj.com.br/portal/modules/conteudoonline/mostra_edicao.php?session=VFZSTk1rMVZVVEZPYWxWMFRsVldRMDFETURCT2VrVXdURlZKTTA5RlZYUlJhazVHVVdwS1IxRnFRVE5TUkVFeFRWUmpNMDU2YTNwTmFrVTBUMEU5UFE9PQ==,D:\github\exoneracoes_nomeacoes_dou\LAKE\RJ\2022\12\DOERJ_PARTE_I_PODER_EXECUTIVO_2022-12-20.md
RJ,Diario Oficial do Estado do Rio de Janeiro,2022-12-20,Parte I (Poder Executivo),exoneracao,MARINA SILVA ESCH,51334682,,,,sim,MARINA:ORG|Marina Silva Esch:PER,sim,do cargo em comissão de Assessor II,da Fundação Leão XIII,"EXONERAR a pedido e com validade a contar de 26 de outubro de 2022, MARINA SILVA ESCH , ID FUNCIONAL Nº 51334682, do cargo em comissão de Assessor II, símbolo DAI-6, da Fundação Leão XIII, da",https://www.ioerj.com.br/portal/modules/conteudoonline/mostra_edicao.php?session=VFZSTk1rMVZVVEZPYWxWMFRsVldRMDFETURCT2VrVXdURlZKTTA5RlZYUlJhazVHVVdwS1IxRnFRVE5TUkVFeFRWUmpNMDU2YTNwTmFrVTBUMEU5UFE9PQ==,D:\github\exoneracoes_nomeacoes_dou\LAKE\RJ\2022\12\DOERJ_PARTE_I_PODER_EXECUTIVO_2022-12-20.md
RJ,Diario Oficial do Estado do Rio de Janeiro,2022-12-20,Parte I (Poder Executivo),exoneracao,LUIZ CLÁUDIO DE SOUZA MESQUITA,5083019-8,,,,sim,LUIZ CLÁUDIO DE SOUZA MESQUITA:PER,sim,do cargo em comissão de Chefe de Núcleo,da Fundação Leão XIII,"EXONERAR a pedido e com validade a contar de 11 de novembro de 2022, LUIZ CLÁUDIO DE SOUZA MESQUITA , ID FUNCIONAL N° 5083019-8, do cargo em comissão de Chefe de Núcleo, símbolo DAI5, do Núcleo de Atendimento ao Cidadão de Silva Jardim, do Pólo de Articulação Regional Baixada Litorânea II, da Diretoria de Promoção Social do Interior, da Fundação Leão XIII, da",https://www.ioerj.com.br/portal/modules/conteudoonline/mostra_edicao.php?session=VFZSTk1rMVZVVEZPYWxWMFRsVldRMDFETURCT2VrVXdURlZKTTA5RlZYUlJhazVHVVdwS1IxRnFRVE5TUkVFeFRWUmpNMDU2YTNwTmFrVTBUMEU5UFE9PQ==,D:\github\exoneracoes_nomeacoes_dou\LAKE\RJ\2022\12\DOERJ_PARTE_I_PODER_EXECUTIVO_2022-12-20.md
RJ,Diario Oficial do Estado do Rio de Janeiro,2022-12-20,Parte I (Poder Executivo),exoneracao,NATHALIA VENÂNCIO SALUSTO,5108218-7,,,,sim,NATHALIA VENÂNCIO SALUSTO:MISC|Nathalia Venâncio Salusto:PER,sim,do cargo em comissão de Assistente II,da Fundação para a Infância e Adolescência - FIA/RJ,"EXONERAR a pedido e com validade a contar de 05 de outubro de 2022, NATHALIA VENÂNCIO SALUSTO , ID FUNCIONAL Nº 5108218-7, do cargo em comissão de Assistente II, símbolo DAI-6, da Fundação para a Infância e Adolescência - FIA/RJ, da",https://www.ioerj.com.br/portal/modules/conteudoonline/mostra_edicao.php?session=VFZSTk1rMVZVVEZPYWxWMFRsVldRMDFETURCT2VrVXdURlZKTTA5RlZYUlJhazVHVVdwS1IxRnFRVE5TUkVFeFRWUmpNMDU2YTNwTmFrVTBUMEU5UFE9PQ==,D:\github\exoneracoes_nomeacoes_dou\LAKE\RJ\2022\12\DOERJ_PARTE_I_PODER_EXECUTIVO_2022-12-20.md
RJ,Diario Oficial do Estado do Rio de Janeiro,2022-12-20,Parte I (Poder Executivo),exoneracao,INSPETOR DE POLÍCIA PENAL,50912577,,,,sim,POLÍCIA PENAL:LOC|Inspetor De Polícia Penal:PER,sim,do cargo em comissão de Chefe,da Subsecretaria de Gestão Operacional,"EXONERAR MARCELO CORRÊA DE CARVALHO , Inspetor de Polícia Penal, ID Funcional nº 50912577, com validade a contar de 17 de outubro de 2022, do cargo em comissão de Chefe, símbolo DAI-5, da Seção de Manutenção, do Serviço de Administração, da Cadeia Pública Joaquim Ferreira de Souza, da Coordenação das Unidades Prisionais de Gericinó, Superintendência Operacional de Segurança, da Subsecretaria de Gestão Operacional, da",https://www.ioerj.com.br/portal/modules/conteudoonline/mostra_edicao.php?session=VFZSTk1rMVZVVEZPYWxWMFRsVldRMDFETURCT2VrVXdURlZKTTA5RlZYUlJhazVHVVdwS1IxRnFRVE5TUkVFeFRWUmpNMDU2YTNwTmFrVTBUMEU5UFE9PQ==,D:\github\exoneracoes_nomeacoes_dou\LAKE\RJ\2022\12\DOERJ_PARTE_I_PODER_EXECUTIVO_2022-12-20.md
RJ,Diario Oficial do Estado do Rio de Janeiro,2022-12-20,Parte I (Poder Executivo),nomeacao,INSPETOR DE POLÍCIA PENAL,50105884,,,,sim,POLÍCIA PENAL:LOC|Inspetor De Polícia Penal:PER,sim,,da Subsecretaria de Gestão Operacional,"NOMEAR ELIEZER DA SILVA CORRÊA , Inspetor de Polícia Penal, ID Funcional nº 50105884, para exercer com validade a contar de 17 de outubro de 2022, o cargo em comissão de Chefe, símbolo DAI-5, da Seção de Manutenção, do Serviço de Administração, da Cadeia Pública Joaquim Ferreira de Souza, da Coordenação das Unidades Prisionais de Gericinó, Superintendência Operacional de Segurança, da Subsecretaria de Gestão Operacional, da",https://www.ioerj.com.br/portal/modules/conteudoonline/mostra_edicao.php?session=VFZSTk1rMVZVVEZPYWxWMFRsVldRMDFETURCT2VrVXdURlZKTTA5RlZYUlJhazVHVVdwS1IxRnFRVE5TUkVFeFRWUmpNMDU2YTNwTmFrVTBUMEU5UFE9PQ==,D:\github\exoneracoes_nomeacoes_dou\LAKE\RJ\2022\12\DOERJ_PARTE_I_PODER_EXECUTIVO_2022-12-20.md
RJ,Diario Oficial do Estado do Rio de Janeiro,2022-12-20,Parte I (Poder Executivo),exoneracao,INSPETOR DE POLÍCIA PENAL,50098772,,,,sim,POLÍCIA PENAL:LOC|Inspetor De Polícia Penal:PER,sim,do cargo em comissão de Chefe,do Instituto Penal Cândido Mendes,"EXONERAR ANDRÉ LUIZ ROSA DA SILVA , Inspetor de Polícia Penal, ID Funcional nº 50098772, com validade a contar de 26 de novembro de 2022, do cargo em comissão de Chefe, símbolo DAI-5, da Seção I de Turma de Inspetor, do Serviço de Segurança e Disciplina, do Instituto Penal Cândido Mendes, da Coordenação de Unidades Prisionais do Grande Rio, da Superintendência Operacional de Segurança, da Subsecretaria de Gestão Operacional, da",https://www.ioerj.com.br/portal/modules/conteudoonline/mostra_edicao.php?session=VFZSTk1rMVZVVEZPYWxWMFRsVldRMDFETURCT2VrVXdURlZKTTA5RlZYUlJhazVHVVdwS1IxRnFRVE5TUkVFeFRWUmpNMDU2YTNwTmFrVTBUMEU5UFE9PQ==,D:\github\exoneracoes_nomeacoes_dou\LAKE\RJ\2022\12\DOERJ_PARTE_I_PODER_EXECUTIVO_2022-12-20.md
RJ,Diario Oficial do Estado do Rio de Janeiro,2022-12-20,Parte I (Poder Executivo),nomeacao,INSPETOR DE POLÍCIA PENAL,50298062,,,,sim,POLÍCIA PENAL:LOC|Inspetor De Polícia Penal:PER,sim,,do Instituto Penal Cândido Mendes,"NOMEAR DIORGINES DOS SANTOS FELIX MARQUES , Inspetor de Polícia Penal, ID Funcional nº 50298062, para exercer com validade a contar de 26 de novembro de 2022, o cargo em comissão de Chefe, símbolo DAI-5, da Seção I de Turma de Inspetor, do Serviço de Segurança e Disciplina, do Instituto Penal Cândido Mendes, da Coordenação de Unidades Prisionais do Grande Rio, da Superintendência Operacional de Segurança, da Subsecretaria de Gestão Operacional, da",https://www.ioerj.com.br/portal/modules/conteudoonline/mostra_edicao.php?session=VFZSTk1rMVZVVEZPYWxWMFRsVldRMDFETURCT2VrVXdURlZKTTA5RlZYUlJhazVHVVdwS1IxRnFRVE5TUkVFeFRWUmpNMDU2YTNwTmFrVTBUMEU5UFE9PQ==,D:\github\exoneracoes_nomeacoes_dou\LAKE\RJ\2022\12\DOERJ_PARTE_I_PODER_EXECUTIVO_2022-12-20.md
RJ,Diario Oficial do Estado do Rio de Janeiro,2022-12-20,Parte I (Poder Executivo),exoneracao,INSPETOR DE POLÍCIA PENAL,50127942,,,,sim,POLÍCIA PENAL:LOC|Inspetor De Polícia Penal:PER,sim,do cargo em comissão de Diretor,da Superintendência Operacional de Segurança,"EXONERAR JOSÉ TADEU ARAUJO DE ANDRADE , Inspetor de Polícia Penal, ID Funcional nº 50127942, com validade a contar de 08 de novembro de 2022, do cargo em comissão de Diretor, símbolo DAS-6, da Divisão Operacional de Gericinó, da Coordenação de Unidades Prisionais de Gericinó, da Superintendência Operacional de Segurança, da Subsecretaria de Gestão Operacional, da",https://www.ioerj.com.br/portal/modules/conteudoonline/mostra_edicao.php?session=VFZSTk1rMVZVVEZPYWxWMFRsVldRMDFETURCT2VrVXdURlZKTTA5RlZYUlJhazVHVVdwS1IxRnFRVE5TUkVFeFRWUmpNMDU2YTNwTmFrVTBUMEU5UFE9PQ==,D:\github\exoneracoes_nomeacoes_dou\LAKE\RJ\2022\12\DOERJ_PARTE_I_PODER_EXECUTIVO_2022-12-20.md
RJ,Diario Oficial do Estado do Rio de Janeiro,2022-12-20,Parte I (Poder Executivo),exoneracao,INSPETOR DE POLÍCIA PENAL,43716067,,,,sim,POLÍCIA PENAL:LOC|Inspetor De Polícia Penal:PER,sim,do cargo em comissão de Chefe,da Superintendência Operacional de Segurança,"EXONERAR RONALDO LUIZ DE OLIVEIRA FERREIRA , Inspetor de Polícia Penal, ID Funcional nº 43716067, com validade a contar de 08 de novembro de 2022, do cargo em comissão de Chefe, símbolo DAI6, do Serviço de Portaria Unificada, da Divisão Operacional de Gericinó, da Coordenação de Unidades Prisionais de Gericinó, da Superintendência Operacional de Segurança, da Subsecretaria de Gestão Operacional, da",https://www.ioerj.com.br/portal/modules/conteudoonline/mostra_edicao.php?session=VFZSTk1rMVZVVEZPYWxWMFRsVldRMDFETURCT2VrVXdURlZKTTA5RlZYUlJhazVHVVdwS1IxRnFRVE5TUkVFeFRWUmpNMDU2YTNwTmFrVTBUMEU5UFE9PQ==,D:\github\exoneracoes_nomeacoes_dou\LAKE\RJ\2022\12\DOERJ_PARTE_I_PODER_EXECUTIVO_2022-12-20.md
RJ,Diario Oficial do Estado do Rio de Janeiro,2022-12-20,Parte I (Poder Executivo),nomeacao,INSPETOR DE POLÍCIA PENAL,43716067,,,,sim,POLÍCIA PENAL:LOC|Inspetor De Polícia Penal:PER,sim,,da Superintendência Operacional de Segurança,"NOMEAR RONALDO LUIZ DE OLIVEIRA FERREIRA , Inspetor de Polícia Penal, ID Funcional nº 43716067, para exercer com validade a contar de 08 de novembro de 2022, o cargo em comissão de Diretor, símbolo DAS-6, da Divisão Operacional de Gericinó, da Coordenação de Unidades Prisionais de Gericinó, da Superintendência Operacional de Segurança, da Subsecretaria de Gestão Operacional, da",https://www.ioerj.com.br/portal/modules/conteudoonline/mostra_edicao.php?session=VFZSTk1rMVZVVEZPYWxWMFRsVldRMDFETURCT2VrVXdURlZKTTA5RlZYUlJhazVHVVdwS1IxRnFRVE5TUkVFeFRWUmpNMDU2YTNwTmFrVTBUMEU5UFE9PQ==,D:\github\exoneracoes_nomeacoes_dou\LAKE\RJ\2022\12\DOERJ_PARTE_I_PODER_EXECUTIVO_2022-12-20.md
RJ,Diario Oficial do Estado do Rio de Janeiro,2022-12-20,Parte I (Poder Executivo),nomeacao,INSPETOR DE POLÍCIA PENAL,43192637,,,,sim,POLÍCIA PENAL:LOC|Inspetor De Polícia Penal:PER,sim,,do Instituto Penal Plácido de Sá Carvalho,"NOMEAR PAULO CÉSAR DOMINGOS DE ASSIS , Inspetor de Polícia Penal, ID Funcional nº 43192637, para exercer com validade a contar de 27 de setembro de 2022, o cargo em comissão de Chefe, símbolo DAI-6, do Serviço de Classificação e Tratamento, do Instituto Penal Plácido de Sá Carvalho, da Coordenação de Unidades Prisionais de Gericinó, da Superintendência Operacional de Segurança, da Subsecretaria de Gestão Operacional, da",https://www.ioerj.com.br/portal/modules/conteudoonline/mostra_edicao.php?session=VFZSTk1rMVZVVEZPYWxWMFRsVldRMDFETURCT2VrVXdURlZKTTA5RlZYUlJhazVHVVdwS1IxRnFRVE5TUkVFeFRWUmpNMDU2YTNwTmFrVTBUMEU5UFE9PQ==,D:\github\exoneracoes_nomeacoes_dou\LAKE\RJ\2022\12\DOERJ_PARTE_I_PODER_EXECUTIVO_2022-12-20.md
RJ,Diario Oficial do Estado do Rio de Janeiro,2022-12-20,Parte I (Poder Executivo),nomeacao,INSPETOR DE POLÍCIA PENAL,43544681,,,,sim,POLÍCIA PENAL:LOC|Inspetor De Polícia Penal:PER,sim,,da Superintendência Operacional de Segurança,"NOMEAR FABIO ALVES MENDES , Inspetor de Polícia Penal, ID Funcional nº 43544681, para exercer com validade a contar de 08 de novembro de 2022, o cargo em comissão de Chefe, símbolo DAI-6, do Serviço de Portaria Unificada, da Divisão Operacional de Gericinó, da Coordenação de Unidades Prisionais de Gericinó, da Superintendência Operacional de Segurança, da Subsecretaria de Gestão Operacional, da",https://www.ioerj.com.br/portal/modules/conteudoonline/mostra_edicao.php?session=VFZSTk1rMVZVVEZPYWxWMFRsVldRMDFETURCT2VrVXdURlZKTTA5RlZYUlJhazVHVVdwS1IxRnFRVE5TUkVFeFRWUmpNMDU2YTNwTmFrVTBUMEU5UFE9PQ==,D:\github\exoneracoes_nomeacoes_dou\LAKE\RJ\2022\12\DOERJ_PARTE_I_PODER_EXECUTIVO_2022-12-20.md
RJ,Diario Oficial do Estado do Rio de Janeiro,2022-12-19,Parte I (Poder Executivo),nomeacao,ANA LUCIA LIMA DA COSTA,,,,,sim,ANA LUCIA LIMA:PER,sim,,da Fundação de Apoio à Escola Técnica do Estado do Rio de Janeiro - FAETEC,"NOMEAR ANA LUCIA LIMA DA COSTA para exercer, com validade a contar de 13 de dezembro de 2022, o cargo em comissão de Coordenador de Unidade, símbolo FAETEC 3, da Fundação de Apoio à Escola Técnica do Estado do Rio de Janeiro - FAETEC, da",https://www.ioerj.com.br/portal/modules/conteudoonline/mostra_edicao.php?session=VFVSc1JVMVVSVEZTUkVWMFVYcE9SVkpUTURCU1JVazFURlJuZDAxVVVYUlBSRVpFVDBWWk1rNTZZek5QUkVwRFRWUmpNMDU2YTNwTmFrMHdUa0U5UFE9PQ==,D:\github\exoneracoes_nomeacoes_dou\LAKE\RJ\2022\12\DOERJ_PARTE_I_PODER_EXECUTIVO_2022-12-19.md
RJ,Diario Oficial do Estado do Rio de Janeiro,2022-12-19,Parte I (Poder Executivo),nomeacao,LELIANE MARIA PINHEIRO,,,,,sim,MARIA PINHEIRO:PER,sim,da Assessoria de Gestão e Modernização Institucional,do Departamento de Trânsito do Estado do Rio de Janeiro - DETRAN/RJ,"NOMEAR LELIANE MARIA PINHEIRO para exercer, o cargo em comissão de Assistente I, símbolo DAS-6, da Assessoria de Gestão e Modernização Institucional, do Departamento de Trânsito do Estado do Rio de Janeiro - DETRAN/RJ, da",https://www.ioerj.com.br/portal/modules/conteudoonline/mostra_edicao.php?session=VFVSc1JVMVVSVEZTUkVWMFVYcE9SVkpUTURCU1JVazFURlJuZDAxVVVYUlBSRVpFVDBWWk1rNTZZek5QUkVwRFRWUmpNMDU2YTNwTmFrMHdUa0U5UFE9PQ==,D:\github\exoneracoes_nomeacoes_dou\LAKE\RJ\2022\12\DOERJ_PARTE_I_PODER_EXECUTIVO_2022-12-19.md
RJ,Diario Oficial do Estado do Rio de Janeiro,2022-12-19,Parte I (Poder Executivo),nomeacao,RICHARD DE SOUZA GADELHO PESSOA,,,,,sim,RICHARD:ORG|SOUZA GADELHO PESSOA:LOC|Richard De Souza Gadelho Pessoa:PER,sim,,do Instituto de Assistência dos Servidores do Estado do Rio de Janeiro - IASERJ,"NOMEAR RICHARD DE SOUZA GADELHO PESSOA para exercer, o cargo em comissão de Assistente, símbolo DAS-6, do Instituto de Assistência dos Servidores do Estado do Rio de Janeiro - IASERJ, da",https://www.ioerj.com.br/portal/modules/conteudoonline/mostra_edicao.php?session=VFVSc1JVMVVSVEZTUkVWMFVYcE9SVkpUTURCU1JVazFURlJuZDAxVVVYUlBSRVpFVDBWWk1rNTZZek5QUkVwRFRWUmpNMDU2YTNwTmFrMHdUa0U5UFE9PQ==,D:\github\exoneracoes_nomeacoes_dou\LAKE\RJ\2022\12\DOERJ_PARTE_I_PODER_EXECUTIVO_2022-12-19.md
RJ,Diario Oficial do Estado do Rio de Janeiro,2022-12-19,Parte I (Poder Executivo),nomeacao,EVERSON DE MARIA FRANÇA,,,,,sim,EVERSON DE MARIA FRANÇA:MISC|Everson:PER,sim,,,"NOMEAR EVERSON DE MARIA FRANÇA para exercer, com validade a contar de 01 de dezembro de 2022, o cargo em comissão de Assistente II, símbolo DAI-6, da",https://www.ioerj.com.br/portal/modules/conteudoonline/mostra_edicao.php?session=VFVSc1JVMVVSVEZTUkVWMFVYcE9SVkpUTURCU1JVazFURlJuZDAxVVVYUlBSRVpFVDBWWk1rNTZZek5QUkVwRFRWUmpNMDU2YTNwTmFrMHdUa0U5UFE9PQ==,D:\github\exoneracoes_nomeacoes_dou\LAKE\RJ\2022\12\DOERJ_PARTE_I_PODER_EXECUTIVO_2022-12-19.md
RJ,Diario Oficial do Estado do Rio de Janeiro,2022-12-19,Parte I (Poder Executivo),nomeacao,HEBERT DOS SANTOS MARTINS,,,,,sim,HEBERT DOS:MISC|MARTINS:MISC|Hebert Dos Santos Martins:PER,sim,,,"NOMEAR HEBERT DOS SANTOS MARTINS para exercer, com validade a contar de 01 de dezembro de 2022, o cargo em comissão de Assistente II, símbolo DAI-6, da",https://www.ioerj.com.br/portal/modules/conteudoonline/mostra_edicao.php?session=VFVSc1JVMVVSVEZTUkVWMFVYcE9SVkpUTURCU1JVazFURlJuZDAxVVVYUlBSRVpFVDBWWk1rNTZZek5QUkVwRFRWUmpNMDU2YTNwTmFrMHdUa0U5UFE9PQ==,D:\github\exoneracoes_nomeacoes_dou\LAKE\RJ\2022\12\DOERJ_PARTE_I_PODER_EXECUTIVO_2022-12-19.md
RJ,Diario Oficial do Estado do Rio de Janeiro,2022-12-19,Parte I (Poder Executivo),nomeacao,JÚLIA MARTINS CERQUEIRA,,,,,sim,JÚLIA MARTINS:PER,sim,,,"NOMEAR JÚLIA MARTINS CERQUEIRA para exercer, com validade a contar de 01 de dezembro de 2022, o cargo em comissão de Assistente II, símbolo DAI-6, da",https://www.ioerj.com.br/portal/modules/conteudoonline/mostra_edicao.php?session=VFVSc1JVMVVSVEZTUkVWMFVYcE9SVkpUTURCU1JVazFURlJuZDAxVVVYUlBSRVpFVDBWWk1rNTZZek5QUkVwRFRWUmpNMDU2YTNwTmFrMHdUa0U5UFE9PQ==,D:\github\exoneracoes_nomeacoes_dou\LAKE\RJ\2022\12\DOERJ_PARTE_I_PODER_EXECUTIVO_2022-12-19.md
RJ,Diario Oficial do Estado do Rio de Janeiro,2022-12-19,Parte I (Poder Executivo),nomeacao,RONALDO RODRIGUES PEREIRA,,,,,sim,RONALDO RODRIGUES PEREIRA:MISC|Ronaldo Rodrigues Pereira:PER,sim,,,"NOMEAR RONALDO RODRIGUES PEREIRA para exercer, com validade a contar de 01 de dezembro de 2022, o cargo em comissão de Assistente II, símbolo DAI-6, da",https://www.ioerj.com.br/portal/modules/conteudoonline/mostra_edicao.php?session=VFVSc1JVMVVSVEZTUkVWMFVYcE9SVkpUTURCU1JVazFURlJuZDAxVVVYUlBSRVpFVDBWWk1rNTZZek5QUkVwRFRWUmpNMDU2YTNwTmFrMHdUa0U5UFE9PQ==,D:\github\exoneracoes_nomeacoes_dou\LAKE\RJ\2022\12\DOERJ_PARTE_I_PODER_EXECUTIVO_2022-12-19.md
RJ,Diario Oficial do Estado do Rio de Janeiro,2022-12-19,Parte I (Poder Executivo),nomeacao,ANA MARIA PEDROSA COSTA,,,,,sim,ANA MARIA PEDROSA:PER,sim,da Chefia de Gabinete,da Superintendência de Desportos do Estado do Rio de Janeiro - SUDERJ,"NOMEAR ANA MARIA PEDROSA COSTA para exercer, com validade a contar de 21 de novembro de 2022, o cargo em comissão de Assistente, símbolo DAS-6, da Chefia de Gabinete, da Superintendência de Desportos do Estado do Rio de Janeiro - SUDERJ, da",https://www.ioerj.com.br/portal/modules/conteudoonline/mostra_edicao.php?session=VFVSc1JVMVVSVEZTUkVWMFVYcE9SVkpUTURCU1JVazFURlJuZDAxVVVYUlBSRVpFVDBWWk1rNTZZek5QUkVwRFRWUmpNMDU2YTNwTmFrMHdUa0U5UFE9PQ==,D:\github\exoneracoes_nomeacoes_dou\LAKE\RJ\2022\12\DOERJ_PARTE_I_PODER_EXECUTIVO_2022-12-19.md
RJ,Diario Oficial do Estado do Rio de Janeiro,2022-12-19,Parte I (Poder Executivo),nomeacao,ÉRICO LUIZ DOS SANTOS MARQUES,,,,,sim,ÉRICO LUIZ DOS SANTOS:MISC|Érico Luiz Dos Santos Marques:PER,sim,do cargo de provimento por livre admissão e demissão de Assistente em Previdência Complementar da Fundação de Previdência Complementar do Estado do Rio de Janeiro -RJPREV,da Fundação de Previdência Complementar do Estado do Rio de Janeiro -RJPREV,"NOMEAR ÉRICO LUIZ DOS SANTOS MARQUES, matrícula 080-2, com validade a contar de 12 de dezembro de 2022, do cargo de provimento por livre admissão e demissão de Assistente em Previdência Complementar da Fundação de Previdência Complementar do Estado do Rio de Janeiro -RJPREV, previsto no Anexo II do",https://www.ioerj.com.br/portal/modules/conteudoonline/mostra_edicao.php?session=VFVSc1JVMVVSVEZTUkVWMFVYcE9SVkpUTURCU1JVazFURlJuZDAxVVVYUlBSRVpFVDBWWk1rNTZZek5QUkVwRFRWUmpNMDU2YTNwTmFrMHdUa0U5UFE9PQ==,D:\github\exoneracoes_nomeacoes_dou\LAKE\RJ\2022\12\DOERJ_PARTE_I_PODER_EXECUTIVO_2022-12-19.md
RJ,Diario Oficial do Estado do Rio de Janeiro,2022-12-15,Parte I (Poder Executivo),nomeacao,SAMURAI LOPES DE ALMEIDA,4455888-0,,,,sim,SAMURAI LOPES DE ALMEIDA:MISC|Samurai Lopes:PER,sim,para exercer o cargo em comissão de Chefe de Unidade,do Departamento de Trânsito do Estado do Rio de Janeiro - DETRAN/RJ,"NOMEAR SAMURAI LOPES DE ALMEIDA , ID FUNCIONAL Nº 4455888-0, para exercer o cargo em comissão de Chefe de Unidade, símbolo DAI-6, da Unidade de Serviço Descentralizado - USD, da Coordenadoria de Serviços Descentralizados, da Coordenadoria Geral de Integração de Serviços, do Departamento de Trânsito do Estado do Rio de Janeiro - DETRAN/RJ, da",https://www.ioerj.com.br/portal/modules/conteudoonline/mostra_edicao.php?session=VG5wck1FMXFiRUpPVkVsMFRucEJNbEZwTURCTlJHdDNURlZGTVZGcWEzUk9hMHBDVFdwU1JWSlVWWGxOYW1zeVRWUmpNMDU2YTNwTmFsRXdUWGM5UFE9PQ==,D:\github\exoneracoes_nomeacoes_dou\LAKE\RJ\2022\12\DOERJ_PARTE_I_PODER_EXECUTIVO_2022-12-15.md
RJ,Diario Oficial do Estado do Rio de Janeiro,2022-12-15,Parte I (Poder Executivo),exoneracao,ANDERSON RANGEL ANTUNES DE VASCONCELLOS,5130407-4,,,,sim,ANDERSON RANGEL ANTUNES DE VASCONCELLOS:MISC|Anderson Rangel Antunes:PER,sim,do cargo em comissão de Chefe de Unidade,do Departamento de Trânsito do Estado do Rio de Janeiro - DETRAN/RJ,"EXONERAR ANDERSON RANGEL ANTUNES DE VASCONCELLOS , ID FUNCIONAL N° 5130407-4, do cargo em comissão de Chefe de Unidade, símbolo DAI-6, da Unidade de Serviço Descentralizado -USD, da Coordenadoria de Serviços Descentralizados, da Coordenadoria Geral de Integração de Serviços, do Departamento de Trânsito do Estado do Rio de Janeiro - DETRAN/RJ, da",https://www.ioerj.com.br/portal/modules/conteudoonline/mostra_edicao.php?session=VG5wck1FMXFiRUpPVkVsMFRucEJNbEZwTURCTlJHdDNURlZGTVZGcWEzUk9hMHBDVFdwU1JWSlVWWGxOYW1zeVRWUmpNMDU2YTNwTmFsRXdUWGM5UFE9PQ==,D:\github\exoneracoes_nomeacoes_dou\LAKE\RJ\2022\12\DOERJ_PARTE_I_PODER_EXECUTIVO_2022-12-15.md
RJ,Diario Oficial do Estado do Rio de Janeiro,2022-12-15,Parte I (Poder Executivo),exoneracao,THAIS NOGUEIRA NUNES,5098975-8,,,,sim,THAIS:MISC|NOGUEIRA NUNES:MISC|Thais Nogueira Nunes:PER,sim,do cargo em comissão de Assessor-Chefe,da Fundação Centro Estadual de Estatística,"EXONERAR a pedido e com validade a contar de 01 de outubro de 2022, THAIS NOGUEIRA NUNES , ID FUNCIONAL Nº 5098975-8, do cargo em comissão de Assessor-Chefe, símbolo DAS-8, da Assessoria de Comunicação e Editoração, da Fundação Centro Estadual de Estatística, Pesquisas e Formação de Servidores Públicos do Estado do Rio de Janeiro - CEPERJ, da",https://www.ioerj.com.br/portal/modules/conteudoonline/mostra_edicao.php?session=VG5wck1FMXFiRUpPVkVsMFRucEJNbEZwTURCTlJHdDNURlZGTVZGcWEzUk9hMHBDVFdwU1JWSlVWWGxOYW1zeVRWUmpNMDU2YTNwTmFsRXdUWGM5UFE9PQ==,D:\github\exoneracoes_nomeacoes_dou\LAKE\RJ\2022\12\DOERJ_PARTE_I_PODER_EXECUTIVO_2022-12-15.md
RJ,Diario Oficial do Estado do Rio de Janeiro,2022-12-15,Parte I (Poder Executivo),exoneracao,ANDREA COELHO AGUIAR,5104051-4,,,,sim,ANDREA COELHO:PER,sim,do cargo em comissão de Coordenador,da Fundação Centro Estadual de Estatística,"EXONERAR a pedido e com validade a contar de 01 de outubro de 2022, ANDREA COELHO AGUIAR , ID FUNCIONAL Nº. 5104051-4, do cargo em comissão de Coordenador, símbolo DAS-8, da Coordenadoria de Educação a Distãncia e Novas Tecnologia Educacionais, da Escola de Gestão Políticas Públicas - EGPP, da Fundação Centro Estadual de Estatística, Pesquisas e Formação de Servidores Públicos do Estado do Rio de Janeiro - CEPERJ, da",https://www.ioerj.com.br/portal/modules/conteudoonline/mostra_edicao.php?session=VG5wck1FMXFiRUpPVkVsMFRucEJNbEZwTURCTlJHdDNURlZGTVZGcWEzUk9hMHBDVFdwU1JWSlVWWGxOYW1zeVRWUmpNMDU2YTNwTmFsRXdUWGM5UFE9PQ==,D:\github\exoneracoes_nomeacoes_dou\LAKE\RJ\2022\12\DOERJ_PARTE_I_PODER_EXECUTIVO_2022-12-15.md
RJ,Diario Oficial do Estado do Rio de Janeiro,2022-12-15,Parte I (Poder Executivo),exoneracao,ISABEL CRISTINA COSTA GONÇALVES,5123156-5,,,,sim,ISABEL CRISTINA COSTA GONÇALVES:MISC|Isabel Cristina Costa Gonçalves:PER,sim,do cargo em comissão de Assessor,da Fundação Centro Estadual de Estatística,"EXONERAR a pedido e com validade a contar de 01 de outubro de 2022, ISABEL CRISTINA COSTA GONÇALVES , ID FUNCIONAL Nº. 5123156-5, do cargo em comissão de Assessor, símbolo DAS-7, da Fundação Centro Estadual de Estatística, Pesquisas e Formação de Servidores Públicos do Estado do Rio de Janeiro - CEPERJ, da",https://www.ioerj.com.br/portal/modules/conteudoonline/mostra_edicao.php?session=VG5wck1FMXFiRUpPVkVsMFRucEJNbEZwTURCTlJHdDNURlZGTVZGcWEzUk9hMHBDVFdwU1JWSlVWWGxOYW1zeVRWUmpNMDU2YTNwTmFsRXdUWGM5UFE9PQ==,D:\github\exoneracoes_nomeacoes_dou\LAKE\RJ\2022\12\DOERJ_PARTE_I_PODER_EXECUTIVO_2022-12-15.md
RJ,Diario Oficial do Estado do Rio de Janeiro,2022-12-15,Parte I (Poder Executivo),nomeacao,GUSTAVO REZENDE FERREIRA,5098218-4,,,,sim,GUSTAVO:MISC|REZENDE FERREIRA:MISC|Gustavo Rezende Ferreira:PER,sim,,da Fundação Centro Estadual de Estatística,"NOMEAR GUSTAVO REZENDE FERREIRA , ID FUNCIONAL N° 5098218-4, para exercer, com validade a contar de 01 de outubro de 2022, o cargo em comissão de Assistente II, símbolo DAI-6, da Fundação Centro Estadual de Estatística, Pesquisas e Formação de Servidores Públicos do Estado do Rio de Janeiro - CEPERJ, da",https://www.ioerj.com.br/portal/modules/conteudoonline/mostra_edicao.php?session=VG5wck1FMXFiRUpPVkVsMFRucEJNbEZwTURCTlJHdDNURlZGTVZGcWEzUk9hMHBDVFdwU1JWSlVWWGxOYW1zeVRWUmpNMDU2YTNwTmFsRXdUWGM5UFE9PQ==,D:\github\exoneracoes_nomeacoes_dou\LAKE\RJ\2022\12\DOERJ_PARTE_I_PODER_EXECUTIVO_2022-12-15.md
RJ,Diario Oficial do Estado do Rio de Janeiro,2022-12-15,Parte I (Poder Executivo),exoneracao,LUIZA GOMES DA SILVEIRA PINHEIRO,5125010-1,,,,sim,LUIZA GOMES:MISC|SILVEIRA PINHEIRO:MISC|Luiza Gomes Da Silveira Pinheiro:PER,sim,do cargo em comissão de Assistente II,da Fundação Centro Estadual de Estatística,"EXONERAR a pedido e com validade a contar de 01 de outubro de 2022, LUIZA GOMES DA SILVEIRA PINHEIRO , ID FUNCIONAL Nº. 5125010-1, do cargo em comissão de Assistente II, símbolo DAI-6, da Fundação Centro Estadual de Estatística, Pesquisas e Formação de Servidores Públicos do Estado do Rio de Janeiro - CEPERJ, da",https://www.ioerj.com.br/portal/modules/conteudoonline/mostra_edicao.php?session=VG5wck1FMXFiRUpPVkVsMFRucEJNbEZwTURCTlJHdDNURlZGTVZGcWEzUk9hMHBDVFdwU1JWSlVWWGxOYW1zeVRWUmpNMDU2YTNwTmFsRXdUWGM5UFE9PQ==,D:\github\exoneracoes_nomeacoes_dou\LAKE\RJ\2022\12\DOERJ_PARTE_I_PODER_EXECUTIVO_2022-12-15.md
RJ,Diario Oficial do Estado do Rio de Janeiro,2022-12-15,Parte I (Poder Executivo),nomeacao,ANNA CAROLINA,,,,,sim,ANNA CAROLINA:ORG|Anna Carolina:PER,sim,,da Fundação Centro Estadual de Estatística,"NOMEAR ANNA CAROLINA DA FONTE LOBO , para exercer, com validade a contar de 01 de outubro de 2022, o cargo em comissão de Secretário I, símbolo DAI-4, da Fundação Centro Estadual de Estatística, Pesquisas e Formação de Servidores Públicos do Estado do Rio de Janeiro - CEPERJ, da",https://www.ioerj.com.br/portal/modules/conteudoonline/mostra_edicao.php?session=VG5wck1FMXFiRUpPVkVsMFRucEJNbEZwTURCTlJHdDNURlZGTVZGcWEzUk9hMHBDVFdwU1JWSlVWWGxOYW1zeVRWUmpNMDU2YTNwTmFsRXdUWGM5UFE9PQ==,D:\github\exoneracoes_nomeacoes_dou\LAKE\RJ\2022\12\DOERJ_PARTE_I_PODER_EXECUTIVO_2022-12-15.md
RJ,Diario Oficial do Estado do Rio de Janeiro,2022-12-15,Parte I (Poder Executivo),nomeacao,THALLYTA ACCIOLY SOUZA,,,,,sim,Thallyta Accioly Souza:PER,sim,,da Fundação Centro Estadual de Estatística,"NOMEAR THALLYTA ACCIOLY SOUZA DO NASCIMENTO , para exercer, com validade a contar de 01 de outubro de 2022, o cargo em comissão de Secretário I, símbolo DAI-4, da Fundação Centro Estadual de Estatística, Pesquisas e Formação de Servidores Públicos do Estado do Rio de Janeiro - CEPERJ, da",https://www.ioerj.com.br/portal/modules/conteudoonline/mostra_edicao.php?session=VG5wck1FMXFiRUpPVkVsMFRucEJNbEZwTURCTlJHdDNURlZGTVZGcWEzUk9hMHBDVFdwU1JWSlVWWGxOYW1zeVRWUmpNMDU2YTNwTmFsRXdUWGM5UFE9PQ==,D:\github\exoneracoes_nomeacoes_dou\LAKE\RJ\2022\12\DOERJ_PARTE_I_PODER_EXECUTIVO_2022-12-15.md
RJ,Diario Oficial do Estado do Rio de Janeiro,2022-12-15,Parte I (Poder Executivo),exoneracao,CAIO VITOR THOMAZ RAMOS,51121832,,,,sim,CAIO VITOR THOMAZ RAMOS:PER,sim,do cargo em comissão de Secretário I,da Fundação Centro Estadual de Estatística,"EXONERAR a pedido e com validade a contar de 01 de outubro de 2022, CAIO VITOR THOMAZ RAMOS , ID FUNCIONAL Nº. 51121832, do cargo em comissão de Secretário I, símbolo DAI-4, da Fundação Centro Estadual de Estatística, Pesquisas e Formação de Servidores Públicos do Estado do Rio de Janeiro - CEPERJ, da",https://www.ioerj.com.br/portal/modules/conteudoonline/mostra_edicao.php?session=VG5wck1FMXFiRUpPVkVsMFRucEJNbEZwTURCTlJHdDNURlZGTVZGcWEzUk9hMHBDVFdwU1JWSlVWWGxOYW1zeVRWUmpNMDU2YTNwTmFsRXdUWGM5UFE9PQ==,D:\github\exoneracoes_nomeacoes_dou\LAKE\RJ\2022\12\DOERJ_PARTE_I_PODER_EXECUTIVO_2022-12-15.md
RJ,Diario Oficial do Estado do Rio de Janeiro,2022-12-15,Parte I (Poder Executivo),nomeacao,MAX GOMES,,,,,sim,MAX GOMES:MISC|Max Gomes:PER,sim,,da Fundação Centro Estadual de Estatística,"NOMEAR MAX GOMES DA CUNHA FILHO , para exercer, com validade a contar de 01 de outubro de 2022, o cargo em comissão de Secretário I, símbolo DAI-4, da Fundação Centro Estadual de Estatística, Pesquisas e Formação de Servidores Públicos do Estado do Rio de Janeiro - CEPERJ, da",https://www.ioerj.com.br/portal/modules/conteudoonline/mostra_edicao.php?session=VG5wck1FMXFiRUpPVkVsMFRucEJNbEZwTURCTlJHdDNURlZGTVZGcWEzUk9hMHBDVFdwU1JWSlVWWGxOYW1zeVRWUmpNMDU2YTNwTmFsRXdUWGM5UFE9PQ==,D:\github\exoneracoes_nomeacoes_dou\LAKE\RJ\2022\12\DOERJ_PARTE_I_PODER_EXECUTIVO_2022-12-15.md
RJ,Diario Oficial do Estado do Rio de Janeiro,2022-12-15,Parte I (Poder Executivo),nomeacao,PAULA MENDONÇA FONTES,5098750-0,,,,sim,PAULA:LOC|MENDONÇA FONTES:PER,sim,,da Fundação Centro Estadual de Estatística,"NOMEAR PAULA MENDONÇA FONTES , ID FUNCIONAL N° 5098750-0, para exercer, com validade a contar de 01 de outubro de 2022, o cargo em comissão de Secretário I, símbolo DAI-4, da Fundação Centro Estadual de Estatística, Pesquisas e Formação de Servidores Públicos do Estado do Rio de Janeiro - CEPERJ, da",https://www.ioerj.com.br/portal/modules/conteudoonline/mostra_edicao.php?session=VG5wck1FMXFiRUpPVkVsMFRucEJNbEZwTURCTlJHdDNURlZGTVZGcWEzUk9hMHBDVFdwU1JWSlVWWGxOYW1zeVRWUmpNMDU2YTNwTmFsRXdUWGM5UFE9PQ==,D:\github\exoneracoes_nomeacoes_dou\LAKE\RJ\2022\12\DOERJ_PARTE_I_PODER_EXECUTIVO_2022-12-15.md
RJ,Diario Oficial do Estado do Rio de Janeiro,2022-12-15,Parte I (Poder Executivo),nomeacao,VINICIUS PIMENTA GIMENEZ,,,,,sim,VINICIUS PIMENTA GIMENEZ:PER,sim,,da Subsecretaria de Tecnologia da Informação e Comunicação,"NOMEAR VINICIUS PIMENTA GIMENEZ para exercer, com validade a contar de 12 de dezembro de 2022, o cargo em comissão de Assistente II, símbolo DAI-6, da Subsecretaria de Tecnologia da Informação e Comunicação, da",https://www.ioerj.com.br/portal/modules/conteudoonline/mostra_edicao.php?session=VG5wck1FMXFiRUpPVkVsMFRucEJNbEZwTURCTlJHdDNURlZGTVZGcWEzUk9hMHBDVFdwU1JWSlVWWGxOYW1zeVRWUmpNMDU2YTNwTmFsRXdUWGM5UFE9PQ==,D:\github\exoneracoes_nomeacoes_dou\LAKE\RJ\2022\12\DOERJ_PARTE_I_PODER_EXECUTIVO_2022-12-15.md
RJ,Diario Oficial do Estado do Rio de Janeiro,2022-12-15,Parte I (Poder Executivo),exoneracao,DARLY GONÇALVES,5119481-3,,,,sim,DARLY GONÇALVES:MISC|Darly Gonçalves:PER,sim,do cargo em comissão de Assistente II,da Subsecretaria de Tecnologia da Informação e Comunicação,"EXONERAR com validade a contar de 12 de dezembro de 2022, DARLY GONÇALVES , ID FUNCIONAL Nº 5119481-3, do cargo em comissão de Assistente II, símbolo DAI-6, da Subsecretaria de Tecnologia da Informação e Comunicação, da",https://www.ioerj.com.br/portal/modules/conteudoonline/mostra_edicao.php?session=VG5wck1FMXFiRUpPVkVsMFRucEJNbEZwTURCTlJHdDNURlZGTVZGcWEzUk9hMHBDVFdwU1JWSlVWWGxOYW1zeVRWUmpNMDU2YTNwTmFsRXdUWGM5UFE9PQ==,D:\github\exoneracoes_nomeacoes_dou\LAKE\RJ\2022\12\DOERJ_PARTE_I_PODER_EXECUTIVO_2022-12-15.md
RJ,Diario Oficial do Estado do Rio de Janeiro,2022-12-15,Parte I (Poder Executivo),exoneracao,MIZAEL SILVA,,,,,sim,MIZAEL SILVA:PER,sim,do cargo em comissão de Assistente II,da Subsecretaria de Tecnologia da Informação e Comunicação,"EXONERAR MIZAEL SILVA DO NASCIMENTO , Identidade Funcional nº 5119485-6, do cargo em comissão de Assistente II, símbolo DAI-6, da Subsecretaria de Tecnologia da Informação e Comunicação, da",https://www.ioerj.com.br/portal/modules/conteudoonline/mostra_edicao.php?session=VG5wck1FMXFiRUpPVkVsMFRucEJNbEZwTURCTlJHdDNURlZGTVZGcWEzUk9hMHBDVFdwU1JWSlVWWGxOYW1zeVRWUmpNMDU2YTNwTmFsRXdUWGM5UFE9PQ==,D:\github\exoneracoes_nomeacoes_dou\LAKE\RJ\2022\12\DOERJ_PARTE_I_PODER_EXECUTIVO_2022-12-15.md
RJ,Diario Oficial do Estado do Rio de Janeiro,2022-12-15,Parte I (Poder Executivo),nomeacao,RONALDO CORDEIRO,5072735-4,,,,sim,RONALDO CORDEIRO:MISC|Ronaldo Cordeiro:PER,sim,,da Subsecretaria de Tecnologia da Informação e Comunicação,"NOMEAR RONALDO CORDEIRO , ID FUNCIONAL Nº 5072735-4, pa- <!-- image --> DO ESTADO DO RIO DE JANEIRO ra exercer, com validade a contar de 12 de dezembro de 2022, o cargo em comissão de Assistente II, símbolo DAI-6, da Subsecretaria de Tecnologia da Informação e Comunicação, da",https://www.ioerj.com.br/portal/modules/conteudoonline/mostra_edicao.php?session=VG5wck1FMXFiRUpPVkVsMFRucEJNbEZwTURCTlJHdDNURlZGTVZGcWEzUk9hMHBDVFdwU1JWSlVWWGxOYW1zeVRWUmpNMDU2YTNwTmFsRXdUWGM5UFE9PQ==,D:\github\exoneracoes_nomeacoes_dou\LAKE\RJ\2022\12\DOERJ_PARTE_I_PODER_EXECUTIVO_2022-12-15.md
RJ,Diario Oficial do Estado do Rio de Janeiro,2022-12-15,Parte I (Poder Executivo),nomeacao,FERNANDA ROSA CARVALHO COSTA WAJSENZON,4417087-4,,,,sim,FERNANDA ROSA CARVALHO COSTA WAJSENZON:PER,sim,,da Superintendência de Benefícios Fiscais Tributários de ICMS,"NOMEAR FERNANDA ROSA CARVALHO COSTA WAJSENZON , ID FUNCIONAL Nº 4417087-4, Auditor Fiscal da Receita Estadual 2ª Categoria, para exercer, com validade a contar de 25 de julho de 2022, o cargo em comissão de Coordenador, símbolo DAS-8, da Coordenadoria de Controle de Benefícios Fiscais Tributários de ICMS, da Superintendência de Benefícios Fiscais Tributários de ICMS, da Subsecretaria de Estado de Receita, da",https://www.ioerj.com.br/portal/modules/conteudoonline/mostra_edicao.php?session=VG5wck1FMXFiRUpPVkVsMFRucEJNbEZwTURCTlJHdDNURlZGTVZGcWEzUk9hMHBDVFdwU1JWSlVWWGxOYW1zeVRWUmpNMDU2YTNwTmFsRXdUWGM5UFE9PQ==,D:\github\exoneracoes_nomeacoes_dou\LAKE\RJ\2022\12\DOERJ_PARTE_I_PODER_EXECUTIVO_2022-12-15.md
RJ,Diario Oficial do Estado do Rio de Janeiro,2022-12-15,Parte I (Poder Executivo),exoneracao,HERSON DA SILVA SOUZA,5102265-6,,,,sim,HERSON DA SILVA SOUZA:PER,sim,do cargo em comissão de Assistente II,,"EXONERAR com validade a contar de 12 de dezembro de 2022, HERSON DA SILVA SOUZA , ID FUNCIONAL Nº 5102265-6, do cargo em comissão de Assistente II, símbolo DAI-6, da",https://www.ioerj.com.br/portal/modules/conteudoonline/mostra_edicao.php?session=VG5wck1FMXFiRUpPVkVsMFRucEJNbEZwTURCTlJHdDNURlZGTVZGcWEzUk9hMHBDVFdwU1JWSlVWWGxOYW1zeVRWUmpNMDU2YTNwTmFsRXdUWGM5UFE9PQ==,D:\github\exoneracoes_nomeacoes_dou\LAKE\RJ\2022\12\DOERJ_PARTE_I_PODER_EXECUTIVO_2022-12-15.md
RJ,Diario Oficial do Estado do Rio de Janeiro,2022-12-15,Parte I (Poder Executivo),exoneracao,GABRIEL GONÇALVES LOBO DA SILVA,5093946-7,,,,sim,GABRIEL GONÇALVES LOBO DA SILVA:PER,sim,do cargo em comissão de Coordenador,do Gabinete do Secretário,"EXONERAR com validade a contar de 01 de dezembro de 2022, GABRIEL GONÇALVES LOBO DA SILVA , ID FUNCIONAL Nº 5093946-7, do cargo em comissão de Coordenador, símbolo DAS-8, da Coordenação Técnica de Comunicação Interna, da Assessoria de Comunicação Social e Visual, do Gabinete do Secretário, da",https://www.ioerj.com.br/portal/modules/conteudoonline/mostra_edicao.php?session=VG5wck1FMXFiRUpPVkVsMFRucEJNbEZwTURCTlJHdDNURlZGTVZGcWEzUk9hMHBDVFdwU1JWSlVWWGxOYW1zeVRWUmpNMDU2YTNwTmFsRXdUWGM5UFE9PQ==,D:\github\exoneracoes_nomeacoes_dou\LAKE\RJ\2022\12\DOERJ_PARTE_I_PODER_EXECUTIVO_2022-12-15.md
RJ,Diario Oficial do Estado do Rio de Janeiro,2022-12-15,Parte I (Poder Executivo),exoneracao,VA LERIA RODRIGUES PINHEIRO BEZERRA,5123702-4,,,,sim,VA LERIA RODRIGUES PINHEIRO BEZERRA:PER,sim,do cargo em comissão de Assessor,do Gabinete do Secretário,"EXONERAR com validade a contar de 01 de dezembro de 2022, VA LERIA RODRIGUES PINHEIRO BEZERRA , ID FUNCIONAL Nº 5123702-4, do cargo em comissão de Assessor, símbolo DAS-6, do Gabinete do Secretário, da",https://www.ioerj.com.br/portal/modules/conteudoonline/mostra_edicao.php?session=VG5wck1FMXFiRUpPVkVsMFRucEJNbEZwTURCTlJHdDNURlZGTVZGcWEzUk9hMHBDVFdwU1JWSlVWWGxOYW1zeVRWUmpNMDU2YTNwTmFsRXdUWGM5UFE9PQ==,D:\github\exoneracoes_nomeacoes_dou\LAKE\RJ\2022\12\DOERJ_PARTE_I_PODER_EXECUTIVO_2022-12-15.md
RJ,Diario Oficial do Estado do Rio de Janeiro,2022-12-15,Parte I (Poder Executivo),exoneracao,CLEIDE JANE CORDEIRO MARTINS,5123830-6,,,,sim,CLEIDE JANE CORDEIRO MARTINS:MISC|Cleide Jane Cordeiro Martins:PER,sim,do cargo em comissão de Assessor,,"EXONERAR com validade a contar de 07 de dezembro de 2022, CLEIDE JANE CORDEIRO MARTINS , ID FUNCIONAL Nº 5123830-6, do cargo em comissão de Assessor, símbolo DAS-6, da",https://www.ioerj.com.br/portal/modules/conteudoonline/mostra_edicao.php?session=VG5wck1FMXFiRUpPVkVsMFRucEJNbEZwTURCTlJHdDNURlZGTVZGcWEzUk9hMHBDVFdwU1JWSlVWWGxOYW1zeVRWUmpNMDU2YTNwTmFsRXdUWGM5UFE9PQ==,D:\github\exoneracoes_nomeacoes_dou\LAKE\RJ\2022\12\DOERJ_PARTE_I_PODER_EXECUTIVO_2022-12-15.md
RJ,Diario Oficial do Estado do Rio de Janeiro,2022-12-15,Parte I (Poder Executivo),nomeacao,MICHELLI SOARES DA SILVA QUINTANILHA,,,,,sim,QUINTANILHA:ORG|Michelli Soares:PER,sim,,do Gabinete do Secretário,"NOMEAR MICHELLI SOARES DA SILVA QUINTANILHA para exercer, o cargo em comissão de Assessor, símbolo DAS-6, do Gabinete do Secretário, da",https://www.ioerj.com.br/portal/modules/conteudoonline/mostra_edicao.php?session=VG5wck1FMXFiRUpPVkVsMFRucEJNbEZwTURCTlJHdDNURlZGTVZGcWEzUk9hMHBDVFdwU1JWSlVWWGxOYW1zeVRWUmpNMDU2YTNwTmFsRXdUWGM5UFE9PQ==,D:\github\exoneracoes_nomeacoes_dou\LAKE\RJ\2022\12\DOERJ_PARTE_I_PODER_EXECUTIVO_2022-12-15.md
RJ,Diario Oficial do Estado do Rio de Janeiro,2022-12-15,Parte I (Poder Executivo),nomeacao,LEONAN ROCHA MACHADO,,,,,sim,LEONAN ROCHA MACHADO:MISC|Leonan Rocha Machado:PER,sim,,do Gabinete do Secretário,"NOMEAR LEONAN ROCHA MACHADO para exercer, o cargo em comissão de Assessor, símbolo DAS-6, do Gabinete do Secretário, da",https://www.ioerj.com.br/portal/modules/conteudoonline/mostra_edicao.php?session=VG5wck1FMXFiRUpPVkVsMFRucEJNbEZwTURCTlJHdDNURlZGTVZGcWEzUk9hMHBDVFdwU1JWSlVWWGxOYW1zeVRWUmpNMDU2YTNwTmFsRXdUWGM5UFE9PQ==,D:\github\exoneracoes_nomeacoes_dou\LAKE\RJ\2022\12\DOERJ_PARTE_I_PODER_EXECUTIVO_2022-12-15.md
RJ,Diario Oficial do Estado do Rio de Janeiro,2022-12-15,Parte I (Poder Executivo),nomeacao,MONICA DA SILVA SANTOS,12074543,,,,sim,MONICA:MISC|Monica Da Silva Santos:PER,sim,para exercer o cargo em comissão de Assistente,do Gabinete do Secretário,"NOMEAR MONICA DA SILVA SANTOS , ID FUNCIONAL Nº 12074543, para exercer o cargo em comissão de Assistente, símbolo DAS-6, do Gabinete do Secretário, da",https://www.ioerj.com.br/portal/modules/conteudoonline/mostra_edicao.php?session=VG5wck1FMXFiRUpPVkVsMFRucEJNbEZwTURCTlJHdDNURlZGTVZGcWEzUk9hMHBDVFdwU1JWSlVWWGxOYW1zeVRWUmpNMDU2YTNwTmFsRXdUWGM5UFE9PQ==,D:\github\exoneracoes_nomeacoes_dou\LAKE\RJ\2022\12\DOERJ_PARTE_I_PODER_EXECUTIVO_2022-12-15.md
RJ,Diario Oficial do Estado do Rio de Janeiro,2022-12-15,Parte I (Poder Executivo),nomeacao,NICE SANTOS DE CARVALHO,5098729-1,,,,sim,NICE SANTOS:PER,sim,para exercer o cargo em comissão de Assistente,do Gabinete do Secretário,"NOMEAR NICE SANTOS DE CARVALHO , ID FUNCIONAL N° 5098729-1, para exercer o cargo em comissão de Assistente, símbolo DAS-6, do Gabinete do Secretário, da",https://www.ioerj.com.br/portal/modules/conteudoonline/mostra_edicao.php?session=VG5wck1FMXFiRUpPVkVsMFRucEJNbEZwTURCTlJHdDNURlZGTVZGcWEzUk9hMHBDVFdwU1JWSlVWWGxOYW1zeVRWUmpNMDU2YTNwTmFsRXdUWGM5UFE9PQ==,D:\github\exoneracoes_nomeacoes_dou\LAKE\RJ\2022\12\DOERJ_PARTE_I_PODER_EXECUTIVO_2022-12-15.md
RJ,Diario Oficial do Estado do Rio de Janeiro,2022-12-15,Parte I (Poder Executivo),nomeacao,WALKIRIA DA SILVA GENTIL DE AZEVEDO,,,,,sim,WALKIRIA DA SILVA:MISC|Walkiria Da Silva:PER,sim,,do Gabinete do Secretário,"NOMEAR WALKIRIA DA SILVA GENTIL DE AZEVEDO para exercer, o cargo em comissão de Assessor, símbolo DAS-6, do Gabinete do Secretário, da",https://www.ioerj.com.br/portal/modules/conteudoonline/mostra_edicao.php?session=VG5wck1FMXFiRUpPVkVsMFRucEJNbEZwTURCTlJHdDNURlZGTVZGcWEzUk9hMHBDVFdwU1JWSlVWWGxOYW1zeVRWUmpNMDU2YTNwTmFsRXdUWGM5UFE9PQ==,D:\github\exoneracoes_nomeacoes_dou\LAKE\RJ\2022\12\DOERJ_PARTE_I_PODER_EXECUTIVO_2022-12-15.md
RJ,Diario Oficial do Estado do Rio de Janeiro,2022-12-15,Parte I (Poder Executivo),nomeacao,ALEX SANTOS DE AZEVEDO,,,,,sim,ALEX SANTOS:MISC|Alex Santos De Azevedo:PER,sim,,do Gabinete do Secretário,"NOMEAR ALEX SANTOS DE AZEVEDO para exercer, com validade a contar de 01 de dezembro de 2022, o cargo em comissão de Assistente II, símbolo DAI-6, do Gabinete do Secretário, da",https://www.ioerj.com.br/portal/modules/conteudoonline/mostra_edicao.php?session=VG5wck1FMXFiRUpPVkVsMFRucEJNbEZwTURCTlJHdDNURlZGTVZGcWEzUk9hMHBDVFdwU1JWSlVWWGxOYW1zeVRWUmpNMDU2YTNwTmFsRXdUWGM5UFE9PQ==,D:\github\exoneracoes_nomeacoes_dou\LAKE\RJ\2022\12\DOERJ_PARTE_I_PODER_EXECUTIVO_2022-12-15.md
RJ,Diario Oficial do Estado do Rio de Janeiro,2022-12-15,Parte I (Poder Executivo),exoneracao,ISADORA DOS SANTOS SOUZA RAMIRO,4371700-4,,,,sim,ISADORA DOS SANTOS:MISC|RAMIRO:ORG|Isadora Dos Santos Souza Ramiro:PER,sim,do cargo em comissão de Assistente II,do Gabinete do Secretário,"EXONERAR com validade a contar de 07 de dezembro de 2022, ISADORA DOS SANTOS SOUZA RAMIRO , ID FUNCIONAL N°4371700-4, do cargo em comissão de Assistente II, símbolo DAI-6, do Gabinete do Secretário, da",https://www.ioerj.com.br/portal/modules/conteudoonline/mostra_edicao.php?session=VG5wck1FMXFiRUpPVkVsMFRucEJNbEZwTURCTlJHdDNURlZGTVZGcWEzUk9hMHBDVFdwU1JWSlVWWGxOYW1zeVRWUmpNMDU2YTNwTmFsRXdUWGM5UFE9PQ==,D:\github\exoneracoes_nomeacoes_dou\LAKE\RJ\2022\12\DOERJ_PARTE_I_PODER_EXECUTIVO_2022-12-15.md
RJ,Diario Oficial do Estado do Rio de Janeiro,2022-12-15,Parte I (Poder Executivo),nomeacao,CAROLYN DIAS DA SILVA,,,,,sim,CAROLYN DIAS DA SILVA:PER,sim,,do Gabinete do Secretário,"NOMEAR CAROLYN DIAS DA SILVA para exercer, o cargo em comissão de Assistente II, símbolo DAI-6, do Gabinete do Secretário, da",https://www.ioerj.com.br/portal/modules/conteudoonline/mostra_edicao.php?session=VG5wck1FMXFiRUpPVkVsMFRucEJNbEZwTURCTlJHdDNURlZGTVZGcWEzUk9hMHBDVFdwU1JWSlVWWGxOYW1zeVRWUmpNMDU2YTNwTmFsRXdUWGM5UFE9PQ==,D:\github\exoneracoes_nomeacoes_dou\LAKE\RJ\2022\12\DOERJ_PARTE_I_PODER_EXECUTIVO_2022-12-15.md
RJ,Diario Oficial do Estado do Rio de Janeiro,2022-12-15,Parte I (Poder Executivo),nomeacao,LEANDRO EUFRASIO FERREIRA,,,,,sim,LEANDRO:MISC|FERREIRA:ORG|Leandro Eufrasio Ferreira:PER,sim,,,"NOMEAR LEANDRO EUFRASIO FERREIRA para exercer, o cargo em comissão de Ajudante II, símbolo DAI-2, da",https://www.ioerj.com.br/portal/modules/conteudoonline/mostra_edicao.php?session=VG5wck1FMXFiRUpPVkVsMFRucEJNbEZwTURCTlJHdDNURlZGTVZGcWEzUk9hMHBDVFdwU1JWSlVWWGxOYW1zeVRWUmpNMDU2YTNwTmFsRXdUWGM5UFE9PQ==,D:\github\exoneracoes_nomeacoes_dou\LAKE\RJ\2022\12\DOERJ_PARTE_I_PODER_EXECUTIVO_2022-12-15.md
RJ,Diario Oficial do Estado do Rio de Janeiro,2022-12-15,Parte I (Poder Executivo),nomeacao,VINICIUS MAGNO CARVALHO SODRE DE SOUZA,5014046-9,,,,sim,VINICIUS MAGNO:PER,sim,,da Subsecretaria de Gestão Administrativa,"NOMEAR VINICIUS MAGNO CARVALHO SODRE DE SOUZA , ID FUNCIONAL Nº 5014046-9, para exercer, com validade a contar de 01 de dezembro de 2022, o cargo em comissão de Assistente II, símbolo DAI-6, da Coordenadoria de Administração Predial e Logística, da Subsecretaria de Gestão Administrativa, da",https://www.ioerj.com.br/portal/modules/conteudoonline/mostra_edicao.php?session=VG5wck1FMXFiRUpPVkVsMFRucEJNbEZwTURCTlJHdDNURlZGTVZGcWEzUk9hMHBDVFdwU1JWSlVWWGxOYW1zeVRWUmpNMDU2YTNwTmFsRXdUWGM5UFE9PQ==,D:\github\exoneracoes_nomeacoes_dou\LAKE\RJ\2022\12\DOERJ_PARTE_I_PODER_EXECUTIVO_2022-12-15.md
RJ,Diario Oficial do Estado do Rio de Janeiro,2022-12-15,Parte I (Poder Executivo),exoneracao,REJANE DA COSTA ANTONIO,5003180-5,,,,sim,REJANE DA COSTA ANTONIO:MISC|Rejane Da Costa Antonio:PER,sim,do cargo em comissão de Diretor,do Departamento Geral de Ações Socioeducativas - DEGASE,"EXONERAR com validade a contar de 02 de dezembro de 2022, REJANE DA COSTA ANTONIO , ID FUNCIONAL N° 5003180-5, do cargo em comissão de Diretor, símbolo DAS-6, do Departamento Geral de Ações Socioeducativas - DEGASE, da",https://www.ioerj.com.br/portal/modules/conteudoonline/mostra_edicao.php?session=VG5wck1FMXFiRUpPVkVsMFRucEJNbEZwTURCTlJHdDNURlZGTVZGcWEzUk9hMHBDVFdwU1JWSlVWWGxOYW1zeVRWUmpNMDU2YTNwTmFsRXdUWGM5UFE9PQ==,D:\github\exoneracoes_nomeacoes_dou\LAKE\RJ\2022\12\DOERJ_PARTE_I_PODER_EXECUTIVO_2022-12-15.md
RJ,Diario Oficial do Estado do Rio de Janeiro,2022-12-15,Parte I (Poder Executivo),nomeacao,CLAUDIA MARIA DOS SANTOS RIBEIRO,5136872-2,,,,sim,MARIA DOS SANTOS RIBEIRO:MISC|Claudia Maria Dos Santos Ribeiro:PER,sim,,do Departamento Geral de Ações Socioeducativas - DEGASE,"NOMEAR CLAUDIA MARIA DOS SANTOS RIBEIRO ID Funcional nº 5136872-2, para exercer, com validade a contar de 02 de dezembro de 2022, o cargo em comissão de Diretor, símbolo DAS-6, do Departamento Geral de Ações Socioeducativas - DEGASE, da",https://www.ioerj.com.br/portal/modules/conteudoonline/mostra_edicao.php?session=VG5wck1FMXFiRUpPVkVsMFRucEJNbEZwTURCTlJHdDNURlZGTVZGcWEzUk9hMHBDVFdwU1JWSlVWWGxOYW1zeVRWUmpNMDU2YTNwTmFsRXdUWGM5UFE9PQ==,D:\github\exoneracoes_nomeacoes_dou\LAKE\RJ\2022\12\DOERJ_PARTE_I_PODER_EXECUTIVO_2022-12-15.md
RJ,Diario Oficial do Estado do Rio de Janeiro,2022-12-15,Parte I (Poder Executivo),nomeacao,REJANE DA COSTA ANTONIO,5003180-5,,,,sim,REJANE DA COSTA ANTONIO:MISC|Rejane Da Costa Antonio:PER,sim,,do Departamento Geral de Ações Socioeducativas - DEGASE,"NOMEAR REJANE DA COSTA ANTONIO , ID FUNCIONAL N° 5003180-5, para exercer, com validade a contar de 02 de dezembro de 2022, o cargo em comissão de Diretor Adjunto, símbolo DAS-6, do Departamento Geral de Ações Socioeducativas - DEGASE, da",https://www.ioerj.com.br/portal/modules/conteudoonline/mostra_edicao.php?session=VG5wck1FMXFiRUpPVkVsMFRucEJNbEZwTURCTlJHdDNURlZGTVZGcWEzUk9hMHBDVFdwU1JWSlVWWGxOYW1zeVRWUmpNMDU2YTNwTmFsRXdUWGM5UFE9PQ==,D:\github\exoneracoes_nomeacoes_dou\LAKE\RJ\2022\12\DOERJ_PARTE_I_PODER_EXECUTIVO_2022-12-15.md
RJ,Diario Oficial do Estado do Rio de Janeiro,2022-12-15,Parte I (Poder Executivo),exoneracao,CLAUDIA MARIA DOS SANTOS RIBEIRO,51368722,,,,sim,MARIA DOS SANTOS RIBEIRO:MISC|Claudia Maria Dos Santos Ribeiro:PER,sim,do cargo em comissão de Diretor Adjunto,do Departamento Geral de Ações Socioeducativas - DEGASE,"EXONERAR com validade a contar de 02 de dezembro de 2022, CLAUDIA MARIA DOS SANTOS RIBEIRO ID Funcional nº 51368722, do cargo em comissão de Diretor Adjunto, símbolo DAS-6, do Departamento Geral de Ações Socioeducativas - DEGASE, da",https://www.ioerj.com.br/portal/modules/conteudoonline/mostra_edicao.php?session=VG5wck1FMXFiRUpPVkVsMFRucEJNbEZwTURCTlJHdDNURlZGTVZGcWEzUk9hMHBDVFdwU1JWSlVWWGxOYW1zeVRWUmpNMDU2YTNwTmFsRXdUWGM5UFE9PQ==,D:\github\exoneracoes_nomeacoes_dou\LAKE\RJ\2022\12\DOERJ_PARTE_I_PODER_EXECUTIVO_2022-12-15.md
RJ,Diario Oficial do Estado do Rio de Janeiro,2022-12-15,Parte I (Poder Executivo),nomeacao,ROBSON DOS SANTOS ARAÚJO,4253193-4,,,,sim,ROBSON DOS SANTOS:MISC|Robson Dos Santos Araújo:PER,sim,,do Departamento Geral de Ações Socioeducativas -DEGASE,"NOMEAR ROBSON DOS SANTOS ARAÚJO , ID FUNCIONAL N° 4253193-4, para exercer, com validade a contar de 06 de outubro de 2022, o cargo em comissão de Chefe de Setor - Coordenador de Plantão, símbolo DAI-4, do Departamento Geral de Ações Socioeducativas -DEGASE, da",https://www.ioerj.com.br/portal/modules/conteudoonline/mostra_edicao.php?session=VG5wck1FMXFiRUpPVkVsMFRucEJNbEZwTURCTlJHdDNURlZGTVZGcWEzUk9hMHBDVFdwU1JWSlVWWGxOYW1zeVRWUmpNMDU2YTNwTmFsRXdUWGM5UFE9PQ==,D:\github\exoneracoes_nomeacoes_dou\LAKE\RJ\2022\12\DOERJ_PARTE_I_PODER_EXECUTIVO_2022-12-15.md
RJ,Diario Oficial do Estado do Rio de Janeiro,2022-12-15,Parte I (Poder Executivo),nomeacao,LUIS GUSTAVO BOTTO MAIA,,,,,sim,LUIS:ORG|Luis Gustavo Botto Maia:PER,sim,para exercer o cargo em comissão de Assessor,,"NOMEAR LUIS GUSTAVO BOTTO MAIA para exercer o cargo em comissão de Assessor, símbolo DAS-7, da",https://www.ioerj.com.br/portal/modules/conteudoonline/mostra_edicao.php?session=VG5wck1FMXFiRUpPVkVsMFRucEJNbEZwTURCTlJHdDNURlZGTVZGcWEzUk9hMHBDVFdwU1JWSlVWWGxOYW1zeVRWUmpNMDU2YTNwTmFsRXdUWGM5UFE9PQ==,D:\github\exoneracoes_nomeacoes_dou\LAKE\RJ\2022\12\DOERJ_PARTE_I_PODER_EXECUTIVO_2022-12-15.md
RJ,Diario Oficial do Estado do Rio de Janeiro,2022-12-15,Parte I (Poder Executivo),nomeacao,LEANDRO DE CARVALHO ALEM,5097743-1,,,,sim,LEANDRO:MISC|Leandro De Carvalho Alem:PER,sim,,,"NOMEAR LEANDRO DE CARVALHO ALEM , ID FUNCIONAL N° 5097743-1, para exercer, com validade a contar de 01 de dezembro de 2022, o cargo em comissão de Assistente, símbolo DAS-6, da",https://www.ioerj.com.br/portal/modules/conteudoonline/mostra_edicao.php?session=VG5wck1FMXFiRUpPVkVsMFRucEJNbEZwTURCTlJHdDNURlZGTVZGcWEzUk9hMHBDVFdwU1JWSlVWWGxOYW1zeVRWUmpNMDU2YTNwTmFsRXdUWGM5UFE9PQ==,D:\github\exoneracoes_nomeacoes_dou\LAKE\RJ\2022\12\DOERJ_PARTE_I_PODER_EXECUTIVO_2022-12-15.md
RJ,Diario Oficial do Estado do Rio de Janeiro,2022-12-15,Parte I (Poder Executivo),nomeacao,KATIANE FERREIRA ARAÚJO,,,,,sim,KATIANE FERREIRA ARAÚJO:MISC|Katiane Ferreira Araújo:PER,sim,,da Superintendência de Inclusão e Ações Socioesportivas,"NOMEAR KATIANE FERREIRA ARAÚJO para exercer, com validade 7 a contar de 12 de dezembro de 2022, o cargo em comissão de Assistente, símbolo DAI-5, da Superintendência de Inclusão e Ações Socioesportivas, da Subsecretaria de Esporte, Lazer e Juventude, da",https://www.ioerj.com.br/portal/modules/conteudoonline/mostra_edicao.php?session=VG5wck1FMXFiRUpPVkVsMFRucEJNbEZwTURCTlJHdDNURlZGTVZGcWEzUk9hMHBDVFdwU1JWSlVWWGxOYW1zeVRWUmpNMDU2YTNwTmFsRXdUWGM5UFE9PQ==,D:\github\exoneracoes_nomeacoes_dou\LAKE\RJ\2022\12\DOERJ_PARTE_I_PODER_EXECUTIVO_2022-12-15.md
RJ,Diario Oficial do Estado do Rio de Janeiro,2022-12-15,Parte I (Poder Executivo),nomeacao,RAPHAEL LEANDRO VITOR MATEUS,5125171-0,,,,sim,RAPHAEL LEANDRO VITOR MATEUS:ORG|Raphael Leandro Vitor Mateus:PER,sim,,da Subsecretaria de Esporte,"NOMEAR RAPHAEL LEANDRO VITOR MATEUS ID FUNCIONAL Nº 5125171-0, para exercer, com validade a contar de 01 de dezembro de 2022, o cargo em comissão de Assistente, símbolo DAI-5, da Subsecretaria de Esporte, Lazer e Juventude, da",https://www.ioerj.com.br/portal/modules/conteudoonline/mostra_edicao.php?session=VG5wck1FMXFiRUpPVkVsMFRucEJNbEZwTURCTlJHdDNURlZGTVZGcWEzUk9hMHBDVFdwU1JWSlVWWGxOYW1zeVRWUmpNMDU2YTNwTmFsRXdUWGM5UFE9PQ==,D:\github\exoneracoes_nomeacoes_dou\LAKE\RJ\2022\12\DOERJ_PARTE_I_PODER_EXECUTIVO_2022-12-15.md
RJ,Diario Oficial do Estado do Rio de Janeiro,2022-12-15,Parte I (Poder Executivo),exoneracao,KATHLEEN LORRANE ROCHA DA SILVA,51297647,,,,sim,KATHLEEN:LOC|LORRANE ROCHA DA SILVA:MISC|Kathleen Lorrane Rocha Da Silva:PER,sim,do cargo em comissão de Ajudante I,,"EXONERAR com validade a contar de 13 de dezembro de 2022, KATHLEEN LORRANE ROCHA DA SILVA , ID FUNCIONAL Nº 51297647, do cargo em comissão de Ajudante I, símbolo DAI-1, da",https://www.ioerj.com.br/portal/modules/conteudoonline/mostra_edicao.php?session=VG5wck1FMXFiRUpPVkVsMFRucEJNbEZwTURCTlJHdDNURlZGTVZGcWEzUk9hMHBDVFdwU1JWSlVWWGxOYW1zeVRWUmpNMDU2YTNwTmFsRXdUWGM5UFE9PQ==,D:\github\exoneracoes_nomeacoes_dou\LAKE\RJ\2022\12\DOERJ_PARTE_I_PODER_EXECUTIVO_2022-12-15.md
RJ,Diario Oficial do Estado do Rio de Janeiro,2022-12-15,Parte I (Poder Executivo),nomeacao,PATRICK DE ANDRADE LEITE,,,,,sim,PATRICK DE ANDRADE:MISC|Patrick De Andrade Leite:PER,sim,,da Superintendência de Desportos do Estado do Rio de Janeiro - SUDERJ,"NOMEAR PATRICK DE ANDRADE LEITE para exercer, com validade a contar de 01 de novembro de 2022, o cargo em comissão de Ajudante I, símbolo DAI-1, da Superintendência de Desportos do Estado do Rio de Janeiro - SUDERJ, da",https://www.ioerj.com.br/portal/modules/conteudoonline/mostra_edicao.php?session=VG5wck1FMXFiRUpPVkVsMFRucEJNbEZwTURCTlJHdDNURlZGTVZGcWEzUk9hMHBDVFdwU1JWSlVWWGxOYW1zeVRWUmpNMDU2YTNwTmFsRXdUWGM5UFE9PQ==,D:\github\exoneracoes_nomeacoes_dou\LAKE\RJ\2022\12\DOERJ_PARTE_I_PODER_EXECUTIVO_2022-12-15.md
RJ,Diario Oficial do Estado do Rio de Janeiro,2022-12-15,Parte I (Poder Executivo),nomeacao,INCISO VIII,,,,,sim,INCISO VIII:PER,sim,,,"NOMEAR o Psicólogo, a Assistente Social e o Psiquiatra por não contar com estes profissionais na Unidade. Processo nº SEI210058/001347/2022 Id: 2445753 contar de 07 de novembro de 2022, na forma do artigo 19, inciso VIII, do",https://www.ioerj.com.br/portal/modules/conteudoonline/mostra_edicao.php?session=VG5wck1FMXFiRUpPVkVsMFRucEJNbEZwTURCTlJHdDNURlZGTVZGcWEzUk9hMHBDVFdwU1JWSlVWWGxOYW1zeVRWUmpNMDU2YTNwTmFsRXdUWGM5UFE9PQ==,D:\github\exoneracoes_nomeacoes_dou\LAKE\RJ\2022\12\DOERJ_PARTE_I_PODER_EXECUTIVO_2022-12-15.md
RJ,Diario Oficial do Estado do Rio de Janeiro,2022-12-13,Parte I (Poder Executivo),nomeacao,MAURICIO RODRIGUES FREIRE,4321363-4,,,,sim,MAURICIO RODRIGUES:MISC|Mauricio Rodrigues Freire:PER,sim,,da Subsecretaria de Relações Institucionais,"NOMEAR MAURICIO RODRIGUES FREIRE , ID FUNCIONAL N° 4321363-4, para exercer, com validade a contar de 01 de dezembro de 2022, o cargo em comissão de Ajudante II, símbolo DAI-2, da Subsecretaria de Relações Institucionais, da",https://www.ioerj.com.br/portal/modules/conteudoonline/mostra_edicao.php?session=VVZWRmQxRjZTa2RQUkUxMFRVVlNRazE1TURCTmVscEVURlJuZVU0d1dYUk9hbU13VWtWYVJWSnFhek5QUlZwRlRWUmpNMDU2YTNwTmFtczBUa0U5UFE9PQ==,D:\github\exoneracoes_nomeacoes_dou\LAKE\RJ\2022\12\DOERJ_PARTE_I_PODER_EXECUTIVO_2022-12-13.md
RJ,Diario Oficial do Estado do Rio de Janeiro,2022-12-13,Parte I (Poder Executivo),exoneracao,MAURICIO RODRIGUES FREIRE,4321363-4,,,,sim,MAURICIO RODRIGUES:MISC|Mauricio Rodrigues Freire:PER,sim,do cargo em comissão de Ajudante I,da Superintendência da Operação FOCO,"EXONERAR com validade a contar de 01 de dezembro de 2022, MAURICIO RODRIGUES FREIRE , ID FUNCIONAL N° 4321363-4, do cargo em comissão de Ajudante I, símbolo DAI-1,da Superintendência da Operação FOCO, da Subsecretaria Especial de Controle de Divisas, da",https://www.ioerj.com.br/portal/modules/conteudoonline/mostra_edicao.php?session=VVZWRmQxRjZTa2RQUkUxMFRVVlNRazE1TURCTmVscEVURlJuZVU0d1dYUk9hbU13VWtWYVJWSnFhek5QUlZwRlRWUmpNMDU2YTNwTmFtczBUa0U5UFE9PQ==,D:\github\exoneracoes_nomeacoes_dou\LAKE\RJ\2022\12\DOERJ_PARTE_I_PODER_EXECUTIVO_2022-12-13.md
RJ,Diario Oficial do Estado do Rio de Janeiro,2022-12-13,Parte I (Poder Executivo),nomeacao,PEDRO TUBENCHLAK BOECHAT,,,,,sim,TUBENCHLAK BOECHAT:MISC|Pedro Tubenchlak Boechat:PER,sim,para exercer o cargo em comissão de Ajudante I,da Superintendência da Operação FOCO,"NOMEAR PEDRO TUBENCHLAK BOECHAT para exercer o cargo em comissão de Ajudante I, símbolo DAI-1, da Superintendência da Operação FOCO, da Subsecretaria Especial de Controle de Divisas, da",https://www.ioerj.com.br/portal/modules/conteudoonline/mostra_edicao.php?session=VVZWRmQxRjZTa2RQUkUxMFRVVlNRazE1TURCTmVscEVURlJuZVU0d1dYUk9hbU13VWtWYVJWSnFhek5QUlZwRlRWUmpNMDU2YTNwTmFtczBUa0U5UFE9PQ==,D:\github\exoneracoes_nomeacoes_dou\LAKE\RJ\2022\12\DOERJ_PARTE_I_PODER_EXECUTIVO_2022-12-13.md
RJ,Diario Oficial do Estado do Rio de Janeiro,2022-12-13,Parte I (Poder Executivo),exoneracao,BRUNO BARROS DA SILVA,43753604,,,,sim,Bruno Barros:PER,sim,do cargo em comissão de Coordenador,do Gabinete da Presidência,"EXONERAR BRUNO BARROS DA SILVA , ID FUNCIONAL Nº 43753604, do cargo em comissão de Coordenador, símbolo DAS-8, da Coordenadoria de Estatística e Acidentologia, do Gabinete da Presidência, do Departamento de Trânsito do Estado do Rio de Janeiro DETRAN/RJ, da",https://www.ioerj.com.br/portal/modules/conteudoonline/mostra_edicao.php?session=VVZWRmQxRjZTa2RQUkUxMFRVVlNRazE1TURCTmVscEVURlJuZVU0d1dYUk9hbU13VWtWYVJWSnFhek5QUlZwRlRWUmpNMDU2YTNwTmFtczBUa0U5UFE9PQ==,D:\github\exoneracoes_nomeacoes_dou\LAKE\RJ\2022\12\DOERJ_PARTE_I_PODER_EXECUTIVO_2022-12-13.md
RJ,Diario Oficial do Estado do Rio de Janeiro,2022-12-13,Parte I (Poder Executivo),nomeacao,DANIEL CARVALHO ROQUE,44331240,,,,sim,DANIEL CARVALHO ROQUE:PER,sim,para exercer o cargo em comissão de Coordenador,do Gabinete da Presidência,"NOMEAR DANIEL CARVALHO ROQUE , ID FUNCIONAL Nº 44331240, para exercer o cargo em comissão de Coordenador, símbolo DAS-8, da Coordenadoria de Estatística e Acidentologia, do Gabinete da Presidência, do Departamento de Trânsito do Estado do Rio de Janeiro - DETRAN/RJ, da",https://www.ioerj.com.br/portal/modules/conteudoonline/mostra_edicao.php?session=VVZWRmQxRjZTa2RQUkUxMFRVVlNRazE1TURCTmVscEVURlJuZVU0d1dYUk9hbU13VWtWYVJWSnFhek5QUlZwRlRWUmpNMDU2YTNwTmFtczBUa0U5UFE9PQ==,D:\github\exoneracoes_nomeacoes_dou\LAKE\RJ\2022\12\DOERJ_PARTE_I_PODER_EXECUTIVO_2022-12-13.md
RJ,Diario Oficial do Estado do Rio de Janeiro,2022-12-13,Parte I (Poder Executivo),exoneracao,GEIZA FAUSTINO JOSE,4423105-9,,,,sim,GEIZA FAUSTINO JOSE:MISC|Geiza Faustino Jose:PER,sim,do cargo em comissão de Chefe de Serviço,do Departamento de Trânsito do Estado do Rio de Janeiro - DETRAN/RJ,"EXONERAR a pedido e com validade a contar de 24 de novembro de 2022, GEIZA FAUSTINO JOSE , ID FUNCIONAL Nº 4423105-9, do cargo em comissão de Chefe de Serviço, símbolo DAI-6, do Serviço de Medicina para o Trânsito, da Divisão de Medicina e Psicologia do Trânsito, da Diretoria de Habilitação, do Departamento de Trânsito do Estado do Rio de Janeiro - DETRAN/RJ, da",https://www.ioerj.com.br/portal/modules/conteudoonline/mostra_edicao.php?session=VVZWRmQxRjZTa2RQUkUxMFRVVlNRazE1TURCTmVscEVURlJuZVU0d1dYUk9hbU13VWtWYVJWSnFhek5QUlZwRlRWUmpNMDU2YTNwTmFtczBUa0U5UFE9PQ==,D:\github\exoneracoes_nomeacoes_dou\LAKE\RJ\2022\12\DOERJ_PARTE_I_PODER_EXECUTIVO_2022-12-13.md
RJ,Diario Oficial do Estado do Rio de Janeiro,2022-12-13,Parte I (Poder Executivo),nomeacao,EBER DE OLIVEIRA FARIAS,5029740-6,,,,sim,EBER DE OLIVEIRA FARIAS:MISC|Eber De Oliveira Farias:PER,sim,,do Gabinete da Presidência,"NOMEAR EBER DE OLIVEIRA FARIAS , ID FUNCIONAL Nº 5029740-6, para exercer, com validade a contar de 24 de novembro de 2022, o cargo em comissão de Assistente III, símbolo DAI-5, do Gabinete da Presidência, do Departamento de Trânsito do Estado do Rio de Janeiro - DETRAN/RJ, da",https://www.ioerj.com.br/portal/modules/conteudoonline/mostra_edicao.php?session=VVZWRmQxRjZTa2RQUkUxMFRVVlNRazE1TURCTmVscEVURlJuZVU0d1dYUk9hbU13VWtWYVJWSnFhek5QUlZwRlRWUmpNMDU2YTNwTmFtczBUa0U5UFE9PQ==,D:\github\exoneracoes_nomeacoes_dou\LAKE\RJ\2022\12\DOERJ_PARTE_I_PODER_EXECUTIVO_2022-12-13.md
RJ,Diario Oficial do Estado do Rio de Janeiro,2022-12-13,Parte I (Poder Executivo),exoneracao,FILIPE XAVIER TRINDADE,5029741-4,,,,sim,FILIPE XAVIER TRINDADE:MISC|Filipe Xavier Trindade:PER,sim,do cargo em comissão de Assistente III,do Gabinete da Presidência,"EXONERAR FILIPE XAVIER TRINDADE , ID FUNCIONAL Nº 5029741-4, do cargo em comissão de Assistente III, símbolo DAI-5, do Gabinete da Presidência, do Departamento de Trânsito do Estado do Rio de Janeiro -DETRAN/RJ, da",https://www.ioerj.com.br/portal/modules/conteudoonline/mostra_edicao.php?session=VVZWRmQxRjZTa2RQUkUxMFRVVlNRazE1TURCTmVscEVURlJuZVU0d1dYUk9hbU13VWtWYVJWSnFhek5QUlZwRlRWUmpNMDU2YTNwTmFtczBUa0U5UFE9PQ==,D:\github\exoneracoes_nomeacoes_dou\LAKE\RJ\2022\12\DOERJ_PARTE_I_PODER_EXECUTIVO_2022-12-13.md
RJ,Diario Oficial do Estado do Rio de Janeiro,2022-12-13,Parte I (Poder Executivo),exoneracao,ANTERIORMENTE JORGE LUIZ IMENES DE OLIVEIRA,,,,,sim,ANTERIORMENTE JORGE LUIZ IMENES DE OLIVEIRA:PER,sim,do cargo em comissão de Ajudante I,,"EXONERAR JORGE LUIZ IMENES MARIZ DE OLIVEIRA , ID. FUNCIONAL Nº 51353970 , ANTERIORMENTE JORGE LUIZ IMENES DE OLIVEIRA, do cargo em comissão de Ajudante I, símbolo DAI-1, da",https://www.ioerj.com.br/portal/modules/conteudoonline/mostra_edicao.php?session=VVZWRmQxRjZTa2RQUkUxMFRVVlNRazE1TURCTmVscEVURlJuZVU0d1dYUk9hbU13VWtWYVJWSnFhek5QUlZwRlRWUmpNMDU2YTNwTmFtczBUa0U5UFE9PQ==,D:\github\exoneracoes_nomeacoes_dou\LAKE\RJ\2022\12\DOERJ_PARTE_I_PODER_EXECUTIVO_2022-12-13.md
RJ,Diario Oficial do Estado do Rio de Janeiro,2022-12-13,Parte I (Poder Executivo),nomeacao,ALEXANDRE MARCOS ALVES PEREIRA,569115-0,,,,sim,ALEXANDRE MARCOS ALVES PEREIRA:PER,sim,,da Superintendência de Integração Governamental,"NOMEAR ALEXANDRE MARCOS ALVES PEREIRA , ID FUNCIONAL Nº 569115-0, para exercer, com validade a contar de 01 de dezembro de 2022, o cargo em comissão de Adjunto II, símbolo DAI-2, da Superintendência de Integração Governamental, da Subsecretaria de Governo, da",https://www.ioerj.com.br/portal/modules/conteudoonline/mostra_edicao.php?session=VVZWRmQxRjZTa2RQUkUxMFRVVlNRazE1TURCTmVscEVURlJuZVU0d1dYUk9hbU13VWtWYVJWSnFhek5QUlZwRlRWUmpNMDU2YTNwTmFtczBUa0U5UFE9PQ==,D:\github\exoneracoes_nomeacoes_dou\LAKE\RJ\2022\12\DOERJ_PARTE_I_PODER_EXECUTIVO_2022-12-13.md
RJ,Diario Oficial do Estado do Rio de Janeiro,2022-12-13,Parte I (Poder Executivo),exoneracao,FELIPE FREITAS DOS SANTOS,5088556-1,,,,sim,FELIPE FREITAS DOS SANTOS:MISC|Felipe Freitas Dos Santos:PER,sim,do cargo em comissão de Assistente II,,"EXONERAR a pedido e com validade a contar de 12 de dezembro de 2022, FELIPE FREITAS DOS SANTOS , ID FUNCIONAL N° 5088556-1, do cargo em comissão de Assistente II, símbolo DAI-6, da",https://www.ioerj.com.br/portal/modules/conteudoonline/mostra_edicao.php?session=VVZWRmQxRjZTa2RQUkUxMFRVVlNRazE1TURCTmVscEVURlJuZVU0d1dYUk9hbU13VWtWYVJWSnFhek5QUlZwRlRWUmpNMDU2YTNwTmFtczBUa0U5UFE9PQ==,D:\github\exoneracoes_nomeacoes_dou\LAKE\RJ\2022\12\DOERJ_PARTE_I_PODER_EXECUTIVO_2022-12-13.md
RJ,Diario Oficial do Estado do Rio de Janeiro,2022-12-13,Parte I (Poder Executivo),nomeacao,MARCUS DAVI MORAES MENDES,,,,,sim,MARCUS:ORG|MORAES MENDES:LOC|Marcus Davi Moraes Mendes:PER,sim,,,"NOMEAR MARCUS DAVI MORAES MENDES para exercer, com validade a contar de 12 de dezembro de 2022, o cargo em comissão de Assistente II, símbolo DAI-6, da",https://www.ioerj.com.br/portal/modules/conteudoonline/mostra_edicao.php?session=VVZWRmQxRjZTa2RQUkUxMFRVVlNRazE1TURCTmVscEVURlJuZVU0d1dYUk9hbU13VWtWYVJWSnFhek5QUlZwRlRWUmpNMDU2YTNwTmFtczBUa0U5UFE9PQ==,D:\github\exoneracoes_nomeacoes_dou\LAKE\RJ\2022\12\DOERJ_PARTE_I_PODER_EXECUTIVO_2022-12-13.md
RJ,Diario Oficial do Estado do Rio de Janeiro,2022-12-13,Parte I (Poder Executivo),exoneracao,VA LERIA DE MEDEIROS GUIMARÃES,4328615-1,,,,sim,VA LERIA:PER,sim,do cargo em comissão de Assistente II,do Departamento Geral de Administração e Finanças,"EXONERAR com validade a contar de 10 de dezembro de 2022, VA LERIA DE MEDEIROS GUIMARÃES , ID FUNCIONAL Nº 4328615-1, do cargo em comissão de Assistente II, símbolo DAI-6, do Departamento Geral de Administração e Finanças, da Subsecretaria de Administração, da",https://www.ioerj.com.br/portal/modules/conteudoonline/mostra_edicao.php?session=VVZWRmQxRjZTa2RQUkUxMFRVVlNRazE1TURCTmVscEVURlJuZVU0d1dYUk9hbU13VWtWYVJWSnFhek5QUlZwRlRWUmpNMDU2YTNwTmFtczBUa0U5UFE9PQ==,D:\github\exoneracoes_nomeacoes_dou\LAKE\RJ\2022\12\DOERJ_PARTE_I_PODER_EXECUTIVO_2022-12-13.md
RJ,Diario Oficial do Estado do Rio de Janeiro,2022-12-13,Parte I (Poder Executivo),nomeacao,ANDRE PEREIRA DE SOUSA,6079571,,,,sim,ANDRE PEREIRA:MISC|Andre Pereira De Sousa:PER,sim,,da Subsecretaria de Contabilidade Geral do Estado,"NOMEAR ANDRE PEREIRA DE SOUSA , ID FUNCIONAL N° 6079571, para exercer, com validade a contar de 02 de dezembro de 2022, o cargo em comissão de Assistente, símbolo DAS-6, da Subsecretaria de Contabilidade Geral do Estado, da",https://www.ioerj.com.br/portal/modules/conteudoonline/mostra_edicao.php?session=VVZWRmQxRjZTa2RQUkUxMFRVVlNRazE1TURCTmVscEVURlJuZVU0d1dYUk9hbU13VWtWYVJWSnFhek5QUlZwRlRWUmpNMDU2YTNwTmFtczBUa0U5UFE9PQ==,D:\github\exoneracoes_nomeacoes_dou\LAKE\RJ\2022\12\DOERJ_PARTE_I_PODER_EXECUTIVO_2022-12-13.md
RJ,Diario Oficial do Estado do Rio de Janeiro,2022-12-13,Parte I (Poder Executivo),exoneracao,BERNARDO FEIJO SAMPAIO BERWANGER,4349284-3,,,,sim,FEIJO SAMPAIO BERWANGER:MISC|Bernardo Feijo Sampaio:PER,sim,do cargo em comissão de Assessor,,"EXONERAR com validade a contar de 01 de dezembro de 2022, BERNARDO FEIJO SAMPAIO BERWANGER , ID FUNCIONAL Nº 4349284-3, do cargo em comissão de Assessor, símbolo DAS-8, da Junta Comercial do Estado do Rio de Janeiro - JUCERJA, da",https://www.ioerj.com.br/portal/modules/conteudoonline/mostra_edicao.php?session=VVZWRmQxRjZTa2RQUkUxMFRVVlNRazE1TURCTmVscEVURlJuZVU0d1dYUk9hbU13VWtWYVJWSnFhek5QUlZwRlRWUmpNMDU2YTNwTmFtczBUa0U5UFE9PQ==,D:\github\exoneracoes_nomeacoes_dou\LAKE\RJ\2022\12\DOERJ_PARTE_I_PODER_EXECUTIVO_2022-12-13.md
RJ,Diario Oficial do Estado do Rio de Janeiro,2022-12-13,Parte I (Poder Executivo),nomeacao,EDSON PINHEIRO GOMES JUNIOR,4344973-5,,,,sim,EDSON PINHEIRO GOMES JUNIOR:PER,sim,,,"NOMEAR EDSON PINHEIRO GOMES JUNIOR , ID FUNCIONAL Nº 4344973-5, para exercer, com validade a contar de 01 de dezembro de 2022, o cargo em comissão de Assessor, símbolo DAS-8, da Junta Comercial do Estado do Rio de Janeiro - JUCERJA, da",https://www.ioerj.com.br/portal/modules/conteudoonline/mostra_edicao.php?session=VVZWRmQxRjZTa2RQUkUxMFRVVlNRazE1TURCTmVscEVURlJuZVU0d1dYUk9hbU13VWtWYVJWSnFhek5QUlZwRlRWUmpNMDU2YTNwTmFtczBUa0U5UFE9PQ==,D:\github\exoneracoes_nomeacoes_dou\LAKE\RJ\2022\12\DOERJ_PARTE_I_PODER_EXECUTIVO_2022-12-13.md
RJ,Diario Oficial do Estado do Rio de Janeiro,2022-12-13,Parte I (Poder Executivo),nomeacao,CARLA SIMONE DE FIGUEIREDO GANEM,5125081-0,,,,sim,CARLA:ORG|FIGUEIREDO GANEM:MISC|Carla Simone De Figueiredo Ganem:PER,sim,,,"NOMEAR CARLA SIMONE DE FIGUEIREDO GANEM , ID FUNCIONAL N° 5125081-0, para exercer, com validade a contar de 01 de outubro de 2022, o cargo em comissão de Assessor, símbolo DAS-7, da Junta Comercial do Estado do Rio de Janeiro - JUCERJA, da",https://www.ioerj.com.br/portal/modules/conteudoonline/mostra_edicao.php?session=VVZWRmQxRjZTa2RQUkUxMFRVVlNRazE1TURCTmVscEVURlJuZVU0d1dYUk9hbU13VWtWYVJWSnFhek5QUlZwRlRWUmpNMDU2YTNwTmFtczBUa0U5UFE9PQ==,D:\github\exoneracoes_nomeacoes_dou\LAKE\RJ\2022\12\DOERJ_PARTE_I_PODER_EXECUTIVO_2022-12-13.md
RJ,Diario Oficial do Estado do Rio de Janeiro,2022-12-13,Parte I (Poder Executivo),exoneracao,CARLA SIMONE DE FIGUEIREDO GANEM,51250810,,,,sim,CARLA:ORG|FIGUEIREDO GANEM:MISC|Carla Simone De Figueiredo Ganem:PER,sim,do cargo em comissão de Assistente,,"EXONERAR com validade a contar de 01 de outubro de 2022, CARLA SIMONE DE FIGUEIREDO GANEM , ID FUNCIONAL N° 51250810, do cargo em comissão de Assistente, símbolo DAS-6, da Junta Comercial do Estado do Rio de Janeiro - JUCERJA, da",https://www.ioerj.com.br/portal/modules/conteudoonline/mostra_edicao.php?session=VVZWRmQxRjZTa2RQUkUxMFRVVlNRazE1TURCTmVscEVURlJuZVU0d1dYUk9hbU13VWtWYVJWSnFhek5QUlZwRlRWUmpNMDU2YTNwTmFtczBUa0U5UFE9PQ==,D:\github\exoneracoes_nomeacoes_dou\LAKE\RJ\2022\12\DOERJ_PARTE_I_PODER_EXECUTIVO_2022-12-13.md
RJ,Diario Oficial do Estado do Rio de Janeiro,2022-12-13,Parte I (Poder Executivo),nomeacao,DANIELE NOGUEIRA DO NASCIMENTO,,,,,sim,DANIELE NOGUEIRA:ORG|Daniele Nogueira Do Nascimento:PER,sim,para exercer o cargo em comissão de Chefe de Serviço,do Departamento Geral de Material,"NOMEAR DANIELE NOGUEIRA DO NASCIMENTO para exercer o cargo em comissão de Chefe de Serviço, símbolo DAI-6, do Serviço de Controle de Bens Móveis, da Divisão de Patrimônio, do Departamento Geral de Material, da Diretoria de Apoio Técnico, do Instituto de Assistência dos Servidores do Estado do Rio de Janeiro - IASERJ, da",https://www.ioerj.com.br/portal/modules/conteudoonline/mostra_edicao.php?session=VVZWRmQxRjZTa2RQUkUxMFRVVlNRazE1TURCTmVscEVURlJuZVU0d1dYUk9hbU13VWtWYVJWSnFhek5QUlZwRlRWUmpNMDU2YTNwTmFtczBUa0U5UFE9PQ==,D:\github\exoneracoes_nomeacoes_dou\LAKE\RJ\2022\12\DOERJ_PARTE_I_PODER_EXECUTIVO_2022-12-13.md
RJ,Diario Oficial do Estado do Rio de Janeiro,2022-12-13,Parte I (Poder Executivo),nomeacao,JOSÉ LUIZ VIEIRA DA SILVA,2821064-6,,,,sim,JOSÉ LUIZ VIEIRA DA SILVA:PER,sim,para exercer o cargo em comissão de Assistente III,do Gabinete da Presidência,"NOMEAR JOSÉ LUIZ VIEIRA DA SILVA , ID FUNCIONAL Nº 2821064-6, para exercer o cargo em comissão de Assistente III, símbolo DAI-5, do Gabinete da Presidência, do Departamento de Trânsito do Estado do Rio de Janeiro - DETRAN/RJ, da",https://www.ioerj.com.br/portal/modules/conteudoonline/mostra_edicao.php?session=VVZWRmQxRjZTa2RQUkUxMFRVVlNRazE1TURCTmVscEVURlJuZVU0d1dYUk9hbU13VWtWYVJWSnFhek5QUlZwRlRWUmpNMDU2YTNwTmFtczBUa0U5UFE9PQ==,D:\github\exoneracoes_nomeacoes_dou\LAKE\RJ\2022\12\DOERJ_PARTE_I_PODER_EXECUTIVO_2022-12-13.md
RJ,Diario Oficial do Estado do Rio de Janeiro,2022-12-13,Parte I (Poder Executivo),nomeacao,WENDELL OLIVEIRA DO NASCIMENTO,2481097-5,,,,sim,OLIVEIRA:ORG|Wendell Oliveira Do Nascimento:PER,sim,,,"NOMEAR WENDELL OLIVEIRA DO NASCIMENTO , ID FUNCIONAL Nº 2481097-5, para exercer, com validade a contar de 01 de dezembro de 2022, o cargo em comissão de Assessor, símbolo DAS-8, da",https://www.ioerj.com.br/portal/modules/conteudoonline/mostra_edicao.php?session=VVZWRmQxRjZTa2RQUkUxMFRVVlNRazE1TURCTmVscEVURlJuZVU0d1dYUk9hbU13VWtWYVJWSnFhek5QUlZwRlRWUmpNMDU2YTNwTmFtczBUa0U5UFE9PQ==,D:\github\exoneracoes_nomeacoes_dou\LAKE\RJ\2022\12\DOERJ_PARTE_I_PODER_EXECUTIVO_2022-12-13.md
RJ,Diario Oficial do Estado do Rio de Janeiro,2022-12-13,Parte I (Poder Executivo),exoneracao,ANA VIVIANE AYALA VIEIRA DA SILVA,51253763,,,,sim,Ana Viviane Ayala Vieira:PER,sim,do cargo em comissão de Coordenador,da Superintendência de Enfrentamento à Violência Contra Mulher,"EXONERAR com validade a contar de 01 de dezembro de 2022, ANA VIVIANE AYALA VIEIRA DA SILVA , ID FUNCIONAL Nº 51253763, do cargo em comissão de Coordenador, símbolo DAS-8, da Coordenação de Capacitação em Políticas de Enfrentamento à Violência Contra a Mulher, da Superintendência de Enfrentamento à Violência Contra Mulher, da Subsecretaria de Políticas para Mulheres, da",https://www.ioerj.com.br/portal/modules/conteudoonline/mostra_edicao.php?session=VVZWRmQxRjZTa2RQUkUxMFRVVlNRazE1TURCTmVscEVURlJuZVU0d1dYUk9hbU13VWtWYVJWSnFhek5QUlZwRlRWUmpNMDU2YTNwTmFtczBUa0U5UFE9PQ==,D:\github\exoneracoes_nomeacoes_dou\LAKE\RJ\2022\12\DOERJ_PARTE_I_PODER_EXECUTIVO_2022-12-13.md
RJ,Diario Oficial do Estado do Rio de Janeiro,2022-12-13,Parte I (Poder Executivo),nomeacao,DEISE CASSIANA VIEIRA LIMA,,,,,sim,CASSIANA VIEIRA LIMA:PER,sim,,da Superintendência de Enfrentamento à Violência Contra Mulher,"NOMEAR DEISE CASSIANA VIEIRA LIMA para exercer, com validade a contar de 01 de dezembro de 2022, o cargo em comissão de Coordenador, símbolo DAS-8, da Coordenação de Capacitação em Políticas de Enfrentamento à Violência Contra a Mulher, da Superintendência de Enfrentamento à Violência Contra Mulher, da Subsecretaria de Políticas para Mulheres, da",https://www.ioerj.com.br/portal/modules/conteudoonline/mostra_edicao.php?session=VVZWRmQxRjZTa2RQUkUxMFRVVlNRazE1TURCTmVscEVURlJuZVU0d1dYUk9hbU13VWtWYVJWSnFhek5QUlZwRlRWUmpNMDU2YTNwTmFtczBUa0U5UFE9PQ==,D:\github\exoneracoes_nomeacoes_dou\LAKE\RJ\2022\12\DOERJ_PARTE_I_PODER_EXECUTIVO_2022-12-13.md
RJ,Diario Oficial do Estado do Rio de Janeiro,2022-12-13,Parte I (Poder Executivo),exoneracao,GUARACI COSTA BARROS,4407222-8,,,,sim,GUARACI COSTA BARROS:ORG|Guaraci Costa Barros:PER,sim,do cargo em comissão de Coordenador,da Fundação Leão XIII,"EXONERAR a pedido e com validade a contar de 05 de dezembro de 2022, GUARACI COSTA BARROS , ID FUNCIONAL Nº 4407222-8, do cargo em comissão de Coordenador, símbolo DAS-8, do Centro de Recuperação Social de Itaipu, da Diretoria de Assistência Especializada, da Fundação Leão XIII, da",https://www.ioerj.com.br/portal/modules/conteudoonline/mostra_edicao.php?session=VVZWRmQxRjZTa2RQUkUxMFRVVlNRazE1TURCTmVscEVURlJuZVU0d1dYUk9hbU13VWtWYVJWSnFhek5QUlZwRlRWUmpNMDU2YTNwTmFtczBUa0U5UFE9PQ==,D:\github\exoneracoes_nomeacoes_dou\LAKE\RJ\2022\12\DOERJ_PARTE_I_PODER_EXECUTIVO_2022-12-13.md
RJ,Diario Oficial do Estado do Rio de Janeiro,2022-12-13,Parte I (Poder Executivo),exoneracao,ALESSANDRA DE PAULA FERNANDES,5126303-3,,,,sim,Alessandra De Paula Fernandes:PER,sim,do cargo em comissão de Ajudante I,,"EXONERAR com validade a contar de 07 de dezembro de 2022, ALESSANDRA DE PAULA FERNANDES , ID FUNCIONAL Nº 5126303-3, do cargo em comissão de Ajudante I, símbolo DAI-1, da",https://www.ioerj.com.br/portal/modules/conteudoonline/mostra_edicao.php?session=VVZWRmQxRjZTa2RQUkUxMFRVVlNRazE1TURCTmVscEVURlJuZVU0d1dYUk9hbU13VWtWYVJWSnFhek5QUlZwRlRWUmpNMDU2YTNwTmFtczBUa0U5UFE9PQ==,D:\github\exoneracoes_nomeacoes_dou\LAKE\RJ\2022\12\DOERJ_PARTE_I_PODER_EXECUTIVO_2022-12-13.md
RJ,Diario Oficial do Estado do Rio de Janeiro,2022-12-13,Parte I (Poder Executivo),exoneracao,ROBERT RENE MICHEL,5128602-5,,,,sim,ROBERT RENE MICHEL:MISC|Robert Rene Michel:PER,sim,do cargo em comissão de Ajudante I,,"EXONERAR com validade a contar de 07 de dezembro de 2022, ROBERT RENE MICHEL , ID FUNCIONAL Nº 5128602-5, do cargo em comissão de Ajudante I, símbolo DAI-1, da",https://www.ioerj.com.br/portal/modules/conteudoonline/mostra_edicao.php?session=VVZWRmQxRjZTa2RQUkUxMFRVVlNRazE1TURCTmVscEVURlJuZVU0d1dYUk9hbU13VWtWYVJWSnFhek5QUlZwRlRWUmpNMDU2YTNwTmFtczBUa0U5UFE9PQ==,D:\github\exoneracoes_nomeacoes_dou\LAKE\RJ\2022\12\DOERJ_PARTE_I_PODER_EXECUTIVO_2022-12-13.md
RJ,Diario Oficial do Estado do Rio de Janeiro,2022-12-13,Parte I (Poder Executivo),exoneracao,VLADIMIR CORDEIRO,571558-0,,,,sim,VLADIMIR CORDEIRO:PER,sim,do cargo em comissão de Ajudante I,,"EXONERAR com validade a contar de 07 de dezembro de 2022, VLADIMIR CORDEIRO , ID FUNCIONAL Nº 571558-0, do cargo em comissão de Ajudante I, símbolo DAI-1, da",https://www.ioerj.com.br/portal/modules/conteudoonline/mostra_edicao.php?session=VVZWRmQxRjZTa2RQUkUxMFRVVlNRazE1TURCTmVscEVURlJuZVU0d1dYUk9hbU13VWtWYVJWSnFhek5QUlZwRlRWUmpNMDU2YTNwTmFtczBUa0U5UFE9PQ==,D:\github\exoneracoes_nomeacoes_dou\LAKE\RJ\2022\12\DOERJ_PARTE_I_PODER_EXECUTIVO_2022-12-13.md
RJ,Diario Oficial do Estado do Rio de Janeiro,2022-12-13,Parte I (Poder Executivo),exoneracao,DANIEL MARMELLO BAHIA,5133062-8,,,,sim,DANIEL MARMELLO BAHIA:PER,sim,do cargo em comissão de Ajudante I,,"EXONERAR com validade a contar de 07 de dezembro de 2022, DANIEL MARMELLO BAHIA , ID FUNCIONAL Nº 5133062-8, do cargo em comissão de Ajudante I, símbolo DAI-1, da",https://www.ioerj.com.br/portal/modules/conteudoonline/mostra_edicao.php?session=VVZWRmQxRjZTa2RQUkUxMFRVVlNRazE1TURCTmVscEVURlJuZVU0d1dYUk9hbU13VWtWYVJWSnFhek5QUlZwRlRWUmpNMDU2YTNwTmFtczBUa0U5UFE9PQ==,D:\github\exoneracoes_nomeacoes_dou\LAKE\RJ\2022\12\DOERJ_PARTE_I_PODER_EXECUTIVO_2022-12-13.md
RJ,Diario Oficial do Estado do Rio de Janeiro,2022-12-13,Parte I (Poder Executivo),exoneracao,COSME JOSÉ DO AMARAL,5126955-4,,,,sim,Cosme José Do Amaral:PER,sim,do cargo em comissão de Ajudante I,,"EXONERAR com validade a contar de 07 de dezembro de 2022, COSME JOSÉ DO AMARAL , ID FUNCIONAL Nº 5126955-4, do cargo em comissão de Ajudante I, símbolo DAI-1, da",https://www.ioerj.com.br/portal/modules/conteudoonline/mostra_edicao.php?session=VVZWRmQxRjZTa2RQUkUxMFRVVlNRazE1TURCTmVscEVURlJuZVU0d1dYUk9hbU13VWtWYVJWSnFhek5QUlZwRlRWUmpNMDU2YTNwTmFtczBUa0U5UFE9PQ==,D:\github\exoneracoes_nomeacoes_dou\LAKE\RJ\2022\12\DOERJ_PARTE_I_PODER_EXECUTIVO_2022-12-13.md
RJ,Diario Oficial do Estado do Rio de Janeiro,2022-12-13,Parte I (Poder Executivo),exoneracao,BRUNO ROSS DE MORAES BARBOZA,5126924-4,,,,sim,ROSS:MISC|Bruno Ross De Moraes Barboza:PER,sim,do cargo em comissão de Ajudante I,,"EXONERAR com validade a contar de 07 de dezembro de 2022, BRUNO ROSS DE MORAES BARBOZA , ID FUNCIONAL Nº 5126924-4, do cargo em comissão de Ajudante I, símbolo DAI-1, da",https://www.ioerj.com.br/portal/modules/conteudoonline/mostra_edicao.php?session=VVZWRmQxRjZTa2RQUkUxMFRVVlNRazE1TURCTmVscEVURlJuZVU0d1dYUk9hbU13VWtWYVJWSnFhek5QUlZwRlRWUmpNMDU2YTNwTmFtczBUa0U5UFE9PQ==,D:\github\exoneracoes_nomeacoes_dou\LAKE\RJ\2022\12\DOERJ_PARTE_I_PODER_EXECUTIVO_2022-12-13.md
RJ,Diario Oficial do Estado do Rio de Janeiro,2022-12-13,Parte I (Poder Executivo),exoneracao,MOIZES DA CUNHA SOUZA,5125843-9,,,,sim,MOIZES DA CUNHA SOUZA:MISC|Moizes Da Cunha Souza:PER,sim,do cargo em comissão de Assistente II,do Instituto de Terras e Cartografia do Estado do Rio de Janeiro - ITERJ,"EXONERAR com validade a contar de 07 de dezembro de 2022, MOIZES DA CUNHA SOUZA , ID FUNCIONAL Nº 5125843-9, do cargo em comissão de Assistente II, símbolo DAI-6, do Instituto de Terras e Cartografia do Estado do Rio de Janeiro - ITERJ, da",https://www.ioerj.com.br/portal/modules/conteudoonline/mostra_edicao.php?session=VVZWRmQxRjZTa2RQUkUxMFRVVlNRazE1TURCTmVscEVURlJuZVU0d1dYUk9hbU13VWtWYVJWSnFhek5QUlZwRlRWUmpNMDU2YTNwTmFtczBUa0U5UFE9PQ==,D:\github\exoneracoes_nomeacoes_dou\LAKE\RJ\2022\12\DOERJ_PARTE_I_PODER_EXECUTIVO_2022-12-13.md
RJ,Diario Oficial do Estado do Rio de Janeiro,2022-12-13,Parte I (Poder Executivo),nomeacao,HELLEN CAMPELO,,,,,sim,HELLEN CAMPELO:PER,sim,,,"NOMEAR HELLEN CAMPELO DA S I LVA , CPF 044.226.407-04, para exercer, com validade a contar de 23 de novembro de 2022, o cargo em comissão de Assistente II, símbolo DAI-6, da",https://www.ioerj.com.br/portal/modules/conteudoonline/mostra_edicao.php?session=VVZWRmQxRjZTa2RQUkUxMFRVVlNRazE1TURCTmVscEVURlJuZVU0d1dYUk9hbU13VWtWYVJWSnFhek5QUlZwRlRWUmpNMDU2YTNwTmFtczBUa0U5UFE9PQ==,D:\github\exoneracoes_nomeacoes_dou\LAKE\RJ\2022\12\DOERJ_PARTE_I_PODER_EXECUTIVO_2022-12-13.md
RJ,Diario Oficial do Estado do Rio de Janeiro,2022-12-13,Parte I (Poder Executivo),nomeacao,MAJOR BM,613889-6,,,,sim,MAJOR BM:LOC|Major Bm:PER,sim,para exercer o cargo em comissão de Assistente II,,"NOMEAR R O B E R TA PALMEIRA LEITE CAEIRO, Major BM, ID Funcional nº 613889-6, para exercer o cargo em comissão de Assistente II, símbolo DAI-6, da",https://www.ioerj.com.br/portal/modules/conteudoonline/mostra_edicao.php?session=VVZWRmQxRjZTa2RQUkUxMFRVVlNRazE1TURCTmVscEVURlJuZVU0d1dYUk9hbU13VWtWYVJWSnFhek5QUlZwRlRWUmpNMDU2YTNwTmFtczBUa0U5UFE9PQ==,D:\github\exoneracoes_nomeacoes_dou\LAKE\RJ\2022\12\DOERJ_PARTE_I_PODER_EXECUTIVO_2022-12-13.md
RJ,Diario Oficial do Estado do Rio de Janeiro,2022-12-13,Parte I (Poder Executivo),nomeacao,VIVIANNE DA SILVA PRIMO,,,,,sim,VIVIANNE DA SILVA PRIMO:PER,sim,para exercer o cargo em comissão de Assistente II,,"NOMEAR VIVIANNE DA SILVA PRIMO, CPF 135.843.777-73, para exercer o cargo em comissão de Assistente II, símbolo DAI-6, da",https://www.ioerj.com.br/portal/modules/conteudoonline/mostra_edicao.php?session=VVZWRmQxRjZTa2RQUkUxMFRVVlNRazE1TURCTmVscEVURlJuZVU0d1dYUk9hbU13VWtWYVJWSnFhek5QUlZwRlRWUmpNMDU2YTNwTmFtczBUa0U5UFE9PQ==,D:\github\exoneracoes_nomeacoes_dou\LAKE\RJ\2022\12\DOERJ_PARTE_I_PODER_EXECUTIVO_2022-12-13.md
RJ,Diario Oficial do Estado do Rio de Janeiro,2022-12-12,Parte I (Poder Executivo),exoneracao,SANDRA MARIA DE MELO BARATELA,51335867,,,,sim,SANDRA MARIA:PER,sim,do cargo em comissão de Adjunto II,da Superintendência de Integração Governamental,"EXONERAR com validade a contar de 01 de dezembro de 2022, SANDRA MARIA DE MELO BARATELA , ID FUNCIONAL Nº 51335867, do cargo em comissão de Adjunto II, símbolo DAI-2, da Superintendência de Integração Governamental, da Subsecretaria de Governo, da",https://www.ioerj.com.br/portal/modules/conteudoonline/mostra_edicao.php?session=VWxWSk1WRlZTVEpOVkVWMFQwUnNSMDVwTURCTlJFVjZURlZKTkUxcVkzUk9NRWsxVFdwcmVrMUVaRVJPYWtrd1RWUmpNMDU2YTNwTmVrVXlUbEU5UFE9PQ==,D:\github\exoneracoes_nomeacoes_dou\LAKE\RJ\2022\12\DOERJ_PARTE_I_PODER_EXECUTIVO_2022-12-12.md
RJ,Diario Oficial do Estado do Rio de Janeiro,2022-12-12,Parte I (Poder Executivo),nomeacao,JAQUELINE CARLA ASSUMPÇÃO ROMÃO,4216516-5,,,,sim,JAQUELINE CARLA:MISC|Jaqueline Carla Assumpção Romão:PER,sim,,da Fundação de Apoio à Escola Técnica do Estado do Rio de Janeiro FAETEC,"NOMEAR JAQUELINE CARLA ASSUMPÇÃO ROMÃO , ID FUNCIONAL N°4216516-5, para exercer, com validade a contar de 17 de novembro de 2022, o cargo em comissão de Gerente de Área, símbolo FAETEC 5, da Fundação de Apoio à Escola Técnica do Estado do Rio de Janeiro FAETEC, da",https://www.ioerj.com.br/portal/modules/conteudoonline/mostra_edicao.php?session=VWxWSk1WRlZTVEpOVkVWMFQwUnNSMDVwTURCTlJFVjZURlZKTkUxcVkzUk9NRWsxVFdwcmVrMUVaRVJPYWtrd1RWUmpNMDU2YTNwTmVrVXlUbEU5UFE9PQ==,D:\github\exoneracoes_nomeacoes_dou\LAKE\RJ\2022\12\DOERJ_PARTE_I_PODER_EXECUTIVO_2022-12-12.md
RJ,Diario Oficial do Estado do Rio de Janeiro,2022-12-12,Parte I (Poder Executivo),exoneracao,RAMON JESUS PINTO DE SOUSA,5004834-1,,,,sim,RAMON:ORG|Ramon Jesus Pinto De Sousa:PER,sim,do cargo em comissão de Coordenador,da Superintendência de Tecnologia da Informação e Comunicação,"EXONERAR a pedido e com validade a contar de 01 de dezembro de 2022, RAMON JESUS PINTO DE SOUSA , ID FUNCIONAL Nº 5004834-1, do cargo em comissão de Coordenador, símbolo DAS-6, da Coordenadoria de Planejamento de Tecnologia da Informação e Comunicação, da Superintendência de Tecnologia da Informação e Comunicação, da Subsecretaria de Administração, da",https://www.ioerj.com.br/portal/modules/conteudoonline/mostra_edicao.php?session=VWxWSk1WRlZTVEpOVkVWMFQwUnNSMDVwTURCTlJFVjZURlZKTkUxcVkzUk9NRWsxVFdwcmVrMUVaRVJPYWtrd1RWUmpNMDU2YTNwTmVrVXlUbEU5UFE9PQ==,D:\github\exoneracoes_nomeacoes_dou\LAKE\RJ\2022\12\DOERJ_PARTE_I_PODER_EXECUTIVO_2022-12-12.md
RJ,Diario Oficial do Estado do Rio de Janeiro,2022-12-12,Parte I (Poder Executivo),nomeacao,ALESSANDRA APARECIDA COSTA,41974107,,,,sim,Alessandra Aparecida Costa:PER,sim,,,"NOMEAR ALESSANDRA APARECIDA COSTA , ID FUNCIONAL Nº 41974107, para exercer, com validade a contar de 01 de novembro de 2022, o cargo em comissão de Assistente II, símbolo DAI-6, do Fundo Único de Previdência Social do Estado do Rio de Janeiro RIOPREVIDÊNCIA, da",https://www.ioerj.com.br/portal/modules/conteudoonline/mostra_edicao.php?session=VWxWSk1WRlZTVEpOVkVWMFQwUnNSMDVwTURCTlJFVjZURlZKTkUxcVkzUk9NRWsxVFdwcmVrMUVaRVJPYWtrd1RWUmpNMDU2YTNwTmVrVXlUbEU5UFE9PQ==,D:\github\exoneracoes_nomeacoes_dou\LAKE\RJ\2022\12\DOERJ_PARTE_I_PODER_EXECUTIVO_2022-12-12.md
RJ,Diario Oficial do Estado do Rio de Janeiro,2022-12-12,Parte I (Poder Executivo),nomeacao,JOÃO LUIS DE OLIVEIRA MENDONÇA,4381124-8,,,,sim,JOÃO LUIS:PER,sim,,,"NOMEAR JOÃO LUIS DE OLIVEIRA MENDONÇA ,ID FUNCIONAL Nº 4381124-8, para exercer, com validade a contar de 01 de dezembro de 2022, o cargo em comissão de Coordenador, símbolo DAS-8, , da Gerência de Controladoria, da Diretoria de Administração e Finanças, do Fundo Único de Previdência Social do Estado do Rio de Janeiro RIOPREVIDÊNCIA, da",https://www.ioerj.com.br/portal/modules/conteudoonline/mostra_edicao.php?session=VWxWSk1WRlZTVEpOVkVWMFQwUnNSMDVwTURCTlJFVjZURlZKTkUxcVkzUk9NRWsxVFdwcmVrMUVaRVJPYWtrd1RWUmpNMDU2YTNwTmVrVXlUbEU5UFE9PQ==,D:\github\exoneracoes_nomeacoes_dou\LAKE\RJ\2022\12\DOERJ_PARTE_I_PODER_EXECUTIVO_2022-12-12.md
RJ,Diario Oficial do Estado do Rio de Janeiro,2022-12-12,Parte I (Poder Executivo),exoneracao,JOÃO LUIS DE OLIVEIRA MENDONÇA,4381124-8,,,,sim,JOÃO LUIS:PER,sim,do cargo em comissão de Coordenador,,"EXONERAR com validade a contar de 01 de dezembro de 2022, JOÃO LUIS DE OLIVEIRA MENDONÇA , ID FUNCIONAL Nº 4381124-8, do cargo em comissão de Coordenador, símbolo DAS-8, da Gerência de Operações e Investimentos, da Diretoria de Investimentos, do Fundo Único de Previdência Social do Estado do Rio de Janeiro RIOPREVIDÊNCIA, da",https://www.ioerj.com.br/portal/modules/conteudoonline/mostra_edicao.php?session=VWxWSk1WRlZTVEpOVkVWMFQwUnNSMDVwTURCTlJFVjZURlZKTkUxcVkzUk9NRWsxVFdwcmVrMUVaRVJPYWtrd1RWUmpNMDU2YTNwTmVrVXlUbEU5UFE9PQ==,D:\github\exoneracoes_nomeacoes_dou\LAKE\RJ\2022\12\DOERJ_PARTE_I_PODER_EXECUTIVO_2022-12-12.md
RJ,Diario Oficial do Estado do Rio de Janeiro,2022-12-12,Parte I (Poder Executivo),nomeacao,FABIO BARBOSA DA SILVA,44559780,,,,sim,FABIO BARBOSA DA SILVA:PER,sim,,,"NOMEAR FABIO BARBOSA DA SILVA , ID FUNCIONAL Nº 44559780, para exercer, com validade a contar de 01 de dezembro de 2022, o cargo em comissão de Coordenador, símbolo DAS-8, da Gerência de Operações e Investimentos, da Diretoria de Investimentos, do Fundo Único de Previdência Social do Estado do Rio de Janeiro - RIOPREVIDÊNCIA, da",https://www.ioerj.com.br/portal/modules/conteudoonline/mostra_edicao.php?session=VWxWSk1WRlZTVEpOVkVWMFQwUnNSMDVwTURCTlJFVjZURlZKTkUxcVkzUk9NRWsxVFdwcmVrMUVaRVJPYWtrd1RWUmpNMDU2YTNwTmVrVXlUbEU5UFE9PQ==,D:\github\exoneracoes_nomeacoes_dou\LAKE\RJ\2022\12\DOERJ_PARTE_I_PODER_EXECUTIVO_2022-12-12.md
RJ,Diario Oficial do Estado do Rio de Janeiro,2022-12-12,Parte I (Poder Executivo),exoneracao,FA BIO BARBOSA DA SILVA,4455978-0,,,,sim,FA BIO BARBOSA DA SILVA:MISC|Fa Bio Barbosa:PER,sim,do cargo em comissão de Assistente II,,"EXONERAR com validade a contar de 01 de dezembro de 2022, FA BIO BARBOSA DA SILVA , ID FUNCIONAL Nº 4455978-0, do cargo em comissão de Assistente II, símbolo DAI-6, do Fundo Único de Previdência Social do Estado do Rio de Janeiro - RIOPREVIDÊNCIA, da",https://www.ioerj.com.br/portal/modules/conteudoonline/mostra_edicao.php?session=VWxWSk1WRlZTVEpOVkVWMFQwUnNSMDVwTURCTlJFVjZURlZKTkUxcVkzUk9NRWsxVFdwcmVrMUVaRVJPYWtrd1RWUmpNMDU2YTNwTmVrVXlUbEU5UFE9PQ==,D:\github\exoneracoes_nomeacoes_dou\LAKE\RJ\2022\12\DOERJ_PARTE_I_PODER_EXECUTIVO_2022-12-12.md
RJ,Diario Oficial do Estado do Rio de Janeiro,2022-12-12,Parte I (Poder Executivo),exoneracao,CARLA BEATRIZ MACEDO DE SOUZA,5089552-4,,,,sim,CARLA BEATRIZ:PER,sim,do cargo em comissão de Assistente II,,"EXONERAR com validade a contar de 12 de dezembro de 2022, CARLA BEATRIZ MACEDO DE SOUZA , ID FUNCIONAL Nº 5089552-4, do cargo em comissão de Assistente II, símbolo DAI-6, da",https://www.ioerj.com.br/portal/modules/conteudoonline/mostra_edicao.php?session=VWxWSk1WRlZTVEpOVkVWMFQwUnNSMDVwTURCTlJFVjZURlZKTkUxcVkzUk9NRWsxVFdwcmVrMUVaRVJPYWtrd1RWUmpNMDU2YTNwTmVrVXlUbEU5UFE9PQ==,D:\github\exoneracoes_nomeacoes_dou\LAKE\RJ\2022\12\DOERJ_PARTE_I_PODER_EXECUTIVO_2022-12-12.md
RJ,Diario Oficial do Estado do Rio de Janeiro,2022-12-12,Parte I (Poder Executivo),exoneracao,RAQUEL DE SOUZA LIMA,5094843-1,,,,sim,RAQUEL:ORG|Raquel De Souza Lima:PER,sim,do cargo em comissão de Assessor,,"EXONERAR a pedido e com validade a contar de 01 de dezembro de 2022, RAQUEL DE SOUZA LIMA , ID FUNCIONAL Nº 5094843-1, do cargo em comissão de Assessor, símbolo DAS-7, da",https://www.ioerj.com.br/portal/modules/conteudoonline/mostra_edicao.php?session=VWxWSk1WRlZTVEpOVkVWMFQwUnNSMDVwTURCTlJFVjZURlZKTkUxcVkzUk9NRWsxVFdwcmVrMUVaRVJPYWtrd1RWUmpNMDU2YTNwTmVrVXlUbEU5UFE9PQ==,D:\github\exoneracoes_nomeacoes_dou\LAKE\RJ\2022\12\DOERJ_PARTE_I_PODER_EXECUTIVO_2022-12-12.md
RJ,Diario Oficial do Estado do Rio de Janeiro,2022-12-12,Parte I (Poder Executivo),nomeacao,DANIELA GAIO MARTINS,,,,,sim,DANIELA GAIO MARTINS:MISC|Daniela Gaio Martins:PER,sim,,,"NOMEAR DANIELA GAIO MARTINS para exercer, com validade a contar de 01 de dezembro de 2022, o cargo em comissão de Assessor, símbolo DAS-7, da",https://www.ioerj.com.br/portal/modules/conteudoonline/mostra_edicao.php?session=VWxWSk1WRlZTVEpOVkVWMFQwUnNSMDVwTURCTlJFVjZURlZKTkUxcVkzUk9NRWsxVFdwcmVrMUVaRVJPYWtrd1RWUmpNMDU2YTNwTmVrVXlUbEU5UFE9PQ==,D:\github\exoneracoes_nomeacoes_dou\LAKE\RJ\2022\12\DOERJ_PARTE_I_PODER_EXECUTIVO_2022-12-12.md
RJ,Diario Oficial do Estado do Rio de Janeiro,2022-12-12,Parte I (Poder Executivo),exoneracao,FERNANDA LOJO CABRAL COLAÇO,51339889,,,,sim,FERNANDA LOJO CABRAL COLAÇO:PER,sim,do cargo em comissão de Assistente III,do Gabinete da Presidência,"EXONERAR FERNANDA LOJO CABRAL COLAÇO , ID FUNCIONAL Nº 51339889, do cargo em comissão de Assistente III, símbolo DAI-5, do Gabinete da Presidência, do Departamento de Trânsito do Estado do Rio de Janeiro -DETRAN/RJ, da",https://www.ioerj.com.br/portal/modules/conteudoonline/mostra_edicao.php?session=VWxWSk1WRlZTVEpOVkVWMFQwUnNSMDVwTURCTlJFVjZURlZKTkUxcVkzUk9NRWsxVFdwcmVrMUVaRVJPYWtrd1RWUmpNMDU2YTNwTmVrVXlUbEU5UFE9PQ==,D:\github\exoneracoes_nomeacoes_dou\LAKE\RJ\2022\12\DOERJ_PARTE_I_PODER_EXECUTIVO_2022-12-12.md
RJ,Diario Oficial do Estado do Rio de Janeiro,2022-12-12,Parte I (Poder Executivo),nomeacao,ALEX COSTA ALMEIDA,,,,,sim,ALEX COSTA ALMEIDA:MISC|Alex Costa Almeida:PER,sim,para exercer o cargo em comissão de Ajudante I,,"NOMEAR ALEX COSTA ALMEIDA para exercer o cargo em comissão de Ajudante I, símbolo DAI-1, da Loteria do Estado do Rio de Janeiro - LOTERJ, da",https://www.ioerj.com.br/portal/modules/conteudoonline/mostra_edicao.php?session=VWxWSk1WRlZTVEpOVkVWMFQwUnNSMDVwTURCTlJFVjZURlZKTkUxcVkzUk9NRWsxVFdwcmVrMUVaRVJPYWtrd1RWUmpNMDU2YTNwTmVrVXlUbEU5UFE9PQ==,D:\github\exoneracoes_nomeacoes_dou\LAKE\RJ\2022\12\DOERJ_PARTE_I_PODER_EXECUTIVO_2022-12-12.md
RJ,Diario Oficial do Estado do Rio de Janeiro,2022-12-12,Parte I (Poder Executivo),exoneracao,FRANCIELE FERREIRA ANDRADE DUARTE,5123571-4,,,,sim,FRANCIELE FERREIRA:MISC|Franciele Ferreira Andrade Duarte:PER,sim,do cargo em comissão de Agente de Desenvolvimento,,"EXONERAR com validade a contar de 12 de dezembro de 2022, FRANCIELE FERREIRA ANDRADE DUARTE , ID FUNCIONAL Nº 5123571-4, do cargo em comissão de Agente de Desenvolvimento, símbolo DAI-6, da",https://www.ioerj.com.br/portal/modules/conteudoonline/mostra_edicao.php?session=VWxWSk1WRlZTVEpOVkVWMFQwUnNSMDVwTURCTlJFVjZURlZKTkUxcVkzUk9NRWsxVFdwcmVrMUVaRVJPYWtrd1RWUmpNMDU2YTNwTmVrVXlUbEU5UFE9PQ==,D:\github\exoneracoes_nomeacoes_dou\LAKE\RJ\2022\12\DOERJ_PARTE_I_PODER_EXECUTIVO_2022-12-12.md
RJ,Diario Oficial do Estado do Rio de Janeiro,2022-12-12,Parte I (Poder Executivo),exoneracao,JORGE CACIO BARBOSA,5123613-3,,,,sim,JORGE CACIO BARBOSA:MISC|Jorge Cacio Barbosa:PER,sim,do cargo em comissão de Agente de Desenvolvimento,,"EXONERAR com validade a contar de 07 de dezembro de 2022, JORGE CACIO BARBOSA , ID FUNCIONAL Nº 5123613-3, do cargo em comissão de Agente de Desenvolvimento, símbolo DAI-1, da",https://www.ioerj.com.br/portal/modules/conteudoonline/mostra_edicao.php?session=VWxWSk1WRlZTVEpOVkVWMFQwUnNSMDVwTURCTlJFVjZURlZKTkUxcVkzUk9NRWsxVFdwcmVrMUVaRVJPYWtrd1RWUmpNMDU2YTNwTmVrVXlUbEU5UFE9PQ==,D:\github\exoneracoes_nomeacoes_dou\LAKE\RJ\2022\12\DOERJ_PARTE_I_PODER_EXECUTIVO_2022-12-12.md
RJ,Diario Oficial do Estado do Rio de Janeiro,2022-12-12,Parte I (Poder Executivo),exoneracao,FABIO STADLER CARDOSO,51233282,,,,sim,FABIO STADLER CARDOSO:MISC|Fabio Stadler Cardoso:PER,sim,do cargo em comissão de Agente de Desenvolvimento,,"EXONERAR a pedido e com validade a contar de 08 de dezembro de 2022, FABIO STADLER CARDOSO , ID FUNCIONAL Nº 51233282, do cargo em comissão de Agente de Desenvolvimento, símbolo DAI-1, da",https://www.ioerj.com.br/portal/modules/conteudoonline/mostra_edicao.php?session=VWxWSk1WRlZTVEpOVkVWMFQwUnNSMDVwTURCTlJFVjZURlZKTkUxcVkzUk9NRWsxVFdwcmVrMUVaRVJPYWtrd1RWUmpNMDU2YTNwTmVrVXlUbEU5UFE9PQ==,D:\github\exoneracoes_nomeacoes_dou\LAKE\RJ\2022\12\DOERJ_PARTE_I_PODER_EXECUTIVO_2022-12-12.md
RJ,Diario Oficial do Estado do Rio de Janeiro,2022-12-12,Parte I (Poder Executivo),exoneracao,CASSIO AVELAR DAFLON VIEIRA,5123426-2,,,,sim,CASSIO AVELAR DAFLON:ORG|Cassio Avelar Daflon Vieira:PER,sim,do cargo em comissão de Agente de Desenvolvimento,,"EXONERAR com validade a contar de 07 de dezembro de 2022, CASSIO AVELAR DAFLON VIEIRA , ID FUNCIONAL Nº 5123426-2, do cargo em comissão de Agente de Desenvolvimento, símbolo DAI-1, da",https://www.ioerj.com.br/portal/modules/conteudoonline/mostra_edicao.php?session=VWxWSk1WRlZTVEpOVkVWMFQwUnNSMDVwTURCTlJFVjZURlZKTkUxcVkzUk9NRWsxVFdwcmVrMUVaRVJPYWtrd1RWUmpNMDU2YTNwTmVrVXlUbEU5UFE9PQ==,D:\github\exoneracoes_nomeacoes_dou\LAKE\RJ\2022\12\DOERJ_PARTE_I_PODER_EXECUTIVO_2022-12-12.md
RJ,Diario Oficial do Estado do Rio de Janeiro,2022-12-12,Parte I (Poder Executivo),nomeacao,LUCIANA COUTO BRANCO,,,,,sim,LUCIANA COUTO BRANCO:MISC|Luciana Couto Branco:PER,sim,,da Superintendência de Gestão de Pessoas,"NOMEAR LUCIANA COUTO BRANCO para exercer, com validade a contar de 30 de novembro de 2022, o cargo em comissão de Assistente II, símbolo DAI-6, da Coordenadoria de Quadro de Horários, da Superintendência de Gestão de Pessoas, da Subsecretaria de Gestão Administrativa, da",https://www.ioerj.com.br/portal/modules/conteudoonline/mostra_edicao.php?session=VWxWSk1WRlZTVEpOVkVWMFQwUnNSMDVwTURCTlJFVjZURlZKTkUxcVkzUk9NRWsxVFdwcmVrMUVaRVJPYWtrd1RWUmpNMDU2YTNwTmVrVXlUbEU5UFE9PQ==,D:\github\exoneracoes_nomeacoes_dou\LAKE\RJ\2022\12\DOERJ_PARTE_I_PODER_EXECUTIVO_2022-12-12.md
RJ,Diario Oficial do Estado do Rio de Janeiro,2022-12-12,Parte I (Poder Executivo),nomeacao,ANDERSON DE ASSIS BARBOSA,,,,,sim,ANDERSON:MISC|Anderson:PER,sim,,,"NOMEAR ANDERSON DE ASSIS BARBOSA para exercer, com validade a contar de 01 de novembro de 2022, o cargo em comissão de Assistente, símbolo DAS-6, da",https://www.ioerj.com.br/portal/modules/conteudoonline/mostra_edicao.php?session=VWxWSk1WRlZTVEpOVkVWMFQwUnNSMDVwTURCTlJFVjZURlZKTkUxcVkzUk9NRWsxVFdwcmVrMUVaRVJPYWtrd1RWUmpNMDU2YTNwTmVrVXlUbEU5UFE9PQ==,D:\github\exoneracoes_nomeacoes_dou\LAKE\RJ\2022\12\DOERJ_PARTE_I_PODER_EXECUTIVO_2022-12-12.md
RJ,Diario Oficial do Estado do Rio de Janeiro,2022-12-12,Parte I (Poder Executivo),exoneracao,ALESSANDRA BARBOSA FILGUEIRAS,5122698-7,,,,sim,ALESSANDRA BARBOSA:PER,sim,do cargo em comissão de Adjunto I,do Instituto Estadual do Ambiente - INEA,"EXONERAR com validade a contar de 01 de novembro de 2022, ALESSANDRA BARBOSA FILGUEIRAS , ID FUNCIONAL Nº 5122698-7, do cargo em comissão de Adjunto I, símbolo DAI-4, do Instituto Estadual do Ambiente - INEA, da",https://www.ioerj.com.br/portal/modules/conteudoonline/mostra_edicao.php?session=VWxWSk1WRlZTVEpOVkVWMFQwUnNSMDVwTURCTlJFVjZURlZKTkUxcVkzUk9NRWsxVFdwcmVrMUVaRVJPYWtrd1RWUmpNMDU2YTNwTmVrVXlUbEU5UFE9PQ==,D:\github\exoneracoes_nomeacoes_dou\LAKE\RJ\2022\12\DOERJ_PARTE_I_PODER_EXECUTIVO_2022-12-12.md
RJ,Diario Oficial do Estado do Rio de Janeiro,2022-12-12,Parte I (Poder Executivo),exoneracao,REBEKA FERNANDES NETO DA SILVA,5098048-3,,,,sim,REBEKA FERNANDES NETO DA SILVA:MISC|Rebeka Fernandes Neto Da Silva:PER,sim,do cargo em comissão de Assessor,do Instituto Estadual do Ambiente - INEA,"EXONERAR a pedido e com validade a contar de 01 de novembro de 2022, REBEKA FERNANDES NETO DA SILVA , ID FUNCIONAL N° 5098048-3, do cargo em comissão de Assessor, símbolo DAS-7, do Instituto Estadual do Ambiente - INEA, da",https://www.ioerj.com.br/portal/modules/conteudoonline/mostra_edicao.php?session=VWxWSk1WRlZTVEpOVkVWMFQwUnNSMDVwTURCTlJFVjZURlZKTkUxcVkzUk9NRWsxVFdwcmVrMUVaRVJPYWtrd1RWUmpNMDU2YTNwTmVrVXlUbEU5UFE9PQ==,D:\github\exoneracoes_nomeacoes_dou\LAKE\RJ\2022\12\DOERJ_PARTE_I_PODER_EXECUTIVO_2022-12-12.md
RJ,Diario Oficial do Estado do Rio de Janeiro,2022-12-12,Parte I (Poder Executivo),exoneracao,JOSE AUGUSTO DOS SANTOS MATTOS,2046196-8,,,,sim,JOSE AUGUSTO:PER,sim,do cargo em comissão de Adjunto II,do Instituto Estadual do Ambiente - INEA,"EXONERAR a pedido e com validade a contar de 28 de outubro de 2022, JOSE AUGUSTO DOS SANTOS MATTOS , ID FUNCIONAL Nº 2046196-8, do cargo em comissão de Adjunto II, símbolo DAI-2, do Instituto Estadual do Ambiente - INEA, da",https://www.ioerj.com.br/portal/modules/conteudoonline/mostra_edicao.php?session=VWxWSk1WRlZTVEpOVkVWMFQwUnNSMDVwTURCTlJFVjZURlZKTkUxcVkzUk9NRWsxVFdwcmVrMUVaRVJPYWtrd1RWUmpNMDU2YTNwTmVrVXlUbEU5UFE9PQ==,D:\github\exoneracoes_nomeacoes_dou\LAKE\RJ\2022\12\DOERJ_PARTE_I_PODER_EXECUTIVO_2022-12-12.md
RJ,Diario Oficial do Estado do Rio de Janeiro,2022-12-12,Parte I (Poder Executivo),exoneracao,ISABELLA MONT'ALVÃO PEDRO IRMÃO,5124696-1,,,,sim,ISABELLA:PER,sim,do cargo em comissão de Adjunto II,do Instituto Estadual do Ambiente - INEA,"EXONERAR a pedido e com validade a contar de 30 de setembro de 2022, ISABELLA MONT'ALVÃO PEDRO IRMÃO , ID FUNCIONAL Nº 5124696-1, do cargo em comissão de Adjunto II, símbolo DAI-2, do Instituto Estadual do Ambiente - INEA, da",https://www.ioerj.com.br/portal/modules/conteudoonline/mostra_edicao.php?session=VWxWSk1WRlZTVEpOVkVWMFQwUnNSMDVwTURCTlJFVjZURlZKTkUxcVkzUk9NRWsxVFdwcmVrMUVaRVJPYWtrd1RWUmpNMDU2YTNwTmVrVXlUbEU5UFE9PQ==,D:\github\exoneracoes_nomeacoes_dou\LAKE\RJ\2022\12\DOERJ_PARTE_I_PODER_EXECUTIVO_2022-12-12.md
RJ,Diario Oficial do Estado do Rio de Janeiro,2022-12-12,Parte I (Poder Executivo),exoneracao,DANIEL TAVARES CASSILHAS ROSA,5109624-2,,,,sim,DANIEL:MISC|Daniel Tavares Cassilhas Rosa:PER,sim,do cargo em comissão de Adjunto II,do Instituto Estadual do Ambiente - INEA,"EXONERAR a pedido e com validade a contar de 01 de dezembro de 2022, DANIEL TAVARES CASSILHAS ROSA , ID FUNCIONAL Nº 5109624-2, do cargo em comissão de Adjunto II, símbolo DAI-2, do Instituto Estadual do Ambiente - INEA, da",https://www.ioerj.com.br/portal/modules/conteudoonline/mostra_edicao.php?session=VWxWSk1WRlZTVEpOVkVWMFQwUnNSMDVwTURCTlJFVjZURlZKTkUxcVkzUk9NRWsxVFdwcmVrMUVaRVJPYWtrd1RWUmpNMDU2YTNwTmVrVXlUbEU5UFE9PQ==,D:\github\exoneracoes_nomeacoes_dou\LAKE\RJ\2022\12\DOERJ_PARTE_I_PODER_EXECUTIVO_2022-12-12.md
RJ,Diario Oficial do Estado do Rio de Janeiro,2022-12-12,Parte I (Poder Executivo),nomeacao,LUIS CLAUDIO SOUZA DA SILVA,,,,,sim,LUIS CLAUDIO SOUZA DA SILVA:MISC|Luis Claudio Souza Da Silva:PER,sim,,,"NOMEAR LUIS CLAUDIO SOUZA DA SILVA para exercer, com validade a contar de 01 de dezembro de 2022, o cargo em comissão de Assistente, símbolo DAS-6, da",https://www.ioerj.com.br/portal/modules/conteudoonline/mostra_edicao.php?session=VWxWSk1WRlZTVEpOVkVWMFQwUnNSMDVwTURCTlJFVjZURlZKTkUxcVkzUk9NRWsxVFdwcmVrMUVaRVJPYWtrd1RWUmpNMDU2YTNwTmVrVXlUbEU5UFE9PQ==,D:\github\exoneracoes_nomeacoes_dou\LAKE\RJ\2022\12\DOERJ_PARTE_I_PODER_EXECUTIVO_2022-12-12.md
RJ,Diario Oficial do Estado do Rio de Janeiro,2022-12-12,Parte I (Poder Executivo),nomeacao,BRENE CESAR CAMILLO COSTA,,,,,sim,BRENE CESAR:MISC|COSTA:ORG|Brene Cesar Camillo Costa:PER,sim,,,"NOMEAR BRENE CESAR CAMILLO COSTA para exercer, com validade a contar de 01 de dezembro de 2022, o cargo em comissão de Assistente II, símbolo DAI-6, da",https://www.ioerj.com.br/portal/modules/conteudoonline/mostra_edicao.php?session=VWxWSk1WRlZTVEpOVkVWMFQwUnNSMDVwTURCTlJFVjZURlZKTkUxcVkzUk9NRWsxVFdwcmVrMUVaRVJPYWtrd1RWUmpNMDU2YTNwTmVrVXlUbEU5UFE9PQ==,D:\github\exoneracoes_nomeacoes_dou\LAKE\RJ\2022\12\DOERJ_PARTE_I_PODER_EXECUTIVO_2022-12-12.md
RJ,Diario Oficial do Estado do Rio de Janeiro,2022-12-12,Parte I (Poder Executivo),nomeacao,JOSÉ ELIOMAX PEREIRA MARIANO,,,,,sim,JOSÉ ELIOMAX:PER,sim,para exercer o cargo em comissão de Assistente III,da Fundação Teatro Municipal do Rio de Janeiro - FTM/RJ,"NOMEAR JOSÉ ELIOMAX PEREIRA MARIANO para exercer o cargo em comissão de Assistente III, símbolo DAS-7, da Fundação Teatro Municipal do Rio de Janeiro - FTM/RJ, da",https://www.ioerj.com.br/portal/modules/conteudoonline/mostra_edicao.php?session=VWxWSk1WRlZTVEpOVkVWMFQwUnNSMDVwTURCTlJFVjZURlZKTkUxcVkzUk9NRWsxVFdwcmVrMUVaRVJPYWtrd1RWUmpNMDU2YTNwTmVrVXlUbEU5UFE9PQ==,D:\github\exoneracoes_nomeacoes_dou\LAKE\RJ\2022\12\DOERJ_PARTE_I_PODER_EXECUTIVO_2022-12-12.md
RJ,Diario Oficial do Estado do Rio de Janeiro,2022-12-12,Parte I (Poder Executivo),nomeacao,DANIEL EBENDINGER,,,,,sim,DANIEL:MISC|Daniel Ebendinger:PER,sim,para exercer o cargo em comissão de Ajudante I,da Fundação Teatro Municipal do Rio de Janeiro - FTM/RJ,"NOMEAR DANIEL EBENDINGER para exercer o cargo em comissão de Ajudante I, símbolo DAI-1, da Fundação Teatro Municipal do Rio de Janeiro - FTM/RJ, da",https://www.ioerj.com.br/portal/modules/conteudoonline/mostra_edicao.php?session=VWxWSk1WRlZTVEpOVkVWMFQwUnNSMDVwTURCTlJFVjZURlZKTkUxcVkzUk9NRWsxVFdwcmVrMUVaRVJPYWtrd1RWUmpNMDU2YTNwTmVrVXlUbEU5UFE9PQ==,D:\github\exoneracoes_nomeacoes_dou\LAKE\RJ\2022\12\DOERJ_PARTE_I_PODER_EXECUTIVO_2022-12-12.md
RJ,Diario Oficial do Estado do Rio de Janeiro,2022-12-12,Parte I (Poder Executivo),nomeacao,JOSÉ WELITON OLIVEIRA DE FREITAS,51322410,,,,sim,JOSÉ WELITON OLIVEIRA:PER,sim,,da Subsecretaria de Prevenção à Dependência Química,"NOMEAR JOSÉ WELITON OLIVEIRA DE FREITAS , ID FUNCIONAL Nº 51322410, para exercer, com validade a contar de 01 de dezembro de 2022, o cargo em comissão de Assistente, símbolo DAS-6, da Subsecretaria de Prevenção à Dependência Química, da",https://www.ioerj.com.br/portal/modules/conteudoonline/mostra_edicao.php?session=VWxWSk1WRlZTVEpOVkVWMFQwUnNSMDVwTURCTlJFVjZURlZKTkUxcVkzUk9NRWsxVFdwcmVrMUVaRVJPYWtrd1RWUmpNMDU2YTNwTmVrVXlUbEU5UFE9PQ==,D:\github\exoneracoes_nomeacoes_dou\LAKE\RJ\2022\12\DOERJ_PARTE_I_PODER_EXECUTIVO_2022-12-12.md
RJ,Diario Oficial do Estado do Rio de Janeiro,2022-12-12,Parte I (Poder Executivo),exoneracao,KAYLANE PEREIRA CABRAL,51356350,,,,sim,KAYLANE PEREIRA CABRAL:PER,sim,do cargo em comissão de Assessor-Chefe,da Subsecretaria Administrativa,"EXONERAR com validade a contar de 01 de dezembro de 2022, KAYLANE PEREIRA CABRAL , ID FUNCIONAL 51356350, do cargo em comissão de Assessor-Chefe, símbolo DAS-8, da Assessoria de Planejamento, da Subsecretaria Administrativa, da Subsecretaria de Prevenção à Dependência Química, da",https://www.ioerj.com.br/portal/modules/conteudoonline/mostra_edicao.php?session=VWxWSk1WRlZTVEpOVkVWMFQwUnNSMDVwTURCTlJFVjZURlZKTkUxcVkzUk9NRWsxVFdwcmVrMUVaRVJPYWtrd1RWUmpNMDU2YTNwTmVrVXlUbEU5UFE9PQ==,D:\github\exoneracoes_nomeacoes_dou\LAKE\RJ\2022\12\DOERJ_PARTE_I_PODER_EXECUTIVO_2022-12-12.md
RJ,Diario Oficial do Estado do Rio de Janeiro,2022-12-12,Parte I (Poder Executivo),exoneracao,HENEIMAR SANTOS DE SOUZA,1918842-0,,,,sim,HENEIMAR SANTOS:MISC|Santos De Souza:PER,sim,do cargo em comissão de Assistente,,"EXONERAR com validade a contar de 01 de dezembro de 2022, HENEIMAR SANTOS DE SOUZA , ID FUNCIONAL Nº 1918842-0, do cargo em comissão de Assistente, símbolo DAS-6, da",https://www.ioerj.com.br/portal/modules/conteudoonline/mostra_edicao.php?session=VWxWSk1WRlZTVEpOVkVWMFQwUnNSMDVwTURCTlJFVjZURlZKTkUxcVkzUk9NRWsxVFdwcmVrMUVaRVJPYWtrd1RWUmpNMDU2YTNwTmVrVXlUbEU5UFE9PQ==,D:\github\exoneracoes_nomeacoes_dou\LAKE\RJ\2022\12\DOERJ_PARTE_I_PODER_EXECUTIVO_2022-12-12.md
RJ,Diario Oficial do Estado do Rio de Janeiro,2022-12-12,Parte I (Poder Executivo),nomeacao,STEPHANIE ROBERTA SANTANA DA COSTA,5073414-8,,,,sim,STEPHANIE ROBERTA:PER,sim,,,"NOMEAR STEPHANIE ROBERTA SANTANA DA COSTA , ID FUNCIONAL Nº 5073414-8, para exercer, com validade a contar de 01 de dezembro de 2022, o cargo em comissão de Assistente, símbolo DAS-6, da",https://www.ioerj.com.br/portal/modules/conteudoonline/mostra_edicao.php?session=VWxWSk1WRlZTVEpOVkVWMFQwUnNSMDVwTURCTlJFVjZURlZKTkUxcVkzUk9NRWsxVFdwcmVrMUVaRVJPYWtrd1RWUmpNMDU2YTNwTmVrVXlUbEU5UFE9PQ==,D:\github\exoneracoes_nomeacoes_dou\LAKE\RJ\2022\12\DOERJ_PARTE_I_PODER_EXECUTIVO_2022-12-12.md
RJ,Diario Oficial do Estado do Rio de Janeiro,2022-12-12,Parte I (Poder Executivo),exoneracao,RAFAELA MATHIAS DE ANDRADE,5129754-0,,,,sim,RAFAELA MATHIAS DE ANDRADE:MISC|Rafaela Mathias De Andrade:PER,sim,do cargo em comissão de Assistente,da Subsecretaria de Planejamento e Gestão,"EXONERAR com validade a contar de 07 de dezembro de 2022, RAFAELA MATHIAS DE ANDRADE , ID FUNCIONAL Nº 5129754-0, do cargo em comissão de Assistente, símbolo DAI-5, da Diretoria Geral de Administração e Finanças, da Subsecretaria de Planejamento e Gestão, da",https://www.ioerj.com.br/portal/modules/conteudoonline/mostra_edicao.php?session=VWxWSk1WRlZTVEpOVkVWMFQwUnNSMDVwTURCTlJFVjZURlZKTkUxcVkzUk9NRWsxVFdwcmVrMUVaRVJPYWtrd1RWUmpNMDU2YTNwTmVrVXlUbEU5UFE9PQ==,D:\github\exoneracoes_nomeacoes_dou\LAKE\RJ\2022\12\DOERJ_PARTE_I_PODER_EXECUTIVO_2022-12-12.md
RJ,Diario Oficial do Estado do Rio de Janeiro,2022-12-12,Parte I (Poder Executivo),exoneracao,MARCELO CARLOS ALONSO,510323173,,,,sim,MARCELO CARLOS ALONSO:MISC|Marcelo Carlos Alonso:PER,sim,do cargo em comissão de Ajudante I,,"EXONERAR com validade a contar de 07 de dezembro de 2022, MARCELO CARLOS ALONSO , ID FUNCIONAL N° 510323173, do cargo em comissão de Ajudante I, símbolo DAI-1, da",https://www.ioerj.com.br/portal/modules/conteudoonline/mostra_edicao.php?session=VWxWSk1WRlZTVEpOVkVWMFQwUnNSMDVwTURCTlJFVjZURlZKTkUxcVkzUk9NRWsxVFdwcmVrMUVaRVJPYWtrd1RWUmpNMDU2YTNwTmVrVXlUbEU5UFE9PQ==,D:\github\exoneracoes_nomeacoes_dou\LAKE\RJ\2022\12\DOERJ_PARTE_I_PODER_EXECUTIVO_2022-12-12.md
RJ,Diario Oficial do Estado do Rio de Janeiro,2022-12-12,Parte I (Poder Executivo),exoneracao,JOÃO LUIS DOS SANTOS LABRE,5128086-8,,,,sim,JOÃO LUIS DOS:MISC|João Luis Dos Santos Labre:PER,sim,do cargo em comissão de Ajudante I,,"EXONERAR com validade a contar de 07 de dezembro de 2022, JOÃO LUIS DOS SANTOS LABRE , ID FUNCIONAL Nº 5128086-8, do cargo em comissão de Ajudante I, símbolo DAI-1, da",https://www.ioerj.com.br/portal/modules/conteudoonline/mostra_edicao.php?session=VWxWSk1WRlZTVEpOVkVWMFQwUnNSMDVwTURCTlJFVjZURlZKTkUxcVkzUk9NRWsxVFdwcmVrMUVaRVJPYWtrd1RWUmpNMDU2YTNwTmVrVXlUbEU5UFE9PQ==,D:\github\exoneracoes_nomeacoes_dou\LAKE\RJ\2022\12\DOERJ_PARTE_I_PODER_EXECUTIVO_2022-12-12.md
RJ,Diario Oficial do Estado do Rio de Janeiro,2022-12-12,Parte I (Poder Executivo),exoneracao,ALEX DE SOUSA OLIVEIRA,5134060-7,,,,sim,ALEX:MISC|SOUSA OLIVEIRA:MISC|Alex De Sousa Oliveira:PER,sim,do cargo em comissão de Ajudante I,,"EXONERAR com validade a contar de 07 de dezembro de 2022, ALEX DE SOUSA OLIVEIRA , ID FUNCIONAL Nº 5134060-7, do cargo em comissão de Ajudante I, símbolo DAI-1, da",https://www.ioerj.com.br/portal/modules/conteudoonline/mostra_edicao.php?session=VWxWSk1WRlZTVEpOVkVWMFQwUnNSMDVwTURCTlJFVjZURlZKTkUxcVkzUk9NRWsxVFdwcmVrMUVaRVJPYWtrd1RWUmpNMDU2YTNwTmVrVXlUbEU5UFE9PQ==,D:\github\exoneracoes_nomeacoes_dou\LAKE\RJ\2022\12\DOERJ_PARTE_I_PODER_EXECUTIVO_2022-12-12.md
RJ,Diario Oficial do Estado do Rio de Janeiro,2022-12-12,Parte I (Poder Executivo),exoneracao,CAROLAINE DE CARVALHO DO NASCIMENTO,5127035-8,,,,sim,CAROLAINE DE CARVALHO:MISC|Carolaine De Carvalho Do Nascimento:PER,sim,do cargo em comissão de Ajudante I,,"EXONERAR com validade a contar de 07 de dezembro de 2022, CAROLAINE DE CARVALHO DO NASCIMENTO , ID FUNCIONAL Nº 5127035-8, do cargo em comissão de Ajudante I, símbolo DAI-1, da",https://www.ioerj.com.br/portal/modules/conteudoonline/mostra_edicao.php?session=VWxWSk1WRlZTVEpOVkVWMFQwUnNSMDVwTURCTlJFVjZURlZKTkUxcVkzUk9NRWsxVFdwcmVrMUVaRVJPYWtrd1RWUmpNMDU2YTNwTmVrVXlUbEU5UFE9PQ==,D:\github\exoneracoes_nomeacoes_dou\LAKE\RJ\2022\12\DOERJ_PARTE_I_PODER_EXECUTIVO_2022-12-12.md
RJ,Diario Oficial do Estado do Rio de Janeiro,2022-12-12,Parte I (Poder Executivo),exoneracao,RONALD DA SILVA NILO,5127390-0,,,,sim,RONALD DA SILVA:MISC|NILO:ORG|Ronald Da Silva Nilo:PER,sim,do cargo em comissão de Ajudante I,,"EXONERAR com validade a contar de 07 de dezembro de 2022, RONALD DA SILVA NILO , ID FUNCIONAL Nº 5127390-0, do cargo em comissão de Ajudante I, símbolo DAI-1, da",https://www.ioerj.com.br/portal/modules/conteudoonline/mostra_edicao.php?session=VWxWSk1WRlZTVEpOVkVWMFQwUnNSMDVwTURCTlJFVjZURlZKTkUxcVkzUk9NRWsxVFdwcmVrMUVaRVJPYWtrd1RWUmpNMDU2YTNwTmVrVXlUbEU5UFE9PQ==,D:\github\exoneracoes_nomeacoes_dou\LAKE\RJ\2022\12\DOERJ_PARTE_I_PODER_EXECUTIVO_2022-12-12.md
RJ,Diario Oficial do Estado do Rio de Janeiro,2022-12-12,Parte I (Poder Executivo),exoneracao,CRISTIANO JUNIOR FERREIRA DOS SANTOS SOUZA,5126739-0,,,,sim,JUNIOR FERREIRA DOS:MISC|Cristiano Junior Ferreira Dos Santos Souza:PER,sim,do cargo em comissão de Ajudante I,,"EXONERAR com validade a contar de 07 de dezembro de 2022, CRISTIANO JUNIOR FERREIRA DOS SANTOS SOUZA , ID FUNCIONAL Nº 5126739-0, do cargo em comissão de Ajudante I, símbolo DAI-1, da",https://www.ioerj.com.br/portal/modules/conteudoonline/mostra_edicao.php?session=VWxWSk1WRlZTVEpOVkVWMFQwUnNSMDVwTURCTlJFVjZURlZKTkUxcVkzUk9NRWsxVFdwcmVrMUVaRVJPYWtrd1RWUmpNMDU2YTNwTmVrVXlUbEU5UFE9PQ==,D:\github\exoneracoes_nomeacoes_dou\LAKE\RJ\2022\12\DOERJ_PARTE_I_PODER_EXECUTIVO_2022-12-12.md
RJ,Diario Oficial do Estado do Rio de Janeiro,2022-12-12,Parte I (Poder Executivo),exoneracao,FLAVIO HENRIQUE REBEL DE SIQUEIRA,5126842-6,,,,sim,FLAVIO HENRIQUE REBEL:MISC|Flavio Henrique Rebel De Siqueira:PER,sim,do cargo em comissão de Ajudante I,,"EXONERAR com validade a contar de 07 de dezembro de 2022, FLAVIO HENRIQUE REBEL DE SIQUEIRA , ID FUNCIONAL Nº 5126842-6, do cargo em comissão de Ajudante I, símbolo DAI-1, da",https://www.ioerj.com.br/portal/modules/conteudoonline/mostra_edicao.php?session=VWxWSk1WRlZTVEpOVkVWMFQwUnNSMDVwTURCTlJFVjZURlZKTkUxcVkzUk9NRWsxVFdwcmVrMUVaRVJPYWtrd1RWUmpNMDU2YTNwTmVrVXlUbEU5UFE9PQ==,D:\github\exoneracoes_nomeacoes_dou\LAKE\RJ\2022\12\DOERJ_PARTE_I_PODER_EXECUTIVO_2022-12-12.md
RJ,Diario Oficial do Estado do Rio de Janeiro,2022-12-12,Parte I (Poder Executivo),nomeacao,JHONATAS DOS SANTOS LIMA,,,,,sim,JHONATAS DOS SANTOS LIMA:MISC|Jhonatas Dos Santos Lima:PER,sim,para exercer o cargo em comissão de Ajudante I,da Superintendência de Desportos do Estado do Rio de Janeiro - SUDERJ,"NOMEAR JHONATAS DOS SANTOS LIMA para exercer o cargo em comissão de Ajudante I, símbolo DAI-1, da Superintendência de Desportos do Estado do Rio de Janeiro - SUDERJ, da",https://www.ioerj.com.br/portal/modules/conteudoonline/mostra_edicao.php?session=VWxWSk1WRlZTVEpOVkVWMFQwUnNSMDVwTURCTlJFVjZURlZKTkUxcVkzUk9NRWsxVFdwcmVrMUVaRVJPYWtrd1RWUmpNMDU2YTNwTmVrVXlUbEU5UFE9PQ==,D:\github\exoneracoes_nomeacoes_dou\LAKE\RJ\2022\12\DOERJ_PARTE_I_PODER_EXECUTIVO_2022-12-12.md
RJ,Diario Oficial do Estado do Rio de Janeiro,2022-12-12,Parte I (Poder Executivo),nomeacao,ROSELI MACHADO DA ROCHA,,,,,sim,ROSELI MACHADO DA ROCHA:PER,sim,para exercer o cargo em comissão de Assistente,,"NOMEAR ROSELI MACHADO DA ROCHA para exercer o cargo em comissão de Assistente, símbolo DAS-6, da",https://www.ioerj.com.br/portal/modules/conteudoonline/mostra_edicao.php?session=VWxWSk1WRlZTVEpOVkVWMFQwUnNSMDVwTURCTlJFVjZURlZKTkUxcVkzUk9NRWsxVFdwcmVrMUVaRVJPYWtrd1RWUmpNMDU2YTNwTmVrVXlUbEU5UFE9PQ==,D:\github\exoneracoes_nomeacoes_dou\LAKE\RJ\2022\12\DOERJ_PARTE_I_PODER_EXECUTIVO_2022-12-12.md
RJ,Diario Oficial do Estado do Rio de Janeiro,2022-12-12,Parte I (Poder Executivo),nomeacao,MARCIA BARBOSA RANGEL GOMES DA SILVA,2020604-6,,,,sim,MARCIA:MISC|BARBOSA RANGEL GOMES DA SILVA:MISC|Barbosa Rangel Gomes:PER,sim,,da Subsecretaria Militar (SSM),"NOMEAR MARCIA BARBOSA RANGEL GOMES DA SILVA , ID FUNCIONAL Nº 2020604-6, para exercer, com validade a contar de 01 de dezembro de 2022, o cargo em comissão de Secretário II, símbolo DAI-5, da Subsecretaria Militar (SSM), do Gabinete de Segurança Institucional do Governo do Estado do Rio de Janeiro - GSI-RJ, anteriormente ocupado por Patricia Fernandes Pereira, ID Funcional nº 2247943-0. Processo nº SEI-390002/002999/2022",https://www.ioerj.com.br/portal/modules/conteudoonline/mostra_edicao.php?session=VWxWSk1WRlZTVEpOVkVWMFQwUnNSMDVwTURCTlJFVjZURlZKTkUxcVkzUk9NRWsxVFdwcmVrMUVaRVJPYWtrd1RWUmpNMDU2YTNwTmVrVXlUbEU5UFE9PQ==,D:\github\exoneracoes_nomeacoes_dou\LAKE\RJ\2022\12\DOERJ_PARTE_I_PODER_EXECUTIVO_2022-12-12.md
RJ,Diario Oficial do Estado do Rio de Janeiro,2022-12-12,Parte I (Poder Executivo),nomeacao,TAINÁ MARTINS DA COSTA GONÇALVES,,,,,sim,TAINÁ MARTINS:MISC|COSTA GONÇALVES:MISC|Tainá Martins Da Costa Gonçalves:PER,sim,,,"NOMEAR TAINÁ MARTINS DA COSTA GONÇALVES para exercer, com validade a contar de 28 de novembro de 2022, o cargo em comissão de Ajudante II, símbolo DAI-2, da",https://www.ioerj.com.br/portal/modules/conteudoonline/mostra_edicao.php?session=VWxWSk1WRlZTVEpOVkVWMFQwUnNSMDVwTURCTlJFVjZURlZKTkUxcVkzUk9NRWsxVFdwcmVrMUVaRVJPYWtrd1RWUmpNMDU2YTNwTmVrVXlUbEU5UFE9PQ==,D:\github\exoneracoes_nomeacoes_dou\LAKE\RJ\2022\12\DOERJ_PARTE_I_PODER_EXECUTIVO_2022-12-12.md
RJ,Diario Oficial do Estado do Rio de Janeiro,2022-12-12,Parte I (Poder Executivo),nomeacao,RAMON JESUS PINTO DE SOUSA,5004834-1,,,,sim,RAMON:ORG|Ramon Jesus Pinto De Sousa:PER,sim,,,"NOMEAR RAMON JESUS PINTO DE SOUSA , ID FUNCIONAL Nº 5004834-1, para exercer, com validade a contar de 01 de dezembro de 2022, o cargo em comissão de Diretor, símbolo DAS-8, do Centro de Tecnologia de Informação e Comunicação do Estado do Rio de Janeiro - PRODERJ, da",https://www.ioerj.com.br/portal/modules/conteudoonline/mostra_edicao.php?session=VWxWSk1WRlZTVEpOVkVWMFQwUnNSMDVwTURCTlJFVjZURlZKTkUxcVkzUk9NRWsxVFdwcmVrMUVaRVJPYWtrd1RWUmpNMDU2YTNwTmVrVXlUbEU5UFE9PQ==,D:\github\exoneracoes_nomeacoes_dou\LAKE\RJ\2022\12\DOERJ_PARTE_I_PODER_EXECUTIVO_2022-12-12.md
RJ,Diario Oficial do Estado do Rio de Janeiro,2022-12-12,Parte I (Poder Executivo),nomeacao,JERÔNIMO CLEON BORGES CORDEIRO,4269798-0,,,,sim,JERÔNIMO CLEON BORGES CORDEIRO:MISC|Jerônimo Cleon Borges Cordeiro:PER,sim,,da Fundação Santa Cabrini - FSC,"NOMEAR JERÔNIMO CLEON BORGES CORDEIRO, no cargo de Técnico de Nível superior - Administração Nível I, da Fundação Santa Cabrini - FSC, em virtude da aprovação e classificação em vaga prevista do Concurso Público, publicado no Diário Oficial de 21 de outubro de 2014, realizado em 2014 e homologado em 24 de abril de 2015. Id: 2444802 ## D E S PA C H O DO SECRETÁRIO DE 08 DE DEZEMBRO DE 2022 PROCESSO Nº SEI-020007/006259/2022 - AUTORIZO a cessão do servidor CARLOS AUGUSTO MOREIRA DE FREITAS, ID Funcional nº 4269798-0 , do Quadro de Pessoal da",https://www.ioerj.com.br/portal/modules/conteudoonline/mostra_edicao.php?session=VWxWSk1WRlZTVEpOVkVWMFQwUnNSMDVwTURCTlJFVjZURlZKTkUxcVkzUk9NRWsxVFdwcmVrMUVaRVJPYWtrd1RWUmpNMDU2YTNwTmVrVXlUbEU5UFE9PQ==,D:\github\exoneracoes_nomeacoes_dou\LAKE\RJ\2022\12\DOERJ_PARTE_I_PODER_EXECUTIVO_2022-12-12.md
RJ,Diario Oficial do Estado do Rio de Janeiro,2022-12-12,Parte I (Poder Executivo),exoneracao,INSPETORA DE POLÍCIA PENAL,50910868,,,,sim,POLÍCIA PENAL:LOC|De Polícia Penal:PER,sim,do cargo em comissão de Chefe,da Superintendência Operacional de Segurança,"EXONERAR ANA CRISTINA DE OLIVEIRA CONCEIÇÃO , Inspetora de Polícia Penal, ID Funcional nº 50910868, com validade a contar de 28 de outubro de 2022, do cargo em comissão de Chefe, símbolo DAI-5, da Seção IV de Turma de Inspetor, do Serviço de Segurança e Disciplina, do Presídio Nilza da Silva Santos, da Coordenação de Unidades Prisionais Femininas e Cidadania LGBTI, da Superintendência Operacional de Segurança, da Subsecretaria de Gestão Operacional, da",https://www.ioerj.com.br/portal/modules/conteudoonline/mostra_edicao.php?session=VWxWSk1WRlZTVEpOVkVWMFQwUnNSMDVwTURCTlJFVjZURlZKTkUxcVkzUk9NRWsxVFdwcmVrMUVaRVJPYWtrd1RWUmpNMDU2YTNwTmVrVXlUbEU5UFE9PQ==,D:\github\exoneracoes_nomeacoes_dou\LAKE\RJ\2022\12\DOERJ_PARTE_I_PODER_EXECUTIVO_2022-12-12.md
RJ,Diario Oficial do Estado do Rio de Janeiro,2022-12-12,Parte I (Poder Executivo),nomeacao,INSPETORA DE POLÍCIA PENAL,41785479,,,,sim,POLÍCIA PENAL:LOC|De Polícia Penal:PER,sim,,da Superintendência Operacional de Segurança,"NOMEAR MONALISA TAVARES FONTÃO , Inspetora de Polícia Penal, ID Funcional nº 41785479, para exercer com validade a contar de 28 de outubro de 2022, o cargo em comissão de Chefe, símbolo DAI5, da Seção IV de Turma de Inspetor, do Serviço de Segurança e Disciplina, do Presídio Nilza da Silva Santos, da Coordenação de Unidades Prisionais Femininas e Cidadania LGBTI, da Superintendência Operacional de Segurança, da Subsecretaria de Gestão Operacional, da",https://www.ioerj.com.br/portal/modules/conteudoonline/mostra_edicao.php?session=VWxWSk1WRlZTVEpOVkVWMFQwUnNSMDVwTURCTlJFVjZURlZKTkUxcVkzUk9NRWsxVFdwcmVrMUVaRVJPYWtrd1RWUmpNMDU2YTNwTmVrVXlUbEU5UFE9PQ==,D:\github\exoneracoes_nomeacoes_dou\LAKE\RJ\2022\12\DOERJ_PARTE_I_PODER_EXECUTIVO_2022-12-12.md
RJ,Diario Oficial do Estado do Rio de Janeiro,2022-12-08,Parte I (Poder Executivo),exoneracao,MARCUS BELCHIOR CORREA BENTO,6118810,,,,sim,MARCUS BELCHIOR CORREA BENTO:PER,sim,do cargo em comissão de Subchefe do EMG Administrativo,,"EXONERAR com validade a contar de 22 de novembro de 2022, MARCUS BELCHIOR CORREA BENTO , ID FUNCIONAL Nº 6118810, Coronel BM, do cargo em comissão de Subchefe do EMG Administrativo, símbolo DG, da Chefia do Estado Maior Geral, do Corpo de Bombeiros Militar do Estado do Rio de Janeiro - CBMERJ, da",https://www.ioerj.com.br/portal/modules/conteudoonline/mostra_edicao.php?session=VFVSQmVWRlVUa0pTVkUxMFRtcFpORTVETURCTlZWSkNURlZLUjFKRVVYUk5hMGw0VG10YVFrOVVRVEJTVlVsNFRWUmpNMDU2YTNwTmVrazFUa0U5UFE9PQ==,D:\github\exoneracoes_nomeacoes_dou\LAKE\RJ\2022\12\DOERJ_PARTE_I_PODER_EXECUTIVO_2022-12-08.md
RJ,Diario Oficial do Estado do Rio de Janeiro,2022-12-08,Parte I (Poder Executivo),nomeacao,RAISSA NONATO TEBALDI HENRIQUES,,,,,sim,RAISSA:LOC|TEBALDI HENRIQUES:PER,sim,,da Superintendência de Integração Governamental,"NOMEAR RAISSA NONATO TEBALDI HENRIQUES para exercer, com validade a contar de 01 de dezembro de 2022, o cargo em comissão de Coordenador, símbolo DAS-6, da Coordenação Regional VII, da Superintendência de Integração Governamental, da Subsecretaria de Governo, da",https://www.ioerj.com.br/portal/modules/conteudoonline/mostra_edicao.php?session=VFVSQmVWRlVUa0pTVkUxMFRtcFpORTVETURCTlZWSkNURlZLUjFKRVVYUk5hMGw0VG10YVFrOVVRVEJTVlVsNFRWUmpNMDU2YTNwTmVrazFUa0U5UFE9PQ==,D:\github\exoneracoes_nomeacoes_dou\LAKE\RJ\2022\12\DOERJ_PARTE_I_PODER_EXECUTIVO_2022-12-08.md
RJ,Diario Oficial do Estado do Rio de Janeiro,2022-12-08,Parte I (Poder Executivo),exoneracao,JOSE ANTONIO,,,,,sim,JOSE ANTONIO:PER,sim,do cargo em comissão de Agente de Desenvolvimento,,"EXONERAR com validade a contar de 06 de dezembro de 2022, JOSE ANTONIO DA COSTA , ID. FUNCIONAL Nº 5126657-1, do cargo em comissão de Agente de Desenvolvimento, símbolo DAI-1, da",https://www.ioerj.com.br/portal/modules/conteudoonline/mostra_edicao.php?session=VFVSQmVWRlVUa0pTVkUxMFRtcFpORTVETURCTlZWSkNURlZLUjFKRVVYUk5hMGw0VG10YVFrOVVRVEJTVlVsNFRWUmpNMDU2YTNwTmVrazFUa0U5UFE9PQ==,D:\github\exoneracoes_nomeacoes_dou\LAKE\RJ\2022\12\DOERJ_PARTE_I_PODER_EXECUTIVO_2022-12-08.md
RJ,Diario Oficial do Estado do Rio de Janeiro,2022-12-08,Parte I (Poder Executivo),nomeacao,PRISCILA SILVA BERNARDO,,,,,sim,SILVA BERNARDO:PER,sim,,,"NOMEAR PRISCILA SILVA BERNARDO para exercer, com validade a contar de 01 de dezembro de 2022, o cargo em comissão de Assistente, símbolo DAS-6, da",https://www.ioerj.com.br/portal/modules/conteudoonline/mostra_edicao.php?session=VFVSQmVWRlVUa0pTVkUxMFRtcFpORTVETURCTlZWSkNURlZLUjFKRVVYUk5hMGw0VG10YVFrOVVRVEJTVlVsNFRWUmpNMDU2YTNwTmVrazFUa0U5UFE9PQ==,D:\github\exoneracoes_nomeacoes_dou\LAKE\RJ\2022\12\DOERJ_PARTE_I_PODER_EXECUTIVO_2022-12-08.md
RJ,Diario Oficial do Estado do Rio de Janeiro,2022-12-08,Parte I (Poder Executivo),nomeacao,MARIA DA PENHA DO NASCIMENTO LIMA,,,,,sim,PENHA DO NASCIMENTO LIMA:MISC|Maria Da Penha Do Nascimento Lima:PER,sim,,,"NOMEAR MARIA DA PENHA DO NASCIMENTO LIMA para exercer, com validade a contar de 01 de dezembro de 2022, o cargo em comissão de Assistente II, símbolo DAI-6, da",https://www.ioerj.com.br/portal/modules/conteudoonline/mostra_edicao.php?session=VFVSQmVWRlVUa0pTVkUxMFRtcFpORTVETURCTlZWSkNURlZLUjFKRVVYUk5hMGw0VG10YVFrOVVRVEJTVlVsNFRWUmpNMDU2YTNwTmVrazFUa0U5UFE9PQ==,D:\github\exoneracoes_nomeacoes_dou\LAKE\RJ\2022\12\DOERJ_PARTE_I_PODER_EXECUTIVO_2022-12-08.md
RJ,Diario Oficial do Estado do Rio de Janeiro,2022-12-08,Parte I (Poder Executivo),nomeacao,ERNESTO AMERICO MENDES,,,,,sim,ERNESTO AMERICO MENDES:MISC|Ernesto Americo Mendes:PER,sim,,,"NOMEAR ERNESTO AMERICO MENDES para exercer, com validade a contar de 01 de dezembro de 2022, o cargo em comissão de Assistente II, símbolo DAI-6, da",https://www.ioerj.com.br/portal/modules/conteudoonline/mostra_edicao.php?session=VFVSQmVWRlVUa0pTVkUxMFRtcFpORTVETURCTlZWSkNURlZLUjFKRVVYUk5hMGw0VG10YVFrOVVRVEJTVlVsNFRWUmpNMDU2YTNwTmVrazFUa0U5UFE9PQ==,D:\github\exoneracoes_nomeacoes_dou\LAKE\RJ\2022\12\DOERJ_PARTE_I_PODER_EXECUTIVO_2022-12-08.md
RJ,Diario Oficial do Estado do Rio de Janeiro,2022-12-08,Parte I (Poder Executivo),nomeacao,LAIS DA SILVA FERREIRA,,,,,sim,LAIS DA SILVA FERREIRA:MISC|Lais Da Silva Ferreira:PER,sim,,,"NOMEAR LAIS DA SILVA FERREIRA para exercer, com validade a contar de 01 de dezembro de 2022, o cargo em comissão de Assistente II, símbolo DAI-6, da",https://www.ioerj.com.br/portal/modules/conteudoonline/mostra_edicao.php?session=VFVSQmVWRlVUa0pTVkUxMFRtcFpORTVETURCTlZWSkNURlZLUjFKRVVYUk5hMGw0VG10YVFrOVVRVEJTVlVsNFRWUmpNMDU2YTNwTmVrazFUa0U5UFE9PQ==,D:\github\exoneracoes_nomeacoes_dou\LAKE\RJ\2022\12\DOERJ_PARTE_I_PODER_EXECUTIVO_2022-12-08.md
RJ,Diario Oficial do Estado do Rio de Janeiro,2022-12-08,Parte I (Poder Executivo),nomeacao,MAYARA ARAUJO DE MATOS FARIA,5118611-0,,,,sim,MAYARA ARAUJO:MISC|MATOS FARIA:PER,sim,,da Fundação Teatro Municipal do Rio de Janeiro - FTM/RJ,"NOMEAR MAYARA ARAUJO DE MATOS FARIA , ID FUNCIONAL Nº 5118611-0, para exercer, com validade a contar de 03 de outubro de 2022, o cargo em comissão de Assessor Administrativo e Financeiro, símbolo DAS-8, da Diretoria Administrativa e Financeira, da Fundação Teatro Municipal do Rio de Janeiro - FTM/RJ, da",https://www.ioerj.com.br/portal/modules/conteudoonline/mostra_edicao.php?session=VFVSQmVWRlVUa0pTVkUxMFRtcFpORTVETURCTlZWSkNURlZLUjFKRVVYUk5hMGw0VG10YVFrOVVRVEJTVlVsNFRWUmpNMDU2YTNwTmVrazFUa0U5UFE9PQ==,D:\github\exoneracoes_nomeacoes_dou\LAKE\RJ\2022\12\DOERJ_PARTE_I_PODER_EXECUTIVO_2022-12-08.md
RJ,Diario Oficial do Estado do Rio de Janeiro,2022-12-08,Parte I (Poder Executivo),exoneracao,HUGO LEANDRO DO NASCIMENTO CANTANHEDE,5118701-9,,,,sim,HUGO LEANDRO DO NASCIMENTO:MISC|Hugo Leandro Do Nascimento Cantanhede:PER,sim,do cargo em comissão de Assistente III,da Fundação Teatro Municipal do Rio de Janeiro - FTM/RJ,"EXONERAR com validade a contar de 01 de dezembro de 2022, HUGO LEANDRO DO NASCIMENTO CANTANHEDE , ID FUNCIONAL N° 5118701-9, do cargo em comissão de Assistente III, símbolo DAS7, da Fundação Teatro Municipal do Rio de Janeiro - FTM/RJ, da",https://www.ioerj.com.br/portal/modules/conteudoonline/mostra_edicao.php?session=VFVSQmVWRlVUa0pTVkUxMFRtcFpORTVETURCTlZWSkNURlZLUjFKRVVYUk5hMGw0VG10YVFrOVVRVEJTVlVsNFRWUmpNMDU2YTNwTmVrazFUa0U5UFE9PQ==,D:\github\exoneracoes_nomeacoes_dou\LAKE\RJ\2022\12\DOERJ_PARTE_I_PODER_EXECUTIVO_2022-12-08.md
RJ,Diario Oficial do Estado do Rio de Janeiro,2022-12-08,Parte I (Poder Executivo),exoneracao,MAYARA ARAUJO DE MATOS FARIA,51186110,,,,sim,MAYARA ARAUJO:MISC|MATOS FARIA:PER,sim,do cargo em comissão de Assistente I,da Fundação Teatro Municipal do Rio de Janeiro - FTM/RJ,"EXONERAR com validade a contar de 03 de outubro de 2022, MAYARA ARAUJO DE MATOS FARIA , ID FUNCIONAL Nº 51186110, do cargo em comissão de Assistente I, símbolo DAI-6, da Fundação Teatro Municipal do Rio de Janeiro - FTM/RJ, da",https://www.ioerj.com.br/portal/modules/conteudoonline/mostra_edicao.php?session=VFVSQmVWRlVUa0pTVkUxMFRtcFpORTVETURCTlZWSkNURlZLUjFKRVVYUk5hMGw0VG10YVFrOVVRVEJTVlVsNFRWUmpNMDU2YTNwTmVrazFUa0U5UFE9PQ==,D:\github\exoneracoes_nomeacoes_dou\LAKE\RJ\2022\12\DOERJ_PARTE_I_PODER_EXECUTIVO_2022-12-08.md
RJ,Diario Oficial do Estado do Rio de Janeiro,2022-12-08,Parte I (Poder Executivo),nomeacao,NIVEA BALTAR CARIUS,,,,,sim,NIVEA BALTAR CARIUS:PER,sim,,da Fundação Teatro Municipal do Rio de Janeiro -FTM/RJ,"NOMEAR NIVEA BALTAR CARIUS para exercer, com validade a contar de 03 de outubro de 2022, o cargo em comissão de Assistente I, símbolo DAI-6, da Fundação Teatro Municipal do Rio de Janeiro -FTM/RJ, da",https://www.ioerj.com.br/portal/modules/conteudoonline/mostra_edicao.php?session=VFVSQmVWRlVUa0pTVkUxMFRtcFpORTVETURCTlZWSkNURlZLUjFKRVVYUk5hMGw0VG10YVFrOVVRVEJTVlVsNFRWUmpNMDU2YTNwTmVrazFUa0U5UFE9PQ==,D:\github\exoneracoes_nomeacoes_dou\LAKE\RJ\2022\12\DOERJ_PARTE_I_PODER_EXECUTIVO_2022-12-08.md
RJ,Diario Oficial do Estado do Rio de Janeiro,2022-12-08,Parte I (Poder Executivo),nomeacao,RODRIGO SOARES GODOI,,,,,sim,RODRIGO SOARES GODOI:MISC|Rodrigo Soares Godoi:PER,sim,para exercer o cargo em comissão de Encarregado Técnico,da Fundação Teatro Municipal do Rio de Janeiro FTM/RJ,"NOMEAR RODRIGO SOARES GODOI para exercer o cargo em comissão de Encarregado Técnico, símbolo DAI-5, da Fundação Teatro Municipal do Rio de Janeiro FTM/RJ, da",https://www.ioerj.com.br/portal/modules/conteudoonline/mostra_edicao.php?session=VFVSQmVWRlVUa0pTVkUxMFRtcFpORTVETURCTlZWSkNURlZLUjFKRVVYUk5hMGw0VG10YVFrOVVRVEJTVlVsNFRWUmpNMDU2YTNwTmVrazFUa0U5UFE9PQ==,D:\github\exoneracoes_nomeacoes_dou\LAKE\RJ\2022\12\DOERJ_PARTE_I_PODER_EXECUTIVO_2022-12-08.md
RJ,Diario Oficial do Estado do Rio de Janeiro,2022-12-08,Parte I (Poder Executivo),nomeacao,BRUNO MARQUES DE OLIVEIRA,,,,,sim,MARQUES:ORG|OLIVEIRA:ORG|Marques De Oliveira:PER,sim,para exercer o cargo em comissão de Encarregado Técnico,da Fundação Teatro Municipal do Rio de Janeiro - FTM/RJ,"NOMEAR BRUNO MARQUES DE OLIVEIRA para exercer o cargo em comissão de Encarregado Técnico, símbolo DAI-5, da Fundação Teatro Municipal do Rio de Janeiro - FTM/RJ, da",https://www.ioerj.com.br/portal/modules/conteudoonline/mostra_edicao.php?session=VFVSQmVWRlVUa0pTVkUxMFRtcFpORTVETURCTlZWSkNURlZLUjFKRVVYUk5hMGw0VG10YVFrOVVRVEJTVlVsNFRWUmpNMDU2YTNwTmVrazFUa0U5UFE9PQ==,D:\github\exoneracoes_nomeacoes_dou\LAKE\RJ\2022\12\DOERJ_PARTE_I_PODER_EXECUTIVO_2022-12-08.md
RJ,Diario Oficial do Estado do Rio de Janeiro,2022-12-08,Parte I (Poder Executivo),nomeacao,OSVANILDO MEDEIROS DE ANDRADE,,,,,sim,OSVANILDO MEDEIROS DE ANDRADE:MISC|Osvanildo Medeiros De Andrade:PER,sim,,da Fundação Teatro Municipal do Rio de Janeiro - FTM/RJ,"NOMEAR OSVANILDO MEDEIROS DE ANDRADE para exercer, com validade a contar de 28 de setembro de 2022, o cargo em comissão de Encarregado, símbolo DAI-4, da Fundação Teatro Municipal do Rio de Janeiro - FTM/RJ, da",https://www.ioerj.com.br/portal/modules/conteudoonline/mostra_edicao.php?session=VFVSQmVWRlVUa0pTVkUxMFRtcFpORTVETURCTlZWSkNURlZLUjFKRVVYUk5hMGw0VG10YVFrOVVRVEJTVlVsNFRWUmpNMDU2YTNwTmVrazFUa0U5UFE9PQ==,D:\github\exoneracoes_nomeacoes_dou\LAKE\RJ\2022\12\DOERJ_PARTE_I_PODER_EXECUTIVO_2022-12-08.md
RJ,Diario Oficial do Estado do Rio de Janeiro,2022-12-08,Parte I (Poder Executivo),nomeacao,JOÃO LUIZ DO ROSARIO,,,,,sim,JOÃO LUIZ:PER,sim,para exercer o cargo em comissão de Ajudante II,da Fundação Teatro Municipal do Rio de Janeiro - FTM/RJ,"NOMEAR JOÃO LUIZ DO ROSARIO para exercer o cargo em comissão de Ajudante II, símbolo DAI-2, da Fundação Teatro Municipal do Rio de Janeiro - FTM/RJ, da",https://www.ioerj.com.br/portal/modules/conteudoonline/mostra_edicao.php?session=VFVSQmVWRlVUa0pTVkUxMFRtcFpORTVETURCTlZWSkNURlZLUjFKRVVYUk5hMGw0VG10YVFrOVVRVEJTVlVsNFRWUmpNMDU2YTNwTmVrazFUa0U5UFE9PQ==,D:\github\exoneracoes_nomeacoes_dou\LAKE\RJ\2022\12\DOERJ_PARTE_I_PODER_EXECUTIVO_2022-12-08.md
RJ,Diario Oficial do Estado do Rio de Janeiro,2022-12-08,Parte I (Poder Executivo),nomeacao,NATHALIA DOS SANTOS MORAIS CARVALHO,51221764,,,,sim,NATHALIA DOS:MISC|Nathalia Dos Santos Morais Carvalho:PER,sim,,da Superintendência de Promoção e Defesa dos Direitos Humanos,"NOMEAR NATHALIA DOS SANTOS MORAIS CARVALHO , ID FUNCIONAL Nº 51221764, para exercer, com validade a contar de 01 de dezembro de 2022, o cargo em comissão de Assistente II, símbolo DAI-6, da Superintendência de Promoção e Defesa dos Direitos Humanos, da Subsecretaria de Proteção, Defesa e Garantia dos Direitos Humanos, da",https://www.ioerj.com.br/portal/modules/conteudoonline/mostra_edicao.php?session=VFVSQmVWRlVUa0pTVkUxMFRtcFpORTVETURCTlZWSkNURlZLUjFKRVVYUk5hMGw0VG10YVFrOVVRVEJTVlVsNFRWUmpNMDU2YTNwTmVrazFUa0U5UFE9PQ==,D:\github\exoneracoes_nomeacoes_dou\LAKE\RJ\2022\12\DOERJ_PARTE_I_PODER_EXECUTIVO_2022-12-08.md
RJ,Diario Oficial do Estado do Rio de Janeiro,2022-12-08,Parte I (Poder Executivo),nomeacao,VITOR BELLA CASTRO FERNANDES PEREIRA,,,,,sim,Vitor Bella Castro Fernandes Pereira:PER,sim,,da Superintendência de Desportos do Estado do Rio de Janeiro - SUDERJ,"NOMEAR VITOR BELLA CASTRO FERNANDES PEREIRA para exercer, com validade a contar de 01 de novembro de 2022, o cargo em comissão de Ajudante I, símbolo DAI-1, da Superintendência de Desportos do Estado do Rio de Janeiro - SUDERJ, da",https://www.ioerj.com.br/portal/modules/conteudoonline/mostra_edicao.php?session=VFVSQmVWRlVUa0pTVkUxMFRtcFpORTVETURCTlZWSkNURlZLUjFKRVVYUk5hMGw0VG10YVFrOVVRVEJTVlVsNFRWUmpNMDU2YTNwTmVrazFUa0U5UFE9PQ==,D:\github\exoneracoes_nomeacoes_dou\LAKE\RJ\2022\12\DOERJ_PARTE_I_PODER_EXECUTIVO_2022-12-08.md
RJ,Diario Oficial do Estado do Rio de Janeiro,2022-12-08,Parte I (Poder Executivo),nomeacao,LUIZ EDUARDO RODRIGUES DA SILVA,,,,,sim,LUIZ EDUARDO RODRIGUES DA SILVA:PER,sim,,da Superintendência de Desportos do Estado do Rio de Janeiro - SUDERJ,"NOMEAR LUIZ EDUARDO RODRIGUES DA SILVA para exercer, com validade a contar de 01 de novembro de 2022, o cargo em comissão de Ajudante I, símbolo DAI-1, da Superintendência de Desportos do Estado do Rio de Janeiro - SUDERJ, da",https://www.ioerj.com.br/portal/modules/conteudoonline/mostra_edicao.php?session=VFVSQmVWRlVUa0pTVkUxMFRtcFpORTVETURCTlZWSkNURlZLUjFKRVVYUk5hMGw0VG10YVFrOVVRVEJTVlVsNFRWUmpNMDU2YTNwTmVrazFUa0U5UFE9PQ==,D:\github\exoneracoes_nomeacoes_dou\LAKE\RJ\2022\12\DOERJ_PARTE_I_PODER_EXECUTIVO_2022-12-08.md
RJ,Diario Oficial do Estado do Rio de Janeiro,2022-12-06,Parte I (Poder Executivo),exoneracao,BRUNO LUIS LACERDA DOS SANTOS,4373049-3,,,,sim,LUIS LACERDA:ORG|Luis Lacerda Dos Santos:PER,sim,do cargo em comissão de Diretor de Diretoria,da Fundação Leão XIII,"EXONERAR a pedido e com validade a contar de 17 de novembro de 2022, BRUNO LUIS LACERDA DOS SANTOS , ID FUNCIONAL Nº 4373049-3, Especialista em Previdência Social, do cargo em comissão de Diretor de Diretoria, símbolo VP-2, da Diretoria de Administração e Finanças, da Fundação Leão XIII, da",https://www.ioerj.com.br/portal/modules/conteudoonline/mostra_edicao.php?session=VG5wTmVsRnFXWGxOYWtWMFQxVkpNbEpUTURCUmFrbDRURlZGTkU1RlNYUk5SR2MxVGtSVk1FMVVRVEJPYTFwSFRWUmpNMDU2YTNwTmVtZDNUa0U5UFE9PQ==,D:\github\exoneracoes_nomeacoes_dou\LAKE\RJ\2022\12\DOERJ_PARTE_I_PODER_EXECUTIVO_2022-12-06.md
RJ,Diario Oficial do Estado do Rio de Janeiro,2022-12-06,Parte I (Poder Executivo),nomeacao,ANDERSON BRITO PEREIRA,5129352,,,,sim,ANDERSON BRITO PEREIRA:PER,sim,,da Fundação Leão XIII,"NOMEAR ANDERSON BRITO PEREIRA , ID FUNCIONAL Nº 5129352, para exercer, com validade a contar de 25 de novembro de 2022, o cargo em comissão de Diretor de Diretoria, símbolo VP-2, da Diretoria de Administração e Finanças, da Fundação Leão XIII, da",https://www.ioerj.com.br/portal/modules/conteudoonline/mostra_edicao.php?session=VG5wTmVsRnFXWGxOYWtWMFQxVkpNbEpUTURCUmFrbDRURlZGTkU1RlNYUk5SR2MxVGtSVk1FMVVRVEJPYTFwSFRWUmpNMDU2YTNwTmVtZDNUa0U5UFE9PQ==,D:\github\exoneracoes_nomeacoes_dou\LAKE\RJ\2022\12\DOERJ_PARTE_I_PODER_EXECUTIVO_2022-12-06.md
RJ,Diario Oficial do Estado do Rio de Janeiro,2022-12-06,Parte I (Poder Executivo),exoneracao,GUILHERME SARAIVA DE SÁ,5015046-4,,,,sim,GUILHERME SARAIVA DE SÁ:PER,sim,do cargo em comissão de Diretor de Diretoria,da Fundação Leão XIII,"EXONERAR a pedido e com validade a contar de 17 de novembro de 2022, GUILHERME SARAIVA DE SÁ , ID FUNCIONAL Nº 5015046-4 do cargo em comissão de Diretor de Diretoria, símbolo VP2, da Diretoria de Assistência Especializada, da Fundação Leão XIII, da",https://www.ioerj.com.br/portal/modules/conteudoonline/mostra_edicao.php?session=VG5wTmVsRnFXWGxOYWtWMFQxVkpNbEpUTURCUmFrbDRURlZGTkU1RlNYUk5SR2MxVGtSVk1FMVVRVEJPYTFwSFRWUmpNMDU2YTNwTmVtZDNUa0U5UFE9PQ==,D:\github\exoneracoes_nomeacoes_dou\LAKE\RJ\2022\12\DOERJ_PARTE_I_PODER_EXECUTIVO_2022-12-06.md
RJ,Diario Oficial do Estado do Rio de Janeiro,2022-12-06,Parte I (Poder Executivo),nomeacao,ANA SILVIA FURTADO VASCONCELOS,20008260,,,,sim,ANA SILVIA:PER,sim,,da Fundação Leão XIII,"NOMEAR ANA SILVIA FURTADO VASCONCELOS , ID FUNCIONAL Nº 20008260 para exercer, com validade a contar de 23 de novembro de 2022, o cargo em comissão de Diretor de Diretoria, símbolo VP-2, da Diretoria de Assistência Especializada, da Fundação Leão XIII, da",https://www.ioerj.com.br/portal/modules/conteudoonline/mostra_edicao.php?session=VG5wTmVsRnFXWGxOYWtWMFQxVkpNbEpUTURCUmFrbDRURlZGTkU1RlNYUk5SR2MxVGtSVk1FMVVRVEJPYTFwSFRWUmpNMDU2YTNwTmVtZDNUa0U5UFE9PQ==,D:\github\exoneracoes_nomeacoes_dou\LAKE\RJ\2022\12\DOERJ_PARTE_I_PODER_EXECUTIVO_2022-12-06.md
RJ,Diario Oficial do Estado do Rio de Janeiro,2022-12-06,Parte I (Poder Executivo),nomeacao,VANDRO LOPES GONÇALVES,,,,,sim,VANDRO:MISC|Vandro Lopes Gonçalves:PER,sim,para exercer o cargo em comissão de Assistente,,"NOMEAR VANDRO LOPES GONÇALVES para exercer o cargo em comissão de Assistente, símbolo DAS-6, da",https://www.ioerj.com.br/portal/modules/conteudoonline/mostra_edicao.php?session=VG5wTmVsRnFXWGxOYWtWMFQxVkpNbEpUTURCUmFrbDRURlZGTkU1RlNYUk5SR2MxVGtSVk1FMVVRVEJPYTFwSFRWUmpNMDU2YTNwTmVtZDNUa0U5UFE9PQ==,D:\github\exoneracoes_nomeacoes_dou\LAKE\RJ\2022\12\DOERJ_PARTE_I_PODER_EXECUTIVO_2022-12-06.md
RJ,Diario Oficial do Estado do Rio de Janeiro,2022-12-06,Parte I (Poder Executivo),nomeacao,ANTONIO JOAQUIM RIBEIRO NETO,4319076-6,,,,sim,ANTONIO JOAQUIM RIBEIRO NETO:MISC|Antonio Joaquim Ribeiro Neto:PER,sim,,da Fundação Leão XIII,"NOMEAR ANTONIO JOAQUIM RIBEIRO NETO , ID FUNCIONAL Nº 4319076-6, para exercer, com validade a contar de 25 de novembro de 2022, o cargo em comissão de Assistente II, símbolo DAI-6, da Fundação Leão XIII, da",https://www.ioerj.com.br/portal/modules/conteudoonline/mostra_edicao.php?session=VG5wTmVsRnFXWGxOYWtWMFQxVkpNbEpUTURCUmFrbDRURlZGTkU1RlNYUk5SR2MxVGtSVk1FMVVRVEJPYTFwSFRWUmpNMDU2YTNwTmVtZDNUa0U5UFE9PQ==,D:\github\exoneracoes_nomeacoes_dou\LAKE\RJ\2022\12\DOERJ_PARTE_I_PODER_EXECUTIVO_2022-12-06.md
RJ,Diario Oficial do Estado do Rio de Janeiro,2022-12-06,Parte I (Poder Executivo),nomeacao,EDSON PFAGLEL VINHAES,,,,,sim,EDSON PFAGLEL:PER,sim,,,"NOMEAR EDSON PFAGLEL VINHAES para exercer, com validade a contar de 18 de novembro de 2022, o cargo em comissão de Assistente, símbolo DAS-6, da",https://www.ioerj.com.br/portal/modules/conteudoonline/mostra_edicao.php?session=VG5wTmVsRnFXWGxOYWtWMFQxVkpNbEpUTURCUmFrbDRURlZGTkU1RlNYUk5SR2MxVGtSVk1FMVVRVEJPYTFwSFRWUmpNMDU2YTNwTmVtZDNUa0U5UFE9PQ==,D:\github\exoneracoes_nomeacoes_dou\LAKE\RJ\2022\12\DOERJ_PARTE_I_PODER_EXECUTIVO_2022-12-06.md
RJ,Diario Oficial do Estado do Rio de Janeiro,2022-12-06,Parte I (Poder Executivo),exoneracao,CARLOS ALBERTO COSTA,5125167-1,,,,sim,CARLOS ALBERTO COSTA:PER,sim,do cargo em comissão de Assistente Senior,,"EXONERAR com validade a contar de 01 de dezembro de 2022, CARLOS ALBERTO COSTA , ID FUNCIONAL Nº 5125167-1, do cargo em comissão de Assistente Senior, símbolo DAS-6, da",https://www.ioerj.com.br/portal/modules/conteudoonline/mostra_edicao.php?session=VG5wTmVsRnFXWGxOYWtWMFQxVkpNbEpUTURCUmFrbDRURlZGTkU1RlNYUk5SR2MxVGtSVk1FMVVRVEJPYTFwSFRWUmpNMDU2YTNwTmVtZDNUa0U5UFE9PQ==,D:\github\exoneracoes_nomeacoes_dou\LAKE\RJ\2022\12\DOERJ_PARTE_I_PODER_EXECUTIVO_2022-12-06.md
RJ,Diario Oficial do Estado do Rio de Janeiro,2022-12-06,Parte I (Poder Executivo),exoneracao,ROSILENE SOUZA DA SILVA,5124056-4,,,,sim,ROSILENE SOUZA DA SILVA:MISC|Rosilene Souza Da Silva:PER,sim,do cargo em comissão de Assistente,da Subsecretaria de Esporte,"EXONERAR com validade a contar de 01 de dezembro de 2022, ROSILENE SOUZA DA SILVA , ID FUNCIONAL Nº 5124056-4, do cargo em comissão de Assistente, símbolo DAI-5, da Subsecretaria de Esporte, Lazer e Juventude, da",https://www.ioerj.com.br/portal/modules/conteudoonline/mostra_edicao.php?session=VG5wTmVsRnFXWGxOYWtWMFQxVkpNbEpUTURCUmFrbDRURlZGTkU1RlNYUk5SR2MxVGtSVk1FMVVRVEJPYTFwSFRWUmpNMDU2YTNwTmVtZDNUa0U5UFE9PQ==,D:\github\exoneracoes_nomeacoes_dou\LAKE\RJ\2022\12\DOERJ_PARTE_I_PODER_EXECUTIVO_2022-12-06.md
RJ,Diario Oficial do Estado do Rio de Janeiro,2022-12-06,Parte I (Poder Executivo),exoneracao,ELTON DA SILVA FERREIRA,5126843-4,,,,sim,ELTON DA SILVA FERREIRA:PER,sim,do cargo em comissão de Ajudante I,,"EXONERAR com validade a contar de 01 de dezembro de 2022, ELTON DA SILVA FERREIRA , ID FUNCIONAL N° 5126843-4, do cargo em comissão de Ajudante I, símbolo DAI-1, da",https://www.ioerj.com.br/portal/modules/conteudoonline/mostra_edicao.php?session=VG5wTmVsRnFXWGxOYWtWMFQxVkpNbEpUTURCUmFrbDRURlZGTkU1RlNYUk5SR2MxVGtSVk1FMVVRVEJPYTFwSFRWUmpNMDU2YTNwTmVtZDNUa0U5UFE9PQ==,D:\github\exoneracoes_nomeacoes_dou\LAKE\RJ\2022\12\DOERJ_PARTE_I_PODER_EXECUTIVO_2022-12-06.md
RJ,Diario Oficial do Estado do Rio de Janeiro,2022-12-06,Parte I (Poder Executivo),exoneracao,ANDREW FERNANDES DA SILVA DE MELLO,5126925-2,,,,sim,ANDREW FERNANDES DA SILVA:MISC|Andrew Fernandes Da Silva De Mello:PER,sim,do cargo em comissão de Ajudante I,,"EXONERAR com validade a contar de 01 de dezembro de 2022, ANDREW FERNANDES DA SILVA DE MELLO , ID FUNCIONAL Nº 5126925-2, do cargo em comissão de Ajudante I, símbolo DAI-1, da",https://www.ioerj.com.br/portal/modules/conteudoonline/mostra_edicao.php?session=VG5wTmVsRnFXWGxOYWtWMFQxVkpNbEpUTURCUmFrbDRURlZGTkU1RlNYUk5SR2MxVGtSVk1FMVVRVEJPYTFwSFRWUmpNMDU2YTNwTmVtZDNUa0U5UFE9PQ==,D:\github\exoneracoes_nomeacoes_dou\LAKE\RJ\2022\12\DOERJ_PARTE_I_PODER_EXECUTIVO_2022-12-06.md
RJ,Diario Oficial do Estado do Rio de Janeiro,2022-12-06,Parte I (Poder Executivo),exoneracao,WELLINGTON ROCHA DA CONCEIÇÃO,2159032-0,DESPACHO DO,Secretario,5,sim,WELLINGTON ROCHA:MISC|CONCEIÇÃO:ORG|Wellington Rocha Da Conceição:PER,sim,do cargo em comissão de Secretário,,"EXONERAR a pedido e com validade a contar de 01 de dezembro de 2022, WELLINGTON ROCHA DA CONCEIÇÃO , ID FUNCIONAL Nº 2159032-0, do cargo em comissão de Secretário, símbolo DAI-5, da Controladoria Geral do Estado do Rio de Janeiro - CGE. Processo nº SEI-320001/003436/2022. Id: 2443518 ## DESPACHO DO SECRETÁRIO DE 05 DE DEZEMBRO DE 2022 PROCESSO Nº SEI-070002/012734/2022 - AUTORIZO, em conformidade com o",https://www.ioerj.com.br/portal/modules/conteudoonline/mostra_edicao.php?session=VG5wTmVsRnFXWGxOYWtWMFQxVkpNbEpUTURCUmFrbDRURlZGTkU1RlNYUk5SR2MxVGtSVk1FMVVRVEJPYTFwSFRWUmpNMDU2YTNwTmVtZDNUa0U5UFE9PQ==,D:\github\exoneracoes_nomeacoes_dou\LAKE\RJ\2022\12\DOERJ_PARTE_I_PODER_EXECUTIVO_2022-12-06.md
RJ,Diario Oficial do Estado do Rio de Janeiro,2022-12-05,Parte I (Poder Executivo),nomeacao,MATEUS EVANGELISTA MOTTA,,,,,sim,EVANGELISTA MOTTA:ORG|Mateus Evangelista Motta:PER,sim,,,"NOMEAR MATEUS EVANGELISTA MOTTA, para exercer, com validade a contar de 01 de novembro de 2022, o cargo em comissão de Assistente, símbolo DAS-6, da",https://www.ioerj.com.br/portal/modules/conteudoonline/mostra_edicao.php?session=VW1wQk1VOUZTWHBTUkd0MFVWVlpOVkZwTURCU2EwWkNURlJzUWxKVlJYUk5SRlV5VW1wRk0wMVVaekJSVlU1RlRWUmpNMDU2YTNwTmVtY3hUWGM5UFE9PQ==,D:\github\exoneracoes_nomeacoes_dou\LAKE\RJ\2022\12\DOERJ_PARTE_I_PODER_EXECUTIVO_2022-12-05.md
RJ,Diario Oficial do Estado do Rio de Janeiro,2022-12-05,Parte I (Poder Executivo),exoneracao,LARISSA FERREIRA LYRA,5133966-8,,,,sim,LARISSA:PER,sim,do cargo em comissão de Assistente,,"EXONERAR com validade a contar de 01 de novembro de 2022, LARISSA FERREIRA LYRA , ID FUNCIONAL Nº 5133966-8, do cargo em comissão de Assistente, símbolo DAS-6, da",https://www.ioerj.com.br/portal/modules/conteudoonline/mostra_edicao.php?session=VW1wQk1VOUZTWHBTUkd0MFVWVlpOVkZwTURCU2EwWkNURlJzUWxKVlJYUk5SRlV5VW1wRk0wMVVaekJSVlU1RlRWUmpNMDU2YTNwTmVtY3hUWGM5UFE9PQ==,D:\github\exoneracoes_nomeacoes_dou\LAKE\RJ\2022\12\DOERJ_PARTE_I_PODER_EXECUTIVO_2022-12-05.md
RJ,Diario Oficial do Estado do Rio de Janeiro,2022-12-05,Parte I (Poder Executivo),nomeacao,JOÃO VICTOR REIS,,,,,sim,JOÃO VICTOR REIS:PER,sim,,,"NOMEAR JOÃO VICTOR REIS DA COSTA , para exercer, com validade a contar de 01 de novembro de 2022, o cargo em comissão de Assistente I, símbolo DAS-6, da",https://www.ioerj.com.br/portal/modules/conteudoonline/mostra_edicao.php?session=VW1wQk1VOUZTWHBTUkd0MFVWVlpOVkZwTURCU2EwWkNURlJzUWxKVlJYUk5SRlV5VW1wRk0wMVVaekJSVlU1RlRWUmpNMDU2YTNwTmVtY3hUWGM5UFE9PQ==,D:\github\exoneracoes_nomeacoes_dou\LAKE\RJ\2022\12\DOERJ_PARTE_I_PODER_EXECUTIVO_2022-12-05.md
RJ,Diario Oficial do Estado do Rio de Janeiro,2022-12-05,Parte I (Poder Executivo),nomeacao,WAGNER FRANCIONI DE CARVALHO GAMA,0569706-9,,,,sim,FRANCIONI:ORG|CARVALHO GAMA:MISC|Wagner:PER,sim,,da Fundação Leão XIII,"NOMEAR WAGNER FRANCIONI DE CARVALHO GAMA , ID FUNCIONAL Nº 0569706-9, para exercer, com validade a contar de 25 de novembro de 2022, o cargo em comissão de Assistente II, símbolo DAI-6, da Fundação Leão XIII, da",https://www.ioerj.com.br/portal/modules/conteudoonline/mostra_edicao.php?session=VW1wQk1VOUZTWHBTUkd0MFVWVlpOVkZwTURCU2EwWkNURlJzUWxKVlJYUk5SRlV5VW1wRk0wMVVaekJSVlU1RlRWUmpNMDU2YTNwTmVtY3hUWGM5UFE9PQ==,D:\github\exoneracoes_nomeacoes_dou\LAKE\RJ\2022\12\DOERJ_PARTE_I_PODER_EXECUTIVO_2022-12-05.md
RJ,Diario Oficial do Estado do Rio de Janeiro,2022-12-05,Parte I (Poder Executivo),nomeacao,ALFREDO CELSO,,,,,sim,Alfredo Celso:PER,sim,,,"NOMEAR ALFREDO CELSO DA SILVA COUTINHO , para exercer, com validade a contar de 28 de novembro de 2022, o cargo em comissão de Assessor, símbolo DAS-8, da",https://www.ioerj.com.br/portal/modules/conteudoonline/mostra_edicao.php?session=VW1wQk1VOUZTWHBTUkd0MFVWVlpOVkZwTURCU2EwWkNURlJzUWxKVlJYUk5SRlV5VW1wRk0wMVVaekJSVlU1RlRWUmpNMDU2YTNwTmVtY3hUWGM5UFE9PQ==,D:\github\exoneracoes_nomeacoes_dou\LAKE\RJ\2022\12\DOERJ_PARTE_I_PODER_EXECUTIVO_2022-12-05.md
RJ,Diario Oficial do Estado do Rio de Janeiro,2022-12-02,Parte I (Poder Executivo),nomeacao,RONALDO DE OLIVEIRA FERREIRA DA SILVA,2958682-8,,,,sim,RONALDO DE OLIVEIRA FERREIRA DA SILVA:MISC|Ronaldo De Oliveira Ferreira Da Silva:PER,sim,da Assessoria Especial,,"NOMEAR RONALDO DE OLIVEIRA FERREIRA DA SILVA , ID FUNCIONAL Nº 2958682-8 para exercer, com validade a contar de 07 de novembro de 2022, o cargo em comissão de Assessor Técnico Especial, símbolo DG, da Assessoria Especial, da",https://www.ioerj.com.br/portal/modules/conteudoonline/mostra_edicao.php?session=VG1wUk1FOUVSWHBOYTAxMFRVVlZORTlETURCTlJWWkhURlJyTlU1cldYUk9hMHBGVDBWR1JFMUVhRWROYWxwQ1RWUmpNMDU2YTNwT1JFRTFUbEU5UFE9PQ==,D:\github\exoneracoes_nomeacoes_dou\LAKE\RJ\2022\12\DOERJ_PARTE_I_PODER_EXECUTIVO_2022-12-02.md
RJ,Diario Oficial do Estado do Rio de Janeiro,2022-12-02,Parte I (Poder Executivo),nomeacao,LEANDRO BASTOS DA SILVA,5106359-0,,,,sim,LEANDRO BASTOS DA SILVA:MISC|Leandro Bastos:PER,sim,,da Superintendência de Integração Governamental,"NOMEAR LEANDRO BASTOS DA SILVA , ID FUNCIONAL N° 5106359-0 para exercer, com validade a contar de 01 de novembro de 2022, o cargo em comissão de Coordenador, símbolo DAS-6, da Coordenação Regional V, da Superintendência de Integração Governamental, da Subsecretaria de Governo, da",https://www.ioerj.com.br/portal/modules/conteudoonline/mostra_edicao.php?session=VG1wUk1FOUVSWHBOYTAxMFRVVlZORTlETURCTlJWWkhURlJyTlU1cldYUk9hMHBGVDBWR1JFMUVhRWROYWxwQ1RWUmpNMDU2YTNwT1JFRTFUbEU5UFE9PQ==,D:\github\exoneracoes_nomeacoes_dou\LAKE\RJ\2022\12\DOERJ_PARTE_I_PODER_EXECUTIVO_2022-12-02.md
RJ,Diario Oficial do Estado do Rio de Janeiro,2022-12-02,Parte I (Poder Executivo),nomeacao,CARLOS RENATO PIMENTEL GOMES,5094349-1,,,,sim,CARLOS RENATO PIMENTEL:PER,sim,,,"NOMEAR CARLOS RENATO PIMENTEL GOMES , ID FUNCIONAL Nº 5094349-1 para exercer, com validade a contar de 01 de novembro de 2022, o cargo em comissão de Ajudante I, símbolo DAI-1, da",https://www.ioerj.com.br/portal/modules/conteudoonline/mostra_edicao.php?session=VG1wUk1FOUVSWHBOYTAxMFRVVlZORTlETURCTlJWWkhURlJyTlU1cldYUk9hMHBGVDBWR1JFMUVhRWROYWxwQ1RWUmpNMDU2YTNwT1JFRTFUbEU5UFE9PQ==,D:\github\exoneracoes_nomeacoes_dou\LAKE\RJ\2022\12\DOERJ_PARTE_I_PODER_EXECUTIVO_2022-12-02.md
RJ,Diario Oficial do Estado do Rio de Janeiro,2022-12-02,Parte I (Poder Executivo),exoneracao,RICARDO CAMARA CAVALCANTE,4456364-7,,,,sim,RICARDO CAMARA CAVALCANTE:MISC|Ricardo Camara Cavalcante:PER,sim,do cargo em comissão de Coordenador,,"EXONERAR a pedido e com validade a contar de 11 de novembro de 2022, RICARDO CAMARA CAVALCANTE , ID FUNCIONAL Nº 4456364-7, do cargo em comissão de Coordenador, símbolo DAS-8, da Gerência de Controladoria, da Diretoria de Administração e Finanças, do Fundo Único de Previdência Social do Estado do Rio de Janeiro - RIOPREVIDÊNCIA, da",https://www.ioerj.com.br/portal/modules/conteudoonline/mostra_edicao.php?session=VG1wUk1FOUVSWHBOYTAxMFRVVlZORTlETURCTlJWWkhURlJyTlU1cldYUk9hMHBGVDBWR1JFMUVhRWROYWxwQ1RWUmpNMDU2YTNwT1JFRTFUbEU5UFE9PQ==,D:\github\exoneracoes_nomeacoes_dou\LAKE\RJ\2022\12\DOERJ_PARTE_I_PODER_EXECUTIVO_2022-12-02.md
RJ,Diario Oficial do Estado do Rio de Janeiro,2022-12-02,Parte I (Poder Executivo),exoneracao,CATHERINE CAETANA CASTRO,4406083-1,,,,sim,CATHERINE CAETANA:MISC|Catherine Caetana Castro:PER,sim,do cargo em comissão de Assistente II,,"EXONERAR a pedido e com validade a contar de 01 de novembro de 2022, CATHERINE CAETANA CASTRO , ID FUNCIONAL Nº 4406083-1, do cargo em comissão de Assistente II, símbolo DAI-6, do Fundo Único de Previdência Social do Estado do Rio de Janeiro RIOPREVIDÊNCIA, da",https://www.ioerj.com.br/portal/modules/conteudoonline/mostra_edicao.php?session=VG1wUk1FOUVSWHBOYTAxMFRVVlZORTlETURCTlJWWkhURlJyTlU1cldYUk9hMHBGVDBWR1JFMUVhRWROYWxwQ1RWUmpNMDU2YTNwT1JFRTFUbEU5UFE9PQ==,D:\github\exoneracoes_nomeacoes_dou\LAKE\RJ\2022\12\DOERJ_PARTE_I_PODER_EXECUTIVO_2022-12-02.md
RJ,Diario Oficial do Estado do Rio de Janeiro,2022-12-02,Parte I (Poder Executivo),nomeacao,PAULO ROBERTO DA SILVA SOBRAL,4337741-6,,,,sim,Paulo Roberto:PER,sim,para exercer o cargo em comissão de Chefe de Seção,do Departamento Geral de Material,"NOMEAR PAULO ROBERTO DA SILVA SOBRAL ID Funcional nº 4337741-6, para exercer o cargo em comissão de Chefe de Seção, símbolo DAI-5, da Seção de Controle Físico, do Serviço de Controle de Estoque, da Divisão de Suprimento, do Departamento Geral de Material, da Diretoria de Apoio Técnico, do Instituto de Assistência dos Servidores do Estado do Rio de Janeiro - IASERJ, da",https://www.ioerj.com.br/portal/modules/conteudoonline/mostra_edicao.php?session=VG1wUk1FOUVSWHBOYTAxMFRVVlZORTlETURCTlJWWkhURlJyTlU1cldYUk9hMHBGVDBWR1JFMUVhRWROYWxwQ1RWUmpNMDU2YTNwT1JFRTFUbEU5UFE9PQ==,D:\github\exoneracoes_nomeacoes_dou\LAKE\RJ\2022\12\DOERJ_PARTE_I_PODER_EXECUTIVO_2022-12-02.md
RJ,Diario Oficial do Estado do Rio de Janeiro,2022-12-02,Parte I (Poder Executivo),exoneracao,ALEXANDRE ALVES BEZERRA,1980973-5,,,,sim,ALEXANDRE:MISC|BEZERRA:MISC|Alexandre Alves Bezerra:PER,sim,do cargo em comissão de Assistente,do Departamento Geral de Ações Socioeducativas - DEGASE,"EXONERAR com validade a contar de 11 de novembro de 2022, ALEXANDRE ALVES BEZERRA , ID FUNCIONAL N° 1980973-5, do cargo em comissão de Assistente, símbolo DAS-6, do Departamento Geral de Ações Socioeducativas - DEGASE, da",https://www.ioerj.com.br/portal/modules/conteudoonline/mostra_edicao.php?session=VG1wUk1FOUVSWHBOYTAxMFRVVlZORTlETURCTlJWWkhURlJyTlU1cldYUk9hMHBGVDBWR1JFMUVhRWROYWxwQ1RWUmpNMDU2YTNwT1JFRTFUbEU5UFE9PQ==,D:\github\exoneracoes_nomeacoes_dou\LAKE\RJ\2022\12\DOERJ_PARTE_I_PODER_EXECUTIVO_2022-12-02.md
RJ,Diario Oficial do Estado do Rio de Janeiro,2022-12-02,Parte I (Poder Executivo),nomeacao,ELAINE CRISTINA LEAL OLIVEIRA,,,,,sim,ELAINE CRISTINA LEAL OLIVEIRA:MISC|Elaine Cristina Leal Oliveira:PER,sim,,do Departamento Geral de Ações Socioeducativas - DEGASE,"NOMEAR ELAINE CRISTINA LEAL OLIVEIRA para exercer, com validade a contar de 11 de novembro de 2022, o cargo em comissão de Assistente, símbolo DAS-6, do Departamento Geral de Ações Socioeducativas - DEGASE, da",https://www.ioerj.com.br/portal/modules/conteudoonline/mostra_edicao.php?session=VG1wUk1FOUVSWHBOYTAxMFRVVlZORTlETURCTlJWWkhURlJyTlU1cldYUk9hMHBGVDBWR1JFMUVhRWROYWxwQ1RWUmpNMDU2YTNwT1JFRTFUbEU5UFE9PQ==,D:\github\exoneracoes_nomeacoes_dou\LAKE\RJ\2022\12\DOERJ_PARTE_I_PODER_EXECUTIVO_2022-12-02.md
RJ,Diario Oficial do Estado do Rio de Janeiro,2022-12-02,Parte I (Poder Executivo),exoneracao,OLDRICH TOMAZ DE ALMEIDA WAIT,5009337-1,,,,sim,OLDRICH TOMAZ DE ALMEIDA WAIT:MISC|Oldrich Tomaz De Almeida Wait:PER,sim,do cargo em comissão de Diretor Adjunto,do Departamento Geral de Ações Socioeducativas - DEGASE,"EXONERAR com validade a contar de 11 de novembro de 2022, OLDRICH TOMAZ DE ALMEIDA WAIT , ID FUNCIONAL N° 5009337-1, do cargo em comissão de Diretor Adjunto, símbolo DAS-6, do Departamento Geral de Ações Socioeducativas - DEGASE, da",https://www.ioerj.com.br/portal/modules/conteudoonline/mostra_edicao.php?session=VG1wUk1FOUVSWHBOYTAxMFRVVlZORTlETURCTlJWWkhURlJyTlU1cldYUk9hMHBGVDBWR1JFMUVhRWROYWxwQ1RWUmpNMDU2YTNwT1JFRTFUbEU5UFE9PQ==,D:\github\exoneracoes_nomeacoes_dou\LAKE\RJ\2022\12\DOERJ_PARTE_I_PODER_EXECUTIVO_2022-12-02.md
RJ,Diario Oficial do Estado do Rio de Janeiro,2022-12-02,Parte I (Poder Executivo),nomeacao,CLAUDIA MARIA DOS SANTOS RIBEIRO,,,,,sim,MARIA DOS SANTOS RIBEIRO:MISC|Claudia Maria Dos Santos Ribeiro:PER,sim,,do Departamento Geral de Ações Socioeducativas - DEGASE,"NOMEAR CLAUDIA MARIA DOS SANTOS RIBEIRO para exercer, com validade a contar de 11 de novembro de 2022, o cargo em comissão de Diretor Adjunto, símbolo DAS-6, do Departamento Geral de Ações Socioeducativas - DEGASE, da",https://www.ioerj.com.br/portal/modules/conteudoonline/mostra_edicao.php?session=VG1wUk1FOUVSWHBOYTAxMFRVVlZORTlETURCTlJWWkhURlJyTlU1cldYUk9hMHBGVDBWR1JFMUVhRWROYWxwQ1RWUmpNMDU2YTNwT1JFRTFUbEU5UFE9PQ==,D:\github\exoneracoes_nomeacoes_dou\LAKE\RJ\2022\12\DOERJ_PARTE_I_PODER_EXECUTIVO_2022-12-02.md
RJ,Diario Oficial do Estado do Rio de Janeiro,2022-12-02,Parte I (Poder Executivo),nomeacao,OLDRICH TOMAZ DE ALMEIDA WAIT,5009337-1,,,,sim,OLDRICH TOMAZ DE ALMEIDA WAIT:MISC|Oldrich Tomaz De Almeida Wait:PER,sim,,do Departamento Geral de Ações Socioeducativas - DEGASE,"NOMEAR OLDRICH TOMAZ DE ALMEIDA WAIT , ID FUNCIONAL N° 5009337-1 para exercer, com validade a contar de 11 de novembro de 2022, o cargo em comissão de Chefe de Setor, símbolo DAI-4, do Departamento Geral de Ações Socioeducativas - DEGASE, da",https://www.ioerj.com.br/portal/modules/conteudoonline/mostra_edicao.php?session=VG1wUk1FOUVSWHBOYTAxMFRVVlZORTlETURCTlJWWkhURlJyTlU1cldYUk9hMHBGVDBWR1JFMUVhRWROYWxwQ1RWUmpNMDU2YTNwT1JFRTFUbEU5UFE9PQ==,D:\github\exoneracoes_nomeacoes_dou\LAKE\RJ\2022\12\DOERJ_PARTE_I_PODER_EXECUTIVO_2022-12-02.md
RJ,Diario Oficial do Estado do Rio de Janeiro,2022-12-02,Parte I (Poder Executivo),exoneracao,CLAUDIO TADEU FIGUEIREDO DE OLIVEIRA ROCHA,5023761-6,,,,sim,CLAUDIO TADEU FIGUEIREDO DE OLIVEIRA ROCHA:MISC|Claudio Tadeu Figueiredo De Oliveira Rocha:PER,sim,do cargo em comissão de Chefe de Setor,do Departamento Geral de Ações Socioeducativas - DEGASE,"EXONERAR com validade a contar de 11 de novembro de 2022, CLAUDIO TADEU FIGUEIREDO DE OLIVEIRA ROCHA , ID FUNCIONAL N° 5023761-6, do cargo em comissão de Chefe de Setor, símbolo DAI-4, do Departamento Geral de Ações Socioeducativas - DEGASE, da",https://www.ioerj.com.br/portal/modules/conteudoonline/mostra_edicao.php?session=VG1wUk1FOUVSWHBOYTAxMFRVVlZORTlETURCTlJWWkhURlJyTlU1cldYUk9hMHBGVDBWR1JFMUVhRWROYWxwQ1RWUmpNMDU2YTNwT1JFRTFUbEU5UFE9PQ==,D:\github\exoneracoes_nomeacoes_dou\LAKE\RJ\2022\12\DOERJ_PARTE_I_PODER_EXECUTIVO_2022-12-02.md
RJ,Diario Oficial do Estado do Rio de Janeiro,2022-12-02,Parte I (Poder Executivo),nomeacao,CLAUDIO TADEU FIGUEIREDO DE OLIVEIRA ROCHA,5023761-6,,,,sim,CLAUDIO TADEU FIGUEIREDO DE OLIVEIRA ROCHA:MISC|Claudio Tadeu Figueiredo De Oliveira Rocha:PER,sim,,do Departamento Geral de Ações Socioeducativas - DEGASE,"NOMEAR CLAUDIO TADEU FIGUEIREDO DE OLIVEIRA ROCHA ID FUNCIONAL N° 5023761-6 para exercer, com validade a contar de 11 de novembro de 2022, o cargo em comissão de Chefe de Setor - Coordenador de Plantão, símbolo DAI-4, do Departamento Geral de Ações Socioeducativas - DEGASE, da",https://www.ioerj.com.br/portal/modules/conteudoonline/mostra_edicao.php?session=VG1wUk1FOUVSWHBOYTAxMFRVVlZORTlETURCTlJWWkhURlJyTlU1cldYUk9hMHBGVDBWR1JFMUVhRWROYWxwQ1RWUmpNMDU2YTNwT1JFRTFUbEU5UFE9PQ==,D:\github\exoneracoes_nomeacoes_dou\LAKE\RJ\2022\12\DOERJ_PARTE_I_PODER_EXECUTIVO_2022-12-02.md
RJ,Diario Oficial do Estado do Rio de Janeiro,2022-12-02,Parte I (Poder Executivo),exoneracao,FA BIO RODRIGUES DE CASTRO,5017996-9,,,,sim,FA BIO RODRIGUES DE CASTRO:MISC|Bio Rodrigues:PER,sim,do cargo em comissão de Chefe de Setor - Coordenador de Plantão,do Departamento Geral de Ações Socioeducativas DEGASE,"EXONERAR com validade a contar de 11 de novembro de 2022, FA BIO RODRIGUES DE CASTRO , ID FUNCIONAL Nº 5017996-9, do cargo em comissão de Chefe de Setor - Coordenador de Plantão, símbolo DAI-4, do Departamento Geral de Ações Socioeducativas DEGASE, da",https://www.ioerj.com.br/portal/modules/conteudoonline/mostra_edicao.php?session=VG1wUk1FOUVSWHBOYTAxMFRVVlZORTlETURCTlJWWkhURlJyTlU1cldYUk9hMHBGVDBWR1JFMUVhRWROYWxwQ1RWUmpNMDU2YTNwT1JFRTFUbEU5UFE9PQ==,D:\github\exoneracoes_nomeacoes_dou\LAKE\RJ\2022\12\DOERJ_PARTE_I_PODER_EXECUTIVO_2022-12-02.md
RJ,Diario Oficial do Estado do Rio de Janeiro,2022-12-02,Parte I (Poder Executivo),exoneracao,CARLOS ANTÔNIO DA CRUZ SANTOS,1981974-9,,,,sim,CARLOS ANTÔNIO DA CRUZ SANTOS:PER,sim,do cargo em comissão de Assistente,do Departamento Geral de Ações Socioeducativas - DEGASE,"EXONERAR com validade a contar de 11 de novembro de 2022, CARLOS ANTÔNIO DA CRUZ SANTOS , ID FUNCIONAL Nº 1981974-9, do cargo em comissão de Assistente, símbolo DAS-6, do Departamento Geral de Ações Socioeducativas - DEGASE, da",https://www.ioerj.com.br/portal/modules/conteudoonline/mostra_edicao.php?session=VG1wUk1FOUVSWHBOYTAxMFRVVlZORTlETURCTlJWWkhURlJyTlU1cldYUk9hMHBGVDBWR1JFMUVhRWROYWxwQ1RWUmpNMDU2YTNwT1JFRTFUbEU5UFE9PQ==,D:\github\exoneracoes_nomeacoes_dou\LAKE\RJ\2022\12\DOERJ_PARTE_I_PODER_EXECUTIVO_2022-12-02.md
RJ,Diario Oficial do Estado do Rio de Janeiro,2022-12-02,Parte I (Poder Executivo),nomeacao,LARISSA BARREIROS PINHEIRO,,,,,sim,LARISSA:PER,sim,,do Departamento Geral de Ações Socioeducativas - DEGASE,"NOMEAR LARISSA BARREIROS PINHEIRO para exercer, com validade a contar de 11 de novembro de 2022, o cargo em comissão de Assistente, símbolo DAS-6, do Departamento Geral de Ações Socioeducativas - DEGASE, da",https://www.ioerj.com.br/portal/modules/conteudoonline/mostra_edicao.php?session=VG1wUk1FOUVSWHBOYTAxMFRVVlZORTlETURCTlJWWkhURlJyTlU1cldYUk9hMHBGVDBWR1JFMUVhRWROYWxwQ1RWUmpNMDU2YTNwT1JFRTFUbEU5UFE9PQ==,D:\github\exoneracoes_nomeacoes_dou\LAKE\RJ\2022\12\DOERJ_PARTE_I_PODER_EXECUTIVO_2022-12-02.md
RJ,Diario Oficial do Estado do Rio de Janeiro,2022-12-02,Parte I (Poder Executivo),nomeacao,CARLOS ANTÔNIO DA CRUZ SANTOS,1981974-9,,,,sim,CARLOS ANTÔNIO DA CRUZ SANTOS:PER,sim,,do Departamento Geral de Ações Socioeducativas - DEGASE,"NOMEAR CARLOS ANTÔNIO DA CRUZ SANTOS, ID FUNCIONAL Nº 1981974-9, para exercer, com validade a contar de 11 de novembro de 2022, o cargo em comissão de Chefe de Setor, símbolo DAI-4, do Departamento Geral de Ações Socioeducativas - DEGASE, da",https://www.ioerj.com.br/portal/modules/conteudoonline/mostra_edicao.php?session=VG1wUk1FOUVSWHBOYTAxMFRVVlZORTlETURCTlJWWkhURlJyTlU1cldYUk9hMHBGVDBWR1JFMUVhRWROYWxwQ1RWUmpNMDU2YTNwT1JFRTFUbEU5UFE9PQ==,D:\github\exoneracoes_nomeacoes_dou\LAKE\RJ\2022\12\DOERJ_PARTE_I_PODER_EXECUTIVO_2022-12-02.md
RJ,Diario Oficial do Estado do Rio de Janeiro,2022-12-02,Parte I (Poder Executivo),exoneracao,FELIPE AMANCIO MARINHO,5035845-6,,,,sim,FELIPE AMANCIO MARINHO:MISC|Felipe Amancio Marinho:PER,sim,do cargo em comissão de Chefe de Setor,do Departamento Geral de Ações Socioeducativas - DEGASE,"EXONERAR com validade a contar de 11 de novembro de 2022, FELIPE AMANCIO MARINHO , ID FUNCIONAL N° 5035845-6, do cargo em comissão de Chefe de Setor, símbolo DAI-4, do Departamento Geral de Ações Socioeducativas - DEGASE, da",https://www.ioerj.com.br/portal/modules/conteudoonline/mostra_edicao.php?session=VG1wUk1FOUVSWHBOYTAxMFRVVlZORTlETURCTlJWWkhURlJyTlU1cldYUk9hMHBGVDBWR1JFMUVhRWROYWxwQ1RWUmpNMDU2YTNwT1JFRTFUbEU5UFE9PQ==,D:\github\exoneracoes_nomeacoes_dou\LAKE\RJ\2022\12\DOERJ_PARTE_I_PODER_EXECUTIVO_2022-12-02.md
RJ,Diario Oficial do Estado do Rio de Janeiro,2022-12-02,Parte I (Poder Executivo),exoneracao,JULIO RENATO DOS SANTOS ROCHA,5009669-9,,,,sim,JULIO RENATO DOS SANTOS ROCHA:MISC|Julio Renato Dos Santos Rocha:PER,sim,do cargo em comissão de Chefe de Setor - Coordenador de Plantão,do Departamento Geral de Ações Socioeducativas DEGASE,"EXONERAR com validade a contar de 11 de novembro de 2022, JULIO RENATO DOS SANTOS ROCHA ID FUNCIONAL N°5009669-9, do cargo em comissão de Chefe de Setor - Coordenador de Plantão, símbolo DAI-4, do Departamento Geral de Ações Socioeducativas DEGASE, da",https://www.ioerj.com.br/portal/modules/conteudoonline/mostra_edicao.php?session=VG1wUk1FOUVSWHBOYTAxMFRVVlZORTlETURCTlJWWkhURlJyTlU1cldYUk9hMHBGVDBWR1JFMUVhRWROYWxwQ1RWUmpNMDU2YTNwT1JFRTFUbEU5UFE9PQ==,D:\github\exoneracoes_nomeacoes_dou\LAKE\RJ\2022\12\DOERJ_PARTE_I_PODER_EXECUTIVO_2022-12-02.md
RJ,Diario Oficial do Estado do Rio de Janeiro,2022-12-02,Parte I (Poder Executivo),nomeacao,FELIPE AMANCIO MARINHO,50358456,,,,sim,FELIPE AMANCIO MARINHO:MISC|Felipe Amancio Marinho:PER,sim,,do Departamento Geral de Ações Socioeducativas DEGASE,"NOMEAR FELIPE AMANCIO MARINHO ID FUNCIONAL N° 50358456 para exercer, com validade a contar de 11 de novembro de 2022, o cargo em comissão de Chefe de Setor - Coordenador de Plantão, símbolo DAI-4, do Departamento Geral de Ações Socioeducativas DEGASE, da",https://www.ioerj.com.br/portal/modules/conteudoonline/mostra_edicao.php?session=VG1wUk1FOUVSWHBOYTAxMFRVVlZORTlETURCTlJWWkhURlJyTlU1cldYUk9hMHBGVDBWR1JFMUVhRWROYWxwQ1RWUmpNMDU2YTNwT1JFRTFUbEU5UFE9PQ==,D:\github\exoneracoes_nomeacoes_dou\LAKE\RJ\2022\12\DOERJ_PARTE_I_PODER_EXECUTIVO_2022-12-02.md
RJ,Diario Oficial do Estado do Rio de Janeiro,2022-12-02,Parte I (Poder Executivo),nomeacao,WESLEY JONAS SOUZA DA SILVA,,,,,sim,WESLEY JONAS SOUZA DA SILVA:MISC|Wesley Jonas Souza Da Silva:PER,sim,,,"NOMEAR WESLEY JONAS SOUZA DA SILVA para exercer, com validade a contar de 01 de novembro de 2022, o cargo em comissão de Assistente II, símbolo DAI-6, da",https://www.ioerj.com.br/portal/modules/conteudoonline/mostra_edicao.php?session=VG1wUk1FOUVSWHBOYTAxMFRVVlZORTlETURCTlJWWkhURlJyTlU1cldYUk9hMHBGVDBWR1JFMUVhRWROYWxwQ1RWUmpNMDU2YTNwT1JFRTFUbEU5UFE9PQ==,D:\github\exoneracoes_nomeacoes_dou\LAKE\RJ\2022\12\DOERJ_PARTE_I_PODER_EXECUTIVO_2022-12-02.md
RJ,Diario Oficial do Estado do Rio de Janeiro,2022-12-02,Parte I (Poder Executivo),nomeacao,ILANA DA SILVA RIBEIRO DE SOUZA,,,,,sim,ILANA DA SILVA RIBEIRO:PER,sim,,,"NOMEAR ILANA DA SILVA RIBEIRO DE SOUZA para exercer, com validade a contar de 01 de dezembro de 2022, o cargo em comissão de Assistente II, símbolo DAI-6, da",https://www.ioerj.com.br/portal/modules/conteudoonline/mostra_edicao.php?session=VG1wUk1FOUVSWHBOYTAxMFRVVlZORTlETURCTlJWWkhURlJyTlU1cldYUk9hMHBGVDBWR1JFMUVhRWROYWxwQ1RWUmpNMDU2YTNwT1JFRTFUbEU5UFE9PQ==,D:\github\exoneracoes_nomeacoes_dou\LAKE\RJ\2022\12\DOERJ_PARTE_I_PODER_EXECUTIVO_2022-12-02.md
RJ,Diario Oficial do Estado do Rio de Janeiro,2022-12-02,Parte I (Poder Executivo),nomeacao,EDIRLANE CARVALHO DE SOUZA FREITAS,4355411-3,,,,sim,CARVALHO DE SOUZA FREITAS:MISC|Edirlane Carvalho De Souza Freitas:PER,sim,,,"NOMEAR EDIRLANE CARVALHO DE SOUZA FREITAS , ID FUNCIONAL Nº 4355411-3 para exercer, com validade a contar de 01 de dezembro de 2022, o cargo em comissão de Assistente II, símbolo DAI6, da",https://www.ioerj.com.br/portal/modules/conteudoonline/mostra_edicao.php?session=VG1wUk1FOUVSWHBOYTAxMFRVVlZORTlETURCTlJWWkhURlJyTlU1cldYUk9hMHBGVDBWR1JFMUVhRWROYWxwQ1RWUmpNMDU2YTNwT1JFRTFUbEU5UFE9PQ==,D:\github\exoneracoes_nomeacoes_dou\LAKE\RJ\2022\12\DOERJ_PARTE_I_PODER_EXECUTIVO_2022-12-02.md
RJ,Diario Oficial do Estado do Rio de Janeiro,2022-12-02,Parte I (Poder Executivo),exoneracao,NATHÁLIA GUIMARÃES FARIAS,5035179-6,,,,sim,NATHÁLIA GUIMARÃES:MISC|Nathália Guimarães Farias:PER,sim,do cargo em comissão de Secretário Executivo,,"EXONERAR com validade a contar de 01 de dezembro de 2022, NATHÁLIA GUIMARÃES FARIAS , ID FUNCIONAL Nº 5035179-6, do cargo em comissão de Secretário Executivo, símbolo DAS-8, da",https://www.ioerj.com.br/portal/modules/conteudoonline/mostra_edicao.php?session=VG1wUk1FOUVSWHBOYTAxMFRVVlZORTlETURCTlJWWkhURlJyTlU1cldYUk9hMHBGVDBWR1JFMUVhRWROYWxwQ1RWUmpNMDU2YTNwT1JFRTFUbEU5UFE9PQ==,D:\github\exoneracoes_nomeacoes_dou\LAKE\RJ\2022\12\DOERJ_PARTE_I_PODER_EXECUTIVO_2022-12-02.md
RJ,Diario Oficial do Estado do Rio de Janeiro,2022-12-02,Parte I (Poder Executivo),exoneracao,DANIELE APARECIDA CORRÊA BRAGA RODRIGUES,50905120,,,,sim,DANIELE APARECIDA:MISC|Daniele Aparecida Corrêa Braga Rodrigues:PER,sim,do cargo em comissão de Assistente,,"EXONERAR a pedido e com validade a contar de 07 de novembro de 2022, DANIELE APARECIDA CORRÊA BRAGA RODRIGUES , ID FUNCIONAL Nº 50905120, do cargo em comissão de Assistente, símbolo DAS-6, da",https://www.ioerj.com.br/portal/modules/conteudoonline/mostra_edicao.php?session=VG1wUk1FOUVSWHBOYTAxMFRVVlZORTlETURCTlJWWkhURlJyTlU1cldYUk9hMHBGVDBWR1JFMUVhRWROYWxwQ1RWUmpNMDU2YTNwT1JFRTFUbEU5UFE9PQ==,D:\github\exoneracoes_nomeacoes_dou\LAKE\RJ\2022\12\DOERJ_PARTE_I_PODER_EXECUTIVO_2022-12-02.md
RJ,Diario Oficial do Estado do Rio de Janeiro,2022-12-02,Parte I (Poder Executivo),exoneracao,ANDERSON BRITO PEREIRA,5129352,,,,sim,ANDERSON BRITO PEREIRA:PER,sim,do cargo em comissão de Assistente,,"EXONERAR com validade a contar de 01 de dezembro de 2022, ANDERSON BRITO PEREIRA , ID FUNCIONAL Nº 5129352, do cargo em comissão de Assistente, símbolo DAS-6, da",https://www.ioerj.com.br/portal/modules/conteudoonline/mostra_edicao.php?session=VG1wUk1FOUVSWHBOYTAxMFRVVlZORTlETURCTlJWWkhURlJyTlU1cldYUk9hMHBGVDBWR1JFMUVhRWROYWxwQ1RWUmpNMDU2YTNwT1JFRTFUbEU5UFE9PQ==,D:\github\exoneracoes_nomeacoes_dou\LAKE\RJ\2022\12\DOERJ_PARTE_I_PODER_EXECUTIVO_2022-12-02.md
RJ,Diario Oficial do Estado do Rio de Janeiro,2022-12-02,Parte I (Poder Executivo),exoneracao,RAIMUNDO NONATO PINHEIRO DE FREITAS,51289768,,,,sim,RAIMUNDO NONATO PINHEIRO:PER,sim,do cargo em comissão de Assistente II,,"EXONERAR com validade a contar de 30 de novembro de 2022, RAIMUNDO NONATO PINHEIRO DE FREITAS ID Funcional nº 51289768, do cargo em comissão de Assistente II, símbolo DAI-6, da",https://www.ioerj.com.br/portal/modules/conteudoonline/mostra_edicao.php?session=VG1wUk1FOUVSWHBOYTAxMFRVVlZORTlETURCTlJWWkhURlJyTlU1cldYUk9hMHBGVDBWR1JFMUVhRWROYWxwQ1RWUmpNMDU2YTNwT1JFRTFUbEU5UFE9PQ==,D:\github\exoneracoes_nomeacoes_dou\LAKE\RJ\2022\12\DOERJ_PARTE_I_PODER_EXECUTIVO_2022-12-02.md
RJ,Diario Oficial do Estado do Rio de Janeiro,2022-12-02,Parte I (Poder Executivo),exoneracao,INSPETOR DE POLÍCIA PENAL,50011774,,,,sim,POLÍCIA PENAL:LOC|Inspetor De Polícia Penal:PER,sim,do cargo em comissão de Chefe,da Superintendência Operacional de Segurança,"EXONERAR EDUARDO DA SILVA PEREIRA , Inspetor de Polícia Penal, ID Funcional nº 50011774, com validade a contar de 27 de outubro de 2022, do cargo em comissão de Chefe, símbolo DAI-5, da Seção II de Turma de Inspetor, do Serviço de Segurança e Disciplina, do Presídio Lemos Brito, da Coordenação de Unidades Prisionais de Gericinó, da Superintendência Operacional de Segurança, da Subsecretaria de Gestão Operacional, da",https://www.ioerj.com.br/portal/modules/conteudoonline/mostra_edicao.php?session=VG1wUk1FOUVSWHBOYTAxMFRVVlZORTlETURCTlJWWkhURlJyTlU1cldYUk9hMHBGVDBWR1JFMUVhRWROYWxwQ1RWUmpNMDU2YTNwT1JFRTFUbEU5UFE9PQ==,D:\github\exoneracoes_nomeacoes_dou\LAKE\RJ\2022\12\DOERJ_PARTE_I_PODER_EXECUTIVO_2022-12-02.md
RJ,Diario Oficial do Estado do Rio de Janeiro,2022-12-02,Parte I (Poder Executivo),nomeacao,INSPETOR DE POLÍCIA PENAL,50912020,,,,sim,POLÍCIA PENAL:LOC|Inspetor De Polícia Penal:PER,sim,,da Superintendência Operacional de Segurança,"NOMEAR JANDER SIQUEIRA DA SILVA , Inspetor de Polícia Penal, ID Funcional nº 50912020, para exercer com validade a contar de 27 de outubro de 2022, o cargo em comissão de Chefe, símbolo DAI-5, da Seção II de Turma de Inspetor, do Serviço de Segurança e Disciplina, do Presídio Lemos Brito, da Coordenação de Unidades Prisionais de Gericinó, da Superintendência Operacional de Segurança, da Subsecretaria de Gestão Operacional, da",https://www.ioerj.com.br/portal/modules/conteudoonline/mostra_edicao.php?session=VG1wUk1FOUVSWHBOYTAxMFRVVlZORTlETURCTlJWWkhURlJyTlU1cldYUk9hMHBGVDBWR1JFMUVhRWROYWxwQ1RWUmpNMDU2YTNwT1JFRTFUbEU5UFE9PQ==,D:\github\exoneracoes_nomeacoes_dou\LAKE\RJ\2022\12\DOERJ_PARTE_I_PODER_EXECUTIVO_2022-12-02.md
RJ,Diario Oficial do Estado do Rio de Janeiro,2022-11-29,Parte I (Poder Executivo),exoneracao,JOSÉ PEDRO COSTA DA SILVA,2956823-4,,,,sim,JOSÉ PEDRO COSTA DA SILVA:PER,sim,do cargo em comissão de Diretor Geral,da Subsecretaria de Planejamento e Integração Operacional,"EXONERAR com validade a contar de 03 de novembro de 2022, JOSÉ PEDRO COSTA DA SILVA , ID FUNCIONAL Nº 2956823-4, do cargo em comissão de Diretor Geral, símbolo DG, do DepartamentoGeral de Polícia o Interior, da Subsecretaria de Planejamento e Integração Operacional, da",https://www.ioerj.com.br/portal/modules/conteudoonline/mostra_edicao.php?session=VFZWYVIwNTZhekJSYWtGMFRqQkdSRTE1TURCUmExRXhURlJvUTFKVlJYUk5SVnBIVG10Uk0wNUVaM2hOUlZFeVRWUmpNMDU2YTNwT1JHTjZUMEU5UFE9PQ==,D:\github\exoneracoes_nomeacoes_dou\LAKE\RJ\2022\11\DOERJ_PARTE_I_PODER_EXECUTIVO_2022-11-29.md
RJ,Diario Oficial do Estado do Rio de Janeiro,2022-11-29,Parte I (Poder Executivo),exoneracao,JOHN COREY LEROUX DA ROCHA,5126916-3,,,,sim,JOHN COREY LEROUX:PER,sim,do cargo em comissão de Superintendente,,"EXONERAR a pedido e com validade a contar de 17 de novembro de 2022, JOHN COREY LEROUX DA ROCHA , ID FUNCIONAL Nº 5126916-3, do cargo em comissão de Superintendente, símbolo DAS8, da",https://www.ioerj.com.br/portal/modules/conteudoonline/mostra_edicao.php?session=VFZWYVIwNTZhekJSYWtGMFRqQkdSRTE1TURCUmExRXhURlJvUTFKVlJYUk5SVnBIVG10Uk0wNUVaM2hOUlZFeVRWUmpNMDU2YTNwT1JHTjZUMEU5UFE9PQ==,D:\github\exoneracoes_nomeacoes_dou\LAKE\RJ\2022\11\DOERJ_PARTE_I_PODER_EXECUTIVO_2022-11-29.md
RJ,Diario Oficial do Estado do Rio de Janeiro,2022-11-29,Parte I (Poder Executivo),exoneracao,ANA PAULA CABRAL SALLES PEREIRA,5029410-5,,,,sim,ANA PAULA:PER,sim,do cargo em comissão de Assistente II,,"EXONERAR com validade a contar de 21 de novembro de 2022, ANA PAULA CABRAL SALLES PEREIRA , ID FUNCIONAL Nº 5029410-5, do cargo em comissão de Assistente II, símbolo DAI-6, da",https://www.ioerj.com.br/portal/modules/conteudoonline/mostra_edicao.php?session=VFZWYVIwNTZhekJSYWtGMFRqQkdSRTE1TURCUmExRXhURlJvUTFKVlJYUk5SVnBIVG10Uk0wNUVaM2hOUlZFeVRWUmpNMDU2YTNwT1JHTjZUMEU5UFE9PQ==,D:\github\exoneracoes_nomeacoes_dou\LAKE\RJ\2022\11\DOERJ_PARTE_I_PODER_EXECUTIVO_2022-11-29.md
RJ,Diario Oficial do Estado do Rio de Janeiro,2022-11-25,Parte I (Poder Executivo),exoneracao,ANA SILVIA FURTADO VASCONCELOS,20008260,,,,sim,ANA SILVIA:PER,sim,do cargo em comissão de Assistente,,"EXONERAR a pedido e com validade a contar de 23 de novembro de 2022, ANA SILVIA FURTADO VASCONCELOS , ID FUNCIONAL Nº 20008260, do cargo em comissão de Assistente, símbolo DAS-6, da",https://www.ioerj.com.br/portal/modules/conteudoonline/mostra_edicao.php?session=VGtSbmVFNVVRVFJPTUVWMFVsUkNSMUY1TURCT1ZVMTNURlJzUTA1VVkzUk9NRkpGVWtSSmVsRnFXa05OUkdNeVRWUmpNMDU2YTNwT1JHdDZUbWM5UFE9PQ==,D:\github\exoneracoes_nomeacoes_dou\LAKE\RJ\2022\11\DOERJ_PARTE_I_PODER_EXECUTIVO_2022-11-25.md
RJ,Diario Oficial do Estado do Rio de Janeiro,2022-11-25,Parte I (Poder Executivo),nomeacao,LUCIANA DE LUZIE MOREIRA PIRES DO EGITO,50997742,,,,sim,LUCIANA DE LUZIE MOREIRA:PER,sim,para exercer o cargo em comissão de Chefe de Serviço,do Departamento de Trânsito do Estado do Rio de Janeiro -DETRAN/RJ,"NOMEAR LUCIANA DE LUZIE MOREIRA PIRES DO EGITO , ID FUNCIONAL Nº 50997742 para exercer o cargo em comissão de Chefe de Serviço, símbolo DAI-6, do Serviço de Emissão de Documentos, da Divisão de Cadastro e Informação, da Diretoria de Registro de Veículos, do Departamento de Trânsito do Estado do Rio de Janeiro -DETRAN/RJ, da",https://www.ioerj.com.br/portal/modules/conteudoonline/mostra_edicao.php?session=VGtSbmVFNVVRVFJPTUVWMFVsUkNSMUY1TURCT1ZVMTNURlJzUTA1VVkzUk9NRkpGVWtSSmVsRnFXa05OUkdNeVRWUmpNMDU2YTNwT1JHdDZUbWM5UFE9PQ==,D:\github\exoneracoes_nomeacoes_dou\LAKE\RJ\2022\11\DOERJ_PARTE_I_PODER_EXECUTIVO_2022-11-25.md
RJ,Diario Oficial do Estado do Rio de Janeiro,2022-11-25,Parte I (Poder Executivo),exoneracao,JOSÉ LUIZ VIEIRA DA SILVA,2821064-6,,,,sim,JOSÉ LUIZ VIEIRA DA SILVA:PER,sim,do cargo em comissão de Chefe de Serviço,do Departamento de Trânsito do Estado do Rio de Janeiro - DETRAN/RJ,"EXONERAR JOSÉ LUIZ VIEIRA DA SILVA , ID FUNCIONAL Nº 2821064-6, do cargo em comissão de Chefe de Serviço, símbolo DAI6, do Serviço de Emissão de Documentos, da Divisão de Cadastro e Informação, da Diretoria de Registro de Veículos, do Departamento de Trânsito do Estado do Rio de Janeiro - DETRAN/RJ, da",https://www.ioerj.com.br/portal/modules/conteudoonline/mostra_edicao.php?session=VGtSbmVFNVVRVFJPTUVWMFVsUkNSMUY1TURCT1ZVMTNURlJzUTA1VVkzUk9NRkpGVWtSSmVsRnFXa05OUkdNeVRWUmpNMDU2YTNwT1JHdDZUbWM5UFE9PQ==,D:\github\exoneracoes_nomeacoes_dou\LAKE\RJ\2022\11\DOERJ_PARTE_I_PODER_EXECUTIVO_2022-11-25.md
RJ,Diario Oficial do Estado do Rio de Janeiro,2022-11-25,Parte I (Poder Executivo),nomeacao,CLAUDIO RENATO DE LIMA DIAS,51298511,,,,sim,CLAUDIO RENATO DE LIMA DIAS:PER,sim,,da Superintendência de Integração Governamental,"NOMEAR CLAUDIO RENATO DE LIMA DIAS , ID FUNCIONAL N° 51298511 para exercer, com validade a contar de 01 de novembro de 2022, o cargo em comissão de Adjunto II, símbolo DAI-2, da Superintendência de Integração Governamental, da Subsecretaria de Governo, da",https://www.ioerj.com.br/portal/modules/conteudoonline/mostra_edicao.php?session=VGtSbmVFNVVRVFJPTUVWMFVsUkNSMUY1TURCT1ZVMTNURlJzUTA1VVkzUk9NRkpGVWtSSmVsRnFXa05OUkdNeVRWUmpNMDU2YTNwT1JHdDZUbWM5UFE9PQ==,D:\github\exoneracoes_nomeacoes_dou\LAKE\RJ\2022\11\DOERJ_PARTE_I_PODER_EXECUTIVO_2022-11-25.md
RJ,Diario Oficial do Estado do Rio de Janeiro,2022-11-25,Parte I (Poder Executivo),nomeacao,LUIS FELIPE GERHEIM ELIAS,,,,,sim,LUIS:ORG|FELIPE GERHEIM ELIAS:PER,sim,,da Superintendência de Integração Governamental,"NOMEAR LUIS FELIPE GERHEIM ELIAS para exercer, com validade a contar de 01 de novembro de 2022, o cargo em comissão de Adjunto II, símbolo DAI-2, da Superintendência de Integração Governamental, da Subsecretaria de Governo, da",https://www.ioerj.com.br/portal/modules/conteudoonline/mostra_edicao.php?session=VGtSbmVFNVVRVFJPTUVWMFVsUkNSMUY1TURCT1ZVMTNURlJzUTA1VVkzUk9NRkpGVWtSSmVsRnFXa05OUkdNeVRWUmpNMDU2YTNwT1JHdDZUbWM5UFE9PQ==,D:\github\exoneracoes_nomeacoes_dou\LAKE\RJ\2022\11\DOERJ_PARTE_I_PODER_EXECUTIVO_2022-11-25.md
RJ,Diario Oficial do Estado do Rio de Janeiro,2022-11-25,Parte I (Poder Executivo),nomeacao,ADRIANA TRINDADE FONSECA GOMES,,,,,sim,Adriana Trindade Fonseca Gomes:PER,sim,,,"NOMEAR ADRIANA TRINDADE FONSECA GOMES para exercer, com validade a contar de 01 de novembro de 2022, o cargo em comissão de Ajudante I, símbolo DAI-1, da",https://www.ioerj.com.br/portal/modules/conteudoonline/mostra_edicao.php?session=VGtSbmVFNVVRVFJPTUVWMFVsUkNSMUY1TURCT1ZVMTNURlJzUTA1VVkzUk9NRkpGVWtSSmVsRnFXa05OUkdNeVRWUmpNMDU2YTNwT1JHdDZUbWM5UFE9PQ==,D:\github\exoneracoes_nomeacoes_dou\LAKE\RJ\2022\11\DOERJ_PARTE_I_PODER_EXECUTIVO_2022-11-25.md
RJ,Diario Oficial do Estado do Rio de Janeiro,2022-11-25,Parte I (Poder Executivo),nomeacao,DEILON CARLOS DA COSTA,,,,,sim,COSTA:ORG|Deilon Carlos Da Costa:PER,sim,,,"NOMEAR DEILON CARLOS DA COSTA para exercer, com validade a contar de 21 de novembro de 2022, o cargo em comissão de Assessor, símbolo DAS-7, da",https://www.ioerj.com.br/portal/modules/conteudoonline/mostra_edicao.php?session=VGtSbmVFNVVRVFJPTUVWMFVsUkNSMUY1TURCT1ZVMTNURlJzUTA1VVkzUk9NRkpGVWtSSmVsRnFXa05OUkdNeVRWUmpNMDU2YTNwT1JHdDZUbWM5UFE9PQ==,D:\github\exoneracoes_nomeacoes_dou\LAKE\RJ\2022\11\DOERJ_PARTE_I_PODER_EXECUTIVO_2022-11-25.md
RJ,Diario Oficial do Estado do Rio de Janeiro,2022-11-25,Parte I (Poder Executivo),exoneracao,STEFANO NUNES LEITE,,,,,sim,STEFANO NUNES:PER,sim,do cargo em comissão de Ajudante I,,"EXONERAR STEFANO NUNES LEITE do cargo em comissão de Ajudante I, símbolo DAI-1, da",https://www.ioerj.com.br/portal/modules/conteudoonline/mostra_edicao.php?session=VGtSbmVFNVVRVFJPTUVWMFVsUkNSMUY1TURCT1ZVMTNURlJzUTA1VVkzUk9NRkpGVWtSSmVsRnFXa05OUkdNeVRWUmpNMDU2YTNwT1JHdDZUbWM5UFE9PQ==,D:\github\exoneracoes_nomeacoes_dou\LAKE\RJ\2022\11\DOERJ_PARTE_I_PODER_EXECUTIVO_2022-11-25.md
RJ,Diario Oficial do Estado do Rio de Janeiro,2022-11-25,Parte I (Poder Executivo),nomeacao,HAMILTON CARLOS DE OLIVEIRA,,,,,sim,HAMILTON CARLOS DE OLIVEIRA:PER,sim,para exercer o cargo em comissão de Ajudante I,,"NOMEAR HAMILTON CARLOS DE OLIVEIRA para exercer o cargo em comissão de Ajudante I, símbolo DAI-1, da",https://www.ioerj.com.br/portal/modules/conteudoonline/mostra_edicao.php?session=VGtSbmVFNVVRVFJPTUVWMFVsUkNSMUY1TURCT1ZVMTNURlJzUTA1VVkzUk9NRkpGVWtSSmVsRnFXa05OUkdNeVRWUmpNMDU2YTNwT1JHdDZUbWM5UFE9PQ==,D:\github\exoneracoes_nomeacoes_dou\LAKE\RJ\2022\11\DOERJ_PARTE_I_PODER_EXECUTIVO_2022-11-25.md
RJ,Diario Oficial do Estado do Rio de Janeiro,2022-11-25,Parte I (Poder Executivo),exoneracao,JOSÉ RICARDO PONTES DE SOUZA,,,,,sim,JOSÉ RICARDO PONTES DE SOUZA:PER,sim,do cargo em comissão de Ajudante I,,"EXONERAR JOSÉ RICARDO PONTES DE SOUZA do cargo em comissão de Ajudante I, símbolo DAI-1, da",https://www.ioerj.com.br/portal/modules/conteudoonline/mostra_edicao.php?session=VGtSbmVFNVVRVFJPTUVWMFVsUkNSMUY1TURCT1ZVMTNURlJzUTA1VVkzUk9NRkpGVWtSSmVsRnFXa05OUkdNeVRWUmpNMDU2YTNwT1JHdDZUbWM5UFE9PQ==,D:\github\exoneracoes_nomeacoes_dou\LAKE\RJ\2022\11\DOERJ_PARTE_I_PODER_EXECUTIVO_2022-11-25.md
RJ,Diario Oficial do Estado do Rio de Janeiro,2022-11-25,Parte I (Poder Executivo),nomeacao,MARCIA CRISTINA SEVERIANO CABRAL,,,,,sim,MARCIA CRISTINA SEVERIANO CABRAL:MISC|Cristina Severiano Cabral:PER,sim,para exercer o cargo em comissão de Ajudante I,,"NOMEAR MARCIA CRISTINA SEVERIANO CABRAL para exercer o cargo em comissão de Ajudante I, símbolo DAI-1, da",https://www.ioerj.com.br/portal/modules/conteudoonline/mostra_edicao.php?session=VGtSbmVFNVVRVFJPTUVWMFVsUkNSMUY1TURCT1ZVMTNURlJzUTA1VVkzUk9NRkpGVWtSSmVsRnFXa05OUkdNeVRWUmpNMDU2YTNwT1JHdDZUbWM5UFE9PQ==,D:\github\exoneracoes_nomeacoes_dou\LAKE\RJ\2022\11\DOERJ_PARTE_I_PODER_EXECUTIVO_2022-11-25.md
RJ,Diario Oficial do Estado do Rio de Janeiro,2022-11-25,Parte I (Poder Executivo),exoneracao,GRACIELE FERREIRA DA PENHA TAVARES,,,,,sim,GRACIELE FERREIRA:MISC|Graciele Ferreira:PER,sim,do cargo em comissão de Ajudante I,,"EXONERAR GRACIELE FERREIRA DA PENHA TAVARES do cargo em comissão de Ajudante I, símbolo DAI-1, da",https://www.ioerj.com.br/portal/modules/conteudoonline/mostra_edicao.php?session=VGtSbmVFNVVRVFJPTUVWMFVsUkNSMUY1TURCT1ZVMTNURlJzUTA1VVkzUk9NRkpGVWtSSmVsRnFXa05OUkdNeVRWUmpNMDU2YTNwT1JHdDZUbWM5UFE9PQ==,D:\github\exoneracoes_nomeacoes_dou\LAKE\RJ\2022\11\DOERJ_PARTE_I_PODER_EXECUTIVO_2022-11-25.md
RJ,Diario Oficial do Estado do Rio de Janeiro,2022-11-25,Parte I (Poder Executivo),nomeacao,DANILO GONÇALVES DOS SANTOS,,,,,sim,DANILO:MISC|DOS SANTOS:MISC|Danilo Gonçalves Dos Santos:PER,sim,para exercer o cargo em comissão de Ajudante I,,"NOMEAR DANILO GONÇALVES DOS SANTOS para exercer o cargo em comissão de Ajudante I, símbolo DAI-1, da",https://www.ioerj.com.br/portal/modules/conteudoonline/mostra_edicao.php?session=VGtSbmVFNVVRVFJPTUVWMFVsUkNSMUY1TURCT1ZVMTNURlJzUTA1VVkzUk9NRkpGVWtSSmVsRnFXa05OUkdNeVRWUmpNMDU2YTNwT1JHdDZUbWM5UFE9PQ==,D:\github\exoneracoes_nomeacoes_dou\LAKE\RJ\2022\11\DOERJ_PARTE_I_PODER_EXECUTIVO_2022-11-25.md
RJ,Diario Oficial do Estado do Rio de Janeiro,2022-11-25,Parte I (Poder Executivo),nomeacao,ARYKERNE DE CARVALHO FILHO,,,,,sim,CARVALHO FILHO:PER,sim,para exercer o cargo em comissão de Ajudante I,,"NOMEAR ARYKERNE DE CARVALHO FILHO para exercer o cargo em comissão de Ajudante I, símbolo DAI-1, da",https://www.ioerj.com.br/portal/modules/conteudoonline/mostra_edicao.php?session=VGtSbmVFNVVRVFJPTUVWMFVsUkNSMUY1TURCT1ZVMTNURlJzUTA1VVkzUk9NRkpGVWtSSmVsRnFXa05OUkdNeVRWUmpNMDU2YTNwT1JHdDZUbWM5UFE9PQ==,D:\github\exoneracoes_nomeacoes_dou\LAKE\RJ\2022\11\DOERJ_PARTE_I_PODER_EXECUTIVO_2022-11-25.md
RJ,Diario Oficial do Estado do Rio de Janeiro,2022-11-25,Parte I (Poder Executivo),exoneracao,VICTOR OLIVEIRA CAVALCANTI DE HOLANDA,,,,,sim,VICTOR OLIVEIRA CAVALCANTI:PER,sim,do cargo em comissão de Ajudante I,,"EXONERAR VICTOR OLIVEIRA CAVALCANTI DE HOLANDA do cargo em comissão de Ajudante I, símbolo DAI-1, da",https://www.ioerj.com.br/portal/modules/conteudoonline/mostra_edicao.php?session=VGtSbmVFNVVRVFJPTUVWMFVsUkNSMUY1TURCT1ZVMTNURlJzUTA1VVkzUk9NRkpGVWtSSmVsRnFXa05OUkdNeVRWUmpNMDU2YTNwT1JHdDZUbWM5UFE9PQ==,D:\github\exoneracoes_nomeacoes_dou\LAKE\RJ\2022\11\DOERJ_PARTE_I_PODER_EXECUTIVO_2022-11-25.md
RJ,Diario Oficial do Estado do Rio de Janeiro,2022-11-25,Parte I (Poder Executivo),nomeacao,CARLOS EDUARDO DE MENDONÇA,,,,,sim,CARLOS EDUARDO DE:PER,sim,para exercer o cargo em comissão de Ajudante I,,"NOMEAR CARLOS EDUARDO DE MENDONÇA para exercer o cargo em comissão de Ajudante I, símbolo DAI-1, da",https://www.ioerj.com.br/portal/modules/conteudoonline/mostra_edicao.php?session=VGtSbmVFNVVRVFJPTUVWMFVsUkNSMUY1TURCT1ZVMTNURlJzUTA1VVkzUk9NRkpGVWtSSmVsRnFXa05OUkdNeVRWUmpNMDU2YTNwT1JHdDZUbWM5UFE9PQ==,D:\github\exoneracoes_nomeacoes_dou\LAKE\RJ\2022\11\DOERJ_PARTE_I_PODER_EXECUTIVO_2022-11-25.md
RJ,Diario Oficial do Estado do Rio de Janeiro,2022-11-24,Parte I (Poder Executivo),nomeacao,LUIZ CARLOS SEGALA DE MENEZES JÚNIOR,2232246-9,,,,sim,LUIZ CARLOS SEGALA:PER,sim,,da Subsecretaria de Gestão Operacional da Polícia Militar,"NOMEAR LUIZ CARLOS SEGALA DE MENEZES JÚNIOR , ID Funcional nº 2232246-9 para exercer, com validade a contar de 03 de novembro de 2022, o cargo em comissão de Comandante Intermediário, símbolo DG, do 1º Comando de Policiamento de Área, da Subsecretaria de Gestão Operacional da Polícia Militar, da Subsecretaria Geral de Polícia Militar, da",https://www.ioerj.com.br/portal/modules/conteudoonline/mostra_edicao.php?session=VVd0T1JVMTZVa05OZWxsMFQwVkpOVTVwTURCTmVtZDZURlZHUlU1NlJYUk9NRlY2VFZSbmVrMTZaM3BPUlZrelRWUmpNMDU2YTNwT1ZFRXdUVkU5UFE9PQ==,D:\github\exoneracoes_nomeacoes_dou\LAKE\RJ\2022\11\DOERJ_PARTE_I_PODER_EXECUTIVO_2022-11-24.md
RJ,Diario Oficial do Estado do Rio de Janeiro,2022-11-24,Parte I (Poder Executivo),exoneracao,JHONI MATEUS TORRES DA SILVA,5008160-8,GABINETE DO,Governador,1,sim,JHONI MATEUS TORRES DA SILVA:MISC|Jhoni Mateus Torres Da Silva:PER,sim,do cargo em comissão de Assessor,,"EXONERAR a pedido e com validade a contar de 21 de novembro de 2022, JHONI MATEUS TORRES DA SILVA , ID FUNCIONAL N° 5008160-8, do cargo em comissão de Assessor, símbolo DAS-8, da ANO X LV I I I - Nº 218 Q U I N TA - F E I R A , 24 DE NOVEMBRO DE 2022 | S U M Á R I O | | |--------------------------------------------------------------------------------------------------------------------------------------------------------------------------------------------------------------------------------------------------------------------------------------------------------------------|--------| | Atos do Poder Legislativo ................................................................ | 1 | | Atos do Poder Executivo ................................................................ | ... | | Gabinete do Governador .............................................................. | 1 | | Governadoria do",https://www.ioerj.com.br/portal/modules/conteudoonline/mostra_edicao.php?session=VVd0T1JVMTZVa05OZWxsMFQwVkpOVTVwTURCTmVtZDZURlZHUlU1NlJYUk9NRlY2VFZSbmVrMTZaM3BPUlZrelRWUmpNMDU2YTNwT1ZFRXdUVkU5UFE9PQ==,D:\github\exoneracoes_nomeacoes_dou\LAKE\RJ\2022\11\DOERJ_PARTE_I_PODER_EXECUTIVO_2022-11-24.md
RJ,Diario Oficial do Estado do Rio de Janeiro,2022-11-24,Parte I (Poder Executivo),exoneracao,WANDERLEY RIBEIRO NUNES,5129526-1,,,,sim,WANDERLEY RIBEIRO NUNES:LOC|Wanderley Ribeiro Nunes:PER,sim,do cargo em comissão de Assistente II,,"EXONERAR WANDERLEY RIBEIRO NUNES, ID FUNCIONAL Nº 5129526-1 do cargo em comissão de Assistente II, símbolo DAI-6, da",https://www.ioerj.com.br/portal/modules/conteudoonline/mostra_edicao.php?session=VVd0T1JVMTZVa05OZWxsMFQwVkpOVTVwTURCTmVtZDZURlZHUlU1NlJYUk9NRlY2VFZSbmVrMTZaM3BPUlZrelRWUmpNMDU2YTNwT1ZFRXdUVkU5UFE9PQ==,D:\github\exoneracoes_nomeacoes_dou\LAKE\RJ\2022\11\DOERJ_PARTE_I_PODER_EXECUTIVO_2022-11-24.md
RJ,Diario Oficial do Estado do Rio de Janeiro,2022-11-24,Parte I (Poder Executivo),exoneracao,JOÃO PEDRO SALES DE FREITAS,5132788-0,,,,sim,JOÃO PEDRO SALES DE FREITAS:PER,sim,do cargo em comissão de Coordenador,da Superintendência de Integração Governamental,"EXONERAR com validade a contar de 01 de novembro de 2022, JOÃO PEDRO SALES DE FREITAS , ID FUNCIONAL N° 5132788-0, do cargo em comissão de Coordenador, símbolo DAS-6, da Coordenação Regional VIII, da Superintendência de Integração Governamental, da Subsecretaria de Governo, da",https://www.ioerj.com.br/portal/modules/conteudoonline/mostra_edicao.php?session=VVd0T1JVMTZVa05OZWxsMFQwVkpOVTVwTURCTmVtZDZURlZHUlU1NlJYUk9NRlY2VFZSbmVrMTZaM3BPUlZrelRWUmpNMDU2YTNwT1ZFRXdUVkU5UFE9PQ==,D:\github\exoneracoes_nomeacoes_dou\LAKE\RJ\2022\11\DOERJ_PARTE_I_PODER_EXECUTIVO_2022-11-24.md
RJ,Diario Oficial do Estado do Rio de Janeiro,2022-11-24,Parte I (Poder Executivo),exoneracao,UARLEN DA ROCHA RAMOS,51274345,,,,sim,ROCHA RAMOS:MISC|Uarlen Da Rocha Ramos:PER,sim,do cargo em comissão de Adjunto II,da Superintendência de Integração Governamental,"EXONERAR com validade a contar de 01 de novembro de 2022, UARLEN DA ROCHA RAMOS , ID FUNCIONAL Nº 51274345, do cargo em comissão de Adjunto II, símbolo DAI-2, da Superintendência de Integração Governamental, da Subsecretaria de Governo, da",https://www.ioerj.com.br/portal/modules/conteudoonline/mostra_edicao.php?session=VVd0T1JVMTZVa05OZWxsMFQwVkpOVTVwTURCTmVtZDZURlZHUlU1NlJYUk9NRlY2VFZSbmVrMTZaM3BPUlZrelRWUmpNMDU2YTNwT1ZFRXdUVkU5UFE9PQ==,D:\github\exoneracoes_nomeacoes_dou\LAKE\RJ\2022\11\DOERJ_PARTE_I_PODER_EXECUTIVO_2022-11-24.md
RJ,Diario Oficial do Estado do Rio de Janeiro,2022-11-24,Parte I (Poder Executivo),exoneracao,JOSÉ MANSUR NETO,4328398-5,,,,sim,JOSÉ MANSUR NETO:PER,sim,do cargo em comissão de Ajudante I,,"EXONERAR com validade a contar de 01 de novembro de 2022, JOSÉ MANSUR NETO , ID FUNCIONAL Nº 4328398-5, do cargo em comissão de Ajudante I, símbolo DAI-1, da",https://www.ioerj.com.br/portal/modules/conteudoonline/mostra_edicao.php?session=VVd0T1JVMTZVa05OZWxsMFQwVkpOVTVwTURCTmVtZDZURlZHUlU1NlJYUk9NRlY2VFZSbmVrMTZaM3BPUlZrelRWUmpNMDU2YTNwT1ZFRXdUVkU5UFE9PQ==,D:\github\exoneracoes_nomeacoes_dou\LAKE\RJ\2022\11\DOERJ_PARTE_I_PODER_EXECUTIVO_2022-11-24.md
RJ,Diario Oficial do Estado do Rio de Janeiro,2022-11-24,Parte I (Poder Executivo),exoneracao,LEANDRO BASTOS DA SILVA,5106359-0,,,,sim,LEANDRO BASTOS DA SILVA:MISC|Leandro Bastos:PER,sim,do cargo em comissão de Ajudante I,,"EXONERAR com validade a contar de 01 de novembro de 2022, LEANDRO BASTOS DA SILVA , ID FUNCIONAL N° 5106359-0, do cargo em comissão de Ajudante I, símbolo DAI-1, da",https://www.ioerj.com.br/portal/modules/conteudoonline/mostra_edicao.php?session=VVd0T1JVMTZVa05OZWxsMFQwVkpOVTVwTURCTmVtZDZURlZHUlU1NlJYUk9NRlY2VFZSbmVrMTZaM3BPUlZrelRWUmpNMDU2YTNwT1ZFRXdUVkU5UFE9PQ==,D:\github\exoneracoes_nomeacoes_dou\LAKE\RJ\2022\11\DOERJ_PARTE_I_PODER_EXECUTIVO_2022-11-24.md
RJ,Diario Oficial do Estado do Rio de Janeiro,2022-11-24,Parte I (Poder Executivo),nomeacao,ANA MARIA DE FARIAS ROBERT KIKUCHI,5129408-7,,,,sim,ANA MARIA:PER,sim,,,"NOMEAR ANA MARIA DE FARIAS ROBERT KIKUCHI , ID FUNCIONAL Nº 5129408-7 para exercer, com validade a contar de 01 de novembro de 2022, o cargo em comissão de Assistente II, símbolo DAI6, da",https://www.ioerj.com.br/portal/modules/conteudoonline/mostra_edicao.php?session=VVd0T1JVMTZVa05OZWxsMFQwVkpOVTVwTURCTmVtZDZURlZHUlU1NlJYUk9NRlY2VFZSbmVrMTZaM3BPUlZrelRWUmpNMDU2YTNwT1ZFRXdUVkU5UFE9PQ==,D:\github\exoneracoes_nomeacoes_dou\LAKE\RJ\2022\11\DOERJ_PARTE_I_PODER_EXECUTIVO_2022-11-24.md
RJ,Diario Oficial do Estado do Rio de Janeiro,2022-11-24,Parte I (Poder Executivo),nomeacao,MARCELO FERREIRA DE OLIVEIRA,5081388-9,,,,sim,MARCELO FERREIRA DE OLIVEIRA:MISC|Marcelo Ferreira De Oliveira:PER,sim,,da Superintendência de Integração Governamental,"NOMEAR MARCELO FERREIRA DE OLIVEIRA , ID FUNCIONAL Nº 5081388-9 para exercer, com validade a contar de 01 de novembro de 2022, o cargo em comissão de Adjunto II, símbolo DAI-2, da Superintendência de Integração Governamental, da Subsecretaria de Governo, da",https://www.ioerj.com.br/portal/modules/conteudoonline/mostra_edicao.php?session=VVd0T1JVMTZVa05OZWxsMFQwVkpOVTVwTURCTmVtZDZURlZHUlU1NlJYUk9NRlY2VFZSbmVrMTZaM3BPUlZrelRWUmpNMDU2YTNwT1ZFRXdUVkU5UFE9PQ==,D:\github\exoneracoes_nomeacoes_dou\LAKE\RJ\2022\11\DOERJ_PARTE_I_PODER_EXECUTIVO_2022-11-24.md
RJ,Diario Oficial do Estado do Rio de Janeiro,2022-11-24,Parte I (Poder Executivo),nomeacao,GEOVANA MARTINS,5084745-7,,,,sim,Geovana Martins:PER,sim,da Assessoria de Comunicação Social e Visual,do Gabinete do Secretário,"NOMEAR GEOVANA MARTINS , ID FUNCIONAL Nº 5084745-7, para exercer, com validade a contar de 01 de novembro de 2022, o cargo em comissão de Assessor Técnico, símbolo DAS-8, da Coordenação Técnica de Comunicação Interna, da Assessoria de Comunicação Social e Visual, do Gabinete do Secretário, da",https://www.ioerj.com.br/portal/modules/conteudoonline/mostra_edicao.php?session=VVd0T1JVMTZVa05OZWxsMFQwVkpOVTVwTURCTmVtZDZURlZHUlU1NlJYUk9NRlY2VFZSbmVrMTZaM3BPUlZrelRWUmpNMDU2YTNwT1ZFRXdUVkU5UFE9PQ==,D:\github\exoneracoes_nomeacoes_dou\LAKE\RJ\2022\11\DOERJ_PARTE_I_PODER_EXECUTIVO_2022-11-24.md
RJ,Diario Oficial do Estado do Rio de Janeiro,2022-11-24,Parte I (Poder Executivo),nomeacao,MIDIAN DOS SANTOS SILVA,5007828-3,,,,sim,DOS SANTOS SILVA:MISC|Midian Dos Santos Silva:PER,sim,,da Superintendência de Gestão de Contratos e Convênios,"NOMEAR MIDIAN DOS SANTOS SILVA , ID FUNCIONAL Nº 5007828-3 para exercer, com validade a contar de 19 de outubro de 2022, o cargo em comissão de Assistente II, símbolo DAI-6, da Coordenadoria de Acompanhamento e Controle de Contratos, da Superintendência de Gestão de Contratos e Convênios, da Subsecretaria Executiva, da",https://www.ioerj.com.br/portal/modules/conteudoonline/mostra_edicao.php?session=VVd0T1JVMTZVa05OZWxsMFQwVkpOVTVwTURCTmVtZDZURlZHUlU1NlJYUk9NRlY2VFZSbmVrMTZaM3BPUlZrelRWUmpNMDU2YTNwT1ZFRXdUVkU5UFE9PQ==,D:\github\exoneracoes_nomeacoes_dou\LAKE\RJ\2022\11\DOERJ_PARTE_I_PODER_EXECUTIVO_2022-11-24.md
RJ,Diario Oficial do Estado do Rio de Janeiro,2022-11-24,Parte I (Poder Executivo),exoneracao,MONIQUE RODRIGO DE OLIVEIRA,50191942,,,,sim,MONIQUE RODRIGO DE OLIVEIRA:MISC|Monique Rodrigo De Oliveira:PER,sim,do cargo em comissão de Assistente II,da Superintendência de Gestão de Contratos e Convênios,"EXONERAR a pedido e com validade a contar de 13 de outubro de 2022, MONIQUE RODRIGO DE OLIVEIRA , ID FUNCIONAL 50191942, do cargo em comissão de Assistente II, símbolo DAI-6, da Coordenadoria de Acompanhamento e Controle de Contratos, da Superintendência de Gestão de Contratos e Convênios, da Subsecretaria Executiva, da",https://www.ioerj.com.br/portal/modules/conteudoonline/mostra_edicao.php?session=VVd0T1JVMTZVa05OZWxsMFQwVkpOVTVwTURCTmVtZDZURlZHUlU1NlJYUk9NRlY2VFZSbmVrMTZaM3BPUlZrelRWUmpNMDU2YTNwT1ZFRXdUVkU5UFE9PQ==,D:\github\exoneracoes_nomeacoes_dou\LAKE\RJ\2022\11\DOERJ_PARTE_I_PODER_EXECUTIVO_2022-11-24.md
RJ,Diario Oficial do Estado do Rio de Janeiro,2022-11-24,Parte I (Poder Executivo),nomeacao,JULIO JOVINO,,,,,sim,JULIO JOVINO:MISC|Julio Jovino:PER,sim,,,"NOMEAR JULIO JOVINO para exercer, com validade a contar de 01 de novembro de 2022, o cargo em comissão de Assistente II, símbolo DAI-6, da",https://www.ioerj.com.br/portal/modules/conteudoonline/mostra_edicao.php?session=VVd0T1JVMTZVa05OZWxsMFQwVkpOVTVwTURCTmVtZDZURlZHUlU1NlJYUk9NRlY2VFZSbmVrMTZaM3BPUlZrelRWUmpNMDU2YTNwT1ZFRXdUVkU5UFE9PQ==,D:\github\exoneracoes_nomeacoes_dou\LAKE\RJ\2022\11\DOERJ_PARTE_I_PODER_EXECUTIVO_2022-11-24.md
RJ,Diario Oficial do Estado do Rio de Janeiro,2022-11-24,Parte I (Poder Executivo),nomeacao,FERNANDA BARBOSA RIBEIRO,,,,,sim,FERNANDA BARBOSA RIBEIRO:PER,sim,,da Superintendência de Desportos do Estado do Rio de Janeiro - SUDERJ,"NOMEAR FERNANDA BARBOSA RIBEIRO para exercer, com validade a contar de 01 de outubro de 2022, o cargo em comissão de Assessor Técnico, símbolo DAS-8, da Presidência, da Superintendência de Desportos do Estado do Rio de Janeiro - SUDERJ, da",https://www.ioerj.com.br/portal/modules/conteudoonline/mostra_edicao.php?session=VVd0T1JVMTZVa05OZWxsMFQwVkpOVTVwTURCTmVtZDZURlZHUlU1NlJYUk9NRlY2VFZSbmVrMTZaM3BPUlZrelRWUmpNMDU2YTNwT1ZFRXdUVkU5UFE9PQ==,D:\github\exoneracoes_nomeacoes_dou\LAKE\RJ\2022\11\DOERJ_PARTE_I_PODER_EXECUTIVO_2022-11-24.md
RJ,Diario Oficial do Estado do Rio de Janeiro,2022-11-24,Parte I (Poder Executivo),nomeacao,MAGNO TARCISIO DE SÁ,1973752-8,,,,sim,MAGNO:ORG|Magno Tarcisio De Sá:PER,sim,,,"NOMEAR MAGNO TARCISIO DE SÁ , ID FUNCIONAL Nº 1973752-8, Auditor do Estado, para exercer, com validade a contar de 07 de novembro de 2022, o cargo em comissão de Coordenador, símbolo DAS-7, da Controladoria Geral do Estado do Rio de Janeiro - CGE, em vaga resultante da transformação estabelecida pelo",https://www.ioerj.com.br/portal/modules/conteudoonline/mostra_edicao.php?session=VVd0T1JVMTZVa05OZWxsMFQwVkpOVTVwTURCTmVtZDZURlZHUlU1NlJYUk9NRlY2VFZSbmVrMTZaM3BPUlZrelRWUmpNMDU2YTNwT1ZFRXdUVkU5UFE9PQ==,D:\github\exoneracoes_nomeacoes_dou\LAKE\RJ\2022\11\DOERJ_PARTE_I_PODER_EXECUTIVO_2022-11-24.md
RJ,Diario Oficial do Estado do Rio de Janeiro,2022-11-24,Parte I (Poder Executivo),nomeacao,JHONI MATEUS TORRES DA SILVA,5008160-8,,,,sim,JHONI MATEUS TORRES DA SILVA:MISC|Jhoni Mateus Torres Da Silva:PER,sim,,da Superintendência de Inteligência de Estado,"NOMEAR JHONI MATEUS TORRES DA SILVA , ID FUNCIONAL N° 5008160-8 para exercer, com validade a contar de 21 de novembro de 2022, o cargo em comissão de Coordenador, símbolo DAS-6, da Coordenação de Apoio, da Superintendência de Inteligência de Estado, da Subsecretaria de Avaliação de Cenários e Inteligência Estratégica de Estado (SIE), do Gabinete de Segurança Institucional do Governo do Estado do Rio de Janeiro - GSI-RJ, anteriormente ocupado por Márcio Fernandes Sanches , ID Fundamental nº 5123144-1. Processo nº SEI-150001/025902/2022",https://www.ioerj.com.br/portal/modules/conteudoonline/mostra_edicao.php?session=VVd0T1JVMTZVa05OZWxsMFQwVkpOVTVwTURCTmVtZDZURlZHUlU1NlJYUk9NRlY2VFZSbmVrMTZaM3BPUlZrelRWUmpNMDU2YTNwT1ZFRXdUVkU5UFE9PQ==,D:\github\exoneracoes_nomeacoes_dou\LAKE\RJ\2022\11\DOERJ_PARTE_I_PODER_EXECUTIVO_2022-11-24.md
RJ,Diario Oficial do Estado do Rio de Janeiro,2022-11-24,Parte I (Poder Executivo),exoneracao,RODRIGO DE FREITAS CARVALHO,5114636-3,,,,sim,RODRIGO DE FREITAS CARVALHO:MISC|Rodrigo De Freitas Carvalho:PER,sim,do cargo em comissão de Diretor,,"EXONERAR a pedido e com validade a contar de 18 de novembro de 2022, RODRIGO DE FREITAS CARVALHO , ID FUNCIONAL Nº 5114636-3, do cargo em comissão de Diretor, símbolo DAS-8, da Diretoria de Negócios Digitais, da Vice-Presidência de Estratégia, Governança e Inovação, do Centro de Tecnologia de Informação e Comunicação do Estado do Rio de Janeiro PRODERJ, da",https://www.ioerj.com.br/portal/modules/conteudoonline/mostra_edicao.php?session=VVd0T1JVMTZVa05OZWxsMFQwVkpOVTVwTURCTmVtZDZURlZHUlU1NlJYUk9NRlY2VFZSbmVrMTZaM3BPUlZrelRWUmpNMDU2YTNwT1ZFRXdUVkU5UFE9PQ==,D:\github\exoneracoes_nomeacoes_dou\LAKE\RJ\2022\11\DOERJ_PARTE_I_PODER_EXECUTIVO_2022-11-24.md
RJ,Diario Oficial do Estado do Rio de Janeiro,2022-11-24,Parte I (Poder Executivo),nomeacao,ANA CLAUDIA AREAS DA SILVA,,,,,sim,ANA CLAUDIA AREAS DA SILVA:MISC|Ana Claudia Areas Da Silva:PER,sim,,,"NOMEAR ANA CLAUDIA AREAS DA SILVA para exercer, com validade a contar de 01 de novembro de 2022, o cargo em comissão de Gerente, símbolo DAS-7, da Unidade de Cotação de Preços, da Diretoria de Patrimônio e Logística, da Vice-Presidência de Administração, do Centro de Tecnologia de Informação e Comunicação do Estado do Rio de Janeiro - PRODERJ, da",https://www.ioerj.com.br/portal/modules/conteudoonline/mostra_edicao.php?session=VVd0T1JVMTZVa05OZWxsMFQwVkpOVTVwTURCTmVtZDZURlZHUlU1NlJYUk9NRlY2VFZSbmVrMTZaM3BPUlZrelRWUmpNMDU2YTNwT1ZFRXdUVkU5UFE9PQ==,D:\github\exoneracoes_nomeacoes_dou\LAKE\RJ\2022\11\DOERJ_PARTE_I_PODER_EXECUTIVO_2022-11-24.md
RJ,Diario Oficial do Estado do Rio de Janeiro,2022-11-24,Parte I (Poder Executivo),exoneracao,ANA CLAUDIA AREAS,,,,,sim,ANA CLAUDIA AREAS:MISC|Ana Claudia Areas:PER,sim,do cargo em comissão de Assistente,,"EXONERAR com validade a contar de 01 de novembro de 2022, ANA CLAUDIA AREAS DA SILVA , do cargo em comissão de Assistente, símbolo DAS-6, do Centro de Tecnologia de Informação e Comunicação do Estado do Rio de Janeiro - PRODERJ, da",https://www.ioerj.com.br/portal/modules/conteudoonline/mostra_edicao.php?session=VVd0T1JVMTZVa05OZWxsMFQwVkpOVTVwTURCTmVtZDZURlZHUlU1NlJYUk9NRlY2VFZSbmVrMTZaM3BPUlZrelRWUmpNMDU2YTNwT1ZFRXdUVkU5UFE9PQ==,D:\github\exoneracoes_nomeacoes_dou\LAKE\RJ\2022\11\DOERJ_PARTE_I_PODER_EXECUTIVO_2022-11-24.md
RJ,Diario Oficial do Estado do Rio de Janeiro,2022-11-24,Parte I (Poder Executivo),nomeacao,JULIA DAMAZIO MACHADO HILÁRIO,,,,,sim,JULIA DAMAZIO:PER,sim,,,"NOMEAR JULIA DAMAZIO MACHADO HILÁRIO, para exercer, com validade a contar de 01 de novembro de 2022, o cargo em comissão de Assistente II, símbolo DAI-6, da",https://www.ioerj.com.br/portal/modules/conteudoonline/mostra_edicao.php?session=VVd0T1JVMTZVa05OZWxsMFQwVkpOVTVwTURCTmVtZDZURlZHUlU1NlJYUk9NRlY2VFZSbmVrMTZaM3BPUlZrelRWUmpNMDU2YTNwT1ZFRXdUVkU5UFE9PQ==,D:\github\exoneracoes_nomeacoes_dou\LAKE\RJ\2022\11\DOERJ_PARTE_I_PODER_EXECUTIVO_2022-11-24.md
RJ,Diario Oficial do Estado do Rio de Janeiro,2022-11-22,Parte I (Poder Executivo),exoneracao,VANESSA OLIVEIRA GERALDO,4402932-2,,,,sim,Vanessa Oliveira Geraldo:PER,sim,do cargo em comissão de Assessor,da Superintendência de Projetos Sociais (SEPS),"EXONERAR VANESSA OLIVEIRA GERALDO , ID FUNCIONAL Nº 4402932-2, do cargo em comissão de Assessor, símbolo DAS-7, da Superintendência de Projetos Sociais (SEPS), da Subsecretaria de Cuidados Especiais, da",https://www.ioerj.com.br/portal/modules/conteudoonline/mostra_edicao.php?session=VW1wak1GSnFRVEJPTUZGMFVYcFJOVTFETURCT1ZHeERURlJuTUZGcVdYUlBSVlV6VGxSWk1GSkZXVE5SVkVVd1RWUmpNMDU2YTNwT1ZGRXhUV2M5UFE9PQ==,D:\github\exoneracoes_nomeacoes_dou\LAKE\RJ\2022\11\DOERJ_PARTE_I_PODER_EXECUTIVO_2022-11-22.md
RJ,Diario Oficial do Estado do Rio de Janeiro,2022-11-22,Parte I (Poder Executivo),nomeacao,JONATAN LANZARINI BAZILIO,,,,,sim,JONATAN LANZARINI BAZILIO:MISC|Jonatan Lanzarini Bazilio:PER,sim,para exercer o cargo em comissão de Assessor,da Superintendência de Projetos Sociais (SEPS),"NOMEAR JONATAN LANZARINI BAZILIO para exercer o cargo em comissão de Assessor, símbolo DAS-7, da Superintendência de Projetos Sociais (SEPS), da Subsecretaria de Cuidados Especiais, da",https://www.ioerj.com.br/portal/modules/conteudoonline/mostra_edicao.php?session=VW1wak1GSnFRVEJPTUZGMFVYcFJOVTFETURCT1ZHeERURlJuTUZGcVdYUlBSVlV6VGxSWk1GSkZXVE5SVkVVd1RWUmpNMDU2YTNwT1ZGRXhUV2M5UFE9PQ==,D:\github\exoneracoes_nomeacoes_dou\LAKE\RJ\2022\11\DOERJ_PARTE_I_PODER_EXECUTIVO_2022-11-22.md
RJ,Diario Oficial do Estado do Rio de Janeiro,2022-11-22,Parte I (Poder Executivo),nomeacao,ANDRE LUIZ BRITES DA SILVA,,,,,sim,ANDRE LUIZ BRITES DA SILVA:PER,sim,para exercer o cargo em comissão de Ajudante I,,"NOMEAR ANDRE LUIZ BRITES DA SILVA para exercer o cargo em comissão de Ajudante I, símbolo DAI-1, da",https://www.ioerj.com.br/portal/modules/conteudoonline/mostra_edicao.php?session=VW1wak1GSnFRVEJPTUZGMFVYcFJOVTFETURCT1ZHeERURlJuTUZGcVdYUlBSVlV6VGxSWk1GSkZXVE5SVkVVd1RWUmpNMDU2YTNwT1ZGRXhUV2M5UFE9PQ==,D:\github\exoneracoes_nomeacoes_dou\LAKE\RJ\2022\11\DOERJ_PARTE_I_PODER_EXECUTIVO_2022-11-22.md
RJ,Diario Oficial do Estado do Rio de Janeiro,2022-11-22,Parte I (Poder Executivo),nomeacao,MARCOS ANTONIO DE ARAÚJO,,,,,sim,MARCOS ANTONIO:PER,sim,para exercer o cargo em comissão de Ajudante I,,"NOMEAR MARCOS ANTONIO DE ARAÚJO para exercer o cargo em comissão de Ajudante I, símbolo DAI-1, da",https://www.ioerj.com.br/portal/modules/conteudoonline/mostra_edicao.php?session=VW1wak1GSnFRVEJPTUZGMFVYcFJOVTFETURCT1ZHeERURlJuTUZGcVdYUlBSVlV6VGxSWk1GSkZXVE5SVkVVd1RWUmpNMDU2YTNwT1ZGRXhUV2M5UFE9PQ==,D:\github\exoneracoes_nomeacoes_dou\LAKE\RJ\2022\11\DOERJ_PARTE_I_PODER_EXECUTIVO_2022-11-22.md
RJ,Diario Oficial do Estado do Rio de Janeiro,2022-11-22,Parte I (Poder Executivo),exoneracao,DAMIANA LÚCIA DA SILVA SANTOS,5132740-6,,,,sim,Damiana Lúcia Da Silva Santos:PER,sim,do cargo em comissão de Assistente,,"EXONERAR com validade a contar de 01 de novembro de 2022, DAMIANA LÚCIA DA SILVA SANTOS , ID FUNCIONAL N° 5132740-6, do cargo em comissão de Assistente, símbolo DAS-6, da",https://www.ioerj.com.br/portal/modules/conteudoonline/mostra_edicao.php?session=VW1wak1GSnFRVEJPTUZGMFVYcFJOVTFETURCT1ZHeERURlJuTUZGcVdYUlBSVlV6VGxSWk1GSkZXVE5SVkVVd1RWUmpNMDU2YTNwT1ZGRXhUV2M5UFE9PQ==,D:\github\exoneracoes_nomeacoes_dou\LAKE\RJ\2022\11\DOERJ_PARTE_I_PODER_EXECUTIVO_2022-11-22.md
RJ,Diario Oficial do Estado do Rio de Janeiro,2022-11-22,Parte I (Poder Executivo),exoneracao,DENISE BATISTA,,,,,sim,BATISTA:PER,sim,do cargo em comissão de Coordenador,da Superintendência de Integração Governamental,"EXONERAR com validade a contar de 01 de novembro de 2022, DENISE BATISTA DA SILVEIRA , ID. FUNCIONAL N° 5132777-5, do cargo em comissão de Coordenador, símbolo DAS-6, da Coordenação Regional VII, da Superintendência de Integração Governamental, da Subsecretaria de Governo, da",https://www.ioerj.com.br/portal/modules/conteudoonline/mostra_edicao.php?session=VW1wak1GSnFRVEJPTUZGMFVYcFJOVTFETURCT1ZHeERURlJuTUZGcVdYUlBSVlV6VGxSWk1GSkZXVE5SVkVVd1RWUmpNMDU2YTNwT1ZGRXhUV2M5UFE9PQ==,D:\github\exoneracoes_nomeacoes_dou\LAKE\RJ\2022\11\DOERJ_PARTE_I_PODER_EXECUTIVO_2022-11-22.md
RJ,Diario Oficial do Estado do Rio de Janeiro,2022-11-22,Parte I (Poder Executivo),exoneracao,ANDRE LUIS RAIBOLT DE FREITAS,50934678,,,,sim,ANDRE LUIS:MISC|FREITAS:ORG|Andre Luis Raibolt De Freitas:PER,sim,do cargo em comissão de Ajudante I,,"EXONERAR com validade a contar de 01 de novembro de 2022, ANDRE LUIS RAIBOLT DE FREITAS , ID FUNCIONAL N° 50934678, do cargo em comissão de Ajudante I, símbolo DAI-1, da",https://www.ioerj.com.br/portal/modules/conteudoonline/mostra_edicao.php?session=VW1wak1GSnFRVEJPTUZGMFVYcFJOVTFETURCT1ZHeERURlJuTUZGcVdYUlBSVlV6VGxSWk1GSkZXVE5SVkVVd1RWUmpNMDU2YTNwT1ZGRXhUV2M5UFE9PQ==,D:\github\exoneracoes_nomeacoes_dou\LAKE\RJ\2022\11\DOERJ_PARTE_I_PODER_EXECUTIVO_2022-11-22.md
RJ,Diario Oficial do Estado do Rio de Janeiro,2022-11-22,Parte I (Poder Executivo),exoneracao,CARLOS RENATO PIMENTEL GOMES,50943491,,,,sim,CARLOS RENATO PIMENTEL:PER,sim,do cargo em comissão de Ajudante I,,"EXONERAR com validade a contar de 01 de novembro de 2022, CARLOS RENATO PIMENTEL GOMES , ID FUNCIONAL Nº 50943491, do cargo em comissão de Ajudante I, símbolo DAI-1, da",https://www.ioerj.com.br/portal/modules/conteudoonline/mostra_edicao.php?session=VW1wak1GSnFRVEJPTUZGMFVYcFJOVTFETURCT1ZHeERURlJuTUZGcVdYUlBSVlV6VGxSWk1GSkZXVE5SVkVVd1RWUmpNMDU2YTNwT1ZGRXhUV2M5UFE9PQ==,D:\github\exoneracoes_nomeacoes_dou\LAKE\RJ\2022\11\DOERJ_PARTE_I_PODER_EXECUTIVO_2022-11-22.md
RJ,Diario Oficial do Estado do Rio de Janeiro,2022-11-22,Parte I (Poder Executivo),exoneracao,FABIO PICANÇO DE SEIXAS LOUREIRO,5097816-0,,,,sim,SEIXAS LOUREIRO:PER,sim,do cargo em comissão de Assessor,,"EXONERAR a pedido e com validade a contar de 17 de novembro de 2022, FABIO PICANÇO DE SEIXAS LOUREIRO , ID FUNCIONAL N° 5097816-0, do cargo em comissão de Assessor, símbolo DAS-7, da",https://www.ioerj.com.br/portal/modules/conteudoonline/mostra_edicao.php?session=VW1wak1GSnFRVEJPTUZGMFVYcFJOVTFETURCT1ZHeERURlJuTUZGcVdYUlBSVlV6VGxSWk1GSkZXVE5SVkVVd1RWUmpNMDU2YTNwT1ZGRXhUV2M5UFE9PQ==,D:\github\exoneracoes_nomeacoes_dou\LAKE\RJ\2022\11\DOERJ_PARTE_I_PODER_EXECUTIVO_2022-11-22.md
RJ,Diario Oficial do Estado do Rio de Janeiro,2022-11-22,Parte I (Poder Executivo),exoneracao,ANNA CAROLINA DA COSTA BARROS,5075696-6,,,,sim,ANNA CAROLINA:ORG|COSTA BARROS:ORG|Anna Carolina Da Costa Barros:PER,sim,do cargo em comissão de Assessor,da Superintendência de Planejamento,"EXONERAR a pedido e com validade a contar de 01 de novembro de 2022, ANNA CAROLINA DA COSTA BARROS , ID FUNCIONAL Nº 5075696-6, do cargo em comissão de Assessor, símbolo DAS-6, da Coordenação de Suprimentos e Almoxarifado, da Superintendência de Planejamento, Gestão e Finanças, da Subsecretaria Executiva, da",https://www.ioerj.com.br/portal/modules/conteudoonline/mostra_edicao.php?session=VW1wak1GSnFRVEJPTUZGMFVYcFJOVTFETURCT1ZHeERURlJuTUZGcVdYUlBSVlV6VGxSWk1GSkZXVE5SVkVVd1RWUmpNMDU2YTNwT1ZGRXhUV2M5UFE9PQ==,D:\github\exoneracoes_nomeacoes_dou\LAKE\RJ\2022\11\DOERJ_PARTE_I_PODER_EXECUTIVO_2022-11-22.md
RJ,Diario Oficial do Estado do Rio de Janeiro,2022-11-22,Parte I (Poder Executivo),exoneracao,IURI ASSU SIMÕES CARDOSO,1906524-8,,,,sim,ASSU SIMÕES CARDOSO:MISC|Iuri Assu Simões Cardoso:PER,sim,do cargo em comissão de Assessor-Chefe,,"EXONERAR com validade a contar de 03 de novembro de 2022, IURI ASSU SIMÕES CARDOSO , ID FUNCIONAL Nº 1906524-8 , do cargo em comissão de Assessor-Chefe, símbolo DG, da Assessoria de Comunicação, da",https://www.ioerj.com.br/portal/modules/conteudoonline/mostra_edicao.php?session=VW1wak1GSnFRVEJPTUZGMFVYcFJOVTFETURCT1ZHeERURlJuTUZGcVdYUlBSVlV6VGxSWk1GSkZXVE5SVkVVd1RWUmpNMDU2YTNwT1ZGRXhUV2M5UFE9PQ==,D:\github\exoneracoes_nomeacoes_dou\LAKE\RJ\2022\11\DOERJ_PARTE_I_PODER_EXECUTIVO_2022-11-22.md
RJ,Diario Oficial do Estado do Rio de Janeiro,2022-11-22,Parte I (Poder Executivo),exoneracao,ALESSANDRA VASQUES WERNER PAIM,5098068-8,,,,sim,VASQUES WERNER PAIM:MISC|Alessandra Vasques Werner Paim:PER,sim,do cargo em comissão de Subsecretário de Estado,da Subsecretaria de Proteção,"EXONERAR com validade a contar de 18 de novembro de 2022, ALESSANDRA VASQUES WERNER PAIM , ID FUNCIONAL Nº 5098068-8, do cargo em comissão de Subsecretário de Estado, símbolo SS, da Subsecretaria de Proteção, Defesa e Garantia dos Direitos Humanos, da",https://www.ioerj.com.br/portal/modules/conteudoonline/mostra_edicao.php?session=VW1wak1GSnFRVEJPTUZGMFVYcFJOVTFETURCT1ZHeERURlJuTUZGcVdYUlBSVlV6VGxSWk1GSkZXVE5SVkVVd1RWUmpNMDU2YTNwT1ZGRXhUV2M5UFE9PQ==,D:\github\exoneracoes_nomeacoes_dou\LAKE\RJ\2022\11\DOERJ_PARTE_I_PODER_EXECUTIVO_2022-11-22.md
RJ,Diario Oficial do Estado do Rio de Janeiro,2022-11-22,Parte I (Poder Executivo),nomeacao,ALMIR IGNACIO SATURNINO,,,,,sim,Almir Ignacio Saturnino:PER,sim,,da Subsecretaria de Programas Especiais,"NOMEAR ALMIR IGNACIO SATURNINO para exercer, com validade a contar de 11 de novembro de 2022, o cargo em comissão de Assessor, símbolo DAS-8, da Subsecretaria de Programas Especiais, da",https://www.ioerj.com.br/portal/modules/conteudoonline/mostra_edicao.php?session=VW1wak1GSnFRVEJPTUZGMFVYcFJOVTFETURCT1ZHeERURlJuTUZGcVdYUlBSVlV6VGxSWk1GSkZXVE5SVkVVd1RWUmpNMDU2YTNwT1ZGRXhUV2M5UFE9PQ==,D:\github\exoneracoes_nomeacoes_dou\LAKE\RJ\2022\11\DOERJ_PARTE_I_PODER_EXECUTIVO_2022-11-22.md
RJ,Diario Oficial do Estado do Rio de Janeiro,2022-11-22,Parte I (Poder Executivo),nomeacao,RAFAEL PIMENTEL RIBEIRO,44323212,,,,sim,RAFAEL PIMENTEL:PER,sim,,da Subsecretaria de Programas Especiais,"NOMEAR RAFAEL PIMENTEL RIBEIRO , ID FUNCIONAL Nº44323212 para exercer, com validade a contar de 16 de novembro de 2022, o cargo em comissão de Ajudante I, símbolo DAI-1, da Subsecretaria de Programas Especiais, da",https://www.ioerj.com.br/portal/modules/conteudoonline/mostra_edicao.php?session=VW1wak1GSnFRVEJPTUZGMFVYcFJOVTFETURCT1ZHeERURlJuTUZGcVdYUlBSVlV6VGxSWk1GSkZXVE5SVkVVd1RWUmpNMDU2YTNwT1ZGRXhUV2M5UFE9PQ==,D:\github\exoneracoes_nomeacoes_dou\LAKE\RJ\2022\11\DOERJ_PARTE_I_PODER_EXECUTIVO_2022-11-22.md
RJ,Diario Oficial do Estado do Rio de Janeiro,2022-11-22,Parte I (Poder Executivo),exoneracao,GABRIELA DE MENEZES PALMER,,,,,sim,GABRIELA:ORG|Gabriela De Menezes Palmer:PER,sim,do cargo em comissão de Ajudante I,da Subsecretaria de Programas Especiais,"EXONERAR com validade a contar de 16 de novembro de 2022, GABRIELA DE MENEZES PALMER , ID FUNCIONAL N º 5088559-6, do cargo em comissão de Ajudante I, símbolo DAI-1, da Subsecretaria de Programas Especiais, da",https://www.ioerj.com.br/portal/modules/conteudoonline/mostra_edicao.php?session=VW1wak1GSnFRVEJPTUZGMFVYcFJOVTFETURCT1ZHeERURlJuTUZGcVdYUlBSVlV6VGxSWk1GSkZXVE5SVkVVd1RWUmpNMDU2YTNwT1ZGRXhUV2M5UFE9PQ==,D:\github\exoneracoes_nomeacoes_dou\LAKE\RJ\2022\11\DOERJ_PARTE_I_PODER_EXECUTIVO_2022-11-22.md
RJ,Diario Oficial do Estado do Rio de Janeiro,2022-11-22,Parte I (Poder Executivo),nomeacao,ANDERSON DE SOUZA DA SILVA,5013984-3,,,,sim,ANDERSON:MISC|Anderson De Souza Da Silva:PER,sim,,da Superintendência de Desenvolvimento de Pessoas,"NOMEAR ANDERSON DE SOUZA DA SILVA , ID FUNCIONAL Nº 5013984-3 para exercer, com validade a contar de 01 de novembro de 2022, o cargo em comissão de Assistente II, símbolo DAI-6, da Coordenadoria de Qualificação Acadêmica, da Superintendência de Desenvolvimento de Pessoas, da Subsecretaria de Planejamento e Ações Estratégicas, da",https://www.ioerj.com.br/portal/modules/conteudoonline/mostra_edicao.php?session=VW1wak1GSnFRVEJPTUZGMFVYcFJOVTFETURCT1ZHeERURlJuTUZGcVdYUlBSVlV6VGxSWk1GSkZXVE5SVkVVd1RWUmpNMDU2YTNwT1ZGRXhUV2M5UFE9PQ==,D:\github\exoneracoes_nomeacoes_dou\LAKE\RJ\2022\11\DOERJ_PARTE_I_PODER_EXECUTIVO_2022-11-22.md
RJ,Diario Oficial do Estado do Rio de Janeiro,2022-11-22,Parte I (Poder Executivo),nomeacao,CLEBERSON RIZZO STOLER DA SILVA,,,,,sim,CLEBERSON RIZZO STOLER DA SILVA:MISC|Cleberson Rizzo Stoler Da Silva:PER,sim,,da Superintendência de Tecnologia da Informação,"NOMEAR CLEBERSON RIZZO STOLER DA SILVA para exercer, com validade a contar de 16 de novembro de 2022, o cargo em comissão de Assessor, símbolo DAS-7, da Coordenadoria de Infraestrutura de Tecnologia da Informação, da Superintendência de Tecnologia da Informação, da Subsecretaria de Planejamento e Ações Estratégicas, da",https://www.ioerj.com.br/portal/modules/conteudoonline/mostra_edicao.php?session=VW1wak1GSnFRVEJPTUZGMFVYcFJOVTFETURCT1ZHeERURlJuTUZGcVdYUlBSVlV6VGxSWk1GSkZXVE5SVkVVd1RWUmpNMDU2YTNwT1ZGRXhUV2M5UFE9PQ==,D:\github\exoneracoes_nomeacoes_dou\LAKE\RJ\2022\11\DOERJ_PARTE_I_PODER_EXECUTIVO_2022-11-22.md
RJ,Diario Oficial do Estado do Rio de Janeiro,2022-11-22,Parte I (Poder Executivo),exoneracao,JAQUELINE RIBEIRO ABREU,1022433-5,,,,sim,JAQUELINE RIBEIRO ABREU:MISC|Jaqueline Ribeiro Abreu:PER,sim,do cargo em comissão de Assessor,da Superintendência de Tecnologia da Informação,"EXONERAR com validade a contar de 16 de novembro de 2022, JAQUELINE RIBEIRO ABREU , ID FUNCIONAL Nº 1022433-5, do cargo em comissão de Assessor, símbolo DAS-7, da Coordenadoria de Infraestrutura de Tecnologia da Informação, da Superintendência de Tecnologia da Informação, da Subsecretaria de Planejamento e Ações Estratégicas, da",https://www.ioerj.com.br/portal/modules/conteudoonline/mostra_edicao.php?session=VW1wak1GSnFRVEJPTUZGMFVYcFJOVTFETURCT1ZHeERURlJuTUZGcVdYUlBSVlV6VGxSWk1GSkZXVE5SVkVVd1RWUmpNMDU2YTNwT1ZGRXhUV2M5UFE9PQ==,D:\github\exoneracoes_nomeacoes_dou\LAKE\RJ\2022\11\DOERJ_PARTE_I_PODER_EXECUTIVO_2022-11-22.md
RJ,Diario Oficial do Estado do Rio de Janeiro,2022-11-22,Parte I (Poder Executivo),nomeacao,GUILHERME OLIVEIRA DOS SANTOS,50733974-1,,,,sim,GUILHERME OLIVEIRA DOS:MISC|SANTOS:ORG|Guilherme Oliveira Dos Santos:PER,sim,,da Superintendência de Tecnologia da Informação,"NOMEAR GUILHERME OLIVEIRA DOS SANTOS , ID FUNCIONAL Nº 50733974-1 para exercer, com validade a contar de 16 de novembro de 2022, o cargo em comissão de Assessor, símbolo DAS-7, da Coordenadoria de Infraestrutura de Tecnologia da Informação, da Superintendência de Tecnologia da Informação, da Subsecretaria de Planejamento e Ações Estratégicas, da",https://www.ioerj.com.br/portal/modules/conteudoonline/mostra_edicao.php?session=VW1wak1GSnFRVEJPTUZGMFVYcFJOVTFETURCT1ZHeERURlJuTUZGcVdYUlBSVlV6VGxSWk1GSkZXVE5SVkVVd1RWUmpNMDU2YTNwT1ZGRXhUV2M5UFE9PQ==,D:\github\exoneracoes_nomeacoes_dou\LAKE\RJ\2022\11\DOERJ_PARTE_I_PODER_EXECUTIVO_2022-11-22.md
RJ,Diario Oficial do Estado do Rio de Janeiro,2022-11-22,Parte I (Poder Executivo),nomeacao,MARCOS HENRIQUE NATAL DA CUNHA,,,,,sim,MARCOS HENRIQUE NATAL:PER,sim,,da Superintendência de Tecnologia da Informação,"NOMEAR MARCOS HENRIQUE NATAL DA CUNHA para exercer, com validade a contar de 16 de novembro de 2022, o cargo em comissão de Assessor, símbolo DAS-7, da Superintendência de Tecnologia da Informação, da Subsecretaria de Planejamento e Ações Estratégicas, da",https://www.ioerj.com.br/portal/modules/conteudoonline/mostra_edicao.php?session=VW1wak1GSnFRVEJPTUZGMFVYcFJOVTFETURCT1ZHeERURlJuTUZGcVdYUlBSVlV6VGxSWk1GSkZXVE5SVkVVd1RWUmpNMDU2YTNwT1ZGRXhUV2M5UFE9PQ==,D:\github\exoneracoes_nomeacoes_dou\LAKE\RJ\2022\11\DOERJ_PARTE_I_PODER_EXECUTIVO_2022-11-22.md
RJ,Diario Oficial do Estado do Rio de Janeiro,2022-11-22,Parte I (Poder Executivo),nomeacao,FÁBIO MOREIRA CESAR DE OLIVEIRA,5110872-0,,,,sim,FÁBIO MOREIRA CESAR:MISC|OLIVEIRA:ORG|Fábio Moreira Cesar De Oliveira:PER,sim,,da Superintendência de Tecnologia da Informação,"NOMEAR FÁBIO MOREIRA CESAR DE OLIVEIRA , ID FUNCIONAL Nº 5110872-0 para exercer, com validade a contar de 16 de novembro de 2022, o cargo em comissão de Assessor, símbolo DAS-7, da Coordenadoria de Sistemas da Informação, da Superintendência de Tecnologia da Informação, da Subsecretaria de Planejamento e Ações Estratégicas, da",https://www.ioerj.com.br/portal/modules/conteudoonline/mostra_edicao.php?session=VW1wak1GSnFRVEJPTUZGMFVYcFJOVTFETURCT1ZHeERURlJuTUZGcVdYUlBSVlV6VGxSWk1GSkZXVE5SVkVVd1RWUmpNMDU2YTNwT1ZGRXhUV2M5UFE9PQ==,D:\github\exoneracoes_nomeacoes_dou\LAKE\RJ\2022\11\DOERJ_PARTE_I_PODER_EXECUTIVO_2022-11-22.md
RJ,Diario Oficial do Estado do Rio de Janeiro,2022-11-22,Parte I (Poder Executivo),exoneracao,CARLOS JOSE GALVÃO CORRÊA,5024621-6,,,,sim,CARLOS JOSE GALVÃO CORRÊA:PER,sim,do cargo em comissão de Assistente II,da Superintendência de Desenvolvimento de Pessoas,"EXONERAR com validade a contar de 16 de novembro de 2022, CARLOS JOSE GALVÃO CORRÊA , ID FUNCIONAL Nº 5024621-6, do cargo em comissão de Assistente II, símbolo DAI-6, da Coordenadoria de Aperfeiçoamento do Servidor, da Superintendência de Desenvolvimento de Pessoas, da Subsecretaria de Planejamento e Ações Estratégicas, da",https://www.ioerj.com.br/portal/modules/conteudoonline/mostra_edicao.php?session=VW1wak1GSnFRVEJPTUZGMFVYcFJOVTFETURCT1ZHeERURlJuTUZGcVdYUlBSVlV6VGxSWk1GSkZXVE5SVkVVd1RWUmpNMDU2YTNwT1ZGRXhUV2M5UFE9PQ==,D:\github\exoneracoes_nomeacoes_dou\LAKE\RJ\2022\11\DOERJ_PARTE_I_PODER_EXECUTIVO_2022-11-22.md
RJ,Diario Oficial do Estado do Rio de Janeiro,2022-11-22,Parte I (Poder Executivo),nomeacao,ARIADNE GONÇALVES PINHEIRO,,,,,sim,ARIADNE GONÇALVES PINHEIRO:MISC|Ariadne Gonçalves Pinheiro:PER,sim,,da Superintendência de Desenvolvimento de Pessoas,"NOMEAR ARIADNE GONÇALVES PINHEIRO para exercer, com validade a contar de 16 de novembro de 2022, o cargo em comissão de Assistente II, símbolo DAI-6, da Coordenadoria de Aperfeiçoamento do Servidor, da Superintendência de Desenvolvimento de Pessoas, da Subsecretaria de Planejamento e Ações Estratégicas, da",https://www.ioerj.com.br/portal/modules/conteudoonline/mostra_edicao.php?session=VW1wak1GSnFRVEJPTUZGMFVYcFJOVTFETURCT1ZHeERURlJuTUZGcVdYUlBSVlV6VGxSWk1GSkZXVE5SVkVVd1RWUmpNMDU2YTNwT1ZGRXhUV2M5UFE9PQ==,D:\github\exoneracoes_nomeacoes_dou\LAKE\RJ\2022\11\DOERJ_PARTE_I_PODER_EXECUTIVO_2022-11-22.md
RJ,Diario Oficial do Estado do Rio de Janeiro,2022-11-22,Parte I (Poder Executivo),exoneracao,BEATRIZ ALVES MACHADO FILHA,3457458-1,,,,sim,BEATRIZ:ORG|MACHADO:MISC|Beatriz Alves Machado Filha:PER,sim,do cargo em comissão de Assistente II,da Superintendência de Desenvolvimento de Pessoas,"EXONERAR com validade a contar de 16 de novembro de 2022, BEATRIZ ALVES MACHADO FILHA , ID FUNCIONAL N° 3457458-1, do cargo em comissão de Assistente II, símbolo DAI-6, da Coordenadoria de Formação com Ênfase em Educação Integral, da Superintendência de Desenvolvimento de Pessoas, da Subsecretaria de Planejamento e Ações Estratégicas, da",https://www.ioerj.com.br/portal/modules/conteudoonline/mostra_edicao.php?session=VW1wak1GSnFRVEJPTUZGMFVYcFJOVTFETURCT1ZHeERURlJuTUZGcVdYUlBSVlV6VGxSWk1GSkZXVE5SVkVVd1RWUmpNMDU2YTNwT1ZGRXhUV2M5UFE9PQ==,D:\github\exoneracoes_nomeacoes_dou\LAKE\RJ\2022\11\DOERJ_PARTE_I_PODER_EXECUTIVO_2022-11-22.md
RJ,Diario Oficial do Estado do Rio de Janeiro,2022-11-22,Parte I (Poder Executivo),nomeacao,THADEU FERNANDES SANTOS,,,,,sim,THADEU FERNANDES SANTOS:MISC|Thadeu Fernandes Santos:PER,sim,,da Superintendência de Desenvolvimento de Pessoas,"NOMEAR THADEU FERNANDES SANTOS para exercer, com validade a contar de 16 de novembro de 2022, o cargo em comissão de Assistente II, símbolo DAI-6, da Coordenadoria de Formação com Ênfase em Educação Integral, da Superintendência de Desenvolvimento de Pessoas, da Subsecretaria de Planejamento e Ações Estratégicas, da",https://www.ioerj.com.br/portal/modules/conteudoonline/mostra_edicao.php?session=VW1wak1GSnFRVEJPTUZGMFVYcFJOVTFETURCT1ZHeERURlJuTUZGcVdYUlBSVlV6VGxSWk1GSkZXVE5SVkVVd1RWUmpNMDU2YTNwT1ZGRXhUV2M5UFE9PQ==,D:\github\exoneracoes_nomeacoes_dou\LAKE\RJ\2022\11\DOERJ_PARTE_I_PODER_EXECUTIVO_2022-11-22.md
RJ,Diario Oficial do Estado do Rio de Janeiro,2022-11-22,Parte I (Poder Executivo),exoneracao,UBIRATAN ALBERTINI DA SILVA,4278858-7,,,,sim,UBIRATAN ALBERTINI DA SILVA:MISC|Ubiratan Albertini:PER,sim,do cargo em comissão de Assistente II,da Superintendência de Projetos Estratégicos,"EXONERAR com validade a contar de 16 de novembro de 2022, UBIRATAN ALBERTINI DA SILVA , ID FUNCIONAL Nº 4278858-7, do cargo em comissão de Assistente II, símbolo DAI-6, da Coordenadoria de Monitoramento Geral de Projetos, da Superintendência de Projetos Estratégicos, da Subsecretaria de Planejamento e Ações Estratégicas, da",https://www.ioerj.com.br/portal/modules/conteudoonline/mostra_edicao.php?session=VW1wak1GSnFRVEJPTUZGMFVYcFJOVTFETURCT1ZHeERURlJuTUZGcVdYUlBSVlV6VGxSWk1GSkZXVE5SVkVVd1RWUmpNMDU2YTNwT1ZGRXhUV2M5UFE9PQ==,D:\github\exoneracoes_nomeacoes_dou\LAKE\RJ\2022\11\DOERJ_PARTE_I_PODER_EXECUTIVO_2022-11-22.md
RJ,Diario Oficial do Estado do Rio de Janeiro,2022-11-22,Parte I (Poder Executivo),nomeacao,HILDEBRANDO CALDEIRA DO BOMFIM,5011896-0,,,,sim,CALDEIRA:ORG|Caldeira Do Bomfim:PER,sim,,da Superintendência de Tecnologia da Informação,"NOMEAR HILDEBRANDO CALDEIRA DO BOMFIM , ID FUNCIONAL Nº 5011896-0 para exercer, com validade a contar de 16 de novembro de 2022, o cargo em comissão de Assistente II, símbolo DAI-6, da <!-- image --> DO ESTADO DO RIO DE JANEIRO Coordenadoria de Infraestrutura de Tecnologia da Informação, da Superintendência de Tecnologia da Informação, da Subsecretaria de Planejamento e Ações Estratégicas, da",https://www.ioerj.com.br/portal/modules/conteudoonline/mostra_edicao.php?session=VW1wak1GSnFRVEJPTUZGMFVYcFJOVTFETURCT1ZHeERURlJuTUZGcVdYUlBSVlV6VGxSWk1GSkZXVE5SVkVVd1RWUmpNMDU2YTNwT1ZGRXhUV2M5UFE9PQ==,D:\github\exoneracoes_nomeacoes_dou\LAKE\RJ\2022\11\DOERJ_PARTE_I_PODER_EXECUTIVO_2022-11-22.md
RJ,Diario Oficial do Estado do Rio de Janeiro,2022-11-22,Parte I (Poder Executivo),nomeacao,SANDRA DOS SANTOS PEREIRA,19359241,,,,sim,SANDRA DOS SANTOS PEREIRA:MISC|Sandra Dos Santos Pereira:PER,sim,,,"NOMEAR SANDRA DOS SANTOS PEREIRA , ID FUNCIONAL Nº 19359241 para exercer, com validade a contar de 01 de novembro de 2022, o cargo em comissão de Assistente II, símbolo DAI-6, da",https://www.ioerj.com.br/portal/modules/conteudoonline/mostra_edicao.php?session=VW1wak1GSnFRVEJPTUZGMFVYcFJOVTFETURCT1ZHeERURlJuTUZGcVdYUlBSVlV6VGxSWk1GSkZXVE5SVkVVd1RWUmpNMDU2YTNwT1ZGRXhUV2M5UFE9PQ==,D:\github\exoneracoes_nomeacoes_dou\LAKE\RJ\2022\11\DOERJ_PARTE_I_PODER_EXECUTIVO_2022-11-22.md
RJ,Diario Oficial do Estado do Rio de Janeiro,2022-11-22,Parte I (Poder Executivo),nomeacao,LAIANE PEREIRA RAMOS,,,,,sim,LAIANE PEREIRA RAMOS:MISC|Laiane Pereira Ramos:PER,sim,,,"NOMEAR LAIANE PEREIRA RAMOS para exercer, com validade a contar de 01 de novembro de 2022, o cargo em comissão de Assistente II, símbolo DAI-6, da",https://www.ioerj.com.br/portal/modules/conteudoonline/mostra_edicao.php?session=VW1wak1GSnFRVEJPTUZGMFVYcFJOVTFETURCT1ZHeERURlJuTUZGcVdYUlBSVlV6VGxSWk1GSkZXVE5SVkVVd1RWUmpNMDU2YTNwT1ZGRXhUV2M5UFE9PQ==,D:\github\exoneracoes_nomeacoes_dou\LAKE\RJ\2022\11\DOERJ_PARTE_I_PODER_EXECUTIVO_2022-11-22.md
RJ,Diario Oficial do Estado do Rio de Janeiro,2022-11-22,Parte I (Poder Executivo),nomeacao,DANIEL MALET LOPES,,,,,sim,DANIEL:PER,sim,,,"NOMEAR DANIEL MALET LOPES para exercer, com validade a contar de 10 de novembro de 2022, o cargo em comissão de Assistente II, símbolo DAI-6, da",https://www.ioerj.com.br/portal/modules/conteudoonline/mostra_edicao.php?session=VW1wak1GSnFRVEJPTUZGMFVYcFJOVTFETURCT1ZHeERURlJuTUZGcVdYUlBSVlV6VGxSWk1GSkZXVE5SVkVVd1RWUmpNMDU2YTNwT1ZGRXhUV2M5UFE9PQ==,D:\github\exoneracoes_nomeacoes_dou\LAKE\RJ\2022\11\DOERJ_PARTE_I_PODER_EXECUTIVO_2022-11-22.md
RJ,Diario Oficial do Estado do Rio de Janeiro,2022-11-22,Parte I (Poder Executivo),nomeacao,ELLEN FERREIRA GOMES,,,,,sim,ELLEN FERREIRA:MISC|Ellen Ferreira Gomes:PER,sim,,,"NOMEAR ELLEN FERREIRA GOMES para exercer, com validade a contar de 01 de novembro de 2022, o cargo em comissão de Assistente II, símbolo DAI-6, da",https://www.ioerj.com.br/portal/modules/conteudoonline/mostra_edicao.php?session=VW1wak1GSnFRVEJPTUZGMFVYcFJOVTFETURCT1ZHeERURlJuTUZGcVdYUlBSVlV6VGxSWk1GSkZXVE5SVkVVd1RWUmpNMDU2YTNwT1ZGRXhUV2M5UFE9PQ==,D:\github\exoneracoes_nomeacoes_dou\LAKE\RJ\2022\11\DOERJ_PARTE_I_PODER_EXECUTIVO_2022-11-22.md
RJ,Diario Oficial do Estado do Rio de Janeiro,2022-11-22,Parte I (Poder Executivo),nomeacao,MARINO BRUNO AZEVEDO,43829570,,,,sim,MARINO:MISC|Marino Bruno Azevedo:PER,sim,,,"NOMEAR MARINO BRUNO AZEVEDO , ID FUNCIONAL Nº 43829570, para exercer, com validade a contar de 16 de novembro de 2022, o cargo em comissão de Assessor Técnico Senior, símbolo DAS-8, da",https://www.ioerj.com.br/portal/modules/conteudoonline/mostra_edicao.php?session=VW1wak1GSnFRVEJPTUZGMFVYcFJOVTFETURCT1ZHeERURlJuTUZGcVdYUlBSVlV6VGxSWk1GSkZXVE5SVkVVd1RWUmpNMDU2YTNwT1ZGRXhUV2M5UFE9PQ==,D:\github\exoneracoes_nomeacoes_dou\LAKE\RJ\2022\11\DOERJ_PARTE_I_PODER_EXECUTIVO_2022-11-22.md
RJ,Diario Oficial do Estado do Rio de Janeiro,2022-11-22,Parte I (Poder Executivo),nomeacao,SÉRGIO PEREIRA DA SILVA JUNIOR,5095854-2,,,,sim,SÉRGIO PEREIRA DA SILVA JUNIOR:MISC|Sérgio Pereira:PER,sim,,da Superintendência de Planejamento e Integração das Redes,"NOMEAR SÉRGIO PEREIRA DA SILVA JUNIOR , ID FUNCIONAL Nº 5095854-2 para exercer, com validade a contar de 10 de novembro de 2022, o cargo em comissão de Assistente II, símbolo DAI-6, da Coordenadoria de Relações Municipais, da Superintendência de Planejamento e Integração das Redes, da Subsecretaria de Planejamento e Ações Estratégicas, da",https://www.ioerj.com.br/portal/modules/conteudoonline/mostra_edicao.php?session=VW1wak1GSnFRVEJPTUZGMFVYcFJOVTFETURCT1ZHeERURlJuTUZGcVdYUlBSVlV6VGxSWk1GSkZXVE5SVkVVd1RWUmpNMDU2YTNwT1ZGRXhUV2M5UFE9PQ==,D:\github\exoneracoes_nomeacoes_dou\LAKE\RJ\2022\11\DOERJ_PARTE_I_PODER_EXECUTIVO_2022-11-22.md
RJ,Diario Oficial do Estado do Rio de Janeiro,2022-11-22,Parte I (Poder Executivo),nomeacao,JORGE JOSÉ CARDIA MIGON,51165104,,,,sim,JORGE JOSÉ CARDIA MIGON:PER,sim,,,"NOMEAR JORGE JOSÉ CARDIA MIGON, ID Funcional nº 51165104, no cargo em comissão de Assistente, símbolo DAS-6, da Agência Reguladora de Energia e Saneamento Básico do Estado do Rio de Janeiro - AGENERSA, a contar de 08/11/2022, na vaga anteriormente ocupada por YUBIRAJARA CORRÊA FILHO, ID Funcional nº 51051958. Processo n° SEI-220007/003916/2022. Id: 2440468 ## AGÊNCIA REGULADORA DE ENERGIA E SANEAMENTO BÁSICO DO ESTADO DO RIO DE JANEIRO ##",https://www.ioerj.com.br/portal/modules/conteudoonline/mostra_edicao.php?session=VW1wak1GSnFRVEJPTUZGMFVYcFJOVTFETURCT1ZHeERURlJuTUZGcVdYUlBSVlV6VGxSWk1GSkZXVE5SVkVVd1RWUmpNMDU2YTNwT1ZGRXhUV2M5UFE9PQ==,D:\github\exoneracoes_nomeacoes_dou\LAKE\RJ\2022\11\DOERJ_PARTE_I_PODER_EXECUTIVO_2022-11-22.md
RJ,Diario Oficial do Estado do Rio de Janeiro,2022-11-22,Parte I (Poder Executivo),nomeacao,VINÍCIUS CARVALHO,,,,,sim,VINÍCIUS CARVALHO:LOC|Vinícius Carvalho:PER,sim,,,"NOMEAR com validade a contar de 17 de agosto de 2022, VINÍCIUS CARVALHO DA SILVA , TEN CEL PM RG 57.386, ID. Funcional 22413464, no cargo em comissão de Chefe, símbolo DAS-7, do Centro de Manutenção de Armamento e Recarga de Munições - CMARM, da",https://www.ioerj.com.br/portal/modules/conteudoonline/mostra_edicao.php?session=VW1wak1GSnFRVEJPTUZGMFVYcFJOVTFETURCT1ZHeERURlJuTUZGcVdYUlBSVlV6VGxSWk1GSkZXVE5SVkVVd1RWUmpNMDU2YTNwT1ZGRXhUV2M5UFE9PQ==,D:\github\exoneracoes_nomeacoes_dou\LAKE\RJ\2022\11\DOERJ_PARTE_I_PODER_EXECUTIVO_2022-11-22.md
