estado,diario,data_publicacao,caderno,tipo_ato,nome,id_funcional,assinante,cargo_assinante,categoria_assinante,governador_edicao,representante_governo,origem_representante,spacy_pessoa,spacy_entidades,nome_parse_confiavel,cargo,orgao,trecho,fonte_url,arquivo_markdown
RJ,Diario Oficial do Estado do Rio de Janeiro,2012-12-28,Parte I (Poder Executivo),exoneracao,CARLOS ALBERTO FRANCISCO,,CARLOS ALBERTO FRANCISCO DO CARGO EM COMISSÃO DE,Diretor,8,Wilson Jose Witzel - Governador,Wilson Jose Witzel,Executivo estadual,sim,CARLOS ALBERTO FRANCISCO:PER,sim,do cargo em comissão de Diretor Geral,do Departamento Geral de Administração e Finanças,"EXONERAR a pedido e com validade a contar de 28 de dezembro de 2012, CARLOS ALBERTO FRANCISCO do cargo em comissão de Diretor Geral, símbolo DG, do Departamento Geral de Administração e Finanças, da",https://www.ioerj.com.br/portal/modules/conteudoonline/mostra_edicao.php?session=VGtWTk1GSkZWWGROTUZsMFRtdEplVTU1TURCT1JHZDNURlZLUTAxcVNYUlJla2w2VVZWV1EwNTZhelZQUlVreFRWUmpNMDlVUVRGTlJGbDNUVkU5UFE9PQ==,D:\github\exoneracoes_nomeacoes_dou\LAKE\RJ\2012\12\DOERJ_PARTE_I_PODER_EXECUTIVO_2012-12-28.md
RJ,Diario Oficial do Estado do Rio de Janeiro,2012-12-28,Parte I (Poder Executivo),exoneracao,RAQUEL GUIMARÃES,,,Governador,1,Wilson Jose Witzel - Governador,Wilson Jose Witzel,Executivo estadual,sim,RAQUEL GUIMARÃES:MISC|Raquel Guimarães:PER,sim,do cargo em comissão de Assessor,,"EXONERAR com validade a contar de 28 de dezembro de 2012, RAQUEL GUIMARÃES DA SILVA , matrícula nº 0970621-9, do cargo em comissão de Assessor, símbolo DAS-8, da",https://www.ioerj.com.br/portal/modules/conteudoonline/mostra_edicao.php?session=VGtWTk1GSkZWWGROTUZsMFRtdEplVTU1TURCT1JHZDNURlZLUTAxcVNYUlJla2w2VVZWV1EwNTZhelZQUlVreFRWUmpNMDlVUVRGTlJGbDNUVkU5UFE9PQ==,D:\github\exoneracoes_nomeacoes_dou\LAKE\RJ\2012\12\DOERJ_PARTE_I_PODER_EXECUTIVO_2012-12-28.md
RJ,Diario Oficial do Estado do Rio de Janeiro,2012-12-28,Parte I (Poder Executivo),nomeacao,RAQUEL GUIMARÃES,,,Governador,1,Wilson Jose Witzel - Governador,Wilson Jose Witzel,Executivo estadual,sim,RAQUEL GUIMARÃES:MISC|Raquel Guimarães:PER,sim,,do Departamento Geral de Administração e Finanças,"NOMEAR RAQUEL GUIMARÃES DA SILVA , matrícula nº 0970621-9, para exercer, com validade a contar de 28 de dezembro de 2012, o cargo em comissão de Diretor Geral, símbolo DG, do Departamento Geral de Administração e Finanças, da",https://www.ioerj.com.br/portal/modules/conteudoonline/mostra_edicao.php?session=VGtWTk1GSkZWWGROTUZsMFRtdEplVTU1TURCT1JHZDNURlZLUTAxcVNYUlJla2w2VVZWV1EwNTZhelZQUlVreFRWUmpNMDlVUVRGTlJGbDNUVkU5UFE9PQ==,D:\github\exoneracoes_nomeacoes_dou\LAKE\RJ\2012\12\DOERJ_PARTE_I_PODER_EXECUTIVO_2012-12-28.md
RJ,Diario Oficial do Estado do Rio de Janeiro,2012-12-28,Parte I (Poder Executivo),exoneracao,EDUARDO ANDERSON SANTOS DO NASCIMENTO,,,Secretario,5,Wilson Jose Witzel - Governador,Wilson Jose Witzel,Executivo estadual,sim,Eduardo Anderson Santos Do Nascimento:PER,sim,do cargo em comissão de Supervisor Regional do Estado,da Subsecretaria da Capital,"EXONERAR a pedido e com validade a contar de 13 de dezembro de 2012, EDUARDO ANDERSON SANTOS DO NASCIMENTO, matrícula nº 0968809-4, do cargo em comissão de Supervisor Regional do Estado, símbolo DAS-8, da Capital III, da Subsecretaria da Capital, da",https://www.ioerj.com.br/portal/modules/conteudoonline/mostra_edicao.php?session=VGtWTk1GSkZWWGROTUZsMFRtdEplVTU1TURCT1JHZDNURlZLUTAxcVNYUlJla2w2VVZWV1EwNTZhelZQUlVreFRWUmpNMDlVUVRGTlJGbDNUVkU5UFE9PQ==,D:\github\exoneracoes_nomeacoes_dou\LAKE\RJ\2012\12\DOERJ_PARTE_I_PODER_EXECUTIVO_2012-12-28.md
RJ,Diario Oficial do Estado do Rio de Janeiro,2012-12-28,Parte I (Poder Executivo),exoneracao,EDILANE FELIX DOS SANTOS,,,Secretario,5,Wilson Jose Witzel - Governador,Wilson Jose Witzel,Executivo estadual,sim,EDILANE FELIX DOS SANTOS:MISC|Edilane Felix Dos Santos:PER,sim,do cargo em comissão de Ajudante II,,"EXONERAR a pedido e com validade a contar de 28 de dezembro de 2012, EDILANE FELIX DOS SANTOS do cargo em comissão de Ajudante II, símbolo DAI-2, da",https://www.ioerj.com.br/portal/modules/conteudoonline/mostra_edicao.php?session=VGtWTk1GSkZWWGROTUZsMFRtdEplVTU1TURCT1JHZDNURlZLUTAxcVNYUlJla2w2VVZWV1EwNTZhelZQUlVreFRWUmpNMDlVUVRGTlJGbDNUVkU5UFE9PQ==,D:\github\exoneracoes_nomeacoes_dou\LAKE\RJ\2012\12\DOERJ_PARTE_I_PODER_EXECUTIVO_2012-12-28.md
RJ,Diario Oficial do Estado do Rio de Janeiro,2012-12-28,Parte I (Poder Executivo),exoneracao,ROGERIO BARROS DA SILVA,,,Secretario,5,Wilson Jose Witzel - Governador,Wilson Jose Witzel,Executivo estadual,sim,ROGERIO BARROS DA SILVA:PER,sim,do cargo em comissão de Ajudante I,,"EXONERAR a pedido e com validade a contar de 28 de dezembro de 2012, ROGERIO BARROS DA SILVA do cargo em comissão de Ajudante I, símbolo DAI-1, da",https://www.ioerj.com.br/portal/modules/conteudoonline/mostra_edicao.php?session=VGtWTk1GSkZWWGROTUZsMFRtdEplVTU1TURCT1JHZDNURlZLUTAxcVNYUlJla2w2VVZWV1EwNTZhelZQUlVreFRWUmpNMDlVUVRGTlJGbDNUVkU5UFE9PQ==,D:\github\exoneracoes_nomeacoes_dou\LAKE\RJ\2012\12\DOERJ_PARTE_I_PODER_EXECUTIVO_2012-12-28.md
RJ,Diario Oficial do Estado do Rio de Janeiro,2012-12-28,Parte I (Poder Executivo),nomeacao,PEDRO LUIZ DE CASTRO CARVALHO NETTO,,,Secretario,5,Wilson Jose Witzel - Governador,Wilson Jose Witzel,Executivo estadual,sim,PEDRO LUIZ DE CASTRO:PER,sim,da Assessoria de Contabilidade Analítica,da Fundação Teatro Municipal do Rio de Janeiro -FTM/RJ,"NOMEAR PEDRO LUIZ DE CASTRO CARVALHO NETTO para exercer, com validade a contar de 12 de novembro de 2012, o cargo em comissão de Assessor-Chefe, símbolo DAS-8, da Assessoria de Contabilidade Analítica, da Presidência, da Fundação Teatro Municipal do Rio de Janeiro -FTM/RJ, da",https://www.ioerj.com.br/portal/modules/conteudoonline/mostra_edicao.php?session=VGtWTk1GSkZWWGROTUZsMFRtdEplVTU1TURCT1JHZDNURlZLUTAxcVNYUlJla2w2VVZWV1EwNTZhelZQUlVreFRWUmpNMDlVUVRGTlJGbDNUVkU5UFE9PQ==,D:\github\exoneracoes_nomeacoes_dou\LAKE\RJ\2012\12\DOERJ_PARTE_I_PODER_EXECUTIVO_2012-12-28.md
RJ,Diario Oficial do Estado do Rio de Janeiro,2012-12-28,Parte I (Poder Executivo),nomeacao,IZABEL RIBEIRO DE VILHENA,,,Secretario,5,Wilson Jose Witzel - Governador,Wilson Jose Witzel,Executivo estadual,sim,IZABEL RIBEIRO DE VILHENA:MISC|Izabel Ribeiro De Vilhena:PER,sim,,da Fundação Teatro Municipal do Rio de Janeiro -FTM/RJ,"NOMEAR IZABEL RIBEIRO DE VILHENA para exercer, com validade a contar de 01 de novembro de 2012, o cargo em comissão de Assistente I, símbolo DAI-6, da Fundação Teatro Municipal do Rio de Janeiro -FTM/RJ, da",https://www.ioerj.com.br/portal/modules/conteudoonline/mostra_edicao.php?session=VGtWTk1GSkZWWGROTUZsMFRtdEplVTU1TURCT1JHZDNURlZLUTAxcVNYUlJla2w2VVZWV1EwNTZhelZQUlVreFRWUmpNMDlVUVRGTlJGbDNUVkU5UFE9PQ==,D:\github\exoneracoes_nomeacoes_dou\LAKE\RJ\2012\12\DOERJ_PARTE_I_PODER_EXECUTIVO_2012-12-28.md
RJ,Diario Oficial do Estado do Rio de Janeiro,2012-12-28,Parte I (Poder Executivo),nomeacao,TAYDARA ARAUJO MORAIS BEZERRA,,,Secretario,5,Wilson Jose Witzel - Governador,Wilson Jose Witzel,Executivo estadual,sim,TAYDARA ARAUJO MORAIS:MISC|Araujo Morais Bezerra:PER,sim,,da Fundação Teatro Municipal do Rio de Janeiro -FTM/RJ,"NOMEAR TAYDARA ARAUJO MORAIS BEZERRA para exercer, com validade a contar de 01 de novembro de 2012, o cargo em comissão de Encarregado, símbolo DAI-4, da Fundação Teatro Municipal do Rio de Janeiro -FTM/RJ, da",https://www.ioerj.com.br/portal/modules/conteudoonline/mostra_edicao.php?session=VGtWTk1GSkZWWGROTUZsMFRtdEplVTU1TURCT1JHZDNURlZLUTAxcVNYUlJla2w2VVZWV1EwNTZhelZQUlVreFRWUmpNMDlVUVRGTlJGbDNUVkU5UFE9PQ==,D:\github\exoneracoes_nomeacoes_dou\LAKE\RJ\2012\12\DOERJ_PARTE_I_PODER_EXECUTIVO_2012-12-28.md
RJ,Diario Oficial do Estado do Rio de Janeiro,2012-12-28,Parte I (Poder Executivo),exoneracao,MARIA DA SOLEDADE DA SILVA,,,Secretario,5,Wilson Jose Witzel - Governador,Wilson Jose Witzel,Executivo estadual,sim,Maria Da Soledade Da Silva:PER,sim,do cargo em comissão de Ajudante I,,"EXONERAR com validade a contar de 28 de dezembro de 2012, MARIA DA SOLEDADE DA SILVA do cargo em comissão de Ajudante I, símbolo DAI-1, da",https://www.ioerj.com.br/portal/modules/conteudoonline/mostra_edicao.php?session=VGtWTk1GSkZWWGROTUZsMFRtdEplVTU1TURCT1JHZDNURlZLUTAxcVNYUlJla2w2VVZWV1EwNTZhelZQUlVreFRWUmpNMDlVUVRGTlJGbDNUVkU5UFE9PQ==,D:\github\exoneracoes_nomeacoes_dou\LAKE\RJ\2012\12\DOERJ_PARTE_I_PODER_EXECUTIVO_2012-12-28.md
RJ,Diario Oficial do Estado do Rio de Janeiro,2012-12-27,Parte I (Poder Executivo),nomeacao,SILVIO CARLOS SANTOS FERREIRA,,,Governador,1,Wilson Jose Witzel - Governador,Wilson Jose Witzel,Executivo estadual,sim,SILVIO CARLOS:PER,sim,,,"NOMEAR SILVIO CARLOS SANTOS FERREIRA para exercer, com mandato de 04 (quatro) anos, o cargo de Conselheiro, símbolo SE, do Conselho-Diretor da Agência Reguladora de Energia e Saneamento Básico do Estado do Rio de Janeiro - AGENERSA, da",https://www.ioerj.com.br/portal/modules/conteudoonline/mostra_edicao.php?session=VG5wRmQwNUViRVZOVlZGMFRVUm5NVkY1TURCT1JGazFURlJyTWsxVVNYUlNSRUpDVG1wQmVrNVVTWGhSVlZFeVRWUmpNMDlVUVRGTlZFVXdUa0U5UFE9PQ==,D:\github\exoneracoes_nomeacoes_dou\LAKE\RJ\2012\12\DOERJ_PARTE_I_PODER_EXECUTIVO_2012-12-27.md
RJ,Diario Oficial do Estado do Rio de Janeiro,2012-12-27,Parte I (Poder Executivo),exoneracao,ANTONIO JOSÉ MARIZ,,,Secretario,5,Wilson Jose Witzel - Governador,Wilson Jose Witzel,Executivo estadual,sim,ANTONIO JOSÉ MARIZ:PER,sim,do cargo em comissão de Assessor,da Superintendência de Regulação,"EXONERAR ANTONIO JOSÉ MARIZ DA VEIGA , Médico, ID. Funcional nº 871714-1, do cargo em comissão de Assessor, símbolo DAS-7, da Coordenação Geral das Centrais de Regionais de Saúde, da Superintendência de Regulação, da Subsecretaria de Atenção à Saúde, da",https://www.ioerj.com.br/portal/modules/conteudoonline/mostra_edicao.php?session=VG5wRmQwNUViRVZOVlZGMFRVUm5NVkY1TURCT1JGazFURlJyTWsxVVNYUlNSRUpDVG1wQmVrNVVTWGhSVlZFeVRWUmpNMDlVUVRGTlZFVXdUa0U5UFE9PQ==,D:\github\exoneracoes_nomeacoes_dou\LAKE\RJ\2012\12\DOERJ_PARTE_I_PODER_EXECUTIVO_2012-12-27.md
RJ,Diario Oficial do Estado do Rio de Janeiro,2012-12-27,Parte I (Poder Executivo),nomeacao,LILIANE MEDICI BANDEIRA,,,Secretario,5,Wilson Jose Witzel - Governador,Wilson Jose Witzel,Executivo estadual,sim,MEDICI BANDEIRA:ORG|Liliane Medici Bandeira:PER,sim,para exercer o cargo em comissão de Assessor,da Superintendência de Regulação,"NOMEAR LILIANE MEDICI BANDEIRA para exercer o cargo em comissão de Assessor, símbolo DAS-7, da Coordenação Geral das Centrais de Regionais de Saúde, da Superintendência de Regulação, da Subsecretaria de Atenção à Saúde, da",https://www.ioerj.com.br/portal/modules/conteudoonline/mostra_edicao.php?session=VG5wRmQwNUViRVZOVlZGMFRVUm5NVkY1TURCT1JGazFURlJyTWsxVVNYUlNSRUpDVG1wQmVrNVVTWGhSVlZFeVRWUmpNMDlVUVRGTlZFVXdUa0U5UFE9PQ==,D:\github\exoneracoes_nomeacoes_dou\LAKE\RJ\2012\12\DOERJ_PARTE_I_PODER_EXECUTIVO_2012-12-27.md
RJ,Diario Oficial do Estado do Rio de Janeiro,2012-12-27,Parte I (Poder Executivo),nomeacao,MARISA CHOEYPANT,,,Secretario,5,Wilson Jose Witzel - Governador,Wilson Jose Witzel,Executivo estadual,sim,MARISA CHOEYPANT:MISC|Marisa Choeypant:PER,sim,da Assessoria Técnica,da Subsecretaria Jurídica e de Corregedoria,"NOMEAR MARISA CHOEYPANT para exercer, com validade a contar de 21 de novembro de 2012, o cargo em comissão de Assistente II, símbolo DAI-6, da Assessoria Técnica, da Subsecretaria Jurídica e de Corregedoria, da",https://www.ioerj.com.br/portal/modules/conteudoonline/mostra_edicao.php?session=VG5wRmQwNUViRVZOVlZGMFRVUm5NVkY1TURCT1JGazFURlJyTWsxVVNYUlNSRUpDVG1wQmVrNVVTWGhSVlZFeVRWUmpNMDlVUVRGTlZFVXdUa0U5UFE9PQ==,D:\github\exoneracoes_nomeacoes_dou\LAKE\RJ\2012\12\DOERJ_PARTE_I_PODER_EXECUTIVO_2012-12-27.md
RJ,Diario Oficial do Estado do Rio de Janeiro,2012-12-27,Parte I (Poder Executivo),nomeacao,PRISCILLA CORDOEIRA DA SILVA,,,Secretario,5,Wilson Jose Witzel - Governador,Wilson Jose Witzel,Executivo estadual,sim,PRISCILLA CORDOEIRA DA SILVA:MISC|Priscilla Cordoeira Da Silva:PER,sim,da Assessoria Técnica,da Subsecretaria Jurídica e de Corregedoria,"NOMEAR PRISCILLA CORDOEIRA DA SILVA para exercer, com validade a contar de 21 de novembro de 2012, o cargo em comissão de Assistente II, símbolo DAI-6, da Assessoria Técnica, da Subsecretaria Jurídica e de Corregedoria, da",https://www.ioerj.com.br/portal/modules/conteudoonline/mostra_edicao.php?session=VG5wRmQwNUViRVZOVlZGMFRVUm5NVkY1TURCT1JGazFURlJyTWsxVVNYUlNSRUpDVG1wQmVrNVVTWGhSVlZFeVRWUmpNMDlVUVRGTlZFVXdUa0U5UFE9PQ==,D:\github\exoneracoes_nomeacoes_dou\LAKE\RJ\2012\12\DOERJ_PARTE_I_PODER_EXECUTIVO_2012-12-27.md
RJ,Diario Oficial do Estado do Rio de Janeiro,2012-12-26,Parte I (Poder Executivo),nomeacao,HELENA TAVARES CAVALCANTI DUMONT DE SERPA,,,,,Wilson Jose Witzel - Governador,Wilson Jose Witzel,Executivo estadual,sim,HELENA:PER,sim,para exercer o cargo em comissão de Assistente,,"NOMEAR HELENA TAVARES CAVALCANTI DUMONT DE SERPA para exercer o cargo em comissão de Assistente, símbolo DAS-6, da",https://www.ioerj.com.br/portal/modules/conteudoonline/mostra_edicao.php?session=VVdwRk1rOUVXa05SZWxGMFVrUldSMDlUTURCTmVtaEZURlJuTUU1VVZYUk9ha0pDVW1wck0wMVZWa1ZPYW14RVRWUmpNMDlVUVRGTlZGRXpUVUU5UFE9PQ==,D:\github\exoneracoes_nomeacoes_dou\LAKE\RJ\2012\12\DOERJ_PARTE_I_PODER_EXECUTIVO_2012-12-26.md
RJ,Diario Oficial do Estado do Rio de Janeiro,2012-12-26,Parte I (Poder Executivo),nomeacao,JOSENEY TEIXEIRA DA SILVA,,,,,Wilson Jose Witzel - Governador,Wilson Jose Witzel,Executivo estadual,sim,JOSENEY TEIXEIRA DA SILVA:PER,sim,,do Departamento de Controle de Contratos e Convênios,"NOMEAR JOSENEY TEIXEIRA DA SILVA para exercer, com validade a contar de 01 de dezembro de 2012, o cargo em comissão de Assistente, símbolo DAS-6, da Divisão de Controle de Contratos e Convênios, do Departamento de Controle de Contratos e Convênios, do Departamento Geral de Administração e Finanças, da",https://www.ioerj.com.br/portal/modules/conteudoonline/mostra_edicao.php?session=VVdwRk1rOUVXa05SZWxGMFVrUldSMDlUTURCTmVtaEZURlJuTUU1VVZYUk9ha0pDVW1wck0wMVZWa1ZPYW14RVRWUmpNMDlVUVRGTlZGRXpUVUU5UFE9PQ==,D:\github\exoneracoes_nomeacoes_dou\LAKE\RJ\2012\12\DOERJ_PARTE_I_PODER_EXECUTIVO_2012-12-26.md
RJ,Diario Oficial do Estado do Rio de Janeiro,2012-12-26,Parte I (Poder Executivo),exoneracao,CARLOS ALBERTO LOPES,,CARLOS ALBERTO LOPES DO CARGO EM COMISSÃO DE,Chefe de Gabinete,11,Wilson Jose Witzel - Governador,Wilson Jose Witzel,Executivo estadual,sim,CARLOS ALBERTO LOPES:PER,sim,do cargo em comissão de Chefe de Gabinete,,"EXONERAR a pedido e com validade a contar de 30 de dezembro de 2012, CARLOS ALBERTO LOPES do cargo em comissão de Chefe de Gabinete, símbolo CG, da",https://www.ioerj.com.br/portal/modules/conteudoonline/mostra_edicao.php?session=VVdwRk1rOUVXa05SZWxGMFVrUldSMDlUTURCTmVtaEZURlJuTUU1VVZYUk9ha0pDVW1wck0wMVZWa1ZPYW14RVRWUmpNMDlVUVRGTlZGRXpUVUU5UFE9PQ==,D:\github\exoneracoes_nomeacoes_dou\LAKE\RJ\2012\12\DOERJ_PARTE_I_PODER_EXECUTIVO_2012-12-26.md
RJ,Diario Oficial do Estado do Rio de Janeiro,2012-12-26,Parte I (Poder Executivo),exoneracao,JOSE AUGUSTO,0571818-0,,Secretario,5,Wilson Jose Witzel - Governador,Wilson Jose Witzel,Executivo estadual,sim,JOSE AUGUSTO:PER,sim,do cargo em comissão de Assessor-Chefe,da Subsecretaria Militar,"EXONERAR JOSE AUGUSTO DA CUNHA BANDEIRA , Tenente-Coronel BM, ID Funcional nº 0571818-0, do cargo em comissão de Assessor-Chefe, símbolo DAS-8, da Assessoria Técnica, da Subsecretaria Militar, da",https://www.ioerj.com.br/portal/modules/conteudoonline/mostra_edicao.php?session=VVdwRk1rOUVXa05SZWxGMFVrUldSMDlUTURCTmVtaEZURlJuTUU1VVZYUk9ha0pDVW1wck0wMVZWa1ZPYW14RVRWUmpNMDlVUVRGTlZGRXpUVUU5UFE9PQ==,D:\github\exoneracoes_nomeacoes_dou\LAKE\RJ\2012\12\DOERJ_PARTE_I_PODER_EXECUTIVO_2012-12-26.md
RJ,Diario Oficial do Estado do Rio de Janeiro,2012-12-26,Parte I (Poder Executivo),exoneracao,JORGE ANTONIO ABREU LIMA,,,Secretario,5,Wilson Jose Witzel - Governador,Wilson Jose Witzel,Executivo estadual,sim,JORGE ANTONIO ABREU LIMA:PER,sim,do cargo em comissão de Ajudante I,,"EXONERAR com validade a contar de 30 de novembro de 2012, JORGE ANTONIO ABREU LIMA do cargo em comissão de Ajudante I, símbolo DAI-1, da",https://www.ioerj.com.br/portal/modules/conteudoonline/mostra_edicao.php?session=VVdwRk1rOUVXa05SZWxGMFVrUldSMDlUTURCTmVtaEZURlJuTUU1VVZYUk9ha0pDVW1wck0wMVZWa1ZPYW14RVRWUmpNMDlVUVRGTlZGRXpUVUU5UFE9PQ==,D:\github\exoneracoes_nomeacoes_dou\LAKE\RJ\2012\12\DOERJ_PARTE_I_PODER_EXECUTIVO_2012-12-26.md
RJ,Diario Oficial do Estado do Rio de Janeiro,2012-12-26,Parte I (Poder Executivo),nomeacao,EDSON RIBEIRO,,,Secretario,5,Wilson Jose Witzel - Governador,Wilson Jose Witzel,Executivo estadual,sim,EDSON RIBEIRO:PER,sim,,,"NOMEAR EDSON RIBEIRO para exercer, com validade a contar de 14 de dezembro de 2012, o cargo em comissão de Ajudante I, símbolo DAI-1, da",https://www.ioerj.com.br/portal/modules/conteudoonline/mostra_edicao.php?session=VVdwRk1rOUVXa05SZWxGMFVrUldSMDlUTURCTmVtaEZURlJuTUU1VVZYUk9ha0pDVW1wck0wMVZWa1ZPYW14RVRWUmpNMDlVUVRGTlZGRXpUVUU5UFE9PQ==,D:\github\exoneracoes_nomeacoes_dou\LAKE\RJ\2012\12\DOERJ_PARTE_I_PODER_EXECUTIVO_2012-12-26.md
RJ,Diario Oficial do Estado do Rio de Janeiro,2012-12-26,Parte I (Poder Executivo),exoneracao,MONIQUE MARTINS FRANÇA,,,Secretario,5,Wilson Jose Witzel - Governador,Wilson Jose Witzel,Executivo estadual,sim,MONIQUE MARTINS FRANÇA:PER,sim,do cargo em comissão de Ajudante I,,"EXONERAR com validade a contar de 26 de novembro de 2012, MONIQUE MARTINS FRANÇA do cargo em comissão de Ajudante I, símbolo DAI-1, da",https://www.ioerj.com.br/portal/modules/conteudoonline/mostra_edicao.php?session=VVdwRk1rOUVXa05SZWxGMFVrUldSMDlUTURCTmVtaEZURlJuTUU1VVZYUk9ha0pDVW1wck0wMVZWa1ZPYW14RVRWUmpNMDlVUVRGTlZGRXpUVUU5UFE9PQ==,D:\github\exoneracoes_nomeacoes_dou\LAKE\RJ\2012\12\DOERJ_PARTE_I_PODER_EXECUTIVO_2012-12-26.md
RJ,Diario Oficial do Estado do Rio de Janeiro,2012-12-26,Parte I (Poder Executivo),nomeacao,MAICON JUSTINO SOARES,,,Secretario,5,Wilson Jose Witzel - Governador,Wilson Jose Witzel,Executivo estadual,sim,MAICON JUSTINO:MISC|Maicon Justino Soares:PER,sim,,,"NOMEAR MAICON JUSTINO SOARES para exercer, com validade a contar de 26 de novembro de 2012, o cargo em comissão de Ajudante I, símbolo DAI-1, da",https://www.ioerj.com.br/portal/modules/conteudoonline/mostra_edicao.php?session=VVdwRk1rOUVXa05SZWxGMFVrUldSMDlUTURCTmVtaEZURlJuTUU1VVZYUk9ha0pDVW1wck0wMVZWa1ZPYW14RVRWUmpNMDlVUVRGTlZGRXpUVUU5UFE9PQ==,D:\github\exoneracoes_nomeacoes_dou\LAKE\RJ\2012\12\DOERJ_PARTE_I_PODER_EXECUTIVO_2012-12-26.md
RJ,Diario Oficial do Estado do Rio de Janeiro,2012-12-26,Parte I (Poder Executivo),nomeacao,CARLOS JOSÉ DIAS,,,Secretario,5,Wilson Jose Witzel - Governador,Wilson Jose Witzel,Executivo estadual,sim,CARLOS JOSÉ DIAS:PER,sim,,,"NOMEAR CARLOS JOSÉ DIAS para exercer, com validade a contar de 01 de dezembro de 2012, o cargo em comissão de Ajudante I, símbolo DAI-1, da",https://www.ioerj.com.br/portal/modules/conteudoonline/mostra_edicao.php?session=VVdwRk1rOUVXa05SZWxGMFVrUldSMDlUTURCTmVtaEZURlJuTUU1VVZYUk9ha0pDVW1wck0wMVZWa1ZPYW14RVRWUmpNMDlVUVRGTlZGRXpUVUU5UFE9PQ==,D:\github\exoneracoes_nomeacoes_dou\LAKE\RJ\2012\12\DOERJ_PARTE_I_PODER_EXECUTIVO_2012-12-26.md
RJ,Diario Oficial do Estado do Rio de Janeiro,2012-12-26,Parte I (Poder Executivo),nomeacao,JOSÉ DO SOCORRO LOPES,1944014-6,,Secretario,5,Wilson Jose Witzel - Governador,Wilson Jose Witzel,Executivo estadual,sim,JOSÉ DO:PER,sim,da Assessoria de Controle Financeiro,do Departamento Geral de Administração e Finanças,"NOMEAR JOSÉ DO SOCORRO LOPES DA SILVA , Analista de Controle Interno, ID Funcional nº 1944014-6, para exercer, com validade a contar de 06 de dezembro de 2012, o cargo em comissão de Assessor-Chefe, símbolo DAS-7, da Assessoria de Controle Financeiro, do Departamento Geral de Administração e Finanças, da Subsecretaria, da",https://www.ioerj.com.br/portal/modules/conteudoonline/mostra_edicao.php?session=VVdwRk1rOUVXa05SZWxGMFVrUldSMDlUTURCTmVtaEZURlJuTUU1VVZYUk9ha0pDVW1wck0wMVZWa1ZPYW14RVRWUmpNMDlVUVRGTlZGRXpUVUU5UFE9PQ==,D:\github\exoneracoes_nomeacoes_dou\LAKE\RJ\2012\12\DOERJ_PARTE_I_PODER_EXECUTIVO_2012-12-26.md
RJ,Diario Oficial do Estado do Rio de Janeiro,2012-12-26,Parte I (Poder Executivo),exoneracao,JALMIR SAIPPA,,,Secretario,5,Wilson Jose Witzel - Governador,Wilson Jose Witzel,Executivo estadual,sim,JALMIR SAIPPA:MISC|Jalmir Saippa:PER,sim,do cargo em comissão de Assistente de Logística II,do Instituto de Pesos e Medidas do Estado do Rio de Janeiro - IPEM/RJ,"EXONERAR a pedido e com validade a contar de 13 de dezembro de 2012, JALMIR SAIPPA, matrícula nº 0048679-5, do cargo em comissão de Assistente de Logística II, símbolo DAI-5, do Instituto de Pesos e Medidas do Estado do Rio de Janeiro - IPEM/RJ, da",https://www.ioerj.com.br/portal/modules/conteudoonline/mostra_edicao.php?session=VVdwRk1rOUVXa05SZWxGMFVrUldSMDlUTURCTmVtaEZURlJuTUU1VVZYUk9ha0pDVW1wck0wMVZWa1ZPYW14RVRWUmpNMDlVUVRGTlZGRXpUVUU5UFE9PQ==,D:\github\exoneracoes_nomeacoes_dou\LAKE\RJ\2012\12\DOERJ_PARTE_I_PODER_EXECUTIVO_2012-12-26.md
RJ,Diario Oficial do Estado do Rio de Janeiro,2012-12-26,Parte I (Poder Executivo),nomeacao,CAROLINE MARINATO SILVA,,,Secretario,5,Wilson Jose Witzel - Governador,Wilson Jose Witzel,Executivo estadual,sim,CAROLINE MARINATO SILVA:MISC|Caroline Marinato Silva:PER,sim,para exercer o cargo em comissão de Assistente II,da Subsecretaria de Gestão Estratégica,"NOMEAR CAROLINE MARINATO SILVA para exercer o cargo em comissão de Assistente II, símbolo DAI-6, da Subsecretaria de Gestão Estratégica, da",https://www.ioerj.com.br/portal/modules/conteudoonline/mostra_edicao.php?session=VVdwRk1rOUVXa05SZWxGMFVrUldSMDlUTURCTmVtaEZURlJuTUU1VVZYUk9ha0pDVW1wck0wMVZWa1ZPYW14RVRWUmpNMDlVUVRGTlZGRXpUVUU5UFE9PQ==,D:\github\exoneracoes_nomeacoes_dou\LAKE\RJ\2012\12\DOERJ_PARTE_I_PODER_EXECUTIVO_2012-12-26.md
RJ,Diario Oficial do Estado do Rio de Janeiro,2012-12-26,Parte I (Poder Executivo),nomeacao,HENRIQUE IGLESIAS MIGUEZ,,,Secretario,5,Wilson Jose Witzel - Governador,Wilson Jose Witzel,Executivo estadual,sim,HENRIQUE IGLESIAS MIGUEZ:PER,sim,,do Instituto de Assistência dos Servidores do Estado do Rio de Janeiro - IASERJ,"NOMEAR HENRIQUE IGLESIAS MIGUEZ para exercer, com validade a contar de 01 de outubro de 2012, o cargo em comissão de Chefe de Equipe Técnica, símbolo DAI-5, da Divisão de Atividades Auxiliares, do Gerência de Atividades Auxiliares, da Diretoria de Apoio Técnico, do Instituto de Assistência dos Servidores do Estado do Rio de Janeiro - IASERJ, da",https://www.ioerj.com.br/portal/modules/conteudoonline/mostra_edicao.php?session=VVdwRk1rOUVXa05SZWxGMFVrUldSMDlUTURCTmVtaEZURlJuTUU1VVZYUk9ha0pDVW1wck0wMVZWa1ZPYW14RVRWUmpNMDlVUVRGTlZGRXpUVUU5UFE9PQ==,D:\github\exoneracoes_nomeacoes_dou\LAKE\RJ\2012\12\DOERJ_PARTE_I_PODER_EXECUTIVO_2012-12-26.md
RJ,Diario Oficial do Estado do Rio de Janeiro,2012-12-19,Parte I (Poder Executivo),nomeacao,GILMAR DO PATROCÍNIO FERREIRA,,,Secretario,5,Wilson Jose Witzel - Governador,Wilson Jose Witzel,Executivo estadual,sim,GILMAR:ORG|PATROCÍNIO FERREIRA:MISC|Gilmar:LOC|Patrocínio Ferreira:PER,sim,,,"NOMEAR em caráter sub judice , a contar de 08.09.2008, GILMAR DO PATROCÍNIO FERREIRA para o cargo de Soldado Bombeiro Militar Motorista do Quadro de Praças do Corpo de Bombeiros Militar do Estado do Rio de Janeiro (CBMERJ), da",https://www.ioerj.com.br/portal/modules/conteudoonline/mostra_edicao.php?session=VWxSamQwMUVhM2hPYWxWMFVsUldSMDE1TURCTmFtY3lURlJuZUUxRlNYUk9SR1JFVFZWV1JGRjZUa0pSVlVaQ1RWUmpNMDlVUVRGTmFrMTVUbEU5UFE9PQ==,D:\github\exoneracoes_nomeacoes_dou\LAKE\RJ\2012\12\DOERJ_PARTE_I_PODER_EXECUTIVO_2012-12-19.md
RJ,Diario Oficial do Estado do Rio de Janeiro,2012-12-18,Parte I (Poder Executivo),nomeacao,VICTOR BRITO MOREIRA,,,Secretario,5,Wilson Jose Witzel - Governador,Wilson Jose Witzel,Executivo estadual,sim,VICTOR BRITO MOREIRA:PER,sim,para exercer o cargo em comissão de Assistente II,,"NOMEAR VICTOR BRITO MOREIRA para exercer o cargo em comissão de Assistente II, símbolo DAI-6, da",https://www.ioerj.com.br/portal/modules/conteudoonline/mostra_edicao.php?session=VDFWTk5VMVViRWRSZW10MFRWUldSVTlETURCT2FtTjZURlZKZUUxRlVYUlNWRVY1VDBSSk1FMHdVVE5OZW1zMVRWUmpNMDlVUVRGTmFsVXdUWGM5UFE9PQ==,D:\github\exoneracoes_nomeacoes_dou\LAKE\RJ\2012\12\DOERJ_PARTE_I_PODER_EXECUTIVO_2012-12-18.md
RJ,Diario Oficial do Estado do Rio de Janeiro,2012-12-18,Parte I (Poder Executivo),nomeacao,RODRIGO WEISZ,,,Secretario,5,Wilson Jose Witzel - Governador,Wilson Jose Witzel,Executivo estadual,sim,RODRIGO:ORG|Rodrigo Weisz:PER,sim,,da Fundação Centro Estadual de Estatísticas,"NOMEAR RODRIGO WEISZ para exercer, com validade a contar de 01 de dezembro de 2012, o cargo em comissão de Secretário I, símbolo DAI-4, da Fundação Centro Estadual de Estatísticas, Pesquisas e Formação de Servidores Públicos do Rio de Janeiro -CEPERJ, da",https://www.ioerj.com.br/portal/modules/conteudoonline/mostra_edicao.php?session=VDFWTk5VMVViRWRSZW10MFRWUldSVTlETURCT2FtTjZURlZKZUUxRlVYUlNWRVY1VDBSSk1FMHdVVE5OZW1zMVRWUmpNMDlVUVRGTmFsVXdUWGM5UFE9PQ==,D:\github\exoneracoes_nomeacoes_dou\LAKE\RJ\2012\12\DOERJ_PARTE_I_PODER_EXECUTIVO_2012-12-18.md
RJ,Diario Oficial do Estado do Rio de Janeiro,2012-12-18,Parte I (Poder Executivo),nomeacao,HERON SZENBE,436532-1,,Secretario,5,Wilson Jose Witzel - Governador,Wilson Jose Witzel,Executivo estadual,sim,HERON SZENBE:PER,sim,,da Subsecretaria-Adjunta de Fiscalização,"NOMEAR HERON SZENBERG , Auditor Fiscal da Receita Estadual de 2º Categoria, ID Funcional nº 436532-1, para exercer, com validade a contar de 12 de dezembro de 2012, o cargo em comissão de Diretor de Divisão, símbolo DAS-6, da Divisão de Controle de Ações Fiscais, da Coordenação de Controle de Ações Fiscais e Intercâmbio, da Subsecretaria-Adjunta de Fiscalização, da Subsecretaria de Receita, da",https://www.ioerj.com.br/portal/modules/conteudoonline/mostra_edicao.php?session=VDFWTk5VMVViRWRSZW10MFRWUldSVTlETURCT2FtTjZURlZKZUUxRlVYUlNWRVY1VDBSSk1FMHdVVE5OZW1zMVRWUmpNMDlVUVRGTmFsVXdUWGM5UFE9PQ==,D:\github\exoneracoes_nomeacoes_dou\LAKE\RJ\2012\12\DOERJ_PARTE_I_PODER_EXECUTIVO_2012-12-18.md
RJ,Diario Oficial do Estado do Rio de Janeiro,2012-12-18,Parte I (Poder Executivo),nomeacao,IVANA SOUZA DE OLIVEIRA,,,Secretario,5,Wilson Jose Witzel - Governador,Wilson Jose Witzel,Executivo estadual,sim,OLIVEIRA:ORG|Ivana Souza De Oliveira:PER,sim,para exercer o cargo em comissão de Gerente,da Superintendência de Unidades Próprias,"NOMEAR IVANA SOUZA DE OLIVEIRA para exercer o cargo em comissão de Gerente, símbolo DAS-6, da Gerência de Recursos Humanos, da Divisão Administrativa, do Hospital Estadual Prefeito João Batista Caffaro (Itaboraí), da Superintendência de Unidades Próprias, da Subsecretaria de Unidades Próprias, da",https://www.ioerj.com.br/portal/modules/conteudoonline/mostra_edicao.php?session=VDFWTk5VMVViRWRSZW10MFRWUldSVTlETURCT2FtTjZURlZKZUUxRlVYUlNWRVY1VDBSSk1FMHdVVE5OZW1zMVRWUmpNMDlVUVRGTmFsVXdUWGM5UFE9PQ==,D:\github\exoneracoes_nomeacoes_dou\LAKE\RJ\2012\12\DOERJ_PARTE_I_PODER_EXECUTIVO_2012-12-18.md
RJ,Diario Oficial do Estado do Rio de Janeiro,2012-12-18,Parte I (Poder Executivo),nomeacao,ROBSON SILVA DE OLIVEIRA,,,Secretario,5,Wilson Jose Witzel - Governador,Wilson Jose Witzel,Executivo estadual,sim,ROBSON SILVA DE:PER,sim,,,"NOMEAR ROBSON SILVA DE OLIVEIRA para exercer, com validade a contar de 14 de dezembro de 2012, o cargo em comissão de Assistente II, símbolo DAI-6, da",https://www.ioerj.com.br/portal/modules/conteudoonline/mostra_edicao.php?session=VDFWTk5VMVViRWRSZW10MFRWUldSVTlETURCT2FtTjZURlZKZUUxRlVYUlNWRVY1VDBSSk1FMHdVVE5OZW1zMVRWUmpNMDlVUVRGTmFsVXdUWGM5UFE9PQ==,D:\github\exoneracoes_nomeacoes_dou\LAKE\RJ\2012\12\DOERJ_PARTE_I_PODER_EXECUTIVO_2012-12-18.md
RJ,Diario Oficial do Estado do Rio de Janeiro,2012-12-18,Parte I (Poder Executivo),nomeacao,LUDMILA LEITE MADEIRA DA COSTA,,,Secretario,5,Wilson Jose Witzel - Governador,Wilson Jose Witzel,Executivo estadual,sim,COSTA:ORG|Ludmila Leite Madeira Da Costa:PER,sim,para exercer o cargo em comissão de Assistente,,"NOMEAR LUDMILA LEITE MADEIRA DA COSTA para exercer o cargo em comissão de Assistente, símbolo DAS-6, da",https://www.ioerj.com.br/portal/modules/conteudoonline/mostra_edicao.php?session=VDFWTk5VMVViRWRSZW10MFRWUldSVTlETURCT2FtTjZURlZKZUUxRlVYUlNWRVY1VDBSSk1FMHdVVE5OZW1zMVRWUmpNMDlVUVRGTmFsVXdUWGM5UFE9PQ==,D:\github\exoneracoes_nomeacoes_dou\LAKE\RJ\2012\12\DOERJ_PARTE_I_PODER_EXECUTIVO_2012-12-18.md
RJ,Diario Oficial do Estado do Rio de Janeiro,2012-12-18,Parte I (Poder Executivo),nomeacao,PEDRO IVO GIANNERINI DE AGUIAR,,,Secretario,5,Wilson Jose Witzel - Governador,Wilson Jose Witzel,Executivo estadual,sim,PEDRO IVO GIANNERINI DE AGUIAR:MISC|Pedro Ivo Giannerini:PER,sim,para exercer o cargo em comissão de Assistente II,,"NOMEAR PEDRO IVO GIANNERINI DE AGUIAR para exercer o cargo em comissão de Assistente II, símbolo DAI-6, da",https://www.ioerj.com.br/portal/modules/conteudoonline/mostra_edicao.php?session=VDFWTk5VMVViRWRSZW10MFRWUldSVTlETURCT2FtTjZURlZKZUUxRlVYUlNWRVY1VDBSSk1FMHdVVE5OZW1zMVRWUmpNMDlVUVRGTmFsVXdUWGM5UFE9PQ==,D:\github\exoneracoes_nomeacoes_dou\LAKE\RJ\2012\12\DOERJ_PARTE_I_PODER_EXECUTIVO_2012-12-18.md
RJ,Diario Oficial do Estado do Rio de Janeiro,2012-12-18,Parte I (Poder Executivo),nomeacao,VALERIA CERQUEIRA FIGUEIREDO,,,Governador,1,Wilson Jose Witzel - Governador,Wilson Jose Witzel,Executivo estadual,sim,CERQUEIRA FIGUEIREDO:MISC|Valeria Cerqueira Figueiredo:PER,sim,para exercer o cargo em comissão de Chefe de Centro Social,da Fundação Leão XIII,"NOMEAR VALERIA CERQUEIRA FIGUEIREDO para exercer o cargo em comissão de Chefe de Centro Social, símbolo DAI-6, do Centro Social Paracambi, do Pólo de Articulação Regional VI, da Diretoria de Promoção Social da Região Metropolitana, da Fundação Leão XIII, da",https://www.ioerj.com.br/portal/modules/conteudoonline/mostra_edicao.php?session=VDFWTk5VMVViRWRSZW10MFRWUldSVTlETURCT2FtTjZURlZKZUUxRlVYUlNWRVY1VDBSSk1FMHdVVE5OZW1zMVRWUmpNMDlVUVRGTmFsVXdUWGM5UFE9PQ==,D:\github\exoneracoes_nomeacoes_dou\LAKE\RJ\2012\12\DOERJ_PARTE_I_PODER_EXECUTIVO_2012-12-18.md
RJ,Diario Oficial do Estado do Rio de Janeiro,2012-12-17,Parte I (Poder Executivo),nomeacao,ALENCAR DE SOUZA BASTOS NEVES,,,Secretario,5,Wilson Jose Witzel - Governador,Wilson Jose Witzel,Executivo estadual,sim,Alencar De Souza:PER,sim,para exercer o cargo em comissão de Chefe de Serviço,do Departamento de Trânsito do Estado do Rio de Janeiro DETRAN/RJ,"NOMEAR ALENCAR DE SOUZA BASTOS NEVES para exercer o cargo em comissão de Chefe de Serviço, símbolo DAI-6, do Serviço de Transportes Internos, da Divisão de Administração Geral, da Coordenadoria de Administração, da Diretoria de Administração e Finanças, do Departamento de Trânsito do Estado do Rio de Janeiro DETRAN/RJ, da",https://www.ioerj.com.br/portal/modules/conteudoonline/mostra_edicao.php?session=VDFSWk0wMUZTa2RTVlVWMFVrUnJlVTlETURCUlZWRXpURlJyTUU1cVVYUlBWR2Q2VWtWUk1rNXJUa05PUkU1R1RWUmpNMDlVUVRGTmVsVTBUVkU5UFE9PQ==,D:\github\exoneracoes_nomeacoes_dou\LAKE\RJ\2012\12\DOERJ_PARTE_I_PODER_EXECUTIVO_2012-12-17.md
RJ,Diario Oficial do Estado do Rio de Janeiro,2012-12-17,Parte I (Poder Executivo),nomeacao,LUIZA SANTOS VIANNA,,,Secretario,5,Wilson Jose Witzel - Governador,Wilson Jose Witzel,Executivo estadual,sim,LUIZA:ORG|Luiza Santos Vianna:PER,sim,para exercer o cargo em comissão de Assistente II,,"NOMEAR LUIZA SANTOS VIANNA para exercer o cargo em comissão de Assistente II, símbolo DAI-6, da Auditoria Geral do Estado, da",https://www.ioerj.com.br/portal/modules/conteudoonline/mostra_edicao.php?session=VDFSWk0wMUZTa2RTVlVWMFVrUnJlVTlETURCUlZWRXpURlJyTUU1cVVYUlBWR2Q2VWtWUk1rNXJUa05PUkU1R1RWUmpNMDlVUVRGTmVsVTBUVkU5UFE9PQ==,D:\github\exoneracoes_nomeacoes_dou\LAKE\RJ\2012\12\DOERJ_PARTE_I_PODER_EXECUTIVO_2012-12-17.md
RJ,Diario Oficial do Estado do Rio de Janeiro,2012-12-17,Parte I (Poder Executivo),exoneracao,JOSÉ DO SOCORRO LOPES,1944014-6,,Secretario,5,Wilson Jose Witzel - Governador,Wilson Jose Witzel,Executivo estadual,sim,JOSÉ DO:PER,sim,do cargo em comissão de Supervisor de Auditoria,,"EXONERAR a pedido, JOSÉ DO SOCORRO LOPES DA SILVA , ID Funcional nº 1944014-6, do cargo em comissão de Supervisor de Auditoria, símbolo DAS-7, da Auditoria Geral do Estado, da",https://www.ioerj.com.br/portal/modules/conteudoonline/mostra_edicao.php?session=VDFSWk0wMUZTa2RTVlVWMFVrUnJlVTlETURCUlZWRXpURlJyTUU1cVVYUlBWR2Q2VWtWUk1rNXJUa05PUkU1R1RWUmpNMDlVUVRGTmVsVTBUVkU5UFE9PQ==,D:\github\exoneracoes_nomeacoes_dou\LAKE\RJ\2012\12\DOERJ_PARTE_I_PODER_EXECUTIVO_2012-12-17.md
RJ,Diario Oficial do Estado do Rio de Janeiro,2012-12-17,Parte I (Poder Executivo),exoneracao,SEBASTIÃO RAMOS,4406270-2,,Secretario,5,Wilson Jose Witzel - Governador,Wilson Jose Witzel,Executivo estadual,sim,SEBASTIÃO RAMOS:PER,sim,do cargo em comissão de Secretário II,do Departamento Geral de Administração e Finanças,"EXONERAR com validade a contar de 07 de novembro de 2012, SEBASTIÃO RAMOS DA SILVA , ID Funcional nº 4406270-2, do cargo em comissão de Secretário II, símbolo DAI-5, do Departamento Geral de Administração e Finanças, da",https://www.ioerj.com.br/portal/modules/conteudoonline/mostra_edicao.php?session=VDFSWk0wMUZTa2RTVlVWMFVrUnJlVTlETURCUlZWRXpURlJyTUU1cVVYUlBWR2Q2VWtWUk1rNXJUa05PUkU1R1RWUmpNMDlVUVRGTmVsVTBUVkU5UFE9PQ==,D:\github\exoneracoes_nomeacoes_dou\LAKE\RJ\2012\12\DOERJ_PARTE_I_PODER_EXECUTIVO_2012-12-17.md
RJ,Diario Oficial do Estado do Rio de Janeiro,2012-12-17,Parte I (Poder Executivo),nomeacao,IGOR DE SOUZA LEAL FIGUEIREDO,,,Secretario,5,Wilson Jose Witzel - Governador,Wilson Jose Witzel,Executivo estadual,sim,IGOR:ORG|FIGUEIREDO:ORG|Igor De Souza Leal Figueiredo:PER,sim,para exercer o cargo em comissão de Assistente II,da Subsecretaria de Gestão Estratégica,"NOMEAR IGOR DE SOUZA LEAL FIGUEIREDO para exercer o cargo em comissão de Assistente II, símbolo DAI-6, da Subsecretaria de Gestão Estratégica, da",https://www.ioerj.com.br/portal/modules/conteudoonline/mostra_edicao.php?session=VDFSWk0wMUZTa2RTVlVWMFVrUnJlVTlETURCUlZWRXpURlJyTUU1cVVYUlBWR2Q2VWtWUk1rNXJUa05PUkU1R1RWUmpNMDlVUVRGTmVsVTBUVkU5UFE9PQ==,D:\github\exoneracoes_nomeacoes_dou\LAKE\RJ\2012\12\DOERJ_PARTE_I_PODER_EXECUTIVO_2012-12-17.md
RJ,Diario Oficial do Estado do Rio de Janeiro,2012-12-17,Parte I (Poder Executivo),nomeacao,ELIAS DA SILVA SOUZA,,,Secretario,5,Wilson Jose Witzel - Governador,Wilson Jose Witzel,Executivo estadual,sim,ELIAS DA SILVA SOUZA:PER,sim,,da Fundação Santa Cabrini,"NOMEAR ELIAS DA SILVA SOUZA para exercer, com validade a contar de 10 de dezembro de 2012, o cargo em comissão de Mestre de Produção, símbolo DAI-5, da Gerência de Produção e Serviços, da Diretoria de Produção e Comercialização, da Fundação Santa Cabrini, da",https://www.ioerj.com.br/portal/modules/conteudoonline/mostra_edicao.php?session=VDFSWk0wMUZTa2RTVlVWMFVrUnJlVTlETURCUlZWRXpURlJyTUU1cVVYUlBWR2Q2VWtWUk1rNXJUa05PUkU1R1RWUmpNMDlVUVRGTmVsVTBUVkU5UFE9PQ==,D:\github\exoneracoes_nomeacoes_dou\LAKE\RJ\2012\12\DOERJ_PARTE_I_PODER_EXECUTIVO_2012-12-17.md
RJ,Diario Oficial do Estado do Rio de Janeiro,2012-12-17,Parte I (Poder Executivo),exoneracao,RAFAEL CARNEIRO GARCIA,4401030-3,,Secretario,5,Wilson Jose Witzel - Governador,Wilson Jose Witzel,Executivo estadual,sim,RAFAEL CARNEIRO GARCIA:MISC|Rafael Carneiro Garcia:PER,sim,do cargo em comissão de Chefe de Equipe,,"EXONERAR com validade a contar de 01 de dezembro de 2012, RAFAEL CARNEIRO GARCIA DA SILVA , ID Funcional nº 4401030-3, do cargo em comissão de Chefe de Equipe, símbolo DAI3, do Plano Estadual de Habitação de Interesse Social, da",https://www.ioerj.com.br/portal/modules/conteudoonline/mostra_edicao.php?session=VDFSWk0wMUZTa2RTVlVWMFVrUnJlVTlETURCUlZWRXpURlJyTUU1cVVYUlBWR2Q2VWtWUk1rNXJUa05PUkU1R1RWUmpNMDlVUVRGTmVsVTBUVkU5UFE9PQ==,D:\github\exoneracoes_nomeacoes_dou\LAKE\RJ\2012\12\DOERJ_PARTE_I_PODER_EXECUTIVO_2012-12-17.md
RJ,Diario Oficial do Estado do Rio de Janeiro,2012-12-17,Parte I (Poder Executivo),nomeacao,ELITA VALENTIM,,,Secretario,5,Wilson Jose Witzel - Governador,Wilson Jose Witzel,Executivo estadual,sim,ELITA VALENTIM:MISC|Elita Valentim:PER,sim,para exercer o cargo em comissão de Diretor de Divisão,da Fundação Leão XIII,"NOMEAR ELITA VALENTIM para exercer o cargo em comissão de Diretor de Divisão, símbolo DAS-6, da Divisão de Manutenção e Suprimentos, do Centro de Recuperação Social de Itaipu, da Diretoria de Assistência Especializada, da Fundação Leão XIII, da",https://www.ioerj.com.br/portal/modules/conteudoonline/mostra_edicao.php?session=VDFSWk0wMUZTa2RTVlVWMFVrUnJlVTlETURCUlZWRXpURlJyTUU1cVVYUlBWR2Q2VWtWUk1rNXJUa05PUkU1R1RWUmpNMDlVUVRGTmVsVTBUVkU5UFE9PQ==,D:\github\exoneracoes_nomeacoes_dou\LAKE\RJ\2012\12\DOERJ_PARTE_I_PODER_EXECUTIVO_2012-12-17.md
RJ,Diario Oficial do Estado do Rio de Janeiro,2012-12-17,Parte I (Poder Executivo),exoneracao,BIANCA LESSA,,EXONERAR BIANCA LESSA DO CARGO EM COMISSÃO DE,Diretor,8,Wilson Jose Witzel - Governador,Wilson Jose Witzel,Executivo estadual,sim,BIANCA LESSA:MISC|Bianca Lessa:PER,sim,do cargo em comissão de Diretor de Divisão,da Fundação Leão XIII,"EXONERAR BIANCA LESSA do cargo em comissão de Diretor de Divisão, símbolo DAS-6, da Divisão de Manutenção e Suprimentos, do Centro de Recuperação Social de Itaipu, da Diretoria de Assistência Especializada, da Fundação Leão XIII, da",https://www.ioerj.com.br/portal/modules/conteudoonline/mostra_edicao.php?session=VDFSWk0wMUZTa2RTVlVWMFVrUnJlVTlETURCUlZWRXpURlJyTUU1cVVYUlBWR2Q2VWtWUk1rNXJUa05PUkU1R1RWUmpNMDlVUVRGTmVsVTBUVkU5UFE9PQ==,D:\github\exoneracoes_nomeacoes_dou\LAKE\RJ\2012\12\DOERJ_PARTE_I_PODER_EXECUTIVO_2012-12-17.md
RJ,Diario Oficial do Estado do Rio de Janeiro,2012-12-17,Parte I (Poder Executivo),nomeacao,RUBENS JERÔNIMO DA SILVA,,,Secretario,5,Wilson Jose Witzel - Governador,Wilson Jose Witzel,Executivo estadual,sim,RUBENS JERÔNIMO DA SILVA:PER,sim,,,"NOMEAR em caráter definitivo, RUBENS JERÔNIMO DA SILVA para o cargo de Inspetor de Segurança e Administração Penitenciária, Classe III (inicial), do Quadro I - Permanente da",https://www.ioerj.com.br/portal/modules/conteudoonline/mostra_edicao.php?session=VDFSWk0wMUZTa2RTVlVWMFVrUnJlVTlETURCUlZWRXpURlJyTUU1cVVYUlBWR2Q2VWtWUk1rNXJUa05PUkU1R1RWUmpNMDlVUVRGTmVsVTBUVkU5UFE9PQ==,D:\github\exoneracoes_nomeacoes_dou\LAKE\RJ\2012\12\DOERJ_PARTE_I_PODER_EXECUTIVO_2012-12-17.md
RJ,Diario Oficial do Estado do Rio de Janeiro,2012-12-17,Parte I (Poder Executivo),nomeacao,RODRIGO ABREU SOARES E ADRIANO VAREJÃO CORREIA PEREIRA,,,Secretario,5,Wilson Jose Witzel - Governador,Wilson Jose Witzel,Executivo estadual,sim,RODRIGO ABREU:MISC|Rodrigo Abreu Soares:PER,sim,,,"NOMEAR em caráter definitivo, RODRIGO ABREU SOARES e ADRIANO VAREJÃO CORREIA PEREIRA para o cargo de Investigador Policial de 3ª classe, Quadro Permanente da Polícia Civil do Estado do Rio de Janeiro (PCERJ), da",https://www.ioerj.com.br/portal/modules/conteudoonline/mostra_edicao.php?session=VDFSWk0wMUZTa2RTVlVWMFVrUnJlVTlETURCUlZWRXpURlJyTUU1cVVYUlBWR2Q2VWtWUk1rNXJUa05PUkU1R1RWUmpNMDlVUVRGTmVsVTBUVkU5UFE9PQ==,D:\github\exoneracoes_nomeacoes_dou\LAKE\RJ\2012\12\DOERJ_PARTE_I_PODER_EXECUTIVO_2012-12-17.md
RJ,Diario Oficial do Estado do Rio de Janeiro,2012-12-13,DO Campos (Poder Executivo),nomeacao,FICA REVOGADA A PORTARIA Nº 1517/2012. 1 - SMEC (,,,,,Wilson Jose Witzel - Governador,Wilson Jose Witzel,Executivo estadual,sim,FICA REVOGADA:LOC|PORTARIA Nº 1517/2012:ORG|SMEC:MISC|Fica Revogada A Portaria Nº 1517/2012:LOC|Smec:PER,sim,,,"NOMEAR os membros abaixo relacionados para comporem o Conselho Pleno do Conselho Municipal de Educação, com base na Lei nº 7947/07 e Regimento Interno deste Conselho. Devido a tal ato, fica revogada a Portaria nº 1517/2012. 1 - SMEC (",https://www.ioerj.com.br/portal/modules/conteudoonline/mostra_edicao.php?session=VFd0Wk1GRlVTVFJSVlVsMFQxUlJlRkpETURCUFZWcEhURlJuTVUxclVYUk9SRUpGVGxSamQwMXFTWGROUkZFMFRWUmpNMDlVUVRGT1JHdDZUbWM5UFE9PQ==,D:\github\exoneracoes_nomeacoes_dou\LAKE\RJ\2012\12\DOERJ_DO_CAMPOS_PODER_EXECUTIVO_2012-12-13.md
RJ,Diario Oficial do Estado do Rio de Janeiro,2012-12-12,Parte I (Poder Executivo),nomeacao,LEANDRO SILVA DE LIMA,,,Secretario,5,Wilson Jose Witzel - Governador,Wilson Jose Witzel,Executivo estadual,sim,LEANDRO SILVA:PER,sim,,do Gabinete da Presidência,"NOMEAR LEANDRO SILVA DE LIMA para exercer, com validade a contar de 26 de outubro de 2012, o cargo em comissão de Assistente III, símbolo DAI-5, do Gabinete da Presidência, do Departamento de Trânsito do Estado do Rio de Janeiro - DETRAN/RJ, da",https://www.ioerj.com.br/portal/modules/conteudoonline/mostra_edicao.php?session=VG5wWk1VMTZVVFJOVlZsMFQxUkNRbEpUTURCTlJVMDFURlJzUmsxRlRYUlJlbXQzVFhwSmVrNXJXVEZTVkVKRlRWUmpNMDlVUVRGT1ZFMTNUVUU5UFE9PQ==,D:\github\exoneracoes_nomeacoes_dou\LAKE\RJ\2012\12\DOERJ_PARTE_I_PODER_EXECUTIVO_2012-12-12.md
RJ,Diario Oficial do Estado do Rio de Janeiro,2012-12-12,Parte I (Poder Executivo),nomeacao,ALBERTO DA CONCEIÇÃO ALVES,2001827-4,,Secretario,5,Wilson Jose Witzel - Governador,Wilson Jose Witzel,Executivo estadual,sim,ALBERTO:MISC|CONCEIÇÃO ALVES:MISC|Alberto Da Conceição Alves:PER,sim,,do Instituto Penal Benjamin de Moraes Filho,"NOMEAR ALBERTO DA CONCEIÇÃO ALVES DA COSTA , Inspetor de Segurança de Administração Penitenciária, ID Funcional nº 2001827-4, para exercer, com validade a contar de 03 de julho de 2012, o cargo em comissão de Subdiretor, símbolo DAS-6, do Instituto Penal Benjamin de Moraes Filho, da Coordenação de Unidades Prisionais de Gericinó, da Subsecretaria Adjunta de Unidades Prisionais, da",https://www.ioerj.com.br/portal/modules/conteudoonline/mostra_edicao.php?session=VG5wWk1VMTZVVFJOVlZsMFQxUkNRbEpUTURCTlJVMDFURlJzUmsxRlRYUlJlbXQzVFhwSmVrNXJXVEZTVkVKRlRWUmpNMDlVUVRGT1ZFMTNUVUU5UFE9PQ==,D:\github\exoneracoes_nomeacoes_dou\LAKE\RJ\2012\12\DOERJ_PARTE_I_PODER_EXECUTIVO_2012-12-12.md
RJ,Diario Oficial do Estado do Rio de Janeiro,2012-12-12,Parte I (Poder Executivo),exoneracao,ID FUNCIONAL Nº 3252354-8,3252354-8,,Secretario,5,Wilson Jose Witzel - Governador,Wilson Jose Witzel,Executivo estadual,sim,ID FUNCIONAL:PER,sim,do cargo em comissão de Diretor,da Superintendência Técnica Administrativa,"EXONERAR com validade a contar de 03 de dezembro de 2012, ANGELA MARIA DE ALMEIDA DA SILVA , ID Funcional nº 3252354-8 do cargo em comissão de Diretor, símbolo DAS-8, da Diretoria de Documentação e Protocolo, da Superintendência Técnica Administrativa, da Subsecretaria Executiva, da",https://www.ioerj.com.br/portal/modules/conteudoonline/mostra_edicao.php?session=VG5wWk1VMTZVVFJOVlZsMFQxUkNRbEpUTURCTlJVMDFURlJzUmsxRlRYUlJlbXQzVFhwSmVrNXJXVEZTVkVKRlRWUmpNMDlVUVRGT1ZFMTNUVUU5UFE9PQ==,D:\github\exoneracoes_nomeacoes_dou\LAKE\RJ\2012\12\DOERJ_PARTE_I_PODER_EXECUTIVO_2012-12-12.md
RJ,Diario Oficial do Estado do Rio de Janeiro,2012-12-12,Parte I (Poder Executivo),exoneracao,RONALDO MAGALHÃES,4364921-1,,Secretario,5,Wilson Jose Witzel - Governador,Wilson Jose Witzel,Executivo estadual,sim,RONALDO:ORG|Ronaldo Magalhães:PER,sim,do cargo em comissão de Assistente,da Subsecretaria de Gestão de Pessoas,"EXONERAR com validade a contar de 03 de dezembro de 2012, RONALDO MAGALHÃES DO COUTO RAMOS , ID Funcional nº 4364921-1, do cargo em comissão de Assistente, símbolo DAS-6, da Subsecretaria de Gestão de Pessoas, da",https://www.ioerj.com.br/portal/modules/conteudoonline/mostra_edicao.php?session=VG5wWk1VMTZVVFJOVlZsMFQxUkNRbEpUTURCTlJVMDFURlJzUmsxRlRYUlJlbXQzVFhwSmVrNXJXVEZTVkVKRlRWUmpNMDlVUVRGT1ZFMTNUVUU5UFE9PQ==,D:\github\exoneracoes_nomeacoes_dou\LAKE\RJ\2012\12\DOERJ_PARTE_I_PODER_EXECUTIVO_2012-12-12.md
RJ,Diario Oficial do Estado do Rio de Janeiro,2012-12-12,Parte I (Poder Executivo),nomeacao,ALAN ALMEIDA,4338356-4,,Secretario,5,Wilson Jose Witzel - Governador,Wilson Jose Witzel,Executivo estadual,sim,ALAN ALMEIDA:PER,sim,,da Superintendência Técnica Administrativa,"NOMEAR ALAN ALMEIDA DA SILVA , ID Funcional nº 4338356-4, para exercer, com validade a contar de 01 de dezembro de 2012, o cargo em comissão de Assistente, símbolo DAS-6, da Comissão Permanente de Licitação, da Superintendência Técnica Administrativa, da Subsecretaria Executiva, da",https://www.ioerj.com.br/portal/modules/conteudoonline/mostra_edicao.php?session=VG5wWk1VMTZVVFJOVlZsMFQxUkNRbEpUTURCTlJVMDFURlJzUmsxRlRYUlJlbXQzVFhwSmVrNXJXVEZTVkVKRlRWUmpNMDlVUVRGT1ZFMTNUVUU5UFE9PQ==,D:\github\exoneracoes_nomeacoes_dou\LAKE\RJ\2012\12\DOERJ_PARTE_I_PODER_EXECUTIVO_2012-12-12.md
RJ,Diario Oficial do Estado do Rio de Janeiro,2012-12-12,Parte I (Poder Executivo),nomeacao,MARIA DE FÁTIMA MONFREDO RIBEIRO,3053234-5,,Secretario,5,Wilson Jose Witzel - Governador,Wilson Jose Witzel,Executivo estadual,sim,MARIA DE FÁTIMA:MISC|RIBEIRO:LOC|Maria De Fátima Monfredo Ribeiro:PER,sim,,da Superintendência de Unidades Próprias,"NOMEAR MARIA DE FÁTIMA MONFREDO RIBEIRO, ID FUNCIONAL Nº 3053234-5, para exercer, com validade a contar de 01 de outubro de 2012, o cargo em comissão de Gerente, símbolo DAS-6, da Gerência de Recursos Humanos, da Divisão Administrativa, do Hospital Estadual Rocha Faria, da Superintendência de Unidades Próprias, da Subsecretaria de Unidades Próprias, da",https://www.ioerj.com.br/portal/modules/conteudoonline/mostra_edicao.php?session=VG5wWk1VMTZVVFJOVlZsMFQxUkNRbEpUTURCTlJVMDFURlJzUmsxRlRYUlJlbXQzVFhwSmVrNXJXVEZTVkVKRlRWUmpNMDlVUVRGT1ZFMTNUVUU5UFE9PQ==,D:\github\exoneracoes_nomeacoes_dou\LAKE\RJ\2012\12\DOERJ_PARTE_I_PODER_EXECUTIVO_2012-12-12.md
RJ,Diario Oficial do Estado do Rio de Janeiro,2012-12-12,Parte I (Poder Executivo),exoneracao,MARIA ESTER ESPÍNDOLA ROSESTOLATO,,,Secretario,5,Wilson Jose Witzel - Governador,Wilson Jose Witzel,Executivo estadual,sim,MARIA ESTER:MISC|ROSESTOLATO:ORG|Maria Ester Espíndola Rosestolato:PER,sim,do cargo em comissão de Assessor,,"EXONERAR com validade a contar de 01 de dezembro de 2012, MARIA ESTER ESPÍNDOLA ROSESTOLATO do cargo em comissão de Assessor, símbolo DAS-8, da",https://www.ioerj.com.br/portal/modules/conteudoonline/mostra_edicao.php?session=VG5wWk1VMTZVVFJOVlZsMFQxUkNRbEpUTURCTlJVMDFURlJzUmsxRlRYUlJlbXQzVFhwSmVrNXJXVEZTVkVKRlRWUmpNMDlVUVRGT1ZFMTNUVUU5UFE9PQ==,D:\github\exoneracoes_nomeacoes_dou\LAKE\RJ\2012\12\DOERJ_PARTE_I_PODER_EXECUTIVO_2012-12-12.md
RJ,Diario Oficial do Estado do Rio de Janeiro,2012-12-11,Parte I (Poder Executivo),nomeacao,CHRISTINO AUREO DA SILVA,,,Governador,1,Wilson Jose Witzel - Governador,Wilson Jose Witzel,Executivo estadual,sim,CHRISTINO AUREO DA SILVA:PER,sim,para exercer o cargo em comissão de Secretário de Estado,,"NOMEAR CHRISTINO AUREO DA SILVA para exercer o cargo em comissão de Secretário de Estado, símbolo SE, da",https://www.ioerj.com.br/portal/modules/conteudoonline/mostra_edicao.php?session=VFhwamQxSkVRVFZSVkdOMFVrUmpNMUpUTURCTlJFSkRURlJuZWxKRWEzUlJlazVFVWtSamQwNXFTWGxQVkZKR1RWUmpNMDlVUVRGT1ZGRXlUMUU5UFE9PQ==,D:\github\exoneracoes_nomeacoes_dou\LAKE\RJ\2012\12\DOERJ_PARTE_I_PODER_EXECUTIVO_2012-12-11.md
RJ,Diario Oficial do Estado do Rio de Janeiro,2012-12-10,Parte I (Poder Executivo),exoneracao,SILVIO ROBERTO,3225558-5,,Governador,1,Wilson Jose Witzel - Governador,Wilson Jose Witzel,Executivo estadual,sim,SILVIO ROBERTO:PER,sim,do cargo em comissão de Superintendente,,"EXONERAR SILVIO ROBERTO DA COSTA , ID Funcional nº 3225558-5, do cargo em comissão de Superintendente, símbolo DG, da",https://www.ioerj.com.br/portal/modules/conteudoonline/mostra_edicao.php?session=VGtWWmVsRnFhelZSZWxGMFVtcFplbEZUTURCT2VsWkdURlZKZUU1NlozUk5NRkY2VGxSU1EwNUZUVFZSVkU1Q1RWUmpNMDlVUVRGT1ZGazBUMEU5UFE9PQ==,D:\github\exoneracoes_nomeacoes_dou\LAKE\RJ\2012\12\DOERJ_PARTE_I_PODER_EXECUTIVO_2012-12-10.md
RJ,Diario Oficial do Estado do Rio de Janeiro,2012-12-10,Parte I (Poder Executivo),nomeacao,MOYSES SOARES DE OLIVEIRA GOMES,,,Secretario,5,Wilson Jose Witzel - Governador,Wilson Jose Witzel,Executivo estadual,sim,MOYSES SOARES DE OLIVEIRA GOMES:MISC|Moyses Soares De Oliveira Gomes:PER,sim,,,"NOMEAR na condição sub judice e em caráter provisório, MOYSES SOARES DE OLIVEIRA GOMES para o cargo de Inspetor de Polícia Civil da 6ª Classe, do Quadro Permanente da Polícia Civil do Estado do Rio de Janeiro, da",https://www.ioerj.com.br/portal/modules/conteudoonline/mostra_edicao.php?session=VGtWWmVsRnFhelZSZWxGMFVtcFplbEZUTURCT2VsWkdURlZKZUU1NlozUk5NRkY2VGxSU1EwNUZUVFZSVkU1Q1RWUmpNMDlVUVRGT1ZGazBUMEU5UFE9PQ==,D:\github\exoneracoes_nomeacoes_dou\LAKE\RJ\2012\12\DOERJ_PARTE_I_PODER_EXECUTIVO_2012-12-10.md
RJ,Diario Oficial do Estado do Rio de Janeiro,2012-12-10,Parte I (Poder Executivo),exoneracao,GLADIS VALLE DE OLIVEIRA,,,Secretario,5,Wilson Jose Witzel - Governador,Wilson Jose Witzel,Executivo estadual,sim,GLADIS:ORG|VALLE DE OLIVEIRA:MISC|Gladis Valle De Oliveira:PER,sim,do cargo em comissão de Assessor,,"EXONERAR com validade a contar de 01 de dezembro de 2012, GLADIS VALLE DE OLIVEIRA, anteriormente Gladis Valle de Oliveira Fontes, do cargo em comissão de Assessor, símbolo DAS-7, da",https://www.ioerj.com.br/portal/modules/conteudoonline/mostra_edicao.php?session=VGtWWmVsRnFhelZSZWxGMFVtcFplbEZUTURCT2VsWkdURlZKZUU1NlozUk5NRkY2VGxSU1EwNUZUVFZSVkU1Q1RWUmpNMDlVUVRGT1ZGazBUMEU5UFE9PQ==,D:\github\exoneracoes_nomeacoes_dou\LAKE\RJ\2012\12\DOERJ_PARTE_I_PODER_EXECUTIVO_2012-12-10.md
RJ,Diario Oficial do Estado do Rio de Janeiro,2012-12-10,Parte I (Poder Executivo),exoneracao,PAULO HENRIQUE,,,Secretario,5,Wilson Jose Witzel - Governador,Wilson Jose Witzel,Executivo estadual,sim,PAULO HENRIQUE:PER,sim,do cargo em comissão de Subcorregedor,,"EXONERAR com validade a contar de 29 de novembro de 2012, PAULO HENRIQUE DA SILVA RIBEIRO , Delegado de Polícia, matrícula nº 0834854-2, do cargo em comissão de Subcorregedor, símbolo DAS-8, da Corregedoria Interna da Polícia Civil, da Polícia Civil do Estado do Rio de Janeiro, da",https://www.ioerj.com.br/portal/modules/conteudoonline/mostra_edicao.php?session=VGtWWmVsRnFhelZSZWxGMFVtcFplbEZUTURCT2VsWkdURlZKZUU1NlozUk5NRkY2VGxSU1EwNUZUVFZSVkU1Q1RWUmpNMDlVUVRGT1ZGazBUMEU5UFE9PQ==,D:\github\exoneracoes_nomeacoes_dou\LAKE\RJ\2012\12\DOERJ_PARTE_I_PODER_EXECUTIVO_2012-12-10.md
RJ,Diario Oficial do Estado do Rio de Janeiro,2012-12-10,Parte I (Poder Executivo),nomeacao,GILBERTO DE OLIVEIRA LIMA,,,Secretario,5,Wilson Jose Witzel - Governador,Wilson Jose Witzel,Executivo estadual,sim,GILBERTO DE OLIVEIRA LIMA:MISC|Gilberto De Oliveira Lima:PER,sim,,do Departamento Geral de Polícia Técnico-Científica,"NOMEAR GILBERTO DE OLIVEIRA LIMA, Perito Legista, matrícula nº 888535-2, para exercer, com validade a contar de 01 de novembro de 2012, o cargo em comissão de Chefe de Posto Regional, símbolo DAI-6, dos Postos Regionais de Polícia Técnico Científica, do Departamento Geral de Polícia Técnico-Científica, da Polícia Civil do Estado do Rio de Janeiro, da",https://www.ioerj.com.br/portal/modules/conteudoonline/mostra_edicao.php?session=VGtWWmVsRnFhelZSZWxGMFVtcFplbEZUTURCT2VsWkdURlZKZUU1NlozUk5NRkY2VGxSU1EwNUZUVFZSVkU1Q1RWUmpNMDlVUVRGT1ZGazBUMEU5UFE9PQ==,D:\github\exoneracoes_nomeacoes_dou\LAKE\RJ\2012\12\DOERJ_PARTE_I_PODER_EXECUTIVO_2012-12-10.md
RJ,Diario Oficial do Estado do Rio de Janeiro,2012-12-10,Parte I (Poder Executivo),nomeacao,MARIA DE FÁTIMA RODRIGUES DA CRUZ ARAUJO,,,Secretario,5,Wilson Jose Witzel - Governador,Wilson Jose Witzel,Executivo estadual,sim,MARIA DE FÁTIMA RODRIGUES DA CRUZ ARAUJO:MISC|Maria De Fátima Rodrigues:PER,sim,,,"NOMEAR MARIA DE FÁTIMA RODRIGUES DA CRUZ ARAUJO para exercer, com validade a contar de 01 de dezembro de 2012, o cargo em comissão de Assessor, símbolo DAS-7, da",https://www.ioerj.com.br/portal/modules/conteudoonline/mostra_edicao.php?session=VGtWWmVsRnFhelZSZWxGMFVtcFplbEZUTURCT2VsWkdURlZKZUU1NlozUk5NRkY2VGxSU1EwNUZUVFZSVkU1Q1RWUmpNMDlVUVRGT1ZGazBUMEU5UFE9PQ==,D:\github\exoneracoes_nomeacoes_dou\LAKE\RJ\2012\12\DOERJ_PARTE_I_PODER_EXECUTIVO_2012-12-10.md
RJ,Diario Oficial do Estado do Rio de Janeiro,2012-12-10,Parte I (Poder Executivo),exoneracao,JOSE ZUMBA CLEMENTE,547600-3,,Secretario,5,Wilson Jose Witzel - Governador,Wilson Jose Witzel,Executivo estadual,sim,JOSE ZUMBA CLEMENTE:PER,sim,do cargo em comissão de Assistente I,,"EXONERAR JOSE ZUMBA CLEMENTE DA SILVA , ID Funcional nº 547600-3, do cargo em comissão de Assistente I, símbolo DAS-6, da",https://www.ioerj.com.br/portal/modules/conteudoonline/mostra_edicao.php?session=VGtWWmVsRnFhelZSZWxGMFVtcFplbEZUTURCT2VsWkdURlZKZUU1NlozUk5NRkY2VGxSU1EwNUZUVFZSVkU1Q1RWUmpNMDlVUVRGT1ZGazBUMEU5UFE9PQ==,D:\github\exoneracoes_nomeacoes_dou\LAKE\RJ\2012\12\DOERJ_PARTE_I_PODER_EXECUTIVO_2012-12-10.md
RJ,Diario Oficial do Estado do Rio de Janeiro,2012-12-10,Parte I (Poder Executivo),nomeacao,DIEGO SOUZA PEREIRA,,,Secretario,5,Wilson Jose Witzel - Governador,Wilson Jose Witzel,Executivo estadual,sim,SOUZA PEREIRA:LOC|Diego Souza Pereira:PER,sim,para exercer o cargo em comissão de Assistente II,,"NOMEAR DIEGO SOUZA PEREIRA para exercer o cargo em comissão de Assistente II, símbolo DAI-6, da",https://www.ioerj.com.br/portal/modules/conteudoonline/mostra_edicao.php?session=VGtWWmVsRnFhelZSZWxGMFVtcFplbEZUTURCT2VsWkdURlZKZUU1NlozUk5NRkY2VGxSU1EwNUZUVFZSVkU1Q1RWUmpNMDlVUVRGT1ZGazBUMEU5UFE9PQ==,D:\github\exoneracoes_nomeacoes_dou\LAKE\RJ\2012\12\DOERJ_PARTE_I_PODER_EXECUTIVO_2012-12-10.md
RJ,Diario Oficial do Estado do Rio de Janeiro,2012-12-10,Parte I (Poder Executivo),exoneracao,ADILSON LIBÂNIO DA CRUZ,,,Secretario,5,Wilson Jose Witzel - Governador,Wilson Jose Witzel,Executivo estadual,sim,ADILSON LIBÂNIO:MISC|Adilson Libânio Da Cruz:PER,sim,do cargo em comissão de Coordenador Geral,da Fundação Santa Cabrini,"EXONERAR com validade a contar de 14 de novembro de 2012, ADILSON LIBÂNIO DA CRUZ, matrícula nº 40417-8, do cargo em comissão de Coordenador Geral, símbolo DAS-8, da Coordenação Geral de Atendimento de Apenados e de Qualificação Profissional, da Diretoria de Produção e Comercialização, da Fundação Santa Cabrini, da",https://www.ioerj.com.br/portal/modules/conteudoonline/mostra_edicao.php?session=VGtWWmVsRnFhelZSZWxGMFVtcFplbEZUTURCT2VsWkdURlZKZUU1NlozUk5NRkY2VGxSU1EwNUZUVFZSVkU1Q1RWUmpNMDlVUVRGT1ZGazBUMEU5UFE9PQ==,D:\github\exoneracoes_nomeacoes_dou\LAKE\RJ\2012\12\DOERJ_PARTE_I_PODER_EXECUTIVO_2012-12-10.md
RJ,Diario Oficial do Estado do Rio de Janeiro,2012-12-10,Parte I (Poder Executivo),nomeacao,MARCELO CUPERTINO DOS SANTOS,,,Secretario,5,Wilson Jose Witzel - Governador,Wilson Jose Witzel,Executivo estadual,sim,MARCELO CUPERTINO DOS SANTOS:MISC|Marcelo Cupertino Dos Santos:PER,sim,,,"NOMEAR MARCELO CUPERTINO DOS SANTOS para ocupar o cargo de Inspetor de Segurança e Administração Penitenciária, na Classe III (inicial), do Quadro I - Permanente da Administração Direta do Poder Executivo do Estado do Rio de Janeiro, da",https://www.ioerj.com.br/portal/modules/conteudoonline/mostra_edicao.php?session=VGtWWmVsRnFhelZSZWxGMFVtcFplbEZUTURCT2VsWkdURlZKZUU1NlozUk5NRkY2VGxSU1EwNUZUVFZSVkU1Q1RWUmpNMDlVUVRGT1ZGazBUMEU5UFE9PQ==,D:\github\exoneracoes_nomeacoes_dou\LAKE\RJ\2012\12\DOERJ_PARTE_I_PODER_EXECUTIVO_2012-12-10.md
RJ,Diario Oficial do Estado do Rio de Janeiro,2012-12-07,Parte I (Poder Executivo),nomeacao,SERGIO MARCOLINI,,,Governador,1,Wilson Jose Witzel - Governador,Wilson Jose Witzel,Executivo estadual,sim,MARCOLINI:MISC|Sergio Marcolini:PER,sim,,,"NOMEAR SERGIO MARCOLINI para exercer, com validade a contar de 03 de dezembro de 2012, o cargo em comissão de As- Em R$ mil <!-- image --> DO ESTADO DO RIO DE JANEIRO ANEXO II | UO | TIT UO | Orçamento | LME | |------|------------|-------------|---------| | 0731 | IEEA | 5.677 | 5.614 | | 0741 | DER-RJ | 833.647 | 681.526 | | 0901 | PGE | 353.385 | 353.120 | | 1101 | DPGE | 420.914 | 420.792 | | 1201 | SEPLAG | 136.559 | 123.329 | | 1301 | SEAPEC | 95.356 | 92.499 | | 1353 | EMATER | 80.864 | 70.702 | | 1354 | PESAGRO | 26.198 | 26.093 | | 2601 | SESEG | 293.123 | 288.411 | | 3101 | SETRANS | 132.540 | 111.118 | | 3172 | CENTRAL | 430.278 | 396.810 | | 3173 | RIOTRILHOS | 461.224 | 456.023 | | 3201 | SEASDH | 370.636 | 370.084 | | 3261 | FEAS | 167.180 | 164.828 | | 4001 | SECT | 8.268 | 8.126 | Id: 1420801 sessor-Chefe, símbolo DG, da",https://www.ioerj.com.br/portal/modules/conteudoonline/mostra_edicao.php?session=VGtWUk0wMVVaRVZPYWsxMFRYcFJkMUpwTURCUFJWVjZURlZLUjAxcWEzUlBSVVYzVVdwTk5FMTZRa1pOVlU1RVRWUmpNMDlVUVRGT2Fra3dUV2M5UFE9PQ==,D:\github\exoneracoes_nomeacoes_dou\LAKE\RJ\2012\12\DOERJ_PARTE_I_PODER_EXECUTIVO_2012-12-07.md
RJ,Diario Oficial do Estado do Rio de Janeiro,2012-12-07,Parte I (Poder Executivo),nomeacao,SÉRGIO ALEXANDRE RODRIGUES,2430655-0,,Governador,1,Wilson Jose Witzel - Governador,Wilson Jose Witzel,Executivo estadual,sim,SÉRGIO ALEXANDRE:MISC|Sérgio Alexandre Rodrigues:PER,sim,para exercer o cargo em comissão de Superintendente,da Superintendência de Planejamento Operacional,"NOMEAR SÉRGIO ALEXANDRE RODRIGUES DO NASCIMENTO , Coronel PM, ID Funcional nº 2430655-0, para exercer o cargo em comissão de Superintendente, símbolo DG, da Superintendência de Planejamento Operacional, da Subsecretaria de Planejamento e Integração Operacional, da",https://www.ioerj.com.br/portal/modules/conteudoonline/mostra_edicao.php?session=VGtWUk0wMVVaRVZPYWsxMFRYcFJkMUpwTURCUFJWVjZURlZLUjAxcWEzUlBSVVYzVVdwTk5FMTZRa1pOVlU1RVRWUmpNMDlVUVRGT2Fra3dUV2M5UFE9PQ==,D:\github\exoneracoes_nomeacoes_dou\LAKE\RJ\2012\12\DOERJ_PARTE_I_PODER_EXECUTIVO_2012-12-07.md
RJ,Diario Oficial do Estado do Rio de Janeiro,2012-12-07,Parte I (Poder Executivo),nomeacao,RAPHAELA SOUZA RIBAS,,,Secretario,5,Wilson Jose Witzel - Governador,Wilson Jose Witzel,Executivo estadual,sim,SOUZA RIBAS:LOC|Raphaela Souza Ribas:PER,sim,da Assessoria de Imprensa,,"NOMEAR RAPHAELA SOUZA RIBAS para exercer, com validade a contar de 05 de dezembro de 2012, o cargo em comissão de Assessor, símbolo DAS-7, da Assessoria de Imprensa, da",https://www.ioerj.com.br/portal/modules/conteudoonline/mostra_edicao.php?session=VGtWUk0wMVVaRVZPYWsxMFRYcFJkMUpwTURCUFJWVjZURlZLUjAxcWEzUlBSVVYzVVdwTk5FMTZRa1pOVlU1RVRWUmpNMDlVUVRGT2Fra3dUV2M5UFE9PQ==,D:\github\exoneracoes_nomeacoes_dou\LAKE\RJ\2012\12\DOERJ_PARTE_I_PODER_EXECUTIVO_2012-12-07.md
RJ,Diario Oficial do Estado do Rio de Janeiro,2012-12-07,Parte I (Poder Executivo),nomeacao,DANIELLE BEATRIZ PESTANA VIANA,,,Secretario,5,Wilson Jose Witzel - Governador,Wilson Jose Witzel,Executivo estadual,sim,DANIELLE BEATRIZ:ORG|Danielle Beatriz Pestana Viana:PER,sim,para exercer o cargo em comissão de Assistente,,"NOMEAR DANIELLE BEATRIZ PESTANA VIANA para exercer o cargo em comissão de Assistente, símbolo DAS-6, da",https://www.ioerj.com.br/portal/modules/conteudoonline/mostra_edicao.php?session=VGtWUk0wMVVaRVZPYWsxMFRYcFJkMUpwTURCUFJWVjZURlZLUjAxcWEzUlBSVVYzVVdwTk5FMTZRa1pOVlU1RVRWUmpNMDlVUVRGT2Fra3dUV2M5UFE9PQ==,D:\github\exoneracoes_nomeacoes_dou\LAKE\RJ\2012\12\DOERJ_PARTE_I_PODER_EXECUTIVO_2012-12-07.md
RJ,Diario Oficial do Estado do Rio de Janeiro,2012-12-07,Parte I (Poder Executivo),nomeacao,CARLOS EDUARDO,1962713-0,,Secretario,5,Wilson Jose Witzel - Governador,Wilson Jose Witzel,Executivo estadual,sim,CARLOS EDUARDO:PER,sim,,,"NOMEAR CARLOS EDUARDO DO CARMO MOTTA , ID Funcional nº 1962713-0, para exercer, com validade a contar de 03 de dezembro de 2012, o cargo em comissão de Assistente, símbolo DAS-6, da",https://www.ioerj.com.br/portal/modules/conteudoonline/mostra_edicao.php?session=VGtWUk0wMVVaRVZPYWsxMFRYcFJkMUpwTURCUFJWVjZURlZLUjAxcWEzUlBSVVYzVVdwTk5FMTZRa1pOVlU1RVRWUmpNMDlVUVRGT2Fra3dUV2M5UFE9PQ==,D:\github\exoneracoes_nomeacoes_dou\LAKE\RJ\2012\12\DOERJ_PARTE_I_PODER_EXECUTIVO_2012-12-07.md
RJ,Diario Oficial do Estado do Rio de Janeiro,2012-12-07,Parte I (Poder Executivo),nomeacao,RICARDO VASCONCELOS DA FONSECA,,,Secretario,5,Wilson Jose Witzel - Governador,Wilson Jose Witzel,Executivo estadual,sim,RICARDO VASCONCELOS DA FONSECA:MISC|Ricardo Vasconcelos Da Fonseca:PER,sim,,,"NOMEAR RICARDO VASCONCELOS DA FONSECA para exercer, com validade a contar de 01 de setembro de 2012, o cargo em comissão de Assistente, símbolo DAS-6, do Fundo Único de Previdência Social do Estado do Rio de Janeiro - RIOPREVIDÊNCIA, da",https://www.ioerj.com.br/portal/modules/conteudoonline/mostra_edicao.php?session=VGtWUk0wMVVaRVZPYWsxMFRYcFJkMUpwTURCUFJWVjZURlZLUjAxcWEzUlBSVVYzVVdwTk5FMTZRa1pOVlU1RVRWUmpNMDlVUVRGT2Fra3dUV2M5UFE9PQ==,D:\github\exoneracoes_nomeacoes_dou\LAKE\RJ\2012\12\DOERJ_PARTE_I_PODER_EXECUTIVO_2012-12-07.md
RJ,Diario Oficial do Estado do Rio de Janeiro,2012-12-07,Parte I (Poder Executivo),exoneracao,CARLOS EDUARDO,1962713-0,,Secretario,5,Wilson Jose Witzel - Governador,Wilson Jose Witzel,Executivo estadual,sim,CARLOS EDUARDO:PER,sim,do cargo em comissão de Diretor de Divisão,do Departamento de Administração de Pessoal,"EXONERAR a pedido e com validade a contar de 03 de dezembro de 2012, CARLOS EDUARDO DO CARMO MOTTA , ID Funcional nº 1962713-0, do cargo em comissão de Diretor de Divisão, símbolo DAS-6, da Divisão de Controle de Freqüência e Lotação, do Departamento de Administração de Pessoal, da Subsecretaria Adjunta de Infraestrutura, da",https://www.ioerj.com.br/portal/modules/conteudoonline/mostra_edicao.php?session=VGtWUk0wMVVaRVZPYWsxMFRYcFJkMUpwTURCUFJWVjZURlZLUjAxcWEzUlBSVVYzVVdwTk5FMTZRa1pOVlU1RVRWUmpNMDlVUVRGT2Fra3dUV2M5UFE9PQ==,D:\github\exoneracoes_nomeacoes_dou\LAKE\RJ\2012\12\DOERJ_PARTE_I_PODER_EXECUTIVO_2012-12-07.md
RJ,Diario Oficial do Estado do Rio de Janeiro,2012-12-07,Parte I (Poder Executivo),nomeacao,JOÃO ALVES PORTO FILHO,,,Secretario,5,Wilson Jose Witzel - Governador,Wilson Jose Witzel,Executivo estadual,sim,JOÃO:MISC|ALVES PORTO FILHO:PER,sim,,,"NOMEAR JOÃO ALVES PORTO FILHO para exercer, com validade a contar de 01 de dezembro de 2012, o cargo em comissão de Assistente, símbolo DAS-6, da",https://www.ioerj.com.br/portal/modules/conteudoonline/mostra_edicao.php?session=VGtWUk0wMVVaRVZPYWsxMFRYcFJkMUpwTURCUFJWVjZURlZLUjAxcWEzUlBSVVYzVVdwTk5FMTZRa1pOVlU1RVRWUmpNMDlVUVRGT2Fra3dUV2M5UFE9PQ==,D:\github\exoneracoes_nomeacoes_dou\LAKE\RJ\2012\12\DOERJ_PARTE_I_PODER_EXECUTIVO_2012-12-07.md
RJ,Diario Oficial do Estado do Rio de Janeiro,2012-12-07,Parte I (Poder Executivo),exoneracao,LEONARDO RAPOSO SODRÉ,,,Secretario,5,Wilson Jose Witzel - Governador,Wilson Jose Witzel,Executivo estadual,sim,LEONARDO RAPOSO SODRÉ:MISC|Leonardo Raposo Sodré:PER,sim,do cargo em comissão de Auxiliar I,,"EXONERAR com validade a contar de 03 de dezembro de 2012, LEONARDO RAPOSO SODRÉ do cargo em comissão de Auxiliar I, símbolo DAI-4, da",https://www.ioerj.com.br/portal/modules/conteudoonline/mostra_edicao.php?session=VGtWUk0wMVVaRVZPYWsxMFRYcFJkMUpwTURCUFJWVjZURlZLUjAxcWEzUlBSVVYzVVdwTk5FMTZRa1pOVlU1RVRWUmpNMDlVUVRGT2Fra3dUV2M5UFE9PQ==,D:\github\exoneracoes_nomeacoes_dou\LAKE\RJ\2012\12\DOERJ_PARTE_I_PODER_EXECUTIVO_2012-12-07.md
RJ,Diario Oficial do Estado do Rio de Janeiro,2012-12-07,Parte I (Poder Executivo),nomeacao,FRANCISCO LUIZ SOARES SODRÉ,,,Secretario,5,Wilson Jose Witzel - Governador,Wilson Jose Witzel,Executivo estadual,sim,FRANCISCO LUIZ SOARES SODRÉ:PER,sim,,,"NOMEAR FRANCISCO LUIZ SOARES SODRÉ para exercer, com validade a contar de 03 de dezembro de 2012, o cargo em comissão de Auxiliar I, símbolo DAI-4, da",https://www.ioerj.com.br/portal/modules/conteudoonline/mostra_edicao.php?session=VGtWUk0wMVVaRVZPYWsxMFRYcFJkMUpwTURCUFJWVjZURlZLUjAxcWEzUlBSVVYzVVdwTk5FMTZRa1pOVlU1RVRWUmpNMDlVUVRGT2Fra3dUV2M5UFE9PQ==,D:\github\exoneracoes_nomeacoes_dou\LAKE\RJ\2012\12\DOERJ_PARTE_I_PODER_EXECUTIVO_2012-12-07.md
RJ,Diario Oficial do Estado do Rio de Janeiro,2012-12-07,Parte I (Poder Executivo),exoneracao,INSPETOR DE SEGURANÇA ADMINISTRAÇÃO PENITENCIÁRIA,2002747-8,,Secretario,5,Wilson Jose Witzel - Governador,Wilson Jose Witzel,Executivo estadual,sim,INSPETOR DE SEGURANÇA ADMINISTRAÇÃO:MISC|Inspetor De Segurança Administração Penitenciária:PER,sim,do cargo em comissão de Diretor,da Subsecretaria Adjunta de Unidades Prisionais,"EXONERAR com validade a contar de 04 de dezembro de 2012, RONALDO ANTONIO VERIDIANO , Inspetor de Segurança Administração Penitenciária, ID Funcional nº 2002747-8, do cargo em comissão de Diretor, símbolo DAS-7, da Penitenciária Lemos Brito, da Coordenação de Unidades Prisionais de Gericinó, da Subsecretaria Adjunta de Unidades Prisionais, da",https://www.ioerj.com.br/portal/modules/conteudoonline/mostra_edicao.php?session=VGtWUk0wMVVaRVZPYWsxMFRYcFJkMUpwTURCUFJWVjZURlZLUjAxcWEzUlBSVVYzVVdwTk5FMTZRa1pOVlU1RVRWUmpNMDlVUVRGT2Fra3dUV2M5UFE9PQ==,D:\github\exoneracoes_nomeacoes_dou\LAKE\RJ\2012\12\DOERJ_PARTE_I_PODER_EXECUTIVO_2012-12-07.md
RJ,Diario Oficial do Estado do Rio de Janeiro,2012-12-07,Parte I (Poder Executivo),nomeacao,FABIANA LOPES DA SILVA,,,Secretario,5,Wilson Jose Witzel - Governador,Wilson Jose Witzel,Executivo estadual,sim,Fabiana Lopes:PER,sim,,do Departamento de Trânsito do Estado do Rio de Janeiro -DETRAN/RJ,"NOMEAR FABIANA LOPES DA SILVA para exercer, com validade a contar de 23 de novembro de 2012, o cargo em comissão de Assistente III, símbolo DAI-5, da Diretoria Jurídica, do Departamento de Trânsito do Estado do Rio de Janeiro -DETRAN/RJ, da",https://www.ioerj.com.br/portal/modules/conteudoonline/mostra_edicao.php?session=VGtWUk0wMVVaRVZPYWsxMFRYcFJkMUpwTURCUFJWVjZURlZLUjAxcWEzUlBSVVYzVVdwTk5FMTZRa1pOVlU1RVRWUmpNMDlVUVRGT2Fra3dUV2M5UFE9PQ==,D:\github\exoneracoes_nomeacoes_dou\LAKE\RJ\2012\12\DOERJ_PARTE_I_PODER_EXECUTIVO_2012-12-07.md
RJ,Diario Oficial do Estado do Rio de Janeiro,2012-12-07,Parte I (Poder Executivo),nomeacao,ADRIANA AUGUSTA DA SILVA MEJIAS,,,Secretario,5,Wilson Jose Witzel - Governador,Wilson Jose Witzel,Executivo estadual,sim,ADRIANA AUGUSTA DA SILVA MEJIAS:MISC|Adriana Augusta Da Silva Mejias:PER,sim,,do Gabinete da Presidência,"NOMEAR ADRIANA AUGUSTA DA SILVA MEJIAS para exercer, com validade a contar de 01 de dezembro de 2012, o cargo em comissão de Assistente III, símbolo DAI-5, do Gabinete da Presidência, do Departamento de Trânsito do Estado do Rio de Janeiro DETRAN/RJ, da",https://www.ioerj.com.br/portal/modules/conteudoonline/mostra_edicao.php?session=VGtWUk0wMVVaRVZPYWsxMFRYcFJkMUpwTURCUFJWVjZURlZLUjAxcWEzUlBSVVYzVVdwTk5FMTZRa1pOVlU1RVRWUmpNMDlVUVRGT2Fra3dUV2M5UFE9PQ==,D:\github\exoneracoes_nomeacoes_dou\LAKE\RJ\2012\12\DOERJ_PARTE_I_PODER_EXECUTIVO_2012-12-07.md
RJ,Diario Oficial do Estado do Rio de Janeiro,2012-12-07,Parte I (Poder Executivo),nomeacao,NATÁLIA MAGALHÃES CASADO LIMA,,,Secretario,5,Wilson Jose Witzel - Governador,Wilson Jose Witzel,Executivo estadual,sim,MAGALHÃES CASADO LIMA:PER,sim,da Assessoria de Comunicação Social,da Fundação Instituto de Pesca do Estado do Rio de Janeiro -FIPERJ,"NOMEAR NATÁLIA MAGALHÃES CASADO LIMA para exercer, com validade a contar de 01 de dezembro de 2012, o cargo em comissão de Assessor, símbolo DAS-7, da Assessoria de Comunicação Social, da Fundação Instituto de Pesca do Estado do Rio de Janeiro -FIPERJ, da",https://www.ioerj.com.br/portal/modules/conteudoonline/mostra_edicao.php?session=VGtWUk0wMVVaRVZPYWsxMFRYcFJkMUpwTURCUFJWVjZURlZLUjAxcWEzUlBSVVYzVVdwTk5FMTZRa1pOVlU1RVRWUmpNMDlVUVRGT2Fra3dUV2M5UFE9PQ==,D:\github\exoneracoes_nomeacoes_dou\LAKE\RJ\2012\12\DOERJ_PARTE_I_PODER_EXECUTIVO_2012-12-07.md
RJ,Diario Oficial do Estado do Rio de Janeiro,2012-12-07,Parte I (Poder Executivo),exoneracao,NATÁLIA MAGALHÃES CASADO LIMA,,,Secretario,5,Wilson Jose Witzel - Governador,Wilson Jose Witzel,Executivo estadual,sim,MAGALHÃES CASADO LIMA:PER,sim,do cargo em comissão de Assistente II,,"EXONERAR com validade a contar de 05 de dezembro de 2012, NATÁLIA MAGALHÃES CASADO LIMA do cargo em comissão de Assistente II, símbolo DAI-6, da",https://www.ioerj.com.br/portal/modules/conteudoonline/mostra_edicao.php?session=VGtWUk0wMVVaRVZPYWsxMFRYcFJkMUpwTURCUFJWVjZURlZLUjAxcWEzUlBSVVYzVVdwTk5FMTZRa1pOVlU1RVRWUmpNMDlVUVRGT2Fra3dUV2M5UFE9PQ==,D:\github\exoneracoes_nomeacoes_dou\LAKE\RJ\2012\12\DOERJ_PARTE_I_PODER_EXECUTIVO_2012-12-07.md
RJ,Diario Oficial do Estado do Rio de Janeiro,2012-12-07,Parte I (Poder Executivo),nomeacao,CAROLINA BITTENCOURT DE OLIVEIRA,,,Secretario,5,Wilson Jose Witzel - Governador,Wilson Jose Witzel,Executivo estadual,sim,CAROLINA BITTENCOURT DE OLIVEIRA:ORG|Carolina Bittencourt De Oliveira:PER,sim,,,"NOMEAR CAROLINA BITTENCOURT DE OLIVEIRA para exercer, com validade a contar de 05 de dezembro de 2012, o cargo em comissão de Assistente II, símbolo DAI-6, da",https://www.ioerj.com.br/portal/modules/conteudoonline/mostra_edicao.php?session=VGtWUk0wMVVaRVZPYWsxMFRYcFJkMUpwTURCUFJWVjZURlZLUjAxcWEzUlBSVVYzVVdwTk5FMTZRa1pOVlU1RVRWUmpNMDlVUVRGT2Fra3dUV2M5UFE9PQ==,D:\github\exoneracoes_nomeacoes_dou\LAKE\RJ\2012\12\DOERJ_PARTE_I_PODER_EXECUTIVO_2012-12-07.md
RJ,Diario Oficial do Estado do Rio de Janeiro,2012-12-07,Parte I (Poder Executivo),exoneracao,CARLOS TAVARES,,,Secretario,5,Wilson Jose Witzel - Governador,Wilson Jose Witzel,Executivo estadual,sim,CARLOS TAVARES:PER,sim,do cargo em comissão de Chefe de Núcleo,da Fundação Leão XIII,"EXONERAR CARLOS TAVARES do cargo em comissão de Chefe de Núcleo, símbolo DAI-5, do Núcleo de Atendimento ao Cidadão de Macuco, do Pólo de Articulação Regional Serrana II, da Diretoria de Promoção Social do Interior, da Fundação Leão XIII, da",https://www.ioerj.com.br/portal/modules/conteudoonline/mostra_edicao.php?session=VGtWUk0wMVVaRVZPYWsxMFRYcFJkMUpwTURCUFJWVjZURlZLUjAxcWEzUlBSVVYzVVdwTk5FMTZRa1pOVlU1RVRWUmpNMDlVUVRGT2Fra3dUV2M5UFE9PQ==,D:\github\exoneracoes_nomeacoes_dou\LAKE\RJ\2012\12\DOERJ_PARTE_I_PODER_EXECUTIVO_2012-12-07.md
RJ,Diario Oficial do Estado do Rio de Janeiro,2012-12-07,Parte I (Poder Executivo),nomeacao,JUAN VILLA NOVA PINTO RIBEIRO,,,Secretario,5,Wilson Jose Witzel - Governador,Wilson Jose Witzel,Executivo estadual,sim,JUAN VILLA:PER,sim,para exercer o cargo em comissão de Chefe de Núcleo,da Fundação Leão XIII,"NOMEAR JUAN VILLA NOVA PINTO RIBEIRO para exercer o cargo em comissão de Chefe de Núcleo, símbolo DAI-5, do Núcleo de Atendimento ao Cidadão de Macuco, do Pólo de Articulação Regional Serrana II, da Diretoria de Promoção Social do Interior, da Fundação Leão XIII, da",https://www.ioerj.com.br/portal/modules/conteudoonline/mostra_edicao.php?session=VGtWUk0wMVVaRVZPYWsxMFRYcFJkMUpwTURCUFJWVjZURlZLUjAxcWEzUlBSVVYzVVdwTk5FMTZRa1pOVlU1RVRWUmpNMDlVUVRGT2Fra3dUV2M5UFE9PQ==,D:\github\exoneracoes_nomeacoes_dou\LAKE\RJ\2012\12\DOERJ_PARTE_I_PODER_EXECUTIVO_2012-12-07.md
RJ,Diario Oficial do Estado do Rio de Janeiro,2012-12-06,Parte I (Poder Executivo),exoneracao,STÉPHANNIE OLIVEIRA,,,Governador,1,Wilson Jose Witzel - Governador,Wilson Jose Witzel,Executivo estadual,sim,STÉPHANNIE OLIVEIRA:MISC|Stéphannie Oliveira:PER,sim,do cargo em comissão de Diretor de Departamento,do Departamento de Biblioteca,"EXONERAR a pedido e com validade a contar de 09 de novembro de 2012, STÉPHANNIE OLIVEIRA DA SILVA , matrícula nº 01507-3, do cargo em comissão de Diretor de Departamento, símbolo CECIERJ V, do Departamento de Biblioteca, da Diretoria de Pólos Regionais, da Vice-Presidência de Educação Superior à Distância, da Fundação Centro de Ciências e Educação Superior à Distância do Estado do Rio de Janeiro - CECIERJ, da",https://www.ioerj.com.br/portal/modules/conteudoonline/mostra_edicao.php?session=VGtSc1JWSlVZM3BSZWsxMFRucE5NRTE1TURCU2ExWkZURlJzUmxGcVdYUk5hbHBDVVhwTmVsRnFXVE5OTUZWM1RWUmpNMDlVUVRGT2FsRTBUVUU5UFE9PQ==,D:\github\exoneracoes_nomeacoes_dou\LAKE\RJ\2012\12\DOERJ_PARTE_I_PODER_EXECUTIVO_2012-12-06.md
RJ,Diario Oficial do Estado do Rio de Janeiro,2012-12-06,Parte I (Poder Executivo),exoneracao,ARETUSA OLIVEIRA GAGO,,ARETUSA OLIVEIRA GAGO DO CARGO EM COMISSÃO DE,Coordenador,12,Wilson Jose Witzel - Governador,Wilson Jose Witzel,Executivo estadual,sim,ARETUSA OLIVEIRA GAGO:MISC|Aretusa Oliveira Gago:PER,sim,do cargo em comissão de Coordenador de Unidade,da Fundação de Apoio à Escola Técnica do Estado do Rio de Janeiro - FAETEC,"EXONERAR com validade a contar de 01 de novembro de 2012, ARETUSA OLIVEIRA GAGO do cargo em comissão de Coordenador de Unidade, símbolo FAETEC 3, da Fundação de Apoio à Escola Técnica do Estado do Rio de Janeiro - FAETEC, da",https://www.ioerj.com.br/portal/modules/conteudoonline/mostra_edicao.php?session=VGtSc1JWSlVZM3BSZWsxMFRucE5NRTE1TURCU2ExWkZURlJzUmxGcVdYUk5hbHBDVVhwTmVsRnFXVE5OTUZWM1RWUmpNMDlVUVRGT2FsRTBUVUU5UFE9PQ==,D:\github\exoneracoes_nomeacoes_dou\LAKE\RJ\2012\12\DOERJ_PARTE_I_PODER_EXECUTIVO_2012-12-06.md
RJ,Diario Oficial do Estado do Rio de Janeiro,2012-12-06,Parte I (Poder Executivo),exoneracao,JOÃO MARCELO,,,Governador,1,Wilson Jose Witzel - Governador,Wilson Jose Witzel,Executivo estadual,sim,JOÃO MARCELO:PER,sim,do cargo em comissão de Coordenador de Unidade,da Fundação de Apoio à Escola Técnica do Estado do Rio de Janeiro -FAETEC,"EXONERAR com validade a contar de 01 de novembro de 2012, JOÃO MARCELO DA SILVA COELHO , matrícula nº 00/1077-7, do cargo em comissão de Coordenador de Unidade, símbolo FAETEC 3, da Fundação de Apoio à Escola Técnica do Estado do Rio de Janeiro -FAETEC, da",https://www.ioerj.com.br/portal/modules/conteudoonline/mostra_edicao.php?session=VGtSc1JWSlVZM3BSZWsxMFRucE5NRTE1TURCU2ExWkZURlJzUmxGcVdYUk5hbHBDVVhwTmVsRnFXVE5OTUZWM1RWUmpNMDlVUVRGT2FsRTBUVUU5UFE9PQ==,D:\github\exoneracoes_nomeacoes_dou\LAKE\RJ\2012\12\DOERJ_PARTE_I_PODER_EXECUTIVO_2012-12-06.md
RJ,Diario Oficial do Estado do Rio de Janeiro,2012-12-06,Parte I (Poder Executivo),exoneracao,ID FUNCIONAL Nº 5000669-0,5000669-0,,Secretario,5,Wilson Jose Witzel - Governador,Wilson Jose Witzel,Executivo estadual,sim,ID FUNCIONAL:PER,sim,do cargo em comissão de Assessor,,"EXONERAR a pedido e com validade a contar de 05 de dezembro de 2012, GISELLE ANDRADE CALLEIA DA COSTA , ID Funcional nº 5000669-0 do cargo em comissão de Assessor, símbolo DAS-7, da Assessoria de Imprensa, da",https://www.ioerj.com.br/portal/modules/conteudoonline/mostra_edicao.php?session=VGtSc1JWSlVZM3BSZWsxMFRucE5NRTE1TURCU2ExWkZURlJzUmxGcVdYUk5hbHBDVVhwTmVsRnFXVE5OTUZWM1RWUmpNMDlVUVRGT2FsRTBUVUU5UFE9PQ==,D:\github\exoneracoes_nomeacoes_dou\LAKE\RJ\2012\12\DOERJ_PARTE_I_PODER_EXECUTIVO_2012-12-06.md
RJ,Diario Oficial do Estado do Rio de Janeiro,2012-12-06,Parte I (Poder Executivo),nomeacao,ISABEL CRISTINA NUNES DA SILVA,,,Secretario,5,Wilson Jose Witzel - Governador,Wilson Jose Witzel,Executivo estadual,sim,ISABEL CRISTINA NUNES DA SILVA:MISC|Isabel Cristina Nunes Da Silva:PER,sim,para exercer o cargo em comissão de Assistente,do Departamento Jurídico,"NOMEAR ISABEL CRISTINA NUNES DA SILVA para exercer o cargo em comissão de Assistente, símbolo DAS-6, do Departamento Jurídico, da Coordenação do Programa de Defesa do Consumidor -PROCON-RJ, da Subsecretaria Adjunta dos Direitos do Consumidor, da",https://www.ioerj.com.br/portal/modules/conteudoonline/mostra_edicao.php?session=VGtSc1JWSlVZM3BSZWsxMFRucE5NRTE1TURCU2ExWkZURlJzUmxGcVdYUk5hbHBDVVhwTmVsRnFXVE5OTUZWM1RWUmpNMDlVUVRGT2FsRTBUVUU5UFE9PQ==,D:\github\exoneracoes_nomeacoes_dou\LAKE\RJ\2012\12\DOERJ_PARTE_I_PODER_EXECUTIVO_2012-12-06.md
RJ,Diario Oficial do Estado do Rio de Janeiro,2012-12-06,Parte I (Poder Executivo),nomeacao,CLARA GOMES MOREIRA,,,Secretario,5,Wilson Jose Witzel - Governador,Wilson Jose Witzel,Executivo estadual,sim,CLARA GOMES MOREIRA:MISC|Clara Gomes Moreira:PER,sim,,da Subsecretaria de Fazenda para Assuntos Jurídicos,"NOMEAR CLARA GOMES MOREIRA para exercer, com validade a contar de 27 de novembro de 2012, o cargo em comissão de Secretário II, símbolo DAI-5, da Subsecretaria de Fazenda para Assuntos Jurídicos, da",https://www.ioerj.com.br/portal/modules/conteudoonline/mostra_edicao.php?session=VGtSc1JWSlVZM3BSZWsxMFRucE5NRTE1TURCU2ExWkZURlJzUmxGcVdYUk5hbHBDVVhwTmVsRnFXVE5OTUZWM1RWUmpNMDlVUVRGT2FsRTBUVUU5UFE9PQ==,D:\github\exoneracoes_nomeacoes_dou\LAKE\RJ\2012\12\DOERJ_PARTE_I_PODER_EXECUTIVO_2012-12-06.md
RJ,Diario Oficial do Estado do Rio de Janeiro,2012-12-06,Parte I (Poder Executivo),exoneracao,ANGELICA MARIA TAVARES DE SOUZA,,,Secretario,5,Wilson Jose Witzel - Governador,Wilson Jose Witzel,Executivo estadual,sim,MARIA TAVARES DE SOUZA:PER,sim,do cargo em comissão de Assistente II,,"EXONERAR com validade a contar de 01 de dezembro de 2012, ANGELICA MARIA TAVARES DE SOUZA do cargo em comissão de Assistente II, símbolo DAI-6, da",https://www.ioerj.com.br/portal/modules/conteudoonline/mostra_edicao.php?session=VGtSc1JWSlVZM3BSZWsxMFRucE5NRTE1TURCU2ExWkZURlJzUmxGcVdYUk5hbHBDVVhwTmVsRnFXVE5OTUZWM1RWUmpNMDlVUVRGT2FsRTBUVUU5UFE9PQ==,D:\github\exoneracoes_nomeacoes_dou\LAKE\RJ\2012\12\DOERJ_PARTE_I_PODER_EXECUTIVO_2012-12-06.md
RJ,Diario Oficial do Estado do Rio de Janeiro,2012-12-06,Parte I (Poder Executivo),nomeacao,FABIO NEVES NATIVIDADE,,,Secretario,5,Wilson Jose Witzel - Governador,Wilson Jose Witzel,Executivo estadual,sim,FABIO:ORG|Fabio Neves Natividade:PER,sim,,,"NOMEAR FABIO NEVES NATIVIDADE para exercer, com validade a contar de 01 de dezembro de 2012, o cargo em comissão de Assistente II, símbolo DAI-6, da",https://www.ioerj.com.br/portal/modules/conteudoonline/mostra_edicao.php?session=VGtSc1JWSlVZM3BSZWsxMFRucE5NRTE1TURCU2ExWkZURlJzUmxGcVdYUk5hbHBDVVhwTmVsRnFXVE5OTUZWM1RWUmpNMDlVUVRGT2FsRTBUVUU5UFE9PQ==,D:\github\exoneracoes_nomeacoes_dou\LAKE\RJ\2012\12\DOERJ_PARTE_I_PODER_EXECUTIVO_2012-12-06.md
RJ,Diario Oficial do Estado do Rio de Janeiro,2012-12-06,Parte I (Poder Executivo),exoneracao,SONIA MARIA,,,Secretario,5,Wilson Jose Witzel - Governador,Wilson Jose Witzel,Executivo estadual,sim,MARIA:PER,sim,do cargo em comissão de Assistente,da Subsecretaria de Infraestrutura e Tecnologia,"EXONERAR a pedido e com validade a contar de 01 de dezembro de 2012, SONIA MARIA DA SILVA MEDRADO MARTINS , matrícula nº 972634-0, do cargo em comissão de Assistente, símbolo DAS-6, da Subsecretaria de Infraestrutura e Tecnologia, da",https://www.ioerj.com.br/portal/modules/conteudoonline/mostra_edicao.php?session=VGtSc1JWSlVZM3BSZWsxMFRucE5NRTE1TURCU2ExWkZURlJzUmxGcVdYUk5hbHBDVVhwTmVsRnFXVE5OTUZWM1RWUmpNMDlVUVRGT2FsRTBUVUU5UFE9PQ==,D:\github\exoneracoes_nomeacoes_dou\LAKE\RJ\2012\12\DOERJ_PARTE_I_PODER_EXECUTIVO_2012-12-06.md
RJ,Diario Oficial do Estado do Rio de Janeiro,2012-12-06,Parte I (Poder Executivo),nomeacao,FABIO WYNNE DE ALCANTARA,,,Secretario,5,Wilson Jose Witzel - Governador,Wilson Jose Witzel,Executivo estadual,sim,FABIO:ORG|ALCANTARA:MISC|Fabio Wynne De Alcantara:PER,sim,,da Subsecretaria de Infraestrutura e Tecnologia,"NOMEAR FABIO WYNNE DE ALCANTARA para exercer, com validade a contar de 01 de dezembro de 2012, o cargo em comissão de Assistente, símbolo DAS-6, da Subsecretaria de Infraestrutura e Tecnologia, da",https://www.ioerj.com.br/portal/modules/conteudoonline/mostra_edicao.php?session=VGtSc1JWSlVZM3BSZWsxMFRucE5NRTE1TURCU2ExWkZURlJzUmxGcVdYUk5hbHBDVVhwTmVsRnFXVE5OTUZWM1RWUmpNMDlVUVRGT2FsRTBUVUU5UFE9PQ==,D:\github\exoneracoes_nomeacoes_dou\LAKE\RJ\2012\12\DOERJ_PARTE_I_PODER_EXECUTIVO_2012-12-06.md
RJ,Diario Oficial do Estado do Rio de Janeiro,2012-12-06,Parte I (Poder Executivo),exoneracao,MARCELO PEREIRA DOS SANTOS,,,Secretario,5,Wilson Jose Witzel - Governador,Wilson Jose Witzel,Executivo estadual,sim,MARCELO PEREIRA DOS SANTOS:MISC|Marcelo Pereira Dos Santos:PER,sim,do cargo em comissão de Assistente II,,"EXONERAR com validade a contar de 03 de setembro de 2012, MARCELO PEREIRA DOS SANTOS, matrícula nº 959620-6, do cargo em comissão de Assistente II, símbolo DAI-6, da",https://www.ioerj.com.br/portal/modules/conteudoonline/mostra_edicao.php?session=VGtSc1JWSlVZM3BSZWsxMFRucE5NRTE1TURCU2ExWkZURlJzUmxGcVdYUk5hbHBDVVhwTmVsRnFXVE5OTUZWM1RWUmpNMDlVUVRGT2FsRTBUVUU5UFE9PQ==,D:\github\exoneracoes_nomeacoes_dou\LAKE\RJ\2012\12\DOERJ_PARTE_I_PODER_EXECUTIVO_2012-12-06.md
RJ,Diario Oficial do Estado do Rio de Janeiro,2012-12-06,Parte I (Poder Executivo),nomeacao,RAFAEL BRILHANTE LOUREIRO,,,Secretario,5,Wilson Jose Witzel - Governador,Wilson Jose Witzel,Executivo estadual,sim,BRILHANTE LOUREIRO:PER,sim,,,"NOMEAR RAFAEL BRILHANTE LOUREIRO para exercer, com validade a contar de 02 de outubro de 2012, o cargo em comissão de Assistente II, símbolo DAI-6, da",https://www.ioerj.com.br/portal/modules/conteudoonline/mostra_edicao.php?session=VGtSc1JWSlVZM3BSZWsxMFRucE5NRTE1TURCU2ExWkZURlJzUmxGcVdYUk5hbHBDVVhwTmVsRnFXVE5OTUZWM1RWUmpNMDlVUVRGT2FsRTBUVUU5UFE9PQ==,D:\github\exoneracoes_nomeacoes_dou\LAKE\RJ\2012\12\DOERJ_PARTE_I_PODER_EXECUTIVO_2012-12-06.md
RJ,Diario Oficial do Estado do Rio de Janeiro,2012-12-06,Parte I (Poder Executivo),nomeacao,LIVIA RIBERA SOUZA,,,Secretario,5,Wilson Jose Witzel - Governador,Wilson Jose Witzel,Executivo estadual,sim,LIVIA RIBERA SOUZA:MISC|Livia Ribera Souza:PER,sim,para exercer o cargo em comissão de Assistente II,,"NOMEAR LIVIA RIBERA SOUZA para exercer o cargo em comissão de Assistente II, símbolo DAI-6, da",https://www.ioerj.com.br/portal/modules/conteudoonline/mostra_edicao.php?session=VGtSc1JWSlVZM3BSZWsxMFRucE5NRTE1TURCU2ExWkZURlJzUmxGcVdYUk5hbHBDVVhwTmVsRnFXVE5OTUZWM1RWUmpNMDlVUVRGT2FsRTBUVUU5UFE9PQ==,D:\github\exoneracoes_nomeacoes_dou\LAKE\RJ\2012\12\DOERJ_PARTE_I_PODER_EXECUTIVO_2012-12-06.md
RJ,Diario Oficial do Estado do Rio de Janeiro,2012-12-06,Parte I (Poder Executivo),nomeacao,JOSÉ MAURO LIMA,,,Secretario,5,Wilson Jose Witzel - Governador,Wilson Jose Witzel,Executivo estadual,sim,JOSÉ MAURO LIMA:PER,sim,,da Superintendência Regional Médio Paraíba do Sul,"NOMEAR JOSÉ MAURO LIMA DA SILVA , matrícula nº 390488-5, para exercer, com validade a contar de 05 de novembro de 2012, o cargo em comissão de Chefe de Serviço, símbolo DAI-6, do Serviço de Licenciamento e Fiscalização, da CoordenadoriaTécnica Regional, da Superintendência Regional Médio Paraíba do Sul, da Vice-Presidência, do Instituto Estadual do Ambiente INEA, da",https://www.ioerj.com.br/portal/modules/conteudoonline/mostra_edicao.php?session=VGtSc1JWSlVZM3BSZWsxMFRucE5NRTE1TURCU2ExWkZURlJzUmxGcVdYUk5hbHBDVVhwTmVsRnFXVE5OTUZWM1RWUmpNMDlVUVRGT2FsRTBUVUU5UFE9PQ==,D:\github\exoneracoes_nomeacoes_dou\LAKE\RJ\2012\12\DOERJ_PARTE_I_PODER_EXECUTIVO_2012-12-06.md
RJ,Diario Oficial do Estado do Rio de Janeiro,2012-12-06,Parte I (Poder Executivo),nomeacao,PEDRO HENRIQUE RAMOS PRADO,,,Secretario,5,Wilson Jose Witzel - Governador,Wilson Jose Witzel,Executivo estadual,sim,PEDRO HENRIQUE RAMOS PRADO:PER,sim,,do Instituto Estadual do Ambiente -INEA,"NOMEAR PEDRO HENRIQUE RAMOS PRADO para exercer, com validade a contar de 21 de novembro de 2012, o cargo em comissão de Chefe de Serviço, símbolo DAI-6, do Serviço de Regularização Fundiária, da Coordenadoria de Mecanismos de Proteção a Biodiversidade, da Diretoria de Biodiversidade e Áreas Protegidas, do Instituto Estadual do Ambiente -INEA, da",https://www.ioerj.com.br/portal/modules/conteudoonline/mostra_edicao.php?session=VGtSc1JWSlVZM3BSZWsxMFRucE5NRTE1TURCU2ExWkZURlJzUmxGcVdYUk5hbHBDVVhwTmVsRnFXVE5OTUZWM1RWUmpNMDlVUVRGT2FsRTBUVUU5UFE9PQ==,D:\github\exoneracoes_nomeacoes_dou\LAKE\RJ\2012\12\DOERJ_PARTE_I_PODER_EXECUTIVO_2012-12-06.md
RJ,Diario Oficial do Estado do Rio de Janeiro,2012-12-06,Parte I (Poder Executivo),exoneracao,JOSÉ MAURO LIMA,,,Secretario,5,Wilson Jose Witzel - Governador,Wilson Jose Witzel,Executivo estadual,sim,JOSÉ MAURO LIMA:PER,sim,do cargo em comissão de Assessor III,do Instituto Estadual do Ambiente - INEA,"EXONERAR com validade a contar de 05 de novembro de 2012, JOSÉ MAURO LIMA DA SILVA , matrícula nº 390488-5, do cargo em comissão de Assessor III, símbolo DAI-5, do Instituto Estadual do Ambiente - INEA, da",https://www.ioerj.com.br/portal/modules/conteudoonline/mostra_edicao.php?session=VGtSc1JWSlVZM3BSZWsxMFRucE5NRTE1TURCU2ExWkZURlJzUmxGcVdYUk5hbHBDVVhwTmVsRnFXVE5OTUZWM1RWUmpNMDlVUVRGT2FsRTBUVUU5UFE9PQ==,D:\github\exoneracoes_nomeacoes_dou\LAKE\RJ\2012\12\DOERJ_PARTE_I_PODER_EXECUTIVO_2012-12-06.md
RJ,Diario Oficial do Estado do Rio de Janeiro,2012-12-06,Parte I (Poder Executivo),nomeacao,MARCELO SOARES VELLOSO,,,Secretario,5,Wilson Jose Witzel - Governador,Wilson Jose Witzel,Executivo estadual,sim,MARCELO SOARES VELLOSO:MISC|Marcelo Soares Velloso:PER,sim,,do Instituto Estadual do Ambiente -INEA,"NOMEAR MARCELO SOARES VELLOSO para exercer, com validade a contar de 01 de dezembro de 2012, o cargo em comissão de Adjunto II, símbolo DAI-2, do Instituto Estadual do Ambiente -INEA, da",https://www.ioerj.com.br/portal/modules/conteudoonline/mostra_edicao.php?session=VGtSc1JWSlVZM3BSZWsxMFRucE5NRTE1TURCU2ExWkZURlJzUmxGcVdYUk5hbHBDVVhwTmVsRnFXVE5OTUZWM1RWUmpNMDlVUVRGT2FsRTBUVUU5UFE9PQ==,D:\github\exoneracoes_nomeacoes_dou\LAKE\RJ\2012\12\DOERJ_PARTE_I_PODER_EXECUTIVO_2012-12-06.md
RJ,Diario Oficial do Estado do Rio de Janeiro,2012-12-06,Parte I (Poder Executivo),nomeacao,BRENO MAURÍCIO PANTOJA DA SILVA,,,Secretario,5,Wilson Jose Witzel - Governador,Wilson Jose Witzel,Executivo estadual,sim,BRENO MAURÍCIO PANTOJA DA SILVA:PER,sim,,do Instituto Estadual do Ambiente - INEA,"NOMEAR BRENO MAURÍCIO PANTOJA DA SILVA para exercer, com validade a contar de 01 de dezembro de 2012, o cargo em comissão de Adjunto II, símbolo DAI-2, do Instituto Estadual do Ambiente - INEA, da",https://www.ioerj.com.br/portal/modules/conteudoonline/mostra_edicao.php?session=VGtSc1JWSlVZM3BSZWsxMFRucE5NRTE1TURCU2ExWkZURlJzUmxGcVdYUk5hbHBDVVhwTmVsRnFXVE5OTUZWM1RWUmpNMDlVUVRGT2FsRTBUVUU5UFE9PQ==,D:\github\exoneracoes_nomeacoes_dou\LAKE\RJ\2012\12\DOERJ_PARTE_I_PODER_EXECUTIVO_2012-12-06.md
RJ,Diario Oficial do Estado do Rio de Janeiro,2012-12-06,Parte I (Poder Executivo),nomeacao,TATIANA FARIA PEREIRA,,,Secretario,5,Wilson Jose Witzel - Governador,Wilson Jose Witzel,Executivo estadual,sim,TATIANA FARIA PEREIRA:PER,sim,,do Instituto Estadual do Ambiente - INEA,"NOMEAR TATIANA FARIA PEREIRA para exercer, com validade a contar de 01 de dezembro de 2012, o cargo em comissão de Adjunto II, símbolo DAI-2, do Instituto Estadual do Ambiente - INEA, da",https://www.ioerj.com.br/portal/modules/conteudoonline/mostra_edicao.php?session=VGtSc1JWSlVZM3BSZWsxMFRucE5NRTE1TURCU2ExWkZURlJzUmxGcVdYUk5hbHBDVVhwTmVsRnFXVE5OTUZWM1RWUmpNMDlVUVRGT2FsRTBUVUU5UFE9PQ==,D:\github\exoneracoes_nomeacoes_dou\LAKE\RJ\2012\12\DOERJ_PARTE_I_PODER_EXECUTIVO_2012-12-06.md
RJ,Diario Oficial do Estado do Rio de Janeiro,2012-12-06,Parte I (Poder Executivo),nomeacao,PEDRO DE SOUZA GARRIDO NETO,,,Secretario,5,Wilson Jose Witzel - Governador,Wilson Jose Witzel,Executivo estadual,sim,PEDRO:MISC|Pedro De Souza Garrido Neto:PER,sim,,do Instituto Estadual do Ambiente -INEA,"NOMEAR PEDRO DE SOUZA GARRIDO NETO para exercer, com validade a contar de 15 de novembro de 2012, o cargo em comissão de Adjunto II, símbolo DAI-2, do Instituto Estadual do Ambiente -INEA, da",https://www.ioerj.com.br/portal/modules/conteudoonline/mostra_edicao.php?session=VGtSc1JWSlVZM3BSZWsxMFRucE5NRTE1TURCU2ExWkZURlJzUmxGcVdYUk5hbHBDVVhwTmVsRnFXVE5OTUZWM1RWUmpNMDlVUVRGT2FsRTBUVUU5UFE9PQ==,D:\github\exoneracoes_nomeacoes_dou\LAKE\RJ\2012\12\DOERJ_PARTE_I_PODER_EXECUTIVO_2012-12-06.md
RJ,Diario Oficial do Estado do Rio de Janeiro,2012-12-06,Parte I (Poder Executivo),nomeacao,MARIO BRUNO DE OLIVEIRA FIRMO,,,Secretario,5,Wilson Jose Witzel - Governador,Wilson Jose Witzel,Executivo estadual,sim,MARIO BRUNO:MISC|OLIVEIRA FIRMO:ORG|Mario Bruno De Oliveira Firmo:PER,sim,para exercer o cargo em comissão de Diretor de Divisão,do Departamento de Administração Financeira,"NOMEAR MARIO BRUNO DE OLIVEIRA FIRMO para exercer o cargo em comissão de Diretor de Divisão, símbolo DAS-6, da Divisão de Administração Financeira, do Departamento de Administração Financeira, do Departamento Geral de Administração e Finanças, da",https://www.ioerj.com.br/portal/modules/conteudoonline/mostra_edicao.php?session=VGtSc1JWSlVZM3BSZWsxMFRucE5NRTE1TURCU2ExWkZURlJzUmxGcVdYUk5hbHBDVVhwTmVsRnFXVE5OTUZWM1RWUmpNMDlVUVRGT2FsRTBUVUU5UFE9PQ==,D:\github\exoneracoes_nomeacoes_dou\LAKE\RJ\2012\12\DOERJ_PARTE_I_PODER_EXECUTIVO_2012-12-06.md
RJ,Diario Oficial do Estado do Rio de Janeiro,2012-12-06,Parte I (Poder Executivo),exoneracao,MARCO ANTONIO,,,Secretario,5,Wilson Jose Witzel - Governador,Wilson Jose Witzel,Executivo estadual,sim,MARCO ANTONIO:PER,sim,do cargo em comissão de Assessor,,"EXONERAR com validade a contar de 01 de novembro de 2012, MARCO ANTONIO DA SILVA , matrícula nº 972473-3, do cargo em comissão de Assessor, símbolo DAS-7, da",https://www.ioerj.com.br/portal/modules/conteudoonline/mostra_edicao.php?session=VGtSc1JWSlVZM3BSZWsxMFRucE5NRTE1TURCU2ExWkZURlJzUmxGcVdYUk5hbHBDVVhwTmVsRnFXVE5OTUZWM1RWUmpNMDlVUVRGT2FsRTBUVUU5UFE9PQ==,D:\github\exoneracoes_nomeacoes_dou\LAKE\RJ\2012\12\DOERJ_PARTE_I_PODER_EXECUTIVO_2012-12-06.md
RJ,Diario Oficial do Estado do Rio de Janeiro,2012-12-06,Parte I (Poder Executivo),nomeacao,JOÃO BATISTA MÔNICA MATTOS,,,Secretario,5,Wilson Jose Witzel - Governador,Wilson Jose Witzel,Executivo estadual,sim,JOÃO BATISTA MÔNICA MATTOS:PER,sim,,,"NOMEAR JOÃO BATISTA MÔNICA MATTOS para exercer, com validade a contar de 01 de novembro de 2012, o cargo em comissão de Assessor, símbolo DAS-7, da",https://www.ioerj.com.br/portal/modules/conteudoonline/mostra_edicao.php?session=VGtSc1JWSlVZM3BSZWsxMFRucE5NRTE1TURCU2ExWkZURlJzUmxGcVdYUk5hbHBDVVhwTmVsRnFXVE5OTUZWM1RWUmpNMDlVUVRGT2FsRTBUVUU5UFE9PQ==,D:\github\exoneracoes_nomeacoes_dou\LAKE\RJ\2012\12\DOERJ_PARTE_I_PODER_EXECUTIVO_2012-12-06.md
RJ,Diario Oficial do Estado do Rio de Janeiro,2012-12-06,Parte I (Poder Executivo),nomeacao,OSWALDO DA SILVA JUNIOR,,,Secretario,5,Wilson Jose Witzel - Governador,Wilson Jose Witzel,Executivo estadual,sim,OSWALDO DA SILVA JUNIOR:MISC|Oswaldo Da Silva Junior:PER,sim,,,"NOMEAR OSWALDO DA SILVA JUNIOR para exercer, com validade a contar de 01 de novembro de 2012, o cargo em comissão de Ajudante I, símbolo DAI-1, da",https://www.ioerj.com.br/portal/modules/conteudoonline/mostra_edicao.php?session=VGtSc1JWSlVZM3BSZWsxMFRucE5NRTE1TURCU2ExWkZURlJzUmxGcVdYUk5hbHBDVVhwTmVsRnFXVE5OTUZWM1RWUmpNMDlVUVRGT2FsRTBUVUU5UFE9PQ==,D:\github\exoneracoes_nomeacoes_dou\LAKE\RJ\2012\12\DOERJ_PARTE_I_PODER_EXECUTIVO_2012-12-06.md
RJ,Diario Oficial do Estado do Rio de Janeiro,2012-12-06,Parte I (Poder Executivo),exoneracao,PAULO CESAR MEDEIROS,4385005-7,,Secretario,5,Wilson Jose Witzel - Governador,Wilson Jose Witzel,Executivo estadual,sim,PAULO CESAR:PER,sim,do cargo em comissão de Ajudante I,,"EXONERAR com validade a contar de 01 de novembro de 2012, PAULO CESAR MEDEIROS DO NASCIMENTO , ID Funcional nº 4385005-7, do cargo em comissão de Ajudante I, símbolo DAI-1, da",https://www.ioerj.com.br/portal/modules/conteudoonline/mostra_edicao.php?session=VGtSc1JWSlVZM3BSZWsxMFRucE5NRTE1TURCU2ExWkZURlJzUmxGcVdYUk5hbHBDVVhwTmVsRnFXVE5OTUZWM1RWUmpNMDlVUVRGT2FsRTBUVUU5UFE9PQ==,D:\github\exoneracoes_nomeacoes_dou\LAKE\RJ\2012\12\DOERJ_PARTE_I_PODER_EXECUTIVO_2012-12-06.md
RJ,Diario Oficial do Estado do Rio de Janeiro,2012-12-06,Parte I (Poder Executivo),exoneracao,MARCELO PEREIRA DA MATA,,,Secretario,5,Wilson Jose Witzel - Governador,Wilson Jose Witzel,Executivo estadual,sim,MARCELO PEREIRA:MISC|Marcelo Pereira:PER,sim,do cargo em comissão de Ajudante I,,"EXONERAR com validade a contar de 01 de novembro de 2012, MARCELO PEREIRA DA MATA do cargo em comissão de Ajudante I, símbolo DAI-1, da",https://www.ioerj.com.br/portal/modules/conteudoonline/mostra_edicao.php?session=VGtSc1JWSlVZM3BSZWsxMFRucE5NRTE1TURCU2ExWkZURlJzUmxGcVdYUk5hbHBDVVhwTmVsRnFXVE5OTUZWM1RWUmpNMDlVUVRGT2FsRTBUVUU5UFE9PQ==,D:\github\exoneracoes_nomeacoes_dou\LAKE\RJ\2012\12\DOERJ_PARTE_I_PODER_EXECUTIVO_2012-12-06.md
RJ,Diario Oficial do Estado do Rio de Janeiro,2012-12-06,Parte I (Poder Executivo),nomeacao,RICARDO GUIMARÃES MULLER,,,Secretario,5,Wilson Jose Witzel - Governador,Wilson Jose Witzel,Executivo estadual,sim,RICARDO GUIMARÃES MULLER:MISC|Ricardo Guimarães Muller:PER,sim,,,"NOMEAR RICARDO GUIMARÃES MULLER para exercer, com validade a contar de 23 de novembro de 2012, o cargo em comissão de Ajudante I, símbolo DAI-1, da",https://www.ioerj.com.br/portal/modules/conteudoonline/mostra_edicao.php?session=VGtSc1JWSlVZM3BSZWsxMFRucE5NRTE1TURCU2ExWkZURlJzUmxGcVdYUk5hbHBDVVhwTmVsRnFXVE5OTUZWM1RWUmpNMDlVUVRGT2FsRTBUVUU5UFE9PQ==,D:\github\exoneracoes_nomeacoes_dou\LAKE\RJ\2012\12\DOERJ_PARTE_I_PODER_EXECUTIVO_2012-12-06.md
RJ,Diario Oficial do Estado do Rio de Janeiro,2012-12-06,Parte I (Poder Executivo),nomeacao,ANA BEATRIZ NAVARRO DE A. AMARAL,,,Secretario,5,Wilson Jose Witzel - Governador,Wilson Jose Witzel,Executivo estadual,sim,A. AMARAL:PER,sim,,,"NOMEAR ANA BEATRIZ NAVARRO DE A. AMARAL para exercer, com validade a contar de 23 de novembro de 2012, o cargo em comissão de Ajudante I, símbolo DAI-1, da",https://www.ioerj.com.br/portal/modules/conteudoonline/mostra_edicao.php?session=VGtSc1JWSlVZM3BSZWsxMFRucE5NRTE1TURCU2ExWkZURlJzUmxGcVdYUk5hbHBDVVhwTmVsRnFXVE5OTUZWM1RWUmpNMDlVUVRGT2FsRTBUVUU5UFE9PQ==,D:\github\exoneracoes_nomeacoes_dou\LAKE\RJ\2012\12\DOERJ_PARTE_I_PODER_EXECUTIVO_2012-12-06.md
RJ,Diario Oficial do Estado do Rio de Janeiro,2012-12-06,Parte I (Poder Executivo),nomeacao,BARBARA MARIA ALVES,,,Secretario,5,Wilson Jose Witzel - Governador,Wilson Jose Witzel,Executivo estadual,sim,BARBARA MARIA ALVES:PER,sim,,,"NOMEAR BARBARA MARIA ALVES para exercer, com validade a contar de 03 de dezembro de 2012, o cargo em comissão de Assistente II, símbolo DAI-6, da Coordenação Geral de Controle e Concessão de Vale Social, da",https://www.ioerj.com.br/portal/modules/conteudoonline/mostra_edicao.php?session=VGtSc1JWSlVZM3BSZWsxMFRucE5NRTE1TURCU2ExWkZURlJzUmxGcVdYUk5hbHBDVVhwTmVsRnFXVE5OTUZWM1RWUmpNMDlVUVRGT2FsRTBUVUU5UFE9PQ==,D:\github\exoneracoes_nomeacoes_dou\LAKE\RJ\2012\12\DOERJ_PARTE_I_PODER_EXECUTIVO_2012-12-06.md
RJ,Diario Oficial do Estado do Rio de Janeiro,2012-12-06,Parte I (Poder Executivo),nomeacao,FREDERICO PANTOLA CARVALHO DE OLIVEIRA,,,Secretario,5,Wilson Jose Witzel - Governador,Wilson Jose Witzel,Executivo estadual,sim,OLIVEIRA:ORG|Frederico Pantola Carvalho De Oliveira:PER,sim,para exercer o cargo em comissão de Chefe de Serviço,do Departamento de Transportes Rodoviários do Estado do Rio de Janeiro - DETRO/RJ,"NOMEAR FREDERICO PANTOLA CARVALHO DE OLIVEIRA para exercer o cargo em comissão de Chefe de Serviço, símbolo DAI-6, do Serviço de Emissão de Certificado de Autorização de Tráfego, da Coordenadoria de Vistoria, da Diretoria Técnico-Operacional, do Departamento de Transportes Rodoviários do Estado do Rio de Janeiro - DETRO/RJ, da",https://www.ioerj.com.br/portal/modules/conteudoonline/mostra_edicao.php?session=VGtSc1JWSlVZM3BSZWsxMFRucE5NRTE1TURCU2ExWkZURlJzUmxGcVdYUk5hbHBDVVhwTmVsRnFXVE5OTUZWM1RWUmpNMDlVUVRGT2FsRTBUVUU5UFE9PQ==,D:\github\exoneracoes_nomeacoes_dou\LAKE\RJ\2012\12\DOERJ_PARTE_I_PODER_EXECUTIVO_2012-12-06.md
RJ,Diario Oficial do Estado do Rio de Janeiro,2012-12-06,Parte I (Poder Executivo),exoneracao,ROGÉRIO LUIZ RIBEIRO TEIXEIRA,,ROGÉRIO LUIZ RIBEIRO TEIXEIRA DO CARGO EM COMISSÃO DE,Secretario,5,Wilson Jose Witzel - Governador,Wilson Jose Witzel,Executivo estadual,sim,ROGÉRIO LUIZ RIBEIRO TEIXEIRA:PER,sim,do cargo em comissão de Secretário,,"EXONERAR com validade a contar de 03 de dezembro de 2012, ROGÉRIO LUIZ RIBEIRO TEIXEIRA do cargo em comissão de Secretário, símbolo DAI-5, da",https://www.ioerj.com.br/portal/modules/conteudoonline/mostra_edicao.php?session=VGtSc1JWSlVZM3BSZWsxMFRucE5NRTE1TURCU2ExWkZURlJzUmxGcVdYUk5hbHBDVVhwTmVsRnFXVE5OTUZWM1RWUmpNMDlVUVRGT2FsRTBUVUU5UFE9PQ==,D:\github\exoneracoes_nomeacoes_dou\LAKE\RJ\2012\12\DOERJ_PARTE_I_PODER_EXECUTIVO_2012-12-06.md
RJ,Diario Oficial do Estado do Rio de Janeiro,2012-12-06,Parte I (Poder Executivo),nomeacao,RENATO CORREIA DE MEDEIROS,,,Secretario,5,Wilson Jose Witzel - Governador,Wilson Jose Witzel,Executivo estadual,sim,RENATO CORREIA:PER,sim,,do Instituto Estadual do Ambiente -INEA,"NOMEAR RENATO CORREIA DE MEDEIROS para exercer, com validade a contar de 01 de dezembro de 2012, o cargo em comissão de Assessor I, símbolo DAS-8, do Instituto Estadual do Ambiente -INEA, da",https://www.ioerj.com.br/portal/modules/conteudoonline/mostra_edicao.php?session=VGtSc1JWSlVZM3BSZWsxMFRucE5NRTE1TURCU2ExWkZURlJzUmxGcVdYUk5hbHBDVVhwTmVsRnFXVE5OTUZWM1RWUmpNMDlVUVRGT2FsRTBUVUU5UFE9PQ==,D:\github\exoneracoes_nomeacoes_dou\LAKE\RJ\2012\12\DOERJ_PARTE_I_PODER_EXECUTIVO_2012-12-06.md
RJ,Diario Oficial do Estado do Rio de Janeiro,2012-12-06,Parte I (Poder Executivo),nomeacao,MARIA MARTA PEIXOTO SIMÕES,,,Secretario,5,Wilson Jose Witzel - Governador,Wilson Jose Witzel,Executivo estadual,sim,MARIA MARTA:MISC|Maria Marta Peixoto Simões:PER,sim,,do Instituto Estadual do Ambiente - INEA,"NOMEAR MARIA MARTA PEIXOTO SIMÕES para exercer, com validade a contar de 01 de dezembro de 2012, o cargo em comissão de Coordenador, símbolo DAS-8, da Coordenadoria de Comunicação, da Presidência, do Instituto Estadual do Ambiente - INEA, da",https://www.ioerj.com.br/portal/modules/conteudoonline/mostra_edicao.php?session=VGtSc1JWSlVZM3BSZWsxMFRucE5NRTE1TURCU2ExWkZURlJzUmxGcVdYUk5hbHBDVVhwTmVsRnFXVE5OTUZWM1RWUmpNMDlVUVRGT2FsRTBUVUU5UFE9PQ==,D:\github\exoneracoes_nomeacoes_dou\LAKE\RJ\2012\12\DOERJ_PARTE_I_PODER_EXECUTIVO_2012-12-06.md
RJ,Diario Oficial do Estado do Rio de Janeiro,2012-12-06,Parte I (Poder Executivo),exoneracao,ERICK FERREIRA,4414844-5,,Secretario,5,Wilson Jose Witzel - Governador,Wilson Jose Witzel,Executivo estadual,sim,ERICK FERREIRA:ORG|Erick Ferreira:PER,sim,do cargo em comissão de Secretário I,,"EXONERAR a pedido e com validade a contar de 01 de dezembro de 2012, ERICK FERREIRA DA SILVA , ID Funcional nº 4414844-5, do cargo em comissão de Secretário I, símbolo DAI-4, da",https://www.ioerj.com.br/portal/modules/conteudoonline/mostra_edicao.php?session=VGtSc1JWSlVZM3BSZWsxMFRucE5NRTE1TURCU2ExWkZURlJzUmxGcVdYUk5hbHBDVVhwTmVsRnFXVE5OTUZWM1RWUmpNMDlVUVRGT2FsRTBUVUU5UFE9PQ==,D:\github\exoneracoes_nomeacoes_dou\LAKE\RJ\2012\12\DOERJ_PARTE_I_PODER_EXECUTIVO_2012-12-06.md
RJ,Diario Oficial do Estado do Rio de Janeiro,2012-12-06,Parte I (Poder Executivo),nomeacao,ULISSES DE ALMEIDA MARINS,,,Secretario,5,Wilson Jose Witzel - Governador,Wilson Jose Witzel,Executivo estadual,sim,ULISSES DE ALMEIDA MARINS:PER,sim,para exercer o cargo em comissão de Assessor-Chefe,,"NOMEAR ULISSES DE ALMEIDA MARINS para exercer o cargo em comissão de Assessor-Chefe, símbolo DAS-8, do Centro Comunitário de Defesa da Cidadania - Parada de Lucas/Vigário Geral, da Coordenadoria dos Centros Comunitários de Defesa da Cidadania -CCDCs, da",https://www.ioerj.com.br/portal/modules/conteudoonline/mostra_edicao.php?session=VGtSc1JWSlVZM3BSZWsxMFRucE5NRTE1TURCU2ExWkZURlJzUmxGcVdYUk5hbHBDVVhwTmVsRnFXVE5OTUZWM1RWUmpNMDlVUVRGT2FsRTBUVUU5UFE9PQ==,D:\github\exoneracoes_nomeacoes_dou\LAKE\RJ\2012\12\DOERJ_PARTE_I_PODER_EXECUTIVO_2012-12-06.md
RJ,Diario Oficial do Estado do Rio de Janeiro,2012-12-06,Parte I (Poder Executivo),nomeacao,ADEMAR CRUZ FILHO,,,Secretario,5,Wilson Jose Witzel - Governador,Wilson Jose Witzel,Executivo estadual,sim,ADEMAR CRUZ FILHO:MISC|Ademar Cruz Filho:PER,sim,para exercer o cargo em comissão de Assistente,,"NOMEAR ADEMAR CRUZ FILHO para exercer o cargo em comissão de Assistente, símbolo DAS-6, do Centro Comunitário de Defesa da Cidadania - Parada de Lucas/Vigário Geral, da Coordenadoria dos Centros Comunitários de Defesa da Cidadania - CCDCs, da",https://www.ioerj.com.br/portal/modules/conteudoonline/mostra_edicao.php?session=VGtSc1JWSlVZM3BSZWsxMFRucE5NRTE1TURCU2ExWkZURlJzUmxGcVdYUk5hbHBDVVhwTmVsRnFXVE5OTUZWM1RWUmpNMDlVUVRGT2FsRTBUVUU5UFE9PQ==,D:\github\exoneracoes_nomeacoes_dou\LAKE\RJ\2012\12\DOERJ_PARTE_I_PODER_EXECUTIVO_2012-12-06.md
RJ,Diario Oficial do Estado do Rio de Janeiro,2012-12-05,Parte I (Poder Executivo),nomeacao,FELIPE DOS SANTOS PEIXOTO,,,Governador,1,Wilson Jose Witzel - Governador,Wilson Jose Witzel,Executivo estadual,sim,FELIPE DOS SANTOS PEIXOTO:MISC|Felipe Dos Santos Peixoto:PER,sim,para exercer o cargo em comissão de Secretário de Estado,,"NOMEAR FELIPE DOS SANTOS PEIXOTO para exercer o cargo em comissão de Secretário de Estado, símbolo SE, da",https://www.ioerj.com.br/portal/modules/conteudoonline/mostra_edicao.php?session=VFZSYVJrOVVTa1ZPVkZGMFRWUldRbEpETURCUlZGcENURlJvUjAxVVRYUk9SRkpDVVhwc1IwOVZXa05TUlVwQ1RWUmpNMDlVUVRGT2FtdDVUa0U5UFE9PQ==,D:\github\exoneracoes_nomeacoes_dou\LAKE\RJ\2012\12\DOERJ_PARTE_I_PODER_EXECUTIVO_2012-12-05.md
RJ,Diario Oficial do Estado do Rio de Janeiro,2012-12-05,Parte I (Poder Executivo),nomeacao,CAIO VICTOR DE CARVALHO MARTINS LAGE,,,Secretario,5,Wilson Jose Witzel - Governador,Wilson Jose Witzel,Executivo estadual,sim,CAIO VICTOR DE CARVALHO MARTINS:MISC|Caio Victor De Carvalho Martins Lage:PER,sim,,,"NOMEAR CAIO VICTOR DE CARVALHO MARTINS LAGE para exercer, com validade a contar de 03 de dezembro de 2012, o cargo em comissão de Assistente II, símbolo DAI-6, da",https://www.ioerj.com.br/portal/modules/conteudoonline/mostra_edicao.php?session=VFZSYVJrOVVTa1ZPVkZGMFRWUldRbEpETURCUlZGcENURlJvUjAxVVRYUk9SRkpDVVhwc1IwOVZXa05TUlVwQ1RWUmpNMDlVUVRGT2FtdDVUa0U5UFE9PQ==,D:\github\exoneracoes_nomeacoes_dou\LAKE\RJ\2012\12\DOERJ_PARTE_I_PODER_EXECUTIVO_2012-12-05.md
RJ,Diario Oficial do Estado do Rio de Janeiro,2012-12-04,Parte I (Poder Executivo),exoneracao,CAMILLA DA SILVA MESQUITA,4416096-8,,Governador,1,Wilson Jose Witzel - Governador,Wilson Jose Witzel,Executivo estadual,sim,CAMILLA DA SILVA MESQUITA:PER,sim,do cargo em comissão de Assistente II,da Subsecretaria de Infraestrutura e Tecnologia,"EXONERAR com validade a contar de 01 de dezembro de 2012, CAMILLA DA SILVA MESQUITA, ID Funcional nº 4416096-8, do cargo em comissão de Assistente II, símbolo DAI-6, da Coordenação de Transportes, da Subsecretaria de Infraestrutura e Tecnologia, da",https://www.ioerj.com.br/portal/modules/conteudoonline/mostra_edicao.php?session=VDBSUmVFNHdXa1ZPYTFWMFRqQkZNMUZUTURCT1ZFRXpURlJyTUZKRVZYUk9SVkV3VVdwYVJVNVVXVFZPYTFFelRWUmpNMDlVUVRGT2VsRjRUVkU5UFE9PQ==,D:\github\exoneracoes_nomeacoes_dou\LAKE\RJ\2012\12\DOERJ_PARTE_I_PODER_EXECUTIVO_2012-12-04.md
RJ,Diario Oficial do Estado do Rio de Janeiro,2012-12-04,Parte I (Poder Executivo),exoneracao,ELIZABETH MAULLER BARCELLOS MIRANDA,4329638-6,,Governador,1,Wilson Jose Witzel - Governador,Wilson Jose Witzel,Executivo estadual,sim,BARCELLOS:PER,sim,do cargo em comissão de Coordenador de Coordenação,,"EXONERAR com validade a contar de 01 de dezembro de 2012, ELIZABETH MAULLER BARCELLOS MIRANDA, ID Funcional nº 4329638-6, do cargo em comissão de Coordenador de Coordenação, símbolo DAS-7 (objeto de transformação estabelecida pelo",https://www.ioerj.com.br/portal/modules/conteudoonline/mostra_edicao.php?session=VDBSUmVFNHdXa1ZPYTFWMFRqQkZNMUZUTURCT1ZFRXpURlJyTUZKRVZYUk9SVkV3VVdwYVJVNVVXVFZPYTFFelRWUmpNMDlVUVRGT2VsRjRUVkU5UFE9PQ==,D:\github\exoneracoes_nomeacoes_dou\LAKE\RJ\2012\12\DOERJ_PARTE_I_PODER_EXECUTIVO_2012-12-04.md
RJ,Diario Oficial do Estado do Rio de Janeiro,2012-12-04,Parte I (Poder Executivo),exoneracao,ANA PAULA QUEIROZ DOS SANTOS,4330706-0,,Governador,1,Wilson Jose Witzel - Governador,Wilson Jose Witzel,Executivo estadual,sim,ANA PAULA QUEIROZ DOS SANTOS:PER,sim,do cargo em comissão de Assistente II,da Superintendência Técnica Administrativa,"EXONERAR com validade a contar de 01 de dezembro de 2012, ANA PAULA QUEIROZ DOS SANTOS, ID Funcional nº 4330706-0, do cargo em comissão de Assistente II, símbolo DAI-6, da Superintendência Técnica Administrativa, da Subsecretaria Executiva, da",https://www.ioerj.com.br/portal/modules/conteudoonline/mostra_edicao.php?session=VDBSUmVFNHdXa1ZPYTFWMFRqQkZNMUZUTURCT1ZFRXpURlJyTUZKRVZYUk9SVkV3VVdwYVJVNVVXVFZPYTFFelRWUmpNMDlVUVRGT2VsRjRUVkU5UFE9PQ==,D:\github\exoneracoes_nomeacoes_dou\LAKE\RJ\2012\12\DOERJ_PARTE_I_PODER_EXECUTIVO_2012-12-04.md
RJ,Diario Oficial do Estado do Rio de Janeiro,2012-12-04,Parte I (Poder Executivo),nomeacao,JOSIEL BENTO DOS SANTOS,,,Governador,1,Wilson Jose Witzel - Governador,Wilson Jose Witzel,Executivo estadual,sim,JOSIEL BENTO DOS SANTOS:MISC|Josiel Bento Dos Santos:PER,sim,,,"NOMEAR JOSIEL BENTO DOS SANTOS para exercer, com validade a contar de 01 de dezembro de 2012, o cargo em comissão de Assistente II, símbolo DAI-6 (objeto de transferência estabelecida pelo",https://www.ioerj.com.br/portal/modules/conteudoonline/mostra_edicao.php?session=VDBSUmVFNHdXa1ZPYTFWMFRqQkZNMUZUTURCT1ZFRXpURlJyTUZKRVZYUk9SVkV3VVdwYVJVNVVXVFZPYTFFelRWUmpNMDlVUVRGT2VsRjRUVkU5UFE9PQ==,D:\github\exoneracoes_nomeacoes_dou\LAKE\RJ\2012\12\DOERJ_PARTE_I_PODER_EXECUTIVO_2012-12-04.md
RJ,Diario Oficial do Estado do Rio de Janeiro,2012-12-04,Parte I (Poder Executivo),nomeacao,IVETE BORGES DIAS,,,Governador,1,Wilson Jose Witzel - Governador,Wilson Jose Witzel,Executivo estadual,sim,IVETE BORGES:PER,sim,,da Superintendência de Infraestrutura,"NOMEAR IVETE BORGES DIAS para exercer, com validade a contar de 01 de dezembro de 2012, o cargo em comissão de Assistente II, símbolo DAI-6, da Superintendência de Infraestrutura, da Subsecretaria de Infraestrutura e Tecnologia, da",https://www.ioerj.com.br/portal/modules/conteudoonline/mostra_edicao.php?session=VDBSUmVFNHdXa1ZPYTFWMFRqQkZNMUZUTURCT1ZFRXpURlJyTUZKRVZYUk9SVkV3VVdwYVJVNVVXVFZPYTFFelRWUmpNMDlVUVRGT2VsRjRUVkU5UFE9PQ==,D:\github\exoneracoes_nomeacoes_dou\LAKE\RJ\2012\12\DOERJ_PARTE_I_PODER_EXECUTIVO_2012-12-04.md
RJ,Diario Oficial do Estado do Rio de Janeiro,2012-12-04,Parte I (Poder Executivo),nomeacao,JEFERSON DOS SANTOS BARBOZA,,,Governador,1,Wilson Jose Witzel - Governador,Wilson Jose Witzel,Executivo estadual,sim,JEFERSON DOS:PER,sim,,da Superintendência de Orçamento e Finanças,"NOMEAR JEFERSON DOS SANTOS BARBOZA para exercer, com validade a contar de 01 de dezembro de 2012, o cargo em comissão de Assistente II, símbolo DAI-6, da Divisão de Apoio Administrativo, da Superintendência de Orçamento e Finanças, da Subsecretaria Executiva, da",https://www.ioerj.com.br/portal/modules/conteudoonline/mostra_edicao.php?session=VDBSUmVFNHdXa1ZPYTFWMFRqQkZNMUZUTURCT1ZFRXpURlJyTUZKRVZYUk9SVkV3VVdwYVJVNVVXVFZPYTFFelRWUmpNMDlVUVRGT2VsRjRUVkU5UFE9PQ==,D:\github\exoneracoes_nomeacoes_dou\LAKE\RJ\2012\12\DOERJ_PARTE_I_PODER_EXECUTIVO_2012-12-04.md
RJ,Diario Oficial do Estado do Rio de Janeiro,2012-12-04,Parte I (Poder Executivo),nomeacao,SÉRGIO PEREIRA,43307060,,Governador,1,Wilson Jose Witzel - Governador,Wilson Jose Witzel,Executivo estadual,sim,SÉRGIO PEREIRA:MISC|Sérgio Pereira:PER,sim,,,"NOMEAR SÉRGIO PEREIRA DA CUNHA , ID Funcional nº 43307060, para exercer, com validade a contar de 01 de dezembro de 2012, o cargo em comissão de Assistente, símbolo DAS-6 (objeto de transferência estabelecida pelo",https://www.ioerj.com.br/portal/modules/conteudoonline/mostra_edicao.php?session=VDBSUmVFNHdXa1ZPYTFWMFRqQkZNMUZUTURCT1ZFRXpURlJyTUZKRVZYUk9SVkV3VVdwYVJVNVVXVFZPYTFFelRWUmpNMDlVUVRGT2VsRjRUVkU5UFE9PQ==,D:\github\exoneracoes_nomeacoes_dou\LAKE\RJ\2012\12\DOERJ_PARTE_I_PODER_EXECUTIVO_2012-12-04.md
RJ,Diario Oficial do Estado do Rio de Janeiro,2012-12-04,Parte I (Poder Executivo),nomeacao,MANUEL ALAN DE JESUS DA SILVA,,,Governador,1,Wilson Jose Witzel - Governador,Wilson Jose Witzel,Executivo estadual,sim,MANUEL ALAN DE JESUS DA SILVA:MISC|Manuel Alan De Jesus Da Silva:PER,sim,,da Superintendência Técnica Administrativa,"NOMEAR MANUEL ALAN DE JESUS DA SILVA para exercer, com validade a contar de 01 de dezembro de 2012, o cargo em comissão de Assistente II, símbolo DAI-6, Divisão de Apoio Administrativo, da Superintendência Técnica Administrativa, da Subsecretaria Executiva, da",https://www.ioerj.com.br/portal/modules/conteudoonline/mostra_edicao.php?session=VDBSUmVFNHdXa1ZPYTFWMFRqQkZNMUZUTURCT1ZFRXpURlJyTUZKRVZYUk9SVkV3VVdwYVJVNVVXVFZPYTFFelRWUmpNMDlVUVRGT2VsRjRUVkU5UFE9PQ==,D:\github\exoneracoes_nomeacoes_dou\LAKE\RJ\2012\12\DOERJ_PARTE_I_PODER_EXECUTIVO_2012-12-04.md
RJ,Diario Oficial do Estado do Rio de Janeiro,2012-12-04,Parte I (Poder Executivo),nomeacao,WAGNER LOURENÇO DA SILVA,,,Governador,1,Wilson Jose Witzel - Governador,Wilson Jose Witzel,Executivo estadual,sim,LOURENÇO DA SILVA:PER,sim,,da Superintendência Técnica Administrativa,"NOMEAR WAGNER LOURENÇO DA SILVA para exercer, com validade a contar de 01 de dezembro de 2012, o cargo em comissão de Assistente II, símbolo DAI-6, da Coordenação de Documentação e Arquivo, da Diretoria de Documentação e Protocolo, da Superintendência Técnica Administrativa, da Subsecretaria Executiva, da",https://www.ioerj.com.br/portal/modules/conteudoonline/mostra_edicao.php?session=VDBSUmVFNHdXa1ZPYTFWMFRqQkZNMUZUTURCT1ZFRXpURlJyTUZKRVZYUk9SVkV3VVdwYVJVNVVXVFZPYTFFelRWUmpNMDlVUVRGT2VsRjRUVkU5UFE9PQ==,D:\github\exoneracoes_nomeacoes_dou\LAKE\RJ\2012\12\DOERJ_PARTE_I_PODER_EXECUTIVO_2012-12-04.md
RJ,Diario Oficial do Estado do Rio de Janeiro,2012-12-04,Parte I (Poder Executivo),nomeacao,DULCE AVELAR ANDRADE,,,Governador,1,Wilson Jose Witzel - Governador,Wilson Jose Witzel,Executivo estadual,sim,Dulce Avelar Andrade:PER,sim,,da Superintendência Técnica Administrativa,"NOMEAR DULCE AVELAR ANDRADE para exercer, com validade a contar de 01 de dezembro de 2012, o cargo em comissão de Assistente II, símbolo DAI-6, da Coordenação de Documentação e Arquivo, da Diretoria de Documentação e Protocolo, da Superintendência Técnica Administrativa, da Subsecretaria Executiva, da",https://www.ioerj.com.br/portal/modules/conteudoonline/mostra_edicao.php?session=VDBSUmVFNHdXa1ZPYTFWMFRqQkZNMUZUTURCT1ZFRXpURlJyTUZKRVZYUk9SVkV3VVdwYVJVNVVXVFZPYTFFelRWUmpNMDlVUVRGT2VsRjRUVkU5UFE9PQ==,D:\github\exoneracoes_nomeacoes_dou\LAKE\RJ\2012\12\DOERJ_PARTE_I_PODER_EXECUTIVO_2012-12-04.md
RJ,Diario Oficial do Estado do Rio de Janeiro,2012-12-04,Parte I (Poder Executivo),nomeacao,RODRIGO DOS SANTOS DE LIMA,,,Governador,1,Wilson Jose Witzel - Governador,Wilson Jose Witzel,Executivo estadual,sim,RODRIGO DOS SANTOS:MISC|Rodrigo Dos Santos De Lima:PER,sim,,da Superintendência Técnica Administrativa,"NOMEAR RODRIGO DOS SANTOS DE LIMA para exercer, com validade a contar de 01 de dezembro de 2012, o cargo em comissão de Assistente II, símbolo DAI-6, da Coordenação de Protocolo e Publicação Oficial, da Diretoria de Documentação e Protocolo, da Superintendência Técnica Administrativa, da Subsecretaria Executiva, da",https://www.ioerj.com.br/portal/modules/conteudoonline/mostra_edicao.php?session=VDBSUmVFNHdXa1ZPYTFWMFRqQkZNMUZUTURCT1ZFRXpURlJyTUZKRVZYUk9SVkV3VVdwYVJVNVVXVFZPYTFFelRWUmpNMDlVUVRGT2VsRjRUVkU5UFE9PQ==,D:\github\exoneracoes_nomeacoes_dou\LAKE\RJ\2012\12\DOERJ_PARTE_I_PODER_EXECUTIVO_2012-12-04.md
RJ,Diario Oficial do Estado do Rio de Janeiro,2012-12-04,Parte I (Poder Executivo),nomeacao,HELENA CRISTINA SOUZA RANGEL,,,Governador,1,Wilson Jose Witzel - Governador,Wilson Jose Witzel,Executivo estadual,sim,CRISTINA SOUZA RANGEL:MISC|Helena Cristina Souza Rangel:PER,sim,,da Superintendência Técnica Administrativa,"NOMEAR HELENA CRISTINA SOUZA RANGEL para exercer, com validade a contar de 01 de dezembro de 2012, o cargo em comissão de Assistente II, símbolo DAI-6, da Coordenação de Protocolo e Publicação Oficial, da Diretoria de Documentação e Protocolo, da Superintendência Técnica Administrativa, da Subsecretaria Executiva, da",https://www.ioerj.com.br/portal/modules/conteudoonline/mostra_edicao.php?session=VDBSUmVFNHdXa1ZPYTFWMFRqQkZNMUZUTURCT1ZFRXpURlJyTUZKRVZYUk9SVkV3VVdwYVJVNVVXVFZPYTFFelRWUmpNMDlVUVRGT2VsRjRUVkU5UFE9PQ==,D:\github\exoneracoes_nomeacoes_dou\LAKE\RJ\2012\12\DOERJ_PARTE_I_PODER_EXECUTIVO_2012-12-04.md
RJ,Diario Oficial do Estado do Rio de Janeiro,2012-12-04,Parte I (Poder Executivo),exoneracao,VAGNER VALENÇA ALVES,,,Secretario,5,Wilson Jose Witzel - Governador,Wilson Jose Witzel,Executivo estadual,sim,Vagner Valença Alves:PER,sim,do cargo em comissão de Assistente II,,"EXONERAR VAGNER VALENÇA ALVES do cargo em comissão de Assistente II, símbolo DAI-6, da",https://www.ioerj.com.br/portal/modules/conteudoonline/mostra_edicao.php?session=VDBSUmVFNHdXa1ZPYTFWMFRqQkZNMUZUTURCT1ZFRXpURlJyTUZKRVZYUk9SVkV3VVdwYVJVNVVXVFZPYTFFelRWUmpNMDlVUVRGT2VsRjRUVkU5UFE9PQ==,D:\github\exoneracoes_nomeacoes_dou\LAKE\RJ\2012\12\DOERJ_PARTE_I_PODER_EXECUTIVO_2012-12-04.md
RJ,Diario Oficial do Estado do Rio de Janeiro,2012-12-04,Parte I (Poder Executivo),nomeacao,MAIRA PORCIÚNCULA RIBEIRO RUIZ DE BARROS,,,Secretario,5,Wilson Jose Witzel - Governador,Wilson Jose Witzel,Executivo estadual,sim,PORCIÚNCULA RIBEIRO RUIZ DE BARROS:MISC|Maira Porciúncula Ribeiro Ruiz De Barros:PER,sim,para exercer o cargo em comissão de Superintendente Regional,do Instituto de Pesos e Medidas do Estado do Rio de Janeiro -IPEM/RJ,"NOMEAR MAIRA PORCIÚNCULA RIBEIRO RUIZ DE BARROS, matrícula nº 811892-9, para exercer o cargo em comissão de Superintendente Regional, símbolo DAS-6, do Instituto de Pesos e Medidas do Estado do Rio de Janeiro -IPEM/RJ, da",https://www.ioerj.com.br/portal/modules/conteudoonline/mostra_edicao.php?session=VDBSUmVFNHdXa1ZPYTFWMFRqQkZNMUZUTURCT1ZFRXpURlJyTUZKRVZYUk9SVkV3VVdwYVJVNVVXVFZPYTFFelRWUmpNMDlVUVRGT2VsRjRUVkU5UFE9PQ==,D:\github\exoneracoes_nomeacoes_dou\LAKE\RJ\2012\12\DOERJ_PARTE_I_PODER_EXECUTIVO_2012-12-04.md
RJ,Diario Oficial do Estado do Rio de Janeiro,2012-12-04,Parte I (Poder Executivo),exoneracao,RENATA CRISTINA NEVES VIANNA FREITAS,,,Secretario,5,Wilson Jose Witzel - Governador,Wilson Jose Witzel,Executivo estadual,sim,CRISTINA NEVES VIANNA FREITAS:MISC|Renata Cristina Neves Vianna Freitas:PER,sim,do cargo em comissão de Assistente II,,"EXONERAR com validade a contar de 01 de dezembro de 2012, RENATA CRISTINA NEVES VIANNA FREITAS do cargo em comissão de Assistente II, símbolo DAI-6, da",https://www.ioerj.com.br/portal/modules/conteudoonline/mostra_edicao.php?session=VDBSUmVFNHdXa1ZPYTFWMFRqQkZNMUZUTURCT1ZFRXpURlJyTUZKRVZYUk9SVkV3VVdwYVJVNVVXVFZPYTFFelRWUmpNMDlVUVRGT2VsRjRUVkU5UFE9PQ==,D:\github\exoneracoes_nomeacoes_dou\LAKE\RJ\2012\12\DOERJ_PARTE_I_PODER_EXECUTIVO_2012-12-04.md
RJ,Diario Oficial do Estado do Rio de Janeiro,2012-12-04,Parte I (Poder Executivo),nomeacao,GLAUSTON DE PRAGA PINHEIRO GOMES DA SILVA,,,Secretario,5,Wilson Jose Witzel - Governador,Wilson Jose Witzel,Executivo estadual,sim,PRAGA PINHEIRO GOMES DA SILVA:MISC|Glauston De:PER,sim,,,"NOMEAR GLAUSTON DE PRAGA PINHEIRO GOMES DA SILVA para exercer, com validade a contar de 03 de dezembro de 2012, o cargo em comissão de Assistente II, símbolo DAI-6, da",https://www.ioerj.com.br/portal/modules/conteudoonline/mostra_edicao.php?session=VDBSUmVFNHdXa1ZPYTFWMFRqQkZNMUZUTURCT1ZFRXpURlJyTUZKRVZYUk9SVkV3VVdwYVJVNVVXVFZPYTFFelRWUmpNMDlVUVRGT2VsRjRUVkU5UFE9PQ==,D:\github\exoneracoes_nomeacoes_dou\LAKE\RJ\2012\12\DOERJ_PARTE_I_PODER_EXECUTIVO_2012-12-04.md
RJ,Diario Oficial do Estado do Rio de Janeiro,2012-12-04,Parte I (Poder Executivo),nomeacao,PATRÍCIA SILVA,,,Secretario,5,Wilson Jose Witzel - Governador,Wilson Jose Witzel,Executivo estadual,sim,PATRÍCIA SILVA:PER,sim,,,"NOMEAR PATRÍCIA SILVA DO NASCIMENTO , matrícula nº 972828-8, para exercer, com validade a contar de 14 de novembro de 2012, o cargo em comissão de Assistente II, símbolo DAI-6, da",https://www.ioerj.com.br/portal/modules/conteudoonline/mostra_edicao.php?session=VDBSUmVFNHdXa1ZPYTFWMFRqQkZNMUZUTURCT1ZFRXpURlJyTUZKRVZYUk9SVkV3VVdwYVJVNVVXVFZPYTFFelRWUmpNMDlVUVRGT2VsRjRUVkU5UFE9PQ==,D:\github\exoneracoes_nomeacoes_dou\LAKE\RJ\2012\12\DOERJ_PARTE_I_PODER_EXECUTIVO_2012-12-04.md
RJ,Diario Oficial do Estado do Rio de Janeiro,2012-12-04,Parte I (Poder Executivo),nomeacao,MARCELO FERNANDES MARQUES DA SILVA,,,Secretario,5,Wilson Jose Witzel - Governador,Wilson Jose Witzel,Executivo estadual,sim,MARCELO FERNANDES MARQUES DA SILVA:PER,sim,para exercer o cargo em comissão de Assessor Especial,do Gabinete do Secretário,"NOMEAR MARCELO FERNANDES MARQUES DA SILVA para exercer o cargo em comissão de Assessor Especial, símbolo DAS-8, do Gabinete do Secretário, da",https://www.ioerj.com.br/portal/modules/conteudoonline/mostra_edicao.php?session=VDBSUmVFNHdXa1ZPYTFWMFRqQkZNMUZUTURCT1ZFRXpURlJyTUZKRVZYUk9SVkV3VVdwYVJVNVVXVFZPYTFFelRWUmpNMDlVUVRGT2VsRjRUVkU5UFE9PQ==,D:\github\exoneracoes_nomeacoes_dou\LAKE\RJ\2012\12\DOERJ_PARTE_I_PODER_EXECUTIVO_2012-12-04.md
RJ,Diario Oficial do Estado do Rio de Janeiro,2012-12-03,Parte I (Poder Executivo),nomeacao,ZAQUEU DA SILVA TEIXEIRA,,,Governador,1,Wilson Jose Witzel - Governador,Wilson Jose Witzel,Executivo estadual,sim,ZAQUEU DA SILVA TEIXEIRA:PER,sim,,,"NOMEAR ZAQUEU DA SILVA TEIXEIRA para exercer, com validade a contar de 01 de dezembro de 2012, o cargo em comissão de Secretário de Estado, símbolo SE, da",https://www.ioerj.com.br/portal/modules/conteudoonline/mostra_edicao.php?session=VVdwak5FNTZUa1ZSYWtGMFQwVlNSRkZwTURCU2Ewa3lURlJvUTA5VVVYUlNhbWhEVVhwWk0xRnFWWGRTYWxFd1RWUmpNMDlVUVRGT2VsbDRUbWM5UFE9PQ==,D:\github\exoneracoes_nomeacoes_dou\LAKE\RJ\2012\12\DOERJ_PARTE_I_PODER_EXECUTIVO_2012-12-03.md
RJ,Diario Oficial do Estado do Rio de Janeiro,2012-12-03,Parte I (Poder Executivo),nomeacao,JAIME MELO DE SÁ,,,Governador,1,Wilson Jose Witzel - Governador,Wilson Jose Witzel,Executivo estadual,sim,JAIME MELO DE SÁ:PER,sim,,da Fundação Santa Cabrini,"NOMEAR JAIME MELO DE SÁ para exercer, com validade a contar de 03 de dezembro de 2012, o cargo em comissão de Presidente, símbolo PR-3, da Fundação Santa Cabrini, da",https://www.ioerj.com.br/portal/modules/conteudoonline/mostra_edicao.php?session=VVdwak5FNTZUa1ZSYWtGMFQwVlNSRkZwTURCU2Ewa3lURlJvUTA5VVVYUlNhbWhEVVhwWk0xRnFWWGRTYWxFd1RWUmpNMDlVUVRGT2VsbDRUbWM5UFE9PQ==,D:\github\exoneracoes_nomeacoes_dou\LAKE\RJ\2012\12\DOERJ_PARTE_I_PODER_EXECUTIVO_2012-12-03.md
RJ,Diario Oficial do Estado do Rio de Janeiro,2012-12-03,Parte I (Poder Executivo),exoneracao,LÚCIA MARIA MODESTO PEREIRA,,LÚCIA MARIA MODESTO PEREIRA DO CARGO EM COMISSÃO DE,Subsecretario,9,Wilson Jose Witzel - Governador,Wilson Jose Witzel,Executivo estadual,sim,LÚCIA:ORG|MODESTO PEREIRA:MISC|Lúcia Maria Modesto Pereira:PER,sim,do cargo em comissão de Subsecretário de Estado,da Subsecretaria de Integração dos Programas Sociais,"EXONERAR a pedido e com validade a contar de 01 de dezembro de 2012, LÚCIA MARIA MODESTO PEREIRA do cargo em comissão de Subsecretário de Estado, símbolo SS, da Subsecretaria de Integração dos Programas Sociais, da",https://www.ioerj.com.br/portal/modules/conteudoonline/mostra_edicao.php?session=VVdwak5FNTZUa1ZSYWtGMFQwVlNSRkZwTURCU2Ewa3lURlJvUTA5VVVYUlNhbWhEVVhwWk0xRnFWWGRTYWxFd1RWUmpNMDlVUVRGT2VsbDRUbWM5UFE9PQ==,D:\github\exoneracoes_nomeacoes_dou\LAKE\RJ\2012\12\DOERJ_PARTE_I_PODER_EXECUTIVO_2012-12-03.md
RJ,Diario Oficial do Estado do Rio de Janeiro,2012-12-03,Parte I (Poder Executivo),nomeacao,ALEXANDRE JOSÉ SILVA SABINO,,,Secretario,5,Wilson Jose Witzel - Governador,Wilson Jose Witzel,Executivo estadual,sim,JOSÉ SILVA:PER,sim,,,"NOMEAR ALEXANDRE JOSÉ SILVA SABINO para exercer, com validade a contar de 07 de novembro de 2012, o cargo em comissão de Assistente II, símbolo DAI-6, da",https://www.ioerj.com.br/portal/modules/conteudoonline/mostra_edicao.php?session=VVdwak5FNTZUa1ZSYWtGMFQwVlNSRkZwTURCU2Ewa3lURlJvUTA5VVVYUlNhbWhEVVhwWk0xRnFWWGRTYWxFd1RWUmpNMDlVUVRGT2VsbDRUbWM5UFE9PQ==,D:\github\exoneracoes_nomeacoes_dou\LAKE\RJ\2012\12\DOERJ_PARTE_I_PODER_EXECUTIVO_2012-12-03.md
RJ,Diario Oficial do Estado do Rio de Janeiro,2012-12-03,Parte I (Poder Executivo),nomeacao,JAIRO PEREIRA FRANCA,,,Secretario,5,Wilson Jose Witzel - Governador,Wilson Jose Witzel,Executivo estadual,sim,JAIRO PEREIRA FRANCA:MISC|Jairo Pereira Franca:PER,sim,,,"NOMEAR JAIRO PEREIRA FRANCA para exercer, com validade a contar de 07 de novembro de 2012, o cargo em comissão de Assistente II, símbolo DAI-6, da",https://www.ioerj.com.br/portal/modules/conteudoonline/mostra_edicao.php?session=VVdwak5FNTZUa1ZSYWtGMFQwVlNSRkZwTURCU2Ewa3lURlJvUTA5VVVYUlNhbWhEVVhwWk0xRnFWWGRTYWxFd1RWUmpNMDlVUVRGT2VsbDRUbWM5UFE9PQ==,D:\github\exoneracoes_nomeacoes_dou\LAKE\RJ\2012\12\DOERJ_PARTE_I_PODER_EXECUTIVO_2012-12-03.md
RJ,Diario Oficial do Estado do Rio de Janeiro,2012-12-03,Parte I (Poder Executivo),nomeacao,RODRIGO DE CARVALHO MIYOSHI,,,Secretario,5,Wilson Jose Witzel - Governador,Wilson Jose Witzel,Executivo estadual,sim,RODRIGO:ORG|MIYOSHI:ORG|Rodrigo De Carvalho Miyoshi:PER,sim,,,"NOMEAR RODRIGO DE CARVALHO MIYOSHI para exercer, com validade a contar de 21 de novembro de 2012, o cargo em comissão de Assistente II, símbolo DAI-6, da",https://www.ioerj.com.br/portal/modules/conteudoonline/mostra_edicao.php?session=VVdwak5FNTZUa1ZSYWtGMFQwVlNSRkZwTURCU2Ewa3lURlJvUTA5VVVYUlNhbWhEVVhwWk0xRnFWWGRTYWxFd1RWUmpNMDlVUVRGT2VsbDRUbWM5UFE9PQ==,D:\github\exoneracoes_nomeacoes_dou\LAKE\RJ\2012\12\DOERJ_PARTE_I_PODER_EXECUTIVO_2012-12-03.md
RJ,Diario Oficial do Estado do Rio de Janeiro,2012-12-03,Parte I (Poder Executivo),nomeacao,DHAVID NORMANDO FREITAS DA FONSECA,,,Secretario,5,Wilson Jose Witzel - Governador,Wilson Jose Witzel,Executivo estadual,sim,DHAVID NORMANDO FREITAS DA FONSECA:LOC|Dhavid Normando Freitas Da Fonseca:PER,sim,,da Subsecretaria Geral de Fazenda,"NOMEAR DHAVID NORMANDO FREITAS DA FONSECA para exercer, com validade a contar de 12 de novembro de 2012, o cargo em comissão de Assistente, símbolo DAS-6, da Comissão Permanente de Licitação, da Subsecretaria Geral de Fazenda, da",https://www.ioerj.com.br/portal/modules/conteudoonline/mostra_edicao.php?session=VVdwak5FNTZUa1ZSYWtGMFQwVlNSRkZwTURCU2Ewa3lURlJvUTA5VVVYUlNhbWhEVVhwWk0xRnFWWGRTYWxFd1RWUmpNMDlVUVRGT2VsbDRUbWM5UFE9PQ==,D:\github\exoneracoes_nomeacoes_dou\LAKE\RJ\2012\12\DOERJ_PARTE_I_PODER_EXECUTIVO_2012-12-03.md
RJ,Diario Oficial do Estado do Rio de Janeiro,2012-12-03,Parte I (Poder Executivo),exoneracao,CARLOS HENRIQUE,0576068-2,,Secretario,5,Wilson Jose Witzel - Governador,Wilson Jose Witzel,Executivo estadual,sim,CARLOS HENRIQUE:PER,sim,do cargo em comissão de Auditor Interno,,"EXONERAR a pedido e com validade a contar de 21 de novembro de 2012, CARLOS HENRIQUE DA SILVA FONSECA , ID Funcional nº 0576068-2, do cargo em comissão de Auditor Interno, símbolo DAS-6, da Auditoria Geral do Estado, da",https://www.ioerj.com.br/portal/modules/conteudoonline/mostra_edicao.php?session=VVdwak5FNTZUa1ZSYWtGMFQwVlNSRkZwTURCU2Ewa3lURlJvUTA5VVVYUlNhbWhEVVhwWk0xRnFWWGRTYWxFd1RWUmpNMDlVUVRGT2VsbDRUbWM5UFE9PQ==,D:\github\exoneracoes_nomeacoes_dou\LAKE\RJ\2012\12\DOERJ_PARTE_I_PODER_EXECUTIVO_2012-12-03.md
RJ,Diario Oficial do Estado do Rio de Janeiro,2012-12-03,Parte I (Poder Executivo),exoneracao,VALERIA CARVALHO FERRARI,195834-4,,Secretario,5,Wilson Jose Witzel - Governador,Wilson Jose Witzel,Executivo estadual,sim,FERRARI:ORG|Valeria Carvalho Ferrari:PER,sim,do cargo em comissão de Diretor de Divisão,,"EXONERAR com validade a contar de 01 de novembro de 2012, VALERIA CARVALHO FERRARI DA SILVA , Agente de Fazenda A, ID Funcional nº 195834-4, do cargo em comissão de Diretor de Divisão, símbolo DAS-6, da Divisão de Educação Fiscal e Intercâmbio, da Escola Fazendária do Estado do Rio de Janeiro, da",https://www.ioerj.com.br/portal/modules/conteudoonline/mostra_edicao.php?session=VVdwak5FNTZUa1ZSYWtGMFQwVlNSRkZwTURCU2Ewa3lURlJvUTA5VVVYUlNhbWhEVVhwWk0xRnFWWGRTYWxFd1RWUmpNMDlVUVRGT2VsbDRUbWM5UFE9PQ==,D:\github\exoneracoes_nomeacoes_dou\LAKE\RJ\2012\12\DOERJ_PARTE_I_PODER_EXECUTIVO_2012-12-03.md
RJ,Diario Oficial do Estado do Rio de Janeiro,2012-12-03,Parte I (Poder Executivo),exoneracao,LUIZ CARLOS,0433472-0,,Secretario,5,Wilson Jose Witzel - Governador,Wilson Jose Witzel,Executivo estadual,sim,LUIZ CARLOS:PER,sim,do cargo em comissão de Assistente II,da Subsecretaria-Adjunta de Fiscalização,"EXONERAR a pedido e com validade a contar de 21 de novembro de 2012, LUIZ CARLOS DA COSTA CÔRTES FILHO , ID Funcional nº 0433472-0, do cargo em comissão de Assistente II, símbolo DAI-6, da Subsecretaria-Adjunta de Fiscalização, da Subsecretaria de Receita, da",https://www.ioerj.com.br/portal/modules/conteudoonline/mostra_edicao.php?session=VVdwak5FNTZUa1ZSYWtGMFQwVlNSRkZwTURCU2Ewa3lURlJvUTA5VVVYUlNhbWhEVVhwWk0xRnFWWGRTYWxFd1RWUmpNMDlVUVRGT2VsbDRUbWM5UFE9PQ==,D:\github\exoneracoes_nomeacoes_dou\LAKE\RJ\2012\12\DOERJ_PARTE_I_PODER_EXECUTIVO_2012-12-03.md
RJ,Diario Oficial do Estado do Rio de Janeiro,2012-12-03,Parte I (Poder Executivo),nomeacao,EMANUELLE SILVA ARAÚJO,,,Secretario,5,Wilson Jose Witzel - Governador,Wilson Jose Witzel,Executivo estadual,sim,EMANUELLE SILVA:PER,sim,,do Instituto de Segurança Pública do Estado do Rio de Janeiro -RIOSEGURANÇA,"NOMEAR EMANUELLE SILVA ARAÚJO para exercer, com validade a contar de 01 de novembro de 2012, o cargo em comissão de Assessor, símbolo DAS-7, da Diretoria de Polícia Ostensiva, do Instituto de Segurança Pública do Estado do Rio de Janeiro -RIOSEGURANÇA, da",https://www.ioerj.com.br/portal/modules/conteudoonline/mostra_edicao.php?session=VVdwak5FNTZUa1ZSYWtGMFQwVlNSRkZwTURCU2Ewa3lURlJvUTA5VVVYUlNhbWhEVVhwWk0xRnFWWGRTYWxFd1RWUmpNMDlVUVRGT2VsbDRUbWM5UFE9PQ==,D:\github\exoneracoes_nomeacoes_dou\LAKE\RJ\2012\12\DOERJ_PARTE_I_PODER_EXECUTIVO_2012-12-03.md
RJ,Diario Oficial do Estado do Rio de Janeiro,2012-12-03,Parte I (Poder Executivo),nomeacao,CARLOS HENRIQUE,0576068-2,,Secretario,5,Wilson Jose Witzel - Governador,Wilson Jose Witzel,Executivo estadual,sim,CARLOS HENRIQUE:PER,sim,,da Subsecretaria de Gestão Estratégica,"NOMEAR CARLOS HENRIQUE DA SILVA FONSECA , ID Funcional nº 0576068-2, para exercer, com validade a contar de 21 de novembro de 2012, o cargo em comissão de Assistente II, símbolo DAI-6, da Subsecretaria de Gestão Estratégica, da",https://www.ioerj.com.br/portal/modules/conteudoonline/mostra_edicao.php?session=VVdwak5FNTZUa1ZSYWtGMFQwVlNSRkZwTURCU2Ewa3lURlJvUTA5VVVYUlNhbWhEVVhwWk0xRnFWWGRTYWxFd1RWUmpNMDlVUVRGT2VsbDRUbWM5UFE9PQ==,D:\github\exoneracoes_nomeacoes_dou\LAKE\RJ\2012\12\DOERJ_PARTE_I_PODER_EXECUTIVO_2012-12-03.md
RJ,Diario Oficial do Estado do Rio de Janeiro,2012-12-03,Parte I (Poder Executivo),exoneracao,DENIS GOMBE,,,Secretario,5,Wilson Jose Witzel - Governador,Wilson Jose Witzel,Executivo estadual,sim,Denis Gombe:PER,sim,do cargo em comissão de Chefe de Serviço,da Superintendência Regional Médio Paraíba do Sul,"EXONERAR com validade a contar de 05 de novembro de 2012, DENIS GOMBERG , matrícula nº 27/01440-6, do cargo em comissão de Chefe de Serviço, símbolo DAI-6, do Serviço de Licenciamento e Fiscalização, da Coordenadoria Técnica Regional, da Superintendência Regional Médio Paraíba do Sul, da Vice-Presidência, do Instituto Estadual do Ambiente -INEA, da",https://www.ioerj.com.br/portal/modules/conteudoonline/mostra_edicao.php?session=VVdwak5FNTZUa1ZSYWtGMFQwVlNSRkZwTURCU2Ewa3lURlJvUTA5VVVYUlNhbWhEVVhwWk0xRnFWWGRTYWxFd1RWUmpNMDlVUVRGT2VsbDRUbWM5UFE9PQ==,D:\github\exoneracoes_nomeacoes_dou\LAKE\RJ\2012\12\DOERJ_PARTE_I_PODER_EXECUTIVO_2012-12-03.md
RJ,Diario Oficial do Estado do Rio de Janeiro,2012-12-03,Parte I (Poder Executivo),nomeacao,DENIS GOMBE,,,Secretario,5,Wilson Jose Witzel - Governador,Wilson Jose Witzel,Executivo estadual,sim,Denis Gombe:PER,sim,,do Instituto Estadual do Ambiente - INEA,"NOMEAR DENIS GOMBERG , matrícula nº 27/01440-6, para exercer, com validade a contar de 05 de novembro de 2012, o cargo em comissão de Chefe de Serviço, símbolo DAI-6, do Serviço de Fiscalização e Interdição, da Coordenadoria Geral de Fiscalização, da Diretoria de Informação, Monitoramento e Fiscalização, do Instituto Estadual do Ambiente - INEA, da",https://www.ioerj.com.br/portal/modules/conteudoonline/mostra_edicao.php?session=VVdwak5FNTZUa1ZSYWtGMFQwVlNSRkZwTURCU2Ewa3lURlJvUTA5VVVYUlNhbWhEVVhwWk0xRnFWWGRTYWxFd1RWUmpNMDlVUVRGT2VsbDRUbWM5UFE9PQ==,D:\github\exoneracoes_nomeacoes_dou\LAKE\RJ\2012\12\DOERJ_PARTE_I_PODER_EXECUTIVO_2012-12-03.md
RJ,Diario Oficial do Estado do Rio de Janeiro,2012-12-03,Parte I (Poder Executivo),nomeacao,NATALIA PORTELLA DE MELO BASTOS,,,Secretario,5,Wilson Jose Witzel - Governador,Wilson Jose Witzel,Executivo estadual,sim,PORTELLA:MISC|Natalia Portella:PER,sim,,do Instituto Estadual do Ambiente - INEA,"NOMEAR NATALIA PORTELLA DE MELO BASTOS para exercer, com validade a contar de 01 de novembro de 2012, o cargo em comissão de Adjunto II, símbolo DAI-2, do Instituto Estadual do Ambiente - INEA, da",https://www.ioerj.com.br/portal/modules/conteudoonline/mostra_edicao.php?session=VVdwak5FNTZUa1ZSYWtGMFQwVlNSRkZwTURCU2Ewa3lURlJvUTA5VVVYUlNhbWhEVVhwWk0xRnFWWGRTYWxFd1RWUmpNMDlVUVRGT2VsbDRUbWM5UFE9PQ==,D:\github\exoneracoes_nomeacoes_dou\LAKE\RJ\2012\12\DOERJ_PARTE_I_PODER_EXECUTIVO_2012-12-03.md
RJ,Diario Oficial do Estado do Rio de Janeiro,2012-12-03,Parte I (Poder Executivo),exoneracao,PATRÍCIA SILVA,,,Secretario,5,Wilson Jose Witzel - Governador,Wilson Jose Witzel,Executivo estadual,sim,PATRÍCIA SILVA:PER,sim,do cargo em comissão de Assistente II,,"EXONERAR a pedido e com validade a contar de 14 de novembro de 2012, PATRÍCIA SILVA DO NASCIMENTO , matrícula nº 972828-8, do cargo em comissão de Assistente II, símbolo DAI-6, da",https://www.ioerj.com.br/portal/modules/conteudoonline/mostra_edicao.php?session=VVdwak5FNTZUa1ZSYWtGMFQwVlNSRkZwTURCU2Ewa3lURlJvUTA5VVVYUlNhbWhEVVhwWk0xRnFWWGRTYWxFd1RWUmpNMDlVUVRGT2VsbDRUbWM5UFE9PQ==,D:\github\exoneracoes_nomeacoes_dou\LAKE\RJ\2012\12\DOERJ_PARTE_I_PODER_EXECUTIVO_2012-12-03.md
RJ,Diario Oficial do Estado do Rio de Janeiro,2012-12-03,Parte I (Poder Executivo),nomeacao,ANDRÉA APARECIDA MARINS DE SOUZA,,,Secretario,5,Wilson Jose Witzel - Governador,Wilson Jose Witzel,Executivo estadual,sim,ANDRÉA APARECIDA MARINS DE SOUZA:LOC|Andréa Aparecida Marins De Souza:PER,sim,para exercer o cargo em comissão de Coordenador,da Fundação Leão XIII,"NOMEAR ANDRÉA APARECIDA MARINS DE SOUZA para exercer o cargo em comissão de Coordenador, símbolo DAS-7, do Pólo de Articulação Regional Médio-Paraíba e Baia da Ilha Grande, da Diretoria de Promoção Social do Interior, da Fundação Leão XIII, da",https://www.ioerj.com.br/portal/modules/conteudoonline/mostra_edicao.php?session=VVdwak5FNTZUa1ZSYWtGMFQwVlNSRkZwTURCU2Ewa3lURlJvUTA5VVVYUlNhbWhEVVhwWk0xRnFWWGRTYWxFd1RWUmpNMDlVUVRGT2VsbDRUbWM5UFE9PQ==,D:\github\exoneracoes_nomeacoes_dou\LAKE\RJ\2012\12\DOERJ_PARTE_I_PODER_EXECUTIVO_2012-12-03.md
RJ,Diario Oficial do Estado do Rio de Janeiro,2012-12-03,Parte I (Poder Executivo),nomeacao,RONALD LUIZ DOS SANTOS,,,Secretario,5,Wilson Jose Witzel - Governador,Wilson Jose Witzel,Executivo estadual,sim,RONALD LUIZ DOS SANTOS:PER,sim,,,"NOMEAR RONALD LUIZ DOS SANTOS para exercer, com validade a contar de 01 de setembro de 2012, o cargo em comissão de Assistente, símbolo DAS-6, do Centro Comunitário de Defesa da Cidadania -Mineira, da Coordenadoria dos Centros Comunitários de Defesa da Cidadania - CCDCs, da",https://www.ioerj.com.br/portal/modules/conteudoonline/mostra_edicao.php?session=VVdwak5FNTZUa1ZSYWtGMFQwVlNSRkZwTURCU2Ewa3lURlJvUTA5VVVYUlNhbWhEVVhwWk0xRnFWWGRTYWxFd1RWUmpNMDlVUVRGT2VsbDRUbWM5UFE9PQ==,D:\github\exoneracoes_nomeacoes_dou\LAKE\RJ\2012\12\DOERJ_PARTE_I_PODER_EXECUTIVO_2012-12-03.md
RJ,Diario Oficial do Estado do Rio de Janeiro,2012-12-03,Parte I (Poder Executivo),nomeacao,ULISSES DE ALMEIDA MARINS,,,Secretario,5,Wilson Jose Witzel - Governador,Wilson Jose Witzel,Executivo estadual,sim,ULISSES DE ALMEIDA MARINS:PER,sim,para exercer o cargo em comissão de Assistente,,"NOMEAR ULISSES DE ALMEIDA MARINS para exercer o cargo em comissão de Assistente, símbolo DAS-6, do Centro Comunitário de Defesa da Cidadania -Parada de Lucas/Vigário Geral, da Coordenadoria dos Centros Comunitários de Defesa da Cidadania -CCDCs, da",https://www.ioerj.com.br/portal/modules/conteudoonline/mostra_edicao.php?session=VVdwak5FNTZUa1ZSYWtGMFQwVlNSRkZwTURCU2Ewa3lURlJvUTA5VVVYUlNhbWhEVVhwWk0xRnFWWGRTYWxFd1RWUmpNMDlVUVRGT2VsbDRUbWM5UFE9PQ==,D:\github\exoneracoes_nomeacoes_dou\LAKE\RJ\2012\12\DOERJ_PARTE_I_PODER_EXECUTIVO_2012-12-03.md
RJ,Diario Oficial do Estado do Rio de Janeiro,2012-12-03,Parte I (Poder Executivo),nomeacao,CELINA LOPES CATRAMBY ARAÚJO,,,Secretario,5,Wilson Jose Witzel - Governador,Wilson Jose Witzel,Executivo estadual,sim,CELINA LOPES CATRAMBY ARAÚJO:MISC|Celina Lopes Catramby Araújo:PER,sim,,,"NOMEAR CELINA LOPES CATRAMBY ARAÚJO para exercer, com validade a contar de 01 de novembro de 2012, o cargo em comissão de Assistente, símbolo DAS-6, da",https://www.ioerj.com.br/portal/modules/conteudoonline/mostra_edicao.php?session=VVdwak5FNTZUa1ZSYWtGMFQwVlNSRkZwTURCU2Ewa3lURlJvUTA5VVVYUlNhbWhEVVhwWk0xRnFWWGRTYWxFd1RWUmpNMDlVUVRGT2VsbDRUbWM5UFE9PQ==,D:\github\exoneracoes_nomeacoes_dou\LAKE\RJ\2012\12\DOERJ_PARTE_I_PODER_EXECUTIVO_2012-12-03.md
RJ,Diario Oficial do Estado do Rio de Janeiro,2012-12-03,Parte I (Poder Executivo),nomeacao,ALDANIR CARLOS DOS SANTOS JÚNIOR,,,Secretario,5,Wilson Jose Witzel - Governador,Wilson Jose Witzel,Executivo estadual,sim,ALDANIR CARLOS DOS:MISC|Aldanir Carlos Dos Santos Júnior:PER,sim,para exercer o cargo em comissão de Assistente II,,"NOMEAR ALDANIR CARLOS DOS SANTOS JÚNIOR para exercer o cargo em comissão de Assistente II, símbolo DAI-6, da Casa da Paz - Cidade de Deus, do Projeto de Governo ""Casa da Paz"", da",https://www.ioerj.com.br/portal/modules/conteudoonline/mostra_edicao.php?session=VVdwak5FNTZUa1ZSYWtGMFQwVlNSRkZwTURCU2Ewa3lURlJvUTA5VVVYUlNhbWhEVVhwWk0xRnFWWGRTYWxFd1RWUmpNMDlVUVRGT2VsbDRUbWM5UFE9PQ==,D:\github\exoneracoes_nomeacoes_dou\LAKE\RJ\2012\12\DOERJ_PARTE_I_PODER_EXECUTIVO_2012-12-03.md
RJ,Diario Oficial do Estado do Rio de Janeiro,2012-12-03,Parte I (Poder Executivo),exoneracao,JOSÉ CARLOS,179594-7,,Secretario,5,Wilson Jose Witzel - Governador,Wilson Jose Witzel,Executivo estadual,sim,JOSÉ CARLOS:PER,sim,do cargo em comissão de Chefe de Serviço,da Fundação para a Infância e Adolescência - FIA/RJ,"EXONERAR com validade a contar de 18 de setembro de 2012, JOSÉ CARLOS DO NASCIMENTO SILVA BRASILEIRO , ID funcional nº 179594-7, do cargo em comissão de Chefe de Serviço, símbolo DAI-6, da Fundação para a Infância e Adolescência - FIA/RJ, da",https://www.ioerj.com.br/portal/modules/conteudoonline/mostra_edicao.php?session=VVdwak5FNTZUa1ZSYWtGMFQwVlNSRkZwTURCU2Ewa3lURlJvUTA5VVVYUlNhbWhEVVhwWk0xRnFWWGRTYWxFd1RWUmpNMDlVUVRGT2VsbDRUbWM5UFE9PQ==,D:\github\exoneracoes_nomeacoes_dou\LAKE\RJ\2012\12\DOERJ_PARTE_I_PODER_EXECUTIVO_2012-12-03.md
RJ,Diario Oficial do Estado do Rio de Janeiro,2012-11-26,Parte I (Poder Executivo),nomeacao,SAMUEL REGINALDO PIMENTA DE PAIVA,,,Secretario,5,Wilson Jose Witzel - Governador,Wilson Jose Witzel,Executivo estadual,sim,SAMUEL REGINALDO PIMENTA DE PAIVA:MISC|Samuel Reginaldo Pimenta:PER,sim,para exercer o cargo em comissão de Assistente III,do Gabinete da Presidência,"NOMEAR SAMUEL REGINALDO PIMENTA DE PAIVA para exercer o cargo em comissão de Assistente III, símbolo DAI-5, do Gabinete da Presidência, do Departamento de Trânsito do Estado do Rio de Janeiro - DETRAN/RJ, da",https://www.ioerj.com.br/portal/modules/conteudoonline/mostra_edicao.php?session=VFVSTk5VOUViRVpQVkZsMFVXcEdSVkZwTURCTmFrRTFURlZGZWxGcVkzUlJWR2N5VVhwamVrMVVZM2xOTUZaR1RWUmpNMDlVUVRKTlZFMTZUbWM5UFE9PQ==,D:\github\exoneracoes_nomeacoes_dou\LAKE\RJ\2012\11\DOERJ_PARTE_I_PODER_EXECUTIVO_2012-11-26.md
RJ,Diario Oficial do Estado do Rio de Janeiro,2012-11-26,Parte I (Poder Executivo),nomeacao,JOSÉ HENRIQUE PEREIRA ANTUNES,,,Secretario,5,Wilson Jose Witzel - Governador,Wilson Jose Witzel,Executivo estadual,sim,JOSÉ HENRIQUE PEREIRA:PER,sim,para exercer o cargo em comissão de Assistente II,,"NOMEAR JOSÉ HENRIQUE PEREIRA ANTUNES para exercer o cargo em comissão de Assistente II, símbolo DAI-6, da Escola Fazendária do Estado do Rio de Janeiro, da",https://www.ioerj.com.br/portal/modules/conteudoonline/mostra_edicao.php?session=VFVSTk5VOUViRVpQVkZsMFVXcEdSVkZwTURCTmFrRTFURlZGZWxGcVkzUlJWR2N5VVhwamVrMVVZM2xOTUZaR1RWUmpNMDlVUVRKTlZFMTZUbWM5UFE9PQ==,D:\github\exoneracoes_nomeacoes_dou\LAKE\RJ\2012\11\DOERJ_PARTE_I_PODER_EXECUTIVO_2012-11-26.md
RJ,Diario Oficial do Estado do Rio de Janeiro,2012-11-26,Parte I (Poder Executivo),exoneracao,JONATHAN ALVES,571507-5,,Secretario,5,Wilson Jose Witzel - Governador,Wilson Jose Witzel,Executivo estadual,sim,JONATHAN ALVES:PER,sim,do cargo em comissão de Ajudante I,,"EXONERAR a pedido e com validade a contar de 21 de novembro de 2012, JONATHAN ALVES DA COSTA , ID Funcional nº 571507-5, do cargo em comissão de Ajudante I, símbolo DAI-1, da",https://www.ioerj.com.br/portal/modules/conteudoonline/mostra_edicao.php?session=VFVSTk5VOUViRVpQVkZsMFVXcEdSVkZwTURCTmFrRTFURlZGZWxGcVkzUlJWR2N5VVhwamVrMVVZM2xOTUZaR1RWUmpNMDlVUVRKTlZFMTZUbWM5UFE9PQ==,D:\github\exoneracoes_nomeacoes_dou\LAKE\RJ\2012\11\DOERJ_PARTE_I_PODER_EXECUTIVO_2012-11-26.md
RJ,Diario Oficial do Estado do Rio de Janeiro,2012-11-26,Parte I (Poder Executivo),nomeacao,LUIZ FELIPE BAZZARELLA,,,Secretario,5,Wilson Jose Witzel - Governador,Wilson Jose Witzel,Executivo estadual,sim,LUIZ FELIPE BAZZARELLA:PER,sim,,da Subsecretaria de Tecnologia,"NOMEAR LUIZ FELIPE BAZZARELLA para exercer, com validade a contar de 10 de outubro de 2012, o cargo em comissão de Assistente II, símbolo DAI-6, da Subsecretaria de Tecnologia, da",https://www.ioerj.com.br/portal/modules/conteudoonline/mostra_edicao.php?session=VFVSTk5VOUViRVpQVkZsMFVXcEdSVkZwTURCTmFrRTFURlZGZWxGcVkzUlJWR2N5VVhwamVrMVVZM2xOTUZaR1RWUmpNMDlVUVRKTlZFMTZUbWM5UFE9PQ==,D:\github\exoneracoes_nomeacoes_dou\LAKE\RJ\2012\11\DOERJ_PARTE_I_PODER_EXECUTIVO_2012-11-26.md
RJ,Diario Oficial do Estado do Rio de Janeiro,2012-11-26,Parte I (Poder Executivo),nomeacao,VINICIUS RODRIGUES LIMA,,,Secretario,5,Wilson Jose Witzel - Governador,Wilson Jose Witzel,Executivo estadual,sim,VINICIUS RODRIGUES:PER,sim,para exercer o cargo em comissão de Assistente II,da Superintendência de Tecnologia da Informação e Comunicação,"NOMEAR VINICIUS RODRIGUES LIMA para exercer o cargo em comissão de Assistente II, símbolo DAI-6, da Superintendência de Tecnologia da Informação e Comunicação, da Subsecretaria de Tecnologia, da",https://www.ioerj.com.br/portal/modules/conteudoonline/mostra_edicao.php?session=VFVSTk5VOUViRVpQVkZsMFVXcEdSVkZwTURCTmFrRTFURlZGZWxGcVkzUlJWR2N5VVhwamVrMVVZM2xOTUZaR1RWUmpNMDlVUVRKTlZFMTZUbWM5UFE9PQ==,D:\github\exoneracoes_nomeacoes_dou\LAKE\RJ\2012\11\DOERJ_PARTE_I_PODER_EXECUTIVO_2012-11-26.md
RJ,Diario Oficial do Estado do Rio de Janeiro,2012-11-26,Parte I (Poder Executivo),exoneracao,GENE DIRCE DE SOUZA ARJONA,,,Secretario,5,Wilson Jose Witzel - Governador,Wilson Jose Witzel,Executivo estadual,sim,Gene Dirce De Souza Arjona:PER,sim,do cargo em comissão de Assistente de Produção,da Fundação Santa Cabrini,"EXONERAR com validade a contar de 12 de novembro de 2012, GENE DIRCE DE SOUZA ARJONA do cargo em comissão de Assistente de Produção, símbolo DAI-5, da Coordenação Geral de Atendimento de Apenados e de Qualificação Profissional, da Diretoria de Produção e Comercialização, da Fundação Santa Cabrini, da",https://www.ioerj.com.br/portal/modules/conteudoonline/mostra_edicao.php?session=VFVSTk5VOUViRVpQVkZsMFVXcEdSVkZwTURCTmFrRTFURlZGZWxGcVkzUlJWR2N5VVhwamVrMVVZM2xOTUZaR1RWUmpNMDlVUVRKTlZFMTZUbWM5UFE9PQ==,D:\github\exoneracoes_nomeacoes_dou\LAKE\RJ\2012\11\DOERJ_PARTE_I_PODER_EXECUTIVO_2012-11-26.md
RJ,Diario Oficial do Estado do Rio de Janeiro,2012-11-26,Parte I (Poder Executivo),nomeacao,GENE DIRCE DE SOUZA ARJONA,,,Secretario,5,Wilson Jose Witzel - Governador,Wilson Jose Witzel,Executivo estadual,sim,Gene Dirce De Souza Arjona:PER,sim,,da Fundação Santa Cabrini,"NOMEAR GENE DIRCE DE SOUZA ARJONA para exercer, com validade a contar de 12 de novembro de 2012, o cargo em comissão de Chefe de Serviço, símbolo DAI-6, do Serviço de Locação de Mão-de-Obra, da Gerência de Comercialização, da Diretoria de Produção e Comercialização, da Fundação Santa Cabrini, da",https://www.ioerj.com.br/portal/modules/conteudoonline/mostra_edicao.php?session=VFVSTk5VOUViRVpQVkZsMFVXcEdSVkZwTURCTmFrRTFURlZGZWxGcVkzUlJWR2N5VVhwamVrMVVZM2xOTUZaR1RWUmpNMDlVUVRKTlZFMTZUbWM5UFE9PQ==,D:\github\exoneracoes_nomeacoes_dou\LAKE\RJ\2012\11\DOERJ_PARTE_I_PODER_EXECUTIVO_2012-11-26.md
RJ,Diario Oficial do Estado do Rio de Janeiro,2012-11-26,Parte I (Poder Executivo),nomeacao,FÁBIO GUIMARÃES DA SILVEIRA,,,Secretario,5,Wilson Jose Witzel - Governador,Wilson Jose Witzel,Executivo estadual,sim,FÁBIO GUIMARÃES:MISC|Fábio Guimarães Da Silveira:PER,sim,para exercer o cargo em comissão de Diretor de Divisão,da Superintendência de Unidades Próprias,"NOMEAR FÁBIO GUIMARÃES DA SILVEIRA para exercer o cargo em comissão de Diretor de Divisão, símbolo DAS-7, da Divisão Administrativa, do Hospital Estadual Prefeito João Batista Caffaro (Itaboraí), da Superintendência de Unidades Próprias, da Subsecretaria de Unidades Próprias, da",https://www.ioerj.com.br/portal/modules/conteudoonline/mostra_edicao.php?session=VFVSTk5VOUViRVpQVkZsMFVXcEdSVkZwTURCTmFrRTFURlZGZWxGcVkzUlJWR2N5VVhwamVrMVVZM2xOTUZaR1RWUmpNMDlVUVRKTlZFMTZUbWM5UFE9PQ==,D:\github\exoneracoes_nomeacoes_dou\LAKE\RJ\2012\11\DOERJ_PARTE_I_PODER_EXECUTIVO_2012-11-26.md
RJ,Diario Oficial do Estado do Rio de Janeiro,2012-11-26,Parte I (Poder Executivo),nomeacao,RENATA GONÇALVES KASAKEWITCH,,,Secretario,5,Wilson Jose Witzel - Governador,Wilson Jose Witzel,Executivo estadual,sim,RENATA GONÇALVES KASAKEWITCH:MISC|Renata Gonçalves Kasakewitch:PER,sim,para exercer o cargo em comissão de Gerente,da Superintendência de Unidades Próprias,"NOMEAR RENATA GONÇALVES KASAKEWITCH para exercer o cargo em comissão de Gerente, símbolo DAS-6, da Gerência de Enfermagem, da Divisão Técnica, do Hospital Estadual Prefeito João Batista Caffaro (Itaboraí), da Superintendência de Unidades Próprias, da Subsecretaria de Unidades Próprias, da",https://www.ioerj.com.br/portal/modules/conteudoonline/mostra_edicao.php?session=VFVSTk5VOUViRVpQVkZsMFVXcEdSVkZwTURCTmFrRTFURlZGZWxGcVkzUlJWR2N5VVhwamVrMVVZM2xOTUZaR1RWUmpNMDlVUVRKTlZFMTZUbWM5UFE9PQ==,D:\github\exoneracoes_nomeacoes_dou\LAKE\RJ\2012\11\DOERJ_PARTE_I_PODER_EXECUTIVO_2012-11-26.md
RJ,Diario Oficial do Estado do Rio de Janeiro,2012-11-26,Parte I (Poder Executivo),nomeacao,ANIA MONTEIRO DOMINGOS,,,Secretario,5,Wilson Jose Witzel - Governador,Wilson Jose Witzel,Executivo estadual,sim,MONTEIRO DOMINGOS:MISC|Ania Monteiro Domingos:PER,sim,para exercer o cargo em comissão de Ajudante I,,"NOMEAR ANIA MONTEIRO DOMINGOS para exercer o cargo em comissão de Ajudante I, símbolo DAI-1, da",https://www.ioerj.com.br/portal/modules/conteudoonline/mostra_edicao.php?session=VFVSTk5VOUViRVpQVkZsMFVXcEdSVkZwTURCTmFrRTFURlZGZWxGcVkzUlJWR2N5VVhwamVrMVVZM2xOTUZaR1RWUmpNMDlVUVRKTlZFMTZUbWM5UFE9PQ==,D:\github\exoneracoes_nomeacoes_dou\LAKE\RJ\2012\11\DOERJ_PARTE_I_PODER_EXECUTIVO_2012-11-26.md
RJ,Diario Oficial do Estado do Rio de Janeiro,2012-11-26,Parte I (Poder Executivo),nomeacao,CECILIA COSER GUTIERREZ,,,Secretario,5,Wilson Jose Witzel - Governador,Wilson Jose Witzel,Executivo estadual,sim,CECILIA COSER GUTIERREZ:MISC|Cecilia Coser:PER,sim,para exercer o cargo em comissão de Ajudante I,,"NOMEAR CECILIA COSER GUTIERREZ para exercer o cargo em comissão de Ajudante I, símbolo DAI-1, da",https://www.ioerj.com.br/portal/modules/conteudoonline/mostra_edicao.php?session=VFVSTk5VOUViRVpQVkZsMFVXcEdSVkZwTURCTmFrRTFURlZGZWxGcVkzUlJWR2N5VVhwamVrMVVZM2xOTUZaR1RWUmpNMDlVUVRKTlZFMTZUbWM5UFE9PQ==,D:\github\exoneracoes_nomeacoes_dou\LAKE\RJ\2012\11\DOERJ_PARTE_I_PODER_EXECUTIVO_2012-11-26.md
RJ,Diario Oficial do Estado do Rio de Janeiro,2012-11-26,Parte I (Poder Executivo),exoneracao,RITA MARIA,,,Secretario,5,Wilson Jose Witzel - Governador,Wilson Jose Witzel,Executivo estadual,sim,RITA MARIA:PER,sim,do cargo em comissão de Adjunto II,do Instituto Estadual do Ambiente -INEA,"EXONERAR a pedido e com validade a contar de 01 de novembro de 2012, RITA MARIA DA SILVA PASSOS , matrícula nº 390599-9, do cargo em comissão de Adjunto II, símbolo DAI-2, do Instituto Estadual do Ambiente -INEA, da",https://www.ioerj.com.br/portal/modules/conteudoonline/mostra_edicao.php?session=VFVSTk5VOUViRVpQVkZsMFVXcEdSVkZwTURCTmFrRTFURlZGZWxGcVkzUlJWR2N5VVhwamVrMVVZM2xOTUZaR1RWUmpNMDlVUVRKTlZFMTZUbWM5UFE9PQ==,D:\github\exoneracoes_nomeacoes_dou\LAKE\RJ\2012\11\DOERJ_PARTE_I_PODER_EXECUTIVO_2012-11-26.md
RJ,Diario Oficial do Estado do Rio de Janeiro,2012-11-26,Parte I (Poder Executivo),nomeacao,FELIPE DA SILVA MALTA,,,Secretario,5,Wilson Jose Witzel - Governador,Wilson Jose Witzel,Executivo estadual,sim,FELIPE DA SILVA:LOC|Felipe Da Silva Malta:PER,sim,,do Instituto Estadual do Ambiente -INEA,"NOMEAR FELIPE DA SILVA MALTA para exercer, com validade a contar de 01 de novembro de 2012, o cargo em comissão de Chefe de Serviço, símbolo DAI-6, do Serviço de Equipamentos, da Gerência de Obras e Manutenção, da Diretoria de Recuperação Ambiental, do Instituto Estadual do Ambiente -INEA, da",https://www.ioerj.com.br/portal/modules/conteudoonline/mostra_edicao.php?session=VFVSTk5VOUViRVpQVkZsMFVXcEdSVkZwTURCTmFrRTFURlZGZWxGcVkzUlJWR2N5VVhwamVrMVVZM2xOTUZaR1RWUmpNMDlVUVRKTlZFMTZUbWM5UFE9PQ==,D:\github\exoneracoes_nomeacoes_dou\LAKE\RJ\2012\11\DOERJ_PARTE_I_PODER_EXECUTIVO_2012-11-26.md
RJ,Diario Oficial do Estado do Rio de Janeiro,2012-11-26,Parte I (Poder Executivo),nomeacao,FLÁVIA VALENÇA LIMA,,,Secretario,5,Wilson Jose Witzel - Governador,Wilson Jose Witzel,Executivo estadual,sim,FLÁVIA VALENÇA LIMA:MISC|Flávia Valença Lima:PER,sim,,do Instituto Estadual do Ambiente - INEA,"NOMEAR FLÁVIA VALENÇA LIMA para exercer, com validade a contar de 01 de novembro de 2012, o cargo em comissão de Adjunto II, símbolo DAI-2, do Instituto Estadual do Ambiente - INEA, da",https://www.ioerj.com.br/portal/modules/conteudoonline/mostra_edicao.php?session=VFVSTk5VOUViRVpQVkZsMFVXcEdSVkZwTURCTmFrRTFURlZGZWxGcVkzUlJWR2N5VVhwamVrMVVZM2xOTUZaR1RWUmpNMDlVUVRKTlZFMTZUbWM5UFE9PQ==,D:\github\exoneracoes_nomeacoes_dou\LAKE\RJ\2012\11\DOERJ_PARTE_I_PODER_EXECUTIVO_2012-11-26.md
RJ,Diario Oficial do Estado do Rio de Janeiro,2012-11-26,Parte I (Poder Executivo),exoneracao,EDUARDO PEREIRA MARQUES,,,Secretario,5,Wilson Jose Witzel - Governador,Wilson Jose Witzel,Executivo estadual,sim,EDUARDO PEREIRA MARQUES:PER,sim,do cargo em comissão de DIRETOR DE PLANEJAMENTO E CONTROLE DE ME- TAS,da Fundação Saúde do Estado do Rio de Janeiro,"EXONERAR EDUARDO PEREIRA MARQUES, matrícula 004-2, a contar de 05/11/2012, do cargo em comissão de DIRETOR DE PLANEJAMENTO E CONTROLE DE ME- TAS, símbolo DF, da Diretoria de Planejamento e Controle de Metas, da Fundação Saúde do Estado do Rio de Janeiro. PORTARIA FS/DE Nº 134/2012",https://www.ioerj.com.br/portal/modules/conteudoonline/mostra_edicao.php?session=VFVSTk5VOUViRVpQVkZsMFVXcEdSVkZwTURCTmFrRTFURlZGZWxGcVkzUlJWR2N5VVhwamVrMVVZM2xOTUZaR1RWUmpNMDlVUVRKTlZFMTZUbWM5UFE9PQ==,D:\github\exoneracoes_nomeacoes_dou\LAKE\RJ\2012\11\DOERJ_PARTE_I_PODER_EXECUTIVO_2012-11-26.md
RJ,Diario Oficial do Estado do Rio de Janeiro,2012-11-26,Parte I (Poder Executivo),exoneracao,FLÁVIA SANTIAGO LOPES,,,Secretario,5,Wilson Jose Witzel - Governador,Wilson Jose Witzel,Executivo estadual,sim,FLÁVIA SANTIAGO LOPES:MISC|Flávia Santiago Lopes:PER,sim,do cargo de livre provimento de SECRETÁRIA GERAL,da Fundação Saúde do Estado do Rio de Janeiro,"EXONERAR FLÁVIA SANTIAGO LOPES, matrícula 023-2, a contar de 06/11/2012, do cargo de livre provimento de SECRETÁRIA GERAL, símbolo SG, da Assessoria Administrativa, da Diretoria Executiva, da Fundação Saúde do Estado do Rio de Janeiro. PORTARIA FS/DE Nº 135/2012",https://www.ioerj.com.br/portal/modules/conteudoonline/mostra_edicao.php?session=VFVSTk5VOUViRVpQVkZsMFVXcEdSVkZwTURCTmFrRTFURlZGZWxGcVkzUlJWR2N5VVhwamVrMVVZM2xOTUZaR1RWUmpNMDlVUVRKTlZFMTZUbWM5UFE9PQ==,D:\github\exoneracoes_nomeacoes_dou\LAKE\RJ\2012\11\DOERJ_PARTE_I_PODER_EXECUTIVO_2012-11-26.md
RJ,Diario Oficial do Estado do Rio de Janeiro,2012-11-26,Parte I (Poder Executivo),exoneracao,LUCIA GOMES ALVES,,,Secretario,5,Wilson Jose Witzel - Governador,Wilson Jose Witzel,Executivo estadual,sim,LUCIA GOMES ALVES:MISC|Lucia Gomes Alves:PER,sim,do cargo de livre provimento de ASSESSOR I,da Fundação Saúde do Estado do Rio de Janeiro,"EXONERAR LUCIA GOMES ALVES, matrícula 010-9, a contar de 06/11/2012, do cargo de livre provimento de ASSESSOR I, símbolo ASS I, da Assessoria de Infraestrutura, da Diretoria Executiva, da Fundação Saúde do Estado do Rio de Janeiro. PORTARIA FS/DE Nº 136/2012",https://www.ioerj.com.br/portal/modules/conteudoonline/mostra_edicao.php?session=VFVSTk5VOUViRVpQVkZsMFVXcEdSVkZwTURCTmFrRTFURlZGZWxGcVkzUlJWR2N5VVhwamVrMVVZM2xOTUZaR1RWUmpNMDlVUVRKTlZFMTZUbWM5UFE9PQ==,D:\github\exoneracoes_nomeacoes_dou\LAKE\RJ\2012\11\DOERJ_PARTE_I_PODER_EXECUTIVO_2012-11-26.md
RJ,Diario Oficial do Estado do Rio de Janeiro,2012-11-26,Parte I (Poder Executivo),exoneracao,SUZANA FERREIRA LISKAUSKAS,,,Secretario,5,Wilson Jose Witzel - Governador,Wilson Jose Witzel,Executivo estadual,sim,Suzana Ferreira Liskauskas:PER,sim,do cargo de livre provimento de ASSESSOR I,da Fundação Saúde do Estado do Rio de Janeiro,"EXONERAR SUZANA FERREIRA LISKAUSKAS, matrícula 054-7, a contar de 06/11/2012, do cargo de livre provimento de ASSESSOR I, símbolo ASS I, da Assessoria de Comunicação, da Diretoria Executiva, da Fundação Saúde do Estado do Rio de Janeiro. PORTARIA FS/DE Nº 137/2012",https://www.ioerj.com.br/portal/modules/conteudoonline/mostra_edicao.php?session=VFVSTk5VOUViRVpQVkZsMFVXcEdSVkZwTURCTmFrRTFURlZGZWxGcVkzUlJWR2N5VVhwamVrMVVZM2xOTUZaR1RWUmpNMDlVUVRKTlZFMTZUbWM5UFE9PQ==,D:\github\exoneracoes_nomeacoes_dou\LAKE\RJ\2012\11\DOERJ_PARTE_I_PODER_EXECUTIVO_2012-11-26.md
RJ,Diario Oficial do Estado do Rio de Janeiro,2012-11-26,Parte I (Poder Executivo),exoneracao,CARLA RITA FERNANDES,,,Secretario,5,Wilson Jose Witzel - Governador,Wilson Jose Witzel,Executivo estadual,sim,CARLA RITA FERNANDES:MISC|Carla Rita Fernandes:PER,sim,do cargo de livre provimento de ASSESSOR II,da Fundação Saúde do Estado do Rio de Janeiro,"EXONERAR CARLA RITA FERNANDES, matrícula 008-3, a contar de 06/11/2012, do cargo de livre provimento de ASSESSOR II, símbolo ASS II, da Diretoria Executiva, da Fundação Saúde do Estado do Rio de Janeiro. PORTARIA FS/DE Nº 138/2012",https://www.ioerj.com.br/portal/modules/conteudoonline/mostra_edicao.php?session=VFVSTk5VOUViRVpQVkZsMFVXcEdSVkZwTURCTmFrRTFURlZGZWxGcVkzUlJWR2N5VVhwamVrMVVZM2xOTUZaR1RWUmpNMDlVUVRKTlZFMTZUbWM5UFE9PQ==,D:\github\exoneracoes_nomeacoes_dou\LAKE\RJ\2012\11\DOERJ_PARTE_I_PODER_EXECUTIVO_2012-11-26.md
RJ,Diario Oficial do Estado do Rio de Janeiro,2012-11-26,Parte I (Poder Executivo),exoneracao,CRISTIANE REIS DE OLIVEIRA,,,Secretario,5,Wilson Jose Witzel - Governador,Wilson Jose Witzel,Executivo estadual,sim,CRISTIANE:ORG|OLIVEIRA:ORG|Cristiane Reis De Oliveira:PER,sim,do cargo de livre provimento de OUVIDOR,da Fundação Saúde do Estado do Rio de Janeiro,"EXONERAR CRISTIANE REIS DE OLIVEIRA, matrícula 531-4, a contar de 09/11/2012, do cargo de livre provimento de OUVIDOR, símbolo OG, da Diretoria Executiva, da Fundação Saúde do Estado do Rio de Janeiro. PORTARIA FS/DE Nº 141/2012",https://www.ioerj.com.br/portal/modules/conteudoonline/mostra_edicao.php?session=VFVSTk5VOUViRVpQVkZsMFVXcEdSVkZwTURCTmFrRTFURlZGZWxGcVkzUlJWR2N5VVhwamVrMVVZM2xOTUZaR1RWUmpNMDlVUVRKTlZFMTZUbWM5UFE9PQ==,D:\github\exoneracoes_nomeacoes_dou\LAKE\RJ\2012\11\DOERJ_PARTE_I_PODER_EXECUTIVO_2012-11-26.md
RJ,Diario Oficial do Estado do Rio de Janeiro,2012-11-26,Parte I (Poder Executivo),exoneracao,PAULO CEZAR ANTUN DE CARVALHO,,,Secretario,5,Wilson Jose Witzel - Governador,Wilson Jose Witzel,Executivo estadual,sim,PAULO CEZAR ANTUN DE CARVALHO:PER,sim,do cargo de livre provimento de COORDENADOR JURÍDICO DE PESSOAL,da Fundação Saúde do Estado do Rio de Janeiro,"EXONERAR PAULO CEZAR ANTUN DE CARVALHO, matrícula 067-9, a contar de 31/10/2012, do cargo de livre provimento de COORDENADOR JURÍDICO DE PESSOAL, símbolo CD, da Gerência Jurídica de Recursos Humanos, da Diretoria Jurídica, da Fundação Saúde do Estado do Rio de Janeiro. PORTARIA FS/DE Nº 142/2012",https://www.ioerj.com.br/portal/modules/conteudoonline/mostra_edicao.php?session=VFVSTk5VOUViRVpQVkZsMFVXcEdSVkZwTURCTmFrRTFURlZGZWxGcVkzUlJWR2N5VVhwamVrMVVZM2xOTUZaR1RWUmpNMDlVUVRKTlZFMTZUbWM5UFE9PQ==,D:\github\exoneracoes_nomeacoes_dou\LAKE\RJ\2012\11\DOERJ_PARTE_I_PODER_EXECUTIVO_2012-11-26.md
RJ,Diario Oficial do Estado do Rio de Janeiro,2012-11-26,Parte I (Poder Executivo),nomeacao,PAULO CEZAR ANTUN DE CARVALHO,,,Secretario,5,Wilson Jose Witzel - Governador,Wilson Jose Witzel,Executivo estadual,sim,PAULO CEZAR ANTUN DE CARVALHO:PER,sim,,da Fundação Saúde do Estado do Rio de Janeiro,"NOMEAR PAULO CEZAR ANTUN DE CARVALHO, matrícula 067-9, para exercer com validade a contar de 01/11/2012, o cargo de livre provimento de GERENTE JURÍDICO DE RECURSOS HUMANOS, símbolo GR, da Diretoria Jurídica, da Fundação Saúde do Estado do Rio de Janeiro. DE 12/11/2012 PORTARIA FS/DE Nº 148/2012",https://www.ioerj.com.br/portal/modules/conteudoonline/mostra_edicao.php?session=VFVSTk5VOUViRVpQVkZsMFVXcEdSVkZwTURCTmFrRTFURlZGZWxGcVkzUlJWR2N5VVhwamVrMVVZM2xOTUZaR1RWUmpNMDlVUVRKTlZFMTZUbWM5UFE9PQ==,D:\github\exoneracoes_nomeacoes_dou\LAKE\RJ\2012\11\DOERJ_PARTE_I_PODER_EXECUTIVO_2012-11-26.md
RJ,Diario Oficial do Estado do Rio de Janeiro,2012-11-26,Parte I (Poder Executivo),exoneracao,GUSTAVO HENRIQUE MOREIRA SARKOVAS,,,Secretario,5,Wilson Jose Witzel - Governador,Wilson Jose Witzel,Executivo estadual,sim,GUSTAVO:MISC|Gustavo Henrique Moreira Sarkovas:PER,sim,do cargo de livre provimento de GERENTE DE PLANEJAMENTO ESTRATÉGICO,da Fundação Saúde do Estado do Rio de Janeiro,"EXONERAR GUSTAVO HENRIQUE MOREIRA SARKOVAS, matrícula 046-3, a contar de 08/11/2012, do cargo de livre provimento de GERENTE DE PLANEJAMENTO ESTRATÉGICO, símbolo GR, da Diretoria de Planejamento de Gestão e Controle de Metas, da Fundação Saúde do Estado do Rio de Janeiro. PORTARIA FS/DE Nº 149/2012",https://www.ioerj.com.br/portal/modules/conteudoonline/mostra_edicao.php?session=VFVSTk5VOUViRVpQVkZsMFVXcEdSVkZwTURCTmFrRTFURlZGZWxGcVkzUlJWR2N5VVhwamVrMVVZM2xOTUZaR1RWUmpNMDlVUVRKTlZFMTZUbWM5UFE9PQ==,D:\github\exoneracoes_nomeacoes_dou\LAKE\RJ\2012\11\DOERJ_PARTE_I_PODER_EXECUTIVO_2012-11-26.md
RJ,Diario Oficial do Estado do Rio de Janeiro,2012-11-26,Parte I (Poder Executivo),exoneracao,ANA LAURA RIBEIRO,,,Secretario,5,Wilson Jose Witzel - Governador,Wilson Jose Witzel,Executivo estadual,sim,Ana Laura Ribeiro:PER,sim,do cargo de livre provimento de CHEFE DE NUTRIÇÃO,da Fundação Saúde do Estado do Rio de Janeiro,"EXONERAR ANA LAURA RIBEIRO, matrícula 515-7, a contar de 07/11/2012, do cargo de livre provimento de CHEFE DE NUTRIÇÃO, símbolo CH, da Coordenação de Serviços, da Gerência de Infraestrutura e Serviços, da Diretoria Administrativa Financeira, da Fundação Saúde do Estado do Rio de Janeiro. PORTARIA FS/DE Nº 150/2012",https://www.ioerj.com.br/portal/modules/conteudoonline/mostra_edicao.php?session=VFVSTk5VOUViRVpQVkZsMFVXcEdSVkZwTURCTmFrRTFURlZGZWxGcVkzUlJWR2N5VVhwamVrMVVZM2xOTUZaR1RWUmpNMDlVUVRKTlZFMTZUbWM5UFE9PQ==,D:\github\exoneracoes_nomeacoes_dou\LAKE\RJ\2012\11\DOERJ_PARTE_I_PODER_EXECUTIVO_2012-11-26.md
RJ,Diario Oficial do Estado do Rio de Janeiro,2012-11-26,Parte I (Poder Executivo),exoneracao,CAROLINA MACIEIRA RODRIGUES BARBOSA,,,Secretario,5,Wilson Jose Witzel - Governador,Wilson Jose Witzel,Executivo estadual,sim,CAROLINA:ORG|MACIEIRA RODRIGUES:LOC|Carolina Macieira Rodrigues Barbosa:PER,sim,do cargo de livre provimento de COORDENADOR DE SERVIÇOS,da Fundação Saúde do Estado do Rio de Janeiro,"EXONERAR CAROLINA MACIEIRA RODRIGUES BARBOSA, matrícula 536-3, a contar de 07/11/2012, do cargo de livre provimento de COORDENADOR DE SERVIÇOS, símbolo CD, da Gerência de Infraestrutura e Serviços, da Diretoria Administrativa Financeira, da Fundação Saúde do Estado do Rio de Janeiro. PORTARIA FS/DE Nº 151/2012",https://www.ioerj.com.br/portal/modules/conteudoonline/mostra_edicao.php?session=VFVSTk5VOUViRVpQVkZsMFVXcEdSVkZwTURCTmFrRTFURlZGZWxGcVkzUlJWR2N5VVhwamVrMVVZM2xOTUZaR1RWUmpNMDlVUVRKTlZFMTZUbWM5UFE9PQ==,D:\github\exoneracoes_nomeacoes_dou\LAKE\RJ\2012\11\DOERJ_PARTE_I_PODER_EXECUTIVO_2012-11-26.md
RJ,Diario Oficial do Estado do Rio de Janeiro,2012-11-26,Parte I (Poder Executivo),exoneracao,ALYNE LÁZARO DE LUZ,,,Secretario,5,Wilson Jose Witzel - Governador,Wilson Jose Witzel,Executivo estadual,sim,ALYNE LÁZARO:PER,sim,do cargo de livre provimento de CHEFE DE MATERIAL MÉDICO HOSPITALAR,da Fundação Saúde do Estado do Rio de Janeiro,"EXONERAR ALYNE LÁZARO DE LUZ, matrícula 063-8, a contar de 09/11/2012, do cargo de livre provimento de CHEFE DE MATERIAL MÉDICO HOSPITALAR, símbolo CH, da Coordenação de Suprimentos, da Gerência de Suprimentos, da Diretoria Administrativa Financeira, da Fundação Saúde do Estado do Rio de Janeiro. PORTARIA FS/DE Nº 152/2012",https://www.ioerj.com.br/portal/modules/conteudoonline/mostra_edicao.php?session=VFVSTk5VOUViRVpQVkZsMFVXcEdSVkZwTURCTmFrRTFURlZGZWxGcVkzUlJWR2N5VVhwamVrMVVZM2xOTUZaR1RWUmpNMDlVUVRKTlZFMTZUbWM5UFE9PQ==,D:\github\exoneracoes_nomeacoes_dou\LAKE\RJ\2012\11\DOERJ_PARTE_I_PODER_EXECUTIVO_2012-11-26.md
RJ,Diario Oficial do Estado do Rio de Janeiro,2012-11-26,Parte I (Poder Executivo),exoneracao,ANDRÉ DE OLIVEIRA LIMA,,,Secretario,5,Wilson Jose Witzel - Governador,Wilson Jose Witzel,Executivo estadual,sim,ANDRÉ DE OLIVEIRA LIMA:MISC|André De Oliveira Lima:PER,sim,do cargo de livre provimento de GERENTE DE IMPLANTAÇÃO DE PROJETOS,da Fundação Saúde do Estado do Rio de Janeiro,"EXONERAR ANDRÉ DE OLIVEIRA LIMA, matrícula 064-6, a contar de 08/11/2012, do cargo de livre provimento de GERENTE DE IMPLANTAÇÃO DE PROJETOS, símbolo GR, da Diretoria de Planejamento de Gestão e Controle de Metas, da Fundação Saúde do Estado do Rio de Janeiro. PORTARIA FS/DE Nº 153/2012",https://www.ioerj.com.br/portal/modules/conteudoonline/mostra_edicao.php?session=VFVSTk5VOUViRVpQVkZsMFVXcEdSVkZwTURCTmFrRTFURlZGZWxGcVkzUlJWR2N5VVhwamVrMVVZM2xOTUZaR1RWUmpNMDlVUVRKTlZFMTZUbWM5UFE9PQ==,D:\github\exoneracoes_nomeacoes_dou\LAKE\RJ\2012\11\DOERJ_PARTE_I_PODER_EXECUTIVO_2012-11-26.md
RJ,Diario Oficial do Estado do Rio de Janeiro,2012-11-26,Parte I (Poder Executivo),exoneracao,LUIZ PAULO DE MOURA,,,Secretario,5,Wilson Jose Witzel - Governador,Wilson Jose Witzel,Executivo estadual,sim,LUIZ PAULO DE MOURA:PER,sim,do cargo de livre provimento de COORDENADOR DE IMPLEMENTAÇÃO,da Fundação Saúde do Estado do Rio de Janeiro,"EXONERAR LUIZ PAULO DE MOURA, matrícula 524-9, a contar de 08/11/2012, do cargo de livre provimento de COORDENADOR DE IMPLEMENTAÇÃO, símbolo CD, da Diretoria de Planejamento de Gestão e Controle de Metas, da Fundação Saúde do Estado do Rio de Janeiro. PORTARIA FS/DE Nº 154/2012",https://www.ioerj.com.br/portal/modules/conteudoonline/mostra_edicao.php?session=VFVSTk5VOUViRVpQVkZsMFVXcEdSVkZwTURCTmFrRTFURlZGZWxGcVkzUlJWR2N5VVhwamVrMVVZM2xOTUZaR1RWUmpNMDlVUVRKTlZFMTZUbWM5UFE9PQ==,D:\github\exoneracoes_nomeacoes_dou\LAKE\RJ\2012\11\DOERJ_PARTE_I_PODER_EXECUTIVO_2012-11-26.md
RJ,Diario Oficial do Estado do Rio de Janeiro,2012-11-26,Parte I (Poder Executivo),exoneracao,FERNANDA DE FREITAS FIGUEIREDO,,,Secretario,5,Wilson Jose Witzel - Governador,Wilson Jose Witzel,Executivo estadual,sim,FERNANDA:ORG|FREITAS FIGUEIREDO:ORG|Freitas Figueiredo:PER,sim,do cargo de livre provimento de CHEFE DE FARMÁCIA,da Fundação Saúde do Estado do Rio de Janeiro,"EXONERAR FERNANDA DE FREITAS FIGUEIREDO, matrícula 1117-1, a contar de 09/11/2012, do cargo de livre provimento de CHEFE DE FARMÁCIA, símbolo CH, da Coordenação de Suprimentos, da Gerência de Suprimentos e Logística, da Diretoria Administrativa Financeira, da Fundação Saúde do Estado do Rio de Janeiro. PORTARIA FS/DE Nº 155/2012",https://www.ioerj.com.br/portal/modules/conteudoonline/mostra_edicao.php?session=VFVSTk5VOUViRVpQVkZsMFVXcEdSVkZwTURCTmFrRTFURlZGZWxGcVkzUlJWR2N5VVhwamVrMVVZM2xOTUZaR1RWUmpNMDlVUVRKTlZFMTZUbWM5UFE9PQ==,D:\github\exoneracoes_nomeacoes_dou\LAKE\RJ\2012\11\DOERJ_PARTE_I_PODER_EXECUTIVO_2012-11-26.md
RJ,Diario Oficial do Estado do Rio de Janeiro,2012-11-26,Parte I (Poder Executivo),exoneracao,ANA CÁSSIA COPLE FERREIRA,,,Secretario,5,Wilson Jose Witzel - Governador,Wilson Jose Witzel,Executivo estadual,sim,ANA:MISC|COPLE FERREIRA:MISC|Ana Cássia Cople Ferreira:PER,sim,do cargo de livre provimento de COORDENADOR DE ADMINISTRAÇÃO,da Fundação Saúde do Estado do Rio de Janeiro,"EXONERAR ANA CÁSSIA COPLE FERREIRA, matrícula 066-1, a contar de 09/11/2012, do cargo de livre provimento de COORDENADOR DE ADMINISTRAÇÃO, símbolo CD, da Gerência Administrativa, da Diretoria Administrativa Financeira, da Fundação Saúde do Estado do Rio de Janeiro. Id: 1412492. A faturar por empenho FUNDAÇÃO SAÚDE DO ESTADO DO RIO DE JANEIRO ##",https://www.ioerj.com.br/portal/modules/conteudoonline/mostra_edicao.php?session=VFVSTk5VOUViRVpQVkZsMFVXcEdSVkZwTURCTmFrRTFURlZGZWxGcVkzUlJWR2N5VVhwamVrMVVZM2xOTUZaR1RWUmpNMDlVUVRKTlZFMTZUbWM5UFE9PQ==,D:\github\exoneracoes_nomeacoes_dou\LAKE\RJ\2012\11\DOERJ_PARTE_I_PODER_EXECUTIVO_2012-11-26.md
RJ,Diario Oficial do Estado do Rio de Janeiro,2012-11-23,Parte I (Poder Executivo),nomeacao,CLARICE PINTO BARBOSA,,,Secretario,5,Wilson Jose Witzel - Governador,Wilson Jose Witzel,Executivo estadual,sim,CLARICE PINTO:PER,sim,,do Departamento de Trânsito do Estado do Rio de Janeiro -DETRAN/RJ,"NOMEAR CLARICE PINTO BARBOSA para exercer, com validade a contar de 01 de novembro de 2012, o cargo em comissão de Assessor I, símbolo DAS-8, da Diretoria de Registro de Veículos, do Departamento de Trânsito do Estado do Rio de Janeiro -DETRAN/RJ, da",https://www.ioerj.com.br/portal/modules/conteudoonline/mostra_edicao.php?session=VFZSck5VOVZUWGhSYW10MFRVUkplRTVETURCUk1FcEVURlJyZUU1cVNYUlBWRXBFVVZSRmVVOUZTa1pSZWtwR1RWUmpNMDlVUVRKTlZGVjZUa0U5UFE9PQ==,D:\github\exoneracoes_nomeacoes_dou\LAKE\RJ\2012\11\DOERJ_PARTE_I_PODER_EXECUTIVO_2012-11-23.md
RJ,Diario Oficial do Estado do Rio de Janeiro,2012-11-23,Parte I (Poder Executivo),nomeacao,LUIZ PAULO BARBOSA DE SOUZA,,,Secretario,5,Wilson Jose Witzel - Governador,Wilson Jose Witzel,Executivo estadual,sim,LUIZ PAULO BARBOSA DE SOUZA:PER,sim,para exercer o cargo em comissão de Assistente II,do Departamento Geral de Administração e Finanças,"NOMEAR LUIZ PAULO BARBOSA DE SOUZA para exercer o cargo em comissão de Assistente II, símbolo DAI-6, do Departamento Geral de Administração e Finanças, da",https://www.ioerj.com.br/portal/modules/conteudoonline/mostra_edicao.php?session=VFZSck5VOVZUWGhSYW10MFRVUkplRTVETURCUk1FcEVURlJyZUU1cVNYUlBWRXBFVVZSRmVVOUZTa1pSZWtwR1RWUmpNMDlVUVRKTlZGVjZUa0U5UFE9PQ==,D:\github\exoneracoes_nomeacoes_dou\LAKE\RJ\2012\11\DOERJ_PARTE_I_PODER_EXECUTIVO_2012-11-23.md
RJ,Diario Oficial do Estado do Rio de Janeiro,2012-11-23,Parte I (Poder Executivo),nomeacao,FLÁVIA RIGUEIRA ABOU-ID,,,Secretario,5,Wilson Jose Witzel - Governador,Wilson Jose Witzel,Executivo estadual,sim,FLÁVIA RIGUEIRA:MISC|Flávia Rigueira Abou-Id:PER,sim,para exercer o cargo em comissão de Secretário II,,"NOMEAR FLÁVIA RIGUEIRA ABOU-ID para exercer o cargo em comissão de Secretário II, símbolo DAI-5, da Auditoria Geral do Estado, da",https://www.ioerj.com.br/portal/modules/conteudoonline/mostra_edicao.php?session=VFZSck5VOVZUWGhSYW10MFRVUkplRTVETURCUk1FcEVURlJyZUU1cVNYUlBWRXBFVVZSRmVVOUZTa1pSZWtwR1RWUmpNMDlVUVRKTlZGVjZUa0U5UFE9PQ==,D:\github\exoneracoes_nomeacoes_dou\LAKE\RJ\2012\11\DOERJ_PARTE_I_PODER_EXECUTIVO_2012-11-23.md
RJ,Diario Oficial do Estado do Rio de Janeiro,2012-11-22,Parte I (Poder Executivo),exoneracao,LUIZ FERNANDO,,,Governador,1,Wilson Jose Witzel - Governador,Wilson Jose Witzel,Executivo estadual,sim,LUIZ FERNANDO:PER,sim,do cargo efetivo de Auxiliar Metrológico,do Instituto de Pesos e Medidas do Estado do Rio de Janeiro -IPEM/RJ,"EXONERAR a pedido, LUIZ FERNANDO DA SILVA RANGEL , matrícula nº 048.938-5, do cargo efetivo de Auxiliar Metrológico, Região 4, do Instituto de Pesos e Medidas do Estado do Rio de Janeiro -IPEM/RJ, da",https://www.ioerj.com.br/portal/modules/conteudoonline/mostra_edicao.php?session=VVZSVk0wMVZUWGxQUkZWMFVXcFpNMDVwTURCT1ZFMHdURlZKZDAxNmEzUlBWR3Q1VDFSQ1JGRXdXWGhPUlZFd1RWUmpNMDlVUVRKTmFsRXhUMUU5UFE9PQ==,D:\github\exoneracoes_nomeacoes_dou\LAKE\RJ\2012\11\DOERJ_PARTE_I_PODER_EXECUTIVO_2012-11-22.md
RJ,Diario Oficial do Estado do Rio de Janeiro,2012-11-22,Parte I (Poder Executivo),exoneracao,GILBER GIL,,,Secretario,5,Wilson Jose Witzel - Governador,Wilson Jose Witzel,Executivo estadual,sim,GILBER GIL:PER,sim,do cargo em comissão de Assessor,da Subsecretaria Militar,"EXONERAR GILBER GIL DA CONCEIÇÃO SILVA , ID. Funcional nº 2018464-6, do cargo em comissão de Assessor, símbolo DAS-8, da Subsecretaria Militar, da",https://www.ioerj.com.br/portal/modules/conteudoonline/mostra_edicao.php?session=VVZSVk0wMVZUWGxQUkZWMFVXcFpNMDVwTURCT1ZFMHdURlZKZDAxNmEzUlBWR3Q1VDFSQ1JGRXdXWGhPUlZFd1RWUmpNMDlVUVRKTmFsRXhUMUU5UFE9PQ==,D:\github\exoneracoes_nomeacoes_dou\LAKE\RJ\2012\11\DOERJ_PARTE_I_PODER_EXECUTIVO_2012-11-22.md
RJ,Diario Oficial do Estado do Rio de Janeiro,2012-11-22,Parte I (Poder Executivo),nomeacao,GILBER GIL,,,Secretario,5,Wilson Jose Witzel - Governador,Wilson Jose Witzel,Executivo estadual,sim,GILBER GIL:PER,sim,para exercer o cargo em comissão de Assistente,da Subsecretaria Militar,"NOMEAR GILBER GIL DA CONCEIÇÃO SILVA , ID. Funcional nº 2018464-6, para exercer o cargo em comissão de Assistente, símbolo DAS-6, da Subsecretaria Militar, da",https://www.ioerj.com.br/portal/modules/conteudoonline/mostra_edicao.php?session=VVZSVk0wMVZUWGxQUkZWMFVXcFpNMDVwTURCT1ZFMHdURlZKZDAxNmEzUlBWR3Q1VDFSQ1JGRXdXWGhPUlZFd1RWUmpNMDlVUVRKTmFsRXhUMUU5UFE9PQ==,D:\github\exoneracoes_nomeacoes_dou\LAKE\RJ\2012\11\DOERJ_PARTE_I_PODER_EXECUTIVO_2012-11-22.md
RJ,Diario Oficial do Estado do Rio de Janeiro,2012-11-22,Parte I (Poder Executivo),exoneracao,RUBEM ALEXANDRE RISEMBE,,,Secretario,5,Wilson Jose Witzel - Governador,Wilson Jose Witzel,Executivo estadual,sim,RUBEM ALEXANDRE:PER,sim,do cargo em comissão de Assistente II,da Subsecretaria de Comunicação Social,"EXONERAR com validade a contar de 12 de novembro de 2012, RUBEM ALEXANDRE RISEMBERG , ID. Funcional nº 43464262 do cargo em comissão de Assistente II, símbolo DAI-6, da Subsecretaria de Comunicação Social, da",https://www.ioerj.com.br/portal/modules/conteudoonline/mostra_edicao.php?session=VVZSVk0wMVZUWGxQUkZWMFVXcFpNMDVwTURCT1ZFMHdURlZKZDAxNmEzUlBWR3Q1VDFSQ1JGRXdXWGhPUlZFd1RWUmpNMDlVUVRKTmFsRXhUMUU5UFE9PQ==,D:\github\exoneracoes_nomeacoes_dou\LAKE\RJ\2012\11\DOERJ_PARTE_I_PODER_EXECUTIVO_2012-11-22.md
RJ,Diario Oficial do Estado do Rio de Janeiro,2012-11-22,Parte I (Poder Executivo),nomeacao,ISABEL CRISTINA GOMES DA SILVA,,,Secretario,5,Wilson Jose Witzel - Governador,Wilson Jose Witzel,Executivo estadual,sim,ISABEL CRISTINA GOMES DA SILVA:MISC|Isabel Cristina Gomes Da Silva:PER,sim,,da Subsecretaria de Comunicação Social,"NOMEAR ISABEL CRISTINA GOMES DA SILVA para exercer, com validade a contar de 12 de novembro de 2012, o cargo em comissão de Assistente II, símbolo DAI-6, da Subsecretaria de Comunicação Social, da",https://www.ioerj.com.br/portal/modules/conteudoonline/mostra_edicao.php?session=VVZSVk0wMVZUWGxQUkZWMFVXcFpNMDVwTURCT1ZFMHdURlZKZDAxNmEzUlBWR3Q1VDFSQ1JGRXdXWGhPUlZFd1RWUmpNMDlVUVRKTmFsRXhUMUU5UFE9PQ==,D:\github\exoneracoes_nomeacoes_dou\LAKE\RJ\2012\11\DOERJ_PARTE_I_PODER_EXECUTIVO_2012-11-22.md
RJ,Diario Oficial do Estado do Rio de Janeiro,2012-11-22,Parte I (Poder Executivo),nomeacao,NANCY LOPES,,,Secretario,5,Wilson Jose Witzel - Governador,Wilson Jose Witzel,Executivo estadual,sim,NANCY:MISC|LOPES:ORG|Nancy Lopes:PER,sim,para exercer o cargo em comissão de Secretário II,da Subsecretaria Militar,"NOMEAR NANCY LOPES DA CONCEIÇÃO , ID. Funcional nº 2017776-3, para exercer o cargo em comissão de Secretário II, símbolo DAI-5, da Subsecretaria Militar, da",https://www.ioerj.com.br/portal/modules/conteudoonline/mostra_edicao.php?session=VVZSVk0wMVZUWGxQUkZWMFVXcFpNMDVwTURCT1ZFMHdURlZKZDAxNmEzUlBWR3Q1VDFSQ1JGRXdXWGhPUlZFd1RWUmpNMDlVUVRKTmFsRXhUMUU5UFE9PQ==,D:\github\exoneracoes_nomeacoes_dou\LAKE\RJ\2012\11\DOERJ_PARTE_I_PODER_EXECUTIVO_2012-11-22.md
RJ,Diario Oficial do Estado do Rio de Janeiro,2012-11-22,Parte I (Poder Executivo),nomeacao,INSPETOR DE POLÍCIA,,,Secretario,5,Wilson Jose Witzel - Governador,Wilson Jose Witzel,Executivo estadual,sim,POLÍCIA:LOC|Inspetor De Polícia:PER,sim,,do Instituto de Segurança Pública do Estado do Rio de Janeiro -RIOSEGURANÇA,"NOMEAR LILIAN VILLA MELO DE MOURA , Inspetor de polícia, matrícula nº 871794-4, para exercer, com validade a contar de 01 de novembro de 2012, o cargo em comissão de Assistente, símbolo DAS-6, do Instituto de Segurança Pública do Estado do Rio de Janeiro -RIOSEGURANÇA, da",https://www.ioerj.com.br/portal/modules/conteudoonline/mostra_edicao.php?session=VVZSVk0wMVZUWGxQUkZWMFVXcFpNMDVwTURCT1ZFMHdURlZKZDAxNmEzUlBWR3Q1VDFSQ1JGRXdXWGhPUlZFd1RWUmpNMDlVUVRKTmFsRXhUMUU5UFE9PQ==,D:\github\exoneracoes_nomeacoes_dou\LAKE\RJ\2012\11\DOERJ_PARTE_I_PODER_EXECUTIVO_2012-11-22.md
RJ,Diario Oficial do Estado do Rio de Janeiro,2012-11-22,Parte I (Poder Executivo),nomeacao,DANIEL PIMENTEL CAVALCANTE,,,Secretario,5,Wilson Jose Witzel - Governador,Wilson Jose Witzel,Executivo estadual,sim,DANIEL PIMENTEL:MISC|Daniel Pimentel Cavalcante:PER,sim,,do Gabinete do Secretário,"NOMEAR DANIEL PIMENTEL CAVALCANTE para exercer, com validade a contar de 16 de novembro de 2012, o cargo em comissão de Assistente II, símbolo DAI-6, do Gabinete do Secretário, da",https://www.ioerj.com.br/portal/modules/conteudoonline/mostra_edicao.php?session=VVZSVk0wMVZUWGxQUkZWMFVXcFpNMDVwTURCT1ZFMHdURlZKZDAxNmEzUlBWR3Q1VDFSQ1JGRXdXWGhPUlZFd1RWUmpNMDlVUVRKTmFsRXhUMUU5UFE9PQ==,D:\github\exoneracoes_nomeacoes_dou\LAKE\RJ\2012\11\DOERJ_PARTE_I_PODER_EXECUTIVO_2012-11-22.md
RJ,Diario Oficial do Estado do Rio de Janeiro,2012-11-22,DO Campos (Poder Executivo),nomeacao,RICARDO RIBEIRO PRUDÊNCIO,,,Secretario,5,Wilson Jose Witzel - Governador,Wilson Jose Witzel,Executivo estadual,sim,RICARDO RIBEIRO PRUDÊNCIO:PER,sim,para exercer o cargo de provimento em comissão de Chefe de Gabinete Parlamentar,,"NOMEAR Ricardo Ribeiro Prudêncio, para exercer o cargo de provimento em comissão de Chefe de Gabinete Parlamentar, da Câmara Municipal de Campos dos Goytacazes, Símbolo CC-1, a partir de 1º de novembro de 2012. Campos dos Goytacazes, 14 de novembro de 2012. NELSON NAHIM MATHEUS DE OLIVEIRA - Presidente - Id: 1411833 Id: 1411786",https://www.ioerj.com.br/portal/modules/conteudoonline/mostra_edicao.php?session=VDFSbk1WRlVhM2RPUkVsMFVYcG5NMUpUTURCT2FteENURlZHUkZKVldYUk5hMUV5VVRCWk1FNXFhek5OTUZwSFRWUmpNMDlVUVRKTmFsRXhUMUU5UFE9PQ==,D:\github\exoneracoes_nomeacoes_dou\LAKE\RJ\2012\11\DOERJ_DO_CAMPOS_PODER_EXECUTIVO_2012-11-22.md
RJ,Diario Oficial do Estado do Rio de Janeiro,2012-11-21,Parte I (Poder Executivo),nomeacao,SHEILA DE SOUZA PEREIRA MARIANO,0431703-7,,Secretario,5,Wilson Jose Witzel - Governador,Wilson Jose Witzel,Executivo estadual,sim,SHEILA:ORG|MARIANO:ORG|Sheila De Souza Pereira Mariano:PER,sim,para exercer o cargo em comissão de Coordenador Setorial II,da Superintendência das Coordenadorias Setoriais de Contabilidade,"NOMEAR SHEILA DE SOUZA PEREIRA MARIANO, ID Funcional nº 0431703-7, para exercer o cargo em comissão de Coordenador Setorial II, símbolo DAS-8, da Coordenadoria Setorial de Contabilidade -Fazenda, da Superintendência das Coordenadorias Setoriais de Contabilidade, da Contadoria Geral do Estado, da",https://www.ioerj.com.br/portal/modules/conteudoonline/mostra_edicao.php?session=VG1wU1JFMVVXa1pTUlVsMFRucFZkMDFUTURCTlJFRjZURlJzUjA1VVVYUk9SRkV6VWxWT1FrNHdUa1pQUlZaR1RWUmpNMDlVUVRKTmFsbDZUbEU5UFE9PQ==,D:\github\exoneracoes_nomeacoes_dou\LAKE\RJ\2012\11\DOERJ_PARTE_I_PODER_EXECUTIVO_2012-11-21.md
RJ,Diario Oficial do Estado do Rio de Janeiro,2012-11-21,Parte I (Poder Executivo),nomeacao,ALBA VALÉRIA ALMEIDA BARBOSA,0194392-5,,Secretario,5,Wilson Jose Witzel - Governador,Wilson Jose Witzel,Executivo estadual,sim,ALBA VALÉRIA ALMEIDA:MISC|Alba Valéria Almeida Barbosa:PER,sim,para exercer o cargo em comissão de Assessor Setorial II,da Superintendência das Coordenadorias Setoriais de Contabilidade,"NOMEAR ALBA VALÉRIA ALMEIDA BARBOSA, ID Funcional nº 0194392-5, para exercer o cargo em comissão de Assessor Setorial II, símbolo DAS-7, da Coordenadoria Setorial de Contabilidade Fazenda, da Superintendência das Coordenadorias Setoriais de Contabilidade, da Contadoria Geral do Estado, da",https://www.ioerj.com.br/portal/modules/conteudoonline/mostra_edicao.php?session=VG1wU1JFMVVXa1pTUlVsMFRucFZkMDFUTURCTlJFRjZURlJzUjA1VVVYUk9SRkV6VWxWT1FrNHdUa1pQUlZaR1RWUmpNMDlVUVRKTmFsbDZUbEU5UFE9PQ==,D:\github\exoneracoes_nomeacoes_dou\LAKE\RJ\2012\11\DOERJ_PARTE_I_PODER_EXECUTIVO_2012-11-21.md
RJ,Diario Oficial do Estado do Rio de Janeiro,2012-11-21,Parte I (Poder Executivo),nomeacao,MARIA DAS DORES MACHARET,0202945-4,,Secretario,5,Wilson Jose Witzel - Governador,Wilson Jose Witzel,Executivo estadual,sim,MARIA DAS DORES MACHARET:MISC|Maria Das Dores Macharet:PER,sim,para exercer o cargo em comissão de Coordenador Setorial II,da Superintendência das Coordenadorias Setoriais de Contabilidade,"NOMEAR MARIA DAS DORES MACHARET, ID Funcional nº 0202945-4, para exercer o cargo em comissão de Coordenador Setorial II, símbolo DAS-8, da Coordenadoria Setorial de Contabilidade Transportes, da Superintendência das Coordenadorias Setoriais de Contabilidade, da Contadoria Geral do Estado, da",https://www.ioerj.com.br/portal/modules/conteudoonline/mostra_edicao.php?session=VG1wU1JFMVVXa1pTUlVsMFRucFZkMDFUTURCTlJFRjZURlJzUjA1VVVYUk9SRkV6VWxWT1FrNHdUa1pQUlZaR1RWUmpNMDlVUVRKTmFsbDZUbEU5UFE9PQ==,D:\github\exoneracoes_nomeacoes_dou\LAKE\RJ\2012\11\DOERJ_PARTE_I_PODER_EXECUTIVO_2012-11-21.md
RJ,Diario Oficial do Estado do Rio de Janeiro,2012-11-21,Parte I (Poder Executivo),nomeacao,SANDRA RODRIGUES FERNANDES,0271035-5,,Secretario,5,Wilson Jose Witzel - Governador,Wilson Jose Witzel,Executivo estadual,sim,SANDRA RODRIGUES:PER,sim,para exercer o cargo em comissão de Coordenador Setorial II,da Superintendência das Coordenadorias Setoriais de Contabilidade,"NOMEAR SANDRA RODRIGUES FERNANDES, ID Funcional nº 0271035-5, para exercer o cargo em comissão de Coordenador Setorial II, símbolo DAS-8, da Coordenadoria Setorial de Contabilidade -Esporte e Lazer, da Superintendência das Coordenadorias Setoriais de Contabilidade, da Contadoria Geral do Estado, da",https://www.ioerj.com.br/portal/modules/conteudoonline/mostra_edicao.php?session=VG1wU1JFMVVXa1pTUlVsMFRucFZkMDFUTURCTlJFRjZURlJzUjA1VVVYUk9SRkV6VWxWT1FrNHdUa1pQUlZaR1RWUmpNMDlVUVRKTmFsbDZUbEU5UFE9PQ==,D:\github\exoneracoes_nomeacoes_dou\LAKE\RJ\2012\11\DOERJ_PARTE_I_PODER_EXECUTIVO_2012-11-21.md
RJ,Diario Oficial do Estado do Rio de Janeiro,2012-11-21,Parte I (Poder Executivo),nomeacao,MARIZETE DA SILVA FONSECA DE OLIVEIRA,0061972-0,,Secretario,5,Wilson Jose Witzel - Governador,Wilson Jose Witzel,Executivo estadual,sim,MARIZETE DA SILVA FONSECA DE OLIVEIRA:PER,sim,para exercer o cargo em comissão de Coordenador Setorial II,da Superintendência das Coordenadorias Setoriais de Contabilidade,"NOMEAR MARIZETE DA SILVA FONSECA DE OLIVEIRA, ID Funcional nº 0061972-0, para exercer o cargo em comissão de Coordenador Setorial II, símbolo DAS-8, da Coordenadoria Setorial de Contabilidade - Desenvolvimento Regional, Abastecimento e Pesca, da Superintendência das Coordenadorias Setoriais de Contabilidade, da Contadoria Geral do Estado, da",https://www.ioerj.com.br/portal/modules/conteudoonline/mostra_edicao.php?session=VG1wU1JFMVVXa1pTUlVsMFRucFZkMDFUTURCTlJFRjZURlJzUjA1VVVYUk9SRkV6VWxWT1FrNHdUa1pQUlZaR1RWUmpNMDlVUVRKTmFsbDZUbEU5UFE9PQ==,D:\github\exoneracoes_nomeacoes_dou\LAKE\RJ\2012\11\DOERJ_PARTE_I_PODER_EXECUTIVO_2012-11-21.md
RJ,Diario Oficial do Estado do Rio de Janeiro,2012-11-21,Parte I (Poder Executivo),nomeacao,NADIA CRISTINA CHAGAS MORENO,0322401-2,,Secretario,5,Wilson Jose Witzel - Governador,Wilson Jose Witzel,Executivo estadual,sim,NADIA CRISTINA CHAGAS MORENO:ORG|Nadia Cristina Chagas Moreno:PER,sim,para exercer o cargo em comissão de Assessor Setorial II,da Superintendência das Coordenadorias Setoriais de Contabilidade,"NOMEAR NADIA CRISTINA CHAGAS MORENO, ID Funcional nº 0322401-2, para exercer o cargo em comissão de Assessor Setorial II, símbolo DAS-7, da Coordenadoria Setorial de Contabilidade Educação, da Superintendência das Coordenadorias Setoriais de Contabilidade, da Contadoria Geral do Estado, da",https://www.ioerj.com.br/portal/modules/conteudoonline/mostra_edicao.php?session=VG1wU1JFMVVXa1pTUlVsMFRucFZkMDFUTURCTlJFRjZURlJzUjA1VVVYUk9SRkV6VWxWT1FrNHdUa1pQUlZaR1RWUmpNMDlVUVRKTmFsbDZUbEU5UFE9PQ==,D:\github\exoneracoes_nomeacoes_dou\LAKE\RJ\2012\11\DOERJ_PARTE_I_PODER_EXECUTIVO_2012-11-21.md
RJ,Diario Oficial do Estado do Rio de Janeiro,2012-11-21,Parte I (Poder Executivo),nomeacao,EDUARDO OLÍMPIO DOS SANTOS,0433453-2,,Secretario,5,Wilson Jose Witzel - Governador,Wilson Jose Witzel,Executivo estadual,sim,EDUARDO OLÍMPIO DOS SANTOS:MISC|Eduardo Olímpio Dos Santos:PER,sim,para exercer o cargo em comissão de Assessor Setorial II,da Superintendência das Coordenadorias Setoriais de Contabilidade,"NOMEAR EDUARDO OLÍMPIO DOS SANTOS, ID Funcional nº 0433453-2, para exercer o cargo em comissão de Assessor Setorial II, símbolo DAS-7, da Coordenadoria Setorial de Contabilidade Educação, da Superintendência das Coordenadorias Setoriais de Contabilidade, da Contadoria Geral do Estado, da",https://www.ioerj.com.br/portal/modules/conteudoonline/mostra_edicao.php?session=VG1wU1JFMVVXa1pTUlVsMFRucFZkMDFUTURCTlJFRjZURlJzUjA1VVVYUk9SRkV6VWxWT1FrNHdUa1pQUlZaR1RWUmpNMDlVUVRKTmFsbDZUbEU5UFE9PQ==,D:\github\exoneracoes_nomeacoes_dou\LAKE\RJ\2012\11\DOERJ_PARTE_I_PODER_EXECUTIVO_2012-11-21.md
RJ,Diario Oficial do Estado do Rio de Janeiro,2012-11-21,Parte I (Poder Executivo),nomeacao,DAMIÃO JOSÉ,0201361-5,,Secretario,5,Wilson Jose Witzel - Governador,Wilson Jose Witzel,Executivo estadual,sim,Damião José:PER,sim,para exercer o cargo em comissão de Coordenador Setorial II,da Superintendência das Coordenadorias Setoriais de Contabilidade,"NOMEAR DAMIÃO JOSÉ DA SILVA , Analista de Controle Interno, ID Funcional nº 0201361-5, para exercer o cargo em comissão de Coordenador Setorial II, símbolo DAS-8, da Coordenadoria Setorial de Contabilidade -Desenvolvimento Econômico, Energia, Indústria e Serviços, da Superintendência das Coordenadorias Setoriais de Contabilidade, da Contadoria Geral do Estado, da",https://www.ioerj.com.br/portal/modules/conteudoonline/mostra_edicao.php?session=VG1wU1JFMVVXa1pTUlVsMFRucFZkMDFUTURCTlJFRjZURlJzUjA1VVVYUk9SRkV6VWxWT1FrNHdUa1pQUlZaR1RWUmpNMDlVUVRKTmFsbDZUbEU5UFE9PQ==,D:\github\exoneracoes_nomeacoes_dou\LAKE\RJ\2012\11\DOERJ_PARTE_I_PODER_EXECUTIVO_2012-11-21.md
RJ,Diario Oficial do Estado do Rio de Janeiro,2012-11-21,Parte I (Poder Executivo),nomeacao,SERGIO ROBERTO FERREIRA DAS NEVES,0321995-4,,Secretario,5,Wilson Jose Witzel - Governador,Wilson Jose Witzel,Executivo estadual,sim,ROBERTO FERREIRA DAS NEVES:MISC|Sergio Roberto Ferreira:PER,sim,,da Superintendência das Coordenadorias Setoriais de Contabilidade,"NOMEAR SERGIO ROBERTO FERREIRA DAS NEVES, ID Funcional nº 0321995-4, para exercer, com validade a contar de 12 de setembro de 2012, o cargo em comissão de Coordenador Setorial II, símbolo DAS-8, da Coordenadoria Setorial de Contabilidade - Ambiente, da Superintendência das Coordenadorias Setoriais de Contabilidade, da Contadoria Geral do Estado, da",https://www.ioerj.com.br/portal/modules/conteudoonline/mostra_edicao.php?session=VG1wU1JFMVVXa1pTUlVsMFRucFZkMDFUTURCTlJFRjZURlJzUjA1VVVYUk9SRkV6VWxWT1FrNHdUa1pQUlZaR1RWUmpNMDlVUVRKTmFsbDZUbEU5UFE9PQ==,D:\github\exoneracoes_nomeacoes_dou\LAKE\RJ\2012\11\DOERJ_PARTE_I_PODER_EXECUTIVO_2012-11-21.md
RJ,Diario Oficial do Estado do Rio de Janeiro,2012-11-21,Parte I (Poder Executivo),nomeacao,ALEXANDRE PANTOJA CORREA MAIA,0433397-9,,Secretario,5,Wilson Jose Witzel - Governador,Wilson Jose Witzel,Executivo estadual,sim,ALEXANDRE PANTOJA:PER,sim,para exercer o cargo em comissão de Coordenador Setorial II,da Superintendência das Coordenadorias Setoriais de Contabilidade,"NOMEAR ALEXANDRE PANTOJA CORREA MAIA, ID Funcional nº 0433397-9, para exercer o cargo em comissão de Coordenador Setorial II, símbolo DAS-8, da Coordenadoria Setorial de Contabilidade -Agricultura e Pecuária, da Superintendência das Coordenadorias Setoriais de Contabilidade, da Contadoria Geral do Estado, da",https://www.ioerj.com.br/portal/modules/conteudoonline/mostra_edicao.php?session=VG1wU1JFMVVXa1pTUlVsMFRucFZkMDFUTURCTlJFRjZURlJzUjA1VVVYUk9SRkV6VWxWT1FrNHdUa1pQUlZaR1RWUmpNMDlVUVRKTmFsbDZUbEU5UFE9PQ==,D:\github\exoneracoes_nomeacoes_dou\LAKE\RJ\2012\11\DOERJ_PARTE_I_PODER_EXECUTIVO_2012-11-21.md
RJ,Diario Oficial do Estado do Rio de Janeiro,2012-11-21,Parte I (Poder Executivo),nomeacao,LUIZ ANTÔNIO,552773-2,,Secretario,5,Wilson Jose Witzel - Governador,Wilson Jose Witzel,Executivo estadual,sim,LUIZ ANTÔNIO:PER,sim,para exercer o cargo em comissão de Assessor,,"NOMEAR LUIZ ANTÔNIO DA CRUZ PINHEIRO , ID Funcional nº 552773-2, para exercer o cargo em comissão de Assessor, símbolo DAS-8, da Contadoria Geral do Estado, da",https://www.ioerj.com.br/portal/modules/conteudoonline/mostra_edicao.php?session=VG1wU1JFMVVXa1pTUlVsMFRucFZkMDFUTURCTlJFRjZURlJzUjA1VVVYUk9SRkV6VWxWT1FrNHdUa1pQUlZaR1RWUmpNMDlVUVRKTmFsbDZUbEU5UFE9PQ==,D:\github\exoneracoes_nomeacoes_dou\LAKE\RJ\2012\11\DOERJ_PARTE_I_PODER_EXECUTIVO_2012-11-21.md
RJ,Diario Oficial do Estado do Rio de Janeiro,2012-11-14,Parte I (Poder Executivo),nomeacao,ANA PAULA FERREIRA,4427933-7,,Secretario,5,Wilson Jose Witzel - Governador,Wilson Jose Witzel,Executivo estadual,sim,FERREIRA:ORG|Ana Paula Ferreira:PER,sim,,,"NOMEAR ANA PAULA FERREIRA DA ROCHA , ID. Funcional nº 4399217-0, para exercer, com validade a contar de 01 de novembro de 2012, o cargo em comissão de Assessor, símbolo DAS-7, da Vice-Governadoria do Estado, anteriormente ocupado por Giana Moreira Guedes e Silva Menezes, ID Funcional nº 4427933-7. Processo nº E-16/178/2012",https://www.ioerj.com.br/portal/modules/conteudoonline/mostra_edicao.php?session=VGtWUk5VMXFRWGxTVkdOMFRsUlZlVkZUTURCUlZVVXlURlZLUjA1VlZYUk9hbEpFVDFWTmVGSnFWa05SZWtaQ1RWUmpNMDlVUVRKTmFtdDVUa0U5UFE9PQ==,D:\github\exoneracoes_nomeacoes_dou\LAKE\RJ\2012\11\DOERJ_PARTE_I_PODER_EXECUTIVO_2012-11-14.md
RJ,Diario Oficial do Estado do Rio de Janeiro,2012-11-14,Parte I (Poder Executivo),nomeacao,TATIANE DUARTE BONIFÁCIO,,,Secretario,5,Wilson Jose Witzel - Governador,Wilson Jose Witzel,Executivo estadual,sim,Tatiane Duarte Bonifácio:PER,sim,,,"NOMEAR TATIANE DUARTE BONIFÁCIO para exercer, com validade a contar de 14 de novembro de 2012, o cargo em comissão de Assistente, símbolo DAS-6, da",https://www.ioerj.com.br/portal/modules/conteudoonline/mostra_edicao.php?session=VGtWUk5VMXFRWGxTVkdOMFRsUlZlVkZUTURCUlZVVXlURlZLUjA1VlZYUk9hbEpFVDFWTmVGSnFWa05SZWtaQ1RWUmpNMDlVUVRKTmFtdDVUa0U5UFE9PQ==,D:\github\exoneracoes_nomeacoes_dou\LAKE\RJ\2012\11\DOERJ_PARTE_I_PODER_EXECUTIVO_2012-11-14.md
RJ,Diario Oficial do Estado do Rio de Janeiro,2012-11-14,Parte I (Poder Executivo),nomeacao,RONALDO SILVA TEIXEIRA,,,Secretario,5,Wilson Jose Witzel - Governador,Wilson Jose Witzel,Executivo estadual,sim,RONALDO SILVA TEIXEIRA:MISC|Ronaldo Silva Teixeira:PER,sim,,,"NOMEAR RONALDO SILVA TEIXEIRA para exercer, com validade a contar de 22 de outubro de 2012, o cargo em comissão de Assistente II, símbolo DAI-6, da",https://www.ioerj.com.br/portal/modules/conteudoonline/mostra_edicao.php?session=VGtWUk5VMXFRWGxTVkdOMFRsUlZlVkZUTURCUlZVVXlURlZLUjA1VlZYUk9hbEpFVDFWTmVGSnFWa05SZWtaQ1RWUmpNMDlVUVRKTmFtdDVUa0U5UFE9PQ==,D:\github\exoneracoes_nomeacoes_dou\LAKE\RJ\2012\11\DOERJ_PARTE_I_PODER_EXECUTIVO_2012-11-14.md
RJ,Diario Oficial do Estado do Rio de Janeiro,2012-11-14,Parte I (Poder Executivo),nomeacao,ALEXANDRE MARCOS PARAVIZO,4384069-8,,Secretario,5,Wilson Jose Witzel - Governador,Wilson Jose Witzel,Executivo estadual,sim,ALEXANDRE MARCOS PARAVIZO:PER,sim,para exercer o cargo em comissão de Auditor Tributário,,"NOMEAR ALEXANDRE MARCOS PARAVIZO, Auditor Fiscal da Receita Estadual de 3ª Categoria, ID Funcional nº 4384069-8, para exercer o cargo em comissão de Auditor Tributário, símbolo DAS-6, da Junta de Revisão Fiscal, da",https://www.ioerj.com.br/portal/modules/conteudoonline/mostra_edicao.php?session=VGtWUk5VMXFRWGxTVkdOMFRsUlZlVkZUTURCUlZVVXlURlZLUjA1VlZYUk9hbEpFVDFWTmVGSnFWa05SZWtaQ1RWUmpNMDlVUVRKTmFtdDVUa0U5UFE9PQ==,D:\github\exoneracoes_nomeacoes_dou\LAKE\RJ\2012\11\DOERJ_PARTE_I_PODER_EXECUTIVO_2012-11-14.md
RJ,Diario Oficial do Estado do Rio de Janeiro,2012-11-14,Parte I (Poder Executivo),nomeacao,LUIZ ROBERTO COSTA,4372051-0,,Secretario,5,Wilson Jose Witzel - Governador,Wilson Jose Witzel,Executivo estadual,sim,LUIZ ROBERTO COSTA:PER,sim,para exercer o cargo em comissão de Auditor Tributário,,"NOMEAR LUIZ ROBERTO COSTA, Auditor Fiscal da Receita Estadual de 3ª Categoria, ID Funcional nº 4372051-0, para exercer o cargo em comissão de Auditor Tributário, símbolo DAS-6, da Junta de Revisão Fiscal, da",https://www.ioerj.com.br/portal/modules/conteudoonline/mostra_edicao.php?session=VGtWUk5VMXFRWGxTVkdOMFRsUlZlVkZUTURCUlZVVXlURlZLUjA1VlZYUk9hbEpFVDFWTmVGSnFWa05SZWtaQ1RWUmpNMDlVUVRKTmFtdDVUa0U5UFE9PQ==,D:\github\exoneracoes_nomeacoes_dou\LAKE\RJ\2012\11\DOERJ_PARTE_I_PODER_EXECUTIVO_2012-11-14.md
RJ,Diario Oficial do Estado do Rio de Janeiro,2012-11-14,Parte I (Poder Executivo),nomeacao,OTTO LUIZ RAMOS,,,Secretario,5,Wilson Jose Witzel - Governador,Wilson Jose Witzel,Executivo estadual,sim,OTTO LUIZ RAMOS:PER,sim,para exercer o cargo em comissão de Subdiretor Geral,,"NOMEAR OTTO LUIZ RAMOS DA LUZ , Tenente-Coronel BM, ID. Funcional nº 2601486-6, para exercer o cargo em comissão de Subdiretor Geral, símbolo DAS-7, da Subdiretoria Geral de Ensino e Instrução, da Diretoria Geral de Ensino e Instrução, do Subcomando-Geral do CBMERJ, do Corpo de Bombeiros Militar do Estado do Rio de Janeiro -CBMERJ, da",https://www.ioerj.com.br/portal/modules/conteudoonline/mostra_edicao.php?session=VGtWUk5VMXFRWGxTVkdOMFRsUlZlVkZUTURCUlZVVXlURlZLUjA1VlZYUk9hbEpFVDFWTmVGSnFWa05SZWtaQ1RWUmpNMDlVUVRKTmFtdDVUa0U5UFE9PQ==,D:\github\exoneracoes_nomeacoes_dou\LAKE\RJ\2012\11\DOERJ_PARTE_I_PODER_EXECUTIVO_2012-11-14.md
RJ,Diario Oficial do Estado do Rio de Janeiro,2012-11-14,Parte I (Poder Executivo),exoneracao,OTTO LUIZ RAMOS,,,Secretario,5,Wilson Jose Witzel - Governador,Wilson Jose Witzel,Executivo estadual,sim,OTTO LUIZ RAMOS:PER,sim,do cargo em comissão de Chefe de Estado Maior de Comando Intermediário,,"EXONERAR OTTO LUIZ RAMOS DA LUZ , Tenente-Coronel BM, ID. Funcional nº 2601486-6, do cargo em comissão de Chefe de Estado Maior de Comando Intermediário, símbolo DAS-6, da Chefia da Estado-Maior, do Comando de Bombeiro de Área - CBA VII - Costa Verde, do Subcomando-Geral do CBMERJ, do Corpo de Bombeiros Militar do Estado do Rio de Janeiro - CBMERJ, da",https://www.ioerj.com.br/portal/modules/conteudoonline/mostra_edicao.php?session=VGtWUk5VMXFRWGxTVkdOMFRsUlZlVkZUTURCUlZVVXlURlZLUjA1VlZYUk9hbEpFVDFWTmVGSnFWa05SZWtaQ1RWUmpNMDlVUVRKTmFtdDVUa0U5UFE9PQ==,D:\github\exoneracoes_nomeacoes_dou\LAKE\RJ\2012\11\DOERJ_PARTE_I_PODER_EXECUTIVO_2012-11-14.md
RJ,Diario Oficial do Estado do Rio de Janeiro,2012-11-14,Parte I (Poder Executivo),exoneracao,RAFAEL BRAZÃO,,,Secretario,5,Wilson Jose Witzel - Governador,Wilson Jose Witzel,Executivo estadual,sim,RAFAEL BRAZÃO:MISC|Rafael Brazão:PER,sim,do cargo em comissão de Comandante de Destacamento,,"EXONERAR RAFAEL BRAZÃO DA GAMA , Capitão BM, ID. Funcional nº 4189711-0, do cargo em comissão de Comandante de Destacamento, símbolo DAI-6, do 1º Destacamento de Bombeiro Militar (DBM 1/9 - Casemiro de Abreu), do 9º Grupamento de Bombeiro Militar - Macaé, do Comando de Bombeiro de Área - CBA V - Baixada Litorâneas, do Subcomando-Geral do CBMERJ, do Corpo de Bombeiros Militar do Estado do Rio de Janeiro - CBMERJ, da",https://www.ioerj.com.br/portal/modules/conteudoonline/mostra_edicao.php?session=VGtWUk5VMXFRWGxTVkdOMFRsUlZlVkZUTURCUlZVVXlURlZLUjA1VlZYUk9hbEpFVDFWTmVGSnFWa05SZWtaQ1RWUmpNMDlVUVRKTmFtdDVUa0U5UFE9PQ==,D:\github\exoneracoes_nomeacoes_dou\LAKE\RJ\2012\11\DOERJ_PARTE_I_PODER_EXECUTIVO_2012-11-14.md
RJ,Diario Oficial do Estado do Rio de Janeiro,2012-11-14,Parte I (Poder Executivo),nomeacao,RICARDO SILVA FIRMINO,02645326-6,,Secretario,5,Wilson Jose Witzel - Governador,Wilson Jose Witzel,Executivo estadual,sim,RICARDO SILVA:PER,sim,para exercer o cargo em comissão de Comandante de Destacamento,,"NOMEAR RICARDO SILVA FIRMINO, Major BM, ID Funcional nº 02645326-6, para exercer o cargo em comissão de Comandante de Destacamento, símbolo DAI-6, do 1º Destacamento de Bombeiro Militar (DBM 1/9 - Casemiro de Abreu), do 9º Grupamento de Bombeiro Militar - Macaé, do Comando de Bombeiro de Área - CBA V Baixada Litorâneas, do Subcomando-Geral do CBMERJ, do Corpo de Bombeiros Militar do Estado do Rio de Janeiro - CBMERJ, da",https://www.ioerj.com.br/portal/modules/conteudoonline/mostra_edicao.php?session=VGtWUk5VMXFRWGxTVkdOMFRsUlZlVkZUTURCUlZVVXlURlZLUjA1VlZYUk9hbEpFVDFWTmVGSnFWa05SZWtaQ1RWUmpNMDlVUVRKTmFtdDVUa0U5UFE9PQ==,D:\github\exoneracoes_nomeacoes_dou\LAKE\RJ\2012\11\DOERJ_PARTE_I_PODER_EXECUTIVO_2012-11-14.md
RJ,Diario Oficial do Estado do Rio de Janeiro,2012-11-14,Parte I (Poder Executivo),nomeacao,JULIO CESAR GOMES,,,Secretario,5,Wilson Jose Witzel - Governador,Wilson Jose Witzel,Executivo estadual,sim,JULIO CESAR GOMES:PER,sim,para exercer o cargo em comissão de Ajudante I,,"NOMEAR JULIO CESAR GOMES para exercer o cargo em comissão de Ajudante I, símbolo DAI-1, da",https://www.ioerj.com.br/portal/modules/conteudoonline/mostra_edicao.php?session=VGtWUk5VMXFRWGxTVkdOMFRsUlZlVkZUTURCUlZVVXlURlZLUjA1VlZYUk9hbEpFVDFWTmVGSnFWa05SZWtaQ1RWUmpNMDlVUVRKTmFtdDVUa0U5UFE9PQ==,D:\github\exoneracoes_nomeacoes_dou\LAKE\RJ\2012\11\DOERJ_PARTE_I_PODER_EXECUTIVO_2012-11-14.md
RJ,Diario Oficial do Estado do Rio de Janeiro,2012-11-14,Parte I (Poder Executivo),nomeacao,MARIO TEIXEIRA DE MOURA DIAS,,,Secretario,5,Wilson Jose Witzel - Governador,Wilson Jose Witzel,Executivo estadual,sim,MARIO TEIXEIRA DE MOURA DIAS:MISC|Mario Teixeira De Moura Dias:PER,sim,para exercer o cargo em comissão de Ajudante I,,"NOMEAR MARIO TEIXEIRA DE MOURA DIAS para exercer o cargo em comissão de Ajudante I, símbolo DAI-1, da",https://www.ioerj.com.br/portal/modules/conteudoonline/mostra_edicao.php?session=VGtWUk5VMXFRWGxTVkdOMFRsUlZlVkZUTURCUlZVVXlURlZLUjA1VlZYUk9hbEpFVDFWTmVGSnFWa05SZWtaQ1RWUmpNMDlVUVRKTmFtdDVUa0U5UFE9PQ==,D:\github\exoneracoes_nomeacoes_dou\LAKE\RJ\2012\11\DOERJ_PARTE_I_PODER_EXECUTIVO_2012-11-14.md
RJ,Diario Oficial do Estado do Rio de Janeiro,2012-11-14,Parte I (Poder Executivo),nomeacao,JULIANA MIGUEL MOURA NEVES,,,Secretario,5,Wilson Jose Witzel - Governador,Wilson Jose Witzel,Executivo estadual,sim,JULIANA MIGUEL:PER,sim,para exercer o cargo em comissão de Ajudante I,,"NOMEAR JULIANA MIGUEL MOURA NEVES para exercer o cargo em comissão de Ajudante I, símbolo DAI-1, da",https://www.ioerj.com.br/portal/modules/conteudoonline/mostra_edicao.php?session=VGtWUk5VMXFRWGxTVkdOMFRsUlZlVkZUTURCUlZVVXlURlZLUjA1VlZYUk9hbEpFVDFWTmVGSnFWa05SZWtaQ1RWUmpNMDlVUVRKTmFtdDVUa0U5UFE9PQ==,D:\github\exoneracoes_nomeacoes_dou\LAKE\RJ\2012\11\DOERJ_PARTE_I_PODER_EXECUTIVO_2012-11-14.md
RJ,Diario Oficial do Estado do Rio de Janeiro,2012-11-14,Parte I (Poder Executivo),nomeacao,MARCELLE LEONARDO BRAGA CARGO,,,Secretario,5,Wilson Jose Witzel - Governador,Wilson Jose Witzel,Executivo estadual,sim,MARCELLE LEONARDO BRAGA CARGO:MISC|Marcelle Leonardo Braga Cargo:PER,sim,,,"NOMEAR MARCELLE LEONARDO BRAGA cargo para exercer o em comissão de Ajudante I, símbolo DAI-1, da",https://www.ioerj.com.br/portal/modules/conteudoonline/mostra_edicao.php?session=VGtWUk5VMXFRWGxTVkdOMFRsUlZlVkZUTURCUlZVVXlURlZLUjA1VlZYUk9hbEpFVDFWTmVGSnFWa05SZWtaQ1RWUmpNMDlVUVRKTmFtdDVUa0U5UFE9PQ==,D:\github\exoneracoes_nomeacoes_dou\LAKE\RJ\2012\11\DOERJ_PARTE_I_PODER_EXECUTIVO_2012-11-14.md
RJ,Diario Oficial do Estado do Rio de Janeiro,2012-11-14,Parte I (Poder Executivo),nomeacao,LEISE THEREZA TEIXEIEA VALES,,,Secretario,5,Wilson Jose Witzel - Governador,Wilson Jose Witzel,Executivo estadual,sim,TEIXEIEA VALES:MISC|Leise Thereza Teixeiea Vales:PER,sim,para exercer o cargo em comissão de Ajudante I,,"NOMEAR LEISE THEREZA TEIXEIEA VALES para exercer o cargo em comissão de Ajudante I, símbolo DAI-1, da",https://www.ioerj.com.br/portal/modules/conteudoonline/mostra_edicao.php?session=VGtWUk5VMXFRWGxTVkdOMFRsUlZlVkZUTURCUlZVVXlURlZLUjA1VlZYUk9hbEpFVDFWTmVGSnFWa05SZWtaQ1RWUmpNMDlVUVRKTmFtdDVUa0U5UFE9PQ==,D:\github\exoneracoes_nomeacoes_dou\LAKE\RJ\2012\11\DOERJ_PARTE_I_PODER_EXECUTIVO_2012-11-14.md
RJ,Diario Oficial do Estado do Rio de Janeiro,2012-11-14,Parte I (Poder Executivo),nomeacao,JOSÉ LUIZ PEREIRA DE SOUZA JUNIOR,,,Secretario,5,Wilson Jose Witzel - Governador,Wilson Jose Witzel,Executivo estadual,sim,JOSÉ LUIZ PEREIRA DE SOUZA JUNIOR:PER,sim,,,"NOMEAR JOSÉ LUIZ PEREIRA DE SOUZA JUNIOR para exercer, com validade a contar de 01 de novembro de 2012, o cargo em comissão de Coordenador, símbolo DAS-8, da",https://www.ioerj.com.br/portal/modules/conteudoonline/mostra_edicao.php?session=VGtWUk5VMXFRWGxTVkdOMFRsUlZlVkZUTURCUlZVVXlURlZLUjA1VlZYUk9hbEpFVDFWTmVGSnFWa05SZWtaQ1RWUmpNMDlVUVRKTmFtdDVUa0U5UFE9PQ==,D:\github\exoneracoes_nomeacoes_dou\LAKE\RJ\2012\11\DOERJ_PARTE_I_PODER_EXECUTIVO_2012-11-14.md
RJ,Diario Oficial do Estado do Rio de Janeiro,2012-11-14,Parte I (Poder Executivo),nomeacao,FABIANA RANGEL RODRIGUES,,,Secretario,5,Wilson Jose Witzel - Governador,Wilson Jose Witzel,Executivo estadual,sim,FABIANA RANGEL RODRIGUES:MISC|Fabiana Rangel Rodrigues:PER,sim,,da Superintendência de Relações Trabalhistas,"NOMEAR FABIANA RANGEL RODRIGUES para exercer, com validade a contar de 01 de novembro de 2012, o cargo em comissão de Assistente, símbolo DAS-6, da Coordenadoria de Segurança e Saúde do Trabalhador, da Superintendência de Relações Trabalhistas, da Subsecretaria-Adjunta de Atendimento ao Trabalhador e Relações Trabalhistas, da Subsecretaria, da",https://www.ioerj.com.br/portal/modules/conteudoonline/mostra_edicao.php?session=VGtWUk5VMXFRWGxTVkdOMFRsUlZlVkZUTURCUlZVVXlURlZLUjA1VlZYUk9hbEpFVDFWTmVGSnFWa05SZWtaQ1RWUmpNMDlVUVRKTmFtdDVUa0U5UFE9PQ==,D:\github\exoneracoes_nomeacoes_dou\LAKE\RJ\2012\11\DOERJ_PARTE_I_PODER_EXECUTIVO_2012-11-14.md
RJ,Diario Oficial do Estado do Rio de Janeiro,2012-11-14,Parte I (Poder Executivo),nomeacao,WELLINGTON DA SILVA MOREIRA,,,Secretario,5,Wilson Jose Witzel - Governador,Wilson Jose Witzel,Executivo estadual,sim,WELLINGTON DA SILVA MOREIRA:MISC|Wellington Da Silva Moreira:PER,sim,,do Departamento Geral de Administração e Finanças,"NOMEAR WELLINGTON DA SILVA MOREIRA para exercer, com validade a contar de 01 de novembro de 2012, o cargo em comissão de Chefe, símbolo DAI-6, do Serviço de Copa, da Divisão de Serviços Gerais, do Departamento Geral de Administração e Finanças, da",https://www.ioerj.com.br/portal/modules/conteudoonline/mostra_edicao.php?session=VGtWUk5VMXFRWGxTVkdOMFRsUlZlVkZUTURCUlZVVXlURlZLUjA1VlZYUk9hbEpFVDFWTmVGSnFWa05SZWtaQ1RWUmpNMDlVUVRKTmFtdDVUa0U5UFE9PQ==,D:\github\exoneracoes_nomeacoes_dou\LAKE\RJ\2012\11\DOERJ_PARTE_I_PODER_EXECUTIVO_2012-11-14.md
RJ,Diario Oficial do Estado do Rio de Janeiro,2012-11-14,Parte I (Poder Executivo),nomeacao,ERICSON DUARTE FORTES DE FARIA,,,Secretario,5,Wilson Jose Witzel - Governador,Wilson Jose Witzel,Executivo estadual,sim,DUARTE FORTES:MISC|FARIA:PER,sim,,da Fundação Teatro Municipal do Rio de Janeiro -FTM/RJ,"NOMEAR ERICSON DUARTE FORTES DE FARIA para exercer, com validade a contar de 01 de novembro de 2012, o cargo em comissão de Encarregado, símbolo DAI-4, da Fundação Teatro Municipal do Rio de Janeiro -FTM/RJ, da",https://www.ioerj.com.br/portal/modules/conteudoonline/mostra_edicao.php?session=VGtWUk5VMXFRWGxTVkdOMFRsUlZlVkZUTURCUlZVVXlURlZLUjA1VlZYUk9hbEpFVDFWTmVGSnFWa05SZWtaQ1RWUmpNMDlVUVRKTmFtdDVUa0U5UFE9PQ==,D:\github\exoneracoes_nomeacoes_dou\LAKE\RJ\2012\11\DOERJ_PARTE_I_PODER_EXECUTIVO_2012-11-14.md
RJ,Diario Oficial do Estado do Rio de Janeiro,2012-11-14,Parte I (Poder Executivo),nomeacao,REPRESENTANTES ESPECIFICAMENTE,,,Secretario,5,Wilson Jose Witzel - Governador,Wilson Jose Witzel,Executivo estadual,sim,REPRESENTANTES:PER,sim,,,NOMEAR representantes especificamente para praticas das atividades de despacho e de desembaraço aduaneiro previstas no perfil de importador do Siscomex; - III -retirar ou determinar a retirada e o transporte de equipamentos importados dos armazéns alfandegários a fim de que sejam encaminhados a sede do INEA,https://www.ioerj.com.br/portal/modules/conteudoonline/mostra_edicao.php?session=VGtWUk5VMXFRWGxTVkdOMFRsUlZlVkZUTURCUlZVVXlURlZLUjA1VlZYUk9hbEpFVDFWTmVGSnFWa05SZWtaQ1RWUmpNMDlVUVRKTmFtdDVUa0U5UFE9PQ==,D:\github\exoneracoes_nomeacoes_dou\LAKE\RJ\2012\11\DOERJ_PARTE_I_PODER_EXECUTIVO_2012-11-14.md
RJ,Diario Oficial do Estado do Rio de Janeiro,2012-11-13,Parte I (Poder Executivo),exoneracao,JERONIMO SOARES DE SOUSA,,,Secretario,5,Wilson Jose Witzel - Governador,Wilson Jose Witzel,Executivo estadual,sim,JERONIMO SOARES:PER,sim,do cargo em comissão de Assistente,da Subsecretaria de Modernização da Gestão de Finanças Públicas,"EXONERAR a pedido e com validade a contar de 01 de novembro de 2012, JERONIMO SOARES DE SOUSA, ID. Funcional nº 5007707-4, do cargo em comissão de Assistente, símbolo DAS-6, da Subsecretaria de Modernização da Gestão de Finanças Públicas, da",https://www.ioerj.com.br/portal/modules/conteudoonline/mostra_edicao.php?session=VGtSU1JGRnJSa1ZPVkVGMFVsVlZOVkpETURCTlJGSkRURlJuZWs1RlJYUlBWVTE0VVZWSk5VNVZTVEZTVlZrelRWUmpNMDlVUVRKTmVrVTBUMEU5UFE9PQ==,D:\github\exoneracoes_nomeacoes_dou\LAKE\RJ\2012\11\DOERJ_PARTE_I_PODER_EXECUTIVO_2012-11-13.md
RJ,Diario Oficial do Estado do Rio de Janeiro,2012-11-13,Parte I (Poder Executivo),nomeacao,TATIANA MARQUES CASTIGLIONE,,,Secretario,5,Wilson Jose Witzel - Governador,Wilson Jose Witzel,Executivo estadual,sim,TATIANA MARQUES:PER,sim,,da Subsecretaria de Fazenda para Assuntos Jurídicos,"NOMEAR TATIANA MARQUES CASTIGLIONE para exercer, com validade a contar de 01 de novembro de 2012, o cargo em comissão de Assistente II, símbolo DAI-6, da Subsecretaria de Fazenda para Assuntos Jurídicos, da",https://www.ioerj.com.br/portal/modules/conteudoonline/mostra_edicao.php?session=VGtSU1JGRnJSa1ZPVkVGMFVsVlZOVkpETURCTlJGSkRURlJuZWs1RlJYUlBWVTE0VVZWSk5VNVZTVEZTVlZrelRWUmpNMDlVUVRKTmVrVTBUMEU5UFE9PQ==,D:\github\exoneracoes_nomeacoes_dou\LAKE\RJ\2012\11\DOERJ_PARTE_I_PODER_EXECUTIVO_2012-11-13.md
RJ,Diario Oficial do Estado do Rio de Janeiro,2012-11-13,Parte I (Poder Executivo),nomeacao,ANA ISABEL GOMES MARQUES CASALTA NABAIS,,,Secretario,5,Wilson Jose Witzel - Governador,Wilson Jose Witzel,Executivo estadual,sim,ANA ISABEL GOMES MARQUES:PER,sim,,,"NOMEAR ANA ISABEL GOMES MARQUES CASALTA NABAIS para exercer, com validade a contar de 01 de novembro de 2012, o cargo em comissão de Secretário II, símbolo DAI-5, da",https://www.ioerj.com.br/portal/modules/conteudoonline/mostra_edicao.php?session=VGtSU1JGRnJSa1ZPVkVGMFVsVlZOVkpETURCTlJGSkRURlJuZWs1RlJYUlBWVTE0VVZWSk5VNVZTVEZTVlZrelRWUmpNMDlVUVRKTmVrVTBUMEU5UFE9PQ==,D:\github\exoneracoes_nomeacoes_dou\LAKE\RJ\2012\11\DOERJ_PARTE_I_PODER_EXECUTIVO_2012-11-13.md
RJ,Diario Oficial do Estado do Rio de Janeiro,2012-11-13,Parte I (Poder Executivo),nomeacao,ALCIDES FERREIRA,,,Secretario,5,Wilson Jose Witzel - Governador,Wilson Jose Witzel,Executivo estadual,sim,FERREIRA:ORG|Alcides Ferreira:PER,sim,da Assessoria Administrativa,,"NOMEAR ALCIDES FERREIRA DA CRUZ , ID. Funcional nº 3215324-4, para exercer, com validade a contar de 01 de novembro de 2012, o cargo em comissão de Coordenador, símbolo DAS-8, da Assessoria Administrativa, da",https://www.ioerj.com.br/portal/modules/conteudoonline/mostra_edicao.php?session=VGtSU1JGRnJSa1ZPVkVGMFVsVlZOVkpETURCTlJGSkRURlJuZWs1RlJYUlBWVTE0VVZWSk5VNVZTVEZTVlZrelRWUmpNMDlVUVRKTmVrVTBUMEU5UFE9PQ==,D:\github\exoneracoes_nomeacoes_dou\LAKE\RJ\2012\11\DOERJ_PARTE_I_PODER_EXECUTIVO_2012-11-13.md
RJ,Diario Oficial do Estado do Rio de Janeiro,2012-11-13,Parte I (Poder Executivo),nomeacao,ULYAN CARLOS VERGOLINO,,,Secretario,5,Wilson Jose Witzel - Governador,Wilson Jose Witzel,Executivo estadual,sim,CARLOS VERGOLINO:PER,sim,,da Subsecretaria Executiva,"NOMEAR ULYAN CARLOS VERGOLINO DO NASCIMENTO , ID. Funcional nº 418555-8, para exercer, com validade a contar de 01 de novembro de 2012, o cargo em comissão de Assistente, símbolo DAS-6, da Subsecretaria Executiva, da",https://www.ioerj.com.br/portal/modules/conteudoonline/mostra_edicao.php?session=VGtSU1JGRnJSa1ZPVkVGMFVsVlZOVkpETURCTlJGSkRURlJuZWs1RlJYUlBWVTE0VVZWSk5VNVZTVEZTVlZrelRWUmpNMDlVUVRKTmVrVTBUMEU5UFE9PQ==,D:\github\exoneracoes_nomeacoes_dou\LAKE\RJ\2012\11\DOERJ_PARTE_I_PODER_EXECUTIVO_2012-11-13.md
RJ,Diario Oficial do Estado do Rio de Janeiro,2012-11-13,Parte I (Poder Executivo),nomeacao,SIMONE ANTUNES DE SOUZA,,,Secretario,5,Wilson Jose Witzel - Governador,Wilson Jose Witzel,Executivo estadual,sim,ANTUNES:MISC|Simone Antunes:PER,sim,para exercer o cargo em comissão de Assistente,da Superintendência de Licitação e Contratos,"NOMEAR SIMONE ANTUNES DE SOUZA para exercer o cargo em comissão de Assistente, símbolo DAS-6, da Coordenação de Editais e Licitações, da Superintendência de Licitação e Contratos, da Subsecretaria Executiva, da",https://www.ioerj.com.br/portal/modules/conteudoonline/mostra_edicao.php?session=VGtSU1JGRnJSa1ZPVkVGMFVsVlZOVkpETURCTlJGSkRURlJuZWs1RlJYUlBWVTE0VVZWSk5VNVZTVEZTVlZrelRWUmpNMDlVUVRKTmVrVTBUMEU5UFE9PQ==,D:\github\exoneracoes_nomeacoes_dou\LAKE\RJ\2012\11\DOERJ_PARTE_I_PODER_EXECUTIVO_2012-11-13.md
RJ,Diario Oficial do Estado do Rio de Janeiro,2012-11-13,Parte I (Poder Executivo),exoneracao,ANA PAULA FERREIRA,,,Secretario,5,Wilson Jose Witzel - Governador,Wilson Jose Witzel,Executivo estadual,sim,FERREIRA:ORG|Ana Paula Ferreira:PER,sim,do cargo em comissão de Secretário I,da Subsecretaria Extraordinária da Região Serrana,"EXONERAR com validade a contar de 01 de novembro de 2012, ANA PAULA FERREIRA DA ROCHA , ID. Funcional nº 4399217-0, do cargo em comissão de Secretário I, símbolo DAI-4, da Subsecretaria Extraordinária da Região Serrana, da",https://www.ioerj.com.br/portal/modules/conteudoonline/mostra_edicao.php?session=VGtSU1JGRnJSa1ZPVkVGMFVsVlZOVkpETURCTlJGSkRURlJuZWs1RlJYUlBWVTE0VVZWSk5VNVZTVEZTVlZrelRWUmpNMDlVUVRKTmVrVTBUMEU5UFE9PQ==,D:\github\exoneracoes_nomeacoes_dou\LAKE\RJ\2012\11\DOERJ_PARTE_I_PODER_EXECUTIVO_2012-11-13.md
RJ,Diario Oficial do Estado do Rio de Janeiro,2012-11-13,Parte I (Poder Executivo),nomeacao,PAULO ROBERTO,5003169-4,,Secretario,5,Wilson Jose Witzel - Governador,Wilson Jose Witzel,Executivo estadual,sim,Paulo Roberto:PER,sim,para exercer o cargo em comissão de Ajudante I,,"NOMEAR PAULO ROBERTO DO NASCIMENTO , ID Funcional nº 5003169-4, para exercer o cargo em comissão de Ajudante I, símbolo DAI-1, da",https://www.ioerj.com.br/portal/modules/conteudoonline/mostra_edicao.php?session=VGtSU1JGRnJSa1ZPVkVGMFVsVlZOVkpETURCTlJGSkRURlJuZWs1RlJYUlBWVTE0VVZWSk5VNVZTVEZTVlZrelRWUmpNMDlVUVRKTmVrVTBUMEU5UFE9PQ==,D:\github\exoneracoes_nomeacoes_dou\LAKE\RJ\2012\11\DOERJ_PARTE_I_PODER_EXECUTIVO_2012-11-13.md
RJ,Diario Oficial do Estado do Rio de Janeiro,2012-11-13,Parte I (Poder Executivo),exoneracao,ADILAMAR BORGES MACHADO,,,Secretario,5,Wilson Jose Witzel - Governador,Wilson Jose Witzel,Executivo estadual,sim,ADILAMAR BORGES:MISC|Adilamar Borges Machado:PER,sim,do cargo em comissão de Chefe de Serviço,do Departamento de Transportes Rodoviários do Estado do Rio de Janeiro -DETRO/RJ,"EXONERAR com validade a contar de 11 de outubro de 2012, ADILAMAR BORGES MACHADO do cargo em comissão de Chefe de Serviço, símbolo DAI-6, do Serviço de Emissão de Certificado de Autorização de Tráfego, da Coordenadoria de Vistoria, da Diretoria Técnico-Operacional, do Departamento de Transportes Rodoviários do Estado do Rio de Janeiro -DETRO/RJ, da",https://www.ioerj.com.br/portal/modules/conteudoonline/mostra_edicao.php?session=VGtSU1JGRnJSa1ZPVkVGMFVsVlZOVkpETURCTlJGSkRURlJuZWs1RlJYUlBWVTE0VVZWSk5VNVZTVEZTVlZrelRWUmpNMDlVUVRKTmVrVTBUMEU5UFE9PQ==,D:\github\exoneracoes_nomeacoes_dou\LAKE\RJ\2012\11\DOERJ_PARTE_I_PODER_EXECUTIVO_2012-11-13.md
RJ,Diario Oficial do Estado do Rio de Janeiro,2012-11-13,Parte I (Poder Executivo),nomeacao,CRISTIANE JOSÉ CORREIA DA SILVA,,,Secretario,5,Wilson Jose Witzel - Governador,Wilson Jose Witzel,Executivo estadual,sim,CRISTIANE JOSÉ CORREIA DA SILVA:MISC|Cristiane José Correia Da Silva:PER,sim,,da Fundação Museu da Imagem e do Som - MIS,"NOMEAR CRISTIANE JOSÉ CORREIA DA SILVA para exercer, com validade a contar de 01 de novembro de 2012, o cargo em comissão de Encarregado I, símbolo DAI-5, da Fundação Museu da Imagem e do Som - MIS, da",https://www.ioerj.com.br/portal/modules/conteudoonline/mostra_edicao.php?session=VGtSU1JGRnJSa1ZPVkVGMFVsVlZOVkpETURCTlJGSkRURlJuZWs1RlJYUlBWVTE0VVZWSk5VNVZTVEZTVlZrelRWUmpNMDlVUVRKTmVrVTBUMEU5UFE9PQ==,D:\github\exoneracoes_nomeacoes_dou\LAKE\RJ\2012\11\DOERJ_PARTE_I_PODER_EXECUTIVO_2012-11-13.md
RJ,Diario Oficial do Estado do Rio de Janeiro,2012-11-13,Parte I (Poder Executivo),nomeacao,JESSICA RODRIGUES DE SOUZA,,,Secretario,5,Wilson Jose Witzel - Governador,Wilson Jose Witzel,Executivo estadual,sim,JESSICA RODRIGUES:PER,sim,,da Fundação Anita Mantuano de Artes do Estado do Rio de Janeiro - FUNARJ,"NOMEAR JESSICA RODRIGUES DE SOUZA para exercer, com validade a contar de 01 de novembro de 2012, o cargo em comissão de Encarregado II, símbolo DAI-4, da Fundação Anita Mantuano de Artes do Estado do Rio de Janeiro - FUNARJ, da",https://www.ioerj.com.br/portal/modules/conteudoonline/mostra_edicao.php?session=VGtSU1JGRnJSa1ZPVkVGMFVsVlZOVkpETURCTlJGSkRURlJuZWs1RlJYUlBWVTE0VVZWSk5VNVZTVEZTVlZrelRWUmpNMDlVUVRKTmVrVTBUMEU5UFE9PQ==,D:\github\exoneracoes_nomeacoes_dou\LAKE\RJ\2012\11\DOERJ_PARTE_I_PODER_EXECUTIVO_2012-11-13.md
RJ,Diario Oficial do Estado do Rio de Janeiro,2012-11-12,Parte I (Poder Executivo),exoneracao,ROSANA BRAGA GOMES,,,Governador,1,Wilson Jose Witzel - Governador,Wilson Jose Witzel,Executivo estadual,sim,ROSANA BRAGA GOMES:PER,sim,do cargo em comissão de Assessor-Chefe,da Subsecretaria Executiva,"EXONERAR a pedido e com validade a contar de 31 de outubro de 2012, ROSANA BRAGA GOMES do cargo em comissão de Assessor-Chefe, símbolo DG, da Assessoria Administrativa, da Subsecretaria Executiva, da",https://www.ioerj.com.br/portal/modules/conteudoonline/mostra_edicao.php?session=VG10SmVFMUVUa1ZPUlUxMFVsUkdSMUpUTURCUFJHYzFURlZHUTA5VlVYUlJhbXhDVDFWSmVGSkVWa0pQUkdoQ1RWUmpNMDlVUVRKTmVrMHhUbEU5UFE9PQ==,D:\github\exoneracoes_nomeacoes_dou\LAKE\RJ\2012\11\DOERJ_PARTE_I_PODER_EXECUTIVO_2012-11-12.md
RJ,Diario Oficial do Estado do Rio de Janeiro,2012-11-12,Parte I (Poder Executivo),exoneracao,ONILDO OLIVEIRA,2456942-9,,Secretario,5,Wilson Jose Witzel - Governador,Wilson Jose Witzel,Executivo estadual,sim,ONILDO OLIVEIRA:MISC|Onildo Oliveira:PER,sim,do cargo em comissão de Diretor de Divisão,da Superintendência de Unidades Próprias,"EXONERAR ONILDO OLIVEIRA DA SILVA , ID Funcional nº 2456942-9, do cargo em comissão de Diretor de Divisão, símbolo DAS-7, da Divisão Administrativa, do Hospital Estadual Carlos Chagas, da Superintendência de Unidades Próprias, da Subsecretaria de Unidades Próprias, da",https://www.ioerj.com.br/portal/modules/conteudoonline/mostra_edicao.php?session=VG10SmVFMUVUa1ZPUlUxMFVsUkdSMUpUTURCUFJHYzFURlZHUTA5VlVYUlJhbXhDVDFWSmVGSkVWa0pQUkdoQ1RWUmpNMDlVUVRKTmVrMHhUbEU5UFE9PQ==,D:\github\exoneracoes_nomeacoes_dou\LAKE\RJ\2012\11\DOERJ_PARTE_I_PODER_EXECUTIVO_2012-11-12.md
RJ,Diario Oficial do Estado do Rio de Janeiro,2012-11-12,Parte I (Poder Executivo),nomeacao,ONILDO OLIVEIRA,2456942-9,,Secretario,5,Wilson Jose Witzel - Governador,Wilson Jose Witzel,Executivo estadual,sim,ONILDO OLIVEIRA:MISC|Onildo Oliveira:PER,sim,para exercer o cargo em comissão de Diretor de Divisão,da Superintendência de Unidades Próprias,"NOMEAR ONILDO OLIVEIRA DA SILVA , ID Funcional nº 2456942-9, para exercer o cargo em comissão de Diretor de Divisão, símbolo DAS-7, da Divisão Administrativa, do Hospital Estadual Adão Pereira Nunes, da Superintendência de Unidades Próprias, da Subsecretaria de Unidades Próprias, da",https://www.ioerj.com.br/portal/modules/conteudoonline/mostra_edicao.php?session=VG10SmVFMUVUa1ZPUlUxMFVsUkdSMUpUTURCUFJHYzFURlZHUTA5VlVYUlJhbXhDVDFWSmVGSkVWa0pQUkdoQ1RWUmpNMDlVUVRKTmVrMHhUbEU5UFE9PQ==,D:\github\exoneracoes_nomeacoes_dou\LAKE\RJ\2012\11\DOERJ_PARTE_I_PODER_EXECUTIVO_2012-11-12.md
RJ,Diario Oficial do Estado do Rio de Janeiro,2012-11-12,Parte I (Poder Executivo),exoneracao,MARCELO FRANCISCO ALCANTARA RIBEIRO DE CASTRO,3020755-0,,Secretario,5,Wilson Jose Witzel - Governador,Wilson Jose Witzel,Executivo estadual,sim,MARCELO FRANCISCO ALCANTARA RIBEIRO DE CASTRO:MISC|Marcelo Francisco Alcantara Ribeiro De Castro:PER,sim,do cargo em comissão de Diretor de Divisão,da Superintendência de Unidades Próprias,"EXONERAR MARCELO FRANCISCO ALCANTARA RIBEIRO DE CASTRO, ID Funcional nº 3020755-0, do cargo em comissão de Diretor de Divisão, símbolo DAS-7, da Divisão Técnica, do Hospital Estadual Adão Pereira Nunes, da Superintendência de Unidades Próprias, da Subsecretaria de Unidades Próprias, da",https://www.ioerj.com.br/portal/modules/conteudoonline/mostra_edicao.php?session=VG10SmVFMUVUa1ZPUlUxMFVsUkdSMUpUTURCUFJHYzFURlZHUTA5VlVYUlJhbXhDVDFWSmVGSkVWa0pQUkdoQ1RWUmpNMDlVUVRKTmVrMHhUbEU5UFE9PQ==,D:\github\exoneracoes_nomeacoes_dou\LAKE\RJ\2012\11\DOERJ_PARTE_I_PODER_EXECUTIVO_2012-11-12.md
RJ,Diario Oficial do Estado do Rio de Janeiro,2012-11-12,Parte I (Poder Executivo),nomeacao,CARLOS AUGUSTO DE SALLES LOPES,,,Secretario,5,Wilson Jose Witzel - Governador,Wilson Jose Witzel,Executivo estadual,sim,CARLOS AUGUSTO:PER,sim,para exercer o cargo em comissão de Diretor de Divisão,da Superintendência de Unidades Próprias,"NOMEAR CARLOS AUGUSTO DE SALLES LOPES para exercer o cargo em comissão de Diretor de Divisão, símbolo DAS-7, da Divisão Técnica, do Hospital Estadual Prefeito João Batista Caffaro (Itaboraí), da Superintendência de Unidades Próprias, da Subsecretaria de Unidades Próprias, da",https://www.ioerj.com.br/portal/modules/conteudoonline/mostra_edicao.php?session=VG10SmVFMUVUa1ZPUlUxMFVsUkdSMUpUTURCUFJHYzFURlZHUTA5VlVYUlJhbXhDVDFWSmVGSkVWa0pQUkdoQ1RWUmpNMDlVUVRKTmVrMHhUbEU5UFE9PQ==,D:\github\exoneracoes_nomeacoes_dou\LAKE\RJ\2012\11\DOERJ_PARTE_I_PODER_EXECUTIVO_2012-11-12.md
RJ,Diario Oficial do Estado do Rio de Janeiro,2012-11-12,Parte I (Poder Executivo),exoneracao,VIVIAN FARIAS,,,Secretario,5,Wilson Jose Witzel - Governador,Wilson Jose Witzel,Executivo estadual,sim,VIVIAN FARIAS:PER,sim,do cargo em comissão de Gerente,da Superintendência de Unidades Próprias,"EXONERAR VIVIAN FARIAS DA FONSECA , ID. Funcional nº 3059214-3, do cargo em comissão de Gerente, símbolo DAS-6, da Gerência de Enfermagem, da Divisão Técnica, do Hospital Estadual Adão Pereira Nunes, da Superintendência de Unidades Próprias, da Subsecretaria de Unidades Próprias, da",https://www.ioerj.com.br/portal/modules/conteudoonline/mostra_edicao.php?session=VG10SmVFMUVUa1ZPUlUxMFVsUkdSMUpUTURCUFJHYzFURlZHUTA5VlVYUlJhbXhDVDFWSmVGSkVWa0pQUkdoQ1RWUmpNMDlVUVRKTmVrMHhUbEU5UFE9PQ==,D:\github\exoneracoes_nomeacoes_dou\LAKE\RJ\2012\11\DOERJ_PARTE_I_PODER_EXECUTIVO_2012-11-12.md
RJ,Diario Oficial do Estado do Rio de Janeiro,2012-11-12,Parte I (Poder Executivo),nomeacao,ELAINE CRISTINE,2456942-9,,Secretario,5,Wilson Jose Witzel - Governador,Wilson Jose Witzel,Executivo estadual,sim,ELAINE CRISTINE:MISC|Elaine Cristine:PER,sim,para exercer o cargo em comissão de Gerente,da Superintendência de Unidades Próprias,"NOMEAR ELAINE CRISTINE DA CONCEIÇÃO VIANNA , ID Funcional nº 2456942-9, para exercer o cargo em comissão de Gerente, símbolo DAS-6, da Gerência de Enfermagem, da Divisão Técnica, do Hospital Estadual Adão Pereira Nunes, da Superintendência de Unidades Próprias, da Subsecretaria de Unidades Próprias, da",https://www.ioerj.com.br/portal/modules/conteudoonline/mostra_edicao.php?session=VG10SmVFMUVUa1ZPUlUxMFVsUkdSMUpUTURCUFJHYzFURlZHUTA5VlVYUlJhbXhDVDFWSmVGSkVWa0pQUkdoQ1RWUmpNMDlVUVRKTmVrMHhUbEU5UFE9PQ==,D:\github\exoneracoes_nomeacoes_dou\LAKE\RJ\2012\11\DOERJ_PARTE_I_PODER_EXECUTIVO_2012-11-12.md
RJ,Diario Oficial do Estado do Rio de Janeiro,2012-11-12,Parte I (Poder Executivo),exoneracao,ELIZANGELA SAMPAIO CARDOSO,2448145-9,,Secretario,5,Wilson Jose Witzel - Governador,Wilson Jose Witzel,Executivo estadual,sim,ELIZANGELA:ORG|Elizangela Sampaio Cardoso:PER,sim,do cargo em comissão de Gerente,da Superintendência de Unidades Próprias,"EXONERAR ELIZANGELA SAMPAIO CARDOSO DA SILVA , ID Funcional nº 2448145-9, do cargo em comissão de Gerente, símbolo DAS-6, da Gerência de Enfermagem, da Divisão Técnica, do Hospital Estadual Carlos Chagas, da Superintendência de Unidades Próprias, da Subsecretaria de Unidades Próprias, da",https://www.ioerj.com.br/portal/modules/conteudoonline/mostra_edicao.php?session=VG10SmVFMUVUa1ZPUlUxMFVsUkdSMUpUTURCUFJHYzFURlZHUTA5VlVYUlJhbXhDVDFWSmVGSkVWa0pQUkdoQ1RWUmpNMDlVUVRKTmVrMHhUbEU5UFE9PQ==,D:\github\exoneracoes_nomeacoes_dou\LAKE\RJ\2012\11\DOERJ_PARTE_I_PODER_EXECUTIVO_2012-11-12.md
RJ,Diario Oficial do Estado do Rio de Janeiro,2012-11-12,Parte I (Poder Executivo),nomeacao,GIOVANNA DE BRITO LIRA,,,Secretario,5,Wilson Jose Witzel - Governador,Wilson Jose Witzel,Executivo estadual,sim,GIOVANNA:MISC|Giovanna De Brito Lira:PER,sim,,da Superintendência de Unidades Próprias,"NOMEAR GIOVANNA DE BRITO LIRA para exercer, com validade a contar de 01 de setembro de 2012, o cargo em comissão de Gerente, símbolo DAS-6, da Gerência de Enfermagem, da Divisão Técnica, do Hospital Estadual Roberto Chabo (Araruama), da Superintendência de Unidades Próprias, da Subsecretaria de Unidades Próprias, da",https://www.ioerj.com.br/portal/modules/conteudoonline/mostra_edicao.php?session=VG10SmVFMUVUa1ZPUlUxMFVsUkdSMUpUTURCUFJHYzFURlZHUTA5VlVYUlJhbXhDVDFWSmVGSkVWa0pQUkdoQ1RWUmpNMDlVUVRKTmVrMHhUbEU5UFE9PQ==,D:\github\exoneracoes_nomeacoes_dou\LAKE\RJ\2012\11\DOERJ_PARTE_I_PODER_EXECUTIVO_2012-11-12.md
RJ,Diario Oficial do Estado do Rio de Janeiro,2012-11-12,Parte I (Poder Executivo),exoneracao,ANA LÚCIA SENNA,3131680-8,,Secretario,5,Wilson Jose Witzel - Governador,Wilson Jose Witzel,Executivo estadual,sim,Ana Lúcia Senna:PER,sim,do cargo em comissão de Gerente,do Instituto Estadual de Doenças do Tórax Ary Parreiras,"EXONERAR a pedido e com validade a contar de 10 de setembro de 2012, ANA LÚCIA SENNA DA CUNHA GRAÇA , ID Funcional nº 3131680-8, do cargo em comissão de Gerente, símbolo DAS-6, da Gerência de Apoio e Diagnóstico, da Divisão Técnica, do Instituto Estadual de Doenças do Tórax Ary Parreiras, da Superintendência de Unidades Próprias, da Subsecretaria de Unidades Próprias, da",https://www.ioerj.com.br/portal/modules/conteudoonline/mostra_edicao.php?session=VG10SmVFMUVUa1ZPUlUxMFVsUkdSMUpUTURCUFJHYzFURlZHUTA5VlVYUlJhbXhDVDFWSmVGSkVWa0pQUkdoQ1RWUmpNMDlVUVRKTmVrMHhUbEU5UFE9PQ==,D:\github\exoneracoes_nomeacoes_dou\LAKE\RJ\2012\11\DOERJ_PARTE_I_PODER_EXECUTIVO_2012-11-12.md
RJ,Diario Oficial do Estado do Rio de Janeiro,2012-11-12,Parte I (Poder Executivo),nomeacao,BETÂNIA LISBOA DE ANDRADE,,,Secretario,5,Wilson Jose Witzel - Governador,Wilson Jose Witzel,Executivo estadual,sim,BETÂNIA LISBOA DE ANDRADE:MISC|Betânia Lisboa:PER,sim,da Assessoria Jurídica,da Subsecretaria Jurídica e de Corregedoria,"NOMEAR BETÂNIA LISBOA DE ANDRADE para exercer, com validade a contar de 05 de novembro de 2012, o cargo em comissão de Assistente II, símbolo DAI-6, da Assessoria Jurídica, da Subsecretaria Jurídica e de Corregedoria, da",https://www.ioerj.com.br/portal/modules/conteudoonline/mostra_edicao.php?session=VG10SmVFMUVUa1ZPUlUxMFVsUkdSMUpUTURCUFJHYzFURlZHUTA5VlVYUlJhbXhDVDFWSmVGSkVWa0pQUkdoQ1RWUmpNMDlVUVRKTmVrMHhUbEU5UFE9PQ==,D:\github\exoneracoes_nomeacoes_dou\LAKE\RJ\2012\11\DOERJ_PARTE_I_PODER_EXECUTIVO_2012-11-12.md
RJ,Diario Oficial do Estado do Rio de Janeiro,2012-11-12,Parte I (Poder Executivo),nomeacao,MONIQUE TOURET WASSITA,,,Secretario,5,Wilson Jose Witzel - Governador,Wilson Jose Witzel,Executivo estadual,sim,MONIQUE TOURET WASSITA:MISC|Monique Touret Wassita:PER,sim,para exercer o cargo em comissão de Ajudante I,,"NOMEAR MONIQUE TOURET WASSITA para exercer o cargo em comissão de Ajudante I, símbolo DAI-1, da",https://www.ioerj.com.br/portal/modules/conteudoonline/mostra_edicao.php?session=VG10SmVFMUVUa1ZPUlUxMFVsUkdSMUpUTURCUFJHYzFURlZHUTA5VlVYUlJhbXhDVDFWSmVGSkVWa0pQUkdoQ1RWUmpNMDlVUVRKTmVrMHhUbEU5UFE9PQ==,D:\github\exoneracoes_nomeacoes_dou\LAKE\RJ\2012\11\DOERJ_PARTE_I_PODER_EXECUTIVO_2012-11-12.md
RJ,Diario Oficial do Estado do Rio de Janeiro,2012-11-12,Parte I (Poder Executivo),nomeacao,LIONIDIO DOS SANTOS BRITO,,,Secretario,5,Wilson Jose Witzel - Governador,Wilson Jose Witzel,Executivo estadual,sim,LIONIDIO DOS SANTOS BRITO:MISC|Lionidio Dos Santos Brito:PER,sim,para exercer o cargo em comissão de Ajudante I,,"NOMEAR LIONIDIO DOS SANTOS BRITO para exercer o cargo em comissão de Ajudante I, símbolo DAI-1, da",https://www.ioerj.com.br/portal/modules/conteudoonline/mostra_edicao.php?session=VG10SmVFMUVUa1ZPUlUxMFVsUkdSMUpUTURCUFJHYzFURlZHUTA5VlVYUlJhbXhDVDFWSmVGSkVWa0pQUkdoQ1RWUmpNMDlVUVRKTmVrMHhUbEU5UFE9PQ==,D:\github\exoneracoes_nomeacoes_dou\LAKE\RJ\2012\11\DOERJ_PARTE_I_PODER_EXECUTIVO_2012-11-12.md
RJ,Diario Oficial do Estado do Rio de Janeiro,2012-11-12,Parte I (Poder Executivo),nomeacao,ENEAS RODRIGUES SILVA,,,Secretario,5,Wilson Jose Witzel - Governador,Wilson Jose Witzel,Executivo estadual,sim,ENEAS RODRIGUES SILVA:MISC|Eneas Rodrigues Silva:PER,sim,para exercer o cargo em comissão de Ajudante I,,"NOMEAR ENEAS RODRIGUES SILVA para exercer o cargo em comissão de Ajudante I, símbolo DAI-1, da",https://www.ioerj.com.br/portal/modules/conteudoonline/mostra_edicao.php?session=VG10SmVFMUVUa1ZPUlUxMFVsUkdSMUpUTURCUFJHYzFURlZHUTA5VlVYUlJhbXhDVDFWSmVGSkVWa0pQUkdoQ1RWUmpNMDlVUVRKTmVrMHhUbEU5UFE9PQ==,D:\github\exoneracoes_nomeacoes_dou\LAKE\RJ\2012\11\DOERJ_PARTE_I_PODER_EXECUTIVO_2012-11-12.md
RJ,Diario Oficial do Estado do Rio de Janeiro,2012-11-12,Parte I (Poder Executivo),nomeacao,ANDREA REGINA MOSS DE MIRANDA,,,Secretario,5,Wilson Jose Witzel - Governador,Wilson Jose Witzel,Executivo estadual,sim,ANDREA REGINA MOSS:PER,sim,para exercer o cargo em comissão de Ajudante I,,"NOMEAR ANDREA REGINA MOSS DE MIRANDA para exercer o cargo em comissão de Ajudante I, símbolo DAI-1, da",https://www.ioerj.com.br/portal/modules/conteudoonline/mostra_edicao.php?session=VG10SmVFMUVUa1ZPUlUxMFVsUkdSMUpUTURCUFJHYzFURlZHUTA5VlVYUlJhbXhDVDFWSmVGSkVWa0pQUkdoQ1RWUmpNMDlVUVRKTmVrMHhUbEU5UFE9PQ==,D:\github\exoneracoes_nomeacoes_dou\LAKE\RJ\2012\11\DOERJ_PARTE_I_PODER_EXECUTIVO_2012-11-12.md
RJ,Diario Oficial do Estado do Rio de Janeiro,2012-11-12,Parte I (Poder Executivo),nomeacao,ALEXANDRE DE LIMA PIRES,,,Secretario,5,Wilson Jose Witzel - Governador,Wilson Jose Witzel,Executivo estadual,sim,ALEXANDRE:MISC|LIMA PIRES:PER,sim,para exercer o cargo em comissão de Ajudante I,,"NOMEAR ALEXANDRE DE LIMA PIRES para exercer o cargo em comissão de Ajudante I, símbolo DAI-1, da",https://www.ioerj.com.br/portal/modules/conteudoonline/mostra_edicao.php?session=VG10SmVFMUVUa1ZPUlUxMFVsUkdSMUpUTURCUFJHYzFURlZHUTA5VlVYUlJhbXhDVDFWSmVGSkVWa0pQUkdoQ1RWUmpNMDlVUVRKTmVrMHhUbEU5UFE9PQ==,D:\github\exoneracoes_nomeacoes_dou\LAKE\RJ\2012\11\DOERJ_PARTE_I_PODER_EXECUTIVO_2012-11-12.md
RJ,Diario Oficial do Estado do Rio de Janeiro,2012-11-12,Parte I (Poder Executivo),nomeacao,ELISABETE PAUER,,,Secretario,5,Wilson Jose Witzel - Governador,Wilson Jose Witzel,Executivo estadual,sim,PAUER:ORG|Elisabete Pauer:PER,sim,para exercer o cargo em comissão de Ajudante I,,"NOMEAR ELISABETE PAUER para exercer o cargo em comissão de Ajudante I, símbolo DAI-1, da",https://www.ioerj.com.br/portal/modules/conteudoonline/mostra_edicao.php?session=VG10SmVFMUVUa1ZPUlUxMFVsUkdSMUpUTURCUFJHYzFURlZHUTA5VlVYUlJhbXhDVDFWSmVGSkVWa0pQUkdoQ1RWUmpNMDlVUVRKTmVrMHhUbEU5UFE9PQ==,D:\github\exoneracoes_nomeacoes_dou\LAKE\RJ\2012\11\DOERJ_PARTE_I_PODER_EXECUTIVO_2012-11-12.md
RJ,Diario Oficial do Estado do Rio de Janeiro,2012-11-12,Parte I (Poder Executivo),nomeacao,SHEILA GLORIA MEDEIROS DE SOUZA,,,Secretario,5,Wilson Jose Witzel - Governador,Wilson Jose Witzel,Executivo estadual,sim,SHEILA GLORIA:MISC|Sheila Gloria Medeiros De Souza:PER,sim,para exercer o cargo em comissão de Ajudante I,,"NOMEAR SHEILA GLORIA MEDEIROS DE SOUZA para exercer o cargo em comissão de Ajudante I, símbolo DAI-1, da",https://www.ioerj.com.br/portal/modules/conteudoonline/mostra_edicao.php?session=VG10SmVFMUVUa1ZPUlUxMFVsUkdSMUpUTURCUFJHYzFURlZHUTA5VlVYUlJhbXhDVDFWSmVGSkVWa0pQUkdoQ1RWUmpNMDlVUVRKTmVrMHhUbEU5UFE9PQ==,D:\github\exoneracoes_nomeacoes_dou\LAKE\RJ\2012\11\DOERJ_PARTE_I_PODER_EXECUTIVO_2012-11-12.md
RJ,Diario Oficial do Estado do Rio de Janeiro,2012-11-12,Parte I (Poder Executivo),nomeacao,JANE SOARES MOREIRA,,,Secretario,5,Wilson Jose Witzel - Governador,Wilson Jose Witzel,Executivo estadual,sim,JANE SOARES MOREIRA:PER,sim,para exercer o cargo em comissão de Ajudante I,,"NOMEAR JANE SOARES MOREIRA para exercer o cargo em comissão de Ajudante I, símbolo DAI-1, da",https://www.ioerj.com.br/portal/modules/conteudoonline/mostra_edicao.php?session=VG10SmVFMUVUa1ZPUlUxMFVsUkdSMUpUTURCUFJHYzFURlZHUTA5VlVYUlJhbXhDVDFWSmVGSkVWa0pQUkdoQ1RWUmpNMDlVUVRKTmVrMHhUbEU5UFE9PQ==,D:\github\exoneracoes_nomeacoes_dou\LAKE\RJ\2012\11\DOERJ_PARTE_I_PODER_EXECUTIVO_2012-11-12.md
RJ,Diario Oficial do Estado do Rio de Janeiro,2012-11-12,Parte I (Poder Executivo),nomeacao,JULIANA MARIANO DOS SANTOS,,,Secretario,5,Wilson Jose Witzel - Governador,Wilson Jose Witzel,Executivo estadual,sim,JULIANA MARIANO:PER,sim,para exercer o cargo em comissão de Ajudante I,,"NOMEAR JULIANA MARIANO DOS SANTOS para exercer o cargo em comissão de Ajudante I, símbolo DAI-1, da",https://www.ioerj.com.br/portal/modules/conteudoonline/mostra_edicao.php?session=VG10SmVFMUVUa1ZPUlUxMFVsUkdSMUpUTURCUFJHYzFURlZHUTA5VlVYUlJhbXhDVDFWSmVGSkVWa0pQUkdoQ1RWUmpNMDlVUVRKTmVrMHhUbEU5UFE9PQ==,D:\github\exoneracoes_nomeacoes_dou\LAKE\RJ\2012\11\DOERJ_PARTE_I_PODER_EXECUTIVO_2012-11-12.md
RJ,Diario Oficial do Estado do Rio de Janeiro,2012-11-12,Parte I (Poder Executivo),nomeacao,BIANCA MARINELLI DOS SANTOS,,,Secretario,5,Wilson Jose Witzel - Governador,Wilson Jose Witzel,Executivo estadual,sim,BIANCA:ORG|DOS SANTOS:MISC|Bianca Marinelli Dos Santos:PER,sim,para exercer o cargo em comissão de Ajudante I,,"NOMEAR BIANCA MARINELLI DOS SANTOS para exercer o cargo em comissão de Ajudante I, símbolo DAI-1, da",https://www.ioerj.com.br/portal/modules/conteudoonline/mostra_edicao.php?session=VG10SmVFMUVUa1ZPUlUxMFVsUkdSMUpUTURCUFJHYzFURlZHUTA5VlVYUlJhbXhDVDFWSmVGSkVWa0pQUkdoQ1RWUmpNMDlVUVRKTmVrMHhUbEU5UFE9PQ==,D:\github\exoneracoes_nomeacoes_dou\LAKE\RJ\2012\11\DOERJ_PARTE_I_PODER_EXECUTIVO_2012-11-12.md
RJ,Diario Oficial do Estado do Rio de Janeiro,2012-11-12,Parte I (Poder Executivo),nomeacao,KAREN CRISTINE FELIX DA SILVA,,,Secretario,5,Wilson Jose Witzel - Governador,Wilson Jose Witzel,Executivo estadual,sim,Karen Cristine Felix:PER,sim,para exercer o cargo em comissão de Ajudante I,,"NOMEAR KAREN CRISTINE FELIX DA SILVA para exercer o cargo em comissão de Ajudante I, símbolo DAI-1, da",https://www.ioerj.com.br/portal/modules/conteudoonline/mostra_edicao.php?session=VG10SmVFMUVUa1ZPUlUxMFVsUkdSMUpUTURCUFJHYzFURlZHUTA5VlVYUlJhbXhDVDFWSmVGSkVWa0pQUkdoQ1RWUmpNMDlVUVRKTmVrMHhUbEU5UFE9PQ==,D:\github\exoneracoes_nomeacoes_dou\LAKE\RJ\2012\11\DOERJ_PARTE_I_PODER_EXECUTIVO_2012-11-12.md
RJ,Diario Oficial do Estado do Rio de Janeiro,2012-11-12,Parte I (Poder Executivo),nomeacao,TATIANA DOS SANTOS MEDEIROS,,,Secretario,5,Wilson Jose Witzel - Governador,Wilson Jose Witzel,Executivo estadual,sim,TATIANA DOS SANTOS:MISC|Tatiana Dos Santos Medeiros:PER,sim,para exercer o cargo em comissão de Ajudante I,,"NOMEAR TATIANA DOS SANTOS MEDEIROS para exercer o cargo em comissão de Ajudante I, símbolo DAI-1, da",https://www.ioerj.com.br/portal/modules/conteudoonline/mostra_edicao.php?session=VG10SmVFMUVUa1ZPUlUxMFVsUkdSMUpUTURCUFJHYzFURlZHUTA5VlVYUlJhbXhDVDFWSmVGSkVWa0pQUkdoQ1RWUmpNMDlVUVRKTmVrMHhUbEU5UFE9PQ==,D:\github\exoneracoes_nomeacoes_dou\LAKE\RJ\2012\11\DOERJ_PARTE_I_PODER_EXECUTIVO_2012-11-12.md
RJ,Diario Oficial do Estado do Rio de Janeiro,2012-11-12,Parte I (Poder Executivo),nomeacao,MÔNICA PACHECO NUNES,,,Secretario,5,Wilson Jose Witzel - Governador,Wilson Jose Witzel,Executivo estadual,sim,MÔNICA PACHECO:MISC|Mônica Pacheco Nunes:PER,sim,para exercer o cargo em comissão de Ajudante I,,"NOMEAR MÔNICA PACHECO NUNES para exercer o cargo em comissão de Ajudante I, símbolo DAI-1, da",https://www.ioerj.com.br/portal/modules/conteudoonline/mostra_edicao.php?session=VG10SmVFMUVUa1ZPUlUxMFVsUkdSMUpUTURCUFJHYzFURlZHUTA5VlVYUlJhbXhDVDFWSmVGSkVWa0pQUkdoQ1RWUmpNMDlVUVRKTmVrMHhUbEU5UFE9PQ==,D:\github\exoneracoes_nomeacoes_dou\LAKE\RJ\2012\11\DOERJ_PARTE_I_PODER_EXECUTIVO_2012-11-12.md
RJ,Diario Oficial do Estado do Rio de Janeiro,2012-11-12,Parte I (Poder Executivo),nomeacao,GYSELLE GUIMARAES CORREA NOGUEIRA,,,Secretario,5,Wilson Jose Witzel - Governador,Wilson Jose Witzel,Executivo estadual,sim,GYSELLE:MISC|NOGUEIRA:ORG|Gyselle Guimaraes Correa Nogueira:PER,sim,para exercer o cargo em comissão de Ajudante I,,"NOMEAR GYSELLE GUIMARAES CORREA NOGUEIRA para exercer o cargo em comissão de Ajudante I, símbolo DAI-1, da",https://www.ioerj.com.br/portal/modules/conteudoonline/mostra_edicao.php?session=VG10SmVFMUVUa1ZPUlUxMFVsUkdSMUpUTURCUFJHYzFURlZHUTA5VlVYUlJhbXhDVDFWSmVGSkVWa0pQUkdoQ1RWUmpNMDlVUVRKTmVrMHhUbEU5UFE9PQ==,D:\github\exoneracoes_nomeacoes_dou\LAKE\RJ\2012\11\DOERJ_PARTE_I_PODER_EXECUTIVO_2012-11-12.md
RJ,Diario Oficial do Estado do Rio de Janeiro,2012-11-12,Parte I (Poder Executivo),nomeacao,ALCIR PEREIRA SAMPAIO,,,Secretario,5,Wilson Jose Witzel - Governador,Wilson Jose Witzel,Executivo estadual,sim,ALCIR PEREIRA:MISC|SAMPAIO:ORG|Alcir Pereira:PER,sim,para exercer o cargo em comissão de Ajudante I,,"NOMEAR ALCIR PEREIRA SAMPAIO para exercer o cargo em comissão de Ajudante I, símbolo DAI-1, da",https://www.ioerj.com.br/portal/modules/conteudoonline/mostra_edicao.php?session=VG10SmVFMUVUa1ZPUlUxMFVsUkdSMUpUTURCUFJHYzFURlZHUTA5VlVYUlJhbXhDVDFWSmVGSkVWa0pQUkdoQ1RWUmpNMDlVUVRKTmVrMHhUbEU5UFE9PQ==,D:\github\exoneracoes_nomeacoes_dou\LAKE\RJ\2012\11\DOERJ_PARTE_I_PODER_EXECUTIVO_2012-11-12.md
RJ,Diario Oficial do Estado do Rio de Janeiro,2012-11-12,Parte I (Poder Executivo),nomeacao,MAYRA MACHADO COSTA,,,Secretario,5,Wilson Jose Witzel - Governador,Wilson Jose Witzel,Executivo estadual,sim,MAYRA:LOC|MACHADO COSTA:PER,sim,para exercer o cargo em comissão de Ajudante I,,"NOMEAR MAYRA MACHADO COSTA para exercer o cargo em comissão de Ajudante I, símbolo DAI-1, da",https://www.ioerj.com.br/portal/modules/conteudoonline/mostra_edicao.php?session=VG10SmVFMUVUa1ZPUlUxMFVsUkdSMUpUTURCUFJHYzFURlZHUTA5VlVYUlJhbXhDVDFWSmVGSkVWa0pQUkdoQ1RWUmpNMDlVUVRKTmVrMHhUbEU5UFE9PQ==,D:\github\exoneracoes_nomeacoes_dou\LAKE\RJ\2012\11\DOERJ_PARTE_I_PODER_EXECUTIVO_2012-11-12.md
RJ,Diario Oficial do Estado do Rio de Janeiro,2012-11-12,Parte I (Poder Executivo),nomeacao,MIGUEL JOSE COCA DA SILVA,,,Secretario,5,Wilson Jose Witzel - Governador,Wilson Jose Witzel,Executivo estadual,sim,MIGUEL JOSE COCA DA SILVA:PER,sim,para exercer o cargo em comissão de Ajudante I,,"NOMEAR MIGUEL JOSE COCA DA SILVA para exercer o cargo em comissão de Ajudante I, símbolo DAI-1, da",https://www.ioerj.com.br/portal/modules/conteudoonline/mostra_edicao.php?session=VG10SmVFMUVUa1ZPUlUxMFVsUkdSMUpUTURCUFJHYzFURlZHUTA5VlVYUlJhbXhDVDFWSmVGSkVWa0pQUkdoQ1RWUmpNMDlVUVRKTmVrMHhUbEU5UFE9PQ==,D:\github\exoneracoes_nomeacoes_dou\LAKE\RJ\2012\11\DOERJ_PARTE_I_PODER_EXECUTIVO_2012-11-12.md
RJ,Diario Oficial do Estado do Rio de Janeiro,2012-11-12,Parte I (Poder Executivo),nomeacao,RAFAEL SALES CRUZ,,,Secretario,5,Wilson Jose Witzel - Governador,Wilson Jose Witzel,Executivo estadual,sim,RAFAEL SALES CRUZ:MISC|Rafael Sales Cruz:PER,sim,para exercer o cargo em comissão de Ajudante I,,"NOMEAR RAFAEL SALES CRUZ para exercer o cargo em comissão de Ajudante I, símbolo DAI-1, da",https://www.ioerj.com.br/portal/modules/conteudoonline/mostra_edicao.php?session=VG10SmVFMUVUa1ZPUlUxMFVsUkdSMUpUTURCUFJHYzFURlZHUTA5VlVYUlJhbXhDVDFWSmVGSkVWa0pQUkdoQ1RWUmpNMDlVUVRKTmVrMHhUbEU5UFE9PQ==,D:\github\exoneracoes_nomeacoes_dou\LAKE\RJ\2012\11\DOERJ_PARTE_I_PODER_EXECUTIVO_2012-11-12.md
RJ,Diario Oficial do Estado do Rio de Janeiro,2012-11-12,Parte I (Poder Executivo),nomeacao,THAIS ORNELLAS GOMES CANDIDO,,,Secretario,5,Wilson Jose Witzel - Governador,Wilson Jose Witzel,Executivo estadual,sim,THAIS:MISC|ORNELLAS:MISC|CANDIDO:ORG|Thais Ornellas Gomes Candido:PER,sim,para exercer o cargo em comissão de Ajudante I,,"NOMEAR THAIS ORNELLAS GOMES CANDIDO para exercer o cargo em comissão de Ajudante I, símbolo DAI-1, da",https://www.ioerj.com.br/portal/modules/conteudoonline/mostra_edicao.php?session=VG10SmVFMUVUa1ZPUlUxMFVsUkdSMUpUTURCUFJHYzFURlZHUTA5VlVYUlJhbXhDVDFWSmVGSkVWa0pQUkdoQ1RWUmpNMDlVUVRKTmVrMHhUbEU5UFE9PQ==,D:\github\exoneracoes_nomeacoes_dou\LAKE\RJ\2012\11\DOERJ_PARTE_I_PODER_EXECUTIVO_2012-11-12.md
RJ,Diario Oficial do Estado do Rio de Janeiro,2012-11-12,Parte I (Poder Executivo),nomeacao,PAULA MARIA PEREIRA DE ALMEIDA,,,Secretario,5,Wilson Jose Witzel - Governador,Wilson Jose Witzel,Executivo estadual,sim,MARIA PEREIRA DE ALMEIDA:PER,sim,para exercer o cargo em comissão de Ajudante I,,"NOMEAR PAULA MARIA PEREIRA DE ALMEIDA para exercer o cargo em comissão de Ajudante I, símbolo DAI-1, da",https://www.ioerj.com.br/portal/modules/conteudoonline/mostra_edicao.php?session=VG10SmVFMUVUa1ZPUlUxMFVsUkdSMUpUTURCUFJHYzFURlZHUTA5VlVYUlJhbXhDVDFWSmVGSkVWa0pQUkdoQ1RWUmpNMDlVUVRKTmVrMHhUbEU5UFE9PQ==,D:\github\exoneracoes_nomeacoes_dou\LAKE\RJ\2012\11\DOERJ_PARTE_I_PODER_EXECUTIVO_2012-11-12.md
RJ,Diario Oficial do Estado do Rio de Janeiro,2012-11-12,Parte I (Poder Executivo),nomeacao,CELIA MARIA DE HOLANDA CAVALCANTI,,,Secretario,5,Wilson Jose Witzel - Governador,Wilson Jose Witzel,Executivo estadual,sim,CELIA MARIA:PER,sim,para exercer o cargo em comissão de Ajudante I,,"NOMEAR CELIA MARIA DE HOLANDA CAVALCANTI para exercer o cargo em comissão de Ajudante I, símbolo DAI-1, da",https://www.ioerj.com.br/portal/modules/conteudoonline/mostra_edicao.php?session=VG10SmVFMUVUa1ZPUlUxMFVsUkdSMUpUTURCUFJHYzFURlZHUTA5VlVYUlJhbXhDVDFWSmVGSkVWa0pQUkdoQ1RWUmpNMDlVUVRKTmVrMHhUbEU5UFE9PQ==,D:\github\exoneracoes_nomeacoes_dou\LAKE\RJ\2012\11\DOERJ_PARTE_I_PODER_EXECUTIVO_2012-11-12.md
RJ,Diario Oficial do Estado do Rio de Janeiro,2012-11-12,Parte I (Poder Executivo),nomeacao,JACQUELINE MARTINS DE JESUS CARVALHO,,,Secretario,5,Wilson Jose Witzel - Governador,Wilson Jose Witzel,Executivo estadual,sim,JACQUELINE MARTINS DE JESUS CARVALHO:PER,sim,para exercer o cargo em comissão de Ajudante I,,"NOMEAR JACQUELINE MARTINS DE JESUS CARVALHO para exercer o cargo em comissão de Ajudante I, símbolo DAI-1, da",https://www.ioerj.com.br/portal/modules/conteudoonline/mostra_edicao.php?session=VG10SmVFMUVUa1ZPUlUxMFVsUkdSMUpUTURCUFJHYzFURlZHUTA5VlVYUlJhbXhDVDFWSmVGSkVWa0pQUkdoQ1RWUmpNMDlVUVRKTmVrMHhUbEU5UFE9PQ==,D:\github\exoneracoes_nomeacoes_dou\LAKE\RJ\2012\11\DOERJ_PARTE_I_PODER_EXECUTIVO_2012-11-12.md
RJ,Diario Oficial do Estado do Rio de Janeiro,2012-11-12,Parte I (Poder Executivo),nomeacao,JULIA LAERCIA DE CARVALHO GUSMÃO,,,Secretario,5,Wilson Jose Witzel - Governador,Wilson Jose Witzel,Executivo estadual,sim,JULIA LAERCIA:PER,sim,para exercer o cargo em comissão de Ajudante I,,"NOMEAR JULIA LAERCIA DE CARVALHO GUSMÃO para exercer o cargo em comissão de Ajudante I, símbolo DAI-1, da",https://www.ioerj.com.br/portal/modules/conteudoonline/mostra_edicao.php?session=VG10SmVFMUVUa1ZPUlUxMFVsUkdSMUpUTURCUFJHYzFURlZHUTA5VlVYUlJhbXhDVDFWSmVGSkVWa0pQUkdoQ1RWUmpNMDlVUVRKTmVrMHhUbEU5UFE9PQ==,D:\github\exoneracoes_nomeacoes_dou\LAKE\RJ\2012\11\DOERJ_PARTE_I_PODER_EXECUTIVO_2012-11-12.md
RJ,Diario Oficial do Estado do Rio de Janeiro,2012-11-12,Parte I (Poder Executivo),nomeacao,FLAVIA COSTA FIGUEIREDO,,,Secretario,5,Wilson Jose Witzel - Governador,Wilson Jose Witzel,Executivo estadual,sim,FLAVIA COSTA FIGUEIREDO:ORG|Flavia Costa Figueiredo:PER,sim,para exercer o cargo em comissão de Ajudante I,,"NOMEAR FLAVIA COSTA FIGUEIREDO para exercer o cargo em comissão de Ajudante I, símbolo DAI-1, da",https://www.ioerj.com.br/portal/modules/conteudoonline/mostra_edicao.php?session=VG10SmVFMUVUa1ZPUlUxMFVsUkdSMUpUTURCUFJHYzFURlZHUTA5VlVYUlJhbXhDVDFWSmVGSkVWa0pQUkdoQ1RWUmpNMDlVUVRKTmVrMHhUbEU5UFE9PQ==,D:\github\exoneracoes_nomeacoes_dou\LAKE\RJ\2012\11\DOERJ_PARTE_I_PODER_EXECUTIVO_2012-11-12.md
RJ,Diario Oficial do Estado do Rio de Janeiro,2012-11-12,Parte I (Poder Executivo),nomeacao,FERNANDA GARCIA LIMA VIANA,,,Secretario,5,Wilson Jose Witzel - Governador,Wilson Jose Witzel,Executivo estadual,sim,GARCIA LIMA VIANA:PER,sim,para exercer o cargo em comissão de Ajudante I,,"NOMEAR FERNANDA GARCIA LIMA VIANA para exercer o cargo em comissão de Ajudante I, símbolo DAI-1, da",https://www.ioerj.com.br/portal/modules/conteudoonline/mostra_edicao.php?session=VG10SmVFMUVUa1ZPUlUxMFVsUkdSMUpUTURCUFJHYzFURlZHUTA5VlVYUlJhbXhDVDFWSmVGSkVWa0pQUkdoQ1RWUmpNMDlVUVRKTmVrMHhUbEU5UFE9PQ==,D:\github\exoneracoes_nomeacoes_dou\LAKE\RJ\2012\11\DOERJ_PARTE_I_PODER_EXECUTIVO_2012-11-12.md
RJ,Diario Oficial do Estado do Rio de Janeiro,2012-11-12,Parte I (Poder Executivo),nomeacao,CELSO PORTO FIGUEIRA FILHO,,,Secretario,5,Wilson Jose Witzel - Governador,Wilson Jose Witzel,Executivo estadual,sim,PORTO FIGUEIRA FILHO:LOC|Celso Porto Figueira Filho:PER,sim,para exercer o cargo em comissão de Ajudante I,,"NOMEAR CELSO PORTO FIGUEIRA FILHO para exercer o cargo em comissão de Ajudante I, símbolo DAI-1, da",https://www.ioerj.com.br/portal/modules/conteudoonline/mostra_edicao.php?session=VG10SmVFMUVUa1ZPUlUxMFVsUkdSMUpUTURCUFJHYzFURlZHUTA5VlVYUlJhbXhDVDFWSmVGSkVWa0pQUkdoQ1RWUmpNMDlVUVRKTmVrMHhUbEU5UFE9PQ==,D:\github\exoneracoes_nomeacoes_dou\LAKE\RJ\2012\11\DOERJ_PARTE_I_PODER_EXECUTIVO_2012-11-12.md
RJ,Diario Oficial do Estado do Rio de Janeiro,2012-11-12,Parte I (Poder Executivo),nomeacao,MAELY RODRIGUES DE ALMEIDA,,,Secretario,5,Wilson Jose Witzel - Governador,Wilson Jose Witzel,Executivo estadual,sim,MAELY RODRIGUES DE ALMEIDA:MISC|Maely Rodrigues:PER,sim,para exercer o cargo em comissão de Ajudante I,,"NOMEAR MAELY RODRIGUES DE ALMEIDA para exercer o cargo em comissão de Ajudante I, símbolo DAI-1, da",https://www.ioerj.com.br/portal/modules/conteudoonline/mostra_edicao.php?session=VG10SmVFMUVUa1ZPUlUxMFVsUkdSMUpUTURCUFJHYzFURlZHUTA5VlVYUlJhbXhDVDFWSmVGSkVWa0pQUkdoQ1RWUmpNMDlVUVRKTmVrMHhUbEU5UFE9PQ==,D:\github\exoneracoes_nomeacoes_dou\LAKE\RJ\2012\11\DOERJ_PARTE_I_PODER_EXECUTIVO_2012-11-12.md
RJ,Diario Oficial do Estado do Rio de Janeiro,2012-11-12,Parte I (Poder Executivo),nomeacao,MARIA THEREZA CARGNELUTTI DO CARMO,,,Secretario,5,Wilson Jose Witzel - Governador,Wilson Jose Witzel,Executivo estadual,sim,THEREZA CARGNELUTTI:MISC|CARMO:ORG|Maria Thereza Cargnelutti Do Carmo:PER,sim,para exercer o cargo em comissão de Ajudante I,,"NOMEAR MARIA THEREZA CARGNELUTTI DO CARMO para exercer o cargo em comissão de Ajudante I, símbolo DAI-1, da",https://www.ioerj.com.br/portal/modules/conteudoonline/mostra_edicao.php?session=VG10SmVFMUVUa1ZPUlUxMFVsUkdSMUpUTURCUFJHYzFURlZHUTA5VlVYUlJhbXhDVDFWSmVGSkVWa0pQUkdoQ1RWUmpNMDlVUVRKTmVrMHhUbEU5UFE9PQ==,D:\github\exoneracoes_nomeacoes_dou\LAKE\RJ\2012\11\DOERJ_PARTE_I_PODER_EXECUTIVO_2012-11-12.md
RJ,Diario Oficial do Estado do Rio de Janeiro,2012-11-12,Parte I (Poder Executivo),nomeacao,MANUELA GOBBI LOPES DA COSTA,,,Secretario,5,Wilson Jose Witzel - Governador,Wilson Jose Witzel,Executivo estadual,sim,MANUELA GOBBI LOPES:MISC|COSTA:ORG|Manuela Gobbi Lopes Da Costa:PER,sim,para exercer o cargo em comissão de Ajudante I,,"NOMEAR MANUELA GOBBI LOPES DA COSTA para exercer o cargo em comissão de Ajudante I, símbolo DAI-1, da",https://www.ioerj.com.br/portal/modules/conteudoonline/mostra_edicao.php?session=VG10SmVFMUVUa1ZPUlUxMFVsUkdSMUpUTURCUFJHYzFURlZHUTA5VlVYUlJhbXhDVDFWSmVGSkVWa0pQUkdoQ1RWUmpNMDlVUVRKTmVrMHhUbEU5UFE9PQ==,D:\github\exoneracoes_nomeacoes_dou\LAKE\RJ\2012\11\DOERJ_PARTE_I_PODER_EXECUTIVO_2012-11-12.md
RJ,Diario Oficial do Estado do Rio de Janeiro,2012-11-12,Parte I (Poder Executivo),nomeacao,KATIA VASCONCELOS,,,Secretario,5,Wilson Jose Witzel - Governador,Wilson Jose Witzel,Executivo estadual,sim,KATIA VASCONCELOS:ORG|Katia Vasconcelos:PER,sim,para exercer o cargo em comissão de Ajudante I,,"NOMEAR KATIA VASCONCELOS para exercer o cargo em comissão de Ajudante I, símbolo DAI-1, da",https://www.ioerj.com.br/portal/modules/conteudoonline/mostra_edicao.php?session=VG10SmVFMUVUa1ZPUlUxMFVsUkdSMUpUTURCUFJHYzFURlZHUTA5VlVYUlJhbXhDVDFWSmVGSkVWa0pQUkdoQ1RWUmpNMDlVUVRKTmVrMHhUbEU5UFE9PQ==,D:\github\exoneracoes_nomeacoes_dou\LAKE\RJ\2012\11\DOERJ_PARTE_I_PODER_EXECUTIVO_2012-11-12.md
RJ,Diario Oficial do Estado do Rio de Janeiro,2012-11-12,Parte I (Poder Executivo),nomeacao,PAULA CRISTINE SEABRA SIGGELKOW,,,Secretario,5,Wilson Jose Witzel - Governador,Wilson Jose Witzel,Executivo estadual,sim,CRISTINE:ORG|SIGGELKOW:MISC|Paula Cristine Seabra Siggelkow:PER,sim,para exercer o cargo em comissão de Ajudante I,,"NOMEAR PAULA CRISTINE SEABRA SIGGELKOW para exercer o cargo em comissão de Ajudante I, símbolo DAI-1, da",https://www.ioerj.com.br/portal/modules/conteudoonline/mostra_edicao.php?session=VG10SmVFMUVUa1ZPUlUxMFVsUkdSMUpUTURCUFJHYzFURlZHUTA5VlVYUlJhbXhDVDFWSmVGSkVWa0pQUkdoQ1RWUmpNMDlVUVRKTmVrMHhUbEU5UFE9PQ==,D:\github\exoneracoes_nomeacoes_dou\LAKE\RJ\2012\11\DOERJ_PARTE_I_PODER_EXECUTIVO_2012-11-12.md
RJ,Diario Oficial do Estado do Rio de Janeiro,2012-11-12,Parte I (Poder Executivo),nomeacao,DANIELLE ARONA DE ALMEIDA,,,Secretario,5,Wilson Jose Witzel - Governador,Wilson Jose Witzel,Executivo estadual,sim,DANIELLE ARONA DE ALMEIDA:MISC|Danielle Arona:PER,sim,para exercer o cargo em comissão de Ajudante I,,"NOMEAR DANIELLE ARONA DE ALMEIDA para exercer o cargo em comissão de Ajudante I, símbolo DAI-1, da",https://www.ioerj.com.br/portal/modules/conteudoonline/mostra_edicao.php?session=VG10SmVFMUVUa1ZPUlUxMFVsUkdSMUpUTURCUFJHYzFURlZHUTA5VlVYUlJhbXhDVDFWSmVGSkVWa0pQUkdoQ1RWUmpNMDlVUVRKTmVrMHhUbEU5UFE9PQ==,D:\github\exoneracoes_nomeacoes_dou\LAKE\RJ\2012\11\DOERJ_PARTE_I_PODER_EXECUTIVO_2012-11-12.md
RJ,Diario Oficial do Estado do Rio de Janeiro,2012-11-12,Parte I (Poder Executivo),nomeacao,MAX ROBERTO GONÇALVES,,,Secretario,5,Wilson Jose Witzel - Governador,Wilson Jose Witzel,Executivo estadual,sim,MAX ROBERTO GONÇALVES:MISC|Max Roberto Gonçalves:PER,sim,para exercer o cargo em comissão de Ajudante I,,"NOMEAR MAX ROBERTO GONÇALVES para exercer o cargo em comissão de Ajudante I, símbolo DAI-1, da",https://www.ioerj.com.br/portal/modules/conteudoonline/mostra_edicao.php?session=VG10SmVFMUVUa1ZPUlUxMFVsUkdSMUpUTURCUFJHYzFURlZHUTA5VlVYUlJhbXhDVDFWSmVGSkVWa0pQUkdoQ1RWUmpNMDlVUVRKTmVrMHhUbEU5UFE9PQ==,D:\github\exoneracoes_nomeacoes_dou\LAKE\RJ\2012\11\DOERJ_PARTE_I_PODER_EXECUTIVO_2012-11-12.md
RJ,Diario Oficial do Estado do Rio de Janeiro,2012-11-12,Parte I (Poder Executivo),nomeacao,MARINA MAGNAGO CRUZ,,,Secretario,5,Wilson Jose Witzel - Governador,Wilson Jose Witzel,Executivo estadual,sim,MARINA MAGNAGO CRUZ:MISC|Marina Magnago Cruz:PER,sim,para exercer o cargo em comissão de Ajudante I,,"NOMEAR MARINA MAGNAGO CRUZ para exercer o cargo em comissão de Ajudante I, símbolo DAI-1, da",https://www.ioerj.com.br/portal/modules/conteudoonline/mostra_edicao.php?session=VG10SmVFMUVUa1ZPUlUxMFVsUkdSMUpUTURCUFJHYzFURlZHUTA5VlVYUlJhbXhDVDFWSmVGSkVWa0pQUkdoQ1RWUmpNMDlVUVRKTmVrMHhUbEU5UFE9PQ==,D:\github\exoneracoes_nomeacoes_dou\LAKE\RJ\2012\11\DOERJ_PARTE_I_PODER_EXECUTIVO_2012-11-12.md
RJ,Diario Oficial do Estado do Rio de Janeiro,2012-11-12,Parte I (Poder Executivo),nomeacao,SONIA MARIA DE OLIVEIRA ZAGNE,,,Secretario,5,Wilson Jose Witzel - Governador,Wilson Jose Witzel,Executivo estadual,sim,MARIA DE OLIVEIRA ZAGNE:MISC|Sonia Maria De Oliveira Zagne:PER,sim,para exercer o cargo em comissão de Ajudante I,,"NOMEAR SONIA MARIA DE OLIVEIRA ZAGNE para exercer o cargo em comissão de Ajudante I, símbolo DAI-1, da",https://www.ioerj.com.br/portal/modules/conteudoonline/mostra_edicao.php?session=VG10SmVFMUVUa1ZPUlUxMFVsUkdSMUpUTURCUFJHYzFURlZHUTA5VlVYUlJhbXhDVDFWSmVGSkVWa0pQUkdoQ1RWUmpNMDlVUVRKTmVrMHhUbEU5UFE9PQ==,D:\github\exoneracoes_nomeacoes_dou\LAKE\RJ\2012\11\DOERJ_PARTE_I_PODER_EXECUTIVO_2012-11-12.md
RJ,Diario Oficial do Estado do Rio de Janeiro,2012-11-12,Parte I (Poder Executivo),nomeacao,VIVIANE DA COSTA MARTINS ALBUQUERQUE,,,Secretario,5,Wilson Jose Witzel - Governador,Wilson Jose Witzel,Executivo estadual,sim,Viviane Da Costa Martins Albuquerque:PER,sim,para exercer o cargo em comissão de Ajudante I,,"NOMEAR VIVIANE DA COSTA MARTINS ALBUQUERQUE para exercer o cargo em comissão de Ajudante I, símbolo DAI-1, da",https://www.ioerj.com.br/portal/modules/conteudoonline/mostra_edicao.php?session=VG10SmVFMUVUa1ZPUlUxMFVsUkdSMUpUTURCUFJHYzFURlZHUTA5VlVYUlJhbXhDVDFWSmVGSkVWa0pQUkdoQ1RWUmpNMDlVUVRKTmVrMHhUbEU5UFE9PQ==,D:\github\exoneracoes_nomeacoes_dou\LAKE\RJ\2012\11\DOERJ_PARTE_I_PODER_EXECUTIVO_2012-11-12.md
RJ,Diario Oficial do Estado do Rio de Janeiro,2012-11-12,Parte I (Poder Executivo),nomeacao,CLAUDIA APARECIDA AMORIM TALLENBE,,,Secretario,5,Wilson Jose Witzel - Governador,Wilson Jose Witzel,Executivo estadual,sim,CLAUDIA APARECIDA AMORIM:MISC|Claudia Aparecida Amorim Tallenbe:PER,sim,para exercer o cargo em comissão de Ajudante I,,"NOMEAR CLAUDIA APARECIDA AMORIM TALLENBERG para exercer o cargo em comissão de Ajudante I, símbolo DAI-1, da",https://www.ioerj.com.br/portal/modules/conteudoonline/mostra_edicao.php?session=VG10SmVFMUVUa1ZPUlUxMFVsUkdSMUpUTURCUFJHYzFURlZHUTA5VlVYUlJhbXhDVDFWSmVGSkVWa0pQUkdoQ1RWUmpNMDlVUVRKTmVrMHhUbEU5UFE9PQ==,D:\github\exoneracoes_nomeacoes_dou\LAKE\RJ\2012\11\DOERJ_PARTE_I_PODER_EXECUTIVO_2012-11-12.md
RJ,Diario Oficial do Estado do Rio de Janeiro,2012-11-12,Parte I (Poder Executivo),nomeacao,WILLIAM NUNES MURCIA,,,Secretario,5,Wilson Jose Witzel - Governador,Wilson Jose Witzel,Executivo estadual,sim,WILLIAM NUNES MURCIA:PER,sim,para exercer o cargo em comissão de Ajudante I,,"NOMEAR WILLIAM NUNES MURCIA para exercer o cargo em comissão de Ajudante I, símbolo DAI-1, da",https://www.ioerj.com.br/portal/modules/conteudoonline/mostra_edicao.php?session=VG10SmVFMUVUa1ZPUlUxMFVsUkdSMUpUTURCUFJHYzFURlZHUTA5VlVYUlJhbXhDVDFWSmVGSkVWa0pQUkdoQ1RWUmpNMDlVUVRKTmVrMHhUbEU5UFE9PQ==,D:\github\exoneracoes_nomeacoes_dou\LAKE\RJ\2012\11\DOERJ_PARTE_I_PODER_EXECUTIVO_2012-11-12.md
RJ,Diario Oficial do Estado do Rio de Janeiro,2012-11-12,Parte I (Poder Executivo),nomeacao,OSVALDINA LUZIA BARBOSA DE SOUZA,,,Secretario,5,Wilson Jose Witzel - Governador,Wilson Jose Witzel,Executivo estadual,sim,OSVALDINA LUZIA:ORG|Osvaldina Luzia Barbosa De Souza:PER,sim,para exercer o cargo em comissão de Ajudante I,,"NOMEAR OSVALDINA LUZIA BARBOSA DE SOUZA para exercer o cargo em comissão de Ajudante I, símbolo DAI-1, da",https://www.ioerj.com.br/portal/modules/conteudoonline/mostra_edicao.php?session=VG10SmVFMUVUa1ZPUlUxMFVsUkdSMUpUTURCUFJHYzFURlZHUTA5VlVYUlJhbXhDVDFWSmVGSkVWa0pQUkdoQ1RWUmpNMDlVUVRKTmVrMHhUbEU5UFE9PQ==,D:\github\exoneracoes_nomeacoes_dou\LAKE\RJ\2012\11\DOERJ_PARTE_I_PODER_EXECUTIVO_2012-11-12.md
RJ,Diario Oficial do Estado do Rio de Janeiro,2012-11-12,Parte I (Poder Executivo),nomeacao,THABATA DE SOUSA COSTA,,,Secretario,5,Wilson Jose Witzel - Governador,Wilson Jose Witzel,Executivo estadual,sim,THABATA:ORG|SOUSA COSTA:MISC|Thabata De Sousa Costa:PER,sim,para exercer o cargo em comissão de Ajudante I,,"NOMEAR THABATA DE SOUSA COSTA para exercer o cargo em comissão de Ajudante I, símbolo DAI-1, da",https://www.ioerj.com.br/portal/modules/conteudoonline/mostra_edicao.php?session=VG10SmVFMUVUa1ZPUlUxMFVsUkdSMUpUTURCUFJHYzFURlZHUTA5VlVYUlJhbXhDVDFWSmVGSkVWa0pQUkdoQ1RWUmpNMDlVUVRKTmVrMHhUbEU5UFE9PQ==,D:\github\exoneracoes_nomeacoes_dou\LAKE\RJ\2012\11\DOERJ_PARTE_I_PODER_EXECUTIVO_2012-11-12.md
RJ,Diario Oficial do Estado do Rio de Janeiro,2012-11-12,Parte I (Poder Executivo),nomeacao,DANIELE MEDEIROS NOVELLINO,,,Secretario,5,Wilson Jose Witzel - Governador,Wilson Jose Witzel,Executivo estadual,sim,Daniele Medeiros Novellino:PER,sim,para exercer o cargo em comissão de Ajudante I,,"NOMEAR DANIELE MEDEIROS NOVELLINO para exercer o cargo em comissão de Ajudante I, símbolo DAI-1, da",https://www.ioerj.com.br/portal/modules/conteudoonline/mostra_edicao.php?session=VG10SmVFMUVUa1ZPUlUxMFVsUkdSMUpUTURCUFJHYzFURlZHUTA5VlVYUlJhbXhDVDFWSmVGSkVWa0pQUkdoQ1RWUmpNMDlVUVRKTmVrMHhUbEU5UFE9PQ==,D:\github\exoneracoes_nomeacoes_dou\LAKE\RJ\2012\11\DOERJ_PARTE_I_PODER_EXECUTIVO_2012-11-12.md
RJ,Diario Oficial do Estado do Rio de Janeiro,2012-11-12,Parte I (Poder Executivo),nomeacao,ANA CECILIA PEDROSA DE AZEVEDO,,,Secretario,5,Wilson Jose Witzel - Governador,Wilson Jose Witzel,Executivo estadual,sim,CECILIA PEDROSA DE AZEVEDO:MISC|Ana Cecilia Pedrosa De Azevedo:PER,sim,para exercer o cargo em comissão de Ajudante I,,"NOMEAR ANA CECILIA PEDROSA DE AZEVEDO para exercer o cargo em comissão de Ajudante I, símbolo DAI-1, da",https://www.ioerj.com.br/portal/modules/conteudoonline/mostra_edicao.php?session=VG10SmVFMUVUa1ZPUlUxMFVsUkdSMUpUTURCUFJHYzFURlZHUTA5VlVYUlJhbXhDVDFWSmVGSkVWa0pQUkdoQ1RWUmpNMDlVUVRKTmVrMHhUbEU5UFE9PQ==,D:\github\exoneracoes_nomeacoes_dou\LAKE\RJ\2012\11\DOERJ_PARTE_I_PODER_EXECUTIVO_2012-11-12.md
RJ,Diario Oficial do Estado do Rio de Janeiro,2012-11-12,Parte I (Poder Executivo),nomeacao,ANDREA PACHECO PEREIRA,,,Secretario,5,Wilson Jose Witzel - Governador,Wilson Jose Witzel,Executivo estadual,sim,ANDREA PACHECO PEREIRA:PER,sim,para exercer o cargo em comissão de Ajudante I,,"NOMEAR ANDREA PACHECO PEREIRA para exercer o cargo em comissão de Ajudante I, símbolo DAI-1, da",https://www.ioerj.com.br/portal/modules/conteudoonline/mostra_edicao.php?session=VG10SmVFMUVUa1ZPUlUxMFVsUkdSMUpUTURCUFJHYzFURlZHUTA5VlVYUlJhbXhDVDFWSmVGSkVWa0pQUkdoQ1RWUmpNMDlVUVRKTmVrMHhUbEU5UFE9PQ==,D:\github\exoneracoes_nomeacoes_dou\LAKE\RJ\2012\11\DOERJ_PARTE_I_PODER_EXECUTIVO_2012-11-12.md
RJ,Diario Oficial do Estado do Rio de Janeiro,2012-11-12,Parte I (Poder Executivo),nomeacao,MARCIA ROSANE SERPA BARRETO CORDEIRO,,,Secretario,5,Wilson Jose Witzel - Governador,Wilson Jose Witzel,Executivo estadual,sim,MARCIA:MISC|Rosane Serpa Barreto Cordeiro:PER,sim,para exercer o cargo em comissão de Ajudante I,,"NOMEAR MARCIA ROSANE SERPA BARRETO CORDEIRO para exercer o cargo em comissão de Ajudante I, símbolo DAI-1, da",https://www.ioerj.com.br/portal/modules/conteudoonline/mostra_edicao.php?session=VG10SmVFMUVUa1ZPUlUxMFVsUkdSMUpUTURCUFJHYzFURlZHUTA5VlVYUlJhbXhDVDFWSmVGSkVWa0pQUkdoQ1RWUmpNMDlVUVRKTmVrMHhUbEU5UFE9PQ==,D:\github\exoneracoes_nomeacoes_dou\LAKE\RJ\2012\11\DOERJ_PARTE_I_PODER_EXECUTIVO_2012-11-12.md
RJ,Diario Oficial do Estado do Rio de Janeiro,2012-11-12,Parte I (Poder Executivo),nomeacao,RAQUEL PINTO ROCHA,,,Secretario,5,Wilson Jose Witzel - Governador,Wilson Jose Witzel,Executivo estadual,sim,RAQUEL PINTO ROCHA:MISC|Raquel Pinto Rocha:PER,sim,para exercer o cargo em comissão de Ajudante I,,"NOMEAR RAQUEL PINTO ROCHA para exercer o cargo em comissão de Ajudante I, símbolo DAI-1, da",https://www.ioerj.com.br/portal/modules/conteudoonline/mostra_edicao.php?session=VG10SmVFMUVUa1ZPUlUxMFVsUkdSMUpUTURCUFJHYzFURlZHUTA5VlVYUlJhbXhDVDFWSmVGSkVWa0pQUkdoQ1RWUmpNMDlVUVRKTmVrMHhUbEU5UFE9PQ==,D:\github\exoneracoes_nomeacoes_dou\LAKE\RJ\2012\11\DOERJ_PARTE_I_PODER_EXECUTIVO_2012-11-12.md
RJ,Diario Oficial do Estado do Rio de Janeiro,2012-11-12,Parte I (Poder Executivo),nomeacao,RAFAEL LUIS TEIXEIRA SOUZA,,,Secretario,5,Wilson Jose Witzel - Governador,Wilson Jose Witzel,Executivo estadual,sim,Rafael Luis Teixeira Souza:PER,sim,para exercer o cargo em comissão de Ajudante I,,"NOMEAR RAFAEL LUIS TEIXEIRA SOUZA para exercer o cargo em comissão de Ajudante I, símbolo DAI-1, da",https://www.ioerj.com.br/portal/modules/conteudoonline/mostra_edicao.php?session=VG10SmVFMUVUa1ZPUlUxMFVsUkdSMUpUTURCUFJHYzFURlZHUTA5VlVYUlJhbXhDVDFWSmVGSkVWa0pQUkdoQ1RWUmpNMDlVUVRKTmVrMHhUbEU5UFE9PQ==,D:\github\exoneracoes_nomeacoes_dou\LAKE\RJ\2012\11\DOERJ_PARTE_I_PODER_EXECUTIVO_2012-11-12.md
RJ,Diario Oficial do Estado do Rio de Janeiro,2012-11-12,Parte I (Poder Executivo),nomeacao,DAYANNE SILVA DE LUCENA,,,Secretario,5,Wilson Jose Witzel - Governador,Wilson Jose Witzel,Executivo estadual,sim,DAYANNE SILVA:PER,sim,para exercer o cargo em comissão de Ajudante I,,"NOMEAR DAYANNE SILVA DE LUCENA para exercer o cargo em comissão de Ajudante I, símbolo DAI-1, da",https://www.ioerj.com.br/portal/modules/conteudoonline/mostra_edicao.php?session=VG10SmVFMUVUa1ZPUlUxMFVsUkdSMUpUTURCUFJHYzFURlZHUTA5VlVYUlJhbXhDVDFWSmVGSkVWa0pQUkdoQ1RWUmpNMDlVUVRKTmVrMHhUbEU5UFE9PQ==,D:\github\exoneracoes_nomeacoes_dou\LAKE\RJ\2012\11\DOERJ_PARTE_I_PODER_EXECUTIVO_2012-11-12.md
RJ,Diario Oficial do Estado do Rio de Janeiro,2012-11-12,Parte I (Poder Executivo),nomeacao,REGINA APARECIDA VAROTO,,,Secretario,5,Wilson Jose Witzel - Governador,Wilson Jose Witzel,Executivo estadual,sim,REGINA APARECIDA:MISC|Regina Aparecida Varoto:PER,sim,para exercer o cargo em comissão de Ajudante I,,"NOMEAR REGINA APARECIDA VAROTO para exercer o cargo em comissão de Ajudante I, símbolo DAI-1, da",https://www.ioerj.com.br/portal/modules/conteudoonline/mostra_edicao.php?session=VG10SmVFMUVUa1ZPUlUxMFVsUkdSMUpUTURCUFJHYzFURlZHUTA5VlVYUlJhbXhDVDFWSmVGSkVWa0pQUkdoQ1RWUmpNMDlVUVRKTmVrMHhUbEU5UFE9PQ==,D:\github\exoneracoes_nomeacoes_dou\LAKE\RJ\2012\11\DOERJ_PARTE_I_PODER_EXECUTIVO_2012-11-12.md
RJ,Diario Oficial do Estado do Rio de Janeiro,2012-11-12,Parte I (Poder Executivo),nomeacao,VIVIAN MOREIRA GONZALEZ,,,Secretario,5,Wilson Jose Witzel - Governador,Wilson Jose Witzel,Executivo estadual,sim,MOREIRA GONZALEZ:MISC|Vivian Moreira Gonzalez:PER,sim,para exercer o cargo em comissão de Ajudante I,,"NOMEAR VIVIAN MOREIRA GONZALEZ para exercer o cargo em comissão de Ajudante I, símbolo DAI-1, da",https://www.ioerj.com.br/portal/modules/conteudoonline/mostra_edicao.php?session=VG10SmVFMUVUa1ZPUlUxMFVsUkdSMUpUTURCUFJHYzFURlZHUTA5VlVYUlJhbXhDVDFWSmVGSkVWa0pQUkdoQ1RWUmpNMDlVUVRKTmVrMHhUbEU5UFE9PQ==,D:\github\exoneracoes_nomeacoes_dou\LAKE\RJ\2012\11\DOERJ_PARTE_I_PODER_EXECUTIVO_2012-11-12.md
RJ,Diario Oficial do Estado do Rio de Janeiro,2012-11-12,Parte I (Poder Executivo),nomeacao,JULIANA RIBEIRO DE OLIVEIRA,,,Secretario,5,Wilson Jose Witzel - Governador,Wilson Jose Witzel,Executivo estadual,sim,JULIANA RIBEIRO DE OLIVEIRA:PER,sim,para exercer o cargo em comissão de Ajudante I,,"NOMEAR JULIANA RIBEIRO DE OLIVEIRA para exercer o cargo em comissão de Ajudante I, símbolo DAI-1, da",https://www.ioerj.com.br/portal/modules/conteudoonline/mostra_edicao.php?session=VG10SmVFMUVUa1ZPUlUxMFVsUkdSMUpUTURCUFJHYzFURlZHUTA5VlVYUlJhbXhDVDFWSmVGSkVWa0pQUkdoQ1RWUmpNMDlVUVRKTmVrMHhUbEU5UFE9PQ==,D:\github\exoneracoes_nomeacoes_dou\LAKE\RJ\2012\11\DOERJ_PARTE_I_PODER_EXECUTIVO_2012-11-12.md
RJ,Diario Oficial do Estado do Rio de Janeiro,2012-11-12,Parte I (Poder Executivo),nomeacao,SAMIRA SANTOS EL ADJI,,,Secretario,5,Wilson Jose Witzel - Governador,Wilson Jose Witzel,Executivo estadual,sim,SAMIRA:ORG|Samira Santos El Adji:PER,sim,para exercer o cargo em comissão de Ajudante I,,"NOMEAR SAMIRA SANTOS EL ADJI para exercer o cargo em comissão de Ajudante I, símbolo DAI-1, da",https://www.ioerj.com.br/portal/modules/conteudoonline/mostra_edicao.php?session=VG10SmVFMUVUa1ZPUlUxMFVsUkdSMUpUTURCUFJHYzFURlZHUTA5VlVYUlJhbXhDVDFWSmVGSkVWa0pQUkdoQ1RWUmpNMDlVUVRKTmVrMHhUbEU5UFE9PQ==,D:\github\exoneracoes_nomeacoes_dou\LAKE\RJ\2012\11\DOERJ_PARTE_I_PODER_EXECUTIVO_2012-11-12.md
RJ,Diario Oficial do Estado do Rio de Janeiro,2012-11-12,Parte I (Poder Executivo),nomeacao,MARIA DE FÁTIMA RODRIGUES MANTOVANI,,,Secretario,5,Wilson Jose Witzel - Governador,Wilson Jose Witzel,Executivo estadual,sim,MARIA DE FÁTIMA RODRIGUES:MISC|Maria De Fátima Rodrigues Mantovani:PER,sim,para exercer o cargo em comissão de Ajudante I,,"NOMEAR MARIA DE FÁTIMA RODRIGUES MANTOVANI para exercer o cargo em comissão de Ajudante I, símbolo DAI-1, da",https://www.ioerj.com.br/portal/modules/conteudoonline/mostra_edicao.php?session=VG10SmVFMUVUa1ZPUlUxMFVsUkdSMUpUTURCUFJHYzFURlZHUTA5VlVYUlJhbXhDVDFWSmVGSkVWa0pQUkdoQ1RWUmpNMDlVUVRKTmVrMHhUbEU5UFE9PQ==,D:\github\exoneracoes_nomeacoes_dou\LAKE\RJ\2012\11\DOERJ_PARTE_I_PODER_EXECUTIVO_2012-11-12.md
RJ,Diario Oficial do Estado do Rio de Janeiro,2012-11-12,Parte I (Poder Executivo),nomeacao,EDMILSON BARBOSA MACHADO,,,Secretario,5,Wilson Jose Witzel - Governador,Wilson Jose Witzel,Executivo estadual,sim,EDMILSON:LOC|BARBOSA:MISC|Edmilson Barbosa Machado:PER,sim,para exercer o cargo em comissão de Ajudante I,,"NOMEAR EDMILSON BARBOSA MACHADO para exercer o cargo em comissão de Ajudante I, símbolo DAI-1, da",https://www.ioerj.com.br/portal/modules/conteudoonline/mostra_edicao.php?session=VG10SmVFMUVUa1ZPUlUxMFVsUkdSMUpUTURCUFJHYzFURlZHUTA5VlVYUlJhbXhDVDFWSmVGSkVWa0pQUkdoQ1RWUmpNMDlVUVRKTmVrMHhUbEU5UFE9PQ==,D:\github\exoneracoes_nomeacoes_dou\LAKE\RJ\2012\11\DOERJ_PARTE_I_PODER_EXECUTIVO_2012-11-12.md
RJ,Diario Oficial do Estado do Rio de Janeiro,2012-11-12,Parte I (Poder Executivo),nomeacao,ANA RITA DA SILVA BARBOSA,,,Secretario,5,Wilson Jose Witzel - Governador,Wilson Jose Witzel,Executivo estadual,sim,ANA RITA DA SILVA:PER,sim,,da Superintendência de Gestão de Pessoas,"NOMEAR ANA RITA DA SILVA BARBOSA para exercer, com validade a contar de 02 de novembro de 2012, o cargo em comissão de Assistente II, símbolo DAI-6, da Superintendência de Gestão de Pessoas, da Subsecretaria de Gestão de Pessoas, da",https://www.ioerj.com.br/portal/modules/conteudoonline/mostra_edicao.php?session=VG10SmVFMUVUa1ZPUlUxMFVsUkdSMUpUTURCUFJHYzFURlZHUTA5VlVYUlJhbXhDVDFWSmVGSkVWa0pQUkdoQ1RWUmpNMDlVUVRKTmVrMHhUbEU5UFE9PQ==,D:\github\exoneracoes_nomeacoes_dou\LAKE\RJ\2012\11\DOERJ_PARTE_I_PODER_EXECUTIVO_2012-11-12.md
RJ,Diario Oficial do Estado do Rio de Janeiro,2012-11-12,Parte I (Poder Executivo),exoneracao,KÁTIA ANDREA,,,Secretario,5,Wilson Jose Witzel - Governador,Wilson Jose Witzel,Executivo estadual,sim,KÁTIA ANDREA:MISC|Kátia Andrea:PER,sim,do cargo em comissão de Chefe de Serviço,do Departamento Geral de Administração e Finanças,"EXONERAR com validade a contar de 01 de novembro de 2012, KÁTIA ANDREA DA SILVA CUNHA , ID. Funcional nº 44281510, do cargo em comissão de Chefe de Serviço, símbolo DAI-6, do Serviço de Portaria, da Divisão de Serviços Gerais, do Departamento Geral de Administração e Finanças, da",https://www.ioerj.com.br/portal/modules/conteudoonline/mostra_edicao.php?session=VG10SmVFMUVUa1ZPUlUxMFVsUkdSMUpUTURCUFJHYzFURlZHUTA5VlVYUlJhbXhDVDFWSmVGSkVWa0pQUkdoQ1RWUmpNMDlVUVRKTmVrMHhUbEU5UFE9PQ==,D:\github\exoneracoes_nomeacoes_dou\LAKE\RJ\2012\11\DOERJ_PARTE_I_PODER_EXECUTIVO_2012-11-12.md
RJ,Diario Oficial do Estado do Rio de Janeiro,2012-11-12,DO Campos (Poder Executivo),nomeacao,CADEIRA ETC) PARA ATENDER AO PAD - PROGRAMA DE ASSISTÊNCIA DOMICILIAR DA,,GERALDO AUGUSTO PINTO VENÂNCIO,Secretario,5,Wilson Jose Witzel - Governador,Wilson Jose Witzel,Executivo estadual,sim,CADEIRA ETC:MISC|AO PAD:MISC|Cadeira Etc:MISC|Atender Ao Pad:PER,sim,,,"NOMEAR interinamente o Sr. Marcelo Fernandes , responsável pelo Programa Municipal de Prevenção e Tratamento as Hepatites Virais, durante o período de 29/08/2011 a 31/08/2012. Campos dos Goytacazes, 07 de novembro de 2012. Dr. Geraldo Augusto Pinto Venâncio Secretário Municipal de Saúde Id: 1407464 ## H O M O L O G A Ç Ã O Aprovo os atos praticados no procedimento licitatório na modalidade Pregão Presencial nº 106/12, processo nº 2012.045.001027-3-PR cujo objeto é aquisição de material permanente (aparelho telefônico, impressora, aparelho de ar condicionado, TV, aparelho de DVD, cadeira etc) para atender ao PAD - Programa de Assistência Domiciliar da",https://www.ioerj.com.br/portal/modules/conteudoonline/mostra_edicao.php?session=VGtSVk0wOUVhM3BOUkVsMFQwVlNSMDVUTURCTmVsVXlURlZKTUZFd1VYUlJNRmt4VFdwb1JFNTZVVFZSTUVwR1RWUmpNMDlVUVRKTmVrMHhUbEU5UFE9PQ==,D:\github\exoneracoes_nomeacoes_dou\LAKE\RJ\2012\11\DOERJ_DO_CAMPOS_PODER_EXECUTIVO_2012-11-12.md
RJ,Diario Oficial do Estado do Rio de Janeiro,2012-11-09,Parte I (Poder Executivo),exoneracao,FRANCISCO ANTONIO DA SILVA MARTINS,,,Secretario,5,Wilson Jose Witzel - Governador,Wilson Jose Witzel,Executivo estadual,sim,FRANCISCO ANTONIO DA SILVA MARTINS:PER,sim,do cargo em co- Id: 1407266 missão de Ajudante I,,"EXONERAR com validade a contar de 07 de novembro de 2012, FRANCISCO ANTONIO DA SILVA MARTINS do cargo em co- Id: 1407266 missão de Ajudante I, símbolo DAI-1, da",https://www.ioerj.com.br/portal/modules/conteudoonline/mostra_edicao.php?session=VGtWV1JrOVVTVE5PYTFWMFVrUmpNazlUTURCT1JVazBURlJuZUU5RlNYUk5SR2N3VDBSWk0wNVVTa1pQVkUwelRWUmpNMDlVUVRKTmVsVTFUWGM5UFE9PQ==,D:\github\exoneracoes_nomeacoes_dou\LAKE\RJ\2012\11\DOERJ_PARTE_I_PODER_EXECUTIVO_2012-11-09.md
RJ,Diario Oficial do Estado do Rio de Janeiro,2012-11-09,Parte I (Poder Executivo),nomeacao,ARLETE PIMENTA MARTINS,,,Secretario,5,Wilson Jose Witzel - Governador,Wilson Jose Witzel,Executivo estadual,sim,ARLETE PIMENTA MARTINS:PER,sim,,da Fundação Leão XIII,"NOMEAR ARLETE PIMENTA MARTINS para exercer, com validade a contar de 01 de novembro de 2012, o cargo em comissão de Chefe de Serviço, símbolo DAI-6, do Serviço de Portaria e Vigilância, da Divisão de Manutenção e Suprimentos, do Centro de Recuperação Social de Fonseca, da Diretoria de Assistência Especializada, da Fundação Leão XIII, da",https://www.ioerj.com.br/portal/modules/conteudoonline/mostra_edicao.php?session=VGtWV1JrOVVTVE5PYTFWMFVrUmpNazlUTURCT1JVazBURlJuZUU5RlNYUk5SR2N3VDBSWk0wNVVTa1pQVkUwelRWUmpNMDlVUVRKTmVsVTFUWGM5UFE9PQ==,D:\github\exoneracoes_nomeacoes_dou\LAKE\RJ\2012\11\DOERJ_PARTE_I_PODER_EXECUTIVO_2012-11-09.md
RJ,Diario Oficial do Estado do Rio de Janeiro,2012-11-09,Parte I (Poder Executivo),exoneracao,ELOISA LEANDRO,,,Secretario,5,Wilson Jose Witzel - Governador,Wilson Jose Witzel,Executivo estadual,sim,LEANDRO:MISC|Eloisa Leandro:PER,sim,do cargo em comissão de Coordenador,da Fundação Centro Estadual de Estatísticas,"EXONERAR com validade a contar de 09 de outubro de 2012, ELOISA LEANDRO DA SILVA , matrícula nº 3501109-7, do cargo em comissão de Coordenador, símbolo DAS-8, da Fundação Centro Estadual de Estatísticas, Pesquisas e Formação de Servidores Públicos do Rio de Janeiro - CEPERJ, da",https://www.ioerj.com.br/portal/modules/conteudoonline/mostra_edicao.php?session=VGtWV1JrOVVTVE5PYTFWMFVrUmpNazlUTURCT1JVazBURlJuZUU5RlNYUk5SR2N3VDBSWk0wNVVTa1pQVkUwelRWUmpNMDlVUVRKTmVsVTFUWGM5UFE9PQ==,D:\github\exoneracoes_nomeacoes_dou\LAKE\RJ\2012\11\DOERJ_PARTE_I_PODER_EXECUTIVO_2012-11-09.md
RJ,Diario Oficial do Estado do Rio de Janeiro,2012-11-09,Parte I (Poder Executivo),exoneracao,LUCI DUPRET,,,Secretario,5,Wilson Jose Witzel - Governador,Wilson Jose Witzel,Executivo estadual,sim,LUCI DUPRET:MISC|Luci Dupret:PER,sim,do cargo em comissão de Assessor,da Fundação Centro Estadual de Estatísticas,"EXONERAR com validade a contar de 01 de outubro de 2012, LUCI DUPRET DA CONCEIÇÃO , matrícula nº 3501107-1, do cargo em comissão de Assessor, símbolo DAS-7, da Fundação Centro Estadual de Estatísticas, Pesquisas e Formação de Servidores Públicos do Rio de Janeiro -CEPERJ, da",https://www.ioerj.com.br/portal/modules/conteudoonline/mostra_edicao.php?session=VGtWV1JrOVVTVE5PYTFWMFVrUmpNazlUTURCT1JVazBURlJuZUU5RlNYUk5SR2N3VDBSWk0wNVVTa1pQVkUwelRWUmpNMDlVUVRKTmVsVTFUWGM5UFE9PQ==,D:\github\exoneracoes_nomeacoes_dou\LAKE\RJ\2012\11\DOERJ_PARTE_I_PODER_EXECUTIVO_2012-11-09.md
RJ,Diario Oficial do Estado do Rio de Janeiro,2012-11-09,Parte I (Poder Executivo),exoneracao,TATIANA DE PONTES,,,Secretario,5,Wilson Jose Witzel - Governador,Wilson Jose Witzel,Executivo estadual,sim,TATIANA:PER,sim,do cargo em comissão de Assessor,da Fundação Centro Estadual de Estatísticas,"EXONERAR com validade a contar de 01 de outubro de 2012, TATIANA DE PONTES DA SILVA , matrícula nº 3501039-6, do cargo em comissão de Assessor, símbolo DAS-7, da Fundação Centro Estadual de Estatísticas, Pesquisas e Formação de Servidores Públicos do Rio de Janeiro -CEPERJ, da",https://www.ioerj.com.br/portal/modules/conteudoonline/mostra_edicao.php?session=VGtWV1JrOVVTVE5PYTFWMFVrUmpNazlUTURCT1JVazBURlJuZUU5RlNYUk5SR2N3VDBSWk0wNVVTa1pQVkUwelRWUmpNMDlVUVRKTmVsVTFUWGM5UFE9PQ==,D:\github\exoneracoes_nomeacoes_dou\LAKE\RJ\2012\11\DOERJ_PARTE_I_PODER_EXECUTIVO_2012-11-09.md
RJ,Diario Oficial do Estado do Rio de Janeiro,2012-11-09,Parte I (Poder Executivo),exoneracao,MÁRCIO HENRIQUE LOPES,,,Secretario,5,Wilson Jose Witzel - Governador,Wilson Jose Witzel,Executivo estadual,sim,MÁRCIO HENRIQUE LOPES:MISC|Márcio Henrique Lopes:PER,sim,do cargo em comissão de Diretor de Agência Regional,da Fundação Centro Estadual de Estatísticas,"EXONERAR com validade a contar de 01 de outubro de 2012, MÁRCIO HENRIQUE LOPES DA SILVA , matrícula nº 35010529, do cargo em comissão de Diretor de Agência Regional, símbolo DAS-7, da Agência Regional de Niterói, da antiga Coordenadoria de Interiorização, da Vice-Presidência, da Fundação Centro Estadual de Estatísticas, Pesquisas e Formação de Servidores Públicos do Rio de Janeiro - CEPERJ, da",https://www.ioerj.com.br/portal/modules/conteudoonline/mostra_edicao.php?session=VGtWV1JrOVVTVE5PYTFWMFVrUmpNazlUTURCT1JVazBURlJuZUU5RlNYUk5SR2N3VDBSWk0wNVVTa1pQVkUwelRWUmpNMDlVUVRKTmVsVTFUWGM5UFE9PQ==,D:\github\exoneracoes_nomeacoes_dou\LAKE\RJ\2012\11\DOERJ_PARTE_I_PODER_EXECUTIVO_2012-11-09.md
RJ,Diario Oficial do Estado do Rio de Janeiro,2012-11-09,Parte I (Poder Executivo),exoneracao,SOLANGE MARIA,,,Secretario,5,Wilson Jose Witzel - Governador,Wilson Jose Witzel,Executivo estadual,sim,SOLANGE:MISC|Maria:PER,sim,do cargo em comissão de Chefe de Departamento,da Fundação Centro Estadual de Estatísticas,"EXONERAR com validade a contar de 01 de outubro de 2012, SOLANGE MARIA DO NASCIMENTO , Agente Administrativo, matrícula nº 000460-6, do cargo em comissão de Chefe de Departamento, símbolo DAS-7, do antigo Departamento de Programação, Editoração e Aplicação de Provas, da Coordenadoria de Operações, da Diretoria de Concursos e Processos Seletivos, da Fundação Centro Estadual de Estatísticas, Pesquisas e Formação de Servidores Públicos do Rio de Janeiro -CEPERJ, da",https://www.ioerj.com.br/portal/modules/conteudoonline/mostra_edicao.php?session=VGtWV1JrOVVTVE5PYTFWMFVrUmpNazlUTURCT1JVazBURlJuZUU5RlNYUk5SR2N3VDBSWk0wNVVTa1pQVkUwelRWUmpNMDlVUVRKTmVsVTFUWGM5UFE9PQ==,D:\github\exoneracoes_nomeacoes_dou\LAKE\RJ\2012\11\DOERJ_PARTE_I_PODER_EXECUTIVO_2012-11-09.md
RJ,Diario Oficial do Estado do Rio de Janeiro,2012-11-09,Parte I (Poder Executivo),nomeacao,JOSÉ AUREO BASTOS VALENÇA,,,Secretario,5,Wilson Jose Witzel - Governador,Wilson Jose Witzel,Executivo estadual,sim,JOSÉ AUREO BASTOS VALENÇA:PER,sim,,da Fundação Centro Estadual de Estatísticas,"NOMEAR JOSÉ AUREO BASTOS VALENÇA, matrícula nº 3501153-5, para exercer, com validade a contar de 01 de outubro de 2012, o cargo em comissão de Diretor de Agência Regional, símbolo DAS-7, de Agências Regionais, da Vice Presidência, da Fundação Centro Estadual de Estatísticas, Pesquisas e Formação de Servidores Públicos do Rio de Janeiro -CEPERJ, da",https://www.ioerj.com.br/portal/modules/conteudoonline/mostra_edicao.php?session=VGtWV1JrOVVTVE5PYTFWMFVrUmpNazlUTURCT1JVazBURlJuZUU5RlNYUk5SR2N3VDBSWk0wNVVTa1pQVkUwelRWUmpNMDlVUVRKTmVsVTFUWGM5UFE9PQ==,D:\github\exoneracoes_nomeacoes_dou\LAKE\RJ\2012\11\DOERJ_PARTE_I_PODER_EXECUTIVO_2012-11-09.md
RJ,Diario Oficial do Estado do Rio de Janeiro,2012-11-09,Parte I (Poder Executivo),nomeacao,MARCIO HENRIQUE LOPES DA SILVA,4365232-8,,Secretario,5,Wilson Jose Witzel - Governador,Wilson Jose Witzel,Executivo estadual,sim,HENRIQUE LOPES DA SILVA:PER,sim,,da Fundação Centro Estadual de Estatísticas,"NOMEAR MARCIO HENRIQUE LOPES DA SILVA, ID Funcional nº 4365232-8, para exercer, com validade a contar de 01 de outubro de 2012, o cargo em comissão de Diretor de Agência Regional, símbolo DAS-7, de Agências Regionais, da Vice Presidência, da Fundação Centro Estadual de Estatísticas, Pesquisas e Formação de Servidores Públicos do Rio de Janeiro - CEPERJ, da",https://www.ioerj.com.br/portal/modules/conteudoonline/mostra_edicao.php?session=VGtWV1JrOVVTVE5PYTFWMFVrUmpNazlUTURCT1JVazBURlJuZUU5RlNYUk5SR2N3VDBSWk0wNVVTa1pQVkUwelRWUmpNMDlVUVRKTmVsVTFUWGM5UFE9PQ==,D:\github\exoneracoes_nomeacoes_dou\LAKE\RJ\2012\11\DOERJ_PARTE_I_PODER_EXECUTIVO_2012-11-09.md
RJ,Diario Oficial do Estado do Rio de Janeiro,2012-11-09,Parte I (Poder Executivo),nomeacao,RONALDO REIS BRAGA,0495617-6,,Secretario,5,Wilson Jose Witzel - Governador,Wilson Jose Witzel,Executivo estadual,sim,RONALDO REIS BRAGA:PER,sim,,da Fundação Centro Estadual de Estatísticas,"NOMEAR RONALDO REIS BRAGA, ID Funcional nº 0495617-6, para exercer com validade a contar de 01 de outubro de 2012, o cargo em comissão de Coordenador, símbolo DAS-8, da Coordenadoria de Apoio à Gestão Educacional, da Escola de Gestão e Políticas Públicas, da Fundação Centro Estadual de Estatísticas, Pesquisas e Formação de Servidores Públicos do Rio de Janeiro - CEPERJ, da",https://www.ioerj.com.br/portal/modules/conteudoonline/mostra_edicao.php?session=VGtWV1JrOVVTVE5PYTFWMFVrUmpNazlUTURCT1JVazBURlJuZUU5RlNYUk5SR2N3VDBSWk0wNVVTa1pQVkUwelRWUmpNMDlVUVRKTmVsVTFUWGM5UFE9PQ==,D:\github\exoneracoes_nomeacoes_dou\LAKE\RJ\2012\11\DOERJ_PARTE_I_PODER_EXECUTIVO_2012-11-09.md
RJ,Diario Oficial do Estado do Rio de Janeiro,2012-11-09,Parte I (Poder Executivo),nomeacao,THIAGO FRANCO BATISTA DE OLIVEIRA,4365225-5,,Secretario,5,Wilson Jose Witzel - Governador,Wilson Jose Witzel,Executivo estadual,sim,THIAGO:ORG|OLIVEIRA:ORG|Thiago Franco Batista De Oliveira:PER,sim,,da Fundação Centro Estadual de Estatísticas,"NOMEAR THIAGO FRANCO BATISTA DE OLIVEIRA, ID Funcional nº 4365225-5, para exercer, com validade a contar de 01 de outubro de 2012, o cargo em comissão de Coordenador, símbolo DAS-8, da Coordenadoria de Tecnologia Educacional, da Escola de Gestão e Políticas Públicas, da Fundação Centro Estadual de Estatísticas, Pesquisas e Formação de Servidores Públicos do Rio de Janeiro - CEPERJ, da",https://www.ioerj.com.br/portal/modules/conteudoonline/mostra_edicao.php?session=VGtWV1JrOVVTVE5PYTFWMFVrUmpNazlUTURCT1JVazBURlJuZUU5RlNYUk5SR2N3VDBSWk0wNVVTa1pQVkUwelRWUmpNMDlVUVRKTmVsVTFUWGM5UFE9PQ==,D:\github\exoneracoes_nomeacoes_dou\LAKE\RJ\2012\11\DOERJ_PARTE_I_PODER_EXECUTIVO_2012-11-09.md
RJ,Diario Oficial do Estado do Rio de Janeiro,2012-11-09,Parte I (Poder Executivo),nomeacao,CAIUS VINÍCIUS CASSERES DOS SANTOS,0570221-6,,Secretario,5,Wilson Jose Witzel - Governador,Wilson Jose Witzel,Executivo estadual,sim,CAIUS VINÍCIUS:PER,sim,da Assessoria de Ouvidoria,da Fundação Centro Estadual de Estatísticas,"NOMEAR CAIUS VINÍCIUS CASSERES DOS SANTOS, ID Funcional n° 0570221-6, para exercer, com validade a contar de 01 de outubro de 2012, o cargo em comissão de Assessor, símbolo DAS-7, da Assessoria de Ouvidoria, da Diretoria de Cooperação Técnica e Desenvolvimento Institutcional, da Fundação Centro Estadual de Estatísticas, Pesquisas e Formação de Servidores Públicos do Rio de Janeiro -CEPERJ, da",https://www.ioerj.com.br/portal/modules/conteudoonline/mostra_edicao.php?session=VGtWV1JrOVVTVE5PYTFWMFVrUmpNazlUTURCT1JVazBURlJuZUU5RlNYUk5SR2N3VDBSWk0wNVVTa1pQVkUwelRWUmpNMDlVUVRKTmVsVTFUWGM5UFE9PQ==,D:\github\exoneracoes_nomeacoes_dou\LAKE\RJ\2012\11\DOERJ_PARTE_I_PODER_EXECUTIVO_2012-11-09.md
RJ,Diario Oficial do Estado do Rio de Janeiro,2012-11-09,Parte I (Poder Executivo),nomeacao,ANTONIO CARLOS DA COSTA OLIVEIRA,,,Secretario,5,Wilson Jose Witzel - Governador,Wilson Jose Witzel,Executivo estadual,sim,ANTONIO CARLOS:MISC|COSTA OLIVEIRA:MISC|Antonio Carlos Da Costa Oliveira:PER,sim,,do Departamento de Projetos Especiais,"NOMEAR ANTONIO CARLOS DA COSTA OLIVEIRA para exercer, com validade a contar de 01 de outubro de 2012, o de Chefe de Departamento, símbolo DAS-7, do Departamento de Projetos Especiais, da Coordenadoria de Modernização e Desenvolvimento Institucional, da Diretoria de Cooperação Técnica e Desenvolvimento Institutcional, da Fundação Centro Estadual de Estatísticas, Pesquisas e Formação de Servidores Públicos do Rio de Janeiro - CEPERJ, da",https://www.ioerj.com.br/portal/modules/conteudoonline/mostra_edicao.php?session=VGtWV1JrOVVTVE5PYTFWMFVrUmpNazlUTURCT1JVazBURlJuZUU5RlNYUk5SR2N3VDBSWk0wNVVTa1pQVkUwelRWUmpNMDlVUVRKTmVsVTFUWGM5UFE9PQ==,D:\github\exoneracoes_nomeacoes_dou\LAKE\RJ\2012\11\DOERJ_PARTE_I_PODER_EXECUTIVO_2012-11-09.md
RJ,Diario Oficial do Estado do Rio de Janeiro,2012-11-09,Parte I (Poder Executivo),nomeacao,LUCI DUPRET,4383103-6,,Secretario,5,Wilson Jose Witzel - Governador,Wilson Jose Witzel,Executivo estadual,sim,LUCI DUPRET:MISC|Luci Dupret:PER,sim,,do Departamento de Gestão Contratual,"NOMEAR LUCI DUPRET DA CONCEIÇÃO , ID Funcional nº 4383103-6, para exercer, com validade a contar de 01 de outubro de 2012, o cargo em comissão de Chefe de Departamento, símbolo DAS-7, do Departamento de Gestão Contratual, da Coordenadoria de Planejamento, da Diretoria de Concursos e Processos Seletivos, da Fundação Centro Estadual de Estatísticas, Pesquisas e Formação de Servidores Públicos do Rio de Janeiro -CEPERJ, da",https://www.ioerj.com.br/portal/modules/conteudoonline/mostra_edicao.php?session=VGtWV1JrOVVTVE5PYTFWMFVrUmpNazlUTURCT1JVazBURlJuZUU5RlNYUk5SR2N3VDBSWk0wNVVTa1pQVkUwelRWUmpNMDlVUVRKTmVsVTFUWGM5UFE9PQ==,D:\github\exoneracoes_nomeacoes_dou\LAKE\RJ\2012\11\DOERJ_PARTE_I_PODER_EXECUTIVO_2012-11-09.md
RJ,Diario Oficial do Estado do Rio de Janeiro,2012-11-09,Parte I (Poder Executivo),nomeacao,SOLANGE MARIA,2715673-7,,Secretario,5,Wilson Jose Witzel - Governador,Wilson Jose Witzel,Executivo estadual,sim,SOLANGE:MISC|Maria:PER,sim,,do Departamento de Inscrição e Aplicação de Provas,"NOMEAR SOLANGE MARIA DO NASCIMENTO , Agente Administrativo, ID Funcional nº 2715673-7, para exercer, com validade a contar de 01 de outubro de 2012, o cargo em comissão de Chefe de Departamento, símbolo DAS-7, do Departamento de Inscrição e Aplicação de Provas, da Coordenadoria de Operações, da Diretoria de Concursos e Processos Seletivosa, da Fundação Centro Estadual de Estatísticas, Pesquisas e Formação de Servidores Públicos do Rio de Janeiro - CEPERJ, da",https://www.ioerj.com.br/portal/modules/conteudoonline/mostra_edicao.php?session=VGtWV1JrOVVTVE5PYTFWMFVrUmpNazlUTURCT1JVazBURlJuZUU5RlNYUk5SR2N3VDBSWk0wNVVTa1pQVkUwelRWUmpNMDlVUVRKTmVsVTFUWGM5UFE9PQ==,D:\github\exoneracoes_nomeacoes_dou\LAKE\RJ\2012\11\DOERJ_PARTE_I_PODER_EXECUTIVO_2012-11-09.md
RJ,Diario Oficial do Estado do Rio de Janeiro,2012-11-09,Parte I (Poder Executivo),nomeacao,TATIANA DE PONTES,4362462-6,,Secretario,5,Wilson Jose Witzel - Governador,Wilson Jose Witzel,Executivo estadual,sim,TATIANA:PER,sim,,do Departamento de Conferência e Publicações,"NOMEAR TATIANA DE PONTES DA SILVA , ID Funcional nº 4362462-6, para exercer, com validade a contar de 01 de outubro de 2012, o cargo em comissão de Chefe de Departamento, símbolo DAS-7, do Departamento de Conferência e Publicações, da Coordenadoria de Operações, da Diretoria de Concursos e Processos Seletivos, da Fundação Centro Estadual de Estatísticas, Pesquisas e Formação de Servidores Públicos do Rio de Janeiro - CEPERJ, da",https://www.ioerj.com.br/portal/modules/conteudoonline/mostra_edicao.php?session=VGtWV1JrOVVTVE5PYTFWMFVrUmpNazlUTURCT1JVazBURlJuZUU5RlNYUk5SR2N3VDBSWk0wNVVTa1pQVkUwelRWUmpNMDlVUVRKTmVsVTFUWGM5UFE9PQ==,D:\github\exoneracoes_nomeacoes_dou\LAKE\RJ\2012\11\DOERJ_PARTE_I_PODER_EXECUTIVO_2012-11-09.md
RJ,Diario Oficial do Estado do Rio de Janeiro,2012-11-09,Parte I (Poder Executivo),nomeacao,TÉCNICO SUPERIOR ADMINISTRATIVO,3215022-9,,Secretario,5,Wilson Jose Witzel - Governador,Wilson Jose Witzel,Executivo estadual,sim,TÉCNICO:ORG|SUPERIOR:MISC|ADMINISTRATIVO:MISC|Superior Administrativo:PER,sim,,da Fundação Centro Estadual de Estatísticas,"NOMEAR MARCOS ANTONIO SANTOS , Técnico Superior Administrativo, ID Funcional nº 3215022-9, para exercer, com validade a contar de 01 de outubro de 2012, o cargo em comissão de Coordenador, símbolo DAS8, da Coordenadoria de Geociências, do Centro de Estatísticas, Estudos e Pesquisas, da Fundação Centro Estadual de Estatísticas, Pesquisas e Formação de Servidores Públicos do Rio de Janeiro -CEPERJ, da",https://www.ioerj.com.br/portal/modules/conteudoonline/mostra_edicao.php?session=VGtWV1JrOVVTVE5PYTFWMFVrUmpNazlUTURCT1JVazBURlJuZUU5RlNYUk5SR2N3VDBSWk0wNVVTa1pQVkUwelRWUmpNMDlVUVRKTmVsVTFUWGM5UFE9PQ==,D:\github\exoneracoes_nomeacoes_dou\LAKE\RJ\2012\11\DOERJ_PARTE_I_PODER_EXECUTIVO_2012-11-09.md
RJ,Diario Oficial do Estado do Rio de Janeiro,2012-11-09,Parte I (Poder Executivo),nomeacao,ALEXANDRE MONTEIRO DE OLIVEIRA,2714914-5,,Secretario,5,Wilson Jose Witzel - Governador,Wilson Jose Witzel,Executivo estadual,sim,ALEXANDRE:MISC|MONTEIRO DE OLIVEIRA:MISC|Alexandre Monteiro De Oliveira:PER,sim,,da Fundação Centro Estadual de Estatísticas,"NOMEAR ALEXANDRE MONTEIRO DE OLIVEIRA, Analista de Sistemas, ID Funcional n° 2714914-5, para exercer, com validade a contar de 01 de outubro de 2012, o cargo em comissão de Coordenador, símbolo DAS-8, da Coordenadoria de Gestão da Informação, do Centro de Estatísticas, Estudos e Pesquisas, da Fundação Centro Estadual de Estatísticas, Pesquisas e Formação de Servidores Públicos do Rio de Janeiro -CEPERJ, da",https://www.ioerj.com.br/portal/modules/conteudoonline/mostra_edicao.php?session=VGtWV1JrOVVTVE5PYTFWMFVrUmpNazlUTURCT1JVazBURlJuZUU5RlNYUk5SR2N3VDBSWk0wNVVTa1pQVkUwelRWUmpNMDlVUVRKTmVsVTFUWGM5UFE9PQ==,D:\github\exoneracoes_nomeacoes_dou\LAKE\RJ\2012\11\DOERJ_PARTE_I_PODER_EXECUTIVO_2012-11-09.md
RJ,Diario Oficial do Estado do Rio de Janeiro,2012-11-09,Parte I (Poder Executivo),nomeacao,GLORIA MARIA DUARTE PINHEIRO,3214945-0,,Secretario,5,Wilson Jose Witzel - Governador,Wilson Jose Witzel,Executivo estadual,sim,MARIA DUARTE PINHEIRO:MISC|Gloria Maria Duarte Pinheiro:PER,sim,,da Fundação Centro Estadual de Estatísticas,"NOMEAR GLORIA MARIA DUARTE PINHEIRO, Agente Administrativo, ID Funcional n° 3214945-0, para exercer, com validade a contar de 01 de outubro de 2012, o cargo em comissão de Assessor, símbolo DAS-7, da Fundação Centro Estadual de Estatísticas, Pesquisas e Formação de Servidores Públicos do Rio de Janeiro - CEPERJ, da",https://www.ioerj.com.br/portal/modules/conteudoonline/mostra_edicao.php?session=VGtWV1JrOVVTVE5PYTFWMFVrUmpNazlUTURCT1JVazBURlJuZUU5RlNYUk5SR2N3VDBSWk0wNVVTa1pQVkUwelRWUmpNMDlVUVRKTmVsVTFUWGM5UFE9PQ==,D:\github\exoneracoes_nomeacoes_dou\LAKE\RJ\2012\11\DOERJ_PARTE_I_PODER_EXECUTIVO_2012-11-09.md
RJ,Diario Oficial do Estado do Rio de Janeiro,2012-11-09,Parte I (Poder Executivo),nomeacao,GRAÇA MARIA DO NASCIMENTO TAVARES,3215545-0,,Secretario,5,Wilson Jose Witzel - Governador,Wilson Jose Witzel,Executivo estadual,sim,GRAÇA MARIA DO:PER,sim,,da Fundação Centro Estadual de Estatísticas,"NOMEAR GRAÇA MARIA DO NASCIMENTO TAVARES, Técnico de Nivel Superior, ID Funcional n° 3215545-0, para exercer, com validade a contar de 01 de outubro de 2012, o cargo em comissão de Coordenador, símbolo DAS- 8, da Coordenadoria de Gestão Orçamentária e Financeira, da Diretoria Administrativa e Financeira, da Fundação Centro Estadual de Estatísticas, Pesquisas e Formação de Servidores Públicos do Rio de Janeiro - CEPERJ, da",https://www.ioerj.com.br/portal/modules/conteudoonline/mostra_edicao.php?session=VGtWV1JrOVVTVE5PYTFWMFVrUmpNazlUTURCT1JVazBURlJuZUU5RlNYUk5SR2N3VDBSWk0wNVVTa1pQVkUwelRWUmpNMDlVUVRKTmVsVTFUWGM5UFE9PQ==,D:\github\exoneracoes_nomeacoes_dou\LAKE\RJ\2012\11\DOERJ_PARTE_I_PODER_EXECUTIVO_2012-11-09.md
RJ,Diario Oficial do Estado do Rio de Janeiro,2012-11-09,Parte I (Poder Executivo),nomeacao,DELMAR DOS SANTOS,3215266-3,,Secretario,5,Wilson Jose Witzel - Governador,Wilson Jose Witzel,Executivo estadual,sim,DELMAR DOS SANTOS:MISC|Delmar Dos Santos:PER,sim,,do Departamento de Recursos Humanos,"NOMEAR DELMAR DOS SANTOS, Técnico Superior Administrativo, ID Funcional n° 3215266-3, para exercer, com validade a contar de 01 de outubro de 2012, o cargo em comissão de Chefe de Departamento, símbolo DAS-7, do Departamento de Recursos Humanos, Coordenadoria de Gestão de Pessoas, da Diretoria Administrativa e Financeira, da Fundação Centro Estadual de Estatísticas, Pesquisas e Formação de Servidores Públicos do Rio de Janeiro - CEPERJ, da",https://www.ioerj.com.br/portal/modules/conteudoonline/mostra_edicao.php?session=VGtWV1JrOVVTVE5PYTFWMFVrUmpNazlUTURCT1JVazBURlJuZUU5RlNYUk5SR2N3VDBSWk0wNVVTa1pQVkUwelRWUmpNMDlVUVRKTmVsVTFUWGM5UFE9PQ==,D:\github\exoneracoes_nomeacoes_dou\LAKE\RJ\2012\11\DOERJ_PARTE_I_PODER_EXECUTIVO_2012-11-09.md
RJ,Diario Oficial do Estado do Rio de Janeiro,2012-11-09,Parte I (Poder Executivo),nomeacao,LUCIANO MAURÍCIO ZANGANELLI,3215052-0,,Secretario,5,Wilson Jose Witzel - Governador,Wilson Jose Witzel,Executivo estadual,sim,LUCIANO:ORG|ZANGANELLI:ORG|Luciano Maurício Zanganelli:PER,sim,,da Fundação Centro Estadual de Estatísticas,"NOMEAR LUCIANO MAURÍCIO ZANGANELLI, ID Funcional nº 3215052-0, para exercer, com validade a contar de 01 de outubro de 2012, o cargo em comissão de Chefe de Departamento, símbolo DAS-7, para o Departamento de Materiais e Serviços, da Coordenadoria Administrativa Operacional, da Diretoria Administrativa e Financeira, da Fundação Centro Estadual de Estatísticas, Pesquisas e Formação de Servidores Públicos do Rio de Janeiro - CEPERJ, da",https://www.ioerj.com.br/portal/modules/conteudoonline/mostra_edicao.php?session=VGtWV1JrOVVTVE5PYTFWMFVrUmpNazlUTURCT1JVazBURlJuZUU5RlNYUk5SR2N3VDBSWk0wNVVTa1pQVkUwelRWUmpNMDlVUVRKTmVsVTFUWGM5UFE9PQ==,D:\github\exoneracoes_nomeacoes_dou\LAKE\RJ\2012\11\DOERJ_PARTE_I_PODER_EXECUTIVO_2012-11-09.md
RJ,Diario Oficial do Estado do Rio de Janeiro,2012-11-09,Parte I (Poder Executivo),nomeacao,FÁBIO RICARDO FERNANDES,4380489-6,,Secretario,5,Wilson Jose Witzel - Governador,Wilson Jose Witzel,Executivo estadual,sim,FÁBIO:ORG|RICARDO FERNANDES:PER,sim,,do Departamento de Materiais e Serviços,"NOMEAR FÁBIO RICARDO FERNANDES, ID Funcional nº 4380489-6, para exercer, com validade a contar de 01 de outubro de 2012, o de Comissão de Chefe de Divisão, símbolo DAS-6, da Divisão de Reprografia, do Departamento de Materiais e Serviços, da Coordenadoria Administrava Operacional, da Diretoria Administrativa e Financeira, da Fundação Centro Estadual de Estatísticas, Pesquisas e Formação de Servidores Públicos do Rio de Janeiro - CEPERJ, da",https://www.ioerj.com.br/portal/modules/conteudoonline/mostra_edicao.php?session=VGtWV1JrOVVTVE5PYTFWMFVrUmpNazlUTURCT1JVazBURlJuZUU5RlNYUk5SR2N3VDBSWk0wNVVTa1pQVkUwelRWUmpNMDlVUVRKTmVsVTFUWGM5UFE9PQ==,D:\github\exoneracoes_nomeacoes_dou\LAKE\RJ\2012\11\DOERJ_PARTE_I_PODER_EXECUTIVO_2012-11-09.md
RJ,Diario Oficial do Estado do Rio de Janeiro,2012-11-09,Parte I (Poder Executivo),nomeacao,AMILCAR ANDRADE MENDES,4280909-6,,Secretario,5,Wilson Jose Witzel - Governador,Wilson Jose Witzel,Executivo estadual,sim,AMILCAR ANDRADE MENDES:MISC|Amilcar Andrade Mendes:PER,sim,,do Departamento de Materiais e Serviços,"NOMEAR AMILCAR ANDRADE MENDES, ID Funcional nº 4280909-6, para exercer, com validade a contar de 01 de outubro de 2012, o cargo em comissão de Chefe de Divisão, símbolo DAS-6, da Divisão de Almoxarifado, do Departamento de Materiais e Serviços, da Coordenadoria Administrativa Operacional, da Diretoria Administrativa e Financeira, da Fundação Centro Estadual de Estatísticas, Pesquisas e Formação de Servidores Públicos do Rio de Janeiro - CEPERJ, da",https://www.ioerj.com.br/portal/modules/conteudoonline/mostra_edicao.php?session=VGtWV1JrOVVTVE5PYTFWMFVrUmpNazlUTURCT1JVazBURlJuZUU5RlNYUk5SR2N3VDBSWk0wNVVTa1pQVkUwelRWUmpNMDlVUVRKTmVsVTFUWGM5UFE9PQ==,D:\github\exoneracoes_nomeacoes_dou\LAKE\RJ\2012\11\DOERJ_PARTE_I_PODER_EXECUTIVO_2012-11-09.md
RJ,Diario Oficial do Estado do Rio de Janeiro,2012-11-09,Parte I (Poder Executivo),nomeacao,LILIAN DA SILVA TATO,3215296-5,,Secretario,5,Wilson Jose Witzel - Governador,Wilson Jose Witzel,Executivo estadual,sim,LILIAN DA SILVA:MISC|TATO:ORG|Lilian Da Silva Tato:PER,sim,,do Departamento de Recursos Humanos,"NOMEAR LILIAN DA SILVA TATO, Técnico de Planejamento, ID Funcional n° 3215296-5, para exercer, com validade a contar de 01 de outubro de 2012, o cargo em comissão de Chefe de Divisão, símbolo DAS-6, da Divisão de Pagamentos de Projetos e Concursos, do Departamento de Recursos Humanos, da Coordenadoria de Gestão de Pessoas, da Diretoria Administrativa e Financeira, Fundação Centro Estadual de Estatísticas, Pesquisas e Formação de Servidores Públicos do Rio de Janeiro -CEPERJ, da",https://www.ioerj.com.br/portal/modules/conteudoonline/mostra_edicao.php?session=VGtWV1JrOVVTVE5PYTFWMFVrUmpNazlUTURCT1JVazBURlJuZUU5RlNYUk5SR2N3VDBSWk0wNVVTa1pQVkUwelRWUmpNMDlVUVRKTmVsVTFUWGM5UFE9PQ==,D:\github\exoneracoes_nomeacoes_dou\LAKE\RJ\2012\11\DOERJ_PARTE_I_PODER_EXECUTIVO_2012-11-09.md
RJ,Diario Oficial do Estado do Rio de Janeiro,2012-11-08,Parte I (Poder Executivo),nomeacao,ROSANA DA PAZ FERREIRA,,,Governador,1,Wilson Jose Witzel - Governador,Wilson Jose Witzel,Executivo estadual,sim,ROSANA:MISC|FERREIRA:ORG|Rosana Da Paz Ferreira:PER,sim,,da Fundação Centro Universitário Estadual da Zona Oeste - UEZO,"NOMEAR ROSANA DA PAZ FERREIRA para exercer, com validade a contar de 24 de outubro de 2012, o cargo em comissão de Coordenador Acadêmico, símbolo UEZO-5, da Fundação Centro Universitário Estadual da Zona Oeste - UEZO, da",https://www.ioerj.com.br/portal/modules/conteudoonline/mostra_edicao.php?session=VVdwUmQwMVVVa2ROVkZsMFVWUlpkMUpwTURCT1JHUkVURlJzUjAxVVRYUlJlbWN5VVZSSmVFMVZVVFJPYTBrelRWUmpNMDlVUVRKTmVtZDNUbEU5UFE9PQ==,D:\github\exoneracoes_nomeacoes_dou\LAKE\RJ\2012\11\DOERJ_PARTE_I_PODER_EXECUTIVO_2012-11-08.md
RJ,Diario Oficial do Estado do Rio de Janeiro,2012-11-08,Parte I (Poder Executivo),nomeacao,GUSTAVO JOSÉ,,,Governador,1,Wilson Jose Witzel - Governador,Wilson Jose Witzel,Executivo estadual,sim,GUSTAVO JOSÉ:PER,sim,,da Fundação Estadual Norte Fluminense - FENORTE,"NOMEAR GUSTAVO JOSÉ DO REGO BARROS , matrícula nº 00877-1, para exercer, com validade a contar de 22 de outubro de 2012, o cargo em comissão de Gerente, símbolo FND-4, da Fundação Estadual Norte Fluminense - FENORTE, da",https://www.ioerj.com.br/portal/modules/conteudoonline/mostra_edicao.php?session=VVdwUmQwMVVVa2ROVkZsMFVWUlpkMUpwTURCT1JHUkVURlJzUjAxVVRYUlJlbWN5VVZSSmVFMVZVVFJPYTBrelRWUmpNMDlVUVRKTmVtZDNUbEU5UFE9PQ==,D:\github\exoneracoes_nomeacoes_dou\LAKE\RJ\2012\11\DOERJ_PARTE_I_PODER_EXECUTIVO_2012-11-08.md
RJ,Diario Oficial do Estado do Rio de Janeiro,2012-11-08,Parte I (Poder Executivo),nomeacao,AUDIR SANTANA BAPTISTA,,,Governador,1,Wilson Jose Witzel - Governador,Wilson Jose Witzel,Executivo estadual,sim,AUDIR:ORG|Audir Santana Baptista:PER,sim,,da Subsecretaria de Turismo,"NOMEAR AUDIR SANTANA BAPTISTA para exercer, com validade a contar de 08 de outubro de 2012, o cargo em comissão de Subsecretário de estado, símbolo SS, da Subsecretaria de Turismo, da",https://www.ioerj.com.br/portal/modules/conteudoonline/mostra_edicao.php?session=VVdwUmQwMVVVa2ROVkZsMFVWUlpkMUpwTURCT1JHUkVURlJzUjAxVVRYUlJlbWN5VVZSSmVFMVZVVFJPYTBrelRWUmpNMDlVUVRKTmVtZDNUbEU5UFE9PQ==,D:\github\exoneracoes_nomeacoes_dou\LAKE\RJ\2012\11\DOERJ_PARTE_I_PODER_EXECUTIVO_2012-11-08.md
RJ,Diario Oficial do Estado do Rio de Janeiro,2012-11-08,Parte I (Poder Executivo),nomeacao,BRUNO BARBOSA XIMENES,,,Secretario,5,Wilson Jose Witzel - Governador,Wilson Jose Witzel,Executivo estadual,sim,BARBOSA:MISC|XIMENES:MISC|Bruno Barbosa Ximenes:PER,sim,,do Departamento de Trânsito do Estado do Rio de Janeiro - DETRAN/RJ,"NOMEAR BRUNO BARBOSA XIMENES para exercer, com validade a contar de 10 de outubro de 2012, o cargo em comissão de Assistente I, símbolo DAS-6, da Coordenadoria Geral do Registro Nacional de Carteiras de Habilitação e da Rede Estadual de Formação de Condutores - RENACH/REFOR, do Departamento de Trânsito do Estado do Rio de Janeiro - DETRAN/RJ, da",https://www.ioerj.com.br/portal/modules/conteudoonline/mostra_edicao.php?session=VVdwUmQwMVVVa2ROVkZsMFVWUlpkMUpwTURCT1JHUkVURlJzUjAxVVRYUlJlbWN5VVZSSmVFMVZVVFJPYTBrelRWUmpNMDlVUVRKTmVtZDNUbEU5UFE9PQ==,D:\github\exoneracoes_nomeacoes_dou\LAKE\RJ\2012\11\DOERJ_PARTE_I_PODER_EXECUTIVO_2012-11-08.md
RJ,Diario Oficial do Estado do Rio de Janeiro,2012-11-08,Parte I (Poder Executivo),nomeacao,MARCOS VINÍCIUS PATRÍCIO COUTO,,,Secretario,5,Wilson Jose Witzel - Governador,Wilson Jose Witzel,Executivo estadual,sim,MARCOS VINÍCIUS PATRÍCIO:PER,sim,para exercer o cargo em comissão de Diretor de Divisão,do Departamento de Trânsito do Estado do Rio de Janeiro - DETRAN/RJ,"NOMEAR MARCOS VINÍCIUS PATRÍCIO COUTO para exercer o cargo em comissão de Diretor de Divisão, símbolo DAS-6, da Divisão de Registro e Controle de Infrações e Penalidades, da Coordenadoria Geral de Julgamento e Controle de Infrações, do Departamento de Trânsito do Estado do Rio de Janeiro - DETRAN/RJ, da",https://www.ioerj.com.br/portal/modules/conteudoonline/mostra_edicao.php?session=VVdwUmQwMVVVa2ROVkZsMFVWUlpkMUpwTURCT1JHUkVURlJzUjAxVVRYUlJlbWN5VVZSSmVFMVZVVFJPYTBrelRWUmpNMDlVUVRKTmVtZDNUbEU5UFE9PQ==,D:\github\exoneracoes_nomeacoes_dou\LAKE\RJ\2012\11\DOERJ_PARTE_I_PODER_EXECUTIVO_2012-11-08.md
RJ,Diario Oficial do Estado do Rio de Janeiro,2012-11-08,Parte I (Poder Executivo),nomeacao,CARLOS ALBERTO SALLES VICTAL,,,Secretario,5,Wilson Jose Witzel - Governador,Wilson Jose Witzel,Executivo estadual,sim,CARLOS ALBERTO:PER,sim,para exercer o cargo em comissão de Assistente II,do Departamento de Atendimento - SEDE,"NOMEAR CARLOS ALBERTO SALLES VICTAL para exercer o cargo em comissão de Assistente II, símbolo DAI-6, da Diretoria de Conciliação, do Departamento de Atendimento - SEDE, da Coordenação do Programa de Defesa do Consumidor - PROCON-RJ, da Subsecretaria Adjunta dos Direitos do Consumidor, da",https://www.ioerj.com.br/portal/modules/conteudoonline/mostra_edicao.php?session=VVdwUmQwMVVVa2ROVkZsMFVWUlpkMUpwTURCT1JHUkVURlJzUjAxVVRYUlJlbWN5VVZSSmVFMVZVVFJPYTBrelRWUmpNMDlVUVRKTmVtZDNUbEU5UFE9PQ==,D:\github\exoneracoes_nomeacoes_dou\LAKE\RJ\2012\11\DOERJ_PARTE_I_PODER_EXECUTIVO_2012-11-08.md
RJ,Diario Oficial do Estado do Rio de Janeiro,2012-11-08,Parte I (Poder Executivo),nomeacao,CONSUÊLO BORGES RAPOSO DA CÂMARA,,,Secretario,5,Wilson Jose Witzel - Governador,Wilson Jose Witzel,Executivo estadual,sim,CONSUÊLO BORGES RAPOSO:MISC|CÂMARA:ORG|Consuêlo Borges Raposo:PER,sim,,da Fundação Carlos Chagas Filho de Amparo à Pesquisa do Estado do Rio de Janeiro - FAPERJ,"NOMEAR CONSUÊLO BORGES RAPOSO DA CÂMARA para exercer, com validade a contar de 01 de novembro de 2012, o cargo em comissão de Assessor-Chefe, símbolo DAS-8, da Fundação Carlos Chagas Filho de Amparo à Pesquisa do Estado do Rio de Janeiro - FAPERJ, da",https://www.ioerj.com.br/portal/modules/conteudoonline/mostra_edicao.php?session=VVdwUmQwMVVVa2ROVkZsMFVWUlpkMUpwTURCT1JHUkVURlJzUjAxVVRYUlJlbWN5VVZSSmVFMVZVVFJPYTBrelRWUmpNMDlVUVRKTmVtZDNUbEU5UFE9PQ==,D:\github\exoneracoes_nomeacoes_dou\LAKE\RJ\2012\11\DOERJ_PARTE_I_PODER_EXECUTIVO_2012-11-08.md
RJ,Diario Oficial do Estado do Rio de Janeiro,2012-11-08,Parte I (Poder Executivo),nomeacao,PAULO ROBERTO BRASIL GUIMARÃES,,,Secretario,5,Wilson Jose Witzel - Governador,Wilson Jose Witzel,Executivo estadual,sim,Paulo Roberto Brasil Guimarães:PER,sim,,,"NOMEAR PAULO ROBERTO BRASIL GUIMARÃES para exercer, com validade a contar de 01 de novembro de 2012, o cargo em comissão de Assessor, símbolo DAS-7, da",https://www.ioerj.com.br/portal/modules/conteudoonline/mostra_edicao.php?session=VVdwUmQwMVVVa2ROVkZsMFVWUlpkMUpwTURCT1JHUkVURlJzUjAxVVRYUlJlbWN5VVZSSmVFMVZVVFJPYTBrelRWUmpNMDlVUVRKTmVtZDNUbEU5UFE9PQ==,D:\github\exoneracoes_nomeacoes_dou\LAKE\RJ\2012\11\DOERJ_PARTE_I_PODER_EXECUTIVO_2012-11-08.md
RJ,Diario Oficial do Estado do Rio de Janeiro,2012-11-08,Parte I (Poder Executivo),nomeacao,RICARDO HENRIQUE PIRES MANSUR,,,Secretario,5,Wilson Jose Witzel - Governador,Wilson Jose Witzel,Executivo estadual,sim,RICARDO HENRIQUE:PER,sim,,,"NOMEAR RICARDO HENRIQUE PIRES MANSUR para exercer, com validade a contar de 01 de novembro de 2012, o cargo em comissão de Assessor, símbolo DAS-7, da",https://www.ioerj.com.br/portal/modules/conteudoonline/mostra_edicao.php?session=VVdwUmQwMVVVa2ROVkZsMFVWUlpkMUpwTURCT1JHUkVURlJzUjAxVVRYUlJlbWN5VVZSSmVFMVZVVFJPYTBrelRWUmpNMDlVUVRKTmVtZDNUbEU5UFE9PQ==,D:\github\exoneracoes_nomeacoes_dou\LAKE\RJ\2012\11\DOERJ_PARTE_I_PODER_EXECUTIVO_2012-11-08.md
RJ,Diario Oficial do Estado do Rio de Janeiro,2012-11-08,Parte I (Poder Executivo),nomeacao,KATIA CRISTINA MONTEIRO DOS SANTOS,,,Secretario,5,Wilson Jose Witzel - Governador,Wilson Jose Witzel,Executivo estadual,sim,KATIA:ORG|Katia Cristina Monteiro Dos Santos:PER,sim,para exercer o cargo em comissão de Assessor,,"NOMEAR KATIA CRISTINA MONTEIRO DOS SANTOS para exercer o cargo em comissão de Assessor, símbolo DAS-7, da",https://www.ioerj.com.br/portal/modules/conteudoonline/mostra_edicao.php?session=VVdwUmQwMVVVa2ROVkZsMFVWUlpkMUpwTURCT1JHUkVURlJzUjAxVVRYUlJlbWN5VVZSSmVFMVZVVFJPYTBrelRWUmpNMDlVUVRKTmVtZDNUbEU5UFE9PQ==,D:\github\exoneracoes_nomeacoes_dou\LAKE\RJ\2012\11\DOERJ_PARTE_I_PODER_EXECUTIVO_2012-11-08.md
RJ,Diario Oficial do Estado do Rio de Janeiro,2012-11-08,Parte I (Poder Executivo),nomeacao,MARCIO PORTO REZENDE,,,Secretario,5,Wilson Jose Witzel - Governador,Wilson Jose Witzel,Executivo estadual,sim,MARCIO:ORG|Marcio Porto Rezende:PER,sim,,,"NOMEAR MARCIO PORTO REZENDE para exercer, com validade a contar de 01 de novembro de 2012, o cargo em comissão de Assistente II, símbolo DAI-6, da",https://www.ioerj.com.br/portal/modules/conteudoonline/mostra_edicao.php?session=VVdwUmQwMVVVa2ROVkZsMFVWUlpkMUpwTURCT1JHUkVURlJzUjAxVVRYUlJlbWN5VVZSSmVFMVZVVFJPYTBrelRWUmpNMDlVUVRKTmVtZDNUbEU5UFE9PQ==,D:\github\exoneracoes_nomeacoes_dou\LAKE\RJ\2012\11\DOERJ_PARTE_I_PODER_EXECUTIVO_2012-11-08.md
RJ,Diario Oficial do Estado do Rio de Janeiro,2012-11-08,Parte I (Poder Executivo),nomeacao,JORGE EDUARDO ROSA,,,Secretario,5,Wilson Jose Witzel - Governador,Wilson Jose Witzel,Executivo estadual,sim,JORGE:ORG|EDUARDO ROSA:PER,sim,para exercer o cargo em comissão de Assistente II,,"NOMEAR JORGE EDUARDO ROSA para exercer o cargo em comissão de Assistente II, símbolo DAI-6, da",https://www.ioerj.com.br/portal/modules/conteudoonline/mostra_edicao.php?session=VVdwUmQwMVVVa2ROVkZsMFVWUlpkMUpwTURCT1JHUkVURlJzUjAxVVRYUlJlbWN5VVZSSmVFMVZVVFJPYTBrelRWUmpNMDlVUVRKTmVtZDNUbEU5UFE9PQ==,D:\github\exoneracoes_nomeacoes_dou\LAKE\RJ\2012\11\DOERJ_PARTE_I_PODER_EXECUTIVO_2012-11-08.md
RJ,Diario Oficial do Estado do Rio de Janeiro,2012-11-08,Parte I (Poder Executivo),nomeacao,MAGALI TRANCOSO MACHADO,,,Secretario,5,Wilson Jose Witzel - Governador,Wilson Jose Witzel,Executivo estadual,sim,MAGALI TRANCOSO:MISC|Magali Trancoso Machado:PER,sim,,,"NOMEAR MAGALI TRANCOSO MACHADO para exercer, com validade a contar de 01 de novembro de 2012, o cargo em comissão de Assistente II, símbolo DAI-6, da",https://www.ioerj.com.br/portal/modules/conteudoonline/mostra_edicao.php?session=VVdwUmQwMVVVa2ROVkZsMFVWUlpkMUpwTURCT1JHUkVURlJzUjAxVVRYUlJlbWN5VVZSSmVFMVZVVFJPYTBrelRWUmpNMDlVUVRKTmVtZDNUbEU5UFE9PQ==,D:\github\exoneracoes_nomeacoes_dou\LAKE\RJ\2012\11\DOERJ_PARTE_I_PODER_EXECUTIVO_2012-11-08.md
RJ,Diario Oficial do Estado do Rio de Janeiro,2012-11-08,Parte I (Poder Executivo),nomeacao,CARLOS HENRIQUE FARIA,,,Secretario,5,Wilson Jose Witzel - Governador,Wilson Jose Witzel,Executivo estadual,sim,CARLOS HENRIQUE FARIA:PER,sim,para exercer o cargo em comissão de Coordenador,da Fundação Leão XIII,"NOMEAR CARLOS HENRIQUE FARIA para exercer o cargo em comissão de Coordenador, símbolo DAS-7, do Pólo de Articulação Regional Serrana I, da Diretoria de Promoção Social do Interior, da Fundação Leão XIII, da",https://www.ioerj.com.br/portal/modules/conteudoonline/mostra_edicao.php?session=VVdwUmQwMVVVa2ROVkZsMFVWUlpkMUpwTURCT1JHUkVURlJzUjAxVVRYUlJlbWN5VVZSSmVFMVZVVFJPYTBrelRWUmpNMDlVUVRKTmVtZDNUbEU5UFE9PQ==,D:\github\exoneracoes_nomeacoes_dou\LAKE\RJ\2012\11\DOERJ_PARTE_I_PODER_EXECUTIVO_2012-11-08.md
RJ,Diario Oficial do Estado do Rio de Janeiro,2012-11-08,Parte I (Poder Executivo),exoneracao,ROBERTA SANTOS ROCHA,,EXONERAR ROBERTA SANTOS ROCHA DO CARGO EM COMISSÃO DE,Coordenador,12,Wilson Jose Witzel - Governador,Wilson Jose Witzel,Executivo estadual,sim,Roberta Santos Rocha:PER,sim,do cargo em comissão de Coordenador,da Fundação Leão XIII,"EXONERAR ROBERTA SANTOS ROCHA do cargo em comissão de Coordenador, símbolo DAS-7, do Pólo de Articulação Regional Serrana I, da Diretoria de Promoção Social do Interior, da Fundação Leão XIII, da",https://www.ioerj.com.br/portal/modules/conteudoonline/mostra_edicao.php?session=VVdwUmQwMVVVa2ROVkZsMFVWUlpkMUpwTURCT1JHUkVURlJzUjAxVVRYUlJlbWN5VVZSSmVFMVZVVFJPYTBrelRWUmpNMDlVUVRKTmVtZDNUbEU5UFE9PQ==,D:\github\exoneracoes_nomeacoes_dou\LAKE\RJ\2012\11\DOERJ_PARTE_I_PODER_EXECUTIVO_2012-11-08.md
RJ,Diario Oficial do Estado do Rio de Janeiro,2012-11-08,Parte I (Poder Executivo),nomeacao,MARIA JOSÉ ALENCAR,,,Secretario,5,Wilson Jose Witzel - Governador,Wilson Jose Witzel,Executivo estadual,sim,MARIA JOSÉ ALENCAR:PER,sim,para exercer o cargo em comissão de Chefe de Centro Social,da Fundação Leão XIII,"NOMEAR MARIA JOSÉ ALENCAR para exercer o cargo em comissão de Chefe de Centro Social, símbolo DAI-6, do Centro Social Ramos, do Pólo de Articulação Regional II, da Diretoria de Promoção Social da Região Metropolitana, da Fundação Leão XIII, da",https://www.ioerj.com.br/portal/modules/conteudoonline/mostra_edicao.php?session=VVdwUmQwMVVVa2ROVkZsMFVWUlpkMUpwTURCT1JHUkVURlJzUjAxVVRYUlJlbWN5VVZSSmVFMVZVVFJPYTBrelRWUmpNMDlVUVRKTmVtZDNUbEU5UFE9PQ==,D:\github\exoneracoes_nomeacoes_dou\LAKE\RJ\2012\11\DOERJ_PARTE_I_PODER_EXECUTIVO_2012-11-08.md
RJ,Diario Oficial do Estado do Rio de Janeiro,2012-11-08,DO Campos (Poder Executivo),exoneracao,31 DE OUTUBRO DE 2012 PATRÍCIA CORDEIRO ALVES =PRESIDENTE DA FCJOL= COORDENADORIA DE INFRAESTRUTURA,,,,,Wilson Jose Witzel - Governador,Wilson Jose Witzel,Executivo estadual,sim,OUTUBRO:MISC|CORDEIRO ALVES:MISC|COORDENADORIA DE INFRAESTRUTURA:MISC|De Outubro:MISC|Patrícia Cordeiro Alves:PER,sim,,,"EXONERAR do Serviço Público Municipal, a Auxiliar de Vigilância, lotada na Guarda Civil Municipal, matrícula n°18.664, Viviane Caldas Faria dos Santos , com efeito a contar de 26/07/2012. PREFEITURA MUNICIPAL DE CAMPOS DOS GOYTACAZES, 31 de outubro de 2012. Rosinha Garotinho -Prefeita- ## Portaria N° 1806/2012 A PREFEITA DO MUNICÍPIO DE CAMPOS DOS GOYTACAZES, NO USO DE SUAS ATRIBUIÇÕES LEGAIS, Em, 31 de outubro de 2012 Patrícia Cordeiro Alves =Presidente da FCJOL= ## Coordenadoria de Infraestrutura",https://www.ioerj.com.br/portal/modules/conteudoonline/mostra_edicao.php?session=VVRCS1ExSkZXWGxPTUVsMFRucGFRMUpETURCUmExVjNURlJuTTFGcVFYUk9SR1JIVFZSa1IxSnFSWGRSTUU1RVRWUmpNMDlVUVRKTmVtZDNUbEU5UFE9PQ==,D:\github\exoneracoes_nomeacoes_dou\LAKE\RJ\2012\11\DOERJ_DO_CAMPOS_PODER_EXECUTIVO_2012-11-08.md
RJ,Diario Oficial do Estado do Rio de Janeiro,2012-11-07,Parte I (Poder Executivo),nomeacao,TENENTE-CORONEL PM,,,Governador,1,Wilson Jose Witzel - Governador,Wilson Jose Witzel,Executivo estadual,sim,Tenente-Coronel Pm:PER,sim,,,"NOMEAR ALEXANDRE RIBEIRO ROCHA , Tenente-Coronel PM, ID. Funcional nº 2426763-5, para exercer, com validade a contar de 14 de setembro de 2012, o cargo em comissão de Chefe do EM Comandante Intermediário, símbolo DAS-8, do 1º Comando de Policiamento de Área - 1º CPA, da Polícia Militar do Estado do Rio de Janeiro, da",https://www.ioerj.com.br/portal/modules/conteudoonline/mostra_edicao.php?session=VGxSbmQwMVVTWHBPYTAxMFRucFpOVTU1TURCU1JVcEdURlZGTVU1NlRYUk5ha0pFVGxSRk1FMUVZM2RSYWxGM1RWUmpNMDlVUVRKT1JFRjZUVkU5UFE9PQ==,D:\github\exoneracoes_nomeacoes_dou\LAKE\RJ\2012\11\DOERJ_PARTE_I_PODER_EXECUTIVO_2012-11-07.md
RJ,Diario Oficial do Estado do Rio de Janeiro,2012-11-07,Parte I (Poder Executivo),nomeacao,TENENTE-CORONEL PM,,,Governador,1,Wilson Jose Witzel - Governador,Wilson Jose Witzel,Executivo estadual,sim,Tenente-Coronel Pm:PER,sim,,,"NOMEAR CARLOS ALBERTO CARDOSO FRAGOSO , Tenente-Coronel PM, ID. Funcional nº 2416526-3, para exercer, com validade a contar de 16 de agosto de 2012, o cargo em comissão de Chefe do EM - Comandante Intermediário, símbolo DAS-8, do 2º Comando de Policiamento de Área - 2º CPA, da Polícia Militar do Estado do Rio de Janeiro, da",https://www.ioerj.com.br/portal/modules/conteudoonline/mostra_edicao.php?session=VGxSbmQwMVVTWHBPYTAxMFRucFpOVTU1TURCU1JVcEdURlZGTVU1NlRYUk5ha0pFVGxSRk1FMUVZM2RSYWxGM1RWUmpNMDlVUVRKT1JFRjZUVkU5UFE9PQ==,D:\github\exoneracoes_nomeacoes_dou\LAKE\RJ\2012\11\DOERJ_PARTE_I_PODER_EXECUTIVO_2012-11-07.md
RJ,Diario Oficial do Estado do Rio de Janeiro,2012-11-07,Parte I (Poder Executivo),nomeacao,TENENTE-CORONEL PM,2491564-5,,Governador,1,Wilson Jose Witzel - Governador,Wilson Jose Witzel,Executivo estadual,sim,Tenente-Coronel Pm:PER,sim,,,"NOMEAR ALEXANDRE COSTA REIMÃO , Tenente-Coronel PM, ID Funcional nº 2491564-5, para exercer, com validade a contar de 27 de setembro de 2012, o cargo em comissão de Comandante, símbolo DAS-7, da Unidade Prisional-UP, da Polícia Militar do Estado do Rio de Janeiro, da",https://www.ioerj.com.br/portal/modules/conteudoonline/mostra_edicao.php?session=VGxSbmQwMVVTWHBPYTAxMFRucFpOVTU1TURCU1JVcEdURlZGTVU1NlRYUk5ha0pFVGxSRk1FMUVZM2RSYWxGM1RWUmpNMDlVUVRKT1JFRjZUVkU5UFE9PQ==,D:\github\exoneracoes_nomeacoes_dou\LAKE\RJ\2012\11\DOERJ_PARTE_I_PODER_EXECUTIVO_2012-11-07.md
RJ,Diario Oficial do Estado do Rio de Janeiro,2012-11-07,Parte I (Poder Executivo),exoneracao,TENENTE-CORONEL PM,,,Governador,1,Wilson Jose Witzel - Governador,Wilson Jose Witzel,Executivo estadual,sim,Tenente-Coronel Pm:PER,sim,do cargo em comissão de Comandante,,"EXONERAR com validade a contar de 27 de setembro de 2012, WILSON GONÇALVES NUNES JÚNIOR , Tenente-Coronel PM, ID. Funcional nº 2443315-2, do cargo em comissão de Comandante, símbolo DAS-7, da Unidade Prisional-UP, da Polícia Militar do Estado do Rio de Janeiro, da",https://www.ioerj.com.br/portal/modules/conteudoonline/mostra_edicao.php?session=VGxSbmQwMVVTWHBPYTAxMFRucFpOVTU1TURCU1JVcEdURlZGTVU1NlRYUk5ha0pFVGxSRk1FMUVZM2RSYWxGM1RWUmpNMDlVUVRKT1JFRjZUVkU5UFE9PQ==,D:\github\exoneracoes_nomeacoes_dou\LAKE\RJ\2012\11\DOERJ_PARTE_I_PODER_EXECUTIVO_2012-11-07.md
RJ,Diario Oficial do Estado do Rio de Janeiro,2012-11-07,Parte I (Poder Executivo),exoneracao,CAPITÃO PM,,,Governador,1,Wilson Jose Witzel - Governador,Wilson Jose Witzel,Executivo estadual,sim,CAPITÃO PM:MISC|Capitão Pm:PER,sim,do cargo em comissão de Assistente,do Gabinete do Comando Geral,"EXONERAR com validade a contar de 03 de setembro de 2012, VIVIANE MENDES DOS SANTOS PEREIRA , Capitão PM, ID. Funcional nº 2446556-9, do cargo em comissão de Assistente, símbolo DAS-6, do Gabinete do Comando Geral, da Polícia Militar do Estado do Rio de Janeiro, da",https://www.ioerj.com.br/portal/modules/conteudoonline/mostra_edicao.php?session=VGxSbmQwMVVTWHBPYTAxMFRucFpOVTU1TURCU1JVcEdURlZGTVU1NlRYUk5ha0pFVGxSRk1FMUVZM2RSYWxGM1RWUmpNMDlVUVRKT1JFRjZUVkU5UFE9PQ==,D:\github\exoneracoes_nomeacoes_dou\LAKE\RJ\2012\11\DOERJ_PARTE_I_PODER_EXECUTIVO_2012-11-07.md
RJ,Diario Oficial do Estado do Rio de Janeiro,2012-11-07,Parte I (Poder Executivo),exoneracao,RAQUEL VENTURA RODRIGUES PM,,,Governador,1,Wilson Jose Witzel - Governador,Wilson Jose Witzel,Executivo estadual,sim,RAQUEL VENTURA:MISC|Raquel Ventura Rodrigues:PER,sim,do cargo em comissão de Secretário I,do Gabinete do Comando Geral,"EXONERAR de contar setembro com validade a 2012, de de 21 , RAQUEL VENTURA RODRIGUES PM, ID , Funcional Capitão nº 4189349-2, do cargo em comissão de Secretário I, símbolo DAI-4, do Gabinete do Comando Geral, da Polícia Militar do Estado do Rio de Janeiro, da",https://www.ioerj.com.br/portal/modules/conteudoonline/mostra_edicao.php?session=VGxSbmQwMVVTWHBPYTAxMFRucFpOVTU1TURCU1JVcEdURlZGTVU1NlRYUk5ha0pFVGxSRk1FMUVZM2RSYWxGM1RWUmpNMDlVUVRKT1JFRjZUVkU5UFE9PQ==,D:\github\exoneracoes_nomeacoes_dou\LAKE\RJ\2012\11\DOERJ_PARTE_I_PODER_EXECUTIVO_2012-11-07.md
RJ,Diario Oficial do Estado do Rio de Janeiro,2012-11-07,Parte I (Poder Executivo),nomeacao,CAPITÃO PM,2445468-0,,Governador,1,Wilson Jose Witzel - Governador,Wilson Jose Witzel,Executivo estadual,sim,CAPITÃO PM:MISC|Capitão Pm:PER,sim,,do Gabinete do Comando Geral,"NOMEAR CARLOS WILSON MAFORTE DINIZ , Capitão PM, ID Funcional nº 2445468-0, para exercer, com validade a contar de 24 de setembro de 2012, o cargo em comissão de Secretário I, símbolo DAI-4, do Gabinete do Comando Geral, da Polícia Militar do Estado do Rio de Janeiro, da",https://www.ioerj.com.br/portal/modules/conteudoonline/mostra_edicao.php?session=VGxSbmQwMVVTWHBPYTAxMFRucFpOVTU1TURCU1JVcEdURlZGTVU1NlRYUk5ha0pFVGxSRk1FMUVZM2RSYWxGM1RWUmpNMDlVUVRKT1JFRjZUVkU5UFE9PQ==,D:\github\exoneracoes_nomeacoes_dou\LAKE\RJ\2012\11\DOERJ_PARTE_I_PODER_EXECUTIVO_2012-11-07.md
RJ,Diario Oficial do Estado do Rio de Janeiro,2012-11-07,Parte I (Poder Executivo),nomeacao,PEDRO PAULO ANDRADE DOS SANTOS,,,Secretario,5,Wilson Jose Witzel - Governador,Wilson Jose Witzel,Executivo estadual,sim,PEDRO PAULO ANDRADE DOS SANTOS:PER,sim,para exercer o cargo em comissão de Chefe de Serviço,do Departamento de Trânsito do Estado do Rio de Janeiro - DETRAN/RJ,"NOMEAR PEDRO PAULO ANDRADE DOS SANTOS para exercer o cargo em comissão de Chefe de Serviço, símbolo DAI-6, da 23ª Circunscrição Regional de Trânsito -Barra do Piraí, da CIRETRANS E SATS, da Coordenadoria de Serviços Descentralizados, da Coordenadoria Geral de Integração de Serviços, do Departamento de Trânsito do Estado do Rio de Janeiro - DETRAN/RJ, da",https://www.ioerj.com.br/portal/modules/conteudoonline/mostra_edicao.php?session=VGxSbmQwMVVTWHBPYTAxMFRucFpOVTU1TURCU1JVcEdURlZGTVU1NlRYUk5ha0pFVGxSRk1FMUVZM2RSYWxGM1RWUmpNMDlVUVRKT1JFRjZUVkU5UFE9PQ==,D:\github\exoneracoes_nomeacoes_dou\LAKE\RJ\2012\11\DOERJ_PARTE_I_PODER_EXECUTIVO_2012-11-07.md
RJ,Diario Oficial do Estado do Rio de Janeiro,2012-11-07,Parte I (Poder Executivo),nomeacao,GILSON CARLOS RODRIGUES PAULINO,,,Secretario,5,Wilson Jose Witzel - Governador,Wilson Jose Witzel,Executivo estadual,sim,GILSON CARLOS RODRIGUES:PER,sim,para exercer o cargo em comissão de Chefe de Serviço,do Departamento de Trânsito do Estado do Rio de Janeiro - DETRAN/RJ,"NOMEAR GILSON CARLOS RODRIGUES PAULINO para exercer o cargo em comissão de Chefe de Serviço, símbolo DAI-6, da 23ª Circunscrição Regional de Trânsito -Barra do Piraí, da CIRETRANS E SATS, da Coordenadoria de Serviços Descentralizados, da Coordenadoria Geral de Integração de Serviços, do Departamento de Trânsito do Estado do Rio de Janeiro - DETRAN/RJ, da",https://www.ioerj.com.br/portal/modules/conteudoonline/mostra_edicao.php?session=VGxSbmQwMVVTWHBPYTAxMFRucFpOVTU1TURCU1JVcEdURlZGTVU1NlRYUk5ha0pFVGxSRk1FMUVZM2RSYWxGM1RWUmpNMDlVUVRKT1JFRjZUVkU5UFE9PQ==,D:\github\exoneracoes_nomeacoes_dou\LAKE\RJ\2012\11\DOERJ_PARTE_I_PODER_EXECUTIVO_2012-11-07.md
RJ,Diario Oficial do Estado do Rio de Janeiro,2012-11-07,Parte I (Poder Executivo),nomeacao,RODRIGO CARVALHAL DE CARVALHO,,,Secretario,5,Wilson Jose Witzel - Governador,Wilson Jose Witzel,Executivo estadual,sim,RODRIGO CARVALHAL DE CARVALHO:MISC|Rodrigo Carvalhal De Carvalho:PER,sim,para exercer o cargo em comissão de Chefe de Serviço,do Departamento de Trânsito do Estado do Rio de Janeiro - DETRAN/RJ,"NOMEAR RODRIGO CARVALHAL DE CARVALHO para exercer o cargo em comissão de Chefe de Serviço, símbolo DAI-6, da 4ª Circunscrição Regional de Trânsito - Nova Iguaçu, da CIRETRANS E SATS, da Coordenadoria de Serviços Descentralizados, da Coordenadoria Geral de Integração de Serviços, do Departamento de Trânsito do Estado do Rio de Janeiro - DETRAN/RJ, da",https://www.ioerj.com.br/portal/modules/conteudoonline/mostra_edicao.php?session=VGxSbmQwMVVTWHBPYTAxMFRucFpOVTU1TURCU1JVcEdURlZGTVU1NlRYUk5ha0pFVGxSRk1FMUVZM2RSYWxGM1RWUmpNMDlVUVRKT1JFRjZUVkU5UFE9PQ==,D:\github\exoneracoes_nomeacoes_dou\LAKE\RJ\2012\11\DOERJ_PARTE_I_PODER_EXECUTIVO_2012-11-07.md
RJ,Diario Oficial do Estado do Rio de Janeiro,2012-11-07,Parte I (Poder Executivo),nomeacao,JULIANO JOSÉ CERQUEIRA,,,Secretario,5,Wilson Jose Witzel - Governador,Wilson Jose Witzel,Executivo estadual,sim,JULIANO JOSÉ CERQUEIRA:PER,sim,para exercer o cargo em comissão de Chefe de Unidade,do Departamento de Trânsito do Estado do Rio de Janeiro - DETRAN/RJ,"NOMEAR JULIANO JOSÉ CERQUEIRA para exercer o cargo em comissão de Chefe de Unidade, símbolo DAI-6, da Unidade de Serviço Descentralizado -USD, da Coordenadoria de Serviços Descentralizados, da Coordenadoria Geral de Integração de Serviços, do Departamento de Trânsito do Estado do Rio de Janeiro - DETRAN/RJ, da",https://www.ioerj.com.br/portal/modules/conteudoonline/mostra_edicao.php?session=VGxSbmQwMVVTWHBPYTAxMFRucFpOVTU1TURCU1JVcEdURlZGTVU1NlRYUk5ha0pFVGxSRk1FMUVZM2RSYWxGM1RWUmpNMDlVUVRKT1JFRjZUVkU5UFE9PQ==,D:\github\exoneracoes_nomeacoes_dou\LAKE\RJ\2012\11\DOERJ_PARTE_I_PODER_EXECUTIVO_2012-11-07.md
RJ,Diario Oficial do Estado do Rio de Janeiro,2012-11-07,Parte I (Poder Executivo),nomeacao,MARCELO PEIXOTO DE OLIVEIRA,,,Secretario,5,Wilson Jose Witzel - Governador,Wilson Jose Witzel,Executivo estadual,sim,MARCELO PEIXOTO DE OLIVEIRA:MISC|Marcelo Peixoto:PER,sim,,,"NOMEAR MARCELO PEIXOTO DE OLIVEIRA para exercer, com validade a contar de 01 de novembro de 2012, o cargo em comissão de Assessor, símbolo DAS-7, da",https://www.ioerj.com.br/portal/modules/conteudoonline/mostra_edicao.php?session=VGxSbmQwMVVTWHBPYTAxMFRucFpOVTU1TURCU1JVcEdURlZGTVU1NlRYUk5ha0pFVGxSRk1FMUVZM2RSYWxGM1RWUmpNMDlVUVRKT1JFRjZUVkU5UFE9PQ==,D:\github\exoneracoes_nomeacoes_dou\LAKE\RJ\2012\11\DOERJ_PARTE_I_PODER_EXECUTIVO_2012-11-07.md
RJ,Diario Oficial do Estado do Rio de Janeiro,2012-11-07,Parte I (Poder Executivo),nomeacao,CAMILLA ROCHA LIBERATO,,,Secretario,5,Wilson Jose Witzel - Governador,Wilson Jose Witzel,Executivo estadual,sim,CAMILLA ROCHA LIBERATO:MISC|Camilla Rocha Liberato:PER,sim,,,"NOMEAR CAMILLA ROCHA LIBERATO para exercer, com validade a contar de 01 de novembro de 2012, o cargo em comissão de Auxiliar de Gabinete, símbolo DAI-1, da",https://www.ioerj.com.br/portal/modules/conteudoonline/mostra_edicao.php?session=VGxSbmQwMVVTWHBPYTAxMFRucFpOVTU1TURCU1JVcEdURlZGTVU1NlRYUk5ha0pFVGxSRk1FMUVZM2RSYWxGM1RWUmpNMDlVUVRKT1JFRjZUVkU5UFE9PQ==,D:\github\exoneracoes_nomeacoes_dou\LAKE\RJ\2012\11\DOERJ_PARTE_I_PODER_EXECUTIVO_2012-11-07.md
RJ,Diario Oficial do Estado do Rio de Janeiro,2012-11-07,Parte I (Poder Executivo),exoneracao,LUIZ FELIPE DE OLIVEIRA FERNANDES,869354-4,,Secretario,5,Wilson Jose Witzel - Governador,Wilson Jose Witzel,Executivo estadual,sim,LUIZ FELIPE DE OLIVEIRA FERNANDES:PER,sim,do cargo em comissão de Vogal de Comissão de Inquérito,da Superintendência de Inquérito Administrativo,"EXONERAR com validade a contar de 05 de novembro de 2012, LUIZ FELIPE DE OLIVEIRA FERNANDES, ID Funcional nº 869354-4, do cargo em comissão de Vogal de Comissão de Inquérito, símbolo DAS-7, da Comissões Permanentes de Inquérito Administrativo, da Superintendência de Inquérito Administrativo, da Subsecretaria de Administração de Pessoal, da",https://www.ioerj.com.br/portal/modules/conteudoonline/mostra_edicao.php?session=VGxSbmQwMVVTWHBPYTAxMFRucFpOVTU1TURCU1JVcEdURlZGTVU1NlRYUk5ha0pFVGxSRk1FMUVZM2RSYWxGM1RWUmpNMDlVUVRKT1JFRjZUVkU5UFE9PQ==,D:\github\exoneracoes_nomeacoes_dou\LAKE\RJ\2012\11\DOERJ_PARTE_I_PODER_EXECUTIVO_2012-11-07.md
RJ,Diario Oficial do Estado do Rio de Janeiro,2012-11-07,Parte I (Poder Executivo),exoneracao,DEA SARAIVA DA SILVA REIS,,,Secretario,5,Wilson Jose Witzel - Governador,Wilson Jose Witzel,Executivo estadual,sim,DEA SARAIVA DA SILVA REIS:MISC|Dea Saraiva:PER,sim,do cargo de confiança de Chefe de Serviço de Documentação,,"EXONERAR DEA SARAIVA DA SILVA REIS, matrícula 302, do cargo de confiança de Chefe de Serviço de Documentação, símbolo CC-04, desta Imprensa Oficial do Estado do Rio de Janeiro",https://www.ioerj.com.br/portal/modules/conteudoonline/mostra_edicao.php?session=VGxSbmQwMVVTWHBPYTAxMFRucFpOVTU1TURCU1JVcEdURlZGTVU1NlRYUk5ha0pFVGxSRk1FMUVZM2RSYWxGM1RWUmpNMDlVUVRKT1JFRjZUVkU5UFE9PQ==,D:\github\exoneracoes_nomeacoes_dou\LAKE\RJ\2012\11\DOERJ_PARTE_I_PODER_EXECUTIVO_2012-11-07.md
RJ,Diario Oficial do Estado do Rio de Janeiro,2012-11-07,Parte I (Poder Executivo),nomeacao,FERNANDA DE MORAES COSTA,,,Secretario,5,Wilson Jose Witzel - Governador,Wilson Jose Witzel,Executivo estadual,sim,FERNANDA:ORG|MORAES COSTA:MISC|Fernanda De Moraes Costa:PER,sim,para exercer o cargo de confiança de Chefe de Serviço de Documentação,,"NOMEAR FERNANDA DE MORAES COSTA, para exercer o cargo de confiança de Chefe de Serviço de Documentação, símbolo CC-04, desta Imprensa Oficial do Estado do Rio de Janeiro",https://www.ioerj.com.br/portal/modules/conteudoonline/mostra_edicao.php?session=VGxSbmQwMVVTWHBPYTAxMFRucFpOVTU1TURCU1JVcEdURlZGTVU1NlRYUk5ha0pFVGxSRk1FMUVZM2RSYWxGM1RWUmpNMDlVUVRKT1JFRjZUVkU5UFE9PQ==,D:\github\exoneracoes_nomeacoes_dou\LAKE\RJ\2012\11\DOERJ_PARTE_I_PODER_EXECUTIVO_2012-11-07.md
RJ,Diario Oficial do Estado do Rio de Janeiro,2012-11-06,Parte I (Poder Executivo),nomeacao,MARCOS OCTÁVIO DORIA DE ARAÚJO,,,Governador,1,Wilson Jose Witzel - Governador,Wilson Jose Witzel,Executivo estadual,sim,MARCOS OCTÁVIO DORIA DE ARAÚJO:PER,sim,da Assessoria Jurídica,,"NOMEAR MARCOS OCTÁVIO DORIA DE ARAÚJO para exercer, com validade a contar de 05 de novembro de 2012, o cargo em comissão de Assessor-Chefe, símbolo VP-2, da Assessoria Jurídica, da Loteria do Estado do Rio de Janeiro - LOTERJ, da",https://www.ioerj.com.br/portal/modules/conteudoonline/mostra_edicao.php?session=VDBSVk1VNXFVVEZPVkVWMFQwVmFSRTFETURCTlJHTXhURlZGTVZGNlFYUlNhMDE1VW1wYVEwOUZXVE5TVkdzeVRWUmpNMDlVUVRKT1JFMDBUa0U5UFE9PQ==,D:\github\exoneracoes_nomeacoes_dou\LAKE\RJ\2012\11\DOERJ_PARTE_I_PODER_EXECUTIVO_2012-11-06.md
RJ,Diario Oficial do Estado do Rio de Janeiro,2012-11-06,Parte I (Poder Executivo),nomeacao,MAYARA DA SILVA DECOTHÉ,,,Secretario,5,Wilson Jose Witzel - Governador,Wilson Jose Witzel,Executivo estadual,sim,MAYARA DA SILVA:MISC|Mayara Da Silva Decothé:PER,sim,,da Subsecretaria de Comunicação Social,"NOMEAR MAYARA DA SILVA DECOTHÉ para exercer, com validade a contar de 01 de novembro de 2012, o cargo em comissão de Assessor, símbolo DAS-7, da Subsecretaria de Comunicação Social, da",https://www.ioerj.com.br/portal/modules/conteudoonline/mostra_edicao.php?session=VDBSVk1VNXFVVEZPVkVWMFQwVmFSRTFETURCTlJHTXhURlZGTVZGNlFYUlNhMDE1VW1wYVEwOUZXVE5TVkdzeVRWUmpNMDlVUVRKT1JFMDBUa0U5UFE9PQ==,D:\github\exoneracoes_nomeacoes_dou\LAKE\RJ\2012\11\DOERJ_PARTE_I_PODER_EXECUTIVO_2012-11-06.md
RJ,Diario Oficial do Estado do Rio de Janeiro,2012-11-06,Parte I (Poder Executivo),exoneracao,MARCO AURÉLIO GONÇALVES DOS SANTOS,,,Secretario,5,Wilson Jose Witzel - Governador,Wilson Jose Witzel,Executivo estadual,sim,MARCO AURÉLIO:MISC|DOS SANTOS:MISC|Marco Aurélio Gonçalves Dos Santos:PER,sim,do cargo em comissão de Gerente,,"EXONERAR MARCO AURÉLIO GONÇALVES DOS SANTOS do cargo em comissão de Gerente, símbolo DAS-7, do Centro de Tecnologia de Informação e Comunicação do Estado do Rio de Janeiro -PRODERJ, da",https://www.ioerj.com.br/portal/modules/conteudoonline/mostra_edicao.php?session=VDBSVk1VNXFVVEZPVkVWMFQwVmFSRTFETURCTlJHTXhURlZGTVZGNlFYUlNhMDE1VW1wYVEwOUZXVE5TVkdzeVRWUmpNMDlVUVRKT1JFMDBUa0U5UFE9PQ==,D:\github\exoneracoes_nomeacoes_dou\LAKE\RJ\2012\11\DOERJ_PARTE_I_PODER_EXECUTIVO_2012-11-06.md
RJ,Diario Oficial do Estado do Rio de Janeiro,2012-11-06,Parte I (Poder Executivo),nomeacao,PAULO RENATO NASCIMENTO DE ARAÚJO,,,Secretario,5,Wilson Jose Witzel - Governador,Wilson Jose Witzel,Executivo estadual,sim,PAULO RENATO NASCIMENTO:PER,sim,para exercer o cargo em comissão de Gerente,,"NOMEAR PAULO RENATO NASCIMENTO DE ARAÚJO para exercer o cargo em comissão de Gerente, símbolo DAS-7, do Centro de Tecnologia de Informação e Comunicação do Estado do Rio de Janeiro - PRODERJ, da",https://www.ioerj.com.br/portal/modules/conteudoonline/mostra_edicao.php?session=VDBSVk1VNXFVVEZPVkVWMFQwVmFSRTFETURCTlJHTXhURlZGTVZGNlFYUlNhMDE1VW1wYVEwOUZXVE5TVkdzeVRWUmpNMDlVUVRKT1JFMDBUa0U5UFE9PQ==,D:\github\exoneracoes_nomeacoes_dou\LAKE\RJ\2012\11\DOERJ_PARTE_I_PODER_EXECUTIVO_2012-11-06.md
RJ,Diario Oficial do Estado do Rio de Janeiro,2012-11-06,Parte I (Poder Executivo),exoneracao,SILVIO JORGE LAMEGO,,EXONERAR SILVIO JORGE LAMEGO DO CARGO EM COMISSÃO DE,Secretario,5,Wilson Jose Witzel - Governador,Wilson Jose Witzel,Executivo estadual,sim,SILVIO JORGE LAMEGO:PER,sim,do cargo em comissão de Secretário II,,"EXONERAR SILVIO JORGE LAMEGO do cargo em comissão de Secretário II, símbolo DAI-5, da",https://www.ioerj.com.br/portal/modules/conteudoonline/mostra_edicao.php?session=VDBSVk1VNXFVVEZPVkVWMFQwVmFSRTFETURCTlJHTXhURlZGTVZGNlFYUlNhMDE1VW1wYVEwOUZXVE5TVkdzeVRWUmpNMDlVUVRKT1JFMDBUa0U5UFE9PQ==,D:\github\exoneracoes_nomeacoes_dou\LAKE\RJ\2012\11\DOERJ_PARTE_I_PODER_EXECUTIVO_2012-11-06.md
RJ,Diario Oficial do Estado do Rio de Janeiro,2012-11-06,Parte I (Poder Executivo),nomeacao,HILTON DE MATTOS PAES,,,Secretario,5,Wilson Jose Witzel - Governador,Wilson Jose Witzel,Executivo estadual,sim,HILTON:MISC|MATTOS PAES:MISC|Hilton De Mattos Paes:PER,sim,da Assessoria de Imprensa,,"NOMEAR HILTON DE MATTOS PAES para exercer, com validade a contar de 05 de novembro de 2012, o cargo em comissão de Assessor, símbolo DAS-7, da Assessoria de Imprensa, da",https://www.ioerj.com.br/portal/modules/conteudoonline/mostra_edicao.php?session=VDBSVk1VNXFVVEZPVkVWMFQwVmFSRTFETURCTlJHTXhURlZGTVZGNlFYUlNhMDE1VW1wYVEwOUZXVE5TVkdzeVRWUmpNMDlVUVRKT1JFMDBUa0U5UFE9PQ==,D:\github\exoneracoes_nomeacoes_dou\LAKE\RJ\2012\11\DOERJ_PARTE_I_PODER_EXECUTIVO_2012-11-06.md
RJ,Diario Oficial do Estado do Rio de Janeiro,2012-11-06,Parte I (Poder Executivo),nomeacao,RAQUEL GUIMARÃES DA SILVA,,,Secretario,5,Wilson Jose Witzel - Governador,Wilson Jose Witzel,Executivo estadual,sim,RAQUEL:ORG|Raquel Guimarães Da Silva:PER,sim,,,"NOMEAR RAQUEL GUIMARÃES DA SILVA para exercer, com validade a contar de 22 de outubro de 2012, o cargo em comissão de Assessor, símbolo DAS-8, da",https://www.ioerj.com.br/portal/modules/conteudoonline/mostra_edicao.php?session=VDBSVk1VNXFVVEZPVkVWMFQwVmFSRTFETURCTlJHTXhURlZGTVZGNlFYUlNhMDE1VW1wYVEwOUZXVE5TVkdzeVRWUmpNMDlVUVRKT1JFMDBUa0U5UFE9PQ==,D:\github\exoneracoes_nomeacoes_dou\LAKE\RJ\2012\11\DOERJ_PARTE_I_PODER_EXECUTIVO_2012-11-06.md
RJ,Diario Oficial do Estado do Rio de Janeiro,2012-11-06,Parte I (Poder Executivo),nomeacao,ALESANDRA FAES MARTINS ABREU,,,Secretario,5,Wilson Jose Witzel - Governador,Wilson Jose Witzel,Executivo estadual,sim,Alesandra Faes Martins Abreu:PER,sim,,da Superintendência Regional Sul Fluminense II,"NOMEAR ALESANDRA FAES MARTINS ABREU para exercer, com validade a contar de 01 de novembro de 2012, o cargo em comissão de Supervisor Regional do Estado, símbolo DAS-8, da Superintendência Regional Sul Fluminense II, da",https://www.ioerj.com.br/portal/modules/conteudoonline/mostra_edicao.php?session=VDBSVk1VNXFVVEZPVkVWMFQwVmFSRTFETURCTlJHTXhURlZGTVZGNlFYUlNhMDE1VW1wYVEwOUZXVE5TVkdzeVRWUmpNMDlVUVRKT1JFMDBUa0U5UFE9PQ==,D:\github\exoneracoes_nomeacoes_dou\LAKE\RJ\2012\11\DOERJ_PARTE_I_PODER_EXECUTIVO_2012-11-06.md
RJ,Diario Oficial do Estado do Rio de Janeiro,2012-11-06,Parte I (Poder Executivo),exoneracao,RYANE MARTINS ABREU,,,Secretario,5,Wilson Jose Witzel - Governador,Wilson Jose Witzel,Executivo estadual,sim,RYANE MARTINS ABREU:ORG|Ryane Martins Abreu:PER,sim,do cargo em comissão de Supervisor Regional do Estado,da Superintendência Regional Sul Fluminense II,"EXONERAR com validade a contar de 01 de novembro de 2012, RYANE MARTINS ABREU do cargo em comissão de Supervisor Regional do Estado, símbolo DAS-8, da Superintendência Regional Sul Fluminense II, da",https://www.ioerj.com.br/portal/modules/conteudoonline/mostra_edicao.php?session=VDBSVk1VNXFVVEZPVkVWMFQwVmFSRTFETURCTlJHTXhURlZGTVZGNlFYUlNhMDE1VW1wYVEwOUZXVE5TVkdzeVRWUmpNMDlVUVRKT1JFMDBUa0U5UFE9PQ==,D:\github\exoneracoes_nomeacoes_dou\LAKE\RJ\2012\11\DOERJ_PARTE_I_PODER_EXECUTIVO_2012-11-06.md
RJ,Diario Oficial do Estado do Rio de Janeiro,2012-11-06,Parte I (Poder Executivo),exoneracao,SARA DELDUQUE DE ABREU,,,Secretario,5,Wilson Jose Witzel - Governador,Wilson Jose Witzel,Executivo estadual,sim,SARA DELDUQUE DE ABREU:MISC|Sara Delduque:PER,sim,do cargo em comissão de Ajudante I,,"EXONERAR com validade a contar de 01 de outubro de 2012, SARA DELDUQUE DE ABREU do cargo em comissão de Ajudante I, símbolo DAI-1, da",https://www.ioerj.com.br/portal/modules/conteudoonline/mostra_edicao.php?session=VDBSVk1VNXFVVEZPVkVWMFQwVmFSRTFETURCTlJHTXhURlZGTVZGNlFYUlNhMDE1VW1wYVEwOUZXVE5TVkdzeVRWUmpNMDlVUVRKT1JFMDBUa0U5UFE9PQ==,D:\github\exoneracoes_nomeacoes_dou\LAKE\RJ\2012\11\DOERJ_PARTE_I_PODER_EXECUTIVO_2012-11-06.md
RJ,Diario Oficial do Estado do Rio de Janeiro,2012-11-06,Parte I (Poder Executivo),nomeacao,RAPHAEL FONSECA RETAMEIRO,,,Secretario,5,Wilson Jose Witzel - Governador,Wilson Jose Witzel,Executivo estadual,sim,RAPHAEL:ORG|Raphael Fonseca:PER,sim,,,"NOMEAR RAPHAEL FONSECA RETAMEIRO para exercer, com validade a contar de 01 de outubro de 2012, o cargo em comissão de Ajudante I, símbolo DAI-1, da",https://www.ioerj.com.br/portal/modules/conteudoonline/mostra_edicao.php?session=VDBSVk1VNXFVVEZPVkVWMFQwVmFSRTFETURCTlJHTXhURlZGTVZGNlFYUlNhMDE1VW1wYVEwOUZXVE5TVkdzeVRWUmpNMDlVUVRKT1JFMDBUa0U5UFE9PQ==,D:\github\exoneracoes_nomeacoes_dou\LAKE\RJ\2012\11\DOERJ_PARTE_I_PODER_EXECUTIVO_2012-11-06.md
RJ,Diario Oficial do Estado do Rio de Janeiro,2012-11-06,Parte I (Poder Executivo),exoneracao,CAROLINE MONTEIRO,,,Secretario,5,Wilson Jose Witzel - Governador,Wilson Jose Witzel,Executivo estadual,sim,CAROLINE MONTEIRO:MISC|Caroline Monteiro:PER,sim,do cargo em comissão de Secretário,da Gabinete da Presidência,"EXONERAR com validade a contar de 01 de novembro de 2012, CAROLINE MONTEIRO DA CONCEIÇÃO , matrícula nº 0308-7, do cargo em comissão de Secretário, símbolo DAI-4, da Gabinete da Presidência, da Fundação Instituto de Pesca do Estado do Rio de Janeiro -FIPERJ, da",https://www.ioerj.com.br/portal/modules/conteudoonline/mostra_edicao.php?session=VDBSVk1VNXFVVEZPVkVWMFQwVmFSRTFETURCTlJHTXhURlZGTVZGNlFYUlNhMDE1VW1wYVEwOUZXVE5TVkdzeVRWUmpNMDlVUVRKT1JFMDBUa0U5UFE9PQ==,D:\github\exoneracoes_nomeacoes_dou\LAKE\RJ\2012\11\DOERJ_PARTE_I_PODER_EXECUTIVO_2012-11-06.md
RJ,Diario Oficial do Estado do Rio de Janeiro,2012-11-06,Parte I (Poder Executivo),exoneracao,DENILSON EMILIANO,,,Secretario,5,Wilson Jose Witzel - Governador,Wilson Jose Witzel,Executivo estadual,sim,DENILSON EMILIANO:MISC|Denilson Emiliano:PER,sim,do cargo em comissão de Assistente,do Instituto de Segurança Pública do Estado do Rio de Janeiro -RIOSEGURANÇA,"EXONERAR com validade a contar de 01 de novembro de 2012, DENILSON EMILIANO DA SILVA , ID. Funcional nº 292540-4, do cargo em comissão de Assistente, símbolo DAS-6, da Diretoria Administrativo-Financeira, do Instituto de Segurança Pública do Estado do Rio de Janeiro -RIOSEGURANÇA, da",https://www.ioerj.com.br/portal/modules/conteudoonline/mostra_edicao.php?session=VDBSVk1VNXFVVEZPVkVWMFQwVmFSRTFETURCTlJHTXhURlZGTVZGNlFYUlNhMDE1VW1wYVEwOUZXVE5TVkdzeVRWUmpNMDlVUVRKT1JFMDBUa0U5UFE9PQ==,D:\github\exoneracoes_nomeacoes_dou\LAKE\RJ\2012\11\DOERJ_PARTE_I_PODER_EXECUTIVO_2012-11-06.md
RJ,Diario Oficial do Estado do Rio de Janeiro,2012-11-06,Parte I (Poder Executivo),nomeacao,DENILSON EMILIANO,,,Secretario,5,Wilson Jose Witzel - Governador,Wilson Jose Witzel,Executivo estadual,sim,DENILSON EMILIANO:MISC|Denilson Emiliano:PER,sim,,do Instituto de Segurança Pública do Estado do Rio de Janeiro - RIOSEGURANÇA,"NOMEAR DENILSON EMILIANO DA SILVA , ID. Funcional nº 292540-4, para exercer, com validade a contar de 01 de novembro de 2012, o cargo em comissão de Assistente II, símbolo DAI-6, do Instituto de Segurança Pública do Estado do Rio de Janeiro - RIOSEGURANÇA, da",https://www.ioerj.com.br/portal/modules/conteudoonline/mostra_edicao.php?session=VDBSVk1VNXFVVEZPVkVWMFQwVmFSRTFETURCTlJHTXhURlZGTVZGNlFYUlNhMDE1VW1wYVEwOUZXVE5TVkdzeVRWUmpNMDlVUVRKT1JFMDBUa0U5UFE9PQ==,D:\github\exoneracoes_nomeacoes_dou\LAKE\RJ\2012\11\DOERJ_PARTE_I_PODER_EXECUTIVO_2012-11-06.md
RJ,Diario Oficial do Estado do Rio de Janeiro,2012-11-06,Parte I (Poder Executivo),nomeacao,LUCIANA SEROA,,,Secretario,5,Wilson Jose Witzel - Governador,Wilson Jose Witzel,Executivo estadual,sim,LUCIANA SEROA:MISC|Luciana Seroa:PER,sim,,do Departamento Geral de Material,"NOMEAR LUCIANA SEROA DA MOTTA ARAÚJO , matrícula nº 08/400845-7, para exercer, com validade a contar de 02 de outubro de 2012, o cargo em comissão de Secretário I, símbolo DAI-4, da Divisão de Suprimento, do Departamento Geral de Material, da Diretoria de Apoio Técnico, do Instituto de Assistência dos Servidores do Estado do Rio de Janeiro - IASERJ, da",https://www.ioerj.com.br/portal/modules/conteudoonline/mostra_edicao.php?session=VDBSVk1VNXFVVEZPVkVWMFQwVmFSRTFETURCTlJHTXhURlZGTVZGNlFYUlNhMDE1VW1wYVEwOUZXVE5TVkdzeVRWUmpNMDlVUVRKT1JFMDBUa0U5UFE9PQ==,D:\github\exoneracoes_nomeacoes_dou\LAKE\RJ\2012\11\DOERJ_PARTE_I_PODER_EXECUTIVO_2012-11-06.md
RJ,Diario Oficial do Estado do Rio de Janeiro,2012-11-06,Parte I (Poder Executivo),exoneracao,SANDRO LÚCIO,,,Secretario,5,Wilson Jose Witzel - Governador,Wilson Jose Witzel,Executivo estadual,sim,SANDRO LÚCIO:MISC|Sandro Lúcio:PER,sim,do cargo em comissão de Secretário I,do Departamento Geral de Assistência em Próprios Periféricos,"EXONERAR com validade a contar de 01 de agosto de 2012, SANDRO LÚCIO DO NASCIMENTO MACHADO , matrícula nº 08/400807-7, do cargo em comissão de Secretário I, símbolo DAI-4, do Departamento Geral de Assistência em Próprios Periféricos, da Diretoria de Assistência, do Instituto de Assistência dos Servidores do Estado do Rio de Janeiro - IASERJ, da",https://www.ioerj.com.br/portal/modules/conteudoonline/mostra_edicao.php?session=VDBSVk1VNXFVVEZPVkVWMFQwVmFSRTFETURCTlJHTXhURlZGTVZGNlFYUlNhMDE1VW1wYVEwOUZXVE5TVkdzeVRWUmpNMDlVUVRKT1JFMDBUa0U5UFE9PQ==,D:\github\exoneracoes_nomeacoes_dou\LAKE\RJ\2012\11\DOERJ_PARTE_I_PODER_EXECUTIVO_2012-11-06.md
RJ,Diario Oficial do Estado do Rio de Janeiro,2012-11-06,Parte I (Poder Executivo),nomeacao,JOAO NICOLAU MELHEM,,,Secretario,5,Wilson Jose Witzel - Governador,Wilson Jose Witzel,Executivo estadual,sim,JOAO NICOLAU:MISC|Joao Nicolau Melhem:PER,sim,para exercer o cargo em comissão de Ajudante I,,"NOMEAR JOAO NICOLAU MELHEM para exercer o cargo em comissão de Ajudante I, símbolo DAI-1, da",https://www.ioerj.com.br/portal/modules/conteudoonline/mostra_edicao.php?session=VDBSVk1VNXFVVEZPVkVWMFQwVmFSRTFETURCTlJHTXhURlZGTVZGNlFYUlNhMDE1VW1wYVEwOUZXVE5TVkdzeVRWUmpNMDlVUVRKT1JFMDBUa0U5UFE9PQ==,D:\github\exoneracoes_nomeacoes_dou\LAKE\RJ\2012\11\DOERJ_PARTE_I_PODER_EXECUTIVO_2012-11-06.md
RJ,Diario Oficial do Estado do Rio de Janeiro,2012-11-06,Parte I (Poder Executivo),nomeacao,ELISABETH DO VALLE CORTEZ,,,Secretario,5,Wilson Jose Witzel - Governador,Wilson Jose Witzel,Executivo estadual,sim,VALLE CORTEZ:ORG|Elisabeth Do Valle Cortez:PER,sim,,da Superintendência de Gestão da Rede,"NOMEAR ELISABETH DO VALLE CORTEZ para exercer, com validade a contar de 01 de novembro de 2012, o cargo em comissão de Assistente, símbolo DAS-6, da Coordenação de Certificados, da Diretoria Geral de Gestão Escolar, da Superintendência de Gestão da Rede, da Subsecretaria de Gestão de Ensino, da",https://www.ioerj.com.br/portal/modules/conteudoonline/mostra_edicao.php?session=VDBSVk1VNXFVVEZPVkVWMFQwVmFSRTFETURCTlJHTXhURlZGTVZGNlFYUlNhMDE1VW1wYVEwOUZXVE5TVkdzeVRWUmpNMDlVUVRKT1JFMDBUa0U5UFE9PQ==,D:\github\exoneracoes_nomeacoes_dou\LAKE\RJ\2012\11\DOERJ_PARTE_I_PODER_EXECUTIVO_2012-11-06.md
RJ,Diario Oficial do Estado do Rio de Janeiro,2012-11-06,Parte I (Poder Executivo),exoneracao,CLÁUDIA DA SILVA,,,Secretario,5,Wilson Jose Witzel - Governador,Wilson Jose Witzel,Executivo estadual,sim,CLÁUDIA DA SILVA:PER,sim,do cargo em comissão de Assessor,,"EXONERAR com validade a contar de 05 de novembro de 2012, CLÁUDIA DA SILVA DO AMARAL , ID. Funcional nº 43218741, do cargo em comissão de Assessor, símbolo DAS-8, da",https://www.ioerj.com.br/portal/modules/conteudoonline/mostra_edicao.php?session=VDBSVk1VNXFVVEZPVkVWMFQwVmFSRTFETURCTlJHTXhURlZGTVZGNlFYUlNhMDE1VW1wYVEwOUZXVE5TVkdzeVRWUmpNMDlVUVRKT1JFMDBUa0U5UFE9PQ==,D:\github\exoneracoes_nomeacoes_dou\LAKE\RJ\2012\11\DOERJ_PARTE_I_PODER_EXECUTIVO_2012-11-06.md
RJ,Diario Oficial do Estado do Rio de Janeiro,2012-11-06,Parte I (Poder Executivo),nomeacao,FABIO JORGE DANTAS DE SOUSA,,,Secretario,5,Wilson Jose Witzel - Governador,Wilson Jose Witzel,Executivo estadual,sim,FABIO JORGE DANTAS DE SOUSA:MISC|Fabio Jorge Dantas De Sousa:PER,sim,,,"NOMEAR FABIO JORGE DANTAS DE SOUSA para exercer, com validade a contar de 01 de novembro de 2012, o cargo em comissão de Assessor, símbolo DAS-7, da",https://www.ioerj.com.br/portal/modules/conteudoonline/mostra_edicao.php?session=VDBSVk1VNXFVVEZPVkVWMFQwVmFSRTFETURCTlJHTXhURlZGTVZGNlFYUlNhMDE1VW1wYVEwOUZXVE5TVkdzeVRWUmpNMDlVUVRKT1JFMDBUa0U5UFE9PQ==,D:\github\exoneracoes_nomeacoes_dou\LAKE\RJ\2012\11\DOERJ_PARTE_I_PODER_EXECUTIVO_2012-11-06.md
RJ,Diario Oficial do Estado do Rio de Janeiro,2012-11-06,Parte I (Poder Executivo),nomeacao,RODRIGO ARAÚJO FONTES,,,Secretario,5,Wilson Jose Witzel - Governador,Wilson Jose Witzel,Executivo estadual,sim,RODRIGO ARAÚJO:MISC|Rodrigo Araújo Fontes:PER,sim,,do Instituto Estadual do Ambiente -INEA,"NOMEAR RODRIGO ARAÚJO FONTES para exercer, com validade a contar de 15 de outubro de 2012, o cargo em comissão de Adjunto I, símbolo DAI-4, do Instituto Estadual do Ambiente -INEA, da",https://www.ioerj.com.br/portal/modules/conteudoonline/mostra_edicao.php?session=VDBSVk1VNXFVVEZPVkVWMFQwVmFSRTFETURCTlJHTXhURlZGTVZGNlFYUlNhMDE1VW1wYVEwOUZXVE5TVkdzeVRWUmpNMDlVUVRKT1JFMDBUa0U5UFE9PQ==,D:\github\exoneracoes_nomeacoes_dou\LAKE\RJ\2012\11\DOERJ_PARTE_I_PODER_EXECUTIVO_2012-11-06.md
RJ,Diario Oficial do Estado do Rio de Janeiro,2012-11-06,Parte I (Poder Executivo),nomeacao,ANA CAROLINA CORRÊA DE SÁ TAVORA MAIA,,,Secretario,5,Wilson Jose Witzel - Governador,Wilson Jose Witzel,Executivo estadual,sim,ANA CAROLINA CORRÊA DE SÁ TAVORA MAIA:ORG|Ana Carolina Corrêa:PER,sim,,do Instituto Estadual do Ambiente - INEA,"NOMEAR ANA CAROLINA CORRÊA DE SÁ TAVORA MAIA para exercer, com validade a contar de 01 de novembro de 2012, o cargo em comissão de Adjunto II, símbolo DAI-2, do Instituto Estadual do Ambiente - INEA, da",https://www.ioerj.com.br/portal/modules/conteudoonline/mostra_edicao.php?session=VDBSVk1VNXFVVEZPVkVWMFQwVmFSRTFETURCTlJHTXhURlZGTVZGNlFYUlNhMDE1VW1wYVEwOUZXVE5TVkdzeVRWUmpNMDlVUVRKT1JFMDBUa0U5UFE9PQ==,D:\github\exoneracoes_nomeacoes_dou\LAKE\RJ\2012\11\DOERJ_PARTE_I_PODER_EXECUTIVO_2012-11-06.md
RJ,Diario Oficial do Estado do Rio de Janeiro,2012-11-06,Parte I (Poder Executivo),exoneracao,DEISE LÚCIA LOUZADA VIANNA,,,Secretario,5,Wilson Jose Witzel - Governador,Wilson Jose Witzel,Executivo estadual,sim,LÚCIA LOUZADA VIANNA:MISC|Deise Lúcia Louzada Vianna:PER,sim,do cargo em comissão de Chefe de Centro Social,da Fundação Leão XIII,"EXONERAR a pedido e com validade a contar de 05 de agosto de 2012, DEISE LÚCIA LOUZADA VIANNA do cargo em comissão de Chefe de Centro Social, símbolo DAI-6, do Centro Social Manguinhos, do Pólo de Articulação Regional II, da Diretoria de Promoção Social da Região Metropolitana, da Fundação Leão XIII, da",https://www.ioerj.com.br/portal/modules/conteudoonline/mostra_edicao.php?session=VDBSVk1VNXFVVEZPVkVWMFQwVmFSRTFETURCTlJHTXhURlZGTVZGNlFYUlNhMDE1VW1wYVEwOUZXVE5TVkdzeVRWUmpNMDlVUVRKT1JFMDBUa0U5UFE9PQ==,D:\github\exoneracoes_nomeacoes_dou\LAKE\RJ\2012\11\DOERJ_PARTE_I_PODER_EXECUTIVO_2012-11-06.md
RJ,Diario Oficial do Estado do Rio de Janeiro,2012-11-06,Parte I (Poder Executivo),nomeacao,DULCINEIA BENEDITA FRANCISCO DOS SANTOS,,,Secretario,5,Wilson Jose Witzel - Governador,Wilson Jose Witzel,Executivo estadual,sim,Dulcineia Benedita Francisco Dos Santos:PER,sim,,da Fundação Leão XIII,"NOMEAR DULCINEIA BENEDITA FRANCISCO DOS SANTOS para exercer, com validade a contar de 28 de agosto de 2012, o cargo em comissão de Chefe de Centro Social, símbolo DAI-6, do Centro Social Manguinhos, do Pólo de Articulação Regional II, da Diretoria de Promoção Social da Região Metropolitana, da Fundação Leão XIII, da",https://www.ioerj.com.br/portal/modules/conteudoonline/mostra_edicao.php?session=VDBSVk1VNXFVVEZPVkVWMFQwVmFSRTFETURCTlJHTXhURlZGTVZGNlFYUlNhMDE1VW1wYVEwOUZXVE5TVkdzeVRWUmpNMDlVUVRKT1JFMDBUa0U5UFE9PQ==,D:\github\exoneracoes_nomeacoes_dou\LAKE\RJ\2012\11\DOERJ_PARTE_I_PODER_EXECUTIVO_2012-11-06.md
RJ,Diario Oficial do Estado do Rio de Janeiro,2012-11-06,Parte I (Poder Executivo),exoneracao,ALEX LIMA MENDES,,,Secretario,5,Wilson Jose Witzel - Governador,Wilson Jose Witzel,Executivo estadual,sim,ALEX LIMA MENDES:MISC|Alex Lima Mendes:PER,sim,do cargo em comissão de Chefe de Serviço,da Fundação Leão XIII,"EXONERAR com validade a contar de 01 de novembro de 2012, ALEX LIMA MENDES do cargo em comissão de Chefe de Serviço, símbolo DAI-6, do Serviço de Portaria e Vigilância, da Divisão de Manutenção e Suprimentos, do Centro de Recuperação Social de Fonseca, da Diretoria de Assistência Especializada, da Fundação Leão XIII, da",https://www.ioerj.com.br/portal/modules/conteudoonline/mostra_edicao.php?session=VDBSVk1VNXFVVEZPVkVWMFQwVmFSRTFETURCTlJHTXhURlZGTVZGNlFYUlNhMDE1VW1wYVEwOUZXVE5TVkdzeVRWUmpNMDlVUVRKT1JFMDBUa0U5UFE9PQ==,D:\github\exoneracoes_nomeacoes_dou\LAKE\RJ\2012\11\DOERJ_PARTE_I_PODER_EXECUTIVO_2012-11-06.md
RJ,Diario Oficial do Estado do Rio de Janeiro,2012-11-06,Parte I (Poder Executivo),nomeacao,DIEGO VIEIRA DE OLIVEIRA,,,Secretario,5,Wilson Jose Witzel - Governador,Wilson Jose Witzel,Executivo estadual,sim,DIEGO VIEIRA DE OLIVEIRA:MISC|Diego Vieira:PER,sim,para exercer o cargo em comissão de Chefe de Núcleo,da Fundação Leão XIII,"NOMEAR DIEGO VIEIRA DE OLIVEIRA para exercer o cargo em comissão de Chefe de Núcleo, símbolo DAI-5, do Núcleo de Atendimento ao Cidadão de Petrópolis, do Pólo de Articulação Regional Serrana I, da Diretoria de Promoção Social do Interior, da Fundação Leão XIII, da",https://www.ioerj.com.br/portal/modules/conteudoonline/mostra_edicao.php?session=VDBSVk1VNXFVVEZPVkVWMFQwVmFSRTFETURCTlJHTXhURlZGTVZGNlFYUlNhMDE1VW1wYVEwOUZXVE5TVkdzeVRWUmpNMDlVUVRKT1JFMDBUa0U5UFE9PQ==,D:\github\exoneracoes_nomeacoes_dou\LAKE\RJ\2012\11\DOERJ_PARTE_I_PODER_EXECUTIVO_2012-11-06.md
RJ,Diario Oficial do Estado do Rio de Janeiro,2012-11-05,Parte I (Poder Executivo),nomeacao,RICARDO ALVES DE OLIVEIRA,,,Secretario,5,Wilson Jose Witzel - Governador,Wilson Jose Witzel,Executivo estadual,sim,RICARDO ALVES DE OLIVEIRA:PER,sim,para exercer o cargo em comissão de Chefe de Gabinete,,"NOMEAR RICARDO ALVES DE OLIVEIRA para exercer o cargo em comissão de Chefe de Gabinete, símbolo CG, da",https://www.ioerj.com.br/portal/modules/conteudoonline/mostra_edicao.php?session=VFVSR1IwMUVTa0pQVlUxMFRrUlJORTFwTURCT1JGSkZURlJyTkZGcVFYUk9lbEpGVWxWSmVVNTZUVFZQVlZrMFRWUmpNMDlVUVRKT1JGVXpUVkU5UFE9PQ==,D:\github\exoneracoes_nomeacoes_dou\LAKE\RJ\2012\11\DOERJ_PARTE_I_PODER_EXECUTIVO_2012-11-05.md
RJ,Diario Oficial do Estado do Rio de Janeiro,2012-11-05,Parte I (Poder Executivo),exoneracao,ADILSON PINTO GIL,,,Secretario,5,Wilson Jose Witzel - Governador,Wilson Jose Witzel,Executivo estadual,sim,ADILSON PINTO GIL:PER,sim,do cargo em comissão de Gerente,do Instituto Estadual do Ambiente - INEA,"EXONERAR ADILSON PINTO GIL do cargo em comissão de Gerente, símbolo DAS-7, da Gerência de Normatização, da Coordenadoria Técnica e Planejamento Estratégico, da Presidência, do Instituto Estadual do Ambiente - INEA, da",https://www.ioerj.com.br/portal/modules/conteudoonline/mostra_edicao.php?session=VFVSR1IwMUVTa0pQVlUxMFRrUlJORTFwTURCT1JGSkZURlJyTkZGcVFYUk9lbEpGVWxWSmVVNTZUVFZQVlZrMFRWUmpNMDlVUVRKT1JGVXpUVkU5UFE9PQ==,D:\github\exoneracoes_nomeacoes_dou\LAKE\RJ\2012\11\DOERJ_PARTE_I_PODER_EXECUTIVO_2012-11-05.md
RJ,Diario Oficial do Estado do Rio de Janeiro,2012-11-05,Parte I (Poder Executivo),exoneracao,FATIMA DE FREITAS LOPES SOARES,,,Secretario,5,Wilson Jose Witzel - Governador,Wilson Jose Witzel,Executivo estadual,sim,FATIMA:ORG|Fatima De Freitas Lopes Soares:PER,sim,do cargo em comissão de Gerente,do Instituto Estadual do Ambiente -INEA,"EXONERAR FATIMA DE FREITAS LOPES SOARES do cargo em comissão de Gerente, símbolo DAS-7, da Gerência de Avaliação de Qualidade das Águas, da Diretoria de Informação e Monitoramento Ambiental, do Instituto Estadual do Ambiente -INEA, da",https://www.ioerj.com.br/portal/modules/conteudoonline/mostra_edicao.php?session=VFVSR1IwMUVTa0pQVlUxMFRrUlJORTFwTURCT1JGSkZURlJyTkZGcVFYUk9lbEpGVWxWSmVVNTZUVFZQVlZrMFRWUmpNMDlVUVRKT1JGVXpUVkU5UFE9PQ==,D:\github\exoneracoes_nomeacoes_dou\LAKE\RJ\2012\11\DOERJ_PARTE_I_PODER_EXECUTIVO_2012-11-05.md
RJ,Diario Oficial do Estado do Rio de Janeiro,2012-11-05,Parte I (Poder Executivo),exoneracao,VÂNIA CRISTINA ALONSO CARDOSO,,,Secretario,5,Wilson Jose Witzel - Governador,Wilson Jose Witzel,Executivo estadual,sim,CRISTINA ALONSO CARDOSO:MISC|Vânia Cristina Alonso Cardoso:PER,sim,do cargo em comissão de Chefe de Serviço,do Instituto Estadual do Ambiente -INEA,"EXONERAR VÂNIA CRISTINA ALONSO CARDOSO do cargo em comissão de Chefe de Serviço, símbolo DAI-6, do Serviço de Operações em Emergências Ambientais, da Diretoria de Informação e Monitoramento Ambiental, do Instituto Estadual do Ambiente -INEA, da",https://www.ioerj.com.br/portal/modules/conteudoonline/mostra_edicao.php?session=VFVSR1IwMUVTa0pQVlUxMFRrUlJORTFwTURCT1JGSkZURlJyTkZGcVFYUk9lbEpGVWxWSmVVNTZUVFZQVlZrMFRWUmpNMDlVUVRKT1JGVXpUVkU5UFE9PQ==,D:\github\exoneracoes_nomeacoes_dou\LAKE\RJ\2012\11\DOERJ_PARTE_I_PODER_EXECUTIVO_2012-11-05.md
RJ,Diario Oficial do Estado do Rio de Janeiro,2012-11-05,Parte I (Poder Executivo),exoneracao,MARCIO NEVES,,,Secretario,5,Wilson Jose Witzel - Governador,Wilson Jose Witzel,Executivo estadual,sim,MARCIO NEVES:ORG|Marcio Neves:PER,sim,do cargo em comissão de Coordenador,do Instituto Estadual do Ambiente - INEA,"EXONERAR MARCIO NEVES DO VALLE , matrícula nº 390182-4, do cargo em comissão de Coordenador, símbolo DAS-8, da Coordenadoria Geral de Fiscalização, da Vice-Presidência, do Instituto Estadual do Ambiente - INEA, da",https://www.ioerj.com.br/portal/modules/conteudoonline/mostra_edicao.php?session=VFVSR1IwMUVTa0pQVlUxMFRrUlJORTFwTURCT1JGSkZURlJyTkZGcVFYUk9lbEpGVWxWSmVVNTZUVFZQVlZrMFRWUmpNMDlVUVRKT1JGVXpUVkU5UFE9PQ==,D:\github\exoneracoes_nomeacoes_dou\LAKE\RJ\2012\11\DOERJ_PARTE_I_PODER_EXECUTIVO_2012-11-05.md
RJ,Diario Oficial do Estado do Rio de Janeiro,2012-11-05,Parte I (Poder Executivo),exoneracao,LUCIO HERON PEREIRA,,,Secretario,5,Wilson Jose Witzel - Governador,Wilson Jose Witzel,Executivo estadual,sim,Lucio Heron Pereira:PER,sim,do cargo em comissão de Chefe de Serviço,do Instituto Estadual do Ambiente - INEA,"EXONERAR LUCIO HERON PEREIRA DA COSTA , matrícula nº 390562-7, do cargo em comissão de Chefe de Serviço, símbolo DAI-6, do Serviço de Hortos Florestais, da Gerência de Serviço Florestal, da Diretoria de Biodiversidade e Áreas Protegidas, do Instituto Estadual do Ambiente - INEA, da",https://www.ioerj.com.br/portal/modules/conteudoonline/mostra_edicao.php?session=VFVSR1IwMUVTa0pQVlUxMFRrUlJORTFwTURCT1JGSkZURlJyTkZGcVFYUk9lbEpGVWxWSmVVNTZUVFZQVlZrMFRWUmpNMDlVUVRKT1JGVXpUVkU5UFE9PQ==,D:\github\exoneracoes_nomeacoes_dou\LAKE\RJ\2012\11\DOERJ_PARTE_I_PODER_EXECUTIVO_2012-11-05.md
RJ,Diario Oficial do Estado do Rio de Janeiro,2012-11-05,Parte I (Poder Executivo),exoneracao,JEAN MORAES ROCHA,,,Secretario,5,Wilson Jose Witzel - Governador,Wilson Jose Witzel,Executivo estadual,sim,JEAN:MISC|ROCHA:MISC|Jean Moraes Rocha:PER,sim,do cargo em comissão de Chefe de Serviço,do Instituto Estadual do Ambiente -INEA,"EXONERAR JEAN MORAES ROCHA do cargo em comissão de Chefe de Serviço, símbolo DAI-6, do Serviço do Banco de Sementes Florestais, da Gerência de Serviço Florestal, da Diretoria de Biodiversidade e Áreas Protegidas, do Instituto Estadual do Ambiente -INEA, da",https://www.ioerj.com.br/portal/modules/conteudoonline/mostra_edicao.php?session=VFVSR1IwMUVTa0pQVlUxMFRrUlJORTFwTURCT1JGSkZURlJyTkZGcVFYUk9lbEpGVWxWSmVVNTZUVFZQVlZrMFRWUmpNMDlVUVRKT1JGVXpUVkU5UFE9PQ==,D:\github\exoneracoes_nomeacoes_dou\LAKE\RJ\2012\11\DOERJ_PARTE_I_PODER_EXECUTIVO_2012-11-05.md
RJ,Diario Oficial do Estado do Rio de Janeiro,2012-11-05,Parte I (Poder Executivo),nomeacao,VÂNIA CRISTINA ALONSO CARDOSO,,,Secretario,5,Wilson Jose Witzel - Governador,Wilson Jose Witzel,Executivo estadual,sim,CRISTINA ALONSO CARDOSO:MISC|Vânia Cristina Alonso Cardoso:PER,sim,para exercer o cargo em comissão de Chefe de Serviço,do Instituto Estadual do Ambiente - INEA,"NOMEAR VÂNIA CRISTINA ALONSO CARDOSO para exercer o cargo em comissão de Chefe de Serviço, símbolo DAI-6, do Serviço de Operações em Emergências Ambientais, da Diretoria de Informação, Monitoramento e Fiscalização, do Instituto Estadual do Ambiente - INEA, da",https://www.ioerj.com.br/portal/modules/conteudoonline/mostra_edicao.php?session=VFVSR1IwMUVTa0pQVlUxMFRrUlJORTFwTURCT1JGSkZURlJyTkZGcVFYUk9lbEpGVWxWSmVVNTZUVFZQVlZrMFRWUmpNMDlVUVRKT1JGVXpUVkU5UFE9PQ==,D:\github\exoneracoes_nomeacoes_dou\LAKE\RJ\2012\11\DOERJ_PARTE_I_PODER_EXECUTIVO_2012-11-05.md
RJ,Diario Oficial do Estado do Rio de Janeiro,2012-11-05,Parte I (Poder Executivo),nomeacao,LUCIO HERON PEREIRA,,,Secretario,5,Wilson Jose Witzel - Governador,Wilson Jose Witzel,Executivo estadual,sim,Lucio Heron Pereira:PER,sim,para exercer o cargo em comissão de Chefe de Serviço,do Instituto Estadual do Ambiente -INEA,"NOMEAR LUCIO HERON PEREIRA DA COSTA , matrícula nº 390562-7, para exercer o cargo em comissão de Chefe de Serviço, símbolo DAI-6, do Serviço de Sementes e Mudas Florestais, da Gerência de Serviço Florestais, da Diretoria de Biodiversidade e Áreas Protegidas, do Instituto Estadual do Ambiente -INEA, da",https://www.ioerj.com.br/portal/modules/conteudoonline/mostra_edicao.php?session=VFVSR1IwMUVTa0pQVlUxMFRrUlJORTFwTURCT1JGSkZURlJyTkZGcVFYUk9lbEpGVWxWSmVVNTZUVFZQVlZrMFRWUmpNMDlVUVRKT1JGVXpUVkU5UFE9PQ==,D:\github\exoneracoes_nomeacoes_dou\LAKE\RJ\2012\11\DOERJ_PARTE_I_PODER_EXECUTIVO_2012-11-05.md
RJ,Diario Oficial do Estado do Rio de Janeiro,2012-11-05,Parte I (Poder Executivo),exoneracao,ROSANGELA NUNES DA COSTA CARGO EM COMISSÃO DE ASSESSOR,,,Secretario,5,Wilson Jose Witzel - Governador,Wilson Jose Witzel,Executivo estadual,sim,ROSANGELA NUNES:MISC|COSTA CARGO:MISC|Rosangela Nunes Da Costa Cargo:PER,sim,,,"EXONERAR 2012, ROSANGELA NUNES DA COSTA cargo em comissão de Assessor, símbolo DAS-8, da",https://www.ioerj.com.br/portal/modules/conteudoonline/mostra_edicao.php?session=VFVSR1IwMUVTa0pQVlUxMFRrUlJORTFwTURCT1JGSkZURlJyTkZGcVFYUk9lbEpGVWxWSmVVNTZUVFZQVlZrMFRWUmpNMDlVUVRKT1JGVXpUVkU5UFE9PQ==,D:\github\exoneracoes_nomeacoes_dou\LAKE\RJ\2012\11\DOERJ_PARTE_I_PODER_EXECUTIVO_2012-11-05.md
RJ,Diario Oficial do Estado do Rio de Janeiro,2012-11-01,Parte I (Poder Executivo),exoneracao,MILENE CANTALICE SALOMÃO,,,Secretario,5,Wilson Jose Witzel - Governador,Wilson Jose Witzel,Executivo estadual,sim,CANTALICE SALOMÃO:MISC|Milene Cantalice Salomão:PER,sim,do cargo em comissão de Secretário II,,"EXONERAR a pedido e com validade a contar de 26 de outubro de 2012, MILENE CANTALICE SALOMÃO, ID. Funcional nº 4277763-1, do cargo em comissão de Secretário II, símbolo DAI-5, da Representação Geral da Fazenda, da",https://www.ioerj.com.br/portal/modules/conteudoonline/mostra_edicao.php?session=VDFWR1JFMUViRVZPUlVWMFRVVlJNVTVUTURCUmFsbDRURlZKTWs1RlZYUk9hbFY2VGpCTk1FNUVaRWROUlZwRFRWUmpNMDlVUVRKT1JHdDVUbEU5UFE9PQ==,D:\github\exoneracoes_nomeacoes_dou\LAKE\RJ\2012\11\DOERJ_PARTE_I_PODER_EXECUTIVO_2012-11-01.md
RJ,Diario Oficial do Estado do Rio de Janeiro,2012-11-01,Parte I (Poder Executivo),nomeacao,JANAÍNA SALVADOR DE MELO,,,Secretario,5,Wilson Jose Witzel - Governador,Wilson Jose Witzel,Executivo estadual,sim,JANAÍNA:LOC|MELO:LOC|Janaína Salvador De Melo:PER,sim,,,"NOMEAR JANAÍNA SALVADOR DE MELO para exercer, com validade a contar de 01 de novembro de 2012, o cargo em comissão de Assistente I, símbolo DAS-6, da",https://www.ioerj.com.br/portal/modules/conteudoonline/mostra_edicao.php?session=VDFWR1JFMUViRVZPUlVWMFRVVlJNVTVUTURCUmFsbDRURlZKTWs1RlZYUk9hbFY2VGpCTk1FNUVaRWROUlZwRFRWUmpNMDlVUVRKT1JHdDVUbEU5UFE9PQ==,D:\github\exoneracoes_nomeacoes_dou\LAKE\RJ\2012\11\DOERJ_PARTE_I_PODER_EXECUTIVO_2012-11-01.md
RJ,Diario Oficial do Estado do Rio de Janeiro,2012-11-01,Parte I (Poder Executivo),nomeacao,FERNANDO DA SILVA SOARES,,,Secretario,5,Wilson Jose Witzel - Governador,Wilson Jose Witzel,Executivo estadual,sim,FERNANDO DA SILVA SOARES:PER,sim,para exercer o cargo em comissão de Assessor,,"NOMEAR FERNANDO DA SILVA SOARES para exercer o cargo em comissão de Assessor, símbolo DAS-7, da",https://www.ioerj.com.br/portal/modules/conteudoonline/mostra_edicao.php?session=VDFWR1JFMUViRVZPUlVWMFRVVlJNVTVUTURCUmFsbDRURlZKTWs1RlZYUk9hbFY2VGpCTk1FNUVaRWROUlZwRFRWUmpNMDlVUVRKT1JHdDVUbEU5UFE9PQ==,D:\github\exoneracoes_nomeacoes_dou\LAKE\RJ\2012\11\DOERJ_PARTE_I_PODER_EXECUTIVO_2012-11-01.md
RJ,Diario Oficial do Estado do Rio de Janeiro,2012-11-01,Parte I (Poder Executivo),nomeacao,ROSANGELA DE SOUZA TEÓFILO,,,Secretario,5,Wilson Jose Witzel - Governador,Wilson Jose Witzel,Executivo estadual,sim,SOUZA:LOC|TEÓFILO:ORG|Rosangela De Souza Teófilo:PER,sim,para exercer o cargo em comissão de Assessor,,"NOMEAR ROSANGELA DE SOUZA TEÓFILO para exercer o cargo em comissão de Assessor, símbolo DAS-7, da",https://www.ioerj.com.br/portal/modules/conteudoonline/mostra_edicao.php?session=VDFWR1JFMUViRVZPUlVWMFRVVlJNVTVUTURCUmFsbDRURlZKTWs1RlZYUk9hbFY2VGpCTk1FNUVaRWROUlZwRFRWUmpNMDlVUVRKT1JHdDVUbEU5UFE9PQ==,D:\github\exoneracoes_nomeacoes_dou\LAKE\RJ\2012\11\DOERJ_PARTE_I_PODER_EXECUTIVO_2012-11-01.md
RJ,Diario Oficial do Estado do Rio de Janeiro,2012-11-01,Parte I (Poder Executivo),exoneracao,IZAAC NEWTON MOTTA DE MELLO,,,Secretario,5,Wilson Jose Witzel - Governador,Wilson Jose Witzel,Executivo estadual,sim,IZAAC NEWTON MOTTA:MISC|Izaac:LOC|Newton Motta De Mello:PER,sim,do cargo em comissão de Auxiliar I,,"EXONERAR com validade a contar de 01 de novembro de 2012, IZAAC NEWTON MOTTA DE MELLO do cargo em comissão de Auxiliar I, símbolo DAI-4, da",https://www.ioerj.com.br/portal/modules/conteudoonline/mostra_edicao.php?session=VDFWR1JFMUViRVZPUlVWMFRVVlJNVTVUTURCUmFsbDRURlZKTWs1RlZYUk9hbFY2VGpCTk1FNUVaRWROUlZwRFRWUmpNMDlVUVRKT1JHdDVUbEU5UFE9PQ==,D:\github\exoneracoes_nomeacoes_dou\LAKE\RJ\2012\11\DOERJ_PARTE_I_PODER_EXECUTIVO_2012-11-01.md
RJ,Diario Oficial do Estado do Rio de Janeiro,2012-11-01,Parte I (Poder Executivo),nomeacao,LEONARDO RAPOSO SODRÉ,,,Secretario,5,Wilson Jose Witzel - Governador,Wilson Jose Witzel,Executivo estadual,sim,LEONARDO RAPOSO SODRÉ:MISC|Leonardo Raposo Sodré:PER,sim,,,"NOMEAR LEONARDO RAPOSO SODRÉ para exercer, com validade a contar de 01 de novembro de 2012, o cargo em comissão de Auxiliar I, símbolo DAI-4, da",https://www.ioerj.com.br/portal/modules/conteudoonline/mostra_edicao.php?session=VDFWR1JFMUViRVZPUlVWMFRVVlJNVTVUTURCUmFsbDRURlZKTWs1RlZYUk9hbFY2VGpCTk1FNUVaRWROUlZwRFRWUmpNMDlVUVRKT1JHdDVUbEU5UFE9PQ==,D:\github\exoneracoes_nomeacoes_dou\LAKE\RJ\2012\11\DOERJ_PARTE_I_PODER_EXECUTIVO_2012-11-01.md
RJ,Diario Oficial do Estado do Rio de Janeiro,2012-11-01,Parte I (Poder Executivo),exoneracao,FRANCISCO LUIZ SOARES SODRÉ,,,Secretario,5,Wilson Jose Witzel - Governador,Wilson Jose Witzel,Executivo estadual,sim,FRANCISCO LUIZ SOARES SODRÉ:PER,sim,do cargo em comissão de Auxiliar I,,"EXONERAR com validade a contar de 01 de novembro de 2012, FRANCISCO LUIZ SOARES SODRÉ do cargo em comissão de Auxiliar I, símbolo DAI-4, da",https://www.ioerj.com.br/portal/modules/conteudoonline/mostra_edicao.php?session=VDFWR1JFMUViRVZPUlVWMFRVVlJNVTVUTURCUmFsbDRURlZKTWs1RlZYUk9hbFY2VGpCTk1FNUVaRWROUlZwRFRWUmpNMDlVUVRKT1JHdDVUbEU5UFE9PQ==,D:\github\exoneracoes_nomeacoes_dou\LAKE\RJ\2012\11\DOERJ_PARTE_I_PODER_EXECUTIVO_2012-11-01.md
RJ,Diario Oficial do Estado do Rio de Janeiro,2012-10-31,Parte I (Poder Executivo),exoneracao,LUCAS ALBERTO GOMES DE MELLO DA SILVA,,,Governador,1,Wilson Jose Witzel - Governador,Wilson Jose Witzel,Executivo estadual,sim,LUCAS:MISC|Lucas Alberto Gomes De Mello Da Silva:PER,sim,do cargo efetivo de Assistente Técnico de Trânsito,do Departamento de Trânsito do Estado do Rio de Janeiro -DETRAN/RJ,"EXONERAR a pedido, LUCAS ALBERTO GOMES DE MELLO DA SILVA, matrícula nº 24/003.560-0, do cargo efetivo de Assistente Técnico de Trânsito, do Departamento de Trânsito do Estado do Rio de Janeiro -DETRAN/RJ, da",https://www.ioerj.com.br/portal/modules/conteudoonline/mostra_edicao.php?session=VFhwR1JWSkVRWHBSVlVWMFVtdE5NMDFwTURCTk1Fa3pURlZGTkU0d1VYUlNha1Y1VDBSQk1rOVVXWGhTVkZaRVRWUmpNMDlVUVRKT1ZFbDVUa0U5UFE9PQ==,D:\github\exoneracoes_nomeacoes_dou\LAKE\RJ\2012\10\DOERJ_PARTE_I_PODER_EXECUTIVO_2012-10-31.md
RJ,Diario Oficial do Estado do Rio de Janeiro,2012-10-31,Parte I (Poder Executivo),nomeacao,JORZÉIA DE SOUZA AMORIM SILVA,,,Governador,1,Wilson Jose Witzel - Governador,Wilson Jose Witzel,Executivo estadual,sim,JORZÉIA DE:LOC|Jorzéia De Souza Amorim Silva:PER,sim,para exercer o cargo em comissão de Assessor,da Subsecretaria de Gestão de Pessoas,"NOMEAR JORZÉIA DE SOUZA AMORIM SILVA para exercer o cargo em comissão de Assessor, símbolo DAS-7, da Subsecretaria de Gestão de Pessoas, da",https://www.ioerj.com.br/portal/modules/conteudoonline/mostra_edicao.php?session=VFhwR1JWSkVRWHBSVlVWMFVtdE5NMDFwTURCTk1Fa3pURlZGTkU0d1VYUlNha1Y1VDBSQk1rOVVXWGhTVkZaRVRWUmpNMDlVUVRKT1ZFbDVUa0U5UFE9PQ==,D:\github\exoneracoes_nomeacoes_dou\LAKE\RJ\2012\10\DOERJ_PARTE_I_PODER_EXECUTIVO_2012-10-31.md
RJ,Diario Oficial do Estado do Rio de Janeiro,2012-10-31,Parte I (Poder Executivo),exoneracao,GIANCARLO CORDEIRO,,,Governador,1,Wilson Jose Witzel - Governador,Wilson Jose Witzel,Executivo estadual,sim,CORDEIRO:MISC|Giancarlo Cordeiro:PER,sim,do cargo em comissão de Coordenador Acadêmico,da Fundação Centro Universitário Estadual da Zona Oeste - UEZO,"EXONERAR a pedido e com validade a contar de 20 de outubro de 2012, GIANCARLO CORDEIRO DA COSTA , matrícula nº 500005-4, do cargo em comissão de Coordenador Acadêmico, símbolo UEZO-5, da Fundação Centro Universitário Estadual da Zona Oeste - UEZO, da",https://www.ioerj.com.br/portal/modules/conteudoonline/mostra_edicao.php?session=VFhwR1JWSkVRWHBSVlVWMFVtdE5NMDFwTURCTk1Fa3pURlZGTkU0d1VYUlNha1Y1VDBSQk1rOVVXWGhTVkZaRVRWUmpNMDlVUVRKT1ZFbDVUa0U5UFE9PQ==,D:\github\exoneracoes_nomeacoes_dou\LAKE\RJ\2012\10\DOERJ_PARTE_I_PODER_EXECUTIVO_2012-10-31.md
RJ,Diario Oficial do Estado do Rio de Janeiro,2012-10-30,Parte I (Poder Executivo),exoneracao,EURICO JORGE BASTOS,2427275-2,,Governador,1,Wilson Jose Witzel - Governador,Wilson Jose Witzel,Executivo estadual,sim,EURICO JORGE BASTOS:PER,sim,do cargo em comissão de Superintendente,da Superintendência de Informática,"EXONERAR com validade a contar de 24 de outubro de 2012, EURICO JORGE BASTOS DA SILVA , ID Funcional nº 2427275-2, do cargo em comissão de Superintendente, símbolo DG, da Superintendência de Informática, da Subsecretaria Adjunta de Infraestrutura, da",https://www.ioerj.com.br/portal/modules/conteudoonline/mostra_edicao.php?session=VFhwTk1FNXJTVEpPUkdkMFQxUlpORTVwTURCUlZHeEdURlZGZWxGcWEzUlNhbXMxVDBWVmVWRjZVWHBSTUVaRFRWUmpNMDlVUVRKT1ZGbDVUMUU5UFE9PQ==,D:\github\exoneracoes_nomeacoes_dou\LAKE\RJ\2012\10\DOERJ_PARTE_I_PODER_EXECUTIVO_2012-10-30.md
RJ,Diario Oficial do Estado do Rio de Janeiro,2012-10-30,Parte I (Poder Executivo),exoneracao,RAQUEL GUIMARÃES,,,Governador,1,Wilson Jose Witzel - Governador,Wilson Jose Witzel,Executivo estadual,sim,RAQUEL GUIMARÃES:MISC|Raquel Guimarães:PER,sim,do cargo em comissão de Diretor Geral,do Departamento Geral de Administração e Finanças,"EXONERAR com validade a contar de 22 de outubro de 2012, RAQUEL GUIMARÃES DA SILVA , matrícula nº 0970621-9, do cargo em comissão de Diretor Geral, símbolo DG, do Departamento Geral de Administração e Finanças, da",https://www.ioerj.com.br/portal/modules/conteudoonline/mostra_edicao.php?session=VFhwTk1FNXJTVEpPUkdkMFQxUlpORTVwTURCUlZHeEdURlZGZWxGcWEzUlNhbXMxVDBWVmVWRjZVWHBSTUVaRFRWUmpNMDlVUVRKT1ZGbDVUMUU5UFE9PQ==,D:\github\exoneracoes_nomeacoes_dou\LAKE\RJ\2012\10\DOERJ_PARTE_I_PODER_EXECUTIVO_2012-10-30.md
RJ,Diario Oficial do Estado do Rio de Janeiro,2012-10-30,Parte I (Poder Executivo),nomeacao,CARLOS ALBERTO FRANCISCO,,,Governador,1,Wilson Jose Witzel - Governador,Wilson Jose Witzel,Executivo estadual,sim,CARLOS ALBERTO FRANCISCO:PER,sim,,do Departamento Geral de Administração e Finanças,"NOMEAR CARLOS ALBERTO FRANCISCO para exercer, com validade a contar de 22 de outubro de 2012, o cargo em comissão de Diretor Geral, símbolo DG, do Departamento Geral de Administração e Finanças, da",https://www.ioerj.com.br/portal/modules/conteudoonline/mostra_edicao.php?session=VFhwTk1FNXJTVEpPUkdkMFQxUlpORTVwTURCUlZHeEdURlZGZWxGcWEzUlNhbXMxVDBWVmVWRjZVWHBSTUVaRFRWUmpNMDlVUVRKT1ZGbDVUMUU5UFE9PQ==,D:\github\exoneracoes_nomeacoes_dou\LAKE\RJ\2012\10\DOERJ_PARTE_I_PODER_EXECUTIVO_2012-10-30.md
RJ,Diario Oficial do Estado do Rio de Janeiro,2012-10-30,Parte I (Poder Executivo),nomeacao,MARCELLO SILVA,611511-0,,Secretario,5,Wilson Jose Witzel - Governador,Wilson Jose Witzel,Executivo estadual,sim,MARCELLO:MISC|Marcello Silva:PER,sim,para exercer o cargo em comissão de Assessor,,"NOMEAR MARCELLO SILVA DA COSTA , Tenente-Coronel BM, ID Funcional nº 611511-0, para exercer o cargo em comissão de Assessor, símbolo DAS-7, da",https://www.ioerj.com.br/portal/modules/conteudoonline/mostra_edicao.php?session=VFhwTk1FNXJTVEpPUkdkMFQxUlpORTVwTURCUlZHeEdURlZGZWxGcWEzUlNhbXMxVDBWVmVWRjZVWHBSTUVaRFRWUmpNMDlVUVRKT1ZGbDVUMUU5UFE9PQ==,D:\github\exoneracoes_nomeacoes_dou\LAKE\RJ\2012\10\DOERJ_PARTE_I_PODER_EXECUTIVO_2012-10-30.md
RJ,Diario Oficial do Estado do Rio de Janeiro,2012-10-30,Parte I (Poder Executivo),nomeacao,MAJOR BM,2663895-9,,Secretario,5,Wilson Jose Witzel - Governador,Wilson Jose Witzel,Executivo estadual,sim,MAJOR BM:LOC|Major Bm:PER,sim,para exercer o cargo em comissão de Diretor II,,"NOMEAR ERICK CESAR MERCES , Major BM, ID Funcional nº 2663895-9, para exercer o cargo em comissão de Diretor II, símbolo DAS-6, da 2ª Policlínica -Nova Iguaçu, da Diretoria-Geral de Saúde, do Subcomando-Geral do CBMERJ, do Corpo de Bombeiros Militar do Estado do Rio de Janeiro - CBMERJ, da",https://www.ioerj.com.br/portal/modules/conteudoonline/mostra_edicao.php?session=VFhwTk1FNXJTVEpPUkdkMFQxUlpORTVwTURCUlZHeEdURlZGZWxGcWEzUlNhbXMxVDBWVmVWRjZVWHBSTUVaRFRWUmpNMDlVUVRKT1ZGbDVUMUU5UFE9PQ==,D:\github\exoneracoes_nomeacoes_dou\LAKE\RJ\2012\10\DOERJ_PARTE_I_PODER_EXECUTIVO_2012-10-30.md
RJ,Diario Oficial do Estado do Rio de Janeiro,2012-10-30,Parte I (Poder Executivo),exoneracao,MAJOR BM,2645216-2,,Secretario,5,Wilson Jose Witzel - Governador,Wilson Jose Witzel,Executivo estadual,sim,MAJOR BM:LOC|Major Bm:PER,sim,do cargo em comissão de Assistente II,,"EXONERAR JOÃO CLÁUDIO CALDEIRA DE ARAÚJO LIMA RANGE L, Major BM, ID Funcional nº 2645216-2, do cargo em comissão de Assistente II, símbolo DAI-6, da Chefia do Estado Maior Geral do CBMERJ, do Corpo de Bombeiros Militar do Estado do Rio de Janeiro - CBMERJ, da",https://www.ioerj.com.br/portal/modules/conteudoonline/mostra_edicao.php?session=VFhwTk1FNXJTVEpPUkdkMFQxUlpORTVwTURCUlZHeEdURlZGZWxGcWEzUlNhbXMxVDBWVmVWRjZVWHBSTUVaRFRWUmpNMDlVUVRKT1ZGbDVUMUU5UFE9PQ==,D:\github\exoneracoes_nomeacoes_dou\LAKE\RJ\2012\10\DOERJ_PARTE_I_PODER_EXECUTIVO_2012-10-30.md
RJ,Diario Oficial do Estado do Rio de Janeiro,2012-10-30,Parte I (Poder Executivo),nomeacao,FABIO CHRISTIANS,612011-3,,Secretario,5,Wilson Jose Witzel - Governador,Wilson Jose Witzel,Executivo estadual,sim,FABIO CHRISTIANS:PER,sim,para exercer o cargo em comissão de Assistente II,,"NOMEAR FABIO CHRISTIANS DA COSTA , 3º Sargento BM, ID Funcional nº 612011-3, para exercer o cargo em comissão de Assistente II, símbolo DAI-6, da Chefia do Estado Maior Geral do CBMERJ, do Corpo de Bombeiros Militar do Estado do Rio de Janeiro CBMERJ, da",https://www.ioerj.com.br/portal/modules/conteudoonline/mostra_edicao.php?session=VFhwTk1FNXJTVEpPUkdkMFQxUlpORTVwTURCUlZHeEdURlZGZWxGcWEzUlNhbXMxVDBWVmVWRjZVWHBSTUVaRFRWUmpNMDlVUVRKT1ZGbDVUMUU5UFE9PQ==,D:\github\exoneracoes_nomeacoes_dou\LAKE\RJ\2012\10\DOERJ_PARTE_I_PODER_EXECUTIVO_2012-10-30.md
RJ,Diario Oficial do Estado do Rio de Janeiro,2012-10-30,Parte I (Poder Executivo),exoneracao,TENENTE-CORONEL BM,2605748-4,,Secretario,5,Wilson Jose Witzel - Governador,Wilson Jose Witzel,Executivo estadual,sim,BM:LOC|Tenente-Coronel Bm:PER,sim,do cargo em comissão de Assistente II,do Gabinete do Comando Geral,"EXONERAR CLAUDIO CESAR BANTIM DE ALENCAR , Tenente-Coronel BM, ID Funcional nº 2605748-4, do cargo em comissão de Assistente II, símbolo DAI-6, do Gabinete do Comando Geral, do Corpo de Bombeiros Militar do Estado do Rio de Janeiro - CBMERJ, da",https://www.ioerj.com.br/portal/modules/conteudoonline/mostra_edicao.php?session=VFhwTk1FNXJTVEpPUkdkMFQxUlpORTVwTURCUlZHeEdURlZGZWxGcWEzUlNhbXMxVDBWVmVWRjZVWHBSTUVaRFRWUmpNMDlVUVRKT1ZGbDVUMUU5UFE9PQ==,D:\github\exoneracoes_nomeacoes_dou\LAKE\RJ\2012\10\DOERJ_PARTE_I_PODER_EXECUTIVO_2012-10-30.md
RJ,Diario Oficial do Estado do Rio de Janeiro,2012-10-30,Parte I (Poder Executivo),nomeacao,MARIA DE NAZARETH DA FONSECA SOLINO,,,Secretario,5,Wilson Jose Witzel - Governador,Wilson Jose Witzel,Executivo estadual,sim,Maria De Nazareth Da Fonseca Solino:PER,sim,para exercer o cargo em comissão de Assistente II,do Gabinete do Comando Geral,"NOMEAR MARIA DE NAZARETH DA FONSECA SOLINO para exercer o cargo em comissão de Assistente II, símbolo DAI-6, do Gabinete do Comando Geral, do Corpo de Bombeiros Militar do Estado do Rio de Janeiro - CBMERJ, da",https://www.ioerj.com.br/portal/modules/conteudoonline/mostra_edicao.php?session=VFhwTk1FNXJTVEpPUkdkMFQxUlpORTVwTURCUlZHeEdURlZGZWxGcWEzUlNhbXMxVDBWVmVWRjZVWHBSTUVaRFRWUmpNMDlVUVRKT1ZGbDVUMUU5UFE9PQ==,D:\github\exoneracoes_nomeacoes_dou\LAKE\RJ\2012\10\DOERJ_PARTE_I_PODER_EXECUTIVO_2012-10-30.md
RJ,Diario Oficial do Estado do Rio de Janeiro,2012-10-30,Parte I (Poder Executivo),exoneracao,CAPITÃO BM,,,Secretario,5,Wilson Jose Witzel - Governador,Wilson Jose Witzel,Executivo estadual,sim,CAPITÃO BM:PER,sim,do cargo em comissão de Comandante de Destacamento,,"EXONERAR DIEGO DIDIER MACHADO , Capitão BM, ID. Funcional nº 614191-9, do cargo em comissão de Comandante de Destacamento, símbolo DAI-6, do 1º Destacamento de Bombeiro Militar (DBM 1/17 Gávea), do 17º Grupamento de Bombeiro Militar -Capacabana, do Comando de Bombeiro de Área - CBA I - Capital, do Subcomando-Geral do CBMERJ, do Corpo de Bombeiros Militar do Estado do Rio de Janeiro - CBMERJ, da",https://www.ioerj.com.br/portal/modules/conteudoonline/mostra_edicao.php?session=VFhwTk1FNXJTVEpPUkdkMFQxUlpORTVwTURCUlZHeEdURlZGZWxGcWEzUlNhbXMxVDBWVmVWRjZVWHBSTUVaRFRWUmpNMDlVUVRKT1ZGbDVUMUU5UFE9PQ==,D:\github\exoneracoes_nomeacoes_dou\LAKE\RJ\2012\10\DOERJ_PARTE_I_PODER_EXECUTIVO_2012-10-30.md
RJ,Diario Oficial do Estado do Rio de Janeiro,2012-10-30,Parte I (Poder Executivo),nomeacao,CAPITÃO BM,614224-9,,Secretario,5,Wilson Jose Witzel - Governador,Wilson Jose Witzel,Executivo estadual,sim,CAPITÃO BM:PER,sim,para exercer o cargo em comissão de Comandante de Destacamento,,"NOMEAR JOSÉ CARLOS MARIANO CONSTANTINO FILHO , Capitão BM, ID Funcional 614224-9, para exercer o cargo em comissão de Comandante de Destacamento, símbolo DAI-6, do 1º Destacamento de Bombeiro Militar (DBM 1/17 - Gávea), do 17º Grupamento de Bombeiro Militar - Capacabana, do Comando de Bombeiro de Área - CBA I - Capital, do Subcomando-Geral do CBMERJ, do Corpo de Bombeiros Militar do Estado do Rio de Janeiro - CBMERJ, da",https://www.ioerj.com.br/portal/modules/conteudoonline/mostra_edicao.php?session=VFhwTk1FNXJTVEpPUkdkMFQxUlpORTVwTURCUlZHeEdURlZGZWxGcWEzUlNhbXMxVDBWVmVWRjZVWHBSTUVaRFRWUmpNMDlVUVRKT1ZGbDVUMUU5UFE9PQ==,D:\github\exoneracoes_nomeacoes_dou\LAKE\RJ\2012\10\DOERJ_PARTE_I_PODER_EXECUTIVO_2012-10-30.md
RJ,Diario Oficial do Estado do Rio de Janeiro,2012-10-30,Parte I (Poder Executivo),nomeacao,GUILHERME LOURENÇO PEÇANHA DE AZEVEDO,4142496-4,,Secretario,5,Wilson Jose Witzel - Governador,Wilson Jose Witzel,Executivo estadual,sim,LOURENÇO PEÇANHA:PER,sim,para exercer o cargo em comissão de Comandante de Destacamento,,"NOMEAR GUILHERME LOURENÇO PEÇANHA DE AZEVE- DO, Capitão BM, ID Funcional nº 4142496-4, para exercer o cargo em comissão de Comandante de Destacamento, símbolo DAI-6, do 3º Destacamento de Bombeiro Militar (DBM 3/21 Italva), do 21º Grupamento de Bombeiro Militar -Itaperuna, do Comando de Bombeiro de Área -CBA IV Norte/Noroeste, do Subcomando-Geral do CBMERJ, do Corpo de Bombeiros Militar do Estado do Rio de Janeiro CBMERJ, da",https://www.ioerj.com.br/portal/modules/conteudoonline/mostra_edicao.php?session=VFhwTk1FNXJTVEpPUkdkMFQxUlpORTVwTURCUlZHeEdURlZGZWxGcWEzUlNhbXMxVDBWVmVWRjZVWHBSTUVaRFRWUmpNMDlVUVRKT1ZGbDVUMUU5UFE9PQ==,D:\github\exoneracoes_nomeacoes_dou\LAKE\RJ\2012\10\DOERJ_PARTE_I_PODER_EXECUTIVO_2012-10-30.md
RJ,Diario Oficial do Estado do Rio de Janeiro,2012-10-30,Parte I (Poder Executivo),exoneracao,MAJOR BM,2613763-1,,Secretario,5,Wilson Jose Witzel - Governador,Wilson Jose Witzel,Executivo estadual,sim,MAJOR BM:LOC|Major Bm:PER,sim,do cargo em comissão de Comandante de Destacamento,,"EXONERAR PEDRO FERREIRA NUNES , Major BM, ID Funcional nº 2613763-1, do cargo em comissão de Comandante de Destacamento, símbolo DAI-6, do 1º Destacamento de Bombeiro Militar (DBM 1/3- Charitas), do 3º Grupamento de Bombeiro Militar - Niterói, do Comando de Bombeiro de Área - CBA IX - Metropolitana, do Subcomando-Geral do CBMERJ, do Corpo de Bombeiros Militar do Estado do Rio de Janeiro - CBMERJ, da",https://www.ioerj.com.br/portal/modules/conteudoonline/mostra_edicao.php?session=VFhwTk1FNXJTVEpPUkdkMFQxUlpORTVwTURCUlZHeEdURlZGZWxGcWEzUlNhbXMxVDBWVmVWRjZVWHBSTUVaRFRWUmpNMDlVUVRKT1ZGbDVUMUU5UFE9PQ==,D:\github\exoneracoes_nomeacoes_dou\LAKE\RJ\2012\10\DOERJ_PARTE_I_PODER_EXECUTIVO_2012-10-30.md
RJ,Diario Oficial do Estado do Rio de Janeiro,2012-10-30,Parte I (Poder Executivo),nomeacao,CAPITÃO BM,614196-0,,Secretario,5,Wilson Jose Witzel - Governador,Wilson Jose Witzel,Executivo estadual,sim,CAPITÃO BM:PER,sim,para exercer o cargo em comissão de Comandante de Destacamento,,"NOMEAR GILVANE DOS SANTOS DIAS , Capitão BM, ID Funcional nº 614196-0, para exercer o cargo em comissão de Comandante de Destacamento, símbolo DAI-6, do 1º Destacamento de Bombeiro Militar (DBM 1/3- Charitas), do 3º Grupamento de Bombeiro Militar -Niterói, do Comando de Bombeiro de Área - CBA IX - Metropolitana, do Subcomando-Geral do CBMERJ, do Corpo de Bombeiros Militar do Estado do Rio de Janeiro - CBMERJ, da",https://www.ioerj.com.br/portal/modules/conteudoonline/mostra_edicao.php?session=VFhwTk1FNXJTVEpPUkdkMFQxUlpORTVwTURCUlZHeEdURlZGZWxGcWEzUlNhbXMxVDBWVmVWRjZVWHBSTUVaRFRWUmpNMDlVUVRKT1ZGbDVUMUU5UFE9PQ==,D:\github\exoneracoes_nomeacoes_dou\LAKE\RJ\2012\10\DOERJ_PARTE_I_PODER_EXECUTIVO_2012-10-30.md
RJ,Diario Oficial do Estado do Rio de Janeiro,2012-10-30,Parte I (Poder Executivo),nomeacao,DELEGADA DE POLÍCIA,4395306-9,,Secretario,5,Wilson Jose Witzel - Governador,Wilson Jose Witzel,Executivo estadual,sim,DELEGADA DE POLÍCIA:PER,sim,,da Superintendência de Apoio às Atividades de Inteligência,"NOMEAR ALESSANDRA LEAL BRASIL , Delegada de Polícia, ID Funcional nº 4395306-9, para exercer, com validade a contar de 22 de outubro de 2012, o cargo em comissão de Superintendente, símbolo DAS-8, da Superintendência de Apoio às Atividades de Inteligência, da Subsecretaria de Inteligência, da",https://www.ioerj.com.br/portal/modules/conteudoonline/mostra_edicao.php?session=VFhwTk1FNXJTVEpPUkdkMFQxUlpORTVwTURCUlZHeEdURlZGZWxGcWEzUlNhbXMxVDBWVmVWRjZVWHBSTUVaRFRWUmpNMDlVUVRKT1ZGbDVUMUU5UFE9PQ==,D:\github\exoneracoes_nomeacoes_dou\LAKE\RJ\2012\10\DOERJ_PARTE_I_PODER_EXECUTIVO_2012-10-30.md
RJ,Diario Oficial do Estado do Rio de Janeiro,2012-10-30,Parte I (Poder Executivo),nomeacao,LUCIANO BUENO,5000351-8,,Secretario,5,Wilson Jose Witzel - Governador,Wilson Jose Witzel,Executivo estadual,sim,LUCIANO BUENO:PER,sim,,do Gabinete do Secretário,"NOMEAR LUCIANO BUENO, ID Funcional nº 5000351-8, para exercer, com validade a contar de 01 de outubro de 2012, o cargo em comissão de Assistente II, símbolo DAI-6, do Gabinete do Secretário, da",https://www.ioerj.com.br/portal/modules/conteudoonline/mostra_edicao.php?session=VFhwTk1FNXJTVEpPUkdkMFQxUlpORTVwTURCUlZHeEdURlZGZWxGcWEzUlNhbXMxVDBWVmVWRjZVWHBSTUVaRFRWUmpNMDlVUVRKT1ZGbDVUMUU5UFE9PQ==,D:\github\exoneracoes_nomeacoes_dou\LAKE\RJ\2012\10\DOERJ_PARTE_I_PODER_EXECUTIVO_2012-10-30.md
RJ,Diario Oficial do Estado do Rio de Janeiro,2012-10-30,Parte I (Poder Executivo),nomeacao,PAULO OLIVEIRA DE ALMEIDA,,,Secretario,5,Wilson Jose Witzel - Governador,Wilson Jose Witzel,Executivo estadual,sim,PAULO OLIVEIRA DE ALMEIDA:PER,sim,para exercer o cargo em comissão de Assistente,,"NOMEAR PAULO OLIVEIRA DE ALMEIDA para exercer o cargo em comissão de Assistente, símbolo DAS-6, da",https://www.ioerj.com.br/portal/modules/conteudoonline/mostra_edicao.php?session=VFhwTk1FNXJTVEpPUkdkMFQxUlpORTVwTURCUlZHeEdURlZGZWxGcWEzUlNhbXMxVDBWVmVWRjZVWHBSTUVaRFRWUmpNMDlVUVRKT1ZGbDVUMUU5UFE9PQ==,D:\github\exoneracoes_nomeacoes_dou\LAKE\RJ\2012\10\DOERJ_PARTE_I_PODER_EXECUTIVO_2012-10-30.md
RJ,Diario Oficial do Estado do Rio de Janeiro,2012-10-30,Parte I (Poder Executivo),nomeacao,DANILO PORTO CARVALHEIRA,,,Secretario,5,Wilson Jose Witzel - Governador,Wilson Jose Witzel,Executivo estadual,sim,PORTO CARVALHEIRA:LOC|Danilo Porto Carvalheira:PER,sim,para exercer o cargo em comissão de Assistente II,,"NOMEAR DANILO PORTO CARVALHEIRA para exercer o cargo em comissão de Assistente II, símbolo DAI-6, da",https://www.ioerj.com.br/portal/modules/conteudoonline/mostra_edicao.php?session=VFhwTk1FNXJTVEpPUkdkMFQxUlpORTVwTURCUlZHeEdURlZGZWxGcWEzUlNhbXMxVDBWVmVWRjZVWHBSTUVaRFRWUmpNMDlVUVRKT1ZGbDVUMUU5UFE9PQ==,D:\github\exoneracoes_nomeacoes_dou\LAKE\RJ\2012\10\DOERJ_PARTE_I_PODER_EXECUTIVO_2012-10-30.md
RJ,Diario Oficial do Estado do Rio de Janeiro,2012-10-30,Parte I (Poder Executivo),nomeacao,HÉLIO LEMOS SUZANO JUNIOR,,,Secretario,5,Wilson Jose Witzel - Governador,Wilson Jose Witzel,Executivo estadual,sim,HÉLIO LEMOS SUZANO JUNIOR:PER,sim,para exercer o cargo em comissão de Assistente II,,"NOMEAR HÉLIO LEMOS SUZANO JUNIOR para exercer o cargo em comissão de Assistente II, símbolo DAI-6, da",https://www.ioerj.com.br/portal/modules/conteudoonline/mostra_edicao.php?session=VFhwTk1FNXJTVEpPUkdkMFQxUlpORTVwTURCUlZHeEdURlZGZWxGcWEzUlNhbXMxVDBWVmVWRjZVWHBSTUVaRFRWUmpNMDlVUVRKT1ZGbDVUMUU5UFE9PQ==,D:\github\exoneracoes_nomeacoes_dou\LAKE\RJ\2012\10\DOERJ_PARTE_I_PODER_EXECUTIVO_2012-10-30.md
RJ,Diario Oficial do Estado do Rio de Janeiro,2012-10-30,Parte I (Poder Executivo),nomeacao,ANESIO BALIANE JUNIOR,,,Secretario,5,Wilson Jose Witzel - Governador,Wilson Jose Witzel,Executivo estadual,sim,ANESIO BALIANE JUNIOR:MISC|Anesio Baliane Junior:PER,sim,para exercer o cargo em comissão de Chefe de Serviço,do Departamento de Administração e Finanças,"NOMEAR ANESIO BALIANE JUNIOR para exercer o cargo em comissão de Chefe de Serviço, símbolo DAI-6, do Serviço de Contratos, do Departamento de Administração e Finanças, da Vice-Presidência Administrativa, da Superintendência de Desportos do Estado do Rio de Janeiro - SUDERJ, da",https://www.ioerj.com.br/portal/modules/conteudoonline/mostra_edicao.php?session=VFhwTk1FNXJTVEpPUkdkMFQxUlpORTVwTURCUlZHeEdURlZGZWxGcWEzUlNhbXMxVDBWVmVWRjZVWHBSTUVaRFRWUmpNMDlVUVRKT1ZGbDVUMUU5UFE9PQ==,D:\github\exoneracoes_nomeacoes_dou\LAKE\RJ\2012\10\DOERJ_PARTE_I_PODER_EXECUTIVO_2012-10-30.md
RJ,Diario Oficial do Estado do Rio de Janeiro,2012-10-29,Parte I (Poder Executivo),nomeacao,NATHALIA NASCIMENTO REZENDE,,,Secretario,5,Wilson Jose Witzel - Governador,Wilson Jose Witzel,Executivo estadual,sim,NATHALIA NASCIMENTO:PER,sim,para exercer o cargo em comissão de Assistente II,,"NOMEAR NATHALIA NASCIMENTO REZENDE para exercer o cargo em comissão de Assistente II, símbolo DAI-6, da",https://www.ioerj.com.br/portal/modules/conteudoonline/mostra_edicao.php?session=VDBSU1FrNTZXVFZPZWsxMFQxUk9RMUZwTURCU1JGVjRURlZHUkU1clJYUlNWRVUwVFVSU1JrMTZVVEpOZW1SRlRWUmpNMDlVUVRKT2FrRXlUVkU5UFE9PQ==,D:\github\exoneracoes_nomeacoes_dou\LAKE\RJ\2012\10\DOERJ_PARTE_I_PODER_EXECUTIVO_2012-10-29.md
RJ,Diario Oficial do Estado do Rio de Janeiro,2012-10-29,DO Campos (Poder Executivo),nomeacao,MARCADA PARA SETEMBRO DE 2014. ENTIDADES GOVERNAMENTAIS,,,,,Wilson Jose Witzel - Governador,Wilson Jose Witzel,Executivo estadual,sim,MARCADA:LOC|SETEMBRO:ORG|GOVERNAMENTAIS:MISC|Marcada Para Setembro:MISC|Entidades Governamentais:PER,sim,,,"NOMEAR os membros Titulares e Suplentes, abaixo relacionados, para integrarem o Conselho Municipal de Cultura -CONCULTURA, cujo mandato será de dois anos, devendo ser renovado quando da realização da III Conferência Municipal de Cultura, marcada para setembro de 2014. ## ENTIDADES GOVERNAMENTAIS",https://www.ioerj.com.br/portal/modules/conteudoonline/mostra_edicao.php?session=VVdwc1ExSlVXWHBPUkZsMFVrUkNRMDE1TURCT2Ftc3pURlZLUmsxRlJYUlJhMWt4VDBSSk1FNTZWWGxPYW1zMFRWUmpNMDlVUVRKT2FrRXlUVkU5UFE9PQ==,D:\github\exoneracoes_nomeacoes_dou\LAKE\RJ\2012\10\DOERJ_DO_CAMPOS_PODER_EXECUTIVO_2012-10-29.md
RJ,Diario Oficial do Estado do Rio de Janeiro,2012-10-26,Parte I (Poder Executivo),exoneracao,CARLOS EDUARDO SOARES CANEJO PINHEIRO,,,Secretario,5,Wilson Jose Witzel - Governador,Wilson Jose Witzel,Executivo estadual,sim,CARLOS EDUARDO SOARES:PER,sim,do cargo em comissão de Chefe de Serviço,do Instituto Estadual do Ambiente - INEA,"EXONERAR com validade a contar de 08 de outubro de 2012, CARLOS EDUARDO SOARES CANEJO PINHEIRO DA CUNHA , matrícula nº 390800-1, do cargo em comissão de Chefe de Serviço, símbolo DAI-6, do Serviço de Análise de Atividades de Saneamento, da Gerência de Licenciamento de Saneamento e Resíduos, da Diretoria de Licenciamento Ambiental, do Instituto Estadual do Ambiente - INEA, da",https://www.ioerj.com.br/portal/modules/conteudoonline/mostra_edicao.php?session=VFVWUk5FNXJWa1JOVkd0MFRqQkpNRkZwTURCU2ExVXpURlJyZWsxcVJYUlBSVkV4VWxWWk1rMVZSa05OVkZVeFRWUmpNMDlVUVRKT2Vra3pUV2M5UFE9PQ==,D:\github\exoneracoes_nomeacoes_dou\LAKE\RJ\2012\10\DOERJ_PARTE_I_PODER_EXECUTIVO_2012-10-26.md
RJ,Diario Oficial do Estado do Rio de Janeiro,2012-10-26,Parte I (Poder Executivo),nomeacao,CARLOS EDUARDO SOARES CANEJO PINHEIRO,,,Secretario,5,Wilson Jose Witzel - Governador,Wilson Jose Witzel,Executivo estadual,sim,CARLOS EDUARDO SOARES:PER,sim,,do Instituto Estadual do Ambiente - INEA,"NOMEAR CARLOS EDUARDO SOARES CANEJO PINHEI- RO DA CUNHA , matrícula nº 390800-1, para exercer, com validade a contar de 08 de outubro de 2012, o cargo em comissão de Gerente, símbolo DAS-7, da Gerência de Licenciamento de Saneamento e Resíduos, da Diretoria de Licenciamento Ambiental, do Instituto Estadual do Ambiente - INEA, da",https://www.ioerj.com.br/portal/modules/conteudoonline/mostra_edicao.php?session=VFVWUk5FNXJWa1JOVkd0MFRqQkpNRkZwTURCU2ExVXpURlJyZWsxcVJYUlBSVkV4VWxWWk1rMVZSa05OVkZVeFRWUmpNMDlVUVRKT2Vra3pUV2M5UFE9PQ==,D:\github\exoneracoes_nomeacoes_dou\LAKE\RJ\2012\10\DOERJ_PARTE_I_PODER_EXECUTIVO_2012-10-26.md
RJ,Diario Oficial do Estado do Rio de Janeiro,2012-10-26,Parte I (Poder Executivo),nomeacao,JANAIRA REGINA DE ASSIS SOUZA,,,Secretario,5,Wilson Jose Witzel - Governador,Wilson Jose Witzel,Executivo estadual,sim,JANAIRA REGINA DE ASSIS SOUZA:MISC|Janaira Regina:PER,sim,para exercer o cargo em comissão de Assistente II,,"NOMEAR JANAIRA REGINA DE ASSIS SOUZA para exercer o cargo em comissão de Assistente II, símbolo DAI-6, da",https://www.ioerj.com.br/portal/modules/conteudoonline/mostra_edicao.php?session=VFVWUk5FNXJWa1JOVkd0MFRqQkpNRkZwTURCU2ExVXpURlJyZWsxcVJYUlBSVkV4VWxWWk1rMVZSa05OVkZVeFRWUmpNMDlVUVRKT2Vra3pUV2M5UFE9PQ==,D:\github\exoneracoes_nomeacoes_dou\LAKE\RJ\2012\10\DOERJ_PARTE_I_PODER_EXECUTIVO_2012-10-26.md
RJ,Diario Oficial do Estado do Rio de Janeiro,2012-10-26,Parte I (Poder Executivo),nomeacao,GEANE CARVALHO DE SOUZA GOMES,,,Secretario,5,Wilson Jose Witzel - Governador,Wilson Jose Witzel,Executivo estadual,sim,Geane Carvalho De Souza Gomes:PER,sim,para exercer o cargo em comissão de Assistente II,,"NOMEAR GEANE CARVALHO DE SOUZA GOMES para exercer o cargo em comissão de Assistente II, símbolo DAI-6, da",https://www.ioerj.com.br/portal/modules/conteudoonline/mostra_edicao.php?session=VFVWUk5FNXJWa1JOVkd0MFRqQkpNRkZwTURCU2ExVXpURlJyZWsxcVJYUlBSVkV4VWxWWk1rMVZSa05OVkZVeFRWUmpNMDlVUVRKT2Vra3pUV2M5UFE9PQ==,D:\github\exoneracoes_nomeacoes_dou\LAKE\RJ\2012\10\DOERJ_PARTE_I_PODER_EXECUTIVO_2012-10-26.md
RJ,Diario Oficial do Estado do Rio de Janeiro,2012-10-26,Parte I (Poder Executivo),nomeacao,LUIZ ALFREDO FIDALGO,,,Secretario,5,Wilson Jose Witzel - Governador,Wilson Jose Witzel,Executivo estadual,sim,LUIZ ALFREDO FIDALGO:PER,sim,,,"NOMEAR na condição sub judice e em caráter provisório , LUIZ ALFREDO FIDALGO DA SILVA , a contar de 19 de janeiro de 2011, para ocupar o cargo de Inspetor de Segurança e Administração Penitenciária, na Classe III (inicial), do Quadro I - da Administração Direta do Poder Executivo do Estado do Rio de Janeiro, da",https://www.ioerj.com.br/portal/modules/conteudoonline/mostra_edicao.php?session=VFVWUk5FNXJWa1JOVkd0MFRqQkpNRkZwTURCU2ExVXpURlJyZWsxcVJYUlBSVkV4VWxWWk1rMVZSa05OVkZVeFRWUmpNMDlVUVRKT2Vra3pUV2M5UFE9PQ==,D:\github\exoneracoes_nomeacoes_dou\LAKE\RJ\2012\10\DOERJ_PARTE_I_PODER_EXECUTIVO_2012-10-26.md
RJ,Diario Oficial do Estado do Rio de Janeiro,2012-10-26,DO Campos (Poder Executivo),exoneracao,24 DE OUTUBRO DE 2012. ROSINHA GAROTINHO -PREFEITAID: 1400002,,,,,Wilson Jose Witzel - Governador,Wilson Jose Witzel,Executivo estadual,sim,OUTUBRO:MISC|ROSINHA GAROTINHO:MISC|24 De Outubro:MISC|Rosinha Garotinho:PER,sim,,,"EXONERAR do Serviço Público Municipal, a Atendente de Consultório, lotada na Fundação Municipal de Saúde, matrícula n° 26859, Giselly Monteiro Batista, com efeito a contar de 31/07/2012. PREFEITURA MUNICIPAL DE CAMPOS DOS GOYTACAZES, 24 de outubro de 2012. Rosinha Garotinho -Prefeita- Id: 1400002 ##",https://www.ioerj.com.br/portal/modules/conteudoonline/mostra_edicao.php?session=VFZScmVFOUVUVEpSVlVsMFVXcG5ORTE1TURCT1ZHTXlURlZKTkZKVVFYUlBSVlV6VVZWWk5GRlVVa1JOYWxFeVRWUmpNMDlVUVRKT2Vra3pUV2M5UFE9PQ==,D:\github\exoneracoes_nomeacoes_dou\LAKE\RJ\2012\10\DOERJ_DO_CAMPOS_PODER_EXECUTIVO_2012-10-26.md
RJ,Diario Oficial do Estado do Rio de Janeiro,2012-10-26,DO Campos (Poder Executivo),nomeacao,CRISTIANO BERENGER,,,,,Wilson Jose Witzel - Governador,Wilson Jose Witzel,Executivo estadual,sim,BERENGER:LOC|Cristiano Berenger:PER,sim,para exercer o cargo de provimento em comissão de Diretor de Contabilidade,,"NOMEAR Cristiano Berenger do Nascimento , para exercer o cargo de provimento em comissão de Diretor de Contabilidade, da Câmara Municipal de Campos dos Goytacazes, Símbolo CC-1, a partir de 29 de outubro de 2012. Campos dos Goytacazes, 25 de outubro de 2012. =NELSON NAHIM MATHEUS DE OLIVEIRA -Presidente- ## PORTARIA Nº 0101/2012 O Presidente da Câmara Municipal dos Goytacazes, do de Rio Campos de Janeiro, Estado no uso de suas atribuições legais, R-E-S-O-L-V-E",https://www.ioerj.com.br/portal/modules/conteudoonline/mostra_edicao.php?session=VFZScmVFOUVUVEpSVlVsMFVXcG5ORTE1TURCT1ZHTXlURlZKTkZKVVFYUlBSVlV6VVZWWk5GRlVVa1JOYWxFeVRWUmpNMDlVUVRKT2Vra3pUV2M5UFE9PQ==,D:\github\exoneracoes_nomeacoes_dou\LAKE\RJ\2012\10\DOERJ_DO_CAMPOS_PODER_EXECUTIVO_2012-10-26.md
RJ,Diario Oficial do Estado do Rio de Janeiro,2012-10-26,DO Campos (Poder Executivo),nomeacao,JANAÍNA GOMES VIANA,,,,,Wilson Jose Witzel - Governador,Wilson Jose Witzel,Executivo estadual,sim,JANAÍNA GOMES VIANA:MISC|Janaína Gomes Viana:PER,sim,para exercer o cargo de provimento em comissão de Assistente do Diretor de Contabilidade,,"NOMEAR Janaína Gomes Viana, para exercer o cargo de provimento em comissão de Assistente do Diretor de Contabilidade, da Câmara Municipal de Campos dos Goytacazes, Símbolo CC-3, a partir de 29 de outubro de 2012. ## Campos dos Goytacazes, 25 de outubro de 2012. NELSON NAHIM MATHEUS DE OLIVEIRA -Presidente- ## PORTARIA Nº 0102/2012 ## O Presidente da Câmara Municipal de Campos dos Goytacazes, Estado do Rio de Janeiro, no uso de suas atribuições legais, R-E-S-O-L-V-E",https://www.ioerj.com.br/portal/modules/conteudoonline/mostra_edicao.php?session=VFZScmVFOUVUVEpSVlVsMFVXcG5ORTE1TURCT1ZHTXlURlZKTkZKVVFYUlBSVlV6VVZWWk5GRlVVa1JOYWxFeVRWUmpNMDlVUVRKT2Vra3pUV2M5UFE9PQ==,D:\github\exoneracoes_nomeacoes_dou\LAKE\RJ\2012\10\DOERJ_DO_CAMPOS_PODER_EXECUTIVO_2012-10-26.md
RJ,Diario Oficial do Estado do Rio de Janeiro,2012-10-26,DO Campos (Poder Executivo),nomeacao,GRASIELY NUNES MOÇO,,,,,Wilson Jose Witzel - Governador,Wilson Jose Witzel,Executivo estadual,sim,NUNES MOÇO:PER,sim,para exercer o cargo de provimento em comissão de Assistente do Ouvidor Geral,,"NOMEAR Grasiely Nunes Moço, para exercer o cargo de provimento em comissão de Assistente do Ouvidor Geral, da Câmara Municipal de Campos dos Goytacazes, Símbolo CC-4, a partir de 29 de outubro de 2012. Campos dos Goytacazes, 25 de outubro de 2012. NELSON NAHIM MATHEUS DE OLIVEIRA -Presidente- Id: 1399969",https://www.ioerj.com.br/portal/modules/conteudoonline/mostra_edicao.php?session=VFZScmVFOUVUVEpSVlVsMFVXcG5ORTE1TURCT1ZHTXlURlZKTkZKVVFYUlBSVlV6VVZWWk5GRlVVa1JOYWxFeVRWUmpNMDlVUVRKT2Vra3pUV2M5UFE9PQ==,D:\github\exoneracoes_nomeacoes_dou\LAKE\RJ\2012\10\DOERJ_DO_CAMPOS_PODER_EXECUTIVO_2012-10-26.md
RJ,Diario Oficial do Estado do Rio de Janeiro,2012-10-25,Parte I (Poder Executivo),nomeacao,SANDRA HELENA MACEDO BASTOS,,,Governador,1,Wilson Jose Witzel - Governador,Wilson Jose Witzel,Executivo estadual,sim,SANDRA HELENA:PER,sim,,da Fundação Centro Universitário Estadual da Zona Oeste - UEZO,"NOMEAR SANDRA HELENA MACEDO BASTOS para exercer, com validade a contar de 03 de setembro de 2012, o cargo em comissão de Assessor II, símbolo UEZO-6, da Fundação Centro Universitário Estadual da Zona Oeste - UEZO, da",https://www.ioerj.com.br/portal/modules/conteudoonline/mostra_edicao.php?session=VDBWRmVrNUZXVEJOYWtWMFRtdFZOVkpUTURCUlZGWkhURlZLUjA1RlZYUk9WVWt5VVZWYVJsRlVaM2xPVlZwRVRWUmpNMDlVUVRKUFJFa3dUMEU5UFE9PQ==,D:\github\exoneracoes_nomeacoes_dou\LAKE\RJ\2012\10\DOERJ_PARTE_I_PODER_EXECUTIVO_2012-10-25.md
RJ,Diario Oficial do Estado do Rio de Janeiro,2012-10-25,Parte I (Poder Executivo),nomeacao,VANESSA PEDRO,,,Governador,1,Wilson Jose Witzel - Governador,Wilson Jose Witzel,Executivo estadual,sim,Vanessa Pedro:PER,sim,para exercer o cargo em comissão de Segundo Solista,da Fundação Teatro Municipal do Rio de Janeiro - FTM/RJ,"NOMEAR VANESSA PEDRO DA SILVA MENEZES , matrícula nº 29/4238-1, para exercer o cargo em comissão de Segundo Solista, símbolo FTM-6, da Corpo de Baile, da Diretoria Artística, da Fundação Teatro Municipal do Rio de Janeiro - FTM/RJ, da",https://www.ioerj.com.br/portal/modules/conteudoonline/mostra_edicao.php?session=VDBWRmVrNUZXVEJOYWtWMFRtdFZOVkpUTURCUlZGWkhURlZLUjA1RlZYUk9WVWt5VVZWYVJsRlVaM2xPVlZwRVRWUmpNMDlVUVRKUFJFa3dUMEU5UFE9PQ==,D:\github\exoneracoes_nomeacoes_dou\LAKE\RJ\2012\10\DOERJ_PARTE_I_PODER_EXECUTIVO_2012-10-25.md
RJ,Diario Oficial do Estado do Rio de Janeiro,2012-10-24,Parte I (Poder Executivo),nomeacao,ROBERTO DE JESUS FERREIRA,,,Secretario,5,Wilson Jose Witzel - Governador,Wilson Jose Witzel,Executivo estadual,sim,ROBERTO DE JESUS FERREIRA:MISC|Roberto De Jesus Ferreira:PER,sim,,,"NOMEAR ROBERTO DE JESUS FERREIRA para exercer, com validade a contar de 01 de novembro de 2012, o cargo em comissão de Assessor, símbolo DAS-8, da Governadoria do Estado, anteriormente ocupado pelo próprio servidor",https://www.ioerj.com.br/portal/modules/conteudoonline/mostra_edicao.php?session=VFdwTk0wMUZVa0pPUlZWMFRtcEZOVTVwTURCUlZHTXlURlJvUmxGclZYUlJha0pIVWtWUmVFMXFTWHBTVlVWM1RWUmpNMDlVUVRKUFJGVTBUMUU5UFE9PQ==,D:\github\exoneracoes_nomeacoes_dou\LAKE\RJ\2012\10\DOERJ_PARTE_I_PODER_EXECUTIVO_2012-10-24.md
RJ,Diario Oficial do Estado do Rio de Janeiro,2012-10-24,Parte I (Poder Executivo),nomeacao,ODAIR DE ALMEIDA LOPES JÚNIOR,,,Secretario,5,Wilson Jose Witzel - Governador,Wilson Jose Witzel,Executivo estadual,sim,ODAIR DE ALMEIDA:MISC|Odair De Almeida Lopes Júnior:PER,sim,para exercer o cargo em comissão de Assessor I,do Departamento de Trânsito do Estado do Rio de Janeiro -DETRAN/RJ,"NOMEAR ODAIR DE ALMEIDA LOPES JÚNIOR para exercer o cargo em comissão de Assessor I, símbolo DAS-8, da Diretoria de Administração e Finanças, do Departamento de Trânsito do Estado do Rio de Janeiro -DETRAN/RJ, da",https://www.ioerj.com.br/portal/modules/conteudoonline/mostra_edicao.php?session=VFdwTk0wMUZVa0pPUlZWMFRtcEZOVTVwTURCUlZHTXlURlJvUmxGclZYUlJha0pIVWtWUmVFMXFTWHBTVlVWM1RWUmpNMDlVUVRKUFJGVTBUMUU5UFE9PQ==,D:\github\exoneracoes_nomeacoes_dou\LAKE\RJ\2012\10\DOERJ_PARTE_I_PODER_EXECUTIVO_2012-10-24.md
RJ,Diario Oficial do Estado do Rio de Janeiro,2012-10-24,Parte I (Poder Executivo),exoneracao,ADRIANO BELARMINO,,,Secretario,5,Wilson Jose Witzel - Governador,Wilson Jose Witzel,Executivo estadual,sim,BELARMINO:MISC|Adriano Belarmino:PER,sim,do cargo em comissão de Assistente I,do Departamento de Trânsito do Estado do Rio de Janeiro -DETRAN/RJ,"EXONERAR com validade a contar de 26 de setembro de 2012, ADRIANO BELARMINO DA SILVA , matrícula nº 24/007916-0, do cargo em comissão de Assistente I, símbolo DAS-6, da Coordenadoria Geral de Julgamento e Controle de Infrações, do Departamento de Trânsito do Estado do Rio de Janeiro -DETRAN/RJ, da",https://www.ioerj.com.br/portal/modules/conteudoonline/mostra_edicao.php?session=VFdwTk0wMUZVa0pPUlZWMFRtcEZOVTVwTURCUlZHTXlURlJvUmxGclZYUlJha0pIVWtWUmVFMXFTWHBTVlVWM1RWUmpNMDlVUVRKUFJGVTBUMUU5UFE9PQ==,D:\github\exoneracoes_nomeacoes_dou\LAKE\RJ\2012\10\DOERJ_PARTE_I_PODER_EXECUTIVO_2012-10-24.md
RJ,Diario Oficial do Estado do Rio de Janeiro,2012-10-24,Parte I (Poder Executivo),exoneracao,ELIANE FONSECA FREIRE,,,Secretario,5,Wilson Jose Witzel - Governador,Wilson Jose Witzel,Executivo estadual,sim,Eliane Fonseca Freire:PER,sim,do cargo em comissão de Assistente II,do Departamento de Trânsito do Estado do Rio de Janeiro - DETRAN/RJ,"EXONERAR ELIANE FONSECA FREIRE do cargo em comissão de Assistente II, símbolo DAI-6, da Divisão de Pessoal, da Diretoria Administrativa, do Departamento de Trânsito do Estado do Rio de Janeiro - DETRAN/RJ, da",https://www.ioerj.com.br/portal/modules/conteudoonline/mostra_edicao.php?session=VFdwTk0wMUZVa0pPUlZWMFRtcEZOVTVwTURCUlZHTXlURlJvUmxGclZYUlJha0pIVWtWUmVFMXFTWHBTVlVWM1RWUmpNMDlVUVRKUFJGVTBUMUU5UFE9PQ==,D:\github\exoneracoes_nomeacoes_dou\LAKE\RJ\2012\10\DOERJ_PARTE_I_PODER_EXECUTIVO_2012-10-24.md
RJ,Diario Oficial do Estado do Rio de Janeiro,2012-10-24,Parte I (Poder Executivo),nomeacao,ELIANE FONSECA FREIRE,,,Secretario,5,Wilson Jose Witzel - Governador,Wilson Jose Witzel,Executivo estadual,sim,Eliane Fonseca Freire:PER,sim,para exercer o cargo em comissão de Assistente III,do Gabinete da Presidência,"NOMEAR ELIANE FONSECA FREIRE para exercer o cargo em comissão de Assistente III, símbolo DAI-5, do Gabinete da Presidência, do Departamento de Trânsito do Estado do Rio de Janeiro DETRAN/RJ, da",https://www.ioerj.com.br/portal/modules/conteudoonline/mostra_edicao.php?session=VFdwTk0wMUZVa0pPUlZWMFRtcEZOVTVwTURCUlZHTXlURlJvUmxGclZYUlJha0pIVWtWUmVFMXFTWHBTVlVWM1RWUmpNMDlVUVRKUFJGVTBUMUU5UFE9PQ==,D:\github\exoneracoes_nomeacoes_dou\LAKE\RJ\2012\10\DOERJ_PARTE_I_PODER_EXECUTIVO_2012-10-24.md
RJ,Diario Oficial do Estado do Rio de Janeiro,2012-10-24,Parte I (Poder Executivo),nomeacao,SABRINA FERREIRA DIAS ALVES,,,Secretario,5,Wilson Jose Witzel - Governador,Wilson Jose Witzel,Executivo estadual,sim,SABRINA FERREIRA DIAS ALVES:MISC|Sabrina Ferreira Dias Alves:PER,sim,para exercer o cargo em comissão de Assistente III,do Gabinete da Presidência,"NOMEAR SABRINA FERREIRA DIAS ALVES para exercer o cargo em comissão de Assistente III, símbolo DAI-5, do Gabinete da Presidência, do Departamento de Trânsito do Estado do Rio de Janeiro - DETRAN/RJ, da",https://www.ioerj.com.br/portal/modules/conteudoonline/mostra_edicao.php?session=VFdwTk0wMUZVa0pPUlZWMFRtcEZOVTVwTURCUlZHTXlURlJvUmxGclZYUlJha0pIVWtWUmVFMXFTWHBTVlVWM1RWUmpNMDlVUVRKUFJGVTBUMUU5UFE9PQ==,D:\github\exoneracoes_nomeacoes_dou\LAKE\RJ\2012\10\DOERJ_PARTE_I_PODER_EXECUTIVO_2012-10-24.md
RJ,Diario Oficial do Estado do Rio de Janeiro,2012-10-24,Parte I (Poder Executivo),nomeacao,LOURDES ALMEIDA SENNA,,,Secretario,5,Wilson Jose Witzel - Governador,Wilson Jose Witzel,Executivo estadual,sim,LOURDES ALMEIDA SENNA:MISC|Lourdes Almeida Senna:PER,sim,para exercer o cargo em comissão de Assistente III,do Gabinete da Presidência,"NOMEAR LOURDES ALMEIDA SENNA para exercer o cargo em comissão de Assistente III, símbolo DAI-5, do Gabinete da Presidência, do Departamento de Trânsito do Estado do Rio de Janeiro DETRAN/RJ, da",https://www.ioerj.com.br/portal/modules/conteudoonline/mostra_edicao.php?session=VFdwTk0wMUZVa0pPUlZWMFRtcEZOVTVwTURCUlZHTXlURlJvUmxGclZYUlJha0pIVWtWUmVFMXFTWHBTVlVWM1RWUmpNMDlVUVRKUFJGVTBUMUU5UFE9PQ==,D:\github\exoneracoes_nomeacoes_dou\LAKE\RJ\2012\10\DOERJ_PARTE_I_PODER_EXECUTIVO_2012-10-24.md
RJ,Diario Oficial do Estado do Rio de Janeiro,2012-10-24,Parte I (Poder Executivo),exoneracao,GILMAR MATOS,,,Secretario,5,Wilson Jose Witzel - Governador,Wilson Jose Witzel,Executivo estadual,sim,GILMAR MATOS:MISC|Gilmar Matos:PER,sim,do cargo em comissão de Diretor-Adjunto,do Departamento Geral de Ações Sócioeducativas - DEGASE,"EXONERAR com validade a contar de 03 de outubro de 2012, GILMAR MATOS DA SILVA , matrícula nº 930121-9, do cargo em comissão de Diretor-Adjunto, símbolo DAS-6, do Departamento Geral de Ações Sócioeducativas - DEGASE, da",https://www.ioerj.com.br/portal/modules/conteudoonline/mostra_edicao.php?session=VFdwTk0wMUZVa0pPUlZWMFRtcEZOVTVwTURCUlZHTXlURlJvUmxGclZYUlJha0pIVWtWUmVFMXFTWHBTVlVWM1RWUmpNMDlVUVRKUFJGVTBUMUU5UFE9PQ==,D:\github\exoneracoes_nomeacoes_dou\LAKE\RJ\2012\10\DOERJ_PARTE_I_PODER_EXECUTIVO_2012-10-24.md
RJ,Diario Oficial do Estado do Rio de Janeiro,2012-10-24,Parte I (Poder Executivo),nomeacao,ROGÉRIO GONÇALVES BARBOSA,,,Secretario,5,Wilson Jose Witzel - Governador,Wilson Jose Witzel,Executivo estadual,sim,ROGÉRIO GONÇALVES BARBOSA:PER,sim,para exercer o cargo em comissão de Assistente II,,"NOMEAR ROGÉRIO GONÇALVES BARBOSA para exercer o cargo em comissão de Assistente II, símbolo DAI-6, da",https://www.ioerj.com.br/portal/modules/conteudoonline/mostra_edicao.php?session=VFdwTk0wMUZVa0pPUlZWMFRtcEZOVTVwTURCUlZHTXlURlJvUmxGclZYUlJha0pIVWtWUmVFMXFTWHBTVlVWM1RWUmpNMDlVUVRKUFJGVTBUMUU5UFE9PQ==,D:\github\exoneracoes_nomeacoes_dou\LAKE\RJ\2012\10\DOERJ_PARTE_I_PODER_EXECUTIVO_2012-10-24.md
RJ,Diario Oficial do Estado do Rio de Janeiro,2012-10-24,Parte I (Poder Executivo),nomeacao,PAULO JOSÉ TAVARES LESSA,,,Secretario,5,Wilson Jose Witzel - Governador,Wilson Jose Witzel,Executivo estadual,sim,PAULO JOSÉ TAVARES:PER,sim,para exercer o cargo em comissão de Assistente II,,"NOMEAR PAULO JOSÉ TAVARES LESSA para exercer o cargo em comissão de Assistente II, símbolo DAI-6, da",https://www.ioerj.com.br/portal/modules/conteudoonline/mostra_edicao.php?session=VFdwTk0wMUZVa0pPUlZWMFRtcEZOVTVwTURCUlZHTXlURlJvUmxGclZYUlJha0pIVWtWUmVFMXFTWHBTVlVWM1RWUmpNMDlVUVRKUFJGVTBUMUU5UFE9PQ==,D:\github\exoneracoes_nomeacoes_dou\LAKE\RJ\2012\10\DOERJ_PARTE_I_PODER_EXECUTIVO_2012-10-24.md
RJ,Diario Oficial do Estado do Rio de Janeiro,2012-10-24,Parte I (Poder Executivo),nomeacao,SIMONI DE CÁSSIA LIMA,,,Secretario,5,Wilson Jose Witzel - Governador,Wilson Jose Witzel,Executivo estadual,sim,SIMONI:ORG|CÁSSIA LIMA:MISC|Simoni De Cássia Lima:PER,sim,,,"NOMEAR SIMONI DE CÁSSIA LIMA para exercer, com validade a contar de 01 de outubro de 2012, o cargo em comissão de Assistente II, símbolo DAI-6, da",https://www.ioerj.com.br/portal/modules/conteudoonline/mostra_edicao.php?session=VFdwTk0wMUZVa0pPUlZWMFRtcEZOVTVwTURCUlZHTXlURlJvUmxGclZYUlJha0pIVWtWUmVFMXFTWHBTVlVWM1RWUmpNMDlVUVRKUFJGVTBUMUU5UFE9PQ==,D:\github\exoneracoes_nomeacoes_dou\LAKE\RJ\2012\10\DOERJ_PARTE_I_PODER_EXECUTIVO_2012-10-24.md
RJ,Diario Oficial do Estado do Rio de Janeiro,2012-10-24,Parte I (Poder Executivo),nomeacao,ANTONIO ELIEZER PEREIRA MARTINS,,,Secretario,5,Wilson Jose Witzel - Governador,Wilson Jose Witzel,Executivo estadual,sim,ANTONIO ELIEZER PEREIRA MARTINS:PER,sim,,do Departamento Geral de Administração e Finanças,"NOMEAR ANTONIO ELIEZER PEREIRA MARTINS para exercer, com validade a contar de 01 de outubro de 2012, o cargo em comissão de Assistente II, símbolo DAI-6, do Departamento Geral de Administração e Finanças, da",https://www.ioerj.com.br/portal/modules/conteudoonline/mostra_edicao.php?session=VFdwTk0wMUZVa0pPUlZWMFRtcEZOVTVwTURCUlZHTXlURlJvUmxGclZYUlJha0pIVWtWUmVFMXFTWHBTVlVWM1RWUmpNMDlVUVRKUFJGVTBUMUU5UFE9PQ==,D:\github\exoneracoes_nomeacoes_dou\LAKE\RJ\2012\10\DOERJ_PARTE_I_PODER_EXECUTIVO_2012-10-24.md
RJ,Diario Oficial do Estado do Rio de Janeiro,2012-10-24,Parte I (Poder Executivo),nomeacao,ARTHUR SOUZA GARCIA,,,Secretario,5,Wilson Jose Witzel - Governador,Wilson Jose Witzel,Executivo estadual,sim,Arthur Souza Garcia:PER,sim,,do Departamento Geral de Administração e Finanças,"NOMEAR ARTHUR SOUZA GARCIA para exercer, com validade a contar de 01 de outubro de 2012, o cargo em comissão de Chefe, símbolo DAI-6, do Serviço de Zeladoria, da Divisão de Serviços Gerais, do Departamento Geral de Administração e Finanças, da",https://www.ioerj.com.br/portal/modules/conteudoonline/mostra_edicao.php?session=VFdwTk0wMUZVa0pPUlZWMFRtcEZOVTVwTURCUlZHTXlURlJvUmxGclZYUlJha0pIVWtWUmVFMXFTWHBTVlVWM1RWUmpNMDlVUVRKUFJGVTBUMUU5UFE9PQ==,D:\github\exoneracoes_nomeacoes_dou\LAKE\RJ\2012\10\DOERJ_PARTE_I_PODER_EXECUTIVO_2012-10-24.md
RJ,Diario Oficial do Estado do Rio de Janeiro,2012-10-24,Parte I (Poder Executivo),nomeacao,DAVID BEZERRA DE OLIVEIRA,,,Secretario,5,Wilson Jose Witzel - Governador,Wilson Jose Witzel,Executivo estadual,sim,DAVID BEZERRA DE OLIVEIRA:MISC|David Bezerra De Oliveira:PER,sim,para exercer o cargo em comissão de Ajudante I,,"NOMEAR DAVID BEZERRA DE OLIVEIRA para exercer o cargo em comissão de Ajudante I, símbolo DAI-1, da",https://www.ioerj.com.br/portal/modules/conteudoonline/mostra_edicao.php?session=VFdwTk0wMUZVa0pPUlZWMFRtcEZOVTVwTURCUlZHTXlURlJvUmxGclZYUlJha0pIVWtWUmVFMXFTWHBTVlVWM1RWUmpNMDlVUVRKUFJGVTBUMUU5UFE9PQ==,D:\github\exoneracoes_nomeacoes_dou\LAKE\RJ\2012\10\DOERJ_PARTE_I_PODER_EXECUTIVO_2012-10-24.md
RJ,Diario Oficial do Estado do Rio de Janeiro,2012-10-24,Parte I (Poder Executivo),nomeacao,LEONARDO DE SOUZA MENDONÇA,,,Secretario,5,Wilson Jose Witzel - Governador,Wilson Jose Witzel,Executivo estadual,sim,LEONARDO DE SOUZA MENDONÇA:MISC|Leonardo De Souza Mendonça:PER,sim,para exercer o cargo em comissão de Ajudante I,,"NOMEAR LEONARDO DE SOUZA MENDONÇA para exercer o cargo em comissão de Ajudante I, símbolo DAI-1, da",https://www.ioerj.com.br/portal/modules/conteudoonline/mostra_edicao.php?session=VFdwTk0wMUZVa0pPUlZWMFRtcEZOVTVwTURCUlZHTXlURlJvUmxGclZYUlJha0pIVWtWUmVFMXFTWHBTVlVWM1RWUmpNMDlVUVRKUFJGVTBUMUU5UFE9PQ==,D:\github\exoneracoes_nomeacoes_dou\LAKE\RJ\2012\10\DOERJ_PARTE_I_PODER_EXECUTIVO_2012-10-24.md
RJ,Diario Oficial do Estado do Rio de Janeiro,2012-10-23,Parte I (Poder Executivo),nomeacao,MAURÍCIO AUGUSTO ALVES,,,Governador,1,Wilson Jose Witzel - Governador,Wilson Jose Witzel,Executivo estadual,sim,AUGUSTO ALVES:LOC|Maurício Augusto Alves:PER,sim,,,"NOMEAR MAURÍCIO AUGUSTO ALVES para exercer, com validade a contar de 01 de outubro de 2012, o cargo em comissão de Ajudante I, símbolo DAI-1, da",https://www.ioerj.com.br/portal/modules/conteudoonline/mostra_edicao.php?session=VWtSa1JGRXdVWGRSZWtWMFQxUmFRMDU1TURCU2FrVjVURlJyTVZKcVZYUk5SVkpGVGxSa1FrMVVaelJPVkVaRVRWUmpNMDlVUVRKUFJHTTBUbmM5UFE9PQ==,D:\github\exoneracoes_nomeacoes_dou\LAKE\RJ\2012\10\DOERJ_PARTE_I_PODER_EXECUTIVO_2012-10-23.md
RJ,Diario Oficial do Estado do Rio de Janeiro,2012-10-23,Parte I (Poder Executivo),nomeacao,DIOGO RODRIGUES PEDRO DE ALEXANDRIA,,,Governador,1,Wilson Jose Witzel - Governador,Wilson Jose Witzel,Executivo estadual,sim,Diogo Rodrigues Pedro De Alexandria:PER,sim,,,"NOMEAR DIOGO RODRIGUES PEDRO DE ALEXANDRIA para exercer, com validade a contar de 08 de outubro de 2012, o cargo em comissão de Ajudante I, símbolo DAI-1, da",https://www.ioerj.com.br/portal/modules/conteudoonline/mostra_edicao.php?session=VWtSa1JGRXdVWGRSZWtWMFQxUmFRMDU1TURCU2FrVjVURlJyTVZKcVZYUk5SVkpGVGxSa1FrMVVaelJPVkVaRVRWUmpNMDlVUVRKUFJHTTBUbmM5UFE9PQ==,D:\github\exoneracoes_nomeacoes_dou\LAKE\RJ\2012\10\DOERJ_PARTE_I_PODER_EXECUTIVO_2012-10-23.md
RJ,Diario Oficial do Estado do Rio de Janeiro,2012-10-23,Parte I (Poder Executivo),exoneracao,SUZANA SANCHES DA SILVA,,,Governador,1,Wilson Jose Witzel - Governador,Wilson Jose Witzel,Executivo estadual,sim,SUZANA:MISC|Suzana Sanches Da Silva:PER,sim,do cargo em comissão de Ajudante I,,"EXONERAR com validade a contar de 08 de outubro de 2012, SUZANA SANCHES DA SILVA do cargo em comissão de Ajudante I, símbolo DAI-1, da",https://www.ioerj.com.br/portal/modules/conteudoonline/mostra_edicao.php?session=VWtSa1JGRXdVWGRSZWtWMFQxUmFRMDU1TURCU2FrVjVURlJyTVZKcVZYUk5SVkpGVGxSa1FrMVVaelJPVkVaRVRWUmpNMDlVUVRKUFJHTTBUbmM5UFE9PQ==,D:\github\exoneracoes_nomeacoes_dou\LAKE\RJ\2012\10\DOERJ_PARTE_I_PODER_EXECUTIVO_2012-10-23.md
RJ,Diario Oficial do Estado do Rio de Janeiro,2012-10-23,Parte I (Poder Executivo),nomeacao,LEONARDO PIMENTEL TEIXEIRA,,,Governador,1,Wilson Jose Witzel - Governador,Wilson Jose Witzel,Executivo estadual,sim,LEONARDO PIMENTEL TEIXEIRA:MISC|Leonardo Pimentel Teixeira:PER,sim,,,"NOMEAR LEONARDO PIMENTEL TEIXEIRA para exercer, com validade a contar de 08 de outubro de 2012, o cargo em comissão de Ajudante I, símbolo DAI-1, da",https://www.ioerj.com.br/portal/modules/conteudoonline/mostra_edicao.php?session=VWtSa1JGRXdVWGRSZWtWMFQxUmFRMDU1TURCU2FrVjVURlJyTVZKcVZYUk5SVkpGVGxSa1FrMVVaelJPVkVaRVRWUmpNMDlVUVRKUFJHTTBUbmM5UFE9PQ==,D:\github\exoneracoes_nomeacoes_dou\LAKE\RJ\2012\10\DOERJ_PARTE_I_PODER_EXECUTIVO_2012-10-23.md
RJ,Diario Oficial do Estado do Rio de Janeiro,2012-10-23,Parte I (Poder Executivo),nomeacao,ANDERSON DE LIMA COUTO SANTOS,,,Governador,1,Wilson Jose Witzel - Governador,Wilson Jose Witzel,Executivo estadual,sim,ANDERSON:MISC|Anderson:PER,sim,,da Subsecretaria de Finanças,"NOMEAR ANDERSON DE LIMA COUTO SANTOS para exercer, com validade a contar de 15 de outubro de 2012, o cargo em comissão de Assistente II, símbolo DAI-6, da Subsecretaria de Finanças, da",https://www.ioerj.com.br/portal/modules/conteudoonline/mostra_edicao.php?session=VWtSa1JGRXdVWGRSZWtWMFQxUmFRMDU1TURCU2FrVjVURlJyTVZKcVZYUk5SVkpGVGxSa1FrMVVaelJPVkVaRVRWUmpNMDlVUVRKUFJHTTBUbmM5UFE9PQ==,D:\github\exoneracoes_nomeacoes_dou\LAKE\RJ\2012\10\DOERJ_PARTE_I_PODER_EXECUTIVO_2012-10-23.md
RJ,Diario Oficial do Estado do Rio de Janeiro,2012-10-23,Parte I (Poder Executivo),exoneracao,JOSÉ CARLOS,44181272,,Governador,1,Wilson Jose Witzel - Governador,Wilson Jose Witzel,Executivo estadual,sim,JOSÉ CARLOS:PER,sim,do cargo em comissão de Secretário II,,"EXONERAR a pedido e com validade a contar de 09 de outubro de 2012, JOSÉ CARLOS DA SILVA , ID Funcional nº 44181272, do cargo em comissão de Secretário II, símbolo DAI-5, da Auditoria Geral do Estado, da",https://www.ioerj.com.br/portal/modules/conteudoonline/mostra_edicao.php?session=VWtSa1JGRXdVWGRSZWtWMFQxUmFRMDU1TURCU2FrVjVURlJyTVZKcVZYUk5SVkpGVGxSa1FrMVVaelJPVkVaRVRWUmpNMDlVUVRKUFJHTTBUbmM5UFE9PQ==,D:\github\exoneracoes_nomeacoes_dou\LAKE\RJ\2012\10\DOERJ_PARTE_I_PODER_EXECUTIVO_2012-10-23.md
RJ,Diario Oficial do Estado do Rio de Janeiro,2012-10-23,Parte I (Poder Executivo),exoneracao,ALTAIR DE OLIVEIRA,,,Governador,1,Wilson Jose Witzel - Governador,Wilson Jose Witzel,Executivo estadual,sim,OLIVEIRA:ORG|Altair De Oliveira:PER,sim,do cargo em comissão de Superintendente Regional,do Instituto de Pesos e Medidas do Estado do Rio de Janeiro - IPEM/RJ,"EXONERAR com validade a contar de 16 de outubro de 2012, ALTAIR DE OLIVEIRA DA SILVA , matrícula nº 0048619-1, do cargo em comissão de Superintendente Regional, símbolo DAS-6, do Instituto de Pesos e Medidas do Estado do Rio de Janeiro - IPEM/RJ, da",https://www.ioerj.com.br/portal/modules/conteudoonline/mostra_edicao.php?session=VWtSa1JGRXdVWGRSZWtWMFQxUmFRMDU1TURCU2FrVjVURlJyTVZKcVZYUk5SVkpGVGxSa1FrMVVaelJPVkVaRVRWUmpNMDlVUVRKUFJHTTBUbmM5UFE9PQ==,D:\github\exoneracoes_nomeacoes_dou\LAKE\RJ\2012\10\DOERJ_PARTE_I_PODER_EXECUTIVO_2012-10-23.md
RJ,Diario Oficial do Estado do Rio de Janeiro,2012-10-23,Parte I (Poder Executivo),exoneracao,DALMIR PAPALARDO,,,Governador,1,Wilson Jose Witzel - Governador,Wilson Jose Witzel,Executivo estadual,sim,DALMIR PAPALARDO:PER,sim,do cargo em comissão de Assistente,da Superintendência de Obras de Saneamento do Interior,"EXONERAR com validade a contar de 01 de setembro de 2012, DALMIR PAPALARDO do cargo em comissão de Assistente, símbolo DAS-6, da Coordenação de Acompanhamento de Obras, da Superintendência de Obras de Saneamento do Interior, da Subsecretaria de Obras de Saneamento, da",https://www.ioerj.com.br/portal/modules/conteudoonline/mostra_edicao.php?session=VWtSa1JGRXdVWGRSZWtWMFQxUmFRMDU1TURCU2FrVjVURlJyTVZKcVZYUk5SVkpGVGxSa1FrMVVaelJPVkVaRVRWUmpNMDlVUVRKUFJHTTBUbmM5UFE9PQ==,D:\github\exoneracoes_nomeacoes_dou\LAKE\RJ\2012\10\DOERJ_PARTE_I_PODER_EXECUTIVO_2012-10-23.md
RJ,Diario Oficial do Estado do Rio de Janeiro,2012-10-23,Parte I (Poder Executivo),nomeacao,DALMIR PAPALARDO,,,Governador,1,Wilson Jose Witzel - Governador,Wilson Jose Witzel,Executivo estadual,sim,DALMIR PAPALARDO:PER,sim,,,"NOMEAR DALMIR PAPALARDO para exercer, com validade a contar de 01 de setembro de 2012, o cargo em comissão de Assessor, símbolo DAS-8, da",https://www.ioerj.com.br/portal/modules/conteudoonline/mostra_edicao.php?session=VWtSa1JGRXdVWGRSZWtWMFQxUmFRMDU1TURCU2FrVjVURlJyTVZKcVZYUk5SVkpGVGxSa1FrMVVaelJPVkVaRVRWUmpNMDlVUVRKUFJHTTBUbmM5UFE9PQ==,D:\github\exoneracoes_nomeacoes_dou\LAKE\RJ\2012\10\DOERJ_PARTE_I_PODER_EXECUTIVO_2012-10-23.md
RJ,Diario Oficial do Estado do Rio de Janeiro,2012-10-23,Parte I (Poder Executivo),nomeacao,GUSTAVO DIAS ESTEVAM LEAL,,,Governador,1,Wilson Jose Witzel - Governador,Wilson Jose Witzel,Executivo estadual,sim,Gustavo Dias Estevam Leal:PER,sim,,da Subsecretaria de Gestão Estratégica,"NOMEAR GUSTAVO DIAS ESTEVAM LEAL para exercer, com validade a contar de 15 de outubro de 2012, o cargo em comissão de Assistente II, símbolo DAI-6, da Subsecretaria de Gestão Estratégica, da",https://www.ioerj.com.br/portal/modules/conteudoonline/mostra_edicao.php?session=VWtSa1JGRXdVWGRSZWtWMFQxUmFRMDU1TURCU2FrVjVURlJyTVZKcVZYUk5SVkpGVGxSa1FrMVVaelJPVkVaRVRWUmpNMDlVUVRKUFJHTTBUbmM5UFE9PQ==,D:\github\exoneracoes_nomeacoes_dou\LAKE\RJ\2012\10\DOERJ_PARTE_I_PODER_EXECUTIVO_2012-10-23.md
RJ,Diario Oficial do Estado do Rio de Janeiro,2012-10-23,Parte I (Poder Executivo),exoneracao,CLAUDIA PAMPOLINI,,,Secretario,5,Wilson Jose Witzel - Governador,Wilson Jose Witzel,Executivo estadual,sim,CLAUDIA PAMPOLINI:MISC|Claudia Pampolini:PER,sim,do cargo em comissão de Assistente,,"EXONERAR com validade a contar de 15 de outubro de 2012, CLAUDIA PAMPOLINI do cargo em comissão de Assistente, símbolo DAS-6, da",https://www.ioerj.com.br/portal/modules/conteudoonline/mostra_edicao.php?session=VWtSa1JGRXdVWGRSZWtWMFQxUmFRMDU1TURCU2FrVjVURlJyTVZKcVZYUk5SVkpGVGxSa1FrMVVaelJPVkVaRVRWUmpNMDlVUVRKUFJHTTBUbmM5UFE9PQ==,D:\github\exoneracoes_nomeacoes_dou\LAKE\RJ\2012\10\DOERJ_PARTE_I_PODER_EXECUTIVO_2012-10-23.md
RJ,Diario Oficial do Estado do Rio de Janeiro,2012-10-23,Parte I (Poder Executivo),nomeacao,THIAGO DE ALMEIDA MACEDO MILHAZES,,,Secretario,5,Wilson Jose Witzel - Governador,Wilson Jose Witzel,Executivo estadual,sim,THIAGO DE ALMEIDA:ORG|MILHAZES:ORG|Thiago:LOC|Almeida Macedo Milhazes:PER,sim,,da Subsecretaria de Comunicação Social,"NOMEAR THIAGO DE ALMEIDA MACEDO MILHAZES para exercer, com validade a contar de 08 de outubro de 2012, o cargo em comissão de Assessor, símbolo DAS-7, da Subsecretaria de Comunicação Social, da",https://www.ioerj.com.br/portal/modules/conteudoonline/mostra_edicao.php?session=VWtSa1JGRXdVWGRSZWtWMFQxUmFRMDU1TURCU2FrVjVURlJyTVZKcVZYUk5SVkpGVGxSa1FrMVVaelJPVkVaRVRWUmpNMDlVUVRKUFJHTTBUbmM5UFE9PQ==,D:\github\exoneracoes_nomeacoes_dou\LAKE\RJ\2012\10\DOERJ_PARTE_I_PODER_EXECUTIVO_2012-10-23.md
RJ,Diario Oficial do Estado do Rio de Janeiro,2012-10-23,Parte I (Poder Executivo),nomeacao,EDUARDO ANDERSON SANTOS,,,Secretario,5,Wilson Jose Witzel - Governador,Wilson Jose Witzel,Executivo estadual,sim,Eduardo Anderson Santos:PER,sim,,da Subsecretaria da Capital,"NOMEAR EDUARDO ANDERSON SANTOS DO NASCIMENTO , matrícula nº 0968809-4, para exercer, com validade a contar de 08 de outubro de 2012, o cargo em comissão de Supervisor Regional do Estado, símbolo DAS-8, da Capital III, da Subsecretaria da Capital, da",https://www.ioerj.com.br/portal/modules/conteudoonline/mostra_edicao.php?session=VWtSa1JGRXdVWGRSZWtWMFQxUmFRMDU1TURCU2FrVjVURlJyTVZKcVZYUk5SVkpGVGxSa1FrMVVaelJPVkVaRVRWUmpNMDlVUVRKUFJHTTBUbmM5UFE9PQ==,D:\github\exoneracoes_nomeacoes_dou\LAKE\RJ\2012\10\DOERJ_PARTE_I_PODER_EXECUTIVO_2012-10-23.md
RJ,Diario Oficial do Estado do Rio de Janeiro,2012-10-23,Parte I (Poder Executivo),exoneracao,ANDERSON SOARES DO NASCIMENTO,,,Secretario,5,Wilson Jose Witzel - Governador,Wilson Jose Witzel,Executivo estadual,sim,ANDERSON SOARES:PER,sim,do cargo em comissão de Supervisor Regional do Estado,da Subsecretaria da Capital,"EXONERAR com validade a contar de 08 de outubro de 2012, ANDERSON SOARES DO NASCIMENTO do cargo em comissão de Supervisor Regional do Estado, símbolo DAS-8, da Capital III, da Subsecretaria da Capital, da",https://www.ioerj.com.br/portal/modules/conteudoonline/mostra_edicao.php?session=VWtSa1JGRXdVWGRSZWtWMFQxUmFRMDU1TURCU2FrVjVURlJyTVZKcVZYUk5SVkpGVGxSa1FrMVVaelJPVkVaRVRWUmpNMDlVUVRKUFJHTTBUbmM5UFE9PQ==,D:\github\exoneracoes_nomeacoes_dou\LAKE\RJ\2012\10\DOERJ_PARTE_I_PODER_EXECUTIVO_2012-10-23.md
RJ,Diario Oficial do Estado do Rio de Janeiro,2012-10-23,Parte I (Poder Executivo),nomeacao,MARCOS FELIPE MARQUES,4362426-0,,Secretario,5,Wilson Jose Witzel - Governador,Wilson Jose Witzel,Executivo estadual,sim,MARCOS FELIPE MARQUES:PER,sim,,,"NOMEAR MARCOS FELIPE MARQUES DA CUNHA CARVALHO , ID Funcional nº 4362426-0, para exercer, com validade a contar de 08 de outubro de 2012, o cargo em comissão de Chefe de Equipe, símbolo DAI-3, da",https://www.ioerj.com.br/portal/modules/conteudoonline/mostra_edicao.php?session=VWtSa1JGRXdVWGRSZWtWMFQxUmFRMDU1TURCU2FrVjVURlJyTVZKcVZYUk5SVkpGVGxSa1FrMVVaelJPVkVaRVRWUmpNMDlVUVRKUFJHTTBUbmM5UFE9PQ==,D:\github\exoneracoes_nomeacoes_dou\LAKE\RJ\2012\10\DOERJ_PARTE_I_PODER_EXECUTIVO_2012-10-23.md
RJ,Diario Oficial do Estado do Rio de Janeiro,2012-10-23,Parte I (Poder Executivo),exoneracao,RODRIGO DA SILVA COSTA,,,Secretario,5,Wilson Jose Witzel - Governador,Wilson Jose Witzel,Executivo estadual,sim,RODRIGO DA SILVA COSTA:MISC|Rodrigo Da Silva Costa:PER,sim,do cargo em comissão de Chefe de Equipe,,"EXONERAR com validade a contar de 08 de outubro de 2012, RODRIGO DA SILVA COSTA do cargo em comissão de Chefe de Equipe, símbolo DAI-3, da",https://www.ioerj.com.br/portal/modules/conteudoonline/mostra_edicao.php?session=VWtSa1JGRXdVWGRSZWtWMFQxUmFRMDU1TURCU2FrVjVURlJyTVZKcVZYUk5SVkpGVGxSa1FrMVVaelJPVkVaRVRWUmpNMDlVUVRKUFJHTTBUbmM5UFE9PQ==,D:\github\exoneracoes_nomeacoes_dou\LAKE\RJ\2012\10\DOERJ_PARTE_I_PODER_EXECUTIVO_2012-10-23.md
RJ,Diario Oficial do Estado do Rio de Janeiro,2012-10-23,Parte I (Poder Executivo),exoneracao,MARCO ANTONIO BAPTISTA,,,Secretario,5,Wilson Jose Witzel - Governador,Wilson Jose Witzel,Executivo estadual,sim,MARCO ANTONIO BAPTISTA:PER,sim,do cargo em comissão de Ajudante I,,"EXONERAR a pedido e com validade a contar de 01 de outubro de 2012, MARCO ANTONIO BAPTISTA do cargo em comissão de Ajudante I, símbolo DAI-1, da",https://www.ioerj.com.br/portal/modules/conteudoonline/mostra_edicao.php?session=VWtSa1JGRXdVWGRSZWtWMFQxUmFRMDU1TURCU2FrVjVURlJyTVZKcVZYUk5SVkpGVGxSa1FrMVVaelJPVkVaRVRWUmpNMDlVUVRKUFJHTTBUbmM5UFE9PQ==,D:\github\exoneracoes_nomeacoes_dou\LAKE\RJ\2012\10\DOERJ_PARTE_I_PODER_EXECUTIVO_2012-10-23.md
RJ,Diario Oficial do Estado do Rio de Janeiro,2012-10-23,Parte I (Poder Executivo),nomeacao,FABIO RODRIGO LOPES DE ARAUJO,,,Secretario,5,Wilson Jose Witzel - Governador,Wilson Jose Witzel,Executivo estadual,sim,FABIO RODRIGO LOPES:MISC|Fabio Rodrigo Lopes De Araujo:PER,sim,,da Subsecretaria de Tecnologia,"NOMEAR FABIO RODRIGO LOPES DE ARAUJO para exercer, com validade a contar de 17 de setembro de 2012, o cargo em comissão de Assistente II, símbolo DAI-6, da Subsecretaria de Tecnologia, da",https://www.ioerj.com.br/portal/modules/conteudoonline/mostra_edicao.php?session=VWtSa1JGRXdVWGRSZWtWMFQxUmFRMDU1TURCU2FrVjVURlJyTVZKcVZYUk5SVkpGVGxSa1FrMVVaelJPVkVaRVRWUmpNMDlVUVRKUFJHTTBUbmM5UFE9PQ==,D:\github\exoneracoes_nomeacoes_dou\LAKE\RJ\2012\10\DOERJ_PARTE_I_PODER_EXECUTIVO_2012-10-23.md
RJ,Diario Oficial do Estado do Rio de Janeiro,2012-10-23,Parte I (Poder Executivo),nomeacao,ANNA GRACIELA FURTADO CRUZ,,,Secretario,5,Wilson Jose Witzel - Governador,Wilson Jose Witzel,Executivo estadual,sim,ANNA GRACIELA:MISC|FURTADO CRUZ:MISC|Anna Graciela Furtado Cruz:PER,sim,,,"NOMEAR ANNA GRACIELA FURTADO CRUZ para exercer, com validade a contar de 17 de setembro de 2012, o cargo em co- missão Tecno- de símbolo Subsecretaria da II, Assistente de DAI-6, logia, da",https://www.ioerj.com.br/portal/modules/conteudoonline/mostra_edicao.php?session=VWtSa1JGRXdVWGRSZWtWMFQxUmFRMDU1TURCU2FrVjVURlJyTVZKcVZYUk5SVkpGVGxSa1FrMVVaelJPVkVaRVRWUmpNMDlVUVRKUFJHTTBUbmM5UFE9PQ==,D:\github\exoneracoes_nomeacoes_dou\LAKE\RJ\2012\10\DOERJ_PARTE_I_PODER_EXECUTIVO_2012-10-23.md
RJ,Diario Oficial do Estado do Rio de Janeiro,2012-10-23,Parte I (Poder Executivo),nomeacao,ACÍLIO ALVES BORGES JÚNIOR,,,Secretario,5,Wilson Jose Witzel - Governador,Wilson Jose Witzel,Executivo estadual,sim,ACÍLIO:MISC|BORGES JÚNIOR:MISC|Acílio Alves Borges Júnior:PER,sim,para exercer o cargo em comissão de Assessor Especial,do Gabinete do Secretário,"NOMEAR ACÍLIO ALVES BORGES JÚNIOR para exercer o cargo em comissão de Assessor Especial, símbolo DAS-8, do Gabinete do Secretário, da",https://www.ioerj.com.br/portal/modules/conteudoonline/mostra_edicao.php?session=VWtSa1JGRXdVWGRSZWtWMFQxUmFRMDU1TURCU2FrVjVURlJyTVZKcVZYUk5SVkpGVGxSa1FrMVVaelJPVkVaRVRWUmpNMDlVUVRKUFJHTTBUbmM5UFE9PQ==,D:\github\exoneracoes_nomeacoes_dou\LAKE\RJ\2012\10\DOERJ_PARTE_I_PODER_EXECUTIVO_2012-10-23.md
RJ,Diario Oficial do Estado do Rio de Janeiro,2012-10-23,Parte I (Poder Executivo),nomeacao,ALEXANDRA SANTOS DA SILVA,,,Secretario,5,Wilson Jose Witzel - Governador,Wilson Jose Witzel,Executivo estadual,sim,ALEXANDRA SANTOS DA SILVA:PER,sim,para exercer o cargo em comissão de Assessor Especial,do Gabinete do Secretário,"NOMEAR ALEXANDRA SANTOS DA SILVA para exercer o cargo em comissão de Assessor Especial, símbolo DAS-8, do Gabinete do Secretário, da",https://www.ioerj.com.br/portal/modules/conteudoonline/mostra_edicao.php?session=VWtSa1JGRXdVWGRSZWtWMFQxUmFRMDU1TURCU2FrVjVURlJyTVZKcVZYUk5SVkpGVGxSa1FrMVVaelJPVkVaRVRWUmpNMDlVUVRKUFJHTTBUbmM5UFE9PQ==,D:\github\exoneracoes_nomeacoes_dou\LAKE\RJ\2012\10\DOERJ_PARTE_I_PODER_EXECUTIVO_2012-10-23.md
RJ,Diario Oficial do Estado do Rio de Janeiro,2012-10-23,Parte I (Poder Executivo),exoneracao,NILTON CESAR VIEIRA,2009345-4,,Secretario,5,Wilson Jose Witzel - Governador,Wilson Jose Witzel,Executivo estadual,sim,NILTON CESAR VIEIRA:PER,sim,do cargo em comissão de Subdiretor,da Subsecretaria Adjunta de Unidades Prisionais,"EXONERAR com validade a contar de 20 de setembro de 2012, NILTON CESAR VIEIRA DA SILVA , Inspetor de Segurança e Administração Penitenciária, ID Funcional nº 2009345-4, do cargo em comissão de Subdiretor, símbolo DAS-6, da Cadeia Pública José Frederico Marques, da Coordenação de Unidades Prisionais de Gericinó, da Subsecretaria Adjunta de Unidades Prisionais, da",https://www.ioerj.com.br/portal/modules/conteudoonline/mostra_edicao.php?session=VWtSa1JGRXdVWGRSZWtWMFQxUmFRMDU1TURCU2FrVjVURlJyTVZKcVZYUk5SVkpGVGxSa1FrMVVaelJPVkVaRVRWUmpNMDlVUVRKUFJHTTBUbmM5UFE9PQ==,D:\github\exoneracoes_nomeacoes_dou\LAKE\RJ\2012\10\DOERJ_PARTE_I_PODER_EXECUTIVO_2012-10-23.md
RJ,Diario Oficial do Estado do Rio de Janeiro,2012-10-23,Parte I (Poder Executivo),nomeacao,WELLINGTON NUNES,4371575-3,,Secretario,5,Wilson Jose Witzel - Governador,Wilson Jose Witzel,Executivo estadual,sim,WELLINGTON NUNES:MISC|Wellington Nunes:PER,sim,,da Subsecretaria Adjunta de Unidades Prisionais,"NOMEAR WELLINGTON NUNES DA SILVA , Inspetor Segurança e Administração Penitenciária, ID Funcional nº 4371575-3, para exercer, com validade a contar de 20 de setembro de 2012, o cargo em comissão de Subdiretor, símbolo DAS-6, da Cadeia Pública José Frederico Marques, da Coordenação de Unidades Prisionais de Gericinó, da Subsecretaria Adjunta de Unidades Prisionais, da",https://www.ioerj.com.br/portal/modules/conteudoonline/mostra_edicao.php?session=VWtSa1JGRXdVWGRSZWtWMFQxUmFRMDU1TURCU2FrVjVURlJyTVZKcVZYUk5SVkpGVGxSa1FrMVVaelJPVkVaRVRWUmpNMDlVUVRKUFJHTTBUbmM5UFE9PQ==,D:\github\exoneracoes_nomeacoes_dou\LAKE\RJ\2012\10\DOERJ_PARTE_I_PODER_EXECUTIVO_2012-10-23.md
RJ,Diario Oficial do Estado do Rio de Janeiro,2012-10-23,Parte I (Poder Executivo),nomeacao,LEONARDO CARVALHAL LAGOS,,,Secretario,5,Wilson Jose Witzel - Governador,Wilson Jose Witzel,Executivo estadual,sim,Leonardo Carvalhal Lagos:PER,sim,para exercer o cargo em comissão de Assessor,,"NOMEAR LEONARDO CARVALHAL LAGOS para exercer o cargo em comissão de Assessor, símbolo DAS-7, da",https://www.ioerj.com.br/portal/modules/conteudoonline/mostra_edicao.php?session=VWtSa1JGRXdVWGRSZWtWMFQxUmFRMDU1TURCU2FrVjVURlJyTVZKcVZYUk5SVkpGVGxSa1FrMVVaelJPVkVaRVRWUmpNMDlVUVRKUFJHTTBUbmM5UFE9PQ==,D:\github\exoneracoes_nomeacoes_dou\LAKE\RJ\2012\10\DOERJ_PARTE_I_PODER_EXECUTIVO_2012-10-23.md
RJ,Diario Oficial do Estado do Rio de Janeiro,2012-10-23,Parte I (Poder Executivo),nomeacao,LEANDRO GIL PINTO ARTIGLIRI,,,Secretario,5,Wilson Jose Witzel - Governador,Wilson Jose Witzel,Executivo estadual,sim,LEANDRO GIL PINTO ARTIGLIRI:MISC|Leandro Gil Pinto Artigliri:PER,sim,,,"NOMEAR na condição sub judice e em caráter provisório , LEANDRO GIL PINTO ARTIGLIRI, para ocupar o cargo de Inspetor de Segurança e Administração Penitenciária, na Classe III (inicial), do Quadro I da Administração Direta do Poder Executivo do Estado do Rio de Janeiro, da",https://www.ioerj.com.br/portal/modules/conteudoonline/mostra_edicao.php?session=VWtSa1JGRXdVWGRSZWtWMFQxUmFRMDU1TURCU2FrVjVURlJyTVZKcVZYUk5SVkpGVGxSa1FrMVVaelJPVkVaRVRWUmpNMDlVUVRKUFJHTTBUbmM5UFE9PQ==,D:\github\exoneracoes_nomeacoes_dou\LAKE\RJ\2012\10\DOERJ_PARTE_I_PODER_EXECUTIVO_2012-10-23.md
RJ,Diario Oficial do Estado do Rio de Janeiro,2012-10-22,DO Campos (Poder Executivo),exoneracao,JARBAS DA FONSECA CARNEIRO JUNIOR,,,Secretario,5,Wilson Jose Witzel - Governador,Wilson Jose Witzel,Executivo estadual,sim,JARBAS DA FONSECA CARNEIRO JUNIOR:MISC|Jarbas Da Fonseca Carneiro Junior:PER,sim,,DA FUNDAÇÃO MUNICIPAL DE SAÚDE,"EXONERAR do Serviço Publico Municipal, o Assistente Administrativo lotado na Fundação Municipal de Saúde, matricula 25758, Jarbas da Fonseca Carneiro Junior, com efeito a contar de 05/10/2012. FUNDAÇÃO MUNICIPAL DE SAÚDE, 19 DE OUTUBRO DE 2012. Dr. Sebastião Tavares Campista Filho - Presidente / FMS - Id: 1396765 Portaria F.M.S. Nº.110/2012 O PRESIDENTE DA FUNDAÇÃO MUNICIPAL DE SAÚDE, no uso de suas atribuições legais",https://www.ioerj.com.br/portal/modules/conteudoonline/mostra_edicao.php?session=VGxWU1FsRlZTWGhTYWxsMFQwVk5NMDU1TURCUFZFRjRURlJvUmxKcVkzUlJhMVUxVGtWSmVFNVZTWGxSVkVwR1RWUmpNMDlVUVRWTlJGVTFUWGM5UFE9PQ==,D:\github\exoneracoes_nomeacoes_dou\LAKE\RJ\2012\10\DOERJ_DO_CAMPOS_PODER_EXECUTIVO_2012-10-22.md
RJ,Diario Oficial do Estado do Rio de Janeiro,2012-10-19,Parte I (Poder Executivo),exoneracao,ANDRÉ LUIZ ARAÚJO,,,Governador,1,Wilson Jose Witzel - Governador,Wilson Jose Witzel,Executivo estadual,sim,ANDRÉ LUIZ ARAÚJO:PER,sim,do cargo efetivo de Analista de Tecnologia da Infor- Id: 1396061 uso de em vista o que e tendo mação,do Departamento de Trânsito do Estado do Rio de Janeiro DETRAN/RJ,"EXONERAR a pedido, ANDRÉ LUIZ ARAÚJO DA SILVA , matrícula nº 24/003.391-0, do cargo efetivo de Analista de Tecnologia da Infor- Id: 1396061 uso de em vista o que e tendo mação, do Departamento de Trânsito do Estado do Rio de Janeiro DETRAN/RJ, da",https://www.ioerj.com.br/portal/modules/conteudoonline/mostra_edicao.php?session=VWxST1JWRlVhekpOZWtGMFRtcEpOVkpUTURCU1JVMHdURlJzUlZFd1dYUk5lbGt4VGtWRmQxSnFhM3BSYTBrMVRWUmpNMDlVUVRWTlJHTXlUMEU5UFE9PQ==,D:\github\exoneracoes_nomeacoes_dou\LAKE\RJ\2012\10\DOERJ_PARTE_I_PODER_EXECUTIVO_2012-10-19.md
RJ,Diario Oficial do Estado do Rio de Janeiro,2012-10-19,Parte I (Poder Executivo),exoneracao,LÍVIA CASTELO BRANCO AZEVEDO FARIA,,,Governador,1,Wilson Jose Witzel - Governador,Wilson Jose Witzel,Executivo estadual,sim,LÍVIA CASTELO BRANCO AZEVEDO:PER,sim,do cargo efetivo de Assistente Técnico Administrativo,do Departamento de Trânsito do Estado do Rio de Janeiro - DETRAN/RJ,"EXONERAR a pedido, LÍVIA CASTELO BRANCO AZEVEDO FARIA, matrícula nº 24/003.504-8, do cargo efetivo de Assistente Técnico Administrativo, do Departamento de Trânsito do Estado do Rio de Janeiro - DETRAN/RJ, da",https://www.ioerj.com.br/portal/modules/conteudoonline/mostra_edicao.php?session=VWxST1JWRlVhekpOZWtGMFRtcEpOVkpUTURCU1JVMHdURlJzUlZFd1dYUk5lbGt4VGtWRmQxSnFhM3BSYTBrMVRWUmpNMDlVUVRWTlJHTXlUMEU5UFE9PQ==,D:\github\exoneracoes_nomeacoes_dou\LAKE\RJ\2012\10\DOERJ_PARTE_I_PODER_EXECUTIVO_2012-10-19.md
RJ,Diario Oficial do Estado do Rio de Janeiro,2012-10-19,Parte I (Poder Executivo),exoneracao,THAÍS PIRES,,,Governador,1,Wilson Jose Witzel - Governador,Wilson Jose Witzel,Executivo estadual,sim,PIRES:MISC|Thaís Pires:PER,sim,do cargo efetivo de Assistente Técnico de Trânsito,do Departamento de Trânsito do Estado do Rio de Janeiro - DETRAN/RJ,"EXONERAR a pedido, THAÍS PIRES DA SILVA , matrícula nº 24/003.673-1, do cargo efetivo de Assistente Técnico de Trânsito, do Departamento de Trânsito do Estado do Rio de Janeiro - DETRAN/RJ, da",https://www.ioerj.com.br/portal/modules/conteudoonline/mostra_edicao.php?session=VWxST1JWRlVhekpOZWtGMFRtcEpOVkpUTURCU1JVMHdURlJzUlZFd1dYUk5lbGt4VGtWRmQxSnFhM3BSYTBrMVRWUmpNMDlVUVRWTlJHTXlUMEU5UFE9PQ==,D:\github\exoneracoes_nomeacoes_dou\LAKE\RJ\2012\10\DOERJ_PARTE_I_PODER_EXECUTIVO_2012-10-19.md
RJ,Diario Oficial do Estado do Rio de Janeiro,2012-10-19,Parte I (Poder Executivo),exoneracao,ADRIANO COSME,,,Governador,1,Wilson Jose Witzel - Governador,Wilson Jose Witzel,Executivo estadual,sim,COSME:MISC|Adriano Cosme:PER,sim,do cargo efetivo de Assistente Técnico de Trânsito,do Departamento de Trânsito do Estado do Rio de Janeiro DETRAN/RJ,"EXONERAR a pedido, ADRIANO COSME DA SILVA MARINS , matrícula nº 24/003.779-6, do cargo efetivo de Assistente Técnico de Trânsito, do Departamento de Trânsito do Estado do Rio de Janeiro DETRAN/RJ, da",https://www.ioerj.com.br/portal/modules/conteudoonline/mostra_edicao.php?session=VWxST1JWRlVhekpOZWtGMFRtcEpOVkpUTURCU1JVMHdURlJzUlZFd1dYUk5lbGt4VGtWRmQxSnFhM3BSYTBrMVRWUmpNMDlVUVRWTlJHTXlUMEU5UFE9PQ==,D:\github\exoneracoes_nomeacoes_dou\LAKE\RJ\2012\10\DOERJ_PARTE_I_PODER_EXECUTIVO_2012-10-19.md
RJ,Diario Oficial do Estado do Rio de Janeiro,2012-10-18,Parte I (Poder Executivo),nomeacao,CHRISTIAN CAMPOS FERREIRA,,,Governador,1,Wilson Jose Witzel - Governador,Wilson Jose Witzel,Executivo estadual,sim,CAMPOS FERREIRA:MISC|Christian Campos Ferreira:PER,sim,para exercer o cargo em comissão de Diretor Executivo,da Fundação Saúde,"NOMEAR CHRISTIAN CAMPOS FERREIRA para exercer o cargo em comissão de Diretor Executivo, símbolo DE, da Fundação Saúde, da",https://www.ioerj.com.br/portal/modules/conteudoonline/mostra_edicao.php?session=VDBSWk1GRnFUVFJSTUVWMFRtdFZlazlETURCTmExVjNURlZLUjA1NlNYUk5hMVpHVGxSSmQwMUZVVEJQVlUwMVRWUmpNMDlVUVRWTlJHczFUbEU5UFE9PQ==,D:\github\exoneracoes_nomeacoes_dou\LAKE\RJ\2012\10\DOERJ_PARTE_I_PODER_EXECUTIVO_2012-10-18.md
RJ,Diario Oficial do Estado do Rio de Janeiro,2012-10-18,Parte I (Poder Executivo),exoneracao,PRISCILA CARDOSO,,,Governador,1,Wilson Jose Witzel - Governador,Wilson Jose Witzel,Executivo estadual,sim,CARDOSO:MISC|Priscila Cardoso:PER,sim,do cargo em comissão de Coordenador de Grupo de Pesquisa,da Fundação Centro Universitário Estadual da Zona Oeste - UEZO,"EXONERAR a pedido e com validade a contar de 08 de outubro de 2012, PRISCILA CARDOSO DA CRUZ , matrícula nº 969-6, do cargo em comissão de Coordenador de Grupo de Pesquisa, símbolo UEZO-5, da Fundação Centro Universitário Estadual da Zona Oeste - UEZO, da",https://www.ioerj.com.br/portal/modules/conteudoonline/mostra_edicao.php?session=VDBSWk1GRnFUVFJSTUVWMFRtdFZlazlETURCTmExVjNURlZLUjA1NlNYUk5hMVpHVGxSSmQwMUZVVEJQVlUwMVRWUmpNMDlVUVRWTlJHczFUbEU5UFE9PQ==,D:\github\exoneracoes_nomeacoes_dou\LAKE\RJ\2012\10\DOERJ_PARTE_I_PODER_EXECUTIVO_2012-10-18.md
RJ,Diario Oficial do Estado do Rio de Janeiro,2012-10-18,Parte I (Poder Executivo),exoneracao,RENDA E CRÉDITO,,,Governador,1,Wilson Jose Witzel - Governador,Wilson Jose Witzel,Executivo estadual,sim,RENDA:ORG|CRÉDITO:ORG|Renda E Crédito:PER,sim,do cargo em comissão de Superintendente,da Superintendência de Ocupação,"EXONERAR com validade a contar de 08 de outubro de 2012, ANA LUCIA BIZZO DE MAGALHÃES MATTOS , ID. Funcional nº 4235294-0, do cargo em comissão de Superintendente, símbolo DG, da Superintendência de Ocupação, Renda e Crédito, da Subsecretaria de Formação e Qualificação Profissional, da",https://www.ioerj.com.br/portal/modules/conteudoonline/mostra_edicao.php?session=VDBSWk1GRnFUVFJSTUVWMFRtdFZlazlETURCTmExVjNURlZLUjA1NlNYUk5hMVpHVGxSSmQwMUZVVEJQVlUwMVRWUmpNMDlVUVRWTlJHczFUbEU5UFE9PQ==,D:\github\exoneracoes_nomeacoes_dou\LAKE\RJ\2012\10\DOERJ_PARTE_I_PODER_EXECUTIVO_2012-10-18.md
RJ,Diario Oficial do Estado do Rio de Janeiro,2012-10-18,Parte I (Poder Executivo),nomeacao,RENDA E CRÉDITO,,,Governador,1,Wilson Jose Witzel - Governador,Wilson Jose Witzel,Executivo estadual,sim,RENDA:ORG|CRÉDITO:ORG|Renda E Crédito:PER,sim,,da Superintendência de Ocupação,"NOMEAR ERICK BRITO BERMUDES DE CASTRO , ID. Funcional nº 4417656-2, para exercer, com validade a contar de 08 de outubro de 2012, o cargo em comissão de Superintendente, símbolo DG, da Superintendência de Ocupação, Renda e Crédito, da Subsecretaria de Formação e Qualificação Profissional, da",https://www.ioerj.com.br/portal/modules/conteudoonline/mostra_edicao.php?session=VDBSWk1GRnFUVFJSTUVWMFRtdFZlazlETURCTmExVjNURlZLUjA1NlNYUk5hMVpHVGxSSmQwMUZVVEJQVlUwMVRWUmpNMDlVUVRWTlJHczFUbEU5UFE9PQ==,D:\github\exoneracoes_nomeacoes_dou\LAKE\RJ\2012\10\DOERJ_PARTE_I_PODER_EXECUTIVO_2012-10-18.md
RJ,Diario Oficial do Estado do Rio de Janeiro,2012-10-18,Parte I (Poder Executivo),nomeacao,VITOR JOSÉ SARRAT DA SILVA,,,Secretario,5,Wilson Jose Witzel - Governador,Wilson Jose Witzel,Executivo estadual,sim,JOSÉ SARRAT DA SILVA:PER,sim,,,"NOMEAR VITOR JOSÉ SARRAT DA SILVA para exercer, com validade a contar de 15 de outubro de 2012, o cargo em comissão de Assessor, símbolo DAS-8, do Centro de Tecnologia de Informação e Comunicação do Estado do Rio de Janeiro - PRODERJ, da",https://www.ioerj.com.br/portal/modules/conteudoonline/mostra_edicao.php?session=VDBSWk1GRnFUVFJSTUVWMFRtdFZlazlETURCTmExVjNURlZLUjA1NlNYUk5hMVpHVGxSSmQwMUZVVEJQVlUwMVRWUmpNMDlVUVRWTlJHczFUbEU5UFE9PQ==,D:\github\exoneracoes_nomeacoes_dou\LAKE\RJ\2012\10\DOERJ_PARTE_I_PODER_EXECUTIVO_2012-10-18.md
RJ,Diario Oficial do Estado do Rio de Janeiro,2012-10-18,Parte I (Poder Executivo),exoneracao,CHRISTIAN CAMPOS FERREIRA,,EXONERAR CHRISTIAN CAMPOS FERREIRA DO CARGO EM COMISSÃO DE,Diretor,8,Wilson Jose Witzel - Governador,Wilson Jose Witzel,Executivo estadual,sim,CAMPOS FERREIRA:MISC|Christian Campos Ferreira:PER,sim,do cargo em comissão de Diretor Geral,da Superintendência de Unidades Próprias,"EXONERAR CHRISTIAN CAMPOS FERREIRA do cargo em comissão de Diretor Geral, símbolo DAS-8, do Hospital Estadual Adão Pereira Nunes, da Superintendência de Unidades Próprias, da Subsecretaria de Unidades Próprias, da",https://www.ioerj.com.br/portal/modules/conteudoonline/mostra_edicao.php?session=VDBSWk1GRnFUVFJSTUVWMFRtdFZlazlETURCTmExVjNURlZLUjA1NlNYUk5hMVpHVGxSSmQwMUZVVEJQVlUwMVRWUmpNMDlVUVRWTlJHczFUbEU5UFE9PQ==,D:\github\exoneracoes_nomeacoes_dou\LAKE\RJ\2012\10\DOERJ_PARTE_I_PODER_EXECUTIVO_2012-10-18.md
RJ,Diario Oficial do Estado do Rio de Janeiro,2012-10-18,Parte I (Poder Executivo),nomeacao,FERNANDO RAPHAEL DE ALMEIDA FERRY,,,Secretario,5,Wilson Jose Witzel - Governador,Wilson Jose Witzel,Executivo estadual,sim,FERNANDO RAPHAEL DE ALMEIDA FERRY:PER,sim,para exercer o cargo em comissão de Diretor de Divisão,da Superintendência de Unidades Próprias,"NOMEAR FERNANDO RAPHAEL DE ALMEIDA FERRY para exercer o cargo em comissão de Diretor de Divisão, símbolo DAS7, da Divisão Técnica, do Hospital Estadual Carlos Chagas, da Superintendência de Unidades Próprias, da Subsecretaria de Unidades Próprias, da",https://www.ioerj.com.br/portal/modules/conteudoonline/mostra_edicao.php?session=VDBSWk1GRnFUVFJSTUVWMFRtdFZlazlETURCTmExVjNURlZLUjA1NlNYUk5hMVpHVGxSSmQwMUZVVEJQVlUwMVRWUmpNMDlVUVRWTlJHczFUbEU5UFE9PQ==,D:\github\exoneracoes_nomeacoes_dou\LAKE\RJ\2012\10\DOERJ_PARTE_I_PODER_EXECUTIVO_2012-10-18.md
RJ,Diario Oficial do Estado do Rio de Janeiro,2012-10-16,Parte I (Poder Executivo),nomeacao,VANESSA PEDRO,,,Governador,1,Wilson Jose Witzel - Governador,Wilson Jose Witzel,Executivo estadual,sim,Vanessa Pedro:PER,sim,para exercer o cargo em comissão de Primeiro Solista,da Fundação Teatro Municipal do Rio de Janeiro - FTM/RJ,"NOMEAR VANESSA PEDRO DA SILVA MENEZES , matrícula nº 29/4238-1, para exercer o cargo em comissão de Primeiro Solista, símbolo FTM-5, da Corpo de Baile, da Diretoria Artística, da Fundação Teatro Municipal do Rio de Janeiro - FTM/RJ, da",https://www.ioerj.com.br/portal/modules/conteudoonline/mostra_edicao.php?session=VW1wck1FNTZWa05QUkdkMFVWUkplRkY1TURCT1ZVNUdURlJuZDFFd1JYUlNSRVYzVG10Wk5GRnFaM2RSZWtsNlRWUmpNMDlVUVRWTmFrRjZUbWM5UFE9PQ==,D:\github\exoneracoes_nomeacoes_dou\LAKE\RJ\2012\10\DOERJ_PARTE_I_PODER_EXECUTIVO_2012-10-16.md
RJ,Diario Oficial do Estado do Rio de Janeiro,2012-10-16,Parte I (Poder Executivo),nomeacao,VICENTE DE PAULO LYRA FILHO,,,Governador,1,Wilson Jose Witzel - Governador,Wilson Jose Witzel,Executivo estadual,sim,VICENTE DE PAULO LYRA FILHO:PER,sim,,da Superintendência de Regulação,"NOMEAR VICENTE DE PAULO LYRA FILHO para exercer, com validade a contar de 29 de agosto de 2012, o cargo em comissão de Assessor, símbolo DAS-7, da Coordenação Geral das Centrais de Regionais de Saúde, da Superintendência de Regulação, da Subsecretaria de Atenção à Saúde, da",https://www.ioerj.com.br/portal/modules/conteudoonline/mostra_edicao.php?session=VW1wck1FNTZWa05QUkdkMFVWUkplRkY1TURCT1ZVNUdURlJuZDFFd1JYUlNSRVYzVG10Wk5GRnFaM2RSZWtsNlRWUmpNMDlVUVRWTmFrRjZUbWM5UFE9PQ==,D:\github\exoneracoes_nomeacoes_dou\LAKE\RJ\2012\10\DOERJ_PARTE_I_PODER_EXECUTIVO_2012-10-16.md
RJ,Diario Oficial do Estado do Rio de Janeiro,2012-10-16,Parte I (Poder Executivo),exoneracao,MARIA JULIA TAVARES,,,Governador,1,Wilson Jose Witzel - Governador,Wilson Jose Witzel,Executivo estadual,sim,MARIA JULIA TAVARES:PER,sim,do cargo em comissão de Assessor,,"EXONERAR a pedido e com validade a contar de 01 de outubro de 2012, MARIA JULIA TAVARES DA CUNHA MELLO , matrícula nº 6109699-6, do cargo em comissão de Assessor, símbolo DAS7, da Assessoria Jurídica, da",https://www.ioerj.com.br/portal/modules/conteudoonline/mostra_edicao.php?session=VW1wck1FNTZWa05QUkdkMFVWUkplRkY1TURCT1ZVNUdURlJuZDFFd1JYUlNSRVYzVG10Wk5GRnFaM2RSZWtsNlRWUmpNMDlVUVRWTmFrRjZUbWM5UFE9PQ==,D:\github\exoneracoes_nomeacoes_dou\LAKE\RJ\2012\10\DOERJ_PARTE_I_PODER_EXECUTIVO_2012-10-16.md
RJ,Diario Oficial do Estado do Rio de Janeiro,2012-10-16,Parte I (Poder Executivo),nomeacao,JULIANA BATALHA KNACKFUSS,,,Governador,1,Wilson Jose Witzel - Governador,Wilson Jose Witzel,Executivo estadual,sim,JULIANA:PER,sim,da Assessoria Jurídica,,"NOMEAR JULIANA BATALHA KNACKFUSS para exercer, com validade a contar de 01 de outubro de 2012, o cargo em comissão de Assessor, símbolo DAS-7, da Assessoria Jurídica, da",https://www.ioerj.com.br/portal/modules/conteudoonline/mostra_edicao.php?session=VW1wck1FNTZWa05QUkdkMFVWUkplRkY1TURCT1ZVNUdURlJuZDFFd1JYUlNSRVYzVG10Wk5GRnFaM2RSZWtsNlRWUmpNMDlVUVRWTmFrRjZUbWM5UFE9PQ==,D:\github\exoneracoes_nomeacoes_dou\LAKE\RJ\2012\10\DOERJ_PARTE_I_PODER_EXECUTIVO_2012-10-16.md
RJ,Diario Oficial do Estado do Rio de Janeiro,2012-10-16,Parte I (Poder Executivo),exoneracao,RICARDO SANTOS,,,Governador,1,Wilson Jose Witzel - Governador,Wilson Jose Witzel,Executivo estadual,sim,RICARDO SANTOS:PER,sim,do cargo em comissão de Coordenador de Coordenação,da Superintendência Pedagógica,"EXONERAR com validade a contar de 01 de outubro de 2012, RICARDO SANTOS DA COSTA , matrícula nº 0929706-0, do cargo em comissão de Coordenador de Coordenação, símbolo DAS-7, da Coordenação do Programa Escola Aberta, da Diretoria Geral de Programas e Projetos, da Superintendência Pedagógica, da Subsecretaria de Gestão de Ensino, da",https://www.ioerj.com.br/portal/modules/conteudoonline/mostra_edicao.php?session=VW1wck1FNTZWa05QUkdkMFVWUkplRkY1TURCT1ZVNUdURlJuZDFFd1JYUlNSRVYzVG10Wk5GRnFaM2RSZWtsNlRWUmpNMDlVUVRWTmFrRjZUbWM5UFE9PQ==,D:\github\exoneracoes_nomeacoes_dou\LAKE\RJ\2012\10\DOERJ_PARTE_I_PODER_EXECUTIVO_2012-10-16.md
RJ,Diario Oficial do Estado do Rio de Janeiro,2012-10-16,Parte I (Poder Executivo),nomeacao,RICARDO SANTOS,,,Governador,1,Wilson Jose Witzel - Governador,Wilson Jose Witzel,Executivo estadual,sim,RICARDO SANTOS:PER,sim,,da Superintendência de Infraestrutura,"NOMEAR RICARDO SANTOS DA COSTA , matrícula nº 0929706-0, para exercer, com validade a contar de 01 de outubro de 2012, o cargo em comissão de Assessor, símbolo DAS-7, da Superintendência de Infraestrutura, da Subsecretaria de Infraestrutura e Tecnologia, da",https://www.ioerj.com.br/portal/modules/conteudoonline/mostra_edicao.php?session=VW1wck1FNTZWa05QUkdkMFVWUkplRkY1TURCT1ZVNUdURlJuZDFFd1JYUlNSRVYzVG10Wk5GRnFaM2RSZWtsNlRWUmpNMDlVUVRWTmFrRjZUbWM5UFE9PQ==,D:\github\exoneracoes_nomeacoes_dou\LAKE\RJ\2012\10\DOERJ_PARTE_I_PODER_EXECUTIVO_2012-10-16.md
RJ,Diario Oficial do Estado do Rio de Janeiro,2012-10-16,Parte I (Poder Executivo),nomeacao,ELY OLIVEIRA DIAS,,,Governador,1,Wilson Jose Witzel - Governador,Wilson Jose Witzel,Executivo estadual,sim,OLIVEIRA:ORG|Ely Oliveira Dias:PER,sim,,da Subsecretaria de Infraestrutura e Tecnologia,"NOMEAR ELY OLIVEIRA DIAS para exercer, com validade a contar de 07 de outubro de 2012, o cargo em comissão de Assistente II, símbolo DAI-6, da Subsecretaria de Infraestrutura e Tecnologia, da",https://www.ioerj.com.br/portal/modules/conteudoonline/mostra_edicao.php?session=VW1wck1FNTZWa05QUkdkMFVWUkplRkY1TURCT1ZVNUdURlJuZDFFd1JYUlNSRVYzVG10Wk5GRnFaM2RSZWtsNlRWUmpNMDlVUVRWTmFrRjZUbWM5UFE9PQ==,D:\github\exoneracoes_nomeacoes_dou\LAKE\RJ\2012\10\DOERJ_PARTE_I_PODER_EXECUTIVO_2012-10-16.md
RJ,Diario Oficial do Estado do Rio de Janeiro,2012-10-16,Parte I (Poder Executivo),exoneracao,RENAN LIMA NASCIMENTO,,,Governador,1,Wilson Jose Witzel - Governador,Wilson Jose Witzel,Executivo estadual,sim,RENAN LIMA NASCIMENTO:PER,sim,do cargo em comissão de Assistente I,da Fundação Teatro Municipal do Rio de Janeiro - FTM/RJ,"EXONERAR RENAN LIMA NASCIMENTO do cargo em comissão de Assistente I, símbolo DAI-6, da Fundação Teatro Municipal do Rio de Janeiro - FTM/RJ, da",https://www.ioerj.com.br/portal/modules/conteudoonline/mostra_edicao.php?session=VW1wck1FNTZWa05QUkdkMFVWUkplRkY1TURCT1ZVNUdURlJuZDFFd1JYUlNSRVYzVG10Wk5GRnFaM2RSZWtsNlRWUmpNMDlVUVRWTmFrRjZUbWM5UFE9PQ==,D:\github\exoneracoes_nomeacoes_dou\LAKE\RJ\2012\10\DOERJ_PARTE_I_PODER_EXECUTIVO_2012-10-16.md
RJ,Diario Oficial do Estado do Rio de Janeiro,2012-10-16,Parte I (Poder Executivo),nomeacao,FERNANDA BERTINO ALGEBAILE DA SILVA,,,Secretario,5,Wilson Jose Witzel - Governador,Wilson Jose Witzel,Executivo estadual,sim,FERNANDA BERTINO:PER,sim,,,"NOMEAR FERNANDA BERTINO ALGEBAILE DA SILVA para exercer, com validade a contar de 15 de outubro de 2012, o cargo em comissão de Assessor de Projetos III, símbolo DAS-6, do Escritório de Gerenciamento de Projetos do Governo do Rio - EGP-Rio, da",https://www.ioerj.com.br/portal/modules/conteudoonline/mostra_edicao.php?session=VW1wck1FNTZWa05QUkdkMFVWUkplRkY1TURCT1ZVNUdURlJuZDFFd1JYUlNSRVYzVG10Wk5GRnFaM2RSZWtsNlRWUmpNMDlVUVRWTmFrRjZUbWM5UFE9PQ==,D:\github\exoneracoes_nomeacoes_dou\LAKE\RJ\2012\10\DOERJ_PARTE_I_PODER_EXECUTIVO_2012-10-16.md
RJ,Diario Oficial do Estado do Rio de Janeiro,2012-10-16,Parte I (Poder Executivo),nomeacao,ALESSANDRO DE ARAUJO DO NASCIMENTO,4371593-1,,Secretario,5,Wilson Jose Witzel - Governador,Wilson Jose Witzel,Executivo estadual,sim,ALESSANDRO:MISC|ARAUJO DO NASCIMENTO:MISC|Alessandro De Araujo Do Nascimento:PER,sim,,da Superintendência Geral de Inteligência do Sistema Penitenciário,"NOMEAR ALESSANDRO DE ARAUJO DO NASCIMENTO, Inspetor Seg. Administração Penitenciária, ID Funcional nº 4371593-1, para exercer, com validade a contar de 05 de setembro de 2012, o cargo em comissão de Diretor de Divisão, símbolo DAS-6, da Divisão de Contra-inteligência, da Superintendência Geral de Inteligência do Sistema Penitenciário, da",https://www.ioerj.com.br/portal/modules/conteudoonline/mostra_edicao.php?session=VW1wck1FNTZWa05QUkdkMFVWUkplRkY1TURCT1ZVNUdURlJuZDFFd1JYUlNSRVYzVG10Wk5GRnFaM2RSZWtsNlRWUmpNMDlVUVRWTmFrRjZUbWM5UFE9PQ==,D:\github\exoneracoes_nomeacoes_dou\LAKE\RJ\2012\10\DOERJ_PARTE_I_PODER_EXECUTIVO_2012-10-16.md
RJ,Diario Oficial do Estado do Rio de Janeiro,2012-10-16,Parte I (Poder Executivo),nomeacao,DANILO FERREIRA DA SILVA,,,Secretario,5,Wilson Jose Witzel - Governador,Wilson Jose Witzel,Executivo estadual,sim,DANILO:MISC|Danilo Ferreira Da Silva:PER,sim,,do Departamento Geral de Ações Sócioeducativas - DEGASE,"NOMEAR DANILO FERREIRA DA SILVA para exercer, com validade a contar de 12 de setembro de 2012, o cargo em comissão de Ajudante I, símbolo DAI-1, do Departamento Geral de Ações Sócioeducativas - DEGASE, da",https://www.ioerj.com.br/portal/modules/conteudoonline/mostra_edicao.php?session=VW1wck1FNTZWa05QUkdkMFVWUkplRkY1TURCT1ZVNUdURlJuZDFFd1JYUlNSRVYzVG10Wk5GRnFaM2RSZWtsNlRWUmpNMDlVUVRWTmFrRjZUbWM5UFE9PQ==,D:\github\exoneracoes_nomeacoes_dou\LAKE\RJ\2012\10\DOERJ_PARTE_I_PODER_EXECUTIVO_2012-10-16.md
RJ,Diario Oficial do Estado do Rio de Janeiro,2012-10-16,Parte I (Poder Executivo),exoneracao,CARLA GONÇALVES,4404733-9,,Secretario,5,Wilson Jose Witzel - Governador,Wilson Jose Witzel,Executivo estadual,sim,CARLA GONÇALVES:PER,sim,do cargo em comissão de Coordenador,da Superintendência de Política de Trabalho,"EXONERAR com validade a contar de 08 de outubro de 2012, CARLA GONÇALVES DA SILVA , ID Funcional nº 4404733-9, do cargo em comissão de Coordenador, símbolo DAS-8, da Coordenadoria de Promoção de Mão-de-Obra, da Superintendência de Política de Trabalho, da Subsecretaria-Adjunta de Atendimento ao Trabalhador e Relações Trabalhistas, da Subsecretaria, da",https://www.ioerj.com.br/portal/modules/conteudoonline/mostra_edicao.php?session=VW1wck1FNTZWa05QUkdkMFVWUkplRkY1TURCT1ZVNUdURlJuZDFFd1JYUlNSRVYzVG10Wk5GRnFaM2RSZWtsNlRWUmpNMDlVUVRWTmFrRjZUbWM5UFE9PQ==,D:\github\exoneracoes_nomeacoes_dou\LAKE\RJ\2012\10\DOERJ_PARTE_I_PODER_EXECUTIVO_2012-10-16.md
RJ,Diario Oficial do Estado do Rio de Janeiro,2012-10-16,Parte I (Poder Executivo),exoneracao,PAULO ANDRÉ,,,Secretario,5,Wilson Jose Witzel - Governador,Wilson Jose Witzel,Executivo estadual,sim,PAULO ANDRÉ:PER,sim,do cargo em comissão de Assessor,do Departamento Geral de Administração e Finanças,"EXONERAR com validade a contar de 08 de outubro de 2012, PAULO ANDRÉ DA COSTA MARQUES , ID. Funcional nº 4394746-8, do cargo em comissão de Assessor, símbolo DAS-7, do Departamento Geral de Administração e Finanças, da",https://www.ioerj.com.br/portal/modules/conteudoonline/mostra_edicao.php?session=VW1wck1FNTZWa05QUkdkMFVWUkplRkY1TURCT1ZVNUdURlJuZDFFd1JYUlNSRVYzVG10Wk5GRnFaM2RSZWtsNlRWUmpNMDlVUVRWTmFrRjZUbWM5UFE9PQ==,D:\github\exoneracoes_nomeacoes_dou\LAKE\RJ\2012\10\DOERJ_PARTE_I_PODER_EXECUTIVO_2012-10-16.md
RJ,Diario Oficial do Estado do Rio de Janeiro,2012-10-16,Parte I (Poder Executivo),nomeacao,EDSON MENDES,4408070-0,,Secretario,5,Wilson Jose Witzel - Governador,Wilson Jose Witzel,Executivo estadual,sim,EDSON MENDES:PER,sim,,da Subsecretaria-Adjunta de Atendimento ao Trabalhador e Relações Trabalhistas,"NOMEAR EDSON MENDES DA SILVA , ID Funcional nº 4408070-0, para exercer, com validade a contar de 08 de outubro de 2012, o cargo em comissão de Assistente, símbolo DAS-6, da Subsecretaria-Adjunta de Atendimento ao Trabalhador e Relações Trabalhistas, da Subsecretaria, da",https://www.ioerj.com.br/portal/modules/conteudoonline/mostra_edicao.php?session=VW1wck1FNTZWa05QUkdkMFVWUkplRkY1TURCT1ZVNUdURlJuZDFFd1JYUlNSRVYzVG10Wk5GRnFaM2RSZWtsNlRWUmpNMDlVUVRWTmFrRjZUbWM5UFE9PQ==,D:\github\exoneracoes_nomeacoes_dou\LAKE\RJ\2012\10\DOERJ_PARTE_I_PODER_EXECUTIVO_2012-10-16.md
RJ,Diario Oficial do Estado do Rio de Janeiro,2012-10-16,Parte I (Poder Executivo),exoneracao,MARIANA SOUZA BARROS DE QUEIROZ,,,Secretario,5,Wilson Jose Witzel - Governador,Wilson Jose Witzel,Executivo estadual,sim,SOUZA BARROS:LOC|QUEIROZ:MISC|Mariana Souza Barros:PER,sim,do cargo em comissão de Assistente,da Superintendência de Formação e Qualificação Profissional,"EXONERAR com validade a contar de 08 de outubro de 2012, MARIANA SOUZA BARROS DE QUEIROZ do cargo em comissão de Assistente, símbolo DAS-6, da Superintendência de Formação e Qualificação Profissional, da",https://www.ioerj.com.br/portal/modules/conteudoonline/mostra_edicao.php?session=VW1wck1FNTZWa05QUkdkMFVWUkplRkY1TURCT1ZVNUdURlJuZDFFd1JYUlNSRVYzVG10Wk5GRnFaM2RSZWtsNlRWUmpNMDlVUVRWTmFrRjZUbWM5UFE9PQ==,D:\github\exoneracoes_nomeacoes_dou\LAKE\RJ\2012\10\DOERJ_PARTE_I_PODER_EXECUTIVO_2012-10-16.md
RJ,Diario Oficial do Estado do Rio de Janeiro,2012-10-16,Parte I (Poder Executivo),nomeacao,CARLA GONÇALVES,4404733-9,,Secretario,5,Wilson Jose Witzel - Governador,Wilson Jose Witzel,Executivo estadual,sim,CARLA GONÇALVES:PER,sim,,do Departamento Geral de Administração e Finanças,"NOMEAR CARLA GONÇALVES DA SILVA , ID Funcional nº 4404733-9, para exercer, com validade a contar de 08 de outubro de 2012, o cargo em comissão de Diretor, símbolo DAS-6, da Divisão de Direitos e Vantagens, do Departamento Geral de Administração e Finanças, da",https://www.ioerj.com.br/portal/modules/conteudoonline/mostra_edicao.php?session=VW1wck1FNTZWa05QUkdkMFVWUkplRkY1TURCT1ZVNUdURlJuZDFFd1JYUlNSRVYzVG10Wk5GRnFaM2RSZWtsNlRWUmpNMDlVUVRWTmFrRjZUbWM5UFE9PQ==,D:\github\exoneracoes_nomeacoes_dou\LAKE\RJ\2012\10\DOERJ_PARTE_I_PODER_EXECUTIVO_2012-10-16.md
RJ,Diario Oficial do Estado do Rio de Janeiro,2012-10-16,Parte I (Poder Executivo),nomeacao,PAULO ANDRÉ,,,Secretario,5,Wilson Jose Witzel - Governador,Wilson Jose Witzel,Executivo estadual,sim,PAULO ANDRÉ:PER,sim,,do Departamento Geral de Administração e Finanças,"NOMEAR PAULO ANDRÉ DA COSTA MARQUES , ID. Funcional nº 4394746-8, para exercer, com validade a contar de 08 de outubro de 2012, o cargo em comissão de Diretor de Divisão, símbolo DAS-6, da Divisão de Acompanhamento de Convênios e Prestação de Contas, do Departamento Geral de Administração e Finanças, da",https://www.ioerj.com.br/portal/modules/conteudoonline/mostra_edicao.php?session=VW1wck1FNTZWa05QUkdkMFVWUkplRkY1TURCT1ZVNUdURlJuZDFFd1JYUlNSRVYzVG10Wk5GRnFaM2RSZWtsNlRWUmpNMDlVUVRWTmFrRjZUbWM5UFE9PQ==,D:\github\exoneracoes_nomeacoes_dou\LAKE\RJ\2012\10\DOERJ_PARTE_I_PODER_EXECUTIVO_2012-10-16.md
RJ,Diario Oficial do Estado do Rio de Janeiro,2012-10-16,Parte I (Poder Executivo),nomeacao,VITOR NOGUEIRA JUNGER,,,Secretario,5,Wilson Jose Witzel - Governador,Wilson Jose Witzel,Executivo estadual,sim,NOGUEIRA JUNGER:MISC|Nogueira Junger:PER,sim,,,"NOMEAR VITOR NOGUEIRA JUNGER para exercer, com validade a contar de 08 de outubro de 2012, o cargo em comissão de Assistente II, símbolo DAI-6, da",https://www.ioerj.com.br/portal/modules/conteudoonline/mostra_edicao.php?session=VW1wck1FNTZWa05QUkdkMFVWUkplRkY1TURCT1ZVNUdURlJuZDFFd1JYUlNSRVYzVG10Wk5GRnFaM2RSZWtsNlRWUmpNMDlVUVRWTmFrRjZUbWM5UFE9PQ==,D:\github\exoneracoes_nomeacoes_dou\LAKE\RJ\2012\10\DOERJ_PARTE_I_PODER_EXECUTIVO_2012-10-16.md
RJ,Diario Oficial do Estado do Rio de Janeiro,2012-10-16,Parte I (Poder Executivo),exoneracao,ROSA MARIA NEVES PATRICIO,,,Secretario,5,Wilson Jose Witzel - Governador,Wilson Jose Witzel,Executivo estadual,sim,ROSA MARIA:PER,sim,do cargo em comissão de Assistente II,,"EXONERAR com validade a contar de 08 de outubro de 2012, ROSA MARIA NEVES PATRICIO DA SILVEIRA , ID. Funcional nº 4417616-3, do cargo em comissão de Assistente II, símbolo DAI-6, da",https://www.ioerj.com.br/portal/modules/conteudoonline/mostra_edicao.php?session=VW1wck1FNTZWa05QUkdkMFVWUkplRkY1TURCT1ZVNUdURlJuZDFFd1JYUlNSRVYzVG10Wk5GRnFaM2RSZWtsNlRWUmpNMDlVUVRWTmFrRjZUbWM5UFE9PQ==,D:\github\exoneracoes_nomeacoes_dou\LAKE\RJ\2012\10\DOERJ_PARTE_I_PODER_EXECUTIVO_2012-10-16.md
RJ,Diario Oficial do Estado do Rio de Janeiro,2012-10-15,Parte I (Poder Executivo),nomeacao,ROBERTA DA SILVA MACEDO MELLO,,,Secretario,5,Wilson Jose Witzel - Governador,Wilson Jose Witzel,Executivo estadual,sim,ROBERTA DA SILVA:LOC|MELLO:ORG|Roberta Da Silva Macedo Mello:PER,sim,para exercer o cargo em comissão de Assessor,,"NOMEAR ROBERTA DA SILVA MACEDO MELLO para exercer o cargo em comissão de Assessor, símbolo DAS-7, da Se- Onde se lê",https://www.ioerj.com.br/portal/modules/conteudoonline/mostra_edicao.php?session=VDFSVmVVNTZRWGxTVlZGMFVUQlJNMUZUTURCU2EwMHpURlJvUmxKcVVYUlJNRVpEVFdwbk1sRjZWVEJOZWtFMFRWUmpNMDlVUVRWTmFrVTBUVkU5UFE9PQ==,D:\github\exoneracoes_nomeacoes_dou\LAKE\RJ\2012\10\DOERJ_PARTE_I_PODER_EXECUTIVO_2012-10-15.md
RJ,Diario Oficial do Estado do Rio de Janeiro,2012-10-15,Parte I (Poder Executivo),nomeacao,CARLOS HENRIQUE DAS NEVEZ BRAZ,,,Secretario,5,Wilson Jose Witzel - Governador,Wilson Jose Witzel,Executivo estadual,sim,CARLOS HENRIQUE DAS NEVEZ BRAZ:PER,sim,,da Fundação Teatro Municipal do Rio de Janeiro - FTM/RJ,"NOMEAR CARLOS HENRIQUE DAS NEVEZ BRAZ para exercer, com validade a contar de 01 de setembro de 2012, o cargo em comissão de Assessor, símbolo DAS-8, da Fundação Teatro Municipal do Rio de Janeiro - FTM/RJ, da",https://www.ioerj.com.br/portal/modules/conteudoonline/mostra_edicao.php?session=VDFSVmVVNTZRWGxTVlZGMFVUQlJNMUZUTURCU2EwMHpURlJvUmxKcVVYUlJNRVpEVFdwbk1sRjZWVEJOZWtFMFRWUmpNMDlVUVRWTmFrVTBUVkU5UFE9PQ==,D:\github\exoneracoes_nomeacoes_dou\LAKE\RJ\2012\10\DOERJ_PARTE_I_PODER_EXECUTIVO_2012-10-15.md
RJ,Diario Oficial do Estado do Rio de Janeiro,2012-10-15,Parte I (Poder Executivo),nomeacao,ANGELA GUIMARÃES SOUZA,,,Secretario,5,Wilson Jose Witzel - Governador,Wilson Jose Witzel,Executivo estadual,sim,ANGELA GUIMARÃES SOUZA:MISC|Angela Guimarães Souza:PER,sim,,da Fundação Teatro Municipal do Rio de Janeiro -FTM/RJ,"NOMEAR ANGELA GUIMARÃES SOUZA para exercer, com validade a contar de 01 de setembro de 2012, o cargo em comissão de Assistente I, símbolo DAI-6, da Fundação Teatro Municipal do Rio de Janeiro -FTM/RJ, da",https://www.ioerj.com.br/portal/modules/conteudoonline/mostra_edicao.php?session=VDFSVmVVNTZRWGxTVlZGMFVUQlJNMUZUTURCU2EwMHpURlJvUmxKcVVYUlJNRVpEVFdwbk1sRjZWVEJOZWtFMFRWUmpNMDlVUVRWTmFrVTBUVkU5UFE9PQ==,D:\github\exoneracoes_nomeacoes_dou\LAKE\RJ\2012\10\DOERJ_PARTE_I_PODER_EXECUTIVO_2012-10-15.md
RJ,Diario Oficial do Estado do Rio de Janeiro,2012-10-15,Parte I (Poder Executivo),nomeacao,CLAUDIO LOPES DE ALMEIDA,,,Secretario,5,Wilson Jose Witzel - Governador,Wilson Jose Witzel,Executivo estadual,sim,CLAUDIO LOPES DE ALMEIDA:PER,sim,,da Fundação Teatro Municipal do Rio de Janeiro - FTM/RJ,"NOMEAR CLAUDIO LOPES DE ALMEIDA para exercer, com validade a contar de 01 de setembro de 2012, o cargo em comissão de Chefe de Serviço, símbolo DAI-6, do Serviço de Engenharia e Manutenção, da Divisão de Engenharia, Arquitetura e Manutenção, da Diretoria Administrativa e Financeira, da Fundação Teatro Municipal do Rio de Janeiro - FTM/RJ, da",https://www.ioerj.com.br/portal/modules/conteudoonline/mostra_edicao.php?session=VDFSVmVVNTZRWGxTVlZGMFVUQlJNMUZUTURCU2EwMHpURlJvUmxKcVVYUlJNRVpEVFdwbk1sRjZWVEJOZWtFMFRWUmpNMDlVUVRWTmFrVTBUVkU5UFE9PQ==,D:\github\exoneracoes_nomeacoes_dou\LAKE\RJ\2012\10\DOERJ_PARTE_I_PODER_EXECUTIVO_2012-10-15.md
RJ,Diario Oficial do Estado do Rio de Janeiro,2012-10-15,Parte I (Poder Executivo),nomeacao,ANGELA MENDES,,,Secretario,5,Wilson Jose Witzel - Governador,Wilson Jose Witzel,Executivo estadual,sim,ANGELA MENDES:PER,sim,para exercer o cargo em comissão de Chefe de Serviço,da Fundação Teatro Municipal do Rio de Janeiro - FTM/RJ,"NOMEAR ANGELA MENDES DA COSTA , matrícula nº 90332-8, para exercer o cargo em comissão de Chefe de Serviço, símbolo DAI-6, do Serviço de Planejamento, Orçamento e Controle, da Divisão de Orçamento e Finanças, da Diretoria Administrativa e Financeira, da Fundação Teatro Municipal do Rio de Janeiro - FTM/RJ, da",https://www.ioerj.com.br/portal/modules/conteudoonline/mostra_edicao.php?session=VDFSVmVVNTZRWGxTVlZGMFVUQlJNMUZUTURCU2EwMHpURlJvUmxKcVVYUlJNRVpEVFdwbk1sRjZWVEJOZWtFMFRWUmpNMDlVUVRWTmFrVTBUVkU5UFE9PQ==,D:\github\exoneracoes_nomeacoes_dou\LAKE\RJ\2012\10\DOERJ_PARTE_I_PODER_EXECUTIVO_2012-10-15.md
RJ,Diario Oficial do Estado do Rio de Janeiro,2012-10-15,Parte I (Poder Executivo),nomeacao,ANDREA CHAPELLEN RODRIGUES,,,Secretario,5,Wilson Jose Witzel - Governador,Wilson Jose Witzel,Executivo estadual,sim,ANDREA CHAPELLEN RODRIGUES:PER,sim,,da Fundação Teatro Municipal do Rio de Janeiro - FTM/RJ,"NOMEAR ANDREA CHAPELLEN RODRIGUES para exercer, com validade a contar de 01 de setembro de 2012, o cargo em comissão de Encarregado, símbolo DAI-4, da Fundação Teatro Municipal do Rio de Janeiro - FTM/RJ, da",https://www.ioerj.com.br/portal/modules/conteudoonline/mostra_edicao.php?session=VDFSVmVVNTZRWGxTVlZGMFVUQlJNMUZUTURCU2EwMHpURlJvUmxKcVVYUlJNRVpEVFdwbk1sRjZWVEJOZWtFMFRWUmpNMDlVUVRWTmFrVTBUVkU5UFE9PQ==,D:\github\exoneracoes_nomeacoes_dou\LAKE\RJ\2012\10\DOERJ_PARTE_I_PODER_EXECUTIVO_2012-10-15.md
RJ,Diario Oficial do Estado do Rio de Janeiro,2012-10-15,Parte I (Poder Executivo),nomeacao,KELLY KAROLINE OTAVIANO KRUGER,,,Secretario,5,Wilson Jose Witzel - Governador,Wilson Jose Witzel,Executivo estadual,sim,KELLY KAROLINE OTAVIANO KRUGER:MISC|Kelly Karoline Otaviano Kruger:PER,sim,,da Fundação Teatro Municipal do Rio de Janeiro - FTM/RJ,"NOMEAR KELLY KAROLINE OTAVIANO KRUGER para exercer, com validade a contar de 01 de setembro de 2012, o cargo em comissão de Secretário, símbolo DAI-4, da Fundação Teatro Municipal do Rio de Janeiro - FTM/RJ, da",https://www.ioerj.com.br/portal/modules/conteudoonline/mostra_edicao.php?session=VDFSVmVVNTZRWGxTVlZGMFVUQlJNMUZUTURCU2EwMHpURlJvUmxKcVVYUlJNRVpEVFdwbk1sRjZWVEJOZWtFMFRWUmpNMDlVUVRWTmFrVTBUVkU5UFE9PQ==,D:\github\exoneracoes_nomeacoes_dou\LAKE\RJ\2012\10\DOERJ_PARTE_I_PODER_EXECUTIVO_2012-10-15.md
RJ,Diario Oficial do Estado do Rio de Janeiro,2012-10-11,Parte I (Poder Executivo),nomeacao,PAULO HENRIQUE FEIJÓ,,,Governador,1,Wilson Jose Witzel - Governador,Wilson Jose Witzel,Executivo estadual,sim,PAULO HENRIQUE FEIJÓ:PER,sim,da Assessoria Especial,da Subsecretaria de Fazenda para Assuntos Jurídicos,"NOMEAR PAULO HENRIQUE FEIJÓ DA SILVA , Analista de Finanças e Controle, para exercer, com validade a contar de 04 de setembro de 2012, o cargo em comissão de Assessor Especial, símbolo DG, da Assessoria Especial, da Subsecretaria de Fazenda para Assuntos Jurídicos, da",https://www.ioerj.com.br/portal/modules/conteudoonline/mostra_edicao.php?session=VVRCVk1VNUVXVEJQVkVsMFQxUnJNMUZUTURCTlZGcERURlZGZWsxNlZYUlNSRTVIVVdwWk1FMVZUVFZOUlVwR1RWUmpNMDlVUVRWTmFsRjVUbWM5UFE9PQ==,D:\github\exoneracoes_nomeacoes_dou\LAKE\RJ\2012\10\DOERJ_PARTE_I_PODER_EXECUTIVO_2012-10-11.md
RJ,Diario Oficial do Estado do Rio de Janeiro,2012-10-11,Parte I (Poder Executivo),nomeacao,LÍVIA RAMOS MUNIZ,,,Governador,1,Wilson Jose Witzel - Governador,Wilson Jose Witzel,Executivo estadual,sim,LÍVIA RAMOS MUNIZ:PER,sim,da Assessoria de Comunicação Social,,"NOMEAR LÍVIA RAMOS MUNIZ, Técnico do Serviço Federal de Processamento de Dados, para exercer, com validade a contar de 12 de setembro de 2012, o cargo em comissão de Assessor-Chefe, símbolo DG, da Assessoria de Comunicação Social, da",https://www.ioerj.com.br/portal/modules/conteudoonline/mostra_edicao.php?session=VVRCVk1VNUVXVEJQVkVsMFQxUnJNMUZUTURCTlZGcERURlZGZWsxNlZYUlNSRTVIVVdwWk1FMVZUVFZOUlVwR1RWUmpNMDlVUVRWTmFsRjVUbWM5UFE9PQ==,D:\github\exoneracoes_nomeacoes_dou\LAKE\RJ\2012\10\DOERJ_PARTE_I_PODER_EXECUTIVO_2012-10-11.md
RJ,Diario Oficial do Estado do Rio de Janeiro,2012-10-11,Parte I (Poder Executivo),nomeacao,ORLANDO BARBOSA DA SILVA SOLHES,,,Governador,1,Wilson Jose Witzel - Governador,Wilson Jose Witzel,Executivo estadual,sim,ORLANDO BARBOSA DA SILVA SOLHES:PER,sim,para exercer o cargo em comissão de Coordenador Regional,,"NOMEAR ORLANDO BARBOSA DA SILVA SOLHES para exercer o cargo em comissão de Coordenador Regional, símbolo DAS-10, da",https://www.ioerj.com.br/portal/modules/conteudoonline/mostra_edicao.php?session=VVRCVk1VNUVXVEJQVkVsMFQxUnJNMUZUTURCTlZGcERURlZGZWsxNlZYUlNSRTVIVVdwWk1FMVZUVFZOUlVwR1RWUmpNMDlVUVRWTmFsRjVUbWM5UFE9PQ==,D:\github\exoneracoes_nomeacoes_dou\LAKE\RJ\2012\10\DOERJ_PARTE_I_PODER_EXECUTIVO_2012-10-11.md
RJ,Diario Oficial do Estado do Rio de Janeiro,2012-10-11,Parte I (Poder Executivo),nomeacao,LEVI BARBOSA DE LIMA,,,Secretario,5,Wilson Jose Witzel - Governador,Wilson Jose Witzel,Executivo estadual,sim,LEVI BARBOSA DE:PER,sim,,,"NOMEAR LEVI BARBOSA DE LIMA para exercer, com validade a contar de 01 de outubro de 2012, o cargo em comissão de Chefe de Equipe, símbolo DAI-3, da",https://www.ioerj.com.br/portal/modules/conteudoonline/mostra_edicao.php?session=VVRCVk1VNUVXVEJQVkVsMFQxUnJNMUZUTURCTlZGcERURlZGZWsxNlZYUlNSRTVIVVdwWk1FMVZUVFZOUlVwR1RWUmpNMDlVUVRWTmFsRjVUbWM5UFE9PQ==,D:\github\exoneracoes_nomeacoes_dou\LAKE\RJ\2012\10\DOERJ_PARTE_I_PODER_EXECUTIVO_2012-10-11.md
RJ,Diario Oficial do Estado do Rio de Janeiro,2012-10-11,Parte I (Poder Executivo),nomeacao,MARCELLE LEITE CALIL PETRUS,,,Secretario,5,Wilson Jose Witzel - Governador,Wilson Jose Witzel,Executivo estadual,sim,MARCELLE:ORG|Marcelle Leite Calil Petrus:PER,sim,,da Subsecretaria de Finanças,"NOMEAR MARCELLE LEITE CALIL PETRUS para exercer, com validade a contar de 27 de setembro de 2012, o cargo em comissão de Assessor, símbolo DAS-8, da Subsecretaria de Finanças, da",https://www.ioerj.com.br/portal/modules/conteudoonline/mostra_edicao.php?session=VVRCVk1VNUVXVEJQVkVsMFQxUnJNMUZUTURCTlZGcERURlZGZWsxNlZYUlNSRTVIVVdwWk1FMVZUVFZOUlVwR1RWUmpNMDlVUVRWTmFsRjVUbWM5UFE9PQ==,D:\github\exoneracoes_nomeacoes_dou\LAKE\RJ\2012\10\DOERJ_PARTE_I_PODER_EXECUTIVO_2012-10-11.md
RJ,Diario Oficial do Estado do Rio de Janeiro,2012-10-11,Parte I (Poder Executivo),nomeacao,ANA CRISTINA SILVA DA COSTA FRANCO PEREIRA,,,Secretario,5,Wilson Jose Witzel - Governador,Wilson Jose Witzel,Executivo estadual,sim,ANA CRISTINA SILVA:PER,sim,,da Superintendência do Tesouro Estadual,"NOMEAR ANA CRISTINA SILVA DA COSTA FRANCO PEREIRA para exercer, com validade a contar de 01 de outubro de 2012, o cargo em comissão de Assistente, símbolo DAS-6, da Coordenação de Análise de Investimentos e Gastos, da Superintendência do Tesouro Estadual, da Subsecretaria de Finanças, da",https://www.ioerj.com.br/portal/modules/conteudoonline/mostra_edicao.php?session=VVRCVk1VNUVXVEJQVkVsMFQxUnJNMUZUTURCTlZGcERURlZGZWsxNlZYUlNSRTVIVVdwWk1FMVZUVFZOUlVwR1RWUmpNMDlVUVRWTmFsRjVUbWM5UFE9PQ==,D:\github\exoneracoes_nomeacoes_dou\LAKE\RJ\2012\10\DOERJ_PARTE_I_PODER_EXECUTIVO_2012-10-11.md
RJ,Diario Oficial do Estado do Rio de Janeiro,2012-10-11,Parte I (Poder Executivo),nomeacao,TAINA ARAÚJO DE MORAES BARBOSA,,,Secretario,5,Wilson Jose Witzel - Governador,Wilson Jose Witzel,Executivo estadual,sim,ARAÚJO DE:MISC|Taina Araújo De Moraes Barbosa:PER,sim,,da Subsecretaria Geral de Fazenda,"NOMEAR TAINA ARAÚJO DE MORAES BARBOSA para exercer, com validade a contar de 08 de outubro de 2012, o cargo em comissão de Diretor de Divisão, símbolo DAS-6, da Divisão de Formação e Especialização dos Recursos Humanos, da Coordenação de Recursos Humanos e Desenvolvimento de Talentos, da Subsecretaria Geral de Fazenda, da",https://www.ioerj.com.br/portal/modules/conteudoonline/mostra_edicao.php?session=VVRCVk1VNUVXVEJQVkVsMFQxUnJNMUZUTURCTlZGcERURlZGZWsxNlZYUlNSRTVIVVdwWk1FMVZUVFZOUlVwR1RWUmpNMDlVUVRWTmFsRjVUbWM5UFE9PQ==,D:\github\exoneracoes_nomeacoes_dou\LAKE\RJ\2012\10\DOERJ_PARTE_I_PODER_EXECUTIVO_2012-10-11.md
RJ,Diario Oficial do Estado do Rio de Janeiro,2012-10-11,Parte I (Poder Executivo),nomeacao,KARLA DOS SANTOS FURTADO,,,Secretario,5,Wilson Jose Witzel - Governador,Wilson Jose Witzel,Executivo estadual,sim,KARLA DOS SANTOS:MISC|Karla Dos Santos Furtado:PER,sim,,da Subsecretaria de Fazenda para Assuntos Jurídicos,"NOMEAR KARLA DOS SANTOS FURTADO para exercer, com validade a contar de 08 de outubro de 2012, o cargo em comissão de Assistente II, símbolo DAI-6, da Subsecretaria de Fazenda para Assuntos Jurídicos, da",https://www.ioerj.com.br/portal/modules/conteudoonline/mostra_edicao.php?session=VVRCVk1VNUVXVEJQVkVsMFQxUnJNMUZUTURCTlZGcERURlZGZWsxNlZYUlNSRTVIVVdwWk1FMVZUVFZOUlVwR1RWUmpNMDlVUVRWTmFsRjVUbWM5UFE9PQ==,D:\github\exoneracoes_nomeacoes_dou\LAKE\RJ\2012\10\DOERJ_PARTE_I_PODER_EXECUTIVO_2012-10-11.md
RJ,Diario Oficial do Estado do Rio de Janeiro,2012-10-11,Parte I (Poder Executivo),nomeacao,RAQUEL MACIEL DA COSTA BALTAR,,,Secretario,5,Wilson Jose Witzel - Governador,Wilson Jose Witzel,Executivo estadual,sim,RAQUEL:ORG|COSTA BALTAR:LOC|Raquel Maciel Da Costa Baltar:PER,sim,,da Subsecretaria Geral de Fazenda,"NOMEAR RAQUEL MACIEL DA COSTA BALTAR para exercer, com validade a contar de 08 de outubro de 2012, o cargo em comissão de Assistente II, símbolo DAI-6, da Coordenação de Recursos Humanos e Desenvolvimento de Talentos, da Subsecretaria Geral de Fazenda, da",https://www.ioerj.com.br/portal/modules/conteudoonline/mostra_edicao.php?session=VVRCVk1VNUVXVEJQVkVsMFQxUnJNMUZUTURCTlZGcERURlZGZWsxNlZYUlNSRTVIVVdwWk1FMVZUVFZOUlVwR1RWUmpNMDlVUVRWTmFsRjVUbWM5UFE9PQ==,D:\github\exoneracoes_nomeacoes_dou\LAKE\RJ\2012\10\DOERJ_PARTE_I_PODER_EXECUTIVO_2012-10-11.md
RJ,Diario Oficial do Estado do Rio de Janeiro,2012-10-11,Parte I (Poder Executivo),nomeacao,CAROLINE PIRES SILVA,,,Secretario,5,Wilson Jose Witzel - Governador,Wilson Jose Witzel,Executivo estadual,sim,CAROLINE:ORG|Caroline Pires Silva:PER,sim,,,"NOMEAR CAROLINE PIRES SILVA para exercer, com validade a contar de 01 de outubro de 2012, o cargo em comissão de Secretário II, símbolo DAI-5, da Auditoria Geral do Estado, da",https://www.ioerj.com.br/portal/modules/conteudoonline/mostra_edicao.php?session=VVRCVk1VNUVXVEJQVkVsMFQxUnJNMUZUTURCTlZGcERURlZGZWsxNlZYUlNSRTVIVVdwWk1FMVZUVFZOUlVwR1RWUmpNMDlVUVRWTmFsRjVUbWM5UFE9PQ==,D:\github\exoneracoes_nomeacoes_dou\LAKE\RJ\2012\10\DOERJ_PARTE_I_PODER_EXECUTIVO_2012-10-11.md
RJ,Diario Oficial do Estado do Rio de Janeiro,2012-10-11,Parte I (Poder Executivo),nomeacao,RAFAEL GONÇALVES DE PINHO,,,Secretario,5,Wilson Jose Witzel - Governador,Wilson Jose Witzel,Executivo estadual,sim,RAFAEL GONÇALVES:PER,sim,,da Subsecretaria de Fazenda para Assuntos Jurídicos,"NOMEAR RAFAEL GONÇALVES DE PINHO para exercer, com validade a contar de 08 de outubro de 2012, o cargo em comissão de Secretário II, símbolo DAI-5, da Subsecretaria de Fazenda para Assuntos Jurídicos, da",https://www.ioerj.com.br/portal/modules/conteudoonline/mostra_edicao.php?session=VVRCVk1VNUVXVEJQVkVsMFQxUnJNMUZUTURCTlZGcERURlZGZWsxNlZYUlNSRTVIVVdwWk1FMVZUVFZOUlVwR1RWUmpNMDlVUVRWTmFsRjVUbWM5UFE9PQ==,D:\github\exoneracoes_nomeacoes_dou\LAKE\RJ\2012\10\DOERJ_PARTE_I_PODER_EXECUTIVO_2012-10-11.md
RJ,Diario Oficial do Estado do Rio de Janeiro,2012-10-11,Parte I (Poder Executivo),nomeacao,DANIEL KRAICHETE MARTINS,,,Secretario,5,Wilson Jose Witzel - Governador,Wilson Jose Witzel,Executivo estadual,sim,DANIEL:MISC|Daniel Kraichete Martins:PER,sim,,,"NOMEAR DANIEL KRAICHETE MARTINS para exercer, com validade a contar de 01 de outubro de 2012, o cargo em comissão de Assistente, símbolo DAS-6, da",https://www.ioerj.com.br/portal/modules/conteudoonline/mostra_edicao.php?session=VVRCVk1VNUVXVEJQVkVsMFQxUnJNMUZUTURCTlZGcERURlZGZWsxNlZYUlNSRTVIVVdwWk1FMVZUVFZOUlVwR1RWUmpNMDlVUVRWTmFsRjVUbWM5UFE9PQ==,D:\github\exoneracoes_nomeacoes_dou\LAKE\RJ\2012\10\DOERJ_PARTE_I_PODER_EXECUTIVO_2012-10-11.md
RJ,Diario Oficial do Estado do Rio de Janeiro,2012-10-11,Parte I (Poder Executivo),nomeacao,THIAGO GILIBERTI BERSOT GONÇALVES,,,Secretario,5,Wilson Jose Witzel - Governador,Wilson Jose Witzel,Executivo estadual,sim,THIAGO:ORG|BERSOT GONÇALVES:PER,sim,para exercer o cargo em comissão de Assistente,da Subsecretaria Executiva,"NOMEAR THIAGO GILIBERTI BERSOT GONÇALVES para exercer o cargo em comissão de Assistente, símbolo DAS-6, da Subsecretaria Executiva, da",https://www.ioerj.com.br/portal/modules/conteudoonline/mostra_edicao.php?session=VVRCVk1VNUVXVEJQVkVsMFQxUnJNMUZUTURCTlZGcERURlZGZWsxNlZYUlNSRTVIVVdwWk1FMVZUVFZOUlVwR1RWUmpNMDlVUVRWTmFsRjVUbWM5UFE9PQ==,D:\github\exoneracoes_nomeacoes_dou\LAKE\RJ\2012\10\DOERJ_PARTE_I_PODER_EXECUTIVO_2012-10-11.md
RJ,Diario Oficial do Estado do Rio de Janeiro,2012-10-11,Parte I (Poder Executivo),exoneracao,ARNALDO HOROWICZ,,,Secretario,5,Wilson Jose Witzel - Governador,Wilson Jose Witzel,Executivo estadual,sim,ARNALDO HOROWICZ:PER,sim,do cargo em comissão de Ajudante I,,"EXONERAR com validade a contar de 01 de outubro de 2012, ARNALDO HOROWICZ do cargo em comissão de Ajudante I, símbolo DAI-1, da",https://www.ioerj.com.br/portal/modules/conteudoonline/mostra_edicao.php?session=VVRCVk1VNUVXVEJQVkVsMFQxUnJNMUZUTURCTlZGcERURlZGZWsxNlZYUlNSRTVIVVdwWk1FMVZUVFZOUlVwR1RWUmpNMDlVUVRWTmFsRjVUbWM5UFE9PQ==,D:\github\exoneracoes_nomeacoes_dou\LAKE\RJ\2012\10\DOERJ_PARTE_I_PODER_EXECUTIVO_2012-10-11.md
RJ,Diario Oficial do Estado do Rio de Janeiro,2012-10-11,Parte I (Poder Executivo),nomeacao,RODRIGO ALVES SARLO,,,Secretario,5,Wilson Jose Witzel - Governador,Wilson Jose Witzel,Executivo estadual,sim,RODRIGO ALVES:MISC|SARLO:MISC|Rodrigo Alves Sarlo:PER,sim,,da Subsecretaria de Atenção à Saúde,"NOMEAR RODRIGO ALVES SARLO para exercer, com validade a contar de 01 de outubro de 2012, o cargo em comissão de Coordenador, símbolo DAS-8, da Coordenação Geral da Central Estadual de Transplantes, da Subsecretaria de Atenção à Saúde, da",https://www.ioerj.com.br/portal/modules/conteudoonline/mostra_edicao.php?session=VVRCVk1VNUVXVEJQVkVsMFQxUnJNMUZUTURCTlZGcERURlZGZWsxNlZYUlNSRTVIVVdwWk1FMVZUVFZOUlVwR1RWUmpNMDlVUVRWTmFsRjVUbWM5UFE9PQ==,D:\github\exoneracoes_nomeacoes_dou\LAKE\RJ\2012\10\DOERJ_PARTE_I_PODER_EXECUTIVO_2012-10-11.md
RJ,Diario Oficial do Estado do Rio de Janeiro,2012-10-11,Parte I (Poder Executivo),nomeacao,LUIZ CARLOS DE OLIVEIRA SILVA,,,Secretario,5,Wilson Jose Witzel - Governador,Wilson Jose Witzel,Executivo estadual,sim,LUIZ CARLOS DE OLIVEIRA SILVA:PER,sim,para exercer o cargo em comissão de Chefe de Seção,do Departamento Geral de Assistência em Próprios Periféricos,"NOMEAR LUIZ CARLOS DE OLIVEIRA SILVA para exercer o cargo em comissão de Chefe de Seção, símbolo DAI-5, da Seção de Rouparia, do Serviço de Apoio Logístico, da Divisão de Apoio Operacional, do Hospital Eduardo Rabello, do Departamento Geral de Assistência em Próprios Periféricos, da Diretoria de Assistência, do Instituto de Assistência dos Servidores do Estado do Rio de Janeiro IASERJ, da",https://www.ioerj.com.br/portal/modules/conteudoonline/mostra_edicao.php?session=VVRCVk1VNUVXVEJQVkVsMFQxUnJNMUZUTURCTlZGcERURlZGZWsxNlZYUlNSRTVIVVdwWk1FMVZUVFZOUlVwR1RWUmpNMDlVUVRWTmFsRjVUbWM5UFE9PQ==,D:\github\exoneracoes_nomeacoes_dou\LAKE\RJ\2012\10\DOERJ_PARTE_I_PODER_EXECUTIVO_2012-10-11.md
RJ,Diario Oficial do Estado do Rio de Janeiro,2012-10-11,Parte I (Poder Executivo),exoneracao,LIVIA RUTH MOREIRA DE SÁ ROCHA,,,Secretario,5,Wilson Jose Witzel - Governador,Wilson Jose Witzel,Executivo estadual,sim,LIVIA RUTH MOREIRA DE SÁ ROCHA:MISC|Livia Ruth Moreira De Sá Rocha:PER,sim,do cargo em comissão de Assessor,,"EXONERAR com validade a contar de 01 de outubro de 2012, LIVIA RUTH MOREIRA DE SÁ ROCHA do cargo em comissão de Assessor, símbolo DAS-7, da",https://www.ioerj.com.br/portal/modules/conteudoonline/mostra_edicao.php?session=VVRCVk1VNUVXVEJQVkVsMFQxUnJNMUZUTURCTlZGcERURlZGZWsxNlZYUlNSRTVIVVdwWk1FMVZUVFZOUlVwR1RWUmpNMDlVUVRWTmFsRjVUbWM5UFE9PQ==,D:\github\exoneracoes_nomeacoes_dou\LAKE\RJ\2012\10\DOERJ_PARTE_I_PODER_EXECUTIVO_2012-10-11.md
RJ,Diario Oficial do Estado do Rio de Janeiro,2012-10-11,Parte I (Poder Executivo),nomeacao,LUCIENE PIRES MAURÍCIO,,,Secretario,5,Wilson Jose Witzel - Governador,Wilson Jose Witzel,Executivo estadual,sim,LUCIENE:ORG|MAURÍCIO:ORG|Luciene Pires:PER,sim,,,"NOMEAR LUCIENE PIRES MAURÍCIO para exercer, com validade a contar de 01 de outubro de 2012, o cargo em comissão de Assessor, símbolo DAS-7, da",https://www.ioerj.com.br/portal/modules/conteudoonline/mostra_edicao.php?session=VVRCVk1VNUVXVEJQVkVsMFQxUnJNMUZUTURCTlZGcERURlZGZWsxNlZYUlNSRTVIVVdwWk1FMVZUVFZOUlVwR1RWUmpNMDlVUVRWTmFsRjVUbWM5UFE9PQ==,D:\github\exoneracoes_nomeacoes_dou\LAKE\RJ\2012\10\DOERJ_PARTE_I_PODER_EXECUTIVO_2012-10-11.md
RJ,Diario Oficial do Estado do Rio de Janeiro,2012-10-11,Parte I (Poder Executivo),nomeacao,EVANDRO LUIZ DE CARVALHO,,,Secretario,5,Wilson Jose Witzel - Governador,Wilson Jose Witzel,Executivo estadual,sim,LUIZ DE CARVALHO:PER,sim,,,"NOMEAR EVANDRO LUIZ DE CARVALHO para exercer, com validade a contar de 01 de outubro de 2012, o cargo em comissão de Assistente II, símbolo DAI-6, da",https://www.ioerj.com.br/portal/modules/conteudoonline/mostra_edicao.php?session=VVRCVk1VNUVXVEJQVkVsMFQxUnJNMUZUTURCTlZGcERURlZGZWsxNlZYUlNSRTVIVVdwWk1FMVZUVFZOUlVwR1RWUmpNMDlVUVRWTmFsRjVUbWM5UFE9PQ==,D:\github\exoneracoes_nomeacoes_dou\LAKE\RJ\2012\10\DOERJ_PARTE_I_PODER_EXECUTIVO_2012-10-11.md
RJ,Diario Oficial do Estado do Rio de Janeiro,2012-10-11,Parte I (Poder Executivo),nomeacao,ANGELO PINHEIRO PASCOTTO,,,Secretario,5,Wilson Jose Witzel - Governador,Wilson Jose Witzel,Executivo estadual,sim,PINHEIRO PASCOTTO:MISC|Pinheiro Pascotto:PER,sim,,,"NOMEAR ANGELO PINHEIRO PASCOTTO para exercer, com validade a contar de 10 de outubro de 2012, o cargo em comissão de Assistente II, símbolo DAI-6, da",https://www.ioerj.com.br/portal/modules/conteudoonline/mostra_edicao.php?session=VVRCVk1VNUVXVEJQVkVsMFQxUnJNMUZUTURCTlZGcERURlZGZWsxNlZYUlNSRTVIVVdwWk1FMVZUVFZOUlVwR1RWUmpNMDlVUVRWTmFsRjVUbWM5UFE9PQ==,D:\github\exoneracoes_nomeacoes_dou\LAKE\RJ\2012\10\DOERJ_PARTE_I_PODER_EXECUTIVO_2012-10-11.md
RJ,Diario Oficial do Estado do Rio de Janeiro,2012-10-10,Parte I (Poder Executivo),nomeacao,ELOAH FERREIRA TAVARES,,,Secretario,5,Wilson Jose Witzel - Governador,Wilson Jose Witzel,Executivo estadual,sim,FERREIRA:ORG|Ferreira Tavares:PER,sim,,do Departamento de Trânsito do Estado do Rio de Janeiro -DETRAN/RJ,"NOMEAR ELOAH FERREIRA TAVARES para exercer, com validade a contar de 09 de outubro de 2012, o cargo em comissão de Assistente I, símbolo DAS-6, do Departamento de Trânsito do Estado do Rio de Janeiro -DETRAN/RJ, da",https://www.ioerj.com.br/portal/modules/conteudoonline/mostra_edicao.php?session=VGtST1JVMVVXVEZQVkd0MFRsVk5NazFUTURCUmFsRTBURlJyTUZGVlJYUk5NRlpEVFdwWk0wMUVVVEZPTUVsNlRWUmpNMDlVUVRWTmFtTjZUWGM5UFE9PQ==,D:\github\exoneracoes_nomeacoes_dou\LAKE\RJ\2012\10\DOERJ_PARTE_I_PODER_EXECUTIVO_2012-10-10.md
RJ,Diario Oficial do Estado do Rio de Janeiro,2012-10-10,Parte I (Poder Executivo),nomeacao,ALUISIO JOSE,,,Secretario,5,Wilson Jose Witzel - Governador,Wilson Jose Witzel,Executivo estadual,sim,JOSE:PER,sim,,,"NOMEAR ALUISIO JOSE DA SILVA SALGADO ARAUJO , matrícula nº 10036-2, para exercer, com validade a contar de 01 de setembro de 2012, o cargo em comissão de Assistente, símbolo DAS6, do Fundo Único de Previdência Social do Estado do Rio de Janeiro -RIOPREVIDÊNCIA, da",https://www.ioerj.com.br/portal/modules/conteudoonline/mostra_edicao.php?session=VGtST1JVMVVXVEZQVkd0MFRsVk5NazFUTURCUmFsRTBURlJyTUZGVlJYUk5NRlpEVFdwWk0wMUVVVEZPTUVsNlRWUmpNMDlVUVRWTmFtTjZUWGM5UFE9PQ==,D:\github\exoneracoes_nomeacoes_dou\LAKE\RJ\2012\10\DOERJ_PARTE_I_PODER_EXECUTIVO_2012-10-10.md
RJ,Diario Oficial do Estado do Rio de Janeiro,2012-10-10,Parte I (Poder Executivo),nomeacao,MARCIA ROCHA FRANCELINO LOPES,,,Secretario,5,Wilson Jose Witzel - Governador,Wilson Jose Witzel,Executivo estadual,sim,MARCIA ROCHA FRANCELINO LOPES:MISC|Marcia Rocha Francelino Lopes:PER,sim,para exercer o cargo em comissão de Assistente II,da Subsecretaria de Educação,"NOMEAR MARCIA ROCHA FRANCELINO LOPES para exercer o cargo em comissão de Assistente II, símbolo DAI-6, da Subsecretaria de Educação, Valorização e Prevenção, da",https://www.ioerj.com.br/portal/modules/conteudoonline/mostra_edicao.php?session=VGtST1JVMVVXVEZQVkd0MFRsVk5NazFUTURCUmFsRTBURlJyTUZGVlJYUk5NRlpEVFdwWk0wMUVVVEZPTUVsNlRWUmpNMDlVUVRWTmFtTjZUWGM5UFE9PQ==,D:\github\exoneracoes_nomeacoes_dou\LAKE\RJ\2012\10\DOERJ_PARTE_I_PODER_EXECUTIVO_2012-10-10.md
RJ,Diario Oficial do Estado do Rio de Janeiro,2012-10-10,Parte I (Poder Executivo),nomeacao,SIMONE RAMOS DE QUEIROZ SILVA,,,Secretario,5,Wilson Jose Witzel - Governador,Wilson Jose Witzel,Executivo estadual,sim,QUEIROZ SILVA:PER,sim,para exercer o cargo em comissão de Assistente II,da Subsecretaria de Educação,"NOMEAR SIMONE RAMOS DE QUEIROZ SILVA para exercer o cargo em comissão de Assistente II, símbolo DAI-6, da Subsecretaria de Educação, Valorização e Prevenção, da",https://www.ioerj.com.br/portal/modules/conteudoonline/mostra_edicao.php?session=VGtST1JVMVVXVEZQVkd0MFRsVk5NazFUTURCUmFsRTBURlJyTUZGVlJYUk5NRlpEVFdwWk0wMUVVVEZPTUVsNlRWUmpNMDlVUVRWTmFtTjZUWGM5UFE9PQ==,D:\github\exoneracoes_nomeacoes_dou\LAKE\RJ\2012\10\DOERJ_PARTE_I_PODER_EXECUTIVO_2012-10-10.md
RJ,Diario Oficial do Estado do Rio de Janeiro,2012-10-09,Parte I (Poder Executivo),exoneracao,PAULO HENRIQUE,,,Governador,1,Wilson Jose Witzel - Governador,Wilson Jose Witzel,Executivo estadual,sim,PAULO HENRIQUE:PER,sim,do cargo em comissão de Subcorregedor,,"EXONERAR PAULO HENRIQUE DA SILVA RIBEIRO , Delegado de Polícia, matrícula nº 0834854-2, do cargo em comissão de Subcorregedor, símbolo DAS-7(objeto de transformação estabelecida pelo",https://www.ioerj.com.br/portal/modules/conteudoonline/mostra_edicao.php?session=VWtSU1EwMHdSVEpTYWsxMFRrUk5NMUZwTURCUmExWkRURlJzUkUxRVRYUk9WRkY0VG1wbk1GSnFZekJOVlZwRlRWUmpNMDlVUVRWTmFtY3lUWGM5UFE9PQ==,D:\github\exoneracoes_nomeacoes_dou\LAKE\RJ\2012\10\DOERJ_PARTE_I_PODER_EXECUTIVO_2012-10-09.md
RJ,Diario Oficial do Estado do Rio de Janeiro,2012-10-09,Parte I (Poder Executivo),nomeacao,PAULO HENRIQUE,,,Governador,1,Wilson Jose Witzel - Governador,Wilson Jose Witzel,Executivo estadual,sim,PAULO HENRIQUE:PER,sim,para exercer o cargo em comissão de Subcorregedor,,"NOMEAR PAULO HENRIQUE DA SILVA RIBEIRO , Delegado de Polícia, matrícula nº 0834854-2, para exercer o cargo em comissão de Subcorregedor, símbolo DAS-8, da Corregedoria Interna da Polícia Civil, da Polícia Civil do Estado do Rio de Janeiro, da",https://www.ioerj.com.br/portal/modules/conteudoonline/mostra_edicao.php?session=VWtSU1EwMHdSVEpTYWsxMFRrUk5NMUZwTURCUmExWkRURlJzUkUxRVRYUk9WRkY0VG1wbk1GSnFZekJOVlZwRlRWUmpNMDlVUVRWTmFtY3lUWGM5UFE9PQ==,D:\github\exoneracoes_nomeacoes_dou\LAKE\RJ\2012\10\DOERJ_PARTE_I_PODER_EXECUTIVO_2012-10-09.md
RJ,Diario Oficial do Estado do Rio de Janeiro,2012-10-09,Parte I (Poder Executivo),nomeacao,SUELLEN ABREU DE SOUZA,,,Secretario,5,Wilson Jose Witzel - Governador,Wilson Jose Witzel,Executivo estadual,sim,Suellen Abreu De Souza:PER,sim,da Assessoria Jurídica,,"NOMEAR SUELLEN ABREU DE SOUZA para exercer, com validade a contar de 03 de outubro de 2012, o cargo em comissão de Assistente, símbolo DAS-6, da Assessoria Jurídica, do Depósito Público do Estado do Rio de Janeiro - DPE/RJ, da",https://www.ioerj.com.br/portal/modules/conteudoonline/mostra_edicao.php?session=VWtSU1EwMHdSVEpTYWsxMFRrUk5NMUZwTURCUmExWkRURlJzUkUxRVRYUk9WRkY0VG1wbk1GSnFZekJOVlZwRlRWUmpNMDlVUVRWTmFtY3lUWGM5UFE9PQ==,D:\github\exoneracoes_nomeacoes_dou\LAKE\RJ\2012\10\DOERJ_PARTE_I_PODER_EXECUTIVO_2012-10-09.md
RJ,Diario Oficial do Estado do Rio de Janeiro,2012-10-09,Parte I (Poder Executivo),nomeacao,LEANDRO RABELLO DA SILVA,,,Secretario,5,Wilson Jose Witzel - Governador,Wilson Jose Witzel,Executivo estadual,sim,LEANDRO RABELLO DA SILVA:MISC|Leandro Rabello Da Silva:PER,sim,,do Gabinete da Presidência,"NOMEAR LEANDRO RABELLO DA SILVA para exercer, com validade a contar de 01 de outubro de 2012, o cargo em comissão de Assistente III, símbolo DAI-5, do Gabinete da Presidência, do Departamento de Trânsito do Estado do Rio de Janeiro -DETRAN/RJ, da",https://www.ioerj.com.br/portal/modules/conteudoonline/mostra_edicao.php?session=VWtSU1EwMHdSVEpTYWsxMFRrUk5NMUZwTURCUmExWkRURlJzUkUxRVRYUk9WRkY0VG1wbk1GSnFZekJOVlZwRlRWUmpNMDlVUVRWTmFtY3lUWGM5UFE9PQ==,D:\github\exoneracoes_nomeacoes_dou\LAKE\RJ\2012\10\DOERJ_PARTE_I_PODER_EXECUTIVO_2012-10-09.md
RJ,Diario Oficial do Estado do Rio de Janeiro,2012-10-09,Parte I (Poder Executivo),nomeacao,FABIO ARAÚJO GUILHERME DA SILVA,,,Secretario,5,Wilson Jose Witzel - Governador,Wilson Jose Witzel,Executivo estadual,sim,FABIO ARAÚJO:MISC|Fabio Araújo Guilherme:PER,sim,,,"NOMEAR FABIO ARAÚJO GUILHERME DA SILVA para exercer, com validade a contar de 15 de outubro de 2012, o cargo em comissão de Assistente II, símbolo DAI-6, da",https://www.ioerj.com.br/portal/modules/conteudoonline/mostra_edicao.php?session=VWtSU1EwMHdSVEpTYWsxMFRrUk5NMUZwTURCUmExWkRURlJzUkUxRVRYUk9WRkY0VG1wbk1GSnFZekJOVlZwRlRWUmpNMDlVUVRWTmFtY3lUWGM5UFE9PQ==,D:\github\exoneracoes_nomeacoes_dou\LAKE\RJ\2012\10\DOERJ_PARTE_I_PODER_EXECUTIVO_2012-10-09.md
RJ,Diario Oficial do Estado do Rio de Janeiro,2012-10-09,Parte I (Poder Executivo),exoneracao,TÉCNICO DE REGISTRO DE EMPRESAS,,,Secretario,5,Wilson Jose Witzel - Governador,Wilson Jose Witzel,Executivo estadual,sim,TÉCNICO:MISC|De Registro:PER,sim,do cargo em comissão de Secretário II,,"EXONERAR com validade a contar de 01 de outubro de 2012, ACACIO BARRETO DE MELO NETO , Técnico de Registro de Empresas, matrícula nº 700001-1, do cargo em comissão de Secretário II, símbolo DAI-5, da Junta Comercial do Estado do Rio de Janeiro - JUCERJA, da",https://www.ioerj.com.br/portal/modules/conteudoonline/mostra_edicao.php?session=VWtSU1EwMHdSVEpTYWsxMFRrUk5NMUZwTURCUmExWkRURlJzUkUxRVRYUk9WRkY0VG1wbk1GSnFZekJOVlZwRlRWUmpNMDlVUVRWTmFtY3lUWGM5UFE9PQ==,D:\github\exoneracoes_nomeacoes_dou\LAKE\RJ\2012\10\DOERJ_PARTE_I_PODER_EXECUTIVO_2012-10-09.md
RJ,Diario Oficial do Estado do Rio de Janeiro,2012-10-09,Parte I (Poder Executivo),nomeacao,TÉCNICO DE REGISTRO DE EMPRESAS,,,Secretario,5,Wilson Jose Witzel - Governador,Wilson Jose Witzel,Executivo estadual,sim,TÉCNICO:MISC|De Registro:PER,sim,,,"NOMEAR DIOGO RIBEIRO LEMOS , Técnico de Registro de Empresas, matrícula nº 700050-8, para exercer, com validade a contar de 01 de outubro de 2012, o cargo em comissão de Secretário II, símbolo DAI-5, da Junta Comercial do Estado do Rio de Janeiro - JUCERJA, da",https://www.ioerj.com.br/portal/modules/conteudoonline/mostra_edicao.php?session=VWtSU1EwMHdSVEpTYWsxMFRrUk5NMUZwTURCUmExWkRURlJzUkUxRVRYUk9WRkY0VG1wbk1GSnFZekJOVlZwRlRWUmpNMDlVUVRWTmFtY3lUWGM5UFE9PQ==,D:\github\exoneracoes_nomeacoes_dou\LAKE\RJ\2012\10\DOERJ_PARTE_I_PODER_EXECUTIVO_2012-10-09.md
RJ,Diario Oficial do Estado do Rio de Janeiro,2012-10-09,Parte I (Poder Executivo),nomeacao,SEBASTIÃO MARQUES,,,Secretario,5,Wilson Jose Witzel - Governador,Wilson Jose Witzel,Executivo estadual,sim,SEBASTIÃO MARQUES:PER,sim,para exercer o cargo em comissão de Secretário II,,"NOMEAR SEBASTIÃO MARQUES para exercer o cargo em comissão de Secretário II, símbolo DAI-5, da Assessoria Administrativa, da Chefia de Gabinete, da",https://www.ioerj.com.br/portal/modules/conteudoonline/mostra_edicao.php?session=VWtSU1EwMHdSVEpTYWsxMFRrUk5NMUZwTURCUmExWkRURlJzUkUxRVRYUk9WRkY0VG1wbk1GSnFZekJOVlZwRlRWUmpNMDlVUVRWTmFtY3lUWGM5UFE9PQ==,D:\github\exoneracoes_nomeacoes_dou\LAKE\RJ\2012\10\DOERJ_PARTE_I_PODER_EXECUTIVO_2012-10-09.md
RJ,Diario Oficial do Estado do Rio de Janeiro,2012-10-09,Parte I (Poder Executivo),nomeacao,FABIO PEREIRA MARTINS,,,Secretario,5,Wilson Jose Witzel - Governador,Wilson Jose Witzel,Executivo estadual,sim,FABIO PEREIRA MARTINS:MISC|Fabio Pereira Martins:PER,sim,,,"NOMEAR FABIO PEREIRA MARTINS para exercer, com validade a contar de 01 de outubro de 2012, o cargo em comissão de Assessor, símbolo DAS-8, da",https://www.ioerj.com.br/portal/modules/conteudoonline/mostra_edicao.php?session=VWtSU1EwMHdSVEpTYWsxMFRrUk5NMUZwTURCUmExWkRURlJzUkUxRVRYUk9WRkY0VG1wbk1GSnFZekJOVlZwRlRWUmpNMDlVUVRWTmFtY3lUWGM5UFE9PQ==,D:\github\exoneracoes_nomeacoes_dou\LAKE\RJ\2012\10\DOERJ_PARTE_I_PODER_EXECUTIVO_2012-10-09.md
RJ,Diario Oficial do Estado do Rio de Janeiro,2012-10-09,Parte I (Poder Executivo),nomeacao,MARCELO PEIXOTO NOGUEIRA,,,Secretario,5,Wilson Jose Witzel - Governador,Wilson Jose Witzel,Executivo estadual,sim,MARCELO PEIXOTO:MISC|Marcelo Peixoto Nogueira:PER,sim,da Assessoria de Saúde Ambiental,da Superintendência de Territórios e Cidadania,"NOMEAR MARCELO PEIXOTO NOGUEIRA para exercer, com validade a contar de 01 de outubro de 2012, o cargo em comissão de Assessor-Chefe, símbolo DAS-8, da Assessoria de Saúde Ambiental, da Superintendência de Territórios e Cidadania, da Subsecretaria Executiva, da",https://www.ioerj.com.br/portal/modules/conteudoonline/mostra_edicao.php?session=VWtSU1EwMHdSVEpTYWsxMFRrUk5NMUZwTURCUmExWkRURlJzUkUxRVRYUk9WRkY0VG1wbk1GSnFZekJOVlZwRlRWUmpNMDlVUVRWTmFtY3lUWGM5UFE9PQ==,D:\github\exoneracoes_nomeacoes_dou\LAKE\RJ\2012\10\DOERJ_PARTE_I_PODER_EXECUTIVO_2012-10-09.md
RJ,Diario Oficial do Estado do Rio de Janeiro,2012-10-08,Parte I (Poder Executivo),nomeacao,ALINE SILVA DE OLIVEIRA,,,Governador,1,Wilson Jose Witzel - Governador,Wilson Jose Witzel,Executivo estadual,sim,ALINE SILVA:MISC|OLIVEIRA:ORG|Aline Silva De Oliveira:PER,sim,para exercer o cargo em comissão de Supervisor Técnico,da Fundação de Apoio à Escola Técnica do Estado do Rio de Janeiro - FAETEC,"NOMEAR ALINE SILVA DE OLIVEIRA para exercer o cargo em comissão de Supervisor Técnico, símbolo FAETEC 4, da Fundação de Apoio à Escola Técnica do Estado do Rio de Janeiro - FAETEC, da",https://www.ioerj.com.br/portal/modules/conteudoonline/mostra_edicao.php?session=VFhwTk0wNUVaM2xOVkVWMFRtcE5lRkpETURCTk1GVTBURlJuTUZKVVZYUlBSRmwzVWxSck1VMHdTWGRSVlVVelRWUmpNMDlVUVRWTmVrRjVUa0U5UFE9PQ==,D:\github\exoneracoes_nomeacoes_dou\LAKE\RJ\2012\10\DOERJ_PARTE_I_PODER_EXECUTIVO_2012-10-08.md
RJ,Diario Oficial do Estado do Rio de Janeiro,2012-10-08,Parte I (Poder Executivo),nomeacao,LEANDRO CARLOS MARQUES,,,Secretario,5,Wilson Jose Witzel - Governador,Wilson Jose Witzel,Executivo estadual,sim,LEANDRO CARLOS:PER,sim,para exercer o cargo em comissão de Chefe de Seção,,"NOMEAR LEANDRO CARLOS MARQUES para exercer o cargo em comissão de Chefe de Seção, símbolo DAI-5, da Seção de Serviços Gerais, da",https://www.ioerj.com.br/portal/modules/conteudoonline/mostra_edicao.php?session=VFhwTk0wNUVaM2xOVkVWMFRtcE5lRkpETURCTk1GVTBURlJuTUZKVVZYUlBSRmwzVWxSck1VMHdTWGRSVlVVelRWUmpNMDlVUVRWTmVrRjVUa0U5UFE9PQ==,D:\github\exoneracoes_nomeacoes_dou\LAKE\RJ\2012\10\DOERJ_PARTE_I_PODER_EXECUTIVO_2012-10-08.md
RJ,Diario Oficial do Estado do Rio de Janeiro,2012-10-08,Parte I (Poder Executivo),nomeacao,CARLOS EDUARDO DA COSTA ARAÚJO,,,Secretario,5,Wilson Jose Witzel - Governador,Wilson Jose Witzel,Executivo estadual,sim,CARLOS EDUARDO:PER,sim,para exercer o cargo em comissão de Chefe de Setor,,"NOMEAR CARLOS EDUARDO DA COSTA ARAÚJO para exercer o cargo em comissão de Chefe de Setor, símbolo DAI-4, da",https://www.ioerj.com.br/portal/modules/conteudoonline/mostra_edicao.php?session=VFhwTk0wNUVaM2xOVkVWMFRtcE5lRkpETURCTk1GVTBURlJuTUZKVVZYUlBSRmwzVWxSck1VMHdTWGRSVlVVelRWUmpNMDlVUVRWTmVrRjVUa0U5UFE9PQ==,D:\github\exoneracoes_nomeacoes_dou\LAKE\RJ\2012\10\DOERJ_PARTE_I_PODER_EXECUTIVO_2012-10-08.md
RJ,Diario Oficial do Estado do Rio de Janeiro,2012-10-08,Parte I (Poder Executivo),nomeacao,IGOR CARLOS GUEDES,,,Secretario,5,Wilson Jose Witzel - Governador,Wilson Jose Witzel,Executivo estadual,sim,IGOR CARLOS GUEDES:PER,sim,para exercer o cargo em comissão de Assistente II,da Subsecretaria de Gestão Estratégica,"NOMEAR IGOR CARLOS GUEDES para exercer o cargo em comissão de Assistente II, símbolo DAI-6, da Subsecretaria de Gestão Estratégica, da",https://www.ioerj.com.br/portal/modules/conteudoonline/mostra_edicao.php?session=VFhwTk0wNUVaM2xOVkVWMFRtcE5lRkpETURCTk1GVTBURlJuTUZKVVZYUlBSRmwzVWxSck1VMHdTWGRSVlVVelRWUmpNMDlVUVRWTmVrRjVUa0U5UFE9PQ==,D:\github\exoneracoes_nomeacoes_dou\LAKE\RJ\2012\10\DOERJ_PARTE_I_PODER_EXECUTIVO_2012-10-08.md
RJ,Diario Oficial do Estado do Rio de Janeiro,2012-10-08,Parte I (Poder Executivo),nomeacao,VAGNER ARMOND ZAMPIERI,,,Secretario,5,Wilson Jose Witzel - Governador,Wilson Jose Witzel,Executivo estadual,sim,VAGNER:ORG|ARMOND ZAMPIERI:MISC|Vagner Armond Zampieri:PER,sim,,da Subsecretaria de Tecnologia,"NOMEAR VAGNER ARMOND ZAMPIERI para exercer, com validade a contar de 01 de outubro de 2012, o cargo em comissão de Assistente II, símbolo DAI-6, da Subsecretaria de Tecnologia, da",https://www.ioerj.com.br/portal/modules/conteudoonline/mostra_edicao.php?session=VFhwTk0wNUVaM2xOVkVWMFRtcE5lRkpETURCTk1GVTBURlJuTUZKVVZYUlBSRmwzVWxSck1VMHdTWGRSVlVVelRWUmpNMDlVUVRWTmVrRjVUa0U5UFE9PQ==,D:\github\exoneracoes_nomeacoes_dou\LAKE\RJ\2012\10\DOERJ_PARTE_I_PODER_EXECUTIVO_2012-10-08.md
RJ,Diario Oficial do Estado do Rio de Janeiro,2012-10-08,Parte I (Poder Executivo),nomeacao,MARVICK PINTO VIEIRA,,,Secretario,5,Wilson Jose Witzel - Governador,Wilson Jose Witzel,Executivo estadual,sim,MARVICK PINTO VIEIRA:MISC|Marvick Pinto Vieira:PER,sim,,da Superintendência de Tecnologia da Informação e Comunicação,"NOMEAR MARVICK PINTO VIEIRA para exercer, com validade a contar de 10 de setembro de 2012, o cargo em comissão de Assistente II, símbolo DAI-6, da Superintendência de Tecnologia da Informação e Comunicação, da Subsecretaria de Tecnologia, da",https://www.ioerj.com.br/portal/modules/conteudoonline/mostra_edicao.php?session=VFhwTk0wNUVaM2xOVkVWMFRtcE5lRkpETURCTk1GVTBURlJuTUZKVVZYUlBSRmwzVWxSck1VMHdTWGRSVlVVelRWUmpNMDlVUVRWTmVrRjVUa0U5UFE9PQ==,D:\github\exoneracoes_nomeacoes_dou\LAKE\RJ\2012\10\DOERJ_PARTE_I_PODER_EXECUTIVO_2012-10-08.md
RJ,Diario Oficial do Estado do Rio de Janeiro,2012-10-08,Parte I (Poder Executivo),nomeacao,LUCIANA LIMA DE ALMEIDA,,,Secretario,5,Wilson Jose Witzel - Governador,Wilson Jose Witzel,Executivo estadual,sim,LUCIANA LIMA DE ALMEIDA:PER,sim,,da Superintendência de Tecnologia da Informação e Comunicação,"NOMEAR LUCIANA LIMA DE ALMEIDA para exercer, com validade a contar de 03 de setembro de 2012, o cargo em comissão de Assistente II, símbolo DAI-6, da Superintendência de Tecnologia da Informação e Comunicação, da Subsecretaria de Tecnologia, da",https://www.ioerj.com.br/portal/modules/conteudoonline/mostra_edicao.php?session=VFhwTk0wNUVaM2xOVkVWMFRtcE5lRkpETURCTk1GVTBURlJuTUZKVVZYUlBSRmwzVWxSck1VMHdTWGRSVlVVelRWUmpNMDlVUVRWTmVrRjVUa0U5UFE9PQ==,D:\github\exoneracoes_nomeacoes_dou\LAKE\RJ\2012\10\DOERJ_PARTE_I_PODER_EXECUTIVO_2012-10-08.md
RJ,Diario Oficial do Estado do Rio de Janeiro,2012-10-08,Parte I (Poder Executivo),exoneracao,TENENTE-CORONEL PM,2414334-0,,Secretario,5,Wilson Jose Witzel - Governador,Wilson Jose Witzel,Executivo estadual,sim,Tenente-Coronel Pm:PER,sim,do cargo em comissão de Chefe do EM - Comandante Intermediário,,"EXONERAR com validade a contar de 29 de agosto de 2012, SIDNEY CAMARGO DE MELO , Tenente-Coronel PM, ID Funcional nº 2414334-0, do cargo em comissão de Chefe do EM - Comandante Intermediário, símbolo DAS-8, do 1º Comando de Policiamento de Área - 1º CPA, da Polícia Militar do Estado do Rio de Janeiro, da",https://www.ioerj.com.br/portal/modules/conteudoonline/mostra_edicao.php?session=VFhwTk0wNUVaM2xOVkVWMFRtcE5lRkpETURCTk1GVTBURlJuTUZKVVZYUlBSRmwzVWxSck1VMHdTWGRSVlVVelRWUmpNMDlVUVRWTmVrRjVUa0U5UFE9PQ==,D:\github\exoneracoes_nomeacoes_dou\LAKE\RJ\2012\10\DOERJ_PARTE_I_PODER_EXECUTIVO_2012-10-08.md
RJ,Diario Oficial do Estado do Rio de Janeiro,2012-10-08,Parte I (Poder Executivo),nomeacao,TENENTE-CORONEL PM,2414334-0,,Secretario,5,Wilson Jose Witzel - Governador,Wilson Jose Witzel,Executivo estadual,sim,Tenente-Coronel Pm:PER,sim,,,"NOMEAR SIDNEY CAMARGO DE MELO , Tenente-Coronel PM, ID Funcional nº 2414334-0, para exercer, com validade a contar de 30 de agosto de 2012, o cargo em comissão de Comandante, símbolo DAS-7, do 5º BPM, da Polícia Militar do Estado do Rio de Janeiro, da",https://www.ioerj.com.br/portal/modules/conteudoonline/mostra_edicao.php?session=VFhwTk0wNUVaM2xOVkVWMFRtcE5lRkpETURCTk1GVTBURlJuTUZKVVZYUlBSRmwzVWxSck1VMHdTWGRSVlVVelRWUmpNMDlVUVRWTmVrRjVUa0U5UFE9PQ==,D:\github\exoneracoes_nomeacoes_dou\LAKE\RJ\2012\10\DOERJ_PARTE_I_PODER_EXECUTIVO_2012-10-08.md
RJ,Diario Oficial do Estado do Rio de Janeiro,2012-10-08,Parte I (Poder Executivo),exoneracao,CAPITÃO PM,2449774-6,,Secretario,5,Wilson Jose Witzel - Governador,Wilson Jose Witzel,Executivo estadual,sim,CAPITÃO PM:MISC|Capitão Pm:PER,sim,do cargo em comissão de Subchefe do CCI,,"EXONERAR com validade a contar de 03 de setembro de 2012, JAQUELINE VICTÓRIO RIBEIRO DE CARVALHO , Capitão PM, ID Funcional nº 2449774-6, do cargo em comissão de Subchefe do CCI, símbolo DAS-7, do Centro de Comunicação e Informática, da Polícia Militar do Estado do Rio de Janeiro, da",https://www.ioerj.com.br/portal/modules/conteudoonline/mostra_edicao.php?session=VFhwTk0wNUVaM2xOVkVWMFRtcE5lRkpETURCTk1GVTBURlJuTUZKVVZYUlBSRmwzVWxSck1VMHdTWGRSVlVVelRWUmpNMDlVUVRWTmVrRjVUa0U5UFE9PQ==,D:\github\exoneracoes_nomeacoes_dou\LAKE\RJ\2012\10\DOERJ_PARTE_I_PODER_EXECUTIVO_2012-10-08.md
RJ,Diario Oficial do Estado do Rio de Janeiro,2012-10-08,Parte I (Poder Executivo),nomeacao,RITA DE CÁSSIA MORAES,,,Secretario,5,Wilson Jose Witzel - Governador,Wilson Jose Witzel,Executivo estadual,sim,RITA:ORG|MORAES:MISC|Rita De Cássia Moraes:PER,sim,,da Subsecretaria Jurídica e de Corregedoria,"NOMEAR RITA DE CÁSSIA MORAES DA COSTA , ID Fun- cional nº 3006534-8, para exercer, com validade a contar de 05 de setembro de 2012, o cargo em comissão de Assessor, símbolo DAS7, da Coordenação do Núcleo de Corregedoria, da Subsecretaria Jurídica e de Corregedoria, da",https://www.ioerj.com.br/portal/modules/conteudoonline/mostra_edicao.php?session=VFhwTk0wNUVaM2xOVkVWMFRtcE5lRkpETURCTk1GVTBURlJuTUZKVVZYUlBSRmwzVWxSck1VMHdTWGRSVlVVelRWUmpNMDlVUVRWTmVrRjVUa0U5UFE9PQ==,D:\github\exoneracoes_nomeacoes_dou\LAKE\RJ\2012\10\DOERJ_PARTE_I_PODER_EXECUTIVO_2012-10-08.md
RJ,Diario Oficial do Estado do Rio de Janeiro,2012-10-08,Parte I (Poder Executivo),exoneracao,ELIANE ANDRADE,3128645-3,,Secretario,5,Wilson Jose Witzel - Governador,Wilson Jose Witzel,Executivo estadual,sim,ELIANE ANDRADE:PER,sim,do cargo em comissão de Gerente,do Instituto Estadual de Dermatologia Sanitária,"EXONERAR com validade a contar de 17 de julho de 2012, ELIANE ANDRADE DA SILVA , ID Funcional nº 3128645-3, do cargo em comissão de Gerente, símbolo DAS-6, da Gerência de Infraestrutura e Abastecimento, da Divisão Administrativa, do Instituto Estadual de Dermatologia Sanitária, da Superintendência de Unidades Próprias, da Subsecretaria de Unidades Próprias, da",https://www.ioerj.com.br/portal/modules/conteudoonline/mostra_edicao.php?session=VFhwTk0wNUVaM2xOVkVWMFRtcE5lRkpETURCTk1GVTBURlJuTUZKVVZYUlBSRmwzVWxSck1VMHdTWGRSVlVVelRWUmpNMDlVUVRWTmVrRjVUa0U5UFE9PQ==,D:\github\exoneracoes_nomeacoes_dou\LAKE\RJ\2012\10\DOERJ_PARTE_I_PODER_EXECUTIVO_2012-10-08.md
RJ,Diario Oficial do Estado do Rio de Janeiro,2012-10-05,Parte I (Poder Executivo),exoneracao,JOSEILSON LISBOA,1943547-9,,Secretario,5,Wilson Jose Witzel - Governador,Wilson Jose Witzel,Executivo estadual,sim,JOSEILSON LISBOA:PER,sim,do cargo em comissão de Coordenador Setorial II,da Superintendência das Coordenadorias Setoriais de Auditoria da Administração Direta,"EXONERAR JOSEILSON LISBOA DA SILVA , ID Funcional nº 1943547-9, do cargo em comissão de Coordenador Setorial II, símbolo DAS-8, da Coordenadoria Setorial de Auditoria -Ciência e Tecnologia, da Superintendência das Coordenadorias Setoriais de Auditoria da Administração Direta, da Auditoria Geral do Estado, da",https://www.ioerj.com.br/portal/modules/conteudoonline/mostra_edicao.php?session=VFRCWk5GRlVaM2xQVkVWMFVsUm9SbEpwTURCT01FcEhURlJvUlUxVlRYUk5WRnBFVFd0R1JrNUVRVEpTYW1ONlRWUmpNMDlVUVRWTmVra3hUbWM5UFE9PQ==,D:\github\exoneracoes_nomeacoes_dou\LAKE\RJ\2012\10\DOERJ_PARTE_I_PODER_EXECUTIVO_2012-10-05.md
RJ,Diario Oficial do Estado do Rio de Janeiro,2012-10-05,Parte I (Poder Executivo),nomeacao,JULIANA DE LIMA BRANDÃO GUIMARÃES,,,Secretario,5,Wilson Jose Witzel - Governador,Wilson Jose Witzel,Executivo estadual,sim,JULIANA DE LIMA BRANDÃO GUIMARÃES:PER,sim,,da Fundação Instituto de Pesca do Estado do Rio de Janeiro - FIPERJ,"NOMEAR JULIANA DE LIMA BRANDÃO GUIMARÃES para exercer, com validade a contar de 01 de outubro de 2012, o cargo em comissão de Chefe de Unidade, símbolo DAS-7, da Unidade de Tecnologia do Pescado, da Diretoria de Pesquisa e Produção, da Fundação Instituto de Pesca do Estado do Rio de Janeiro - FIPERJ, da",https://www.ioerj.com.br/portal/modules/conteudoonline/mostra_edicao.php?session=VFRCWk5GRlVaM2xQVkVWMFVsUm9SbEpwTURCT01FcEhURlJvUlUxVlRYUk5WRnBFVFd0R1JrNUVRVEpTYW1ONlRWUmpNMDlVUVRWTmVra3hUbWM5UFE9PQ==,D:\github\exoneracoes_nomeacoes_dou\LAKE\RJ\2012\10\DOERJ_PARTE_I_PODER_EXECUTIVO_2012-10-05.md
RJ,Diario Oficial do Estado do Rio de Janeiro,2012-10-05,Parte I (Poder Executivo),nomeacao,LÚCIA ROSADO DE OLIVEIRA,,,Secretario,5,Wilson Jose Witzel - Governador,Wilson Jose Witzel,Executivo estadual,sim,LÚCIA ROSADO DE OLIVEIRA:PER,sim,,da Fundação Instituto de Pesca do Estado do Rio de Janeiro - FIPERJ,"NOMEAR LÚCIA ROSADO DE OLIVEIRA para exercer, com validade a contar de 01 de outubro de 2012, o cargo em comissão de Chefe de Seção, símbolo DAI-5, da Seção de Contabilidade, da Coordenadoria Financeira, da Diretoria de Administração e Finanças, da Fundação Instituto de Pesca do Estado do Rio de Janeiro - FIPERJ, da",https://www.ioerj.com.br/portal/modules/conteudoonline/mostra_edicao.php?session=VFRCWk5GRlVaM2xQVkVWMFVsUm9SbEpwTURCT01FcEhURlJvUlUxVlRYUk5WRnBFVFd0R1JrNUVRVEpTYW1ONlRWUmpNMDlVUVRWTmVra3hUbWM5UFE9PQ==,D:\github\exoneracoes_nomeacoes_dou\LAKE\RJ\2012\10\DOERJ_PARTE_I_PODER_EXECUTIVO_2012-10-05.md
RJ,Diario Oficial do Estado do Rio de Janeiro,2012-10-05,Parte I (Poder Executivo),nomeacao,AMANDA XAVIER RUCSY,,,Secretario,5,Wilson Jose Witzel - Governador,Wilson Jose Witzel,Executivo estadual,sim,XAVIER RUCSY:MISC|Amanda Xavier Rucsy:PER,sim,,da Fundação Instituto de Pesca do Estado do Rio de Janeiro -FIPERJ,"NOMEAR AMANDA XAVIER RUCSY para exercer, com validade a contar de 01 de outubro de 2012, o cargo em comissão de Auxiliar II, símbolo DAI-4, da Fundação Instituto de Pesca do Estado do Rio de Janeiro -FIPERJ, da",https://www.ioerj.com.br/portal/modules/conteudoonline/mostra_edicao.php?session=VFRCWk5GRlVaM2xQVkVWMFVsUm9SbEpwTURCT01FcEhURlJvUlUxVlRYUk5WRnBFVFd0R1JrNUVRVEpTYW1ONlRWUmpNMDlVUVRWTmVra3hUbWM5UFE9PQ==,D:\github\exoneracoes_nomeacoes_dou\LAKE\RJ\2012\10\DOERJ_PARTE_I_PODER_EXECUTIVO_2012-10-05.md
RJ,Diario Oficial do Estado do Rio de Janeiro,2012-10-05,Parte I (Poder Executivo),exoneracao,CLÁUDIO ROBERTO DA SILVA,,,Secretario,5,Wilson Jose Witzel - Governador,Wilson Jose Witzel,Executivo estadual,sim,Cláudio Roberto:PER,sim,do cargo em comissão de Chefe de Equipe Técnica,do Departamento Médico,"EXONERAR com validade a contar de 03 de setembro de 2012, CLÁUDIO ROBERTO DA SILVA do cargo em comissão de Chefe de Equipe Técnica, símbolo DAI-5, do Serviço de Ortopedia, da Divisão de Serviços Cirúrgicos, do Departamento Médico, do Hospital Central, da Diretoria de Assistência, do Instituto de Assistência dos Servidores do Estado do Rio de Janeiro -IASERJ, da",https://www.ioerj.com.br/portal/modules/conteudoonline/mostra_edicao.php?session=VFRCWk5GRlVaM2xQVkVWMFVsUm9SbEpwTURCT01FcEhURlJvUlUxVlRYUk5WRnBFVFd0R1JrNUVRVEpTYW1ONlRWUmpNMDlVUVRWTmVra3hUbWM5UFE9PQ==,D:\github\exoneracoes_nomeacoes_dou\LAKE\RJ\2012\10\DOERJ_PARTE_I_PODER_EXECUTIVO_2012-10-05.md
RJ,Diario Oficial do Estado do Rio de Janeiro,2012-10-05,Parte I (Poder Executivo),exoneracao,MICHELLE TEIXEIRA,,,Secretario,5,Wilson Jose Witzel - Governador,Wilson Jose Witzel,Executivo estadual,sim,MICHELLE TEIXEIRA:MISC|Michelle Teixeira:PER,sim,do cargo em comissão de Chefe de Equipe Técnica,do Departamento de Enfermagem,"EXONERAR MICHELLE TEIXEIRA DA COSTA OLIVEIRA , matrícula nº 08/400856-4, do cargo em comissão de Chefe de Equipe Técnica, símbolo DAI-5, do Departamento de Enfermagem, do Hospital Central, da Diretoria de Assistência, do Instituto de Assistência dos Servidores do Estado do Rio de Janeiro - IASERJ, da",https://www.ioerj.com.br/portal/modules/conteudoonline/mostra_edicao.php?session=VFRCWk5GRlVaM2xQVkVWMFVsUm9SbEpwTURCT01FcEhURlJvUlUxVlRYUk5WRnBFVFd0R1JrNUVRVEpTYW1ONlRWUmpNMDlVUVRWTmVra3hUbWM5UFE9PQ==,D:\github\exoneracoes_nomeacoes_dou\LAKE\RJ\2012\10\DOERJ_PARTE_I_PODER_EXECUTIVO_2012-10-05.md
RJ,Diario Oficial do Estado do Rio de Janeiro,2012-10-05,Parte I (Poder Executivo),exoneracao,RENATA DE QUEIROZ TORRINI DA SILVEIRA AVILA,,,Secretario,5,Wilson Jose Witzel - Governador,Wilson Jose Witzel,Executivo estadual,sim,QUEIROZ TORRINI DA SILVEIRA AVILA:MISC|Renata De Queiroz Torrini:PER,sim,do cargo em comissão de Chefe de Equipe Técnica,do Departamento de Enfermagem,"EXONERAR RENATA DE QUEIROZ TORRINI DA SILVEIRA AVILA, matrícula nº 08/400857-2, do cargo em comissão de Chefe de Equipe Técnica, símbolo DAI-5, da Divisão de Pacientes Externos, do Departamento de Enfermagem, do Hospital Central, da Diretoria de Assistência, do Instituto de Assistência dos Servidores do Estado do Rio de Janeiro - IASERJ, da",https://www.ioerj.com.br/portal/modules/conteudoonline/mostra_edicao.php?session=VFRCWk5GRlVaM2xQVkVWMFVsUm9SbEpwTURCT01FcEhURlJvUlUxVlRYUk5WRnBFVFd0R1JrNUVRVEpTYW1ONlRWUmpNMDlVUVRWTmVra3hUbWM5UFE9PQ==,D:\github\exoneracoes_nomeacoes_dou\LAKE\RJ\2012\10\DOERJ_PARTE_I_PODER_EXECUTIVO_2012-10-05.md
RJ,Diario Oficial do Estado do Rio de Janeiro,2012-10-05,Parte I (Poder Executivo),exoneracao,CARLOS HENRIQUE,0576068-2,,Secretario,5,Wilson Jose Witzel - Governador,Wilson Jose Witzel,Executivo estadual,sim,CARLOS HENRIQUE:PER,sim,do cargo em comissão de Assessor Setorial I,da Superintendência das Coordenadorias Setoriais de Auditoria da Administração Direta,"EXONERAR CARLOS HENRIQUE DA SILVA FONSECA , ID Funcional nº 0576068-2, do cargo em comissão de Assessor Setorial I, símbolo DAS-8, da Coordenadoria Setorial de Auditoria - Segurança, da Superintendência das Coordenadorias Setoriais de Auditoria da Administração Direta, da Auditoria Geral do Estado, da",https://www.ioerj.com.br/portal/modules/conteudoonline/mostra_edicao.php?session=VFRCWk5GRlVaM2xQVkVWMFVsUm9SbEpwTURCT01FcEhURlJvUlUxVlRYUk5WRnBFVFd0R1JrNUVRVEpTYW1ONlRWUmpNMDlVUVRWTmVra3hUbWM5UFE9PQ==,D:\github\exoneracoes_nomeacoes_dou\LAKE\RJ\2012\10\DOERJ_PARTE_I_PODER_EXECUTIVO_2012-10-05.md
RJ,Diario Oficial do Estado do Rio de Janeiro,2012-10-05,Parte I (Poder Executivo),nomeacao,CARLOS HENRIQUE,0576068-2,,Secretario,5,Wilson Jose Witzel - Governador,Wilson Jose Witzel,Executivo estadual,sim,CARLOS HENRIQUE:PER,sim,para exercer o cargo em comissão de Auditor Interno,,"NOMEAR CARLOS HENRIQUE DA SILVA FONSECA , ID Funcional nº 0576068-2, para exercer o cargo em comissão de Auditor Interno, símbolo DAS-6, da Auditoria Geral do Estado, da",https://www.ioerj.com.br/portal/modules/conteudoonline/mostra_edicao.php?session=VFRCWk5GRlVaM2xQVkVWMFVsUm9SbEpwTURCT01FcEhURlJvUlUxVlRYUk5WRnBFVFd0R1JrNUVRVEpTYW1ONlRWUmpNMDlVUVRWTmVra3hUbWM5UFE9PQ==,D:\github\exoneracoes_nomeacoes_dou\LAKE\RJ\2012\10\DOERJ_PARTE_I_PODER_EXECUTIVO_2012-10-05.md
RJ,Diario Oficial do Estado do Rio de Janeiro,2012-10-05,Parte I (Poder Executivo),nomeacao,AGENTE ADMINISTRATIVO II,0054342-3,,Secretario,5,Wilson Jose Witzel - Governador,Wilson Jose Witzel,Executivo estadual,sim,AGENTE ADMINISTRATIVO II:PER,sim,para exercer o cargo em comissão de Secretário II,do Departamento Geral de Administração e Finanças,"NOMEAR FRANKLIN DA SILVA FRANCISCO , Agente Administrativo II, ID Funcional nº 0054342-3, para exercer o cargo em comissão de Secretário II, símbolo DAI-5, do Departamento Geral de Administração e Finanças, da",https://www.ioerj.com.br/portal/modules/conteudoonline/mostra_edicao.php?session=VFRCWk5GRlVaM2xQVkVWMFVsUm9SbEpwTURCT01FcEhURlJvUlUxVlRYUk5WRnBFVFd0R1JrNUVRVEpTYW1ONlRWUmpNMDlVUVRWTmVra3hUbWM5UFE9PQ==,D:\github\exoneracoes_nomeacoes_dou\LAKE\RJ\2012\10\DOERJ_PARTE_I_PODER_EXECUTIVO_2012-10-05.md
RJ,Diario Oficial do Estado do Rio de Janeiro,2012-10-05,Parte I (Poder Executivo),nomeacao,DOUGLAS JIN GUAN DOS SANTOS,,,Secretario,5,Wilson Jose Witzel - Governador,Wilson Jose Witzel,Executivo estadual,sim,DOUGLAS JIN GUAN DOS SANTOS:MISC|Douglas Jin Guan Dos Santos:PER,sim,,,"NOMEAR DOUGLAS JIN GUAN DOS SANTOS para exercer, com validade a contar de 01 de outubro de 2012, o cargo em comissão de Secretário II, símbolo DAI-5, da Contadoria Geral do Estado, da",https://www.ioerj.com.br/portal/modules/conteudoonline/mostra_edicao.php?session=VFRCWk5GRlVaM2xQVkVWMFVsUm9SbEpwTURCT01FcEhURlJvUlUxVlRYUk5WRnBFVFd0R1JrNUVRVEpTYW1ONlRWUmpNMDlVUVRWTmVra3hUbWM5UFE9PQ==,D:\github\exoneracoes_nomeacoes_dou\LAKE\RJ\2012\10\DOERJ_PARTE_I_PODER_EXECUTIVO_2012-10-05.md
RJ,Diario Oficial do Estado do Rio de Janeiro,2012-10-05,Parte I (Poder Executivo),exoneracao,VIVIANE RODRIGUES,,,Secretario,5,Wilson Jose Witzel - Governador,Wilson Jose Witzel,Executivo estadual,sim,VIVIANE RODRIGUES:MISC|Viviane Rodrigues:PER,sim,do cargo em comissão de Secretário I,,"EXONERAR com validade a contar de 01 de outubro de 2012, VIVIANE RODRIGUES DA SILVA , ID. Funcional nº 0004398734, do cargo em comissão de Secretário I, símbolo DAI-4, da",https://www.ioerj.com.br/portal/modules/conteudoonline/mostra_edicao.php?session=VFRCWk5GRlVaM2xQVkVWMFVsUm9SbEpwTURCT01FcEhURlJvUlUxVlRYUk5WRnBFVFd0R1JrNUVRVEpTYW1ONlRWUmpNMDlVUVRWTmVra3hUbWM5UFE9PQ==,D:\github\exoneracoes_nomeacoes_dou\LAKE\RJ\2012\10\DOERJ_PARTE_I_PODER_EXECUTIVO_2012-10-05.md
RJ,Diario Oficial do Estado do Rio de Janeiro,2012-10-05,Parte I (Poder Executivo),nomeacao,ELISÂNGELA CÂNDIDA VILLAR,,,Secretario,5,Wilson Jose Witzel - Governador,Wilson Jose Witzel,Executivo estadual,sim,CÂNDIDA VILLAR:MISC|Elisângela Cândida Villar:PER,sim,,,"NOMEAR ELISÂNGELA CÂNDIDA VILLAR para exercer, com validade a contar de 02 de outubro de 2012, o cargo em comissão de Secretário I, símbolo DAI-4, da",https://www.ioerj.com.br/portal/modules/conteudoonline/mostra_edicao.php?session=VFRCWk5GRlVaM2xQVkVWMFVsUm9SbEpwTURCT01FcEhURlJvUlUxVlRYUk5WRnBFVFd0R1JrNUVRVEpTYW1ONlRWUmpNMDlVUVRWTmVra3hUbWM5UFE9PQ==,D:\github\exoneracoes_nomeacoes_dou\LAKE\RJ\2012\10\DOERJ_PARTE_I_PODER_EXECUTIVO_2012-10-05.md
RJ,Diario Oficial do Estado do Rio de Janeiro,2012-10-05,Parte I (Poder Executivo),exoneracao,PABLO MATOS,,,Secretario,5,Wilson Jose Witzel - Governador,Wilson Jose Witzel,Executivo estadual,sim,PABLO MATOS:PER,sim,do cargo em comissão de Assistente II,,"EXONERAR com validade a contar de 01 de outubro de 2012, PABLO MATOS DA SILVA , ID. Funcional nº 4337285-6, do cargo em comissão de Assistente II, símbolo DAI-6, da",https://www.ioerj.com.br/portal/modules/conteudoonline/mostra_edicao.php?session=VFRCWk5GRlVaM2xQVkVWMFVsUm9SbEpwTURCT01FcEhURlJvUlUxVlRYUk5WRnBFVFd0R1JrNUVRVEpTYW1ONlRWUmpNMDlVUVRWTmVra3hUbWM5UFE9PQ==,D:\github\exoneracoes_nomeacoes_dou\LAKE\RJ\2012\10\DOERJ_PARTE_I_PODER_EXECUTIVO_2012-10-05.md
RJ,Diario Oficial do Estado do Rio de Janeiro,2012-10-05,Parte I (Poder Executivo),nomeacao,PABLO MATOS,,,Secretario,5,Wilson Jose Witzel - Governador,Wilson Jose Witzel,Executivo estadual,sim,PABLO MATOS:PER,sim,,da Superintendência da Lei de Incentivo,"NOMEAR PABLO MATOS DA SILVA , ID. Funcional nº 4337285-6, para exercer, com validade a contar de 01 de outubro de 2012, o cargo em comissão de Coordenador, símbolo DAS-8, da Coordenadoria de Certificado, da Superintendência da Lei de Incentivo, da",https://www.ioerj.com.br/portal/modules/conteudoonline/mostra_edicao.php?session=VFRCWk5GRlVaM2xQVkVWMFVsUm9SbEpwTURCT01FcEhURlJvUlUxVlRYUk5WRnBFVFd0R1JrNUVRVEpTYW1ONlRWUmpNMDlVUVRWTmVra3hUbWM5UFE9PQ==,D:\github\exoneracoes_nomeacoes_dou\LAKE\RJ\2012\10\DOERJ_PARTE_I_PODER_EXECUTIVO_2012-10-05.md
RJ,Diario Oficial do Estado do Rio de Janeiro,2012-10-05,Parte I (Poder Executivo),nomeacao,LIVIA MARTINS FERRAZ,,,Secretario,5,Wilson Jose Witzel - Governador,Wilson Jose Witzel,Executivo estadual,sim,LIVIA MARTINS FERRAZ:PER,sim,,da Fundação Casa França-Brasil,"NOMEAR LIVIA MARTINS FERRAZ para exercer, com validade a contar de 17 de setembro de 2012, o cargo em comissão de Chefe de Divisão, símbolo DAS-6, da Fundação Casa França-Brasil, da",https://www.ioerj.com.br/portal/modules/conteudoonline/mostra_edicao.php?session=VFRCWk5GRlVaM2xQVkVWMFVsUm9SbEpwTURCT01FcEhURlJvUlUxVlRYUk5WRnBFVFd0R1JrNUVRVEpTYW1ONlRWUmpNMDlVUVRWTmVra3hUbWM5UFE9PQ==,D:\github\exoneracoes_nomeacoes_dou\LAKE\RJ\2012\10\DOERJ_PARTE_I_PODER_EXECUTIVO_2012-10-05.md
RJ,Diario Oficial do Estado do Rio de Janeiro,2012-10-04,Parte I (Poder Executivo),nomeacao,NATASHA MOREIRA BARBOSA PINTO,,,Secretario,5,Wilson Jose Witzel - Governador,Wilson Jose Witzel,Executivo estadual,sim,Moreira Barbosa Pinto:PER,sim,,,"NOMEAR NATASHA MOREIRA BARBOSA PINTO para exercer, com validade a contar de 02 de outubro de 2012, o cargo em comissão de Assistente, símbolo DAS-6, da",https://www.ioerj.com.br/portal/modules/conteudoonline/mostra_edicao.php?session=VWtSa1JGSkVWVFZTUkUxMFVrVlJORTVwTURCUlZHaENURlZLUTA1clVYUlJWRVUwVWtWUmVGRlVWVFJOTUZKRlRWUmpNMDlVUVRWTmVsVXdUbWM5UFE9PQ==,D:\github\exoneracoes_nomeacoes_dou\LAKE\RJ\2012\10\DOERJ_PARTE_I_PODER_EXECUTIVO_2012-10-04.md
RJ,Diario Oficial do Estado do Rio de Janeiro,2012-10-04,Parte I (Poder Executivo),nomeacao,BRUNO FERREIRA LEITE,,,Secretario,5,Wilson Jose Witzel - Governador,Wilson Jose Witzel,Executivo estadual,sim,Ferreira Leite:PER,sim,,,"NOMEAR BRUNO FERREIRA LEITE para exercer, com validade a contar de 02 de outubro de 2012, o cargo em comissão de Assistente II, símbolo DAI-6, da",https://www.ioerj.com.br/portal/modules/conteudoonline/mostra_edicao.php?session=VWtSa1JGSkVWVFZTUkUxMFVrVlJORTVwTURCUlZHaENURlZLUTA1clVYUlJWRVUwVWtWUmVGRlVWVFJOTUZKRlRWUmpNMDlVUVRWTmVsVXdUbWM5UFE9PQ==,D:\github\exoneracoes_nomeacoes_dou\LAKE\RJ\2012\10\DOERJ_PARTE_I_PODER_EXECUTIVO_2012-10-04.md
RJ,Diario Oficial do Estado do Rio de Janeiro,2012-10-04,Parte I (Poder Executivo),nomeacao,JULIANA DA SILVA PONCIANO DOMINGUES PARA EXERCER,,,Secretario,5,Wilson Jose Witzel - Governador,Wilson Jose Witzel,Executivo estadual,sim,JULIANA DA SILVA:PER,sim,,,"NOMEAR JULIANA DA SILVA PONCIANO DOMINGUES pa- ra exercer, com validade a contar de 01 de outubro de 2012, o cargo em comissão de Chefe de Serviço, símbolo DAI-6, da",https://www.ioerj.com.br/portal/modules/conteudoonline/mostra_edicao.php?session=VWtSa1JGSkVWVFZTUkUxMFVrVlJORTVwTURCUlZHaENURlZLUTA1clVYUlJWRVUwVWtWUmVGRlVWVFJOTUZKRlRWUmpNMDlVUVRWTmVsVXdUbWM5UFE9PQ==,D:\github\exoneracoes_nomeacoes_dou\LAKE\RJ\2012\10\DOERJ_PARTE_I_PODER_EXECUTIVO_2012-10-04.md
RJ,Diario Oficial do Estado do Rio de Janeiro,2012-10-04,Parte I (Poder Executivo),nomeacao,ARTHUR BERNARDO DA SILVA FERREIRO,,,Secretario,5,Wilson Jose Witzel - Governador,Wilson Jose Witzel,Executivo estadual,sim,ARTHUR BERNARDO DA SILVA:PER,sim,para exercer o cargo em comissão de Gerente,do Departamento de Esportes de Rendimento,"NOMEAR ARTHUR BERNARDO DA SILVA FERREIRO para exercer o cargo em comissão de Gerente, símbolo DAS-8, do Departamento de Esportes de Rendimento, da Vice-Presidência Executiva de Esportes, da Superintendência de Desportos do Estado do Rio de Janeiro - SUDERJ, da",https://www.ioerj.com.br/portal/modules/conteudoonline/mostra_edicao.php?session=VWtSa1JGSkVWVFZTUkUxMFVrVlJORTVwTURCUlZHaENURlZLUTA1clVYUlJWRVUwVWtWUmVGRlVWVFJOTUZKRlRWUmpNMDlVUVRWTmVsVXdUbWM5UFE9PQ==,D:\github\exoneracoes_nomeacoes_dou\LAKE\RJ\2012\10\DOERJ_PARTE_I_PODER_EXECUTIVO_2012-10-04.md
RJ,Diario Oficial do Estado do Rio de Janeiro,2012-10-04,Parte I (Poder Executivo),nomeacao,PAULO CESAR CARMO DE SOUZA QUEIROZ,,,Secretario,5,Wilson Jose Witzel - Governador,Wilson Jose Witzel,Executivo estadual,sim,PAULO CESAR CARMO DE SOUZA QUEIROZ:PER,sim,para exercer o cargo em comissão de Assessor,da Superintendência de Desportos do Estado do Rio de Janeiro -SUDERJ,"NOMEAR PAULO CESAR CARMO DE SOUZA QUEIROZ para exercer o cargo em comissão de Assessor, símbolo DAS-7, da Assessoria de Informática, da Superintendência de Desportos do Estado do Rio de Janeiro -SUDERJ, da",https://www.ioerj.com.br/portal/modules/conteudoonline/mostra_edicao.php?session=VWtSa1JGSkVWVFZTUkUxMFVrVlJORTVwTURCUlZHaENURlZLUTA1clVYUlJWRVUwVWtWUmVGRlVWVFJOTUZKRlRWUmpNMDlVUVRWTmVsVXdUbWM5UFE9PQ==,D:\github\exoneracoes_nomeacoes_dou\LAKE\RJ\2012\10\DOERJ_PARTE_I_PODER_EXECUTIVO_2012-10-04.md
RJ,Diario Oficial do Estado do Rio de Janeiro,2012-10-04,Parte I (Poder Executivo),nomeacao,GABRIEL DE LIMA SANTOS,,,Secretario,5,Wilson Jose Witzel - Governador,Wilson Jose Witzel,Executivo estadual,sim,GABRIEL DE:PER,sim,para exercer o cargo em comissão de Assistente,da Superintendência de Desportos do Estado do Rio de Janeiro -SUDERJ,"NOMEAR GABRIEL DE LIMA SANTOS para exercer o cargo em comissão de Assistente, símbolo DAS-6, da Assessoria de Informática, da Superintendência de Desportos do Estado do Rio de Janeiro -SUDERJ, da",https://www.ioerj.com.br/portal/modules/conteudoonline/mostra_edicao.php?session=VWtSa1JGSkVWVFZTUkUxMFVrVlJORTVwTURCUlZHaENURlZLUTA1clVYUlJWRVUwVWtWUmVGRlVWVFJOTUZKRlRWUmpNMDlVUVRWTmVsVXdUbWM5UFE9PQ==,D:\github\exoneracoes_nomeacoes_dou\LAKE\RJ\2012\10\DOERJ_PARTE_I_PODER_EXECUTIVO_2012-10-04.md
RJ,Diario Oficial do Estado do Rio de Janeiro,2012-10-02,Parte I (Poder Executivo),exoneracao,JOSÉ PAULINO DE CASTRO,,JOSÉ PAULINO DE CASTRO DO CARGO EM COMISSÃO DE,Subsecretario,9,Wilson Jose Witzel - Governador,Wilson Jose Witzel,Executivo estadual,sim,JOSÉ PAULINO DE CASTRO:PER,sim,do cargo em comissão de Subsecretário de Estado,da Subsecretaria de Turismo,"EXONERAR com validade a contar de 01 de outubro de 2012, JOSÉ PAULINO DE CASTRO do cargo em comissão de Subsecretário de Estado, símbolo SS, da Subsecretaria de Turismo, da",https://www.ioerj.com.br/portal/modules/conteudoonline/mostra_edicao.php?session=VFd0R1IxRnJWVFZSVkdOMFRXdE5OVTVETURCT1JGVXpURlZGTVU1NmEzUlNSRUV5VDBWYVJGSlZWVEJOVkd4Q1RWUmpNMDlVUVRWTmVtc3lUVUU5UFE9PQ==,D:\github\exoneracoes_nomeacoes_dou\LAKE\RJ\2012\10\DOERJ_PARTE_I_PODER_EXECUTIVO_2012-10-02.md
RJ,Diario Oficial do Estado do Rio de Janeiro,2012-10-02,Parte I (Poder Executivo),nomeacao,FERNANDA BORDONE ROSA,,,Secretario,5,Wilson Jose Witzel - Governador,Wilson Jose Witzel,Executivo estadual,sim,FERNANDA BORDONE ROSA:PER,sim,,,"NOMEAR FERNANDA BORDONE ROSA para exercer, com validade a contar de 01 de outubro de 2012, o cargo em comissão de Assistente, símbolo DAS-6, da",https://www.ioerj.com.br/portal/modules/conteudoonline/mostra_edicao.php?session=VFd0R1IxRnJWVFZSVkdOMFRXdE5OVTVETURCT1JGVXpURlZGTVU1NmEzUlNSRUV5VDBWYVJGSlZWVEJOVkd4Q1RWUmpNMDlVUVRWTmVtc3lUVUU5UFE9PQ==,D:\github\exoneracoes_nomeacoes_dou\LAKE\RJ\2012\10\DOERJ_PARTE_I_PODER_EXECUTIVO_2012-10-02.md
RJ,Diario Oficial do Estado do Rio de Janeiro,2012-10-02,Parte I (Poder Executivo),nomeacao,NATHALIA BUSCH BOM,,,Secretario,5,Wilson Jose Witzel - Governador,Wilson Jose Witzel,Executivo estadual,sim,NATHALIA:MISC|Nathalia Busch:PER,sim,,,"NOMEAR NATHALIA BUSCH BOM para exercer, com validade a contar de 03 de setembro de 2012, o cargo em comissão de Secretário Executivo, símbolo DAS-6, da",https://www.ioerj.com.br/portal/modules/conteudoonline/mostra_edicao.php?session=VFd0R1IxRnJWVFZSVkdOMFRXdE5OVTVETURCT1JGVXpURlZGTVU1NmEzUlNSRUV5VDBWYVJGSlZWVEJOVkd4Q1RWUmpNMDlVUVRWTmVtc3lUVUU5UFE9PQ==,D:\github\exoneracoes_nomeacoes_dou\LAKE\RJ\2012\10\DOERJ_PARTE_I_PODER_EXECUTIVO_2012-10-02.md
RJ,Diario Oficial do Estado do Rio de Janeiro,2012-10-02,Parte I (Poder Executivo),nomeacao,ASSISTENTE SOCIAL,,,Secretario,5,Wilson Jose Witzel - Governador,Wilson Jose Witzel,Executivo estadual,sim,Assistente Social:PER,sim,para exercer o cargo em comissão de Diretor,do Departamento Geral de Serviço Social,"NOMEAR SONIA DOS SANTOS , Assistente Social, matrícula nº 08/108529-2, para exercer o cargo em comissão de Diretor, símbolo DAS-8, do Departamento Geral de Serviço Social, da Diretoria de Assistência, do Instituto de Assistência dos Servidores do Estado do Rio de Janeiro -IASERJ, da",https://www.ioerj.com.br/portal/modules/conteudoonline/mostra_edicao.php?session=VFd0R1IxRnJWVFZSVkdOMFRXdE5OVTVETURCT1JGVXpURlZGTVU1NmEzUlNSRUV5VDBWYVJGSlZWVEJOVkd4Q1RWUmpNMDlVUVRWTmVtc3lUVUU5UFE9PQ==,D:\github\exoneracoes_nomeacoes_dou\LAKE\RJ\2012\10\DOERJ_PARTE_I_PODER_EXECUTIVO_2012-10-02.md
RJ,Diario Oficial do Estado do Rio de Janeiro,2012-10-02,Parte I (Poder Executivo),exoneracao,CRISTIANE MAGALHAES GOMES DE ALVARENGA,,,Secretario,5,Wilson Jose Witzel - Governador,Wilson Jose Witzel,Executivo estadual,sim,CRISTIANE MAGALHAES GOMES DE ALVARENGA:MISC|Cristiane Magalhaes Gomes De Alvarenga:PER,sim,do cargo em comissão de Chefe de Turma Técnica,do Departamento de Enfermagem,"EXONERAR CRISTIANE MAGALHAES GOMES DE ALVARENGA do cargo em comissão de Chefe de Turma Técnica, símbolo DAI-5, do Serviço Materno Infantil, da Divisão de Pacientes Clínicos, do Departamento de Enfermagem, do Hospital Central, da Diretoria de Assistência, do Instituto de Assistência dos Servidores do Estado do Rio de Janeiro - IASERJ, da",https://www.ioerj.com.br/portal/modules/conteudoonline/mostra_edicao.php?session=VFd0R1IxRnJWVFZSVkdOMFRXdE5OVTVETURCT1JGVXpURlZGTVU1NmEzUlNSRUV5VDBWYVJGSlZWVEJOVkd4Q1RWUmpNMDlVUVRWTmVtc3lUVUU5UFE9PQ==,D:\github\exoneracoes_nomeacoes_dou\LAKE\RJ\2012\10\DOERJ_PARTE_I_PODER_EXECUTIVO_2012-10-02.md
RJ,Diario Oficial do Estado do Rio de Janeiro,2012-10-02,Parte I (Poder Executivo),exoneracao,LUCIANA SEROA,,,Secretario,5,Wilson Jose Witzel - Governador,Wilson Jose Witzel,Executivo estadual,sim,LUCIANA SEROA:MISC|Luciana Seroa:PER,sim,do cargo em comissão de Secretário I,do Departamento Geral de Serviço Social,"EXONERAR LUCIANA SEROA DA MOTTA ARAÚJO , matrícula nº 08/400845-7, do cargo em comissão de Secretário I, símbolo DAI-4, da Divisão de Serviço Social das Unidades Periféricas, do Departamento Geral de Serviço Social, da Diretoria de Assistência, do Instituto de Assistência dos Servidores do Estado do Rio de Janeiro - IASERJ, da",https://www.ioerj.com.br/portal/modules/conteudoonline/mostra_edicao.php?session=VFd0R1IxRnJWVFZSVkdOMFRXdE5OVTVETURCT1JGVXpURlZGTVU1NmEzUlNSRUV5VDBWYVJGSlZWVEJOVkd4Q1RWUmpNMDlVUVRWTmVtc3lUVUU5UFE9PQ==,D:\github\exoneracoes_nomeacoes_dou\LAKE\RJ\2012\10\DOERJ_PARTE_I_PODER_EXECUTIVO_2012-10-02.md
RJ,Diario Oficial do Estado do Rio de Janeiro,2012-10-02,Parte I (Poder Executivo),nomeacao,PAULO ROBERTO SANTARÉM PINHEIRO,,,Secretario,5,Wilson Jose Witzel - Governador,Wilson Jose Witzel,Executivo estadual,sim,Paulo Roberto Santarém Pinheiro:PER,sim,,do Departamento Geral de Administração e Finanças,"NOMEAR PAULO ROBERTO SANTARÉM PINHEIRO para exercer, com validade a contar de 02 de julho de 2012, o cargo em comissão de Diretor de Divisão, símbolo DAS-6, da Divisão de Acompanhamento de Convênios e Prestação de Contas, do Departamento Geral de Administração e Finanças, da",https://www.ioerj.com.br/portal/modules/conteudoonline/mostra_edicao.php?session=VFd0R1IxRnJWVFZSVkdOMFRXdE5OVTVETURCT1JGVXpURlZGTVU1NmEzUlNSRUV5VDBWYVJGSlZWVEJOVkd4Q1RWUmpNMDlVUVRWTmVtc3lUVUU5UFE9PQ==,D:\github\exoneracoes_nomeacoes_dou\LAKE\RJ\2012\10\DOERJ_PARTE_I_PODER_EXECUTIVO_2012-10-02.md
RJ,Diario Oficial do Estado do Rio de Janeiro,2012-10-01,Parte I (Poder Executivo),nomeacao,JAMILA SILVA SANTOS MODESTO,,,Governador,1,Wilson Jose Witzel - Governador,Wilson Jose Witzel,Executivo estadual,sim,JAMILA:ORG|MODESTO:MISC|Jamila Silva Santos Modesto:PER,sim,,,"NOMEAR JAMILA SILVA SANTOS MODESTO para exercer, com validade a contar de 01 de outubro de 2012, o cargo em comissão de Assistente II, símbolo DAI-6, da",https://www.ioerj.com.br/portal/modules/conteudoonline/mostra_edicao.php?session=VFhwQk1sRnJXa0pPVlVWMFRXcHJlRkpETURCTlJVcEdURlJyTUU1NmEzUlNhbXhFVDBSb1FsRlZSVEZOUkZrelRWUmpNMDlVUVRWT1JFMTVUVkU5UFE9PQ==,D:\github\exoneracoes_nomeacoes_dou\LAKE\RJ\2012\10\DOERJ_PARTE_I_PODER_EXECUTIVO_2012-10-01.md
RJ,Diario Oficial do Estado do Rio de Janeiro,2012-10-01,Parte I (Poder Executivo),nomeacao,CARLA FERNANDA NASCIMENTO PARANGABA DANTAS,,,Governador,1,Wilson Jose Witzel - Governador,Wilson Jose Witzel,Executivo estadual,sim,CARLA FERNANDA:PER,sim,,do Gabinete do Secretário,"NOMEAR CARLA FERNANDA NASCIMENTO PARANGABA DANTAS para exercer, com validade a contar de 01 de outubro de 2012, o cargo em comissão de Assistente II, símbolo DAI-6, do Gabinete do Secretário, da",https://www.ioerj.com.br/portal/modules/conteudoonline/mostra_edicao.php?session=VFhwQk1sRnJXa0pPVlVWMFRXcHJlRkpETURCTlJVcEdURlJyTUU1NmEzUlNhbXhFVDBSb1FsRlZSVEZOUkZrelRWUmpNMDlVUVRWT1JFMTVUVkU5UFE9PQ==,D:\github\exoneracoes_nomeacoes_dou\LAKE\RJ\2012\10\DOERJ_PARTE_I_PODER_EXECUTIVO_2012-10-01.md
RJ,Diario Oficial do Estado do Rio de Janeiro,2012-10-01,Parte I (Poder Executivo),nomeacao,CARLOS VINICIUS SILVA GOMES,,,Secretario,5,Wilson Jose Witzel - Governador,Wilson Jose Witzel,Executivo estadual,sim,CARLOS VINICIUS SILVA GOMES:PER,sim,,,"NOMEAR CARLOS VINICIUS SILVA GOMES para exercer, com validade a contar de 01 de outubro de 2012, o cargo em comissão de Assessor, símbolo DAS-7, da",https://www.ioerj.com.br/portal/modules/conteudoonline/mostra_edicao.php?session=VFhwQk1sRnJXa0pPVlVWMFRXcHJlRkpETURCTlJVcEdURlJyTUU1NmEzUlNhbXhFVDBSb1FsRlZSVEZOUkZrelRWUmpNMDlVUVRWT1JFMTVUVkU5UFE9PQ==,D:\github\exoneracoes_nomeacoes_dou\LAKE\RJ\2012\10\DOERJ_PARTE_I_PODER_EXECUTIVO_2012-10-01.md
RJ,Diario Oficial do Estado do Rio de Janeiro,2012-09-28,Parte I (Poder Executivo),nomeacao,ALEXANDRE GONÇALVES XAVIER,,,Secretario,5,Wilson Jose Witzel - Governador,Wilson Jose Witzel,Executivo estadual,sim,ALEXANDRE:MISC|Alexandre Gonçalves Xavier:PER,sim,da Assessoria Jurídica,,"NOMEAR ALEXANDRE GONÇALVES XAVIER para exercer, com validade a contar de 01 de outubro de 2012, o cargo em comissão de Assessor-Chefe, símbolo DAS-8, da Assessoria Jurídica, do Centro de Tecnologia de Informação e Comunicação do Estado do Rio de Janeiro -PRODERJ, da",https://www.ioerj.com.br/portal/modules/conteudoonline/mostra_edicao.php?session=VG5wTk0wNXJTa1pTVkd0MFRrUkJOVTVwTURCTk1GVXpURlJuZVU1cVFYUlBWVnBDVFVSQk0wMUVWWHBPUkZWNlRWUmpNMDlVUVRWT1JHTjVUMUU5UFE9PQ==,D:\github\exoneracoes_nomeacoes_dou\LAKE\RJ\2012\09\DOERJ_PARTE_I_PODER_EXECUTIVO_2012-09-28.md
RJ,Diario Oficial do Estado do Rio de Janeiro,2012-09-28,Parte I (Poder Executivo),nomeacao,FREDERICO BRANDÃO LOREZONI,,,Secretario,5,Wilson Jose Witzel - Governador,Wilson Jose Witzel,Executivo estadual,sim,Frederico Brandão Lorezoni:PER,sim,para exercer o cargo em comissão de Coordenador,da Superintendência de Estudos e Prevenção a Desastres,"NOMEAR FREDERICO BRANDÃO LOREZONI para exercer o cargo em comissão de Coordenador, símbolo DAS-7, da Coordenação de Estudos e Prevenção a Desastres, da Superintendência de Estudos e Prevenção a Desastres, da Subsecretaria Extraordinária da Região Serrana, da",https://www.ioerj.com.br/portal/modules/conteudoonline/mostra_edicao.php?session=VG5wTk0wNXJTa1pTVkd0MFRrUkJOVTVwTURCTk1GVXpURlJuZVU1cVFYUlBWVnBDVFVSQk0wMUVWWHBPUkZWNlRWUmpNMDlVUVRWT1JHTjVUMUU5UFE9PQ==,D:\github\exoneracoes_nomeacoes_dou\LAKE\RJ\2012\09\DOERJ_PARTE_I_PODER_EXECUTIVO_2012-09-28.md
RJ,Diario Oficial do Estado do Rio de Janeiro,2012-09-28,Parte I (Poder Executivo),nomeacao,LUIZA AMÁLIA DE ARRUDA SILVA,,,Secretario,5,Wilson Jose Witzel - Governador,Wilson Jose Witzel,Executivo estadual,sim,LUIZA AMÁLIA DE ARRUDA SILVA:MISC|Luiza Amália:PER,sim,da Assessoria Administrativa,,"NOMEAR LUIZA AMÁLIA DE ARRUDA SILVA para exercer, com validade a contar de 01 de setembro de 2012, o cargo em comissão de Assistente, símbolo DAS-6, da Assessoria Administrativa, da Chefia de Gabinete, da",https://www.ioerj.com.br/portal/modules/conteudoonline/mostra_edicao.php?session=VG5wTk0wNXJTa1pTVkd0MFRrUkJOVTVwTURCTk1GVXpURlJuZVU1cVFYUlBWVnBDVFVSQk0wMUVWWHBPUkZWNlRWUmpNMDlVUVRWT1JHTjVUMUU5UFE9PQ==,D:\github\exoneracoes_nomeacoes_dou\LAKE\RJ\2012\09\DOERJ_PARTE_I_PODER_EXECUTIVO_2012-09-28.md
RJ,Diario Oficial do Estado do Rio de Janeiro,2012-09-28,Parte I (Poder Executivo),nomeacao,LEONARDO OLIVEIRA ROCHA,,,Secretario,5,Wilson Jose Witzel - Governador,Wilson Jose Witzel,Executivo estadual,sim,LEONARDO OLIVEIRA ROCHA:MISC|Leonardo Oliveira Rocha:PER,sim,da Assessoria Administrativa,,"NOMEAR LEONARDO OLIVEIRA ROCHA para exercer, com validade a contar de 24 de setembro de 2012, o cargo em comissão de Assistente II, símbolo DAI-6, da Assessoria Administrativa, da",https://www.ioerj.com.br/portal/modules/conteudoonline/mostra_edicao.php?session=VG5wTk0wNXJTa1pTVkd0MFRrUkJOVTVwTURCTk1GVXpURlJuZVU1cVFYUlBWVnBDVFVSQk0wMUVWWHBPUkZWNlRWUmpNMDlVUVRWT1JHTjVUMUU5UFE9PQ==,D:\github\exoneracoes_nomeacoes_dou\LAKE\RJ\2012\09\DOERJ_PARTE_I_PODER_EXECUTIVO_2012-09-28.md
RJ,Diario Oficial do Estado do Rio de Janeiro,2012-09-28,Parte I (Poder Executivo),nomeacao,PEDRO HENRIQUE SANTOS BRAGA,,,Secretario,5,Wilson Jose Witzel - Governador,Wilson Jose Witzel,Executivo estadual,sim,PEDRO HENRIQUE SANTOS BRAGA:PER,sim,,,"NOMEAR PEDRO HENRIQUE SANTOS BRAGA para exer- cer o cargo em comissão de Ajudante I, símbolo DAI-1, da",https://www.ioerj.com.br/portal/modules/conteudoonline/mostra_edicao.php?session=VG5wTk0wNXJTa1pTVkd0MFRrUkJOVTVwTURCTk1GVXpURlJuZVU1cVFYUlBWVnBDVFVSQk0wMUVWWHBPUkZWNlRWUmpNMDlVUVRWT1JHTjVUMUU5UFE9PQ==,D:\github\exoneracoes_nomeacoes_dou\LAKE\RJ\2012\09\DOERJ_PARTE_I_PODER_EXECUTIVO_2012-09-28.md
RJ,Diario Oficial do Estado do Rio de Janeiro,2012-09-28,Parte I (Poder Executivo),nomeacao,FÁBIO FERNANDES DE FREITAS RODRIGUES,,,Secretario,5,Wilson Jose Witzel - Governador,Wilson Jose Witzel,Executivo estadual,sim,FÁBIO FERNANDES DE FREITAS RODRIGUES:MISC|Fábio Fernandes:PER,sim,para exercer o cargo em comissão de Assistente,do Departamento de Esportes Comunitários,"NOMEAR FÁBIO FERNANDES DE FREITAS RODRIGUES para exercer o cargo em comissão de Assistente, símbolo DAS-6, do Departamento de Esportes Comunitários, da Vice-Presidência Executiva de Esportes, da Superintendência de Desportos do Estado do Rio de Janeiro -SUDERJ, da",https://www.ioerj.com.br/portal/modules/conteudoonline/mostra_edicao.php?session=VG5wTk0wNXJTa1pTVkd0MFRrUkJOVTVwTURCTk1GVXpURlJuZVU1cVFYUlBWVnBDVFVSQk0wMUVWWHBPUkZWNlRWUmpNMDlVUVRWT1JHTjVUMUU5UFE9PQ==,D:\github\exoneracoes_nomeacoes_dou\LAKE\RJ\2012\09\DOERJ_PARTE_I_PODER_EXECUTIVO_2012-09-28.md
RJ,Diario Oficial do Estado do Rio de Janeiro,2012-09-27,Parte I (Poder Executivo),nomeacao,ALLAN ARONI,,,Governador,1,Wilson Jose Witzel - Governador,Wilson Jose Witzel,Executivo estadual,sim,ALLAN ARONI:ORG|Allan Aroni:PER,sim,,,"NOMEAR ALLAN ARONI para provimento no cargo efetivo de Especialista em Políticas Públicas e Gestão Governamental - EPPGG, na classe inicial, do Quadro I - Permanente, da",https://www.ioerj.com.br/portal/modules/conteudoonline/mostra_edicao.php?session=VW1wYVJGRlVVVFZOYTBWMFRVUmFRbEZUTURCUFJWVXdURlJuTVZGclZYUk5SVkV6VWxWSmVsRXdVVEpTVkZVeFRWUmpNMDlVUVRWT1ZFMHpUa0U5UFE9PQ==,D:\github\exoneracoes_nomeacoes_dou\LAKE\RJ\2012\09\DOERJ_PARTE_I_PODER_EXECUTIVO_2012-09-27.md
RJ,Diario Oficial do Estado do Rio de Janeiro,2012-09-27,Parte I (Poder Executivo),nomeacao,ANTONIO HENRIQUE DE ALBUQUERQUE FILHO,,,Governador,1,Wilson Jose Witzel - Governador,Wilson Jose Witzel,Executivo estadual,sim,ANTONIO HENRIQUE DE ALBUQUERQUE FILHO:PER,sim,para exercer o cargo em comissão de Ouvidor,da Autarquia de Proteção e Defesa do Consumidor do Estado do Rio de Janeiro -PROCON-RJ,"NOMEAR ANTONIO HENRIQUE DE ALBUQUERQUE FILHO para exercer o cargo em comissão de Ouvidor, símbolo VP-2, da Autarquia de Proteção e Defesa do Consumidor do Estado do Rio de Janeiro -PROCON-RJ, da",https://www.ioerj.com.br/portal/modules/conteudoonline/mostra_edicao.php?session=VW1wYVJGRlVVVFZOYTBWMFRVUmFRbEZUTURCUFJWVXdURlJuTVZGclZYUk5SVkV6VWxWSmVsRXdVVEpTVkZVeFRWUmpNMDlVUVRWT1ZFMHpUa0U5UFE9PQ==,D:\github\exoneracoes_nomeacoes_dou\LAKE\RJ\2012\09\DOERJ_PARTE_I_PODER_EXECUTIVO_2012-09-27.md
RJ,Diario Oficial do Estado do Rio de Janeiro,2012-09-27,Parte I (Poder Executivo),nomeacao,VALERIA MARIA CARDOSO VIANA,,,Secretario,5,Wilson Jose Witzel - Governador,Wilson Jose Witzel,Executivo estadual,sim,CARDOSO VIANA:MISC|Valeria Maria Cardoso Viana:PER,sim,,da Subsecretaria da Baixada,"NOMEAR VALERIA MARIA CARDOSO VIANA para exercer, com validade a contar de 01 de agosto de 2012, o cargo em comissão de Supervisor Regional do Estado, símbolo DAS-8, da Subsecretaria da Baixada, da",https://www.ioerj.com.br/portal/modules/conteudoonline/mostra_edicao.php?session=VW1wYVJGRlVVVFZOYTBWMFRVUmFRbEZUTURCUFJWVXdURlJuTVZGclZYUk5SVkV6VWxWSmVsRXdVVEpTVkZVeFRWUmpNMDlVUVRWT1ZFMHpUa0U5UFE9PQ==,D:\github\exoneracoes_nomeacoes_dou\LAKE\RJ\2012\09\DOERJ_PARTE_I_PODER_EXECUTIVO_2012-09-27.md
RJ,Diario Oficial do Estado do Rio de Janeiro,2012-09-27,Parte I (Poder Executivo),nomeacao,INSPETOR DE SEGURANÇA ADMINISTRAÇÃO PENITENCIÁRIA,2004983-8,DESPACHOS DO,Secretario de Estado,4,Wilson Jose Witzel - Governador,Wilson Jose Witzel,Executivo estadual,sim,INSPETOR DE SEGURANÇA ADMINISTRAÇÃO:MISC|Inspetor De Segurança Administração Penitenciária:PER,sim,,do Instituto CONVOCAÇÃO 1º CONV,"NOMEAR GLAUCO VINICIOS DE ALCANTARA GOMES , Inspetor de Segurança Administração Penitenciária, ID Funcional nº 2004983-8, para exercer, com validade a contar de 03 de julho de 2012, o cargo em comissão de Subdiretor, símbolo DAS-6, do Instituto CONVOCAÇÃO 1º CONV.RECLAS. ## DESPACHOS DO SECRETÁRIO DE ESTADO CHEFE EM EXERCÍCIO ## DE 26 DE SETEMBRO DE 2012 PROCESSO Nº E-09/037/2524/2012 - AUTORIZO, sem ônus para o Estado, com base no inciso IV do",https://www.ioerj.com.br/portal/modules/conteudoonline/mostra_edicao.php?session=VW1wYVJGRlVVVFZOYTBWMFRVUmFRbEZUTURCUFJWVXdURlJuTVZGclZYUk5SVkV6VWxWSmVsRXdVVEpTVkZVeFRWUmpNMDlVUVRWT1ZFMHpUa0U5UFE9PQ==,D:\github\exoneracoes_nomeacoes_dou\LAKE\RJ\2012\09\DOERJ_PARTE_I_PODER_EXECUTIVO_2012-09-27.md
RJ,Diario Oficial do Estado do Rio de Janeiro,2012-09-27,Parte I (Poder Executivo),exoneracao,ALBERTO DA CONCEIÇÃO ALVES,2001527-4,,Secretario,5,Wilson Jose Witzel - Governador,Wilson Jose Witzel,Executivo estadual,sim,ALBERTO:MISC|CONCEIÇÃO ALVES:MISC|Alberto Da Conceição Alves:PER,sim,do cargo em comissão de Subdiretor,do Instituto Penal Plácido Sá Carvalho,"EXONERAR com validade a contar de 03 de julho de 2012, ALBERTO DA CONCEIÇÃO ALVES DA COSTA , Inspetor de Segurança e Administração Penitenciária, ID Funcional nº 2001527-4, do cargo em comissão de Subdiretor, símbolo DAS-6, do Instituto Penal Plácido Sá Carvalho, da Coordenação de Unidades Prisionais de Gericinó, da Subsecretaria Adjunta de Unidades Prisionais, da",https://www.ioerj.com.br/portal/modules/conteudoonline/mostra_edicao.php?session=VW1wYVJGRlVVVFZOYTBWMFRVUmFRbEZUTURCUFJWVXdURlJuTVZGclZYUk5SVkV6VWxWSmVsRXdVVEpTVkZVeFRWUmpNMDlVUVRWT1ZFMHpUa0U5UFE9PQ==,D:\github\exoneracoes_nomeacoes_dou\LAKE\RJ\2012\09\DOERJ_PARTE_I_PODER_EXECUTIVO_2012-09-27.md
RJ,Diario Oficial do Estado do Rio de Janeiro,2012-09-27,Parte I (Poder Executivo),nomeacao,ELIZABETH CRISTINA DA SILVA FERNANDES,,,Secretario,5,Wilson Jose Witzel - Governador,Wilson Jose Witzel,Executivo estadual,sim,Elizabeth Cristina Da Silva Fernandes:PER,sim,,da Superintendência de Direitos Individuais,"NOMEAR ELIZABETH CRISTINA DA SILVA FERNANDES para exercer, com validade a contar de 01 de setembro de 2012, o cargo em comissão de Assistente, símbolo DAS-6, da Superintendência de Direitos Individuais, Coletivos e Difusos, da",https://www.ioerj.com.br/portal/modules/conteudoonline/mostra_edicao.php?session=VW1wYVJGRlVVVFZOYTBWMFRVUmFRbEZUTURCUFJWVXdURlJuTVZGclZYUk5SVkV6VWxWSmVsRXdVVEpTVkZVeFRWUmpNMDlVUVRWT1ZFMHpUa0U5UFE9PQ==,D:\github\exoneracoes_nomeacoes_dou\LAKE\RJ\2012\09\DOERJ_PARTE_I_PODER_EXECUTIVO_2012-09-27.md
RJ,Diario Oficial do Estado do Rio de Janeiro,2012-09-26,Parte I (Poder Executivo),nomeacao,PAULO RODRIGO DE ALMEIDA SILVA,,,Secretario,5,Wilson Jose Witzel - Governador,Wilson Jose Witzel,Executivo estadual,sim,PAULO RODRIGO DE ALMEIDA SILVA:PER,sim,,,"NOMEAR PAULO RODRIGO DE ALMEIDA SILVA para o cargo de Soldado Bombeiro Militar Motorista, do Quadro de Praças do Corpo de Bombeiros Militar do Estado do Rio de Janeiro (CBMERJ), da",https://www.ioerj.com.br/portal/modules/conteudoonline/mostra_edicao.php?session=VG5wU1FsRnJXVFJOUlZWMFVtdEplVkY1TURCUFZFbDRURlJuTUU1cVRYUlBWRUY2VFhwc1JVOUVaekZTYWxwSFRWUmpNMDlVUVRWT1ZGVXlUbmM5UFE9PQ==,D:\github\exoneracoes_nomeacoes_dou\LAKE\RJ\2012\09\DOERJ_PARTE_I_PODER_EXECUTIVO_2012-09-26.md
RJ,Diario Oficial do Estado do Rio de Janeiro,2012-09-26,Parte I (Poder Executivo),nomeacao,LUCAS OLIVEIRA DA MATTA,,,Secretario,5,Wilson Jose Witzel - Governador,Wilson Jose Witzel,Executivo estadual,sim,LUCAS:MISC|Lucas Oliveira:PER,sim,para exercer o cargo em comissão de Assessor,do Departamento de Esportes de Rendimento,"NOMEAR LUCAS OLIVEIRA DA MATTA para exercer o cargo em comissão de Assessor, símbolo DAS-7, do Departamento de Esportes de Rendimento, da Vice-Presidência Executiva de Esportes, da Superintendência de Desportos do Estado do Rio de Janeiro - SUDERJ, da",https://www.ioerj.com.br/portal/modules/conteudoonline/mostra_edicao.php?session=VG5wU1FsRnJXVFJOUlZWMFVtdEplVkY1TURCUFZFbDRURlJuTUU1cVRYUlBWRUY2VFhwc1JVOUVaekZTYWxwSFRWUmpNMDlVUVRWT1ZGVXlUbmM5UFE9PQ==,D:\github\exoneracoes_nomeacoes_dou\LAKE\RJ\2012\09\DOERJ_PARTE_I_PODER_EXECUTIVO_2012-09-26.md
RJ,Diario Oficial do Estado do Rio de Janeiro,2012-09-25,Parte I (Poder Executivo),exoneracao,MIRIAM SAMPAIO FERNANDES DE SOUSA,,,Governador,1,Wilson Jose Witzel - Governador,Wilson Jose Witzel,Executivo estadual,sim,Miriam Sampaio Fernandes De Sousa:PER,sim,do cargo efetivo de Auxiliar Metrológico,do Instituto de Pesos e Medidas do Estado do Rio de Janeiro IPEM/RJ,"EXONERAR A PEDIDO , MIRIAM SAMPAIO FERNANDES DE SOUSA, matrícula nº 48.874-2, do cargo efetivo de Auxiliar Metrológico, do Instituto de Pesos e Medidas do Estado do Rio de Janeiro IPEM/RJ, da",https://www.ioerj.com.br/portal/modules/conteudoonline/mostra_edicao.php?session=VVZSSk1WRnFUVEZSZWtsMFRYcEplbEpwTURCU1ZGRTFURlZKTTAxcVdYUk9lbFpEVDFSVk0wOVVWVEpSTUZsM1RWUmpNMDlVUVRWT1ZHdDRUMEU5UFE9PQ==,D:\github\exoneracoes_nomeacoes_dou\LAKE\RJ\2012\09\DOERJ_PARTE_I_PODER_EXECUTIVO_2012-09-25.md
RJ,Diario Oficial do Estado do Rio de Janeiro,2012-09-25,Parte I (Poder Executivo),nomeacao,JOSE AUGUSTO CRUZ DA SILVA,,,Governador,1,Wilson Jose Witzel - Governador,Wilson Jose Witzel,Executivo estadual,sim,JOSE AUGUSTO CRUZ DA SILVA:PER,sim,,da Fundação de Apoio à Escola Técnica do Estado do Rio de Janeiro - FAETEC,"NOMEAR JOSE AUGUSTO CRUZ DA SILVA para exercer, com validade a contar de 01 de setembro de 2012, o cargo em comissão de Chefe de Setor, símbolo FAETEC 4, da Fundação de Apoio à Escola Técnica do Estado do Rio de Janeiro - FAETEC, da",https://www.ioerj.com.br/portal/modules/conteudoonline/mostra_edicao.php?session=VVZSSk1WRnFUVEZSZWtsMFRYcEplbEpwTURCU1ZGRTFURlZKTTAxcVdYUk9lbFpEVDFSVk0wOVVWVEpSTUZsM1RWUmpNMDlVUVRWT1ZHdDRUMEU5UFE9PQ==,D:\github\exoneracoes_nomeacoes_dou\LAKE\RJ\2012\09\DOERJ_PARTE_I_PODER_EXECUTIVO_2012-09-25.md
RJ,Diario Oficial do Estado do Rio de Janeiro,2012-09-25,Parte I (Poder Executivo),nomeacao,VINICIUS REIS DA CONCEIÇÃO,,,Governador,1,Wilson Jose Witzel - Governador,Wilson Jose Witzel,Executivo estadual,sim,VINICIUS:PER,sim,para exercer o cargo em comissão de Assessor I,da Fundação Centro Universitário Estadual da Zona Oeste - UEZO,"NOMEAR VINICIUS REIS DA CONCEIÇÃO para exercer o cargo em comissão de Assessor I, símbolo UEZO-7, da Fundação Centro Universitário Estadual da Zona Oeste - UEZO, da",https://www.ioerj.com.br/portal/modules/conteudoonline/mostra_edicao.php?session=VVZSSk1WRnFUVEZSZWtsMFRYcEplbEpwTURCU1ZGRTFURlZKTTAxcVdYUk9lbFpEVDFSVk0wOVVWVEpSTUZsM1RWUmpNMDlVUVRWT1ZHdDRUMEU5UFE9PQ==,D:\github\exoneracoes_nomeacoes_dou\LAKE\RJ\2012\09\DOERJ_PARTE_I_PODER_EXECUTIVO_2012-09-25.md
RJ,Diario Oficial do Estado do Rio de Janeiro,2012-09-25,Parte I (Poder Executivo),nomeacao,MARCIO MARTINS MAFRA,,,Governador,1,Wilson Jose Witzel - Governador,Wilson Jose Witzel,Executivo estadual,sim,MARCIO:ORG|MARTINS MAFRA:PER,sim,para exercer o cargo em comissão de Assessor I,da Fundação Centro Universitário Estadual da Zona Oeste - UEZO,"NOMEAR MARCIO MARTINS MAFRA para exercer o cargo em comissão de Assessor I, símbolo UEZO-7, da Fundação Centro Universitário Estadual da Zona Oeste - UEZO, da",https://www.ioerj.com.br/portal/modules/conteudoonline/mostra_edicao.php?session=VVZSSk1WRnFUVEZSZWtsMFRYcEplbEpwTURCU1ZGRTFURlZKTTAxcVdYUk9lbFpEVDFSVk0wOVVWVEpSTUZsM1RWUmpNMDlVUVRWT1ZHdDRUMEU5UFE9PQ==,D:\github\exoneracoes_nomeacoes_dou\LAKE\RJ\2012\09\DOERJ_PARTE_I_PODER_EXECUTIVO_2012-09-25.md
RJ,Diario Oficial do Estado do Rio de Janeiro,2012-09-24,Parte I (Poder Executivo),nomeacao,EDUARDO LURNEL GONÇALVES,,,Secretario,5,Wilson Jose Witzel - Governador,Wilson Jose Witzel,Executivo estadual,sim,EDUARDO LURNEL GONÇALVES:MISC|Eduardo Lurnel Gonçalves:PER,sim,,,"NOMEAR EDUARDO LURNEL GONÇALVES para exercer, com validade a contar de 13 de setembro de 2012, o cargo em comissão de Assessor, símbolo DAS-8, do Centro de Tecnologia de Informação e Comunicação do Estado do Rio de Janeiro - PRODERJ, da",https://www.ioerj.com.br/portal/modules/conteudoonline/mostra_edicao.php?session=VWtWTk5VNVVSWHBOVlVWMFRWVlNRMDE1TURCTmFrRXlURlJyTTA1clJYUlBWVkV4VDFWTk1sRlVUa0pOVkdoRFRWUmpNMDlVUVRWT2FrbDVUa0U5UFE9PQ==,D:\github\exoneracoes_nomeacoes_dou\LAKE\RJ\2012\09\DOERJ_PARTE_I_PODER_EXECUTIVO_2012-09-24.md
RJ,Diario Oficial do Estado do Rio de Janeiro,2012-09-24,Parte I (Poder Executivo),nomeacao,SIMONE BEATRIZ FERREIRA,,,Secretario,5,Wilson Jose Witzel - Governador,Wilson Jose Witzel,Executivo estadual,sim,BEATRIZ FERREIRA:MISC|Simone Beatriz Ferreira:PER,sim,,,"NOMEAR SIMONE BEATRIZ FERREIRA para exercer, com validade a contar de 01 de setembro de 2012, o cargo em comissão de Assistente II, símbolo DAI-6, da Ouvidoria da Polícia, da",https://www.ioerj.com.br/portal/modules/conteudoonline/mostra_edicao.php?session=VWtWTk5VNVVSWHBOVlVWMFRWVlNRMDE1TURCTmFrRXlURlJyTTA1clJYUlBWVkV4VDFWTk1sRlVUa0pOVkdoRFRWUmpNMDlVUVRWT2FrbDVUa0U5UFE9PQ==,D:\github\exoneracoes_nomeacoes_dou\LAKE\RJ\2012\09\DOERJ_PARTE_I_PODER_EXECUTIVO_2012-09-24.md
RJ,Diario Oficial do Estado do Rio de Janeiro,2012-09-24,Parte I (Poder Executivo),exoneracao,JOSÉ LUIS,1971832-2,,Secretario,5,Wilson Jose Witzel - Governador,Wilson Jose Witzel,Executivo estadual,sim,JOSÉ LUIS:PER,sim,do cargo em comissão de Diretor,da Subsecretaria Adjunta de Unidades Prisionais,"EXONERAR com validade a contar de 20 de setembro de 2012, JOSÉ LUIS DA SILVA DOS SANTOS , Inspetor de Segurança e Administração Penitenciaria, ID Funcional nº 1971832-2, do cargo em comissão de Diretor, símbolo DAS-7, da Penitenciária Alfredo Tranjan, da Coordenação de Unidades Prisionais de Gericinó, da Subsecretaria Adjunta de Unidades Prisionais, da",https://www.ioerj.com.br/portal/modules/conteudoonline/mostra_edicao.php?session=VWtWTk5VNVVSWHBOVlVWMFRWVlNRMDE1TURCTmFrRXlURlJyTTA1clJYUlBWVkV4VDFWTk1sRlVUa0pOVkdoRFRWUmpNMDlVUVRWT2FrbDVUa0U5UFE9PQ==,D:\github\exoneracoes_nomeacoes_dou\LAKE\RJ\2012\09\DOERJ_PARTE_I_PODER_EXECUTIVO_2012-09-24.md
RJ,Diario Oficial do Estado do Rio de Janeiro,2012-09-24,Parte I (Poder Executivo),exoneracao,WELLINGTON NUNES,4371575-3,,Secretario,5,Wilson Jose Witzel - Governador,Wilson Jose Witzel,Executivo estadual,sim,WELLINGTON NUNES:MISC|Wellington Nunes:PER,sim,do cargo em comissão de Subdiretor,da Subsecretaria Adjunta de Unidades Prisionais,"EXONERAR com validade a contar de 20 de setembro de 2012, WELLINGTON NUNES DA SILVA , Inspetor de Segurança e Administração Penitenciária, ID Funcional nº 4371575-3, do cargo em comissão de Subdiretor, símbolo DAS-6, da Penitenciária Alfredo Tranjan, da Coordenação de Unidades Prisionais de Gericinó, da Subsecretaria Adjunta de Unidades Prisionais, da",https://www.ioerj.com.br/portal/modules/conteudoonline/mostra_edicao.php?session=VWtWTk5VNVVSWHBOVlVWMFRWVlNRMDE1TURCTmFrRXlURlJyTTA1clJYUlBWVkV4VDFWTk1sRlVUa0pOVkdoRFRWUmpNMDlVUVRWT2FrbDVUa0U5UFE9PQ==,D:\github\exoneracoes_nomeacoes_dou\LAKE\RJ\2012\09\DOERJ_PARTE_I_PODER_EXECUTIVO_2012-09-24.md
RJ,Diario Oficial do Estado do Rio de Janeiro,2012-09-24,Parte I (Poder Executivo),nomeacao,ANDRÉA GIMENEZ,,,Secretario,5,Wilson Jose Witzel - Governador,Wilson Jose Witzel,Executivo estadual,sim,ANDRÉA GIMENEZ:ORG|Andréa Gimenez:PER,sim,,do Gabinete do Secretário,"NOMEAR ANDRÉA GIMENEZ DA SILVA BARTOLE , matrícula nº 0970510-4, para exercer, com validade a contar de 01 de agosto de 2012, o cargo em comissão de Assessor, símbolo DAS-7, do Gabinete do Secretário, da",https://www.ioerj.com.br/portal/modules/conteudoonline/mostra_edicao.php?session=VWtWTk5VNVVSWHBOVlVWMFRWVlNRMDE1TURCTmFrRXlURlJyTTA1clJYUlBWVkV4VDFWTk1sRlVUa0pOVkdoRFRWUmpNMDlVUVRWT2FrbDVUa0U5UFE9PQ==,D:\github\exoneracoes_nomeacoes_dou\LAKE\RJ\2012\09\DOERJ_PARTE_I_PODER_EXECUTIVO_2012-09-24.md
RJ,Diario Oficial do Estado do Rio de Janeiro,2012-09-24,Parte I (Poder Executivo),exoneracao,ZILDA MARIA SANTOS SILVA,,,Secretario,5,Wilson Jose Witzel - Governador,Wilson Jose Witzel,Executivo estadual,sim,ZILDA:PER,sim,do cargo em comissão de Coordenador,da Subsecretaria de Infraestrutura e Tecnologia,"EXONERAR a pedido e com validade a contar de 01 de agosto de 2012, ZILDA MARIA SANTOS SILVA, matrícula nº 2497527, do cargo em comissão de Coordenador, símbolo DAS-7, da Coordenação de Infraestrutura, da Regional Administrativa -Metropolitana VI, da Subsecretaria de Infraestrutura e Tecnologia, da",https://www.ioerj.com.br/portal/modules/conteudoonline/mostra_edicao.php?session=VWtWTk5VNVVSWHBOVlVWMFRWVlNRMDE1TURCTmFrRXlURlJyTTA1clJYUlBWVkV4VDFWTk1sRlVUa0pOVkdoRFRWUmpNMDlVUVRWT2FrbDVUa0U5UFE9PQ==,D:\github\exoneracoes_nomeacoes_dou\LAKE\RJ\2012\09\DOERJ_PARTE_I_PODER_EXECUTIVO_2012-09-24.md
RJ,Diario Oficial do Estado do Rio de Janeiro,2012-09-24,Parte I (Poder Executivo),exoneracao,ANDRÉA GIMENEZ,,,Secretario,5,Wilson Jose Witzel - Governador,Wilson Jose Witzel,Executivo estadual,sim,ANDRÉA GIMENEZ:ORG|Andréa Gimenez:PER,sim,do cargo em comissão de Assistente,da Subsecretaria Executiva,"EXONERAR com validade a contar de 01 de agosto de 2012, ANDRÉA GIMENEZ DA SILVA BARTOLE , matrícula nº 0970510-4, do cargo em comissão de Assistente, símbolo DAS-6, da Assessoria de Municipalização, da Subsecretaria Executiva, da",https://www.ioerj.com.br/portal/modules/conteudoonline/mostra_edicao.php?session=VWtWTk5VNVVSWHBOVlVWMFRWVlNRMDE1TURCTmFrRXlURlJyTTA1clJYUlBWVkV4VDFWTk1sRlVUa0pOVkdoRFRWUmpNMDlVUVRWT2FrbDVUa0U5UFE9PQ==,D:\github\exoneracoes_nomeacoes_dou\LAKE\RJ\2012\09\DOERJ_PARTE_I_PODER_EXECUTIVO_2012-09-24.md
RJ,Diario Oficial do Estado do Rio de Janeiro,2012-09-24,Parte I (Poder Executivo),nomeacao,WESCLEY DE OLIVEIRA PINTO,,,Secretario,5,Wilson Jose Witzel - Governador,Wilson Jose Witzel,Executivo estadual,sim,WESCLEY DE OLIVEIRA PINTO:MISC|Wescley De Oliveira Pinto:PER,sim,para exercer o cargo em comissão de Assistente,da Subsecretaria de Infraestrutura e Tecnologia,"NOMEAR WESCLEY DE OLIVEIRA PINTO para exercer o cargo em comissão de Assistente, símbolo DAS-6, da Coordenação de Obras da Rede Física, da Subsecretaria de Infraestrutura e Tecnologia, da",https://www.ioerj.com.br/portal/modules/conteudoonline/mostra_edicao.php?session=VWtWTk5VNVVSWHBOVlVWMFRWVlNRMDE1TURCTmFrRXlURlJyTTA1clJYUlBWVkV4VDFWTk1sRlVUa0pOVkdoRFRWUmpNMDlVUVRWT2FrbDVUa0U5UFE9PQ==,D:\github\exoneracoes_nomeacoes_dou\LAKE\RJ\2012\09\DOERJ_PARTE_I_PODER_EXECUTIVO_2012-09-24.md
RJ,Diario Oficial do Estado do Rio de Janeiro,2012-09-24,Parte I (Poder Executivo),exoneracao,ANA RITA DA SILVA BARBOSA,,,Secretario,5,Wilson Jose Witzel - Governador,Wilson Jose Witzel,Executivo estadual,sim,ANA RITA DA SILVA:PER,sim,do cargo em comissão de Assistente II,,"EXONERAR ANA RITA DA SILVA BARBOSA, matrícula nº 972798-3, do cargo em comissão de Assistente II, símbolo DAI-6, da Comissão Permanente de Sindicância, da Chefia de Gabinete, da",https://www.ioerj.com.br/portal/modules/conteudoonline/mostra_edicao.php?session=VWtWTk5VNVVSWHBOVlVWMFRWVlNRMDE1TURCTmFrRXlURlJyTTA1clJYUlBWVkV4VDFWTk1sRlVUa0pOVkdoRFRWUmpNMDlVUVRWT2FrbDVUa0U5UFE9PQ==,D:\github\exoneracoes_nomeacoes_dou\LAKE\RJ\2012\09\DOERJ_PARTE_I_PODER_EXECUTIVO_2012-09-24.md
RJ,Diario Oficial do Estado do Rio de Janeiro,2012-09-24,Parte I (Poder Executivo),nomeacao,MARTA FERREIRA HONORATO,,,Secretario,5,Wilson Jose Witzel - Governador,Wilson Jose Witzel,Executivo estadual,sim,FERREIRA:ORG|Marta Ferreira:PER,sim,para exercer o cargo em comissão de Assistente II,,"NOMEAR MARTA FERREIRA HONORATO para exercer o cargo em comissão de Assistente II, símbolo DAI-6, da Comissão Permanente de Sindicância, da Chefia de Gabinete, da",https://www.ioerj.com.br/portal/modules/conteudoonline/mostra_edicao.php?session=VWtWTk5VNVVSWHBOVlVWMFRWVlNRMDE1TURCTmFrRXlURlJyTTA1clJYUlBWVkV4VDFWTk1sRlVUa0pOVkdoRFRWUmpNMDlVUVRWT2FrbDVUa0U5UFE9PQ==,D:\github\exoneracoes_nomeacoes_dou\LAKE\RJ\2012\09\DOERJ_PARTE_I_PODER_EXECUTIVO_2012-09-24.md
