{"type": "FeatureCollection", "features": [{"type": "Feature", "id": "1", "properties": {"id": "1", "unidade": "1", "camada": "RISP", "label": "RISP 1"}, "geometry": {"type": "MultiPolygon", "coordinates": [[[[-43.20843460826984, -23.08208856213668], [-43.20799434336351, -23.08135780182033], [-43.20758993442718, -23.08210398730841], [-43.20843460826984, -23.08208856213668]]], [[[-43.19995704827841, -23.07283855015817], [-43.19867210593219, -23.07225851621678], [-43.19745914712121, -23.07394452741721], [-43.19846281480631, -23.07406371007141], [-43.19995704827841, -23.07283855015817]]], [[[-43.19699132518878, -23.03504863218785], [-43.20618384440814, -23.04024996556268], [-43.20867659874528, -23.03999603119109], [-43.20775751589593, -23.03806722012536], [-43.20064424183755, -23.03672968722452], [-43.19783979417042, -23.0345934259451], [-43.19699132518878, -23.03504863218785]]], [[[-43.27526354067913, -23.03001322373052], [-43.27658889136353, -23.03070929719553], [-43.27843463744784, -23.03020016400558], [-43.27612248136671, -23.02885940973317], [-43.27526354067913, -23.03001322373052]]], [[[-43.20094613975181, -23.02667040681303], [-43.20334590239077, -23.02753208323827], [-43.20672498716772, -23.02612079423847], [-43.20291150556079, -23.025585543837], [-43.20094613975181, -23.02667040681303]]], [[[-43.18349316227886, -22.98587393923015], [-43.19060022471984, -22.98974384070493], [-43.18969011170856, -22.99074582575849], [-43.19138832311188, -22.99096624599468], [-43.19180929756033, -22.98898158702985], [-43.19888300414658, -22.98751204624318], [-43.21543542120702, -22.98710828302006], [-43.2241431060188, -22.98827300669313], [-43.22686476029969, -22.98900588581222], [-43.22792920596737, -22.99079394668252], [-43.23082402290959, -22.99079303476998], [-43.23229750002889, -22.99198723821968], [-43.23310622706998, -22.99359627464759], [-43.23183924958096, -22.99522237481199], [-43.23388348143681, -22.99512928328903], [-43.23397326255531, -22.99613049492564], [-43.23873350814415, -22.99861388012567], [-43.2393825335763, -22.99844383091727], [-43.24071489177811, -23.00037020931694], [-43.2436205824232, -23.00105708901265], [-43.25290141506753, -22.99881239557482], [-43.26643749429422, -23.00044950973631], [-43.27558720308622, -23.00329156435345], [-43.2756916899188, -23.00111082620288], [-43.28478410560126, -23.00115252326958], [-43.28498344033278, -22.99244999517038], [-43.28270698194092, -22.98794127017271], [-43.29272698536136, -22.97948258695106], [-43.29693997819669, -22.97948602775722], [-43.2922555778319, -22.97382937932161], [-43.29536740028459, -22.9763346666108], [-43.29622120224593, -22.97397709386701], [-43.29814482242489, -22.97437777511345], [-43.29859872285203, -22.97250878515155], [-43.29929101017126, -22.97384634413271], [-43.30017825522157, -22.97258172556542], [-43.30123773663149, -22.97333577112818], [-43.30035103477172, -22.96101238361382], [-43.3012369569193, -22.95969716738961], [-43.30018243527041, -22.95810982800538], [-43.30074869429609, -22.95357020679882], [-43.29946594629564, -22.94952587461864], [-43.29106608772901, -22.94456750928236], [-43.28547614380824, -22.9430758235896], [-43.28646670207593, -22.93589053182183], [-43.28011399366517, -22.93129969692268], [-43.27854995211788, -22.92802863421332], [-43.27939010416924, -22.92432235089501], [-43.27874874815546, -22.92125738222165], [-43.28237584886563, -22.92057167883911], [-43.28435243641508, -22.91854378586623], [-43.29151251119271, -22.92194360900959], [-43.30093556172608, -22.92100720881484], [-43.31071618630222, -22.91649533259277], [-43.31491367392618, -22.91675333819524], [-43.31658765579493, -22.91789732260258], [-43.31935082458017, -22.91748463270886], [-43.32053275498191, -22.91708360882069], [-43.32079374903157, -22.91411641983615], [-43.32258169838593, -22.91298903781308], [-43.32308516314902, -22.91071897989622], [-43.32657478989393, -22.90661680961728], [-43.32172648538824, -22.89951782039032], [-43.31715859309389, -22.89728615003503], [-43.31669450514659, -22.89430184695192], [-43.31466047160274, -22.89253264306626], [-43.3134268032037, -22.8885964822411], [-43.31055037559861, -22.88499442675061], [-43.31352468541519, -22.8800383861618], [-43.31075983219978, -22.87785238338], [-43.31000634781395, -22.87509051861178], [-43.30882137230776, -22.87529896077763], [-43.3084870160622, -22.87336131657071], [-43.31086208331777, -22.87133449289178], [-43.3089224390186, -22.86990037460185], [-43.31514689331374, -22.86335550984813], [-43.31442982967218, -22.86133999874119], [-43.31085215660102, -22.86146839674836], [-43.30734270969754, -22.86313701056383], [-43.3071293482401, -22.8617093170306], [-43.30259412112105, -22.85931324520931], [-43.30161656525155, -22.8571702785847], [-43.29805520588229, -22.85904900190911], [-43.29353372310209, -22.85492127109899], [-43.29857337905747, -22.85272449713705], [-43.29938372307964, -22.8512120110247], [-43.30088029928567, -22.85180190603239], [-43.29954278257264, -22.85100555096466], [-43.30138994059257, -22.85022433778221], [-43.30057522406662, -22.84897941077043], [-43.30248588411553, -22.84595353112979], [-43.30453756595517, -22.84705070312668], [-43.30669666461864, -22.84486727600319], [-43.30187491439506, -22.8416259466793], [-43.30329128276577, -22.83921817108097], [-43.30458930305315, -22.84001046031369], [-43.30698270208927, -22.83613470065512], [-43.31173306682683, -22.83893486215339], [-43.31781421775122, -22.83640304396454], [-43.31884503866689, -22.83339897378283], [-43.31493607873631, -22.83227593368662], [-43.30920139073089, -22.83328990220645], [-43.30787513263056, -22.83188523761288], [-43.31294270444153, -22.83026821610451], [-43.31358133640884, -22.82585761973257], [-43.31656756494044, -22.8195216261214], [-43.31938747734949, -22.81897315478648], [-43.3308773003464, -22.8126521016124], [-43.3313087653865, -22.80876563912216], [-43.32784963015558, -22.80406823815787], [-43.32770847256722, -22.80220990516221], [-43.32575673418518, -22.80126468171892], [-43.30683218525644, -22.80003647220468], [-43.30400997867685, -22.8011833812073], [-43.30281278408199, -22.8037529340499], [-43.30042149485536, -22.80391891292669], [-43.29923180959958, -22.80652716809357], [-43.29558681867599, -22.80642564902371], [-43.28983292115169, -22.81072483288398], [-43.28671387444501, -22.80818473733501], [-43.27899965540905, -22.80765505643495], [-43.27679198256322, -22.8037878736107], [-43.27255585107093, -22.80330764463133], [-43.27290860924421, -22.81042013987678], [-43.26622111291329, -22.82461323321337], [-43.25568817666726, -22.83431516800982], [-43.25487909079669, -22.83656903543186], [-43.25426761116057, -22.83596435556979], [-43.25393435658458, -22.83604441501694], [-43.25450154640851, -22.83781883856778], [-43.25303904191753, -22.83703167007474], [-43.243204104585, -22.84223660613367], [-43.24229104359603, -22.84742174811441], [-43.23818815385948, -22.85467337117836], [-43.23677414530982, -22.86143398419023], [-43.23345484206658, -22.86386719621333], [-43.23319803795835, -22.86905935560401], [-43.23005396581715, -22.86792311705744], [-43.22628587569187, -22.8690085969684], [-43.22540234664024, -22.87240045031973], [-43.22701832133771, -22.8742318540161], [-43.22520096055513, -22.87441684096365], [-43.22480535957897, -22.87548984008328], [-43.22402682817483, -22.87363347120697], [-43.22211598826152, -22.87275412760016], [-43.2214195793494, -22.87428793663821], [-43.22143332728547, -22.87250709282728], [-43.21873766521037, -22.87212581085669], [-43.21823338386287, -22.87368343214388], [-43.21970079415559, -22.8754067256391], [-43.21779770100238, -22.87485278372822], [-43.21691422411141, -22.87586341396462], [-43.21648174823338, -22.87357068683696], [-43.21262070328208, -22.87308754495348], [-43.21375166280825, -22.87115391262222], [-43.20987580422428, -22.86701581712549], [-43.20460079568943, -22.87123940937045], [-43.2044288147373, -22.87434240857453], [-43.20239648720741, -22.87260419982317], [-43.21593043504083, -22.88630598183482], [-43.21080859633889, -22.897596620287], [-43.19544200194611, -22.89199537818337], [-43.19065252299481, -22.89215214170719], [-43.18081988163152, -22.89546015216354], [-43.1789982940353, -22.892289703806], [-43.17828876131654, -22.89256645667587], [-43.17949271881321, -22.89563731321067], [-43.17694844771194, -22.89621560426593], [-43.17565374862085, -22.89593860588116], [-43.17466369936949, -22.89314625139764], [-43.16730295436713, -22.89548556430657], [-43.16809371385307, -22.89747222696093], [-43.17165349581143, -22.89766331221131], [-43.17129796772628, -22.89862863100575], [-43.17488074624873, -22.89748905417576], [-43.17566712333831, -22.8960622941388], [-43.17691644443761, -22.89632832259326], [-43.17514644105466, -22.90030222256877], [-43.17402690471715, -22.90062050792932], [-43.17556097365929, -22.89839643055006], [-43.17286545367699, -22.90074098111063], [-43.17383962359901, -22.9013720129073], [-43.17336637156006, -22.90209298590179], [-43.17142638192126, -22.9019979914134], [-43.17175179800637, -22.90295946380746], [-43.16918168218814, -22.90460924312129], [-43.16195942918358, -22.90464685007129], [-43.16113563669956, -22.91288676601067], [-43.15788495712434, -22.91292151671388], [-43.16063171957745, -22.91656565058355], [-43.16143206673576, -22.9162328519638], [-43.16116709858198, -22.91299693925657], [-43.16214489816781, -22.9171556022485], [-43.16853950329471, -22.91434476130092], [-43.17233320880979, -22.91577562044773], [-43.17222331165578, -22.9193019512233], [-43.16984893777754, -22.91965928514713], [-43.16934077855336, -22.91680581543528], [-43.16790712071634, -22.91907249369984], [-43.16803457983127, -22.92215672315348], [-43.16700527157531, -22.92260149905917], [-43.17028824940246, -22.92750733499474], [-43.17117575705481, -22.93162652314476], [-43.17105023328094, -22.93519293940187], [-43.16894257224118, -22.93591615440624], [-43.1698156259896, -22.93584612959444], [-43.16854668078395, -22.93851392707529], [-43.17413666787218, -22.94416882812817], [-43.17855308555573, -22.94290840579754], [-43.18000961315238, -22.94474626482747], [-43.18029901498682, -22.94821893485516], [-43.16991837802999, -22.95233747819128], [-43.16533789792493, -22.94794976237085], [-43.16305834136864, -22.94752911617502], [-43.16375673328588, -22.94588493963749], [-43.16194770831936, -22.94344803589735], [-43.15781618866544, -22.94342367686045], [-43.15768359801888, -22.94118327318876], [-43.15204373183201, -22.93861711708553], [-43.15129167107301, -22.94098239611992], [-43.15450271033109, -22.94188316607449], [-43.15594289544754, -22.94350909716633], [-43.1549729991039, -22.9470997870248], [-43.15109106829743, -22.94876995576806], [-43.15020182405419, -22.95081277928557], [-43.15681606700713, -22.95332108919615], [-43.16085301215605, -22.95262960766951], [-43.164182909413, -22.95441775757268], [-43.16437474469797, -22.9564955791069], [-43.16257768611058, -22.95742220457032], [-43.16104499492985, -22.95710265206498], [-43.15964235740813, -22.95769537544044], [-43.15921888644175, -22.9589106212274], [-43.16048877503619, -22.96084391991019], [-43.15871511411052, -22.96265382621232], [-43.15940241019234, -22.96436917689522], [-43.16242131109391, -22.96534104904941], [-43.16483835690394, -22.96332873503235], [-43.16645490357018, -22.96348012330827], [-43.1764876665718, -22.96805699443399], [-43.18308298868823, -22.97251712096761], [-43.18822389571551, -22.97853804519383], [-43.18909822560192, -22.98279003083451], [-43.18800563475151, -22.98569551913215], [-43.18349316227886, -22.98587393923015]], [[-43.15397865199247, -22.9521140650113], [-43.15401335143429, -22.95208638567738], [-43.15405014539715, -22.9520983718416], [-43.15397865199247, -22.9521140650113]], [[-43.16113532193685, -22.95715445031686], [-43.16117921694655, -22.95721473816889], [-43.16110337442046, -22.95722026989876], [-43.16113532193685, -22.95715445031686]], [[-43.26790737142733, -22.86892555716798], [-43.26804622585189, -22.86881988412955], [-43.26805105341265, -22.86885779055382], [-43.26790737142733, -22.86892555716798]], [[-43.23776877660703, -22.99788636995925], [-43.23774802924743, -22.99789908187637], [-43.23772919474578, -22.99787345209734], [-43.23776877660703, -22.99788636995925]], [[-43.22484494323879, -22.87563582613171], [-43.22461502706113, -22.87584694288131], [-43.22483693297733, -22.87554338391925], [-43.22484494323879, -22.87563582613171]]], [[[-43.20894286462078, -22.89198096205098], [-43.20918410865897, -22.89007942922149], [-43.20901561257972, -22.88987714471369], [-43.20894286462078, -22.89198096205098]]], [[[-43.20854951374832, -22.88970058261503], [-43.2108577298996, -22.88679927436624], [-43.20833992764483, -22.88611114191491], [-43.20738135556439, -22.88913203661343], [-43.20854951374832, -22.88970058261503]]], [[[-43.23127524155842, -22.83634714570343], [-43.22482116786188, -22.83971333510158], [-43.22665936143966, -22.83773933220363], [-43.22601343956785, -22.8373461692895], [-43.22476781018554, -22.83937292012337], [-43.22352039744766, -22.83935159809698], [-43.21975988860726, -22.84501804284764], [-43.22163313236246, -22.84807426111746], [-43.22401851664051, -22.84652570139923], [-43.22388291776173, -22.84485836821835], [-43.22218543570858, -22.84386831536966], [-43.2240166532452, -22.84171122219436], [-43.22639176186959, -22.84139467882062], [-43.23138117000428, -22.84396128458485], [-43.2325364615877, -22.84751708704317], [-43.22780205442052, -22.85500765997477], [-43.22229958575656, -22.85892142408369], [-43.2177087211798, -22.85880096978815], [-43.21507708184112, -22.8571507579004], [-43.21243396985108, -22.85854988626744], [-43.20972436918356, -22.85761257326089], [-43.20823129134027, -22.85853863574869], [-43.20844951902933, -22.86003934164154], [-43.2093744007073, -22.8606050430875], [-43.21425530203982, -22.85975613793465], [-43.21937787998445, -22.86174311355308], [-43.2179372389117, -22.86364045464251], [-43.21651882458337, -22.86165310490611], [-43.21501543061692, -22.86362936420301], [-43.21395666776527, -22.86777990811549], [-43.21549821816751, -22.8704580477999], [-43.21980091657832, -22.86959139362716], [-43.22147686076778, -22.86690731302133], [-43.22589662123136, -22.86769312263874], [-43.23021993660007, -22.86585661708841], [-43.23186015342259, -22.86618424730437], [-43.23225588210255, -22.8630229369582], [-43.23627849835327, -22.86134839930838], [-43.23519455088706, -22.86043225724211], [-43.23520180302006, -22.85829414515791], [-43.23634386197892, -22.85394840339535], [-43.240964127192, -22.84666125711055], [-43.23990014737319, -22.84224734403892], [-43.24303755643734, -22.83976210173881], [-43.24307067666967, -22.8380788892286], [-43.24170154968601, -22.83691895984134], [-43.23808694055913, -22.83930073424074], [-43.23227941376319, -22.83862136478336], [-43.23127524155842, -22.83634714570343]]], [[[-43.2581024651559, -22.82468688409165], [-43.25758439000685, -22.82630078405316], [-43.25917824587862, -22.82664376929375], [-43.25995183281009, -22.82512639176878], [-43.2581024651559, -22.82468688409165]]], [[[-43.25546964320876, -22.82448883808866], [-43.25457066200573, -22.82479271631001], [-43.2546548862133, -22.82531204601332], [-43.25546964320876, -22.82448883808866]]], [[[-43.17148481177389, -22.77687364420257], [-43.1732347962481, -22.77919185182174], [-43.17051405477906, -22.78287759462449], [-43.16790995897668, -22.78246535439183], [-43.16924667439378, -22.7808769897805], [-43.16666160824587, -22.77921902213939], [-43.1668313795638, -22.77753382032876], [-43.16453240574521, -22.77696122288137], [-43.15667619455002, -22.77905607667583], [-43.15697300320079, -22.78139097121556], [-43.15562425125745, -22.78390004824786], [-43.15748836599454, -22.78740691679502], [-43.16917583659483, -22.79310300589822], [-43.17196129957358, -22.7955520513853], [-43.17199376869672, -22.79778365968735], [-43.17520499771172, -22.80119178357319], [-43.17837516458144, -22.80244787836614], [-43.17725930557174, -22.8107204495883], [-43.17494715398726, -22.81255352602363], [-43.17645399415579, -22.81432205002181], [-43.17499639456724, -22.81976595663281], [-43.16981312317637, -22.82173362740423], [-43.16546118418557, -22.82006206830903], [-43.16379625938913, -22.82248162412685], [-43.16824478736629, -22.82478285704246], [-43.16775744385023, -22.82588241943733], [-43.17023814367468, -22.83126299219253], [-43.17375073640665, -22.83112582669474], [-43.17468738121693, -22.82924731920764], [-43.17307175365778, -22.82871816710895], [-43.17265627856369, -22.82532054640529], [-43.17554662857333, -22.82378463385299], [-43.17677344323909, -22.82510675507194], [-43.17582552632626, -22.82717749894164], [-43.18015605965371, -22.83022207458828], [-43.18022196017461, -22.8312882370617], [-43.18479540218533, -22.83352562530661], [-43.18462371800945, -22.83001065027054], [-43.18613841735333, -22.82926258340075], [-43.18888655576922, -22.8291465762527], [-43.18964764662087, -22.82869133583569], [-43.1877977429707, -22.82781023495363], [-43.18775642721658, -22.82651642529203], [-43.19095737698063, -22.82055180671972], [-43.19643695789858, -22.81886962033593], [-43.20388517725837, -22.82022121233831], [-43.20678231804879, -22.8183846240504], [-43.20874177171464, -22.81864092543759], [-43.21072489823473, -22.81802601578721], [-43.20906662662281, -22.81837474409838], [-43.20839327093199, -22.81622558204418], [-43.20978458239182, -22.81717457274755], [-43.20976849441973, -22.81565604409042], [-43.21452627316825, -22.81778172304729], [-43.21672122330506, -22.81722776764661], [-43.22117532078369, -22.81963180566254], [-43.22093008105765, -22.82098431497337], [-43.22202107381275, -22.8191902007664], [-43.22650129659684, -22.8205680943413], [-43.23015812709514, -22.82333330099027], [-43.23772673869729, -22.83280157213409], [-43.24171784720016, -22.83387383201097], [-43.24709561586923, -22.83144880291917], [-43.24901735196846, -22.82869916173615], [-43.25162432110483, -22.82860652616949], [-43.25180121235536, -22.82605450561016], [-43.25048582525989, -22.82550571591526], [-43.25005261913236, -22.82378946501103], [-43.25933389334375, -22.81919665610002], [-43.26578404329825, -22.81260865626371], [-43.26412341636183, -22.80799262326019], [-43.26142312097954, -22.80411821977924], [-43.26047228306868, -22.80415038043492], [-43.26185514719657, -22.80355169365498], [-43.25642079498294, -22.79720095475949], [-43.25162121214851, -22.79686825506514], [-43.24792018356891, -22.79318039705691], [-43.24478777293666, -22.79187912032438], [-43.23976370043368, -22.79095732961628], [-43.2338808293361, -22.7915733670165], [-43.23345415858182, -22.79033961408118], [-43.22859086417628, -22.78769012230055], [-43.22891637469019, -22.78408825836567], [-43.23067220835497, -22.78423769781074], [-43.2282288690663, -22.78372445471905], [-43.22329099208491, -22.78401861396708], [-43.21933602823441, -22.78510579989199], [-43.21292445200112, -22.78914967161927], [-43.20757170966596, -22.79500938877152], [-43.20325146458271, -22.79523736061492], [-43.19908996422976, -22.79353872203365], [-43.19451989018006, -22.79492414743066], [-43.19168030060467, -22.79459711706255], [-43.19166221703694, -22.79637357218184], [-43.18991255721801, -22.79520097224628], [-43.1889962361866, -22.7957395285556], [-43.1884165277998, -22.79450136534496], [-43.18927140624965, -22.79235775930238], [-43.18833261385834, -22.78847770987761], [-43.19161849379771, -22.78774812497522], [-43.19032665904734, -22.7878484425508], [-43.18943450369864, -22.78322743629639], [-43.18596286519335, -22.78481166582492], [-43.18311033167572, -22.78153978203454], [-43.1819995574329, -22.78348466038801], [-43.17954576172679, -22.78355708818827], [-43.17664017810102, -22.78105894241548], [-43.17710369407951, -22.77912449889573], [-43.17569326663022, -22.77720199927205], [-43.17223868196885, -22.7755930078103], [-43.17148481177389, -22.77687364420257]], [[-43.26044434742795, -22.80417084540744], [-43.26037409868496, -22.80422981575265], [-43.26035536220945, -22.80419675577491], [-43.26044434742795, -22.80417084540744]]], [[[-43.19146167991187, -23.07300382216789], [-43.19364044944643, -23.07318497890287], [-43.19844047744533, -23.07088391056323], [-43.19778120064115, -23.06827107694789], [-43.19408580541483, -23.06651863822378], [-43.19217600331916, -23.06689999214018], [-43.19026339713736, -23.07109266839115], [-43.19146167991187, -23.07300382216789]]], [[[-43.19574427757561, -23.03397272196275], [-43.19630177360722, -23.03374645973054], [-43.19570404010864, -23.03363868227859], [-43.19556579992098, -23.03308833675658], [-43.19514537226041, -23.03309627057564], [-43.19574427757561, -23.03397272196275]]], [[[-43.19383043212798, -23.03168499956229], [-43.19316907339328, -23.03145448893275], [-43.19385931655347, -23.03194088726138], [-43.19383043212798, -23.03168499956229]]], [[[-43.19279678014658, -23.02917099874185], [-43.19187235622354, -23.03031847341805], [-43.19307466436356, -23.03022312729473], [-43.19279678014658, -23.02917099874185]]], [[[-43.19049340864314, -23.02711502443805], [-43.1922725527354, -23.02781155206071], [-43.19578114078627, -23.02746448569667], [-43.19211233941218, -23.02542844216811], [-43.19049340864314, -23.02711502443805]]], [[[-43.18310884419708, -23.02321410804387], [-43.1819804998994, -23.02272389658981], [-43.18152977857568, -23.02306520729269], [-43.18211043304933, -23.02407793744607], [-43.18310884419708, -23.02321410804387]]], [[[-43.18337671626171, -23.02078507157302], [-43.18252118400471, -23.02094817441792], [-43.18261520182938, -23.02244917618776], [-43.18338638757098, -23.02252377315284], [-43.18337671626171, -23.02078507157302]]], [[[-43.19092294823474, -22.99177302240628], [-43.1913913016665, -22.99173827619973], [-43.19126990937809, -22.99144223287198], [-43.19092294823474, -22.99177302240628]]], [[[-43.18246298707646, -22.98647266108367], [-43.18217839391701, -22.9860051476187], [-43.18179678099591, -22.98606795357244], [-43.18246298707646, -22.98647266108367]]], [[[-43.19558857435248, -22.88710498270802], [-43.19753500403647, -22.88814813962415], [-43.19817066464373, -22.88778645567959], [-43.19558857435248, -22.88710498270802]]], [[[-43.17323002624397, -22.83794148091386], [-43.17462786318458, -22.83883653297886], [-43.17566585979085, -22.83657231525939], [-43.17323002624397, -22.83794148091386]]], [[[-43.16733789572658, -22.82933565511564], [-43.16714452619817, -22.82912180892356], [-43.16707369289588, -22.82922934805521], [-43.16733789572658, -22.82933565511564]]], [[[-43.1631010141997, -22.81998933833654], [-43.16251671117652, -22.81951369410092], [-43.16274232769553, -22.82009159305181], [-43.1631010141997, -22.81998933833654]]], [[[-43.16160953984763, -22.81149756096289], [-43.16126099409888, -22.81501051432298], [-43.16512264609253, -22.81340472264907], [-43.16476330308325, -22.81192167674322], [-43.16160953984763, -22.81149756096289]]], [[[-43.16929976317277, -22.80000159559637], [-43.16866202693029, -22.80042294686075], [-43.16935662190986, -22.80055012538719], [-43.16929976317277, -22.80000159559637]]], [[[-43.15766893906954, -22.79985352761742], [-43.15744655111672, -22.80031525394503], [-43.15779081968986, -22.80027846088149], [-43.15766893906954, -22.79985352761742]]], [[[-43.15492151111812, -22.79357110841914], [-43.15563056180025, -22.79452578373713], [-43.15573502255251, -22.79339250575879], [-43.15492151111812, -22.79357110841914]]], [[[-43.16004012934775, -22.7701656343358], [-43.15608384799049, -22.77321451143979], [-43.15358005717314, -22.77306473205095], [-43.15278785427535, -22.77165490265088], [-43.1519628342167, -22.77402075005682], [-43.15453604460203, -22.77542513855855], [-43.15981471697489, -22.77544339209811], [-43.16060781469815, -22.77467971299757], [-43.16016081297039, -22.77189201610287], [-43.1622697213698, -22.77157261828091], [-43.16004012934775, -22.7701656343358]]], [[[-43.16785299322032, -22.76901753732869], [-43.16926906301609, -22.76730987315136], [-43.1691290862376, -22.76664154826807], [-43.16769206583541, -22.7679423303735], [-43.16785299322032, -22.76901753732869]]], [[[-43.14123356427683, -23.06524339596518], [-43.1457256707024, -23.06530196881005], [-43.14930669015092, -23.05852021003886], [-43.14676055205712, -23.05880244517596], [-43.14176205537382, -23.06322264001204], [-43.14123356427683, -23.06524339596518]]], [[[-43.14730742080008, -22.96188440404126], [-43.14883056297936, -22.96575519944213], [-43.15132017508529, -22.96676195270118], [-43.14927240439721, -22.96523371766119], [-43.15105929075293, -22.96446912215151], [-43.15076679614998, -22.96326758113321], [-43.14730742080008, -22.96188440404126]]], [[[-43.14610417916379, -22.93421910942357], [-43.14849369942397, -22.93554428923676], [-43.14725042356747, -22.9343984729104], [-43.14610417916379, -22.93421910942357]]], [[[-43.12297495522927, -22.80444867476575], [-43.12219672599736, -22.80492117137419], [-43.12371611890302, -22.80710988111537], [-43.12420715143816, -22.80596807396665], [-43.12297495522927, -22.80444867476575]]], [[[-43.11690662144269, -22.80257721886278], [-43.11781455539671, -22.80442088121794], [-43.11956557139325, -22.80383720861948], [-43.11881128301354, -22.80260704577779], [-43.11690662144269, -22.80257721886278]]], [[[-43.10808278559136, -22.80083069767778], [-43.11191811173074, -22.80318059830518], [-43.11161699532732, -22.80165805777239], [-43.10916553156329, -22.8000005766645], [-43.10808278559136, -22.80083069767778]]], [[[-43.12368466241651, -22.79928809327009], [-43.12326052595176, -22.79781395874642], [-43.12266667122918, -22.79900341107776], [-43.12368466241651, -22.79928809327009]]], [[[-43.11372574634538, -22.7963848298952], [-43.11162687438002, -22.79569003616547], [-43.11122447362982, -22.79661346363969], [-43.11338995028524, -22.79730156371539], [-43.11372574634538, -22.7963848298952]]], [[[-43.12109277311225, -22.79649123318308], [-43.12270422601847, -22.79634677238488], [-43.12114964084253, -22.79568929512408], [-43.12109277311225, -22.79649123318308]]], [[[-43.10497578710215, -22.79091589155439], [-43.10453383506768, -22.79126373942927], [-43.10452537064862, -22.79202716492097], [-43.10497578710215, -22.79091589155439]]], [[[-43.10524160691392, -22.79005567113154], [-43.10608336785242, -22.79173550219087], [-43.10653699398637, -22.79136221609264], [-43.10524160691392, -22.79005567113154]]], [[[-43.1522861575794, -22.7903177416697], [-43.1521276691559, -22.79025856358106], [-43.15224476628219, -22.79037921123086], [-43.1522861575794, -22.7903177416697]]], [[[-43.15165084411046, -22.78946306107065], [-43.15117740321386, -22.78968098388953], [-43.15178729194923, -22.79071291187063], [-43.15165084411046, -22.78946306107065]]], [[[-43.10114974376495, -22.78983770604452], [-43.10181681139602, -22.78992688281863], [-43.1008843268495, -22.78934745771824], [-43.10114974376495, -22.78983770604452]]], [[[-43.1492798247034, -22.78949218471575], [-43.14859434075549, -22.78905129028402], [-43.14855325702644, -22.78944052585882], [-43.1492798247034, -22.78949218471575]]], [[[-43.09943217805187, -22.78824522703485], [-43.10022906102159, -22.78930705477597], [-43.10052820431247, -22.78895130635692], [-43.09943217805187, -22.78824522703485]]], [[[-43.15156732587064, -22.78745861432282], [-43.14857254028976, -22.78704144310734], [-43.14948178725393, -22.78768845405813], [-43.15156732587064, -22.78745861432282]]], [[[-43.13833446836031, -22.78278564613987], [-43.13743046894024, -22.78329144644232], [-43.13830255321955, -22.78303469179684], [-43.13833446836031, -22.78278564613987]]], [[[-43.10502106886651, -22.77760592077584], [-43.10614793288005, -22.77775710220772], [-43.10694868203529, -22.77692613133513], [-43.1057328642795, -22.7765642486404], [-43.10502106886651, -22.77760592077584]]], [[[-43.14153709356128, -22.77659531302248], [-43.13953900591963, -22.7760486277412], [-43.13910761012738, -22.77688079920875], [-43.14153709356128, -22.77659531302248]]], [[[-43.11541505715843, -22.77014990159591], [-43.11582148777069, -22.77008458113772], [-43.11546480855333, -22.76999611842535], [-43.11541505715843, -22.77014990159591]]], [[[-43.11432660408877, -22.76963243978452], [-43.1146809243844, -22.76982362126233], [-43.11499446042529, -22.76965283281123], [-43.11432660408877, -22.76963243978452]]], [[[-43.11663208090511, -22.76884263987517], [-43.1171637187299, -22.76959420420837], [-43.11736254624378, -22.76914301883448], [-43.11663208090511, -22.76884263987517]]], [[[-43.101511892659, -22.76288107989717], [-43.10225348441003, -22.76287328277499], [-43.10170969584505, -22.76248375402128], [-43.101511892659, -22.76288107989717]]], [[[-43.10561300263726, -22.7492150971982], [-43.10421260262876, -22.75095442470615], [-43.10246570462783, -22.75058340939603], [-43.10178395556437, -22.75202804705594], [-43.10707806929673, -22.7550137252025], [-43.10848296861337, -22.75768590418033], [-43.10643003132014, -22.76187399478823], [-43.10692373304312, -22.7631170602034], [-43.10269530424415, -22.76339584284312], [-43.1024545539338, -22.76506662222607], [-43.10813813256806, -22.76986408355981], [-43.11072363668575, -22.76958598260626], [-43.11435251895284, -22.76744870869015], [-43.11084501908164, -22.76642436199393], [-43.11018986926632, -22.76516617897522], [-43.11111320500964, -22.7608139486041], [-43.10981305242967, -22.7588569941542], [-43.1127333183872, -22.75417673876473], [-43.10921431888499, -22.75190782118824], [-43.10927151486777, -22.74908985671073], [-43.10561300263726, -22.7492150971982]]], [[[-43.11725749193897, -22.75367816091762], [-43.11451691232492, -22.75636131612106], [-43.11713276136709, -22.75695260507791], [-43.11855158578635, -22.75859577617337], [-43.12000540642362, -22.7583609586905], [-43.12082068322724, -22.75644656285783], [-43.11725749193897, -22.75367816091762]]], [[[-43.12630552607845, -22.74652358099769], [-43.12448545743717, -22.74865640057163], [-43.12645696741436, -22.74744852922549], [-43.12913297570555, -22.74783993666296], [-43.12817206898507, -22.7462421390627], [-43.12630552607845, -22.74652358099769]]]]}}, {"type": "Feature", "id": "2", "properties": {"id": "2", "unidade": "2", "camada": "RISP", "label": "RISP 2"}, "geometry": {"type": "MultiPolygon", "coordinates": [[[[-43.56897207190286, -23.08147212004155], [-43.56875996140235, -23.0817943336408], [-43.56904289801059, -23.08161473812891], [-43.56897207190286, -23.08147212004155]]], [[[-43.55912282186, -23.0806447779334], [-43.56131711099516, -23.08113893201534], [-43.56107617002851, -23.08289288160046], [-43.56385008661147, -23.08215291222632], [-43.56139740966199, -23.07873958216521], [-43.55912282186, -23.0806447779334]]], [[[-43.57390145838485, -23.07279311820707], [-43.57358377377142, -23.0734561343923], [-43.57417530104857, -23.0731773481553], [-43.57390145838485, -23.07279311820707]]], [[[-43.51113069422541, -23.061388693033], [-43.51102291497483, -23.06295206818265], [-43.50908229581057, -23.06337999978638], [-43.50806992268804, -23.06511111918201], [-43.51396362881769, -23.06574927181066], [-43.51423788427019, -23.06463929436717], [-43.5125203788117, -23.06371702971637], [-43.51349363412317, -23.06254652879852], [-43.51113069422541, -23.061388693033]]], [[[-43.51233417957798, -23.06067951644576], [-43.51176380255669, -23.06097326020699], [-43.51264379007813, -23.06130730438781], [-43.51233417957798, -23.06067951644576]]], [[[-43.50933719155739, -23.05298285397475], [-43.50772179872132, -23.05346378532465], [-43.50944665343957, -23.05414701916885], [-43.50933719155739, -23.05298285397475]]], [[[-43.50894936791826, -23.04769267117905], [-43.50895848974176, -23.0476640601475], [-43.50891879366668, -23.04769080058918], [-43.50894936791826, -23.04769267117905]]], [[[-43.66087946831209, -23.0000000087926], [-43.66085452831311, -23.0000161920928], [-43.66087558503949, -23.00003271713541], [-43.66087946831209, -23.0000000087926]]], [[[-43.66089741518283, -22.99997071877289], [-43.66095415790733, -22.99996460518162], [-43.66095441691209, -22.99993841602429], [-43.66089741518283, -22.99997071877289]]], [[[-43.6605698065506, -22.99947698467435], [-43.66069925676453, -22.99998213926352], [-43.66096933576551, -22.99986005719512], [-43.6605698065506, -22.99947698467435]]], [[[-43.66059867838555, -22.99941834258169], [-43.66063383018638, -22.99944483301186], [-43.66065519088363, -22.99942532222008], [-43.66059867838555, -22.99941834258169]]], [[[-43.65987293538694, -22.99839107668606], [-43.66069491483773, -22.99898382794055], [-43.66138268396298, -22.99884233670372], [-43.66130851957178, -22.9984686090383], [-43.65987293538694, -22.99839107668606]]], [[[-43.66174025890507, -22.99844936264719], [-43.66166223642233, -22.99847160018345], [-43.66172899579578, -22.99851799980507], [-43.66174025890507, -22.99844936264719]]], [[[-43.56622925297694, -23.06335802934882], [-43.57307185807906, -23.05853723780251], [-43.58029479636701, -23.05540995780251], [-43.60394079233299, -23.05118813362469], [-43.632296473103, -23.05062500693776], [-43.66298935517386, -23.05271110403345], [-43.66847187597557, -23.05408313223001], [-43.66703813719954, -23.0428165011798], [-43.66380667074054, -23.04087100679078], [-43.6605158166509, -23.04088696526048], [-43.63564106708083, -23.03328561923519], [-43.61919591755679, -23.03273792131722], [-43.59902212936703, -23.02281731096934], [-43.60804235377088, -23.02164091319679], [-43.62029991720669, -23.01636067420498], [-43.62362678464768, -23.01460906555513], [-43.62439451159668, -23.01149686178996], [-43.62687279764077, -23.01080325966194], [-43.62751599906335, -23.00901525454958], [-43.63627961810914, -23.0057414381161], [-43.63871151982005, -23.00626145759941], [-43.64304602005706, -23.00203239208048], [-43.64616094067412, -23.00230472118517], [-43.64825779096356, -23.00118076288112], [-43.65312152333888, -23.002799416659], [-43.65284335043953, -23.00085162630074], [-43.65441718830186, -23.00014283642201], [-43.65640420978571, -22.99581392996811], [-43.66212321990992, -22.98864104344864], [-43.67424565211445, -22.98040639214054], [-43.68080676941617, -22.98142123570068], [-43.68363272077272, -22.98440752988284], [-43.6873532259699, -22.98594210244528], [-43.68892630210644, -22.98823710215976], [-43.68873711262694, -22.99030137720604], [-43.68962610955657, -22.99189869097103], [-43.69338318928203, -22.98624082575276], [-43.69576550507327, -22.98461698558464], [-43.70004811622687, -22.98610459375124], [-43.7063295425736, -22.97507927958429], [-43.71512002167094, -22.96973429390175], [-43.71791538528606, -22.97092421298129], [-43.71818198840731, -22.97218297516338], [-43.7195307538405, -22.97185509313726], [-43.72022366708785, -22.97093510107328], [-43.71820222944859, -22.96965484419491], [-43.71908042641979, -22.96682385483626], [-43.72377606471287, -22.96177451318249], [-43.74062101774507, -22.95125594630412], [-43.74579271306254, -22.94572808708079], [-43.748222100269, -22.94582377944312], [-43.75708174442622, -22.93984724305506], [-43.75985665925668, -22.93993082964329], [-43.76072421994604, -22.94113723869185], [-43.76265634591289, -22.9401755981246], [-43.77092710140386, -22.94132535707877], [-43.77305720502528, -22.94031174019386], [-43.77758078232654, -22.9308390596741], [-43.78289550312422, -22.92821255456499], [-43.7859934859099, -22.9288408892948], [-43.7868082294155, -22.92683413578595], [-43.78971591655556, -22.92561288522569], [-43.79367256393692, -22.92119730930762], [-43.79475581712654, -22.91699306058052], [-43.7907028028913, -22.91434103361104], [-43.79206060920905, -22.90857611669367], [-43.7950404039907, -22.90734435935394], [-43.79497088909454, -22.90381388090509], [-43.79294371827723, -22.90287351110288], [-43.79001613093897, -22.9032409821848], [-43.78820553485684, -22.90061138430718], [-43.7859415320753, -22.90165637404164], [-43.78524032707872, -22.90387156791775], [-43.78358026581589, -22.90363378716876], [-43.78094615963681, -22.89933706385364], [-43.78166518739778, -22.89746714489206], [-43.7805182037514, -22.89499329520362], [-43.77904027588727, -22.89478739991779], [-43.77823308129092, -22.89616952570225], [-43.77507168640847, -22.89564128911343], [-43.77454727193833, -22.89267001181082], [-43.76932787298222, -22.89320982087577], [-43.76894071124411, -22.89478139244653], [-43.76705162143446, -22.89499462889825], [-43.76260006813789, -22.89060665227441], [-43.75705943044761, -22.89067325696448], [-43.75142564277849, -22.8886253405862], [-43.7506421561099, -22.88747734969917], [-43.75219948241943, -22.88045448808339], [-43.74818316322165, -22.87793295813873], [-43.74125508565294, -22.87714595422165], [-43.73436909995326, -22.87832652844577], [-43.72702900698238, -22.87308274077509], [-43.71759094496542, -22.87247729019401], [-43.71148998737226, -22.8667539021701], [-43.70648408657058, -22.86859166227464], [-43.69929444478208, -22.86531431510281], [-43.69261937078659, -22.86425723668134], [-43.69037359996094, -22.86671939518317], [-43.68089672770111, -22.86257603685385], [-43.67762660298462, -22.86413270216173], [-43.67704557619163, -22.86545637740909], [-43.6729831505512, -22.8638134203523], [-43.66987034603892, -22.86523903285433], [-43.66501637400575, -22.86510824085184], [-43.65831621342176, -22.86324631866188], [-43.64968717342356, -22.85721563679141], [-43.64424097983664, -22.85576948737116], [-43.62366795291297, -22.86276290158588], [-43.59669655899825, -22.85779500523455], [-43.59267021685628, -22.86072223014605], [-43.59018992982067, -22.84538277369529], [-43.58796323541424, -22.83661582895655], [-43.58621097115866, -22.83489789542074], [-43.58030793905942, -22.83548428397177], [-43.57289798765129, -22.82735944887867], [-43.57006315908677, -22.82099685961663], [-43.56588593138991, -22.82139202442164], [-43.56176009994795, -22.81913674866126], [-43.56081566610936, -22.81750234325779], [-43.55790216665093, -22.81805357730997], [-43.55442568259843, -22.81473121817044], [-43.5531041998982, -22.81640209018354], [-43.55140039740968, -22.81458073731039], [-43.54373909628151, -22.81512768159644], [-43.53979242328097, -22.81193086781451], [-43.53914538265258, -22.80875710185796], [-43.53641440060335, -22.80704449500666], [-43.53436770730309, -22.80365049137629], [-43.53507549443776, -22.80221401776191], [-43.53154162644415, -22.80168206067776], [-43.52840352670069, -22.79954912868857], [-43.52646896896704, -22.80075793173239], [-43.52577069486097, -22.80293269388795], [-43.51711916191908, -22.79997166436004], [-43.51424955567171, -22.80057598539264], [-43.50993150223633, -22.80406367589717], [-43.50983833427097, -22.80609155807815], [-43.50832446500135, -22.80631628336903], [-43.50037638266321, -22.80199347431864], [-43.4921955054175, -22.8015236253143], [-43.49188721961877, -22.80413234183334], [-43.49395881514647, -22.81053338880406], [-43.49619590121915, -22.81202944340333], [-43.49537638141413, -22.81434596029703], [-43.49078937402965, -22.81501598130171], [-43.48819377142468, -22.81752867630661], [-43.48031681826581, -22.81680989855721], [-43.47626324375295, -22.81835755805406], [-43.46543143940869, -22.81761563355388], [-43.46423545440194, -22.822315781947], [-43.46205762196098, -22.82258034720451], [-43.4586335423034, -22.84848382766575], [-43.43963560419905, -22.84224452106702], [-43.43528070284145, -22.84200607212176], [-43.43023099336494, -22.83763158263065], [-43.42565849834028, -22.83591990298038], [-43.42450802892165, -22.83261564359628], [-43.42184976605313, -22.83248880681219], [-43.41482000933524, -22.82125163755228], [-43.41070603635376, -22.82018244256489], [-43.40762931893721, -22.82114568842201], [-43.39020893109654, -22.81366666188615], [-43.38776384442514, -22.81480036074726], [-43.38478649040349, -22.81398756697189], [-43.37964638916878, -22.81061653562386], [-43.37675551755234, -22.81077920409621], [-43.37579985657737, -22.80859577337549], [-43.37007418337612, -22.80529687215216], [-43.36541079926826, -22.80407471057867], [-43.36156002007812, -22.80446297218765], [-43.35745970330191, -22.80260543599132], [-43.34833694629231, -22.80374127613823], [-43.32770847256722, -22.80220990516221], [-43.32784963015558, -22.80406823815787], [-43.3313087653865, -22.80876563912216], [-43.3308773003464, -22.8126521016124], [-43.31938747734949, -22.81897315478648], [-43.31656756494044, -22.8195216261214], [-43.31358133640884, -22.82585761973257], [-43.31294270444153, -22.83026821610451], [-43.30787513263056, -22.83188523761288], [-43.30920139073089, -22.83328990220645], [-43.31493607873631, -22.83227593368662], [-43.31884503866689, -22.83339897378283], [-43.31781421775122, -22.83640304396454], [-43.31173306682683, -22.83893486215339], [-43.30698270208927, -22.83613470065512], [-43.30458930305315, -22.84001046031369], [-43.30329128276577, -22.83921817108097], [-43.30187491439506, -22.8416259466793], [-43.30669666461864, -22.84486727600319], [-43.30453756595517, -22.84705070312668], [-43.30248588411553, -22.84595353112979], [-43.30057522406662, -22.84897941077043], [-43.30138994059257, -22.85022433778221], [-43.29954278257264, -22.85100555096466], [-43.30075048304764, -22.85130229216628], [-43.30088029928567, -22.85180190603239], [-43.29938372307964, -22.8512120110247], [-43.29857337905747, -22.85272449713705], [-43.29353372310209, -22.85492127109899], [-43.29805520588229, -22.85904900190911], [-43.30161656525155, -22.8571702785847], [-43.30259412112105, -22.85931324520931], [-43.3071293482401, -22.8617093170306], [-43.30734270969754, -22.86313701056383], [-43.31085215660102, -22.86146839674836], [-43.31442982967218, -22.86133999874119], [-43.31514689331374, -22.86335550984813], [-43.3089224390186, -22.86990037460185], [-43.31086208331777, -22.87133449289178], [-43.3084870160622, -22.87336131657071], [-43.30882137230776, -22.87529896077763], [-43.31000634781395, -22.87509051861178], [-43.31075983219978, -22.87785238338], [-43.31352468541519, -22.8800383861618], [-43.31055037559861, -22.88499442675061], [-43.3134268032037, -22.8885964822411], [-43.31466047160274, -22.89253264306626], [-43.31669450514659, -22.89430184695192], [-43.31715859309389, -22.89728615003503], [-43.32172648538824, -22.89951782039032], [-43.32657478989393, -22.90661680961728], [-43.32308516314902, -22.91071897989622], [-43.32258169838593, -22.91298903781308], [-43.32079374903157, -22.91411641983615], [-43.32053275498191, -22.91708360882069], [-43.31935082458017, -22.91748463270886], [-43.31658765579493, -22.91789732260258], [-43.31491367392618, -22.91675333819524], [-43.31071618630222, -22.91649533259277], [-43.30093556172608, -22.92100720881484], [-43.29151251119271, -22.92194360900959], [-43.28435243641508, -22.91854378586623], [-43.28237584886563, -22.92057167883911], [-43.27874874815546, -22.92125738222165], [-43.27939010416924, -22.92432235089501], [-43.27854995211788, -22.92802863421332], [-43.28011399366517, -22.93129969692268], [-43.28646670207593, -22.93589053182183], [-43.28547614380824, -22.9430758235896], [-43.29106608772901, -22.94456750928236], [-43.29946594629564, -22.94952587461864], [-43.30074869429609, -22.95357020679882], [-43.30018243527041, -22.95810982800538], [-43.3012369569193, -22.95969716738961], [-43.30035103477172, -22.96101238361382], [-43.30123773663149, -22.97333577112818], [-43.30017825522157, -22.97258172556542], [-43.29929101017126, -22.97384634413271], [-43.29859872285203, -22.97250878515155], [-43.29814482242489, -22.97437777511345], [-43.29622120224593, -22.97397709386701], [-43.29536740028459, -22.9763346666108], [-43.2922555778319, -22.97382937932161], [-43.29693997819669, -22.97948602775722], [-43.29272698536136, -22.97948258695106], [-43.28270698194092, -22.98794127017271], [-43.28498344033278, -22.99244999517038], [-43.28478410560126, -23.00115252326958], [-43.2756916899188, -23.00111082620288], [-43.27570828241056, -23.00458696221779], [-43.27763619955022, -23.00589850920807], [-43.28151360406883, -23.00623531970348], [-43.28697850895031, -23.00996224426137], [-43.28750604406792, -23.01111664371734], [-43.28556059644364, -23.01494360526237], [-43.28620314226049, -23.01620698995987], [-43.28716102456093, -23.01483658414026], [-43.28945603416793, -23.01470111476385], [-43.29226222741914, -23.01510177082929], [-43.29430217040812, -23.01700999641344], [-43.29785292407246, -23.01547473766823], [-43.3087946219735, -23.01627685199435], [-43.32654532540573, -23.012301237911], [-43.34923362882819, -23.01102804071076], [-43.37293717510983, -23.01180280575409], [-43.41880979313669, -23.01734788879327], [-43.44477119533366, -23.02249660013723], [-43.46497745444526, -23.0287997127358], [-43.47009570755012, -23.03302602542993], [-43.46754630042068, -23.03682151160268], [-43.46836172831036, -23.03793039816856], [-43.47070922594929, -23.03785332626921], [-43.47054227490531, -23.03696656685281], [-43.47215559300548, -23.03645862796253], [-43.47048584244692, -23.0338454013434], [-43.47240968206046, -23.03216749393391], [-43.47630322761114, -23.03157476875981], [-43.48137125807636, -23.03247199268753], [-43.49295528595695, -23.03552390320482], [-43.49734526087434, -23.0377981042983], [-43.49808163655757, -23.03710951499136], [-43.50032337842043, -23.04108366587769], [-43.50306972538681, -23.04004761990097], [-43.50594370773518, -23.04137891420476], [-43.50742853609734, -23.0429035942247], [-43.50681440256187, -23.04567571216359], [-43.50829717957043, -23.04748873371733], [-43.53441371841762, -23.05035265085337], [-43.53610505900053, -23.0517897629864], [-43.53499069196613, -23.05337229009831], [-43.53620175320759, -23.05554515378503], [-43.53983497740154, -23.05642048461692], [-43.54218810659512, -23.0591401361076], [-43.54527906477631, -23.05921170055876], [-43.54906389038553, -23.06193783885942], [-43.54969495815504, -23.06321416210312], [-43.54775359974809, -23.06467457836834], [-43.55139170636141, -23.06703824401899], [-43.55254403377938, -23.07106838489727], [-43.54888195213965, -23.07343756788867], [-43.55316872625497, -23.07632212716368], [-43.55454717740957, -23.07300941235371], [-43.56297783236033, -23.07570345115255], [-43.56619217213029, -23.07525192493563], [-43.56734498158488, -23.07336110213237], [-43.56916927703975, -23.07425846995164], [-43.57239801315706, -23.07322487372818], [-43.57130310925038, -23.07227498730003], [-43.56761901580421, -23.07167083713864], [-43.56739705233139, -23.06885148500726], [-43.56881219222817, -23.06617250805402], [-43.56622925297694, -23.06335802934882]], [[-43.57179967711266, -23.07297177932338], [-43.57182584738422, -23.07297296462986], [-43.57182975224055, -23.07301613658467], [-43.57179967711266, -23.07297177932338]]], [[[-43.69573494161352, -22.98672249994263], [-43.6958975687171, -22.98640087360064], [-43.69540291820937, -22.98637294425521], [-43.69573494161352, -22.98672249994263]]], [[[-43.70384545680167, -22.98522069687687], [-43.70595762614278, -22.98666797494633], [-43.70742579906067, -22.98666497031138], [-43.70384545680167, -22.98522069687687]]], [[[-43.70356860500641, -22.98507121876094], [-43.70354615612945, -22.98511266581608], [-43.70357609635903, -22.98510871959098], [-43.70356860500641, -22.98507121876094]]], [[[-43.7196378550023, -22.97349045721808], [-43.71930214527703, -22.97252458534058], [-43.71866280284536, -22.972334446177], [-43.7196378550023, -22.97349045721808]]], [[[-43.31062388798131, -23.04717561496187], [-43.31029803482573, -23.04634908044494], [-43.30988091577092, -23.04702553070291], [-43.31062388798131, -23.04717561496187]]], [[[-43.31064711207381, -23.04438377219253], [-43.309818866147, -23.04421065000071], [-43.31030453422613, -23.04471009029766], [-43.31064711207381, -23.04438377219253]]], [[[-43.30385410278387, -23.03665252809094], [-43.30275662321884, -23.03845599614652], [-43.30795779201776, -23.03868368380421], [-43.30659714743967, -23.03732924185027], [-43.30385410278387, -23.03665252809094]]], [[[-43.31659855917542, -23.03741210358493], [-43.3158801960135, -23.03721688684908], [-43.31584221944212, -23.03755585481809], [-43.31659855917542, -23.03741210358493]]], [[[-43.304869378918, -23.0337978164153], [-43.30507688578894, -23.03415097029028], [-43.30513680312026, -23.03383861056267], [-43.304869378918, -23.0337978164153]]], [[[-43.30616701339625, -23.03323457101789], [-43.30534290974674, -23.03343028687749], [-43.30561581621623, -23.03381285937519], [-43.30616701339625, -23.03323457101789]]], [[[-43.29858452435559, -23.03128248639683], [-43.29931672898311, -23.03316836832477], [-43.29831860741706, -23.03393435418633], [-43.30125584897752, -23.03346590812441], [-43.30076136304575, -23.03194056080747], [-43.29858452435559, -23.03128248639683]], [[-43.30066175143793, -23.03201751489564], [-43.30065317910021, -23.03197760028524], [-43.300739165979, -23.03205770379924], [-43.30066175143793, -23.03201751489564]]]]}}, {"type": "Feature", "id": "3", "properties": {"id": "3", "unidade": "3", "camada": "RISP", "label": "RISP 3"}, "geometry": {"type": "MultiPolygon", "coordinates": [[[[-43.66847187597557, -23.05408313223001], [-43.74966929470145, -23.06053053115829], [-43.77837134216298, -23.06181345992246], [-43.84122619563169, -23.07065044656008], [-43.85903109580772, -23.07220596433302], [-43.86462272775594, -23.04460498113417], [-43.85859226711869, -23.04800123217035], [-43.83872571971546, -23.05510194180039], [-43.82442169590382, -23.05862369862405], [-43.80350832684707, -23.0610609557977], [-43.75686325323579, -23.05983932212627], [-43.72953086515656, -23.05755122021185], [-43.70458060760825, -23.05380473899675], [-43.66703813719954, -23.0428165011798], [-43.66847187597557, -23.05408313223001]]], [[[-43.86022793067372, -22.9474255718319], [-43.85980642832328, -22.95028487904318], [-43.85630631638264, -22.95031295587745], [-43.85783409186911, -22.95415198092843], [-43.85920479626361, -22.95544440473469], [-43.863862378845, -22.9558824168393], [-43.8645282162035, -22.95547696828669], [-43.86089273201327, -22.95326444090045], [-43.86228565236024, -22.95254853558566], [-43.86139561131768, -22.94997348788536], [-43.863615779344, -22.94980999923132], [-43.86294938440585, -22.94699004995005], [-43.85986091644742, -22.94516046108566], [-43.85727856715141, -22.94505987821003], [-43.86022793067372, -22.9474255718319]]], [[[-43.86586718801959, -22.94587999156761], [-43.86589031228738, -22.94387083417087], [-43.86411456943108, -22.94500030621839], [-43.86586718801959, -22.94587999156761]]], [[[-43.86917364444741, -22.92995451438856], [-43.87214661337475, -22.93201863205343], [-43.87805801816228, -22.9408769551066], [-43.87530802624366, -22.94183798683287], [-43.87712072763873, -22.94476684671184], [-43.87674844338522, -22.94659951035834], [-43.87414684140288, -22.94545468328624], [-43.87325392163046, -22.94745188959223], [-43.88002962886355, -22.95066694971916], [-43.88053058092083, -22.9490728348427], [-43.8841801439977, -22.94796477115648], [-43.88463801043508, -22.92754457232337], [-43.88269547571491, -22.92479523331258], [-43.87722637279813, -22.92552261667464], [-43.87031119600414, -22.92419177113254], [-43.86809017542055, -22.92606323872673], [-43.86917364444741, -22.92995451438856]]], [[[-43.86624032033376, -22.92534412013424], [-43.86467204927493, -22.92443628870296], [-43.86336543956264, -22.92538993429724], [-43.86494605111864, -22.92610006416584], [-43.86624032033376, -22.92534412013424]]], [[[-43.81424623027857, -22.9206460176988], [-43.81056698777553, -22.9193746569141], [-43.8142077033221, -22.92108906780544], [-43.81424623027857, -22.9206460176988]]], [[[-43.68089672770111, -22.86257603685385], [-43.69037359996094, -22.86671939518317], [-43.69215180156368, -22.86434254007537], [-43.69734044730308, -22.86471405001265], [-43.70648408657058, -22.86859166227464], [-43.7116402434018, -22.86678871672513], [-43.71759094496542, -22.87247729019401], [-43.72702900698238, -22.87308274077509], [-43.73436909995326, -22.87832652844577], [-43.74125508565294, -22.87714595422165], [-43.74818316322165, -22.87793295813873], [-43.75219948241943, -22.88045448808339], [-43.7506421561099, -22.88747734969917], [-43.75142564277849, -22.8886253405862], [-43.75705943044761, -22.89067325696448], [-43.76260006813789, -22.89060665227441], [-43.76637736911954, -22.89485761898317], [-43.76880668707821, -22.89486543589038], [-43.76932787298222, -22.89320982087577], [-43.77315323103608, -22.89248439713646], [-43.77454727193833, -22.89267001181082], [-43.77507168640847, -22.89564128911343], [-43.77823308129092, -22.89616952570225], [-43.7801692829853, -22.89468921643339], [-43.78155724986647, -22.89673760585504], [-43.78094615963681, -22.89933706385364], [-43.78417941484742, -22.90389091233499], [-43.78792107119972, -22.90060921424305], [-43.79019911509636, -22.90331924208857], [-43.794612628869, -22.90344617420078], [-43.79517370510166, -22.907010459964], [-43.79206060920905, -22.90857611669367], [-43.7907028028913, -22.91434103361104], [-43.79486128242149, -22.91747069141849], [-43.80044011611773, -22.9167490421338], [-43.80165010266938, -22.91980959513592], [-43.80111628488788, -22.92461395426977], [-43.8075043015815, -22.92354631780756], [-43.80960398383604, -22.923991165659], [-43.81090293941838, -22.92600187888286], [-43.8130382096449, -22.92609084791354], [-43.81282468271223, -22.92416910641833], [-43.81033353456422, -22.92310146995612], [-43.80823385230968, -22.92351072983553], [-43.8072551866768, -22.92125090260629], [-43.80736072841415, -22.91726872167339], [-43.81007559641091, -22.91776998579542], [-43.81749551230729, -22.92093436193051], [-43.83063939808903, -22.93039963113728], [-43.83460519157558, -22.93185952219841], [-43.84225001532519, -22.93227622216915], [-43.84405143112792, -22.92683129212963], [-43.85181400491166, -22.92454779114689], [-43.85061171116081, -22.92227729705883], [-43.85134078075168, -22.9210666935723], [-43.8503939466226, -22.92055709183552], [-43.85429639456225, -22.9187799541308], [-43.85020537138007, -22.91643168217564], [-43.84514693937899, -22.91653801441709], [-43.84011903126753, -22.912210635012], [-43.83909857144118, -22.90937325956747], [-43.8411146023563, -22.90802923895745], [-43.84096526633323, -22.9069590007565], [-43.83855100842158, -22.90598832020402], [-43.83790388685418, -22.90407184603811], [-43.83974370820482, -22.90349858309236], [-43.83971893008385, -22.90220989596912], [-43.84595300442686, -22.90164570268627], [-43.85000270466037, -22.90373076196431], [-43.85686027987731, -22.90182708515107], [-43.86738550623539, -22.90388632938982], [-43.86678951112629, -22.906851769193], [-43.86870832442889, -22.90482393107879], [-43.87084518555616, -22.90530363395476], [-43.88005789455548, -22.91189163918705], [-43.88111576617894, -22.91836986417712], [-43.88469752756811, -22.92250888957284], [-43.885116735748, -22.8854379867729], [-43.89064016581028, -22.88382985866025], [-43.89325200927209, -22.88182247023002], [-43.8977011550835, -22.88424480855031], [-43.90519662482365, -22.8861534766009], [-43.91089154660688, -22.8846000191748], [-43.92119733478842, -22.8898384909528], [-43.92417284340127, -22.89406982276336], [-43.92784403877062, -22.89437215684876], [-43.93642234081767, -22.89277325757899], [-43.93819966558135, -22.8888474848228], [-43.93994682978166, -22.87876379591165], [-43.93464192958066, -22.87733233781637], [-43.93289699839704, -22.87518640163034], [-43.93000332719106, -22.87443183805811], [-43.92656876503577, -22.86921703014104], [-43.92572420180971, -22.8631682988771], [-43.92219683681384, -22.86175943894619], [-43.91783690374939, -22.8573692931576], [-43.91674982484381, -22.85330733966123], [-43.912755128046, -22.84953766313185], [-43.91036066691049, -22.84550016489993], [-43.91108540896374, -22.8410166631877], [-43.91325936982332, -22.83752697259092], [-43.9081768575752, -22.83224218213024], [-43.90383892732393, -22.83053145576127], [-43.8976176260519, -22.83278653007352], [-43.8910362209441, -22.82951372807531], [-43.88911755513033, -22.82225025014816], [-43.88411060481985, -22.81841601398708], [-43.87970360034018, -22.81729897776484], [-43.87928369158834, -22.81205541132738], [-43.87750715193278, -22.81036295828312], [-43.8666696054172, -22.80631608371954], [-43.86289441424509, -22.80613071096275], [-43.85581141676272, -22.80229149255757], [-43.84908417579334, -22.80138700570495], [-43.8390262056941, -22.79814603880789], [-43.83535920206481, -22.79459093062616], [-43.83514425959919, -22.79222135463101], [-43.83200076482268, -22.79107577842365], [-43.82902781568043, -22.78697758494684], [-43.82316607595294, -22.78313317925205], [-43.82216784017294, -22.78095364079712], [-43.82389037823765, -22.77906971489466], [-43.82327663231001, -22.77670900711422], [-43.81934176291128, -22.77659408634725], [-43.81300308662242, -22.77247923832539], [-43.81580660439056, -22.76997679918918], [-43.81936636026859, -22.76975463786545], [-43.82192467428354, -22.76635333174011], [-43.82888858713784, -22.76785379301737], [-43.83244550655417, -22.76375507163846], [-43.83533503908006, -22.76335636080665], [-43.83797972038707, -22.76061920491162], [-43.83958803915596, -22.7550320857614], [-43.83455655534004, -22.75118793367545], [-43.83638429070174, -22.75008020273839], [-43.83641919698761, -22.74583924278608], [-43.83261930593551, -22.7410714132144], [-43.8337864307984, -22.73550754603565], [-43.83152776099666, -22.73218613568082], [-43.832915315089, -22.72992630215634], [-43.823034045584, -22.7204715361317], [-43.81847122636526, -22.71821976592867], [-43.81322487922409, -22.71178915824231], [-43.80755548559648, -22.7102364940182], [-43.80541721163428, -22.70686815793835], [-43.79925584568002, -22.70173811202346], [-43.79444552943693, -22.6995329006221], [-43.78852674391339, -22.69388126680627], [-43.78547645757175, -22.69256376990131], [-43.79631123777267, -22.69024609737869], [-43.80461253693829, -22.69113490814874], [-43.80749910080215, -22.68894107766783], [-43.80958302603511, -22.68964193912342], [-43.81097155679117, -22.68739039734817], [-43.8155567187668, -22.68699194731971], [-43.81439296726091, -22.68218472744246], [-43.8169456533185, -22.67987141033655], [-43.82003018764232, -22.67944900236881], [-43.81780319106366, -22.6742088515565], [-43.81725172768438, -22.66727091202222], [-43.82364436239669, -22.66250147895931], [-43.82522684544182, -22.65788540728494], [-43.8307547838055, -22.65581191508704], [-43.8348047871105, -22.65590506416663], [-43.83980612115482, -22.64858164822374], [-43.82960109121666, -22.64205325815055], [-43.82328264607651, -22.64038448875237], [-43.81619907662537, -22.63481135226135], [-43.81217202491831, -22.63376382374071], [-43.80539611983431, -22.62918673228108], [-43.80333278817687, -22.62886157520074], [-43.79492403981186, -22.62082220717832], [-43.7950015613722, -22.61651390419257], [-43.79389506160709, -22.61460391413857], [-43.79172880074282, -22.61451153937526], [-43.78942563338552, -22.61218967601195], [-43.78742405457575, -22.61392839467891], [-43.78381302385122, -22.61110455313184], [-43.77897217112809, -22.61170998033055], [-43.77725360087226, -22.61055797037324], [-43.77753590705572, -22.60912735314406], [-43.77517216496273, -22.60892592029421], [-43.77161049442805, -22.60662026271416], [-43.77105518644697, -22.60346981258101], [-43.77261870368949, -22.5986025368768], [-43.77153310237003, -22.59590806460471], [-43.76641645905164, -22.5946135957401], [-43.75544893082275, -22.58664552237218], [-43.75356040758601, -22.58387369401498], [-43.74422858518034, -22.57857902000501], [-43.74414571085515, -22.57668980069298], [-43.74111211413202, -22.57632974811861], [-43.73852945456991, -22.5721578309184], [-43.73638936037997, -22.57159425277177], [-43.73478051820564, -22.56872485966375], [-43.73236568292918, -22.56765284260382], [-43.72861008888378, -22.56367386415673], [-43.72439469216056, -22.56463988172436], [-43.71637383398451, -22.56008742899087], [-43.71164291079094, -22.56363780044336], [-43.70743977092798, -22.56485410743034], [-43.70542043410501, -22.56435943713751], [-43.6950314514396, -22.55826666427436], [-43.69152735640165, -22.55456206808418], [-43.69114549077108, -22.55262645094916], [-43.68822448197352, -22.55170940686287], [-43.68636258316593, -22.5544403061744], [-43.6827786930815, -22.55596304815538], [-43.68203179083378, -22.55811993988254], [-43.68480168295059, -22.55951857092452], [-43.69021849388764, -22.5677021281499], [-43.69063676407467, -22.574585188355], [-43.69336337631802, -22.57732917370163], [-43.67197834882103, -22.5867930381674], [-43.63435883798923, -22.57109007034967], [-43.63566660512902, -22.56320001586727], [-43.63513518404079, -22.55720403883453], [-43.63252611139018, -22.55277992025634], [-43.62911319231927, -22.55062553224172], [-43.62347433157441, -22.54269672687167], [-43.62233648144274, -22.53739159194765], [-43.62525512142599, -22.52942852600489], [-43.62222604739344, -22.52568208885657], [-43.59783409256858, -22.56443947590031], [-43.59733511542248, -22.56754863635973], [-43.60186626321672, -22.57360529604682], [-43.61466293244763, -22.58559023629959], [-43.63878413557865, -22.60293003499237], [-43.64283805003527, -22.60836602577069], [-43.64617269661193, -22.60900700496853], [-43.65114425680127, -22.61367208429846], [-43.66002364917136, -22.61938191414328], [-43.62266381578172, -22.6422169896216], [-43.62297423836969, -22.61882850013438], [-43.62033149690035, -22.61484894162459], [-43.61227871728823, -22.60815730211704], [-43.60775388992937, -22.60688526684083], [-43.60302699659786, -22.60392298096002], [-43.60094603463108, -22.59896084116912], [-43.58866252665354, -22.59254253081235], [-43.58761446213697, -22.58811873419148], [-43.58358387429564, -22.58111191827965], [-43.56680212831486, -22.57684226635672], [-43.56382907844846, -22.57671410127398], [-43.56327417965895, -22.57953372230264], [-43.56091566802291, -22.57887457769885], [-43.55911201110968, -22.57683100414675], [-43.55811112502766, -22.5673319564039], [-43.55527613728316, -22.56833712325886], [-43.55005561057726, -22.57301704589918], [-43.54497047140939, -22.57120000617459], [-43.54289582358268, -22.56876411237312], [-43.54286085974013, -22.56547750937881], [-43.54083490300764, -22.56598281235614], [-43.53627845998221, -22.57025770822588], [-43.53297715127377, -22.56602934777538], [-43.52677525467351, -22.56845155119737], [-43.52366460044021, -22.5686083758751], [-43.52166187319614, -22.56723897819552], [-43.51935935155211, -22.5700982944], [-43.51600198630189, -22.57040863694829], [-43.51406006401999, -22.57248875714964], [-43.510085355554, -22.57117156421555], [-43.50638714005373, -22.56536363722131], [-43.50207727944218, -22.56411129979585], [-43.50117018365631, -22.56157282212729], [-43.49788988580883, -22.55947834065211], [-43.49783160074702, -22.55463779729575], [-43.49236360039913, -22.55222284420813], [-43.49211399356523, -22.55040412904657], [-43.48909916569323, -22.54987410460546], [-43.48822397965222, -22.55066271561105], [-43.48572180581596, -22.54948393913173], [-43.48368838021383, -22.54588942265798], [-43.47288430556551, -22.54023122738846], [-43.46844220324436, -22.54427205041401], [-43.46752668980417, -22.54108882538821], [-43.46517019624685, -22.53826934915037], [-43.46219341689192, -22.5382000563867], [-43.45663838914959, -22.53172850526551], [-43.44724589218345, -22.52714031797052], [-43.4399399131957, -22.53080837020934], [-43.43619342928258, -22.5300927679661], [-43.43166442097549, -22.53334152838806], [-43.42744126400243, -22.53403222930319], [-43.42257586967992, -22.53760679161934], [-43.41858863185917, -22.53814210317472], [-43.41489112862195, -22.53526016632287], [-43.41332775167365, -22.53557888515667], [-43.41213551144398, -22.53803535724518], [-43.39777647610276, -22.53150717941202], [-43.38908178739382, -22.53228877480632], [-43.38461431519778, -22.53046346761414], [-43.38027710530343, -22.52679088189291], [-43.37924517642301, -22.52338704507531], [-43.37491773136747, -22.52062505709995], [-43.37116351958002, -22.52254747218734], [-43.36974616375375, -22.52589069919566], [-43.36733438437363, -22.52682098759772], [-43.36035554637061, -22.52583237816094], [-43.35622468502049, -22.52217197465615], [-43.3536910519997, -22.52292638714226], [-43.3449958569725, -22.52044960476468], [-43.33191723139436, -22.51921041902483], [-43.33008357939292, -22.51673461061301], [-43.33213551933801, -22.51250754698492], [-43.32810890829876, -22.51090531662629], [-43.31711359641463, -22.49703672836154], [-43.31258017333562, -22.49533069285644], [-43.31152530904507, -22.4931199497251], [-43.30044031856511, -22.48355456079355], [-43.29666281343737, -22.47574232374848], [-43.2434073576627, -22.50773670018776], [-43.24122248083211, -22.51049038831997], [-43.2383843445611, -22.51041032617485], [-43.23701905858195, -22.51415618415979], [-43.23399787879833, -22.51678409670791], [-43.23302243543634, -22.51927043618093], [-43.23144185265863, -22.52004015332966], [-43.22671772474246, -22.51666844928872], [-43.22463057543996, -22.52026833111779], [-43.22163183913733, -22.52123858719028], [-43.22611032802848, -22.52315748323048], [-43.22499526671743, -22.52691071565624], [-43.22669456000523, -22.52900192809574], [-43.23002978304731, -22.52760791057585], [-43.23138392192971, -22.52424674119339], [-43.23377817262383, -22.52280743831187], [-43.23582888499431, -22.52262969630266], [-43.2464348605796, -22.52693402338571], [-43.26074612663172, -22.56125397019377], [-43.25463444462321, -22.57514920177346], [-43.22524350927978, -22.56373428330977], [-43.19635989589176, -22.56186640580921], [-43.16382155282167, -22.54703224693986], [-43.16115031003807, -22.54672809982117], [-43.15177539301925, -22.54042188905817], [-43.14691289181576, -22.54009069213095], [-43.14378472238627, -22.53802301315073], [-43.14002092742311, -22.53771891729343], [-43.13106904160225, -22.53440830959505], [-43.12646350638499, -22.53490372722445], [-43.1221977053591, -22.53101710375557], [-43.11810827397693, -22.53042839765163], [-43.11452310955315, -22.53409540397894], [-43.10826512133752, -22.53418852787746], [-43.09855580670438, -22.52633123479785], [-43.09654847762943, -22.52331793217604], [-43.08996372524501, -22.52094236130017], [-43.087017258439, -22.51718099360721], [-43.07605775036416, -22.51066470481152], [-43.07639603664705, -22.5094315454287], [-43.07437886359293, -22.50637654663956], [-43.07063851035821, -22.50403024240097], [-43.07068565192054, -22.50037118697992], [-43.07322065640744, -22.49508202761268], [-43.08038444538511, -22.48965994035319], [-43.07812661375146, -22.48704935144565], [-43.0709099608253, -22.48578151510407], [-43.06704976033745, -22.48618395182712], [-43.06227212365883, -22.48365252574268], [-43.05938531517944, -22.48344239824729], [-43.05596505764055, -22.47940507268521], [-43.05818730220153, -22.47473895194031], [-43.05632373155424, -22.47220013432798], [-43.05535540632621, -22.46748186279694], [-43.04899943427574, -22.46298872394965], [-43.04785500830127, -22.460229734314], [-43.04235050537079, -22.45974526593051], [-43.0407454880131, -22.45592047984547], [-43.03905470231194, -22.45843784323108], [-43.03338058634426, -22.46204138530089], [-43.03021035742131, -22.46062543421561], [-43.02599567386051, -22.45532418616148], [-43.02638113677932, -22.45843340417747], [-43.02499032444319, -22.46146091878558], [-43.01813401816969, -22.46338976492495], [-43.01636092381688, -22.46592898003763], [-43.01278606382505, -22.46566308108555], [-43.00894683282934, -22.46264745011894], [-42.99928431801612, -22.46010875211647], [-42.99454611391127, -22.46219782776677], [-42.98521753805818, -22.46281205573104], [-42.9833894843365, -22.463654069379], [-42.98132219656139, -22.46687049018021], [-42.97835218100761, -22.46724370073542], [-42.97668292777416, -22.47087764978295], [-42.97121723238865, -22.47112877737038], [-42.97027181469178, -22.47109923194324], [-42.96855824556587, -22.46783458679596], [-42.96411182829752, -22.46504265139646], [-42.95582465208531, -22.465781259197], [-42.9544065264393, -22.46256092904287], [-42.95506617556282, -22.45778263855715], [-42.94590693485645, -22.45558514603687], [-42.94073859311084, -22.45733897511286], [-42.93456383355334, -22.45197668377614], [-42.92927077562507, -22.44999674895001], [-42.92790848708626, -22.45009890114261], [-42.92543464639107, -22.45371979832925], [-42.91724108960386, -22.45228233635999], [-42.91549192441204, -22.45428578306166], [-42.91226690519278, -22.45489615023638], [-42.91871834477507, -22.45741036419616], [-42.92082798522262, -22.46073381601201], [-42.92274698558418, -22.46993691935256], [-42.9216325789796, -22.47554902616582], [-42.9153825497641, -22.48206074011028], [-42.90688178186798, -22.49668577602699], [-42.90229992040429, -22.5000730482318], [-42.89576480070428, -22.50134996143078], [-42.89501540193851, -22.50313390070818], [-42.89229880814275, -22.50281471422693], [-42.88915408219441, -22.50669211514821], [-42.88868432132364, -22.51249796830581], [-42.89824541599245, -22.51899396030223], [-42.89562950040039, -22.52242616893176], [-42.89277099178713, -22.52391603619532], [-42.8931896729643, -22.52908731242877], [-42.89146194311343, -22.53489498131756], [-42.8918242233085, -22.53704144990223], [-42.88794058828677, -22.54083089263082], [-42.88662753223412, -22.54764868633703], [-42.87616185088797, -22.55430596544716], [-42.87515710041913, -22.55695446077897], [-42.87099685641908, -22.56003995467938], [-42.86609929964226, -22.56896511984365], [-42.86732681757786, -22.57220344363327], [-42.88343071485485, -22.58242259562553], [-42.8877263850639, -22.59219977310028], [-42.90707863626932, -22.60134875703875], [-42.91066631070095, -22.61948854316097], [-42.90312178294317, -22.62547521221052], [-42.89920983816279, -22.63847009471834], [-42.90503569224268, -22.65357104556654], [-42.90740119071165, -22.65529762518446], [-42.91189211273007, -22.65563217838155], [-42.91171331131955, -22.67183559733417], [-42.91734612232494, -22.67569408281491], [-42.91833955392656, -22.68095724637902], [-42.92116171284204, -22.68433896976688], [-42.93494811836024, -22.69278922634095], [-42.93593194430304, -22.69432747533193], [-42.93346813464598, -22.69731407618292], [-42.93384520599074, -22.69853085801191], [-42.93588883799873, -22.69963377128073], [-42.93927867057346, -22.69937426201182], [-42.94383629530807, -22.70746769277901], [-42.95001044242724, -22.710327741931], [-42.95079032011643, -22.71269436275384], [-42.95522126634762, -22.71339014933517], [-42.95748889159836, -22.71546786295073], [-42.95980825124906, -22.71520835458114], [-42.95891619032921, -22.71859818805518], [-42.96037592670694, -22.72114461932796], [-42.96274394507628, -22.72148522406309], [-42.9621924888915, -22.7250696888143], [-42.96324674344174, -22.72539407517564], [-42.96548257136283, -22.72237770316769], [-42.96741510382327, -22.72180961042443], [-42.9671555945543, -22.72422628571377], [-42.96958849001606, -22.72886500591454], [-42.97343246403625, -22.73133033902315], [-42.97541121895188, -22.73147631427969], [-42.97777923732122, -22.72669161972169], [-42.9883704406426, -22.72878391044833], [-42.99404719522113, -22.72735661081816], [-42.99800470505238, -22.71921452223165], [-43.00154051288365, -22.71635992476996], [-43.00595216236167, -22.71496506458527], [-43.00961772437773, -22.71548408312316], [-43.01357523420899, -22.71837111913106], [-43.01471058512465, -22.7253454182557], [-43.02617104525677, -22.72586586941355], [-43.02732920118098, -22.72281520715529], [-43.03252211959943, -22.71956829124287], [-43.03251910687055, -22.71816576703577], [-43.03416315570433, -22.71799168796525], [-43.03488796430736, -22.71664105643885], [-43.03552414022619, -22.71007005109124], [-43.03421833001119, -22.70689719704723], [-43.03168895528034, -22.70534347971704], [-43.02646030140107, -22.70615946878371], [-43.02968950066918, -22.70484365271165], [-43.03443742644532, -22.70054585830394], [-43.03443459717818, -22.69852197990468], [-43.03579966462212, -22.69842790991936], [-43.03285562958291, -22.69437604861497], [-43.03570857139272, -22.69253892702909], [-43.04279769685547, -22.69195537224186], [-43.04382432333313, -22.69288473793955], [-43.05375912318425, -22.69334240472745], [-43.06309923014464, -22.69133030834627], [-43.0633476372829, -22.68884623696351], [-43.06617947740023, -22.68979018426882], [-43.06811705325867, -22.68879655571573], [-43.06841514164472, -22.68561694416587], [-43.07326879261996, -22.68241922116937], [-43.08549444361296, -22.68048112820071], [-43.08762219640653, -22.68376607914047], [-43.0907018384184, -22.68395272263928], [-43.09212033908165, -22.68557653402905], [-43.09159773314815, -22.68690171294293], [-43.09827962220606, -22.68650975871759], [-43.10253512599456, -22.68759229964417], [-43.10436424631217, -22.68966405794913], [-43.10395362755713, -22.69263171278254], [-43.10587607142281, -22.69279969265091], [-43.10655611357305, -22.69543768120326], [-43.11122467058135, -22.69462531910244], [-43.11489737861041, -22.69618496206556], [-43.11736262088749, -22.69930424889122], [-43.11741293166074, -22.70222229082526], [-43.11635639912777, -22.703681312242], [-43.11726199844173, -22.70700184216054], [-43.12234341621496, -22.71062424031567], [-43.12347668789812, -22.71355461015634], [-43.12707893494417, -22.71439451219618], [-43.12700427682518, -22.71530907235501], [-43.13474624084563, -22.71594060417476], [-43.14143173168833, -22.71149769426239], [-43.14655045244069, -22.71042159877697], [-43.16231378185483, -22.71239928619735], [-43.17658159806155, -22.72074824223682], [-43.18506684635713, -22.72387653757136], [-43.19424675528279, -22.72338462459999], [-43.20419303767784, -22.72657152335637], [-43.21294367500985, -22.72578981015084], [-43.21456360762369, -22.72773000303641], [-43.21213153504158, -22.7292748683397], [-43.2123806013829, -22.7330108517686], [-43.21786004470459, -22.73815820783426], [-43.22628676512136, -22.74131304036376], [-43.23027181579096, -22.74031677679704], [-43.23864668399654, -22.74276674318986], [-43.24044199520119, -22.74662643915809], [-43.24685543572906, -22.74625284099506], [-43.24260056416398, -22.74913785083038], [-43.24293265142001, -22.75009260259077], [-43.24774904258351, -22.75340073895217], [-43.25588406429739, -22.75640226585114], [-43.25921898426799, -22.7558748962087], [-43.25723317057361, -22.75752306213883], [-43.25733694784111, -22.75889292206995], [-43.25978609315297, -22.76105149103273], [-43.26175786213491, -22.75999296200484], [-43.26138426397188, -22.76213077461477], [-43.26375038657034, -22.7612798010212], [-43.26335603385314, -22.76323081454967], [-43.26416549743902, -22.76383272360056], [-43.26665615365783, -22.76250437367713], [-43.26503722738539, -22.76543089531879], [-43.26661464275082, -22.76626111435814], [-43.26842036810478, -22.76509880716344], [-43.26759014906537, -22.76734039794025], [-43.27018458255174, -22.76723662067275], [-43.27020533890453, -22.77030842958959], [-43.27410736686073, -22.77269530944022], [-43.2736092350774, -22.77518596565903], [-43.27846601569331, -22.78037483263165], [-43.27543571678416, -22.78564672231761], [-43.27709615396361, -22.78913364120382], [-43.27270076962407, -22.79093182214513], [-43.27261297330932, -22.79220545012066], [-43.27373376869775, -22.79224696102767], [-43.27111857885859, -22.79523574813049], [-43.27082800340889, -22.7987226670167], [-43.27255585107093, -22.80330764463133], [-43.27679198256322, -22.8037878736107], [-43.27899965540905, -22.80765505643495], [-43.28671387444501, -22.80818473733501], [-43.28983292115169, -22.81072483288398], [-43.29558681867599, -22.80642564902371], [-43.29894518397231, -22.80669560391823], [-43.30056821744853, -22.8038069599225], [-43.30289336963256, -22.80368768823547], [-43.30421425878029, -22.80102444402212], [-43.30839480497553, -22.79982060433667], [-43.31941287870063, -22.80153587408057], [-43.32575673418518, -22.80126468171892], [-43.32852213238976, -22.80259981612784], [-43.34833694629231, -22.80374127613823], [-43.35410365735714, -22.80239669704918], [-43.35945877390259, -22.80299169121281], [-43.36156002007812, -22.80446297218765], [-43.36541079926826, -22.80407471057867], [-43.37007418337612, -22.80529687215216], [-43.37579985657737, -22.80859577337549], [-43.37675551755234, -22.81077920409621], [-43.37964638916878, -22.81061653562386], [-43.38478649040349, -22.81398756697189], [-43.38776384442514, -22.81480036074726], [-43.39020893109654, -22.81366666188615], [-43.40762931893721, -22.82114568842201], [-43.41070603635376, -22.82018244256489], [-43.41482000933524, -22.82125163755228], [-43.42184976605313, -22.83248880681219], [-43.42450802892165, -22.83261564359628], [-43.42565849834028, -22.83591990298038], [-43.43023099336494, -22.83763158263065], [-43.43528070284145, -22.84200607212176], [-43.43963560419905, -22.84224452106702], [-43.4586335423034, -22.84848382766575], [-43.46205762196098, -22.82258034720451], [-43.46423545440194, -22.822315781947], [-43.46543143940869, -22.81761563355388], [-43.47626324375295, -22.81835755805406], [-43.48031681826581, -22.81680989855721], [-43.48819377142468, -22.81752867630661], [-43.49078937402965, -22.81501598130171], [-43.49537638141413, -22.81434596029703], [-43.49619590121915, -22.81202944340333], [-43.49395881514647, -22.81053338880406], [-43.49188721961877, -22.80413234183334], [-43.4921955054175, -22.8015236253143], [-43.50037638266321, -22.80199347431864], [-43.50832446500135, -22.80631628336903], [-43.50983833427097, -22.80609155807815], [-43.50993150223633, -22.80406367589717], [-43.51424955567171, -22.80057598539264], [-43.51711916191908, -22.79997166436004], [-43.52577069486097, -22.80293269388795], [-43.52646896896704, -22.80075793173239], [-43.52840352670069, -22.79954912868857], [-43.53154162644415, -22.80168206067776], [-43.53507549443776, -22.80221401776191], [-43.53436770730309, -22.80365049137629], [-43.53641440060335, -22.80704449500666], [-43.53914538265258, -22.80875710185796], [-43.53979242328097, -22.81193086781451], [-43.54373909628151, -22.81512768159644], [-43.55140039740968, -22.81458073731039], [-43.5531041998982, -22.81640209018354], [-43.55442568259843, -22.81473121817044], [-43.55790216665093, -22.81805357730997], [-43.56081566610936, -22.81750234325779], [-43.56176009994795, -22.81913674866126], [-43.56588593138991, -22.82139202442164], [-43.57006315908677, -22.82099685961663], [-43.57289798765129, -22.82735944887867], [-43.58030793905942, -22.83548428397177], [-43.58621097115866, -22.83489789542074], [-43.58796323541424, -22.83661582895655], [-43.59018992982067, -22.84538277369529], [-43.59267021685628, -22.86072223014605], [-43.59669655899825, -22.85779500523455], [-43.62366795291297, -22.86276290158588], [-43.64424097983664, -22.85576948737116], [-43.64968717342356, -22.85721563679141], [-43.65831621342176, -22.86324631866188], [-43.66501637400575, -22.86510824085184], [-43.66987034603892, -22.86523903285433], [-43.6729831505512, -22.8638134203523], [-43.67704557619163, -22.86545637740909], [-43.67762660298462, -22.86413270216173], [-43.68089672770111, -22.86257603685385]]]]}}, {"type": "Feature", "id": "4", "properties": {"id": "4", "unidade": "4", "camada": "RISP", "label": "RISP 4"}, "geometry": {"type": "MultiPolygon", "coordinates": [[[[-43.08110544356066, -22.98561889869245], [-43.08209345225026, -22.98830154308098], [-43.08652405224251, -22.98960016771281], [-43.0888539357598, -22.98791959561208], [-43.08369763503708, -22.98551332098219], [-43.08110544356066, -22.98561889869245]]], [[[-43.10214573483705, -22.95679081304479], [-43.1053922964166, -22.95728734583355], [-43.10374761715809, -22.95529004869604], [-43.10229851436424, -22.95532031268152], [-43.10214573483705, -22.95679081304479]]], [[[-43.11560941144444, -22.95172999873967], [-43.11562850944745, -22.95239840815924], [-43.11673615944545, -22.95211194710788], [-43.11560941144444, -22.95172999873967]]], [[[-43.11005102743223, -22.91200255976952], [-43.11377739620912, -22.90679169717833], [-43.11712402355408, -22.90447341221744], [-43.12056978136957, -22.90582983987446], [-43.12460155271873, -22.90546171498539], [-43.125447797677, -22.90812441960549], [-43.12938708904221, -22.90824933004177], [-43.13028217618074, -22.90933921123485], [-43.12969859081659, -22.9107513518926], [-43.13112704877358, -22.91110281774007], [-43.13051291883539, -22.90854121310571], [-43.13302659140334, -22.90747040113735], [-43.136818259954, -22.90279005311771], [-43.1351352416973, -22.89975936480209], [-43.13561982879133, -22.89785122735151], [-43.12907465916743, -22.89562246090708], [-43.12655595309405, -22.89603912220696], [-43.12460832641239, -22.89484256703008], [-43.12426864977766, -22.89255051978989], [-43.12539287877757, -22.89247513501869], [-43.12531671969015, -22.8914535726235], [-43.12886272043744, -22.89181867668981], [-43.12885399431565, -22.88743287642535], [-43.13054783861111, -22.8868893792407], [-43.13123372455601, -22.88423684235562], [-43.13387881595384, -22.88484231991634], [-43.13406537581574, -22.8811318367641], [-43.13173018000305, -22.87746836926908], [-43.12821411498868, -22.87643594935878], [-43.12189730121872, -22.87781419726662], [-43.11980045092935, -22.88059809632432], [-43.12093589177726, -22.88126720631573], [-43.12004684898216, -22.88306743501334], [-43.11439346958224, -22.88130133918469], [-43.11445844200279, -22.879287001693], [-43.11785764191592, -22.87667051862877], [-43.11502511561588, -22.87725633880819], [-43.11634866855547, -22.87527983399639], [-43.12512860220249, -22.87225693920561], [-43.11956159009458, -22.86730059644458], [-43.11375343826984, -22.86460498742946], [-43.11394542284228, -22.86668705915969], [-43.11546968827474, -22.86702937530464], [-43.11244024192291, -22.86826844413264], [-43.11344268023475, -22.8777620581717], [-43.11166821801311, -22.87752456520576], [-43.11043755424902, -22.8726838239985], [-43.11067267120609, -22.86682306183405], [-43.11215889441672, -22.86640262158295], [-43.10893564056664, -22.86498174581016], [-43.10988655581917, -22.86225302195862], [-43.10751586556404, -22.86365122762129], [-43.10757252734953, -22.86025606206681], [-43.10410994411791, -22.85698075725537], [-43.10048955504817, -22.85092160015097], [-43.10051194906646, -22.84944909969545], [-43.10236946367905, -22.85099938880995], [-43.10434702969093, -22.85033411802436], [-43.10196755216009, -22.84429654195105], [-43.09736501618181, -22.84250738660586], [-43.09779789135888, -22.83741284502599], [-43.09548881365708, -22.83490213302622], [-43.09608685562318, -22.8338137689895], [-43.09748170141864, -22.83414503516445], [-43.09702976601017, -22.83296976244378], [-43.09855778611222, -22.83076119926915], [-43.09629335975001, -22.82673361966005], [-43.09084367769282, -22.8238249828359], [-43.08948362666729, -22.82197178317051], [-43.08882970172863, -22.82266253444766], [-43.08674677294448, -22.82115421579363], [-43.08253318385863, -22.82040225216144], [-43.06563993543392, -22.80383312479808], [-43.06639189816684, -22.80183653182968], [-43.06801250886946, -22.8010197441651], [-43.07187829774449, -22.8016654591928], [-43.07898080511933, -22.79904908134927], [-43.08148302841829, -22.78941616862051], [-43.07857889360031, -22.78481363444092], [-43.075195057705, -22.78394498557185], [-43.06825884217108, -22.77849973267575], [-43.06755873794469, -22.77278221722474], [-43.06882929743341, -22.76983918672829], [-43.06554918034965, -22.76846490932735], [-43.0635136926021, -22.76464026713387], [-43.04641300475561, -22.75675761407183], [-43.04033247166552, -22.75080673084517], [-43.03609295332643, -22.74970471509977], [-43.03245853483276, -22.74719858514584], [-43.03144380188922, -22.74603280566868], [-43.03255399786798, -22.74233215210637], [-43.02921063955864, -22.73974815615173], [-43.02914576156689, -22.72609150481833], [-43.01471058512465, -22.7253454182557], [-43.01383474257858, -22.72346397807934], [-43.01437229074787, -22.71936248498992], [-43.00961772437773, -22.71548408312316], [-43.00595216236167, -22.71496506458527], [-43.00008077560659, -22.71736552240014], [-42.99641521359052, -22.72116083770175], [-42.99404719522113, -22.72735661081816], [-42.9883704406426, -22.72878391044833], [-42.97777923732122, -22.72669161972169], [-42.97541121895188, -22.73147631427969], [-42.97421099094373, -22.73163850611138], [-42.96958849001606, -22.72886500591454], [-42.9671555945543, -22.72422628571377], [-42.96741510382327, -22.72180961042443], [-42.96548257136283, -22.72237770316769], [-42.96324674344174, -22.72539407517564], [-42.9621924888915, -22.7250696888143], [-42.96274394507628, -22.72148522406309], [-42.96037592670694, -22.72114461932796], [-42.95891619032921, -22.71859818805518], [-42.95953252360636, -22.71498128385838], [-42.95748889159836, -22.71546786295073], [-42.95522126634762, -22.71339014933517], [-42.95079032011643, -22.71269436275384], [-42.95001044242724, -22.710327741931], [-42.94383629530807, -22.70746769277901], [-42.93927867057346, -22.69937426201182], [-42.93588883799873, -22.69963377128073], [-42.93384520599074, -22.69853085801191], [-42.93346813464598, -22.69731407618292], [-42.93593194430304, -22.69432747533193], [-42.93494811836024, -22.69278922634095], [-42.92116171284204, -22.68433896976688], [-42.91833955392656, -22.68095724637902], [-42.91734612232494, -22.67569408281491], [-42.91171331131955, -22.67183559733417], [-42.91189211273007, -22.65563217838155], [-42.90740119071165, -22.65529762518446], [-42.90503569224268, -22.65357104556654], [-42.89929396614286, -22.63901692568982], [-42.90312178294317, -22.62547521221052], [-42.91066631070095, -22.61948854316097], [-42.90707863626932, -22.60134875703875], [-42.8877263850639, -22.59219977310028], [-42.88297316138159, -22.58195720725854], [-42.86662682306871, -22.57132691760239], [-42.86643454891458, -22.56734838611834], [-42.87185177983503, -22.55887746672096], [-42.87515710041913, -22.55695446077897], [-42.87762718374682, -22.55282859516274], [-42.88662753223412, -22.54764868633703], [-42.88794058828677, -22.54083089263082], [-42.8918242233085, -22.53704144990223], [-42.89146194311343, -22.53489498131756], [-42.8931896729643, -22.52908731242877], [-42.89277099178713, -22.52391603619532], [-42.89796827101816, -22.51990192033657], [-42.89804989438636, -22.51816971995584], [-42.88868432132364, -22.51249796830581], [-42.88915408219441, -22.50669211514821], [-42.89229880814275, -22.50281471422693], [-42.89501540193851, -22.50313390070818], [-42.89576480070428, -22.50134996143078], [-42.90229992040429, -22.5000730482318], [-42.90688178186798, -22.49668577602699], [-42.9153825497641, -22.48206074011028], [-42.9216325789796, -22.47554902616582], [-42.92257425729542, -22.46748336286612], [-42.91985094556395, -22.45883183532015], [-42.91776678380927, -22.4567657814149], [-42.91226690519278, -22.45489615023638], [-42.90906710296372, -22.45602425261637], [-42.90602403997673, -22.45501974676313], [-42.90176966034085, -22.4577378226416], [-42.89727892628071, -22.45838779685857], [-42.8923450287993, -22.4577378226416], [-42.891302307155, -22.45465108497882], [-42.88574263801161, -22.45304398569061], [-42.88020334210984, -22.44779532998973], [-42.87509878118306, -22.44805988715331], [-42.87493707498527, -22.4454665436453], [-42.87690984940929, -22.44396897638637], [-42.87054379595867, -22.43859102695353], [-42.8705183217624, -22.43165677463969], [-42.86432367459719, -22.4275647244317], [-42.85796308003137, -22.42624132887346], [-42.8542986439665, -22.42674952317117], [-42.85235468202222, -22.42573517873473], [-42.852689418681, -22.42122083207499], [-42.85169041757797, -22.41840942095723], [-42.85324465291768, -22.41689344637467], [-42.85223669276843, -22.41584388718485], [-42.84087734071596, -22.41133067187224], [-42.83557800012386, -22.41331947761103], [-42.8272100881743, -22.41243943433165], [-42.81979729940514, -22.40682811712315], [-42.81134883428052, -22.40471244941921], [-42.81038564598003, -22.39979918418425], [-42.81265538193958, -22.39328890016185], [-42.81549119256374, -22.39242200137352], [-42.81576740943768, -22.39117569210373], [-42.81440637005721, -22.38897140520544], [-42.80354438356574, -22.38698345382255], [-42.80288042399167, -22.38149113400783], [-42.80422909679464, -22.37908678482648], [-42.80365382566276, -22.37782255206832], [-42.7974325297867, -22.3774783608369], [-42.79391126489224, -22.37598191413326], [-42.79032643771421, -22.37811498012144], [-42.78596447757786, -22.37847190575309], [-42.78135705378429, -22.38143196491245], [-42.77734642279842, -22.38092622756255], [-42.76971481458628, -22.38387864877984], [-42.76304038270678, -22.37651892810527], [-42.75734814809783, -22.37669764228161], [-42.75109735985455, -22.37252910923024], [-42.7470759019306, -22.3731167937043], [-42.74168776677629, -22.36766209343011], [-42.74026370830279, -22.36026819222252], [-42.72790547115983, -22.35542145073856], [-42.7259557157829, -22.35679127289814], [-42.72254841657542, -22.35546278268049], [-42.71737835622542, -22.35724565985856], [-42.71082109971326, -22.36219658420424], [-42.71023613568838, -22.3649487533815], [-42.71210510226791, -22.37152413303153], [-42.71173703673412, -22.37792532389381], [-42.70565654141552, -22.37702538401351], [-42.70362599364398, -22.37979206555059], [-42.70156787175915, -22.3805848080417], [-42.69713212674554, -22.38006400434955], [-42.69762844639496, -22.38220997470978], [-42.69559712070981, -22.38442331688179], [-42.69688034714954, -22.38671075959309], [-42.6955646686738, -22.38853157377235], [-42.69215006427333, -22.38894036690363], [-42.68746367910478, -22.3922959434023], [-42.68354465396186, -22.39305897229298], [-42.67492889155437, -22.38922373698512], [-42.6677446852683, -22.38908335191439], [-42.66327372010539, -22.38598795917619], [-42.66095576609501, -22.38587243136686], [-42.65523842601181, -22.38814839693021], [-42.65682118694747, -22.39272054211852], [-42.65490378378189, -22.39269491233955], [-42.6524316284162, -22.39540153715046], [-42.64946612206313, -22.39575667672847], [-42.63951426117347, -22.39262718619489], [-42.63538273342567, -22.39286754530019], [-42.6277673966473, -22.39063927078496], [-42.61687598343917, -22.38520043724958], [-42.61293436013187, -22.38189946578694], [-42.61128874557841, -22.37645307524843], [-42.60877095681349, -22.37296410141136], [-42.5962458225859, -22.36871236218497], [-42.59412804327383, -22.36433393815992], [-42.58612418408308, -22.35584272825855], [-42.5847088688185, -22.35553164916553], [-42.57820996841457, -22.35853510061361], [-42.56710303807404, -22.35929184504187], [-42.56195961924033, -22.36126240893225], [-42.56276866913805, -22.36584096988406], [-42.5592976259839, -22.36694297124035], [-42.55756884662424, -22.37123977189719], [-42.55440928635875, -22.37376296378898], [-42.55631465659542, -22.37426073134691], [-42.55843095832131, -22.37858399725292], [-42.55554187095987, -22.37948593272881], [-42.55423397791503, -22.38326971512447], [-42.55151046293679, -22.38663604121956], [-42.55384577296331, -22.38902118627794], [-42.55395771517567, -22.39247473941691], [-42.55607566715759, -22.39347712736674], [-42.55712530099112, -22.39608787185705], [-42.5584310095827, -22.40183550200607], [-42.55804236216454, -22.4072371090046], [-42.55993418321526, -22.41085043569825], [-42.55914715231847, -22.41221218014721], [-42.55563062055597, -22.41107567809928], [-42.55526749230017, -22.4123877098242], [-42.55752105485209, -22.41704046034818], [-42.55854180066285, -22.42435233888858], [-42.56609525599055, -22.43334515015778], [-42.5732656963541, -22.43789828457739], [-42.57635320743384, -22.44166632613928], [-42.57229123595107, -22.44306609212566], [-42.57281925400463, -22.44679909610062], [-42.57162895541126, -22.44915409498475], [-42.5663501688245, -22.44833174501326], [-42.56404964097743, -22.4465862796323], [-42.5588449747151, -22.4478978652935], [-42.55846124568922, -22.45005256267484], [-42.55059625711084, -22.45277095331608], [-42.55073874839377, -22.45457148058858], [-42.55224062700262, -22.45524627519467], [-42.55134985031458, -22.4559043585985], [-42.54354675757605, -22.45784928641467], [-42.53529786010745, -22.4568081277921], [-42.52959072643017, -22.45036888301678], [-42.5235355173495, -22.4470709908328], [-42.51928011338578, -22.4414887361155], [-42.51909056327816, -22.4396880091935], [-42.51689178023076, -22.43906249203962], [-42.51601778489214, -22.43610636921278], [-42.51175496781678, -22.43476917895367], [-42.50845679324567, -22.43669311389533], [-42.50616323424515, -22.4354420831848], [-42.50133917995845, -22.43587804843241], [-42.49989859824097, -22.43474074598788], [-42.49277150789806, -22.43558424531591], [-42.49024101171261, -22.43909092500542], [-42.48667746609146, -22.43962166620616], [-42.48764417343909, -22.44159298912439], [-42.485824490607, -22.4409959049363], [-42.48235572003972, -22.44196261228393], [-42.48282959620815, -22.44295774989945], [-42.48118050757364, -22.4432894630375], [-42.48173968174018, -22.44555458907223], [-42.48033701004425, -22.44571570711344], [-42.47902911340213, -22.44780076009624], [-42.47529497268408, -22.44844523136157], [-42.47561720786712, -22.44927925183521], [-42.46796885427847, -22.4493550718783], [-42.46462813907664, -22.44461505384089], [-42.45495622814667, -22.44244596460879], [-42.45516473416444, -22.44102433790209], [-42.45152536939952, -22.43414366269911], [-42.4477912277822, -22.43469335801132], [-42.43964056685792, -22.4326367379943], [-42.43464591657505, -22.43326225514818], [-42.42765151220681, -22.42877939015597], [-42.41700826421931, -22.42701657325546], [-42.40384399800138, -22.42868461510216], [-42.39929479092115, -22.42456189711311], [-42.39483088183897, -22.42327295458239], [-42.39137792674921, -22.42426062422766], [-42.38671813093629, -22.42172811985608], [-42.38328170538568, -22.4227549333927], [-42.38172348065336, -22.42204087798336], [-42.36743483704737, -22.4263602057581], [-42.35360168656786, -22.42900256411627], [-42.35071817140573, -22.42830724698109], [-42.34468587974879, -22.4241641890253], [-42.34203911561195, -22.42810494808413], [-42.33660801534688, -22.42913024806171], [-42.3346480904363, -22.42830854110554], [-42.33370944283581, -22.42578742484898], [-42.32576473835127, -22.42618352404963], [-42.32339309121744, -22.42251839640608], [-42.31777257844101, -22.42244067699488], [-42.31481798805896, -22.42443030921061], [-42.3107459531625, -22.42015371002492], [-42.30758248534266, -22.41936839413529], [-42.30308958301708, -22.41627580818124], [-42.2985156481779, -22.41538090720235], [-42.29837308494916, -22.41225488355525], [-42.29448104126629, -22.41323121724611], [-42.29201372335393, -22.41234434811241], [-42.2903439584062, -22.40842316189861], [-42.28718846577436, -22.40631155733172], [-42.28025305063704, -22.40421122486737], [-42.27708775539486, -22.40141051837992], [-42.27040914616441, -22.40137737296664], [-42.26909994010941, -22.40252085825023], [-42.28124738425862, -22.41260505887561], [-42.28307861528515, -22.41898536837925], [-42.28738227237324, -22.42358975156503], [-42.29000580792098, -22.42954187765474], [-42.29317939041579, -22.42895356365528], [-42.29463774633422, -22.42996446998353], [-42.29315453135581, -22.43499414166553], [-42.29666991558338, -22.4413330203019], [-42.29816970236914, -22.44892724369657], [-42.30207246237353, -22.45321116516237], [-42.30167428663827, -22.45495293522902], [-42.30357861186269, -22.45611446720812], [-42.30412728464574, -22.45786962818005], [-42.30196038076622, -22.46168567375406], [-42.3024127568425, -22.46445458021395], [-42.30088202258656, -22.46581635434052], [-42.29757628111975, -22.46745726184241], [-42.29296116632401, -22.46393161185364], [-42.2890998326904, -22.46551059563672], [-42.28842517568057, -22.46768528674579], [-42.289193135554, -22.46846760159775], [-42.28770027894399, -22.46961595401228], [-42.28852565693279, -22.47031214259056], [-42.28705433099185, -22.4716829881786], [-42.28608540861399, -22.47108727995322], [-42.28510213215696, -22.47446774069289], [-42.28409732413149, -22.47454669127603], [-42.2852097899991, -22.47514957519195], [-42.28398966628936, -22.47625486357032], [-42.28442747514714, -22.47725967159579], [-42.28057061743931, -22.47943067098788], [-42.27787482316381, -22.47892803809771], [-42.27782103381293, -22.48031320089274], [-42.27566780412513, -22.48111192297608], [-42.27716228401147, -22.48307834458916], [-42.27555675943614, -22.48428133171728], [-42.27302123244317, -22.48388804829403], [-42.27028674843393, -22.48573879820617], [-42.27073555600037, -22.49060626906328], [-42.27016644972116, -22.49221179543724], [-42.26987495696295, -22.49101343532101], [-42.26882465673179, -22.49196657099969], [-42.26913465663836, -22.4972597161622], [-42.26292076488068, -22.50004972071724], [-42.26383688536322, -22.50160434996002], [-42.26145523237233, -22.50665820171389], [-42.26341861967285, -22.51166650370538], [-42.26366820312433, -22.51739027663916], [-42.26553175668448, -22.51835533193224], [-42.26564822878203, -22.51975299710239], [-42.26276970305861, -22.52642518697201], [-42.26135539863202, -22.52649174219937], [-42.2619273215879, -22.5272398063712], [-42.25916155556058, -22.52883780541958], [-42.25903863262607, -22.53214989520075], [-42.25655104939068, -22.53199272518333], [-42.25423395962878, -22.53387940301127], [-42.25187123916561, -22.54356322905898], [-42.25022399144331, -22.54640847716871], [-42.24073983107763, -22.54614225625937], [-42.23006576961882, -22.54094876857005], [-42.22636648572399, -22.54200894875322], [-42.22170455132323, -22.53963574129563], [-42.21358518500756, -22.5385382887103], [-42.20360185863814, -22.54196589820685], [-42.20396791418716, -22.54482778377445], [-42.19834397409437, -22.5468577272016], [-42.19806111302921, -22.54842178223868], [-42.19310272790784, -22.54777286562449], [-42.19045714637946, -22.5491206139244], [-42.19042822328316, -22.55174114303856], [-42.18805485574626, -22.55310677165943], [-42.18859168895455, -22.55464192608326], [-42.18687460258013, -22.55548098815632], [-42.18736262328571, -22.55457128973245], [-42.18578508741115, -22.55395440337224], [-42.18651499157289, -22.55279126520395], [-42.18523412675279, -22.55180236078957], [-42.18639726492108, -22.55115722042859], [-42.18216604732447, -22.55111103034898], [-42.18214498160489, -22.55273475630321], [-42.1796491776667, -22.55147743573428], [-42.17964542389649, -22.54902039617355], [-42.17679141639002, -22.54571819803562], [-42.17186786470944, -22.54851206427958], [-42.16981213322265, -22.54713479213615], [-42.16609098590953, -22.5478973659699], [-42.16539337640245, -22.54545392235985], [-42.16378548661021, -22.54667987457577], [-42.1618704711446, -22.54502984884766], [-42.16040259590233, -22.54532474733844], [-42.15703293242314, -22.54761501931694], [-42.15617669509766, -22.54613860411251], [-42.15154095525014, -22.54854248384777], [-42.15209101838508, -22.55152673117294], [-42.15401249458023, -22.55109668706166], [-42.15172841443405, -22.55662509756945], [-42.14925720155787, -22.55565423355529], [-42.14695145044834, -22.55187375257083], [-42.14467356393311, -22.55170055213802], [-42.14414734542294, -22.54856684468336], [-42.14096389826454, -22.5487225281214], [-42.14361938492596, -22.54353547687998], [-42.14726625273465, -22.54287160633879], [-42.14717773696225, -22.54081802872827], [-42.14545166995788, -22.5403842991953], [-42.1403870191449, -22.54215191307958], [-42.1387155859548, -22.54010989895193], [-42.13392685793741, -22.5422519923348], [-42.13117400257744, -22.546598137893], [-42.13051013203625, -22.55257298355559], [-42.13380293585607, -22.55466196567642], [-42.12802246696253, -22.55759543098355], [-42.12526112020379, -22.55768922217908], [-42.12196831638397, -22.55402465031659], [-42.12026880456096, -22.55860978980917], [-42.12158769721373, -22.56207077404622], [-42.12471396997302, -22.56438769743352], [-42.11780754897848, -22.56684927137599], [-42.11464802468583, -22.56589467519831], [-42.10942556803479, -22.56697457211806], [-42.10539732472603, -22.56047892006535], [-42.10082482700341, -22.56487337540517], [-42.09781512616638, -22.56174465379195], [-42.09454930020928, -22.56170015623644], [-42.09220927323861, -22.56262198471603], [-42.09112041277609, -22.56493870035996], [-42.09394448005298, -22.57129645666538], [-42.08793048240511, -22.57265785757329], [-42.08424389963551, -22.56918671279578], [-42.0823673940393, -22.57094659970505], [-42.08193593979104, -22.57407232207925], [-42.0792199917085, -22.57490140077823], [-42.07274061108961, -22.56750570272521], [-42.06997032237177, -22.5688802742045], [-42.0653179297779, -22.56849962265869], [-42.06309746857261, -22.57317316281046], [-42.06132110158683, -22.57268677617299], [-42.06034832831199, -22.57025484388515], [-42.06064585012513, -22.56456572632641], [-42.06281585037044, -22.56182970807379], [-42.06230161262857, -22.55999559382082], [-42.05574233623912, -22.56297897419955], [-42.04900439513597, -22.56127412759815], [-42.04195322915746, -22.56889271812366], [-42.03857811488734, -22.56709207393931], [-42.03696683555029, -22.56016700730078], [-42.03439564863953, -22.5597556160281], [-42.032338697672, -22.56157258920285], [-42.03048744234087, -22.57028034685976], [-42.02784768841934, -22.57110312760648], [-42.02093247924978, -22.56852939921163], [-42.02175545964599, -22.57641909756251], [-42.0194905620391, -22.57818397840708], [-42.01715672240408, -22.5779990795931], [-42.01475731140005, -22.57583302467356], [-42.01338233972245, -22.57171086516354], [-42.01059697656848, -22.57194138928293], [-42.00895333872489, -22.57417135812091], [-42.00732830065982, -22.58059762208183], [-42.00437651975983, -22.5847870715653], [-42.00294055156445, -22.58466011427208], [-42.00226065330577, -22.5816684457414], [-41.99901043238481, -22.57857019765572], [-41.99823148999053, -22.57556064610617], [-41.9952287310204, -22.5746732211914], [-41.99116253542195, -22.57880152397036], [-41.99079604999696, -22.58059322799431], [-41.99619561643379, -22.592892123372], [-41.99532815736785, -22.59529976317276], [-41.99127411430817, -22.59570693932301], [-41.99088464311103, -22.5969815718413], [-41.99394730502337, -22.59875189718156], [-41.9963210089067, -22.61033017929356], [-41.99789512196156, -22.63207121061708], [-41.99679175633378, -22.65650802812223], [-41.99111992104679, -22.69785553100718], [-41.98642058204348, -22.7120352900958], [-41.97947927185021, -22.72543181612463], [-41.97366706768031, -22.72991784133455], [-41.97241413400434, -22.73007659865533], [-41.97198330028834, -22.72885614579371], [-41.96453740657535, -22.73311174491033], [-41.96264256200391, -22.73204440522437], [-41.95824052717785, -22.7329468092471], [-41.95464632366816, -22.73166609641243], [-41.95699778372, -22.73277840669732], [-41.9581676326294, -22.73498360460889], [-41.95196223496845, -22.7427174540465], [-41.94530650628951, -22.75460540871188], [-41.93397630935846, -22.76595916518255], [-41.92459020926998, -22.77059146242527], [-41.9166322280941, -22.77146021471634], [-41.91060180342976, -22.76847585677461], [-41.90834771387517, -22.76562778929025], [-41.90779119720526, -22.76222455501841], [-41.90891448371571, -22.7581843992898], [-41.91156857642795, -22.75796435137295], [-41.9109920165676, -22.75675000490804], [-41.90870310706202, -22.75545729241935], [-41.90525393631935, -22.75681984805675], [-41.90373851481985, -22.75664573121475], [-41.90350326656176, -22.75541536512623], [-41.90244129492908, -22.75629716298289], [-41.90056874724917, -22.75468447800546], [-41.90016681504574, -22.75091332928594], [-41.89830725357615, -22.74959262719722], [-41.89722712642998, -22.74955355794958], [-41.89689809237234, -22.75161881415619], [-41.89544149822581, -22.75186190630114], [-41.89570784593963, -22.75372773604539], [-41.89407695059009, -22.75443428211565], [-41.88995711492817, -22.75526997712694], [-41.8859316244442, -22.75440760012987], [-41.88152686557163, -22.749111614009], [-41.88138721524706, -22.74804193518639], [-41.88183561272263, -22.74759384437965], [-41.88203644572468, -22.74775607578152], [-41.88209495381835, -22.74775269522991], [-41.88234333307764, -22.74753590555684], [-41.88250097613843, -22.74767015365387], [-41.88266528317553, -22.74708082072254], [-41.88144881700856, -22.74661380638128], [-41.88134698587396, -22.74509202217831], [-41.88378184095848, -22.74465102522385], [-41.88161879606986, -22.74233817216816], [-41.88239766382037, -22.74084262028992], [-41.88003195760803, -22.73995512972471], [-41.87759527420178, -22.74219627084045], [-41.87515454564505, -22.7420400001451], [-41.87372784136608, -22.74097176023776], [-41.87437136474597, -22.73793572185531], [-41.87219592000497, -22.73725086743281], [-41.86974821001115, -22.73954594179099], [-41.86972282304913, -22.74151754709635], [-41.86845073381357, -22.74093174760128], [-41.86772505286814, -22.74243730713522], [-41.87074511839177, -22.7445228646377], [-41.87373746231333, -22.75297194220059], [-41.86995617193907, -22.75565249206807], [-41.86718766028156, -22.75277575869353], [-41.86493827957719, -22.75489821178229], [-41.86347984092117, -22.75479268263541], [-41.86412470429093, -22.75811628913465], [-41.86584852478887, -22.75939852002489], [-41.86588854911651, -22.76191417829591], [-41.86928565900524, -22.76328349233853], [-41.87073777902452, -22.76110465535481], [-41.87256109781566, -22.76358288923819], [-41.87290474675592, -22.7664573086571], [-41.87532649242297, -22.76575387873771], [-41.8742819199739, -22.76329091714132], [-41.8747511970094, -22.76149988041436], [-41.87615244867584, -22.76155443868561], [-41.87771806133873, -22.76552023217221], [-41.87858883530578, -22.76534728534818], [-41.87661429731122, -22.769515224847], [-41.87810438670732, -22.77123604520654], [-41.87774559768047, -22.77587885732265], [-41.87966202058504, -22.77448700986685], [-41.88122009782853, -22.77493359700713], [-41.88370895720186, -22.76848689775136], [-41.88589971290071, -22.76852060164367], [-41.88837079087858, -22.77036902590902], [-41.88887258560061, -22.7722966498697], [-41.88793686439402, -22.77425957581801], [-41.88582333527796, -22.77489683272188], [-41.88506802077183, -22.7738417561913], [-41.88324556083325, -22.77603159188368], [-41.88386271339277, -22.77716539596548], [-41.88201391590877, -22.77750923376334], [-41.88096421012943, -22.78426897982877], [-41.88341624406365, -22.78481897011858], [-41.88356322656091, -22.78134802768858], [-41.88633192437806, -22.77745230397989], [-41.88796718683545, -22.78087310021266], [-41.89074573942361, -22.78119865839062], [-41.89290540465998, -22.7856282511421], [-41.89367901497383, -22.78501910974336], [-41.89616193342573, -22.78636107630183], [-41.89639478139333, -22.78424873339156], [-41.89823129863481, -22.78380498181366], [-41.89862741941914, -22.78157820107236], [-41.89984128834402, -22.78152941824726], [-41.89953683365724, -22.78271763940677], [-41.90112042196915, -22.78333642333649], [-41.90293385541236, -22.78240365640283], [-41.90294979859357, -22.78385593020624], [-41.9038989835505, -22.78280234025505], [-41.90360540436518, -22.77983843289661], [-41.90712681405051, -22.77832357796996], [-41.91362211986421, -22.78057527083132], [-41.91646869357459, -22.78264769013799], [-41.91698765005924, -22.78469772441969], [-41.92083071936145, -22.78643198784516], [-41.92618531070281, -22.79288598060276], [-41.93003654764783, -22.80167207910239], [-41.93002807873211, -22.806620434085], [-41.92841634883467, -22.8081092266587], [-41.9263664836256, -22.80740931758515], [-41.92506838060058, -22.80837941627624], [-41.92613140893661, -22.81181049176001], [-41.92726987510395, -22.81144343616489], [-41.92794014342212, -22.81457744219443], [-41.92911367505531, -22.81264598082657], [-41.93051020438168, -22.81380823226334], [-41.93216107367385, -22.81274989209305], [-41.93288748127151, -22.80989607794089], [-41.94004775300067, -22.80950896476611], [-41.94209390940568, -22.81038052294201], [-41.94168655339098, -22.81248059370364], [-41.94289230233716, -22.81390143979883], [-41.94399363819514, -22.81432513829373], [-41.94704284535032, -22.8126013591646], [-41.95216566341389, -22.81489775282824], [-41.95351898481255, -22.81450747314062], [-41.9547044909188, -22.81684610436344], [-41.95660707685437, -22.81717194133125], [-41.95857859042889, -22.81966125935884], [-41.95959815992643, -22.81850462688624], [-41.9642871711153, -22.81929061456941], [-41.96849469697196, -22.82277701005017], [-41.9705680407817, -22.82312886620343], [-41.9756667480213, -22.82934147912516], [-41.98106180076076, -22.8387257347041], [-41.98664015691696, -22.85563474824426], [-41.98601948710893, -22.86123145236888], [-41.98318981885433, -22.86615924165488], [-41.98000886101937, -22.86658923000817], [-41.97783441092861, -22.86470470605656], [-41.97894579671043, -22.86794222225495], [-41.98317054998017, -22.86831316561933], [-41.98261644169469, -22.87119721587806], [-41.97974283616225, -22.87088337406766], [-41.98001047710108, -22.87358644116057], [-41.9837905947594, -22.8726509366906], [-41.98564491587945, -22.8767777313065], [-41.9885603875511, -22.87799555095313], [-41.99008643903721, -22.88137263923517], [-41.99930816374001, -22.88486771587162], [-42.00184476362421, -22.88987617614384], [-42.00456075487421, -22.88880693169375], [-42.00542229280381, -22.88528596267628], [-42.00811503837758, -22.88590197399611], [-42.00989886793769, -22.88431876609741], [-42.01206470791919, -22.88437357707812], [-42.01978738867632, -22.8894463559638], [-42.02883752093413, -22.89971443467266], [-42.03211847888394, -22.90637011568754], [-42.03653814222076, -22.9244778661598], [-42.03556202886381, -22.93587011990934], [-42.03303574240488, -22.94271093356195], [-42.03306291811845, -22.94548793481954], [-42.03211966239178, -22.94639897772987], [-42.02744939757093, -22.94454323028509], [-42.02714034195247, -22.94661832507489], [-42.02243826361422, -22.9458898346474], [-42.02444713232853, -22.94948813816626], [-42.0226148670817, -22.94962059121656], [-42.0244250575696, -22.95242417913181], [-42.02356411319255, -22.95456549999705], [-42.02581733490138, -22.95629900169678], [-42.0232849789179, -22.95987397500318], [-42.0206281037033, -22.96151505067826], [-42.01221027488356, -22.95265716919221], [-42.00233143174944, -22.94960712836553], [-42.00132106591371, -22.95020416219154], [-42.00152190341237, -22.95160660276173], [-42.00791140938333, -22.9549115510265], [-42.00763585530973, -22.95771302103833], [-42.00892178331293, -22.96011282324741], [-42.00685617637072, -22.96237380610552], [-42.00458179361414, -22.96115745235375], [-42.00474253304071, -22.95950412521444], [-41.99939218470081, -22.95824116679563], [-41.99466183257675, -22.96193818889554], [-41.99750922916684, -22.96478558458631], [-42.00228550607051, -22.96538262021096], [-42.0030090277437, -22.96967023429312], [-42.00389348669432, -22.97006424256995], [-42.00698019557882, -22.96694104279413], [-42.0136062007648, -22.96441817915485], [-42.01609437755275, -22.96777014307685], [-42.01172324523083, -22.96988334214177], [-42.0132074836377, -22.97126508931166], [-42.01298620364963, -22.97390184399416], [-42.01572563572876, -22.97100678423493], [-42.0180380777943, -22.9704227438138], [-42.0194226794124, -22.97169079239541], [-42.02036633893465, -22.9758984369625], [-42.01937495688804, -22.97920285462726], [-42.01494805940467, -22.97884262218849], [-42.01314356881988, -22.97763870336269], [-42.01042710362719, -22.9781669822197], [-42.00940947216867, -22.97923188114561], [-42.0101434142864, -22.9812401149386], [-42.00781660195389, -22.98360965855812], [-42.00920189065397, -22.98682560901386], [-42.01253119525774, -22.98854980542842], [-42.01339713896607, -22.99405822220842], [-42.01228013242144, -22.99670639198564], [-42.01320788473538, -22.9979298944483], [-42.01606393010553, -22.99488817864574], [-42.01539462406191, -22.99199140567805], [-42.01806099881532, -22.99094553910459], [-42.01762085711613, -22.98700743394517], [-42.02044745418596, -22.98363338357302], [-42.0253938531431, -22.98226680167079], [-42.03017004101383, -22.98302200915765], [-42.03328792219912, -22.97943799586602], [-42.03487199164834, -22.97901220824605], [-42.0348692028507, -22.97635345614628], [-42.03283420703229, -22.97586436075085], [-42.03318516206485, -22.97275799358579], [-42.03825179588296, -22.96762092306636], [-42.04868054836788, -22.96221484194064], [-42.06551224809107, -22.95723051227753], [-42.09346283823868, -22.95331014534617], [-42.22782849378922, -22.94214968016286], [-42.36372647179849, -22.93558553034717], [-42.40013064061583, -22.93615618166166], [-42.45367135414892, -22.93508213483187], [-42.47388591400301, -22.93786395465702], [-42.48861101478576, -22.93634322715741], [-42.48950119702187, -22.93804941015139], [-42.49209756225196, -22.93864286467567], [-42.49453758574026, -22.93805476921148], [-42.49609251535657, -22.93702692774974], [-42.49628883825852, -22.93541595418219], [-42.49825465732584, -22.93485958859839], [-42.51754194330533, -22.93352431569383], [-42.57577471043379, -22.93289377043038], [-42.60314782071464, -22.93382104340566], [-42.63390309055444, -22.93659968322805], [-42.67570232739973, -22.94443776319144], [-42.68161788075986, -22.94728594668834], [-42.68232911319728, -22.94965079314881], [-42.68134627381073, -22.95102493115485], [-42.68224020891779, -22.95246016100685], [-42.68158800258351, -22.95490680890134], [-42.68274949679113, -22.95791654840923], [-42.68985039258081, -22.96209735720652], [-42.69333543098463, -22.96142168666074], [-42.69514907307052, -22.95855897731417], [-42.70137235644836, -22.95704760815983], [-42.73120854613677, -22.95649640378525], [-42.86913425074437, -22.96563573709881], [-42.88600975914233, -22.9679733781681], [-42.91170182967494, -22.9745977843595], [-42.9189107583241, -22.97501621192788], [-42.96711374370358, -22.97031785588359], [-43.00602761188406, -22.97019830540671], [-43.01316481060678, -22.97151336604821], [-43.01446658556375, -22.97716784621838], [-43.02465744218648, -22.97519447194657], [-43.02463640434587, -22.98058022569609], [-43.02808665157698, -22.98111038593481], [-43.02989172132516, -22.98018891718402], [-43.03082581296019, -22.97565310280766], [-43.03652293088783, -22.97454649872117], [-43.03847526641965, -22.97608648790032], [-43.03967023069583, -22.97473163405687], [-43.04085678001564, -22.97623796161184], [-43.04343184300444, -22.97692801231716], [-43.04572920433856, -22.98010897285002], [-43.04859038573699, -22.98037826134691], [-43.05160304174626, -22.98229693615389], [-43.05249505680069, -22.98080743761238], [-43.0518470835753, -22.97773587510977], [-43.04945715502294, -22.97671763121292], [-43.04591433877499, -22.97268673130685], [-43.04832492655339, -22.96675336417564], [-43.05173111779612, -22.96382990202756], [-43.06819689506995, -22.95931358675188], [-43.06987127803632, -22.95994646575599], [-43.07049849041226, -22.95785667244672], [-43.07627656081388, -22.95624033442311], [-43.09479576910871, -22.95407292512465], [-43.09858871739465, -22.95562187964526], [-43.09798443503291, -22.95403777512246], [-43.09987731908228, -22.95279371775507], [-43.10361227278742, -22.95445995915901], [-43.10575760822633, -22.95445793208711], [-43.10604888334854, -22.95306804515337], [-43.11040974271475, -22.95360587391116], [-43.1106330470767, -22.95156043336652], [-43.11421235691398, -22.95149940717113], [-43.11111050794284, -22.9500473033396], [-43.11329107792017, -22.94511466311042], [-43.12025850442569, -22.94547206808068], [-43.11936231291969, -22.9438316174344], [-43.12011211997765, -22.94334480991427], [-43.1176364698465, -22.94294522314277], [-43.1156807960312, -22.94116133962336], [-43.11561856114696, -22.93894778790929], [-43.11699316140454, -22.93692987111586], [-43.12427568157671, -22.93881229155323], [-43.13003171139366, -22.93908336880168], [-43.13413489430917, -22.93797545440293], [-43.13256115807025, -22.93721707500725], [-43.13102426255892, -22.93788161284539], [-43.12528418941309, -22.93455755218849], [-43.126307499191, -22.93225285598373], [-43.12251648264885, -22.92939564868948], [-43.12337657356926, -22.92889017663958], [-43.12295770083648, -22.92720482014556], [-43.12431003927617, -22.92656557663929], [-43.12318838773319, -22.92534721020479], [-43.12447019774072, -22.92411528019522], [-43.12122431694792, -22.92263048600734], [-43.11975376262529, -22.92290961308743], [-43.11980942256605, -22.92609762430516], [-43.1176827984217, -22.92814449836914], [-43.11688182983187, -22.93096873741655], [-43.11496156862074, -22.93026370670395], [-43.1154875614011, -22.92935529790788], [-43.11428812029976, -22.928279159255], [-43.11182689619358, -22.92938747924802], [-43.11430833705936, -22.93223465010823], [-43.11200987585437, -22.93518661536922], [-43.10919251841926, -22.93392381972774], [-43.10838329765033, -22.93559783127409], [-43.10757790619471, -22.93560696209084], [-43.10757673887468, -22.93420056540299], [-43.10435190491575, -22.93542450043958], [-43.09862657435622, -22.9315280177031], [-43.0953564577336, -22.92473074562662], [-43.09578818717438, -22.92165521711382], [-43.09462921916241, -22.92092006540793], [-43.09608973615167, -22.91494739430601], [-43.09881036340681, -22.91518631269741], [-43.09958862141701, -22.91368666530661], [-43.09960034318055, -22.91468322475026], [-43.10037255504864, -22.91405665269161], [-43.10149339720181, -22.91502311542365], [-43.10343886820846, -22.91427687957355], [-43.1037651467434, -22.91524337108393], [-43.11084610905993, -22.91515638685701], [-43.11005102743223, -22.91200255976952]], [[-41.90079194908844, -22.78266556416366], [-41.90080184792623, -22.78256128417513], [-41.90083126205235, -22.78255280806485], [-41.90079194908844, -22.78266556416366]], [[-41.88324012982741, -22.78270772168321], [-41.88320241495876, -22.78265270655641], [-41.88327342902477, -22.78273234602017], [-41.88324012982741, -22.78270772168321]]], [[[-43.12523802271585, -22.87432461818582], [-43.11817258629509, -22.8757889249182], [-43.12010840397892, -22.87722590035423], [-43.12223426280025, -22.87596307863242], [-43.12390883282563, -22.87652607491765], [-43.12523802271585, -22.87432461818582]]], [[[-43.13298374140584, -22.86830434057208], [-43.13352297670326, -22.86778973860476], [-43.13230353557896, -22.86848089367754], [-43.13249069978525, -22.86981928812889], [-43.13418722136242, -22.8697713821428], [-43.1340554949644, -22.87084118417255], [-43.13176419236288, -22.87104078060679], [-43.13125957916549, -22.87344422417084], [-43.13496416006723, -22.87516795293789], [-43.13683085495927, -22.87563650062322], [-43.1379149112434, -22.87518984423514], [-43.13611653514926, -22.87352013414608], [-43.13751114891966, -22.86918845508234], [-43.13573604278344, -22.86843161532602], [-43.13820503793141, -22.86836454568646], [-43.1381954547557, -22.86737777266529], [-43.13806270043256, -22.86823726463729], [-43.13634507896148, -22.86827285440791], [-43.13618905288178, -22.86735451080125], [-43.13619863605749, -22.86827285440791], [-43.13298374140584, -22.86830434057208]]], [[[-43.11894825875441, -22.86363367825089], [-43.12607750657094, -22.86267310517889], [-43.1268729821017, -22.86475934886408], [-43.12897423457252, -22.86621521725772], [-43.13101545100153, -22.86650038598327], [-43.13125155271626, -22.86561943978455], [-43.12833560260526, -22.8616363055703], [-43.12628763316701, -22.86268811396451], [-43.12634766920883, -22.86127727282712], [-43.12412634465437, -22.85914600278505], [-43.11686201506922, -22.85839555630912], [-43.11894825875441, -22.86363367825089]]], [[[-43.10363036354971, -22.84709605683679], [-43.10513178080629, -22.84818135238675], [-43.10641951374885, -22.84786082411699], [-43.10574471914276, -22.8461794624115], [-43.10387216516756, -22.84561150996245], [-43.10363036354971, -22.84709605683679]]], [[[-43.10837641693735, -22.84742220766799], [-43.10785345127505, -22.84648874196108], [-43.10754979338753, -22.84683738573597], [-43.10837641693735, -22.84742220766799]]], [[[-43.11146406741204, -22.83037501239613], [-43.10469086119355, -22.83475598420051], [-43.10599239063561, -22.8398897946775], [-43.10776391657078, -22.84077555764509], [-43.1094992897597, -22.84014287019653], [-43.11271695881987, -22.83482829239102], [-43.11383329357091, -22.83511346741182], [-43.11549175314116, -22.83354977660014], [-43.11146406741204, -22.83037501239613]]], [[[-43.09562562122471, -22.82297483661864], [-43.09614548422599, -22.82503065983633], [-43.10191124021082, -22.8296857989597], [-43.10434331639021, -22.82936509622147], [-43.10222522141612, -22.82778409705764], [-43.10123725139732, -22.82434493576937], [-43.09777087842258, -22.82258358296519], [-43.09515494124679, -22.81921683418875], [-43.09305531295161, -22.8213394527528], [-43.09562562122471, -22.82297483661864]]], [[[-43.06773219828159, -22.98616263419746], [-43.06857248433198, -22.98539873656165], [-43.06742663922728, -22.9826487095695], [-43.06246131223901, -22.98234315141451], [-43.06272867618674, -22.9841765021431], [-43.06773219828159, -22.98616263419746]]], [[[-43.05463137293879, -22.97860483334563], [-43.05302719015197, -22.97730143421302], [-43.05325635989237, -22.97986048837009], [-43.05508971241954, -22.98077716283501], [-43.05463137293879, -22.97860483334563]]], [[[-41.98357894381246, -23.00520176394946], [-41.98963478511649, -23.00175715816556], [-41.9975240463969, -23.00336834397314], [-41.99707958075732, -23.01053534892645], [-41.99824630272394, -23.01414663056175], [-42.00491328372033, -23.02336928786156], [-42.00974684563965, -23.00703518392584], [-42.01358035964518, -22.99964594660236], [-42.01148122687641, -22.99880714083611], [-42.00863568199037, -23.00147936657874], [-42.00330209701343, -23.00009041224195], [-42.00307053867368, -22.99264582344523], [-42.00170135773072, -22.99108104355452], [-42.00013657784007, -22.99078764783093], [-41.99866959742326, -22.99254802397138], [-41.99608617613541, -22.9908766411433], [-41.9963224289362, -22.98922286883953], [-41.99257936874216, -22.98636754202766], [-41.99280167575597, -22.98051878491322], [-41.99180155409772, -22.97853383906465], [-41.99030148312619, -22.97681153572302], [-41.9855790378416, -22.97570037207373], [-41.97863426615771, -22.97792270027162], [-41.97274509890644, -22.98331184176732], [-41.97102279556481, -22.98720091498944], [-41.97780089319593, -22.99986817897252], [-41.98357894381246, -23.00520176394946]]], [[[-41.99391373513004, -22.96844619763311], [-41.99258603901376, -22.96291864687726], [-41.98605594292667, -22.96378571383883], [-41.98586627230986, -22.96457149287932], [-41.99058094655271, -22.96966551015441], [-41.99391373513004, -22.96844619763311]]], [[[-41.88220838261003, -22.74790417523673], [-41.88209495381835, -22.74775269522991], [-41.88219598275765, -22.74802153586444], [-41.88220838261003, -22.74790417523673]]], [[[-41.88255461710116, -22.74766667777419], [-41.88247793011163, -22.74770001564241], [-41.88249498215697, -22.74771979263357], [-41.88255461710116, -22.74766667777419]]], [[[-41.94425405128271, -22.73896038691157], [-41.94180218282372, -22.73898314335662], [-41.94343486602548, -22.74090595414572], [-41.94684795596766, -22.73931437715601], [-41.94586801599542, -22.73683186160036], [-41.94425405128271, -22.73896038691157]]], [[[-41.87456342396212, -22.72966677669962], [-41.8730758553657, -22.73087758882889], [-41.87538504458342, -22.73094677817051], [-41.87456342396212, -22.72966677669962]]], [[[-41.91966766842739, -22.72234557308894], [-41.92021957607187, -22.72433956521797], [-41.92206223658224, -22.72553239900026], [-41.92675597370851, -22.72372027227198], [-41.92137595223767, -22.72147859605957], [-41.91966766842739, -22.72234557308894]]]]}}, {"type": "Feature", "id": "5", "properties": {"id": "5", "unidade": "5", "camada": "RISP", "label": "RISP 5"}, "geometry": {"type": "MultiPolygon", "coordinates": [[[[-44.71770583315697, -23.35767128989733], [-44.71951395430483, -23.3593588713141], [-44.72068413056746, -23.35879276337454], [-44.71850944215629, -23.35682750008829], [-44.71770583315697, -23.35767128989733]]], [[[-44.67181957870986, -23.35537321000487], [-44.67234684942684, -23.3574712312116], [-44.67335017267158, -23.35727989864762], [-44.67298892939482, -23.35587080129568], [-44.67181957870986, -23.35537321000487]]], [[[-44.57059425711856, -23.35354663476863], [-44.57139951007861, -23.35311157423899], [-44.56990773895029, -23.34887979006947], [-44.56749024977449, -23.34842341470807], [-44.56784987607017, -23.35120017674598], [-44.57059425711856, -23.35354663476863]]], [[[-44.56768432616997, -23.26501957139533], [-44.57040524030884, -23.26780336163506], [-44.5713728361867, -23.26824556278171], [-44.57067929521259, -23.26601262528163], [-44.56768432616997, -23.26501957139533]]], [[[-44.668512114142, -23.23929111788999], [-44.66887487907167, -23.24041476592794], [-44.67148088773206, -23.24038008717054], [-44.67126794715733, -23.23938156270816], [-44.668512114142, -23.23929111788999]]], [[[-44.64306717011306, -23.2292495397337], [-44.64904134128415, -23.23145357572116], [-44.64963153756469, -23.23071800313255], [-44.64923408398505, -23.22912886330562], [-44.64674051935873, -23.22727399359917], [-44.64004612702644, -23.22780994816981], [-44.63690216640111, -23.22433303963732], [-44.63398608678773, -23.2258421541913], [-44.63968112278485, -23.22950533030598], [-44.64306717011306, -23.2292495397337]]], [[[-44.69349080285753, -23.21563262314629], [-44.68979343811594, -23.21488799798198], [-44.69074201423183, -23.21826320668089], [-44.69276382059314, -23.21847030166231], [-44.69349080285753, -23.21563262314629]]], [[[-44.58770765958008, -23.20725272413313], [-44.58459990476109, -23.20510051517584], [-44.58656576789514, -23.207757615221], [-44.58634855464135, -23.21012434935847], [-44.59071090238552, -23.21282501256348], [-44.59373270809726, -23.21647412687867], [-44.59998228675238, -23.2175338448103], [-44.60067847173337, -23.22110966887533], [-44.60267719339703, -23.22304402695949], [-44.61579215878038, -23.22478581321394], [-44.62096261393276, -23.22378510789565], [-44.61895600071813, -23.22100052625251], [-44.61315282394293, -23.21763285387232], [-44.60490159902884, -23.21580306086179], [-44.59934411074141, -23.20674284900252], [-44.59403656203699, -23.20260790742822], [-44.59212963957049, -23.20355065144065], [-44.59087696759724, -23.20617905591791], [-44.58770765958008, -23.20725272413313]]], [[[-44.58384693298882, -23.21270458614697], [-44.58484273340468, -23.21135910593722], [-44.58207120901835, -23.21149809705878], [-44.58384693298882, -23.21270458614697]]], [[[-44.70939940515768, -23.20453706473296], [-44.70954409258508, -23.20569087423371], [-44.71060435730453, -23.20480438371459], [-44.70939940515768, -23.20453706473296]]], [[[-44.57978707221486, -23.20392964463662], [-44.58390330159534, -23.20319761177961], [-44.58315278227434, -23.20161446233681], [-44.5842097545758, -23.2010777181614], [-44.58084901776721, -23.19901695766572], [-44.57937283638654, -23.20026327682797], [-44.57904047034071, -23.20259630437516], [-44.57978707221486, -23.20392964463662]]], [[[-44.57692870119786, -23.19037653225041], [-44.57643517844002, -23.18598984705301], [-44.57345314704435, -23.18400518539022], [-44.57259189869643, -23.18637122704973], [-44.57320686230611, -23.18944024716887], [-44.57692870119786, -23.19037653225041]]], [[[-44.65674207138875, -23.18392993012139], [-44.65735348627362, -23.18847429435243], [-44.65951187177473, -23.18826203276581], [-44.65993186686143, -23.18631834241677], [-44.65887949639091, -23.1840018408115], [-44.66001326899647, -23.1831996842173], [-44.6590412475548, -23.1818461451827], [-44.65801655012297, -23.18180383837569], [-44.65674207138875, -23.18392993012139]]], [[[-44.68248956623978, -23.17751438967656], [-44.68265584638948, -23.17907115660779], [-44.6846516245721, -23.17947441081463], [-44.68403717807257, -23.17720152902655], [-44.68248956623978, -23.17751438967656]]], [[[-44.66395508565796, -23.15902153061836], [-44.66195447361935, -23.16020325867265], [-44.66484770415747, -23.16388926407751], [-44.66623380134814, -23.16154589972274], [-44.66395508565796, -23.15902153061836]]], [[[-44.68410123138597, -23.15793054955446], [-44.68834664657976, -23.16342321920541], [-44.68953700272976, -23.16866460298826], [-44.69268756078156, -23.16965517114846], [-44.69134758622141, -23.16641734288527], [-44.69540488122954, -23.16127804204723], [-44.6946517331902, -23.15649888191712], [-44.69075959058193, -23.15602964625037], [-44.68778996803189, -23.15274303965879], [-44.68485209694597, -23.15151441106048], [-44.6819014896613, -23.1576219049262], [-44.68410123138597, -23.15793054955446]]], [[[-44.52049646044259, -23.02774788725441], [-44.53078859961346, -23.02732273815309], [-44.54566880197291, -23.03389482718376], [-44.5521245430125, -23.03801895890706], [-44.55427806228204, -23.0365697212149], [-44.5577323951332, -23.03757944943129], [-44.56093872464169, -23.04002405406607], [-44.56246217438911, -23.04271666204352], [-44.56689080576535, -23.0437086763136], [-44.56967641533356, -23.04736229713154], [-44.57650536512978, -23.04842516808628], [-44.5777226406866, -23.05375489317299], [-44.58558405985576, -23.0566889952002], [-44.58364757757289, -23.05816671532091], [-44.58809066555102, -23.05935503090916], [-44.59019869441352, -23.05829215995442], [-44.59704136696479, -23.06419875696628], [-44.60018024731983, -23.06296868585537], [-44.60006568628165, -23.06197678220195], [-44.59852452258792, -23.05940817544615], [-44.59384788696968, -23.05719386020769], [-44.58945468438543, -23.05044462541838], [-44.59058841382353, -23.04874402991226], [-44.59253112930742, -23.04828559060672], [-44.5928735884446, -23.04668914468749], [-44.59615077643645, -23.04507712340973], [-44.59925081777027, -23.04732686833955], [-44.6044943176579, -23.04782287412559], [-44.60817893900611, -23.04993090298802], [-44.60911780963846, -23.04833659565656], [-44.61168641639426, -23.04784058897121], [-44.61219721692731, -23.05013038610764], [-44.61382157240689, -23.05150356993306], [-44.61342243979306, -23.0462108519485], [-44.61829393421698, -23.04415596672374], [-44.63827592039667, -23.05260579611985], [-44.63715990580425, -23.04948803994034], [-44.63797477341632, -23.04835430960293], [-44.64096852927349, -23.04746858440689], [-44.64341313390827, -23.04835430960293], [-44.64493658275637, -23.04668914468749], [-44.6480543398352, -23.04886803113396], [-44.6472749001158, -23.05339409416132], [-44.650817806296, -23.05652956518651], [-44.65488328963136, -23.05496182922428], [-44.6567396468165, -23.0524204611346], [-44.66059622483516, -23.05480239831127], [-44.66116309000387, -23.05653842171], [-44.66377598207521, -23.05360666691337], [-44.66873940969526, -23.05454950805256], [-44.67861189911912, -23.06440367109178], [-44.67854104063576, -23.06559054506681], [-44.67546618211787, -23.06694872190519], [-44.67756674211074, -23.068974020334], [-44.67597243387996, -23.0701254637184], [-44.67651629259211, -23.07104303660606], [-44.68171194135226, -23.07262321199084], [-44.68148165195595, -23.07141862406945], [-44.68381996931538, -23.07134776558615], [-44.68709715730722, -23.07577639786172], [-44.68716801489126, -23.07866386644349], [-44.68474112510211, -23.07937244678021], [-44.69053377531276, -23.08287992416837], [-44.6896480492174, -23.08737941312864], [-44.6874691618716, -23.08822971133134], [-44.68739830428757, -23.09074517265083], [-44.68879775191397, -23.09141832509488], [-44.68982519407672, -23.09001887836774], [-44.69124235744812, -23.09085145992617], [-44.69501555032667, -23.09853956624721], [-44.69560013034101, -23.10190532487007], [-44.6941652530233, -23.1071488247577], [-44.69836359590249, -23.1149077877634], [-44.69885960438648, -23.12116101586741], [-44.69724315214904, -23.12415477082521], [-44.69214579838916, -23.12286161137348], [-44.68833717402066, -23.12512907114893], [-44.6881806020524, -23.12667046057254], [-44.69221107657921, -23.13169562755041], [-44.69920743877157, -23.13585436518605], [-44.69778973670628, -23.1367549031155], [-44.69881797476899, -23.13952523320216], [-44.69831505319644, -23.14339982374207], [-44.69628185242482, -23.14564043066059], [-44.69322415836751, -23.14670899072655], [-44.69570460278447, -23.14853437166317], [-44.69574672972709, -23.15179289692389], [-44.69738369190316, -23.15149846787921], [-44.69696260414014, -23.15436933317739], [-44.70034542739882, -23.15612396984454], [-44.70398975372342, -23.15561303171529], [-44.70544991727911, -23.15639715420451], [-44.70635967415893, -23.15794772120961], [-44.70590336444798, -23.16312560116478], [-44.70792792992927, -23.16470148408547], [-44.70662195064176, -23.16573562799607], [-44.70724098458305, -23.16710503197089], [-44.70412767555104, -23.16979448872388], [-44.69891867455647, -23.1691741066989], [-44.6982092650448, -23.17045062689414], [-44.69962734932199, -23.17216294776108], [-44.69849029059372, -23.17463225137652], [-44.7018767120399, -23.17569554321398], [-44.70326490824817, -23.17726205160164], [-44.70754671181055, -23.17437966239072], [-44.71143406732762, -23.17828529303108], [-44.71218341663064, -23.18312520776135], [-44.71592851288983, -23.18261111301166], [-44.71681597557608, -23.18348616325505], [-44.7173448030195, -23.18532366795216], [-44.71498990306083, -23.18779897903886], [-44.71157308542882, -23.18515743816448], [-44.70854483157797, -23.18506010813672], [-44.7068221019577, -23.18618617085434], [-44.71018153115199, -23.19002974017957], [-44.7150171911897, -23.19035883269322], [-44.71422556205931, -23.19443138829718], [-44.71704351844289, -23.19514812098822], [-44.71913028733218, -23.19413627396909], [-44.72162103708047, -23.1993992037095], [-44.72159766370049, -23.20211094116621], [-44.71537873843732, -23.20954592520349], [-44.71429485842026, -23.20860833520572], [-44.71410337297158, -23.2119168906512], [-44.71090345293129, -23.21160539427274], [-44.71159623667626, -23.21499249021048], [-44.70879895840449, -23.21638760670191], [-44.70968297039207, -23.21731355137854], [-44.70821445842978, -23.22027443341761], [-44.71181589698534, -23.220839490949], [-44.71273783068563, -23.22209246689306], [-44.70968136600152, -23.2244915883154], [-44.70946198088501, -23.22599365578179], [-44.71270930598894, -23.23187377765197], [-44.71174052930127, -23.23441919988539], [-44.70840223867162, -23.23465151005837], [-44.69660224759491, -23.2331656762542], [-44.69512846380684, -23.23239924702688], [-44.69365637074418, -23.22753481857626], [-44.69021121457519, -23.22233998640047], [-44.68437872169994, -23.22385810856406], [-44.68181749208287, -23.22130002117825], [-44.6761788552692, -23.21890305543087], [-44.67343297505101, -23.21507068356442], [-44.67751315600663, -23.2135484766801], [-44.67759469573787, -23.21267730431339], [-44.67235202322655, -23.21022303196656], [-44.67148678638534, -23.21112959085718], [-44.66907614644629, -23.20611976091743], [-44.66687429940868, -23.20555111419179], [-44.66639737094118, -23.20967552830223], [-44.66376595103708, -23.20647794020402], [-44.66092797844271, -23.20840656780808], [-44.65898587809505, -23.20760971721393], [-44.65729458607558, -23.2034321675597], [-44.65795720476046, -23.20025016561186], [-44.6541504725655, -23.19088244676675], [-44.65134509140211, -23.18814880182498], [-44.64695744842675, -23.18790861269156], [-44.64318320244212, -23.18578978926661], [-44.64404067723473, -23.1897500249429], [-44.64551638107542, -23.19145625739958], [-44.64413226329259, -23.19619894462483], [-44.63151607540584, -23.19582169881159], [-44.626573288126, -23.19681858021255], [-44.62671271541876, -23.20246224603505], [-44.62104404034943, -23.20499153712899], [-44.6174308809297, -23.20374043896931], [-44.6161569040172, -23.20445517516544], [-44.61609642101229, -23.20670341103283], [-44.62276717286602, -23.20789439221164], [-44.62701727442692, -23.21329753255429], [-44.62631982230124, -23.21527830734726], [-44.6241792406787, -23.21481289200057], [-44.62448730434488, -23.22155978675397], [-44.62560095641828, -23.22329049336082], [-44.62835078915685, -23.22446288285499], [-44.63321907210178, -23.22273175716407], [-44.63384514593599, -23.2214311504265], [-44.63265152434764, -23.21962508333019], [-44.63429714519634, -23.21766439129783], [-44.63824604491833, -23.21744718703729], [-44.64100762460146, -23.2192740617478], [-44.64029132268564, -23.21609419029386], [-44.63673388705854, -23.21113467112741], [-44.65137900663512, -23.22217717493589], [-44.65271207979794, -23.22158283368003], [-44.65308731023043, -23.21771652499683], [-44.65615646884521, -23.21826038280966], [-44.65784322558369, -23.21540079680858], [-44.66290815338783, -23.21465091960346], [-44.66248936878861, -23.2179564578235], [-44.65995598308143, -23.21973918121745], [-44.65921300727376, -23.22226332009535], [-44.66317746886438, -23.22546786714759], [-44.66409660387444, -23.22827588692189], [-44.65923227884588, -23.22670404735311], [-44.65770516436112, -23.22435771883289], [-44.65523794807211, -23.22562707233072], [-44.65529093342911, -23.2276611859142], [-44.6668213895947, -23.23540786238215], [-44.66987729579984, -23.23533700839545], [-44.67062448403198, -23.23222160214448], [-44.67301777514945, -23.23105681821681], [-44.67455369309772, -23.23467862371876], [-44.67865788685128, -23.23870631664244], [-44.67746157988728, -23.24051949917475], [-44.67310112611534, -23.23949021070388], [-44.67260079459027, -23.24053718164487], [-44.67742382185116, -23.24287406188768], [-44.68046133062518, -23.24231342722214], [-44.68219707343547, -23.24037530817316], [-44.68421576724313, -23.24310565170367], [-44.67882109671552, -23.2459268033785], [-44.68963763686673, -23.25250670841712], [-44.69250580060151, -23.25226300833037], [-44.69049995990451, -23.25368771611443], [-44.68510106256326, -23.25186933819862], [-44.68060511243527, -23.25278948134871], [-44.67900855859739, -23.25183184636182], [-44.67900855859739, -23.25063209139711], [-44.67714048324598, -23.25127420733804], [-44.67467819344313, -23.25036964404308], [-44.67360966125614, -23.24915114360959], [-44.6740783159608, -23.24669539637466], [-44.67157532823808, -23.24728321664634], [-44.6709102130352, -23.2451468150727], [-44.66939836724015, -23.244802033886], [-44.66759214096379, -23.24549564140995], [-44.67021660461188, -23.24813885142606], [-44.66995415815717, -23.24939484369628], [-44.6676296336999, -23.24783891223524], [-44.66397413060093, -23.24791389590882], [-44.65870259884514, -23.23970088768505], [-44.65529149910265, -23.23979442617104], [-44.65126392668816, -23.23570281932888], [-44.64724345442113, -23.2352038134045], [-44.64542947419017, -23.23631280609038], [-44.64326217820621, -23.23496916769216], [-44.63823514243717, -23.23433187841266], [-44.63698200371579, -23.23769622599923], [-44.63207017289943, -23.24066300129567], [-44.62693167335732, -23.23704755040336], [-44.62340823839878, -23.23745675272619], [-44.61754890705566, -23.2336124279704], [-44.61421043656168, -23.2337460906088], [-44.61359440365806, -23.23539964167935], [-44.61824030314676, -23.23962149643415], [-44.61987784268757, -23.24292024926933], [-44.62663176114614, -23.24650793359348], [-44.62602251003011, -23.24944170916677], [-44.63432706294287, -23.25868357058954], [-44.63370843999178, -23.26179543531032], [-44.63566741431896, -23.26326700856481], [-44.63606108355145, -23.26772859829538], [-44.64053204511708, -23.27084983485122], [-44.6402414795599, -23.27322122477892], [-44.64187239739249, -23.27737350168496], [-44.64510611125729, -23.27915438776404], [-44.64928650636642, -23.28371908116986], [-44.64971766833497, -23.28729022516296], [-44.65414176443016, -23.28828377187779], [-44.65730986735576, -23.29229545327178], [-44.65582891956825, -23.29492928875487], [-44.65386994524107, -23.2935608191757], [-44.64968017739756, -23.29530421341792], [-44.64979265290788, -23.29820986898949], [-44.6466151772479, -23.29725381411146], [-44.64795552862404, -23.30185599935413], [-44.64018137966622, -23.30133469923624], [-44.63883551724462, -23.30227778768898], [-44.63752328497088, -23.30131236007657], [-44.63701713842948, -23.29890347831213], [-44.64382397569517, -23.29384459844869], [-44.64619462368222, -23.2897562336625], [-44.64186517673579, -23.28661211115923], [-44.64266932083177, -23.28900958142628], [-44.63823888811345, -23.29008772286932], [-44.63132686614125, -23.28288235013957], [-44.62669704563143, -23.27052987405369], [-44.62346251698085, -23.26835008288924], [-44.62135304200854, -23.26411104209012], [-44.620981371992, -23.25833509858518], [-44.61420704971482, -23.25349245621112], [-44.60617722979458, -23.25124401799627], [-44.60407247986035, -23.24864395115662], [-44.60133579521005, -23.2480855486084], [-44.59695642240024, -23.24441939573774], [-44.59721295491323, -23.23940686963056], [-44.59903878371216, -23.23768016860413], [-44.5966835294206, -23.23513683729442], [-44.58796575781275, -23.23302512840615], [-44.57453444600714, -23.23430279523706], [-44.57082096001858, -23.23099513191903], [-44.56562477436313, -23.23070434692727], [-44.56303302895037, -23.22820570922534], [-44.56027993616937, -23.2275822704047], [-44.55963006627383, -23.23075236712725], [-44.56101474973019, -23.23233663622602], [-44.56742960938823, -23.23645803940622], [-44.5761801208152, -23.24520875767723], [-44.57743155891859, -23.24869052075019], [-44.57462548977378, -23.2490427186458], [-44.57532238342054, -23.25400517859532], [-44.58084118287354, -23.25847487571417], [-44.58134186693286, -23.26232539500023], [-44.58466326739517, -23.26476535463661], [-44.58267781432892, -23.26917500042515], [-44.57981423533795, -23.27157416141762], [-44.57570908290711, -23.26952315586817], [-44.57209979057217, -23.27254606504812], [-44.56653849275648, -23.27176084088933], [-44.56520294016281, -23.27332647693459], [-44.56251062806228, -23.27277263844576], [-44.55943704388375, -23.27416496883745], [-44.55134001942565, -23.27174059625077], [-44.55157258590538, -23.27342724057394], [-44.54926105035645, -23.27507854693664], [-44.54362336142827, -23.27268409119711], [-44.53961870733673, -23.2673732959401], [-44.53715060521552, -23.26785399526489], [-44.53520541839464, -23.2693113574324], [-44.53564665097144, -23.27067856076621], [-44.52945793213712, -23.27219736281728], [-44.52606897460277, -23.27451739336226], [-44.52559570277873, -23.27771734128152], [-44.52257307598592, -23.27807247816156], [-44.52195441436402, -23.28027529017174], [-44.51876525920864, -23.28104078770144], [-44.52034537343951, -23.28512469185029], [-44.51751383729305, -23.28513332174464], [-44.5152865960988, -23.28669151769861], [-44.51254676202274, -23.29253929185404], [-44.5093734259421, -23.29321511618389], [-44.50543291509621, -23.29188066705836], [-44.50285063055145, -23.29442540400839], [-44.50282453132633, -23.29684155679166], [-44.50632890065754, -23.30041028160844], [-44.50981826839762, -23.30191901125261], [-44.51042869582693, -23.29640180629752], [-44.51320436518859, -23.29689003294789], [-44.51379598239794, -23.29301569781541], [-44.52407001821604, -23.29153730590116], [-44.52550689472668, -23.28856404469411], [-44.5291754730689, -23.28860442065672], [-44.53007093972138, -23.2913056639245], [-44.53567988002169, -23.29328577142041], [-44.53993112192302, -23.29960629309517], [-44.5408770954009, -23.30599602209799], [-44.54226109986911, -23.30609656270542], [-44.54278583629656, -23.3032457217119], [-44.543760638442, -23.30325919355619], [-44.54903564697679, -23.30574059934838], [-44.55003864736494, -23.30801086141133], [-44.55145587458821, -23.30847023421319], [-44.55278803943577, -23.30546351912534], [-44.55620539576165, -23.30548840966162], [-44.55958301914029, -23.31184792144364], [-44.56239912561841, -23.3128611516201], [-44.56221141102708, -23.31456126688818], [-44.56060455185786, -23.31515339761046], [-44.56002705670255, -23.3167130774458], [-44.56362742866219, -23.31902815722293], [-44.56589796232038, -23.32415430727468], [-44.56232012377399, -23.32747456020201], [-44.5618479734045, -23.33095042731958], [-44.56874084611241, -23.339540540163], [-44.57314770220398, -23.3471325800038], [-44.58548847721073, -23.35992707017738], [-44.59145386560266, -23.36271470322021], [-44.59642729458324, -23.35920935003071], [-44.59945567793648, -23.35989940523257], [-44.60376495758601, -23.36380397557224], [-44.60529047937138, -23.36785169729723], [-44.60753953542047, -23.36682232518939], [-44.60870829255293, -23.35713018670799], [-44.60701432325169, -23.34965672697558], [-44.60829070585066, -23.34879494173242], [-44.61156792441943, -23.34998082285591], [-44.61317763084224, -23.34856440682114], [-44.61813382341649, -23.35199971181646], [-44.61670864079042, -23.34796876424627], [-44.619038955083, -23.34495687985537], [-44.61873126643405, -23.34143837587959], [-44.62158953043178, -23.3413361742243], [-44.62124254590606, -23.33999188022034], [-44.62365337470277, -23.33912799865743], [-44.62580302958543, -23.34017269071632], [-44.62923846138517, -23.35029817202224], [-44.63160810033281, -23.35205470625891], [-44.63419374744274, -23.35225424333788], [-44.63458246500801, -23.35043880440651], [-44.63345741132974, -23.35021781220149], [-44.63233235765148, -23.34672210963686], [-44.6287562952661, -23.34302550482244], [-44.62869602540053, -23.33729978665508], [-44.64022782155598, -23.33119235394321], [-44.64347439842402, -23.33378350490403], [-44.64725940659559, -23.33432643101918], [-44.65121718442481, -23.34111693209996], [-44.65365088657842, -23.34243233987979], [-44.65579775805935, -23.34286478428157], [-44.6584295799604, -23.34145846673408], [-44.66007697966813, -23.33902754708288], [-44.66264852990503, -23.3391480886126], [-44.6637133128184, -23.34135801515947], [-44.6629699736846, -23.34413046944485], [-44.65853003063569, -23.34539615370875], [-44.65939391129922, -23.34732481728571], [-44.66345213980367, -23.34597877140243], [-44.67138778541721, -23.3455367851937], [-44.67360322660687, -23.34375845498795], [-44.67251283819621, -23.34089593989495], [-44.67432281464545, -23.34042109515667], [-44.67371825259454, -23.33812348740827], [-44.67524511077249, -23.33619482383131], [-44.67831891708363, -23.3386860142474], [-44.68201552189811, -23.33905768336462], [-44.68368301156102, -23.34254333960268], [-44.68353944828618, -23.34616513521206], [-44.68121191199941, -23.3458783189285], [-44.68097082893985, -23.34718418490144], [-44.68565185504832, -23.35184512015542], [-44.68492860676906, -23.3473449081402], [-44.69023242958224, -23.34758599030044], [-44.69073468565648, -23.34403001697092], [-44.69541571176495, -23.34292505414714], [-44.69915249738909, -23.34348758098628], [-44.70067935466773, -23.34039368382071], [-44.70420519171552, -23.34119729371935], [-44.70388374793589, -23.3427643318077], [-44.70498570162812, -23.34389627429283], [-44.70717854735136, -23.3427643318077], [-44.71732411861245, -23.34589840978299], [-44.72220604697077, -23.35100133124564], [-44.72232658939987, -23.35335188927752], [-44.71919251142452, -23.35405504670229], [-44.72096045176272, -23.35710876305819], [-44.72278866376507, -23.35676723022272], [-44.72586247007621, -23.35383405539659], [-44.729109568551, -23.35506663741461], [-44.73174891058301, -23.35873607281076], [-44.73104575225892, -23.36321619666938], [-44.72694734294481, -23.3670132521591], [-44.72413470964841, -23.36751550913266], [-44.72803221671268, -23.36892182488157], [-44.73249224971681, -23.36590828933532], [-44.73570668841222, -23.36562702636542], [-44.74141231572509, -23.35887670519503], [-44.7563795445796, -23.35019772224632], [-44.75989533709941, -23.34121738367452], [-44.763350857955, -23.34157900916318], [-44.77070388587492, -23.33824402803867], [-44.77710149114017, -23.33848865712503], [-44.77770092435742, -23.33773936627796], [-44.77620861183726, -23.33237767928568], [-44.78156247202975, -23.32588673608325], [-44.77793407179922, -23.3167018431148], [-44.77832576432183, -23.31502518306496], [-44.78673589764281, -23.31007751156716], [-44.78795634600783, -23.30577038039797], [-44.78621135187166, -23.30139005610545], [-44.78737272017418, -23.29909674801576], [-44.80531574272663, -23.29003894903752], [-44.80711344163132, -23.28686586386777], [-44.80710113440909, -23.28347538018386], [-44.81880004168784, -23.28972751561156], [-44.8266721358097, -23.29161121758284], [-44.82713729035294, -23.28883231515846], [-44.82371024023467, -23.28068220012267], [-44.82879991558292, -23.27623536287092], [-44.82843427642001, -23.26954697621119], [-44.83447054218107, -23.26739116726776], [-44.83994442319585, -23.26337948587383], [-44.83621393642329, -23.25788685939028], [-44.83638265103781, -23.25582477958915], [-44.84208148667057, -23.25571230317945], [-44.84716204469186, -23.25133302120122], [-44.85207319472141, -23.24888869715488], [-44.87059899414754, -23.24955492122189], [-44.87826221982488, -23.24286518917637], [-44.87843434736652, -23.24039745217988], [-44.88081895642898, -23.236579801316], [-44.88590213687337, -23.23578019969568], [-44.88927188578816, -23.22658478196132], [-44.88888281658797, -23.22449471256016], [-44.88755845425851, -23.22167294395041], [-44.8813515619243, -23.21596239464805], [-44.88343376405624, -23.21099690218449], [-44.88367205921742, -23.2047949902958], [-44.88312524893036, -23.20320164703759], [-44.87768466981095, -23.19960425183399], [-44.87516463094221, -23.19631415407417], [-44.87364753040845, -23.18385250838577], [-44.87099171099794, -23.18173927514664], [-44.86802685935135, -23.18236665119923], [-44.86463773544239, -23.18063982336838], [-44.85918331036078, -23.18061126629613], [-44.85628831625206, -23.17697748722048], [-44.85218679708231, -23.1764419148617], [-44.84621034343189, -23.17303514715354], [-44.84388245011428, -23.16734219038898], [-44.83371996080683, -23.16684864694673], [-44.82902008940488, -23.16315829421916], [-44.82489227855507, -23.16295639012452], [-44.82235570834854, -23.15912846540556], [-44.82294492526734, -23.15729592496621], [-44.82116094911777, -23.15639758677844], [-44.82448920691064, -23.14368193387338], [-44.82237277658163, -23.14153136707813], [-44.81747426292617, -23.1407633082793], [-44.81605762026226, -23.13955147991607], [-44.81933467425506, -23.13178554536586], [-44.81315606200195, -23.12709184691045], [-44.8149140648315, -23.12103271138977], [-44.81001555117604, -23.11572456643484], [-44.81160287437245, -23.11319850300771], [-44.8159893482291, -23.11186719971073], [-44.81634777572856, -23.10903391438285], [-44.80889759764528, -23.10006468513632], [-44.80970832657727, -23.09855416674066], [-44.81330113973507, -23.09792265110866], [-44.81112497103987, -23.09584889091281], [-44.8126354876369, -23.0909589109242], [-44.81817944022828, -23.09135214938141], [-44.81865602155744, -23.09006156468871], [-44.81686004035782, -23.08403930227121], [-44.81309834441231, -23.0788459162053], [-44.81161752792582, -23.07198924390769], [-44.81411596777696, -23.06700640082397], [-44.8117298172765, -23.06506940862556], [-44.80889451027269, -23.06512555420016], [-44.80737860313928, -23.06302012707641], [-44.81137891440466, -23.05392468517533], [-44.80128690226798, -23.04700484989314], [-44.80319582212877, -23.03996570695102], [-44.80048246499302, -23.03629964041528], [-44.8009242083848, -23.03184764735028], [-44.79786658267591, -23.02980410797244], [-44.79552342876252, -23.02514852908058], [-44.79820940244122, -23.01978944562563], [-44.79349525610047, -23.01365555036261], [-44.7931062624433, -23.01023453019866], [-44.79521613041936, -23.00697179790939], [-44.79902663616957, -23.00558895266727], [-44.80263739889614, -22.99949675177288], [-44.80138515589948, -22.99663887178571], [-44.79649376037798, -22.99563211313074], [-44.79351062101762, -22.99232132197068], [-44.79281881213774, -22.98913478564106], [-44.79383527537692, -22.98486375595678], [-44.79258970984648, -22.98219648457933], [-44.78977146118325, -22.98152966695977], [-44.78699095706628, -22.98287588371431], [-44.78360654200759, -22.97898820983727], [-44.77565505393687, -22.97832139221771], [-44.77291229256753, -22.98157999212219], [-44.76911269019774, -22.98092575601805], [-44.76466382137755, -22.98345911114831], [-44.7633377962016, -22.98077477873227], [-44.75950044838623, -22.97867367375028], [-44.75532340055378, -22.97995698292766], [-44.75456851232627, -22.97839688220955], [-44.75651864002248, -22.97569186628584], [-44.74925284184445, -22.96967163273888], [-44.74896346788898, -22.96716792016264], [-44.75171880987443, -22.96295312868318], [-44.7481991439746, -22.9568605527715], [-44.74840044732207, -22.95538852086275], [-44.74949503556672, -22.9550739838765], [-44.74878620701713, -22.9535499486704], [-44.74467633314555, -22.95181538397202], [-44.74507893984048, -22.95030560841633], [-44.74296525334302, -22.94600903618732], [-44.73982794590228, -22.94687853311706], [-44.7377502340853, -22.94519753114037], [-44.73299443924122, -22.94457474882483], [-44.72532603436827, -22.93978750019221], [-44.72305507892804, -22.93680569182845], [-44.7184062269651, -22.93464797002702], [-44.71715122574773, -22.93537455029451], [-44.71353719758287, -22.93015009534986], [-44.70906204877383, -22.92991127228663], [-44.70782700531134, -22.93175986202726], [-44.70685014821504, -22.93108112389399], [-44.70346678626242, -22.93597167765], [-44.70063452436307, -22.93440131476808], [-44.69995029496943, -22.93269074218324], [-44.69643380457569, -22.93215793973638], [-44.68800432144155, -22.93699241266893], [-44.68690506841347, -22.93543607111701], [-44.68770987890707, -22.9332852363238], [-44.68650686839652, -22.93156064061031], [-44.68250244363213, -22.92979959087762], [-44.68058435788106, -22.9263784439093], [-44.67857653687696, -22.92587368412245], [-44.67342238193663, -22.91810038862127], [-44.67143699542027, -22.91969318509166], [-44.67261476735689, -22.92048958422617], [-44.67160524868257, -22.92220576588261], [-44.6690814506477, -22.92240766907787], [-44.66852060733942, -22.92400046644758], [-44.66609776180155, -22.92467347859741], [-44.66417967605048, -22.92673738402226], [-44.65923303337706, -22.9282292279957], [-44.65560437414183, -22.92328258712092], [-44.65332173920615, -22.92311994113163], [-44.64955847844033, -22.92006895062082], [-44.64640653543256, -22.91954175814487], [-44.6466589148763, -22.9180162633391], [-44.64489225697133, -22.9185939311642], [-44.63915202014886, -22.91531019071198], [-44.63862482677359, -22.91414363601922], [-44.64031705678599, -22.91205223562139], [-44.63480409573168, -22.90565173993508], [-44.63200921235455, -22.90494341770381], [-44.62965809674301, -22.90585655513513], [-44.62266875465855, -22.90093670686275], [-44.60726210176387, -22.88522682235919], [-44.60228583362357, -22.89018173160088], [-44.59973006828727, -22.89075838139343], [-44.59276044563734, -22.88442947893651], [-44.58739262616803, -22.88267817515691], [-44.58284350542272, -22.88372468564495], [-44.57568087027522, -22.87800738513192], [-44.57212154517242, -22.8804582058807], [-44.56981482099644, -22.88399115836449], [-44.56615627908826, -22.8826852941902], [-44.56235466673377, -22.88363925724514], [-44.55590473981118, -22.88808158979276], [-44.54360289375779, -22.88493493839593], [-44.54494128910846, -22.88066346264793], [-44.53884731834836, -22.8736867209646], [-44.53056065834699, -22.86807685166463], [-44.52365689035247, -22.86555500605789], [-44.51837271772604, -22.86531463076483], [-44.5153542089289, -22.86181202320552], [-44.51162378780685, -22.8604166737897], [-44.51173769413856, -22.85755478642346], [-44.50903242640464, -22.85625910617205], [-44.50522981490332, -22.85153920506946], [-44.50094510203411, -22.85047837737443], [-44.49536397057005, -22.84694611467069], [-44.49068448320162, -22.84802230818218], [-44.48489451926594, -22.84619087840554], [-44.48192506219112, -22.84957929544737], [-44.47867216758573, -22.85085801808231], [-44.47790942018287, -22.85379683975157], [-44.47528467055037, -22.85722920396381], [-44.47874808205762, -22.86176668298526], [-44.48008549354995, -22.86649434523707], [-44.47597823041025, -22.8677906370275], [-44.47728127520998, -22.8736058440337], [-44.47067453530082, -22.87614085931244], [-44.46986691982175, -22.88049300604661], [-44.46614291716116, -22.88536113071086], [-44.45820959359713, -22.8832964113995], [-44.45617111380511, -22.88002189709209], [-44.45225642339449, -22.8772176778528], [-44.44428122469805, -22.87652223211455], [-44.4375959658804, -22.87308986790231], [-44.43324381824686, -22.86882745462253], [-44.43261567327397, -22.86106537726459], [-44.42301050912698, -22.85048634806571], [-44.41814665894043, -22.84810217517446], [-44.41063059472543, -22.84634883443039], [-44.40310082843973, -22.84852885941854], [-44.40334560591424, -22.85291604913556], [-44.40048706492536, -22.85508737498162], [-44.39690113787645, -22.85479514208134], [-44.39201057962384, -22.8524844662843], [-44.38738922713037, -22.85647767380482], [-44.38114721357232, -22.85834119678805], [-44.37417460517315, -22.85807609193733], [-44.34506736996241, -22.84559377443236], [-44.34131646228417, -22.84549297841744], [-44.33994184044286, -22.84138536724015], [-44.33783306604244, -22.84080208944408], [-44.33222462756379, -22.84295573012207], [-44.32903903642165, -22.84165457120071], [-44.32522529670933, -22.83775109803395], [-44.32046934178595, -22.83990473871194], [-44.32101772858459, -22.8470736286443], [-44.32373192838503, -22.84922252000251], [-44.32238568734886, -22.84965653282194], [-44.31800803044553, -22.84508485438175], [-44.31804692702332, -22.84158046166817], [-44.31641039921982, -22.83906689791826], [-44.30812900834633, -22.83254111857701], [-44.30685986798778, -22.8330306951097], [-44.30570688586334, -22.8315426867448], [-44.30132487893928, -22.83100649205517], [-44.29647296635358, -22.82786644078283], [-44.29111868527838, -22.82932395043917], [-44.28560881969054, -22.82823307009932], [-44.28642235720531, -22.83206039317184], [-44.28412966155389, -22.83300335571954], [-44.28331612403917, -22.83614656810886], [-44.27475549456972, -22.8318385187319], [-44.27220394615443, -22.83209737239503], [-44.267630083261, -22.82923345975559], [-44.26946750342182, -22.82740104432196], [-44.26729498867206, -22.82527475292676], [-44.26582507556606, -22.81893286066224], [-44.26366180584694, -22.81778651283651], [-44.26326745942498, -22.81411684721394], [-44.26160022876684, -22.81205939712271], [-44.26126279594052, -22.80624907703253], [-44.25929366556949, -22.80428919169208], [-44.25813345109714, -22.80653104237291], [-44.2547544994199, -22.80631379134763], [-44.25424141640752, -22.80506112836758], [-44.24777934144271, -22.80354036759314], [-44.24633050844545, -22.80395600906178], [-44.2414920011542, -22.79831763934681], [-44.24161680457115, -22.7957525966043], [-44.24009202202848, -22.79264784911817], [-44.24244287413859, -22.78822294273385], [-44.24781512007098, -22.79086130090752], [-44.25068104089661, -22.78829313931618], [-44.25527768002019, -22.78838618767168], [-44.25647457514083, -22.7874804867343], [-44.25656176081588, -22.78498058098825], [-44.25370739897653, -22.78074621036853], [-44.25705413064287, -22.77801984813669], [-44.25440939627589, -22.77392214209243], [-44.25498079043041, -22.77246917131441], [-44.2585260177608, -22.77069073498865], [-44.25705672338836, -22.7662728523095], [-44.25192791763857, -22.76468189765069], [-44.25162268323953, -22.75958200420536], [-44.25042411358123, -22.75755736767758], [-44.24611603182865, -22.75743336735525], [-44.24258971993891, -22.75460088871927], [-44.23872886834187, -22.75571462622827], [-44.24262237072509, -22.75010320829563], [-44.24217341926715, -22.74811149414938], [-44.23506301944207, -22.74513312389377], [-44.23206299531023, -22.74186615220037], [-44.23139622805274, -22.73837645980501], [-44.22947927724613, -22.73553162988003], [-44.2269978570647, -22.73372885340308], [-44.21828233196334, -22.73236133260866], [-44.20930273173497, -22.73701521537913], [-44.20556785627082, -22.73646053062822], [-44.20434351474069, -22.73497816281122], [-44.1989116428573, -22.7352772035793], [-44.20034586456927, -22.72994475714404], [-44.19913360363216, -22.72718630710159], [-44.2025633157437, -22.7255794713148], [-44.20365819357005, -22.71740738314344], [-44.20101019916063, -22.71513291405199], [-44.18518320314161, -22.7120081917239], [-44.18203999165155, -22.70882800101066], [-44.17601242143536, -22.70564781119674], [-44.17381217339238, -22.70209783005004], [-44.17676432031641, -22.69261125590396], [-44.16737561938862, -22.68712946715044], [-44.1669109738616, -22.68548503070883], [-44.16803731896636, -22.68308227692478], [-44.1613165000557, -22.67824831210913], [-44.16548449531246, -22.67363936216606], [-44.16575647008432, -22.6711078947128], [-44.16833969531996, -22.66740921426305], [-44.17140108828886, -22.65941830980637], [-44.17514237861712, -22.65574407742645], [-44.18105760282538, -22.65431243856739], [-44.19007808713326, -22.64857384570564], [-44.19101150067951, -22.64504815704606], [-44.18911256779006, -22.64244682216236], [-44.18611499700876, -22.64140739833198], [-44.18422756375031, -22.63728827583247], [-44.18972963131671, -22.63317393682695], [-44.19115673129738, -22.62992476901212], [-44.19845485290841, -22.63048038186338], [-44.20431910444239, -22.62633361420416], [-44.20455962902292, -22.62507003615247], [-44.20253470201413, -22.62285184663466], [-44.20430237705233, -22.61881325842438], [-44.20389712635057, -22.61596088588539], [-44.20737727424108, -22.61201153020716], [-44.20998522183976, -22.61559720184863], [-44.21485021956124, -22.61419244192689], [-44.21633920908653, -22.61710573094393], [-44.21931537330511, -22.61752648865576], [-44.22098339536666, -22.61665010112051], [-44.2243864452775, -22.61152432698532], [-44.22435176292277, -22.60794544792333], [-44.2263203941701, -22.60454989026442], [-44.22898927623339, -22.60744338070668], [-44.2325896248106, -22.60914446274597], [-44.23804629999603, -22.60753917019576], [-44.24188446979173, -22.60928979858454], [-44.24555748628825, -22.60640951918322], [-44.24818673163162, -22.60647558068274], [-44.24930977622444, -22.60726831777788], [-44.24892662006675, -22.60958046936241], [-44.25333952499835, -22.61246074786447], [-44.26028918899414, -22.60958046936241], [-44.26426608730935, -22.60409736939732], [-44.26787304230635, -22.60214855740924], [-44.26868694674448, -22.59876411627016], [-44.27199527556081, -22.60205607112999], [-44.2743933070048, -22.60167621728283], [-44.28328517656894, -22.60437152412578], [-44.28331160224792, -22.60805775256244], [-44.28564192013778, -22.6097208418426], [-44.29069727196082, -22.60570596515737], [-44.29056514896172, -22.60466219400428], [-44.29522908705201, -22.60169603564276], [-44.29538102841099, -22.59845241934289], [-44.29910689356757, -22.59957215982655], [-44.30419032222488, -22.59908660775994], [-44.31321431568739, -22.59575711160062], [-44.31534149381417, -22.59767949970836], [-44.32004506862427, -22.59545983530239], [-44.3264398167434, -22.58843750428662], [-44.32892372714758, -22.58825253082887], [-44.33361408911821, -22.59109317440971], [-44.34019380979578, -22.59019473819586], [-44.34494161056614, -22.58783860436733], [-44.34733551861854, -22.59089593060196], [-44.34519044668104, -22.59662912393412], [-44.3463467374113, -22.5971558793396], [-44.34869786021733, -22.59515164213383], [-44.35009972072481, -22.59530403315381], [-44.3501180093379, -22.59819367809502], [-44.35178130006619, -22.60022647237304], [-44.34849872243734, -22.60600149767021], [-44.34914639618853, -22.60902111623074], [-44.35260072724105, -22.61003345338037], [-44.35597502942335, -22.61488915391055], [-44.36114164177263, -22.61283165435657], [-44.35979399509608, -22.60937674234202], [-44.36269619817028, -22.60590016116271], [-44.3598129456102, -22.59304394961782], [-44.36220239842123, -22.5918291418007], [-44.36570472179477, -22.59402838170365], [-44.37037187586066, -22.58973635015167], [-44.36456472857861, -22.58662721487332], [-44.36419214844818, -22.58447523074653], [-44.36284956585405, -22.58441099217276], [-44.3615357480756, -22.58263822697182], [-44.36046953524016, -22.58316155685958], [-44.35975970214781, -22.58116374530982], [-44.36300373843108, -22.57953209003313], [-44.36379708166925, -22.57794540355678], [-44.36838369874795, -22.57865844902744], [-44.37116521909883, -22.5803960957025], [-44.3823491134201, -22.57348405124719], [-44.38954988881557, -22.57418838408586], [-44.39232147255717, -22.57248386034109], [-44.39565361362264, -22.58155200422084], [-44.40019912179133, -22.58218061414323], [-44.40089378332073, -22.58525697632763], [-44.40347395715668, -22.5880190839128], [-44.40960187012945, -22.58842016895488], [-44.40487982144589, -22.59142210324671], [-44.40589700504199, -22.59898895757357], [-44.40107571886858, -22.60328511341646], [-44.39810273015615, -22.60289229764066], [-44.40174557170002, -22.60667572570338], [-44.40343610019517, -22.60608546017505], [-44.40657099295623, -22.60883827506558], [-44.41539072160379, -22.60209426443799], [-44.42190379262519, -22.60026071495923], [-44.42587681306372, -22.60060156610859], [-44.43142584142873, -22.59864162680884], [-44.43441950375637, -22.59995238779169], [-44.43925319427876, -22.60471992058712], [-44.44227640563088, -22.60430235996517], [-44.44522789874782, -22.60632015984675], [-44.44667709417183, -22.61050240486134], [-44.45052491639103, -22.61068243834308], [-44.45236080860371, -22.60896232215265], [-44.45456057191211, -22.60945850960178], [-44.46482807235691, -22.61595943617829], [-44.47179824988859, -22.61341623976688], [-44.47842097704574, -22.61283878508107], [-44.48077786630478, -22.6109367342421], [-44.48152314257823, -22.6070388233822], [-44.48485516133587, -22.60389169804267], [-44.48861756684653, -22.60674544204772], [-44.48886733735702, -22.60916544123137], [-44.48555371603044, -22.60979264101678], [-44.48512633121447, -22.6110414935693], [-44.49294137144642, -22.61800176327], [-44.49109552463801, -22.620675553833], [-44.49588954426633, -22.62286466916839], [-44.4954722039783, -22.62560970672183], [-44.50032157418059, -22.62867803616166], [-44.50655696782906, -22.6396870663043], [-44.50998574644433, -22.64117783918516], [-44.51555130075121, -22.63009642261102], [-44.52141500999397, -22.63178596724782], [-44.52663569408128, -22.62991800880826], [-44.53222311720236, -22.63071757805301], [-44.53448412434216, -22.63307797017143], [-44.53118276796965, -22.63948659842703], [-44.53495620276584, -22.63809690844482], [-44.53776382593907, -22.63302827813175], [-44.5341362773666, -22.62639433642869], [-44.52844232415322, -22.62365333413328], [-44.52625523678904, -22.61928145537411], [-44.53060192823568, -22.619109203726], [-44.53294539511319, -22.61582598577985], [-44.53467019137548, -22.6164719436245], [-44.53557997703359, -22.61833184863514], [-44.53748918018078, -22.61818395332602], [-44.54082578817884, -22.61437077209268], [-44.54133447800302, -22.6119140562879], [-44.54573842208976, -22.60948709815028], [-44.54598074801237, -22.60695154417766], [-44.54939694960882, -22.60618023792688], [-44.5502303135774, -22.603751070155], [-44.55300819437196, -22.60560102056985], [-44.55503673665532, -22.61024673479818], [-44.55754719864359, -22.61046148031227], [-44.55786931511608, -22.61156076571598], [-44.56403809957789, -22.61198258462781], [-44.56693714693108, -22.61054584301547], [-44.57155926115024, -22.60573966185513], [-44.5721651470032, -22.60142176939837], [-44.57400836869056, -22.60172343438819], [-44.57579170542215, -22.60662199300981], [-44.57985759255314, -22.61177551033074], [-44.58081371577964, -22.61453139370809], [-44.5796729680323, -22.61642347016624], [-44.58372833309539, -22.62284498210948], [-44.5836079912151, -22.62620309019968], [-44.58910900477605, -22.623483991792], [-44.59178323330883, -22.62353783510224], [-44.59321906120999, -22.62167125982], [-44.59284215623978, -22.61690610842936], [-44.59683555081926, -22.61372933873724], [-44.59690644257751, -22.6099837100794], [-44.60202734328652, -22.60776140076723], [-44.60455714339673, -22.61369075062686], [-44.61074869059888, -22.61737412911202], [-44.61273629484339, -22.61733469204165], [-44.61724389838645, -22.61324906119444], [-44.62293854407784, -22.60511329034529], [-44.62482361301858, -22.60691948604466], [-44.63305008858998, -22.60931723240355], [-44.64019988861327, -22.60804778627556], [-44.64589712615071, -22.60365437594794], [-44.64342948628104, -22.59998357268296], [-44.64468273112243, -22.59661680502074], [-44.64459972189894, -22.59236453789231], [-44.6472954271415, -22.58850257833058], [-44.6472954271415, -22.58440298101198], [-44.64252672522747, -22.57794558611914], [-44.64361003867162, -22.57198736262592], [-44.6421974834264, -22.56690003900485], [-44.64369500392058, -22.5643085840731], [-44.6416398956639, -22.56017712557309], [-44.64523500838817, -22.55480835282248], [-44.64863363723185, -22.55199917382203], [-44.65030399843005, -22.55700309611524], [-44.65560185963739, -22.55415899104383], [-44.65934938226746, -22.55423047635463], [-44.66148403555906, -22.55092599214004], [-44.66775092796223, -22.55420828288516], [-44.67400653027642, -22.56064443669061], [-44.67816985175654, -22.56092057622283], [-44.67957178600841, -22.5579892575974], [-44.67804240343344, -22.55533407940345], [-44.67753717869709, -22.54602310058488], [-44.67207355984618, -22.53761872292495], [-44.67923192321393, -22.53147994794045], [-44.68077223524972, -22.52568129295651], [-44.68545566344739, -22.52347192758663], [-44.68881181011619, -22.5197971601101], [-44.69741459081001, -22.5180235000837], [-44.69690479571904, -22.51543204515201], [-44.70009663355205, -22.51315766599271], [-44.69904067028995, -22.51135631494122], [-44.70133894623467, -22.51073516039855], [-44.70403742858372, -22.51241883605968], [-44.70738900219999, -22.5117290092856], [-44.7109544363974, -22.51385336084314], [-44.71341421169581, -22.51365459088589], [-44.71449453039753, -22.51493911774531], [-44.71617214193009, -22.51422605518752], [-44.71524040921679, -22.51256135702022], [-44.71712872201221, -22.51046651042037], [-44.71274162402602, -22.50935687831651], [-44.71436321319101, -22.50595791312639], [-44.71364093258222, -22.50306879518797], [-44.71019240125759, -22.50110022779251], [-44.71121917162674, -22.49988226605296], [-44.71120500910314, -22.49624962372036], [-44.71221746136604, -22.49281211088942], [-44.72002566225376, -22.49276133516673], [-44.72196820776583, -22.48506814587745], [-44.72492028184479, -22.48378363430652], [-44.72243431918776, -22.47932560229395], [-44.72377365522925, -22.47615551816187], [-44.72271696081833, -22.47337085378109], [-44.72103596963359, -22.47247420362083], [-44.72131659858144, -22.47071466295057], [-44.71791205040006, -22.47070823999252], [-44.71764732686194, -22.46734895019313], [-44.71929635344321, -22.46697929555728], [-44.71852872362098, -22.4655114850662], [-44.71919678590223, -22.46341094305978], [-44.72326297340675, -22.46213905617174], [-44.72369100303661, -22.45800426118694], [-44.72496524794713, -22.4565568805948], [-44.72364839405742, -22.45343497314474], [-44.72416871211567, -22.45082053693744], [-44.72694374026065, -22.45055074302161], [-44.72876164063649, -22.44860436819624], [-44.72932050004033, -22.44494287291445], [-44.73145958429166, -22.44142269799835], [-44.73017484968881, -22.43962406919468], [-44.73380422658306, -22.43602038593127], [-44.73298199622144, -22.43411897810756], [-44.73389415788836, -22.43288563166578], [-44.73927719928258, -22.428247737942], [-44.74139701196179, -22.42481749523046], [-44.74911657656804, -22.42096815585495], [-44.75053147994311, -22.41856083441422], [-44.75312664457823, -22.41778999311293], [-44.75528500130105, -22.41525906435356], [-44.76150311987237, -22.41703199862707], [-44.77003376234751, -22.41551601055465], [-44.77420915183018, -22.41227847816845], [-44.77630327087854, -22.41207292012837], [-44.77820467870225, -22.40896386129236], [-44.78311693219996, -22.40791953885486], [-44.79374355262212, -22.4090666403124], [-44.80010941631576, -22.40717807930412], [-44.80440043163389, -22.40396624144813], [-44.8092567311125, -22.4062787635533], [-44.80903720480245, -22.40337346411332], [-44.8047473100396, -22.40007349179746], [-44.80414734532297, -22.39446040202517], [-44.80210075544477, -22.39233938605304], [-44.79583124781311, -22.38989838859897], [-44.79333781538713, -22.38686100213278], [-44.78754087990694, -22.38808123016389], [-44.78026025640497, -22.38289658101161], [-44.77595228976566, -22.38428308469582], [-44.76761846032298, -22.37825868728783], [-44.76172152472788, -22.37742360921141], [-44.75637702557856, -22.37464858016705], [-44.74464739296207, -22.37558001430546], [-44.74106298127083, -22.37310047460642], [-44.73790253157586, -22.36821848059765], [-44.73019257892366, -22.36110973912241], [-44.72539855839602, -22.35891510194961], [-44.72111721888382, -22.36021929158625], [-44.70790442974493, -22.36881794708984], [-44.70466644230174, -22.36784655157629], [-44.70074383515913, -22.37020458027638], [-44.6954021985519, -22.37155224943598], [-44.6902394083213, -22.37014911998511], [-44.68817069332209, -22.37288342233131], [-44.67924569543175, -22.37423835981167], [-44.67640600513232, -22.37214588022744], [-44.67034377234648, -22.37480822511873], [-44.66599047717807, -22.3726135888453], [-44.66429952869959, -22.37416062691062], [-44.66287841100916, -22.3799350388702], [-44.66065192344678, -22.38051408715461], [-44.65956846880908, -22.379629228905], [-44.65920869232656, -22.37436300224999], [-44.65105076128287, -22.37019858989225], [-44.65039416985434, -22.36845367399707], [-44.64589696427277, -22.36515272501748], [-44.64605886382481, -22.36344378829943], [-44.64190594570209, -22.35614309192937], [-44.6435633719513, -22.35435755635535], [-44.64281873239787, -22.35310848077097], [-44.63510376242795, -22.3508434473664], [-44.6331223859886, -22.34823228379207], [-44.6310886357312, -22.3483123531318], [-44.63088851769021, -22.34689295404581], [-44.62739745922465, -22.34593430732167], [-44.62672888432979, -22.33669035137785], [-44.62602427719793, -22.33533318267945], [-44.62424356468802, -22.3353210760061], [-44.62205392055125, -22.3319804660249], [-44.61947828199641, -22.33109618693868], [-44.61587800356631, -22.33200853926189], [-44.61334536609502, -22.32808694655455], [-44.61149177072792, -22.32821105299695], [-44.60998672380754, -22.32654763726288], [-44.60620321930242, -22.32607321430663], [-44.60467790615974, -22.32707007232523], [-44.60291639057823, -22.32576895117541], [-44.60037019942445, -22.32606520674312], [-44.59940136518014, -22.32443980715061], [-44.59237932194742, -22.32285844735867], [-44.58866012076726, -22.32024419731107], [-44.58701470496391, -22.32043636174791], [-44.58854402098905, -22.32357506313787], [-44.58576562937958, -22.32614527518353], [-44.58202641198858, -22.32403946314992], [-44.58121771642374, -22.32853132855718], [-44.57775073191004, -22.32688991563634], [-44.5758490956585, -22.32737032987603], [-44.57443889124113, -22.32578434936744], [-44.57199377759002, -22.32525651117828], [-44.57200178425421, -22.3240955106985], [-44.57083277800956, -22.32423963515026], [-44.56912730997664, -22.3259771307392], [-44.57002408244472, -22.32770661876469], [-44.56563110559034, -22.32795653496532], [-44.56596058481239, -22.33062913392661], [-44.56357052765702, -22.33316731931558], [-44.56333432431887, -22.33151389594877], [-44.55941895492009, -22.33014071392205], [-44.5578923962164, -22.33076060581652], [-44.55659452431712, -22.32883358889825], [-44.55515928906919, -22.33068518327383], [-44.55214669601247, -22.32740435932294], [-44.54964053907889, -22.32850530667378], [-44.55008892576257, -22.32537060816628], [-44.54568983082032, -22.32361178065838], [-44.54536601732713, -22.32718126630164], [-44.5431068493009, -22.32828072707315], [-44.5456521780049, -22.33207612960894], [-44.54176551406647, -22.33174407292984], [-44.53834753540968, -22.3295496273127], [-44.53253063857738, -22.33069395076444], [-44.53018064442045, -22.32317877418029], [-44.52470901440876, -22.32039268707206], [-44.52334289565738, -22.31829143999721], [-44.52073533206919, -22.31861288827338], [-44.51726070062011, -22.31611815183049], [-44.51352681171227, -22.30861843729025], [-44.51162534543261, -22.30942420736051], [-44.51099277939255, -22.30789173831232], [-44.50614779518389, -22.30562934531724], [-44.50504811677644, -22.30683608621564], [-44.50273363684715, -22.30698053981928], [-44.50136307544483, -22.30522968480136], [-44.49680708657706, -22.30373110310717], [-44.49446819724875, -22.30139539917758], [-44.49477269330441, -22.29969167223209], [-44.49105349212425, -22.29863318637166], [-44.49016413366712, -22.2964864282053], [-44.48429657982257, -22.29375399914699], [-44.48223035684475, -22.29404399633262], [-44.48043238004959, -22.28891106269464], [-44.47908389790285, -22.28814257312047], [-44.47605526273946, -22.28923738439698], [-44.47640143158009, -22.28586610213813], [-44.47301572689355, -22.28312563763728], [-44.47047101062793, -22.28276314340354], [-44.46845885669018, -22.28008500192055], [-44.46541782617101, -22.27914543970951], [-44.46354010019473, -22.28107391532814], [-44.45986439832262, -22.27997917869538], [-44.46322835470409, -22.27646297518538], [-44.4632493385854, -22.27501055209456], [-44.46050238997259, -22.27349776380998], [-44.45868991340802, -22.27045642932001], [-44.46293110808347, -22.26695109861356], [-44.46013264540454, -22.2621734106736], [-44.45924815677631, -22.26290565217334], [-44.45752267882784, -22.26184716631292], [-44.45888566164325, -22.26108592617379], [-44.45685568763912, -22.25739572363295], [-44.45233899644683, -22.25820771341449], [-44.45178075397786, -22.25672873334361], [-44.44972903076945, -22.25785971715146], [-44.44725681335052, -22.25545999857928], [-44.44546608599035, -22.25606174125556], [-44.44469788240065, -22.25796210316776], [-44.44040442092654, -22.25480719509522], [-44.43812599212009, -22.25674808315677], [-44.43837476977905, -22.25830942403991], [-44.43609431839735, -22.25652071206042], [-44.43585553040765, -22.2542750527507], [-44.4331608009295, -22.25139819886704], [-44.43031892437813, -22.25231278060954], [-44.42914926162837, -22.25432883400771], [-44.42620531742074, -22.25406608268281], [-44.42384797670201, -22.25565252274498], [-44.41942232208174, -22.25411857431197], [-44.41440357086736, -22.25414409617235], [-44.41295661565454, -22.25559391662517], [-44.39474800441616, -22.25889681083839], [-44.3923482372806, -22.2619526981577], [-44.38991407287546, -22.2704986587853], [-44.38754031233481, -22.27249468518079], [-44.38402470687402, -22.26751911131714], [-44.38067153696113, -22.26699159868258], [-44.3798025166721, -22.26838478882615], [-44.37683681516614, -22.26828823131603], [-44.37465736934138, -22.26497078427349], [-44.37602297188192, -22.26183265665099], [-44.37265034783456, -22.26089466825357], [-44.37107783557292, -22.25917732017643], [-44.36982258614273, -22.25975666613647], [-44.36619477406884, -22.25658405490941], [-44.36443604368776, -22.2577496446296], [-44.36391187383316, -22.25379767462221], [-44.36197382223338, -22.25196307833261], [-44.3598150671109, -22.25240448537795], [-44.35998749142885, -22.25365973480814], [-44.35835980396104, -22.25376319011838], [-44.35711834743307, -22.25604609125332], [-44.35487682860202, -22.25523224617046], [-44.35237322484375, -22.25767377782182], [-44.3460831793945, -22.25350800119253], [-44.34168290544102, -22.25423908076817], [-44.34032419980127, -22.25348731138956], [-44.33911033087634, -22.25465290110975], [-44.33920688838646, -22.25794965655064], [-44.33684122444225, -22.25854969411233], [-44.33322030926911, -22.25677716992965], [-44.32825448315714, -22.25690821284297], [-44.32384731230292, -22.25372870471517], [-44.32323348093968, -22.25577021072587], [-44.32497152061848, -22.2571565039687], [-44.32388869460686, -22.26077741914179], [-44.32230026434502, -22.26111719200401], [-44.31955739056042, -22.25873591313109], [-44.31696412619272, -22.25937733209742], [-44.31526746881792, -22.25433563917761], [-44.31204657838617, -22.25499774884628], [-44.30768078983584, -22.25196997523341], [-44.30205285405526, -22.25383215912609], [-44.29578349840898, -22.24886633301406], [-44.29705943944083, -22.2457902801965], [-44.29500518643948, -22.24482568265836], [-44.2946442363417, -22.24582248581828], [-44.29146095825587, -22.24305123302719], [-44.28940011592186, -22.24745242788646], [-44.28446893619173, -22.24355254571265], [-44.27634285733626, -22.24316861343999], [-44.26875594003388, -22.24481121076798], [-44.2672939139822, -22.24835801101261], [-44.26345748077739, -22.24342578716954], [-44.26236072966321, -22.24607305582612], [-44.26270557829906, -22.25161133099738], [-44.26099512712267, -22.25465290110975], [-44.2622641721531, -22.25806690566242], [-44.25999506571895, -22.26174989294242], [-44.26170551689535, -22.26322584679463], [-44.26052661541024, -22.26785789582448], [-44.24978753386688, -22.26039118820199], [-44.24837365302096, -22.26107398857295], [-44.24809777339277, -22.26266029463613], [-44.24609764878676, -22.26257753092756], [-44.24709081418899, -22.26744680042873], [-44.24270433493638, -22.26755715084107], [-44.23915238967032, -22.26275685214625], [-44.23519352276213, -22.2663846651194], [-44.2326899190038, -22.26270167604076], [-44.22852414237457, -22.2614464257112], [-44.22760147842479, -22.26021264040025], [-44.22362038926883, -22.25992909135368], [-44.22397213480542, -22.25634955758522], [-44.22157888235881, -22.25542536209002], [-44.22432388124139, -22.25328040076909], [-44.21585438906806, -22.2495974143884], [-44.21368873704483, -22.24803869502898], [-44.21306111188005, -22.24604546912235], [-44.20964710642806, -22.24730761635266], [-44.20825391628449, -22.25092853062642], [-44.20343292688733, -22.24859735118605], [-44.20119140805633, -22.2511906155537], [-44.19816300401868, -22.24522356611391], [-44.19532934906948, -22.24507454305495], [-44.19131700577447, -22.24064453211867], [-44.18798936221856, -22.24005569111648], [-44.18440495682256, -22.23617686297109], [-44.18402152457298, -22.2336058136566], [-44.18204274087907, -22.23283210261866], [-44.18065622280568, -22.23356130800721], [-44.18111347500616, -22.22912706036476], [-44.17723956795095, -22.22655340211702], [-44.17491843393782, -22.22784063773446], [-44.17380922001877, -22.23057943938886], [-44.16766061184705, -22.22884714817656], [-44.16669518423464, -22.22719017338704], [-44.16499028097593, -22.22994951465762], [-44.16728276888392, -22.23148006455256], [-44.16562020480785, -22.2329895838015], [-44.16360033918357, -22.23304435970869], [-44.16423095639277, -22.2306676511904], [-44.16305942575116, -22.22929220197278], [-44.15878004855966, -22.22831308128292], [-44.15833499386417, -22.22489642732751], [-44.15419255733991, -22.22725179493364], [-44.15302747124008, -22.22680224902382], [-44.15038562369682, -22.22295872466464], [-44.15191935269524, -22.22130859821249], [-44.15197196483359, -22.2186200138018], [-44.14836575807254, -22.21257866866983], [-44.14553794601869, -22.2135646367978], [-44.14572281515507, -22.21481079228346], [-44.14163529213431, -22.22037644731444], [-44.13831435842019, -22.21551603343744], [-44.133966512244, -22.21471493444591], [-44.13581520270873, -22.21205145011356], [-44.13356097555783, -22.21029204614024], [-44.1274618597763, -22.21227740118036], [-44.12630471558941, -22.2084499261224], [-44.1213437350246, -22.20894220511792], [-44.12040349742273, -22.20720552791198], [-44.12301404316281, -22.20563477562359], [-44.12333483043733, -22.20233840779053], [-44.12522637000023, -22.19997121679745], [-44.1209789727007, -22.19542943991593], [-44.12108931771712, -22.19149800322947], [-44.12312465887516, -22.18971708027829], [-44.12323527638614, -22.18768173912019], [-44.1195517504122, -22.18666406719217], [-44.11790356739499, -22.18819057283588], [-44.11860044935054, -22.18975026526175], [-44.117239867725, -22.1898940650583], [-44.11412048557122, -22.1880688963617], [-44.11177541879982, -22.18842286772042], [-44.10843480432203, -22.18358893168306], [-44.10378891742386, -22.18407564387508], [-44.10306991034736, -22.18008239318715], [-44.10519374479475, -22.17788112711156], [-44.10156552802596, -22.17582366263116], [-44.1003708704186, -22.1731246227024], [-44.09516083970027, -22.17559136774668], [-44.08959683582458, -22.17525951881095], [-44.09067171722523, -22.17935174978265], [-44.0888003980192, -22.18347831597072], [-44.08716327576383, -22.18458448028878], [-44.08600180403931, -22.17861119494989], [-44.08399964696542, -22.17542544372844], [-44.08222978567534, -22.17590109515862], [-44.08049310757013, -22.1744298960221], [-44.07930951342257, -22.175547121102], [-44.07583615901081, -22.17520421140443], [-44.07807061006986, -22.17263791140971], [-44.07696444575186, -22.17116671317251], [-44.07292694841919, -22.16990568739681], [-44.07193140071286, -22.16456291584512], [-44.06940934736275, -22.16280411621619], [-44.06539397335246, -22.16143247203019], [-44.06205335887466, -22.16200767841087], [-44.06030562000763, -22.16021569199984], [-44.05444295217978, -22.16101212980516], [-44.05221956278189, -22.15900997363059], [-44.04829268206089, -22.16221784817441], [-44.04588124442319, -22.1613661020632], [-44.0443989854241, -22.15939713087209], [-44.04144552818786, -22.16081302080352], [-44.03980840593243, -22.16009401372696], [-44.03947655699676, -22.15579103832499], [-44.03727529092123, -22.15351233972194], [-44.03376875242526, -22.15224025228503], [-44.0292113570178, -22.15417603759329], [-44.02839279589011, -22.15197477331634], [-44.02653444041135, -22.15099028727116], [-44.02227571075474, -22.15153230686968], [-44.02000807471217, -22.15385525121809], [-44.01457681077045, -22.15367826463944], [-44.01126938127618, -22.15968473316315], [-44.00432267155333, -22.16262712873822], [-44.00167894172904, -22.16112274731614], [-44.00036260674818, -22.15797018017889], [-43.99797329243279, -22.15592377735965], [-43.99319466560058, -22.15881086372963], [-43.99288493998728, -22.15471805809113], [-43.98971025042698, -22.15325792331373], [-43.98958857125484, -22.15126682700168], [-43.98740942940094, -22.14972925969681], [-43.98290734229926, -22.15148806112433], [-43.97690087377555, -22.15017172614347], [-43.97651371743336, -22.14917617843713], [-43.97910213895182, -22.14703021976806], [-43.97008690488605, -22.14346837296625], [-43.96483262662372, -22.13934238324362], [-43.95343914080297, -22.14231796290289], [-43.95012064874822, -22.1397295395858], [-43.94906979363532, -22.13665440407669], [-43.94703445157796, -22.13623406185172], [-43.94663623357457, -22.13743978112024], [-43.9448331864017, -22.13651060338088], [-43.94255448869797, -22.13248416681006], [-43.93805240339498, -22.13207488714556], [-43.93312997406832, -22.12950858715078], [-43.92756597019263, -22.13032714827847], [-43.92044975355253, -22.12531904863442], [-43.9112721783676, -22.12189817955658], [-43.90655992060312, -22.12132297497453], [-43.90241180665885, -22.11859075006231], [-43.89580800933146, -22.11752883418757], [-43.89276605880582, -22.11371256917897], [-43.8796027098964, -22.11401123313112], [-43.87895007368621, -22.11169935134319], [-43.8805982576028, -22.10194298597924], [-43.87914918358723, -22.09950942591848], [-43.87814257421968, -22.10119079481854], [-43.8745696648574, -22.10060452767601], [-43.87057641416942, -22.10446504022866], [-43.87017819526676, -22.10029480206271], [-43.86359652126174, -22.10038329625132], [-43.86065412568661, -22.09890103635297], [-43.85792190077439, -22.09504052380038], [-43.85431580732791, -22.09553829765355], [-43.85109687022367, -22.09866874236781], [-43.84232182978786, -22.09963096389708], [-43.84076530117699, -22.09661127698809], [-43.83509068158895, -22.09591439413322], [-43.8306951236803, -22.09100531434302], [-43.82326598883361, -22.09041487974213], [-43.81866414982994, -22.08589254980058], [-43.81473726820963, -22.08710932983092], [-43.81039004436434, -22.08577087242702], [-43.81015775037912, -22.0845430298362], [-43.81327713343222, -22.08358066801264], [-43.81106480479616, -22.08220902472596], [-43.79942796242977, -22.08258512120563], [-43.79615371701971, -22.07912282755569], [-43.78937293311367, -22.07606981626822], [-43.78862074195297, -22.07276238587463], [-43.7829793073484, -22.07011865515102], [-43.78157447907824, -22.07156772916659], [-43.77911879569513, -22.07068279807191], [-43.77937321300266, -22.06800588326411], [-43.77728256443805, -22.06637982177057], [-43.77479369517215, -22.0657161229999], [-43.77097743016355, -22.06758554013982], [-43.76812352787778, -22.06760766436145], [-43.76724965844426, -22.06314982300518], [-43.7656567828335, -22.06216533785926], [-43.76424089290214, -22.06351485692431], [-43.76346657841913, -22.073603071224], [-43.75575108684245, -22.07623021035516], [-43.75599997331938, -22.07796135583112], [-43.76115469663119, -22.0793551233395], [-43.76118788161472, -22.08051659416469], [-43.75918572544015, -22.08216477808128], [-43.75424117279118, -22.08264042861214], [-43.75199259787934, -22.08787571229351], [-43.74544717104936, -22.08843672737231], [-43.74691836928656, -22.09330384659449], [-43.74286980939348, -22.09265121128362], [-43.74104463979756, -22.09542768104188], [-43.73625495040488, -22.09450956586301], [-43.73519303363088, -22.09713117416356], [-43.73139889194459, -22.09621305718605], [-43.72820207816267, -22.09070436341489], [-43.72435262817055, -22.08840354238879], [-43.72278187588216, -22.08353642226729], [-43.71977311034004, -22.08063827333689], [-43.71480643526803, -22.08243025704996], [-43.71039284235508, -22.08162275758343], [-43.70845705524818, -22.07993032702223], [-43.70938623298753, -22.07623574118571], [-43.7084128086035, -22.07560522829789], [-43.70558348928586, -22.07577395999948], [-43.7025390791145, -22.0782710823438], [-43.69672065793128, -22.0770543023134], [-43.69336898179233, -22.07176683906761], [-43.69126727066725, -22.07084872298941], [-43.68788241044416, -22.07309423570962], [-43.68124542723393, -22.07176683906761], [-43.68204186503931, -22.07406765919433], [-43.68026094118875, -22.07499683693368], [-43.68015032457708, -22.08051659416469], [-43.67573673166413, -22.08537265262504], [-43.67377882213418, -22.08981943232016], [-43.6720421449283, -22.09033932769705], [-43.66784978433935, -22.08415587259469], [-43.66534985431161, -22.08298334010829], [-43.66643529824967, -22.07701402617562], [-43.66585868982594, -22.07469817298153], [-43.66381228700669, -22.0735256395958], [-43.65692088738831, -22.07361413198583], [-43.65405592344138, -22.07040625834139], [-43.65291657413985, -22.06675591825024], [-43.64637914588013, -22.06484225356638], [-43.63759620579953, -22.06777358837962], [-43.6357489128813, -22.06951026468619], [-43.63654535068667, -22.07231992122661], [-43.62956545687962, -22.07518488517354], [-43.62754117738268, -22.07745252121612], [-43.62225371503621, -22.07484197367739], [-43.62066083942545, -22.07525125514053], [-43.62032898959046, -22.07657865088328], [-43.6227072422447, -22.07816046483282], [-43.62031792792931, -22.08411162595002], [-43.61470967830826, -22.08191036077375], [-43.6128402611684, -22.08228645725342], [-43.61187789844553, -22.08149001944804], [-43.61142437123704, -22.07158985338828], [-43.60943327672362, -22.07014077937271], [-43.60759704456723, -22.0723420436496], [-43.60321663663774, -22.07256327687293], [-43.59821677658226, -22.0645767745977], [-43.5992904906629, -22.05913891412882], [-43.59803979000355, -22.05864773680281], [-43.59447794320181, -22.06042866065337], [-43.59226561456575, -22.05624736172558], [-43.58708876883088, -22.05457705538601], [-43.58593835876752, -22.05155722818279], [-43.58465520877013, -22.05240897429394], [-43.58338312043395, -22.05659027322173], [-43.58464414710897, -22.06350379616248], [-43.58398044923763, -22.0711142019581], [-43.58117079359653, -22.07052793571489], [-43.57425726975646, -22.07831532808916], [-43.57161353813353, -22.07714279470343], [-43.56851628020144, -22.07731978218141], [-43.56668004804504, -22.08067145832035], [-43.5658504252562, -22.08796107594213], [-43.56448984363067, -22.08860265228981], [-43.56028642138051, -22.08802744590912], [-43.56060720955435, -22.08540583760856], [-43.5595563544415, -22.08380190123597], [-43.54929115356316, -22.08084844310042], [-43.54816286682211, -22.07906752014918], [-43.54124934388136, -22.07926662915082], [-43.53839544069632, -22.07822683479981], [-43.53545304512119, -22.07541717915871], [-43.52709044726561, -22.07229779700498], [-43.52477856457836, -22.07239735195543], [-43.52079637555158, -22.06768509419095], [-43.52043134163239, -22.06351485692431], [-43.51837387715199, -22.06093749616775], [-43.51276562843026, -22.05926718892886], [-43.50688083638079, -22.06199941294176], [-43.50429241306369, -22.06967618960368], [-43.50678128143028, -22.07302233491203], [-43.50377413826516, -22.07519213730654], [-43.49736782756247, -22.07354776201885], [-43.49428163129153, -22.07491940620486], [-43.4831646852013, -22.07326015972779], [-43.47610736066542, -22.06920053907282], [-43.46499041457525, -22.07270707936743], [-43.4622581905623, -22.07239735195543], [-43.45686011160416, -22.0702845791692], [-43.45317658742886, -22.06685547230143], [-43.44772319926551, -22.06681122565675], [-43.44639580262344, -22.06321619297216], [-43.4432764195704, -22.06146845410512], [-43.44034508655579, -22.06156800905558], [-43.43725475969865, -22.06011935322482], [-43.40146907623614, -22.21657970119151], [-43.39991421137103, -22.21997395213543], [-43.34917528800838, -22.27501974856176], [-43.32296405864366, -22.30565295701757], [-43.28339156386886, -22.36399306093023], [-43.29004934570003, -22.36402354165233], [-43.29224906044504, -22.36605087884419], [-43.29452220483518, -22.36634908144418], [-43.29985751920839, -22.37024979369227], [-43.30088891029425, -22.37288677860118], [-43.30435614032291, -22.37487811413291], [-43.30555170174893, -22.37729390988528], [-43.31147172743755, -22.37890101456941], [-43.31560480561654, -22.38174018596004], [-43.31835831388435, -22.38453223917071], [-43.31941467015019, -22.39114827896913], [-43.3270503603851, -22.3952574558661], [-43.32816102670927, -22.40254795122621], [-43.33513686187592, -22.40552756434482], [-43.33549524980521, -22.40807444617798], [-43.33799140357968, -22.41105578599496], [-43.33783995414984, -22.41619403012959], [-43.34478616744696, -22.4177798874311], [-43.3560525242039, -22.41825307292021], [-43.36119501493727, -22.42015828577547], [-43.36238668139947, -22.42578451014623], [-43.3669283080942, -22.42734678722366], [-43.37377374696013, -22.43509652318522], [-43.37172035460992, -22.44051386202432], [-43.37199203800139, -22.44276220221309], [-43.37752290275904, -22.44246323518939], [-43.3759462671058, -22.44545416177937], [-43.37131002273861, -22.44645255763862], [-43.37031969919406, -22.45183393888442], [-43.3689114597953, -22.45318750130139], [-43.36513428741671, -22.45320148216189], [-43.36371602327512, -22.45071662477164], [-43.35138255975659, -22.4488782935976], [-43.35000019205449, -22.45164379612351], [-43.34705571814612, -22.45180972823562], [-43.34521715674566, -22.45052045565376], [-43.33596983284076, -22.4539765179012], [-43.33058430931771, -22.45359042905426], [-43.32674634007083, -22.45774657214582], [-43.31994159642682, -22.45845292935843], [-43.31299121836929, -22.45514529122141], [-43.30777703278312, -22.45592745138998], [-43.30622000055183, -22.45731524380267], [-43.29944419799062, -22.45185108805651], [-43.29449547698397, -22.45814378021049], [-43.29047094337858, -22.45829142910537], [-43.28896908185692, -22.45944267733694], [-43.28933203384554, -22.4624170204284], [-43.29155552936345, -22.46488978013849], [-43.29763800588853, -22.46471099941232], [-43.30055672321345, -22.47190405232936], [-43.30346912819698, -22.47378856728778], [-43.30291151165619, -22.47494732126108], [-43.30030566037721, -22.47450823716463], [-43.29666281343737, -22.47574232374848], [-43.30044031856511, -22.48355456079355], [-43.31152530904507, -22.4931199497251], [-43.31258017333562, -22.49533069285644], [-43.31711359641463, -22.49703672836154], [-43.32810890829876, -22.51090531662629], [-43.33213551933801, -22.51250754698492], [-43.33008357939292, -22.51673461061301], [-43.33191723139436, -22.51921041902483], [-43.3449958569725, -22.52044960476468], [-43.3536910519997, -22.52292638714226], [-43.35622468502049, -22.52217197465615], [-43.36035554637061, -22.52583237816094], [-43.36733438437363, -22.52682098759772], [-43.36974616375375, -22.52589069919566], [-43.37116351958002, -22.52254747218734], [-43.37491773136747, -22.52062505709995], [-43.37924517642301, -22.52338704507531], [-43.38027710530343, -22.52679088189291], [-43.38461431519778, -22.53046346761414], [-43.38908178739382, -22.53228877480632], [-43.39777647610276, -22.53150717941202], [-43.41213551144398, -22.53803535724518], [-43.41332775167365, -22.53557888515667], [-43.41489112862195, -22.53526016632287], [-43.41858863185917, -22.53814210317472], [-43.42257586967992, -22.53760679161934], [-43.42744126400243, -22.53403222930319], [-43.43166442097549, -22.53334152838806], [-43.43619342928258, -22.5300927679661], [-43.4399399131957, -22.53080837020934], [-43.44724589218345, -22.52714031797052], [-43.45663838914959, -22.53172850526551], [-43.46219341689192, -22.5382000563867], [-43.46517019624685, -22.53826934915037], [-43.46752668980417, -22.54108882538821], [-43.46844220324436, -22.54427205041401], [-43.47288430556551, -22.54023122738846], [-43.48368838021383, -22.54588942265798], [-43.48572180581596, -22.54948393913173], [-43.48822397965222, -22.55066271561105], [-43.48909916569323, -22.54987410460546], [-43.49211399356523, -22.55040412904657], [-43.49236360039913, -22.55222284420813], [-43.49783160074702, -22.55463779729575], [-43.49788988580883, -22.55947834065211], [-43.50117018365631, -22.56157282212729], [-43.50207727944218, -22.56411129979585], [-43.50638714005373, -22.56536363722131], [-43.510085355554, -22.57117156421555], [-43.51406006401999, -22.57248875714964], [-43.51600198630189, -22.57040863694829], [-43.51935935155211, -22.5700982944], [-43.52166187319614, -22.56723897819552], [-43.52366460044021, -22.5686083758751], [-43.52677525467351, -22.56845155119737], [-43.53297715127377, -22.56602934777538], [-43.53627845998221, -22.57025770822588], [-43.54083490300764, -22.56598281235614], [-43.54286085974013, -22.56547750937881], [-43.54289582358268, -22.56876411237312], [-43.54497047140939, -22.57120000617459], [-43.55005561057726, -22.57301704589918], [-43.55527613728316, -22.56833712325886], [-43.55811112502766, -22.5673319564039], [-43.55911201110968, -22.57683100414675], [-43.56091566802291, -22.57887457769885], [-43.56327417965895, -22.57953372230264], [-43.56382907844846, -22.57671410127398], [-43.56680212831486, -22.57684226635672], [-43.58358387429564, -22.58111191827965], [-43.58761446213697, -22.58811873419148], [-43.58866252665354, -22.59254253081235], [-43.60094603463108, -22.59896084116912], [-43.60302699659786, -22.60392298096002], [-43.60775388992937, -22.60688526684083], [-43.61227871728823, -22.60815730211704], [-43.62033149690035, -22.61484894162459], [-43.62297423836969, -22.61882850013438], [-43.62266381578172, -22.6422169896216], [-43.66002364917136, -22.61938191414328], [-43.65114425680127, -22.61367208429846], [-43.64617269661193, -22.60900700496853], [-43.64283805003527, -22.60836602577069], [-43.63878413557865, -22.60293003499237], [-43.61466293244763, -22.58559023629959], [-43.60186626321672, -22.57360529604682], [-43.59733511542248, -22.56754863635973], [-43.59783409256858, -22.56443947590031], [-43.62222604739344, -22.52568208885657], [-43.62525512142599, -22.52942852600489], [-43.62233648144274, -22.53739159194765], [-43.62347433157441, -22.54269672687167], [-43.62911319231927, -22.55062553224172], [-43.63252611139018, -22.55277992025634], [-43.63513518404079, -22.55720403883453], [-43.63566660512902, -22.56320001586727], [-43.63435883798923, -22.57109007034967], [-43.67197834882103, -22.5867930381674], [-43.69336337631802, -22.57732917370163], [-43.69063676407467, -22.574585188355], [-43.69021849388764, -22.5677021281499], [-43.68480168295059, -22.55951857092452], [-43.68203179083378, -22.55811993988254], [-43.6827786930815, -22.55596304815538], [-43.68636258316593, -22.5544403061744], [-43.68822448197352, -22.55170940686287], [-43.69114549077108, -22.55262645094916], [-43.69152735640165, -22.55456206808418], [-43.6950314514396, -22.55826666427436], [-43.70542043410501, -22.56435943713751], [-43.70743977092798, -22.56485410743034], [-43.71164291079094, -22.56363780044336], [-43.71637383398451, -22.56008742899087], [-43.72439469216056, -22.56463988172436], [-43.72739333223575, -22.56364081317224], [-43.7297567190966, -22.5643703360214], [-43.73236568292918, -22.56765284260382], [-43.73478051820564, -22.56872485966375], [-43.73638936037997, -22.57159425277177], [-43.74052841455398, -22.57423038062677], [-43.73995034742984, -22.57544305974864], [-43.74111211413202, -22.57632974811861], [-43.74414571085515, -22.57668980069298], [-43.74422858518034, -22.57857902000501], [-43.75356040758601, -22.58387369401498], [-43.75544893082275, -22.58664552237218], [-43.76641645905164, -22.5946135957401], [-43.77153310237003, -22.59590806460471], [-43.77261870368949, -22.5986025368768], [-43.77105518644697, -22.60346981258101], [-43.77161049442805, -22.60662026271416], [-43.77517216496273, -22.60892592029421], [-43.77753590705572, -22.60912735314406], [-43.77725360087226, -22.61055797037324], [-43.77897217112809, -22.61170998033055], [-43.78381302385122, -22.61110455313184], [-43.78742405457575, -22.61392839467891], [-43.78942563338552, -22.61218967601195], [-43.79172880074282, -22.61451153937526], [-43.79389506160709, -22.61460391413857], [-43.7950015613722, -22.61651390419257], [-43.79492403981186, -22.62082220717832], [-43.80333278817687, -22.62886157520074], [-43.80539611983431, -22.62918673228108], [-43.81217202491831, -22.63376382374071], [-43.81619907662537, -22.63481135226135], [-43.82328264607651, -22.64038448875237], [-43.82960109121666, -22.64205325815055], [-43.83980612115482, -22.64858164822374], [-43.8348047871105, -22.65590506416663], [-43.8307547838055, -22.65581191508704], [-43.82522684544182, -22.65788540728494], [-43.82364436239669, -22.66250147895931], [-43.81725172768438, -22.66727091202222], [-43.81780319106366, -22.6742088515565], [-43.82003018764232, -22.67944900236881], [-43.8169456533185, -22.67987141033655], [-43.81439296726091, -22.68218472744246], [-43.8155567187668, -22.68699194731971], [-43.81097155679117, -22.68739039734817], [-43.80958302603511, -22.68964193912342], [-43.80749910080215, -22.68894107766783], [-43.80461253693829, -22.69113490814874], [-43.79631123777267, -22.69024609737869], [-43.78547645757175, -22.69256376990131], [-43.78852674391339, -22.69388126680627], [-43.79444552943693, -22.6995329006221], [-43.79925584568002, -22.70173811202346], [-43.80541721163428, -22.70686815793835], [-43.80755548559648, -22.7102364940182], [-43.81322487922409, -22.71178915824231], [-43.81847122636526, -22.71821976592867], [-43.823034045584, -22.7204715361317], [-43.832915315089, -22.72992630215634], [-43.83152776099666, -22.73218613568082], [-43.8337864307984, -22.73550754603565], [-43.83261930593551, -22.7410714132144], [-43.83641919698761, -22.74583924278608], [-43.83638429070174, -22.75008020273839], [-43.83455655534004, -22.75118793367545], [-43.83958803915596, -22.7550320857614], [-43.83797972038707, -22.76061920491162], [-43.83533503908006, -22.76335636080665], [-43.83244550655417, -22.76375507163846], [-43.82888858713784, -22.76785379301737], [-43.82192467428354, -22.76635333174011], [-43.81936636026859, -22.76975463786545], [-43.81580660439056, -22.76997679918918], [-43.81300308662242, -22.77247923832539], [-43.81934176291128, -22.77659408634725], [-43.82327663231001, -22.77670900711422], [-43.82389037823765, -22.77906971489466], [-43.82216784017294, -22.78095364079712], [-43.82316607595294, -22.78313317925205], [-43.82902781568043, -22.78697758494684], [-43.83200076482268, -22.79107577842365], [-43.83514425959919, -22.79222135463101], [-43.83535920206481, -22.79459093062616], [-43.8390262056941, -22.79814603880789], [-43.84908417579334, -22.80138700570495], [-43.85581141676272, -22.80229149255757], [-43.86289441424509, -22.80613071096275], [-43.8666696054172, -22.80631608371954], [-43.87750715193278, -22.81036295828312], [-43.87928369158834, -22.81205541132738], [-43.87970360034018, -22.81729897776484], [-43.88411060481985, -22.81841601398708], [-43.88911755513033, -22.82225025014816], [-43.8910362209441, -22.82951372807531], [-43.8976176260519, -22.83278653007352], [-43.90383892732393, -22.83053145576127], [-43.9081768575752, -22.83224218213024], [-43.91325936982332, -22.83752697259092], [-43.91108540896374, -22.8410166631877], [-43.91036066691049, -22.84550016489993], [-43.912755128046, -22.84953766313185], [-43.91674982484381, -22.85330733966123], [-43.91783690374939, -22.8573692931576], [-43.92219683681384, -22.86175943894619], [-43.92572420180971, -22.8631682988771], [-43.92656876503577, -22.86921703014104], [-43.93000332719106, -22.87443183805811], [-43.93289699839704, -22.87518640163034], [-43.93464192958066, -22.87733233781637], [-43.93994682978166, -22.87876379591165], [-43.93819966558135, -22.8888474848228], [-43.93642234081767, -22.89277325757899], [-43.92784403877062, -22.89437215684876], [-43.92417284340127, -22.89406982276336], [-43.92119733478842, -22.8898384909528], [-43.91089154660688, -22.8846000191748], [-43.90519662482365, -22.8861534766009], [-43.8977011550835, -22.88424480855031], [-43.89325200927209, -22.88182247023002], [-43.89064016581028, -22.88382985866025], [-43.885116735748, -22.8854379867729], [-43.88469752756811, -22.92250888957284], [-43.88938432912278, -22.92171504541227], [-43.89160606556675, -22.92303335980097], [-43.89423259855482, -22.92297071212789], [-43.89639513712513, -22.92513324979888], [-43.901766602446, -22.92652843643742], [-43.90445233510644, -22.92903976986872], [-43.9108796773545, -22.93108908469276], [-43.93203345857654, -22.92904410819824], [-43.94114291641171, -22.93049442417754], [-43.94990186617747, -22.92693208184932], [-43.95095428431205, -22.927105427073], [-43.95091290290742, -22.92830538258659], [-43.9538420235898, -22.92767914867301], [-43.95398776861987, -22.92893913303379], [-43.96491441906448, -22.9349618900784], [-43.96971467818912, -22.93249710195892], [-43.9764865713974, -22.93149137482629], [-43.98106458196418, -22.93269789179351], [-43.98349313100249, -22.9349108463577], [-43.98806892474033, -22.93538731437229], [-43.98979568422271, -22.93708991896381], [-43.98886711892169, -22.93832985383892], [-43.98929883487261, -22.93994878820524], [-43.99469173463513, -22.94185777821315], [-44.00663401644596, -22.94284117427998], [-44.01156195591881, -22.94569087673182], [-44.01231767871718, -22.94665127533534], [-44.01066453593887, -22.94839888290136], [-44.01298295489875, -22.95174423320901], [-44.01380780138817, -22.95113981415034], [-44.01821424828819, -22.95243100498612], [-44.01850117968496, -22.95382467266973], [-44.02264119163698, -22.95636606594041], [-44.02335852057854, -22.95997320619773], [-44.02048920571156, -22.96140786318159], [-44.02131574292645, -22.9628950001034], [-44.0241578299192, -22.96368281970558], [-44.0257263599828, -22.96244754781532], [-44.03020044939052, -22.96441614668703], [-44.03225852990653, -22.97072461205045], [-44.03159912180132, -22.98111700314638], [-44.0452089220534, -22.98513399323843], [-44.05418156332775, -22.98249146490838], [-44.05601594018276, -22.98150716502289], [-44.0559264576392, -22.97976227071143], [-44.05272748458503, -22.97291691638179], [-44.0475599126591, -22.97047853685422], [-44.04424908642545, -22.96472933289164], [-44.04243708110567, -22.96376740364201], [-44.04196730134913, -22.9616869533894], [-44.04603872200869, -22.95663123284436], [-44.043980642392, -22.95401389092757], [-44.04033425931789, -22.95273877637266], [-44.04013292539344, -22.94931609785885], [-44.04789546860025, -22.94173251794058], [-44.05279459559335, -22.94217992616188], [-44.05420393396366, -22.94477489924145], [-44.05809639133469, -22.94470778733375], [-44.06080321489571, -22.94622897708484], [-44.06203358907817, -22.94965165469932], [-44.06590367581327, -22.94967402623456], [-44.06800649760106, -22.95110573434141], [-44.07427022079332, -22.95217951407255], [-44.07849823500482, -22.95602723107106], [-44.08073527880936, -22.95951701969392], [-44.07995231374753, -22.96110532225202], [-44.08129454021014, -22.96486355580765], [-44.07923645969413, -22.96875601317868], [-44.07565718942703, -22.9686889021703], [-44.07637304258111, -22.97164180002829], [-44.07534400232311, -22.97309587877101], [-44.07831927171628, -22.97633959309695], [-44.07720074891472, -22.97828582223212], [-44.08093837720361, -22.98428667628832], [-44.08041937575285, -22.98681879485071], [-44.08189058568126, -22.98901881716392], [-44.08236295278732, -22.99295232139173], [-44.08317578523355, -22.9938605188471], [-44.08464650143418, -22.99247615734799], [-44.08739203811132, -22.99254683776559], [-44.09595328541508, -22.99555767444633], [-44.0968423425993, -22.99715171557841], [-44.09508646936433, -23.00216838126499], [-44.09800319738889, -23.00782777083418], [-44.0994513181231, -23.00939096522012], [-44.10348308137839, -23.0103930006357], [-44.10511699035607, -23.01557688986082], [-44.10759326641539, -23.01580161065505], [-44.11285121660961, -23.02307708194098], [-44.12386510039335, -23.02624625685849], [-44.1272149697943, -23.02865250181071], [-44.12672769102937, -23.03052890938091], [-44.12962694972322, -23.03133040587278], [-44.12960233437951, -23.03222449026725], [-44.1448028779497, -23.03605089603127], [-44.14670083957134, -23.03502197628239], [-44.14993275838935, -23.03584764834955], [-44.15274678833288, -23.04146181640891], [-44.15427373104711, -23.04085103914338], [-44.1538630529368, -23.03844075713448], [-44.15567077388636, -23.03502814473234], [-44.16038150010542, -23.03193369628229], [-44.16491281517358, -23.03396039585482], [-44.16851761359624, -23.03398524502228], [-44.1697223571004, -23.03263932144677], [-44.17481203784456, -23.03549968626072], [-44.17664031190014, -23.03796490785345], [-44.17568834713876, -23.03853193759807], [-44.17608593201942, -23.04241174420588], [-44.17154834328068, -23.04312960914336], [-44.17116904071793, -23.04572932165013], [-44.17279730465117, -23.04921549409897], [-44.17904810188764, -23.0513616011562], [-44.18181928812891, -23.04609009638006], [-44.1849441003892, -23.04981951565736], [-44.18364791381941, -23.05158704320672], [-44.18424011558812, -23.05293771969923], [-44.18650962311989, -23.05404474466843], [-44.18869094133316, -23.05259667159834], [-44.19095368866107, -23.05460025319837], [-44.1944045726122, -23.05527359719798], [-44.19590596468777, -23.05441361689412], [-44.19649193685268, -23.048354993987], [-44.19388273200173, -23.04298508179534], [-44.19477491163212, -23.04120072163522], [-44.20108750488373, -23.03901235723373], [-44.20329270459393, -23.04010653898479], [-44.2032253705537, -23.04175623016511], [-44.20916885775586, -23.04382128402426], [-44.21898206117248, -23.04971858924074], [-44.22417250555594, -23.04891686342171], [-44.23433900494041, -23.0554220141139], [-44.2351932808445, -23.05656799411685], [-44.23121360632217, -23.06017261986972], [-44.22533785785515, -23.06067268429615], [-44.2253170205633, -23.06273544668272], [-44.23079688656634, -23.06211036839801], [-44.23586003281355, -23.05765146494235], [-44.24270465509505, -23.05479693492981], [-44.24449655067457, -23.0551824014459], [-44.24416317469002, -23.05292169557902], [-44.24610260944712, -23.0500909571312], [-44.24734829368805, -23.04938394701077], [-44.25022683739792, -23.05111780574134], [-44.25120986564207, -23.04948885292742], [-44.24812263874804, -23.04456954334898], [-44.24554710091724, -23.04542805505992], [-44.24420041381734, -23.04386253232923], [-44.24024452186649, -23.03241569602676], [-44.23678942908816, -23.03194435504719], [-44.23637700629308, -23.02942773540087], [-44.23810665709584, -23.02924256589091], [-44.23688622222068, -23.02598526820481], [-44.23567841292771, -23.02531613213301], [-44.23340637110641, -23.02651426112345], [-44.23305621557114, -23.02383743354994], [-44.23022284480771, -23.02084708792199], [-44.22657565324306, -23.02181895557959], [-44.22551513761277, -23.02099410998943], [-44.22477445957293, -23.01946225517815], [-44.22556984697013, -23.01757268513052], [-44.22213579562975, -23.01619233101047], [-44.22250769407407, -23.01213476530643], [-44.22391710439013, -23.01112925760839], [-44.22880965464111, -23.01469611902991], [-44.23068031824135, -23.01470190256998], [-44.23523560743661, -23.00877918700911], [-44.23870870104497, -23.00828422983255], [-44.23914170122782, -23.00558818734419], [-44.24132948017063, -23.00331706373072], [-44.24274632698069, -23.00261905942131], [-44.24639262641784, -23.00336915516164], [-44.24964303979374, -23.0020669053626], [-44.25169538443373, -22.9992332099439], [-44.26088210302589, -23.00775122413893], [-44.26260628055468, -23.00773038684713], [-44.2642106521991, -23.004386211054], [-44.2672058253878, -23.0025109717032], [-44.27267533210016, -23.00434916438167], [-44.27384007465901, -23.00554545965446], [-44.27408993240374, -23.00860848938947], [-44.27896348897309, -23.01320599456022], [-44.27726879122099, -23.01673233522831], [-44.28115738870179, -23.0172800727164], [-44.2840824768241, -23.01520720374867], [-44.28755680340305, -23.01724587869359], [-44.28958099116909, -23.01976763167011], [-44.28846415819362, -23.02138578182758], [-44.28891429855531, -23.02384050473472], [-44.29036856795432, -23.02474416421103], [-44.29249761217432, -23.02437711221319], [-44.29288998728236, -23.02541694793302], [-44.29704366803014, -23.02654061215873], [-44.30481632141539, -23.02502172916871], [-44.30681149435424, -23.02369419582971], [-44.30644369591909, -23.02180572475362], [-44.30400734975865, -23.02109746367626], [-44.30414212305982, -23.01585030714517], [-44.30060083655866, -23.01561965532204], [-44.29792068958744, -23.00915230403484], [-44.30087646437659, -23.00554448568869], [-44.3008680035548, -23.00266137162424], [-44.30296517130489, -23.00273124085334], [-44.30472750886673, -23.0059953077365], [-44.31690787000144, -23.00933213696777], [-44.31363530092767, -23.01318217061993], [-44.31317120398717, -23.01535762165616], [-44.31401237856767, -23.01634382720511], [-44.31644888480747, -23.0165468689421], [-44.31891804273278, -23.0114370685651], [-44.32146955787306, -23.01307402264723], [-44.32112569489419, -23.01416082815894], [-44.32272201940492, -23.01605834641481], [-44.3257941916479, -23.01461261787722], [-44.32753107299988, -23.01549611815057], [-44.32718780807016, -23.01811781188673], [-44.32487053214862, -23.01965258589735], [-44.32624598136624, -23.02155010415322], [-44.3292880344145, -23.02191153628758], [-44.3318818536639, -23.02043741525375], [-44.33287196316985, -23.02317066089648], [-44.33649449172668, -23.02576654139199], [-44.33808952840826, -23.02321785461953], [-44.34086173987669, -23.02352174273346], [-44.34204797173578, -23.02571334559366], [-44.34592051272074, -23.0282879481295], [-44.34647373337538, -23.03073488290772], [-44.35179315942605, -23.03113915964371], [-44.35264426611928, -23.02873477898606], [-44.34979305460507, -23.02733045073893], [-44.35146867323994, -23.02331960481513], [-44.35439411119853, -23.02214893212675], [-44.35850786924203, -23.02400316511319], [-44.35881213956787, -23.02014656820876], [-44.36223177117859, -23.01995302780921], [-44.36341078238098, -23.01833264373573], [-44.36360725457041, -23.0154686618485], [-44.36051794304791, -23.01173574420847], [-44.36058230392945, -23.01080251412395], [-44.36322109107977, -23.01041635063331], [-44.36029268086179, -23.00816372697363], [-44.35852276201513, -23.00938658012581], [-44.3575251719484, -23.00858207180437], [-44.35686172498788, -23.00716416739164], [-44.3585259788901, -23.00479994236269], [-44.35622121793415, -23.00264229340632], [-44.35690774239765, -23.00117116891352], [-44.35435779387637, -22.9965126096684], [-44.3509742088919, -22.99406073581355], [-44.3473454363421, -22.9934232486832], [-44.34604195537122, -22.99139759772021], [-44.33927877299624, -22.98981899614898], [-44.33616489379409, -22.99065263171281], [-44.3326587141276, -22.99506600519123], [-44.32741170508541, -22.99415881227861], [-44.32664765366553, -22.9913367037251], [-44.32809823044823, -22.99102041306082], [-44.32861087099417, -22.98888209143462], [-44.33017173793462, -22.98791774480731], [-44.32982225059567, -22.98305908820561], [-44.32346418942006, -22.9816052190049], [-44.32128202224681, -22.98560177290273], [-44.31759195280563, -22.98506236133812], [-44.31462518560312, -22.98207107501935], [-44.31385182620011, -22.9784151753193], [-44.31510443701944, -22.97732447214588], [-44.31277107132718, -22.97479191561365], [-44.31111921907598, -22.96902287980129], [-44.30804420767333, -22.96759787973758], [-44.30914056038785, -22.96679802720644], [-44.30904813076592, -22.96513432368931], [-44.3059209847649, -22.96195711243001], [-44.3168698475647, -22.96018172480598], [-44.32050534884206, -22.95793264357587], [-44.32253876455161, -22.96042820020051], [-44.32866982065497, -22.96121383714808], [-44.3302873107101, -22.96719084568019], [-44.332967722082, -22.9682999831569], [-44.33393821557547, -22.96749893902404], [-44.3334236360912, -22.96597480039594], [-44.33583298910042, -22.96532688202922], [-44.33855961483363, -22.95743969458545], [-44.33603325013365, -22.9563921768567], [-44.33523220690012, -22.95702376803172], [-44.33420009455801, -22.95528304117863], [-44.3301948819875, -22.95625353557142], [-44.32916276964539, -22.95455902218038], [-44.33295231669535, -22.95283369981462], [-44.33420009455801, -22.95058462038315], [-44.33358390787032, -22.94864363159752], [-44.3343444762159, -22.94659573230643], [-44.32900487207644, -22.94342145103838], [-44.32296624379637, -22.94189638880653], [-44.31998159087698, -22.93621592002791], [-44.3260010968724, -22.93721572962147], [-44.32279969744735, -22.9314908649107], [-44.32573992385767, -22.93319996800335], [-44.32717726891508, -22.93186529134937], [-44.32989795912277, -22.93304596719685], [-44.33107863586963, -22.93088994871141], [-44.3308219666597, -22.92837459441125], [-44.33400466108549, -22.92909326604064], [-44.33749535712428, -22.92703991505925], [-44.33762177302566, -22.92440333214728], [-44.33964549314425, -22.92219962261373], [-44.34329607425371, -22.9246785615656], [-44.34523142339077, -22.92182043426487], [-44.34578574211758, -22.92267545300899], [-44.3505105418273, -22.92283529041555], [-44.34640821956293, -22.92381732670748], [-44.3474109555504, -22.92664321870882], [-44.34932527044413, -22.92828405876151], [-44.3516390803785, -22.9275101489734], [-44.35164979400207, -22.93019837275591], [-44.35310831809369, -22.93152016212503], [-44.35775736610884, -22.92819290078097], [-44.35895051555315, -22.92301075983795], [-44.36100846566745, -22.92333196619649], [-44.36149483611706, -22.92486564213488], [-44.36442502699265, -22.92393142999072], [-44.36559128760712, -22.92482405118824], [-44.36073487481389, -22.92565815080224], [-44.36245053036697, -22.92802334170307], [-44.36670609441001, -22.92862757819938], [-44.36645367359745, -22.93053482442184], [-44.36137057319269, -22.93084651865115], [-44.36028835692139, -22.9319090037967], [-44.36620229330049, -22.93363133591663], [-44.37133884041441, -22.93791060159219], [-44.37190222790474, -22.93933929337294], [-44.37001809066163, -22.94182099324348], [-44.37095938316827, -22.94337611621404], [-44.36896000230155, -22.94674503055796], [-44.36651388770503, -22.94788567578252], [-44.36568255440562, -22.9461189819047], [-44.36695364989032, -22.94581979814438], [-44.36484626404314, -22.94455853944424], [-44.36365335112055, -22.94197255508857], [-44.36506949106342, -22.9408872001834], [-44.36412458418147, -22.94043702025152], [-44.3574058705837, -22.9439406062732], [-44.35008959076129, -22.94375988121277], [-44.3498460660424, -22.94609763919391], [-44.35390280616883, -22.9492010835624], [-44.35264685706608, -22.95200459323661], [-44.35728625895297, -22.95408264589662], [-44.35914922705444, -22.95672596293207], [-44.36265305139648, -22.95473615894582], [-44.36653910469522, -22.96013786397049], [-44.369620212602, -22.96020676373041], [-44.37117885192174, -22.95781375589934], [-44.37251270119947, -22.95856627261463], [-44.37523467473972, -22.96286880105356], [-44.3739528764234, -22.96699437618872], [-44.37592136108123, -22.96734598233047], [-44.37712592562025, -22.96963585141265], [-44.38062669856254, -22.96673253317908], [-44.38387698783197, -22.9723999761772], [-44.38542435684786, -22.97180699919289], [-44.38540262113332, -22.96923670980556], [-44.38712438578108, -22.96948576085839], [-44.38489724800888, -22.96659627419791], [-44.38090215640864, -22.96438040313234], [-44.37848238655215, -22.95967490017574], [-44.38011878755128, -22.95783276486941], [-44.38518347883377, -22.95669699217166], [-44.39005834841333, -22.95259951725313], [-44.3913883252103, -22.95526731923064], [-44.39565970293222, -22.95660603114266], [-44.39843722040069, -22.95587041178931], [-44.39999358893226, -22.95663207640843], [-44.40120207631406, -22.95531940796354], [-44.40103601380025, -22.95250990340855], [-44.40408287642288, -22.95201702816257], [-44.40638408595606, -22.95456652612353], [-44.41559533895298, -22.95371878019677], [-44.41618880966513, -22.95226102232755], [-44.4129683293242, -22.94717899121667], [-44.41025972420618, -22.94733091099198], [-44.40967918574512, -22.94408841794535], [-44.4122319680302, -22.94185258372897], [-44.41401776980348, -22.94470258205774], [-44.41731251705829, -22.94559620599932], [-44.41766891208988, -22.94715462498516], [-44.42355267531497, -22.95210528133288], [-44.42376003199917, -22.95301246884958], [-44.42134950357598, -22.95386781764489], [-44.42092862715367, -22.95530478228909], [-44.4225012644211, -22.95954805170044], [-44.42387531429358, -22.95950495708735], [-44.42645504926037, -22.95687793666667], [-44.42723122174277, -22.95886840255395], [-44.42409986421666, -22.96286459402501], [-44.42811086302515, -22.96404732392409], [-44.42872794004165, -22.96255605641608], [-44.43428033996497, -22.96318948490602], [-44.43578304055416, -22.97249641857411], [-44.43434580971063, -22.97493361459385], [-44.43088669606345, -22.97363777516244], [-44.43131109243222, -22.97636624900241], [-44.43015574239286, -22.97881559126574], [-44.43413014419008, -22.9801249861784], [-44.43641773708816, -22.98399926015696], [-44.43313654441528, -22.98468091569094], [-44.43387596790086, -22.98819317927104], [-44.43979135758434, -22.99250648518534], [-44.43763470507685, -22.99478637539016], [-44.42919294979407, -22.9921367720936], [-44.42808381411601, -22.99410856895452], [-44.42340079690854, -22.99694302699834], [-44.42358565255512, -22.99848349371752], [-44.42574230506261, -23.0009482395688], [-44.42752924627695, -23.00137957060991], [-44.43061017881598, -22.99983910389074], [-44.43122636640294, -23.00088662072022], [-44.42956266198655, -23.00181090075171], [-44.42950104313792, -23.00316651092498], [-44.4315960776961, -23.00495345213932], [-44.43362865613682, -23.00256297859784], [-44.43572452706456, -23.00187251960034], [-44.44170153739532, -23.00526154638248], [-44.44496732468156, -23.01228607174403], [-44.44028430657477, -23.01450434310016], [-44.43960650193776, -23.01949545455079], [-44.43726499378369, -23.01992678469259], [-44.43504672242756, -23.01659937765839], [-44.43369111135496, -23.01709232664876], [-44.43338301801117, -23.01869441221658], [-44.43036370432077, -23.01857117541863], [-44.42956266198655, -23.01949545455079], [-44.43079503536188, -23.02196020130145], [-44.43523157807414, -23.02239153144325], [-44.4384973662597, -23.02454818395074], [-44.43992473243975, -23.02723038767147], [-44.44194801099121, -23.02793720983357], [-44.44669264704731, -23.02732102314593], [-44.44952710509108, -23.02584217617471], [-44.45168375939727, -23.01758527563919], [-44.45371717330818, -23.01690747100218], [-44.45753753023212, -23.01752365768988], [-44.45876990360745, -23.01955707339943], [-44.46061201283339, -23.0189089302022], [-44.46131771444021, -23.01743612127922], [-44.45953370501576, -23.01557929644662], [-44.45942448055462, -23.01212050475669], [-44.46069877222982, -23.01091903028822], [-44.47015147431034, -23.01282955813684], [-44.47180266735847, -23.00930405383826], [-44.47544118855927, -23.00806793928319], [-44.4760157204484, -23.00617183656021], [-44.47785755268319, -23.00608911961638], [-44.48398412656547, -23.0087305498742], [-44.4863663767062, -23.01645080515976], [-44.48933867563863, -23.02052599667661], [-44.49227788671436, -23.0210939868972], [-44.49390239957535, -23.02361348527336], [-44.50063847458523, -23.02532099656594], [-44.50331984373508, -23.02982299193678], [-44.50604304125261, -23.03031096317966], [-44.50946030944499, -23.02599414811067], [-44.51519981601797, -23.02592329142601], [-44.52049646044259, -23.02774788725441]]], [[[-44.67532226271152, -23.13201401633302], [-44.67587794211261, -23.13358548628037], [-44.6767415871538, -23.13312605232466], [-44.67532226271152, -23.13201401633302]]], [[[-44.68806782167189, -23.13036093470862], [-44.68412111629573, -23.12851254461748], [-44.6843514056921, -23.1299119931432], [-44.68751400386748, -23.13113472308822], [-44.68806782167189, -23.13036093470862]]], [[[-44.67782258394436, -23.1251984691333], [-44.67840465125295, -23.12709357720604], [-44.67990830872077, -23.12726209127175], [-44.68001408428182, -23.12631985897355], [-44.67782258394436, -23.1251984691333]]], [[[-44.67435197786074, -23.11351690078357], [-44.67640139071091, -23.11483575206751], [-44.67834721065452, -23.1145809579441], [-44.67690244529086, -23.11116804876565], [-44.67411932144881, -23.11138100103159], [-44.67435197786074, -23.11351690078357]]], [[[-44.68104641066259, -23.10869041562938], [-44.67957399474335, -23.10876447839718], [-44.67904094858017, -23.11011208820156], [-44.68096283756415, -23.10975026396272], [-44.68104641066259, -23.10869041562938]]], [[[-44.68706968841468, -23.10689508463969], [-44.68578580996643, -23.10707149025632], [-44.68900109132659, -23.10986172233982], [-44.68896177836262, -23.10922460123356], [-44.68706968841468, -23.10689508463969]]], [[[-44.67379689111289, -23.09861234927973], [-44.66948528941384, -23.09702786884031], [-44.67162705994014, -23.09913766397125], [-44.67379689111289, -23.09861234927973]]], [[[-44.59501068159693, -23.08578102557311], [-44.59387714641247, -23.08674206809121], [-44.59412577388463, -23.08821578443013], [-44.59648154078974, -23.09004632297865], [-44.59501068159693, -23.08578102557311]]], [[[-44.68395206893211, -23.08692724209777], [-44.68250909501802, -23.08675940522158], [-44.68498770841529, -23.08866299480059], [-44.68395206893211, -23.08692724209777]]], [[[-44.64204064885615, -23.07504550174775], [-44.64492817139728, -23.07555477703056], [-44.64571066071767, -23.07276366001412], [-44.64268633600489, -23.06830183466116], [-44.64043214572621, -23.07020948737716], [-44.63595961664225, -23.06845308713946], [-44.63942789977705, -23.07338834979174], [-44.64204064885615, -23.07504550174775]]], [[[-44.63221140333286, -23.07267952573875], [-44.63223465890167, -23.070667050743], [-44.63335004486794, -23.06997296028311], [-44.63123499679693, -23.06831899012855], [-44.63009428232454, -23.07164271264031], [-44.63221140333286, -23.07267952573875]]], [[[-44.60512763732987, -23.06842169180686], [-44.60243943243313, -23.06668884571286], [-44.60183713757311, -23.06791114758062], [-44.60295860115781, -23.06951066288599], [-44.60512763732987, -23.06842169180686]]], [[[-44.59503476004539, -23.06528939808646], [-44.59476904275641, -23.0663522690412], [-44.59652278100083, -23.06716713755259], [-44.59696564404851, -23.0664408432695], [-44.59503476004539, -23.06528939808646]]], [[[-44.62765552058505, -23.06328678325769], [-44.62963219716744, -23.0634207066995], [-44.63026901610147, -23.0625634459455], [-44.62903661574649, -23.06101407144149], [-44.62682071500325, -23.06109960416262], [-44.62765552058505, -23.06328678325769]]], [[[-44.55670768870812, -23.05902425126743], [-44.5577623992146, -23.06376668668247], [-44.55940594892468, -23.06335400128535], [-44.56285071208998, -23.06705520613207], [-44.56457160889192, -23.06705852373113], [-44.56476296663686, -23.06545074815273], [-44.55740712473829, -23.05631142113441], [-44.55270416956103, -23.05644387418465], [-44.55228505221265, -23.05779929190305], [-44.55670768870812, -23.05902425126743]]], [[[-44.60904383230627, -23.06151322125737], [-44.60117672042855, -23.0567017349963], [-44.60934560341616, -23.0648848281715], [-44.60904383230627, -23.06151322125737]]], [[[-44.62376237343403, -23.06063285422209], [-44.62484781287554, -23.0596668771239], [-44.62398841892968, -23.05727249512876], [-44.62032543257192, -23.05833668089235], [-44.62237601723865, -23.05991625283201], [-44.62326311210222, -23.05939579088226], [-44.62376237343403, -23.06063285422209]]], [[[-44.56362335203534, -23.05343172809103], [-44.56048256871486, -23.05177824806691], [-44.55987207113844, -23.05310361493912], [-44.56056581086273, -23.05393089229608], [-44.56362335203534, -23.05343172809103]]], [[[-44.55437745175726, -23.2207324887126], [-44.55431433733605, -23.22203565042417], [-44.55754322004282, -23.22441032467594], [-44.55687360193446, -23.22170478534679], [-44.55437745175726, -23.2207324887126]]], [[[-44.4104973511711, -23.06160708619728], [-44.4096043603522, -23.06297080016151], [-44.41008200557934, -23.06371149798645], [-44.4119233665694, -23.06389840318798], [-44.4104973511711, -23.06160708619728]]], [[[-44.40530208642144, -23.05869275306731], [-44.40715382918512, -23.06097022499512], [-44.40895365498648, -23.06005300733966], [-44.40530208642144, -23.05869275306731]]], [[[-44.411764152393, -23.05855430513628], [-44.41813276531411, -23.06126096592004], [-44.420161029707, -23.05901810619986], [-44.4149484584039, -23.0567129450456], [-44.411764152393, -23.05855430513628]]], [[[-44.40196478864334, -23.05439022912498], [-44.40119921557061, -23.05719554733588], [-44.40492536221495, -23.05887659607725], [-44.4039831182256, -23.05609269342227], [-44.40472727664178, -23.05505943714252], [-44.40196478864334, -23.05439022912498]]], [[[-44.41273326182983, -23.0556166130155], [-44.41144159435339, -23.05527100535187], [-44.41294272202828, -23.05604600511828], [-44.41273326182983, -23.0556166130155]]], [[[-44.42103833455076, -23.05354296343626], [-44.42109419144305, -23.05289363942916], [-44.42079396536849, -23.0532008451421], [-44.42103833455076, -23.05354296343626]]], [[[-44.54593190313409, -23.05013952771628], [-44.54598037299507, -23.04820225672802], [-44.54453984973355, -23.047553480408], [-44.54498409863652, -23.04901989065468], [-44.54593190313409, -23.05013952771628]]], [[[-44.48285019567925, -23.04141788272835], [-44.48454181505201, -23.04429936901988], [-44.48894289120074, -23.04544623035849], [-44.4881257528005, -23.04662176118455], [-44.49115974612465, -23.0493152702827], [-44.49139572912884, -23.05250093426991], [-44.49270671044559, -23.0519109906989], [-44.49932121240329, -23.05487261917528], [-44.50334950157753, -23.05519440559658], [-44.50386793555606, -23.05310279295878], [-44.49997074325449, -23.04993260000873], [-44.50231263362042, -23.04889573205162], [-44.50119829896158, -23.0475728320198], [-44.49948210471462, -23.04848456021352], [-44.49752159074808, -23.04794825041063], [-44.49617485418543, -23.04593410537387], [-44.49329069331014, -23.04700076697105], [-44.48435218040805, -23.04022537360134], [-44.48115140870982, -23.04081578122253], [-44.48285019567925, -23.04141788272835]]], [[[-44.40016015236841, -23.04645402413314], [-44.39930332958426, -23.04541545286008], [-44.39939420517771, -23.04667472136055], [-44.40016015236841, -23.04645402413314]]], [[[-44.49256387202433, -23.04335874560883], [-44.49268785525959, -23.04458950290245], [-44.49340453758862, -23.04427500998293], [-44.49256387202433, -23.04335874560883]]], [[[-44.51536266075743, -23.03538826385653], [-44.51916521110491, -23.03846617737139], [-44.52072927873252, -23.03855227216883], [-44.51848362212075, -23.03569677268712], [-44.51536266075743, -23.03538826385653]]], [[[-44.39716161481596, -23.03488490161612], [-44.39883854016574, -23.03705372644754], [-44.40106326235895, -23.03610346770012], [-44.40000120888794, -23.03460541390797], [-44.39716161481596, -23.03488490161612]]], [[[-44.41300078495755, -23.03472067641729], [-44.41278300423153, -23.03346238637926], [-44.41183928715265, -23.03322040669565], [-44.41140372570067, -23.03513203891168], [-44.41300078495755, -23.03472067641729]]], [[[-44.44488948476118, -23.02990917216977], [-44.44781064464479, -23.03450258992183], [-44.4502661121906, -23.0342485773092], [-44.44972633280327, -23.03237522383677], [-44.44719677820802, -23.03112632182155], [-44.44577853385152, -23.02785589313419], [-44.44488948476118, -23.02990917216977]]], [[[-44.48012381905829, -23.03004968404491], [-44.48175787642413, -23.03188178201788], [-44.48331824693884, -23.03209977498386], [-44.48188790670082, -23.03003840294917], [-44.48012381905829, -23.03004968404491]]], [[[-44.39932898544362, -23.02621512322855], [-44.40141000316839, -23.03237348095064], [-44.40528166281774, -23.03279694382314], [-44.40278928169926, -23.02617882479217], [-44.39932898544362, -23.02621512322855]]], [[[-44.43662962725477, -23.0248309505871], [-44.43547682859202, -23.02592622411515], [-44.43694946574453, -23.02611260501192], [-44.43662962725477, -23.0248309505871]]], [[[-44.42615626569835, -23.01525607290864], [-44.42576674144124, -23.01510459110324], [-44.42585762962517, -23.01546814923495], [-44.42615626569835, -23.01525607290864]]], [[[-44.42612596933731, -23.01465014478759], [-44.42637266866302, -23.01477133113127], [-44.4263553567136, -23.01468909712338], [-44.42612596933731, -23.01465014478759]]], [[[-44.42617357764777, -23.01412644887574], [-44.42624715478166, -23.01402257628013], [-44.42610432895088, -23.01407451212827], [-44.42617357764777, -23.01412644887574]]], [[[-44.42208744857618, -23.00383316576722], [-44.42260427456688, -23.00381513705815], [-44.4221595643117, -23.00357174813689], [-44.42208744857618, -23.00383316576722]]], [[[-44.42253215883136, -23.00307595728884], [-44.42244501992099, -23.0034785990573], [-44.42271845699048, -23.00323220640041], [-44.42253215883136, -23.00307595728884]]], [[[-44.42367398216783, -23.00227067015453], [-44.42343960805073, -23.00243893870527], [-44.42364393491891, -23.00241490072631], [-44.42367398216783, -23.00227067015453]]], [[[-44.42247894684522, -22.9955939629902], [-44.42216075231613, -22.99418619213827], [-44.42150989856225, -22.99444653417942], [-44.42247894684522, -22.9955939629902]]], [[[-44.40555863062559, -22.99370472119517], [-44.4075682250928, -22.99693442498295], [-44.40810650890751, -22.99506837310616], [-44.41056467441945, -22.99388414763456], [-44.4087165649168, -22.99232312421202], [-44.40772971005737, -22.99409946241946], [-44.40555863062559, -22.99370472119517]]], [[[-44.39965544744024, -22.99357912007957], [-44.4001757888808, -22.99393797655563], [-44.40053464355822, -22.99338175036672], [-44.39965544744024, -22.99357912007957]]], [[[-44.4003193305719, -22.99049295798284], [-44.40139589910075, -22.99293318022131], [-44.40455383339196, -22.99122861330909], [-44.40254423892475, -22.98979318920357], [-44.4003193305719, -22.99049295798284]]], [[[-44.40880627858616, -22.98984701722532], [-44.41022376031754, -22.99278963673157], [-44.41352523719922, -22.99356117770543], [-44.41356112284683, -22.98948816074926], [-44.41605517220768, -22.9886807341278], [-44.41691606442413, -22.98656456999811], [-44.41399356185269, -22.98523970314903], [-44.41298695158582, -22.98591754196025], [-44.41230512607996, -22.99006233021157], [-44.40880627858616, -22.98984701722532]]], [[[-44.41130032884638, -22.98448211695535], [-44.41417117795675, -22.98383617619783], [-44.4107620441323, -22.98381823382368], [-44.41130032884638, -22.98448211695535]]], [[[-44.40069613032142, -22.97791504973895], [-44.39856093563793, -22.97753825088881], [-44.39759202405196, -22.97796887866002], [-44.39807647984492, -22.979368417118], [-44.39495443210063, -22.97938636129078], [-44.39879419279703, -22.9821136669114], [-44.39920687729483, -22.98493068710076], [-44.40076790161663, -22.98423091922075], [-44.40066024467382, -22.98197012522036], [-44.40180850715615, -22.98157562321569], [-44.40536126001342, -22.98505628821636], [-44.40607897206615, -22.98265195072617], [-44.40771176768322, -22.98200600996859], [-44.40641988526875, -22.98062441388481], [-44.40676079757202, -22.97945813168667], [-44.40263395439274, -22.97603105638734], [-44.40069613032142, -22.97791504973895]]], [[[-44.40703629318966, -22.97761019755183], [-44.40808218224618, -22.97852994589954], [-44.40837456623251, -22.97829276679698], [-44.40703629318966, -22.97761019755183]]], [[[-44.41808506617213, -22.97121169116582], [-44.42007236734514, -22.97339382506419], [-44.42318970444057, -22.97417315956289], [-44.42537183923827, -22.97230275766537], [-44.42451457128971, -22.96938025509394], [-44.41874749959669, -22.9691464547443], [-44.41777333237269, -22.96708122012143], [-44.41555222995072, -22.96688638559743], [-44.41422736220227, -22.96840608697056], [-44.41485082980125, -22.97062719029185], [-44.41808506617213, -22.97121169116582]]], [[[-44.40652540632169, -22.96215369343741], [-44.40662985718143, -22.9631419548366], [-44.40900811343295, -22.96309374667828], [-44.40805199020645, -22.96181623812811], [-44.40652540632169, -22.96215369343741]]], [[[-44.35775301339015, -23.21454837890377], [-44.36101718909129, -23.21452346318648], [-44.35939756044831, -23.21255499021987], [-44.35643239134106, -23.21265465938427], [-44.35775301339015, -23.21454837890377]]], [[[-44.3924114344394, -23.06716547920274], [-44.39438720180721, -23.07253360084422], [-44.39647480436798, -23.07121020978258], [-44.39508617558579, -23.06762214324652], [-44.39453631569768, -23.06854478920991], [-44.3924114344394, -23.06716547920274]]], [[[-44.33914218306455, -23.06170695770913], [-44.33804361981646, -23.06097915975965], [-44.3384281177627, -23.06216011619563], [-44.33914218306455, -23.06170695770913]]], [[[-44.37663626634986, -23.05785198318171], [-44.3763336687631, -23.05860242516104], [-44.37664837032531, -23.05861452913643], [-44.37663626634986, -23.05785198318171]]], [[[-44.37767720104125, -23.05728915327103], [-44.37695096791214, -23.05710154210169], [-44.37765299309041, -23.05755543803224], [-44.37767720104125, -23.05728915327103]]], [[[-44.37638813710214, -23.05623006216689], [-44.37718699318447, -23.05592746637871], [-44.3762428902964, -23.0557761671356], [-44.37638813710214, -23.05623006216689]]], [[[-44.33201525459958, -23.05344026985182], [-44.33411625615958, -23.05501945418371], [-44.33502257133387, -23.05408567641206], [-44.33330606592148, -23.05214945763061], [-44.33201525459958, -23.05344026985182]]], [[[-44.36398893943726, -23.04054218587243], [-44.36088828836307, -23.03849707717762], [-44.35930497794163, -23.03932171772232], [-44.35821645112759, -23.03806826423823], [-44.35838137959627, -23.03519851320004], [-44.35716091144616, -23.03457178555868], [-44.35422518884064, -23.03724362189485], [-44.35178425164116, -23.03608912531212], [-44.34644057806952, -23.03889290388361], [-44.34644057806952, -23.04017934539968], [-44.34911241440568, -23.04001441603168], [-44.34914540063897, -23.04225744032783], [-44.3467704341075, -23.04324700934126], [-44.34944227134304, -23.0482938122089], [-44.34617669269949, -23.04763410013283], [-44.34432949690802, -23.04816186907425], [-44.34373575639933, -23.04954726569298], [-44.34657252030485, -23.05208715979381], [-44.34868360056697, -23.05113057701374], [-44.35069572572644, -23.05350554264589], [-44.35016795498643, -23.05993774213232], [-44.3458138504281, -23.06109223961437], [-44.34518712368606, -23.06323630610984], [-44.34330694256062, -23.06330227767722], [-44.34545100905609, -23.06950357802691], [-44.3484881581013, -23.06876449088776], [-44.34743014708289, -23.06699667015943], [-44.34805687472425, -23.0654463441727], [-44.3515533534038, -23.06508350280063], [-44.35679806917483, -23.06884386505158], [-44.35953587707832, -23.06907476508758], [-44.3598987193497, -23.0711198746817], [-44.36326325399523, -23.07181257299106], [-44.3623396574485, -23.06986642119762], [-44.3628344410559, -23.06752444000011], [-44.35887616410298, -23.06630397095074], [-44.3576886812869, -23.06478663119731], [-44.35577551392811, -23.06521544503596], [-44.35452206044403, -23.06277450783648], [-44.35881019343498, -23.06013565593503], [-44.35884317876895, -23.0588492162176], [-44.35627029843482, -23.05650723591941], [-44.35889647259341, -23.05426696804534], [-44.3598987193497, -23.05030593556972], [-44.36227368498186, -23.04694140002482], [-44.36431879457598, -23.04611676037939], [-44.36900275607161, -23.04710632939282], [-44.37042113802437, -23.04516017580067], [-44.3750425921412, -23.04458149174167], [-44.38107549983374, -23.04680945778949], [-44.38292269562515, -23.04680945778949], [-44.38462021455052, -23.04496117022103], [-44.3869799285801, -23.04690841469079], [-44.39159791940773, -23.04591884567742], [-44.39248853241912, -23.04459941972669], [-44.38717784328213, -23.03853006341092], [-44.38067967222838, -23.03546239767076], [-44.38091057136506, -23.03387908814864], [-44.37919531870824, -23.03180099232117], [-44.37688632374409, -23.0309433646438], [-44.37457732877999, -23.03071246640644], [-44.3736207451006, -23.03173502075384], [-44.37358775976656, -23.03523149943339], [-44.3707839802957, -23.03701272275816], [-44.3716416070738, -23.039717546227], [-44.36946455434497, -23.0385960331796], [-44.36398893943726, -23.04054218587243]]], [[[-44.39575299680263, -23.03960265423831], [-44.39119734787857, -23.03967532035898], [-44.39109114244155, -23.04154788692466], [-44.39574740661681, -23.04262670915455], [-44.39575299680263, -23.03960265423831]]], [[[-44.34053667542651, -23.03713808195613], [-44.34103715893701, -23.03982891916849], [-44.34373388401082, -23.0395757330329], [-44.3431862958102, -23.03759146167585], [-44.34053667542651, -23.03713808195613]]], [[[-44.39754171777531, -23.03727731589464], [-44.39806715477465, -23.03722141943217], [-44.3975976151371, -23.03684131467418], [-44.39754171777531, -23.03727731589464]]], [[[-44.38346324483217, -23.03424876526753], [-44.3841577435843, -23.03375152021573], [-44.38356598158407, -23.03319263203355], [-44.38327831903848, -23.03339810643666], [-44.38346324483217, -23.03424876526753]]], [[[-44.36858233740423, -23.01198843481762], [-44.36977619191697, -23.01197319490626], [-44.36868394280896, -23.01165313967988], [-44.36858233740423, -23.01198843481762]]], [[[-44.36904463839863, -23.01156677598516], [-44.36927324876069, -23.01131784544145], [-44.36883634911749, -23.01134324589333], [-44.36904463839863, -23.01156677598516]]], [[[-44.36990827804385, -23.01063709372613], [-44.36995399957669, -23.0098903011957], [-44.36917164425523, -23.00998174516064], [-44.36990827804385, -23.01063709372613]]], [[[-44.38271534613557, -23.00669790668229], [-44.38319428188987, -23.0074652343323], [-44.38435814671038, -23.00686785156933], [-44.3837144173857, -23.00640436616777], [-44.38271534613557, -23.00669790668229]]], [[[-44.35319144332971, -22.99319665819843], [-44.35238592776761, -22.99266125581153], [-44.35190358268346, -22.99298925115227], [-44.35210134540006, -22.99356806381434], [-44.35319144332971, -22.99319665819843]]], [[[-44.34067024723339, -22.98643580596689], [-44.3420528559538, -22.98671973542668], [-44.34213309616473, -22.98557784913766], [-44.34088627967736, -22.98528157558349], [-44.34067024723339, -22.98643580596689]]], [[[-44.35865561526373, -22.984540309387], [-44.36159521214859, -22.98718243122346], [-44.36324403458377, -22.98748578603943], [-44.36091355481597, -22.98493760288727], [-44.35865561526373, -22.984540309387]]], [[[-44.34975290257364, -22.98118896060129], [-44.35267132042435, -22.98514805413862], [-44.35761830124289, -22.98719169963647], [-44.35775404131522, -22.98585691956043], [-44.35550678480956, -22.98514051332324], [-44.35532579804641, -22.98336834707078], [-44.35186441900703, -22.9810607622436], [-44.34975290257364, -22.98118896060129]]], [[[-44.34003992859908, -22.97550295020022], [-44.33969303670358, -22.97868530558162], [-44.34117863938195, -22.97950728862969], [-44.34207603328156, -22.97686789443702], [-44.34003992859908, -22.97550295020022]]], [[[-44.34472297008824, -22.97529179837704], [-44.34892337871025, -22.97857972967], [-44.34729449514413, -22.97611378142511], [-44.34472297008824, -22.97529179837704]]], [[[-44.37719897575141, -22.97597000860821], [-44.3756621099177, -22.97400848290437], [-44.3744892383869, -22.9737253763243], [-44.37438812940792, -22.97481736013231], [-44.37719897575141, -22.97597000860821]]], [[[-44.39175967686685, -22.97494232812517], [-44.39142911576033, -22.97455844981181], [-44.39113054443834, -22.97481436898715], [-44.39175967686685, -22.97494232812517]]], [[[-44.38722245505153, -22.97197793873011], [-44.38899255825925, -22.97395064390633], [-44.39119985518846, -22.97253776130788], [-44.38868332277639, -22.97132214679885], [-44.38722245505153, -22.97197793873011]]], [[[-44.36786655979319, -22.96845756596315], [-44.36898887593514, -22.96952932761559], [-44.37257826717257, -22.97064153267979], [-44.36969664328473, -22.96680947917338], [-44.36811933403931, -22.96668814803883], [-44.36786655979319, -22.96845756596315]]], [[[-44.36321946870277, -22.96357068144101], [-44.36410730460767, -22.96527270776846], [-44.36463918794743, -22.96394708998542], [-44.36321946870277, -22.96357068144101]]], [[[-44.34063433010954, -22.96247809508725], [-44.34148382881494, -22.96397778744415], [-44.34250976101595, -22.9638078866239], [-44.34139234438044, -22.96218730469957], [-44.34063433010954, -22.96247809508725]]], [[[-44.34557395807099, -22.95959952619643], [-44.34509475072144, -22.96232589202555], [-44.3471185886512, -22.96392635161908], [-44.3480258256306, -22.96427063817862], [-44.34733725610874, -22.9628702345729], [-44.35170595396585, -22.96455443993466], [-44.35138958416127, -22.96190716678154], [-44.34557395807099, -22.95959952619643]]], [[[-44.34129432457269, -22.96055692196359], [-44.34290183844837, -22.96259571831695], [-44.34441786519159, -22.96211215824871], [-44.34209808106084, -22.95998187656159], [-44.34129432457269, -22.96055692196359]]], [[[-44.39932175489434, -22.9583364949325], [-44.39872520940014, -22.95653674467428], [-44.39744111691328, -22.95652663359647], [-44.39822977198565, -22.95907459641472], [-44.39932175489434, -22.9583364949325]]], [[[-44.35098643337648, -22.95294758815987], [-44.3519834433805, -22.95496977313576], [-44.35363949456627, -22.95533590602645], [-44.35231014729476, -22.95288562577025], [-44.35098643337648, -22.95294758815987]]], [[[-44.3346119759612, -22.95353161778917], [-44.3386569097878, -22.95502476757821], [-44.33639743509281, -22.95071912478699], [-44.33653964039138, -22.94779602866299], [-44.33525979720116, -22.94730621201131], [-44.33418719917915, -22.94789009684973], [-44.3346119759612, -22.95353161778917]]], [[[-44.33972837466405, -22.93446050724583], [-44.33623313255231, -22.93702767598569], [-44.33733334785501, -22.94013372569009], [-44.3409034351447, -22.94276077129177], [-44.34293172291996, -22.94280567713952], [-44.34519203038718, -22.93867425731037], [-44.3420485571944, -22.93766385460242], [-44.34253504635456, -22.93669087628211], [-44.33972837466405, -22.93446050724583]]], [[[-44.34855254955977, -22.93234989013456], [-44.349054009734, -22.93241725025513], [-44.34858248889003, -22.9321253563993], [-44.34855254955977, -22.93234989013456]]], [[[-44.34597041340311, -22.93023178796585], [-44.34621739961256, -22.93226756079849], [-44.3475122111189, -22.93127212820536], [-44.34597041340311, -22.93023178796585]]], [[[-44.3144385618894, -23.05720196669665], [-44.30918997093966, -23.05826932706702], [-44.3089076944338, -23.06047461760875], [-44.31330945316802, -23.06032465835551], [-44.31605283506957, -23.06300629100673], [-44.31497665324923, -23.06441767713329], [-44.31601755016908, -23.06533507825048], [-44.31730543959361, -23.06209771223888], [-44.31923727418013, -23.06211535423944], [-44.31926373763065, -23.06061575721066], [-44.3144385618894, -23.05720196669665]]], [[[-44.33223496706933, -23.05489586575084], [-44.33242721514313, -23.05567859339158], [-44.33375922440797, -23.05576098388156], [-44.33342965435435, -23.05490959839847], [-44.33223496706933, -23.05489586575084]]], [[[-44.32756607281527, -23.05555500405944], [-44.33027128479125, -23.05725777682414], [-44.33124625960647, -23.0560905530358], [-44.32811535443932, -23.05444270816366], [-44.32745621703009, -23.05298711316397], [-44.32756607281527, -23.05555500405944]]], [[[-44.31323527888429, -23.05476572755549], [-44.31674970623322, -23.05615224922616], [-44.31821401926084, -23.05414102428807], [-44.31734072539342, -23.05350589967674], [-44.31547945880925, -23.05442329989461], [-44.31266550890535, -23.05290606086527], [-44.31323527888429, -23.05476572755549]]], [[[-44.30837281005643, -23.05127847592013], [-44.30930528740834, -23.05069339318476], [-44.30928700329184, -23.05019972923333], [-44.30763231367962, -23.05018144421751], [-44.30837281005643, -23.05127847592013]]], [[[-44.29780017233935, -23.03739791677964], [-44.29856704583176, -23.03932065832095], [-44.29894492476774, -23.03799807934712], [-44.29780017233935, -23.03739791677964]]], [[[-44.30061204031267, -23.03521955283929], [-44.29994519481414, -23.03525289520417], [-44.30060092739018, -23.03543072085029], [-44.30061204031267, -23.03521955283929]]], [[[-44.28057412169761, -23.03423567113856], [-44.27945784360389, -23.033747298798], [-44.27892296012578, -23.03553799468193], [-44.2802717966054, -23.03593334294862], [-44.28057412169761, -23.03423567113856]]], [[[-44.28478341921868, -23.03386357844062], [-44.28296946776601, -23.03346823017392], [-44.28303923537169, -23.03444497215696], [-44.28478341921868, -23.03386357844062]]], [[[-44.29593300260524, -23.03040714567248], [-44.2961552844381, -23.03326346983249], [-44.29755566196349, -23.03250771106127], [-44.29593300260524, -23.03040714567248]]], [[[-44.32584372180958, -23.028770402931], [-44.32756172459318, -23.02951332298068], [-44.32570442401925, -23.02789979443918], [-44.32584372180958, -23.028770402931]]], [[[-44.31175462967167, -23.0270373859658], [-44.31303278123715, -23.02757858628195], [-44.31265854815274, -23.02639255317303], [-44.31175462967167, -23.0270373859658]]], [[[-44.33276216494124, -23.02546208670515], [-44.32938420071957, -23.02623983120247], [-44.32880379355947, -23.0267854130156], [-44.32965118695199, -23.02806230822819], [-44.33145044707976, -23.02823642956679], [-44.33391136991304, -23.02659968412735], [-44.33276216494124, -23.02546208670515]]], [[[-44.27901598330027, -23.0273752117958], [-44.28085319122107, -23.02663102819861], [-44.27978342426491, -23.02697986442843], [-44.27820203119808, -23.02530544818711], [-44.27901598330027, -23.0273752117958]]], [[[-44.28352760681287, -23.02595660860982], [-44.28655086043312, -23.0278635841363], [-44.28843457859222, -23.02700311999723], [-44.28771364966445, -23.02556126124244], [-44.2849229544301, -23.0258170751971], [-44.2846903960442, -23.02428219326782], [-44.28352760681287, -23.02595660860982]]], [[[-44.31070677559649, -23.02475168344267], [-44.30874348902006, -23.02569590324259], [-44.30994103614916, -23.02759010120144], [-44.31070677559649, -23.02475168344267]]], [[[-44.2689462266863, -23.02407288955146], [-44.2687369238692, -23.02488684255297], [-44.26973692321968, -23.02549149273744], [-44.2696439000452, -23.02472405177281], [-44.2689462266863, -23.02407288955146]]], [[[-44.33134597373697, -23.02353513813534], [-44.33201924489151, -23.02322171810704], [-44.33104416215764, -23.02276900118767], [-44.33134597373697, -23.02353513813534]]], [[[-44.3191524204471, -23.02019086431613], [-44.32005720497529, -23.01963691341206], [-44.31869079394426, -23.01808585088054], [-44.31832149364129, -23.01867673244448], [-44.3191524204471, -23.02019086431613]]], [[[-44.27652761405739, -23.01846824531248], [-44.27703924106737, -23.01730545518183], [-44.27610901022189, -23.01781708219181], [-44.27652761405739, -23.01846824531248]]], [[[-44.32166366214756, -23.01720568619271], [-44.32093737056249, -23.01631320888669], [-44.32070963614007, -23.01619010878574], [-44.32091890658154, -23.01757498559635], [-44.32166366214756, -23.01720568619271]]], [[[-44.26701599559101, -23.01377057455159], [-44.27003924831195, -23.01507289899433], [-44.26994622513746, -23.01404964407504], [-44.26701599559101, -23.01377057455159]]], [[[-44.30230163980809, -23.01058647628406], [-44.30218786477741, -23.00999982513105], [-44.30175409927153, -23.009857607242], [-44.30230163980809, -23.01058647628406]]], [[[-44.30224119727268, -23.00977583098904], [-44.30185720744345, -23.00972961123182], [-44.30223764135332, -23.00983983034314], [-44.30224119727268, -23.00977583098904]]], [[[-44.30243319173769, -23.0093811752003], [-44.30221986355514, -23.0096407240394], [-44.30253985492965, -23.0098149416055], [-44.30243319173769, -23.0093811752003]]], [[[-44.30111056240179, -23.00943095177621], [-44.30105367398716, -23.00932428858425], [-44.30104300802765, -23.00944161863504], [-44.30111056240179, -23.00943095177621]]], [[[-44.30146610757407, -23.00911451722044], [-44.30197809341354, -23.00897229843207], [-44.30149455133176, -23.0087874140072], [-44.30146610757407, -23.00911451722044]]], [[[-44.30740159530666, -23.00769296515745], [-44.30879926857068, -23.0099048171528], [-44.30917469505539, -23.00818599508682], [-44.30740159530666, -23.00769296515745]]], [[[-44.30197809341354, -23.00846742263269], [-44.30181809772631, -23.00876252616888], [-44.30205986876717, -23.00880163588602], [-44.30197809341354, -23.00846742263269]]], [[[-44.30212742224199, -23.00868430583529], [-44.30243674675773, -23.00854564296628], [-44.30194609373649, -23.00809765558159], [-44.30212742224199, -23.00868430583529]]], [[[-44.33020559471169, -22.98067178027765], [-44.32958266220936, -22.97811516238409], [-44.32897270782348, -22.97840067195267], [-44.33020559471169, -22.98067178027765]]], [[[-44.32749324391733, -22.97202859304434], [-44.32924524107426, -22.9728591691146], [-44.32977732856011, -22.97258663676308], [-44.32749324391733, -22.97202859304434]]], [[[-44.31467523917024, -22.96889651875858], [-44.31640690895097, -22.96948448112312], [-44.31574645943084, -22.96826828565207], [-44.31467523917024, -22.96889651875858]]], [[[-44.31163944180605, -22.96657037642098], [-44.31257654257263, -22.96750747718755], [-44.31277636743471, -22.96657037642098], [-44.31163944180605, -22.96657037642098]]], [[[-44.31685794863472, -22.96631914990809], [-44.31793722232425, -22.9675272919502], [-44.31926617839071, -22.9676239429898], [-44.31896011571604, -22.96629498692334], [-44.31685794863472, -22.96631914990809]]], [[[-44.32135223591621, -22.96259002021247], [-44.32223820662722, -22.96138187817036], [-44.32053875415943, -22.95993210718024], [-44.32007160581924, -22.96179264621287], [-44.32135223591621, -22.96259002021247]]], [[[-44.21553330681593, -23.09030527376859], [-44.21333158028744, -23.09210738474724], [-44.20967819868918, -23.09293100456142], [-44.21092498729757, -23.09835382207046], [-44.21028239291735, -23.09923422058205], [-44.2024780744029, -23.09772915477589], [-44.19595507756407, -23.09879276497333], [-44.19480870185936, -23.09972436098968], [-44.19578814900314, -23.10143102781893], [-44.19483584070076, -23.1038655033895], [-44.19186776408532, -23.10247461191301], [-44.19059203439411, -23.1035948596143], [-44.20028903461053, -23.10944840741729], [-44.20214809605704, -23.10865887460659], [-44.20061509371089, -23.10618702321176], [-44.20251937756649, -23.10478776983894], [-44.20803974993379, -23.10341805379937], [-44.20905420588616, -23.10447234791974], [-44.21206588613103, -23.10362558675064], [-44.21551092988477, -23.10424818470517], [-44.21775228413986, -23.10541036869279], [-44.21626208592579, -23.10991742634735], [-44.21195319658204, -23.11184317072497], [-44.2087846197137, -23.11167644091427], [-44.20870057177325, -23.10866870959251], [-44.20680820663267, -23.10833714124527], [-44.20173371993451, -23.12004019529797], [-44.19734242840963, -23.1222803462602], [-44.19363697426621, -23.11935657204737], [-44.18998290558591, -23.12215139427065], [-44.18634228356882, -23.12164048761764], [-44.18453539629076, -23.11919724815368], [-44.17620421984816, -23.11740576356436], [-44.16981221016465, -23.11848493383184], [-44.16860851976662, -23.11985465077072], [-44.17031405884603, -23.12445487639064], [-44.17280068340409, -23.12537502313802], [-44.17277959700004, -23.12923505994928], [-44.16926484229788, -23.1322651124442], [-44.17011204683274, -23.13712805521482], [-44.16419283503058, -23.14197311226854], [-44.16216722093975, -23.14216442504738], [-44.16117106439236, -23.14073244894257], [-44.15492432669561, -23.13884390142414], [-44.1544885080375, -23.13747418538458], [-44.15699112973613, -23.1366958743144], [-44.15769229516258, -23.13450646490065], [-44.15578299308993, -23.13309524335006], [-44.1542057440991, -23.13404989438635], [-44.15453763710155, -23.1355112873153], [-44.15188137702319, -23.1351290637545], [-44.15080220675571, -23.13392537425585], [-44.15138329829983, -23.13168401910144], [-44.14719113556174, -23.12935965202553], [-44.14818729300845, -23.12516749018675], [-44.14719113556174, -23.12454489223222], [-44.13976300435843, -23.12210334709101], [-44.13522653617497, -23.12219732714414], [-44.12744629161233, -23.12005270306901], [-44.1248664784045, -23.12505077617163], [-44.12983360043955, -23.12696191376051], [-44.13628647623915, -23.13657287044083], [-44.14090097230132, -23.13981579516206], [-44.13887252624534, -23.14610489722247], [-44.13381937056675, -23.14614697919893], [-44.13792553743286, -23.15081454605371], [-44.14117882773996, -23.15673512482539], [-44.14076045413094, -23.15830372773405], [-44.13844895905152, -23.16015197843029], [-44.13281969767019, -23.15766730719969], [-44.12984452180649, -23.15476599715225], [-44.12740111416934, -23.156266264176], [-44.12434645712256, -23.15392481537714], [-44.12081050360115, -23.15303531482715], [-44.11656372323648, -23.14851602729203], [-44.11503907379347, -23.14875125036912], [-44.11553294099173, -23.15238985520688], [-44.11722931058347, -23.15472582623511], [-44.11406228774365, -23.15922588356688], [-44.10825214392059, -23.16280205207227], [-44.10773158394471, -23.16495039034749], [-44.09836710086029, -23.16436854427212], [-44.09650541069544, -23.1658435844131], [-44.09186708169972, -23.16687778228305], [-44.09256143835898, -23.16952071081136], [-44.0945932568726, -23.17129059368517], [-44.0953926624407, -23.17537891800191], [-44.10900554826674, -23.17890091764247], [-44.11452891897369, -23.18467786119356], [-44.11786842728537, -23.18637776871827], [-44.12431124057059, -23.1853869883181], [-44.13228446525511, -23.1878799611905], [-44.13000678108733, -23.18427986981936], [-44.12389256209133, -23.17971698495012], [-44.12684602562285, -23.17329534800115], [-44.1325065978005, -23.16929361400832], [-44.13748483006015, -23.16814604939987], [-44.14050679315324, -23.16765300508132], [-44.14667494988828, -23.16883916769268], [-44.15468238838076, -23.17168334201187], [-44.15931204791195, -23.17200707366675], [-44.1607343329224, -23.17460658922192], [-44.1637550063877, -23.17585599126022], [-44.16381246137524, -23.17482538977913], [-44.1650650730939, -23.17575905513553], [-44.16531389302099, -23.17769346717898], [-44.16445419510427, -23.17808100843104], [-44.1669457938126, -23.17891334627313], [-44.16920314970486, -23.18136868611521], [-44.16948692178329, -23.18284315878395], [-44.16820907239003, -23.18361694536497], [-44.17111536737957, -23.18513273288852], [-44.17244709695524, -23.18476984115449], [-44.17158907087821, -23.18314370321855], [-44.17575496531867, -23.18224783906572], [-44.1781774583223, -23.18034060003788], [-44.18622706602554, -23.18095330365128], [-44.1890947099522, -23.18376699994633], [-44.19033626990222, -23.18897524820835], [-44.18839928669701, -23.1906971972171], [-44.1828157549424, -23.19152465623711], [-44.18264897476962, -23.19524801498312], [-44.18529042661118, -23.19709413968201], [-44.19181603598054, -23.1987918393711], [-44.19306387409779, -23.19991461416731], [-44.19331083332759, -23.20229057714766], [-44.19701059835973, -23.20415446615493], [-44.19831324925633, -23.20042499471697], [-44.19755762268539, -23.19792202588002], [-44.20453759743145, -23.19621378703584], [-44.20661508441788, -23.1950026277683], [-44.20747920879774, -23.19270395702125], [-44.21259005508625, -23.19481611107392], [-44.21997819703546, -23.19487626312826], [-44.2235346002409, -23.19682820295844], [-44.22745417576886, -23.19622070102378], [-44.23062201069649, -23.19763909916435], [-44.23225592057355, -23.20032296123492], [-44.23645507643988, -23.19980215214684], [-44.24198619120904, -23.20138510463812], [-44.24490099738239, -23.20023368373677], [-44.24931608137132, -23.20265892416927], [-44.24907138573514, -23.20426202866889], [-44.2535972895825, -23.20584471316221], [-44.25776235844535, -23.20458640963432], [-44.25903964756094, -23.20277205708402], [-44.2586732610614, -23.20000503560311], [-44.25508678362741, -23.19992836390207], [-44.25245252006704, -23.19739608166304], [-44.25250901277997, -23.1936814499382], [-44.25506275644034, -23.19020830596776], [-44.25667646574556, -23.18957406718869], [-44.26342822673053, -23.19283035313754], [-44.26442303609349, -23.19234589194861], [-44.27151757007908, -23.19749409517556], [-44.26786370644419, -23.19251261456475], [-44.2668147084313, -23.1877763278145], [-44.27078369181322, -23.18420519821058], [-44.27172765800429, -23.18133142180687], [-44.27828657376563, -23.17865588655917], [-44.28415054740913, -23.17808418393719], [-44.28542405667417, -23.17647218334383], [-44.28698547220102, -23.17692688596622], [-44.28478533657329, -23.17797005367424], [-44.28589765405275, -23.17909381772472], [-44.28750790726338, -23.17917421801496], [-44.28825862983115, -23.17733448389856], [-44.28976293930748, -23.1767995419645], [-44.30250665375831, -23.17804952586414], [-44.31125373337238, -23.1805940056081], [-44.3181504542793, -23.18624518256837], [-44.3185645138405, -23.18876493455332], [-44.31578962239246, -23.19018753612511], [-44.32325876178169, -23.20299071195103], [-44.32915194540521, -23.20701518440245], [-44.33186933869831, -23.21083657644607], [-44.33389770561388, -23.21528935012265], [-44.33295683578859, -23.21934516035009], [-44.33387747536449, -23.22353298296002], [-44.33837640764438, -23.22285076894707], [-44.34920585306696, -23.22667247485407], [-44.34395763983247, -23.22035556305804], [-44.34059194955807, -23.21856657228869], [-44.3421536016067, -23.21701624180537], [-44.34573320102567, -23.21802954122955], [-44.34715017104281, -23.2162995711675], [-44.35131532534126, -23.21678588226189], [-44.35042841124147, -23.21509570180444], [-44.35159604781865, -23.21399433357084], [-44.35105900416897, -23.20857167883912], [-44.34893162459406, -23.2032080996733], [-44.3428460319181, -23.19610651770085], [-44.34251243470038, -23.19369977272555], [-44.34039781560597, -23.19101410121903], [-44.34051274356756, -23.1874167788605], [-44.34247902038976, -23.18580061800333], [-44.34181202920104, -23.18191529495414], [-44.3459044472317, -23.18068830671922], [-44.34911638311388, -23.18565886416445], [-44.35198671871137, -23.18535816324788], [-44.35578162212346, -23.19067700204124], [-44.35814567088528, -23.1911511713887], [-44.35976411781905, -23.18393487998992], [-44.36300747961076, -23.18252184720473], [-44.36245513939247, -23.17855845310936], [-44.36792859232992, -23.18109406283997], [-44.37059270169112, -23.18105770594758], [-44.37167508703493, -23.18332383922302], [-44.37356827325647, -23.1828214041837], [-44.37526410235569, -23.18034779641289], [-44.37484384466694, -23.17845437816624], [-44.37712780520332, -23.17878835309926], [-44.37825608025315, -23.17697516517097], [-44.37759039488009, -23.17172703557344], [-44.36845936590629, -23.16452997977399], [-44.36661727916339, -23.16550763996486], [-44.36175625464671, -23.1653403750575], [-44.35465112305013, -23.15947172943601], [-44.35187164865692, -23.15945802286871], [-44.34931699758067, -23.16096365524771], [-44.34534309490715, -23.1566534708802], [-44.34042795998164, -23.15370875325556], [-44.33473127912453, -23.15615371132395], [-44.32706959938179, -23.15491958876726], [-44.32240393459318, -23.14903904691369], [-44.32075719498783, -23.14441841927385], [-44.32214619968664, -23.1414020517625], [-44.32487084331405, -23.14161401837146], [-44.32467226581167, -23.14018122298427], [-44.31729210174836, -23.13549492325131], [-44.31415253071401, -23.13647271204525], [-44.3125078739385, -23.13830396555477], [-44.31128359086432, -23.13723978518715], [-44.31411574934162, -23.13314715671515], [-44.31056263315827, -23.12534939875496], [-44.30647630263854, -23.12096859692241], [-44.2988124609256, -23.11805368462905], [-44.2955073669707, -23.11450884310784], [-44.2944533165666, -23.11595564093932], [-44.29434697713054, -23.12243369505819], [-44.29740150557427, -23.13221996018223], [-44.29551249400566, -23.13303477383499], [-44.29131244241455, -23.13200117671215], [-44.29153940521866, -23.13640476376804], [-44.29031607542584, -23.13745673314094], [-44.28745436072944, -23.13607629358529], [-44.28476344617536, -23.13662661482562], [-44.28347901824139, -23.13341920433203], [-44.28401308963163, -23.13105396936442], [-44.28109599918031, -23.12985873709027], [-44.2799218398203, -23.1256746412709], [-44.27764405672713, -23.12606322663584], [-44.27317414287165, -23.1230817339341], [-44.27562164242414, -23.11753526144241], [-44.26265140943428, -23.11494695593649], [-44.25995056276753, -23.11644396111916], [-44.25811686490067, -23.11474068113677], [-44.25781198573384, -23.11221087113404], [-44.25347622015073, -23.11169480237248], [-44.24989866938733, -23.10977048881625], [-44.24873359318008, -23.10362212615939], [-44.25122915789859, -23.1002407741916], [-44.25881092658227, -23.10089955816733], [-44.25953642676393, -23.0998165361035], [-44.23768178498568, -23.09311837920905], [-44.23800793761552, -23.08648653112772], [-44.23522722395649, -23.08504710144183], [-44.23334504004083, -23.08604134603053], [-44.23492472259716, -23.08838978615893], [-44.23362095833983, -23.09017030261663], [-44.21553330681593, -23.09030527376859]]], [[[-43.85903109580772, -23.07220596433302], [-43.88658922990828, -23.07552752487459], [-43.95600671333841, -23.08804425223968], [-43.96839444644581, -23.09178886826089], [-43.97117192614274, -23.09441310977644], [-43.97320380221299, -23.09393314339906], [-43.97975217072536, -23.09885521119827], [-43.98386980124963, -23.09980241225077], [-43.98719879558723, -23.1023708697191], [-43.99608697073637, -23.10114015739157], [-43.9958142828022, -23.0996845480027], [-43.99764310004832, -23.09877964296538], [-43.99825225044026, -23.09652151455549], [-44.00375076118797, -23.09481968338093], [-44.00500929404296, -23.09578392298886], [-44.00714589076949, -23.0953279208461], [-44.00622582496112, -23.09325101212374], [-44.00872918230522, -23.09300556285569], [-44.00917620741529, -23.08466040285452], [-44.00830705942252, -23.08200592523247], [-44.01250664696346, -23.07831022693466], [-44.006976248954, -23.07128994727248], [-44.00591649864674, -23.07132107280847], [-44.0046999749232, -23.07347875324109], [-43.99983709690378, -23.07268221920828], [-43.99592289842229, -23.06827450156624], [-43.99325953729709, -23.06764317838918], [-43.9913935393796, -23.06539987800119], [-43.99114317171927, -23.05721605817376], [-43.98844582071735, -23.05756630543988], [-43.9884185991383, -23.05886013128924], [-43.9868407062329, -23.05955651142307], [-43.98444508766994, -23.05941540419678], [-43.98139325899098, -23.0570620501727], [-43.97847668744845, -23.05042859230491], [-43.97428041840584, -23.04558226990508], [-43.96808911941662, -23.04349662516836], [-43.96539937667916, -23.04389169194724], [-43.96314181484217, -23.04230184705182], [-43.95925657632921, -23.04272812839963], [-43.95512057985013, -23.04011707813987], [-43.95228091293308, -23.04236972068531], [-43.95067037643599, -23.04741631221225], [-43.94906277982273, -23.04902973733175], [-43.93922613377833, -23.05239583140172], [-43.93184245066783, -23.05731820317175], [-43.91922813606891, -23.05802528433861], [-43.91225630918058, -23.06048898068116], [-43.89917100523695, -23.06812169416008], [-43.89253782795765, -23.0686511619208], [-43.88278116042147, -23.06636989395469], [-43.88023030358494, -23.06442372417473], [-43.87728257143277, -23.05835860276653], [-43.87791696939189, -23.04775914456809], [-43.88059403168847, -23.04235542416274], [-43.88867381074704, -23.03805944818419], [-43.89361942099873, -23.03277897626799], [-43.9076464536202, -23.02651038504547], [-43.91212134162589, -23.02030514566519], [-43.90772653375183, -23.02580971874278], [-43.90119949985632, -23.02938940719463], [-43.89131123632376, -23.03250906184297], [-43.86462272775594, -23.04460498113417], [-43.85903109580772, -23.07220596433302]]], [[[-44.13980267615187, -23.04313245190036], [-44.13711259167206, -23.04016995288026], [-44.13622923529027, -23.04086111334891], [-44.13650697471638, -23.04372033782255], [-44.13980267615187, -23.04313245190036]]], [[[-44.16181274596073, -23.04055998075773], [-44.16153677280312, -23.0392559512004], [-44.15987007904016, -23.03638090225604], [-44.15833566835568, -23.04062223093047], [-44.15950663242444, -23.04188301568786], [-44.16181274596073, -23.04055998075773]]], [[[-44.13070081488996, -23.03823301913775], [-44.12914530790891, -23.03598226157135], [-44.12508682939296, -23.03744772393253], [-44.12369671403138, -23.04039070856356], [-44.12980726918937, -23.04227026735816], [-44.13070081488996, -23.03823301913775]]], [[[-43.95400874800458, -23.02321565937439], [-43.9526207757275, -23.0228158729534], [-43.95122986176796, -23.02428397302617], [-43.95142319172618, -23.02575054874808], [-43.95406021440664, -23.02553278510919], [-43.95400874800458, -23.02321565937439]]], [[[-44.11121814939736, -23.02350167885862], [-44.10936265736001, -23.02243555325742], [-44.10972524062663, -23.02385833289497], [-44.11121814939736, -23.02350167885862]]], [[[-43.94747653311481, -23.02491403535367], [-43.94514156842791, -23.02031658773956], [-43.94369914939551, -23.02051367056868], [-43.94405935125735, -23.02379801176806], [-43.94747653311481, -23.02491403535367]]], [[[-43.95378263236188, -23.00689614244226], [-43.955251523838, -23.0062118968608], [-43.95272616278146, -23.00454995331694], [-43.94956651797969, -23.00613942319507], [-43.95072797621441, -23.00891120658616], [-43.95250277837977, -23.00988913207703], [-43.95378263236188, -23.00689614244226]]], [[[-44.03186397933842, -23.00557362732025], [-44.02986921019516, -23.00676296633708], [-44.03058967956935, -23.00812131224797], [-44.03797598510289, -23.01136881361907], [-44.04111655978068, -23.00973236855322], [-44.04298039303001, -23.00621952131308], [-44.04747971921296, -23.01120828193586], [-44.05283873342006, -23.00618962874762], [-44.05250436908062, -23.00369365483755], [-44.04966680387918, -23.00120305437667], [-44.04625599821503, -23.00146384428024], [-44.03964780680013, -22.99960642769372], [-44.03478392873461, -22.99639010401933], [-44.0335907541093, -22.99931013795174], [-44.03120010160268, -23.00042128001729], [-44.03234503209683, -23.0035832729489], [-44.03186397933842, -23.00557362732025]]], [[[-43.95305754676764, -23.00064160942196], [-43.9523056236049, -23.00128325861471], [-43.95392236992069, -23.00398172837328], [-43.95472862742349, -23.00261357715408], [-43.95305754676764, -23.00064160942196]]], [[[-43.91727873142759, -22.99381062805725], [-43.92589050444252, -23.00048045900519], [-43.92706008355526, -23.00429797676946], [-43.93075098127201, -23.00775497700982], [-43.93028487614538, -23.01136339160644], [-43.93436892868237, -23.01531769895189], [-43.9353932816739, -23.01508816318739], [-43.93406120675854, -23.01016156190576], [-43.93455924141512, -23.00873490169357], [-43.93712073183559, -23.00782469605213], [-43.93713724158971, -22.99831056128261], [-43.93173090415718, -22.99585373306257], [-43.93156444234438, -22.99337763686765], [-43.92778512238476, -22.98863774383602], [-43.92453408757734, -22.99078290120917], [-43.91827801042109, -22.98816516808728], [-43.91712235101494, -22.98937886164435], [-43.91727873142759, -22.99381062805725]]], [[[-43.91306365666168, -22.99526146024743], [-43.91173205568907, -22.99138018864403], [-43.90825022966362, -22.98915912489292], [-43.91039159999161, -22.99478060713852], [-43.91306365666168, -22.99526146024743]]], [[[-44.04389638580881, -22.98738663128722], [-44.04148167463882, -22.98675497805903], [-44.04045617411242, -22.98923697920247], [-44.04164579461701, -22.99059762378056], [-44.04486492687414, -22.98922497864908], [-44.04389638580881, -22.98738663128722]]], [[[-43.9236957611497, -22.98645919013876], [-43.91969804532778, -22.98435064956203], [-43.91880724975402, -22.98567035340329], [-43.92083345290081, -22.98770946901601], [-43.92344680812295, -22.98781122910418], [-43.9236957611497, -22.98645919013876]]], [[[-43.91328018912867, -22.98363345731741], [-43.91500069022896, -22.98247407741599], [-43.91397598830048, -22.97945276273401], [-43.90794826699818, -22.97992304611091], [-43.90786625782079, -22.98154994217532], [-43.91042028027101, -22.98358750555815], [-43.91328018912867, -22.98363345731741]]], [[[-43.95186475435418, -22.96060314711679], [-43.95064453801427, -22.95953507718127], [-43.9479761937456, -22.95953588387317], [-43.94741612565292, -22.96151266207892], [-43.95186475435418, -22.96060314711679]]], [[[-43.9676400231678, -22.94356935983734], [-43.96542357833476, -22.94332542412826], [-43.96679807157301, -22.94583973971146], [-43.9676400231678, -22.94356935983734]]], [[[-43.96213820561297, -22.94476696632165], [-43.9640608176519, -22.94412328196313], [-43.96109895355312, -22.94272198802855], [-43.96133362444647, -22.94389533620006], [-43.96213820561297, -22.94476696632165]]], [[[-43.88636479240051, -22.94842934743565], [-43.89156558168554, -22.9530990591735], [-43.89311313955903, -22.95618001959144], [-43.89673168501849, -22.95836502232714], [-43.90733634669431, -22.95823731230132], [-43.9098366544373, -22.95590135476294], [-43.90731031132105, -22.95310817919835], [-43.90841615008452, -22.95243717343601], [-43.90561936464121, -22.94973240482585], [-43.90581089055939, -22.9475550022608], [-43.90847913500335, -22.94455246812112], [-43.91283947905799, -22.94387869964152], [-43.9115031953155, -22.94031981160924], [-43.91212236055776, -22.93465947865127], [-43.90851083430681, -22.93513828400381], [-43.90247472502779, -22.93025587181029], [-43.90069676444341, -22.93011818920229], [-43.89656059259653, -22.93290411713053], [-43.89370940536406, -22.93305092875659], [-43.89234112734044, -22.92843139559164], [-43.8878072806807, -22.92932604116311], [-43.88669859556302, -22.93144646628065], [-43.88463801043508, -22.92754457232337], [-43.8841801439977, -22.94796477115648], [-43.88636479240051, -22.94842934743565]]], [[[-43.91547582185098, -22.93947060158621], [-43.91647863158283, -22.94266818968441], [-43.92077695389258, -22.94500343406048], [-43.92047427176948, -22.94212582474626], [-43.91547582185098, -22.93947060158621]]]]}}, {"type": "Feature", "id": "6", "properties": {"id": "6", "unidade": "6", "camada": "RISP", "label": "RISP 6"}, "geometry": {"type": "MultiPolygon", "coordinates": [[[[-41.98321826980657, -22.57399700475719], [-41.98941930035971, -22.59900653032633], [-41.99228133701337, -22.59941357517556], [-41.99104397240069, -22.59599018979463], [-41.99467076104605, -22.59570923169491], [-41.99619561643379, -22.592892123372], [-41.99076072102974, -22.57956157970239], [-41.9952287310204, -22.5746732211914], [-41.99823148999053, -22.57556064610617], [-41.99901043238481, -22.57857019765572], [-42.00226065330577, -22.5816684457414], [-42.00294055156445, -22.58466011427208], [-42.00437651975983, -22.5847870715653], [-42.00732830065982, -22.58059762208183], [-42.00895333872489, -22.57417135812091], [-42.01059697656848, -22.57194138928293], [-42.01338233972245, -22.57171086516354], [-42.01475731140005, -22.57583302467356], [-42.01715672240408, -22.5779990795931], [-42.0194905620391, -22.57818397840708], [-42.02175545964599, -22.57641909756251], [-42.02093247924978, -22.56852939921163], [-42.02784768841934, -22.57110312760648], [-42.03048744234087, -22.57028034685976], [-42.032338697672, -22.56157258920285], [-42.03439564863953, -22.5597556160281], [-42.03696683555029, -22.56016700730078], [-42.03857811488734, -22.56709207393931], [-42.04195322915746, -22.56889271812366], [-42.04900439513597, -22.56127412759815], [-42.05574233623912, -22.56297897419955], [-42.06230161262857, -22.55999559382082], [-42.06281585037044, -22.56182970807379], [-42.06064585012513, -22.56456572632641], [-42.06034832831199, -22.57025484388515], [-42.06132110158683, -22.57268677617299], [-42.06309746857261, -22.57317316281046], [-42.0653179297779, -22.56849962265869], [-42.06997032237177, -22.5688802742045], [-42.07274061108961, -22.56750570272521], [-42.07735218165715, -22.57375784534753], [-42.08060178924046, -22.57496810889035], [-42.08424389963551, -22.56918671279578], [-42.08793048240511, -22.57265785757329], [-42.09394448005298, -22.57129645666538], [-42.09112041277609, -22.56493870035996], [-42.09220927323861, -22.56262198471603], [-42.09454930020928, -22.56170015623644], [-42.09781512616638, -22.56174465379195], [-42.10082482700341, -22.56487337540517], [-42.10539732472603, -22.56047892006535], [-42.10788538640071, -22.56569993870045], [-42.11073560776134, -22.5673286370062], [-42.11464802468583, -22.56589467519831], [-42.11780754897848, -22.56684927137599], [-42.12433169964748, -22.56465544719038], [-42.12459724876328, -22.56366406604303], [-42.12215420085494, -22.56261957543228], [-42.1208264570746, -22.56051288925767], [-42.12025110230582, -22.55767151812529], [-42.12122478029863, -22.55494521794668], [-42.12267644616031, -22.55400694716212], [-42.12575681122712, -22.55768922217908], [-42.13363475543889, -22.55485670217428], [-42.13051013203625, -22.55257298355559], [-42.13117400257744, -22.546598137893], [-42.13392685793741, -22.5422519923348], [-42.1387155859548, -22.54010989895193], [-42.1403870191449, -22.54215191307958], [-42.14545166995788, -22.5403842991953], [-42.14717773696225, -22.54081802872827], [-42.14726625273465, -22.54287160633879], [-42.14361938492596, -22.54353547687998], [-42.14096389826454, -22.5487225281214], [-42.14414734542294, -22.54856684468336], [-42.14467356393311, -22.55170055213802], [-42.14695145044834, -22.55187375257083], [-42.14925720155787, -22.55565423355529], [-42.15172841443405, -22.55662509756945], [-42.15401249458023, -22.55109668706166], [-42.15209101838508, -22.55152673117294], [-42.15154095525014, -22.54854248384777], [-42.15617669509766, -22.54613860411251], [-42.15703293242314, -22.54761501931694], [-42.16040259590233, -22.54532474733844], [-42.1618704711446, -22.54502984884766], [-42.16378548661021, -22.54667987457577], [-42.16539337640245, -22.54545392235985], [-42.16609098590953, -22.5478973659699], [-42.16981213322265, -22.54713479213615], [-42.17186786470944, -22.54851206427958], [-42.17679141639002, -22.54571819803562], [-42.17964542389649, -22.54902039617355], [-42.1796491776667, -22.55147743573428], [-42.18214498160489, -22.55273475630321], [-42.18216604732447, -22.55111103034898], [-42.18639726492108, -22.55115722042859], [-42.18523412675279, -22.55180236078957], [-42.18651499157289, -22.55279126520395], [-42.18578508741115, -22.55395440337224], [-42.18736262328571, -22.55457128973245], [-42.18687460258013, -22.55548098815632], [-42.18859168895455, -22.55464192608326], [-42.18805485574626, -22.55310677165943], [-42.19042822328316, -22.55174114303856], [-42.19045714637946, -22.5491206139244], [-42.19310272790784, -22.54777286562449], [-42.19806111302921, -22.54842178223868], [-42.19834397409437, -22.5468577272016], [-42.20396791418716, -22.54482778377445], [-42.20360185863814, -22.54196589820685], [-42.21358518500756, -22.5385382887103], [-42.22170455132323, -22.53963574129563], [-42.22636648572399, -22.54200894875322], [-42.23006576961882, -22.54094876857005], [-42.24073983107763, -22.54614225625937], [-42.25022399144331, -22.54640847716871], [-42.25187123916561, -22.54356322905898], [-42.25423395962878, -22.53387940301127], [-42.25655104939068, -22.53199272518333], [-42.25903863262607, -22.53214989520075], [-42.25916155556058, -22.52883780541958], [-42.2619273215879, -22.5272398063712], [-42.26135539863202, -22.52649174219937], [-42.26276970305861, -22.52642518697201], [-42.26564822878203, -22.51975299710239], [-42.26553175668448, -22.51835533193224], [-42.26366820312433, -22.51739027663916], [-42.26341861967285, -22.51166650370538], [-42.26145523237233, -22.50665820171389], [-42.26383688536322, -22.50160434996002], [-42.26292076488068, -22.50004972071724], [-42.26913465663836, -22.4972597161622], [-42.26882465673179, -22.49196657099969], [-42.26987495696295, -22.49101343532101], [-42.27016644972116, -22.49221179543724], [-42.27073555600037, -22.49060626906328], [-42.27028674843393, -22.48573879820617], [-42.27302123244317, -22.48388804829403], [-42.27555675943614, -22.48428133171728], [-42.27716228401147, -22.48307834458916], [-42.27566780412513, -22.48111192297608], [-42.27782103381293, -22.48031320089274], [-42.27787482316381, -22.47892803809771], [-42.28057061743931, -22.47943067098788], [-42.28442747514714, -22.47725967159579], [-42.28398966628936, -22.47625486357032], [-42.2852097899991, -22.47514957519195], [-42.28409732413149, -22.47454669127603], [-42.28510213215696, -22.47446774069289], [-42.28608540861399, -22.47108727995322], [-42.28705433099185, -22.4716829881786], [-42.28852565693279, -22.47031214259056], [-42.28770027894399, -22.46961595401228], [-42.289193135554, -22.46846760159775], [-42.28842517568057, -22.46768528674579], [-42.2890998326904, -22.46551059563672], [-42.29296116632401, -22.46393161185364], [-42.29757628111975, -22.46745726184241], [-42.30088202258656, -22.46581635434052], [-42.3024127568425, -22.46445458021395], [-42.30196038076622, -22.46168567375406], [-42.30412728464574, -22.45786962818005], [-42.30357861186269, -22.45611446720812], [-42.30167428663827, -22.45495293522902], [-42.30207246237353, -22.45321116516237], [-42.29816970236914, -22.44892724369657], [-42.29666991558338, -22.4413330203019], [-42.29315453135581, -22.43499414166553], [-42.29463774633422, -22.42996446998353], [-42.29317939041579, -22.42895356365528], [-42.29000580792098, -22.42954187765474], [-42.28738227237324, -22.42358975156503], [-42.28307861528515, -22.41898536837925], [-42.28124738425862, -22.41260505887561], [-42.26909994010941, -22.40252085825023], [-42.27100574741655, -22.40119507858924], [-42.28379950734063, -22.40169224629938], [-42.28462811929154, -22.40033332302369], [-42.28409485639179, -22.39662560618598], [-42.28843331184714, -22.39474604019682], [-42.29034061112958, -22.39108522839979], [-42.28120555409231, -22.38556341801655], [-42.28070341313128, -22.38311544811864], [-42.27673223540359, -22.37918514817528], [-42.27317401916491, -22.37843222676509], [-42.26984770300834, -22.37561556900255], [-42.26617664613457, -22.37606542337983], [-42.26434217485075, -22.37255441435394], [-42.2607544185808, -22.37212839920551], [-42.25836813318205, -22.36652988384628], [-42.25603891426374, -22.36551837317359], [-42.25190215156232, -22.36743832681657], [-42.25031395242621, -22.36458550821385], [-42.24679002194125, -22.36491117431046], [-42.24198444422598, -22.36314337966246], [-42.24053509142061, -22.36151043655661], [-42.22317159019599, -22.35864934598976], [-42.22600741610864, -22.35245579329944], [-42.21876386266138, -22.35529309140225], [-42.21782016266963, -22.3598497763453], [-42.2117064032272, -22.3616625892563], [-42.21097859628446, -22.3635488947649], [-42.20703934538875, -22.36680895966498], [-42.20687464624717, -22.36829256944577], [-42.2054912344322, -22.36877446037226], [-42.20725278778519, -22.36263197658366], [-42.2122601958506, -22.356542536608], [-42.21239606812333, -22.35060080128517], [-42.21539851143143, -22.34646381375325], [-42.21682295301616, -22.34197626419245], [-42.22536972573153, -22.3367348417388], [-42.22931443821, -22.33729175680838], [-42.23098622933031, -22.33458040965741], [-42.23807036895164, -22.33073611188127], [-42.24195433402457, -22.32995562535103], [-42.2472321529408, -22.32638216110706], [-42.25043000813764, -22.32701776865434], [-42.25753626838332, -22.32139628730806], [-42.26150649912489, -22.32154487599445], [-42.26367760823427, -22.31729549479047], [-42.26628496317977, -22.31639663319731], [-42.26218001039842, -22.31337198203056], [-42.25287413073579, -22.31049358940686], [-42.25003971855745, -22.30580758015492], [-42.24940071606943, -22.29691780511183], [-42.24654361669383, -22.29199630028825], [-42.23926567137289, -22.28628463132992], [-42.23512118529374, -22.2888893161882], [-42.23397933767558, -22.28859258128182], [-42.23073625287503, -22.27967048730238], [-42.22742507770442, -22.2746490480144], [-42.21644869834802, -22.26775248538814], [-42.21251397284084, -22.26354854872579], [-42.21098550127914, -22.25977438817671], [-42.20184019107126, -22.25254481828796], [-42.20025883667523, -22.2523624762465], [-42.19690244539083, -22.24709769210403], [-42.19281873279755, -22.2453550820706], [-42.18526185015355, -22.24483090861878], [-42.18323586014611, -22.24337935157502], [-42.17853938818149, -22.23316119872959], [-42.17398184438588, -22.2297665179097], [-42.17140113005735, -22.22511764616166], [-42.1630376436716, -22.22176098687925], [-42.16031749485575, -22.21920035441207], [-42.15908960010421, -22.21522471514771], [-42.15334620306407, -22.21413576115566], [-42.14739467142618, -22.21021496704634], [-42.14262005557038, -22.21213282886617], [-42.13645364262078, -22.21131812493076], [-42.13384540184308, -22.21361156701943], [-42.1287039219477, -22.21412408615686], [-42.12584465340728, -22.21160566336988], [-42.12256088417672, -22.21189557691855], [-42.11822767806416, -22.20806977370034], [-42.11595008113062, -22.2085394329477], [-42.11409178860441, -22.20682206508548], [-42.11156548236039, -22.2095309157184], [-42.10903686755665, -22.20954488218979], [-42.10601110392855, -22.20622460767873], [-42.10195201297427, -22.20522940081543], [-42.09769643004546, -22.20197096009099], [-42.09315037059241, -22.20200773067148], [-42.09320920693864, -22.19793104268268], [-42.09659343134103, -22.19281110604692], [-42.09348668556134, -22.1889870421175], [-42.09739241242914, -22.18389473085637], [-42.09534301037093, -22.18058249538507], [-42.09195448271248, -22.1778836658977], [-42.08831093699939, -22.16964594610278], [-42.08529059628324, -22.16927676540962], [-42.07594872485305, -22.16376658685772], [-42.07033894638454, -22.16488352775184], [-42.05547949767993, -22.16031987576088], [-42.05198083544644, -22.16224448429472], [-42.04011831810516, -22.16118554337737], [-42.02711911795222, -22.15750887113671], [-42.02006174035631, -22.14719152306958], [-42.01356508825751, -22.14401942985205], [-42.00634239188713, -22.14263418881598], [-42.00128202814233, -22.13972653225289], [-41.99933784856211, -22.13577193712445], [-41.98954086981456, -22.13131159925013], [-41.98220141716092, -22.12597002019947], [-41.97636830914939, -22.12564550163779], [-41.97170010197738, -22.13174360118546], [-41.96404143586284, -22.12877052703743], [-41.96075297666778, -22.12495850862751], [-41.9580343207266, -22.11760536919166], [-41.96064971111457, -22.10890370983759], [-41.96270477530442, -22.105710158796], [-41.96219734722905, -22.10312389565047], [-41.95903632916253, -22.09863686769648], [-41.96256595325542, -22.0955660992953], [-41.96073035781905, -22.09238409375013], [-41.96200570260038, -22.09123192821016], [-41.96236917439717, -22.0804407111691], [-41.95978649235201, -22.07667847473107], [-41.9544843602643, -22.07674707411741], [-41.94723041335214, -22.07135134418843], [-41.94225863462754, -22.07018133070306], [-41.94051287426902, -22.06460683713505], [-41.93665030856414, -22.06093051562999], [-41.93519838999299, -22.05679870369642], [-41.92889883241446, -22.06088408902872], [-41.92528585195976, -22.06016872510583], [-41.92464324229104, -22.06233622433649], [-41.92056490404633, -22.06365886806151], [-41.92053159585572, -22.06514969759968], [-41.90992289712329, -22.06792398470338], [-41.90459639071014, -22.0648891990765], [-41.90517871972139, -22.0626472980336], [-41.9033977248244, -22.06121223455619], [-41.90344586373487, -22.05795296375749], [-41.89945454029407, -22.0548792311908], [-41.89831378805013, -22.05627259130625], [-41.8950064862596, -22.05596995055203], [-41.89364995158326, -22.05356051390584], [-41.88931306904215, -22.05122765902848], [-41.88839649530127, -22.04891244255441], [-41.88261373673384, -22.05014397776159], [-41.87736527708512, -22.05509530230557], [-41.8726964403877, -22.05154704336059], [-41.86936942365924, -22.05147358673588], [-41.86697845279264, -22.05271156738416], [-41.86684176483482, -22.05664747460048], [-41.86195182531577, -22.05868345607587], [-41.86089778390487, -22.06209919002481], [-41.85770452604231, -22.06172412416822], [-41.8578705067178, -22.06348695006193], [-41.8559767494267, -22.06335769679947], [-41.85667346320901, -22.06474955324853], [-41.8538078868238, -22.06810410272141], [-41.85125836907775, -22.06879960062031], [-41.84890051844343, -22.07145257097858], [-41.84275932608131, -22.06974218275474], [-41.8375087458312, -22.07128605610581], [-41.83717134807853, -22.07298803926585], [-41.83887128168357, -22.07423108219791], [-41.8327254533163, -22.07828812719453], [-41.83101147679747, -22.08480799978861], [-41.82909390995525, -22.0859660073246], [-41.82931024007479, -22.08793771695127], [-41.82642214736347, -22.08916594714998], [-41.82408462230671, -22.09369477289465], [-41.82180969725897, -22.09511349299254], [-41.82161798158387, -22.09946879544776], [-41.81565054633489, -22.10089767878407], [-41.8108692701, -22.09921344104669], [-41.79867338756605, -22.09823989075755], [-41.79341871629998, -22.09852866036863], [-41.79183926127217, -22.10057277711121], [-41.78258572844788, -22.09821380592166], [-41.77877857357157, -22.09673455605412], [-41.7737845321297, -22.09269706591607], [-41.77014702176689, -22.08771262473709], [-41.76628427439903, -22.0846387752585], [-41.76302842642002, -22.08485247306243], [-41.76061014763945, -22.08371505010871], [-41.75330911672165, -22.08549671769856], [-41.75200285864429, -22.08698112337936], [-41.75047022142286, -22.08635476715801], [-41.75445245811369, -22.08177214576716], [-41.75321419058167, -22.07775907492061], [-41.75488630365925, -22.07400811867893], [-41.7541993816954, -22.07187504639552], [-41.75503995732743, -22.068847164864], [-41.76235954755435, -22.0634361545541], [-41.75910199895736, -22.05376758100829], [-41.76201610096155, -22.04957335612471], [-41.76668907184245, -22.04703392517473], [-41.76360862044072, -22.0441436156346], [-41.76461797723715, -22.04052923313685], [-41.76303603558387, -22.03835406538701], [-41.76388945173608, -22.03496121828482], [-41.76710537161489, -22.03046517462735], [-41.7718928243936, -22.0279465575868], [-41.7739535111449, -22.02210794662363], [-41.76533609578348, -22.01851735658994], [-41.76438901344147, -22.01722682585654], [-41.76279666393418, -22.02302380810147], [-41.76129798331453, -22.02183735231119], [-41.7620369157703, -22.01953729211158], [-41.75716620285726, -22.01609240843715], [-41.7511999547134, -22.01388895700899], [-41.74962076138831, -22.01045154040548], [-41.74777863237728, -22.00931712118739], [-41.74631117442044, -22.01081580180704], [-41.74452108288091, -22.01054520659522], [-41.74093049284721, -22.00784966323062], [-41.7410449756444, -22.00557041873907], [-41.73892184356748, -22.00408214507416], [-41.73471721172922, -22.00465455816055], [-41.73091847180928, -21.99628692410147], [-41.72282143116337, -21.99282122292033], [-41.71730545288364, -21.9847345910278], [-41.71671222498844, -21.98191415611262], [-41.72061503985145, -21.96837399126593], [-41.71937654658961, -21.96610515372907], [-41.71342345282937, -21.96113036587292], [-41.72091685772608, -21.94456161622486], [-41.71873128122292, -21.93409166399834], [-41.71608777443049, -21.93099022691666], [-41.71391260578139, -21.92372578761422], [-41.71415197833039, -21.91787676879704], [-41.71605655176774, -21.91135126195041], [-41.71272614999111, -21.9058560993787], [-41.71026997827613, -21.9048465708118], [-41.71226821970185, -21.90123516596935], [-41.70944778568605, -21.90034012109891], [-41.70866722271342, -21.89644771319064], [-41.70960389810068, -21.89458477027017], [-41.70699161397107, -21.89228471007056], [-41.70565945272085, -21.89242000767644], [-41.70926045060855, -21.89191003991562], [-41.7109985037772, -21.89272182555101], [-41.71139398964016, -21.89104621680866], [-41.71604614481299, -21.88862126775655], [-41.71723260060332, -21.88895430919325], [-41.72034444463969, -21.88651895228702], [-41.72136106166295, -21.88869937387625], [-41.72384136668501, -21.88972446431183], [-41.72675546868919, -21.8880072250526], [-41.72876411796892, -21.88979731569282], [-41.72914919507855, -21.88893349258586], [-41.73047094757544, -21.88951631442558], [-41.73122028878458, -21.88788233530073], [-41.73281263739256, -21.88826741330968], [-41.73304160298687, -21.88739318324804], [-41.73545614418498, -21.88936020111163], [-41.73667382263807, -21.8884131178703], [-41.73821413377453, -21.88968283379495], [-41.7387449163441, -21.88867330612737], [-41.73984811200006, -21.89023443117327], [-41.74077680320619, -21.88873824167575], [-41.74119068020497, -21.88952672138032], [-41.74410478220921, -21.88853800762217], [-41.74600935564649, -21.88952672138032], [-41.7468107343272, -21.88883982639612], [-41.74702929116813, -21.88976609303], [-41.74860082496735, -21.88885023335081], [-41.75235793526974, -21.88991179938927], [-41.75746802073184, -21.88862126775655], [-41.76015315714176, -21.8901719858477], [-41.76191202601848, -21.88908960589981], [-41.76161020814385, -21.88991179938927], [-41.76316092713432, -21.89031769220696], [-41.77199689933673, -21.89026565383608], [-41.77246523658067, -21.88939142287506], [-41.77435940396259, -21.89055706385665], [-41.77652416475769, -21.8898909836812], [-41.77695354426993, -21.88872766744714], [-41.77818936744461, -21.88965161113219], [-41.77869933430611, -21.88857963813899], [-41.78007312517383, -21.88898553005737], [-41.77950071208744, -21.88773662984084], [-41.78215462583461, -21.88656058100526], [-41.78450672260641, -21.88701851219383], [-41.78377819710539, -21.88774703679553], [-41.78483976314379, -21.88890227082237], [-41.78614057762485, -21.88755106642782], [-41.7880452751686, -21.88855882333024], [-41.7889299130843, -21.88803844771542], [-41.78776427210272, -21.88690403029597], [-41.78965843858532, -21.8871225871369], [-41.78885705990467, -21.88582164944881], [-41.79098019198153, -21.88370892522596], [-41.78973129086563, -21.88386503764059], [-41.79019940058112, -21.8826946338495], [-41.78736878713909, -21.88165864632867], [-41.79638536119472, -21.87892575681747], [-41.79667928302177, -21.87676442873465], [-41.80777790722391, -21.87923369817588], [-41.80963044318969, -21.88087808335609], [-41.81465726941673, -21.87929614170281], [-41.82666753188033, -21.88360485028284], [-41.82941511361588, -21.88568635094356], [-41.83089297942672, -21.88515556927331], [-41.83939591199101, -21.88772622198678], [-41.84675401928183, -21.88653976709583], [-41.84879389032506, -21.88754929476335], [-41.85003238358689, -21.88586327816699], [-41.85540265730606, -21.88484334264535], [-41.87120125183554, -21.88473926770229], [-41.88159114281626, -21.88138347716495], [-41.88739514337044, -21.88084333175357], [-41.88848202442517, -21.87864353067363], [-41.88333298482866, -21.87234789773652], [-41.88973665602111, -21.86314385820174], [-41.8912934814083, -21.86263302529312], [-41.89567204842558, -21.8642628261677], [-41.89905327628696, -21.86384929360923], [-41.90080470327371, -21.86572234760746], [-41.89863974462776, -21.86769270285515], [-41.8928131818821, -21.86462317282042], [-41.89119617925951, -21.87241182604419], [-41.89567712779649, -21.87842017505028], [-41.92625835363935, -21.87537373690765], [-41.92656142337023, -21.8730740751077], [-41.92824935102601, -21.87246952294936], [-41.92764449759477, -21.8710732301447], [-41.92914461533098, -21.87032625774981], [-41.93014793228053, -21.87130685062988], [-41.93236839708311, -21.87064815928437], [-41.93686618002943, -21.87219137073441], [-41.94103299267772, -21.86680193516042], [-41.94934171844483, -21.85971995301264], [-41.94978751058443, -21.85664908838396], [-41.9523975392143, -21.8553878242879], [-41.95487157776034, -21.84776153736431], [-41.95406265017044, -21.84325038509644], [-41.95664869568003, -21.83758659244648], [-41.95553234743915, -21.83599455860121], [-41.95692677864719, -21.83557021978902], [-41.95676065497952, -21.83409971582847], [-41.95928678765438, -21.8347440611887], [-41.96109036542731, -21.83360329095831], [-41.9656764564026, -21.82735466918189], [-41.96742415390082, -21.81808828144824], [-41.96908563519315, -21.8159762901729], [-41.97025421066257, -21.81125570918283], [-41.97020330903473, -21.80361587667062], [-41.97229640375531, -21.80307767829146], [-41.97401084522357, -21.80405315312976], [-41.97350060766615, -21.80702085472791], [-41.97778707691134, -21.80947189131393], [-41.98356220023464, -21.81631415377439], [-41.98638337529178, -21.81763837401098], [-41.98797983020427, -21.82116899725065], [-41.99176223124124, -21.82297275758594], [-41.99301480518835, -21.82516013633045], [-41.99539167018867, -21.8253134626454], [-42.00188741307289, -21.83437045493179], [-42.00558996240613, -21.83756239978413], [-42.00138084564878, -21.83942078134322], [-42.00422629430733, -21.84325286182934], [-42.00449700373298, -21.8462057156205], [-42.00880223643333, -21.84664865331195], [-42.01192576715971, -21.84880019227427], [-42.01436949405615, -21.85260188197049], [-42.0187281815596, -21.85544788101413], [-42.01764177894421, -21.85858203723046], [-42.02417814060794, -21.86101924494142], [-42.02553895425859, -21.86383771213991], [-42.02209205430415, -21.86408926510671], [-42.02195629804396, -21.86741331317307], [-42.02296760367125, -21.86810664460518], [-42.02539847835635, -21.86717849209293], [-42.03037919724142, -21.87381743492591], [-42.03143401476723, -21.87750244478121], [-42.03347515385451, -21.87970797184465], [-42.03268346357027, -21.88120554539881], [-42.03458254844514, -21.88697401014167], [-42.04289686170006, -21.88993576092582], [-42.05402441439446, -21.90836243707605], [-42.0568163875655, -21.91008220702747], [-42.05782258144626, -21.91303892970205], [-42.06223794872164, -21.91854627089293], [-42.06393120755843, -21.91921332323551], [-42.06605985427814, -21.91754925279503], [-42.06812510778678, -21.91849879388343], [-42.06814884629148, -21.9163148478512], [-42.07083130092309, -21.91441576477496], [-42.07648107404162, -21.91481932115397], [-42.07669472058416, -21.91669466482614], [-42.07332384841612, -21.91913973530978], [-42.07510423896872, -21.92146611237041], [-42.07358497196816, -21.92205957588794], [-42.07349001794921, -21.92493194035598], [-42.07819024908002, -21.93210097867643], [-42.07555527055854, -21.93625522419848], [-42.08374506817961, -21.93651634775046], [-42.08379254518906, -21.93532942071539], [-42.08870350006572, -21.93223824489831], [-42.08882511628536, -21.92937104613611], [-42.09257580632766, -21.92839776744222], [-42.09388142588637, -21.92431473743443], [-42.09663509693144, -21.92419604401147], [-42.10074186544398, -21.92616634440049], [-42.09801193200434, -21.93186359362915], [-42.09483096697483, -21.93271818069871], [-42.09632795507036, -21.93606256963113], [-42.08915745625086, -21.93540063712891], [-42.09013073584407, -21.93919880418071], [-42.09395264140056, -21.94254593694467], [-42.09319300834994, -21.94465866836208], [-42.09079541487574, -21.94646279741937], [-42.08960848784074, -21.94591681001202], [-42.08887259329481, -21.94919272906043], [-42.08664117025307, -21.95147162911161], [-42.08457591764375, -21.95064078144611], [-42.08350768313232, -21.94855178943277], [-42.08186972360812, -21.94859926644222], [-42.08201215463652, -21.95275351016556], [-42.08851651482456, -21.96101452420015], [-42.09057419064567, -21.95938005314616], [-42.09224346636216, -21.9552223191539], [-42.1010029880967, -21.95564961313835], [-42.10200957857847, -21.9578357688049], [-42.1015955289098, -21.95956340602561], [-42.10048074009336, -21.95985133477052], [-42.10145402058583, -21.96300856129528], [-42.10021961744064, -21.96505007629924], [-42.10334322011278, -21.96859344473091], [-42.10262316622538, -21.96964476389394], [-42.09938876707719, -21.97003517038604], [-42.09656388141724, -21.97395202816278], [-42.09725229895372, -21.97675317711668], [-42.09986353807108, -21.98081246682113], [-42.10527592614233, -21.97983918812724], [-42.10914530870832, -21.9828777212291], [-42.1111156072987, -21.98380352381281], [-42.11235001134321, -21.98261659677775], [-42.11401170937216, -21.98430203421071], [-42.11472386541334, -21.98805272335375], [-42.11769118390026, -21.99120994897919], [-42.11671790340779, -21.99391614211549], [-42.11724015141112, -21.99662233615112], [-42.12158695976962, -22.00233511127561], [-42.12528751710448, -22.00291304979663], [-42.13006654323567, -22.00741223928264], [-42.13190129240996, -22.00755267021879], [-42.13334589319766, -22.010001515157], [-42.13228255459546, -22.01717453567551], [-42.13070126495069, -22.01967823386263], [-42.1317845810928, -22.02155091913886], [-42.13714379315081, -22.02517953700527], [-42.13753823669953, -22.02016428595226], [-42.13987375267084, -22.02011712820212], [-42.14329215940489, -22.02438913185216], [-42.14637035890422, -22.02521207627552], [-42.1490622672091, -22.02359024159557], [-42.1508758913086, -22.0180985620982], [-42.15570821396216, -22.01010797780015], [-42.16026372618927, -22.00917767410959], [-42.16721106004167, -22.00502985874022], [-42.17384393155146, -22.00395082696832], [-42.17536727158159, -22.00420471727313], [-42.1759385236432, -22.00556937462619], [-42.17790617013293, -22.00512506816659], [-42.17984208044692, -22.00633104374191], [-42.18337423882934, -22.01563065782784], [-42.1867837081009, -22.0180595531051], [-42.19487833586578, -22.01375028784474], [-42.20140418535414, -22.01621472792658], [-42.20509821900686, -22.01595151704811], [-42.20726194018567, -22.0138978998674], [-42.21206989211112, -22.01308092514381], [-42.21651058069801, -22.00901961736065], [-42.22047969717954, -22.00962047060744], [-42.22370739637853, -22.00796374223216], [-42.22438619566566, -22.00376567634413], [-42.22290888113923, -21.99874598264023], [-42.22117740471271, -21.99836474113914], [-42.21992248173643, -21.99404399333486], [-42.22236878788851, -21.99085108710722], [-42.226564375245, -21.98867544721332], [-42.23119271367204, -21.98231116902446], [-42.22911623302701, -21.98052049742222], [-42.22867293920405, -21.97696831473519], [-42.2298744982088, -21.97505515277231], [-42.23370082213449, -21.97307782957739], [-42.23704302301638, -21.97524180256636], [-42.24070894476125, -21.97492974680961], [-42.24098600340062, -21.97369902369024], [-42.24298512975918, -21.97286777312843], [-42.24030609884664, -21.97157660117841], [-42.23979305990105, -21.96986057510469], [-42.24239953171229, -21.96917652287743], [-42.24309537764884, -21.96699463539335], [-42.24226390135721, -21.96729538217539], [-42.24181572961152, -21.96570319184804], [-42.23917977262766, -21.9639223003731], [-42.24091938612003, -21.96335029108229], [-42.24414504295862, -21.95873884012462], [-42.24133217583852, -21.95639773216885], [-42.24154446800208, -21.9538089509216], [-42.24317203855799, -21.95271210987522], [-42.24236415058436, -21.9511965822557], [-42.24154446800208, -21.9522167632922], [-42.24015219516696, -21.95074642300824], [-42.23784115424513, -21.9513381103647], [-42.23803575494543, -21.9487611228268], [-42.23546466516143, -21.94405532039593], [-42.23611923131676, -21.94330050411418], [-42.23454473335204, -21.94271670111408], [-42.23379521317781, -21.93668650937411], [-42.23045811504926, -21.93405991163485], [-42.22796958302911, -21.93458474518906], [-42.22760396904721, -21.93120576473348], [-42.22515081905431, -21.9298199706144], [-42.22606485310973, -21.92458933642797], [-42.22256203780705, -21.92111010764455], [-42.22144750529742, -21.91825006478791], [-42.21785033762222, -21.91674043402304], [-42.20978324709841, -21.9190225716336], [-42.21208307527297, -21.91707066507837], [-42.21237792520037, -21.91508927514917], [-42.21425316994709, -21.91424600514824], [-42.21253124701872, -21.91255946424712], [-42.2134688693921, -21.90938687999972], [-42.21838106713182, -21.9080954382531], [-42.22108778817017, -21.90919817615412], [-42.22151237339659, -21.90787135238025], [-42.21848721321356, -21.90609635596127], [-42.21650015395818, -21.90243172744147], [-42.21704347307707, -21.90021908224406], [-42.2141536473722, -21.89884897410008], [-42.21315362643799, -21.89674656600045], [-42.21290165168915, -21.89568355115421], [-42.21587021933442, -21.89312444213851], [-42.2147442105761, -21.89108502795091], [-42.21151579641617, -21.89162047260595], [-42.21150004838779, -21.88906923715479], [-42.20960236915329, -21.88691171140556], [-42.21144492804024, -21.8865180008043], [-42.2101614363005, -21.88558884824596], [-42.21311425501813, -21.88517938961638], [-42.21051577458257, -21.88176986818411], [-42.21095672836958, -21.87999817677365], [-42.2085314798432, -21.87941548713422], [-42.20675978843275, -21.87697449057953], [-42.20467313016007, -21.87953359959516], [-42.20101163487834, -21.8788957923062], [-42.20059430268418, -21.88066748281733], [-42.19908625292749, -21.88144527138138], [-42.1898900653735, -21.87492640872603], [-42.19205559778686, -21.87441284367702], [-42.18851199912871, -21.87395919506002], [-42.18810970629715, -21.8729149463669], [-42.18555899964736, -21.87353122388612], [-42.1860212080116, -21.87503768094342], [-42.18399262615804, -21.87474666212796], [-42.18356465498408, -21.87602201410391], [-42.18284456422452, -21.86980492885363], [-42.17978995124452, -21.86719725464883], [-42.17552292624134, -21.86554603102371], [-42.17359149634973, -21.86745945019271], [-42.17174742030647, -21.86695221457228], [-42.17063981077791, -21.8660661260501], [-42.17094801563769, -21.86480441409168], [-42.16800982709111, -21.86388451735581], [-42.16744218940477, -21.86196315357591], [-42.16883874031487, -21.8596901449834], [-42.16710648777348, -21.85921557723634], [-42.20635411684827, -21.78364576244121], [-42.2377906303326, -21.6977738502822], [-42.24606297222766, -21.70657026940165], [-42.24953800117709, -21.70672345991898], [-42.25989003159896, -21.71291867005982], [-42.26660050740674, -21.71446303174275], [-42.26871536302286, -21.71281260671566], [-42.27194962367548, -21.71443956843058], [-42.26669026424355, -21.70827088019621], [-42.26788467903395, -21.70719934607217], [-42.26930632012983, -21.70788644790048], [-42.26851482140114, -21.70626138825168], [-42.27262793373143, -21.70381762718097], [-42.27138639716378, -21.69971143783181], [-42.26773230510105, -21.6986860650091], [-42.26719653938807, -21.69500942784202], [-42.26488615587067, -21.69385357328298], [-42.26654772079996, -21.69276314080554], [-42.26583874386222, -21.69150226161929], [-42.26711297888016, -21.6895632882144], [-42.27139419608454, -21.68546885210509], [-42.26999333832117, -21.682327980651], [-42.27046029240785, -21.68132526175066], [-42.27214190232621, -21.68134437863938], [-42.27370929744541, -21.67739794575783], [-42.27642745156493, -21.67673438188547], [-42.2807662271789, -21.68039441037297], [-42.28331775041312, -21.68094263439428], [-42.28227173185422, -21.67922151815776], [-42.28439254278089, -21.67826713332079], [-42.28445903595502, -21.67681794239337], [-42.28609091156557, -21.67737336908493], [-42.28706797640524, -21.67272047287076], [-42.28314173780024, -21.67281198068758], [-42.28252241157929, -21.67038874304529], [-42.28506853168665, -21.66828991514672], [-42.28830770713427, -21.66744448407491], [-42.3012923445653, -21.65491192774249], [-42.30768464472982, -21.65996730384722], [-42.30773995573361, -21.65737957031013], [-42.31085815977553, -21.66007525756629], [-42.31637739270178, -21.65644884933414], [-42.3164598389497, -21.6546456438806], [-42.31758808791921, -21.65782034693069], [-42.32067352426299, -21.66093176109115], [-42.32454813818532, -21.65600169112435], [-42.32935037581848, -21.65843967405095], [-42.3309959229228, -21.66062109838418], [-42.33416396739244, -21.66162464016423], [-42.33484775342038, -21.66082770863107], [-42.33356872861322, -21.66027674617413], [-42.33499041287649, -21.65971102314444], [-42.34008282306309, -21.6619637250451], [-42.34014227814288, -21.65928823656208], [-42.34320076270433, -21.65966674862079], [-42.34350150229176, -21.65813216076981], [-42.34234971986297, -21.65664136630522], [-42.34642877127004, -21.65221603634023], [-42.34490530803282, -21.65059124738735], [-42.34527274494047, -21.64881542898809], [-42.34706904719803, -21.64750496028489], [-42.34639499363334, -21.64447395810589], [-42.34797716641236, -21.64179186320314], [-42.35559511841927, -21.64778215382256], [-42.36063123644169, -21.64635670859445], [-42.36510353709781, -21.64644835041025], [-42.36955283309607, -21.6400841738448], [-42.36977744237436, -21.63890828059192], [-42.36462464990694, -21.63215680109471], [-42.3587980314033, -21.63132442727971], [-42.35919439860186, -21.62687188472893], [-42.35603134357092, -21.62614097872239], [-42.35542889672547, -21.62503537827934], [-42.36003998525638, -21.62117738922439], [-42.36525883922332, -21.62434833760494], [-42.36597230287873, -21.62042428794973], [-42.36907077309695, -21.61944564569922], [-42.36366675861331, -21.61330286513436], [-42.36318450975659, -21.60608895514036], [-42.36151976122727, -21.60233666520418], [-42.35418694107375, -21.59534736358916], [-42.35181989217352, -21.59001686508549], [-42.34620768373691, -21.5829649742534], [-42.32472334140834, -21.56943342221388], [-42.32788127390091, -21.56548759097876], [-42.32752219709101, -21.56280110558578], [-42.33087385704215, -21.56132572010512], [-42.33038500266503, -21.55983273219408], [-42.32733956996447, -21.55750076314894], [-42.32183461197701, -21.55808024580591], [-42.3148341389836, -21.55588886327962], [-42.30936425095871, -21.55147595924734], [-42.30851866430419, -21.54907132228294], [-42.30965707291483, -21.54658457811502], [-42.30690950197123, -21.54570951078449], [-42.30619660488867, -21.54288136418285], [-42.30247734525256, -21.53890446496831], [-42.30625605996846, -21.52907452336979], [-42.30322565134202, -21.52846593235614], [-42.29713958022671, -21.52352536100585], [-42.28904044775771, -21.52785899159841], [-42.2855524029203, -21.52811002475704], [-42.28299582639556, -21.52509762415525], [-42.28276460979816, -21.52309596170846], [-42.28381379756797, -21.52217281931939], [-42.28080919139035, -21.5168696700984], [-42.27969935873767, -21.51696215727696], [-42.28042364663327, -21.51529100377604], [-42.27895947120192, -21.51192827406982], [-42.27724848043232, -21.51116196175434], [-42.27381328425491, -21.50388529437004], [-42.27174556120792, -21.50258058042868], [-42.2689082217363, -21.50311237473551], [-42.26819145577031, -21.50132871514734], [-42.26694289369885, -21.50238239503074], [-42.26527153964912, -21.49799261256823], [-42.26297782326719, -21.49820773399892], [-42.259694342719, -21.49627264116867], [-42.25456673756418, -21.48696800886574], [-42.25553595312101, -21.4836019049032], [-42.27120196509787, -21.4750175081507], [-42.27095493212369, -21.47188842231208], [-42.2680296992105, -21.46886477838603], [-42.27093434574272, -21.46604197285797], [-42.27713075827717, -21.46649486694378], [-42.29207625771238, -21.45922797788808], [-42.28744438764761, -21.45064358113558], [-42.28710028904635, -21.44762705624288], [-42.28382731617694, -21.44580873678302], [-42.28586383274893, -21.44151750562759], [-42.28226356241277, -21.43678987934868], [-42.27904513882135, -21.43508975059075], [-42.28040265735603, -21.4324018802418], [-42.27866329207654, -21.43144402312237], [-42.27795414786488, -21.42949842171402], [-42.27531758743595, -21.42829833220151], [-42.27611764591188, -21.42373435285731], [-42.27546305187764, -21.4179521006082], [-42.27817353028348, -21.41400445993708], [-42.2779161623003, -21.40910904714406], [-42.27588126540735, -21.40731493923226], [-42.27526303635932, -21.4041692483114], [-42.26748063432308, -21.3996416348528], [-42.26506338796423, -21.40174723014979], [-42.2652022783617, -21.40387687781487], [-42.26085038973298, -21.4067588470424], [-42.2609429830315, -21.40947877822225], [-42.25504015507835, -21.40975655811786], [-42.25147530993689, -21.40681671841605], [-42.24145207705101, -21.40571717220894], [-42.23747056161642, -21.40215232616816], [-42.23630156976088, -21.39511522918372], [-42.23722750364567, -21.39281197009558], [-42.24479701277119, -21.39061287588277], [-42.24884797295488, -21.39085593385352], [-42.25064196935068, -21.38987213039371], [-42.25192670305415, -21.38718692113872], [-42.25134799381414, -21.38568227891324], [-42.24888531730284, -21.38500489695764], [-42.24068591762028, -21.37751099113854], [-42.24256951167291, -21.37440740197923], [-42.24238116755612, -21.3728629800417], [-42.23701963884452, -21.36969879995888], [-42.23228541783703, -21.36902114640799], [-42.22997557031556, -21.3664843936391], [-42.2309003557661, -21.36290511078147], [-42.22972444542609, -21.35980445611], [-42.23227336782094, -21.35690395815038], [-42.23233444437835, -21.35419802042151], [-42.23021413887068, -21.35334425443301], [-42.22931636455786, -21.35149220410113], [-42.23518014484705, -21.34874238035582], [-42.23678107028945, -21.3451889539063], [-42.23296396261605, -21.34091982089222], [-42.22418565764127, -21.33780294964561], [-42.22674860766136, -21.33469818777036], [-42.22899618072842, -21.3283447131372], [-42.23693802357019, -21.32448993825926], [-42.23792369132457, -21.31944231610925], [-42.23773921968848, -21.31796264895632], [-42.23460255706163, -21.31576960628155], [-42.23344737969211, -21.31178298899295], [-42.23028319870991, -21.31037668583463], [-42.22925358378512, -21.30819189533895], [-42.22957690804714, -21.29705762021223], [-42.2276840500781, -21.29174317730502], [-42.22858810165883, -21.28204973300802], [-42.21963547839385, -21.27219305906164], [-42.21195104040743, -21.27201727217857], [-42.20981647255144, -21.26958135409546], [-42.208751929757, -21.26595120468357], [-42.19972122915067, -21.25637215415082], [-42.1929659554138, -21.25340887361983], [-42.18967621018822, -21.25049581932581], [-42.19498781033843, -21.23911536378222], [-42.19447270744877, -21.2374624071636], [-42.18909862240275, -21.23329372392544], [-42.18804389480914, -21.2303806687321], [-42.19145920158013, -21.22360028142708], [-42.19442248211112, -21.22292224206706], [-42.19683310676174, -21.22586877722154], [-42.19855223189927, -21.22582555580397], [-42.20288541013286, -21.22043610134421], [-42.20082618118261, -21.21602884775234], [-42.20315166341777, -21.21327966522358], [-42.20127038242146, -21.20625198414098], [-42.196305923279, -21.20403760684928], [-42.19438481310789, -21.20172725300955], [-42.19988446059864, -21.1937540202311], [-42.20267195334725, -21.19197102793981], [-42.20347555515201, -21.18784001460421], [-42.20594914043977, -21.18714941890977], [-42.20802572270821, -21.17821457973827], [-42.20429421160787, -21.17497089778794], [-42.20031137416987, -21.17329985040698], [-42.1999786331067, -21.1679006526922], [-42.19393906503507, -21.16422166379795], [-42.195916678711, -21.15783052106093], [-42.1927901667321, -21.15598474889629], [-42.19152198235287, -21.14710746363778], [-42.18177831541618, -21.14339080663962], [-42.17983209257631, -21.14069120913121], [-42.17775054694943, -21.13366609111642], [-42.17213641036631, -21.13092968705462], [-42.17059895098009, -21.12863427724932], [-42.17276967517961, -21.12412168966347], [-42.17014491025867, -21.12211451617122], [-42.17087339888752, -21.11948572228749], [-42.16887645608284, -21.11684319665545], [-42.17061165929988, -21.11460178484373], [-42.16397822121718, -21.10104997917244], [-42.16049543111853, -21.10018467128475], [-42.15125401396085, -21.10408967239971], [-42.14864230899462, -21.10312283914692], [-42.14016682463853, -21.10346185837727], [-42.13529499027084, -21.09100603400049], [-42.13135232105202, -21.08707592111608], [-42.13147788439613, -21.08501669216582], [-42.13376312556704, -21.081852512083], [-42.1332608739894, -21.0806973338141], [-42.13117653326964, -21.0792910315551], [-42.12005167494414, -21.07720668993602], [-42.11841935956505, -21.07359048271383], [-42.12012933140278, -21.07045515018427], [-42.12012701205123, -21.06794016010952], [-42.11623456727074, -21.06475086735787], [-42.1142004509893, -21.06470064112091], [-42.11090587280705, -21.05900562221092], [-42.10463257093568, -21.05508253572964], [-42.10423077003327, -21.05169234342611], [-42.10145583361907, -21.04870395022635], [-42.10355273157256, -21.0453890941306], [-42.10018765013922, -21.0428276136027], [-42.09851211963786, -21.03974039300397], [-42.1010163646128, -21.03416378512981], [-42.09522792233003, -21.03687593987195], [-42.09328170038941, -21.03948764483818], [-42.09265388636703, -21.03528129439542], [-42.08933903027128, -21.03490460616189], [-42.08212387111899, -21.03638435785103], [-42.07987159999362, -21.03509295027868], [-42.08002227510718, -21.03020855867726], [-42.08425373911803, -21.02896548786617], [-42.08476070404254, -21.02297978738648], [-42.09394718341503, -21.02026399128937], [-42.09908994844164, -21.01738374696157], [-42.10198319786554, -21.01404863543542], [-42.10765459518268, -21.01440518604971], [-42.11397443876859, -21.01214008159872], [-42.1157328912592, -21.00991307063094], [-42.11559548744106, -21.00395005914714], [-42.11702561274109, -21.00159281195795], [-42.12003911860972, -21.00011117169242], [-42.12312796158545, -21.00051297169551], [-42.12646793034997, -21.00380271602177], [-42.1269450692588, -21.00083943639009], [-42.128878734865, -20.99890576898525], [-42.14131460418491, -20.99263078987826], [-42.1396605198164, -20.99010418685793], [-42.13987252959282, -20.98815706109872], [-42.14466924988523, -20.9858092091269], [-42.15011528609085, -20.980700040074], [-42.15135046984756, -20.97648918762513], [-42.15090131244489, -20.97401882011167], [-42.14594809662663, -20.96623469407507], [-42.13798802992289, -20.96003878875831], [-42.12588884609266, -20.95594022476081], [-42.12103232897806, -20.96045987382337], [-42.11524942472045, -20.95900011226462], [-42.11426689200272, -20.95024153841547], [-42.11112278838522, -20.95018539284081], [-42.10604169256931, -20.9447955022099], [-42.1012413201301, -20.94350417287848], [-42.09791940255764, -20.93766869964998], [-42.09374600237538, -20.93561584239643], [-42.08961832822251, -20.93886611727669], [-42.08702267435621, -20.93957404380632], [-42.07401113820271, -20.93645801342581], [-42.06884582537378, -20.93881608978995], [-42.06581401110697, -20.93898452381592], [-42.05705863794503, -20.93696816464831], [-42.05196797334258, -20.93433388400075], [-42.04773541665543, -20.93471752669171], [-42.03760570673722, -20.92697457341706], [-42.02791521941111, -20.92789635063531], [-42.02301088534335, -20.92511919919093], [-42.01719659204838, -20.92905448317708], [-42.00830970472833, -20.92897175813937], [-42.00389164038614, -20.93188126190995], [-42.00214088159566, -20.93095712666928], [-41.99987188937547, -20.9266791299371], [-41.99862775826369, -20.92646487994949], [-41.993253995175, -20.93046078543614], [-41.98941545665724, -20.9296718803522], [-41.98647065269773, -20.93254069519617], [-41.97610360359772, -20.93578230600787], [-41.97769012459884, -20.92930265289436], [-41.97717014738367, -20.92618278870395], [-41.97977003435886, -20.92287384115406], [-41.97770453893258, -20.92029348655439], [-41.97465298364756, -20.92012032389306], [-41.97292760372522, -20.91652775265288], [-41.96955956801889, -20.91801677905033], [-41.96664060427975, -20.91694137064695], [-41.96451342255568, -20.9110207190302], [-41.96499794939513, -20.90856264434979], [-41.96367436857651, -20.90653000475515], [-41.96405903469594, -20.90280320969958], [-41.96584881956665, -20.89979393424187], [-41.96745615087991, -20.89948427427908], [-41.96726117875966, -20.89856258699302], [-41.96476199157195, -20.89700281093019], [-41.96384030518522, -20.89251845396268], [-41.95981679141107, -20.89016106468063], [-41.960423660223, -20.88330874779967], [-41.95303333471986, -20.87845000486305], [-41.94970676135722, -20.87296185970126], [-41.95001555707159, -20.87082836113916], [-41.95432772984014, -20.86525755928812], [-41.95031031616742, -20.86178906391336], [-41.95000151955372, -20.85822387523086], [-41.93793040896048, -20.85648338939615], [-41.93597938104284, -20.85523416902089], [-41.93183125360872, -20.8500965562103], [-41.92996487887535, -20.84392802895462], [-41.92665834420649, -20.83877970162115], [-41.92955081211954, -20.83218676810407], [-41.93297563911369, -20.83103580225969], [-41.93557233169702, -20.8276951922785], [-41.93242822807952, -20.82570205540475], [-41.93277892680527, -20.82244565344337], [-41.93080003159542, -20.81676101001182], [-41.93072985030159, -20.81302387814867], [-41.92883496705934, -20.8115781523091], [-41.92990171589076, -20.80875688012515], [-41.92602981971964, -20.80199709179158], [-41.92856126109257, -20.79413469416005], [-41.92295380917022, -20.79250298942065], [-41.91939688435798, -20.79364436759272], [-41.91603397388803, -20.79251702513983], [-41.90626080738963, -20.79723202223926], [-41.901941653184, -20.79661558913733], [-41.89933092398223, -20.79408907604926], [-41.8990782729432, -20.79147834684744], [-41.89659386971056, -20.78844653437926], [-41.89402524856564, -20.78878340243131], [-41.89013722755027, -20.78549893712545], [-41.88560354366786, -20.78599020258503], [-41.88467715742416, -20.7833935100017], [-41.88026979681291, -20.78058627533557], [-41.87889425136785, -20.77873350015011], [-41.87958202409038, -20.77320324603221], [-41.87333345987054, -20.77087128867828], [-41.87468953679195, -20.76592411810282], [-41.87066835495989, -20.76613045855305], [-41.86804258639552, -20.76391868300004], [-41.86397369013298, -20.76533149455207], [-41.860526431349, -20.76319532410417], [-41.85742955023284, -20.76690254001943], [-41.85669488865744, -20.76346658391492], [-41.85281813524801, -20.76337616517708], [-41.84991339608564, -20.7711974853749], [-41.84778852921653, -20.77324323618564], [-41.84813890598497, -20.77436218166855], [-41.84517765432457, -20.77468995307811], [-41.84568626590772, -20.77609146195061], [-41.84253287229348, -20.77914313414755], [-41.84031758488788, -20.77769641455711], [-41.83867872424298, -20.7804090117657], [-41.83663297433156, -20.78064636533674], [-41.83673469664819, -20.78210438490868], [-41.83570616990306, -20.78026207963052], [-41.8344855012042, -20.78100804388532], [-41.83474545833548, -20.78200266259205], [-41.83239454057485, -20.78186703313628], [-41.8283934612885, -20.78684012666974], [-41.82433586860469, -20.78828684626018], [-41.82615556942324, -20.78919104532969], [-41.82877774519608, -20.79433367725665], [-41.8278509416669, -20.79710278516461], [-41.82265179724192, -20.79717060124148], [-41.81675189928001, -20.80129600910277], [-41.81375673958115, -20.80051613680951], [-41.81290905390898, -20.79905811633824], [-41.8057432774296, -20.7975096753305], [-41.80741604521359, -20.79982668505272], [-41.8126603985578, -20.80299138224569], [-41.81386976457725, -20.80544402142368], [-41.81157536021396, -20.80327394293732], [-41.80356189716309, -20.80568137409534], [-41.79912001967244, -20.80530839106859], [-41.79722120189621, -20.80148815015724], [-41.79532238411997, -20.80122819302591], [-41.79502851895023, -20.79868513421081], [-41.79397738774549, -20.79804089227258], [-41.78991979506173, -20.79998491986737], [-41.78510493544366, -20.79996231540775], [-41.78163507220006, -20.79760009496761], [-41.7762889956399, -20.79892248598316], [-41.7725647429678, -20.80124656707466], [-41.76669318444215, -20.80198545996024], [-41.76452475081584, -20.80564384898366], [-41.76345898134616, -20.80454358511759], [-41.76211359826323, -20.80550981492524], [-41.76354241235174, -20.80695466662377], [-41.76115319156582, -20.80611797516366], [-41.76096416126632, -20.80440740527678], [-41.75985890706215, -20.80545505430655], [-41.76007891720752, -20.80735514012684], [-41.75892886507432, -20.8067951143023], [-41.75557214463805, -20.80867453460132], [-41.75595330430082, -20.80713130336619], [-41.75505463516254, -20.80680592235467], [-41.75479367888443, -20.81085529703353], [-41.75312760295577, -20.81353676061224], [-41.75392017457568, -20.81494820159747], [-41.75167853883278, -20.81426045135794], [-41.75154853283777, -20.81646555034411], [-41.74982181742217, -20.81669159224242], [-41.74919342603505, -20.8141804467694], [-41.74578229481631, -20.81276819099844], [-41.73980584476317, -20.81749361213969], [-41.74259279072396, -20.82560672007327], [-41.73817703044489, -20.82684226625679], [-41.74071315099042, -20.82962921221758], [-41.73756699871728, -20.83226132729766], [-41.73626023072433, -20.83590293497167], [-41.73807484227939, -20.83893451181751], [-41.74171645085278, -20.84174003687241], [-41.73962004842576, -20.84486141731975], [-41.7403353646846, -20.84726747881029], [-41.74348461332352, -20.84765765237796], [-41.74414728686708, -20.85063039287758], [-41.74584113026322, -20.85242642533848], [-41.74384691600164, -20.85462501503162], [-41.73895193758113, -20.8652034039132], [-41.73897759883636, -20.86639664598766], [-41.74209542426371, -20.8669355287509], [-41.7401451796556, -20.8676797015562], [-41.74297218142033, -20.86981658696516], [-41.74145389558009, -20.86971975965838], [-41.74141846305586, -20.87257582086303], [-41.74023468378289, -20.87309608441598], [-41.73702158058074, -20.87001473998748], [-41.73299996167816, -20.86924515234114], [-41.73046661194383, -20.87098196444532], [-41.72843334282379, -20.86988597595627], [-41.72732238242128, -20.86374424759816], [-41.72535499403699, -20.86570564829623], [-41.7203916032891, -20.86429523703481], [-41.71867874642629, -20.86793355858606], [-41.71256696279437, -20.86797847702434], [-41.71173748569566, -20.86898762517797], [-41.71148946796382, -20.87211481614509], [-41.7156483090215, -20.87181443718578], [-41.71664783083202, -20.87443860225892], [-41.71918287129176, -20.87524577886882], [-41.71722940711072, -20.87795316990207], [-41.72150442798625, -20.88091799456902], [-41.71988442792326, -20.88391532163399], [-41.72175365890348, -20.88552876384063], [-41.72350483318075, -20.88438754934515], [-41.72313426483373, -20.88758491800877], [-41.72462637140916, -20.88936232640947], [-41.72456406278053, -20.89109382441967], [-41.72629228186258, -20.89237932974152], [-41.72561017576828, -20.89512742768784], [-41.71969422580713, -20.89680645475329], [-41.71843495370939, -20.89913479593332], [-41.7228093083022, -20.92153849990109], [-41.72231925512881, -20.92324264772924], [-41.72556098555032, -20.92112121177371], [-41.72639066229851, -20.9229379727085], [-41.73307070324961, -20.92699453207121], [-41.73722892107713, -20.92763400580395], [-41.73738305138596, -20.93083137266893], [-41.73354620898959, -20.9397807259989], [-41.73384135029733, -20.9431256644171], [-41.73090305113419, -20.94696250681346], [-41.72568888083646, -20.95068785036324], [-41.71735688331279, -20.95303473826181], [-41.71797308708756, -20.9650253991021], [-41.71639239099534, -20.97425654060606], [-41.71486825596452, -20.97754593599535], [-41.71157886057523, -20.98058229993239], [-41.70996542106661, -20.99102352241687], [-41.71105493983288, -20.99188680233328], [-41.71584167765059, -20.99146409309265], [-41.71741939698683, -20.99381578696824], [-41.71742373711504, -20.99928862027281], [-41.72055094606856, -20.99970808206155], [-41.7213728176007, -21.00200318699672], [-41.72182715060177, -21.01087766816909], [-41.71449667857814, -21.01539820486249], [-41.71575564220836, -21.01774601096884], [-41.71545473894429, -21.02246361969952], [-41.71731203771964, -21.02219038587685], [-41.71760256460595, -21.02422407677892], [-41.71961896334375, -21.02352888644816], [-41.72096783939355, -21.02611596168151], [-41.722742130744, -21.02442467775592], [-41.72515281474989, -21.0330678640899], [-41.72147972091165, -21.04015119522069], [-41.72173676334023, -21.04313913875944], [-41.71917625497946, -21.04496391804958], [-41.71740294029274, -21.0446986414284], [-41.71735672683076, -21.04639686272424], [-41.7161402588651, -21.04704087533537], [-41.71898370383411, -21.05396306594196], [-41.72318673308052, -21.05562770565331], [-41.7243467083332, -21.05528875207347], [-41.72487020279686, -21.05305542336833], [-41.72675704699941, -21.05254699164959], [-41.72787559408266, -21.04924030859257], [-41.7292992001972, -21.04961692488041], [-41.73271886778076, -21.06604300428046], [-41.73186771792012, -21.0669506477534], [-41.72934062836657, -21.06625014332866], [-41.72688132880955, -21.06719168135021], [-41.72606030803604, -21.06586976068013], [-41.7251526645631, -21.06710882591079], [-41.72311140856391, -21.06710129408867], [-41.72178195787035, -21.06823114025417], [-41.72151455974841, -21.07328908482265], [-41.72547090495755, -21.08195500511863], [-41.73122182212865, -21.08730294327546], [-41.73200141473279, -21.09250023599634], [-41.73448707791556, -21.09551315910426], [-41.73357432269609, -21.09814248178935], [-41.7362306187473, -21.10142006908012], [-41.73578790408777, -21.1026775317419], [-41.73123271112001, -21.10457656175817], [-41.72870485084746, -21.10715257173302], [-41.72623717680352, -21.10681552381658], [-41.72323985603379, -21.10362560423749], [-41.71915916696128, -21.10691182322131], [-41.71624934123338, -21.10482259198824], [-41.71451271798679, -21.10628587709078], [-41.70730229556375, -21.10695997292362], [-41.70513555805883, -21.10946375924431], [-41.70590411688073, -21.1121301897557], [-41.71050425256846, -21.11110085002343], [-41.71338119908233, -21.11412224474503], [-41.71830450884528, -21.11640935740513], [-41.71794338607765, -21.11881684342183], [-41.72050735862695, -21.1223558492423], [-41.71701650430748, -21.1252689071336], [-41.71224220321437, -21.12510167370249], [-41.71157558434498, -21.12644857574043], [-41.70489480864779, -21.12778473087985], [-41.70410033855904, -21.12666524940096], [-41.70555686795439, -21.12488370861547], [-41.70485869727031, -21.12401701487255], [-41.70567786723905, -21.12081269265087], [-41.700296510275, -21.11915389223753], [-41.69410926992612, -21.11536209958047], [-41.69084712579348, -21.11722790234506], [-41.68837945174954, -21.12216324863425], [-41.68211998684717, -21.12091135727252], [-41.67761318100276, -21.12407824071744], [-41.67677536808804, -21.12701433474297], [-41.67906940282995, -21.13042099003587], [-41.67835188503074, -21.13349278636224], [-41.67539857078668, -21.13350304043217], [-41.67262245266335, -21.128013441966], [-41.66310441663478, -21.12469141197829], [-41.66183691394167, -21.12696618504066], [-41.66531573083557, -21.13197375768198], [-41.65728818440147, -21.13624730726661], [-41.65477094062567, -21.13547665032638], [-41.65264031629681, -21.13734245219166], [-41.65438574390623, -21.14062867117548], [-41.65403665676558, -21.14215742512431], [-41.64626047713858, -21.14284355838271], [-41.64497247080214, -21.14484177282878], [-41.6415033018352, -21.14488611300294], [-41.63934808284699, -21.14618323486764], [-41.63185166971806, -21.14425193807568], [-41.62798897810814, -21.1446686866098], [-41.62193282563868, -21.14694832320578], [-41.62147540256706, -21.14913913466256], [-41.61492704034987, -21.15193182009665], [-41.6125408601718, -21.15699080068413], [-41.59233229879584, -21.15036300944456], [-41.58669926206056, -21.14946414605271], [-41.5860973898819, -21.15967188924549], [-41.58384639039787, -21.16475168464177], [-41.57818879587552, -21.16973518243196], [-41.57414421997902, -21.16896478629508], [-41.57218211780975, -21.16971110668146], [-41.56976259436749, -21.17241953013644], [-41.57006353000719, -21.17929290374371], [-41.56457446124165, -21.18373471558385], [-41.56314200579817, -21.18239856134375], [-41.5616614015517, -21.17723450306909], [-41.55603992200406, -21.17238341785969], [-41.55418711983896, -21.17375038826901], [-41.55439079379937, -21.17576593624818], [-41.55148977243431, -21.17611502069087], [-41.5502860289763, -21.18047257235054], [-41.54823966482792, -21.18328933083717], [-41.54555531802276, -21.1835421167745], [-41.54125795528967, -21.18143556639751], [-41.53038815279029, -21.18001514927892], [-41.52092673178254, -21.18700889804143], [-41.51835546393278, -21.18640775521294], [-41.51702660319444, -21.18770706872544], [-41.5163284316111, -21.18545606924141], [-41.51476356628484, -21.18444492369349], [-41.51493209024301, -21.17895585582733], [-41.51150142215215, -21.17582612337611], [-41.50556696684129, -21.17611502069087], [-41.50309929369672, -21.17745117672962], [-41.50232889755983, -21.18263930985546], [-41.49946399027021, -21.18336155539072], [-41.49821209710984, -21.18511902132502], [-41.49656296890515, -21.18495049556816], [-41.49490180327484, -21.18212169965597], [-41.4930600762608, -21.18301247004865], [-41.48964144469619, -21.18055683432965], [-41.48647560086755, -21.17988273669818], [-41.48203378812809, -21.18427639973527], [-41.47865126884022, -21.1828198712393], [-41.48043280872639, -21.1894404589093], [-41.47796513468251, -21.19509805163301], [-41.47215105632546, -21.19970838923001], [-41.47108891231462, -21.211888629558228], [-41.47183208658078, -21.20252167273622], [-41.47038351438692, -21.20249898913625], [-41.46030702634744, -21.20876096314714], [-41.4572568865953, -21.20817298369548], [-41.45364816622913, -21.2090623016831], [-41.45018644185006, -21.21328105017955], [-41.44612203770112, -21.21547127078173], [-41.44030839731397, -21.21392782730663], [-41.43873555410181, -21.21553006935642], [-41.43544287258976, -21.21579465889562], [-41.41673779691104, -21.20021322096261], [-41.41246707389558, -21.20174550924708], [-41.41029120557397, -21.19850249639234], [-41.4060919202052, -21.20243846116529], [-41.40390219333085, -21.19858565130596], [-41.40259944440811, -21.19828075235404], [-41.39846945360165, -21.20062292780511], [-41.39469979775674, -21.20071994127147], [-41.39248235287755, -21.20250775572759], [-41.38796430910486, -21.19889054935857], [-41.38483216916853, -21.20095554386251], [-41.38124267990503, -21.19997155424306], [-41.38028640739105, -21.19582770308523], [-41.37659990556045, -21.19578612562844], [-41.3753248746425, -21.20153762376157], [-41.372303605826, -21.20353332370314], [-41.36989213491336, -21.2042124161693], [-41.36775784404853, -21.20256319173711], [-41.36511076964558, -21.20339473367926], [-41.362876571296, -21.2026807106455], [-41.3605887868423, -21.20509018506323], [-41.35729427700852, -21.20364419572229], [-41.35547777957515, -21.20445739509194], [-41.35455293117212, -21.20680602317867], [-41.34944192480424, -21.20549176473236], [-41.34280978444326, -21.2088869329848], [-41.33828289314027, -21.20681819190526], [-41.33678609839899, -21.20719543412122], [-41.3312248365562, -21.21163714163998], [-41.33281898380829, -21.21531219869826], [-41.32573658797241, -21.21854916990748], [-41.32394773569871, -21.21815975986425], [-41.32307156310139, -21.21666296512296], [-41.3255175463969, -21.21310959802872], [-41.31613519738073, -21.21353551515114], [-41.31688967911464, -21.22199301486495], [-41.31186385563171, -21.2193766657997], [-41.30986812871043, -21.21948618793647], [-41.30838350359505, -21.22285701873562], [-41.30340635591784, -21.2285886481468], [-41.29715145777283, -21.23101029219043], [-41.29724881028363, -21.23506258966603], [-41.29504620961416, -21.23484354719119], [-41.29169971716749, -21.23245841022668], [-41.29022725987943, -21.23410123418381], [-41.28660088042557, -21.23440546044287], [-41.28597715382188, -21.23782360187693], [-41.28455647679925, -21.23833606795438], [-41.28348559918032, -21.23728952778868], [-41.28431309507255, -21.23474619378106], [-41.28308402041046, -21.23458799583858], [-41.28082057340998, -21.23812919420618], [-41.27666653023545, -21.24021914939345], [-41.27538100243061, -21.23923657800492], [-41.275490523668, -21.23554935311938], [-41.27407891271093, -21.23551284514093], [-41.27284983714952, -21.23742338827799], [-41.27135304240824, -21.23724085198296], [-41.27065940520663, -21.23540332300416], [-41.27366516431516, -21.23389436043561], [-41.26916260956602, -21.23262877689575], [-41.26708170065922, -21.23393086661542], [-41.26457487373068, -21.2331155403491], [-41.26077812580911, -21.23677842778142], [-41.25998713699602, -21.23567104308341], [-41.26066860457172, -21.23267745270152], [-41.25729777377251, -21.23020713285212], [-41.25861203221876, -21.2280288714345], [-41.25644593862842, -21.22524215480081], [-41.25084816970656, -21.22221205913843], [-41.24131979237376, -21.22035019090782], [-41.23647650518581, -21.22261363700898], [-41.23440776410627, -21.2258871161967], [-41.22997822531408, -21.22559505776491], [-41.22857878308366, -21.22751776962861], [-41.22956399038509, -21.2292302011121], [-41.2274713983856, -21.23147271639198], [-41.22626666117674, -21.23133885590272], [-41.22603544817667, -21.22829658971506], [-41.22357729795323, -21.22762729176532], [-41.22209267193853, -21.23285998899649], [-41.21480340235439, -21.23728952778868], [-41.21178547541859, -21.23574405814099], [-41.21076377632647, -21.23836221574288], [-41.2058469713599, -21.24096458574627], [-41.20536020880587, -21.24432324691952], [-41.2043015008129, -21.24383648526481], [-41.20365654031633, -21.2404048081346], [-41.19921483189825, -21.24434758617139], [-41.19792491090516, -21.2420963078975], [-41.19369007713459, -21.24405552773965], [-41.19405514882533, -21.24156087043707], [-41.19306945499062, -21.24131748781105], [-41.19216894404082, -21.24388516107052], [-41.19269221367398, -21.24685441309992], [-41.19055045843618, -21.24874061698512], [-41.1878976022918, -21.24332538435823], [-41.1824945383915, -21.24451795194113], [-41.1833950493413, -21.24221799876085], [-41.18615742672313, -21.24201112501265], [-41.18227549501734, -21.23867680219189], [-41.18290828678727, -21.23606045312664], [-41.18156968908914, -21.23671758324912], [-41.18066854141932, -21.23989509937854], [-41.17833271877919, -21.2384090821127], [-41.17756606741932, -21.23899319717754], [-41.17793113911006, -21.24129315125714], [-41.18088822241282, -21.24154870081111], [-41.17703062905957, -21.24226667636526], [-41.17401270122446, -21.24079421817783], [-41.17577113033263, -21.24471874177573], [-41.16809853641757, -21.24265608640849], [-41.16813504259738, -21.24551581630112], [-41.1632552483303, -21.24286296015669], [-41.16177062231566, -21.24375130058127], [-41.16138121227237, -21.2459660708767], [-41.15984790955264, -21.24500471539454], [-41.15920294995544, -21.24177991291185], [-41.15819291776819, -21.2414391786744], [-41.15584305671098, -21.24507139742627], [-41.15470039610568, -21.24409203481878], [-41.15661093924274, -21.24216932295514], [-41.15557656870294, -21.23972334055895], [-41.15083317191261, -21.23968867708999], [-41.14445404501743, -21.2379709962637], [-41.14111972129734, -21.23904187298325], [-41.13754201674993, -21.23547633716248], [-41.13658066036845, -21.23202032437769], [-41.13896579733296, -21.23047485203205], [-41.1362520957569, -21.22684847167886], [-41.13052046634573, -21.22648339908881], [-41.12668251688393, -21.23019637696046], [-41.12001856480418, -21.23021930157876], [-41.11550384222778, -21.22862515522598], [-41.11462766963052, -21.22610615867148], [-41.11261977398266, -21.22518131026845], [-41.11190179932782, -21.22240676416004], [-41.10806854432712, -21.22251628539749], [-41.10535484275107, -21.21957137082131], [-41.10114434643373, -21.21930365164144], [-41.098445301109, -21.22114666558537], [-41.09323445560489, -21.2204840522964], [-41.0919688729644, -21.21818409911612], [-41.09086148736702, -21.2212263644044], [-41.0891456501509, -21.22145757740452], [-41.08916998760412, -21.21951052718828], [-41.086650991949, -21.22000945756963], [-41.08527588717175, -21.22207819864917], [-41.08252567941582, -21.22144540687924], [-41.08027440204131, -21.22223639659165], [-41.08130877258105, -21.2243903205561], [-41.07659934498304, -21.22695799291625], [-41.07418987056536, -21.22699449999539], [-41.07296079500395, -21.22871033811083], [-41.07336237377382, -21.23091293878031], [-41.06918838543493, -21.22844261893096], [-41.0592705980589, -21.23463667344294], [-41.0526876281308, -21.24125351813456], [-41.05407440790685, -21.24305766517836], [-41.05210301933812, -21.24230318344439], [-41.04722322507104, -21.24888664710033], [-41.04666344835874, -21.24717080808557], [-41.04558040111391, -21.24714646973302], [-41.04668938570586, -21.25101243037858], [-41.04511797691237, -21.25068766810062], [-41.04453386184753, -21.25304846581327], [-41.04236776825718, -21.25338919915146], [-41.04128493055435, -21.25493719859207], [-41.03575463596695, -21.25405975705138], [-41.03454129944066, -21.25223128964154], [-41.03596983743734, -21.25118609306298], [-41.03150058188561, -21.25091853216378], [-41.03019250717773, -21.2488275949168], [-41.02849528502867, -21.24999045969116], [-41.02485655968172, -21.24579256197637], [-41.01994833334817, -21.24758674633051], [-41.01842224678853, -21.25020584102595], [-41.01590626566087, -21.2517937973451], [-41.01328717006612, -21.25024708663295], [-41.01085368015248, -21.25263933093959], [-41.004691746726, -21.25108973610168], [-41.00486086603541, -21.2528232081238], [-41.00316967294134, -21.25445098012784], [-41.00400049002985, -21.25591867370707], [-40.99978728765245, -21.25848870408964], [-41.00155097959328, -21.26007547330369], [-40.99972386656248, -21.26252642715212], [-41.00031578504473, -21.26485181585787], [-40.9981172340224, -21.26616249140505], [-41.00021008592597, -21.26933347755715], [-40.99904739022412, -21.27258902426325], [-40.99927178096721, -21.27845924010109], [-40.99574656085434, -21.28617965636528], [-40.99031660722488, -21.28582260842586], [-40.98490479022314, -21.28747151989393], [-40.97911245567457, -21.27996685188793], [-40.9763219870693, -21.28172146517272], [-40.97756924242589, -21.28512498992558], [-40.97678706517019, -21.2872601207572], [-40.97822457930016, -21.2881479971316], [-40.9806345285599, -21.28759836027535], [-40.98074022857793, -21.28907815423264], [-40.97693504411626, -21.29038882798125], [-40.97467307380259, -21.2885496559411], [-40.97375602881692, -21.29251791896598], [-40.97173225383972, -21.29518078006816], [-40.96539253163928, -21.29579662501345], [-40.96462272635699, -21.29773922808215], [-40.96576860833386, -21.29954920003479], [-40.9601303492355, -21.30155449304465], [-40.95846985360015, -21.3155685889185], [-40.96230572382933, -21.32788072321603], [-40.96369041178235, -21.34396440733076], [-40.96321109741348, -21.35110087580398], [-40.9605506635815, -21.36143895144568], [-40.96283829604977, -21.36191209466665], [-40.96443601271108, -21.36766387608623], [-40.96708584803275, -21.37065119009958], [-40.9689783786485, -21.37553192595686], [-40.97689712510152, -21.38315185197564], [-40.9820766822923, -21.39181764906448], [-40.98389606385155, -21.39291000788978], [-40.98870053989725, -21.39291332638811], [-40.9917883522499, -21.39465644633714], [-41.00151879015931, -21.40545817015766], [-41.00618154564108, -21.42005619763466], [-41.01186972700555, -21.42851677213054], [-41.01619203603292, -21.43290548529916], [-41.01903083240626, -21.43977835798404], [-41.02356294517307, -21.4464520191446], [-41.0266009539701, -21.44829474710411], [-41.02968277324067, -21.45293445835779], [-41.03506753863525, -21.45785700639493], [-41.0371681274064, -21.46177755229144], [-41.04328510642176, -21.46667221415061], [-41.04667173920865, -21.46806671010978], [-41.05600290331063, -21.47816570008621], [-41.06810904789353, -21.49716692611196], [-41.07253484820393, -21.51301388258383], [-41.07123615882091, -21.52881155261031], [-41.06102195130126, -21.56203556039202], [-41.05979255558123, -21.56406044513267], [-41.05755071928951, -21.56290336839498], [-41.05568766755107, -21.56428097958275], [-41.04323189083834, -21.59154102619664], [-41.03563857216164, -21.5981942187874], [-41.02790061911753, -21.6023886244347], [-41.01833223544355, -21.60734738277472], [-41.01828241570018, -21.60491973036051], [-41.01705302177879, -21.60397960517389], [-41.01473886740405, -21.60745083628626], [-41.0144129099271, -21.60525600036334], [-41.01016379402313, -21.60881440815763], [-41.00942165278633, -21.61591542625513], [-41.01290635394435, -21.62437800713855], [-41.0227989594037, -21.68935186029933], [-41.02462854826814, -21.71771049714096], [-41.02371375338629, -21.73079206260286], [-41.02133115970452, -21.74965894880069], [-41.00089026477315, -21.82937051213867], [-40.98870748356279, -21.884362264706], [-40.97667654838324, -21.92945714003423], [-40.9733111773682, -21.94743421271795], [-40.97704659512351, -21.98113598173938], [-40.98302742667369, -21.99750226701525], [-40.98966400608828, -22.01060427676521], [-41.01139625822998, -22.02539144425896], [-41.07042606660895, -22.05449873792566], [-41.12490791256937, -22.08494051039548], [-41.13348719667607, -22.0917035281945], [-41.13441483657471, -22.09697305895872], [-41.16754666924265, -22.11595778602225], [-41.20977925071111, -22.13480765255036], [-41.2539105195541, -22.15029862857807], [-41.43670403506241, -22.19857283306902], [-41.49571384611636, -22.2160452134151], [-41.57889765680068, -22.24837773674238], [-41.64239524944048, -22.27539309311595], [-41.67566496256723, -22.29164838226626], [-41.6939178681144, -22.30305703605262], [-41.714394809672, -22.31774887810747], [-41.72736572344866, -22.3299365732135], [-41.74087128418171, -22.34067384622023], [-41.7576670272108, -22.34801481962745], [-41.76705737030068, -22.35536848966331], [-41.77333875168131, -22.36362780577787], [-41.77475522527271, -22.36984748737086], [-41.77472366536415, -22.37403851606388], [-41.77319761118008, -22.37532921227256], [-41.77061304775322, -22.37679007280286], [-41.76867422093784, -22.37547398333686], [-41.7673107605824, -22.37612800000642], [-41.76695311099655, -22.37775422067995], [-41.77102575743203, -22.38443699916741], [-41.77047461061403, -22.38680507239542], [-41.76908109131858, -22.3851417690766], [-41.76704400367709, -22.38614064967049], [-41.7677581031532, -22.39082801330142], [-41.76837493555411, -22.38946931305759], [-41.77001097142846, -22.38928449698119], [-41.78399580696021, -22.39637117089205], [-41.7915728461092, -22.40117246423705], [-41.79475703610757, -22.40559865395392], [-41.79637035510706, -22.40517673611669], [-41.8176101888584, -22.41700324010668], [-41.8384539557847, -22.43210468738067], [-41.85427533463826, -22.44893739884111], [-41.85506383232928, -22.45245135674395], [-41.8537096736618, -22.45570819487654], [-41.85785785685385, -22.45759373416274], [-41.86018906777053, -22.46302751081021], [-41.86060045814389, -22.46522159220194], [-41.85975395238228, -22.46590099223624], [-41.86156036841555, -22.46792991133555], [-41.85950341744802, -22.47005542571657], [-41.86221173658163, -22.47276374395085], [-41.86252027868716, -22.47538635679416], [-41.861337531701, -22.47718618799144], [-41.86389157933218, -22.4769633521762], [-41.8644116311911, -22.47919076244295], [-41.86673702799072, -22.47768328465509], [-41.87102347115552, -22.48137047176908], [-41.87313071580917, -22.48142007927248], [-41.87364495355104, -22.4825856842811], [-41.87268504327938, -22.48399126708256], [-41.87508481940813, -22.48385413665829], [-41.87686751042651, -22.48508830687911], [-41.8772788999006, -22.48803660290611], [-41.88312307676784, -22.48857013290456], [-41.8856987360071, -22.48600978102581], [-41.88746240456561, -22.48580430482406], [-41.89330135007651, -22.48854398601537], [-41.9130698416991, -22.51172581939028], [-41.92073198279405, -22.5250102907915], [-41.92013203876184, -22.52627874406801], [-41.92203471822694, -22.52669013534069], [-41.92234326033247, -22.52878136756527], [-41.92464018909271, -22.53063262289646], [-41.92608005405054, -22.52991269131689], [-41.92851411233568, -22.53186679311722], [-41.93261087319252, -22.53754055025541], [-41.93770182557807, -22.53635780326925], [-41.93701617525556, -22.53368376719135], [-41.94190143290405, -22.53130113214075], [-41.94107008341689, -22.52936417141859], [-41.94334986930028, -22.52816428335422], [-41.94936644980106, -22.5292784651283], [-41.95606868062436, -22.53268100422417], [-41.95627437626069, -22.53162681712314], [-41.95760282331094, -22.53161824568474], [-41.96111678121378, -22.534120869182], [-41.96642199977475, -22.53950322259487], [-41.97206147205856, -22.5476538898144], [-41.97770951578082, -22.55913853091772], [-41.98321826980657, -22.57399700475719]], [[-41.741887204573636, -20.87262767935645], [-41.74187519108648, -20.87263654523957], [-41.74187519074594, -20.87263654534173], [-41.741887204573636, -20.87262767935645]], [[-41.74194762007514, -20.8725830930704], [-41.74198984205685, -20.87244752033604], [-41.741989847495525, -20.87244751761673], [-41.74194762007514, -20.8725830930704]], [[-41.74224239956635, -20.87235765198329], [-41.74226735973798, -20.872334413805714], [-41.74222535766526, -20.872401031858363], [-41.74224239956635, -20.87235765198329]], [[-41.74282653441628, -20.87214073190847], [-41.74282653762789, -20.872140729596186], [-41.7427893537449, -20.872177912579854], [-41.74282653441628, -20.87214073190847]], [[-41.74341221879814, -20.8719052192497], [-41.743412219853276, -20.871905218732476], [-41.743322356757986, -20.871988883473634], [-41.74341221879814, -20.8719052192497]], [[-41.743870852606314, -20.87123586386254], [-41.74378232399431, -20.87135227108968], [-41.74382126823622, -20.87127924883748], [-41.743870852606314, -20.87123586386254]], [[-41.74470754291804, -20.87105613243381], [-41.744707545833236, -20.87105613222045], [-41.74466106330031, -20.871127399022775], [-41.74470754291804, -20.87105613243381]], [[-41.74591609774899, -20.87127924883748], [-41.74593341485608, -20.87126557792439], [-41.745882013686405, -20.871328826882014], [-41.74591609774899, -20.87127924883748]], [[-41.74630345643862, -20.87100035198387], [-41.74630345664485, -20.871000351917875], [-41.746188802212956, -20.871118104243273], [-41.74630345643862, -20.87100035198387]], [[-41.74961640956889, -20.87108744412944], [-41.74961641027276, -20.871087444324957], [-41.749373603526, -20.87133025107165], [-41.74961640956889, -20.87108744412944]], [[-41.7543661924451, -20.87380943205886], [-41.754366196668606, -20.87380942949606], [-41.75417372228557, -20.8742745326799], [-41.7543661924451, -20.87380943205886]], [[-41.75956726681517, -20.88083617694724], [-41.75956726141925, -20.88083618234316], [-41.75956725602333, -20.88083618773897], [-41.75956726681517, -20.88083617694724]], [[-41.75947602519767, -20.8809274167661], [-41.7593497044351, -20.880990577147383], [-41.75947602879509, -20.88092741316875], [-41.75947602519767, -20.8809274167661]], [[-41.76643095022746, -20.88546110244715], [-41.766430951106926, -20.885461103503395], [-41.76633270226335, -20.885601458608633], [-41.76643095022746, -20.88546110244715]], [[-41.77613696614736, -20.89569522905083], [-41.77613696718497, -20.895695228912484], [-41.77601064643766, -20.89582154876048], [-41.77613696614736, -20.89569522905083]], [[-41.78600490240508, -20.90777433710696], [-41.78595163186156, -20.90781366017148], [-41.78595163180965, -20.90781366005948], [-41.78600490240508, -20.90777433710696]], [[-41.7983274476021, -20.922819481965607], [-41.79824531566805, -20.92284448188656], [-41.7980810542847, -20.92289447471608], [-41.7983274476021, -20.922819481965607]], [[-41.81118636026156, -20.94146330268848], [-41.81118636503007, -20.941463299509564], [-41.811114942913775, -20.94161328064768], [-41.81118636026156, -20.94146330268848]], [[-41.81187198540306, -20.94599123630576], [-41.81215051083666, -20.94604123411489], [-41.81200323336179, -20.9460455427668], [-41.81187197910782, -20.94599124080236], [-41.8117827088262, -20.94602694963443], [-41.81187198540306, -20.94599123630576]], [[-41.81175056703432, -20.94609836804449], [-41.81164701484816, -20.9461340766872], [-41.81175056875225, -20.946098364226938], [-41.81175056703432, -20.94609836804449]], [[-41.81148631833821, -20.94683040899542], [-41.81142561700119, -20.94686968564342], [-41.81148632236512, -20.946830404485283], [-41.81148631833821, -20.94683040899542]], [[-41.81130567331746, -20.947318879362], [-41.811222075195595, -20.947362473800133], [-41.811305674009155, -20.9473188764193], [-41.81130567331746, -20.947318879362]], [[-41.81108637543514, -20.94781598501891], [-41.81107495019006, -20.947825981703755], [-41.81108637579531, -20.94781598402939], [-41.81108637543514, -20.94781598501891]], [[-41.81099710782951, -20.94784454658776], [-41.81099710243359, -20.94784455198374], [-41.810872122632105, -20.94784455198374], [-41.81099710782951, -20.94784454658776]], [[-41.81075443117135, -20.94789854907799], [-41.81075442487605, -20.94789855357459], [-41.81070786145408, -20.947930251087747], [-41.81075443117135, -20.94789854907799]], [[-41.81065769919275, -20.94808950842332], [-41.81061411092051, -20.948122002957902], [-41.81065770024884, -20.948089506262768], [-41.81065769919275, -20.94808950842332]], [[-41.81055073472788, -20.94817664913228], [-41.810490033327596, -20.948187361196975], [-41.81055074086213, -20.94817664376477], [-41.81055073472788, -20.94817664913228]], [[-41.81018650570195, -20.94893368134353], [-41.81018650030603, -20.94893368584013], [-41.81002581312456, -20.948951539671636], [-41.81018650570195, -20.94893368134353]], [[-41.80868769108332, -20.95429513001545], [-41.808566368407035, -20.954389492396807], [-41.80868769167301, -20.95429512905721], [-41.80868769108332, -20.95429513001545]], [[-41.8076388891227, -20.9565901036496], [-41.80836646943629, -20.95653940976518], [-41.80827248308788, -20.95657547257923], [-41.80816600155902, -20.95659466501098], [-41.80763888282746, -20.95659010904552], [-41.80677121511877, -20.95682461356427], [-41.80660494576091, -20.95689238287639], [-41.80640947811418, -20.95701820162793], [-41.80633625425613, -20.95704345098607], [-41.80660495205615, -20.95689237837979], [-41.80677122141401, -20.95682460906767], [-41.8076388891227, -20.9565901036496]], [[-41.80531042476767, -20.957621097275986], [-41.80612583463881, -20.95723828102109], [-41.80593352541115, -20.95732893897855], [-41.80531042476767, -20.957621097275986]], [[-41.80463371187557, -20.9581859569156], [-41.80485867458742, -20.95817167837947], [-41.80474591039473, -20.95818273284607], [-41.80463370558033, -20.95818596231152], [-41.80459442589131, -20.95815739534675], [-41.80454086227024, -20.9581074011349], [-41.80443730533665, -20.95793242633965], [-41.80434124695023, -20.95788429192578], [-41.80405164456698, -20.957828869406], [-41.80384096039126, -20.95777173367782], [-41.80362313379987, -20.95768960309192], [-41.80317319668495, -20.957468206192], [-41.8027349039919, -20.95752259898796], [-41.80255965670204, -20.95750462513757], [-41.8024203580124, -20.95742823492435], [-41.80227251036735, -20.957302078927], [-41.80058700278721, -20.95767088460286], [-41.799993860761866, -20.957598988418134], [-41.80227251576326, -20.9573020744304], [-41.80255966299734, -20.95750461974166], [-41.80317320298019, -20.95746820079603], [-41.80434125324552, -20.95788428742912], [-41.80443731073257, -20.95793242094368], [-41.80463371187557, -20.9581859569156]], [[-41.79913560222553, -20.96150834483348], [-41.7991355959303, -20.96150835022939], [-41.79841663348988, -20.96145442674557], [-41.79913560222553, -20.96150834483348]], [[-41.79822790569256, -20.96159822038078], [-41.798021208939296, -20.961733021750952], [-41.79835371528563, -20.961502364567746], [-41.79822790569256, -20.96159822038078]], [[-41.79662344591458, -20.96300869639344], [-41.79711403238593, -20.96301273075215], [-41.79682592827322, -20.96309006705218], [-41.79662343961928, -20.96300870089004], [-41.79568234136622, -20.96256357334943], [-41.79346790112203, -20.96116563118812], [-41.79324010137176, -20.961184816398195], [-41.79346790741727, -20.9611656257922], [-41.79662344591458, -20.96300869639344]], [[-41.79205381848352, -20.962649698283727], [-41.79205381882792, -20.96264969782453], [-41.792108988559534, -20.96259578181072], [-41.79205381848352, -20.962649698283727]], [[-41.79181116195485, -20.96297323612515], [-41.791377901293835, -20.963267485916507], [-41.791811163667674, -20.962973233841396], [-41.79181116195485, -20.96297323612515]], [[-41.8529283525607, -21.05721511518465], [-41.8519010632827, -21.05773721659847], [-41.84825546992973, -21.058192555061996], [-41.85190106867861, -21.05773721210187], [-41.8529283525607, -21.05721511518465]], [[-41.8494252602668, -21.06273316909972], [-41.84856914255113, -21.06340228808438], [-41.84800831543066, -21.06363823511566], [-41.84723528946956, -21.0643762471073], [-41.84800832082664, -21.06363822971974], [-41.8494252602668, -21.06273316909972]], [[-41.84779132790675, -21.07213380672903], [-41.84484382058514, -21.07019343307968], [-41.84219996575507, -21.06995415585885], [-41.84073489729695, -21.06923016473951], [-41.84484382688038, -21.07019342768376], [-41.84779132790675, -21.07213380672903]], [[-41.84234284824311, -21.07357955235369], [-41.84112639826395, -21.0742045901689], [-41.83936951078723, -21.0740809525401], [-41.84112640365987, -21.07420458477299], [-41.84234284824311, -21.07357955235369]], [[-41.83753735865978, -21.08273532168575], [-41.83753735866145, -21.08273532167698], [-41.83755163005757, -21.082721069072885], [-41.83753735865978, -21.08273532168575]], [[-41.83642338193278, -21.08686201017287], [-41.83559303429035, -21.08719259466176], [-41.83153990197265, -21.087546621904988], [-41.83559303968627, -21.0871925901651], [-41.83642338193278, -21.08686201017287]], [[-41.82362185906084, -21.10193787443256], [-41.81667210275217, -21.10344869704297], [-41.82362186497858, -21.101937869118714], [-41.82362185906084, -21.10193787443256]], [[-41.82992053440438, -21.12158926713022], [-41.82864682279188, -21.12239743659165], [-41.8231709210005, -21.12320119307981], [-41.82130288162193, -21.12265270106053], [-41.8190042882166, -21.12282613891438], [-41.81373038764656, -21.1219961501015], [-41.81340441667976, -21.12174750644147], [-41.8130955921871, -21.12087297690556], [-41.81295368816143, -21.11805523366132], [-41.81191887584404, -21.118170431242717], [-41.8129536935574, -21.11805522916472], [-41.8137303939418, -21.12199614470552], [-41.82130288791723, -21.12265269566461], [-41.82317092729573, -21.12320118768389], [-41.82992053440438, -21.12158926713022]], [[-41.81098214760732, -21.11945436022978], [-41.80995054428143, -21.11953068569181], [-41.80342710407683, -21.11547142656428], [-41.7992954917928, -21.11580548603359], [-41.80342711037213, -21.11547142206769], [-41.81098214760732, -21.11945436022978]], [[-41.80418046975217, -21.14358621043448], [-41.79886517069036, -21.1429444200482], [-41.794539007609224, -21.143773228114785], [-41.7988651769856, -21.14294441465222], [-41.80418046975217, -21.14358621043448]], [[-41.79367094555698, -21.1450271761625], [-41.79131225315723, -21.14610357112213], [-41.78758650671119, -21.14733884481109], [-41.78362910120131, -21.14792254528845], [-41.78187846381934, -21.14766698134531], [-41.78109284395885, -21.14778979905918], [-41.77953435662454, -21.14840403241936], [-41.77894609478574, -21.14848754526321], [-41.77494184269113, -21.14780118627493], [-41.77020240517916, -21.14891524757789], [-41.77494184898643, -21.14780118087901], [-41.77894610108098, -21.14848753986729], [-41.78109285025408, -21.14778979366326], [-41.78187847011458, -21.14766697594939], [-41.78758651300643, -21.14733884031443], [-41.79367094555698, -21.1450271761625]], [[-41.76814388712995, -21.15122929309661], [-41.76520559502693, -21.152014507817473], [-41.76814389146374, -21.151229288224858], [-41.76814388712995, -21.15122929309661]], [[-41.7670617041336, -21.16273470404258], [-41.7651985050535, -21.16375693559609], [-41.76706170432349, -21.16273470199631], [-41.7670617041336, -21.16273470404258]], [[-41.76644664429648, -21.16801098781605], [-41.76542978659627, -21.168762047418472], [-41.76542978895287, -21.16876204493167], [-41.76644664429648, -21.16801098781605]], [[-41.7640686101775, -21.17717636729475], [-41.76292142598231, -21.17725468385578], [-41.75728068025848, -21.17600988814502], [-41.75523007220932, -21.17479830080015], [-41.754222569815, -21.17409519014012], [-41.74781706940149, -21.16939612722871], [-41.74539383355784, -21.1689119727086], [-41.74239156741618, -21.16918496731159], [-41.7384252352357, -21.16885996671334], [-41.73478550534605, -21.16781749777851], [-41.728479190242595, -21.168737628003875], [-41.73478551074197, -21.16781749328192], [-41.73842524063161, -21.16885996221669], [-41.74539383985308, -21.168911968212], [-41.74781707479741, -21.16939612183279], [-41.75728068565439, -21.1760098827491], [-41.7640686101775, -21.17717636729475]], [[-41.72609737539284, -21.17852911492594], [-41.72417614021595, -21.17975260929472], [-41.71975258017911, -21.180592432910938], [-41.72417614561192, -21.17975260389875], [-41.72609737539284, -21.17852911492594]], [[-41.73026034343934, -21.20604860695687], [-41.72928902796554, -21.2060654431649], [-41.72550203139292, -21.20539910308537], [-41.72370530735333, -21.20414302537955], [-41.72249372810234, -21.20253353119671], [-41.72196717518277, -21.202626485098968], [-41.72249373439757, -21.20253352580079], [-41.72550203678884, -21.20539909768945], [-41.73026034343934, -21.20604860695687]], [[-41.72750807263873, -21.22132408833522], [-41.7257062026784, -21.22185346616374], [-41.72336345975515, -21.22213904228221], [-41.72047642464656, -21.22430299908336], [-41.71936840142985, -21.22427799073591], [-41.71841955192008, -21.22370399394339], [-41.7171180575516, -21.22172743607155], [-41.71278253568477, -21.22159425367107], [-41.704971666434176, -21.219233892931925], [-41.71278254198, -21.22159424917447], [-41.71711806384684, -21.22172743067563], [-41.71936840682577, -21.22427798623931], [-41.72336346605039, -21.22213903688629], [-41.72750807263873, -21.22132408833522]], [[-41.69989889571673, -21.23759187986059], [-41.69842441855133, -21.23846309359612], [-41.6949476051887, -21.239474120952213], [-41.69842442484662, -21.23846308909953], [-41.69989889571673, -21.23759187986059]], [[-41.69386911766492, -21.24275436162372], [-41.6907311887926, -21.24272395194805], [-41.689003116519025, -21.24381527775864], [-41.69073119508784, -21.24272394655213], [-41.69386911766492, -21.24275436162372]], [[-41.6823406696854, -21.25729955932644], [-41.6799189078306, -21.25597139915999], [-41.6785404323943, -21.25441975116979], [-41.67772692455719, -21.25281542179351], [-41.675863904295, -21.2520583509114], [-41.67446339097199, -21.25120305427674], [-41.67406790870626, -21.25002743082052], [-41.66504666806856, -21.24804060269088], [-41.6600620910919, -21.24579033435566], [-41.65633957141335, -21.2451410184425], [-41.65339587182132, -21.24405839208038], [-41.64595237210358, -21.24684204472379], [-41.64467570981543, -21.24699170360344], [-41.64314573818456, -21.24620684097215], [-41.64122900681247, -21.24452314282803], [-41.63883769371962, -21.245624596461017], [-41.64122901310776, -21.24452313833137], [-41.64467571611067, -21.24699169910684], [-41.65339587811656, -21.2440583866844], [-41.66006209738714, -21.24579032895974], [-41.66504667436379, -21.24804059819428], [-41.67406791500156, -21.25002742632387], [-41.67446339726723, -21.25120304888083], [-41.67772693085243, -21.25281541729692], [-41.67991891412584, -21.25597139376401], [-41.6823406696854, -21.25729955932644]], [[-41.63745361059495, -21.24722576835376], [-41.636062387889645, -21.248145758237488], [-41.637453612747585, -21.24722576569726], [-41.63745361059495, -21.24722576835376]], [[-41.63536550711171, -21.25169406702679], [-41.6303384828875, -21.253436194726984], [-41.63536550778908, -21.25169406357778], [-41.63536550711171, -21.25169406702679]], [[-41.63814379619851, -21.26120603712815], [-41.63709030607203, -21.26178806936315], [-41.6354737333254, -21.26192111326799], [-41.63283857044291, -21.26342085059099], [-41.63092963709232, -21.26402642078193], [-41.625311203917, -21.264155012657433], [-41.63092964338762, -21.26402641628533], [-41.63547373872132, -21.26192110787207], [-41.63814379619851, -21.26120603712815]], [[-41.6234255275653, -21.26603442524777], [-41.6218942443009, -21.267131433991167], [-41.62342553072672, -21.26603442209685], [-41.6234255275653, -21.26603442524777]], [[-41.61894610877516, -21.27589203089173], [-41.61894610337924, -21.27589203628764], [-41.61722824808447, -21.27575609116991], [-41.61588115269228, -21.27555835183568], [-41.61474415511793, -21.27553363396925], [-41.61411386502301, -21.275830240914065], [-41.61474416141317, -21.27553362857333], [-41.61588115898758, -21.27555834733909], [-41.61894610877516, -21.27589203089173]], [[-41.60798396183252, -21.277622249757197], [-41.61319932039157, -21.27686837087782], [-41.6122572463741, -21.27720608429257], [-41.60798396183252, -21.277622249757197]], [[-41.60519090163808, -21.292798699], [-41.60432579429926, -21.2931571013184], [-41.60385616472951, -21.29330540402043], [-41.60352248565857, -21.29354021565144], [-41.60519090163808, -21.292798699]], [[-41.60312700340774, -21.29412107742502], [-41.60253378720375, -21.29451655519409], [-41.6020147228005, -21.29462778334477], [-41.600853010427876, -21.294522732697203], [-41.60312700340774, -21.29412107742502]], [[-41.59760268301665, -21.2975320647522], [-41.5996171401182, -21.29698828877775], [-41.59909834731013, -21.29715129719381], [-41.59760267672141, -21.29753207014812], [-41.59661398364767, -21.29827358995345], [-41.595679695767274, -21.298403956352566], [-41.59661398994297, -21.29827358455748], [-41.59760268301665, -21.2975320647522]], [[-41.59387035802985, -21.30106665130415], [-41.59362316943057, -21.30126440182383], [-41.593870358523034, -21.301066650549867], [-41.59387035802985, -21.30106665130415]], [[-41.5932524248588, -21.3015609969417], [-41.5923873184193, -21.30178345414231], [-41.5909622176315, -21.30184452080721], [-41.588815665504534, -21.30295752489543], [-41.5932524248588, -21.3015609969417]], [[-41.58770880861391, -21.31262342702877], [-41.58724219626959, -21.3119701603938], [-41.5869694561747, -21.31150043999253], [-41.58693714443291, -21.31133670582352], [-41.58721946860288, -21.31077313307287], [-41.58693157583082, -21.31064433936399], [-41.58689369638626, -21.31049281708908], [-41.58716577907671, -21.30990928028825], [-41.58631793513918, -21.310222508681175], [-41.58684066786179, -21.30987914580516], [-41.58716578537195, -21.30990927489233], [-41.58722705078702, -21.31003066808012], [-41.58689370178217, -21.31049281169311], [-41.58721947489812, -21.3107731276769], [-41.58696946157067, -21.31150043459661], [-41.58770880861391, -21.31262342702877]], [[-41.47005304770926, -21.22494464467883], [-41.470204209476826, -21.22303940689375], [-41.469994615247415, -21.225681128478776], [-41.47005304770926, -21.22494464467883]], [[-41.47073173997711, -21.23179719088688], [-41.47058028605062, -21.23155197993913], [-41.47074650324777, -21.23182109306822], [-41.47073173997711, -21.23179719088688]], [[-41.47685695768172, -21.23337245327531], [-41.47637527809587, -21.23332832713982], [-41.47677908088912, -21.23336531895353], [-41.47685695768172, -21.23337245327531]], [[-41.47856427472078, -21.23386725307051], [-41.47858244822066, -21.23386318813488], [-41.47849766392135, -21.233882153027253], [-41.47856427472078, -21.23386725307051]], [[-41.47965890073692, -21.23424311302847], [-41.47967287889952, -21.23429902388006], [-41.47970639213554, -21.23443307502561], [-41.47965890073692, -21.23424311302847]], [[-41.47941353330719, -21.2345359709575], [-41.47954808987174, -21.23448848135757], [-41.47970639213554, -21.23443307502561], [-41.47941353330719, -21.2345359709575]], [[-41.48140813697523, -21.23542246327526], [-41.48121026004475, -21.23550161260857], [-41.48141847513504, -21.235417724966293], [-41.48140813697523, -21.23542246327526]], [[-41.48186721300073, -21.23573115107098], [-41.48213849439526, -21.23579331940539], [-41.48224713789438, -21.23581821713623], [-41.48186721300073, -21.23573115107098]], [[-41.48325439498942, -21.23653857577398], [-41.48328094096195, -21.23654349158807], [-41.48333942027728, -21.23655432122416], [-41.48325439498942, -21.23653857577398]], [[-41.4836006175737, -21.23686300901988], [-41.48366345230573, -21.23707507095696], [-41.48366345387032, -21.23707507694734], [-41.4836006175737, -21.23686300901988]], [[-41.48389347730142, -21.23743289591062], [-41.48408129081815, -21.23747045969316], [-41.48413093069718, -21.23748038820855], [-41.48389347730142, -21.23743289591062]], [[-41.48433672256095, -21.23749621717593], [-41.48431884952762, -21.23749484242935], [-41.48433820003025, -21.237496294935614], [-41.48433672256095, -21.23749621717593]], [[-41.48432089269431, -21.23791571763547], [-41.484376823166286, -21.2378411434963], [-41.48436291801352, -21.23785968537538], [-41.48432089269431, -21.23791571763547]], [[-41.48474039225454, -21.23843811312764], [-41.48494478477329, -21.23845383597495], [-41.484944786437325, -21.238453836306732], [-41.48474039225454, -21.23843811312764]], [[-41.48535597369852, -21.23838362770147], [-41.48534193977798, -21.23839853936033], [-41.485334775796204, -21.238405225699907], [-41.48535597369852, -21.23838362770147]], [[-41.48630919031615, -21.23880863740789], [-41.486307581429, -21.23881012308794], [-41.48621260043041, -21.23888927511916], [-41.48630919031615, -21.23880863740789]], [[-41.48686770707826, -21.23899499672092], [-41.48692403611466, -21.23902128570302], [-41.486980365151, -21.23904757558438], [-41.48686770707826, -21.23899499672092]], [[-41.48772438417228, -21.23900800001843], [-41.48777204824069, -21.23908589569675], [-41.48781971230915, -21.23916379317376], [-41.48772438417228, -21.23900800001843]], [[-41.48847002467119, -21.24098508759096], [-41.48850797786014, -21.24100260458573], [-41.48819928916515, -21.24086013308789], [-41.48847002467119, -21.24098508759096]], [[-41.48908602160191, -21.24148625458622], [-41.48908578058359, -21.24148542631059], [-41.48904620501759, -21.24127963264817], [-41.48908602160191, -21.24148625458622]], [[-41.48994013113139, -21.24239756459514], [-41.48996435616937, -21.24241940732901], [-41.48948153534383, -21.24198407610345], [-41.48994013113139, -21.24239756459514]], [[-41.49550155395281, -21.24431951203508], [-41.49542577168125, -21.244453586563], [-41.49533079068271, -21.24461980286083], [-41.49550155395281, -21.24431951203508]], [[-41.49582944137489, -21.24419634628356], [-41.4957344603763, -21.24421613316724], [-41.49592442327275, -21.24417655760129], [-41.49582944137489, -21.24419634628356]], [[-41.49603523413799, -21.24428737026517], [-41.49600357440471, -21.24438235126371], [-41.49597191377205, -21.24447733226231], [-41.49603523413799, -21.24428737026517]], [[-41.4980862288956, -21.24886153892811], [-41.497905201663, -21.24879972492658], [-41.498095652379845, -21.248863591305657], [-41.4980862288956, -21.24886153892811]], [[-41.49816954388859, -21.24922314373231], [-41.49825051524834, -21.24898022965311], [-41.49803077040298, -21.24963946418916], [-41.49816954388859, -21.24922314373231]], [[-41.49815640119624, -21.25274067464164], [-41.49817988339419, -21.25278652118021], [-41.49801507543464, -21.25246475184605], [-41.49815640119624, -21.25274067464164]], [[-41.49918491265288, -21.25526353198563], [-41.4991451895981, -21.25566674572298], [-41.49923936570343, -21.25492903184858], [-41.49918491265288, -21.25526353198563]], [[-41.51406444681601, -21.26086164984451], [-41.51431375237706, -21.26091012600074], [-41.51431774799981, -21.26091090306123], [-41.51406444681601, -21.26086164984451]], [[-41.51450007391855, -21.26095256410878], [-41.51453227324509, -21.26100559623052], [-41.514564470773, -21.26105862925158], [-41.51450007391855, -21.26095256410878]], [[-41.51501717477748, -21.2617642709968], [-41.51501723625569, -21.26176436323402], [-41.51532208304695, -21.26222535211753], [-41.51501717477748, -21.2617642709968]], [[-41.51827341497608, -21.263708120007657], [-41.51717823338805, -21.26300569205824], [-41.51827340888997, -21.26370811473691], [-41.51827341497608, -21.263708120007657]], [[-41.5186746362519, -21.264055588463854], [-41.51915384306189, -21.264436184928652], [-41.51867830435953, -21.2640587720939], [-41.5186746362519, -21.264055588463854]], [[-41.52214774941837, -21.26605752973046], [-41.52245286510691, -21.26622653572525], [-41.52252691210786, -21.26626755119444], [-41.52214774941837, -21.26605752973046]], [[-41.52276535523623, -21.26639804813067], [-41.52275798169478, -21.26639554261942], [-41.52275156135646, -21.266391986338988], [-41.52276535523623, -21.26639804813067]], [[-41.52371642517215, -21.26744529876078], [-41.523701072870594, -21.267446229228398], [-41.5238982519021, -21.2674301460836], [-41.52371642517215, -21.26744529876078]], [[-41.52481496233992, -21.27168792605619], [-41.52481506575763, -21.271686685047165], [-41.52481496233992, -21.27183995644805], [-41.52481496233992, -21.27168792605619]], [[-41.52441506733713, -21.27428597662542], [-41.52440938698288, -21.27428632105608], [-41.52440937923347, -21.274286321327356], [-41.52441506733713, -21.27428597662542]], [[-41.52411038308696, -21.27429411188297], [-41.52408708614939, -21.27430721680383], [-41.52398916526704, -21.27436229668189], [-41.52411038308696, -21.27429411188297]], [[-41.52445888476899, -21.27477898316278], [-41.52449382882639, -21.27478060823768], [-41.52478465788494, -21.2747941358399], [-41.52445888476899, -21.27477898316278]], [[-41.52921668869851, -21.27731698419069], [-41.52924469088902, -21.27731321872926], [-41.52944446089242, -21.27728636227505], [-41.52921668869851, -21.27731698419069]], [[-41.52980762602039, -21.2779761072108], [-41.52978802889368, -21.27810021994844], [-41.52978489655499, -21.27812005269749], [-41.52980762602039, -21.2779761072108]], [[-41.52977498962332, -21.27813248132816], [-41.52970015433795, -21.27822635526132], [-41.52978489655499, -21.27812005269749], [-41.52977498962332, -21.27813248132816]], [[-41.53150157283858, -21.27798587834485], [-41.53153388637901, -21.27800533697592], [-41.53172438437213, -21.27812005269749], [-41.53150157283858, -21.27798587834485]], [[-41.53198842892215, -21.27820303763929], [-41.53198843952662, -21.278203041613864], [-41.53172438437213, -21.27812005269749], [-41.53198842892215, -21.27820303763929]], [[-41.53551244484271, -21.28111262055023], [-41.53553098526601, -21.28113174013691], [-41.53575487958329, -21.28136263207904], [-41.53551244484271, -21.28111262055023]], [[-41.53717161487737, -21.27983225575321], [-41.53699736403638, -21.27977922273215], [-41.53717924876566, -21.27983439324338], [-41.53717161487737, -21.27983225575321]], [[-41.53938023291067, -21.28131027894545], [-41.53937626600111, -21.28130959905798], [-41.53911867768409, -21.28125656603692], [-41.53938023291067, -21.28131027894545]], [[-41.54032129544351, -21.282317301896075], [-41.53994988957498, -21.28167244132931], [-41.54007060737189, -21.28188203912401], [-41.54032129544351, -21.282317301896075]], [[-41.54157712918044, -21.2835294028589], [-41.54149000375992, -21.28335515201786], [-41.54168698316698, -21.28374910993273], [-41.54157712918044, -21.2835294028589]], [[-41.54300522830789, -21.28524160591462], [-41.54318040185331, -21.28522158610656], [-41.5432703934132, -21.28521130235896], [-41.54300522830789, -21.28524160591462]], [[-41.54358101295264, -21.28534767195674], [-41.54373234277267, -21.28538370329449], [-41.54373234812496, -21.285383704629417], [-41.54358101295264, -21.28534767195674]], [[-41.5441913729328, -21.28659799759873], [-41.54424013597276, -21.28661288407659], [-41.54399012444395, -21.28653712338877], [-41.5441913729328, -21.28659799759873]], [[-41.5445280278455, -21.28669622155263], [-41.54508892331444, -21.28750561319271], [-41.5451265419556, -21.28755989896939], [-41.5445280278455, -21.28669622155263]], [[-41.54648577819535, -21.28971770980371], [-41.54648266744039, -21.28971909296098], [-41.54624780768944, -21.2898175831142], [-41.54648577819535, -21.28971770980371]], [[-41.54918309592239, -21.29243821475103], [-41.54913431039938, -21.2923631591317], [-41.54942977816097, -21.29281772685584], [-41.54918309592239, -21.29243821475103]], [[-41.55342996981653, -21.29556028317973], [-41.55329360021875, -21.29562846707933], [-41.55299055476956, -21.29549967426976], [-41.55276327180684, -21.29557543495758], [-41.55263447719864, -21.29521178059844], [-41.55264962987576, -21.29477994233969], [-41.5525685344096, -21.2947389692273], [-41.55246780314587, -21.29481024679467], [-41.55186171314682, -21.29489358427071], [-41.55177837567078, -21.29481024679467], [-41.55186171314682, -21.29389353635685], [-41.55008890118108, -21.29374958907152], [-41.55186171944206, -21.29389353096093], [-41.55342996981653, -21.29556028317973]], [[-41.56621846241137, -21.30267425960864], [-41.56359712390741, -21.30045445670703], [-41.56362452265284, -21.30029973734224], [-41.56355924356353, -21.30013626037936], [-41.56350621144179, -21.2999544327501], [-41.56349863465351, -21.29974987835345], [-41.56334711237861, -21.29968169175589], [-41.56324862222539, -21.29971957299909], [-41.56312740440546, -21.29968926764479], [-41.56299103480768, -21.29971199711019], [-41.56291527322054, -21.29968926764479], [-41.5629304249984, -21.29956804982487], [-41.56280163128952, -21.29956047393597], [-41.56265010901461, -21.29953774626921], [-41.56219554129046, -21.29940137577211], [-41.56179400838602, -21.29924227670892], [-41.56174097356632, -21.2991513642433], [-41.56121822194268, -21.29899226518012], [-41.56100609075776, -21.29913621156612], [-41.56061213284295, -21.2991589401322], [-41.56019212876299, -21.29902085013134], [-41.55871810215797, -21.29848466623361], [-41.55835444869814, -21.2982195011283], [-41.55778673007279, -21.29808366213052], [-41.55627101539432, -21.2972952139022], [-41.55593592440266, -21.29708452882716], [-41.55573311109345, -21.29686337474419], [-41.5554982513425, -21.29675730960139], [-41.55524823891437, -21.29659063464931], [-41.55468003015852, -21.29615121960234], [-41.55427849455617, -21.29631031866552], [-41.55389211342958, -21.29639365614156], [-41.55361179744574, -21.2963406231205], [-41.55338451358369, -21.29612091514736], [-41.55468003555444, -21.29615121510574], [-41.56019213505823, -21.29902084473542], [-41.56121822823792, -21.2989922597842], [-41.56174097986161, -21.29915135884738], [-41.56219554668638, -21.29940137127551], [-41.56293043129364, -21.29956804532827], [-41.56291527861646, -21.2996892631482], [-41.56334711777453, -21.29968168725929], [-41.56349864094881, -21.29974987295748], [-41.56621846241137, -21.30267425960864]], [[-41.569461044803845, -21.30363642388095], [-41.56835492783694, -21.30326519693051], [-41.56812764397483, -21.30328792639591], [-41.56795339313385, -21.30326519693051], [-41.56771095839326, -21.30296972916886], [-41.56759731556292, -21.30303033717956], [-41.56718062908203, -21.30306821842277], [-41.56652150696124, -21.30306064163454], [-41.56771096378924, -21.30296972377295], [-41.569461044803845, -21.30363642388095]], [[-41.56962014118819, -21.303462177387065], [-41.57077928603451, -21.30423494128871], [-41.57046108970678, -21.30413645113555], [-41.56962014118819, -21.303462177387065]], [[-41.57699170560198, -21.30650777721138], [-41.57542344803295, -21.30630322101604], [-41.57456734740441, -21.30592441577841], [-41.57308529974603, -21.30481047682127], [-41.57220360261346, -21.30365915124804], [-41.57456735280033, -21.30592441128175], [-41.57699170560198, -21.30650777721138]], [[-41.58628003575854, -21.3102503760207], [-41.5853254379179, -21.31040947871372], [-41.58500724069086, -21.3103715992691], [-41.58479511040531, -21.31024280376158], [-41.58471177202995, -21.310091282386], [-41.58467389168601, -21.30984884584677], [-41.58449206495612, -21.30971247624899], [-41.58432539000398, -21.30972762802685], [-41.58420566955527, -21.30968351987775], [-41.58411325881912, -21.30937912724414], [-41.58396931243311, -21.309394279022], [-41.58360565897323, -21.30938670313304], [-41.5833480706562, -21.30933367011198], [-41.58313593857196, -21.30938670313304], [-41.58229498972128, -21.30893971219717], [-41.58212831476919, -21.3084548400181], [-41.5816055631455, -21.3084548400181], [-41.58142373641556, -21.30796996783897], [-41.58105250616751, -21.30795481606111], [-41.58078885731919, -21.30765357015537], [-41.58053733043272, -21.30765934829952], [-41.57981759940196, -21.30759116170196], [-41.57945394504281, -21.30750782512524], [-41.57912059513865, -21.30740175908312], [-41.57837055965285, -21.30664414680916], [-41.57808266688085, -21.30681839765015], [-41.57774174108772, -21.30671990929562], [-41.57747849783368, -21.30648097741442], [-41.57837056594815, -21.30664414231256], [-41.57912060143389, -21.3074017536872], [-41.58078886271511, -21.30765356475945], [-41.58142374181148, -21.30796996334237], [-41.58411326511435, -21.30937912184822], [-41.58420567585051, -21.30968351538115], [-41.58449207125136, -21.30971247085307], [-41.58467389798125, -21.30984884135017], [-41.58500724698615, -21.31037159387319], [-41.58581789228117, -21.31018976714324], [-41.58609063237606, -21.3102049189211], [-41.58628003575854, -21.3102503760207]]], [[[-41.69798154471181, -22.40325480126728], [-41.69403314141562, -22.40867129744163], [-41.6986771073619, -22.41056190440759], [-41.69524489513509, -22.41716575479495], [-41.69788206170705, -22.4185926893004], [-41.70417187243322, -22.41563722207934], [-41.70625735709064, -22.41201625114832], [-41.70577767040243, -22.40772107376779], [-41.70271214504874, -22.40764296495007], [-41.70048343616094, -22.40383811323755], [-41.69798154471181, -22.40325480126728]]], [[[-41.68719432066064, -22.39891993410691], [-41.68710878344285, -22.40224067356746], [-41.69072240241621, -22.40282468161297], [-41.69230406168236, -22.40042518517339], [-41.69064360921448, -22.3993574623762], [-41.69233138578409, -22.39823368573525], [-41.69178279933601, -22.39733975962145], [-41.68663439286223, -22.39679113809979], [-41.68584834942106, -22.39796455731766], [-41.68719432066064, -22.39891993410691]]]]}}, {"type": "Feature", "id": "7", "properties": {"id": "7", "unidade": "7", "camada": "RISP", "label": "RISP 7"}, "geometry": {"type": "Polygon", "coordinates": [[[-43.02954761373064, -22.45989550037626], [-43.03449612789325, -22.46185675718283], [-43.0407454880131, -22.45592047984547], [-43.04235050537079, -22.45974526593051], [-43.04785500830127, -22.460229734314], [-43.04899943427574, -22.46298872394965], [-43.05535540632621, -22.46748186279694], [-43.05632373155424, -22.47220013432798], [-43.05818730220153, -22.47473895194031], [-43.05596505764055, -22.47940507268521], [-43.05938531517944, -22.48344239824729], [-43.06227212365883, -22.48365252574268], [-43.06704976033745, -22.48618395182712], [-43.0709099608253, -22.48578151510407], [-43.07871263897636, -22.48739965267106], [-43.08035584514539, -22.49013053759347], [-43.07322065640744, -22.49508202761268], [-43.07115753788935, -22.4987258260353], [-43.07063851035821, -22.50403024240097], [-43.07437886359293, -22.50637654663956], [-43.07639603664705, -22.5094315454287], [-43.07605775036416, -22.51066470481152], [-43.07799553936189, -22.51247111814683], [-43.087017258439, -22.51718099360721], [-43.08996372524501, -22.52094236130017], [-43.09654847762943, -22.52331793217604], [-43.09855580670438, -22.52633123479785], [-43.10826512133752, -22.53418852787746], [-43.11452310955315, -22.53409540397894], [-43.11810827397693, -22.53042839765163], [-43.1221977053591, -22.53101710375557], [-43.12646350638499, -22.53490372722445], [-43.13106904160225, -22.53440830959505], [-43.14002092742311, -22.53771891729343], [-43.14378472238627, -22.53802301315073], [-43.14691289181576, -22.54009069213095], [-43.15177539301925, -22.54042188905817], [-43.16115031003807, -22.54672809982117], [-43.16382155282167, -22.54703224693986], [-43.19635989589176, -22.56186640580921], [-43.22524350927978, -22.56373428330977], [-43.25463444462321, -22.57514920177346], [-43.26074612663172, -22.56125397019377], [-43.2464348605796, -22.52693402338571], [-43.23582888499431, -22.52262969630266], [-43.23377817262383, -22.52280743831187], [-43.23138392192971, -22.52424674119339], [-43.23002978304731, -22.52760791057585], [-43.22669456000523, -22.52900192809574], [-43.22499526671743, -22.52691071565624], [-43.22611032802848, -22.52315748323048], [-43.22163183913733, -22.52123858719028], [-43.22463057543996, -22.52026833111779], [-43.22671772474246, -22.51666844928872], [-43.23144185265863, -22.52004015332966], [-43.23302243543634, -22.51927043618093], [-43.23399787879833, -22.51678409670791], [-43.23701905858195, -22.51415618415979], [-43.2383843445611, -22.51041032617485], [-43.24122248083211, -22.51049038831997], [-43.2434073576627, -22.50773670018776], [-43.29699311643844, -22.47526534761693], [-43.30338189755582, -22.47464807814549], [-43.30055672321345, -22.47190405232936], [-43.29763800588853, -22.46471099941232], [-43.29155552936345, -22.46488978013849], [-43.28897011877524, -22.46154684990643], [-43.28933176314962, -22.45903740685009], [-43.29449547698397, -22.45814378021049], [-43.29874624044589, -22.45194635324083], [-43.30077238693536, -22.45231974725777], [-43.30622000055183, -22.45731524380267], [-43.30777703278312, -22.45592745138998], [-43.31299121836929, -22.45514529122141], [-43.31819514718757, -22.45787499713265], [-43.32219322183897, -22.45845726858732], [-43.32674634007083, -22.45774657214582], [-43.33058430931771, -22.45359042905426], [-43.33596983284076, -22.4539765179012], [-43.34521715674566, -22.45052045565376], [-43.34705571814612, -22.45180972823562], [-43.35000019205449, -22.45164379612351], [-43.35138255975659, -22.4488782935976], [-43.36371602327512, -22.45071662477164], [-43.36513428741671, -22.45320148216189], [-43.3689114597953, -22.45318750130139], [-43.37031969919406, -22.45183393888442], [-43.37131002273861, -22.44645255763862], [-43.3759462671058, -22.44545416177937], [-43.3776350140439, -22.4431452513515], [-43.37663534834195, -22.44201478735181], [-43.37377648899303, -22.4433134191782], [-43.37199203800139, -22.44276220221309], [-43.37172035460992, -22.44051386202432], [-43.37377374696013, -22.43509652318522], [-43.3669283080942, -22.42734678722366], [-43.36238668139947, -22.42578451014623], [-43.36119501493727, -22.42015828577547], [-43.3560525242039, -22.41825307292021], [-43.34478616744696, -22.4177798874311], [-43.33741270333286, -22.41577224719066], [-43.3385284697124, -22.41430297260331], [-43.33799140357968, -22.41105578599496], [-43.33549524980521, -22.40807444617798], [-43.33513686187592, -22.40552756434482], [-43.32816102670927, -22.40254795122621], [-43.3270503603851, -22.3952574558661], [-43.31941467015019, -22.39114827896913], [-43.31835831388435, -22.38453223917071], [-43.31560480561654, -22.38174018596004], [-43.31147172743755, -22.37890101456941], [-43.30555170174893, -22.37729390988528], [-43.30435614032291, -22.37487811413291], [-43.30088891029425, -22.37288677860118], [-43.29985751920839, -22.37024979369227], [-43.29452220483518, -22.36634908144418], [-43.29224906044504, -22.36605087884419], [-43.29004934570003, -22.36402354165233], [-43.28339156386886, -22.36399306093023], [-43.32296405864366, -22.30565295701757], [-43.34917528800838, -22.27501974856176], [-43.39991421137103, -22.21997395213543], [-43.40146907623614, -22.21657970119151], [-43.43725475969865, -22.06011935322482], [-43.42812126208582, -22.05474300818253], [-43.42272521739415, -22.05521249655868], [-43.41839479198535, -22.05379167204723], [-43.41700485468954, -22.05014077077919], [-43.41517633062244, -22.04895588430583], [-43.41093855157214, -22.04895469090548], [-43.40993779679116, -22.04655782318423], [-43.40463750381701, -22.04238183295445], [-43.39889243044058, -22.04078803913592], [-43.39324093871761, -22.03511587109978], [-43.38279387063989, -22.03015038673021], [-43.36852663809316, -22.02049728961742], [-43.36669531083919, -22.01289045772768], [-43.36496561057373, -22.01045652444827], [-43.36022129287761, -22.01066655931351], [-43.35506925943804, -22.00838088376997], [-43.35236351506342, -22.00894921393427], [-43.35032383017989, -22.00802227460753], [-43.35014659179103, -22.00399413382144], [-43.34826165594995, -22.0021045457874], [-43.3453611606883, -22.00425193617713], [-43.34270258755362, -22.00343019414737], [-43.34167138442609, -22.00855398887472], [-43.33960823083447, -22.01042192393186], [-43.33696607032715, -22.00917991522016], [-43.32995526772072, -22.01072388929526], [-43.32497051267831, -22.00654475143835], [-43.31989639380282, -22.00554530337229], [-43.31618690620002, -22.00765951867106], [-43.31741699529738, -22.01194561110032], [-43.31687883199174, -22.01659688583686], [-43.3099204769477, -22.01616031444615], [-43.30655761414187, -22.01917238499681], [-43.30219464136889, -22.02099829923134], [-43.29792776925041, -22.02044091471566], [-43.29487907560809, -22.01648310181292], [-43.28253243432363, -22.01350244278274], [-43.28189816856491, -22.01208015237637], [-43.27874606457851, -22.01052331979457], [-43.27634354731612, -22.01196483231041], [-43.2701527924167, -22.01135237241328], [-43.26839209791626, -22.01215908677165], [-43.26509976444186, -22.0090049287337], [-43.26148637569497, -22.00802470187773], [-43.25629693675347, -22.01192639078954], [-43.25474770074504, -22.01198581169507], [-43.25091529740234, -22.01077318203596], [-43.2486092693016, -22.00781847024541], [-43.24541833528724, -22.00656397084981], [-43.24363405786477, -22.00703794774233], [-43.2403634376218, -22.01046565976162], [-43.23611132697545, -22.01181530922838], [-43.23414465355216, -22.01414026625952], [-43.23626650859177, -22.01867867607928], [-43.23632720743393, -22.0238044403219], [-43.23121464883627, -22.02474622655632], [-43.22784753943165, -22.0286015761011], [-43.22387904438165, -22.03035077636645], [-43.2214629644435, -22.03375078117284], [-43.21537081660915, -22.03224591411686], [-43.21152886876155, -22.03001019861102], [-43.20742600420601, -22.02967333325694], [-43.20396496331165, -22.02595246203572], [-43.20128888487341, -22.02582255496617], [-43.20208071725057, -22.02955450673431], [-43.2046716298911, -22.03224208300497], [-43.20495544243897, -22.03529305732798], [-43.20289906523891, -22.03742703163141], [-43.19763705730361, -22.03499056406253], [-43.19180239616293, -22.03416786965067], [-43.18924162609943, -22.03119970490167], [-43.17760009916452, -22.02855865325847], [-43.17297344157032, -22.02358588707824], [-43.16952569355516, -22.02180033981307], [-43.16401233500051, -22.0226540221646], [-43.1620204113122, -22.02553519729076], [-43.16399019099379, -22.02723201384561], [-43.16334432218201, -22.02851254501718], [-43.15359030584722, -22.03296933956261], [-43.14697427414268, -22.03094184588872], [-43.14410898014461, -22.0337210540826], [-43.13607444777682, -22.02968840229715], [-43.13322234863176, -22.03025882158659], [-43.12957511839625, -22.02880684366011], [-43.12848703404865, -22.0293016272675], [-43.1288491289834, -22.0336640550513], [-43.13106166716148, -22.03579016568284], [-43.1287197030511, -22.03696043727359], [-43.13057767541864, -22.04173636164302], [-43.12751814944232, -22.04629972135427], [-43.13355077204977, -22.05136435777814], [-43.13317049192392, -22.05298919079775], [-43.13479532494358, -22.05518444310678], [-43.13332606114807, -22.0583995383073], [-43.14288491740427, -22.06721511838225], [-43.15366273544618, -22.07415032307819], [-43.15311547639737, -22.07590435899817], [-43.15468709293424, -22.07753210492194], [-43.15120708443868, -22.08066130587378], [-43.14960740365802, -22.08060517738625], [-43.15123514868242, -22.08833696917503], [-43.14660313742411, -22.09068268705556], [-43.14529843157663, -22.09409323101704], [-43.14577658761868, -22.0974579581175], [-43.14419093895992, -22.10102216114302], [-43.14220932689818, -22.10443677004014], [-43.13683968989903, -22.10939102817264], [-43.12935558129431, -22.10691274932316], [-43.12738252897981, -22.10513758293234], [-43.12551935313491, -22.09768487955279], [-43.1224584206189, -22.09284949470765], [-43.12219225276954, -22.08938930996788], [-43.11917568201136, -22.08832463857044], [-43.11678016956841, -22.08513062257941], [-43.11141244902456, -22.08375542157466], [-43.10613345109715, -22.08264638841933], [-43.1031217330808, -22.08439182502195], [-43.08964830332582, -22.0878867757533], [-43.08309002428445, -22.08612850312716], [-43.07809708900874, -22.08304563974372], [-43.07508051825056, -22.08486445473005], [-43.075479769575, -22.09284949470765], [-43.07408035072689, -22.09333920344073], [-43.05307729767839, -22.08171479959753], [-43.03311249844234, -22.06589472386162], [-43.03255051029709, -22.06022899677004], [-43.03885387110853, -22.0529774375579], [-43.03910347794243, -22.04458436617477], [-43.03005824339249, -22.04107613965135], [-43.02663497402409, -22.04267891409984], [-43.02429840764466, -22.04173127237954], [-43.00782873900437, -22.03149777170404], [-43.00460268196747, -22.03146628014395], [-42.99685562238835, -22.03610022764263], [-42.99321389960107, -22.03560142766298], [-42.98771387439507, -22.0319207921101], [-42.98421192334087, -22.02599216710405], [-42.97790551472701, -22.02238452772298], [-42.96893679539608, -22.01488490221567], [-42.96477149630675, -22.0136897337934], [-42.95915960443148, -22.01499342520566], [-42.95017956173666, -22.00960894309748], [-42.94704608360917, -22.00591025905044], [-42.93844349806824, -22.00369255876382], [-42.90903789658091, -21.99048827361418], [-42.89749654602804, -21.98289914667748], [-42.89679270871579, -21.98113269112002], [-42.89847275741107, -21.98113269112002], [-42.89891999116395, -21.98005155043791], [-42.89355444787873, -21.97515915576963], [-42.87842107557145, -21.96576336728481], [-42.88283895015667, -21.96243841629911], [-42.88137880638607, -21.95925605102514], [-42.85504041288402, -21.94949179411026], [-42.8448629013011, -21.9466800484447], [-42.84234283005685, -21.94825120273003], [-42.83315187925507, -21.94305663225703], [-42.8154561612721, -21.93634971956311], [-42.81028740403974, -21.93774930208787], [-42.78774164675883, -21.92955966274747], [-42.73992965512878, -21.90865417894645], [-42.68491570909197, -21.87918800901861], [-42.64968173722167, -21.86762156917928], [-42.64027115488915, -21.86580666894184], [-42.63477709488626, -21.86273482495142], [-42.61098566595501, -21.85449002659266], [-42.60501372420327, -21.85466255792994], [-42.59965190501066, -21.85320279727051], [-42.57956424219526, -21.84556067868158], [-42.57901872603264, -21.84245108474897], [-42.58231104241992, -21.83990029086493], [-42.58211303418847, -21.83712971436404], [-42.49795267757327, -21.80232502667786], [-42.44911803267036, -21.78036244197233], [-42.43824721033974, -21.77611657441958], [-42.42983499508824, -21.77566103812563], [-42.39557875535456, -21.76163055660413], [-42.39369587716226, -21.75734852821125], [-42.38570882809921, -21.754038306322], [-42.37353085556379, -21.74583867371507], [-42.36790525622189, -21.74484249018798], [-42.36378240513318, -21.74216402315039], [-42.35898410203396, -21.74097963310282], [-42.3516738683536, -21.74416027617502], [-42.34839895744517, -21.7437512447234], [-42.33456742034946, -21.74602088715346], [-42.31926144026255, -21.74028114495809], [-42.31145660643648, -21.73578653212201], [-42.30653682741195, -21.72843723189197], [-42.30316586711035, -21.72871055294888], [-42.28871021940034, -21.72145236123669], [-42.27798995976809, -21.71826361617218], [-42.27006364911739, -21.71726143776436], [-42.26731036388145, -21.71467728802565], [-42.25989003159896, -21.71291867005982], [-42.24953800117709, -21.70672345991898], [-42.24606297222766, -21.70657026940165], [-42.2377906303326, -21.6977738502822], [-42.20635411684827, -21.78364576244121], [-42.16710648777348, -21.85921557723634], [-42.16883874031487, -21.8596901449834], [-42.16744218940477, -21.86196315357591], [-42.16800982709111, -21.86388451735581], [-42.17094801563769, -21.86480441409168], [-42.17063981077791, -21.8660661260501], [-42.17174742030647, -21.86695221457228], [-42.17359149634973, -21.86745945019271], [-42.17552292624134, -21.86554603102371], [-42.17978995124452, -21.86719725464883], [-42.18284456422452, -21.86980492885363], [-42.18356465498408, -21.87602201410391], [-42.18399262615804, -21.87474666212796], [-42.1860212080116, -21.87503768094342], [-42.18555899964736, -21.87353122388612], [-42.18810970629715, -21.8729149463669], [-42.18851199912871, -21.87395919506002], [-42.19205559778686, -21.87441284367702], [-42.1898900653735, -21.87492640872603], [-42.19908625292749, -21.88144527138138], [-42.20059430268418, -21.88066748281733], [-42.20101163487834, -21.8788957923062], [-42.20467313016007, -21.87953359959516], [-42.20675978843275, -21.87697449057953], [-42.2085314798432, -21.87941548713422], [-42.21095672836958, -21.87999817677365], [-42.21051577458257, -21.88176986818411], [-42.21311425501813, -21.88517938961638], [-42.2101614363005, -21.88558884824596], [-42.21144492804024, -21.8865180008043], [-42.20960236915329, -21.88691171140556], [-42.21150004838779, -21.88906923715479], [-42.21151579641617, -21.89162047260595], [-42.2147442105761, -21.89108502795091], [-42.21587021933442, -21.89312444213851], [-42.21290165168915, -21.89568355115421], [-42.21315362643799, -21.89674656600045], [-42.2141536473722, -21.89884897410008], [-42.21704347307707, -21.90021908224406], [-42.21650015395818, -21.90243172744147], [-42.21848721321356, -21.90609635596127], [-42.22151237339659, -21.90787135238025], [-42.22108778817017, -21.90919817615412], [-42.21838106713182, -21.9080954382531], [-42.2134688693921, -21.90938687999972], [-42.21253124701872, -21.91255946424712], [-42.21425316994709, -21.91424600514824], [-42.21237792520037, -21.91508927514917], [-42.21208307527297, -21.91707066507837], [-42.20978324709841, -21.9190225716336], [-42.21785033762222, -21.91674043402304], [-42.22144750529742, -21.91825006478791], [-42.22256203780705, -21.92111010764455], [-42.22606485310973, -21.92458933642797], [-42.22515081905431, -21.9298199706144], [-42.22760396904721, -21.93120576473348], [-42.22796958302911, -21.93458474518906], [-42.23045811504926, -21.93405991163485], [-42.23379521317781, -21.93668650937411], [-42.23454473335204, -21.94271670111408], [-42.23611923131676, -21.94330050411418], [-42.23546466516143, -21.94405532039593], [-42.23803575494543, -21.9487611228268], [-42.23784115424513, -21.9513381103647], [-42.24015219516696, -21.95074642300824], [-42.24154446800208, -21.9522167632922], [-42.24236415058436, -21.9511965822557], [-42.24317203855799, -21.95271210987522], [-42.24154446800208, -21.9538089509216], [-42.24133217583852, -21.95639773216885], [-42.24414504295862, -21.95873884012462], [-42.24091938612003, -21.96335029108229], [-42.23917977262766, -21.9639223003731], [-42.24181572961152, -21.96570319184804], [-42.24226390135721, -21.96729538217539], [-42.24309537764884, -21.96699463539335], [-42.24239953171229, -21.96917652287743], [-42.23979305990105, -21.96986057510469], [-42.24030609884664, -21.97157660117841], [-42.24298512975918, -21.97286777312843], [-42.24098600340062, -21.97369902369024], [-42.24070894476125, -21.97492974680961], [-42.23704302301638, -21.97524180256636], [-42.23370082213449, -21.97307782957739], [-42.2298744982088, -21.97505515277231], [-42.22867293920405, -21.97696831473519], [-42.22911623302701, -21.98052049742222], [-42.23119271367204, -21.98231116902446], [-42.226564375245, -21.98867544721332], [-42.22236878788851, -21.99085108710722], [-42.21992248173643, -21.99404399333486], [-42.22117740471271, -21.99836474113914], [-42.22290888113923, -21.99874598264023], [-42.22438619566566, -22.00376567634413], [-42.22370739637853, -22.00796374223216], [-42.22047969717954, -22.00962047060744], [-42.21651058069801, -22.00901961736065], [-42.21206989211112, -22.01308092514381], [-42.20726194018567, -22.0138978998674], [-42.20509821900686, -22.01595151704811], [-42.20140418535414, -22.01621472792658], [-42.19487833586578, -22.01375028784474], [-42.1867837081009, -22.0180595531051], [-42.18337423882934, -22.01563065782784], [-42.17984208044692, -22.00633104374191], [-42.17790617013293, -22.00512506816659], [-42.1759385236432, -22.00556937462619], [-42.17536727158159, -22.00420471727313], [-42.17384393155146, -22.00395082696832], [-42.16721106004167, -22.00502985874022], [-42.16026372618927, -22.00917767410959], [-42.15570821396216, -22.01010797780015], [-42.1508758913086, -22.0180985620982], [-42.1490622672091, -22.02359024159557], [-42.14637035890422, -22.02521207627552], [-42.14329215940489, -22.02438913185216], [-42.13987375267084, -22.02011712820212], [-42.13753823669953, -22.02016428595226], [-42.13714379315081, -22.02517953700527], [-42.1317845810928, -22.02155091913886], [-42.13070126495069, -22.01967823386263], [-42.13228255459546, -22.01717453567551], [-42.13334589319766, -22.010001515157], [-42.13190129240996, -22.00755267021879], [-42.13006654323567, -22.00741223928264], [-42.12528751710448, -22.00291304979663], [-42.12158695976962, -22.00233511127561], [-42.11724015141112, -21.99662233615112], [-42.11671790340779, -21.99391614211549], [-42.11769118390026, -21.99120994897919], [-42.11472386541334, -21.98805272335375], [-42.11401170937216, -21.98430203421071], [-42.11235001134321, -21.98261659677775], [-42.1111156072987, -21.98380352381281], [-42.10914530870832, -21.9828777212291], [-42.10527592614233, -21.97983918812724], [-42.09986353807108, -21.98081246682113], [-42.09725229895372, -21.97675317711668], [-42.09656388141724, -21.97395202816278], [-42.09938876707719, -21.97003517038604], [-42.10262316622538, -21.96964476389394], [-42.10334322011278, -21.96859344473091], [-42.10021961744064, -21.96505007629924], [-42.10145402058583, -21.96300856129528], [-42.10048074009336, -21.95985133477052], [-42.1015955289098, -21.95956340602561], [-42.10200957857847, -21.9578357688049], [-42.1010029880967, -21.95564961313835], [-42.09224346636216, -21.9552223191539], [-42.09057419064567, -21.95938005314616], [-42.08851651482456, -21.96101452420015], [-42.08201215463652, -21.95275351016556], [-42.08186972360812, -21.94859926644222], [-42.08350768313232, -21.94855178943277], [-42.08457591764375, -21.95064078144611], [-42.08664117025307, -21.95147162911161], [-42.08887259329481, -21.94919272906043], [-42.08960848784074, -21.94591681001202], [-42.09079541487574, -21.94646279741937], [-42.09319300834994, -21.94465866836208], [-42.09395264140056, -21.94254593694467], [-42.09013073584407, -21.93919880418071], [-42.08915745625086, -21.93540063712891], [-42.09632795507036, -21.93606256963113], [-42.09483096697483, -21.93271818069871], [-42.09801193200434, -21.93186359362915], [-42.10074186544398, -21.92616634440049], [-42.09663509693144, -21.92419604401147], [-42.09388142588637, -21.92431473743443], [-42.09257580632766, -21.92839776744222], [-42.08882511628536, -21.92937104613611], [-42.08870350006572, -21.93223824489831], [-42.08379254518906, -21.93532942071539], [-42.08374506817961, -21.93651634775046], [-42.07555527055854, -21.93625522419848], [-42.07819024908002, -21.93210097867643], [-42.07349001794921, -21.92493194035598], [-42.07358497196816, -21.92205957588794], [-42.07510423896872, -21.92146611237041], [-42.07332384841612, -21.91913973530978], [-42.07669472058416, -21.91669466482614], [-42.07648107404162, -21.91481932115397], [-42.07083130092309, -21.91441576477496], [-42.06814884629148, -21.9163148478512], [-42.06812510778678, -21.91849879388343], [-42.06605985427814, -21.91754925279503], [-42.06393120755843, -21.91921332323551], [-42.06223794872164, -21.91854627089293], [-42.05782258144626, -21.91303892970205], [-42.0568163875655, -21.91008220702747], [-42.05402441439446, -21.90836243707605], [-42.04289686170006, -21.88993576092582], [-42.03458254844514, -21.88697401014167], [-42.03268346357027, -21.88120554539881], [-42.03347515385451, -21.87970797184465], [-42.03143401476723, -21.87750244478121], [-42.03037919724142, -21.87381743492591], [-42.02539847835635, -21.86717849209293], [-42.02296760367125, -21.86810664460518], [-42.02195629804396, -21.86741331317307], [-42.02209205430415, -21.86408926510671], [-42.02553895425859, -21.86383771213991], [-42.02417814060794, -21.86101924494142], [-42.01764177894421, -21.85858203723046], [-42.0187281815596, -21.85544788101413], [-42.01436949405615, -21.85260188197049], [-42.01192576715971, -21.84880019227427], [-42.00880223643333, -21.84664865331195], [-42.00449700373298, -21.8462057156205], [-42.00422629430733, -21.84325286182934], [-42.00138084564878, -21.83942078134322], [-42.00558996240613, -21.83756239978413], [-42.00188741307289, -21.83437045493179], [-41.99539167018867, -21.8253134626454], [-41.99301480518835, -21.82516013633045], [-41.99176223124124, -21.82297275758594], [-41.98797983020427, -21.82116899725065], [-41.98638337529178, -21.81763837401098], [-41.98356220023464, -21.81631415377439], [-41.97778707691134, -21.80947189131393], [-41.97350060766615, -21.80702085472791], [-41.97401084522357, -21.80405315312976], [-41.97229640375531, -21.80307767829146], [-41.97020330903473, -21.80361587667062], [-41.97025421066257, -21.81125570918283], [-41.96908563519315, -21.8159762901729], [-41.96742415390082, -21.81808828144824], [-41.9656764564026, -21.82735466918189], [-41.96109036542731, -21.83360329095831], [-41.95928678765438, -21.8347440611887], [-41.95676065497952, -21.83409971582847], [-41.95692677864719, -21.83557021978902], [-41.95553234743915, -21.83599455860121], [-41.95664869568003, -21.83758659244648], [-41.95406265017044, -21.84325038509644], [-41.95487157776034, -21.84776153736431], [-41.9523975392143, -21.8553878242879], [-41.94978751058443, -21.85664908838396], [-41.94934171844483, -21.85971995301264], [-41.94103299267772, -21.86680193516042], [-41.93686618002943, -21.87219137073441], [-41.93236839708311, -21.87064815928437], [-41.93014793228053, -21.87130685062988], [-41.92914461533098, -21.87032625774981], [-41.92764449759477, -21.8710732301447], [-41.92824935102601, -21.87246952294936], [-41.92656142337023, -21.8730740751077], [-41.92625835363935, -21.87537373690765], [-41.89567712779649, -21.87842017505028], [-41.89119617925951, -21.87241182604419], [-41.8928131818821, -21.86462317282042], [-41.89863974462776, -21.86769270285515], [-41.90080470327371, -21.86572234760746], [-41.89905327628696, -21.86384929360923], [-41.89567204842558, -21.8642628261677], [-41.8912934814083, -21.86263302529312], [-41.88973665602111, -21.86314385820174], [-41.88333298482866, -21.87234789773652], [-41.88848202442517, -21.87864353067363], [-41.88739514337044, -21.88084333175357], [-41.88159114281626, -21.88138347716495], [-41.87120125183554, -21.88473926770229], [-41.85540265730606, -21.88484334264535], [-41.85003238358689, -21.88586327816699], [-41.84879389032506, -21.88754929476335], [-41.84675401928183, -21.88653976709583], [-41.83939591199101, -21.88772622198678], [-41.83089297942672, -21.88515556927331], [-41.82941511361588, -21.88568635094356], [-41.82666753188033, -21.88360485028284], [-41.81465726941673, -21.87929614170281], [-41.80963044318969, -21.88087808335609], [-41.80777790722391, -21.87923369817588], [-41.79667928302177, -21.87676442873465], [-41.79638536119472, -21.87892575681747], [-41.78736878713909, -21.88165864632867], [-41.79019940058112, -21.8826946338495], [-41.78973129086563, -21.88386503764059], [-41.79098019198153, -21.88370892522596], [-41.78885705990467, -21.88582164944881], [-41.78965843858532, -21.8871225871369], [-41.78776427210272, -21.88690403029597], [-41.7889299130843, -21.88803844771542], [-41.7880452751686, -21.88855882333024], [-41.78614057762485, -21.88755106642782], [-41.78483976314379, -21.88890227082237], [-41.78377819710539, -21.88774703679553], [-41.78450672260641, -21.88701851219383], [-41.78215462583461, -21.88656058100526], [-41.77950071208744, -21.88773662984084], [-41.78007312517383, -21.88898553005737], [-41.77869933430611, -21.88857963813899], [-41.77818936744461, -21.88965161113219], [-41.77695354426993, -21.88872766744714], [-41.77652416475769, -21.8898909836812], [-41.77435940396259, -21.89055706385665], [-41.77246523658067, -21.88939142287506], [-41.77199689933673, -21.89026565383608], [-41.76316092713432, -21.89031769220696], [-41.76161020814385, -21.88991179938927], [-41.76191202601848, -21.88908960589981], [-41.76015315714176, -21.8901719858477], [-41.75746802073184, -21.88862126775655], [-41.75235793526974, -21.88991179938927], [-41.74860082496735, -21.88885023335081], [-41.74702929116813, -21.88976609303], [-41.7468107343272, -21.88883982639612], [-41.74600935564649, -21.88952672138032], [-41.74410478220921, -21.88853800762217], [-41.74119068020497, -21.88952672138032], [-41.74077680320619, -21.88873824167575], [-41.73984811200006, -21.89023443117327], [-41.7387449163441, -21.88867330612737], [-41.73821413377453, -21.88968283379495], [-41.73667382263807, -21.8884131178703], [-41.73545614418498, -21.88936020111163], [-41.73304160298687, -21.88739318324804], [-41.73281263739256, -21.88826741330968], [-41.73122028878458, -21.88788233530073], [-41.73047094757544, -21.88951631442558], [-41.72914919507855, -21.88893349258586], [-41.72876411796892, -21.88979731569282], [-41.72675546868919, -21.8880072250526], [-41.72384136668501, -21.88972446431183], [-41.72136106166295, -21.88869937387625], [-41.72034444463969, -21.88651895228702], [-41.71723260060332, -21.88895430919325], [-41.71604614481299, -21.88862126775655], [-41.71139398964016, -21.89104621680866], [-41.7109985037772, -21.89272182555101], [-41.70926045060855, -21.89191003991562], [-41.70565945272085, -21.89242000767644], [-41.70699161397107, -21.89228471007056], [-41.70960389810068, -21.89458477027017], [-41.70866722271342, -21.89644771319064], [-41.70944778568605, -21.90034012109891], [-41.71226821970185, -21.90123516596935], [-41.71026997827613, -21.9048465708118], [-41.71272614999111, -21.9058560993787], [-41.71605655176774, -21.91135126195041], [-41.71415197833039, -21.91787676879704], [-41.71391260578139, -21.92372578761422], [-41.71608777443049, -21.93099022691666], [-41.71873128122292, -21.93409166399834], [-41.72091685772608, -21.94456161622486], [-41.71342345282937, -21.96113036587292], [-41.71937654658961, -21.96610515372907], [-41.72061503985145, -21.96837399126593], [-41.71671222498844, -21.98191415611262], [-41.71730545288364, -21.9847345910278], [-41.72282143116337, -21.99282122292033], [-41.73091847180928, -21.99628692410147], [-41.73471721172922, -22.00465455816055], [-41.73892184356748, -22.00408214507416], [-41.7410449756444, -22.00557041873907], [-41.74093049284721, -22.00784966323062], [-41.74452108288091, -22.01054520659522], [-41.74631117442044, -22.01081580180704], [-41.74777863237728, -22.00931712118739], [-41.74962076138831, -22.01045154040548], [-41.7511999547134, -22.01388895700899], [-41.75716620285726, -22.01609240843715], [-41.7620369157703, -22.01953729211158], [-41.76129798331453, -22.02183735231119], [-41.76279666393418, -22.02302380810147], [-41.76438901344147, -22.01722682585654], [-41.76533609578348, -22.01851735658994], [-41.7739535111449, -22.02210794662363], [-41.7718928243936, -22.0279465575868], [-41.76710537161489, -22.03046517462735], [-41.76388945173608, -22.03496121828482], [-41.76303603558387, -22.03835406538701], [-41.76461797723715, -22.04052923313685], [-41.76360862044072, -22.0441436156346], [-41.76668907184245, -22.04703392517473], [-41.76201610096155, -22.04957335612471], [-41.75910199895736, -22.05376758100829], [-41.76235954755435, -22.0634361545541], [-41.75503995732743, -22.068847164864], [-41.7541993816954, -22.07187504639552], [-41.75488630365925, -22.07400811867893], [-41.75321419058167, -22.07775907492061], [-41.75445245811369, -22.08177214576716], [-41.75047022142286, -22.08635476715801], [-41.75200285864429, -22.08698112337936], [-41.75330911672165, -22.08549671769856], [-41.76061014763945, -22.08371505010871], [-41.76302842642002, -22.08485247306243], [-41.76628427439903, -22.0846387752585], [-41.77014702176689, -22.08771262473709], [-41.7737845321297, -22.09269706591607], [-41.77877857357157, -22.09673455605412], [-41.78258572844788, -22.09821380592166], [-41.79183926127217, -22.10057277711121], [-41.79341871629998, -22.09852866036863], [-41.79867338756605, -22.09823989075755], [-41.8108692701, -22.09921344104669], [-41.81565054633489, -22.10089767878407], [-41.82161798158387, -22.09946879544776], [-41.82180969725897, -22.09511349299254], [-41.82408462230671, -22.09369477289465], [-41.82642214736347, -22.08916594714998], [-41.82931024007479, -22.08793771695127], [-41.82909390995525, -22.0859660073246], [-41.83101147679747, -22.08480799978861], [-41.8327254533163, -22.07828812719453], [-41.83887128168357, -22.07423108219791], [-41.83717134807853, -22.07298803926585], [-41.8375087458312, -22.07128605610581], [-41.84275932608131, -22.06974218275474], [-41.84890051844343, -22.07145257097858], [-41.85125836907775, -22.06879960062031], [-41.8538078868238, -22.06810410272141], [-41.85667346320901, -22.06474955324853], [-41.8559767494267, -22.06335769679947], [-41.8578705067178, -22.06348695006193], [-41.85770452604231, -22.06172412416822], [-41.86089778390487, -22.06209919002481], [-41.86195182531577, -22.05868345607587], [-41.86684176483482, -22.05664747460048], [-41.86697845279264, -22.05271156738416], [-41.86936942365924, -22.05147358673588], [-41.8726964403877, -22.05154704336059], [-41.87736527708512, -22.05509530230557], [-41.88261373673384, -22.05014397776159], [-41.88839649530127, -22.04891244255441], [-41.88931306904215, -22.05122765902848], [-41.89364995158326, -22.05356051390584], [-41.8950064862596, -22.05596995055203], [-41.89831378805013, -22.05627259130625], [-41.89945454029407, -22.0548792311908], [-41.90344586373487, -22.05795296375749], [-41.9033977248244, -22.06121223455619], [-41.90517871972139, -22.0626472980336], [-41.90459639071014, -22.0648891990765], [-41.90992289712329, -22.06792398470338], [-41.92053159585572, -22.06514969759968], [-41.92056490404633, -22.06365886806151], [-41.92464324229104, -22.06233622433649], [-41.92528585195976, -22.06016872510583], [-41.92889883241446, -22.06088408902872], [-41.93519838999299, -22.05679870369642], [-41.93665030856414, -22.06093051562999], [-41.94051287426902, -22.06460683713505], [-41.94225863462754, -22.07018133070306], [-41.94723041335214, -22.07135134418843], [-41.9544843602643, -22.07674707411741], [-41.95978649235201, -22.07667847473107], [-41.96236917439717, -22.0804407111691], [-41.96200570260038, -22.09123192821016], [-41.96073035781905, -22.09238409375013], [-41.96256595325542, -22.0955660992953], [-41.95903632916253, -22.09863686769648], [-41.96219734722905, -22.10312389565047], [-41.96270477530442, -22.105710158796], [-41.96064971111457, -22.10890370983759], [-41.9580343207266, -22.11760536919166], [-41.96075297666778, -22.12495850862751], [-41.96404143586284, -22.12877052703743], [-41.97170010197738, -22.13174360118546], [-41.97636830914939, -22.12564550163779], [-41.98220141716092, -22.12597002019947], [-41.98954086981456, -22.13131159925013], [-41.99933784856211, -22.13577193712445], [-42.00128202814233, -22.13972653225289], [-42.00634239188713, -22.14263418881598], [-42.01356508825751, -22.14401942985205], [-42.02006174035631, -22.14719152306958], [-42.02711911795222, -22.15750887113671], [-42.04011831810516, -22.16118554337737], [-42.05198083544644, -22.16224448429472], [-42.05547949767993, -22.16031987576088], [-42.07033894638454, -22.16488352775184], [-42.07594872485305, -22.16376658685772], [-42.08529059628324, -22.16927676540962], [-42.08831093699939, -22.16964594610278], [-42.09195448271248, -22.1778836658977], [-42.09534301037093, -22.18058249538507], [-42.09739241242914, -22.18389473085637], [-42.09348668556134, -22.1889870421175], [-42.09659343134103, -22.19281110604692], [-42.09320920693864, -22.19793104268268], [-42.09315037059241, -22.20200773067148], [-42.09769643004546, -22.20197096009099], [-42.10195201297427, -22.20522940081543], [-42.10601110392855, -22.20622460767873], [-42.10903686755665, -22.20954488218979], [-42.11156548236039, -22.2095309157184], [-42.11409178860441, -22.20682206508548], [-42.11595008113062, -22.2085394329477], [-42.11822767806416, -22.20806977370034], [-42.12256088417672, -22.21189557691855], [-42.12584465340728, -22.21160566336988], [-42.1287039219477, -22.21412408615686], [-42.13384540184308, -22.21361156701943], [-42.13645364262078, -22.21131812493076], [-42.14262005557038, -22.21213282886617], [-42.14739467142618, -22.21021496704634], [-42.15334620306407, -22.21413576115566], [-42.15908960010421, -22.21522471514771], [-42.16031749485575, -22.21920035441207], [-42.1630376436716, -22.22176098687925], [-42.17140113005735, -22.22511764616166], [-42.17398184438588, -22.2297665179097], [-42.17853938818149, -22.23316119872959], [-42.18323586014611, -22.24337935157502], [-42.18526185015355, -22.24483090861878], [-42.19281873279755, -22.2453550820706], [-42.19690244539083, -22.24709769210403], [-42.20025883667523, -22.2523624762465], [-42.20184019107126, -22.25254481828796], [-42.21098550127914, -22.25977438817671], [-42.21251397284084, -22.26354854872579], [-42.21644869834802, -22.26775248538814], [-42.22742507770442, -22.2746490480144], [-42.23073625287503, -22.27967048730238], [-42.23397933767558, -22.28859258128182], [-42.23512118529374, -22.2888893161882], [-42.23926567137289, -22.28628463132992], [-42.24654361669383, -22.29199630028825], [-42.24940071606943, -22.29691780511183], [-42.25003971855745, -22.30580758015492], [-42.25287413073579, -22.31049358940686], [-42.26218001039842, -22.31337198203056], [-42.26614936879758, -22.31684784914813], [-42.26367760823427, -22.31729549479047], [-42.26150649912489, -22.32154487599445], [-42.25753626838332, -22.32139628730806], [-42.25043000813764, -22.32701776865434], [-42.2472321529408, -22.32638216110706], [-42.24195433402457, -22.32995562535103], [-42.23807036895164, -22.33073611188127], [-42.23098622933031, -22.33458040965741], [-42.22931443821, -22.33729175680838], [-42.22536972573153, -22.3367348417388], [-42.21682295301616, -22.34197626419245], [-42.21539851143143, -22.34646381375325], [-42.21239606812333, -22.35060080128517], [-42.2122601958506, -22.356542536608], [-42.20725278778519, -22.36263197658366], [-42.2054912344322, -22.36877446037226], [-42.20687464624717, -22.36829256944577], [-42.20703934538875, -22.36680895966498], [-42.21097859628446, -22.3635488947649], [-42.2117064032272, -22.3616625892563], [-42.21782016266963, -22.3598497763453], [-42.21876386266138, -22.35529309140225], [-42.22548020564625, -22.35234601395661], [-42.22589756931666, -22.35351638717077], [-42.22287475366619, -22.35767619410029], [-42.22420454610221, -22.3592125743001], [-42.22697923070621, -22.35886755928965], [-42.22918222707739, -22.3601114286987], [-42.23498581214477, -22.36011817091605], [-42.23754388514146, -22.36165336311143], [-42.24053509142061, -22.36151043655661], [-42.24198444422598, -22.36314337966246], [-42.24679002194125, -22.36491117431046], [-42.25031395242621, -22.36458550821385], [-42.25190215156232, -22.36743832681657], [-42.25603891426374, -22.36551837317359], [-42.25836813318205, -22.36652988384628], [-42.2607544185808, -22.37212839920551], [-42.26434217485075, -22.37255441435394], [-42.26617664613457, -22.37606542337983], [-42.26984770300834, -22.37561556900255], [-42.27317401916491, -22.37843222676509], [-42.27673223540359, -22.37918514817528], [-42.28070341313128, -22.38311544811864], [-42.28120555409231, -22.38556341801655], [-42.29034061112958, -22.39108522839979], [-42.28843331184714, -22.39474604019682], [-42.28409485639179, -22.39662560618598], [-42.28426353143607, -22.40126136761722], [-42.28257316302034, -22.40212312318283], [-42.27747176410992, -22.40167406380624], [-42.2782146661732, -22.40271972443497], [-42.28998342199657, -22.40803441555505], [-42.2924890438336, -22.41265496855118], [-42.29448104126629, -22.41323121724611], [-42.29837308494916, -22.41225488355525], [-42.2985156481779, -22.41538090720235], [-42.30308958301708, -22.41627580818124], [-42.30758248534266, -22.41936839413529], [-42.3107459531625, -22.42015371002492], [-42.31481798805896, -22.42443030921061], [-42.31777257844101, -22.42244067699488], [-42.32339309121744, -22.42251839640608], [-42.32576473835127, -22.42618352404963], [-42.33370944283581, -22.42578742484898], [-42.3346480904363, -22.42830854110554], [-42.33660801534688, -22.42913024806171], [-42.34203911561195, -22.42810494808413], [-42.34468587974879, -22.4241641890253], [-42.35071817140573, -22.42830724698109], [-42.35360168656786, -22.42900256411627], [-42.36743483704737, -22.4263602057581], [-42.38172348065336, -22.42204087798336], [-42.38328170538568, -22.4227549333927], [-42.38671813093629, -22.42172811985608], [-42.39137792674921, -22.42426062422766], [-42.39483088183897, -22.42327295458239], [-42.39929479092115, -22.42456189711311], [-42.40384399800138, -22.42868461510216], [-42.41700826421931, -22.42701657325546], [-42.42765151220681, -22.42877939015597], [-42.43464591657505, -22.43326225514818], [-42.43964056685792, -22.4326367379943], [-42.4477912277822, -22.43469335801132], [-42.45152536939952, -22.43414366269911], [-42.45516473416444, -22.44102433790209], [-42.45495622814667, -22.44244596460879], [-42.46462813907664, -22.44461505384089], [-42.46796885427847, -22.4493550718783], [-42.47561720786712, -22.44927925183521], [-42.47529497268408, -22.44844523136157], [-42.47902911340213, -22.44780076009624], [-42.48033701004425, -22.44571570711344], [-42.48173968174018, -22.44555458907223], [-42.48118050757364, -22.4432894630375], [-42.48282959620815, -22.44295774989945], [-42.48235572003972, -22.44196261228393], [-42.485824490607, -22.4409959049363], [-42.48764417343909, -22.44159298912439], [-42.48667746609146, -22.43962166620616], [-42.49024101171261, -22.43909092500542], [-42.49277150789806, -22.43558424531591], [-42.49989859824097, -22.43474074598788], [-42.50133917995845, -22.43587804843241], [-42.50616323424515, -22.4354420831848], [-42.50845679324567, -22.43669311389533], [-42.51175496781678, -22.43476917895367], [-42.51601778489214, -22.43610636921278], [-42.51689178023076, -22.43906249203962], [-42.51909056327816, -22.4396880091935], [-42.51928011338578, -22.4414887361155], [-42.5235355173495, -22.4470709908328], [-42.52959072643017, -22.45036888301678], [-42.53529786010745, -22.4568081277921], [-42.54354675757605, -22.45784928641467], [-42.55134985031458, -22.4559043585985], [-42.55224062700262, -22.45524627519467], [-42.55073874839377, -22.45457148058858], [-42.55059625711084, -22.45277095331608], [-42.55846124568922, -22.45005256267484], [-42.5588449747151, -22.4478978652935], [-42.56404964097743, -22.4465862796323], [-42.5663501688245, -22.44833174501326], [-42.57162895541126, -22.44915409498475], [-42.57281925400463, -22.44679909610062], [-42.57229123595107, -22.44306609212566], [-42.57635320743384, -22.44166632613928], [-42.5732656963541, -22.43789828457739], [-42.56609525599055, -22.43334515015778], [-42.55854180066285, -22.42435233888858], [-42.55752105485209, -22.41704046034818], [-42.55526749230017, -22.4123877098242], [-42.55563062055597, -22.41107567809928], [-42.55914715231847, -22.41221218014721], [-42.55993418321526, -22.41085043569825], [-42.55804236216454, -22.4072371090046], [-42.5584310095827, -22.40183550200607], [-42.55712530099112, -22.39608787185705], [-42.55607566715759, -22.39347712736674], [-42.55395771517567, -22.39247473941691], [-42.55384577296331, -22.38902118627794], [-42.55151046293679, -22.38663604121956], [-42.55423397791503, -22.38326971512447], [-42.55554187095987, -22.37948593272881], [-42.55843095832131, -22.37858399725292], [-42.55631465659542, -22.37426073134691], [-42.55440928635875, -22.37376296378898], [-42.55756884662424, -22.37123977189719], [-42.5592976259839, -22.36694297124035], [-42.56276866913805, -22.36584096988406], [-42.56195961924033, -22.36126240893225], [-42.56710303807404, -22.35929184504187], [-42.57820996841457, -22.35853510061361], [-42.5847088688185, -22.35553164916553], [-42.58612418408308, -22.35584272825855], [-42.59412804327383, -22.36433393815992], [-42.5962458225859, -22.36871236218497], [-42.60877095681349, -22.37296410141136], [-42.61128874557841, -22.37645307524843], [-42.61293436013187, -22.38189946578694], [-42.61687598343917, -22.38520043724958], [-42.6277673966473, -22.39063927078496], [-42.63538273342567, -22.39286754530019], [-42.63951426117347, -22.39262718619489], [-42.64946612206313, -22.39575667672847], [-42.6524316284162, -22.39540153715046], [-42.65490378378189, -22.39269491233955], [-42.65682118694747, -22.39272054211852], [-42.65523842601181, -22.38814839693021], [-42.66095576609501, -22.38587243136686], [-42.66327372010539, -22.38598795917619], [-42.6677446852683, -22.38908335191439], [-42.67492889155437, -22.38922373698512], [-42.68354465396186, -22.39305897229298], [-42.68746367910478, -22.3922959434023], [-42.69215006427333, -22.38894036690363], [-42.6955646686738, -22.38853157377235], [-42.69688034714954, -22.38671075959309], [-42.69559712070981, -22.38442331688179], [-42.69762844639496, -22.38220997470978], [-42.69713212674554, -22.38006400434955], [-42.70156787175915, -22.3805848080417], [-42.70362599364398, -22.37979206555059], [-42.70565654141552, -22.37702538401351], [-42.71173703673412, -22.37792532389381], [-42.71210510226791, -22.37152413303153], [-42.71023613568838, -22.3649487533815], [-42.71082109971326, -22.36219658420424], [-42.71737835622542, -22.35724565985856], [-42.72254841657542, -22.35546278268049], [-42.7259557157829, -22.35679127289814], [-42.72790547115983, -22.35542145073856], [-42.74026370830279, -22.36026819222252], [-42.74168776677629, -22.36766209343011], [-42.7470759019306, -22.3731167937043], [-42.75109735985455, -22.37252910923024], [-42.75734814809783, -22.37669764228161], [-42.76304038270678, -22.37651892810527], [-42.76971481458628, -22.38387864877984], [-42.77734642279842, -22.38092622756255], [-42.78135705378429, -22.38143196491245], [-42.78596447757786, -22.37847190575309], [-42.79032643771421, -22.37811498012144], [-42.79391126489224, -22.37598191413326], [-42.7974325297867, -22.3774783608369], [-42.80365382566276, -22.37782255206832], [-42.80422909679464, -22.37908678482648], [-42.80288042399167, -22.38149113400783], [-42.80354438356574, -22.38698345382255], [-42.81440637005721, -22.38897140520544], [-42.81576740943768, -22.39117569210373], [-42.81549119256374, -22.39242200137352], [-42.81265538193958, -22.39328890016185], [-42.81038564598003, -22.39979918418425], [-42.81134883428052, -22.40471244941921], [-42.81979729940514, -22.40682811712315], [-42.8272100881743, -22.41243943433165], [-42.83557800012386, -22.41331947761103], [-42.84087734071596, -22.41133067187224], [-42.85223669276843, -22.41584388718485], [-42.85324465291768, -22.41689344637467], [-42.85169041757797, -22.41840942095723], [-42.852689418681, -22.42122083207499], [-42.85235468202222, -22.42573517873473], [-42.8542986439665, -22.42674952317117], [-42.85796308003137, -22.42624132887346], [-42.86432367459719, -22.4275647244317], [-42.8705183217624, -22.43165677463969], [-42.87054379595867, -22.43859102695353], [-42.87690984940929, -22.44396897638637], [-42.87493707498527, -22.4454665436453], [-42.87509878118306, -22.44805988715331], [-42.88020334210984, -22.44779532998973], [-42.88574263801161, -22.45304398569061], [-42.891302307155, -22.45465108497882], [-42.8923450287993, -22.4577378226416], [-42.90176966034085, -22.4577378226416], [-42.90602403997673, -22.45501974676313], [-42.90906710296372, -22.45602425261637], [-42.91488203657599, -22.45460095137202], [-42.91724108960386, -22.45228233635999], [-42.92543464639107, -22.45371979832925], [-42.92846403338768, -22.44985307236061], [-42.93456383355334, -22.45197668377614], [-42.94073859311084, -22.45733897511286], [-42.94590693485645, -22.45558514603687], [-42.95506617556282, -22.45778263855715], [-42.9544065264393, -22.46256092904287], [-42.95582465208531, -22.465781259197], [-42.96411182829752, -22.46504265139646], [-42.96855824556587, -22.46783458679596], [-42.97027181469178, -22.47109923194324], [-42.97121723238865, -22.47112877737038], [-42.97668292777416, -22.47087764978295], [-42.97835218100761, -22.46724370073542], [-42.98132219656139, -22.46687049018021], [-42.98432012976946, -22.4631592021347], [-42.99454611391127, -22.46219782776677], [-42.99860479927133, -22.46019738570004], [-43.00345006496781, -22.46064055002057], [-43.00894683282934, -22.46264745011894], [-43.01278606382505, -22.46566308108555], [-43.01636092381688, -22.46592898003763], [-43.01813401816969, -22.46338976492495], [-43.02499032444319, -22.46146091878558], [-43.02638113677932, -22.45843340417747], [-43.02599567386051, -22.45532418616148], [-43.02954761373064, -22.45989550037626]]]}}]}