{"type": "FeatureCollection", "features": [{"type": "Feature", "id": "1", "properties": {"id": "1", "unidade": "1", "camada": "AISP", "label": "AISP 1"}, "geometry": {"type": "Polygon", "coordinates": [[[-42.90587295657093, -22.81637431911878], [-42.88590180542326, -22.86762273270216], [-42.88851600241082, -22.86946047302166], [-42.89502445721217, -22.87111438921693], [-42.90090636873322, -22.87755819175635], [-42.90552104016314, -22.87936341259064], [-42.90870109777671, -22.87801248518724], [-42.91976457287603, -22.88176507729571], [-42.92680506929776, -22.88213456195967], [-42.9376609008292, -22.88824553170514], [-42.95592376456932, -22.89379322457688], [-42.95441742172591, -22.90091846771236], [-42.96185985304902, -22.90130248631993], [-42.97306801287777, -22.90687671368863], [-42.9774605580576, -22.90610865668839], [-42.97989322239357, -22.90876867323493], [-42.98370313009463, -22.90922607742078], [-42.98559909162407, -22.90750598461273], [-42.98533957695918, -22.902793960672], [-42.98700193059386, -22.89284736980949], [-42.99066231071635, -22.88818575376877], [-42.99414982315506, -22.887801164991], [-43.0027179691582, -22.89109715780683], [-43.00860341501487, -22.89159568169458], [-43.01232512080696, -22.88763134690834], [-43.01831886122574, -22.88507144828793], [-43.02851924436692, -22.87567341869254], [-43.03030232659034, -22.87533596787983], [-43.0345662246508, -22.87724482209012], [-43.03960049996238, -22.87467593024923], [-43.04144483321176, -22.87254224372879], [-43.04836813807839, -22.87163184023649], [-43.05280959198836, -22.87303391028598], [-43.0540705134427, -22.87158949565793], [-43.06736664725224, -22.86954520444687], [-43.07169850977766, -22.86647454216563], [-43.09604641041278, -22.86059610472569], [-43.09956956927948, -22.85888976794769], [-43.09535979871498, -22.85173584902941], [-43.08634333167868, -22.85463926528911], [-43.08171666239332, -22.85484357596948], [-43.07410766223808, -22.84659685935679], [-43.07410865958622, -22.84290203969658], [-43.07225195706144, -22.84100983913197], [-43.05856796274054, -22.83479535921771], [-43.05480044098681, -22.83550631916052], [-43.04837942906664, -22.83347765187136], [-43.04731543126144, -22.83347625612356], [-43.04659928312969, -22.8356203549946], [-43.04898144783482, -22.84467866119047], [-43.04842500041269, -22.84593131697591], [-43.04489829641852, -22.84542621724535], [-43.04201425155571, -22.84687898117926], [-43.04143798487439, -22.84863012487961], [-43.03656017900835, -22.84832297402528], [-43.03296973736275, -22.85027058361976], [-43.03164912970283, -22.84976542903053], [-43.03092078226757, -22.85290415919883], [-43.02518513288686, -22.8562136697243], [-43.02374193773949, -22.8553125975975], [-43.02059925055426, -22.85622002883048], [-43.02213281407739, -22.85375226755235], [-43.02080004488545, -22.85230983323146], [-43.0196688344484, -22.8530372336806], [-43.01890760779912, -22.85171352875557], [-43.01537961687507, -22.85371853488169], [-43.01190582809079, -22.85381053103043], [-43.00709908395481, -22.84616361905501], [-43.01060300992026, -22.83892411705358], [-43.00072446086443, -22.82740333489522], [-43.00158850880189, -22.81644293739089], [-43.00068081676557, -22.81485542533682], [-43.00596781326323, -22.81712054957291], [-43.00820900024445, -22.81549075589288], [-43.00611777341578, -22.80683306259499], [-43.00804231000387, -22.80293066142013], [-43.0115006394422, -22.80024582718238], [-43.01177432562389, -22.7980744392832], [-43.0101207430771, -22.79434712711748], [-43.01457835330763, -22.79115981916954], [-43.01474784043972, -22.78878969638663], [-43.01692119875361, -22.78732598140812], [-43.01646554644708, -22.77801036928236], [-42.99404538578517, -22.76757360563664], [-42.99192026440795, -22.76348902699624], [-42.99302339621204, -22.76120998035555], [-42.99273846490752, -22.75864443399269], [-42.99814406219798, -22.75545910994919], [-42.9952231037625, -22.75437983625966], [-42.99340019416292, -22.75206022120148], [-42.9929426748638, -22.74882602799801], [-42.99620458787069, -22.74687537239976], [-42.99479367838484, -22.74537093701838], [-42.99144259759709, -22.74578219788935], [-42.99097521093648, -22.74968893469583], [-42.98766753412866, -22.74994462364469], [-42.97735387777851, -22.75551990591816], [-42.96152237435734, -22.75890035586593], [-42.96148134998356, -22.76022135832824], [-42.95435154188942, -22.7642498372594], [-42.95015351197429, -22.7693833176852], [-42.94399818406822, -22.76951267436965], [-42.94028416568096, -22.77675921266678], [-42.94226501961424, -22.78086780680309], [-42.94131819807563, -22.7882986800393], [-42.94308379118331, -22.79419688817507], [-42.93910944874136, -22.80019709022275], [-42.93859594934287, -22.803573522899], [-42.93996762500518, -22.80775889305767], [-42.91946986324285, -22.81987888090487], [-42.91556613287003, -22.81959805320679], [-42.91376572970393, -22.81682692542148], [-42.90692052825904, -22.81753701212261], [-42.90587295657093, -22.81637431911878]]]}}, {"type": "Feature", "id": "2", "properties": {"id": "2", "unidade": "2", "camada": "AISP", "label": "AISP 2"}, "geometry": {"type": "MultiPolygon", "coordinates": [[[[-43.16111988867118, -22.95711679480348], [-43.15922145220753, -22.95883989764241], [-43.16024677107089, -22.961562533983], [-43.16177768698992, -22.96154625085802], [-43.16264768933866, -22.95944155038649], [-43.1672038994397, -22.95882153978147], [-43.16957371285582, -22.95732641598056], [-43.17861824863252, -22.96113732912369], [-43.18189228000398, -22.96095926875449], [-43.18787420602905, -22.96326213214093], [-43.19367956815682, -22.96131408727456], [-43.19897239585868, -22.9623937458739], [-43.19971034355677, -22.96097731814797], [-43.20050530107807, -22.96187583440144], [-43.20014104057583, -22.96036850680036], [-43.20147917782106, -22.96049937434589], [-43.20110201474546, -22.95960560291547], [-43.20403216784956, -22.96065284365307], [-43.20347802808777, -22.95897432020791], [-43.20466027595023, -22.95783578479285], [-43.20404550299685, -22.95818915000848], [-43.20308053224005, -22.95779578025031], [-43.20517927740099, -22.95669879441306], [-43.20196865183107, -22.95465613996811], [-43.20422737019624, -22.95313113079629], [-43.21002262484353, -22.95196156966995], [-43.19827304436478, -22.94716369374868], [-43.19638177729644, -22.9450336099124], [-43.19961445514224, -22.94332368304077], [-43.20333109685191, -22.94665378624245], [-43.20511441199977, -22.94558762286971], [-43.20491889219238, -22.94459170644132], [-43.2083035491687, -22.94556344819381], [-43.20868843292413, -22.94349513699018], [-43.20801318416039, -22.94294243614377], [-43.20703664272617, -22.94421082916568], [-43.20505709191053, -22.93986595255092], [-43.20754028555501, -22.94015997510201], [-43.2082493542236, -22.93980162314563], [-43.20278441876519, -22.93954239896175], [-43.20252926221497, -22.93844213599499], [-43.19876016394966, -22.93971926593059], [-43.19806003184425, -22.93898870616306], [-43.19902798835022, -22.93626457784723], [-43.19587247413466, -22.93621870432895], [-43.19426509695592, -22.9336259543735], [-43.19675569202082, -22.93518998063234], [-43.1994928659023, -22.93470913471805], [-43.19525460391611, -22.93235255212778], [-43.19312142731127, -22.92848258230458], [-43.18141189813986, -22.92394945420318], [-43.18455669963123, -22.92305856869723], [-43.18021637358606, -22.92239562625639], [-43.18019209638743, -22.91989267540589], [-43.17717670374117, -22.91916645216924], [-43.17640079026353, -22.91413589105775], [-43.17476419680952, -22.91267133341455], [-43.174230063366, -22.91371442288153], [-43.17171027630746, -22.91133077969096], [-43.16828425861092, -22.91073620101412], [-43.16850982656649, -22.91434946295658], [-43.17155892940036, -22.91498197413802], [-43.17278973255935, -22.9173482640104], [-43.17213530400034, -22.9194093914295], [-43.17036765414321, -22.91989905789444], [-43.16920668244171, -22.91890281681077], [-43.16926943263746, -22.91687028063819], [-43.16790712071634, -22.91907249369984], [-43.16803457983127, -22.92215672315348], [-43.16700527157531, -22.92260149905917], [-43.17028824940246, -22.92750733499474], [-43.17117575705481, -22.93162652314476], [-43.17105023328094, -22.93519293940187], [-43.16894257224118, -22.93591615440624], [-43.1698156259896, -22.93584612959444], [-43.16854702162703, -22.93695259698399], [-43.16861351570049, -22.93873485542844], [-43.17413666787218, -22.94416882812817], [-43.17846328195418, -22.94283594472228], [-43.17998524332359, -22.94467663301941], [-43.18040537960383, -22.9476151273355], [-43.1797445163956, -22.94871294144832], [-43.16991837802999, -22.95233747819128], [-43.16533789792493, -22.94794976237085], [-43.16305834136864, -22.94752911617502], [-43.16375673328588, -22.94588493963749], [-43.16194770831936, -22.94344803589735], [-43.15812884966596, -22.9435698032031], [-43.1576541811948, -22.9411596336094], [-43.15345819004273, -22.93864948008866], [-43.15164849328261, -22.93868737212375], [-43.15236563786317, -22.93942541694867], [-43.15097990040135, -22.94049916790152], [-43.15187903628777, -22.94166966612141], [-43.15435420977821, -22.94181181206471], [-43.15594289544754, -22.94350909716633], [-43.1549729991039, -22.9470997870248], [-43.15109106829743, -22.94876995576806], [-43.15020182405419, -22.95081277928557], [-43.15681606700713, -22.95332108919615], [-43.16085301215605, -22.95262960766951], [-43.16408909663375, -22.95430270910197], [-43.16437474469797, -22.9564955791069], [-43.16111988867118, -22.95711679480348]], [[-43.16113532193685, -22.95715445031686], [-43.16117921694655, -22.95721473816889], [-43.16110337442046, -22.95722026989876], [-43.16113532193685, -22.95715445031686]], [[-43.15397865199247, -22.9521140650113], [-43.15401335143429, -22.95208638567738], [-43.15405014539715, -22.9520983718416], [-43.15397865199247, -22.9521140650113]]], [[[-43.14610417916379, -22.93421910942357], [-43.14849369942397, -22.93554428923676], [-43.14725042356747, -22.9343984729104], [-43.14610417916379, -22.93421910942357]]]]}}, {"type": "Feature", "id": "3", "properties": {"id": "3", "unidade": "3", "camada": "AISP", "label": "AISP 3"}, "geometry": {"type": "Polygon", "coordinates": [[[-43.2644261263639, -22.91530890018481], [-43.27973421626035, -22.92127742001617], [-43.28237584886563, -22.92057167883911], [-43.28307836957038, -22.91888437531287], [-43.28477971421171, -22.91856666911571], [-43.29151251119271, -22.92194360900959], [-43.30093556172608, -22.92100720881484], [-43.31071618630222, -22.91649533259277], [-43.31491367392618, -22.91675333819524], [-43.31658765579493, -22.91789732260258], [-43.32053275498191, -22.91708360882069], [-43.32079374903157, -22.91411641983615], [-43.32258169838593, -22.91298903781308], [-43.32308516314902, -22.91071897989622], [-43.32504215357181, -22.90949060760471], [-43.32667143643692, -22.90633561499584], [-43.32172648538824, -22.89951782039032], [-43.31715859309389, -22.89728615003503], [-43.31669450514659, -22.89430184695192], [-43.31466047160274, -22.89253264306626], [-43.3134268032037, -22.8885964822411], [-43.31055037559861, -22.88499442675061], [-43.31352468541519, -22.8800383861618], [-43.31075983219978, -22.87785238338], [-43.31000634781395, -22.87509051861178], [-43.30882137230776, -22.87529896077763], [-43.3084870160622, -22.87336131657071], [-43.31086208331777, -22.87133449289178], [-43.3089224390186, -22.86990037460185], [-43.31514689331374, -22.86335550984813], [-43.31442982967218, -22.86133999874119], [-43.31085215660102, -22.86146839674836], [-43.30734270969754, -22.86313701056383], [-43.3071293482401, -22.8617093170306], [-43.30259412112105, -22.85931324520931], [-43.30161656525155, -22.8571702785847], [-43.29805520588229, -22.85904900190911], [-43.29208349885369, -22.85256164610229], [-43.28659104503998, -22.85557576620789], [-43.28945373010481, -22.85685518941466], [-43.2880082542768, -22.85843917972358], [-43.28930787715609, -22.86073379812552], [-43.28820913494292, -22.8611623232818], [-43.28834112664094, -22.86630642829823], [-43.28487110331804, -22.86795053558797], [-43.28398296434159, -22.87006224987215], [-43.28286394691287, -22.8697902418254], [-43.28019347484826, -22.87322125255798], [-43.27872373711006, -22.87351916287827], [-43.274175443741, -22.86793556007729], [-43.26977364363802, -22.86714998967949], [-43.26804622585189, -22.86881988412955], [-43.26834625407565, -22.87220766625001], [-43.26578923238645, -22.87457039570643], [-43.26586555874781, -22.87635649965199], [-43.26451953894485, -22.87790700730176], [-43.26105508422404, -22.87845604970613], [-43.25452288642134, -22.8825932728605], [-43.24882820295846, -22.88966146390464], [-43.24709378035294, -22.89013170861068], [-43.24479460598553, -22.89689696212434], [-43.24273502180307, -22.89731308023369], [-43.24065343210947, -22.89550533230448], [-43.24251893270184, -22.89744867461587], [-43.24137790796334, -22.89907473521009], [-43.2411424078951, -22.90437920283716], [-43.24260964192069, -22.90629158868512], [-43.24086602464661, -22.90454058797695], [-43.23751050570456, -22.90814115868676], [-43.23871859468665, -22.90885930331342], [-43.24076778540422, -22.90762081185022], [-43.24484638355301, -22.90877480211464], [-43.247725472252, -22.90811512601147], [-43.25437839414684, -22.91058926618092], [-43.25818337985834, -22.91042433681292], [-43.26311349569056, -22.91518527667841], [-43.26267605105818, -22.91662448423176], [-43.2644261263639, -22.91530890018481]]]}}, {"type": "Feature", "id": "4", "properties": {"id": "4", "unidade": "4", "camada": "AISP", "label": "AISP 4"}, "geometry": {"type": "MultiPolygon", "coordinates": [[[[-43.19299944236963, -22.91080593264689], [-43.19562707792659, -22.91293759928999], [-43.19376896076818, -22.91540966742144], [-43.19343640766334, -22.9202644947099], [-43.19676004114223, -22.92095563359482], [-43.1972094008924, -22.92228576507523], [-43.19555126957471, -22.92296632703358], [-43.19732461573767, -22.92258155479414], [-43.19501530241354, -22.92367796776324], [-43.19663825495076, -22.92340193525035], [-43.19794710487423, -22.92558571580736], [-43.19809119335315, -22.92697107825188], [-43.19623142414019, -22.92734015372434], [-43.19714497705831, -22.9286469352071], [-43.19641949576237, -22.93109305609886], [-43.2000410395616, -22.93390948273566], [-43.20182526032676, -22.93077052324026], [-43.20298504582246, -22.93196050077574], [-43.20241910066022, -22.92992134919012], [-43.20416590423235, -22.9310298310611], [-43.20494783057717, -22.93046651281855], [-43.20486520716287, -22.93694642313812], [-43.20692707922058, -22.93829648539372], [-43.20634528530593, -22.93770546263625], [-43.20886311364103, -22.93836531320784], [-43.21034282755869, -22.93757568686766], [-43.21489073062202, -22.93920968937488], [-43.21592150477289, -22.93858563092135], [-43.21709925062919, -22.93553150267593], [-43.21433808913076, -22.93323507843536], [-43.21899585877111, -22.93393675557604], [-43.22040156118237, -22.93212852021429], [-43.21797252740947, -22.92609496411052], [-43.21474859726919, -22.92351657722747], [-43.21616123884934, -22.92254404676959], [-43.21178818827354, -22.91991411524344], [-43.21232085042618, -22.91637124233819], [-43.21008107897791, -22.91581935088158], [-43.20984474883534, -22.91254947617659], [-43.20792984128843, -22.91078436690424], [-43.20959155100854, -22.90946570717585], [-43.20974365604417, -22.90686548295491], [-43.21780197817804, -22.90759520095696], [-43.21987209971689, -22.90996354578022], [-43.22361335317299, -22.91004201072946], [-43.22229071304525, -22.91030534931167], [-43.22599967634324, -22.91193691555543], [-43.22439673911748, -22.90965054213802], [-43.23803631232522, -22.90860348036557], [-43.23723715496999, -22.90778819097147], [-43.24086602464661, -22.90454058797695], [-43.242116024734, -22.90611662288308], [-43.24260964192069, -22.90629158868512], [-43.2411424078951, -22.90437920283716], [-43.24134433537205, -22.89982615565179], [-43.23958140155969, -22.89905238885586], [-43.2354769523987, -22.90056994804388], [-43.23497574493393, -22.89979398510354], [-43.23669094632936, -22.89814662586531], [-43.23671138432218, -22.8965660583761], [-43.23301106440834, -22.8969129880432], [-43.23247659102111, -22.89134288316677], [-43.23362232910648, -22.88964866835062], [-43.23058287509889, -22.88652758917613], [-43.23351271523887, -22.88671035659689], [-43.23924182924628, -22.87990022601383], [-43.23532596611972, -22.87535742030792], [-43.23289583607323, -22.86912733895474], [-43.23010453919238, -22.8679235892015], [-43.22622750429514, -22.86905345964868], [-43.22540234664024, -22.87240045031973], [-43.22701832133771, -22.8742318540161], [-43.22520096055513, -22.87441684096365], [-43.22480535957897, -22.87548984008328], [-43.22402682817483, -22.87363347120697], [-43.22211598826152, -22.87275412760016], [-43.2214195793494, -22.87428793663821], [-43.22143332728547, -22.87250709282728], [-43.21873766521037, -22.87212581085669], [-43.21823338386287, -22.87368343214388], [-43.21970079415559, -22.8754067256391], [-43.21779770100238, -22.87485278372822], [-43.21691422411141, -22.87586341396462], [-43.21648174823338, -22.87357068683696], [-43.21262070328208, -22.87308754495348], [-43.21375166280825, -22.87115391262222], [-43.20987580422428, -22.86701581712549], [-43.20460079568943, -22.87123940937045], [-43.2044288147373, -22.87434240857453], [-43.20239648720741, -22.87260419982317], [-43.21600404634893, -22.88669168757053], [-43.21028764156068, -22.8977206098175], [-43.20928933293561, -22.90943672562361], [-43.19828149889133, -22.90468695263996], [-43.19790802843204, -22.90566539703968], [-43.1947075103426, -22.90578562560535], [-43.19299944236963, -22.91080593264689]], [[-43.22483693297733, -22.87554338391925], [-43.22473184269967, -22.87577462569766], [-43.22461502706113, -22.87584694288131], [-43.22483693297733, -22.87554338391925]]], [[[-43.20879716815404, -22.89141555018671], [-43.20957937059075, -22.8911904750596], [-43.20907310623812, -22.88986884127326], [-43.20879716815404, -22.89141555018671]]], [[[-43.20854951374832, -22.88970058261503], [-43.21083985857189, -22.88712895413715], [-43.21038165039209, -22.88635123931749], [-43.2080339072383, -22.88642926719615], [-43.20738135556439, -22.88913203661343], [-43.20854951374832, -22.88970058261503]]], [[[-43.19558857435248, -22.88710498270802], [-43.19692951478453, -22.88803344818433], [-43.19817066464373, -22.88778645567959], [-43.19639102862232, -22.8871192387611], [-43.19558857435248, -22.88710498270802]]]]}}, {"type": "Feature", "id": "5", "properties": {"id": "5", "unidade": "5", "camada": "AISP", "label": "AISP 5"}, "geometry": {"type": "MultiPolygon", "coordinates": [[[[-43.17711789617323, -22.91838853500212], [-43.18019209638743, -22.91989267540589], [-43.18021637358606, -22.92239562625639], [-43.18455669963123, -22.92305856869723], [-43.18141189813986, -22.92394945420318], [-43.19312142731127, -22.92848258230458], [-43.19525460391611, -22.93235255212778], [-43.1994928659023, -22.93470913471805], [-43.19675569202082, -22.93518998063234], [-43.19426509695592, -22.9336259543735], [-43.19587247413466, -22.93621870432895], [-43.19902798835022, -22.93626457784723], [-43.19806003184425, -22.93898870616306], [-43.19876016394966, -22.93971926593059], [-43.20252926221497, -22.93844213599499], [-43.20278441876519, -22.93954239896175], [-43.2082493542236, -22.93980162314563], [-43.20505709191053, -22.93986595255092], [-43.20703664272617, -22.94421082916568], [-43.20801318416039, -22.94294243614377], [-43.20868843292413, -22.94349513699018], [-43.2083035491687, -22.94556344819381], [-43.20491889219238, -22.94459170644132], [-43.20511441199977, -22.94558762286971], [-43.20333109685191, -22.94665378624245], [-43.19961445514224, -22.94332368304077], [-43.19638177729644, -22.9450336099124], [-43.19803993919112, -22.9470286614428], [-43.21170344155985, -22.95227050118189], [-43.21393815072435, -22.95198368489838], [-43.21414982235569, -22.95063385736586], [-43.21713256241708, -22.94819949331122], [-43.21905206819764, -22.94234748514754], [-43.2183106554117, -22.93440799942886], [-43.21428080231647, -22.93338795059265], [-43.21711678201314, -22.93559987903041], [-43.21496471065217, -22.9391892082146], [-43.21034282755869, -22.93757568686766], [-43.20886311364103, -22.93836531320784], [-43.20634528530593, -22.93770546263625], [-43.20692707922058, -22.93829648539372], [-43.20471183408313, -22.93672515843855], [-43.20494783057717, -22.93046651281855], [-43.20416590423235, -22.9310298310611], [-43.20241910066022, -22.92992134919012], [-43.20298504582246, -22.93196050077574], [-43.20182526032676, -22.93077052324026], [-43.2000410395616, -22.93390948273566], [-43.19637277238479, -22.93103590418286], [-43.19714497705831, -22.9286469352071], [-43.19623142414019, -22.92734015372434], [-43.19809119335315, -22.92697107825188], [-43.19794710487423, -22.92558571580736], [-43.19663825495076, -22.92340193525035], [-43.19501530241354, -22.92367796776324], [-43.19732461573767, -22.92258155479414], [-43.19560012974148, -22.9230312688772], [-43.1972094008924, -22.92228576507523], [-43.19676004114223, -22.92095563359482], [-43.19342277484043, -22.92016771596656], [-43.19376896076818, -22.91540966742144], [-43.19562707792659, -22.91293759928999], [-43.19299944236963, -22.91080593264689], [-43.1947075103426, -22.90578562560535], [-43.19957410166273, -22.90492493393776], [-43.20928933293561, -22.90943672562361], [-43.21028764156068, -22.8977206098175], [-43.19567303508177, -22.89200678428489], [-43.19065252299481, -22.89215214170719], [-43.18081988163152, -22.89546015216354], [-43.1789982940353, -22.892289703806], [-43.17828876131654, -22.89256645667587], [-43.17949271881321, -22.89563731321067], [-43.17694844771194, -22.89621560426593], [-43.17565374862085, -22.89593860588116], [-43.17466369936949, -22.89314625139764], [-43.1673320762136, -22.89546350123879], [-43.16809371385307, -22.89747222696093], [-43.17165349581143, -22.89766331221131], [-43.17129796772628, -22.89862863100575], [-43.17488074624873, -22.89748905417576], [-43.17566712333831, -22.8960622941388], [-43.17691644443761, -22.89632832259326], [-43.17514644105466, -22.90030222256877], [-43.17402690471715, -22.90062050792932], [-43.17556097365929, -22.89839643055006], [-43.17286545367699, -22.90074098111063], [-43.17383962359901, -22.9013720129073], [-43.17336637156006, -22.90209298590179], [-43.17142638192126, -22.9019979914134], [-43.17175179800637, -22.90295946380746], [-43.16918168218814, -22.90460924312129], [-43.16195942918358, -22.90464685007129], [-43.16113563669956, -22.91288676601067], [-43.15788495712434, -22.91292151671388], [-43.16063171957745, -22.91656565058355], [-43.16143206673576, -22.9162328519638], [-43.16116709858198, -22.91299693925657], [-43.16161281787652, -22.91677351088805], [-43.16265834720423, -22.91715558426205], [-43.16850982656649, -22.91434946295658], [-43.16828425861092, -22.91073620101412], [-43.17119910885106, -22.91114798618986], [-43.174230063366, -22.91371442288153], [-43.17476419680952, -22.91267133341455], [-43.17640079026353, -22.91413589105775], [-43.17711789617323, -22.91838853500212]]], [[[-43.12333627584775, -22.80463396658354], [-43.12219672599736, -22.80492117137419], [-43.12371611890302, -22.80710988111537], [-43.12420715143816, -22.80596807396665], [-43.12333627584775, -22.80463396658354]]], [[[-43.11881128301354, -22.80260704577779], [-43.11690662144269, -22.80257721886278], [-43.11681397508414, -22.8031979489254], [-43.11781455539671, -22.80442088121794], [-43.11956557139325, -22.80383720861948], [-43.11881128301354, -22.80260704577779]]], [[[-43.12368466241651, -22.79928809327009], [-43.12326052595176, -22.79781395874642], [-43.12266667122918, -22.79900341107776], [-43.12368466241651, -22.79928809327009]]], [[[-43.12125247382187, -22.79667101215671], [-43.12270422601847, -22.79634677238488], [-43.12114964084253, -22.79568929512408], [-43.12125247382187, -22.79667101215671]]], [[[-43.13833446836031, -22.78278564613987], [-43.13712977701687, -22.78303752556059], [-43.13830255321955, -22.78303469179684], [-43.13833446836031, -22.78278564613987]]], [[[-43.11663208090511, -22.76884263987517], [-43.1171637187299, -22.76959420420837], [-43.11736254624378, -22.76914301883448], [-43.11663208090511, -22.76884263987517]]], [[[-43.11735229667045, -22.7537442071287], [-43.11451691232492, -22.75636131612106], [-43.11713276136709, -22.75695260507791], [-43.11855158578635, -22.75859577617337], [-43.12000540642362, -22.7583609586905], [-43.12082068322724, -22.75644656285783], [-43.11735229667045, -22.7537442071287]]], [[[-43.12817206898507, -22.7462421390627], [-43.12415280360824, -22.74810498575573], [-43.12448545743717, -22.74865640057163], [-43.12645696741436, -22.74744852922549], [-43.12913297570555, -22.74783993666296], [-43.12817206898507, -22.7462421390627]]], [[[-43.10808278559136, -22.80083069767778], [-43.11191811173074, -22.80318059830518], [-43.11161699532732, -22.80165805777239], [-43.10916553156329, -22.8000005766645], [-43.10808278559136, -22.80083069767778]]], [[[-43.11338995028524, -22.79730156371539], [-43.11372574634538, -22.7963848298952], [-43.11162687438002, -22.79569003616547], [-43.11122447362982, -22.79661346363969], [-43.11338995028524, -22.79730156371539]]], [[[-43.10388073031072, -22.79083372319701], [-43.10453383506768, -22.79126373942927], [-43.10452537064862, -22.79202716492097], [-43.10497578710215, -22.79091589155439], [-43.10388073031072, -22.79083372319701]]], [[[-43.10524160691392, -22.79005567113154], [-43.10608336785242, -22.79173550219087], [-43.10649852638517, -22.79141846868663], [-43.10524160691392, -22.79005567113154]]], [[[-43.10114974376495, -22.78983770604452], [-43.10181681139602, -22.78992688281863], [-43.1008843268495, -22.78934745771824], [-43.10114974376495, -22.78983770604452]]], [[[-43.09943217805187, -22.78824522703485], [-43.10022906102159, -22.78930705477597], [-43.10052820431247, -22.78895130635692], [-43.09943217805187, -22.78824522703485]]], [[[-43.10499958226416, -22.77757523320969], [-43.10614793288005, -22.77775710220772], [-43.10694868203529, -22.77692613133513], [-43.1057328642795, -22.7765642486404], [-43.10499958226416, -22.77757523320969]]], [[[-43.11551447091534, -22.77018303891532], [-43.11574643574869, -22.77029010140626], [-43.11541505715843, -22.77014990159591], [-43.11551447091534, -22.77018303891532]]], [[[-43.11458450986652, -22.76952521811353], [-43.1146809243844, -22.76982362126233], [-43.11499446042529, -22.76965283281123], [-43.11458450986652, -22.76952521811353]]], [[[-43.101511892659, -22.76288107989717], [-43.10225348441003, -22.76287328277499], [-43.10170969584505, -22.76248375402128], [-43.101511892659, -22.76288107989717]]], [[[-43.1056787502734, -22.74915487589601], [-43.10421260262876, -22.75095442470615], [-43.10246570462783, -22.75058340939603], [-43.10178395556437, -22.75202804705594], [-43.10707806929673, -22.7550137252025], [-43.10848296861337, -22.75768590418033], [-43.10643003132014, -22.76187399478823], [-43.10692373304312, -22.7631170602034], [-43.10269530424415, -22.76339584284312], [-43.1024545539338, -22.76506662222607], [-43.10813813256806, -22.76986408355981], [-43.11072363668575, -22.76958598260626], [-43.11435251895284, -22.76744870869015], [-43.11084501908164, -22.76642436199393], [-43.11018986926632, -22.76516617897522], [-43.11111320500964, -22.7608139486041], [-43.10981305242967, -22.7588569941542], [-43.1127333183872, -22.75417673876473], [-43.10921431888499, -22.75190782118824], [-43.10927151486777, -22.74908985671073], [-43.1056787502734, -22.74915487589601]]]]}}, {"type": "Feature", "id": "6", "properties": {"id": "6", "unidade": "6", "camada": "AISP", "label": "AISP 6"}, "geometry": {"type": "Polygon", "coordinates": [[[-43.21797252740947, -22.92609496411052], [-43.22040156118237, -22.93212852021429], [-43.21899585877111, -22.93393675557604], [-43.21428080231647, -22.93338795059265], [-43.2183106554117, -22.93440799942886], [-43.21905206819764, -22.94234748514754], [-43.21742386361967, -22.94778673686761], [-43.21381460455962, -22.95205796800008], [-43.20472215110567, -22.95300471129764], [-43.20190992969879, -22.95484204062689], [-43.20414116388287, -22.95580459040877], [-43.20426448971369, -22.95448484519869], [-43.20585871340819, -22.95704909563847], [-43.20759858230798, -22.95613702030647], [-43.21559955917161, -22.95933824436372], [-43.21968998160662, -22.95976061905657], [-43.22178668440722, -22.95779917159371], [-43.22351093028448, -22.95968066842732], [-43.22817450864591, -22.96085480170694], [-43.22792267059407, -22.96246319871688], [-43.2328854318165, -22.96472501164919], [-43.23803824137099, -22.96442901238822], [-43.24089813404095, -22.9661080268632], [-43.24266285570548, -22.96866697669884], [-43.23817798882237, -22.96928101400681], [-43.24015547479462, -22.97153270057288], [-43.23744526438674, -22.97205018756534], [-43.23293067670863, -22.97004292144288], [-43.2270423764038, -22.97012543603927], [-43.22846434395359, -22.97038181926479], [-43.23238366497344, -22.97456324409768], [-43.2367538080411, -22.97452993770571], [-43.23831528562118, -22.97559294355875], [-43.23904284884765, -22.97652566102965], [-43.23770440583291, -22.98007799300422], [-43.23969135087441, -22.97840479444494], [-43.23803346057502, -22.98038742543855], [-43.2426632433133, -22.97910965338701], [-43.24387378294801, -22.97527085226727], [-43.24568395814742, -22.97441340985023], [-43.24887125530347, -22.97669870587981], [-43.24264599341711, -22.98129456619051], [-43.24262475322905, -22.97962712419167], [-43.24148695256008, -22.9807420434098], [-43.24179611160054, -22.98220489144182], [-43.25124462823629, -22.97891120628634], [-43.25818050922237, -22.97964494425798], [-43.26580024638355, -22.98265046054956], [-43.27866493493809, -22.98188979327858], [-43.28270698194092, -22.98794127017271], [-43.29272698536136, -22.97948258695106], [-43.29693997819669, -22.97948602775722], [-43.2922555778319, -22.97382937932161], [-43.29536740028459, -22.9763346666108], [-43.29622120224593, -22.97397709386701], [-43.29814482242489, -22.97437777511345], [-43.29859872285203, -22.97250878515155], [-43.29929101017126, -22.97384634413271], [-43.30017825522157, -22.97258172556542], [-43.30123773663149, -22.97333577112818], [-43.30012263485099, -22.95066148274049], [-43.29106608772901, -22.94456750928236], [-43.28547614380824, -22.9430758235896], [-43.28646670207593, -22.93589053182183], [-43.2805704193886, -22.93213826167067], [-43.27854995211788, -22.92802863421332], [-43.27939010416924, -22.92432235089501], [-43.27811446980621, -22.92077030760282], [-43.2644261263639, -22.91530890018481], [-43.26278290400711, -22.91666981186154], [-43.26311349569056, -22.91518527667841], [-43.25818337985834, -22.91042433681292], [-43.25437839414684, -22.91058926618092], [-43.247725472252, -22.90811512601147], [-43.24484638355301, -22.90877480211464], [-43.24076778540422, -22.90762081185022], [-43.23871859468665, -22.90885930331342], [-43.22439673911748, -22.90965054213802], [-43.22599967634324, -22.91193691555543], [-43.22229071304525, -22.91030534931167], [-43.22361335317299, -22.91004201072946], [-43.21987209971689, -22.90996354578022], [-43.21780197817804, -22.90759520095696], [-43.20974365604417, -22.90686548295491], [-43.20959155100854, -22.90946570717585], [-43.20792984128843, -22.91078436690424], [-43.20984474883534, -22.91254947617659], [-43.21008107897791, -22.91581935088158], [-43.21232085042618, -22.91637124233819], [-43.21178818827354, -22.91991411524344], [-43.21616123884934, -22.92254404676959], [-43.21474859726919, -22.92351657722747], [-43.21797252740947, -22.92609496411052]]]}}, {"type": "Feature", "id": "7", "properties": {"id": "7", "unidade": "7", "camada": "AISP", "label": "AISP 7"}, "geometry": {"type": "MultiPolygon", "coordinates": [[[[-43.10334357604449, -22.84622444829887], [-43.10408022602087, -22.84777085234219], [-43.10635203401841, -22.84800702959996], [-43.10574471914276, -22.8461794624115], [-43.10334357604449, -22.84622444829887]]], [[[-43.10828644426329, -22.84741096074646], [-43.10802777316246, -22.84652810618638], [-43.10754979338753, -22.84683738573597], [-43.10828644426329, -22.84741096074646]]], [[[-43.10767330357936, -22.8318439326506], [-43.10469086119355, -22.83475598420051], [-43.10599239063561, -22.8398897946775], [-43.10776391657078, -22.84077555764509], [-43.1094992897597, -22.84014287019653], [-43.11271695881987, -22.83482829239102], [-43.11383329357091, -22.83511346741182], [-43.11549175314116, -22.83354977660014], [-43.11146406741204, -22.83037501239613], [-43.10767330357936, -22.8318439326506]]], [[[-43.05856796274054, -22.83479535921771], [-43.07318427343472, -22.84178770413848], [-43.07410766223808, -22.84659685935679], [-43.08171666239332, -22.85484357596948], [-43.08634333167868, -22.85463926528911], [-43.09535979871498, -22.85173584902941], [-43.09956956927948, -22.85888976794769], [-43.1033932626882, -22.85587563525161], [-43.10048955504817, -22.85092160015097], [-43.10051194906646, -22.84944909969545], [-43.10236946367905, -22.85099938880995], [-43.10434702969093, -22.85033411802436], [-43.10230580516804, -22.84485849142544], [-43.09719647333782, -22.84197582612268], [-43.09779789135888, -22.83741284502599], [-43.09548881365708, -22.83490213302622], [-43.09608685562318, -22.8338137689895], [-43.09748170141864, -22.83414503516445], [-43.09702976601017, -22.83296976244378], [-43.09855778611222, -22.83076119926915], [-43.09629335975001, -22.82673361966005], [-43.09084367769282, -22.8238249828359], [-43.08948362666729, -22.82197178317051], [-43.08882970172863, -22.82266253444766], [-43.08674677294448, -22.82115421579363], [-43.08253318385863, -22.82040225216144], [-43.07436691430092, -22.81334917962016], [-43.0710851874307, -22.80839676509788], [-43.06535470735315, -22.80317191625016], [-43.06801250886946, -22.8010197441651], [-43.07187829774449, -22.8016654591928], [-43.07898080511933, -22.79904908134927], [-43.08148302841829, -22.78941616862051], [-43.07857889360031, -22.78481363444092], [-43.075195057705, -22.78394498557185], [-43.06825884217108, -22.77849973267575], [-43.06755873794469, -22.77278221722474], [-43.06882929743341, -22.76983918672829], [-43.06554918034965, -22.76846490932735], [-43.0635136926021, -22.76464026713387], [-43.04641300475561, -22.75675761407183], [-43.04033247166552, -22.75080673084517], [-43.03609295332643, -22.74970471509977], [-43.03245853483276, -22.74719858514584], [-43.02893558101152, -22.74681405392465], [-43.02409389371746, -22.74029679296183], [-43.02164735104367, -22.74013231955013], [-43.0179333479449, -22.74366295268237], [-43.01210660983145, -22.74118503536033], [-43.01059164968416, -22.73648692033436], [-43.00046110969174, -22.73858908112044], [-42.9995734608458, -22.73757303067003], [-43.00062408573223, -22.7346682888097], [-42.99787073934243, -22.73408384729095], [-42.99331137172169, -22.73654742582227], [-42.99395733676096, -22.73887301597614], [-42.9967565710582, -22.73979254668791], [-42.99736112501517, -22.74107277838522], [-42.9965990826808, -22.74227172396013], [-42.99268218533388, -22.7428864375583], [-42.99157976489352, -22.7456805933839], [-42.99479367838484, -22.74537093701838], [-42.99594000102951, -22.74625913894732], [-42.99559069265558, -22.74759031633926], [-42.99326270490917, -22.74827583715938], [-42.99280068540259, -22.75015125817328], [-42.9952231037625, -22.75437983625966], [-42.99814406219798, -22.75545910994919], [-42.99273846490752, -22.75864443399269], [-42.99210392935214, -22.76429417203764], [-42.99427570395983, -22.76782917857298], [-43.01646554644708, -22.77801036928236], [-43.01692119875361, -22.78732598140812], [-43.01474784043972, -22.78878969638663], [-43.01457835330763, -22.79115981916954], [-43.0101207430771, -22.79434712711748], [-43.01177432562389, -22.7980744392832], [-43.0115006394422, -22.80024582718238], [-43.00804231000387, -22.80293066142013], [-43.00611777341578, -22.80683306259499], [-43.00820900024445, -22.81549075589288], [-43.00596781326323, -22.81712054957291], [-43.00068081676557, -22.81485542533682], [-43.00158850880189, -22.81644293739089], [-43.00072446086443, -22.82740333489522], [-43.01060300992026, -22.83892411705358], [-43.00720975542515, -22.84530513612236], [-43.00790065509045, -22.84824134705974], [-43.01058868911599, -22.85061366598711], [-43.01211978040283, -22.85401423286976], [-43.01537961687507, -22.85371853488169], [-43.01890760779912, -22.85171352875557], [-43.0196688344484, -22.8530372336806], [-43.02080004488545, -22.85230983323146], [-43.02213281407739, -22.85375226755235], [-43.02059925055426, -22.85622002883048], [-43.02374193773949, -22.8553125975975], [-43.02518513288686, -22.8562136697243], [-43.03092078226757, -22.85290415919883], [-43.03164912970283, -22.84976542903053], [-43.03296973736275, -22.85027058361976], [-43.03656017900835, -22.84832297402528], [-43.04143798487439, -22.84863012487961], [-43.04201425155571, -22.84687898117926], [-43.04489829641852, -22.84542621724535], [-43.04842500041269, -22.84593131697591], [-43.04898144783482, -22.84467866119047], [-43.04659928312969, -22.8356203549946], [-43.04731543126144, -22.83347625612356], [-43.05480044098681, -22.83550631916052], [-43.05856796274054, -22.83479535921771]]], [[[-43.09387699023017, -22.82257312384979], [-43.09612185543853, -22.82325839915501], [-43.09614548422599, -22.82503065983633], [-43.10191124021082, -22.8296857989597], [-43.10434331639021, -22.82936509622147], [-43.10222522141612, -22.82778409705764], [-43.10123725139732, -22.82434493576937], [-43.09777087842258, -22.82258358296519], [-43.095884464096, -22.8193150896189], [-43.09334564018843, -22.82043243161064], [-43.09387699023017, -22.82257312384979]]]]}}, {"type": "Feature", "id": "8", "properties": {"id": "8", "unidade": "8", "camada": "AISP", "label": "AISP 8"}, "geometry": {"type": "Polygon", "coordinates": [[[-40.97924660304756, -21.91872873164488], [-40.9733111773682, -21.94743421271795], [-40.97395474301624, -21.95554110633623], [-40.97704659512351, -21.98113598173938], [-40.98302742667369, -21.99750226701525], [-40.98966400608828, -22.01060427676521], [-41.01139625822998, -22.02539144425896], [-41.07042606660895, -22.05449873792566], [-41.12490791256937, -22.08494051039548], [-41.13348719667607, -22.0917035281945], [-41.13375521533021, -22.09545723006636], [-41.13512271544022, -22.09348802415224], [-41.14322435072245, -22.08902581119145], [-41.14472696407739, -22.08923411216375], [-41.14518856989582, -22.09092200114867], [-41.14131526178915, -22.09428428569043], [-41.14407985240251, -22.09657324915537], [-41.1448032032045, -22.09929820214955], [-41.14813260223707, -22.09526526977561], [-41.14891540721953, -22.09865412208927], [-41.15174936074368, -22.0992288401381], [-41.1528492513911, -22.0976929572634], [-41.15134309470733, -22.09505718194259], [-41.15577238438732, -22.09656333862642], [-41.15803161986264, -22.09342220906694], [-41.16105384196049, -22.09767313890347], [-41.15947832326526, -22.10027918713399], [-41.16003322295416, -22.10175561582821], [-41.16663256773808, -22.09944683670136], [-41.16662265810845, -22.0978514996462], [-41.17488670285832, -22.09746505107046], [-41.17614835006555, -22.09580088710049], [-41.17912772306522, -22.09986301236734], [-41.18265530120044, -22.09832712769401], [-41.18658914357337, -22.09869375790981], [-41.18710440834104, -22.10029900369528], [-41.18898710487025, -22.09896129902398], [-41.18910601143256, -22.1016664363562], [-41.19034462790154, -22.09825776568255], [-41.19270295157924, -22.09709842085465], [-41.19330739671824, -22.10007109930103], [-41.19183096622538, -22.10077463264241], [-41.191127432884, -22.10321222796119], [-41.19460546556905, -22.10424275659716], [-41.19550717801314, -22.10280596192484], [-41.19872757921365, -22.10164661799627], [-41.19949056583619, -22.1035392241551], [-41.2010363583405, -22.10377703817898], [-41.20379104022356, -22.09937747379058], [-41.20633763427367, -22.09941710961112], [-41.2072888912686, -22.09618679968031], [-41.20892386414425, -22.09741550741893], [-41.21491876378917, -22.09664261116677], [-41.21618710554975, -22.09823794822194], [-41.21815898334967, -22.09860457843774], [-41.21953632384151, -22.09642461370419], [-41.22337107801212, -22.09772268435364], [-41.22879126140685, -22.09549317506918], [-41.24356546966993, -22.09924865759871], [-41.24841322918644, -22.09615887213346], [-41.25232089229462, -22.09907798965673], [-41.25695423005294, -22.09941863755932], [-41.27103310499308, -22.07889739090109], [-41.27666785763478, -22.06740398770307], [-41.43994640490195, -21.98222618578905], [-41.44556981619331, -21.97836931279278], [-41.4505685727807, -21.9729427451108], [-41.45173954584266, -21.97382376415464], [-41.45289936821052, -21.98277892530638], [-41.45674685318397, -21.98446289684443], [-41.46206642042824, -21.98359303119264], [-41.46647151115059, -21.98716171194269], [-41.4658135356654, -21.98853342537649], [-41.46870193684418, -21.99282699476925], [-41.46912214057357, -21.99987637919077], [-41.47064175741042, -22.00190863657355], [-41.47430348291869, -22.00373949977734], [-41.4774708762792, -21.99941866294017], [-41.47970452874029, -21.99929050325335], [-41.48098613280303, -22.00216495684651], [-41.48429317109225, -22.00406971104758], [-41.5189033084402, -22.01774560337611], [-41.52397479859735, -22.02351282075932], [-41.53950051723433, -22.05000541022071], [-41.54286482075412, -22.05336622077368], [-41.54627972193089, -22.05498648523735], [-41.55121804137877, -22.05544307283878], [-41.5794896885975, -22.05004153059139], [-41.58233857356561, -22.05098579535741], [-41.58518746033229, -22.05017029372328], [-41.58444170741814, -22.0492421259226], [-41.5879183137784, -22.046666862385], [-41.58969417264723, -22.04657028958644], [-41.59154679674651, -22.04803092258823], [-41.59363115095613, -22.0475488284149], [-41.59436847362542, -22.04879660537824], [-41.5984946450111, -22.04923616161881], [-41.60145811439975, -22.05081006333296], [-41.60525816193388, -22.04848466113742], [-41.60661937308487, -22.050186173952], [-41.60830670718804, -22.04929287916229], [-41.61103621974502, -22.04992385699961], [-41.61205003807805, -22.04716598701992], [-41.6156799338811, -22.04654209943754], [-41.61922475471795, -22.04800256516546], [-41.62132917819827, -22.05026536015748], [-41.62539710499169, -22.0508464921711], [-41.62621230355421, -22.04935330461052], [-41.62873861609353, -22.05102406061116], [-41.64070832992473, -22.05342123230326], [-41.6445244339547, -22.05198688558551], [-41.64803705456569, -22.05330016197212], [-41.64823076583644, -22.05602825719751], [-41.65274261328022, -22.05829628714315], [-41.66154838355033, -22.05591525918106], [-41.67526661596082, -22.05829025808816], [-41.68504621620917, -22.05422295722292], [-41.68783909679615, -22.04988450086825], [-41.6891044797872, -22.05121315296384], [-41.68918582526487, -22.05001103997677], [-41.69594691401812, -22.05084773863143], [-41.69533197019354, -22.05266834416796], [-41.69661542955771, -22.05340949615055], [-41.69827850444869, -22.05002911724921], [-41.69981504023121, -22.04941450167712], [-41.70481330219138, -22.05243334412273], [-41.70854618116061, -22.05675372230564], [-41.71546059443017, -22.05878737273827], [-41.72085654739101, -22.06347832826145], [-41.72069385463692, -22.06443640211751], [-41.72228462133745, -22.06471659399483], [-41.72204962219155, -22.06592774606787], [-41.72317942788754, -22.06645197617701], [-41.72130846930969, -22.06759082095886], [-41.72309808240982, -22.07020293331794], [-41.72595423120208, -22.06919966493183], [-41.72609884668367, -22.07022100879175], [-41.72791557524289, -22.07033850881436], [-41.72816865166124, -22.07199254461949], [-41.72903634275229, -22.07122427717786], [-41.73137730142059, -22.0746679251838], [-41.7336188364394, -22.07596042363389], [-41.73252518438903, -22.07720773025176], [-41.73401652744008, -22.07740657485277], [-41.73306748997197, -22.07945830255784], [-41.73633473865652, -22.07991910258374], [-41.73746017544602, -22.08458310272721], [-41.74032307185155, -22.08625345313357], [-41.75004013774145, -22.08650593689867], [-41.75445245811369, -22.08177214576716], [-41.75321419058167, -22.07775907492061], [-41.75488630365925, -22.07400811867893], [-41.7541993816954, -22.07187504639552], [-41.75503995732743, -22.068847164864], [-41.76235954755435, -22.0634361545541], [-41.75903955543038, -22.05469385034013], [-41.76201610096155, -22.04957335612471], [-41.76668907184245, -22.04703392517473], [-41.76360862044072, -22.0441436156346], [-41.76461797723715, -22.04052923313685], [-41.76303603558387, -22.03835406538701], [-41.76388945173608, -22.03496121828482], [-41.76710537161489, -22.03046517462735], [-41.7718928243936, -22.0279465575868], [-41.7739535111449, -22.02210794662363], [-41.76533609578348, -22.01851735658994], [-41.76438901344147, -22.01722682585654], [-41.76279666393418, -22.02302380810147], [-41.76129798331453, -22.02183735231119], [-41.7620369157703, -22.01953729211158], [-41.75716620285726, -22.01609240843715], [-41.7511999547134, -22.01388895700899], [-41.74962076138831, -22.01045154040548], [-41.74777863237728, -22.00931712118739], [-41.74631117442044, -22.01081580180704], [-41.74452108288091, -22.01054520659522], [-41.74093049284721, -22.00784966323062], [-41.7410449756444, -22.00557041873907], [-41.73892184356748, -22.00408214507416], [-41.73471721172922, -22.00465455816055], [-41.73091847180928, -21.99628692410147], [-41.72282143116337, -21.99282122292033], [-41.71730545288364, -21.9847345910278], [-41.71671222498844, -21.98191415611262], [-41.72061503985145, -21.96837399126593], [-41.71937654658961, -21.96610515372907], [-41.71342345282937, -21.96113036587292], [-41.72091685772608, -21.94456161622486], [-41.71873128122292, -21.93409166399834], [-41.71608777443049, -21.93099022691666], [-41.71391260578139, -21.92372578761422], [-41.71415197833039, -21.91787676879704], [-41.71605655176774, -21.91135126195041], [-41.71272614999111, -21.9058560993787], [-41.71026997827613, -21.9048465708118], [-41.71226821970185, -21.90123516596935], [-41.70944778568605, -21.90034012109891], [-41.70866722271342, -21.89644771319064], [-41.70960389810068, -21.89458477027017], [-41.70699161397107, -21.89228471007056], [-41.70565945272085, -21.89242000767644], [-41.70926045060855, -21.89191003991562], [-41.7109985037772, -21.89272182555101], [-41.71139398964016, -21.89104621680866], [-41.71604614481299, -21.88862126775655], [-41.71723260060332, -21.88895430919325], [-41.72034444463969, -21.88651895228702], [-41.72136106166295, -21.88869937387625], [-41.72384136668501, -21.88972446431183], [-41.72675546868919, -21.8880072250526], [-41.72876411796892, -21.88979731569282], [-41.72914919507855, -21.88893349258586], [-41.73047094757544, -21.88951631442558], [-41.73122028878458, -21.88788233530073], [-41.73281263739256, -21.88826741330968], [-41.73304160298687, -21.88739318324804], [-41.73545614418498, -21.88936020111163], [-41.73667382263807, -21.8884131178703], [-41.73821413377453, -21.88968283379495], [-41.7387449163441, -21.88867330612737], [-41.73984811200006, -21.89023443117327], [-41.74077680320619, -21.88873824167575], [-41.74119068020497, -21.88952672138032], [-41.74410478220921, -21.88853800762217], [-41.74600935564649, -21.88952672138032], [-41.7468107343272, -21.88883982639612], [-41.74702929116813, -21.88976609303], [-41.74860082496735, -21.88885023335081], [-41.75235793526974, -21.88991179938927], [-41.75746802073184, -21.88862126775655], [-41.76015315714176, -21.8901719858477], [-41.76191202601848, -21.88908960589981], [-41.76161020814385, -21.88991179938927], [-41.76316092713432, -21.89031769220696], [-41.77199689933673, -21.89026565383608], [-41.77246523658067, -21.88939142287506], [-41.77435940396259, -21.89055706385665], [-41.77652416475769, -21.8898909836812], [-41.77695354426993, -21.88872766744714], [-41.77818936744461, -21.88965161113219], [-41.77869933430611, -21.88857963813899], [-41.78007312517383, -21.88898553005737], [-41.77950071208744, -21.88773662984084], [-41.78215462583461, -21.88656058100526], [-41.78450672260641, -21.88701851219383], [-41.78377819710539, -21.88774703679553], [-41.78483976314379, -21.88890227082237], [-41.78614057762485, -21.88755106642782], [-41.7880452751686, -21.88855882333024], [-41.7889299130843, -21.88803844771542], [-41.78776427210272, -21.88690403029597], [-41.78965843858532, -21.8871225871369], [-41.78885705990467, -21.88582164944881], [-41.79098019198153, -21.88370892522596], [-41.78973129086563, -21.88386503764059], [-41.79019940058112, -21.8826946338495], [-41.78736878713909, -21.88165864632867], [-41.79638536119472, -21.87892575681747], [-41.79667928302177, -21.87676442873465], [-41.80777790722391, -21.87923369817588], [-41.80963044318969, -21.88087808335609], [-41.81465726941673, -21.87929614170281], [-41.82666753188033, -21.88360485028284], [-41.82941511361588, -21.88568635094356], [-41.83089297942672, -21.88515556927331], [-41.83939591199101, -21.88772622198678], [-41.84675401928183, -21.88653976709583], [-41.84879389032506, -21.88754929476335], [-41.85003238358689, -21.88586327816699], [-41.85540265730606, -21.88484334264535], [-41.87120125183554, -21.88473926770229], [-41.88159114281626, -21.88138347716495], [-41.88739514337044, -21.88084333175357], [-41.88848202442517, -21.87864353067363], [-41.88333298482866, -21.87234789773652], [-41.88973665602111, -21.86314385820174], [-41.8912934814083, -21.86263302529312], [-41.89567204842558, -21.8642628261677], [-41.89905327628696, -21.86384929360923], [-41.90058577501276, -21.86496826067594], [-41.90053712438805, -21.86645210877703], [-41.89863974462776, -21.86769270285515], [-41.89482066024453, -21.86511421434875], [-41.89260705097388, -21.86523583956159], [-41.89119617925951, -21.87241182604419], [-41.89622772243069, -21.87845105687001], [-41.92625835363935, -21.87537373690765], [-41.92656142337023, -21.8730740751077], [-41.92824935102601, -21.87246952294936], [-41.92764449759477, -21.8710732301447], [-41.92914461533098, -21.87032625774981], [-41.93014793228053, -21.87130685062988], [-41.93236839708311, -21.87064815928437], [-41.93686618002943, -21.87219137073441], [-41.94103299267772, -21.86680193516042], [-41.94934171844483, -21.85971995301264], [-41.94950870815961, -21.85707435619582], [-41.9523975392143, -21.8553878242879], [-41.95425873385273, -21.85018671844153], [-41.95495254732145, -21.84703761639213], [-41.95406265017044, -21.84325038509644], [-41.95664869568003, -21.83758659244648], [-41.95553234743915, -21.83599455860121], [-41.95692677864719, -21.83557021978902], [-41.95676065497952, -21.83409971582847], [-41.95928678765438, -21.8347440611887], [-41.96109036542731, -21.83360329095831], [-41.9656764564026, -21.82735466918189], [-41.96742415390082, -21.81808828144824], [-41.96908563519315, -21.8159762901729], [-41.97025421066257, -21.81125570918283], [-41.97020330903473, -21.80361587667062], [-41.97106372910707, -21.80312194292253], [-41.96750221955108, -21.80107514889824], [-41.95921004041031, -21.79241505441047], [-41.95916688014665, -21.78896357870542], [-41.95709459573828, -21.78756972126484], [-41.9557603732419, -21.78450627604303], [-41.95625192918243, -21.78211872080152], [-41.95423935975793, -21.78025982662894], [-41.95234500171972, -21.77550399671128], [-41.95294270644001, -21.77147127567804], [-41.94999337439396, -21.76987371999542], [-41.9448232618833, -21.77303372002939], [-41.93666870689458, -21.76935583190533], [-41.93429787634517, -21.76713297760404], [-41.93446085868095, -21.76081742558296], [-41.93594015081658, -21.76002505361254], [-41.9356038115659, -21.75737218217967], [-41.9375840305778, -21.75565292304321], [-41.93793709362126, -21.75209159874748], [-41.9367321612595, -21.74847394091887], [-41.93320089680321, -21.74734992415893], [-41.92978928624581, -21.74239714720977], [-41.93065175857106, -21.7412680906491], [-41.93349007830375, -21.74198943236564], [-41.9372721124173, -21.7412523570099], [-41.93768091184387, -21.59734882368849], [-41.92652618433522, -21.58765368416942], [-41.92197824170177, -21.5854038358176], [-41.9170923985946, -21.58461052765296], [-41.90070282537437, -21.57526369016637], [-41.89461651234143, -21.57561147868603], [-41.89131251286142, -21.57826337165648], [-41.88697486229933, -21.57959282235009], [-41.88048757034437, -21.57978495081403], [-41.86927136338198, -21.57456811132852], [-41.87244494138019, -21.5720466371418], [-41.87009736370163, -21.56691674501099], [-41.8714885195788, -21.56022179959558], [-41.86996694221989, -21.55917843313739], [-41.86751101691914, -21.55195242816126], [-41.86167374234861, -21.54629976821894], [-41.85644663170598, -21.5438757014017], [-41.85366431725373, -21.53891970218172], [-41.8500994757095, -21.53618086185651], [-41.84575210887198, -21.53022497030537], [-41.84361402286811, -21.53092304386263], [-41.84279589971027, -21.52796433818287], [-41.83740516641456, -21.5253993916678], [-41.8356864216903, -21.52171209303788], [-41.83249264042229, -21.5194869742437], [-41.83160620296314, -21.51575110233074], [-41.82378644039119, -21.51295527016879], [-41.82385208010868, -21.50485907398632], [-41.82036348758413, -21.50157582186591], [-41.82036348758413, -21.49653287708981], [-41.81695080413556, -21.49412008777108], [-41.81592917339191, -21.49135950993264], [-41.82210243377955, -21.48592530161062], [-41.82397180055739, -21.4820561447745], [-41.74292148034129, -21.4642544299972], [-41.68232297822215, -21.51610099706261], [-41.62705494313036, -21.59524697496715], [-41.62118583615666, -21.59431708406538], [-41.61234018365184, -21.5876280768735], [-41.60488935356011, -21.58729750767304], [-41.59383765957961, -21.58259051543916], [-41.59045220310594, -21.58063010309598], [-41.58761802205333, -21.57666525209891], [-41.58009257701008, -21.57553553543585], [-41.568368756712, -21.5682942707632], [-41.56069959460984, -21.56569919156368], [-41.54864268790897, -21.56468275440483], [-41.5419498567997, -21.56145645724894], [-41.54857538444571, -21.61504710383997], [-41.54283083177671, -21.61717284215217], [-41.53868654534705, -21.62110012037346], [-41.52965061338438, -21.62554770226387], [-41.52030571573545, -21.63686653626087], [-41.5126486603067, -21.64250585296196], [-41.50790139463294, -21.65245734602894], [-41.49542204938734, -21.66481910401768], [-41.4934542832878, -21.67080591875737], [-41.49088984488969, -21.67401204322044], [-41.42754852924048, -21.61596457060767], [-41.42762312710488, -21.6138955021749], [-41.42534539617236, -21.61117384069939], [-41.40927615427034, -21.60898877321256], [-41.40548482296549, -21.60556509285396], [-41.40264466321992, -21.60205758398951], [-41.40147856718141, -21.59732236113729], [-41.40247029366839, -21.59547513386957], [-41.40048139080278, -21.59145918609181], [-41.40076634818769, -21.5821945277545], [-41.3957487966689, -21.57978414861878], [-41.38711678261268, -21.56916843157705], [-41.38645278166979, -21.56642942667594], [-41.38101627288194, -21.56325882183637], [-41.37900766856831, -21.56057791763601], [-41.36510514708414, -21.5570172120739], [-41.36008363944768, -21.54391149082187], [-41.36362774532347, -21.53703908038847], [-41.36454063723988, -21.53188152870882], [-41.3731063595701, -21.5179075488935], [-41.37299845981033, -21.50577292907661], [-41.37493236283751, -21.50017041982824], [-41.38245217542681, -21.49279170817005], [-41.38255177534342, -21.4893887032253], [-41.38569748065345, -21.4884342005771], [-41.38685118223555, -21.48526359573759], [-41.38885978564986, -21.48514739613466], [-41.39064428880215, -21.4823087922162], [-41.39024173786515, -21.47884353619946], [-41.39497689596624, -21.47901368613191], [-41.39841310118294, -21.47208317409843], [-41.39999840360269, -21.47200017476746], [-41.40575861256917, -21.46677946639846], [-41.40851421715666, -21.46755966694428], [-41.41270572428903, -21.46504476410382], [-41.41319542492818, -21.46213145799959], [-41.41113702155559, -21.45983235467867], [-41.41284682432075, -21.45923475427969], [-41.41185765820364, -21.45730671033562], [-41.41304602505329, -21.45425474585903], [-41.41186742304239, -21.45329194516637], [-41.41324522488651, -21.4512916406959], [-41.41139432208956, -21.44930793771039], [-41.41348592573416, -21.44680963365687], [-41.41354402643492, -21.44387142892253], [-41.41229072313763, -21.44342322929782], [-41.41364362455289, -21.43748041928512], [-41.41477242840409, -21.43786222016456], [-41.41618342962084, -21.43484101519994], [-41.42208474041769, -21.43108940784913], [-41.42259103984389, -21.42884840522896], [-41.42495654370879, -21.4269394017312], [-41.42435064256739, -21.4246568980966], [-41.42573674515393, -21.42305499509115], [-41.42645884679763, -21.42371899603404], [-41.42790304918566, -21.42025789128786], [-41.42899865096621, -21.42036579104763], [-41.43069185314579, -21.41419058092981], [-41.43207795573232, -21.41405778074119], [-41.43432725909497, -21.41066307563966], [-41.43668446311676, -21.41038087467683], [-41.43877606676136, -21.41160097680284], [-41.43998786814484, -21.4103227748754], [-41.44271027156105, -21.41089547574484], [-41.4470096793525, -21.40707746964875], [-41.4486530815737, -21.40519336657985], [-41.44793928157185, -21.40172396109114], [-41.44987318459903, -21.39784785519356], [-41.55171916340794, -21.42996078116437], [-41.57110049958766, -21.35754099202239], [-41.58531815700661, -21.31687339099341], [-41.5876539463718, -21.3131966872765], [-41.58716577907671, -21.30990928028825], [-41.58500724069086, -21.3103715992691], [-41.58078885731919, -21.30765357015537], [-41.57456734740441, -21.30592441577841], [-41.57233239092636, -21.303689461099], [-41.57077928603451, -21.30423494128871], [-41.56652150696124, -21.30306064163454], [-41.56349863465351, -21.29974987835345], [-41.55361179744574, -21.2963406231205], [-41.55186171314682, -21.29389353635685], [-41.55008890118108, -21.29374958907152], [-41.5481797187183, -21.29012441560855], [-41.54592960956307, -21.28959030015147], [-41.54389163429073, -21.28542343264451], [-41.54068693525312, -21.28346121716066], [-41.53987993940694, -21.28145480809212], [-41.53699736403638, -21.27977922273215], [-41.53575487958329, -21.28136263207904], [-41.53270170371991, -21.27824884730569], [-41.52972428944366, -21.27837006512561], [-41.52944446089242, -21.27728636227505], [-41.52804238994361, -21.27715031013793], [-41.52864847904334, -21.27620329524512], [-41.52389067511382, -21.27444563415793], [-41.52517103991084, -21.27296071406494], [-41.52536801931791, -21.26968783112773], [-41.52321640121522, -21.26655131598966], [-41.515549366909, -21.26270264660906], [-41.51433718691089, -21.26091468286552], [-41.51374624958902, -21.26313448576713], [-41.51220072058607, -21.26255112523347], [-41.51261740796627, -21.26389209804114], [-41.50985969986453, -21.2638542176972], [-41.50776869067181, -21.26553611719726], [-41.50641256518702, -21.26493760308716], [-41.50626104291206, -21.26349056423737], [-41.50171537016746, -21.26177836118165], [-41.50257904758422, -21.26017222326874], [-41.49904316510924, -21.25616117229947], [-41.4995611350376, -21.2536811973286], [-41.49801507543464, -21.25246475184605], [-41.49874494092558, -21.25065970727888], [-41.49777963382229, -21.25034578632818], [-41.49823481938068, -21.24889390103192], [-41.49667306211137, -21.24755189040661], [-41.49726166389394, -21.24695544024058], [-41.49609908870127, -21.24633533610609], [-41.49592442327275, -21.24417655760129], [-41.49480047935788, -21.24496806712182], [-41.49467383772668, -21.24382829423962], [-41.49038385572965, -21.24293388788783], [-41.48766897784031, -21.23883386788793], [-41.48438421306025, -21.23839853936033], [-41.48199385463192, -21.23495547231641], [-41.47963515593699, -21.23558076374047], [-41.47955574580027, -21.23404017471353], [-41.47202083359389, -21.23296086684974], [-41.47039823898683, -21.23137784780863], [-41.4694880027684, -21.23206646229664], [-41.47183208658078, -21.20252167273622], [-41.46287943363819, -21.20635759962272], [-41.46030702634744, -21.20876096314714], [-41.4572568865953, -21.20817298369548], [-41.45364816622913, -21.2090623016831], [-41.45018644185006, -21.21328105017955], [-41.44612203770112, -21.21547127078173], [-41.44030839731397, -21.21392782730663], [-41.43873555410181, -21.21553006935642], [-41.43581770911925, -21.21583875805146], [-41.41673779691104, -21.20021322096261], [-41.41246707389558, -21.20174550924708], [-41.41029120557397, -21.19850249639234], [-41.4060919202052, -21.20243846116529], [-41.40390219333085, -21.19858565130596], [-41.40259944440811, -21.19828075235404], [-41.39846945360165, -21.20062292780511], [-41.39469979775674, -21.20071994127147], [-41.39248235287755, -21.20250775572759], [-41.38796430910486, -21.19889054935857], [-41.38483216916853, -21.20095554386251], [-41.38124267990503, -21.19997155424306], [-41.38028640739105, -21.19582770308523], [-41.37659990556045, -21.19578612562844], [-41.3753248746425, -21.20153762376157], [-41.372303605826, -21.20353332370314], [-41.36989213491336, -21.2042124161693], [-41.36775784404853, -21.20256319173711], [-41.36511076964558, -21.20339473367926], [-41.362876571296, -21.2026807106455], [-41.3605887868423, -21.20509018506323], [-41.35729427700852, -21.20364419572229], [-41.35547777957515, -21.20445739509194], [-41.35455293117212, -21.20680602317867], [-41.34944192480424, -21.20549176473236], [-41.34280978444326, -21.2088869329848], [-41.33828289314027, -21.20681819190526], [-41.33678609839899, -21.20719543412122], [-41.3312248365562, -21.21163714163998], [-41.33281898380829, -21.21531219869826], [-41.32573658797241, -21.21854916990748], [-41.32394773569871, -21.21815975986425], [-41.32307156310139, -21.21666296512296], [-41.3255175463969, -21.21310959802872], [-41.31613519738073, -21.21353551515114], [-41.31688967911464, -21.22199301486495], [-41.31186385563171, -21.2193766657997], [-41.30986812871043, -21.21948618793647], [-41.30838350359505, -21.22285701873562], [-41.30340635591784, -21.2285886481468], [-41.29715145777283, -21.23101029219043], [-41.29724881028363, -21.23506258966603], [-41.29504620961416, -21.23484354719119], [-41.29169971716749, -21.23245841022668], [-41.29022725987943, -21.23410123418381], [-41.28660088042557, -21.23440546044287], [-41.28597715382188, -21.23782360187693], [-41.28455647679925, -21.23833606795438], [-41.28348559918032, -21.23728952778868], [-41.28431309507255, -21.23474619378106], [-41.28308402041046, -21.23458799583858], [-41.28082057340998, -21.23812919420618], [-41.27666653023545, -21.24021914939345], [-41.27538100243061, -21.23923657800492], [-41.275490523668, -21.23554935311938], [-41.27407891271093, -21.23551284514093], [-41.27284983714952, -21.23742338827799], [-41.27135304240824, -21.23724085198296], [-41.27065940520663, -21.23540332300416], [-41.27366516431516, -21.23389436043561], [-41.26916260956602, -21.23262877689575], [-41.26708170065922, -21.23393086661542], [-41.26457487373068, -21.2331155403491], [-41.26077812580911, -21.23677842778142], [-41.25998713699602, -21.23567104308341], [-41.26066860457172, -21.23267745270152], [-41.25729777377251, -21.23020713285212], [-41.25861203221876, -21.2280288714345], [-41.25644593862842, -21.22524215480081], [-41.25084816970656, -21.22221205913843], [-41.24131979237376, -21.22035019090782], [-41.23647650518581, -21.22261363700898], [-41.23440776410627, -21.2258871161967], [-41.22997822531408, -21.22559505776491], [-41.22857878308366, -21.22751776962861], [-41.22956399038509, -21.2292302011121], [-41.2274713983856, -21.23147271639198], [-41.22626666117674, -21.23133885590272], [-41.22603544817667, -21.22829658971506], [-41.22357729795323, -21.22762729176532], [-41.22209267193853, -21.23285998899649], [-41.21480340235439, -21.23728952778868], [-41.21178547541859, -21.23574405814099], [-41.21076377632647, -21.23836221574288], [-41.2058469713599, -21.24096458574627], [-41.20536020880587, -21.24432324691952], [-41.2043015008129, -21.24383648526481], [-41.20365654031633, -21.2404048081346], [-41.19921483189825, -21.24434758617139], [-41.19792491090516, -21.2420963078975], [-41.19369007713459, -21.24405552773965], [-41.19405514882533, -21.24156087043707], [-41.19306945499062, -21.24131748781105], [-41.19216894404082, -21.24388516107052], [-41.19269221367398, -21.24685441309992], [-41.19055045843618, -21.24874061698512], [-41.1878976022918, -21.24332538435823], [-41.1824945383915, -21.24451795194113], [-41.1833950493413, -21.24221799876085], [-41.18615742672313, -21.24201112501265], [-41.18227549501734, -21.23867680219189], [-41.18290828678727, -21.23606045312664], [-41.18156968908914, -21.23671758324912], [-41.18066854141932, -21.23989509937854], [-41.17833271877919, -21.2384090821127], [-41.17756606741932, -21.23899319717754], [-41.17793113911006, -21.24129315125714], [-41.18088822241282, -21.24154870081111], [-41.17703062905957, -21.24226667636526], [-41.17401270122446, -21.24079421817783], [-41.17577113033263, -21.24471874177573], [-41.16809853641757, -21.24265608640849], [-41.16813504259738, -21.24551581630112], [-41.1632552483303, -21.24286296015669], [-41.16177062231566, -21.24375130058127], [-41.16170977688398, -21.24601474668242], [-41.15984790955264, -21.24500471539454], [-41.15920294995544, -21.24177991291185], [-41.15819291776819, -21.2414391786744], [-41.15647707965275, -21.24471265696275], [-41.15504113034314, -21.24472482568939], [-41.15661093924274, -21.24216932295514], [-41.15557656870294, -21.23972334055895], [-41.15083317191261, -21.23968867708999], [-41.14445404501743, -21.2379709962637], [-41.14111972129734, -21.23904187298325], [-41.13754201674993, -21.23547633716248], [-41.13658066036845, -21.23202032437769], [-41.13890495190128, -21.23010978124063], [-41.13587485444026, -21.22669027373638], [-41.1302527471658, -21.22656858287303], [-41.12668251688393, -21.23019637696046], [-41.12001856480418, -21.23021930157876], [-41.11550384222778, -21.22862515522598], [-41.11462766963052, -21.22610615867148], [-41.11261977398266, -21.22518131026845], [-41.11190179932782, -21.22240676416004], [-41.10806854432712, -21.22251628539749], [-41.10456385393798, -21.21925497583567], [-41.10114434643373, -21.21930365164144], [-41.098445301109, -21.22114666558537], [-41.09323445560489, -21.2204840522964], [-41.09228526795005, -21.21811108315916], [-41.09086148736702, -21.2212263644044], [-41.0891456501509, -21.22145757740452], [-41.08916998760412, -21.21951052718828], [-41.086650991949, -21.22000945756963], [-41.08527588717175, -21.22207819864917], [-41.08185638056676, -21.22154276028937], [-41.08022572623554, -21.22244327123917], [-41.08130877258105, -21.2243903205561], [-41.07659934498304, -21.22695799291625], [-41.07418987056536, -21.22699449999539], [-41.07296079500395, -21.22871033811083], [-41.07336237377382, -21.23091293878031], [-41.06877463703916, -21.22855214016835], [-41.0566907569721, -21.23659589238576], [-41.0526876281308, -21.24125351813456], [-41.05407440790685, -21.24305766517836], [-41.05210301933812, -21.24230318344439], [-41.04722322507104, -21.24888664710033], [-41.04666344835874, -21.24717080808557], [-41.04558040111391, -21.24714646973302], [-41.04668938570586, -21.25101243037858], [-41.04511797691237, -21.25068766810062], [-41.04453386184753, -21.25304846581327], [-41.04236776825718, -21.25338919915146], [-41.04128493055435, -21.25493719859207], [-41.03575463596695, -21.25405975705138], [-41.03454129944066, -21.25223128964154], [-41.03596983743734, -21.25118609306298], [-41.03150058188561, -21.25091853216378], [-41.03019250717773, -21.2488275949168], [-41.02849528502867, -21.24999045969116], [-41.02485655968172, -21.24579256197637], [-41.01994833334817, -21.24758674633051], [-41.01842224678853, -21.25020584102595], [-41.01590626566087, -21.2517937973451], [-41.01328717006612, -21.25024708663295], [-41.01085368015248, -21.25263933093959], [-41.004691746726, -21.25108973610168], [-41.00486086603541, -21.2528232081238], [-41.00316967294134, -21.25445098012784], [-41.00400049002985, -21.25591867370707], [-40.99978728765245, -21.25848870408964], [-41.00155097959328, -21.26007547330369], [-40.99972386656248, -21.26252642715212], [-41.00031578504473, -21.26485181585787], [-40.9981172340224, -21.26616249140505], [-41.00021008592597, -21.26933347755715], [-40.99904739022412, -21.27258902426325], [-40.99927178096721, -21.27845924010109], [-40.99574656085434, -21.28617965636528], [-40.99031660722488, -21.28582260842586], [-40.98490479022314, -21.28747151989393], [-40.97911245567457, -21.27996685188793], [-40.9763219870693, -21.28172146517272], [-40.97756924242589, -21.28512498992558], [-40.97678706517019, -21.2872601207572], [-40.97822457930016, -21.2881479971316], [-40.9806345285599, -21.28759836027535], [-40.98074022857793, -21.28907815423264], [-40.97693504411626, -21.29038882798125], [-40.97467307380259, -21.2885496559411], [-40.97375602881692, -21.29251791896598], [-40.97173225383972, -21.29518078006816], [-40.96470085406042, -21.29625479002578], [-40.96576860833386, -21.29954920003479], [-40.9601303492355, -21.30155449304465], [-40.95926374722342, -21.30417242221876], [-40.95962068904282, -21.3096752811885], [-40.95846985360015, -21.3155685889185], [-40.96230572382933, -21.32788072321603], [-40.96369041178235, -21.34396440733076], [-40.96321109741348, -21.35110087580398], [-40.9605506635815, -21.36143895144568], [-40.96283829604977, -21.36191209466665], [-40.96443601271108, -21.36766387608623], [-40.96708584803275, -21.37065119009958], [-40.9689783786485, -21.37553192595686], [-40.97689712510152, -21.38315185197564], [-40.9820766822923, -21.39181764906448], [-40.98389606385155, -21.39291000788978], [-40.98870053989725, -21.39291332638811], [-40.9917883522499, -21.39465644633714], [-41.00151879015931, -21.40545817015766], [-41.00618154564108, -21.42005619763466], [-41.01186972700555, -21.42851677213054], [-41.01619203603292, -21.43290548529916], [-41.01903083240626, -21.43977835798404], [-41.02356294517307, -21.4464520191446], [-41.0266009539701, -21.44829474710411], [-41.02968277324067, -21.45293445835779], [-41.03506753863525, -21.45785700639493], [-41.0371681274064, -21.46177755229144], [-41.04328510642176, -21.46667221415061], [-41.04667173920865, -21.46806671010978], [-41.05600290331063, -21.47816570008621], [-41.06810904789353, -21.49716692611196], [-41.07253484820393, -21.51301388258383], [-41.07123615882091, -21.52881155261031], [-41.06102195130126, -21.56203556039202], [-41.05979255558123, -21.56406044513267], [-41.05755071928951, -21.56290336839498], [-41.05568766755107, -21.56428097958275], [-41.04323189083834, -21.59154102619664], [-41.03563857216164, -21.5981942187874], [-41.02790061911753, -21.6023886244347], [-41.01833223544355, -21.60734738277472], [-41.01828241570018, -21.60491973036051], [-41.01705302177879, -21.60397960517389], [-41.01473886740405, -21.60745083628626], [-41.0144129099271, -21.60525600036334], [-41.01016379402313, -21.60881440815763], [-41.00942165278633, -21.61591542625513], [-41.01290635394435, -21.62437800713855], [-41.0227989594037, -21.68935186029933], [-41.02462854826814, -21.71771049714096], [-41.02371375338629, -21.73079206260286], [-41.02133115970452, -21.74965894880069], [-41.00089026477315, -21.82937051213867], [-40.98870748356279, -21.884362264706], [-40.97924660304756, -21.91872873164488]]]}}, {"type": "Feature", "id": "9", "properties": {"id": "9", "unidade": "9", "camada": "AISP", "label": "AISP 9"}, "geometry": {"type": "Polygon", "coordinates": [[[-43.33435433928059, -22.85381264803453], [-43.32897639344509, -22.85462511895332], [-43.32576909356806, -22.85372651276759], [-43.32472451842108, -22.85569590034476], [-43.32390552202151, -22.8552562298903], [-43.32152834135911, -22.86326032920005], [-43.32056234897249, -22.8643511753657], [-43.31514689331374, -22.86335550984813], [-43.3089224390186, -22.86990037460185], [-43.31086208331777, -22.87133449289178], [-43.3084870160622, -22.87336131657071], [-43.30882137230776, -22.87529896077763], [-43.31000634781395, -22.87509051861178], [-43.31075983219978, -22.87785238338], [-43.31352468541519, -22.8800383861618], [-43.31055037559861, -22.88499442675061], [-43.3134268032037, -22.8885964822411], [-43.31466047160274, -22.89253264306626], [-43.31669450514659, -22.89430184695192], [-43.31701817744619, -22.89708495820349], [-43.31844702570896, -22.89865275711827], [-43.32172648538824, -22.89951782039032], [-43.32442808119026, -22.90405227139445], [-43.32657272864776, -22.90561743889293], [-43.32504215357181, -22.90949060760471], [-43.32308516314902, -22.91071897989622], [-43.32872481169994, -22.91278872641783], [-43.33134189461202, -22.90644616415835], [-43.33671912009061, -22.90364554670384], [-43.33842966209852, -22.90095630039218], [-43.3391803154185, -22.89839480637443], [-43.33801798574069, -22.89620376559054], [-43.33829824236926, -22.89416209770189], [-43.33995240318012, -22.89253368178322], [-43.33972730197269, -22.88983740637042], [-43.34436012621813, -22.8897471054438], [-43.35649818504248, -22.88328407270103], [-43.35673752521586, -22.87914976964538], [-43.37337040102244, -22.87665168772446], [-43.37435688086464, -22.87247711212825], [-43.37825206498007, -22.86641804765401], [-43.37480035635065, -22.85916530313546], [-43.3771190127315, -22.85805467638141], [-43.37975494363502, -22.85845443672213], [-43.38419452155921, -22.85663503717643], [-43.38484080855574, -22.85514984818616], [-43.38287088138532, -22.85584464731187], [-43.37765354817196, -22.85398125562966], [-43.37902274890001, -22.85021941759129], [-43.3751736631333, -22.85076681873295], [-43.36825230529894, -22.84757053734967], [-43.36049890639867, -22.84697924299689], [-43.35795089681568, -22.84386735309511], [-43.36028334699813, -22.83670226459708], [-43.35884841662039, -22.82937958519892], [-43.35619003504138, -22.8253786111332], [-43.35114332030724, -22.82268695283983], [-43.34589374280125, -22.82917273033644], [-43.33724476932991, -22.82594798271248], [-43.34213216376759, -22.83222800521747], [-43.33836264731758, -22.84036557021415], [-43.33511908587639, -22.84293640279196], [-43.33082599582229, -22.84395743728516], [-43.33402558131479, -22.84844683135543], [-43.33684078127629, -22.84640200055111], [-43.33710298671275, -22.85600412319098], [-43.33435433928059, -22.85381264803453]]]}}, {"type": "Feature", "id": "10", "properties": {"id": "10", "unidade": "10", "camada": "AISP", "label": "AISP 10"}, "geometry": {"type": "Polygon", "coordinates": [[[-43.77116955503021, -22.60561919227115], [-43.77753590705572, -22.60912735314406], [-43.77725360087226, -22.61055797037324], [-43.77897217112809, -22.61170998033055], [-43.78381302385122, -22.61110455313184], [-43.78742405457575, -22.61392839467891], [-43.78942563338552, -22.61218967601195], [-43.79172880074282, -22.61451153937526], [-43.79389506160709, -22.61460391413857], [-43.7950015613722, -22.61651390419257], [-43.79492403981186, -22.62082220717832], [-43.80333278817687, -22.62886157520074], [-43.80539611983431, -22.62918673228108], [-43.81217202491831, -22.63376382374071], [-43.81619907662537, -22.63481135226135], [-43.82328264607651, -22.64038448875237], [-43.82960109121666, -22.64205325815055], [-43.83980612115482, -22.64858164822374], [-43.8348047871105, -22.65590506416663], [-43.8307547838055, -22.65581191508704], [-43.82522684544182, -22.65788540728494], [-43.82364436239669, -22.66250147895931], [-43.81725172768438, -22.66727091202222], [-43.81780319106366, -22.6742088515565], [-43.82003018764232, -22.67944900236881], [-43.8169456533185, -22.67987141033655], [-43.81439296726091, -22.68218472744246], [-43.8155567187668, -22.68699194731971], [-43.81097155679117, -22.68739039734817], [-43.80958302603511, -22.68964193912342], [-43.80749910080215, -22.68894107766783], [-43.80461253693829, -22.69113490814874], [-43.79631123777267, -22.69024609737869], [-43.78547645757175, -22.69256376990131], [-43.78852674391339, -22.69388126680627], [-43.79444552943693, -22.6995329006221], [-43.79925584568002, -22.70173811202346], [-43.80541721163428, -22.70686815793835], [-43.80755548559648, -22.7102364940182], [-43.81322487922409, -22.71178915824231], [-43.81847122636526, -22.71821976592867], [-43.823034045584, -22.7204715361317], [-43.832915315089, -22.72992630215634], [-43.83152776099666, -22.73218613568082], [-43.8337864307984, -22.73550754603565], [-43.83261930593551, -22.7410714132144], [-43.83641919698761, -22.74583924278608], [-43.83638429070174, -22.75008020273839], [-43.83455655534004, -22.75118793367545], [-43.83958803915596, -22.7550320857614], [-43.83797972038707, -22.76061920491162], [-43.83533503908006, -22.76335636080665], [-43.83244550655417, -22.76375507163846], [-43.82888858713784, -22.76785379301737], [-43.82192467428354, -22.76635333174011], [-43.81936636026859, -22.76975463786545], [-43.81580660439056, -22.76997679918918], [-43.81300308662242, -22.77247923832539], [-43.81934176291128, -22.77659408634725], [-43.82327663231001, -22.77670900711422], [-43.82389037823765, -22.77906971489466], [-43.82216784017294, -22.78095364079712], [-43.82316607595294, -22.78313317925205], [-43.82902781568043, -22.78697758494684], [-43.83200076482268, -22.79107577842365], [-43.83514425959919, -22.79222135463101], [-43.83535920206481, -22.79459093062616], [-43.8390262056941, -22.79814603880789], [-43.85800375077173, -22.80300183016953], [-43.86289441424509, -22.80613071096275], [-43.86909104441543, -22.80708446267704], [-43.87258459939903, -22.80922418724566], [-43.87750715193278, -22.81036295828312], [-43.87928369158834, -22.81205541132738], [-43.88547589439628, -22.80470860671608], [-43.88386351698699, -22.80080153536181], [-43.88541960942672, -22.79433308060641], [-43.89167546355105, -22.78976765515239], [-43.89158663481459, -22.78086559806815], [-43.8951422277309, -22.78017529015676], [-43.89592236892145, -22.7774300943226], [-43.89459230938684, -22.77549698989338], [-43.88913908939674, -22.77426332689026], [-43.89186249285905, -22.77138793440486], [-43.89055505397181, -22.77058170298244], [-43.89178138839964, -22.76604944902209], [-43.88672605905964, -22.76355271608423], [-43.88983930513911, -22.75923774282677], [-43.88609351909992, -22.75855671771757], [-43.88619887557689, -22.75622222067818], [-43.89111900713573, -22.75502144858024], [-43.89577531178048, -22.75537339916229], [-43.9005080129337, -22.75291006524657], [-43.9055933733348, -22.75314739993178], [-43.90762029593918, -22.74858446110323], [-43.90242254006745, -22.74917985816313], [-43.90364650658029, -22.74454896386283], [-43.89866747122608, -22.74404051325831], [-43.89938987863928, -22.73825288126466], [-43.89869666321971, -22.73445892483875], [-43.89461831598175, -22.73311350578291], [-43.89258769986174, -22.73511156014962], [-43.89077614780024, -22.73505280833967], [-43.88528108775125, -22.73206533424701], [-43.88506208574591, -22.72818409411985], [-43.88300701076423, -22.72892196717424], [-43.88066950908984, -22.72819517376746], [-43.88117176426476, -22.7180353221716], [-43.87994613940208, -22.71404563639624], [-43.88411612216061, -22.70978591119007], [-43.88306159061921, -22.7062365676627], [-43.88122793412111, -22.70427306704761], [-43.88217289136509, -22.70166239899976], [-43.89036022124651, -22.70254810980663], [-43.89447838956528, -22.70937120501634], [-43.9035065477882, -22.70879042373826], [-43.90950421284839, -22.71105901486089], [-43.91211405711732, -22.7137585314303], [-43.91420081791267, -22.70995027218652], [-43.91334281791598, -22.70718848026337], [-43.91586973929628, -22.70638122181515], [-43.91978072360081, -22.69913844718081], [-43.92203077430008, -22.69906503372357], [-43.92742055161642, -22.70071355668455], [-43.93136714457734, -22.70894587605056], [-43.93714073455652, -22.71146673420162], [-43.93902960762955, -22.71059262105183], [-43.94331211176382, -22.71112501520651], [-43.94606282763664, -22.70795674770494], [-43.9469497669175, -22.70292802031111], [-43.9425390374459, -22.69568629518562], [-43.94581471727463, -22.69400486423234], [-43.94903181166802, -22.68832482532963], [-43.95436779243892, -22.68447605882227], [-43.95711491641953, -22.68586133762983], [-43.9579808259536, -22.68533436728643], [-43.95784291491788, -22.68006413235304], [-43.96158838439567, -22.66507214516258], [-43.96073207422512, -22.66318868241098], [-43.96473035841859, -22.66173000813262], [-43.96728268564669, -22.66309490290666], [-43.97069555255695, -22.66203756727913], [-43.97522737394343, -22.66646217868583], [-43.97986562739607, -22.66850894842844], [-43.98820164578859, -22.67624269983997], [-43.98933726919887, -22.67845878494421], [-43.99186622574501, -22.67988276697537], [-43.99317751462985, -22.68381430078858], [-44.00309445394515, -22.68677640680494], [-44.01097595767357, -22.68490411812979], [-44.02089681803301, -22.67567803531233], [-44.02050766159857, -22.67300947160908], [-44.01669976837888, -22.66998735742982], [-44.01890016211206, -22.66564679396362], [-44.01781675423911, -22.66325713071126], [-44.00925696383706, -22.65187288722319], [-44.00973285088963, -22.6489637629665], [-44.01290003290944, -22.64885599720571], [-44.01786337419463, -22.6405730747868], [-44.0241466540441, -22.64384547478807], [-44.02548138915404, -22.64307165313352], [-44.02481532876368, -22.64110799693572], [-44.02870163027529, -22.64034809588713], [-44.04295288456723, -22.64174989793867], [-44.04781349809372, -22.6396715727841], [-44.05684021470341, -22.64826676769638], [-44.06095614191167, -22.64811704856214], [-44.06631158221302, -22.6509033389172], [-44.06922657544538, -22.65521897137768], [-44.0709199727778, -22.6553852569233], [-44.07186848773978, -22.66191255791745], [-44.07567660219269, -22.66387124895817], [-44.07445467444296, -22.66941500459802], [-44.07806515658098, -22.67059315335058], [-44.07900841770356, -22.67277846815102], [-44.07584431586173, -22.682243908229], [-44.07686358138847, -22.68310162763726], [-44.07922456616006, -22.68169597199073], [-44.08447756738508, -22.67237524991708], [-44.08520363683766, -22.66575817499898], [-44.08333483573335, -22.66087220598672], [-44.08557363861178, -22.6569722446726], [-44.08523157697499, -22.65314190257595], [-44.08053862495683, -22.64861042922718], [-44.08033772360631, -22.64721313457773], [-44.08873293807392, -22.64869250495434], [-44.08840974960953, -22.64527980801597], [-44.06765595985394, -22.5920657903032], [-44.05536298831055, -22.5858316494103], [-44.03862972657987, -22.58221011640296], [-44.02280954742196, -22.58090979475043], [-44.01510146895691, -22.58632488438514], [-44.01038761759372, -22.5859493805587], [-43.99553700113097, -22.58174270006481], [-43.99639419083849, -22.57852472523513], [-43.99353451490521, -22.57012957282075], [-43.99267153536232, -22.56138134117521], [-43.98919865039665, -22.55622022458294], [-43.98444614437335, -22.55220066872511], [-43.98297437866393, -22.54830442610762], [-43.95650559065973, -22.56302122794654], [-43.91321275706235, -22.52053767627194], [-43.94359100591947, -22.51526526407991], [-43.94561427907502, -22.51755897416655], [-43.95231324266126, -22.51933897261472], [-43.95814569416774, -22.51872491821962], [-43.96328288699493, -22.51666354078901], [-43.97692193319995, -22.51637139512303], [-43.9826704797581, -22.51494921982987], [-43.99247767030749, -22.51745164457697], [-43.99684253525407, -22.5154571002642], [-44.00190877426979, -22.51117388566553], [-44.00249934916491, -22.50517994020129], [-44.0056946601797, -22.4982519651553], [-44.01807328135612, -22.4854191611646], [-44.02231149208097, -22.48415348319594], [-44.02815530472282, -22.48632321634261], [-44.02882868109805, -22.48758187060605], [-44.02770357795703, -22.49388654982363], [-44.0285121197378, -22.49608701820057], [-44.03090451872782, -22.49736839743281], [-44.03484130907844, -22.4958362080738], [-44.03896799667496, -22.4931478592855], [-44.04316278363484, -22.48717662979686], [-44.04696988275316, -22.48622855909997], [-44.05700036867137, -22.47871516767009], [-44.05620566565824, -22.47510558395476], [-44.0545642707238, -22.47336020940537], [-44.05685925335115, -22.47030023196936], [-44.05661415841593, -22.46795326133315], [-44.06075106770686, -22.4631850441537], [-44.06359565841217, -22.4623903420399], [-44.06342667759839, -22.46128375414116], [-44.06925355240878, -22.46211847428737], [-44.07134862743646, -22.45987644104417], [-44.06818340324071, -22.45610591735345], [-44.06292904943535, -22.45403359967014], [-44.06151920744475, -22.45186790537878], [-44.05780475108764, -22.45164013228549], [-44.05614025436853, -22.44710218831455], [-44.05239075682721, -22.44511355164832], [-44.04985020891928, -22.44529752326133], [-44.04928077528683, -22.44117132219799], [-44.04758999678018, -22.44054932678921], [-44.04367147166033, -22.43516977926112], [-44.03833746130408, -22.43299521225845], [-44.03692634317548, -22.42961244385845], [-44.02792391815359, -22.42647419212949], [-44.00253590570674, -22.40801905783246], [-44.08508714315639, -22.38269095462306], [-44.08503408855159, -22.37504116931376], [-44.08369865556779, -22.37205373119394], [-44.08070853656898, -22.36867925094589], [-44.07626053559449, -22.35668905235713], [-44.06912161556937, -22.35291394302328], [-44.06923166560813, -22.34824958674824], [-44.06625470638886, -22.34350356843419], [-44.06392428237899, -22.33570630869843], [-44.05986800270546, -22.33064474615736], [-44.05348937583329, -22.32762944614126], [-44.04464231229213, -22.31866503186495], [-44.0371713616683, -22.31437074301459], [-44.03486925641033, -22.31177589404149], [-44.02619782866611, -22.30776397522652], [-44.02273265808498, -22.3043023812491], [-44.02480606844455, -22.29639882614413], [-44.03367644331246, -22.30274278415141], [-44.04123274139715, -22.30413952301978], [-44.04748098995498, -22.30733012428504], [-44.05339371494728, -22.31359595099156], [-44.06459131493648, -22.31654562118268], [-44.06765047398943, -22.31580973023409], [-44.07214686208727, -22.3189052578706], [-44.08318196807267, -22.32208352583325], [-44.09619532715192, -22.3298839898535], [-44.10402550836977, -22.32867699174898], [-44.11482915134354, -22.32931623885258], [-44.11920132957698, -22.33126326478708], [-44.1239288956013, -22.33893882016963], [-44.13377808988622, -22.33705588532007], [-44.14047651297994, -22.33874522311277], [-44.1480623843708, -22.33146836237427], [-44.14571272656036, -22.3291978143269], [-44.14801069583621, -22.3206066348875], [-44.15279397755927, -22.31951986984535], [-44.15440813742487, -22.31501425830061], [-44.15797332610737, -22.31340009663637], [-44.15748205974853, -22.31156135806947], [-44.14823222043987, -22.30659255160418], [-44.14586010565864, -22.3025080251245], [-44.14562851044667, -22.2961917446525], [-44.15064499267157, -22.29358476292572], [-44.15001386015081, -22.29124853918796], [-44.14549516526893, -22.29011408129907], [-44.15033782742807, -22.28748088073729], [-44.14964412997188, -22.28517666027386], [-44.14643184605211, -22.28262571080711], [-44.14656690983429, -22.28126661396232], [-44.15131292275248, -22.27946922892102], [-44.15400976923473, -22.2761619523115], [-44.16051015082206, -22.27247035312354], [-44.16651455899898, -22.2728111593068], [-44.16859258827662, -22.27036992443169], [-44.16767715127878, -22.2677861506096], [-44.16295481930871, -22.26534624942911], [-44.15675292270851, -22.25765882119686], [-44.15701017557842, -22.25249933327683], [-44.1594252302894, -22.24953504730382], [-44.16425836413146, -22.25214770914869], [-44.16508467831454, -22.24991483280252], [-44.17442042895891, -22.24196184556195], [-44.17947862263958, -22.24200113334484], [-44.18349571255635, -22.23949658979501], [-44.18677949167949, -22.24135307738186], [-44.18923077557912, -22.24035283161709], [-44.1844802732453, -22.23628299196571], [-44.18402152457298, -22.2336058136566], [-44.18204274087907, -22.23283210261866], [-44.18065622280568, -22.23356130800721], [-44.18111347500616, -22.22912706036476], [-44.17723956795095, -22.22655340211702], [-44.17491843393782, -22.22784063773446], [-44.17380922001877, -22.23057943938886], [-44.16766061184705, -22.22884714817656], [-44.16669518423464, -22.22719017338704], [-44.16499028097593, -22.22994951465762], [-44.16728276888392, -22.23148006455256], [-44.16460684872635, -22.23323607628311], [-44.1632237525734, -22.2327636327347], [-44.16430558033755, -22.23081223699438], [-44.16318612044239, -22.22938352273064], [-44.15856415281269, -22.22804638643083], [-44.15833499386417, -22.22489642732751], [-44.153206589212, -22.22702584386684], [-44.15038562369682, -22.22295872466464], [-44.15191935269524, -22.22130859821249], [-44.15197196483359, -22.2186200138018], [-44.14836575807254, -22.21257866866983], [-44.14553794601869, -22.2135646367978], [-44.14572281515507, -22.21481079228346], [-44.14163529213431, -22.22037644731444], [-44.13831435842019, -22.21551603343744], [-44.133966512244, -22.21471493444591], [-44.13581520270873, -22.21205145011356], [-44.13356097555783, -22.21029204614024], [-44.1274618597763, -22.21227740118036], [-44.12630471558941, -22.2084499261224], [-44.1213437350246, -22.20894220511792], [-44.12040349742273, -22.20720552791198], [-44.12301404316281, -22.20563477562359], [-44.12333483043733, -22.20233840779053], [-44.12522637000023, -22.19997121679745], [-44.1209789727007, -22.19542943991593], [-44.12108931771712, -22.19149800322947], [-44.12312465887516, -22.18971708027829], [-44.12323527638614, -22.18768173912019], [-44.1195517504122, -22.18666406719217], [-44.11790356739499, -22.18819057283588], [-44.11860044935054, -22.18975026526175], [-44.117239867725, -22.1898940650583], [-44.11412048557122, -22.1880688963617], [-44.11177541879982, -22.18842286772042], [-44.10843480432203, -22.18358893168306], [-44.10378891742386, -22.18407564387508], [-44.10306991034736, -22.18008239318715], [-44.10519374479475, -22.17788112711156], [-44.10156552802596, -22.17582366263116], [-44.1003708704186, -22.1731246227024], [-44.09516083970027, -22.17559136774668], [-44.08959683582458, -22.17525951881095], [-44.09067171722523, -22.17935174978265], [-44.0888003980192, -22.18347831597072], [-44.08716327576383, -22.18458448028878], [-44.08600180403931, -22.17861119494989], [-44.08399964696542, -22.17542544372844], [-44.08222978567534, -22.17590109515862], [-44.08049310757013, -22.1744298960221], [-44.07930951342257, -22.175547121102], [-44.07583615901081, -22.17520421140443], [-44.07807061006986, -22.17263791140971], [-44.07696444575186, -22.17116671317251], [-44.07292694841919, -22.16990568739681], [-44.07193140071286, -22.16456291584512], [-44.06940934736275, -22.16280411621619], [-44.06539397335246, -22.16143247203019], [-44.06205335887466, -22.16200767841087], [-44.06030562000763, -22.16021569199984], [-44.05444295217978, -22.16101212980516], [-44.05221956278189, -22.15900997363059], [-44.04829268206089, -22.16221784817441], [-44.04588124442319, -22.1613661020632], [-44.0443989854241, -22.15939713087209], [-44.04144552818786, -22.16081302080352], [-44.03980840593243, -22.16009401372696], [-44.03947655699676, -22.15579103832499], [-44.03727529092123, -22.15351233972194], [-44.03376875242526, -22.15224025228503], [-44.0292113570178, -22.15417603759329], [-44.02839279589011, -22.15197477331634], [-44.02653444041135, -22.15099028727116], [-44.02227571075474, -22.15153230686968], [-44.02000807471217, -22.15385525121809], [-44.01457681077045, -22.15367826463944], [-44.01126938127618, -22.15968473316315], [-44.00432267155333, -22.16262712873822], [-44.00167894172904, -22.16112274731614], [-44.00036260674818, -22.15797018017889], [-43.99797329243279, -22.15592377735965], [-43.99319466560058, -22.15881086372963], [-43.99288493998728, -22.15471805809113], [-43.98971025042698, -22.15325792331373], [-43.98958857125484, -22.15126682700168], [-43.98740942940094, -22.14972925969681], [-43.98290734229926, -22.15148806112433], [-43.97690087377555, -22.15017172614347], [-43.97651371743336, -22.14917617843713], [-43.97910213895182, -22.14703021976806], [-43.97008690488605, -22.14346837296625], [-43.96483262662372, -22.13934238324362], [-43.95343914080297, -22.14231796290289], [-43.95012064874822, -22.1397295395858], [-43.94906979363532, -22.13665440407669], [-43.94703445157796, -22.13623406185172], [-43.94663623357457, -22.13743978112024], [-43.9448331864017, -22.13651060338088], [-43.94255448869797, -22.13248416681006], [-43.93805240339498, -22.13207488714556], [-43.93312997406832, -22.12950858715078], [-43.92756597019263, -22.13032714827847], [-43.92044975355253, -22.12531904863442], [-43.9112721783676, -22.12189817955658], [-43.90655992060312, -22.12132297497453], [-43.90241180665885, -22.11859075006231], [-43.89580800933146, -22.11752883418757], [-43.89276605880582, -22.11371256917897], [-43.8796027098964, -22.11401123313112], [-43.87895007368621, -22.11169935134319], [-43.8805982576028, -22.10194298597924], [-43.87914918358723, -22.09950942591848], [-43.87814257421968, -22.10119079481854], [-43.8745696648574, -22.10060452767601], [-43.87057641416942, -22.10446504022866], [-43.87017819526676, -22.10029480206271], [-43.86359652126174, -22.10038329625132], [-43.86065412568661, -22.09890103635297], [-43.85792190077439, -22.09504052380038], [-43.85431580732791, -22.09553829765355], [-43.85109687022367, -22.09866874236781], [-43.84232182978786, -22.09963096389708], [-43.84076530117699, -22.09661127698809], [-43.83509068158895, -22.09591439413322], [-43.8306951236803, -22.09100531434302], [-43.82326598883361, -22.09041487974213], [-43.81866414982994, -22.08589254980058], [-43.81473726820963, -22.08710932983092], [-43.81039004436434, -22.08577087242702], [-43.81015775037912, -22.0845430298362], [-43.81327713343222, -22.08358066801264], [-43.81106480479616, -22.08220902472596], [-43.79942796242977, -22.08258512120563], [-43.79615371701971, -22.07912282755569], [-43.78937293311367, -22.07606981626822], [-43.78862074195297, -22.07276238587463], [-43.7829793073484, -22.07011865515102], [-43.78157447907824, -22.07156772916659], [-43.77911879569513, -22.07068279807191], [-43.77937321300266, -22.06800588326411], [-43.77728256443805, -22.06637982177057], [-43.77479369517215, -22.0657161229999], [-43.77097743016355, -22.06758554013982], [-43.76812352787778, -22.06760766436145], [-43.76724965844426, -22.06314982300518], [-43.7656567828335, -22.06216533785926], [-43.76424089290214, -22.06351485692431], [-43.76346657841913, -22.073603071224], [-43.75575108684245, -22.07623021035516], [-43.75599997331938, -22.07796135583112], [-43.76115469663119, -22.0793551233395], [-43.76118788161472, -22.08051659416469], [-43.75918572544015, -22.08216477808128], [-43.75424117279118, -22.08264042861214], [-43.75199259787934, -22.08787571229351], [-43.74544717104936, -22.08843672737231], [-43.74691836928656, -22.09330384659449], [-43.74286980939348, -22.09265121128362], [-43.74104463979756, -22.09542768104188], [-43.73625495040488, -22.09450956586301], [-43.73519303363088, -22.09713117416356], [-43.73139889194459, -22.09621305718605], [-43.72820207816267, -22.09070436341489], [-43.72435262817055, -22.08840354238879], [-43.72278187588216, -22.08353642226729], [-43.71977311034004, -22.08063827333689], [-43.71480643526803, -22.08243025704996], [-43.71039284235508, -22.08162275758343], [-43.70845705524818, -22.07993032702223], [-43.70938623298753, -22.07623574118571], [-43.7084128086035, -22.07560522829789], [-43.70558348928586, -22.07577395999948], [-43.7025390791145, -22.0782710823438], [-43.69672065793128, -22.0770543023134], [-43.69336898179233, -22.07176683906761], [-43.69126727066725, -22.07084872298941], [-43.68788241044416, -22.07309423570962], [-43.68124542723393, -22.07176683906761], [-43.68204186503931, -22.07406765919433], [-43.68026094118875, -22.07499683693368], [-43.68015032457708, -22.08051659416469], [-43.67573673166413, -22.08537265262504], [-43.67377882213418, -22.08981943232016], [-43.6720421449283, -22.09033932769705], [-43.66784978433935, -22.08415587259469], [-43.66534985431161, -22.08298334010829], [-43.66643529824967, -22.07701402617562], [-43.66585868982594, -22.07469817298153], [-43.66381228700669, -22.0735256395958], [-43.65692088738831, -22.07361413198583], [-43.65405592344138, -22.07040625834139], [-43.65291657413985, -22.06675591825024], [-43.64637914588013, -22.06484225356638], [-43.63759620579953, -22.06777358837962], [-43.6357489128813, -22.06951026468619], [-43.63654535068667, -22.07231992122661], [-43.62956545687962, -22.07518488517354], [-43.62754117738268, -22.07745252121612], [-43.62225371503621, -22.07484197367739], [-43.62066083942545, -22.07525125514053], [-43.62032898959046, -22.07657865088328], [-43.6227072422447, -22.07816046483282], [-43.62031792792931, -22.08411162595002], [-43.61470967830826, -22.08191036077375], [-43.6128402611684, -22.08228645725342], [-43.61187789844553, -22.08149001944804], [-43.61142437123704, -22.07158985338828], [-43.60943327672362, -22.07014077937271], [-43.60759704456723, -22.0723420436496], [-43.60321663663774, -22.07256327687293], [-43.59821677658226, -22.0645767745977], [-43.5992904906629, -22.05913891412882], [-43.59803979000355, -22.05864773680281], [-43.59447794320181, -22.06042866065337], [-43.59226561456575, -22.05624736172558], [-43.58708876883088, -22.05457705538601], [-43.58593835876752, -22.05155722818279], [-43.58465520877013, -22.05240897429394], [-43.58338312043395, -22.05659027322173], [-43.58464414710897, -22.06350379616248], [-43.58398044923763, -22.0711142019581], [-43.58117079359653, -22.07052793571489], [-43.57425726975646, -22.07831532808916], [-43.57161353813353, -22.07714279470343], [-43.56851628020144, -22.07731978218141], [-43.56668004804504, -22.08067145832035], [-43.5658504252562, -22.08796107594213], [-43.56448984363067, -22.08860265228981], [-43.56028642138051, -22.08802744590912], [-43.56060720955435, -22.08540583760856], [-43.5595563544415, -22.08380190123597], [-43.54929115356316, -22.08084844310042], [-43.54816286682211, -22.07906752014918], [-43.54124934388136, -22.07926662915082], [-43.53839544069632, -22.07822683479981], [-43.53545304512119, -22.07541717915871], [-43.52709044726561, -22.07229779700498], [-43.52477856457836, -22.07239735195543], [-43.52079637555158, -22.06768509419095], [-43.52043134163239, -22.06351485692431], [-43.51837387715199, -22.06093749616775], [-43.51276562843026, -22.05926718892886], [-43.50688083638079, -22.06199941294176], [-43.50429241306369, -22.06967618960368], [-43.50678128143028, -22.07302233491203], [-43.50377413826516, -22.07519213730654], [-43.49736782756247, -22.07354776201885], [-43.49428163129153, -22.07491940620486], [-43.4831646852013, -22.07326015972779], [-43.47610736066542, -22.06920053907282], [-43.46499041457525, -22.07270707936743], [-43.4622581905623, -22.07239735195543], [-43.45686011160416, -22.0702845791692], [-43.45317658742886, -22.06685547230143], [-43.44772319926551, -22.06681122565675], [-43.44639580262344, -22.06321619297216], [-43.4432764195704, -22.06146845410512], [-43.44034508655579, -22.06156800905558], [-43.43725475969865, -22.06011935322482], [-43.40146907623614, -22.21657970119151], [-43.39991421137103, -22.21997395213543], [-43.34917528800838, -22.27501974856176], [-43.32296405864366, -22.30565295701757], [-43.28339156386886, -22.36399306093023], [-43.29004934570003, -22.36402354165233], [-43.29224906044504, -22.36605087884419], [-43.29452220483518, -22.36634908144418], [-43.29985751920839, -22.37024979369227], [-43.30088891029425, -22.37288677860118], [-43.30435614032291, -22.37487811413291], [-43.30555170174893, -22.37729390988528], [-43.31147172743755, -22.37890101456941], [-43.31560480561654, -22.38174018596004], [-43.31835831388435, -22.38453223917071], [-43.31941467015019, -22.39114827896913], [-43.3270503603851, -22.3952574558661], [-43.32816102670927, -22.40254795122621], [-43.33513686187592, -22.40552756434482], [-43.33549524980521, -22.40807444617798], [-43.33799140357968, -22.41105578599496], [-43.3385284697124, -22.41430297260331], [-43.33741270333286, -22.41577224719066], [-43.34478616744696, -22.4177798874311], [-43.3560525242039, -22.41825307292021], [-43.36119501493727, -22.42015828577547], [-43.36238668139947, -22.42578451014623], [-43.3669283080942, -22.42734678722366], [-43.37377374696013, -22.43509652318522], [-43.37172035460992, -22.44051386202432], [-43.37199203800139, -22.44276220221309], [-43.37377648899303, -22.4433134191782], [-43.37663534834195, -22.44201478735181], [-43.3776350140439, -22.4431452513515], [-43.3759462671058, -22.44545416177937], [-43.37131002273861, -22.44645255763862], [-43.37031969919406, -22.45183393888442], [-43.3689114597953, -22.45318750130139], [-43.36513428741671, -22.45320148216189], [-43.36371602327512, -22.45071662477164], [-43.35138255975659, -22.4488782935976], [-43.35000019205449, -22.45164379612351], [-43.34705571814612, -22.45180972823562], [-43.34521715674566, -22.45052045565376], [-43.33596983284076, -22.4539765179012], [-43.33058430931771, -22.45359042905426], [-43.32674634007083, -22.45774657214582], [-43.32219322183897, -22.45845726858732], [-43.31819514718757, -22.45787499713265], [-43.31299121836929, -22.45514529122141], [-43.30777703278312, -22.45592745138998], [-43.30622000055183, -22.45731524380267], [-43.30077238693536, -22.45231974725777], [-43.29874624044589, -22.45194635324083], [-43.29449547698397, -22.45814378021049], [-43.29047094337858, -22.45829142910537], [-43.28877407196512, -22.46044761396541], [-43.29155552936345, -22.46488978013849], [-43.29763800588853, -22.46471099941232], [-43.30055672321345, -22.47190405232936], [-43.30346912819698, -22.47378856728778], [-43.30291151165619, -22.47494732126108], [-43.30030566037721, -22.47450823716463], [-43.29666281343737, -22.47574232374848], [-43.29958004688092, -22.48233953893782], [-43.31152530904507, -22.4931199497251], [-43.31258017333562, -22.49533069285644], [-43.31711359641463, -22.49703672836154], [-43.32810890829876, -22.51090531662629], [-43.33213551933801, -22.51250754698492], [-43.33008357939292, -22.51673461061301], [-43.33191723139436, -22.51921041902483], [-43.3449958569725, -22.52044960476468], [-43.3536910519997, -22.52292638714226], [-43.35622468502049, -22.52217197465615], [-43.36035554637061, -22.52583237816094], [-43.36733438437363, -22.52682098759772], [-43.36974616375375, -22.52589069919566], [-43.37116351958002, -22.52254747218734], [-43.37491773136747, -22.52062505709995], [-43.37924517642301, -22.52338704507531], [-43.38027710530343, -22.52679088189291], [-43.38461431519778, -22.53046346761414], [-43.38908178739382, -22.53228877480632], [-43.39777647610276, -22.53150717941202], [-43.41213551144398, -22.53803535724518], [-43.41332775167365, -22.53557888515667], [-43.41489112862195, -22.53526016632287], [-43.41858863185917, -22.53814210317472], [-43.42257586967992, -22.53760679161934], [-43.42744126400243, -22.53403222930319], [-43.43166442097549, -22.53334152838806], [-43.43619342928258, -22.5300927679661], [-43.4399399131957, -22.53080837020934], [-43.44724589218345, -22.52714031797052], [-43.45663838914959, -22.53172850526551], [-43.46219341689192, -22.5382000563867], [-43.46517019624685, -22.53826934915037], [-43.46752668980417, -22.54108882538821], [-43.46844220324436, -22.54427205041401], [-43.47288430556551, -22.54023122738846], [-43.48368838021383, -22.54588942265798], [-43.48572180581596, -22.54948393913173], [-43.48822397965222, -22.55066271561105], [-43.48909916569323, -22.54987410460546], [-43.49211399356523, -22.55040412904657], [-43.49236360039913, -22.55222284420813], [-43.49783160074702, -22.55463779729575], [-43.49788988580883, -22.55947834065211], [-43.50117018365631, -22.56157282212729], [-43.50207727944218, -22.56411129979585], [-43.50638714005373, -22.56536363722131], [-43.510085355554, -22.57117156421555], [-43.51406006401999, -22.57248875714964], [-43.51600198630189, -22.57040863694829], [-43.51935935155211, -22.5700982944], [-43.52166187319614, -22.56723897819552], [-43.52366460044021, -22.5686083758751], [-43.52677525467351, -22.56845155119737], [-43.53297715127377, -22.56602934777538], [-43.53627845998221, -22.57025770822588], [-43.54083490300764, -22.56598281235614], [-43.54286085974013, -22.56547750937881], [-43.54289582358268, -22.56876411237312], [-43.54497047140939, -22.57120000617459], [-43.55005561057726, -22.57301704589918], [-43.55527613728316, -22.56833712325886], [-43.55811112502766, -22.5673319564039], [-43.55911201110968, -22.57683100414675], [-43.56091566802291, -22.57887457769885], [-43.56327417965895, -22.57953372230264], [-43.56382907844846, -22.57671410127398], [-43.56680212831486, -22.57684226635672], [-43.58358387429564, -22.58111191827965], [-43.58761446213697, -22.58811873419148], [-43.58866252665354, -22.59254253081235], [-43.60094603463108, -22.59896084116912], [-43.60302699659786, -22.60392298096002], [-43.60775388992937, -22.60688526684083], [-43.61227871728823, -22.60815730211704], [-43.62033149690035, -22.61484894162459], [-43.62297423836969, -22.61882850013438], [-43.62266381578172, -22.6422169896216], [-43.66002364917136, -22.61938191414328], [-43.65114425680127, -22.61367208429846], [-43.64617269661193, -22.60900700496853], [-43.64283805003527, -22.60836602577069], [-43.63878413557865, -22.60293003499237], [-43.61466293244763, -22.58559023629959], [-43.60186626321672, -22.57360529604682], [-43.59733511542248, -22.56754863635973], [-43.59783409256858, -22.56443947590031], [-43.62222604739344, -22.52568208885657], [-43.62525512142599, -22.52942852600489], [-43.62233648144274, -22.53739159194765], [-43.62347433157441, -22.54269672687167], [-43.62911319231927, -22.55062553224172], [-43.63252611139018, -22.55277992025634], [-43.63513518404079, -22.55720403883453], [-43.63566660512902, -22.56320001586727], [-43.63435883798923, -22.57109007034967], [-43.67197834882103, -22.5867930381674], [-43.69336337631802, -22.57732917370163], [-43.69063676407467, -22.574585188355], [-43.69021849388764, -22.5677021281499], [-43.68480168295059, -22.55951857092452], [-43.68203179083378, -22.55811993988254], [-43.6827786930815, -22.55596304815538], [-43.68636258316593, -22.5544403061744], [-43.68822448197352, -22.55170940686287], [-43.68984116173948, -22.55172340211254], [-43.6950314514396, -22.55826666427436], [-43.70542043410501, -22.56435943713751], [-43.70743977092798, -22.56485410743034], [-43.71164291079094, -22.56363780044336], [-43.71637383398451, -22.56008742899087], [-43.72439469216056, -22.56463988172436], [-43.72739333223575, -22.56364081317224], [-43.7297567190966, -22.5643703360214], [-43.73236568292918, -22.56765284260382], [-43.73478051820564, -22.56872485966375], [-43.73638936037997, -22.57159425277177], [-43.74052841455398, -22.57423038062677], [-43.73995034742984, -22.57544305974864], [-43.74111211413202, -22.57632974811861], [-43.74414571085515, -22.57668980069298], [-43.74422858518034, -22.57857902000501], [-43.75356040758601, -22.58387369401498], [-43.75544893082275, -22.58664552237218], [-43.76641645905164, -22.5946135957401], [-43.77153310237003, -22.59590806460471], [-43.77261870368949, -22.5986025368768], [-43.77116955503021, -22.60561919227115]]]}}, {"type": "Feature", "id": "11", "properties": {"id": "11", "unidade": "11", "camada": "AISP", "label": "AISP 11"}, "geometry": {"type": "Polygon", "coordinates": [[[-42.25003971855745, -22.30580758015492], [-42.25287413073579, -22.31049358940686], [-42.26218001039842, -22.31337198203056], [-42.26614936879758, -22.31684784914813], [-42.26367760823427, -22.31729549479047], [-42.26150649912489, -22.32154487599445], [-42.25753626838332, -22.32139628730806], [-42.25043000813764, -22.32701776865434], [-42.2472321529408, -22.32638216110706], [-42.24195433402457, -22.32995562535103], [-42.23807036895164, -22.33073611188127], [-42.23098622933031, -22.33458040965741], [-42.22931443821, -22.33729175680838], [-42.22536972573153, -22.3367348417388], [-42.21682295301616, -22.34197626419245], [-42.21539851143143, -22.34646381375325], [-42.21239606812333, -22.35060080128517], [-42.2122601958506, -22.356542536608], [-42.20725278778519, -22.36263197658366], [-42.2054912344322, -22.36877446037226], [-42.20687464624717, -22.36829256944577], [-42.20703934538875, -22.36680895966498], [-42.21097859628446, -22.3635488947649], [-42.2117064032272, -22.3616625892563], [-42.21782016266963, -22.3598497763453], [-42.21876386266138, -22.35529309140225], [-42.22548020564625, -22.35234601395661], [-42.22589756931666, -22.35351638717077], [-42.22287475366619, -22.35767619410029], [-42.22420454610221, -22.3592125743001], [-42.22697923070621, -22.35886755928965], [-42.22918222707739, -22.3601114286987], [-42.23498581214477, -22.36011817091605], [-42.23754388514146, -22.36165336311143], [-42.24053509142061, -22.36151043655661], [-42.24198444422598, -22.36314337966246], [-42.24679002194125, -22.36491117431046], [-42.25031395242621, -22.36458550821385], [-42.25190215156232, -22.36743832681657], [-42.25603891426374, -22.36551837317359], [-42.25836813318205, -22.36652988384628], [-42.2607544185808, -22.37212839920551], [-42.26434217485075, -22.37255441435394], [-42.26617664613457, -22.37606542337983], [-42.26984770300834, -22.37561556900255], [-42.27317401916491, -22.37843222676509], [-42.27673223540359, -22.37918514817528], [-42.28070341313128, -22.38311544811864], [-42.28120555409231, -22.38556341801655], [-42.29034061112958, -22.39108522839979], [-42.28843331184714, -22.39474604019682], [-42.28409485639179, -22.39662560618598], [-42.28426353143607, -22.40126136761722], [-42.28257316302034, -22.40212312318283], [-42.27747176410992, -22.40167406380624], [-42.2782146661732, -22.40271972443497], [-42.28998342199657, -22.40803441555505], [-42.2924890438336, -22.41265496855118], [-42.29448104126629, -22.41323121724611], [-42.29837308494916, -22.41225488355525], [-42.2985156481779, -22.41538090720235], [-42.30308958301708, -22.41627580818124], [-42.30758248534266, -22.41936839413529], [-42.3107459531625, -22.42015371002492], [-42.31481798805896, -22.42443030921061], [-42.31777257844101, -22.42244067699488], [-42.32339309121744, -22.42251839640608], [-42.32576473835127, -22.42618352404963], [-42.33370944283581, -22.42578742484898], [-42.3346480904363, -22.42830854110554], [-42.33660801534688, -22.42913024806171], [-42.34203911561195, -22.42810494808413], [-42.34468587974879, -22.4241641890253], [-42.35071817140573, -22.42830724698109], [-42.35360168656786, -22.42900256411627], [-42.36743483704737, -22.4263602057581], [-42.38172348065336, -22.42204087798336], [-42.38328170538568, -22.4227549333927], [-42.38671813093629, -22.42172811985608], [-42.39137792674921, -22.42426062422766], [-42.39483088183897, -22.42327295458239], [-42.39929479092115, -22.42456189711311], [-42.40384399800138, -22.42868461510216], [-42.41700826421931, -22.42701657325546], [-42.42765151220681, -22.42877939015597], [-42.43464591657505, -22.43326225514818], [-42.43964056685792, -22.4326367379943], [-42.4477912277822, -22.43469335801132], [-42.45152536939952, -22.43414366269911], [-42.45516473416444, -22.44102433790209], [-42.45495622814667, -22.44244596460879], [-42.46462813907664, -22.44461505384089], [-42.46796885427847, -22.4493550718783], [-42.47561720786712, -22.44927925183521], [-42.47529497268408, -22.44844523136157], [-42.47902911340213, -22.44780076009624], [-42.48033701004425, -22.44571570711344], [-42.48173968174018, -22.44555458907223], [-42.48118050757364, -22.4432894630375], [-42.48282959620815, -22.44295774989945], [-42.48235572003972, -22.44196261228393], [-42.485824490607, -22.4409959049363], [-42.48764417343909, -22.44159298912439], [-42.48667746609146, -22.43962166620616], [-42.49024101171261, -22.43909092500542], [-42.49277150789806, -22.43558424531591], [-42.49989859824097, -22.43474074598788], [-42.50133917995845, -22.43587804843241], [-42.50616323424515, -22.4354420831848], [-42.50845679324567, -22.43669311389533], [-42.51175496781678, -22.43476917895367], [-42.51601778489214, -22.43610636921278], [-42.51689178023076, -22.43906249203962], [-42.51909056327816, -22.4396880091935], [-42.51928011338578, -22.4414887361155], [-42.5235355173495, -22.4470709908328], [-42.52959072643017, -22.45036888301678], [-42.53529786010745, -22.4568081277921], [-42.5423454638713, -22.45789437932137], [-42.55134985031458, -22.4559043585985], [-42.55224062700262, -22.45524627519467], [-42.55073874839377, -22.45457148058858], [-42.55059625711084, -22.45277095331608], [-42.55846124568922, -22.45005256267484], [-42.5588449747151, -22.4478978652935], [-42.56404964097743, -22.4465862796323], [-42.5663501688245, -22.44833174501326], [-42.57162895541126, -22.44915409498475], [-42.57281925400463, -22.44679909610062], [-42.57229123595107, -22.44306609212566], [-42.57635320743384, -22.44166632613928], [-42.5732656963541, -22.43789828457739], [-42.56609525599055, -22.43334515015778], [-42.55854180066285, -22.42435233888858], [-42.55752105485209, -22.41704046034818], [-42.55526749230017, -22.4123877098242], [-42.55563062055597, -22.41107567809928], [-42.55914715231847, -22.41221218014721], [-42.55993418321526, -22.41085043569825], [-42.55804236216454, -22.4072371090046], [-42.5584310095827, -22.40183550200607], [-42.55712530099112, -22.39608787185705], [-42.55607566715759, -22.39347712736674], [-42.55395771517567, -22.39247473941691], [-42.55384577296331, -22.38902118627794], [-42.55151046293679, -22.38663604121956], [-42.55423397791503, -22.38326971512447], [-42.55554187095987, -22.37948593272881], [-42.55843095832131, -22.37858399725292], [-42.55631465659542, -22.37426073134691], [-42.55440928635875, -22.37376296378898], [-42.55756884662424, -22.37123977189719], [-42.5592976259839, -22.36694297124035], [-42.56276866913805, -22.36584096988406], [-42.56195961924033, -22.36126240893225], [-42.56710303807404, -22.35929184504187], [-42.57820996841457, -22.35853510061361], [-42.5847088688185, -22.35553164916553], [-42.58612418408308, -22.35584272825855], [-42.59412804327383, -22.36433393815992], [-42.5962458225859, -22.36871236218497], [-42.60877095681349, -22.37296410141136], [-42.61128874557841, -22.37645307524843], [-42.61293436013187, -22.38189946578694], [-42.61687598343917, -22.38520043724958], [-42.6277673966473, -22.39063927078496], [-42.63538273342567, -22.39286754530019], [-42.63951426117347, -22.39262718619489], [-42.64946612206313, -22.39575667672847], [-42.6524316284162, -22.39540153715046], [-42.65490378378189, -22.39269491233955], [-42.65682118694747, -22.39272054211852], [-42.65523842601181, -22.38814839693021], [-42.66095576609501, -22.38587243136686], [-42.66327372010539, -22.38598795917619], [-42.6677446852683, -22.38908335191439], [-42.67492889155437, -22.38922373698512], [-42.68354465396186, -22.39305897229298], [-42.68746367910478, -22.3922959434023], [-42.69215006427333, -22.38894036690363], [-42.6955646686738, -22.38853157377235], [-42.69688034714954, -22.38671075959309], [-42.69559712070981, -22.38442331688179], [-42.69762844639496, -22.38220997470978], [-42.69713212674554, -22.38006400434955], [-42.70156787175915, -22.3805848080417], [-42.70362599364398, -22.37979206555059], [-42.70565654141552, -22.37702538401351], [-42.71173703673412, -22.37792532389381], [-42.71210510226791, -22.37152413303153], [-42.71023613568838, -22.3649487533815], [-42.71082109971326, -22.36219658420424], [-42.71737835622542, -22.35724565985856], [-42.72254841657542, -22.35546278268049], [-42.7259557157829, -22.35679127289814], [-42.72738420161886, -22.35607156704839], [-42.72370989999115, -22.35290680600355], [-42.7232943007906, -22.35073163465643], [-42.72562462857303, -22.3472109777037], [-42.7265173172197, -22.34378140858439], [-42.72559948532728, -22.34070780012411], [-42.72818151626325, -22.3357889213209], [-42.72262609461785, -22.33478545508393], [-42.71937970840611, -22.33124847273803], [-42.71829876737348, -22.32827863525006], [-42.72013012790234, -22.3243167268347], [-42.72643350670023, -22.31910155289358], [-42.72683005196461, -22.31639240818231], [-42.72293358541589, -22.31223391606159], [-42.72404295221975, -22.30995040518627], [-42.72052068817851, -22.30673323165257], [-42.71746617142594, -22.2972410421396], [-42.71191013464426, -22.29305797694332], [-42.71304395221591, -22.29036474213837], [-42.71145747168424, -22.28693223673258], [-42.71807608534232, -22.28006800023724], [-42.71670832442891, -22.26994278962724], [-42.71396033619982, -22.26710846108585], [-42.70798898260472, -22.26523354998756], [-42.70418609860883, -22.25900564409443], [-42.70198768788077, -22.25726612862815], [-42.6958775922763, -22.25380148504973], [-42.69004363440547, -22.25329561190222], [-42.68446798341, -22.2463645656714], [-42.67468175066153, -22.24062661042893], [-42.67465580432116, -22.23616565112314], [-42.6708817660799, -22.22636501663146], [-42.67123905503763, -22.22388700667926], [-42.66645587943458, -22.21991551239023], [-42.65965770264012, -22.21823686304003], [-42.65890725976152, -22.21500697579052], [-42.66029374725792, -22.21365055712675], [-42.65890713025914, -22.20929856417661], [-42.65532070588512, -22.20998654284392], [-42.6526296411443, -22.21389019317712], [-42.64807622523688, -22.21200115912541], [-42.64474432339108, -22.21218985577644], [-42.6435946831474, -22.20875449862046], [-42.64738050880271, -22.20597796501028], [-42.64165362061738, -22.20405189687676], [-42.63895424524151, -22.20172114911099], [-42.64340243327496, -22.19618421123158], [-42.64179341843078, -22.19422142377891], [-42.64196170676661, -22.18809652893088], [-42.63651695659155, -22.1878480399543], [-42.63129488664896, -22.18618012671072], [-42.62643110930753, -22.18775131786828], [-42.6241027546377, -22.19115302688988], [-42.61908480202129, -22.19256015382729], [-42.61240884758951, -22.1966791711061], [-42.60687793606718, -22.19391088787643], [-42.60554607339185, -22.19140695496623], [-42.60093756771386, -22.18819550202005], [-42.59851217979252, -22.18323704225492], [-42.59457302062765, -22.1827606947495], [-42.59212932970405, -22.17900391539763], [-42.58329658067191, -22.17715792289903], [-42.57690964856067, -22.1790391571306], [-42.57210094390268, -22.17567100721044], [-42.5664908182959, -22.17873885281506], [-42.56421368001656, -22.17686225818591], [-42.56518619338738, -22.1742504641868], [-42.56459816087568, -22.17252711043704], [-42.5602720243337, -22.17053652314127], [-42.55668163664745, -22.17266545224805], [-42.55573391398821, -22.17212805516482], [-42.55573538437977, -22.17021310534977], [-42.55804489555476, -22.16683022813174], [-42.55768397423532, -22.1638672551689], [-42.56149343227537, -22.16142216579954], [-42.565238728184, -22.16104074083677], [-42.5710986386905, -22.16343883343467], [-42.5738720291701, -22.16340947416711], [-42.57565217061045, -22.15412936997365], [-42.57473614995263, -22.15213501811581], [-42.57582016486799, -22.14934110510711], [-42.57724234465775, -22.14859336379192], [-42.57624016355197, -22.14658240325451], [-42.57773568665186, -22.144104417584], [-42.57765532683112, -22.14129339317481], [-42.5874055354364, -22.14056835614394], [-42.5893478372322, -22.14177058694224], [-42.59474122442725, -22.14225773530546], [-42.60093805244844, -22.13935416885903], [-42.60392811209198, -22.14047609379594], [-42.61115097393758, -22.1407243660359], [-42.61126889844019, -22.13890711317197], [-42.61732160830485, -22.13453077557404], [-42.61626964792515, -22.13301690360646], [-42.61046336669028, -22.13041860483395], [-42.60734593876333, -22.12704338624252], [-42.6093729054345, -22.12126146674251], [-42.60676455583882, -22.11902451017221], [-42.60643444079608, -22.11674020339689], [-42.60204238574676, -22.1114877741407], [-42.59593687668479, -22.11210890440162], [-42.59323854272384, -22.10729429839239], [-42.58891205634558, -22.10566919197885], [-42.58712398558276, -22.10374766542162], [-42.59115747283835, -22.09955636783133], [-42.60343381771577, -22.09809396766173], [-42.60640694042723, -22.09069240423031], [-42.60329749308409, -22.08472791156311], [-42.60059518591834, -22.08389150159076], [-42.59834909223611, -22.07833002211208], [-42.59580022829715, -22.07909698913397], [-42.59079452264837, -22.07695548390768], [-42.58845968296725, -22.07702654024189], [-42.58659704042037, -22.0732418801079], [-42.58184933587739, -22.07103782973127], [-42.57391055342856, -22.06411547005212], [-42.57559811595956, -22.06022598673911], [-42.57420713455087, -22.05715581189042], [-42.57735148278397, -22.05515596877217], [-42.57812621904901, -22.05267892828914], [-42.58102040556651, -22.05210410142234], [-42.58131983034514, -22.04960504913294], [-42.57881760884482, -22.04775044112915], [-42.5732364252201, -22.04830172374477], [-42.57251754135069, -22.04688123827776], [-42.56849309857688, -22.04499223210507], [-42.5650421921427, -22.03917371289577], [-42.56329158084105, -22.03108442260725], [-42.56495782314431, -22.02909790564308], [-42.57040488457704, -22.02650756407206], [-42.57446089175602, -22.02703544992528], [-42.5755171688815, -22.02587046634818], [-42.57426474691982, -22.02048538619084], [-42.57243365888553, -22.019114125116], [-42.57240197217254, -22.01483052021155], [-42.57095982023878, -22.01119526085182], [-42.56662480738822, -22.00885972059888], [-42.56312472782321, -22.00386436884475], [-42.56060437239313, -22.00408206413516], [-42.5602128453458, -21.99932875681588], [-42.55732635882367, -22.0000732380887], [-42.5553781835556, -22.00192552224428], [-42.54744058731251, -21.99817141837548], [-42.54881683512809, -21.99495792756551], [-42.54697259360955, -21.9934076519408], [-42.55140771988965, -21.99185281405533], [-42.5473214514231, -21.98418658913903], [-42.54978277355542, -21.97918347623568], [-42.55319726823859, -21.97583035578549], [-42.5528526426346, -21.96939786581805], [-42.55139984902308, -21.96758441258982], [-42.55723770995161, -21.96684475797844], [-42.5554301014173, -21.96186621275473], [-42.55873411978308, -21.95781884716132], [-42.55646653140457, -21.95594868088614], [-42.55569538343445, -21.95193154510395], [-42.55343303360689, -21.95234341301733], [-42.55157227783764, -21.95455347266386], [-42.5468904531312, -21.95213296536326], [-42.54940278121268, -21.94955017809747], [-42.5458981978428, -21.94276922421955], [-42.54603069226192, -21.93794179207924], [-42.54422365929372, -21.93549612534514], [-42.54668615414198, -21.93036299385631], [-42.54435918892472, -21.92907457473109], [-42.54204664073916, -21.93103101926533], [-42.54056229801091, -21.93083033734939], [-42.53844101943679, -21.92869426312899], [-42.53728718925163, -21.92553322527738], [-42.53813057436577, -21.91616490298713], [-42.53484748502268, -21.91417528066387], [-42.53393144457976, -21.91204364459776], [-42.52976373800539, -21.91048019660303], [-42.52765295541883, -21.90701053570689], [-42.52543466697557, -21.90976994082934], [-42.5180921206541, -21.91354182519433], [-42.51197856895504, -21.9129462383774], [-42.51130815494668, -21.90902631391248], [-42.50849750915199, -21.9071968581477], [-42.50624330988012, -21.90746205922585], [-42.50489078977739, -21.90548366583772], [-42.50161291830079, -21.90522377075962], [-42.49991033529301, -21.90329311518434], [-42.49403350404225, -21.90237552341091], [-42.49113751977995, -21.89754358027125], [-42.48648591319363, -21.89792016418346], [-42.48524477682423, -21.89543789234409], [-42.48225862563436, -21.89531059600642], [-42.47974983368715, -21.89175691594812], [-42.47670533808014, -21.89157658119348], [-42.47409078855833, -21.89319141015466], [-42.47046783642077, -21.89169326912827], [-42.47063225857113, -21.89052638888097], [-42.46594352437342, -21.88857451739926], [-42.46503580355875, -21.88526371274935], [-42.45755229480181, -21.87901572229697], [-42.44866489217031, -21.87631801336482], [-42.44607997890716, -21.87812745112018], [-42.444087245829, -21.87695249136362], [-42.44287469441088, -21.87975374823611], [-42.44018637619956, -21.879509206384], [-42.43667089484518, -21.87760106893342], [-42.43543953590512, -21.87367670091822], [-42.43032610676369, -21.87122338275213], [-42.43201804989235, -21.86922594981695], [-42.43184885593922, -21.86753400668829], [-42.43523744205356, -21.86403732386265], [-42.43774245864682, -21.86349684210478], [-42.44652176456702, -21.85543191175253], [-42.44993234540067, -21.85436555592491], [-42.45054482957948, -21.85215142234949], [-42.45265975894, -21.85267780543558], [-42.45342113307811, -21.85150284388038], [-42.45217097470999, -21.84913412314052], [-42.45308274427248, -21.84705679263612], [-42.44971765744322, -21.84670900411646], [-42.44660636109398, -21.84382330090386], [-42.44390865216184, -21.84430268541985], [-42.44294048431516, -21.84163317383116], [-42.4397069925829, -21.84065560716977], [-42.44039316990813, -21.83917045685035], [-42.44576978924363, -21.83616255825467], [-42.44741473470151, -21.83272227281384], [-42.4459295843821, -21.831688306969], [-42.44372065788133, -21.83198909691851], [-42.44351386507208, -21.83099273082911], [-42.43952839891574, -21.82925378913029], [-42.44598598266623, -21.8241685591309], [-42.44907316729211, -21.82511662892853], [-42.44814790969752, -21.82309699622863], [-42.44921947439849, -21.82085987058576], [-42.44828890540794, -21.81986350359705], [-42.4519077836166, -21.81783317166276], [-42.45230257070637, -21.81577464058643], [-42.45467129144623, -21.81759817971147], [-42.45830896908291, -21.81529525696976], [-42.45848756364938, -21.81368791126732], [-42.46183385105064, -21.81089620519492], [-42.46100667891437, -21.80941105397619], [-42.46263282494419, -21.8083300895612], [-42.46219103928428, -21.80739952236928], [-42.46523653763535, -21.80511539815632], [-42.46312160827489, -21.80431642516214], [-42.4669566799061, -21.80158111737387], [-42.46882222276662, -21.79845606409532], [-42.46650549543153, -21.79679667732404], [-42.46508614221096, -21.79813143221907], [-42.46195604733299, -21.79552771862853], [-42.46375138731594, -21.79232242603837], [-42.46232263528066, -21.7921814321266], [-42.46251062866185, -21.79095007318654], [-42.45903274526427, -21.78871294844305], [-42.46032050158914, -21.78699280617229], [-42.45967192401935, -21.78474627991613], [-42.43824721033974, -21.77611657441958], [-42.42983499508824, -21.77566103812563], [-42.39557875535456, -21.76163055660413], [-42.39369587716226, -21.75734852821125], [-42.39114488003145, -21.75576933938271], [-42.38570882809921, -21.754038306322], [-42.37353085556379, -21.74583867371507], [-42.36790525622189, -21.74484249018798], [-42.36274985841851, -21.74176922616806], [-42.35767823426238, -21.74104037061585], [-42.3516738683536, -21.74416027617502], [-42.34839895744517, -21.7437512447234], [-42.34204525258559, -21.7453563214363], [-42.33341339770942, -21.74583867371507], [-42.31409870938717, -21.73782125634511], [-42.30881450258647, -21.73274963218898], [-42.30653682741195, -21.72843723189197], [-42.30316586711035, -21.72871055294888], [-42.28871021940034, -21.72145236123669], [-42.27948041698693, -21.71860017036079], [-42.27006364911739, -21.71726143776436], [-42.26731036388145, -21.71467728802565], [-42.25989003159896, -21.71291867005982], [-42.24953800117709, -21.70672345991898], [-42.24606297222766, -21.70657026940165], [-42.2377906303326, -21.6977738502822], [-42.20635411684827, -21.78364576244121], [-42.16710648777348, -21.85921557723634], [-42.16883874031487, -21.8596901449834], [-42.16744218940477, -21.86196315357591], [-42.16800982709111, -21.86388451735581], [-42.17094801563769, -21.86480441409168], [-42.17063981077791, -21.8660661260501], [-42.17174742030647, -21.86695221457228], [-42.17359149634973, -21.86745945019271], [-42.17552292624134, -21.86554603102371], [-42.17978995124452, -21.86719725464883], [-42.18284456422452, -21.86980492885363], [-42.18356465498408, -21.87602201410391], [-42.18399262615804, -21.87474666212796], [-42.1860212080116, -21.87503768094342], [-42.18555899964736, -21.87353122388612], [-42.18810970629715, -21.8729149463669], [-42.18851199912871, -21.87395919506002], [-42.19205559778686, -21.87441284367702], [-42.1898900653735, -21.87492640872603], [-42.19908625292749, -21.88144527138138], [-42.20059430268418, -21.88066748281733], [-42.20101163487834, -21.8788957923062], [-42.20467313016007, -21.87953359959516], [-42.20675978843275, -21.87697449057953], [-42.2085314798432, -21.87941548713422], [-42.21095672836958, -21.87999817677365], [-42.21051577458257, -21.88176986818411], [-42.21311425501813, -21.88517938961638], [-42.2101614363005, -21.88558884824596], [-42.21144492804024, -21.8865180008043], [-42.20960236915329, -21.88691171140556], [-42.21150004838779, -21.88906923715479], [-42.21151579641617, -21.89162047260595], [-42.2147442105761, -21.89108502795091], [-42.21587021933442, -21.89312444213851], [-42.21290165168915, -21.89568355115421], [-42.21315362643799, -21.89674656600045], [-42.2141536473722, -21.89884897410008], [-42.21704347307707, -21.90021908224406], [-42.21650015395818, -21.90243172744147], [-42.21848721321356, -21.90609635596127], [-42.22151237339659, -21.90787135238025], [-42.22108778817017, -21.90919817615412], [-42.21838106713182, -21.9080954382531], [-42.2134688693921, -21.90938687999972], [-42.21253124701872, -21.91255946424712], [-42.21425316994709, -21.91424600514824], [-42.21237792520037, -21.91508927514917], [-42.21208307527297, -21.91707066507837], [-42.20978324709841, -21.9190225716336], [-42.21785033762222, -21.91674043402304], [-42.22037425166963, -21.91738320736835], [-42.22606485310973, -21.92458933642797], [-42.22515081905431, -21.9298199706144], [-42.22760396904721, -21.93120576473348], [-42.2280875228202, -21.93475575667208], [-42.23045811504926, -21.93405991163485], [-42.23379521317781, -21.93668650937411], [-42.23454473335204, -21.94271670111408], [-42.23611923131676, -21.94330050411418], [-42.23546466516143, -21.94405532039593], [-42.23803575494543, -21.9487611228268], [-42.23775859558197, -21.95120247911035], [-42.24015219516696, -21.95074642300824], [-42.24154446800208, -21.9522167632922], [-42.24236415058436, -21.9511965822557], [-42.24312143910242, -21.95250511112118], [-42.24154446800208, -21.9538089509216], [-42.24133217583852, -21.95639773216885], [-42.24414504295862, -21.95873884012462], [-42.24091938612003, -21.96335029108229], [-42.23917977262766, -21.9639223003731], [-42.24181572961152, -21.96570319184804], [-42.24226390135721, -21.96729538217539], [-42.24309537764884, -21.96699463539335], [-42.24239953171229, -21.96917652287743], [-42.23979305990105, -21.96986057510469], [-42.24030609884664, -21.97157660117841], [-42.24298512975918, -21.97286777312843], [-42.24098600340062, -21.97369902369024], [-42.24090029081503, -21.97484716836135], [-42.23760005589713, -21.97526513367819], [-42.23251092913534, -21.97313615780666], [-42.22897624455732, -21.97631504000634], [-42.22911623302701, -21.98052049742222], [-42.23119271367204, -21.98231116902446], [-42.226564375245, -21.98867544721332], [-42.22236878788851, -21.99085108710722], [-42.21992248173643, -21.99404399333486], [-42.22117740471271, -21.99836474113914], [-42.22290888113923, -21.99874598264023], [-42.22438619566566, -22.00376567634413], [-42.22370739637853, -22.00796374223216], [-42.22047969717954, -22.00962047060744], [-42.21651058069801, -22.00901961736065], [-42.21206989211112, -22.01308092514381], [-42.20726194018567, -22.0138978998674], [-42.20509821900686, -22.01595151704811], [-42.20140418535414, -22.01621472792658], [-42.19487833586578, -22.01375028784474], [-42.1867837081009, -22.0180595531051], [-42.18337423882934, -22.01563065782784], [-42.17984208044692, -22.00633104374191], [-42.17790617013293, -22.00512506816659], [-42.1759385236432, -22.00556937462619], [-42.17482775569562, -22.00401430021901], [-42.16721106004167, -22.00502985874022], [-42.16026372618927, -22.00917767410959], [-42.15476070983817, -22.01096556590738], [-42.1490622672091, -22.02359024159557], [-42.14637035890422, -22.02521207627552], [-42.14329215940489, -22.02438913185216], [-42.13987375267084, -22.02011712820212], [-42.13753823669953, -22.02016428595226], [-42.13714379315081, -22.02517953700527], [-42.1317845810928, -22.02155091913886], [-42.13070126495069, -22.01967823386263], [-42.13228255459546, -22.01717453567551], [-42.13334589319766, -22.010001515157], [-42.13190129240996, -22.00755267021879], [-42.13006654323567, -22.00741223928264], [-42.12528751710448, -22.00291304979663], [-42.12158695976962, -22.00233511127561], [-42.11724015141112, -21.99662233615112], [-42.11671790340779, -21.99391614211549], [-42.11769118390026, -21.99120994897919], [-42.11472386541334, -21.98805272335375], [-42.11401170937216, -21.98430203421071], [-42.11235001134321, -21.98261659677775], [-42.1111156072987, -21.98380352381281], [-42.10914530870832, -21.9828777212291], [-42.10527592614233, -21.97983918812724], [-42.09986353807108, -21.98081246682113], [-42.09891399698262, -21.9797917111178], [-42.09656388141724, -21.97395202816278], [-42.09938876707719, -21.97003517038604], [-42.10262316622538, -21.96964476389394], [-42.10334322011278, -21.96859344473091], [-42.10021961744064, -21.96505007629924], [-42.10145402058583, -21.96300856129528], [-42.10048074009336, -21.95985133477052], [-42.1015955289098, -21.95956340602561], [-42.10200957857847, -21.9578357688049], [-42.1010029880967, -21.95564961313835], [-42.09224346636216, -21.9552223191539], [-42.09057419064567, -21.95938005314616], [-42.08851651482456, -21.96101452420015], [-42.08201215463652, -21.95275351016556], [-42.08186972360812, -21.94859926644222], [-42.08350768313232, -21.94855178943277], [-42.08457591764375, -21.95064078144611], [-42.08664117025307, -21.95147162911161], [-42.08887259329481, -21.94919272906043], [-42.08960848784074, -21.94591681001202], [-42.09079541487574, -21.94646279741937], [-42.09319300834994, -21.94465866836208], [-42.09395264140056, -21.94254593694467], [-42.09013073584407, -21.93919880418071], [-42.08915745625086, -21.93540063712891], [-42.09632795507036, -21.93606256963113], [-42.09483096697483, -21.93271818069871], [-42.09801193200434, -21.93186359362915], [-42.10074186544398, -21.92616634440049], [-42.09663509693144, -21.92419604401147], [-42.09388142588637, -21.92431473743443], [-42.09257580632766, -21.92839776744222], [-42.08882511628536, -21.92937104613611], [-42.08870350006572, -21.93223824489831], [-42.08379254518906, -21.93532942071539], [-42.08374506817961, -21.93651634775046], [-42.07555527055854, -21.93625522419848], [-42.07819024908002, -21.93210097867643], [-42.07349001794921, -21.92493194035598], [-42.07358497196816, -21.92205957588794], [-42.07510423896872, -21.92146611237041], [-42.07332384841612, -21.91913973530978], [-42.07669472058416, -21.91669466482614], [-42.07648107404162, -21.91481932115397], [-42.07083130092309, -21.91441576477496], [-42.06814884629148, -21.9163148478512], [-42.06812510778678, -21.91849879388343], [-42.06605985427814, -21.91754925279503], [-42.06393120755843, -21.91921332323551], [-42.06223794872164, -21.91854627089293], [-42.05782258144626, -21.91303892970205], [-42.0568163875655, -21.91008220702747], [-42.05402441439446, -21.90836243707605], [-42.04289686170006, -21.88993576092582], [-42.03458254844514, -21.88697401014167], [-42.03268346357027, -21.88120554539881], [-42.03347515385451, -21.87970797184465], [-42.03143401476723, -21.87750244478121], [-42.03037919724142, -21.87381743492591], [-42.02539847835635, -21.86717849209293], [-42.02296760367125, -21.86810664460518], [-42.02195629804396, -21.86741331317307], [-42.02209205430415, -21.86408926510671], [-42.02553895425859, -21.86383771213991], [-42.02417814060794, -21.86101924494142], [-42.01764177894421, -21.85858203723046], [-42.0187281815596, -21.85544788101413], [-42.01436949405615, -21.85260188197049], [-42.01192576715971, -21.84880019227427], [-42.00880223643333, -21.84664865331195], [-42.00449700373298, -21.8462057156205], [-42.00422629430733, -21.84325286182934], [-42.00138084564878, -21.83942078134322], [-42.00558996240613, -21.83756239978413], [-42.00188741307289, -21.83437045493179], [-41.99539167018867, -21.8253134626454], [-41.99301480518835, -21.82516013633045], [-41.99176223124124, -21.82297275758594], [-41.98797983020427, -21.82116899725065], [-41.98638337529178, -21.81763837401098], [-41.98356220023464, -21.81631415377439], [-41.97778707691134, -21.80947189131393], [-41.97350060766615, -21.80702085472791], [-41.97401084522357, -21.80405315312976], [-41.97295753496155, -21.8032429601937], [-41.97020330903473, -21.80361587667062], [-41.97025421066257, -21.81125570918283], [-41.96908563519315, -21.8159762901729], [-41.96742415390082, -21.81808828144824], [-41.9656764564026, -21.82735466918189], [-41.96109036542731, -21.83360329095831], [-41.95928678765438, -21.8347440611887], [-41.95676065497952, -21.83409971582847], [-41.95692677864719, -21.83557021978902], [-41.95553234743915, -21.83599455860121], [-41.95664869568003, -21.83758659244648], [-41.95406265017044, -21.84325038509644], [-41.95487157776034, -21.84776153736431], [-41.9523975392143, -21.8553878242879], [-41.94978751058443, -21.85664908838396], [-41.94934171844483, -21.85971995301264], [-41.94103299267772, -21.86680193516042], [-41.93686618002943, -21.87219137073441], [-41.93236839708311, -21.87064815928437], [-41.93014793228053, -21.87130685062988], [-41.92914461533098, -21.87032625774981], [-41.92764449759477, -21.8710732301447], [-41.92824935102601, -21.87246952294936], [-41.92656142337023, -21.8730740751077], [-41.92625835363935, -21.87537373690765], [-41.89567712779649, -21.87842017505028], [-41.89119617925951, -21.87241182604419], [-41.8928131818821, -21.86462317282042], [-41.89863974462776, -21.86769270285515], [-41.90080470327371, -21.86572234760746], [-41.89905327628696, -21.86384929360923], [-41.89567204842558, -21.8642628261677], [-41.8912934814083, -21.86263302529312], [-41.88973665602111, -21.86314385820174], [-41.88333298482866, -21.87234789773652], [-41.88848202442517, -21.87864353067363], [-41.88739514337044, -21.88084333175357], [-41.88159114281626, -21.88138347716495], [-41.87120125183554, -21.88473926770229], [-41.85540265730606, -21.88484334264535], [-41.85003238358689, -21.88586327816699], [-41.84879389032506, -21.88754929476335], [-41.84675401928183, -21.88653976709583], [-41.83939591199101, -21.88772622198678], [-41.83089297942672, -21.88515556927331], [-41.82941511361588, -21.88568635094356], [-41.82666753188033, -21.88360485028284], [-41.81465726941673, -21.87929614170281], [-41.80963044318969, -21.88087808335609], [-41.80777790722391, -21.87923369817588], [-41.79667928302177, -21.87676442873465], [-41.79638536119472, -21.87892575681747], [-41.78736878713909, -21.88165864632867], [-41.79019940058112, -21.8826946338495], [-41.78973129086563, -21.88386503764059], [-41.79098019198153, -21.88370892522596], [-41.78885705990467, -21.88582164944881], [-41.78965843858532, -21.8871225871369], [-41.78776427210272, -21.88690403029597], [-41.7889299130843, -21.88803844771542], [-41.7880452751686, -21.88855882333024], [-41.78614057762485, -21.88755106642782], [-41.78483976314379, -21.88890227082237], [-41.78377819710539, -21.88774703679553], [-41.78450672260641, -21.88701851219383], [-41.78215462583461, -21.88656058100526], [-41.77950071208744, -21.88773662984084], [-41.78007312517383, -21.88898553005737], [-41.77869933430611, -21.88857963813899], [-41.77818936744461, -21.88965161113219], [-41.77695354426993, -21.88872766744714], [-41.77652416475769, -21.8898909836812], [-41.77435940396259, -21.89055706385665], [-41.77246523658067, -21.88939142287506], [-41.77199689933673, -21.89026565383608], [-41.76316092713432, -21.89031769220696], [-41.76161020814385, -21.88991179938927], [-41.76191202601848, -21.88908960589981], [-41.76015315714176, -21.8901719858477], [-41.75746802073184, -21.88862126775655], [-41.75235793526974, -21.88991179938927], [-41.74860082496735, -21.88885023335081], [-41.74702929116813, -21.88976609303], [-41.7468107343272, -21.88883982639612], [-41.74600935564649, -21.88952672138032], [-41.74410478220921, -21.88853800762217], [-41.74119068020497, -21.88952672138032], [-41.74077680320619, -21.88873824167575], [-41.73984811200006, -21.89023443117327], [-41.7387449163441, -21.88867330612737], [-41.73821413377453, -21.88968283379495], [-41.73667382263807, -21.8884131178703], [-41.73545614418498, -21.88936020111163], [-41.73304160298687, -21.88739318324804], [-41.73281263739256, -21.88826741330968], [-41.73122028878458, -21.88788233530073], [-41.73047094757544, -21.88951631442558], [-41.72914919507855, -21.88893349258586], [-41.72876411796892, -21.88979731569282], [-41.72675546868919, -21.8880072250526], [-41.72384136668501, -21.88972446431183], [-41.72136106166295, -21.88869937387625], [-41.72034444463969, -21.88651895228702], [-41.71723260060332, -21.88895430919325], [-41.71604614481299, -21.88862126775655], [-41.71139398964016, -21.89104621680866], [-41.7109985037772, -21.89272182555101], [-41.70926045060855, -21.89191003991562], [-41.70576352856324, -21.89227430311581], [-41.70960389810068, -21.89458477027017], [-41.70866722271342, -21.89644771319064], [-41.70944778568605, -21.90034012109891], [-41.71226821970185, -21.90123516596935], [-41.71026997827613, -21.9048465708118], [-41.71272614999111, -21.9058560993787], [-41.71605655176774, -21.91135126195041], [-41.71415197833039, -21.91787676879704], [-41.71391260578139, -21.92372578761422], [-41.71608777443049, -21.93099022691666], [-41.71873128122292, -21.93409166399834], [-41.72091685772608, -21.94456161622486], [-41.71342345282937, -21.96113036587292], [-41.71937654658961, -21.96610515372907], [-41.72061503985145, -21.96837399126593], [-41.71671222498844, -21.98191415611262], [-41.71730545288364, -21.9847345910278], [-41.72282143116337, -21.99282122292033], [-41.73091847180928, -21.99628692410147], [-41.73471721172922, -22.00465455816055], [-41.73892184356748, -22.00408214507416], [-41.7410449756444, -22.00557041873907], [-41.74093049284721, -22.00784966323062], [-41.74452108288091, -22.01054520659522], [-41.74631117442044, -22.01081580180704], [-41.74777863237728, -22.00931712118739], [-41.74962076138831, -22.01045154040548], [-41.7511999547134, -22.01388895700899], [-41.75716620285726, -22.01609240843715], [-41.7620369157703, -22.01953729211158], [-41.76129798331453, -22.02183735231119], [-41.76279666393418, -22.02302380810147], [-41.76438901344147, -22.01722682585654], [-41.76533609578348, -22.01851735658994], [-41.7739535111449, -22.02210794662363], [-41.7718928243936, -22.0279465575868], [-41.76710537161489, -22.03046517462735], [-41.76388945173608, -22.03496121828482], [-41.76303603558387, -22.03835406538701], [-41.76461797723715, -22.04052923313685], [-41.76360862044072, -22.0441436156346], [-41.76668907184245, -22.04703392517473], [-41.76201610096155, -22.04957335612471], [-41.75910199895736, -22.05376758100829], [-41.76235954755435, -22.0634361545541], [-41.75503995732743, -22.068847164864], [-41.7541993816954, -22.07187504639552], [-41.75488630365925, -22.07400811867893], [-41.75321419058167, -22.07775907492061], [-41.75445245811369, -22.08177214576716], [-41.75047022142286, -22.08635476715801], [-41.75200285864429, -22.08698112337936], [-41.75330911672165, -22.08549671769856], [-41.76061014763945, -22.08371505010871], [-41.76302842642002, -22.08485247306243], [-41.76628427439903, -22.0846387752585], [-41.77014702176689, -22.08771262473709], [-41.7737845321297, -22.09269706591607], [-41.77877857357157, -22.09673455605412], [-41.78258572844788, -22.09821380592166], [-41.79183926127217, -22.10057277711121], [-41.79341871629998, -22.09852866036863], [-41.79867338756605, -22.09823989075755], [-41.8108692701, -22.09921344104669], [-41.81565054633489, -22.10089767878407], [-41.82161798158387, -22.09946879544776], [-41.82180969725897, -22.09511349299254], [-41.82408462230671, -22.09369477289465], [-41.82642214736347, -22.08916594714998], [-41.82931024007479, -22.08793771695127], [-41.82909390995525, -22.0859660073246], [-41.83101147679747, -22.08480799978861], [-41.8327254533163, -22.07828812719453], [-41.83887128168357, -22.07423108219791], [-41.83717134807853, -22.07298803926585], [-41.8375087458312, -22.07128605610581], [-41.84275932608131, -22.06974218275474], [-41.84890051844343, -22.07145257097858], [-41.85125836907775, -22.06879960062031], [-41.8538078868238, -22.06810410272141], [-41.85667346320901, -22.06474955324853], [-41.8559767494267, -22.06335769679947], [-41.8578705067178, -22.06348695006193], [-41.85770452604231, -22.06172412416822], [-41.86089778390487, -22.06209919002481], [-41.86195182531577, -22.05868345607587], [-41.86684176483482, -22.05664747460048], [-41.86697845279264, -22.05271156738416], [-41.86936942365924, -22.05147358673588], [-41.8726964403877, -22.05154704336059], [-41.87736527708512, -22.05509530230557], [-41.88261373673384, -22.05014397776159], [-41.88839649530127, -22.04891244255441], [-41.88931306904215, -22.05122765902848], [-41.89364995158326, -22.05356051390584], [-41.8950064862596, -22.05596995055203], [-41.89831378805013, -22.05627259130625], [-41.89945454029407, -22.0548792311908], [-41.90344586373487, -22.05795296375749], [-41.9033977248244, -22.06121223455619], [-41.90517871972139, -22.0626472980336], [-41.90459639071014, -22.0648891990765], [-41.90992289712329, -22.06792398470338], [-41.92053159585572, -22.06514969759968], [-41.92056490404633, -22.06365886806151], [-41.92464324229104, -22.06233622433649], [-41.92528585195976, -22.06016872510583], [-41.92889883241446, -22.06088408902872], [-41.93519838999299, -22.05679870369642], [-41.93665030856414, -22.06093051562999], [-41.94051287426902, -22.06460683713505], [-41.94225863462754, -22.07018133070306], [-41.94723041335214, -22.07135134418843], [-41.9544843602643, -22.07674707411741], [-41.95978649235201, -22.07667847473107], [-41.96236917439717, -22.0804407111691], [-41.96200570260038, -22.09123192821016], [-41.96073035781905, -22.09238409375013], [-41.96256595325542, -22.0955660992953], [-41.95903632916253, -22.09863686769648], [-41.96219734722905, -22.10312389565047], [-41.96270477530442, -22.105710158796], [-41.96064971111457, -22.10890370983759], [-41.9580343207266, -22.11760536919166], [-41.96075297666778, -22.12495850862751], [-41.96404143586284, -22.12877052703743], [-41.97170010197738, -22.13174360118546], [-41.97636830914939, -22.12564550163779], [-41.98220141716092, -22.12597002019947], [-41.98954086981456, -22.13131159925013], [-41.99933784856211, -22.13577193712445], [-42.00128202814233, -22.13972653225289], [-42.00634239188713, -22.14263418881598], [-42.01356508825751, -22.14401942985205], [-42.02006174035631, -22.14719152306958], [-42.02711911795222, -22.15750887113671], [-42.04011831810516, -22.16118554337737], [-42.05198083544644, -22.16224448429472], [-42.05547949767993, -22.16031987576088], [-42.07033894638454, -22.16488352775184], [-42.07594872485305, -22.16376658685772], [-42.08529059628324, -22.16927676540962], [-42.08831093699939, -22.16964594610278], [-42.09195448271248, -22.1778836658977], [-42.09534301037093, -22.18058249538507], [-42.09739241242914, -22.18389473085637], [-42.09348668556134, -22.1889870421175], [-42.09659343134103, -22.19281110604692], [-42.09320920693864, -22.19793104268268], [-42.09315037059241, -22.20200773067148], [-42.09769643004546, -22.20197096009099], [-42.10195201297427, -22.20522940081543], [-42.10601110392855, -22.20622460767873], [-42.10903686755665, -22.20954488218979], [-42.11156548236039, -22.2095309157184], [-42.11409178860441, -22.20682206508548], [-42.11595008113062, -22.2085394329477], [-42.11822767806416, -22.20806977370034], [-42.12256088417672, -22.21189557691855], [-42.12584465340728, -22.21160566336988], [-42.1287039219477, -22.21412408615686], [-42.13384540184308, -22.21361156701943], [-42.13645364262078, -22.21131812493076], [-42.14262005557038, -22.21213282886617], [-42.14739467142618, -22.21021496704634], [-42.15334620306407, -22.21413576115566], [-42.15908960010421, -22.21522471514771], [-42.16031749485575, -22.21920035441207], [-42.1630376436716, -22.22176098687925], [-42.17140113005735, -22.22511764616166], [-42.17398184438588, -22.2297665179097], [-42.17853938818149, -22.23316119872959], [-42.18323586014611, -22.24337935157502], [-42.18526185015355, -22.24483090861878], [-42.19281873279755, -22.2453550820706], [-42.19690244539083, -22.24709769210403], [-42.20025883667523, -22.2523624762465], [-42.20184019107126, -22.25254481828796], [-42.21098550127914, -22.25977438817671], [-42.21251397284084, -22.26354854872579], [-42.21644869834802, -22.26775248538814], [-42.22742507770442, -22.2746490480144], [-42.23073625287503, -22.27967048730238], [-42.23397933767558, -22.28859258128182], [-42.23512118529374, -22.2888893161882], [-42.23926567137289, -22.28628463132992], [-42.24654361669383, -22.29199630028825], [-42.24940071606943, -22.29691780511183], [-42.25003971855745, -22.30580758015492]]]}}, {"type": "Feature", "id": "12", "properties": {"id": "12", "unidade": "12", "camada": "AISP", "label": "AISP 12"}, "geometry": {"type": "MultiPolygon", "coordinates": [[[[-43.10214573483705, -22.95679081304479], [-43.10489576272852, -22.95755470978128], [-43.1053922964166, -22.95728734583355], [-43.10374761715809, -22.95529004869604], [-43.10229851436424, -22.95532031268152], [-43.10214573483705, -22.95679081304479]]], [[[-43.11560941144444, -22.95172999873967], [-43.11562850944745, -22.95239840815924], [-43.11673615944545, -22.95211194710788], [-43.11560941144444, -22.95172999873967]]], [[[-43.11000026070275, -22.91239807620946], [-43.11377739620912, -22.90679169717833], [-43.11712402355408, -22.90447341221744], [-43.12056978136957, -22.90582983987446], [-43.12460155271873, -22.90546171498539], [-43.125447797677, -22.90812441960549], [-43.12938708904221, -22.90824933004177], [-43.13028217618074, -22.90933921123485], [-43.12969859081659, -22.9107513518926], [-43.13085540944883, -22.91125843912488], [-43.13051291883539, -22.90854121310571], [-43.13302659140334, -22.90747040113735], [-43.136818259954, -22.90279005311771], [-43.1351352416973, -22.89975936480209], [-43.13552299069272, -22.89774609030906], [-43.12907465916743, -22.89562246090708], [-43.12655595309405, -22.89603912220696], [-43.12444564534951, -22.89437824705766], [-43.12519769261871, -22.89147369315566], [-43.12886272043744, -22.89181867668981], [-43.12882628080746, -22.88749072621528], [-43.13054783861111, -22.8868893792407], [-43.13118095503631, -22.88426808030687], [-43.13387881595384, -22.88484231991634], [-43.13406537581574, -22.8811318367641], [-43.13173018000305, -22.87746836926908], [-43.12821411498868, -22.87643594935878], [-43.12189730121872, -22.87781419726662], [-43.11980045092935, -22.88059809632432], [-43.12093589177726, -22.88126720631573], [-43.12004684898216, -22.88306743501334], [-43.11439346958224, -22.88130133918469], [-43.11445844200279, -22.879287001693], [-43.11785764191592, -22.87667051862877], [-43.11502511561588, -22.87725633880819], [-43.11634866855547, -22.87527983399639], [-43.12512860220249, -22.87225693920561], [-43.11956159009458, -22.86730059644458], [-43.11375343826984, -22.86460498742946], [-43.11394542284228, -22.86668705915969], [-43.11546968827474, -22.86702937530464], [-43.11244024192291, -22.86826844413264], [-43.11344268023475, -22.8777620581717], [-43.11166821801311, -22.87752456520576], [-43.11043755424902, -22.8726838239985], [-43.11067267120609, -22.86682306183405], [-43.11215889441672, -22.86640262158295], [-43.10893564056664, -22.86498174581016], [-43.10988655581917, -22.86225302195862], [-43.10751586556404, -22.86365122762129], [-43.10757252734953, -22.86025606206681], [-43.1033932626882, -22.85587563525161], [-43.09604641041278, -22.86059610472569], [-43.07169850977766, -22.86647454216563], [-43.06736664725224, -22.86954520444687], [-43.05588191172012, -22.87108842129282], [-43.05146593920102, -22.87324187221384], [-43.04836813807839, -22.87163184023649], [-43.04144483321176, -22.87254224372879], [-43.03960049996238, -22.87467593024923], [-43.0345662246508, -22.87724482209012], [-43.03030232659034, -22.87533596787983], [-43.02851924436692, -22.87567341869254], [-43.01831886122574, -22.88507144828793], [-43.01232512080696, -22.88763134690834], [-43.00860341501487, -22.89159568169458], [-43.0027179691582, -22.89109715780683], [-42.99414982315506, -22.887801164991], [-42.99066231071635, -22.88818575376877], [-42.98707007402396, -22.89259990156341], [-42.98533957695918, -22.902793960672], [-42.98564198658767, -22.90734727315737], [-42.98370313009463, -22.90922607742078], [-42.97973787620128, -22.90870604804491], [-42.9774605580576, -22.90610865668839], [-42.97276574444282, -22.90680207895201], [-42.96143604483689, -22.90117512343244], [-42.95441742172591, -22.90091846771236], [-42.95592376456932, -22.89379322457688], [-42.9376609008292, -22.88824553170514], [-42.92680506929776, -22.88213456195967], [-42.91976457287603, -22.88176507729571], [-42.90870109777671, -22.87801248518724], [-42.90552104016314, -22.87936341259064], [-42.90090636873322, -22.87755819175635], [-42.89502445721217, -22.87111438921693], [-42.88851600241082, -22.86946047302166], [-42.88538050440604, -22.86742640620292], [-42.88149557076326, -22.86845193820562], [-42.87871672139886, -22.87074694061806], [-42.87190296115199, -22.86934139019223], [-42.86600488161923, -22.87269714565599], [-42.85849309637854, -22.86949616621433], [-42.84671210707734, -22.87287877003843], [-42.83592531560009, -22.87058223068465], [-42.83057235293103, -22.86786103865524], [-42.82929880139784, -22.86284681282939], [-42.82503926864661, -22.85993636566997], [-42.81932421823734, -22.85988750460388], [-42.81185328739855, -22.85681342130158], [-42.80573758721914, -22.85564102371347], [-42.79892931823269, -22.85288285425952], [-42.79668142500702, -22.85004190490923], [-42.78682826740987, -22.84800452678672], [-42.78160344104526, -22.84902901017989], [-42.77002152207484, -22.84378704273706], [-42.76319550766584, -22.84382088422564], [-42.75657233444497, -22.85057258765403], [-42.7531791716807, -22.85170395007646], [-42.74935403306142, -22.85072478262185], [-42.74526696239968, -22.84699213118114], [-42.73851298638448, -22.84584343792352], [-42.73359851156135, -22.84115226206649], [-42.7269103083633, -22.84577453906297], [-42.72546464907356, -22.84869376990076], [-42.72337959788939, -22.84910057732901], [-42.71712553161728, -22.85410621193137], [-42.70663242544532, -22.85234034812777], [-42.7020444926585, -22.84982981689177], [-42.69968708988654, -22.85581080762188], [-42.69590866475232, -22.85732339715628], [-42.68948321467786, -22.85499027158301], [-42.6844177149049, -22.85583868120938], [-42.67837903986009, -22.85441634943419], [-42.66091803683719, -22.8590763601851], [-42.66307338982438, -22.86264260916829], [-42.67601409357485, -22.87344019340941], [-42.6788158792487, -22.87790187487087], [-42.67633698166566, -22.888467042819], [-42.67893297907301, -22.89179205405929], [-42.6771904598711, -22.89566826967416], [-42.67642422579667, -22.90172348415069], [-42.67358581343382, -22.90355452721889], [-42.67628177318454, -22.90460034612829], [-42.67982068007962, -22.90888029798657], [-42.67581165078633, -22.90811609637996], [-42.67258523132261, -22.91024853014477], [-42.66764216795093, -22.91039077591279], [-42.66432435668298, -22.90954139411929], [-42.65584170293153, -22.90396560912478], [-42.6520810807765, -22.90447098944384], [-42.64649217197541, -22.90790460101573], [-42.63815714823306, -22.91777870112537], [-42.63441736157125, -22.91983992926856], [-42.63545314944258, -22.93224542398633], [-42.63390309055444, -22.93659968322805], [-42.65965858667369, -22.94086707605396], [-42.67793725420017, -22.94522337315937], [-42.68161788075986, -22.94728594668834], [-42.68232911319728, -22.94965079314881], [-42.68134627381073, -22.95102493115485], [-42.68224020891779, -22.95246016100685], [-42.68158800258351, -22.95490680890134], [-42.68274949679113, -22.95791654840923], [-42.68985039258081, -22.96209735720652], [-42.69333543098463, -22.96142168666074], [-42.69514907307052, -22.95855897731417], [-42.70137235644836, -22.95704760815983], [-42.73120854613677, -22.95649640378525], [-42.86913425074437, -22.96563573709881], [-42.88600975914233, -22.9679733781681], [-42.91170182967494, -22.9745977843595], [-42.9189107583241, -22.97501621192788], [-42.96711374370358, -22.97031785588359], [-43.00602761188406, -22.97019830540671], [-43.01316481060678, -22.97151336604821], [-43.01446658556375, -22.97716784621838], [-43.02465744218648, -22.97519447194657], [-43.02463640434587, -22.98058022569609], [-43.02808665157698, -22.98111038593481], [-43.02989172132516, -22.98018891718402], [-43.03082581296019, -22.97565310280766], [-43.03652293088783, -22.97454649872117], [-43.03847526641965, -22.97608648790032], [-43.03967023069583, -22.97473163405687], [-43.04085678001564, -22.97623796161184], [-43.04343184300444, -22.97692801231716], [-43.04572920433856, -22.98010897285002], [-43.04859038573699, -22.98037826134691], [-43.05160304174626, -22.98229693615389], [-43.05249505680069, -22.98080743761238], [-43.0518470835753, -22.97773587510977], [-43.04945715502294, -22.97671763121292], [-43.04591433877499, -22.97268673130685], [-43.04832492655339, -22.96675336417564], [-43.05173111779612, -22.96382990202756], [-43.06819689506995, -22.95931358675188], [-43.06987127803632, -22.95994646575599], [-43.07049849041226, -22.95785667244672], [-43.07627656081388, -22.95624033442311], [-43.09479576910871, -22.95407292512465], [-43.09858871739465, -22.95562187964526], [-43.09798443503291, -22.95403777512246], [-43.09987731908228, -22.95279371775507], [-43.10361227278742, -22.95445995915901], [-43.10575760822633, -22.95445793208711], [-43.10604888334854, -22.95306804515337], [-43.11040974271475, -22.95360587391116], [-43.1106330470767, -22.95156043336652], [-43.11421235691398, -22.95149940717113], [-43.11111050794284, -22.9500473033396], [-43.11329107792017, -22.94511466311042], [-43.12025850442569, -22.94547206808068], [-43.11936231291969, -22.9438316174344], [-43.12011211997765, -22.94334480991427], [-43.1176364698465, -22.94294522314277], [-43.1156807960312, -22.94116133962336], [-43.11561856114696, -22.93894778790929], [-43.11699316140454, -22.93692987111586], [-43.12427568157671, -22.93881229155323], [-43.13003171139366, -22.93908336880168], [-43.13413489430917, -22.93797545440293], [-43.13256115807025, -22.93721707500725], [-43.13102426255892, -22.93788161284539], [-43.12528418941309, -22.93455755218849], [-43.126307499191, -22.93225285598373], [-43.12251648264885, -22.92939564868948], [-43.12337657356926, -22.92889017663958], [-43.12295770083648, -22.92720482014556], [-43.12431003927617, -22.92656557663929], [-43.12318838773319, -22.92534721020479], [-43.12447019774072, -22.92411528019522], [-43.12122431694792, -22.92263048600734], [-43.11975376262529, -22.92290961308743], [-43.11980942256605, -22.92609762430516], [-43.1176827984217, -22.92814449836914], [-43.11688182983187, -22.93096873741655], [-43.11496156862074, -22.93026370670395], [-43.1154875614011, -22.92935529790788], [-43.11428812029976, -22.928279159255], [-43.11182689619358, -22.92938747924802], [-43.11430833705936, -22.93223465010823], [-43.11200987585437, -22.93518661536922], [-43.10919251841926, -22.93392381972774], [-43.10838329765033, -22.93559783127409], [-43.10757790619471, -22.93560696209084], [-43.10757673887468, -22.93420056540299], [-43.10435190491575, -22.93542450043958], [-43.09862657435622, -22.9315280177031], [-43.0953564577336, -22.92473074562662], [-43.09578818717438, -22.92165521711382], [-43.09462921916241, -22.92092006540793], [-43.09608973615167, -22.91494739430601], [-43.09881036340681, -22.91518631269741], [-43.09958862141701, -22.91368666530661], [-43.09960034318055, -22.91468322475026], [-43.10037255504864, -22.91405665269161], [-43.10149339720181, -22.91502311542365], [-43.10343886820846, -22.91427687957355], [-43.1037651467434, -22.91524337108393], [-43.11084610905993, -22.91515638685701], [-43.11132041240637, -22.91425178489118], [-43.11000026070275, -22.91239807620946]]], [[[-43.12523802271585, -22.87432461818582], [-43.11817258629509, -22.8757889249182], [-43.12007492761506, -22.87722590035423], [-43.12223426280025, -22.87596307863242], [-43.12390883282563, -22.87652607491765], [-43.12523802271585, -22.87432461818582]]], [[[-43.13300290236134, -22.86833171323718], [-43.13352297670326, -22.86778973860476], [-43.13230353557896, -22.86848089367754], [-43.13249069978525, -22.86981928812889], [-43.13418722136242, -22.8697713821428], [-43.1340554949644, -22.87084118417255], [-43.13176419236288, -22.87104078060679], [-43.13125957916549, -22.87344422417084], [-43.13496416006723, -22.87516795293789], [-43.13683085495927, -22.87563650062322], [-43.1379149112434, -22.87518984423514], [-43.13611653514926, -22.87352013414608], [-43.13751114891966, -22.86918845508234], [-43.13573604278344, -22.86843161532602], [-43.13820503793141, -22.86836454568646], [-43.1381954547557, -22.86737777266529], [-43.13806270043256, -22.86823726463729], [-43.13634507896148, -22.86827285440791], [-43.13618905288178, -22.86735451080125], [-43.13619863605749, -22.86827285440791], [-43.13300290236134, -22.86833171323718]]], [[[-43.11924843716491, -22.86369371429271], [-43.12607750657094, -22.86267310517889], [-43.1268729821017, -22.86475934886408], [-43.12897423457252, -22.86621521725772], [-43.13101545100153, -22.86650038598327], [-43.13125155271626, -22.86561943978455], [-43.12833560260526, -22.8616363055703], [-43.12628763316701, -22.86268811396451], [-43.12634766920883, -22.86127727282712], [-43.12412634465437, -22.85914600278505], [-43.11686201506922, -22.85839555630912], [-43.11924843716491, -22.86369371429271]]], [[[-43.08110544356066, -22.98561889869245], [-43.08209345225026, -22.98830154308098], [-43.08652405224251, -22.98960016771281], [-43.08854837760481, -22.98887446608296], [-43.08809003992269, -22.9873466726101], [-43.08369763503708, -22.98551332098219], [-43.08110544356066, -22.98561889869245]]], [[[-43.06272867618674, -22.9841765021431], [-43.06773219828159, -22.98616263419746], [-43.06857248433198, -22.98539873656165], [-43.06742663922728, -22.9826487095695], [-43.06246131223901, -22.98234315141451], [-43.06272867618674, -22.9841765021431]]], [[[-43.05508971241954, -22.98077716283501], [-43.05428761967715, -22.97764518837397], [-43.05302719015197, -22.97730143421302], [-43.05325635989237, -22.97986048837009], [-43.05508971241954, -22.98077716283501]]]]}}, {"type": "Feature", "id": "14", "properties": {"id": "14", "unidade": "14", "camada": "AISP", "label": "AISP 14"}, "geometry": {"type": "Polygon", "coordinates": [[[-43.4586335423034, -22.84848382766575], [-43.43963560419905, -22.84224452106702], [-43.43512156420809, -22.84183733862153], [-43.43380645320451, -22.84382844572542], [-43.43201751279724, -22.84374589785415], [-43.42862152256447, -22.84666200174922], [-43.42656688825053, -22.84670926022341], [-43.41374787716205, -22.83783938268061], [-43.40675778684164, -22.84626590704522], [-43.40394693690087, -22.84441751695408], [-43.39699768389528, -22.84547566466944], [-43.39813367512829, -22.84008351044486], [-43.39544903784207, -22.84006378831242], [-43.38693724425769, -22.83653059301167], [-43.38088800397747, -22.83635503275781], [-43.38260537363834, -22.83762338531022], [-43.37765354817196, -22.85398125562966], [-43.38287088138532, -22.85584464731187], [-43.38484080855574, -22.85514984818616], [-43.38481532806424, -22.8558876987575], [-43.37975494363502, -22.85845443672213], [-43.3771190127315, -22.85805467638141], [-43.37480035635065, -22.85916530313546], [-43.37827233120237, -22.8661230331507], [-43.37293251842027, -22.87591979516162], [-43.3748473234445, -22.88035739457735], [-43.37487380218352, -22.88890516823813], [-43.37757070442376, -22.89467771680239], [-43.3749213259577, -22.89817075107851], [-43.3740381197627, -22.90348812037968], [-43.37956527391754, -22.90700121942996], [-43.38652100384053, -22.90257458544801], [-43.41550386011431, -22.90641238921961], [-43.41976311497507, -22.90939274337961], [-43.41592358630373, -22.91133988892398], [-43.41823364606518, -22.91349191172156], [-43.42003988583133, -22.91338697972458], [-43.42140836530308, -22.91190467486007], [-43.42531319374814, -22.91181999109892], [-43.43123081015301, -22.90781923826648], [-43.43997136518561, -22.90912932925437], [-43.45516595614322, -22.91474003582323], [-43.46658004363337, -22.91563314175534], [-43.46870817324287, -22.91715504736675], [-43.46916746060907, -22.91999294441808], [-43.46751832341118, -22.92319838899368], [-43.47234719806403, -22.92792963144655], [-43.47284450786702, -22.9317933869545], [-43.4828732553957, -22.92556514831216], [-43.48759196669516, -22.92703405507683], [-43.49110499110174, -22.92427690455474], [-43.49528153441457, -22.9228531140792], [-43.49650878615086, -22.91715269204235], [-43.49331588441981, -22.91339148982462], [-43.49434636629104, -22.90919220805318], [-43.4980450917069, -22.90776054041584], [-43.49924552386113, -22.90424893424017], [-43.50236379355351, -22.90497784465106], [-43.5081014331339, -22.89910074540228], [-43.51283326464272, -22.89754284712393], [-43.50654350607721, -22.89300843119338], [-43.50271573784028, -22.89212056920815], [-43.50808115881767, -22.87747539477289], [-43.50440133355397, -22.87625292023529], [-43.50519200670499, -22.87499523634034], [-43.50441265511921, -22.87313728016056], [-43.5072898111751, -22.8709067321592], [-43.50964318588359, -22.87148261483003], [-43.50884966098232, -22.86885696317756], [-43.51231043927464, -22.86342246257584], [-43.51441204607835, -22.86303334211425], [-43.51510825264302, -22.8522745249486], [-43.52035107444181, -22.84653553818379], [-43.51832660878523, -22.84457014899243], [-43.52106909855934, -22.83940498724957], [-43.52469467311994, -22.8362961163719], [-43.52702464207283, -22.83105412015072], [-43.52687003422398, -22.82732366485448], [-43.52278998187143, -22.8229548087167], [-43.51895707490837, -22.82281725021517], [-43.5124165970476, -22.81888080070763], [-43.50838963077609, -22.8212468900312], [-43.50616357938497, -22.81945459695129], [-43.4994409303539, -22.81835678103982], [-43.49833577687389, -22.81542125538584], [-43.49621947874522, -22.8137419432353], [-43.49078937402965, -22.81501598130171], [-43.48819377142468, -22.81752867630661], [-43.48031681826581, -22.81680989855721], [-43.47626324375295, -22.81835755805406], [-43.46616332028026, -22.81724742412854], [-43.46489868822317, -22.81836652069762], [-43.46423545440194, -22.822315781947], [-43.46205762196098, -22.82258034720451], [-43.4586335423034, -22.84848382766575]]]}}, {"type": "Feature", "id": "15", "properties": {"id": "15", "unidade": "15", "camada": "AISP", "label": "AISP 15"}, "geometry": {"type": "Polygon", "coordinates": [[[-43.24666361393389, -22.74686666966028], [-43.24260056416398, -22.74913785083038], [-43.24293265142001, -22.75009260259077], [-43.24774904258351, -22.75340073895217], [-43.25588406429739, -22.75640226585114], [-43.25921898426799, -22.7558748962087], [-43.25723317057361, -22.75752306213883], [-43.25733694784111, -22.75889292206995], [-43.25978609315297, -22.76105149103273], [-43.26175786213491, -22.75999296200484], [-43.26138426397188, -22.76213077461477], [-43.26375038657034, -22.7612798010212], [-43.26335603385314, -22.76323081454967], [-43.26416549743902, -22.76383272360056], [-43.26665615365783, -22.76250437367713], [-43.26503722738539, -22.76543089531879], [-43.26661464275082, -22.76626111435814], [-43.26842036810478, -22.76509880716344], [-43.26759014906537, -22.76734039794025], [-43.27018458255174, -22.76723662067275], [-43.27020533890453, -22.77030842958959], [-43.27410736686073, -22.77269530944022], [-43.2736092350774, -22.77518596565903], [-43.27846601569331, -22.78037483263165], [-43.27543571678416, -22.78564672231761], [-43.27709615396361, -22.78913364120382], [-43.27270076962407, -22.79093182214513], [-43.27261297330932, -22.79220545012066], [-43.27373376869775, -22.79224696102767], [-43.27111857885859, -22.79523574813049], [-43.27082800340889, -22.7987226670167], [-43.27255585107093, -22.80330764463133], [-43.27679198256322, -22.8037878736107], [-43.27899965540905, -22.80765505643495], [-43.28671387444501, -22.80818473733501], [-43.28983292115169, -22.81072483288398], [-43.29558681867599, -22.80642564902371], [-43.29923180959958, -22.80652716809357], [-43.30042149485536, -22.80391891292669], [-43.30281278408199, -22.8037529340499], [-43.30400997867685, -22.8011833812073], [-43.30780184327972, -22.79984862901023], [-43.31941287870063, -22.80153587408057], [-43.32575673418518, -22.80126468171892], [-43.33086905086526, -22.80272097459255], [-43.32916459187169, -22.78636107630183], [-43.3298253867315, -22.7723404522493], [-43.32835135742846, -22.7303634356233], [-43.32715466285669, -22.72396354697935], [-43.31973632976707, -22.70938823997454], [-43.32292626733266, -22.70685260686156], [-43.32704153443854, -22.70561956439059], [-43.32618501202796, -22.69851921898601], [-43.32852209102094, -22.69501359959719], [-43.33514930219781, -22.69650033362274], [-43.34062443057229, -22.69442658691668], [-43.34685503623018, -22.69855547785227], [-43.35013733057264, -22.69774567881927], [-43.36530064940473, -22.68509768730763], [-43.36499962293351, -22.68118585584182], [-43.37130808020299, -22.67436469327521], [-43.38641602058215, -22.66877015112078], [-43.38991259818715, -22.66583146614846], [-43.39535542920896, -22.66433139877427], [-43.398663913608, -22.66133553580556], [-43.40133283524142, -22.65759205382943], [-43.40155167716745, -22.65300244110898], [-43.38288823560288, -22.63120926979121], [-43.38302271392638, -22.6221962948224], [-43.38985389044393, -22.61573676943561], [-43.39830293742989, -22.61329014222554], [-43.40160517244004, -22.61106879338934], [-43.40503073687825, -22.61266696240961], [-43.41080473514967, -22.61151562064862], [-43.41294475919256, -22.60868471672552], [-43.41358449642667, -22.60381904810981], [-43.41622593657701, -22.59753915510714], [-43.41499765062036, -22.59348876599296], [-43.40705045681239, -22.58871562142804], [-43.40346850656562, -22.58788461907915], [-43.39757723759868, -22.58097978628734], [-43.39058392410806, -22.57623983569908], [-43.38823486794405, -22.57214419000161], [-43.38966785308821, -22.56012889493178], [-43.3924186975641, -22.55619508583379], [-43.40944757724316, -22.54533750422166], [-43.404337765175, -22.5420789321962], [-43.4041920057557, -22.53500231720238], [-43.39777647610276, -22.53150717941202], [-43.38908178739382, -22.53228877480632], [-43.38461431519778, -22.53046346761414], [-43.38027710530343, -22.52679088189291], [-43.37924517642301, -22.52338704507531], [-43.37491773136747, -22.52062505709995], [-43.37116351958002, -22.52254747218734], [-43.36974616375375, -22.52589069919566], [-43.36733438437363, -22.52682098759772], [-43.36035554637061, -22.52583237816094], [-43.35622468502049, -22.52217197465615], [-43.3536910519997, -22.52292638714226], [-43.3449958569725, -22.52044960476468], [-43.33191723139436, -22.51921041902483], [-43.33008357939292, -22.51673461061301], [-43.33213551933801, -22.51250754698492], [-43.32810890829876, -22.51090531662629], [-43.31711359641463, -22.49703672836154], [-43.31258017333562, -22.49533069285644], [-43.31152530904507, -22.4931199497251], [-43.30044031856511, -22.48355456079355], [-43.29666281343737, -22.47574232374848], [-43.2434073576627, -22.50773670018776], [-43.24122248083211, -22.51049038831997], [-43.2383843445611, -22.51041032617485], [-43.23701905858195, -22.51415618415979], [-43.23399787879833, -22.51678409670791], [-43.23302243543634, -22.51927043618093], [-43.23144185265863, -22.52004015332966], [-43.22671772474246, -22.51666844928872], [-43.22463057543996, -22.52026833111779], [-43.22163183913733, -22.52123858719028], [-43.22611032802848, -22.52315748323048], [-43.22499526671743, -22.52691071565624], [-43.22669456000523, -22.52900192809574], [-43.23002978304731, -22.52760791057585], [-43.23138392192971, -22.52424674119339], [-43.23377817262383, -22.52280743831187], [-43.23582888499431, -22.52262969630266], [-43.2464348605796, -22.52693402338571], [-43.26074612663172, -22.56125397019377], [-43.25463444462321, -22.57514920177346], [-43.22524350927978, -22.56373428330977], [-43.19839708875389, -22.61498380305932], [-43.19899686011627, -22.6176988410279], [-43.19807578257058, -22.62002295629361], [-43.19423081839682, -22.62296826297421], [-43.19472348769807, -22.62959788073681], [-43.19649067170639, -22.63041185712075], [-43.19884691705084, -22.63398371067893], [-43.20156293078389, -22.63426914200653], [-43.21058423437421, -22.64261444320124], [-43.21739710519154, -22.65251301296439], [-43.21917774215837, -22.66784197342758], [-43.22479614782321, -22.67482074128338], [-43.21851952115827, -22.68164410718902], [-43.21797261014711, -22.68885523018395], [-43.2152988231814, -22.69086057085786], [-43.21568368625236, -22.69422306224374], [-43.21772953868651, -22.69590430613806], [-43.21566342992264, -22.69756529640051], [-43.2167276075923, -22.69949804559758], [-43.21497300420003, -22.70062708507112], [-43.21481267936093, -22.70299389385235], [-43.21837698041259, -22.70785200816289], [-43.21816277539102, -22.70973700425856], [-43.22161868385444, -22.71261547692194], [-43.22157817209421, -22.72444496126519], [-43.21213153504158, -22.7292748683397], [-43.2123806013829, -22.7330108517686], [-43.21939595006234, -22.73907144868764], [-43.22628676512136, -22.74131304036376], [-43.23027181579096, -22.74031677679704], [-43.23864668399654, -22.74276674318986], [-43.24044199520119, -22.74662643915809], [-43.24666361393389, -22.74686666966028]]]}}, {"type": "Feature", "id": "16", "properties": {"id": "16", "unidade": "16", "camada": "AISP", "label": "AISP 16"}, "geometry": {"type": "Polygon", "coordinates": [[[-43.27272891480686, -22.8106920049313], [-43.26620061736389, -22.82464696588397], [-43.25568817666726, -22.83431516800982], [-43.25476090818864, -22.83658677365992], [-43.25623861571881, -22.83785409828721], [-43.25454676342167, -22.83901957469283], [-43.25735763314754, -22.84574537404899], [-43.25877058409446, -22.84582703518873], [-43.26433495219555, -22.85136844899398], [-43.26310503666735, -22.85261264215893], [-43.26680161270355, -22.85622720811841], [-43.26605012121541, -22.85750507999467], [-43.26313373223525, -22.85616864516606], [-43.26216415155363, -22.85799088027414], [-43.26728989960844, -22.8596774634434], [-43.26768502933987, -22.86191453063032], [-43.26264903362528, -22.8626291436193], [-43.25976739085166, -22.8618820426214], [-43.25736583406524, -22.86556423130344], [-43.25820576308479, -22.86669458738453], [-43.26450447530055, -22.86587663599715], [-43.26567522083405, -22.86788148294329], [-43.26790737142733, -22.86892555716798], [-43.26988346524899, -22.86709431804758], [-43.27393533464726, -22.86780342718566], [-43.27886071464951, -22.87353049793336], [-43.28286394691287, -22.8697902418254], [-43.28398296434159, -22.87006224987215], [-43.28495266193505, -22.86788370786604], [-43.28834112664094, -22.86630642829823], [-43.28820913494292, -22.8611623232818], [-43.28930787715609, -22.86073379812552], [-43.2880082542768, -22.85843917972358], [-43.28945373010481, -22.85685518941466], [-43.28659104503998, -22.85557576620789], [-43.29208349885369, -22.85256164610229], [-43.29353372310209, -22.85492127109899], [-43.29857337905747, -22.85272449713705], [-43.29938372307964, -22.8512120110247], [-43.30088029928567, -22.85180190603239], [-43.29954278257264, -22.85100555096466], [-43.30138994059257, -22.85022433778221], [-43.30057522406662, -22.84897941077043], [-43.30248588411553, -22.84595353112979], [-43.30453756595517, -22.84705070312668], [-43.30669666461864, -22.84486727600319], [-43.30187491439506, -22.8416259466793], [-43.30329128276577, -22.83921817108097], [-43.30458930305315, -22.84001046031369], [-43.30698270208927, -22.83613470065512], [-43.3110142782856, -22.8389132388541], [-43.31746938800114, -22.83688788017076], [-43.31884503866689, -22.83339897378283], [-43.31493607873631, -22.83227593368662], [-43.30920139073089, -22.83328990220645], [-43.30787513263056, -22.83188523761288], [-43.31294270444153, -22.83026821610451], [-43.31358133640884, -22.82585761973257], [-43.31656756494044, -22.8195216261214], [-43.31938747734949, -22.81897315478648], [-43.3308773003464, -22.8126521016124], [-43.33143667596107, -22.80927659613724], [-43.32652288642134, -22.80153236672459], [-43.30839480497553, -22.79982060433667], [-43.30421425878029, -22.80102444402212], [-43.30289336963256, -22.80368768823547], [-43.30056821744853, -22.8038069599225], [-43.29894518397231, -22.80669560391823], [-43.29558681867599, -22.80642564902371], [-43.28983292115169, -22.81072483288398], [-43.28671387444501, -22.80818473733501], [-43.27899965540905, -22.80765505643495], [-43.27679198256322, -22.8037878736107], [-43.27255585107093, -22.80330764463133], [-43.27272891480686, -22.8106920049313]]]}}, {"type": "Feature", "id": "17", "properties": {"id": "17", "unidade": "17", "camada": "AISP", "label": "AISP 17"}, "geometry": {"type": "MultiPolygon", "coordinates": [[[[-43.23127524155842, -22.83634714570343], [-43.22482116786188, -22.83971333510158], [-43.22665936143966, -22.83773933220363], [-43.22601343956785, -22.8373461692895], [-43.22476781018554, -22.83937292012337], [-43.22352039744766, -22.83935159809698], [-43.21975988860726, -22.84501804284764], [-43.22163313236246, -22.84807426111746], [-43.22401851664051, -22.84652570139923], [-43.22388291776173, -22.84485836821835], [-43.22218543570858, -22.84386831536966], [-43.2240166532452, -22.84171122219436], [-43.22639176186959, -22.84139467882062], [-43.23138117000428, -22.84396128458485], [-43.2325364615877, -22.84751708704317], [-43.22780205442052, -22.85500765997477], [-43.22229958575656, -22.85892142408369], [-43.2177087211798, -22.85880096978815], [-43.21507708184112, -22.8571507579004], [-43.21243396985108, -22.85854988626744], [-43.20972436918356, -22.85761257326089], [-43.20830918881728, -22.85834237669854], [-43.2092153007448, -22.86055827744178], [-43.21425530203982, -22.85975613793465], [-43.21937787998445, -22.86174311355308], [-43.2179372389117, -22.86364045464251], [-43.21651882458337, -22.86165310490611], [-43.21501543061692, -22.86362936420301], [-43.21395666776527, -22.86777990811549], [-43.21549821816751, -22.8704580477999], [-43.21980091657832, -22.86959139362716], [-43.22147686076778, -22.86690731302133], [-43.22589662123136, -22.86769312263874], [-43.23021993660007, -22.86585661708841], [-43.23186015342259, -22.86618424730437], [-43.23225588210255, -22.8630229369582], [-43.23627849835327, -22.86134839930838], [-43.23519455088706, -22.86043225724211], [-43.23520180302006, -22.85829414515791], [-43.23634386197892, -22.85394840339535], [-43.240964127192, -22.84666125711055], [-43.23990014737319, -22.84224734403892], [-43.24303755643734, -22.83976210173881], [-43.24307067666967, -22.8380788892286], [-43.24170154968601, -22.83691895984134], [-43.23808694055913, -22.83930073424074], [-43.23227941376319, -22.83862136478336], [-43.23127524155842, -22.83634714570343]]], [[[-43.17323002624397, -22.83794148091386], [-43.17450645560768, -22.83896138585851], [-43.17566585979085, -22.83657231525939], [-43.17323002624397, -22.83794148091386]]], [[[-43.1671217751491, -22.8293151802506], [-43.1675551260675, -22.82923463786744], [-43.16707369289588, -22.82922934805521], [-43.1671217751491, -22.8293151802506]]], [[[-43.25826258764755, -22.82462108609349], [-43.25758439000685, -22.82630078405316], [-43.25917824587862, -22.82664376929375], [-43.25995183281009, -22.82512639176878], [-43.25826258764755, -22.82462108609349]]], [[[-43.25546964320876, -22.82448883808866], [-43.25457774236821, -22.8247647069249], [-43.2546548862133, -22.82531204601332], [-43.25546964320876, -22.82448883808866]]], [[[-43.16201194689313, -22.81121359193293], [-43.16064655659255, -22.8144352297013], [-43.16148364825102, -22.815085144563], [-43.16522346998642, -22.81313533432746], [-43.16476330308325, -22.81192167674322], [-43.16201194689313, -22.81121359193293]]], [[[-43.17155809123221, -22.77684838584355], [-43.1732347962481, -22.77919185182174], [-43.17051405477906, -22.78287759462449], [-43.16790995897668, -22.78246535439183], [-43.16924667439378, -22.7808769897805], [-43.16666160824587, -22.77921902213939], [-43.1668313795638, -22.77753382032876], [-43.16453240574521, -22.77696122288137], [-43.15667619455002, -22.77905607667583], [-43.15697300320079, -22.78139097121556], [-43.15562425125745, -22.78390004824786], [-43.15748836599454, -22.78740691679502], [-43.16917583659483, -22.79310300589822], [-43.17196129957358, -22.7955520513853], [-43.17199376869672, -22.79778365968735], [-43.17520499771172, -22.80119178357319], [-43.17837516458144, -22.80244787836614], [-43.17725930557174, -22.8107204495883], [-43.17494715398726, -22.81255352602363], [-43.17645399415579, -22.81432205002181], [-43.17499639456724, -22.81976595663281], [-43.16981312317637, -22.82173362740423], [-43.16546118418557, -22.82006206830903], [-43.16379625938913, -22.82248162412685], [-43.16824478736629, -22.82478285704246], [-43.16775744385023, -22.82588241943733], [-43.17023814367468, -22.83126299219253], [-43.17375073640665, -22.83112582669474], [-43.17468738121693, -22.82924731920764], [-43.17307175365778, -22.82871816710895], [-43.17265627856369, -22.82532054640529], [-43.17554662857333, -22.82378463385299], [-43.17677344323909, -22.82510675507194], [-43.17582552632626, -22.82717749894164], [-43.18015605965371, -22.83022207458828], [-43.18022196017461, -22.8312882370617], [-43.18479540218533, -22.83352562530661], [-43.18462371800945, -22.83001065027054], [-43.18613841735333, -22.82926258340075], [-43.18888655576922, -22.8291465762527], [-43.18964764662087, -22.82869133583569], [-43.1877977429707, -22.82781023495363], [-43.18775642721658, -22.82651642529203], [-43.19095737698063, -22.82055180671972], [-43.19643695789858, -22.81886962033593], [-43.20388517725837, -22.82022121233831], [-43.20678231804879, -22.8183846240504], [-43.20874177171464, -22.81864092543759], [-43.21072489823473, -22.81802601578721], [-43.20906662662281, -22.81837474409838], [-43.20839327093199, -22.81622558204418], [-43.20978458239182, -22.81717457274755], [-43.20976849441973, -22.81565604409042], [-43.21452627316825, -22.81778172304729], [-43.21672122330506, -22.81722776764661], [-43.22117532078369, -22.81963180566254], [-43.22093008105765, -22.82098431497337], [-43.22202107381275, -22.8191902007664], [-43.22650129659684, -22.8205680943413], [-43.23015812709514, -22.82333330099027], [-43.23772673869729, -22.83280157213409], [-43.24171784720016, -22.83387383201097], [-43.24709561586923, -22.83144880291917], [-43.24901735196846, -22.82869916173615], [-43.25162432110483, -22.82860652616949], [-43.25180121235536, -22.82605450561016], [-43.25048582525989, -22.82550571591526], [-43.25005261913236, -22.82378946501103], [-43.25933389334375, -22.81919665610002], [-43.26578404329825, -22.81260865626371], [-43.26412341636183, -22.80799262326019], [-43.26142312097954, -22.80411821977924], [-43.26047228306868, -22.80415038043492], [-43.26185514719657, -22.80355169365498], [-43.25642079498294, -22.79720095475949], [-43.25162121214851, -22.79686825506514], [-43.24792018356891, -22.79318039705691], [-43.24478777293666, -22.79187912032438], [-43.23976370043368, -22.79095732961628], [-43.2338808293361, -22.7915733670165], [-43.23345415858182, -22.79033961408118], [-43.22859086417628, -22.78769012230055], [-43.22891637469019, -22.78408825836567], [-43.23067220835497, -22.78423769781074], [-43.2282288690663, -22.78372445471905], [-43.22329099208491, -22.78401861396708], [-43.21933602823441, -22.78510579989199], [-43.21292445200112, -22.78914967161927], [-43.20757170966596, -22.79500938877152], [-43.20325146458271, -22.79523736061492], [-43.19908996422976, -22.79353872203365], [-43.19451989018006, -22.79492414743066], [-43.19168030060467, -22.79459711706255], [-43.19166221703694, -22.79637357218184], [-43.18991255721801, -22.79520097224628], [-43.1889962361866, -22.7957395285556], [-43.1884165277998, -22.79450136534496], [-43.18927140624965, -22.79235775930238], [-43.18833261385834, -22.78847770987761], [-43.19161849379771, -22.78774812497522], [-43.19032665904734, -22.7878484425508], [-43.18943450369864, -22.78322743629639], [-43.18596286519335, -22.78481166582492], [-43.18311033167572, -22.78153978203454], [-43.1819995574329, -22.78348466038801], [-43.1795206571519, -22.78354813184006], [-43.17664017810102, -22.78105894241548], [-43.17710369407951, -22.77912449889573], [-43.17569326663022, -22.77720199927205], [-43.17223868196885, -22.7755930078103], [-43.17155809123221, -22.77684838584355]], [[-43.26035536220945, -22.80419675577491], [-43.26044434742795, -22.80417084540744], [-43.26037409868496, -22.80422981575265], [-43.26035536220945, -22.80419675577491]]], [[[-43.16929976317277, -22.80000159559637], [-43.16866202693029, -22.80042294686075], [-43.16935662190986, -22.80055012538719], [-43.16929976317277, -22.80000159559637]]], [[[-43.16829341820596, -22.76884369927654], [-43.16922340623449, -22.76744760612138], [-43.1691290862376, -22.76664154826807], [-43.16769206583541, -22.7679423303735], [-43.16829341820596, -22.76884369927654]]], [[[-43.16274232769553, -22.82009159305181], [-43.16282545023358, -22.81945432175877], [-43.16251671117652, -22.81951369410092], [-43.16274232769553, -22.82009159305181]]], [[[-43.15766893906954, -22.79985352761742], [-43.15744655111672, -22.80031525394503], [-43.15779081968986, -22.80027846088149], [-43.15766893906954, -22.79985352761742]]], [[[-43.15573502255251, -22.79339250575879], [-43.15478729359796, -22.79401294713904], [-43.15568519921186, -22.79448252904473], [-43.15573502255251, -22.79339250575879]]], [[[-43.15220912435086, -22.79036443986621], [-43.15223936405465, -22.79018743530111], [-43.15214505574897, -22.79018254928445], [-43.15220912435086, -22.79036443986621]]], [[[-43.15165084411046, -22.78946306107065], [-43.15117740321386, -22.78968098388953], [-43.15178729194923, -22.79071291187063], [-43.15165084411046, -22.78946306107065]]], [[[-43.1492798247034, -22.78949218471575], [-43.14861957213481, -22.78902203084129], [-43.14855325702644, -22.78944052585882], [-43.1492798247034, -22.78949218471575]]], [[[-43.15156732587064, -22.78745861432282], [-43.14857254028976, -22.78704144310734], [-43.15058603421738, -22.78806365211506], [-43.15156732587064, -22.78745861432282]]], [[[-43.14153709356128, -22.77659531302248], [-43.13953900591963, -22.7760486277412], [-43.13910761012738, -22.77688079920875], [-43.14153709356128, -22.77659531302248]]], [[[-43.16009105705592, -22.77015362299056], [-43.15608384799049, -22.77321451143979], [-43.15358005717314, -22.77306473205095], [-43.15278785427535, -22.77165490265088], [-43.1519628342167, -22.77402075005682], [-43.15453604460203, -22.77542513855855], [-43.15981471697489, -22.77544339209811], [-43.16060781469815, -22.77467971299757], [-43.16016081297039, -22.77189201610287], [-43.1622697213698, -22.77157261828091], [-43.16009105705592, -22.77015362299056]]]]}}, {"type": "Feature", "id": "18", "properties": {"id": "18", "unidade": "18", "camada": "AISP", "label": "AISP 18"}, "geometry": {"type": "Polygon", "coordinates": [[[-43.32014462017736, -22.91718923689302], [-43.31658765579493, -22.91789732260258], [-43.31491367392618, -22.91675333819524], [-43.31071618630222, -22.91649533259277], [-43.30093556172608, -22.92100720881484], [-43.29151251119271, -22.92194360900959], [-43.28345644725653, -22.91872835013248], [-43.28237584886563, -22.92057167883911], [-43.27874874815546, -22.92125738222165], [-43.27939010416924, -22.92432235089501], [-43.27854995211788, -22.92802863421332], [-43.2805704193886, -22.93213826167067], [-43.28646670207593, -22.93589053182183], [-43.28516124439517, -22.94043384204741], [-43.28583610465176, -22.94348862320061], [-43.29106608772901, -22.94456750928236], [-43.29946594629564, -22.94952587461864], [-43.30074869429609, -22.95357020679882], [-43.30018243527041, -22.95810982800538], [-43.3012369569193, -22.95969716738961], [-43.30037723292224, -22.96227885928118], [-43.30134814909707, -22.96530677858419], [-43.30362801502014, -22.96656704713075], [-43.30469222596474, -22.96951990991516], [-43.31287446658263, -22.97378700416613], [-43.32881049101064, -22.97329219987438], [-43.33365508941012, -22.97724442618852], [-43.33820858355853, -22.97876101680669], [-43.3419014597838, -22.98170317406147], [-43.34502600494545, -22.98172431532413], [-43.34760052924031, -22.97872974737919], [-43.35486851277091, -22.97855197479305], [-43.35782188457159, -22.97553226090434], [-43.36944073420182, -22.97561441127527], [-43.37424762942385, -22.97751459602102], [-43.37922628886139, -22.9730333417146], [-43.40290647435359, -22.97270373119147], [-43.40781000083012, -22.97840342028087], [-43.40930223870663, -22.97831735426172], [-43.41544215313212, -22.97388457880947], [-43.42097335963211, -22.97349013616008], [-43.42555661594434, -22.96983037926782], [-43.42600533897451, -22.96317865886726], [-43.42840191621474, -22.95708107103383], [-43.43666342757439, -22.95588790989837], [-43.43689297323141, -22.94761630724599], [-43.44280882066982, -22.94526507562199], [-43.45590568539831, -22.94773986510194], [-43.46658916185959, -22.94630098310313], [-43.46436725544373, -22.94388440583987], [-43.46455346726799, -22.94167572575338], [-43.46971499395107, -22.93631281838111], [-43.47129677642437, -22.93199676773588], [-43.47284450786702, -22.9317933869545], [-43.47234719806403, -22.92792963144655], [-43.46751832341118, -22.92319838899368], [-43.46916746060907, -22.91999294441808], [-43.46870817324287, -22.91715504736675], [-43.46658004363337, -22.91563314175534], [-43.45516595614322, -22.91474003582323], [-43.43997136518561, -22.90912932925437], [-43.43123081015301, -22.90781923826648], [-43.42531319374814, -22.91181999109892], [-43.417540057427, -22.9133864707083], [-43.41592358630373, -22.91133988892398], [-43.41976311497507, -22.90939274337961], [-43.41550386011431, -22.90641238921961], [-43.38652100384053, -22.90257458544801], [-43.37956527391754, -22.90700121942996], [-43.3740381197627, -22.90348812037968], [-43.3749213259577, -22.89817075107851], [-43.37757070442376, -22.89467771680239], [-43.37487380218352, -22.88890516823813], [-43.37395820870364, -22.87667032707316], [-43.35673752521586, -22.87914976964538], [-43.35649818504248, -22.88328407270103], [-43.34436012621813, -22.8897471054438], [-43.33972730197269, -22.88983740637042], [-43.33995240318012, -22.89253368178322], [-43.33829824236926, -22.89416209770189], [-43.33801798574069, -22.89620376559054], [-43.33893516202738, -22.89978724738279], [-43.33671912009061, -22.90364554670384], [-43.33134189461202, -22.90644616415835], [-43.32872481169994, -22.91278872641783], [-43.32308516314902, -22.91071897989622], [-43.32014462017736, -22.91718923689302]]]}}, {"type": "Feature", "id": "19", "properties": {"id": "19", "unidade": "19", "camada": "AISP", "label": "AISP 19"}, "geometry": {"type": "MultiPolygon", "coordinates": [[[[-43.18186685706905, -22.98621748834563], [-43.18253243542284, -22.9862027286722], [-43.18179678099591, -22.98606795357244], [-43.18186685706905, -22.98621748834563]]], [[[-43.17961272704497, -22.96991486517811], [-43.18843367607258, -22.97890473476491], [-43.18910054315484, -22.98316547260771], [-43.18800563475151, -22.98569551913215], [-43.18351848718771, -22.9859242032386], [-43.18794105083811, -22.98782286723076], [-43.18885202270195, -22.98650918704857], [-43.1916247791595, -22.98724401319987], [-43.19742036205935, -22.98194366896439], [-43.19702122135158, -22.97913267423274], [-43.19483007264898, -22.97744493183734], [-43.19792435922108, -22.9690808096309], [-43.19693413640056, -22.96662467478814], [-43.19725641385168, -22.9627372572179], [-43.19367956815682, -22.96131408727456], [-43.18893094540607, -22.96312015077359], [-43.18604639962092, -22.96291414756911], [-43.1845961681779, -22.96159655083937], [-43.17861824863252, -22.96113732912369], [-43.16957371285582, -22.95732641598056], [-43.1672038994397, -22.95882153978147], [-43.16264768933866, -22.95944155038649], [-43.16177768698992, -22.96154625085802], [-43.158731806427, -22.96261141958058], [-43.15940241019234, -22.96436917689522], [-43.16222656380415, -22.96534036196738], [-43.16441517012328, -22.9645658829084], [-43.16489357707621, -22.96330456305435], [-43.16726353708185, -22.96379081029687], [-43.17961272704497, -22.96991486517811]]], [[[-43.14753345820179, -22.96185968167822], [-43.14883056297936, -22.96575519944213], [-43.15103018599353, -22.96698181985431], [-43.14927240439721, -22.96523371766119], [-43.15105929075293, -22.96446912215151], [-43.15085491442204, -22.96338491837849], [-43.14753345820179, -22.96185968167822]]]]}}, {"type": "Feature", "id": "20", "properties": {"id": "20", "unidade": "20", "camada": "AISP", "label": "AISP 20"}, "geometry": {"type": "Polygon", "coordinates": [[[-43.39050623167651, -22.81381127826711], [-43.40073156111191, -22.81743314312428], [-43.40762931893721, -22.82114568842201], [-43.41070603635376, -22.82018244256489], [-43.41503722258904, -22.82137301095491], [-43.42184976605313, -22.83248880681219], [-43.42450802892165, -22.83261564359628], [-43.42565849834028, -22.83591990298038], [-43.43023099336494, -22.83763158263065], [-43.43528070284145, -22.84200607212176], [-43.43963560419905, -22.84224452106702], [-43.4586335423034, -22.84848382766575], [-43.46205762196098, -22.82258034720451], [-43.46423545440194, -22.822315781947], [-43.46543143940869, -22.81761563355388], [-43.47626324375295, -22.81835755805406], [-43.48031681826581, -22.81680989855721], [-43.48819377142468, -22.81752867630661], [-43.49078937402965, -22.81501598130171], [-43.49537638141413, -22.81434596029703], [-43.49619590121915, -22.81202944340333], [-43.49395881514647, -22.81053338880406], [-43.49188721961877, -22.80413234183334], [-43.4921955054175, -22.8015236253143], [-43.50037638266321, -22.80199347431864], [-43.50832446500135, -22.80631628336903], [-43.50983833427097, -22.80609155807815], [-43.50993150223633, -22.80406367589717], [-43.51424955567171, -22.80057598539264], [-43.51711916191908, -22.79997166436004], [-43.52577069486097, -22.80293269388795], [-43.52646896896704, -22.80075793173239], [-43.52840352670069, -22.79954912868857], [-43.53154162644415, -22.80168206067776], [-43.53507549443776, -22.80221401776191], [-43.53436770730309, -22.80365049137629], [-43.53641440060335, -22.80704449500666], [-43.53914538265258, -22.80875710185796], [-43.53979242328097, -22.81193086781451], [-43.54373909628151, -22.81512768159644], [-43.55140039740968, -22.81458073731039], [-43.5531041998982, -22.81640209018354], [-43.55442568259843, -22.81473121817044], [-43.55790216665093, -22.81805357730997], [-43.56081566610936, -22.81750234325779], [-43.56176009994795, -22.81913674866126], [-43.56588593138991, -22.82139202442164], [-43.57006315908677, -22.82099685961663], [-43.57289798765129, -22.82735944887867], [-43.58030793905942, -22.83548428397177], [-43.58621097115866, -22.83489789542074], [-43.58796323541424, -22.83661582895655], [-43.59018992982067, -22.84538277369529], [-43.59267021685628, -22.86072223014605], [-43.59669655899825, -22.85779500523455], [-43.62366795291297, -22.86276290158588], [-43.64424097983664, -22.85576948737116], [-43.64968717342356, -22.85721563679141], [-43.65844226599705, -22.86329245118492], [-43.66529342455118, -22.86514208683707], [-43.66987034603892, -22.86523903285433], [-43.67276909661581, -22.86381605896315], [-43.67400108598059, -22.86463494204816], [-43.67010770860315, -22.85238102266527], [-43.65643583804274, -22.84916869737668], [-43.64758056099339, -22.84458736921096], [-43.63187110816438, -22.83371261414504], [-43.62978252714117, -22.82991852461942], [-43.62275713843047, -22.82594993693925], [-43.62193277937354, -22.82147288336608], [-43.63098965474802, -22.8088228647826], [-43.63020789567713, -22.80314594293014], [-43.63473405942858, -22.78331962759796], [-43.62375015634393, -22.78252674301399], [-43.62725216855199, -22.77270733517463], [-43.61578570274725, -22.7615896381505], [-43.61400307018482, -22.7492864835836], [-43.60853176842562, -22.74705408207944], [-43.60163084138946, -22.74813386568457], [-43.59842832500647, -22.75249029678901], [-43.59221733805896, -22.75455027487453], [-43.58055421120713, -22.75397008714901], [-43.57523842471278, -22.75500710709156], [-43.5697688136791, -22.75272600010408], [-43.56715176943788, -22.75543226338749], [-43.55981597612566, -22.75787975844332], [-43.5553964521838, -22.75503161181865], [-43.54808971236957, -22.75473415115937], [-43.54743606532145, -22.75893226740942], [-43.5462555639424, -22.75527188099176], [-43.53537449743436, -22.75172767439187], [-43.53216783697536, -22.73869568315848], [-43.54215607993842, -22.73612045469446], [-43.54108329395814, -22.72992195933017], [-43.53823016329068, -22.7274189850973], [-43.54113848625138, -22.72244578544388], [-43.53796545683963, -22.71778354617294], [-43.54256885886502, -22.71476074760966], [-43.53547886555646, -22.70893466510194], [-43.53587293768521, -22.70386215691224], [-43.52478158989771, -22.69845061600233], [-43.52072526166074, -22.69409754206714], [-43.51895668640122, -22.69502771715463], [-43.51421285433901, -22.69414559644133], [-43.51361616225535, -22.69177136555533], [-43.51217602840023, -22.69167006681937], [-43.52187360508208, -22.69176451631859], [-43.52873364444139, -22.68930782299685], [-43.53380854123048, -22.68889979069201], [-43.53636299175793, -22.68765019260155], [-43.54168043300484, -22.6819184291914], [-43.54867800118808, -22.6824495121345], [-43.55636304891482, -22.67880033396744], [-43.55671877125354, -22.67725555230112], [-43.55416448710065, -22.67629241706061], [-43.55441270268335, -22.67456569804773], [-43.55266439904204, -22.67395055367433], [-43.54986325368549, -22.67021951112076], [-43.54817426393038, -22.67078247143314], [-43.54560390439593, -22.66871876925501], [-43.5435772740712, -22.66904006374716], [-43.54054339406167, -22.66100318055157], [-43.53392787856802, -22.65480347739776], [-43.5395150112081, -22.65351456094743], [-43.54695179928535, -22.65576701913187], [-43.54879411355677, -22.65260140732829], [-43.55348227578565, -22.65075177977002], [-43.5522335833125, -22.64697552020334], [-43.55810817884867, -22.63699053098742], [-43.56457951323324, -22.63633665910874], [-43.56784147120618, -22.63421529599833], [-43.57260417374289, -22.63345475283381], [-43.57347670678388, -22.63118447278441], [-43.57232539200248, -22.62600881955063], [-43.5679010440972, -22.62345592125297], [-43.56908437924, -22.61960631118154], [-43.56902705555342, -22.60940419234885], [-43.5785852517073, -22.6160338685674], [-43.58726441272177, -22.61943631863045], [-43.59339524219592, -22.62002132132613], [-43.61055511712425, -22.63438316075349], [-43.61840347543932, -22.63690734369817], [-43.62266381578172, -22.6422169896216], [-43.62297423836969, -22.61882850013438], [-43.62033149690035, -22.61484894162459], [-43.61227871728823, -22.60815730211704], [-43.60775388992937, -22.60688526684083], [-43.60302699659786, -22.60392298096002], [-43.60094603463108, -22.59896084116912], [-43.58866252665354, -22.59254253081235], [-43.58761446213697, -22.58811873419148], [-43.58358387429564, -22.58111191827965], [-43.56680212831486, -22.57684226635672], [-43.56382907844846, -22.57671410127398], [-43.56327417965895, -22.57953372230264], [-43.56091566802291, -22.57887457769885], [-43.55911201110968, -22.57683100414675], [-43.55811112502766, -22.5673319564039], [-43.55527613728316, -22.56833712325886], [-43.55005561057726, -22.57301704589918], [-43.54497047140939, -22.57120000617459], [-43.54289582358268, -22.56876411237312], [-43.54286085974013, -22.56547750937881], [-43.54083490300764, -22.56598281235614], [-43.53627845998221, -22.57025770822588], [-43.53297715127377, -22.56602934777538], [-43.52677525467351, -22.56845155119737], [-43.52366460044021, -22.5686083758751], [-43.52166187319614, -22.56723897819552], [-43.51935935155211, -22.5700982944], [-43.51600198630189, -22.57040863694829], [-43.51406006401999, -22.57248875714964], [-43.510085355554, -22.57117156421555], [-43.50638714005373, -22.56536363722131], [-43.50207727944218, -22.56411129979585], [-43.50117018365631, -22.56157282212729], [-43.49788988580883, -22.55947834065211], [-43.49783160074702, -22.55463779729575], [-43.49236360039913, -22.55222284420813], [-43.49211399356523, -22.55040412904657], [-43.48909916569323, -22.54987410460546], [-43.48822397965222, -22.55066271561105], [-43.48572180581596, -22.54948393913173], [-43.48368838021383, -22.54588942265798], [-43.47288430556551, -22.54023122738846], [-43.46844220324436, -22.54427205041401], [-43.46752668980417, -22.54108882538821], [-43.46517019624685, -22.53826934915037], [-43.46219341689192, -22.5382000563867], [-43.45663838914959, -22.53172850526551], [-43.44724589218345, -22.52714031797052], [-43.4399399131957, -22.53080837020934], [-43.43619342928258, -22.5300927679661], [-43.43166442097549, -22.53334152838806], [-43.42744126400243, -22.53403222930319], [-43.42016172868011, -22.5381906782564], [-43.41858863185917, -22.53814210317472], [-43.41489112862195, -22.53526016632287], [-43.41332775167365, -22.53557888515667], [-43.41213551144398, -22.53803535724518], [-43.40733452656644, -22.53534839161421], [-43.4041920057557, -22.53500231720238], [-43.404337765175, -22.5420789321962], [-43.40944757724316, -22.54533750422166], [-43.3924186975641, -22.55619508583379], [-43.38966785308821, -22.56012889493178], [-43.38823486794405, -22.57214419000161], [-43.39058392410806, -22.57623983569908], [-43.39757723759868, -22.58097978628734], [-43.40346850656562, -22.58788461907915], [-43.40705045681239, -22.58871562142804], [-43.41499765062036, -22.59348876599296], [-43.41616085623781, -22.5960984106124], [-43.41560844767099, -22.60035504484864], [-43.41358449642667, -22.60381904810981], [-43.41294475919256, -22.60868471672552], [-43.41080473514967, -22.61151562064862], [-43.40503073687825, -22.61266696240961], [-43.40160517244004, -22.61106879338934], [-43.39830293742989, -22.61329014222554], [-43.38985389044393, -22.61573676943561], [-43.38525327271964, -22.62086094817346], [-43.38341699289919, -22.62140124017429], [-43.3826943525616, -22.6235488068312], [-43.38288823560288, -22.63120926979121], [-43.40116613330969, -22.65207612411308], [-43.40160538198205, -22.65658199915919], [-43.39535542920896, -22.66433139877427], [-43.38991259818715, -22.66583146614846], [-43.38641602058215, -22.66877015112078], [-43.37130808020299, -22.67436469327521], [-43.36588349462687, -22.67999834244876], [-43.36485707319463, -22.68277526456603], [-43.37025432117923, -22.69424618021628], [-43.37632137792849, -22.69310925818496], [-43.37818524625141, -22.69074269761666], [-43.38105100429965, -22.6907459810414], [-43.38034250490193, -22.68922323726184], [-43.38131536990767, -22.68891657294074], [-43.38426036902007, -22.69211911720271], [-43.3861939617812, -22.69146817621458], [-43.38687114588595, -22.68995161617335], [-43.39096383461253, -22.69183045281238], [-43.39417552408042, -22.69138303289986], [-43.39573256080831, -22.69344544365151], [-43.40233242000443, -22.69547812191701], [-43.40793431861317, -22.69437993278689], [-43.41140626468666, -22.70122813616877], [-43.41587900241331, -22.70127072176564], [-43.42147378558599, -22.70628872384475], [-43.42247187387716, -22.70768781264167], [-43.42113446058613, -22.71035441492353], [-43.42181679510827, -22.7118928590674], [-43.42743795719525, -22.714654668977], [-43.42726535391222, -22.7163270842268], [-43.42960298239097, -22.72043987190182], [-43.43403548355002, -22.72453233489858], [-43.42246614339706, -22.74971975266368], [-43.4151086953093, -22.75365454921729], [-43.41386475755178, -22.75561959666629], [-43.41594556483523, -22.76498081431237], [-43.39709359479281, -22.77758440359656], [-43.41065935074772, -22.79166474802895], [-43.39050623167651, -22.81381127826711]]]}}, {"type": "Feature", "id": "21", "properties": {"id": "21", "unidade": "21", "camada": "AISP", "label": "AISP 21"}, "geometry": {"type": "Polygon", "coordinates": [[[-43.33086578992351, -22.80265570629501], [-43.32916459187169, -22.78636107630183], [-43.32924206936525, -22.75590315920266], [-43.38510494213864, -22.76644570110744], [-43.40248183516781, -22.78259747918952], [-43.40336542087675, -22.78484024627954], [-43.40627594088124, -22.78634180293108], [-43.41065935074772, -22.79166474802895], [-43.39050623167651, -22.81381127826711], [-43.38776384442514, -22.81480036074726], [-43.37964638916878, -22.81061653562386], [-43.37675551755234, -22.81077920409621], [-43.37428984090269, -22.80755426311799], [-43.36541079926826, -22.80407471057867], [-43.36156002007812, -22.80446297218765], [-43.35945877390259, -22.80299169121281], [-43.35410365735714, -22.80239669704918], [-43.34833694629231, -22.80374127613823], [-43.33086578992351, -22.80265570629501]]]}}, {"type": "Feature", "id": "22", "properties": {"id": "22", "unidade": "22", "camada": "AISP", "label": "AISP 22"}, "geometry": {"type": "Polygon", "coordinates": [[[-43.2537839638581, -22.83812094602405], [-43.2541240865566, -22.83591943533293], [-43.25623861571881, -22.83785409828721], [-43.25454676342167, -22.83901957469283], [-43.25735763314754, -22.84574537404899], [-43.25877058409446, -22.84582703518873], [-43.26433495219555, -22.85136844899398], [-43.26310503666735, -22.85261264215893], [-43.26680161270355, -22.85622720811841], [-43.26605012121541, -22.85750507999467], [-43.26313373223525, -22.85616864516606], [-43.26216415155363, -22.85799088027414], [-43.26728989960844, -22.8596774634434], [-43.2675310519158, -22.86060167062982], [-43.26768502933987, -22.86191453063032], [-43.26264903362528, -22.8626291436193], [-43.25976739085166, -22.8618820426214], [-43.25736583406524, -22.86556423130344], [-43.25820576308479, -22.86669458738453], [-43.26450447530055, -22.86587663599715], [-43.26567522083405, -22.86788148294329], [-43.26808933485421, -22.86883977173733], [-43.26834625407565, -22.87220766625001], [-43.26578923238645, -22.87457039570643], [-43.26586555874781, -22.87635649965199], [-43.26437951540157, -22.87802775297763], [-43.26157265755137, -22.87822935220208], [-43.25572586005967, -22.88162502857142], [-43.24882820295846, -22.88966146390464], [-43.24709378035294, -22.89013170861068], [-43.24479460598553, -22.89689696212434], [-43.24273502180307, -22.89731308023369], [-43.24070732038581, -22.89545355113972], [-43.24251893270184, -22.89744867461587], [-43.24128689207566, -22.89979418115576], [-43.23958140155969, -22.89905238885586], [-43.2354769523987, -22.90056994804388], [-43.23497574493393, -22.89979398510354], [-43.23669094632936, -22.89814662586531], [-43.23671138432218, -22.8965660583761], [-43.2330407537271, -22.89699892725793], [-43.23247659102111, -22.89134288316677], [-43.23362232910648, -22.88964866835062], [-43.23054750206484, -22.8866773703636], [-43.23351271523887, -22.88671035659689], [-43.23924182924628, -22.87990022601383], [-43.23532596611972, -22.87535742030792], [-43.23289583607323, -22.86912733895474], [-43.23345484206658, -22.86386719621333], [-43.23677414530982, -22.86143398419023], [-43.23818815385948, -22.85467337117836], [-43.24229104359603, -22.84742174811441], [-43.243204104585, -22.84223660613367], [-43.25303904191753, -22.83703167007474], [-43.2537839638581, -22.83812094602405]]]}}, {"type": "Feature", "id": "23", "properties": {"id": "23", "unidade": "23", "camada": "AISP", "label": "AISP 23"}, "geometry": {"type": "MultiPolygon", "coordinates": [[[[-43.20820191858297, -23.0822137891343], [-43.20799434336351, -23.08135780182033], [-43.20758993442718, -23.08210398730841], [-43.20820191858297, -23.0822137891343]]], [[[-43.19745914712121, -23.07394452741721], [-43.19989604456606, -23.0725457264034], [-43.19896602685992, -23.07214429422305], [-43.19745914712121, -23.07394452741721]]], [[[-43.19733525291883, -23.03551815204031], [-43.20618384440814, -23.04024996556268], [-43.20867659874528, -23.03999603119109], [-43.20775751589593, -23.03806722012536], [-43.20064424183755, -23.03672968722452], [-43.19783979417042, -23.0345934259451], [-43.19733525291883, -23.03551815204031]]], [[[-43.19574427757561, -23.03397272196275], [-43.19556579992098, -23.03308833675658], [-43.19514537226041, -23.03309627057564], [-43.19574427757561, -23.03397272196275]]], [[[-43.27530130321185, -23.0298173118187], [-43.27614270891814, -23.03067057058956], [-43.27843463744784, -23.03020016400558], [-43.27612248136671, -23.02885940973317], [-43.27530130321185, -23.0298173118187]]], [[[-43.20098308300214, -23.02631277611295], [-43.20243302486347, -23.02759584876861], [-43.20672498716772, -23.02612079423847], [-43.2034298846807, -23.02554673179549], [-43.20098308300214, -23.02631277611295]]], [[[-43.19483007264898, -22.97744493183734], [-43.19702122135158, -22.97913267423274], [-43.19742036205935, -22.98194366896439], [-43.1916247791595, -22.98724401319987], [-43.18885202270195, -22.98650918704857], [-43.18840176812637, -22.98784872094092], [-43.19060022471984, -22.98974384070493], [-43.18969011170856, -22.99074582575849], [-43.19183112590503, -22.99087250785919], [-43.19139320643058, -22.9894724181168], [-43.1924040686921, -22.98875485265353], [-43.19888300414658, -22.98751204624318], [-43.21907962882108, -22.98733279876888], [-43.226813903638, -22.98897903925047], [-43.2267735438632, -22.99005266429822], [-43.22885419106734, -22.99111724396488], [-43.23082402290959, -22.99079303476998], [-43.23311112567717, -22.99354223888247], [-43.23170595656393, -22.99512891186902], [-43.23388348143681, -22.99512928328903], [-43.23397326255531, -22.99613049492564], [-43.23873350814415, -22.99861388012567], [-43.2393825335763, -22.99844383091727], [-43.24071489177811, -23.00037020931694], [-43.2436205824232, -23.00105708901265], [-43.25290141506753, -22.99881239557482], [-43.26643749429422, -23.00044950973631], [-43.27558720308622, -23.00329156435345], [-43.2756916899188, -23.00111082620288], [-43.28478410560126, -23.00115252326958], [-43.28535422721507, -22.99530461061852], [-43.28453912757794, -22.99098421085188], [-43.27866493493809, -22.98188979327858], [-43.26580024638355, -22.98265046054956], [-43.25818050922237, -22.97964494425798], [-43.25124462823629, -22.97891120628634], [-43.24183422666749, -22.98222165840207], [-43.24148695256008, -22.9807420434098], [-43.24262475322905, -22.97962712419167], [-43.24264599341711, -22.98129456619051], [-43.24887125530347, -22.97669870587981], [-43.24516120742305, -22.9744815811593], [-43.24387378294801, -22.97527085226727], [-43.2426632433133, -22.97910965338701], [-43.23803346057502, -22.98038742543855], [-43.23831706088293, -22.97997553774007], [-43.23832454144372, -22.97963192207476], [-43.23924457127919, -22.97930693856358], [-43.23969135087441, -22.97840479444494], [-43.23770440583291, -22.98007799300422], [-43.23904284884765, -22.97652566102965], [-43.23831528562118, -22.97559294355875], [-43.2367538080411, -22.97452993770571], [-43.23238366497344, -22.97456324409768], [-43.22846434395359, -22.97038181926479], [-43.22703096040976, -22.97021543029712], [-43.23293067670863, -22.97004292144288], [-43.23744526438674, -22.97205018756534], [-43.24015547479462, -22.97153270057288], [-43.23817798882237, -22.96928101400681], [-43.24262554912906, -22.9687087349194], [-43.24121561900489, -22.9664054929184], [-43.23803824137099, -22.96442901238822], [-43.2328854318165, -22.96472501164919], [-43.22792267059407, -22.96246319871688], [-43.22817450864591, -22.96085480170694], [-43.22351093028448, -22.95968066842732], [-43.22174228667643, -22.95778639312675], [-43.21968998160662, -22.95976061905657], [-43.21539615410848, -22.95930010321644], [-43.20759858230798, -22.95613702030647], [-43.20585871340819, -22.95704909563847], [-43.20426448971369, -22.95448484519869], [-43.20403645581706, -22.95596540987498], [-43.20517927740099, -22.95669879441306], [-43.20308053224005, -22.95779578025031], [-43.20466027595023, -22.95783578479285], [-43.20347802808777, -22.95897432020791], [-43.20403216784956, -22.96065284365307], [-43.20110201474546, -22.95960560291547], [-43.20147917782106, -22.96049937434589], [-43.20014104057583, -22.96036850680036], [-43.20050530107807, -22.96187583440144], [-43.19971034355677, -22.96097731814797], [-43.19955528514754, -22.96217812891672], [-43.19725641385168, -22.9627372572179], [-43.19693413640056, -22.96662467478814], [-43.19792435922108, -22.9690808096309], [-43.19483007264898, -22.97744493183734]], [[-43.23774802924743, -22.99789908187637], [-43.23772919474578, -22.99787345209734], [-43.23776877660703, -22.99788636995925], [-43.23774802924743, -22.99789908187637]]], [[[-43.19026339713736, -23.07109266839115], [-43.19195101902358, -23.07348631024428], [-43.19364044944643, -23.07318497890287], [-43.19844047744533, -23.07088391056323], [-43.19778120064115, -23.06827107694789], [-43.19408580541483, -23.06651863822378], [-43.19217600331916, -23.06689999214018], [-43.19026339713736, -23.07109266839115]]], [[[-43.14118488037718, -23.06502935282163], [-43.1457256707024, -23.06530196881005], [-43.14930669015092, -23.05852021003886], [-43.14676055205712, -23.05880244517596], [-43.14176205537382, -23.06322264001204], [-43.14118488037718, -23.06502935282163]]], [[[-43.19373312188532, -23.03192924104087], [-43.19372116809672, -23.03158911474509], [-43.19316907339328, -23.03145448893275], [-43.19373312188532, -23.03192924104087]]], [[[-43.19279678014658, -23.02917099874185], [-43.19187235622354, -23.03031847341805], [-43.19307466436356, -23.03022312729473], [-43.19279678014658, -23.02917099874185]]], [[[-43.19045683681281, -23.02699703158697], [-43.1922725527354, -23.02781155206071], [-43.19578114078627, -23.02746448569667], [-43.19211233941218, -23.02542844216811], [-43.19045683681281, -23.02699703158697]]], [[[-43.18211043304933, -23.02407793744607], [-43.18291194482964, -23.02301200519912], [-43.18159000527379, -23.02289549802805], [-43.18211043304933, -23.02407793744607]]], [[[-43.18375785613944, -23.0211215798962], [-43.18252118400471, -23.02094817441792], [-43.18238166228315, -23.02225866380553], [-43.18338638757098, -23.02252377315284], [-43.18375785613944, -23.0211215798962]]], [[[-43.19112079099096, -22.99160208017111], [-43.19128846958648, -22.99198182430098], [-43.19126990937809, -22.99144223287198], [-43.19112079099096, -22.99160208017111]]]]}}, {"type": "Feature", "id": "24", "properties": {"id": "24", "unidade": "24", "camada": "AISP", "label": "AISP 24"}, "geometry": {"type": "MultiPolygon", "coordinates": [[[[-43.85727856715141, -22.94505987821003], [-43.86022793067372, -22.9474255718319], [-43.86011470782677, -22.94983810214592], [-43.85630631638264, -22.95031295587745], [-43.85783409186911, -22.95415198092843], [-43.85920479626361, -22.95544440473469], [-43.863862378845, -22.9558824168393], [-43.8645282162035, -22.95547696828669], [-43.86089273201327, -22.95326444090045], [-43.86228565236024, -22.95254853558566], [-43.86139561131768, -22.94997348788536], [-43.86311248815008, -22.95039363855483], [-43.86358696056902, -22.94824506735517], [-43.85986091644742, -22.94516046108566], [-43.85727856715141, -22.94505987821003]]], [[[-43.86650146457021, -22.94563330393305], [-43.86589031228738, -22.94387083417087], [-43.86411456943108, -22.94500030621839], [-43.86514453599079, -22.94585938720019], [-43.86650146457021, -22.94563330393305]]], [[[-43.86865976193775, -22.92852244115699], [-43.87597792134329, -22.93696746817335], [-43.87805801816228, -22.9408769551066], [-43.87530802624366, -22.94183798683287], [-43.87712072763873, -22.94476684671184], [-43.87674844338522, -22.94659951035834], [-43.87414684140288, -22.94545468328624], [-43.87325392163046, -22.94745188959223], [-43.88002962886355, -22.95066694971916], [-43.88053058092083, -22.9490728348427], [-43.8841801439977, -22.94796477115648], [-43.88463801043508, -22.92754457232337], [-43.88225999340324, -22.92434798696922], [-43.87722637279813, -22.92552261667464], [-43.87031119600414, -22.92419177113254], [-43.86809017542055, -22.92606323872673], [-43.86865976193775, -22.92852244115699]]], [[[-43.86624032033376, -22.92534412013424], [-43.86467204927493, -22.92443628870296], [-43.86336543956264, -22.92538993429724], [-43.86494605111864, -22.92610006416584], [-43.86624032033376, -22.92534412013424]]], [[[-43.81382244275079, -22.92137801368364], [-43.81156866616027, -22.91881602773674], [-43.81056698777553, -22.9193746569141], [-43.81382244275079, -22.92137801368364]]], [[[-43.68064400201837, -22.86267534359143], [-43.69037359996094, -22.86671939518317], [-43.69261937078659, -22.86425723668134], [-43.69929444478208, -22.86531431510281], [-43.70648408657058, -22.86859166227464], [-43.7116402434018, -22.86678871672513], [-43.71759094496542, -22.87247729019401], [-43.72702900698238, -22.87308274077509], [-43.73436909995326, -22.87832652844577], [-43.74125508565294, -22.87714595422165], [-43.74818316322165, -22.87793295813873], [-43.75219948241943, -22.88045448808339], [-43.7506421561099, -22.88747734969917], [-43.75142564277849, -22.8886253405862], [-43.75705943044761, -22.89067325696448], [-43.76260006813789, -22.89060665227441], [-43.76637736911954, -22.89485761898317], [-43.76880668707821, -22.89486543589038], [-43.76932787298222, -22.89320982087577], [-43.77315323103608, -22.89248439713646], [-43.77454727193833, -22.89267001181082], [-43.77507168640847, -22.89564128911343], [-43.77823308129092, -22.89616952570225], [-43.7801692829853, -22.89468921643339], [-43.78155724986647, -22.89673760585504], [-43.78094615963681, -22.89933706385364], [-43.78417941484742, -22.90389091233499], [-43.78792107119972, -22.90060921424305], [-43.79019911509636, -22.90331924208857], [-43.794612628869, -22.90344617420078], [-43.79517370510166, -22.907010459964], [-43.79206060920905, -22.90857611669367], [-43.7907028028913, -22.91434103361104], [-43.79486128242149, -22.91747069141849], [-43.80044011611773, -22.9167490421338], [-43.80165010266938, -22.91980959513592], [-43.80111628488788, -22.92461395426977], [-43.8075043015815, -22.92354631780756], [-43.80960398383604, -22.923991165659], [-43.81090293941838, -22.92600187888286], [-43.8130382096449, -22.92609084791354], [-43.81282468271223, -22.92416910641833], [-43.81033353456422, -22.92310146995612], [-43.80823385230968, -22.92351072983553], [-43.8072551866768, -22.92125090260629], [-43.80736072841415, -22.91726872167339], [-43.81007559641091, -22.91776998579542], [-43.81749551230729, -22.92093436193051], [-43.83063939808903, -22.93039963113728], [-43.83460519157558, -22.93185952219841], [-43.84225001532519, -22.93227622216915], [-43.84405143112792, -22.92683129212963], [-43.85181400491166, -22.92454779114689], [-43.85061171116081, -22.92227729705883], [-43.85134078075168, -22.9210666935723], [-43.8503939466226, -22.92055709183552], [-43.85429639456225, -22.9187799541308], [-43.85020537138007, -22.91643168217564], [-43.84514693937899, -22.91653801441709], [-43.84011903126753, -22.912210635012], [-43.83909857144118, -22.90937325956747], [-43.8411146023563, -22.90802923895745], [-43.84096526633323, -22.9069590007565], [-43.83855100842158, -22.90598832020402], [-43.83790388685418, -22.90407184603811], [-43.83974370820482, -22.90349858309236], [-43.83971893008385, -22.90220989596912], [-43.84595300442686, -22.90164570268627], [-43.85000270466037, -22.90373076196431], [-43.85686027987731, -22.90182708515107], [-43.86738550623539, -22.90388632938982], [-43.86678951112629, -22.906851769193], [-43.86870832442889, -22.90482393107879], [-43.87084518555616, -22.90530363395476], [-43.88005789455548, -22.91189163918705], [-43.88111576617894, -22.91836986417712], [-43.88469752756811, -22.92250888957284], [-43.885116735748, -22.8854379867729], [-43.89064016581028, -22.88382985866025], [-43.89325200927209, -22.88182247023002], [-43.8977011550835, -22.88424480855031], [-43.90519662482365, -22.8861534766009], [-43.91089154660688, -22.8846000191748], [-43.92119733478842, -22.8898384909528], [-43.92417284340127, -22.89406982276336], [-43.92784403877062, -22.89437215684876], [-43.93642234081767, -22.89277325757899], [-43.93819966558135, -22.8888474848228], [-43.93994682978166, -22.87876379591165], [-43.93464192958066, -22.87733233781637], [-43.93289699839704, -22.87518640163034], [-43.93000332719106, -22.87443183805811], [-43.92656876503577, -22.86921703014104], [-43.92572420180971, -22.8631682988771], [-43.92219683681384, -22.86175943894619], [-43.91783690374939, -22.8573692931576], [-43.91674982484381, -22.85330733966123], [-43.912755128046, -22.84953766313185], [-43.91036066691049, -22.84550016489993], [-43.91108540896374, -22.8410166631877], [-43.91325936982332, -22.83752697259092], [-43.9081768575752, -22.83224218213024], [-43.90383892732393, -22.83053145576127], [-43.8976176260519, -22.83278653007352], [-43.8910362209441, -22.82951372807531], [-43.88911755513033, -22.82225025014816], [-43.88411060481985, -22.81841601398708], [-43.87970360034018, -22.81729897776484], [-43.87928369158834, -22.81205541132738], [-43.87750715193278, -22.81036295828312], [-43.8666696054172, -22.80631608371954], [-43.86289441424509, -22.80613071096275], [-43.85581141676272, -22.80229149255757], [-43.84908417579334, -22.80138700570495], [-43.8390262056941, -22.79814603880789], [-43.83535920206481, -22.79459093062616], [-43.83514425959919, -22.79222135463101], [-43.83200076482268, -22.79107577842365], [-43.82902781568043, -22.78697758494684], [-43.82316607595294, -22.78313317925205], [-43.82216784017294, -22.78095364079712], [-43.82389037823765, -22.77906971489466], [-43.82327663231001, -22.77670900711422], [-43.81934176291128, -22.77659408634725], [-43.81300308662242, -22.77247923832539], [-43.81580660439056, -22.76997679918918], [-43.81936636026859, -22.76975463786545], [-43.82192467428354, -22.76635333174011], [-43.82888858713784, -22.76785379301737], [-43.83244550655417, -22.76375507163846], [-43.83533503908006, -22.76335636080665], [-43.83797972038707, -22.76061920491162], [-43.83958803915596, -22.7550320857614], [-43.83455655534004, -22.75118793367545], [-43.83638429070174, -22.75008020273839], [-43.83641919698761, -22.74583924278608], [-43.83261930593551, -22.7410714132144], [-43.8337864307984, -22.73550754603565], [-43.83152776099666, -22.73218613568082], [-43.832915315089, -22.72992630215634], [-43.823034045584, -22.7204715361317], [-43.81847122636526, -22.71821976592867], [-43.81322487922409, -22.71178915824231], [-43.80755548559648, -22.7102364940182], [-43.80541721163428, -22.70686815793835], [-43.79925584568002, -22.70173811202346], [-43.79444552943693, -22.6995329006221], [-43.78852674391339, -22.69388126680627], [-43.78547645757175, -22.69256376990131], [-43.79631123777267, -22.69024609737869], [-43.80461253693829, -22.69113490814874], [-43.80749910080215, -22.68894107766783], [-43.80958302603511, -22.68964193912342], [-43.81097155679117, -22.68739039734817], [-43.8155567187668, -22.68699194731971], [-43.81439296726091, -22.68218472744246], [-43.8169456533185, -22.67987141033655], [-43.82003018764232, -22.67944900236881], [-43.81780319106366, -22.6742088515565], [-43.81725172768438, -22.66727091202222], [-43.82364436239669, -22.66250147895931], [-43.82522684544182, -22.65788540728494], [-43.8307547838055, -22.65581191508704], [-43.8348047871105, -22.65590506416663], [-43.83864468989981, -22.65134892061542], [-43.83953481457928, -22.64804666312222], [-43.82960109121666, -22.64205325815055], [-43.82328264607651, -22.64038448875237], [-43.81619907662537, -22.63481135226135], [-43.81217202491831, -22.63376382374071], [-43.80539611983431, -22.62918673228108], [-43.80333278817687, -22.62886157520074], [-43.79492403981186, -22.62082220717832], [-43.7950015613722, -22.61651390419257], [-43.79389506160709, -22.61460391413857], [-43.79172880074282, -22.61451153937526], [-43.78942563338552, -22.61218967601195], [-43.78742405457575, -22.61392839467891], [-43.78381302385122, -22.61110455313184], [-43.77897217112809, -22.61170998033055], [-43.77725360087226, -22.61055797037324], [-43.77753590705572, -22.60912735314406], [-43.77517216496273, -22.60892592029421], [-43.77161049442805, -22.60662026271416], [-43.77105518644697, -22.60346981258101], [-43.77261870368949, -22.5986025368768], [-43.77153310237003, -22.59590806460471], [-43.76641645905164, -22.5946135957401], [-43.75544893082275, -22.58664552237218], [-43.75356040758601, -22.58387369401498], [-43.74422858518034, -22.57857902000501], [-43.74414571085515, -22.57668980069298], [-43.74111211413202, -22.57632974811861], [-43.73852945456991, -22.5721578309184], [-43.73638936037997, -22.57159425277177], [-43.73478051820564, -22.56872485966375], [-43.73236568292918, -22.56765284260382], [-43.72861008888378, -22.56367386415673], [-43.72439469216056, -22.56463988172436], [-43.71637383398451, -22.56008742899087], [-43.71164291079094, -22.56363780044336], [-43.70743977092798, -22.56485410743034], [-43.70542043410501, -22.56435943713751], [-43.6950314514396, -22.55826666427436], [-43.69152735640165, -22.55456206808418], [-43.69114549077108, -22.55262645094916], [-43.68822448197352, -22.55170940686287], [-43.68636258316593, -22.5544403061744], [-43.6827786930815, -22.55596304815538], [-43.68203179083378, -22.55811993988254], [-43.68480168295059, -22.55951857092452], [-43.69021849388764, -22.5677021281499], [-43.69063676407467, -22.574585188355], [-43.69336337631802, -22.57732917370163], [-43.67197834882103, -22.5867930381674], [-43.63435883798923, -22.57109007034967], [-43.63566660512902, -22.56320001586727], [-43.63513518404079, -22.55720403883453], [-43.63252611139018, -22.55277992025634], [-43.62911319231927, -22.55062553224172], [-43.62347433157441, -22.54269672687167], [-43.62233648144274, -22.53739159194765], [-43.62525512142599, -22.52942852600489], [-43.62222604739344, -22.52568208885657], [-43.59783409256858, -22.56443947590031], [-43.59733511542248, -22.56754863635973], [-43.60186626321672, -22.57360529604682], [-43.61466293244763, -22.58559023629959], [-43.63878413557865, -22.60293003499237], [-43.64283805003527, -22.60836602577069], [-43.64617269661193, -22.60900700496853], [-43.65114425680127, -22.61367208429846], [-43.66002364917136, -22.61938191414328], [-43.62266381578172, -22.6422169896216], [-43.61840347543932, -22.63690734369817], [-43.61055511712425, -22.63438316075349], [-43.59339524219592, -22.62002132132613], [-43.58726441272177, -22.61943631863045], [-43.5785852517073, -22.6160338685674], [-43.56902705555342, -22.60940419234885], [-43.56908437924, -22.61960631118154], [-43.5679010440972, -22.62345592125297], [-43.57232539200248, -22.62600881955063], [-43.57347670678388, -22.63118447278441], [-43.57260417374289, -22.63345475283381], [-43.56784147120618, -22.63421529599833], [-43.56457951323324, -22.63633665910874], [-43.55810817884867, -22.63699053098742], [-43.5522335833125, -22.64697552020334], [-43.55348227578565, -22.65075177977002], [-43.54879411355677, -22.65260140732829], [-43.54695179928535, -22.65576701913187], [-43.5395150112081, -22.65351456094743], [-43.53392787856802, -22.65480347739776], [-43.54054339406167, -22.66100318055157], [-43.5435772740712, -22.66904006374716], [-43.54560390439593, -22.66871876925501], [-43.54817426393038, -22.67078247143314], [-43.54986325368549, -22.67021951112076], [-43.55266439904204, -22.67395055367433], [-43.55441270268335, -22.67456569804773], [-43.55416448710065, -22.67629241706061], [-43.55671877125354, -22.67725555230112], [-43.55636304891482, -22.67880033396744], [-43.54867800118808, -22.6824495121345], [-43.54168043300484, -22.6819184291914], [-43.53636299175793, -22.68765019260155], [-43.53380854123048, -22.68889979069201], [-43.52873364444139, -22.68930782299685], [-43.52187360508208, -22.69176451631859], [-43.51217602840023, -22.69167006681937], [-43.51361616225535, -22.69177136555533], [-43.51421285433901, -22.69414559644133], [-43.51895668640122, -22.69502771715463], [-43.52072526166074, -22.69409754206714], [-43.52478158989771, -22.69845061600233], [-43.53587293768521, -22.70386215691224], [-43.53547886555646, -22.70893466510194], [-43.54256885886502, -22.71476074760966], [-43.53796545683963, -22.71778354617294], [-43.54113848625138, -22.72244578544388], [-43.53823016329068, -22.7274189850973], [-43.54108329395814, -22.72992195933017], [-43.54215607993842, -22.73612045469446], [-43.53216783697536, -22.73869568315848], [-43.53537449743436, -22.75172767439187], [-43.5462555639424, -22.75527188099176], [-43.54743606532145, -22.75893226740942], [-43.54808971236957, -22.75473415115937], [-43.5553964521838, -22.75503161181865], [-43.55981597612566, -22.75787975844332], [-43.56715176943788, -22.75543226338749], [-43.5697688136791, -22.75272600010408], [-43.57523842471278, -22.75500710709156], [-43.58055421120713, -22.75397008714901], [-43.59221733805896, -22.75455027487453], [-43.59842832500647, -22.75249029678901], [-43.60163084138946, -22.74813386568457], [-43.60853176842562, -22.74705408207944], [-43.61400307018482, -22.7492864835836], [-43.61578570274725, -22.7615896381505], [-43.62725216855199, -22.77270733517463], [-43.62375015634393, -22.78252674301399], [-43.63473405942858, -22.78331962759796], [-43.63020789567713, -22.80314594293014], [-43.63098965474802, -22.8088228647826], [-43.62193277937354, -22.82147288336608], [-43.62275713843047, -22.82594993693925], [-43.62978252714117, -22.82991852461942], [-43.63187110816438, -22.83371261414504], [-43.64758056099339, -22.84458736921096], [-43.65643583804274, -22.84916869737668], [-43.67010770860315, -22.85238102266527], [-43.67400108598059, -22.86463494204816], [-43.67704557619163, -22.86545637740909], [-43.68064400201837, -22.86267534359143]]], [[[-43.66847187597557, -23.05408313223001], [-43.74966929470145, -23.06053053115829], [-43.77837134216298, -23.06181345992246], [-43.84122619563169, -23.07065044656008], [-43.85903109580772, -23.07220596433302], [-43.86462272775594, -23.04460498113417], [-43.85859226711869, -23.04800123217035], [-43.83872571971546, -23.05510194180039], [-43.82442169590382, -23.05862369862405], [-43.80350832684707, -23.0610609557977], [-43.75686325323579, -23.05983932212627], [-43.72953086515656, -23.05755122021185], [-43.70458060760825, -23.05380473899675], [-43.66703813719954, -23.0428165011798], [-43.66847187597557, -23.05408313223001]]]]}}, {"type": "Feature", "id": "25", "properties": {"id": "25", "unidade": "25", "camada": "AISP", "label": "AISP 25"}, "geometry": {"type": "MultiPolygon", "coordinates": [[[[-41.97780089319593, -22.99986817897252], [-41.98357894381246, -23.00520176394946], [-41.98963478511649, -23.00175715816556], [-41.9975240463969, -23.00336834397314], [-41.99707958075732, -23.01053534892645], [-41.99824630272394, -23.01414663056175], [-42.00491328372033, -23.02336928786156], [-42.00974684563965, -23.00703518392584], [-42.01358035964518, -22.99964594660236], [-42.01148122687641, -22.99880714083611], [-42.00863568199037, -23.00147936657874], [-42.00330209701343, -23.00009041224195], [-42.00307053867368, -22.99264582344523], [-42.00170135773072, -22.99108104355452], [-42.00013657784007, -22.99078764783093], [-41.99866959742326, -22.99254802397138], [-41.99608617613541, -22.9908766411433], [-41.9963224289362, -22.98922286883953], [-41.99257936874216, -22.98636754202766], [-41.99280167575597, -22.98051878491322], [-41.99030148312619, -22.97681153572302], [-41.98788470261621, -22.9758392669678], [-41.98230110611041, -22.97631151176608], [-41.97863426615771, -22.97792270027162], [-41.97152282042111, -22.98503414600827], [-41.97124502883429, -22.98870098506166], [-41.97780089319593, -22.99986817897252]]], [[[-42.03556202886381, -22.93587011990934], [-42.03211966239178, -22.94639897772987], [-42.02744939757093, -22.94454323028509], [-42.02714034195247, -22.94661832507489], [-42.02202969621277, -22.9464293406408], [-42.02444713232853, -22.94948813816626], [-42.0226148670817, -22.94962059121656], [-42.0244250575696, -22.95242417913181], [-42.02356411319255, -22.95456549999705], [-42.02581733490138, -22.95629900169678], [-42.02175540119009, -22.96090766115884], [-42.0206281037033, -22.96151505067826], [-42.01221027488356, -22.95265716919221], [-42.00233143174944, -22.94960712836553], [-42.00132106591371, -22.95020416219154], [-42.00152190341237, -22.95160660276173], [-42.00791140938333, -22.9549115510265], [-42.00763585530973, -22.95771302103833], [-42.00892178331293, -22.96011282324741], [-42.00685617637072, -22.96237380610552], [-42.00458179361414, -22.96115745235375], [-42.00474253304071, -22.95950412521444], [-41.99939218470081, -22.95824116679563], [-41.99466183257675, -22.96193818889554], [-41.99750922916684, -22.96478558458631], [-42.00228550607051, -22.96538262021096], [-42.0030090277437, -22.96967023429312], [-42.00389348669432, -22.97006424256995], [-42.00698019557882, -22.96694104279413], [-42.0136062007648, -22.96441817915485], [-42.01609437755275, -22.96777014307685], [-42.01172324523083, -22.96988334214177], [-42.0132074836377, -22.97126508931166], [-42.01298620364963, -22.97390184399416], [-42.01572563572876, -22.97100678423493], [-42.0180380777943, -22.9704227438138], [-42.0194226794124, -22.97169079239541], [-42.02036633893465, -22.9758984369625], [-42.01937495688804, -22.97920285462726], [-42.01494805940467, -22.97884262218849], [-42.01314356881988, -22.97763870336269], [-42.01042710362719, -22.9781669822197], [-42.00940947216867, -22.97923188114561], [-42.0101434142864, -22.9812401149386], [-42.00781660195389, -22.98360965855812], [-42.00920189065397, -22.98682560901386], [-42.01253119525774, -22.98854980542842], [-42.01339713896607, -22.99405822220842], [-42.01228013242144, -22.99670639198564], [-42.01320788473538, -22.9979298944483], [-42.01606393010553, -22.99488817864574], [-42.01539462406191, -22.99199140567805], [-42.01806099881532, -22.99094553910459], [-42.01762085711613, -22.98700743394517], [-42.02044745418596, -22.98363338357302], [-42.0253938531431, -22.98226680167079], [-42.03017004101383, -22.98302200915765], [-42.03328792219912, -22.97943799586602], [-42.03487199164834, -22.97901220824605], [-42.0348692028507, -22.97635345614628], [-42.03283420703229, -22.97586436075085], [-42.03318516206485, -22.97275799358579], [-42.03974709415235, -22.96654737625965], [-42.04868054836788, -22.96221484194064], [-42.06551224809107, -22.95723051227753], [-42.09346283823868, -22.95331014534617], [-42.22782849378922, -22.94214968016286], [-42.36372647179849, -22.93558553034717], [-42.40013064061583, -22.93615618166166], [-42.45367135414892, -22.93508213483187], [-42.47388591400301, -22.93786395465702], [-42.48861101478576, -22.93634322715741], [-42.48950119702187, -22.93804941015139], [-42.49323559944264, -22.93862961766195], [-42.49609251535657, -22.93702692774974], [-42.49628883825852, -22.93541595418219], [-42.50096229567265, -22.93456286178588], [-42.57577471043379, -22.93289377043038], [-42.60314782071464, -22.93382104340566], [-42.63390309055444, -22.93659968322805], [-42.63545314944258, -22.93224542398633], [-42.63441736157125, -22.91983992926856], [-42.63815714823306, -22.91777870112537], [-42.64649217197541, -22.90790460101573], [-42.6520810807765, -22.90447098944384], [-42.65584170293153, -22.90396560912478], [-42.66432435668298, -22.90954139411929], [-42.66764216795093, -22.91039077591279], [-42.67258523132261, -22.91024853014477], [-42.67581165078633, -22.90811609637996], [-42.67982068007962, -22.90888029798657], [-42.67628177318454, -22.90460034612829], [-42.67358581343382, -22.90355452721889], [-42.67642422579667, -22.90172348415069], [-42.6771904598711, -22.89566826967416], [-42.6787703411776, -22.89254437112504], [-42.67891519857682, -22.89120528689369], [-42.67633698166566, -22.888467042819], [-42.67912712561559, -22.87885103194878], [-42.67601409357485, -22.87344019340941], [-42.66307338982438, -22.86264260916829], [-42.66091803683719, -22.8590763601851], [-42.6529142972563, -22.8556265788028], [-42.64600639507836, -22.85515117108889], [-42.64239002867618, -22.85118244131581], [-42.63718548112433, -22.84927526164324], [-42.63315438606531, -22.84598970995637], [-42.63298747728953, -22.84459879959417], [-42.63643693401656, -22.84007370603592], [-42.63270929539692, -22.8374402491674], [-42.62977911171589, -22.83332315643776], [-42.62347365278612, -22.83039297185741], [-42.61683765703151, -22.8289798806162], [-42.61176119002619, -22.82332654258511], [-42.60446114656395, -22.82083026290553], [-42.60162828841402, -22.81878837917958], [-42.60079259789933, -22.81629009401183], [-42.58130238619543, -22.8057267238085], [-42.56742600980175, -22.80418490540831], [-42.56604151880032, -22.80608333557672], [-42.56251832575941, -22.80712438717995], [-42.56040642711417, -22.81141705814991], [-42.5560668897744, -22.81175765119389], [-42.55310911309437, -22.81505106115679], [-42.53792166455247, -22.81207230779], [-42.53190122775874, -22.8087579211404], [-42.5263842404396, -22.82058902606195], [-42.52345663871216, -22.82386899295886], [-42.51916810462359, -22.82375657320654], [-42.51478388266929, -22.82550816476919], [-42.5117841526158, -22.82471103358654], [-42.50532309028767, -22.82603626735909], [-42.49979294858497, -22.82866075618819], [-42.49237491496962, -22.82890867499458], [-42.48659905510158, -22.82750151837962], [-42.48356608520595, -22.82866081014748], [-42.48001121624389, -22.82688001220203], [-42.47765923098797, -22.82302698920341], [-42.47199899875403, -22.82032219001627], [-42.46436338855881, -22.81918396216935], [-42.45572985644696, -22.82058000496249], [-42.45053054474812, -22.82008312233745], [-42.44178848874702, -22.73003266227676], [-42.43783131526226, -22.73303465502454], [-42.42893904729846, -22.73298917001341], [-42.42033181855783, -22.73636548757639], [-42.41690813999793, -22.73569330010497], [-42.41010559609566, -22.72932991943946], [-42.40774845682506, -22.72948228168116], [-42.40420284278622, -22.73223093810651], [-42.3987769855687, -22.72995729459268], [-42.39555944511159, -22.72276936331468], [-42.39361458114729, -22.72136224896786], [-42.38926776379554, -22.72245567618774], [-42.37906842926384, -22.71848528356821], [-42.36858229463644, -22.72420336379344], [-42.36179305260657, -22.71885983681125], [-42.36185816172406, -22.71308677113683], [-42.35947080343408, -22.71189309109252], [-42.35739814220977, -22.71417193268775], [-42.35605254059152, -22.7139874556558], [-42.3529403683026, -22.71017329506077], [-42.34523346705015, -22.71072111618577], [-42.33948210291601, -22.70615257907747], [-42.33763732630081, -22.70664090285459], [-42.33744199714971, -22.70575106955545], [-42.33188053655681, -22.70427524790358], [-42.33000049302763, -22.70045818699498], [-42.3308655059376, -22.69574766312337], [-42.3293777044168, -22.69194284018914], [-42.323682669319, -22.68637004813843], [-42.32159017624491, -22.67989841787693], [-42.31441147111178, -22.64798362514341], [-42.3099326908403, -22.63950551476694], [-42.29542820634589, -22.62381316344596], [-42.27410911444332, -22.61012142866025], [-42.26872141815818, -22.6079773837485], [-42.26194910406718, -22.60766754482057], [-42.25966714811966, -22.60856626072359], [-42.25916699376103, -22.61063721413535], [-42.25312606321648, -22.61169222681406], [-42.25022672897961, -22.61098888412891], [-42.24868719036084, -22.61310672729286], [-42.2467881657405, -22.61270816574847], [-42.24295885696495, -22.60904297065582], [-42.24080975426602, -22.61010579934236], [-42.24034085944237, -22.60756595110701], [-42.23649591955029, -22.60942590108368], [-42.23433118933218, -22.60668286632045], [-42.23653262987625, -22.60633459666354], [-42.23588635726884, -22.60514332680231], [-42.23212738267182, -22.6040570536893], [-42.23456563629435, -22.60160316984962], [-42.23763689842337, -22.60224399256543], [-42.23678507317186, -22.60069663973735], [-42.23773849213694, -22.59933684411931], [-42.23646466091463, -22.59853972282917], [-42.23586291284244, -22.59966507058579], [-42.23386229360921, -22.59972758965574], [-42.23301828256695, -22.59816460661051], [-42.22571915101724, -22.59630465663383], [-42.22837022110809, -22.59459293921202], [-42.226854314874, -22.59321037725636], [-42.22740639428895, -22.58971985658536], [-42.22504784488143, -22.59257456376434], [-42.21900046709715, -22.58996433998152], [-42.21837487619882, -22.5935021640928], [-42.21713088358268, -22.59069060098966], [-42.21536916385509, -22.59155348520443], [-42.21546264298587, -22.59261770784019], [-42.21375844659428, -22.58948256416824], [-42.21431932137887, -22.58604540926746], [-42.21199672506805, -22.58388819918025], [-42.2090197757413, -22.58314755711331], [-42.2085164269908, -22.5809759659673], [-42.20604282641455, -22.58298936186878], [-42.20340383961479, -22.58095439392935], [-42.20403662239147, -22.5802137518624], [-42.20497141190043, -22.58107663517779], [-42.20558981271893, -22.57983264525961], [-42.20502174695531, -22.57712175136697], [-42.20226770898682, -22.57483510815297], [-42.19872988487555, -22.57678378794071], [-42.1979317176739, -22.57406570306898], [-42.1965726747884, -22.57432456932264], [-42.19689985174602, -22.57292957423971], [-42.19561631234222, -22.57341854013276], [-42.19656548470863, -22.57084427124533], [-42.19540778204276, -22.57045597276414], [-42.19440827462142, -22.57152019629922], [-42.19477500016541, -22.56934860515321], [-42.19314990184574, -22.56854324607315], [-42.19380425576105, -22.56639322696509], [-42.19194905510409, -22.56678152544629], [-42.19221511143752, -22.56238081712024], [-42.19108617178864, -22.56151793290553], [-42.19299170660122, -22.55819583007275], [-42.19161828355618, -22.55730418284099], [-42.19066911118978, -22.55839717029238], [-42.18838965895486, -22.5577787703732], [-42.18861052525483, -22.55617708140642], [-42.18647261012211, -22.55540479399525], [-42.18736262328571, -22.55457128973245], [-42.18570974221012, -22.5538225501698], [-42.18651499157289, -22.55279126520395], [-42.18527827537139, -22.55161483595515], [-42.18639726492108, -22.55115722042859], [-42.18216604732447, -22.55111103034898], [-42.18214498160489, -22.55273475630321], [-42.1796491776667, -22.55147743573428], [-42.17964542389649, -22.54902039617355], [-42.17679141639002, -22.54571819803562], [-42.17186786470944, -22.54851206427958], [-42.16981213322265, -22.54713479213615], [-42.16609098590953, -22.5478973659699], [-42.16539337640245, -22.54545392235985], [-42.16378548661021, -22.54667987457577], [-42.1618704711446, -22.54502984884766], [-42.15703293242314, -22.54761501931694], [-42.15617669509766, -22.54613860411251], [-42.15154095525014, -22.54854248384777], [-42.15209101838508, -22.55152673117294], [-42.15401249458023, -22.55109668706166], [-42.15172841443405, -22.55662509756945], [-42.14925720155787, -22.55565423355529], [-42.14695145044834, -22.55187375257083], [-42.14467356393311, -22.55170055213802], [-42.14414734542294, -22.54856684468336], [-42.14096389826454, -22.5487225281214], [-42.14361938492596, -22.54353547687998], [-42.14726625273465, -22.54287160633879], [-42.14717773696225, -22.54081802872827], [-42.14545166995788, -22.5403842991953], [-42.1403870191449, -22.54215191307958], [-42.1387155859548, -22.54010989895193], [-42.13392685793741, -22.5422519923348], [-42.13117400257744, -22.546598137893], [-42.13051013203625, -22.55257298355559], [-42.13380293585607, -22.55466196567642], [-42.12802246696253, -22.55759543098355], [-42.12526112020379, -22.55768922217908], [-42.12196831638397, -22.55402465031659], [-42.12026880456096, -22.55860978980917], [-42.12158769721373, -22.56207077404622], [-42.12471396997302, -22.56438769743352], [-42.11780754897848, -22.56684927137599], [-42.11464802468583, -22.56589467519831], [-42.10942556803479, -22.56697457211806], [-42.10539732472603, -22.56047892006535], [-42.10082482700341, -22.56487337540517], [-42.09781512616638, -22.56174465379195], [-42.09454930020928, -22.56170015623644], [-42.09220927323861, -22.56262198471603], [-42.09112041277609, -22.56493870035996], [-42.09394448005298, -22.57129645666538], [-42.08793048240511, -22.57265785757329], [-42.08424389963551, -22.56918671279578], [-42.0823673940393, -22.57094659970505], [-42.08193593979104, -22.57407232207925], [-42.0792199917085, -22.57490140077823], [-42.07274061108961, -22.56750570272521], [-42.06997032237177, -22.5688802742045], [-42.0653179297779, -22.56849962265869], [-42.06309746857261, -22.57317316281046], [-42.06132110158683, -22.57268677617299], [-42.06034832831199, -22.57025484388515], [-42.06064585012513, -22.56456572632641], [-42.06281585037044, -22.56182970807379], [-42.06230161262857, -22.55999559382082], [-42.05574233623912, -22.56297897419955], [-42.04900439513597, -22.56127412759815], [-42.04195322915746, -22.56889271812366], [-42.03857811488734, -22.56709207393931], [-42.03696683555029, -22.56016700730078], [-42.03439564863953, -22.5597556160281], [-42.032338697672, -22.56157258920285], [-42.03048744234087, -22.57028034685976], [-42.02784768841934, -22.57110312760648], [-42.02093247924978, -22.56852939921163], [-42.02175545964599, -22.57641909756251], [-42.0194905620391, -22.57818397840708], [-42.01715672240408, -22.5779990795931], [-42.01475731140005, -22.57583302467356], [-42.01338233972245, -22.57171086516354], [-42.01059697656848, -22.57194138928293], [-42.00895333872489, -22.57417135812091], [-42.00732830065982, -22.58059762208183], [-42.00437651975983, -22.5847870715653], [-42.00294055156445, -22.58466011427208], [-42.00226065330577, -22.5816684457414], [-41.99901043238481, -22.57857019765572], [-41.99823148999053, -22.57556064610617], [-41.9952287310204, -22.5746732211914], [-41.99116253542195, -22.57880152397036], [-41.99079604999696, -22.58059322799431], [-41.99619561643379, -22.592892123372], [-41.99532815736785, -22.59529976317276], [-41.99127411430817, -22.59570693932301], [-41.99088464311103, -22.5969815718413], [-41.99394730502337, -22.59875189718156], [-41.9963210089067, -22.61033017929356], [-41.99789512196156, -22.63207121061708], [-41.99679175633378, -22.65650802812223], [-41.99111992104679, -22.69785553100718], [-41.98642058204348, -22.7120352900958], [-41.97947927185021, -22.72543181612463], [-41.97366706768031, -22.72991784133455], [-41.97241413400434, -22.73007659865533], [-41.97198330028834, -22.72885614579371], [-41.96453740657535, -22.73311174491033], [-41.96264256200391, -22.73204440522437], [-41.95824052717785, -22.7329468092471], [-41.95464632366816, -22.73166609641243], [-41.95699778372, -22.73277840669732], [-41.9581676326294, -22.73498360460889], [-41.95196223496845, -22.7427174540465], [-41.94530650628951, -22.75460540871188], [-41.93397630935846, -22.76595916518255], [-41.92459020926998, -22.77059146242527], [-41.9166322280941, -22.77146021471634], [-41.91060180342976, -22.76847585677461], [-41.90834771387517, -22.76562778929025], [-41.90779119720526, -22.76222455501841], [-41.90891448371571, -22.7581843992898], [-41.91156857642795, -22.75796435137295], [-41.9109920165676, -22.75675000490804], [-41.90870310706202, -22.75545729241935], [-41.90525393631935, -22.75681984805675], [-41.90373851481985, -22.75664573121475], [-41.90350326656176, -22.75541536512623], [-41.90244129492908, -22.75629716298289], [-41.90056874724917, -22.75468447800546], [-41.90016681504574, -22.75091332928594], [-41.89830725357615, -22.74959262719722], [-41.89722712642998, -22.74955355794958], [-41.89689809237234, -22.75161881415619], [-41.89544149822581, -22.75186190630114], [-41.89570784593963, -22.75372773604539], [-41.89407695059009, -22.75443428211565], [-41.88995711492817, -22.75526997712694], [-41.8859316244442, -22.75440760012987], [-41.88152686557163, -22.749111614009], [-41.88138721524706, -22.74804193518639], [-41.88266528317553, -22.74708082072254], [-41.88144881700856, -22.74661380638128], [-41.88134698587396, -22.74509202217831], [-41.88378184095848, -22.74465102522385], [-41.88161879606986, -22.74233817216816], [-41.88239766382037, -22.74084262028992], [-41.88003195760803, -22.73995512972471], [-41.87759527420178, -22.74219627084045], [-41.87515454564505, -22.7420400001451], [-41.87372784136608, -22.74097176023776], [-41.87437136474597, -22.73793572185531], [-41.87219592000497, -22.73725086743281], [-41.86974821001115, -22.73954594179099], [-41.86972282304913, -22.74151754709635], [-41.86845073381357, -22.74093174760128], [-41.86772505286814, -22.74243730713522], [-41.87074511839177, -22.7445228646377], [-41.87373746231333, -22.75297194220059], [-41.86995617193907, -22.75565249206807], [-41.86718766028156, -22.75277575869353], [-41.86493827957719, -22.75489821178229], [-41.86347984092117, -22.75479268263541], [-41.86412470429093, -22.75811628913465], [-41.86584852478887, -22.75939852002489], [-41.86588854911651, -22.76191417829591], [-41.86928565900524, -22.76328349233853], [-41.87073777902452, -22.76110465535481], [-41.87256109781566, -22.76358288923819], [-41.87290474675592, -22.7664573086571], [-41.87532649242297, -22.76575387873771], [-41.8742819199739, -22.76329091714132], [-41.8747511970094, -22.76149988041436], [-41.87615244867584, -22.76155443868561], [-41.87771806133873, -22.76552023217221], [-41.87858883530578, -22.76534728534818], [-41.87661429731122, -22.769515224847], [-41.87810438670732, -22.77123604520654], [-41.87774559768047, -22.77587885732265], [-41.87966202058504, -22.77448700986685], [-41.88122009782853, -22.77493359700713], [-41.88370895720186, -22.76848689775136], [-41.88589971290071, -22.76852060164367], [-41.88837079087858, -22.77036902590902], [-41.88887258560061, -22.7722966498697], [-41.88793686439402, -22.77425957581801], [-41.88582333527796, -22.77489683272188], [-41.88506802077183, -22.7738417561913], [-41.88324556083325, -22.77603159188368], [-41.88386271339277, -22.77716539596548], [-41.88201391590877, -22.77750923376334], [-41.88096421012943, -22.78426897982877], [-41.88341624406365, -22.78481897011858], [-41.88356322656091, -22.78134802768858], [-41.88633192437806, -22.77745230397989], [-41.88796718683545, -22.78087310021266], [-41.89074573942361, -22.78119865839062], [-41.89290540465998, -22.7856282511421], [-41.89367901497383, -22.78501910974336], [-41.89616193342573, -22.78636107630183], [-41.89639478139333, -22.78424873339156], [-41.89823129863481, -22.78380498181366], [-41.89862741941914, -22.78157820107236], [-41.89984128834402, -22.78152941824726], [-41.89953683365724, -22.78271763940677], [-41.90112042196915, -22.78333642333649], [-41.90293385541236, -22.78240365640283], [-41.90294979859357, -22.78385593020624], [-41.9038989835505, -22.78280234025505], [-41.90360540436518, -22.77983843289661], [-41.90712681405051, -22.77832357796996], [-41.91362211986421, -22.78057527083132], [-41.91646869357459, -22.78264769013799], [-41.91698765005924, -22.78469772441969], [-41.92083071936145, -22.78643198784516], [-41.92618531070281, -22.79288598060276], [-41.93003654764783, -22.80167207910239], [-41.93002807873211, -22.806620434085], [-41.92841634883467, -22.8081092266587], [-41.9263664836256, -22.80740931758515], [-41.92506838060058, -22.80837941627624], [-41.92613140893661, -22.81181049176001], [-41.92726987510395, -22.81144343616489], [-41.92794014342212, -22.81457744219443], [-41.92911367505531, -22.81264598082657], [-41.93051020438168, -22.81380823226334], [-41.93216107367385, -22.81274989209305], [-41.93288748127151, -22.80989607794089], [-41.94004775300067, -22.80950896476611], [-41.94209390940568, -22.81038052294201], [-41.94168655339098, -22.81248059370364], [-41.94289230233716, -22.81390143979883], [-41.94399363819514, -22.81432513829373], [-41.94704284535032, -22.8126013591646], [-41.95216566341389, -22.81489775282824], [-41.95351898481255, -22.81450747314062], [-41.9547044909188, -22.81684610436344], [-41.95660707685437, -22.81717194133125], [-41.95857859042889, -22.81966125935884], [-41.95959815992643, -22.81850462688624], [-41.9642871711153, -22.81929061456941], [-41.96849469697196, -22.82277701005017], [-41.9705680407817, -22.82312886620343], [-41.9756667480213, -22.82934147912516], [-41.98106180076076, -22.8387257347041], [-41.98664015691696, -22.85563474824426], [-41.98601948710893, -22.86123145236888], [-41.98318981885433, -22.86615924165488], [-41.98000886101937, -22.86658923000817], [-41.97783441092861, -22.86470470605656], [-41.97894579671043, -22.86794222225495], [-41.98317054998017, -22.86831316561933], [-41.98261644169469, -22.87119721587806], [-41.97974283616225, -22.87088337406766], [-41.98001047710108, -22.87358644116057], [-41.9837905947594, -22.8726509366906], [-41.98564491587945, -22.8767777313065], [-41.9885603875511, -22.87799555095313], [-41.99008643903721, -22.88137263923517], [-41.99930816374001, -22.88486771587162], [-42.00184476362421, -22.88987617614384], [-42.00456075487421, -22.88880693169375], [-42.00542229280381, -22.88528596267628], [-42.00811503837758, -22.88590197399611], [-42.01150576218043, -22.88417203900764], [-42.01978738867632, -22.8894463559638], [-42.02425967044672, -22.89368932590088], [-42.02883752093413, -22.89971443467266], [-42.03244889699829, -22.90746988942311], [-42.03653814222076, -22.9244778661598], [-42.03556202886381, -22.93587011990934]], [[-41.90079194908844, -22.78266556416366], [-41.90080184792623, -22.78256128417513], [-41.90083126205235, -22.78255280806485], [-41.90079194908844, -22.78266556416366]], [[-41.88323121484797, -22.78267136209291], [-41.88327342902477, -22.78273234602017], [-41.88320241495876, -22.78265270655641], [-41.88323121484797, -22.78267136209291]]], [[[-41.99337181805424, -22.96904230605679], [-41.99396792557854, -22.9671997903373], [-41.99258603901376, -22.96291864687726], [-41.98605594292667, -22.96378571383883], [-41.99058094655271, -22.96966551015441], [-41.99337181805424, -22.96904230605679]]], [[[-41.88219598275765, -22.74802153586444], [-41.88220838261003, -22.74790417523673], [-41.88209495381835, -22.74775269522991], [-41.88219598275765, -22.74802153586444]]], [[[-41.88249498215697, -22.74771979263357], [-41.88252602855266, -22.74763898225245], [-41.88247793011163, -22.74770001564241], [-41.88249498215697, -22.74771979263357]]], [[[-41.94425405128271, -22.73896038691157], [-41.94180218282372, -22.73898314335662], [-41.94423478240856, -22.74098027411958], [-41.94684795596766, -22.73931437715601], [-41.94675388688165, -22.73748912212449], [-41.94543731987568, -22.7368669126771], [-41.94425405128271, -22.73896038691157]]], [[[-41.87483153344778, -22.7298224529431], [-41.8730758553657, -22.73087758882889], [-41.87538504458342, -22.73094677817051], [-41.87483153344778, -22.7298224529431]]], [[[-41.92056079684255, -22.72164162695873], [-41.91966766842739, -22.72234557308894], [-41.92021957607187, -22.72433956521797], [-41.92206223658224, -22.72553239900026], [-41.92675597370851, -22.72372027227198], [-41.92056079684255, -22.72164162695873]]]]}}, {"type": "Feature", "id": "26", "properties": {"id": "26", "unidade": "26", "camada": "AISP", "label": "AISP 26"}, "geometry": {"type": "Polygon", "coordinates": [[[-43.03476367979925, -22.43213381282442], [-43.02776920708249, -22.43513371914503], [-43.02652786656705, -22.43879408038174], [-43.02226275082455, -22.44089480944712], [-43.02598677057227, -22.44772217913447], [-43.02575970524549, -22.45510099421472], [-43.03021035742131, -22.46062543421561], [-43.03338058634426, -22.46204138530089], [-43.03905470231194, -22.45843784323108], [-43.0407454880131, -22.45592047984547], [-43.04235050537079, -22.45974526593051], [-43.04785500830127, -22.460229734314], [-43.04899943427574, -22.46298872394965], [-43.05535540632621, -22.46748186279694], [-43.05632373155424, -22.47220013432798], [-43.05818730220153, -22.47473895194031], [-43.05596505764055, -22.47940507268521], [-43.05938531517944, -22.48344239824729], [-43.06227212365883, -22.48365252574268], [-43.06704976033745, -22.48618395182712], [-43.0709099608253, -22.48578151510407], [-43.07871263897636, -22.48739965267106], [-43.08035584514539, -22.49013053759347], [-43.07322065640744, -22.49508202761268], [-43.07115753788935, -22.4987258260353], [-43.07063851035821, -22.50403024240097], [-43.07437886359293, -22.50637654663956], [-43.07639603664705, -22.5094315454287], [-43.07605775036416, -22.51066470481152], [-43.07799553936189, -22.51247111814683], [-43.087017258439, -22.51718099360721], [-43.08996372524501, -22.52094236130017], [-43.09654847762943, -22.52331793217604], [-43.09855580670438, -22.52633123479785], [-43.10826512133752, -22.53418852787746], [-43.11452310955315, -22.53409540397894], [-43.11810827397693, -22.53042839765163], [-43.1221977053591, -22.53101710375557], [-43.12646350638499, -22.53490372722445], [-43.13106904160225, -22.53440830959505], [-43.14002092742311, -22.53771891729343], [-43.14378472238627, -22.53802301315073], [-43.14691289181576, -22.54009069213095], [-43.15177539301925, -22.54042188905817], [-43.16115031003807, -22.54672809982117], [-43.16382155282167, -22.54703224693986], [-43.19635989589176, -22.56186640580921], [-43.22524350927978, -22.56373428330977], [-43.25463444462321, -22.57514920177346], [-43.26074612663172, -22.56125397019377], [-43.2464348605796, -22.52693402338571], [-43.23582888499431, -22.52262969630266], [-43.23377817262383, -22.52280743831187], [-43.23138392192971, -22.52424674119339], [-43.23002978304731, -22.52760791057585], [-43.22669456000523, -22.52900192809574], [-43.22499526671743, -22.52691071565624], [-43.22611032802848, -22.52315748323048], [-43.22163183913733, -22.52123858719028], [-43.22463057543996, -22.52026833111779], [-43.22671772474246, -22.51666844928872], [-43.23144185265863, -22.52004015332966], [-43.23302243543634, -22.51927043618093], [-43.23399787879833, -22.51678409670791], [-43.23701905858195, -22.51415618415979], [-43.2383843445611, -22.51041032617485], [-43.24122248083211, -22.51049038831997], [-43.2434073576627, -22.50773670018776], [-43.29699311643844, -22.47526534761693], [-43.30338189755582, -22.47464807814549], [-43.30055672321345, -22.47190405232936], [-43.29763800588853, -22.46471099941232], [-43.29155552936345, -22.46488978013849], [-43.28897011877524, -22.46154684990643], [-43.28933176314962, -22.45903740685009], [-43.29449547698397, -22.45814378021049], [-43.29874624044589, -22.45194635324083], [-43.30077238693536, -22.45231974725777], [-43.30622000055183, -22.45731524380267], [-43.30777703278312, -22.45592745138998], [-43.31299121836929, -22.45514529122141], [-43.31819514718757, -22.45787499713265], [-43.32219322183897, -22.45845726858732], [-43.32674634007083, -22.45774657214582], [-43.33058430931771, -22.45359042905426], [-43.33596983284076, -22.4539765179012], [-43.34521715674566, -22.45052045565376], [-43.34705571814612, -22.45180972823562], [-43.35000019205449, -22.45164379612351], [-43.35138255975659, -22.4488782935976], [-43.36371602327512, -22.45071662477164], [-43.36513428741671, -22.45320148216189], [-43.3689114597953, -22.45318750130139], [-43.37031969919406, -22.45183393888442], [-43.37131002273861, -22.44645255763862], [-43.3759462671058, -22.44545416177937], [-43.3776350140439, -22.4431452513515], [-43.37663534834195, -22.44201478735181], [-43.37377648899303, -22.4433134191782], [-43.37199203800139, -22.44276220221309], [-43.37172035460992, -22.44051386202432], [-43.37377374696013, -22.43509652318522], [-43.3669283080942, -22.42734678722366], [-43.36238668139947, -22.42578451014623], [-43.36119501493727, -22.42015828577547], [-43.3560525242039, -22.41825307292021], [-43.34478616744696, -22.4177798874311], [-43.33741270333286, -22.41577224719066], [-43.3385284697124, -22.41430297260331], [-43.33799140357968, -22.41105578599496], [-43.33549524980521, -22.40807444617798], [-43.33513686187592, -22.40552756434482], [-43.32816102670927, -22.40254795122621], [-43.3270503603851, -22.3952574558661], [-43.31941467015019, -22.39114827896913], [-43.31835831388435, -22.38453223917071], [-43.31560480561654, -22.38174018596004], [-43.31147172743755, -22.37890101456941], [-43.30555170174893, -22.37729390988528], [-43.30435614032291, -22.37487811413291], [-43.30088891029425, -22.37288677860118], [-43.29985751920839, -22.37024979369227], [-43.29452220483518, -22.36634908144418], [-43.29224906044504, -22.36605087884419], [-43.29004934570003, -22.36402354165233], [-43.28339156386886, -22.36399306093023], [-43.28126918002789, -22.35761504559713], [-43.27808922673569, -22.35511599420698], [-43.2768650533788, -22.34943698772605], [-43.27323122124312, -22.34606712729533], [-43.27247476100069, -22.34297317886836], [-43.26845734193205, -22.34105013425551], [-43.26908354526864, -22.33893577686382], [-43.26808161957035, -22.33352832696994], [-43.26696182242944, -22.33306420125109], [-43.26581992085192, -22.33472916381908], [-43.26136282683228, -22.33378617519105], [-43.2622910818672, -22.33283582111545], [-43.26012614840232, -22.32893081730259], [-43.2644108333925, -22.32457654367175], [-43.26331247788784, -22.32093116693903], [-43.25806493374898, -22.31637259611762], [-43.25670132860267, -22.31663696892019], [-43.25094427175998, -22.31283835490535], [-43.24959429494004, -22.31366694617185], [-43.24746518866681, -22.31055003985171], [-43.24733837616441, -22.30708606986548], [-43.24333049440605, -22.30401493633946], [-43.24187092710088, -22.30307438217625], [-43.23800817613568, -22.30490154736776], [-43.2395435499941, -22.30560323440096], [-43.23679932992439, -22.30885461274943], [-43.23754270143377, -22.30952850983209], [-43.23636164427376, -22.30963272057284], [-43.23673680365982, -22.31102220011365], [-43.23536816770604, -22.3116613590837], [-43.23129699525941, -22.30886850817433], [-43.2264199259381, -22.30994535369433], [-43.2244920249862, -22.30658281644304], [-43.22478381542004, -22.30512039019305], [-43.21986853480433, -22.30587591873791], [-43.21688115603979, -22.30478517779295], [-43.21626283795888, -22.30552160114019], [-43.21167755907135, -22.29985253036921], [-43.21023944869086, -22.30042221491249], [-43.20953776255698, -22.29914389517387], [-43.20731459709026, -22.29861589420739], [-43.20586953944695, -22.30122811268649], [-43.20066941566029, -22.3037500158498], [-43.18162121444675, -22.30113476215877], [-43.17428725035558, -22.31168613990263], [-43.17300924627898, -22.30913809164883], [-43.16935415057287, -22.31000379883545], [-43.16671610356462, -22.30930163875882], [-43.16310563491641, -22.31051190499966], [-43.1591746299045, -22.30952671658395], [-43.15571429228004, -22.30700270630905], [-43.15182650239046, -22.30759299791777], [-43.14630512907769, -22.30454260905339], [-43.14539434517218, -22.30185291038271], [-43.14657493108746, -22.29945102804174], [-43.14498724726292, -22.29672346791295], [-43.14221986965055, -22.29605240009744], [-43.14112394141603, -22.294567992618], [-43.13772053897094, -22.29515614024291], [-43.13733379541759, -22.29352774500865], [-43.13900548041784, -22.29134663363948], [-43.14011102060641, -22.28431844443986], [-43.13040476636615, -22.28239445014299], [-43.12730318719161, -22.27479593338484], [-43.12316005459212, -22.27582322715944], [-43.1205664250997, -22.27972201665699], [-43.11015488114214, -22.28293300735163], [-43.10659853729192, -22.28007480091054], [-43.10615768243036, -22.27484446799701], [-43.10364639396516, -22.27424603302723], [-43.10238275655826, -22.27205448142843], [-43.10143432343455, -22.26435048588542], [-43.10006647079024, -22.2639550917533], [-43.09920087781751, -22.26507715698443], [-43.09517212908975, -22.26593206421262], [-43.09108994894126, -22.26310018542443], [-43.08963718320871, -22.26111001001817], [-43.09242062001488, -22.2536872963309], [-43.09067156633898, -22.25013437260242], [-43.09283453928185, -22.24717598438338], [-43.09390555989296, -22.24231627107827], [-43.07584513444465, -22.22350555923339], [-43.06022348512499, -22.21620413621116], [-43.05800758797909, -22.21657769660266], [-43.05591055242934, -22.2137844778706], [-43.05288810190365, -22.21426841025817], [-43.05024770406754, -22.20738299832595], [-43.04755731471755, -22.20865903468592], [-43.04303597942618, -22.20783072220928], [-43.03926400243103, -22.20455227426726], [-43.03803017665058, -22.206796660137], [-43.03640857939172, -22.20691416735417], [-43.03059259087462, -22.20250959284266], [-43.02906438461292, -22.20261340608306], [-43.02597394803854, -22.20642944895911], [-43.01890045998749, -22.21762808856465], [-43.01825369904822, -22.22279722261294], [-43.01533349334534, -22.22330074313402], [-43.01183352439688, -22.2199953721879], [-43.00854170803268, -22.21932961217107], [-42.99670479528936, -22.2261148702043], [-42.99624561044584, -22.23308431928513], [-42.99246268780206, -22.23707792520531], [-42.99219629602152, -22.23921701575188], [-42.98654516402735, -22.24287088118547], [-42.98372780569292, -22.24716658107207], [-42.97987791773096, -22.24935309826611], [-42.97793271202431, -22.25521934089909], [-42.97850175714962, -22.26064497328611], [-42.98055963801613, -22.26468983786498], [-42.98358176118859, -22.26346680215045], [-42.98787898182883, -22.2693690347524], [-42.98812476384603, -22.27559850816385], [-42.98976954742596, -22.27842685801232], [-42.9995727305963, -22.28202326216302], [-43.00182637408716, -22.28541012517638], [-43.00562617610643, -22.28754279906013], [-43.00916178788549, -22.2862654272069], [-43.01710818219613, -22.29011151823119], [-43.01760532292656, -22.29107167761504], [-43.01615911684905, -22.29300742335312], [-43.01285197064118, -22.29557654811845], [-43.01321923397973, -22.29879202912809], [-43.0143807596636, -22.29997572130173], [-43.0247710949094, -22.30689967098226], [-43.03066054364842, -22.30736291716414], [-43.03582104330576, -22.31101370871494], [-43.03943474861404, -22.31183513598199], [-43.04302161725309, -22.31526513407789], [-43.04348250631188, -22.31766461073244], [-43.04492784364436, -22.3180993870763], [-43.04449306730049, -22.31938021412481], [-43.04719573059776, -22.32638363779387], [-43.03935866776754, -22.32880305961271], [-43.03431695236475, -22.32762921411614], [-43.03091456435493, -22.33147547601163], [-43.03155358033274, -22.33346043714869], [-43.03030418009308, -22.33855862458006], [-43.0254404746974, -22.33938283075224], [-43.02799303125266, -22.33985547395019], [-43.03391252634128, -22.34498481119931], [-43.02832409058357, -22.34525527870738], [-43.02596790009778, -22.35360779876015], [-43.02052161837724, -22.35619518965552], [-43.0238007039386, -22.35821575315373], [-43.02643428311495, -22.36342805196227], [-43.02975767557552, -22.36338662469223], [-43.03401143377994, -22.37039004836129], [-43.03224111113764, -22.37258827023169], [-43.03291163935995, -22.37492396067148], [-43.02966132940611, -22.37700470770034], [-43.02902219921441, -22.37953808711228], [-43.034022394717, -22.39014394578567], [-43.027842311173, -22.39266939407651], [-43.02933465157219, -22.40047186718215], [-43.03468933104705, -22.4049252353106], [-43.03871254894426, -22.41545361918838], [-43.03835655231228, -22.41662519569547], [-43.03365573482358, -22.41776454769496], [-43.03190982877487, -22.4201873024013], [-43.03241299406369, -22.42167397707163], [-43.03540912772831, -22.42356821010407], [-43.03360987029856, -22.42994555364362], [-43.03476367979925, -22.43213381282442]]]}}, {"type": "Feature", "id": "27", "properties": {"id": "27", "unidade": "27", "camada": "AISP", "label": "AISP 27"}, "geometry": {"type": "MultiPolygon", "coordinates": [[[[-43.66172899579578, -22.99851799980507], [-43.66166255927897, -22.99843890802839], [-43.66166223642233, -22.99847160018345], [-43.66172899579578, -22.99851799980507]]], [[[-43.69573494161352, -22.98672249994263], [-43.6958975687171, -22.98640087360064], [-43.69540291820937, -22.98637294425521], [-43.69573494161352, -22.98672249994263]]], [[[-43.70384545680167, -22.98522069687687], [-43.70595762614278, -22.98666797494633], [-43.70742579906067, -22.98666497031138], [-43.70384545680167, -22.98522069687687]]], [[[-43.70357609635903, -22.98510871959098], [-43.70352048138437, -22.98506159961238], [-43.70351770157993, -22.98509566503213], [-43.70357609635903, -22.98510871959098]]], [[[-43.7196378550023, -22.97349045721808], [-43.71935227528655, -22.97256698837504], [-43.71866280284536, -22.972334446177], [-43.7196378550023, -22.97349045721808]]], [[[-43.62499958176454, -22.8623449281751], [-43.6158537724329, -22.87404743723869], [-43.61247752681567, -22.87613441117338], [-43.61910122703927, -22.8789402491924], [-43.63216901668602, -22.88119988936262], [-43.62925460711369, -22.88308816078921], [-43.62373010056297, -22.88327525125106], [-43.61835584644444, -22.88551816762856], [-43.62146398437466, -22.89093853718299], [-43.61932865928947, -22.89794206157609], [-43.62706942631223, -22.90256438174004], [-43.62713251465311, -22.90724850421435], [-43.62866915205899, -22.90890853310157], [-43.62688601677553, -22.91097818969092], [-43.62786595944573, -22.91165337909939], [-43.62636676441389, -22.91412124919555], [-43.62909803604481, -22.91530362026509], [-43.62493067031346, -22.91596329726758], [-43.62430467831751, -22.9198501743453], [-43.62089891695075, -22.91954795807101], [-43.62166256457499, -22.93621099174311], [-43.60376559270719, -22.93395538683086], [-43.59244569661087, -22.93559062140929], [-43.58648059600199, -22.9322434158002], [-43.57850156889157, -22.93154381879145], [-43.57708788139985, -22.94741962641388], [-43.57100315926766, -22.9453415890423], [-43.5679193444015, -22.93957090836994], [-43.56167963760447, -22.94161302322169], [-43.56185527609938, -22.94981304613441], [-43.56096678368937, -22.95005118391424], [-43.55501986377499, -22.95013592613134], [-43.54992810469753, -22.94863782737303], [-43.5385399320715, -22.94229122625831], [-43.51754738220518, -22.95299612996666], [-43.51878479628061, -22.95705537290638], [-43.51764799925502, -22.96405497715472], [-43.52082296310851, -22.96779282038159], [-43.51631392065019, -22.97417440062731], [-43.51931222977487, -22.97743765092605], [-43.519073139613, -22.9817429151027], [-43.52087266324207, -22.98830988519228], [-43.51926470779932, -22.99200294487923], [-43.52208259583438, -22.99468402714535], [-43.52225150740043, -22.99682991296936], [-43.52092661357165, -22.99866697789793], [-43.52314048004837, -23.00201333994289], [-43.52203535894392, -23.00774432813745], [-43.53002859714132, -23.00922349616667], [-43.53066832897946, -23.01244594782145], [-43.53252793901243, -23.01306505101053], [-43.53865991782021, -23.01337213981162], [-43.54154789631764, -23.01183527217927], [-43.54454765784737, -23.01921162671442], [-43.5496446204022, -23.02464591687482], [-43.55531353559047, -23.02477726375895], [-43.55920461340145, -23.02360118614507], [-43.5636684811148, -23.02607980943486], [-43.56272020087584, -23.02849432365332], [-43.56407468959452, -23.03128224897586], [-43.56369397329752, -23.0327883031369], [-43.55377102471226, -23.04464457918323], [-43.55255179582798, -23.04828299516333], [-43.55322762915102, -23.05131306114811], [-43.56620915582715, -23.06341555718143], [-43.57307185807906, -23.05853723780251], [-43.58029479636701, -23.05540995780251], [-43.60394079233299, -23.05118813362469], [-43.632296473103, -23.05062500693776], [-43.66298935517386, -23.05271110403345], [-43.66847187597557, -23.05408313223001], [-43.66703813719954, -23.0428165011798], [-43.66380667074054, -23.04087100679078], [-43.6605158166509, -23.04088696526048], [-43.63564106708083, -23.03328561923519], [-43.61919591755679, -23.03273792131722], [-43.59902212936703, -23.02281731096934], [-43.60804235377088, -23.02164091319679], [-43.62029991720669, -23.01636067420498], [-43.62362678464768, -23.01460906555513], [-43.62439451159668, -23.01149686178996], [-43.62687279764077, -23.01080325966194], [-43.62751599906335, -23.00901525454958], [-43.63627961810914, -23.0057414381161], [-43.63871151982005, -23.00626145759941], [-43.64304602005706, -23.00203239208048], [-43.64616094067412, -23.00230472118517], [-43.64825779096356, -23.00118076288112], [-43.65312152333888, -23.002799416659], [-43.65284335043953, -23.00085162630074], [-43.65441718830186, -23.00014283642201], [-43.65640420978571, -22.99581392996811], [-43.66212321990992, -22.98864104344864], [-43.67424565211445, -22.98040639214054], [-43.68080676941617, -22.98142123570068], [-43.68363272077272, -22.98440752988284], [-43.6873532259699, -22.98594210244528], [-43.68892630210644, -22.98823710215976], [-43.68873711262694, -22.99030137720604], [-43.68922548496744, -22.99160256220773], [-43.68965456680411, -22.99190181521584], [-43.69338318928203, -22.98624082575276], [-43.69576550507327, -22.98461698558464], [-43.70050835777374, -22.98578363110892], [-43.7063295425736, -22.97507927958429], [-43.71077999959658, -22.97194708299071], [-43.71512002167094, -22.96973429390175], [-43.71791538528606, -22.97092421298129], [-43.71818198840731, -22.97218297516338], [-43.72012077655188, -22.97137882027556], [-43.71826078520633, -22.96998209219902], [-43.71908042641979, -22.96682385483626], [-43.72377606471287, -22.96177451318249], [-43.74062101774507, -22.95125594630412], [-43.74579271306254, -22.94572808708079], [-43.748222100269, -22.94582377944312], [-43.75708174442622, -22.93984724305506], [-43.75985665925668, -22.93993082964329], [-43.76054854907557, -22.94113062777546], [-43.76265634591289, -22.9401755981246], [-43.77219360405087, -22.94095699117145], [-43.77387933826014, -22.93927868895958], [-43.77722760866646, -22.9311735975827], [-43.78215252102132, -22.92840303187364], [-43.7859934859099, -22.9288408892948], [-43.78659245507703, -22.92706208334772], [-43.78982950992321, -22.92551457943352], [-43.79462349807523, -22.91918576421085], [-43.79433345412485, -22.91638397763768], [-43.7907028028913, -22.91434103361104], [-43.79206060920905, -22.90857611669367], [-43.79517370510166, -22.907010459964], [-43.794612628869, -22.90344617420078], [-43.79019911509636, -22.90331924208857], [-43.78792107119972, -22.90060921424305], [-43.78417941484742, -22.90389091233499], [-43.78094615963681, -22.89933706385364], [-43.78155724986647, -22.89673760585504], [-43.7801692829853, -22.89468921643339], [-43.77823308129092, -22.89616952570225], [-43.77507168640847, -22.89564128911343], [-43.77454727193833, -22.89267001181082], [-43.77315323103608, -22.89248439713646], [-43.76932787298222, -22.89320982087577], [-43.76880668707821, -22.89486543589038], [-43.76637736911954, -22.89485761898317], [-43.76260006813789, -22.89060665227441], [-43.75705943044761, -22.89067325696448], [-43.75142564277849, -22.8886253405862], [-43.7506421561099, -22.88747734969917], [-43.75219948241943, -22.88045448808339], [-43.74806711380552, -22.87788570865774], [-43.74125508565294, -22.87714595422165], [-43.73436909995326, -22.87832652844577], [-43.72702900698238, -22.87308274077509], [-43.71759094496542, -22.87247729019401], [-43.71148998737226, -22.8667539021701], [-43.70648408657058, -22.86859166227464], [-43.69929444478208, -22.86531431510281], [-43.69261937078659, -22.86425723668134], [-43.69037359996094, -22.86671939518317], [-43.68089672770111, -22.86257603685385], [-43.67762660298462, -22.86413270216173], [-43.67704557619163, -22.86545637740909], [-43.6729831505512, -22.8638134203523], [-43.66987034603892, -22.86523903285433], [-43.66501637400575, -22.86510824085184], [-43.65831621342176, -22.86324631866188], [-43.64968717342356, -22.85721563679141], [-43.64424097983664, -22.85576948737116], [-43.62499958176454, -22.8623449281751]]], [[[-43.66085452831311, -23.0000161920928], [-43.66087558503949, -23.00003271713541], [-43.66087946831209, -23.0000000087926], [-43.66085452831311, -23.0000161920928]]], [[[-43.66092243522149, -22.99995128622209], [-43.66092918463346, -22.99998408269846], [-43.66095441691209, -22.99993841602429], [-43.66092243522149, -22.99995128622209]]], [[[-43.66068982827221, -22.99950419186416], [-43.66069925676453, -22.99998213926352], [-43.66096933576551, -22.99986005719512], [-43.66068982827221, -22.99950419186416]]], [[[-43.66065519088363, -22.99942532222008], [-43.66059867838555, -22.99941834258169], [-43.66059134711224, -22.99944442561895], [-43.66065519088363, -22.99942532222008]]], [[[-43.65990850807049, -22.99837498601602], [-43.66069491483773, -22.99898382794055], [-43.66138268396298, -22.99884233670372], [-43.66130851957178, -22.9984686090383], [-43.65990850807049, -22.99837498601602]]]]}}, {"type": "Feature", "id": "28", "properties": {"id": "28", "unidade": "28", "camada": "AISP", "label": "AISP 28"}, "geometry": {"type": "Polygon", "coordinates": [[[-43.87928369158834, -22.81205541132738], [-43.87970360034018, -22.81729897776484], [-43.88411060481985, -22.81841601398708], [-43.88911755513033, -22.82225025014816], [-43.89175529457043, -22.82997953822434], [-43.89311317373324, -22.82981458187669], [-43.8976176260519, -22.83278653007352], [-43.90522136427381, -22.83060018195204], [-43.9127267733212, -22.8362868191806], [-43.91325936982332, -22.83752697259092], [-43.91108540896374, -22.8410166631877], [-43.91036066691049, -22.84550016489993], [-43.912755128046, -22.84953766313185], [-43.91674982484381, -22.85330733966123], [-43.91783690374939, -22.8573692931576], [-43.92219683681384, -22.86175943894619], [-43.92572420180971, -22.8631682988771], [-43.92656876503577, -22.86921703014104], [-43.93000332719106, -22.87443183805811], [-43.93289699839704, -22.87518640163034], [-43.93464192958066, -22.87733233781637], [-43.93994682978166, -22.87876379591165], [-43.9385868965673, -22.8871895576512], [-43.94511339536615, -22.88612543843749], [-43.95831251570928, -22.88766469107185], [-43.96078402536176, -22.88611262579627], [-43.96392352804764, -22.88644255467938], [-43.96739605778112, -22.88519492520487], [-43.96886739541321, -22.88050704356442], [-43.97440321813326, -22.87676303278698], [-43.97439167893208, -22.87172889687031], [-43.97832555907655, -22.86846060767016], [-43.98177147427339, -22.86096993041718], [-43.99273230794893, -22.85248764898506], [-43.99188989769988, -22.84899680905471], [-43.99584037932931, -22.84709582481167], [-43.99830571783389, -22.84742255660495], [-44.00073197719826, -22.85086660840648], [-44.00207397433371, -22.85623459604898], [-44.01431468537368, -22.86454223003909], [-44.01894527660249, -22.87113030631781], [-44.02600782709879, -22.87338204324595], [-44.03214749241209, -22.87833730412251], [-44.04259328615052, -22.88293365096644], [-44.04609209317482, -22.88236391516176], [-44.05117019964428, -22.87785385736885], [-44.06381295170564, -22.88034202516354], [-44.07192277621442, -22.87856239543743], [-44.0797257025784, -22.87909834371283], [-44.08844856255041, -22.88338037030707], [-44.09376098108368, -22.87849160800056], [-44.09781735968267, -22.87642420241423], [-44.10379177636867, -22.86925847539754], [-44.11125990312132, -22.86461400313294], [-44.11362218201737, -22.85995127193286], [-44.11889329019243, -22.86252614786264], [-44.11976111168525, -22.86830876073992], [-44.12744823234931, -22.87632427244642], [-44.13464321341286, -22.87809647377247], [-44.14242088411578, -22.88246194486209], [-44.14350555373761, -22.88621949763092], [-44.1521473380285, -22.8948203933457], [-44.15605863529703, -22.90243339728266], [-44.16097872908438, -22.90353911823496], [-44.16331649336075, -22.90068100442403], [-44.17039519388237, -22.91266084282285], [-44.17395490209634, -22.91611413785643], [-44.17337209914234, -22.92397058377463], [-44.17650901897531, -22.93026801985246], [-44.18215056239779, -22.92618795131216], [-44.19055933504455, -22.92758057668152], [-44.1925414417334, -22.92890408735298], [-44.20369766661327, -22.92892632219122], [-44.21492878523452, -22.93186387581642], [-44.22508784362833, -22.927717629764], [-44.22587099844708, -22.92553865878131], [-44.23109454057987, -22.92180818100201], [-44.23156614596013, -22.92016530038751], [-44.23547827240361, -22.91728445441328], [-44.23950993673344, -22.91620658816277], [-44.24153291221342, -22.91296665458668], [-44.24050480005576, -22.91016078599068], [-44.2369811978233, -22.90675453269478], [-44.238176252931, -22.90399260587327], [-44.24164821429292, -22.90232634108702], [-44.23680945159418, -22.89722320378706], [-44.23770121663711, -22.88621631762817], [-44.23400783229488, -22.87637643402445], [-44.23131352909536, -22.87337023964409], [-44.23248793936619, -22.87045511421138], [-44.23476367560244, -22.87037072632717], [-44.23762325261026, -22.87202103084513], [-44.24036691240235, -22.86917333478078], [-44.24458718974626, -22.86807063105402], [-44.24795336205727, -22.85716168915985], [-44.25019824435276, -22.85640381967977], [-44.25212471987919, -22.85359833329568], [-44.26083950483854, -22.84758691130617], [-44.26298211173435, -22.84722935165246], [-44.26681016235835, -22.84885364957552], [-44.2720410420597, -22.84562987142067], [-44.27535827056698, -22.84649542662186], [-44.27992459444374, -22.84556172619193], [-44.28198620839606, -22.84200306838613], [-44.28529149660454, -22.84386536469407], [-44.28792963534369, -22.8421910159019], [-44.29170982944436, -22.8424548077424], [-44.29645501408692, -22.84489545625951], [-44.29956503519747, -22.85165561421445], [-44.30200288592374, -22.85410104712486], [-44.30459389029505, -22.85243072999344], [-44.30548770579225, -22.84748705868003], [-44.30990331408594, -22.84660953799903], [-44.3114836432548, -22.84376245617165], [-44.31439978941802, -22.84263586285402], [-44.31800803044553, -22.84508485438175], [-44.31804692702332, -22.84158046166817], [-44.31737182844637, -22.83994165768058], [-44.30812900834633, -22.83254111857701], [-44.30685986798778, -22.8330306951097], [-44.30570688586334, -22.8315426867448], [-44.30132487893928, -22.83100649205517], [-44.29647296635358, -22.82786644078283], [-44.29111868527838, -22.82932395043917], [-44.28560881969054, -22.82823307009932], [-44.28642235720531, -22.83206039317184], [-44.28412966155389, -22.83300335571954], [-44.28331612403917, -22.83614656810886], [-44.27475549456972, -22.8318385187319], [-44.27220394615443, -22.83209737239503], [-44.267630083261, -22.82923345975559], [-44.26946750342182, -22.82740104432196], [-44.26729498867206, -22.82527475292676], [-44.26582507556606, -22.81893286066224], [-44.26366180584694, -22.81778651283651], [-44.26326745942498, -22.81411684721394], [-44.26160022876684, -22.81205939712271], [-44.26126279594052, -22.80624907703253], [-44.25929366556949, -22.80428919169208], [-44.25813345109714, -22.80653104237291], [-44.2547544994199, -22.80631379134763], [-44.25424141640752, -22.80506112836758], [-44.24777934144271, -22.80354036759314], [-44.24633050844545, -22.80395600906178], [-44.2414920011542, -22.79831763934681], [-44.24161680457115, -22.7957525966043], [-44.24009202202848, -22.79264784911817], [-44.24244287413859, -22.78822294273385], [-44.24781512007098, -22.79086130090752], [-44.25068104089661, -22.78829313931618], [-44.25527768002019, -22.78838618767168], [-44.25647457514083, -22.7874804867343], [-44.25656176081588, -22.78498058098825], [-44.25370739897653, -22.78074621036853], [-44.25705413064287, -22.77801984813669], [-44.25440939627589, -22.77392214209243], [-44.25498079043041, -22.77246917131441], [-44.2585260177608, -22.77069073498865], [-44.25705672338836, -22.7662728523095], [-44.25192791763857, -22.76468189765069], [-44.25162268323953, -22.75958200420536], [-44.25042411358123, -22.75755736767758], [-44.24611603182865, -22.75743336735525], [-44.24258971993891, -22.75460088871927], [-44.23872886834187, -22.75571462622827], [-44.24262237072509, -22.75010320829563], [-44.24217341926715, -22.74811149414938], [-44.23506301944207, -22.74513312389377], [-44.23206299531023, -22.74186615220037], [-44.23139622805274, -22.73837645980501], [-44.22947927724613, -22.73553162988003], [-44.2269978570647, -22.73372885340308], [-44.21828233196334, -22.73236133260866], [-44.20930273173497, -22.73701521537913], [-44.20556785627082, -22.73646053062822], [-44.20434351474069, -22.73497816281122], [-44.1989116428573, -22.7352772035793], [-44.20034586456927, -22.72994475714404], [-44.19913360363216, -22.72718630710159], [-44.2025633157437, -22.7255794713148], [-44.20365819357005, -22.71740738314344], [-44.20101019916063, -22.71513291405199], [-44.18518320314161, -22.7120081917239], [-44.18203999165155, -22.70882800101066], [-44.17601242143536, -22.70564781119674], [-44.17381217339238, -22.70209783005004], [-44.17676432031641, -22.69261125590396], [-44.16737561938862, -22.68712946715044], [-44.1669109738616, -22.68548503070883], [-44.16803731896636, -22.68308227692478], [-44.1613165000557, -22.67824831210913], [-44.16548449531246, -22.67363936216606], [-44.16575647008432, -22.6711078947128], [-44.16833969531996, -22.66740921426305], [-44.17140108828886, -22.65941830980637], [-44.17514237861712, -22.65574407742645], [-44.18105760282538, -22.65431243856739], [-44.19007808713326, -22.64857384570564], [-44.19101150067951, -22.64504815704606], [-44.18911256779006, -22.64244682216236], [-44.18611499700876, -22.64140739833198], [-44.18422756375031, -22.63728827583247], [-44.18972963131671, -22.63317393682695], [-44.19115673129738, -22.62992476901212], [-44.19845485290841, -22.63048038186338], [-44.20431910444239, -22.62633361420416], [-44.20455962902292, -22.62507003615247], [-44.20253470201413, -22.62285184663466], [-44.20430237705233, -22.61881325842438], [-44.20389712635057, -22.61596088588539], [-44.20737727424108, -22.61201153020716], [-44.20998522183976, -22.61559720184863], [-44.21485021956124, -22.61419244192689], [-44.21633920908653, -22.61710573094393], [-44.21931537330511, -22.61752648865576], [-44.22098339536666, -22.61665010112051], [-44.2243864452775, -22.61152432698532], [-44.22435176292277, -22.60794544792333], [-44.2263203941701, -22.60454989026442], [-44.22898927623339, -22.60744338070668], [-44.2325896248106, -22.60914446274597], [-44.23804629999603, -22.60753917019576], [-44.24188446979173, -22.60928979858454], [-44.24555748628825, -22.60640951918322], [-44.24818673163162, -22.60647558068274], [-44.24930977622444, -22.60726831777788], [-44.24892662006675, -22.60958046936241], [-44.25333952499835, -22.61246074786447], [-44.26028918899414, -22.60958046936241], [-44.26426608730935, -22.60409736939732], [-44.26787304230635, -22.60214855740924], [-44.26868694674448, -22.59876411627016], [-44.27199527556081, -22.60205607112999], [-44.2743933070048, -22.60167621728283], [-44.28328517656894, -22.60437152412578], [-44.28331160224792, -22.60805775256244], [-44.28564192013778, -22.6097208418426], [-44.29069727196082, -22.60570596515737], [-44.29056514896172, -22.60466219400428], [-44.29522908705201, -22.60169603564276], [-44.29538102841099, -22.59845241934289], [-44.29910689356757, -22.59957215982655], [-44.30419032222488, -22.59908660775994], [-44.31321431568739, -22.59575711160062], [-44.31470730359842, -22.59760683178911], [-44.31694018084391, -22.59726991877096], [-44.32004506862427, -22.59545983530239], [-44.32477277943951, -22.58940399309904], [-44.32747037505703, -22.58817325828846], [-44.33361408911821, -22.59109317440971], [-44.34210564975518, -22.58915646010178], [-44.34188800572616, -22.58681341230835], [-44.34431128473727, -22.58530457834286], [-44.34384022164818, -22.58328439615718], [-44.34697737260694, -22.57551196040788], [-44.34644758109027, -22.57341370357881], [-44.34335111725954, -22.57217314997013], [-44.34133019403248, -22.57356310615165], [-44.33784807033146, -22.57303550088687], [-44.33503856937375, -22.57108420317269], [-44.32827418100794, -22.57326232159807], [-44.32986228211792, -22.56908668839918], [-44.32666707092784, -22.56897259320982], [-44.32753652558944, -22.56669052035045], [-44.32373170355453, -22.56259891260896], [-44.32681532056984, -22.55638205218918], [-44.32573917382308, -22.55280625420448], [-44.32090115666233, -22.55050684781202], [-44.3220354086065, -22.54893253420829], [-44.32057229617379, -22.5452564672114], [-44.32096550765135, -22.53912968558575], [-44.32308702004923, -22.53804149601746], [-44.32566575407054, -22.53449345111113], [-44.32388258641151, -22.52771741382679], [-44.32466900936657, -22.52466316866952], [-44.32796101099115, -22.52160892261293], [-44.32854625560446, -22.51963372181802], [-44.32695850972669, -22.51853898068862], [-44.32433980893433, -22.51890216560167], [-44.32520843262233, -22.5139194798993], [-44.32040769685699, -22.51229987373938], [-44.31903602928861, -22.50738016126468], [-44.32130385239014, -22.50361264940346], [-44.32172449678734, -22.49964395830125], [-44.32895432388221, -22.49677192658237], [-44.33170108993261, -22.49368177689172], [-44.32948489421176, -22.4912956884445], [-44.32928611166398, -22.48855804511692], [-44.33064554575458, -22.48446113497261], [-44.33412424483731, -22.48053726877913], [-44.33158092701746, -22.47776306980904], [-44.33182700671028, -22.47524075655491], [-44.33293436442864, -22.47388732004299], [-44.33709720657009, -22.47415390517779], [-44.33929141386693, -22.47282097590653], [-44.33389817416065, -22.46750976336409], [-44.32678237930264, -22.46828901512515], [-44.32339878892225, -22.46705861756038], [-44.31921544043951, -22.4696014371558], [-44.31351460111722, -22.46269070930799], [-44.31394523968032, -22.46010687613068], [-44.31245851015137, -22.45842533276215], [-44.31086924801667, -22.45273474840911], [-44.30769072284784, -22.45295006769072], [-44.30108573841534, -22.44910951379228], [-44.29958589856966, -22.45055126013176], [-44.29388318595954, -22.45150045767923], [-44.28861142307801, -22.45647587955744], [-44.28524248535172, -22.46199719261557], [-44.27981878290979, -22.46424982976504], [-44.27274934360662, -22.46988923999567], [-44.26812887334808, -22.4701378458841], [-44.26544997913248, -22.47377287591672], [-44.25978829359417, -22.47419399425667], [-44.25861852382508, -22.47601883470071], [-44.25868481015516, -22.48016761863994], [-44.25534706721265, -22.48083828715647], [-44.25435574991718, -22.48432131917275], [-44.2528164649072, -22.48504165904455], [-44.24255368410451, -22.48632840722945], [-44.24021414456638, -22.48561094698687], [-44.23912236040786, -22.48352095942397], [-44.23451299497799, -22.48428890490828], [-44.23369731527816, -22.47911715113486], [-44.23090318013692, -22.47694779120684], [-44.22525416694555, -22.47745975995917], [-44.22312819391027, -22.47985473280892], [-44.2217050941141, -22.4797506039065], [-44.2232236461536, -22.47509081888541], [-44.22528019872146, -22.47446604277286], [-44.222924274435, -22.47435323721135], [-44.22160530444052, -22.47307765410966], [-44.22355772720664, -22.47155476194195], [-44.22284772144445, -22.47010601887689], [-44.21977002466616, -22.46922053110188], [-44.21832074380654, -22.46748892517297], [-44.21950102395238, -22.46675613778478], [-44.21754426195741, -22.46341966198702], [-44.22242965990017, -22.463814485949], [-44.22381025234057, -22.46033953164329], [-44.2230579478653, -22.45866091107143], [-44.22558121709875, -22.45872809942148], [-44.22495039934074, -22.45572705096185], [-44.22601420379175, -22.45484241394547], [-44.22486075671782, -22.45418769940204], [-44.22334536129864, -22.45496185920166], [-44.22230021957876, -22.45351359187799], [-44.22048615481145, -22.45433850671594], [-44.21954179561664, -22.45210638490096], [-44.22233008156729, -22.44905681262105], [-44.22099379512679, -22.44631705139005], [-44.22378581416325, -22.44367060471387], [-44.21984040740813, -22.44205063612719], [-44.22090039783438, -22.44011710811725], [-44.22027339410113, -22.43799325118681], [-44.22225169665774, -22.43679880312152], [-44.22202027231697, -22.4340590409912], [-44.22076237078608, -22.43456294912005], [-44.22057200589262, -22.43347301576631], [-44.21847425897914, -22.43323786013838], [-44.21719396073195, -22.43167388064433], [-44.21867208914489, -22.42957240064499], [-44.21761201777969, -22.42707899429939], [-44.21593878684479, -22.42621484204057], [-44.21666765768555, -22.42286856902848], [-44.21460723713358, -22.42150242059944], [-44.21260653876004, -22.42162933112797], [-44.21142702303797, -22.41956144530366], [-44.2128454283731, -22.41784069419191], [-44.21094924471117, -22.41644841775951], [-44.21216981988056, -22.41633270558913], [-44.21419664625751, -22.41227158666362], [-44.21301339655031, -22.41073746915811], [-44.21361062103261, -22.40956168562252], [-44.21093058108073, -22.40948703289945], [-44.21216235460827, -22.40676966658606], [-44.21169904187656, -22.40364592721699], [-44.20868726090765, -22.40280186401407], [-44.20932927612449, -22.40104005615291], [-44.2067014930787, -22.40058467184434], [-44.20623864529654, -22.39945741302841], [-44.20795939460965, -22.39724022175807], [-44.20663057344149, -22.39441834073307], [-44.20463734034024, -22.39356729789171], [-44.20658204872183, -22.39136503716594], [-44.20460374616522, -22.38870365994518], [-44.20630210056078, -22.38896867756165], [-44.20808630513812, -22.38727032406541], [-44.20260473941647, -22.38374452299058], [-44.19190901688688, -22.38290686116193], [-44.19149469382432, -22.38165642400401], [-44.18960970762117, -22.38203342160438], [-44.18984486414843, -22.38077552007343], [-44.18792771908824, -22.38025027193174], [-44.18588079376292, -22.38132421893675], [-44.18414511390517, -22.38076805480114], [-44.18096489891025, -22.37772968087927], [-44.17777722044161, -22.37766995870084], [-44.17483611359506, -22.37574105860222], [-44.17046123289884, -22.3750421756551], [-44.16644991033439, -22.3767429501263], [-44.16117010931237, -22.37453582137027], [-44.15800222941863, -22.37611759664901], [-44.1551231479142, -22.37377594909998], [-44.15795029626844, -22.36323185406604], [-44.1591683398463, -22.36047715419653], [-44.16087149842019, -22.35963553085429], [-44.16002211572732, -22.35612199113621], [-44.16173344014544, -22.35210513504319], [-44.16168616458413, -22.34919926903029], [-44.16391062867183, -22.34565873885896], [-44.16322987425855, -22.34358840418071], [-44.1646545460697, -22.34263394290139], [-44.1650966860625, -22.33940211401557], [-44.1684325098517, -22.33256929173865], [-44.16205817814171, -22.33141053866467], [-44.15658374494313, -22.32759067097192], [-44.15348876769173, -22.33072073887024], [-44.1480623843708, -22.33146836237427], [-44.14047651297994, -22.33874522311277], [-44.13377808988622, -22.33705588532007], [-44.1239288956013, -22.33893882016963], [-44.12086668335002, -22.33349298271423], [-44.11728708842764, -22.32987992581712], [-44.10402550836977, -22.32867699174898], [-44.09619532715192, -22.3298839898535], [-44.08318196807267, -22.32208352583325], [-44.07214686208727, -22.3189052578706], [-44.06765047398943, -22.31580973023409], [-44.06459131493648, -22.31654562118268], [-44.05339371494728, -22.31359595099156], [-44.04748098995498, -22.30733012428504], [-44.04123274139715, -22.30413952301978], [-44.03367644331246, -22.30274278415141], [-44.02480606844455, -22.29639882614413], [-44.02273265808498, -22.3043023812491], [-44.02619782866611, -22.30776397522652], [-44.03486925641033, -22.31177589404149], [-44.0371713616683, -22.31437074301459], [-44.04464231229213, -22.31866503186495], [-44.05348937583329, -22.32762944614126], [-44.05986800270546, -22.33064474615736], [-44.06392428237899, -22.33570630869843], [-44.06625470638886, -22.34350356843419], [-44.06923166560813, -22.34824958674824], [-44.06912161556937, -22.35291394302328], [-44.07626053559449, -22.35668905235713], [-44.08070853656898, -22.36867925094589], [-44.08369865556779, -22.37205373119394], [-44.08503408855159, -22.37504116931376], [-44.08508714315639, -22.38269095462306], [-44.00253590570674, -22.40801905783246], [-44.02792391815359, -22.42647419212949], [-44.03692634317548, -22.42961244385845], [-44.03833746130408, -22.43299521225845], [-44.04367147166033, -22.43516977926112], [-44.04758999678018, -22.44054932678921], [-44.04928077528683, -22.44117132219799], [-44.04985020891928, -22.44529752326133], [-44.05239075682721, -22.44511355164832], [-44.05614025436853, -22.44710218831455], [-44.05780475108764, -22.45164013228549], [-44.06151920744475, -22.45186790537878], [-44.06292904943535, -22.45403359967014], [-44.06818340324071, -22.45610591735345], [-44.07134862743646, -22.45987644104417], [-44.06925355240878, -22.46211847428737], [-44.06342667759839, -22.46128375414116], [-44.06359565841217, -22.4623903420399], [-44.06075106770686, -22.4631850441537], [-44.05661415841593, -22.46795326133315], [-44.05685925335115, -22.47030023196936], [-44.0545642707238, -22.47336020940537], [-44.05620566565824, -22.47510558395476], [-44.05700036867137, -22.47871516767009], [-44.04696988275316, -22.48622855909997], [-44.04316278363484, -22.48717662979686], [-44.03896799667496, -22.4931478592855], [-44.03484130907844, -22.4958362080738], [-44.03090451872782, -22.49736839743281], [-44.0285121197378, -22.49608701820057], [-44.02770357795703, -22.49388654982363], [-44.02882868109805, -22.48758187060605], [-44.02815530472282, -22.48632321634261], [-44.02231149208097, -22.48415348319594], [-44.01807328135612, -22.4854191611646], [-44.0056946601797, -22.4982519651553], [-44.00249934916491, -22.50517994020129], [-44.00190877426979, -22.51117388566553], [-43.99684253525407, -22.5154571002642], [-43.99247767030749, -22.51745164457697], [-43.9826704797581, -22.51494921982987], [-43.97692193319995, -22.51637139512303], [-43.96328288699493, -22.51666354078901], [-43.95814569416774, -22.51872491821962], [-43.95231324266126, -22.51933897261472], [-43.94561427907502, -22.51755897416655], [-43.94359100591947, -22.51526526407991], [-43.91321275706235, -22.52053767627194], [-43.95650559065973, -22.56302122794654], [-43.98297437866393, -22.54830442610762], [-43.98444614437335, -22.55220066872511], [-43.98919865039665, -22.55622022458294], [-43.99267153536232, -22.56138134117521], [-43.99353451490521, -22.57012957282075], [-43.99639419083849, -22.57852472523513], [-43.99553700113097, -22.58174270006481], [-44.01038761759372, -22.5859493805587], [-44.01510146895691, -22.58632488438514], [-44.02280954742196, -22.58090979475043], [-44.03862972657987, -22.58221011640296], [-44.05536298831055, -22.5858316494103], [-44.06765595985394, -22.5920657903032], [-44.08840974960953, -22.64527980801597], [-44.08873293807392, -22.64869250495434], [-44.08033772360631, -22.64721313457773], [-44.08053862495683, -22.64861042922718], [-44.08523157697499, -22.65314190257595], [-44.08538297964009, -22.65834630263896], [-44.08333483573335, -22.66087220598672], [-44.08520363683766, -22.66575817499898], [-44.08447756738508, -22.67237524991708], [-44.07922456616006, -22.68169597199073], [-44.07636953972172, -22.68305527028372], [-44.07584333829868, -22.68117069507076], [-44.07789589338006, -22.67736573004362], [-44.07886464218876, -22.67153566713654], [-44.07445467444296, -22.66941500459802], [-44.07567660219269, -22.66387124895817], [-44.07158981481734, -22.66146658771208], [-44.0709199727778, -22.6553852569233], [-44.06922657544538, -22.65521897137768], [-44.06809246829204, -22.65281737681971], [-44.06403058494283, -22.64953854216924], [-44.06095614191167, -22.64811704856214], [-44.05684021470341, -22.64826676769638], [-44.04848417200623, -22.63983424035712], [-44.04295288456723, -22.64174989793867], [-44.02870163027529, -22.64034809588713], [-44.02481532876368, -22.64110799693572], [-44.02548138915404, -22.64307165313352], [-44.0241466540441, -22.64384547478807], [-44.01786337419463, -22.6405730747868], [-44.01290003290944, -22.64885599720571], [-44.00973285088963, -22.6489637629665], [-44.00925696383706, -22.65187288722319], [-44.01781675423911, -22.66325713071126], [-44.01890016211206, -22.66564679396362], [-44.01669976837888, -22.66998735742982], [-44.02050766159857, -22.67300947160908], [-44.02089681803301, -22.67567803531233], [-44.01097595767357, -22.68490411812979], [-44.00309445394515, -22.68677640680494], [-43.99317751462985, -22.68381430078858], [-43.99186622574501, -22.67988276697537], [-43.98933726919887, -22.67845878494421], [-43.98820164578859, -22.67624269983997], [-43.97986562739607, -22.66850894842844], [-43.97522737394343, -22.66646217868583], [-43.97069555255695, -22.66203756727913], [-43.96728268564669, -22.66309490290666], [-43.96473035841859, -22.66173000813262], [-43.96073207422512, -22.66318868241098], [-43.96158838439567, -22.66507214516258], [-43.95784291491788, -22.68006413235304], [-43.9579808259536, -22.68533436728643], [-43.95711491641953, -22.68586133762983], [-43.95436779243892, -22.68447605882227], [-43.94903181166802, -22.68832482532963], [-43.94581471727463, -22.69400486423234], [-43.9425390374459, -22.69568629518562], [-43.9469497669175, -22.70292802031111], [-43.94606282763664, -22.70795674770494], [-43.94331211176382, -22.71112501520651], [-43.93902960762955, -22.71059262105183], [-43.93714073455652, -22.71146673420162], [-43.93136714457734, -22.70894587605056], [-43.92742055161642, -22.70071355668455], [-43.92203077430008, -22.69906503372357], [-43.91978072360081, -22.69913844718081], [-43.91586973929628, -22.70638122181515], [-43.91334281791598, -22.70718848026337], [-43.91420081791267, -22.70995027218652], [-43.91211405711732, -22.7137585314303], [-43.90950421284839, -22.71105901486089], [-43.9035065477882, -22.70879042373826], [-43.89447838956528, -22.70937120501634], [-43.89097371716258, -22.70322059315509], [-43.88906304901974, -22.70188652264414], [-43.88175522642183, -22.70195337824504], [-43.88122793412111, -22.70427306704761], [-43.88306159061921, -22.7062365676627], [-43.88411612216061, -22.70978591119007], [-43.87994613940208, -22.71404563639624], [-43.88117176426476, -22.7180353221716], [-43.88066950908984, -22.72819517376746], [-43.88300701076423, -22.72892196717424], [-43.88506208574591, -22.72818409411985], [-43.88528108775125, -22.73206533424701], [-43.89077614780024, -22.73505280833967], [-43.89258769986174, -22.73511156014962], [-43.89461831598175, -22.73311350578291], [-43.89869666321971, -22.73445892483875], [-43.89938987863928, -22.73825288126466], [-43.89866747122608, -22.74404051325831], [-43.90364650658029, -22.74454896386283], [-43.90242254006745, -22.74917985816313], [-43.90762029593918, -22.74858446110323], [-43.9055933733348, -22.75314739993178], [-43.9005080129337, -22.75291006524657], [-43.89577531178048, -22.75537339916229], [-43.89111900713573, -22.75502144858024], [-43.88619887557689, -22.75622222067818], [-43.88609351909992, -22.75855671771757], [-43.88983930513911, -22.75923774282677], [-43.88672605905964, -22.76355271608423], [-43.89178138839964, -22.76604944902209], [-43.89055505397181, -22.77058170298244], [-43.89186249285905, -22.77138793440486], [-43.88913908939674, -22.77426332689026], [-43.89459230938684, -22.77549698989338], [-43.89592236892145, -22.7774300943226], [-43.8951422277309, -22.78017529015676], [-43.89119784170629, -22.78176127426264], [-43.89228244657693, -22.78449991583767], [-43.89167546355105, -22.78976765515239], [-43.88489673639452, -22.79545433914564], [-43.88386351698699, -22.80080153536181], [-43.88547589439628, -22.80470860671608], [-43.87928369158834, -22.81205541132738]]]}}, {"type": "Feature", "id": "29", "properties": {"id": "29", "unidade": "29", "camada": "AISP", "label": "AISP 29"}, "geometry": {"type": "Polygon", "coordinates": [[[-41.57110049958766, -21.35754099202239], [-41.55171916340794, -21.42996078116437], [-41.44987318459903, -21.39784785519356], [-41.44793928157185, -21.40172396109114], [-41.4486530815737, -21.40519336657985], [-41.4470096793525, -21.40707746964875], [-41.44271027156105, -21.41089547574484], [-41.43998786814484, -21.4103227748754], [-41.43877606676136, -21.41160097680284], [-41.43668446311676, -21.41038087467683], [-41.43432725909497, -21.41066307563966], [-41.43207795573232, -21.41405778074119], [-41.43069185314579, -21.41419058092981], [-41.42899865096621, -21.42036579104763], [-41.42790304918566, -21.42025789128786], [-41.42645884679763, -21.42371899603404], [-41.42573674515393, -21.42305499509115], [-41.42435064256739, -21.4246568980966], [-41.42495654370879, -21.4269394017312], [-41.42259103984389, -21.42884840522896], [-41.42208474041769, -21.43108940784913], [-41.41618342962084, -21.43484101519994], [-41.41477242840409, -21.43786222016456], [-41.41364362455289, -21.43748041928512], [-41.41229072313763, -21.44342322929782], [-41.41354402643492, -21.44387142892253], [-41.41348592573416, -21.44680963365687], [-41.41139432208956, -21.44930793771039], [-41.41324522488651, -21.4512916406959], [-41.41186742304239, -21.45329194516637], [-41.41304602505329, -21.45425474585903], [-41.41185765820364, -21.45730671033562], [-41.41284682432075, -21.45923475427969], [-41.41113702155559, -21.45983235467867], [-41.41319542492818, -21.46213145799959], [-41.41270572428903, -21.46504476410382], [-41.40851421715666, -21.46755966694428], [-41.40575861256917, -21.46677946639846], [-41.39999840360269, -21.47200017476746], [-41.39841310118294, -21.47208317409843], [-41.39497689596624, -21.47901368613191], [-41.39024173786515, -21.47884353619946], [-41.39064428880215, -21.4823087922162], [-41.38885978564986, -21.48514739613466], [-41.38685118223555, -21.48526359573759], [-41.38569748065345, -21.4884342005771], [-41.38255177534342, -21.4893887032253], [-41.38245217542681, -21.49279170817005], [-41.37493236283751, -21.50017041982824], [-41.37299845981033, -21.50577292907661], [-41.3731063595701, -21.5179075488935], [-41.36454063723988, -21.53188152870882], [-41.36362774532347, -21.53703908038847], [-41.36008363944768, -21.54391149082187], [-41.36510514708414, -21.5570172120739], [-41.37900766856831, -21.56057791763601], [-41.38101627288194, -21.56325882183637], [-41.38645278166979, -21.56642942667594], [-41.38711678261268, -21.56916843157705], [-41.3957487966689, -21.57978414861878], [-41.40076634818769, -21.5821945277545], [-41.40048139080278, -21.59145918609181], [-41.40247029366839, -21.59547513386957], [-41.40147856718141, -21.59732236113729], [-41.40264466321992, -21.60205758398951], [-41.40548482296549, -21.60556509285396], [-41.40927615427034, -21.60898877321256], [-41.42534539617236, -21.61117384069939], [-41.42762312710488, -21.6138955021749], [-41.42754852924048, -21.61596457060767], [-41.49088984488969, -21.67401204322044], [-41.4934542832878, -21.67080591875737], [-41.49542204938734, -21.66481910401768], [-41.50790139463294, -21.65245734602894], [-41.5126486603067, -21.64250585296196], [-41.52030571573545, -21.63686653626087], [-41.52965061338438, -21.62554770226387], [-41.53868654534705, -21.62110012037346], [-41.54283083177671, -21.61717284215217], [-41.54857538444571, -21.61504710383997], [-41.5419498567997, -21.56145645724894], [-41.54864268790897, -21.56468275440483], [-41.56069959460984, -21.56569919156368], [-41.568368756712, -21.5682942707632], [-41.58009257701008, -21.57553553543585], [-41.58761802205333, -21.57666525209891], [-41.59045220310594, -21.58063010309598], [-41.59383765957961, -21.58259051543916], [-41.60488935356011, -21.58729750767304], [-41.61234018365184, -21.5876280768735], [-41.62118583615666, -21.59431708406538], [-41.62705494313036, -21.59524697496715], [-41.68232297822215, -21.51610099706261], [-41.74292148034129, -21.4642544299972], [-41.70991418399166, -21.45630586472311], [-41.77786554585754, -21.40190380121868], [-41.77987239199655, -21.39939912277055], [-41.78041911864665, -21.3953826183124], [-41.77948405304585, -21.39056703114278], [-41.7772866495585, -21.38757482301889], [-41.81394120672059, -21.32716961128773], [-41.81796036327938, -21.32756116891204], [-41.81924983641011, -21.32907777032204], [-41.82505971583248, -21.33119558560702], [-41.82634023621222, -21.33450987333123], [-41.829928693054, -21.33834126943327], [-41.83428699115098, -21.33806896461027], [-41.83884413564761, -21.33957545943912], [-41.84429892855195, -21.34322305569867], [-41.85466232190788, -21.34462221284406], [-41.85795850897728, -21.34737379476405], [-41.85930083256665, -21.35146852495171], [-41.86515128580248, -21.35671182698843], [-41.8640779089676, -21.36085468619405], [-41.86633764986192, -21.36460209011358], [-41.87430323660436, -21.36750208984881], [-41.8772973935591, -21.37172027267167], [-41.8822123297345, -21.37275598769787], [-41.88407661624211, -21.37767092387327], [-41.88725908493808, -21.3770494950374], [-41.89044155273473, -21.37964819760543], [-41.89260513901525, -21.3795048249869], [-41.8943071095847, -21.38170750569606], [-41.89976821572986, -21.38187753242141], [-41.90097977519571, -21.38814155059129], [-41.89780050628758, -21.39402749467234], [-41.90097977519571, -21.39550542613375], [-41.90433948857583, -21.40149448108468], [-41.91593093226595, -21.41017302606355], [-41.91895553397001, -21.41411703797013], [-41.9223238403722, -21.41488178096864], [-41.93580565900322, -21.42247765641793], [-41.9391825584276, -21.42308773311163], [-41.94252793481559, -21.42750903231519], [-41.95138407701279, -21.43271146466157], [-41.95306823111326, -21.43430109911566], [-41.95196837643869, -21.44368424043455], [-41.95539683039868, -21.44297105197171], [-41.95778557814117, -21.44466379909426], [-41.96187566512913, -21.4556709433586], [-41.96743508965693, -21.4602937716395], [-41.97294295785048, -21.46753735026772], [-41.97012041132717, -21.4706832642205], [-41.98517754540666, -21.48208565332948], [-41.9889595993053, -21.48288376657177], [-41.99184671984949, -21.48582244165158], [-41.99731635066831, -21.48834351743858], [-42.00187596110601, -21.48400413388288], [-42.00520446171578, -21.48251217929288], [-42.00510289318322, -21.47944758114016], [-42.00720171838384, -21.47570154508946], [-42.0039588314342, -21.4706394168748], [-42.00273245833557, -21.4663383165593], [-41.99519196133923, -21.46561326963592], [-41.99354610306949, -21.46401091427151], [-41.99440165870885, -21.45970413113997], [-41.99341559435345, -21.45662992822781], [-41.99823726723537, -21.45289181700298], [-41.99773738537129, -21.44459109610142], [-42.00271571565702, -21.43590388885264], [-42.00174881585446, -21.43391404799416], [-42.00537888342797, -21.4335951600878], [-42.00707071594007, -21.43025267681878], [-42.00965855379849, -21.42865273073818], [-42.01269969043761, -21.4301636942983], [-42.01689175425031, -21.43047214197497], [-42.02169254127705, -21.43340747967068], [-42.02277784402156, -21.43604246808468], [-42.02486577483489, -21.43644568811726], [-42.02877546771293, -21.43656161972217], [-42.03218758818593, -21.43414375912641], [-42.0361307340454, -21.43355624192623], [-42.04835561611804, -21.43814339769887], [-42.05786784432485, -21.4333608012592], [-42.05720082435784, -21.42979386159664], [-42.0536243392911, -21.42639068578075], [-42.05225361601083, -21.41873354131911], [-42.04645561303539, -21.41599209385924], [-42.04138236020702, -21.40078809239577], [-42.03878271155219, -21.39719585120679], [-42.03574191215881, -21.39615599210458], [-42.03320806869669, -21.39229952110526], [-42.02925066858273, -21.38936539569568], [-42.03240175813391, -21.38441818734867], [-42.0285375952331, -21.37950241570314], [-42.0278133765853, -21.37693661573144], [-42.03922497924867, -21.3656491662752], [-42.03777654375176, -21.3571758187083], [-42.0336144471483, -21.3483212970894], [-42.03378619157877, -21.34265861959886], [-42.03948362786639, -21.34579525614538], [-42.04479110912166, -21.34719196083955], [-42.04611310713346, -21.34836431076354], [-42.04706759898977, -21.35248306274235], [-42.05022274178538, -21.35420652710877], [-42.05399902023788, -21.35312020003641], [-42.05800290900629, -21.35475486264602], [-42.06143777063585, -21.3541237589036], [-42.06569451638808, -21.35500806317083], [-42.07279457940558, -21.35259212982214], [-42.07337701633548, -21.3555411560987], [-42.07937191867836, -21.35486595320043], [-42.08140548637334, -21.35303743183124], [-42.08981675823605, -21.35196145235835], [-42.09705893482123, -21.3476368383686], [-42.09638644697623, -21.34560902813337], [-42.09294977411207, -21.34477419017594], [-42.09890051704451, -21.33809785623032], [-42.10871936460626, -21.33915829721684], [-42.11494310394033, -21.33648445809047], [-42.11867775457398, -21.33323779308893], [-42.12029079208565, -21.33136260769743], [-42.12229418213008, -21.32461615181319], [-42.12662567323548, -21.32421819821053], [-42.12596210666516, -21.31974544699403], [-42.13148370570769, -21.31754358196997], [-42.12924796592017, -21.31081700739821], [-42.13101913662314, -21.30800055558041], [-42.13852967270549, -21.31105896909537], [-42.14296243826516, -21.30914262173383], [-42.14259465421918, -21.30634552692374], [-42.14404643339543, -21.30590999425004], [-42.14927283717094, -21.30753598559647], [-42.15270871413509, -21.31115575503327], [-42.15961918207887, -21.31300435376716], [-42.15959444982326, -21.31754534913779], [-42.16292923939216, -21.31860822009253], [-42.16621993699977, -21.31510459360135], [-42.17318847596664, -21.31375927796751], [-42.17645620938583, -21.31551659911099], [-42.17977955238371, -21.31367217233213], [-42.18630287927374, -21.31538527111258], [-42.19070660842249, -21.31382702929318], [-42.19817843138878, -21.31579176917404], [-42.19976113566713, -21.32043451114299], [-42.20415008176013, -21.32605100664784], [-42.22211930875835, -21.33366657005541], [-42.22418565764127, -21.33780294964561], [-42.22674860766136, -21.33469818777036], [-42.22899618072842, -21.3283447131372], [-42.23693802357019, -21.32448993825926], [-42.23792369132457, -21.31944231610925], [-42.23773921968848, -21.31796264895632], [-42.23460255706163, -21.31576960628155], [-42.23344737969211, -21.31178298899295], [-42.23028319870991, -21.31037668583463], [-42.22925358378512, -21.30819189533895], [-42.22957690804714, -21.29705762021223], [-42.2276840500781, -21.29174317730502], [-42.22877644577562, -21.28741126171957], [-42.22843742744459, -21.28163537667052], [-42.21963547839385, -21.27219305906164], [-42.21195104040743, -21.27201727217857], [-42.20981647255144, -21.26958135409546], [-42.208751929757, -21.26595120468357], [-42.19972122915067, -21.25637215415082], [-42.1929659554138, -21.25340887361983], [-42.18967621018822, -21.25049581932581], [-42.19498781033843, -21.23911536378222], [-42.19447270744877, -21.2374624071636], [-42.18909862240275, -21.23329372392544], [-42.18804389480914, -21.2303806687321], [-42.19145920158013, -21.22360028142708], [-42.19442248211112, -21.22292224206706], [-42.19683310676174, -21.22586877722154], [-42.19855223189927, -21.22582555580397], [-42.20288541013286, -21.22043610134421], [-42.20082618118261, -21.21602884775234], [-42.20315166341777, -21.21327966522358], [-42.20127038242146, -21.20625198414098], [-42.196305923279, -21.20403760684928], [-42.19438481310789, -21.20172725300955], [-42.19988446059864, -21.1937540202311], [-42.20267195334725, -21.19197102793981], [-42.20347555515201, -21.18784001460421], [-42.20594914043977, -21.18714941890977], [-42.20802572270821, -21.17821457973827], [-42.20429421160787, -21.17497089778794], [-42.20031137416987, -21.17329985040698], [-42.1999786331067, -21.1679006526922], [-42.19393906503507, -21.16422166379795], [-42.195916678711, -21.15783052106093], [-42.1927901667321, -21.15598474889629], [-42.19152198235287, -21.14710746363778], [-42.18177831541618, -21.14339080663962], [-42.17983209257631, -21.14069120913121], [-42.17775054694943, -21.13366609111642], [-42.17213641036631, -21.13092968705462], [-42.17059895098009, -21.12863427724932], [-42.17276967517961, -21.12412168966347], [-42.17014491025867, -21.12211451617122], [-42.17087339888752, -21.11948572228749], [-42.16887645608284, -21.11684319665545], [-42.17061165929988, -21.11460178484373], [-42.16397822121718, -21.10104997917244], [-42.16049543111853, -21.10018467128475], [-42.15125401396085, -21.10408967239971], [-42.14864230899462, -21.10312283914692], [-42.14016682463853, -21.10346185837727], [-42.13529499027084, -21.09100603400049], [-42.13135232105202, -21.08707592111608], [-42.13147788439613, -21.08501669216582], [-42.13376312556704, -21.081852512083], [-42.1332608739894, -21.0806973338141], [-42.13117653326964, -21.0792910315551], [-42.12005167494414, -21.07720668993602], [-42.11841935956505, -21.07359048271383], [-42.12012933140278, -21.07045515018427], [-42.12012701205123, -21.06794016010952], [-42.11623456727074, -21.06475086735787], [-42.1142004509893, -21.06470064112091], [-42.11090587280705, -21.05900562221092], [-42.10463257093568, -21.05508253572964], [-42.10423077003327, -21.05169234342611], [-42.10145583361907, -21.04870395022635], [-42.10355273157256, -21.0453890941306], [-42.10018765013922, -21.0428276136027], [-42.09851211963786, -21.03974039300397], [-42.1010163646128, -21.03416378512981], [-42.09522792233003, -21.03687593987195], [-42.09328170038941, -21.03948764483818], [-42.09265388636703, -21.03528129439542], [-42.08933903027128, -21.03490460616189], [-42.08212387111899, -21.03638435785103], [-42.07987159999362, -21.03509295027868], [-42.08002227510718, -21.03020855867726], [-42.08425373911803, -21.02896548786617], [-42.08476070404254, -21.02297978738648], [-42.09394718341503, -21.02026399128937], [-42.09908994844164, -21.01738374696157], [-42.10198319786554, -21.01404863543542], [-42.10765459518268, -21.01440518604971], [-42.11397443876859, -21.01214008159872], [-42.1157328912592, -21.00991307063094], [-42.11559548744106, -21.00395005914714], [-42.11702561274109, -21.00159281195795], [-42.12003911860972, -21.00011117169242], [-42.12312796158545, -21.00051297169551], [-42.12646793034997, -21.00380271602177], [-42.1269450692588, -21.00083943639009], [-42.128878734865, -20.99890576898525], [-42.14131460418491, -20.99263078987826], [-42.13952438674033, -20.98963299156856], [-42.14014960082267, -20.98773216470687], [-42.14713961739869, -20.98378799901616], [-42.15011528609085, -20.980700040074], [-42.1512101081592, -20.97758400879417], [-42.15090131244489, -20.97401882011167], [-42.14691730319026, -20.9674919498928], [-42.13798802992289, -20.96003878875831], [-42.12681881343678, -20.9560465929751], [-42.12468173467357, -20.95622094903678], [-42.12103232897806, -20.96045987382337], [-42.11524942472045, -20.95900011226462], [-42.11426689200272, -20.95024153841547], [-42.11112278838522, -20.95018539284081], [-42.10604169256931, -20.9447955022099], [-42.1012413201301, -20.94350417287848], [-42.09791940255764, -20.93766869964998], [-42.09374600237538, -20.93561584239643], [-42.08961832822251, -20.93886611727669], [-42.08702267435621, -20.93957404380632], [-42.07401113820271, -20.93645801342581], [-42.06884582537378, -20.93881608978995], [-42.06581401110697, -20.93898452381592], [-42.05705863794503, -20.93696816464831], [-42.05196797334258, -20.93433388400075], [-42.04773541665543, -20.93471752669171], [-42.03760570673722, -20.92697457341706], [-42.02791521941111, -20.92789635063531], [-42.02301088534335, -20.92511919919093], [-42.01719659204838, -20.92905448317708], [-42.00830970472833, -20.92897175813937], [-42.00389164038614, -20.93188126190995], [-42.00214088159566, -20.93095712666928], [-41.99987188937547, -20.9266791299371], [-41.99862775826369, -20.92646487994949], [-41.993253995175, -20.93046078543614], [-41.98941545665724, -20.9296718803522], [-41.98647065269773, -20.93254069519617], [-41.97610360359772, -20.93578230600787], [-41.97769012459884, -20.92930265289436], [-41.97717014738367, -20.92618278870395], [-41.97977003435886, -20.92287384115406], [-41.97770453893258, -20.92029348655439], [-41.97465298364756, -20.92012032389306], [-41.97292760372522, -20.91652775265288], [-41.96955956801889, -20.91801677905033], [-41.96664060427975, -20.91694137064695], [-41.96451342255568, -20.9110207190302], [-41.96499794939513, -20.90856264434979], [-41.96367436857651, -20.90653000475515], [-41.96405903469594, -20.90280320969958], [-41.96584881956665, -20.89979393424187], [-41.96745615087991, -20.89948427427908], [-41.96726117875966, -20.89856258699302], [-41.96476199157195, -20.89700281093019], [-41.96384030518522, -20.89251845396268], [-41.95981679141107, -20.89016106468063], [-41.960423660223, -20.88330874779967], [-41.95303333471986, -20.87845000486305], [-41.94970676135722, -20.87296185970126], [-41.95001555707159, -20.87082836113916], [-41.95432772984014, -20.86525755928812], [-41.95031031616742, -20.86178906391336], [-41.95000151955372, -20.85822387523086], [-41.93793040896048, -20.85648338939615], [-41.93597938104284, -20.85523416902089], [-41.93183125360872, -20.8500965562103], [-41.92996487887535, -20.84392802895462], [-41.92665834420649, -20.83877970162115], [-41.92955081211954, -20.83218676810407], [-41.93297563911369, -20.83103580225969], [-41.93557233169702, -20.8276951922785], [-41.93242822807952, -20.82570205540475], [-41.93277892680527, -20.82244565344337], [-41.93080003159542, -20.81676101001182], [-41.93072985030159, -20.81302387814867], [-41.92883496705934, -20.8115781523091], [-41.92990171589076, -20.80875688012515], [-41.92602981971964, -20.80199709179158], [-41.92868758706175, -20.79431716390519], [-41.92295380917022, -20.79250298942065], [-41.91939688435798, -20.79364436759272], [-41.91603397388803, -20.79251702513983], [-41.90626080738963, -20.79723202223926], [-41.9011532463245, -20.79623866887869], [-41.89659386971056, -20.78844653437926], [-41.89402524856564, -20.78878340243131], [-41.89013722755027, -20.78549893712545], [-41.88560354366786, -20.78599020258503], [-41.88467715742416, -20.7833935100017], [-41.88026979681291, -20.78058627533557], [-41.87889425136785, -20.77873350015011], [-41.87958202409038, -20.77320324603221], [-41.87333345987054, -20.77087128867828], [-41.87468953679195, -20.76592411810282], [-41.87066835495989, -20.76613045855305], [-41.86804258639552, -20.76391868300004], [-41.86397369013298, -20.76533149455207], [-41.860526431349, -20.76319532410417], [-41.85742955023284, -20.76690254001943], [-41.85669488865744, -20.76346658391492], [-41.85211738171108, -20.76374914640519], [-41.84991339608564, -20.7711974853749], [-41.84778852921653, -20.77324323618564], [-41.84813890598497, -20.77436218166855], [-41.84517765432457, -20.77468995307811], [-41.84568626590772, -20.77609146195061], [-41.84253287229348, -20.77914313414755], [-41.84031758488788, -20.77769641455711], [-41.83867872424298, -20.7804090117657], [-41.83663297433156, -20.78064636533674], [-41.83673469664819, -20.78210438490868], [-41.83570616990306, -20.78026207963052], [-41.8344855012042, -20.78100804388532], [-41.83474545833548, -20.78200266259205], [-41.83239454057485, -20.78186703313628], [-41.8283934612885, -20.78684012666974], [-41.82433586860469, -20.78828684626018], [-41.82615556942324, -20.78919104532969], [-41.82877774519608, -20.79433367725665], [-41.8278509416669, -20.79710278516461], [-41.82265179724192, -20.79717060124148], [-41.81675189928001, -20.80129600910277], [-41.81375673958115, -20.80051613680951], [-41.81290905390898, -20.79905811633824], [-41.8057432774296, -20.7975096753305], [-41.80741604521359, -20.79982668505272], [-41.8126603985578, -20.80299138224569], [-41.81386976457725, -20.80544402142368], [-41.81157536021396, -20.80327394293732], [-41.80356189716309, -20.80568137409534], [-41.79912001967244, -20.80530839106859], [-41.79722120189621, -20.80148815015724], [-41.79532238411997, -20.80122819302591], [-41.79502851895023, -20.79868513421081], [-41.79397738774549, -20.79804089227258], [-41.78991979506173, -20.79998491986737], [-41.78510493544366, -20.79996231540775], [-41.78163507220006, -20.79760009496761], [-41.7762889956399, -20.79892248598316], [-41.7725647429678, -20.80124656707466], [-41.76669318444215, -20.80198545996024], [-41.76452475081584, -20.80564384898366], [-41.76345898134616, -20.80454358511759], [-41.76211359826323, -20.80550981492524], [-41.76354241235174, -20.80695466662377], [-41.76115319156582, -20.80611797516366], [-41.76096416126632, -20.80440740527678], [-41.75985890706215, -20.80545505430655], [-41.76007891720752, -20.80735514012684], [-41.75892886507432, -20.8067951143023], [-41.75557214463805, -20.80867453460132], [-41.75595330430082, -20.80713130336619], [-41.75505463516254, -20.80680592235467], [-41.75479367888443, -20.81085529703353], [-41.75312760295577, -20.81353676061224], [-41.75392017457568, -20.81494820159747], [-41.75167853883278, -20.81426045135794], [-41.75154853283777, -20.81646555034411], [-41.74982181742217, -20.81669159224242], [-41.74919342603505, -20.8141804467694], [-41.74578229481631, -20.81276819099844], [-41.73980584476317, -20.81749361213969], [-41.74259279072396, -20.82560672007327], [-41.73817703044489, -20.82684226625679], [-41.74071315099042, -20.82962921221758], [-41.73756699871728, -20.83226132729766], [-41.73626023072433, -20.83590293497167], [-41.73807484227939, -20.83893451181751], [-41.74171645085278, -20.84174003687241], [-41.73962004842576, -20.84486141731975], [-41.7403353646846, -20.84726747881029], [-41.74348461332352, -20.84765765237796], [-41.74414728686708, -20.85063039287758], [-41.74584113026322, -20.85242642533848], [-41.74384691600164, -20.85462501503162], [-41.73895193758113, -20.8652034039132], [-41.73897759883636, -20.86639664598766], [-41.74209542426371, -20.8669355287509], [-41.7401451796556, -20.8676797015562], [-41.74297218142033, -20.86981658696516], [-41.74145389558009, -20.86971975965838], [-41.74141846305586, -20.87257582086303], [-41.74035745922862, -20.87316196335314], [-41.7371593288392, -20.87006265226881], [-41.73299996167816, -20.86924515234114], [-41.72993359006239, -20.87081726710244], [-41.7279602121933, -20.86908644268442], [-41.72679535002464, -20.8636933423731], [-41.72535499403699, -20.86570564829623], [-41.72026583400032, -20.86435812212886], [-41.71867874642629, -20.86793355858606], [-41.71245219401283, -20.86801166740378], [-41.71141407869607, -20.87187133279497], [-41.7156483090215, -20.87181443718578], [-41.71664783083202, -20.87443860225892], [-41.71918287129176, -20.87524577886882], [-41.71722940711072, -20.87795316990207], [-41.72150442798625, -20.88091799456902], [-41.71988442792326, -20.88391532163399], [-41.72175365890348, -20.88552876384063], [-41.72350483318075, -20.88438754934515], [-41.72313426483373, -20.88758491800877], [-41.72462637140916, -20.88936232640947], [-41.72456406278053, -20.89109382441967], [-41.72629228186258, -20.89237932974152], [-41.72561017576828, -20.89512742768784], [-41.71969422580713, -20.89680645475329], [-41.71843495370939, -20.89913479593332], [-41.7228093083022, -20.92153849990109], [-41.72231925512881, -20.92324264772924], [-41.72556098555032, -20.92112121177371], [-41.72639066229851, -20.9229379727085], [-41.73307070324961, -20.92699453207121], [-41.73728794987824, -20.92776845894645], [-41.73735353563643, -20.93102157568438], [-41.73586143085959, -20.93266781077006], [-41.7355007028944, -20.93636364036894], [-41.73346094606507, -20.94013489520847], [-41.73384135029733, -20.9431256644171], [-41.73115228205143, -20.94666736370709], [-41.72568888083646, -20.95068785036324], [-41.71735688331279, -20.95303473826181], [-41.71797308708756, -20.9650253991021], [-41.71639239099534, -20.97425654060606], [-41.71486825596452, -20.97754593599535], [-41.71157886057523, -20.98058229993239], [-41.70996542106661, -20.99102352241687], [-41.71105493983288, -20.99188680233328], [-41.71584167765059, -20.99146409309265], [-41.71741939698683, -20.99381578696824], [-41.71742373711504, -20.99928862027281], [-41.72055094606856, -20.99970808206155], [-41.7213728176007, -21.00200318699672], [-41.72182715060177, -21.01087766816909], [-41.71449667857814, -21.01539820486249], [-41.71575564220836, -21.01774601096884], [-41.71545473894429, -21.02246361969952], [-41.71731203771964, -21.02219038587685], [-41.71760256460595, -21.02422407677892], [-41.71961896334375, -21.02352888644816], [-41.72096783939355, -21.02611596168151], [-41.722742130744, -21.02442467775592], [-41.72515281474989, -21.0330678640899], [-41.72147972091165, -21.04015119522069], [-41.72173676334023, -21.04313913875944], [-41.71917625497946, -21.04496391804958], [-41.71740294029274, -21.0446986414284], [-41.71735672683076, -21.04639686272424], [-41.7161402588651, -21.04704087533537], [-41.71898370383411, -21.05396306594196], [-41.72318673308052, -21.05562770565331], [-41.7243467083332, -21.05528875207347], [-41.72487020279686, -21.05305542336833], [-41.72675704699941, -21.05254699164959], [-41.72787559408266, -21.04924030859257], [-41.7292992001972, -21.04961692488041], [-41.73271886778076, -21.06604300428046], [-41.73186771792012, -21.0669506477534], [-41.72934062836657, -21.06625014332866], [-41.72688132880955, -21.06719168135021], [-41.72606030803604, -21.06586976068013], [-41.7251526645631, -21.06710882591079], [-41.72311140856391, -21.06710129408867], [-41.72178195787035, -21.06823114025417], [-41.72151455974841, -21.07328908482265], [-41.72547090495755, -21.08195500511863], [-41.73122182212865, -21.08730294327546], [-41.73200141473279, -21.09250023599634], [-41.73448707791556, -21.09551315910426], [-41.73357432269609, -21.09814248178935], [-41.73611060062296, -21.10099139823365], [-41.73589207166106, -21.10258824435124], [-41.73123271112001, -21.10457656175817], [-41.7282353912496, -21.10727294598888], [-41.72623717680352, -21.10681552381658], [-41.72323985603379, -21.10362560423749], [-41.71915916696128, -21.10691182322131], [-41.71624934123338, -21.10482259198824], [-41.71451271798679, -21.10628587709078], [-41.70698932159917, -21.10722479628652], [-41.70513555805883, -21.10946375924431], [-41.70512351973389, -21.11155827219574], [-41.70642297174203, -21.11216223889545], [-41.71050425256846, -21.11110085002343], [-41.71338119908233, -21.11412224474503], [-41.71858136963374, -21.11683066730069], [-41.71794338607765, -21.11881684342183], [-41.72050735862695, -21.1223558492423], [-41.71653500638467, -21.12542539276689], [-41.71224220321437, -21.12510167370249], [-41.71157558434498, -21.12644857574043], [-41.70489480864779, -21.12778473087985], [-41.70410033855904, -21.12666524940096], [-41.70555686795439, -21.12488370861547], [-41.70485869727031, -21.12401701487255], [-41.70567786723905, -21.12081269265087], [-41.700296510275, -21.11915389223753], [-41.69410926992612, -21.11536209958047], [-41.69084712579348, -21.11722790234506], [-41.68837945174954, -21.12216324863425], [-41.68211998684717, -21.12091135727252], [-41.67761318100276, -21.12407824071744], [-41.67677536808804, -21.12701433474297], [-41.67906940282995, -21.13042099003587], [-41.67835188503074, -21.13349278636224], [-41.67539857078668, -21.13350304043217], [-41.67262245266335, -21.128013441966], [-41.66310441663478, -21.12469141197829], [-41.66183691394167, -21.12696618504066], [-41.66531573083557, -21.13197375768198], [-41.65728818440147, -21.13624730726661], [-41.65477094062567, -21.13547665032638], [-41.65264031629681, -21.13734245219166], [-41.65438574390623, -21.14062867117548], [-41.65403665676558, -21.14215742512431], [-41.64626047713858, -21.14284355838271], [-41.64497247080214, -21.14484177282878], [-41.6415033018352, -21.14488611300294], [-41.63934808284699, -21.14618323486764], [-41.63185166971806, -21.14425193807568], [-41.62798897810814, -21.1446686866098], [-41.62193282563868, -21.14694832320578], [-41.62147540256706, -21.14913913466256], [-41.61492704034987, -21.15193182009665], [-41.6125408601718, -21.15699080068413], [-41.59233229879584, -21.15036300944456], [-41.58651869977746, -21.14953636970694], [-41.5860973898819, -21.15967188924549], [-41.58384639039787, -21.16475168464177], [-41.57818879587552, -21.16973518243196], [-41.57414421997902, -21.16896478629508], [-41.57218211780975, -21.16971110668146], [-41.56976259436749, -21.17241953013644], [-41.57006353000719, -21.17929290374371], [-41.56457446124165, -21.18373471558385], [-41.56314200579817, -21.18239856134375], [-41.5616614015517, -21.17723450306909], [-41.55603992200406, -21.17238341785969], [-41.55418711983896, -21.17375038826901], [-41.55439079379937, -21.17576593624818], [-41.55148977243431, -21.17611502069087], [-41.5502860289763, -21.18047257235054], [-41.54823966482792, -21.18328933083717], [-41.54555531802276, -21.1835421167745], [-41.54125795528967, -21.18143556639751], [-41.53038815279029, -21.18001514927892], [-41.52092673178254, -21.18700889804143], [-41.51835546393278, -21.18640775521294], [-41.51702660319444, -21.18770706872544], [-41.5163284316111, -21.18545606924141], [-41.51476356628484, -21.18444492369349], [-41.51493209024301, -21.17895585582733], [-41.51323481233601, -21.17674096772072], [-41.51150142215215, -21.17582612337611], [-41.50556696684129, -21.17611502069087], [-41.50289465836107, -21.17764377463971], [-41.50232889755983, -21.18263930985546], [-41.49946399027021, -21.18336155539072], [-41.49821209710984, -21.18511902132502], [-41.49656296890515, -21.18495049556816], [-41.49490180327484, -21.18212169965597], [-41.4930600762608, -21.18301247004865], [-41.48689690986379, -21.1797744007672], [-41.48203378812809, -21.18427639973527], [-41.4788806373308, -21.18257855435604], [-41.48046892190251, -21.18911544841842], [-41.47908461706072, -21.19362948571143], [-41.4728612644351, -21.19858890775112], [-41.47157668811292, -21.20120302290042], [-41.4694880027684, -21.23206646229664], [-41.47039823898683, -21.23137784780863], [-41.47202083359389, -21.23296086684974], [-41.47955574580027, -21.23404017471353], [-41.47963515593699, -21.23558076374047], [-41.48199385463192, -21.23495547231641], [-41.48438421306025, -21.23839853936033], [-41.48766897784031, -21.23883386788793], [-41.49038385572965, -21.24293388788783], [-41.49467383772668, -21.24382829423962], [-41.49480047935788, -21.24496806712182], [-41.49592442327275, -21.24417655760129], [-41.49609908870127, -21.24633533610609], [-41.49726166389394, -21.24695544024058], [-41.49667306211137, -21.24755189040661], [-41.49823481938068, -21.24889390103192], [-41.49777963382229, -21.25034578632818], [-41.49874494092558, -21.25065970727888], [-41.49801507543464, -21.25246475184605], [-41.4995611350376, -21.2536811973286], [-41.49904316510924, -21.25616117229947], [-41.50257904758422, -21.26017222326874], [-41.50171537016746, -21.26177836118165], [-41.50626104291206, -21.26349056423737], [-41.50641256518702, -21.26493760308716], [-41.50776869067181, -21.26553611719726], [-41.50985969986453, -21.2638542176972], [-41.51261740796627, -21.26389209804114], [-41.51220072058607, -21.26255112523347], [-41.51374624958902, -21.26313448576713], [-41.51433538017289, -21.26091433212997], [-41.515549366909, -21.26270264660906], [-41.52321640121522, -21.26655131598966], [-41.52536801931791, -21.26968783112773], [-41.52517103991084, -21.27296071406494], [-41.52389067511382, -21.27444563415793], [-41.52864847904334, -21.27620329524512], [-41.52804238994361, -21.27715031013793], [-41.52944446089242, -21.27728636227505], [-41.52972428944366, -21.27837006512561], [-41.53270170371991, -21.27824884730569], [-41.53575487958329, -21.28136263207904], [-41.53699736403638, -21.27977922273215], [-41.53987993940694, -21.28145480809212], [-41.54068693525312, -21.28346121716066], [-41.54389163429073, -21.28542343264451], [-41.54592960956307, -21.28959030015147], [-41.5481797187183, -21.29012441560855], [-41.55008890118108, -21.29374958907152], [-41.55186171944206, -21.29389353096093], [-41.55361180284171, -21.29634061772452], [-41.56349864094881, -21.29974987295748], [-41.56652151325648, -21.30306063713789], [-41.57077929232975, -21.30423493589279], [-41.5723323972216, -21.30368945570302], [-41.57542345432825, -21.30630321562012], [-41.58078886271511, -21.30765356475945], [-41.58500724698615, -21.31037159387319], [-41.58722705078702, -21.31003066808012], [-41.5876539463718, -21.3131966872765], [-41.58531815700661, -21.31687339099341], [-41.57110049958766, -21.35754099202239]], [[-41.83753735865978, -21.08273532168575], [-41.83753735866145, -21.08273532167698], [-41.83755163011822, -21.08272106901231], [-41.83753735865978, -21.08273532168575]], [[-41.83642338193278, -21.08686201017287], [-41.83559303429035, -21.08719259466176], [-41.83153990197265, -21.087546621904988], [-41.83559303968627, -21.0871925901651], [-41.83642338193278, -21.08686201017287]], [[-41.82362185906084, -21.10193787443256], [-41.81667210275217, -21.10344869704297], [-41.82362186497858, -21.101937869118714], [-41.82362185906084, -21.10193787443256]], [[-41.82992053440438, -21.12158926713022], [-41.82864682279188, -21.12239743659165], [-41.8231709210005, -21.12320119307981], [-41.82130288162193, -21.12265270106053], [-41.8190042882166, -21.12282613891438], [-41.81373038764656, -21.1219961501015], [-41.81340441667976, -21.12174750644147], [-41.8130955921871, -21.12087297690556], [-41.81295368816143, -21.11805523366132], [-41.81191887584404, -21.118170431242717], [-41.8129536935574, -21.11805522916472], [-41.8137303939418, -21.12199614470552], [-41.82130288791723, -21.12265269566461], [-41.82317092729573, -21.12320118768389], [-41.82992053440438, -21.12158926713022]], [[-41.81098214760732, -21.11945436022978], [-41.80995054428143, -21.11953068569181], [-41.80342710407683, -21.11547142656428], [-41.7992954917928, -21.11580548603359], [-41.80342711037213, -21.11547142206769], [-41.81098214760732, -21.11945436022978]], [[-41.80418046975217, -21.14358621043448], [-41.79886517069036, -21.1429444200482], [-41.794539007609224, -21.143773228114785], [-41.7988651769856, -21.14294441465222], [-41.80418046975217, -21.14358621043448]], [[-41.79367094555698, -21.1450271761625], [-41.79131225315723, -21.14610357112213], [-41.78758650671119, -21.14733884481109], [-41.78362910120131, -21.14792254528845], [-41.78187846381934, -21.14766698134531], [-41.78109284395885, -21.14778979905918], [-41.77953435662454, -21.14840403241936], [-41.77894609478574, -21.14848754526321], [-41.77494184269113, -21.14780118627493], [-41.77020240517916, -21.14891524757789], [-41.77494184898643, -21.14780118087901], [-41.77894610108098, -21.14848753986729], [-41.78109285025408, -21.14778979366326], [-41.78187847011458, -21.14766697594939], [-41.78758651300643, -21.14733884031443], [-41.79367094555698, -21.1450271761625]], [[-41.76814388712995, -21.15122929309661], [-41.76520559502693, -21.152014507817473], [-41.76814389146374, -21.151229288224858], [-41.76814388712995, -21.15122929309661]], [[-41.7670617041336, -21.16273470404258], [-41.7651985050535, -21.16375693559609], [-41.76706170432349, -21.16273470199631], [-41.7670617041336, -21.16273470404258]], [[-41.76644664429648, -21.16801098781605], [-41.76542978659627, -21.168762047418472], [-41.76542978895287, -21.16876204493167], [-41.76644664429648, -21.16801098781605]], [[-41.7640686101775, -21.17717636729475], [-41.76292142598231, -21.17725468385578], [-41.75728068025848, -21.17600988814502], [-41.75523007220932, -21.17479830080015], [-41.754222569815, -21.17409519014012], [-41.74781706940149, -21.16939612722871], [-41.74539383355784, -21.1689119727086], [-41.74239156741618, -21.16918496731159], [-41.7384252352357, -21.16885996671334], [-41.73478550534605, -21.16781749777851], [-41.728479190242595, -21.168737628003875], [-41.73478551074197, -21.16781749328192], [-41.73842524063161, -21.16885996221669], [-41.74539383985308, -21.168911968212], [-41.74781707479741, -21.16939612183279], [-41.75728068565439, -21.1760098827491], [-41.7640686101775, -21.17717636729475]], [[-41.72609737539284, -21.17852911492594], [-41.72417614021595, -21.17975260929472], [-41.71975258017911, -21.180592432910938], [-41.72417614561192, -21.17975260389875], [-41.72609737539284, -21.17852911492594]], [[-41.73026034343934, -21.20604860695687], [-41.72928902796554, -21.2060654431649], [-41.72550203139292, -21.20539910308537], [-41.72370530735333, -21.20414302537955], [-41.72249372810234, -21.20253353119671], [-41.72196717518277, -21.202626485098968], [-41.72249373439757, -21.20253352580079], [-41.72550203678884, -21.20539909768945], [-41.73026034343934, -21.20604860695687]], [[-41.72750807263873, -21.22132408833522], [-41.7257062026784, -21.22185346616374], [-41.72336345975515, -21.22213904228221], [-41.72047642464656, -21.22430299908336], [-41.71936840142985, -21.22427799073591], [-41.71841955192008, -21.22370399394339], [-41.7171180575516, -21.22172743607155], [-41.71278253568477, -21.22159425367107], [-41.704971666434176, -21.219233892931925], [-41.71278254198, -21.22159424917447], [-41.71711806384684, -21.22172743067563], [-41.71936840682577, -21.22427798623931], [-41.72336346605039, -21.22213903688629], [-41.72750807263873, -21.22132408833522]], [[-41.69989889571673, -21.23759187986059], [-41.69842441855133, -21.23846309359612], [-41.6949476051887, -21.239474120952213], [-41.69842442484662, -21.23846308909953], [-41.69989889571673, -21.23759187986059]], [[-41.69386911766492, -21.24275436162372], [-41.6907311887926, -21.24272395194805], [-41.689003116519025, -21.24381527775864], [-41.69073119508784, -21.24272394655213], [-41.69386911766492, -21.24275436162372]], [[-41.6823406696854, -21.25729955932644], [-41.6799189078306, -21.25597139915999], [-41.6785404323943, -21.25441975116979], [-41.67772692455719, -21.25281542179351], [-41.675863904295, -21.2520583509114], [-41.67446339097199, -21.25120305427674], [-41.67406790870626, -21.25002743082052], [-41.66504666806856, -21.24804060269088], [-41.6600620910919, -21.24579033435566], [-41.65633957141335, -21.2451410184425], [-41.65339587182132, -21.24405839208038], [-41.64595237210358, -21.24684204472379], [-41.64467570981543, -21.24699170360344], [-41.64314573818456, -21.24620684097215], [-41.64122900681247, -21.24452314282803], [-41.63883769371962, -21.245624596461017], [-41.64122901310776, -21.24452313833137], [-41.64467571611067, -21.24699169910684], [-41.65339587811656, -21.2440583866844], [-41.66006209738714, -21.24579032895974], [-41.66504667436379, -21.24804059819428], [-41.67406791500156, -21.25002742632387], [-41.67446339726723, -21.25120304888083], [-41.67772693085243, -21.25281541729692], [-41.67991891412584, -21.25597139376401], [-41.6823406696854, -21.25729955932644]], [[-41.63745361059495, -21.24722576835376], [-41.636062387889645, -21.248145758237488], [-41.637453612747585, -21.24722576569726], [-41.63745361059495, -21.24722576835376]], [[-41.63536550711171, -21.25169406702679], [-41.6303384828875, -21.253436194726984], [-41.63536550778908, -21.25169406357778], [-41.63536550711171, -21.25169406702679]], [[-41.63814379619851, -21.26120603712815], [-41.63709030607203, -21.26178806936315], [-41.6354737333254, -21.26192111326799], [-41.63283857044291, -21.26342085059099], [-41.63092963709232, -21.26402642078193], [-41.625311203917, -21.264155012657433], [-41.63092964338762, -21.26402641628533], [-41.63547373872132, -21.26192110787207], [-41.63814379619851, -21.26120603712815]], [[-41.6234255275653, -21.26603442524777], [-41.6218942443009, -21.267131433991167], [-41.62342553072672, -21.26603442209685], [-41.6234255275653, -21.26603442524777]], [[-41.61894610877516, -21.27589203089173], [-41.61894610337924, -21.27589203628764], [-41.61722824808447, -21.27575609116991], [-41.61588115269228, -21.27555835183568], [-41.61474415511793, -21.27553363396925], [-41.61411386502301, -21.275830240914065], [-41.61474416141317, -21.27553362857333], [-41.61588115898758, -21.27555834733909], [-41.61894610877516, -21.27589203089173]], [[-41.60798396183252, -21.277622249757197], [-41.61319932039157, -21.27686837087782], [-41.6122572463741, -21.27720608429257], [-41.60798396183252, -21.277622249757197]], [[-41.60519090163808, -21.292798699], [-41.60432579429926, -21.2931571013184], [-41.60385616472951, -21.29330540402043], [-41.60352248565857, -21.29354021565144], [-41.60519090163808, -21.292798699]], [[-41.60312700340774, -21.29412107742502], [-41.60253378720375, -21.29451655519409], [-41.6020147228005, -21.29462778334477], [-41.600853010427876, -21.294522732697203], [-41.60312700340774, -21.29412107742502]], [[-41.59760268301665, -21.2975320647522], [-41.5996171401182, -21.29698828877775], [-41.59909834731013, -21.29715129719381], [-41.59760267672141, -21.29753207014812], [-41.59661398364767, -21.29827358995345], [-41.595679695767274, -21.298403956352566], [-41.59661398994297, -21.29827358455748], [-41.59760268301665, -21.2975320647522]], [[-41.59387035802985, -21.30106665130415], [-41.59362316943057, -21.30126440182383], [-41.593870358523034, -21.301066650549867], [-41.59387035802985, -21.30106665130415]], [[-41.5932524248588, -21.3015609969417], [-41.5923873184193, -21.30178345414231], [-41.5909622176315, -21.30184452080721], [-41.588815665504534, -21.30295752489543], [-41.5932524248588, -21.3015609969417]], [[-41.74187519074594, -20.87263654534173], [-41.741887204573636, -20.87262767935645], [-41.74187519108648, -20.87263654523957], [-41.74187519074594, -20.87263654534173]], [[-41.74196505674126, -20.87252498613844], [-41.74196505134529, -20.87252499063504], [-41.741989847495525, -20.87244751761673], [-41.74196505674126, -20.87252498613844]], [[-41.74224240586159, -20.87235764658732], [-41.74224239956635, -20.87235765198329], [-41.74226735973798, -20.872334413805714], [-41.74224240586159, -20.87235764658732]], [[-41.74278935374497, -20.87217791257984], [-41.74282653441628, -20.87214073190847], [-41.74282653762789, -20.872140729596186], [-41.74278935374497, -20.87217791257984]], [[-41.74332235763995, -20.87198888317965], [-41.74341221879814, -20.8719052192497], [-41.743412219853276, -20.871905218732476], [-41.74332235763995, -20.87198888317965]], [[-41.74357026513536, -20.871827742451416], [-41.74377789123594, -20.87147757183169], [-41.74374070426933, -20.8715674383858], [-41.74367252936298, -20.87170688726223], [-41.74357026513536, -20.871827742451416]], [[-41.74466106595469, -20.87112740010866], [-41.74470754291804, -20.87105613243381], [-41.744707545833236, -20.87105613222045], [-41.74466106595469, -20.87112740010866]], [[-41.74591610404423, -20.87127924434088], [-41.74591609774899, -20.87127924883748], [-41.74593341485608, -20.87126557792439], [-41.74591610404423, -20.87127924434088]], [[-41.74618880277029, -20.87111810381668], [-41.74630345643862, -20.87100035198387], [-41.74630345664485, -20.871000351917875], [-41.74618880277029, -20.87111810381668]], [[-41.74961640956889, -20.87108744412944], [-41.74961641027276, -20.871087444324957], [-41.749373603526, -20.87133025107165], [-41.74961640956889, -20.87108744412944]], [[-41.75417372583604, -20.87427453174348], [-41.7543661924451, -20.87380943205886], [-41.754366196668606, -20.87380942949606], [-41.75417372583604, -20.87427453174348]], [[-41.75956726681517, -20.88083617694724], [-41.75956726141925, -20.88083618234316], [-41.75956725602333, -20.88083618773897], [-41.75956726681517, -20.88083617694724]], [[-41.75934970462441, -20.88099057525409], [-41.75947602519767, -20.8809274167661], [-41.7593497044351, -20.880990577147383], [-41.75934970462441, -20.88099057525409]], [[-41.76633270226335, -20.885601458608633], [-41.76643095022746, -20.88546110244715], [-41.766430951106926, -20.885461103503395], [-41.76633270226335, -20.885601458608633]], [[-41.77601064737274, -20.89582154872471], [-41.77613696614736, -20.89569522905083], [-41.77613696718497, -20.895695228912484], [-41.77601064737274, -20.89582154872471]], [[-41.78595163180965, -20.90781366005948], [-41.78600490240508, -20.90777433710696], [-41.78595163186156, -20.90781366017148], [-41.78595163180965, -20.90781366005948]], [[-41.79808105899292, -20.92289446980317], [-41.7983274476021, -20.922819481965607], [-41.7980810542847, -20.92289447471608], [-41.79808105899292, -20.92289446980317]], [[-41.81111494779589, -20.9416132772302], [-41.81118636026156, -20.94146330268848], [-41.81118636503007, -20.941463299509564], [-41.81111494779589, -20.9416132772302]], [[-41.812298360964164, -20.94598765700399], [-41.8119505447811, -20.94599123630576], [-41.81200323875771, -20.9460455382702], [-41.812298360964164, -20.94598765700399]], [[-41.81164701639597, -20.94613407292837], [-41.81175056703432, -20.94609836804449], [-41.81164701484816, -20.9461340766872], [-41.81164701639597, -20.94613407292837]], [[-41.81142561769735, -20.94686968418779], [-41.81148631833821, -20.94683040899542], [-41.81142561700119, -20.94686968564342], [-41.81142561769735, -20.94686968418779]], [[-41.81122207593734, -20.94736247219953], [-41.81130567331746, -20.947318879362], [-41.811222075195595, -20.947362473800133], [-41.81122207593734, -20.94736247219953]], [[-41.81108637543514, -20.94781598501891], [-41.81107495019006, -20.947825981703755], [-41.81108637579531, -20.94781598402939], [-41.81108637543514, -20.94781598501891]], [[-41.810872122632105, -20.94784455198374], [-41.81105781172762, -20.947840977251474], [-41.81099710243359, -20.94784455198374], [-41.810872122632105, -20.94784455198374]], [[-41.81075443117135, -20.94789854907799], [-41.81082927059442, -20.947926678161338], [-41.81070786145408, -20.947930251087747], [-41.81075443117135, -20.94789854907799]], [[-41.81065769919275, -20.94808950842332], [-41.81061411092051, -20.948122002957902], [-41.81065770024884, -20.948089506262768], [-41.81065769919275, -20.94808950842332]], [[-41.81049003588572, -20.94818735735987], [-41.81055073472788, -20.94817664913228], [-41.810490033327596, -20.948187361196975], [-41.81049003588572, -20.94818735735987]], [[-41.81002581312456, -20.948951539671636], [-41.8103628934207, -20.948869737220765], [-41.81018650030603, -20.94893368584013], [-41.81002581312456, -20.948951539671636]], [[-41.80856637163998, -20.9543894886832], [-41.80868769108332, -20.95429513001545], [-41.808566368407035, -20.954389492396807], [-41.80856637163998, -20.9543894886832]], [[-41.808440549604406, -20.956487965154007], [-41.80653979617392, -20.95693281999286], [-41.80660495205615, -20.95689237837979], [-41.80677122141401, -20.95682460906767], [-41.8076388891227, -20.9565901036496], [-41.808440549604406, -20.956487965154007]], [[-41.80531042476767, -20.957621097275986], [-41.8061258409341, -20.95723827562512], [-41.806274973977224, -20.957129446243233], [-41.80612583463881, -20.95723828102109], [-41.80593352541115, -20.95732893897855], [-41.80531042476767, -20.957621097275986]], [[-41.80058700278721, -20.95767088460286], [-41.80038480011768, -20.95761246374343], [-41.80058700908245, -20.95767088010626], [-41.80114146360694, -20.9574079552122], [-41.80128350432955, -20.95743721735295], [-41.80148571239499, -20.95735184021447], [-41.80166037782345, -20.95738624288003], [-41.80183620697466, -20.95730690468912], [-41.80205638889049, -20.95729791776392], [-41.80227251576326, -20.9573020744304], [-41.80233568144581, -20.95734646676527], [-41.80242036430764, -20.95742823042769], [-41.80255966299734, -20.95750461974166], [-41.80273491028714, -20.95752259359205], [-41.80305891623527, -20.95746848857908], [-41.80317320298019, -20.95746820079603], [-41.80327675991379, -20.95750390927719], [-41.80341959743572, -20.95756818562251], [-41.80362314009511, -20.957689597696], [-41.80384096578723, -20.95777172918116], [-41.80434125324552, -20.95788428742912], [-41.80443731073257, -20.95793242094368], [-41.80463371187557, -20.9581859569156], [-41.80499784291766, -20.958134752443662], [-41.80463370558033, -20.95818596231152], [-41.80434124695023, -20.95788429192578], [-41.80255965670204, -20.95750462513757], [-41.8024203580124, -20.95742823492435], [-41.80227251036735, -20.957302078927], [-41.80058700278721, -20.95767088460286]], [[-41.79841663348988, -20.96145442674557], [-41.79913560222553, -20.96150834483348], [-41.79937499125667, -20.961365150272968], [-41.7991355959303, -20.96150835022939], [-41.79841663348988, -20.96145442674557]], [[-41.798021208939296, -20.961733021750952], [-41.79835371528563, -20.961502364567746], [-41.79822790569256, -20.96159822038078], [-41.798021208939296, -20.961733021750952]], [[-41.79346790741727, -20.9611656257922], [-41.79662344591458, -20.96300869639344], [-41.797419075856816, -20.962892349574357], [-41.79662343961928, -20.96300870089004], [-41.79346790741727, -20.9611656257922]], [[-41.792108988559534, -20.96259578181072], [-41.79205381848352, -20.962649698283727], [-41.79205381882792, -20.96264969782453], [-41.792108988559534, -20.96259578181072]], [[-41.79137790186792, -20.96326748530544], [-41.79181116195485, -20.96297323612515], [-41.791377901293835, -20.963267485916507], [-41.79137790186792, -20.96326748530544]], [[-41.84825546992973, -21.058192555061996], [-41.85190106867861, -21.05773721210187], [-41.852928352953064, -21.057215112788757], [-41.8519010632827, -21.05773721659847], [-41.84825546992973, -21.058192555061996]], [[-41.84800832082664, -21.06363822971974], [-41.84856914884642, -21.0634022826884], [-41.84942526159593, -21.06273316688227], [-41.84856914255113, -21.06340228808438], [-41.84800831543066, -21.06363823511566], [-41.84723528946956, -21.0643762471073], [-41.84800832082664, -21.06363822971974]], [[-41.84073489729695, -21.06923016473951], [-41.84436467888611, -21.07003536374026], [-41.84484382688038, -21.07019342768376], [-41.84683870484162, -21.07140946217618], [-41.847791333103785, -21.0721338013974], [-41.84484382058514, -21.07019343307968], [-41.84219996575507, -21.06995415585885], [-41.84073489729695, -21.06923016473951]], [[-41.83936951078723, -21.0740809525401], [-41.84234284995927, -21.073579548848503], [-41.84112639826395, -21.0742045901689], [-41.83936951078723, -21.0740809525401]]]}}, {"type": "Feature", "id": "30", "properties": {"id": "30", "unidade": "30", "camada": "AISP", "label": "AISP 30"}, "geometry": {"type": "Polygon", "coordinates": [[[-42.71457754002074, -22.26805030217895], [-42.71698852440016, -22.27072978455112], [-42.71807608534232, -22.28006800023724], [-42.71145747168424, -22.28693223673258], [-42.71304395221591, -22.29036474213837], [-42.71204624973393, -22.29369345858549], [-42.71518539628829, -22.29479658139633], [-42.71746617142594, -22.2972410421396], [-42.72052068817851, -22.30673323165257], [-42.72404295221975, -22.30995040518627], [-42.72293358541589, -22.31223391606159], [-42.72683005196461, -22.31639240818231], [-42.72643350670023, -22.31910155289358], [-42.72013012790234, -22.3243167268347], [-42.71829876737348, -22.32827863525006], [-42.71937970840611, -22.33124847273803], [-42.72262609461785, -22.33478545508393], [-42.72818151626325, -22.3357889213209], [-42.72559948532728, -22.34070780012411], [-42.7265173172197, -22.34378140858439], [-42.7232943007906, -22.35073163465643], [-42.72370989999115, -22.35290680600355], [-42.7263192037675, -22.35509085096123], [-42.74026370830279, -22.36026819222252], [-42.74168776677629, -22.36766209343011], [-42.7470759019306, -22.3731167937043], [-42.75109735985455, -22.37252910923024], [-42.75734814809783, -22.37669764228161], [-42.76304038270678, -22.37651892810527], [-42.76971481458628, -22.38387864877984], [-42.77734642279842, -22.38092622756255], [-42.78135705378429, -22.38143196491245], [-42.78596447757786, -22.37847190575309], [-42.79032643771421, -22.37811498012144], [-42.79391126489224, -22.37598191413326], [-42.7974325297867, -22.3774783608369], [-42.80365382566276, -22.37782255206832], [-42.80422909679464, -22.37908678482648], [-42.80288042399167, -22.38149113400783], [-42.80354438356574, -22.38698345382255], [-42.81440637005721, -22.38897140520544], [-42.81576740943768, -22.39117569210373], [-42.81549119256374, -22.39242200137352], [-42.81265538193958, -22.39328890016185], [-42.81038564598003, -22.39979918418425], [-42.81134883428052, -22.40471244941921], [-42.81979729940514, -22.40682811712315], [-42.8272100881743, -22.41243943433165], [-42.83557800012386, -22.41331947761103], [-42.84087734071596, -22.41133067187224], [-42.85223669276843, -22.41584388718485], [-42.85324465291768, -22.41689344637467], [-42.85169041757797, -22.41840942095723], [-42.852689418681, -22.42122083207499], [-42.85235468202222, -22.42573517873473], [-42.8542986439665, -22.42674952317117], [-42.85796308003137, -22.42624132887346], [-42.86432367459719, -22.4275647244317], [-42.8705183217624, -22.43165677463969], [-42.87054379595867, -22.43859102695353], [-42.87690984940929, -22.44396897638637], [-42.87493707498527, -22.4454665436453], [-42.87509878118306, -22.44805988715331], [-42.88020334210984, -22.44779532998973], [-42.88574263801161, -22.45304398569061], [-42.891302307155, -22.45465108497882], [-42.8923450287993, -22.4577378226416], [-42.90176966034085, -22.4577378226416], [-42.90602403997673, -22.45501974676313], [-42.90906710296372, -22.45602425261637], [-42.91488203657599, -22.45460095137202], [-42.91724108960386, -22.45228233635999], [-42.92543464639107, -22.45371979832925], [-42.92846403338768, -22.44985307236061], [-42.93456383355334, -22.45197668377614], [-42.94073859311084, -22.45733897511286], [-42.94590693485645, -22.45558514603687], [-42.95506617556282, -22.45778263855715], [-42.9544065264393, -22.46256092904287], [-42.95582465208531, -22.465781259197], [-42.96411182829752, -22.46504265139646], [-42.96855824556587, -22.46783458679596], [-42.97027181469178, -22.47109923194324], [-42.97121723238865, -22.47112877737038], [-42.97668292777416, -22.47087764978295], [-42.97835218100761, -22.46724370073542], [-42.98132219656139, -22.46687049018021], [-42.9833894843365, -22.463654069379], [-42.9854539941058, -22.46276183668863], [-42.99454611391127, -22.46219782776677], [-42.99928431801612, -22.46010875211647], [-43.00894683282934, -22.46264745011894], [-43.01278606382505, -22.46566308108555], [-43.01636092381688, -22.46592898003763], [-43.01813401816969, -22.46338976492495], [-43.02171620134089, -22.46305969934485], [-43.02574135907571, -22.46045944184897], [-43.02598677057227, -22.44772217913447], [-43.02226275082455, -22.44089480944712], [-43.02652786656705, -22.43879408038174], [-43.02776920708249, -22.43513371914503], [-43.03163645825521, -22.43460853575453], [-43.03466819158302, -22.43237253336497], [-43.03360987029856, -22.42994555364362], [-43.03532688202927, -22.42301002968833], [-43.03241299406369, -22.42167397707163], [-43.03190982877487, -22.4201873024013], [-43.03448943963519, -22.41724895017813], [-43.03877388630508, -22.41638568914749], [-43.03468933104705, -22.4049252353106], [-43.02933465157219, -22.40047186718215], [-43.027842311173, -22.39266939407651], [-43.034022394717, -22.39014394578567], [-43.02902219921441, -22.37953808711228], [-43.02966132940611, -22.37700470770034], [-43.03291163935995, -22.37492396067148], [-43.03224111113764, -22.37258827023169], [-43.03408121307677, -22.37099083775621], [-43.03384692439533, -22.36980251317465], [-43.02975767557552, -22.36338662469223], [-43.02643428311495, -22.36342805196227], [-43.0238007039386, -22.35821575315373], [-43.02052161837724, -22.35619518965552], [-43.02596790009778, -22.35360779876015], [-43.02832409058357, -22.34525527870738], [-43.03391252634128, -22.34498481119931], [-43.02799303125266, -22.33985547395019], [-43.0254404746974, -22.33938283075224], [-43.03030418009308, -22.33855862458006], [-43.03155358033274, -22.33346043714869], [-43.03091456435493, -22.33147547601163], [-43.03431695236475, -22.32762921411614], [-43.04057667537256, -22.32866142718234], [-43.0472192325808, -22.32600761505859], [-43.04449306730049, -22.31938021412481], [-43.04492784364436, -22.3180993870763], [-43.04348250631188, -22.31766461073244], [-43.04324749187754, -22.31561998677222], [-43.04048982064796, -22.31264530013971], [-43.03582104330576, -22.31101370871494], [-43.03066054364842, -22.30736291716414], [-43.0247710949094, -22.30689967098226], [-43.01321923397973, -22.29879202912809], [-43.01332683606392, -22.29449408813088], [-43.01615911684905, -22.29300742335312], [-43.01760532292656, -22.29107167761504], [-43.01710818219613, -22.29011151823119], [-43.00916178788549, -22.2862654272069], [-43.00562617610643, -22.28754279906013], [-43.00182637408716, -22.28541012517638], [-42.9995727305963, -22.28202326216302], [-42.98976954742596, -22.27842685801232], [-42.98812476384603, -22.27559850816385], [-42.98787898182883, -22.2693690347524], [-42.98358176118859, -22.26346680215045], [-42.98055963801613, -22.26468983786498], [-42.97850175714962, -22.26064497328611], [-42.97793271202431, -22.25521934089909], [-42.97987791773096, -22.24935309826611], [-42.98372780569292, -22.24716658107207], [-42.98654516402735, -22.24287088118547], [-42.99219629602152, -22.23921701575188], [-42.99246268780206, -22.23707792520531], [-42.99624561044584, -22.23308431928513], [-42.99670479528936, -22.2261148702043], [-43.00854170803268, -22.21932961217107], [-43.01183352439688, -22.2199953721879], [-43.01533349334534, -22.22330074313402], [-43.01825369904822, -22.22279722261294], [-43.01890045998749, -22.21762808856465], [-43.02906438461292, -22.20261340608306], [-43.03149678185025, -22.20267215969164], [-43.03640857939172, -22.20691416735417], [-43.03803017665058, -22.206796660137], [-43.03926400243103, -22.20455227426726], [-43.04303597942618, -22.20783072220928], [-43.04755731471755, -22.20865903468592], [-43.04902589592763, -22.20769483464812], [-43.04714319400244, -22.20731033580256], [-43.04515592340641, -22.20014250077503], [-43.03983170127128, -22.19245500329498], [-43.04068572536522, -22.18951581740026], [-43.03802006287486, -22.18743323935172], [-43.03280334389848, -22.17944734501816], [-43.03168584092811, -22.17595045175119], [-43.02132198442132, -22.16198094336505], [-43.01683210381782, -22.14825897427147], [-43.01274556825263, -22.1469528573877], [-43.00916265573125, -22.14938070765277], [-43.00368561000215, -22.14967719614492], [-43.00158016758991, -22.15124846824142], [-42.95636886962689, -22.13816137824426], [-42.9573292115731, -22.13509388967049], [-42.96068438157823, -22.13271365401113], [-42.96138055576728, -22.13054105202713], [-42.9647122651582, -22.12709950393815], [-42.96618930089477, -22.11809897918374], [-42.96588051057637, -22.11324822942146], [-42.96735588256718, -22.11130746366774], [-42.96774316841174, -22.10563594314351], [-42.97309876699376, -22.09919261724474], [-42.97323731744751, -22.09717170660821], [-42.97019050968356, -22.08972104379035], [-42.96923809526118, -22.08874868780094], [-42.96693337477467, -22.08950435484132], [-42.96330321457094, -22.08887957693014], [-42.95815710226771, -22.08524775028269], [-42.95488346210135, -22.08573555425164], [-42.94851993844367, -22.09362501518154], [-42.94837935282413, -22.0954086064213], [-42.94580079417057, -22.09485262394867], [-42.94235509840831, -22.09603973714337], [-42.93951789833159, -22.09419300810009], [-42.93780111143144, -22.09574396091426], [-42.9349904566435, -22.09553145291346], [-42.92871351611512, -22.10428088785193], [-42.91799511268357, -22.09925093198416], [-42.91554641883141, -22.09985443373438], [-42.9126299336238, -22.10957512838871], [-42.90591120114027, -22.11255870032301], [-42.89796732493136, -22.11166046106064], [-42.88377226837474, -22.1010861011419], [-42.87764410359176, -22.10193509712627], [-42.87406823366132, -22.1040454471389], [-42.87292931513502, -22.10104741140816], [-42.87203325403073, -22.10120652486046], [-42.87091597768949, -22.10626573027844], [-42.86898497227793, -22.10708535530415], [-42.86781255580405, -22.11093757880542], [-42.86870244306255, -22.11195772117111], [-42.86650439655995, -22.12055232972546], [-42.86753907916443, -22.12409899776975], [-42.86523249258471, -22.12541766918929], [-42.86425264973929, -22.12752988619451], [-42.86764742318928, -22.13551121377071], [-42.87255900939005, -22.14085617607088], [-42.87440085421531, -22.15450749712249], [-42.86865633302261, -22.16154275229542], [-42.86376705630386, -22.16529289734854], [-42.85569833620849, -22.16122925222743], [-42.85290296180153, -22.16264000073465], [-42.85130933705551, -22.16203912590419], [-42.8434705799026, -22.15333753579785], [-42.83623564825581, -22.15252581221569], [-42.83161235142813, -22.14613789714548], [-42.8269184677124, -22.14296158610756], [-42.82094154731385, -22.14701417226547], [-42.81774245734778, -22.14702020491774], [-42.81442497613102, -22.14493795602107], [-42.81258977459771, -22.1421498607267], [-42.81535939332059, -22.13951235331166], [-42.81421112274438, -22.13548268008083], [-42.80644071586562, -22.13476378991618], [-42.8036221668288, -22.13314866687671], [-42.79922016437837, -22.12602312426702], [-42.79241131173194, -22.12393296313496], [-42.79123955536045, -22.12158945219068], [-42.78740759628283, -22.12133609878117], [-42.78395566642013, -22.12282454511586], [-42.78218219705002, -22.12171612709682], [-42.78173882858334, -22.11958214290081], [-42.77822356126762, -22.11782082966675], [-42.77733682703223, -22.11962596776345], [-42.77169972985791, -22.12089273211313], [-42.77016356729405, -22.12347860225492], [-42.76838239343198, -22.12400421911866], [-42.76335492598832, -22.12202490212678], [-42.76170813422226, -22.11835920521236], [-42.75566097407398, -22.11816618821825], [-42.75545374599284, -22.11384580104209], [-42.75762194039947, -22.11139384175164], [-42.75815467090064, -22.10792240919108], [-42.76040362982292, -22.10630173193863], [-42.76004494511739, -22.10314203857342], [-42.76104782769437, -22.1014803126655], [-42.75297529807079, -22.09970784603951], [-42.74974522825892, -22.10014945992884], [-42.74781645676336, -22.09872217019125], [-42.73453165441157, -22.0954690912248], [-42.73372053157652, -22.09131208568346], [-42.73513999631302, -22.08872663192773], [-42.73194619975658, -22.08558353105434], [-42.73248727866422, -22.07967236458717], [-42.73519069109676, -22.07640770415145], [-42.73488220025263, -22.06775568197838], [-42.73754443542663, -22.0644715611129], [-42.73671033761127, -22.06022884658324], [-42.74096994140893, -22.05666193300101], [-42.7431605810952, -22.05127747067797], [-42.74262523896289, -22.04946073312556], [-42.74429646710752, -22.0475155903714], [-42.73699380481952, -22.04756621320939], [-42.73235398924447, -22.05055714609466], [-42.72121520761499, -22.05403801614074], [-42.71718589771029, -22.05257785168573], [-42.71727030987614, -22.05035058710911], [-42.71362297082271, -22.04678729869408], [-42.71338653456019, -22.03522818473215], [-42.71071368738603, -22.03284009799137], [-42.71662181774195, -22.02526333403489], [-42.7113498336272, -22.02548028918324], [-42.70833417208365, -22.02400500082933], [-42.7074997891832, -22.02037229824219], [-42.70599106763291, -22.01983948320481], [-42.70918793357555, -22.01673911811503], [-42.70975676466225, -22.01347292613389], [-42.70610523566734, -22.01002324097902], [-42.70199497238934, -22.00941771125758], [-42.6995866140303, -22.00305505904299], [-42.69682593906509, -22.00135661741319], [-42.6990347729357, -21.99520692106177], [-42.70254646994289, -21.99288812888329], [-42.69752018600707, -21.99036828516745], [-42.69888733538147, -21.98195093568637], [-42.69730863758281, -21.97664943762067], [-42.69284535622745, -21.97615878639812], [-42.69053700158065, -21.97116118004362], [-42.69186664113187, -21.9679103358925], [-42.68962951369036, -21.96546982766961], [-42.68760665692093, -21.96514064882109], [-42.68805795021348, -21.96300098810434], [-42.69165376261031, -21.96244528711952], [-42.69363482338764, -21.95624148395655], [-42.6908515385669, -21.9500723901279], [-42.68596415582039, -21.94891985496656], [-42.68132000461378, -21.95004917592797], [-42.680045758804, -21.94706764815265], [-42.67754719844373, -21.94517939561183], [-42.67329399871835, -21.93684951329362], [-42.67441097288736, -21.9318646521312], [-42.67146092498098, -21.92944891213682], [-42.67102032192957, -21.92283833482054], [-42.66432647368708, -21.91615873813447], [-42.66265758108176, -21.90671253185707], [-42.6671492702219, -21.89888649381584], [-42.66968461375319, -21.89824822517465], [-42.66857363896156, -21.89426354592513], [-42.66391925257074, -21.89154749891719], [-42.66268803572353, -21.88946262220151], [-42.66739458099437, -21.88137701733473], [-42.66873114802331, -21.87447732416842], [-42.64968173722167, -21.86762156917928], [-42.64027115488915, -21.86580666894184], [-42.63477709488626, -21.86273482495142], [-42.61098566595501, -21.85449002659266], [-42.60501372420327, -21.85466255792994], [-42.59965190501066, -21.85320279727051], [-42.57956424219526, -21.84556067868158], [-42.57901872603264, -21.84245108474897], [-42.58231104241992, -21.83990029086493], [-42.58211303418847, -21.83712971436404], [-42.49795267757327, -21.80232502667786], [-42.45967192401935, -21.78474627991613], [-42.46032050158914, -21.78699280617229], [-42.45903274526427, -21.78871294844305], [-42.46251062866185, -21.79095007318654], [-42.46232263528066, -21.7921814321266], [-42.46375138731594, -21.79232242603837], [-42.46195604733299, -21.79552771862853], [-42.46508614221096, -21.79813143221907], [-42.46650549543153, -21.79679667732404], [-42.46882222276662, -21.79845606409532], [-42.4669566799061, -21.80158111737387], [-42.46312160827489, -21.80431642516214], [-42.46523653763535, -21.80511539815632], [-42.46219103928428, -21.80739952236928], [-42.46263282494419, -21.8083300895612], [-42.46100667891437, -21.80941105397619], [-42.46183385105064, -21.81089620519492], [-42.45848756364938, -21.81368791126732], [-42.45830896908291, -21.81529525696976], [-42.45467129144623, -21.81759817971147], [-42.45230257070637, -21.81577464058643], [-42.4519077836166, -21.81783317166276], [-42.44828890540794, -21.81986350359705], [-42.44921947439849, -21.82085987058576], [-42.44814790969752, -21.82309699622863], [-42.44907316729211, -21.82511662892853], [-42.44598598266623, -21.8241685591309], [-42.43952839891574, -21.82925378913029], [-42.44351386507208, -21.83099273082911], [-42.44372065788133, -21.83198909691851], [-42.4459295843821, -21.831688306969], [-42.44741473470151, -21.83272227281384], [-42.44576978924363, -21.83616255825467], [-42.44039316990813, -21.83917045685035], [-42.4397069925829, -21.84065560716977], [-42.44294048431516, -21.84163317383116], [-42.44390865216184, -21.84430268541985], [-42.44660636109398, -21.84382330090386], [-42.44971765744322, -21.84670900411646], [-42.45308274427248, -21.84705679263612], [-42.45217097470999, -21.84913412314052], [-42.45342113307811, -21.85150284388038], [-42.45265975894, -21.85267780543558], [-42.45054482957948, -21.85215142234949], [-42.44993234540067, -21.85436555592491], [-42.44652176456702, -21.85543191175253], [-42.43774245864682, -21.86349684210478], [-42.43523744205356, -21.86403732386265], [-42.43184885593922, -21.86753400668829], [-42.43201804989235, -21.86922594981695], [-42.43032610676369, -21.87122338275213], [-42.43543953590512, -21.87367670091822], [-42.43667089484518, -21.87760106893342], [-42.44018637619956, -21.879509206384], [-42.44287469441088, -21.87975374823611], [-42.444087245829, -21.87695249136362], [-42.44607997890716, -21.87812745112018], [-42.44866489217031, -21.87631801336482], [-42.45755229480181, -21.87901572229697], [-42.46503580355875, -21.88526371274935], [-42.46594352437342, -21.88857451739926], [-42.47063225857113, -21.89052638888097], [-42.47046783642077, -21.89169326912827], [-42.47409078855833, -21.89319141015466], [-42.47670533808014, -21.89157658119348], [-42.47974983368715, -21.89175691594812], [-42.48225862563436, -21.89531059600642], [-42.48524477682423, -21.89543789234409], [-42.48648591319363, -21.89792016418346], [-42.49113751977995, -21.89754358027125], [-42.49403350404225, -21.90237552341091], [-42.49991033529301, -21.90329311518434], [-42.50161291830079, -21.90522377075962], [-42.50489078977739, -21.90548366583772], [-42.50624330988012, -21.90746205922585], [-42.50849750915199, -21.9071968581477], [-42.51130815494668, -21.90902631391248], [-42.51197856895504, -21.9129462383774], [-42.5180921206541, -21.91354182519433], [-42.52543466697557, -21.90976994082934], [-42.52765295541883, -21.90701053570689], [-42.52976373800539, -21.91048019660303], [-42.53393144457976, -21.91204364459776], [-42.53484748502268, -21.91417528066387], [-42.53813057436577, -21.91616490298713], [-42.53728718925163, -21.92553322527738], [-42.53844101943679, -21.92869426312899], [-42.54056229801091, -21.93083033734939], [-42.54204664073916, -21.93103101926533], [-42.54435918892472, -21.92907457473109], [-42.54668615414198, -21.93036299385631], [-42.54422365929372, -21.93549612534514], [-42.54603069226192, -21.93794179207924], [-42.5458981978428, -21.94276922421955], [-42.54940278121268, -21.94955017809747], [-42.5468904531312, -21.95213296536326], [-42.55157227783764, -21.95455347266386], [-42.55343303360689, -21.95234341301733], [-42.55569538343445, -21.95193154510395], [-42.55646653140457, -21.95594868088614], [-42.55873411978308, -21.95781884716132], [-42.5554301014173, -21.96186621275473], [-42.55723770995161, -21.96684475797844], [-42.55139984902308, -21.96758441258982], [-42.5528526426346, -21.96939786581805], [-42.55319726823859, -21.97583035578549], [-42.54978277355542, -21.97918347623568], [-42.5473214514231, -21.98418658913903], [-42.55140771988965, -21.99185281405533], [-42.54697259360955, -21.9934076519408], [-42.54881683512809, -21.99495792756551], [-42.54744058731251, -21.99817141837548], [-42.5553781835556, -22.00192552224428], [-42.55732635882367, -22.0000732380887], [-42.5602128453458, -21.99932875681588], [-42.56060437239313, -22.00408206413516], [-42.56312472782321, -22.00386436884475], [-42.56662480738822, -22.00885972059888], [-42.57095982023878, -22.01119526085182], [-42.57240197217254, -22.01483052021155], [-42.57243365888553, -22.019114125116], [-42.57426474691982, -22.02048538619084], [-42.5755171688815, -22.02587046634818], [-42.57446089175602, -22.02703544992528], [-42.57040488457704, -22.02650756407206], [-42.56495782314431, -22.02909790564308], [-42.56329158084105, -22.03108442260725], [-42.5650421921427, -22.03917371289577], [-42.56849309857688, -22.04499223210507], [-42.57251754135069, -22.04688123827776], [-42.5732364252201, -22.04830172374477], [-42.57881760884482, -22.04775044112915], [-42.58131983034514, -22.04960504913294], [-42.58102040556651, -22.05210410142234], [-42.57812621904901, -22.05267892828914], [-42.57735148278397, -22.05515596877217], [-42.57420713455087, -22.05715581189042], [-42.57559811595956, -22.06022598673911], [-42.57391055342856, -22.06411547005212], [-42.58184933587739, -22.07103782973127], [-42.58659704042037, -22.0732418801079], [-42.58845968296725, -22.07702654024189], [-42.59079452264837, -22.07695548390768], [-42.59580022829715, -22.07909698913397], [-42.59834909223611, -22.07833002211208], [-42.60059518591834, -22.08389150159076], [-42.60329749308409, -22.08472791156311], [-42.60640694042723, -22.09069240423031], [-42.60343381771577, -22.09809396766173], [-42.59115747283835, -22.09955636783133], [-42.58712398558276, -22.10374766542162], [-42.58891205634558, -22.10566919197885], [-42.59323854272384, -22.10729429839239], [-42.59593687668479, -22.11210890440162], [-42.60204238574676, -22.1114877741407], [-42.60643444079608, -22.11674020339689], [-42.60676455583882, -22.11902451017221], [-42.6093729054345, -22.12126146674251], [-42.60734593876333, -22.12704338624252], [-42.61046336669028, -22.13041860483395], [-42.61626964792515, -22.13301690360646], [-42.61732160830485, -22.13453077557404], [-42.61126889844019, -22.13890711317197], [-42.61115097393758, -22.1407243660359], [-42.60392811209198, -22.14047609379594], [-42.60093805244844, -22.13935416885903], [-42.59474122442725, -22.14225773530546], [-42.5893478372322, -22.14177058694224], [-42.5874055354364, -22.14056835614394], [-42.57765532683112, -22.14129339317481], [-42.57773568665186, -22.144104417584], [-42.57624016355197, -22.14658240325451], [-42.57724234465775, -22.14859336379192], [-42.57582016486799, -22.14934110510711], [-42.57473614995263, -22.15213501811581], [-42.57565217061045, -22.15412936997365], [-42.5738720291701, -22.16340947416711], [-42.5710986386905, -22.16343883343467], [-42.565238728184, -22.16104074083677], [-42.56149343227537, -22.16142216579954], [-42.55768397423532, -22.1638672551689], [-42.55804489555476, -22.16683022813174], [-42.55573538437977, -22.17021310534977], [-42.55573391398821, -22.17212805516482], [-42.55668163664745, -22.17266545224805], [-42.5602720243337, -22.17053652314127], [-42.56459816087568, -22.17252711043704], [-42.56518619338738, -22.1742504641868], [-42.56421368001656, -22.17686225818591], [-42.5664908182959, -22.17873885281506], [-42.57210094390268, -22.17567100721044], [-42.57690964856067, -22.1790391571306], [-42.58329658067191, -22.17715792289903], [-42.59212932970405, -22.17900391539763], [-42.59457302062765, -22.1827606947495], [-42.59851217979252, -22.18323704225492], [-42.60093756771386, -22.18819550202005], [-42.60554607339185, -22.19140695496623], [-42.60687793606718, -22.19391088787643], [-42.61240884758951, -22.1966791711061], [-42.61908480202129, -22.19256015382729], [-42.6241027546377, -22.19115302688988], [-42.62696679857817, -22.18750231807672], [-42.63176914772725, -22.18608806041487], [-42.63651695659155, -22.1878480399543], [-42.64107665516275, -22.18750143943913], [-42.64226551843819, -22.18897494983327], [-42.64179341843078, -22.19422142377891], [-42.64340243327496, -22.19618421123158], [-42.63895424524151, -22.20172114911099], [-42.64165362061738, -22.20405189687676], [-42.64738050880271, -22.20597796501028], [-42.6435946831474, -22.20875449862046], [-42.64474432339108, -22.21218985577644], [-42.64807622523688, -22.21200115912541], [-42.6526296411443, -22.21389019317712], [-42.65532070588512, -22.20998654284392], [-42.65890713025914, -22.20929856417661], [-42.66029374725792, -22.21365055712675], [-42.65890725976152, -22.21500697579052], [-42.65965770264012, -22.21823686304003], [-42.66645587943458, -22.21991551239023], [-42.67123905503763, -22.22388700667926], [-42.6708817660799, -22.22636501663146], [-42.67465580432116, -22.23616565112314], [-42.67468175066153, -22.24062661042893], [-42.68446798341, -22.2463645656714], [-42.69004363440547, -22.25329561190222], [-42.6958775922763, -22.25380148504973], [-42.70198768788077, -22.25726612862815], [-42.70418609860883, -22.25900564409443], [-42.70798898260472, -22.26523354998756], [-42.71457754002074, -22.26805030217895]]]}}, {"type": "Feature", "id": "31", "properties": {"id": "31", "unidade": "31", "camada": "AISP", "label": "AISP 31"}, "geometry": {"type": "MultiPolygon", "coordinates": [[[[-43.56897207190286, -23.08147212004155], [-43.56844742720625, -23.08156101892513], [-43.56904289801059, -23.08161473812891], [-43.56897207190286, -23.08147212004155]]], [[[-43.55936671260298, -23.08049356142794], [-43.56131711099516, -23.08113893201534], [-43.56107617002851, -23.08289288160046], [-43.56385008661147, -23.08215291222632], [-43.56139740966199, -23.07873958216521], [-43.55936671260298, -23.08049356142794]]], [[[-43.57390145838485, -23.07279311820707], [-43.57316263474706, -23.07327594712649], [-43.57417530104857, -23.0731773481553], [-43.57390145838485, -23.07279311820707]]], [[[-43.51130627606307, -23.06135304930302], [-43.51102291497483, -23.06295206818265], [-43.50908229581057, -23.06337999978638], [-43.50800085385561, -23.06500191270732], [-43.51396362881769, -23.06574927181066], [-43.51423788427019, -23.06463929436717], [-43.5125203788117, -23.06371702971637], [-43.51349363412317, -23.06254652879852], [-43.51130627606307, -23.06135304930302]]], [[[-43.51245509072913, -23.06075611080507], [-43.51169333617781, -23.06092888585863], [-43.51264379007813, -23.06130730438781], [-43.51245509072913, -23.06075611080507]]], [[[-43.50933719155739, -23.05298285397475], [-43.50772179872132, -23.05346378532465], [-43.50944665343957, -23.05414701916885], [-43.50933719155739, -23.05298285397475]]], [[[-43.50891879366668, -23.04769080058918], [-43.50894936791826, -23.04769267117905], [-43.50895848974176, -23.0476640601475], [-43.50891879366668, -23.04769080058918]]], [[[-43.50905177102169, -23.04762770775176], [-43.52336957874235, -23.04850682562875], [-43.53492166989844, -23.05061538419187], [-43.53615802637108, -23.05196356416639], [-43.53499069196613, -23.05337229009831], [-43.53620175320759, -23.05554515378503], [-43.53983497740154, -23.05642048461692], [-43.54218810659512, -23.0591401361076], [-43.54539682830023, -23.05926056072553], [-43.54914301903437, -23.06204937997416], [-43.54969495815504, -23.06321416210312], [-43.54775359974809, -23.06467457836834], [-43.55139170636141, -23.06703824401899], [-43.55254403377938, -23.07106838489727], [-43.54888195213965, -23.07343756788867], [-43.55304227977666, -23.07628014591126], [-43.55454717740957, -23.07300941235371], [-43.56297783236033, -23.07570345115255], [-43.56619217213029, -23.07525192493563], [-43.56734498158488, -23.07336110213237], [-43.56916927703975, -23.07425846995164], [-43.57243691603014, -23.07318250756589], [-43.57130310925038, -23.07227498730003], [-43.56761901580421, -23.07167083713864], [-43.56739705233139, -23.06885148500726], [-43.568818338195, -23.06622819677307], [-43.56793249698643, -23.06444721806389], [-43.55283000829752, -23.05036600398711], [-43.55377102471226, -23.04464457918323], [-43.56369397329752, -23.0327883031369], [-43.56407468959452, -23.03128224897586], [-43.56272020087584, -23.02849432365332], [-43.5636684811148, -23.02607980943486], [-43.55920461340145, -23.02360118614507], [-43.55531353559047, -23.02477726375895], [-43.5496446204022, -23.02464591687482], [-43.54454765784737, -23.01921162671442], [-43.54154789631764, -23.01183527217927], [-43.53865991782021, -23.01337213981162], [-43.53252793901243, -23.01306505101053], [-43.53066832897946, -23.01244594782145], [-43.53002859714132, -23.00922349616667], [-43.52203535894392, -23.00774432813745], [-43.52314048004837, -23.00201333994289], [-43.52092661357165, -22.99866697789793], [-43.52225150740043, -22.99682991296936], [-43.52208259583438, -22.99468402714535], [-43.51926470779932, -22.99200294487923], [-43.52087266324207, -22.98830988519228], [-43.519073139613, -22.9817429151027], [-43.51931222977487, -22.97743765092605], [-43.51631392065019, -22.97417440062731], [-43.52082296310851, -22.96779282038159], [-43.51772516828117, -22.96439274812604], [-43.51878479628061, -22.95705537290638], [-43.51728497981725, -22.9524927065724], [-43.51197491840702, -22.95217609305149], [-43.50645365930819, -22.94973666671302], [-43.50326726687013, -22.94408778572193], [-43.50139875714621, -22.94274533712684], [-43.49541183178985, -22.94154512170923], [-43.49298099487629, -22.93903085379009], [-43.48450567239814, -22.93619395498627], [-43.48289924760144, -22.93430208267421], [-43.47927419015105, -22.93451556194287], [-43.47232996435565, -22.93164682533995], [-43.4641919955634, -22.9425907031976], [-43.46658916185959, -22.94630098310313], [-43.45590568539831, -22.94773986510194], [-43.44280882066982, -22.94526507562199], [-43.43689297323141, -22.94761630724599], [-43.43666342757439, -22.95588790989837], [-43.42840191621474, -22.95708107103383], [-43.42600533897451, -22.96317865886726], [-43.42555661594434, -22.96983037926782], [-43.42097335963211, -22.97349013616008], [-43.41544215313212, -22.97388457880947], [-43.40930223870663, -22.97831735426172], [-43.40781000083012, -22.97840342028087], [-43.40290647435359, -22.97270373119147], [-43.37922628886139, -22.9730333417146], [-43.37424762942385, -22.97751459602102], [-43.36944073420182, -22.97561441127527], [-43.35782188457159, -22.97553226090434], [-43.35486851277091, -22.97855197479305], [-43.34760052924031, -22.97872974737919], [-43.34502600494545, -22.98172431532413], [-43.3419014597838, -22.98170317406147], [-43.33820858355853, -22.97876101680669], [-43.33365508941012, -22.97724442618852], [-43.32881049101064, -22.97329219987438], [-43.32096860511632, -22.97417730993413], [-43.3118286170963, -22.97355479291861], [-43.30469222596474, -22.96951990991516], [-43.30362801502014, -22.96656704713075], [-43.30134814909707, -22.96530677858419], [-43.30108231219822, -22.97348861900377], [-43.30017825522157, -22.97258172556542], [-43.29929101017126, -22.97384634413271], [-43.29859872285203, -22.97250878515155], [-43.29814482242489, -22.97437777511345], [-43.29622120224593, -22.97397709386701], [-43.29536740028459, -22.9763346666108], [-43.2922555778319, -22.97382937932161], [-43.29693997819669, -22.97948602775722], [-43.29272698536136, -22.97948258695106], [-43.28270698194092, -22.98794127017271], [-43.28498344033278, -22.99244999517038], [-43.28478410560126, -23.00115252326958], [-43.2756916899188, -23.00111082620288], [-43.27570828241056, -23.00458696221779], [-43.27763619955022, -23.00589850920807], [-43.28151360406883, -23.00623531970348], [-43.28697850895031, -23.00996224426137], [-43.28750604406792, -23.01111664371734], [-43.28556059644364, -23.01494360526237], [-43.28643115996931, -23.01643712017619], [-43.28716102456093, -23.01483658414026], [-43.28945603416793, -23.01470111476385], [-43.29226222741914, -23.01510177082929], [-43.29430217040812, -23.01700999641344], [-43.29785292407246, -23.01547473766823], [-43.30884316288092, -23.01627276457566], [-43.32649704979826, -23.01230777238504], [-43.34140527503268, -23.01111976616352], [-43.37274906571611, -23.01178786621625], [-43.39905558814417, -23.01432329428383], [-43.43615848342654, -23.02053549801406], [-43.45773408625837, -23.0261548452691], [-43.46497745444526, -23.0287997127358], [-43.46945169044244, -23.03196423366165], [-43.47018466488964, -23.03380672509951], [-43.46791073359276, -23.03593538620834], [-43.46836172831036, -23.03793039816856], [-43.47067208304946, -23.03786750498062], [-43.47054227490531, -23.03696656685281], [-43.4720556999099, -23.03657714421905], [-43.47053937459174, -23.03367586294996], [-43.47415382363931, -23.03166034195044], [-43.49295528595695, -23.03552390320482], [-43.49579696555679, -23.03733814513851], [-43.49839651708487, -23.03727804794278], [-43.50032337842043, -23.04108366587769], [-43.50306972538681, -23.04004761990097], [-43.50613151585605, -23.04149782436434], [-43.50743632872286, -23.04293139226917], [-43.50701834362093, -23.04614626983368], [-43.50905177102169, -23.04762770775176]], [[-43.57182975224055, -23.07301613658467], [-43.57179967711266, -23.07297177932338], [-43.57182584738422, -23.07297296462986], [-43.57182975224055, -23.07301613658467]]], [[[-43.31028190998143, -23.04734372073534], [-43.31029803482573, -23.04634908044494], [-43.30988091577092, -23.04702553070291], [-43.31028190998143, -23.04734372073534]]], [[[-43.31030453422613, -23.04471009029766], [-43.31031994860604, -23.04387365694294], [-43.309818866147, -23.04421065000071], [-43.31030453422613, -23.04471009029766]]], [[[-43.3038824629046, -23.03667089314644], [-43.30275662321884, -23.03845599614652], [-43.30795779201776, -23.03868368380421], [-43.30659714743967, -23.03732924185027], [-43.3038824629046, -23.03667089314644]]], [[[-43.31604911657274, -23.03764710003287], [-43.3164172999177, -23.03699304828979], [-43.31575758784169, -23.03738589913917], [-43.31604911657274, -23.03764710003287]]], [[[-43.3049090758924, -23.0337755743825], [-43.30503706920467, -23.03416724981793], [-43.30517200078646, -23.03393426065685], [-43.3049090758924, -23.0337755743825]]], [[[-43.30616708893928, -23.0332831568914], [-43.30534290974674, -23.03343028687749], [-43.30561581621623, -23.03381285937519], [-43.30616708893928, -23.0332831568914]]], [[[-43.29861477575059, -23.03125888009248], [-43.29931672898311, -23.03316836832477], [-43.29831860741706, -23.03393435418633], [-43.30125584897752, -23.03346590812441], [-43.30076136304575, -23.03194056080747], [-43.29861477575059, -23.03125888009248]], [[-43.30069067363496, -23.03203769298437], [-43.30061179769558, -23.03196288467859], [-43.300739165979, -23.03205770379924], [-43.30069067363496, -23.03203769298437]]]]}}, {"type": "Feature", "id": "32", "properties": {"id": "32", "unidade": "32", "camada": "AISP", "label": "AISP 32"}, "geometry": {"type": "MultiPolygon", "coordinates": [[[[-41.98221766611169, -22.57095742664313], [-41.98941930035971, -22.59900653032633], [-41.99228133701337, -22.59941357517556], [-41.99104397240069, -22.59599018979463], [-41.99467076104605, -22.59570923169491], [-41.99619561643379, -22.592892123372], [-41.99076072102974, -22.57956157970239], [-41.9952287310204, -22.5746732211914], [-41.99823148999053, -22.57556064610617], [-41.99901043238481, -22.57857019765572], [-42.00226065330577, -22.5816684457414], [-42.00294055156445, -22.58466011427208], [-42.00437651975983, -22.5847870715653], [-42.00732830065982, -22.58059762208183], [-42.00895333872489, -22.57417135812091], [-42.01059697656848, -22.57194138928293], [-42.01338233972245, -22.57171086516354], [-42.01475731140005, -22.57583302467356], [-42.01715672240408, -22.5779990795931], [-42.0194905620391, -22.57818397840708], [-42.02175545964599, -22.57641909756251], [-42.02093247924978, -22.56852939921163], [-42.02784768841934, -22.57110312760648], [-42.03048744234087, -22.57028034685976], [-42.032338697672, -22.56157258920285], [-42.03439564863953, -22.5597556160281], [-42.03696683555029, -22.56016700730078], [-42.03857811488734, -22.56709207393931], [-42.04195322915746, -22.56889271812366], [-42.04900439513597, -22.56127412759815], [-42.05574233623912, -22.56297897419955], [-42.06230161262857, -22.55999559382082], [-42.06281585037044, -22.56182970807379], [-42.06064585012513, -22.56456572632641], [-42.06034832831199, -22.57025484388515], [-42.06132110158683, -22.57268677617299], [-42.06309746857261, -22.57317316281046], [-42.0653179297779, -22.56849962265869], [-42.06997032237177, -22.5688802742045], [-42.07274061108961, -22.56750570272521], [-42.07735218165715, -22.57375784534753], [-42.08060178924046, -22.57496810889035], [-42.08424389963551, -22.56918671279578], [-42.08793048240511, -22.57265785757329], [-42.09394448005298, -22.57129645666538], [-42.09112041277609, -22.56493870035996], [-42.09220927323861, -22.56262198471603], [-42.09454930020928, -22.56170015623644], [-42.09781512616638, -22.56174465379195], [-42.10082482700341, -22.56487337540517], [-42.10539732472603, -22.56047892006535], [-42.10788538640071, -22.56569993870045], [-42.11073560776134, -22.5673286370062], [-42.11464802468583, -22.56589467519831], [-42.11780754897848, -22.56684927137599], [-42.12433169964748, -22.56465544719038], [-42.12459724876328, -22.56366406604303], [-42.12215420085494, -22.56261957543228], [-42.1208264570746, -22.56051288925767], [-42.12025110230582, -22.55767151812529], [-42.12122478029863, -22.55494521794668], [-42.12267644616031, -22.55400694716212], [-42.12575681122712, -22.55768922217908], [-42.13363475543889, -22.55485670217428], [-42.13051013203625, -22.55257298355559], [-42.13117400257744, -22.546598137893], [-42.13392685793741, -22.5422519923348], [-42.1387155859548, -22.54010989895193], [-42.1403870191449, -22.54215191307958], [-42.14545166995788, -22.5403842991953], [-42.14717773696225, -22.54081802872827], [-42.14726625273465, -22.54287160633879], [-42.14361938492596, -22.54353547687998], [-42.14096389826454, -22.5487225281214], [-42.14414734542294, -22.54856684468336], [-42.14467356393311, -22.55170055213802], [-42.14695145044834, -22.55187375257083], [-42.14925720155787, -22.55565423355529], [-42.15172841443405, -22.55662509756945], [-42.15401249458023, -22.55109668706166], [-42.15209101838508, -22.55152673117294], [-42.15154095525014, -22.54854248384777], [-42.15617669509766, -22.54613860411251], [-42.15703293242314, -22.54761501931694], [-42.16040259590233, -22.54532474733844], [-42.1618704711446, -22.54502984884766], [-42.16378548661021, -22.54667987457577], [-42.16539337640245, -22.54545392235985], [-42.16609098590953, -22.5478973659699], [-42.16981213322265, -22.54713479213615], [-42.17186786470944, -22.54851206427958], [-42.17679141639002, -22.54571819803562], [-42.17964542389649, -22.54902039617355], [-42.1796491776667, -22.55147743573428], [-42.18214498160489, -22.55273475630321], [-42.18216604732447, -22.55111103034898], [-42.18639726492108, -22.55115722042859], [-42.18523412675279, -22.55180236078957], [-42.18651499157289, -22.55279126520395], [-42.18578508741115, -22.55395440337224], [-42.18736262328571, -22.55457128973245], [-42.18687460258013, -22.55548098815632], [-42.18859168895455, -22.55464192608326], [-42.18805485574626, -22.55310677165943], [-42.19042822328316, -22.55174114303856], [-42.19045714637946, -22.5491206139244], [-42.19310272790784, -22.54777286562449], [-42.19806111302921, -22.54842178223868], [-42.19834397409437, -22.5468577272016], [-42.20396791418716, -22.54482778377445], [-42.20360185863814, -22.54196589820685], [-42.21358518500756, -22.5385382887103], [-42.22170455132323, -22.53963574129563], [-42.22636648572399, -22.54200894875322], [-42.23006576961882, -22.54094876857005], [-42.24073983107763, -22.54614225625937], [-42.24967490767011, -22.54670797838969], [-42.25175476706812, -22.54389600699437], [-42.25423395962878, -22.53387940301127], [-42.25655104939068, -22.53199272518333], [-42.25903863262607, -22.53214989520075], [-42.25916155556058, -22.52883780541958], [-42.2619273215879, -22.5272398063712], [-42.26135539863202, -22.52649174219937], [-42.26276970305861, -22.52642518697201], [-42.26564822878203, -22.51975299710239], [-42.26553175668448, -22.51835533193224], [-42.26366820312433, -22.51739027663916], [-42.26341861967285, -22.51166650370538], [-42.26145523237233, -22.50665820171389], [-42.26383688536322, -22.50160434996002], [-42.26292076488068, -22.50004972071724], [-42.26913465663836, -22.4972597161622], [-42.26882465673179, -22.49196657099969], [-42.26987495696295, -22.49101343532101], [-42.27016644972116, -22.49221179543724], [-42.27073555600037, -22.49060626906328], [-42.27028674843393, -22.48573879820617], [-42.27302123244317, -22.48388804829403], [-42.27555675943614, -22.48428133171728], [-42.27716228401147, -22.48307834458916], [-42.27566780412513, -22.48111192297608], [-42.27782103381293, -22.48031320089274], [-42.27787482316381, -22.47892803809771], [-42.28057061743931, -22.47943067098788], [-42.28442747514714, -22.47725967159579], [-42.28398966628936, -22.47625486357032], [-42.2852097899991, -22.47514957519195], [-42.28409732413149, -22.47454669127603], [-42.28510213215696, -22.47446774069289], [-42.28608540861399, -22.47108727995322], [-42.28705433099185, -22.4716829881786], [-42.28852565693279, -22.47031214259056], [-42.28770027894399, -22.46961595401228], [-42.289193135554, -22.46846760159775], [-42.28842517568057, -22.46768528674579], [-42.2890998326904, -22.46551059563672], [-42.29296116632401, -22.46393161185364], [-42.29757628111975, -22.46745726184241], [-42.30088202258656, -22.46581635434052], [-42.3024127568425, -22.46445458021395], [-42.30196038076622, -22.46168567375406], [-42.30412510738705, -22.45730461111816], [-42.30167428663827, -22.45495293522902], [-42.30198960243746, -22.45308687435897], [-42.29816970236914, -22.44892724369657], [-42.29666991558338, -22.4413330203019], [-42.29368944091425, -22.43654264382718], [-42.29313015343308, -22.43402820233888], [-42.29463774633422, -22.42996446998353], [-42.29317939041579, -22.42895356365528], [-42.29000580792098, -22.42954187765474], [-42.28738227237324, -22.42358975156503], [-42.28307861528515, -22.41898536837925], [-42.28124738425862, -22.41260505887561], [-42.26909994010941, -22.40252085825023], [-42.27100574741655, -22.40119507858924], [-42.28379950734063, -22.40169224629938], [-42.28462811929154, -22.40033332302369], [-42.28409485639179, -22.39662560618598], [-42.28843331184714, -22.39474604019682], [-42.29034061112958, -22.39108522839979], [-42.28120555409231, -22.38556341801655], [-42.28070341313128, -22.38311544811864], [-42.27673223540359, -22.37918514817528], [-42.27317401916491, -22.37843222676509], [-42.26984770300834, -22.37561556900255], [-42.26617664613457, -22.37606542337983], [-42.26434217485075, -22.37255441435394], [-42.2607544185808, -22.37212839920551], [-42.25836813318205, -22.36652988384628], [-42.25603891426374, -22.36551837317359], [-42.25190215156232, -22.36743832681657], [-42.25031395242621, -22.36458550821385], [-42.24679002194125, -22.36491117431046], [-42.24198444422598, -22.36314337966246], [-42.24053509142061, -22.36151043655661], [-42.22317159019599, -22.35864934598976], [-42.22600741610864, -22.35245579329944], [-42.21876386266138, -22.35529309140225], [-42.21782016266963, -22.3598497763453], [-42.2117064032272, -22.3616625892563], [-42.21097859628446, -22.3635488947649], [-42.20703934538875, -22.36680895966498], [-42.20687464624717, -22.36829256944577], [-42.2054912344322, -22.36877446037226], [-42.20725278778519, -22.36263197658366], [-42.2122601958506, -22.356542536608], [-42.21239606812333, -22.35060080128517], [-42.21539851143143, -22.34646381375325], [-42.21682295301616, -22.34197626419245], [-42.22536972573153, -22.3367348417388], [-42.22931443821, -22.33729175680838], [-42.23098622933031, -22.33458040965741], [-42.23807036895164, -22.33073611188127], [-42.24195433402457, -22.32995562535103], [-42.2472321529408, -22.32638216110706], [-42.25043000813764, -22.32701776865434], [-42.25753626838332, -22.32139628730806], [-42.26150649912489, -22.32154487599445], [-42.26367760823427, -22.31729549479047], [-42.26614936879758, -22.31684784914813], [-42.26218001039842, -22.31337198203056], [-42.25287413073579, -22.31049358940686], [-42.25003971855745, -22.30580758015492], [-42.24940071606943, -22.29691780511183], [-42.24654361669383, -22.29199630028825], [-42.23926567137289, -22.28628463132992], [-42.23512118529374, -22.2888893161882], [-42.23397933767558, -22.28859258128182], [-42.23073625287503, -22.27967048730238], [-42.22742507770442, -22.2746490480144], [-42.21644869834802, -22.26775248538814], [-42.21251397284084, -22.26354854872579], [-42.21098550127914, -22.25977438817671], [-42.20184019107126, -22.25254481828796], [-42.20025883667523, -22.2523624762465], [-42.19690244539083, -22.24709769210403], [-42.19281873279755, -22.2453550820706], [-42.18526185015355, -22.24483090861878], [-42.18323586014611, -22.24337935157502], [-42.17853938818149, -22.23316119872959], [-42.17398184438588, -22.2297665179097], [-42.17140113005735, -22.22511764616166], [-42.1630376436716, -22.22176098687925], [-42.16031749485575, -22.21920035441207], [-42.15908960010421, -22.21522471514771], [-42.15334620306407, -22.21413576115566], [-42.14739467142618, -22.21021496704634], [-42.14262005557038, -22.21213282886617], [-42.13645364262078, -22.21131812493076], [-42.13384540184308, -22.21361156701943], [-42.1287039219477, -22.21412408615686], [-42.12584465340728, -22.21160566336988], [-42.12256088417672, -22.21189557691855], [-42.11822767806416, -22.20806977370034], [-42.11595008113062, -22.2085394329477], [-42.11409178860441, -22.20682206508548], [-42.11156548236039, -22.2095309157184], [-42.10903686755665, -22.20954488218979], [-42.10601110392855, -22.20622460767873], [-42.10195201297427, -22.20522940081543], [-42.09769643004546, -22.20197096009099], [-42.09315037059241, -22.20200773067148], [-42.09320920693864, -22.19793104268268], [-42.09659343134103, -22.19281110604692], [-42.09348668556134, -22.1889870421175], [-42.09739241242914, -22.18389473085637], [-42.09534301037093, -22.18058249538507], [-42.09195448271248, -22.1778836658977], [-42.08831093699939, -22.16964594610278], [-42.08529059628324, -22.16927676540962], [-42.07594872485305, -22.16376658685772], [-42.07033894638454, -22.16488352775184], [-42.05547949767993, -22.16031987576088], [-42.05198083544644, -22.16224448429472], [-42.04011831810516, -22.16118554337737], [-42.02711911795222, -22.15750887113671], [-42.02006174035631, -22.14719152306958], [-42.01356508825751, -22.14401942985205], [-42.00634239188713, -22.14263418881598], [-42.00128202814233, -22.13972653225289], [-41.99933784856211, -22.13577193712445], [-41.98954086981456, -22.13131159925013], [-41.98220141716092, -22.12597002019947], [-41.97636830914939, -22.12564550163779], [-41.97170010197738, -22.13174360118546], [-41.96404143586284, -22.12877052703743], [-41.96075297666778, -22.12495850862751], [-41.9580343207266, -22.11760536919166], [-41.96064971111457, -22.10890370983759], [-41.96270477530442, -22.105710158796], [-41.96219734722905, -22.10312389565047], [-41.95903632916253, -22.09863686769648], [-41.96256595325542, -22.0955660992953], [-41.96073035781905, -22.09238409375013], [-41.96200570260038, -22.09123192821016], [-41.96236917439717, -22.0804407111691], [-41.95978649235201, -22.07667847473107], [-41.9544843602643, -22.07674707411741], [-41.94723041335214, -22.07135134418843], [-41.94225863462754, -22.07018133070306], [-41.94051287426902, -22.06460683713505], [-41.93665030856414, -22.06093051562999], [-41.93519838999299, -22.05679870369642], [-41.92889883241446, -22.06088408902872], [-41.92528585195976, -22.06016872510583], [-41.92464324229104, -22.06233622433649], [-41.92056490404633, -22.06365886806151], [-41.92053159585572, -22.06514969759968], [-41.90992289712329, -22.06792398470338], [-41.90459639071014, -22.0648891990765], [-41.90517871972139, -22.0626472980336], [-41.9033977248244, -22.06121223455619], [-41.90344586373487, -22.05795296375749], [-41.89945454029407, -22.0548792311908], [-41.89831378805013, -22.05627259130625], [-41.8950064862596, -22.05596995055203], [-41.89364995158326, -22.05356051390584], [-41.88931306904215, -22.05122765902848], [-41.88839649530127, -22.04891244255441], [-41.88261373673384, -22.05014397776159], [-41.87736527708512, -22.05509530230557], [-41.8726964403877, -22.05154704336059], [-41.86936942365924, -22.05147358673588], [-41.86697845279264, -22.05271156738416], [-41.86684176483482, -22.05664747460048], [-41.86195182531577, -22.05868345607587], [-41.86089778390487, -22.06209919002481], [-41.85770452604231, -22.06172412416822], [-41.8578705067178, -22.06348695006193], [-41.8559767494267, -22.06335769679947], [-41.85667346320901, -22.06474955324853], [-41.8538078868238, -22.06810410272141], [-41.85125836907775, -22.06879960062031], [-41.84890051844343, -22.07145257097858], [-41.84275932608131, -22.06974218275474], [-41.8375087458312, -22.07128605610581], [-41.83717134807853, -22.07298803926585], [-41.83887128168357, -22.07423108219791], [-41.8327254533163, -22.07828812719453], [-41.83101147679747, -22.08480799978861], [-41.82909390995525, -22.0859660073246], [-41.82931024007479, -22.08793771695127], [-41.82642214736347, -22.08916594714998], [-41.82408462230671, -22.09369477289465], [-41.82180969725897, -22.09511349299254], [-41.82161798158387, -22.09946879544776], [-41.81420025643592, -22.10090601909673], [-41.81034076371452, -22.09913115487814], [-41.79664570863179, -22.09831412619519], [-41.79292613962889, -22.09872530073125], [-41.79183926127217, -22.10057277711121], [-41.77877857357157, -22.09673455605412], [-41.76681495084858, -22.08478441236997], [-41.76302842642002, -22.08485247306243], [-41.76061014763945, -22.08371505010871], [-41.75330911672165, -22.08549671769856], [-41.75200285864429, -22.08698112337936], [-41.73940474802998, -22.0859641466273], [-41.7370444071729, -22.08421252718563], [-41.73633473865652, -22.07991910258374], [-41.73306748997197, -22.07945830255784], [-41.73401652744008, -22.07740657485277], [-41.73252518438903, -22.07720773025176], [-41.7336188364394, -22.07596042363389], [-41.73137730142059, -22.0746679251838], [-41.72903634275229, -22.07122427717786], [-41.72816865166124, -22.07199254461949], [-41.72791557524289, -22.07033850881436], [-41.72609884668367, -22.07022100879175], [-41.72595423120208, -22.06919966493183], [-41.72309808240982, -22.07020293331794], [-41.72130846930969, -22.06759082095886], [-41.72317942788754, -22.06645197617701], [-41.72204962219155, -22.06592774606787], [-41.72228462133745, -22.06471659399483], [-41.72069385463692, -22.06443640211751], [-41.72085654739101, -22.06347832826145], [-41.71546059443017, -22.05878737273827], [-41.70854618116061, -22.05675372230564], [-41.70481330219138, -22.05243334412273], [-41.69981504023121, -22.04941450167712], [-41.69827850444869, -22.05002911724921], [-41.69661542955771, -22.05340949615055], [-41.69533197019354, -22.05266834416796], [-41.69594691401812, -22.05084773863143], [-41.68918582526487, -22.05001103997677], [-41.6891044797872, -22.05121315296384], [-41.68783909679615, -22.04988450086825], [-41.68504621620917, -22.05422295722292], [-41.67526661596082, -22.05829025808816], [-41.66154838355033, -22.05591525918106], [-41.65274261328022, -22.05829628714315], [-41.64823076583644, -22.05602825719751], [-41.64803705456569, -22.05330016197212], [-41.6445244339547, -22.05198688558551], [-41.64070832992473, -22.05342123230326], [-41.62873861609353, -22.05102406061116], [-41.62621230355421, -22.04935330461052], [-41.62539710499169, -22.0508464921711], [-41.62132917819827, -22.05026536015748], [-41.61922475471795, -22.04800256516546], [-41.6156799338811, -22.04654209943754], [-41.61205003807805, -22.04716598701992], [-41.61103621974502, -22.04992385699961], [-41.60830670718804, -22.04929287916229], [-41.60661937308487, -22.050186173952], [-41.60525816193388, -22.04848466113742], [-41.60145811439975, -22.05081006333296], [-41.5984946450111, -22.04923616161881], [-41.59436847362542, -22.04879660537824], [-41.59363115095613, -22.0475488284149], [-41.59154679674651, -22.04803092258823], [-41.58969417264723, -22.04657028958644], [-41.5879183137784, -22.046666862385], [-41.58444170741814, -22.0492421259226], [-41.58518746033229, -22.05017029372328], [-41.58233857356561, -22.05098579535741], [-41.5794896885975, -22.05004153059139], [-41.55121804137877, -22.05544307283878], [-41.54627972193089, -22.05498648523735], [-41.54286482075412, -22.05336622077368], [-41.53950051723433, -22.05000541022071], [-41.52397479859735, -22.02351282075932], [-41.5189033084402, -22.01774560337611], [-41.48429317109225, -22.00406971104758], [-41.48098613280303, -22.00216495684651], [-41.47970452874029, -21.99929050325335], [-41.4774708762792, -21.99941866294017], [-41.47430348291869, -22.00373949977734], [-41.47064175741042, -22.00190863657355], [-41.46912214057357, -21.99987637919077], [-41.46870193684418, -21.99282699476925], [-41.4658135356654, -21.98853342537649], [-41.46647151115059, -21.98716171194269], [-41.46206642042824, -21.98359303119264], [-41.45674685318397, -21.98446289684443], [-41.45289936821052, -21.98277892530638], [-41.45173954584266, -21.97382376415464], [-41.4505685727807, -21.9729427451108], [-41.44556981619331, -21.97836931279278], [-41.43994640490195, -21.98222618578905], [-41.27666785763478, -22.06740398770307], [-41.27103310499308, -22.07889739090109], [-41.25695423005294, -22.09941863755932], [-41.25232089229462, -22.09907798965673], [-41.24841322918644, -22.09615887213346], [-41.24356546966993, -22.09924865759871], [-41.22879126140685, -22.09549317506918], [-41.22337107801212, -22.09772268435364], [-41.21953632384151, -22.09642461370419], [-41.21815898334967, -22.09860457843774], [-41.21618710554975, -22.09823794822194], [-41.21491876378917, -22.09664261116677], [-41.20892386414425, -22.09741550741893], [-41.2072888912686, -22.09618679968031], [-41.20633763427367, -22.09941710961112], [-41.20379104022356, -22.09937747379058], [-41.2010363583405, -22.10377703817898], [-41.19949056583619, -22.1035392241551], [-41.19872757921365, -22.10164661799627], [-41.19550717801314, -22.10280596192484], [-41.19503154996534, -22.10426257405777], [-41.191127432884, -22.10321222796119], [-41.19183096622538, -22.10077463264241], [-41.19330739671824, -22.10007109930103], [-41.19270295157924, -22.09709842085465], [-41.19034462790154, -22.09825776568255], [-41.18910601143256, -22.1016664363562], [-41.18898710487025, -22.09896129902398], [-41.18710440834104, -22.10029900369528], [-41.18658914357337, -22.09869375790981], [-41.18265530120044, -22.09832712769401], [-41.17912772306522, -22.09986301236734], [-41.17614835006555, -22.09580088710049], [-41.17488670285832, -22.09746505107046], [-41.16662265810845, -22.0978514996462], [-41.16663256773808, -22.09944683670136], [-41.16003322295416, -22.10175561582821], [-41.15947832326526, -22.10027918713399], [-41.16105384196049, -22.09767313890347], [-41.15803161986264, -22.09342220906694], [-41.15577238438732, -22.09656333862642], [-41.15134309470733, -22.09505718194259], [-41.1528492513911, -22.0976929572634], [-41.15174936074368, -22.0992288401381], [-41.14891540721953, -22.09865412208927], [-41.14813260223707, -22.09526526977561], [-41.1448032032045, -22.09929820214955], [-41.14407985240251, -22.09657324915537], [-41.14131526178915, -22.09428428569043], [-41.14518856989582, -22.09092200114867], [-41.14412851471843, -22.08895626032239], [-41.13512271544022, -22.09348802415224], [-41.13375521533021, -22.09545723006636], [-41.13441483657471, -22.09697305895872], [-41.14649437021825, -22.10470139555218], [-41.16754666924265, -22.11595778602225], [-41.19785113502115, -22.12992474932696], [-41.22942076255742, -22.14212507900839], [-41.26691076741724, -22.15412132014205], [-41.43670403506241, -22.19857283306902], [-41.48819310182944, -22.21352232279617], [-41.57889765680068, -22.24837773674238], [-41.64239524944048, -22.27539309311595], [-41.67566496256723, -22.29164838226626], [-41.6939178681144, -22.30305703605262], [-41.714394809672, -22.31774887810747], [-41.72736572344866, -22.3299365732135], [-41.74087128418171, -22.34067384622023], [-41.7576670272108, -22.34801481962745], [-41.76705737030068, -22.35536848966331], [-41.77333875168131, -22.36362780577787], [-41.77475522527271, -22.36984748737086], [-41.77472366536415, -22.37403851606388], [-41.77319761118008, -22.37532921227256], [-41.77061304775322, -22.37679007280286], [-41.76867422093784, -22.37547398333686], [-41.7673107605824, -22.37612800000642], [-41.76695311099655, -22.37775422067995], [-41.77102575743203, -22.38443699916741], [-41.77047461061403, -22.38680507239542], [-41.76908109131858, -22.3851417690766], [-41.76704400367709, -22.38614064967049], [-41.7677581031532, -22.39082801330142], [-41.76837493555411, -22.38946931305759], [-41.77001097142846, -22.38928449698119], [-41.78399580696021, -22.39637117089205], [-41.7915728461092, -22.40117246423705], [-41.79475703610757, -22.40559865395392], [-41.79637035510706, -22.40517673611669], [-41.8176101888584, -22.41700324010668], [-41.8384539557847, -22.43210468738067], [-41.85427533463826, -22.44893739884111], [-41.85506383232928, -22.45245135674395], [-41.8537096736618, -22.45570819487654], [-41.85785785685385, -22.45759373416274], [-41.86018906777053, -22.46302751081021], [-41.86060045814389, -22.46522159220194], [-41.85975395238228, -22.46590099223624], [-41.86156036841555, -22.46792991133555], [-41.85950341744802, -22.47005542571657], [-41.86221173658163, -22.47276374395085], [-41.86252027868716, -22.47538635679416], [-41.861337531701, -22.47718618799144], [-41.86389157933218, -22.4769633521762], [-41.8644116311911, -22.47919076244295], [-41.86673702799072, -22.47768328465509], [-41.87102347115552, -22.48137047176908], [-41.87313071580917, -22.48142007927248], [-41.87364495355104, -22.4825856842811], [-41.87268504327938, -22.48399126708256], [-41.87508481940813, -22.48385413665829], [-41.87686751042651, -22.48508830687911], [-41.8772788999006, -22.48803660290611], [-41.88312307676784, -22.48857013290456], [-41.8856987360071, -22.48600978102581], [-41.88746240456561, -22.48580430482406], [-41.89330135007651, -22.48854398601537], [-41.9130698416991, -22.51172581939028], [-41.92073198279405, -22.5250102907915], [-41.92013203876184, -22.52627874406801], [-41.92203471822694, -22.52669013534069], [-41.92234326033247, -22.52878136756527], [-41.92464018909271, -22.53063262289646], [-41.92608005405054, -22.52991269131689], [-41.92851411233568, -22.53186679311722], [-41.93261087319252, -22.53754055025541], [-41.93770182557807, -22.53635780326925], [-41.93701617525556, -22.53368376719135], [-41.94190143290405, -22.53130113214075], [-41.94107008341689, -22.52936417141859], [-41.94334986930028, -22.52816428335422], [-41.94936644980106, -22.5292784651283], [-41.95606868062436, -22.53268100422417], [-41.95627437626069, -22.53162681712314], [-41.95760282331094, -22.53161824568474], [-41.96111678121378, -22.534120869182], [-41.96642199977475, -22.53950322259487], [-41.97206147205856, -22.5476538898144], [-41.98221766611169, -22.57095742664313]]], [[[-41.69747004630489, -22.4033738076543], [-41.69403314141562, -22.40867129744163], [-41.6986771073619, -22.41056190440759], [-41.69524489513509, -22.41716575479495], [-41.69788206170705, -22.4185926893004], [-41.70417187243322, -22.41563722207934], [-41.70611168040898, -22.41264328365986], [-41.70599049136734, -22.40849129004022], [-41.70271214504874, -22.40764296495007], [-41.70048343616094, -22.40383811323755], [-41.69747004630489, -22.4033738076543]]], [[[-41.68632873218451, -22.39831322717293], [-41.68714110507722, -22.39855614215145], [-41.68710878344285, -22.40224067356746], [-41.69072240241621, -22.40282468161297], [-41.69230406168236, -22.40042518517339], [-41.69064360921448, -22.3993574623762], [-41.69233138578409, -22.39823368573525], [-41.69178279933601, -22.39733975962145], [-41.68663439286223, -22.39679113809979], [-41.68632873218451, -22.39831322717293]]]]}}, {"type": "Feature", "id": "33", "properties": {"id": "33", "unidade": "33", "camada": "AISP", "label": "AISP 33"}, "geometry": {"type": "MultiPolygon", "coordinates": [[[[-44.4104973511711, -23.06160708619728], [-44.40949360344632, -23.06256930143132], [-44.41008200557934, -23.06371149798645], [-44.4119233665694, -23.06389840318798], [-44.4104973511711, -23.06160708619728]]], [[[-44.40530208642144, -23.05869275306731], [-44.40715382918512, -23.06097022499512], [-44.40895365498648, -23.06005300733966], [-44.40530208642144, -23.05869275306731]]], [[[-44.41186798721714, -23.05843662524927], [-44.41271252076547, -23.05968957960965], [-44.41813276531411, -23.06126096592004], [-44.420161029707, -23.05901810619986], [-44.4149484584039, -23.0567129450456], [-44.41186798721714, -23.05843662524927]]], [[[-44.40199691062821, -23.05426709484976], [-44.40119921557061, -23.05719554733588], [-44.40492536221495, -23.05887659607725], [-44.4039831182256, -23.05609269342227], [-44.40472727664178, -23.05505943714252], [-44.40199691062821, -23.05426709484976]]], [[[-44.41273326182983, -23.0556166130155], [-44.41144159435339, -23.05527100535187], [-44.41294272202828, -23.05604600511828], [-44.41273326182983, -23.0556166130155]]], [[[-44.42103833455076, -23.05354296343626], [-44.42116401120944, -23.05290760320253], [-44.42079396536849, -23.0532008451421], [-44.42103833455076, -23.05354296343626]]], [[[-44.48285019567925, -23.04141788272835], [-44.48454181505201, -23.04429936901988], [-44.48894289120074, -23.04544623035849], [-44.4881257528005, -23.04662176118455], [-44.49115974612465, -23.0493152702827], [-44.49139572912884, -23.05250093426991], [-44.49270671044559, -23.0519109906989], [-44.49932121240329, -23.05487261917528], [-44.50334950157753, -23.05519440559658], [-44.50386793555606, -23.05310279295878], [-44.49997074325449, -23.04993260000873], [-44.50231263362042, -23.04889573205162], [-44.50119829896158, -23.0475728320198], [-44.49948210471462, -23.04848456021352], [-44.49752159074808, -23.04794825041063], [-44.49617485418543, -23.04593410537387], [-44.49329069331014, -23.04700076697105], [-44.48435218040805, -23.04022537360134], [-44.48115140870982, -23.04081578122253], [-44.48285019567925, -23.04141788272835]]], [[[-44.40016015236841, -23.04645402413314], [-44.39930332958426, -23.04541545286008], [-44.39939420517771, -23.04667472136055], [-44.40016015236841, -23.04645402413314]]], [[[-44.49256387202433, -23.04335874560883], [-44.49268785525959, -23.04458950290245], [-44.49340453758862, -23.04427500998293], [-44.49256387202433, -23.04335874560883]]], [[[-44.51536266075743, -23.03538826385653], [-44.51916521110491, -23.03846617737139], [-44.52072927873252, -23.03855227216883], [-44.51848362212075, -23.03569677268712], [-44.51536266075743, -23.03538826385653]]], [[[-44.41300078495755, -23.03472067641729], [-44.41278300423153, -23.03346238637926], [-44.41183928715265, -23.03322040669565], [-44.41140372570067, -23.03513203891168], [-44.41300078495755, -23.03472067641729]]], [[[-44.44496523915376, -23.02960791906946], [-44.44781064464479, -23.03450258992183], [-44.4502661121906, -23.0342485773092], [-44.44972633280327, -23.03237522383677], [-44.44719677820802, -23.03112632182155], [-44.44666758204255, -23.02852268017676], [-44.44514349917245, -23.02817341137307], [-44.44496523915376, -23.02960791906946]]], [[[-44.48016583538424, -23.0300442089723], [-44.48175787642413, -23.03188178201788], [-44.48331824693884, -23.03209977498386], [-44.48188790670082, -23.03003840294917], [-44.48016583538424, -23.0300442089723]]], [[[-44.39932898544362, -23.02621512322855], [-44.40141000316839, -23.03237348095064], [-44.40528166281774, -23.03279694382314], [-44.40278928169926, -23.02617882479217], [-44.39932898544362, -23.02621512322855]]], [[[-44.43662962725477, -23.0248309505871], [-44.43547682859202, -23.02592622411515], [-44.43694946574453, -23.02611260501192], [-44.43662962725477, -23.0248309505871]]], [[[-44.4261000014132, -23.01536860417696], [-44.42576674144124, -23.01510459110324], [-44.42585762962517, -23.01546814923495], [-44.4261000014132, -23.01536860417696]]], [[[-44.42612596933731, -23.01465014478759], [-44.42637266866302, -23.01477133113127], [-44.4263553567136, -23.01468909712338], [-44.42612596933731, -23.01465014478759]]], [[[-44.42617357764777, -23.01412644887574], [-44.42624715478166, -23.01402257628013], [-44.42610432895088, -23.01407451212827], [-44.42617357764777, -23.01412644887574]]], [[[-44.42208744857618, -23.00383316576722], [-44.42260427456688, -23.00381513705815], [-44.4221595643117, -23.00357174813689], [-44.42208744857618, -23.00383316576722]]], [[[-44.42253215883136, -23.00307595728884], [-44.42244501992099, -23.0034785990573], [-44.42271845699048, -23.00323220640041], [-44.42253215883136, -23.00307595728884]]], [[[-44.42368600160694, -23.00237283313896], [-44.42324730242035, -23.00207235435488], [-44.42346665156401, -23.00245696831365], [-44.42368600160694, -23.00237283313896]]], [[[-44.42247894684522, -22.9955939629902], [-44.42216075231613, -22.99418619213827], [-44.42150989856225, -22.99444653417942], [-44.42247894684522, -22.9955939629902]]], [[[-44.40541508803517, -22.99444037472273], [-44.40695816908351, -22.99697031063056], [-44.40821416585032, -22.99496071616335], [-44.41060055916773, -22.99431477630509], [-44.4087165649168, -22.99232312421202], [-44.40812445218097, -22.99390209090802], [-44.40598732035784, -22.99350598990873], [-44.40541508803517, -22.99444037472273]]], [[[-44.40037316039229, -22.99329203579805], [-44.4001757888808, -22.99393797655563], [-44.40053464355822, -22.99338175036672], [-44.40037316039229, -22.99329203579805]]], [[[-44.4003193305719, -22.99049295798284], [-44.40139589910075, -22.99293318022131], [-44.40455383339196, -22.99122861330909], [-44.40254423892475, -22.98979318920357], [-44.4003193305719, -22.99049295798284]]], [[[-44.409093363767, -22.98941639035337], [-44.41022376031754, -22.99278963673157], [-44.41352523719922, -22.99356117770543], [-44.41356112284683, -22.98948816074926], [-44.41605517220768, -22.9886807341278], [-44.41691606442413, -22.98656456999811], [-44.41399356185269, -22.98523970314903], [-44.41298695158582, -22.98591754196025], [-44.41230512607996, -22.99006233021157], [-44.409093363767, -22.98941639035337]]], [[[-44.4107620441323, -22.98381823382368], [-44.41381232058143, -22.98458977389816], [-44.41417117795675, -22.98383617619783], [-44.4107620441323, -22.98381823382368]]], [[[-44.40069613032142, -22.97791504973895], [-44.39856093563793, -22.97753825088881], [-44.39759202405196, -22.97796887866002], [-44.39807647984492, -22.979368417118], [-44.39495443210063, -22.97938636129078], [-44.39879419279703, -22.9821136669114], [-44.39920687729483, -22.98493068710076], [-44.40076790161663, -22.98423091922075], [-44.40066024467382, -22.98197012522036], [-44.40180850715615, -22.98157562321569], [-44.40536126001342, -22.98505628821636], [-44.40607897206615, -22.98265195072617], [-44.40771176768322, -22.98200600996859], [-44.40641988526875, -22.98062441388481], [-44.40676079757202, -22.97945813168667], [-44.40263395439274, -22.97603105638734], [-44.40069613032142, -22.97791504973895]]], [[[-44.40703629318966, -22.97761019755183], [-44.40808218224618, -22.97852994589954], [-44.40837456623251, -22.97829276679698], [-44.40703629318966, -22.97761019755183]]], [[[-44.41808506617213, -22.97121169116582], [-44.42007236734514, -22.97339382506419], [-44.42318970444057, -22.97417315956289], [-44.42537183923827, -22.97230275766537], [-44.42451457128971, -22.96938025509394], [-44.41874749959669, -22.9691464547443], [-44.41777333237269, -22.96708122012143], [-44.41555222995072, -22.96688638559743], [-44.41422736220227, -22.96840608697056], [-44.41485082980125, -22.97062719029185], [-44.41808506617213, -22.97121169116582]]], [[[-44.40831713372802, -22.96193675717484], [-44.40643702544764, -22.96304554031866], [-44.40900811343295, -22.96309374667828], [-44.40831713372802, -22.96193675717484]]], [[[-44.32046934178595, -22.83990473871194], [-44.32101772858459, -22.8470736286443], [-44.32339371404794, -22.84981549698682], [-44.31439978941802, -22.84263586285402], [-44.3114836432548, -22.84376245617165], [-44.30990331408594, -22.84660953799903], [-44.30548770579225, -22.84748705868003], [-44.30459389029505, -22.85243072999344], [-44.30306883705646, -22.85396950418851], [-44.29956503519747, -22.85165561421445], [-44.29645501408692, -22.84489545625951], [-44.29170982944436, -22.8424548077424], [-44.28792963534369, -22.8421910159019], [-44.28529149660454, -22.84386536469407], [-44.28198620839606, -22.84200306838613], [-44.27939305734299, -22.84577099573409], [-44.27535827056698, -22.84649542662186], [-44.2720410420597, -22.84562987142067], [-44.26681016235835, -22.84885364957552], [-44.26298211173435, -22.84722935165246], [-44.26083950483854, -22.84758691130617], [-44.25212471987919, -22.85359833329568], [-44.25019824435276, -22.85640381967977], [-44.24795336205727, -22.85716168915985], [-44.24458718974626, -22.86807063105402], [-44.24036691240235, -22.86917333478078], [-44.23762325261026, -22.87202103084513], [-44.23476367560244, -22.87037072632717], [-44.23147597363652, -22.87140463191747], [-44.23164666406154, -22.87432905004488], [-44.23400783229488, -22.87637643402445], [-44.23770121663711, -22.88621631762817], [-44.23680945159418, -22.89722320378706], [-44.24164821429292, -22.90232634108702], [-44.238176252931, -22.90399260587327], [-44.2369811978233, -22.90675453269478], [-44.24083894765857, -22.91076838505217], [-44.24114839628072, -22.91475881456688], [-44.23156614596013, -22.92016530038751], [-44.23109454057987, -22.92180818100201], [-44.22658982386054, -22.92478686781891], [-44.22338986874672, -22.9288620791209], [-44.21492878523452, -22.93186387581642], [-44.20369766661327, -22.92892632219122], [-44.1925414417334, -22.92890408735298], [-44.19055933504455, -22.92758057668152], [-44.18215056239779, -22.92618795131216], [-44.17650901897531, -22.93026801985246], [-44.17337209914234, -22.92397058377463], [-44.17395490209634, -22.91611413785643], [-44.17039519388237, -22.91266084282285], [-44.16331649336075, -22.90068100442403], [-44.16097872908438, -22.90353911823496], [-44.15605863529703, -22.90243339728266], [-44.1521473380285, -22.8948203933457], [-44.14350555373761, -22.88621949763092], [-44.14242088411578, -22.88246194486209], [-44.13464321341286, -22.87809647377247], [-44.12819954757032, -22.87670909504794], [-44.12603428135628, -22.87520973813815], [-44.11976111168525, -22.86830876073992], [-44.11928740369001, -22.86353517190986], [-44.11743198899438, -22.8610726770616], [-44.11306310677622, -22.86014480963451], [-44.11125990312132, -22.86461400313294], [-44.10379177636867, -22.86925847539754], [-44.09781735968267, -22.87642420241423], [-44.09376098108368, -22.87849160800056], [-44.08844856255041, -22.88338037030707], [-44.0797257025784, -22.87909834371283], [-44.07192277621442, -22.87856239543743], [-44.06381295170564, -22.88034202516354], [-44.05117019964428, -22.87785385736885], [-44.04609209317482, -22.88236391516176], [-44.04259328615052, -22.88293365096644], [-44.03214749241209, -22.87833730412251], [-44.02600782709879, -22.87338204324595], [-44.01894527660249, -22.87113030631781], [-44.01431468537368, -22.86454223003909], [-44.00207397433371, -22.85623459604898], [-44.00073197719826, -22.85086660840648], [-43.99830571783389, -22.84742255660495], [-43.99649384291581, -22.84703641919464], [-43.99254336038706, -22.84825423704262], [-43.9916787800509, -22.84972467715136], [-43.99273230794893, -22.85248764898506], [-43.98177147427339, -22.86096993041718], [-43.97832555907655, -22.86846060767016], [-43.97439167893208, -22.87172889687031], [-43.97440321813326, -22.87676303278698], [-43.97005872912632, -22.8791956701433], [-43.9680920449112, -22.88175411186199], [-43.96739605778112, -22.88519492520487], [-43.96531632608685, -22.88623463681824], [-43.96078402536176, -22.88611262579627], [-43.95831251570928, -22.88766469107185], [-43.95477991486047, -22.8878916808556], [-43.94650714039147, -22.88616788733736], [-43.93994371542942, -22.88667856736123], [-43.9385868965673, -22.8871895576512], [-43.93642234081767, -22.89277325757899], [-43.92784403877062, -22.89437215684876], [-43.92417284340127, -22.89406982276336], [-43.92119733478842, -22.8898384909528], [-43.91089154660688, -22.8846000191748], [-43.90519662482365, -22.8861534766009], [-43.8977011550835, -22.88424480855031], [-43.89325200927209, -22.88182247023002], [-43.89064016581028, -22.88382985866025], [-43.885116735748, -22.8854379867729], [-43.88469752756811, -22.92250888957284], [-43.88938432912278, -22.92171504541227], [-43.89160606556675, -22.92303335980097], [-43.89423259855482, -22.92297071212789], [-43.89639513712513, -22.92513324979888], [-43.901766602446, -22.92652843643742], [-43.90445233510644, -22.92903976986872], [-43.9108796773545, -22.93108908469276], [-43.93203345857654, -22.92904410819824], [-43.94114291641171, -22.93049442417754], [-43.94990186617747, -22.92693208184932], [-43.95095428431205, -22.927105427073], [-43.95091290290742, -22.92830538258659], [-43.9538420235898, -22.92767914867301], [-43.95398776861987, -22.92893913303379], [-43.96491441906448, -22.9349618900784], [-43.96971467818912, -22.93249710195892], [-43.9764865713974, -22.93149137482629], [-43.98106458196418, -22.93269789179351], [-43.98349313100249, -22.9349108463577], [-43.98806892474033, -22.93538731437229], [-43.98979568422271, -22.93708991896381], [-43.98886711892169, -22.93832985383892], [-43.98929883487261, -22.93994878820524], [-43.99469173463513, -22.94185777821315], [-44.00663401644596, -22.94284117427998], [-44.01156195591881, -22.94569087673182], [-44.01231767871718, -22.94665127533534], [-44.01066453593887, -22.94839888290136], [-44.01298295489875, -22.95174423320901], [-44.01380780138817, -22.95113981415034], [-44.01821424828819, -22.95243100498612], [-44.01850117968496, -22.95382467266973], [-44.02264119163698, -22.95636606594041], [-44.02335852057854, -22.95997320619773], [-44.02048920571156, -22.96140786318159], [-44.02131574292645, -22.9628950001034], [-44.0241578299192, -22.96368281970558], [-44.0257263599828, -22.96244754781532], [-44.03020044939052, -22.96441614668703], [-44.03225852990653, -22.97072461205045], [-44.03159912180132, -22.98111700314638], [-44.0452089220534, -22.98513399323843], [-44.05418156332775, -22.98249146490838], [-44.05601594018276, -22.98150716502289], [-44.0559264576392, -22.97976227071143], [-44.05272748458503, -22.97291691638179], [-44.0475599126591, -22.97047853685422], [-44.04424908642545, -22.96472933289164], [-44.04243708110567, -22.96376740364201], [-44.04196730134913, -22.9616869533894], [-44.04603872200869, -22.95663123284436], [-44.043980642392, -22.95401389092757], [-44.04033425931789, -22.95273877637266], [-44.04013292539344, -22.94931609785885], [-44.04789546860025, -22.94173251794058], [-44.05279459559335, -22.94217992616188], [-44.05420393396366, -22.94477489924145], [-44.05809639133469, -22.94470778733375], [-44.06080321489571, -22.94622897708484], [-44.06203358907817, -22.94965165469932], [-44.06590367581327, -22.94967402623456], [-44.06800649760106, -22.95110573434141], [-44.07427022079332, -22.95217951407255], [-44.07907986614219, -22.95676545486106], [-44.08073527880936, -22.95951701969392], [-44.07995231374753, -22.96110532225202], [-44.08129454021014, -22.96486355580765], [-44.07923645969413, -22.96875601317868], [-44.07565718942703, -22.9686889021703], [-44.07637304258111, -22.97164180002829], [-44.07534400232311, -22.97309587877101], [-44.07831927171628, -22.97633959309695], [-44.07720074891472, -22.97828582223212], [-44.08093837720361, -22.98428667628832], [-44.08041937575285, -22.98681879485071], [-44.08189058568126, -22.98901881716392], [-44.08236295278732, -22.99295232139173], [-44.08317578523355, -22.9938605188471], [-44.08464650143418, -22.99247615734799], [-44.08739203811132, -22.99254683776559], [-44.09595328541508, -22.99555767444633], [-44.0968423425993, -22.99715171557841], [-44.09544275198067, -22.99907904186352], [-44.0955212951709, -23.00413200958383], [-44.0994513181231, -23.00939096522012], [-44.10348308137839, -23.0103930006357], [-44.10511699035607, -23.01557688986082], [-44.10759326641539, -23.01580161065505], [-44.11285121660961, -23.02307708194098], [-44.12386510039335, -23.02624625685849], [-44.1272149697943, -23.02865250181071], [-44.12672769102937, -23.03052890938091], [-44.13028175329953, -23.03247418613398], [-44.1448028779497, -23.03605089603127], [-44.14670083957134, -23.03502197628239], [-44.14993275838935, -23.03584764834955], [-44.15274678833288, -23.04146181640891], [-44.15427373104711, -23.04085103914338], [-44.1538630529368, -23.03844075713448], [-44.15567077388636, -23.03502814473234], [-44.16038150010542, -23.03193369628229], [-44.16491281517358, -23.03396039585482], [-44.16851761359624, -23.03398524502228], [-44.1697223571004, -23.03263932144677], [-44.17481203784456, -23.03549968626072], [-44.17664031190014, -23.03796490785345], [-44.17568834713876, -23.03853193759807], [-44.17608593201942, -23.04241174420588], [-44.17154834328068, -23.04312960914336], [-44.17116904071793, -23.04572932165013], [-44.17279730465117, -23.04921549409897], [-44.17904810188764, -23.0513616011562], [-44.18181928812891, -23.04609009638006], [-44.1849441003892, -23.04981951565736], [-44.18359741328925, -23.05220988487753], [-44.18650962311989, -23.05404474466843], [-44.18869094133316, -23.05259667159834], [-44.19095368866107, -23.05460025319837], [-44.19534725367208, -23.05498742572831], [-44.19649193685268, -23.048354993987], [-44.19388273200173, -23.04298508179534], [-44.19477491163212, -23.04120072163522], [-44.19800695995252, -23.03955103135422], [-44.20203018594361, -23.03933219392485], [-44.20329270459393, -23.04010653898479], [-44.2032253705537, -23.04175623016511], [-44.20916885775586, -23.04382128402426], [-44.21898206117248, -23.04971858924074], [-44.22417250555594, -23.04891686342171], [-44.2351932808445, -23.05656799411685], [-44.23121360632217, -23.06017261986972], [-44.22533785785515, -23.06067268429615], [-44.2253170205633, -23.06273544668272], [-44.23079688656634, -23.06211036839801], [-44.23586003281355, -23.05765146494235], [-44.24270465509505, -23.05479693492981], [-44.24449655067457, -23.0551824014459], [-44.24416317469002, -23.05292169557902], [-44.24610260944712, -23.0500909571312], [-44.24734829368805, -23.04938394701077], [-44.25022683739792, -23.05111780574134], [-44.25120986564207, -23.04948885292742], [-44.24812263874804, -23.04456954334898], [-44.24554710091724, -23.04542805505992], [-44.24420041381734, -23.04386253232923], [-44.24024452186649, -23.03241569602676], [-44.23678942908816, -23.03194435504719], [-44.23637700629308, -23.02942773540087], [-44.23810665709584, -23.02924256589091], [-44.23688622222068, -23.02598526820481], [-44.23567841292771, -23.02531613213301], [-44.23340637110641, -23.02651426112345], [-44.23305621557114, -23.02383743354994], [-44.23022284480771, -23.02084708792199], [-44.22657565324306, -23.02181895557959], [-44.22551513761277, -23.02099410998943], [-44.22477445957293, -23.01946225517815], [-44.22556984697013, -23.01757268513052], [-44.22213579562975, -23.01619233101047], [-44.22262136568276, -23.01185330808295], [-44.22391710439013, -23.01112925760839], [-44.22880965464111, -23.01469611902991], [-44.23068031824135, -23.01470190256998], [-44.23523560743661, -23.00877918700911], [-44.23870870104497, -23.00828422983255], [-44.23914170122782, -23.00558818734419], [-44.24132948017063, -23.00331706373072], [-44.24274632698069, -23.00261905942131], [-44.24639262641784, -23.00336915516164], [-44.24964303979374, -23.0020669053626], [-44.25169538443373, -22.9992332099439], [-44.26088210302589, -23.00775122413893], [-44.26260628055468, -23.00773038684713], [-44.2642106521991, -23.004386211054], [-44.2672058253878, -23.0025109717032], [-44.27267533210016, -23.00434916438167], [-44.27384007465901, -23.00554545965446], [-44.27408993240374, -23.00860848938947], [-44.27896348897309, -23.01320599456022], [-44.27723618989751, -23.01570694441915], [-44.27788504535783, -23.01733146987067], [-44.28115738870179, -23.0172800727164], [-44.2840824768241, -23.01520720374867], [-44.28958099116909, -23.01976763167011], [-44.28846415819362, -23.02138578182758], [-44.28891429855531, -23.02384050473472], [-44.29704366803014, -23.02654061215873], [-44.30553191736334, -23.02479771614094], [-44.30693965763834, -23.02305338030845], [-44.30644369591909, -23.02180572475362], [-44.30400734975865, -23.02109746367626], [-44.30414212305982, -23.01585030714517], [-44.30060083655866, -23.01561965532204], [-44.29840184486852, -23.01112225638627], [-44.29798013837194, -23.00853038956507], [-44.30087646437659, -23.00554448568869], [-44.3008680035548, -23.00266137162424], [-44.30296517130489, -23.00273124085334], [-44.30472750886673, -23.0059953077365], [-44.30731198775732, -23.00720693015495], [-44.30989484786818, -23.00669252513916], [-44.31690787000144, -23.00933213696777], [-44.31363530092767, -23.01318217061993], [-44.31317120398717, -23.01535762165616], [-44.31401237856767, -23.01634382720511], [-44.31644888480747, -23.0165468689421], [-44.31842609378845, -23.01139691023843], [-44.32146955787306, -23.01307402264723], [-44.32112569489419, -23.01416082815894], [-44.32272201940492, -23.01605834641481], [-44.32615562288294, -23.01461261787722], [-44.32786238504031, -23.01612862393608], [-44.32718780807016, -23.01811781188673], [-44.32503116815315, -23.01908031940047], [-44.32624598136624, -23.02155010415322], [-44.3292880344145, -23.02191153628758], [-44.3318818536639, -23.02043741525375], [-44.33287196316985, -23.02317066089648], [-44.33649449172668, -23.02576654139199], [-44.33808952840826, -23.02321785461953], [-44.34086173987669, -23.02352174273346], [-44.34204797173578, -23.02571334559366], [-44.34592051272074, -23.0282879481295], [-44.34647373337538, -23.03073488290772], [-44.34828233655986, -23.03145832544061], [-44.35100588301435, -23.03150088135982], [-44.35289959893663, -23.02996888715364], [-44.35215487934346, -23.0282666701699], [-44.34979305460507, -23.02733045073893], [-44.35221339283311, -23.02265999616111], [-44.35439411119853, -23.02214893212675], [-44.35850786924203, -23.02400316511319], [-44.35881213956787, -23.02014656820876], [-44.3624370747105, -23.01977381720712], [-44.36360725457041, -23.0154686618485], [-44.36170861485994, -23.01392400608722], [-44.36058230392945, -23.01080251412395], [-44.36322109107977, -23.01041635063331], [-44.36029268086179, -23.00816372697363], [-44.35852276201513, -23.00938658012581], [-44.3575251719484, -23.00858207180437], [-44.35686172498788, -23.00716416739164], [-44.3585259788901, -23.00479994236269], [-44.35622121793415, -23.00264229340632], [-44.35690774239765, -23.00117116891352], [-44.35435779387637, -22.9965126096684], [-44.3509742088919, -22.99406073581355], [-44.3473454363421, -22.9934232486832], [-44.34604195537122, -22.99139759772021], [-44.33927877299624, -22.98981899614898], [-44.33616489379409, -22.99065263171281], [-44.3326587141276, -22.99506600519123], [-44.32741170508541, -22.99415881227861], [-44.32664765366553, -22.9913367037251], [-44.32809823044823, -22.99102041306082], [-44.32861087099417, -22.98888209143462], [-44.33017173793462, -22.98791774480731], [-44.32982225059567, -22.98305908820561], [-44.32346418942006, -22.9816052190049], [-44.32128202224681, -22.98560177290273], [-44.31759195280563, -22.98506236133812], [-44.31462518560312, -22.98207107501935], [-44.31385182620011, -22.9784151753193], [-44.31510443701944, -22.97732447214588], [-44.31277107132718, -22.97479191561365], [-44.31111921907598, -22.96902287980129], [-44.30804420767333, -22.96759787973758], [-44.30914056038785, -22.96679802720644], [-44.30904813076592, -22.96513432368931], [-44.3059209847649, -22.96195711243001], [-44.3168698475647, -22.96018172480598], [-44.32050534884206, -22.95793264357587], [-44.32253876455161, -22.96042820020051], [-44.32866982065497, -22.96121383714808], [-44.32953248183782, -22.96569659512102], [-44.33142725536283, -22.96779162788056], [-44.332967722082, -22.9682999831569], [-44.33393821557547, -22.96749893902404], [-44.3334236360912, -22.96597480039594], [-44.33583298910042, -22.96532688202922], [-44.33855961483363, -22.95743969458545], [-44.33603325013365, -22.9563921768567], [-44.33523220690012, -22.95702376803172], [-44.33420009455801, -22.95528304117863], [-44.3301948819875, -22.95625353557142], [-44.32916276964539, -22.95455902218038], [-44.33295231669535, -22.95283369981462], [-44.33420009455801, -22.95058462038315], [-44.33358390787032, -22.94864363159752], [-44.3343444762159, -22.94659573230643], [-44.32900487207644, -22.94342145103838], [-44.32296624379637, -22.94189638880653], [-44.31998159087698, -22.93621592002791], [-44.3260010968724, -22.93721572962147], [-44.32279969744735, -22.9314908649107], [-44.32573992385767, -22.93319996800335], [-44.32717726891508, -22.93186529134937], [-44.32989795912277, -22.93304596719685], [-44.33107863586963, -22.93088994871141], [-44.3308219666597, -22.92837459441125], [-44.33200264340655, -22.92924726774646], [-44.33631468037748, -22.92796392439482], [-44.33964549314425, -22.92219962261373], [-44.34329607425371, -22.9246785615656], [-44.3447029511795, -22.92183335122741], [-44.3505105418273, -22.92283529041555], [-44.34640821956293, -22.92381732670748], [-44.3474109555504, -22.92664321870882], [-44.34932527044413, -22.92828405876151], [-44.3516390803785, -22.9275101489734], [-44.35164979400207, -22.93019837275591], [-44.35310831809369, -22.93152016212503], [-44.35775736610884, -22.92819290078097], [-44.35895051555315, -22.92301075983795], [-44.36100846566745, -22.92333196619649], [-44.36149483611706, -22.92486564213488], [-44.36442502699265, -22.92393142999072], [-44.36559128760712, -22.92482405118824], [-44.36073487481389, -22.92565815080224], [-44.36245053036697, -22.92802334170307], [-44.36670609441001, -22.92862757819938], [-44.36645367359745, -22.93053482442184], [-44.36137057319269, -22.93084651865115], [-44.36028835692139, -22.9319090037967], [-44.36620229330049, -22.93363133591663], [-44.37133884041441, -22.93791060159219], [-44.37190222790474, -22.93933929337294], [-44.37001809066163, -22.94182099324348], [-44.37095938316827, -22.94337611621404], [-44.36896000230155, -22.94674503055796], [-44.36651388770503, -22.94788567578252], [-44.36568255440562, -22.9461189819047], [-44.36695364989032, -22.94581979814438], [-44.36484626404314, -22.94455853944424], [-44.36365335112055, -22.94197255508857], [-44.36506949106342, -22.9408872001834], [-44.36412458418147, -22.94043702025152], [-44.3574058705837, -22.9439406062732], [-44.35008959076129, -22.94375988121277], [-44.3498460660424, -22.94609763919391], [-44.35390280616883, -22.9492010835624], [-44.35264685706608, -22.95200459323661], [-44.35728625895297, -22.95408264589662], [-44.35914922705444, -22.95672596293207], [-44.36265305139648, -22.95473615894582], [-44.36653910469522, -22.96013786397049], [-44.369620212602, -22.96020676373041], [-44.37117885192174, -22.95781375589934], [-44.37251270119947, -22.95856627261463], [-44.37523467473972, -22.96286880105356], [-44.3739528764234, -22.96699437618872], [-44.37592136108123, -22.96734598233047], [-44.37712592562025, -22.96963585141265], [-44.38062669856254, -22.96673253317908], [-44.38387698783197, -22.9723999761772], [-44.38542435684786, -22.97180699919289], [-44.38540262113332, -22.96923670980556], [-44.38712438578108, -22.96948576085839], [-44.38489724800888, -22.96659627419791], [-44.38090215640864, -22.96438040313234], [-44.37848238655215, -22.95967490017574], [-44.38011878755128, -22.95783276486941], [-44.38518347883377, -22.95669699217166], [-44.39005834841333, -22.95259951725313], [-44.3913883252103, -22.95526731923064], [-44.39565970293222, -22.95660603114266], [-44.39843722040069, -22.95587041178931], [-44.39999358893226, -22.95663207640843], [-44.40120207631406, -22.95531940796354], [-44.40103601380025, -22.95250990340855], [-44.40408287642288, -22.95201702816257], [-44.40638408595606, -22.95456652612353], [-44.41559533895298, -22.95371878019677], [-44.41618880966513, -22.95226102232755], [-44.4129683293242, -22.94717899121667], [-44.41025972420618, -22.94733091099198], [-44.40967918574512, -22.94408841794535], [-44.4122319680302, -22.94185258372897], [-44.41401776980348, -22.94470258205774], [-44.41731251705829, -22.94559620599932], [-44.41766891208988, -22.94715462498516], [-44.42355267531497, -22.95210528133288], [-44.42376003199917, -22.95301246884958], [-44.42134950357598, -22.95386781764489], [-44.42092862715367, -22.95530478228909], [-44.4225012644211, -22.95954805170044], [-44.42387531429358, -22.95950495708735], [-44.42645504926037, -22.95687793666667], [-44.42723122174277, -22.95886840255395], [-44.42409986421666, -22.96286459402501], [-44.42811086302515, -22.96404732392409], [-44.42872794004165, -22.96255605641608], [-44.43428033996497, -22.96318948490602], [-44.43578304055416, -22.97249641857411], [-44.43434580971063, -22.97493361459385], [-44.43088669606345, -22.97363777516244], [-44.43131109243222, -22.97636624900241], [-44.43015574239286, -22.97881559126574], [-44.43413014419008, -22.9801249861784], [-44.43641773708816, -22.98399926015696], [-44.43313654441528, -22.98468091569094], [-44.43387596790086, -22.98819317927104], [-44.43979135758434, -22.99250648518534], [-44.43763470507685, -22.99478637539016], [-44.42919294979407, -22.9921367720936], [-44.42808381411601, -22.99410856895452], [-44.42340079690854, -22.99694302699834], [-44.42358565255512, -22.99848349371752], [-44.42574230506261, -23.0009482395688], [-44.42752924627695, -23.00137957060991], [-44.43061017881598, -22.99983910389074], [-44.43122636640294, -23.00088662072022], [-44.42956266198655, -23.00181090075171], [-44.42950104313792, -23.00316651092498], [-44.4315960776961, -23.00495345213932], [-44.43362865613682, -23.00256297859784], [-44.43572452706456, -23.00187251960034], [-44.44170153739532, -23.00526154638248], [-44.44496732468156, -23.01228607174403], [-44.44028430657477, -23.01450434310016], [-44.43960650193776, -23.01949545455079], [-44.43726499378369, -23.01992678469259], [-44.43504672242756, -23.01659937765839], [-44.43369111135496, -23.01709232664876], [-44.43338301801117, -23.01869441221658], [-44.43036370432077, -23.01857117541863], [-44.42956266198655, -23.01949545455079], [-44.43079503536188, -23.02196020130145], [-44.43523157807414, -23.02239153144325], [-44.4384973662597, -23.02454818395074], [-44.43992473243975, -23.02723038767147], [-44.44194801099121, -23.02793720983357], [-44.44669264704731, -23.02732102314593], [-44.44952710509108, -23.02584217617471], [-44.45168375939727, -23.01758527563919], [-44.45371717330818, -23.01690747100218], [-44.45753753023212, -23.01752365768988], [-44.45876990360745, -23.01955707339943], [-44.46061201283339, -23.0189089302022], [-44.46131771444021, -23.01743612127922], [-44.45953370501576, -23.01557929644662], [-44.45942448055462, -23.01212050475669], [-44.46069877222982, -23.01091903028822], [-44.47015147431034, -23.01282955813684], [-44.47180266735847, -23.00930405383826], [-44.47544118855927, -23.00806793928319], [-44.4760157204484, -23.00617183656021], [-44.47785755268319, -23.00608911961638], [-44.48398412656547, -23.0087305498742], [-44.4863663767062, -23.01645080515976], [-44.48933867563863, -23.02052599667661], [-44.49227788671436, -23.0210939868972], [-44.49390239957535, -23.02361348527336], [-44.50063847458523, -23.02532099656594], [-44.50331984373508, -23.02982299193678], [-44.50535053899546, -23.03056449735288], [-44.50946030944499, -23.02599414811067], [-44.51519981601797, -23.02592329142601], [-44.52049646044259, -23.02774788725441], [-44.52171876141097, -23.02587014688902], [-44.52637768218358, -23.02540956899566], [-44.52788341708532, -23.02459470138359], [-44.53045202384112, -23.020042066987], [-44.53305605938891, -23.02092779398174], [-44.53596124191705, -23.02507299412258], [-44.5383881317062, -23.0230181079985], [-44.54177160607401, -23.02346982936837], [-44.54493364936769, -23.02236267129945], [-44.54407449464151, -23.02096322277373], [-44.54628881077929, -23.02007749667837], [-44.5445527873805, -23.0161271571418], [-44.54775911688898, -23.01478085315307], [-44.54472993223987, -23.0137002673527], [-44.54676710261896, -23.01084822756286], [-44.54366706038581, -23.00953735326544], [-44.54333048461342, -23.00835048018973], [-44.54437564162185, -23.00767732774568], [-44.54658995775964, -23.0085630538411], [-44.54630652562491, -23.00680931559668], [-44.54797169143967, -23.00643731013298], [-44.54817540766823, -23.00421413837103], [-44.54730739641849, -23.00357641471896], [-44.54585480515442, -23.00629559406565], [-44.54469450344783, -23.00641959618662], [-44.54419849676248, -23.0054807273529], [-44.54590794879209, -23.00323983804731], [-44.5429319077806, -23.00369155941718], [-44.54509308028071, -23.00044094279451], [-44.5427813342904, -23.00212382435421], [-44.54139074408687, -23.00044094279451], [-44.54449964374282, -22.99829748514003], [-44.54131988560351, -22.99863406091242], [-44.54052086494522, -22.99598004284394], [-44.5438109501145, -22.9963981979177], [-44.54147547641139, -22.99317807640631], [-44.54476637097054, -22.99329602878794], [-44.54591051635651, -22.99228163219078], [-44.54361042917725, -22.98794095271205], [-44.54339811363133, -22.98486237459815], [-44.54558939543352, -22.98352639302783], [-44.54442880594394, -22.98149869880513], [-44.54566943509565, -22.97861723859393], [-44.54712350484516, -22.97911082160635], [-44.54927125856102, -22.97800359518897], [-44.54853755476364, -22.97624270193836], [-44.55039182732025, -22.97282763798432], [-44.55204599892301, -22.97289433890182], [-44.55436717520422, -22.97572243783947], [-44.55527430156701, -22.97490869258132], [-44.55496747986456, -22.97222733512262], [-44.56051695878989, -22.97179378095746], [-44.55737223284154, -22.96315408669096], [-44.55776067701288, -22.96131062398536], [-44.5617175384329, -22.95921697708104], [-44.56162536511778, -22.95442397368669], [-44.56503796762735, -22.95496165585496], [-44.57081634379853, -22.95124399971007], [-44.57420699925291, -22.95067120980769], [-44.57568835263464, -22.94974947935424], [-44.57697886987819, -22.94640154979089], [-44.58143217325545, -22.94774451819421], [-44.58482738107807, -22.9456515817543], [-44.58671683781108, -22.94732011732879], [-44.59034459412698, -22.94677362809966], [-44.59448395676844, -22.94765731183469], [-44.59688501982708, -22.94570971932734], [-44.60229177184709, -22.94527950434485], [-44.60772177943585, -22.94269240213185], [-44.6121518272443, -22.9372682086601], [-44.61339596105404, -22.93741355169328], [-44.61373315555994, -22.93876233331423], [-44.62021544638503, -22.93960532092802], [-44.62260618972317, -22.93668501719901], [-44.62242786855057, -22.93503507600718], [-44.62509633872435, -22.93110878164418], [-44.62713954625235, -22.92410291181915], [-44.62956015697495, -22.92132409393099], [-44.63018973276922, -22.91707445731959], [-44.63349839433471, -22.91436494928223], [-44.63577574035742, -22.91534384244358], [-44.64030852311913, -22.91300804318587], [-44.63480409573168, -22.90565173993508], [-44.63200921235455, -22.90494341770381], [-44.62965809674301, -22.90585655513513], [-44.62160099588851, -22.9001109808363], [-44.60726210176387, -22.88522682235919], [-44.60228583362357, -22.89018173160088], [-44.59973006828727, -22.89075838139343], [-44.59276044563734, -22.88442947893651], [-44.58739262616803, -22.88267817515691], [-44.58284350542272, -22.88372468564495], [-44.57568087027522, -22.87800738513192], [-44.57212154517242, -22.8804582058807], [-44.56981482099644, -22.88399115836449], [-44.56615627908826, -22.8826852941902], [-44.56235466673377, -22.88363925724514], [-44.55590473981118, -22.88808158979276], [-44.54360289375779, -22.88493493839593], [-44.54494128910846, -22.88066346264793], [-44.53884731834836, -22.8736867209646], [-44.53056065834699, -22.86807685166463], [-44.52365689035247, -22.86555500605789], [-44.51837271772604, -22.86531463076483], [-44.5153542089289, -22.86181202320552], [-44.51162378780685, -22.8604166737897], [-44.51173769413856, -22.85755478642346], [-44.50903242640464, -22.85625910617205], [-44.50522981490332, -22.85153920506946], [-44.50094510203411, -22.85047837737443], [-44.4945948433766, -22.8467764323857], [-44.49068448320162, -22.84802230818218], [-44.48489451926594, -22.84619087840554], [-44.48192506219112, -22.84957929544737], [-44.47867216758573, -22.85085801808231], [-44.47790942018287, -22.85379683975157], [-44.47528467055037, -22.85722920396381], [-44.47874808205762, -22.86176668298526], [-44.48008549354995, -22.86649434523707], [-44.47597823041025, -22.8677906370275], [-44.47728127520998, -22.8736058440337], [-44.47067453530082, -22.87614085931244], [-44.46986691982175, -22.88049300604661], [-44.46614291716116, -22.88536113071086], [-44.45820959359713, -22.8832964113995], [-44.45617111380511, -22.88002189709209], [-44.45225642339449, -22.8772176778528], [-44.44428122469805, -22.87652223211455], [-44.4375959658804, -22.87308986790231], [-44.43324381824686, -22.86882745462253], [-44.43261567327397, -22.86106537726459], [-44.42301050912698, -22.85048634806571], [-44.41814665894043, -22.84810217517446], [-44.41063059472543, -22.84634883443039], [-44.40310082843973, -22.84852885941854], [-44.40334560591424, -22.85291604913556], [-44.40186700805526, -22.85461532083963], [-44.39690113787645, -22.85479514208134], [-44.39201057962384, -22.8524844662843], [-44.38738922713037, -22.85647767380482], [-44.38114721357232, -22.85834119678805], [-44.3774882094126, -22.85830296480918], [-44.37101258706053, -22.85744232530232], [-44.3638562201877, -22.85306774318104], [-44.34506736996241, -22.84559377443236], [-44.34131646228417, -22.84549297841744], [-44.33994184044286, -22.84138536724015], [-44.33783306604244, -22.84080208944408], [-44.33222462756379, -22.84295573012207], [-44.32903903642165, -22.84165457120071], [-44.32522529670933, -22.83775109803395], [-44.32046934178595, -22.83990473871194]]], [[[-44.35775301339015, -23.21454837890377], [-44.36101718909129, -23.21452346318648], [-44.35939756044831, -23.21255499021987], [-44.35643239134106, -23.21265465938427], [-44.35775301339015, -23.21454837890377]]], [[[-44.39243007378815, -23.06948607362261], [-44.39438720180721, -23.07253360084422], [-44.39647480436798, -23.07121020978258], [-44.39508617558579, -23.06762214324652], [-44.39453631569768, -23.06854478920991], [-44.3924114344394, -23.06716547920274], [-44.39243007378815, -23.06948607362261]]], [[[-44.37672099327847, -23.05826351564798], [-44.37621868234561, -23.05825746410989], [-44.37650312441895, -23.0586750481142], [-44.37672099327847, -23.05826351564798]]], [[[-44.37765299309041, -23.05755543803224], [-44.37719909715986, -23.05680499695228], [-44.37695096791214, -23.05710154210169], [-44.37765299309041, -23.05755543803224]]], [[[-44.37638813710214, -23.05623006216689], [-44.37718699318447, -23.05592746637871], [-44.3762428902964, -23.0557761671356], [-44.37638813710214, -23.05623006216689]]], [[[-44.36946455434497, -23.0385960331796], [-44.36398893943726, -23.04054218587243], [-44.36088828836307, -23.03849707717762], [-44.35930497794163, -23.03932171772232], [-44.35821645112759, -23.03806826423823], [-44.35838137959627, -23.03519851320004], [-44.35716091144616, -23.03457178555868], [-44.35422518884064, -23.03724362189485], [-44.35178425164116, -23.03608912531212], [-44.34644057806952, -23.03889290388361], [-44.34644057806952, -23.04017934539968], [-44.34911241440568, -23.04001441603168], [-44.34914540063897, -23.04225744032783], [-44.3467704341075, -23.04324700934126], [-44.34944227134304, -23.0482938122089], [-44.34617669269949, -23.04763410013283], [-44.34432949690802, -23.04816186907425], [-44.34373575639933, -23.04954726569298], [-44.34657252030485, -23.05208715979381], [-44.34868360056697, -23.05113057701374], [-44.35069572572644, -23.05350554264589], [-44.35016795498643, -23.05993774213232], [-44.3458138504281, -23.06109223961437], [-44.34518712368606, -23.06323630610984], [-44.34330694256062, -23.06330227767722], [-44.34545100905609, -23.06950357802691], [-44.3484881581013, -23.06876449088776], [-44.34743014708289, -23.06699667015943], [-44.34805687472425, -23.0654463441727], [-44.3515533534038, -23.06508350280063], [-44.35679806917483, -23.06884386505158], [-44.35953587707832, -23.06907476508758], [-44.3598987193497, -23.0711198746817], [-44.36326325399523, -23.07181257299106], [-44.3623396574485, -23.06986642119762], [-44.3628344410559, -23.06752444000011], [-44.35887616410298, -23.06630397095074], [-44.3576886812869, -23.06478663119731], [-44.35577551392811, -23.06521544503596], [-44.35452206044403, -23.06277450783648], [-44.35881019343498, -23.06013565593503], [-44.35884317876895, -23.0588492162176], [-44.35627029843482, -23.05650723591941], [-44.35889647259341, -23.05426696804534], [-44.3598987193497, -23.05030593556972], [-44.36227368498186, -23.04694140002482], [-44.36431879457598, -23.04611676037939], [-44.36900275607161, -23.04710632939282], [-44.37042113802437, -23.04516017580067], [-44.3750425921412, -23.04458149174167], [-44.38107549983374, -23.04680945778949], [-44.38292269562515, -23.04680945778949], [-44.38462021455052, -23.04496117022103], [-44.3869799285801, -23.04690841469079], [-44.39159791940773, -23.04591884567742], [-44.39248853241912, -23.04459941972669], [-44.38717784328213, -23.03853006341092], [-44.38067967222838, -23.03546239767076], [-44.38091057136506, -23.03387908814864], [-44.37919531870824, -23.03180099232117], [-44.37688632374409, -23.0309433646438], [-44.37457732877999, -23.03071246640644], [-44.3736207451006, -23.03173502075384], [-44.37358775976656, -23.03523149943339], [-44.3707839802957, -23.03701272275816], [-44.3716416070738, -23.039717546227], [-44.36946455434497, -23.0385960331796]]], [[[-44.39575299680263, -23.03960265423831], [-44.39119734787857, -23.03967532035898], [-44.39109114244155, -23.04154788692466], [-44.39574740661681, -23.04262670915455], [-44.39575299680263, -23.03960265423831]]], [[[-44.34053667542651, -23.03713808195613], [-44.34103715893701, -23.03982891916849], [-44.34373388401082, -23.0395757330329], [-44.3431862958102, -23.03759146167585], [-44.34053667542651, -23.03713808195613]]], [[[-44.3975976151371, -23.03684131467418], [-44.39798889756884, -23.03745618835165], [-44.39806715477465, -23.03722141943217], [-44.3975976151371, -23.03684131467418]]], [[[-44.39716161481596, -23.0354774163489], [-44.39883854016574, -23.03705372644754], [-44.40106326235895, -23.03610346770012], [-44.40000120888794, -23.03460541390797], [-44.39716161481596, -23.0354774163489]]], [[[-44.38346324483217, -23.03424876526753], [-44.3841577435843, -23.03375152021573], [-44.38356598158407, -23.03319263203355], [-44.38327831903848, -23.03339810643666], [-44.38346324483217, -23.03424876526753]]], [[[-44.36858233740423, -23.01198843481762], [-44.36977619191697, -23.01197319490626], [-44.36868394280896, -23.01165313967988], [-44.36858233740423, -23.01198843481762]]], [[[-44.36891255317107, -23.01152613382322], [-44.36927324876069, -23.01131784544145], [-44.36883634911749, -23.01134324589333], [-44.36891255317107, -23.01152613382322]]], [[[-44.36990827804385, -23.01063709372613], [-44.36995399957669, -23.0098903011957], [-44.36917164425523, -23.00998174516064], [-44.36990827804385, -23.01063709372613]]], [[[-44.38277199443127, -23.00662580893317], [-44.38319428188987, -23.0074652343323], [-44.38435814671038, -23.00686785156933], [-44.3837144173857, -23.00640436616777], [-44.38277199443127, -23.00662580893317]]], [[[-44.35324932459594, -22.99347641930052], [-44.35277662743869, -22.99275772518808], [-44.35194699385795, -22.99286866465638], [-44.35210134540006, -22.99356806381434], [-44.35324932459594, -22.99347641930052]]], [[[-44.34067024723339, -22.98643580596689], [-44.3420528559538, -22.98671973542668], [-44.34213309616473, -22.98557784913766], [-44.34088627967736, -22.98528157558349], [-44.34067024723339, -22.98643580596689]]], [[[-44.35865561526373, -22.984540309387], [-44.36159521214859, -22.98718243122346], [-44.36324403458377, -22.98748578603943], [-44.36091355481597, -22.98493760288727], [-44.35865561526373, -22.984540309387]]], [[[-44.34975290257364, -22.98118896060129], [-44.35267132042435, -22.98514805413862], [-44.35761830124289, -22.98719169963647], [-44.35775404131522, -22.98585691956043], [-44.35550678480956, -22.98514051332324], [-44.35532579804641, -22.98336834707078], [-44.35186441900703, -22.9810607622436], [-44.34975290257364, -22.98118896060129]]], [[[-44.34472297008824, -22.97529179837704], [-44.34892337871025, -22.97857972967], [-44.34729449514413, -22.97611378142511], [-44.34472297008824, -22.97529179837704]]], [[[-44.37719897575141, -22.97597000860821], [-44.3756621099177, -22.97400848290437], [-44.3744892383869, -22.9737253763243], [-44.37438812940792, -22.97481736013231], [-44.37719897575141, -22.97597000860821]]], [[[-44.39166370841269, -22.97496898582926], [-44.39142911576033, -22.97455844981181], [-44.39113054443834, -22.97481436898715], [-44.39166370841269, -22.97496898582926]]], [[[-44.38730242906314, -22.97185531077321], [-44.38899255825925, -22.97395064390633], [-44.39119985518846, -22.97253776130788], [-44.38961636040597, -22.9714767654396], [-44.38730242906314, -22.97185531077321]]], [[[-44.36786655979319, -22.96845756596315], [-44.36898887593514, -22.96952932761559], [-44.37257826717257, -22.97064153267979], [-44.36969664328473, -22.96680947917338], [-44.36811933403931, -22.96668814803883], [-44.36786655979319, -22.96845756596315]]], [[[-44.36341994737194, -22.96350112607536], [-44.36410730460767, -22.96527270776846], [-44.36477420496487, -22.96430304255063], [-44.36341994737194, -22.96350112607536]]], [[[-44.34057225170733, -22.96239967960076], [-44.34148382881494, -22.96397778744415], [-44.34250976101595, -22.9638078866239], [-44.34139234438044, -22.96218730469957], [-44.34057225170733, -22.96239967960076]]], [[[-44.34557395807099, -22.95959952619643], [-44.34509475072144, -22.96232589202555], [-44.3471185886512, -22.96392635161908], [-44.3480258256306, -22.96427063817862], [-44.34733725610874, -22.9628702345729], [-44.35170595396585, -22.96455443993466], [-44.35138958416127, -22.96190716678154], [-44.34557395807099, -22.95959952619643]]], [[[-44.34129432457269, -22.96055692196359], [-44.34290183844837, -22.96259571831695], [-44.34441786519159, -22.96211215824871], [-44.34209808106084, -22.95998187656159], [-44.34129432457269, -22.96055692196359]]], [[[-44.39932175489434, -22.9583364949325], [-44.39872520940014, -22.95653674467428], [-44.39744111691328, -22.95652663359647], [-44.39822977198565, -22.95907459641472], [-44.39932175489434, -22.9583364949325]]], [[[-44.35098643337648, -22.95294758815987], [-44.3519834433805, -22.95496977313576], [-44.35363949456627, -22.95533590602645], [-44.35231014729476, -22.95288562577025], [-44.35098643337648, -22.95294758815987]]], [[[-44.34872469328923, -22.93211038718385], [-44.34882199094142, -22.93253700218014], [-44.349054009734, -22.93241725025513], [-44.34872469328923, -22.93211038718385]]], [[[-44.34597041340311, -22.93023178796585], [-44.34621739961256, -22.93226756079849], [-44.34753466539178, -22.93149666104131], [-44.34597041340311, -22.93023178796585]]], [[[-44.33914218306455, -23.06170695770913], [-44.33804361981646, -23.06097915975965], [-44.3384281177627, -23.06216011619563], [-44.33914218306455, -23.06170695770913]]], [[[-44.3144385618894, -23.05720196669665], [-44.30918997093966, -23.05826932706702], [-44.3089076944338, -23.06047461760875], [-44.31330945316802, -23.06032465835551], [-44.31605283506957, -23.06300629100673], [-44.31497665324923, -23.06441767713329], [-44.31601755016908, -23.06533507825048], [-44.31730543959361, -23.06209771223888], [-44.31923727418013, -23.06211535423944], [-44.31926373763065, -23.06061575721066], [-44.3144385618894, -23.05720196669665]]], [[[-44.33342965435435, -23.05490959839847], [-44.33218003917676, -23.05547261177082], [-44.33375922440797, -23.05576098388156], [-44.33342965435435, -23.05490959839847]]], [[[-44.32736009209384, -23.05550007616682], [-44.33027128479125, -23.05725777682414], [-44.33124625960647, -23.0560905530358], [-44.32811535443932, -23.05444270816366], [-44.32745621703009, -23.05298711316397], [-44.32736009209384, -23.05550007616682]]], [[[-44.31323527888429, -23.05476572755549], [-44.31674970623322, -23.05615224922616], [-44.31821401926084, -23.05414102428807], [-44.31734072539342, -23.05350589967674], [-44.31547945880925, -23.05442329989461], [-44.31266550890535, -23.05290606086527], [-44.31323527888429, -23.05476572755549]]], [[[-44.33230362671026, -23.05401701497249], [-44.33411625615958, -23.05501945418371], [-44.33502257133387, -23.05408567641206], [-44.33330606592148, -23.05214945763061], [-44.33230362671026, -23.05401701497249]]], [[[-44.30837281005643, -23.05127847592013], [-44.30930528740834, -23.05069339318476], [-44.30928700329184, -23.05019972923333], [-44.30763231367962, -23.05018144421751], [-44.30837281005643, -23.05127847592013]]], [[[-44.30061204031267, -23.03521955283929], [-44.29966734207346, -23.03489724391193], [-44.30060092739018, -23.03543072085029], [-44.30061204031267, -23.03521955283929]]], [[[-44.32584372180958, -23.028770402931], [-44.32756172459318, -23.02951332298068], [-44.32570442401925, -23.02789979443918], [-44.32584372180958, -23.028770402931]]], [[[-44.31175462967167, -23.0270373859658], [-44.31303278123715, -23.02757858628195], [-44.31265854815274, -23.02639255317303], [-44.31175462967167, -23.0270373859658]]], [[[-44.33276216494124, -23.02546208670515], [-44.32938420071957, -23.02623983120247], [-44.32880379355947, -23.0267854130156], [-44.32965118695199, -23.02806230822819], [-44.33145044707976, -23.02823642956679], [-44.33391136991304, -23.02659968412735], [-44.33276216494124, -23.02546208670515]]], [[[-44.31070677559649, -23.02475168344267], [-44.30874348902006, -23.02569590324259], [-44.30994103614916, -23.02759010120144], [-44.31070677559649, -23.02475168344267]]], [[[-44.33134597373697, -23.02353513813534], [-44.33201924489151, -23.02322171810704], [-44.33104416215764, -23.02276900118767], [-44.33134597373697, -23.02353513813534]]], [[[-44.31832149364129, -23.01867673244448], [-44.32010029059518, -23.01991388931378], [-44.31869079394426, -23.01808585088054], [-44.31832149364129, -23.01867673244448]]], [[[-44.32166366214756, -23.01720568619271], [-44.32093737056249, -23.01631320888669], [-44.32070963614007, -23.01619010878574], [-44.32091890658154, -23.01757498559635], [-44.32166366214756, -23.01720568619271]]], [[[-44.30230163980809, -23.01058647628406], [-44.30218786477741, -23.00999982513105], [-44.30175409927153, -23.009857607242], [-44.30230163980809, -23.01058647628406]]], [[[-44.30224119727268, -23.00977583098904], [-44.30185720744345, -23.00972961123182], [-44.30223764135332, -23.00983983034314], [-44.30224119727268, -23.00977583098904]]], [[[-44.30251141117196, -23.00950561619044], [-44.30221986355514, -23.0096407240394], [-44.30253985492965, -23.0098149416055], [-44.30251141117196, -23.00950561619044]]], [[[-44.30104300802765, -23.00944161863504], [-44.30115678215901, -23.00936339920077], [-44.30105367398716, -23.00932428858425], [-44.30104300802765, -23.00944161863504]]], [[[-44.30146610757407, -23.00911451722044], [-44.30197809341354, -23.00897229843207], [-44.30149455133176, -23.0087874140072], [-44.30146610757407, -23.00911451722044]]], [[[-44.30740159530666, -23.00769296515745], [-44.30879926857068, -23.0099048171528], [-44.30917469505539, -23.00818599508682], [-44.30740159530666, -23.00769296515745]]], [[[-44.30197809341354, -23.00846742263269], [-44.30181809772631, -23.00876252616888], [-44.30205986876717, -23.00880163588602], [-44.30197809341354, -23.00846742263269]]], [[[-44.30192120589822, -23.00822565159177], [-44.30243674675773, -23.00854564296628], [-44.30194609373649, -23.00809765558159], [-44.30192120589822, -23.00822565159177]]], [[[-44.33067279431327, -22.97939995904011], [-44.32958266220936, -22.97811516238409], [-44.32897270782348, -22.97840067195267], [-44.33020559471169, -22.98067178027765], [-44.33067279431327, -22.97939995904011]]], [[[-44.34003992859908, -22.97550295020022], [-44.33969303670358, -22.97868530558162], [-44.34117863938195, -22.97950728862969], [-44.34207603328156, -22.97686789443702], [-44.34003992859908, -22.97550295020022]]], [[[-44.32749324391733, -22.97202859304434], [-44.32924524107426, -22.9728591691146], [-44.32977732856011, -22.97258663676308], [-44.32749324391733, -22.97202859304434]]], [[[-44.31467523917024, -22.96889651875858], [-44.31640690895097, -22.96948448112312], [-44.31574645943084, -22.96826828565207], [-44.31467523917024, -22.96889651875858]]], [[[-44.31163944180605, -22.96657037642098], [-44.31257654257263, -22.96750747718755], [-44.31277636743471, -22.96657037642098], [-44.31163944180605, -22.96657037642098]]], [[[-44.31685794863472, -22.96631914990809], [-44.31793722232425, -22.9675272919502], [-44.31926617839071, -22.9676239429898], [-44.31896011571604, -22.96629498692334], [-44.31685794863472, -22.96631914990809]]], [[[-44.32119115025063, -22.96265445303982], [-44.32223820662722, -22.96138187817036], [-44.32053875415943, -22.95993210718024], [-44.32007160581924, -22.96179264621287], [-44.32119115025063, -22.96265445303982]]], [[[-44.3346119759612, -22.95353161778917], [-44.33862530940979, -22.95511957141031], [-44.33639743509281, -22.95071912478699], [-44.33653964039138, -22.94779602866299], [-44.33525979720116, -22.94730621201131], [-44.33418719917915, -22.94789009684973], [-44.3346119759612, -22.95353161778917]]], [[[-44.33972837466405, -22.93446050724583], [-44.33623313255231, -22.93702767598569], [-44.33733334785501, -22.94013372569009], [-44.3409034351447, -22.94276077129177], [-44.34293172291996, -22.94280567713952], [-44.34519203038718, -22.93867425731037], [-44.3420485571944, -22.93766385460242], [-44.34253504635456, -22.93669087628211], [-44.33972837466405, -22.93446050724583]]], [[[-44.21731688276719, -23.08977990781574], [-44.20967819868918, -23.09293100456142], [-44.21092498729757, -23.09835382207046], [-44.21028239291735, -23.09923422058205], [-44.2024780744029, -23.09772915477589], [-44.19595507756407, -23.09879276497333], [-44.19480870185936, -23.09972436098968], [-44.19578814900314, -23.10143102781893], [-44.19483584070076, -23.1038655033895], [-44.19186776408532, -23.10247461191301], [-44.19059203439411, -23.1035948596143], [-44.20028903461053, -23.10944840741729], [-44.20214809605704, -23.10865887460659], [-44.20061509371089, -23.10618702321176], [-44.20251937756649, -23.10478776983894], [-44.20803974993379, -23.10341805379937], [-44.20905420588616, -23.10447234791974], [-44.21206588613103, -23.10362558675064], [-44.21551092988477, -23.10424818470517], [-44.21775228413986, -23.10541036869279], [-44.21626208592579, -23.10991742634735], [-44.21195319658204, -23.11184317072497], [-44.2087846197137, -23.11167644091427], [-44.20870057177325, -23.10866870959251], [-44.20680820663267, -23.10833714124527], [-44.20173371993451, -23.12004019529797], [-44.19734242840963, -23.1222803462602], [-44.19363697426621, -23.11935657204737], [-44.18998290558591, -23.12215139427065], [-44.18634228356882, -23.12164048761764], [-44.18453539629076, -23.11919724815368], [-44.17620421984816, -23.11740576356436], [-44.16981221016465, -23.11848493383184], [-44.16860851976662, -23.11985465077072], [-44.17031405884603, -23.12445487639064], [-44.17280068340409, -23.12537502313802], [-44.17277959700004, -23.12923505994928], [-44.16926484229788, -23.1322651124442], [-44.17011204683274, -23.13712805521482], [-44.16419283503058, -23.14197311226854], [-44.16216722093975, -23.14216442504738], [-44.16117106439236, -23.14073244894257], [-44.15492432669561, -23.13884390142414], [-44.1544885080375, -23.13747418538458], [-44.15699112973613, -23.1366958743144], [-44.15769229516258, -23.13450646490065], [-44.15578299308993, -23.13309524335006], [-44.1542057440991, -23.13404989438635], [-44.15453763710155, -23.1355112873153], [-44.15188137702319, -23.1351290637545], [-44.15080220675571, -23.13392537425585], [-44.15138329829983, -23.13168401910144], [-44.14719113556174, -23.12935965202553], [-44.14818729300845, -23.12516749018675], [-44.14719113556174, -23.12454489223222], [-44.13976300435843, -23.12210334709101], [-44.13522653617497, -23.12219732714414], [-44.12744629161233, -23.12005270306901], [-44.1248664784045, -23.12505077617163], [-44.12983360043955, -23.12696191376051], [-44.13628647623915, -23.13657287044083], [-44.14090097230132, -23.13981579516206], [-44.13887252624534, -23.14610489722247], [-44.13381937056675, -23.14614697919893], [-44.13792553743286, -23.15081454605371], [-44.14117882773996, -23.15673512482539], [-44.14076045413094, -23.15830372773405], [-44.13844895905152, -23.16015197843029], [-44.13281969767019, -23.15766730719969], [-44.12984452180649, -23.15476599715225], [-44.12740111416934, -23.156266264176], [-44.12434645712256, -23.15392481537714], [-44.12081050360115, -23.15303531482715], [-44.11656372323648, -23.14851602729203], [-44.11503907379347, -23.14875125036912], [-44.11553294099173, -23.15238985520688], [-44.11722931058347, -23.15472582623511], [-44.11406228774365, -23.15922588356688], [-44.10825214392059, -23.16280205207227], [-44.10773158394471, -23.16495039034749], [-44.09836710086029, -23.16436854427212], [-44.09650541069544, -23.1658435844131], [-44.09186708169972, -23.16687778228305], [-44.09256143835898, -23.16952071081136], [-44.0945932568726, -23.17129059368517], [-44.0953926624407, -23.17537891800191], [-44.10900554826674, -23.17890091764247], [-44.11452891897369, -23.18467786119356], [-44.11786842728537, -23.18637776871827], [-44.12431124057059, -23.1853869883181], [-44.13228446525511, -23.1878799611905], [-44.13000678108733, -23.18427986981936], [-44.12389256209133, -23.17971698495012], [-44.12684602562285, -23.17329534800115], [-44.1325065978005, -23.16929361400832], [-44.13748483006015, -23.16814604939987], [-44.14050679315324, -23.16765300508132], [-44.14667494988828, -23.16883916769268], [-44.15468238838076, -23.17168334201187], [-44.15931204791195, -23.17200707366675], [-44.1607343329224, -23.17460658922192], [-44.1637550063877, -23.17585599126022], [-44.16381246137524, -23.17482538977913], [-44.1650650730939, -23.17575905513553], [-44.16531389302099, -23.17769346717898], [-44.16445419510427, -23.17808100843104], [-44.1669457938126, -23.17891334627313], [-44.16920314970486, -23.18136868611521], [-44.16948692178329, -23.18284315878395], [-44.16820907239003, -23.18361694536497], [-44.17111536737957, -23.18513273288852], [-44.17244709695524, -23.18476984115449], [-44.17158907087821, -23.18314370321855], [-44.17575496531867, -23.18224783906572], [-44.1781774583223, -23.18034060003788], [-44.18622706602554, -23.18095330365128], [-44.1890947099522, -23.18376699994633], [-44.19033626990222, -23.18897524820835], [-44.18839928669701, -23.1906971972171], [-44.1828157549424, -23.19152465623711], [-44.18264897476962, -23.19524801498312], [-44.18529042661118, -23.19709413968201], [-44.19181603598054, -23.1987918393711], [-44.19306387409779, -23.19991461416731], [-44.19331083332759, -23.20229057714766], [-44.19701059835973, -23.20415446615493], [-44.19831324925633, -23.20042499471697], [-44.19755762268539, -23.19792202588002], [-44.20453759743145, -23.19621378703584], [-44.20661508441788, -23.1950026277683], [-44.20747920879774, -23.19270395702125], [-44.21259005508625, -23.19481611107392], [-44.21997819703546, -23.19487626312826], [-44.2235346002409, -23.19682820295844], [-44.22745417576886, -23.19622070102378], [-44.23062201069649, -23.19763909916435], [-44.23225592057355, -23.20032296123492], [-44.23645507643988, -23.19980215214684], [-44.24198619120904, -23.20138510463812], [-44.24490099738239, -23.20023368373677], [-44.24931608137132, -23.20265892416927], [-44.24907138573514, -23.20426202866889], [-44.2535972895825, -23.20584471316221], [-44.25776235844535, -23.20458640963432], [-44.25903964756094, -23.20277205708402], [-44.2586732610614, -23.20000503560311], [-44.25508678362741, -23.19992836390207], [-44.25245252006704, -23.19739608166304], [-44.25250901277997, -23.1936814499382], [-44.25506275644034, -23.19020830596776], [-44.25667646574556, -23.18957406718869], [-44.26342822673053, -23.19283035313754], [-44.26442303609349, -23.19234589194861], [-44.27151757007908, -23.19749409517556], [-44.26786370644419, -23.19251261456475], [-44.2668147084313, -23.1877763278145], [-44.27078369181322, -23.18420519821058], [-44.27172765800429, -23.18133142180687], [-44.27828657376563, -23.17865588655917], [-44.28415054740913, -23.17808418393719], [-44.28542405667417, -23.17647218334383], [-44.28698547220102, -23.17692688596622], [-44.28478533657329, -23.17797005367424], [-44.28589765405275, -23.17909381772472], [-44.28750790726338, -23.17917421801496], [-44.28825862983115, -23.17733448389856], [-44.28976293930748, -23.1767995419645], [-44.30250665375831, -23.17804952586414], [-44.31125373337238, -23.1805940056081], [-44.3181504542793, -23.18624518256837], [-44.3185645138405, -23.18876493455332], [-44.31578962239246, -23.19018753612511], [-44.32325876178169, -23.20299071195103], [-44.32915194540521, -23.20701518440245], [-44.33186933869831, -23.21083657644607], [-44.33389770561388, -23.21528935012265], [-44.33295683578859, -23.21934516035009], [-44.33387747536449, -23.22353298296002], [-44.33837640764438, -23.22285076894707], [-44.34920585306696, -23.22667247485407], [-44.34395763983247, -23.22035556305804], [-44.34059194955807, -23.21856657228869], [-44.3421536016067, -23.21701624180537], [-44.34573320102567, -23.21802954122955], [-44.34715017104281, -23.2162995711675], [-44.35131532534126, -23.21678588226189], [-44.35042841124147, -23.21509570180444], [-44.35159604781865, -23.21399433357084], [-44.35105900416897, -23.20857167883912], [-44.34893162459406, -23.2032080996733], [-44.3428460319181, -23.19610651770085], [-44.34251243470038, -23.19369977272555], [-44.34039781560597, -23.19101410121903], [-44.34051274356756, -23.1874167788605], [-44.34247902038976, -23.18580061800333], [-44.34181202920104, -23.18191529495414], [-44.3459044472317, -23.18068830671922], [-44.34911638311388, -23.18565886416445], [-44.35198671871137, -23.18535816324788], [-44.35578162212346, -23.19067700204124], [-44.35814567088528, -23.1911511713887], [-44.35976411781905, -23.18393487998992], [-44.36300747961076, -23.18252184720473], [-44.36245513939247, -23.17855845310936], [-44.36792859232992, -23.18109406283997], [-44.37059270169112, -23.18105770594758], [-44.37167508703493, -23.18332383922302], [-44.37356827325647, -23.1828214041837], [-44.37526410235569, -23.18034779641289], [-44.37484384466694, -23.17845437816624], [-44.37712780520332, -23.17878835309926], [-44.37825608025315, -23.17697516517097], [-44.37759039488009, -23.17172703557344], [-44.36845936590629, -23.16452997977399], [-44.36661727916339, -23.16550763996486], [-44.36175625464671, -23.1653403750575], [-44.35465112305013, -23.15947172943601], [-44.35187164865692, -23.15945802286871], [-44.34931699758067, -23.16096365524771], [-44.34534309490715, -23.1566534708802], [-44.34042795998164, -23.15370875325556], [-44.33473127912453, -23.15615371132395], [-44.32706959938179, -23.15491958876726], [-44.32240393459318, -23.14903904691369], [-44.32075719498783, -23.14441841927385], [-44.32214619968664, -23.1414020517625], [-44.32487084331405, -23.14161401837146], [-44.32467226581167, -23.14018122298427], [-44.31729210174836, -23.13549492325131], [-44.31415253071401, -23.13647271204525], [-44.3125078739385, -23.13830396555477], [-44.31128359086432, -23.13723978518715], [-44.31411574934162, -23.13314715671515], [-44.31056263315827, -23.12534939875496], [-44.30647630263854, -23.12096859692241], [-44.2988124609256, -23.11805368462905], [-44.2955073669707, -23.11450884310784], [-44.2944533165666, -23.11595564093932], [-44.29434697713054, -23.12243369505819], [-44.29740150557427, -23.13221996018223], [-44.29551249400566, -23.13303477383499], [-44.29131244241455, -23.13200117671215], [-44.29153940521866, -23.13640476376804], [-44.29031607542584, -23.13745673314094], [-44.28745436072944, -23.13607629358529], [-44.28476344617536, -23.13662661482562], [-44.28347901824139, -23.13341920433203], [-44.28401308963163, -23.13105396936442], [-44.28109599918031, -23.12985873709027], [-44.2799218398203, -23.1256746412709], [-44.27764405672713, -23.12606322663584], [-44.27317414287165, -23.1230817339341], [-44.27562164242414, -23.11753526144241], [-44.26265140943428, -23.11494695593649], [-44.25995056276753, -23.11644396111916], [-44.25811686490067, -23.11474068113677], [-44.25781198573384, -23.11221087113404], [-44.25347622015073, -23.11169480237248], [-44.24989866938733, -23.10977048881625], [-44.24873359318008, -23.10362212615939], [-44.25122915789859, -23.1002407741916], [-44.25881092658227, -23.10089955816733], [-44.25953642676393, -23.0998165361035], [-44.23768178498568, -23.09311837920905], [-44.23800793761552, -23.08648653112772], [-44.23522722395649, -23.08504710144183], [-44.23334504004083, -23.08604134603053], [-44.23492472259716, -23.08838978615893], [-44.23362095833983, -23.09017030261663], [-44.21731688276719, -23.08977990781574]]], [[[-43.85903109580772, -23.07220596433302], [-43.88658922990828, -23.07552752487459], [-43.95600671333841, -23.08804425223968], [-43.96839444644581, -23.09178886826089], [-43.97117192614274, -23.09441310977644], [-43.97320380221299, -23.09393314339906], [-43.97975217072536, -23.09885521119827], [-43.98386980124963, -23.09980241225077], [-43.98719879558723, -23.1023708697191], [-43.99608697073637, -23.10114015739157], [-43.9958142828022, -23.0996845480027], [-43.99764310004832, -23.09877964296538], [-43.99825225044026, -23.09652151455549], [-44.00375076118797, -23.09481968338093], [-44.00500929404296, -23.09578392298886], [-44.00714589076949, -23.0953279208461], [-44.00622582496112, -23.09325101212374], [-44.00872918230522, -23.09300556285569], [-44.00917620741529, -23.08466040285452], [-44.00830705942252, -23.08200592523247], [-44.01250664696346, -23.07831022693466], [-44.006976248954, -23.07128994727248], [-44.00591649864674, -23.07132107280847], [-44.0046999749232, -23.07347875324109], [-43.99983709690378, -23.07268221920828], [-43.99592289842229, -23.06827450156624], [-43.99325953729709, -23.06764317838918], [-43.9913935393796, -23.06539987800119], [-43.99114317171927, -23.05721605817376], [-43.98844582071735, -23.05756630543988], [-43.9884185991383, -23.05886013128924], [-43.9868407062329, -23.05955651142307], [-43.98444508766994, -23.05941540419678], [-43.98139325899098, -23.0570620501727], [-43.97847668744845, -23.05042859230491], [-43.97428041840584, -23.04558226990508], [-43.96808911941662, -23.04349662516836], [-43.96539937667916, -23.04389169194724], [-43.96314181484217, -23.04230184705182], [-43.95925657632921, -23.04272812839963], [-43.95512057985013, -23.04011707813987], [-43.95228091293308, -23.04236972068531], [-43.95067037643599, -23.04741631221225], [-43.94906277982273, -23.04902973733175], [-43.93922613377833, -23.05239583140172], [-43.93184245066783, -23.05731820317175], [-43.91922813606891, -23.05802528433861], [-43.91225630918058, -23.06048898068116], [-43.89917100523695, -23.06812169416008], [-43.89253782795765, -23.0686511619208], [-43.88278116042147, -23.06636989395469], [-43.88023030358494, -23.06442372417473], [-43.87728257143277, -23.05835860276653], [-43.87791696939189, -23.04775914456809], [-43.88059403168847, -23.04235542416274], [-43.88867381074704, -23.03805944818419], [-43.89361942099873, -23.03277897626799], [-43.9076464536202, -23.02651038504547], [-43.91212134162589, -23.02030514566519], [-43.90772653375183, -23.02580971874278], [-43.90119949985632, -23.02938940719463], [-43.89131123632376, -23.03250906184297], [-43.86462272775594, -23.04460498113417], [-43.85903109580772, -23.07220596433302]]], [[[-44.13980267615187, -23.04313245190036], [-44.13711259167206, -23.04016995288026], [-44.13622923529027, -23.04086111334891], [-44.13650697471638, -23.04372033782255], [-44.13980267615187, -23.04313245190036]]], [[[-44.16181274596073, -23.04055998075773], [-44.16153677280312, -23.0392559512004], [-44.15987007904016, -23.03638090225604], [-44.15833566835568, -23.04062223093047], [-44.15950663242444, -23.04188301568786], [-44.16181274596073, -23.04055998075773]]], [[[-44.13097458201059, -23.03863242604484], [-44.12936879483328, -23.0370783552811], [-44.12967504996283, -23.03582637218858], [-44.12508682939296, -23.03744772393253], [-44.12369671403138, -23.04039070856356], [-44.12980726918937, -23.04227026735816], [-44.13097458201059, -23.03863242604484]]], [[[-44.29780017233935, -23.03739791677964], [-44.29856704583176, -23.03932065832095], [-44.29894492476774, -23.03799807934712], [-44.29780017233935, -23.03739791677964]]], [[[-44.28082993565226, -23.03449148419389], [-44.27971365755855, -23.03363102005477], [-44.27866714707045, -23.03491008802939], [-44.28001598265075, -23.03609613372879], [-44.28082993565226, -23.03449148419389]]], [[[-44.28478341921868, -23.03386357844062], [-44.28296946776601, -23.03346823017392], [-44.28303923537169, -23.03444497215696], [-44.28478341921868, -23.03386357844062]]], [[[-44.29635533862722, -23.03050717186773], [-44.2961552844381, -23.03326346983249], [-44.29755566196349, -23.03250771106127], [-44.29635533862722, -23.03050717186773]]], [[[-44.27901598330027, -23.0273752117958], [-44.28085319122107, -23.02663102819861], [-44.27978342426491, -23.02697986442843], [-44.27820203119808, -23.02530544818711], [-44.27901598330027, -23.0273752117958]]], [[[-44.28352760681287, -23.02595660860982], [-44.28655086043312, -23.0278635841363], [-44.28843457859222, -23.02700311999723], [-44.28771364966445, -23.02556126124244], [-44.2849229544301, -23.0258170751971], [-44.2846903960442, -23.02428219326782], [-44.28352760681287, -23.02595660860982]]], [[[-44.2692252962097, -23.02423568123095], [-44.2687369238692, -23.02488684255297], [-44.26945785369628, -23.02558451591193], [-44.26982994639417, -23.02525893615024], [-44.2692252962097, -23.02423568123095]]], [[[-43.95361180344122, -23.0259057798271], [-43.95367024678376, -23.02277362909894], [-43.9526207757275, -23.0228158729534], [-43.95111792764953, -23.02537403228501], [-43.95361180344122, -23.0259057798271]]], [[[-44.11121814939736, -23.02350167885862], [-44.10936265736001, -23.02243555325742], [-44.10972524062663, -23.02385833289497], [-44.11121814939736, -23.02350167885862]]], [[[-43.94736370057359, -23.02301297556761], [-43.94514156842791, -23.02031658773956], [-43.94369914939551, -23.02051367056868], [-43.94378665432993, -23.02340477241154], [-43.94547896528127, -23.02480646024918], [-43.94747653311481, -23.02491403535367], [-43.94736370057359, -23.02301297556761]]], [[[-44.27652761405739, -23.01846824531248], [-44.27703924106737, -23.01730545518183], [-44.2761787769283, -23.01823568692663], [-44.27652761405739, -23.01846824531248]]], [[[-44.26722529840805, -23.01356127263386], [-44.26978343435729, -23.01514266660001], [-44.27003924831195, -23.01428220336021], [-44.26722529840805, -23.01356127263386]]], [[[-43.95308627740906, -23.00980065857277], [-43.95406527669041, -23.00650290758233], [-43.955251523838, -23.0062118968608], [-43.95387030457016, -23.00507018683891], [-43.94972514489876, -23.0055874373096], [-43.95105503805883, -23.00924441080014], [-43.95308627740906, -23.00980065857277]]], [[[-44.03186397933842, -23.00557362732025], [-44.02986921019516, -23.00676296633708], [-44.03058967956935, -23.00812131224797], [-44.03797598510289, -23.01136881361907], [-44.04111655978068, -23.00973236855322], [-44.04298039303001, -23.00621952131308], [-44.04747971921296, -23.01120828193586], [-44.05283873342006, -23.00618962874762], [-44.05250436908062, -23.00369365483755], [-44.04966680387918, -23.00120305437667], [-44.04625599821503, -23.00146384428024], [-44.03964780680013, -22.99960642769372], [-44.03478392873461, -22.99639010401933], [-44.0335907541093, -22.99931013795174], [-44.03120010160268, -23.00042128001729], [-44.03234503209683, -23.0035832729489], [-44.03186397933842, -23.00557362732025]]], [[[-43.9535340129836, -23.00105564290283], [-43.9523056236049, -23.00128325861471], [-43.95392236992069, -23.00398172837328], [-43.95472862742349, -23.00261357715408], [-43.9535340129836, -23.00105564290283]]], [[[-43.91727873142759, -22.99381062805725], [-43.92589050444252, -23.00048045900519], [-43.92706008355526, -23.00429797676946], [-43.93075098127201, -23.00775497700982], [-43.93028487614538, -23.01136339160644], [-43.93436892868237, -23.01531769895189], [-43.9353932816739, -23.01508816318739], [-43.93406120675854, -23.01016156190576], [-43.93455924141512, -23.00873490169357], [-43.93712073183559, -23.00782469605213], [-43.93713724158971, -22.99831056128261], [-43.93173090415718, -22.99585373306257], [-43.93156444234438, -22.99337763686765], [-43.92778512238476, -22.98863774383602], [-43.92453408757734, -22.99078290120917], [-43.91827801042109, -22.98816516808728], [-43.91712235101494, -22.98937886164435], [-43.91727873142759, -22.99381062805725]]], [[[-43.91306365666168, -22.99526146024743], [-43.91173205568907, -22.99138018864403], [-43.90825022966362, -22.98915912489292], [-43.91039159999161, -22.99478060713852], [-43.91306365666168, -22.99526146024743]]], [[[-44.04389638580881, -22.98738663128722], [-44.04148167463882, -22.98675497805903], [-44.04045617411242, -22.98923697920247], [-44.04164579461701, -22.99059762378056], [-44.04486492687414, -22.98922497864908], [-44.04389638580881, -22.98738663128722]]], [[[-43.9236957611497, -22.98645919013876], [-43.91969804532778, -22.98435064956203], [-43.91880724975402, -22.98567035340329], [-43.92083345290081, -22.98770946901601], [-43.92344680812295, -22.98781122910418], [-43.9236957611497, -22.98645919013876]]], [[[-43.91185023469984, -22.98361048143778], [-43.91444444875157, -22.98324306971114], [-43.91472991785071, -22.98023180495306], [-43.90839700981343, -22.97941441474268], [-43.90786625782079, -22.98154994217532], [-43.91185023469984, -22.98361048143778]]], [[[-43.95156006134704, -22.9608878131213], [-43.95064453801427, -22.95953507718127], [-43.9479761937456, -22.95953588387317], [-43.9473417085523, -22.96084690655874], [-43.95156006134704, -22.9608878131213]]], [[[-43.9676400231678, -22.94356935983734], [-43.96542357833476, -22.94332542412826], [-43.96679807157301, -22.94583973971146], [-43.9676400231678, -22.94356935983734]]], [[[-43.96109895355312, -22.94272198802855], [-43.9630688834215, -22.94500048518347], [-43.9640608176519, -22.94412328196313], [-43.96109895355312, -22.94272198802855]]], [[[-43.88636479240051, -22.94842934743565], [-43.89156558168554, -22.9530990591735], [-43.89311313955903, -22.95618001959144], [-43.89673168501849, -22.95836502232714], [-43.90733634669431, -22.95823731230132], [-43.9098366544373, -22.95590135476294], [-43.90731031132105, -22.95310817919835], [-43.90841615008452, -22.95243717343601], [-43.90561936464121, -22.94973240482585], [-43.90581089055939, -22.9475550022608], [-43.90847913500335, -22.94455246812112], [-43.91283947905799, -22.94387869964152], [-43.9115031953155, -22.94031981160924], [-43.91212236055776, -22.93465947865127], [-43.90851083430681, -22.93513828400381], [-43.90247472502779, -22.93025587181029], [-43.90069676444341, -22.93011818920229], [-43.89656059259653, -22.93290411713053], [-43.89370940536406, -22.93305092875659], [-43.89234112734044, -22.92843139559164], [-43.8878072806807, -22.92932604116311], [-43.88669859556302, -22.93144646628065], [-43.88463801043508, -22.92754457232337], [-43.8841801439977, -22.94796477115648], [-43.88636479240051, -22.94842934743565]]], [[[-43.92047427176948, -22.94212582474626], [-43.91498206796734, -22.93927790295209], [-43.91647863158283, -22.94266818968441], [-43.92077695389258, -22.94500343406048], [-43.92047427176948, -22.94212582474626]]]]}}, {"type": "Feature", "id": "34", "properties": {"id": "34", "unidade": "34", "camada": "AISP", "label": "AISP 34"}, "geometry": {"type": "Polygon", "coordinates": [[[-43.11610484436233, -22.69724149459853], [-43.11736262088749, -22.69930424889122], [-43.11741293166074, -22.70222229082526], [-43.11635639912777, -22.703681312242], [-43.11726199844173, -22.70700184216054], [-43.12234341621496, -22.71062424031567], [-43.12347668789812, -22.71355461015634], [-43.12707893494417, -22.71439451219618], [-43.12700427682518, -22.71530907235501], [-43.13474624084563, -22.71594060417476], [-43.14143173168833, -22.71149769426239], [-43.14966239989911, -22.71018892977452], [-43.16231378185483, -22.71239928619735], [-43.17658159806155, -22.72074824223682], [-43.18506684635713, -22.72387653757136], [-43.19424675528279, -22.72338462459999], [-43.20419303767784, -22.72657152335637], [-43.21183277935853, -22.72564449769465], [-43.21456360762369, -22.72773000303641], [-43.22119330902325, -22.72515392021648], [-43.22161868385444, -22.71261547692194], [-43.21816277539102, -22.70973700425856], [-43.21837698041259, -22.70785200816289], [-43.21481267936093, -22.70299389385235], [-43.21497300420003, -22.70062708507112], [-43.2167276075923, -22.69949804559758], [-43.21566342992264, -22.69756529640051], [-43.21772953868651, -22.69590430613806], [-43.21568368625236, -22.69422306224374], [-43.2152988231814, -22.69086057085786], [-43.21797261014711, -22.68885523018395], [-43.21851952115827, -22.68164410718902], [-43.22479614782321, -22.67482074128338], [-43.21917774215837, -22.66784197342758], [-43.21739710519154, -22.65251301296439], [-43.21058423437421, -22.64261444320124], [-43.20156293078389, -22.63426914200653], [-43.19884691705084, -22.63398371067893], [-43.19649067170639, -22.63041185712075], [-43.19472348769807, -22.62959788073681], [-43.1952375779511, -22.62737015840531], [-43.19414513638822, -22.6234502231485], [-43.1957880188013, -22.62106899104032], [-43.19807578257058, -22.62002295629361], [-43.19899686011627, -22.6176988410279], [-43.19839708875389, -22.61498380305932], [-43.22524350927978, -22.56373428330977], [-43.19635989589176, -22.56186640580921], [-43.16382155282167, -22.54703224693986], [-43.16115031003807, -22.54672809982117], [-43.15177539301925, -22.54042188905817], [-43.14691289181576, -22.54009069213095], [-43.14378472238627, -22.53802301315073], [-43.14002092742311, -22.53771891729343], [-43.13106904160225, -22.53440830959505], [-43.12646350638499, -22.53490372722445], [-43.1221977053591, -22.53101710375557], [-43.11810827397693, -22.53042839765163], [-43.11452310955315, -22.53409540397894], [-43.10826512133752, -22.53418852787746], [-43.09855580670438, -22.52633123479785], [-43.09654847762943, -22.52331793217604], [-43.08996372524501, -22.52094236130017], [-43.087017258439, -22.51718099360721], [-43.07605775036416, -22.51066470481152], [-43.07639603664705, -22.5094315454287], [-43.07437886359293, -22.50637654663956], [-43.07063851035821, -22.50403024240097], [-43.07068565192054, -22.50037118697992], [-43.07322065640744, -22.49508202761268], [-43.08038444538511, -22.48965994035319], [-43.07812661375146, -22.48704935144565], [-43.0709099608253, -22.48578151510407], [-43.06704976033745, -22.48618395182712], [-43.06227212365883, -22.48365252574268], [-43.05938531517944, -22.48344239824729], [-43.05596505764055, -22.47940507268521], [-43.05818730220153, -22.47473895194031], [-43.05632373155424, -22.47220013432798], [-43.05535540632621, -22.46748186279694], [-43.04899943427574, -22.46298872394965], [-43.04785500830127, -22.460229734314], [-43.04235050537079, -22.45974526593051], [-43.0407454880131, -22.45592047984547], [-43.03905470231194, -22.45843784323108], [-43.03338058634426, -22.46204138530089], [-43.03021035742131, -22.46062543421561], [-43.02599567386051, -22.45532418616148], [-43.02638113677932, -22.45843340417747], [-43.02499032444319, -22.46146091878558], [-43.01813401816969, -22.46338976492495], [-43.01636092381688, -22.46592898003763], [-43.01278606382505, -22.46566308108555], [-43.00894683282934, -22.46264745011894], [-42.99928431801612, -22.46010875211647], [-42.99454611391127, -22.46219782776677], [-42.98521753805818, -22.46281205573104], [-42.9833894843365, -22.463654069379], [-42.98132219656139, -22.46687049018021], [-42.97835218100761, -22.46724370073542], [-42.97668292777416, -22.47087764978295], [-42.97121723238865, -22.47112877737038], [-42.97027181469178, -22.47109923194324], [-42.96855824556587, -22.46783458679596], [-42.96411182829752, -22.46504265139646], [-42.95582465208531, -22.465781259197], [-42.9544065264393, -22.46256092904287], [-42.95506617556282, -22.45778263855715], [-42.94590693485645, -22.45558514603687], [-42.94073859311084, -22.45733897511286], [-42.93456383355334, -22.45197668377614], [-42.92927077562507, -22.44999674895001], [-42.92790848708626, -22.45009890114261], [-42.92543464639107, -22.45371979832925], [-42.91724108960386, -22.45228233635999], [-42.91549192441204, -22.45428578306166], [-42.91226690519278, -22.45489615023638], [-42.91871834477507, -22.45741036419616], [-42.92082798522262, -22.46073381601201], [-42.92274698558418, -22.46993691935256], [-42.9216325789796, -22.47554902616582], [-42.9153825497641, -22.48206074011028], [-42.90688178186798, -22.49668577602699], [-42.90229992040429, -22.5000730482318], [-42.89576480070428, -22.50134996143078], [-42.89501540193851, -22.50313390070818], [-42.89229880814275, -22.50281471422693], [-42.88915408219441, -22.50669211514821], [-42.88868432132364, -22.51249796830581], [-42.89824541599245, -22.51899396030223], [-42.89562950040039, -22.52242616893176], [-42.89277099178713, -22.52391603619532], [-42.8931896729643, -22.52908731242877], [-42.89146194311343, -22.53489498131756], [-42.8918242233085, -22.53704144990223], [-42.88794058828677, -22.54083089263082], [-42.88662753223412, -22.54764868633703], [-42.87616185088797, -22.55430596544716], [-42.87515710041913, -22.55695446077897], [-42.87099685641908, -22.56003995467938], [-42.86609929964226, -22.56896511984365], [-42.86732681757786, -22.57220344363327], [-42.88343071485485, -22.58242259562553], [-42.8877263850639, -22.59219977310028], [-42.90707863626932, -22.60134875703875], [-42.91066631070095, -22.61948854316097], [-42.90312178294317, -22.62547521221052], [-42.89920983816279, -22.63847009471834], [-42.90503569224268, -22.65357104556654], [-42.90740119071165, -22.65529762518446], [-42.91189211273007, -22.65563217838155], [-42.91171331131955, -22.67183559733417], [-42.91734612232494, -22.67569408281491], [-42.9189721055775, -22.68183308802583], [-42.92534629339599, -22.68746929487128], [-42.93157450325998, -22.68996706832479], [-42.93494811836024, -22.69278922634095], [-42.93582807440538, -22.69477944491467], [-42.93342350399081, -22.69784964764233], [-42.93588883799873, -22.69963377128073], [-42.93927867057346, -22.69937426201182], [-42.94383629530807, -22.70746769277901], [-42.95001044242724, -22.710327741931], [-42.95079032011643, -22.71269436275384], [-42.95522126634762, -22.71339014933517], [-42.95748889159836, -22.71546786295073], [-42.95980825124906, -22.71520835458114], [-42.95891619032921, -22.71859818805518], [-42.96037592670694, -22.72114461932796], [-42.96274394507628, -22.72148522406309], [-42.96245199726116, -22.72536163662943], [-42.96741510382327, -22.72180961042443], [-42.9671555945543, -22.72422628571377], [-42.96958849001606, -22.72886500591454], [-42.97421099094373, -22.73163850611138], [-42.97541121895188, -22.73147631427969], [-42.97777923732122, -22.72669161972169], [-42.9883704406426, -22.72878391044833], [-42.99404719522113, -22.72735661081816], [-42.99800470505238, -22.71921452223165], [-43.00154051288365, -22.71635992476996], [-43.00595216236167, -22.71496506458527], [-43.00961772437773, -22.71548408312316], [-43.01357523420899, -22.71837111913106], [-43.01471058512465, -22.7253454182557], [-43.02617104525677, -22.72586586941355], [-43.02732920118098, -22.72281520715529], [-43.03252211959943, -22.71956829124287], [-43.03251910687055, -22.71816576703577], [-43.03416315570433, -22.71799168796525], [-43.03488796430736, -22.71664105643885], [-43.03552414022619, -22.71007005109124], [-43.03421833001119, -22.70689719704723], [-43.03168895528034, -22.70534347971704], [-43.02646030140107, -22.70615946878371], [-43.02968950066918, -22.70484365271165], [-43.03443742644532, -22.70054585830394], [-43.03443459717818, -22.69852197990468], [-43.03579966462212, -22.69842790991936], [-43.03285562958291, -22.69437604861497], [-43.03570857139272, -22.69253892702909], [-43.04279769685547, -22.69195537224186], [-43.04382432333313, -22.69288473793955], [-43.05375912318425, -22.69334240472745], [-43.06309923014464, -22.69133030834627], [-43.0633476372829, -22.68884623696351], [-43.06617947740023, -22.68979018426882], [-43.06811705325867, -22.68879655571573], [-43.06841514164472, -22.68561694416587], [-43.07579742541014, -22.68142858915729], [-43.08549444361296, -22.68048112820071], [-43.08762219640653, -22.68376607914047], [-43.0907018384184, -22.68395272263928], [-43.09212033908165, -22.68557653402905], [-43.09159773314815, -22.68690171294293], [-43.09827962220606, -22.68650975871759], [-43.10253512599456, -22.68759229964417], [-43.10436424631217, -22.68966405794913], [-43.10395362755713, -22.69263171278254], [-43.10587607142281, -22.69279969265091], [-43.10655611357305, -22.69543768120326], [-43.11122467058135, -22.69462531910244], [-43.11610484436233, -22.69724149459853]]]}}, {"type": "Feature", "id": "35", "properties": {"id": "35", "unidade": "35", "camada": "AISP", "label": "AISP 35"}, "geometry": {"type": "Polygon", "coordinates": [[[-42.64522748505965, -22.85466898878201], [-42.6529142972563, -22.8556265788028], [-42.66091803683719, -22.8590763601851], [-42.67837903986009, -22.85441634943419], [-42.6844177149049, -22.85583868120938], [-42.68948321467786, -22.85499027158301], [-42.69590866475232, -22.85732339715628], [-42.69968708988654, -22.85581080762188], [-42.7020444926585, -22.84982981689177], [-42.70663242544532, -22.85234034812777], [-42.71712553161728, -22.85410621193137], [-42.72337959788939, -22.84910057732901], [-42.72546464907356, -22.84869376990076], [-42.7269103083633, -22.84577453906297], [-42.73359851156135, -22.84115226206649], [-42.73851298638448, -22.84584343792352], [-42.74526696239968, -22.84699213118114], [-42.74935403306142, -22.85072478262185], [-42.7531791716807, -22.85170395007646], [-42.75657233444497, -22.85057258765403], [-42.76319550766584, -22.84382088422564], [-42.77002152207484, -22.84378704273706], [-42.78160344104526, -22.84902901017989], [-42.78682826740987, -22.84800452678672], [-42.79668142500702, -22.85004190490923], [-42.79892931823269, -22.85288285425952], [-42.80573758721914, -22.85564102371347], [-42.81185328739855, -22.85681342130158], [-42.81932421823734, -22.85988750460388], [-42.82582830593083, -22.86031892917447], [-42.82968875373228, -22.86341292436617], [-42.83057235293103, -22.86786103865524], [-42.83773631727649, -22.87110050368454], [-42.84727161489241, -22.87283724114496], [-42.85849309637854, -22.86949616621433], [-42.86600488161923, -22.87269714565599], [-42.87190296115199, -22.86934139019223], [-42.8792150986971, -22.87064047887424], [-42.88149557076326, -22.86845193820562], [-42.88590180542326, -22.86762273270216], [-42.90587295657093, -22.81637431911878], [-42.90692052825904, -22.81753701212261], [-42.91376572970393, -22.81682692542148], [-42.91556613287003, -22.81959805320679], [-42.91946986324285, -22.81987888090487], [-42.93996762500518, -22.80775889305767], [-42.93859594934287, -22.803573522899], [-42.93910944874136, -22.80019709022275], [-42.94308379118331, -22.79419688817507], [-42.94131819807563, -22.7882986800393], [-42.94226501961424, -22.78086780680309], [-42.94028416568096, -22.77675921266678], [-42.94399818406822, -22.76951267436965], [-42.95015351197429, -22.7693833176852], [-42.95435154188942, -22.7642498372594], [-42.96148134998356, -22.76022135832824], [-42.96152237435734, -22.75890035586593], [-42.97651696958172, -22.75581938825337], [-42.98766753412866, -22.74994462364469], [-42.99097521093648, -22.74968893469583], [-42.99075167904601, -22.74694050220165], [-42.9924230915517, -22.74317601386116], [-42.9965990826808, -22.74227172396013], [-42.99736112501517, -22.74107277838522], [-42.9967565710582, -22.73979254668791], [-42.99395733676096, -22.73887301597614], [-42.99318005361584, -22.736744379149], [-42.99747289096041, -22.7341229534108], [-43.00062408573223, -22.7346682888097], [-42.9995734608458, -22.73757303067003], [-43.00046110969174, -22.73858908112044], [-43.01059164968416, -22.73648692033436], [-43.01210660983145, -22.74118503536033], [-43.0179333479449, -22.74366295268237], [-43.02164735104367, -22.74013231955013], [-43.02409389371746, -22.74029679296183], [-43.02893558101152, -22.74681405392465], [-43.03245853483276, -22.74719858514584], [-43.03144380188922, -22.74603280566868], [-43.03255399786798, -22.74233215210637], [-43.02921063955864, -22.73974815615173], [-43.02914576156689, -22.72609150481833], [-43.01471058512465, -22.7253454182557], [-43.01383474257858, -22.72346397807934], [-43.01437229074787, -22.71936248498992], [-43.00961772437773, -22.71548408312316], [-43.00595216236167, -22.71496506458527], [-43.00008077560659, -22.71736552240014], [-42.99641521359052, -22.72116083770175], [-42.99404719522113, -22.72735661081816], [-42.9883704406426, -22.72878391044833], [-42.97777923732122, -22.72669161972169], [-42.97541121895188, -22.73147631427969], [-42.97421099094373, -22.73163850611138], [-42.96958849001606, -22.72886500591454], [-42.9671555945543, -22.72422628571377], [-42.96741510382327, -22.72180961042443], [-42.96548257136283, -22.72237770316769], [-42.96324674344174, -22.72539407517564], [-42.9621924888915, -22.7250696888143], [-42.96274394507628, -22.72148522406309], [-42.96037592670694, -22.72114461932796], [-42.95891619032921, -22.71859818805518], [-42.95953252360636, -22.71498128385838], [-42.95748889159836, -22.71546786295073], [-42.95522126634762, -22.71339014933517], [-42.95079032011643, -22.71269436275384], [-42.95001044242724, -22.710327741931], [-42.94383629530807, -22.70746769277901], [-42.93927867057346, -22.69937426201182], [-42.93588883799873, -22.69963377128073], [-42.93384520599074, -22.69853085801191], [-42.93346813464598, -22.69731407618292], [-42.93593194430304, -22.69432747533193], [-42.93494811836024, -22.69278922634095], [-42.92116171284204, -22.68433896976688], [-42.91833955392656, -22.68095724637902], [-42.91734612232494, -22.67569408281491], [-42.91171331131955, -22.67183559733417], [-42.91189211273007, -22.65563217838155], [-42.90740119071165, -22.65529762518446], [-42.90503569224268, -22.65357104556654], [-42.89929396614286, -22.63901692568982], [-42.90312178294317, -22.62547521221052], [-42.91066631070095, -22.61948854316097], [-42.90707863626932, -22.60134875703875], [-42.8877263850639, -22.59219977310028], [-42.88297316138159, -22.58195720725854], [-42.86662682306871, -22.57132691760239], [-42.86643454891458, -22.56734838611834], [-42.87185177983503, -22.55887746672096], [-42.87515710041913, -22.55695446077897], [-42.87762718374682, -22.55282859516274], [-42.88662753223412, -22.54764868633703], [-42.88794058828677, -22.54083089263082], [-42.8918242233085, -22.53704144990223], [-42.89146194311343, -22.53489498131756], [-42.8931896729643, -22.52908731242877], [-42.89277099178713, -22.52391603619532], [-42.89796827101816, -22.51990192033657], [-42.89804989438636, -22.51816971995584], [-42.88868432132364, -22.51249796830581], [-42.88915408219441, -22.50669211514821], [-42.89229880814275, -22.50281471422693], [-42.89501540193851, -22.50313390070818], [-42.89576480070428, -22.50134996143078], [-42.90229992040429, -22.5000730482318], [-42.90688178186798, -22.49668577602699], [-42.9153825497641, -22.48206074011028], [-42.9216325789796, -22.47554902616582], [-42.92257425729542, -22.46748336286612], [-42.92082798522262, -22.46073381601201], [-42.91871834477507, -22.45741036419616], [-42.91226690519278, -22.45489615023638], [-42.90906710296372, -22.45602425261637], [-42.90602403997673, -22.45501974676313], [-42.90176966034085, -22.4577378226416], [-42.89727892628071, -22.45838779685857], [-42.8923450287993, -22.4577378226416], [-42.891302307155, -22.45465108497882], [-42.88574263801161, -22.45304398569061], [-42.88020334210984, -22.44779532998973], [-42.87509878118306, -22.44805988715331], [-42.87493707498527, -22.4454665436453], [-42.87690984940929, -22.44396897638637], [-42.87054379595867, -22.43859102695353], [-42.8705183217624, -22.43165677463969], [-42.86432367459719, -22.4275647244317], [-42.85796308003137, -22.42624132887346], [-42.8542986439665, -22.42674952317117], [-42.85235468202222, -22.42573517873473], [-42.852689418681, -22.42122083207499], [-42.85169041757797, -22.41840942095723], [-42.85324465291768, -22.41689344637467], [-42.85223669276843, -22.41584388718485], [-42.84087734071596, -22.41133067187224], [-42.83557800012386, -22.41331947761103], [-42.8272100881743, -22.41243943433165], [-42.81979729940514, -22.40682811712315], [-42.81134883428052, -22.40471244941921], [-42.81038564598003, -22.39979918418425], [-42.81265538193958, -22.39328890016185], [-42.81549119256374, -22.39242200137352], [-42.81576740943768, -22.39117569210373], [-42.81440637005721, -22.38897140520544], [-42.80354438356574, -22.38698345382255], [-42.80288042399167, -22.38149113400783], [-42.80422909679464, -22.37908678482648], [-42.80365382566276, -22.37782255206832], [-42.7974325297867, -22.3774783608369], [-42.79391126489224, -22.37598191413326], [-42.79032643771421, -22.37811498012144], [-42.78596447757786, -22.37847190575309], [-42.78135705378429, -22.38143196491245], [-42.77734642279842, -22.38092622756255], [-42.76971481458628, -22.38387864877984], [-42.76304038270678, -22.37651892810527], [-42.75734814809783, -22.37669764228161], [-42.75109735985455, -22.37252910923024], [-42.7470759019306, -22.3731167937043], [-42.74168776677629, -22.36766209343011], [-42.74026370830279, -22.36026819222252], [-42.72790547115983, -22.35542145073856], [-42.7259557157829, -22.35679127289814], [-42.72254841657542, -22.35546278268049], [-42.71737835622542, -22.35724565985856], [-42.71082109971326, -22.36219658420424], [-42.71023613568838, -22.3649487533815], [-42.71210510226791, -22.37152413303153], [-42.71173703673412, -22.37792532389381], [-42.70565654141552, -22.37702538401351], [-42.70362599364398, -22.37979206555059], [-42.70156787175915, -22.3805848080417], [-42.69713212674554, -22.38006400434955], [-42.69762844639496, -22.38220997470978], [-42.69559712070981, -22.38442331688179], [-42.69688034714954, -22.38671075959309], [-42.6955646686738, -22.38853157377235], [-42.69215006427333, -22.38894036690363], [-42.68746367910478, -22.3922959434023], [-42.68354465396186, -22.39305897229298], [-42.67492889155437, -22.38922373698512], [-42.6677446852683, -22.38908335191439], [-42.66327372010539, -22.38598795917619], [-42.66095576609501, -22.38587243136686], [-42.65523842601181, -22.38814839693021], [-42.65682118694747, -22.39272054211852], [-42.65490378378189, -22.39269491233955], [-42.6524316284162, -22.39540153715046], [-42.64946612206313, -22.39575667672847], [-42.63951426117347, -22.39262718619489], [-42.63538273342567, -22.39286754530019], [-42.6277673966473, -22.39063927078496], [-42.61687598343917, -22.38520043724958], [-42.61293436013187, -22.38189946578694], [-42.61128874557841, -22.37645307524843], [-42.60877095681349, -22.37296410141136], [-42.5962458225859, -22.36871236218497], [-42.59412804327383, -22.36433393815992], [-42.58612418408308, -22.35584272825855], [-42.5847088688185, -22.35553164916553], [-42.57820996841457, -22.35853510061361], [-42.56710303807404, -22.35929184504187], [-42.56195961924033, -22.36126240893225], [-42.56276866913805, -22.36584096988406], [-42.5592976259839, -22.36694297124035], [-42.55756884662424, -22.37123977189719], [-42.55440928635875, -22.37376296378898], [-42.55631465659542, -22.37426073134691], [-42.55843095832131, -22.37858399725292], [-42.55554187095987, -22.37948593272881], [-42.55423397791503, -22.38326971512447], [-42.55151046293679, -22.38663604121956], [-42.55384577296331, -22.38902118627794], [-42.55395771517567, -22.39247473941691], [-42.55607566715759, -22.39347712736674], [-42.55712530099112, -22.39608787185705], [-42.5584310095827, -22.40183550200607], [-42.55804236216454, -22.4072371090046], [-42.55993418321526, -22.41085043569825], [-42.55914715231847, -22.41221218014721], [-42.55563062055597, -22.41107567809928], [-42.55526749230017, -22.4123877098242], [-42.55752105485209, -22.41704046034818], [-42.55854180066285, -22.42435233888858], [-42.56609525599055, -22.43334515015778], [-42.5732656963541, -22.43789828457739], [-42.57635320743384, -22.44166632613928], [-42.57229123595107, -22.44306609212566], [-42.57281925400463, -22.44679909610062], [-42.57162895541126, -22.44915409498475], [-42.5663501688245, -22.44833174501326], [-42.56404964097743, -22.4465862796323], [-42.5588449747151, -22.4478978652935], [-42.55846124568922, -22.45005256267484], [-42.55059625711084, -22.45277095331608], [-42.55073874839377, -22.45457148058858], [-42.55224062700262, -22.45524627519467], [-42.55134985031458, -22.4559043585985], [-42.54354675757605, -22.45784928641467], [-42.53529786010745, -22.4568081277921], [-42.52959072643017, -22.45036888301678], [-42.5235355173495, -22.4470709908328], [-42.51928011338578, -22.4414887361155], [-42.51909056327816, -22.4396880091935], [-42.51689178023076, -22.43906249203962], [-42.51601778489214, -22.43610636921278], [-42.51175496781678, -22.43476917895367], [-42.50845679324567, -22.43669311389533], [-42.50616323424515, -22.4354420831848], [-42.50133917995845, -22.43587804843241], [-42.49989859824097, -22.43474074598788], [-42.49277150789806, -22.43558424531591], [-42.49024101171261, -22.43909092500542], [-42.48667746609146, -22.43962166620616], [-42.48764417343909, -22.44159298912439], [-42.485824490607, -22.4409959049363], [-42.48235572003972, -22.44196261228393], [-42.48282959620815, -22.44295774989945], [-42.48118050757364, -22.4432894630375], [-42.48173968174018, -22.44555458907223], [-42.48033701004425, -22.44571570711344], [-42.47902911340213, -22.44780076009624], [-42.47529497268408, -22.44844523136157], [-42.47561720786712, -22.44927925183521], [-42.46796885427847, -22.4493550718783], [-42.46462813907664, -22.44461505384089], [-42.45495622814667, -22.44244596460879], [-42.45516473416444, -22.44102433790209], [-42.45152536939952, -22.43414366269911], [-42.4477912277822, -22.43469335801132], [-42.43964056685792, -22.4326367379943], [-42.43464591657505, -22.43326225514818], [-42.42765151220681, -22.42877939015597], [-42.41700826421931, -22.42701657325546], [-42.40384399800138, -22.42868461510216], [-42.39929479092115, -22.42456189711311], [-42.39483088183897, -22.42327295458239], [-42.39137792674921, -22.42426062422766], [-42.38671813093629, -22.42172811985608], [-42.38328170538568, -22.4227549333927], [-42.38172348065336, -22.42204087798336], [-42.36743483704737, -22.4263602057581], [-42.35360168656786, -22.42900256411627], [-42.35071817140573, -22.42830724698109], [-42.34468587974879, -22.4241641890253], [-42.34203911561195, -22.42810494808413], [-42.33660801534688, -22.42913024806171], [-42.3346480904363, -22.42830854110554], [-42.33370944283581, -22.42578742484898], [-42.32576473835127, -22.42618352404963], [-42.32339309121744, -22.42251839640608], [-42.31777257844101, -22.42244067699488], [-42.31481798805896, -22.42443030921061], [-42.3107459531625, -22.42015371002492], [-42.30758248534266, -22.41936839413529], [-42.30308958301708, -22.41627580818124], [-42.2985156481779, -22.41538090720235], [-42.29837308494916, -22.41225488355525], [-42.29448104126629, -22.41323121724611], [-42.29201372335393, -22.41234434811241], [-42.2903439584062, -22.40842316189861], [-42.28718846577436, -22.40631155733172], [-42.28025305063704, -22.40421122486737], [-42.27708775539486, -22.40141051837992], [-42.26986226213296, -22.40174196262069], [-42.26909994010941, -22.40252085825023], [-42.28124738425862, -22.41260505887561], [-42.28307861528515, -22.41898536837925], [-42.28738227237324, -22.42358975156503], [-42.29000580792098, -22.42954187765474], [-42.29317939041579, -22.42895356365528], [-42.29463774633422, -22.42996446998353], [-42.29313015343308, -22.43402820233888], [-42.29368944091425, -22.43654264382718], [-42.29666991558338, -22.4413330203019], [-42.29816970236914, -22.44892724369657], [-42.30207246237353, -22.45321116516237], [-42.30182500761725, -22.45516825091329], [-42.30402840778407, -22.45684053935861], [-42.30196038076622, -22.46168567375406], [-42.3024127568425, -22.46445458021395], [-42.29757628111975, -22.46745726184241], [-42.29296116632401, -22.46393161185364], [-42.2890998326904, -22.46551059563672], [-42.28842517568057, -22.46768528674579], [-42.289193135554, -22.46846760159775], [-42.28770027894399, -22.46961595401228], [-42.28852565693279, -22.47031214259056], [-42.28705433099185, -22.4716829881786], [-42.28608540861399, -22.47108727995322], [-42.28510213215696, -22.47446774069289], [-42.28409732413149, -22.47454669127603], [-42.2852097899991, -22.47514957519195], [-42.28398966628936, -22.47625486357032], [-42.28442747514714, -22.47725967159579], [-42.28057061743931, -22.47943067098788], [-42.27787482316381, -22.47892803809771], [-42.27782103381293, -22.48031320089274], [-42.27566780412513, -22.48111192297608], [-42.27716228401147, -22.48307834458916], [-42.27555675943614, -22.48428133171728], [-42.27302123244317, -22.48388804829403], [-42.27028674843393, -22.48573879820617], [-42.27073555600037, -22.49060626906328], [-42.27016644972116, -22.49221179543724], [-42.26987495696295, -22.49101343532101], [-42.26882465673179, -22.49196657099969], [-42.26913465663836, -22.4972597161622], [-42.26292076488068, -22.50004972071724], [-42.26383688536322, -22.50160434996002], [-42.26145523237233, -22.50665820171389], [-42.26341861967285, -22.51166650370538], [-42.26366820312433, -22.51739027663916], [-42.26553175668448, -22.51835533193224], [-42.26564822878203, -22.51975299710239], [-42.26276970305861, -22.52642518697201], [-42.26135539863202, -22.52649174219937], [-42.2619273215879, -22.5272398063712], [-42.25916155556058, -22.52883780541958], [-42.25903863262607, -22.53214989520075], [-42.25655104939068, -22.53199272518333], [-42.25423395962878, -22.53387940301127], [-42.25187123916561, -22.54356322905898], [-42.25022399144331, -22.54640847716871], [-42.24073983107763, -22.54614225625937], [-42.23006576961882, -22.54094876857005], [-42.22636648572399, -22.54200894875322], [-42.22170455132323, -22.53963574129563], [-42.21358518500756, -22.5385382887103], [-42.20360185863814, -22.54196589820685], [-42.20396791418716, -22.54482778377445], [-42.19834397409437, -22.5468577272016], [-42.19806111302921, -22.54842178223868], [-42.19310272790784, -22.54777286562449], [-42.19045714637946, -22.5491206139244], [-42.19042822328316, -22.55174114303856], [-42.18805485574626, -22.55310677165943], [-42.18859168895455, -22.55464192608326], [-42.18687460258013, -22.55548098815632], [-42.18861052525483, -22.55617708140642], [-42.18864133333011, -22.55790820170137], [-42.19066911118978, -22.55839717029238], [-42.19161828355618, -22.55730418284099], [-42.19299170660122, -22.55819583007275], [-42.19108617178864, -22.56151793290553], [-42.19221511143752, -22.56238081712024], [-42.19194905510409, -22.56678152544629], [-42.19380425576105, -22.56639322696509], [-42.19314990184574, -22.56854324607315], [-42.19477500016541, -22.56934860515321], [-42.19440827462142, -22.57152019629922], [-42.19540778204276, -22.57045597276414], [-42.19656548470863, -22.57084427124533], [-42.19561631234222, -22.57341854013276], [-42.19689985174602, -22.57292957423971], [-42.1965726747884, -22.57432456932264], [-42.1979317176739, -22.57406570306898], [-42.19872988487555, -22.57678378794071], [-42.20226770898682, -22.57483510815297], [-42.20502174695531, -22.57712175136697], [-42.20558981271893, -22.57983264525961], [-42.20497141190043, -22.58107663517779], [-42.20403662239147, -22.5802137518624], [-42.20340383961479, -22.58095439392935], [-42.20604282641455, -22.58298936186878], [-42.2085164269908, -22.5809759659673], [-42.2090197757413, -22.58314755711331], [-42.21199672506805, -22.58388819918025], [-42.21431932137887, -22.58604540926746], [-42.21375844659428, -22.58948256416824], [-42.21546264298587, -22.59261770784019], [-42.21536916385509, -22.59155348520443], [-42.21713088358268, -22.59069060098966], [-42.21837487619882, -22.5935021640928], [-42.21900046709715, -22.58996433998152], [-42.22504784488143, -22.59257456376434], [-42.22740639428895, -22.58971985658536], [-42.226854314874, -22.59321037725636], [-42.22837022110809, -22.59459293921202], [-42.22571915101724, -22.59630465663383], [-42.23301828256695, -22.59816460661051], [-42.23386229360921, -22.59972758965574], [-42.23586291284244, -22.59966507058579], [-42.23646466091463, -22.59853972282917], [-42.23773849213694, -22.59933684411931], [-42.23678507317186, -22.60069663973735], [-42.23763689842337, -22.60224399256543], [-42.23456563629435, -22.60160316984962], [-42.23212738267182, -22.6040570536893], [-42.23588635726884, -22.60514332680231], [-42.23653262987625, -22.60633459666354], [-42.23433118933218, -22.60668286632045], [-42.23649591955029, -22.60942590108368], [-42.24034085944237, -22.60756595110701], [-42.24080975426602, -22.61010579934236], [-42.24295885696495, -22.60904297065582], [-42.2467881657405, -22.61270816574847], [-42.24868719036084, -22.61310672729286], [-42.25022672897961, -22.61098888412891], [-42.25312606321648, -22.61169222681406], [-42.25916699376103, -22.61063721413535], [-42.25966714811966, -22.60856626072359], [-42.26194910406718, -22.60766754482057], [-42.27129574370286, -22.60862096468497], [-42.28886367611705, -22.61924925155097], [-42.30130502320753, -22.62937738315895], [-42.3099326908403, -22.63950551476694], [-42.31441147111178, -22.64798362514341], [-42.32159017624491, -22.67989841787693], [-42.323682669319, -22.68637004813843], [-42.3293777044168, -22.69194284018914], [-42.3308655059376, -22.69574766312337], [-42.33000049302763, -22.70045818699498], [-42.33188053655681, -22.70427524790358], [-42.33744199714971, -22.70575106955545], [-42.33763732630081, -22.70664090285459], [-42.33948210291601, -22.70615257907747], [-42.34523346705015, -22.71072111618577], [-42.3529403683026, -22.71017329506077], [-42.35605254059152, -22.7139874556558], [-42.35739814220977, -22.71417193268775], [-42.35947080343408, -22.71189309109252], [-42.36185816172406, -22.71308677113683], [-42.36179305260657, -22.71885983681125], [-42.36858229463644, -22.72420336379344], [-42.37906842926384, -22.71848528356821], [-42.38926776379554, -22.72245567618774], [-42.39361458114729, -22.72136224896786], [-42.39555944511159, -22.72276936331468], [-42.3987769855687, -22.72995729459268], [-42.40420284278622, -22.73223093810651], [-42.40774845682506, -22.72948228168116], [-42.41010559609566, -22.72932991943946], [-42.41690813999793, -22.73569330010497], [-42.42033181855783, -22.73636548757639], [-42.42893904729846, -22.73298917001341], [-42.43783131526226, -22.73303465502454], [-42.44178848874702, -22.73003266227676], [-42.45053054474812, -22.82008312233745], [-42.45572985644696, -22.82058000496249], [-42.46436338855881, -22.81918396216935], [-42.47199899875403, -22.82032219001627], [-42.47765923098797, -22.82302698920341], [-42.48001121624389, -22.82688001220203], [-42.48356608520595, -22.82866081014748], [-42.48659905510158, -22.82750151837962], [-42.49237491496962, -22.82890867499458], [-42.49979294858497, -22.82866075618819], [-42.50532309028767, -22.82603626735909], [-42.5117841526158, -22.82471103358654], [-42.51478388266929, -22.82550816476919], [-42.51916810462359, -22.82375657320654], [-42.52345663871216, -22.82386899295886], [-42.5263842404396, -22.82058902606195], [-42.53190122775874, -22.8087579211404], [-42.53792166455247, -22.81207230779], [-42.55310911309437, -22.81505106115679], [-42.5560668897744, -22.81175765119389], [-42.56040642711417, -22.81141705814991], [-42.56251832575941, -22.80712438717995], [-42.56604151880032, -22.80608333557672], [-42.56742600980175, -22.80418490540831], [-42.58066258331081, -22.80561134978319], [-42.58719696196948, -22.80813909494248], [-42.5909031265773, -22.81124683627172], [-42.60079259789933, -22.81629009401183], [-42.60162828841402, -22.81878837917958], [-42.60446114656395, -22.82083026290553], [-42.61176119002619, -22.82332654258511], [-42.61683765703151, -22.8289798806162], [-42.62347365278612, -22.83039297185741], [-42.62977911171589, -22.83332315643776], [-42.63270929539692, -22.8374402491674], [-42.63643693401656, -22.84007370603592], [-42.63298747728953, -22.84459879959417], [-42.63315438606531, -22.84598970995637], [-42.63718548112433, -22.84927526164324], [-42.64239002867618, -22.85118244131581], [-42.64522748505965, -22.85466898878201]]]}}, {"type": "Feature", "id": "36", "properties": {"id": "36", "unidade": "36", "camada": "AISP", "label": "AISP 36"}, "geometry": {"type": "Polygon", "coordinates": [[[-41.93694194611317, -21.74146716907381], [-41.92980496772435, -21.74195807030793], [-41.93198108695685, -21.74622769615047], [-41.9367321612595, -21.74847394091887], [-41.93793709362126, -21.75209159874748], [-41.9375840305778, -21.75565292304321], [-41.9356038115659, -21.75737218217967], [-41.93594015081658, -21.76002505361254], [-41.93446085868095, -21.76081742558296], [-41.93429787634517, -21.76713297760404], [-41.93666870689458, -21.76935583190533], [-41.9448232618833, -21.77303372002939], [-41.94999337439396, -21.76987371999542], [-41.95294270644001, -21.77147127567804], [-41.95234500171972, -21.77550399671128], [-41.95423935975793, -21.78025982662894], [-41.95625192918243, -21.78211872080152], [-41.9557603732419, -21.78450627604303], [-41.95709459573828, -21.78756972126484], [-41.95916688014665, -21.78896357870542], [-41.95921004041031, -21.79241505441047], [-41.96750221955108, -21.80107514889824], [-41.97401084522357, -21.80405315312976], [-41.97350060766615, -21.80702085472791], [-41.97778707691134, -21.80947189131393], [-41.98356220023464, -21.81631415377439], [-41.98638337529178, -21.81763837401098], [-41.98797983020427, -21.82116899725065], [-41.99176223124124, -21.82297275758594], [-41.99301480518835, -21.82516013633045], [-41.99539167018867, -21.8253134626454], [-42.00188741307289, -21.83437045493179], [-42.00558996240613, -21.83756239978413], [-42.00138084564878, -21.83942078134322], [-42.00422629430733, -21.84325286182934], [-42.00408253857756, -21.84572985015171], [-42.00880223643333, -21.84664865331195], [-42.01192576715971, -21.84880019227427], [-42.01436949405615, -21.85260188197049], [-42.0187281815596, -21.85544788101413], [-42.01764177894421, -21.85858203723046], [-42.02417814060794, -21.86101924494142], [-42.02553895425859, -21.86383771213991], [-42.02209205430415, -21.86408926510671], [-42.02195629804396, -21.86741331317307], [-42.02296760367125, -21.86810664460518], [-42.02539847835635, -21.86717849209293], [-42.03037919724142, -21.87381743492591], [-42.03143401476723, -21.87750244478121], [-42.03347515385451, -21.87970797184465], [-42.03268346357027, -21.88120554539881], [-42.03458254844514, -21.88697401014167], [-42.04289686170006, -21.88993576092582], [-42.05402441439446, -21.90836243707605], [-42.0568163875655, -21.91008220702747], [-42.05782258144626, -21.91303892970205], [-42.06223794872164, -21.91854627089293], [-42.06393120755843, -21.91921332323551], [-42.06605985427814, -21.91754925279503], [-42.06812510778678, -21.91849879388343], [-42.06814884629148, -21.9163148478512], [-42.07083130092309, -21.91441576477496], [-42.07648107404162, -21.91481932115397], [-42.07669472058416, -21.91669466482614], [-42.07332384841612, -21.91913973530978], [-42.07510423896872, -21.92146611237041], [-42.07358497196816, -21.92205957588794], [-42.07349001794921, -21.92493194035598], [-42.07819024908002, -21.93210097867643], [-42.07555527055854, -21.93625522419848], [-42.08374506817961, -21.93651634775046], [-42.08379254518906, -21.93532942071539], [-42.08870350006572, -21.93223824489831], [-42.08882511628536, -21.92937104613611], [-42.09257580632766, -21.92839776744222], [-42.09388142588637, -21.92431473743443], [-42.09663509693144, -21.92419604401147], [-42.10074186544398, -21.92616634440049], [-42.09801193200434, -21.93186359362915], [-42.09483096697483, -21.93271818069871], [-42.09632795507036, -21.93606256963113], [-42.08915745625086, -21.93540063712891], [-42.09013073584407, -21.93919880418071], [-42.09395264140056, -21.94254593694467], [-42.09319300834994, -21.94465866836208], [-42.09079541487574, -21.94646279741937], [-42.08960848784074, -21.94591681001202], [-42.08887259329481, -21.94919272906043], [-42.08664117025307, -21.95147162911161], [-42.08457591764375, -21.95064078144611], [-42.08350768313232, -21.94855178943277], [-42.08186972360812, -21.94859926644222], [-42.08201215463652, -21.95275351016556], [-42.08851651482456, -21.96101452420015], [-42.09057419064567, -21.95938005314616], [-42.09224346636216, -21.9552223191539], [-42.1010029880967, -21.95564961313835], [-42.10200957857847, -21.9578357688049], [-42.1015955289098, -21.95956340602561], [-42.10048074009336, -21.95985133477052], [-42.10145402058583, -21.96300856129528], [-42.10021961744064, -21.96505007629924], [-42.10334322011278, -21.96859344473091], [-42.10262316622538, -21.96964476389394], [-42.09938876707719, -21.97003517038604], [-42.09656388141724, -21.97395202816278], [-42.09725229895372, -21.97675317711668], [-42.09986353807108, -21.98081246682113], [-42.10527592614233, -21.97983918812724], [-42.10914530870832, -21.9828777212291], [-42.1111156072987, -21.98380352381281], [-42.11235001134321, -21.98261659677775], [-42.11401170937216, -21.98430203421071], [-42.11472386541334, -21.98805272335375], [-42.11769118390026, -21.99120994897919], [-42.11671790340779, -21.99391614211549], [-42.11724015141112, -21.99662233615112], [-42.12158695976962, -22.00233511127561], [-42.12528751710448, -22.00291304979663], [-42.13006654323567, -22.00741223928264], [-42.13190129240996, -22.00755267021879], [-42.13334589319766, -22.010001515157], [-42.13228255459546, -22.01717453567551], [-42.13070126495069, -22.01967823386263], [-42.1317845810928, -22.02155091913886], [-42.13714379315081, -22.02517953700527], [-42.13753823669953, -22.02016428595226], [-42.13987375267084, -22.02011712820212], [-42.14329215940489, -22.02438913185216], [-42.14637035890422, -22.02521207627552], [-42.1490622672091, -22.02359024159557], [-42.1508758913086, -22.0180985620982], [-42.15570821396216, -22.01010797780015], [-42.16026372618927, -22.00917767410959], [-42.16721106004167, -22.00502985874022], [-42.17384393155146, -22.00395082696832], [-42.17536727158159, -22.00420471727313], [-42.1759385236432, -22.00556937462619], [-42.17790617013293, -22.00512506816659], [-42.17984208044692, -22.00633104374191], [-42.18337423882934, -22.01563065782784], [-42.1867837081009, -22.0180595531051], [-42.19487833586578, -22.01375028784474], [-42.20140418535414, -22.01621472792658], [-42.20509821900686, -22.01595151704811], [-42.20726194018567, -22.0138978998674], [-42.21206989211112, -22.01308092514381], [-42.21651058069801, -22.00901961736065], [-42.22047969717954, -22.00962047060744], [-42.22370739637853, -22.00796374223216], [-42.22438619566566, -22.00376567634413], [-42.22290888113923, -21.99874598264023], [-42.22117740471271, -21.99836474113914], [-42.21992248173643, -21.99404399333486], [-42.22236878788851, -21.99085108710722], [-42.226564375245, -21.98867544721332], [-42.23119271367204, -21.98231116902446], [-42.22911623302701, -21.98052049742222], [-42.22867293920405, -21.97696831473519], [-42.2298744982088, -21.97505515277231], [-42.23370082213449, -21.97307782957739], [-42.23704302301638, -21.97524180256636], [-42.24070894476125, -21.97492974680961], [-42.24098600340062, -21.97369902369024], [-42.24298512975918, -21.97286777312843], [-42.24030609884664, -21.97157660117841], [-42.23979305990105, -21.96986057510469], [-42.24239953171229, -21.96917652287743], [-42.24309537764884, -21.96699463539335], [-42.24226390135721, -21.96729538217539], [-42.24181572961152, -21.96570319184804], [-42.23917977262766, -21.9639223003731], [-42.24091938612003, -21.96335029108229], [-42.24414504295862, -21.95873884012462], [-42.24133217583852, -21.95639773216885], [-42.24154446800208, -21.9538089509216], [-42.24312143910242, -21.95250511112118], [-42.24236415058436, -21.9511965822557], [-42.24154446800208, -21.9522167632922], [-42.24015219516696, -21.95074642300824], [-42.23784115424513, -21.9513381103647], [-42.23803575494543, -21.9487611228268], [-42.23546466516143, -21.94405532039593], [-42.23611923131676, -21.94330050411418], [-42.23454473335204, -21.94271670111408], [-42.23379521317781, -21.93668650937411], [-42.23045811504926, -21.93405991163485], [-42.22796958302911, -21.93458474518906], [-42.22760396904721, -21.93120576473348], [-42.22515081905431, -21.9298199706144], [-42.22606485310973, -21.92458933642797], [-42.22256203780705, -21.92111010764455], [-42.22144750529742, -21.91825006478791], [-42.21785033762222, -21.91674043402304], [-42.20978324709841, -21.9190225716336], [-42.21208307527297, -21.91707066507837], [-42.21237792520037, -21.91508927514917], [-42.21425316994709, -21.91424600514824], [-42.21253124701872, -21.91255946424712], [-42.2134688693921, -21.90938687999972], [-42.21838106713182, -21.9080954382531], [-42.22108778817017, -21.90919817615412], [-42.22151237339659, -21.90787135238025], [-42.21848721321356, -21.90609635596127], [-42.21650015395818, -21.90243172744147], [-42.21704347307707, -21.90021908224406], [-42.2141536473722, -21.89884897410008], [-42.21315362643799, -21.89674656600045], [-42.21290165168915, -21.89568355115421], [-42.21587021933442, -21.89312444213851], [-42.2147442105761, -21.89108502795091], [-42.21151579641617, -21.89162047260595], [-42.21150004838779, -21.88906923715479], [-42.20960236915329, -21.88691171140556], [-42.21144492804024, -21.8865180008043], [-42.2101614363005, -21.88558884824596], [-42.21311425501813, -21.88517938961638], [-42.21051577458257, -21.88176986818411], [-42.21095672836958, -21.87999817677365], [-42.2085314798432, -21.87941548713422], [-42.20675978843275, -21.87697449057953], [-42.20467313016007, -21.87953359959516], [-42.20101163487834, -21.8788957923062], [-42.20059430268418, -21.88066748281733], [-42.19908625292749, -21.88144527138138], [-42.1898900653735, -21.87492640872603], [-42.19205559778686, -21.87441284367702], [-42.18851199912871, -21.87395919506002], [-42.18810970629715, -21.8729149463669], [-42.18555899964736, -21.87353122388612], [-42.1860212080116, -21.87503768094342], [-42.18399262615804, -21.87474666212796], [-42.18356465498408, -21.87602201410391], [-42.18284456422452, -21.86980492885363], [-42.17978995124452, -21.86719725464883], [-42.17552292624134, -21.86554603102371], [-42.17359149634973, -21.86745945019271], [-42.17174742030647, -21.86695221457228], [-42.17063981077791, -21.8660661260501], [-42.17094801563769, -21.86480441409168], [-42.16800982709111, -21.86388451735581], [-42.16744218940477, -21.86196315357591], [-42.16883874031487, -21.8596901449834], [-42.16710648777348, -21.85921557723634], [-42.20635411684827, -21.78364576244121], [-42.2377906303326, -21.6977738502822], [-42.24606297222766, -21.70657026940165], [-42.24953800117709, -21.70672345991898], [-42.25989003159896, -21.71291867005982], [-42.26660050740674, -21.71446303174275], [-42.26871536302286, -21.71281260671566], [-42.27180126971211, -21.71452150656148], [-42.26669026424355, -21.70827088019621], [-42.26788467903395, -21.70719934607217], [-42.26930632012983, -21.70788644790048], [-42.26851482140114, -21.70626138825168], [-42.27262793373143, -21.70381762718097], [-42.27138639716378, -21.69971143783181], [-42.26773230510105, -21.6986860650091], [-42.26719653938807, -21.69500942784202], [-42.26488615587067, -21.69385357328298], [-42.26654772079996, -21.69276314080554], [-42.26583874386222, -21.69150226161929], [-42.26711297888016, -21.6895632882144], [-42.27139419608454, -21.68546885210509], [-42.27036198571631, -21.68149238186714], [-42.27214190232621, -21.68134437863938], [-42.27320793799521, -21.67789439041303], [-42.27577863477546, -21.67656726176892], [-42.2807662271789, -21.68039441037297], [-42.28331775041312, -21.68094263439428], [-42.28227173185422, -21.67922151815776], [-42.28439254278089, -21.67826713332079], [-42.28445903595502, -21.67681794239337], [-42.28609091156557, -21.67737336908493], [-42.28706797640524, -21.67272047287076], [-42.28314173780024, -21.67281198068758], [-42.28252241157929, -21.67038874304529], [-42.28506853168665, -21.66828991514672], [-42.28830770713427, -21.66744448407491], [-42.30084470521825, -21.65513365739162], [-42.30768464472982, -21.65996730384722], [-42.30773995573361, -21.65737957031013], [-42.31085815977553, -21.66007525756629], [-42.31637739270178, -21.65644884933414], [-42.3164598389497, -21.6546456438806], [-42.31758808791921, -21.65782034693069], [-42.32067352426299, -21.66093176109115], [-42.32454813818532, -21.65600169112435], [-42.32935037581848, -21.65843967405095], [-42.3309959229228, -21.66062109838418], [-42.33416396739244, -21.66162464016423], [-42.33484775342038, -21.66082770863107], [-42.33356872861322, -21.66027674617413], [-42.33499041287649, -21.65971102314444], [-42.34002006477346, -21.66200005855507], [-42.34025127957216, -21.65912968878331], [-42.34331882660183, -21.65952408916462], [-42.34234971986297, -21.65664136630522], [-42.34642877127004, -21.65221603634023], [-42.34490530803282, -21.65059124738735], [-42.34527274494047, -21.64881542898809], [-42.34706904719803, -21.64750496028489], [-42.34639499363334, -21.64447395810589], [-42.34797716641236, -21.64179186320314], [-42.35559511841927, -21.64778215382256], [-42.36063123644169, -21.64635670859445], [-42.36510353709781, -21.64644835041025], [-42.36984350387388, -21.63942355974871], [-42.36462464990694, -21.63215680109471], [-42.36268244343927, -21.63119230428066], [-42.35903585172247, -21.63156224759888], [-42.35919439860186, -21.62687188472893], [-42.35545532060581, -21.62525998575899], [-42.36003998525638, -21.62117738922439], [-42.36525883922332, -21.62434833760494], [-42.36597230287873, -21.62042428794973], [-42.36909472743901, -21.61996243841503], [-42.36366675861331, -21.61330286513436], [-42.36318450975659, -21.60608895514036], [-42.36151976122727, -21.60233666520418], [-42.35418694107375, -21.59534736358916], [-42.35181989217352, -21.59001686508549], [-42.34509688611166, -21.58195010281423], [-42.32472334140834, -21.56943342221388], [-42.32788127390091, -21.56548759097876], [-42.32752219709101, -21.56280110558578], [-42.33064264224339, -21.56160317804347], [-42.33072191568311, -21.56022249387223], [-42.32733956996447, -21.55750076314894], [-42.32183461197701, -21.55808024580591], [-42.3148341389836, -21.55588886327962], [-42.30997201639468, -21.5522422706635], [-42.30851866430419, -21.54907132228294], [-42.30965707291483, -21.54658457811502], [-42.30690950197123, -21.54570951078449], [-42.30619660488867, -21.54288136418285], [-42.30247734525256, -21.53890446496831], [-42.30625605996846, -21.52907452336979], [-42.30322565134202, -21.52846593235614], [-42.29713958022671, -21.52352536100585], [-42.28904044775771, -21.52785899159841], [-42.2855524029203, -21.52811002475704], [-42.28299582639556, -21.52509762415525], [-42.28276460979816, -21.52309596170846], [-42.28381379756797, -21.52217281931939], [-42.28080919139035, -21.5168696700984], [-42.27969935873767, -21.51696215727696], [-42.28042364663327, -21.51529100377604], [-42.27895947120192, -21.51192827406982], [-42.27724848043232, -21.51116196175434], [-42.27381328425491, -21.50388529437004], [-42.27174556120792, -21.50258058042868], [-42.2689082217363, -21.50311237473551], [-42.26819145577031, -21.50132871514734], [-42.26694289369885, -21.50238239503074], [-42.26527153964912, -21.49799261256823], [-42.26260727380588, -21.49808421841118], [-42.25857240069502, -21.49472868507996], [-42.25456673756418, -21.48696800886574], [-42.25467133771133, -21.48491941529801], [-42.25732694218391, -21.48236674003226], [-42.27120196509787, -21.4750175081507], [-42.27095493212369, -21.47188842231208], [-42.26813221742714, -21.46864569813965], [-42.27093434574272, -21.46604197285797], [-42.27713075827717, -21.46649486694378], [-42.28349185916124, -21.46264526856351], [-42.2920350849505, -21.45996907771001], [-42.28744438764761, -21.45064358113558], [-42.28710028904635, -21.44762705624288], [-42.28382731617694, -21.44580873678302], [-42.28586383274893, -21.44151750562759], [-42.28226356241277, -21.43678987934868], [-42.27904513882135, -21.43508975059075], [-42.28040265735603, -21.4324018802418], [-42.27866329207654, -21.43144402312237], [-42.27795414786488, -21.42949842171402], [-42.27531758743595, -21.42829833220151], [-42.27611764591188, -21.42373435285731], [-42.27546305187764, -21.4179521006082], [-42.27799460836377, -21.41466969924647], [-42.2779161623003, -21.40910904714406], [-42.27588126540735, -21.40731493923226], [-42.27526303635932, -21.4041692483114], [-42.26786248106794, -21.39958708557475], [-42.26559580010536, -21.40086759426327], [-42.2652022783617, -21.40387687781487], [-42.26085038973298, -21.4067588470424], [-42.26141752379897, -21.40870330811043], [-42.26059575838678, -21.40965238964532], [-42.25438042771384, -21.40967553909405], [-42.25147530993689, -21.40681671841605], [-42.24145207705101, -21.40571717220894], [-42.2382807536531, -21.40349493124529], [-42.23656777628111, -21.39848331435269], [-42.23722750364567, -21.39281197009558], [-42.24479701277119, -21.39061287588277], [-42.24884797295488, -21.39085593385352], [-42.25064196935068, -21.38987213039371], [-42.25192670305415, -21.38718692113872], [-42.25134799381414, -21.38568227891324], [-42.24888531730284, -21.38500489695764], [-42.24068591762028, -21.37751099113854], [-42.24256951167291, -21.37440740197923], [-42.24238116755612, -21.3728629800417], [-42.23701963884452, -21.36969879995888], [-42.23228541783703, -21.36902114640799], [-42.22997557031556, -21.3664843936391], [-42.2309003557661, -21.36290511078147], [-42.22972444542609, -21.35980445611], [-42.23227336782094, -21.35690395815038], [-42.23233444437835, -21.35419802042151], [-42.23021413887068, -21.35334425443301], [-42.22931636455786, -21.35149220410113], [-42.23518014484705, -21.34874238035582], [-42.23660528340639, -21.34446069010801], [-42.23296396261605, -21.34091982089222], [-42.22385401375101, -21.33762476517001], [-42.22211930875835, -21.33366657005541], [-42.20415008176013, -21.32605100664784], [-42.19976113566713, -21.32043451114299], [-42.19854621543476, -21.3159659831428], [-42.19070660842249, -21.31382702929318], [-42.18630287927374, -21.31538527111258], [-42.17977955238371, -21.31367217233213], [-42.17645620938583, -21.31551659911099], [-42.17318847596664, -21.31375927796751], [-42.16621993699977, -21.31510459360135], [-42.16292923939216, -21.31860822009253], [-42.15959444982326, -21.31754534913779], [-42.15961918207887, -21.31300435376716], [-42.15270871413509, -21.31115575503327], [-42.14758877390204, -21.30664556234206], [-42.14274951028096, -21.30617131385429], [-42.14296243826516, -21.30914262173383], [-42.1379683185823, -21.31109768401012], [-42.13162888416491, -21.30771987806912], [-42.12924796592017, -21.31081700739821], [-42.13148370570769, -21.31754358196997], [-42.12596210666516, -21.31974544699403], [-42.12662567323548, -21.32421819821053], [-42.12229418213008, -21.32461615181319], [-42.12029079208565, -21.33136260769743], [-42.11674817638652, -21.33509552533747], [-42.10871936460626, -21.33915829721684], [-42.09890051704451, -21.33809785623032], [-42.09294977411207, -21.34477419017594], [-42.09690374511104, -21.34599182815958], [-42.09664509739258, -21.34808171409907], [-42.08981675823605, -21.35196145235835], [-42.08140548637334, -21.35303743183124], [-42.07937191867836, -21.35486595320043], [-42.07337701633548, -21.3555411560987], [-42.07279457940558, -21.35259212982214], [-42.06569451638808, -21.35500806317083], [-42.06143777063585, -21.3541237589036], [-42.05800290900629, -21.35475486264602], [-42.05399902023788, -21.35312020003641], [-42.04953990813954, -21.35408237480095], [-42.04706759898977, -21.35248306274235], [-42.04579466798879, -21.34791617858798], [-42.03378619157877, -21.34265861959886], [-42.0336144471483, -21.3483212970894], [-42.03777654375176, -21.3571758187083], [-42.03922497924867, -21.3656491662752], [-42.0278133765853, -21.37693661573144], [-42.0285375952331, -21.37950241570314], [-42.03240175813391, -21.38441818734867], [-42.02925066858273, -21.38936539569568], [-42.03320806869669, -21.39229952110526], [-42.03574191215881, -21.39615599210458], [-42.03878271155219, -21.39719585120679], [-42.04138236020702, -21.40078809239577], [-42.04645561303539, -21.41599209385924], [-42.05225361601083, -21.41873354131911], [-42.0536243392911, -21.42639068578075], [-42.05720082435784, -21.42979386159664], [-42.05786784432485, -21.4333608012592], [-42.04835561611804, -21.43814339769887], [-42.0361307340454, -21.43355624192623], [-42.03218758818593, -21.43414375912641], [-42.02877546771293, -21.43656161972217], [-42.02486577483489, -21.43644568811726], [-42.02277784402156, -21.43604246808468], [-42.02169254127705, -21.43340747967068], [-42.01689175425031, -21.43047214197497], [-42.01269969043761, -21.4301636942983], [-42.00965855379849, -21.42865273073818], [-42.00707071594007, -21.43025267681878], [-42.00537888342797, -21.4335951600878], [-42.00174881585446, -21.43391404799416], [-42.00271571565702, -21.43590388885264], [-41.99773738537129, -21.44459109610142], [-41.99823726723537, -21.45289181700298], [-41.99341559435345, -21.45662992822781], [-41.99440165870885, -21.45970413113997], [-41.99354610306949, -21.46401091427151], [-41.99519196133923, -21.46561326963592], [-42.00273245833557, -21.4663383165593], [-42.0039588314342, -21.4706394168748], [-42.00720171838384, -21.47570154508946], [-42.00510289318322, -21.47944758114016], [-42.00520446171578, -21.48251217929288], [-42.00187596110601, -21.48400413388288], [-41.99731635066831, -21.48834351743858], [-41.99184671984949, -21.48582244165158], [-41.9889595993053, -21.48288376657177], [-41.98517754540666, -21.48208565332948], [-41.97012041132717, -21.4706832642205], [-41.97294295785048, -21.46753735026772], [-41.96743508965693, -21.4602937716395], [-41.96187566512913, -21.4556709433586], [-41.95778557814117, -21.44466379909426], [-41.95539683039868, -21.44297105197171], [-41.95196837643869, -21.44368424043455], [-41.95306823111326, -21.43430109911566], [-41.95138407701279, -21.43271146466157], [-41.94252793481559, -21.42750903231519], [-41.9391825584276, -21.42308773311163], [-41.93580565900322, -21.42247765641793], [-41.9223238403722, -21.41488178096864], [-41.91895553397001, -21.41411703797013], [-41.91593093226595, -21.41017302606355], [-41.90433948857583, -21.40149448108468], [-41.90097977519571, -21.39550542613375], [-41.89780050628758, -21.39402749467234], [-41.90097977519571, -21.38814155059129], [-41.89976821572986, -21.38187753242141], [-41.8943071095847, -21.38170750569606], [-41.89260513901525, -21.3795048249869], [-41.89044155273473, -21.37964819760543], [-41.88725908493808, -21.3770494950374], [-41.88407661624211, -21.37767092387327], [-41.8822123297345, -21.37275598769787], [-41.8772973935591, -21.37172027267167], [-41.87430323660436, -21.36750208984881], [-41.86633764986192, -21.36460209011358], [-41.8640779089676, -21.36085468619405], [-41.86515128580248, -21.35671182698843], [-41.85930083256665, -21.35146852495171], [-41.85795850897728, -21.34737379476405], [-41.85466232190788, -21.34462221284406], [-41.84429892855195, -21.34322305569867], [-41.83884413564761, -21.33957545943912], [-41.83428699115098, -21.33806896461027], [-41.829928693054, -21.33834126943327], [-41.82634023621222, -21.33450987333123], [-41.82505971583248, -21.33119558560702], [-41.81524877960675, -21.326905492094], [-41.81394120672059, -21.32716961128773], [-41.7772866495585, -21.38757482301889], [-41.77948405304585, -21.39056703114278], [-41.78041911864665, -21.3953826183124], [-41.77987239199655, -21.39939912277055], [-41.77786554585754, -21.40190380121868], [-41.70991418399166, -21.45630586472311], [-41.82397180055739, -21.4820561447745], [-41.82210243377955, -21.48592530161062], [-41.81592917339191, -21.49135950993264], [-41.81695080413556, -21.49412008777108], [-41.82036348758413, -21.49653287708981], [-41.82036348758413, -21.50157582186591], [-41.82385208010868, -21.50485907398632], [-41.82378644039119, -21.51295527016879], [-41.83160620296314, -21.51575110233074], [-41.83249264042229, -21.5194869742437], [-41.8356864216903, -21.52171209303788], [-41.83740516641456, -21.5253993916678], [-41.84279589971027, -21.52796433818287], [-41.84361402286811, -21.53092304386263], [-41.84575210887198, -21.53022497030537], [-41.8500994757095, -21.53618086185651], [-41.85366431725373, -21.53891970218172], [-41.85644663170598, -21.5438757014017], [-41.86167374234861, -21.54629976821894], [-41.86751101691914, -21.55195242816126], [-41.86996694221989, -21.55917843313739], [-41.8714885195788, -21.56022179959558], [-41.87009736370163, -21.56691674501099], [-41.87244494138019, -21.5720466371418], [-41.86927136338198, -21.57456811132852], [-41.88048757034437, -21.57978495081403], [-41.88697486229933, -21.57959282235009], [-41.89131251286142, -21.57826337165648], [-41.89461651234143, -21.57561147868603], [-41.90070282537437, -21.57526369016637], [-41.9170923985946, -21.58461052765296], [-41.92197824170177, -21.5854038358176], [-41.92652618433522, -21.58765368416942], [-41.93768091184387, -21.59734882368849], [-41.93793381559237, -21.69713767166542], [-41.93694194611317, -21.74146716907381]]]}}, {"type": "Feature", "id": "37", "properties": {"id": "37", "unidade": "37", "camada": "AISP", "label": "AISP 37"}, "geometry": {"type": "Polygon", "coordinates": [[[-44.66025325758102, -22.38029405542557], [-44.65920869232656, -22.37436300224999], [-44.65105076128287, -22.37019858989225], [-44.65039416985434, -22.36845367399707], [-44.64589696427277, -22.36515272501748], [-44.64605886382481, -22.36344378829943], [-44.64190594570209, -22.35614309192937], [-44.6435633719513, -22.35435755635535], [-44.64281873239787, -22.35310848077097], [-44.63510376242795, -22.3508434473664], [-44.6331223859886, -22.34823228379207], [-44.6310886357312, -22.3483123531318], [-44.63088851769021, -22.34689295404581], [-44.62739745922465, -22.34593430732167], [-44.62672888432979, -22.33669035137785], [-44.62602427719793, -22.33533318267945], [-44.62424356468802, -22.3353210760061], [-44.62205392055125, -22.3319804660249], [-44.61947828199641, -22.33109618693868], [-44.61587800356631, -22.33200853926189], [-44.61334536609502, -22.32808694655455], [-44.61149177072792, -22.32821105299695], [-44.60998672380754, -22.32654763726288], [-44.60620321930242, -22.32607321430663], [-44.60467790615974, -22.32707007232523], [-44.60291639057823, -22.32576895117541], [-44.60037019942445, -22.32606520674312], [-44.59940136518014, -22.32443980715061], [-44.59237932194742, -22.32285844735867], [-44.58866012076726, -22.32024419731107], [-44.58701470496391, -22.32043636174791], [-44.58854402098905, -22.32357506313787], [-44.58576562937958, -22.32614527518353], [-44.58202641198858, -22.32403946314992], [-44.58121771642374, -22.32853132855718], [-44.57775073191004, -22.32688991563634], [-44.5758490956585, -22.32737032987603], [-44.57443889124113, -22.32578434936744], [-44.57199377759002, -22.32525651117828], [-44.57200178425421, -22.3240955106985], [-44.57083277800956, -22.32423963515026], [-44.56912730997664, -22.3259771307392], [-44.57002408244472, -22.32770661876469], [-44.56563110559034, -22.32795653496532], [-44.56596058481239, -22.33062913392661], [-44.56357052765702, -22.33316731931558], [-44.56333432431887, -22.33151389594877], [-44.55941895492009, -22.33014071392205], [-44.5578923962164, -22.33076060581652], [-44.55659452431712, -22.32883358889825], [-44.55515928906919, -22.33068518327383], [-44.55214669601247, -22.32740435932294], [-44.54964053907889, -22.32850530667378], [-44.55008892576257, -22.32537060816628], [-44.54568983082032, -22.32361178065838], [-44.54536601732713, -22.32718126630164], [-44.5431068493009, -22.32828072707315], [-44.5456521780049, -22.33207612960894], [-44.54176551406647, -22.33174407292984], [-44.53834753540968, -22.3295496273127], [-44.53253063857738, -22.33069395076444], [-44.53018064442045, -22.32317877418029], [-44.52470901440876, -22.32039268707206], [-44.52334289565738, -22.31829143999721], [-44.52073533206919, -22.31861288827338], [-44.51726070062011, -22.31611815183049], [-44.51352681171227, -22.30861843729025], [-44.51162534543261, -22.30942420736051], [-44.51099277939255, -22.30789173831232], [-44.50614779518389, -22.30562934531724], [-44.50504811677644, -22.30683608621564], [-44.50273363684715, -22.30698053981928], [-44.50136307544483, -22.30522968480136], [-44.49680708657706, -22.30373110310717], [-44.49446819724875, -22.30139539917758], [-44.49477269330441, -22.29969167223209], [-44.49105349212425, -22.29863318637166], [-44.49016413366712, -22.2964864282053], [-44.48429657982257, -22.29375399914699], [-44.48223035684475, -22.29404399633262], [-44.48043238004959, -22.28891106269464], [-44.47908389790285, -22.28814257312047], [-44.47605526273946, -22.28923738439698], [-44.47640143158009, -22.28586610213813], [-44.47301572689355, -22.28312563763728], [-44.47047101062793, -22.28276314340354], [-44.46845885669018, -22.28008500192055], [-44.46541782617101, -22.27914543970951], [-44.46354010019473, -22.28107391532814], [-44.45986439832262, -22.27997917869538], [-44.46322835470409, -22.27646297518538], [-44.4632493385854, -22.27501055209456], [-44.46050238997259, -22.27349776380998], [-44.45868991340802, -22.27045642932001], [-44.46293110808347, -22.26695109861356], [-44.46013264540454, -22.2621734106736], [-44.45924815677631, -22.26290565217334], [-44.45752267882784, -22.26184716631292], [-44.45888566164325, -22.26108592617379], [-44.45685568763912, -22.25739572363295], [-44.45233899644683, -22.25820771341449], [-44.45178075397786, -22.25672873334361], [-44.44972903076945, -22.25785971715146], [-44.44725681335052, -22.25545999857928], [-44.44546608599035, -22.25606174125556], [-44.44469788240065, -22.25796210316776], [-44.44040442092654, -22.25480719509522], [-44.43812599212009, -22.25674808315677], [-44.43837476977905, -22.25830942403991], [-44.43609431839735, -22.25652071206042], [-44.43585553040765, -22.2542750527507], [-44.4331608009295, -22.25139819886704], [-44.43031892437813, -22.25231278060954], [-44.42914926162837, -22.25432883400771], [-44.42620531742074, -22.25406608268281], [-44.42384797670201, -22.25565252274498], [-44.41942232208174, -22.25411857431197], [-44.41440357086736, -22.25414409617235], [-44.41295661565454, -22.25559391662517], [-44.39474800441616, -22.25889681083839], [-44.3923482372806, -22.2619526981577], [-44.38991407287546, -22.2704986587853], [-44.38754031233481, -22.27249468518079], [-44.38402470687402, -22.26751911131714], [-44.38067153696113, -22.26699159868258], [-44.3798025166721, -22.26838478882615], [-44.37683681516614, -22.26828823131603], [-44.37465736934138, -22.26497078427349], [-44.37602297188192, -22.26183265665099], [-44.37265034783456, -22.26089466825357], [-44.37107783557292, -22.25917732017643], [-44.36982258614273, -22.25975666613647], [-44.36619477406884, -22.25658405490941], [-44.36443604368776, -22.2577496446296], [-44.36391187383316, -22.25379767462221], [-44.36197382223338, -22.25196307833261], [-44.3598150671109, -22.25240448537795], [-44.35998749142885, -22.25365973480814], [-44.35835980396104, -22.25376319011838], [-44.35711834743307, -22.25604609125332], [-44.35487682860202, -22.25523224617046], [-44.35237322484375, -22.25767377782182], [-44.3460831793945, -22.25350800119253], [-44.34168290544102, -22.25423908076817], [-44.34032419980127, -22.25348731138956], [-44.33911033087634, -22.25465290110975], [-44.33920688838646, -22.25794965655064], [-44.33684122444225, -22.25854969411233], [-44.33322030926911, -22.25677716992965], [-44.32825448315714, -22.25690821284297], [-44.32384731230292, -22.25372870471517], [-44.32323348093968, -22.25577021072587], [-44.32497152061848, -22.2571565039687], [-44.32388869460686, -22.26077741914179], [-44.32230026434502, -22.26111719200401], [-44.31955739056042, -22.25873591313109], [-44.31696412619272, -22.25937733209742], [-44.31526746881792, -22.25433563917761], [-44.31204657838617, -22.25499774884628], [-44.30768078983584, -22.25196997523341], [-44.30205285405526, -22.25383215912609], [-44.29578349840898, -22.24886633301406], [-44.29705943944083, -22.2457902801965], [-44.29500518643948, -22.24482568265836], [-44.2946442363417, -22.24582248581828], [-44.29146095825587, -22.24305123302719], [-44.28940011592186, -22.24745242788646], [-44.28446893619173, -22.24355254571265], [-44.27634285733626, -22.24316861343999], [-44.26875594003388, -22.24481121076798], [-44.2672939139822, -22.24835801101261], [-44.26345748077739, -22.24342578716954], [-44.26236072966321, -22.24607305582612], [-44.26270557829906, -22.25161133099738], [-44.26099512712267, -22.25465290110975], [-44.2622641721531, -22.25806690566242], [-44.25999506571895, -22.26174989294242], [-44.26170551689535, -22.26322584679463], [-44.26052661541024, -22.26785789582448], [-44.24947027283412, -22.26037739440045], [-44.24809777339277, -22.26266029463613], [-44.24609764878676, -22.26257753092756], [-44.24709081418899, -22.26744680042873], [-44.24291124375816, -22.2676192238473], [-44.23938688699451, -22.26279823534952], [-44.23519352276213, -22.2663846651194], [-44.2326899190038, -22.26270167604076], [-44.22852414237457, -22.2614464257112], [-44.22760147842479, -22.26021264040025], [-44.22362038926883, -22.25992909135368], [-44.22397213480542, -22.25634955758522], [-44.22157888235881, -22.25542536209002], [-44.22432388124139, -22.25328040076909], [-44.21585438906806, -22.2495974143884], [-44.21368873704483, -22.24803869502898], [-44.21306111188005, -22.24604546912235], [-44.20964710642806, -22.24730761635266], [-44.20825391628449, -22.25092853062642], [-44.20343292688733, -22.24859735118605], [-44.20119140805633, -22.2511906155537], [-44.19816300401868, -22.24522356611391], [-44.19532934906948, -22.24507454305495], [-44.19131700577447, -22.24064453211867], [-44.18677949167949, -22.24135307738186], [-44.18349571255635, -22.23949658979501], [-44.17947862263958, -22.24200113334484], [-44.17395880785199, -22.24217792387134], [-44.16508467831454, -22.24991483280252], [-44.16425836413146, -22.25214770914869], [-44.16081499401605, -22.2497067000034], [-44.15872910196578, -22.25004562840223], [-44.15701017557842, -22.25249933327683], [-44.15675292270851, -22.25765882119686], [-44.16295481930871, -22.26534624942911], [-44.16767715127878, -22.2677861506096], [-44.16859258827662, -22.27036992443169], [-44.16651455899898, -22.2728111593068], [-44.16051015082206, -22.27247035312354], [-44.15400976923473, -22.2761619523115], [-44.15131292275248, -22.27946922892102], [-44.14656690983429, -22.28126661396232], [-44.14643184605211, -22.28262571080711], [-44.14964412997188, -22.28517666027386], [-44.15033782742807, -22.28748088073729], [-44.14549516526893, -22.29011408129907], [-44.15001386015081, -22.29124853918796], [-44.15064499267157, -22.29358476292572], [-44.14562851044667, -22.2961917446525], [-44.14586010565864, -22.3025080251245], [-44.14823222043987, -22.30659255160418], [-44.15748205974853, -22.31156135806947], [-44.15801543506353, -22.31282461416384], [-44.15440813742487, -22.31501425830061], [-44.15279397755927, -22.31951986984535], [-44.14801069583621, -22.3206066348875], [-44.14571272656036, -22.3291978143269], [-44.1480623843708, -22.33146836237427], [-44.15228165627269, -22.33116989717223], [-44.15658374494313, -22.32759067097192], [-44.16205817814171, -22.33141053866467], [-44.16846536838131, -22.33264501105765], [-44.1650966860625, -22.33940211401557], [-44.1646545460697, -22.34263394290139], [-44.16322987425855, -22.34358840418071], [-44.16391062867183, -22.34565873885896], [-44.16168616458413, -22.34919926903029], [-44.16173344014544, -22.35210513504319], [-44.16002211572732, -22.35612199113621], [-44.16087149842019, -22.35963553085429], [-44.1591683398463, -22.36047715419653], [-44.15795029626844, -22.36323185406604], [-44.1551231479142, -22.37377594909998], [-44.15800222941863, -22.37611759664901], [-44.16117010931237, -22.37453582137027], [-44.16644991033439, -22.3767429501263], [-44.17046123289884, -22.3750421756551], [-44.17483611359506, -22.37574105860222], [-44.17777722044161, -22.37766995870084], [-44.18096489891025, -22.37772968087927], [-44.18414511390517, -22.38076805480114], [-44.18588079376292, -22.38132421893675], [-44.18792771908824, -22.38025027193174], [-44.18984486414843, -22.38077552007343], [-44.18960970762117, -22.38203342160438], [-44.19149469382432, -22.38165642400401], [-44.19190901688688, -22.38290686116193], [-44.20260473941647, -22.38374452299058], [-44.20808630513812, -22.38727032406541], [-44.20630210056078, -22.38896867756165], [-44.20460374616522, -22.38870365994518], [-44.20658204872183, -22.39136503716594], [-44.20463734034024, -22.39356729789171], [-44.20663057344149, -22.39441834073307], [-44.20795939460965, -22.39724022175807], [-44.20623864529654, -22.39945741302841], [-44.2067014930787, -22.40058467184434], [-44.20932927612449, -22.40104005615291], [-44.20868726090765, -22.40280186401407], [-44.21169904187656, -22.40364592721699], [-44.21216235460827, -22.40676966658606], [-44.21093058108073, -22.40948703289945], [-44.21361062103261, -22.40956168562252], [-44.21301339655031, -22.41073746915811], [-44.21419664625751, -22.41227158666362], [-44.21216981988056, -22.41633270558913], [-44.21094924471117, -22.41644841775951], [-44.2128454283731, -22.41784069419191], [-44.21142702303797, -22.41956144530366], [-44.21260653876004, -22.42162933112797], [-44.21460723713358, -22.42150242059944], [-44.21666765768555, -22.42286856902848], [-44.21593878684479, -22.42621484204057], [-44.21761201777969, -22.42707899429939], [-44.21867208914489, -22.42957240064499], [-44.21719396073195, -22.43167388064433], [-44.21847425897914, -22.43323786013838], [-44.22057200589262, -22.43347301576631], [-44.22076237078608, -22.43456294912005], [-44.22202027231697, -22.4340590409912], [-44.22225169665774, -22.43679880312152], [-44.22027339410113, -22.43799325118681], [-44.22090039783438, -22.44011710811725], [-44.21984040740813, -22.44205063612719], [-44.22378581416325, -22.44367060471387], [-44.22099379512679, -22.44631705139005], [-44.22233008156729, -22.44905681262105], [-44.21954179561664, -22.45210638490096], [-44.22048615481145, -22.45433850671594], [-44.22230021957876, -22.45351359187799], [-44.22334536129864, -22.45496185920166], [-44.22486075671782, -22.45418769940204], [-44.22601420379175, -22.45484241394547], [-44.22495039934074, -22.45572705096185], [-44.22558121709875, -22.45872809942148], [-44.2230579478653, -22.45866091107143], [-44.22381025234057, -22.46033953164329], [-44.22242965990017, -22.463814485949], [-44.21754426195741, -22.46341966198702], [-44.21950102395238, -22.46675613778478], [-44.21832074380654, -22.46748892517297], [-44.21977002466616, -22.46922053110188], [-44.22284772144445, -22.47010601887689], [-44.22355772720664, -22.47155476194195], [-44.22160530444052, -22.47307765410966], [-44.222924274435, -22.47435323721135], [-44.22528019872146, -22.47446604277286], [-44.2232236461536, -22.47509081888541], [-44.22153154474427, -22.47963779834492], [-44.22312819391027, -22.47985473280892], [-44.22525416694555, -22.47745975995917], [-44.23090318013692, -22.47694779120684], [-44.23369731527816, -22.47911715113486], [-44.23451299497799, -22.48428890490828], [-44.23912236040786, -22.48352095942397], [-44.24021414456638, -22.48561094698687], [-44.24255368410451, -22.48632840722945], [-44.2528164649072, -22.48504165904455], [-44.25435574991718, -22.48432131917275], [-44.25534706721265, -22.48083828715647], [-44.25868481015516, -22.48016761863994], [-44.25861852382508, -22.47601883470071], [-44.25978829359417, -22.47419399425667], [-44.26544997913248, -22.47377287591672], [-44.26812887334808, -22.4701378458841], [-44.27274934360662, -22.46988923999567], [-44.27981878290979, -22.46424982976504], [-44.28524248535172, -22.46199719261557], [-44.28861142307801, -22.45647587955744], [-44.29388318595954, -22.45150045767923], [-44.29958589856966, -22.45055126013176], [-44.30108573841534, -22.44910951379228], [-44.30769072284784, -22.45295006769072], [-44.31086924801667, -22.45273474840911], [-44.31245851015137, -22.45842533276215], [-44.31394523968032, -22.46010687613068], [-44.31351460111722, -22.46269070930799], [-44.31921544043951, -22.4696014371558], [-44.32339878892225, -22.46705861756038], [-44.32678237930264, -22.46828901512515], [-44.33389817416065, -22.46750976336409], [-44.33929141386693, -22.47282097590653], [-44.33709720657009, -22.47415390517779], [-44.33293436442864, -22.47388732004299], [-44.33182700671028, -22.47524075655491], [-44.33158092701746, -22.47776306980904], [-44.33412424483731, -22.48053726877913], [-44.33064554575458, -22.48446113497261], [-44.32928611166398, -22.48855804511692], [-44.32948489421176, -22.4912956884445], [-44.33170108993261, -22.49368177689172], [-44.32895432388221, -22.49677192658237], [-44.32172449678734, -22.49964395830125], [-44.32130385239014, -22.50361264940346], [-44.31903602928861, -22.50738016126468], [-44.32040769685699, -22.51229987373938], [-44.32520843262233, -22.5139194798993], [-44.32433980893433, -22.51890216560167], [-44.32695850972669, -22.51853898068862], [-44.32854625560446, -22.51963372181802], [-44.32796101099115, -22.52160892261293], [-44.32466900936657, -22.52466316866952], [-44.32388258641151, -22.52771741382679], [-44.32566575407054, -22.53449345111113], [-44.32308702004923, -22.53804149601746], [-44.32096550765135, -22.53912968558575], [-44.32057229617379, -22.5452564672114], [-44.3220354086065, -22.54893253420829], [-44.32085577417394, -22.55025848024388], [-44.32625954494131, -22.55370438824616], [-44.32659391557604, -22.55779807701884], [-44.32373170355453, -22.56259891260896], [-44.32753652558944, -22.56669052035045], [-44.32666707092784, -22.56897259320982], [-44.32986228211792, -22.56908668839918], [-44.32827418100794, -22.57326232159807], [-44.33503856937375, -22.57108420317269], [-44.33784807033146, -22.57303550088687], [-44.34133019403248, -22.57356310615165], [-44.34335111725954, -22.57217314997013], [-44.34644758109027, -22.57341370357881], [-44.34697737260694, -22.57551196040788], [-44.34384022164818, -22.58328439615718], [-44.34431128473727, -22.58530457834286], [-44.34175083932905, -22.58774614506774], [-44.34263808258072, -22.58876781088497], [-44.34539947430557, -22.58798390063572], [-44.34733551861854, -22.59089593060196], [-44.34519044668104, -22.59662912393412], [-44.3463467374113, -22.5971558793396], [-44.34869786021733, -22.59515164213383], [-44.35009972072481, -22.59530403315381], [-44.3501180093379, -22.59819367809502], [-44.35178130006619, -22.60022647237304], [-44.34860792621407, -22.60569957817222], [-44.34880706489338, -22.60809566797991], [-44.3498495985794, -22.60961418224792], [-44.35260072724105, -22.61003345338037], [-44.35597502942335, -22.61488915391055], [-44.36114164177263, -22.61283165435657], [-44.35979399509608, -22.60937674234202], [-44.36269619817028, -22.60590016116271], [-44.3598129456102, -22.59304394961782], [-44.36220239842123, -22.5918291418007], [-44.36570472179477, -22.59402838170365], [-44.37037187586066, -22.58973635015167], [-44.36456472857861, -22.58662721487332], [-44.36419214844818, -22.58447523074653], [-44.36284956585405, -22.58441099217276], [-44.3615357480756, -22.58263822697182], [-44.36046953524016, -22.58316155685958], [-44.35986569534481, -22.58101278421185], [-44.36300373843108, -22.57953209003313], [-44.36379708166925, -22.57794540355678], [-44.36838369874795, -22.57865844902744], [-44.37116521909883, -22.5803960957025], [-44.3823491134201, -22.57348405124719], [-44.38954988881557, -22.57418838408586], [-44.39195916897972, -22.57234510484193], [-44.39565361362264, -22.58155200422084], [-44.40019912179133, -22.58218061414323], [-44.40089378332073, -22.58525697632763], [-44.40347395715668, -22.5880190839128], [-44.40960187012945, -22.58842016895488], [-44.40487982144589, -22.59142210324671], [-44.40589700504199, -22.59898895757357], [-44.40107571886858, -22.60328511341646], [-44.39812340467068, -22.60284268024475], [-44.40174557170002, -22.60667572570338], [-44.40343610019517, -22.60608546017505], [-44.40657099295623, -22.60883827506558], [-44.41539072160379, -22.60209426443799], [-44.42190379262519, -22.60026071495923], [-44.42587681306372, -22.60060156610859], [-44.43142584142873, -22.59864162680884], [-44.43441950375637, -22.59995238779169], [-44.43925319427876, -22.60471992058712], [-44.44227640563088, -22.60430235996517], [-44.44522789874782, -22.60632015984675], [-44.44667709417183, -22.61050240486134], [-44.45052491639103, -22.61068243834308], [-44.45236080860371, -22.60896232215265], [-44.45456057191211, -22.60945850960178], [-44.46482807235691, -22.61595943617829], [-44.47179824988859, -22.61341623976688], [-44.47842097704574, -22.61283878508107], [-44.48077786630478, -22.6109367342421], [-44.48152314257823, -22.6070388233822], [-44.48477217459543, -22.60386193138226], [-44.48861756684653, -22.60674544204772], [-44.48886733735702, -22.60916544123137], [-44.48555371603044, -22.60979264101678], [-44.48512633121447, -22.6110414935693], [-44.49294137144642, -22.61800176327], [-44.49109552463801, -22.620675553833], [-44.49588954426633, -22.62286466916839], [-44.4954722039783, -22.62560970672183], [-44.50032157418059, -22.62867803616166], [-44.50655696782906, -22.6396870663043], [-44.50998574644433, -22.64117783918516], [-44.51555130075121, -22.63009642261102], [-44.52141500999397, -22.63178596724782], [-44.52663569408128, -22.62991800880826], [-44.53222311720236, -22.63071757805301], [-44.53448412434216, -22.63307797017143], [-44.53118276796965, -22.63948659842703], [-44.53495620276584, -22.63809690844482], [-44.53776382593907, -22.63302827813175], [-44.5341362773666, -22.62639433642869], [-44.52844232415322, -22.62365333413328], [-44.52625523678904, -22.61928145537411], [-44.53060192823568, -22.619109203726], [-44.53294539511319, -22.61582598577985], [-44.53467019137548, -22.6164719436245], [-44.53557997703359, -22.61833184863514], [-44.53748918018078, -22.61818395332602], [-44.54082578817884, -22.61437077209268], [-44.54133447800302, -22.6119140562879], [-44.54573842208976, -22.60948709815028], [-44.54598074801237, -22.60695154417766], [-44.54939694960882, -22.60618023792688], [-44.5502303135774, -22.603751070155], [-44.55300819437196, -22.60560102056985], [-44.55503673665532, -22.61024673479818], [-44.55754719864359, -22.61046148031227], [-44.55786931511608, -22.61156076571598], [-44.56403809957789, -22.61198258462781], [-44.56693714693108, -22.61054584301547], [-44.57155926115024, -22.60573966185513], [-44.5721651470032, -22.60142176939837], [-44.57400836869056, -22.60172343438819], [-44.57579170542215, -22.60662199300981], [-44.57985759255314, -22.61177551033074], [-44.58081371577964, -22.61453139370809], [-44.5796729680323, -22.61642347016624], [-44.58372833309539, -22.62284498210948], [-44.58372913888792, -22.62620533310889], [-44.58910900477605, -22.623483991792], [-44.59178323330883, -22.62353783510224], [-44.59321906120999, -22.62167125982], [-44.59284215623978, -22.61690610842936], [-44.59683555081926, -22.61372933873724], [-44.59690644257751, -22.6099837100794], [-44.60202734328652, -22.60776140076723], [-44.60503827079884, -22.61416398917601], [-44.6104568596956, -22.61727159380825], [-44.61261009657795, -22.617358354104], [-44.61724389838645, -22.61324906119444], [-44.62293854407784, -22.60511329034529], [-44.62535153664339, -22.60713306693674], [-44.63431760027629, -22.60933958505302], [-44.64019988861327, -22.60804778627556], [-44.64539145624997, -22.60456437834262], [-44.64508044820337, -22.60130862838969], [-44.64342948628104, -22.59998357268296], [-44.64468273112243, -22.59661680502074], [-44.64459972189894, -22.59236453789231], [-44.6472954271415, -22.58850257833058], [-44.6472954271415, -22.58440298101198], [-44.64252672522747, -22.57794558611914], [-44.64361003867162, -22.57198736262592], [-44.6421974834264, -22.56690003900485], [-44.64369500392058, -22.5643085840731], [-44.64180451656443, -22.55956112414577], [-44.64824598176591, -22.55216910611858], [-44.65030399843005, -22.55700309611524], [-44.65560185963739, -22.55415899104383], [-44.65934938226746, -22.55423047635463], [-44.66148403555906, -22.55092599214004], [-44.66775092796223, -22.55420828288516], [-44.67400653027642, -22.56064443669061], [-44.67816985175654, -22.56092057622283], [-44.67957178600841, -22.5579892575974], [-44.67804240343344, -22.55533407940345], [-44.67753717869709, -22.54602310058488], [-44.67207355984618, -22.53761872292495], [-44.67923192321393, -22.53147994794045], [-44.68077223524972, -22.52568129295651], [-44.68545566344739, -22.52347192758663], [-44.68881181011619, -22.5197971601101], [-44.69741459081001, -22.5180235000837], [-44.69690479571904, -22.51543204515201], [-44.70009663355205, -22.51315766599271], [-44.69904067028995, -22.51135631494122], [-44.70133894623467, -22.51073516039855], [-44.70403742858372, -22.51241883605968], [-44.70738900219999, -22.5117290092856], [-44.7109544363974, -22.51385336084314], [-44.71602306491178, -22.51447451718445], [-44.71524040921679, -22.51256135702022], [-44.71712872201221, -22.51046651042037], [-44.71274162402602, -22.50935687831651], [-44.71436321319101, -22.50595791312639], [-44.71364093258222, -22.50306879518797], [-44.71019240125759, -22.50110022779251], [-44.71121917162674, -22.49988226605296], [-44.71120500910314, -22.49624962372036], [-44.71221746136604, -22.49281211088942], [-44.72002566225376, -22.49276133516673], [-44.72196820776583, -22.48506814587745], [-44.72492028184479, -22.48378363430652], [-44.72243431918776, -22.47932560229395], [-44.72377365522925, -22.47615551816187], [-44.72271696081833, -22.47337085378109], [-44.72103596963359, -22.47247420362083], [-44.72131659858144, -22.47071466295057], [-44.71791205040006, -22.47070823999252], [-44.71764732686194, -22.46734895019313], [-44.71929635344321, -22.46697929555728], [-44.71852872362098, -22.4655114850662], [-44.71919678590223, -22.46341094305978], [-44.72326297340675, -22.46213905617174], [-44.72369100303661, -22.45800426118694], [-44.72496524794713, -22.4565568805948], [-44.72364839405742, -22.45343497314474], [-44.72416871211567, -22.45082053693744], [-44.72694374026065, -22.45055074302161], [-44.72876164063649, -22.44860436819624], [-44.72932050004033, -22.44494287291445], [-44.73145958429166, -22.44142269799835], [-44.73017484968881, -22.43962406919468], [-44.73380422658306, -22.43602038593127], [-44.73298199622144, -22.43411897810756], [-44.73389415788836, -22.43288563166578], [-44.73927719928258, -22.428247737942], [-44.74139701196179, -22.42481749523046], [-44.74911657656804, -22.42096815585495], [-44.75053147994311, -22.41856083441422], [-44.75312664457823, -22.41778999311293], [-44.75528500130105, -22.41525906435356], [-44.76318612284058, -22.41696776185194], [-44.77112578842366, -22.41506635312891], [-44.77420915183018, -22.41227847816845], [-44.77630327087854, -22.41207292012837], [-44.7784359312725, -22.40888677680255], [-44.78354917785157, -22.40792322517592], [-44.79374355262212, -22.4090666403124], [-44.79974969019531, -22.40734509419997], [-44.80280896795875, -22.40445643581506], [-44.8053382887303, -22.40383776699855], [-44.80937235784728, -22.40607320731192], [-44.80903720480245, -22.40337346411332], [-44.8047473100396, -22.40007349179746], [-44.8036167444165, -22.39380398416574], [-44.79583124781311, -22.38989838859897], [-44.79333781538713, -22.38686100213278], [-44.78754087990694, -22.38808123016389], [-44.78026025640497, -22.38289658101161], [-44.77595228976566, -22.38428308469582], [-44.76761846032298, -22.37825868728783], [-44.76172152472788, -22.37742360921141], [-44.75637702557856, -22.37464858016705], [-44.74464739296207, -22.37558001430546], [-44.74106298127083, -22.37310047460642], [-44.73790253157586, -22.36821848059765], [-44.73019257892366, -22.36110973912241], [-44.72539855839602, -22.35891510194961], [-44.72111721888382, -22.36021929158625], [-44.70790442974493, -22.36881794708984], [-44.70466644230174, -22.36784655157629], [-44.70074383515913, -22.37020458027638], [-44.6954021985519, -22.37155224943598], [-44.6902394083213, -22.37014911998511], [-44.68817069332209, -22.37288342233131], [-44.67924569543175, -22.37423835981167], [-44.67640600513232, -22.37214588022744], [-44.67034377234648, -22.37480822511873], [-44.66599047717807, -22.3726135888453], [-44.66429952869959, -22.37416062691062], [-44.66287841100916, -22.3799350388702], [-44.66025325758102, -22.38029405542557]]]}}, {"type": "Feature", "id": "38", "properties": {"id": "38", "unidade": "38", "camada": "AISP", "label": "AISP 38"}, "geometry": {"type": "Polygon", "coordinates": [[[-43.18179682416337, -22.30122116632299], [-43.20066941566029, -22.3037500158498], [-43.20586953944695, -22.30122811268649], [-43.20731459709026, -22.29861589420739], [-43.20953776255698, -22.29914389517387], [-43.21023944869086, -22.30042221491249], [-43.21167755907135, -22.29985253036921], [-43.21626283795888, -22.30552160114019], [-43.21688115603979, -22.30478517779295], [-43.21986853480433, -22.30587591873791], [-43.22478381542004, -22.30512039019305], [-43.2244920249862, -22.30658281644304], [-43.2264199259381, -22.30994535369433], [-43.23129699525941, -22.30886850817433], [-43.23536816770604, -22.3116613590837], [-43.23673680365982, -22.31102220011365], [-43.23636164427376, -22.30963272057284], [-43.23754270143377, -22.30952850983209], [-43.23679932992439, -22.30885461274943], [-43.2395435499941, -22.30560323440096], [-43.23789007086935, -22.30503354715972], [-43.24200292689284, -22.30309522486397], [-43.24733837616441, -22.30708606986548], [-43.24746518866681, -22.31055003985171], [-43.24959429494004, -22.31366694617185], [-43.25094427175998, -22.31283835490535], [-43.25670132860267, -22.31663696892019], [-43.25806493374898, -22.31637259611762], [-43.26331247788784, -22.32093116693903], [-43.2644108333925, -22.32457654367175], [-43.26012614840232, -22.32893081730259], [-43.2622910818672, -22.33283582111545], [-43.26136282683228, -22.33378617519105], [-43.26581992085192, -22.33472916381908], [-43.26696182242944, -22.33306420125109], [-43.26808161957035, -22.33352832696994], [-43.26908354526864, -22.33893577686382], [-43.26845734193205, -22.34105013425551], [-43.27247476100069, -22.34297317886836], [-43.27323122124312, -22.34606712729533], [-43.2768650533788, -22.34943698772605], [-43.27808922673569, -22.35511599420698], [-43.28126918002789, -22.35761504559713], [-43.28339156386886, -22.36399306093023], [-43.32296405864366, -22.30565295701757], [-43.34917528800838, -22.27501974856176], [-43.39991421137103, -22.21997395213543], [-43.40146907623614, -22.21657970119151], [-43.43725475969865, -22.06011935322482], [-43.42812126208582, -22.05474300818253], [-43.42272521739415, -22.05521249655868], [-43.41839479198535, -22.05379167204723], [-43.41700485468954, -22.05014077077919], [-43.41517633062244, -22.04895588430583], [-43.41093855157214, -22.04895469090548], [-43.40993779679116, -22.04655782318423], [-43.40463750381701, -22.04238183295445], [-43.39889243044058, -22.04078803913592], [-43.39324093871761, -22.03511587109978], [-43.38279387063989, -22.03015038673021], [-43.36852663809316, -22.02049728961742], [-43.36669531083919, -22.01289045772768], [-43.36496561057373, -22.01045652444827], [-43.36022129287761, -22.01066655931351], [-43.35506925943804, -22.00838088376997], [-43.35236351506342, -22.00894921393427], [-43.35032383017989, -22.00802227460753], [-43.35014659179103, -22.00399413382144], [-43.34826165594995, -22.0021045457874], [-43.3453611606883, -22.00425193617713], [-43.34270258755362, -22.00343019414737], [-43.34167138442609, -22.00855398887472], [-43.33960823083447, -22.01042192393186], [-43.33696607032715, -22.00917991522016], [-43.32995526772072, -22.01072388929526], [-43.32497051267831, -22.00654475143835], [-43.31989639380282, -22.00554530337229], [-43.31618690620002, -22.00765951867106], [-43.31741699529738, -22.01194561110032], [-43.31687883199174, -22.01659688583686], [-43.3099204769477, -22.01616031444615], [-43.30655761414187, -22.01917238499681], [-43.30219464136889, -22.02099829923134], [-43.29792776925041, -22.02044091471566], [-43.29487907560809, -22.01648310181292], [-43.28253243432363, -22.01350244278274], [-43.28189816856491, -22.01208015237637], [-43.27874606457851, -22.01052331979457], [-43.27634354731612, -22.01196483231041], [-43.2701527924167, -22.01135237241328], [-43.26839209791626, -22.01215908677165], [-43.26509976444186, -22.0090049287337], [-43.26148637569497, -22.00802470187773], [-43.25629693675347, -22.01192639078954], [-43.25474770074504, -22.01198581169507], [-43.25091529740234, -22.01077318203596], [-43.2486092693016, -22.00781847024541], [-43.24541833528724, -22.00656397084981], [-43.24363405786477, -22.00703794774233], [-43.2403634376218, -22.01046565976162], [-43.23611132697545, -22.01181530922838], [-43.23414465355216, -22.01414026625952], [-43.23626650859177, -22.01867867607928], [-43.23632720743393, -22.0238044403219], [-43.23121464883627, -22.02474622655632], [-43.22784753943165, -22.0286015761011], [-43.22387904438165, -22.03035077636645], [-43.2214629644435, -22.03375078117284], [-43.21537081660915, -22.03224591411686], [-43.21152886876155, -22.03001019861102], [-43.20742600420601, -22.02967333325694], [-43.20396496331165, -22.02595246203572], [-43.20128888487341, -22.02582255496617], [-43.20208071725057, -22.02955450673431], [-43.2046716298911, -22.03224208300497], [-43.20495544243897, -22.03529305732798], [-43.20289906523891, -22.03742703163141], [-43.19763705730361, -22.03499056406253], [-43.19180239616293, -22.03416786965067], [-43.18924162609943, -22.03119970490167], [-43.17760009916452, -22.02855865325847], [-43.17297344157032, -22.02358588707824], [-43.16952569355516, -22.02180033981307], [-43.16401233500051, -22.0226540221646], [-43.1620204113122, -22.02553519729076], [-43.16399019099379, -22.02723201384561], [-43.16334432218201, -22.02851254501718], [-43.15359030584722, -22.03296933956261], [-43.14697427414268, -22.03094184588872], [-43.14410898014461, -22.0337210540826], [-43.13607444777682, -22.02968840229715], [-43.13322234863176, -22.03025882158659], [-43.12957511839625, -22.02880684366011], [-43.12848703404865, -22.0293016272675], [-43.1288491289834, -22.0336640550513], [-43.13106166716148, -22.03579016568284], [-43.1287197030511, -22.03696043727359], [-43.13057767541864, -22.04173636164302], [-43.12751814944232, -22.04629972135427], [-43.13355077204977, -22.05136435777814], [-43.13317049192392, -22.05298919079775], [-43.13479532494358, -22.05518444310678], [-43.13332606114807, -22.0583995383073], [-43.14288491740427, -22.06721511838225], [-43.15366273544618, -22.07415032307819], [-43.15311547639737, -22.07590435899817], [-43.15468709293424, -22.07753210492194], [-43.15120708443868, -22.08066130587378], [-43.14960740365802, -22.08060517738625], [-43.15123514868242, -22.08833696917503], [-43.14660313742411, -22.09068268705556], [-43.14529843157663, -22.09409323101704], [-43.14577658761868, -22.0974579581175], [-43.14419093895992, -22.10102216114302], [-43.14220932689818, -22.10443677004014], [-43.13683968989903, -22.10939102817264], [-43.12935558129431, -22.10691274932316], [-43.12738252897981, -22.10513758293234], [-43.12551935313491, -22.09768487955279], [-43.1224584206189, -22.09284949470765], [-43.12219225276954, -22.08938930996788], [-43.11917568201136, -22.08832463857044], [-43.11678016956841, -22.08513062257941], [-43.10613345109715, -22.08264638841933], [-43.1031217330808, -22.08439182502195], [-43.08964830332582, -22.0878867757533], [-43.08309002428445, -22.08612850312716], [-43.07809708900874, -22.08304563974372], [-43.07508051825056, -22.08486445473005], [-43.07499179563411, -22.09338183130569], [-43.06305859697596, -22.08796974810463], [-43.05307729767839, -22.08171479959753], [-43.03311249844234, -22.06589472386162], [-43.03255051029709, -22.06022899677004], [-43.03885387110853, -22.0529774375579], [-43.03910347794243, -22.04458436617477], [-43.03005824339249, -22.04107613965135], [-43.02663497402409, -22.04267891409984], [-43.02429840764466, -22.04173127237954], [-43.00782873900437, -22.03149777170404], [-43.00460268196747, -22.03146628014395], [-42.99685562238835, -22.03610022764263], [-42.99321389960107, -22.03560142766298], [-42.98771387439507, -22.0319207921101], [-42.98421192334087, -22.02599216710405], [-42.97790551472701, -22.02238452772298], [-42.96893679539608, -22.01488490221567], [-42.96477149630675, -22.0136897337934], [-42.95915960443148, -22.01499342520566], [-42.95017956173666, -22.00960894309748], [-42.94704608360917, -22.00591025905044], [-42.93844349806824, -22.00369255876382], [-42.90903789658091, -21.99048827361418], [-42.89749654602804, -21.98289914667748], [-42.89679270871579, -21.98113269112002], [-42.89847275741107, -21.98113269112002], [-42.89891999116395, -21.98005155043791], [-42.89355444787873, -21.97515915576963], [-42.87842107557145, -21.96576336728481], [-42.88283895015667, -21.96243841629911], [-42.88137880638607, -21.95925605102514], [-42.85504041288402, -21.94949179411026], [-42.8448629013011, -21.9466800484447], [-42.84234283005685, -21.94825120273003], [-42.83315187925507, -21.94305663225703], [-42.8154561612721, -21.93634971956311], [-42.81028740403974, -21.93774930208787], [-42.78774164675883, -21.92955966274747], [-42.73992965512878, -21.90865417894645], [-42.68491570909197, -21.87918800901861], [-42.66873114802331, -21.87447732416842], [-42.66739458099437, -21.88137701733473], [-42.66268803572353, -21.88946262220151], [-42.66391925257074, -21.89154749891719], [-42.66857363896156, -21.89426354592513], [-42.66968461375319, -21.89824822517465], [-42.6671492702219, -21.89888649381584], [-42.66265758108176, -21.90671253185707], [-42.66432647368708, -21.91615873813447], [-42.67102032192957, -21.92283833482054], [-42.67146092498098, -21.92944891213682], [-42.67441097288736, -21.9318646521312], [-42.67329399871835, -21.93684951329362], [-42.67754719844373, -21.94517939561183], [-42.680045758804, -21.94706764815265], [-42.68132000461378, -21.95004917592797], [-42.68596415582039, -21.94891985496656], [-42.6908515385669, -21.9500723901279], [-42.69363482338764, -21.95624148395655], [-42.69165376261031, -21.96244528711952], [-42.68805795021348, -21.96300098810434], [-42.68760665692093, -21.96514064882109], [-42.68962951369036, -21.96546982766961], [-42.69186664113187, -21.9679103358925], [-42.69053700158065, -21.97116118004362], [-42.69284535622745, -21.97615878639812], [-42.69730863758281, -21.97664943762067], [-42.69888733538147, -21.98195093568637], [-42.69752018600707, -21.99036828516745], [-42.70254646994289, -21.99288812888329], [-42.6990347729357, -21.99520692106177], [-42.69682593906509, -22.00135661741319], [-42.6995866140303, -22.00305505904299], [-42.70199497238934, -22.00941771125758], [-42.70610523566734, -22.01002324097902], [-42.70975676466225, -22.01347292613389], [-42.70918793357555, -22.01673911811503], [-42.70599106763291, -22.01983948320481], [-42.7074997891832, -22.02037229824219], [-42.70833417208365, -22.02400500082933], [-42.7113498336272, -22.02548028918324], [-42.71662181774195, -22.02526333403489], [-42.71071368738603, -22.03284009799137], [-42.71338653456019, -22.03522818473215], [-42.71362297082271, -22.04678729869408], [-42.71727030987614, -22.05035058710911], [-42.71718589771029, -22.05257785168573], [-42.72121520761499, -22.05403801614074], [-42.73235398924447, -22.05055714609466], [-42.73699380481952, -22.04756621320939], [-42.74429646710752, -22.0475155903714], [-42.74262523896289, -22.04946073312556], [-42.7431605810952, -22.05127747067797], [-42.74096994140893, -22.05666193300101], [-42.73671033761127, -22.06022884658324], [-42.73754443542663, -22.0644715611129], [-42.73488220025263, -22.06775568197838], [-42.73519069109676, -22.07640770415145], [-42.73248727866422, -22.07967236458717], [-42.73194619975658, -22.08558353105434], [-42.73513999631302, -22.08872663192773], [-42.73372053157652, -22.09131208568346], [-42.73453165441157, -22.0954690912248], [-42.74781645676336, -22.09872217019125], [-42.74974522825892, -22.10014945992884], [-42.75297529807079, -22.09970784603951], [-42.76104782769437, -22.1014803126655], [-42.76004494511739, -22.10314203857342], [-42.76040362982292, -22.10630173193863], [-42.75815467090064, -22.10792240919108], [-42.75762194039947, -22.11139384175164], [-42.75545374599284, -22.11384580104209], [-42.75566097407398, -22.11816618821825], [-42.76170813422226, -22.11835920521236], [-42.76335492598832, -22.12202490212678], [-42.76838239343198, -22.12400421911866], [-42.77016356729405, -22.12347860225492], [-42.77169972985791, -22.12089273211313], [-42.77733682703223, -22.11962596776345], [-42.77822356126762, -22.11782082966675], [-42.78173882858334, -22.11958214290081], [-42.78218219705002, -22.12171612709682], [-42.78395566642013, -22.12282454511586], [-42.78740759628283, -22.12133609878117], [-42.79123955536045, -22.12158945219068], [-42.79241131173194, -22.12393296313496], [-42.79922016437837, -22.12602312426702], [-42.8036221668288, -22.13314866687671], [-42.80644071586562, -22.13476378991618], [-42.81421112274438, -22.13548268008083], [-42.81535939332059, -22.13951235331166], [-42.81258977459771, -22.1421498607267], [-42.81442497613102, -22.14493795602107], [-42.81774245734778, -22.14702020491774], [-42.82094154731385, -22.14701417226547], [-42.8269184677124, -22.14296158610756], [-42.83161235142813, -22.14613789714548], [-42.83623564825581, -22.15252581221569], [-42.8434705799026, -22.15333753579785], [-42.85130933705551, -22.16203912590419], [-42.85290296180153, -22.16264000073465], [-42.85569833620849, -22.16122925222743], [-42.86376705630386, -22.16529289734854], [-42.86865633302261, -22.16154275229542], [-42.87440085421531, -22.15450749712249], [-42.87255900939005, -22.14085617607088], [-42.86764742318928, -22.13551121377071], [-42.86425264973929, -22.12752988619451], [-42.86523249258471, -22.12541766918929], [-42.86753907916443, -22.12409899776975], [-42.86650439655995, -22.12055232972546], [-42.86870244306255, -22.11195772117111], [-42.86781255580405, -22.11093757880542], [-42.86898497227793, -22.10708535530415], [-42.87091597768949, -22.10626573027844], [-42.87203325403073, -22.10120652486046], [-42.87292931513502, -22.10104741140816], [-42.87406823366132, -22.1040454471389], [-42.87764410359176, -22.10193509712627], [-42.88377226837474, -22.1010861011419], [-42.89796732493136, -22.11166046106064], [-42.90591120114027, -22.11255870032301], [-42.9126299336238, -22.10957512838871], [-42.91554641883141, -22.09985443373438], [-42.91799511268357, -22.09925093198416], [-42.92871351611512, -22.10428088785193], [-42.9349904566435, -22.09553145291346], [-42.93780111143144, -22.09574396091426], [-42.93951789833159, -22.09419300810009], [-42.94235509840831, -22.09603973714337], [-42.94580079417057, -22.09485262394867], [-42.94837935282413, -22.0954086064213], [-42.94851993844367, -22.09362501518154], [-42.95488346210135, -22.08573555425164], [-42.95815710226771, -22.08524775028269], [-42.96330321457094, -22.08887957693014], [-42.96693337477467, -22.08950435484132], [-42.96923809526118, -22.08874868780094], [-42.97132086486528, -22.09166771089536], [-42.97309876699376, -22.09919261724474], [-42.96774316841174, -22.10563594314351], [-42.96735588256718, -22.11130746366774], [-42.96588051057637, -22.11324822942146], [-42.96618930089477, -22.11809897918374], [-42.9647122651582, -22.12709950393815], [-42.96138055576728, -22.13054105202713], [-42.96068438157823, -22.13271365401113], [-42.9573292115731, -22.13509388967049], [-42.95636886962689, -22.13816137824426], [-43.00158016758991, -22.15124846824142], [-43.00368561000215, -22.14967719614492], [-43.00916265573125, -22.14938070765277], [-43.01274556825263, -22.1469528573877], [-43.01683210381782, -22.14825897427147], [-43.02132198442132, -22.16198094336505], [-43.03168584092811, -22.17595045175119], [-43.03280334389848, -22.17944734501816], [-43.03802006287486, -22.18743323935172], [-43.04068572536522, -22.18951581740026], [-43.03983170127128, -22.19245500329498], [-43.04515592340641, -22.20014250077503], [-43.04714319400244, -22.20731033580256], [-43.05043098410192, -22.20753229477879], [-43.05264189180912, -22.21403917936385], [-43.05591055242934, -22.2137844778706], [-43.05800758797909, -22.21657769660266], [-43.06022348512499, -22.21620413621116], [-43.07531875315721, -22.22308954814338], [-43.09390555989296, -22.24231627107827], [-43.09283453928185, -22.24717598438338], [-43.09067156633898, -22.25013437260242], [-43.09237500640069, -22.25434056206649], [-43.08969661310749, -22.26152177720746], [-43.09517212908975, -22.26593206421262], [-43.09920087781751, -22.26507715698443], [-43.10006647079024, -22.2639550917533], [-43.10143432343455, -22.26435048588542], [-43.10150912634435, -22.26986463494416], [-43.10333649028604, -22.27396818927974], [-43.10615768243036, -22.27484446799701], [-43.10659853729192, -22.28007480091054], [-43.10797435972819, -22.28165166409224], [-43.11040015774034, -22.28298745590558], [-43.1205664250997, -22.27972201665699], [-43.12316005459212, -22.27582322715944], [-43.12730318719161, -22.27479593338484], [-43.13040476636615, -22.28239445014299], [-43.14011102060641, -22.28431844443986], [-43.13755189720155, -22.29478045655208], [-43.14112394141603, -22.294567992618], [-43.14221986965055, -22.29605240009744], [-43.14498724726292, -22.29672346791295], [-43.14657493108746, -22.29945102804174], [-43.14539434517218, -22.30185291038271], [-43.14630512907769, -22.30454260905339], [-43.15182650239046, -22.30759299791777], [-43.15571429228004, -22.30700270630905], [-43.16037286681365, -22.31002628908118], [-43.17300924627898, -22.30913809164883], [-43.17438019259106, -22.31165127588491], [-43.18179682416337, -22.30122116632299]]]}}, {"type": "Feature", "id": "39", "properties": {"id": "39", "unidade": "39", "camada": "AISP", "label": "AISP 39"}, "geometry": {"type": "Polygon", "coordinates": [[[-43.31973632976707, -22.70938823997454], [-43.32292626733266, -22.70685260686156], [-43.32704153443854, -22.70561956439059], [-43.32618501202796, -22.69851921898601], [-43.32852209102094, -22.69501359959719], [-43.33514930219781, -22.69650033362274], [-43.34062443057229, -22.69442658691668], [-43.34320838515811, -22.69667588938], [-43.34811072722755, -22.69850496473157], [-43.35174191355776, -22.69684258681514], [-43.36530064940473, -22.68509768730763], [-43.36755021806738, -22.68709715630797], [-43.37039750494017, -22.69428394814491], [-43.37632137792849, -22.69310925818496], [-43.37818524625141, -22.69074269761666], [-43.38105100429965, -22.6907459810414], [-43.38034250490193, -22.68922323726184], [-43.38131536990767, -22.68891657294074], [-43.38426036902007, -22.69211911720271], [-43.3861939617812, -22.69146817621458], [-43.38687114588595, -22.68995161617335], [-43.39096383461253, -22.69183045281238], [-43.39417552408042, -22.69138303289986], [-43.39573256080831, -22.69344544365151], [-43.40233242000443, -22.69547812191701], [-43.40793431861317, -22.69437993278689], [-43.41140626468666, -22.70122813616877], [-43.41587900241331, -22.70127072176564], [-43.42147378558599, -22.70628872384475], [-43.42247187387716, -22.70768781264167], [-43.42113446058613, -22.71035441492353], [-43.42181679510827, -22.7118928590674], [-43.42743795719525, -22.714654668977], [-43.42726535391222, -22.7163270842268], [-43.42960298239097, -22.72043987190182], [-43.43403548355002, -22.72453233489858], [-43.42246614339706, -22.74971975266368], [-43.4151086953093, -22.75365454921729], [-43.41386475755178, -22.75561959666629], [-43.41594556483523, -22.76498081431237], [-43.39709359479281, -22.77758440359656], [-43.38510494213864, -22.76644570110744], [-43.32924206936525, -22.75590315920266], [-43.32790953939298, -22.72742055171631], [-43.32660083426038, -22.7227227451578], [-43.31973632976707, -22.70938823997454]]]}}, {"type": "Feature", "id": "40", "properties": {"id": "40", "unidade": "40", "camada": "AISP", "label": "AISP 40"}, "geometry": {"type": "Polygon", "coordinates": [[[-43.52635001563999, -22.80096735775658], [-43.52840352670069, -22.79954912868857], [-43.53154162644415, -22.80168206067776], [-43.53507549443776, -22.80221401776191], [-43.53436770730309, -22.80365049137629], [-43.53641440060335, -22.80704449500666], [-43.53914538265258, -22.80875710185796], [-43.53979242328097, -22.81193086781451], [-43.54384989455627, -22.81518929594847], [-43.55140039740968, -22.81458073731039], [-43.5531041998982, -22.81640209018354], [-43.55442568259843, -22.81473121817044], [-43.55790216665093, -22.81805357730997], [-43.56081566610936, -22.81750234325779], [-43.56176009994795, -22.81913674866126], [-43.56588593138991, -22.82139202442164], [-43.57006315908677, -22.82099685961663], [-43.57289798765129, -22.82735944887867], [-43.58030793905942, -22.83548428397177], [-43.58621097115866, -22.83489789542074], [-43.58796323541424, -22.83661582895655], [-43.59018992982067, -22.84538277369529], [-43.59267021685628, -22.86072223014605], [-43.59669655899825, -22.85779500523455], [-43.61907459721414, -22.86216249080553], [-43.62499958176454, -22.8623449281751], [-43.6158537724329, -22.87404743723869], [-43.61247752681567, -22.87613441117338], [-43.61910122703927, -22.8789402491924], [-43.63216901668602, -22.88119988936262], [-43.62925460711369, -22.88308816078921], [-43.62373010056297, -22.88327525125106], [-43.61835584644444, -22.88551816762856], [-43.62146398437466, -22.89093853718299], [-43.61932865928947, -22.89794206157609], [-43.62706942631223, -22.90256438174004], [-43.62713251465311, -22.90724850421435], [-43.62866915205899, -22.90890853310157], [-43.62688601677553, -22.91097818969092], [-43.62786595944573, -22.91165337909939], [-43.62636676441389, -22.91412124919555], [-43.62909803604481, -22.91530362026509], [-43.62493067031346, -22.91596329726758], [-43.62430467831751, -22.9198501743453], [-43.62089891695075, -22.91954795807101], [-43.62166256457499, -22.93621099174311], [-43.60376559270719, -22.93395538683086], [-43.59244569661087, -22.93559062140929], [-43.58648059600199, -22.9322434158002], [-43.57850156889157, -22.93154381879145], [-43.57708788139985, -22.94741962641388], [-43.57100315926766, -22.9453415890423], [-43.5679193444015, -22.93957090836994], [-43.56167963760447, -22.94161302322169], [-43.56185527609938, -22.94981304613441], [-43.56096678368937, -22.95005118391424], [-43.55501986377499, -22.95013592613134], [-43.54992810469753, -22.94863782737303], [-43.5385399320715, -22.94229122625831], [-43.51754738220518, -22.95299612996666], [-43.51197491840702, -22.95217609305149], [-43.50645365930819, -22.94973666671302], [-43.50326726687013, -22.94408778572193], [-43.50139875714621, -22.94274533712684], [-43.49541183178985, -22.94154512170923], [-43.49298099487629, -22.93903085379009], [-43.48450567239814, -22.93619395498627], [-43.48289924760144, -22.93430208267421], [-43.47927419015105, -22.93451556194287], [-43.47284450786702, -22.9317933869545], [-43.4828732553957, -22.92556514831216], [-43.48759196669516, -22.92703405507683], [-43.49110499110174, -22.92427690455474], [-43.49528153441457, -22.9228531140792], [-43.49650878615086, -22.91715269204235], [-43.49331588441981, -22.91339148982462], [-43.49434636629104, -22.90919220805318], [-43.4980450917069, -22.90776054041584], [-43.49924552386113, -22.90424893424017], [-43.50236379355351, -22.90497784465106], [-43.5081014331339, -22.89910074540228], [-43.51283326464272, -22.89754284712393], [-43.50654350607721, -22.89300843119338], [-43.50271573784028, -22.89212056920815], [-43.50808115881767, -22.87747539477289], [-43.50440133355397, -22.87625292023529], [-43.50519200670499, -22.87499523634034], [-43.50441265511921, -22.87313728016056], [-43.5072898111751, -22.8709067321592], [-43.50964318588359, -22.87148261483003], [-43.50884966098232, -22.86885696317756], [-43.51231043927464, -22.86342246257584], [-43.51441204607835, -22.86303334211425], [-43.51510825264302, -22.8522745249486], [-43.52035107444181, -22.84653553818379], [-43.51832660878523, -22.84457014899243], [-43.52106909855934, -22.83940498724957], [-43.52469467311994, -22.8362961163719], [-43.52724600569786, -22.82993246501047], [-43.52616069755743, -22.82598775343132], [-43.52278998187143, -22.8229548087167], [-43.51895707490837, -22.82281725021517], [-43.5124165970476, -22.81888080070763], [-43.50838963077609, -22.8212468900312], [-43.50616357938497, -22.81945459695129], [-43.4994409303539, -22.81835678103982], [-43.49833577687389, -22.81542125538584], [-43.49621947874522, -22.8137419432353], [-43.49619590121915, -22.81202944340333], [-43.49395881514647, -22.81053338880406], [-43.49185707344446, -22.8018660583711], [-43.50037638266321, -22.80199347431864], [-43.50832446500135, -22.80631628336903], [-43.50983833427097, -22.80609155807815], [-43.50993150223633, -22.80406367589717], [-43.51424955567171, -22.80057598539264], [-43.51711916191908, -22.79997166436004], [-43.52577069486097, -22.80293269388795], [-43.52635001563999, -22.80096735775658]]]}}, {"type": "Feature", "id": "41", "properties": {"id": "41", "unidade": "41", "camada": "AISP", "label": "AISP 41"}, "geometry": {"type": "Polygon", "coordinates": [[[-43.33076324562654, -22.81271649397024], [-43.31938747734949, -22.81897315478648], [-43.31656756494044, -22.8195216261214], [-43.31358133640884, -22.82585761973257], [-43.31294270444153, -22.83026821610451], [-43.30787513263056, -22.83188523761288], [-43.30920139073089, -22.83328990220645], [-43.31562750090774, -22.8323809619111], [-43.31884503866689, -22.83339897378283], [-43.31858939558339, -22.83490370863848], [-43.31699025529531, -22.83728062579945], [-43.31173306682683, -22.83893486215339], [-43.30698270208927, -22.83613470065512], [-43.30458930305315, -22.84001046031369], [-43.30329128276577, -22.83921817108097], [-43.30187491439506, -22.8416259466793], [-43.30669666461864, -22.84486727600319], [-43.30453756595517, -22.84705070312668], [-43.30248588411553, -22.84595353112979], [-43.30057522406662, -22.84897941077043], [-43.30138994059257, -22.85022433778221], [-43.29954278257264, -22.85100555096466], [-43.30075048304764, -22.85130229216628], [-43.30088029928567, -22.85180190603239], [-43.29938372307964, -22.8512120110247], [-43.29857337905747, -22.85272449713705], [-43.29353372310209, -22.85492127109899], [-43.29805520588229, -22.85904900190911], [-43.3015139409149, -22.85713224715471], [-43.30259412112105, -22.85931324520931], [-43.3071293482401, -22.8617093170306], [-43.30734270969754, -22.86313701056383], [-43.31085215660102, -22.86146839674836], [-43.31442982967218, -22.86133999874119], [-43.31514689331374, -22.86335550984813], [-43.32056234897249, -22.8643511753657], [-43.32236667138403, -22.86175559974038], [-43.32390552202151, -22.8552562298903], [-43.32472451842108, -22.85569590034476], [-43.32576909356806, -22.85372651276759], [-43.32897639344509, -22.85462511895332], [-43.33392096677846, -22.85366352605013], [-43.33710298671275, -22.85600412319098], [-43.33684078127629, -22.84640200055111], [-43.33402558131479, -22.84844683135543], [-43.33082599582229, -22.84395743728516], [-43.33511908587639, -22.84293640279196], [-43.33836264731758, -22.84036557021415], [-43.34211342459412, -22.83228732090237], [-43.33724476932991, -22.82594798271248], [-43.34589374280125, -22.82917273033644], [-43.35114332030724, -22.82268695283983], [-43.35619003504138, -22.8253786111332], [-43.35896346778907, -22.82972169090255], [-43.36028334699813, -22.83670226459708], [-43.35796808106136, -22.84297192601281], [-43.35838049486324, -22.84466317306624], [-43.36049890639867, -22.84697924299689], [-43.36825230529894, -22.84757053734967], [-43.3751736631333, -22.85076681873295], [-43.37907294725795, -22.85010315683445], [-43.38260537363834, -22.83762338531022], [-43.38101471485646, -22.83627693922858], [-43.38693724425769, -22.83653059301167], [-43.39544903784207, -22.84006378831242], [-43.39813367512829, -22.84008351044486], [-43.39634314382027, -22.84534534481105], [-43.39711820294195, -22.84549349462833], [-43.40394693690087, -22.84441751695408], [-43.40675778684164, -22.84626590704522], [-43.41374787716205, -22.83783938268061], [-43.42656688825053, -22.84670926022341], [-43.42862152256447, -22.84666200174922], [-43.43201751279724, -22.84374589785415], [-43.43380645320451, -22.84382844572542], [-43.43511677172091, -22.84194350898497], [-43.43023099336494, -22.83763158263065], [-43.42565849834028, -22.83591990298038], [-43.42450802892165, -22.83261564359628], [-43.42184976605313, -22.83248880681219], [-43.41503722258904, -22.82137301095491], [-43.41070603635376, -22.82018244256489], [-43.40762931893721, -22.82114568842201], [-43.39020893109654, -22.81366666188615], [-43.38776384442514, -22.81480036074726], [-43.38478649040349, -22.81398756697189], [-43.37964638916878, -22.81061653562386], [-43.37675551755234, -22.81077920409621], [-43.37579985657737, -22.80859577337549], [-43.37007418337612, -22.80529687215216], [-43.36541079926826, -22.80407471057867], [-43.36156002007812, -22.80446297218765], [-43.35745970330191, -22.80260543599132], [-43.34833694629231, -22.80374127613823], [-43.32770847256722, -22.80220990516221], [-43.32784963015558, -22.80406823815787], [-43.3313087653865, -22.80876563912216], [-43.33076324562654, -22.81271649397024]]]}}, {"type": "Feature", "id": "43", "properties": {"id": "43", "unidade": "43", "camada": "AISP", "label": "AISP 43"}, "geometry": {"type": "MultiPolygon", "coordinates": [[[[-44.71850944215629, -23.35682750008829], [-44.71770583315697, -23.35767128989733], [-44.71886684442859, -23.35907239317561], [-44.72068413056746, -23.35879276337454], [-44.71850944215629, -23.35682750008829]]], [[[-44.67298892939482, -23.35587080129568], [-44.67143481276565, -23.35567351521979], [-44.67234684942684, -23.3574712312116], [-44.67335017267158, -23.35727989864762], [-44.67298892939482, -23.35587080129568]]], [[[-44.67126794715733, -23.23938156270816], [-44.668512114142, -23.23929111788999], [-44.66824146227293, -23.23968767664417], [-44.67062899683003, -23.24081316739301], [-44.67126794715733, -23.23938156270816]]], [[[-44.63968112278485, -23.22950533030598], [-44.64904134128415, -23.23145357572116], [-44.64963153756469, -23.23071800313255], [-44.64923408398505, -23.22912886330562], [-44.64674051935873, -23.22727399359917], [-44.64004612702644, -23.22780994816981], [-44.63690216640111, -23.22433303963732], [-44.63398608678773, -23.2258421541913], [-44.63968112278485, -23.22950533030598]]], [[[-44.69276382059314, -23.21847030166231], [-44.69309959327086, -23.21520704776628], [-44.68979343811594, -23.21488799798198], [-44.69074201423183, -23.21826320668089], [-44.69276382059314, -23.21847030166231]]], [[[-44.71048368627237, -23.20527157522224], [-44.70901383701823, -23.20487243721243], [-44.7090441720502, -23.20542003980222], [-44.71048368627237, -23.20527157522224]]], [[[-44.65681655413994, -23.18441744900531], [-44.65698549718223, -23.18813862419739], [-44.65906996380704, -23.18854832114732], [-44.65993186686143, -23.18631834241677], [-44.65887949639091, -23.1840018408115], [-44.66001326899647, -23.1831996842173], [-44.6590412475548, -23.1818461451827], [-44.65801655012297, -23.18180383837569], [-44.65681655413994, -23.18441744900531]]], [[[-44.68352710778908, -23.17730464439308], [-44.68223811039974, -23.17843824792601], [-44.68423332470746, -23.17971833123522], [-44.6847708998564, -23.17877543703599], [-44.68352710778908, -23.17730464439308]]], [[[-44.66623380134814, -23.16154589972274], [-44.66395508565796, -23.15902153061836], [-44.66201730025745, -23.15972469613706], [-44.66484770415747, -23.16388926407751], [-44.66623380134814, -23.16154589972274]]], [[[-44.68231592963571, -23.15785285982088], [-44.68496094638982, -23.15865194343166], [-44.68551571118041, -23.16064482220003], [-44.68804283221021, -23.16286858211862], [-44.68953700272976, -23.16866460298826], [-44.69268756078156, -23.16965517114846], [-44.69134758622141, -23.16641734288527], [-44.69540488122954, -23.16127804204723], [-44.6946517331902, -23.15649888191712], [-44.69075959058193, -23.15602964625037], [-44.68778996803189, -23.15274303965879], [-44.68485209694597, -23.15151441106048], [-44.68231592963571, -23.15785285982088]]], [[[-44.634257920366, -22.91433934738222], [-44.62998891955226, -22.91735667986609], [-44.62956015697495, -22.92132409393099], [-44.62713954625235, -22.92410291181915], [-44.62509633872435, -22.93110878164418], [-44.62242786855057, -22.93503507600718], [-44.62260618972317, -22.93668501719901], [-44.62021544638503, -22.93960532092802], [-44.61373315555994, -22.93876233331423], [-44.61339596105404, -22.93741355169328], [-44.6121518272443, -22.9372682086601], [-44.60772177943585, -22.94269240213185], [-44.60229177184709, -22.94527950434485], [-44.59688501982708, -22.94570971932734], [-44.59448395676844, -22.94765731183469], [-44.59034459412698, -22.94677362809966], [-44.58671683781108, -22.94732011732879], [-44.58482738107807, -22.9456515817543], [-44.58143217325545, -22.94774451819421], [-44.57697886987819, -22.94640154979089], [-44.57568835263464, -22.94974947935424], [-44.57420699925291, -22.95067120980769], [-44.57081634379853, -22.95124399971007], [-44.56503796762735, -22.95496165585496], [-44.56162536511778, -22.95442397368669], [-44.5617175384329, -22.95921697708104], [-44.55776067701288, -22.96131062398536], [-44.55737223284154, -22.96315408669096], [-44.56051695878989, -22.97179378095746], [-44.55496747986456, -22.97222733512262], [-44.55527430156701, -22.97490869258132], [-44.55436717520422, -22.97572243783947], [-44.55204599892301, -22.97289433890182], [-44.55039182732025, -22.97282763798432], [-44.54853755476364, -22.97624270193836], [-44.54927125856102, -22.97800359518897], [-44.54712350484516, -22.97911082160635], [-44.54566943509565, -22.97861723859393], [-44.54442880594394, -22.98149869880513], [-44.54558939543352, -22.98352639302783], [-44.54339811363133, -22.98486237459815], [-44.54361042917725, -22.98794095271205], [-44.54591051635651, -22.99228163219078], [-44.54476637097054, -22.99329602878794], [-44.54147547641139, -22.99317807640631], [-44.5438109501145, -22.9963981979177], [-44.54052086494522, -22.99598004284394], [-44.54131988560351, -22.99863406091242], [-44.54449964374282, -22.99829748514003], [-44.54139074408687, -23.00044094279451], [-44.5427813342904, -23.00212382435421], [-44.54509308028071, -23.00044094279451], [-44.5429319077806, -23.00369155941718], [-44.54590794879209, -23.00323983804731], [-44.54419849676248, -23.0054807273529], [-44.54469450344783, -23.00641959618662], [-44.54585480515442, -23.00629559406565], [-44.54730739641849, -23.00357641471896], [-44.54812226403055, -23.00391299139068], [-44.54797169143967, -23.00643731013298], [-44.54623566714162, -23.00702189014731], [-44.54658995775964, -23.0085630538411], [-44.54437564162185, -23.00767732774568], [-44.54333048461342, -23.00835048018973], [-44.54366706038581, -23.00953735326544], [-44.54676710261896, -23.01084822756286], [-44.54472993223987, -23.0137002673527], [-44.54775911688898, -23.01478085315307], [-44.5445527873805, -23.0161271571418], [-44.54609395107423, -23.02043178729639], [-44.54407449464151, -23.02096322277373], [-44.54462364496453, -23.02255753010513], [-44.5383881317062, -23.0230181079985], [-44.53596124191705, -23.02507299412258], [-44.53305605938891, -23.02092779398174], [-44.52984972988043, -23.02020149790002], [-44.52788341708532, -23.02459470138359], [-44.52171876141097, -23.02587014688902], [-44.52102789502061, -23.02760617118707], [-44.52552738488021, -23.02664958570904], [-44.53078859961346, -23.02732273815309], [-44.54566880197291, -23.03389482718376], [-44.55181574280158, -23.03791602520363], [-44.55482721260506, -23.03653429242286], [-44.5577323951332, -23.03757944943129], [-44.56093872464169, -23.04002405406607], [-44.56246217438911, -23.04271666204352], [-44.56689080576535, -23.0437086763136], [-44.56967641533356, -23.04736229713154], [-44.57650536512978, -23.04842516808628], [-44.5777226406866, -23.05375489317299], [-44.58558405985576, -23.0566889952002], [-44.58364757757289, -23.05816671532091], [-44.58809066555102, -23.05935503090916], [-44.59019869441352, -23.05829215995442], [-44.59704136696479, -23.06419875696628], [-44.60018024731983, -23.06296868585537], [-44.60006568628165, -23.06197678220195], [-44.59852452258792, -23.05940817544615], [-44.59500964377929, -23.05820741773738], [-44.59317473542495, -23.05494411527792], [-44.59039355411852, -23.05304866006685], [-44.58945468438543, -23.05044462541838], [-44.59058841382353, -23.04874402991226], [-44.59694792920283, -23.04505940766478], [-44.59925081777027, -23.04732686833955], [-44.6044943176579, -23.04782287412559], [-44.60817893900611, -23.04993090298802], [-44.60911780963846, -23.04833659565656], [-44.61168641639426, -23.04784058897121], [-44.61219721692731, -23.05013038610764], [-44.61382157240689, -23.05150356993306], [-44.61342243979306, -23.0462108519485], [-44.61725029526417, -23.04406725310048], [-44.63827592039667, -23.05260579611985], [-44.63715990580425, -23.04948803994034], [-44.63797477341632, -23.04835430960293], [-44.64096852927349, -23.04746858440689], [-44.64341313390827, -23.04835430960293], [-44.64493658275637, -23.04668914468749], [-44.6480543398352, -23.04886803113396], [-44.6472749001158, -23.05339409416132], [-44.65056980295333, -23.05640556216616], [-44.65488328963136, -23.05496182922428], [-44.6567396468165, -23.0524204611346], [-44.66059622483516, -23.05480239831127], [-44.66116309000387, -23.05653842171], [-44.66377598207521, -23.05360666691337], [-44.66836404526373, -23.054328533834], [-44.67779703060773, -23.06312822558635], [-44.67854104063576, -23.06559054506681], [-44.67546618211787, -23.06694872190519], [-44.67756674211074, -23.068974020334], [-44.67611415084667, -23.07051518312841], [-44.67983420098687, -23.07237520864817], [-44.68171194135226, -23.07262321199084], [-44.68112736133793, -23.07175519984185], [-44.68256223865563, -23.07115290588115], [-44.68438683358477, -23.07168434315713], [-44.68761087883826, -23.07795528520745], [-44.68474112510211, -23.07937244678021], [-44.69053377531276, -23.08287992416837], [-44.6896480492174, -23.08737941312864], [-44.6874691618716, -23.08822971133134], [-44.68739830428757, -23.09074517265083], [-44.68879775191397, -23.09141832509488], [-44.69032120076207, -23.09010744989814], [-44.69334973789938, -23.0943123110635], [-44.69560013034101, -23.10190532487007], [-44.6941652530233, -23.1071488247577], [-44.69836359590249, -23.1149077877634], [-44.69885960438648, -23.12116101586741], [-44.69730519637699, -23.12410164427467], [-44.69288980841719, -23.12270217956114], [-44.68817774310764, -23.12558964814298], [-44.68930491379001, -23.12915769037431], [-44.69920743877157, -23.13585436518605], [-44.69778973670628, -23.1367549031155], [-44.69881797476899, -23.13952523320216], [-44.69831505319644, -23.14339982374207], [-44.69628185242482, -23.14564043066059], [-44.69322415836751, -23.14670899072655], [-44.69570460278447, -23.14853437166317], [-44.69574672972709, -23.15179289692389], [-44.69738369190316, -23.15149846787921], [-44.69696260414014, -23.15436933317739], [-44.70034542739882, -23.15612396984454], [-44.70398975372342, -23.15561303171529], [-44.70544991727911, -23.15639715420451], [-44.70635967415893, -23.15794772120961], [-44.70590336444798, -23.16312560116478], [-44.70792792992927, -23.16470148408547], [-44.70662195064176, -23.16573562799607], [-44.70724098458305, -23.16710503197089], [-44.70412767555104, -23.16979448872388], [-44.69891867455647, -23.1691741066989], [-44.6982092650448, -23.17045062689414], [-44.69962734932199, -23.17216294776108], [-44.69849029059372, -23.17463225137652], [-44.7018767120399, -23.17569554321398], [-44.70326490824817, -23.17726205160164], [-44.70754671181055, -23.17437966239072], [-44.71143406732762, -23.17828529303108], [-44.71218341663064, -23.18312520776135], [-44.71592851288983, -23.18261111301166], [-44.71681597557608, -23.18348616325505], [-44.7173448030195, -23.18532366795216], [-44.71498990306083, -23.18779897903886], [-44.71157308542882, -23.18515743816448], [-44.70854483157797, -23.18506010813672], [-44.7068221019577, -23.18618617085434], [-44.71018153115199, -23.19002974017957], [-44.7150171911897, -23.19035883269322], [-44.71422556205931, -23.19443138829718], [-44.71704351844289, -23.19514812098822], [-44.71913028733218, -23.19413627396909], [-44.72162103708047, -23.1993992037095], [-44.72159766370049, -23.20211094116621], [-44.71537873843732, -23.20954592520349], [-44.71429485842026, -23.20860833520572], [-44.71410337297158, -23.2119168906512], [-44.71090345293129, -23.21160539427274], [-44.71159623667626, -23.21499249021048], [-44.70879895840449, -23.21638760670191], [-44.70968297039207, -23.21731355137854], [-44.70821445842978, -23.22027443341761], [-44.71181589698534, -23.220839490949], [-44.71273783068563, -23.22209246689306], [-44.70968136600152, -23.2244915883154], [-44.70946198088501, -23.22599365578179], [-44.71270930598894, -23.23187377765197], [-44.71259810122069, -23.23376159042431], [-44.70840223867162, -23.23465151005837], [-44.69660224759491, -23.2331656762542], [-44.69512846380684, -23.23239924702688], [-44.69365637074418, -23.22753481857626], [-44.69021121457519, -23.22233998640047], [-44.68437872169994, -23.22385810856406], [-44.68181749208287, -23.22130002117825], [-44.6761788552692, -23.21890305543087], [-44.67343297505101, -23.21507068356442], [-44.67751315600663, -23.2135484766801], [-44.67759469573787, -23.21267730431339], [-44.67235202322655, -23.21022303196656], [-44.67148678638534, -23.21112959085718], [-44.66907614644629, -23.20611976091743], [-44.66687429940868, -23.20555111419179], [-44.66639737094118, -23.20967552830223], [-44.66376595103708, -23.20647794020402], [-44.66092797844271, -23.20840656780808], [-44.65898587809505, -23.20760971721393], [-44.65729458607558, -23.2034321675597], [-44.65795720476046, -23.20025016561186], [-44.65304044835727, -23.18912440526634], [-44.64695744842675, -23.18790861269156], [-44.64318320244212, -23.18578978926661], [-44.64404067723473, -23.1897500249429], [-44.64551638107542, -23.19145625739958], [-44.64413226329259, -23.19619894462483], [-44.63151607540584, -23.19582169881159], [-44.626573288126, -23.19681858021255], [-44.62671271541876, -23.20246224603505], [-44.62104404034943, -23.20499153712899], [-44.6174308809297, -23.20374043896931], [-44.6161569040172, -23.20445517516544], [-44.61609642101229, -23.20670341103283], [-44.62276717286602, -23.20789439221164], [-44.62701727442692, -23.21329753255429], [-44.62631982230124, -23.21527830734726], [-44.62457104381787, -23.21453183497545], [-44.62395549385025, -23.21576591166672], [-44.62448730434488, -23.22155978675397], [-44.62560095641828, -23.22329049336082], [-44.62835078915685, -23.22446288285499], [-44.63321907210178, -23.22273175716407], [-44.63384514593599, -23.2214311504265], [-44.63265152434764, -23.21962508333019], [-44.63429714519634, -23.21766439129783], [-44.63824604491833, -23.21744718703729], [-44.64100762460146, -23.2192740617478], [-44.64029132268564, -23.21609419029386], [-44.63673388705854, -23.21113467112741], [-44.65137900663512, -23.22217717493589], [-44.65271207979794, -23.22158283368003], [-44.65308731023043, -23.21771652499683], [-44.65615646884521, -23.21826038280966], [-44.65784322558369, -23.21540079680858], [-44.66290815338783, -23.21465091960346], [-44.66248936878861, -23.2179564578235], [-44.65995598308143, -23.21973918121745], [-44.65921300727376, -23.22226332009535], [-44.66317746886438, -23.22546786714759], [-44.66409660387444, -23.22827588692189], [-44.65923227884588, -23.22670404735311], [-44.65770516436112, -23.22435771883289], [-44.65523794807211, -23.22562707233072], [-44.65529093342911, -23.2276611859142], [-44.6668213895947, -23.23540786238215], [-44.66987729579984, -23.23533700839545], [-44.67062448403198, -23.23222160214448], [-44.67301777514945, -23.23105681821681], [-44.67455369309772, -23.23467862371876], [-44.67865788685128, -23.23870631664244], [-44.67746157988728, -23.24051949917475], [-44.67310112611534, -23.23949021070388], [-44.67260079459027, -23.24053718164487], [-44.67742382185116, -23.24287406188768], [-44.68046133062518, -23.24231342722214], [-44.68219707343547, -23.24037530817316], [-44.68421576724313, -23.24310565170367], [-44.67882109671552, -23.2459268033785], [-44.68476363243497, -23.25023842216467], [-44.68963763686673, -23.25250670841712], [-44.69253273439745, -23.25241719529657], [-44.69049995990451, -23.25368771611443], [-44.68510106256326, -23.25186933819862], [-44.68060511243527, -23.25278948134871], [-44.67900855859739, -23.25183184636182], [-44.67900855859739, -23.25063209139711], [-44.67714048324598, -23.25127420733804], [-44.67467819344313, -23.25036964404308], [-44.67360966125614, -23.24915114360959], [-44.6740783159608, -23.24669539637466], [-44.67157532823808, -23.24728321664634], [-44.6709102130352, -23.2451468150727], [-44.66939836724015, -23.244802033886], [-44.66759214096379, -23.24549564140995], [-44.67021660461188, -23.24813885142606], [-44.66995415815717, -23.24939484369628], [-44.6676296336999, -23.24783891223524], [-44.66397413060093, -23.24791389590882], [-44.65870259884514, -23.23970088768505], [-44.65529149910265, -23.23979442617104], [-44.65126392668816, -23.23570281932888], [-44.64724345442113, -23.2352038134045], [-44.64542947419017, -23.23631280609038], [-44.64326217820621, -23.23496916769216], [-44.63823514243717, -23.23433187841266], [-44.63698200371579, -23.23769622599923], [-44.63207017289943, -23.24066300129567], [-44.62693167335732, -23.23704755040336], [-44.62340823839878, -23.23745675272619], [-44.61754890705566, -23.2336124279704], [-44.61421043656168, -23.2337460906088], [-44.61359440365806, -23.23539964167935], [-44.61824030314676, -23.23962149643415], [-44.61987784268757, -23.24292024926933], [-44.62663176114614, -23.24650793359348], [-44.62602251003011, -23.24944170916677], [-44.63432706294287, -23.25868357058954], [-44.63370843999178, -23.26179543531032], [-44.63566741431896, -23.26326700856481], [-44.63606108355145, -23.26772859829538], [-44.64053204511708, -23.27084983485122], [-44.6402414795599, -23.27322122477892], [-44.64187239739249, -23.27737350168496], [-44.64510611125729, -23.27915438776404], [-44.64928650636642, -23.28371908116986], [-44.64971766833497, -23.28729022516296], [-44.65414176443016, -23.28828377187779], [-44.65730986735576, -23.29229545327178], [-44.65582891956825, -23.29492928875487], [-44.65386994524107, -23.2935608191757], [-44.64968017739756, -23.29530421341792], [-44.64979265290788, -23.29820986898949], [-44.6466151772479, -23.29725381411146], [-44.64795552862404, -23.30185599935413], [-44.64018137966622, -23.30133469923624], [-44.63883551724462, -23.30227778768898], [-44.63752328497088, -23.30131236007657], [-44.63701713842948, -23.29890347831213], [-44.64382397569517, -23.29384459844869], [-44.64619462368222, -23.2897562336625], [-44.64186517673579, -23.28661211115923], [-44.64266932083177, -23.28900958142628], [-44.63823888811345, -23.29008772286932], [-44.63132686614125, -23.28288235013957], [-44.62669704563143, -23.27052987405369], [-44.62346251698085, -23.26835008288924], [-44.62135304200854, -23.26411104209012], [-44.620981371992, -23.25833509858518], [-44.61420704971482, -23.25349245621112], [-44.60617722979458, -23.25124401799627], [-44.60407247986035, -23.24864395115662], [-44.60133579521005, -23.2480855486084], [-44.59695642240024, -23.24441939573774], [-44.59721295491323, -23.23940686963056], [-44.59903878371216, -23.23768016860413], [-44.5966835294206, -23.23513683729442], [-44.58796575781275, -23.23302512840615], [-44.57453444600714, -23.23430279523706], [-44.57082096001858, -23.23099513191903], [-44.56562477436313, -23.23070434692727], [-44.56303302895037, -23.22820570922534], [-44.56027993616937, -23.2275822704047], [-44.55963006627383, -23.23075236712725], [-44.56101474973019, -23.23233663622602], [-44.56742960938823, -23.23645803940622], [-44.5761801208152, -23.24520875767723], [-44.57743155891859, -23.24869052075019], [-44.57462548977378, -23.2490427186458], [-44.57532238342054, -23.25400517859532], [-44.58084118287354, -23.25847487571417], [-44.58134186693286, -23.26232539500023], [-44.58466326739517, -23.26476535463661], [-44.58267781432892, -23.26917500042515], [-44.57981423533795, -23.27157416141762], [-44.57570908290711, -23.26952315586817], [-44.57209979057217, -23.27254606504812], [-44.56653849275648, -23.27176084088933], [-44.56520294016281, -23.27332647693459], [-44.56251062806228, -23.27277263844576], [-44.55943704388375, -23.27416496883745], [-44.55134001942565, -23.27174059625077], [-44.55157258590538, -23.27342724057394], [-44.54926105035645, -23.27507854693664], [-44.54362336142827, -23.27268409119711], [-44.53961870733673, -23.2673732959401], [-44.53715060521552, -23.26785399526489], [-44.53520541839464, -23.2693113574324], [-44.53564665097144, -23.27067856076621], [-44.52945793213712, -23.27219736281728], [-44.52606897460277, -23.27451739336226], [-44.52559570277873, -23.27771734128152], [-44.52257307598592, -23.27807247816156], [-44.52195441436402, -23.28027529017174], [-44.51876525920864, -23.28104078770144], [-44.52034537343951, -23.28512469185029], [-44.51751383729305, -23.28513332174464], [-44.5152865960988, -23.28669151769861], [-44.51254676202274, -23.29253929185404], [-44.5093734259421, -23.29321511618389], [-44.50543291509621, -23.29188066705836], [-44.50285063055145, -23.29442540400839], [-44.50282453132633, -23.29684155679166], [-44.50632890065754, -23.30041028160844], [-44.50981826839762, -23.30191901125261], [-44.51042869582693, -23.29640180629752], [-44.51320436518859, -23.29689003294789], [-44.51379598239794, -23.29301569781541], [-44.52407001821604, -23.29153730590116], [-44.52550689472668, -23.28856404469411], [-44.5291754730689, -23.28860442065672], [-44.53007093972138, -23.2913056639245], [-44.53567988002169, -23.29328577142041], [-44.53993112192302, -23.29960629309517], [-44.5408770954009, -23.30599602209799], [-44.54226109986911, -23.30609656270542], [-44.54278583629656, -23.3032457217119], [-44.543760638442, -23.30325919355619], [-44.54903564697679, -23.30574059934838], [-44.55003864736494, -23.30801086141133], [-44.55145587458821, -23.30847023421319], [-44.55278803943577, -23.30546351912534], [-44.55620539576165, -23.30548840966162], [-44.55958301914029, -23.31184792144364], [-44.56239912561841, -23.3128611516201], [-44.56221141102708, -23.31456126688818], [-44.56060455185786, -23.31515339761046], [-44.56002705670255, -23.3167130774458], [-44.56362742866219, -23.31902815722293], [-44.56589796232038, -23.32415430727468], [-44.56232012377399, -23.32747456020201], [-44.5618479734045, -23.33095042731958], [-44.56874084611241, -23.339540540163], [-44.57314770220398, -23.3471325800038], [-44.58548847721073, -23.35992707017738], [-44.59145386560266, -23.36271470322021], [-44.59642729458324, -23.35920935003071], [-44.59945567793648, -23.35989940523257], [-44.60376495758601, -23.36380397557224], [-44.60529047937138, -23.36785169729723], [-44.60753953542047, -23.36682232518939], [-44.60837328879552, -23.36433015541155], [-44.60870829255293, -23.35713018670799], [-44.60701432325169, -23.34965672697558], [-44.60829070585066, -23.34879494173242], [-44.61156792441943, -23.34998082285591], [-44.61317763084224, -23.34856440682114], [-44.61813382341649, -23.35199971181646], [-44.61670864079042, -23.34796876424627], [-44.619038955083, -23.34495687985537], [-44.61873126643405, -23.34143837587959], [-44.62158953043178, -23.3413361742243], [-44.62124254590606, -23.33999188022034], [-44.62365337470277, -23.33912799865743], [-44.62580302958543, -23.34017269071632], [-44.62923846138517, -23.35029817202224], [-44.63160810033281, -23.35205470625891], [-44.63419374744274, -23.35225424333788], [-44.63458246500801, -23.35043880440651], [-44.63345741132974, -23.35021781220149], [-44.63233235765148, -23.34672210963686], [-44.6287562952661, -23.34302550482244], [-44.62869602540053, -23.33729978665508], [-44.64022782155598, -23.33119235394321], [-44.64347439842402, -23.33378350490403], [-44.64725940659559, -23.33432643101918], [-44.65121718442481, -23.34111693209996], [-44.65365088657842, -23.34243233987979], [-44.65579775805935, -23.34286478428157], [-44.6584295799604, -23.34145846673408], [-44.66007697966813, -23.33902754708288], [-44.66264852990503, -23.3391480886126], [-44.6637133128184, -23.34135801515947], [-44.6629699736846, -23.34413046944485], [-44.65853003063569, -23.34539615370875], [-44.65939391129922, -23.34732481728571], [-44.66345213980367, -23.34597877140243], [-44.67138778541721, -23.3455367851937], [-44.67360322660687, -23.34375845498795], [-44.67251283819621, -23.34089593989495], [-44.67432281464545, -23.34042109515667], [-44.67371825259454, -23.33812348740827], [-44.67524511077249, -23.33619482383131], [-44.67831891708363, -23.3386860142474], [-44.68201552189811, -23.33905768336462], [-44.68368301156102, -23.34254333960268], [-44.68353944828618, -23.34616513521206], [-44.68121191199941, -23.3458783189285], [-44.68097082893985, -23.34718418490144], [-44.68565185504832, -23.35184512015542], [-44.68492860676906, -23.3473449081402], [-44.69023242958224, -23.34758599030044], [-44.69073468565648, -23.34403001697092], [-44.69541571176495, -23.34292505414714], [-44.69915249738909, -23.34348758098628], [-44.70067935466773, -23.34039368382071], [-44.70420519171552, -23.34119729371935], [-44.70388374793589, -23.3427643318077], [-44.70498570162812, -23.34389627429283], [-44.70717854735136, -23.3427643318077], [-44.71732411861245, -23.34589840978299], [-44.72220604697077, -23.35100133124564], [-44.72232658939987, -23.35335188927752], [-44.71919251142452, -23.35405504670229], [-44.72096045176272, -23.35710876305819], [-44.72278866376507, -23.35676723022272], [-44.72586247007621, -23.35383405539659], [-44.729109568551, -23.35506663741461], [-44.73174891058301, -23.35873607281076], [-44.73104575225892, -23.36321619666938], [-44.72694734294481, -23.3670132521591], [-44.72413470964841, -23.36751550913266], [-44.72803221671268, -23.36892182488157], [-44.73249224971681, -23.36590828933532], [-44.73570668841222, -23.36562702636542], [-44.74141231572509, -23.35887670519503], [-44.7563795445796, -23.35019772224632], [-44.75989533709941, -23.34121738367452], [-44.763350857955, -23.34157900916318], [-44.77070388587492, -23.33824402803867], [-44.77710149114017, -23.33848865712503], [-44.77770092435742, -23.33773936627796], [-44.77620861183726, -23.33237767928568], [-44.78156247202975, -23.32588673608325], [-44.77806331786712, -23.31558756781124], [-44.78673589764281, -23.31007751156716], [-44.78795634600783, -23.30577038039797], [-44.78621135187166, -23.30139005610545], [-44.78737272017418, -23.29909674801576], [-44.80531574272663, -23.29003894903752], [-44.80711344163132, -23.28686586386777], [-44.80710113440909, -23.28347538018386], [-44.81880004168784, -23.28972751561156], [-44.8266721358097, -23.29161121758284], [-44.82713729035294, -23.28883231515846], [-44.82371024023467, -23.28068220012267], [-44.82879991558292, -23.27623536287092], [-44.82843427642001, -23.26954697621119], [-44.83447054218107, -23.26739116726776], [-44.83994442319585, -23.26337948587383], [-44.8360077281734, -23.25616221061676], [-44.84208148667057, -23.25571230317945], [-44.84716204469186, -23.25133302120122], [-44.85207319472141, -23.24888869715488], [-44.86941546924777, -23.24982386797637], [-44.87194413441352, -23.24894493625902], [-44.87826221982488, -23.24286518917637], [-44.87843434736652, -23.24039745217988], [-44.88081895642898, -23.236579801316], [-44.88590213687337, -23.23578019969568], [-44.88927188578816, -23.22658478196132], [-44.88888281658797, -23.22449471256016], [-44.88755845425851, -23.22167294395041], [-44.8813515619243, -23.21596239464805], [-44.88343376405624, -23.21099690218449], [-44.88367205921742, -23.2047949902958], [-44.88312524893036, -23.20320164703759], [-44.87768466981095, -23.19960425183399], [-44.87516463094221, -23.19631415407417], [-44.87402234355557, -23.18500550400006], [-44.87273369959985, -23.18288156343266], [-44.87059191018778, -23.18165360303061], [-44.86742206077878, -23.1822961398542], [-44.86463773544239, -23.18063982336838], [-44.85918331036078, -23.18061126629613], [-44.85628831625206, -23.17697748722048], [-44.85218679708231, -23.1764419148617], [-44.84621034343189, -23.17303514715354], [-44.84388245011428, -23.16734219038898], [-44.83371996080683, -23.16684864694673], [-44.82902008940488, -23.16315829421916], [-44.82441035255499, -23.16265788175508], [-44.82235570834854, -23.15912846540556], [-44.82294492526734, -23.15729592496621], [-44.82116094911777, -23.15639758677844], [-44.82448920691064, -23.14368193387338], [-44.82237277658163, -23.14153136707813], [-44.81747426292617, -23.1407633082793], [-44.81605762026226, -23.13955147991607], [-44.81933467425506, -23.13178554536586], [-44.81315606200195, -23.12709184691045], [-44.8149140648315, -23.12103271138977], [-44.81001555117604, -23.11572456643484], [-44.81160287437245, -23.11319850300771], [-44.8159893482291, -23.11186719971073], [-44.81634777572856, -23.10903391438285], [-44.80889759764528, -23.10006468513632], [-44.80970832657727, -23.09855416674066], [-44.81330113973507, -23.09792265110866], [-44.81112497103987, -23.09584889091281], [-44.8126354876369, -23.0909589109242], [-44.81817944022828, -23.09135214938141], [-44.81865602155744, -23.09006156468871], [-44.81686004035782, -23.08403930227121], [-44.81309834441231, -23.0788459162053], [-44.81161752792582, -23.07198924390769], [-44.81411596777696, -23.06700640082397], [-44.8117298172765, -23.06506940862556], [-44.80889451027269, -23.06512555420016], [-44.80737860313928, -23.06302012707641], [-44.81137891440466, -23.05392468517533], [-44.80128690226798, -23.04700484989314], [-44.80319582212877, -23.03996570695102], [-44.80048246499302, -23.03629964041528], [-44.8009242083848, -23.03184764735028], [-44.79786658267591, -23.02980410797244], [-44.79552342876252, -23.02514852908058], [-44.79820940244122, -23.01978944562563], [-44.79349525610047, -23.01365555036261], [-44.7931062624433, -23.01023453019866], [-44.79521613041936, -23.00697179790939], [-44.79902663616957, -23.00558895266727], [-44.8026604458222, -22.99984246285862], [-44.80138515589948, -22.99663887178571], [-44.79649376037798, -22.99563211313074], [-44.79351062101762, -22.99232132197068], [-44.79304264260315, -22.98266199885137], [-44.78977146118325, -22.98152966695977], [-44.78699095706628, -22.98287588371431], [-44.78504082937008, -22.97974309806477], [-44.782109347068, -22.97872399891264], [-44.77565505393687, -22.97832139221771], [-44.77291229256753, -22.98157999212219], [-44.76911269019774, -22.98092575601805], [-44.76466382137755, -22.98345911114831], [-44.7633377962016, -22.98077477873227], [-44.75950044838623, -22.97867367375028], [-44.75532340055378, -22.97995698292766], [-44.75456851232627, -22.97839688220955], [-44.75651864002248, -22.97569186628584], [-44.74925284184445, -22.96967163273888], [-44.74896346788898, -22.96716792016264], [-44.75171880987443, -22.96295312868318], [-44.7481991439746, -22.9568605527715], [-44.74840044732207, -22.95538852086275], [-44.74949503556672, -22.9550739838765], [-44.74878620701713, -22.9535499486704], [-44.74467633314555, -22.95181538397202], [-44.74507893984048, -22.95030560841633], [-44.74296525334302, -22.94600903618732], [-44.73982794590228, -22.94687853311706], [-44.7377502340853, -22.94519753114037], [-44.73299443924122, -22.94457474882483], [-44.72532603436827, -22.93978750019221], [-44.72305507892804, -22.93680569182845], [-44.7184062269651, -22.93464797002702], [-44.71715122574773, -22.93537455029451], [-44.71353719758287, -22.93015009534986], [-44.70906204877383, -22.92991127228663], [-44.70782700531134, -22.93175986202726], [-44.70685014821504, -22.93108112389399], [-44.70346678626242, -22.93597167765], [-44.70063452436307, -22.93440131476808], [-44.69995029496943, -22.93269074218324], [-44.69643380457569, -22.93215793973638], [-44.68808844942168, -22.93700923808512], [-44.68650686839652, -22.93156064061031], [-44.68250244363213, -22.92979959087762], [-44.68058435788106, -22.9263784439093], [-44.67857653687696, -22.92587368412245], [-44.67369158769588, -22.91811160586514], [-44.67143699542027, -22.91969318509166], [-44.67261476735689, -22.92048958422617], [-44.67160524868257, -22.92220576588261], [-44.6690814506477, -22.92240766907787], [-44.66852060733942, -22.92400046644758], [-44.66609776180155, -22.92467347859741], [-44.66417967605048, -22.92673738402226], [-44.65923303337706, -22.9282292279957], [-44.65597453059939, -22.92355179108154], [-44.65332173920615, -22.92311994113163], [-44.64955847844033, -22.92006895062082], [-44.64640653543256, -22.91954175814487], [-44.6466589148763, -22.9180162633391], [-44.64489225697133, -22.9185939311642], [-44.64243576060113, -22.91757319614533], [-44.63862482677359, -22.91414363601922], [-44.6354168002444, -22.91538870872114], [-44.634257920366, -22.91433934738222]]], [[[-44.67623881486867, -23.13247925271457], [-44.67532226271152, -23.13201401633302], [-44.6749557512062, -23.13235939466955], [-44.67587794211261, -23.13358548628037], [-44.67623881486867, -23.13247925271457]]], [[[-44.68779406894038, -23.1300773991519], [-44.6853434190628, -23.12837082855015], [-44.68412111629573, -23.12851254461748], [-44.68598130908941, -23.13124194116187], [-44.68751400386748, -23.13113472308822], [-44.68779406894038, -23.1300773991519]]], [[[-44.68001408428182, -23.12631985897355], [-44.67806390892156, -23.12480996111003], [-44.67773706291439, -23.12628503812323], [-44.67882136381417, -23.12743111974959], [-44.68001408428182, -23.12631985897355]]], [[[-44.67370546693303, -23.11225240092676], [-44.67588155468928, -23.11458881262286], [-44.67834721065452, -23.1145809579441], [-44.67745452200785, -23.11138734215137], [-44.67411932144881, -23.11138100103159], [-44.67370546693303, -23.11225240092676]]], [[[-44.67904094858017, -23.11011208820156], [-44.68096283756415, -23.10975026396272], [-44.68104641066259, -23.10869041562938], [-44.67957399474335, -23.10876447839718], [-44.67904094858017, -23.11011208820156]]], [[[-44.68896177836262, -23.10922460123356], [-44.68578580996643, -23.10707149025632], [-44.68900109132659, -23.10986172233982], [-44.68896177836262, -23.10922460123356]]], [[[-44.67379689111289, -23.09861234927973], [-44.66948528941384, -23.09702786884031], [-44.67112595769606, -23.09890345622875], [-44.67332304732003, -23.0993630376733], [-44.67379689111289, -23.09861234927973]]], [[[-44.68498770841529, -23.08866299480059], [-44.68395206893211, -23.08692724209777], [-44.68250909501802, -23.08675940522158], [-44.68498770841529, -23.08866299480059]]], [[[-44.56853823425138, -23.35201952028387], [-44.57139951007861, -23.35311157423899], [-44.56959216144838, -23.34849508707782], [-44.56749024977449, -23.34842341470807], [-44.56853823425138, -23.35201952028387]]], [[[-44.57067929521259, -23.26601262528163], [-44.56768432616997, -23.26501957139533], [-44.5713728361867, -23.26824556278171], [-44.57067929521259, -23.26601262528163]]], [[[-44.55687360193446, -23.22170478534679], [-44.55406775941884, -23.22108172514072], [-44.55709619043608, -23.2246252707389], [-44.55779218655942, -23.22395102112193], [-44.55687360193446, -23.22170478534679]]], [[[-44.58823716061573, -23.20689404932017], [-44.58459990476109, -23.20510051517584], [-44.58656576789514, -23.207757615221], [-44.58634855464135, -23.21012434935847], [-44.59071090238552, -23.21282501256348], [-44.59373270809726, -23.21647412687867], [-44.59998228675238, -23.2175338448103], [-44.60067847173337, -23.22110966887533], [-44.60267719339703, -23.22304402695949], [-44.61579215878038, -23.22478581321394], [-44.62096261393276, -23.22378510789565], [-44.61895600071813, -23.22100052625251], [-44.61315282394293, -23.21763285387232], [-44.60490159902884, -23.21580306086179], [-44.59934411074141, -23.20674284900252], [-44.59403656203699, -23.20260790742822], [-44.59212963957049, -23.20355065144065], [-44.59087696759724, -23.20617905591791], [-44.58823716061573, -23.20689404932017]]], [[[-44.58443158944556, -23.21275712993685], [-44.58484273340468, -23.21135910593722], [-44.58237090809018, -23.21099790133133], [-44.58248275587374, -23.21190805840939], [-44.58443158944556, -23.21275712993685]]], [[[-44.57978707221486, -23.20392964463662], [-44.58246066312836, -23.20255659121295], [-44.58390330159534, -23.20319761177961], [-44.58315278227434, -23.20161446233681], [-44.5842097545758, -23.2010777181614], [-44.58084901776721, -23.19901695766572], [-44.57923187844773, -23.2007201000518], [-44.57978707221486, -23.20392964463662]]], [[[-44.57692870119786, -23.19037653225041], [-44.57643517844002, -23.18598984705301], [-44.57345314704435, -23.18400518539022], [-44.57259189869643, -23.18637122704973], [-44.57320686230611, -23.18944024716887], [-44.57692870119786, -23.19037653225041]]], [[[-44.59648154078974, -23.09004632297865], [-44.59501068159693, -23.08578102557311], [-44.59387714641247, -23.08674206809121], [-44.59412577388463, -23.08821578443013], [-44.59648154078974, -23.09004632297865]]], [[[-44.63942789977705, -23.07338834979174], [-44.64492817139728, -23.07555477703056], [-44.64571066071767, -23.07276366001412], [-44.64268633600489, -23.06830183466116], [-44.64043214572621, -23.07020948737716], [-44.63635056362688, -23.06816199997553], [-44.63942789977705, -23.07338834979174]]], [[[-44.63001219940276, -23.07111005678291], [-44.63259887803508, -23.07232652025192], [-44.63223465890167, -23.070667050743], [-44.63335004486794, -23.06997296028311], [-44.63223362558062, -23.06828813618779], [-44.63123499679693, -23.06831899012855], [-44.63001219940276, -23.07111005678291]]], [[[-44.60462524995461, -23.06876695772814], [-44.60443429780389, -23.06770993956127], [-44.60243943243313, -23.06668884571286], [-44.60251876432881, -23.06924233486507], [-44.60462524995461, -23.06876695772814]]], [[[-44.59609763189945, -23.06544882810016], [-44.59503476004539, -23.06528939808646], [-44.59476904275641, -23.0663522690412], [-44.59652278100083, -23.06716713755259], [-44.59609763189945, -23.06544882810016]]], [[[-44.62751135386515, -23.06283100324742], [-44.62963219716744, -23.0634207066995], [-44.63026901610147, -23.0625634459455], [-44.62903661574649, -23.06101407144149], [-44.62682071500325, -23.06109960416262], [-44.62751135386515, -23.06283100324742]]], [[[-44.55615782342409, -23.0586536109746], [-44.5574280681501, -23.0605982456118], [-44.55718184186776, -23.06327615417041], [-44.55940594892468, -23.06335400128535], [-44.56285071208998, -23.06705520613207], [-44.56457160889192, -23.06705852373113], [-44.56476296663686, -23.06545074815273], [-44.55740712473829, -23.05631142113441], [-44.55420453191289, -23.05582774955025], [-44.55206593329547, -23.05732834572581], [-44.55370986431808, -23.05868683732689], [-44.55615782342409, -23.0586536109746]]], [[[-44.60934560341616, -23.0648848281715], [-44.60798843381843, -23.06026043327159], [-44.60117672042855, -23.0567017349963], [-44.60934560341616, -23.0648848281715]]], [[[-44.62032543257192, -23.05833668089235], [-44.62376237343403, -23.06063285422209], [-44.62484781287554, -23.0596668771239], [-44.62398841892968, -23.05727249512876], [-44.62032543257192, -23.05833668089235]]], [[[-44.56318197017106, -23.05317307677529], [-44.56098197483755, -23.05178181927477], [-44.55990632271789, -23.05263065428051], [-44.56056581086273, -23.05393089229608], [-44.56318197017106, -23.05317307677529]]], [[[-44.54453984973355, -23.047553480408], [-44.54498409863652, -23.04901989065468], [-44.54643158355003, -23.05012526896525], [-44.54598037299507, -23.04820225672802], [-44.54453984973355, -23.047553480408]]]]}}]}